<?xml version="1.0" encoding="utf-8"?>
<COLLADA xmlns="http://www.collada.org/2005/11/COLLADASchema" version="1.4.1">
  <asset>
    <contributor>
      <author/>
      <authoring_tool>FBX COLLADA exporter</authoring_tool>
      <comments/>
    </contributor>
    <created>2025-03-22T17:53:27Z</created>
    <keywords/>
    <modified>2025-03-22T17:53:27Z</modified>
    <revision/>
    <subject/>
    <title/>
    <unit meter="0.025400" name="centimeter"/>
    <up_axis>Y_UP</up_axis>
  </asset>
  <library_materials>
    <material id="MaterialFBXASC032FBXASC03525" name="MaterialFBXASC032FBXASC03525">
      <instance_effect url="#MaterialFBXASC032FBXASC03525-fx"/>
    </material>
    <material id="MaterialFBXASC032FBXASC03527" name="MaterialFBXASC032FBXASC03527">
      <instance_effect url="#MaterialFBXASC032FBXASC03527-fx"/>
    </material>
    <material id="MaterialFBXASC032FBXASC03550" name="MaterialFBXASC032FBXASC03550">
      <instance_effect url="#MaterialFBXASC032FBXASC03550-fx"/>
    </material>
  </library_materials>
  <library_effects>
    <effect id="MaterialFBXASC032FBXASC03525-fx" name="MaterialFBXASC032FBXASC03525">
      <profile_COMMON>
        <technique sid="standard">
          <phong>
            <emission>
              <color sid="emission">0.000000  0.000000 0.000000 1.000000</color>
            </emission>
            <ambient>
              <color sid="ambient">0.792157  0.819608 0.933333 1.000000</color>
            </ambient>
            <diffuse>
              <color sid="diffuse">0.792157  0.819608 0.933333 1.000000</color>
            </diffuse>
            <specular>
              <color sid="specular">0.000000  0.000000 0.000000 1.000000</color>
            </specular>
            <shininess>
              <float sid="shininess">1.000000</float>
            </shininess>
            <transparency>
              <float sid="transparency">0.000000</float>
            </transparency>
          </phong>
        </technique>
      </profile_COMMON>
    </effect>
    <effect id="MaterialFBXASC032FBXASC03527-fx" name="MaterialFBXASC032FBXASC03527">
      <profile_COMMON>
        <technique sid="standard">
          <phong>
            <emission>
              <color sid="emission">0.000000  0.000000 0.000000 1.000000</color>
            </emission>
            <ambient>
              <color sid="ambient">0.294118  0.294118 0.294118 1.000000</color>
            </ambient>
            <diffuse>
              <color sid="diffuse">0.294118  0.294118 0.294118 1.000000</color>
            </diffuse>
            <specular>
              <color sid="specular">0.680784  0.680784 0.680784 1.000000</color>
            </specular>
            <shininess>
              <float sid="shininess">128.000000</float>
            </shininess>
            <transparency>
              <float sid="transparency">0.000000</float>
            </transparency>
          </phong>
        </technique>
      </profile_COMMON>
    </effect>
    <effect id="MaterialFBXASC032FBXASC03550-fx" name="MaterialFBXASC032FBXASC03550">
      <profile_COMMON>
        <technique sid="standard">
          <phong>
            <emission>
              <color sid="emission">0.000000  0.000000 0.000000 1.000000</color>
            </emission>
            <ambient>
              <color sid="ambient">1.000000  1.000000 1.000000 1.000000</color>
            </ambient>
            <diffuse>
              <color sid="diffuse">1.000000  1.000000 1.000000 1.000000</color>
            </diffuse>
            <specular>
              <color sid="specular">1.800000  1.800000 1.800000 1.000000</color>
            </specular>
            <shininess>
              <float sid="shininess">512.000000</float>
            </shininess>
            <transparency>
              <float sid="transparency">0.000000</float>
            </transparency>
          </phong>
        </technique>
      </profile_COMMON>
    </effect>
  </library_effects>
  <library_geometries>
    <geometry id="Boss-Extrude13-lib" name="Boss-Extrude13Mesh">
      <mesh>
        <source id="Boss-Extrude13-POSITION">
          <float_array id="Boss-Extrude13-POSITION-array" count="8160">
1.771654 1.938024 1.488226
1.771654 2.030367 1.477013
1.771654 2.117343 1.444027
1.771654 2.193899 1.391185
1.771654 2.255583 1.321558
1.771654 2.298812 1.239191
1.771654 2.321074 1.148873
1.771654 2.321074 1.055851
1.771654 2.298812 0.965533
1.771654 2.255583 0.883167
1.771654 2.193899 0.813539
1.771654 2.117343 0.760697
1.771654 2.030367 0.727711
1.771654 1.938024 0.716499
1.732283 1.938024 0.716499
1.732283 2.030367 0.727711
1.732283 2.117343 0.760697
1.732283 2.193899 0.813539
1.732283 2.255583 0.883167
1.732283 2.298812 0.965533
1.732283 2.321074 1.055851
1.732283 2.321074 1.148873
1.732283 2.298812 1.239191
1.732283 2.255583 1.321558
1.732283 2.193899 1.391185
1.732283 2.117343 1.444027
1.732283 2.030367 1.477013
1.732283 1.938024 1.488226
-1.354331 1.308103 1.889764
-1.351585 1.330715 1.889764
-1.343508 1.352013 1.889764
-1.330568 1.370760 1.889764
-1.313518 1.385865 1.889764
-1.293349 1.396451 1.889764
-1.271232 1.401902 1.889764
-1.248453 1.401902 1.889764
-1.226337 1.396451 1.889764
-1.206167 1.385865 1.889764
-1.189117 1.370760 1.889764
-1.176177 1.352013 1.889764
-1.168100 1.330715 1.889764
-1.165354 1.308103 1.889764
-1.165354 1.308103 2.173228
-1.168100 1.330715 2.173228
-1.176177 1.352013 2.173228
-1.189117 1.370760 2.173228
-1.206167 1.385865 2.173228
-1.226337 1.396451 2.173228
-1.248453 1.401902 2.173228
-1.271232 1.401902 2.173228
-1.293349 1.396451 2.173228
-1.313518 1.385865 2.173228
-1.330568 1.370760 2.173228
-1.343508 1.352013 2.173228
-1.351585 1.330715 2.173228
-1.354331 1.308103 2.173228
-2.019685 1.308103 2.173228
-2.015910 1.339195 2.173228
-2.004803 1.368480 2.173228
-1.987011 1.394256 2.173228
-1.963567 1.415026 2.173228
-1.935835 1.429581 2.173228
-1.905424 1.437077 2.173228
-1.874104 1.437077 2.173228
-1.843693 1.429581 2.173228
-1.815960 1.415026 2.173228
-1.792516 1.394256 2.173228
-1.774724 1.368480 2.173228
-1.763618 1.339195 2.173228
-1.759843 1.308103 2.173228
-1.759843 1.308103 2.204724
-1.763618 1.339195 2.204724
-1.774724 1.368480 2.204724
-1.792516 1.394256 2.204724
-1.815960 1.415026 2.204724
-1.843693 1.429581 2.204724
-1.874104 1.437077 2.204724
-1.905424 1.437077 2.204724
-1.935835 1.429581 2.204724
-1.963567 1.415026 2.204724
-1.987011 1.394256 2.204724
-2.004803 1.368480 2.204724
-2.015910 1.339195 2.204724
-2.019685 1.308103 2.204724
-1.389764 1.308103 2.173228
-1.385988 1.339195 2.173228
-1.374882 1.368480 2.173228
-1.357090 1.394256 2.173228
-1.333646 1.415026 2.173228
-1.305913 1.429581 2.173228
-1.275503 1.437077 2.173228
-1.244182 1.437077 2.173228
-1.213772 1.429581 2.173228
-1.186039 1.415026 2.173228
-1.162595 1.394256 2.173228
-1.144803 1.368480 2.173228
-1.133697 1.339195 2.173228
-1.129921 1.308103 2.173228
-1.129921 1.308103 2.204724
-1.133697 1.339195 2.204724
-1.144803 1.368480 2.204724
-1.162595 1.394256 2.204724
-1.186039 1.415026 2.204724
-1.213772 1.429581 2.204724
-1.244182 1.437077 2.204724
-1.275503 1.437077 2.204724
-1.305913 1.429581 2.204724
-1.333646 1.415026 2.204724
-1.357090 1.394256 2.204724
-1.374882 1.368480 2.204724
-1.385988 1.339195 2.204724
-1.389764 1.308103 2.204724
0.141654 -0.581661 2.204724
0.137537 -0.547761 2.204724
0.125428 -0.515831 2.204724
0.106029 -0.487727 2.204724
0.080468 -0.465083 2.204724
0.050231 -0.449213 2.204724
0.017074 -0.441040 2.204724
-0.017074 -0.441040 2.204724
-0.050231 -0.449213 2.204724
-0.080468 -0.465083 2.204724
-0.106029 -0.487727 2.204724
-0.125428 -0.515831 2.204724
-0.137537 -0.547761 2.204724
-0.141654 -0.581661 2.204724
-0.141654 -0.581661 1.889764
-0.137537 -0.547761 1.889764
-0.125428 -0.515831 1.889764
-0.106029 -0.487727 1.889764
-0.080468 -0.465083 1.889764
-0.050231 -0.449213 1.889764
-0.017074 -0.441040 1.889764
0.017074 -0.441040 1.889764
0.050231 -0.449213 1.889764
0.080468 -0.465083 1.889764
0.106029 -0.487727 1.889764
0.125428 -0.515831 1.889764
0.137537 -0.547761 1.889764
0.141654 -0.581661 1.889764
0.629921 2.064008 1.917323
0.661013 2.064008 1.921098
0.690299 2.064008 1.932204
0.716075 2.064008 1.949997
0.736844 2.064008 1.973440
0.751400 2.064008 2.001173
0.758895 2.064008 2.031584
0.758895 2.064008 2.062904
0.751400 2.064008 2.093315
0.736844 2.064008 2.121048
0.716075 2.064008 2.144492
0.690299 2.064008 2.162284
0.661013 2.064008 2.173390
0.629921 2.064008 2.177165
0.629921 2.095504 2.177165
0.661013 2.095504 2.173390
0.690299 2.095504 2.162284
0.716075 2.095504 2.144492
0.736844 2.095504 2.121048
0.751400 2.095504 2.093315
0.758895 2.095504 2.062904
0.758895 2.095504 2.031584
0.751400 2.095504 2.001173
0.736844 2.095504 1.973440
0.716075 2.095504 1.949997
0.690299 2.095504 1.932204
0.661013 2.095504 1.921098
0.629921 2.095504 1.917323
-0.000000 2.064008 1.917323
0.031092 2.064008 1.921098
0.060377 2.064008 1.932204
0.086154 2.064008 1.949997
0.106923 2.064008 1.973440
0.121478 2.064008 2.001173
0.128974 2.064008 2.031584
0.128974 2.064008 2.062904
0.121478 2.064008 2.093315
0.106923 2.064008 2.121048
0.086154 2.064008 2.144492
0.060377 2.064008 2.162284
0.031092 2.064008 2.173390
-0.000000 2.064008 2.177165
-0.000000 2.095504 2.177165
0.031092 2.095504 2.173390
0.060377 2.095504 2.162284
0.086154 2.095504 2.144492
0.106923 2.095504 2.121048
0.121478 2.095504 2.093315
0.128974 2.095504 2.062904
0.128974 2.095504 2.031584
0.121478 2.095504 2.001173
0.106923 2.095504 1.973440
0.086154 2.095504 1.949997
0.060377 2.095504 1.932204
0.031092 2.095504 1.921098
-0.000000 2.095504 1.917323
-0.629921 2.064008 1.917323
-0.598829 2.064008 1.921098
-0.569544 2.064008 1.932204
-0.543768 2.064008 1.949997
-0.522998 2.064008 1.973440
-0.508443 2.064008 2.001173
-0.500947 2.064008 2.031584
-0.500947 2.064008 2.062904
-0.508443 2.064008 2.093315
-0.522998 2.064008 2.121048
-0.543768 2.064008 2.144492
-0.569544 2.064008 2.162284
-0.598829 2.064008 2.173390
-0.629921 2.064008 2.177165
-0.629921 2.095504 2.177165
-0.598829 2.095504 2.173390
-0.569544 2.095504 2.162284
-0.543768 2.095504 2.144492
-0.522998 2.095504 2.121048
-0.508443 2.095504 2.093315
-0.500947 2.095504 2.062904
-0.500947 2.095504 2.031584
-0.508443 2.095504 2.001173
-0.522998 2.095504 1.973440
-0.543768 2.095504 1.949997
-0.569544 2.095504 1.932204
-0.598829 2.095504 1.921098
-0.629921 2.095504 1.917323
-1.259843 2.410465 1.637795
-1.237230 2.410465 1.640541
-1.215932 2.410465 1.648618
-1.197185 2.410465 1.661558
-1.182080 2.410465 1.678608
-1.171494 2.410465 1.698777
-1.166043 2.410465 1.720894
-1.166043 2.410465 1.743673
-1.171494 2.410465 1.765789
-1.182080 2.410465 1.785959
-1.197185 2.410465 1.803009
-1.215932 2.410465 1.815949
-1.237230 2.410465 1.824026
-1.259843 2.410465 1.826772
-1.259843 2.693929 1.826772
-1.237230 2.693929 1.824026
-1.215932 2.693929 1.815949
-1.197185 2.693929 1.803009
-1.182080 2.693929 1.785959
-1.171494 2.693929 1.765789
-1.166043 2.693929 1.743673
-1.166043 2.693929 1.720894
-1.171494 2.693929 1.698777
-1.182080 2.693929 1.678608
-1.197185 2.693929 1.661558
-1.215932 2.693929 1.648618
-1.237230 2.693929 1.640541
-1.259843 2.693929 1.637795
1.259843 2.410465 1.637795
1.282455 2.410465 1.640541
1.303753 2.410465 1.648618
1.322500 2.410465 1.661558
1.337605 2.410465 1.678608
1.348191 2.410465 1.698777
1.353642 2.410465 1.720894
1.353642 2.410465 1.743673
1.348191 2.410465 1.765789
1.337605 2.410465 1.785959
1.322500 2.410465 1.803009
1.303753 2.410465 1.815949
1.282455 2.410465 1.824026
1.259843 2.410465 1.826772
1.259843 2.693929 1.826772
1.282455 2.693929 1.824026
1.303753 2.693929 1.815949
1.322500 2.693929 1.803009
1.337605 2.693929 1.785959
1.348191 2.693929 1.765789
1.353642 2.693929 1.743673
1.353642 2.693929 1.720894
1.348191 2.693929 1.698777
1.337605 2.693929 1.678608
1.322500 2.693929 1.661558
1.303753 2.693929 1.648618
1.282455 2.693929 1.640541
1.259843 2.693929 1.637795
0.629921 2.410465 1.637795
0.652534 2.410465 1.640541
0.673832 2.410465 1.648618
0.692578 2.410465 1.661558
0.707684 2.410465 1.678608
0.718269 2.410465 1.698777
0.723721 2.410465 1.720894
0.723721 2.410465 1.743673
0.718269 2.410465 1.765789
0.707684 2.410465 1.785959
0.692578 2.410465 1.803009
0.673832 2.410465 1.815949
0.652534 2.410465 1.824026
0.629921 2.410465 1.826772
0.629921 2.693929 1.826772
0.652534 2.693929 1.824026
0.673832 2.693929 1.815949
0.692578 2.693929 1.803009
0.707684 2.693929 1.785959
0.718269 2.693929 1.765789
0.723721 2.693929 1.743673
0.723721 2.693929 1.720894
0.718269 2.693929 1.698777
0.707684 2.693929 1.678608
0.692578 2.693929 1.661558
0.673832 2.693929 1.648618
0.652534 2.693929 1.640541
0.629921 2.693929 1.637795
-0.629921 2.410465 1.637795
-0.607309 2.410465 1.640541
-0.586010 2.410465 1.648618
-0.567264 2.410465 1.661558
-0.552159 2.410465 1.678608
-0.541573 2.410465 1.698777
-0.536122 2.410465 1.720894
-0.536122 2.410465 1.743673
-0.541573 2.410465 1.765789
-0.552159 2.410465 1.785959
-0.567264 2.410465 1.803009
-0.586010 2.410465 1.815949
-0.607309 2.410465 1.824026
-0.629921 2.410465 1.826772
-0.629921 2.693929 1.826772
-0.607309 2.693929 1.824026
-0.586010 2.693929 1.815949
-0.567264 2.693929 1.803009
-0.552159 2.693929 1.785959
-0.541573 2.693929 1.765789
-0.536122 2.693929 1.743673
-0.536122 2.693929 1.720894
-0.541573 2.693929 1.698777
-0.552159 2.693929 1.678608
-0.567264 2.693929 1.661558
-0.586010 2.693929 1.648618
-0.607309 2.693929 1.640541
-0.629921 2.693929 1.637795
-1.259843 2.693929 1.602362
-1.228750 2.693929 1.606138
-1.199465 2.693929 1.617244
-1.173689 2.693929 1.635036
-1.152919 2.693929 1.658480
-1.138364 2.693929 1.686213
-1.130869 2.693929 1.716623
-1.130869 2.693929 1.747944
-1.138364 2.693929 1.778354
-1.152919 2.693929 1.806087
-1.173689 2.693929 1.829531
-1.199465 2.693929 1.847323
-1.228750 2.693929 1.858429
-1.259843 2.693929 1.862205
-1.259843 2.725425 1.862205
-1.228750 2.725425 1.858429
-1.199465 2.725425 1.847323
-1.173689 2.725425 1.829531
-1.152919 2.725425 1.806087
-1.138364 2.725425 1.778354
-1.130869 2.725425 1.747944
-1.130869 2.725425 1.716623
-1.138364 2.725425 1.686213
-1.152919 2.725425 1.658480
-1.173689 2.725425 1.635036
-1.199465 2.725425 1.617244
-1.228750 2.725425 1.606138
-1.259843 2.725425 1.602362
-0.629921 2.693929 1.602362
-0.598829 2.693929 1.606138
-0.569544 2.693929 1.617244
-0.543768 2.693929 1.635036
-0.522998 2.693929 1.658480
-0.508443 2.693929 1.686213
-0.500947 2.693929 1.716623
-0.500947 2.693929 1.747944
-0.508443 2.693929 1.778354
-0.522998 2.693929 1.806087
-0.543768 2.693929 1.829531
-0.569544 2.693929 1.847323
-0.598829 2.693929 1.858429
-0.629921 2.693929 1.862205
-0.629921 2.725425 1.862205
-0.598829 2.725425 1.858429
-0.569544 2.725425 1.847323
-0.543768 2.725425 1.829531
-0.522998 2.725425 1.806087
-0.508443 2.725425 1.778354
-0.500947 2.725425 1.747944
-0.500947 2.725425 1.716623
-0.508443 2.725425 1.686213
-0.522998 2.725425 1.658480
-0.543768 2.725425 1.635036
-0.569544 2.725425 1.617244
-0.598829 2.725425 1.606138
-0.629921 2.725425 1.602362
0.629921 2.693929 1.602362
0.661013 2.693929 1.606138
0.690299 2.693929 1.617244
0.716075 2.693929 1.635036
0.736844 2.693929 1.658480
0.751400 2.693929 1.686213
0.758895 2.693929 1.716623
0.758895 2.693929 1.747944
0.751400 2.693929 1.778354
0.736844 2.693929 1.806087
0.716075 2.693929 1.829531
0.690299 2.693929 1.847323
0.661013 2.693929 1.858429
0.629921 2.693929 1.862205
0.629921 2.725425 1.862205
0.661013 2.725425 1.858429
0.690299 2.725425 1.847323
0.716075 2.725425 1.829531
0.736844 2.725425 1.806087
0.751400 2.725425 1.778354
0.758895 2.725425 1.747944
0.758895 2.725425 1.716623
0.751400 2.725425 1.686213
0.736844 2.725425 1.658480
0.716075 2.725425 1.635036
0.690299 2.725425 1.617244
0.661013 2.725425 1.606138
0.629921 2.725425 1.602362
1.259843 2.693929 1.602362
1.290935 2.693929 1.606138
1.320220 2.693929 1.617244
1.345996 2.693929 1.635036
1.366766 2.693929 1.658480
1.381321 2.693929 1.686213
1.388816 2.693929 1.716623
1.388816 2.693929 1.747944
1.381321 2.693929 1.778354
1.366766 2.693929 1.806087
1.345996 2.693929 1.829531
1.320220 2.693929 1.847323
1.290935 2.693929 1.858429
1.259843 2.693929 1.862205
1.259843 2.725425 1.862205
1.290935 2.725425 1.858429
1.320220 2.725425 1.847323
1.345996 2.725425 1.829531
1.366766 2.725425 1.806087
1.381321 2.725425 1.778354
1.388816 2.725425 1.747944
1.388816 2.725425 1.716623
1.381321 2.725425 1.686213
1.366766 2.725425 1.658480
1.345996 2.725425 1.635036
1.320220 2.725425 1.617244
1.290935 2.725425 1.606138
1.259843 2.725425 1.602362
-1.417323 3.040386 1.732283
-1.421271 3.040386 1.767326
-1.432918 3.040386 1.800612
-1.451680 3.040386 1.830471
-1.476616 3.040386 1.855407
-1.506475 3.040386 1.874168
-1.539760 3.040386 1.885815
-1.574803 3.040386 1.889764
-1.574803 2.725425 1.889764
-1.539760 2.725425 1.885815
-1.506475 2.725425 1.874168
-1.476616 2.725425 1.855407
-1.451680 2.725425 1.830471
-1.432918 2.725425 1.800612
-1.421271 2.725425 1.767326
-1.417323 2.725425 1.732283
-0.629921 1.780544 1.952756
-0.607309 1.780544 1.955502
-0.586010 1.780544 1.963579
-0.567264 1.780544 1.976519
-0.552159 1.780544 1.993569
-0.541573 1.780544 2.013738
-0.536122 1.780544 2.035855
-0.536122 1.780544 2.058633
-0.541573 1.780544 2.080750
-0.552159 1.780544 2.100919
-0.567264 1.780544 2.117970
-0.586010 1.780544 2.130909
-0.607309 1.780544 2.138987
-0.629921 1.780544 2.141732
-0.629921 2.064008 2.141732
-0.607309 2.064008 2.138987
-0.586010 2.064008 2.130909
-0.567264 2.064008 2.117970
-0.552159 2.064008 2.100919
-0.541573 2.064008 2.080750
-0.536122 2.064008 2.058633
-0.536122 2.064008 2.035855
-0.541573 2.064008 2.013738
-0.552159 2.064008 1.993569
-0.567264 2.064008 1.976519
-0.586010 2.064008 1.963579
-0.607309 2.064008 1.955502
-0.629921 2.064008 1.952756
-0.000000 1.780544 1.952756
0.022613 1.780544 1.955502
0.043911 1.780544 1.963579
0.062657 1.780544 1.976519
0.077762 1.780544 1.993569
0.088348 1.780544 2.013738
0.093799 1.780544 2.035855
0.093799 1.780544 2.058633
0.088348 1.780544 2.080750
0.077762 1.780544 2.100919
0.062657 1.780544 2.117970
0.043911 1.780544 2.130909
0.022613 1.780544 2.138987
-0.000000 1.780544 2.141732
-0.000000 2.064008 2.141732
0.022613 2.064008 2.138987
0.043911 2.064008 2.130909
0.062657 2.064008 2.117970
0.077762 2.064008 2.100919
0.088348 2.064008 2.080750
0.093799 2.064008 2.058633
0.093799 2.064008 2.035855
0.088348 2.064008 2.013738
0.077762 2.064008 1.993569
0.062657 2.064008 1.976519
0.043911 2.064008 1.963579
0.022613 2.064008 1.955502
-0.000000 2.064008 1.952756
0.629921 1.780544 1.952756
0.652534 1.780544 1.955502
0.673832 1.780544 1.963579
0.692578 1.780544 1.976519
0.707684 1.780544 1.993569
0.718269 1.780544 2.013738
0.723721 1.780544 2.035855
0.723721 1.780544 2.058633
0.718269 1.780544 2.080750
0.707684 1.780544 2.100919
0.692578 1.780544 2.117970
0.673832 1.780544 2.130909
0.652534 1.780544 2.138987
0.629921 1.780544 2.141732
0.629921 2.064008 2.141732
0.652534 2.064008 2.138987
0.673832 2.064008 2.130909
0.692578 2.064008 2.117970
0.707684 2.064008 2.100919
0.718269 2.064008 2.080750
0.723721 2.064008 2.058633
0.723721 2.064008 2.035855
0.718269 2.064008 2.013738
0.707684 2.064008 1.993569
0.692578 2.064008 1.976519
0.673832 2.064008 1.963579
0.652534 2.064008 1.955502
0.629921 2.064008 1.952756
-1.984252 1.308103 1.889764
-1.981506 1.330715 1.889764
-1.973429 1.352013 1.889764
-1.960489 1.370760 1.889764
-1.943439 1.385865 1.889764
-1.923270 1.396451 1.889764
-1.901153 1.401902 1.889764
-1.878374 1.401902 1.889764
-1.856258 1.396451 1.889764
-1.836088 1.385865 1.889764
-1.819038 1.370760 1.889764
-1.806099 1.352013 1.889764
-1.798021 1.330715 1.889764
-1.795276 1.308103 1.889764
-1.795276 1.308103 2.173228
-1.798021 1.330715 2.173228
-1.806099 1.352013 2.173228
-1.819038 1.370760 2.173228
-1.836088 1.385865 2.173228
-1.856258 1.396451 2.173228
-1.878374 1.401902 2.173228
-1.901153 1.401902 2.173228
-1.923270 1.396451 2.173228
-1.943439 1.385865 2.173228
-1.960489 1.370760 2.173228
-1.973429 1.352013 2.173228
-1.981506 1.330715 2.173228
-1.984252 1.308103 2.173228
-1.354331 1.308103 0.314961
-1.351585 1.285490 0.314961
-1.343508 1.264192 0.314961
-1.330568 1.245445 0.314961
-1.313518 1.230340 0.314961
-1.293349 1.219755 0.314961
-1.271232 1.214303 0.314961
-1.248453 1.214303 0.314961
-1.226337 1.219755 0.314961
-1.206167 1.230340 0.314961
-1.189117 1.245445 0.314961
-1.176177 1.264192 0.314961
-1.168100 1.285490 0.314961
-1.165354 1.308103 0.314961
-1.165354 1.308103 0.031496
-1.168100 1.285490 0.031496
-1.176177 1.264192 0.031496
-1.189117 1.245445 0.031496
-1.206167 1.230340 0.031496
-1.226337 1.219755 0.031496
-1.248453 1.214303 0.031496
-1.271232 1.214303 0.031496
-1.293349 1.219755 0.031496
-1.313518 1.230340 0.031496
-1.330568 1.245445 0.031496
-1.343508 1.264192 0.031496
-1.351585 1.285490 0.031496
-1.354331 1.308103 0.031496
-2.019685 1.308103 0.031496
-2.015910 1.277010 0.031496
-2.004803 1.247725 0.031496
-1.987011 1.221949 0.031496
-1.963567 1.201180 0.031496
-1.935835 1.186624 0.031496
-1.905424 1.179129 0.031496
-1.874104 1.179129 0.031496
-1.843693 1.186624 0.031496
-1.815960 1.201180 0.031496
-1.792516 1.221949 0.031496
-1.774724 1.247725 0.031496
-1.763618 1.277010 0.031496
-1.759843 1.308103 0.031496
-1.759843 1.308103 0.000000
-1.763618 1.277010 0.000000
-1.774724 1.247725 0.000000
-1.792516 1.221949 0.000000
-1.815960 1.201180 0.000000
-1.843693 1.186624 0.000000
-1.874104 1.179129 0.000000
-1.905424 1.179129 0.000000
-1.935835 1.186624 0.000000
-1.963567 1.201180 0.000000
-1.987011 1.221949 0.000000
-2.004803 1.247725 0.000000
-2.015910 1.277010 0.000000
-2.019685 1.308103 0.000000
-1.389764 1.308103 0.031496
-1.385988 1.277010 0.031496
-1.374882 1.247725 0.031496
-1.357090 1.221949 0.031496
-1.333646 1.201180 0.031496
-1.305913 1.186624 0.031496
-1.275503 1.179129 0.031496
-1.244182 1.179129 0.031496
-1.213772 1.186624 0.031496
-1.186039 1.201180 0.031496
-1.162595 1.221949 0.031496
-1.144803 1.247725 0.031496
-1.133697 1.277010 0.031496
-1.129921 1.308103 0.031496
-1.129921 1.308103 0.000000
-1.133697 1.277010 0.000000
-1.144803 1.247725 0.000000
-1.162595 1.221949 0.000000
-1.186039 1.201180 0.000000
-1.213772 1.186624 0.000000
-1.244182 1.179129 0.000000
-1.275503 1.179129 0.000000
-1.305913 1.186624 0.000000
-1.333646 1.201180 0.000000
-1.357090 1.221949 0.000000
-1.374882 1.247725 0.000000
-1.385988 1.277010 0.000000
-1.389764 1.308103 0.000000
0.141654 -0.581661 0.000000
0.137537 -0.615561 0.000000
0.125428 -0.647491 0.000000
0.106029 -0.675595 0.000000
0.080468 -0.698240 0.000000
0.050231 -0.714110 0.000000
0.017074 -0.722282 0.000000
-0.017074 -0.722282 0.000000
-0.050231 -0.714110 0.000000
-0.080468 -0.698240 0.000000
-0.106029 -0.675595 0.000000
-0.125428 -0.647491 0.000000
-0.137537 -0.615561 0.000000
-0.141654 -0.581661 0.000000
-0.141654 -0.581661 0.314961
-0.137537 -0.615561 0.314961
-0.125428 -0.647491 0.314961
-0.106029 -0.675595 0.314961
-0.080468 -0.698240 0.314961
-0.050231 -0.714110 0.314961
-0.017074 -0.722282 0.314961
0.017074 -0.722282 0.314961
0.050231 -0.714110 0.314961
0.080468 -0.698240 0.314961
0.106029 -0.675595 0.314961
0.125428 -0.647491 0.314961
0.137537 -0.615561 0.314961
0.141654 -0.581661 0.314961
0.629921 2.064008 0.287402
0.598829 2.064008 0.283626
0.569544 2.064008 0.272520
0.543768 2.064008 0.254728
0.522998 2.064008 0.231284
0.508443 2.064008 0.203551
0.500947 2.064008 0.173141
0.500947 2.064008 0.141820
0.508443 2.064008 0.111410
0.522998 2.064008 0.083677
0.543768 2.064008 0.060233
0.569544 2.064008 0.042441
0.598829 2.064008 0.031334
0.629921 2.064008 0.027559
0.629921 2.095504 0.027559
0.598829 2.095504 0.031334
0.569544 2.095504 0.042441
0.543768 2.095504 0.060233
0.522998 2.095504 0.083677
0.508443 2.095504 0.111410
0.500947 2.095504 0.141820
0.500947 2.095504 0.173141
0.508443 2.095504 0.203551
0.522998 2.095504 0.231284
0.543768 2.095504 0.254728
0.569544 2.095504 0.272520
0.598829 2.095504 0.283626
0.629921 2.095504 0.287402
-0.000000 2.064008 0.287402
-0.031092 2.064008 0.283626
-0.060377 2.064008 0.272520
-0.086154 2.064008 0.254728
-0.106923 2.064008 0.231284
-0.121478 2.064008 0.203551
-0.128974 2.064008 0.173141
-0.128974 2.064008 0.141820
-0.121478 2.064008 0.111410
-0.106923 2.064008 0.083677
-0.086154 2.064008 0.060233
-0.060377 2.064008 0.042441
-0.031092 2.064008 0.031334
-0.000000 2.064008 0.027559
-0.000000 2.095504 0.027559
-0.031092 2.095504 0.031334
-0.060377 2.095504 0.042441
-0.086154 2.095504 0.060233
-0.106923 2.095504 0.083677
-0.121478 2.095504 0.111410
-0.128974 2.095504 0.141820
-0.128974 2.095504 0.173141
-0.121478 2.095504 0.203551
-0.106923 2.095504 0.231284
-0.086154 2.095504 0.254728
-0.060377 2.095504 0.272520
-0.031092 2.095504 0.283626
-0.000000 2.095504 0.287402
-0.629921 2.064008 0.287402
-0.661013 2.064008 0.283626
-0.690299 2.064008 0.272520
-0.716075 2.064008 0.254728
-0.736844 2.064008 0.231284
-0.751400 2.064008 0.203551
-0.758895 2.064008 0.173141
-0.758895 2.064008 0.141820
-0.751400 2.064008 0.111410
-0.736844 2.064008 0.083677
-0.716075 2.064008 0.060233
-0.690299 2.064008 0.042441
-0.661013 2.064008 0.031334
-0.629921 2.064008 0.027559
-0.629921 2.095504 0.027559
-0.661013 2.095504 0.031334
-0.690299 2.095504 0.042441
-0.716075 2.095504 0.060233
-0.736844 2.095504 0.083677
-0.751400 2.095504 0.111410
-0.758895 2.095504 0.141820
-0.758895 2.095504 0.173141
-0.751400 2.095504 0.203551
-0.736844 2.095504 0.231284
-0.716075 2.095504 0.254728
-0.690299 2.095504 0.272520
-0.661013 2.095504 0.283626
-0.629921 2.095504 0.287402
-1.259843 2.410465 0.566929
-1.282455 2.410465 0.564183
-1.303753 2.410465 0.556106
-1.322500 2.410465 0.543166
-1.337605 2.410465 0.526116
-1.348191 2.410465 0.505947
-1.353642 2.410465 0.483830
-1.353642 2.410465 0.461052
-1.348191 2.410465 0.438935
-1.337605 2.410465 0.418766
-1.322500 2.410465 0.401716
-1.303753 2.410465 0.388776
-1.282455 2.410465 0.380698
-1.259843 2.410465 0.377953
-1.259843 2.693929 0.377953
-1.282455 2.693929 0.380698
-1.303753 2.693929 0.388776
-1.322500 2.693929 0.401716
-1.337605 2.693929 0.418766
-1.348191 2.693929 0.438935
-1.353642 2.693929 0.461052
-1.353642 2.693929 0.483830
-1.348191 2.693929 0.505947
-1.337605 2.693929 0.526116
-1.322500 2.693929 0.543166
-1.303753 2.693929 0.556106
-1.282455 2.693929 0.564183
-1.259843 2.693929 0.566929
1.259843 2.410465 0.566929
1.237230 2.410465 0.564183
1.215932 2.410465 0.556106
1.197185 2.410465 0.543166
1.182080 2.410465 0.526116
1.171494 2.410465 0.505947
1.166043 2.410465 0.483830
1.166043 2.410465 0.461052
1.171494 2.410465 0.438935
1.182080 2.410465 0.418766
1.197185 2.410465 0.401716
1.215932 2.410465 0.388776
1.237230 2.410465 0.380698
1.259843 2.410465 0.377953
1.259843 2.693929 0.377953
1.237230 2.693929 0.380698
1.215932 2.693929 0.388776
1.197185 2.693929 0.401716
1.182080 2.693929 0.418766
1.171494 2.693929 0.438935
1.166043 2.693929 0.461052
1.166043 2.693929 0.483830
1.171494 2.693929 0.505947
1.182080 2.693929 0.526116
1.197185 2.693929 0.543166
1.215932 2.693929 0.556106
1.237230 2.693929 0.564183
1.259843 2.693929 0.566929
0.629921 2.410465 0.566929
0.607309 2.410465 0.564183
0.586010 2.410465 0.556106
0.567264 2.410465 0.543166
0.552159 2.410465 0.526116
0.541573 2.410465 0.505947
0.536122 2.410465 0.483830
0.536122 2.410465 0.461052
0.541573 2.410465 0.438935
0.552159 2.410465 0.418766
0.567264 2.410465 0.401716
0.586010 2.410465 0.388776
0.607309 2.410465 0.380698
0.629921 2.410465 0.377953
0.629921 2.693929 0.377953
0.607309 2.693929 0.380698
0.586010 2.693929 0.388776
0.567264 2.693929 0.401716
0.552159 2.693929 0.418766
0.541573 2.693929 0.438935
0.536122 2.693929 0.461052
0.536122 2.693929 0.483830
0.541573 2.693929 0.505947
0.552159 2.693929 0.526116
0.567264 2.693929 0.543166
0.586010 2.693929 0.556106
0.607309 2.693929 0.564183
0.629921 2.693929 0.566929
-0.629921 2.410465 0.566929
-0.652534 2.410465 0.564183
-0.673832 2.410465 0.556106
-0.692578 2.410465 0.543166
-0.707684 2.410465 0.526116
-0.718269 2.410465 0.505947
-0.723721 2.410465 0.483830
-0.723721 2.410465 0.461052
-0.718269 2.410465 0.438935
-0.707684 2.410465 0.418766
-0.692578 2.410465 0.401716
-0.673832 2.410465 0.388776
-0.652534 2.410465 0.380698
-0.629921 2.410465 0.377953
-0.629921 2.693929 0.377953
-0.652534 2.693929 0.380698
-0.673832 2.693929 0.388776
-0.692578 2.693929 0.401716
-0.707684 2.693929 0.418766
-0.718269 2.693929 0.438935
-0.723721 2.693929 0.461052
-0.723721 2.693929 0.483830
-0.718269 2.693929 0.505947
-0.707684 2.693929 0.526116
-0.692578 2.693929 0.543166
-0.673832 2.693929 0.556106
-0.652534 2.693929 0.564183
-0.629921 2.693929 0.566929
-1.259843 2.693929 0.602362
-1.290935 2.693929 0.598587
-1.320220 2.693929 0.587480
-1.345996 2.693929 0.569688
-1.366766 2.693929 0.546245
-1.381321 2.693929 0.518512
-1.388816 2.693929 0.488101
-1.388816 2.693929 0.456781
-1.381321 2.693929 0.426370
-1.366766 2.693929 0.398637
-1.345996 2.693929 0.375193
-1.320220 2.693929 0.357401
-1.290935 2.693929 0.346295
-1.259843 2.693929 0.342520
-1.259843 2.725425 0.342520
-1.290935 2.725425 0.346295
-1.320220 2.725425 0.357401
-1.345996 2.725425 0.375193
-1.366766 2.725425 0.398637
-1.381321 2.725425 0.426370
-1.388816 2.725425 0.456781
-1.388816 2.725425 0.488101
-1.381321 2.725425 0.518512
-1.366766 2.725425 0.546245
-1.345996 2.725425 0.569688
-1.320220 2.725425 0.587480
-1.290935 2.725425 0.598587
-1.259843 2.725425 0.602362
-0.629921 2.693929 0.602362
-0.661013 2.693929 0.598587
-0.690299 2.693929 0.587480
-0.716075 2.693929 0.569688
-0.736844 2.693929 0.546245
-0.751400 2.693929 0.518512
-0.758895 2.693929 0.488101
-0.758895 2.693929 0.456781
-0.751400 2.693929 0.426370
-0.736844 2.693929 0.398637
-0.716075 2.693929 0.375193
-0.690299 2.693929 0.357401
-0.661013 2.693929 0.346295
-0.629921 2.693929 0.342520
-0.629921 2.725425 0.342520
-0.661013 2.725425 0.346295
-0.690299 2.725425 0.357401
-0.716075 2.725425 0.375193
-0.736844 2.725425 0.398637
-0.751400 2.725425 0.426370
-0.758895 2.725425 0.456781
-0.758895 2.725425 0.488101
-0.751400 2.725425 0.518512
-0.736844 2.725425 0.546245
-0.716075 2.725425 0.569688
-0.690299 2.725425 0.587480
-0.661013 2.725425 0.598587
-0.629921 2.725425 0.602362
0.629921 2.693929 0.602362
0.598829 2.693929 0.598587
0.569544 2.693929 0.587480
0.543768 2.693929 0.569688
0.522998 2.693929 0.546245
0.508443 2.693929 0.518512
0.500947 2.693929 0.488101
0.500947 2.693929 0.456781
0.508443 2.693929 0.426370
0.522998 2.693929 0.398637
0.543768 2.693929 0.375193
0.569544 2.693929 0.357401
0.598829 2.693929 0.346295
0.629921 2.693929 0.342520
0.629921 2.725425 0.342520
0.598829 2.725425 0.346295
0.569544 2.725425 0.357401
0.543768 2.725425 0.375193
0.522998 2.725425 0.398637
0.508443 2.725425 0.426370
0.500947 2.725425 0.456781
0.500947 2.725425 0.488101
0.508443 2.725425 0.518512
0.522998 2.725425 0.546245
0.543768 2.725425 0.569688
0.569544 2.725425 0.587480
0.598829 2.725425 0.598587
0.629921 2.725425 0.602362
1.259843 2.693929 0.602362
1.228750 2.693929 0.598587
1.199465 2.693929 0.587480
1.173689 2.693929 0.569688
1.152919 2.693929 0.546245
1.138364 2.693929 0.518512
1.130869 2.693929 0.488101
1.130869 2.693929 0.456781
1.138364 2.693929 0.426370
1.152919 2.693929 0.398637
1.173689 2.693929 0.375193
1.199465 2.693929 0.357401
1.228750 2.693929 0.346295
1.259843 2.693929 0.342520
1.259843 2.725425 0.342520
1.228750 2.725425 0.346295
1.199465 2.725425 0.357401
1.173689 2.725425 0.375193
1.152919 2.725425 0.398637
1.138364 2.725425 0.426370
1.130869 2.725425 0.456781
1.130869 2.725425 0.488101
1.138364 2.725425 0.518512
1.152919 2.725425 0.546245
1.173689 2.725425 0.569688
1.199465 2.725425 0.587480
1.228750 2.725425 0.598587
1.259843 2.725425 0.602362
-1.732283 3.040386 0.472441
-1.728335 3.040386 0.437398
-1.716688 3.040386 0.404113
-1.697926 3.040386 0.374254
-1.672991 3.040386 0.349318
-1.643131 3.040386 0.330556
-1.609846 3.040386 0.318909
-1.574803 3.040386 0.314961
-1.574803 2.725425 0.314961
-1.574803 2.410465 0.314961
-1.609846 2.410465 0.318909
-1.643131 2.410465 0.330556
-1.672991 2.410465 0.349318
-1.697926 2.410465 0.374254
-1.716688 2.410465 0.404113
-1.728335 2.410465 0.437398
-1.732283 2.410465 0.472441
-1.732283 2.725425 0.472441
-0.629921 1.780544 0.251969
-0.652534 1.780544 0.249223
-0.673832 1.780544 0.241145
-0.692578 1.780544 0.228206
-0.707684 1.780544 0.211156
-0.718269 1.780544 0.190986
-0.723721 1.780544 0.168870
-0.723721 1.780544 0.146091
-0.718269 1.780544 0.123974
-0.707684 1.780544 0.103805
-0.692578 1.780544 0.086755
-0.673832 1.780544 0.073815
-0.652534 1.780544 0.065738
-0.629921 1.780544 0.062992
-0.629921 2.064008 0.062992
-0.652534 2.064008 0.065738
-0.673832 2.064008 0.073815
-0.692578 2.064008 0.086755
-0.707684 2.064008 0.103805
-0.718269 2.064008 0.123974
-0.723721 2.064008 0.146091
-0.723721 2.064008 0.168870
-0.718269 2.064008 0.190986
-0.707684 2.064008 0.211156
-0.692578 2.064008 0.228206
-0.673832 2.064008 0.241145
-0.652534 2.064008 0.249223
-0.629921 2.064008 0.251969
-0.000000 1.780544 0.251969
-0.022613 1.780544 0.249223
-0.043911 1.780544 0.241145
-0.062657 1.780544 0.228206
-0.077762 1.780544 0.211156
-0.088348 1.780544 0.190986
-0.093799 1.780544 0.168870
-0.093799 1.780544 0.146091
-0.088348 1.780544 0.123974
-0.077762 1.780544 0.103805
-0.062657 1.780544 0.086755
-0.043911 1.780544 0.073815
-0.022613 1.780544 0.065738
-0.000000 1.780544 0.062992
-0.000000 2.064008 0.062992
-0.022613 2.064008 0.065738
-0.043911 2.064008 0.073815
-0.062657 2.064008 0.086755
-0.077762 2.064008 0.103805
-0.088348 2.064008 0.123974
-0.093799 2.064008 0.146091
-0.093799 2.064008 0.168870
-0.088348 2.064008 0.190986
-0.077762 2.064008 0.211156
-0.062657 2.064008 0.228206
-0.043911 2.064008 0.241145
-0.022613 2.064008 0.249223
-0.000000 2.064008 0.251969
0.629921 1.780544 0.251969
0.607309 1.780544 0.249223
0.586010 1.780544 0.241145
0.567264 1.780544 0.228206
0.552159 1.780544 0.211156
0.541573 1.780544 0.190986
0.536122 1.780544 0.168870
0.536122 1.780544 0.146091
0.541573 1.780544 0.123974
0.552159 1.780544 0.103805
0.567264 1.780544 0.086755
0.586010 1.780544 0.073815
0.607309 1.780544 0.065738
0.629921 1.780544 0.062992
0.629921 2.064008 0.062992
0.607309 2.064008 0.065738
0.586010 2.064008 0.073815
0.567264 2.064008 0.086755
0.552159 2.064008 0.103805
0.541573 2.064008 0.123974
0.536122 2.064008 0.146091
0.536122 2.064008 0.168870
0.541573 2.064008 0.190986
0.552159 2.064008 0.211156
0.567264 2.064008 0.228206
0.586010 2.064008 0.241145
0.607309 2.064008 0.249223
0.629921 2.064008 0.251969
-1.984252 1.308103 0.314961
-1.981506 1.285490 0.314961
-1.973429 1.264192 0.314961
-1.960489 1.245445 0.314961
-1.943439 1.230340 0.314961
-1.923270 1.219755 0.314961
-1.901153 1.214303 0.314961
-1.878374 1.214303 0.314961
-1.856258 1.219755 0.314961
-1.836088 1.230340 0.314961
-1.819038 1.245445 0.314961
-1.806099 1.264192 0.314961
-1.798021 1.285490 0.314961
-1.795276 1.308103 0.314961
-1.795276 1.308103 0.031496
-1.798021 1.285490 0.031496
-1.806099 1.264192 0.031496
-1.819038 1.245445 0.031496
-1.836088 1.230340 0.031496
-1.856258 1.219755 0.031496
-1.878374 1.214303 0.031496
-1.901153 1.214303 0.031496
-1.923270 1.219755 0.031496
-1.943439 1.230340 0.031496
-1.960489 1.245445 0.031496
-1.973429 1.264192 0.031496
-1.981506 1.285490 0.031496
-1.984252 1.308103 0.031496
-1.417323 2.725425 0.629921
-1.574803 2.725425 0.629921
-1.574803 2.410465 0.629921
-1.102362 2.410465 0.629921
-1.102362 1.465583 0.629921
-1.574803 1.465583 0.629921
-1.574803 1.150622 0.629921
1.417323 1.150622 0.629921
1.417323 1.465583 0.629921
1.102362 1.465583 0.629921
1.098017 2.410465 0.629921
1.417323 2.410465 0.629921
1.417323 2.725425 0.629921
0.157480 2.725425 0.629921
-0.157480 2.725425 0.629921
0.787402 1.465583 0.629921
-0.787402 1.465583 0.629921
-0.787402 2.410465 0.629921
0.787402 2.410465 0.629921
1.574803 2.725425 1.574803
1.732283 2.725425 1.574803
1.732283 2.725425 1.732283
1.728335 2.725425 1.697241
1.716688 2.725425 1.663955
1.697926 2.725425 1.634096
1.672991 2.725425 1.609160
1.643131 2.725425 1.590399
1.609846 2.725425 1.578752
1.732283 2.725425 0.629921
1.574803 2.725425 0.629921
1.609846 2.725425 0.625973
1.643131 2.725425 0.614326
1.672991 2.725425 0.595564
1.697926 2.725425 0.570628
1.716688 2.725425 0.540769
1.728335 2.725425 0.507484
1.732283 2.725425 0.472441
1.732283 1.150622 1.574803
1.574803 1.150622 1.574803
1.609846 1.150622 1.578752
1.643131 1.150622 1.590399
1.672991 1.150622 1.609160
1.697926 1.150622 1.634096
1.716688 1.150622 1.663955
1.728335 1.150622 1.697241
1.732283 1.150622 1.732283
1.574803 1.150622 0.629921
1.732283 1.150622 0.629921
1.732283 1.150622 0.472441
1.728335 1.150622 0.507484
1.716688 1.150622 0.540769
1.697926 1.150622 0.570628
1.672991 1.150622 0.595564
1.643131 1.150622 0.614326
1.609846 1.150622 0.625973
-1.574803 2.725425 1.574803
-1.417323 2.725425 1.574803
-0.157480 2.725425 1.574803
0.157480 2.725425 1.574803
1.417323 2.725425 1.574803
1.417323 2.410465 1.574803
1.098017 2.410465 1.574803
1.102362 1.465583 1.574803
1.417323 1.465583 1.574803
1.417323 1.150622 1.574803
-1.574803 1.150622 1.574803
-1.574803 1.465583 1.574803
-1.102362 1.465583 1.574803
-1.102362 2.410465 1.574803
-1.574803 2.410465 1.574803
-0.787402 1.465583 1.574803
0.787402 1.465583 1.574803
0.787402 2.410465 1.574803
-0.787402 2.410465 1.574803
-1.417323 2.725425 0.472441
-0.157480 2.725425 0.472441
-0.153532 2.725425 0.437398
-0.141885 2.725425 0.404113
-0.123123 2.725425 0.374254
-0.098187 2.725425 0.349318
-0.068328 2.725425 0.330556
-0.035043 2.725425 0.318909
0.000000 2.725425 0.314961
-1.539760 2.725425 0.318909
-1.506475 2.725425 0.330556
-1.476616 2.725425 0.349318
-1.451680 2.725425 0.374254
-1.432918 2.725425 0.404113
-1.421271 2.725425 0.437398
-1.228750 2.725425 0.346295
-1.199465 2.725425 0.357401
-1.173689 2.725425 0.375193
-1.152919 2.725425 0.398637
-1.138364 2.725425 0.426370
-1.130869 2.725425 0.456781
-1.130869 2.725425 0.488101
-1.138364 2.725425 0.518512
-1.152919 2.725425 0.546245
-1.173689 2.725425 0.569688
-1.199465 2.725425 0.587480
-1.228750 2.725425 0.598587
-0.598829 2.725425 0.346295
-0.569544 2.725425 0.357401
-0.543768 2.725425 0.375193
-0.522998 2.725425 0.398637
-0.508443 2.725425 0.426370
-0.500947 2.725425 0.456781
-0.500947 2.725425 0.488101
-0.508443 2.725425 0.518512
-0.522998 2.725425 0.546245
-0.543768 2.725425 0.569688
-0.569544 2.725425 0.587480
-0.598829 2.725425 0.598587
-1.798021 1.330715 0.314961
-1.806099 1.352013 0.314961
-1.819038 1.370760 0.314961
-1.836088 1.385865 0.314961
-1.856258 1.396451 0.314961
-1.878374 1.401902 0.314961
-1.901153 1.401902 0.314961
-1.923270 1.396451 0.314961
-1.943439 1.385865 0.314961
-1.960489 1.370760 0.314961
-1.973429 1.352013 0.314961
-1.981506 1.330715 0.314961
-1.981506 1.330715 0.031496
-1.973429 1.352013 0.031496
-1.960489 1.370760 0.031496
-1.943439 1.385865 0.031496
-1.923270 1.396451 0.031496
-1.901153 1.401902 0.031496
-1.878374 1.401902 0.031496
-1.856258 1.396451 0.031496
-1.836088 1.385865 0.031496
-1.819038 1.370760 0.031496
-1.806099 1.352013 0.031496
-1.798021 1.330715 0.031496
-1.102362 1.150622 0.314961
-1.102362 1.150622 0.000000
-1.102362 -1.211582 0.000000
-1.102362 -1.211582 0.314961
-2.047244 1.465583 0.000000
-2.047244 1.465583 0.314961
-1.574803 1.465583 0.314961
-1.609846 1.465583 0.318909
-1.643131 1.465583 0.330556
-1.672991 1.465583 0.349318
-1.697926 1.465583 0.374254
-1.716688 1.465583 0.404113
-1.728335 1.465583 0.437398
-1.732283 1.465583 0.472441
-1.728335 1.465583 0.507484
-1.716688 1.465583 0.540769
-1.697926 1.465583 0.570628
-1.672991 1.465583 0.595564
-1.643131 1.465583 0.614326
-1.609846 1.465583 0.625973
-1.102362 1.465583 0.944882
-3.937008 1.465583 0.944882
-3.937008 1.465583 0.000000
0.652534 1.780544 0.065738
0.673832 1.780544 0.073815
0.692578 1.780544 0.086755
0.707684 1.780544 0.103805
0.718269 1.780544 0.123974
0.723721 1.780544 0.146091
0.723721 1.780544 0.168870
0.718269 1.780544 0.190986
0.707684 1.780544 0.211156
0.692578 1.780544 0.228206
0.673832 1.780544 0.241145
0.652534 1.780544 0.249223
0.652534 2.064008 0.249223
0.673832 2.064008 0.241145
0.692578 2.064008 0.228206
0.707684 2.064008 0.211156
0.718269 2.064008 0.190986
0.723721 2.064008 0.168870
0.723721 2.064008 0.146091
0.718269 2.064008 0.123974
0.707684 2.064008 0.103805
0.692578 2.064008 0.086755
0.673832 2.064008 0.073815
0.652534 2.064008 0.065738
0.022613 1.780544 0.065738
0.043911 1.780544 0.073815
0.062657 1.780544 0.086755
0.077762 1.780544 0.103805
0.088348 1.780544 0.123974
0.093799 1.780544 0.146091
0.093799 1.780544 0.168870
0.088348 1.780544 0.190986
0.077762 1.780544 0.211156
0.062657 1.780544 0.228206
0.043911 1.780544 0.241145
0.022613 1.780544 0.249223
0.022613 2.064008 0.249223
0.043911 2.064008 0.241145
0.062657 2.064008 0.228206
0.077762 2.064008 0.211156
0.088348 2.064008 0.190986
0.093799 2.064008 0.168870
0.093799 2.064008 0.146091
0.088348 2.064008 0.123974
0.077762 2.064008 0.103805
0.062657 2.064008 0.086755
0.043911 2.064008 0.073815
0.022613 2.064008 0.065738
-0.607309 1.780544 0.065738
-0.586010 1.780544 0.073815
-0.567264 1.780544 0.086755
-0.552159 1.780544 0.103805
-0.541573 1.780544 0.123974
-0.536122 1.780544 0.146091
-0.536122 1.780544 0.168870
-0.541573 1.780544 0.190986
-0.552159 1.780544 0.211156
-0.567264 1.780544 0.228206
-0.586010 1.780544 0.241145
-0.607309 1.780544 0.249223
-0.607309 2.064008 0.249223
-0.586010 2.064008 0.241145
-0.567264 2.064008 0.228206
-0.552159 2.064008 0.211156
-0.541573 2.064008 0.190986
-0.536122 2.064008 0.168870
-0.536122 2.064008 0.146091
-0.541573 2.064008 0.123974
-0.552159 2.064008 0.103805
-0.567264 2.064008 0.086755
-0.586010 2.064008 0.073815
-0.607309 2.064008 0.065738
-1.574803 1.150622 0.314961
-1.889764 1.150622 0.314961
-1.889764 1.150622 -0.000000
-0.787402 1.150622 0.314961
0.787402 1.150622 0.314961
1.102362 1.150622 0.314961
1.574803 1.150622 0.314961
1.539760 1.150622 0.318909
1.506475 1.150622 0.330556
1.476616 1.150622 0.349318
1.451680 1.150622 0.374254
1.432918 1.150622 0.404113
1.421271 1.150622 0.437398
1.417323 1.150622 0.472441
-1.609846 1.150622 0.625973
-1.643131 1.150622 0.614326
-1.672991 1.150622 0.595564
-1.697926 1.150622 0.570628
-1.716688 1.150622 0.540769
-1.728335 1.150622 0.507484
-1.732283 1.150622 0.472441
-1.728335 1.150622 0.437398
-1.716688 1.150622 0.404113
-1.697926 1.150622 0.374254
-1.672991 1.150622 0.349318
-1.643131 1.150622 0.330556
-1.609846 1.150622 0.318909
1.417323 2.725425 0.472441
1.421271 2.725425 0.437398
1.432918 2.725425 0.404113
1.451680 2.725425 0.374254
1.476616 2.725425 0.349318
1.506475 2.725425 0.330556
1.539760 2.725425 0.318909
1.574803 2.725425 0.314961
0.035043 2.725425 0.318909
0.068328 2.725425 0.330556
0.098187 2.725425 0.349318
0.123123 2.725425 0.374254
0.141885 2.725425 0.404113
0.153532 2.725425 0.437398
0.157480 2.725425 0.472441
0.661013 2.725425 0.346295
0.690299 2.725425 0.357401
0.716075 2.725425 0.375193
0.736844 2.725425 0.398637
0.751400 2.725425 0.426370
0.758895 2.725425 0.456781
0.758895 2.725425 0.488101
0.751400 2.725425 0.518512
0.736844 2.725425 0.546245
0.716075 2.725425 0.569688
0.690299 2.725425 0.587480
0.661013 2.725425 0.598587
1.290935 2.725425 0.346295
1.320220 2.725425 0.357401
1.345996 2.725425 0.375193
1.366766 2.725425 0.398637
1.381321 2.725425 0.426370
1.388816 2.725425 0.456781
1.388816 2.725425 0.488101
1.381321 2.725425 0.518512
1.366766 2.725425 0.546245
1.345996 2.725425 0.569688
1.320220 2.725425 0.587480
1.290935 2.725425 0.598587
1.100066 1.964817 0.314961
1.102362 1.465583 0.314961
1.102362 1.938024 0.314961
1.102107 1.946994 0.314961
1.101340 1.955934 0.314961
0.787402 2.095504 0.314961
-0.787402 2.095504 0.314961
-0.787402 1.780544 0.314961
0.787402 1.780544 0.314961
-1.098414 -1.246625 0.314961
-1.086767 -1.279911 0.314961
-1.068005 -1.309770 0.314961
-1.043069 -1.334705 0.314961
-1.013210 -1.353467 0.314961
-0.979925 -1.365114 0.314961
-0.944882 -1.369063 0.314961
0.944882 -1.369063 0.314961
0.979925 -1.365114 0.314961
1.013210 -1.353467 0.314961
1.043069 -1.334705 0.314961
1.068005 -1.309770 0.314961
1.086767 -1.279911 0.314961
1.098414 -1.246625 0.314961
1.102362 -1.211582 0.314961
0.787402 -0.109220 0.314961
-0.787402 -0.109220 0.314961
-0.137537 -0.547761 0.314961
-0.125428 -0.515831 0.314961
-0.106029 -0.487727 0.314961
-0.080468 -0.465083 0.314961
-0.050231 -0.449213 0.314961
-0.017074 -0.441040 0.314961
0.017074 -0.441040 0.314961
0.050231 -0.449213 0.314961
0.080468 -0.465083 0.314961
0.106029 -0.487727 0.314961
0.125428 -0.515831 0.314961
0.137537 -0.547761 0.314961
-1.924806 1.154571 0.000000
-1.958092 1.166218 0.000000
-1.987951 1.184980 0.000000
-2.012887 1.209915 0.000000
-2.031649 1.239774 0.000000
-2.043296 1.273060 0.000000
-2.047244 1.308103 -0.000000
-3.937008 2.410465 -0.000000
-1.102362 2.410465 -0.000000
-1.102362 1.938024 0.000000
-1.098414 1.973067 0.000000
-1.086767 2.006352 0.000000
-1.068005 2.036211 0.000000
-1.043069 2.061147 0.000000
-1.013210 2.079909 0.000000
-0.979925 2.091556 0.000000
-0.944882 2.095504 0.000000
0.944882 2.095504 0.000000
0.979925 2.091556 0.000000
1.013210 2.079909 0.000000
1.043069 2.061147 0.000000
1.068005 2.036211 0.000000
1.086767 2.006352 0.000000
1.098414 1.973067 0.000000
1.102362 1.938024 0.000000
1.102362 -1.211582 0.000000
1.098414 -1.246625 0.000000
1.086767 -1.279911 0.000000
1.068005 -1.309770 0.000000
1.043069 -1.334705 0.000000
1.013210 -1.353467 0.000000
0.979925 -1.365114 0.000000
0.944882 -1.369063 0.000000
-0.944882 -1.369063 0.000000
-0.979925 -1.365114 0.000000
-1.013210 -1.353467 0.000000
-1.043069 -1.334705 0.000000
-1.068005 -1.309770 0.000000
-1.086767 -1.279911 0.000000
-1.098414 -1.246625 0.000000
0.137537 -0.547761 0.000000
0.125428 -0.515831 0.000000
0.106029 -0.487727 0.000000
0.080468 -0.465083 0.000000
0.050231 -0.449213 0.000000
0.017074 -0.441040 0.000000
-0.017074 -0.441040 0.000000
-0.050231 -0.449213 0.000000
-0.080468 -0.465083 0.000000
-0.106029 -0.487727 0.000000
-0.125428 -0.515831 0.000000
-0.137537 -0.547761 0.000000
-0.787402 1.780544 0.000000
-0.787402 -0.109220 0.000000
0.787402 -0.109220 0.000000
0.787402 1.780544 0.000000
-1.763618 1.339195 0.000000
-1.774724 1.368480 0.000000
-1.792516 1.394256 0.000000
-1.815960 1.415026 0.000000
-1.843693 1.429581 0.000000
-1.874104 1.437077 0.000000
-1.905424 1.437077 0.000000
-1.935835 1.429581 0.000000
-1.963567 1.415026 0.000000
-1.987011 1.394256 0.000000
-2.004803 1.368480 0.000000
-2.015910 1.339195 0.000000
-1.133697 1.339195 0.000000
-1.144803 1.368480 0.000000
-1.162595 1.394256 0.000000
-1.186039 1.415026 0.000000
-1.213772 1.429581 0.000000
-1.244182 1.437077 0.000000
-1.275503 1.437077 0.000000
-1.305913 1.429581 0.000000
-1.333646 1.415026 0.000000
-1.357090 1.394256 0.000000
-1.374882 1.368480 0.000000
-1.385988 1.339195 0.000000
0.944882 2.095504 0.314961
0.981290 2.091238 0.314961
1.015726 2.078669 0.314961
1.046323 2.058480 0.314961
1.071424 2.031764 0.314961
1.089668 1.999968 0.314961
-0.944882 2.095504 0.314961
-0.598829 2.095504 0.031334
-0.569544 2.095504 0.042441
-0.543768 2.095504 0.060233
-0.522998 2.095504 0.083677
-0.508443 2.095504 0.111410
-0.500947 2.095504 0.141820
-0.500947 2.095504 0.173141
-0.508443 2.095504 0.203551
-0.522998 2.095504 0.231284
-0.543768 2.095504 0.254728
-0.569544 2.095504 0.272520
-0.598829 2.095504 0.283626
0.031092 2.095504 0.031334
0.060377 2.095504 0.042441
0.086154 2.095504 0.060233
0.106923 2.095504 0.083677
0.121478 2.095504 0.111410
0.128974 2.095504 0.141820
0.128974 2.095504 0.173141
0.121478 2.095504 0.203551
0.106923 2.095504 0.231284
0.086154 2.095504 0.254728
0.060377 2.095504 0.272520
0.031092 2.095504 0.283626
0.661013 2.095504 0.031334
0.690299 2.095504 0.042441
0.716075 2.095504 0.060233
0.736844 2.095504 0.083677
0.751400 2.095504 0.111410
0.758895 2.095504 0.141820
0.758895 2.095504 0.173141
0.751400 2.095504 0.203551
0.736844 2.095504 0.231284
0.716075 2.095504 0.254728
0.690299 2.095504 0.272520
0.661013 2.095504 0.283626
-1.102362 1.938024 0.314961
-1.098414 1.973067 0.314961
-1.086767 2.006352 0.314961
-1.068005 2.036211 0.314961
-1.043069 2.061147 0.314961
-1.013210 2.079909 0.314961
-0.979925 2.091556 0.314961
-0.787402 2.410465 0.314961
-0.787402 1.465583 0.314961
0.787402 1.465583 0.314961
0.787402 2.410465 0.314961
1.574803 1.465583 0.314961
1.574803 2.410465 0.314961
1.098017 2.410465 0.314961
-1.102362 2.410465 0.314961
1.574803 1.465583 0.629921
1.609846 1.465583 0.625973
1.643131 1.465583 0.614326
1.672991 1.465583 0.595564
1.697926 1.465583 0.570628
1.716688 1.465583 0.540769
1.728335 1.465583 0.507484
1.732283 1.465583 0.472441
1.728335 1.465583 0.437398
1.716688 1.465583 0.404113
1.697926 1.465583 0.374254
1.672991 1.465583 0.349318
1.643131 1.465583 0.330556
1.609846 1.465583 0.318909
1.609846 2.410465 0.318909
1.643131 2.410465 0.330556
1.672991 2.410465 0.349318
1.697926 2.410465 0.374254
1.716688 2.410465 0.404113
1.728335 2.410465 0.437398
1.732283 2.410465 0.472441
1.728335 2.410465 0.507484
1.716688 2.410465 0.540769
1.697926 2.410465 0.570628
1.672991 2.410465 0.595564
1.643131 2.410465 0.614326
1.609846 2.410465 0.625973
1.574803 2.410465 0.629921
1.282455 2.410465 0.564183
1.303753 2.410465 0.556106
1.322500 2.410465 0.543166
1.337605 2.410465 0.526116
1.348191 2.410465 0.505947
1.353642 2.410465 0.483830
1.353642 2.410465 0.461052
1.348191 2.410465 0.438935
1.337605 2.410465 0.418766
1.322500 2.410465 0.401716
1.303753 2.410465 0.388776
1.282455 2.410465 0.380698
0.652534 2.410465 0.564183
0.673832 2.410465 0.556106
0.692578 2.410465 0.543166
0.707684 2.410465 0.526116
0.718269 2.410465 0.505947
0.723721 2.410465 0.483830
0.723721 2.410465 0.461052
0.718269 2.410465 0.438935
0.707684 2.410465 0.418766
0.692578 2.410465 0.401716
0.673832 2.410465 0.388776
0.652534 2.410465 0.380698
-0.607309 2.410465 0.564183
-0.586010 2.410465 0.556106
-0.567264 2.410465 0.543166
-0.552159 2.410465 0.526116
-0.541573 2.410465 0.505947
-0.536122 2.410465 0.483830
-0.536122 2.410465 0.461052
-0.541573 2.410465 0.438935
-0.552159 2.410465 0.418766
-0.567264 2.410465 0.401716
-0.586010 2.410465 0.388776
-0.607309 2.410465 0.380698
-1.539760 3.040386 0.318909
-1.506475 3.040386 0.330556
-1.476616 3.040386 0.349318
-1.451680 3.040386 0.374254
-1.432918 3.040386 0.404113
-1.421271 3.040386 0.437398
-1.417323 3.040386 0.472441
-1.609846 2.725425 0.625973
-1.643131 2.725425 0.614326
-1.672991 2.725425 0.595564
-1.697926 2.725425 0.570628
-1.716688 2.725425 0.540769
-1.728335 2.725425 0.507484
-1.728335 2.410465 0.507484
-1.716688 2.410465 0.540769
-1.697926 2.410465 0.570628
-1.672991 2.410465 0.595564
-1.643131 2.410465 0.614326
-1.609846 2.410465 0.625973
1.728335 1.150622 0.437398
1.716688 1.150622 0.404113
1.697926 1.150622 0.374254
1.672991 1.150622 0.349318
1.643131 1.150622 0.330556
1.609846 1.150622 0.318909
1.609846 2.725425 0.318909
1.643131 2.725425 0.330556
1.672991 2.725425 0.349318
1.697926 2.725425 0.374254
1.716688 2.725425 0.404113
1.728335 2.725425 0.437398
-3.937008 2.410465 0.944882
-1.102362 2.410465 0.944882
1.290935 2.693929 0.346295
1.320220 2.693929 0.357401
1.345996 2.693929 0.375193
1.366766 2.693929 0.398637
1.381321 2.693929 0.426370
1.388816 2.693929 0.456781
1.388816 2.693929 0.488101
1.381321 2.693929 0.518512
1.366766 2.693929 0.546245
1.345996 2.693929 0.569688
1.320220 2.693929 0.587480
1.290935 2.693929 0.598587
1.282455 2.693929 0.380698
1.303753 2.693929 0.388776
1.322500 2.693929 0.401716
1.337605 2.693929 0.418766
1.348191 2.693929 0.438935
1.353642 2.693929 0.461052
1.353642 2.693929 0.483830
1.348191 2.693929 0.505947
1.337605 2.693929 0.526116
1.322500 2.693929 0.543166
1.303753 2.693929 0.556106
1.282455 2.693929 0.564183
0.661013 2.693929 0.346295
0.690299 2.693929 0.357401
0.716075 2.693929 0.375193
0.736844 2.693929 0.398637
0.751400 2.693929 0.426370
0.758895 2.693929 0.456781
0.758895 2.693929 0.488101
0.751400 2.693929 0.518512
0.736844 2.693929 0.546245
0.716075 2.693929 0.569688
0.690299 2.693929 0.587480
0.661013 2.693929 0.598587
0.652534 2.693929 0.380698
0.673832 2.693929 0.388776
0.692578 2.693929 0.401716
0.707684 2.693929 0.418766
0.718269 2.693929 0.438935
0.723721 2.693929 0.461052
0.723721 2.693929 0.483830
0.718269 2.693929 0.505947
0.707684 2.693929 0.526116
0.692578 2.693929 0.543166
0.673832 2.693929 0.556106
0.652534 2.693929 0.564183
-0.598829 2.693929 0.346295
-0.569544 2.693929 0.357401
-0.543768 2.693929 0.375193
-0.522998 2.693929 0.398637
-0.508443 2.693929 0.426370
-0.500947 2.693929 0.456781
-0.500947 2.693929 0.488101
-0.508443 2.693929 0.518512
-0.522998 2.693929 0.546245
-0.543768 2.693929 0.569688
-0.569544 2.693929 0.587480
-0.598829 2.693929 0.598587
-0.607309 2.693929 0.380698
-0.586010 2.693929 0.388776
-0.567264 2.693929 0.401716
-0.552159 2.693929 0.418766
-0.541573 2.693929 0.438935
-0.536122 2.693929 0.461052
-0.536122 2.693929 0.483830
-0.541573 2.693929 0.505947
-0.552159 2.693929 0.526116
-0.567264 2.693929 0.543166
-0.586010 2.693929 0.556106
-0.607309 2.693929 0.564183
-1.228750 2.693929 0.346295
-1.199465 2.693929 0.357401
-1.173689 2.693929 0.375193
-1.152919 2.693929 0.398637
-1.138364 2.693929 0.426370
-1.130869 2.693929 0.456781
-1.130869 2.693929 0.488101
-1.138364 2.693929 0.518512
-1.152919 2.693929 0.546245
-1.173689 2.693929 0.569688
-1.199465 2.693929 0.587480
-1.228750 2.693929 0.598587
-1.237230 2.693929 0.380698
-1.215932 2.693929 0.388776
-1.197185 2.693929 0.401716
-1.182080 2.693929 0.418766
-1.171494 2.693929 0.438935
-1.166043 2.693929 0.461052
-1.166043 2.693929 0.483830
-1.171494 2.693929 0.505947
-1.182080 2.693929 0.526116
-1.197185 2.693929 0.543166
-1.215932 2.693929 0.556106
-1.237230 2.693929 0.564183
-1.237230 2.410465 0.380698
-1.215932 2.410465 0.388776
-1.197185 2.410465 0.401716
-1.182080 2.410465 0.418766
-1.171494 2.410465 0.438935
-1.166043 2.410465 0.461052
-1.166043 2.410465 0.483830
-1.171494 2.410465 0.505947
-1.182080 2.410465 0.526116
-1.197185 2.410465 0.543166
-1.215932 2.410465 0.556106
-1.237230 2.410465 0.564183
-0.157480 3.040386 1.732283
-0.157480 3.040386 0.472441
-0.157480 2.725425 1.732283
0.157480 3.040386 0.472441
0.157480 3.040386 1.732283
0.157480 2.725425 1.732283
0.153532 3.040386 0.437398
0.141885 3.040386 0.404113
0.123123 3.040386 0.374254
0.098187 3.040386 0.349318
0.068328 3.040386 0.330556
0.035043 3.040386 0.318909
0.000000 3.040386 0.314961
-0.035043 3.040386 0.318909
-0.068328 3.040386 0.330556
-0.098187 3.040386 0.349318
-0.123123 3.040386 0.374254
-0.141885 3.040386 0.404113
-0.153532 3.040386 0.437398
-0.153532 3.040386 1.767326
-0.141885 3.040386 1.800612
-0.123123 3.040386 1.830471
-0.098187 3.040386 1.855407
-0.068328 3.040386 1.874168
-0.035043 3.040386 1.885815
0.000000 3.040386 1.889764
0.035043 3.040386 1.885815
0.068328 3.040386 1.874168
0.098187 3.040386 1.855407
0.123123 3.040386 1.830471
0.141885 3.040386 1.800612
0.153532 3.040386 1.767326
1.732283 0.835662 1.732283
1.732283 0.835662 0.472441
1.732283 3.040386 0.472441
1.732283 3.040386 1.732283
1.732283 1.845681 0.727711
1.732283 1.758704 0.760697
1.732283 1.682149 0.813539
1.732283 1.620465 0.883167
1.732283 1.577235 0.965533
1.732283 1.554974 1.055851
1.732283 1.554974 1.148873
1.732283 1.577235 1.239191
1.732283 1.620465 1.321558
1.732283 1.682149 1.391185
1.732283 1.758704 1.444027
1.732283 1.845681 1.477013
1.728335 3.040386 0.437398
1.716688 3.040386 0.404113
1.697926 3.040386 0.374254
1.672991 3.040386 0.349318
1.643131 3.040386 0.330556
1.609846 3.040386 0.318909
1.574803 3.040386 0.314961
1.539760 3.040386 0.318909
1.506475 3.040386 0.330556
1.476616 3.040386 0.349318
1.451680 3.040386 0.374254
1.432918 3.040386 0.404113
1.421271 3.040386 0.437398
1.417323 3.040386 0.472441
1.417323 3.040386 1.732283
1.421271 3.040386 1.767326
1.432918 3.040386 1.800612
1.451680 3.040386 1.830471
1.476616 3.040386 1.855407
1.506475 3.040386 1.874168
1.539760 3.040386 1.885815
1.574803 3.040386 1.889764
1.609846 3.040386 1.885815
1.643131 3.040386 1.874168
1.672991 3.040386 1.855407
1.697926 3.040386 1.830471
1.716688 3.040386 1.800612
1.728335 3.040386 1.767326
1.417323 0.835662 0.472441
1.417323 0.835662 1.732283
1.417323 1.150622 1.732283
1.417323 2.725425 1.732283
1.421271 0.835662 0.437398
1.432918 0.835662 0.404113
1.451680 0.835662 0.374254
1.476616 0.835662 0.349318
1.506475 0.835662 0.330556
1.539760 0.835662 0.318909
1.574803 0.835662 0.314961
1.609846 0.835662 0.318909
1.643131 0.835662 0.330556
1.672991 0.835662 0.349318
1.697926 0.835662 0.374254
1.716688 0.835662 0.404113
1.728335 0.835662 0.437398
1.728335 0.835662 1.767326
1.716688 0.835662 1.800612
1.697926 0.835662 1.830471
1.672991 0.835662 1.855407
1.643131 0.835662 1.874168
1.609846 0.835662 1.885815
1.574803 0.835662 1.889764
1.539760 0.835662 1.885815
1.506475 0.835662 1.874168
1.476616 0.835662 1.855407
1.451680 0.835662 1.830471
1.432918 0.835662 1.800612
1.421271 0.835662 1.767326
-0.598829 2.064008 0.283626
-0.569544 2.064008 0.272520
-0.543768 2.064008 0.254728
-0.522998 2.064008 0.231284
-0.508443 2.064008 0.203551
-0.500947 2.064008 0.173141
-0.500947 2.064008 0.141820
-0.508443 2.064008 0.111410
-0.522998 2.064008 0.083677
-0.543768 2.064008 0.060233
-0.569544 2.064008 0.042441
-0.598829 2.064008 0.031334
0.031092 2.064008 0.283626
0.060377 2.064008 0.272520
0.086154 2.064008 0.254728
0.106923 2.064008 0.231284
0.121478 2.064008 0.203551
0.128974 2.064008 0.173141
0.128974 2.064008 0.141820
0.121478 2.064008 0.111410
0.106923 2.064008 0.083677
0.086154 2.064008 0.060233
0.060377 2.064008 0.042441
0.031092 2.064008 0.031334
0.661013 2.064008 0.283626
0.690299 2.064008 0.272520
0.716075 2.064008 0.254728
0.736844 2.064008 0.231284
0.751400 2.064008 0.203551
0.758895 2.064008 0.173141
0.758895 2.064008 0.141820
0.751400 2.064008 0.111410
0.736844 2.064008 0.083677
0.716075 2.064008 0.060233
0.690299 2.064008 0.042441
0.661013 2.064008 0.031334
-2.047244 1.308103 0.314961
-2.043296 1.273060 0.314961
-2.031649 1.239774 0.314961
-2.012887 1.209915 0.314961
-1.987951 1.184980 0.314961
-1.958092 1.166218 0.314961
-1.924806 1.154571 0.314961
-1.385988 1.339195 0.031496
-1.374882 1.368480 0.031496
-1.357090 1.394256 0.031496
-1.333646 1.415026 0.031496
-1.305913 1.429581 0.031496
-1.275503 1.437077 0.031496
-1.244182 1.437077 0.031496
-1.213772 1.429581 0.031496
-1.186039 1.415026 0.031496
-1.162595 1.394256 0.031496
-1.144803 1.368480 0.031496
-1.133697 1.339195 0.031496
-1.168100 1.330715 0.031496
-1.176177 1.352013 0.031496
-1.189117 1.370760 0.031496
-1.206167 1.385865 0.031496
-1.226337 1.396451 0.031496
-1.248453 1.401902 0.031496
-1.271232 1.401902 0.031496
-1.293349 1.396451 0.031496
-1.313518 1.385865 0.031496
-1.330568 1.370760 0.031496
-1.343508 1.352013 0.031496
-1.351585 1.330715 0.031496
-2.015910 1.339195 0.031496
-2.004803 1.368480 0.031496
-1.987011 1.394256 0.031496
-1.963567 1.415026 0.031496
-1.935835 1.429581 0.031496
-1.905424 1.437077 0.031496
-1.874104 1.437077 0.031496
-1.843693 1.429581 0.031496
-1.815960 1.415026 0.031496
-1.792516 1.394256 0.031496
-1.774724 1.368480 0.031496
-1.763618 1.339195 0.031496
-1.351585 1.330715 0.314961
-1.343508 1.352013 0.314961
-1.330568 1.370760 0.314961
-1.313518 1.385865 0.314961
-1.293349 1.396451 0.314961
-1.271232 1.401902 0.314961
-1.248453 1.401902 0.314961
-1.226337 1.396451 0.314961
-1.206167 1.385865 0.314961
-1.189117 1.370760 0.314961
-1.176177 1.352013 0.314961
-1.168100 1.330715 0.314961
-1.732283 3.040386 0.629921
-1.417323 3.040386 0.629921
-1.732283 2.725425 0.629921
-1.609846 2.725425 1.578752
-1.643131 2.725425 1.590399
-1.672991 2.725425 1.609160
-1.697926 2.725425 1.634096
-1.716688 2.725425 1.663955
-1.728335 2.725425 1.697241
-1.732283 2.725425 1.732283
-1.732283 2.725425 1.574803
-4.251968 2.725425 1.574803
-4.251968 2.725425 0.629921
-1.417323 3.670307 0.629921
-1.417323 3.670307 1.574803
-1.417323 3.040386 1.574803
0.000000 2.725425 1.889764
-0.035043 2.725425 1.885815
-0.068328 2.725425 1.874168
-0.098187 2.725425 1.855407
-0.123123 2.725425 1.830471
-0.141885 2.725425 1.800612
-0.153532 2.725425 1.767326
-1.290935 2.725425 1.858429
-1.320220 2.725425 1.847323
-1.345996 2.725425 1.829531
-1.366766 2.725425 1.806087
-1.381321 2.725425 1.778354
-1.388816 2.725425 1.747944
-1.388816 2.725425 1.716623
-1.381321 2.725425 1.686213
-1.366766 2.725425 1.658480
-1.345996 2.725425 1.635036
-1.320220 2.725425 1.617244
-1.290935 2.725425 1.606138
-0.661013 2.725425 1.858429
-0.690299 2.725425 1.847323
-0.716075 2.725425 1.829531
-0.736844 2.725425 1.806087
-0.751400 2.725425 1.778354
-0.758895 2.725425 1.747944
-0.758895 2.725425 1.716623
-0.751400 2.725425 1.686213
-0.736844 2.725425 1.658480
-0.716075 2.725425 1.635036
-0.690299 2.725425 1.617244
-0.661013 2.725425 1.606138
-1.798021 1.285490 1.889764
-1.806099 1.264192 1.889764
-1.819038 1.245445 1.889764
-1.836088 1.230340 1.889764
-1.856258 1.219755 1.889764
-1.878374 1.214303 1.889764
-1.901153 1.214303 1.889764
-1.923270 1.219755 1.889764
-1.943439 1.230340 1.889764
-1.960489 1.245445 1.889764
-1.973429 1.264192 1.889764
-1.981506 1.285490 1.889764
-1.981506 1.285490 2.173228
-1.973429 1.264192 2.173228
-1.960489 1.245445 2.173228
-1.943439 1.230340 2.173228
-1.923270 1.219755 2.173228
-1.901153 1.214303 2.173228
-1.878374 1.214303 2.173228
-1.856258 1.219755 2.173228
-1.836088 1.230340 2.173228
-1.819038 1.245445 2.173228
-1.806099 1.264192 2.173228
-1.798021 1.285490 2.173228
-1.102362 1.150622 2.204724
-1.102362 1.150622 1.889764
-1.102362 -1.211582 1.889764
-1.102362 -1.211582 2.204724
-2.047244 1.465583 1.889764
-2.047244 1.465583 2.204724
-3.937008 1.465583 2.204724
-3.937008 1.465583 1.259843
-1.102362 1.465583 1.259843
-1.609846 1.465583 1.578752
-1.643131 1.465583 1.590399
-1.672991 1.465583 1.609160
-1.697926 1.465583 1.634096
-1.716688 1.465583 1.663955
-1.728335 1.465583 1.697241
-1.732283 1.465583 1.732283
-1.728335 1.465583 1.767326
-1.716688 1.465583 1.800612
-1.697926 1.465583 1.830471
-1.672991 1.465583 1.855407
-1.643131 1.465583 1.874168
-1.609846 1.465583 1.885815
-1.574803 1.465583 1.889764
0.607309 1.780544 2.138987
0.586010 1.780544 2.130909
0.567264 1.780544 2.117970
0.552159 1.780544 2.100919
0.541573 1.780544 2.080750
0.536122 1.780544 2.058633
0.536122 1.780544 2.035855
0.541573 1.780544 2.013738
0.552159 1.780544 1.993569
0.567264 1.780544 1.976519
0.586010 1.780544 1.963579
0.607309 1.780544 1.955502
0.607309 2.064008 1.955502
0.586010 2.064008 1.963579
0.567264 2.064008 1.976519
0.552159 2.064008 1.993569
0.541573 2.064008 2.013738
0.536122 2.064008 2.035855
0.536122 2.064008 2.058633
0.541573 2.064008 2.080750
0.552159 2.064008 2.100919
0.567264 2.064008 2.117970
0.586010 2.064008 2.130909
0.607309 2.064008 2.138987
-0.022613 1.780544 2.138987
-0.043911 1.780544 2.130909
-0.062657 1.780544 2.117970
-0.077762 1.780544 2.100919
-0.088348 1.780544 2.080750
-0.093799 1.780544 2.058633
-0.093799 1.780544 2.035855
-0.088348 1.780544 2.013738
-0.077762 1.780544 1.993569
-0.062657 1.780544 1.976519
-0.043911 1.780544 1.963579
-0.022613 1.780544 1.955502
-0.022613 2.064008 1.955502
-0.043911 2.064008 1.963579
-0.062657 2.064008 1.976519
-0.077762 2.064008 1.993569
-0.088348 2.064008 2.013738
-0.093799 2.064008 2.035855
-0.093799 2.064008 2.058633
-0.088348 2.064008 2.080750
-0.077762 2.064008 2.100919
-0.062657 2.064008 2.117970
-0.043911 2.064008 2.130909
-0.022613 2.064008 2.138987
-0.652534 1.780544 2.138987
-0.673832 1.780544 2.130909
-0.692578 1.780544 2.117970
-0.707684 1.780544 2.100919
-0.718269 1.780544 2.080750
-0.723721 1.780544 2.058633
-0.723721 1.780544 2.035855
-0.718269 1.780544 2.013738
-0.707684 1.780544 1.993569
-0.692578 1.780544 1.976519
-0.673832 1.780544 1.963579
-0.652534 1.780544 1.955502
-0.652534 2.064008 1.955502
-0.673832 2.064008 1.963579
-0.692578 2.064008 1.976519
-0.707684 2.064008 1.993569
-0.718269 2.064008 2.013738
-0.723721 2.064008 2.035855
-0.723721 2.064008 2.058633
-0.718269 2.064008 2.080750
-0.707684 2.064008 2.100919
-0.692578 2.064008 2.117970
-0.673832 2.064008 2.130909
-0.652534 2.064008 2.138987
-1.889764 1.150622 1.889764
-1.574803 1.150622 1.889764
-1.609846 1.150622 1.885815
-1.643131 1.150622 1.874168
-1.672991 1.150622 1.855407
-1.697926 1.150622 1.830471
-1.716688 1.150622 1.800612
-1.728335 1.150622 1.767326
-1.732283 1.150622 1.732283
-1.728335 1.150622 1.697241
-1.716688 1.150622 1.663955
-1.697926 1.150622 1.634096
-1.672991 1.150622 1.609160
-1.643131 1.150622 1.590399
-1.609846 1.150622 1.578752
1.421271 1.150622 1.767326
1.432918 1.150622 1.800612
1.451680 1.150622 1.830471
1.476616 1.150622 1.855407
1.506475 1.150622 1.874168
1.539760 1.150622 1.885815
1.574803 1.150622 1.889764
1.102362 1.150622 1.889764
0.787402 1.150622 1.889764
-0.787402 1.150622 1.889764
-1.889764 1.150622 2.204724
0.153532 2.725425 1.767326
0.141885 2.725425 1.800612
0.123123 2.725425 1.830471
0.098187 2.725425 1.855407
0.068328 2.725425 1.874168
0.035043 2.725425 1.885815
1.574803 2.725425 1.889764
1.539760 2.725425 1.885815
1.506475 2.725425 1.874168
1.476616 2.725425 1.855407
1.451680 2.725425 1.830471
1.432918 2.725425 1.800612
1.421271 2.725425 1.767326
0.598829 2.725425 1.858429
0.569544 2.725425 1.847323
0.543768 2.725425 1.829531
0.522998 2.725425 1.806087
0.508443 2.725425 1.778354
0.500947 2.725425 1.747944
0.500947 2.725425 1.716623
0.508443 2.725425 1.686213
0.522998 2.725425 1.658480
0.543768 2.725425 1.635036
0.569544 2.725425 1.617244
0.598829 2.725425 1.606138
1.228750 2.725425 1.858429
1.199465 2.725425 1.847323
1.173689 2.725425 1.829531
1.152919 2.725425 1.806087
1.138364 2.725425 1.778354
1.130869 2.725425 1.747944
1.130869 2.725425 1.716623
1.138364 2.725425 1.686213
1.152919 2.725425 1.658480
1.173689 2.725425 1.635036
1.199465 2.725425 1.617244
1.228750 2.725425 1.606138
1.102362 1.465583 1.889764
1.100066 1.964817 1.889764
1.101340 1.955934 1.889764
1.102107 1.946994 1.889764
1.102362 1.938024 1.889764
-0.787402 2.095504 1.889764
0.787402 2.095504 1.889764
0.787402 1.780544 1.889764
-0.787402 1.780544 1.889764
-0.787402 -0.109220 1.889764
0.787402 -0.109220 1.889764
1.102362 -1.211582 1.889764
1.098414 -1.246625 1.889764
1.086767 -1.279911 1.889764
1.068005 -1.309770 1.889764
1.043069 -1.334705 1.889764
1.013210 -1.353467 1.889764
0.979925 -1.365114 1.889764
0.944882 -1.369063 1.889764
-0.944882 -1.369063 1.889764
-0.979925 -1.365114 1.889764
-1.013210 -1.353467 1.889764
-1.043069 -1.334705 1.889764
-1.068005 -1.309770 1.889764
-1.086767 -1.279911 1.889764
-1.098414 -1.246625 1.889764
-0.137537 -0.615561 1.889764
-0.125428 -0.647491 1.889764
-0.106029 -0.675595 1.889764
-0.080468 -0.698240 1.889764
-0.050231 -0.714110 1.889764
-0.017074 -0.722282 1.889764
0.017074 -0.722282 1.889764
0.050231 -0.714110 1.889764
0.080468 -0.698240 1.889764
0.106029 -0.675595 1.889764
0.125428 -0.647491 1.889764
0.137537 -0.615561 1.889764
-1.098414 -1.246625 2.204724
-1.086767 -1.279911 2.204724
-1.068005 -1.309770 2.204724
-1.043069 -1.334705 2.204724
-1.013210 -1.353467 2.204724
-0.979925 -1.365114 2.204724
-0.944882 -1.369063 2.204724
0.944882 -1.369063 2.204724
0.979925 -1.365114 2.204724
1.013210 -1.353467 2.204724
1.043069 -1.334705 2.204724
1.068005 -1.309770 2.204724
1.086767 -1.279911 2.204724
1.098414 -1.246625 2.204724
1.102362 -1.211582 2.204724
1.102362 1.938024 2.204724
1.098414 1.973067 2.204724
1.086767 2.006352 2.204724
1.068005 2.036211 2.204724
1.043069 2.061147 2.204724
1.013210 2.079909 2.204724
0.979925 2.091556 2.204724
0.944882 2.095504 2.204724
-0.944882 2.095504 2.204724
-0.979925 2.091556 2.204724
-1.013210 2.079909 2.204724
-1.043069 2.061147 2.204724
-1.068005 2.036211 2.204724
-1.086767 2.006352 2.204724
-1.098414 1.973067 2.204724
-1.102362 1.938024 2.204724
-1.102362 2.410465 2.204724
-3.937008 2.410465 2.204724
-2.047244 1.308103 2.204724
-2.043296 1.273060 2.204724
-2.031649 1.239774 2.204724
-2.012887 1.209915 2.204724
-1.987951 1.184980 2.204724
-1.958092 1.166218 2.204724
-1.924806 1.154571 2.204724
0.137537 -0.615561 2.204724
0.125428 -0.647491 2.204724
0.106029 -0.675595 2.204724
0.080468 -0.698240 2.204724
0.050231 -0.714110 2.204724
0.017074 -0.722282 2.204724
-0.017074 -0.722282 2.204724
-0.050231 -0.714110 2.204724
-0.080468 -0.698240 2.204724
-0.106029 -0.675595 2.204724
-0.125428 -0.647491 2.204724
-0.137537 -0.615561 2.204724
-0.787402 -0.109220 2.204724
-0.787402 1.780544 2.204724
0.787402 1.780544 2.204724
0.787402 -0.109220 2.204724
-1.763618 1.277010 2.204724
-1.774724 1.247725 2.204724
-1.792516 1.221949 2.204724
-1.815960 1.201180 2.204724
-1.843693 1.186624 2.204724
-1.874104 1.179129 2.204724
-1.905424 1.179129 2.204724
-1.935835 1.186624 2.204724
-1.963567 1.201180 2.204724
-1.987011 1.221949 2.204724
-2.004803 1.247725 2.204724
-2.015910 1.277010 2.204724
-1.133697 1.277010 2.204724
-1.144803 1.247725 2.204724
-1.162595 1.221949 2.204724
-1.186039 1.201180 2.204724
-1.213772 1.186624 2.204724
-1.244182 1.179129 2.204724
-1.275503 1.179129 2.204724
-1.305913 1.186624 2.204724
-1.333646 1.201180 2.204724
-1.357090 1.221949 2.204724
-1.374882 1.247725 2.204724
-1.385988 1.277010 2.204724
1.089668 1.999968 1.889764
1.071424 2.031764 1.889764
1.046323 2.058480 1.889764
1.015726 2.078669 1.889764
0.981290 2.091238 1.889764
0.944882 2.095504 1.889764
-0.944882 2.095504 1.889764
-0.661013 2.095504 2.173390
-0.690299 2.095504 2.162284
-0.716075 2.095504 2.144492
-0.736844 2.095504 2.121048
-0.751400 2.095504 2.093315
-0.758895 2.095504 2.062904
-0.758895 2.095504 2.031584
-0.751400 2.095504 2.001173
-0.736844 2.095504 1.973440
-0.716075 2.095504 1.949997
-0.690299 2.095504 1.932204
-0.661013 2.095504 1.921098
-0.031092 2.095504 2.173390
-0.060377 2.095504 2.162284
-0.086154 2.095504 2.144492
-0.106923 2.095504 2.121048
-0.121478 2.095504 2.093315
-0.128974 2.095504 2.062904
-0.128974 2.095504 2.031584
-0.121478 2.095504 2.001173
-0.106923 2.095504 1.973440
-0.086154 2.095504 1.949997
-0.060377 2.095504 1.932204
-0.031092 2.095504 1.921098
0.598829 2.095504 2.173390
0.569544 2.095504 2.162284
0.543768 2.095504 2.144492
0.522998 2.095504 2.121048
0.508443 2.095504 2.093315
0.500947 2.095504 2.062904
0.500947 2.095504 2.031584
0.508443 2.095504 2.001173
0.522998 2.095504 1.973440
0.543768 2.095504 1.949997
0.569544 2.095504 1.932204
0.598829 2.095504 1.921098
-0.979925 2.091556 1.889764
-1.013210 2.079909 1.889764
-1.043069 2.061147 1.889764
-1.068005 2.036211 1.889764
-1.086767 2.006352 1.889764
-1.098414 1.973067 1.889764
-1.102362 1.938024 1.889764
-0.787402 1.465583 1.889764
-0.787402 2.410465 1.889764
0.787402 2.410465 1.889764
0.787402 1.465583 1.889764
1.574803 1.465583 1.889764
-1.574803 2.410465 1.889764
-1.102362 2.410465 1.889764
1.098017 2.410465 1.889764
1.574803 2.410465 1.889764
1.732283 1.465583 1.732283
1.728335 1.465583 1.697241
1.716688 1.465583 1.663955
1.697926 1.465583 1.634096
1.672991 1.465583 1.609160
1.643131 1.465583 1.590399
1.609846 1.465583 1.578752
1.574803 1.465583 1.574803
1.609846 1.465583 1.885815
1.643131 1.465583 1.874168
1.672991 1.465583 1.855407
1.697926 1.465583 1.830471
1.716688 1.465583 1.800612
1.728335 1.465583 1.767326
1.732283 2.410465 1.732283
1.728335 2.410465 1.767326
1.716688 2.410465 1.800612
1.697926 2.410465 1.830471
1.672991 2.410465 1.855407
1.643131 2.410465 1.874168
1.609846 2.410465 1.885815
1.574803 2.410465 1.574803
1.609846 2.410465 1.578752
1.643131 2.410465 1.590399
1.672991 2.410465 1.609160
1.697926 2.410465 1.634096
1.716688 2.410465 1.663955
1.728335 2.410465 1.697241
1.237230 2.410465 1.640541
1.215932 2.410465 1.648618
1.197185 2.410465 1.661558
1.182080 2.410465 1.678608
1.171494 2.410465 1.698777
1.166043 2.410465 1.720894
1.166043 2.410465 1.743673
1.171494 2.410465 1.765789
1.182080 2.410465 1.785959
1.197185 2.410465 1.803009
1.215932 2.410465 1.815949
1.237230 2.410465 1.824026
0.607309 2.410465 1.640541
0.586010 2.410465 1.648618
0.567264 2.410465 1.661558
0.552159 2.410465 1.678608
0.541573 2.410465 1.698777
0.536122 2.410465 1.720894
0.536122 2.410465 1.743673
0.541573 2.410465 1.765789
0.552159 2.410465 1.785959
0.567264 2.410465 1.803009
0.586010 2.410465 1.815949
0.607309 2.410465 1.824026
-0.652534 2.410465 1.640541
-0.673832 2.410465 1.648618
-0.692578 2.410465 1.661558
-0.707684 2.410465 1.678608
-0.718269 2.410465 1.698777
-0.723721 2.410465 1.720894
-0.723721 2.410465 1.743673
-0.718269 2.410465 1.765789
-0.707684 2.410465 1.785959
-0.692578 2.410465 1.803009
-0.673832 2.410465 1.815949
-0.652534 2.410465 1.824026
-1.609846 3.040386 1.885815
-1.643131 3.040386 1.874168
-1.672991 3.040386 1.855407
-1.697926 3.040386 1.830471
-1.716688 3.040386 1.800612
-1.728335 3.040386 1.767326
-1.732283 3.040386 1.732283
-1.732283 2.410465 1.732283
-1.728335 2.410465 1.767326
-1.716688 2.410465 1.800612
-1.697926 2.410465 1.830471
-1.672991 2.410465 1.855407
-1.643131 2.410465 1.874168
-1.609846 2.410465 1.885815
-1.609846 2.410465 1.578752
-1.643131 2.410465 1.590399
-1.672991 2.410465 1.609160
-1.697926 2.410465 1.634096
-1.716688 2.410465 1.663955
-1.728335 2.410465 1.697241
1.609846 1.150622 1.885815
1.643131 1.150622 1.874168
1.672991 1.150622 1.855407
1.697926 1.150622 1.830471
1.716688 1.150622 1.800612
1.728335 1.150622 1.767326
1.728335 2.725425 1.767326
1.716688 2.725425 1.800612
1.697926 2.725425 1.830471
1.672991 2.725425 1.855407
1.643131 2.725425 1.874168
1.609846 2.725425 1.885815
-1.102362 2.410465 1.259843
-3.937008 2.410465 1.259843
1.228750 2.693929 1.858429
1.199465 2.693929 1.847323
1.173689 2.693929 1.829531
1.152919 2.693929 1.806087
1.138364 2.693929 1.778354
1.130869 2.693929 1.747944
1.130869 2.693929 1.716623
1.138364 2.693929 1.686213
1.152919 2.693929 1.658480
1.173689 2.693929 1.635036
1.199465 2.693929 1.617244
1.228750 2.693929 1.606138
1.237230 2.693929 1.824026
1.215932 2.693929 1.815949
1.197185 2.693929 1.803009
1.182080 2.693929 1.785959
1.171494 2.693929 1.765789
1.166043 2.693929 1.743673
1.166043 2.693929 1.720894
1.171494 2.693929 1.698777
1.182080 2.693929 1.678608
1.197185 2.693929 1.661558
1.215932 2.693929 1.648618
1.237230 2.693929 1.640541
0.598829 2.693929 1.858429
0.569544 2.693929 1.847323
0.543768 2.693929 1.829531
0.522998 2.693929 1.806087
0.508443 2.693929 1.778354
0.500947 2.693929 1.747944
0.500947 2.693929 1.716623
0.508443 2.693929 1.686213
0.522998 2.693929 1.658480
0.543768 2.693929 1.635036
0.569544 2.693929 1.617244
0.598829 2.693929 1.606138
0.607309 2.693929 1.824026
0.586010 2.693929 1.815949
0.567264 2.693929 1.803009
0.552159 2.693929 1.785959
0.541573 2.693929 1.765789
0.536122 2.693929 1.743673
0.536122 2.693929 1.720894
0.541573 2.693929 1.698777
0.552159 2.693929 1.678608
0.567264 2.693929 1.661558
0.586010 2.693929 1.648618
0.607309 2.693929 1.640541
-0.661013 2.693929 1.858429
-0.690299 2.693929 1.847323
-0.716075 2.693929 1.829531
-0.736844 2.693929 1.806087
-0.751400 2.693929 1.778354
-0.758895 2.693929 1.747944
-0.758895 2.693929 1.716623
-0.751400 2.693929 1.686213
-0.736844 2.693929 1.658480
-0.716075 2.693929 1.635036
-0.690299 2.693929 1.617244
-0.661013 2.693929 1.606138
-0.652534 2.693929 1.824026
-0.673832 2.693929 1.815949
-0.692578 2.693929 1.803009
-0.707684 2.693929 1.785959
-0.718269 2.693929 1.765789
-0.723721 2.693929 1.743673
-0.723721 2.693929 1.720894
-0.718269 2.693929 1.698777
-0.707684 2.693929 1.678608
-0.692578 2.693929 1.661558
-0.673832 2.693929 1.648618
-0.652534 2.693929 1.640541
-1.290935 2.693929 1.858429
-1.320220 2.693929 1.847323
-1.345996 2.693929 1.829531
-1.366766 2.693929 1.806087
-1.381321 2.693929 1.778354
-1.388816 2.693929 1.747944
-1.388816 2.693929 1.716623
-1.381321 2.693929 1.686213
-1.366766 2.693929 1.658480
-1.345996 2.693929 1.635036
-1.320220 2.693929 1.617244
-1.290935 2.693929 1.606138
-1.282455 2.693929 1.824026
-1.303753 2.693929 1.815949
-1.322500 2.693929 1.803009
-1.337605 2.693929 1.785959
-1.348191 2.693929 1.765789
-1.353642 2.693929 1.743673
-1.353642 2.693929 1.720894
-1.348191 2.693929 1.698777
-1.337605 2.693929 1.678608
-1.322500 2.693929 1.661558
-1.303753 2.693929 1.648618
-1.282455 2.693929 1.640541
-1.282455 2.410465 1.824026
-1.303753 2.410465 1.815949
-1.322500 2.410465 1.803009
-1.337605 2.410465 1.785959
-1.348191 2.410465 1.765789
-1.353642 2.410465 1.743673
-1.353642 2.410465 1.720894
-1.348191 2.410465 1.698777
-1.337605 2.410465 1.678608
-1.322500 2.410465 1.661558
-1.303753 2.410465 1.648618
-1.282455 2.410465 1.640541
-0.661013 2.064008 1.921098
-0.690299 2.064008 1.932204
-0.716075 2.064008 1.949997
-0.736844 2.064008 1.973440
-0.751400 2.064008 2.001173
-0.758895 2.064008 2.031584
-0.758895 2.064008 2.062904
-0.751400 2.064008 2.093315
-0.736844 2.064008 2.121048
-0.716075 2.064008 2.144492
-0.690299 2.064008 2.162284
-0.661013 2.064008 2.173390
-0.031092 2.064008 1.921098
-0.060377 2.064008 1.932204
-0.086154 2.064008 1.949997
-0.106923 2.064008 1.973440
-0.121478 2.064008 2.001173
-0.128974 2.064008 2.031584
-0.128974 2.064008 2.062904
-0.121478 2.064008 2.093315
-0.106923 2.064008 2.121048
-0.086154 2.064008 2.144492
-0.060377 2.064008 2.162284
-0.031092 2.064008 2.173390
0.598829 2.064008 1.921098
0.569544 2.064008 1.932204
0.543768 2.064008 1.949997
0.522998 2.064008 1.973440
0.508443 2.064008 2.001173
0.500947 2.064008 2.031584
0.500947 2.064008 2.062904
0.508443 2.064008 2.093315
0.522998 2.064008 2.121048
0.543768 2.064008 2.144492
0.569544 2.064008 2.162284
0.598829 2.064008 2.173390
-2.047244 1.308103 1.889764
-1.924806 1.154571 1.889764
-1.958092 1.166218 1.889764
-1.987951 1.184980 1.889764
-2.012887 1.209915 1.889764
-2.031649 1.239774 1.889764
-2.043296 1.273060 1.889764
-1.385988 1.277010 2.173228
-1.374882 1.247725 2.173228
-1.357090 1.221949 2.173228
-1.333646 1.201180 2.173228
-1.305913 1.186624 2.173228
-1.275503 1.179129 2.173228
-1.244182 1.179129 2.173228
-1.213772 1.186624 2.173228
-1.186039 1.201180 2.173228
-1.162595 1.221949 2.173228
-1.144803 1.247725 2.173228
-1.133697 1.277010 2.173228
-1.168100 1.285490 2.173228
-1.176177 1.264192 2.173228
-1.189117 1.245445 2.173228
-1.206167 1.230340 2.173228
-1.226337 1.219755 2.173228
-1.248453 1.214303 2.173228
-1.271232 1.214303 2.173228
-1.293349 1.219755 2.173228
-1.313518 1.230340 2.173228
-1.330568 1.245445 2.173228
-1.343508 1.264192 2.173228
-1.351585 1.285490 2.173228
-2.015910 1.277010 2.173228
-2.004803 1.247725 2.173228
-1.987011 1.221949 2.173228
-1.963567 1.201180 2.173228
-1.935835 1.186624 2.173228
-1.905424 1.179129 2.173228
-1.874104 1.179129 2.173228
-1.843693 1.186624 2.173228
-1.815960 1.201180 2.173228
-1.792516 1.221949 2.173228
-1.774724 1.247725 2.173228
-1.763618 1.277010 2.173228
-1.351585 1.285490 1.889764
-1.343508 1.264192 1.889764
-1.330568 1.245445 1.889764
-1.313518 1.230340 1.889764
-1.293349 1.219755 1.889764
-1.271232 1.214303 1.889764
-1.248453 1.214303 1.889764
-1.226337 1.219755 1.889764
-1.206167 1.230340 1.889764
-1.189117 1.245445 1.889764
-1.176177 1.264192 1.889764
-1.168100 1.285490 1.889764
-1.732283 3.040386 1.574803
1.771654 1.845681 0.727711
1.771654 1.758704 0.760697
1.771654 1.682149 0.813539
1.771654 1.620465 0.883167
1.771654 1.577235 0.965533
1.771654 1.554974 1.055851
1.771654 1.554974 1.148873
1.771654 1.577235 1.239191
1.771654 1.620465 1.321558
1.771654 1.682149 1.391185
1.771654 1.758704 1.444027
1.771654 1.845681 1.477013
-4.251968 3.670307 0.629921
-4.251968 3.670307 1.574803
</float_array>
          <technique_common>
            <accessor source="#Boss-Extrude13-POSITION-array" count="2720" stride="3">
              <param name="X" type="float"/>
              <param name="Y" type="float"/>
              <param name="Z" type="float"/>
            </accessor>
          </technique_common>
        </source>
        <source id="Boss-Extrude13-Normal0">
          <float_array id="Boss-Extrude13-Normal0-array" count="49860">
0.000000 0.000000 2.540000
0.000000 0.000000 2.540000
0.000000 0.607862 2.466192
0.000000 0.607862 2.466192
0.000000 0.000000 2.540000
0.000000 0.607862 2.466192
0.000000 0.607862 2.466192
0.000000 0.607862 2.466192
0.000000 1.180397 2.249058
0.000000 1.180397 2.249058
0.000000 0.607862 2.466192
0.000000 1.180397 2.249058
0.000000 1.180397 2.249058
0.000000 1.180397 2.249058
0.000000 1.684332 1.901217
0.000000 1.684332 1.901217
0.000000 1.180397 2.249058
0.000000 1.684332 1.901217
0.000000 1.684332 1.901217
0.000000 1.684332 1.901217
0.000000 2.090379 1.442884
0.000000 2.090379 1.442884
0.000000 1.684332 1.901217
0.000000 2.090379 1.442884
0.000000 2.090379 1.442884
0.000000 2.090379 1.442884
0.000000 2.374941 0.900696
0.000000 2.374941 0.900696
0.000000 2.090379 1.442884
0.000000 2.374941 0.900696
0.000000 2.374941 0.900696
0.000000 2.374941 0.900696
0.000000 2.521481 0.306163
0.000000 2.521481 0.306163
0.000000 2.374941 0.900696
0.000000 2.521481 0.306163
0.000000 2.521481 0.306163
0.000000 2.521481 0.306163
0.000000 2.521481 -0.306163
0.000000 2.521481 -0.306163
0.000000 2.521481 0.306163
0.000000 2.521481 -0.306163
0.000000 2.521481 -0.306163
0.000000 2.521481 -0.306163
0.000000 2.374941 -0.900696
0.000000 2.374941 -0.900696
0.000000 2.521481 -0.306163
0.000000 2.374941 -0.900696
0.000000 2.374941 -0.900696
0.000000 2.374941 -0.900696
0.000000 2.090379 -1.442884
0.000000 2.090379 -1.442884
0.000000 2.374941 -0.900696
0.000000 2.090379 -1.442884
0.000000 2.090379 -1.442884
0.000000 2.090379 -1.442884
0.000000 1.684332 -1.901217
0.000000 1.684332 -1.901217
0.000000 2.090379 -1.442884
0.000000 1.684332 -1.901217
0.000000 1.684332 -1.901217
0.000000 1.684332 -1.901217
0.000000 1.180397 -2.249058
0.000000 1.180397 -2.249058
0.000000 1.684332 -1.901217
0.000000 1.180397 -2.249058
0.000000 1.180397 -2.249058
0.000000 1.180397 -2.249058
0.000000 0.607862 -2.466192
0.000000 0.607862 -2.466192
0.000000 1.180397 -2.249058
0.000000 0.607862 -2.466192
0.000000 0.607862 -2.466192
0.000000 0.607862 -2.466192
0.000000 0.000000 -2.540000
0.000000 0.000000 -2.540000
0.000000 0.607862 -2.466192
0.000000 0.000000 -2.540000
2.540000 0.000000 0.000000
2.540000 0.000000 0.000000
2.466192 -0.607862 0.000000
2.466192 -0.607862 0.000000
2.540000 0.000000 0.000000
2.466192 -0.607862 0.000000
2.466192 -0.607862 0.000000
2.466192 -0.607862 0.000000
2.249058 -1.180397 0.000000
2.249058 -1.180397 0.000000
2.466192 -0.607862 0.000000
2.249058 -1.180397 0.000000
2.249058 -1.180397 0.000000
2.249058 -1.180397 0.000000
1.901217 -1.684332 0.000000
1.901217 -1.684332 0.000000
2.249058 -1.180397 0.000000
1.901217 -1.684332 0.000000
1.901217 -1.684332 0.000000
1.901217 -1.684332 0.000000
1.442884 -2.090379 0.000000
1.442884 -2.090379 0.000000
1.901217 -1.684332 0.000000
1.442884 -2.090379 0.000000
1.442884 -2.090379 0.000000
1.442884 -2.090379 0.000000
0.900696 -2.374941 0.000000
0.900696 -2.374941 0.000000
1.442884 -2.090379 0.000000
0.900696 -2.374941 0.000000
0.900696 -2.374941 0.000000
0.900696 -2.374941 0.000000
0.306163 -2.521481 0.000000
0.306163 -2.521481 0.000000
0.900696 -2.374941 0.000000
0.306163 -2.521481 0.000000
0.306163 -2.521481 0.000000
0.306163 -2.521481 0.000000
-0.306163 -2.521481 0.000000
-0.306163 -2.521481 0.000000
0.306163 -2.521481 0.000000
-0.306163 -2.521481 0.000000
-0.306163 -2.521481 0.000000
-0.306163 -2.521481 0.000000
-0.900696 -2.374941 0.000000
-0.900696 -2.374941 0.000000
-0.306163 -2.521481 0.000000
-0.900696 -2.374941 0.000000
-0.900696 -2.374941 0.000000
-0.900696 -2.374941 0.000000
-1.442884 -2.090379 0.000000
-1.442884 -2.090379 0.000000
-0.900696 -2.374941 0.000000
-1.442884 -2.090379 0.000000
-1.442884 -2.090379 0.000000
-1.442884 -2.090379 0.000000
-1.901217 -1.684332 0.000000
-1.901217 -1.684332 0.000000
-1.442884 -2.090379 0.000000
-1.901217 -1.684332 0.000000
-1.901217 -1.684332 0.000000
-1.901217 -1.684332 0.000000
-2.249058 -1.180397 0.000000
-2.249058 -1.180397 0.000000
-1.901217 -1.684332 0.000000
-2.249058 -1.180397 0.000000
-2.249058 -1.180397 0.000000
-2.249058 -1.180397 0.000000
-2.466192 -0.607862 0.000000
-2.466192 -0.607862 0.000000
-2.249058 -1.180397 0.000000
-2.466192 -0.607862 0.000000
-2.466192 -0.607862 0.000000
-2.466192 -0.607862 0.000000
-2.540000 -0.000000 0.000000
-2.540000 -0.000000 0.000000
-2.466192 -0.607862 0.000000
-2.540000 -0.000000 0.000000
2.540000 0.000000 0.000000
2.540000 0.000000 0.000000
2.466192 -0.607862 0.000000
2.466192 -0.607862 0.000000
2.540000 0.000000 0.000000
2.466192 -0.607862 0.000000
2.466192 -0.607862 0.000000
2.466192 -0.607862 0.000000
2.249058 -1.180397 0.000000
2.249058 -1.180397 0.000000
2.466192 -0.607862 0.000000
2.249058 -1.180397 0.000000
2.249058 -1.180397 0.000000
2.249058 -1.180397 0.000000
1.901217 -1.684332 0.000000
1.901217 -1.684332 0.000000
2.249058 -1.180397 0.000000
1.901217 -1.684332 0.000000
1.901217 -1.684332 0.000000
1.901217 -1.684332 0.000000
1.442884 -2.090379 0.000000
1.442884 -2.090379 0.000000
1.901217 -1.684332 0.000000
1.442884 -2.090379 0.000000
1.442884 -2.090379 0.000000
1.442884 -2.090379 0.000000
0.900696 -2.374941 0.000000
0.900696 -2.374941 0.000000
1.442884 -2.090379 0.000000
0.900696 -2.374941 0.000000
0.900696 -2.374941 0.000000
0.900696 -2.374941 0.000000
0.306163 -2.521481 0.000000
0.306163 -2.521481 0.000000
0.900696 -2.374941 0.000000
0.306163 -2.521481 0.000000
0.306163 -2.521481 0.000000
0.306163 -2.521481 0.000000
-0.306163 -2.521481 0.000000
-0.306163 -2.521481 0.000000
0.306163 -2.521481 0.000000
-0.306163 -2.521481 0.000000
-0.306163 -2.521481 0.000000
-0.306163 -2.521481 0.000000
-0.900696 -2.374941 0.000000
-0.900696 -2.374941 0.000000
-0.306163 -2.521481 0.000000
-0.900696 -2.374941 0.000000
-0.900696 -2.374941 0.000000
-0.900696 -2.374941 0.000000
-1.442884 -2.090379 0.000000
-1.442884 -2.090379 0.000000
-0.900696 -2.374941 0.000000
-1.442884 -2.090379 0.000000
-1.442884 -2.090379 0.000000
-1.442884 -2.090379 0.000000
-1.901217 -1.684332 0.000000
-1.901217 -1.684332 0.000000
-1.442884 -2.090379 0.000000
-1.901217 -1.684332 0.000000
-1.901217 -1.684332 0.000000
-1.901217 -1.684332 0.000000
-2.249058 -1.180397 0.000000
-2.249058 -1.180397 0.000000
-1.901217 -1.684332 0.000000
-2.249058 -1.180397 0.000000
-2.249058 -1.180397 0.000000
-2.249058 -1.180397 0.000000
-2.466192 -0.607862 0.000000
-2.466192 -0.607862 0.000000
-2.249058 -1.180397 0.000000
-2.466192 -0.607862 0.000000
-2.466192 -0.607862 0.000000
-2.466192 -0.607862 0.000000
-2.540000 -0.000000 0.000000
-2.540000 -0.000000 0.000000
-2.466192 -0.607862 0.000000
-2.540000 -0.000000 0.000000
2.540000 0.000000 0.000000
2.540000 0.000000 0.000000
2.466192 -0.607862 0.000000
2.466192 -0.607862 0.000000
2.540000 0.000000 0.000000
2.466192 -0.607862 0.000000
2.466192 -0.607862 0.000000
2.466192 -0.607862 0.000000
2.249058 -1.180397 0.000000
2.249058 -1.180397 0.000000
2.466192 -0.607862 0.000000
2.249058 -1.180397 0.000000
2.249058 -1.180397 0.000000
2.249058 -1.180397 0.000000
1.901217 -1.684332 0.000000
1.901217 -1.684332 0.000000
2.249058 -1.180397 0.000000
1.901217 -1.684332 0.000000
1.901217 -1.684332 0.000000
1.901217 -1.684332 0.000000
1.442884 -2.090379 0.000000
1.442884 -2.090379 0.000000
1.901217 -1.684332 0.000000
1.442884 -2.090379 0.000000
1.442884 -2.090379 0.000000
1.442884 -2.090379 0.000000
0.900696 -2.374941 0.000000
0.900696 -2.374941 0.000000
1.442884 -2.090379 0.000000
0.900696 -2.374941 0.000000
0.900696 -2.374941 0.000000
0.900696 -2.374941 0.000000
0.306163 -2.521481 0.000000
0.306163 -2.521481 0.000000
0.900696 -2.374941 0.000000
0.306163 -2.521481 0.000000
0.306163 -2.521481 0.000000
0.306163 -2.521481 0.000000
-0.306163 -2.521481 0.000000
-0.306163 -2.521481 0.000000
0.306163 -2.521481 0.000000
-0.306163 -2.521481 0.000000
-0.306163 -2.521481 0.000000
-0.306163 -2.521481 0.000000
-0.900696 -2.374941 0.000000
-0.900696 -2.374941 0.000000
-0.306163 -2.521481 0.000000
-0.900696 -2.374941 0.000000
-0.900696 -2.374941 0.000000
-0.900696 -2.374941 0.000000
-1.442884 -2.090379 0.000000
-1.442884 -2.090379 0.000000
-0.900696 -2.374941 0.000000
-1.442884 -2.090379 0.000000
-1.442884 -2.090379 0.000000
-1.442884 -2.090379 0.000000
-1.901217 -1.684332 0.000000
-1.901217 -1.684332 0.000000
-1.442884 -2.090379 0.000000
-1.901217 -1.684332 0.000000
-1.901217 -1.684332 0.000000
-1.901217 -1.684332 0.000000
-2.249058 -1.180397 0.000000
-2.249058 -1.180397 0.000000
-1.901217 -1.684332 0.000000
-2.249058 -1.180397 0.000000
-2.249058 -1.180397 0.000000
-2.249058 -1.180397 0.000000
-2.466192 -0.607862 0.000000
-2.466192 -0.607862 0.000000
-2.249058 -1.180397 0.000000
-2.466192 -0.607862 0.000000
-2.466192 -0.607862 0.000000
-2.466192 -0.607862 0.000000
-2.540000 -0.000000 0.000000
-2.540000 -0.000000 0.000000
-2.466192 -0.607862 0.000000
-2.540000 -0.000000 0.000000
-2.540000 0.000000 0.000000
-2.540000 0.000000 0.000000
-2.466192 -0.607862 0.000000
-2.466192 -0.607862 0.000000
-2.540000 0.000000 0.000000
-2.466192 -0.607862 0.000000
-2.466192 -0.607862 0.000000
-2.466192 -0.607862 0.000000
-2.249058 -1.180397 0.000000
-2.249058 -1.180397 0.000000
-2.466192 -0.607862 0.000000
-2.249058 -1.180397 0.000000
-2.249058 -1.180397 0.000000
-2.249058 -1.180397 0.000000
-1.901217 -1.684332 0.000000
-1.901217 -1.684332 0.000000
-2.249058 -1.180397 0.000000
-1.901217 -1.684332 0.000000
-1.901217 -1.684332 0.000000
-1.901217 -1.684332 0.000000
-1.442884 -2.090379 0.000000
-1.442884 -2.090379 0.000000
-1.901217 -1.684332 0.000000
-1.442884 -2.090379 0.000000
-1.442884 -2.090379 0.000000
-1.442884 -2.090379 0.000000
-0.900696 -2.374941 0.000000
-0.900696 -2.374941 0.000000
-1.442884 -2.090379 0.000000
-0.900696 -2.374941 0.000000
-0.900696 -2.374941 0.000000
-0.900696 -2.374941 0.000000
-0.306163 -2.521481 0.000000
-0.306163 -2.521481 0.000000
-0.900696 -2.374941 0.000000
-0.306163 -2.521481 0.000000
-0.306163 -2.521481 0.000000
-0.306163 -2.521481 0.000000
0.306163 -2.521481 0.000000
0.306163 -2.521481 0.000000
-0.306163 -2.521481 0.000000
0.306163 -2.521481 0.000000
0.306163 -2.521481 0.000000
0.306163 -2.521481 0.000000
0.900696 -2.374941 0.000000
0.900696 -2.374941 0.000000
0.306163 -2.521481 0.000000
0.900696 -2.374941 0.000000
0.900696 -2.374941 0.000000
0.900696 -2.374941 0.000000
1.442884 -2.090379 0.000000
1.442884 -2.090379 0.000000
0.900696 -2.374941 0.000000
1.442884 -2.090379 0.000000
1.442884 -2.090379 0.000000
1.442884 -2.090379 0.000000
1.901217 -1.684332 0.000000
1.901217 -1.684332 0.000000
1.442884 -2.090379 0.000000
1.901217 -1.684332 0.000000
1.901217 -1.684332 0.000000
1.901217 -1.684332 0.000000
2.249058 -1.180397 0.000000
2.249058 -1.180397 0.000000
1.901217 -1.684332 0.000000
2.249058 -1.180397 0.000000
2.249058 -1.180397 0.000000
2.249058 -1.180397 0.000000
2.466192 -0.607862 0.000000
2.466192 -0.607862 0.000000
2.249058 -1.180397 0.000000
2.466192 -0.607862 0.000000
2.466192 -0.607862 0.000000
2.466192 -0.607862 0.000000
2.540000 -0.000000 0.000000
2.540000 -0.000000 0.000000
2.466192 -0.607862 0.000000
2.540000 -0.000000 0.000000
0.000000 0.000000 2.540000
0.000000 0.000000 2.540000
-0.607862 0.000000 2.466192
-0.607862 0.000000 2.466192
0.000000 0.000000 2.540000
-0.607862 0.000000 2.466192
-0.607862 0.000000 2.466192
-0.607862 0.000000 2.466192
-1.180397 0.000000 2.249058
-1.180397 0.000000 2.249058
-0.607862 0.000000 2.466192
-1.180397 0.000000 2.249058
-1.180397 0.000000 2.249058
-1.180397 0.000000 2.249058
-1.684332 0.000000 1.901217
-1.684332 0.000000 1.901217
-1.180397 0.000000 2.249058
-1.684332 0.000000 1.901217
-1.684332 0.000000 1.901217
-1.684332 0.000000 1.901217
-2.090379 0.000000 1.442884
-2.090379 0.000000 1.442884
-1.684332 0.000000 1.901217
-2.090379 0.000000 1.442884
-2.090379 0.000000 1.442884
-2.090379 0.000000 1.442884
-2.374941 0.000000 0.900696
-2.374941 0.000000 0.900696
-2.090379 0.000000 1.442884
-2.374941 0.000000 0.900696
-2.374941 0.000000 0.900696
-2.374941 0.000000 0.900696
-2.521481 0.000000 0.306163
-2.521481 0.000000 0.306163
-2.374941 0.000000 0.900696
-2.521481 0.000000 0.306163
-2.521481 0.000000 0.306163
-2.521481 0.000000 0.306163
-2.521481 0.000000 -0.306163
-2.521481 0.000000 -0.306163
-2.521481 0.000000 0.306163
-2.521481 0.000000 -0.306163
-2.521481 0.000000 -0.306163
-2.521481 0.000000 -0.306163
-2.374941 0.000000 -0.900696
-2.374941 0.000000 -0.900696
-2.521481 0.000000 -0.306163
-2.374941 0.000000 -0.900696
-2.374941 0.000000 -0.900696
-2.374941 0.000000 -0.900696
-2.090379 0.000000 -1.442884
-2.090379 0.000000 -1.442884
-2.374941 0.000000 -0.900696
-2.090379 0.000000 -1.442884
-2.090379 0.000000 -1.442884
-2.090379 0.000000 -1.442884
-1.684332 0.000000 -1.901217
-1.684332 0.000000 -1.901217
-2.090379 0.000000 -1.442884
-1.684332 0.000000 -1.901217
-1.684332 0.000000 -1.901217
-1.684332 0.000000 -1.901217
-1.180397 0.000000 -2.249058
-1.180397 0.000000 -2.249058
-1.684332 0.000000 -1.901217
-1.180397 0.000000 -2.249058
-1.180397 0.000000 -2.249058
-1.180397 0.000000 -2.249058
-0.607862 0.000000 -2.466192
-0.607862 0.000000 -2.466192
-1.180397 0.000000 -2.249058
-0.607862 0.000000 -2.466192
-0.607862 0.000000 -2.466192
-0.607862 0.000000 -2.466192
-0.000000 0.000000 -2.540000
-0.000000 0.000000 -2.540000
-0.607862 0.000000 -2.466192
-0.000000 0.000000 -2.540000
0.000000 0.000000 2.540000
0.000000 0.000000 2.540000
-0.607862 0.000000 2.466192
-0.607862 0.000000 2.466192
0.000000 0.000000 2.540000
-0.607862 0.000000 2.466192
-0.607862 0.000000 2.466192
-0.607862 0.000000 2.466192
-1.180397 0.000000 2.249058
-1.180397 0.000000 2.249058
-0.607862 0.000000 2.466192
-1.180397 0.000000 2.249058
-1.180397 0.000000 2.249058
-1.180397 0.000000 2.249058
-1.684332 0.000000 1.901217
-1.684332 0.000000 1.901217
-1.180397 0.000000 2.249058
-1.684332 0.000000 1.901217
-1.684332 0.000000 1.901217
-1.684332 0.000000 1.901217
-2.090379 0.000000 1.442884
-2.090379 0.000000 1.442884
-1.684332 0.000000 1.901217
-2.090379 0.000000 1.442884
-2.090379 0.000000 1.442884
-2.090379 0.000000 1.442884
-2.374941 0.000000 0.900696
-2.374941 0.000000 0.900696
-2.090379 0.000000 1.442884
-2.374941 0.000000 0.900696
-2.374941 0.000000 0.900696
-2.374941 0.000000 0.900696
-2.521481 0.000000 0.306163
-2.521481 0.000000 0.306163
-2.374941 0.000000 0.900696
-2.521481 0.000000 0.306163
-2.521481 0.000000 0.306163
-2.521481 0.000000 0.306163
-2.521481 0.000000 -0.306163
-2.521481 0.000000 -0.306163
-2.521481 0.000000 0.306163
-2.521481 0.000000 -0.306163
-2.521481 0.000000 -0.306163
-2.521481 0.000000 -0.306163
-2.374941 0.000000 -0.900696
-2.374941 0.000000 -0.900696
-2.521481 0.000000 -0.306163
-2.374941 0.000000 -0.900696
-2.374941 0.000000 -0.900696
-2.374941 0.000000 -0.900696
-2.090379 0.000000 -1.442884
-2.090379 0.000000 -1.442884
-2.374941 0.000000 -0.900696
-2.090379 0.000000 -1.442884
-2.090379 0.000000 -1.442884
-2.090379 0.000000 -1.442884
-1.684332 0.000000 -1.901217
-1.684332 0.000000 -1.901217
-2.090379 0.000000 -1.442884
-1.684332 0.000000 -1.901217
-1.684332 0.000000 -1.901217
-1.684332 0.000000 -1.901217
-1.180397 0.000000 -2.249058
-1.180397 0.000000 -2.249058
-1.684332 0.000000 -1.901217
-1.180397 0.000000 -2.249058
-1.180397 0.000000 -2.249058
-1.180397 0.000000 -2.249058
-0.607862 0.000000 -2.466192
-0.607862 0.000000 -2.466192
-1.180397 0.000000 -2.249058
-0.607862 0.000000 -2.466192
-0.607862 0.000000 -2.466192
-0.607862 0.000000 -2.466192
-0.000000 0.000000 -2.540000
-0.000000 0.000000 -2.540000
-0.607862 0.000000 -2.466192
-0.000000 0.000000 -2.540000
0.000000 0.000000 2.540000
0.000000 0.000000 2.540000
-0.607862 0.000000 2.466192
-0.607862 0.000000 2.466192
0.000000 0.000000 2.540000
-0.607862 0.000000 2.466192
-0.607862 0.000000 2.466192
-0.607862 0.000000 2.466192
-1.180397 0.000000 2.249058
-1.180397 0.000000 2.249058
-0.607862 0.000000 2.466192
-1.180397 0.000000 2.249058
-1.180397 0.000000 2.249058
-1.180397 0.000000 2.249058
-1.684332 0.000000 1.901217
-1.684332 0.000000 1.901217
-1.180397 0.000000 2.249058
-1.684332 0.000000 1.901217
-1.684332 0.000000 1.901217
-1.684332 0.000000 1.901217
-2.090379 0.000000 1.442884
-2.090379 0.000000 1.442884
-1.684332 0.000000 1.901217
-2.090379 0.000000 1.442884
-2.090379 0.000000 1.442884
-2.090379 0.000000 1.442884
-2.374941 0.000000 0.900696
-2.374941 0.000000 0.900696
-2.090379 0.000000 1.442884
-2.374941 0.000000 0.900696
-2.374941 0.000000 0.900696
-2.374941 0.000000 0.900696
-2.521481 0.000000 0.306163
-2.521481 0.000000 0.306163
-2.374941 0.000000 0.900696
-2.521481 0.000000 0.306163
-2.521481 0.000000 0.306163
-2.521481 0.000000 0.306163
-2.521481 0.000000 -0.306163
-2.521481 0.000000 -0.306163
-2.521481 0.000000 0.306163
-2.521481 0.000000 -0.306163
-2.521481 0.000000 -0.306163
-2.521481 0.000000 -0.306163
-2.374941 0.000000 -0.900696
-2.374941 0.000000 -0.900696
-2.521481 0.000000 -0.306163
-2.374941 0.000000 -0.900696
-2.374941 0.000000 -0.900696
-2.374941 0.000000 -0.900696
-2.090379 0.000000 -1.442884
-2.090379 0.000000 -1.442884
-2.374941 0.000000 -0.900696
-2.090379 0.000000 -1.442884
-2.090379 0.000000 -1.442884
-2.090379 0.000000 -1.442884
-1.684332 0.000000 -1.901217
-1.684332 0.000000 -1.901217
-2.090379 0.000000 -1.442884
-1.684332 0.000000 -1.901217
-1.684332 0.000000 -1.901217
-1.684332 0.000000 -1.901217
-1.180397 0.000000 -2.249058
-1.180397 0.000000 -2.249058
-1.684332 0.000000 -1.901217
-1.180397 0.000000 -2.249058
-1.180397 0.000000 -2.249058
-1.180397 0.000000 -2.249058
-0.607862 0.000000 -2.466192
-0.607862 0.000000 -2.466192
-1.180397 0.000000 -2.249058
-0.607862 0.000000 -2.466192
-0.607862 0.000000 -2.466192
-0.607862 0.000000 -2.466192
-0.000000 0.000000 -2.540000
-0.000000 0.000000 -2.540000
-0.607862 0.000000 -2.466192
-0.000000 0.000000 -2.540000
0.000000 0.000000 2.540000
0.000000 0.000000 2.540000
-0.607862 0.000000 2.466192
-0.607862 0.000000 2.466192
0.000000 0.000000 2.540000
-0.607862 0.000000 2.466192
-0.607862 0.000000 2.466192
-0.607862 0.000000 2.466192
-1.180397 0.000000 2.249058
-1.180397 0.000000 2.249058
-0.607862 0.000000 2.466192
-1.180397 0.000000 2.249058
-1.180397 0.000000 2.249058
-1.180397 0.000000 2.249058
-1.684332 0.000000 1.901217
-1.684332 0.000000 1.901217
-1.180397 0.000000 2.249058
-1.684332 0.000000 1.901217
-1.684332 0.000000 1.901217
-1.684332 0.000000 1.901217
-2.090379 0.000000 1.442884
-2.090379 0.000000 1.442884
-1.684332 0.000000 1.901217
-2.090379 0.000000 1.442884
-2.090379 0.000000 1.442884
-2.090379 0.000000 1.442884
-2.374941 0.000000 0.900696
-2.374941 0.000000 0.900696
-2.090379 0.000000 1.442884
-2.374941 0.000000 0.900696
-2.374941 0.000000 0.900696
-2.374941 0.000000 0.900696
-2.521481 0.000000 0.306163
-2.521481 0.000000 0.306163
-2.374941 0.000000 0.900696
-2.521481 0.000000 0.306163
-2.521481 0.000000 0.306163
-2.521481 0.000000 0.306163
-2.521481 0.000000 -0.306163
-2.521481 0.000000 -0.306163
-2.521481 0.000000 0.306163
-2.521481 0.000000 -0.306163
-2.521481 0.000000 -0.306163
-2.521481 0.000000 -0.306163
-2.374941 0.000000 -0.900696
-2.374941 0.000000 -0.900696
-2.521481 0.000000 -0.306163
-2.374941 0.000000 -0.900696
-2.374941 0.000000 -0.900696
-2.374941 0.000000 -0.900696
-2.090379 0.000000 -1.442884
-2.090379 0.000000 -1.442884
-2.374941 0.000000 -0.900696
-2.090379 0.000000 -1.442884
-2.090379 0.000000 -1.442884
-2.090379 0.000000 -1.442884
-1.684332 0.000000 -1.901217
-1.684332 0.000000 -1.901217
-2.090379 0.000000 -1.442884
-1.684332 0.000000 -1.901217
-1.684332 0.000000 -1.901217
-1.684332 0.000000 -1.901217
-1.180397 0.000000 -2.249058
-1.180397 0.000000 -2.249058
-1.684332 0.000000 -1.901217
-1.180397 0.000000 -2.249058
-1.180397 0.000000 -2.249058
-1.180397 0.000000 -2.249058
-0.607862 0.000000 -2.466192
-0.607862 0.000000 -2.466192
-1.180397 0.000000 -2.249058
-0.607862 0.000000 -2.466192
-0.607862 0.000000 -2.466192
-0.607862 0.000000 -2.466192
-0.000000 0.000000 -2.540000
-0.000000 0.000000 -2.540000
-0.607862 0.000000 -2.466192
-0.000000 0.000000 -2.540000
0.000000 0.000000 2.540000
0.000000 0.000000 2.540000
-0.607862 0.000000 2.466192
-0.607862 0.000000 2.466192
0.000000 0.000000 2.540000
-0.607862 0.000000 2.466192
-0.607862 0.000000 2.466192
-0.607862 0.000000 2.466192
-1.180397 0.000000 2.249058
-1.180397 0.000000 2.249058
-0.607862 0.000000 2.466192
-1.180397 0.000000 2.249058
-1.180397 0.000000 2.249058
-1.180397 0.000000 2.249058
-1.684332 0.000000 1.901217
-1.684332 0.000000 1.901217
-1.180397 0.000000 2.249058
-1.684332 0.000000 1.901217
-1.684332 0.000000 1.901217
-1.684332 0.000000 1.901217
-2.090379 0.000000 1.442884
-2.090379 0.000000 1.442884
-1.684332 0.000000 1.901217
-2.090379 0.000000 1.442884
-2.090379 0.000000 1.442884
-2.090379 0.000000 1.442884
-2.374941 0.000000 0.900696
-2.374941 0.000000 0.900696
-2.090379 0.000000 1.442884
-2.374941 0.000000 0.900696
-2.374941 0.000000 0.900696
-2.374941 0.000000 0.900696
-2.521481 0.000000 0.306163
-2.521481 0.000000 0.306163
-2.374941 0.000000 0.900696
-2.521481 0.000000 0.306163
-2.521481 0.000000 0.306163
-2.521481 0.000000 0.306163
-2.521481 0.000000 -0.306163
-2.521481 0.000000 -0.306163
-2.521481 0.000000 0.306163
-2.521481 0.000000 -0.306163
-2.521481 0.000000 -0.306163
-2.521481 0.000000 -0.306163
-2.374941 0.000000 -0.900696
-2.374941 0.000000 -0.900696
-2.521481 0.000000 -0.306163
-2.374941 0.000000 -0.900696
-2.374941 0.000000 -0.900696
-2.374941 0.000000 -0.900696
-2.090379 0.000000 -1.442884
-2.090379 0.000000 -1.442884
-2.374941 0.000000 -0.900696
-2.090379 0.000000 -1.442884
-2.090379 0.000000 -1.442884
-2.090379 0.000000 -1.442884
-1.684332 0.000000 -1.901217
-1.684332 0.000000 -1.901217
-2.090379 0.000000 -1.442884
-1.684332 0.000000 -1.901217
-1.684332 0.000000 -1.901217
-1.684332 0.000000 -1.901217
-1.180397 0.000000 -2.249058
-1.180397 0.000000 -2.249058
-1.684332 0.000000 -1.901217
-1.180397 0.000000 -2.249058
-1.180397 0.000000 -2.249058
-1.180397 0.000000 -2.249058
-0.607862 0.000000 -2.466192
-0.607862 0.000000 -2.466192
-1.180397 0.000000 -2.249058
-0.607862 0.000000 -2.466192
-0.607862 0.000000 -2.466192
-0.607862 0.000000 -2.466192
-0.000000 0.000000 -2.540000
-0.000000 0.000000 -2.540000
-0.607862 0.000000 -2.466192
-0.000000 0.000000 -2.540000
0.000000 0.000000 2.540000
0.000000 0.000000 2.540000
-0.607862 0.000000 2.466192
-0.607862 0.000000 2.466192
0.000000 0.000000 2.540000
-0.607862 0.000000 2.466192
-0.607862 0.000000 2.466192
-0.607862 0.000000 2.466192
-1.180397 0.000000 2.249058
-1.180397 0.000000 2.249058
-0.607862 0.000000 2.466192
-1.180397 0.000000 2.249058
-1.180397 0.000000 2.249058
-1.180397 0.000000 2.249058
-1.684332 0.000000 1.901217
-1.684332 0.000000 1.901217
-1.180397 0.000000 2.249058
-1.684332 0.000000 1.901217
-1.684332 0.000000 1.901217
-1.684332 0.000000 1.901217
-2.090379 0.000000 1.442884
-2.090379 0.000000 1.442884
-1.684332 0.000000 1.901217
-2.090379 0.000000 1.442884
-2.090379 0.000000 1.442884
-2.090379 0.000000 1.442884
-2.374941 0.000000 0.900696
-2.374941 0.000000 0.900696
-2.090379 0.000000 1.442884
-2.374941 0.000000 0.900696
-2.374941 0.000000 0.900696
-2.374941 0.000000 0.900696
-2.521481 0.000000 0.306163
-2.521481 0.000000 0.306163
-2.374941 0.000000 0.900696
-2.521481 0.000000 0.306163
-2.521481 0.000000 0.306163
-2.521481 0.000000 0.306163
-2.521481 0.000000 -0.306163
-2.521481 0.000000 -0.306163
-2.521481 0.000000 0.306163
-2.521481 0.000000 -0.306163
-2.521481 0.000000 -0.306163
-2.521481 0.000000 -0.306163
-2.374941 0.000000 -0.900696
-2.374941 0.000000 -0.900696
-2.521481 0.000000 -0.306163
-2.374941 0.000000 -0.900696
-2.374941 0.000000 -0.900696
-2.374941 0.000000 -0.900696
-2.090379 0.000000 -1.442884
-2.090379 0.000000 -1.442884
-2.374941 0.000000 -0.900696
-2.090379 0.000000 -1.442884
-2.090379 0.000000 -1.442884
-2.090379 0.000000 -1.442884
-1.684332 0.000000 -1.901217
-1.684332 0.000000 -1.901217
-2.090379 0.000000 -1.442884
-1.684332 0.000000 -1.901217
-1.684332 0.000000 -1.901217
-1.684332 0.000000 -1.901217
-1.180397 0.000000 -2.249058
-1.180397 0.000000 -2.249058
-1.684332 0.000000 -1.901217
-1.180397 0.000000 -2.249058
-1.180397 0.000000 -2.249058
-1.180397 0.000000 -2.249058
-0.607862 0.000000 -2.466192
-0.607862 0.000000 -2.466192
-1.180397 0.000000 -2.249058
-0.607862 0.000000 -2.466192
-0.607862 0.000000 -2.466192
-0.607862 0.000000 -2.466192
-0.000000 0.000000 -2.540000
-0.000000 0.000000 -2.540000
-0.607862 0.000000 -2.466192
-0.000000 0.000000 -2.540000
0.000000 0.000000 2.540000
0.000000 0.000000 2.540000
-0.607862 0.000000 2.466192
-0.607862 0.000000 2.466192
0.000000 0.000000 2.540000
-0.607862 0.000000 2.466192
-0.607862 0.000000 2.466192
-0.607862 0.000000 2.466192
-1.180397 0.000000 2.249058
-1.180397 0.000000 2.249058
-0.607862 0.000000 2.466192
-1.180397 0.000000 2.249058
-1.180397 0.000000 2.249058
-1.180397 0.000000 2.249058
-1.684332 0.000000 1.901217
-1.684332 0.000000 1.901217
-1.180397 0.000000 2.249058
-1.684332 0.000000 1.901217
-1.684332 0.000000 1.901217
-1.684332 0.000000 1.901217
-2.090379 0.000000 1.442884
-2.090379 0.000000 1.442884
-1.684332 0.000000 1.901217
-2.090379 0.000000 1.442884
-2.090379 0.000000 1.442884
-2.090379 0.000000 1.442884
-2.374941 0.000000 0.900696
-2.374941 0.000000 0.900696
-2.090379 0.000000 1.442884
-2.374941 0.000000 0.900696
-2.374941 0.000000 0.900696
-2.374941 0.000000 0.900696
-2.521481 0.000000 0.306163
-2.521481 0.000000 0.306163
-2.374941 0.000000 0.900696
-2.521481 0.000000 0.306163
-2.521481 0.000000 0.306163
-2.521481 0.000000 0.306163
-2.521481 0.000000 -0.306163
-2.521481 0.000000 -0.306163
-2.521481 0.000000 0.306163
-2.521481 0.000000 -0.306163
-2.521481 0.000000 -0.306163
-2.521481 0.000000 -0.306163
-2.374941 0.000000 -0.900696
-2.374941 0.000000 -0.900696
-2.521481 0.000000 -0.306163
-2.374941 0.000000 -0.900696
-2.374941 0.000000 -0.900696
-2.374941 0.000000 -0.900696
-2.090379 0.000000 -1.442884
-2.090379 0.000000 -1.442884
-2.374941 0.000000 -0.900696
-2.090379 0.000000 -1.442884
-2.090379 0.000000 -1.442884
-2.090379 0.000000 -1.442884
-1.684332 0.000000 -1.901217
-1.684332 0.000000 -1.901217
-2.090379 0.000000 -1.442884
-1.684332 0.000000 -1.901217
-1.684332 0.000000 -1.901217
-1.684332 0.000000 -1.901217
-1.180397 0.000000 -2.249058
-1.180397 0.000000 -2.249058
-1.684332 0.000000 -1.901217
-1.180397 0.000000 -2.249058
-1.180397 0.000000 -2.249058
-1.180397 0.000000 -2.249058
-0.607862 0.000000 -2.466192
-0.607862 0.000000 -2.466192
-1.180397 0.000000 -2.249058
-0.607862 0.000000 -2.466192
-0.607862 0.000000 -2.466192
-0.607862 0.000000 -2.466192
-0.000000 0.000000 -2.540000
-0.000000 0.000000 -2.540000
-0.607862 0.000000 -2.466192
-0.000000 0.000000 -2.540000
0.000000 0.000000 2.540000
0.000000 0.000000 2.540000
-0.607862 0.000000 2.466192
-0.607862 0.000000 2.466192
0.000000 0.000000 2.540000
-0.607862 0.000000 2.466192
-0.607862 0.000000 2.466192
-0.607862 0.000000 2.466192
-1.180397 0.000000 2.249058
-1.180397 0.000000 2.249058
-0.607862 0.000000 2.466192
-1.180397 0.000000 2.249058
-1.180397 0.000000 2.249058
-1.180397 0.000000 2.249058
-1.684332 0.000000 1.901217
-1.684332 0.000000 1.901217
-1.180397 0.000000 2.249058
-1.684332 0.000000 1.901217
-1.684332 0.000000 1.901217
-1.684332 0.000000 1.901217
-2.090379 0.000000 1.442884
-2.090379 0.000000 1.442884
-1.684332 0.000000 1.901217
-2.090379 0.000000 1.442884
-2.090379 0.000000 1.442884
-2.090379 0.000000 1.442884
-2.374941 0.000000 0.900696
-2.374941 0.000000 0.900696
-2.090379 0.000000 1.442884
-2.374941 0.000000 0.900696
-2.374941 0.000000 0.900696
-2.374941 0.000000 0.900696
-2.521481 0.000000 0.306163
-2.521481 0.000000 0.306163
-2.374941 0.000000 0.900696
-2.521481 0.000000 0.306163
-2.521481 0.000000 0.306163
-2.521481 0.000000 0.306163
-2.521481 0.000000 -0.306163
-2.521481 0.000000 -0.306163
-2.521481 0.000000 0.306163
-2.521481 0.000000 -0.306163
-2.521481 0.000000 -0.306163
-2.521481 0.000000 -0.306163
-2.374941 0.000000 -0.900696
-2.374941 0.000000 -0.900696
-2.521481 0.000000 -0.306163
-2.374941 0.000000 -0.900696
-2.374941 0.000000 -0.900696
-2.374941 0.000000 -0.900696
-2.090379 0.000000 -1.442884
-2.090379 0.000000 -1.442884
-2.374941 0.000000 -0.900696
-2.090379 0.000000 -1.442884
-2.090379 0.000000 -1.442884
-2.090379 0.000000 -1.442884
-1.684332 0.000000 -1.901217
-1.684332 0.000000 -1.901217
-2.090379 0.000000 -1.442884
-1.684332 0.000000 -1.901217
-1.684332 0.000000 -1.901217
-1.684332 0.000000 -1.901217
-1.180397 0.000000 -2.249058
-1.180397 0.000000 -2.249058
-1.684332 0.000000 -1.901217
-1.180397 0.000000 -2.249058
-1.180397 0.000000 -2.249058
-1.180397 0.000000 -2.249058
-0.607862 0.000000 -2.466192
-0.607862 0.000000 -2.466192
-1.180397 0.000000 -2.249058
-0.607862 0.000000 -2.466192
-0.607862 0.000000 -2.466192
-0.607862 0.000000 -2.466192
-0.000000 0.000000 -2.540000
-0.000000 0.000000 -2.540000
-0.607862 0.000000 -2.466192
-0.000000 0.000000 -2.540000
0.000000 0.000000 2.540000
0.000000 0.000000 2.540000
-0.607862 0.000000 2.466192
-0.607862 0.000000 2.466192
0.000000 0.000000 2.540000
-0.607862 0.000000 2.466192
-0.607862 0.000000 2.466192
-0.607862 0.000000 2.466192
-1.180397 0.000000 2.249058
-1.180397 0.000000 2.249058
-0.607862 0.000000 2.466192
-1.180397 0.000000 2.249058
-1.180397 0.000000 2.249058
-1.180397 0.000000 2.249058
-1.684332 0.000000 1.901217
-1.684332 0.000000 1.901217
-1.180397 0.000000 2.249058
-1.684332 0.000000 1.901217
-1.684332 0.000000 1.901217
-1.684332 0.000000 1.901217
-2.090379 0.000000 1.442884
-2.090379 0.000000 1.442884
-1.684332 0.000000 1.901217
-2.090379 0.000000 1.442884
-2.090379 0.000000 1.442884
-2.090379 0.000000 1.442884
-2.374941 0.000000 0.900696
-2.374941 0.000000 0.900696
-2.090379 0.000000 1.442884
-2.374941 0.000000 0.900696
-2.374941 0.000000 0.900696
-2.374941 0.000000 0.900696
-2.521481 0.000000 0.306163
-2.521481 0.000000 0.306163
-2.374941 0.000000 0.900696
-2.521481 0.000000 0.306163
-2.521481 0.000000 0.306163
-2.521481 0.000000 0.306163
-2.521481 0.000000 -0.306163
-2.521481 0.000000 -0.306163
-2.521481 0.000000 0.306163
-2.521481 0.000000 -0.306163
-2.521481 0.000000 -0.306163
-2.521481 0.000000 -0.306163
-2.374941 0.000000 -0.900696
-2.374941 0.000000 -0.900696
-2.521481 0.000000 -0.306163
-2.374941 0.000000 -0.900696
-2.374941 0.000000 -0.900696
-2.374941 0.000000 -0.900696
-2.090379 0.000000 -1.442884
-2.090379 0.000000 -1.442884
-2.374941 0.000000 -0.900696
-2.090379 0.000000 -1.442884
-2.090379 0.000000 -1.442884
-2.090379 0.000000 -1.442884
-1.684332 0.000000 -1.901217
-1.684332 0.000000 -1.901217
-2.090379 0.000000 -1.442884
-1.684332 0.000000 -1.901217
-1.684332 0.000000 -1.901217
-1.684332 0.000000 -1.901217
-1.180397 0.000000 -2.249058
-1.180397 0.000000 -2.249058
-1.684332 0.000000 -1.901217
-1.180397 0.000000 -2.249058
-1.180397 0.000000 -2.249058
-1.180397 0.000000 -2.249058
-0.607862 0.000000 -2.466192
-0.607862 0.000000 -2.466192
-1.180397 0.000000 -2.249058
-0.607862 0.000000 -2.466192
-0.607862 0.000000 -2.466192
-0.607862 0.000000 -2.466192
-0.000000 0.000000 -2.540000
-0.000000 0.000000 -2.540000
-0.607862 0.000000 -2.466192
-0.000000 0.000000 -2.540000
0.000000 0.000000 2.540000
0.000000 0.000000 2.540000
-0.607862 0.000000 2.466192
-0.607862 0.000000 2.466192
0.000000 0.000000 2.540000
-0.607862 0.000000 2.466192
-0.607862 0.000000 2.466192
-0.607862 0.000000 2.466192
-1.180397 0.000000 2.249058
-1.180397 0.000000 2.249058
-0.607862 0.000000 2.466192
-1.180397 0.000000 2.249058
-1.180397 0.000000 2.249058
-1.180397 0.000000 2.249058
-1.684332 0.000000 1.901217
-1.684332 0.000000 1.901217
-1.180397 0.000000 2.249058
-1.684332 0.000000 1.901217
-1.684332 0.000000 1.901217
-1.684332 0.000000 1.901217
-2.090379 0.000000 1.442884
-2.090379 0.000000 1.442884
-1.684332 0.000000 1.901217
-2.090379 0.000000 1.442884
-2.090379 0.000000 1.442884
-2.090379 0.000000 1.442884
-2.374941 0.000000 0.900696
-2.374941 0.000000 0.900696
-2.090379 0.000000 1.442884
-2.374941 0.000000 0.900696
-2.374941 0.000000 0.900696
-2.374941 0.000000 0.900696
-2.521481 0.000000 0.306163
-2.521481 0.000000 0.306163
-2.374941 0.000000 0.900696
-2.521481 0.000000 0.306163
-2.521481 0.000000 0.306163
-2.521481 0.000000 0.306163
-2.521481 0.000000 -0.306163
-2.521481 0.000000 -0.306163
-2.521481 0.000000 0.306163
-2.521481 0.000000 -0.306163
-2.521481 0.000000 -0.306163
-2.521481 0.000000 -0.306163
-2.374941 0.000000 -0.900696
-2.374941 0.000000 -0.900696
-2.521481 0.000000 -0.306163
-2.374941 0.000000 -0.900696
-2.374941 0.000000 -0.900696
-2.374941 0.000000 -0.900696
-2.090379 0.000000 -1.442884
-2.090379 0.000000 -1.442884
-2.374941 0.000000 -0.900696
-2.090379 0.000000 -1.442884
-2.090379 0.000000 -1.442884
-2.090379 0.000000 -1.442884
-1.684332 0.000000 -1.901217
-1.684332 0.000000 -1.901217
-2.090379 0.000000 -1.442884
-1.684332 0.000000 -1.901217
-1.684332 0.000000 -1.901217
-1.684332 0.000000 -1.901217
-1.180397 0.000000 -2.249058
-1.180397 0.000000 -2.249058
-1.684332 0.000000 -1.901217
-1.180397 0.000000 -2.249058
-1.180397 0.000000 -2.249058
-1.180397 0.000000 -2.249058
-0.607862 0.000000 -2.466192
-0.607862 0.000000 -2.466192
-1.180397 0.000000 -2.249058
-0.607862 0.000000 -2.466192
-0.607862 0.000000 -2.466192
-0.607862 0.000000 -2.466192
-0.000000 0.000000 -2.540000
-0.000000 0.000000 -2.540000
-0.607862 0.000000 -2.466192
-0.000000 0.000000 -2.540000
0.000000 0.000000 2.540000
0.000000 0.000000 2.540000
-0.607862 0.000000 2.466192
-0.607862 0.000000 2.466192
0.000000 0.000000 2.540000
-0.607862 0.000000 2.466192
-0.607862 0.000000 2.466192
-0.607862 0.000000 2.466192
-1.180397 0.000000 2.249058
-1.180397 0.000000 2.249058
-0.607862 0.000000 2.466192
-1.180397 0.000000 2.249058
-1.180397 0.000000 2.249058
-1.180397 0.000000 2.249058
-1.684332 0.000000 1.901217
-1.684332 0.000000 1.901217
-1.180397 0.000000 2.249058
-1.684332 0.000000 1.901217
-1.684332 0.000000 1.901217
-1.684332 0.000000 1.901217
-2.090379 0.000000 1.442884
-2.090379 0.000000 1.442884
-1.684332 0.000000 1.901217
-2.090379 0.000000 1.442884
-2.090379 0.000000 1.442884
-2.090379 0.000000 1.442884
-2.374941 0.000000 0.900696
-2.374941 0.000000 0.900696
-2.090379 0.000000 1.442884
-2.374941 0.000000 0.900696
-2.374941 0.000000 0.900696
-2.374941 0.000000 0.900696
-2.521481 0.000000 0.306163
-2.521481 0.000000 0.306163
-2.374941 0.000000 0.900696
-2.521481 0.000000 0.306163
-2.521481 0.000000 0.306163
-2.521481 0.000000 0.306163
-2.521481 0.000000 -0.306163
-2.521481 0.000000 -0.306163
-2.521481 0.000000 0.306163
-2.521481 0.000000 -0.306163
-2.521481 0.000000 -0.306163
-2.521481 0.000000 -0.306163
-2.374941 0.000000 -0.900696
-2.374941 0.000000 -0.900696
-2.521481 0.000000 -0.306163
-2.374941 0.000000 -0.900696
-2.374941 0.000000 -0.900696
-2.374941 0.000000 -0.900696
-2.090379 0.000000 -1.442884
-2.090379 0.000000 -1.442884
-2.374941 0.000000 -0.900696
-2.090379 0.000000 -1.442884
-2.090379 0.000000 -1.442884
-2.090379 0.000000 -1.442884
-1.684332 0.000000 -1.901217
-1.684332 0.000000 -1.901217
-2.090379 0.000000 -1.442884
-1.684332 0.000000 -1.901217
-1.684332 0.000000 -1.901217
-1.684332 0.000000 -1.901217
-1.180397 0.000000 -2.249058
-1.180397 0.000000 -2.249058
-1.684332 0.000000 -1.901217
-1.180397 0.000000 -2.249058
-1.180397 0.000000 -2.249058
-1.180397 0.000000 -2.249058
-0.607862 0.000000 -2.466192
-0.607862 0.000000 -2.466192
-1.180397 0.000000 -2.249058
-0.607862 0.000000 -2.466192
-0.607862 0.000000 -2.466192
-0.607862 0.000000 -2.466192
-0.000000 0.000000 -2.540000
-0.000000 0.000000 -2.540000
-0.607862 0.000000 -2.466192
-0.000000 0.000000 -2.540000
2.540000 0.000000 0.000000
2.540000 0.000000 0.000000
2.476317 0.000000 0.565203
2.476317 0.000000 0.565203
2.540000 0.000000 0.000000
2.476317 0.000000 0.565203
2.476317 0.000000 0.565203
2.476317 0.000000 0.565203
2.288461 0.000000 1.102065
2.288461 0.000000 1.102065
2.476317 0.000000 0.565203
2.288461 0.000000 1.102065
2.288461 0.000000 1.102065
2.288461 0.000000 1.102065
1.985852 0.000000 1.583664
1.985852 0.000000 1.583664
2.288461 0.000000 1.102065
1.985852 0.000000 1.583664
1.985852 0.000000 1.583664
1.985852 0.000000 1.583664
1.583664 0.000000 1.985852
1.583664 0.000000 1.985852
1.985852 0.000000 1.583664
1.583664 0.000000 1.985852
1.583664 0.000000 1.985852
1.583664 0.000000 1.985852
1.102065 0.000000 2.288461
1.102065 0.000000 2.288461
1.583664 0.000000 1.985852
1.102065 0.000000 2.288461
1.102065 0.000000 2.288461
1.102065 0.000000 2.288461
0.565203 0.000000 2.476317
0.565203 0.000000 2.476317
1.102065 0.000000 2.288461
0.565203 0.000000 2.476317
0.565203 0.000000 2.476317
0.565203 0.000000 2.476317
0.000000 0.000000 2.540000
0.000000 0.000000 2.540000
0.565203 0.000000 2.476317
0.000000 0.000000 2.540000
0.000000 0.000000 2.540000
0.000000 0.000000 2.540000
-0.607862 0.000000 2.466192
-0.607862 0.000000 2.466192
0.000000 0.000000 2.540000
-0.607862 0.000000 2.466192
-0.607862 0.000000 2.466192
-0.607862 0.000000 2.466192
-1.180397 0.000000 2.249058
-1.180397 0.000000 2.249058
-0.607862 0.000000 2.466192
-1.180397 0.000000 2.249058
-1.180397 0.000000 2.249058
-1.180397 0.000000 2.249058
-1.684332 0.000000 1.901217
-1.684332 0.000000 1.901217
-1.180397 0.000000 2.249058
-1.684332 0.000000 1.901217
-1.684332 0.000000 1.901217
-1.684332 0.000000 1.901217
-2.090379 0.000000 1.442884
-2.090379 0.000000 1.442884
-1.684332 0.000000 1.901217
-2.090379 0.000000 1.442884
-2.090379 0.000000 1.442884
-2.090379 0.000000 1.442884
-2.374941 0.000000 0.900696
-2.374941 0.000000 0.900696
-2.090379 0.000000 1.442884
-2.374941 0.000000 0.900696
-2.374941 0.000000 0.900696
-2.374941 0.000000 0.900696
-2.521481 0.000000 0.306163
-2.521481 0.000000 0.306163
-2.374941 0.000000 0.900696
-2.521481 0.000000 0.306163
-2.521481 0.000000 0.306163
-2.521481 0.000000 0.306163
-2.521481 0.000000 -0.306163
-2.521481 0.000000 -0.306163
-2.521481 0.000000 0.306163
-2.521481 0.000000 -0.306163
-2.521481 0.000000 -0.306163
-2.521481 0.000000 -0.306163
-2.374941 0.000000 -0.900696
-2.374941 0.000000 -0.900696
-2.521481 0.000000 -0.306163
-2.374941 0.000000 -0.900696
-2.374941 0.000000 -0.900696
-2.374941 0.000000 -0.900696
-2.090379 0.000000 -1.442884
-2.090379 0.000000 -1.442884
-2.374941 0.000000 -0.900696
-2.090379 0.000000 -1.442884
-2.090379 0.000000 -1.442884
-2.090379 0.000000 -1.442884
-1.684332 0.000000 -1.901217
-1.684332 0.000000 -1.901217
-2.090379 0.000000 -1.442884
-1.684332 0.000000 -1.901217
-1.684332 0.000000 -1.901217
-1.684332 0.000000 -1.901217
-1.180397 0.000000 -2.249058
-1.180397 0.000000 -2.249058
-1.684332 0.000000 -1.901217
-1.180397 0.000000 -2.249058
-1.180397 0.000000 -2.249058
-1.180397 0.000000 -2.249058
-0.607862 0.000000 -2.466192
-0.607862 0.000000 -2.466192
-1.180397 0.000000 -2.249058
-0.607862 0.000000 -2.466192
-0.607862 0.000000 -2.466192
-0.607862 0.000000 -2.466192
-0.000000 0.000000 -2.540000
-0.000000 0.000000 -2.540000
-0.607862 0.000000 -2.466192
-0.000000 0.000000 -2.540000
0.000000 0.000000 2.540000
0.000000 0.000000 2.540000
-0.607862 0.000000 2.466192
-0.607862 0.000000 2.466192
0.000000 0.000000 2.540000
-0.607862 0.000000 2.466192
-0.607862 0.000000 2.466192
-0.607862 0.000000 2.466192
-1.180397 0.000000 2.249058
-1.180397 0.000000 2.249058
-0.607862 0.000000 2.466192
-1.180397 0.000000 2.249058
-1.180397 0.000000 2.249058
-1.180397 0.000000 2.249058
-1.684332 0.000000 1.901217
-1.684332 0.000000 1.901217
-1.180397 0.000000 2.249058
-1.684332 0.000000 1.901217
-1.684332 0.000000 1.901217
-1.684332 0.000000 1.901217
-2.090379 0.000000 1.442884
-2.090379 0.000000 1.442884
-1.684332 0.000000 1.901217
-2.090379 0.000000 1.442884
-2.090379 0.000000 1.442884
-2.090379 0.000000 1.442884
-2.374941 0.000000 0.900696
-2.374941 0.000000 0.900696
-2.090379 0.000000 1.442884
-2.374941 0.000000 0.900696
-2.374941 0.000000 0.900696
-2.374941 0.000000 0.900696
-2.521481 0.000000 0.306163
-2.521481 0.000000 0.306163
-2.374941 0.000000 0.900696
-2.521481 0.000000 0.306163
-2.521481 0.000000 0.306163
-2.521481 0.000000 0.306163
-2.521481 0.000000 -0.306163
-2.521481 0.000000 -0.306163
-2.521481 0.000000 0.306163
-2.521481 0.000000 -0.306163
-2.521481 0.000000 -0.306163
-2.521481 0.000000 -0.306163
-2.374941 0.000000 -0.900696
-2.374941 0.000000 -0.900696
-2.521481 0.000000 -0.306163
-2.374941 0.000000 -0.900696
-2.374941 0.000000 -0.900696
-2.374941 0.000000 -0.900696
-2.090379 0.000000 -1.442884
-2.090379 0.000000 -1.442884
-2.374941 0.000000 -0.900696
-2.090379 0.000000 -1.442884
-2.090379 0.000000 -1.442884
-2.090379 0.000000 -1.442884
-1.684332 0.000000 -1.901217
-1.684332 0.000000 -1.901217
-2.090379 0.000000 -1.442884
-1.684332 0.000000 -1.901217
-1.684332 0.000000 -1.901217
-1.684332 0.000000 -1.901217
-1.180397 0.000000 -2.249058
-1.180397 0.000000 -2.249058
-1.684332 0.000000 -1.901217
-1.180397 0.000000 -2.249058
-1.180397 0.000000 -2.249058
-1.180397 0.000000 -2.249058
-0.607862 0.000000 -2.466192
-0.607862 0.000000 -2.466192
-1.180397 0.000000 -2.249058
-0.607862 0.000000 -2.466192
-0.607862 0.000000 -2.466192
-0.607862 0.000000 -2.466192
-0.000000 0.000000 -2.540000
-0.000000 0.000000 -2.540000
-0.607862 0.000000 -2.466192
-0.000000 0.000000 -2.540000
0.000000 0.000000 2.540000
0.000000 0.000000 2.540000
-0.607862 0.000000 2.466192
-0.607862 0.000000 2.466192
0.000000 0.000000 2.540000
-0.607862 0.000000 2.466192
-0.607862 0.000000 2.466192
-0.607862 0.000000 2.466192
-1.180397 0.000000 2.249058
-1.180397 0.000000 2.249058
-0.607862 0.000000 2.466192
-1.180397 0.000000 2.249058
-1.180397 0.000000 2.249058
-1.180397 0.000000 2.249058
-1.684332 0.000000 1.901217
-1.684332 0.000000 1.901217
-1.180397 0.000000 2.249058
-1.684332 0.000000 1.901217
-1.684332 0.000000 1.901217
-1.684332 0.000000 1.901217
-2.090379 0.000000 1.442884
-2.090379 0.000000 1.442884
-1.684332 0.000000 1.901217
-2.090379 0.000000 1.442884
-2.090379 0.000000 1.442884
-2.090379 0.000000 1.442884
-2.374941 0.000000 0.900696
-2.374941 0.000000 0.900696
-2.090379 0.000000 1.442884
-2.374941 0.000000 0.900696
-2.374941 0.000000 0.900696
-2.374941 0.000000 0.900696
-2.521481 0.000000 0.306163
-2.521481 0.000000 0.306163
-2.374941 0.000000 0.900696
-2.521481 0.000000 0.306163
-2.521481 0.000000 0.306163
-2.521481 0.000000 0.306163
-2.521481 0.000000 -0.306163
-2.521481 0.000000 -0.306163
-2.521481 0.000000 0.306163
-2.521481 0.000000 -0.306163
-2.521481 0.000000 -0.306163
-2.521481 0.000000 -0.306163
-2.374941 0.000000 -0.900696
-2.374941 0.000000 -0.900696
-2.521481 0.000000 -0.306163
-2.374941 0.000000 -0.900696
-2.374941 0.000000 -0.900696
-2.374941 0.000000 -0.900696
-2.090379 0.000000 -1.442884
-2.090379 0.000000 -1.442884
-2.374941 0.000000 -0.900696
-2.090379 0.000000 -1.442884
-2.090379 0.000000 -1.442884
-2.090379 0.000000 -1.442884
-1.684332 0.000000 -1.901217
-1.684332 0.000000 -1.901217
-2.090379 0.000000 -1.442884
-1.684332 0.000000 -1.901217
-1.684332 0.000000 -1.901217
-1.684332 0.000000 -1.901217
-1.180397 0.000000 -2.249058
-1.180397 0.000000 -2.249058
-1.684332 0.000000 -1.901217
-1.180397 0.000000 -2.249058
-1.180397 0.000000 -2.249058
-1.180397 0.000000 -2.249058
-0.607862 0.000000 -2.466192
-0.607862 0.000000 -2.466192
-1.180397 0.000000 -2.249058
-0.607862 0.000000 -2.466192
-0.607862 0.000000 -2.466192
-0.607862 0.000000 -2.466192
-0.000000 0.000000 -2.540000
-0.000000 0.000000 -2.540000
-0.607862 0.000000 -2.466192
-0.000000 0.000000 -2.540000
2.540000 0.000000 0.000000
2.540000 0.000000 0.000000
2.466192 -0.607862 0.000000
2.466192 -0.607862 0.000000
2.540000 0.000000 0.000000
2.466192 -0.607862 0.000000
2.466192 -0.607862 0.000000
2.466192 -0.607862 0.000000
2.249058 -1.180397 0.000000
2.249058 -1.180397 0.000000
2.466192 -0.607862 0.000000
2.249058 -1.180397 0.000000
2.249058 -1.180397 0.000000
2.249058 -1.180397 0.000000
1.901217 -1.684332 0.000000
1.901217 -1.684332 0.000000
2.249058 -1.180397 0.000000
1.901217 -1.684332 0.000000
1.901217 -1.684332 0.000000
1.901217 -1.684332 0.000000
1.442884 -2.090379 0.000000
1.442884 -2.090379 0.000000
1.901217 -1.684332 0.000000
1.442884 -2.090379 0.000000
1.442884 -2.090379 0.000000
1.442884 -2.090379 0.000000
0.900696 -2.374941 0.000000
0.900696 -2.374941 0.000000
1.442884 -2.090379 0.000000
0.900696 -2.374941 0.000000
0.900696 -2.374941 0.000000
0.900696 -2.374941 0.000000
0.306163 -2.521481 0.000000
0.306163 -2.521481 0.000000
0.900696 -2.374941 0.000000
0.306163 -2.521481 0.000000
0.306163 -2.521481 0.000000
0.306163 -2.521481 0.000000
-0.306163 -2.521481 0.000000
-0.306163 -2.521481 0.000000
0.306163 -2.521481 0.000000
-0.306163 -2.521481 0.000000
-0.306163 -2.521481 0.000000
-0.306163 -2.521481 0.000000
-0.900696 -2.374941 0.000000
-0.900696 -2.374941 0.000000
-0.306163 -2.521481 0.000000
-0.900696 -2.374941 0.000000
-0.900696 -2.374941 0.000000
-0.900696 -2.374941 0.000000
-1.442884 -2.090379 0.000000
-1.442884 -2.090379 0.000000
-0.900696 -2.374941 0.000000
-1.442884 -2.090379 0.000000
-1.442884 -2.090379 0.000000
-1.442884 -2.090379 0.000000
-1.901217 -1.684332 0.000000
-1.901217 -1.684332 0.000000
-1.442884 -2.090379 0.000000
-1.901217 -1.684332 0.000000
-1.901217 -1.684332 0.000000
-1.901217 -1.684332 0.000000
-2.249058 -1.180397 0.000000
-2.249058 -1.180397 0.000000
-1.901217 -1.684332 0.000000
-2.249058 -1.180397 0.000000
-2.249058 -1.180397 0.000000
-2.249058 -1.180397 0.000000
-2.466192 -0.607862 0.000000
-2.466192 -0.607862 0.000000
-2.249058 -1.180397 0.000000
-2.466192 -0.607862 0.000000
-2.466192 -0.607862 0.000000
-2.466192 -0.607862 0.000000
-2.540000 -0.000000 0.000000
-2.540000 -0.000000 0.000000
-2.466192 -0.607862 0.000000
-2.540000 -0.000000 0.000000
2.540000 0.000000 0.000000
2.540000 0.000000 0.000000
2.466192 0.607862 0.000000
2.466192 0.607862 0.000000
2.540000 0.000000 0.000000
2.466192 0.607862 0.000000
2.466192 0.607862 0.000000
2.466192 0.607862 0.000000
2.249058 1.180397 0.000000
2.249058 1.180397 0.000000
2.466192 0.607862 0.000000
2.249058 1.180397 0.000000
2.249058 1.180397 0.000000
2.249058 1.180397 0.000000
1.901217 1.684332 0.000000
1.901217 1.684332 0.000000
2.249058 1.180397 0.000000
1.901217 1.684332 0.000000
1.901217 1.684332 0.000000
1.901217 1.684332 0.000000
1.442884 2.090379 0.000000
1.442884 2.090379 0.000000
1.901217 1.684332 0.000000
1.442884 2.090379 0.000000
1.442884 2.090379 0.000000
1.442884 2.090379 0.000000
0.900696 2.374941 0.000000
0.900696 2.374941 0.000000
1.442884 2.090379 0.000000
0.900696 2.374941 0.000000
0.900696 2.374941 0.000000
0.900696 2.374941 0.000000
0.306163 2.521481 0.000000
0.306163 2.521481 0.000000
0.900696 2.374941 0.000000
0.306163 2.521481 0.000000
0.306163 2.521481 0.000000
0.306163 2.521481 0.000000
-0.306163 2.521481 0.000000
-0.306163 2.521481 0.000000
0.306163 2.521481 0.000000
-0.306163 2.521481 0.000000
-0.306163 2.521481 0.000000
-0.306163 2.521481 0.000000
-0.900696 2.374941 0.000000
-0.900696 2.374941 0.000000
-0.306163 2.521481 0.000000
-0.900696 2.374941 0.000000
-0.900696 2.374941 0.000000
-0.900696 2.374941 0.000000
-1.442884 2.090379 0.000000
-1.442884 2.090379 0.000000
-0.900696 2.374941 0.000000
-1.442884 2.090379 0.000000
-1.442884 2.090379 0.000000
-1.442884 2.090379 0.000000
-1.901217 1.684332 0.000000
-1.901217 1.684332 0.000000
-1.442884 2.090379 0.000000
-1.901217 1.684332 0.000000
-1.901217 1.684332 0.000000
-1.901217 1.684332 0.000000
-2.249058 1.180397 0.000000
-2.249058 1.180397 0.000000
-1.901217 1.684332 0.000000
-2.249058 1.180397 0.000000
-2.249058 1.180397 0.000000
-2.249058 1.180397 0.000000
-2.466192 0.607862 0.000000
-2.466192 0.607862 0.000000
-2.249058 1.180397 0.000000
-2.466192 0.607862 0.000000
-2.466192 0.607862 0.000000
-2.466192 0.607862 0.000000
-2.540000 0.000000 0.000000
-2.540000 0.000000 0.000000
-2.466192 0.607862 0.000000
-2.540000 0.000000 0.000000
2.540000 0.000000 0.000000
2.540000 0.000000 0.000000
2.466192 0.607862 0.000000
2.466192 0.607862 0.000000
2.540000 0.000000 0.000000
2.466192 0.607862 0.000000
2.466192 0.607862 0.000000
2.466192 0.607862 0.000000
2.249058 1.180397 0.000000
2.249058 1.180397 0.000000
2.466192 0.607862 0.000000
2.249058 1.180397 0.000000
2.249058 1.180397 0.000000
2.249058 1.180397 0.000000
1.901217 1.684332 0.000000
1.901217 1.684332 0.000000
2.249058 1.180397 0.000000
1.901217 1.684332 0.000000
1.901217 1.684332 0.000000
1.901217 1.684332 0.000000
1.442884 2.090379 0.000000
1.442884 2.090379 0.000000
1.901217 1.684332 0.000000
1.442884 2.090379 0.000000
1.442884 2.090379 0.000000
1.442884 2.090379 0.000000
0.900696 2.374941 0.000000
0.900696 2.374941 0.000000
1.442884 2.090379 0.000000
0.900696 2.374941 0.000000
0.900696 2.374941 0.000000
0.900696 2.374941 0.000000
0.306163 2.521481 0.000000
0.306163 2.521481 0.000000
0.900696 2.374941 0.000000
0.306163 2.521481 0.000000
0.306163 2.521481 0.000000
0.306163 2.521481 0.000000
-0.306163 2.521481 0.000000
-0.306163 2.521481 0.000000
0.306163 2.521481 0.000000
-0.306163 2.521481 0.000000
-0.306163 2.521481 0.000000
-0.306163 2.521481 0.000000
-0.900696 2.374941 0.000000
-0.900696 2.374941 0.000000
-0.306163 2.521481 0.000000
-0.900696 2.374941 0.000000
-0.900696 2.374941 0.000000
-0.900696 2.374941 0.000000
-1.442884 2.090379 0.000000
-1.442884 2.090379 0.000000
-0.900696 2.374941 0.000000
-1.442884 2.090379 0.000000
-1.442884 2.090379 0.000000
-1.442884 2.090379 0.000000
-1.901217 1.684332 0.000000
-1.901217 1.684332 0.000000
-1.442884 2.090379 0.000000
-1.901217 1.684332 0.000000
-1.901217 1.684332 0.000000
-1.901217 1.684332 0.000000
-2.249058 1.180397 0.000000
-2.249058 1.180397 0.000000
-1.901217 1.684332 0.000000
-2.249058 1.180397 0.000000
-2.249058 1.180397 0.000000
-2.249058 1.180397 0.000000
-2.466192 0.607862 0.000000
-2.466192 0.607862 0.000000
-2.249058 1.180397 0.000000
-2.466192 0.607862 0.000000
-2.466192 0.607862 0.000000
-2.466192 0.607862 0.000000
-2.540000 0.000000 0.000000
-2.540000 0.000000 0.000000
-2.466192 0.607862 0.000000
-2.540000 0.000000 0.000000
2.540000 0.000000 0.000000
2.540000 0.000000 0.000000
2.466192 0.607862 0.000000
2.466192 0.607862 0.000000
2.540000 0.000000 0.000000
2.466192 0.607862 0.000000
2.466192 0.607862 0.000000
2.466192 0.607862 0.000000
2.249058 1.180397 0.000000
2.249058 1.180397 0.000000
2.466192 0.607862 0.000000
2.249058 1.180397 0.000000
2.249058 1.180397 0.000000
2.249058 1.180397 0.000000
1.901217 1.684332 0.000000
1.901217 1.684332 0.000000
2.249058 1.180397 0.000000
1.901217 1.684332 0.000000
1.901217 1.684332 0.000000
1.901217 1.684332 0.000000
1.442884 2.090379 0.000000
1.442884 2.090379 0.000000
1.901217 1.684332 0.000000
1.442884 2.090379 0.000000
1.442884 2.090379 0.000000
1.442884 2.090379 0.000000
0.900696 2.374941 0.000000
0.900696 2.374941 0.000000
1.442884 2.090379 0.000000
0.900696 2.374941 0.000000
0.900696 2.374941 0.000000
0.900696 2.374941 0.000000
0.306163 2.521481 0.000000
0.306163 2.521481 0.000000
0.900696 2.374941 0.000000
0.306163 2.521481 0.000000
0.306163 2.521481 0.000000
0.306163 2.521481 0.000000
-0.306163 2.521481 0.000000
-0.306163 2.521481 0.000000
0.306163 2.521481 0.000000
-0.306163 2.521481 0.000000
-0.306163 2.521481 0.000000
-0.306163 2.521481 0.000000
-0.900696 2.374941 0.000000
-0.900696 2.374941 0.000000
-0.306163 2.521481 0.000000
-0.900696 2.374941 0.000000
-0.900696 2.374941 0.000000
-0.900696 2.374941 0.000000
-1.442884 2.090379 0.000000
-1.442884 2.090379 0.000000
-0.900696 2.374941 0.000000
-1.442884 2.090379 0.000000
-1.442884 2.090379 0.000000
-1.442884 2.090379 0.000000
-1.901217 1.684332 0.000000
-1.901217 1.684332 0.000000
-1.442884 2.090379 0.000000
-1.901217 1.684332 0.000000
-1.901217 1.684332 0.000000
-1.901217 1.684332 0.000000
-2.249058 1.180397 0.000000
-2.249058 1.180397 0.000000
-1.901217 1.684332 0.000000
-2.249058 1.180397 0.000000
-2.249058 1.180397 0.000000
-2.249058 1.180397 0.000000
-2.466192 0.607862 0.000000
-2.466192 0.607862 0.000000
-2.249058 1.180397 0.000000
-2.466192 0.607862 0.000000
-2.466192 0.607862 0.000000
-2.466192 0.607862 0.000000
-2.540000 0.000000 0.000000
-2.540000 0.000000 0.000000
-2.466192 0.607862 0.000000
-2.540000 0.000000 0.000000
-2.540000 0.000000 0.000000
-2.540000 0.000000 0.000000
-2.466192 0.607862 0.000000
-2.466192 0.607862 0.000000
-2.540000 0.000000 0.000000
-2.466192 0.607862 0.000000
-2.466192 0.607862 0.000000
-2.466192 0.607862 0.000000
-2.249058 1.180397 0.000000
-2.249058 1.180397 0.000000
-2.466192 0.607862 0.000000
-2.249058 1.180397 0.000000
-2.249058 1.180397 0.000000
-2.249058 1.180397 0.000000
-1.901217 1.684332 0.000000
-1.901217 1.684332 0.000000
-2.249058 1.180397 0.000000
-1.901217 1.684332 0.000000
-1.901217 1.684332 0.000000
-1.901217 1.684332 0.000000
-1.442884 2.090379 0.000000
-1.442884 2.090379 0.000000
-1.901217 1.684332 0.000000
-1.442884 2.090379 0.000000
-1.442884 2.090379 0.000000
-1.442884 2.090379 0.000000
-0.900696 2.374941 0.000000
-0.900696 2.374941 0.000000
-1.442884 2.090379 0.000000
-0.900696 2.374941 0.000000
-0.900696 2.374941 0.000000
-0.900696 2.374941 0.000000
-0.306163 2.521481 0.000000
-0.306163 2.521481 0.000000
-0.900696 2.374941 0.000000
-0.306163 2.521481 0.000000
-0.306163 2.521481 0.000000
-0.306163 2.521481 0.000000
0.306163 2.521481 0.000000
0.306163 2.521481 0.000000
-0.306163 2.521481 0.000000
0.306163 2.521481 0.000000
0.306163 2.521481 0.000000
0.306163 2.521481 0.000000
0.900696 2.374941 0.000000
0.900696 2.374941 0.000000
0.306163 2.521481 0.000000
0.900696 2.374941 0.000000
0.900696 2.374941 0.000000
0.900696 2.374941 0.000000
1.442884 2.090379 0.000000
1.442884 2.090379 0.000000
0.900696 2.374941 0.000000
1.442884 2.090379 0.000000
1.442884 2.090379 0.000000
1.442884 2.090379 0.000000
1.901217 1.684332 0.000000
1.901217 1.684332 0.000000
1.442884 2.090379 0.000000
1.901217 1.684332 0.000000
1.901217 1.684332 0.000000
1.901217 1.684332 0.000000
2.249058 1.180397 0.000000
2.249058 1.180397 0.000000
1.901217 1.684332 0.000000
2.249058 1.180397 0.000000
2.249058 1.180397 0.000000
2.249058 1.180397 0.000000
2.466192 0.607862 0.000000
2.466192 0.607862 0.000000
2.249058 1.180397 0.000000
2.466192 0.607862 0.000000
2.466192 0.607862 0.000000
2.466192 0.607862 0.000000
2.540000 0.000000 0.000000
2.540000 0.000000 0.000000
2.466192 0.607862 0.000000
2.540000 0.000000 0.000000
0.000000 0.000000 -2.540000
0.000000 0.000000 -2.540000
0.607862 0.000000 -2.466192
0.607862 0.000000 -2.466192
0.000000 0.000000 -2.540000
0.607862 0.000000 -2.466192
0.607862 0.000000 -2.466192
0.607862 0.000000 -2.466192
1.180397 0.000000 -2.249058
1.180397 0.000000 -2.249058
0.607862 0.000000 -2.466192
1.180397 0.000000 -2.249058
1.180397 0.000000 -2.249058
1.180397 0.000000 -2.249058
1.684332 0.000000 -1.901217
1.684332 0.000000 -1.901217
1.180397 0.000000 -2.249058
1.684332 0.000000 -1.901217
1.684332 0.000000 -1.901217
1.684332 0.000000 -1.901217
2.090379 0.000000 -1.442884
2.090379 0.000000 -1.442884
1.684332 0.000000 -1.901217
2.090379 0.000000 -1.442884
2.090379 0.000000 -1.442884
2.090379 0.000000 -1.442884
2.374941 0.000000 -0.900696
2.374941 0.000000 -0.900696
2.090379 0.000000 -1.442884
2.374941 0.000000 -0.900696
2.374941 0.000000 -0.900696
2.374941 0.000000 -0.900696
2.521481 0.000000 -0.306163
2.521481 0.000000 -0.306163
2.374941 0.000000 -0.900696
2.521481 0.000000 -0.306163
2.521481 0.000000 -0.306163
2.521481 0.000000 -0.306163
2.521481 0.000000 0.306163
2.521481 0.000000 0.306163
2.521481 0.000000 -0.306163
2.521481 0.000000 0.306163
2.521481 0.000000 0.306163
2.521481 0.000000 0.306163
2.374941 0.000000 0.900696
2.374941 0.000000 0.900696
2.521481 0.000000 0.306163
2.374941 0.000000 0.900696
2.374941 0.000000 0.900696
2.374941 0.000000 0.900696
2.090379 0.000000 1.442884
2.090379 0.000000 1.442884
2.374941 0.000000 0.900696
2.090379 0.000000 1.442884
2.090379 0.000000 1.442884
2.090379 0.000000 1.442884
1.684332 0.000000 1.901217
1.684332 0.000000 1.901217
2.090379 0.000000 1.442884
1.684332 0.000000 1.901217
1.684332 0.000000 1.901217
1.684332 0.000000 1.901217
1.180397 0.000000 2.249058
1.180397 0.000000 2.249058
1.684332 0.000000 1.901217
1.180397 0.000000 2.249058
1.180397 0.000000 2.249058
1.180397 0.000000 2.249058
0.607862 0.000000 2.466192
0.607862 0.000000 2.466192
1.180397 0.000000 2.249058
0.607862 0.000000 2.466192
0.607862 0.000000 2.466192
0.607862 0.000000 2.466192
0.000000 0.000000 2.540000
0.000000 0.000000 2.540000
0.607862 0.000000 2.466192
0.000000 0.000000 2.540000
0.000000 0.000000 -2.540000
0.000000 0.000000 -2.540000
0.607862 0.000000 -2.466192
0.607862 0.000000 -2.466192
0.000000 0.000000 -2.540000
0.607862 0.000000 -2.466192
0.607862 0.000000 -2.466192
0.607862 0.000000 -2.466192
1.180397 0.000000 -2.249058
1.180397 0.000000 -2.249058
0.607862 0.000000 -2.466192
1.180397 0.000000 -2.249058
1.180397 0.000000 -2.249058
1.180397 0.000000 -2.249058
1.684332 0.000000 -1.901217
1.684332 0.000000 -1.901217
1.180397 0.000000 -2.249058
1.684332 0.000000 -1.901217
1.684332 0.000000 -1.901217
1.684332 0.000000 -1.901217
2.090379 0.000000 -1.442884
2.090379 0.000000 -1.442884
1.684332 0.000000 -1.901217
2.090379 0.000000 -1.442884
2.090379 0.000000 -1.442884
2.090379 0.000000 -1.442884
2.374941 0.000000 -0.900696
2.374941 0.000000 -0.900696
2.090379 0.000000 -1.442884
2.374941 0.000000 -0.900696
2.374941 0.000000 -0.900696
2.374941 0.000000 -0.900696
2.521481 0.000000 -0.306163
2.521481 0.000000 -0.306163
2.374941 0.000000 -0.900696
2.521481 0.000000 -0.306163
2.521481 0.000000 -0.306163
2.521481 0.000000 -0.306163
2.521481 0.000000 0.306163
2.521481 0.000000 0.306163
2.521481 0.000000 -0.306163
2.521481 0.000000 0.306163
2.521481 0.000000 0.306163
2.521481 0.000000 0.306163
2.374941 0.000000 0.900696
2.374941 0.000000 0.900696
2.521481 0.000000 0.306163
2.374941 0.000000 0.900696
2.374941 0.000000 0.900696
2.374941 0.000000 0.900696
2.090379 0.000000 1.442884
2.090379 0.000000 1.442884
2.374941 0.000000 0.900696
2.090379 0.000000 1.442884
2.090379 0.000000 1.442884
2.090379 0.000000 1.442884
1.684332 0.000000 1.901217
1.684332 0.000000 1.901217
2.090379 0.000000 1.442884
1.684332 0.000000 1.901217
1.684332 0.000000 1.901217
1.684332 0.000000 1.901217
1.180397 0.000000 2.249058
1.180397 0.000000 2.249058
1.684332 0.000000 1.901217
1.180397 0.000000 2.249058
1.180397 0.000000 2.249058
1.180397 0.000000 2.249058
0.607862 0.000000 2.466192
0.607862 0.000000 2.466192
1.180397 0.000000 2.249058
0.607862 0.000000 2.466192
0.607862 0.000000 2.466192
0.607862 0.000000 2.466192
0.000000 0.000000 2.540000
0.000000 0.000000 2.540000
0.607862 0.000000 2.466192
0.000000 0.000000 2.540000
0.000000 0.000000 -2.540000
0.000000 0.000000 -2.540000
0.607862 0.000000 -2.466192
0.607862 0.000000 -2.466192
0.000000 0.000000 -2.540000
0.607862 0.000000 -2.466192
0.607862 0.000000 -2.466192
0.607862 0.000000 -2.466192
1.180397 0.000000 -2.249058
1.180397 0.000000 -2.249058
0.607862 0.000000 -2.466192
1.180397 0.000000 -2.249058
1.180397 0.000000 -2.249058
1.180397 0.000000 -2.249058
1.684332 0.000000 -1.901217
1.684332 0.000000 -1.901217
1.180397 0.000000 -2.249058
1.684332 0.000000 -1.901217
1.684332 0.000000 -1.901217
1.684332 0.000000 -1.901217
2.090379 0.000000 -1.442884
2.090379 0.000000 -1.442884
1.684332 0.000000 -1.901217
2.090379 0.000000 -1.442884
2.090379 0.000000 -1.442884
2.090379 0.000000 -1.442884
2.374941 0.000000 -0.900696
2.374941 0.000000 -0.900696
2.090379 0.000000 -1.442884
2.374941 0.000000 -0.900696
2.374941 0.000000 -0.900696
2.374941 0.000000 -0.900696
2.521481 0.000000 -0.306163
2.521481 0.000000 -0.306163
2.374941 0.000000 -0.900696
2.521481 0.000000 -0.306163
2.521481 0.000000 -0.306163
2.521481 0.000000 -0.306163
2.521481 0.000000 0.306163
2.521481 0.000000 0.306163
2.521481 0.000000 -0.306163
2.521481 0.000000 0.306163
2.521481 0.000000 0.306163
2.521481 0.000000 0.306163
2.374941 0.000000 0.900696
2.374941 0.000000 0.900696
2.521481 0.000000 0.306163
2.374941 0.000000 0.900696
2.374941 0.000000 0.900696
2.374941 0.000000 0.900696
2.090379 0.000000 1.442884
2.090379 0.000000 1.442884
2.374941 0.000000 0.900696
2.090379 0.000000 1.442884
2.090379 0.000000 1.442884
2.090379 0.000000 1.442884
1.684332 0.000000 1.901217
1.684332 0.000000 1.901217
2.090379 0.000000 1.442884
1.684332 0.000000 1.901217
1.684332 0.000000 1.901217
1.684332 0.000000 1.901217
1.180397 0.000000 2.249058
1.180397 0.000000 2.249058
1.684332 0.000000 1.901217
1.180397 0.000000 2.249058
1.180397 0.000000 2.249058
1.180397 0.000000 2.249058
0.607862 0.000000 2.466192
0.607862 0.000000 2.466192
1.180397 0.000000 2.249058
0.607862 0.000000 2.466192
0.607862 0.000000 2.466192
0.607862 0.000000 2.466192
0.000000 0.000000 2.540000
0.000000 0.000000 2.540000
0.607862 0.000000 2.466192
0.000000 0.000000 2.540000
0.000000 0.000000 -2.540000
0.000000 0.000000 -2.540000
0.607862 0.000000 -2.466192
0.607862 0.000000 -2.466192
0.000000 0.000000 -2.540000
0.607862 0.000000 -2.466192
0.607862 0.000000 -2.466192
0.607862 0.000000 -2.466192
1.180397 0.000000 -2.249058
1.180397 0.000000 -2.249058
0.607862 0.000000 -2.466192
1.180397 0.000000 -2.249058
1.180397 0.000000 -2.249058
1.180397 0.000000 -2.249058
1.684332 0.000000 -1.901217
1.684332 0.000000 -1.901217
1.180397 0.000000 -2.249058
1.684332 0.000000 -1.901217
1.684332 0.000000 -1.901217
1.684332 0.000000 -1.901217
2.090379 0.000000 -1.442884
2.090379 0.000000 -1.442884
1.684332 0.000000 -1.901217
2.090379 0.000000 -1.442884
2.090379 0.000000 -1.442884
2.090379 0.000000 -1.442884
2.374941 0.000000 -0.900696
2.374941 0.000000 -0.900696
2.090379 0.000000 -1.442884
2.374941 0.000000 -0.900696
2.374941 0.000000 -0.900696
2.374941 0.000000 -0.900696
2.521481 0.000000 -0.306163
2.521481 0.000000 -0.306163
2.374941 0.000000 -0.900696
2.521481 0.000000 -0.306163
2.521481 0.000000 -0.306163
2.521481 0.000000 -0.306163
2.521481 0.000000 0.306163
2.521481 0.000000 0.306163
2.521481 0.000000 -0.306163
2.521481 0.000000 0.306163
2.521481 0.000000 0.306163
2.521481 0.000000 0.306163
2.374941 0.000000 0.900696
2.374941 0.000000 0.900696
2.521481 0.000000 0.306163
2.374941 0.000000 0.900696
2.374941 0.000000 0.900696
2.374941 0.000000 0.900696
2.090379 0.000000 1.442884
2.090379 0.000000 1.442884
2.374941 0.000000 0.900696
2.090379 0.000000 1.442884
2.090379 0.000000 1.442884
2.090379 0.000000 1.442884
1.684332 0.000000 1.901217
1.684332 0.000000 1.901217
2.090379 0.000000 1.442884
1.684332 0.000000 1.901217
1.684332 0.000000 1.901217
1.684332 0.000000 1.901217
1.180397 0.000000 2.249058
1.180397 0.000000 2.249058
1.684332 0.000000 1.901217
1.180397 0.000000 2.249058
1.180397 0.000000 2.249058
1.180397 0.000000 2.249058
0.607862 0.000000 2.466192
0.607862 0.000000 2.466192
1.180397 0.000000 2.249058
0.607862 0.000000 2.466192
0.607862 0.000000 2.466192
0.607862 0.000000 2.466192
0.000000 0.000000 2.540000
0.000000 0.000000 2.540000
0.607862 0.000000 2.466192
0.000000 0.000000 2.540000
0.000000 0.000000 -2.540000
0.000000 0.000000 -2.540000
0.607862 0.000000 -2.466192
0.607862 0.000000 -2.466192
0.000000 0.000000 -2.540000
0.607862 0.000000 -2.466192
0.607862 0.000000 -2.466192
0.607862 0.000000 -2.466192
1.180397 0.000000 -2.249058
1.180397 0.000000 -2.249058
0.607862 0.000000 -2.466192
1.180397 0.000000 -2.249058
1.180397 0.000000 -2.249058
1.180397 0.000000 -2.249058
1.684332 0.000000 -1.901217
1.684332 0.000000 -1.901217
1.180397 0.000000 -2.249058
1.684332 0.000000 -1.901217
1.684332 0.000000 -1.901217
1.684332 0.000000 -1.901217
2.090379 0.000000 -1.442884
2.090379 0.000000 -1.442884
1.684332 0.000000 -1.901217
2.090379 0.000000 -1.442884
2.090379 0.000000 -1.442884
2.090379 0.000000 -1.442884
2.374941 0.000000 -0.900696
2.374941 0.000000 -0.900696
2.090379 0.000000 -1.442884
2.374941 0.000000 -0.900696
2.374941 0.000000 -0.900696
2.374941 0.000000 -0.900696
2.521481 0.000000 -0.306163
2.521481 0.000000 -0.306163
2.374941 0.000000 -0.900696
2.521481 0.000000 -0.306163
2.521481 0.000000 -0.306163
2.521481 0.000000 -0.306163
2.521481 0.000000 0.306163
2.521481 0.000000 0.306163
2.521481 0.000000 -0.306163
2.521481 0.000000 0.306163
2.521481 0.000000 0.306163
2.521481 0.000000 0.306163
2.374941 0.000000 0.900696
2.374941 0.000000 0.900696
2.521481 0.000000 0.306163
2.374941 0.000000 0.900696
2.374941 0.000000 0.900696
2.374941 0.000000 0.900696
2.090379 0.000000 1.442884
2.090379 0.000000 1.442884
2.374941 0.000000 0.900696
2.090379 0.000000 1.442884
2.090379 0.000000 1.442884
2.090379 0.000000 1.442884
1.684332 0.000000 1.901217
1.684332 0.000000 1.901217
2.090379 0.000000 1.442884
1.684332 0.000000 1.901217
1.684332 0.000000 1.901217
1.684332 0.000000 1.901217
1.180397 0.000000 2.249058
1.180397 0.000000 2.249058
1.684332 0.000000 1.901217
1.180397 0.000000 2.249058
1.180397 0.000000 2.249058
1.180397 0.000000 2.249058
0.607862 0.000000 2.466192
0.607862 0.000000 2.466192
1.180397 0.000000 2.249058
0.607862 0.000000 2.466192
0.607862 0.000000 2.466192
0.607862 0.000000 2.466192
0.000000 0.000000 2.540000
0.000000 0.000000 2.540000
0.607862 0.000000 2.466192
0.000000 0.000000 2.540000
0.000000 0.000000 -2.540000
0.000000 0.000000 -2.540000
0.607862 0.000000 -2.466192
0.607862 0.000000 -2.466192
0.000000 0.000000 -2.540000
0.607862 0.000000 -2.466192
0.607862 0.000000 -2.466192
0.607862 0.000000 -2.466192
1.180397 0.000000 -2.249058
1.180397 0.000000 -2.249058
0.607862 0.000000 -2.466192
1.180397 0.000000 -2.249058
1.180397 0.000000 -2.249058
1.180397 0.000000 -2.249058
1.684332 0.000000 -1.901217
1.684332 0.000000 -1.901217
1.180397 0.000000 -2.249058
1.684332 0.000000 -1.901217
1.684332 0.000000 -1.901217
1.684332 0.000000 -1.901217
2.090379 0.000000 -1.442884
2.090379 0.000000 -1.442884
1.684332 0.000000 -1.901217
2.090379 0.000000 -1.442884
2.090379 0.000000 -1.442884
2.090379 0.000000 -1.442884
2.374941 0.000000 -0.900696
2.374941 0.000000 -0.900696
2.090379 0.000000 -1.442884
2.374941 0.000000 -0.900696
2.374941 0.000000 -0.900696
2.374941 0.000000 -0.900696
2.521481 0.000000 -0.306163
2.521481 0.000000 -0.306163
2.374941 0.000000 -0.900696
2.521481 0.000000 -0.306163
2.521481 0.000000 -0.306163
2.521481 0.000000 -0.306163
2.521481 0.000000 0.306163
2.521481 0.000000 0.306163
2.521481 0.000000 -0.306163
2.521481 0.000000 0.306163
2.521481 0.000000 0.306163
2.521481 0.000000 0.306163
2.374941 0.000000 0.900696
2.374941 0.000000 0.900696
2.521481 0.000000 0.306163
2.374941 0.000000 0.900696
2.374941 0.000000 0.900696
2.374941 0.000000 0.900696
2.090379 0.000000 1.442884
2.090379 0.000000 1.442884
2.374941 0.000000 0.900696
2.090379 0.000000 1.442884
2.090379 0.000000 1.442884
2.090379 0.000000 1.442884
1.684332 0.000000 1.901217
1.684332 0.000000 1.901217
2.090379 0.000000 1.442884
1.684332 0.000000 1.901217
1.684332 0.000000 1.901217
1.684332 0.000000 1.901217
1.180397 0.000000 2.249058
1.180397 0.000000 2.249058
1.684332 0.000000 1.901217
1.180397 0.000000 2.249058
1.180397 0.000000 2.249058
1.180397 0.000000 2.249058
0.607862 0.000000 2.466192
0.607862 0.000000 2.466192
1.180397 0.000000 2.249058
0.607862 0.000000 2.466192
0.607862 0.000000 2.466192
0.607862 0.000000 2.466192
0.000000 0.000000 2.540000
0.000000 0.000000 2.540000
0.607862 0.000000 2.466192
0.000000 0.000000 2.540000
0.000000 0.000000 -2.540000
0.000000 0.000000 -2.540000
0.607862 0.000000 -2.466192
0.607862 0.000000 -2.466192
0.000000 0.000000 -2.540000
0.607862 0.000000 -2.466192
0.607862 0.000000 -2.466192
0.607862 0.000000 -2.466192
1.180397 0.000000 -2.249058
1.180397 0.000000 -2.249058
0.607862 0.000000 -2.466192
1.180397 0.000000 -2.249058
1.180397 0.000000 -2.249058
1.180397 0.000000 -2.249058
1.684332 0.000000 -1.901217
1.684332 0.000000 -1.901217
1.180397 0.000000 -2.249058
1.684332 0.000000 -1.901217
1.684332 0.000000 -1.901217
1.684332 0.000000 -1.901217
2.090379 0.000000 -1.442884
2.090379 0.000000 -1.442884
1.684332 0.000000 -1.901217
2.090379 0.000000 -1.442884
2.090379 0.000000 -1.442884
2.090379 0.000000 -1.442884
2.374941 0.000000 -0.900696
2.374941 0.000000 -0.900696
2.090379 0.000000 -1.442884
2.374941 0.000000 -0.900696
2.374941 0.000000 -0.900696
2.374941 0.000000 -0.900696
2.521481 0.000000 -0.306163
2.521481 0.000000 -0.306163
2.374941 0.000000 -0.900696
2.521481 0.000000 -0.306163
2.521481 0.000000 -0.306163
2.521481 0.000000 -0.306163
2.521481 0.000000 0.306163
2.521481 0.000000 0.306163
2.521481 0.000000 -0.306163
2.521481 0.000000 0.306163
2.521481 0.000000 0.306163
2.521481 0.000000 0.306163
2.374941 0.000000 0.900696
2.374941 0.000000 0.900696
2.521481 0.000000 0.306163
2.374941 0.000000 0.900696
2.374941 0.000000 0.900696
2.374941 0.000000 0.900696
2.090379 0.000000 1.442884
2.090379 0.000000 1.442884
2.374941 0.000000 0.900696
2.090379 0.000000 1.442884
2.090379 0.000000 1.442884
2.090379 0.000000 1.442884
1.684332 0.000000 1.901217
1.684332 0.000000 1.901217
2.090379 0.000000 1.442884
1.684332 0.000000 1.901217
1.684332 0.000000 1.901217
1.684332 0.000000 1.901217
1.180397 0.000000 2.249058
1.180397 0.000000 2.249058
1.684332 0.000000 1.901217
1.180397 0.000000 2.249058
1.180397 0.000000 2.249058
1.180397 0.000000 2.249058
0.607862 0.000000 2.466192
0.607862 0.000000 2.466192
1.180397 0.000000 2.249058
0.607862 0.000000 2.466192
0.607862 0.000000 2.466192
0.607862 0.000000 2.466192
0.000000 0.000000 2.540000
0.000000 0.000000 2.540000
0.607862 0.000000 2.466192
0.000000 0.000000 2.540000
0.000000 0.000000 -2.540000
0.000000 0.000000 -2.540000
0.607862 0.000000 -2.466192
0.607862 0.000000 -2.466192
0.000000 0.000000 -2.540000
0.607862 0.000000 -2.466192
0.607862 0.000000 -2.466192
0.607862 0.000000 -2.466192
1.180397 0.000000 -2.249058
1.180397 0.000000 -2.249058
0.607862 0.000000 -2.466192
1.180397 0.000000 -2.249058
1.180397 0.000000 -2.249058
1.180397 0.000000 -2.249058
1.684332 0.000000 -1.901217
1.684332 0.000000 -1.901217
1.180397 0.000000 -2.249058
1.684332 0.000000 -1.901217
1.684332 0.000000 -1.901217
1.684332 0.000000 -1.901217
2.090379 0.000000 -1.442884
2.090379 0.000000 -1.442884
1.684332 0.000000 -1.901217
2.090379 0.000000 -1.442884
2.090379 0.000000 -1.442884
2.090379 0.000000 -1.442884
2.374941 0.000000 -0.900696
2.374941 0.000000 -0.900696
2.090379 0.000000 -1.442884
2.374941 0.000000 -0.900696
2.374941 0.000000 -0.900696
2.374941 0.000000 -0.900696
2.521481 0.000000 -0.306163
2.521481 0.000000 -0.306163
2.374941 0.000000 -0.900696
2.521481 0.000000 -0.306163
2.521481 0.000000 -0.306163
2.521481 0.000000 -0.306163
2.521481 0.000000 0.306163
2.521481 0.000000 0.306163
2.521481 0.000000 -0.306163
2.521481 0.000000 0.306163
2.521481 0.000000 0.306163
2.521481 0.000000 0.306163
2.374941 0.000000 0.900696
2.374941 0.000000 0.900696
2.521481 0.000000 0.306163
2.374941 0.000000 0.900696
2.374941 0.000000 0.900696
2.374941 0.000000 0.900696
2.090379 0.000000 1.442884
2.090379 0.000000 1.442884
2.374941 0.000000 0.900696
2.090379 0.000000 1.442884
2.090379 0.000000 1.442884
2.090379 0.000000 1.442884
1.684332 0.000000 1.901217
1.684332 0.000000 1.901217
2.090379 0.000000 1.442884
1.684332 0.000000 1.901217
1.684332 0.000000 1.901217
1.684332 0.000000 1.901217
1.180397 0.000000 2.249058
1.180397 0.000000 2.249058
1.684332 0.000000 1.901217
1.180397 0.000000 2.249058
1.180397 0.000000 2.249058
1.180397 0.000000 2.249058
0.607862 0.000000 2.466192
0.607862 0.000000 2.466192
1.180397 0.000000 2.249058
0.607862 0.000000 2.466192
0.607862 0.000000 2.466192
0.607862 0.000000 2.466192
0.000000 0.000000 2.540000
0.000000 0.000000 2.540000
0.607862 0.000000 2.466192
0.000000 0.000000 2.540000
0.000000 0.000000 -2.540000
0.000000 0.000000 -2.540000
0.607862 0.000000 -2.466192
0.607862 0.000000 -2.466192
0.000000 0.000000 -2.540000
0.607862 0.000000 -2.466192
0.607862 0.000000 -2.466192
0.607862 0.000000 -2.466192
1.180397 0.000000 -2.249058
1.180397 0.000000 -2.249058
0.607862 0.000000 -2.466192
1.180397 0.000000 -2.249058
1.180397 0.000000 -2.249058
1.180397 0.000000 -2.249058
1.684332 0.000000 -1.901217
1.684332 0.000000 -1.901217
1.180397 0.000000 -2.249058
1.684332 0.000000 -1.901217
1.684332 0.000000 -1.901217
1.684332 0.000000 -1.901217
2.090379 0.000000 -1.442884
2.090379 0.000000 -1.442884
1.684332 0.000000 -1.901217
2.090379 0.000000 -1.442884
2.090379 0.000000 -1.442884
2.090379 0.000000 -1.442884
2.374941 0.000000 -0.900696
2.374941 0.000000 -0.900696
2.090379 0.000000 -1.442884
2.374941 0.000000 -0.900696
2.374941 0.000000 -0.900696
2.374941 0.000000 -0.900696
2.521481 0.000000 -0.306163
2.521481 0.000000 -0.306163
2.374941 0.000000 -0.900696
2.521481 0.000000 -0.306163
2.521481 0.000000 -0.306163
2.521481 0.000000 -0.306163
2.521481 0.000000 0.306163
2.521481 0.000000 0.306163
2.521481 0.000000 -0.306163
2.521481 0.000000 0.306163
2.521481 0.000000 0.306163
2.521481 0.000000 0.306163
2.374941 0.000000 0.900696
2.374941 0.000000 0.900696
2.521481 0.000000 0.306163
2.374941 0.000000 0.900696
2.374941 0.000000 0.900696
2.374941 0.000000 0.900696
2.090379 0.000000 1.442884
2.090379 0.000000 1.442884
2.374941 0.000000 0.900696
2.090379 0.000000 1.442884
2.090379 0.000000 1.442884
2.090379 0.000000 1.442884
1.684332 0.000000 1.901217
1.684332 0.000000 1.901217
2.090379 0.000000 1.442884
1.684332 0.000000 1.901217
1.684332 0.000000 1.901217
1.684332 0.000000 1.901217
1.180397 0.000000 2.249058
1.180397 0.000000 2.249058
1.684332 0.000000 1.901217
1.180397 0.000000 2.249058
1.180397 0.000000 2.249058
1.180397 0.000000 2.249058
0.607862 0.000000 2.466192
0.607862 0.000000 2.466192
1.180397 0.000000 2.249058
0.607862 0.000000 2.466192
0.607862 0.000000 2.466192
0.607862 0.000000 2.466192
0.000000 0.000000 2.540000
0.000000 0.000000 2.540000
0.607862 0.000000 2.466192
0.000000 0.000000 2.540000
0.000000 0.000000 -2.540000
0.000000 0.000000 -2.540000
0.607862 0.000000 -2.466192
0.607862 0.000000 -2.466192
0.000000 0.000000 -2.540000
0.607862 0.000000 -2.466192
0.607862 0.000000 -2.466192
0.607862 0.000000 -2.466192
1.180397 0.000000 -2.249058
1.180397 0.000000 -2.249058
0.607862 0.000000 -2.466192
1.180397 0.000000 -2.249058
1.180397 0.000000 -2.249058
1.180397 0.000000 -2.249058
1.684332 0.000000 -1.901217
1.684332 0.000000 -1.901217
1.180397 0.000000 -2.249058
1.684332 0.000000 -1.901217
1.684332 0.000000 -1.901217
1.684332 0.000000 -1.901217
2.090379 0.000000 -1.442884
2.090379 0.000000 -1.442884
1.684332 0.000000 -1.901217
2.090379 0.000000 -1.442884
2.090379 0.000000 -1.442884
2.090379 0.000000 -1.442884
2.374941 0.000000 -0.900696
2.374941 0.000000 -0.900696
2.090379 0.000000 -1.442884
2.374941 0.000000 -0.900696
2.374941 0.000000 -0.900696
2.374941 0.000000 -0.900696
2.521481 0.000000 -0.306163
2.521481 0.000000 -0.306163
2.374941 0.000000 -0.900696
2.521481 0.000000 -0.306163
2.521481 0.000000 -0.306163
2.521481 0.000000 -0.306163
2.521481 0.000000 0.306163
2.521481 0.000000 0.306163
2.521481 0.000000 -0.306163
2.521481 0.000000 0.306163
2.521481 0.000000 0.306163
2.521481 0.000000 0.306163
2.374941 0.000000 0.900696
2.374941 0.000000 0.900696
2.521481 0.000000 0.306163
2.374941 0.000000 0.900696
2.374941 0.000000 0.900696
2.374941 0.000000 0.900696
2.090379 0.000000 1.442884
2.090379 0.000000 1.442884
2.374941 0.000000 0.900696
2.090379 0.000000 1.442884
2.090379 0.000000 1.442884
2.090379 0.000000 1.442884
1.684332 0.000000 1.901217
1.684332 0.000000 1.901217
2.090379 0.000000 1.442884
1.684332 0.000000 1.901217
1.684332 0.000000 1.901217
1.684332 0.000000 1.901217
1.180397 0.000000 2.249058
1.180397 0.000000 2.249058
1.684332 0.000000 1.901217
1.180397 0.000000 2.249058
1.180397 0.000000 2.249058
1.180397 0.000000 2.249058
0.607862 0.000000 2.466192
0.607862 0.000000 2.466192
1.180397 0.000000 2.249058
0.607862 0.000000 2.466192
0.607862 0.000000 2.466192
0.607862 0.000000 2.466192
0.000000 0.000000 2.540000
0.000000 0.000000 2.540000
0.607862 0.000000 2.466192
0.000000 0.000000 2.540000
0.000000 0.000000 -2.540000
0.000000 0.000000 -2.540000
0.607862 0.000000 -2.466192
0.607862 0.000000 -2.466192
0.000000 0.000000 -2.540000
0.607862 0.000000 -2.466192
0.607862 0.000000 -2.466192
0.607862 0.000000 -2.466192
1.180397 0.000000 -2.249058
1.180397 0.000000 -2.249058
0.607862 0.000000 -2.466192
1.180397 0.000000 -2.249058
1.180397 0.000000 -2.249058
1.180397 0.000000 -2.249058
1.684332 0.000000 -1.901217
1.684332 0.000000 -1.901217
1.180397 0.000000 -2.249058
1.684332 0.000000 -1.901217
1.684332 0.000000 -1.901217
1.684332 0.000000 -1.901217
2.090379 0.000000 -1.442884
2.090379 0.000000 -1.442884
1.684332 0.000000 -1.901217
2.090379 0.000000 -1.442884
2.090379 0.000000 -1.442884
2.090379 0.000000 -1.442884
2.374941 0.000000 -0.900696
2.374941 0.000000 -0.900696
2.090379 0.000000 -1.442884
2.374941 0.000000 -0.900696
2.374941 0.000000 -0.900696
2.374941 0.000000 -0.900696
2.521481 0.000000 -0.306163
2.521481 0.000000 -0.306163
2.374941 0.000000 -0.900696
2.521481 0.000000 -0.306163
2.521481 0.000000 -0.306163
2.521481 0.000000 -0.306163
2.521481 0.000000 0.306163
2.521481 0.000000 0.306163
2.521481 0.000000 -0.306163
2.521481 0.000000 0.306163
2.521481 0.000000 0.306163
2.521481 0.000000 0.306163
2.374941 0.000000 0.900696
2.374941 0.000000 0.900696
2.521481 0.000000 0.306163
2.374941 0.000000 0.900696
2.374941 0.000000 0.900696
2.374941 0.000000 0.900696
2.090379 0.000000 1.442884
2.090379 0.000000 1.442884
2.374941 0.000000 0.900696
2.090379 0.000000 1.442884
2.090379 0.000000 1.442884
2.090379 0.000000 1.442884
1.684332 0.000000 1.901217
1.684332 0.000000 1.901217
2.090379 0.000000 1.442884
1.684332 0.000000 1.901217
1.684332 0.000000 1.901217
1.684332 0.000000 1.901217
1.180397 0.000000 2.249058
1.180397 0.000000 2.249058
1.684332 0.000000 1.901217
1.180397 0.000000 2.249058
1.180397 0.000000 2.249058
1.180397 0.000000 2.249058
0.607862 0.000000 2.466192
0.607862 0.000000 2.466192
1.180397 0.000000 2.249058
0.607862 0.000000 2.466192
0.607862 0.000000 2.466192
0.607862 0.000000 2.466192
0.000000 0.000000 2.540000
0.000000 0.000000 2.540000
0.607862 0.000000 2.466192
0.000000 0.000000 2.540000
-2.540000 0.000000 -0.000000
-2.476317 0.000000 -0.565203
-2.540000 0.000000 -0.000000
-2.540000 0.000000 -0.000000
-2.476317 0.000000 -0.565203
-2.476317 0.000000 -0.565203
-2.540000 0.000000 -0.000000
-2.476317 0.000000 -0.565203
-2.540000 0.000000 -0.000000
-2.476317 0.000000 -0.565203
-2.476317 0.000000 -0.565203
-2.288461 0.000000 -1.102065
-2.288461 0.000000 -1.102065
-2.476317 0.000000 -0.565203
-2.288461 0.000000 -1.102065
-2.288461 0.000000 -1.102065
-2.288461 0.000000 -1.102065
-1.985852 0.000000 -1.583664
-1.985852 0.000000 -1.583664
-2.288461 0.000000 -1.102065
-1.985852 0.000000 -1.583664
-1.985852 0.000000 -1.583664
-1.985852 0.000000 -1.583664
-1.583664 0.000000 -1.985852
-1.583664 0.000000 -1.985852
-1.985852 0.000000 -1.583664
-1.583664 0.000000 -1.985852
-1.583664 0.000000 -1.985852
-1.583664 0.000000 -1.985852
-1.102065 0.000000 -2.288461
-1.102065 0.000000 -2.288461
-1.583664 0.000000 -1.985852
-1.102065 0.000000 -2.288461
-1.102065 0.000000 -2.288461
-1.102065 0.000000 -2.288461
-0.565203 0.000000 -2.476317
-0.565203 0.000000 -2.476317
-1.102065 0.000000 -2.288461
-0.565203 0.000000 -2.476317
-0.565203 0.000000 -2.476317
-0.565203 0.000000 -2.476317
0.000000 0.000000 -2.540000
0.000000 0.000000 -2.540000
-0.565203 0.000000 -2.476317
0.000000 0.000000 -2.540000
0.000000 0.000000 -2.540000
0.000000 0.000000 -2.540000
-0.565203 0.000000 -2.476317
0.000000 0.000000 -2.540000
0.000000 0.000000 -2.540000
0.607862 0.000000 -2.466192
0.607862 0.000000 -2.466192
0.000000 0.000000 -2.540000
0.607862 0.000000 -2.466192
0.607862 0.000000 -2.466192
0.607862 0.000000 -2.466192
1.180397 0.000000 -2.249058
1.180397 0.000000 -2.249058
0.607862 0.000000 -2.466192
1.180397 0.000000 -2.249058
1.180397 0.000000 -2.249058
1.180397 0.000000 -2.249058
1.684332 0.000000 -1.901217
1.684332 0.000000 -1.901217
1.180397 0.000000 -2.249058
1.684332 0.000000 -1.901217
1.684332 0.000000 -1.901217
1.684332 0.000000 -1.901217
2.090379 0.000000 -1.442884
2.090379 0.000000 -1.442884
1.684332 0.000000 -1.901217
2.090379 0.000000 -1.442884
2.090379 0.000000 -1.442884
2.090379 0.000000 -1.442884
2.374941 0.000000 -0.900696
2.374941 0.000000 -0.900696
2.090379 0.000000 -1.442884
2.374941 0.000000 -0.900696
2.374941 0.000000 -0.900696
2.374941 0.000000 -0.900696
2.521481 0.000000 -0.306163
2.521481 0.000000 -0.306163
2.374941 0.000000 -0.900696
2.521481 0.000000 -0.306163
2.521481 0.000000 -0.306163
2.521481 0.000000 -0.306163
2.521481 0.000000 0.306163
2.521481 0.000000 0.306163
2.521481 0.000000 -0.306163
2.521481 0.000000 0.306163
2.521481 0.000000 0.306163
2.521481 0.000000 0.306163
2.374941 0.000000 0.900696
2.374941 0.000000 0.900696
2.521481 0.000000 0.306163
2.374941 0.000000 0.900696
2.374941 0.000000 0.900696
2.374941 0.000000 0.900696
2.090379 0.000000 1.442884
2.090379 0.000000 1.442884
2.374941 0.000000 0.900696
2.090379 0.000000 1.442884
2.090379 0.000000 1.442884
2.090379 0.000000 1.442884
1.684332 0.000000 1.901217
1.684332 0.000000 1.901217
2.090379 0.000000 1.442884
1.684332 0.000000 1.901217
1.684332 0.000000 1.901217
1.684332 0.000000 1.901217
1.180397 0.000000 2.249058
1.180397 0.000000 2.249058
1.684332 0.000000 1.901217
1.180397 0.000000 2.249058
1.180397 0.000000 2.249058
1.180397 0.000000 2.249058
0.607862 0.000000 2.466192
0.607862 0.000000 2.466192
1.180397 0.000000 2.249058
0.607862 0.000000 2.466192
0.607862 0.000000 2.466192
0.607862 0.000000 2.466192
0.000000 0.000000 2.540000
0.000000 0.000000 2.540000
0.607862 0.000000 2.466192
0.000000 0.000000 2.540000
0.000000 0.000000 -2.540000
0.000000 0.000000 -2.540000
0.607862 0.000000 -2.466192
0.607862 0.000000 -2.466192
0.000000 0.000000 -2.540000
0.607862 0.000000 -2.466192
0.607862 0.000000 -2.466192
0.607862 0.000000 -2.466192
1.180397 0.000000 -2.249058
1.180397 0.000000 -2.249058
0.607862 0.000000 -2.466192
1.180397 0.000000 -2.249058
1.180397 0.000000 -2.249058
1.180397 0.000000 -2.249058
1.684332 0.000000 -1.901217
1.684332 0.000000 -1.901217
1.180397 0.000000 -2.249058
1.684332 0.000000 -1.901217
1.684332 0.000000 -1.901217
1.684332 0.000000 -1.901217
2.090379 0.000000 -1.442884
2.090379 0.000000 -1.442884
1.684332 0.000000 -1.901217
2.090379 0.000000 -1.442884
2.090379 0.000000 -1.442884
2.090379 0.000000 -1.442884
2.374941 0.000000 -0.900696
2.374941 0.000000 -0.900696
2.090379 0.000000 -1.442884
2.374941 0.000000 -0.900696
2.374941 0.000000 -0.900696
2.374941 0.000000 -0.900696
2.521481 0.000000 -0.306163
2.521481 0.000000 -0.306163
2.374941 0.000000 -0.900696
2.521481 0.000000 -0.306163
2.521481 0.000000 -0.306163
2.521481 0.000000 -0.306163
2.521481 0.000000 0.306163
2.521481 0.000000 0.306163
2.521481 0.000000 -0.306163
2.521481 0.000000 0.306163
2.521481 0.000000 0.306163
2.521481 0.000000 0.306163
2.374941 0.000000 0.900696
2.374941 0.000000 0.900696
2.521481 0.000000 0.306163
2.374941 0.000000 0.900696
2.374941 0.000000 0.900696
2.374941 0.000000 0.900696
2.090379 0.000000 1.442884
2.090379 0.000000 1.442884
2.374941 0.000000 0.900696
2.090379 0.000000 1.442884
2.090379 0.000000 1.442884
2.090379 0.000000 1.442884
1.684332 0.000000 1.901217
1.684332 0.000000 1.901217
2.090379 0.000000 1.442884
1.684332 0.000000 1.901217
1.684332 0.000000 1.901217
1.684332 0.000000 1.901217
1.180397 0.000000 2.249058
1.180397 0.000000 2.249058
1.684332 0.000000 1.901217
1.180397 0.000000 2.249058
1.180397 0.000000 2.249058
1.180397 0.000000 2.249058
0.607862 0.000000 2.466192
0.607862 0.000000 2.466192
1.180397 0.000000 2.249058
0.607862 0.000000 2.466192
0.607862 0.000000 2.466192
0.607862 0.000000 2.466192
0.000000 0.000000 2.540000
0.000000 0.000000 2.540000
0.607862 0.000000 2.466192
0.000000 0.000000 2.540000
0.000000 0.000000 -2.540000
0.000000 0.000000 -2.540000
0.607862 0.000000 -2.466192
0.607862 0.000000 -2.466192
0.000000 0.000000 -2.540000
0.607862 0.000000 -2.466192
0.607862 0.000000 -2.466192
0.607862 0.000000 -2.466192
1.180397 0.000000 -2.249058
1.180397 0.000000 -2.249058
0.607862 0.000000 -2.466192
1.180397 0.000000 -2.249058
1.180397 0.000000 -2.249058
1.180397 0.000000 -2.249058
1.684332 0.000000 -1.901217
1.684332 0.000000 -1.901217
1.180397 0.000000 -2.249058
1.684332 0.000000 -1.901217
1.684332 0.000000 -1.901217
1.684332 0.000000 -1.901217
2.090379 0.000000 -1.442884
2.090379 0.000000 -1.442884
1.684332 0.000000 -1.901217
2.090379 0.000000 -1.442884
2.090379 0.000000 -1.442884
2.090379 0.000000 -1.442884
2.374941 0.000000 -0.900696
2.374941 0.000000 -0.900696
2.090379 0.000000 -1.442884
2.374941 0.000000 -0.900696
2.374941 0.000000 -0.900696
2.374941 0.000000 -0.900696
2.521481 0.000000 -0.306163
2.521481 0.000000 -0.306163
2.374941 0.000000 -0.900696
2.521481 0.000000 -0.306163
2.521481 0.000000 -0.306163
2.521481 0.000000 -0.306163
2.521481 0.000000 0.306163
2.521481 0.000000 0.306163
2.521481 0.000000 -0.306163
2.521481 0.000000 0.306163
2.521481 0.000000 0.306163
2.521481 0.000000 0.306163
2.374941 0.000000 0.900696
2.374941 0.000000 0.900696
2.521481 0.000000 0.306163
2.374941 0.000000 0.900696
2.374941 0.000000 0.900696
2.374941 0.000000 0.900696
2.090379 0.000000 1.442884
2.090379 0.000000 1.442884
2.374941 0.000000 0.900696
2.090379 0.000000 1.442884
2.090379 0.000000 1.442884
2.090379 0.000000 1.442884
1.684332 0.000000 1.901217
1.684332 0.000000 1.901217
2.090379 0.000000 1.442884
1.684332 0.000000 1.901217
1.684332 0.000000 1.901217
1.684332 0.000000 1.901217
1.180397 0.000000 2.249058
1.180397 0.000000 2.249058
1.684332 0.000000 1.901217
1.180397 0.000000 2.249058
1.180397 0.000000 2.249058
1.180397 0.000000 2.249058
0.607862 0.000000 2.466192
0.607862 0.000000 2.466192
1.180397 0.000000 2.249058
0.607862 0.000000 2.466192
0.607862 0.000000 2.466192
0.607862 0.000000 2.466192
0.000000 0.000000 2.540000
0.000000 0.000000 2.540000
0.607862 0.000000 2.466192
0.000000 0.000000 2.540000
2.540000 0.000000 0.000000
2.540000 0.000000 0.000000
2.466192 0.607862 0.000000
2.466192 0.607862 0.000000
2.540000 0.000000 0.000000
2.466192 0.607862 0.000000
2.466192 0.607862 0.000000
2.466192 0.607862 0.000000
2.249058 1.180397 0.000000
2.249058 1.180397 0.000000
2.466192 0.607862 0.000000
2.249058 1.180397 0.000000
2.249058 1.180397 0.000000
2.249058 1.180397 0.000000
1.901217 1.684332 0.000000
1.901217 1.684332 0.000000
2.249058 1.180397 0.000000
1.901217 1.684332 0.000000
1.901217 1.684332 0.000000
1.901217 1.684332 0.000000
1.442884 2.090379 0.000000
1.442884 2.090379 0.000000
1.901217 1.684332 0.000000
1.442884 2.090379 0.000000
1.442884 2.090379 0.000000
1.442884 2.090379 0.000000
0.900696 2.374941 0.000000
0.900696 2.374941 0.000000
1.442884 2.090379 0.000000
0.900696 2.374941 0.000000
0.900696 2.374941 0.000000
0.900696 2.374941 0.000000
0.306163 2.521481 0.000000
0.306163 2.521481 0.000000
0.900696 2.374941 0.000000
0.306163 2.521481 0.000000
0.306163 2.521481 0.000000
0.306163 2.521481 0.000000
-0.306163 2.521481 0.000000
-0.306163 2.521481 0.000000
0.306163 2.521481 0.000000
-0.306163 2.521481 0.000000
-0.306163 2.521481 0.000000
-0.306163 2.521481 0.000000
-0.900696 2.374941 0.000000
-0.900696 2.374941 0.000000
-0.306163 2.521481 0.000000
-0.900696 2.374941 0.000000
-0.900696 2.374941 0.000000
-0.900696 2.374941 0.000000
-1.442884 2.090379 0.000000
-1.442884 2.090379 0.000000
-0.900696 2.374941 0.000000
-1.442884 2.090379 0.000000
-1.442884 2.090379 0.000000
-1.442884 2.090379 0.000000
-1.901217 1.684332 0.000000
-1.901217 1.684332 0.000000
-1.442884 2.090379 0.000000
-1.901217 1.684332 0.000000
-1.901217 1.684332 0.000000
-1.901217 1.684332 0.000000
-2.249058 1.180397 0.000000
-2.249058 1.180397 0.000000
-1.901217 1.684332 0.000000
-2.249058 1.180397 0.000000
-2.249058 1.180397 0.000000
-2.249058 1.180397 0.000000
-2.466192 0.607862 0.000000
-2.466192 0.607862 0.000000
-2.249058 1.180397 0.000000
-2.466192 0.607862 0.000000
-2.466192 0.607862 0.000000
-2.466192 0.607862 0.000000
-2.540000 0.000000 0.000000
-2.540000 0.000000 0.000000
-2.466192 0.607862 0.000000
-2.540000 0.000000 0.000000
0.000000 0.000000 2.540000
0.000000 0.000000 2.540000
0.000000 0.000000 2.540000
0.000000 0.000000 2.540000
0.000000 0.000000 2.540000
0.000000 0.000000 2.540000
0.000000 0.000000 2.540000
0.000000 0.000000 2.540000
0.000000 0.000000 2.540000
0.000000 0.000000 2.540000
0.000000 0.000000 2.540000
0.000000 0.000000 2.540000
0.000000 0.000000 2.540000
0.000000 0.000000 2.540000
0.000000 0.000000 2.540000
0.000000 0.000000 2.540000
0.000000 0.000000 2.540000
0.000000 0.000000 2.540000
0.000000 0.000000 2.540000
0.000000 0.000000 2.540000
0.000000 0.000000 2.540000
0.000000 0.000000 2.540000
0.000000 0.000000 2.540000
0.000000 0.000000 2.540000
0.000000 0.000000 2.540000
0.000000 0.000000 2.540000
0.000000 0.000000 2.540000
0.000000 0.000000 2.540000
0.000000 0.000000 2.540000
0.000000 0.000000 2.540000
0.000000 0.000000 2.540000
0.000000 0.000000 2.540000
0.000000 0.000000 2.540000
0.000000 0.000000 2.540000
0.000000 0.000000 2.540000
0.000000 0.000000 2.540000
0.000000 0.000000 2.540000
0.000000 0.000000 2.540000
0.000000 0.000000 2.540000
0.000000 0.000000 2.540000
0.000000 0.000000 2.540000
0.000000 0.000000 2.540000
0.000000 0.000000 2.540000
0.000000 0.000000 2.540000
0.000000 0.000000 2.540000
0.000000 0.000000 2.540000
0.000000 0.000000 2.540000
0.000000 0.000000 2.540000
0.000000 0.000000 2.540000
0.000000 0.000000 2.540000
0.000000 0.000000 2.540000
0.000000 0.000000 2.540000
0.000000 0.000000 2.540000
0.000000 0.000000 2.540000
0.000000 0.000000 2.540000
0.000000 0.000000 2.540000
0.000000 0.000000 2.540000
0.000000 -2.540000 0.000000
0.000000 -2.540000 0.000000
0.000000 -2.540000 0.000000
0.000000 -2.540000 0.000000
0.000000 -2.540000 0.000000
0.000000 -2.540000 0.000000
0.000000 -2.540000 0.000000
0.000000 -2.540000 0.000000
0.000000 -2.540000 0.000000
0.000000 -2.540000 0.000000
0.000000 -2.540000 0.000000
0.000000 -2.540000 0.000000
0.000000 -2.540000 0.000000
0.000000 -2.540000 0.000000
0.000000 -2.540000 0.000000
0.000000 -2.540000 0.000000
0.000000 -2.540000 0.000000
0.000000 -2.540000 0.000000
0.000000 -2.540000 0.000000
0.000000 -2.540000 0.000000
0.000000 -2.540000 0.000000
0.000000 -2.540000 0.000000
0.000000 -2.540000 0.000000
0.000000 -2.540000 0.000000
0.000000 -2.540000 0.000000
0.000000 -2.540000 0.000000
0.000000 -2.540000 0.000000
0.000000 -2.540000 0.000000
0.000000 -2.540000 0.000000
0.000000 -2.540000 0.000000
0.000000 -2.540000 0.000000
0.000000 -2.540000 0.000000
0.000000 -2.540000 0.000000
0.000000 -2.540000 0.000000
0.000000 -2.540000 0.000000
0.000000 -2.540000 0.000000
0.000000 -2.540000 0.000000
0.000000 -2.540000 0.000000
0.000000 -2.540000 0.000000
0.000000 -2.540000 0.000000
0.000000 -2.540000 0.000000
0.000000 -2.540000 0.000000
0.000000 2.540000 0.000000
0.000000 2.540000 0.000000
0.000000 2.540000 0.000000
0.000000 2.540000 0.000000
0.000000 2.540000 0.000000
0.000000 2.540000 0.000000
0.000000 2.540000 0.000000
0.000000 2.540000 0.000000
0.000000 2.540000 0.000000
0.000000 2.540000 0.000000
0.000000 2.540000 0.000000
0.000000 2.540000 0.000000
0.000000 2.540000 0.000000
0.000000 2.540000 0.000000
0.000000 2.540000 0.000000
0.000000 2.540000 0.000000
0.000000 2.540000 0.000000
0.000000 2.540000 0.000000
0.000000 2.540000 0.000000
0.000000 2.540000 0.000000
0.000000 2.540000 0.000000
0.000000 2.540000 0.000000
0.000000 2.540000 0.000000
0.000000 2.540000 0.000000
0.000000 2.540000 0.000000
0.000000 2.540000 0.000000
0.000000 2.540000 0.000000
0.000000 2.540000 0.000000
0.000000 2.540000 0.000000
0.000000 2.540000 0.000000
0.000000 2.540000 0.000000
0.000000 2.540000 0.000000
0.000000 2.540000 0.000000
0.000000 2.540000 0.000000
0.000000 2.540000 0.000000
0.000000 2.540000 0.000000
0.000000 2.540000 0.000000
0.000000 2.540000 0.000000
0.000000 2.540000 0.000000
0.000000 2.540000 0.000000
0.000000 2.540000 0.000000
0.000000 2.540000 0.000000
0.000000 0.000000 -2.540000
0.000000 0.000000 -2.540000
0.000000 0.000000 -2.540000
0.000000 0.000000 -2.540000
0.000000 0.000000 -2.540000
0.000000 0.000000 -2.540000
0.000000 0.000000 -2.540000
0.000000 0.000000 -2.540000
0.000000 0.000000 -2.540000
0.000000 0.000000 -2.540000
0.000000 0.000000 -2.540000
0.000000 0.000000 -2.540000
0.000000 0.000000 -2.540000
0.000000 0.000000 -2.540000
0.000000 0.000000 -2.540000
0.000000 0.000000 -2.540000
0.000000 0.000000 -2.540000
0.000000 0.000000 -2.540000
0.000000 0.000000 -2.540000
0.000000 0.000000 -2.540000
0.000000 0.000000 -2.540000
0.000000 0.000000 -2.540000
0.000000 0.000000 -2.540000
0.000000 0.000000 -2.540000
0.000000 0.000000 -2.540000
0.000000 0.000000 -2.540000
0.000000 0.000000 -2.540000
0.000000 0.000000 -2.540000
0.000000 0.000000 -2.540000
0.000000 0.000000 -2.540000
0.000000 0.000000 -2.540000
0.000000 0.000000 -2.540000
0.000000 0.000000 -2.540000
0.000000 0.000000 -2.540000
0.000000 0.000000 -2.540000
0.000000 0.000000 -2.540000
0.000000 0.000000 -2.540000
0.000000 0.000000 -2.540000
0.000000 0.000000 -2.540000
0.000000 0.000000 -2.540000
0.000000 0.000000 -2.540000
0.000000 0.000000 -2.540000
0.000000 0.000000 -2.540000
0.000000 0.000000 -2.540000
0.000000 0.000000 -2.540000
0.000000 0.000000 -2.540000
0.000000 0.000000 -2.540000
0.000000 0.000000 -2.540000
0.000000 0.000000 -2.540000
0.000000 0.000000 -2.540000
0.000000 0.000000 -2.540000
0.000000 0.000000 -2.540000
0.000000 0.000000 -2.540000
0.000000 0.000000 -2.540000
0.000000 0.000000 -2.540000
0.000000 0.000000 -2.540000
0.000000 0.000000 -2.540000
0.000000 2.540000 0.000000
0.000000 2.540000 0.000000
0.000000 2.540000 0.000000
0.000000 2.540000 0.000000
0.000000 2.540000 0.000000
0.000000 2.540000 0.000000
0.000000 2.540000 0.000000
0.000000 2.540000 0.000000
0.000000 2.540000 0.000000
0.000000 2.540000 0.000000
0.000000 2.540000 0.000000
0.000000 2.540000 0.000000
0.000000 2.540000 0.000000
0.000000 2.540000 0.000000
0.000000 2.540000 0.000000
0.000000 2.540000 0.000000
0.000000 2.540000 0.000000
0.000000 2.540000 0.000000
0.000000 2.540000 0.000000
0.000000 2.540000 0.000000
0.000000 2.540000 0.000000
0.000000 2.540000 0.000000
0.000000 2.540000 0.000000
0.000000 2.540000 0.000000
0.000000 2.540000 0.000000
0.000000 2.540000 0.000000
0.000000 2.540000 0.000000
0.000000 2.540000 0.000000
0.000000 2.540000 0.000000
0.000000 2.540000 0.000000
0.000000 2.540000 0.000000
0.000000 2.540000 0.000000
0.000000 2.540000 0.000000
0.000000 2.540000 0.000000
0.000000 2.540000 0.000000
0.000000 2.540000 0.000000
0.000000 2.540000 0.000000
0.000000 2.540000 0.000000
0.000000 2.540000 0.000000
0.000000 2.540000 0.000000
0.000000 2.540000 0.000000
0.000000 2.540000 0.000000
0.000000 2.540000 0.000000
0.000000 2.540000 0.000000
0.000000 2.540000 0.000000
0.000000 2.540000 0.000000
0.000000 2.540000 0.000000
0.000000 2.540000 0.000000
0.000000 2.540000 0.000000
0.000000 2.540000 0.000000
0.000000 2.540000 0.000000
0.000000 2.540000 0.000000
0.000000 2.540000 0.000000
0.000000 2.540000 0.000000
0.000000 2.540000 0.000000
0.000000 2.540000 0.000000
0.000000 2.540000 0.000000
0.000000 2.540000 0.000000
0.000000 2.540000 0.000000
0.000000 2.540000 0.000000
0.000000 2.540000 0.000000
0.000000 2.540000 0.000000
0.000000 2.540000 0.000000
0.000000 2.540000 0.000000
0.000000 2.540000 0.000000
0.000000 2.540000 0.000000
0.000000 2.540000 0.000000
0.000000 2.540000 0.000000
0.000000 2.540000 0.000000
0.000000 2.540000 0.000000
0.000000 2.540000 0.000000
0.000000 2.540000 0.000000
0.000000 2.540000 0.000000
0.000000 2.540000 0.000000
0.000000 2.540000 0.000000
0.000000 2.540000 0.000000
0.000000 2.540000 0.000000
0.000000 2.540000 0.000000
0.000000 2.540000 0.000000
0.000000 2.540000 0.000000
0.000000 2.540000 0.000000
0.000000 2.540000 0.000000
0.000000 2.540000 0.000000
0.000000 2.540000 0.000000
0.000000 2.540000 0.000000
0.000000 2.540000 0.000000
0.000000 2.540000 0.000000
0.000000 2.540000 0.000000
0.000000 2.540000 0.000000
0.000000 2.540000 0.000000
0.000000 2.540000 0.000000
0.000000 2.540000 0.000000
0.000000 2.540000 0.000000
0.000000 2.540000 0.000000
0.000000 2.540000 0.000000
0.000000 2.540000 0.000000
0.000000 2.540000 0.000000
0.000000 2.540000 0.000000
0.000000 2.540000 0.000000
0.000000 2.540000 0.000000
0.000000 2.540000 0.000000
0.000000 2.540000 0.000000
0.000000 2.540000 0.000000
0.000000 2.540000 0.000000
0.000000 2.540000 0.000000
0.000000 2.540000 0.000000
0.000000 2.540000 0.000000
0.000000 2.540000 0.000000
0.000000 2.540000 0.000000
0.000000 2.540000 0.000000
0.000000 2.540000 0.000000
0.000000 2.540000 0.000000
0.000000 2.540000 0.000000
0.000000 2.540000 0.000000
0.000000 2.540000 0.000000
0.000000 2.540000 0.000000
0.000000 2.540000 0.000000
0.000000 2.540000 0.000000
0.000000 2.540000 0.000000
0.000000 2.540000 0.000000
0.000000 2.540000 0.000000
0.000000 2.540000 0.000000
0.000000 2.540000 0.000000
0.000000 2.540000 0.000000
0.000000 2.540000 0.000000
0.000000 2.540000 0.000000
0.000000 2.540000 0.000000
0.000000 2.540000 0.000000
0.000000 2.540000 0.000000
0.000000 2.540000 0.000000
0.000000 2.540000 0.000000
0.000000 2.540000 0.000000
0.000000 2.540000 0.000000
0.000000 2.540000 0.000000
0.000000 2.540000 0.000000
0.000000 2.540000 0.000000
0.000000 2.540000 0.000000
0.000000 2.540000 0.000000
0.000000 2.540000 0.000000
0.000000 2.540000 0.000000
0.000000 2.540000 0.000000
0.000000 2.540000 0.000000
0.000000 2.540000 0.000000
0.000000 2.540000 0.000000
0.000000 2.540000 0.000000
0.000000 2.540000 0.000000
0.000000 2.540000 0.000000
0.000000 2.540000 0.000000
0.000000 2.540000 0.000000
0.000000 2.540000 0.000000
0.000000 2.540000 0.000000
0.000000 2.540000 0.000000
0.000000 2.540000 0.000000
0.000000 2.540000 0.000000
0.000000 2.540000 0.000000
0.000000 2.540000 0.000000
0.000000 2.540000 0.000000
0.000000 2.540000 0.000000
0.000000 2.540000 0.000000
0.000000 2.540000 0.000000
0.000000 2.540000 0.000000
0.000000 2.540000 0.000000
0.000000 2.540000 0.000000
0.000000 2.540000 0.000000
0.000000 2.540000 0.000000
0.000000 2.540000 0.000000
0.000000 2.540000 0.000000
0.000000 2.540000 0.000000
0.000000 2.540000 0.000000
0.000000 2.540000 0.000000
0.000000 2.540000 0.000000
0.000000 2.540000 0.000000
0.000000 2.540000 0.000000
0.000000 2.540000 0.000000
0.000000 2.540000 0.000000
0.000000 2.540000 0.000000
0.000000 2.540000 0.000000
0.000000 2.540000 0.000000
0.000000 2.540000 0.000000
0.000000 2.540000 0.000000
0.000000 2.540000 0.000000
0.000000 2.540000 0.000000
0.000000 2.540000 0.000000
0.000000 2.540000 0.000000
0.000000 2.540000 0.000000
0.000000 2.540000 0.000000
0.000000 2.540000 0.000000
0.000000 2.540000 0.000000
0.000000 2.540000 0.000000
0.000000 2.540000 0.000000
0.000000 2.540000 0.000000
0.000000 2.540000 0.000000
0.000000 2.540000 0.000000
0.000000 2.540000 0.000000
0.000000 2.540000 0.000000
0.000000 2.540000 0.000000
0.000000 2.540000 0.000000
0.000000 2.540000 0.000000
0.000000 2.540000 0.000000
0.000000 2.540000 0.000000
0.000000 2.540000 0.000000
0.000000 2.540000 0.000000
0.000000 2.540000 0.000000
0.000000 2.540000 0.000000
0.000000 2.540000 0.000000
0.000000 2.540000 0.000000
0.000000 2.540000 0.000000
0.000000 2.540000 0.000000
0.000000 2.540000 0.000000
0.000000 2.540000 0.000000
0.000000 2.540000 0.000000
0.000000 2.540000 0.000000
0.000000 2.540000 0.000000
0.000000 2.540000 0.000000
0.000000 2.540000 0.000000
0.000000 2.540000 0.000000
-2.540000 0.000000 0.000000
-2.540000 0.000000 0.000000
-2.466192 -0.607862 0.000000
-2.466192 -0.607862 0.000000
-2.540000 0.000000 0.000000
-2.466192 -0.607862 0.000000
-2.466192 -0.607862 0.000000
-2.466192 -0.607862 0.000000
-2.249058 -1.180397 0.000000
-2.249058 -1.180397 0.000000
-2.466192 -0.607862 0.000000
-2.249058 -1.180397 0.000000
-2.249058 -1.180397 0.000000
-2.249058 -1.180397 0.000000
-1.901217 -1.684332 0.000000
-1.901217 -1.684332 0.000000
-2.249058 -1.180397 0.000000
-1.901217 -1.684332 0.000000
-1.901217 -1.684332 0.000000
-1.901217 -1.684332 0.000000
-1.442884 -2.090379 0.000000
-1.442884 -2.090379 0.000000
-1.901217 -1.684332 0.000000
-1.442884 -2.090379 0.000000
-1.442884 -2.090379 0.000000
-1.442884 -2.090379 0.000000
-0.900696 -2.374941 0.000000
-0.900696 -2.374941 0.000000
-1.442884 -2.090379 0.000000
-0.900696 -2.374941 0.000000
-0.900696 -2.374941 0.000000
-0.900696 -2.374941 0.000000
-0.306163 -2.521481 0.000000
-0.306163 -2.521481 0.000000
-0.900696 -2.374941 0.000000
-0.306163 -2.521481 0.000000
-0.306163 -2.521481 0.000000
-0.306163 -2.521481 0.000000
0.306163 -2.521481 0.000000
0.306163 -2.521481 0.000000
-0.306163 -2.521481 0.000000
0.306163 -2.521481 0.000000
0.306163 -2.521481 0.000000
0.306163 -2.521481 0.000000
0.900696 -2.374941 0.000000
0.900696 -2.374941 0.000000
0.306163 -2.521481 0.000000
0.900696 -2.374941 0.000000
0.900696 -2.374941 0.000000
0.900696 -2.374941 0.000000
1.442884 -2.090379 0.000000
1.442884 -2.090379 0.000000
0.900696 -2.374941 0.000000
1.442884 -2.090379 0.000000
1.442884 -2.090379 0.000000
1.442884 -2.090379 0.000000
1.901217 -1.684332 0.000000
1.901217 -1.684332 0.000000
1.442884 -2.090379 0.000000
1.901217 -1.684332 0.000000
1.901217 -1.684332 0.000000
1.901217 -1.684332 0.000000
2.249058 -1.180397 0.000000
2.249058 -1.180397 0.000000
1.901217 -1.684332 0.000000
2.249058 -1.180397 0.000000
2.249058 -1.180397 0.000000
2.249058 -1.180397 0.000000
2.466192 -0.607862 0.000000
2.466192 -0.607862 0.000000
2.249058 -1.180397 0.000000
2.466192 -0.607862 0.000000
2.466192 -0.607862 0.000000
2.466192 -0.607862 0.000000
2.540000 0.000000 0.000000
2.540000 0.000000 0.000000
2.466192 -0.607862 0.000000
2.540000 0.000000 0.000000
-2.540000 -0.000000 0.000000
-2.540000 -0.000000 0.000000
-2.540000 -0.000000 0.000000
-2.540000 -0.000000 0.000000
-2.540000 -0.000000 0.000000
-2.540000 -0.000000 0.000000
0.000000 -2.540000 0.000000
0.000000 -2.540000 0.000000
0.000000 -2.540000 0.000000
0.000000 -2.540000 0.000000
0.000000 -2.540000 0.000000
0.000000 -2.540000 0.000000
0.000000 -2.540000 0.000000
0.000000 -2.540000 0.000000
0.000000 -2.540000 0.000000
0.000000 -2.540000 0.000000
0.000000 -2.540000 0.000000
0.000000 -2.540000 0.000000
0.000000 -2.540000 0.000000
0.000000 -2.540000 0.000000
0.000000 -2.540000 0.000000
0.000000 -2.540000 0.000000
0.000000 -2.540000 0.000000
0.000000 -2.540000 0.000000
0.000000 -2.540000 0.000000
0.000000 -2.540000 0.000000
0.000000 -2.540000 0.000000
0.000000 -2.540000 0.000000
0.000000 -2.540000 0.000000
0.000000 -2.540000 0.000000
0.000000 -2.540000 0.000000
0.000000 -2.540000 0.000000
0.000000 -2.540000 0.000000
0.000000 -2.540000 0.000000
0.000000 -2.540000 0.000000
0.000000 -2.540000 0.000000
0.000000 -2.540000 0.000000
0.000000 -2.540000 0.000000
0.000000 -2.540000 0.000000
0.000000 -2.540000 0.000000
0.000000 -2.540000 0.000000
0.000000 -2.540000 0.000000
0.000000 -2.540000 0.000000
0.000000 -2.540000 0.000000
0.000000 -2.540000 0.000000
0.000000 -2.540000 0.000000
0.000000 -2.540000 0.000000
0.000000 -2.540000 0.000000
0.000000 -2.540000 0.000000
0.000000 -2.540000 0.000000
0.000000 -2.540000 0.000000
0.000000 -2.540000 0.000000
0.000000 -2.540000 0.000000
0.000000 -2.540000 0.000000
0.000000 -2.540000 0.000000
0.000000 -2.540000 0.000000
0.000000 -2.540000 0.000000
0.000000 -2.540000 0.000000
0.000000 -2.540000 0.000000
0.000000 -2.540000 0.000000
0.000000 -2.540000 0.000000
0.000000 -2.540000 0.000000
0.000000 -2.540000 0.000000
0.000000 0.000000 2.540000
0.000000 0.000000 2.540000
-0.607862 0.000000 2.466192
-0.607862 0.000000 2.466192
0.000000 0.000000 2.540000
-0.607862 0.000000 2.466192
-0.607862 0.000000 2.466192
-0.607862 0.000000 2.466192
-1.180397 0.000000 2.249058
-1.180397 0.000000 2.249058
-0.607862 0.000000 2.466192
-1.180397 0.000000 2.249058
-1.180397 0.000000 2.249058
-1.180397 0.000000 2.249058
-1.684332 0.000000 1.901217
-1.684332 0.000000 1.901217
-1.180397 0.000000 2.249058
-1.684332 0.000000 1.901217
-1.684332 0.000000 1.901217
-1.684332 0.000000 1.901217
-2.090379 0.000000 1.442884
-2.090379 0.000000 1.442884
-1.684332 0.000000 1.901217
-2.090379 0.000000 1.442884
-2.090379 0.000000 1.442884
-2.090379 0.000000 1.442884
-2.374941 0.000000 0.900696
-2.374941 0.000000 0.900696
-2.090379 0.000000 1.442884
-2.374941 0.000000 0.900696
-2.374941 0.000000 0.900696
-2.374941 0.000000 0.900696
-2.521481 0.000000 0.306163
-2.521481 0.000000 0.306163
-2.374941 0.000000 0.900696
-2.521481 0.000000 0.306163
-2.521481 0.000000 0.306163
-2.521481 0.000000 0.306163
-2.521481 0.000000 -0.306163
-2.521481 0.000000 -0.306163
-2.521481 0.000000 0.306163
-2.521481 0.000000 -0.306163
-2.521481 0.000000 -0.306163
-2.521481 0.000000 -0.306163
-2.374941 0.000000 -0.900696
-2.374941 0.000000 -0.900696
-2.521481 0.000000 -0.306163
-2.374941 0.000000 -0.900696
-2.374941 0.000000 -0.900696
-2.374941 0.000000 -0.900696
-2.090379 0.000000 -1.442884
-2.090379 0.000000 -1.442884
-2.374941 0.000000 -0.900696
-2.090379 0.000000 -1.442884
-2.090379 0.000000 -1.442884
-2.090379 0.000000 -1.442884
-1.684332 0.000000 -1.901217
-1.684332 0.000000 -1.901217
-2.090379 0.000000 -1.442884
-1.684332 0.000000 -1.901217
-1.684332 0.000000 -1.901217
-1.684332 0.000000 -1.901217
-1.180397 0.000000 -2.249058
-1.180397 0.000000 -2.249058
-1.684332 0.000000 -1.901217
-1.180397 0.000000 -2.249058
-1.180397 0.000000 -2.249058
-1.180397 0.000000 -2.249058
-0.607862 0.000000 -2.466192
-0.607862 0.000000 -2.466192
-1.180397 0.000000 -2.249058
-0.607862 0.000000 -2.466192
-0.607862 0.000000 -2.466192
-0.607862 0.000000 -2.466192
0.000000 0.000000 -2.540000
0.000000 0.000000 -2.540000
-0.607862 0.000000 -2.466192
0.000000 0.000000 -2.540000
0.000000 0.000000 2.540000
0.000000 0.000000 2.540000
-0.607862 0.000000 2.466192
-0.607862 0.000000 2.466192
0.000000 0.000000 2.540000
-0.607862 0.000000 2.466192
-0.607862 0.000000 2.466192
-0.607862 0.000000 2.466192
-1.180397 0.000000 2.249058
-1.180397 0.000000 2.249058
-0.607862 0.000000 2.466192
-1.180397 0.000000 2.249058
-1.180397 0.000000 2.249058
-1.180397 0.000000 2.249058
-1.684332 0.000000 1.901217
-1.684332 0.000000 1.901217
-1.180397 0.000000 2.249058
-1.684332 0.000000 1.901217
-1.684332 0.000000 1.901217
-1.684332 0.000000 1.901217
-2.090379 0.000000 1.442884
-2.090379 0.000000 1.442884
-1.684332 0.000000 1.901217
-2.090379 0.000000 1.442884
-2.090379 0.000000 1.442884
-2.090379 0.000000 1.442884
-2.374941 0.000000 0.900696
-2.374941 0.000000 0.900696
-2.090379 0.000000 1.442884
-2.374941 0.000000 0.900696
-2.374941 0.000000 0.900696
-2.374941 0.000000 0.900696
-2.521481 0.000000 0.306163
-2.521481 0.000000 0.306163
-2.374941 0.000000 0.900696
-2.521481 0.000000 0.306163
-2.521481 0.000000 0.306163
-2.521481 0.000000 0.306163
-2.521481 0.000000 -0.306163
-2.521481 0.000000 -0.306163
-2.521481 0.000000 0.306163
-2.521481 0.000000 -0.306163
-2.521481 0.000000 -0.306163
-2.521481 0.000000 -0.306163
-2.374941 0.000000 -0.900696
-2.374941 0.000000 -0.900696
-2.521481 0.000000 -0.306163
-2.374941 0.000000 -0.900696
-2.374941 0.000000 -0.900696
-2.374941 0.000000 -0.900696
-2.090379 0.000000 -1.442884
-2.090379 0.000000 -1.442884
-2.374941 0.000000 -0.900696
-2.090379 0.000000 -1.442884
-2.090379 0.000000 -1.442884
-2.090379 0.000000 -1.442884
-1.684332 0.000000 -1.901217
-1.684332 0.000000 -1.901217
-2.090379 0.000000 -1.442884
-1.684332 0.000000 -1.901217
-1.684332 0.000000 -1.901217
-1.684332 0.000000 -1.901217
-1.180397 0.000000 -2.249058
-1.180397 0.000000 -2.249058
-1.684332 0.000000 -1.901217
-1.180397 0.000000 -2.249058
-1.180397 0.000000 -2.249058
-1.180397 0.000000 -2.249058
-0.607862 0.000000 -2.466192
-0.607862 0.000000 -2.466192
-1.180397 0.000000 -2.249058
-0.607862 0.000000 -2.466192
-0.607862 0.000000 -2.466192
-0.607862 0.000000 -2.466192
0.000000 0.000000 -2.540000
0.000000 0.000000 -2.540000
-0.607862 0.000000 -2.466192
0.000000 0.000000 -2.540000
0.000000 0.000000 2.540000
0.000000 0.000000 2.540000
-0.607862 0.000000 2.466192
-0.607862 0.000000 2.466192
0.000000 0.000000 2.540000
-0.607862 0.000000 2.466192
-0.607862 0.000000 2.466192
-0.607862 0.000000 2.466192
-1.180397 0.000000 2.249058
-1.180397 0.000000 2.249058
-0.607862 0.000000 2.466192
-1.180397 0.000000 2.249058
-1.180397 0.000000 2.249058
-1.180397 0.000000 2.249058
-1.684332 0.000000 1.901217
-1.684332 0.000000 1.901217
-1.180397 0.000000 2.249058
-1.684332 0.000000 1.901217
-1.684332 0.000000 1.901217
-1.684332 0.000000 1.901217
-2.090379 0.000000 1.442884
-2.090379 0.000000 1.442884
-1.684332 0.000000 1.901217
-2.090379 0.000000 1.442884
-2.090379 0.000000 1.442884
-2.090379 0.000000 1.442884
-2.374941 0.000000 0.900696
-2.374941 0.000000 0.900696
-2.090379 0.000000 1.442884
-2.374941 0.000000 0.900696
-2.374941 0.000000 0.900696
-2.374941 0.000000 0.900696
-2.521481 0.000000 0.306163
-2.521481 0.000000 0.306163
-2.374941 0.000000 0.900696
-2.521481 0.000000 0.306163
-2.521481 0.000000 0.306163
-2.521481 0.000000 0.306163
-2.521481 0.000000 -0.306163
-2.521481 0.000000 -0.306163
-2.521481 0.000000 0.306163
-2.521481 0.000000 -0.306163
-2.521481 0.000000 -0.306163
-2.521481 0.000000 -0.306163
-2.374941 0.000000 -0.900696
-2.374941 0.000000 -0.900696
-2.521481 0.000000 -0.306163
-2.374941 0.000000 -0.900696
-2.374941 0.000000 -0.900696
-2.374941 0.000000 -0.900696
-2.090379 0.000000 -1.442884
-2.090379 0.000000 -1.442884
-2.374941 0.000000 -0.900696
-2.090379 0.000000 -1.442884
-2.090379 0.000000 -1.442884
-2.090379 0.000000 -1.442884
-1.684332 0.000000 -1.901217
-1.684332 0.000000 -1.901217
-2.090379 0.000000 -1.442884
-1.684332 0.000000 -1.901217
-1.684332 0.000000 -1.901217
-1.684332 0.000000 -1.901217
-1.180397 0.000000 -2.249058
-1.180397 0.000000 -2.249058
-1.684332 0.000000 -1.901217
-1.180397 0.000000 -2.249058
-1.180397 0.000000 -2.249058
-1.180397 0.000000 -2.249058
-0.607862 0.000000 -2.466192
-0.607862 0.000000 -2.466192
-1.180397 0.000000 -2.249058
-0.607862 0.000000 -2.466192
-0.607862 0.000000 -2.466192
-0.607862 0.000000 -2.466192
0.000000 0.000000 -2.540000
0.000000 0.000000 -2.540000
-0.607862 0.000000 -2.466192
0.000000 0.000000 -2.540000
0.000000 -2.540000 0.000000
0.000000 -2.540000 0.000000
0.000000 -2.540000 0.000000
0.000000 -2.540000 0.000000
0.000000 -2.540000 0.000000
0.000000 -2.540000 0.000000
0.000000 -2.540000 0.000000
0.000000 -2.540000 0.000000
0.000000 -2.540000 0.000000
0.000000 -2.540000 0.000000
0.000000 -2.540000 0.000000
0.000000 -2.540000 0.000000
0.000000 -2.540000 0.000000
0.000000 -2.540000 0.000000
0.000000 -2.540000 0.000000
0.000000 -2.540000 0.000000
0.000000 -2.540000 0.000000
0.000000 -2.540000 0.000000
0.000000 -2.540000 0.000000
0.000000 -2.540000 0.000000
0.000000 -2.540000 0.000000
0.000000 -2.540000 0.000000
0.000000 -2.540000 0.000000
0.000000 -2.540000 0.000000
0.000000 -2.540000 0.000000
0.000000 -2.540000 0.000000
0.000000 -2.540000 0.000000
0.000000 -2.540000 0.000000
0.000000 -2.540000 0.000000
0.000000 -2.540000 0.000000
0.000000 -2.540000 0.000000
0.000000 -2.540000 0.000000
0.000000 -2.540000 0.000000
0.000000 -2.540000 0.000000
0.000000 -2.540000 0.000000
0.000000 -2.540000 0.000000
0.000000 -2.540000 0.000000
0.000000 -2.540000 0.000000
0.000000 -2.540000 0.000000
0.000000 -2.540000 0.000000
0.000000 -2.540000 0.000000
0.000000 -2.540000 0.000000
0.000000 -2.540000 0.000000
0.000000 -2.540000 0.000000
0.000000 -2.540000 0.000000
0.000000 -2.540000 0.000000
0.000000 -2.540000 0.000000
0.000000 -2.540000 0.000000
0.000000 -2.540000 0.000000
0.000000 -2.540000 0.000000
0.000000 -2.540000 0.000000
0.000000 -2.540000 0.000000
0.000000 -2.540000 0.000000
0.000000 -2.540000 0.000000
0.000000 -2.540000 0.000000
0.000000 -2.540000 0.000000
0.000000 -2.540000 0.000000
0.000000 -2.540000 0.000000
0.000000 -2.540000 0.000000
0.000000 -2.540000 0.000000
0.000000 -2.540000 0.000000
0.000000 -2.540000 0.000000
0.000000 -2.540000 0.000000
0.000000 -2.540000 0.000000
0.000000 -2.540000 0.000000
0.000000 -2.540000 0.000000
0.000000 -2.540000 0.000000
0.000000 -2.540000 0.000000
0.000000 -2.540000 0.000000
0.000000 -2.540000 0.000000
0.000000 -2.540000 0.000000
0.000000 -2.540000 0.000000
0.000000 -2.540000 0.000000
0.000000 -2.540000 0.000000
0.000000 -2.540000 0.000000
0.000000 -2.540000 0.000000
0.000000 -2.540000 0.000000
0.000000 -2.540000 0.000000
0.000000 -2.540000 0.000000
0.000000 -2.540000 0.000000
0.000000 -2.540000 0.000000
0.000000 -2.540000 0.000000
0.000000 -2.540000 0.000000
0.000000 -2.540000 0.000000
0.000000 -2.540000 0.000000
0.000000 -2.540000 0.000000
0.000000 -2.540000 0.000000
0.000000 2.540000 0.000000
0.000000 2.540000 0.000000
0.000000 2.540000 0.000000
0.000000 2.540000 0.000000
0.000000 2.540000 0.000000
0.000000 2.540000 0.000000
0.000000 2.540000 0.000000
0.000000 2.540000 0.000000
0.000000 2.540000 0.000000
0.000000 2.540000 0.000000
0.000000 2.540000 0.000000
0.000000 2.540000 0.000000
0.000000 2.540000 0.000000
0.000000 2.540000 0.000000
0.000000 2.540000 0.000000
0.000000 2.540000 0.000000
0.000000 2.540000 0.000000
0.000000 2.540000 0.000000
0.000000 2.540000 0.000000
0.000000 2.540000 0.000000
0.000000 2.540000 0.000000
0.000000 2.540000 0.000000
0.000000 2.540000 0.000000
0.000000 2.540000 0.000000
0.000000 2.540000 0.000000
0.000000 2.540000 0.000000
0.000000 2.540000 0.000000
0.000000 2.540000 0.000000
0.000000 2.540000 0.000000
0.000000 2.540000 0.000000
0.000000 2.540000 0.000000
0.000000 2.540000 0.000000
0.000000 2.540000 0.000000
0.000000 2.540000 0.000000
0.000000 2.540000 0.000000
0.000000 2.540000 0.000000
0.000000 2.540000 0.000000
0.000000 2.540000 0.000000
0.000000 2.540000 0.000000
0.000000 2.540000 0.000000
0.000000 2.540000 0.000000
0.000000 2.540000 0.000000
0.000000 2.540000 0.000000
0.000000 2.540000 0.000000
0.000000 2.540000 0.000000
0.000000 2.540000 0.000000
0.000000 2.540000 0.000000
0.000000 2.540000 0.000000
0.000000 2.540000 0.000000
0.000000 2.540000 0.000000
0.000000 2.540000 0.000000
0.000000 2.540000 0.000000
0.000000 2.540000 0.000000
0.000000 2.540000 0.000000
0.000000 2.540000 0.000000
0.000000 2.540000 0.000000
0.000000 2.540000 0.000000
0.000000 2.540000 0.000000
0.000000 2.540000 0.000000
0.000000 2.540000 0.000000
0.000000 2.540000 0.000000
0.000000 2.540000 0.000000
0.000000 2.540000 0.000000
0.000000 2.540000 0.000000
0.000000 2.540000 0.000000
0.000000 2.540000 0.000000
0.000000 2.540000 0.000000
0.000000 2.540000 0.000000
0.000000 2.540000 0.000000
0.000000 2.540000 0.000000
0.000000 2.540000 0.000000
0.000000 2.540000 0.000000
0.000000 2.540000 0.000000
0.000000 2.540000 0.000000
0.000000 2.540000 0.000000
0.000000 2.540000 0.000000
0.000000 2.540000 0.000000
0.000000 2.540000 0.000000
0.000000 2.540000 0.000000
0.000000 2.540000 0.000000
0.000000 2.540000 0.000000
0.000000 2.540000 0.000000
0.000000 2.540000 0.000000
0.000000 2.540000 0.000000
0.000000 2.540000 0.000000
0.000000 2.540000 0.000000
0.000000 2.540000 0.000000
0.000000 2.540000 0.000000
0.000000 2.540000 0.000000
0.000000 2.540000 0.000000
0.000000 2.540000 0.000000
0.000000 2.540000 0.000000
0.000000 2.540000 0.000000
0.000000 2.540000 0.000000
0.000000 2.540000 0.000000
0.000000 2.540000 0.000000
0.000000 2.540000 0.000000
0.000000 2.540000 0.000000
0.000000 2.540000 0.000000
0.000000 2.540000 0.000000
0.000000 2.540000 0.000000
0.000000 2.540000 0.000000
0.000000 2.540000 0.000000
0.000000 2.540000 0.000000
0.000000 2.540000 0.000000
0.000000 2.540000 0.000000
0.000000 2.540000 0.000000
0.000000 2.540000 0.000000
0.000000 2.540000 0.000000
0.000000 2.540000 0.000000
0.000000 2.540000 0.000000
0.000000 2.540000 0.000000
0.000000 2.540000 0.000000
0.000000 2.540000 0.000000
0.000000 2.540000 0.000000
0.000000 2.540000 0.000000
0.000000 2.540000 0.000000
0.000000 2.540000 0.000000
0.000000 2.540000 0.000000
0.000000 2.540000 0.000000
0.000000 2.540000 0.000000
0.000000 2.540000 0.000000
0.000000 2.540000 0.000000
0.000000 2.540000 0.000000
0.000000 2.540000 0.000000
0.000000 2.540000 0.000000
0.000000 2.540000 0.000000
0.000000 2.540000 0.000000
0.000000 2.540000 0.000000
0.000000 2.540000 0.000000
0.000000 2.540000 0.000000
0.000000 2.540000 0.000000
0.000000 2.540000 0.000000
0.000000 2.540000 0.000000
0.000000 2.540000 0.000000
0.000000 2.540000 0.000000
0.000000 2.540000 0.000000
0.000000 2.540000 0.000000
0.000000 2.540000 0.000000
0.000000 2.540000 0.000000
0.000000 2.540000 0.000000
0.000000 2.540000 0.000000
0.000000 2.540000 0.000000
0.000000 2.540000 0.000000
0.000000 2.540000 0.000000
0.000000 2.540000 0.000000
0.000000 2.540000 0.000000
0.000000 2.540000 0.000000
0.000000 2.540000 0.000000
0.000000 2.540000 0.000000
0.000000 2.540000 0.000000
0.000000 2.540000 0.000000
0.000000 2.540000 0.000000
0.000000 2.540000 0.000000
0.000000 2.540000 0.000000
0.000000 2.540000 0.000000
0.000000 2.540000 0.000000
0.000000 2.540000 0.000000
0.000000 2.540000 0.000000
0.000000 2.540000 0.000000
0.000000 2.540000 0.000000
0.000000 2.540000 0.000000
0.000000 2.540000 0.000000
0.000000 2.540000 0.000000
0.000000 2.540000 0.000000
0.000000 2.540000 0.000000
0.000000 2.540000 0.000000
0.000000 2.540000 0.000000
0.000000 2.540000 0.000000
0.000000 2.540000 0.000000
0.000000 2.540000 0.000000
0.000000 2.540000 0.000000
0.000000 2.540000 0.000000
0.000000 2.540000 0.000000
0.000000 2.540000 0.000000
0.000000 2.540000 0.000000
0.000000 2.540000 0.000000
0.000000 2.540000 0.000000
0.000000 2.540000 0.000000
0.000000 2.540000 0.000000
0.000000 2.540000 0.000000
0.000000 2.540000 0.000000
0.000000 2.540000 0.000000
0.000000 2.540000 0.000000
0.000000 2.540000 0.000000
0.000000 2.540000 0.000000
0.000000 2.540000 0.000000
0.000000 2.540000 0.000000
0.000000 2.540000 0.000000
0.000000 2.540000 0.000000
0.000000 2.540000 0.000000
0.000000 2.540000 0.000000
0.000000 2.540000 0.000000
0.000000 2.540000 0.000000
0.000000 2.540000 0.000000
0.000000 2.540000 0.000000
0.000000 2.540000 0.000000
0.000000 2.540000 0.000000
0.000000 2.540000 0.000000
0.000000 2.540000 0.000000
0.000000 2.540000 0.000000
0.000000 2.540000 0.000000
0.000000 2.540000 0.000000
0.000000 2.540000 0.000000
0.000000 2.540000 0.000000
0.000000 2.540000 0.000000
0.000000 2.540000 0.000000
0.000000 2.540000 0.000000
0.000000 2.540000 0.000000
0.000000 2.540000 0.000000
0.000000 2.540000 0.000000
0.000000 2.540000 0.000000
0.000000 2.540000 0.000000
0.000000 2.540000 0.000000
0.000000 2.540000 0.000000
0.000000 2.540000 0.000000
0.000000 0.000000 2.540000
0.000000 0.000000 2.540000
0.000000 0.000000 2.540000
0.000000 0.000000 2.540000
0.000000 0.000000 2.540000
0.000000 0.000000 2.540000
0.000000 0.000000 2.540000
0.000000 0.000000 2.540000
0.000000 0.000000 2.540000
0.000000 0.000000 2.540000
0.000000 0.000000 2.540000
0.000000 0.000000 2.540000
0.000000 0.000000 2.540000
0.000000 0.000000 2.540000
0.000000 0.000000 2.540000
0.000000 0.000000 2.540000
0.000000 0.000000 2.540000
0.000000 0.000000 2.540000
0.000000 0.000000 2.540000
0.000000 0.000000 2.540000
0.000000 0.000000 2.540000
0.000000 0.000000 2.540000
0.000000 0.000000 2.540000
0.000000 0.000000 2.540000
0.000000 0.000000 2.540000
0.000000 0.000000 2.540000
0.000000 0.000000 2.540000
0.000000 0.000000 2.540000
0.000000 0.000000 2.540000
0.000000 0.000000 2.540000
0.000000 0.000000 2.540000
0.000000 0.000000 2.540000
0.000000 0.000000 2.540000
0.000000 0.000000 2.540000
0.000000 0.000000 2.540000
0.000000 0.000000 2.540000
0.000000 0.000000 2.540000
0.000000 0.000000 2.540000
0.000000 0.000000 2.540000
0.000000 0.000000 2.540000
0.000000 0.000000 2.540000
0.000000 0.000000 2.540000
0.000000 0.000000 2.540000
0.000000 0.000000 2.540000
0.000000 0.000000 2.540000
0.000000 0.000000 2.540000
0.000000 0.000000 2.540000
0.000000 0.000000 2.540000
0.000000 0.000000 2.540000
0.000000 0.000000 2.540000
0.000000 0.000000 2.540000
0.000000 0.000000 2.540000
0.000000 0.000000 2.540000
0.000000 0.000000 2.540000
0.000000 0.000000 2.540000
0.000000 0.000000 2.540000
0.000000 0.000000 2.540000
0.000000 0.000000 2.540000
0.000000 0.000000 2.540000
0.000000 0.000000 2.540000
0.000000 0.000000 2.540000
0.000000 0.000000 2.540000
0.000000 0.000000 2.540000
0.000000 0.000000 2.540000
0.000000 0.000000 2.540000
0.000000 0.000000 2.540000
0.000000 0.000000 2.540000
0.000000 0.000000 2.540000
0.000000 0.000000 2.540000
0.000000 0.000000 2.540000
0.000000 0.000000 2.540000
0.000000 0.000000 2.540000
0.000000 0.000000 2.540000
0.000000 0.000000 2.540000
0.000000 0.000000 2.540000
0.000000 0.000000 2.540000
0.000000 0.000000 2.540000
0.000000 0.000000 2.540000
0.000000 0.000000 2.540000
0.000000 0.000000 2.540000
0.000000 0.000000 2.540000
0.000000 0.000000 2.540000
0.000000 0.000000 2.540000
0.000000 0.000000 2.540000
0.000000 0.000000 2.540000
0.000000 0.000000 2.540000
0.000000 0.000000 2.540000
0.000000 0.000000 2.540000
0.000000 0.000000 2.540000
0.000000 0.000000 2.540000
0.000000 0.000000 2.540000
0.000000 0.000000 2.540000
0.000000 0.000000 2.540000
0.000000 0.000000 2.540000
0.000000 0.000000 2.540000
0.000000 0.000000 2.540000
0.000000 0.000000 2.540000
0.000000 0.000000 2.540000
0.000000 0.000000 2.540000
0.000000 0.000000 2.540000
0.000000 0.000000 2.540000
0.000000 0.000000 2.540000
0.000000 0.000000 2.540000
0.000000 0.000000 2.540000
0.000000 0.000000 2.540000
0.000000 0.000000 2.540000
0.000000 0.000000 2.540000
0.000000 0.000000 2.540000
0.000000 0.000000 2.540000
0.000000 0.000000 2.540000
0.000000 0.000000 2.540000
0.000000 0.000000 2.540000
0.000000 0.000000 2.540000
0.000000 0.000000 2.540000
0.000000 0.000000 2.540000
0.000000 0.000000 2.540000
0.000000 0.000000 2.540000
0.000000 0.000000 2.540000
0.000000 0.000000 2.540000
0.000000 0.000000 2.540000
0.000000 0.000000 2.540000
0.000000 0.000000 2.540000
0.000000 0.000000 2.540000
0.000000 0.000000 2.540000
0.000000 0.000000 2.540000
0.000000 0.000000 2.540000
0.000000 0.000000 2.540000
0.000000 0.000000 2.540000
0.000000 0.000000 2.540000
0.000000 0.000000 2.540000
0.000000 0.000000 2.540000
0.000000 0.000000 2.540000
0.000000 0.000000 2.540000
0.000000 0.000000 2.540000
0.000000 0.000000 2.540000
0.000000 0.000000 2.540000
0.000000 0.000000 2.540000
0.000000 0.000000 2.540000
0.000000 0.000000 2.540000
0.000000 0.000000 2.540000
0.000000 0.000000 2.540000
0.000000 0.000000 2.540000
0.000000 0.000000 2.540000
0.000000 0.000000 2.540000
0.000000 0.000000 2.540000
0.000000 0.000000 2.540000
0.000000 0.000000 2.540000
0.000000 0.000000 2.540000
0.000000 0.000000 2.540000
0.000000 0.000000 2.540000
0.000000 0.000000 2.540000
0.000000 0.000000 2.540000
0.000000 0.000000 2.540000
0.000000 0.000000 2.540000
0.000000 0.000000 2.540000
0.000000 0.000000 2.540000
0.000000 0.000000 2.540000
0.000000 0.000000 2.540000
0.000000 0.000000 2.540000
0.000000 0.000000 -2.540000
0.000000 0.000000 -2.540000
0.000000 0.000000 -2.540000
0.000000 0.000000 -2.540000
0.000000 0.000000 -2.540000
0.000000 0.000000 -2.540000
0.000000 0.000000 -2.540000
0.000000 0.000000 -2.540000
0.000000 0.000000 -2.540000
0.000000 0.000000 -2.540000
0.000000 0.000000 -2.540000
0.000000 0.000000 -2.540000
0.000000 0.000000 -2.540000
0.000000 0.000000 -2.540000
0.000000 0.000000 -2.540000
0.000000 0.000000 -2.540000
0.000000 0.000000 -2.540000
0.000000 0.000000 -2.540000
0.000000 0.000000 -2.540000
0.000000 0.000000 -2.540000
0.000000 0.000000 -2.540000
0.000000 0.000000 -2.540000
0.000000 0.000000 -2.540000
0.000000 0.000000 -2.540000
0.000000 0.000000 -2.540000
0.000000 0.000000 -2.540000
0.000000 0.000000 -2.540000
0.000000 0.000000 -2.540000
0.000000 0.000000 -2.540000
0.000000 0.000000 -2.540000
0.000000 0.000000 -2.540000
0.000000 0.000000 -2.540000
0.000000 0.000000 -2.540000
0.000000 0.000000 -2.540000
0.000000 0.000000 -2.540000
0.000000 0.000000 -2.540000
0.000000 0.000000 -2.540000
0.000000 0.000000 -2.540000
0.000000 0.000000 -2.540000
0.000000 0.000000 -2.540000
0.000000 0.000000 -2.540000
0.000000 0.000000 -2.540000
0.000000 0.000000 -2.540000
0.000000 0.000000 -2.540000
0.000000 0.000000 -2.540000
0.000000 0.000000 -2.540000
0.000000 0.000000 -2.540000
0.000000 0.000000 -2.540000
0.000000 0.000000 -2.540000
0.000000 0.000000 -2.540000
0.000000 0.000000 -2.540000
0.000000 0.000000 -2.540000
0.000000 0.000000 -2.540000
0.000000 0.000000 -2.540000
0.000000 0.000000 -2.540000
0.000000 0.000000 -2.540000
0.000000 0.000000 -2.540000
0.000000 0.000000 -2.540000
0.000000 0.000000 -2.540000
0.000000 0.000000 -2.540000
0.000000 0.000000 -2.540000
0.000000 0.000000 -2.540000
0.000000 0.000000 -2.540000
0.000000 0.000000 -2.540000
0.000000 0.000000 -2.540000
0.000000 0.000000 -2.540000
0.000000 0.000000 -2.540000
0.000000 0.000000 -2.540000
0.000000 0.000000 -2.540000
0.000000 0.000000 -2.540000
0.000000 0.000000 -2.540000
0.000000 0.000000 -2.540000
0.000000 0.000000 -2.540000
0.000000 0.000000 -2.540000
0.000000 0.000000 -2.540000
0.000000 0.000000 -2.540000
0.000000 0.000000 -2.540000
0.000000 0.000000 -2.540000
0.000000 0.000000 -2.540000
0.000000 0.000000 -2.540000
0.000000 0.000000 -2.540000
0.000000 0.000000 -2.540000
0.000000 0.000000 -2.540000
0.000000 0.000000 -2.540000
0.000000 0.000000 -2.540000
0.000000 0.000000 -2.540000
0.000000 0.000000 -2.540000
0.000000 0.000000 -2.540000
0.000000 0.000000 -2.540000
0.000000 0.000000 -2.540000
0.000000 0.000000 -2.540000
0.000000 0.000000 -2.540000
0.000000 0.000000 -2.540000
0.000000 0.000000 -2.540000
0.000000 0.000000 -2.540000
0.000000 0.000000 -2.540000
0.000000 0.000000 -2.540000
0.000000 0.000000 -2.540000
0.000000 0.000000 -2.540000
0.000000 0.000000 -2.540000
0.000000 0.000000 -2.540000
0.000000 0.000000 -2.540000
0.000000 0.000000 -2.540000
0.000000 0.000000 -2.540000
0.000000 0.000000 -2.540000
0.000000 0.000000 -2.540000
0.000000 0.000000 -2.540000
0.000000 0.000000 -2.540000
0.000000 0.000000 -2.540000
0.000000 0.000000 -2.540000
0.000000 0.000000 -2.540000
0.000000 0.000000 -2.540000
0.000000 0.000000 -2.540000
0.000000 0.000000 -2.540000
0.000000 0.000000 -2.540000
0.000000 0.000000 -2.540000
0.000000 0.000000 -2.540000
0.000000 0.000000 -2.540000
0.000000 0.000000 -2.540000
0.000000 0.000000 -2.540000
0.000000 0.000000 -2.540000
0.000000 0.000000 -2.540000
0.000000 0.000000 -2.540000
0.000000 0.000000 -2.540000
0.000000 0.000000 -2.540000
0.000000 0.000000 -2.540000
0.000000 0.000000 -2.540000
0.000000 0.000000 -2.540000
0.000000 0.000000 -2.540000
0.000000 0.000000 -2.540000
0.000000 0.000000 -2.540000
0.000000 0.000000 -2.540000
0.000000 0.000000 -2.540000
0.000000 0.000000 -2.540000
0.000000 0.000000 -2.540000
0.000000 0.000000 -2.540000
0.000000 0.000000 -2.540000
0.000000 0.000000 -2.540000
0.000000 0.000000 -2.540000
0.000000 0.000000 -2.540000
0.000000 0.000000 -2.540000
0.000000 0.000000 -2.540000
0.000000 0.000000 -2.540000
0.000000 0.000000 -2.540000
0.000000 0.000000 -2.540000
0.000000 0.000000 -2.540000
0.000000 0.000000 -2.540000
0.000000 0.000000 -2.540000
0.000000 0.000000 -2.540000
0.000000 0.000000 -2.540000
0.000000 0.000000 -2.540000
0.000000 0.000000 -2.540000
0.000000 0.000000 -2.540000
0.000000 0.000000 -2.540000
0.000000 0.000000 -2.540000
0.000000 0.000000 -2.540000
0.000000 0.000000 -2.540000
0.000000 0.000000 -2.540000
0.000000 0.000000 -2.540000
0.000000 0.000000 -2.540000
0.000000 0.000000 -2.540000
0.000000 0.000000 -2.540000
0.000000 0.000000 -2.540000
0.000000 0.000000 -2.540000
0.000000 0.000000 -2.540000
0.000000 0.000000 -2.540000
0.000000 0.000000 -2.540000
0.000000 0.000000 -2.540000
0.000000 0.000000 -2.540000
0.000000 0.000000 -2.540000
0.000000 0.000000 -2.540000
0.000000 0.000000 -2.540000
0.000000 0.000000 -2.540000
0.000000 0.000000 -2.540000
0.000000 0.000000 -2.540000
0.000000 0.000000 -2.540000
0.000000 0.000000 -2.540000
0.000000 0.000000 -2.540000
0.000000 0.000000 -2.540000
0.000000 0.000000 -2.540000
0.000000 0.000000 -2.540000
0.000000 0.000000 -2.540000
0.000000 0.000000 -2.540000
0.000000 0.000000 -2.540000
0.000000 0.000000 -2.540000
0.000000 0.000000 -2.540000
0.000000 0.000000 -2.540000
0.000000 0.000000 -2.540000
0.000000 0.000000 -2.540000
0.000000 0.000000 -2.540000
0.000000 0.000000 -2.540000
0.000000 0.000000 -2.540000
0.000000 0.000000 -2.540000
0.000000 0.000000 -2.540000
0.000000 0.000000 -2.540000
0.000000 0.000000 -2.540000
0.000000 0.000000 -2.540000
0.000000 0.000000 -2.540000
0.000000 0.000000 -2.540000
0.000000 0.000000 -2.540000
0.000000 0.000000 -2.540000
0.000000 0.000000 -2.540000
0.000000 0.000000 -2.540000
0.000000 0.000000 -2.540000
0.000000 0.000000 -2.540000
0.000000 0.000000 -2.540000
0.000000 0.000000 -2.540000
0.000000 0.000000 -2.540000
0.000000 0.000000 -2.540000
0.000000 0.000000 -2.540000
0.000000 0.000000 -2.540000
0.000000 0.000000 -2.540000
0.000000 0.000000 -2.540000
0.000000 0.000000 -2.540000
0.000000 0.000000 -2.540000
0.000000 0.000000 -2.540000
0.000000 0.000000 -2.540000
0.000000 0.000000 -2.540000
0.000000 0.000000 -2.540000
0.000000 0.000000 -2.540000
0.000000 0.000000 -2.540000
0.000000 0.000000 -2.540000
0.000000 0.000000 -2.540000
0.000000 0.000000 -2.540000
0.000000 0.000000 -2.540000
0.000000 0.000000 -2.540000
0.000000 0.000000 -2.540000
0.000000 0.000000 -2.540000
0.000000 0.000000 -2.540000
0.000000 0.000000 -2.540000
0.000000 0.000000 -2.540000
0.000000 0.000000 -2.540000
0.000000 0.000000 -2.540000
0.000000 0.000000 -2.540000
0.000000 0.000000 -2.540000
0.000000 0.000000 -2.540000
0.000000 0.000000 -2.540000
0.000000 0.000000 -2.540000
0.000000 0.000000 -2.540000
0.000000 0.000000 -2.540000
0.000000 0.000000 -2.540000
0.000000 0.000000 -2.540000
0.000000 0.000000 -2.540000
0.000000 0.000000 -2.540000
0.000000 0.000000 -2.540000
0.000000 0.000000 -2.540000
0.000000 0.000000 -2.540000
0.000000 0.000000 -2.540000
0.000000 0.000000 -2.540000
0.000000 0.000000 -2.540000
0.000000 0.000000 -2.540000
0.000000 0.000000 -2.540000
0.000000 0.000000 -2.540000
0.000000 0.000000 -2.540000
0.000000 0.000000 -2.540000
0.000000 0.000000 -2.540000
0.000000 0.000000 -2.540000
0.000000 0.000000 -2.540000
0.000000 0.000000 -2.540000
0.000000 0.000000 -2.540000
0.000000 0.000000 -2.540000
0.000000 0.000000 -2.540000
0.000000 0.000000 -2.540000
0.000000 0.000000 -2.540000
0.000000 0.000000 -2.540000
0.000000 0.000000 -2.540000
0.000000 0.000000 -2.540000
0.000000 0.000000 -2.540000
0.000000 0.000000 -2.540000
0.000000 0.000000 -2.540000
0.000000 0.000000 -2.540000
0.000000 0.000000 -2.540000
0.000000 0.000000 -2.540000
0.000000 0.000000 -2.540000
0.000000 0.000000 -2.540000
0.000000 0.000000 -2.540000
0.000000 0.000000 -2.540000
0.000000 0.000000 -2.540000
0.000000 0.000000 -2.540000
0.000000 0.000000 -2.540000
0.000000 0.000000 -2.540000
0.000000 0.000000 -2.540000
0.000000 0.000000 -2.540000
0.000000 0.000000 -2.540000
0.000000 0.000000 -2.540000
0.000000 0.000000 -2.540000
0.000000 0.000000 -2.540000
0.000000 0.000000 -2.540000
0.000000 0.000000 -2.540000
0.000000 0.000000 -2.540000
0.000000 0.000000 -2.540000
0.000000 0.000000 -2.540000
0.000000 0.000000 -2.540000
0.000000 0.000000 -2.540000
0.000000 0.000000 -2.540000
0.000000 0.000000 -2.540000
0.000000 0.000000 -2.540000
0.000000 0.000000 -2.540000
0.000000 0.000000 -2.540000
0.000000 0.000000 -2.540000
0.000000 0.000000 -2.540000
0.000000 0.000000 -2.540000
0.000000 0.000000 -2.540000
0.000000 0.000000 -2.540000
0.000000 0.000000 -2.540000
0.000000 0.000000 -2.540000
0.000000 0.000000 -2.540000
0.000000 0.000000 -2.540000
0.000000 0.000000 -2.540000
0.000000 0.000000 -2.540000
0.000000 0.000000 -2.540000
0.000000 0.000000 -2.540000
0.000000 0.000000 -2.540000
0.000000 0.000000 -2.540000
0.000000 0.000000 -2.540000
0.000000 0.000000 -2.540000
0.000000 0.000000 -2.540000
0.000000 0.000000 -2.540000
0.000000 0.000000 -2.540000
0.000000 0.000000 -2.540000
0.000000 0.000000 -2.540000
0.000000 0.000000 -2.540000
0.000000 0.000000 -2.540000
0.000000 0.000000 -2.540000
0.000000 0.000000 -2.540000
0.000000 0.000000 -2.540000
0.000000 0.000000 -2.540000
0.000000 0.000000 -2.540000
0.000000 0.000000 -2.540000
0.000000 0.000000 -2.540000
0.000000 0.000000 -2.540000
0.000000 0.000000 -2.540000
0.000000 0.000000 -2.540000
0.000000 0.000000 -2.540000
0.000000 0.000000 -2.540000
0.000000 0.000000 -2.540000
0.000000 0.000000 -2.540000
0.000000 0.000000 -2.540000
0.000000 0.000000 -2.540000
0.000000 0.000000 -2.540000
0.000000 0.000000 -2.540000
0.000000 0.000000 -2.540000
0.000000 0.000000 -2.540000
0.000000 0.000000 -2.540000
0.000000 0.000000 -2.540000
0.000000 0.000000 -2.540000
0.000000 0.000000 -2.540000
0.000000 0.000000 -2.540000
0.000000 0.000000 -2.540000
0.000000 0.000000 -2.540000
0.000000 0.000000 -2.540000
0.000000 0.000000 -2.540000
0.000000 0.000000 -2.540000
0.000000 0.000000 -2.540000
0.000000 0.000000 -2.540000
0.000000 0.000000 -2.540000
0.000000 0.000000 -2.540000
0.000000 0.000000 -2.540000
0.000000 0.000000 -2.540000
0.000000 0.000000 -2.540000
0.000000 0.000000 -2.540000
0.000000 0.000000 -2.540000
0.000000 0.000000 -2.540000
0.000000 0.000000 -2.540000
0.000000 0.000000 -2.540000
0.000000 0.000000 -2.540000
0.000000 0.000000 -2.540000
0.000000 0.000000 -2.540000
0.000000 0.000000 -2.540000
0.000000 0.000000 -2.540000
0.000000 0.000000 -2.540000
0.000000 0.000000 -2.540000
0.000000 0.000000 -2.540000
0.000000 0.000000 -2.540000
0.000000 0.000000 -2.540000
0.000000 0.000000 -2.540000
0.000000 0.000000 -2.540000
0.000000 0.000000 -2.540000
0.000000 0.000000 -2.540000
0.000000 0.000000 -2.540000
0.000000 0.000000 -2.540000
0.000000 0.000000 -2.540000
0.000000 0.000000 -2.540000
0.000000 0.000000 -2.540000
0.000000 0.000000 -2.540000
0.000000 0.000000 -2.540000
0.000000 0.000000 -2.540000
0.000000 0.000000 -2.540000
0.000000 0.000000 -2.540000
0.000000 0.000000 -2.540000
0.000000 0.000000 -2.540000
0.000000 0.000000 -2.540000
0.000000 0.000000 -2.540000
0.000000 0.000000 -2.540000
0.000000 0.000000 -2.540000
0.000000 0.000000 -2.540000
0.000000 0.000000 -2.540000
0.000000 0.000000 -2.540000
0.000000 0.000000 -2.540000
-2.540000 -0.000000 0.000000
-2.540000 -0.000000 0.000000
-2.476317 -0.565203 0.000000
-2.476317 -0.565203 0.000000
-2.540000 -0.000000 0.000000
-2.476317 -0.565203 0.000000
-2.476317 -0.565203 0.000000
-2.476317 -0.565203 0.000000
-2.288461 -1.102065 0.000000
-2.288461 -1.102065 0.000000
-2.476317 -0.565203 0.000000
-2.288461 -1.102065 0.000000
-2.288461 -1.102065 0.000000
-2.288461 -1.102065 0.000000
-1.985852 -1.583664 0.000000
-1.985852 -1.583664 0.000000
-2.288461 -1.102065 0.000000
-1.985852 -1.583664 0.000000
-1.985852 -1.583664 0.000000
-1.985852 -1.583664 0.000000
-1.583664 -1.985852 0.000000
-1.583664 -1.985852 0.000000
-1.985852 -1.583664 0.000000
-1.583664 -1.985852 0.000000
-1.583664 -1.985852 0.000000
-1.583664 -1.985852 0.000000
-1.102065 -2.288461 0.000000
-1.102065 -2.288461 0.000000
-1.583664 -1.985852 0.000000
-1.102065 -2.288461 0.000000
-1.102065 -2.288461 0.000000
-1.102065 -2.288461 0.000000
-0.565203 -2.476317 0.000000
-0.565203 -2.476317 0.000000
-1.102065 -2.288461 0.000000
-0.565203 -2.476317 0.000000
-0.565203 -2.476317 0.000000
-0.565203 -2.476317 0.000000
0.000000 -2.540000 0.000000
0.000000 -2.540000 0.000000
-0.565203 -2.476317 0.000000
0.000000 -2.540000 0.000000
0.000000 -2.540000 0.000000
0.000000 -2.540000 0.000000
0.000000 -2.540000 0.000000
0.000000 -2.540000 0.000000
0.000000 -2.540000 0.000000
0.000000 -2.540000 0.000000
0.000000 -2.540000 0.000000
0.000000 -2.540000 0.000000
0.565203 -2.476317 0.000000
0.565203 -2.476317 0.000000
0.000000 -2.540000 0.000000
0.565203 -2.476317 0.000000
0.565203 -2.476317 0.000000
0.565203 -2.476317 0.000000
1.102065 -2.288461 0.000000
1.102065 -2.288461 0.000000
0.565203 -2.476317 0.000000
1.102065 -2.288461 0.000000
1.102065 -2.288461 0.000000
1.102065 -2.288461 0.000000
1.583664 -1.985852 0.000000
1.583664 -1.985852 0.000000
1.102065 -2.288461 0.000000
1.583664 -1.985852 0.000000
1.583664 -1.985852 0.000000
1.583664 -1.985852 0.000000
1.985852 -1.583664 0.000000
1.985852 -1.583664 0.000000
1.583664 -1.985852 0.000000
1.985852 -1.583664 0.000000
1.985852 -1.583664 0.000000
1.985852 -1.583664 0.000000
2.288461 -1.102065 0.000000
2.288461 -1.102065 0.000000
1.985852 -1.583664 0.000000
2.288461 -1.102065 0.000000
2.288461 -1.102065 0.000000
2.288461 -1.102065 0.000000
2.476317 -0.565203 0.000000
2.476317 -0.565203 0.000000
2.288461 -1.102065 0.000000
2.476317 -0.565203 0.000000
2.476317 -0.565203 0.000000
2.476317 -0.565203 0.000000
2.540000 -0.000000 0.000000
2.540000 -0.000000 0.000000
2.476317 -0.565203 0.000000
2.540000 -0.000000 0.000000
2.540000 -0.000000 0.000000
2.540000 -0.000000 0.000000
2.540000 0.000000 0.000000
2.540000 0.000000 0.000000
2.540000 -0.000000 0.000000
2.540000 0.000000 0.000000
2.540000 0.000000 0.000000
2.540000 0.000000 0.000000
2.540000 0.000000 0.000000
2.540000 0.000000 0.000000
2.540000 0.000000 0.000000
2.540000 0.000000 0.000000
2.476317 0.565203 0.000000
2.523520 0.288874 0.000000
2.540000 0.000000 0.000000
2.540000 0.000000 0.000000
2.523520 0.288874 0.000000
2.535877 0.144672 0.000000
2.540000 0.000000 0.000000
2.535877 0.144672 0.000000
2.540000 0.000000 0.000000
2.288461 1.102065 0.000000
2.335250 0.999104 0.000000
2.476317 0.565203 0.000000
2.476317 0.565203 0.000000
2.335250 0.999104 0.000000
2.502970 0.432139 0.000000
2.476317 0.565203 0.000000
2.502970 0.432139 0.000000
2.523520 0.288874 0.000000
2.335250 0.999104 0.000000
2.288461 1.102065 0.000000
2.040995 1.511932 0.000000
2.040995 1.511932 0.000000
2.288461 1.102065 0.000000
1.985852 1.583664 0.000000
2.040995 1.511932 0.000000
1.985852 1.583664 0.000000
1.636149 1.942837 0.000000
1.636149 1.942837 0.000000
1.985852 1.583664 0.000000
1.583664 1.985852 0.000000
1.636149 1.942837 0.000000
1.583664 1.985852 0.000000
1.142649 2.268470 0.000000
1.142649 2.268470 0.000000
1.583664 1.985852 0.000000
1.102065 2.288461 0.000000
1.142649 2.268470 0.000000
1.102065 2.288461 0.000000
0.587234 2.471185 0.000000
0.587234 2.471185 0.000000
1.102065 2.288461 0.000000
0.565203 2.476317 0.000000
0.587234 2.471185 0.000000
0.565203 2.476317 0.000000
-0.000000 2.540000 0.000000
-0.000000 2.540000 0.000000
0.565203 2.476317 0.000000
-0.000000 2.540000 0.000000
0.000000 2.540000 0.000000
0.000000 2.540000 0.000000
-0.000000 2.540000 0.000000
-0.000000 2.540000 0.000000
0.000000 2.540000 0.000000
0.000000 2.540000 0.000000
-0.000000 2.540000 0.000000
0.000000 2.540000 0.000000
0.000000 2.540000 0.000000
0.000000 2.540000 0.000000
0.000000 2.540000 0.000000
0.000000 2.540000 0.000000
0.000000 2.540000 0.000000
0.000000 2.540000 0.000000
0.000000 2.540000 0.000000
0.000000 2.540000 0.000000
0.000000 2.540000 0.000000
0.000000 2.540000 0.000000
0.000000 2.540000 0.000000
0.000000 2.540000 0.000000
0.000000 2.540000 0.000000
0.000000 2.540000 0.000000
0.000000 2.540000 0.000000
0.000000 2.540000 0.000000
0.000000 2.540000 0.000000
0.000000 2.540000 0.000000
0.000000 2.540000 0.000000
0.000000 2.540000 0.000000
0.000000 2.540000 0.000000
0.000000 2.540000 0.000000
0.000000 2.540000 0.000000
0.000000 2.540000 0.000000
0.000000 2.540000 0.000000
0.000000 2.540000 0.000000
0.000000 2.540000 0.000000
0.000000 2.540000 0.000000
-0.000000 2.540000 0.000000
0.000000 2.540000 0.000000
0.000000 2.540000 0.000000
0.000000 2.540000 0.000000
0.000000 2.540000 0.000000
0.000000 2.540000 0.000000
0.000000 2.540000 0.000000
0.000000 2.540000 0.000000
0.000000 2.540000 0.000000
-0.000000 2.540000 0.000000
0.000000 2.540000 0.000000
-0.000000 2.540000 0.000000
-0.000000 2.540000 0.000000
0.000000 2.540000 0.000000
0.000000 2.540000 0.000000
-0.000000 2.540000 0.000000
0.000000 2.540000 0.000000
0.000000 2.540000 0.000000
0.000000 2.540000 0.000000
0.000000 2.540000 0.000000
0.000000 2.540000 0.000000
0.000000 2.540000 0.000000
0.000000 2.540000 0.000000
0.000000 2.540000 0.000000
0.000000 2.540000 0.000000
0.000000 2.540000 0.000000
0.000000 2.540000 0.000000
0.000000 2.540000 0.000000
0.000000 2.540000 0.000000
0.000000 2.540000 0.000000
0.000000 2.540000 0.000000
0.000000 2.540000 0.000000
0.000000 2.540000 0.000000
0.000000 2.540000 0.000000
0.000000 2.540000 0.000000
0.000000 2.540000 0.000000
0.000000 2.540000 0.000000
0.000000 2.540000 0.000000
0.000000 2.540000 0.000000
0.000000 2.540000 0.000000
0.000000 2.540000 0.000000
0.000000 2.540000 0.000000
0.000000 2.540000 0.000000
0.000000 2.540000 0.000000
0.000000 2.540000 0.000000
0.000000 2.540000 0.000000
0.000000 2.540000 0.000000
0.000000 2.540000 0.000000
0.000000 2.540000 0.000000
0.000000 2.540000 0.000000
0.000000 2.540000 0.000000
0.000000 2.540000 0.000000
0.000000 2.540000 0.000000
0.000000 2.540000 0.000000
0.000000 2.540000 0.000000
0.000000 2.540000 0.000000
0.000000 2.540000 0.000000
0.000000 2.540000 0.000000
0.000000 2.540000 0.000000
0.000000 2.540000 0.000000
0.000000 2.540000 0.000000
0.000000 2.540000 0.000000
0.000000 2.540000 0.000000
0.000000 2.540000 0.000000
0.000000 2.540000 0.000000
0.000000 2.540000 0.000000
0.000000 2.540000 0.000000
0.000000 2.540000 0.000000
0.000000 2.540000 0.000000
0.000000 2.540000 0.000000
0.000000 2.540000 0.000000
0.000000 2.540000 0.000000
0.000000 2.540000 0.000000
0.000000 2.540000 0.000000
0.000000 2.540000 0.000000
0.000000 2.540000 0.000000
0.000000 2.540000 0.000000
0.000000 2.540000 0.000000
0.000000 2.540000 0.000000
0.000000 2.540000 0.000000
0.000000 2.540000 0.000000
0.000000 2.540000 0.000000
0.000000 2.540000 0.000000
0.000000 2.540000 0.000000
0.000000 2.540000 0.000000
0.000000 2.540000 0.000000
0.000000 2.540000 0.000000
0.000000 2.540000 0.000000
0.000000 2.540000 0.000000
0.000000 2.540000 0.000000
0.000000 2.540000 0.000000
0.000000 2.540000 0.000000
0.000000 2.540000 0.000000
0.000000 2.540000 0.000000
0.000000 2.540000 0.000000
0.000000 2.540000 0.000000
0.000000 2.540000 0.000000
0.000000 2.540000 0.000000
0.000000 2.540000 0.000000
0.000000 2.540000 0.000000
0.000000 2.540000 0.000000
0.000000 2.540000 0.000000
0.000000 2.540000 0.000000
0.000000 2.540000 0.000000
0.000000 2.540000 0.000000
0.000000 2.540000 0.000000
0.000000 2.540000 0.000000
0.000000 2.540000 0.000000
0.000000 2.540000 0.000000
0.000000 2.540000 0.000000
0.000000 2.540000 0.000000
0.000000 2.540000 0.000000
0.000000 2.540000 0.000000
0.000000 2.540000 0.000000
0.000000 2.540000 0.000000
0.000000 2.540000 0.000000
0.000000 2.540000 0.000000
0.000000 2.540000 0.000000
0.000000 2.540000 0.000000
0.000000 2.540000 0.000000
0.000000 2.540000 0.000000
0.000000 2.540000 0.000000
0.000000 2.540000 0.000000
0.000000 2.540000 0.000000
0.000000 2.540000 0.000000
0.000000 2.540000 0.000000
0.000000 2.540000 0.000000
0.000000 2.540000 0.000000
0.000000 2.540000 0.000000
0.000000 2.540000 0.000000
0.000000 2.540000 0.000000
0.000000 2.540000 0.000000
0.000000 2.540000 0.000000
0.000000 2.540000 0.000000
0.000000 2.540000 0.000000
0.000000 2.540000 0.000000
0.000000 2.540000 0.000000
0.000000 2.540000 0.000000
0.000000 2.540000 0.000000
0.000000 2.540000 0.000000
0.000000 2.540000 0.000000
0.000000 2.540000 0.000000
0.000000 2.540000 0.000000
0.000000 2.540000 0.000000
0.000000 2.540000 0.000000
0.000000 2.540000 0.000000
0.000000 2.540000 0.000000
0.000000 2.540000 0.000000
0.000000 2.540000 0.000000
0.000000 2.540000 0.000000
0.000000 2.540000 0.000000
0.000000 2.540000 0.000000
0.000000 2.540000 0.000000
0.000000 2.540000 0.000000
0.000000 2.540000 0.000000
0.000000 2.540000 0.000000
0.000000 2.540000 0.000000
0.000000 2.540000 0.000000
0.000000 2.540000 0.000000
0.000000 2.540000 0.000000
0.000000 2.540000 0.000000
0.000000 2.540000 0.000000
0.000000 2.540000 0.000000
0.000000 2.540000 0.000000
0.000000 2.540000 0.000000
0.000000 2.540000 0.000000
0.000000 2.540000 0.000000
0.000000 2.540000 0.000000
0.000000 2.540000 0.000000
0.000000 2.540000 0.000000
0.000000 2.540000 0.000000
0.000000 2.540000 0.000000
0.000000 2.540000 0.000000
0.000000 2.540000 0.000000
0.000000 2.540000 0.000000
0.000000 2.540000 0.000000
0.000000 2.540000 0.000000
0.000000 2.540000 0.000000
0.000000 2.540000 0.000000
0.000000 2.540000 0.000000
0.000000 2.540000 0.000000
0.000000 2.540000 0.000000
0.000000 2.540000 0.000000
0.000000 2.540000 0.000000
0.000000 2.540000 0.000000
0.000000 2.540000 0.000000
0.000000 2.540000 0.000000
0.000000 2.540000 0.000000
0.000000 2.540000 0.000000
0.000000 2.540000 0.000000
0.000000 2.540000 0.000000
0.000000 2.540000 0.000000
0.000000 2.540000 0.000000
0.000000 2.540000 0.000000
0.000000 2.540000 0.000000
0.000000 2.540000 0.000000
0.000000 2.540000 0.000000
0.000000 2.540000 0.000000
0.000000 2.540000 0.000000
0.000000 2.540000 0.000000
0.000000 2.540000 0.000000
0.000000 2.540000 0.000000
0.000000 2.540000 0.000000
0.000000 2.540000 0.000000
0.000000 2.540000 0.000000
0.000000 2.540000 0.000000
-0.000000 2.540000 0.000000
-0.000000 2.540000 0.000000
0.000000 2.540000 0.000000
0.000000 2.540000 0.000000
-0.000000 2.540000 0.000000
0.000000 2.540000 0.000000
0.000000 2.540000 0.000000
0.000000 2.540000 0.000000
0.000000 2.540000 0.000000
-0.000000 2.540000 0.000000
-0.000000 2.540000 0.000000
0.000000 2.540000 0.000000
0.000000 2.540000 0.000000
0.000000 2.540000 0.000000
0.000000 2.540000 0.000000
-0.000000 2.540000 0.000000
-0.000000 2.540000 0.000000
0.000000 2.540000 0.000000
0.000000 2.540000 0.000000
-0.000000 2.540000 0.000000
0.000000 2.540000 0.000000
0.000000 2.540000 0.000000
0.000000 2.540000 0.000000
0.000000 2.540000 0.000000
-0.565203 2.476317 0.000000
-0.565203 2.476317 0.000000
0.000000 2.540000 0.000000
-0.565203 2.476317 0.000000
-0.565203 2.476317 0.000000
-0.565203 2.476317 0.000000
-1.102065 2.288461 0.000000
-1.102065 2.288461 0.000000
-0.565203 2.476317 0.000000
-1.102065 2.288461 0.000000
-1.102065 2.288461 0.000000
-1.102065 2.288461 0.000000
-1.583664 1.985852 0.000000
-1.583664 1.985852 0.000000
-1.102065 2.288461 0.000000
-1.583664 1.985852 0.000000
-1.583664 1.985852 0.000000
-1.583664 1.985852 0.000000
-1.985852 1.583664 0.000000
-1.985852 1.583664 0.000000
-1.583664 1.985852 0.000000
-1.985852 1.583664 0.000000
-1.985852 1.583664 0.000000
-1.985852 1.583664 0.000000
-2.288461 1.102065 0.000000
-2.288461 1.102065 0.000000
-1.985852 1.583664 0.000000
-2.288461 1.102065 0.000000
-2.288461 1.102065 0.000000
-2.288461 1.102065 0.000000
-2.476317 0.565203 0.000000
-2.476317 0.565203 0.000000
-2.288461 1.102065 0.000000
-2.476317 0.565203 0.000000
-2.476317 0.565203 0.000000
-2.476317 0.565203 0.000000
-2.540000 -0.000000 0.000000
-2.540000 -0.000000 0.000000
-2.476317 0.565203 0.000000
-2.540000 -0.000000 0.000000
2.540000 0.000000 0.000000
2.540000 0.000000 0.000000
2.540000 0.000000 0.000000
2.540000 0.000000 0.000000
2.540000 0.000000 0.000000
2.540000 0.000000 0.000000
2.540000 0.000000 0.000000
2.540000 0.000000 0.000000
2.540000 0.000000 0.000000
2.540000 0.000000 0.000000
2.540000 0.000000 0.000000
2.540000 0.000000 0.000000
2.540000 0.000000 0.000000
2.540000 0.000000 0.000000
2.540000 0.000000 0.000000
2.540000 0.000000 0.000000
2.540000 0.000000 0.000000
2.540000 0.000000 0.000000
2.540000 0.000000 0.000000
2.540000 0.000000 0.000000
2.540000 0.000000 0.000000
2.540000 0.000000 0.000000
2.540000 0.000000 0.000000
2.540000 0.000000 0.000000
0.000000 2.540000 0.000000
0.000000 2.540000 0.000000
0.000000 2.540000 0.000000
0.000000 2.540000 0.000000
0.000000 2.540000 0.000000
0.000000 2.540000 0.000000
-2.540000 -0.000000 0.000000
-2.540000 -0.000000 0.000000
-2.540000 -0.000000 0.000000
-2.540000 -0.000000 0.000000
-2.540000 -0.000000 0.000000
-2.540000 -0.000000 0.000000
-2.540000 -0.000000 0.000000
-2.540000 -0.000000 0.000000
-2.540000 -0.000000 0.000000
-2.540000 -0.000000 0.000000
-2.540000 -0.000000 0.000000
-2.540000 -0.000000 0.000000
-2.540000 -0.000000 0.000000
-2.540000 -0.000000 0.000000
-2.540000 -0.000000 0.000000
-2.540000 -0.000000 0.000000
-2.540000 -0.000000 0.000000
-2.540000 -0.000000 0.000000
-2.540000 -0.000000 0.000000
-2.540000 -0.000000 0.000000
-2.540000 -0.000000 0.000000
-2.540000 -0.000000 0.000000
-2.540000 -0.000000 0.000000
-2.540000 -0.000000 0.000000
0.000000 -2.540000 0.000000
0.000000 -2.540000 0.000000
0.000000 -2.540000 0.000000
0.000000 -2.540000 0.000000
0.000000 -2.540000 0.000000
0.000000 -2.540000 0.000000
0.000000 -2.540000 0.000000
0.000000 -2.540000 0.000000
0.000000 -2.540000 0.000000
0.000000 -2.540000 0.000000
0.000000 -2.540000 0.000000
0.000000 -2.540000 0.000000
0.000000 -2.540000 0.000000
0.000000 -2.540000 0.000000
0.000000 -2.540000 0.000000
0.000000 -2.540000 0.000000
0.000000 -2.540000 0.000000
0.000000 -2.540000 0.000000
0.000000 -2.540000 0.000000
0.000000 -2.540000 0.000000
0.000000 -2.540000 0.000000
0.000000 -2.540000 0.000000
0.000000 -2.540000 0.000000
0.000000 -2.540000 0.000000
0.000000 -2.540000 0.000000
0.000000 -2.540000 0.000000
0.000000 -2.540000 0.000000
0.000000 -2.540000 0.000000
0.000000 -2.540000 0.000000
0.000000 -2.540000 0.000000
0.000000 -2.540000 0.000000
0.000000 -2.540000 0.000000
0.000000 -2.540000 0.000000
0.000000 -2.540000 0.000000
0.000000 -2.540000 0.000000
0.000000 -2.540000 0.000000
0.000000 -2.540000 0.000000
0.000000 -2.540000 0.000000
0.000000 -2.540000 0.000000
0.000000 -2.540000 0.000000
0.000000 -2.540000 0.000000
0.000000 -2.540000 0.000000
0.000000 -2.540000 0.000000
0.000000 -2.540000 0.000000
0.000000 -2.540000 0.000000
0.000000 -2.540000 0.000000
0.000000 -2.540000 0.000000
0.000000 -2.540000 0.000000
0.000000 -2.540000 0.000000
0.000000 -2.540000 0.000000
0.000000 -2.540000 0.000000
0.000000 -2.540000 0.000000
0.000000 -2.540000 0.000000
0.000000 -2.540000 0.000000
0.000000 -2.540000 0.000000
0.000000 -2.540000 0.000000
0.000000 -2.540000 0.000000
0.000000 -2.540000 0.000000
0.000000 -2.540000 0.000000
0.000000 -2.540000 0.000000
0.000000 -2.540000 0.000000
0.000000 -2.540000 0.000000
0.000000 -2.540000 0.000000
0.000000 -2.540000 0.000000
0.000000 -2.540000 0.000000
0.000000 -2.540000 0.000000
0.000000 -2.540000 0.000000
0.000000 -2.540000 0.000000
0.000000 -2.540000 0.000000
0.000000 -2.540000 0.000000
0.000000 -2.540000 0.000000
0.000000 -2.540000 0.000000
0.000000 -2.540000 0.000000
0.000000 -2.540000 0.000000
0.000000 -2.540000 0.000000
0.000000 -2.540000 0.000000
0.000000 -2.540000 0.000000
0.000000 -2.540000 0.000000
0.000000 -2.540000 0.000000
0.000000 -2.540000 0.000000
0.000000 -2.540000 0.000000
0.000000 -2.540000 0.000000
0.000000 -2.540000 0.000000
0.000000 -2.540000 0.000000
0.000000 -2.540000 0.000000
0.000000 -2.540000 0.000000
0.000000 -2.540000 0.000000
0.000000 -2.540000 0.000000
0.000000 -2.540000 0.000000
0.000000 -2.540000 0.000000
0.000000 -2.540000 0.000000
0.000000 -2.540000 0.000000
0.000000 -2.540000 0.000000
0.000000 -2.540000 0.000000
0.000000 -2.540000 0.000000
0.000000 -2.540000 0.000000
0.000000 -2.540000 0.000000
0.000000 -2.540000 0.000000
0.000000 -2.540000 0.000000
0.000000 -2.540000 0.000000
0.000000 -2.540000 0.000000
0.000000 -2.540000 0.000000
0.000000 -2.540000 0.000000
0.000000 -2.540000 0.000000
0.000000 -2.540000 0.000000
0.000000 -2.540000 0.000000
0.000000 -2.540000 0.000000
0.000000 -2.540000 0.000000
0.000000 -2.540000 0.000000
0.000000 -2.540000 0.000000
0.000000 -2.540000 0.000000
0.000000 -2.540000 0.000000
0.000000 -2.540000 0.000000
0.000000 -2.540000 0.000000
0.000000 -2.540000 0.000000
0.000000 -2.540000 0.000000
0.000000 -2.540000 0.000000
0.000000 -2.540000 0.000000
0.000000 -2.540000 0.000000
0.000000 -2.540000 0.000000
0.000000 -2.540000 0.000000
0.000000 -2.540000 0.000000
0.000000 -2.540000 0.000000
0.000000 -2.540000 0.000000
0.000000 -2.540000 0.000000
0.000000 -2.540000 0.000000
0.000000 -2.540000 0.000000
0.000000 -2.540000 0.000000
0.000000 -2.540000 0.000000
0.000000 -2.540000 0.000000
0.000000 -2.540000 0.000000
0.000000 -2.540000 0.000000
0.000000 -2.540000 0.000000
0.000000 -2.540000 0.000000
0.000000 -2.540000 0.000000
0.000000 -2.540000 0.000000
0.000000 -2.540000 0.000000
0.000000 -2.540000 0.000000
0.000000 -2.540000 0.000000
0.000000 -2.540000 0.000000
0.000000 -2.540000 0.000000
0.000000 -2.540000 0.000000
0.000000 -2.540000 0.000000
0.000000 -2.540000 0.000000
0.000000 -2.540000 0.000000
0.000000 -2.540000 0.000000
0.000000 -2.540000 0.000000
0.000000 -2.540000 0.000000
0.000000 -2.540000 0.000000
0.000000 -2.540000 0.000000
0.000000 -2.540000 0.000000
0.000000 -2.540000 0.000000
0.000000 -2.540000 0.000000
0.000000 -2.540000 0.000000
0.000000 -2.540000 0.000000
0.000000 -2.540000 0.000000
0.000000 -2.540000 0.000000
0.000000 -2.540000 0.000000
0.000000 -2.540000 0.000000
0.000000 -2.540000 0.000000
0.000000 -2.540000 0.000000
0.000000 -2.540000 0.000000
0.000000 -2.540000 0.000000
0.000000 -2.540000 0.000000
0.000000 -2.540000 0.000000
0.000000 -2.540000 0.000000
0.000000 -2.540000 0.000000
0.000000 -2.540000 0.000000
0.000000 -2.540000 0.000000
0.000000 -2.540000 0.000000
0.000000 -2.540000 0.000000
0.000000 -2.540000 0.000000
0.000000 -2.540000 0.000000
0.000000 -2.540000 0.000000
0.000000 -2.540000 0.000000
0.000000 -2.540000 0.000000
0.000000 -2.540000 0.000000
0.000000 -2.540000 0.000000
0.000000 -2.540000 0.000000
0.000000 -2.540000 0.000000
0.000000 -2.540000 0.000000
0.000000 -2.540000 0.000000
0.000000 -2.540000 0.000000
0.000000 -2.540000 0.000000
0.000000 -2.540000 0.000000
0.000000 -2.540000 0.000000
0.000000 -2.540000 0.000000
0.000000 -2.540000 0.000000
0.000000 -2.540000 0.000000
0.000000 -2.540000 0.000000
0.000000 -2.540000 0.000000
0.000000 -2.540000 0.000000
0.000000 -2.540000 0.000000
0.000000 -2.540000 0.000000
0.000000 -2.540000 0.000000
0.000000 -2.540000 0.000000
0.000000 -2.540000 0.000000
0.000000 -2.540000 0.000000
0.000000 -2.540000 0.000000
0.000000 -2.540000 0.000000
0.000000 -2.540000 0.000000
0.000000 -2.540000 0.000000
0.000000 -2.540000 0.000000
0.000000 -2.540000 0.000000
0.000000 -2.540000 0.000000
0.000000 -2.540000 0.000000
0.000000 -2.540000 0.000000
0.000000 -2.540000 0.000000
0.000000 -2.540000 0.000000
0.000000 -2.540000 0.000000
0.000000 -2.540000 0.000000
0.000000 -2.540000 0.000000
0.000000 -2.540000 0.000000
0.000000 -2.540000 0.000000
0.000000 -2.540000 0.000000
0.000000 -2.540000 0.000000
0.000000 -2.540000 0.000000
0.000000 -2.540000 0.000000
0.000000 -2.540000 0.000000
0.000000 -2.540000 0.000000
0.000000 -2.540000 0.000000
0.000000 -2.540000 0.000000
0.000000 -2.540000 0.000000
0.000000 -2.540000 0.000000
0.000000 -2.540000 0.000000
0.000000 -2.540000 0.000000
0.000000 -2.540000 0.000000
0.000000 -2.540000 0.000000
0.000000 -2.540000 0.000000
0.000000 -2.540000 0.000000
0.000000 -2.540000 0.000000
0.000000 -2.540000 0.000000
0.000000 -2.540000 0.000000
0.000000 -2.540000 0.000000
0.000000 -2.540000 0.000000
0.000000 -2.540000 0.000000
0.000000 -2.540000 0.000000
0.000000 -2.540000 0.000000
0.000000 -2.540000 0.000000
0.000000 -2.540000 0.000000
0.000000 -2.540000 0.000000
0.000000 -2.540000 0.000000
0.000000 -2.540000 0.000000
0.000000 -2.540000 0.000000
0.000000 -2.540000 0.000000
0.000000 -2.540000 0.000000
0.000000 -2.540000 0.000000
0.000000 -2.540000 0.000000
0.000000 -2.540000 0.000000
0.000000 -2.540000 0.000000
0.000000 -2.540000 0.000000
0.000000 -2.540000 0.000000
0.000000 -2.540000 0.000000
0.000000 -2.540000 0.000000
0.000000 -2.540000 0.000000
0.000000 -2.540000 0.000000
0.000000 -2.540000 0.000000
0.000000 -2.540000 0.000000
0.000000 0.000000 -2.540000
0.000000 0.000000 -2.540000
0.000000 0.000000 -2.540000
0.000000 0.000000 -2.540000
0.000000 0.000000 -2.540000
0.000000 0.000000 -2.540000
0.000000 0.000000 -2.540000
0.000000 0.000000 -2.540000
0.000000 0.000000 -2.540000
0.000000 0.000000 -2.540000
0.000000 0.000000 -2.540000
0.000000 0.000000 -2.540000
0.000000 0.000000 -2.540000
0.000000 0.000000 -2.540000
0.000000 0.000000 -2.540000
0.000000 0.000000 -2.540000
0.000000 0.000000 -2.540000
0.000000 0.000000 -2.540000
0.000000 0.000000 -2.540000
0.000000 0.000000 -2.540000
0.000000 0.000000 -2.540000
0.000000 0.000000 -2.540000
0.000000 0.000000 -2.540000
0.000000 0.000000 -2.540000
0.000000 0.000000 -2.540000
0.000000 0.000000 -2.540000
0.000000 0.000000 -2.540000
0.000000 0.000000 -2.540000
0.000000 0.000000 -2.540000
0.000000 0.000000 -2.540000
0.000000 0.000000 -2.540000
0.000000 0.000000 -2.540000
0.000000 0.000000 -2.540000
0.000000 0.000000 -2.540000
0.000000 0.000000 -2.540000
0.000000 0.000000 -2.540000
0.000000 0.000000 -2.540000
0.000000 0.000000 -2.540000
0.000000 0.000000 -2.540000
0.000000 0.000000 -2.540000
0.000000 0.000000 -2.540000
0.000000 0.000000 -2.540000
0.000000 0.000000 -2.540000
0.000000 0.000000 -2.540000
0.000000 0.000000 -2.540000
0.000000 0.000000 -2.540000
0.000000 0.000000 -2.540000
0.000000 0.000000 -2.540000
0.000000 0.000000 -2.540000
0.000000 0.000000 -2.540000
0.000000 0.000000 -2.540000
0.000000 0.000000 -2.540000
0.000000 0.000000 -2.540000
0.000000 0.000000 -2.540000
0.000000 0.000000 -2.540000
0.000000 0.000000 -2.540000
0.000000 0.000000 -2.540000
0.000000 0.000000 -2.540000
0.000000 0.000000 -2.540000
0.000000 0.000000 -2.540000
0.000000 0.000000 -2.540000
0.000000 0.000000 -2.540000
0.000000 0.000000 -2.540000
0.000000 0.000000 -2.540000
0.000000 0.000000 -2.540000
0.000000 0.000000 -2.540000
0.000000 0.000000 -2.540000
0.000000 0.000000 -2.540000
0.000000 0.000000 -2.540000
0.000000 0.000000 -2.540000
0.000000 0.000000 -2.540000
0.000000 0.000000 -2.540000
0.000000 0.000000 -2.540000
0.000000 0.000000 -2.540000
0.000000 0.000000 -2.540000
0.000000 0.000000 -2.540000
0.000000 0.000000 -2.540000
0.000000 0.000000 -2.540000
0.000000 0.000000 -2.540000
0.000000 0.000000 -2.540000
0.000000 0.000000 -2.540000
0.000000 0.000000 -2.540000
0.000000 0.000000 -2.540000
0.000000 0.000000 -2.540000
0.000000 2.540000 0.000000
0.000000 2.540000 0.000000
0.000000 2.540000 0.000000
0.000000 2.540000 0.000000
0.000000 2.540000 0.000000
0.000000 2.540000 0.000000
0.000000 2.540000 0.000000
0.000000 2.540000 0.000000
0.000000 2.540000 0.000000
0.000000 2.540000 0.000000
0.000000 2.540000 0.000000
0.000000 2.540000 0.000000
0.000000 2.540000 0.000000
0.000000 2.540000 0.000000
0.000000 2.540000 0.000000
0.000000 2.540000 0.000000
0.000000 2.540000 0.000000
0.000000 2.540000 0.000000
0.000000 2.540000 0.000000
0.000000 2.540000 0.000000
0.000000 2.540000 0.000000
0.000000 2.540000 0.000000
0.000000 2.540000 0.000000
0.000000 2.540000 0.000000
0.000000 2.540000 0.000000
0.000000 2.540000 0.000000
0.000000 2.540000 0.000000
0.000000 2.540000 0.000000
0.000000 2.540000 0.000000
0.000000 2.540000 0.000000
0.000000 2.540000 0.000000
0.000000 2.540000 0.000000
0.000000 2.540000 0.000000
0.000000 2.540000 0.000000
0.000000 2.540000 0.000000
0.000000 2.540000 0.000000
0.000000 2.540000 0.000000
0.000000 2.540000 0.000000
0.000000 2.540000 0.000000
0.000000 2.540000 0.000000
0.000000 2.540000 0.000000
0.000000 2.540000 0.000000
0.000000 2.540000 0.000000
0.000000 2.540000 0.000000
0.000000 2.540000 0.000000
0.000000 2.540000 0.000000
0.000000 2.540000 0.000000
0.000000 2.540000 0.000000
2.539973 0.011681 0.000000
2.539973 0.011681 0.000000
2.539973 0.011681 0.000000
2.539973 0.011681 0.000000
2.539973 0.011681 0.000000
2.539973 0.011681 0.000000
2.539973 0.011681 0.000000
2.539973 0.011681 0.000000
2.539973 0.011681 0.000000
0.000000 -2.540000 0.000000
0.000000 -2.540000 0.000000
0.000000 -2.540000 0.000000
0.000000 -2.540000 0.000000
0.000000 -2.540000 0.000000
0.000000 -2.540000 0.000000
0.000000 -2.540000 0.000000
0.000000 -2.540000 0.000000
0.000000 -2.540000 0.000000
0.000000 -2.540000 0.000000
0.000000 -2.540000 0.000000
0.000000 -2.540000 0.000000
0.000000 -2.540000 0.000000
0.000000 -2.540000 0.000000
0.000000 -2.540000 0.000000
0.000000 -2.540000 0.000000
0.000000 -2.540000 0.000000
0.000000 -2.540000 0.000000
0.000000 -2.540000 0.000000
0.000000 -2.540000 0.000000
0.000000 -2.540000 0.000000
0.000000 -2.540000 0.000000
0.000000 -2.540000 0.000000
0.000000 -2.540000 0.000000
0.000000 -2.540000 0.000000
0.000000 -2.540000 0.000000
0.000000 -2.540000 0.000000
0.000000 -2.540000 0.000000
0.000000 -2.540000 0.000000
0.000000 -2.540000 0.000000
0.000000 -2.540000 0.000000
0.000000 -2.540000 0.000000
0.000000 -2.540000 0.000000
0.000000 -2.540000 0.000000
0.000000 -2.540000 0.000000
0.000000 -2.540000 0.000000
0.000000 -2.540000 0.000000
0.000000 -2.540000 0.000000
0.000000 -2.540000 0.000000
0.000000 -2.540000 0.000000
0.000000 -2.540000 0.000000
0.000000 -2.540000 0.000000
0.000000 -2.540000 0.000000
0.000000 -2.540000 0.000000
0.000000 -2.540000 0.000000
0.000000 -2.540000 0.000000
0.000000 -2.540000 0.000000
0.000000 -2.540000 0.000000
0.000000 -2.540000 0.000000
0.000000 -2.540000 0.000000
0.000000 -2.540000 0.000000
0.000000 -2.540000 0.000000
0.000000 -2.540000 0.000000
0.000000 -2.540000 0.000000
0.000000 -2.540000 0.000000
0.000000 -2.540000 0.000000
0.000000 -2.540000 0.000000
0.000000 -2.540000 0.000000
0.000000 -2.540000 0.000000
0.000000 -2.540000 0.000000
0.000000 -2.540000 0.000000
0.000000 -2.540000 0.000000
0.000000 -2.540000 0.000000
0.000000 -2.540000 0.000000
0.000000 -2.540000 0.000000
0.000000 -2.540000 0.000000
0.000000 -2.540000 0.000000
0.000000 -2.540000 0.000000
0.000000 -2.540000 0.000000
0.000000 -2.540000 0.000000
0.000000 -2.540000 0.000000
0.000000 -2.540000 0.000000
0.000000 -2.540000 0.000000
0.000000 -2.540000 0.000000
0.000000 -2.540000 0.000000
0.000000 -2.540000 0.000000
0.000000 -2.540000 0.000000
0.000000 -2.540000 0.000000
0.000000 -2.540000 0.000000
0.000000 -2.540000 0.000000
0.000000 -2.540000 0.000000
0.000000 -2.540000 0.000000
0.000000 -2.540000 0.000000
0.000000 -2.540000 0.000000
0.000000 -2.540000 0.000000
0.000000 -2.540000 0.000000
0.000000 -2.540000 0.000000
0.000000 -2.540000 0.000000
0.000000 -2.540000 0.000000
0.000000 -2.540000 0.000000
0.000000 -2.540000 0.000000
0.000000 -2.540000 0.000000
0.000000 -2.540000 0.000000
0.000000 -2.540000 0.000000
0.000000 -2.540000 0.000000
0.000000 -2.540000 0.000000
0.000000 -2.540000 0.000000
0.000000 -2.540000 0.000000
0.000000 -2.540000 0.000000
0.000000 -2.540000 0.000000
0.000000 -2.540000 0.000000
0.000000 -2.540000 0.000000
0.000000 -2.540000 0.000000
0.000000 -2.540000 0.000000
0.000000 -2.540000 0.000000
0.000000 -2.540000 0.000000
0.000000 -2.540000 0.000000
0.000000 -2.540000 0.000000
0.000000 -2.540000 0.000000
0.000000 -2.540000 0.000000
0.000000 -2.540000 0.000000
0.000000 -2.540000 0.000000
0.000000 -2.540000 0.000000
0.000000 -2.540000 0.000000
0.000000 -2.540000 0.000000
0.000000 -2.540000 0.000000
0.000000 -2.540000 0.000000
0.000000 -2.540000 0.000000
0.000000 -2.540000 0.000000
0.000000 -2.540000 0.000000
0.000000 -2.540000 0.000000
0.000000 -2.540000 0.000000
0.000000 -2.540000 0.000000
0.000000 -2.540000 0.000000
0.000000 -2.540000 0.000000
0.000000 -2.540000 0.000000
0.000000 -2.540000 0.000000
0.000000 -2.540000 0.000000
0.000000 -2.540000 0.000000
0.000000 -2.540000 0.000000
0.000000 -2.540000 0.000000
0.000000 -2.540000 0.000000
0.000000 2.540000 0.000000
0.000000 2.540000 0.000000
0.000000 2.540000 0.000000
0.000000 2.540000 0.000000
0.000000 2.540000 0.000000
0.000000 2.540000 0.000000
0.000000 -2.540000 0.000000
0.000000 -2.540000 0.000000
0.000000 -2.540000 0.000000
0.000000 -2.540000 0.000000
0.000000 -2.540000 0.000000
0.000000 -2.540000 0.000000
0.000000 -2.540000 0.000000
0.000000 -2.540000 0.000000
0.000000 -2.540000 0.000000
0.000000 -2.540000 0.000000
0.000000 -2.540000 0.000000
0.000000 -2.540000 0.000000
0.000000 -2.540000 0.000000
0.000000 -2.540000 0.000000
0.000000 -2.540000 0.000000
0.000000 -2.540000 0.000000
0.000000 -2.540000 0.000000
0.000000 -2.540000 0.000000
0.000000 -2.540000 0.000000
0.000000 -2.540000 0.000000
0.000000 -2.540000 0.000000
0.000000 -2.540000 0.000000
0.000000 -2.540000 0.000000
0.000000 -2.540000 0.000000
0.000000 -2.540000 0.000000
0.000000 -2.540000 0.000000
0.000000 -2.540000 0.000000
0.000000 -2.540000 0.000000
0.000000 -2.540000 0.000000
0.000000 -2.540000 0.000000
0.000000 -2.540000 0.000000
0.000000 -2.540000 0.000000
0.000000 -2.540000 0.000000
0.000000 -2.540000 0.000000
0.000000 -2.540000 0.000000
0.000000 -2.540000 0.000000
0.000000 -2.540000 0.000000
0.000000 -2.540000 0.000000
0.000000 -2.540000 0.000000
0.000000 -2.540000 0.000000
0.000000 -2.540000 0.000000
0.000000 -2.540000 0.000000
0.000000 -2.540000 0.000000
0.000000 -2.540000 0.000000
0.000000 -2.540000 0.000000
0.000000 -2.540000 0.000000
0.000000 -2.540000 0.000000
0.000000 -2.540000 0.000000
0.000000 -2.540000 0.000000
0.000000 -2.540000 0.000000
0.000000 -2.540000 0.000000
0.000000 -2.540000 0.000000
0.000000 -2.540000 0.000000
0.000000 -2.540000 0.000000
0.000000 -2.540000 0.000000
0.000000 -2.540000 0.000000
0.000000 -2.540000 0.000000
0.000000 -2.540000 0.000000
0.000000 -2.540000 0.000000
0.000000 -2.540000 0.000000
0.000000 -2.540000 0.000000
0.000000 -2.540000 0.000000
0.000000 -2.540000 0.000000
0.000000 -2.540000 0.000000
0.000000 -2.540000 0.000000
0.000000 -2.540000 0.000000
0.000000 -2.540000 0.000000
0.000000 -2.540000 0.000000
0.000000 -2.540000 0.000000
0.000000 -2.540000 0.000000
0.000000 -2.540000 0.000000
0.000000 -2.540000 0.000000
0.000000 -2.540000 0.000000
0.000000 -2.540000 0.000000
0.000000 -2.540000 0.000000
0.000000 -2.540000 0.000000
0.000000 -2.540000 0.000000
0.000000 -2.540000 0.000000
0.000000 -2.540000 0.000000
0.000000 -2.540000 0.000000
0.000000 -2.540000 0.000000
0.000000 -2.540000 0.000000
0.000000 -2.540000 0.000000
0.000000 -2.540000 0.000000
0.000000 -2.540000 0.000000
0.000000 -2.540000 0.000000
0.000000 -2.540000 0.000000
0.000000 -2.540000 0.000000
0.000000 -2.540000 0.000000
0.000000 -2.540000 0.000000
0.000000 -2.540000 0.000000
0.000000 -2.540000 0.000000
0.000000 -2.540000 0.000000
0.000000 -2.540000 0.000000
0.000000 -2.540000 0.000000
0.000000 -2.540000 0.000000
0.000000 -2.540000 0.000000
0.000000 -2.540000 0.000000
0.000000 -2.540000 0.000000
0.000000 -2.540000 0.000000
0.000000 -2.540000 0.000000
0.000000 -2.540000 0.000000
0.000000 -2.540000 0.000000
0.000000 -2.540000 0.000000
0.000000 -2.540000 0.000000
0.000000 -2.540000 0.000000
0.000000 -2.540000 0.000000
0.000000 -2.540000 0.000000
0.000000 -2.540000 0.000000
0.000000 -2.540000 0.000000
0.000000 -2.540000 0.000000
0.000000 -2.540000 0.000000
0.000000 -2.540000 0.000000
0.000000 -2.540000 0.000000
0.000000 -2.540000 0.000000
0.000000 -2.540000 0.000000
0.000000 -2.540000 0.000000
0.000000 -2.540000 0.000000
0.000000 -2.540000 0.000000
0.000000 -2.540000 0.000000
0.000000 -2.540000 0.000000
0.000000 -2.540000 0.000000
0.000000 -2.540000 0.000000
0.000000 -2.540000 0.000000
0.000000 -2.540000 0.000000
0.000000 -2.540000 0.000000
0.000000 -2.540000 0.000000
0.000000 -2.540000 0.000000
0.000000 -2.540000 0.000000
0.000000 -2.540000 0.000000
0.000000 -2.540000 0.000000
0.000000 -2.540000 0.000000
0.000000 -2.540000 0.000000
0.000000 -2.540000 0.000000
0.000000 -2.540000 0.000000
0.000000 -2.540000 0.000000
0.000000 -2.540000 0.000000
0.000000 -2.540000 0.000000
0.000000 -2.540000 0.000000
0.000000 -2.540000 0.000000
0.000000 -2.540000 0.000000
0.000000 -2.540000 0.000000
0.000000 -2.540000 0.000000
0.000000 -2.540000 0.000000
0.000000 -2.540000 0.000000
0.000000 -2.540000 0.000000
0.000000 -2.540000 0.000000
0.000000 -2.540000 0.000000
0.000000 -2.540000 0.000000
0.000000 -2.540000 0.000000
0.000000 -2.540000 0.000000
0.000000 -2.540000 0.000000
0.000000 -2.540000 0.000000
0.000000 -2.540000 0.000000
0.000000 -2.540000 0.000000
0.000000 -2.540000 0.000000
0.000000 -2.540000 0.000000
0.000000 -2.540000 0.000000
0.000000 -2.540000 0.000000
0.000000 -2.540000 0.000000
0.000000 -2.540000 0.000000
0.000000 -2.540000 0.000000
0.000000 -2.540000 0.000000
0.000000 -2.540000 0.000000
0.000000 -2.540000 0.000000
0.000000 -2.540000 0.000000
0.000000 -2.540000 0.000000
0.000000 -2.540000 0.000000
0.000000 -2.540000 0.000000
0.000000 -2.540000 0.000000
0.000000 -2.540000 0.000000
0.000000 -2.540000 0.000000
0.000000 -2.540000 0.000000
0.000000 -2.540000 0.000000
-2.540000 -0.000000 -0.000000
-2.540000 -0.000000 -0.000000
-2.476317 -0.000000 -0.565203
-2.476317 -0.000000 -0.565203
-2.540000 -0.000000 -0.000000
-2.476317 -0.000000 -0.565203
-2.476317 -0.000000 -0.565203
-2.476317 -0.000000 -0.565203
-2.288461 -0.000000 -1.102065
-2.288461 -0.000000 -1.102065
-2.476317 -0.000000 -0.565203
-2.288461 -0.000000 -1.102065
-2.288461 -0.000000 -1.102065
-2.288461 -0.000000 -1.102065
-1.985852 -0.000000 -1.583664
-1.985852 -0.000000 -1.583664
-2.288461 -0.000000 -1.102065
-1.985852 -0.000000 -1.583664
-1.985852 -0.000000 -1.583664
-1.985852 -0.000000 -1.583664
-1.583664 -0.000000 -1.985852
-1.583664 -0.000000 -1.985852
-1.985852 -0.000000 -1.583664
-1.583664 -0.000000 -1.985852
-1.583664 -0.000000 -1.985852
-1.583664 -0.000000 -1.985852
-1.102065 -0.000000 -2.288461
-1.102065 -0.000000 -2.288461
-1.583664 -0.000000 -1.985852
-1.102065 -0.000000 -2.288461
-1.102065 -0.000000 -2.288461
-1.102065 -0.000000 -2.288461
-0.565203 -0.000000 -2.476317
-0.565203 -0.000000 -2.476317
-1.102065 -0.000000 -2.288461
-0.565203 -0.000000 -2.476317
-0.565203 -0.000000 -2.476317
-0.565203 -0.000000 -2.476317
0.000000 0.000000 -2.540000
0.000000 0.000000 -2.540000
-0.565203 -0.000000 -2.476317
0.000000 0.000000 -2.540000
0.000000 0.000000 2.540000
0.000000 0.000000 2.540000
-0.565203 -0.000000 2.476317
-0.565203 -0.000000 2.476317
0.000000 0.000000 2.540000
-0.565203 -0.000000 2.476317
-0.565203 -0.000000 2.476317
-0.565203 -0.000000 2.476317
-1.102065 -0.000000 2.288461
-1.102065 -0.000000 2.288461
-0.565203 -0.000000 2.476317
-1.102065 -0.000000 2.288461
-1.102065 -0.000000 2.288461
-1.102065 -0.000000 2.288461
-1.583664 -0.000000 1.985852
-1.583664 -0.000000 1.985852
-1.102065 -0.000000 2.288461
-1.583664 -0.000000 1.985852
-1.583664 -0.000000 1.985852
-1.583664 -0.000000 1.985852
-1.985852 -0.000000 1.583664
-1.985852 -0.000000 1.583664
-1.583664 -0.000000 1.985852
-1.985852 -0.000000 1.583664
-1.985852 -0.000000 1.583664
-1.985852 -0.000000 1.583664
-2.288461 -0.000000 1.102065
-2.288461 -0.000000 1.102065
-1.985852 -0.000000 1.583664
-2.288461 -0.000000 1.102065
-2.288461 -0.000000 1.102065
-2.288461 -0.000000 1.102065
-2.476317 -0.000000 0.565203
-2.476317 -0.000000 0.565203
-2.288461 -0.000000 1.102065
-2.476317 -0.000000 0.565203
-2.476317 -0.000000 0.565203
-2.476317 -0.000000 0.565203
-2.540000 -0.000000 -0.000000
-2.540000 -0.000000 -0.000000
-2.476317 -0.000000 0.565203
-2.540000 -0.000000 -0.000000
0.000000 0.000000 -2.540000
0.000000 0.000000 -2.540000
0.565203 0.000000 -2.476317
0.565203 0.000000 -2.476317
0.000000 0.000000 -2.540000
0.565203 0.000000 -2.476317
0.565203 0.000000 -2.476317
0.565203 0.000000 -2.476317
1.102065 0.000000 -2.288461
1.102065 0.000000 -2.288461
0.565203 0.000000 -2.476317
1.102065 0.000000 -2.288461
1.102065 0.000000 -2.288461
1.102065 0.000000 -2.288461
1.583664 0.000000 -1.985852
1.583664 0.000000 -1.985852
1.102065 0.000000 -2.288461
1.583664 0.000000 -1.985852
1.583664 0.000000 -1.985852
1.583664 0.000000 -1.985852
1.985852 0.000000 -1.583664
1.985852 0.000000 -1.583664
1.583664 0.000000 -1.985852
1.985852 0.000000 -1.583664
1.985852 0.000000 -1.583664
1.985852 0.000000 -1.583664
2.288461 0.000000 -1.102065
2.288461 0.000000 -1.102065
1.985852 0.000000 -1.583664
2.288461 0.000000 -1.102065
2.288461 0.000000 -1.102065
2.288461 0.000000 -1.102065
2.476317 0.000000 -0.565203
2.476317 0.000000 -0.565203
2.288461 0.000000 -1.102065
2.476317 0.000000 -0.565203
2.476317 0.000000 -0.565203
2.476317 0.000000 -0.565203
2.540000 0.000000 -0.000000
2.540000 0.000000 -0.000000
2.476317 0.000000 -0.565203
2.540000 0.000000 -0.000000
0.000000 0.000000 2.540000
0.000000 0.000000 2.540000
-0.565203 0.000000 2.476317
-0.565203 0.000000 2.476317
0.000000 0.000000 2.540000
-0.565203 0.000000 2.476317
-0.565203 0.000000 2.476317
-0.565203 0.000000 2.476317
-1.102065 0.000000 2.288461
-1.102065 0.000000 2.288461
-0.565203 0.000000 2.476317
-1.102065 0.000000 2.288461
-1.102065 0.000000 2.288461
-1.102065 0.000000 2.288461
-1.583664 0.000000 1.985852
-1.583664 0.000000 1.985852
-1.102065 0.000000 2.288461
-1.583664 0.000000 1.985852
-1.583664 0.000000 1.985852
-1.583664 0.000000 1.985852
-1.985852 0.000000 1.583664
-1.985852 0.000000 1.583664
-1.583664 0.000000 1.985852
-1.985852 0.000000 1.583664
-1.985852 0.000000 1.583664
-1.985852 0.000000 1.583664
-2.288461 0.000000 1.102065
-2.288461 0.000000 1.102065
-1.985852 0.000000 1.583664
-2.288461 0.000000 1.102065
-2.288461 0.000000 1.102065
-2.288461 0.000000 1.102065
-2.476317 0.000000 0.565203
-2.476317 0.000000 0.565203
-2.288461 0.000000 1.102065
-2.476317 0.000000 0.565203
-2.476317 0.000000 0.565203
-2.476317 0.000000 0.565203
-2.540000 0.000000 -0.000000
-2.540000 0.000000 -0.000000
-2.476317 0.000000 0.565203
-2.540000 0.000000 -0.000000
-0.000000 0.000000 2.540000
-0.000000 0.000000 2.540000
0.565203 0.000000 2.476317
0.565203 0.000000 2.476317
-0.000000 0.000000 2.540000
0.565203 0.000000 2.476317
0.565203 0.000000 2.476317
0.565203 0.000000 2.476317
1.102065 0.000000 2.288461
1.102065 0.000000 2.288461
0.565203 0.000000 2.476317
1.102065 0.000000 2.288461
1.102065 0.000000 2.288461
1.102065 0.000000 2.288461
1.583664 0.000000 1.985852
1.583664 0.000000 1.985852
1.102065 0.000000 2.288461
1.583664 0.000000 1.985852
1.583664 0.000000 1.985852
1.583664 0.000000 1.985852
1.985852 0.000000 1.583664
1.985852 0.000000 1.583664
1.583664 0.000000 1.985852
1.985852 0.000000 1.583664
1.985852 0.000000 1.583664
1.985852 0.000000 1.583664
2.288461 0.000000 1.102065
2.288461 0.000000 1.102065
1.985852 0.000000 1.583664
2.288461 0.000000 1.102065
2.288461 0.000000 1.102065
2.288461 0.000000 1.102065
2.476317 0.000000 0.565203
2.476317 0.000000 0.565203
2.288461 0.000000 1.102065
2.476317 0.000000 0.565203
2.476317 0.000000 0.565203
2.476317 0.000000 0.565203
2.540000 0.000000 0.000000
2.540000 0.000000 0.000000
2.476317 0.000000 0.565203
2.540000 0.000000 0.000000
2.540000 0.000000 0.000000
2.540000 0.000000 0.000000
2.476317 0.000000 -0.565203
2.476317 0.000000 -0.565203
2.540000 0.000000 0.000000
2.476317 0.000000 -0.565203
2.476317 0.000000 -0.565203
2.476317 0.000000 -0.565203
2.288461 0.000000 -1.102065
2.288461 0.000000 -1.102065
2.476317 0.000000 -0.565203
2.288461 0.000000 -1.102065
2.288461 0.000000 -1.102065
2.288461 0.000000 -1.102065
1.985852 0.000000 -1.583664
1.985852 0.000000 -1.583664
2.288461 0.000000 -1.102065
1.985852 0.000000 -1.583664
1.985852 0.000000 -1.583664
1.985852 0.000000 -1.583664
1.583664 0.000000 -1.985852
1.583664 0.000000 -1.985852
1.985852 0.000000 -1.583664
1.583664 0.000000 -1.985852
1.583664 0.000000 -1.985852
1.583664 0.000000 -1.985852
1.102065 0.000000 -2.288461
1.102065 0.000000 -2.288461
1.583664 0.000000 -1.985852
1.102065 0.000000 -2.288461
1.102065 0.000000 -2.288461
1.102065 0.000000 -2.288461
0.565203 0.000000 -2.476317
0.565203 0.000000 -2.476317
1.102065 0.000000 -2.288461
0.565203 0.000000 -2.476317
0.565203 0.000000 -2.476317
0.565203 0.000000 -2.476317
0.000000 0.000000 -2.540000
0.000000 0.000000 -2.540000
0.565203 0.000000 -2.476317
0.000000 0.000000 -2.540000
2.540000 0.000000 0.000000
2.540000 0.000000 0.000000
2.476317 0.000000 -0.565203
2.476317 0.000000 -0.565203
2.540000 0.000000 0.000000
2.476317 0.000000 -0.565203
2.476317 0.000000 -0.565203
2.476317 0.000000 -0.565203
2.288461 0.000000 -1.102065
2.288461 0.000000 -1.102065
2.476317 0.000000 -0.565203
2.288461 0.000000 -1.102065
2.288461 0.000000 -1.102065
2.288461 0.000000 -1.102065
1.985852 0.000000 -1.583664
1.985852 0.000000 -1.583664
2.288461 0.000000 -1.102065
1.985852 0.000000 -1.583664
1.985852 0.000000 -1.583664
1.985852 0.000000 -1.583664
1.583664 0.000000 -1.985852
1.583664 0.000000 -1.985852
1.985852 0.000000 -1.583664
1.583664 0.000000 -1.985852
1.583664 0.000000 -1.985852
1.583664 0.000000 -1.985852
1.102065 0.000000 -2.288461
1.102065 0.000000 -2.288461
1.583664 0.000000 -1.985852
1.102065 0.000000 -2.288461
1.102065 0.000000 -2.288461
1.102065 0.000000 -2.288461
0.565203 0.000000 -2.476317
0.565203 0.000000 -2.476317
1.102065 0.000000 -2.288461
0.565203 0.000000 -2.476317
0.565203 0.000000 -2.476317
0.565203 0.000000 -2.476317
0.000000 0.000000 -2.540000
0.000000 0.000000 -2.540000
0.565203 0.000000 -2.476317
0.000000 0.000000 -2.540000
-0.000000 0.000000 2.540000
-0.000000 0.000000 2.540000
0.565203 0.000000 2.476317
0.565203 0.000000 2.476317
-0.000000 0.000000 2.540000
0.565203 0.000000 2.476317
0.565203 0.000000 2.476317
0.565203 0.000000 2.476317
1.102065 0.000000 2.288461
1.102065 0.000000 2.288461
0.565203 0.000000 2.476317
1.102065 0.000000 2.288461
1.102065 0.000000 2.288461
1.102065 0.000000 2.288461
1.583664 0.000000 1.985852
1.583664 0.000000 1.985852
1.102065 0.000000 2.288461
1.583664 0.000000 1.985852
1.583664 0.000000 1.985852
1.583664 0.000000 1.985852
1.985852 0.000000 1.583664
1.985852 0.000000 1.583664
1.583664 0.000000 1.985852
1.985852 0.000000 1.583664
1.985852 0.000000 1.583664
1.985852 0.000000 1.583664
2.288461 0.000000 1.102065
2.288461 0.000000 1.102065
1.985852 0.000000 1.583664
2.288461 0.000000 1.102065
2.288461 0.000000 1.102065
2.288461 0.000000 1.102065
2.476317 0.000000 0.565203
2.476317 0.000000 0.565203
2.288461 0.000000 1.102065
2.476317 0.000000 0.565203
2.476317 0.000000 0.565203
2.476317 0.000000 0.565203
2.540000 0.000000 0.000000
2.540000 0.000000 0.000000
2.476317 0.000000 0.565203
2.540000 0.000000 0.000000
2.540000 0.000000 0.000000
2.540000 0.000000 0.000000
2.540000 0.000000 0.000000
2.540000 0.000000 0.000000
2.540000 0.000000 0.000000
2.540000 0.000000 0.000000
-0.000000 2.540000 0.000000
-0.000000 2.540000 0.000000
-0.000000 2.540000 0.000000
-0.000000 2.540000 0.000000
-0.000000 2.540000 0.000000
-0.000000 2.540000 0.000000
-0.000000 2.540000 0.000000
-0.000000 2.540000 0.000000
-0.000000 2.540000 0.000000
-0.000000 2.540000 0.000000
-0.000000 2.540000 0.000000
-0.000000 2.540000 0.000000
-0.000000 2.540000 0.000000
-0.000000 2.540000 0.000000
-0.000000 2.540000 0.000000
-0.000000 2.540000 0.000000
-0.000000 2.540000 0.000000
-0.000000 2.540000 0.000000
-0.000000 2.540000 0.000000
-0.000000 2.540000 0.000000
-0.000000 2.540000 0.000000
-0.000000 2.540000 0.000000
-0.000000 2.540000 0.000000
-0.000000 2.540000 0.000000
-0.000000 2.540000 0.000000
-0.000000 2.540000 0.000000
-0.000000 2.540000 0.000000
-0.000000 2.540000 0.000000
-0.000000 2.540000 0.000000
-0.000000 2.540000 0.000000
-0.000000 2.540000 0.000000
-0.000000 2.540000 0.000000
-0.000000 2.540000 0.000000
-0.000000 2.540000 0.000000
-0.000000 2.540000 0.000000
-0.000000 2.540000 0.000000
-0.000000 2.540000 0.000000
-0.000000 2.540000 0.000000
-0.000000 2.540000 0.000000
-0.000000 2.540000 0.000000
-0.000000 2.540000 0.000000
-0.000000 2.540000 0.000000
-0.000000 2.540000 0.000000
-0.000000 2.540000 0.000000
-0.000000 2.540000 0.000000
-0.000000 2.540000 0.000000
-0.000000 2.540000 0.000000
-0.000000 2.540000 0.000000
-0.000000 2.540000 0.000000
-0.000000 2.540000 0.000000
-0.000000 2.540000 0.000000
-0.000000 2.540000 0.000000
-0.000000 2.540000 0.000000
-0.000000 2.540000 0.000000
-0.000000 2.540000 0.000000
-0.000000 2.540000 0.000000
-0.000000 2.540000 0.000000
-0.000000 0.000000 2.540000
-0.000000 0.000000 2.540000
-0.000000 0.000000 2.540000
-0.000000 0.000000 2.540000
-0.000000 0.000000 2.540000
-0.000000 0.000000 2.540000
-2.540000 -0.000000 0.000000
-2.540000 -0.000000 0.000000
-2.540000 -0.000000 0.000000
-2.540000 -0.000000 0.000000
-2.540000 -0.000000 0.000000
-2.540000 -0.000000 0.000000
2.540000 0.000000 0.000000
2.540000 0.000000 0.000000
2.540000 0.000000 0.000000
2.540000 0.000000 0.000000
2.540000 0.000000 0.000000
2.540000 0.000000 0.000000
0.000000 0.000000 2.540000
0.000000 0.000000 2.540000
-0.607862 0.000000 2.466192
-0.607862 0.000000 2.466192
0.000000 0.000000 2.540000
-0.607862 0.000000 2.466192
-0.607862 0.000000 2.466192
-0.607862 0.000000 2.466192
-1.180397 0.000000 2.249058
-1.180397 0.000000 2.249058
-0.607862 0.000000 2.466192
-1.180397 0.000000 2.249058
-1.180397 0.000000 2.249058
-1.180397 0.000000 2.249058
-1.684332 0.000000 1.901217
-1.684332 0.000000 1.901217
-1.180397 0.000000 2.249058
-1.684332 0.000000 1.901217
-1.684332 0.000000 1.901217
-1.684332 0.000000 1.901217
-2.090379 0.000000 1.442884
-2.090379 0.000000 1.442884
-1.684332 0.000000 1.901217
-2.090379 0.000000 1.442884
-2.090379 0.000000 1.442884
-2.090379 0.000000 1.442884
-2.374941 0.000000 0.900696
-2.374941 0.000000 0.900696
-2.090379 0.000000 1.442884
-2.374941 0.000000 0.900696
-2.374941 0.000000 0.900696
-2.374941 0.000000 0.900696
-2.521481 0.000000 0.306163
-2.521481 0.000000 0.306163
-2.374941 0.000000 0.900696
-2.521481 0.000000 0.306163
-2.521481 0.000000 0.306163
-2.521481 0.000000 0.306163
-2.521481 0.000000 -0.306163
-2.521481 0.000000 -0.306163
-2.521481 0.000000 0.306163
-2.521481 0.000000 -0.306163
-2.521481 0.000000 -0.306163
-2.521481 0.000000 -0.306163
-2.374941 0.000000 -0.900696
-2.374941 0.000000 -0.900696
-2.521481 0.000000 -0.306163
-2.374941 0.000000 -0.900696
-2.374941 0.000000 -0.900696
-2.374941 0.000000 -0.900696
-2.090379 0.000000 -1.442884
-2.090379 0.000000 -1.442884
-2.374941 0.000000 -0.900696
-2.090379 0.000000 -1.442884
-2.090379 0.000000 -1.442884
-2.090379 0.000000 -1.442884
-1.684332 0.000000 -1.901217
-1.684332 0.000000 -1.901217
-2.090379 0.000000 -1.442884
-1.684332 0.000000 -1.901217
-1.684332 0.000000 -1.901217
-1.684332 0.000000 -1.901217
-1.180397 0.000000 -2.249058
-1.180397 0.000000 -2.249058
-1.684332 0.000000 -1.901217
-1.180397 0.000000 -2.249058
-1.180397 0.000000 -2.249058
-1.180397 0.000000 -2.249058
-0.607862 0.000000 -2.466192
-0.607862 0.000000 -2.466192
-1.180397 0.000000 -2.249058
-0.607862 0.000000 -2.466192
-0.607862 0.000000 -2.466192
-0.607862 0.000000 -2.466192
0.000000 0.000000 -2.540000
0.000000 0.000000 -2.540000
-0.607862 0.000000 -2.466192
0.000000 0.000000 -2.540000
0.000000 2.540000 0.000000
0.000000 2.540000 0.000000
0.000000 2.540000 0.000000
0.000000 2.540000 0.000000
0.000000 2.540000 0.000000
0.000000 2.540000 0.000000
0.000000 2.540000 0.000000
0.000000 2.540000 0.000000
0.000000 2.540000 0.000000
0.000000 2.540000 0.000000
0.000000 2.540000 0.000000
0.000000 2.540000 0.000000
0.000000 2.540000 0.000000
0.000000 2.540000 0.000000
0.000000 2.540000 0.000000
0.000000 2.540000 0.000000
0.000000 2.540000 0.000000
0.000000 2.540000 0.000000
0.000000 2.540000 0.000000
0.000000 2.540000 0.000000
0.000000 2.540000 0.000000
0.000000 2.540000 0.000000
0.000000 2.540000 0.000000
0.000000 2.540000 0.000000
0.000000 2.540000 0.000000
0.000000 2.540000 0.000000
0.000000 2.540000 0.000000
0.000000 2.540000 0.000000
0.000000 2.540000 0.000000
0.000000 2.540000 0.000000
0.000000 2.540000 0.000000
0.000000 2.540000 0.000000
0.000000 2.540000 0.000000
0.000000 2.540000 0.000000
0.000000 2.540000 0.000000
0.000000 2.540000 0.000000
0.000000 2.540000 0.000000
0.000000 2.540000 0.000000
0.000000 2.540000 0.000000
0.000000 2.540000 0.000000
0.000000 2.540000 0.000000
0.000000 2.540000 0.000000
0.000000 2.540000 0.000000
0.000000 2.540000 0.000000
0.000000 2.540000 0.000000
0.000000 2.540000 0.000000
0.000000 2.540000 0.000000
0.000000 2.540000 0.000000
0.000000 2.540000 0.000000
0.000000 2.540000 0.000000
0.000000 2.540000 0.000000
0.000000 2.540000 0.000000
0.000000 2.540000 0.000000
0.000000 2.540000 0.000000
0.000000 2.540000 0.000000
0.000000 2.540000 0.000000
0.000000 2.540000 0.000000
0.000000 2.540000 0.000000
0.000000 2.540000 0.000000
0.000000 2.540000 0.000000
0.000000 2.540000 0.000000
0.000000 2.540000 0.000000
0.000000 2.540000 0.000000
0.000000 2.540000 0.000000
0.000000 2.540000 0.000000
0.000000 2.540000 0.000000
0.000000 2.540000 0.000000
0.000000 2.540000 0.000000
0.000000 2.540000 0.000000
0.000000 2.540000 0.000000
0.000000 2.540000 0.000000
0.000000 2.540000 0.000000
0.000000 2.540000 0.000000
0.000000 2.540000 0.000000
0.000000 2.540000 0.000000
0.000000 2.540000 0.000000
0.000000 2.540000 0.000000
0.000000 2.540000 0.000000
0.000000 2.540000 0.000000
0.000000 2.540000 0.000000
0.000000 2.540000 0.000000
0.000000 2.540000 0.000000
0.000000 2.540000 0.000000
0.000000 2.540000 0.000000
0.000000 2.540000 0.000000
0.000000 2.540000 0.000000
0.000000 2.540000 0.000000
0.000000 2.540000 0.000000
0.000000 2.540000 0.000000
0.000000 2.540000 0.000000
0.000000 2.540000 0.000000
0.000000 2.540000 0.000000
0.000000 2.540000 0.000000
0.000000 2.540000 0.000000
0.000000 2.540000 0.000000
0.000000 2.540000 0.000000
0.000000 2.540000 0.000000
0.000000 2.540000 0.000000
0.000000 2.540000 0.000000
0.000000 2.540000 0.000000
0.000000 2.540000 0.000000
0.000000 2.540000 0.000000
0.000000 2.540000 0.000000
0.000000 2.540000 0.000000
0.000000 2.540000 0.000000
0.000000 2.540000 0.000000
0.000000 2.540000 0.000000
0.000000 2.540000 0.000000
0.000000 2.540000 0.000000
0.000000 2.540000 0.000000
0.000000 2.540000 0.000000
0.000000 2.540000 0.000000
0.000000 2.540000 0.000000
0.000000 2.540000 0.000000
0.000000 2.540000 0.000000
0.000000 2.540000 0.000000
0.000000 2.540000 0.000000
0.000000 2.540000 0.000000
0.000000 2.540000 0.000000
0.000000 2.540000 0.000000
0.000000 2.540000 0.000000
0.000000 2.540000 0.000000
0.000000 2.540000 0.000000
0.000000 2.540000 0.000000
0.000000 2.540000 0.000000
0.000000 2.540000 0.000000
0.000000 2.540000 0.000000
0.000000 2.540000 0.000000
0.000000 2.540000 0.000000
0.000000 2.540000 0.000000
0.000000 2.540000 0.000000
0.000000 2.540000 0.000000
0.000000 2.540000 0.000000
0.000000 2.540000 0.000000
0.000000 2.540000 0.000000
0.000000 2.540000 0.000000
0.000000 2.540000 0.000000
0.000000 2.540000 0.000000
0.000000 2.540000 0.000000
0.000000 2.540000 0.000000
0.000000 2.540000 0.000000
0.000000 2.540000 0.000000
0.000000 2.540000 0.000000
0.000000 2.540000 0.000000
0.000000 2.540000 0.000000
0.000000 2.540000 0.000000
0.000000 2.540000 0.000000
0.000000 2.540000 0.000000
0.000000 2.540000 0.000000
0.000000 2.540000 0.000000
0.000000 2.540000 0.000000
0.000000 2.540000 0.000000
0.000000 2.540000 0.000000
0.000000 2.540000 0.000000
0.000000 2.540000 0.000000
0.000000 2.540000 0.000000
0.000000 0.000000 2.540000
0.000000 0.000000 2.540000
-0.607862 0.000000 2.466192
-0.607862 0.000000 2.466192
0.000000 0.000000 2.540000
-0.607862 0.000000 2.466192
-0.607862 0.000000 2.466192
-0.607862 0.000000 2.466192
-1.180397 0.000000 2.249058
-1.180397 0.000000 2.249058
-0.607862 0.000000 2.466192
-1.180397 0.000000 2.249058
-1.180397 0.000000 2.249058
-1.180397 0.000000 2.249058
-1.684332 0.000000 1.901217
-1.684332 0.000000 1.901217
-1.180397 0.000000 2.249058
-1.684332 0.000000 1.901217
-1.684332 0.000000 1.901217
-1.684332 0.000000 1.901217
-2.090379 0.000000 1.442884
-2.090379 0.000000 1.442884
-1.684332 0.000000 1.901217
-2.090379 0.000000 1.442884
-2.090379 0.000000 1.442884
-2.090379 0.000000 1.442884
-2.374941 0.000000 0.900696
-2.374941 0.000000 0.900696
-2.090379 0.000000 1.442884
-2.374941 0.000000 0.900696
-2.374941 0.000000 0.900696
-2.374941 0.000000 0.900696
-2.521481 0.000000 0.306163
-2.521481 0.000000 0.306163
-2.374941 0.000000 0.900696
-2.521481 0.000000 0.306163
-2.521481 0.000000 0.306163
-2.521481 0.000000 0.306163
-2.521481 0.000000 -0.306163
-2.521481 0.000000 -0.306163
-2.521481 0.000000 0.306163
-2.521481 0.000000 -0.306163
-2.521481 0.000000 -0.306163
-2.521481 0.000000 -0.306163
-2.374941 0.000000 -0.900696
-2.374941 0.000000 -0.900696
-2.521481 0.000000 -0.306163
-2.374941 0.000000 -0.900696
-2.374941 0.000000 -0.900696
-2.374941 0.000000 -0.900696
-2.090379 0.000000 -1.442884
-2.090379 0.000000 -1.442884
-2.374941 0.000000 -0.900696
-2.090379 0.000000 -1.442884
-2.090379 0.000000 -1.442884
-2.090379 0.000000 -1.442884
-1.684332 0.000000 -1.901217
-1.684332 0.000000 -1.901217
-2.090379 0.000000 -1.442884
-1.684332 0.000000 -1.901217
-1.684332 0.000000 -1.901217
-1.684332 0.000000 -1.901217
-1.180397 0.000000 -2.249058
-1.180397 0.000000 -2.249058
-1.684332 0.000000 -1.901217
-1.180397 0.000000 -2.249058
-1.180397 0.000000 -2.249058
-1.180397 0.000000 -2.249058
-0.607862 0.000000 -2.466192
-0.607862 0.000000 -2.466192
-1.180397 0.000000 -2.249058
-0.607862 0.000000 -2.466192
-0.607862 0.000000 -2.466192
-0.607862 0.000000 -2.466192
0.000000 0.000000 -2.540000
0.000000 0.000000 -2.540000
-0.607862 0.000000 -2.466192
0.000000 0.000000 -2.540000
0.000000 2.540000 0.000000
0.000000 2.540000 0.000000
0.000000 2.540000 0.000000
0.000000 2.540000 0.000000
0.000000 2.540000 0.000000
0.000000 2.540000 0.000000
0.000000 2.540000 0.000000
0.000000 2.540000 0.000000
0.000000 2.540000 0.000000
0.000000 2.540000 0.000000
0.000000 2.540000 0.000000
0.000000 2.540000 0.000000
0.000000 2.540000 0.000000
0.000000 2.540000 0.000000
0.000000 2.540000 0.000000
0.000000 2.540000 0.000000
0.000000 2.540000 0.000000
0.000000 2.540000 0.000000
0.000000 2.540000 0.000000
0.000000 2.540000 0.000000
0.000000 2.540000 0.000000
0.000000 2.540000 0.000000
0.000000 2.540000 0.000000
0.000000 2.540000 0.000000
0.000000 2.540000 0.000000
0.000000 2.540000 0.000000
0.000000 2.540000 0.000000
0.000000 2.540000 0.000000
0.000000 2.540000 0.000000
0.000000 2.540000 0.000000
0.000000 2.540000 0.000000
0.000000 2.540000 0.000000
0.000000 2.540000 0.000000
0.000000 2.540000 0.000000
0.000000 2.540000 0.000000
0.000000 2.540000 0.000000
0.000000 2.540000 0.000000
0.000000 2.540000 0.000000
0.000000 2.540000 0.000000
0.000000 2.540000 0.000000
0.000000 2.540000 0.000000
0.000000 2.540000 0.000000
0.000000 2.540000 0.000000
0.000000 2.540000 0.000000
0.000000 2.540000 0.000000
0.000000 2.540000 0.000000
0.000000 2.540000 0.000000
0.000000 2.540000 0.000000
0.000000 2.540000 0.000000
0.000000 2.540000 0.000000
0.000000 2.540000 0.000000
0.000000 2.540000 0.000000
0.000000 2.540000 0.000000
0.000000 2.540000 0.000000
0.000000 2.540000 0.000000
0.000000 2.540000 0.000000
0.000000 2.540000 0.000000
0.000000 2.540000 0.000000
0.000000 2.540000 0.000000
0.000000 2.540000 0.000000
0.000000 2.540000 0.000000
0.000000 2.540000 0.000000
0.000000 2.540000 0.000000
0.000000 2.540000 0.000000
0.000000 2.540000 0.000000
0.000000 2.540000 0.000000
0.000000 2.540000 0.000000
0.000000 2.540000 0.000000
0.000000 2.540000 0.000000
0.000000 2.540000 0.000000
0.000000 2.540000 0.000000
0.000000 2.540000 0.000000
0.000000 2.540000 0.000000
0.000000 2.540000 0.000000
0.000000 2.540000 0.000000
0.000000 2.540000 0.000000
0.000000 2.540000 0.000000
0.000000 2.540000 0.000000
0.000000 2.540000 0.000000
0.000000 2.540000 0.000000
0.000000 2.540000 0.000000
0.000000 2.540000 0.000000
0.000000 2.540000 0.000000
0.000000 2.540000 0.000000
0.000000 2.540000 0.000000
0.000000 2.540000 0.000000
0.000000 2.540000 0.000000
0.000000 2.540000 0.000000
0.000000 2.540000 0.000000
0.000000 2.540000 0.000000
0.000000 2.540000 0.000000
0.000000 2.540000 0.000000
0.000000 2.540000 0.000000
0.000000 2.540000 0.000000
0.000000 2.540000 0.000000
0.000000 2.540000 0.000000
0.000000 2.540000 0.000000
0.000000 2.540000 0.000000
0.000000 2.540000 0.000000
0.000000 2.540000 0.000000
0.000000 2.540000 0.000000
0.000000 2.540000 0.000000
0.000000 2.540000 0.000000
0.000000 2.540000 0.000000
0.000000 2.540000 0.000000
0.000000 2.540000 0.000000
0.000000 2.540000 0.000000
0.000000 2.540000 0.000000
0.000000 2.540000 0.000000
0.000000 2.540000 0.000000
0.000000 2.540000 0.000000
0.000000 2.540000 0.000000
0.000000 2.540000 0.000000
0.000000 2.540000 0.000000
0.000000 2.540000 0.000000
0.000000 2.540000 0.000000
0.000000 2.540000 0.000000
0.000000 2.540000 0.000000
0.000000 2.540000 0.000000
0.000000 2.540000 0.000000
0.000000 2.540000 0.000000
0.000000 2.540000 0.000000
0.000000 2.540000 0.000000
0.000000 2.540000 0.000000
0.000000 2.540000 0.000000
0.000000 2.540000 0.000000
0.000000 2.540000 0.000000
0.000000 2.540000 0.000000
0.000000 2.540000 0.000000
0.000000 2.540000 0.000000
0.000000 2.540000 0.000000
0.000000 2.540000 0.000000
0.000000 2.540000 0.000000
0.000000 2.540000 0.000000
0.000000 2.540000 0.000000
0.000000 2.540000 0.000000
0.000000 2.540000 0.000000
0.000000 2.540000 0.000000
0.000000 2.540000 0.000000
0.000000 2.540000 0.000000
0.000000 2.540000 0.000000
0.000000 2.540000 0.000000
0.000000 2.540000 0.000000
0.000000 2.540000 0.000000
0.000000 2.540000 0.000000
0.000000 2.540000 0.000000
0.000000 2.540000 0.000000
0.000000 2.540000 0.000000
0.000000 2.540000 0.000000
0.000000 2.540000 0.000000
0.000000 2.540000 0.000000
0.000000 2.540000 0.000000
0.000000 2.540000 0.000000
0.000000 2.540000 0.000000
0.000000 2.540000 0.000000
0.000000 2.540000 0.000000
0.000000 0.000000 2.540000
0.000000 0.000000 2.540000
-0.607862 0.000000 2.466192
-0.607862 0.000000 2.466192
0.000000 0.000000 2.540000
-0.607862 0.000000 2.466192
-0.607862 0.000000 2.466192
-0.607862 0.000000 2.466192
-1.180397 0.000000 2.249058
-1.180397 0.000000 2.249058
-0.607862 0.000000 2.466192
-1.180397 0.000000 2.249058
-1.180397 0.000000 2.249058
-1.180397 0.000000 2.249058
-1.684332 0.000000 1.901217
-1.684332 0.000000 1.901217
-1.180397 0.000000 2.249058
-1.684332 0.000000 1.901217
-1.684332 0.000000 1.901217
-1.684332 0.000000 1.901217
-2.090379 0.000000 1.442884
-2.090379 0.000000 1.442884
-1.684332 0.000000 1.901217
-2.090379 0.000000 1.442884
-2.090379 0.000000 1.442884
-2.090379 0.000000 1.442884
-2.374941 0.000000 0.900696
-2.374941 0.000000 0.900696
-2.090379 0.000000 1.442884
-2.374941 0.000000 0.900696
-2.374941 0.000000 0.900696
-2.374941 0.000000 0.900696
-2.521481 0.000000 0.306163
-2.521481 0.000000 0.306163
-2.374941 0.000000 0.900696
-2.521481 0.000000 0.306163
-2.521481 0.000000 0.306163
-2.521481 0.000000 0.306163
-2.521481 0.000000 -0.306163
-2.521481 0.000000 -0.306163
-2.521481 0.000000 0.306163
-2.521481 0.000000 -0.306163
-2.521481 0.000000 -0.306163
-2.521481 0.000000 -0.306163
-2.374941 0.000000 -0.900696
-2.374941 0.000000 -0.900696
-2.521481 0.000000 -0.306163
-2.374941 0.000000 -0.900696
-2.374941 0.000000 -0.900696
-2.374941 0.000000 -0.900696
-2.090379 0.000000 -1.442884
-2.090379 0.000000 -1.442884
-2.374941 0.000000 -0.900696
-2.090379 0.000000 -1.442884
-2.090379 0.000000 -1.442884
-2.090379 0.000000 -1.442884
-1.684332 0.000000 -1.901217
-1.684332 0.000000 -1.901217
-2.090379 0.000000 -1.442884
-1.684332 0.000000 -1.901217
-1.684332 0.000000 -1.901217
-1.684332 0.000000 -1.901217
-1.180397 0.000000 -2.249058
-1.180397 0.000000 -2.249058
-1.684332 0.000000 -1.901217
-1.180397 0.000000 -2.249058
-1.180397 0.000000 -2.249058
-1.180397 0.000000 -2.249058
-0.607862 0.000000 -2.466192
-0.607862 0.000000 -2.466192
-1.180397 0.000000 -2.249058
-0.607862 0.000000 -2.466192
-0.607862 0.000000 -2.466192
-0.607862 0.000000 -2.466192
0.000000 0.000000 -2.540000
0.000000 0.000000 -2.540000
-0.607862 0.000000 -2.466192
0.000000 0.000000 -2.540000
0.000000 2.540000 0.000000
0.000000 2.540000 0.000000
0.000000 2.540000 0.000000
0.000000 2.540000 0.000000
0.000000 2.540000 0.000000
0.000000 2.540000 0.000000
0.000000 2.540000 0.000000
0.000000 2.540000 0.000000
0.000000 2.540000 0.000000
0.000000 2.540000 0.000000
0.000000 2.540000 0.000000
0.000000 2.540000 0.000000
0.000000 2.540000 0.000000
0.000000 2.540000 0.000000
0.000000 2.540000 0.000000
0.000000 2.540000 0.000000
0.000000 2.540000 0.000000
0.000000 2.540000 0.000000
0.000000 2.540000 0.000000
0.000000 2.540000 0.000000
0.000000 2.540000 0.000000
0.000000 2.540000 0.000000
0.000000 2.540000 0.000000
0.000000 2.540000 0.000000
0.000000 2.540000 0.000000
0.000000 2.540000 0.000000
0.000000 2.540000 0.000000
0.000000 2.540000 0.000000
0.000000 2.540000 0.000000
0.000000 2.540000 0.000000
0.000000 2.540000 0.000000
0.000000 2.540000 0.000000
0.000000 2.540000 0.000000
0.000000 2.540000 0.000000
0.000000 2.540000 0.000000
0.000000 2.540000 0.000000
0.000000 2.540000 0.000000
0.000000 2.540000 0.000000
0.000000 2.540000 0.000000
0.000000 2.540000 0.000000
0.000000 2.540000 0.000000
0.000000 2.540000 0.000000
0.000000 2.540000 0.000000
0.000000 2.540000 0.000000
0.000000 2.540000 0.000000
0.000000 2.540000 0.000000
0.000000 2.540000 0.000000
0.000000 2.540000 0.000000
0.000000 2.540000 0.000000
0.000000 2.540000 0.000000
0.000000 2.540000 0.000000
0.000000 2.540000 0.000000
0.000000 2.540000 0.000000
0.000000 2.540000 0.000000
0.000000 2.540000 0.000000
0.000000 2.540000 0.000000
0.000000 2.540000 0.000000
0.000000 2.540000 0.000000
0.000000 2.540000 0.000000
0.000000 2.540000 0.000000
0.000000 2.540000 0.000000
0.000000 2.540000 0.000000
0.000000 2.540000 0.000000
0.000000 2.540000 0.000000
0.000000 2.540000 0.000000
0.000000 2.540000 0.000000
0.000000 2.540000 0.000000
0.000000 2.540000 0.000000
0.000000 2.540000 0.000000
0.000000 2.540000 0.000000
0.000000 2.540000 0.000000
0.000000 2.540000 0.000000
0.000000 2.540000 0.000000
0.000000 2.540000 0.000000
0.000000 2.540000 0.000000
0.000000 2.540000 0.000000
0.000000 2.540000 0.000000
0.000000 2.540000 0.000000
0.000000 2.540000 0.000000
0.000000 2.540000 0.000000
0.000000 2.540000 0.000000
0.000000 2.540000 0.000000
0.000000 2.540000 0.000000
0.000000 2.540000 0.000000
0.000000 2.540000 0.000000
0.000000 2.540000 0.000000
0.000000 2.540000 0.000000
0.000000 2.540000 0.000000
0.000000 2.540000 0.000000
0.000000 2.540000 0.000000
0.000000 2.540000 0.000000
0.000000 2.540000 0.000000
0.000000 2.540000 0.000000
0.000000 2.540000 0.000000
0.000000 2.540000 0.000000
0.000000 2.540000 0.000000
0.000000 2.540000 0.000000
0.000000 2.540000 0.000000
0.000000 2.540000 0.000000
0.000000 2.540000 0.000000
0.000000 2.540000 0.000000
0.000000 2.540000 0.000000
0.000000 2.540000 0.000000
0.000000 2.540000 0.000000
0.000000 2.540000 0.000000
0.000000 2.540000 0.000000
0.000000 2.540000 0.000000
0.000000 2.540000 0.000000
0.000000 2.540000 0.000000
0.000000 2.540000 0.000000
0.000000 2.540000 0.000000
0.000000 2.540000 0.000000
0.000000 2.540000 0.000000
0.000000 2.540000 0.000000
0.000000 2.540000 0.000000
0.000000 2.540000 0.000000
0.000000 2.540000 0.000000
0.000000 2.540000 0.000000
0.000000 2.540000 0.000000
0.000000 2.540000 0.000000
0.000000 2.540000 0.000000
0.000000 2.540000 0.000000
0.000000 2.540000 0.000000
0.000000 2.540000 0.000000
0.000000 2.540000 0.000000
0.000000 2.540000 0.000000
0.000000 2.540000 0.000000
0.000000 2.540000 0.000000
0.000000 2.540000 0.000000
0.000000 2.540000 0.000000
0.000000 2.540000 0.000000
0.000000 2.540000 0.000000
0.000000 2.540000 0.000000
0.000000 2.540000 0.000000
0.000000 2.540000 0.000000
0.000000 2.540000 0.000000
0.000000 2.540000 0.000000
0.000000 2.540000 0.000000
0.000000 2.540000 0.000000
0.000000 2.540000 0.000000
0.000000 2.540000 0.000000
0.000000 2.540000 0.000000
0.000000 2.540000 0.000000
0.000000 2.540000 0.000000
0.000000 2.540000 0.000000
0.000000 2.540000 0.000000
0.000000 2.540000 0.000000
0.000000 2.540000 0.000000
0.000000 2.540000 0.000000
0.000000 2.540000 0.000000
0.000000 2.540000 0.000000
0.000000 2.540000 0.000000
0.000000 2.540000 0.000000
0.000000 2.540000 0.000000
0.000000 2.540000 0.000000
0.000000 2.540000 0.000000
0.000000 0.000000 2.540000
0.000000 0.000000 2.540000
-0.607862 0.000000 2.466192
-0.607862 0.000000 2.466192
0.000000 0.000000 2.540000
-0.607862 0.000000 2.466192
-0.607862 0.000000 2.466192
-0.607862 0.000000 2.466192
-1.180397 0.000000 2.249058
-1.180397 0.000000 2.249058
-0.607862 0.000000 2.466192
-1.180397 0.000000 2.249058
-1.180397 0.000000 2.249058
-1.180397 0.000000 2.249058
-1.684332 0.000000 1.901217
-1.684332 0.000000 1.901217
-1.180397 0.000000 2.249058
-1.684332 0.000000 1.901217
-1.684332 0.000000 1.901217
-1.684332 0.000000 1.901217
-2.090379 0.000000 1.442884
-2.090379 0.000000 1.442884
-1.684332 0.000000 1.901217
-2.090379 0.000000 1.442884
-2.090379 0.000000 1.442884
-2.090379 0.000000 1.442884
-2.374941 0.000000 0.900696
-2.374941 0.000000 0.900696
-2.090379 0.000000 1.442884
-2.374941 0.000000 0.900696
-2.374941 0.000000 0.900696
-2.374941 0.000000 0.900696
-2.521481 0.000000 0.306163
-2.521481 0.000000 0.306163
-2.374941 0.000000 0.900696
-2.521481 0.000000 0.306163
-2.521481 0.000000 0.306163
-2.521481 0.000000 0.306163
-2.521481 0.000000 -0.306163
-2.521481 0.000000 -0.306163
-2.521481 0.000000 0.306163
-2.521481 0.000000 -0.306163
-2.521481 0.000000 -0.306163
-2.521481 0.000000 -0.306163
-2.374941 0.000000 -0.900696
-2.374941 0.000000 -0.900696
-2.521481 0.000000 -0.306163
-2.374941 0.000000 -0.900696
-2.374941 0.000000 -0.900696
-2.374941 0.000000 -0.900696
-2.090379 0.000000 -1.442884
-2.090379 0.000000 -1.442884
-2.374941 0.000000 -0.900696
-2.090379 0.000000 -1.442884
-2.090379 0.000000 -1.442884
-2.090379 0.000000 -1.442884
-1.684332 0.000000 -1.901217
-1.684332 0.000000 -1.901217
-2.090379 0.000000 -1.442884
-1.684332 0.000000 -1.901217
-1.684332 0.000000 -1.901217
-1.684332 0.000000 -1.901217
-1.180397 0.000000 -2.249058
-1.180397 0.000000 -2.249058
-1.684332 0.000000 -1.901217
-1.180397 0.000000 -2.249058
-1.180397 0.000000 -2.249058
-1.180397 0.000000 -2.249058
-0.607862 0.000000 -2.466192
-0.607862 0.000000 -2.466192
-1.180397 0.000000 -2.249058
-0.607862 0.000000 -2.466192
-0.607862 0.000000 -2.466192
-0.607862 0.000000 -2.466192
0.000000 0.000000 -2.540000
0.000000 0.000000 -2.540000
-0.607862 0.000000 -2.466192
0.000000 0.000000 -2.540000
0.000000 2.540000 0.000000
0.000000 2.540000 0.000000
0.000000 2.540000 0.000000
0.000000 2.540000 0.000000
0.000000 2.540000 0.000000
0.000000 2.540000 0.000000
0.000000 2.540000 0.000000
0.000000 2.540000 0.000000
0.000000 2.540000 0.000000
0.000000 2.540000 0.000000
0.000000 2.540000 0.000000
0.000000 2.540000 0.000000
0.000000 2.540000 0.000000
0.000000 2.540000 0.000000
0.000000 2.540000 0.000000
0.000000 2.540000 0.000000
0.000000 2.540000 0.000000
0.000000 2.540000 0.000000
0.000000 2.540000 0.000000
0.000000 2.540000 0.000000
0.000000 2.540000 0.000000
0.000000 2.540000 0.000000
0.000000 2.540000 0.000000
0.000000 2.540000 0.000000
0.000000 2.540000 0.000000
0.000000 2.540000 0.000000
0.000000 2.540000 0.000000
0.000000 2.540000 0.000000
0.000000 2.540000 0.000000
0.000000 2.540000 0.000000
0.000000 2.540000 0.000000
0.000000 2.540000 0.000000
0.000000 2.540000 0.000000
0.000000 2.540000 0.000000
0.000000 2.540000 0.000000
0.000000 2.540000 0.000000
0.000000 2.540000 0.000000
0.000000 2.540000 0.000000
0.000000 2.540000 0.000000
0.000000 2.540000 0.000000
0.000000 2.540000 0.000000
0.000000 2.540000 0.000000
0.000000 2.540000 0.000000
0.000000 2.540000 0.000000
0.000000 2.540000 0.000000
0.000000 2.540000 0.000000
0.000000 2.540000 0.000000
0.000000 2.540000 0.000000
0.000000 2.540000 0.000000
0.000000 2.540000 0.000000
0.000000 2.540000 0.000000
0.000000 2.540000 0.000000
0.000000 2.540000 0.000000
0.000000 2.540000 0.000000
0.000000 2.540000 0.000000
0.000000 2.540000 0.000000
0.000000 2.540000 0.000000
0.000000 2.540000 0.000000
0.000000 2.540000 0.000000
0.000000 2.540000 0.000000
0.000000 2.540000 0.000000
0.000000 2.540000 0.000000
0.000000 2.540000 0.000000
0.000000 2.540000 0.000000
0.000000 2.540000 0.000000
0.000000 2.540000 0.000000
0.000000 2.540000 0.000000
0.000000 2.540000 0.000000
0.000000 2.540000 0.000000
0.000000 2.540000 0.000000
0.000000 2.540000 0.000000
0.000000 2.540000 0.000000
0.000000 2.540000 0.000000
0.000000 2.540000 0.000000
0.000000 2.540000 0.000000
0.000000 2.540000 0.000000
0.000000 2.540000 0.000000
0.000000 2.540000 0.000000
0.000000 2.540000 0.000000
0.000000 2.540000 0.000000
0.000000 2.540000 0.000000
0.000000 2.540000 0.000000
0.000000 2.540000 0.000000
0.000000 2.540000 0.000000
0.000000 2.540000 0.000000
0.000000 2.540000 0.000000
0.000000 2.540000 0.000000
0.000000 2.540000 0.000000
0.000000 2.540000 0.000000
0.000000 2.540000 0.000000
0.000000 2.540000 0.000000
0.000000 2.540000 0.000000
0.000000 2.540000 0.000000
0.000000 2.540000 0.000000
0.000000 2.540000 0.000000
0.000000 2.540000 0.000000
0.000000 2.540000 0.000000
0.000000 2.540000 0.000000
0.000000 2.540000 0.000000
0.000000 2.540000 0.000000
0.000000 2.540000 0.000000
0.000000 2.540000 0.000000
0.000000 2.540000 0.000000
0.000000 2.540000 0.000000
0.000000 2.540000 0.000000
0.000000 2.540000 0.000000
0.000000 2.540000 0.000000
0.000000 2.540000 0.000000
0.000000 2.540000 0.000000
0.000000 2.540000 0.000000
0.000000 2.540000 0.000000
0.000000 2.540000 0.000000
0.000000 2.540000 0.000000
0.000000 2.540000 0.000000
0.000000 2.540000 0.000000
0.000000 2.540000 0.000000
0.000000 2.540000 0.000000
0.000000 2.540000 0.000000
0.000000 2.540000 0.000000
0.000000 2.540000 0.000000
0.000000 2.540000 0.000000
0.000000 2.540000 0.000000
0.000000 2.540000 0.000000
0.000000 2.540000 0.000000
0.000000 2.540000 0.000000
0.000000 2.540000 0.000000
0.000000 2.540000 0.000000
0.000000 2.540000 0.000000
0.000000 2.540000 0.000000
0.000000 2.540000 0.000000
0.000000 2.540000 0.000000
0.000000 2.540000 0.000000
0.000000 2.540000 0.000000
0.000000 2.540000 0.000000
0.000000 2.540000 0.000000
0.000000 2.540000 0.000000
0.000000 2.540000 0.000000
0.000000 2.540000 0.000000
0.000000 2.540000 0.000000
0.000000 2.540000 0.000000
0.000000 2.540000 0.000000
0.000000 2.540000 0.000000
0.000000 2.540000 0.000000
0.000000 2.540000 0.000000
0.000000 2.540000 0.000000
0.000000 2.540000 0.000000
0.000000 2.540000 0.000000
0.000000 2.540000 0.000000
0.000000 2.540000 0.000000
0.000000 2.540000 0.000000
0.000000 2.540000 0.000000
0.000000 2.540000 0.000000
0.000000 2.540000 0.000000
0.000000 2.540000 0.000000
0.000000 2.540000 0.000000
0.000000 2.540000 0.000000
0.000000 0.000000 2.540000
0.000000 0.000000 2.540000
-0.607862 0.000000 2.466192
-0.607862 0.000000 2.466192
0.000000 0.000000 2.540000
-0.607862 0.000000 2.466192
-0.607862 0.000000 2.466192
-0.607862 0.000000 2.466192
-1.180397 0.000000 2.249058
-1.180397 0.000000 2.249058
-0.607862 0.000000 2.466192
-1.180397 0.000000 2.249058
-1.180397 0.000000 2.249058
-1.180397 0.000000 2.249058
-1.684332 0.000000 1.901217
-1.684332 0.000000 1.901217
-1.180397 0.000000 2.249058
-1.684332 0.000000 1.901217
-1.684332 0.000000 1.901217
-1.684332 0.000000 1.901217
-2.090379 0.000000 1.442884
-2.090379 0.000000 1.442884
-1.684332 0.000000 1.901217
-2.090379 0.000000 1.442884
-2.090379 0.000000 1.442884
-2.090379 0.000000 1.442884
-2.374941 0.000000 0.900696
-2.374941 0.000000 0.900696
-2.090379 0.000000 1.442884
-2.374941 0.000000 0.900696
-2.374941 0.000000 0.900696
-2.374941 0.000000 0.900696
-2.521481 0.000000 0.306163
-2.521481 0.000000 0.306163
-2.374941 0.000000 0.900696
-2.521481 0.000000 0.306163
-2.521481 0.000000 0.306163
-2.521481 0.000000 0.306163
-2.521481 0.000000 -0.306163
-2.521481 0.000000 -0.306163
-2.521481 0.000000 0.306163
-2.521481 0.000000 -0.306163
-2.521481 0.000000 -0.306163
-2.521481 0.000000 -0.306163
-2.374941 0.000000 -0.900696
-2.374941 0.000000 -0.900696
-2.521481 0.000000 -0.306163
-2.374941 0.000000 -0.900696
-2.374941 0.000000 -0.900696
-2.374941 0.000000 -0.900696
-2.090379 0.000000 -1.442884
-2.090379 0.000000 -1.442884
-2.374941 0.000000 -0.900696
-2.090379 0.000000 -1.442884
-2.090379 0.000000 -1.442884
-2.090379 0.000000 -1.442884
-1.684332 0.000000 -1.901217
-1.684332 0.000000 -1.901217
-2.090379 0.000000 -1.442884
-1.684332 0.000000 -1.901217
-1.684332 0.000000 -1.901217
-1.684332 0.000000 -1.901217
-1.180397 0.000000 -2.249058
-1.180397 0.000000 -2.249058
-1.684332 0.000000 -1.901217
-1.180397 0.000000 -2.249058
-1.180397 0.000000 -2.249058
-1.180397 0.000000 -2.249058
-0.607862 0.000000 -2.466192
-0.607862 0.000000 -2.466192
-1.180397 0.000000 -2.249058
-0.607862 0.000000 -2.466192
-0.607862 0.000000 -2.466192
-0.607862 0.000000 -2.466192
0.000000 0.000000 -2.540000
0.000000 0.000000 -2.540000
-0.607862 0.000000 -2.466192
0.000000 0.000000 -2.540000
0.000000 0.000000 2.540000
0.000000 0.000000 2.540000
-0.607862 0.000000 2.466192
-0.607862 0.000000 2.466192
0.000000 0.000000 2.540000
-0.607862 0.000000 2.466192
-0.607862 0.000000 2.466192
-0.607862 0.000000 2.466192
-1.180397 0.000000 2.249058
-1.180397 0.000000 2.249058
-0.607862 0.000000 2.466192
-1.180397 0.000000 2.249058
-1.180397 0.000000 2.249058
-1.180397 0.000000 2.249058
-1.684332 0.000000 1.901217
-1.684332 0.000000 1.901217
-1.180397 0.000000 2.249058
-1.684332 0.000000 1.901217
-1.684332 0.000000 1.901217
-1.684332 0.000000 1.901217
-2.090379 0.000000 1.442884
-2.090379 0.000000 1.442884
-1.684332 0.000000 1.901217
-2.090379 0.000000 1.442884
-2.090379 0.000000 1.442884
-2.090379 0.000000 1.442884
-2.374941 0.000000 0.900696
-2.374941 0.000000 0.900696
-2.090379 0.000000 1.442884
-2.374941 0.000000 0.900696
-2.374941 0.000000 0.900696
-2.374941 0.000000 0.900696
-2.521481 0.000000 0.306163
-2.521481 0.000000 0.306163
-2.374941 0.000000 0.900696
-2.521481 0.000000 0.306163
-2.521481 0.000000 0.306163
-2.521481 0.000000 0.306163
-2.521481 0.000000 -0.306163
-2.521481 0.000000 -0.306163
-2.521481 0.000000 0.306163
-2.521481 0.000000 -0.306163
-2.521481 0.000000 -0.306163
-2.521481 0.000000 -0.306163
-2.374941 0.000000 -0.900696
-2.374941 0.000000 -0.900696
-2.521481 0.000000 -0.306163
-2.374941 0.000000 -0.900696
-2.374941 0.000000 -0.900696
-2.374941 0.000000 -0.900696
-2.090379 0.000000 -1.442884
-2.090379 0.000000 -1.442884
-2.374941 0.000000 -0.900696
-2.090379 0.000000 -1.442884
-2.090379 0.000000 -1.442884
-2.090379 0.000000 -1.442884
-1.684332 0.000000 -1.901217
-1.684332 0.000000 -1.901217
-2.090379 0.000000 -1.442884
-1.684332 0.000000 -1.901217
-1.684332 0.000000 -1.901217
-1.684332 0.000000 -1.901217
-1.180397 0.000000 -2.249058
-1.180397 0.000000 -2.249058
-1.684332 0.000000 -1.901217
-1.180397 0.000000 -2.249058
-1.180397 0.000000 -2.249058
-1.180397 0.000000 -2.249058
-0.607862 0.000000 -2.466192
-0.607862 0.000000 -2.466192
-1.180397 0.000000 -2.249058
-0.607862 0.000000 -2.466192
-0.607862 0.000000 -2.466192
-0.607862 0.000000 -2.466192
0.000000 0.000000 -2.540000
0.000000 0.000000 -2.540000
-0.607862 0.000000 -2.466192
0.000000 0.000000 -2.540000
0.000000 0.000000 2.540000
0.000000 0.000000 2.540000
-0.607862 0.000000 2.466192
-0.607862 0.000000 2.466192
0.000000 0.000000 2.540000
-0.607862 0.000000 2.466192
-0.607862 0.000000 2.466192
-0.607862 0.000000 2.466192
-1.180397 0.000000 2.249058
-1.180397 0.000000 2.249058
-0.607862 0.000000 2.466192
-1.180397 0.000000 2.249058
-1.180397 0.000000 2.249058
-1.180397 0.000000 2.249058
-1.684332 0.000000 1.901217
-1.684332 0.000000 1.901217
-1.180397 0.000000 2.249058
-1.684332 0.000000 1.901217
-1.684332 0.000000 1.901217
-1.684332 0.000000 1.901217
-2.090379 0.000000 1.442884
-2.090379 0.000000 1.442884
-1.684332 0.000000 1.901217
-2.090379 0.000000 1.442884
-2.090379 0.000000 1.442884
-2.090379 0.000000 1.442884
-2.374941 0.000000 0.900696
-2.374941 0.000000 0.900696
-2.090379 0.000000 1.442884
-2.374941 0.000000 0.900696
-2.374941 0.000000 0.900696
-2.374941 0.000000 0.900696
-2.521481 0.000000 0.306163
-2.521481 0.000000 0.306163
-2.374941 0.000000 0.900696
-2.521481 0.000000 0.306163
-2.521481 0.000000 0.306163
-2.521481 0.000000 0.306163
-2.521481 0.000000 -0.306163
-2.521481 0.000000 -0.306163
-2.521481 0.000000 0.306163
-2.521481 0.000000 -0.306163
-2.521481 0.000000 -0.306163
-2.521481 0.000000 -0.306163
-2.374941 0.000000 -0.900696
-2.374941 0.000000 -0.900696
-2.521481 0.000000 -0.306163
-2.374941 0.000000 -0.900696
-2.374941 0.000000 -0.900696
-2.374941 0.000000 -0.900696
-2.090379 0.000000 -1.442884
-2.090379 0.000000 -1.442884
-2.374941 0.000000 -0.900696
-2.090379 0.000000 -1.442884
-2.090379 0.000000 -1.442884
-2.090379 0.000000 -1.442884
-1.684332 0.000000 -1.901217
-1.684332 0.000000 -1.901217
-2.090379 0.000000 -1.442884
-1.684332 0.000000 -1.901217
-1.684332 0.000000 -1.901217
-1.684332 0.000000 -1.901217
-1.180397 0.000000 -2.249058
-1.180397 0.000000 -2.249058
-1.684332 0.000000 -1.901217
-1.180397 0.000000 -2.249058
-1.180397 0.000000 -2.249058
-1.180397 0.000000 -2.249058
-0.607862 0.000000 -2.466192
-0.607862 0.000000 -2.466192
-1.180397 0.000000 -2.249058
-0.607862 0.000000 -2.466192
-0.607862 0.000000 -2.466192
-0.607862 0.000000 -2.466192
0.000000 0.000000 -2.540000
0.000000 0.000000 -2.540000
-0.607862 0.000000 -2.466192
0.000000 0.000000 -2.540000
0.000000 0.000000 2.540000
0.000000 0.000000 2.540000
-0.607862 0.000000 2.466192
-0.607862 0.000000 2.466192
0.000000 0.000000 2.540000
-0.607862 0.000000 2.466192
-0.607862 0.000000 2.466192
-0.607862 0.000000 2.466192
-1.180397 0.000000 2.249058
-1.180397 0.000000 2.249058
-0.607862 0.000000 2.466192
-1.180397 0.000000 2.249058
-1.180397 0.000000 2.249058
-1.180397 0.000000 2.249058
-1.684332 0.000000 1.901217
-1.684332 0.000000 1.901217
-1.180397 0.000000 2.249058
-1.684332 0.000000 1.901217
-1.684332 0.000000 1.901217
-1.684332 0.000000 1.901217
-2.090379 0.000000 1.442884
-2.090379 0.000000 1.442884
-1.684332 0.000000 1.901217
-2.090379 0.000000 1.442884
-2.090379 0.000000 1.442884
-2.090379 0.000000 1.442884
-2.374941 0.000000 0.900696
-2.374941 0.000000 0.900696
-2.090379 0.000000 1.442884
-2.374941 0.000000 0.900696
-2.374941 0.000000 0.900696
-2.374941 0.000000 0.900696
-2.521481 0.000000 0.306163
-2.521481 0.000000 0.306163
-2.374941 0.000000 0.900696
-2.521481 0.000000 0.306163
-2.521481 0.000000 0.306163
-2.521481 0.000000 0.306163
-2.521481 0.000000 -0.306163
-2.521481 0.000000 -0.306163
-2.521481 0.000000 0.306163
-2.521481 0.000000 -0.306163
-2.521481 0.000000 -0.306163
-2.521481 0.000000 -0.306163
-2.374941 0.000000 -0.900696
-2.374941 0.000000 -0.900696
-2.521481 0.000000 -0.306163
-2.374941 0.000000 -0.900696
-2.374941 0.000000 -0.900696
-2.374941 0.000000 -0.900696
-2.090379 0.000000 -1.442884
-2.090379 0.000000 -1.442884
-2.374941 0.000000 -0.900696
-2.090379 0.000000 -1.442884
-2.090379 0.000000 -1.442884
-2.090379 0.000000 -1.442884
-1.684332 0.000000 -1.901217
-1.684332 0.000000 -1.901217
-2.090379 0.000000 -1.442884
-1.684332 0.000000 -1.901217
-1.684332 0.000000 -1.901217
-1.684332 0.000000 -1.901217
-1.180397 0.000000 -2.249058
-1.180397 0.000000 -2.249058
-1.684332 0.000000 -1.901217
-1.180397 0.000000 -2.249058
-1.180397 0.000000 -2.249058
-1.180397 0.000000 -2.249058
-0.607862 0.000000 -2.466192
-0.607862 0.000000 -2.466192
-1.180397 0.000000 -2.249058
-0.607862 0.000000 -2.466192
-0.607862 0.000000 -2.466192
-0.607862 0.000000 -2.466192
0.000000 0.000000 -2.540000
0.000000 0.000000 -2.540000
-0.607862 0.000000 -2.466192
0.000000 0.000000 -2.540000
0.000000 2.540000 0.000000
0.000000 2.540000 0.000000
0.000000 2.540000 0.000000
0.000000 2.540000 0.000000
0.000000 2.540000 0.000000
0.000000 2.540000 0.000000
0.000000 2.540000 0.000000
0.000000 2.540000 0.000000
0.000000 2.540000 0.000000
0.000000 2.540000 0.000000
0.000000 2.540000 0.000000
0.000000 2.540000 0.000000
0.000000 2.540000 0.000000
0.000000 2.540000 0.000000
0.000000 2.540000 0.000000
0.000000 2.540000 0.000000
0.000000 2.540000 0.000000
0.000000 2.540000 0.000000
0.000000 2.540000 0.000000
0.000000 2.540000 0.000000
0.000000 2.540000 0.000000
0.000000 2.540000 0.000000
0.000000 2.540000 0.000000
0.000000 2.540000 0.000000
0.000000 2.540000 0.000000
0.000000 2.540000 0.000000
0.000000 2.540000 0.000000
0.000000 2.540000 0.000000
0.000000 2.540000 0.000000
0.000000 2.540000 0.000000
0.000000 2.540000 0.000000
0.000000 2.540000 0.000000
0.000000 2.540000 0.000000
0.000000 2.540000 0.000000
0.000000 2.540000 0.000000
0.000000 2.540000 0.000000
0.000000 2.540000 0.000000
0.000000 2.540000 0.000000
0.000000 2.540000 0.000000
0.000000 2.540000 0.000000
0.000000 2.540000 0.000000
0.000000 2.540000 0.000000
0.000000 2.540000 0.000000
0.000000 2.540000 0.000000
0.000000 2.540000 0.000000
0.000000 2.540000 0.000000
0.000000 2.540000 0.000000
0.000000 2.540000 0.000000
0.000000 2.540000 0.000000
0.000000 2.540000 0.000000
0.000000 2.540000 0.000000
0.000000 2.540000 0.000000
0.000000 2.540000 0.000000
0.000000 2.540000 0.000000
0.000000 2.540000 0.000000
0.000000 2.540000 0.000000
0.000000 2.540000 0.000000
0.000000 2.540000 0.000000
0.000000 2.540000 0.000000
0.000000 2.540000 0.000000
0.000000 2.540000 0.000000
0.000000 2.540000 0.000000
0.000000 2.540000 0.000000
0.000000 2.540000 0.000000
0.000000 2.540000 0.000000
0.000000 2.540000 0.000000
0.000000 2.540000 0.000000
0.000000 2.540000 0.000000
0.000000 2.540000 0.000000
0.000000 2.540000 0.000000
0.000000 2.540000 0.000000
0.000000 2.540000 0.000000
-2.540000 0.000000 0.000000
-2.540000 0.000000 0.000000
-2.540000 0.000000 0.000000
-2.540000 0.000000 0.000000
-2.540000 0.000000 0.000000
-2.540000 0.000000 0.000000
-2.540000 0.000000 0.000000
-2.540000 0.000000 0.000000
-2.540000 0.000000 0.000000
-2.540000 0.000000 0.000000
-2.540000 0.000000 0.000000
-2.540000 0.000000 0.000000
0.000000 -2.540000 0.000000
0.000000 -2.540000 0.000000
0.000000 -2.540000 0.000000
0.000000 -2.540000 0.000000
0.000000 -2.540000 0.000000
0.000000 -2.540000 0.000000
2.540000 0.000000 0.000000
2.540000 0.000000 0.000000
2.540000 0.000000 0.000000
2.540000 0.000000 0.000000
2.540000 0.000000 0.000000
2.540000 0.000000 0.000000
2.540000 0.000000 0.000000
2.540000 0.000000 0.000000
2.540000 0.000000 0.000000
2.540000 0.000000 0.000000
2.540000 0.000000 0.000000
2.540000 0.000000 0.000000
0.000000 2.540000 0.000000
0.000000 2.540000 0.000000
0.000000 2.540000 0.000000
0.000000 2.540000 0.000000
0.000000 2.540000 0.000000
0.000000 2.540000 0.000000
0.000000 2.540000 0.000000
0.000000 2.540000 0.000000
0.000000 2.540000 0.000000
0.000000 2.540000 0.000000
0.000000 2.540000 0.000000
0.000000 2.540000 0.000000
0.000000 2.540000 0.000000
0.000000 2.540000 0.000000
0.000000 2.540000 0.000000
0.000000 2.540000 0.000000
0.000000 2.540000 0.000000
0.000000 2.540000 0.000000
0.000000 2.540000 0.000000
0.000000 2.540000 0.000000
0.000000 2.540000 0.000000
0.000000 2.540000 0.000000
0.000000 2.540000 0.000000
0.000000 2.540000 0.000000
0.000000 2.540000 0.000000
0.000000 2.540000 0.000000
0.000000 2.540000 0.000000
0.000000 2.540000 0.000000
0.000000 2.540000 0.000000
0.000000 2.540000 0.000000
0.000000 2.540000 0.000000
0.000000 2.540000 0.000000
0.000000 2.540000 0.000000
0.000000 2.540000 0.000000
0.000000 2.540000 0.000000
0.000000 2.540000 0.000000
0.000000 2.540000 0.000000
0.000000 2.540000 0.000000
0.000000 2.540000 0.000000
0.000000 2.540000 0.000000
0.000000 2.540000 0.000000
0.000000 2.540000 0.000000
0.000000 2.540000 0.000000
0.000000 2.540000 0.000000
0.000000 2.540000 0.000000
0.000000 2.540000 0.000000
0.000000 2.540000 0.000000
0.000000 2.540000 0.000000
0.000000 2.540000 0.000000
0.000000 2.540000 0.000000
0.000000 2.540000 0.000000
0.000000 2.540000 0.000000
0.000000 2.540000 0.000000
0.000000 2.540000 0.000000
0.000000 2.540000 0.000000
0.000000 2.540000 0.000000
0.000000 2.540000 0.000000
0.000000 2.540000 0.000000
0.000000 2.540000 0.000000
0.000000 2.540000 0.000000
0.000000 2.540000 0.000000
0.000000 2.540000 0.000000
0.000000 2.540000 0.000000
0.000000 2.540000 0.000000
0.000000 2.540000 0.000000
0.000000 2.540000 0.000000
0.000000 2.540000 0.000000
0.000000 2.540000 0.000000
0.000000 2.540000 0.000000
0.000000 2.540000 0.000000
0.000000 2.540000 0.000000
0.000000 2.540000 0.000000
0.000000 2.540000 0.000000
0.000000 2.540000 0.000000
0.000000 2.540000 0.000000
0.000000 2.540000 0.000000
0.000000 2.540000 0.000000
0.000000 2.540000 0.000000
0.000000 2.540000 0.000000
0.000000 2.540000 0.000000
0.000000 2.540000 0.000000
0.000000 2.540000 0.000000
0.000000 2.540000 0.000000
0.000000 2.540000 0.000000
2.540000 0.000000 0.000000
2.540000 0.000000 0.000000
2.540000 0.000000 0.000000
2.540000 0.000000 0.000000
2.540000 0.000000 0.000000
2.540000 0.000000 0.000000
2.540000 0.000000 0.000000
2.540000 0.000000 0.000000
2.540000 0.000000 0.000000
2.540000 0.000000 0.000000
2.540000 0.000000 0.000000
2.540000 0.000000 0.000000
2.540000 0.000000 0.000000
2.540000 0.000000 0.000000
2.540000 0.000000 0.000000
2.540000 0.000000 0.000000
2.540000 0.000000 0.000000
2.540000 0.000000 0.000000
2.540000 0.000000 0.000000
2.540000 0.000000 0.000000
2.540000 0.000000 0.000000
2.540000 0.000000 0.000000
2.540000 0.000000 0.000000
2.540000 0.000000 0.000000
2.540000 0.000000 0.000000
2.540000 0.000000 0.000000
2.540000 0.000000 0.000000
2.540000 0.000000 0.000000
2.540000 0.000000 0.000000
2.540000 0.000000 0.000000
2.540000 0.000000 0.000000
2.540000 0.000000 0.000000
2.540000 0.000000 0.000000
2.540000 0.000000 0.000000
2.540000 0.000000 0.000000
2.540000 0.000000 0.000000
2.540000 0.000000 0.000000
2.540000 0.000000 0.000000
2.540000 0.000000 0.000000
2.540000 0.000000 0.000000
2.540000 0.000000 0.000000
2.540000 0.000000 0.000000
2.540000 0.000000 0.000000
2.540000 0.000000 0.000000
2.540000 0.000000 0.000000
2.540000 0.000000 0.000000
2.540000 0.000000 0.000000
2.540000 0.000000 0.000000
2.540000 0.000000 0.000000
2.540000 0.000000 0.000000
2.540000 0.000000 0.000000
2.540000 0.000000 0.000000
2.540000 0.000000 0.000000
2.540000 0.000000 0.000000
2.540000 0.000000 0.000000
2.540000 0.000000 0.000000
2.540000 0.000000 0.000000
2.540000 0.000000 0.000000
2.540000 0.000000 0.000000
2.540000 0.000000 0.000000
2.540000 0.000000 0.000000
2.540000 0.000000 0.000000
2.540000 0.000000 0.000000
2.540000 0.000000 0.000000
2.540000 0.000000 0.000000
2.540000 0.000000 0.000000
2.540000 0.000000 0.000000
2.540000 0.000000 0.000000
2.540000 0.000000 0.000000
2.540000 0.000000 0.000000
2.540000 0.000000 0.000000
2.540000 0.000000 0.000000
2.540000 0.000000 0.000000
2.540000 0.000000 0.000000
2.540000 0.000000 0.000000
2.540000 0.000000 0.000000
2.540000 0.000000 0.000000
2.540000 0.000000 0.000000
2.540000 0.000000 0.000000
2.540000 0.000000 0.000000
2.540000 0.000000 0.000000
2.540000 0.000000 0.000000
2.540000 0.000000 0.000000
2.540000 0.000000 0.000000
2.540000 0.000000 0.000000
2.540000 0.000000 0.000000
2.540000 0.000000 0.000000
2.540000 0.000000 0.000000
2.540000 0.000000 0.000000
2.540000 0.000000 0.000000
2.540000 0.000000 0.000000
2.540000 0.000000 0.000000
2.540000 0.000000 0.000000
2.540000 0.000000 0.000000
2.540000 0.000000 0.000000
2.540000 0.000000 0.000000
2.540000 0.000000 0.000000
2.540000 0.000000 0.000000
2.540000 0.000000 0.000000
2.540000 0.000000 0.000000
2.540000 0.000000 0.000000
2.540000 0.000000 0.000000
2.540000 0.000000 0.000000
2.540000 0.000000 0.000000
2.540000 0.000000 0.000000
2.540000 0.000000 0.000000
2.540000 0.000000 0.000000
2.540000 0.000000 0.000000
2.540000 0.000000 0.000000
2.540000 0.000000 0.000000
2.540000 0.000000 0.000000
2.540000 0.000000 0.000000
2.540000 0.000000 0.000000
2.540000 0.000000 0.000000
0.000000 2.540000 0.000000
0.000000 2.540000 0.000000
0.000000 2.540000 0.000000
0.000000 2.540000 0.000000
0.000000 2.540000 0.000000
0.000000 2.540000 0.000000
0.000000 2.540000 0.000000
0.000000 2.540000 0.000000
0.000000 2.540000 0.000000
0.000000 2.540000 0.000000
0.000000 2.540000 0.000000
0.000000 2.540000 0.000000
0.000000 2.540000 0.000000
0.000000 2.540000 0.000000
0.000000 2.540000 0.000000
0.000000 2.540000 0.000000
0.000000 2.540000 0.000000
0.000000 2.540000 0.000000
0.000000 2.540000 0.000000
0.000000 2.540000 0.000000
0.000000 2.540000 0.000000
0.000000 2.540000 0.000000
0.000000 2.540000 0.000000
0.000000 2.540000 0.000000
0.000000 2.540000 0.000000
0.000000 2.540000 0.000000
0.000000 2.540000 0.000000
0.000000 2.540000 0.000000
0.000000 2.540000 0.000000
0.000000 2.540000 0.000000
0.000000 2.540000 0.000000
0.000000 2.540000 0.000000
0.000000 2.540000 0.000000
0.000000 2.540000 0.000000
0.000000 2.540000 0.000000
0.000000 2.540000 0.000000
0.000000 2.540000 0.000000
0.000000 2.540000 0.000000
0.000000 2.540000 0.000000
0.000000 2.540000 0.000000
0.000000 2.540000 0.000000
0.000000 2.540000 0.000000
0.000000 2.540000 0.000000
0.000000 2.540000 0.000000
0.000000 2.540000 0.000000
0.000000 2.540000 0.000000
0.000000 2.540000 0.000000
0.000000 2.540000 0.000000
0.000000 2.540000 0.000000
0.000000 2.540000 0.000000
0.000000 2.540000 0.000000
0.000000 2.540000 0.000000
0.000000 2.540000 0.000000
0.000000 2.540000 0.000000
0.000000 2.540000 0.000000
0.000000 2.540000 0.000000
0.000000 2.540000 0.000000
0.000000 2.540000 0.000000
0.000000 2.540000 0.000000
0.000000 2.540000 0.000000
0.000000 2.540000 0.000000
0.000000 2.540000 0.000000
0.000000 2.540000 0.000000
0.000000 2.540000 0.000000
0.000000 2.540000 0.000000
0.000000 2.540000 0.000000
0.000000 2.540000 0.000000
0.000000 2.540000 0.000000
0.000000 2.540000 0.000000
0.000000 2.540000 0.000000
0.000000 2.540000 0.000000
0.000000 2.540000 0.000000
0.000000 2.540000 0.000000
0.000000 2.540000 0.000000
0.000000 2.540000 0.000000
0.000000 2.540000 0.000000
0.000000 2.540000 0.000000
0.000000 2.540000 0.000000
0.000000 2.540000 0.000000
0.000000 2.540000 0.000000
0.000000 2.540000 0.000000
0.000000 2.540000 0.000000
0.000000 2.540000 0.000000
0.000000 2.540000 0.000000
-2.540000 0.000000 0.000000
-2.540000 0.000000 0.000000
-2.540000 0.000000 0.000000
-2.540000 0.000000 0.000000
-2.540000 0.000000 0.000000
-2.540000 0.000000 0.000000
-2.540000 0.000000 0.000000
-2.540000 0.000000 0.000000
-2.540000 0.000000 0.000000
-2.540000 0.000000 0.000000
-2.540000 0.000000 0.000000
-2.540000 0.000000 0.000000
-2.540000 0.000000 0.000000
-2.540000 0.000000 0.000000
-2.540000 0.000000 0.000000
-2.540000 0.000000 0.000000
-2.540000 0.000000 0.000000
-2.540000 0.000000 0.000000
-2.540000 0.000000 0.000000
-2.540000 0.000000 0.000000
-2.540000 0.000000 0.000000
-2.540000 0.000000 0.000000
-2.540000 0.000000 0.000000
-2.540000 0.000000 0.000000
-2.540000 0.000000 0.000000
-2.540000 0.000000 0.000000
-2.540000 0.000000 0.000000
-2.540000 0.000000 0.000000
-2.540000 0.000000 0.000000
-2.540000 0.000000 0.000000
-2.540000 0.000000 0.000000
-2.540000 0.000000 0.000000
-2.540000 0.000000 0.000000
-2.540000 0.000000 0.000000
-2.540000 0.000000 0.000000
-2.540000 0.000000 0.000000
-2.540000 0.000000 0.000000
-2.540000 0.000000 0.000000
-2.540000 0.000000 0.000000
-2.540000 0.000000 0.000000
-2.540000 0.000000 0.000000
-2.540000 0.000000 0.000000
0.000000 -2.540000 0.000000
0.000000 -2.540000 0.000000
0.000000 -2.540000 0.000000
0.000000 -2.540000 0.000000
0.000000 -2.540000 0.000000
0.000000 -2.540000 0.000000
0.000000 -2.540000 0.000000
0.000000 -2.540000 0.000000
0.000000 -2.540000 0.000000
0.000000 -2.540000 0.000000
0.000000 -2.540000 0.000000
0.000000 -2.540000 0.000000
0.000000 -2.540000 0.000000
0.000000 -2.540000 0.000000
0.000000 -2.540000 0.000000
0.000000 -2.540000 0.000000
0.000000 -2.540000 0.000000
0.000000 -2.540000 0.000000
0.000000 -2.540000 0.000000
0.000000 -2.540000 0.000000
0.000000 -2.540000 0.000000
0.000000 -2.540000 0.000000
0.000000 -2.540000 0.000000
0.000000 -2.540000 0.000000
0.000000 -2.540000 0.000000
0.000000 -2.540000 0.000000
0.000000 -2.540000 0.000000
0.000000 -2.540000 0.000000
0.000000 -2.540000 0.000000
0.000000 -2.540000 0.000000
0.000000 -2.540000 0.000000
0.000000 -2.540000 0.000000
0.000000 -2.540000 0.000000
0.000000 -2.540000 0.000000
0.000000 -2.540000 0.000000
0.000000 -2.540000 0.000000
0.000000 -2.540000 0.000000
0.000000 -2.540000 0.000000
0.000000 -2.540000 0.000000
0.000000 -2.540000 0.000000
0.000000 -2.540000 0.000000
0.000000 -2.540000 0.000000
0.000000 -2.540000 0.000000
0.000000 -2.540000 0.000000
0.000000 -2.540000 0.000000
0.000000 -2.540000 0.000000
0.000000 -2.540000 0.000000
0.000000 -2.540000 0.000000
0.000000 -2.540000 0.000000
0.000000 -2.540000 0.000000
0.000000 -2.540000 0.000000
0.000000 -2.540000 0.000000
0.000000 -2.540000 0.000000
0.000000 -2.540000 0.000000
0.000000 -2.540000 0.000000
0.000000 -2.540000 0.000000
0.000000 -2.540000 0.000000
0.000000 -2.540000 0.000000
0.000000 -2.540000 0.000000
0.000000 -2.540000 0.000000
0.000000 -2.540000 0.000000
0.000000 -2.540000 0.000000
0.000000 -2.540000 0.000000
0.000000 -2.540000 0.000000
0.000000 -2.540000 0.000000
0.000000 -2.540000 0.000000
0.000000 -2.540000 0.000000
0.000000 -2.540000 0.000000
0.000000 -2.540000 0.000000
0.000000 -2.540000 0.000000
0.000000 -2.540000 0.000000
0.000000 -2.540000 0.000000
0.000000 -2.540000 0.000000
0.000000 -2.540000 0.000000
0.000000 -2.540000 0.000000
0.000000 -2.540000 0.000000
0.000000 -2.540000 0.000000
0.000000 -2.540000 0.000000
0.000000 -2.540000 0.000000
0.000000 -2.540000 0.000000
0.000000 -2.540000 0.000000
0.000000 -2.540000 0.000000
0.000000 -2.540000 0.000000
0.000000 -2.540000 0.000000
0.000000 0.000000 -2.540000
0.000000 0.000000 -2.540000
-0.565203 0.000000 -2.476317
-0.565203 0.000000 -2.476317
0.000000 0.000000 -2.540000
-0.565203 0.000000 -2.476317
-0.565203 0.000000 -2.476317
-0.565203 0.000000 -2.476317
-1.102065 0.000000 -2.288461
-1.102065 0.000000 -2.288461
-0.565203 0.000000 -2.476317
-1.102065 0.000000 -2.288461
-1.102065 0.000000 -2.288461
-1.102065 0.000000 -2.288461
-1.583664 0.000000 -1.985852
-1.583664 0.000000 -1.985852
-1.102065 0.000000 -2.288461
-1.583664 0.000000 -1.985852
-1.583664 0.000000 -1.985852
-1.583664 0.000000 -1.985852
-1.985852 0.000000 -1.583664
-1.985852 0.000000 -1.583664
-1.583664 0.000000 -1.985852
-1.985852 0.000000 -1.583664
-1.985852 0.000000 -1.583664
-1.985852 0.000000 -1.583664
-2.288461 0.000000 -1.102065
-2.288461 0.000000 -1.102065
-1.985852 0.000000 -1.583664
-2.288461 0.000000 -1.102065
-2.288461 0.000000 -1.102065
-2.288461 0.000000 -1.102065
-2.476317 0.000000 -0.565203
-2.476317 0.000000 -0.565203
-2.288461 0.000000 -1.102065
-2.476317 0.000000 -0.565203
-2.476317 0.000000 -0.565203
-2.476317 0.000000 -0.565203
-2.540000 0.000000 0.000000
-2.540000 0.000000 0.000000
-2.476317 0.000000 -0.565203
-2.540000 0.000000 0.000000
2.540000 0.000000 0.000000
2.540000 0.000000 0.000000
2.476317 0.000000 -0.565203
2.476317 0.000000 -0.565203
2.540000 0.000000 0.000000
2.476317 0.000000 -0.565203
2.476317 0.000000 -0.565203
2.476317 0.000000 -0.565203
2.288461 0.000000 -1.102065
2.288461 0.000000 -1.102065
2.476317 0.000000 -0.565203
2.288461 0.000000 -1.102065
2.288461 0.000000 -1.102065
2.288461 0.000000 -1.102065
1.985852 0.000000 -1.583664
1.985852 0.000000 -1.583664
2.288461 0.000000 -1.102065
1.985852 0.000000 -1.583664
1.985852 0.000000 -1.583664
1.985852 0.000000 -1.583664
1.583664 0.000000 -1.985852
1.583664 0.000000 -1.985852
1.985852 0.000000 -1.583664
1.583664 0.000000 -1.985852
1.583664 0.000000 -1.985852
1.583664 0.000000 -1.985852
1.102065 0.000000 -2.288461
1.102065 0.000000 -2.288461
1.583664 0.000000 -1.985852
1.102065 0.000000 -2.288461
1.102065 0.000000 -2.288461
1.102065 0.000000 -2.288461
0.565203 0.000000 -2.476317
0.565203 0.000000 -2.476317
1.102065 0.000000 -2.288461
0.565203 0.000000 -2.476317
0.565203 0.000000 -2.476317
0.565203 0.000000 -2.476317
0.000000 0.000000 -2.540000
0.000000 0.000000 -2.540000
0.565203 0.000000 -2.476317
0.000000 0.000000 -2.540000
0.000000 0.000000 -2.540000
-0.000000 0.000000 -2.540000
0.565203 0.000000 -2.476317
0.565203 0.000000 -2.476317
-0.000000 0.000000 -2.540000
0.565203 0.000000 -2.476317
0.565203 0.000000 -2.476317
0.565203 0.000000 -2.476317
1.102065 0.000000 -2.288461
1.102065 0.000000 -2.288461
0.565203 0.000000 -2.476317
1.102065 0.000000 -2.288461
1.102065 0.000000 -2.288461
1.102065 0.000000 -2.288461
1.583664 0.000000 -1.985852
1.583664 0.000000 -1.985852
1.102065 0.000000 -2.288461
1.583664 0.000000 -1.985852
1.583664 0.000000 -1.985852
1.583664 0.000000 -1.985852
1.985852 0.000000 -1.583664
1.985852 0.000000 -1.583664
1.583664 0.000000 -1.985852
1.985852 0.000000 -1.583664
1.985852 0.000000 -1.583664
1.985852 0.000000 -1.583664
2.288461 0.000000 -1.102065
2.288461 0.000000 -1.102065
1.985852 0.000000 -1.583664
2.288461 0.000000 -1.102065
2.288461 0.000000 -1.102065
2.288461 0.000000 -1.102065
2.476317 0.000000 -0.565203
2.476317 0.000000 -0.565203
2.288461 0.000000 -1.102065
2.476317 0.000000 -0.565203
2.476317 0.000000 -0.565203
2.476317 0.000000 -0.565203
2.540000 0.000000 0.000000
2.540000 0.000000 0.000000
2.476317 0.000000 -0.565203
2.540000 0.000000 0.000000
-2.540000 0.000000 0.000000
-2.540000 0.000000 0.000000
-2.476317 0.000000 -0.565203
-2.476317 0.000000 -0.565203
-2.540000 0.000000 0.000000
-2.476317 0.000000 -0.565203
-2.476317 0.000000 -0.565203
-2.476317 0.000000 -0.565203
-2.288461 0.000000 -1.102065
-2.288461 0.000000 -1.102065
-2.476317 0.000000 -0.565203
-2.288461 0.000000 -1.102065
-2.288461 0.000000 -1.102065
-2.288461 0.000000 -1.102065
-1.985852 0.000000 -1.583664
-1.985852 0.000000 -1.583664
-2.288461 0.000000 -1.102065
-1.985852 0.000000 -1.583664
-1.985852 0.000000 -1.583664
-1.985852 0.000000 -1.583664
-1.583664 0.000000 -1.985852
-1.583664 0.000000 -1.985852
-1.985852 0.000000 -1.583664
-1.583664 0.000000 -1.985852
-1.583664 0.000000 -1.985852
-1.583664 0.000000 -1.985852
-1.102065 0.000000 -2.288461
-1.102065 0.000000 -2.288461
-1.583664 0.000000 -1.985852
-1.102065 0.000000 -2.288461
-1.102065 0.000000 -2.288461
-1.102065 0.000000 -2.288461
-0.565203 0.000000 -2.476317
-0.565203 0.000000 -2.476317
-1.102065 0.000000 -2.288461
-0.565203 0.000000 -2.476317
-0.565203 0.000000 -2.476317
-0.565203 0.000000 -2.476317
0.000000 0.000000 -2.540000
0.000000 0.000000 -2.540000
-0.565203 0.000000 -2.476317
-0.000000 0.000000 -2.540000
0.000000 0.000000 -2.540000
-0.000000 0.000000 -2.540000
0.565203 0.000000 -2.476317
0.565203 0.000000 -2.476317
-0.000000 0.000000 -2.540000
0.565203 0.000000 -2.476317
0.565203 0.000000 -2.476317
0.565203 0.000000 -2.476317
1.102065 0.000000 -2.288461
1.102065 0.000000 -2.288461
0.565203 0.000000 -2.476317
1.102065 0.000000 -2.288461
1.102065 0.000000 -2.288461
1.102065 0.000000 -2.288461
1.583664 0.000000 -1.985852
1.583664 0.000000 -1.985852
1.102065 0.000000 -2.288461
1.583664 0.000000 -1.985852
1.583664 0.000000 -1.985852
1.583664 0.000000 -1.985852
1.985852 0.000000 -1.583664
1.985852 0.000000 -1.583664
1.583664 0.000000 -1.985852
1.985852 0.000000 -1.583664
1.985852 0.000000 -1.583664
1.985852 0.000000 -1.583664
2.288461 0.000000 -1.102065
2.288461 0.000000 -1.102065
1.985852 0.000000 -1.583664
2.288461 0.000000 -1.102065
2.288461 0.000000 -1.102065
2.288461 0.000000 -1.102065
2.476317 0.000000 -0.565203
2.476317 0.000000 -0.565203
2.288461 0.000000 -1.102065
2.476317 0.000000 -0.565203
2.476317 0.000000 -0.565203
2.476317 0.000000 -0.565203
2.540000 0.000000 0.000000
2.540000 0.000000 0.000000
2.476317 0.000000 -0.565203
2.540000 0.000000 0.000000
-2.540000 0.000000 0.000000
-2.540000 0.000000 0.000000
-2.476317 0.000000 -0.565203
-2.476317 0.000000 -0.565203
-2.540000 0.000000 0.000000
-2.476317 0.000000 -0.565203
-2.476317 0.000000 -0.565203
-2.476317 0.000000 -0.565203
-2.288461 0.000000 -1.102065
-2.288461 0.000000 -1.102065
-2.476317 0.000000 -0.565203
-2.288461 0.000000 -1.102065
-2.288461 0.000000 -1.102065
-2.288461 0.000000 -1.102065
-1.985852 0.000000 -1.583664
-1.985852 0.000000 -1.583664
-2.288461 0.000000 -1.102065
-1.985852 0.000000 -1.583664
-1.985852 0.000000 -1.583664
-1.985852 0.000000 -1.583664
-1.583664 0.000000 -1.985852
-1.583664 0.000000 -1.985852
-1.985852 0.000000 -1.583664
-1.583664 0.000000 -1.985852
-1.583664 0.000000 -1.985852
-1.583664 0.000000 -1.985852
-1.102065 0.000000 -2.288461
-1.102065 0.000000 -2.288461
-1.583664 0.000000 -1.985852
-1.102065 0.000000 -2.288461
-1.102065 0.000000 -2.288461
-1.102065 0.000000 -2.288461
-0.565203 0.000000 -2.476317
-0.565203 0.000000 -2.476317
-1.102065 0.000000 -2.288461
-0.565203 0.000000 -2.476317
-0.565203 0.000000 -2.476317
-0.565203 0.000000 -2.476317
0.000000 0.000000 -2.540000
0.000000 0.000000 -2.540000
-0.565203 0.000000 -2.476317
-0.000000 0.000000 -2.540000
0.000000 2.540000 0.000000
0.000000 2.540000 0.000000
0.000000 2.540000 0.000000
0.000000 2.540000 0.000000
0.000000 2.540000 0.000000
0.000000 2.540000 0.000000
0.000000 2.540000 0.000000
0.000000 2.540000 0.000000
0.000000 2.540000 0.000000
0.000000 2.540000 0.000000
0.000000 2.540000 0.000000
0.000000 2.540000 0.000000
0.000000 2.540000 0.000000
0.000000 2.540000 0.000000
0.000000 2.540000 0.000000
0.000000 2.540000 0.000000
0.000000 2.540000 0.000000
0.000000 2.540000 0.000000
0.000000 2.540000 0.000000
0.000000 2.540000 0.000000
0.000000 2.540000 0.000000
0.000000 2.540000 0.000000
0.000000 2.540000 0.000000
0.000000 2.540000 0.000000
0.000000 2.540000 0.000000
0.000000 2.540000 0.000000
0.000000 2.540000 0.000000
0.000000 2.540000 0.000000
0.000000 2.540000 0.000000
0.000000 2.540000 0.000000
0.000000 2.540000 0.000000
0.000000 2.540000 0.000000
0.000000 2.540000 0.000000
0.000000 2.540000 0.000000
0.000000 2.540000 0.000000
0.000000 2.540000 0.000000
0.000000 2.540000 0.000000
0.000000 2.540000 0.000000
0.000000 2.540000 0.000000
0.000000 2.540000 0.000000
0.000000 2.540000 0.000000
0.000000 2.540000 0.000000
0.000000 2.540000 0.000000
0.000000 2.540000 0.000000
0.000000 2.540000 0.000000
0.000000 2.540000 0.000000
0.000000 2.540000 0.000000
0.000000 2.540000 0.000000
0.000000 2.540000 0.000000
0.000000 2.540000 0.000000
0.000000 2.540000 0.000000
0.000000 2.540000 0.000000
0.000000 2.540000 0.000000
0.000000 2.540000 0.000000
0.000000 2.540000 0.000000
0.000000 2.540000 0.000000
0.000000 2.540000 0.000000
0.000000 2.540000 0.000000
0.000000 2.540000 0.000000
0.000000 2.540000 0.000000
0.000000 2.540000 0.000000
0.000000 2.540000 0.000000
0.000000 2.540000 0.000000
0.000000 2.540000 0.000000
0.000000 2.540000 0.000000
0.000000 2.540000 0.000000
0.000000 2.540000 0.000000
0.000000 2.540000 0.000000
0.000000 2.540000 0.000000
0.000000 2.540000 0.000000
0.000000 2.540000 0.000000
0.000000 2.540000 0.000000
0.000000 2.540000 0.000000
0.000000 2.540000 0.000000
0.000000 2.540000 0.000000
0.000000 2.540000 0.000000
0.000000 2.540000 0.000000
0.000000 2.540000 0.000000
0.000000 2.540000 0.000000
0.000000 2.540000 0.000000
0.000000 2.540000 0.000000
0.000000 2.540000 0.000000
0.000000 2.540000 0.000000
0.000000 2.540000 0.000000
0.000000 2.540000 0.000000
0.000000 2.540000 0.000000
0.000000 2.540000 0.000000
0.000000 2.540000 0.000000
0.000000 2.540000 0.000000
0.000000 2.540000 0.000000
0.000000 2.540000 0.000000
0.000000 2.540000 0.000000
0.000000 2.540000 0.000000
0.000000 2.540000 0.000000
0.000000 2.540000 0.000000
0.000000 2.540000 0.000000
0.000000 2.540000 0.000000
0.000000 2.540000 0.000000
0.000000 2.540000 0.000000
0.000000 2.540000 0.000000
0.000000 2.540000 0.000000
0.000000 2.540000 0.000000
0.000000 2.540000 0.000000
0.000000 2.540000 0.000000
0.000000 2.540000 0.000000
0.000000 2.540000 0.000000
0.000000 2.540000 0.000000
0.000000 2.540000 0.000000
0.000000 2.540000 0.000000
0.000000 2.540000 0.000000
0.000000 2.540000 0.000000
0.000000 2.540000 0.000000
0.000000 2.540000 0.000000
0.000000 2.540000 0.000000
0.000000 2.540000 0.000000
0.000000 2.540000 0.000000
0.000000 2.540000 0.000000
0.000000 2.540000 0.000000
0.000000 2.540000 0.000000
0.000000 2.540000 0.000000
0.000000 2.540000 0.000000
0.000000 2.540000 0.000000
0.000000 2.540000 0.000000
0.000000 2.540000 0.000000
0.000000 2.540000 0.000000
0.000000 2.540000 0.000000
0.000000 2.540000 0.000000
0.000000 2.540000 0.000000
0.000000 2.540000 0.000000
0.000000 2.540000 0.000000
0.000000 2.540000 0.000000
0.000000 2.540000 0.000000
0.000000 2.540000 0.000000
0.000000 2.540000 0.000000
0.000000 2.540000 0.000000
0.000000 2.540000 0.000000
0.000000 2.540000 0.000000
0.000000 2.540000 0.000000
0.000000 2.540000 0.000000
0.000000 2.540000 0.000000
0.000000 2.540000 0.000000
0.000000 2.540000 0.000000
0.000000 2.540000 0.000000
0.000000 2.540000 0.000000
0.000000 2.540000 0.000000
0.000000 2.540000 0.000000
0.000000 2.540000 0.000000
0.000000 2.540000 0.000000
0.000000 2.540000 0.000000
0.000000 2.540000 0.000000
0.000000 2.540000 0.000000
0.000000 2.540000 0.000000
0.000000 2.540000 0.000000
0.000000 2.540000 0.000000
0.000000 2.540000 0.000000
0.000000 2.540000 0.000000
0.000000 0.000000 2.540000
0.000000 0.000000 2.540000
-0.607862 0.000000 2.466192
-0.607862 0.000000 2.466192
0.000000 0.000000 2.540000
-0.607862 0.000000 2.466192
-0.607862 0.000000 2.466192
-0.607862 0.000000 2.466192
-1.180397 0.000000 2.249058
-1.180397 0.000000 2.249058
-0.607862 0.000000 2.466192
-1.180397 0.000000 2.249058
-1.180397 0.000000 2.249058
-1.180397 0.000000 2.249058
-1.684332 0.000000 1.901217
-1.684332 0.000000 1.901217
-1.180397 0.000000 2.249058
-1.684332 0.000000 1.901217
-1.684332 0.000000 1.901217
-1.684332 0.000000 1.901217
-2.090379 0.000000 1.442884
-2.090379 0.000000 1.442884
-1.684332 0.000000 1.901217
-2.090379 0.000000 1.442884
-2.090379 0.000000 1.442884
-2.090379 0.000000 1.442884
-2.374941 0.000000 0.900696
-2.374941 0.000000 0.900696
-2.090379 0.000000 1.442884
-2.374941 0.000000 0.900696
-2.374941 0.000000 0.900696
-2.374941 0.000000 0.900696
-2.521481 0.000000 0.306163
-2.521481 0.000000 0.306163
-2.374941 0.000000 0.900696
-2.521481 0.000000 0.306163
-2.521481 0.000000 0.306163
-2.521481 0.000000 0.306163
-2.521481 0.000000 -0.306163
-2.521481 0.000000 -0.306163
-2.521481 0.000000 0.306163
-2.521481 0.000000 -0.306163
-2.521481 0.000000 -0.306163
-2.521481 0.000000 -0.306163
-2.374941 0.000000 -0.900696
-2.374941 0.000000 -0.900696
-2.521481 0.000000 -0.306163
-2.374941 0.000000 -0.900696
-2.374941 0.000000 -0.900696
-2.374941 0.000000 -0.900696
-2.090379 0.000000 -1.442884
-2.090379 0.000000 -1.442884
-2.374941 0.000000 -0.900696
-2.090379 0.000000 -1.442884
-2.090379 0.000000 -1.442884
-2.090379 0.000000 -1.442884
-1.684332 0.000000 -1.901217
-1.684332 0.000000 -1.901217
-2.090379 0.000000 -1.442884
-1.684332 0.000000 -1.901217
-1.684332 0.000000 -1.901217
-1.684332 0.000000 -1.901217
-1.180397 0.000000 -2.249058
-1.180397 0.000000 -2.249058
-1.684332 0.000000 -1.901217
-1.180397 0.000000 -2.249058
-1.180397 0.000000 -2.249058
-1.180397 0.000000 -2.249058
-0.607862 0.000000 -2.466192
-0.607862 0.000000 -2.466192
-1.180397 0.000000 -2.249058
-0.607862 0.000000 -2.466192
-0.607862 0.000000 -2.466192
-0.607862 0.000000 -2.466192
0.000000 0.000000 -2.540000
0.000000 0.000000 -2.540000
-0.607862 0.000000 -2.466192
0.000000 0.000000 -2.540000
0.000000 2.540000 0.000000
0.000000 2.540000 0.000000
0.000000 2.540000 0.000000
0.000000 2.540000 0.000000
0.000000 2.540000 0.000000
0.000000 2.540000 0.000000
0.000000 2.540000 0.000000
0.000000 2.540000 0.000000
0.000000 2.540000 0.000000
0.000000 2.540000 0.000000
0.000000 2.540000 0.000000
0.000000 2.540000 0.000000
0.000000 2.540000 0.000000
0.000000 2.540000 0.000000
0.000000 2.540000 0.000000
0.000000 2.540000 0.000000
0.000000 2.540000 0.000000
0.000000 2.540000 0.000000
0.000000 2.540000 0.000000
0.000000 2.540000 0.000000
0.000000 2.540000 0.000000
0.000000 2.540000 0.000000
0.000000 2.540000 0.000000
0.000000 2.540000 0.000000
0.000000 2.540000 0.000000
0.000000 2.540000 0.000000
0.000000 2.540000 0.000000
0.000000 2.540000 0.000000
0.000000 2.540000 0.000000
0.000000 2.540000 0.000000
0.000000 2.540000 0.000000
0.000000 2.540000 0.000000
0.000000 2.540000 0.000000
0.000000 2.540000 0.000000
0.000000 2.540000 0.000000
0.000000 2.540000 0.000000
0.000000 2.540000 0.000000
0.000000 2.540000 0.000000
0.000000 2.540000 0.000000
0.000000 2.540000 0.000000
0.000000 2.540000 0.000000
0.000000 2.540000 0.000000
0.000000 2.540000 0.000000
0.000000 2.540000 0.000000
0.000000 2.540000 0.000000
0.000000 2.540000 0.000000
0.000000 2.540000 0.000000
0.000000 2.540000 0.000000
0.000000 2.540000 0.000000
0.000000 2.540000 0.000000
0.000000 2.540000 0.000000
0.000000 2.540000 0.000000
0.000000 2.540000 0.000000
0.000000 2.540000 0.000000
0.000000 2.540000 0.000000
0.000000 2.540000 0.000000
0.000000 2.540000 0.000000
0.000000 2.540000 0.000000
0.000000 2.540000 0.000000
0.000000 2.540000 0.000000
0.000000 2.540000 0.000000
0.000000 2.540000 0.000000
0.000000 2.540000 0.000000
0.000000 2.540000 0.000000
0.000000 2.540000 0.000000
0.000000 2.540000 0.000000
0.000000 2.540000 0.000000
0.000000 2.540000 0.000000
0.000000 2.540000 0.000000
0.000000 2.540000 0.000000
0.000000 2.540000 0.000000
0.000000 2.540000 0.000000
0.000000 2.540000 0.000000
0.000000 2.540000 0.000000
0.000000 2.540000 0.000000
0.000000 2.540000 0.000000
0.000000 2.540000 0.000000
0.000000 2.540000 0.000000
0.000000 2.540000 0.000000
0.000000 2.540000 0.000000
0.000000 2.540000 0.000000
0.000000 2.540000 0.000000
0.000000 2.540000 0.000000
0.000000 2.540000 0.000000
0.000000 2.540000 0.000000
0.000000 2.540000 0.000000
0.000000 2.540000 0.000000
0.000000 2.540000 0.000000
0.000000 2.540000 0.000000
0.000000 2.540000 0.000000
0.000000 2.540000 0.000000
0.000000 2.540000 0.000000
0.000000 2.540000 0.000000
0.000000 2.540000 0.000000
0.000000 2.540000 0.000000
0.000000 2.540000 0.000000
0.000000 2.540000 0.000000
0.000000 2.540000 0.000000
0.000000 2.540000 0.000000
0.000000 2.540000 0.000000
0.000000 2.540000 0.000000
0.000000 2.540000 0.000000
0.000000 2.540000 0.000000
0.000000 2.540000 0.000000
0.000000 2.540000 0.000000
0.000000 2.540000 0.000000
0.000000 2.540000 0.000000
0.000000 2.540000 0.000000
0.000000 2.540000 0.000000
0.000000 2.540000 0.000000
0.000000 2.540000 0.000000
0.000000 2.540000 0.000000
0.000000 2.540000 0.000000
0.000000 2.540000 0.000000
0.000000 2.540000 0.000000
0.000000 2.540000 0.000000
0.000000 2.540000 0.000000
0.000000 2.540000 0.000000
0.000000 2.540000 0.000000
0.000000 2.540000 0.000000
0.000000 2.540000 0.000000
0.000000 2.540000 0.000000
0.000000 2.540000 0.000000
0.000000 2.540000 0.000000
0.000000 2.540000 0.000000
0.000000 2.540000 0.000000
0.000000 2.540000 0.000000
0.000000 2.540000 0.000000
0.000000 2.540000 0.000000
0.000000 2.540000 0.000000
0.000000 2.540000 0.000000
0.000000 2.540000 0.000000
0.000000 2.540000 0.000000
0.000000 2.540000 0.000000
0.000000 2.540000 0.000000
0.000000 2.540000 0.000000
0.000000 2.540000 0.000000
0.000000 2.540000 0.000000
0.000000 2.540000 0.000000
0.000000 2.540000 0.000000
0.000000 2.540000 0.000000
0.000000 2.540000 0.000000
0.000000 2.540000 0.000000
0.000000 2.540000 0.000000
0.000000 2.540000 0.000000
0.000000 2.540000 0.000000
0.000000 2.540000 0.000000
0.000000 2.540000 0.000000
0.000000 2.540000 0.000000
0.000000 2.540000 0.000000
0.000000 2.540000 0.000000
0.000000 2.540000 0.000000
0.000000 2.540000 0.000000
0.000000 2.540000 0.000000
0.000000 2.540000 0.000000
0.000000 2.540000 0.000000
0.000000 0.000000 2.540000
0.000000 0.000000 2.540000
-0.607862 0.000000 2.466192
-0.607862 0.000000 2.466192
0.000000 0.000000 2.540000
-0.607862 0.000000 2.466192
-0.607862 0.000000 2.466192
-0.607862 0.000000 2.466192
-1.180397 0.000000 2.249058
-1.180397 0.000000 2.249058
-0.607862 0.000000 2.466192
-1.180397 0.000000 2.249058
-1.180397 0.000000 2.249058
-1.180397 0.000000 2.249058
-1.684332 0.000000 1.901217
-1.684332 0.000000 1.901217
-1.180397 0.000000 2.249058
-1.684332 0.000000 1.901217
-1.684332 0.000000 1.901217
-1.684332 0.000000 1.901217
-2.090379 0.000000 1.442884
-2.090379 0.000000 1.442884
-1.684332 0.000000 1.901217
-2.090379 0.000000 1.442884
-2.090379 0.000000 1.442884
-2.090379 0.000000 1.442884
-2.374941 0.000000 0.900696
-2.374941 0.000000 0.900696
-2.090379 0.000000 1.442884
-2.374941 0.000000 0.900696
-2.374941 0.000000 0.900696
-2.374941 0.000000 0.900696
-2.521481 0.000000 0.306163
-2.521481 0.000000 0.306163
-2.374941 0.000000 0.900696
-2.521481 0.000000 0.306163
-2.521481 0.000000 0.306163
-2.521481 0.000000 0.306163
-2.521481 0.000000 -0.306163
-2.521481 0.000000 -0.306163
-2.521481 0.000000 0.306163
-2.521481 0.000000 -0.306163
-2.521481 0.000000 -0.306163
-2.521481 0.000000 -0.306163
-2.374941 0.000000 -0.900696
-2.374941 0.000000 -0.900696
-2.521481 0.000000 -0.306163
-2.374941 0.000000 -0.900696
-2.374941 0.000000 -0.900696
-2.374941 0.000000 -0.900696
-2.090379 0.000000 -1.442884
-2.090379 0.000000 -1.442884
-2.374941 0.000000 -0.900696
-2.090379 0.000000 -1.442884
-2.090379 0.000000 -1.442884
-2.090379 0.000000 -1.442884
-1.684332 0.000000 -1.901217
-1.684332 0.000000 -1.901217
-2.090379 0.000000 -1.442884
-1.684332 0.000000 -1.901217
-1.684332 0.000000 -1.901217
-1.684332 0.000000 -1.901217
-1.180397 0.000000 -2.249058
-1.180397 0.000000 -2.249058
-1.684332 0.000000 -1.901217
-1.180397 0.000000 -2.249058
-1.180397 0.000000 -2.249058
-1.180397 0.000000 -2.249058
-0.607862 0.000000 -2.466192
-0.607862 0.000000 -2.466192
-1.180397 0.000000 -2.249058
-0.607862 0.000000 -2.466192
-0.607862 0.000000 -2.466192
-0.607862 0.000000 -2.466192
0.000000 0.000000 -2.540000
0.000000 0.000000 -2.540000
-0.607862 0.000000 -2.466192
0.000000 0.000000 -2.540000
0.000000 2.540000 0.000000
0.000000 2.540000 0.000000
0.000000 2.540000 0.000000
0.000000 2.540000 0.000000
0.000000 2.540000 0.000000
0.000000 2.540000 0.000000
0.000000 2.540000 0.000000
0.000000 2.540000 0.000000
0.000000 2.540000 0.000000
0.000000 2.540000 0.000000
0.000000 2.540000 0.000000
0.000000 2.540000 0.000000
0.000000 2.540000 0.000000
0.000000 2.540000 0.000000
0.000000 2.540000 0.000000
0.000000 2.540000 0.000000
0.000000 2.540000 0.000000
0.000000 2.540000 0.000000
0.000000 2.540000 0.000000
0.000000 2.540000 0.000000
0.000000 2.540000 0.000000
0.000000 2.540000 0.000000
0.000000 2.540000 0.000000
0.000000 2.540000 0.000000
0.000000 2.540000 0.000000
0.000000 2.540000 0.000000
0.000000 2.540000 0.000000
0.000000 2.540000 0.000000
0.000000 2.540000 0.000000
0.000000 2.540000 0.000000
0.000000 2.540000 0.000000
0.000000 2.540000 0.000000
0.000000 2.540000 0.000000
0.000000 2.540000 0.000000
0.000000 2.540000 0.000000
0.000000 2.540000 0.000000
0.000000 2.540000 0.000000
0.000000 2.540000 0.000000
0.000000 2.540000 0.000000
0.000000 2.540000 0.000000
0.000000 2.540000 0.000000
0.000000 2.540000 0.000000
0.000000 2.540000 0.000000
0.000000 2.540000 0.000000
0.000000 2.540000 0.000000
0.000000 2.540000 0.000000
0.000000 2.540000 0.000000
0.000000 2.540000 0.000000
0.000000 2.540000 0.000000
0.000000 2.540000 0.000000
0.000000 2.540000 0.000000
0.000000 2.540000 0.000000
0.000000 2.540000 0.000000
0.000000 2.540000 0.000000
0.000000 2.540000 0.000000
0.000000 2.540000 0.000000
0.000000 2.540000 0.000000
0.000000 2.540000 0.000000
0.000000 2.540000 0.000000
0.000000 2.540000 0.000000
0.000000 2.540000 0.000000
0.000000 2.540000 0.000000
0.000000 2.540000 0.000000
0.000000 2.540000 0.000000
0.000000 2.540000 0.000000
0.000000 2.540000 0.000000
0.000000 2.540000 0.000000
0.000000 2.540000 0.000000
0.000000 2.540000 0.000000
0.000000 2.540000 0.000000
0.000000 2.540000 0.000000
0.000000 2.540000 0.000000
0.000000 2.540000 0.000000
0.000000 2.540000 0.000000
0.000000 2.540000 0.000000
0.000000 2.540000 0.000000
0.000000 2.540000 0.000000
0.000000 2.540000 0.000000
0.000000 2.540000 0.000000
0.000000 2.540000 0.000000
0.000000 2.540000 0.000000
0.000000 2.540000 0.000000
0.000000 2.540000 0.000000
0.000000 2.540000 0.000000
0.000000 2.540000 0.000000
0.000000 2.540000 0.000000
0.000000 2.540000 0.000000
0.000000 2.540000 0.000000
0.000000 2.540000 0.000000
0.000000 2.540000 0.000000
0.000000 2.540000 0.000000
0.000000 2.540000 0.000000
0.000000 2.540000 0.000000
0.000000 2.540000 0.000000
0.000000 2.540000 0.000000
0.000000 2.540000 0.000000
0.000000 2.540000 0.000000
0.000000 2.540000 0.000000
0.000000 2.540000 0.000000
0.000000 2.540000 0.000000
0.000000 2.540000 0.000000
0.000000 2.540000 0.000000
0.000000 2.540000 0.000000
0.000000 2.540000 0.000000
0.000000 2.540000 0.000000
0.000000 2.540000 0.000000
0.000000 2.540000 0.000000
0.000000 2.540000 0.000000
0.000000 2.540000 0.000000
0.000000 2.540000 0.000000
0.000000 2.540000 0.000000
0.000000 2.540000 0.000000
0.000000 2.540000 0.000000
0.000000 2.540000 0.000000
0.000000 2.540000 0.000000
0.000000 2.540000 0.000000
0.000000 2.540000 0.000000
0.000000 2.540000 0.000000
0.000000 2.540000 0.000000
0.000000 2.540000 0.000000
0.000000 2.540000 0.000000
0.000000 2.540000 0.000000
0.000000 2.540000 0.000000
0.000000 2.540000 0.000000
0.000000 2.540000 0.000000
0.000000 2.540000 0.000000
0.000000 2.540000 0.000000
0.000000 2.540000 0.000000
0.000000 2.540000 0.000000
0.000000 2.540000 0.000000
0.000000 2.540000 0.000000
0.000000 2.540000 0.000000
0.000000 2.540000 0.000000
0.000000 2.540000 0.000000
0.000000 2.540000 0.000000
0.000000 2.540000 0.000000
0.000000 2.540000 0.000000
0.000000 2.540000 0.000000
0.000000 2.540000 0.000000
0.000000 2.540000 0.000000
0.000000 2.540000 0.000000
0.000000 2.540000 0.000000
0.000000 2.540000 0.000000
0.000000 2.540000 0.000000
0.000000 2.540000 0.000000
0.000000 2.540000 0.000000
0.000000 2.540000 0.000000
0.000000 2.540000 0.000000
0.000000 2.540000 0.000000
0.000000 2.540000 0.000000
0.000000 2.540000 0.000000
0.000000 2.540000 0.000000
0.000000 2.540000 0.000000
0.000000 2.540000 0.000000
0.000000 2.540000 0.000000
0.000000 2.540000 0.000000
0.000000 0.000000 2.540000
0.000000 0.000000 2.540000
-0.607862 0.000000 2.466192
-0.607862 0.000000 2.466192
0.000000 0.000000 2.540000
-0.607862 0.000000 2.466192
-0.607862 0.000000 2.466192
-0.607862 0.000000 2.466192
-1.180397 0.000000 2.249058
-1.180397 0.000000 2.249058
-0.607862 0.000000 2.466192
-1.180397 0.000000 2.249058
-1.180397 0.000000 2.249058
-1.180397 0.000000 2.249058
-1.684332 0.000000 1.901217
-1.684332 0.000000 1.901217
-1.180397 0.000000 2.249058
-1.684332 0.000000 1.901217
-1.684332 0.000000 1.901217
-1.684332 0.000000 1.901217
-2.090379 0.000000 1.442884
-2.090379 0.000000 1.442884
-1.684332 0.000000 1.901217
-2.090379 0.000000 1.442884
-2.090379 0.000000 1.442884
-2.090379 0.000000 1.442884
-2.374941 0.000000 0.900696
-2.374941 0.000000 0.900696
-2.090379 0.000000 1.442884
-2.374941 0.000000 0.900696
-2.374941 0.000000 0.900696
-2.374941 0.000000 0.900696
-2.521481 0.000000 0.306163
-2.521481 0.000000 0.306163
-2.374941 0.000000 0.900696
-2.521481 0.000000 0.306163
-2.521481 0.000000 0.306163
-2.521481 0.000000 0.306163
-2.521481 0.000000 -0.306163
-2.521481 0.000000 -0.306163
-2.521481 0.000000 0.306163
-2.521481 0.000000 -0.306163
-2.521481 0.000000 -0.306163
-2.521481 0.000000 -0.306163
-2.374941 0.000000 -0.900696
-2.374941 0.000000 -0.900696
-2.521481 0.000000 -0.306163
-2.374941 0.000000 -0.900696
-2.374941 0.000000 -0.900696
-2.374941 0.000000 -0.900696
-2.090379 0.000000 -1.442884
-2.090379 0.000000 -1.442884
-2.374941 0.000000 -0.900696
-2.090379 0.000000 -1.442884
-2.090379 0.000000 -1.442884
-2.090379 0.000000 -1.442884
-1.684332 0.000000 -1.901217
-1.684332 0.000000 -1.901217
-2.090379 0.000000 -1.442884
-1.684332 0.000000 -1.901217
-1.684332 0.000000 -1.901217
-1.684332 0.000000 -1.901217
-1.180397 0.000000 -2.249058
-1.180397 0.000000 -2.249058
-1.684332 0.000000 -1.901217
-1.180397 0.000000 -2.249058
-1.180397 0.000000 -2.249058
-1.180397 0.000000 -2.249058
-0.607862 0.000000 -2.466192
-0.607862 0.000000 -2.466192
-1.180397 0.000000 -2.249058
-0.607862 0.000000 -2.466192
-0.607862 0.000000 -2.466192
-0.607862 0.000000 -2.466192
0.000000 0.000000 -2.540000
0.000000 0.000000 -2.540000
-0.607862 0.000000 -2.466192
0.000000 0.000000 -2.540000
2.540000 0.000000 0.000000
2.540000 0.000000 0.000000
2.466192 -0.607862 0.000000
2.466192 -0.607862 0.000000
2.540000 0.000000 0.000000
2.466192 -0.607862 0.000000
2.466192 -0.607862 0.000000
2.466192 -0.607862 0.000000
2.249058 -1.180397 0.000000
2.249058 -1.180397 0.000000
2.466192 -0.607862 0.000000
2.249058 -1.180397 0.000000
2.249058 -1.180397 0.000000
2.249058 -1.180397 0.000000
1.901217 -1.684332 0.000000
1.901217 -1.684332 0.000000
2.249058 -1.180397 0.000000
1.901217 -1.684332 0.000000
1.901217 -1.684332 0.000000
1.901217 -1.684332 0.000000
1.442884 -2.090379 0.000000
1.442884 -2.090379 0.000000
1.901217 -1.684332 0.000000
1.442884 -2.090379 0.000000
1.442884 -2.090379 0.000000
1.442884 -2.090379 0.000000
0.900696 -2.374941 0.000000
0.900696 -2.374941 0.000000
1.442884 -2.090379 0.000000
0.900696 -2.374941 0.000000
0.900696 -2.374941 0.000000
0.900696 -2.374941 0.000000
0.306163 -2.521481 0.000000
0.306163 -2.521481 0.000000
0.900696 -2.374941 0.000000
0.306163 -2.521481 0.000000
0.306163 -2.521481 0.000000
0.306163 -2.521481 0.000000
-0.306163 -2.521481 0.000000
-0.306163 -2.521481 0.000000
0.306163 -2.521481 0.000000
-0.306163 -2.521481 0.000000
-0.306163 -2.521481 0.000000
-0.306163 -2.521481 0.000000
-0.900696 -2.374941 0.000000
-0.900696 -2.374941 0.000000
-0.306163 -2.521481 0.000000
-0.900696 -2.374941 0.000000
-0.900696 -2.374941 0.000000
-0.900696 -2.374941 0.000000
-1.442884 -2.090379 0.000000
-1.442884 -2.090379 0.000000
-0.900696 -2.374941 0.000000
-1.442884 -2.090379 0.000000
-1.442884 -2.090379 0.000000
-1.442884 -2.090379 0.000000
-1.901217 -1.684332 0.000000
-1.901217 -1.684332 0.000000
-1.442884 -2.090379 0.000000
-1.901217 -1.684332 0.000000
-1.901217 -1.684332 0.000000
-1.901217 -1.684332 0.000000
-2.249058 -1.180397 0.000000
-2.249058 -1.180397 0.000000
-1.901217 -1.684332 0.000000
-2.249058 -1.180397 0.000000
-2.249058 -1.180397 0.000000
-2.249058 -1.180397 0.000000
-2.466192 -0.607862 0.000000
-2.466192 -0.607862 0.000000
-2.249058 -1.180397 0.000000
-2.466192 -0.607862 0.000000
-2.466192 -0.607862 0.000000
-2.466192 -0.607862 0.000000
-2.540000 0.000000 0.000000
-2.540000 0.000000 0.000000
-2.466192 -0.607862 0.000000
-2.540000 0.000000 0.000000
-0.000000 -0.000000 2.540000
-0.000000 -0.000000 2.540000
-0.000000 -0.000000 2.540000
-0.000000 -0.000000 2.540000
-0.000000 -0.000000 2.540000
-0.000000 -0.000000 2.540000
-0.000000 -0.000000 2.540000
-0.000000 -0.000000 2.540000
-0.000000 -0.000000 2.540000
-0.000000 -0.000000 2.540000
-0.000000 -0.000000 2.540000
-0.000000 -0.000000 2.540000
-0.000000 -0.000000 2.540000
-0.000000 -0.000000 2.540000
-0.000000 -0.000000 2.540000
-0.000000 -0.000000 2.540000
-0.000000 -0.000000 2.540000
-0.000000 -0.000000 2.540000
-0.000000 -0.000000 2.540000
-0.000000 -0.000000 2.540000
-0.000000 -0.000000 2.540000
-0.000000 -0.000000 2.540000
-0.000000 -0.000000 2.540000
-0.000000 -0.000000 2.540000
-0.000000 -0.000000 2.540000
-0.000000 -0.000000 2.540000
-0.000000 -0.000000 2.540000
-0.000000 -0.000000 2.540000
-0.000000 -0.000000 2.540000
-0.000000 -0.000000 2.540000
-0.000000 -0.000000 2.540000
-0.000000 -0.000000 2.540000
-0.000000 -0.000000 2.540000
-0.000000 -0.000000 2.540000
-0.000000 -0.000000 2.540000
-0.000000 -0.000000 2.540000
-0.000000 -0.000000 2.540000
-0.000000 -0.000000 2.540000
-0.000000 -0.000000 2.540000
-0.000000 -0.000000 2.540000
-0.000000 -0.000000 2.540000
-0.000000 -0.000000 2.540000
-0.000000 -0.000000 2.540000
-0.000000 -0.000000 2.540000
-0.000000 -0.000000 2.540000
-0.000000 -0.000000 2.540000
-0.000000 -0.000000 2.540000
-0.000000 -0.000000 2.540000
-0.000000 -0.000000 2.540000
-0.000000 -0.000000 2.540000
-0.000000 -0.000000 2.540000
-0.000000 -0.000000 2.540000
-0.000000 -0.000000 2.540000
-0.000000 -0.000000 2.540000
-0.000000 -0.000000 2.540000
-0.000000 -0.000000 2.540000
-0.000000 -0.000000 2.540000
-0.000000 -0.000000 2.540000
-0.000000 -0.000000 2.540000
-0.000000 -0.000000 2.540000
-0.000000 -0.000000 2.540000
-0.000000 -0.000000 2.540000
-0.000000 -0.000000 2.540000
-0.000000 -0.000000 2.540000
-0.000000 -0.000000 2.540000
-0.000000 -0.000000 2.540000
-0.000000 -0.000000 2.540000
-0.000000 -0.000000 2.540000
-0.000000 -0.000000 2.540000
-0.000000 -0.000000 2.540000
-0.000000 -0.000000 2.540000
-0.000000 -0.000000 2.540000
-0.000000 -0.000000 2.540000
-0.000000 -0.000000 2.540000
-0.000000 -0.000000 2.540000
-0.000000 -0.000000 2.540000
-0.000000 -0.000000 2.540000
-0.000000 -0.000000 2.540000
-0.000000 -0.000000 2.540000
-0.000000 -0.000000 2.540000
-0.000000 -0.000000 2.540000
-0.000000 -0.000000 2.540000
-0.000000 -0.000000 2.540000
-0.000000 -0.000000 2.540000
-0.000000 -0.000000 2.540000
-0.000000 -0.000000 2.540000
-0.000000 -0.000000 2.540000
-0.000000 -0.000000 2.540000
-0.000000 -0.000000 2.540000
-0.000000 -0.000000 2.540000
-0.000000 -0.000000 2.540000
-0.000000 -0.000000 2.540000
-0.000000 -0.000000 2.540000
-0.000000 -0.000000 2.540000
-0.000000 -0.000000 2.540000
-0.000000 -0.000000 2.540000
-0.000000 -0.000000 2.540000
-0.000000 -0.000000 2.540000
-0.000000 -0.000000 2.540000
-0.000000 -0.000000 2.540000
-0.000000 -0.000000 2.540000
-0.000000 -0.000000 2.540000
-0.000000 -0.000000 2.540000
-0.000000 -0.000000 2.540000
-0.000000 -0.000000 2.540000
-0.000000 -0.000000 2.540000
-0.000000 -0.000000 2.540000
-0.000000 -0.000000 2.540000
-0.000000 -0.000000 2.540000
-0.000000 -0.000000 2.540000
-0.000000 -0.000000 2.540000
-2.540000 -0.000000 0.000000
-2.540000 -0.000000 0.000000
-2.540000 -0.000000 0.000000
-2.540000 -0.000000 0.000000
-2.540000 -0.000000 0.000000
-2.540000 -0.000000 0.000000
-2.540000 -0.000000 0.000000
-2.540000 -0.000000 0.000000
-2.476317 -0.565203 0.000000
-2.476317 -0.565203 0.000000
-2.540000 -0.000000 0.000000
-2.476317 -0.565203 0.000000
-2.476317 -0.565203 0.000000
-2.476317 -0.565203 0.000000
-2.288461 -1.102065 0.000000
-2.288461 -1.102065 0.000000
-2.476317 -0.565203 0.000000
-2.288461 -1.102065 0.000000
-2.288461 -1.102065 0.000000
-2.288461 -1.102065 0.000000
-1.985852 -1.583664 0.000000
-1.985852 -1.583664 0.000000
-2.288461 -1.102065 0.000000
-1.985852 -1.583664 0.000000
-1.985852 -1.583664 0.000000
-1.985852 -1.583664 0.000000
-1.583664 -1.985852 0.000000
-1.583664 -1.985852 0.000000
-1.985852 -1.583664 0.000000
-1.583664 -1.985852 0.000000
-1.583664 -1.985852 0.000000
-1.583664 -1.985852 0.000000
-1.102065 -2.288461 0.000000
-1.102065 -2.288461 0.000000
-1.583664 -1.985852 0.000000
-1.102065 -2.288461 0.000000
-1.102065 -2.288461 0.000000
-1.102065 -2.288461 0.000000
-0.565203 -2.476317 0.000000
-0.565203 -2.476317 0.000000
-1.102065 -2.288461 0.000000
-0.565203 -2.476317 0.000000
-0.565203 -2.476317 0.000000
-0.565203 -2.476317 0.000000
0.000000 -2.540000 0.000000
0.000000 -2.540000 0.000000
-0.565203 -2.476317 0.000000
0.000000 -2.540000 0.000000
0.000000 0.000000 -2.540000
0.000000 0.000000 -2.540000
0.000000 0.000000 -2.540000
0.000000 0.000000 -2.540000
0.000000 0.000000 -2.540000
0.000000 0.000000 -2.540000
0.000000 0.000000 -2.540000
0.000000 0.000000 -2.540000
0.000000 0.000000 -2.540000
0.000000 0.000000 -2.540000
0.000000 0.000000 -2.540000
0.000000 0.000000 -2.540000
0.000000 0.000000 -2.540000
0.000000 0.000000 -2.540000
0.000000 0.000000 -2.540000
0.000000 0.000000 -2.540000
0.000000 0.000000 -2.540000
0.000000 0.000000 -2.540000
0.000000 0.000000 -2.540000
0.000000 0.000000 -2.540000
0.000000 0.000000 -2.540000
0.000000 0.000000 -2.540000
0.000000 0.000000 -2.540000
0.000000 0.000000 -2.540000
0.000000 0.000000 -2.540000
0.000000 0.000000 -2.540000
0.000000 0.000000 -2.540000
0.000000 0.000000 -2.540000
0.000000 0.000000 -2.540000
0.000000 0.000000 -2.540000
0.000000 0.000000 -2.540000
0.000000 0.000000 -2.540000
0.000000 0.000000 -2.540000
0.000000 0.000000 -2.540000
0.000000 0.000000 -2.540000
0.000000 0.000000 -2.540000
0.000000 0.000000 -2.540000
0.000000 0.000000 -2.540000
0.000000 0.000000 -2.540000
0.000000 0.000000 -2.540000
0.000000 0.000000 -2.540000
0.000000 0.000000 -2.540000
0.000000 0.000000 -2.540000
0.000000 0.000000 -2.540000
0.000000 0.000000 -2.540000
0.000000 0.000000 -2.540000
0.000000 0.000000 -2.540000
0.000000 0.000000 -2.540000
0.000000 0.000000 -2.540000
0.000000 0.000000 -2.540000
0.000000 0.000000 -2.540000
0.000000 0.000000 -2.540000
0.000000 0.000000 -2.540000
0.000000 0.000000 -2.540000
0.000000 0.000000 -2.540000
0.000000 0.000000 -2.540000
0.000000 0.000000 -2.540000
0.000000 0.000000 -2.540000
0.000000 0.000000 -2.540000
0.000000 0.000000 -2.540000
0.000000 0.000000 -2.540000
0.000000 0.000000 -2.540000
0.000000 0.000000 -2.540000
0.000000 0.000000 -2.540000
0.000000 0.000000 -2.540000
0.000000 0.000000 -2.540000
0.000000 0.000000 -2.540000
0.000000 0.000000 -2.540000
0.000000 0.000000 -2.540000
0.000000 0.000000 -2.540000
0.000000 0.000000 -2.540000
0.000000 0.000000 -2.540000
0.000000 0.000000 -2.540000
0.000000 0.000000 -2.540000
0.000000 0.000000 -2.540000
0.000000 0.000000 -2.540000
0.000000 0.000000 -2.540000
0.000000 0.000000 -2.540000
0.000000 0.000000 -2.540000
0.000000 0.000000 -2.540000
0.000000 0.000000 -2.540000
0.000000 0.000000 -2.540000
0.000000 0.000000 -2.540000
0.000000 0.000000 -2.540000
0.000000 0.000000 -2.540000
0.000000 0.000000 -2.540000
0.000000 0.000000 -2.540000
0.000000 0.000000 -2.540000
0.000000 0.000000 -2.540000
0.000000 0.000000 -2.540000
0.000000 0.000000 -2.540000
0.000000 0.000000 -2.540000
0.000000 0.000000 -2.540000
0.000000 0.000000 -2.540000
0.000000 0.000000 -2.540000
0.000000 0.000000 -2.540000
0.000000 0.000000 -2.540000
0.000000 0.000000 -2.540000
0.000000 0.000000 -2.540000
0.000000 0.000000 -2.540000
0.000000 0.000000 -2.540000
0.000000 0.000000 -2.540000
0.000000 0.000000 -2.540000
0.000000 0.000000 -2.540000
0.000000 0.000000 -2.540000
0.000000 0.000000 -2.540000
0.000000 0.000000 -2.540000
0.000000 0.000000 -2.540000
0.000000 0.000000 -2.540000
0.000000 0.000000 -2.540000
0.000000 0.000000 -2.540000
0.000000 0.000000 -2.540000
0.000000 0.000000 -2.540000
0.000000 0.000000 -2.540000
0.000000 0.000000 -2.540000
0.000000 0.000000 -2.540000
0.000000 0.000000 -2.540000
0.000000 0.000000 -2.540000
0.000000 0.000000 -2.540000
0.000000 0.000000 -2.540000
0.000000 0.000000 -2.540000
0.000000 0.000000 -2.540000
0.000000 0.000000 -2.540000
0.000000 0.000000 -2.540000
0.000000 0.000000 -2.540000
0.000000 0.000000 -2.540000
0.000000 0.000000 -2.540000
0.000000 0.000000 -2.540000
0.000000 0.000000 -2.540000
0.000000 0.000000 -2.540000
0.000000 0.000000 -2.540000
0.000000 0.000000 -2.540000
0.000000 0.000000 -2.540000
0.000000 0.000000 -2.540000
0.000000 0.000000 -2.540000
0.000000 0.000000 -2.540000
0.000000 0.000000 -2.540000
0.000000 0.000000 -2.540000
0.000000 0.000000 -2.540000
0.000000 0.000000 -2.540000
0.000000 0.000000 -2.540000
0.000000 0.000000 -2.540000
0.000000 0.000000 -2.540000
0.000000 0.000000 -2.540000
0.000000 0.000000 -2.540000
0.000000 0.000000 -2.540000
0.000000 0.000000 -2.540000
0.000000 0.000000 -2.540000
0.000000 0.000000 -2.540000
0.000000 0.000000 -2.540000
0.000000 0.000000 -2.540000
0.000000 0.000000 -2.540000
0.000000 0.000000 -2.540000
0.000000 0.000000 -2.540000
0.000000 0.000000 -2.540000
0.000000 0.000000 -2.540000
-2.540000 0.000000 0.000000
-2.540000 0.000000 0.000000
-2.466192 -0.607862 0.000000
-2.466192 -0.607862 0.000000
-2.540000 0.000000 0.000000
-2.466192 -0.607862 0.000000
-2.466192 -0.607862 0.000000
-2.466192 -0.607862 0.000000
-2.249058 -1.180397 0.000000
-2.249058 -1.180397 0.000000
-2.466192 -0.607862 0.000000
-2.249058 -1.180397 0.000000
-2.249058 -1.180397 0.000000
-2.249058 -1.180397 0.000000
-1.901217 -1.684332 0.000000
-1.901217 -1.684332 0.000000
-2.249058 -1.180397 0.000000
-1.901217 -1.684332 0.000000
-1.901217 -1.684332 0.000000
-1.901217 -1.684332 0.000000
-1.442884 -2.090379 0.000000
-1.442884 -2.090379 0.000000
-1.901217 -1.684332 0.000000
-1.442884 -2.090379 0.000000
-1.442884 -2.090379 0.000000
-1.442884 -2.090379 0.000000
-0.900696 -2.374941 0.000000
-0.900696 -2.374941 0.000000
-1.442884 -2.090379 0.000000
-0.900696 -2.374941 0.000000
-0.900696 -2.374941 0.000000
-0.900696 -2.374941 0.000000
-0.306163 -2.521481 0.000000
-0.306163 -2.521481 0.000000
-0.900696 -2.374941 0.000000
-0.306163 -2.521481 0.000000
-0.306163 -2.521481 0.000000
-0.306163 -2.521481 0.000000
0.306163 -2.521481 0.000000
0.306163 -2.521481 0.000000
-0.306163 -2.521481 0.000000
0.306163 -2.521481 0.000000
0.306163 -2.521481 0.000000
0.306163 -2.521481 0.000000
0.900696 -2.374941 0.000000
0.900696 -2.374941 0.000000
0.306163 -2.521481 0.000000
0.900696 -2.374941 0.000000
0.900696 -2.374941 0.000000
0.900696 -2.374941 0.000000
1.442884 -2.090379 0.000000
1.442884 -2.090379 0.000000
0.900696 -2.374941 0.000000
1.442884 -2.090379 0.000000
1.442884 -2.090379 0.000000
1.442884 -2.090379 0.000000
1.901217 -1.684332 0.000000
1.901217 -1.684332 0.000000
1.442884 -2.090379 0.000000
1.901217 -1.684332 0.000000
1.901217 -1.684332 0.000000
1.901217 -1.684332 0.000000
2.249058 -1.180397 0.000000
2.249058 -1.180397 0.000000
1.901217 -1.684332 0.000000
2.249058 -1.180397 0.000000
2.249058 -1.180397 0.000000
2.249058 -1.180397 0.000000
2.466192 -0.607862 0.000000
2.466192 -0.607862 0.000000
2.249058 -1.180397 0.000000
2.466192 -0.607862 0.000000
2.466192 -0.607862 0.000000
2.466192 -0.607862 0.000000
2.540000 0.000000 0.000000
2.540000 0.000000 0.000000
2.466192 -0.607862 0.000000
2.540000 0.000000 0.000000
0.000000 0.000000 -2.540000
0.000000 0.000000 -2.540000
0.000000 0.000000 -2.540000
0.000000 0.000000 -2.540000
0.000000 0.000000 -2.540000
0.000000 0.000000 -2.540000
0.000000 0.000000 -2.540000
0.000000 0.000000 -2.540000
0.000000 0.000000 -2.540000
0.000000 0.000000 -2.540000
0.000000 0.000000 -2.540000
0.000000 0.000000 -2.540000
0.000000 0.000000 -2.540000
0.000000 0.000000 -2.540000
0.000000 0.000000 -2.540000
0.000000 0.000000 -2.540000
0.000000 0.000000 -2.540000
0.000000 0.000000 -2.540000
0.000000 0.000000 -2.540000
0.000000 0.000000 -2.540000
0.000000 0.000000 -2.540000
0.000000 0.000000 -2.540000
0.000000 0.000000 -2.540000
0.000000 0.000000 -2.540000
0.000000 0.000000 -2.540000
0.000000 0.000000 -2.540000
0.000000 0.000000 -2.540000
0.000000 0.000000 -2.540000
0.000000 0.000000 -2.540000
0.000000 0.000000 -2.540000
0.000000 0.000000 -2.540000
0.000000 0.000000 -2.540000
0.000000 0.000000 -2.540000
0.000000 0.000000 -2.540000
0.000000 0.000000 -2.540000
0.000000 0.000000 -2.540000
0.000000 0.000000 -2.540000
0.000000 0.000000 -2.540000
0.000000 0.000000 -2.540000
0.000000 0.000000 -2.540000
0.000000 0.000000 -2.540000
0.000000 0.000000 -2.540000
0.000000 0.000000 -2.540000
0.000000 0.000000 -2.540000
0.000000 0.000000 -2.540000
0.000000 0.000000 -2.540000
0.000000 0.000000 -2.540000
0.000000 0.000000 -2.540000
0.000000 0.000000 -2.540000
0.000000 0.000000 -2.540000
0.000000 0.000000 -2.540000
0.000000 0.000000 -2.540000
0.000000 0.000000 -2.540000
0.000000 0.000000 -2.540000
0.000000 0.000000 -2.540000
0.000000 0.000000 -2.540000
0.000000 0.000000 -2.540000
0.000000 0.000000 -2.540000
0.000000 0.000000 -2.540000
0.000000 0.000000 -2.540000
0.000000 0.000000 -2.540000
0.000000 0.000000 -2.540000
0.000000 0.000000 -2.540000
0.000000 0.000000 -2.540000
0.000000 0.000000 -2.540000
0.000000 0.000000 -2.540000
0.000000 0.000000 -2.540000
0.000000 0.000000 -2.540000
0.000000 0.000000 -2.540000
0.000000 0.000000 -2.540000
0.000000 0.000000 -2.540000
0.000000 0.000000 -2.540000
0.000000 0.000000 -2.540000
0.000000 0.000000 -2.540000
0.000000 0.000000 -2.540000
0.000000 0.000000 -2.540000
0.000000 0.000000 -2.540000
0.000000 0.000000 -2.540000
0.000000 0.000000 -2.540000
0.000000 0.000000 -2.540000
0.000000 0.000000 -2.540000
0.000000 0.000000 -2.540000
0.000000 0.000000 -2.540000
0.000000 0.000000 -2.540000
0.000000 0.000000 -2.540000
0.000000 0.000000 -2.540000
0.000000 0.000000 -2.540000
0.000000 0.000000 -2.540000
0.000000 0.000000 -2.540000
0.000000 0.000000 -2.540000
0.000000 0.000000 -2.540000
0.000000 0.000000 -2.540000
0.000000 0.000000 -2.540000
0.000000 0.000000 -2.540000
0.000000 0.000000 -2.540000
0.000000 0.000000 -2.540000
0.000000 0.000000 -2.540000
0.000000 0.000000 -2.540000
0.000000 0.000000 -2.540000
0.000000 0.000000 -2.540000
0.000000 0.000000 -2.540000
0.000000 0.000000 -2.540000
0.000000 0.000000 -2.540000
0.000000 0.000000 -2.540000
0.000000 0.000000 -2.540000
0.000000 0.000000 -2.540000
0.000000 0.000000 -2.540000
0.000000 0.000000 -2.540000
0.000000 0.000000 -2.540000
0.000000 0.000000 -2.540000
0.000000 0.000000 -2.540000
0.000000 0.000000 -2.540000
0.000000 0.000000 -2.540000
0.000000 0.000000 -2.540000
0.000000 0.000000 -2.540000
0.000000 0.000000 -2.540000
0.000000 0.000000 -2.540000
0.000000 0.000000 -2.540000
0.000000 0.000000 -2.540000
0.000000 0.000000 -2.540000
0.000000 0.000000 -2.540000
0.000000 0.000000 -2.540000
0.000000 0.000000 -2.540000
0.000000 0.000000 -2.540000
0.000000 0.000000 -2.540000
0.000000 0.000000 -2.540000
0.000000 0.000000 -2.540000
0.000000 0.000000 -2.540000
0.000000 0.000000 -2.540000
0.000000 0.000000 -2.540000
0.000000 0.000000 -2.540000
0.000000 0.000000 -2.540000
0.000000 0.000000 -2.540000
0.000000 0.000000 -2.540000
0.000000 0.000000 -2.540000
0.000000 0.000000 -2.540000
0.000000 0.000000 -2.540000
0.000000 0.000000 -2.540000
0.000000 0.000000 -2.540000
0.000000 0.000000 -2.540000
0.000000 0.000000 -2.540000
0.000000 0.000000 -2.540000
0.000000 0.000000 -2.540000
0.000000 0.000000 -2.540000
0.000000 0.000000 -2.540000
0.000000 0.000000 -2.540000
0.000000 0.000000 -2.540000
0.000000 0.000000 -2.540000
0.000000 0.000000 -2.540000
0.000000 0.000000 -2.540000
0.000000 0.000000 -2.540000
0.000000 0.000000 -2.540000
0.000000 0.000000 -2.540000
0.000000 0.000000 -2.540000
0.000000 0.000000 -2.540000
0.000000 0.000000 -2.540000
-2.540000 0.000000 0.000000
-2.540000 0.000000 0.000000
-2.466192 -0.607862 0.000000
-2.466192 -0.607862 0.000000
-2.540000 0.000000 0.000000
-2.466192 -0.607862 0.000000
-2.466192 -0.607862 0.000000
-2.466192 -0.607862 0.000000
-2.249058 -1.180397 0.000000
-2.249058 -1.180397 0.000000
-2.466192 -0.607862 0.000000
-2.249058 -1.180397 0.000000
-2.249058 -1.180397 0.000000
-2.249058 -1.180397 0.000000
-1.901217 -1.684332 0.000000
-1.901217 -1.684332 0.000000
-2.249058 -1.180397 0.000000
-1.901217 -1.684332 0.000000
-1.901217 -1.684332 0.000000
-1.901217 -1.684332 0.000000
-1.442884 -2.090379 0.000000
-1.442884 -2.090379 0.000000
-1.901217 -1.684332 0.000000
-1.442884 -2.090379 0.000000
-1.442884 -2.090379 0.000000
-1.442884 -2.090379 0.000000
-0.900696 -2.374941 0.000000
-0.900696 -2.374941 0.000000
-1.442884 -2.090379 0.000000
-0.900696 -2.374941 0.000000
-0.900696 -2.374941 0.000000
-0.900696 -2.374941 0.000000
-0.306163 -2.521481 0.000000
-0.306163 -2.521481 0.000000
-0.900696 -2.374941 0.000000
-0.306163 -2.521481 0.000000
-0.306163 -2.521481 0.000000
-0.306163 -2.521481 0.000000
0.306163 -2.521481 0.000000
0.306163 -2.521481 0.000000
-0.306163 -2.521481 0.000000
0.306163 -2.521481 0.000000
0.306163 -2.521481 0.000000
0.306163 -2.521481 0.000000
0.900696 -2.374941 0.000000
0.900696 -2.374941 0.000000
0.306163 -2.521481 0.000000
0.900696 -2.374941 0.000000
0.900696 -2.374941 0.000000
0.900696 -2.374941 0.000000
1.442884 -2.090379 0.000000
1.442884 -2.090379 0.000000
0.900696 -2.374941 0.000000
1.442884 -2.090379 0.000000
1.442884 -2.090379 0.000000
1.442884 -2.090379 0.000000
1.901217 -1.684332 0.000000
1.901217 -1.684332 0.000000
1.442884 -2.090379 0.000000
1.901217 -1.684332 0.000000
1.901217 -1.684332 0.000000
1.901217 -1.684332 0.000000
2.249058 -1.180397 0.000000
2.249058 -1.180397 0.000000
1.901217 -1.684332 0.000000
2.249058 -1.180397 0.000000
2.249058 -1.180397 0.000000
2.249058 -1.180397 0.000000
2.466192 -0.607862 0.000000
2.466192 -0.607862 0.000000
2.249058 -1.180397 0.000000
2.466192 -0.607862 0.000000
2.466192 -0.607862 0.000000
2.466192 -0.607862 0.000000
2.540000 0.000000 0.000000
2.540000 0.000000 0.000000
2.466192 -0.607862 0.000000
2.540000 0.000000 0.000000
0.000000 0.000000 -2.540000
0.000000 0.000000 -2.540000
0.000000 0.000000 -2.540000
0.000000 0.000000 -2.540000
0.000000 0.000000 -2.540000
0.000000 0.000000 -2.540000
0.000000 0.000000 -2.540000
0.000000 0.000000 -2.540000
0.000000 0.000000 -2.540000
0.000000 0.000000 -2.540000
0.000000 0.000000 -2.540000
0.000000 0.000000 -2.540000
0.000000 0.000000 -2.540000
0.000000 0.000000 -2.540000
0.000000 0.000000 -2.540000
0.000000 0.000000 -2.540000
0.000000 0.000000 -2.540000
0.000000 0.000000 -2.540000
0.000000 0.000000 -2.540000
0.000000 0.000000 -2.540000
0.000000 0.000000 -2.540000
0.000000 0.000000 -2.540000
0.000000 0.000000 -2.540000
0.000000 0.000000 -2.540000
0.000000 0.000000 -2.540000
0.000000 0.000000 -2.540000
0.000000 0.000000 -2.540000
0.000000 0.000000 -2.540000
0.000000 0.000000 -2.540000
0.000000 0.000000 -2.540000
0.000000 0.000000 -2.540000
0.000000 0.000000 -2.540000
0.000000 0.000000 -2.540000
0.000000 0.000000 -2.540000
0.000000 0.000000 -2.540000
0.000000 0.000000 -2.540000
0.000000 0.000000 -2.540000
0.000000 0.000000 -2.540000
0.000000 0.000000 -2.540000
0.000000 0.000000 -2.540000
0.000000 0.000000 -2.540000
0.000000 0.000000 -2.540000
0.000000 0.000000 -2.540000
0.000000 0.000000 -2.540000
0.000000 0.000000 -2.540000
0.000000 0.000000 -2.540000
0.000000 0.000000 -2.540000
0.000000 0.000000 -2.540000
0.000000 0.000000 -2.540000
0.000000 0.000000 -2.540000
0.000000 0.000000 -2.540000
0.000000 0.000000 -2.540000
0.000000 0.000000 -2.540000
0.000000 0.000000 -2.540000
0.000000 0.000000 -2.540000
0.000000 0.000000 -2.540000
0.000000 0.000000 -2.540000
0.000000 0.000000 -2.540000
0.000000 0.000000 -2.540000
0.000000 0.000000 -2.540000
0.000000 0.000000 -2.540000
0.000000 0.000000 -2.540000
0.000000 0.000000 -2.540000
0.000000 0.000000 -2.540000
0.000000 0.000000 -2.540000
0.000000 0.000000 -2.540000
0.000000 0.000000 -2.540000
0.000000 0.000000 -2.540000
0.000000 0.000000 -2.540000
0.000000 0.000000 -2.540000
0.000000 0.000000 -2.540000
0.000000 0.000000 -2.540000
-2.540000 0.000000 0.000000
-2.540000 0.000000 0.000000
-2.466192 -0.607862 0.000000
-2.466192 -0.607862 0.000000
-2.540000 0.000000 0.000000
-2.466192 -0.607862 0.000000
-2.466192 -0.607862 0.000000
-2.466192 -0.607862 0.000000
-2.249058 -1.180397 0.000000
-2.249058 -1.180397 0.000000
-2.466192 -0.607862 0.000000
-2.249058 -1.180397 0.000000
-2.249058 -1.180397 0.000000
-2.249058 -1.180397 0.000000
-1.901217 -1.684332 0.000000
-1.901217 -1.684332 0.000000
-2.249058 -1.180397 0.000000
-1.901217 -1.684332 0.000000
-1.901217 -1.684332 0.000000
-1.901217 -1.684332 0.000000
-1.442884 -2.090379 0.000000
-1.442884 -2.090379 0.000000
-1.901217 -1.684332 0.000000
-1.442884 -2.090379 0.000000
-1.442884 -2.090379 0.000000
-1.442884 -2.090379 0.000000
-0.900696 -2.374941 0.000000
-0.900696 -2.374941 0.000000
-1.442884 -2.090379 0.000000
-0.900696 -2.374941 0.000000
-0.900696 -2.374941 0.000000
-0.900696 -2.374941 0.000000
-0.306163 -2.521481 0.000000
-0.306163 -2.521481 0.000000
-0.900696 -2.374941 0.000000
-0.306163 -2.521481 0.000000
-0.306163 -2.521481 0.000000
-0.306163 -2.521481 0.000000
0.306163 -2.521481 0.000000
0.306163 -2.521481 0.000000
-0.306163 -2.521481 0.000000
0.306163 -2.521481 0.000000
0.306163 -2.521481 0.000000
0.306163 -2.521481 0.000000
0.900696 -2.374941 0.000000
0.900696 -2.374941 0.000000
0.306163 -2.521481 0.000000
0.900696 -2.374941 0.000000
0.900696 -2.374941 0.000000
0.900696 -2.374941 0.000000
1.442884 -2.090379 0.000000
1.442884 -2.090379 0.000000
0.900696 -2.374941 0.000000
1.442884 -2.090379 0.000000
1.442884 -2.090379 0.000000
1.442884 -2.090379 0.000000
1.901217 -1.684332 0.000000
1.901217 -1.684332 0.000000
1.442884 -2.090379 0.000000
1.901217 -1.684332 0.000000
1.901217 -1.684332 0.000000
1.901217 -1.684332 0.000000
2.249058 -1.180397 0.000000
2.249058 -1.180397 0.000000
1.901217 -1.684332 0.000000
2.249058 -1.180397 0.000000
2.249058 -1.180397 0.000000
2.249058 -1.180397 0.000000
2.466192 -0.607862 0.000000
2.466192 -0.607862 0.000000
2.249058 -1.180397 0.000000
2.466192 -0.607862 0.000000
2.466192 -0.607862 0.000000
2.466192 -0.607862 0.000000
2.540000 0.000000 0.000000
2.540000 0.000000 0.000000
2.466192 -0.607862 0.000000
2.540000 0.000000 0.000000
0.000000 2.540000 0.000000
0.000000 2.540000 0.000000
0.000000 2.540000 0.000000
0.000000 2.540000 0.000000
0.000000 2.540000 0.000000
0.000000 2.540000 0.000000
0.000000 2.540000 0.000000
0.000000 2.540000 0.000000
0.000000 2.540000 0.000000
0.000000 2.540000 0.000000
0.000000 2.540000 0.000000
0.000000 2.540000 0.000000
0.000000 2.540000 0.000000
0.000000 2.540000 0.000000
0.000000 2.540000 0.000000
0.000000 2.540000 0.000000
0.000000 2.540000 0.000000
0.000000 2.540000 0.000000
0.000000 2.540000 0.000000
0.000000 2.540000 0.000000
0.000000 2.540000 0.000000
0.000000 2.540000 0.000000
0.000000 2.540000 0.000000
0.000000 2.540000 0.000000
0.000000 2.540000 0.000000
0.000000 2.540000 0.000000
0.000000 2.540000 0.000000
0.000000 2.540000 0.000000
0.000000 2.540000 0.000000
0.000000 2.540000 0.000000
0.000000 2.540000 0.000000
0.000000 2.540000 0.000000
0.000000 2.540000 0.000000
0.000000 2.540000 0.000000
0.000000 2.540000 0.000000
0.000000 2.540000 0.000000
0.000000 2.540000 0.000000
0.000000 2.540000 0.000000
0.000000 2.540000 0.000000
0.000000 2.540000 0.000000
0.000000 2.540000 0.000000
0.000000 2.540000 0.000000
0.000000 2.540000 0.000000
0.000000 2.540000 0.000000
0.000000 2.540000 0.000000
-2.540000 0.000000 0.000000
-2.540000 0.000000 -0.000000
-2.540000 0.000000 0.000000
-2.540000 0.000000 0.000000
-2.540000 0.000000 -0.000000
-2.540000 0.000000 -0.000000
0.000000 -2.540000 0.000000
0.000000 -2.540000 0.000000
0.000000 -2.540000 0.000000
0.000000 -2.540000 0.000000
0.000000 -2.540000 0.000000
0.000000 -2.540000 0.000000
0.000000 -2.540000 0.000000
0.000000 -2.540000 0.000000
0.000000 -2.540000 0.000000
0.000000 -2.540000 0.000000
0.000000 -2.540000 0.000000
0.000000 -2.540000 0.000000
0.000000 -2.540000 0.000000
0.000000 -2.540000 0.000000
0.000000 -2.540000 0.000000
0.000000 -2.540000 0.000000
0.000000 -2.540000 0.000000
0.000000 -2.540000 0.000000
0.000000 -2.540000 0.000000
0.000000 -2.540000 0.000000
0.000000 -2.540000 0.000000
0.000000 -2.540000 0.000000
0.000000 -2.540000 0.000000
0.000000 -2.540000 0.000000
0.000000 -2.540000 0.000000
0.000000 -2.540000 0.000000
0.000000 -2.540000 0.000000
0.000000 -2.540000 0.000000
0.000000 -2.540000 0.000000
0.000000 -2.540000 0.000000
0.000000 -2.540000 0.000000
0.000000 -2.540000 0.000000
0.000000 -2.540000 0.000000
0.000000 -2.540000 0.000000
0.000000 -2.540000 0.000000
0.000000 -2.540000 0.000000
0.000000 -2.540000 0.000000
0.000000 -2.540000 0.000000
0.000000 -2.540000 0.000000
0.000000 -2.540000 0.000000
0.000000 -2.540000 0.000000
0.000000 -2.540000 0.000000
0.000000 -2.540000 0.000000
0.000000 -2.540000 0.000000
0.000000 -2.540000 0.000000
0.000000 -2.540000 0.000000
0.000000 -2.540000 0.000000
0.000000 -2.540000 0.000000
0.000000 -2.540000 0.000000
0.000000 -2.540000 0.000000
0.000000 -2.540000 0.000000
0.000000 -2.540000 0.000000
0.000000 -2.540000 0.000000
0.000000 -2.540000 0.000000
0.000000 -2.540000 0.000000
0.000000 -2.540000 0.000000
0.000000 -2.540000 0.000000
0.000000 -2.540000 0.000000
0.000000 -2.540000 0.000000
0.000000 -2.540000 0.000000
2.540000 0.000000 -0.000000
2.540000 0.000000 0.000000
2.540000 0.000000 -0.000000
2.540000 0.000000 -0.000000
2.540000 0.000000 0.000000
2.540000 0.000000 0.000000
2.540000 0.000000 0.000000
2.540000 0.000000 0.000000
2.540000 0.000000 0.000000
2.540000 0.000000 0.000000
2.540000 0.000000 0.000000
2.540000 0.000000 0.000000
2.540000 0.000000 0.000000
2.540000 0.000000 0.000000
2.540000 0.000000 0.000000
2.540000 0.000000 0.000000
2.540000 0.000000 0.000000
2.540000 0.000000 0.000000
2.540000 0.000000 0.000000
2.540000 0.000000 0.000000
2.540000 0.000000 0.000000
2.540000 0.000000 0.000000
2.540000 0.000000 0.000000
2.540000 0.000000 0.000000
0.000000 2.540000 0.000000
0.000000 2.540000 0.000000
0.000000 2.540000 0.000000
0.000000 2.540000 0.000000
0.000000 2.540000 0.000000
0.000000 2.540000 0.000000
0.000000 2.540000 0.000000
0.000000 2.540000 0.000000
0.000000 2.540000 0.000000
0.000000 2.540000 0.000000
0.000000 2.540000 0.000000
0.000000 2.540000 0.000000
0.000000 2.540000 0.000000
0.000000 2.540000 0.000000
0.000000 2.540000 0.000000
0.000000 2.540000 0.000000
0.000000 2.540000 0.000000
0.000000 2.540000 0.000000
0.000000 2.540000 0.000000
0.000000 2.540000 0.000000
0.000000 2.540000 0.000000
0.000000 2.540000 0.000000
0.000000 2.540000 0.000000
0.000000 2.540000 0.000000
0.000000 2.540000 0.000000
0.000000 2.540000 0.000000
0.000000 2.540000 0.000000
0.000000 2.540000 0.000000
0.000000 2.540000 0.000000
0.000000 2.540000 0.000000
0.000000 2.540000 0.000000
0.000000 2.540000 0.000000
0.000000 2.540000 0.000000
0.000000 2.540000 0.000000
0.000000 2.540000 0.000000
0.000000 2.540000 0.000000
0.000000 2.540000 0.000000
0.000000 2.540000 0.000000
0.000000 2.540000 0.000000
0.000000 2.540000 0.000000
0.000000 2.540000 0.000000
0.000000 2.540000 0.000000
0.000000 2.540000 0.000000
0.000000 2.540000 0.000000
0.000000 2.540000 0.000000
0.000000 2.540000 0.000000
0.000000 2.540000 0.000000
0.000000 2.540000 0.000000
0.000000 2.540000 0.000000
0.000000 2.540000 0.000000
0.000000 2.540000 0.000000
0.000000 2.540000 0.000000
0.000000 2.540000 0.000000
0.000000 2.540000 0.000000
0.000000 2.540000 0.000000
0.000000 2.540000 0.000000
0.000000 2.540000 0.000000
0.000000 2.540000 0.000000
0.000000 2.540000 0.000000
0.000000 2.540000 0.000000
0.000000 2.540000 0.000000
0.000000 2.540000 0.000000
0.000000 2.540000 0.000000
0.000000 2.540000 0.000000
0.000000 2.540000 0.000000
0.000000 2.540000 0.000000
0.000000 2.540000 0.000000
0.000000 2.540000 0.000000
0.000000 2.540000 0.000000
0.000000 2.540000 0.000000
0.000000 2.540000 0.000000
0.000000 2.540000 0.000000
0.000000 2.540000 0.000000
0.000000 2.540000 0.000000
0.000000 2.540000 0.000000
0.000000 2.540000 0.000000
0.000000 2.540000 0.000000
0.000000 2.540000 0.000000
0.000000 2.540000 0.000000
0.000000 2.540000 0.000000
0.000000 2.540000 0.000000
0.000000 2.540000 0.000000
0.000000 2.540000 0.000000
0.000000 2.540000 0.000000
0.000000 2.540000 0.000000
0.000000 2.540000 0.000000
0.000000 2.540000 0.000000
0.000000 2.540000 0.000000
0.000000 2.540000 0.000000
0.000000 2.540000 0.000000
0.000000 2.540000 0.000000
0.000000 2.540000 0.000000
0.000000 2.540000 0.000000
0.000000 2.540000 0.000000
0.000000 2.540000 0.000000
0.000000 2.540000 0.000000
0.000000 2.540000 0.000000
0.000000 2.540000 0.000000
0.000000 2.540000 0.000000
0.000000 2.540000 0.000000
0.000000 2.540000 0.000000
0.000000 2.540000 0.000000
0.000000 2.540000 0.000000
0.000000 2.540000 0.000000
0.000000 2.540000 0.000000
0.000000 2.540000 0.000000
0.000000 2.540000 0.000000
0.000000 2.540000 0.000000
0.000000 2.540000 0.000000
0.000000 2.540000 0.000000
0.000000 2.540000 0.000000
0.000000 2.540000 0.000000
0.000000 2.540000 0.000000
0.000000 2.540000 0.000000
0.000000 2.540000 0.000000
0.000000 2.540000 0.000000
0.000000 2.540000 0.000000
0.000000 2.540000 0.000000
0.000000 2.540000 0.000000
0.000000 2.540000 0.000000
0.000000 2.540000 0.000000
0.000000 2.540000 0.000000
0.000000 2.540000 0.000000
0.000000 2.540000 0.000000
0.000000 2.540000 0.000000
0.000000 2.540000 0.000000
0.000000 2.540000 0.000000
0.000000 2.540000 0.000000
0.000000 2.540000 0.000000
0.000000 2.540000 0.000000
0.000000 2.540000 0.000000
0.000000 2.540000 0.000000
0.000000 2.540000 0.000000
0.000000 2.540000 0.000000
0.000000 2.540000 0.000000
0.000000 2.540000 0.000000
0.000000 2.540000 0.000000
0.000000 2.540000 0.000000
0.000000 2.540000 0.000000
0.000000 2.540000 0.000000
0.000000 2.540000 0.000000
0.000000 2.540000 0.000000
0.000000 2.540000 0.000000
0.000000 2.540000 0.000000
0.000000 2.540000 0.000000
0.000000 2.540000 0.000000
0.000000 2.540000 0.000000
0.000000 2.540000 0.000000
0.000000 2.540000 0.000000
0.000000 2.540000 0.000000
0.000000 2.540000 0.000000
0.000000 2.540000 0.000000
0.000000 2.540000 0.000000
0.000000 2.540000 0.000000
0.000000 2.540000 0.000000
0.000000 2.540000 0.000000
0.000000 2.540000 0.000000
0.000000 2.540000 0.000000
0.000000 2.540000 0.000000
0.000000 2.540000 0.000000
0.000000 2.540000 0.000000
0.000000 2.540000 0.000000
0.000000 2.540000 0.000000
0.000000 2.540000 0.000000
0.000000 2.540000 0.000000
0.000000 2.540000 0.000000
0.000000 2.540000 0.000000
0.000000 2.540000 0.000000
0.000000 2.540000 0.000000
0.000000 2.540000 0.000000
0.000000 2.540000 0.000000
0.000000 2.540000 0.000000
0.000000 2.540000 0.000000
0.000000 2.540000 0.000000
0.000000 2.540000 0.000000
0.000000 2.540000 0.000000
0.000000 2.540000 0.000000
0.000000 2.540000 0.000000
0.000000 2.540000 0.000000
0.000000 2.540000 0.000000
0.000000 2.540000 0.000000
0.000000 2.540000 0.000000
0.000000 2.540000 0.000000
0.000000 2.540000 0.000000
0.000000 2.540000 0.000000
0.000000 2.540000 0.000000
0.000000 2.540000 0.000000
0.000000 2.540000 0.000000
0.000000 2.540000 0.000000
0.000000 2.540000 0.000000
0.000000 2.540000 0.000000
0.000000 2.540000 0.000000
0.000000 2.540000 0.000000
0.000000 2.540000 0.000000
0.000000 2.540000 0.000000
0.000000 2.540000 0.000000
0.000000 2.540000 0.000000
0.000000 2.540000 0.000000
0.000000 2.540000 0.000000
0.000000 2.540000 0.000000
0.000000 2.540000 0.000000
0.000000 2.540000 0.000000
0.000000 2.540000 0.000000
0.000000 2.540000 0.000000
0.000000 2.540000 0.000000
0.000000 2.540000 0.000000
0.000000 2.540000 0.000000
0.000000 2.540000 0.000000
0.000000 2.540000 0.000000
0.000000 2.540000 0.000000
0.000000 2.540000 0.000000
0.000000 2.540000 0.000000
0.000000 2.540000 0.000000
0.000000 2.540000 0.000000
0.000000 2.540000 0.000000
0.000000 2.540000 0.000000
-2.540000 -0.000000 0.000000
-2.540000 -0.000000 0.000000
-2.466192 0.607862 0.000000
-2.466192 0.607862 0.000000
-2.540000 -0.000000 0.000000
-2.466192 0.607862 0.000000
-2.466192 0.607862 0.000000
-2.466192 0.607862 0.000000
-2.249058 1.180397 0.000000
-2.249058 1.180397 0.000000
-2.466192 0.607862 0.000000
-2.249058 1.180397 0.000000
-2.249058 1.180397 0.000000
-2.249058 1.180397 0.000000
-1.901217 1.684332 0.000000
-1.901217 1.684332 0.000000
-2.249058 1.180397 0.000000
-1.901217 1.684332 0.000000
-1.901217 1.684332 0.000000
-1.901217 1.684332 0.000000
-1.442884 2.090379 0.000000
-1.442884 2.090379 0.000000
-1.901217 1.684332 0.000000
-1.442884 2.090379 0.000000
-1.442884 2.090379 0.000000
-1.442884 2.090379 0.000000
-0.900696 2.374941 0.000000
-0.900696 2.374941 0.000000
-1.442884 2.090379 0.000000
-0.900696 2.374941 0.000000
-0.900696 2.374941 0.000000
-0.900696 2.374941 0.000000
-0.306163 2.521481 0.000000
-0.306163 2.521481 0.000000
-0.900696 2.374941 0.000000
-0.306163 2.521481 0.000000
-0.306163 2.521481 0.000000
-0.306163 2.521481 0.000000
0.306163 2.521481 0.000000
0.306163 2.521481 0.000000
-0.306163 2.521481 0.000000
0.306163 2.521481 0.000000
0.306163 2.521481 0.000000
0.306163 2.521481 0.000000
0.900696 2.374941 0.000000
0.900696 2.374941 0.000000
0.306163 2.521481 0.000000
0.900696 2.374941 0.000000
0.900696 2.374941 0.000000
0.900696 2.374941 0.000000
1.442884 2.090379 0.000000
1.442884 2.090379 0.000000
0.900696 2.374941 0.000000
1.442884 2.090379 0.000000
1.442884 2.090379 0.000000
1.442884 2.090379 0.000000
1.901217 1.684332 0.000000
1.901217 1.684332 0.000000
1.442884 2.090379 0.000000
1.901217 1.684332 0.000000
1.901217 1.684332 0.000000
1.901217 1.684332 0.000000
2.249058 1.180397 0.000000
2.249058 1.180397 0.000000
1.901217 1.684332 0.000000
2.249058 1.180397 0.000000
2.249058 1.180397 0.000000
2.249058 1.180397 0.000000
2.466192 0.607862 0.000000
2.466192 0.607862 0.000000
2.249058 1.180397 0.000000
2.466192 0.607862 0.000000
2.466192 0.607862 0.000000
2.466192 0.607862 0.000000
2.540000 0.000000 0.000000
2.540000 0.000000 0.000000
2.466192 0.607862 0.000000
2.540000 0.000000 0.000000
-2.540000 -0.000000 0.000000
-2.540000 -0.000000 0.000000
-2.540000 -0.000000 0.000000
-2.540000 -0.000000 0.000000
-2.540000 -0.000000 0.000000
-2.540000 -0.000000 0.000000
0.000000 -2.540000 0.000000
0.000000 -2.540000 0.000000
0.000000 -2.540000 0.000000
0.000000 -2.540000 0.000000
0.000000 -2.540000 0.000000
0.000000 -2.540000 0.000000
0.000000 -2.540000 0.000000
0.000000 -2.540000 0.000000
0.000000 -2.540000 0.000000
0.000000 -2.540000 0.000000
0.000000 -2.540000 0.000000
0.000000 -2.540000 0.000000
0.000000 -2.540000 0.000000
0.000000 -2.540000 0.000000
0.000000 -2.540000 0.000000
0.000000 -2.540000 0.000000
0.000000 -2.540000 0.000000
0.000000 -2.540000 0.000000
0.000000 -2.540000 0.000000
0.000000 -2.540000 0.000000
0.000000 -2.540000 0.000000
0.000000 -2.540000 0.000000
0.000000 -2.540000 0.000000
0.000000 -2.540000 0.000000
0.000000 -2.540000 0.000000
0.000000 -2.540000 0.000000
0.000000 -2.540000 0.000000
0.000000 -2.540000 0.000000
0.000000 -2.540000 0.000000
0.000000 -2.540000 0.000000
0.000000 -2.540000 0.000000
0.000000 -2.540000 0.000000
0.000000 -2.540000 0.000000
0.000000 -2.540000 0.000000
0.000000 -2.540000 0.000000
0.000000 -2.540000 0.000000
0.000000 -2.540000 0.000000
0.000000 -2.540000 0.000000
0.000000 -2.540000 0.000000
0.000000 -2.540000 0.000000
0.000000 -2.540000 0.000000
0.000000 -2.540000 0.000000
0.000000 -2.540000 0.000000
0.000000 -2.540000 0.000000
0.000000 -2.540000 0.000000
0.000000 -2.540000 0.000000
0.000000 -2.540000 0.000000
0.000000 -2.540000 0.000000
0.000000 -2.540000 0.000000
0.000000 -2.540000 0.000000
0.000000 -2.540000 0.000000
0.000000 -2.540000 0.000000
0.000000 -2.540000 0.000000
0.000000 -2.540000 0.000000
0.000000 -2.540000 0.000000
0.000000 -2.540000 0.000000
0.000000 -2.540000 0.000000
-0.000000 0.000000 -2.540000
-0.000000 0.000000 -2.540000
0.607862 0.000000 -2.466192
0.607862 0.000000 -2.466192
-0.000000 0.000000 -2.540000
0.607862 0.000000 -2.466192
0.607862 0.000000 -2.466192
0.607862 0.000000 -2.466192
1.180397 0.000000 -2.249058
1.180397 0.000000 -2.249058
0.607862 0.000000 -2.466192
1.180397 0.000000 -2.249058
1.180397 0.000000 -2.249058
1.180397 0.000000 -2.249058
1.684332 0.000000 -1.901217
1.684332 0.000000 -1.901217
1.180397 0.000000 -2.249058
1.684332 0.000000 -1.901217
1.684332 0.000000 -1.901217
1.684332 0.000000 -1.901217
2.090379 0.000000 -1.442884
2.090379 0.000000 -1.442884
1.684332 0.000000 -1.901217
2.090379 0.000000 -1.442884
2.090379 0.000000 -1.442884
2.090379 0.000000 -1.442884
2.374941 0.000000 -0.900696
2.374941 0.000000 -0.900696
2.090379 0.000000 -1.442884
2.374941 0.000000 -0.900696
2.374941 0.000000 -0.900696
2.374941 0.000000 -0.900696
2.521481 0.000000 -0.306163
2.521481 0.000000 -0.306163
2.374941 0.000000 -0.900696
2.521481 0.000000 -0.306163
2.521481 0.000000 -0.306163
2.521481 0.000000 -0.306163
2.521481 0.000000 0.306163
2.521481 0.000000 0.306163
2.521481 0.000000 -0.306163
2.521481 0.000000 0.306163
2.521481 0.000000 0.306163
2.521481 0.000000 0.306163
2.374941 0.000000 0.900696
2.374941 0.000000 0.900696
2.521481 0.000000 0.306163
2.374941 0.000000 0.900696
2.374941 0.000000 0.900696
2.374941 0.000000 0.900696
2.090379 0.000000 1.442884
2.090379 0.000000 1.442884
2.374941 0.000000 0.900696
2.090379 0.000000 1.442884
2.090379 0.000000 1.442884
2.090379 0.000000 1.442884
1.684332 0.000000 1.901217
1.684332 0.000000 1.901217
2.090379 0.000000 1.442884
1.684332 0.000000 1.901217
1.684332 0.000000 1.901217
1.684332 0.000000 1.901217
1.180397 0.000000 2.249058
1.180397 0.000000 2.249058
1.684332 0.000000 1.901217
1.180397 0.000000 2.249058
1.180397 0.000000 2.249058
1.180397 0.000000 2.249058
0.607862 0.000000 2.466192
0.607862 0.000000 2.466192
1.180397 0.000000 2.249058
0.607862 0.000000 2.466192
0.607862 0.000000 2.466192
0.607862 0.000000 2.466192
0.000000 0.000000 2.540000
0.000000 0.000000 2.540000
0.607862 0.000000 2.466192
0.000000 0.000000 2.540000
-0.000000 0.000000 -2.540000
-0.000000 0.000000 -2.540000
0.607862 0.000000 -2.466192
0.607862 0.000000 -2.466192
-0.000000 0.000000 -2.540000
0.607862 0.000000 -2.466192
0.607862 0.000000 -2.466192
0.607862 0.000000 -2.466192
1.180397 0.000000 -2.249058
1.180397 0.000000 -2.249058
0.607862 0.000000 -2.466192
1.180397 0.000000 -2.249058
1.180397 0.000000 -2.249058
1.180397 0.000000 -2.249058
1.684332 0.000000 -1.901217
1.684332 0.000000 -1.901217
1.180397 0.000000 -2.249058
1.684332 0.000000 -1.901217
1.684332 0.000000 -1.901217
1.684332 0.000000 -1.901217
2.090379 0.000000 -1.442884
2.090379 0.000000 -1.442884
1.684332 0.000000 -1.901217
2.090379 0.000000 -1.442884
2.090379 0.000000 -1.442884
2.090379 0.000000 -1.442884
2.374941 0.000000 -0.900696
2.374941 0.000000 -0.900696
2.090379 0.000000 -1.442884
2.374941 0.000000 -0.900696
2.374941 0.000000 -0.900696
2.374941 0.000000 -0.900696
2.521481 0.000000 -0.306163
2.521481 0.000000 -0.306163
2.374941 0.000000 -0.900696
2.521481 0.000000 -0.306163
2.521481 0.000000 -0.306163
2.521481 0.000000 -0.306163
2.521481 0.000000 0.306163
2.521481 0.000000 0.306163
2.521481 0.000000 -0.306163
2.521481 0.000000 0.306163
2.521481 0.000000 0.306163
2.521481 0.000000 0.306163
2.374941 0.000000 0.900696
2.374941 0.000000 0.900696
2.521481 0.000000 0.306163
2.374941 0.000000 0.900696
2.374941 0.000000 0.900696
2.374941 0.000000 0.900696
2.090379 0.000000 1.442884
2.090379 0.000000 1.442884
2.374941 0.000000 0.900696
2.090379 0.000000 1.442884
2.090379 0.000000 1.442884
2.090379 0.000000 1.442884
1.684332 0.000000 1.901217
1.684332 0.000000 1.901217
2.090379 0.000000 1.442884
1.684332 0.000000 1.901217
1.684332 0.000000 1.901217
1.684332 0.000000 1.901217
1.180397 0.000000 2.249058
1.180397 0.000000 2.249058
1.684332 0.000000 1.901217
1.180397 0.000000 2.249058
1.180397 0.000000 2.249058
1.180397 0.000000 2.249058
0.607862 0.000000 2.466192
0.607862 0.000000 2.466192
1.180397 0.000000 2.249058
0.607862 0.000000 2.466192
0.607862 0.000000 2.466192
0.607862 0.000000 2.466192
0.000000 0.000000 2.540000
0.000000 0.000000 2.540000
0.607862 0.000000 2.466192
0.000000 0.000000 2.540000
-0.000000 0.000000 -2.540000
-0.000000 0.000000 -2.540000
0.607862 0.000000 -2.466192
0.607862 0.000000 -2.466192
-0.000000 0.000000 -2.540000
0.607862 0.000000 -2.466192
0.607862 0.000000 -2.466192
0.607862 0.000000 -2.466192
1.180397 0.000000 -2.249058
1.180397 0.000000 -2.249058
0.607862 0.000000 -2.466192
1.180397 0.000000 -2.249058
1.180397 0.000000 -2.249058
1.180397 0.000000 -2.249058
1.684332 0.000000 -1.901217
1.684332 0.000000 -1.901217
1.180397 0.000000 -2.249058
1.684332 0.000000 -1.901217
1.684332 0.000000 -1.901217
1.684332 0.000000 -1.901217
2.090379 0.000000 -1.442884
2.090379 0.000000 -1.442884
1.684332 0.000000 -1.901217
2.090379 0.000000 -1.442884
2.090379 0.000000 -1.442884
2.090379 0.000000 -1.442884
2.374941 0.000000 -0.900696
2.374941 0.000000 -0.900696
2.090379 0.000000 -1.442884
2.374941 0.000000 -0.900696
2.374941 0.000000 -0.900696
2.374941 0.000000 -0.900696
2.521481 0.000000 -0.306163
2.521481 0.000000 -0.306163
2.374941 0.000000 -0.900696
2.521481 0.000000 -0.306163
2.521481 0.000000 -0.306163
2.521481 0.000000 -0.306163
2.521481 0.000000 0.306163
2.521481 0.000000 0.306163
2.521481 0.000000 -0.306163
2.521481 0.000000 0.306163
2.521481 0.000000 0.306163
2.521481 0.000000 0.306163
2.374941 0.000000 0.900696
2.374941 0.000000 0.900696
2.521481 0.000000 0.306163
2.374941 0.000000 0.900696
2.374941 0.000000 0.900696
2.374941 0.000000 0.900696
2.090379 0.000000 1.442884
2.090379 0.000000 1.442884
2.374941 0.000000 0.900696
2.090379 0.000000 1.442884
2.090379 0.000000 1.442884
2.090379 0.000000 1.442884
1.684332 0.000000 1.901217
1.684332 0.000000 1.901217
2.090379 0.000000 1.442884
1.684332 0.000000 1.901217
1.684332 0.000000 1.901217
1.684332 0.000000 1.901217
1.180397 0.000000 2.249058
1.180397 0.000000 2.249058
1.684332 0.000000 1.901217
1.180397 0.000000 2.249058
1.180397 0.000000 2.249058
1.180397 0.000000 2.249058
0.607862 0.000000 2.466192
0.607862 0.000000 2.466192
1.180397 0.000000 2.249058
0.607862 0.000000 2.466192
0.607862 0.000000 2.466192
0.607862 0.000000 2.466192
0.000000 0.000000 2.540000
0.000000 0.000000 2.540000
0.607862 0.000000 2.466192
0.000000 0.000000 2.540000
0.000000 -2.540000 0.000000
0.000000 -2.540000 0.000000
0.000000 -2.540000 0.000000
0.000000 -2.540000 0.000000
0.000000 -2.540000 0.000000
0.000000 -2.540000 0.000000
0.000000 -2.540000 0.000000
0.000000 -2.540000 0.000000
0.000000 -2.540000 0.000000
0.000000 -2.540000 0.000000
0.000000 -2.540000 0.000000
0.000000 -2.540000 0.000000
0.000000 -2.540000 0.000000
0.000000 -2.540000 0.000000
0.000000 -2.540000 0.000000
0.000000 -2.540000 0.000000
0.000000 -2.540000 0.000000
0.000000 -2.540000 0.000000
0.000000 -2.540000 0.000000
0.000000 -2.540000 0.000000
0.000000 -2.540000 0.000000
0.000000 -2.540000 0.000000
0.000000 -2.540000 0.000000
0.000000 -2.540000 0.000000
0.000000 -2.540000 0.000000
0.000000 -2.540000 0.000000
0.000000 -2.540000 0.000000
0.000000 -2.540000 0.000000
0.000000 -2.540000 0.000000
0.000000 -2.540000 0.000000
0.000000 -2.540000 0.000000
0.000000 -2.540000 0.000000
0.000000 -2.540000 0.000000
0.000000 -2.540000 0.000000
0.000000 -2.540000 0.000000
0.000000 -2.540000 0.000000
0.000000 -2.540000 0.000000
0.000000 -2.540000 0.000000
0.000000 -2.540000 0.000000
0.000000 -2.540000 0.000000
0.000000 -2.540000 0.000000
0.000000 -2.540000 0.000000
0.000000 -2.540000 0.000000
0.000000 -2.540000 0.000000
0.000000 -2.540000 0.000000
0.000000 -2.540000 0.000000
0.000000 -2.540000 0.000000
0.000000 -2.540000 0.000000
0.000000 -2.540000 0.000000
0.000000 -2.540000 0.000000
0.000000 -2.540000 0.000000
0.000000 -2.540000 0.000000
0.000000 -2.540000 0.000000
0.000000 -2.540000 0.000000
0.000000 -2.540000 0.000000
0.000000 -2.540000 0.000000
0.000000 -2.540000 0.000000
0.000000 -2.540000 0.000000
0.000000 -2.540000 0.000000
0.000000 -2.540000 0.000000
0.000000 -2.540000 0.000000
0.000000 -2.540000 0.000000
0.000000 -2.540000 0.000000
0.000000 -2.540000 0.000000
0.000000 -2.540000 0.000000
0.000000 -2.540000 0.000000
0.000000 -2.540000 0.000000
0.000000 -2.540000 0.000000
0.000000 -2.540000 0.000000
0.000000 -2.540000 0.000000
0.000000 -2.540000 0.000000
0.000000 -2.540000 0.000000
0.000000 -2.540000 0.000000
0.000000 -2.540000 0.000000
0.000000 -2.540000 0.000000
0.000000 -2.540000 0.000000
0.000000 -2.540000 0.000000
0.000000 -2.540000 0.000000
0.000000 -2.540000 0.000000
0.000000 -2.540000 0.000000
0.000000 -2.540000 0.000000
0.000000 -2.540000 0.000000
0.000000 -2.540000 0.000000
0.000000 -2.540000 0.000000
0.000000 -2.540000 0.000000
0.000000 -2.540000 0.000000
0.000000 -2.540000 0.000000
0.000000 2.540000 0.000000
0.000000 2.540000 0.000000
0.000000 2.540000 0.000000
0.000000 2.540000 0.000000
0.000000 2.540000 0.000000
0.000000 2.540000 0.000000
0.000000 2.540000 0.000000
0.000000 2.540000 0.000000
0.000000 2.540000 0.000000
0.000000 2.540000 0.000000
0.000000 2.540000 0.000000
0.000000 2.540000 0.000000
0.000000 2.540000 0.000000
0.000000 2.540000 0.000000
0.000000 2.540000 0.000000
0.000000 2.540000 0.000000
0.000000 2.540000 0.000000
0.000000 2.540000 0.000000
0.000000 2.540000 0.000000
0.000000 2.540000 0.000000
0.000000 2.540000 0.000000
0.000000 2.540000 0.000000
0.000000 2.540000 0.000000
0.000000 2.540000 0.000000
0.000000 2.540000 0.000000
0.000000 2.540000 0.000000
0.000000 2.540000 0.000000
0.000000 2.540000 0.000000
0.000000 2.540000 0.000000
0.000000 2.540000 0.000000
0.000000 2.540000 0.000000
0.000000 2.540000 0.000000
0.000000 2.540000 0.000000
0.000000 2.540000 0.000000
0.000000 2.540000 0.000000
0.000000 2.540000 0.000000
0.000000 2.540000 0.000000
0.000000 2.540000 0.000000
0.000000 2.540000 0.000000
0.000000 2.540000 0.000000
0.000000 2.540000 0.000000
0.000000 2.540000 0.000000
0.000000 2.540000 0.000000
0.000000 2.540000 0.000000
0.000000 2.540000 0.000000
0.000000 2.540000 0.000000
0.000000 2.540000 0.000000
0.000000 2.540000 0.000000
0.000000 2.540000 0.000000
0.000000 2.540000 0.000000
0.000000 2.540000 0.000000
0.000000 2.540000 0.000000
0.000000 2.540000 0.000000
0.000000 2.540000 0.000000
0.000000 2.540000 0.000000
0.000000 2.540000 0.000000
0.000000 2.540000 0.000000
0.000000 2.540000 0.000000
0.000000 2.540000 0.000000
0.000000 2.540000 0.000000
0.000000 2.540000 0.000000
0.000000 2.540000 0.000000
0.000000 2.540000 0.000000
0.000000 2.540000 0.000000
0.000000 2.540000 0.000000
0.000000 2.540000 0.000000
0.000000 2.540000 0.000000
0.000000 2.540000 0.000000
0.000000 2.540000 0.000000
0.000000 2.540000 0.000000
0.000000 2.540000 0.000000
0.000000 2.540000 0.000000
0.000000 2.540000 0.000000
0.000000 2.540000 0.000000
0.000000 2.540000 0.000000
0.000000 2.540000 0.000000
0.000000 2.540000 0.000000
0.000000 2.540000 0.000000
0.000000 2.540000 0.000000
0.000000 2.540000 0.000000
0.000000 2.540000 0.000000
0.000000 2.540000 0.000000
0.000000 2.540000 0.000000
0.000000 2.540000 0.000000
0.000000 2.540000 0.000000
0.000000 2.540000 0.000000
0.000000 2.540000 0.000000
0.000000 2.540000 0.000000
0.000000 2.540000 0.000000
0.000000 2.540000 0.000000
0.000000 2.540000 0.000000
0.000000 2.540000 0.000000
0.000000 2.540000 0.000000
0.000000 2.540000 0.000000
0.000000 2.540000 0.000000
0.000000 2.540000 0.000000
0.000000 2.540000 0.000000
0.000000 2.540000 0.000000
0.000000 2.540000 0.000000
0.000000 2.540000 0.000000
0.000000 2.540000 0.000000
0.000000 2.540000 0.000000
0.000000 2.540000 0.000000
0.000000 2.540000 0.000000
0.000000 2.540000 0.000000
0.000000 2.540000 0.000000
0.000000 2.540000 0.000000
0.000000 2.540000 0.000000
0.000000 2.540000 0.000000
0.000000 2.540000 0.000000
0.000000 2.540000 0.000000
0.000000 2.540000 0.000000
0.000000 2.540000 0.000000
0.000000 2.540000 0.000000
0.000000 2.540000 0.000000
0.000000 2.540000 0.000000
0.000000 2.540000 0.000000
0.000000 2.540000 0.000000
0.000000 2.540000 0.000000
0.000000 2.540000 0.000000
0.000000 2.540000 0.000000
0.000000 2.540000 0.000000
0.000000 2.540000 0.000000
0.000000 2.540000 0.000000
0.000000 2.540000 0.000000
0.000000 2.540000 0.000000
0.000000 2.540000 0.000000
0.000000 2.540000 0.000000
0.000000 2.540000 0.000000
0.000000 2.540000 0.000000
0.000000 2.540000 0.000000
0.000000 2.540000 0.000000
0.000000 2.540000 0.000000
0.000000 2.540000 0.000000
0.000000 2.540000 0.000000
0.000000 2.540000 0.000000
0.000000 2.540000 0.000000
0.000000 2.540000 0.000000
0.000000 2.540000 0.000000
0.000000 2.540000 0.000000
0.000000 2.540000 0.000000
0.000000 2.540000 0.000000
0.000000 2.540000 0.000000
0.000000 2.540000 0.000000
0.000000 2.540000 0.000000
0.000000 2.540000 0.000000
0.000000 2.540000 0.000000
0.000000 2.540000 0.000000
0.000000 2.540000 0.000000
0.000000 2.540000 0.000000
0.000000 2.540000 0.000000
0.000000 2.540000 0.000000
0.000000 2.540000 0.000000
0.000000 2.540000 0.000000
0.000000 2.540000 0.000000
0.000000 2.540000 0.000000
0.000000 2.540000 0.000000
0.000000 2.540000 0.000000
0.000000 2.540000 0.000000
0.000000 2.540000 0.000000
0.000000 2.540000 0.000000
0.000000 2.540000 0.000000
0.000000 2.540000 0.000000
0.000000 2.540000 0.000000
0.000000 2.540000 0.000000
0.000000 2.540000 0.000000
0.000000 2.540000 0.000000
0.000000 2.540000 0.000000
0.000000 2.540000 0.000000
0.000000 2.540000 0.000000
0.000000 2.540000 0.000000
0.000000 2.540000 0.000000
0.000000 2.540000 0.000000
0.000000 2.540000 0.000000
0.000000 2.540000 0.000000
0.000000 2.540000 0.000000
0.000000 2.540000 0.000000
0.000000 2.540000 0.000000
0.000000 2.540000 0.000000
0.000000 2.540000 0.000000
0.000000 2.540000 0.000000
0.000000 2.540000 0.000000
0.000000 2.540000 0.000000
0.000000 2.540000 0.000000
0.000000 2.540000 0.000000
0.000000 2.540000 0.000000
0.000000 2.540000 0.000000
0.000000 2.540000 0.000000
0.000000 2.540000 0.000000
0.000000 2.540000 0.000000
0.000000 2.540000 0.000000
0.000000 2.540000 0.000000
0.000000 2.540000 0.000000
0.000000 2.540000 0.000000
0.000000 2.540000 0.000000
0.000000 2.540000 0.000000
0.000000 2.540000 0.000000
0.000000 2.540000 0.000000
0.000000 2.540000 0.000000
0.000000 2.540000 0.000000
0.000000 2.540000 0.000000
0.000000 2.540000 0.000000
0.000000 2.540000 0.000000
0.000000 2.540000 0.000000
0.000000 2.540000 0.000000
0.000000 2.540000 0.000000
0.000000 2.540000 0.000000
0.000000 2.540000 0.000000
0.000000 2.540000 0.000000
0.000000 2.540000 0.000000
0.000000 2.540000 0.000000
0.000000 2.540000 0.000000
0.000000 2.540000 0.000000
0.000000 2.540000 0.000000
0.000000 2.540000 0.000000
0.000000 2.540000 0.000000
0.000000 0.000000 -2.540000
0.000000 0.000000 -2.540000
0.000000 0.000000 -2.540000
0.000000 0.000000 -2.540000
0.000000 0.000000 -2.540000
0.000000 0.000000 -2.540000
0.000000 0.000000 -2.540000
0.000000 0.000000 -2.540000
0.000000 0.000000 -2.540000
0.000000 0.000000 -2.540000
0.000000 0.000000 -2.540000
0.000000 0.000000 -2.540000
0.000000 0.000000 -2.540000
0.000000 0.000000 -2.540000
0.000000 0.000000 -2.540000
0.000000 0.000000 -2.540000
0.000000 0.000000 -2.540000
0.000000 0.000000 -2.540000
0.000000 0.000000 -2.540000
0.000000 0.000000 -2.540000
0.000000 0.000000 -2.540000
0.000000 0.000000 -2.540000
0.000000 0.000000 -2.540000
0.000000 0.000000 -2.540000
0.000000 0.000000 -2.540000
0.000000 0.000000 -2.540000
0.000000 0.000000 -2.540000
0.000000 0.000000 -2.540000
0.000000 0.000000 -2.540000
0.000000 0.000000 -2.540000
0.000000 0.000000 -2.540000
0.000000 0.000000 -2.540000
0.000000 0.000000 -2.540000
0.000000 0.000000 -2.540000
0.000000 0.000000 -2.540000
0.000000 0.000000 -2.540000
0.000000 0.000000 -2.540000
0.000000 0.000000 -2.540000
0.000000 0.000000 -2.540000
0.000000 0.000000 -2.540000
0.000000 0.000000 -2.540000
0.000000 0.000000 -2.540000
0.000000 0.000000 -2.540000
0.000000 0.000000 -2.540000
0.000000 0.000000 -2.540000
0.000000 0.000000 -2.540000
0.000000 0.000000 -2.540000
0.000000 0.000000 -2.540000
0.000000 0.000000 -2.540000
0.000000 0.000000 -2.540000
0.000000 0.000000 -2.540000
0.000000 0.000000 -2.540000
0.000000 0.000000 -2.540000
0.000000 0.000000 -2.540000
0.000000 0.000000 -2.540000
0.000000 0.000000 -2.540000
0.000000 0.000000 -2.540000
0.000000 0.000000 -2.540000
0.000000 0.000000 -2.540000
0.000000 0.000000 -2.540000
0.000000 0.000000 -2.540000
0.000000 0.000000 -2.540000
0.000000 0.000000 -2.540000
0.000000 0.000000 -2.540000
0.000000 0.000000 -2.540000
0.000000 0.000000 -2.540000
0.000000 0.000000 -2.540000
0.000000 0.000000 -2.540000
0.000000 0.000000 -2.540000
0.000000 0.000000 -2.540000
0.000000 0.000000 -2.540000
0.000000 0.000000 -2.540000
0.000000 0.000000 -2.540000
0.000000 0.000000 -2.540000
0.000000 0.000000 -2.540000
0.000000 0.000000 -2.540000
0.000000 0.000000 -2.540000
0.000000 0.000000 -2.540000
0.000000 0.000000 -2.540000
0.000000 0.000000 -2.540000
0.000000 0.000000 -2.540000
0.000000 0.000000 -2.540000
0.000000 0.000000 -2.540000
0.000000 0.000000 -2.540000
0.000000 0.000000 -2.540000
0.000000 0.000000 -2.540000
0.000000 0.000000 -2.540000
0.000000 0.000000 -2.540000
0.000000 0.000000 -2.540000
0.000000 0.000000 -2.540000
0.000000 0.000000 -2.540000
0.000000 0.000000 -2.540000
0.000000 0.000000 -2.540000
0.000000 0.000000 -2.540000
0.000000 0.000000 -2.540000
0.000000 0.000000 -2.540000
0.000000 0.000000 -2.540000
0.000000 0.000000 -2.540000
0.000000 0.000000 -2.540000
0.000000 0.000000 -2.540000
0.000000 0.000000 -2.540000
0.000000 0.000000 -2.540000
0.000000 0.000000 -2.540000
0.000000 0.000000 -2.540000
0.000000 0.000000 -2.540000
0.000000 0.000000 -2.540000
0.000000 0.000000 -2.540000
0.000000 0.000000 -2.540000
0.000000 0.000000 -2.540000
0.000000 0.000000 -2.540000
0.000000 0.000000 -2.540000
0.000000 0.000000 -2.540000
0.000000 0.000000 -2.540000
0.000000 0.000000 -2.540000
0.000000 0.000000 -2.540000
0.000000 0.000000 -2.540000
0.000000 0.000000 -2.540000
0.000000 0.000000 -2.540000
0.000000 0.000000 -2.540000
0.000000 0.000000 -2.540000
0.000000 0.000000 -2.540000
0.000000 0.000000 -2.540000
0.000000 0.000000 -2.540000
0.000000 0.000000 -2.540000
0.000000 0.000000 -2.540000
0.000000 0.000000 -2.540000
0.000000 0.000000 -2.540000
0.000000 0.000000 -2.540000
0.000000 0.000000 -2.540000
0.000000 0.000000 -2.540000
0.000000 0.000000 -2.540000
0.000000 0.000000 -2.540000
0.000000 0.000000 -2.540000
0.000000 0.000000 -2.540000
0.000000 0.000000 -2.540000
0.000000 0.000000 -2.540000
0.000000 0.000000 -2.540000
0.000000 0.000000 -2.540000
0.000000 0.000000 -2.540000
0.000000 0.000000 -2.540000
0.000000 0.000000 -2.540000
0.000000 0.000000 -2.540000
0.000000 0.000000 -2.540000
0.000000 0.000000 -2.540000
0.000000 0.000000 -2.540000
0.000000 0.000000 -2.540000
0.000000 0.000000 -2.540000
0.000000 0.000000 -2.540000
0.000000 0.000000 -2.540000
0.000000 0.000000 -2.540000
0.000000 0.000000 -2.540000
0.000000 0.000000 -2.540000
0.000000 0.000000 -2.540000
0.000000 0.000000 -2.540000
0.000000 0.000000 -2.540000
0.000000 0.000000 -2.540000
0.000000 0.000000 -2.540000
0.000000 0.000000 -2.540000
0.000000 0.000000 -2.540000
0.000000 0.000000 2.540000
0.000000 0.000000 2.540000
0.000000 0.000000 2.540000
0.000000 0.000000 2.540000
0.000000 0.000000 2.540000
0.000000 0.000000 2.540000
0.000000 0.000000 2.540000
0.000000 0.000000 2.540000
0.000000 0.000000 2.540000
0.000000 0.000000 2.540000
0.000000 0.000000 2.540000
0.000000 0.000000 2.540000
0.000000 0.000000 2.540000
0.000000 0.000000 2.540000
0.000000 0.000000 2.540000
0.000000 0.000000 2.540000
0.000000 0.000000 2.540000
0.000000 0.000000 2.540000
0.000000 0.000000 2.540000
0.000000 0.000000 2.540000
0.000000 0.000000 2.540000
0.000000 0.000000 2.540000
0.000000 0.000000 2.540000
0.000000 0.000000 2.540000
0.000000 0.000000 2.540000
0.000000 0.000000 2.540000
0.000000 0.000000 2.540000
0.000000 0.000000 2.540000
0.000000 0.000000 2.540000
0.000000 0.000000 2.540000
0.000000 0.000000 2.540000
0.000000 0.000000 2.540000
0.000000 0.000000 2.540000
0.000000 0.000000 2.540000
0.000000 0.000000 2.540000
0.000000 0.000000 2.540000
0.000000 0.000000 2.540000
0.000000 0.000000 2.540000
0.000000 0.000000 2.540000
0.000000 0.000000 2.540000
0.000000 0.000000 2.540000
0.000000 0.000000 2.540000
0.000000 0.000000 2.540000
0.000000 0.000000 2.540000
0.000000 0.000000 2.540000
0.000000 0.000000 2.540000
0.000000 0.000000 2.540000
0.000000 0.000000 2.540000
0.000000 0.000000 2.540000
0.000000 0.000000 2.540000
0.000000 0.000000 2.540000
0.000000 0.000000 2.540000
0.000000 0.000000 2.540000
0.000000 0.000000 2.540000
0.000000 0.000000 2.540000
0.000000 0.000000 2.540000
0.000000 0.000000 2.540000
0.000000 0.000000 2.540000
0.000000 0.000000 2.540000
0.000000 0.000000 2.540000
0.000000 0.000000 2.540000
0.000000 0.000000 2.540000
0.000000 0.000000 2.540000
0.000000 0.000000 2.540000
0.000000 0.000000 2.540000
0.000000 0.000000 2.540000
0.000000 0.000000 2.540000
0.000000 0.000000 2.540000
0.000000 0.000000 2.540000
0.000000 0.000000 2.540000
0.000000 0.000000 2.540000
0.000000 0.000000 2.540000
0.000000 0.000000 2.540000
0.000000 0.000000 2.540000
0.000000 0.000000 2.540000
0.000000 0.000000 2.540000
0.000000 0.000000 2.540000
0.000000 0.000000 2.540000
0.000000 0.000000 2.540000
0.000000 0.000000 2.540000
0.000000 0.000000 2.540000
0.000000 0.000000 2.540000
0.000000 0.000000 2.540000
0.000000 0.000000 2.540000
0.000000 0.000000 2.540000
0.000000 0.000000 2.540000
0.000000 0.000000 2.540000
0.000000 0.000000 2.540000
0.000000 0.000000 2.540000
0.000000 0.000000 2.540000
0.000000 0.000000 2.540000
0.000000 0.000000 2.540000
0.000000 0.000000 2.540000
0.000000 0.000000 2.540000
0.000000 0.000000 2.540000
0.000000 0.000000 2.540000
0.000000 0.000000 2.540000
0.000000 0.000000 2.540000
0.000000 0.000000 2.540000
0.000000 0.000000 2.540000
0.000000 0.000000 2.540000
0.000000 0.000000 2.540000
0.000000 0.000000 2.540000
0.000000 0.000000 2.540000
0.000000 0.000000 2.540000
0.000000 0.000000 2.540000
0.000000 0.000000 2.540000
0.000000 0.000000 2.540000
0.000000 0.000000 2.540000
0.000000 0.000000 2.540000
0.000000 0.000000 2.540000
0.000000 0.000000 2.540000
0.000000 0.000000 2.540000
0.000000 0.000000 2.540000
0.000000 0.000000 2.540000
0.000000 0.000000 2.540000
0.000000 0.000000 2.540000
0.000000 0.000000 2.540000
0.000000 0.000000 2.540000
0.000000 0.000000 2.540000
0.000000 0.000000 2.540000
0.000000 0.000000 2.540000
0.000000 0.000000 2.540000
0.000000 0.000000 2.540000
0.000000 0.000000 2.540000
0.000000 0.000000 2.540000
0.000000 0.000000 2.540000
0.000000 0.000000 2.540000
0.000000 0.000000 2.540000
0.000000 0.000000 2.540000
0.000000 0.000000 2.540000
0.000000 0.000000 2.540000
0.000000 0.000000 2.540000
0.000000 0.000000 2.540000
0.000000 0.000000 2.540000
0.000000 0.000000 2.540000
0.000000 0.000000 2.540000
0.000000 0.000000 2.540000
0.000000 0.000000 2.540000
0.000000 0.000000 2.540000
0.000000 0.000000 2.540000
0.000000 0.000000 2.540000
0.000000 0.000000 2.540000
0.000000 0.000000 2.540000
0.000000 0.000000 2.540000
0.000000 0.000000 2.540000
0.000000 0.000000 2.540000
0.000000 0.000000 2.540000
0.000000 0.000000 2.540000
0.000000 0.000000 2.540000
0.000000 0.000000 2.540000
0.000000 0.000000 2.540000
0.000000 0.000000 2.540000
0.000000 0.000000 2.540000
0.000000 0.000000 2.540000
0.000000 0.000000 2.540000
0.000000 0.000000 2.540000
0.000000 0.000000 2.540000
0.000000 0.000000 2.540000
0.000000 0.000000 2.540000
0.000000 0.000000 2.540000
0.000000 0.000000 2.540000
0.000000 0.000000 2.540000
0.000000 0.000000 2.540000
0.000000 0.000000 2.540000
0.000000 0.000000 2.540000
0.000000 0.000000 2.540000
0.000000 0.000000 2.540000
0.000000 0.000000 2.540000
0.000000 0.000000 2.540000
0.000000 0.000000 2.540000
0.000000 0.000000 2.540000
0.000000 0.000000 2.540000
0.000000 0.000000 2.540000
0.000000 0.000000 2.540000
0.000000 0.000000 2.540000
0.000000 0.000000 2.540000
0.000000 0.000000 2.540000
0.000000 0.000000 2.540000
0.000000 0.000000 2.540000
0.000000 0.000000 2.540000
0.000000 0.000000 2.540000
0.000000 0.000000 2.540000
0.000000 0.000000 2.540000
0.000000 0.000000 2.540000
0.000000 0.000000 2.540000
0.000000 0.000000 2.540000
0.000000 0.000000 2.540000
0.000000 0.000000 2.540000
0.000000 0.000000 2.540000
0.000000 0.000000 2.540000
0.000000 0.000000 2.540000
0.000000 0.000000 2.540000
0.000000 0.000000 2.540000
0.000000 0.000000 2.540000
0.000000 0.000000 2.540000
0.000000 0.000000 2.540000
0.000000 0.000000 2.540000
0.000000 0.000000 2.540000
0.000000 0.000000 2.540000
0.000000 0.000000 2.540000
0.000000 0.000000 2.540000
0.000000 0.000000 2.540000
0.000000 0.000000 2.540000
0.000000 0.000000 2.540000
0.000000 0.000000 2.540000
0.000000 0.000000 2.540000
0.000000 0.000000 2.540000
0.000000 0.000000 2.540000
0.000000 0.000000 2.540000
0.000000 0.000000 2.540000
0.000000 0.000000 2.540000
0.000000 0.000000 2.540000
0.000000 0.000000 2.540000
0.000000 0.000000 2.540000
0.000000 0.000000 2.540000
0.000000 0.000000 2.540000
0.000000 0.000000 2.540000
0.000000 0.000000 2.540000
0.000000 0.000000 2.540000
0.000000 0.000000 2.540000
0.000000 0.000000 2.540000
0.000000 0.000000 2.540000
0.000000 0.000000 2.540000
0.000000 0.000000 2.540000
0.000000 0.000000 2.540000
0.000000 0.000000 2.540000
0.000000 0.000000 2.540000
0.000000 0.000000 2.540000
0.000000 0.000000 2.540000
0.000000 0.000000 2.540000
0.000000 0.000000 2.540000
0.000000 0.000000 2.540000
0.000000 0.000000 2.540000
0.000000 0.000000 2.540000
0.000000 0.000000 2.540000
0.000000 0.000000 2.540000
0.000000 0.000000 2.540000
0.000000 0.000000 2.540000
0.000000 0.000000 2.540000
0.000000 0.000000 2.540000
0.000000 0.000000 2.540000
0.000000 0.000000 2.540000
0.000000 0.000000 2.540000
0.000000 0.000000 2.540000
0.000000 0.000000 2.540000
0.000000 0.000000 2.540000
0.000000 0.000000 2.540000
0.000000 0.000000 2.540000
0.000000 0.000000 2.540000
0.000000 0.000000 2.540000
0.000000 0.000000 2.540000
0.000000 0.000000 2.540000
0.000000 0.000000 2.540000
0.000000 0.000000 2.540000
0.000000 0.000000 2.540000
0.000000 0.000000 2.540000
0.000000 0.000000 2.540000
0.000000 0.000000 2.540000
0.000000 0.000000 2.540000
0.000000 0.000000 2.540000
0.000000 0.000000 2.540000
0.000000 0.000000 2.540000
0.000000 0.000000 2.540000
0.000000 0.000000 2.540000
0.000000 0.000000 2.540000
0.000000 0.000000 2.540000
0.000000 0.000000 2.540000
0.000000 0.000000 2.540000
0.000000 0.000000 2.540000
0.000000 0.000000 2.540000
0.000000 0.000000 2.540000
0.000000 0.000000 2.540000
0.000000 0.000000 2.540000
0.000000 0.000000 2.540000
0.000000 0.000000 2.540000
0.000000 0.000000 2.540000
0.000000 0.000000 2.540000
0.000000 0.000000 2.540000
0.000000 0.000000 2.540000
0.000000 0.000000 2.540000
0.000000 0.000000 2.540000
0.000000 0.000000 2.540000
0.000000 0.000000 2.540000
0.000000 0.000000 2.540000
0.000000 0.000000 2.540000
0.000000 0.000000 2.540000
0.000000 0.000000 2.540000
0.000000 0.000000 2.540000
0.000000 0.000000 2.540000
0.000000 0.000000 2.540000
0.000000 0.000000 2.540000
0.000000 0.000000 2.540000
0.000000 0.000000 2.540000
0.000000 0.000000 2.540000
0.000000 0.000000 2.540000
0.000000 0.000000 2.540000
0.000000 0.000000 2.540000
0.000000 0.000000 2.540000
0.000000 0.000000 2.540000
0.000000 0.000000 2.540000
0.000000 0.000000 2.540000
0.000000 0.000000 2.540000
0.000000 0.000000 2.540000
0.000000 0.000000 2.540000
0.000000 0.000000 2.540000
0.000000 0.000000 2.540000
0.000000 0.000000 2.540000
0.000000 0.000000 2.540000
0.000000 0.000000 2.540000
0.000000 0.000000 2.540000
0.000000 0.000000 2.540000
0.000000 0.000000 2.540000
0.000000 0.000000 2.540000
0.000000 0.000000 2.540000
0.000000 0.000000 2.540000
0.000000 0.000000 2.540000
0.000000 0.000000 2.540000
0.000000 0.000000 2.540000
0.000000 0.000000 2.540000
0.000000 0.000000 2.540000
0.000000 0.000000 2.540000
0.000000 0.000000 2.540000
0.000000 0.000000 2.540000
0.000000 0.000000 2.540000
0.000000 0.000000 2.540000
0.000000 0.000000 2.540000
0.000000 0.000000 2.540000
0.000000 0.000000 2.540000
0.000000 0.000000 2.540000
0.000000 0.000000 2.540000
0.000000 0.000000 2.540000
0.000000 0.000000 2.540000
0.000000 0.000000 2.540000
0.000000 0.000000 2.540000
0.000000 0.000000 2.540000
0.000000 0.000000 2.540000
0.000000 0.000000 2.540000
0.000000 0.000000 2.540000
0.000000 0.000000 2.540000
0.000000 0.000000 2.540000
0.000000 0.000000 2.540000
0.000000 0.000000 2.540000
0.000000 0.000000 2.540000
0.000000 0.000000 2.540000
0.000000 0.000000 2.540000
0.000000 0.000000 2.540000
0.000000 0.000000 2.540000
0.000000 0.000000 2.540000
0.000000 0.000000 2.540000
0.000000 0.000000 2.540000
0.000000 0.000000 2.540000
0.000000 0.000000 2.540000
0.000000 0.000000 2.540000
0.000000 0.000000 2.540000
0.000000 0.000000 2.540000
0.000000 0.000000 2.540000
0.000000 0.000000 2.540000
0.000000 0.000000 2.540000
0.000000 0.000000 2.540000
0.000000 0.000000 2.540000
0.000000 0.000000 2.540000
0.000000 0.000000 2.540000
0.000000 0.000000 2.540000
0.000000 0.000000 2.540000
0.000000 0.000000 2.540000
0.000000 0.000000 2.540000
0.000000 0.000000 2.540000
0.000000 0.000000 2.540000
0.000000 0.000000 2.540000
0.000000 0.000000 2.540000
0.000000 0.000000 2.540000
0.000000 0.000000 2.540000
0.000000 0.000000 2.540000
0.000000 0.000000 2.540000
0.000000 0.000000 2.540000
0.000000 0.000000 2.540000
0.000000 0.000000 2.540000
0.000000 0.000000 2.540000
0.000000 0.000000 2.540000
0.000000 0.000000 2.540000
0.000000 0.000000 2.540000
0.000000 0.000000 2.540000
0.000000 0.000000 2.540000
0.000000 0.000000 2.540000
0.000000 0.000000 2.540000
0.000000 0.000000 2.540000
0.000000 0.000000 2.540000
0.000000 0.000000 2.540000
0.000000 0.000000 2.540000
0.000000 0.000000 2.540000
0.000000 0.000000 2.540000
0.000000 0.000000 2.540000
0.000000 0.000000 2.540000
0.000000 0.000000 2.540000
0.000000 0.000000 2.540000
0.000000 0.000000 2.540000
0.000000 0.000000 2.540000
0.000000 0.000000 2.540000
0.000000 -2.540000 0.000000
0.000000 -2.540000 0.000000
-0.565203 -2.476317 0.000000
-0.565203 -2.476317 0.000000
0.000000 -2.540000 0.000000
-0.565203 -2.476317 0.000000
-0.565203 -2.476317 0.000000
-0.565203 -2.476317 0.000000
-1.102065 -2.288461 0.000000
-1.102065 -2.288461 0.000000
-0.565203 -2.476317 0.000000
-1.102065 -2.288461 0.000000
-1.102065 -2.288461 0.000000
-1.102065 -2.288461 0.000000
-1.583664 -1.985852 0.000000
-1.583664 -1.985852 0.000000
-1.102065 -2.288461 0.000000
-1.583664 -1.985852 0.000000
-1.583664 -1.985852 0.000000
-1.583664 -1.985852 0.000000
-1.985852 -1.583664 0.000000
-1.985852 -1.583664 0.000000
-1.583664 -1.985852 0.000000
-1.985852 -1.583664 0.000000
-1.985852 -1.583664 0.000000
-1.985852 -1.583664 0.000000
-2.288461 -1.102065 0.000000
-2.288461 -1.102065 0.000000
-1.985852 -1.583664 0.000000
-2.288461 -1.102065 0.000000
-2.288461 -1.102065 0.000000
-2.288461 -1.102065 0.000000
-2.476317 -0.565203 0.000000
-2.476317 -0.565203 0.000000
-2.288461 -1.102065 0.000000
-2.476317 -0.565203 0.000000
-2.476317 -0.565203 0.000000
-2.476317 -0.565203 0.000000
-2.540000 -0.000000 0.000000
-2.540000 -0.000000 0.000000
-2.476317 -0.565203 0.000000
-2.540000 -0.000000 0.000000
0.000000 -2.540000 0.000000
0.000000 -2.540000 0.000000
0.000000 -2.540000 0.000000
0.000000 -2.540000 0.000000
0.000000 -2.540000 0.000000
0.000000 -2.540000 0.000000
2.540000 0.000000 0.000000
2.540000 0.000000 0.000000
2.476317 -0.565203 0.000000
2.476317 -0.565203 0.000000
2.540000 0.000000 0.000000
2.476317 -0.565203 0.000000
2.476317 -0.565203 0.000000
2.476317 -0.565203 0.000000
2.288461 -1.102065 0.000000
2.288461 -1.102065 0.000000
2.476317 -0.565203 0.000000
2.288461 -1.102065 0.000000
2.288461 -1.102065 0.000000
2.288461 -1.102065 0.000000
1.985852 -1.583664 0.000000
1.985852 -1.583664 0.000000
2.288461 -1.102065 0.000000
1.985852 -1.583664 0.000000
1.985852 -1.583664 0.000000
1.985852 -1.583664 0.000000
1.583664 -1.985852 0.000000
1.583664 -1.985852 0.000000
1.985852 -1.583664 0.000000
1.583664 -1.985852 0.000000
1.583664 -1.985852 0.000000
1.583664 -1.985852 0.000000
1.102065 -2.288461 0.000000
1.102065 -2.288461 0.000000
1.583664 -1.985852 0.000000
1.102065 -2.288461 0.000000
1.102065 -2.288461 0.000000
1.102065 -2.288461 0.000000
0.565203 -2.476317 0.000000
0.565203 -2.476317 0.000000
1.102065 -2.288461 0.000000
0.565203 -2.476317 0.000000
0.565203 -2.476317 0.000000
0.565203 -2.476317 0.000000
0.000000 -2.540000 0.000000
0.000000 -2.540000 0.000000
0.565203 -2.476317 0.000000
0.000000 -2.540000 0.000000
2.540000 0.000000 0.000000
2.540000 0.000000 0.000000
2.540000 0.000000 0.000000
2.540000 0.000000 0.000000
2.540000 0.000000 0.000000
2.540000 0.000000 0.000000
2.540000 0.000000 0.000000
2.540000 0.000000 0.000000
2.540000 0.000000 0.000000
2.540000 0.000000 0.000000
2.540000 0.000000 0.000000
2.540000 0.000000 0.000000
-0.000000 2.540000 0.000000
0.565203 2.476317 0.000000
-0.000000 2.540000 0.000000
-0.000000 2.540000 0.000000
0.565203 2.476317 0.000000
0.587234 2.471185 0.000000
0.587234 2.471185 0.000000
0.565203 2.476317 0.000000
1.102065 2.288461 0.000000
0.587234 2.471185 0.000000
1.102065 2.288461 0.000000
1.142649 2.268470 0.000000
1.142649 2.268470 0.000000
1.102065 2.288461 0.000000
1.583664 1.985852 0.000000
1.142649 2.268470 0.000000
1.583664 1.985852 0.000000
1.636149 1.942837 0.000000
1.636149 1.942837 0.000000
1.583664 1.985852 0.000000
1.985852 1.583664 0.000000
1.636149 1.942837 0.000000
1.985852 1.583664 0.000000
2.040995 1.511932 0.000000
2.040995 1.511932 0.000000
1.985852 1.583664 0.000000
2.288461 1.102065 0.000000
2.040995 1.511932 0.000000
2.288461 1.102065 0.000000
2.335250 0.999104 0.000000
2.335250 0.999104 0.000000
2.288461 1.102065 0.000000
2.476317 0.565203 0.000000
2.335250 0.999104 0.000000
2.476317 0.565203 0.000000
2.502970 0.432139 0.000000
2.502970 0.432139 0.000000
2.476317 0.565203 0.000000
2.523520 0.288874 0.000000
2.523520 0.288874 0.000000
2.476317 0.565203 0.000000
2.540000 0.000000 0.000000
2.523520 0.288874 0.000000
2.540000 0.000000 0.000000
2.535877 0.144672 0.000000
2.535877 0.144672 0.000000
2.540000 0.000000 0.000000
2.540000 0.000000 0.000000
-0.000000 2.540000 0.000000
0.000000 2.540000 0.000000
0.000000 2.540000 0.000000
0.000000 2.540000 0.000000
0.000000 2.540000 0.000000
0.000000 2.540000 0.000000
0.000000 2.540000 0.000000
0.000000 2.540000 0.000000
0.000000 2.540000 0.000000
-0.000000 2.540000 0.000000
0.000000 2.540000 0.000000
-0.000000 2.540000 0.000000
-0.000000 2.540000 0.000000
0.000000 2.540000 0.000000
0.000000 2.540000 0.000000
-0.000000 2.540000 0.000000
0.000000 2.540000 0.000000
0.000000 2.540000 0.000000
0.000000 2.540000 0.000000
0.000000 2.540000 0.000000
-0.000000 2.540000 0.000000
-0.000000 2.540000 0.000000
0.000000 2.540000 0.000000
0.000000 2.540000 0.000000
-0.000000 2.540000 0.000000
0.000000 2.540000 0.000000
0.000000 2.540000 0.000000
0.000000 2.540000 0.000000
0.000000 2.540000 0.000000
0.000000 2.540000 0.000000
0.000000 2.540000 0.000000
0.000000 2.540000 0.000000
0.000000 2.540000 0.000000
0.000000 2.540000 0.000000
0.000000 2.540000 0.000000
0.000000 2.540000 0.000000
0.000000 2.540000 0.000000
0.000000 2.540000 0.000000
0.000000 2.540000 0.000000
0.000000 2.540000 0.000000
0.000000 2.540000 0.000000
0.000000 2.540000 0.000000
0.000000 2.540000 0.000000
0.000000 2.540000 0.000000
0.000000 2.540000 0.000000
0.000000 2.540000 0.000000
0.000000 2.540000 0.000000
0.000000 2.540000 0.000000
0.000000 2.540000 0.000000
0.000000 2.540000 0.000000
0.000000 2.540000 0.000000
0.000000 2.540000 0.000000
0.000000 2.540000 0.000000
0.000000 2.540000 0.000000
0.000000 2.540000 0.000000
0.000000 2.540000 0.000000
0.000000 2.540000 0.000000
0.000000 2.540000 0.000000
0.000000 2.540000 0.000000
0.000000 2.540000 0.000000
0.000000 2.540000 0.000000
0.000000 2.540000 0.000000
0.000000 2.540000 0.000000
0.000000 2.540000 0.000000
0.000000 2.540000 0.000000
0.000000 2.540000 0.000000
0.000000 2.540000 0.000000
0.000000 2.540000 0.000000
0.000000 2.540000 0.000000
0.000000 2.540000 0.000000
0.000000 2.540000 0.000000
0.000000 2.540000 0.000000
0.000000 2.540000 0.000000
0.000000 2.540000 0.000000
0.000000 2.540000 0.000000
0.000000 2.540000 0.000000
0.000000 2.540000 0.000000
0.000000 2.540000 0.000000
0.000000 2.540000 0.000000
0.000000 2.540000 0.000000
0.000000 2.540000 0.000000
0.000000 2.540000 0.000000
0.000000 2.540000 0.000000
0.000000 2.540000 0.000000
0.000000 2.540000 0.000000
0.000000 2.540000 0.000000
0.000000 2.540000 0.000000
0.000000 2.540000 0.000000
0.000000 2.540000 0.000000
0.000000 2.540000 0.000000
0.000000 2.540000 0.000000
0.000000 2.540000 0.000000
0.000000 2.540000 0.000000
0.000000 2.540000 0.000000
0.000000 2.540000 0.000000
0.000000 2.540000 0.000000
0.000000 2.540000 0.000000
0.000000 2.540000 0.000000
0.000000 2.540000 0.000000
0.000000 2.540000 0.000000
0.000000 2.540000 0.000000
0.000000 2.540000 0.000000
0.000000 2.540000 0.000000
0.000000 2.540000 0.000000
0.000000 2.540000 0.000000
0.000000 2.540000 0.000000
0.000000 2.540000 0.000000
0.000000 2.540000 0.000000
0.000000 2.540000 0.000000
0.000000 2.540000 0.000000
0.000000 2.540000 0.000000
0.000000 2.540000 0.000000
0.000000 2.540000 0.000000
0.000000 2.540000 0.000000
0.000000 2.540000 0.000000
0.000000 2.540000 0.000000
0.000000 2.540000 0.000000
0.000000 2.540000 0.000000
0.000000 2.540000 0.000000
0.000000 2.540000 0.000000
0.000000 2.540000 0.000000
0.000000 2.540000 0.000000
0.000000 2.540000 0.000000
0.000000 2.540000 0.000000
0.000000 2.540000 0.000000
0.000000 2.540000 0.000000
0.000000 2.540000 0.000000
0.000000 2.540000 0.000000
0.000000 2.540000 0.000000
0.000000 2.540000 0.000000
0.000000 2.540000 0.000000
0.000000 2.540000 0.000000
0.000000 2.540000 0.000000
0.000000 2.540000 0.000000
0.000000 2.540000 0.000000
0.000000 2.540000 0.000000
0.000000 2.540000 0.000000
0.000000 2.540000 0.000000
0.000000 2.540000 0.000000
0.000000 2.540000 0.000000
0.000000 2.540000 0.000000
0.000000 2.540000 0.000000
0.000000 2.540000 0.000000
0.000000 2.540000 0.000000
0.000000 2.540000 0.000000
0.000000 2.540000 0.000000
0.000000 2.540000 0.000000
0.000000 2.540000 0.000000
0.000000 2.540000 0.000000
0.000000 2.540000 0.000000
0.000000 2.540000 0.000000
0.000000 2.540000 0.000000
0.000000 2.540000 0.000000
0.000000 2.540000 0.000000
0.000000 2.540000 0.000000
0.000000 2.540000 0.000000
0.000000 2.540000 0.000000
0.000000 2.540000 0.000000
0.000000 2.540000 0.000000
0.000000 2.540000 0.000000
0.000000 2.540000 0.000000
0.000000 2.540000 0.000000
0.000000 2.540000 0.000000
0.000000 2.540000 0.000000
0.000000 2.540000 0.000000
0.000000 2.540000 0.000000
0.000000 2.540000 0.000000
0.000000 2.540000 0.000000
0.000000 2.540000 0.000000
0.000000 2.540000 0.000000
0.000000 2.540000 0.000000
0.000000 2.540000 0.000000
0.000000 2.540000 0.000000
0.000000 2.540000 0.000000
0.000000 2.540000 0.000000
0.000000 2.540000 0.000000
0.000000 2.540000 0.000000
0.000000 2.540000 0.000000
0.000000 2.540000 0.000000
0.000000 2.540000 0.000000
0.000000 2.540000 0.000000
0.000000 2.540000 0.000000
0.000000 2.540000 0.000000
0.000000 2.540000 0.000000
0.000000 2.540000 0.000000
0.000000 2.540000 0.000000
0.000000 2.540000 0.000000
0.000000 2.540000 0.000000
0.000000 2.540000 0.000000
0.000000 2.540000 0.000000
0.000000 2.540000 0.000000
0.000000 2.540000 0.000000
0.000000 2.540000 0.000000
0.000000 2.540000 0.000000
0.000000 2.540000 0.000000
0.000000 2.540000 0.000000
0.000000 2.540000 0.000000
0.000000 2.540000 0.000000
0.000000 2.540000 0.000000
0.000000 2.540000 0.000000
0.000000 2.540000 0.000000
0.000000 2.540000 0.000000
0.000000 2.540000 0.000000
0.000000 2.540000 0.000000
0.000000 2.540000 0.000000
0.000000 2.540000 0.000000
0.000000 2.540000 0.000000
0.000000 2.540000 0.000000
0.000000 2.540000 0.000000
0.000000 2.540000 0.000000
0.000000 2.540000 0.000000
0.000000 2.540000 0.000000
0.000000 2.540000 0.000000
0.000000 2.540000 0.000000
0.000000 2.540000 0.000000
0.000000 2.540000 0.000000
0.000000 2.540000 0.000000
0.000000 2.540000 0.000000
0.000000 2.540000 0.000000
0.000000 2.540000 0.000000
0.000000 2.540000 0.000000
0.000000 2.540000 0.000000
0.000000 2.540000 0.000000
0.000000 2.540000 0.000000
0.000000 2.540000 0.000000
0.000000 2.540000 0.000000
0.000000 2.540000 0.000000
0.000000 2.540000 0.000000
0.000000 2.540000 0.000000
0.000000 2.540000 0.000000
0.000000 2.540000 0.000000
0.000000 2.540000 0.000000
0.000000 2.540000 0.000000
0.000000 2.540000 0.000000
0.000000 2.540000 0.000000
0.000000 2.540000 0.000000
0.000000 2.540000 0.000000
0.000000 2.540000 0.000000
0.000000 2.540000 0.000000
-0.000000 2.540000 0.000000
0.000000 2.540000 0.000000
0.000000 2.540000 0.000000
0.000000 2.540000 0.000000
0.000000 2.540000 0.000000
0.000000 2.540000 0.000000
-0.000000 2.540000 0.000000
-0.000000 2.540000 0.000000
0.000000 2.540000 0.000000
0.000000 2.540000 0.000000
-0.000000 2.540000 0.000000
0.000000 2.540000 0.000000
0.000000 2.540000 0.000000
0.000000 2.540000 0.000000
0.000000 2.540000 0.000000
-0.000000 2.540000 0.000000
-0.000000 2.540000 0.000000
0.000000 2.540000 0.000000
0.000000 2.540000 0.000000
-0.000000 2.540000 0.000000
0.000000 2.540000 0.000000
0.000000 2.540000 0.000000
0.000000 2.540000 0.000000
0.000000 2.540000 0.000000
-0.000000 2.540000 0.000000
-2.540000 -0.000000 0.000000
-2.540000 -0.000000 0.000000
-2.476317 0.565203 0.000000
-2.476317 0.565203 0.000000
-2.540000 -0.000000 0.000000
-2.476317 0.565203 0.000000
-2.476317 0.565203 0.000000
-2.476317 0.565203 0.000000
-2.288461 1.102065 0.000000
-2.288461 1.102065 0.000000
-2.476317 0.565203 0.000000
-2.288461 1.102065 0.000000
-2.288461 1.102065 0.000000
-2.288461 1.102065 0.000000
-1.985852 1.583664 0.000000
-1.985852 1.583664 0.000000
-2.288461 1.102065 0.000000
-1.985852 1.583664 0.000000
-1.985852 1.583664 0.000000
-1.985852 1.583664 0.000000
-1.583664 1.985852 0.000000
-1.583664 1.985852 0.000000
-1.985852 1.583664 0.000000
-1.583664 1.985852 0.000000
-1.583664 1.985852 0.000000
-1.583664 1.985852 0.000000
-1.102065 2.288461 0.000000
-1.102065 2.288461 0.000000
-1.583664 1.985852 0.000000
-1.102065 2.288461 0.000000
-1.102065 2.288461 0.000000
-1.102065 2.288461 0.000000
-0.565203 2.476317 0.000000
-0.565203 2.476317 0.000000
-1.102065 2.288461 0.000000
-0.565203 2.476317 0.000000
-0.565203 2.476317 0.000000
-0.565203 2.476317 0.000000
0.000000 2.540000 0.000000
0.000000 2.540000 0.000000
-0.565203 2.476317 0.000000
0.000000 2.540000 0.000000
2.540000 0.000000 0.000000
2.540000 0.000000 0.000000
2.540000 0.000000 0.000000
2.540000 0.000000 0.000000
2.540000 0.000000 0.000000
2.540000 0.000000 0.000000
2.540000 0.000000 0.000000
2.540000 0.000000 0.000000
2.540000 0.000000 0.000000
2.540000 0.000000 0.000000
2.540000 0.000000 0.000000
2.540000 0.000000 0.000000
2.540000 0.000000 0.000000
2.540000 0.000000 0.000000
2.540000 0.000000 0.000000
2.540000 0.000000 0.000000
2.540000 0.000000 0.000000
2.540000 0.000000 0.000000
2.540000 0.000000 0.000000
2.540000 0.000000 0.000000
2.540000 0.000000 0.000000
2.540000 0.000000 0.000000
2.540000 0.000000 0.000000
2.540000 0.000000 0.000000
0.000000 2.540000 0.000000
0.000000 2.540000 0.000000
0.000000 2.540000 0.000000
0.000000 2.540000 0.000000
0.000000 2.540000 0.000000
0.000000 2.540000 0.000000
-2.540000 -0.000000 0.000000
-2.540000 -0.000000 0.000000
-2.540000 -0.000000 0.000000
-2.540000 -0.000000 0.000000
-2.540000 -0.000000 0.000000
-2.540000 -0.000000 0.000000
-2.540000 -0.000000 0.000000
-2.540000 -0.000000 0.000000
-2.540000 -0.000000 0.000000
-2.540000 -0.000000 0.000000
-2.540000 -0.000000 0.000000
-2.540000 -0.000000 0.000000
-2.540000 -0.000000 0.000000
-2.540000 -0.000000 0.000000
-2.540000 -0.000000 0.000000
-2.540000 -0.000000 0.000000
-2.540000 -0.000000 0.000000
-2.540000 -0.000000 0.000000
-2.540000 -0.000000 0.000000
-2.540000 -0.000000 0.000000
-2.540000 -0.000000 0.000000
-2.540000 -0.000000 0.000000
-2.540000 -0.000000 0.000000
-2.540000 -0.000000 0.000000
0.000000 -2.540000 0.000000
0.000000 -2.540000 0.000000
0.000000 -2.540000 0.000000
0.000000 -2.540000 0.000000
0.000000 -2.540000 0.000000
0.000000 -2.540000 0.000000
0.000000 -2.540000 0.000000
0.000000 -2.540000 0.000000
0.000000 -2.540000 0.000000
0.000000 -2.540000 0.000000
0.000000 -2.540000 0.000000
0.000000 -2.540000 0.000000
0.000000 -2.540000 0.000000
0.000000 -2.540000 0.000000
0.000000 -2.540000 0.000000
0.000000 -2.540000 0.000000
0.000000 -2.540000 0.000000
0.000000 -2.540000 0.000000
0.000000 -2.540000 0.000000
0.000000 -2.540000 0.000000
0.000000 -2.540000 0.000000
0.000000 -2.540000 0.000000
0.000000 -2.540000 0.000000
0.000000 -2.540000 0.000000
0.000000 -2.540000 0.000000
0.000000 -2.540000 0.000000
0.000000 -2.540000 0.000000
0.000000 -2.540000 0.000000
0.000000 -2.540000 0.000000
0.000000 -2.540000 0.000000
0.000000 -2.540000 0.000000
0.000000 -2.540000 0.000000
0.000000 -2.540000 0.000000
0.000000 -2.540000 0.000000
0.000000 -2.540000 0.000000
0.000000 -2.540000 0.000000
0.000000 -2.540000 0.000000
0.000000 -2.540000 0.000000
0.000000 -2.540000 0.000000
0.000000 -2.540000 0.000000
0.000000 -2.540000 0.000000
0.000000 -2.540000 0.000000
0.000000 -2.540000 0.000000
0.000000 -2.540000 0.000000
0.000000 -2.540000 0.000000
0.000000 -2.540000 0.000000
0.000000 -2.540000 0.000000
0.000000 -2.540000 0.000000
0.000000 -2.540000 0.000000
0.000000 -2.540000 0.000000
0.000000 -2.540000 0.000000
0.000000 -2.540000 0.000000
0.000000 -2.540000 0.000000
0.000000 -2.540000 0.000000
0.000000 -2.540000 0.000000
0.000000 -2.540000 0.000000
0.000000 -2.540000 0.000000
0.000000 -2.540000 0.000000
0.000000 -2.540000 0.000000
0.000000 -2.540000 0.000000
0.000000 -2.540000 0.000000
0.000000 -2.540000 0.000000
0.000000 -2.540000 0.000000
0.000000 -2.540000 0.000000
0.000000 -2.540000 0.000000
0.000000 -2.540000 0.000000
0.000000 -2.540000 0.000000
0.000000 -2.540000 0.000000
0.000000 -2.540000 0.000000
0.000000 -2.540000 0.000000
0.000000 -2.540000 0.000000
0.000000 -2.540000 0.000000
0.000000 -2.540000 0.000000
0.000000 -2.540000 0.000000
0.000000 -2.540000 0.000000
0.000000 -2.540000 0.000000
0.000000 -2.540000 0.000000
0.000000 -2.540000 0.000000
0.000000 -2.540000 0.000000
0.000000 -2.540000 0.000000
0.000000 -2.540000 0.000000
0.000000 -2.540000 0.000000
0.000000 -2.540000 0.000000
0.000000 -2.540000 0.000000
0.000000 -2.540000 0.000000
0.000000 -2.540000 0.000000
0.000000 -2.540000 0.000000
0.000000 -2.540000 0.000000
0.000000 -2.540000 0.000000
0.000000 -2.540000 0.000000
0.000000 -2.540000 0.000000
0.000000 -2.540000 0.000000
0.000000 -2.540000 0.000000
0.000000 -2.540000 0.000000
0.000000 -2.540000 0.000000
0.000000 -2.540000 0.000000
0.000000 -2.540000 0.000000
0.000000 -2.540000 0.000000
0.000000 -2.540000 0.000000
0.000000 -2.540000 0.000000
0.000000 -2.540000 0.000000
0.000000 -2.540000 0.000000
0.000000 -2.540000 0.000000
0.000000 -2.540000 0.000000
0.000000 -2.540000 0.000000
0.000000 -2.540000 0.000000
0.000000 -2.540000 0.000000
0.000000 -2.540000 0.000000
0.000000 -2.540000 0.000000
0.000000 -2.540000 0.000000
0.000000 -2.540000 0.000000
0.000000 -2.540000 0.000000
0.000000 -2.540000 0.000000
0.000000 -2.540000 0.000000
0.000000 -2.540000 0.000000
0.000000 -2.540000 0.000000
0.000000 -2.540000 0.000000
0.000000 -2.540000 0.000000
0.000000 -2.540000 0.000000
0.000000 -2.540000 0.000000
0.000000 -2.540000 0.000000
0.000000 -2.540000 0.000000
0.000000 -2.540000 0.000000
0.000000 -2.540000 0.000000
0.000000 -2.540000 0.000000
0.000000 -2.540000 0.000000
0.000000 -2.540000 0.000000
0.000000 -2.540000 0.000000
0.000000 -2.540000 0.000000
0.000000 -2.540000 0.000000
0.000000 -2.540000 0.000000
0.000000 -2.540000 0.000000
0.000000 -2.540000 0.000000
0.000000 -2.540000 0.000000
0.000000 -2.540000 0.000000
0.000000 -2.540000 0.000000
0.000000 -2.540000 0.000000
0.000000 -2.540000 0.000000
0.000000 -2.540000 0.000000
0.000000 -2.540000 0.000000
0.000000 -2.540000 0.000000
0.000000 -2.540000 0.000000
0.000000 -2.540000 0.000000
0.000000 -2.540000 0.000000
0.000000 -2.540000 0.000000
0.000000 -2.540000 0.000000
0.000000 -2.540000 0.000000
0.000000 -2.540000 0.000000
0.000000 -2.540000 0.000000
0.000000 -2.540000 0.000000
0.000000 -2.540000 0.000000
0.000000 -2.540000 0.000000
0.000000 -2.540000 0.000000
0.000000 -2.540000 0.000000
0.000000 -2.540000 0.000000
0.000000 -2.540000 0.000000
0.000000 -2.540000 0.000000
0.000000 -2.540000 0.000000
0.000000 -2.540000 0.000000
0.000000 -2.540000 0.000000
0.000000 -2.540000 0.000000
0.000000 -2.540000 0.000000
0.000000 -2.540000 0.000000
0.000000 -2.540000 0.000000
0.000000 -2.540000 0.000000
0.000000 -2.540000 0.000000
0.000000 -2.540000 0.000000
0.000000 -2.540000 0.000000
0.000000 -2.540000 0.000000
0.000000 -2.540000 0.000000
0.000000 -2.540000 0.000000
0.000000 -2.540000 0.000000
0.000000 -2.540000 0.000000
0.000000 -2.540000 0.000000
0.000000 -2.540000 0.000000
0.000000 -2.540000 0.000000
0.000000 -2.540000 0.000000
0.000000 -2.540000 0.000000
0.000000 -2.540000 0.000000
0.000000 -2.540000 0.000000
0.000000 -2.540000 0.000000
0.000000 -2.540000 0.000000
0.000000 -2.540000 0.000000
0.000000 -2.540000 0.000000
0.000000 -2.540000 0.000000
0.000000 -2.540000 0.000000
0.000000 -2.540000 0.000000
0.000000 -2.540000 0.000000
0.000000 -2.540000 0.000000
0.000000 -2.540000 0.000000
0.000000 -2.540000 0.000000
0.000000 -2.540000 0.000000
0.000000 -2.540000 0.000000
0.000000 -2.540000 0.000000
0.000000 -2.540000 0.000000
0.000000 -2.540000 0.000000
0.000000 -2.540000 0.000000
0.000000 -2.540000 0.000000
0.000000 -2.540000 0.000000
0.000000 -2.540000 0.000000
0.000000 -2.540000 0.000000
0.000000 -2.540000 0.000000
0.000000 -2.540000 0.000000
0.000000 -2.540000 0.000000
0.000000 -2.540000 0.000000
0.000000 -2.540000 0.000000
0.000000 -2.540000 0.000000
0.000000 -2.540000 0.000000
0.000000 -2.540000 0.000000
0.000000 -2.540000 0.000000
0.000000 -2.540000 0.000000
0.000000 -2.540000 0.000000
0.000000 -2.540000 0.000000
0.000000 -2.540000 0.000000
0.000000 -2.540000 0.000000
0.000000 -2.540000 0.000000
0.000000 -2.540000 0.000000
0.000000 -2.540000 0.000000
0.000000 -2.540000 0.000000
0.000000 -2.540000 0.000000
0.000000 -2.540000 0.000000
0.000000 -2.540000 0.000000
0.000000 -2.540000 0.000000
0.000000 -2.540000 0.000000
0.000000 -2.540000 0.000000
0.000000 -2.540000 0.000000
0.000000 -2.540000 0.000000
0.000000 -2.540000 0.000000
0.000000 -2.540000 0.000000
0.000000 -2.540000 0.000000
0.000000 -2.540000 0.000000
0.000000 -2.540000 0.000000
0.000000 -2.540000 0.000000
0.000000 -2.540000 0.000000
0.000000 -2.540000 0.000000
0.000000 -2.540000 0.000000
0.000000 -2.540000 0.000000
0.000000 -2.540000 0.000000
0.000000 -2.540000 0.000000
0.000000 -2.540000 0.000000
0.000000 -2.540000 0.000000
0.000000 -2.540000 0.000000
0.000000 -2.540000 0.000000
0.000000 -2.540000 0.000000
0.000000 -2.540000 0.000000
0.000000 -2.540000 0.000000
0.000000 -2.540000 0.000000
0.000000 -2.540000 0.000000
0.000000 -2.540000 0.000000
0.000000 -2.540000 0.000000
0.000000 -2.540000 0.000000
0.000000 -2.540000 0.000000
0.000000 -2.540000 0.000000
0.000000 -2.540000 0.000000
0.000000 -2.540000 0.000000
0.000000 -2.540000 0.000000
0.000000 -2.540000 0.000000
0.000000 -2.540000 0.000000
0.000000 0.000000 2.540000
0.000000 0.000000 2.540000
0.000000 0.000000 2.540000
0.000000 0.000000 2.540000
0.000000 0.000000 2.540000
0.000000 0.000000 2.540000
0.000000 0.000000 2.540000
0.000000 0.000000 2.540000
0.000000 0.000000 2.540000
0.000000 0.000000 2.540000
0.000000 0.000000 2.540000
0.000000 0.000000 2.540000
0.000000 0.000000 2.540000
0.000000 0.000000 2.540000
0.000000 0.000000 2.540000
0.000000 0.000000 2.540000
0.000000 0.000000 2.540000
0.000000 0.000000 2.540000
0.000000 0.000000 2.540000
0.000000 0.000000 2.540000
0.000000 0.000000 2.540000
0.000000 0.000000 2.540000
0.000000 0.000000 2.540000
0.000000 0.000000 2.540000
0.000000 0.000000 2.540000
0.000000 0.000000 2.540000
0.000000 0.000000 2.540000
0.000000 0.000000 2.540000
0.000000 0.000000 2.540000
0.000000 0.000000 2.540000
0.000000 0.000000 2.540000
0.000000 0.000000 2.540000
0.000000 0.000000 2.540000
0.000000 0.000000 2.540000
0.000000 0.000000 2.540000
0.000000 0.000000 2.540000
0.000000 0.000000 2.540000
0.000000 0.000000 2.540000
0.000000 0.000000 2.540000
0.000000 0.000000 2.540000
0.000000 0.000000 2.540000
0.000000 0.000000 2.540000
0.000000 0.000000 2.540000
0.000000 0.000000 2.540000
0.000000 0.000000 2.540000
0.000000 0.000000 2.540000
0.000000 0.000000 2.540000
0.000000 0.000000 2.540000
0.000000 0.000000 2.540000
0.000000 0.000000 2.540000
0.000000 0.000000 2.540000
0.000000 0.000000 2.540000
0.000000 0.000000 2.540000
0.000000 0.000000 2.540000
0.000000 0.000000 2.540000
0.000000 0.000000 2.540000
0.000000 0.000000 2.540000
0.000000 0.000000 2.540000
0.000000 0.000000 2.540000
0.000000 0.000000 2.540000
0.000000 0.000000 2.540000
0.000000 0.000000 2.540000
0.000000 0.000000 2.540000
0.000000 0.000000 2.540000
0.000000 0.000000 2.540000
0.000000 0.000000 2.540000
0.000000 0.000000 2.540000
0.000000 0.000000 2.540000
0.000000 0.000000 2.540000
0.000000 0.000000 2.540000
0.000000 0.000000 2.540000
0.000000 0.000000 2.540000
0.000000 0.000000 2.540000
0.000000 0.000000 2.540000
0.000000 0.000000 2.540000
0.000000 0.000000 2.540000
0.000000 0.000000 2.540000
0.000000 0.000000 2.540000
0.000000 0.000000 2.540000
0.000000 0.000000 2.540000
0.000000 0.000000 2.540000
0.000000 0.000000 2.540000
0.000000 0.000000 2.540000
0.000000 0.000000 2.540000
0.000000 2.540000 0.000000
0.000000 2.540000 0.000000
0.000000 2.540000 0.000000
0.000000 2.540000 0.000000
0.000000 2.540000 0.000000
0.000000 2.540000 0.000000
0.000000 2.540000 0.000000
0.000000 2.540000 0.000000
0.000000 2.540000 0.000000
0.000000 2.540000 0.000000
0.000000 2.540000 0.000000
0.000000 2.540000 0.000000
0.000000 2.540000 0.000000
0.000000 2.540000 0.000000
0.000000 2.540000 0.000000
0.000000 2.540000 0.000000
0.000000 2.540000 0.000000
0.000000 2.540000 0.000000
0.000000 2.540000 0.000000
0.000000 2.540000 0.000000
0.000000 2.540000 0.000000
0.000000 2.540000 0.000000
0.000000 2.540000 0.000000
0.000000 2.540000 0.000000
0.000000 2.540000 0.000000
0.000000 2.540000 0.000000
0.000000 2.540000 0.000000
0.000000 2.540000 0.000000
0.000000 2.540000 0.000000
0.000000 2.540000 0.000000
0.000000 2.540000 0.000000
0.000000 2.540000 0.000000
0.000000 2.540000 0.000000
0.000000 2.540000 0.000000
0.000000 2.540000 0.000000
0.000000 2.540000 0.000000
0.000000 2.540000 0.000000
0.000000 2.540000 0.000000
0.000000 2.540000 0.000000
0.000000 2.540000 0.000000
0.000000 2.540000 0.000000
0.000000 2.540000 0.000000
0.000000 2.540000 0.000000
0.000000 2.540000 0.000000
0.000000 2.540000 0.000000
0.000000 2.540000 0.000000
0.000000 2.540000 0.000000
0.000000 2.540000 0.000000
2.539973 0.011681 0.000000
2.539973 0.011681 0.000000
2.539973 0.011681 0.000000
2.539973 0.011681 0.000000
2.539973 0.011681 0.000000
2.539973 0.011681 0.000000
2.539973 0.011681 0.000000
2.539973 0.011681 0.000000
2.539973 0.011681 0.000000
0.000000 -2.540000 0.000000
0.000000 -2.540000 0.000000
0.000000 -2.540000 0.000000
0.000000 -2.540000 0.000000
0.000000 -2.540000 0.000000
0.000000 -2.540000 0.000000
0.000000 -2.540000 0.000000
0.000000 -2.540000 0.000000
0.000000 -2.540000 0.000000
0.000000 -2.540000 0.000000
0.000000 -2.540000 0.000000
0.000000 -2.540000 0.000000
0.000000 -2.540000 0.000000
0.000000 -2.540000 0.000000
0.000000 -2.540000 0.000000
0.000000 -2.540000 0.000000
0.000000 -2.540000 0.000000
0.000000 -2.540000 0.000000
0.000000 -2.540000 0.000000
0.000000 -2.540000 0.000000
0.000000 -2.540000 0.000000
0.000000 -2.540000 0.000000
0.000000 -2.540000 0.000000
0.000000 -2.540000 0.000000
0.000000 -2.540000 0.000000
0.000000 -2.540000 0.000000
0.000000 -2.540000 0.000000
0.000000 -2.540000 0.000000
0.000000 -2.540000 0.000000
0.000000 -2.540000 0.000000
0.000000 -2.540000 0.000000
0.000000 -2.540000 0.000000
0.000000 -2.540000 0.000000
0.000000 -2.540000 0.000000
0.000000 -2.540000 0.000000
0.000000 -2.540000 0.000000
0.000000 -2.540000 0.000000
0.000000 -2.540000 0.000000
0.000000 -2.540000 0.000000
0.000000 -2.540000 0.000000
0.000000 -2.540000 0.000000
0.000000 -2.540000 0.000000
0.000000 -2.540000 0.000000
0.000000 -2.540000 0.000000
0.000000 -2.540000 0.000000
0.000000 -2.540000 0.000000
0.000000 -2.540000 0.000000
0.000000 -2.540000 0.000000
0.000000 -2.540000 0.000000
0.000000 -2.540000 0.000000
0.000000 -2.540000 0.000000
0.000000 -2.540000 0.000000
0.000000 -2.540000 0.000000
0.000000 -2.540000 0.000000
0.000000 -2.540000 0.000000
0.000000 -2.540000 0.000000
0.000000 -2.540000 0.000000
0.000000 -2.540000 0.000000
0.000000 -2.540000 0.000000
0.000000 -2.540000 0.000000
0.000000 -2.540000 0.000000
0.000000 -2.540000 0.000000
0.000000 -2.540000 0.000000
0.000000 -2.540000 0.000000
0.000000 -2.540000 0.000000
0.000000 -2.540000 0.000000
0.000000 -2.540000 0.000000
0.000000 -2.540000 0.000000
0.000000 -2.540000 0.000000
0.000000 -2.540000 0.000000
0.000000 -2.540000 0.000000
0.000000 -2.540000 0.000000
0.000000 -2.540000 0.000000
0.000000 -2.540000 0.000000
0.000000 -2.540000 0.000000
0.000000 -2.540000 0.000000
0.000000 -2.540000 0.000000
0.000000 -2.540000 0.000000
0.000000 -2.540000 0.000000
0.000000 -2.540000 0.000000
0.000000 -2.540000 0.000000
0.000000 -2.540000 0.000000
0.000000 -2.540000 0.000000
0.000000 -2.540000 0.000000
0.000000 -2.540000 0.000000
0.000000 -2.540000 0.000000
0.000000 -2.540000 0.000000
0.000000 -2.540000 0.000000
0.000000 -2.540000 0.000000
0.000000 -2.540000 0.000000
0.000000 -2.540000 0.000000
0.000000 -2.540000 0.000000
0.000000 -2.540000 0.000000
0.000000 -2.540000 0.000000
0.000000 -2.540000 0.000000
0.000000 -2.540000 0.000000
0.000000 -2.540000 0.000000
0.000000 -2.540000 0.000000
0.000000 -2.540000 0.000000
0.000000 -2.540000 0.000000
0.000000 -2.540000 0.000000
0.000000 -2.540000 0.000000
0.000000 -2.540000 0.000000
0.000000 -2.540000 0.000000
0.000000 -2.540000 0.000000
0.000000 -2.540000 0.000000
0.000000 -2.540000 0.000000
0.000000 -2.540000 0.000000
0.000000 -2.540000 0.000000
0.000000 -2.540000 0.000000
0.000000 -2.540000 0.000000
0.000000 -2.540000 0.000000
0.000000 -2.540000 0.000000
0.000000 -2.540000 0.000000
0.000000 -2.540000 0.000000
0.000000 -2.540000 0.000000
0.000000 -2.540000 0.000000
0.000000 -2.540000 0.000000
0.000000 -2.540000 0.000000
0.000000 -2.540000 0.000000
0.000000 -2.540000 0.000000
0.000000 -2.540000 0.000000
0.000000 -2.540000 0.000000
0.000000 -2.540000 0.000000
0.000000 -2.540000 0.000000
0.000000 -2.540000 0.000000
0.000000 -2.540000 0.000000
0.000000 -2.540000 0.000000
0.000000 -2.540000 0.000000
0.000000 -2.540000 0.000000
0.000000 -2.540000 0.000000
0.000000 -2.540000 0.000000
0.000000 2.540000 0.000000
0.000000 2.540000 0.000000
0.000000 2.540000 0.000000
0.000000 2.540000 0.000000
0.000000 2.540000 0.000000
0.000000 2.540000 0.000000
0.000000 -2.540000 0.000000
0.000000 -2.540000 0.000000
0.000000 -2.540000 0.000000
0.000000 -2.540000 0.000000
0.000000 -2.540000 0.000000
0.000000 -2.540000 0.000000
0.000000 -2.540000 0.000000
0.000000 -2.540000 0.000000
0.000000 -2.540000 0.000000
0.000000 -2.540000 0.000000
0.000000 -2.540000 0.000000
0.000000 -2.540000 0.000000
0.000000 -2.540000 0.000000
0.000000 -2.540000 0.000000
0.000000 -2.540000 0.000000
0.000000 -2.540000 0.000000
0.000000 -2.540000 0.000000
0.000000 -2.540000 0.000000
0.000000 -2.540000 0.000000
0.000000 -2.540000 0.000000
0.000000 -2.540000 0.000000
0.000000 -2.540000 0.000000
0.000000 -2.540000 0.000000
0.000000 -2.540000 0.000000
0.000000 -2.540000 0.000000
0.000000 -2.540000 0.000000
0.000000 -2.540000 0.000000
0.000000 -2.540000 0.000000
0.000000 -2.540000 0.000000
0.000000 -2.540000 0.000000
0.000000 -2.540000 0.000000
0.000000 -2.540000 0.000000
0.000000 -2.540000 0.000000
0.000000 -2.540000 0.000000
0.000000 -2.540000 0.000000
0.000000 -2.540000 0.000000
0.000000 -2.540000 0.000000
0.000000 -2.540000 0.000000
0.000000 -2.540000 0.000000
0.000000 -2.540000 0.000000
0.000000 -2.540000 0.000000
0.000000 -2.540000 0.000000
0.000000 -2.540000 0.000000
0.000000 -2.540000 0.000000
0.000000 -2.540000 0.000000
0.000000 -2.540000 0.000000
0.000000 -2.540000 0.000000
0.000000 -2.540000 0.000000
0.000000 -2.540000 0.000000
0.000000 -2.540000 0.000000
0.000000 -2.540000 0.000000
0.000000 -2.540000 0.000000
0.000000 -2.540000 0.000000
0.000000 -2.540000 0.000000
0.000000 -2.540000 0.000000
0.000000 -2.540000 0.000000
0.000000 -2.540000 0.000000
0.000000 -2.540000 0.000000
0.000000 -2.540000 0.000000
0.000000 -2.540000 0.000000
0.000000 -2.540000 0.000000
0.000000 -2.540000 0.000000
0.000000 -2.540000 0.000000
0.000000 -2.540000 0.000000
0.000000 -2.540000 0.000000
0.000000 -2.540000 0.000000
0.000000 -2.540000 0.000000
0.000000 -2.540000 0.000000
0.000000 -2.540000 0.000000
0.000000 -2.540000 0.000000
0.000000 -2.540000 0.000000
0.000000 -2.540000 0.000000
0.000000 -2.540000 0.000000
0.000000 -2.540000 0.000000
0.000000 -2.540000 0.000000
0.000000 -2.540000 0.000000
0.000000 -2.540000 0.000000
0.000000 -2.540000 0.000000
0.000000 -2.540000 0.000000
0.000000 -2.540000 0.000000
0.000000 -2.540000 0.000000
0.000000 -2.540000 0.000000
0.000000 -2.540000 0.000000
0.000000 -2.540000 0.000000
0.000000 -2.540000 0.000000
0.000000 -2.540000 0.000000
0.000000 -2.540000 0.000000
0.000000 -2.540000 0.000000
0.000000 -2.540000 0.000000
0.000000 -2.540000 0.000000
0.000000 -2.540000 0.000000
0.000000 -2.540000 0.000000
0.000000 -2.540000 0.000000
0.000000 -2.540000 0.000000
0.000000 -2.540000 0.000000
0.000000 -2.540000 0.000000
0.000000 -2.540000 0.000000
0.000000 -2.540000 0.000000
0.000000 -2.540000 0.000000
0.000000 -2.540000 0.000000
0.000000 -2.540000 0.000000
0.000000 -2.540000 0.000000
0.000000 -2.540000 0.000000
0.000000 -2.540000 0.000000
0.000000 -2.540000 0.000000
0.000000 -2.540000 0.000000
0.000000 -2.540000 0.000000
0.000000 -2.540000 0.000000
0.000000 -2.540000 0.000000
0.000000 -2.540000 0.000000
0.000000 -2.540000 0.000000
0.000000 -2.540000 0.000000
0.000000 -2.540000 0.000000
0.000000 -2.540000 0.000000
0.000000 -2.540000 0.000000
0.000000 -2.540000 0.000000
0.000000 -2.540000 0.000000
0.000000 -2.540000 0.000000
0.000000 -2.540000 0.000000
0.000000 -2.540000 0.000000
0.000000 -2.540000 0.000000
0.000000 -2.540000 0.000000
0.000000 -2.540000 0.000000
0.000000 -2.540000 0.000000
0.000000 -2.540000 0.000000
0.000000 -2.540000 0.000000
0.000000 -2.540000 0.000000
0.000000 -2.540000 0.000000
0.000000 -2.540000 0.000000
0.000000 -2.540000 0.000000
0.000000 -2.540000 0.000000
0.000000 -2.540000 0.000000
0.000000 -2.540000 0.000000
0.000000 -2.540000 0.000000
0.000000 -2.540000 0.000000
0.000000 -2.540000 0.000000
0.000000 -2.540000 0.000000
0.000000 -2.540000 0.000000
0.000000 -2.540000 0.000000
0.000000 -2.540000 0.000000
0.000000 -2.540000 0.000000
0.000000 -2.540000 0.000000
0.000000 -2.540000 0.000000
0.000000 -2.540000 0.000000
0.000000 -2.540000 0.000000
0.000000 -2.540000 0.000000
0.000000 -2.540000 0.000000
0.000000 -2.540000 0.000000
0.000000 -2.540000 0.000000
0.000000 -2.540000 0.000000
0.000000 -2.540000 0.000000
0.000000 -2.540000 0.000000
0.000000 -2.540000 0.000000
0.000000 -2.540000 0.000000
0.000000 -2.540000 0.000000
0.000000 -2.540000 0.000000
0.000000 -2.540000 0.000000
0.000000 -2.540000 0.000000
0.000000 -2.540000 0.000000
0.000000 -2.540000 0.000000
0.000000 -2.540000 0.000000
0.000000 -2.540000 0.000000
0.000000 -2.540000 0.000000
0.000000 -2.540000 0.000000
0.000000 -2.540000 0.000000
0.000000 -2.540000 0.000000
0.000000 -2.540000 0.000000
0.000000 -2.540000 0.000000
0.000000 -2.540000 0.000000
0.000000 -2.540000 0.000000
0.000000 -2.540000 0.000000
0.000000 -2.540000 0.000000
0.000000 -2.540000 0.000000
0.000000 -2.540000 0.000000
-2.540000 -0.000000 -0.000000
-2.540000 -0.000000 -0.000000
-2.476317 -0.000000 0.565203
-2.476317 -0.000000 0.565203
-2.540000 -0.000000 -0.000000
-2.476317 -0.000000 0.565203
-2.476317 -0.000000 0.565203
-2.476317 -0.000000 0.565203
-2.288461 -0.000000 1.102065
-2.288461 -0.000000 1.102065
-2.476317 -0.000000 0.565203
-2.288461 -0.000000 1.102065
-2.288461 -0.000000 1.102065
-2.288461 -0.000000 1.102065
-1.985852 -0.000000 1.583664
-1.985852 -0.000000 1.583664
-2.288461 -0.000000 1.102065
-1.985852 -0.000000 1.583664
-1.985852 -0.000000 1.583664
-1.985852 -0.000000 1.583664
-1.583664 -0.000000 1.985852
-1.583664 -0.000000 1.985852
-1.985852 -0.000000 1.583664
-1.583664 -0.000000 1.985852
-1.583664 -0.000000 1.985852
-1.583664 -0.000000 1.985852
-1.102065 -0.000000 2.288461
-1.102065 -0.000000 2.288461
-1.583664 -0.000000 1.985852
-1.102065 -0.000000 2.288461
-1.102065 -0.000000 2.288461
-1.102065 -0.000000 2.288461
-0.565203 -0.000000 2.476317
-0.565203 -0.000000 2.476317
-1.102065 -0.000000 2.288461
-0.565203 -0.000000 2.476317
-0.565203 -0.000000 2.476317
-0.565203 -0.000000 2.476317
-0.000000 -0.000000 2.540000
-0.000000 -0.000000 2.540000
-0.565203 -0.000000 2.476317
-0.000000 -0.000000 2.540000
-2.540000 -0.000000 -0.000000
-2.540000 -0.000000 -0.000000
-2.476317 -0.000000 -0.565203
-2.476317 -0.000000 -0.565203
-2.540000 -0.000000 -0.000000
-2.476317 -0.000000 -0.565203
-2.476317 -0.000000 -0.565203
-2.476317 -0.000000 -0.565203
-2.288461 -0.000000 -1.102065
-2.288461 -0.000000 -1.102065
-2.476317 -0.000000 -0.565203
-2.288461 -0.000000 -1.102065
-2.288461 -0.000000 -1.102065
-2.288461 -0.000000 -1.102065
-1.985852 -0.000000 -1.583664
-1.985852 -0.000000 -1.583664
-2.288461 -0.000000 -1.102065
-1.985852 -0.000000 -1.583664
-1.985852 -0.000000 -1.583664
-1.985852 -0.000000 -1.583664
-1.583664 -0.000000 -1.985852
-1.583664 -0.000000 -1.985852
-1.985852 -0.000000 -1.583664
-1.583664 -0.000000 -1.985852
-1.583664 -0.000000 -1.985852
-1.583664 -0.000000 -1.985852
-1.102065 -0.000000 -2.288461
-1.102065 -0.000000 -2.288461
-1.583664 -0.000000 -1.985852
-1.102065 -0.000000 -2.288461
-1.102065 -0.000000 -2.288461
-1.102065 -0.000000 -2.288461
-0.565203 -0.000000 -2.476317
-0.565203 -0.000000 -2.476317
-1.102065 -0.000000 -2.288461
-0.565203 -0.000000 -2.476317
-0.565203 -0.000000 -2.476317
-0.565203 -0.000000 -2.476317
0.000000 0.000000 -2.540000
0.000000 0.000000 -2.540000
-0.565203 -0.000000 -2.476317
0.000000 0.000000 -2.540000
0.000000 0.000000 2.540000
-0.565203 0.000000 2.476317
0.000000 0.000000 2.540000
0.000000 0.000000 2.540000
-0.565203 0.000000 2.476317
-0.565203 0.000000 2.476317
0.000000 0.000000 2.540000
-0.565203 0.000000 2.476317
0.000000 0.000000 2.540000
-0.565203 0.000000 2.476317
-0.565203 0.000000 2.476317
-1.102065 0.000000 2.288461
-1.102065 0.000000 2.288461
-0.565203 0.000000 2.476317
-1.102065 0.000000 2.288461
-1.102065 0.000000 2.288461
-1.102065 0.000000 2.288461
-1.583664 0.000000 1.985852
-1.583664 0.000000 1.985852
-1.102065 0.000000 2.288461
-1.583664 0.000000 1.985852
-1.583664 0.000000 1.985852
-1.583664 0.000000 1.985852
-1.985852 0.000000 1.583664
-1.985852 0.000000 1.583664
-1.583664 0.000000 1.985852
-1.985852 0.000000 1.583664
-1.985852 0.000000 1.583664
-1.985852 0.000000 1.583664
-2.288461 0.000000 1.102065
-2.288461 0.000000 1.102065
-1.985852 0.000000 1.583664
-2.288461 0.000000 1.102065
-2.288461 0.000000 1.102065
-2.288461 0.000000 1.102065
-2.476317 0.000000 0.565203
-2.476317 0.000000 0.565203
-2.288461 0.000000 1.102065
-2.476317 0.000000 0.565203
-2.476317 0.000000 0.565203
-2.476317 0.000000 0.565203
-2.540000 0.000000 0.000000
-2.540000 0.000000 0.000000
-2.476317 0.000000 0.565203
-2.540000 0.000000 0.000000
-2.540000 0.000000 0.000000
-2.540000 0.000000 0.000000
-2.476317 0.000000 0.565203
-2.540000 0.000000 0.000000
-2.540000 0.000000 0.000000
-2.476317 0.000000 -0.565203
-2.476317 0.000000 -0.565203
-2.540000 0.000000 0.000000
-2.476317 0.000000 -0.565203
-2.476317 0.000000 -0.565203
-2.476317 0.000000 -0.565203
-2.288461 0.000000 -1.102065
-2.288461 0.000000 -1.102065
-2.476317 0.000000 -0.565203
-2.288461 0.000000 -1.102065
-2.288461 0.000000 -1.102065
-2.288461 0.000000 -1.102065
-1.985852 0.000000 -1.583664
-1.985852 0.000000 -1.583664
-2.288461 0.000000 -1.102065
-1.985852 0.000000 -1.583664
-1.985852 0.000000 -1.583664
-1.985852 0.000000 -1.583664
-1.583664 0.000000 -1.985852
-1.583664 0.000000 -1.985852
-1.985852 0.000000 -1.583664
-1.583664 0.000000 -1.985852
-1.583664 0.000000 -1.985852
-1.583664 0.000000 -1.985852
-1.102065 0.000000 -2.288461
-1.102065 0.000000 -2.288461
-1.583664 0.000000 -1.985852
-1.102065 0.000000 -2.288461
-1.102065 0.000000 -2.288461
-1.102065 0.000000 -2.288461
-0.565203 0.000000 -2.476317
-0.565203 0.000000 -2.476317
-1.102065 0.000000 -2.288461
-0.565203 0.000000 -2.476317
-0.565203 0.000000 -2.476317
-0.565203 0.000000 -2.476317
0.000000 0.000000 -2.540000
0.000000 0.000000 -2.540000
-0.565203 0.000000 -2.476317
0.000000 0.000000 -2.540000
0.000000 0.000000 -2.540000
0.000000 0.000000 -2.540000
0.565203 0.000000 -2.476317
0.565203 0.000000 -2.476317
0.000000 0.000000 -2.540000
0.565203 0.000000 -2.476317
0.565203 0.000000 -2.476317
0.565203 0.000000 -2.476317
1.102065 0.000000 -2.288461
1.102065 0.000000 -2.288461
0.565203 0.000000 -2.476317
1.102065 0.000000 -2.288461
1.102065 0.000000 -2.288461
1.102065 0.000000 -2.288461
1.583664 0.000000 -1.985852
1.583664 0.000000 -1.985852
1.102065 0.000000 -2.288461
1.583664 0.000000 -1.985852
1.583664 0.000000 -1.985852
1.583664 0.000000 -1.985852
1.985852 0.000000 -1.583664
1.985852 0.000000 -1.583664
1.583664 0.000000 -1.985852
1.985852 0.000000 -1.583664
1.985852 0.000000 -1.583664
1.985852 0.000000 -1.583664
2.288461 0.000000 -1.102065
2.288461 0.000000 -1.102065
1.985852 0.000000 -1.583664
2.288461 0.000000 -1.102065
2.288461 0.000000 -1.102065
2.288461 0.000000 -1.102065
2.476317 0.000000 -0.565203
2.476317 0.000000 -0.565203
2.288461 0.000000 -1.102065
2.476317 0.000000 -0.565203
2.476317 0.000000 -0.565203
2.476317 0.000000 -0.565203
2.540000 0.000000 0.000000
2.540000 0.000000 0.000000
2.476317 0.000000 -0.565203
2.540000 0.000000 0.000000
0.000000 0.000000 2.540000
0.000000 0.000000 2.540000
0.565203 0.000000 2.476317
0.565203 0.000000 2.476317
0.000000 0.000000 2.540000
0.565203 0.000000 2.476317
0.565203 0.000000 2.476317
0.565203 0.000000 2.476317
1.102065 0.000000 2.288461
1.102065 0.000000 2.288461
0.565203 0.000000 2.476317
1.102065 0.000000 2.288461
1.102065 0.000000 2.288461
1.102065 0.000000 2.288461
1.583664 0.000000 1.985852
1.583664 0.000000 1.985852
1.102065 0.000000 2.288461
1.583664 0.000000 1.985852
1.583664 0.000000 1.985852
1.583664 0.000000 1.985852
1.985852 0.000000 1.583664
1.985852 0.000000 1.583664
1.583664 0.000000 1.985852
1.985852 0.000000 1.583664
1.985852 0.000000 1.583664
1.985852 0.000000 1.583664
2.288461 0.000000 1.102065
2.288461 0.000000 1.102065
1.985852 0.000000 1.583664
2.288461 0.000000 1.102065
2.288461 0.000000 1.102065
2.288461 0.000000 1.102065
2.476317 0.000000 0.565203
2.476317 0.000000 0.565203
2.288461 0.000000 1.102065
2.476317 0.000000 0.565203
2.476317 0.000000 0.565203
2.476317 0.000000 0.565203
2.540000 0.000000 0.000000
2.540000 0.000000 0.000000
2.476317 0.000000 0.565203
2.540000 0.000000 0.000000
2.540000 0.000000 -0.000000
2.540000 0.000000 0.000000
2.476317 0.000000 0.565203
2.476317 0.000000 0.565203
2.540000 0.000000 0.000000
2.476317 0.000000 0.565203
2.476317 0.000000 0.565203
2.476317 0.000000 0.565203
2.288461 0.000000 1.102065
2.288461 0.000000 1.102065
2.476317 0.000000 0.565203
2.288461 0.000000 1.102065
2.288461 0.000000 1.102065
2.288461 0.000000 1.102065
1.985852 0.000000 1.583664
1.985852 0.000000 1.583664
2.288461 0.000000 1.102065
1.985852 0.000000 1.583664
1.985852 0.000000 1.583664
1.985852 0.000000 1.583664
1.583664 0.000000 1.985852
1.583664 0.000000 1.985852
1.985852 0.000000 1.583664
1.583664 0.000000 1.985852
1.583664 0.000000 1.985852
1.583664 0.000000 1.985852
1.102065 0.000000 2.288461
1.102065 0.000000 2.288461
1.583664 0.000000 1.985852
1.102065 0.000000 2.288461
1.102065 0.000000 2.288461
1.102065 0.000000 2.288461
0.565203 0.000000 2.476317
0.565203 0.000000 2.476317
1.102065 0.000000 2.288461
0.565203 0.000000 2.476317
0.565203 0.000000 2.476317
0.565203 0.000000 2.476317
0.000000 0.000000 2.540000
0.000000 0.000000 2.540000
0.565203 0.000000 2.476317
0.000000 0.000000 2.540000
2.540000 0.000000 0.000000
2.540000 0.000000 -0.000000
2.476317 0.000000 -0.565203
2.476317 0.000000 -0.565203
2.540000 0.000000 -0.000000
2.476317 0.000000 -0.565203
2.476317 0.000000 -0.565203
2.476317 0.000000 -0.565203
2.288461 0.000000 -1.102065
2.288461 0.000000 -1.102065
2.476317 0.000000 -0.565203
2.288461 0.000000 -1.102065
2.288461 0.000000 -1.102065
2.288461 0.000000 -1.102065
1.985852 0.000000 -1.583664
1.985852 0.000000 -1.583664
2.288461 0.000000 -1.102065
1.985852 0.000000 -1.583664
1.985852 0.000000 -1.583664
1.985852 0.000000 -1.583664
1.583664 0.000000 -1.985852
1.583664 0.000000 -1.985852
1.985852 0.000000 -1.583664
1.583664 0.000000 -1.985852
1.583664 0.000000 -1.985852
1.583664 0.000000 -1.985852
1.102065 0.000000 -2.288461
1.102065 0.000000 -2.288461
1.583664 0.000000 -1.985852
1.102065 0.000000 -2.288461
1.102065 0.000000 -2.288461
1.102065 0.000000 -2.288461
0.565203 0.000000 -2.476317
0.565203 0.000000 -2.476317
1.102065 0.000000 -2.288461
0.565203 0.000000 -2.476317
0.565203 0.000000 -2.476317
0.565203 0.000000 -2.476317
0.000000 0.000000 -2.540000
0.000000 0.000000 -2.540000
0.565203 0.000000 -2.476317
0.000000 0.000000 -2.540000
2.540000 0.000000 0.000000
2.540000 0.000000 0.000000
2.540000 0.000000 0.000000
2.540000 0.000000 0.000000
2.540000 0.000000 0.000000
2.540000 0.000000 0.000000
-0.000000 2.540000 0.000000
-0.000000 2.540000 0.000000
-0.000000 2.540000 0.000000
-0.000000 2.540000 0.000000
-0.000000 2.540000 0.000000
-0.000000 2.540000 0.000000
-0.000000 2.540000 0.000000
-0.000000 2.540000 0.000000
-0.000000 2.540000 0.000000
-0.000000 2.540000 0.000000
-0.000000 2.540000 0.000000
-0.000000 2.540000 0.000000
-0.000000 2.540000 0.000000
-0.000000 2.540000 0.000000
-0.000000 2.540000 0.000000
-0.000000 2.540000 0.000000
-0.000000 2.540000 0.000000
-0.000000 2.540000 0.000000
-0.000000 2.540000 0.000000
-0.000000 2.540000 0.000000
-0.000000 2.540000 0.000000
-0.000000 2.540000 0.000000
-0.000000 2.540000 0.000000
-0.000000 2.540000 0.000000
-0.000000 2.540000 0.000000
-0.000000 2.540000 0.000000
-0.000000 2.540000 0.000000
-0.000000 2.540000 0.000000
-0.000000 2.540000 0.000000
-0.000000 2.540000 0.000000
-0.000000 2.540000 0.000000
-0.000000 2.540000 0.000000
-0.000000 2.540000 0.000000
-0.000000 2.540000 0.000000
-0.000000 2.540000 0.000000
-0.000000 2.540000 0.000000
-0.000000 2.540000 0.000000
-0.000000 2.540000 0.000000
-0.000000 2.540000 0.000000
-0.000000 2.540000 0.000000
-0.000000 2.540000 0.000000
-0.000000 2.540000 0.000000
-0.000000 2.540000 0.000000
-0.000000 2.540000 0.000000
-0.000000 2.540000 0.000000
-0.000000 2.540000 0.000000
-0.000000 2.540000 0.000000
-0.000000 2.540000 0.000000
-0.000000 2.540000 0.000000
-0.000000 2.540000 0.000000
-0.000000 2.540000 0.000000
-0.000000 2.540000 0.000000
-0.000000 2.540000 0.000000
-0.000000 2.540000 0.000000
-0.000000 2.540000 0.000000
-0.000000 2.540000 0.000000
-0.000000 2.540000 0.000000
-0.000000 0.000000 -2.540000
-0.000000 0.000000 -2.540000
-0.000000 0.000000 -2.540000
-0.000000 0.000000 -2.540000
-0.000000 0.000000 -2.540000
-0.000000 0.000000 -2.540000
-2.540000 -0.000000 0.000000
-2.540000 -0.000000 0.000000
-2.540000 -0.000000 0.000000
-2.540000 -0.000000 0.000000
-2.540000 -0.000000 0.000000
-2.540000 -0.000000 0.000000
2.540000 0.000000 0.000000
2.540000 0.000000 0.000000
2.540000 0.000000 0.000000
2.540000 0.000000 0.000000
2.540000 0.000000 0.000000
2.540000 0.000000 0.000000
-0.000000 0.000000 -2.540000
-0.000000 0.000000 -2.540000
0.607862 0.000000 -2.466192
0.607862 0.000000 -2.466192
-0.000000 0.000000 -2.540000
0.607862 0.000000 -2.466192
0.607862 0.000000 -2.466192
0.607862 0.000000 -2.466192
1.180397 0.000000 -2.249058
1.180397 0.000000 -2.249058
0.607862 0.000000 -2.466192
1.180397 0.000000 -2.249058
1.180397 0.000000 -2.249058
1.180397 0.000000 -2.249058
1.684332 0.000000 -1.901217
1.684332 0.000000 -1.901217
1.180397 0.000000 -2.249058
1.684332 0.000000 -1.901217
1.684332 0.000000 -1.901217
1.684332 0.000000 -1.901217
2.090379 0.000000 -1.442884
2.090379 0.000000 -1.442884
1.684332 0.000000 -1.901217
2.090379 0.000000 -1.442884
2.090379 0.000000 -1.442884
2.090379 0.000000 -1.442884
2.374941 0.000000 -0.900696
2.374941 0.000000 -0.900696
2.090379 0.000000 -1.442884
2.374941 0.000000 -0.900696
2.374941 0.000000 -0.900696
2.374941 0.000000 -0.900696
2.521481 0.000000 -0.306163
2.521481 0.000000 -0.306163
2.374941 0.000000 -0.900696
2.521481 0.000000 -0.306163
2.521481 0.000000 -0.306163
2.521481 0.000000 -0.306163
2.521481 0.000000 0.306163
2.521481 0.000000 0.306163
2.521481 0.000000 -0.306163
2.521481 0.000000 0.306163
2.521481 0.000000 0.306163
2.521481 0.000000 0.306163
2.374941 0.000000 0.900696
2.374941 0.000000 0.900696
2.521481 0.000000 0.306163
2.374941 0.000000 0.900696
2.374941 0.000000 0.900696
2.374941 0.000000 0.900696
2.090379 0.000000 1.442884
2.090379 0.000000 1.442884
2.374941 0.000000 0.900696
2.090379 0.000000 1.442884
2.090379 0.000000 1.442884
2.090379 0.000000 1.442884
1.684332 0.000000 1.901217
1.684332 0.000000 1.901217
2.090379 0.000000 1.442884
1.684332 0.000000 1.901217
1.684332 0.000000 1.901217
1.684332 0.000000 1.901217
1.180397 0.000000 2.249058
1.180397 0.000000 2.249058
1.684332 0.000000 1.901217
1.180397 0.000000 2.249058
1.180397 0.000000 2.249058
1.180397 0.000000 2.249058
0.607862 0.000000 2.466192
0.607862 0.000000 2.466192
1.180397 0.000000 2.249058
0.607862 0.000000 2.466192
0.607862 0.000000 2.466192
0.607862 0.000000 2.466192
0.000000 0.000000 2.540000
0.000000 0.000000 2.540000
0.607862 0.000000 2.466192
0.000000 0.000000 2.540000
0.000000 2.540000 0.000000
0.000000 2.540000 0.000000
0.000000 2.540000 0.000000
0.000000 2.540000 0.000000
0.000000 2.540000 0.000000
0.000000 2.540000 0.000000
0.000000 2.540000 0.000000
0.000000 2.540000 0.000000
0.000000 2.540000 0.000000
0.000000 2.540000 0.000000
0.000000 2.540000 0.000000
0.000000 2.540000 0.000000
0.000000 2.540000 0.000000
0.000000 2.540000 0.000000
0.000000 2.540000 0.000000
0.000000 2.540000 0.000000
0.000000 2.540000 0.000000
0.000000 2.540000 0.000000
0.000000 2.540000 0.000000
0.000000 2.540000 0.000000
0.000000 2.540000 0.000000
0.000000 2.540000 0.000000
0.000000 2.540000 0.000000
0.000000 2.540000 0.000000
0.000000 2.540000 0.000000
0.000000 2.540000 0.000000
0.000000 2.540000 0.000000
0.000000 2.540000 0.000000
0.000000 2.540000 0.000000
0.000000 2.540000 0.000000
0.000000 2.540000 0.000000
0.000000 2.540000 0.000000
0.000000 2.540000 0.000000
0.000000 2.540000 0.000000
0.000000 2.540000 0.000000
0.000000 2.540000 0.000000
0.000000 2.540000 0.000000
0.000000 2.540000 0.000000
0.000000 2.540000 0.000000
0.000000 2.540000 0.000000
0.000000 2.540000 0.000000
0.000000 2.540000 0.000000
0.000000 2.540000 0.000000
0.000000 2.540000 0.000000
0.000000 2.540000 0.000000
0.000000 2.540000 0.000000
0.000000 2.540000 0.000000
0.000000 2.540000 0.000000
0.000000 2.540000 0.000000
0.000000 2.540000 0.000000
0.000000 2.540000 0.000000
0.000000 2.540000 0.000000
0.000000 2.540000 0.000000
0.000000 2.540000 0.000000
0.000000 2.540000 0.000000
0.000000 2.540000 0.000000
0.000000 2.540000 0.000000
0.000000 2.540000 0.000000
0.000000 2.540000 0.000000
0.000000 2.540000 0.000000
0.000000 2.540000 0.000000
0.000000 2.540000 0.000000
0.000000 2.540000 0.000000
0.000000 2.540000 0.000000
0.000000 2.540000 0.000000
0.000000 2.540000 0.000000
0.000000 2.540000 0.000000
0.000000 2.540000 0.000000
0.000000 2.540000 0.000000
0.000000 2.540000 0.000000
0.000000 2.540000 0.000000
0.000000 2.540000 0.000000
0.000000 2.540000 0.000000
0.000000 2.540000 0.000000
0.000000 2.540000 0.000000
0.000000 2.540000 0.000000
0.000000 2.540000 0.000000
0.000000 2.540000 0.000000
0.000000 2.540000 0.000000
0.000000 2.540000 0.000000
0.000000 2.540000 0.000000
0.000000 2.540000 0.000000
0.000000 2.540000 0.000000
0.000000 2.540000 0.000000
0.000000 2.540000 0.000000
0.000000 2.540000 0.000000
0.000000 2.540000 0.000000
0.000000 2.540000 0.000000
0.000000 2.540000 0.000000
0.000000 2.540000 0.000000
0.000000 2.540000 0.000000
0.000000 2.540000 0.000000
0.000000 2.540000 0.000000
0.000000 2.540000 0.000000
0.000000 2.540000 0.000000
0.000000 2.540000 0.000000
0.000000 2.540000 0.000000
0.000000 2.540000 0.000000
0.000000 2.540000 0.000000
0.000000 2.540000 0.000000
0.000000 2.540000 0.000000
0.000000 2.540000 0.000000
0.000000 2.540000 0.000000
0.000000 2.540000 0.000000
0.000000 2.540000 0.000000
0.000000 2.540000 0.000000
0.000000 2.540000 0.000000
0.000000 2.540000 0.000000
0.000000 2.540000 0.000000
0.000000 2.540000 0.000000
0.000000 2.540000 0.000000
0.000000 2.540000 0.000000
0.000000 2.540000 0.000000
0.000000 2.540000 0.000000
0.000000 2.540000 0.000000
0.000000 2.540000 0.000000
0.000000 2.540000 0.000000
0.000000 2.540000 0.000000
0.000000 2.540000 0.000000
0.000000 2.540000 0.000000
0.000000 2.540000 0.000000
0.000000 2.540000 0.000000
0.000000 2.540000 0.000000
0.000000 2.540000 0.000000
0.000000 2.540000 0.000000
0.000000 2.540000 0.000000
0.000000 2.540000 0.000000
0.000000 2.540000 0.000000
0.000000 2.540000 0.000000
0.000000 2.540000 0.000000
0.000000 2.540000 0.000000
0.000000 2.540000 0.000000
0.000000 2.540000 0.000000
0.000000 2.540000 0.000000
0.000000 2.540000 0.000000
0.000000 2.540000 0.000000
0.000000 2.540000 0.000000
0.000000 2.540000 0.000000
0.000000 2.540000 0.000000
0.000000 2.540000 0.000000
0.000000 2.540000 0.000000
0.000000 2.540000 0.000000
0.000000 2.540000 0.000000
0.000000 2.540000 0.000000
0.000000 2.540000 0.000000
0.000000 2.540000 0.000000
0.000000 2.540000 0.000000
0.000000 2.540000 0.000000
0.000000 2.540000 0.000000
0.000000 2.540000 0.000000
0.000000 2.540000 0.000000
0.000000 2.540000 0.000000
0.000000 2.540000 0.000000
0.000000 2.540000 0.000000
0.000000 2.540000 0.000000
0.000000 2.540000 0.000000
-0.000000 0.000000 -2.540000
-0.000000 0.000000 -2.540000
0.607862 0.000000 -2.466192
0.607862 0.000000 -2.466192
-0.000000 0.000000 -2.540000
0.607862 0.000000 -2.466192
0.607862 0.000000 -2.466192
0.607862 0.000000 -2.466192
1.180397 0.000000 -2.249058
1.180397 0.000000 -2.249058
0.607862 0.000000 -2.466192
1.180397 0.000000 -2.249058
1.180397 0.000000 -2.249058
1.180397 0.000000 -2.249058
1.684332 0.000000 -1.901217
1.684332 0.000000 -1.901217
1.180397 0.000000 -2.249058
1.684332 0.000000 -1.901217
1.684332 0.000000 -1.901217
1.684332 0.000000 -1.901217
2.090379 0.000000 -1.442884
2.090379 0.000000 -1.442884
1.684332 0.000000 -1.901217
2.090379 0.000000 -1.442884
2.090379 0.000000 -1.442884
2.090379 0.000000 -1.442884
2.374941 0.000000 -0.900696
2.374941 0.000000 -0.900696
2.090379 0.000000 -1.442884
2.374941 0.000000 -0.900696
2.374941 0.000000 -0.900696
2.374941 0.000000 -0.900696
2.521481 0.000000 -0.306163
2.521481 0.000000 -0.306163
2.374941 0.000000 -0.900696
2.521481 0.000000 -0.306163
2.521481 0.000000 -0.306163
2.521481 0.000000 -0.306163
2.521481 0.000000 0.306163
2.521481 0.000000 0.306163
2.521481 0.000000 -0.306163
2.521481 0.000000 0.306163
2.521481 0.000000 0.306163
2.521481 0.000000 0.306163
2.374941 0.000000 0.900696
2.374941 0.000000 0.900696
2.521481 0.000000 0.306163
2.374941 0.000000 0.900696
2.374941 0.000000 0.900696
2.374941 0.000000 0.900696
2.090379 0.000000 1.442884
2.090379 0.000000 1.442884
2.374941 0.000000 0.900696
2.090379 0.000000 1.442884
2.090379 0.000000 1.442884
2.090379 0.000000 1.442884
1.684332 0.000000 1.901217
1.684332 0.000000 1.901217
2.090379 0.000000 1.442884
1.684332 0.000000 1.901217
1.684332 0.000000 1.901217
1.684332 0.000000 1.901217
1.180397 0.000000 2.249058
1.180397 0.000000 2.249058
1.684332 0.000000 1.901217
1.180397 0.000000 2.249058
1.180397 0.000000 2.249058
1.180397 0.000000 2.249058
0.607862 0.000000 2.466192
0.607862 0.000000 2.466192
1.180397 0.000000 2.249058
0.607862 0.000000 2.466192
0.607862 0.000000 2.466192
0.607862 0.000000 2.466192
0.000000 0.000000 2.540000
0.000000 0.000000 2.540000
0.607862 0.000000 2.466192
0.000000 0.000000 2.540000
0.000000 2.540000 0.000000
0.000000 2.540000 0.000000
0.000000 2.540000 0.000000
0.000000 2.540000 0.000000
0.000000 2.540000 0.000000
0.000000 2.540000 0.000000
0.000000 2.540000 0.000000
0.000000 2.540000 0.000000
0.000000 2.540000 0.000000
0.000000 2.540000 0.000000
0.000000 2.540000 0.000000
0.000000 2.540000 0.000000
0.000000 2.540000 0.000000
0.000000 2.540000 0.000000
0.000000 2.540000 0.000000
0.000000 2.540000 0.000000
0.000000 2.540000 0.000000
0.000000 2.540000 0.000000
0.000000 2.540000 0.000000
0.000000 2.540000 0.000000
0.000000 2.540000 0.000000
0.000000 2.540000 0.000000
0.000000 2.540000 0.000000
0.000000 2.540000 0.000000
0.000000 2.540000 0.000000
0.000000 2.540000 0.000000
0.000000 2.540000 0.000000
0.000000 2.540000 0.000000
0.000000 2.540000 0.000000
0.000000 2.540000 0.000000
0.000000 2.540000 0.000000
0.000000 2.540000 0.000000
0.000000 2.540000 0.000000
0.000000 2.540000 0.000000
0.000000 2.540000 0.000000
0.000000 2.540000 0.000000
0.000000 2.540000 0.000000
0.000000 2.540000 0.000000
0.000000 2.540000 0.000000
0.000000 2.540000 0.000000
0.000000 2.540000 0.000000
0.000000 2.540000 0.000000
0.000000 2.540000 0.000000
0.000000 2.540000 0.000000
0.000000 2.540000 0.000000
0.000000 2.540000 0.000000
0.000000 2.540000 0.000000
0.000000 2.540000 0.000000
0.000000 2.540000 0.000000
0.000000 2.540000 0.000000
0.000000 2.540000 0.000000
0.000000 2.540000 0.000000
0.000000 2.540000 0.000000
0.000000 2.540000 0.000000
0.000000 2.540000 0.000000
0.000000 2.540000 0.000000
0.000000 2.540000 0.000000
0.000000 2.540000 0.000000
0.000000 2.540000 0.000000
0.000000 2.540000 0.000000
0.000000 2.540000 0.000000
0.000000 2.540000 0.000000
0.000000 2.540000 0.000000
0.000000 2.540000 0.000000
0.000000 2.540000 0.000000
0.000000 2.540000 0.000000
0.000000 2.540000 0.000000
0.000000 2.540000 0.000000
0.000000 2.540000 0.000000
0.000000 2.540000 0.000000
0.000000 2.540000 0.000000
0.000000 2.540000 0.000000
0.000000 2.540000 0.000000
0.000000 2.540000 0.000000
0.000000 2.540000 0.000000
0.000000 2.540000 0.000000
0.000000 2.540000 0.000000
0.000000 2.540000 0.000000
0.000000 2.540000 0.000000
0.000000 2.540000 0.000000
0.000000 2.540000 0.000000
0.000000 2.540000 0.000000
0.000000 2.540000 0.000000
0.000000 2.540000 0.000000
0.000000 2.540000 0.000000
0.000000 2.540000 0.000000
0.000000 2.540000 0.000000
0.000000 2.540000 0.000000
0.000000 2.540000 0.000000
0.000000 2.540000 0.000000
0.000000 2.540000 0.000000
0.000000 2.540000 0.000000
0.000000 2.540000 0.000000
0.000000 2.540000 0.000000
0.000000 2.540000 0.000000
0.000000 2.540000 0.000000
0.000000 2.540000 0.000000
0.000000 2.540000 0.000000
0.000000 2.540000 0.000000
0.000000 2.540000 0.000000
0.000000 2.540000 0.000000
0.000000 2.540000 0.000000
0.000000 2.540000 0.000000
0.000000 2.540000 0.000000
0.000000 2.540000 0.000000
0.000000 2.540000 0.000000
0.000000 2.540000 0.000000
0.000000 2.540000 0.000000
0.000000 2.540000 0.000000
0.000000 2.540000 0.000000
0.000000 2.540000 0.000000
0.000000 2.540000 0.000000
0.000000 2.540000 0.000000
0.000000 2.540000 0.000000
0.000000 2.540000 0.000000
0.000000 2.540000 0.000000
0.000000 2.540000 0.000000
0.000000 2.540000 0.000000
0.000000 2.540000 0.000000
0.000000 2.540000 0.000000
0.000000 2.540000 0.000000
0.000000 2.540000 0.000000
0.000000 2.540000 0.000000
0.000000 2.540000 0.000000
0.000000 2.540000 0.000000
0.000000 2.540000 0.000000
0.000000 2.540000 0.000000
0.000000 2.540000 0.000000
0.000000 2.540000 0.000000
0.000000 2.540000 0.000000
0.000000 2.540000 0.000000
0.000000 2.540000 0.000000
0.000000 2.540000 0.000000
0.000000 2.540000 0.000000
0.000000 2.540000 0.000000
0.000000 2.540000 0.000000
0.000000 2.540000 0.000000
0.000000 2.540000 0.000000
0.000000 2.540000 0.000000
0.000000 2.540000 0.000000
0.000000 2.540000 0.000000
0.000000 2.540000 0.000000
0.000000 2.540000 0.000000
0.000000 2.540000 0.000000
0.000000 2.540000 0.000000
0.000000 2.540000 0.000000
0.000000 2.540000 0.000000
0.000000 2.540000 0.000000
0.000000 2.540000 0.000000
0.000000 2.540000 0.000000
0.000000 2.540000 0.000000
0.000000 2.540000 0.000000
0.000000 2.540000 0.000000
0.000000 2.540000 0.000000
0.000000 2.540000 0.000000
0.000000 2.540000 0.000000
-0.000000 0.000000 -2.540000
-0.000000 0.000000 -2.540000
0.607862 0.000000 -2.466192
0.607862 0.000000 -2.466192
-0.000000 0.000000 -2.540000
0.607862 0.000000 -2.466192
0.607862 0.000000 -2.466192
0.607862 0.000000 -2.466192
1.180397 0.000000 -2.249058
1.180397 0.000000 -2.249058
0.607862 0.000000 -2.466192
1.180397 0.000000 -2.249058
1.180397 0.000000 -2.249058
1.180397 0.000000 -2.249058
1.684332 0.000000 -1.901217
1.684332 0.000000 -1.901217
1.180397 0.000000 -2.249058
1.684332 0.000000 -1.901217
1.684332 0.000000 -1.901217
1.684332 0.000000 -1.901217
2.090379 0.000000 -1.442884
2.090379 0.000000 -1.442884
1.684332 0.000000 -1.901217
2.090379 0.000000 -1.442884
2.090379 0.000000 -1.442884
2.090379 0.000000 -1.442884
2.374941 0.000000 -0.900696
2.374941 0.000000 -0.900696
2.090379 0.000000 -1.442884
2.374941 0.000000 -0.900696
2.374941 0.000000 -0.900696
2.374941 0.000000 -0.900696
2.521481 0.000000 -0.306163
2.521481 0.000000 -0.306163
2.374941 0.000000 -0.900696
2.521481 0.000000 -0.306163
2.521481 0.000000 -0.306163
2.521481 0.000000 -0.306163
2.521481 0.000000 0.306163
2.521481 0.000000 0.306163
2.521481 0.000000 -0.306163
2.521481 0.000000 0.306163
2.521481 0.000000 0.306163
2.521481 0.000000 0.306163
2.374941 0.000000 0.900696
2.374941 0.000000 0.900696
2.521481 0.000000 0.306163
2.374941 0.000000 0.900696
2.374941 0.000000 0.900696
2.374941 0.000000 0.900696
2.090379 0.000000 1.442884
2.090379 0.000000 1.442884
2.374941 0.000000 0.900696
2.090379 0.000000 1.442884
2.090379 0.000000 1.442884
2.090379 0.000000 1.442884
1.684332 0.000000 1.901217
1.684332 0.000000 1.901217
2.090379 0.000000 1.442884
1.684332 0.000000 1.901217
1.684332 0.000000 1.901217
1.684332 0.000000 1.901217
1.180397 0.000000 2.249058
1.180397 0.000000 2.249058
1.684332 0.000000 1.901217
1.180397 0.000000 2.249058
1.180397 0.000000 2.249058
1.180397 0.000000 2.249058
0.607862 0.000000 2.466192
0.607862 0.000000 2.466192
1.180397 0.000000 2.249058
0.607862 0.000000 2.466192
0.607862 0.000000 2.466192
0.607862 0.000000 2.466192
0.000000 0.000000 2.540000
0.000000 0.000000 2.540000
0.607862 0.000000 2.466192
0.000000 0.000000 2.540000
0.000000 2.540000 0.000000
0.000000 2.540000 0.000000
0.000000 2.540000 0.000000
0.000000 2.540000 0.000000
0.000000 2.540000 0.000000
0.000000 2.540000 0.000000
0.000000 2.540000 0.000000
0.000000 2.540000 0.000000
0.000000 2.540000 0.000000
0.000000 2.540000 0.000000
0.000000 2.540000 0.000000
0.000000 2.540000 0.000000
0.000000 2.540000 0.000000
0.000000 2.540000 0.000000
0.000000 2.540000 0.000000
0.000000 2.540000 0.000000
0.000000 2.540000 0.000000
0.000000 2.540000 0.000000
0.000000 2.540000 0.000000
0.000000 2.540000 0.000000
0.000000 2.540000 0.000000
0.000000 2.540000 0.000000
0.000000 2.540000 0.000000
0.000000 2.540000 0.000000
0.000000 2.540000 0.000000
0.000000 2.540000 0.000000
0.000000 2.540000 0.000000
0.000000 2.540000 0.000000
0.000000 2.540000 0.000000
0.000000 2.540000 0.000000
0.000000 2.540000 0.000000
0.000000 2.540000 0.000000
0.000000 2.540000 0.000000
0.000000 2.540000 0.000000
0.000000 2.540000 0.000000
0.000000 2.540000 0.000000
0.000000 2.540000 0.000000
0.000000 2.540000 0.000000
0.000000 2.540000 0.000000
0.000000 2.540000 0.000000
0.000000 2.540000 0.000000
0.000000 2.540000 0.000000
0.000000 2.540000 0.000000
0.000000 2.540000 0.000000
0.000000 2.540000 0.000000
0.000000 2.540000 0.000000
0.000000 2.540000 0.000000
0.000000 2.540000 0.000000
0.000000 2.540000 0.000000
0.000000 2.540000 0.000000
0.000000 2.540000 0.000000
0.000000 2.540000 0.000000
0.000000 2.540000 0.000000
0.000000 2.540000 0.000000
0.000000 2.540000 0.000000
0.000000 2.540000 0.000000
0.000000 2.540000 0.000000
0.000000 2.540000 0.000000
0.000000 2.540000 0.000000
0.000000 2.540000 0.000000
0.000000 2.540000 0.000000
0.000000 2.540000 0.000000
0.000000 2.540000 0.000000
0.000000 2.540000 0.000000
0.000000 2.540000 0.000000
0.000000 2.540000 0.000000
0.000000 2.540000 0.000000
0.000000 2.540000 0.000000
0.000000 2.540000 0.000000
0.000000 2.540000 0.000000
0.000000 2.540000 0.000000
0.000000 2.540000 0.000000
0.000000 2.540000 0.000000
0.000000 2.540000 0.000000
0.000000 2.540000 0.000000
0.000000 2.540000 0.000000
0.000000 2.540000 0.000000
0.000000 2.540000 0.000000
0.000000 2.540000 0.000000
0.000000 2.540000 0.000000
0.000000 2.540000 0.000000
0.000000 2.540000 0.000000
0.000000 2.540000 0.000000
0.000000 2.540000 0.000000
0.000000 2.540000 0.000000
0.000000 2.540000 0.000000
0.000000 2.540000 0.000000
0.000000 2.540000 0.000000
0.000000 2.540000 0.000000
0.000000 2.540000 0.000000
0.000000 2.540000 0.000000
0.000000 2.540000 0.000000
0.000000 2.540000 0.000000
0.000000 2.540000 0.000000
0.000000 2.540000 0.000000
0.000000 2.540000 0.000000
0.000000 2.540000 0.000000
0.000000 2.540000 0.000000
0.000000 2.540000 0.000000
0.000000 2.540000 0.000000
0.000000 2.540000 0.000000
0.000000 2.540000 0.000000
0.000000 2.540000 0.000000
0.000000 2.540000 0.000000
0.000000 2.540000 0.000000
0.000000 2.540000 0.000000
0.000000 2.540000 0.000000
0.000000 2.540000 0.000000
0.000000 2.540000 0.000000
0.000000 2.540000 0.000000
0.000000 2.540000 0.000000
0.000000 2.540000 0.000000
0.000000 2.540000 0.000000
0.000000 2.540000 0.000000
0.000000 2.540000 0.000000
0.000000 2.540000 0.000000
0.000000 2.540000 0.000000
0.000000 2.540000 0.000000
0.000000 2.540000 0.000000
0.000000 2.540000 0.000000
0.000000 2.540000 0.000000
0.000000 2.540000 0.000000
0.000000 2.540000 0.000000
0.000000 2.540000 0.000000
0.000000 2.540000 0.000000
0.000000 2.540000 0.000000
0.000000 2.540000 0.000000
0.000000 2.540000 0.000000
0.000000 2.540000 0.000000
0.000000 2.540000 0.000000
0.000000 2.540000 0.000000
0.000000 2.540000 0.000000
0.000000 2.540000 0.000000
0.000000 2.540000 0.000000
0.000000 2.540000 0.000000
0.000000 2.540000 0.000000
0.000000 2.540000 0.000000
0.000000 2.540000 0.000000
0.000000 2.540000 0.000000
0.000000 2.540000 0.000000
0.000000 2.540000 0.000000
0.000000 2.540000 0.000000
0.000000 2.540000 0.000000
0.000000 2.540000 0.000000
0.000000 2.540000 0.000000
0.000000 2.540000 0.000000
0.000000 2.540000 0.000000
0.000000 2.540000 0.000000
0.000000 2.540000 0.000000
0.000000 2.540000 0.000000
0.000000 2.540000 0.000000
0.000000 2.540000 0.000000
0.000000 2.540000 0.000000
0.000000 2.540000 0.000000
0.000000 2.540000 0.000000
0.000000 2.540000 0.000000
-0.000000 0.000000 -2.540000
-0.000000 0.000000 -2.540000
0.607862 0.000000 -2.466192
0.607862 0.000000 -2.466192
-0.000000 0.000000 -2.540000
0.607862 0.000000 -2.466192
0.607862 0.000000 -2.466192
0.607862 0.000000 -2.466192
1.180397 0.000000 -2.249058
1.180397 0.000000 -2.249058
0.607862 0.000000 -2.466192
1.180397 0.000000 -2.249058
1.180397 0.000000 -2.249058
1.180397 0.000000 -2.249058
1.684332 0.000000 -1.901217
1.684332 0.000000 -1.901217
1.180397 0.000000 -2.249058
1.684332 0.000000 -1.901217
1.684332 0.000000 -1.901217
1.684332 0.000000 -1.901217
2.090379 0.000000 -1.442884
2.090379 0.000000 -1.442884
1.684332 0.000000 -1.901217
2.090379 0.000000 -1.442884
2.090379 0.000000 -1.442884
2.090379 0.000000 -1.442884
2.374941 0.000000 -0.900696
2.374941 0.000000 -0.900696
2.090379 0.000000 -1.442884
2.374941 0.000000 -0.900696
2.374941 0.000000 -0.900696
2.374941 0.000000 -0.900696
2.521481 0.000000 -0.306163
2.521481 0.000000 -0.306163
2.374941 0.000000 -0.900696
2.521481 0.000000 -0.306163
2.521481 0.000000 -0.306163
2.521481 0.000000 -0.306163
2.521481 0.000000 0.306163
2.521481 0.000000 0.306163
2.521481 0.000000 -0.306163
2.521481 0.000000 0.306163
2.521481 0.000000 0.306163
2.521481 0.000000 0.306163
2.374941 0.000000 0.900696
2.374941 0.000000 0.900696
2.521481 0.000000 0.306163
2.374941 0.000000 0.900696
2.374941 0.000000 0.900696
2.374941 0.000000 0.900696
2.090379 0.000000 1.442884
2.090379 0.000000 1.442884
2.374941 0.000000 0.900696
2.090379 0.000000 1.442884
2.090379 0.000000 1.442884
2.090379 0.000000 1.442884
1.684332 0.000000 1.901217
1.684332 0.000000 1.901217
2.090379 0.000000 1.442884
1.684332 0.000000 1.901217
1.684332 0.000000 1.901217
1.684332 0.000000 1.901217
1.180397 0.000000 2.249058
1.180397 0.000000 2.249058
1.684332 0.000000 1.901217
1.180397 0.000000 2.249058
1.180397 0.000000 2.249058
1.180397 0.000000 2.249058
0.607862 0.000000 2.466192
0.607862 0.000000 2.466192
1.180397 0.000000 2.249058
0.607862 0.000000 2.466192
0.607862 0.000000 2.466192
0.607862 0.000000 2.466192
0.000000 0.000000 2.540000
0.000000 0.000000 2.540000
0.607862 0.000000 2.466192
0.000000 0.000000 2.540000
0.000000 2.540000 0.000000
0.000000 2.540000 0.000000
0.000000 2.540000 0.000000
0.000000 2.540000 0.000000
0.000000 2.540000 0.000000
0.000000 2.540000 0.000000
0.000000 2.540000 0.000000
0.000000 2.540000 0.000000
0.000000 2.540000 0.000000
0.000000 2.540000 0.000000
0.000000 2.540000 0.000000
0.000000 2.540000 0.000000
0.000000 2.540000 0.000000
0.000000 2.540000 0.000000
0.000000 2.540000 0.000000
0.000000 2.540000 0.000000
0.000000 2.540000 0.000000
0.000000 2.540000 0.000000
0.000000 2.540000 0.000000
0.000000 2.540000 0.000000
0.000000 2.540000 0.000000
0.000000 2.540000 0.000000
0.000000 2.540000 0.000000
0.000000 2.540000 0.000000
0.000000 2.540000 0.000000
0.000000 2.540000 0.000000
0.000000 2.540000 0.000000
0.000000 2.540000 0.000000
0.000000 2.540000 0.000000
0.000000 2.540000 0.000000
0.000000 2.540000 0.000000
0.000000 2.540000 0.000000
0.000000 2.540000 0.000000
0.000000 2.540000 0.000000
0.000000 2.540000 0.000000
0.000000 2.540000 0.000000
0.000000 2.540000 0.000000
0.000000 2.540000 0.000000
0.000000 2.540000 0.000000
0.000000 2.540000 0.000000
0.000000 2.540000 0.000000
0.000000 2.540000 0.000000
0.000000 2.540000 0.000000
0.000000 2.540000 0.000000
0.000000 2.540000 0.000000
0.000000 2.540000 0.000000
0.000000 2.540000 0.000000
0.000000 2.540000 0.000000
0.000000 2.540000 0.000000
0.000000 2.540000 0.000000
0.000000 2.540000 0.000000
0.000000 2.540000 0.000000
0.000000 2.540000 0.000000
0.000000 2.540000 0.000000
0.000000 2.540000 0.000000
0.000000 2.540000 0.000000
0.000000 2.540000 0.000000
0.000000 2.540000 0.000000
0.000000 2.540000 0.000000
0.000000 2.540000 0.000000
0.000000 2.540000 0.000000
0.000000 2.540000 0.000000
0.000000 2.540000 0.000000
0.000000 2.540000 0.000000
0.000000 2.540000 0.000000
0.000000 2.540000 0.000000
0.000000 2.540000 0.000000
0.000000 2.540000 0.000000
0.000000 2.540000 0.000000
0.000000 2.540000 0.000000
0.000000 2.540000 0.000000
0.000000 2.540000 0.000000
0.000000 2.540000 0.000000
0.000000 2.540000 0.000000
0.000000 2.540000 0.000000
0.000000 2.540000 0.000000
0.000000 2.540000 0.000000
0.000000 2.540000 0.000000
0.000000 2.540000 0.000000
0.000000 2.540000 0.000000
0.000000 2.540000 0.000000
0.000000 2.540000 0.000000
0.000000 2.540000 0.000000
0.000000 2.540000 0.000000
0.000000 2.540000 0.000000
0.000000 2.540000 0.000000
0.000000 2.540000 0.000000
0.000000 2.540000 0.000000
0.000000 2.540000 0.000000
0.000000 2.540000 0.000000
0.000000 2.540000 0.000000
0.000000 2.540000 0.000000
0.000000 2.540000 0.000000
0.000000 2.540000 0.000000
0.000000 2.540000 0.000000
0.000000 2.540000 0.000000
0.000000 2.540000 0.000000
0.000000 2.540000 0.000000
0.000000 2.540000 0.000000
0.000000 2.540000 0.000000
0.000000 2.540000 0.000000
0.000000 2.540000 0.000000
0.000000 2.540000 0.000000
0.000000 2.540000 0.000000
0.000000 2.540000 0.000000
0.000000 2.540000 0.000000
0.000000 2.540000 0.000000
0.000000 2.540000 0.000000
0.000000 2.540000 0.000000
0.000000 2.540000 0.000000
0.000000 2.540000 0.000000
0.000000 2.540000 0.000000
0.000000 2.540000 0.000000
0.000000 2.540000 0.000000
0.000000 2.540000 0.000000
0.000000 2.540000 0.000000
0.000000 2.540000 0.000000
0.000000 2.540000 0.000000
0.000000 2.540000 0.000000
0.000000 2.540000 0.000000
0.000000 2.540000 0.000000
0.000000 2.540000 0.000000
0.000000 2.540000 0.000000
0.000000 2.540000 0.000000
0.000000 2.540000 0.000000
0.000000 2.540000 0.000000
0.000000 2.540000 0.000000
0.000000 2.540000 0.000000
0.000000 2.540000 0.000000
0.000000 2.540000 0.000000
0.000000 2.540000 0.000000
0.000000 2.540000 0.000000
0.000000 2.540000 0.000000
0.000000 2.540000 0.000000
0.000000 2.540000 0.000000
0.000000 2.540000 0.000000
0.000000 2.540000 0.000000
0.000000 2.540000 0.000000
0.000000 2.540000 0.000000
0.000000 2.540000 0.000000
0.000000 2.540000 0.000000
0.000000 2.540000 0.000000
0.000000 2.540000 0.000000
0.000000 2.540000 0.000000
0.000000 2.540000 0.000000
0.000000 2.540000 0.000000
0.000000 2.540000 0.000000
0.000000 2.540000 0.000000
0.000000 2.540000 0.000000
0.000000 2.540000 0.000000
0.000000 2.540000 0.000000
0.000000 2.540000 0.000000
0.000000 2.540000 0.000000
0.000000 2.540000 0.000000
0.000000 2.540000 0.000000
0.000000 2.540000 0.000000
-0.000000 0.000000 -2.540000
-0.000000 0.000000 -2.540000
0.607862 0.000000 -2.466192
0.607862 0.000000 -2.466192
-0.000000 0.000000 -2.540000
0.607862 0.000000 -2.466192
0.607862 0.000000 -2.466192
0.607862 0.000000 -2.466192
1.180397 0.000000 -2.249058
1.180397 0.000000 -2.249058
0.607862 0.000000 -2.466192
1.180397 0.000000 -2.249058
1.180397 0.000000 -2.249058
1.180397 0.000000 -2.249058
1.684332 0.000000 -1.901217
1.684332 0.000000 -1.901217
1.180397 0.000000 -2.249058
1.684332 0.000000 -1.901217
1.684332 0.000000 -1.901217
1.684332 0.000000 -1.901217
2.090379 0.000000 -1.442884
2.090379 0.000000 -1.442884
1.684332 0.000000 -1.901217
2.090379 0.000000 -1.442884
2.090379 0.000000 -1.442884
2.090379 0.000000 -1.442884
2.374941 0.000000 -0.900696
2.374941 0.000000 -0.900696
2.090379 0.000000 -1.442884
2.374941 0.000000 -0.900696
2.374941 0.000000 -0.900696
2.374941 0.000000 -0.900696
2.521481 0.000000 -0.306163
2.521481 0.000000 -0.306163
2.374941 0.000000 -0.900696
2.521481 0.000000 -0.306163
2.521481 0.000000 -0.306163
2.521481 0.000000 -0.306163
2.521481 0.000000 0.306163
2.521481 0.000000 0.306163
2.521481 0.000000 -0.306163
2.521481 0.000000 0.306163
2.521481 0.000000 0.306163
2.521481 0.000000 0.306163
2.374941 0.000000 0.900696
2.374941 0.000000 0.900696
2.521481 0.000000 0.306163
2.374941 0.000000 0.900696
2.374941 0.000000 0.900696
2.374941 0.000000 0.900696
2.090379 0.000000 1.442884
2.090379 0.000000 1.442884
2.374941 0.000000 0.900696
2.090379 0.000000 1.442884
2.090379 0.000000 1.442884
2.090379 0.000000 1.442884
1.684332 0.000000 1.901217
1.684332 0.000000 1.901217
2.090379 0.000000 1.442884
1.684332 0.000000 1.901217
1.684332 0.000000 1.901217
1.684332 0.000000 1.901217
1.180397 0.000000 2.249058
1.180397 0.000000 2.249058
1.684332 0.000000 1.901217
1.180397 0.000000 2.249058
1.180397 0.000000 2.249058
1.180397 0.000000 2.249058
0.607862 0.000000 2.466192
0.607862 0.000000 2.466192
1.180397 0.000000 2.249058
0.607862 0.000000 2.466192
0.607862 0.000000 2.466192
0.607862 0.000000 2.466192
0.000000 0.000000 2.540000
0.000000 0.000000 2.540000
0.607862 0.000000 2.466192
0.000000 0.000000 2.540000
-0.000000 0.000000 -2.540000
-0.000000 0.000000 -2.540000
0.607862 0.000000 -2.466192
0.607862 0.000000 -2.466192
-0.000000 0.000000 -2.540000
0.607862 0.000000 -2.466192
0.607862 0.000000 -2.466192
0.607862 0.000000 -2.466192
1.180397 0.000000 -2.249058
1.180397 0.000000 -2.249058
0.607862 0.000000 -2.466192
1.180397 0.000000 -2.249058
1.180397 0.000000 -2.249058
1.180397 0.000000 -2.249058
1.684332 0.000000 -1.901217
1.684332 0.000000 -1.901217
1.180397 0.000000 -2.249058
1.684332 0.000000 -1.901217
1.684332 0.000000 -1.901217
1.684332 0.000000 -1.901217
2.090379 0.000000 -1.442884
2.090379 0.000000 -1.442884
1.684332 0.000000 -1.901217
2.090379 0.000000 -1.442884
2.090379 0.000000 -1.442884
2.090379 0.000000 -1.442884
2.374941 0.000000 -0.900696
2.374941 0.000000 -0.900696
2.090379 0.000000 -1.442884
2.374941 0.000000 -0.900696
2.374941 0.000000 -0.900696
2.374941 0.000000 -0.900696
2.521481 0.000000 -0.306163
2.521481 0.000000 -0.306163
2.374941 0.000000 -0.900696
2.521481 0.000000 -0.306163
2.521481 0.000000 -0.306163
2.521481 0.000000 -0.306163
2.521481 0.000000 0.306163
2.521481 0.000000 0.306163
2.521481 0.000000 -0.306163
2.521481 0.000000 0.306163
2.521481 0.000000 0.306163
2.521481 0.000000 0.306163
2.374941 0.000000 0.900696
2.374941 0.000000 0.900696
2.521481 0.000000 0.306163
2.374941 0.000000 0.900696
2.374941 0.000000 0.900696
2.374941 0.000000 0.900696
2.090379 0.000000 1.442884
2.090379 0.000000 1.442884
2.374941 0.000000 0.900696
2.090379 0.000000 1.442884
2.090379 0.000000 1.442884
2.090379 0.000000 1.442884
1.684332 0.000000 1.901217
1.684332 0.000000 1.901217
2.090379 0.000000 1.442884
1.684332 0.000000 1.901217
1.684332 0.000000 1.901217
1.684332 0.000000 1.901217
1.180397 0.000000 2.249058
1.180397 0.000000 2.249058
1.684332 0.000000 1.901217
1.180397 0.000000 2.249058
1.180397 0.000000 2.249058
1.180397 0.000000 2.249058
0.607862 0.000000 2.466192
0.607862 0.000000 2.466192
1.180397 0.000000 2.249058
0.607862 0.000000 2.466192
0.607862 0.000000 2.466192
0.607862 0.000000 2.466192
0.000000 0.000000 2.540000
0.000000 0.000000 2.540000
0.607862 0.000000 2.466192
0.000000 0.000000 2.540000
-0.000000 0.000000 -2.540000
-0.000000 0.000000 -2.540000
0.607862 0.000000 -2.466192
0.607862 0.000000 -2.466192
-0.000000 0.000000 -2.540000
0.607862 0.000000 -2.466192
0.607862 0.000000 -2.466192
0.607862 0.000000 -2.466192
1.180397 0.000000 -2.249058
1.180397 0.000000 -2.249058
0.607862 0.000000 -2.466192
1.180397 0.000000 -2.249058
1.180397 0.000000 -2.249058
1.180397 0.000000 -2.249058
1.684332 0.000000 -1.901217
1.684332 0.000000 -1.901217
1.180397 0.000000 -2.249058
1.684332 0.000000 -1.901217
1.684332 0.000000 -1.901217
1.684332 0.000000 -1.901217
2.090379 0.000000 -1.442884
2.090379 0.000000 -1.442884
1.684332 0.000000 -1.901217
2.090379 0.000000 -1.442884
2.090379 0.000000 -1.442884
2.090379 0.000000 -1.442884
2.374941 0.000000 -0.900696
2.374941 0.000000 -0.900696
2.090379 0.000000 -1.442884
2.374941 0.000000 -0.900696
2.374941 0.000000 -0.900696
2.374941 0.000000 -0.900696
2.521481 0.000000 -0.306163
2.521481 0.000000 -0.306163
2.374941 0.000000 -0.900696
2.521481 0.000000 -0.306163
2.521481 0.000000 -0.306163
2.521481 0.000000 -0.306163
2.521481 0.000000 0.306163
2.521481 0.000000 0.306163
2.521481 0.000000 -0.306163
2.521481 0.000000 0.306163
2.521481 0.000000 0.306163
2.521481 0.000000 0.306163
2.374941 0.000000 0.900696
2.374941 0.000000 0.900696
2.521481 0.000000 0.306163
2.374941 0.000000 0.900696
2.374941 0.000000 0.900696
2.374941 0.000000 0.900696
2.090379 0.000000 1.442884
2.090379 0.000000 1.442884
2.374941 0.000000 0.900696
2.090379 0.000000 1.442884
2.090379 0.000000 1.442884
2.090379 0.000000 1.442884
1.684332 0.000000 1.901217
1.684332 0.000000 1.901217
2.090379 0.000000 1.442884
1.684332 0.000000 1.901217
1.684332 0.000000 1.901217
1.684332 0.000000 1.901217
1.180397 0.000000 2.249058
1.180397 0.000000 2.249058
1.684332 0.000000 1.901217
1.180397 0.000000 2.249058
1.180397 0.000000 2.249058
1.180397 0.000000 2.249058
0.607862 0.000000 2.466192
0.607862 0.000000 2.466192
1.180397 0.000000 2.249058
0.607862 0.000000 2.466192
0.607862 0.000000 2.466192
0.607862 0.000000 2.466192
0.000000 0.000000 2.540000
0.000000 0.000000 2.540000
0.607862 0.000000 2.466192
0.000000 0.000000 2.540000
-0.000000 0.000000 -2.540000
-0.000000 0.000000 -2.540000
0.607862 0.000000 -2.466192
0.607862 0.000000 -2.466192
-0.000000 0.000000 -2.540000
0.607862 0.000000 -2.466192
0.607862 0.000000 -2.466192
0.607862 0.000000 -2.466192
1.180397 0.000000 -2.249058
1.180397 0.000000 -2.249058
0.607862 0.000000 -2.466192
1.180397 0.000000 -2.249058
1.180397 0.000000 -2.249058
1.180397 0.000000 -2.249058
1.684332 0.000000 -1.901217
1.684332 0.000000 -1.901217
1.180397 0.000000 -2.249058
1.684332 0.000000 -1.901217
1.684332 0.000000 -1.901217
1.684332 0.000000 -1.901217
2.090379 0.000000 -1.442884
2.090379 0.000000 -1.442884
1.684332 0.000000 -1.901217
2.090379 0.000000 -1.442884
2.090379 0.000000 -1.442884
2.090379 0.000000 -1.442884
2.374941 0.000000 -0.900696
2.374941 0.000000 -0.900696
2.090379 0.000000 -1.442884
2.374941 0.000000 -0.900696
2.374941 0.000000 -0.900696
2.374941 0.000000 -0.900696
2.521481 0.000000 -0.306163
2.521481 0.000000 -0.306163
2.374941 0.000000 -0.900696
2.521481 0.000000 -0.306163
2.521481 0.000000 -0.306163
2.521481 0.000000 -0.306163
2.521481 0.000000 0.306163
2.521481 0.000000 0.306163
2.521481 0.000000 -0.306163
2.521481 0.000000 0.306163
2.521481 0.000000 0.306163
2.521481 0.000000 0.306163
2.374941 0.000000 0.900696
2.374941 0.000000 0.900696
2.521481 0.000000 0.306163
2.374941 0.000000 0.900696
2.374941 0.000000 0.900696
2.374941 0.000000 0.900696
2.090379 0.000000 1.442884
2.090379 0.000000 1.442884
2.374941 0.000000 0.900696
2.090379 0.000000 1.442884
2.090379 0.000000 1.442884
2.090379 0.000000 1.442884
1.684332 0.000000 1.901217
1.684332 0.000000 1.901217
2.090379 0.000000 1.442884
1.684332 0.000000 1.901217
1.684332 0.000000 1.901217
1.684332 0.000000 1.901217
1.180397 0.000000 2.249058
1.180397 0.000000 2.249058
1.684332 0.000000 1.901217
1.180397 0.000000 2.249058
1.180397 0.000000 2.249058
1.180397 0.000000 2.249058
0.607862 0.000000 2.466192
0.607862 0.000000 2.466192
1.180397 0.000000 2.249058
0.607862 0.000000 2.466192
0.607862 0.000000 2.466192
0.607862 0.000000 2.466192
0.000000 0.000000 2.540000
0.000000 0.000000 2.540000
0.607862 0.000000 2.466192
0.000000 0.000000 2.540000
0.000000 2.540000 0.000000
0.000000 2.540000 0.000000
0.000000 2.540000 0.000000
0.000000 2.540000 0.000000
0.000000 2.540000 0.000000
0.000000 2.540000 0.000000
0.000000 2.540000 0.000000
0.000000 2.540000 0.000000
0.000000 2.540000 0.000000
0.000000 2.540000 0.000000
0.000000 2.540000 0.000000
0.000000 2.540000 0.000000
0.000000 2.540000 0.000000
0.000000 2.540000 0.000000
0.000000 2.540000 0.000000
0.000000 2.540000 0.000000
0.000000 2.540000 0.000000
0.000000 2.540000 0.000000
0.000000 2.540000 0.000000
0.000000 2.540000 0.000000
0.000000 2.540000 0.000000
0.000000 2.540000 0.000000
0.000000 2.540000 0.000000
0.000000 2.540000 0.000000
0.000000 2.540000 0.000000
0.000000 2.540000 0.000000
0.000000 2.540000 0.000000
0.000000 2.540000 0.000000
0.000000 2.540000 0.000000
0.000000 2.540000 0.000000
0.000000 2.540000 0.000000
0.000000 2.540000 0.000000
0.000000 2.540000 0.000000
0.000000 2.540000 0.000000
0.000000 2.540000 0.000000
0.000000 2.540000 0.000000
0.000000 2.540000 0.000000
0.000000 2.540000 0.000000
0.000000 2.540000 0.000000
0.000000 2.540000 0.000000
0.000000 2.540000 0.000000
0.000000 2.540000 0.000000
0.000000 2.540000 0.000000
0.000000 2.540000 0.000000
0.000000 2.540000 0.000000
0.000000 2.540000 0.000000
0.000000 2.540000 0.000000
0.000000 2.540000 0.000000
0.000000 2.540000 0.000000
0.000000 2.540000 0.000000
0.000000 2.540000 0.000000
0.000000 2.540000 0.000000
0.000000 2.540000 0.000000
0.000000 2.540000 0.000000
0.000000 2.540000 0.000000
0.000000 2.540000 0.000000
0.000000 2.540000 0.000000
0.000000 2.540000 0.000000
0.000000 2.540000 0.000000
0.000000 2.540000 0.000000
0.000000 2.540000 0.000000
0.000000 2.540000 0.000000
0.000000 2.540000 0.000000
0.000000 2.540000 0.000000
0.000000 2.540000 0.000000
0.000000 2.540000 0.000000
0.000000 2.540000 0.000000
0.000000 2.540000 0.000000
0.000000 2.540000 0.000000
0.000000 2.540000 0.000000
0.000000 2.540000 0.000000
0.000000 2.540000 0.000000
0.000000 0.000000 2.540000
0.000000 0.000000 2.540000
-0.565203 0.000000 2.476317
-0.565203 0.000000 2.476317
0.000000 0.000000 2.540000
-0.565203 0.000000 2.476317
-0.565203 0.000000 2.476317
-0.565203 0.000000 2.476317
-1.102065 0.000000 2.288461
-1.102065 0.000000 2.288461
-0.565203 0.000000 2.476317
-1.102065 0.000000 2.288461
-1.102065 0.000000 2.288461
-1.102065 0.000000 2.288461
-1.583664 0.000000 1.985852
-1.583664 0.000000 1.985852
-1.102065 0.000000 2.288461
-1.583664 0.000000 1.985852
-1.583664 0.000000 1.985852
-1.583664 0.000000 1.985852
-1.985852 0.000000 1.583664
-1.985852 0.000000 1.583664
-1.583664 0.000000 1.985852
-1.985852 0.000000 1.583664
-1.985852 0.000000 1.583664
-1.985852 0.000000 1.583664
-2.288461 0.000000 1.102065
-2.288461 0.000000 1.102065
-1.985852 0.000000 1.583664
-2.288461 0.000000 1.102065
-2.288461 0.000000 1.102065
-2.288461 0.000000 1.102065
-2.476317 0.000000 0.565203
-2.476317 0.000000 0.565203
-2.288461 0.000000 1.102065
-2.476317 0.000000 0.565203
-2.476317 0.000000 0.565203
-2.476317 0.000000 0.565203
-2.540000 0.000000 0.000000
-2.540000 0.000000 0.000000
-2.476317 0.000000 0.565203
-2.540000 0.000000 0.000000
0.000000 0.000000 2.540000
0.000000 0.000000 2.540000
0.565203 0.000000 2.476317
0.565203 0.000000 2.476317
0.000000 0.000000 2.540000
0.565203 0.000000 2.476317
0.565203 0.000000 2.476317
0.565203 0.000000 2.476317
1.102065 0.000000 2.288461
1.102065 0.000000 2.288461
0.565203 0.000000 2.476317
1.102065 0.000000 2.288461
1.102065 0.000000 2.288461
1.102065 0.000000 2.288461
1.583664 0.000000 1.985852
1.583664 0.000000 1.985852
1.102065 0.000000 2.288461
1.583664 0.000000 1.985852
1.583664 0.000000 1.985852
1.583664 0.000000 1.985852
1.985852 0.000000 1.583664
1.985852 0.000000 1.583664
1.583664 0.000000 1.985852
1.985852 0.000000 1.583664
1.985852 0.000000 1.583664
1.985852 0.000000 1.583664
2.288461 0.000000 1.102065
2.288461 0.000000 1.102065
1.985852 0.000000 1.583664
2.288461 0.000000 1.102065
2.288461 0.000000 1.102065
2.288461 0.000000 1.102065
2.476317 0.000000 0.565203
2.476317 0.000000 0.565203
2.288461 0.000000 1.102065
2.476317 0.000000 0.565203
2.476317 0.000000 0.565203
2.476317 0.000000 0.565203
2.540000 0.000000 0.000000
2.540000 0.000000 0.000000
2.476317 0.000000 0.565203
2.540000 0.000000 0.000000
0.000000 0.000000 2.540000
0.000000 0.000000 2.540000
0.565203 0.000000 2.476317
0.565203 0.000000 2.476317
0.000000 0.000000 2.540000
0.565203 0.000000 2.476317
0.565203 0.000000 2.476317
0.565203 0.000000 2.476317
1.102065 0.000000 2.288461
1.102065 0.000000 2.288461
0.565203 0.000000 2.476317
1.102065 0.000000 2.288461
1.102065 0.000000 2.288461
1.102065 0.000000 2.288461
1.583664 0.000000 1.985852
1.583664 0.000000 1.985852
1.102065 0.000000 2.288461
1.583664 0.000000 1.985852
1.583664 0.000000 1.985852
1.583664 0.000000 1.985852
1.985852 0.000000 1.583664
1.985852 0.000000 1.583664
1.583664 0.000000 1.985852
1.985852 0.000000 1.583664
1.985852 0.000000 1.583664
1.985852 0.000000 1.583664
2.288461 0.000000 1.102065
2.288461 0.000000 1.102065
1.985852 0.000000 1.583664
2.288461 0.000000 1.102065
2.288461 0.000000 1.102065
2.288461 0.000000 1.102065
2.476317 0.000000 0.565203
2.476317 0.000000 0.565203
2.288461 0.000000 1.102065
2.476317 0.000000 0.565203
2.476317 0.000000 0.565203
2.476317 0.000000 0.565203
2.540000 0.000000 0.000000
2.540000 0.000000 0.000000
2.476317 0.000000 0.565203
2.540000 0.000000 0.000000
0.000000 0.000000 2.540000
0.000000 0.000000 2.540000
-0.565203 0.000000 2.476317
-0.565203 0.000000 2.476317
0.000000 0.000000 2.540000
-0.565203 0.000000 2.476317
-0.565203 0.000000 2.476317
-0.565203 0.000000 2.476317
-1.102065 0.000000 2.288461
-1.102065 0.000000 2.288461
-0.565203 0.000000 2.476317
-1.102065 0.000000 2.288461
-1.102065 0.000000 2.288461
-1.102065 0.000000 2.288461
-1.583664 0.000000 1.985852
-1.583664 0.000000 1.985852
-1.102065 0.000000 2.288461
-1.583664 0.000000 1.985852
-1.583664 0.000000 1.985852
-1.583664 0.000000 1.985852
-1.985852 0.000000 1.583664
-1.985852 0.000000 1.583664
-1.583664 0.000000 1.985852
-1.985852 0.000000 1.583664
-1.985852 0.000000 1.583664
-1.985852 0.000000 1.583664
-2.288461 0.000000 1.102065
-2.288461 0.000000 1.102065
-1.985852 0.000000 1.583664
-2.288461 0.000000 1.102065
-2.288461 0.000000 1.102065
-2.288461 0.000000 1.102065
-2.476317 0.000000 0.565203
-2.476317 0.000000 0.565203
-2.288461 0.000000 1.102065
-2.476317 0.000000 0.565203
-2.476317 0.000000 0.565203
-2.476317 0.000000 0.565203
-2.540000 0.000000 0.000000
-2.540000 0.000000 0.000000
-2.476317 0.000000 0.565203
-2.540000 0.000000 0.000000
0.000000 0.000000 2.540000
0.000000 0.000000 2.540000
0.565203 0.000000 2.476317
0.565203 0.000000 2.476317
0.000000 0.000000 2.540000
0.565203 0.000000 2.476317
0.565203 0.000000 2.476317
0.565203 0.000000 2.476317
1.102065 0.000000 2.288461
1.102065 0.000000 2.288461
0.565203 0.000000 2.476317
1.102065 0.000000 2.288461
1.102065 0.000000 2.288461
1.102065 0.000000 2.288461
1.583664 0.000000 1.985852
1.583664 0.000000 1.985852
1.102065 0.000000 2.288461
1.583664 0.000000 1.985852
1.583664 0.000000 1.985852
1.583664 0.000000 1.985852
1.985852 0.000000 1.583664
1.985852 0.000000 1.583664
1.583664 0.000000 1.985852
1.985852 0.000000 1.583664
1.985852 0.000000 1.583664
1.985852 0.000000 1.583664
2.288461 0.000000 1.102065
2.288461 0.000000 1.102065
1.985852 0.000000 1.583664
2.288461 0.000000 1.102065
2.288461 0.000000 1.102065
2.288461 0.000000 1.102065
2.476317 0.000000 0.565203
2.476317 0.000000 0.565203
2.288461 0.000000 1.102065
2.476317 0.000000 0.565203
2.476317 0.000000 0.565203
2.476317 0.000000 0.565203
2.540000 0.000000 0.000000
2.540000 0.000000 0.000000
2.476317 0.000000 0.565203
2.540000 0.000000 0.000000
0.000000 0.000000 2.540000
0.000000 0.000000 2.540000
-0.565203 0.000000 2.476317
-0.565203 0.000000 2.476317
0.000000 0.000000 2.540000
-0.565203 0.000000 2.476317
-0.565203 0.000000 2.476317
-0.565203 0.000000 2.476317
-1.102065 0.000000 2.288461
-1.102065 0.000000 2.288461
-0.565203 0.000000 2.476317
-1.102065 0.000000 2.288461
-1.102065 0.000000 2.288461
-1.102065 0.000000 2.288461
-1.583664 0.000000 1.985852
-1.583664 0.000000 1.985852
-1.102065 0.000000 2.288461
-1.583664 0.000000 1.985852
-1.583664 0.000000 1.985852
-1.583664 0.000000 1.985852
-1.985852 0.000000 1.583664
-1.985852 0.000000 1.583664
-1.583664 0.000000 1.985852
-1.985852 0.000000 1.583664
-1.985852 0.000000 1.583664
-1.985852 0.000000 1.583664
-2.288461 0.000000 1.102065
-2.288461 0.000000 1.102065
-1.985852 0.000000 1.583664
-2.288461 0.000000 1.102065
-2.288461 0.000000 1.102065
-2.288461 0.000000 1.102065
-2.476317 0.000000 0.565203
-2.476317 0.000000 0.565203
-2.288461 0.000000 1.102065
-2.476317 0.000000 0.565203
-2.476317 0.000000 0.565203
-2.476317 0.000000 0.565203
-2.540000 0.000000 0.000000
-2.540000 0.000000 0.000000
-2.476317 0.000000 0.565203
-2.540000 0.000000 0.000000
0.000000 2.540000 0.000000
0.000000 2.540000 0.000000
0.000000 2.540000 0.000000
0.000000 2.540000 0.000000
0.000000 2.540000 0.000000
0.000000 2.540000 0.000000
0.000000 2.540000 0.000000
0.000000 2.540000 0.000000
0.000000 2.540000 0.000000
0.000000 2.540000 0.000000
0.000000 2.540000 0.000000
0.000000 2.540000 0.000000
0.000000 2.540000 0.000000
0.000000 2.540000 0.000000
0.000000 2.540000 0.000000
0.000000 2.540000 0.000000
0.000000 2.540000 0.000000
0.000000 2.540000 0.000000
0.000000 2.540000 0.000000
0.000000 2.540000 0.000000
0.000000 2.540000 0.000000
0.000000 2.540000 0.000000
0.000000 2.540000 0.000000
0.000000 2.540000 0.000000
0.000000 2.540000 0.000000
0.000000 2.540000 0.000000
0.000000 2.540000 0.000000
0.000000 2.540000 0.000000
0.000000 2.540000 0.000000
0.000000 2.540000 0.000000
0.000000 2.540000 0.000000
0.000000 2.540000 0.000000
0.000000 2.540000 0.000000
0.000000 2.540000 0.000000
0.000000 2.540000 0.000000
0.000000 2.540000 0.000000
0.000000 2.540000 0.000000
0.000000 2.540000 0.000000
0.000000 2.540000 0.000000
0.000000 2.540000 0.000000
0.000000 2.540000 0.000000
0.000000 2.540000 0.000000
0.000000 2.540000 0.000000
0.000000 2.540000 0.000000
0.000000 2.540000 0.000000
0.000000 2.540000 0.000000
0.000000 2.540000 0.000000
0.000000 2.540000 0.000000
0.000000 2.540000 0.000000
0.000000 2.540000 0.000000
0.000000 2.540000 0.000000
0.000000 2.540000 0.000000
0.000000 2.540000 0.000000
0.000000 2.540000 0.000000
0.000000 2.540000 0.000000
0.000000 2.540000 0.000000
0.000000 2.540000 0.000000
0.000000 2.540000 0.000000
0.000000 2.540000 0.000000
0.000000 2.540000 0.000000
0.000000 2.540000 0.000000
0.000000 2.540000 0.000000
0.000000 2.540000 0.000000
0.000000 2.540000 0.000000
0.000000 2.540000 0.000000
0.000000 2.540000 0.000000
0.000000 2.540000 0.000000
0.000000 2.540000 0.000000
0.000000 2.540000 0.000000
0.000000 2.540000 0.000000
0.000000 2.540000 0.000000
0.000000 2.540000 0.000000
0.000000 2.540000 0.000000
0.000000 2.540000 0.000000
0.000000 2.540000 0.000000
0.000000 2.540000 0.000000
0.000000 2.540000 0.000000
0.000000 2.540000 0.000000
0.000000 2.540000 0.000000
0.000000 2.540000 0.000000
0.000000 2.540000 0.000000
0.000000 2.540000 0.000000
0.000000 2.540000 0.000000
0.000000 2.540000 0.000000
0.000000 2.540000 0.000000
0.000000 2.540000 0.000000
0.000000 2.540000 0.000000
0.000000 2.540000 0.000000
0.000000 2.540000 0.000000
0.000000 2.540000 0.000000
0.000000 2.540000 0.000000
0.000000 2.540000 0.000000
0.000000 2.540000 0.000000
0.000000 2.540000 0.000000
0.000000 2.540000 0.000000
0.000000 2.540000 0.000000
0.000000 2.540000 0.000000
0.000000 2.540000 0.000000
0.000000 2.540000 0.000000
0.000000 2.540000 0.000000
0.000000 2.540000 0.000000
0.000000 2.540000 0.000000
0.000000 2.540000 0.000000
0.000000 2.540000 0.000000
0.000000 2.540000 0.000000
0.000000 2.540000 0.000000
0.000000 2.540000 0.000000
0.000000 2.540000 0.000000
0.000000 2.540000 0.000000
0.000000 2.540000 0.000000
0.000000 2.540000 0.000000
0.000000 2.540000 0.000000
0.000000 2.540000 0.000000
0.000000 2.540000 0.000000
0.000000 2.540000 0.000000
0.000000 2.540000 0.000000
0.000000 2.540000 0.000000
0.000000 2.540000 0.000000
0.000000 2.540000 0.000000
0.000000 2.540000 0.000000
0.000000 2.540000 0.000000
0.000000 2.540000 0.000000
0.000000 2.540000 0.000000
0.000000 2.540000 0.000000
0.000000 2.540000 0.000000
0.000000 2.540000 0.000000
0.000000 2.540000 0.000000
0.000000 2.540000 0.000000
0.000000 2.540000 0.000000
0.000000 2.540000 0.000000
0.000000 2.540000 0.000000
0.000000 2.540000 0.000000
0.000000 2.540000 0.000000
0.000000 2.540000 0.000000
0.000000 2.540000 0.000000
0.000000 2.540000 0.000000
0.000000 2.540000 0.000000
0.000000 2.540000 0.000000
0.000000 2.540000 0.000000
0.000000 2.540000 0.000000
0.000000 2.540000 0.000000
0.000000 2.540000 0.000000
0.000000 2.540000 0.000000
0.000000 2.540000 0.000000
0.000000 2.540000 0.000000
0.000000 2.540000 0.000000
0.000000 2.540000 0.000000
0.000000 2.540000 0.000000
0.000000 2.540000 0.000000
0.000000 2.540000 0.000000
0.000000 2.540000 0.000000
0.000000 2.540000 0.000000
0.000000 2.540000 0.000000
0.000000 2.540000 0.000000
0.000000 2.540000 0.000000
0.000000 2.540000 0.000000
-0.000000 0.000000 -2.540000
-0.000000 0.000000 -2.540000
0.607862 0.000000 -2.466192
0.607862 0.000000 -2.466192
-0.000000 0.000000 -2.540000
0.607862 0.000000 -2.466192
0.607862 0.000000 -2.466192
0.607862 0.000000 -2.466192
1.180397 0.000000 -2.249058
1.180397 0.000000 -2.249058
0.607862 0.000000 -2.466192
1.180397 0.000000 -2.249058
1.180397 0.000000 -2.249058
1.180397 0.000000 -2.249058
1.684332 0.000000 -1.901217
1.684332 0.000000 -1.901217
1.180397 0.000000 -2.249058
1.684332 0.000000 -1.901217
1.684332 0.000000 -1.901217
1.684332 0.000000 -1.901217
2.090379 0.000000 -1.442884
2.090379 0.000000 -1.442884
1.684332 0.000000 -1.901217
2.090379 0.000000 -1.442884
2.090379 0.000000 -1.442884
2.090379 0.000000 -1.442884
2.374941 0.000000 -0.900696
2.374941 0.000000 -0.900696
2.090379 0.000000 -1.442884
2.374941 0.000000 -0.900696
2.374941 0.000000 -0.900696
2.374941 0.000000 -0.900696
2.521481 0.000000 -0.306163
2.521481 0.000000 -0.306163
2.374941 0.000000 -0.900696
2.521481 0.000000 -0.306163
2.521481 0.000000 -0.306163
2.521481 0.000000 -0.306163
2.521481 0.000000 0.306163
2.521481 0.000000 0.306163
2.521481 0.000000 -0.306163
2.521481 0.000000 0.306163
2.521481 0.000000 0.306163
2.521481 0.000000 0.306163
2.374941 0.000000 0.900696
2.374941 0.000000 0.900696
2.521481 0.000000 0.306163
2.374941 0.000000 0.900696
2.374941 0.000000 0.900696
2.374941 0.000000 0.900696
2.090379 0.000000 1.442884
2.090379 0.000000 1.442884
2.374941 0.000000 0.900696
2.090379 0.000000 1.442884
2.090379 0.000000 1.442884
2.090379 0.000000 1.442884
1.684332 0.000000 1.901217
1.684332 0.000000 1.901217
2.090379 0.000000 1.442884
1.684332 0.000000 1.901217
1.684332 0.000000 1.901217
1.684332 0.000000 1.901217
1.180397 0.000000 2.249058
1.180397 0.000000 2.249058
1.684332 0.000000 1.901217
1.180397 0.000000 2.249058
1.180397 0.000000 2.249058
1.180397 0.000000 2.249058
0.607862 0.000000 2.466192
0.607862 0.000000 2.466192
1.180397 0.000000 2.249058
0.607862 0.000000 2.466192
0.607862 0.000000 2.466192
0.607862 0.000000 2.466192
0.000000 0.000000 2.540000
0.000000 0.000000 2.540000
0.607862 0.000000 2.466192
0.000000 0.000000 2.540000
0.000000 2.540000 0.000000
0.000000 2.540000 0.000000
0.000000 2.540000 0.000000
0.000000 2.540000 0.000000
0.000000 2.540000 0.000000
0.000000 2.540000 0.000000
0.000000 2.540000 0.000000
0.000000 2.540000 0.000000
0.000000 2.540000 0.000000
0.000000 2.540000 0.000000
0.000000 2.540000 0.000000
0.000000 2.540000 0.000000
0.000000 2.540000 0.000000
0.000000 2.540000 0.000000
0.000000 2.540000 0.000000
0.000000 2.540000 0.000000
0.000000 2.540000 0.000000
0.000000 2.540000 0.000000
0.000000 2.540000 0.000000
0.000000 2.540000 0.000000
0.000000 2.540000 0.000000
0.000000 2.540000 0.000000
0.000000 2.540000 0.000000
0.000000 2.540000 0.000000
0.000000 2.540000 0.000000
0.000000 2.540000 0.000000
0.000000 2.540000 0.000000
0.000000 2.540000 0.000000
0.000000 2.540000 0.000000
0.000000 2.540000 0.000000
0.000000 2.540000 0.000000
0.000000 2.540000 0.000000
0.000000 2.540000 0.000000
0.000000 2.540000 0.000000
0.000000 2.540000 0.000000
0.000000 2.540000 0.000000
0.000000 2.540000 0.000000
0.000000 2.540000 0.000000
0.000000 2.540000 0.000000
0.000000 2.540000 0.000000
0.000000 2.540000 0.000000
0.000000 2.540000 0.000000
0.000000 2.540000 0.000000
0.000000 2.540000 0.000000
0.000000 2.540000 0.000000
0.000000 2.540000 0.000000
0.000000 2.540000 0.000000
0.000000 2.540000 0.000000
0.000000 2.540000 0.000000
0.000000 2.540000 0.000000
0.000000 2.540000 0.000000
0.000000 2.540000 0.000000
0.000000 2.540000 0.000000
0.000000 2.540000 0.000000
0.000000 2.540000 0.000000
0.000000 2.540000 0.000000
0.000000 2.540000 0.000000
0.000000 2.540000 0.000000
0.000000 2.540000 0.000000
0.000000 2.540000 0.000000
0.000000 2.540000 0.000000
0.000000 2.540000 0.000000
0.000000 2.540000 0.000000
0.000000 2.540000 0.000000
0.000000 2.540000 0.000000
0.000000 2.540000 0.000000
0.000000 2.540000 0.000000
0.000000 2.540000 0.000000
0.000000 2.540000 0.000000
0.000000 2.540000 0.000000
0.000000 2.540000 0.000000
0.000000 2.540000 0.000000
0.000000 2.540000 0.000000
0.000000 2.540000 0.000000
0.000000 2.540000 0.000000
0.000000 2.540000 0.000000
0.000000 2.540000 0.000000
0.000000 2.540000 0.000000
0.000000 2.540000 0.000000
0.000000 2.540000 0.000000
0.000000 2.540000 0.000000
0.000000 2.540000 0.000000
0.000000 2.540000 0.000000
0.000000 2.540000 0.000000
0.000000 2.540000 0.000000
0.000000 2.540000 0.000000
0.000000 2.540000 0.000000
0.000000 2.540000 0.000000
0.000000 2.540000 0.000000
0.000000 2.540000 0.000000
0.000000 2.540000 0.000000
0.000000 2.540000 0.000000
0.000000 2.540000 0.000000
0.000000 2.540000 0.000000
0.000000 2.540000 0.000000
0.000000 2.540000 0.000000
0.000000 2.540000 0.000000
0.000000 2.540000 0.000000
0.000000 2.540000 0.000000
0.000000 2.540000 0.000000
0.000000 2.540000 0.000000
0.000000 2.540000 0.000000
0.000000 2.540000 0.000000
0.000000 2.540000 0.000000
0.000000 2.540000 0.000000
0.000000 2.540000 0.000000
0.000000 2.540000 0.000000
0.000000 2.540000 0.000000
0.000000 2.540000 0.000000
0.000000 2.540000 0.000000
0.000000 2.540000 0.000000
0.000000 2.540000 0.000000
0.000000 2.540000 0.000000
0.000000 2.540000 0.000000
0.000000 2.540000 0.000000
0.000000 2.540000 0.000000
0.000000 2.540000 0.000000
0.000000 2.540000 0.000000
0.000000 2.540000 0.000000
0.000000 2.540000 0.000000
0.000000 2.540000 0.000000
0.000000 2.540000 0.000000
0.000000 2.540000 0.000000
0.000000 2.540000 0.000000
0.000000 2.540000 0.000000
0.000000 2.540000 0.000000
0.000000 2.540000 0.000000
0.000000 2.540000 0.000000
0.000000 2.540000 0.000000
0.000000 2.540000 0.000000
0.000000 2.540000 0.000000
0.000000 2.540000 0.000000
0.000000 2.540000 0.000000
0.000000 2.540000 0.000000
0.000000 2.540000 0.000000
0.000000 2.540000 0.000000
0.000000 2.540000 0.000000
0.000000 2.540000 0.000000
0.000000 2.540000 0.000000
0.000000 2.540000 0.000000
0.000000 2.540000 0.000000
0.000000 2.540000 0.000000
0.000000 2.540000 0.000000
0.000000 2.540000 0.000000
0.000000 2.540000 0.000000
0.000000 2.540000 0.000000
0.000000 2.540000 0.000000
0.000000 2.540000 0.000000
0.000000 2.540000 0.000000
0.000000 2.540000 0.000000
0.000000 2.540000 0.000000
0.000000 2.540000 0.000000
0.000000 2.540000 0.000000
0.000000 2.540000 0.000000
0.000000 2.540000 0.000000
0.000000 2.540000 0.000000
-0.000000 0.000000 -2.540000
-0.000000 0.000000 -2.540000
0.607862 0.000000 -2.466192
0.607862 0.000000 -2.466192
-0.000000 0.000000 -2.540000
0.607862 0.000000 -2.466192
0.607862 0.000000 -2.466192
0.607862 0.000000 -2.466192
1.180397 0.000000 -2.249058
1.180397 0.000000 -2.249058
0.607862 0.000000 -2.466192
1.180397 0.000000 -2.249058
1.180397 0.000000 -2.249058
1.180397 0.000000 -2.249058
1.684332 0.000000 -1.901217
1.684332 0.000000 -1.901217
1.180397 0.000000 -2.249058
1.684332 0.000000 -1.901217
1.684332 0.000000 -1.901217
1.684332 0.000000 -1.901217
2.090379 0.000000 -1.442884
2.090379 0.000000 -1.442884
1.684332 0.000000 -1.901217
2.090379 0.000000 -1.442884
2.090379 0.000000 -1.442884
2.090379 0.000000 -1.442884
2.374941 0.000000 -0.900696
2.374941 0.000000 -0.900696
2.090379 0.000000 -1.442884
2.374941 0.000000 -0.900696
2.374941 0.000000 -0.900696
2.374941 0.000000 -0.900696
2.521481 0.000000 -0.306163
2.521481 0.000000 -0.306163
2.374941 0.000000 -0.900696
2.521481 0.000000 -0.306163
2.521481 0.000000 -0.306163
2.521481 0.000000 -0.306163
2.521481 0.000000 0.306163
2.521481 0.000000 0.306163
2.521481 0.000000 -0.306163
2.521481 0.000000 0.306163
2.521481 0.000000 0.306163
2.521481 0.000000 0.306163
2.374941 0.000000 0.900696
2.374941 0.000000 0.900696
2.521481 0.000000 0.306163
2.374941 0.000000 0.900696
2.374941 0.000000 0.900696
2.374941 0.000000 0.900696
2.090379 0.000000 1.442884
2.090379 0.000000 1.442884
2.374941 0.000000 0.900696
2.090379 0.000000 1.442884
2.090379 0.000000 1.442884
2.090379 0.000000 1.442884
1.684332 0.000000 1.901217
1.684332 0.000000 1.901217
2.090379 0.000000 1.442884
1.684332 0.000000 1.901217
1.684332 0.000000 1.901217
1.684332 0.000000 1.901217
1.180397 0.000000 2.249058
1.180397 0.000000 2.249058
1.684332 0.000000 1.901217
1.180397 0.000000 2.249058
1.180397 0.000000 2.249058
1.180397 0.000000 2.249058
0.607862 0.000000 2.466192
0.607862 0.000000 2.466192
1.180397 0.000000 2.249058
0.607862 0.000000 2.466192
0.607862 0.000000 2.466192
0.607862 0.000000 2.466192
0.000000 0.000000 2.540000
0.000000 0.000000 2.540000
0.607862 0.000000 2.466192
0.000000 0.000000 2.540000
0.000000 2.540000 0.000000
0.000000 2.540000 0.000000
0.000000 2.540000 0.000000
0.000000 2.540000 0.000000
0.000000 2.540000 0.000000
0.000000 2.540000 0.000000
0.000000 2.540000 0.000000
0.000000 2.540000 0.000000
0.000000 2.540000 0.000000
0.000000 2.540000 0.000000
0.000000 2.540000 0.000000
0.000000 2.540000 0.000000
0.000000 2.540000 0.000000
0.000000 2.540000 0.000000
0.000000 2.540000 0.000000
0.000000 2.540000 0.000000
0.000000 2.540000 0.000000
0.000000 2.540000 0.000000
0.000000 2.540000 0.000000
0.000000 2.540000 0.000000
0.000000 2.540000 0.000000
0.000000 2.540000 0.000000
0.000000 2.540000 0.000000
0.000000 2.540000 0.000000
0.000000 2.540000 0.000000
0.000000 2.540000 0.000000
0.000000 2.540000 0.000000
0.000000 2.540000 0.000000
0.000000 2.540000 0.000000
0.000000 2.540000 0.000000
0.000000 2.540000 0.000000
0.000000 2.540000 0.000000
0.000000 2.540000 0.000000
0.000000 2.540000 0.000000
0.000000 2.540000 0.000000
0.000000 2.540000 0.000000
0.000000 2.540000 0.000000
0.000000 2.540000 0.000000
0.000000 2.540000 0.000000
0.000000 2.540000 0.000000
0.000000 2.540000 0.000000
0.000000 2.540000 0.000000
0.000000 2.540000 0.000000
0.000000 2.540000 0.000000
0.000000 2.540000 0.000000
0.000000 2.540000 0.000000
0.000000 2.540000 0.000000
0.000000 2.540000 0.000000
0.000000 2.540000 0.000000
0.000000 2.540000 0.000000
0.000000 2.540000 0.000000
0.000000 2.540000 0.000000
0.000000 2.540000 0.000000
0.000000 2.540000 0.000000
0.000000 2.540000 0.000000
0.000000 2.540000 0.000000
0.000000 2.540000 0.000000
0.000000 2.540000 0.000000
0.000000 2.540000 0.000000
0.000000 2.540000 0.000000
0.000000 2.540000 0.000000
0.000000 2.540000 0.000000
0.000000 2.540000 0.000000
0.000000 2.540000 0.000000
0.000000 2.540000 0.000000
0.000000 2.540000 0.000000
0.000000 2.540000 0.000000
0.000000 2.540000 0.000000
0.000000 2.540000 0.000000
0.000000 2.540000 0.000000
0.000000 2.540000 0.000000
0.000000 2.540000 0.000000
0.000000 2.540000 0.000000
0.000000 2.540000 0.000000
0.000000 2.540000 0.000000
0.000000 2.540000 0.000000
0.000000 2.540000 0.000000
0.000000 2.540000 0.000000
0.000000 2.540000 0.000000
0.000000 2.540000 0.000000
0.000000 2.540000 0.000000
0.000000 2.540000 0.000000
0.000000 2.540000 0.000000
0.000000 2.540000 0.000000
0.000000 2.540000 0.000000
0.000000 2.540000 0.000000
0.000000 2.540000 0.000000
0.000000 2.540000 0.000000
0.000000 2.540000 0.000000
0.000000 2.540000 0.000000
0.000000 2.540000 0.000000
0.000000 2.540000 0.000000
0.000000 2.540000 0.000000
0.000000 2.540000 0.000000
0.000000 2.540000 0.000000
0.000000 2.540000 0.000000
0.000000 2.540000 0.000000
0.000000 2.540000 0.000000
0.000000 2.540000 0.000000
0.000000 2.540000 0.000000
0.000000 2.540000 0.000000
0.000000 2.540000 0.000000
0.000000 2.540000 0.000000
0.000000 2.540000 0.000000
0.000000 2.540000 0.000000
0.000000 2.540000 0.000000
0.000000 2.540000 0.000000
0.000000 2.540000 0.000000
0.000000 2.540000 0.000000
0.000000 2.540000 0.000000
0.000000 2.540000 0.000000
0.000000 2.540000 0.000000
0.000000 2.540000 0.000000
0.000000 2.540000 0.000000
0.000000 2.540000 0.000000
0.000000 2.540000 0.000000
0.000000 2.540000 0.000000
0.000000 2.540000 0.000000
0.000000 2.540000 0.000000
0.000000 2.540000 0.000000
0.000000 2.540000 0.000000
0.000000 2.540000 0.000000
0.000000 2.540000 0.000000
0.000000 2.540000 0.000000
0.000000 2.540000 0.000000
0.000000 2.540000 0.000000
0.000000 2.540000 0.000000
0.000000 2.540000 0.000000
0.000000 2.540000 0.000000
0.000000 2.540000 0.000000
0.000000 2.540000 0.000000
0.000000 2.540000 0.000000
0.000000 2.540000 0.000000
0.000000 2.540000 0.000000
0.000000 2.540000 0.000000
0.000000 2.540000 0.000000
0.000000 2.540000 0.000000
0.000000 2.540000 0.000000
0.000000 2.540000 0.000000
0.000000 2.540000 0.000000
0.000000 2.540000 0.000000
0.000000 2.540000 0.000000
0.000000 2.540000 0.000000
0.000000 2.540000 0.000000
0.000000 2.540000 0.000000
0.000000 2.540000 0.000000
0.000000 2.540000 0.000000
0.000000 2.540000 0.000000
0.000000 2.540000 0.000000
0.000000 2.540000 0.000000
0.000000 2.540000 0.000000
0.000000 2.540000 0.000000
0.000000 2.540000 0.000000
0.000000 2.540000 0.000000
0.000000 2.540000 0.000000
0.000000 2.540000 0.000000
-0.000000 0.000000 -2.540000
-0.000000 0.000000 -2.540000
0.607862 0.000000 -2.466192
0.607862 0.000000 -2.466192
-0.000000 0.000000 -2.540000
0.607862 0.000000 -2.466192
0.607862 0.000000 -2.466192
0.607862 0.000000 -2.466192
1.180397 0.000000 -2.249058
1.180397 0.000000 -2.249058
0.607862 0.000000 -2.466192
1.180397 0.000000 -2.249058
1.180397 0.000000 -2.249058
1.180397 0.000000 -2.249058
1.684332 0.000000 -1.901217
1.684332 0.000000 -1.901217
1.180397 0.000000 -2.249058
1.684332 0.000000 -1.901217
1.684332 0.000000 -1.901217
1.684332 0.000000 -1.901217
2.090379 0.000000 -1.442884
2.090379 0.000000 -1.442884
1.684332 0.000000 -1.901217
2.090379 0.000000 -1.442884
2.090379 0.000000 -1.442884
2.090379 0.000000 -1.442884
2.374941 0.000000 -0.900696
2.374941 0.000000 -0.900696
2.090379 0.000000 -1.442884
2.374941 0.000000 -0.900696
2.374941 0.000000 -0.900696
2.374941 0.000000 -0.900696
2.521481 0.000000 -0.306163
2.521481 0.000000 -0.306163
2.374941 0.000000 -0.900696
2.521481 0.000000 -0.306163
2.521481 0.000000 -0.306163
2.521481 0.000000 -0.306163
2.521481 0.000000 0.306163
2.521481 0.000000 0.306163
2.521481 0.000000 -0.306163
2.521481 0.000000 0.306163
2.521481 0.000000 0.306163
2.521481 0.000000 0.306163
2.374941 0.000000 0.900696
2.374941 0.000000 0.900696
2.521481 0.000000 0.306163
2.374941 0.000000 0.900696
2.374941 0.000000 0.900696
2.374941 0.000000 0.900696
2.090379 0.000000 1.442884
2.090379 0.000000 1.442884
2.374941 0.000000 0.900696
2.090379 0.000000 1.442884
2.090379 0.000000 1.442884
2.090379 0.000000 1.442884
1.684332 0.000000 1.901217
1.684332 0.000000 1.901217
2.090379 0.000000 1.442884
1.684332 0.000000 1.901217
1.684332 0.000000 1.901217
1.684332 0.000000 1.901217
1.180397 0.000000 2.249058
1.180397 0.000000 2.249058
1.684332 0.000000 1.901217
1.180397 0.000000 2.249058
1.180397 0.000000 2.249058
1.180397 0.000000 2.249058
0.607862 0.000000 2.466192
0.607862 0.000000 2.466192
1.180397 0.000000 2.249058
0.607862 0.000000 2.466192
0.607862 0.000000 2.466192
0.607862 0.000000 2.466192
0.000000 0.000000 2.540000
0.000000 0.000000 2.540000
0.607862 0.000000 2.466192
0.000000 0.000000 2.540000
2.540000 -0.000000 0.000000
2.540000 -0.000000 0.000000
2.466192 0.607862 0.000000
2.466192 0.607862 0.000000
2.540000 -0.000000 0.000000
2.466192 0.607862 0.000000
2.466192 0.607862 0.000000
2.466192 0.607862 0.000000
2.249058 1.180397 0.000000
2.249058 1.180397 0.000000
2.466192 0.607862 0.000000
2.249058 1.180397 0.000000
2.249058 1.180397 0.000000
2.249058 1.180397 0.000000
1.901217 1.684332 0.000000
1.901217 1.684332 0.000000
2.249058 1.180397 0.000000
1.901217 1.684332 0.000000
1.901217 1.684332 0.000000
1.901217 1.684332 0.000000
1.442884 2.090379 0.000000
1.442884 2.090379 0.000000
1.901217 1.684332 0.000000
1.442884 2.090379 0.000000
1.442884 2.090379 0.000000
1.442884 2.090379 0.000000
0.900696 2.374941 0.000000
0.900696 2.374941 0.000000
1.442884 2.090379 0.000000
0.900696 2.374941 0.000000
0.900696 2.374941 0.000000
0.900696 2.374941 0.000000
0.306163 2.521481 0.000000
0.306163 2.521481 0.000000
0.900696 2.374941 0.000000
0.306163 2.521481 0.000000
0.306163 2.521481 0.000000
0.306163 2.521481 0.000000
-0.306163 2.521481 0.000000
-0.306163 2.521481 0.000000
0.306163 2.521481 0.000000
-0.306163 2.521481 0.000000
-0.306163 2.521481 0.000000
-0.306163 2.521481 0.000000
-0.900696 2.374941 0.000000
-0.900696 2.374941 0.000000
-0.306163 2.521481 0.000000
-0.900696 2.374941 0.000000
-0.900696 2.374941 0.000000
-0.900696 2.374941 0.000000
-1.442884 2.090379 0.000000
-1.442884 2.090379 0.000000
-0.900696 2.374941 0.000000
-1.442884 2.090379 0.000000
-1.442884 2.090379 0.000000
-1.442884 2.090379 0.000000
-1.901217 1.684332 0.000000
-1.901217 1.684332 0.000000
-1.442884 2.090379 0.000000
-1.901217 1.684332 0.000000
-1.901217 1.684332 0.000000
-1.901217 1.684332 0.000000
-2.249058 1.180397 0.000000
-2.249058 1.180397 0.000000
-1.901217 1.684332 0.000000
-2.249058 1.180397 0.000000
-2.249058 1.180397 0.000000
-2.249058 1.180397 0.000000
-2.466192 0.607862 0.000000
-2.466192 0.607862 0.000000
-2.249058 1.180397 0.000000
-2.466192 0.607862 0.000000
-2.466192 0.607862 0.000000
-2.466192 0.607862 0.000000
-2.540000 0.000000 0.000000
-2.540000 0.000000 0.000000
-2.466192 0.607862 0.000000
-2.540000 0.000000 0.000000
-0.000000 -0.000000 -2.540000
-0.000000 -0.000000 -2.540000
-0.000000 -0.000000 -2.540000
-0.000000 -0.000000 -2.540000
-0.000000 -0.000000 -2.540000
-0.000000 -0.000000 -2.540000
-0.000000 -0.000000 -2.540000
-0.000000 -0.000000 -2.540000
-0.000000 -0.000000 -2.540000
-0.000000 -0.000000 -2.540000
-0.000000 -0.000000 -2.540000
-0.000000 -0.000000 -2.540000
-0.000000 -0.000000 -2.540000
-0.000000 -0.000000 -2.540000
-0.000000 -0.000000 -2.540000
-0.000000 -0.000000 -2.540000
-0.000000 -0.000000 -2.540000
-0.000000 -0.000000 -2.540000
-0.000000 -0.000000 -2.540000
-0.000000 -0.000000 -2.540000
-0.000000 -0.000000 -2.540000
-0.000000 -0.000000 -2.540000
-0.000000 -0.000000 -2.540000
-0.000000 -0.000000 -2.540000
-0.000000 -0.000000 -2.540000
-0.000000 -0.000000 -2.540000
-0.000000 -0.000000 -2.540000
-0.000000 -0.000000 -2.540000
-0.000000 -0.000000 -2.540000
-0.000000 -0.000000 -2.540000
-0.000000 -0.000000 -2.540000
-0.000000 -0.000000 -2.540000
-0.000000 -0.000000 -2.540000
-0.000000 -0.000000 -2.540000
-0.000000 -0.000000 -2.540000
-0.000000 -0.000000 -2.540000
-0.000000 -0.000000 -2.540000
-0.000000 -0.000000 -2.540000
-0.000000 -0.000000 -2.540000
-0.000000 -0.000000 -2.540000
-0.000000 -0.000000 -2.540000
-0.000000 -0.000000 -2.540000
-0.000000 -0.000000 -2.540000
-0.000000 -0.000000 -2.540000
-0.000000 -0.000000 -2.540000
-0.000000 -0.000000 -2.540000
-0.000000 -0.000000 -2.540000
-0.000000 -0.000000 -2.540000
-0.000000 -0.000000 -2.540000
-0.000000 -0.000000 -2.540000
-0.000000 -0.000000 -2.540000
-0.000000 -0.000000 -2.540000
-0.000000 -0.000000 -2.540000
-0.000000 -0.000000 -2.540000
-0.000000 -0.000000 -2.540000
-0.000000 -0.000000 -2.540000
-0.000000 -0.000000 -2.540000
-0.000000 -0.000000 -2.540000
-0.000000 -0.000000 -2.540000
-0.000000 -0.000000 -2.540000
-0.000000 -0.000000 -2.540000
-0.000000 -0.000000 -2.540000
-0.000000 -0.000000 -2.540000
-0.000000 -0.000000 -2.540000
-0.000000 -0.000000 -2.540000
-0.000000 -0.000000 -2.540000
-0.000000 -0.000000 -2.540000
-0.000000 -0.000000 -2.540000
-0.000000 -0.000000 -2.540000
-0.000000 -0.000000 -2.540000
-0.000000 -0.000000 -2.540000
-0.000000 -0.000000 -2.540000
-0.000000 -0.000000 -2.540000
-0.000000 -0.000000 -2.540000
-0.000000 -0.000000 -2.540000
-0.000000 -0.000000 -2.540000
-0.000000 -0.000000 -2.540000
-0.000000 -0.000000 -2.540000
-0.000000 -0.000000 -2.540000
-0.000000 -0.000000 -2.540000
-0.000000 -0.000000 -2.540000
-0.000000 -0.000000 -2.540000
-0.000000 -0.000000 -2.540000
-0.000000 -0.000000 -2.540000
-0.000000 -0.000000 -2.540000
-0.000000 -0.000000 -2.540000
-0.000000 -0.000000 -2.540000
-0.000000 -0.000000 -2.540000
-0.000000 -0.000000 -2.540000
-0.000000 -0.000000 -2.540000
-0.000000 -0.000000 -2.540000
-0.000000 -0.000000 -2.540000
-0.000000 -0.000000 -2.540000
-0.000000 -0.000000 -2.540000
-0.000000 -0.000000 -2.540000
-0.000000 -0.000000 -2.540000
-0.000000 -0.000000 -2.540000
-0.000000 -0.000000 -2.540000
-0.000000 -0.000000 -2.540000
-0.000000 -0.000000 -2.540000
-0.000000 -0.000000 -2.540000
-0.000000 -0.000000 -2.540000
-0.000000 -0.000000 -2.540000
-0.000000 -0.000000 -2.540000
-0.000000 -0.000000 -2.540000
-0.000000 -0.000000 -2.540000
-0.000000 -0.000000 -2.540000
-0.000000 -0.000000 -2.540000
-0.000000 -0.000000 -2.540000
-0.000000 -0.000000 -2.540000
-0.000000 -0.000000 -2.540000
-2.540000 -0.000000 0.000000
-2.540000 -0.000000 0.000000
-2.540000 -0.000000 0.000000
-2.540000 -0.000000 0.000000
-2.540000 -0.000000 0.000000
-2.540000 -0.000000 0.000000
0.000000 -2.540000 0.000000
0.000000 -2.540000 0.000000
-0.565203 -2.476317 0.000000
-0.565203 -2.476317 0.000000
0.000000 -2.540000 0.000000
-0.565203 -2.476317 0.000000
-0.565203 -2.476317 0.000000
-0.565203 -2.476317 0.000000
-1.102065 -2.288461 0.000000
-1.102065 -2.288461 0.000000
-0.565203 -2.476317 0.000000
-1.102065 -2.288461 0.000000
-1.102065 -2.288461 0.000000
-1.102065 -2.288461 0.000000
-1.583664 -1.985852 0.000000
-1.583664 -1.985852 0.000000
-1.102065 -2.288461 0.000000
-1.583664 -1.985852 0.000000
-1.583664 -1.985852 0.000000
-1.583664 -1.985852 0.000000
-1.985852 -1.583664 0.000000
-1.985852 -1.583664 0.000000
-1.583664 -1.985852 0.000000
-1.985852 -1.583664 0.000000
-1.985852 -1.583664 0.000000
-1.985852 -1.583664 0.000000
-2.288461 -1.102065 0.000000
-2.288461 -1.102065 0.000000
-1.985852 -1.583664 0.000000
-2.288461 -1.102065 0.000000
-2.288461 -1.102065 0.000000
-2.288461 -1.102065 0.000000
-2.476317 -0.565203 0.000000
-2.476317 -0.565203 0.000000
-2.288461 -1.102065 0.000000
-2.476317 -0.565203 0.000000
-2.476317 -0.565203 0.000000
-2.476317 -0.565203 0.000000
-2.540000 -0.000000 0.000000
-2.540000 -0.000000 0.000000
-2.476317 -0.565203 0.000000
-2.540000 -0.000000 0.000000
0.000000 0.000000 2.540000
0.000000 0.000000 2.540000
0.000000 0.000000 2.540000
0.000000 0.000000 2.540000
0.000000 0.000000 2.540000
0.000000 0.000000 2.540000
0.000000 0.000000 2.540000
0.000000 0.000000 2.540000
0.000000 0.000000 2.540000
0.000000 0.000000 2.540000
0.000000 0.000000 2.540000
0.000000 0.000000 2.540000
0.000000 0.000000 2.540000
0.000000 0.000000 2.540000
0.000000 0.000000 2.540000
0.000000 0.000000 2.540000
0.000000 0.000000 2.540000
0.000000 0.000000 2.540000
0.000000 0.000000 2.540000
0.000000 0.000000 2.540000
0.000000 0.000000 2.540000
0.000000 0.000000 2.540000
0.000000 0.000000 2.540000
0.000000 0.000000 2.540000
0.000000 0.000000 2.540000
0.000000 0.000000 2.540000
0.000000 0.000000 2.540000
0.000000 0.000000 2.540000
0.000000 0.000000 2.540000
0.000000 0.000000 2.540000
0.000000 0.000000 2.540000
0.000000 0.000000 2.540000
0.000000 0.000000 2.540000
0.000000 0.000000 2.540000
0.000000 0.000000 2.540000
0.000000 0.000000 2.540000
0.000000 0.000000 2.540000
0.000000 0.000000 2.540000
0.000000 0.000000 2.540000
0.000000 0.000000 2.540000
0.000000 0.000000 2.540000
0.000000 0.000000 2.540000
0.000000 0.000000 2.540000
0.000000 0.000000 2.540000
0.000000 0.000000 2.540000
0.000000 0.000000 2.540000
0.000000 0.000000 2.540000
0.000000 0.000000 2.540000
0.000000 0.000000 2.540000
0.000000 0.000000 2.540000
0.000000 0.000000 2.540000
0.000000 0.000000 2.540000
0.000000 0.000000 2.540000
0.000000 0.000000 2.540000
0.000000 0.000000 2.540000
0.000000 0.000000 2.540000
0.000000 0.000000 2.540000
0.000000 0.000000 2.540000
0.000000 0.000000 2.540000
0.000000 0.000000 2.540000
0.000000 0.000000 2.540000
0.000000 0.000000 2.540000
0.000000 0.000000 2.540000
0.000000 0.000000 2.540000
0.000000 0.000000 2.540000
0.000000 0.000000 2.540000
0.000000 0.000000 2.540000
0.000000 0.000000 2.540000
0.000000 0.000000 2.540000
0.000000 0.000000 2.540000
0.000000 0.000000 2.540000
0.000000 0.000000 2.540000
0.000000 0.000000 2.540000
0.000000 0.000000 2.540000
0.000000 0.000000 2.540000
0.000000 0.000000 2.540000
0.000000 0.000000 2.540000
0.000000 0.000000 2.540000
0.000000 0.000000 2.540000
0.000000 0.000000 2.540000
0.000000 0.000000 2.540000
0.000000 0.000000 2.540000
0.000000 0.000000 2.540000
0.000000 0.000000 2.540000
0.000000 0.000000 2.540000
0.000000 0.000000 2.540000
0.000000 0.000000 2.540000
0.000000 0.000000 2.540000
0.000000 0.000000 2.540000
0.000000 0.000000 2.540000
0.000000 0.000000 2.540000
0.000000 0.000000 2.540000
0.000000 0.000000 2.540000
0.000000 0.000000 2.540000
0.000000 0.000000 2.540000
0.000000 0.000000 2.540000
0.000000 0.000000 2.540000
0.000000 0.000000 2.540000
0.000000 0.000000 2.540000
0.000000 0.000000 2.540000
0.000000 0.000000 2.540000
0.000000 0.000000 2.540000
0.000000 0.000000 2.540000
0.000000 0.000000 2.540000
0.000000 0.000000 2.540000
0.000000 0.000000 2.540000
0.000000 0.000000 2.540000
0.000000 0.000000 2.540000
0.000000 0.000000 2.540000
0.000000 0.000000 2.540000
0.000000 0.000000 2.540000
0.000000 0.000000 2.540000
0.000000 0.000000 2.540000
0.000000 0.000000 2.540000
0.000000 0.000000 2.540000
0.000000 0.000000 2.540000
0.000000 0.000000 2.540000
0.000000 0.000000 2.540000
0.000000 0.000000 2.540000
0.000000 0.000000 2.540000
0.000000 0.000000 2.540000
0.000000 0.000000 2.540000
0.000000 0.000000 2.540000
0.000000 0.000000 2.540000
0.000000 0.000000 2.540000
0.000000 0.000000 2.540000
0.000000 0.000000 2.540000
0.000000 0.000000 2.540000
0.000000 0.000000 2.540000
0.000000 0.000000 2.540000
0.000000 0.000000 2.540000
0.000000 0.000000 2.540000
0.000000 0.000000 2.540000
0.000000 0.000000 2.540000
0.000000 0.000000 2.540000
0.000000 0.000000 2.540000
0.000000 0.000000 2.540000
0.000000 0.000000 2.540000
0.000000 0.000000 2.540000
0.000000 0.000000 2.540000
0.000000 0.000000 2.540000
0.000000 0.000000 2.540000
0.000000 0.000000 2.540000
0.000000 0.000000 2.540000
0.000000 0.000000 2.540000
0.000000 0.000000 2.540000
0.000000 0.000000 2.540000
0.000000 0.000000 2.540000
0.000000 0.000000 2.540000
0.000000 0.000000 2.540000
0.000000 0.000000 2.540000
0.000000 0.000000 2.540000
0.000000 0.000000 2.540000
0.000000 0.000000 2.540000
0.000000 0.000000 2.540000
0.000000 0.000000 2.540000
-2.540000 -0.000000 0.000000
-2.540000 -0.000000 0.000000
-2.466192 0.607862 0.000000
-2.466192 0.607862 0.000000
-2.540000 -0.000000 0.000000
-2.466192 0.607862 0.000000
-2.466192 0.607862 0.000000
-2.466192 0.607862 0.000000
-2.249058 1.180397 0.000000
-2.249058 1.180397 0.000000
-2.466192 0.607862 0.000000
-2.249058 1.180397 0.000000
-2.249058 1.180397 0.000000
-2.249058 1.180397 0.000000
-1.901217 1.684332 0.000000
-1.901217 1.684332 0.000000
-2.249058 1.180397 0.000000
-1.901217 1.684332 0.000000
-1.901217 1.684332 0.000000
-1.901217 1.684332 0.000000
-1.442884 2.090379 0.000000
-1.442884 2.090379 0.000000
-1.901217 1.684332 0.000000
-1.442884 2.090379 0.000000
-1.442884 2.090379 0.000000
-1.442884 2.090379 0.000000
-0.900696 2.374941 0.000000
-0.900696 2.374941 0.000000
-1.442884 2.090379 0.000000
-0.900696 2.374941 0.000000
-0.900696 2.374941 0.000000
-0.900696 2.374941 0.000000
-0.306163 2.521481 0.000000
-0.306163 2.521481 0.000000
-0.900696 2.374941 0.000000
-0.306163 2.521481 0.000000
-0.306163 2.521481 0.000000
-0.306163 2.521481 0.000000
0.306163 2.521481 0.000000
0.306163 2.521481 0.000000
-0.306163 2.521481 0.000000
0.306163 2.521481 0.000000
0.306163 2.521481 0.000000
0.306163 2.521481 0.000000
0.900696 2.374941 0.000000
0.900696 2.374941 0.000000
0.306163 2.521481 0.000000
0.900696 2.374941 0.000000
0.900696 2.374941 0.000000
0.900696 2.374941 0.000000
1.442884 2.090379 0.000000
1.442884 2.090379 0.000000
0.900696 2.374941 0.000000
1.442884 2.090379 0.000000
1.442884 2.090379 0.000000
1.442884 2.090379 0.000000
1.901217 1.684332 0.000000
1.901217 1.684332 0.000000
1.442884 2.090379 0.000000
1.901217 1.684332 0.000000
1.901217 1.684332 0.000000
1.901217 1.684332 0.000000
2.249058 1.180397 0.000000
2.249058 1.180397 0.000000
1.901217 1.684332 0.000000
2.249058 1.180397 0.000000
2.249058 1.180397 0.000000
2.249058 1.180397 0.000000
2.466192 0.607862 0.000000
2.466192 0.607862 0.000000
2.249058 1.180397 0.000000
2.466192 0.607862 0.000000
2.466192 0.607862 0.000000
2.466192 0.607862 0.000000
2.540000 0.000000 0.000000
2.540000 0.000000 0.000000
2.466192 0.607862 0.000000
2.540000 0.000000 0.000000
0.000000 0.000000 2.540000
0.000000 0.000000 2.540000
0.000000 0.000000 2.540000
0.000000 0.000000 2.540000
0.000000 0.000000 2.540000
0.000000 0.000000 2.540000
0.000000 0.000000 2.540000
0.000000 0.000000 2.540000
0.000000 0.000000 2.540000
0.000000 0.000000 2.540000
0.000000 0.000000 2.540000
0.000000 0.000000 2.540000
0.000000 0.000000 2.540000
0.000000 0.000000 2.540000
0.000000 0.000000 2.540000
0.000000 0.000000 2.540000
0.000000 0.000000 2.540000
0.000000 0.000000 2.540000
0.000000 0.000000 2.540000
0.000000 0.000000 2.540000
0.000000 0.000000 2.540000
0.000000 0.000000 2.540000
0.000000 0.000000 2.540000
0.000000 0.000000 2.540000
0.000000 0.000000 2.540000
0.000000 0.000000 2.540000
0.000000 0.000000 2.540000
0.000000 0.000000 2.540000
0.000000 0.000000 2.540000
0.000000 0.000000 2.540000
0.000000 0.000000 2.540000
0.000000 0.000000 2.540000
0.000000 0.000000 2.540000
0.000000 0.000000 2.540000
0.000000 0.000000 2.540000
0.000000 0.000000 2.540000
0.000000 0.000000 2.540000
0.000000 0.000000 2.540000
0.000000 0.000000 2.540000
0.000000 0.000000 2.540000
0.000000 0.000000 2.540000
0.000000 0.000000 2.540000
0.000000 0.000000 2.540000
0.000000 0.000000 2.540000
0.000000 0.000000 2.540000
0.000000 0.000000 2.540000
0.000000 0.000000 2.540000
0.000000 0.000000 2.540000
0.000000 0.000000 2.540000
0.000000 0.000000 2.540000
0.000000 0.000000 2.540000
0.000000 0.000000 2.540000
0.000000 0.000000 2.540000
0.000000 0.000000 2.540000
0.000000 0.000000 2.540000
0.000000 0.000000 2.540000
0.000000 0.000000 2.540000
0.000000 0.000000 2.540000
0.000000 0.000000 2.540000
0.000000 0.000000 2.540000
0.000000 0.000000 2.540000
0.000000 0.000000 2.540000
0.000000 0.000000 2.540000
0.000000 0.000000 2.540000
0.000000 0.000000 2.540000
0.000000 0.000000 2.540000
0.000000 0.000000 2.540000
0.000000 0.000000 2.540000
0.000000 0.000000 2.540000
0.000000 0.000000 2.540000
0.000000 0.000000 2.540000
0.000000 0.000000 2.540000
0.000000 0.000000 2.540000
0.000000 0.000000 2.540000
0.000000 0.000000 2.540000
0.000000 0.000000 2.540000
0.000000 0.000000 2.540000
0.000000 0.000000 2.540000
0.000000 0.000000 2.540000
0.000000 0.000000 2.540000
0.000000 0.000000 2.540000
0.000000 0.000000 2.540000
0.000000 0.000000 2.540000
0.000000 0.000000 2.540000
0.000000 0.000000 2.540000
0.000000 0.000000 2.540000
0.000000 0.000000 2.540000
0.000000 0.000000 2.540000
0.000000 0.000000 2.540000
0.000000 0.000000 2.540000
0.000000 0.000000 2.540000
0.000000 0.000000 2.540000
0.000000 0.000000 2.540000
0.000000 0.000000 2.540000
0.000000 0.000000 2.540000
0.000000 0.000000 2.540000
0.000000 0.000000 2.540000
0.000000 0.000000 2.540000
0.000000 0.000000 2.540000
0.000000 0.000000 2.540000
0.000000 0.000000 2.540000
0.000000 0.000000 2.540000
0.000000 0.000000 2.540000
0.000000 0.000000 2.540000
0.000000 0.000000 2.540000
0.000000 0.000000 2.540000
0.000000 0.000000 2.540000
0.000000 0.000000 2.540000
0.000000 0.000000 2.540000
0.000000 0.000000 2.540000
0.000000 0.000000 2.540000
0.000000 0.000000 2.540000
0.000000 0.000000 2.540000
0.000000 0.000000 2.540000
0.000000 0.000000 2.540000
0.000000 0.000000 2.540000
0.000000 0.000000 2.540000
0.000000 0.000000 2.540000
0.000000 0.000000 2.540000
0.000000 0.000000 2.540000
0.000000 0.000000 2.540000
0.000000 0.000000 2.540000
0.000000 0.000000 2.540000
0.000000 0.000000 2.540000
0.000000 0.000000 2.540000
0.000000 0.000000 2.540000
0.000000 0.000000 2.540000
0.000000 0.000000 2.540000
0.000000 0.000000 2.540000
0.000000 0.000000 2.540000
0.000000 0.000000 2.540000
0.000000 0.000000 2.540000
0.000000 0.000000 2.540000
0.000000 0.000000 2.540000
0.000000 0.000000 2.540000
0.000000 0.000000 2.540000
0.000000 0.000000 2.540000
0.000000 0.000000 2.540000
0.000000 0.000000 2.540000
0.000000 0.000000 2.540000
0.000000 0.000000 2.540000
0.000000 0.000000 2.540000
0.000000 0.000000 2.540000
0.000000 0.000000 2.540000
0.000000 0.000000 2.540000
0.000000 0.000000 2.540000
0.000000 0.000000 2.540000
0.000000 0.000000 2.540000
0.000000 0.000000 2.540000
0.000000 0.000000 2.540000
0.000000 0.000000 2.540000
0.000000 0.000000 2.540000
0.000000 0.000000 2.540000
0.000000 0.000000 2.540000
0.000000 0.000000 2.540000
0.000000 0.000000 2.540000
-2.540000 -0.000000 0.000000
-2.540000 -0.000000 0.000000
-2.466192 0.607862 0.000000
-2.466192 0.607862 0.000000
-2.540000 -0.000000 0.000000
-2.466192 0.607862 0.000000
-2.466192 0.607862 0.000000
-2.466192 0.607862 0.000000
-2.249058 1.180397 0.000000
-2.249058 1.180397 0.000000
-2.466192 0.607862 0.000000
-2.249058 1.180397 0.000000
-2.249058 1.180397 0.000000
-2.249058 1.180397 0.000000
-1.901217 1.684332 0.000000
-1.901217 1.684332 0.000000
-2.249058 1.180397 0.000000
-1.901217 1.684332 0.000000
-1.901217 1.684332 0.000000
-1.901217 1.684332 0.000000
-1.442884 2.090379 0.000000
-1.442884 2.090379 0.000000
-1.901217 1.684332 0.000000
-1.442884 2.090379 0.000000
-1.442884 2.090379 0.000000
-1.442884 2.090379 0.000000
-0.900696 2.374941 0.000000
-0.900696 2.374941 0.000000
-1.442884 2.090379 0.000000
-0.900696 2.374941 0.000000
-0.900696 2.374941 0.000000
-0.900696 2.374941 0.000000
-0.306163 2.521481 0.000000
-0.306163 2.521481 0.000000
-0.900696 2.374941 0.000000
-0.306163 2.521481 0.000000
-0.306163 2.521481 0.000000
-0.306163 2.521481 0.000000
0.306163 2.521481 0.000000
0.306163 2.521481 0.000000
-0.306163 2.521481 0.000000
0.306163 2.521481 0.000000
0.306163 2.521481 0.000000
0.306163 2.521481 0.000000
0.900696 2.374941 0.000000
0.900696 2.374941 0.000000
0.306163 2.521481 0.000000
0.900696 2.374941 0.000000
0.900696 2.374941 0.000000
0.900696 2.374941 0.000000
1.442884 2.090379 0.000000
1.442884 2.090379 0.000000
0.900696 2.374941 0.000000
1.442884 2.090379 0.000000
1.442884 2.090379 0.000000
1.442884 2.090379 0.000000
1.901217 1.684332 0.000000
1.901217 1.684332 0.000000
1.442884 2.090379 0.000000
1.901217 1.684332 0.000000
1.901217 1.684332 0.000000
1.901217 1.684332 0.000000
2.249058 1.180397 0.000000
2.249058 1.180397 0.000000
1.901217 1.684332 0.000000
2.249058 1.180397 0.000000
2.249058 1.180397 0.000000
2.249058 1.180397 0.000000
2.466192 0.607862 0.000000
2.466192 0.607862 0.000000
2.249058 1.180397 0.000000
2.466192 0.607862 0.000000
2.466192 0.607862 0.000000
2.466192 0.607862 0.000000
2.540000 0.000000 0.000000
2.540000 0.000000 0.000000
2.466192 0.607862 0.000000
2.540000 0.000000 0.000000
0.000000 0.000000 2.540000
0.000000 0.000000 2.540000
0.000000 0.000000 2.540000
0.000000 0.000000 2.540000
0.000000 0.000000 2.540000
0.000000 0.000000 2.540000
0.000000 0.000000 2.540000
0.000000 0.000000 2.540000
0.000000 0.000000 2.540000
0.000000 0.000000 2.540000
0.000000 0.000000 2.540000
0.000000 0.000000 2.540000
0.000000 0.000000 2.540000
0.000000 0.000000 2.540000
0.000000 0.000000 2.540000
0.000000 0.000000 2.540000
0.000000 0.000000 2.540000
0.000000 0.000000 2.540000
0.000000 0.000000 2.540000
0.000000 0.000000 2.540000
0.000000 0.000000 2.540000
0.000000 0.000000 2.540000
0.000000 0.000000 2.540000
0.000000 0.000000 2.540000
0.000000 0.000000 2.540000
0.000000 0.000000 2.540000
0.000000 0.000000 2.540000
0.000000 0.000000 2.540000
0.000000 0.000000 2.540000
0.000000 0.000000 2.540000
0.000000 0.000000 2.540000
0.000000 0.000000 2.540000
0.000000 0.000000 2.540000
0.000000 0.000000 2.540000
0.000000 0.000000 2.540000
0.000000 0.000000 2.540000
0.000000 0.000000 2.540000
0.000000 0.000000 2.540000
0.000000 0.000000 2.540000
0.000000 0.000000 2.540000
0.000000 0.000000 2.540000
0.000000 0.000000 2.540000
0.000000 0.000000 2.540000
0.000000 0.000000 2.540000
0.000000 0.000000 2.540000
0.000000 0.000000 2.540000
0.000000 0.000000 2.540000
0.000000 0.000000 2.540000
0.000000 0.000000 2.540000
0.000000 0.000000 2.540000
0.000000 0.000000 2.540000
0.000000 0.000000 2.540000
0.000000 0.000000 2.540000
0.000000 0.000000 2.540000
0.000000 0.000000 2.540000
0.000000 0.000000 2.540000
0.000000 0.000000 2.540000
0.000000 0.000000 2.540000
0.000000 0.000000 2.540000
0.000000 0.000000 2.540000
0.000000 0.000000 2.540000
0.000000 0.000000 2.540000
0.000000 0.000000 2.540000
0.000000 0.000000 2.540000
0.000000 0.000000 2.540000
0.000000 0.000000 2.540000
0.000000 0.000000 2.540000
0.000000 0.000000 2.540000
0.000000 0.000000 2.540000
0.000000 0.000000 2.540000
0.000000 0.000000 2.540000
0.000000 0.000000 2.540000
-2.540000 -0.000000 0.000000
-2.540000 -0.000000 0.000000
-2.466192 0.607862 0.000000
-2.466192 0.607862 0.000000
-2.540000 -0.000000 0.000000
-2.466192 0.607862 0.000000
-2.466192 0.607862 0.000000
-2.466192 0.607862 0.000000
-2.249058 1.180397 0.000000
-2.249058 1.180397 0.000000
-2.466192 0.607862 0.000000
-2.249058 1.180397 0.000000
-2.249058 1.180397 0.000000
-2.249058 1.180397 0.000000
-1.901217 1.684332 0.000000
-1.901217 1.684332 0.000000
-2.249058 1.180397 0.000000
-1.901217 1.684332 0.000000
-1.901217 1.684332 0.000000
-1.901217 1.684332 0.000000
-1.442884 2.090379 0.000000
-1.442884 2.090379 0.000000
-1.901217 1.684332 0.000000
-1.442884 2.090379 0.000000
-1.442884 2.090379 0.000000
-1.442884 2.090379 0.000000
-0.900696 2.374941 0.000000
-0.900696 2.374941 0.000000
-1.442884 2.090379 0.000000
-0.900696 2.374941 0.000000
-0.900696 2.374941 0.000000
-0.900696 2.374941 0.000000
-0.306163 2.521481 0.000000
-0.306163 2.521481 0.000000
-0.900696 2.374941 0.000000
-0.306163 2.521481 0.000000
-0.306163 2.521481 0.000000
-0.306163 2.521481 0.000000
0.306163 2.521481 0.000000
0.306163 2.521481 0.000000
-0.306163 2.521481 0.000000
0.306163 2.521481 0.000000
0.306163 2.521481 0.000000
0.306163 2.521481 0.000000
0.900696 2.374941 0.000000
0.900696 2.374941 0.000000
0.306163 2.521481 0.000000
0.900696 2.374941 0.000000
0.900696 2.374941 0.000000
0.900696 2.374941 0.000000
1.442884 2.090379 0.000000
1.442884 2.090379 0.000000
0.900696 2.374941 0.000000
1.442884 2.090379 0.000000
1.442884 2.090379 0.000000
1.442884 2.090379 0.000000
1.901217 1.684332 0.000000
1.901217 1.684332 0.000000
1.442884 2.090379 0.000000
1.901217 1.684332 0.000000
1.901217 1.684332 0.000000
1.901217 1.684332 0.000000
2.249058 1.180397 0.000000
2.249058 1.180397 0.000000
1.901217 1.684332 0.000000
2.249058 1.180397 0.000000
2.249058 1.180397 0.000000
2.249058 1.180397 0.000000
2.466192 0.607862 0.000000
2.466192 0.607862 0.000000
2.249058 1.180397 0.000000
2.466192 0.607862 0.000000
2.466192 0.607862 0.000000
2.466192 0.607862 0.000000
2.540000 0.000000 0.000000
2.540000 0.000000 0.000000
2.466192 0.607862 0.000000
2.540000 0.000000 0.000000
0.000000 2.540000 0.000000
0.000000 2.540000 0.000000
0.000000 2.540000 0.000000
0.000000 2.540000 0.000000
0.000000 2.540000 0.000000
0.000000 2.540000 0.000000
0.000000 2.540000 0.000000
0.000000 2.540000 0.000000
0.000000 2.540000 0.000000
0.000000 2.540000 0.000000
0.000000 2.540000 0.000000
0.000000 2.540000 0.000000
0.000000 2.540000 0.000000
0.000000 2.540000 0.000000
0.000000 2.540000 0.000000
0.000000 2.540000 0.000000
0.000000 2.540000 0.000000
0.000000 2.540000 0.000000
0.000000 2.540000 0.000000
0.000000 2.540000 0.000000
0.000000 2.540000 0.000000
0.000000 2.540000 0.000000
0.000000 2.540000 0.000000
0.000000 2.540000 0.000000
0.000000 2.540000 0.000000
0.000000 2.540000 0.000000
0.000000 2.540000 0.000000
0.000000 2.540000 0.000000
0.000000 2.540000 0.000000
0.000000 2.540000 0.000000
0.000000 2.540000 0.000000
0.000000 2.540000 0.000000
0.000000 2.540000 0.000000
0.000000 2.540000 0.000000
0.000000 2.540000 0.000000
0.000000 2.540000 0.000000
0.000000 2.540000 0.000000
0.000000 2.540000 0.000000
0.000000 2.540000 0.000000
0.000000 2.540000 0.000000
0.000000 2.540000 0.000000
0.000000 2.540000 0.000000
0.000000 2.540000 0.000000
0.000000 2.540000 0.000000
0.000000 2.540000 0.000000
-2.540000 0.000000 0.000000
-2.540000 0.000000 0.000000
-2.540000 0.000000 0.000000
-2.540000 0.000000 0.000000
-2.540000 0.000000 0.000000
-2.540000 0.000000 0.000000
0.000000 0.000000 -2.540000
0.000000 0.000000 -2.540000
0.000000 0.000000 -2.540000
0.000000 0.000000 -2.540000
0.000000 0.000000 -2.540000
0.000000 0.000000 -2.540000
0.000000 0.000000 -2.540000
0.000000 0.000000 -2.540000
0.000000 0.000000 -2.540000
0.000000 0.000000 -2.540000
0.000000 0.000000 -2.540000
0.000000 0.000000 -2.540000
0.000000 0.000000 -2.540000
0.000000 0.000000 -2.540000
0.000000 0.000000 -2.540000
0.000000 0.000000 -2.540000
0.000000 0.000000 -2.540000
0.000000 0.000000 -2.540000
0.000000 0.000000 2.540000
0.000000 0.000000 2.540000
0.000000 0.000000 2.540000
0.000000 0.000000 2.540000
0.000000 0.000000 2.540000
0.000000 0.000000 2.540000
0.000000 0.000000 2.540000
0.000000 0.000000 2.540000
0.000000 0.000000 2.540000
0.000000 0.000000 2.540000
0.000000 0.000000 2.540000
0.000000 0.000000 2.540000
0.000000 0.000000 2.540000
0.000000 0.000000 2.540000
0.000000 0.000000 2.540000
0.000000 0.000000 2.540000
0.000000 0.000000 2.540000
0.000000 0.000000 2.540000
0.000000 0.000000 -2.540000
0.000000 0.000000 -2.540000
0.000000 -0.607862 -2.466192
0.000000 -0.607862 -2.466192
0.000000 0.000000 -2.540000
0.000000 -0.607862 -2.466192
0.000000 -0.607862 -2.466192
0.000000 -0.607862 -2.466192
0.000000 -1.180397 -2.249058
0.000000 -1.180397 -2.249058
0.000000 -0.607862 -2.466192
0.000000 -1.180397 -2.249058
0.000000 -1.180397 -2.249058
0.000000 -1.180397 -2.249058
0.000000 -1.684332 -1.901217
0.000000 -1.684332 -1.901217
0.000000 -1.180397 -2.249058
0.000000 -1.684332 -1.901217
0.000000 -1.684332 -1.901217
0.000000 -1.684332 -1.901217
0.000000 -2.090379 -1.442884
0.000000 -2.090379 -1.442884
0.000000 -1.684332 -1.901217
0.000000 -2.090379 -1.442884
0.000000 -2.090379 -1.442884
0.000000 -2.090379 -1.442884
0.000000 -2.374941 -0.900696
0.000000 -2.374941 -0.900696
0.000000 -2.090379 -1.442884
0.000000 -2.374941 -0.900696
0.000000 -2.374941 -0.900696
0.000000 -2.374941 -0.900696
0.000000 -2.521481 -0.306163
0.000000 -2.521481 -0.306163
0.000000 -2.374941 -0.900696
0.000000 -2.521481 -0.306163
0.000000 -2.521481 -0.306163
0.000000 -2.521481 -0.306163
0.000000 -2.521481 0.306163
0.000000 -2.521481 0.306163
0.000000 -2.521481 -0.306163
0.000000 -2.521481 0.306163
0.000000 -2.521481 0.306163
0.000000 -2.521481 0.306163
0.000000 -2.374941 0.900696
0.000000 -2.374941 0.900696
0.000000 -2.521481 0.306163
0.000000 -2.374941 0.900696
0.000000 -2.374941 0.900696
0.000000 -2.374941 0.900696
0.000000 -2.090379 1.442884
0.000000 -2.090379 1.442884
0.000000 -2.374941 0.900696
0.000000 -2.090379 1.442884
0.000000 -2.090379 1.442884
0.000000 -2.090379 1.442884
0.000000 -1.684332 1.901217
0.000000 -1.684332 1.901217
0.000000 -2.090379 1.442884
0.000000 -1.684332 1.901217
0.000000 -1.684332 1.901217
0.000000 -1.684332 1.901217
0.000000 -1.180397 2.249058
0.000000 -1.180397 2.249058
0.000000 -1.684332 1.901217
0.000000 -1.180397 2.249058
0.000000 -1.180397 2.249058
0.000000 -1.180397 2.249058
0.000000 -0.607862 2.466192
0.000000 -0.607862 2.466192
0.000000 -1.180397 2.249058
0.000000 -0.607862 2.466192
0.000000 -0.607862 2.466192
0.000000 -0.607862 2.466192
0.000000 0.000000 2.540000
0.000000 0.000000 2.540000
0.000000 -0.607862 2.466192
0.000000 0.000000 2.540000
2.540000 0.000000 0.000000
2.540000 0.000000 0.000000
2.540000 0.000000 0.000000
2.540000 0.000000 0.000000
2.540000 0.000000 0.000000
2.540000 0.000000 0.000000
2.540000 0.000000 0.000000
2.540000 0.000000 0.000000
2.540000 0.000000 0.000000
2.540000 0.000000 0.000000
2.540000 0.000000 0.000000
2.540000 0.000000 0.000000
2.540000 0.000000 0.000000
2.540000 0.000000 0.000000
2.540000 0.000000 0.000000
2.540000 0.000000 0.000000
2.540000 0.000000 0.000000
2.540000 0.000000 0.000000
2.540000 0.000000 0.000000
2.540000 0.000000 0.000000
2.540000 0.000000 0.000000
2.540000 0.000000 0.000000
2.540000 0.000000 0.000000
2.540000 0.000000 0.000000
2.540000 0.000000 0.000000
2.540000 0.000000 0.000000
2.540000 0.000000 0.000000
2.540000 0.000000 0.000000
2.540000 0.000000 0.000000
2.540000 0.000000 0.000000
2.540000 0.000000 0.000000
2.540000 0.000000 0.000000
2.540000 0.000000 0.000000
2.540000 0.000000 0.000000
2.540000 0.000000 0.000000
2.540000 0.000000 0.000000
2.540000 0.000000 0.000000
2.540000 0.000000 0.000000
2.540000 0.000000 0.000000
2.540000 0.000000 0.000000
2.540000 0.000000 0.000000
2.540000 0.000000 0.000000
2.540000 0.000000 0.000000
2.540000 0.000000 0.000000
2.540000 0.000000 0.000000
2.540000 0.000000 0.000000
2.540000 0.000000 0.000000
2.540000 0.000000 0.000000
2.540000 0.000000 0.000000
2.540000 0.000000 0.000000
2.540000 0.000000 0.000000
2.540000 0.000000 0.000000
2.540000 0.000000 0.000000
2.540000 0.000000 0.000000
2.540000 0.000000 0.000000
2.540000 0.000000 0.000000
2.540000 0.000000 0.000000
2.540000 0.000000 0.000000
2.540000 0.000000 0.000000
2.540000 0.000000 0.000000
2.540000 0.000000 0.000000
2.540000 0.000000 0.000000
2.540000 0.000000 0.000000
2.540000 0.000000 0.000000
2.540000 0.000000 0.000000
2.540000 0.000000 0.000000
2.540000 0.000000 0.000000
2.540000 0.000000 0.000000
2.540000 0.000000 0.000000
2.540000 0.000000 0.000000
2.540000 0.000000 0.000000
2.540000 0.000000 0.000000
0.000000 0.000000 -2.540000
0.000000 0.000000 -2.540000
0.000000 0.000000 -2.540000
0.000000 0.000000 -2.540000
0.000000 0.000000 -2.540000
0.000000 0.000000 -2.540000
0.000000 0.000000 -2.540000
0.000000 0.000000 -2.540000
0.000000 0.000000 -2.540000
0.000000 0.000000 -2.540000
0.000000 0.000000 -2.540000
0.000000 0.000000 -2.540000
0.000000 0.000000 2.540000
0.000000 0.000000 2.540000
0.000000 0.000000 2.540000
0.000000 0.000000 2.540000
0.000000 0.000000 2.540000
0.000000 0.000000 2.540000
0.000000 0.000000 2.540000
0.000000 0.000000 2.540000
0.000000 0.000000 2.540000
0.000000 0.000000 2.540000
0.000000 0.000000 2.540000
0.000000 0.000000 2.540000
0.000000 2.540000 0.000000
0.000000 2.540000 0.000000
0.000000 2.540000 0.000000
0.000000 2.540000 0.000000
0.000000 2.540000 0.000000
0.000000 2.540000 0.000000
-2.540000 0.000000 0.000000
-2.540000 0.000000 0.000000
-2.540000 0.000000 0.000000
-2.540000 0.000000 0.000000
-2.540000 0.000000 0.000000
-2.540000 0.000000 0.000000
</float_array>
          <technique_common>
            <accessor source="#Boss-Extrude13-Normal0-array" count="16620" stride="3">
              <param name="X" type="float"/>
              <param name="Y" type="float"/>
              <param name="Z" type="float"/>
            </accessor>
          </technique_common>
        </source>
        <source id="Boss-Extrude13-UV0">
          <float_array id="Boss-Extrude13-UV0-array" count="11760">
-0.100000 0.000000
-0.000000 0.000000
-0.100000 0.236850
0.000000 0.236850
-0.100000 0.473700
-0.000000 0.473700
-0.100000 0.710551
0.000000 0.710551
-0.100000 0.947401
-0.000000 0.947401
-0.100000 1.184251
0.000000 1.184251
-0.100000 1.421101
-0.000000 1.421101
-0.100000 1.657951
-0.000000 1.657951
-0.100000 1.894802
-0.000000 1.894802
-0.100000 2.131652
-0.000000 2.131652
-0.100000 2.368502
-0.000000 2.368502
-0.100000 2.605352
-0.000000 2.605352
-0.100000 2.842203
-0.000000 2.842203
-0.100000 3.079053
-0.000000 3.079053
1.398823 0.000000
0.678823 0.000000
1.398823 -0.057999
0.678823 -0.057999
1.398823 -0.115997
0.678823 -0.115997
1.398823 -0.173996
0.678823 -0.173996
1.398823 -0.231995
0.678823 -0.231995
1.398823 -0.289993
0.678823 -0.289993
1.398823 -0.347992
0.678823 -0.347992
1.398823 -0.405990
0.678823 -0.405990
1.398823 -0.463989
0.678823 -0.463989
1.398823 -0.521988
0.678823 -0.521988
1.398823 -0.579986
0.678823 -0.579986
1.398823 -0.637985
0.678823 -0.637985
1.398823 -0.695984
0.678823 -0.695984
1.398823 -0.753982
0.678823 -0.753982
0.080000 0.000000
0.000000 0.000000
0.080000 -0.079748
0.000000 -0.079748
0.080000 -0.159496
0.000000 -0.159496
0.080000 -0.239244
0.000000 -0.239244
0.080000 -0.318992
0.000000 -0.318992
0.080000 -0.398741
0.000000 -0.398741
0.080000 -0.478489
0.000000 -0.478489
0.080000 -0.558237
0.000000 -0.558237
0.080000 -0.637985
0.000000 -0.637985
0.080000 -0.717733
0.000000 -0.717733
0.080000 -0.797481
0.000000 -0.797481
0.080000 -0.877229
0.000000 -0.877229
0.080000 -0.956977
0.000000 -0.956977
0.080000 -1.036726
0.000000 -1.036726
0.080000 0.000000
0.000000 0.000000
0.080000 -0.079748
0.000000 -0.079748
0.080000 -0.159496
0.000000 -0.159496
0.080000 -0.239244
0.000000 -0.239244
0.080000 -0.318992
0.000000 -0.318992
0.080000 -0.398741
0.000000 -0.398741
0.080000 -0.478489
0.000000 -0.478489
0.080000 -0.558237
0.000000 -0.558237
0.080000 -0.637985
0.000000 -0.637985
0.080000 -0.717733
0.000000 -0.717733
0.080000 -0.797481
0.000000 -0.797481
0.080000 -0.877229
0.000000 -0.877229
0.080000 -0.956977
0.000000 -0.956977
0.080000 -1.036726
0.000000 -1.036726
1.817668 0.000000
1.017668 0.000000
1.817668 -0.086950
1.017668 -0.086950
1.817668 -0.173899
1.017668 -0.173899
1.817668 -0.260849
1.017668 -0.260849
1.817668 -0.347799
1.017668 -0.347799
1.817668 -0.434748
1.017668 -0.434748
1.817668 -0.521698
1.017668 -0.521698
1.817668 -0.608647
1.017668 -0.608647
1.817668 -0.695597
1.017668 -0.695597
1.817668 -0.782547
1.017668 -0.782547
1.817668 -0.869496
1.017668 -0.869496
1.817668 -0.956446
1.017668 -0.956446
1.817668 -1.043396
1.017668 -1.043396
1.817668 -1.130345
1.017668 -1.130345
0.080000 0.000000
0.000000 0.000000
0.080000 -0.079748
0.000000 -0.079748
0.080000 -0.159496
0.000000 -0.159496
0.080000 -0.239244
0.000000 -0.239244
0.080000 -0.318992
0.000000 -0.318992
0.080000 -0.398741
0.000000 -0.398741
0.080000 -0.478489
0.000000 -0.478489
0.080000 -0.558237
0.000000 -0.558237
0.080000 -0.637985
0.000000 -0.637985
0.080000 -0.717733
0.000000 -0.717733
0.080000 -0.797481
0.000000 -0.797481
0.080000 -0.877229
0.000000 -0.877229
0.080000 -0.956977
0.000000 -0.956977
0.080000 -1.036726
0.000000 -1.036726
0.080000 0.000000
0.000000 0.000000
0.080000 -0.079748
0.000000 -0.079748
0.080000 -0.159496
0.000000 -0.159496
0.080000 -0.239244
0.000000 -0.239244
0.080000 -0.318992
0.000000 -0.318992
0.080000 -0.398741
0.000000 -0.398741
0.080000 -0.478489
0.000000 -0.478489
0.080000 -0.558237
0.000000 -0.558237
0.080000 -0.637985
0.000000 -0.637985
0.080000 -0.717733
0.000000 -0.717733
0.080000 -0.797481
0.000000 -0.797481
0.080000 -0.877229
0.000000 -0.877229
0.080000 -0.956977
0.000000 -0.956977
0.080000 -1.036726
0.000000 -1.036726
0.080000 0.000000
0.000000 0.000000
0.080000 -0.079748
0.000000 -0.079748
0.080000 -0.159496
0.000000 -0.159496
0.080000 -0.239244
0.000000 -0.239244
0.080000 -0.318992
0.000000 -0.318992
0.080000 -0.398741
0.000000 -0.398741
0.080000 -0.478489
0.000000 -0.478489
0.080000 -0.558237
0.000000 -0.558237
0.080000 -0.637985
0.000000 -0.637985
0.080000 -0.717733
0.000000 -0.717733
0.080000 -0.797481
0.000000 -0.797481
0.080000 -0.877229
0.000000 -0.877229
0.080000 -0.956977
0.000000 -0.956977
0.080000 -1.036726
0.000000 -1.036726
1.398823 0.000000
0.678823 0.000000
1.398823 -0.057999
0.678823 -0.057999
1.398823 -0.115997
0.678823 -0.115997
1.398823 -0.173996
0.678823 -0.173996
1.398823 -0.231995
0.678823 -0.231995
1.398823 -0.289993
0.678823 -0.289993
1.398823 -0.347992
0.678823 -0.347992
1.398823 -0.405990
0.678823 -0.405990
1.398823 -0.463989
0.678823 -0.463989
1.398823 -0.521988
0.678823 -0.521988
1.398823 -0.579986
0.678823 -0.579986
1.398823 -0.637985
0.678823 -0.637985
1.398823 -0.695984
0.678823 -0.695984
1.398823 -0.753982
0.678823 -0.753982
1.398823 0.000000
0.678823 0.000000
1.398823 -0.057999
0.678823 -0.057999
1.398823 -0.115997
0.678823 -0.115997
1.398823 -0.173996
0.678823 -0.173996
1.398823 -0.231995
0.678823 -0.231995
1.398823 -0.289993
0.678823 -0.289993
1.398823 -0.347992
0.678823 -0.347992
1.398823 -0.405990
0.678823 -0.405990
1.398823 -0.463989
0.678823 -0.463989
1.398823 -0.521988
0.678823 -0.521988
1.398823 -0.579986
0.678823 -0.579986
1.398823 -0.637985
0.678823 -0.637985
1.398823 -0.695984
0.678823 -0.695984
1.398823 -0.753982
0.678823 -0.753982
1.398823 0.000000
0.678823 0.000000
1.398823 -0.057999
0.678823 -0.057999
1.398823 -0.115997
0.678823 -0.115997
1.398823 -0.173996
0.678823 -0.173996
1.398823 -0.231995
0.678823 -0.231995
1.398823 -0.289993
0.678823 -0.289993
1.398823 -0.347992
0.678823 -0.347992
1.398823 -0.405990
0.678823 -0.405990
1.398823 -0.463989
0.678823 -0.463989
1.398823 -0.521988
0.678823 -0.521988
1.398823 -0.579986
0.678823 -0.579986
1.398823 -0.637985
0.678823 -0.637985
1.398823 -0.695984
0.678823 -0.695984
1.398823 -0.753982
0.678823 -0.753982
1.398823 0.000000
0.678823 0.000000
1.398823 -0.057999
0.678823 -0.057999
1.398823 -0.115997
0.678823 -0.115997
1.398823 -0.173996
0.678823 -0.173996
1.398823 -0.231995
0.678823 -0.231995
1.398823 -0.289993
0.678823 -0.289993
1.398823 -0.347992
0.678823 -0.347992
1.398823 -0.405990
0.678823 -0.405990
1.398823 -0.463989
0.678823 -0.463989
1.398823 -0.521988
0.678823 -0.521988
1.398823 -0.579986
0.678823 -0.579986
1.398823 -0.637985
0.678823 -0.637985
1.398823 -0.695984
0.678823 -0.695984
1.398823 -0.753982
0.678823 -0.753982
0.080000 0.000000
0.000000 0.000000
0.080000 -0.079748
0.000000 -0.079748
0.080000 -0.159496
0.000000 -0.159496
0.080000 -0.239244
0.000000 -0.239244
0.080000 -0.318992
0.000000 -0.318992
0.080000 -0.398741
0.000000 -0.398741
0.080000 -0.478489
0.000000 -0.478489
0.080000 -0.558237
0.000000 -0.558237
0.080000 -0.637985
0.000000 -0.637985
0.080000 -0.717733
0.000000 -0.717733
0.080000 -0.797481
0.000000 -0.797481
0.080000 -0.877229
0.000000 -0.877229
0.080000 -0.956977
0.000000 -0.956977
0.080000 -1.036726
0.000000 -1.036726
0.080000 0.000000
0.000000 0.000000
0.080000 -0.079748
0.000000 -0.079748
0.080000 -0.159496
0.000000 -0.159496
0.080000 -0.239244
0.000000 -0.239244
0.080000 -0.318992
0.000000 -0.318992
0.080000 -0.398741
0.000000 -0.398741
0.080000 -0.478489
0.000000 -0.478489
0.080000 -0.558237
0.000000 -0.558237
0.080000 -0.637985
0.000000 -0.637985
0.080000 -0.717733
0.000000 -0.717733
0.080000 -0.797481
0.000000 -0.797481
0.080000 -0.877229
0.000000 -0.877229
0.080000 -0.956977
0.000000 -0.956977
0.080000 -1.036726
0.000000 -1.036726
0.080000 0.000000
0.000000 0.000000
0.080000 -0.079748
0.000000 -0.079748
0.080000 -0.159496
0.000000 -0.159496
0.080000 -0.239244
0.000000 -0.239244
0.080000 -0.318992
0.000000 -0.318992
0.080000 -0.398741
0.000000 -0.398741
0.080000 -0.478489
0.000000 -0.478489
0.080000 -0.558237
0.000000 -0.558237
0.080000 -0.637985
0.000000 -0.637985
0.080000 -0.717733
0.000000 -0.717733
0.080000 -0.797481
0.000000 -0.797481
0.080000 -0.877229
0.000000 -0.877229
0.080000 -0.956977
0.000000 -0.956977
0.080000 -1.036726
0.000000 -1.036726
0.080000 0.000000
0.000000 0.000000
0.080000 -0.079748
0.000000 -0.079748
0.080000 -0.159496
0.000000 -0.159496
0.080000 -0.239244
0.000000 -0.239244
0.080000 -0.318992
0.000000 -0.318992
0.080000 -0.398741
0.000000 -0.398741
0.080000 -0.478489
0.000000 -0.478489
0.080000 -0.558237
0.000000 -0.558237
0.080000 -0.637985
0.000000 -0.637985
0.080000 -0.717733
0.000000 -0.717733
0.080000 -0.797481
0.000000 -0.797481
0.080000 -0.877229
0.000000 -0.877229
0.080000 -0.956977
0.000000 -0.956977
0.080000 -1.036726
0.000000 -1.036726
-0.000000 -0.628319
0.800000 -0.628319
-0.000000 -0.538559
0.800000 -0.538559
-0.000000 -0.448799
0.800000 -0.448799
-0.000000 -0.359039
0.800000 -0.359039
-0.000000 -0.269279
0.800000 -0.269279
-0.000000 -0.179520
0.800000 -0.179520
-0.000000 -0.089760
0.800000 -0.089760
-0.000000 0.000000
0.800000 0.000000
1.398823 0.000000
0.678823 0.000000
1.398823 -0.057999
0.678823 -0.057999
1.398823 -0.115997
0.678823 -0.115997
1.398823 -0.173996
0.678823 -0.173996
1.398823 -0.231995
0.678823 -0.231995
1.398823 -0.289993
0.678823 -0.289993
1.398823 -0.347992
0.678823 -0.347992
1.398823 -0.405990
0.678823 -0.405990
1.398823 -0.463989
0.678823 -0.463989
1.398823 -0.521988
0.678823 -0.521988
1.398823 -0.579986
0.678823 -0.579986
1.398823 -0.637985
0.678823 -0.637985
1.398823 -0.695984
0.678823 -0.695984
1.398823 -0.753982
0.678823 -0.753982
1.398823 0.000000
0.678823 0.000000
1.398823 -0.057999
0.678823 -0.057999
1.398823 -0.115997
0.678823 -0.115997
1.398823 -0.173996
0.678823 -0.173996
1.398823 -0.231995
0.678823 -0.231995
1.398823 -0.289993
0.678823 -0.289993
1.398823 -0.347992
0.678823 -0.347992
1.398823 -0.405990
0.678823 -0.405990
1.398823 -0.463989
0.678823 -0.463989
1.398823 -0.521988
0.678823 -0.521988
1.398823 -0.579986
0.678823 -0.579986
1.398823 -0.637985
0.678823 -0.637985
1.398823 -0.695984
0.678823 -0.695984
1.398823 -0.753982
0.678823 -0.753982
1.398823 0.000000
0.678823 0.000000
1.398823 -0.057999
0.678823 -0.057999
1.398823 -0.115997
0.678823 -0.115997
1.398823 -0.173996
0.678823 -0.173996
1.398823 -0.231995
0.678823 -0.231995
1.398823 -0.289993
0.678823 -0.289993
1.398823 -0.347992
0.678823 -0.347992
1.398823 -0.405990
0.678823 -0.405990
1.398823 -0.463989
0.678823 -0.463989
1.398823 -0.521988
0.678823 -0.521988
1.398823 -0.579986
0.678823 -0.579986
1.398823 -0.637985
0.678823 -0.637985
1.398823 -0.695984
0.678823 -0.695984
1.398823 -0.753982
0.678823 -0.753982
1.398823 0.000000
0.678823 0.000000
1.398823 -0.057999
0.678823 -0.057999
1.398823 -0.115997
0.678823 -0.115997
1.398823 -0.173996
0.678823 -0.173996
1.398823 -0.231995
0.678823 -0.231995
1.398823 -0.289993
0.678823 -0.289993
1.398823 -0.347992
0.678823 -0.347992
1.398823 -0.405990
0.678823 -0.405990
1.398823 -0.463989
0.678823 -0.463989
1.398823 -0.521988
0.678823 -0.521988
1.398823 -0.579986
0.678823 -0.579986
1.398823 -0.637985
0.678823 -0.637985
1.398823 -0.695984
0.678823 -0.695984
1.398823 -0.753982
0.678823 -0.753982
1.398823 0.000000
0.678823 0.000000
1.398823 -0.057999
0.678823 -0.057999
1.398823 -0.115997
0.678823 -0.115997
1.398823 -0.173996
0.678823 -0.173996
1.398823 -0.231995
0.678823 -0.231995
1.398823 -0.289993
0.678823 -0.289993
1.398823 -0.347992
0.678823 -0.347992
1.398823 -0.405990
0.678823 -0.405990
1.398823 -0.463989
0.678823 -0.463989
1.398823 -0.521988
0.678823 -0.521988
1.398823 -0.579986
0.678823 -0.579986
1.398823 -0.637985
0.678823 -0.637985
1.398823 -0.695984
0.678823 -0.695984
1.398823 -0.753982
0.678823 -0.753982
0.080000 0.000000
0.000000 0.000000
0.080000 -0.079748
0.000000 -0.079748
0.080000 -0.159496
0.000000 -0.159496
0.080000 -0.239244
0.000000 -0.239244
0.080000 -0.318992
0.000000 -0.318992
0.080000 -0.398741
0.000000 -0.398741
0.080000 -0.478489
0.000000 -0.478489
0.080000 -0.558237
0.000000 -0.558237
0.080000 -0.637985
0.000000 -0.637985
0.080000 -0.717733
0.000000 -0.717733
0.080000 -0.797481
0.000000 -0.797481
0.080000 -0.877229
0.000000 -0.877229
0.080000 -0.956977
0.000000 -0.956977
0.080000 -1.036726
0.000000 -1.036726
0.080000 0.000000
0.000000 0.000000
0.080000 -0.079748
0.000000 -0.079748
0.080000 -0.159496
0.000000 -0.159496
0.080000 -0.239244
0.000000 -0.239244
0.080000 -0.318992
0.000000 -0.318992
0.080000 -0.398741
0.000000 -0.398741
0.080000 -0.478489
0.000000 -0.478489
0.080000 -0.558237
0.000000 -0.558237
0.080000 -0.637985
0.000000 -0.637985
0.080000 -0.717733
0.000000 -0.717733
0.080000 -0.797481
0.000000 -0.797481
0.080000 -0.877229
0.000000 -0.877229
0.080000 -0.956977
0.000000 -0.956977
0.080000 -1.036726
-0.000000 -1.036726
1.817668 0.000000
1.017668 0.000000
1.817668 -0.086950
1.017668 -0.086950
1.817668 -0.173899
1.017668 -0.173899
1.817668 -0.260849
1.017668 -0.260849
1.817668 -0.347799
1.017668 -0.347799
1.817668 -0.434748
1.017668 -0.434748
1.817668 -0.521698
1.017668 -0.521698
1.817668 -0.608647
1.017668 -0.608647
1.817668 -0.695597
1.017668 -0.695597
1.817668 -0.782547
1.017668 -0.782547
1.817668 -0.869496
1.017668 -0.869496
1.817668 -0.956446
1.017668 -0.956446
1.817668 -1.043396
1.017668 -1.043396
1.817668 -1.130345
1.017668 -1.130345
0.080000 0.000000
0.000000 0.000000
0.080000 -0.079748
0.000000 -0.079748
0.080000 -0.159496
0.000000 -0.159496
0.080000 -0.239244
0.000000 -0.239244
0.080000 -0.318992
0.000000 -0.318992
0.080000 -0.398741
0.000000 -0.398741
0.080000 -0.478489
0.000000 -0.478489
0.080000 -0.558237
0.000000 -0.558237
0.080000 -0.637985
0.000000 -0.637985
0.080000 -0.717733
0.000000 -0.717733
0.080000 -0.797481
0.000000 -0.797481
0.080000 -0.877229
0.000000 -0.877229
0.080000 -0.956977
0.000000 -0.956977
0.080000 -1.036726
0.000000 -1.036726
0.080000 0.000000
0.000000 0.000000
0.080000 -0.079748
0.000000 -0.079748
0.080000 -0.159496
0.000000 -0.159496
0.080000 -0.239244
0.000000 -0.239244
0.080000 -0.318992
0.000000 -0.318992
0.080000 -0.398741
0.000000 -0.398741
0.080000 -0.478489
0.000000 -0.478489
0.080000 -0.558237
0.000000 -0.558237
0.080000 -0.637985
0.000000 -0.637985
0.080000 -0.717733
0.000000 -0.717733
0.080000 -0.797481
0.000000 -0.797481
0.080000 -0.877229
0.000000 -0.877229
0.080000 -0.956977
0.000000 -0.956977
0.080000 -1.036726
0.000000 -1.036726
0.080000 0.000000
0.000000 0.000000
0.080000 -0.079748
0.000000 -0.079748
0.080000 -0.159496
0.000000 -0.159496
0.080000 -0.239244
0.000000 -0.239244
0.080000 -0.318992
0.000000 -0.318992
0.080000 -0.398741
0.000000 -0.398741
0.080000 -0.478489
0.000000 -0.478489
0.080000 -0.558237
0.000000 -0.558237
0.080000 -0.637985
0.000000 -0.637985
0.080000 -0.717733
0.000000 -0.717733
0.080000 -0.797481
0.000000 -0.797481
0.080000 -0.877229
0.000000 -0.877229
0.080000 -0.956977
0.000000 -0.956977
0.080000 -1.036726
0.000000 -1.036726
1.398823 0.000000
0.678823 0.000000
1.398823 -0.057999
0.678823 -0.057999
1.398823 -0.115997
0.678823 -0.115997
1.398823 -0.173996
0.678823 -0.173996
1.398823 -0.231995
0.678823 -0.231995
1.398823 -0.289993
0.678823 -0.289993
1.398823 -0.347992
0.678823 -0.347992
1.398823 -0.405990
0.678823 -0.405990
1.398823 -0.463989
0.678823 -0.463989
1.398823 -0.521988
0.678823 -0.521988
1.398823 -0.579986
0.678823 -0.579986
1.398823 -0.637985
0.678823 -0.637985
1.398823 -0.695984
0.678823 -0.695984
1.398823 -0.753982
0.678823 -0.753982
1.398823 0.000000
0.678823 0.000000
1.398823 -0.057999
0.678823 -0.057999
1.398823 -0.115997
0.678823 -0.115997
1.398823 -0.173996
0.678823 -0.173996
1.398823 -0.231995
0.678823 -0.231995
1.398823 -0.289993
0.678823 -0.289993
1.398823 -0.347992
0.678823 -0.347992
1.398823 -0.405990
0.678823 -0.405990
1.398823 -0.463989
0.678823 -0.463989
1.398823 -0.521988
0.678823 -0.521988
1.398823 -0.579986
0.678823 -0.579986
1.398823 -0.637985
0.678823 -0.637985
1.398823 -0.695984
0.678823 -0.695984
1.398823 -0.753982
0.678823 -0.753982
1.398823 0.000000
0.678823 0.000000
1.398823 -0.057999
0.678823 -0.057999
1.398823 -0.115997
0.678823 -0.115997
1.398823 -0.173996
0.678823 -0.173996
1.398823 -0.231995
0.678823 -0.231995
1.398823 -0.289993
0.678823 -0.289993
1.398823 -0.347992
0.678823 -0.347992
1.398823 -0.405990
0.678823 -0.405990
1.398823 -0.463989
0.678823 -0.463989
1.398823 -0.521988
0.678823 -0.521988
1.398823 -0.579986
0.678823 -0.579986
1.398823 -0.637985
0.678823 -0.637985
1.398823 -0.695984
0.678823 -0.695984
1.398823 -0.753982
0.678823 -0.753982
1.398823 0.000000
0.678823 0.000000
1.398823 -0.057999
0.678823 -0.057999
1.398823 -0.115997
0.678823 -0.115997
1.398823 -0.173996
0.678823 -0.173996
1.398823 -0.231995
0.678823 -0.231995
1.398823 -0.289993
0.678823 -0.289993
1.398823 -0.347992
0.678823 -0.347992
1.398823 -0.405990
0.678823 -0.405990
1.398823 -0.463989
0.678823 -0.463989
1.398823 -0.521988
0.678823 -0.521988
1.398823 -0.579986
0.678823 -0.579986
1.398823 -0.637985
0.678823 -0.637985
1.398823 -0.695984
0.678823 -0.695984
1.398823 -0.753982
0.678823 -0.753982
0.080000 0.000000
0.000000 0.000000
0.080000 -0.079748
0.000000 -0.079748
0.080000 -0.159496
0.000000 -0.159496
0.080000 -0.239244
0.000000 -0.239244
0.080000 -0.318992
0.000000 -0.318992
0.080000 -0.398741
0.000000 -0.398741
0.080000 -0.478489
0.000000 -0.478489
0.080000 -0.558237
0.000000 -0.558237
0.080000 -0.637985
0.000000 -0.637985
0.080000 -0.717733
0.000000 -0.717733
0.080000 -0.797481
0.000000 -0.797481
0.080000 -0.877229
0.000000 -0.877229
0.080000 -0.956977
0.000000 -0.956977
0.080000 -1.036726
0.000000 -1.036726
0.080000 0.000000
0.000000 0.000000
0.080000 -0.079748
0.000000 -0.079748
0.080000 -0.159496
0.000000 -0.159496
0.080000 -0.239244
0.000000 -0.239244
0.080000 -0.318992
0.000000 -0.318992
0.080000 -0.398741
0.000000 -0.398741
0.080000 -0.478489
0.000000 -0.478489
0.080000 -0.558237
0.000000 -0.558237
0.080000 -0.637985
0.000000 -0.637985
0.080000 -0.717733
0.000000 -0.717733
0.080000 -0.797481
0.000000 -0.797481
0.080000 -0.877229
0.000000 -0.877229
0.080000 -0.956977
0.000000 -0.956977
0.080000 -1.036726
0.000000 -1.036726
0.080000 0.000000
0.000000 0.000000
0.080000 -0.079748
0.000000 -0.079748
0.080000 -0.159496
0.000000 -0.159496
0.080000 -0.239244
0.000000 -0.239244
0.080000 -0.318992
0.000000 -0.318992
0.080000 -0.398741
0.000000 -0.398741
0.080000 -0.478489
0.000000 -0.478489
0.080000 -0.558237
0.000000 -0.558237
0.080000 -0.637985
0.000000 -0.637985
0.080000 -0.717733
0.000000 -0.717733
0.080000 -0.797481
0.000000 -0.797481
0.080000 -0.877229
0.000000 -0.877229
0.080000 -0.956977
0.000000 -0.956977
0.080000 -1.036726
0.000000 -1.036726
0.080000 0.000000
0.000000 0.000000
0.080000 -0.079748
0.000000 -0.079748
0.080000 -0.159496
0.000000 -0.159496
0.080000 -0.239244
0.000000 -0.239244
0.080000 -0.318992
0.000000 -0.318992
0.080000 -0.398741
0.000000 -0.398741
0.080000 -0.478489
0.000000 -0.478489
0.080000 -0.558237
0.000000 -0.558237
0.080000 -0.637985
0.000000 -0.637985
0.080000 -0.717733
0.000000 -0.717733
0.080000 -0.797481
0.000000 -0.797481
0.080000 -0.877229
0.000000 -0.877229
0.080000 -0.956977
0.000000 -0.956977
0.080000 -1.036726
0.000000 -1.036726
0.800000 -0.628319
0.800000 -0.538559
-0.000000 -0.628319
-0.800000 -0.538559
-0.800000 -0.628319
-0.800000 -0.448799
0.800000 -0.448799
-0.800000 -0.359039
0.800000 -0.359039
-0.800000 -0.269279
0.800000 -0.269279
-0.800000 -0.179520
0.800000 -0.179520
-0.800000 -0.089760
0.800000 -0.089760
-0.000000 0.000000
0.800000 0.000000
-0.800000 0.000000
1.398823 0.000000
0.678823 0.000000
1.398823 -0.057999
0.678823 -0.057999
1.398823 -0.115997
0.678823 -0.115997
1.398823 -0.173996
0.678823 -0.173996
1.398823 -0.231995
0.678823 -0.231995
1.398823 -0.289993
0.678823 -0.289993
1.398823 -0.347992
0.678823 -0.347992
1.398823 -0.405990
0.678823 -0.405990
1.398823 -0.463989
0.678823 -0.463989
1.398823 -0.521988
0.678823 -0.521988
1.398823 -0.579986
0.678823 -0.579986
1.398823 -0.637985
0.678823 -0.637985
1.398823 -0.695984
0.678823 -0.695984
1.398823 -0.753982
0.678823 -0.753982
1.398823 0.000000
0.678823 0.000000
1.398823 -0.057999
0.678823 -0.057999
1.398823 -0.115997
0.678823 -0.115997
1.398823 -0.173996
0.678823 -0.173996
1.398823 -0.231995
0.678823 -0.231995
1.398823 -0.289993
0.678823 -0.289993
1.398823 -0.347992
0.678823 -0.347992
1.398823 -0.405990
0.678823 -0.405990
1.398823 -0.463989
0.678823 -0.463989
1.398823 -0.521988
0.678823 -0.521988
1.398823 -0.579986
0.678823 -0.579986
1.398823 -0.637985
0.678823 -0.637985
1.398823 -0.695984
0.678823 -0.695984
1.398823 -0.753982
0.678823 -0.753982
1.398823 0.000000
0.678823 0.000000
1.398823 -0.057999
0.678823 -0.057999
1.398823 -0.115997
0.678823 -0.115997
1.398823 -0.173996
0.678823 -0.173996
1.398823 -0.231995
0.678823 -0.231995
1.398823 -0.289993
0.678823 -0.289993
1.398823 -0.347992
0.678823 -0.347992
1.398823 -0.405990
0.678823 -0.405990
1.398823 -0.463989
0.678823 -0.463989
1.398823 -0.521988
0.678823 -0.521988
1.398823 -0.579986
0.678823 -0.579986
1.398823 -0.637985
0.678823 -0.637985
1.398823 -0.695984
0.678823 -0.695984
1.398823 -0.753982
0.678823 -0.753982
1.398823 0.000000
0.678823 0.000000
1.398823 -0.057999
0.678823 -0.057999
1.398823 -0.115997
0.678823 -0.115997
1.398823 -0.173996
0.678823 -0.173996
1.398823 -0.231995
0.678823 -0.231995
1.398823 -0.289993
0.678823 -0.289993
1.398823 -0.347992
0.678823 -0.347992
1.398823 -0.405990
0.678823 -0.405990
1.398823 -0.463989
0.678823 -0.463989
1.398823 -0.521988
0.678823 -0.521988
1.398823 -0.579986
0.678823 -0.579986
1.398823 -0.637985
0.678823 -0.637985
1.398823 -0.695984
0.678823 -0.695984
1.398823 -0.753982
0.678823 -0.753982
-4.000000 6.922581
-4.000000 6.122581
-3.600000 6.922581
-2.800000 6.122581
-2.000000 6.122581
-2.000000 3.722581
-2.800000 3.722581
-4.000000 2.922581
-4.000000 3.722581
3.600000 2.922581
2.000000 3.722581
2.800000 3.722581
2.788963 6.122581
3.600000 3.722581
3.600000 6.122581
3.600000 6.922581
2.000000 6.122581
0.400000 6.922581
-0.400000 6.922581
-0.068629 0.400000
-0.068629 0.800000
-0.078658 0.489008
-0.108242 0.573554
-0.155897 0.649396
-0.219233 0.712733
-0.295076 0.760388
-0.379621 0.789971
-0.468629 0.800000
2.331371 0.400000
2.341400 0.489008
2.331371 0.800000
2.370983 0.573554
2.418638 0.649396
2.481975 0.712733
2.557817 0.760388
2.642363 0.789971
2.731371 0.800000
0.068629 0.400000
0.078658 0.489008
0.068629 0.800000
0.108242 0.573554
0.155897 0.649396
0.219233 0.712733
0.295076 0.760388
0.379621 0.789971
0.468629 0.800000
-2.331371 0.400000
-2.331371 0.800000
-2.341400 0.489008
-2.370983 0.573554
-2.418638 0.649396
-2.481975 0.712733
-2.557817 0.760388
-2.642363 0.789971
-2.731371 0.800000
-4.000000 -6.922581
-3.600000 -6.922581
-4.000000 -6.122581
-2.800000 -6.122581
-2.000000 -6.122581
-2.800000 -3.722581
-2.000000 -3.722581
-4.000000 -2.922581
3.600000 -2.922581
2.000000 -3.722581
2.800000 -3.722581
2.788963 -6.122581
2.000000 -6.122581
3.600000 -6.922581
0.400000 -6.922581
-0.400000 -6.922581
3.600000 -6.122581
3.600000 -3.722581
-4.000000 -3.722581
0.000000 0.800000
-0.282980 0.891445
-0.400000 0.800000
-0.360223 0.872406
-0.439777 0.872406
-0.000000 4.000000
-0.070000 2.800000
-0.070000 1.200000
-0.079589 1.121026
-0.400000 4.000000
-0.212539 3.071585
-0.152991 3.018831
-0.107800 2.953359
-0.489008 4.010029
-0.439777 3.127594
-0.360223 3.127594
-0.282980 3.108555
-0.517020 3.108555
-0.573554 4.039612
-0.587461 3.071585
-0.649396 4.087267
-0.647009 3.018831
-0.712733 4.150604
-0.692200 2.953359
-0.720411 2.878974
-0.760388 4.226447
-0.789971 4.310992
-0.730000 2.800000
-0.800000 4.400000
-0.800000 0.400000
-0.789971 0.489008
-0.730000 1.200000
-0.720411 2.721026
-0.720411 1.278974
-0.692200 2.646641
-0.692200 1.353359
-0.647009 2.581170
-0.647009 1.418831
-0.587461 2.528415
-0.587461 1.471585
-0.517020 2.491445
-0.517020 1.508555
-0.439777 2.472406
-0.439777 1.527594
-0.360223 1.527594
-0.760388 0.573554
-0.720411 1.121026
-0.712733 0.649396
-0.692200 1.046641
-0.649396 0.712733
-0.647009 0.981170
-0.587461 0.928415
-0.573554 0.760388
-0.517020 0.891445
-0.489008 0.789971
-0.360223 2.472406
-0.282980 1.508555
-0.282980 2.491445
-0.212539 1.471585
-0.212539 2.528415
-0.152991 1.418831
-0.152991 2.581170
-0.107800 1.353359
-0.107800 2.646641
-0.079589 1.278974
-0.079589 2.721026
-0.107800 1.046641
-0.152991 0.981170
-0.212539 0.928415
-0.079589 2.878974
1.398823 -0.753982
0.678823 -0.753982
1.398823 -0.811981
0.678823 -0.811981
1.398823 -0.869980
0.678823 -0.869980
1.398823 -0.927978
0.678823 -0.927978
1.398823 -0.985977
0.678823 -0.985977
1.398823 -1.043975
0.678823 -1.043975
1.398823 -1.101974
0.678823 -1.101974
1.398823 -1.159973
0.678823 -1.159973
1.398823 -1.217971
0.678823 -1.217971
1.398823 -1.275970
0.678823 -1.275970
1.398823 -1.333969
0.678823 -1.333969
1.398823 -1.391967
0.678823 -1.391967
1.398823 -1.449966
0.678823 -1.449966
1.398823 -1.507964
0.678823 -1.507964
2.000000 -0.800000
8.000000 -0.800000
2.000000 0.000000
8.000000 0.000000
4.800000 0.000000
4.800000 0.800000
-0.000000 0.000000
-0.000000 2.400000
5.639613 1.373554
5.687267 1.449396
6.000000 0.800000
5.910992 0.810029
5.826447 0.839612
5.750604 0.887267
5.687267 0.950604
5.639613 1.026446
5.610029 1.110992
5.600000 1.200000
5.610029 1.289008
5.750604 1.512733
5.826447 1.560387
5.910992 1.589971
7.200000 2.400000
6.000000 1.600000
7.200000 1.600000
1.398823 -0.753982
0.678823 -0.753982
1.398823 -0.811981
0.678823 -0.811981
1.398823 -0.869980
0.678823 -0.869980
1.398823 -0.927978
0.678823 -0.927978
1.398823 -0.985977
0.678823 -0.985977
1.398823 -1.043975
0.678823 -1.043975
1.398823 -1.101974
0.678823 -1.101974
1.398823 -1.159973
0.678823 -1.159973
1.398823 -1.217971
0.678823 -1.217971
1.398823 -1.275970
0.678823 -1.275970
1.398823 -1.333969
0.678823 -1.333969
1.398823 -1.391967
0.678823 -1.391967
1.398823 -1.449966
0.678823 -1.449966
1.398823 -1.507964
0.678823 -1.507964
1.398823 -0.753982
0.678823 -0.753982
1.398823 -0.811981
0.678823 -0.811981
1.398823 -0.869980
0.678823 -0.869980
1.398823 -0.927978
0.678823 -0.927978
1.398823 -0.985977
0.678823 -0.985977
1.398823 -1.043975
0.678823 -1.043975
1.398823 -1.101974
0.678823 -1.101974
1.398823 -1.159973
0.678823 -1.159973
1.398823 -1.217971
0.678823 -1.217971
1.398823 -1.275970
0.678823 -1.275970
1.398823 -1.333969
0.678823 -1.333969
1.398823 -1.391967
0.678823 -1.391967
1.398823 -1.449966
0.678823 -1.449966
1.398823 -1.507964
0.678823 -1.507964
1.398823 -0.753982
0.678823 -0.753982
1.398823 -0.811981
0.678823 -0.811981
1.398823 -0.869980
0.678823 -0.869980
1.398823 -0.927978
0.678823 -0.927978
1.398823 -0.985977
0.678823 -0.985977
1.398823 -1.043975
0.678823 -1.043975
1.398823 -1.101974
0.678823 -1.101974
1.398823 -1.159973
0.678823 -1.159973
1.398823 -1.217971
0.678823 -1.217971
1.398823 -1.275970
0.678823 -1.275970
1.398823 -1.333969
0.678823 -1.333969
1.398823 -1.391967
0.678823 -1.391967
1.398823 -1.449966
0.678823 -1.449966
1.398823 -1.507964
0.678823 -1.507964
0.800000 -0.400000
1.600000 -0.400000
0.800000 0.400000
1.600000 1.600000
0.800000 1.600000
0.800000 2.400000
0.489008 0.010029
0.573554 0.039612
0.649396 0.087267
0.800000 6.400000
-0.000000 0.400000
0.226447 0.039612
0.310992 0.010029
0.800000 7.200000
0.573554 8.039613
0.489008 8.010029
0.400000 8.000000
0.800000 8.400000
0.789971 8.310991
0.760388 8.226446
0.712733 8.150604
0.649396 8.087268
-0.000000 8.000000
0.010029 0.310992
0.039612 0.226447
0.087267 0.150604
0.150604 0.087267
0.400000 0.000000
0.712733 0.150604
0.760388 0.226447
0.789971 0.310992
-0.400000 8.000000
-0.282980 7.908556
-0.000000 8.000000
-0.212539 7.871585
-0.152991 7.818830
-0.489008 8.010029
-0.439777 7.927594
-0.360223 7.927594
-0.517020 7.908556
-0.573554 8.039613
-0.587461 7.871585
-0.649396 8.087268
-0.647009 7.818830
-0.692200 7.753359
-0.712733 8.150604
-0.720411 7.678974
-0.760388 8.226446
-0.730000 7.600000
-0.789971 8.310991
-0.730000 6.000000
-0.800000 8.400000
-0.800000 4.400000
-0.789971 4.489008
-0.720411 5.921026
-0.760388 4.573554
-0.712733 4.649396
-0.649396 4.712733
-0.647009 5.781169
-0.692200 5.846642
-0.587461 5.728415
-0.573554 4.760387
-0.517020 5.691445
-0.489008 4.789971
-0.439777 5.672406
-0.400000 4.800000
-0.360223 5.672406
-0.282980 5.691445
-0.212539 5.728415
-0.000000 4.800000
-0.152991 5.781169
-0.107800 5.846642
-0.079589 5.921026
-0.070000 6.000000
-0.070000 7.600000
-0.079589 7.678974
-0.107800 7.753359
-0.720411 7.521026
-0.720411 6.078974
-0.692200 7.446641
-0.692200 6.153358
-0.647009 7.381169
-0.647009 6.218831
-0.587461 7.328415
-0.587461 6.271585
-0.517020 7.291445
-0.517020 6.308555
-0.439777 7.272406
-0.439777 6.327594
-0.360223 6.327594
-0.360223 7.272406
-0.282980 6.308555
-0.282980 7.291445
-0.212539 6.271585
-0.212539 7.328415
-0.152991 6.218831
-0.152991 7.381169
-0.107800 6.153358
-0.107800 7.446641
-0.079589 6.078974
-0.079589 7.521026
5.194169 8.068053
5.200000 6.800000
5.197405 8.045492
5.199351 8.022783
5.200000 8.000000
4.400000 8.400000
0.400000 8.400000
4.400000 7.600000
0.400000 7.600000
0.400000 6.000000
-0.400000 6.000000
0.400000 2.800000
-0.400000 0.000000
2.050655 1.513894
0.000000 -0.400000
2.081413 1.432793
2.130686 1.361408
2.195610 1.303890
2.272413 1.263581
2.356631 1.242823
4.800000 -0.400000
2.443369 1.242823
2.527587 1.263581
2.604390 1.303890
2.669314 1.361408
2.718587 1.432793
2.749345 1.513894
5.200000 0.000000
4.400000 2.800000
5.200000 6.000000
4.400000 6.000000
-0.389971 -0.089008
-0.360388 -0.173553
-0.312733 -0.249396
-0.249396 -0.312733
-0.173553 -0.360388
-0.089008 -0.389971
4.889009 -0.389971
4.973554 -0.360388
5.049396 -0.312733
5.112732 -0.249396
5.160388 -0.173553
5.189971 -0.089008
2.443369 1.957177
2.527587 1.936419
2.604390 1.896110
2.040200 1.600000
2.050655 1.686106
2.081413 1.767207
2.130686 1.838592
2.195610 1.896110
2.272413 1.936419
2.356631 1.957177
2.669314 1.838592
2.718587 1.767207
2.749345 1.686106
2.759800 1.600000
2.400000 6.000000
0.839777 6.072406
0.400000 6.000000
0.760223 6.072406
0.682980 6.091444
2.489008 6.010029
2.439777 6.072406
2.360223 6.072406
2.282980 6.091444
2.517020 6.091444
2.573554 6.039612
2.587461 6.128415
2.649396 6.087267
2.647009 6.181170
2.712733 6.150604
2.692200 6.246641
2.760388 6.226447
2.720411 6.321026
2.789971 6.310992
2.800000 6.400000
2.800000 6.800000
2.720411 6.478974
2.730000 6.400000
7.600000 6.800000
7.600000 9.200000
0.400000 9.200000
0.400000 8.000000
0.389971 8.089008
-0.000000 8.400000
-0.400000 7.600000
0.682980 6.708555
0.612539 6.671585
0.552991 6.618831
0.507800 6.553359
0.479589 6.478974
0.470000 6.400000
0.479589 6.321026
0.507800 6.246641
0.552991 6.181170
0.612539 6.128415
0.360388 8.173553
0.312733 8.249396
0.249396 8.312733
0.173553 8.360388
0.089008 8.389971
-4.800000 8.400000
-4.400000 7.600000
-5.200000 8.000000
-4.400000 2.800000
-5.200000 0.000000
-2.749345 1.513894
-2.718587 1.432793
-2.669314 1.361408
-2.604390 1.303890
-4.800000 -0.400000
-2.527587 1.263581
-2.443369 1.242823
-0.000000 -0.400000
-2.356631 1.242823
-2.272413 1.263581
-2.195610 1.303890
0.400000 0.000000
-2.130686 1.361408
-2.081413 1.432793
-2.050655 1.513894
-0.400000 2.800000
-2.040200 1.600000
-2.050655 1.686106
-2.081413 1.767207
-2.130686 1.838592
-2.195610 1.896110
-2.272413 1.936419
-2.356631 1.957177
-2.443369 1.957177
-2.527587 1.936419
-2.604390 1.896110
-2.669314 1.838592
-2.718587 1.767207
-2.749345 1.686106
-2.759800 1.600000
-4.889009 8.389971
-4.973554 8.360388
-5.049396 8.312733
-5.112732 8.249396
-5.160388 8.173553
-5.189971 8.089008
-5.189971 -0.089008
-5.160388 -0.173553
-5.112732 -0.249396
-5.049396 -0.312733
-4.973554 -0.360388
-4.889009 -0.389971
0.089008 -0.389971
0.173553 -0.360388
0.249396 -0.312733
0.312733 -0.249396
0.360388 -0.173553
0.389971 -0.089008
2.079589 6.478974
1.120411 6.478974
2.070000 6.400000
1.130000 6.400000
2.079589 6.321026
1.120411 6.321026
2.107800 6.246641
1.092201 6.246641
2.152992 6.181170
1.047009 6.181170
2.212539 6.128415
0.987461 6.128415
0.917020 6.091444
1.092201 6.553359
2.107800 6.553359
1.047009 6.618831
2.152992 6.618831
0.987461 6.671585
2.212539 6.671585
0.917020 6.708555
2.282980 6.708555
2.360223 6.727594
2.439777 6.727594
2.517020 6.708555
2.587461 6.671585
2.647009 6.618831
2.692200 6.553359
0.760223 6.727594
0.839777 6.727594
-0.000000 0.000000
-0.800000 0.000000
-0.000000 -0.089760
-0.800000 -0.089760
-0.000000 -0.179520
-0.800000 -0.179520
-0.000000 -0.269279
-0.800000 -0.269279
-0.000000 -0.359039
-0.800000 -0.359039
-0.000000 -0.448799
-0.800000 -0.448799
-0.000000 -0.538559
-0.800000 -0.538559
-0.000000 -0.628319
-0.800000 -0.628319
0.800000 4.800000
-0.000000 4.800000
0.800000 0.000000
-0.000000 0.000000
-0.000000 -0.628319
-0.800000 -0.628319
-0.000000 -0.718078
-0.800000 -0.718078
-0.000000 -0.807838
-0.800000 -0.807838
-0.000000 -0.897598
-0.800000 -0.897598
-0.000000 -0.987358
-0.800000 -0.987358
-0.000000 -1.077117
-0.800000 -1.077117
-0.000000 -1.166877
-0.800000 -1.166877
0.000000 -1.256637
-0.800000 -1.256637
-8.000000 0.000000
-8.000000 -0.800000
-2.000000 0.000000
-0.000000 -0.800000
-1.200000 0.000000
-0.000000 0.000000
-0.800000 -1.346397
0.000000 -1.302228
-0.800000 -1.256637
0.000000 -1.279432
-0.000000 -1.256637
-0.800000 -1.436157
0.000000 -1.418345
0.000000 -1.325023
0.000000 -1.511667
-0.800000 -1.525916
0.000000 -1.604989
-0.800000 -1.615676
0.000000 -1.698311
-0.800000 -1.705436
-0.000000 -1.791633
-0.800000 -1.795196
-0.000000 -1.884956
-0.800000 -1.884956
-0.800000 0.000000
-0.730000 2.400000
-0.800000 4.800000
-0.730000 4.000000
-0.720411 4.078974
-0.000000 0.000000
-0.439777 0.472406
-0.517020 0.491445
-0.587461 0.528415
-0.000000 0.400000
-0.107800 0.646641
-0.152991 0.581170
-0.212539 0.528415
-0.000000 4.400000
-0.070000 2.400000
-0.070000 0.800000
-0.079589 0.721026
-0.000000 4.800000
-0.107800 4.153358
-0.079589 4.078974
-0.070000 4.000000
-0.439777 4.327594
-0.360223 4.327594
-0.282980 4.308555
-0.720411 0.878974
-0.720411 2.321026
-0.730000 0.800000
-0.692200 2.246641
-0.692200 0.953359
-0.647009 2.181170
-0.647009 1.018830
-0.587461 2.128415
-0.587461 1.071585
-0.517020 2.091445
-0.517020 1.108555
-0.439777 2.072406
-0.439777 1.127594
-0.360223 1.127594
-0.360223 2.072406
-0.282980 1.108555
-0.282980 2.091445
-0.212539 1.071585
-0.212539 2.128415
-0.152991 1.018830
-0.152991 2.181170
-0.107800 0.953359
-0.107800 2.246641
-0.079589 0.878974
-0.079589 2.321026
-0.282980 0.491445
-0.360223 0.472406
-0.647009 0.581170
-0.692200 0.646641
-0.720411 0.721026
-0.720411 3.921026
-0.720411 2.478974
-0.692200 3.846641
-0.692200 2.553359
-0.647009 3.781169
-0.647009 2.618830
-0.587461 3.728415
-0.587461 2.671585
-0.517020 3.691445
-0.517020 2.708555
-0.439777 3.672406
-0.439777 2.727594
-0.360223 2.727594
-0.360223 3.672406
-0.282980 2.708555
-0.282980 3.691445
-0.212539 2.671585
-0.212539 3.728415
-0.152991 2.618830
-0.152991 3.781169
-0.107800 2.553359
-0.107800 3.846641
-0.079589 2.478974
-0.079589 3.921026
-0.692200 4.153358
-0.647009 4.218831
-0.587461 4.271585
-0.517020 4.308555
-0.212539 4.271585
-0.152991 4.218831
0.000000 0.628319
-0.800000 0.628319
-0.000000 0.538559
-0.800000 0.538559
-0.000000 0.448799
-0.800000 0.448799
-0.000000 0.359039
-0.800000 0.359039
-0.000000 0.269279
-0.800000 0.269279
-0.000000 0.179520
-0.800000 0.179520
-0.000000 0.089760
-0.800000 0.089760
-0.000000 -0.000000
-0.800000 -0.000000
-4.800000 0.000000
-4.800000 -0.800000
-1.600000 0.000000
0.000000 -0.800000
-0.800000 0.000000
0.000000 0.000000
-0.800000 0.800000
0.800000 0.000000
1.600000 0.800000
1.600000 0.000000
-0.800000 0.000000
0.000000 0.000000
-0.800000 4.000000
0.000000 4.000000
4.800000 -0.800000
1.600000 0.000000
0.000000 -0.800000
0.800000 0.000000
0.000000 0.000000
0.800000 0.800000
-1.600000 0.800000
4.800000 0.000000
-1.600000 0.000000
-0.800000 0.000000
0.800000 4.000000
0.640000 2.000000
0.800000 0.000000
0.633026 1.942564
0.633026 0.457436
0.612509 1.888466
0.612509 0.511534
0.579643 1.840851
0.579643 0.559149
0.536336 1.802484
0.536336 0.597516
0.485105 1.775596
0.485105 0.624404
0.428929 1.761750
0.428929 0.638250
0.371071 1.761750
0.371071 0.638250
0.314895 0.624404
0.314895 1.775596
0.263664 0.597516
0.263664 1.802484
0.220357 0.559149
0.220357 1.840851
0.187491 0.511534
0.187491 1.888466
0.166974 0.457436
0.166974 1.942564
0.000000 0.000000
0.160000 2.000000
0.000000 4.000000
0.166974 2.057436
0.166974 3.542564
0.187491 3.488467
0.187491 2.111534
0.220357 3.440850
0.220357 2.159149
0.263664 3.402484
0.263664 2.197516
0.314895 3.375596
0.314895 2.224404
0.371071 3.361750
0.371071 2.238250
0.428929 2.238250
0.428929 3.838250
0.485105 3.824404
0.536336 3.797516
0.371071 0.161750
0.314895 0.175596
0.263664 0.202484
0.166974 0.342564
0.160000 0.400000
0.640000 0.400000
0.633026 0.342564
0.612509 0.288466
0.579643 0.240851
0.536336 0.202484
0.485105 0.175596
0.428929 0.161750
0.220357 0.240851
0.187491 0.288466
0.428929 3.361750
0.485105 2.224404
0.485105 3.375596
0.536336 2.197516
0.536336 3.402484
0.579643 2.159149
0.579643 3.440850
0.612509 2.111534
0.612509 3.488467
0.633026 2.057436
0.633026 3.542564
0.640000 3.600000
0.633026 3.657436
0.612509 3.711534
0.579643 3.759150
0.160000 3.600000
0.166974 3.657436
0.187491 3.711534
0.220357 3.759150
0.263664 3.797516
0.314895 3.824404
0.371071 3.838250
-4.000000 2.922581
-2.800000 2.922581
-4.000000 3.722581
-2.800000 3.722581
-4.000000 6.922581
-2.000000 6.122581
-0.000000 6.922581
2.000000 6.122581
4.000000 6.922581
2.800000 6.122581
4.000000 6.122581
-4.000000 6.122581
-2.788963 6.122581
-2.794168 4.990634
-2.767756 5.079920
-2.721416 5.160680
-2.657661 5.228539
-2.579945 5.279820
-2.492478 5.311744
-2.400000 5.322581
-2.000000 5.322581
2.000000 5.322581
2.400000 5.322581
2.489008 5.312552
2.573554 5.282968
2.649396 5.235313
2.712733 5.171977
2.760388 5.096134
2.789971 5.011589
2.800000 4.922581
2.000000 3.722581
-2.000000 3.722581
2.000000 2.922581
-2.000000 2.922581
-0.010029 1.289008
-0.039612 1.373554
-0.000000 1.200000
-0.087267 1.449396
-0.150604 1.512733
-0.000000 0.800000
-0.226447 1.560387
-0.310992 1.589971
-0.400000 1.600000
-0.489008 1.589971
-0.800000 1.200000
-0.573554 1.560387
-0.649396 1.512733
-0.712733 1.449396
-0.760388 1.373554
-0.789971 1.289008
-0.800000 0.000000
-0.000000 0.000000
-2.400025 -0.800000
-1.131959 -0.800000
-2.400025 0.000000
-0.000000 0.000000
-0.000000 -0.800000
0.789971 -0.310992
0.760388 -0.226447
0.800000 -0.400000
0.712733 -0.150604
0.536336 -1.002484
0.649396 -0.087267
0.485105 -0.975596
0.573554 -0.039612
0.489008 -0.010029
0.428929 -0.961750
0.400000 0.000000
0.371071 -0.961750
0.310992 -0.010029
0.314895 -0.975596
0.226447 -0.039612
0.150604 -0.087267
0.263664 -1.002484
0.087267 -0.150604
-0.000000 -0.400000
0.039612 -0.226447
0.010029 -0.310992
-0.000000 -0.800000
0.220357 -1.040851
0.187491 -1.088466
0.166974 -1.142564
0.160000 -1.200000
-0.000000 -1.611037
0.166974 -1.257436
0.187491 -1.311534
0.220357 -1.359149
0.263664 -1.397516
0.314895 -1.424404
0.371071 -1.438250
0.800000 -1.611037
0.428929 -1.438250
0.485105 -1.424404
0.536336 -1.397516
0.579643 -1.359149
0.612509 -1.311534
0.633026 -1.257436
0.640000 -1.200000
0.633026 -1.142564
0.612509 -1.088466
0.579643 -1.040851
-0.800000 0.000000
0.000000 0.000000
-0.800000 4.000000
0.000000 4.000000
0.800000 4.000000
0.633026 3.542564
0.800000 0.000000
0.633026 0.457436
0.640000 0.400000
0.000000 4.000000
0.428929 3.838250
0.485105 3.824404
0.536336 3.797516
0.000000 0.000000
0.166974 3.542564
0.160000 3.600000
0.166974 3.657436
0.371071 0.161750
0.314895 0.175596
0.263664 0.202484
0.633026 3.657436
0.640000 3.600000
0.612509 3.488467
0.612509 0.511534
0.579643 3.440850
0.579643 0.559149
0.536336 3.402484
0.536336 0.597516
0.485105 3.375596
0.485105 0.624404
0.428929 3.361750
0.428929 0.638250
0.371071 3.361750
0.371071 0.638250
0.314895 0.624404
0.314895 3.375596
0.263664 0.597516
0.263664 3.402484
0.220357 0.559149
0.220357 3.440850
0.187491 0.511534
0.187491 3.488467
0.166974 0.457436
0.187491 3.711534
0.220357 3.759150
0.263664 3.797516
0.314895 3.824404
0.371071 3.838250
0.579643 3.759150
0.612509 3.711534
0.633026 0.342564
0.612509 0.288466
0.579643 0.240851
0.536336 0.202484
0.485105 0.175596
0.428929 0.161750
0.220357 0.240851
0.187491 0.288466
0.166974 0.342564
0.160000 0.400000
-0.800000 -1.256637
0.000000 -1.256637
-0.800000 -1.166877
0.000000 -1.166877
-0.800000 -1.077117
0.000000 -1.077117
-0.800000 -0.987358
0.000000 -0.987358
-0.800000 -0.897598
0.000000 -0.897598
-0.800000 -0.807838
0.000000 -0.807838
-0.800000 -0.718078
0.000000 -0.718078
-0.800000 -0.628319
-0.000000 -0.628319
-2.922581 0.628319
-3.722581 0.628319
-2.922581 0.538559
-3.722581 0.538559
-2.922581 0.448799
-3.722581 0.448799
-2.922581 0.359039
-3.722581 0.359039
-2.922581 0.269279
-3.722581 0.269279
-2.922581 0.179520
-3.722581 0.179520
-2.922581 0.089760
-3.722581 0.089760
-2.922581 0.000000
-3.722581 0.000000
-0.000000 0.000000
0.800000 0.000000
-0.000000 0.089760
0.800000 0.089760
-0.000000 0.179520
0.800000 0.179520
-0.000000 0.269279
0.800000 0.269279
-0.000000 0.359039
0.800000 0.359039
-0.000000 0.448799
0.800000 0.448799
-0.000000 0.538559
0.800000 0.538559
-0.000000 0.628319
0.800000 0.628319
-6.122581 0.000000
-6.922581 0.000000
-6.122581 -0.089760
-6.922581 -0.089760
-6.122581 -0.179520
-6.922581 -0.179520
-6.122581 -0.269279
-6.922581 -0.269279
-6.122581 -0.359039
-6.922581 -0.359039
-6.122581 -0.448799
-6.922581 -0.448799
-6.122581 -0.538559
-6.922581 -0.538559
-6.122581 -0.628319
-6.922581 -0.628319
3.722581 -1.256637
2.922581 -1.256637
3.722581 -1.346397
2.922581 -1.346397
3.722581 -1.436157
2.922581 -1.436157
3.722581 -1.525916
2.922581 -1.525916
3.722581 -1.615676
2.922581 -1.615676
3.722581 -1.705436
2.922581 -1.705436
3.722581 -1.795196
2.922581 -1.795196
3.722581 -1.884956
2.922581 -1.884956
-0.000000 0.628319
0.800000 0.628319
-0.000000 0.718078
0.800000 0.718078
-0.000000 0.807838
0.800000 0.807838
-0.000000 0.897598
0.800000 0.897598
-0.000000 0.987358
0.800000 0.987358
-0.000000 1.077117
0.800000 1.077117
-0.000000 1.166877
0.800000 1.166877
-0.000000 1.256637
0.800000 1.256637
-0.000000 0.628319
0.800000 0.628319
-0.000000 0.718078
0.800000 0.718078
-0.000000 0.807838
0.800000 0.807838
-0.000000 0.897598
0.800000 0.897598
-0.000000 0.987358
0.800000 0.987358
-0.000000 1.077117
0.800000 1.077117
-0.000000 1.166877
0.800000 1.166877
-0.000000 1.256637
0.800000 1.256637
6.922581 -1.256637
6.122581 -1.256637
6.922581 -1.346397
6.122581 -1.346397
6.922581 -1.436157
6.122581 -1.436157
6.922581 -1.525916
6.122581 -1.525916
6.922581 -1.615676
6.122581 -1.615676
6.922581 -1.705436
6.122581 -1.705436
6.922581 -1.795196
6.122581 -1.795196
6.922581 -1.884956
6.122581 -1.884956
6.122581 0.800000
4.922581 0.800000
6.122581 -0.000000
4.922581 0.000000
-5.610029 1.110992
-0.000000 0.000000
-5.600000 1.200000
-0.000000 2.400000
-5.610029 1.289008
-5.639613 1.373554
-5.687267 1.449396
-5.750604 1.512733
-5.826447 1.560387
-5.910992 1.589971
-7.200000 2.400000
-6.000000 1.600000
-7.200000 1.600000
-5.639613 1.026446
-5.687267 0.950604
-5.750604 0.887267
-5.826447 0.839612
-5.910992 0.810029
-7.200000 0.000000
-6.000000 0.800000
-7.200000 0.800000
2.400000 7.200000
-0.000000 7.200000
2.400000 -0.000000
-0.000000 0.000000
-6.122581 -0.000000
-3.722581 0.000000
-6.122581 2.400000
-3.722581 2.400000
3.722581 1.600000
6.122581 1.600000
3.722581 2.400000
6.122581 2.400000
0.080000 -1.036726
0.000000 -1.036726
0.080000 -1.116474
0.000000 -1.116474
0.080000 -1.196222
0.000000 -1.196222
0.080000 -1.275970
0.000000 -1.275970
0.080000 -1.355718
0.000000 -1.355718
0.080000 -1.435466
0.000000 -1.435466
0.080000 -1.515214
0.000000 -1.515214
0.080000 -1.594962
0.000000 -1.594962
0.080000 -1.674711
0.000000 -1.674711
0.080000 -1.754459
0.000000 -1.754459
0.080000 -1.834207
0.000000 -1.834207
0.080000 -1.913955
0.000000 -1.913955
0.080000 -1.993703
0.000000 -1.993703
0.080000 -2.073451
0.000000 -2.073451
0.320411 0.078974
0.233026 0.057436
0.330000 0.000000
0.240000 0.000000
0.233026 -0.057436
0.212509 0.111534
0.292200 0.153359
0.179643 0.159149
0.247009 0.218830
0.136336 0.197516
0.187461 0.271585
0.085105 0.224404
0.117020 0.308555
0.028929 0.238250
0.039777 0.327594
-0.039777 0.327594
-0.028929 0.238250
-0.117020 0.308555
-0.085105 0.224404
-0.187461 0.271585
-0.136336 0.197516
-0.247009 0.218830
-0.179643 0.159149
-0.292200 0.153359
-0.212509 0.111534
-0.320411 0.078974
-0.233026 0.057436
-0.330000 0.000000
-0.240000 0.000000
-0.233026 -0.057436
-0.320411 -0.078974
-0.212509 -0.111534
-0.292200 -0.153359
-0.179643 -0.159149
-0.247009 -0.218830
-0.136336 -0.197516
-0.187461 -0.271585
-0.085105 -0.224404
-0.117020 -0.308555
-0.028929 -0.238250
-0.039777 -0.327594
0.039777 -0.327594
0.028929 -0.238250
0.117020 -0.308555
0.085105 -0.224404
0.187461 -0.271585
0.136336 -0.197516
0.247009 -0.218830
0.179643 -0.159149
0.292200 -0.153359
0.212509 -0.111534
0.320411 -0.078974
0.080000 -1.036726
0.000000 -1.036726
0.080000 -1.116474
0.000000 -1.116474
0.080000 -1.196222
0.000000 -1.196222
0.080000 -1.275970
0.000000 -1.275970
0.080000 -1.355718
0.000000 -1.355718
0.080000 -1.435466
0.000000 -1.435466
0.080000 -1.515214
0.000000 -1.515214
0.080000 -1.594962
0.000000 -1.594962
0.080000 -1.674711
0.000000 -1.674711
0.080000 -1.754459
0.000000 -1.754459
0.080000 -1.834207
0.000000 -1.834207
0.080000 -1.913955
0.000000 -1.913955
0.080000 -1.993703
0.000000 -1.993703
0.080000 -2.073451
0.000000 -2.073451
0.320411 0.078974
0.233026 0.057436
0.330000 0.000000
0.240000 0.000000
0.233026 -0.057436
0.212509 0.111534
0.292200 0.153359
0.179643 0.159149
0.247009 0.218830
0.136336 0.197516
0.187461 0.271585
0.085105 0.224404
0.117020 0.308555
0.028929 0.238250
0.039777 0.327594
-0.039777 0.327594
-0.028929 0.238250
-0.117020 0.308555
-0.085105 0.224404
-0.187461 0.271585
-0.136336 0.197516
-0.247009 0.218830
-0.179643 0.159149
-0.292200 0.153359
-0.212509 0.111534
-0.320411 0.078974
-0.233026 0.057436
-0.330000 0.000000
-0.240000 0.000000
-0.233026 -0.057436
-0.320411 -0.078974
-0.212509 -0.111534
-0.292200 -0.153359
-0.179643 -0.159149
-0.247009 -0.218830
-0.136336 -0.197516
-0.187461 -0.271585
-0.085105 -0.224404
-0.117020 -0.308555
-0.028929 -0.238250
-0.039777 -0.327594
0.039777 -0.327594
0.028929 -0.238250
0.117020 -0.308555
0.085105 -0.224404
0.187461 -0.271585
0.136336 -0.197516
0.247009 -0.218830
0.179643 -0.159149
0.292200 -0.153359
0.212509 -0.111534
0.320411 -0.078974
0.080000 -1.036726
0.000000 -1.036726
0.080000 -1.116474
0.000000 -1.116474
0.080000 -1.196222
0.000000 -1.196222
0.080000 -1.275970
0.000000 -1.275970
0.080000 -1.355718
0.000000 -1.355718
0.080000 -1.435466
0.000000 -1.435466
0.080000 -1.515214
0.000000 -1.515214
0.080000 -1.594962
0.000000 -1.594962
0.080000 -1.674711
0.000000 -1.674711
0.080000 -1.754459
0.000000 -1.754459
0.080000 -1.834207
0.000000 -1.834207
0.080000 -1.913955
0.000000 -1.913955
0.080000 -1.993703
0.000000 -1.993703
0.080000 -2.073451
0.000000 -2.073451
0.320411 0.078974
0.233026 0.057436
0.330000 0.000000
0.240000 0.000000
0.233026 -0.057436
0.212509 0.111534
0.292200 0.153359
0.179643 0.159149
0.247009 0.218830
0.136336 0.197516
0.187461 0.271585
0.085105 0.224404
0.117020 0.308555
0.028929 0.238250
0.039777 0.327594
-0.039777 0.327594
-0.028929 0.238250
-0.117020 0.308555
-0.085105 0.224404
-0.187461 0.271585
-0.136336 0.197516
-0.247009 0.218830
-0.179643 0.159149
-0.292200 0.153359
-0.212509 0.111534
-0.320411 0.078974
-0.233026 0.057436
-0.330000 0.000000
-0.240000 0.000000
-0.233026 -0.057436
-0.320411 -0.078974
-0.212509 -0.111534
-0.292200 -0.153359
-0.179643 -0.159149
-0.247009 -0.218830
-0.136336 -0.197516
-0.187461 -0.271585
-0.085105 -0.224404
-0.117020 -0.308555
-0.028929 -0.238250
-0.039777 -0.327594
0.039777 -0.327594
0.028929 -0.238250
0.117020 -0.308555
0.085105 -0.224404
0.187461 -0.271585
0.136336 -0.197516
0.247009 -0.218830
0.179643 -0.159149
0.292200 -0.153359
0.212509 -0.111534
0.320411 -0.078974
0.080000 -1.036726
0.000000 -1.036726
0.080000 -1.116474
0.000000 -1.116474
0.080000 -1.196222
0.000000 -1.196222
0.080000 -1.275970
0.000000 -1.275970
0.080000 -1.355718
0.000000 -1.355718
0.080000 -1.435466
0.000000 -1.435466
0.080000 -1.515214
0.000000 -1.515214
0.080000 -1.594962
0.000000 -1.594962
0.080000 -1.674711
0.000000 -1.674711
0.080000 -1.754459
0.000000 -1.754459
0.080000 -1.834207
0.000000 -1.834207
0.080000 -1.913955
0.000000 -1.913955
0.080000 -1.993703
0.000000 -1.993703
0.080000 -2.073451
0.000000 -2.073451
0.320411 0.078974
0.233026 0.057436
0.330000 0.000000
0.240000 0.000000
0.233026 -0.057436
0.212509 0.111534
0.292200 0.153359
0.179643 0.159149
0.247009 0.218830
0.136336 0.197516
0.187461 0.271585
0.085105 0.224404
0.117020 0.308555
0.028929 0.238250
0.039777 0.327594
-0.039777 0.327594
-0.028929 0.238250
-0.117020 0.308555
-0.085105 0.224404
-0.187461 0.271585
-0.136336 0.197516
-0.247009 0.218830
-0.179643 0.159149
-0.292200 0.153359
-0.212509 0.111534
-0.320411 0.078974
-0.233026 0.057436
-0.330000 0.000000
-0.240000 0.000000
-0.233026 -0.057436
-0.320411 -0.078974
-0.212509 -0.111534
-0.292200 -0.153359
-0.179643 -0.159149
-0.247009 -0.218830
-0.136336 -0.197516
-0.187461 -0.271585
-0.085105 -0.224404
-0.117020 -0.308555
-0.028929 -0.238250
-0.039777 -0.327594
0.039777 -0.327594
0.028929 -0.238250
0.117020 -0.308555
0.085105 -0.224404
0.187461 -0.271585
0.136336 -0.197516
0.247009 -0.218830
0.179643 -0.159149
0.292200 -0.153359
0.212509 -0.111534
0.320411 -0.078974
1.398823 -0.753982
0.678823 -0.753982
1.398823 -0.811981
0.678823 -0.811981
1.398823 -0.869980
0.678823 -0.869980
1.398823 -0.927978
0.678823 -0.927978
1.398823 -0.985977
0.678823 -0.985977
1.398823 -1.043975
0.678823 -1.043975
1.398823 -1.101974
0.678823 -1.101974
1.398823 -1.159973
0.678823 -1.159973
1.398823 -1.217971
0.678823 -1.217971
1.398823 -1.275970
0.678823 -1.275970
1.398823 -1.333969
0.678823 -1.333969
1.398823 -1.391967
0.678823 -1.391967
1.398823 -1.449966
0.678823 -1.449966
1.398823 -1.507964
0.678823 -1.507964
1.398823 -0.753982
0.678823 -0.753982
1.398823 -0.811981
0.678823 -0.811981
1.398823 -0.869980
0.678823 -0.869980
1.398823 -0.927978
0.678823 -0.927978
1.398823 -0.985977
0.678823 -0.985977
1.398823 -1.043975
0.678823 -1.043975
1.398823 -1.101974
0.678823 -1.101974
1.398823 -1.159973
0.678823 -1.159973
1.398823 -1.217971
0.678823 -1.217971
1.398823 -1.275970
0.678823 -1.275970
1.398823 -1.333969
0.678823 -1.333969
1.398823 -1.391967
0.678823 -1.391967
1.398823 -1.449966
0.678823 -1.449966
1.398823 -1.507964
0.678823 -1.507964
1.398823 -0.753982
0.678823 -0.753982
1.398823 -0.811981
0.678823 -0.811981
1.398823 -0.869980
0.678823 -0.869980
1.398823 -0.927978
0.678823 -0.927978
1.398823 -0.985977
0.678823 -0.985977
1.398823 -1.043975
0.678823 -1.043975
1.398823 -1.101974
0.678823 -1.101974
1.398823 -1.159973
0.678823 -1.159973
1.398823 -1.217971
0.678823 -1.217971
1.398823 -1.275970
0.678823 -1.275970
1.398823 -1.333969
0.678823 -1.333969
1.398823 -1.391967
0.678823 -1.391967
1.398823 -1.449966
0.678823 -1.449966
1.398823 -1.507964
0.678823 -1.507964
1.398823 -0.753982
0.678823 -0.753982
1.398823 -0.811981
0.678823 -0.811981
1.398823 -0.869980
0.678823 -0.869980
1.398823 -0.927978
0.678823 -0.927978
1.398823 -0.985977
0.678823 -0.985977
1.398823 -1.043975
0.678823 -1.043975
1.398823 -1.101974
0.678823 -1.101974
1.398823 -1.159973
0.678823 -1.159973
1.398823 -1.217971
0.678823 -1.217971
1.398823 -1.275970
0.678823 -1.275970
1.398823 -1.333969
0.678823 -1.333969
1.398823 -1.391967
0.678823 -1.391967
1.398823 -1.449966
0.678823 -1.449966
1.398823 -1.507964
0.678823 -1.507964
-0.633026 -7.657436
-0.166974 -7.657436
-0.640000 -7.600000
-0.160000 -7.600000
-0.633026 -7.542564
-0.166974 -7.542564
-0.612509 -7.488466
-0.187491 -7.488466
-0.579643 -7.440851
-0.220357 -7.440851
-0.536336 -7.402484
-0.263664 -7.402484
-0.485105 -7.375596
-0.314895 -7.375596
-0.428929 -7.361750
-0.371071 -7.361750
-0.187491 -7.711534
-0.612509 -7.711534
-0.220357 -7.759150
-0.579643 -7.759150
-0.263664 -7.797516
-0.536336 -7.797516
-0.314895 -7.824404
-0.485105 -7.824404
-0.371071 -7.838250
-0.428929 -7.838250
-0.000000 0.468629
-0.800000 0.468629
-0.000000 0.068629
-0.800000 -2.731371
-0.000000 -2.331371
-0.000000 -2.731371
2.331371 0.800000
-0.068629 0.800000
2.331371 0.000000
-0.068629 0.000000
2.731371 0.000000
2.731371 0.800000
2.331371 0.000000
-0.468629 0.800000
-0.068629 0.000000
-0.468629 0.000000
-2.820379 0.789971
-2.904924 0.760388
-2.731371 0.800000
-2.980767 0.712733
-3.044103 0.649396
-3.091758 0.573554
0.829017 0.573554
0.781362 0.649396
0.468629 0.800000
0.718025 0.712733
0.642183 0.760388
0.858600 0.489008
-3.121342 0.489008
0.868629 0.400000
-3.131371 0.400000
0.858600 0.310992
-3.121342 0.310992
0.829017 0.226447
-3.091758 0.226447
0.781362 0.150604
-3.044103 0.150604
0.468629 0.000000
-2.731371 0.000000
-2.980767 0.087267
-2.904924 0.039612
-2.820379 0.010029
0.557638 0.010029
0.642183 0.039612
0.718025 0.087267
0.557638 0.789971
-0.468629 0.000000
-0.068629 0.000000
-0.468629 0.800000
2.331371 0.000000
2.731371 0.800000
2.731371 0.000000
-0.068629 -4.000000
0.151278 -2.000000
0.179758 -1.765448
0.263542 -1.544528
-0.468629 -4.000000
-0.468629 -4.800000
2.731371 -4.800000
2.331371 -4.000000
2.731371 -4.000000
2.111464 -2.000000
2.082984 -2.234552
1.999200 -2.455472
1.864981 -2.649922
1.688127 -2.806601
1.478917 -2.916403
1.249508 -2.972947
1.013234 -2.972947
0.783825 -2.916403
0.574615 -2.806601
0.397761 -2.649922
0.263542 -2.455472
0.179758 -2.234552
0.397761 -1.350078
0.574615 -1.193399
0.783825 -1.083597
1.013234 -1.027053
1.249508 -1.027053
1.478917 -1.083597
1.688127 -1.193399
1.864981 -1.350078
1.999200 -1.544528
2.082984 -1.765448
-2.820379 0.789971
-2.904924 0.760388
-2.731371 0.800000
-2.980767 0.712733
-3.044103 0.649396
-3.091758 0.573554
0.829017 0.573554
0.781362 0.649396
0.468629 0.800000
0.718025 0.712733
0.642183 0.760388
0.858600 0.489008
-3.121342 0.489008
0.868629 0.400000
-3.131371 0.400000
0.858600 0.310992
-3.121342 0.310992
0.829017 0.226447
-3.091758 0.226447
0.781362 0.150604
-3.044103 0.150604
0.468629 0.000000
-2.731371 0.000000
-2.980767 0.087267
-2.904924 0.039612
-2.820379 0.010029
0.557638 0.010029
0.642183 0.039612
0.718025 0.087267
0.557638 0.789971
0.468629 0.000000
0.468629 0.800000
0.068629 0.000000
-2.731371 0.800000
-2.331371 0.000000
-2.731371 0.000000
0.068629 -0.800000
-2.331371 -0.800000
0.068629 -3.200000
-2.331371 -3.200000
0.068629 -4.000000
-2.331371 -4.000000
0.468629 -4.800000
-2.731371 -4.800000
-2.731371 -4.000000
0.468629 -4.000000
2.820379 0.010029
2.904924 0.039612
2.731371 0.000000
2.980767 0.087267
3.044103 0.150604
3.091758 0.226447
-0.829017 0.226447
-0.781362 0.150604
-0.468629 0.000000
-0.718025 0.087267
-0.642183 0.039612
-0.858600 0.310992
3.121342 0.310992
-0.868629 0.400000
3.131371 0.400000
-0.858600 0.489008
3.121342 0.489008
-0.829017 0.573554
3.091758 0.573554
-0.781362 0.649396
3.044103 0.649396
-0.468629 0.800000
2.731371 0.800000
2.980767 0.712733
2.904924 0.760388
2.820379 0.789971
-0.557638 0.789971
-0.642183 0.760388
-0.718025 0.712733
-0.557638 0.010029
0.800000 0.000000
-0.000000 0.000000
0.800000 -0.089760
-0.000000 -0.089760
0.800000 -0.179520
-0.000000 -0.179520
0.800000 -0.269279
0.000000 -0.269279
0.800000 -0.359039
0.000000 -0.359039
0.800000 -0.448799
0.000000 -0.448799
0.800000 -0.538559
0.000000 -0.538559
0.800000 -0.628319
-0.000000 -0.628319
-0.800000 0.628319
-0.000000 0.628319
-0.800000 0.718078
-0.000000 0.718078
-0.800000 0.807838
-0.000000 0.807838
-0.800000 0.897598
-0.000000 0.897598
-0.800000 0.987358
-0.000000 0.987358
-0.800000 1.077117
-0.000000 1.077117
-0.800000 1.166877
-0.000000 1.166877
-0.800000 1.256637
-0.000000 1.256637
-0.000000 -1.256637
-0.800000 -1.256637
-0.000000 -1.346397
-0.800000 -1.346397
-0.000000 -1.436157
-0.800000 -1.436157
-0.000000 -1.525916
-0.800000 -1.525916
-0.000000 -1.615676
-0.800000 -1.615676
-0.000000 -1.705436
-0.800000 -1.705436
-0.000000 -1.795196
-0.800000 -1.795196
-0.000000 -1.884956
-0.800000 -1.884956
-0.000000 -0.628319
0.800000 -0.628319
0.000000 -0.538559
0.800000 -0.538559
-0.000000 -0.448799
0.800000 -0.448799
0.000000 -0.359039
0.800000 -0.359039
0.000000 -0.269279
0.800000 -0.269279
-0.000000 -0.179520
0.800000 -0.179520
-0.000000 -0.089760
0.800000 -0.089760
-0.000000 0.000000
0.800000 0.000000
-0.000000 -1.256637
-0.800000 -1.256637
-0.000000 -1.346397
-0.800000 -1.346397
-0.000000 -1.436157
-0.800000 -1.436157
-0.000000 -1.525916
-0.800000 -1.525916
-0.000000 -1.615676
-0.800000 -1.615676
-0.000000 -1.705436
-0.800000 -1.705436
-0.000000 -1.795196
-0.800000 -1.795196
-0.000000 -1.884956
-0.800000 -1.884956
-0.000000 -1.256637
0.800000 -1.256637
-0.000000 -1.166877
0.800000 -1.166877
-0.000000 -1.077117
0.800000 -1.077117
-0.000000 -0.987358
0.800000 -0.987358
-0.000000 -0.897598
0.800000 -0.897598
-0.000000 -0.807838
0.800000 -0.807838
-0.000000 -0.718078
0.800000 -0.718078
0.000000 -0.628319
0.800000 -0.628319
0.320411 0.078974
0.233026 0.057436
0.330000 0.000000
0.240000 0.000000
0.233026 -0.057436
0.212509 0.111534
0.292200 0.153359
0.179643 0.159149
0.247009 0.218830
0.136336 0.197516
0.187461 0.271585
0.085105 0.224404
0.117020 0.308555
0.028929 0.238250
0.039777 0.327594
-0.039777 0.327594
-0.028929 0.238250
-0.117020 0.308555
-0.085105 0.224404
-0.187461 0.271585
-0.136336 0.197516
-0.247009 0.218830
-0.179643 0.159149
-0.292200 0.153359
-0.212509 0.111534
-0.320411 0.078974
-0.233026 0.057436
-0.330000 0.000000
-0.240000 0.000000
-0.233026 -0.057436
-0.320411 -0.078974
-0.212509 -0.111534
-0.292200 -0.153359
-0.179643 -0.159149
-0.247009 -0.218830
-0.136336 -0.197516
-0.187461 -0.271585
-0.085105 -0.224404
-0.117020 -0.308555
-0.028929 -0.238250
-0.039777 -0.327594
0.039777 -0.327594
0.028929 -0.238250
0.117020 -0.308555
0.085105 -0.224404
0.187461 -0.271585
0.136336 -0.197516
0.247009 -0.218830
0.179643 -0.159149
0.292200 -0.153359
0.212509 -0.111534
0.320411 -0.078974
0.080000 -1.036726
0.000000 -1.036726
0.080000 -1.116474
0.000000 -1.116474
0.080000 -1.196222
0.000000 -1.196222
0.080000 -1.275970
0.000000 -1.275970
0.080000 -1.355718
0.000000 -1.355718
0.080000 -1.435466
0.000000 -1.435466
0.080000 -1.515214
0.000000 -1.515214
0.080000 -1.594962
0.000000 -1.594962
0.080000 -1.674711
0.000000 -1.674711
0.080000 -1.754459
0.000000 -1.754459
0.080000 -1.834207
0.000000 -1.834207
0.080000 -1.913955
0.000000 -1.913955
0.080000 -1.993703
0.000000 -1.993703
0.080000 -2.073451
0.000000 -2.073451
0.320411 0.078974
0.233026 0.057436
0.330000 0.000000
0.240000 0.000000
0.233026 -0.057436
0.212509 0.111534
0.292200 0.153359
0.179643 0.159149
0.247009 0.218830
0.136336 0.197516
0.187461 0.271585
0.085105 0.224404
0.117020 0.308555
0.028929 0.238250
0.039777 0.327594
-0.039777 0.327594
-0.028929 0.238250
-0.117020 0.308555
-0.085105 0.224404
-0.187461 0.271585
-0.136336 0.197516
-0.247009 0.218830
-0.179643 0.159149
-0.292200 0.153359
-0.212509 0.111534
-0.320411 0.078974
-0.233026 0.057436
-0.330000 0.000000
-0.240000 0.000000
-0.233026 -0.057436
-0.320411 -0.078974
-0.212509 -0.111534
-0.292200 -0.153359
-0.179643 -0.159149
-0.247009 -0.218830
-0.136336 -0.197516
-0.187461 -0.271585
-0.085105 -0.224404
-0.117020 -0.308555
-0.028929 -0.238250
-0.039777 -0.327594
0.039777 -0.327594
0.028929 -0.238250
0.117020 -0.308555
0.085105 -0.224404
0.187461 -0.271585
0.136336 -0.197516
0.247009 -0.218830
0.179643 -0.159149
0.292200 -0.153359
0.212509 -0.111534
0.320411 -0.078974
0.080000 -1.036726
0.000000 -1.036726
0.080000 -1.116474
0.000000 -1.116474
0.080000 -1.196222
0.000000 -1.196222
0.080000 -1.275970
0.000000 -1.275970
0.080000 -1.355718
0.000000 -1.355718
0.080000 -1.435466
0.000000 -1.435466
0.080000 -1.515214
0.000000 -1.515214
0.080000 -1.594962
0.000000 -1.594962
0.080000 -1.674711
0.000000 -1.674711
0.080000 -1.754459
0.000000 -1.754459
0.080000 -1.834207
0.000000 -1.834207
0.080000 -1.913955
0.000000 -1.913955
0.080000 -1.993703
0.000000 -1.993703
0.080000 -2.073451
0.000000 -2.073451
0.320411 0.078974
0.233026 0.057436
0.330000 0.000000
0.240000 0.000000
0.233026 -0.057436
0.212509 0.111534
0.292200 0.153359
0.179643 0.159149
0.247009 0.218830
0.136336 0.197516
0.187461 0.271585
0.085105 0.224404
0.117020 0.308555
0.028929 0.238250
0.039777 0.327594
-0.039777 0.327594
-0.028929 0.238250
-0.117020 0.308555
-0.085105 0.224404
-0.187461 0.271585
-0.136336 0.197516
-0.247009 0.218830
-0.179643 0.159149
-0.292200 0.153359
-0.212509 0.111534
-0.320411 0.078974
-0.233026 0.057436
-0.330000 0.000000
-0.240000 0.000000
-0.233026 -0.057436
-0.320411 -0.078974
-0.212509 -0.111534
-0.292200 -0.153359
-0.179643 -0.159149
-0.247009 -0.218830
-0.136336 -0.197516
-0.187461 -0.271585
-0.085105 -0.224404
-0.117020 -0.308555
-0.028929 -0.238250
-0.039777 -0.327594
0.039777 -0.327594
0.028929 -0.238250
0.117020 -0.308555
0.085105 -0.224404
0.187461 -0.271585
0.136336 -0.197516
0.247009 -0.218830
0.179643 -0.159149
0.292200 -0.153359
0.212509 -0.111534
0.320411 -0.078974
0.080000 -1.036726
0.000000 -1.036726
0.080000 -1.116474
0.000000 -1.116474
0.080000 -1.196222
0.000000 -1.196222
0.080000 -1.275970
0.000000 -1.275970
0.080000 -1.355718
0.000000 -1.355718
0.080000 -1.435466
0.000000 -1.435466
0.080000 -1.515214
0.000000 -1.515214
0.080000 -1.594962
0.000000 -1.594962
0.080000 -1.674711
0.000000 -1.674711
0.080000 -1.754459
0.000000 -1.754459
0.080000 -1.834207
0.000000 -1.834207
0.080000 -1.913955
0.000000 -1.913955
0.080000 -1.993703
0.000000 -1.993703
0.080000 -2.073451
0.000000 -2.073451
1.817668 -1.130345
1.017668 -1.130345
1.817668 -1.217295
1.017668 -1.217295
1.817668 -1.304245
1.017668 -1.304245
1.817668 -1.391194
1.017668 -1.391194
1.817668 -1.478144
1.017668 -1.478144
1.817668 -1.565093
1.017668 -1.565093
1.817668 -1.652043
1.017668 -1.652043
1.817668 -1.738993
1.017668 -1.738993
1.817668 -1.825942
1.017668 -1.825942
1.817668 -1.912892
1.017668 -1.912892
1.817668 -1.999842
1.017668 -1.999842
1.817668 -2.086791
1.017668 -2.086791
1.817668 -2.173741
1.017668 -2.173741
1.817668 -2.260690
1.017668 -2.260690
-2.400000 2.929822
-2.212509 3.041356
-2.400000 3.329822
-2.179643 3.088972
-2.136336 3.127338
-2.389971 2.840814
-2.233026 2.872386
-2.240000 2.929822
-2.233026 2.987258
-2.212509 2.818289
-2.360388 2.756269
-2.179643 2.770673
-2.312733 2.680426
-2.136336 2.732306
-2.249396 2.617090
-2.085105 2.705418
-2.173553 2.569435
-2.028929 2.691572
-2.089008 2.539851
-2.000000 2.529822
-1.200000 2.529822
-1.863665 2.732306
-1.914895 2.705418
-1.971071 2.691572
-1.200000 3.329822
-1.760000 2.929822
-1.766974 2.872386
-1.787491 2.818289
-1.971071 3.168072
-1.914895 3.154226
-1.863665 3.127338
-1.820357 2.770673
-2.085105 3.154226
-2.028929 3.168072
-1.820357 3.088972
-1.787491 3.041356
-1.766974 2.987258
-3.329822 0.000000
-2.929822 0.000000
-3.329822 0.800000
-2.929822 0.800000
-0.800000 -1.256637
-0.000000 -1.256637
-0.800000 -1.166877
-0.000000 -1.166877
-0.800000 -1.077117
-0.000000 -1.077117
-0.800000 -0.987358
-0.000000 -0.987358
-0.800000 -0.897598
-0.000000 -0.897598
-0.800000 -0.807838
-0.000000 -0.807838
-0.800000 -0.718078
-0.000000 -0.718078
-0.800000 -0.628319
-0.000000 -0.628319
0.320411 0.078974
0.233026 0.057436
0.330000 0.000000
0.240000 0.000000
0.233026 -0.057436
0.212509 0.111534
0.292200 0.153359
0.179643 0.159149
0.247009 0.218830
0.136336 0.197516
0.187461 0.271585
0.085105 0.224404
0.117020 0.308555
0.028929 0.238250
0.039777 0.327594
-0.039777 0.327594
-0.028929 0.238250
-0.117020 0.308555
-0.085105 0.224404
-0.187461 0.271585
-0.136336 0.197516
-0.247009 0.218830
-0.179643 0.159149
-0.292200 0.153359
-0.212509 0.111534
-0.320411 0.078974
-0.233026 0.057436
-0.330000 0.000000
-0.240000 0.000000
-0.233026 -0.057436
-0.320411 -0.078974
-0.212509 -0.111534
-0.292200 -0.153359
-0.179643 -0.159149
-0.247009 -0.218830
-0.136336 -0.197516
-0.187461 -0.271585
-0.085105 -0.224404
-0.117020 -0.308555
-0.028929 -0.238250
-0.039777 -0.327594
0.039777 -0.327594
0.028929 -0.238250
0.117020 -0.308555
0.085105 -0.224404
0.187461 -0.271585
0.136336 -0.197516
0.247009 -0.218830
0.179643 -0.159149
0.292200 -0.153359
0.212509 -0.111534
0.320411 -0.078974
0.080000 -1.036726
-0.000000 -1.036726
0.080000 -1.116474
-0.000000 -1.116474
0.080000 -1.196222
-0.000000 -1.196222
0.080000 -1.275970
-0.000000 -1.275970
0.080000 -1.355718
0.000000 -1.355718
0.080000 -1.435466
0.000000 -1.435466
0.080000 -1.515214
-0.000000 -1.515214
0.080000 -1.594962
0.000000 -1.594962
0.080000 -1.674711
0.000000 -1.674711
0.080000 -1.754459
0.000000 -1.754459
0.080000 -1.834207
0.000000 -1.834207
0.080000 -1.913955
0.000000 -1.913955
0.080000 -1.993703
0.000000 -1.993703
0.080000 -2.073451
0.000000 -2.073451
0.320411 0.078974
0.233026 0.057436
0.330000 0.000000
0.240000 0.000000
0.233026 -0.057436
0.212509 0.111534
0.292200 0.153359
0.179643 0.159149
0.247009 0.218830
0.136336 0.197516
0.187461 0.271585
0.085105 0.224404
0.117020 0.308555
0.028929 0.238250
0.039777 0.327594
-0.039777 0.327594
-0.028929 0.238250
-0.117020 0.308555
-0.085105 0.224404
-0.187461 0.271585
-0.136336 0.197516
-0.247009 0.218830
-0.179643 0.159149
-0.292200 0.153359
-0.212509 0.111534
-0.320411 0.078974
-0.233026 0.057436
-0.330000 0.000000
-0.240000 0.000000
-0.233026 -0.057436
-0.320411 -0.078974
-0.212509 -0.111534
-0.292200 -0.153359
-0.179643 -0.159149
-0.247009 -0.218830
-0.136336 -0.197516
-0.187461 -0.271585
-0.085105 -0.224404
-0.117020 -0.308555
-0.028929 -0.238250
-0.039777 -0.327594
0.039777 -0.327594
0.028929 -0.238250
0.117020 -0.308555
0.085105 -0.224404
0.187461 -0.271585
0.136336 -0.197516
0.247009 -0.218830
0.179643 -0.159149
0.292200 -0.153359
0.212509 -0.111534
0.320411 -0.078974
0.080000 -1.036726
0.000000 -1.036726
0.080000 -1.116474
0.000000 -1.116474
0.080000 -1.196222
-0.000000 -1.196222
0.080000 -1.275970
0.000000 -1.275970
0.080000 -1.355718
0.000000 -1.355718
0.080000 -1.435466
0.000000 -1.435466
0.080000 -1.515214
-0.000000 -1.515214
0.080000 -1.594962
0.000000 -1.594962
0.080000 -1.674711
0.000000 -1.674711
0.080000 -1.754459
0.000000 -1.754459
0.080000 -1.834207
0.000000 -1.834207
0.080000 -1.913955
0.000000 -1.913955
0.080000 -1.993703
0.000000 -1.993703
0.080000 -2.073451
0.000000 -2.073451
0.166974 2.872386
0.633026 2.872386
0.160000 2.929822
0.640000 2.929822
0.166974 2.987258
0.633026 2.987258
0.187491 3.041356
0.612509 3.041356
0.220357 3.088972
0.579643 3.088972
0.263664 3.127338
0.536336 3.127338
0.314895 3.154226
0.485105 3.154226
0.371071 3.168072
0.428929 3.168072
0.612509 2.818289
0.187491 2.818289
0.579643 2.770673
0.220357 2.770673
0.536336 2.732306
0.263664 2.732306
0.485105 2.705418
0.314895 2.705418
0.428929 2.691572
0.371071 2.691572
1.398823 -0.753982
0.678823 -0.753982
1.398823 -0.811981
0.678823 -0.811981
1.398823 -0.869980
0.678823 -0.869980
1.398823 -0.927978
0.678823 -0.927978
1.398823 -0.985977
0.678823 -0.985977
1.398823 -1.043975
0.678823 -1.043975
1.398823 -1.101974
0.678823 -1.101974
1.398823 -1.159973
0.678823 -1.159973
1.398823 -1.217971
0.678823 -1.217971
1.398823 -1.275970
0.678823 -1.275970
1.398823 -1.333969
0.678823 -1.333969
1.398823 -1.391967
0.678823 -1.391967
1.398823 -1.449966
0.678823 -1.449966
1.398823 -1.507964
0.678823 -1.507964
-0.089008 0.389971
-0.249396 -0.312733
0.000000 0.400000
-0.173553 -0.360388
-0.089008 -0.389971
-0.173553 0.360388
-0.249396 0.312733
-0.312733 0.249396
-0.360388 0.173553
-0.389971 0.089008
-0.400000 0.000000
-0.389971 -0.089008
-0.360388 -0.173553
-0.312733 -0.249396
0.000000 -0.400000
0.400000 -0.400000
0.400000 0.400000
-1.131371 0.000000
-1.531371 0.000000
-1.131371 -0.800000
-1.531371 -0.800000
1.531371 0.000000
1.442362 0.010029
1.131371 0.000000
1.357817 0.039612
1.281975 0.087267
1.218638 0.150604
1.170983 0.226447
1.141400 0.310992
1.131371 0.400000
-1.268629 0.400000
-1.268629 0.000000
-1.278658 0.310992
-1.308242 0.226447
1.131371 0.800000
-1.268629 0.800000
-1.355897 0.150604
-1.419233 0.087267
-1.495076 0.039612
-1.579621 0.010029
-1.668629 0.000000
-1.268629 -6.400000
1.131371 -6.400000
1.531371 0.000000
1.131371 0.000000
1.531371 -0.800000
1.131371 -0.800000
-1.268629 0.000000
-1.268629 -0.800000
-1.668629 0.000000
-1.668629 -0.800000
1.131371 1.600000
-1.268629 1.600000
-0.400000 -0.800000
-0.282980 -0.891445
0.000000 -0.800000
-0.212539 -0.928415
-0.152991 -0.981170
-0.489008 -0.789971
-0.439777 -0.872406
-0.360223 -0.872406
-0.517020 -0.891445
-0.573554 -0.760388
-0.587461 -0.928415
-0.649396 -0.712733
-0.647009 -0.981170
-0.692200 -1.046641
-0.712733 -0.649396
-0.720411 -1.121026
-0.760388 -0.573554
-0.730000 -1.200000
-0.789971 -0.489008
-0.730000 -2.800000
-0.800000 -0.400000
-0.800000 -4.400000
-0.789971 -4.310992
-0.720411 -2.878974
-0.760388 -4.226447
-0.712733 -4.150604
-0.649396 -4.087267
-0.647009 -3.018831
-0.692200 -2.953359
-0.587461 -3.071585
-0.573554 -4.039612
-0.517020 -3.108555
-0.489008 -4.010029
-0.439777 -3.127594
-0.400000 -4.000000
-0.360223 -3.127594
-0.282980 -3.108555
-0.212539 -3.071585
-0.000000 -4.000000
-0.152991 -3.018831
-0.107800 -2.953359
-0.079589 -2.878974
-0.070000 -2.800000
-0.070000 -1.200000
-0.079589 -1.121026
-0.107800 -1.046641
-0.079589 -1.278974
-0.079589 -2.721026
-0.107800 -1.353359
-0.107800 -2.646641
-0.152991 -1.418831
-0.152991 -2.581170
-0.212539 -1.471585
-0.212539 -2.528415
-0.282980 -1.508555
-0.282980 -2.491445
-0.360223 -1.527594
-0.360223 -2.472406
-0.439777 -1.527594
-0.439777 -2.472406
-0.517020 -2.491445
-0.517020 -1.508555
-0.587461 -2.528415
-0.587461 -1.471585
-0.647009 -2.581170
-0.647009 -1.418831
-0.692200 -2.646641
-0.692200 -1.353359
-0.720411 -2.721026
-0.720411 -1.278974
1.398823 -0.753982
0.678823 -0.753982
1.398823 -0.811981
0.678823 -0.811981
1.398823 -0.869980
0.678823 -0.869980
1.398823 -0.927978
0.678823 -0.927978
1.398823 -0.985977
0.678823 -0.985977
1.398823 -1.043975
0.678823 -1.043975
1.398823 -1.101974
0.678823 -1.101974
1.398823 -1.159973
0.678823 -1.159973
1.398823 -1.217971
0.678823 -1.217971
1.398823 -1.275970
0.678823 -1.275970
1.398823 -1.333969
0.678823 -1.333969
1.398823 -1.391967
0.678823 -1.391967
1.398823 -1.449966
0.678823 -1.449966
1.398823 -1.507964
0.678823 -1.507964
2.000000 0.000000
8.000000 0.000000
2.000000 0.800000
8.000000 0.800000
4.800000 0.000000
-0.000000 0.000000
4.800000 -0.800000
0.000000 -2.400000
5.639613 -1.373554
5.687267 -1.449396
5.750604 -1.512733
5.826447 -1.560387
5.910992 -1.589971
7.200000 -2.400000
6.000000 -1.600000
7.200000 -1.600000
5.610029 -1.289008
5.600000 -1.200000
5.610029 -1.110992
5.639613 -1.026446
5.687267 -0.950604
5.750604 -0.887267
5.826447 -0.839612
5.910992 -0.810029
6.000000 -0.800000
1.398823 -0.753982
0.678823 -0.753982
1.398823 -0.811981
0.678823 -0.811981
1.398823 -0.869980
0.678823 -0.869980
1.398823 -0.927978
0.678823 -0.927978
1.398823 -0.985977
0.678823 -0.985977
1.398823 -1.043975
0.678823 -1.043975
1.398823 -1.101974
0.678823 -1.101974
1.398823 -1.159973
0.678823 -1.159973
1.398823 -1.217971
0.678823 -1.217971
1.398823 -1.275970
0.678823 -1.275970
1.398823 -1.333969
0.678823 -1.333969
1.398823 -1.391967
0.678823 -1.391967
1.398823 -1.449966
0.678823 -1.449966
1.398823 -1.507964
0.678823 -1.507964
1.398823 -0.753982
0.678823 -0.753982
1.398823 -0.811981
0.678823 -0.811981
1.398823 -0.869980
0.678823 -0.869980
1.398823 -0.927978
0.678823 -0.927978
1.398823 -0.985977
0.678823 -0.985977
1.398823 -1.043975
0.678823 -1.043975
1.398823 -1.101974
0.678823 -1.101974
1.398823 -1.159973
0.678823 -1.159973
1.398823 -1.217971
0.678823 -1.217971
1.398823 -1.275970
0.678823 -1.275970
1.398823 -1.333969
0.678823 -1.333969
1.398823 -1.391967
0.678823 -1.391967
1.398823 -1.449966
0.678823 -1.449966
1.398823 -1.507964
0.678823 -1.507964
1.398823 -0.753982
0.678823 -0.753982
1.398823 -0.811981
0.678823 -0.811981
1.398823 -0.869980
0.678823 -0.869980
1.398823 -0.927978
0.678823 -0.927978
1.398823 -0.985977
0.678823 -0.985977
1.398823 -1.043975
0.678823 -1.043975
1.398823 -1.101974
0.678823 -1.101974
1.398823 -1.159973
0.678823 -1.159973
1.398823 -1.217971
0.678823 -1.217971
1.398823 -1.275970
0.678823 -1.275970
1.398823 -1.333969
0.678823 -1.333969
1.398823 -1.391967
0.678823 -1.391967
1.398823 -1.449966
0.678823 -1.449966
1.398823 -1.507964
0.678823 -1.507964
0.800000 0.400000
0.800000 -0.400000
1.600000 0.400000
1.600000 -1.600000
0.800000 -1.600000
0.760388 -0.226447
0.712733 -0.150604
0.789971 -0.310992
0.649396 -0.087267
0.573554 -0.039612
0.489008 -0.010029
0.800000 -2.400000
0.400000 0.000000
0.310992 -0.010029
0.226447 -0.039612
-0.000000 -0.400000
-0.000000 -8.000000
0.150604 -0.087267
0.087267 -0.150604
0.039612 -0.226447
0.010029 -0.310992
0.400000 -8.000000
0.800000 -6.400000
0.489008 -8.010029
0.573554 -8.039613
0.800000 -7.200000
0.649396 -8.087268
0.712733 -8.150604
0.760388 -8.226446
0.789971 -8.310991
0.800000 -8.400000
-0.000000 -8.000000
-0.282980 -7.908556
-0.400000 -8.000000
-0.360223 -7.927594
-0.439777 -7.927594
-0.000000 -4.800000
-0.070000 -6.000000
-0.070000 -7.600000
-0.079589 -7.678974
-0.400000 -4.800000
-0.212539 -5.728415
-0.152991 -5.781169
-0.107800 -5.846642
-0.489008 -4.789971
-0.439777 -5.672406
-0.360223 -5.672406
-0.282980 -5.691445
-0.517020 -5.691445
-0.573554 -4.760387
-0.587461 -5.728415
-0.649396 -4.712733
-0.647009 -5.781169
-0.712733 -4.649396
-0.692200 -5.846642
-0.720411 -5.921026
-0.760388 -4.573554
-0.789971 -4.489008
-0.730000 -6.000000
-0.800000 -4.400000
-0.800000 -8.400000
-0.789971 -8.310991
-0.730000 -7.600000
-0.720411 -6.078974
-0.720411 -7.521026
-0.692200 -6.153358
-0.692200 -7.446641
-0.647009 -6.218831
-0.647009 -7.381169
-0.587461 -6.271585
-0.587461 -7.328415
-0.517020 -6.308555
-0.517020 -7.291445
-0.439777 -6.327594
-0.439777 -7.272406
-0.360223 -7.272406
-0.760388 -8.226446
-0.720411 -7.678974
-0.712733 -8.150604
-0.692200 -7.753359
-0.649396 -8.087268
-0.647009 -7.818830
-0.587461 -7.871585
-0.573554 -8.039613
-0.517020 -7.908556
-0.489008 -8.010029
-0.079589 -7.521026
-0.079589 -6.078974
-0.107800 -6.153358
-0.107800 -7.446641
-0.152991 -6.218831
-0.152991 -7.381169
-0.212539 -6.271585
-0.212539 -7.328415
-0.282980 -6.308555
-0.282980 -7.291445
-0.360223 -6.327594
-0.079589 -5.921026
-0.107800 -7.753359
-0.152991 -7.818830
-0.212539 -7.871585
5.194169 -8.068053
5.197405 -8.045492
5.200000 -6.800000
5.199351 -8.022783
5.200000 -8.000000
0.400000 -8.400000
4.400000 -8.400000
0.400000 -7.600000
4.400000 -7.600000
0.400000 -6.000000
0.400000 -2.800000
-0.400000 -6.000000
-0.400000 -0.000000
2.050655 -1.513894
0.000000 0.400000
2.081413 -1.432793
2.130686 -1.361408
4.400000 -2.800000
2.356631 -1.957177
2.272413 -1.936419
2.195610 -1.896110
4.400000 -6.000000
5.200000 -6.000000
5.200000 -0.000000
2.749345 -1.513894
4.800000 0.400000
2.718587 -1.432793
2.669314 -1.361408
2.604390 -1.303890
2.527587 -1.263581
2.443369 -1.242823
2.356631 -1.242823
2.272413 -1.263581
2.195610 -1.303890
5.189971 0.089008
5.160388 0.173553
5.112732 0.249396
5.049396 0.312733
4.973554 0.360388
4.889009 0.389971
-0.089008 0.389971
-0.173553 0.360388
-0.249396 0.312733
-0.312733 0.249396
-0.360388 0.173553
-0.389971 0.089008
2.759800 -1.600000
2.749345 -1.686106
2.718587 -1.767207
2.669314 -1.838592
2.604390 -1.896110
2.527587 -1.936419
2.443369 -1.957177
2.130686 -1.838592
2.081413 -1.767207
2.050655 -1.686106
2.040200 -1.600000
0.400000 -6.000000
0.839777 -6.072406
2.400000 -6.000000
0.917020 -6.091444
0.987461 -6.128415
0.400000 -0.000000
-0.400000 -2.800000
-0.400000 -7.600000
0.470000 -6.400000
0.479589 -6.478974
0.507800 -6.553359
0.552991 -6.618831
0.612539 -6.671585
0.682980 -6.708555
0.400000 -8.000000
0.760223 -6.727594
0.839777 -6.727594
0.917020 -6.708555
2.282980 -6.708555
0.987461 -6.671585
2.212539 -6.671585
1.047009 -6.618831
2.152992 -6.618831
1.092201 -6.553359
2.107800 -6.553359
1.120411 -6.478974
2.079589 -6.478974
1.130000 -6.400000
2.070000 -6.400000
1.120411 -6.321026
2.079589 -6.321026
1.092201 -6.246641
2.107800 -6.246641
1.047009 -6.181170
2.152992 -6.181170
2.212539 -6.128415
2.282980 -6.091444
2.360223 -6.072406
0.389971 0.089008
-0.000000 0.400000
-2.195610 -1.303890
-2.130686 -1.361408
0.360388 0.173553
0.312733 0.249396
0.249396 0.312733
0.173553 0.360388
0.089008 0.389971
-4.800000 0.400000
-2.356631 -1.242823
-2.272413 -1.263581
-4.889009 0.389971
-4.973554 0.360388
-5.049396 0.312733
-5.112732 0.249396
-5.160388 0.173553
-5.189971 0.089008
-5.200000 -0.000000
-5.200000 -8.000000
-4.400000 -2.800000
-2.749345 -1.513894
-2.718587 -1.432793
-5.189971 -8.089008
-4.800000 -8.400000
-4.400000 -7.600000
-5.160388 -8.173553
-5.112732 -8.249396
-5.049396 -8.312733
-4.973554 -8.360388
-4.889009 -8.389971
-0.000000 -8.400000
0.089008 -8.389971
0.173553 -8.360388
0.249396 -8.312733
0.312733 -8.249396
0.360388 -8.173553
0.389971 -8.089008
0.400000 -9.200000
2.800000 -6.800000
2.360223 -6.727594
7.600000 -9.200000
7.600000 -6.800000
2.800000 -6.400000
2.720411 -6.478974
2.692200 -6.553359
2.647009 -6.618831
2.789971 -6.310992
2.720411 -6.321026
2.730000 -6.400000
2.760388 -6.226447
2.692200 -6.246641
2.712733 -6.150604
2.647009 -6.181170
2.649396 -6.087267
2.587461 -6.128415
2.573554 -6.039612
2.517020 -6.091444
2.489008 -6.010029
2.439777 -6.072406
-2.749345 -1.686106
-2.759800 -1.600000
-2.669314 -1.361408
-2.604390 -1.303890
-2.527587 -1.263581
-2.443369 -1.242823
-2.081413 -1.432793
-2.050655 -1.513894
-2.040200 -1.600000
-2.050655 -1.686106
-2.081413 -1.767207
-2.130686 -1.838592
-2.195610 -1.896110
-2.272413 -1.936419
-2.356631 -1.957177
-2.443369 -1.957177
-2.527587 -1.936419
-2.604390 -1.896110
-2.669314 -1.838592
-2.718587 -1.767207
2.587461 -6.671585
2.517020 -6.708555
2.439777 -6.727594
0.479589 -6.321026
0.507800 -6.246641
0.552991 -6.181170
0.612539 -6.128415
0.682980 -6.091444
0.760223 -6.072406
-0.000000 0.628319
-0.800000 0.628319
-0.000000 0.538559
-0.800000 0.538559
-0.000000 0.448799
-0.800000 0.448799
-0.000000 0.359039
-0.800000 0.359039
-0.000000 0.269279
-0.800000 0.269279
-0.000000 0.179520
-0.800000 0.179520
-0.000000 0.089760
-0.800000 0.089760
-0.000000 -0.000000
-0.800000 -0.000000
0.800000 0.000000
-0.000000 0.000000
0.800000 -4.800000
-0.000000 -4.800000
-0.000000 -1.256637
-0.800000 -1.256637
-0.000000 -1.346397
-0.800000 -1.346397
-0.000000 -1.436157
-0.800000 -1.436157
-0.000000 -1.525916
-0.800000 -1.525916
-0.000000 -1.615676
-0.800000 -1.615676
-0.000000 -1.705436
-0.800000 -1.705436
-0.000000 -1.795196
-0.800000 -1.795196
-0.000000 -1.884956
-0.800000 -1.884956
-8.000000 0.800000
-2.000000 0.000000
-0.000000 0.800000
-1.200000 0.000000
-0.000000 0.000000
-8.000000 0.000000
-0.800000 -0.628319
-0.800000 -0.718078
-0.000000 -0.628319
-0.000000 -0.721641
-0.800000 -0.807838
-0.000000 -0.814963
-0.800000 -0.897598
-0.000000 -0.908285
-0.800000 -0.987358
-0.000000 -1.001607
-0.800000 -1.077117
-0.000000 -1.094929
-0.800000 -1.166877
-0.000000 -1.188251
-0.000000 -1.211046
-0.800000 -1.256637
-0.000000 -1.233842
-0.000000 -1.256637
-0.800000 -4.800000
-0.730000 -2.400000
-0.800000 0.000000
-0.730000 -0.800000
-0.720411 -0.721026
-0.000000 -4.800000
-0.439777 -4.327594
-0.517020 -4.308555
-0.587461 -4.271585
-0.000000 -4.400000
-0.107800 -4.153358
-0.152991 -4.218831
-0.212539 -4.271585
-0.000000 -0.400000
-0.070000 -2.400000
-0.070000 -4.000000
-0.079589 -4.078974
-0.000000 0.000000
-0.107800 -0.646641
-0.079589 -0.721026
-0.070000 -0.800000
-0.439777 -0.472406
-0.360223 -0.472406
-0.282980 -0.491445
-0.079589 -0.878974
-0.079589 -2.321026
-0.107800 -0.953359
-0.107800 -2.246641
-0.152991 -1.018830
-0.152991 -2.181170
-0.212539 -1.071585
-0.212539 -2.128415
-0.282980 -1.108555
-0.282980 -2.091445
-0.360223 -1.127594
-0.360223 -2.072406
-0.439777 -1.127594
-0.439777 -2.072406
-0.517020 -2.091445
-0.517020 -1.108555
-0.587461 -2.128415
-0.587461 -1.071585
-0.647009 -2.181170
-0.647009 -1.018830
-0.692200 -2.246641
-0.692200 -0.953359
-0.720411 -2.321026
-0.720411 -0.878974
-0.692200 -0.646641
-0.647009 -0.581170
-0.587461 -0.528415
-0.517020 -0.491445
-0.212539 -0.528415
-0.152991 -0.581170
-0.079589 -3.921026
-0.079589 -2.478974
-0.107800 -2.553359
-0.107800 -3.846641
-0.152991 -2.618830
-0.152991 -3.781169
-0.212539 -2.671585
-0.212539 -3.728415
-0.282980 -2.708555
-0.282980 -3.691445
-0.360223 -2.727594
-0.360223 -3.672406
-0.439777 -2.727594
-0.439777 -3.672406
-0.517020 -3.691445
-0.517020 -2.708555
-0.587461 -3.728415
-0.587461 -2.671585
-0.647009 -3.781169
-0.647009 -2.618830
-0.692200 -3.846641
-0.692200 -2.553359
-0.720411 -3.921026
-0.720411 -2.478974
-0.730000 -4.000000
-0.282980 -4.308555
-0.360223 -4.327594
-0.647009 -4.218831
-0.692200 -4.153358
-0.720411 -4.078974
-0.000000 0.000000
-0.800000 0.000000
-0.000000 -0.089760
-0.800000 -0.089760
-0.000000 -0.179520
-0.800000 -0.179520
-0.000000 -0.269279
-0.800000 -0.269279
-0.000000 -0.359039
-0.800000 -0.359039
-0.000000 -0.448799
-0.800000 -0.448799
-0.000000 -0.538559
-0.800000 -0.538559
-0.000000 -0.628319
-0.800000 -0.628319
-4.800000 0.800000
-1.600000 0.000000
0.000000 0.800000
-0.800000 0.000000
0.000000 0.000000
-0.800000 -0.800000
1.600000 -0.800000
-4.800000 0.000000
1.600000 0.000000
0.800000 0.000000
-0.800000 -4.000000
0.000000 -4.000000
-0.800000 0.000000
0.000000 0.000000
4.800000 0.000000
4.800000 0.800000
1.600000 0.000000
0.000000 0.800000
0.800000 0.000000
0.000000 0.000000
0.800000 -0.800000
-0.800000 0.000000
-1.600000 -0.800000
-1.600000 0.000000
0.800000 0.000000
0.640000 -2.000000
0.800000 -4.000000
0.633026 -2.057436
0.633026 -3.542564
0.612509 -2.111534
0.612509 -3.488467
0.579643 -2.159149
0.579643 -3.440850
0.536336 -2.197516
0.536336 -3.402484
0.485105 -2.224404
0.485105 -3.375596
0.428929 -2.238250
0.428929 -3.361750
0.371071 -2.238250
0.371071 -3.361750
0.314895 -3.375596
0.314895 -2.224404
0.263664 -3.402484
0.263664 -2.197516
0.220357 -3.440850
0.220357 -2.159149
0.187491 -3.488467
0.187491 -2.111534
0.166974 -3.542564
0.166974 -2.057436
0.000000 -4.000000
0.160000 -2.000000
0.000000 0.000000
0.166974 -1.942564
0.166974 -0.457436
0.187491 -0.511534
0.187491 -1.888466
0.220357 -0.559149
0.220357 -1.840851
0.263664 -0.597516
0.263664 -1.802484
0.314895 -0.624404
0.314895 -1.775596
0.371071 -0.638250
0.371071 -1.761750
0.428929 -1.761750
0.428929 -0.161750
0.485105 -0.175596
0.536336 -0.202484
0.371071 -3.838250
0.314895 -3.824404
0.263664 -3.797516
0.633026 -0.342564
0.640000 -0.400000
0.633026 -0.457436
0.633026 -1.942564
0.612509 -0.511534
0.612509 -1.888466
0.579643 -0.559149
0.579643 -1.840851
0.536336 -0.597516
0.536336 -1.802484
0.485105 -0.624404
0.485105 -1.775596
0.428929 -0.638250
0.160000 -0.400000
0.166974 -0.342564
0.187491 -0.288466
0.220357 -0.240851
0.263664 -0.202484
0.314895 -0.175596
0.371071 -0.161750
0.579643 -0.240851
0.612509 -0.288466
0.640000 -3.600000
0.633026 -3.657436
0.612509 -3.711534
0.579643 -3.759150
0.536336 -3.797516
0.485105 -3.824404
0.428929 -3.838250
0.220357 -3.759150
0.187491 -3.711534
0.166974 -3.657436
0.160000 -3.600000
-4.000000 -3.722581
-2.800000 -3.722581
-4.000000 -2.922581
-2.800000 -2.922581
-0.000000 -6.922581
-2.000000 -6.122581
-4.000000 -6.922581
-2.788963 -6.122581
-4.000000 -6.122581
2.000000 -6.122581
4.000000 -6.922581
2.800000 -6.122581
4.000000 -6.122581
2.800000 -4.922581
2.789971 -5.011589
2.760388 -5.096134
2.712733 -5.171977
2.649396 -5.235313
2.573554 -5.282968
2.489008 -5.312552
2.400000 -5.322581
2.000000 -5.322581
-2.000000 -5.322581
-2.400000 -5.322581
-2.492478 -5.311744
-2.579945 -5.279820
-2.657661 -5.228539
-2.721416 -5.160680
-2.767756 -5.079920
-2.794168 -4.990634
2.000000 -2.922581
-2.000000 -2.922581
2.000000 -3.722581
-2.000000 -3.722581
-0.489008 -1.589971
-0.400000 -1.600000
-0.000000 -0.800000
-0.310992 -1.589971
-0.226447 -1.560387
-0.150604 -1.512733
-0.000000 -1.200000
-0.087267 -1.449396
-0.039612 -1.373554
-0.010029 -1.289008
-0.000000 0.000000
-0.800000 0.000000
-0.800000 -1.200000
-0.573554 -1.560387
-0.649396 -1.512733
-0.712733 -1.449396
-0.760388 -1.373554
-0.789971 -1.289008
-2.400025 0.800000
-2.400025 0.000000
-1.131959 0.800000
-0.000000 0.000000
-0.000000 0.800000
0.489008 0.010029
0.428929 0.961750
0.400000 0.000000
0.371071 0.961750
0.310992 0.010029
0.314895 0.975596
0.226447 0.039612
0.150604 0.087267
0.263664 1.002484
0.087267 0.150604
-0.000000 0.400000
0.039612 0.226447
0.010029 0.310992
0.485105 0.975596
0.573554 0.039612
0.649396 0.087267
0.536336 1.002484
0.712733 0.150604
0.800000 0.400000
0.760388 0.226447
0.789971 0.310992
0.800000 1.611037
0.640000 1.200000
0.633026 1.142564
0.612509 1.088466
-0.000000 1.611037
0.428929 1.438250
0.485105 1.424404
0.536336 1.397516
-0.000000 0.800000
0.160000 1.200000
0.166974 1.257436
0.187491 1.311534
0.220357 1.040851
0.187491 1.088466
0.220357 1.359149
0.263664 1.397516
0.314895 1.424404
0.371071 1.438250
0.579643 1.359149
0.612509 1.311534
0.633026 1.257436
0.579643 1.040851
0.166974 1.142564
-0.800000 -4.000000
0.000000 -4.000000
-0.800000 0.000000
0.000000 0.000000
0.800000 0.000000
0.633026 -0.457436
0.800000 -4.000000
0.633026 -3.542564
0.640000 -3.600000
0.000000 0.000000
0.428929 -0.161750
0.485105 -0.175596
0.536336 -0.202484
0.000000 -4.000000
0.166974 -0.457436
0.160000 -0.400000
0.166974 -0.342564
0.371071 -3.838250
0.314895 -3.824404
0.263664 -3.797516
0.166974 -3.657436
0.160000 -3.600000
0.166974 -3.542564
0.187491 -0.511534
0.187491 -3.488467
0.220357 -0.559149
0.220357 -3.440850
0.263664 -0.597516
0.263664 -3.402484
0.314895 -0.624404
0.314895 -3.375596
0.371071 -0.638250
0.371071 -3.361750
0.428929 -3.361750
0.428929 -0.638250
0.485105 -3.375596
0.485105 -0.624404
0.536336 -3.402484
0.536336 -0.597516
0.579643 -3.440850
0.579643 -0.559149
0.612509 -3.488467
0.612509 -0.511534
0.633026 -3.657436
0.612509 -3.711534
0.579643 -3.759150
0.536336 -3.797516
0.485105 -3.824404
0.428929 -3.838250
0.220357 -3.759150
0.187491 -3.711534
0.187491 -0.288466
0.220357 -0.240851
0.263664 -0.202484
0.314895 -0.175596
0.371071 -0.161750
0.579643 -0.240851
0.612509 -0.288466
0.633026 -0.342564
0.640000 -0.400000
0.000000 -1.256637
-0.800000 -1.256637
0.000000 -1.346397
-0.800000 -1.346397
0.000000 -1.436157
-0.800000 -1.436157
0.000000 -1.525916
-0.800000 -1.525916
0.000000 -1.615676
-0.800000 -1.615676
0.000000 -1.705436
-0.800000 -1.705436
0.000000 -1.795196
-0.800000 -1.795196
-0.000000 -1.884956
-0.800000 -1.884956
-2.922581 0.000000
-3.722581 0.000000
-2.922581 -0.089760
-3.722581 -0.089760
-2.922581 -0.179520
-3.722581 -0.179520
-2.922581 -0.269279
-3.722581 -0.269279
-2.922581 -0.359039
-3.722581 -0.359039
-2.922581 -0.448799
-3.722581 -0.448799
-2.922581 -0.538559
-3.722581 -0.538559
-2.922581 -0.628319
-3.722581 -0.628319
0.800000 0.000000
0.800000 0.089760
-0.000000 0.000000
-0.800000 0.089760
-0.800000 0.000000
-0.800000 0.179520
0.800000 0.179520
-0.800000 0.269279
0.800000 0.269279
-0.800000 0.359039
0.800000 0.359039
-0.800000 0.448799
0.800000 0.448799
-0.800000 0.538559
0.800000 0.538559
-0.000000 0.628319
0.800000 0.628319
-0.800000 0.628319
-6.122581 0.628319
-6.922581 0.628319
-6.122581 0.538559
-6.922581 0.538559
-6.122581 0.448799
-6.922581 0.448799
-6.122581 0.359039
-6.922581 0.359039
-6.122581 0.269279
-6.922581 0.269279
-6.122581 0.179520
-6.922581 0.179520
-6.122581 0.089760
-6.922581 0.089760
-6.122581 0.000000
-6.922581 0.000000
2.922581 -1.256637
3.722581 -1.256637
2.922581 -1.166877
3.722581 -1.166877
2.922581 -1.077117
3.722581 -1.077117
2.922581 -0.987358
3.722581 -0.987358
2.922581 -0.897598
3.722581 -0.897598
2.922581 -0.807838
3.722581 -0.807838
2.922581 -0.718078
3.722581 -0.718078
2.922581 -0.628319
3.722581 -0.628319
-0.000000 -1.256637
0.800000 -1.256637
-0.000000 -1.166877
0.800000 -1.166877
-0.000000 -1.077117
0.800000 -1.077117
-0.000000 -0.987358
0.800000 -0.987358
-0.000000 -0.897598
0.800000 -0.897598
-0.000000 -0.807838
0.800000 -0.807838
-0.000000 -0.718078
0.800000 -0.718078
-0.000000 -0.628319
0.800000 -0.628319
0.800000 -0.628319
-0.000000 -0.628319
0.800000 -0.718078
-0.000000 -0.718078
0.800000 -0.807838
-0.000000 -0.807838
0.800000 -0.897598
-0.000000 -0.897598
0.800000 -0.987358
-0.000000 -0.987358
0.800000 -1.077117
-0.000000 -1.077117
0.800000 -1.166877
-0.000000 -1.166877
0.800000 -1.256637
-0.000000 -1.256637
6.922581 -0.628319
6.122581 -0.628319
6.922581 -0.718078
6.122581 -0.718078
6.922581 -0.807838
6.122581 -0.807838
6.922581 -0.897598
6.122581 -0.897598
6.922581 -0.987358
6.122581 -0.987358
6.922581 -1.077117
6.122581 -1.077117
6.922581 -1.166877
6.122581 -1.166877
6.922581 -1.256637
6.122581 -1.256637
4.922581 -0.800000
6.122581 -0.800000
4.922581 0.000000
6.122581 0.000000
-7.200000 -0.800000
-6.000000 -0.800000
-7.200000 0.000000
-5.910992 -0.810029
-0.000000 0.000000
-5.826447 -0.839612
-5.750604 -0.887267
-5.687267 -0.950604
-5.639613 -1.026446
-5.610029 -1.110992
-5.600000 -1.200000
-0.000000 -2.400000
-5.610029 -1.289008
-5.639613 -1.373554
-5.687267 -1.449396
-5.750604 -1.512733
-5.826447 -1.560387
-5.910992 -1.589971
-7.200000 -2.400000
-6.000000 -1.600000
-7.200000 -1.600000
-0.000000 -7.200000
2.400000 -7.200000
-0.000000 0.000000
2.400000 0.000000
-3.722581 0.000000
-6.122581 0.000000
-3.722581 -2.400000
-6.122581 -2.400000
6.122581 -1.600000
3.722581 -1.600000
6.122581 -2.400000
3.722581 -2.400000
0.080000 -1.036726
0.000000 -1.036726
0.080000 -1.116474
0.000000 -1.116474
0.080000 -1.196222
0.000000 -1.196222
0.080000 -1.275970
0.000000 -1.275970
0.080000 -1.355718
0.000000 -1.355718
0.080000 -1.435466
0.000000 -1.435466
0.080000 -1.515214
0.000000 -1.515214
0.080000 -1.594962
0.000000 -1.594962
0.080000 -1.674711
0.000000 -1.674711
0.080000 -1.754459
0.000000 -1.754459
0.080000 -1.834207
0.000000 -1.834207
0.080000 -1.913955
0.000000 -1.913955
0.080000 -1.993703
0.000000 -1.993703
0.080000 -2.073451
0.000000 -2.073451
-0.320411 -0.078974
-0.233026 -0.057436
-0.330000 0.000000
-0.240000 0.000000
-0.233026 0.057436
-0.212509 -0.111534
-0.292200 -0.153359
-0.179643 -0.159149
-0.247009 -0.218830
-0.136336 -0.197516
-0.187461 -0.271585
-0.085105 -0.224404
-0.117020 -0.308555
-0.028929 -0.238250
-0.039777 -0.327594
0.039777 -0.327594
0.028929 -0.238250
0.117020 -0.308555
0.085105 -0.224404
0.187461 -0.271585
0.136336 -0.197516
0.247009 -0.218830
0.179643 -0.159149
0.292200 -0.153359
0.212509 -0.111534
0.320411 -0.078974
0.233026 -0.057436
0.330000 0.000000
0.240000 0.000000
0.233026 0.057436
0.320411 0.078974
0.212509 0.111534
0.292200 0.153359
0.179643 0.159149
0.247009 0.218830
0.136336 0.197516
0.187461 0.271585
0.085105 0.224404
0.117020 0.308555
0.028929 0.238250
0.039777 0.327594
-0.039777 0.327594
-0.028929 0.238250
-0.117020 0.308555
-0.085105 0.224404
-0.187461 0.271585
-0.136336 0.197516
-0.247009 0.218830
-0.179643 0.159149
-0.292200 0.153359
-0.212509 0.111534
-0.320411 0.078974
0.080000 -1.036726
0.000000 -1.036726
0.080000 -1.116474
0.000000 -1.116474
0.080000 -1.196222
0.000000 -1.196222
0.080000 -1.275970
0.000000 -1.275970
0.080000 -1.355718
0.000000 -1.355718
0.080000 -1.435466
0.000000 -1.435466
0.080000 -1.515214
0.000000 -1.515214
0.080000 -1.594962
0.000000 -1.594962
0.080000 -1.674711
0.000000 -1.674711
0.080000 -1.754459
0.000000 -1.754459
0.080000 -1.834207
0.000000 -1.834207
0.080000 -1.913955
0.000000 -1.913955
0.080000 -1.993703
0.000000 -1.993703
0.080000 -2.073451
0.000000 -2.073451
-0.320411 -0.078974
-0.233026 -0.057436
-0.330000 0.000000
-0.240000 0.000000
-0.233026 0.057436
-0.212509 -0.111534
-0.292200 -0.153359
-0.179643 -0.159149
-0.247009 -0.218830
-0.136336 -0.197516
-0.187461 -0.271585
-0.085105 -0.224404
-0.117020 -0.308555
-0.028929 -0.238250
-0.039777 -0.327594
0.039777 -0.327594
0.028929 -0.238250
0.117020 -0.308555
0.085105 -0.224404
0.187461 -0.271585
0.136336 -0.197516
0.247009 -0.218830
0.179643 -0.159149
0.292200 -0.153359
0.212509 -0.111534
0.320411 -0.078974
0.233026 -0.057436
0.330000 0.000000
0.240000 0.000000
0.233026 0.057436
0.320411 0.078974
0.212509 0.111534
0.292200 0.153359
0.179643 0.159149
0.247009 0.218830
0.136336 0.197516
0.187461 0.271585
0.085105 0.224404
0.117020 0.308555
0.028929 0.238250
0.039777 0.327594
-0.039777 0.327594
-0.028929 0.238250
-0.117020 0.308555
-0.085105 0.224404
-0.187461 0.271585
-0.136336 0.197516
-0.247009 0.218830
-0.179643 0.159149
-0.292200 0.153359
-0.212509 0.111534
-0.320411 0.078974
0.080000 -1.036726
0.000000 -1.036726
0.080000 -1.116474
0.000000 -1.116474
0.080000 -1.196222
0.000000 -1.196222
0.080000 -1.275970
0.000000 -1.275970
0.080000 -1.355718
0.000000 -1.355718
0.080000 -1.435466
0.000000 -1.435466
0.080000 -1.515214
0.000000 -1.515214
0.080000 -1.594962
0.000000 -1.594962
0.080000 -1.674711
0.000000 -1.674711
0.080000 -1.754459
0.000000 -1.754459
0.080000 -1.834207
0.000000 -1.834207
0.080000 -1.913955
0.000000 -1.913955
0.080000 -1.993703
0.000000 -1.993703
0.080000 -2.073451
0.000000 -2.073451
-0.320411 -0.078974
-0.233026 -0.057436
-0.330000 0.000000
-0.240000 0.000000
-0.233026 0.057436
-0.212509 -0.111534
-0.292200 -0.153359
-0.179643 -0.159149
-0.247009 -0.218830
-0.136336 -0.197516
-0.187461 -0.271585
-0.085105 -0.224404
-0.117020 -0.308555
-0.028929 -0.238250
-0.039777 -0.327594
0.039777 -0.327594
0.028929 -0.238250
0.117020 -0.308555
0.085105 -0.224404
0.187461 -0.271585
0.136336 -0.197516
0.247009 -0.218830
0.179643 -0.159149
0.292200 -0.153359
0.212509 -0.111534
0.320411 -0.078974
0.233026 -0.057436
0.330000 0.000000
0.240000 0.000000
0.233026 0.057436
0.320411 0.078974
0.212509 0.111534
0.292200 0.153359
0.179643 0.159149
0.247009 0.218830
0.136336 0.197516
0.187461 0.271585
0.085105 0.224404
0.117020 0.308555
0.028929 0.238250
0.039777 0.327594
-0.039777 0.327594
-0.028929 0.238250
-0.117020 0.308555
-0.085105 0.224404
-0.187461 0.271585
-0.136336 0.197516
-0.247009 0.218830
-0.179643 0.159149
-0.292200 0.153359
-0.212509 0.111534
-0.320411 0.078974
0.080000 -1.036726
0.000000 -1.036726
0.080000 -1.116474
0.000000 -1.116474
0.080000 -1.196222
0.000000 -1.196222
0.080000 -1.275970
0.000000 -1.275970
0.080000 -1.355718
0.000000 -1.355718
0.080000 -1.435466
0.000000 -1.435466
0.080000 -1.515214
0.000000 -1.515214
0.080000 -1.594962
0.000000 -1.594962
0.080000 -1.674711
0.000000 -1.674711
0.080000 -1.754459
0.000000 -1.754459
0.080000 -1.834207
0.000000 -1.834207
0.080000 -1.913955
0.000000 -1.913955
0.080000 -1.993703
0.000000 -1.993703
0.080000 -2.073451
0.000000 -2.073451
-0.320411 -0.078974
-0.233026 -0.057436
-0.330000 0.000000
-0.240000 0.000000
-0.233026 0.057436
-0.212509 -0.111534
-0.292200 -0.153359
-0.179643 -0.159149
-0.247009 -0.218830
-0.136336 -0.197516
-0.187461 -0.271585
-0.085105 -0.224404
-0.117020 -0.308555
-0.028929 -0.238250
-0.039777 -0.327594
0.039777 -0.327594
0.028929 -0.238250
0.117020 -0.308555
0.085105 -0.224404
0.187461 -0.271585
0.136336 -0.197516
0.247009 -0.218830
0.179643 -0.159149
0.292200 -0.153359
0.212509 -0.111534
0.320411 -0.078974
0.233026 -0.057436
0.330000 0.000000
0.240000 0.000000
0.233026 0.057436
0.320411 0.078974
0.212509 0.111534
0.292200 0.153359
0.179643 0.159149
0.247009 0.218830
0.136336 0.197516
0.187461 0.271585
0.085105 0.224404
0.117020 0.308555
0.028929 0.238250
0.039777 0.327594
-0.039777 0.327594
-0.028929 0.238250
-0.117020 0.308555
-0.085105 0.224404
-0.187461 0.271585
-0.136336 0.197516
-0.247009 0.218830
-0.179643 0.159149
-0.292200 0.153359
-0.212509 0.111534
-0.320411 0.078974
1.398823 -0.753982
0.678823 -0.753982
1.398823 -0.811981
0.678823 -0.811981
1.398823 -0.869980
0.678823 -0.869980
1.398823 -0.927978
0.678823 -0.927978
1.398823 -0.985977
0.678823 -0.985977
1.398823 -1.043975
0.678823 -1.043975
1.398823 -1.101974
0.678823 -1.101974
1.398823 -1.159973
0.678823 -1.159973
1.398823 -1.217971
0.678823 -1.217971
1.398823 -1.275970
0.678823 -1.275970
1.398823 -1.333969
0.678823 -1.333969
1.398823 -1.391967
0.678823 -1.391967
1.398823 -1.449966
0.678823 -1.449966
1.398823 -1.507964
0.678823 -1.507964
1.398823 -0.753982
0.678823 -0.753982
1.398823 -0.811981
0.678823 -0.811981
1.398823 -0.869980
0.678823 -0.869980
1.398823 -0.927978
0.678823 -0.927978
1.398823 -0.985977
0.678823 -0.985977
1.398823 -1.043975
0.678823 -1.043975
1.398823 -1.101974
0.678823 -1.101974
1.398823 -1.159973
0.678823 -1.159973
1.398823 -1.217971
0.678823 -1.217971
1.398823 -1.275970
0.678823 -1.275970
1.398823 -1.333969
0.678823 -1.333969
1.398823 -1.391967
0.678823 -1.391967
1.398823 -1.449966
0.678823 -1.449966
1.398823 -1.507964
0.678823 -1.507964
1.398823 -0.753982
0.678823 -0.753982
1.398823 -0.811981
0.678823 -0.811981
1.398823 -0.869980
0.678823 -0.869980
1.398823 -0.927978
0.678823 -0.927978
1.398823 -0.985977
0.678823 -0.985977
1.398823 -1.043975
0.678823 -1.043975
1.398823 -1.101974
0.678823 -1.101974
1.398823 -1.159973
0.678823 -1.159973
1.398823 -1.217971
0.678823 -1.217971
1.398823 -1.275970
0.678823 -1.275970
1.398823 -1.333969
0.678823 -1.333969
1.398823 -1.391967
0.678823 -1.391967
1.398823 -1.449966
0.678823 -1.449966
1.398823 -1.507964
0.678823 -1.507964
1.398823 -0.753982
0.678823 -0.753982
1.398823 -0.811981
0.678823 -0.811981
1.398823 -0.869980
0.678823 -0.869980
1.398823 -0.927978
0.678823 -0.927978
1.398823 -0.985977
0.678823 -0.985977
1.398823 -1.043975
0.678823 -1.043975
1.398823 -1.101974
0.678823 -1.101974
1.398823 -1.159973
0.678823 -1.159973
1.398823 -1.217971
0.678823 -1.217971
1.398823 -1.275970
0.678823 -1.275970
1.398823 -1.333969
0.678823 -1.333969
1.398823 -1.391967
0.678823 -1.391967
1.398823 -1.449966
0.678823 -1.449966
1.398823 -1.507964
0.678823 -1.507964
-0.166974 7.657436
-0.633026 7.657436
-0.160000 7.600000
-0.640000 7.600000
-0.166974 7.542564
-0.633026 7.542564
-0.187491 7.488466
-0.612509 7.488466
-0.220357 7.440851
-0.579643 7.440851
-0.263664 7.402484
-0.536336 7.402484
-0.314895 7.375596
-0.485105 7.375596
-0.371071 7.361750
-0.428929 7.361750
-0.612509 7.711534
-0.187491 7.711534
-0.579643 7.759150
-0.220357 7.759150
-0.536336 7.797516
-0.263664 7.797516
-0.485105 7.824404
-0.314895 7.824404
-0.428929 7.838250
-0.371071 7.838250
-0.000000 0.000000
0.800000 -0.000000
-0.000000 0.089760
0.800000 0.089760
-0.000000 0.179520
0.800000 0.179520
-0.000000 0.269279
0.800000 0.269279
-0.000000 0.359039
0.800000 0.359039
-0.000000 0.448799
0.800000 0.448799
-0.000000 0.538559
0.800000 0.538559
-0.000000 0.628319
0.800000 0.628319
-0.800000 -1.256637
-0.000000 -1.256637
-0.800000 -1.166877
-0.000000 -1.166877
-0.800000 -1.077117
-0.000000 -1.077117
-0.800000 -0.987358
-0.000000 -0.987358
-0.800000 -0.897598
-0.000000 -0.897598
-0.800000 -0.807838
-0.000000 -0.807838
-0.800000 -0.718078
-0.000000 -0.718078
-0.800000 -0.628319
-0.000000 -0.628319
-0.800000 -1.256637
-0.000000 -1.256637
-0.800000 -1.166877
-0.000000 -1.166877
-0.800000 -1.077117
-0.000000 -1.077117
-0.800000 -0.987358
-0.000000 -0.987358
-0.800000 -0.897598
-0.000000 -0.897598
-0.800000 -0.807838
-0.000000 -0.807838
-0.800000 -0.718078
-0.000000 -0.718078
-0.800000 -0.628319
-0.000000 -0.628319
-0.000000 0.000000
0.800000 0.000000
-0.000000 0.089760
0.800000 0.089760
-0.000000 0.179520
0.800000 0.179520
-0.000000 0.269279
0.800000 0.269279
-0.000000 0.359039
0.800000 0.359039
-0.000000 0.448799
0.800000 0.448799
-0.000000 0.538559
0.800000 0.538559
-0.000000 0.628319
0.800000 0.628319
-0.800000 -1.256637
-0.000000 -1.256637
-0.800000 -1.166877
-0.000000 -1.166877
-0.800000 -1.077117
-0.000000 -1.077117
-0.800000 -0.987358
-0.000000 -0.987358
-0.800000 -0.897598
-0.000000 -0.897598
-0.800000 -0.807838
-0.000000 -0.807838
-0.800000 -0.718078
-0.000000 -0.718078
-0.800000 -0.628319
-0.000000 -0.628319
0.000000 0.628319
0.800000 0.628319
-0.000000 0.718078
0.800000 0.718078
-0.000000 0.807838
0.800000 0.807838
-0.000000 0.897598
0.800000 0.897598
-0.000000 0.987358
0.800000 0.987358
-0.000000 1.077117
0.800000 1.077117
-0.000000 1.166877
0.800000 1.166877
-0.000000 1.256637
0.800000 1.256637
-0.320411 -0.078974
-0.233026 -0.057436
-0.330000 0.000000
-0.240000 0.000000
-0.233026 0.057436
-0.212509 -0.111534
-0.292200 -0.153359
-0.179643 -0.159149
-0.247009 -0.218830
-0.136336 -0.197516
-0.187461 -0.271585
-0.085105 -0.224404
-0.117020 -0.308555
-0.028929 -0.238250
-0.039777 -0.327594
0.039777 -0.327594
0.028929 -0.238250
0.117020 -0.308555
0.085105 -0.224404
0.187461 -0.271585
0.136336 -0.197516
0.247009 -0.218830
0.179643 -0.159149
0.292200 -0.153359
0.212509 -0.111534
0.320411 -0.078974
0.233026 -0.057436
0.330000 0.000000
0.240000 0.000000
0.233026 0.057436
0.320411 0.078974
0.212509 0.111534
0.292200 0.153359
0.179643 0.159149
0.247009 0.218830
0.136336 0.197516
0.187461 0.271585
0.085105 0.224404
0.117020 0.308555
0.028929 0.238250
0.039777 0.327594
-0.039777 0.327594
-0.028929 0.238250
-0.117020 0.308555
-0.085105 0.224404
-0.187461 0.271585
-0.136336 0.197516
-0.247009 0.218830
-0.179643 0.159149
-0.292200 0.153359
-0.212509 0.111534
-0.320411 0.078974
0.080000 -1.036726
0.000000 -1.036726
0.080000 -1.116474
0.000000 -1.116474
0.080000 -1.196222
0.000000 -1.196222
0.080000 -1.275970
0.000000 -1.275970
0.080000 -1.355718
0.000000 -1.355718
0.080000 -1.435466
0.000000 -1.435466
0.080000 -1.515214
0.000000 -1.515214
0.080000 -1.594962
0.000000 -1.594962
0.080000 -1.674711
0.000000 -1.674711
0.080000 -1.754459
0.000000 -1.754459
0.080000 -1.834207
0.000000 -1.834207
0.080000 -1.913955
0.000000 -1.913955
0.080000 -1.993703
0.000000 -1.993703
0.080000 -2.073451
0.000000 -2.073451
-0.320411 -0.078974
-0.233026 -0.057436
-0.330000 0.000000
-0.240000 0.000000
-0.233026 0.057436
-0.212509 -0.111534
-0.292200 -0.153359
-0.179643 -0.159149
-0.247009 -0.218830
-0.136336 -0.197516
-0.187461 -0.271585
-0.085105 -0.224404
-0.117020 -0.308555
-0.028929 -0.238250
-0.039777 -0.327594
0.039777 -0.327594
0.028929 -0.238250
0.117020 -0.308555
0.085105 -0.224404
0.187461 -0.271585
0.136336 -0.197516
0.247009 -0.218830
0.179643 -0.159149
0.292200 -0.153359
0.212509 -0.111534
0.320411 -0.078974
0.233026 -0.057436
0.330000 0.000000
0.240000 0.000000
0.233026 0.057436
0.320411 0.078974
0.212509 0.111534
0.292200 0.153359
0.179643 0.159149
0.247009 0.218830
0.136336 0.197516
0.187461 0.271585
0.085105 0.224404
0.117020 0.308555
0.028929 0.238250
0.039777 0.327594
-0.039777 0.327594
-0.028929 0.238250
-0.117020 0.308555
-0.085105 0.224404
-0.187461 0.271585
-0.136336 0.197516
-0.247009 0.218830
-0.179643 0.159149
-0.292200 0.153359
-0.212509 0.111534
-0.320411 0.078974
0.080000 -1.036726
0.000000 -1.036726
0.080000 -1.116474
0.000000 -1.116474
0.080000 -1.196222
0.000000 -1.196222
0.080000 -1.275970
0.000000 -1.275970
0.080000 -1.355718
0.000000 -1.355718
0.080000 -1.435466
0.000000 -1.435466
0.080000 -1.515214
0.000000 -1.515214
0.080000 -1.594962
0.000000 -1.594962
0.080000 -1.674711
0.000000 -1.674711
0.080000 -1.754459
0.000000 -1.754459
0.080000 -1.834207
0.000000 -1.834207
0.080000 -1.913955
0.000000 -1.913955
0.080000 -1.993703
0.000000 -1.993703
0.080000 -2.073451
0.000000 -2.073451
-0.320411 -0.078974
-0.233026 -0.057436
-0.330000 0.000000
-0.240000 0.000000
-0.233026 0.057436
-0.212509 -0.111534
-0.292200 -0.153359
-0.179643 -0.159149
-0.247009 -0.218830
-0.136336 -0.197516
-0.187461 -0.271585
-0.085105 -0.224404
-0.117020 -0.308555
-0.028929 -0.238250
-0.039777 -0.327594
0.039777 -0.327594
0.028929 -0.238250
0.117020 -0.308555
0.085105 -0.224404
0.187461 -0.271585
0.136336 -0.197516
0.247009 -0.218830
0.179643 -0.159149
0.292200 -0.153359
0.212509 -0.111534
0.320411 -0.078974
0.233026 -0.057436
0.330000 0.000000
0.240000 0.000000
0.233026 0.057436
0.320411 0.078974
0.212509 0.111534
0.292200 0.153359
0.179643 0.159149
0.247009 0.218830
0.136336 0.197516
0.187461 0.271585
0.085105 0.224404
0.117020 0.308555
0.028929 0.238250
0.039777 0.327594
-0.039777 0.327594
-0.028929 0.238250
-0.117020 0.308555
-0.085105 0.224404
-0.187461 0.271585
-0.136336 0.197516
-0.247009 0.218830
-0.179643 0.159149
-0.292200 0.153359
-0.212509 0.111534
-0.320411 0.078974
0.080000 -1.036726
0.000000 -1.036726
0.080000 -1.116474
0.000000 -1.116474
0.080000 -1.196222
0.000000 -1.196222
0.080000 -1.275970
0.000000 -1.275970
0.080000 -1.355718
0.000000 -1.355718
0.080000 -1.435466
0.000000 -1.435466
0.080000 -1.515214
0.000000 -1.515214
0.080000 -1.594962
0.000000 -1.594962
0.080000 -1.674711
0.000000 -1.674711
0.080000 -1.754459
0.000000 -1.754459
0.080000 -1.834207
0.000000 -1.834207
0.080000 -1.913955
0.000000 -1.913955
0.080000 -1.993703
0.000000 -1.993703
0.080000 -2.073451
0.000000 -2.073451
1.817668 -1.130345
1.017668 -1.130345
1.817668 -1.217295
1.017668 -1.217295
1.817668 -1.304245
1.017668 -1.304245
1.817668 -1.391194
1.017668 -1.391194
1.817668 -1.478144
1.017668 -1.478144
1.817668 -1.565093
1.017668 -1.565093
1.817668 -1.652043
1.017668 -1.652043
1.817668 -1.738993
1.017668 -1.738993
1.817668 -1.825942
1.017668 -1.825942
1.817668 -1.912892
1.017668 -1.912892
1.817668 -1.999842
1.017668 -1.999842
1.817668 -2.086791
1.017668 -2.086791
1.817668 -2.173741
1.017668 -2.173741
1.817668 -2.260690
1.017668 -2.260690
-2.400000 -3.329822
-2.212509 -3.041356
-2.400000 -2.929822
-2.233026 -2.987258
-2.240000 -2.929822
-1.200000 -3.329822
-1.971071 -3.168072
-2.028929 -3.168072
-2.085105 -3.154226
-1.200000 -2.529822
-1.760000 -2.929822
-1.766974 -2.987258
-1.787491 -3.041356
-2.000000 -2.529822
-1.863665 -2.732306
-1.820357 -2.770673
-1.787491 -2.818289
-2.089008 -2.539851
-2.028929 -2.691572
-1.971071 -2.691572
-1.914895 -2.705418
-2.173553 -2.569435
-2.085105 -2.705418
-2.249396 -2.617090
-2.136336 -2.732306
-2.312733 -2.680426
-2.179643 -2.770673
-2.360388 -2.756269
-2.212509 -2.818289
-2.389971 -2.840814
-2.233026 -2.872386
-1.766974 -2.872386
-1.820357 -3.088972
-1.863665 -3.127338
-1.914895 -3.154226
-2.136336 -3.127338
-2.179643 -3.088972
-2.929822 0.000000
-3.329822 0.000000
-2.929822 -0.800000
-3.329822 -0.800000
-0.800000 0.628319
-0.000000 0.628319
-0.800000 0.718078
0.000000 0.718078
-0.800000 0.807838
0.000000 0.807838
-0.800000 0.897598
-0.000000 0.897598
-0.800000 0.987358
0.000000 0.987358
-0.800000 1.077117
-0.000000 1.077117
-0.800000 1.166877
0.000000 1.166877
-0.800000 1.256637
-0.000000 1.256637
-0.320411 -0.078974
-0.233026 -0.057436
-0.330000 0.000000
-0.240000 0.000000
-0.233026 0.057436
-0.212509 -0.111534
-0.292200 -0.153359
-0.179643 -0.159149
-0.247009 -0.218830
-0.136336 -0.197516
-0.187461 -0.271585
-0.085105 -0.224404
-0.117020 -0.308555
-0.028929 -0.238250
-0.039777 -0.327594
0.039777 -0.327594
0.028929 -0.238250
0.117020 -0.308555
0.085105 -0.224404
0.187461 -0.271585
0.136336 -0.197516
0.247009 -0.218830
0.179643 -0.159149
0.292200 -0.153359
0.212509 -0.111534
0.320411 -0.078974
0.233026 -0.057436
0.330000 0.000000
0.240000 0.000000
0.233026 0.057436
0.320411 0.078974
0.212509 0.111534
0.292200 0.153359
0.179643 0.159149
0.247009 0.218830
0.136336 0.197516
0.187461 0.271585
0.085105 0.224404
0.117020 0.308555
0.028929 0.238250
0.039777 0.327594
-0.039777 0.327594
-0.028929 0.238250
-0.117020 0.308555
-0.085105 0.224404
-0.187461 0.271585
-0.136336 0.197516
-0.247009 0.218830
-0.179643 0.159149
-0.292200 0.153359
-0.212509 0.111534
-0.320411 0.078974
0.080000 -1.036726
0.000000 -1.036726
0.080000 -1.116474
0.000000 -1.116474
0.080000 -1.196222
0.000000 -1.196222
0.080000 -1.275970
0.000000 -1.275970
0.080000 -1.355718
0.000000 -1.355718
0.080000 -1.435466
0.000000 -1.435466
0.080000 -1.515214
0.000000 -1.515214
0.080000 -1.594962
0.000000 -1.594962
0.080000 -1.674711
0.000000 -1.674711
0.080000 -1.754459
0.000000 -1.754459
0.080000 -1.834207
0.000000 -1.834207
0.080000 -1.913955
0.000000 -1.913955
0.080000 -1.993703
0.000000 -1.993703
0.080000 -2.073451
0.000000 -2.073451
-0.320411 -0.078974
-0.233026 -0.057436
-0.330000 0.000000
-0.240000 0.000000
-0.233026 0.057436
-0.212509 -0.111534
-0.292200 -0.153359
-0.179643 -0.159149
-0.247009 -0.218830
-0.136336 -0.197516
-0.187461 -0.271585
-0.085105 -0.224404
-0.117020 -0.308555
-0.028929 -0.238250
-0.039777 -0.327594
0.039777 -0.327594
0.028929 -0.238250
0.117020 -0.308555
0.085105 -0.224404
0.187461 -0.271585
0.136336 -0.197516
0.247009 -0.218830
0.179643 -0.159149
0.292200 -0.153359
0.212509 -0.111534
0.320411 -0.078974
0.233026 -0.057436
0.330000 0.000000
0.240000 0.000000
0.233026 0.057436
0.320411 0.078974
0.212509 0.111534
0.292200 0.153359
0.179643 0.159149
0.247009 0.218830
0.136336 0.197516
0.187461 0.271585
0.085105 0.224404
0.117020 0.308555
0.028929 0.238250
0.039777 0.327594
-0.039777 0.327594
-0.028929 0.238250
-0.117020 0.308555
-0.085105 0.224404
-0.187461 0.271585
-0.136336 0.197516
-0.247009 0.218830
-0.179643 0.159149
-0.292200 0.153359
-0.212509 0.111534
-0.320411 0.078974
0.080000 -1.036726
0.000000 -1.036726
0.080000 -1.116474
0.000000 -1.116474
0.080000 -1.196222
0.000000 -1.196222
0.080000 -1.275970
0.000000 -1.275970
0.080000 -1.355718
0.000000 -1.355718
0.080000 -1.435466
0.000000 -1.435466
0.080000 -1.515214
0.000000 -1.515214
0.080000 -1.594962
0.000000 -1.594962
0.080000 -1.674711
0.000000 -1.674711
0.080000 -1.754459
0.000000 -1.754459
0.080000 -1.834207
0.000000 -1.834207
0.080000 -1.913955
0.000000 -1.913955
0.080000 -1.993703
0.000000 -1.993703
0.080000 -2.073451
0.000000 -2.073451
0.633026 -2.872386
0.166974 -2.872386
0.640000 -2.929822
0.160000 -2.929822
0.633026 -2.987258
0.166974 -2.987258
0.612509 -3.041356
0.187491 -3.041356
0.579643 -3.088972
0.220357 -3.088972
0.536336 -3.127338
0.263664 -3.127338
0.485105 -3.154226
0.314895 -3.154226
0.428929 -3.168072
0.371071 -3.168072
0.187491 -2.818289
0.612509 -2.818289
0.220357 -2.770673
0.579643 -2.770673
0.263664 -2.732306
0.536336 -2.732306
0.314895 -2.705418
0.485105 -2.705418
0.371071 -2.691572
0.428929 -2.691572
1.398823 -0.753982
0.678823 -0.753982
1.398823 -0.811981
0.678823 -0.811981
1.398823 -0.869980
0.678823 -0.869980
1.398823 -0.927978
0.678823 -0.927978
1.398823 -0.985977
0.678823 -0.985977
1.398823 -1.043975
0.678823 -1.043975
1.398823 -1.101974
0.678823 -1.101974
1.398823 -1.159973
0.678823 -1.159973
1.398823 -1.217971
0.678823 -1.217971
1.398823 -1.275970
0.678823 -1.275970
1.398823 -1.333969
0.678823 -1.333969
1.398823 -1.391967
0.678823 -1.391967
1.398823 -1.449966
0.678823 -1.449966
1.398823 -1.507964
0.678823 -1.507964
-0.389971 0.089008
-0.400000 0.000000
-0.249396 -0.312733
-0.389971 -0.089008
-0.360388 -0.173553
-0.312733 -0.249396
-0.173553 -0.360388
0.000000 0.400000
-0.089008 0.389971
-0.173553 0.360388
-0.089008 -0.389971
0.000000 -0.400000
0.400000 -0.400000
0.400000 0.400000
-0.249396 0.312733
-0.312733 0.249396
-0.360388 0.173553
-1.131371 0.800000
-1.531371 0.800000
-1.131371 0.000000
-1.531371 0.000000
-0.400000 -6.529822
-0.400000 -5.729822
-0.800000 -6.529822
-0.400000 -3.329822
-0.800000 -2.529822
-0.400000 -2.529822
-0.000000 -5.729822
-0.000000 -3.329822
-0.000000 -5.729822
0.400000 -5.729822
-0.000000 -3.329822
0.400000 -3.329822
0.800000 -6.529822
0.800000 -2.529822
0.400000 -6.529822
0.400000 -2.529822
-0.100000 -3.079053
-0.000000 -3.079053
-0.100000 -2.842203
-0.000000 -2.842203
-0.100000 -2.605352
-0.000000 -2.605352
-0.100000 -2.368502
-0.000000 -2.368502
-0.100000 -2.131652
-0.000000 -2.131652
-0.100000 -1.894802
-0.000000 -1.894802
-0.100000 -1.657951
-0.000000 -1.657951
-0.100000 -1.421101
-0.000000 -1.421101
-0.100000 -1.184251
-0.000000 -1.184251
-0.100000 -0.947401
-0.000000 -0.947401
-0.100000 -0.710551
-0.000000 -0.710551
-0.100000 -0.473700
-0.000000 -0.473700
-0.100000 -0.236850
-0.000000 -0.236850
-0.100000 0.000000
-0.000000 0.000000
-0.951613 -0.234552
0.951613 -0.234552
-0.980093 0.000000
0.980093 0.000000
-0.951613 0.234552
0.951613 0.234552
-0.867829 0.455472
0.867829 0.455472
-0.733610 0.649922
0.733610 0.649922
-0.556756 0.806601
0.556756 0.806601
-0.347546 0.916403
0.347546 0.916403
-0.118137 0.972947
0.118137 0.972947
0.867829 -0.455472
-0.867829 -0.455472
0.733610 -0.649922
-0.733610 -0.649922
0.556756 -0.806601
-0.556756 -0.806601
0.347546 -0.916403
-0.347546 -0.916403
0.118137 -0.972947
-0.118137 -0.972947
-1.600000 7.200000
-1.600000 6.400000
0.000000 7.200000
0.000000 0.000000
-2.400000 0.000000
-2.400000 6.400000
6.400000 -2.400000
6.400000 -1.600000
0.000000 -2.400000
0.000000 0.000000
7.200000 0.000000
7.200000 -1.600000
2.400000 7.200000
0.000000 7.200000
2.400000 0.000000
0.000000 0.000000
1.600000 6.922581
4.000000 6.922581
1.600000 9.322580
4.000000 9.322580
</float_array>
          <technique_common>
            <accessor source="#Boss-Extrude13-UV0-array" count="5880" stride="2">
              <param name="S" type="float"/>
              <param name="T" type="float"/>
            </accessor>
          </technique_common>
        </source>
        <vertices id="Boss-Extrude13-VERTEX">
          <input semantic="POSITION" source="#Boss-Extrude13-POSITION"/>
        </vertices>
        <triangles count="0" material="MaterialFBXASC032FBXASC03525">
          <input semantic="VERTEX" offset="0" source="#Boss-Extrude13-VERTEX"/>
          <input semantic="NORMAL" offset="1" source="#Boss-Extrude13-Normal0"/>
          <input semantic="TEXCOORD" offset="2" set="0" source="#Boss-Extrude13-UV0"/>
          <p/>
        </triangles>
        <triangles count="5540" material="MaterialFBXASC032FBXASC03527">
          <input semantic="VERTEX" offset="0" source="#Boss-Extrude13-VERTEX"/>
          <input semantic="NORMAL" offset="1" source="#Boss-Extrude13-Normal0"/>
          <input semantic="TEXCOORD" offset="2" set="0" source="#Boss-Extrude13-UV0"/>
          <p> 27 0 0 0 1 1 26 2 2 26 3 2 0 4 1 1 5 3 26 6 2 1 7 3 25 8 4 25 9 4 1 10 3 2 11 5 25 12 4 2 13 5 24 14 6 24 15 6 2 16 5 3 17 7 24 18 6 3 19 7 23 20 8 23 21 8 3 22 7 4 23 9 23 24 8 4 25 9 22 26 10 22 27 10 4 28 9 5 29 11 22 30 10 5 31 11 21 32 12 21 33 12 5 34 11 6 35 13 21 36 12 6 37 13 20 38 14 20 39 14 6 40 13 7 41 15 20 42 14 7 43 15 19 44 16 19 45 16 7 46 15 8 47 17 19 48 16 8 49 17 18 50 18 18 51 18 8 52 17 9 53 19 18 54 18 9 55 19 17 56 20 17 57 20 9 58 19 10 59 21 17 60 20 10 61 21 16 62 22 16 63 22 10 64 21 11 65 23 16 66 22 11 67 23 15 68 24 15 69 24 11 70 23 12 71 25 15 72 24 12 73 25 14 74 26 14 75 26 12 76 25 13 77 27 55 78 28 28 79 29 54 80 30 54 81 30 28 82 29 29 83 31 54 84 30 29 85 31 53 86 32 53 87 32 29 88 31 30 89 33 53 90 32 30 91 33 52 92 34 52 93 34 30 94 33 31 95 35 52 96 34 31 97 35 51 98 36 51 99 36 31 100 35 32 101 37 51 102 36 32 103 37 50 104 38 50 105 38 32 106 37 33 107 39 50 108 38 33 109 39 49 110 40 49 111 40 33 112 39 34 113 41 49 114 40 34 115 41 48 116 42 48 117 42 34 118 41 35 119 43 48 120 42 35 121 43 47 122 44 47 123 44 35 124 43 36 125 45 47 126 44 36 127 45 46 128 46 46 129 46 36 130 45 37 131 47 46 132 46 37 133 47 45 134 48 45 135 48 37 136 47 38 137 49 45 138 48 38 139 49 44 140 50 44 141 50 38 142 49 39 143 51 44 144 50 39 145 51 43 146 52 43 147 52 39 148 51 40 149 53 43 150 52 40 151 53 42 152 54 42 153 54 40 154 53 41 155 55 83 156 56 56 157 57 82 158 58 82 159 58 56 160 57 57 161 59 82 162 58 57 163 59 81 164 60 81 165 60 57 166 59 58 167 61 81 168 60 58 169 61 80 170 62 80 171 62 58 172 61 59 173 63 80 174 62 59 175 63 79 176 64 79 177 64 59 178 63 60 179 65 79 180 64 60 181 65 78 182 66 78 183 66 60 184 65 61 185 67 78 186 66 61 187 67 77 188 68 77 189 68 61 190 67 62 191 69 77 192 68 62 193 69 76 194 70 76 195 70 62 196 69 63 197 71 76 198 70 63 199 71 75 200 72 75 201 72 63 202 71 64 203 73 75 204 72 64 205 73 74 206 74 74 207 74 64 208 73 65 209 75 74 210 74 65 211 75 73 212 76 73 213 76 65 214 75 66 215 77 73 216 76 66 217 77 72 218 78 72 219 78 66 220 77 67 221 79 72 222 78 67 223 79 71 224 80 71 225 80 67 226 79 68 227 81 71 228 80 68 229 81 70 230 82 70 231 82 68 232 81 69 233 83 111 234 84 84 235 85 110 236 86 110 237 86 84 238 85 85 239 87 110 240 86 85 241 87 109 242 88 109 243 88 85 244 87 86 245 89 109 246 88 86 247 89 108 248 90 108 249 90 86 250 89 87 251 91 108 252 90 87 253 91 107 254 92 107 255 92 87 256 91 88 257 93 107 258 92 88 259 93 106 260 94 106 261 94 88 262 93 89 263 95 106 264 94 89 265 95 105 266 96 105 267 96 89 268 95 90 269 97 105 270 96 90 271 97 104 272 98 104 273 98 90 274 97 91 275 99 104 276 98 91 277 99 103 278 100 103 279 100 91 280 99 92 281 101 103 282 100 92 283 101 102 284 102 102 285 102 92 286 101 93 287 103 102 288 102 93 289 103 101 290 104 101 291 104 93 292 103 94 293 105 101 294 104 94 295 105 100 296 106 100 297 106 94 298 105 95 299 107 100 300 106 95 301 107 99 302 108 99 303 108 95 304 107 96 305 109 99 306 108 96 307 109 98 308 110 98 309 110 96 310 109 97 311 111 139 312 112 112 313 113 138 314 114 138 315 114 112 316 113 113 317 115 138 318 114 113 319 115 137 320 116 137 321 116 113 322 115 114 323 117 137 324 116 114 325 117 136 326 118 136 327 118 114 328 117 115 329 119 136 330 118 115 331 119 135 332 120 135 333 120 115 334 119 116 335 121 135 336 120 116 337 121 134 338 122 134 339 122 116 340 121 117 341 123 134 342 122 117 343 123 133 344 124 133 345 124 117 346 123 118 347 125 133 348 124 118 349 125 132 350 126 132 351 126 118 352 125 119 353 127 132 354 126 119 355 127 131 356 128 131 357 128 119 358 127 120 359 129 131 360 128 120 361 129 130 362 130 130 363 130 120 364 129 121 365 131 130 366 130 121 367 131 129 368 132 129 369 132 121 370 131 122 371 133 129 372 132 122 373 133 128 374 134 128 375 134 122 376 133 123 377 135 128 378 134 123 379 135 127 380 136 127 381 136 123 382 135 124 383 137 127 384 136 124 385 137 126 386 138 126 387 138 124 388 137 125 389 139 167 390 140 140 391 141 166 392 142 166 393 142 140 394 141 141 395 143 166 396 142 141 397 143 165 398 144 165 399 144 141 400 143 142 401 145 165 402 144 142 403 145 164 404 146 164 405 146 142 406 145 143 407 147 164 408 146 143 409 147 163 410 148 163 411 148 143 412 147 144 413 149 163 414 148 144 415 149 162 416 150 162 417 150 144 418 149 145 419 151 162 420 150 145 421 151 161 422 152 161 423 152 145 424 151 146 425 153 161 426 152 146 427 153 160 428 154 160 429 154 146 430 153 147 431 155 160 432 154 147 433 155 159 434 156 159 435 156 147 436 155 148 437 157 159 438 156 148 439 157 158 440 158 158 441 158 148 442 157 149 443 159 158 444 158 149 445 159 157 446 160 157 447 160 149 448 159 150 449 161 157 450 160 150 451 161 156 452 162 156 453 162 150 454 161 151 455 163 156 456 162 151 457 163 155 458 164 155 459 164 151 460 163 152 461 165 155 462 164 152 463 165 154 464 166 154 465 166 152 466 165 153 467 167 195 468 168 168 469 169 194 470 170 194 471 170 168 472 169 169 473 171 194 474 170 169 475 171 193 476 172 193 477 172 169 478 171 170 479 173 193 480 172 170 481 173 192 482 174 192 483 174 170 484 173 171 485 175 192 486 174 171 487 175 191 488 176 191 489 176 171 490 175 172 491 177 191 492 176 172 493 177 190 494 178 190 495 178 172 496 177 173 497 179 190 498 178 173 499 179 189 500 180 189 501 180 173 502 179 174 503 181 189 504 180 174 505 181 188 506 182 188 507 182 174 508 181 175 509 183 188 510 182 175 511 183 187 512 184 187 513 184 175 514 183 176 515 185 187 516 184 176 517 185 186 518 186 186 519 186 176 520 185 177 521 187 186 522 186 177 523 187 185 524 188 185 525 188 177 526 187 178 527 189 185 528 188 178 529 189 184 530 190 184 531 190 178 532 189 179 533 191 184 534 190 179 535 191 183 536 192 183 537 192 179 538 191 180 539 193 183 540 192 180 541 193 182 542 194 182 543 194 180 544 193 181 545 195 223 546 196 196 547 197 222 548 198 222 549 198 196 550 197 197 551 199 222 552 198 197 553 199 221 554 200 221 555 200 197 556 199 198 557 201 221 558 200 198 559 201 220 560 202 220 561 202 198 562 201 199 563 203 220 564 202 199 565 203 219 566 204 219 567 204 199 568 203 200 569 205 219 570 204 200 571 205 218 572 206 218 573 206 200 574 205 201 575 207 218 576 206 201 577 207 217 578 208 217 579 208 201 580 207 202 581 209 217 582 208 202 583 209 216 584 210 216 585 210 202 586 209 203 587 211 216 588 210 203 589 211 215 590 212 215 591 212 203 592 211 204 593 213 215 594 212 204 595 213 214 596 214 214 597 214 204 598 213 205 599 215 214 600 214 205 601 215 213 602 216 213 603 216 205 604 215 206 605 217 213 606 216 206 607 217 212 608 218 212 609 218 206 610 217 207 611 219 212 612 218 207 613 219 211 614 220 211 615 220 207 616 219 208 617 221 211 618 220 208 619 221 210 620 222 210 621 222 208 622 221 209 623 223 251 624 224 224 625 225 250 626 226 250 627 226 224 628 225 225 629 227 250 630 226 225 631 227 249 632 228 249 633 228 225 634 227 226 635 229 249 636 228 226 637 229 248 638 230 248 639 230 226 640 229 227 641 231 248 642 230 227 643 231 247 644 232 247 645 232 227 646 231 228 647 233 247 648 232 228 649 233 246 650 234 246 651 234 228 652 233 229 653 235 246 654 234 229 655 235 245 656 236 245 657 236 229 658 235 230 659 237 245 660 236 230 661 237 244 662 238 244 663 238 230 664 237 231 665 239 244 666 238 231 667 239 243 668 240 243 669 240 231 670 239 232 671 241 243 672 240 232 673 241 242 674 242 242 675 242 232 676 241 233 677 243 242 678 242 233 679 243 241 680 244 241 681 244 233 682 243 234 683 245 241 684 244 234 685 245 240 686 246 240 687 246 234 688 245 235 689 247 240 690 246 235 691 247 239 692 248 239 693 248 235 694 247 236 695 249 239 696 248 236 697 249 238 698 250 238 699 250 236 700 249 237 701 251 279 702 252 252 703 253 278 704 254 278 705 254 252 706 253 253 707 255 278 708 254 253 709 255 277 710 256 277 711 256 253 712 255 254 713 257 277 714 256 254 715 257 276 716 258 276 717 258 254 718 257 255 719 259 276 720 258 255 721 259 275 722 260 275 723 260 255 724 259 256 725 261 275 726 260 256 727 261 274 728 262 274 729 262 256 730 261 257 731 263 274 732 262 257 733 263 273 734 264 273 735 264 257 736 263 258 737 265 273 738 264 258 739 265 272 740 266 272 741 266 258 742 265 259 743 267 272 744 266 259 745 267 271 746 268 271 747 268 259 748 267 260 749 269 271 750 268 260 751 269 270 752 270 270 753 270 260 754 269 261 755 271 270 756 270 261 757 271 269 758 272 269 759 272 261 760 271 262 761 273 269 762 272 262 763 273 268 764 274 268 765 274 262 766 273 263 767 275 268 768 274 263 769 275 267 770 276 267 771 276 263 772 275 264 773 277 267 774 276 264 775 277 266 776 278 266 777 278 264 778 277 265 779 279 307 780 280 280 781 281 306 782 282 306 783 282 280 784 281 281 785 283 306 786 282 281 787 283 305 788 284 305 789 284 281 790 283 282 791 285 305 792 284 282 793 285 304 794 286 304 795 286 282 796 285 283 797 287 304 798 286 283 799 287 303 800 288 303 801 288 283 802 287 284 803 289 303 804 288 284 805 289 302 806 290 302 807 290 284 808 289 285 809 291 302 810 290 285 811 291 301 812 292 301 813 292 285 814 291 286 815 293 301 816 292 286 817 293 300 818 294 300 819 294 286 820 293 287 821 295 300 822 294 287 823 295 299 824 296 299 825 296 287 826 295 288 827 297 299 828 296 288 829 297 298 830 298 298 831 298 288 832 297 289 833 299 298 834 298 289 835 299 297 836 300 297 837 300 289 838 299 290 839 301 297 840 300 290 841 301 296 842 302 296 843 302 290 844 301 291 845 303 296 846 302 291 847 303 295 848 304 295 849 304 291 850 303 292 851 305 295 852 304 292 853 305 294 854 306 294 855 306 292 856 305 293 857 307 335 858 308 308 859 309 334 860 310 334 861 310 308 862 309 309 863 311 334 864 310 309 865 311 333 866 312 333 867 312 309 868 311 310 869 313 333 870 312 310 871 313 332 872 314 332 873 314 310 874 313 311 875 315 332 876 314 311 877 315 331 878 316 331 879 316 311 880 315 312 881 317 331 882 316 312 883 317 330 884 318 330 885 318 312 886 317 313 887 319 330 888 318 313 889 319 329 890 320 329 891 320 313 892 319 314 893 321 329 894 320 314 895 321 328 896 322 328 897 322 314 898 321 315 899 323 328 900 322 315 901 323 327 902 324 327 903 324 315 904 323 316 905 325 327 906 324 316 907 325 326 908 326 326 909 326 316 910 325 317 911 327 326 912 326 317 913 327 325 914 328 325 915 328 317 916 327 318 917 329 325 918 328 318 919 329 324 920 330 324 921 330 318 922 329 319 923 331 324 924 330 319 925 331 323 926 332 323 927 332 319 928 331 320 929 333 323 930 332 320 931 333 322 932 334 322 933 334 320 934 333 321 935 335 363 936 336 336 937 337 362 938 338 362 939 338 336 940 337 337 941 339 362 942 338 337 943 339 361 944 340 361 945 340 337 946 339 338 947 341 361 948 340 338 949 341 360 950 342 360 951 342 338 952 341 339 953 343 360 954 342 339 955 343 359 956 344 359 957 344 339 958 343 340 959 345 359 960 344 340 961 345 358 962 346 358 963 346 340 964 345 341 965 347 358 966 346 341 967 347 357 968 348 357 969 348 341 970 347 342 971 349 357 972 348 342 973 349 356 974 350 356 975 350 342 976 349 343 977 351 356 978 350 343 979 351 355 980 352 355 981 352 343 982 351 344 983 353 355 984 352 344 985 353 354 986 354 354 987 354 344 988 353 345 989 355 354 990 354 345 991 355 353 992 356 353 993 356 345 994 355 346 995 357 353 996 356 346 997 357 352 998 358 352 999 358 346 1000 357 347 1001 359 352 1002 358 347 1003 359 351 1004 360 351 1005 360 347 1006 359 348 1007 361 351 1008 360 348 1009 361 350 1010 362 350 1011 362 348 1012 361 349 1013 363 391 1014 364 364 1015 365 390 1016 366 390 1017 366 364 1018 365 365 1019 367 390 1020 366 365 1021 367 389 1022 368 389 1023 368 365 1024 367 366 1025 369 389 1026 368 366 1027 369 388 1028 370 388 1029 370 366 1030 369 367 1031 371 388 1032 370 367 1033 371 387 1034 372 387 1035 372 367 1036 371 368 1037 373 387 1038 372 368 1039 373 386 1040 374 386 1041 374 368 1042 373 369 1043 375 386 1044 374 369 1045 375 385 1046 376 385 1047 376 369 1048 375 370 1049 377 385 1050 376 370 1051 377 384 1052 378 384 1053 378 370 1054 377 371 1055 379 384 1056 378 371 1057 379 383 1058 380 383 1059 380 371 1060 379 372 1061 381 383 1062 380 372 1063 381 382 1064 382 382 1065 382 372 1066 381 373 1067 383 382 1068 382 373 1069 383 381 1070 384 381 1071 384 373 1072 383 374 1073 385 381 1074 384 374 1075 385 380 1076 386 380 1077 386 374 1078 385 375 1079 387 380 1080 386 375 1081 387 379 1082 388 379 1083 388 375 1084 387 376 1085 389 379 1086 388 376 1087 389 378 1088 390 378 1089 390 376 1090 389 377 1091 391 419 1092 392 392 1093 393 418 1094 394 418 1095 394 392 1096 393 393 1097 395 418 1098 394 393 1099 395 417 1100 396 417 1101 396 393 1102 395 394 1103 397 417 1104 396 394 1105 397 416 1106 398 416 1107 398 394 1108 397 395 1109 399 416 1110 398 395 1111 399 415 1112 400 415 1113 400 395 1114 399 396 1115 401 415 1116 400 396 1117 401 414 1118 402 414 1119 402 396 1120 401 397 1121 403 414 1122 402 397 1123 403 413 1124 404 413 1125 404 397 1126 403 398 1127 405 413 1128 404 398 1129 405 412 1130 406 412 1131 406 398 1132 405 399 1133 407 412 1134 406 399 1135 407 411 1136 408 411 1137 408 399 1138 407 400 1139 409 411 1140 408 400 1141 409 410 1142 410 410 1143 410 400 1144 409 401 1145 411 410 1146 410 401 1147 411 409 1148 412 409 1149 412 401 1150 411 402 1151 413 409 1152 412 402 1153 413 408 1154 414 408 1155 414 402 1156 413 403 1157 415 408 1158 414 403 1159 415 407 1160 416 407 1161 416 403 1162 415 404 1163 417 407 1164 416 404 1165 417 406 1166 418 406 1167 418 404 1168 417 405 1169 419 447 1170 420 420 1171 421 446 1172 422 446 1173 422 420 1174 421 421 1175 423 446 1176 422 421 1177 423 445 1178 424 445 1179 424 421 1180 423 422 1181 425 445 1182 424 422 1183 425 444 1184 426 444 1185 426 422 1186 425 423 1187 427 444 1188 426 423 1189 427 443 1190 428 443 1191 428 423 1192 427 424 1193 429 443 1194 428 424 1195 429 442 1196 430 442 1197 430 424 1198 429 425 1199 431 442 1200 430 425 1201 431 441 1202 432 441 1203 432 425 1204 431 426 1205 433 441 1206 432 426 1207 433 440 1208 434 440 1209 434 426 1210 433 427 1211 435 440 1212 434 427 1213 435 439 1214 436 439 1215 436 427 1216 435 428 1217 437 439 1218 436 428 1219 437 438 1220 438 438 1221 438 428 1222 437 429 1223 439 438 1224 438 429 1225 439 437 1226 440 437 1227 440 429 1228 439 430 1229 441 437 1230 440 430 1231 441 436 1232 442 436 1233 442 430 1234 441 431 1235 443 436 1236 442 431 1237 443 435 1238 444 435 1239 444 431 1240 443 432 1241 445 435 1242 444 432 1243 445 434 1244 446 434 1245 446 432 1246 445 433 1247 447 463 1248 448 448 1249 449 462 1250 450 462 1251 450 448 1252 449 449 1253 451 462 1254 450 449 1255 451 461 1256 452 461 1257 452 449 1258 451 450 1259 453 461 1260 452 450 1261 453 460 1262 454 460 1263 454 450 1264 453 451 1265 455 460 1266 454 451 1267 455 459 1268 456 459 1269 456 451 1270 455 452 1271 457 459 1272 456 452 1273 457 458 1274 458 458 1275 458 452 1276 457 453 1277 459 458 1278 458 453 1279 459 457 1280 460 457 1281 460 453 1282 459 454 1283 461 457 1284 460 454 1285 461 456 1286 462 456 1287 462 454 1288 461 455 1289 463 491 1290 464 464 1291 465 490 1292 466 490 1293 466 464 1294 465 465 1295 467 490 1296 466 465 1297 467 489 1298 468 489 1299 468 465 1300 467 466 1301 469 489 1302 468 466 1303 469 488 1304 470 488 1305 470 466 1306 469 467 1307 471 488 1308 470 467 1309 471 487 1310 472 487 1311 472 467 1312 471 468 1313 473 487 1314 472 468 1315 473 486 1316 474 486 1317 474 468 1318 473 469 1319 475 486 1320 474 469 1321 475 485 1322 476 485 1323 476 469 1324 475 470 1325 477 485 1326 476 470 1327 477 484 1328 478 484 1329 478 470 1330 477 471 1331 479 484 1332 478 471 1333 479 483 1334 480 483 1335 480 471 1336 479 472 1337 481 483 1338 480 472 1339 481 482 1340 482 482 1341 482 472 1342 481 473 1343 483 482 1344 482 473 1345 483 481 1346 484 481 1347 484 473 1348 483 474 1349 485 481 1350 484 474 1351 485 480 1352 486 480 1353 486 474 1354 485 475 1355 487 480 1356 486 475 1357 487 479 1358 488 479 1359 488 475 1360 487 476 1361 489 479 1362 488 476 1363 489 478 1364 490 478 1365 490 476 1366 489 477 1367 491 519 1368 492 492 1369 493 518 1370 494 518 1371 494 492 1372 493 493 1373 495 518 1374 494 493 1375 495 517 1376 496 517 1377 496 493 1378 495 494 1379 497 517 1380 496 494 1381 497 516 1382 498 516 1383 498 494 1384 497 495 1385 499 516 1386 498 495 1387 499 515 1388 500 515 1389 500 495 1390 499 496 1391 501 515 1392 500 496 1393 501 514 1394 502 514 1395 502 496 1396 501 497 1397 503 514 1398 502 497 1399 503 513 1400 504 513 1401 504 497 1402 503 498 1403 505 513 1404 504 498 1405 505 512 1406 506 512 1407 506 498 1408 505 499 1409 507 512 1410 506 499 1411 507 511 1412 508 511 1413 508 499 1414 507 500 1415 509 511 1416 508 500 1417 509 510 1418 510 510 1419 510 500 1420 509 501 1421 511 510 1422 510 501 1423 511 509 1424 512 509 1425 512 501 1426 511 502 1427 513 509 1428 512 502 1429 513 508 1430 514 508 1431 514 502 1432 513 503 1433 515 508 1434 514 503 1435 515 507 1436 516 507 1437 516 503 1438 515 504 1439 517 507 1440 516 504 1441 517 506 1442 518 506 1443 518 504 1444 517 505 1445 519 547 1446 520 520 1447 521 546 1448 522 546 1449 522 520 1450 521 521 1451 523 546 1452 522 521 1453 523 545 1454 524 545 1455 524 521 1456 523 522 1457 525 545 1458 524 522 1459 525 544 1460 526 544 1461 526 522 1462 525 523 1463 527 544 1464 526 523 1465 527 543 1466 528 543 1467 528 523 1468 527 524 1469 529 543 1470 528 524 1471 529 542 1472 530 542 1473 530 524 1474 529 525 1475 531 542 1476 530 525 1477 531 541 1478 532 541 1479 532 525 1480 531 526 1481 533 541 1482 532 526 1483 533 540 1484 534 540 1485 534 526 1486 533 527 1487 535 540 1488 534 527 1489 535 539 1490 536 539 1491 536 527 1492 535 528 1493 537 539 1494 536 528 1495 537 538 1496 538 538 1497 538 528 1498 537 529 1499 539 538 1500 538 529 1501 539 537 1502 540 537 1503 540 529 1504 539 530 1505 541 537 1506 540 530 1507 541 536 1508 542 536 1509 542 530 1510 541 531 1511 543 536 1512 542 531 1513 543 535 1514 544 535 1515 544 531 1516 543 532 1517 545 535 1518 544 532 1519 545 534 1520 546 534 1521 546 532 1522 545 533 1523 547 575 1524 548 548 1525 549 574 1526 550 574 1527 550 548 1528 549 549 1529 551 574 1530 550 549 1531 551 573 1532 552 573 1533 552 549 1534 551 550 1535 553 573 1536 552 550 1537 553 572 1538 554 572 1539 554 550 1540 553 551 1541 555 572 1542 554 551 1543 555 571 1544 556 571 1545 556 551 1546 555 552 1547 557 571 1548 556 552 1549 557 570 1550 558 570 1551 558 552 1552 557 553 1553 559 570 1554 558 553 1555 559 569 1556 560 569 1557 560 553 1558 559 554 1559 561 569 1560 560 554 1561 561 568 1562 562 568 1563 562 554 1564 561 555 1565 563 568 1566 562 555 1567 563 567 1568 564 567 1569 564 555 1570 563 556 1571 565 567 1572 564 556 1573 565 566 1574 566 566 1575 566 556 1576 565 557 1577 567 566 1578 566 557 1579 567 565 1580 568 565 1581 568 557 1582 567 558 1583 569 565 1584 568 558 1585 569 564 1586 570 564 1587 570 558 1588 569 559 1589 571 564 1590 570 559 1591 571 563 1592 572 563 1593 572 559 1594 571 560 1595 573 563 1596 572 560 1597 573 562 1598 574 562 1599 574 560 1600 573 561 1601 575 603 1602 576 576 1603 577 602 1604 578 602 1605 578 576 1606 577 577 1607 579 602 1608 578 577 1609 579 601 1610 580 601 1611 580 577 1612 579 578 1613 581 601 1614 580 578 1615 581 600 1616 582 600 1617 582 578 1618 581 579 1619 583 600 1620 582 579 1621 583 599 1622 584 599 1623 584 579 1624 583 580 1625 585 599 1626 584 580 1627 585 598 1628 586 598 1629 586 580 1630 585 581 1631 587 598 1632 586 581 1633 587 597 1634 588 597 1635 588 581 1636 587 582 1637 589 597 1638 588 582 1639 589 596 1640 590 596 1641 590 582 1642 589 583 1643 591 596 1644 590 583 1645 591 595 1646 592 595 1647 592 583 1648 591 584 1649 593 595 1650 592 584 1651 593 594 1652 594 594 1653 594 584 1654 593 585 1655 595 594 1656 594 585 1657 595 593 1658 596 593 1659 596 585 1660 595 586 1661 597 593 1662 596 586 1663 597 592 1664 598 592 1665 598 586 1666 597 587 1667 599 592 1668 598 587 1669 599 591 1670 600 591 1671 600 587 1672 599 588 1673 601 591 1674 600 588 1675 601 590 1676 602 590 1677 602 588 1678 601 589 1679 603 631 1680 604 604 1681 605 630 1682 606 630 1683 606 604 1684 605 605 1685 607 630 1686 606 605 1687 607 629 1688 608 629 1689 608 605 1690 607 606 1691 609 629 1692 608 606 1693 609 628 1694 610 628 1695 610 606 1696 609 607 1697 611 628 1698 610 607 1699 611 627 1700 612 627 1701 612 607 1702 611 608 1703 613 627 1704 612 608 1705 613 626 1706 614 626 1707 614 608 1708 613 609 1709 615 626 1710 614 609 1711 615 625 1712 616 625 1713 616 609 1714 615 610 1715 617 625 1716 616 610 1717 617 624 1718 618 624 1719 618 610 1720 617 611 1721 619 624 1722 618 611 1723 619 623 1724 620 623 1725 620 611 1726 619 612 1727 621 623 1728 620 612 1729 621 622 1730 622 622 1731 622 612 1732 621 613 1733 623 622 1734 622 613 1735 623 621 1736 624 621 1737 624 613 1738 623 614 1739 625 621 1740 624 614 1741 625 620 1742 626 620 1743 626 614 1744 625 615 1745 627 620 1746 626 615 1747 627 619 1748 628 619 1749 628 615 1750 627 616 1751 629 619 1752 628 616 1753 629 618 1754 630 618 1755 630 616 1756 629 617 1757 631 659 1758 632 632 1759 633 658 1760 634 658 1761 634 632 1762 633 633 1763 635 658 1764 634 633 1765 635 657 1766 636 657 1767 636 633 1768 635 634 1769 637 657 1770 636 634 1771 637 656 1772 638 656 1773 638 634 1774 637 635 1775 639 656 1776 638 635 1777 639 655 1778 640 655 1779 640 635 1780 639 636 1781 641 655 1782 640 636 1783 641 654 1784 642 654 1785 642 636 1786 641 637 1787 643 654 1788 642 637 1789 643 653 1790 644 653 1791 644 637 1792 643 638 1793 645 653 1794 644 638 1795 645 652 1796 646 652 1797 646 638 1798 645 639 1799 647 652 1800 646 639 1801 647 651 1802 648 651 1803 648 639 1804 647 640 1805 649 651 1806 648 640 1807 649 650 1808 650 650 1809 650 640 1810 649 641 1811 651 650 1812 650 641 1813 651 649 1814 652 649 1815 652 641 1816 651 642 1817 653 649 1818 652 642 1819 653 648 1820 654 648 1821 654 642 1822 653 643 1823 655 648 1824 654 643 1825 655 647 1826 656 647 1827 656 643 1828 655 644 1829 657 647 1830 656 644 1831 657 646 1832 658 646 1833 658 644 1834 657 645 1835 659 687 1836 660 660 1837 661 686 1838 662 686 1839 662 660 1840 661 661 1841 663 686 1842 662 661 1843 663 685 1844 664 685 1845 664 661 1846 663 662 1847 665 685 1848 664 662 1849 665 684 1850 666 684 1851 666 662 1852 665 663 1853 667 684 1854 666 663 1855 667 683 1856 668 683 1857 668 663 1858 667 664 1859 669 683 1860 668 664 1861 669 682 1862 670 682 1863 670 664 1864 669 665 1865 671 682 1866 670 665 1867 671 681 1868 672 681 1869 672 665 1870 671 666 1871 673 681 1872 672 666 1873 673 680 1874 674 680 1875 674 666 1876 673 667 1877 675 680 1878 674 667 1879 675 679 1880 676 679 1881 676 667 1882 675 668 1883 677 679 1884 676 668 1885 677 678 1886 678 678 1887 678 668 1888 677 669 1889 679 678 1890 678 669 1891 679 677 1892 680 677 1893 680 669 1894 679 670 1895 681 677 1896 680 670 1897 681 676 1898 682 676 1899 682 670 1900 681 671 1901 683 676 1902 682 671 1903 683 675 1904 684 675 1905 684 671 1906 683 672 1907 685 675 1908 684 672 1909 685 674 1910 686 674 1911 686 672 1912 685 673 1913 687 715 1914 688 688 1915 689 714 1916 690 714 1917 690 688 1918 689 689 1919 691 714 1920 690 689 1921 691 713 1922 692 713 1923 692 689 1924 691 690 1925 693 713 1926 692 690 1927 693 712 1928 694 712 1929 694 690 1930 693 691 1931 695 712 1932 694 691 1933 695 711 1934 696 711 1935 696 691 1936 695 692 1937 697 711 1938 696 692 1939 697 710 1940 698 710 1941 698 692 1942 697 693 1943 699 710 1944 698 693 1945 699 709 1946 700 709 1947 700 693 1948 699 694 1949 701 709 1950 700 694 1951 701 708 1952 702 708 1953 702 694 1954 701 695 1955 703 708 1956 702 695 1957 703 707 1958 704 707 1959 704 695 1960 703 696 1961 705 707 1962 704 696 1963 705 706 1964 706 706 1965 706 696 1966 705 697 1967 707 706 1968 706 697 1969 707 705 1970 708 705 1971 708 697 1972 707 698 1973 709 705 1974 708 698 1975 709 704 1976 710 704 1977 710 698 1978 709 699 1979 711 704 1980 710 699 1981 711 703 1982 712 703 1983 712 699 1984 711 700 1985 713 703 1986 712 700 1987 713 702 1988 714 702 1989 714 700 1990 713 701 1991 715 743 1992 716 716 1993 717 742 1994 718 742 1995 718 716 1996 717 717 1997 719 742 1998 718 717 1999 719 741 2000 720 741 2001 720 717 2002 719 718 2003 721 741 2004 720 718 2005 721 740 2006 722 740 2007 722 718 2008 721 719 2009 723 740 2010 722 719 2011 723 739 2012 724 739 2013 724 719 2014 723 720 2015 725 739 2016 724 720 2017 725 738 2018 726 738 2019 726 720 2020 725 721 2021 727 738 2022 726 721 2023 727 737 2024 728 737 2025 728 721 2026 727 722 2027 729 737 2028 728 722 2029 729 736 2030 730 736 2031 730 722 2032 729 723 2033 731 736 2034 730 723 2035 731 735 2036 732 735 2037 732 723 2038 731 724 2039 733 735 2040 732 724 2041 733 734 2042 734 734 2043 734 724 2044 733 725 2045 735 734 2046 734 725 2047 735 733 2048 736 733 2049 736 725 2050 735 726 2051 737 733 2052 736 726 2053 737 732 2054 738 732 2055 738 726 2056 737 727 2057 739 732 2058 738 727 2059 739 731 2060 740 731 2061 740 727 2062 739 728 2063 741 731 2064 740 728 2065 741 730 2066 742 730 2067 742 728 2068 741 729 2069 743 771 2070 744 744 2071 745 770 2072 746 770 2073 746 744 2074 745 745 2075 747 770 2076 746 745 2077 747 769 2078 748 769 2079 748 745 2080 747 746 2081 749 769 2082 748 746 2083 749 768 2084 750 768 2085 750 746 2086 749 747 2087 751 768 2088 750 747 2089 751 767 2090 752 767 2091 752 747 2092 751 748 2093 753 767 2094 752 748 2095 753 766 2096 754 766 2097 754 748 2098 753 749 2099 755 766 2100 754 749 2101 755 765 2102 756 765 2103 756 749 2104 755 750 2105 757 765 2106 756 750 2107 757 764 2108 758 764 2109 758 750 2110 757 751 2111 759 764 2112 758 751 2113 759 763 2114 760 763 2115 760 751 2116 759 752 2117 761 763 2118 760 752 2119 761 762 2120 762 762 2121 762 752 2122 761 753 2123 763 762 2124 762 753 2125 763 761 2126 764 761 2127 764 753 2128 763 754 2129 765 761 2130 764 754 2131 765 760 2132 766 760 2133 766 754 2134 765 755 2135 767 760 2136 766 755 2137 767 759 2138 768 759 2139 768 755 2140 767 756 2141 769 759 2142 768 756 2143 769 758 2144 770 758 2145 770 756 2146 769 757 2147 771 799 2148 772 772 2149 773 798 2150 774 798 2151 774 772 2152 773 773 2153 775 798 2154 774 773 2155 775 797 2156 776 797 2157 776 773 2158 775 774 2159 777 797 2160 776 774 2161 777 796 2162 778 796 2163 778 774 2164 777 775 2165 779 796 2166 778 775 2167 779 795 2168 780 795 2169 780 775 2170 779 776 2171 781 795 2172 780 776 2173 781 794 2174 782 794 2175 782 776 2176 781 777 2177 783 794 2178 782 777 2179 783 793 2180 784 793 2181 784 777 2182 783 778 2183 785 793 2184 784 778 2185 785 792 2186 786 792 2187 786 778 2188 785 779 2189 787 792 2190 786 779 2191 787 791 2192 788 791 2193 788 779 2194 787 780 2195 789 791 2196 788 780 2197 789 790 2198 790 790 2199 790 780 2200 789 781 2201 791 790 2202 790 781 2203 791 789 2204 792 789 2205 792 781 2206 791 782 2207 793 789 2208 792 782 2209 793 788 2210 794 788 2211 794 782 2212 793 783 2213 795 788 2214 794 783 2215 795 787 2216 796 787 2217 796 783 2218 795 784 2219 797 787 2220 796 784 2221 797 786 2222 798 786 2223 798 784 2224 797 785 2225 799 827 2226 800 800 2227 801 826 2228 802 826 2229 802 800 2230 801 801 2231 803 826 2232 802 801 2233 803 825 2234 804 825 2235 804 801 2236 803 802 2237 805 825 2238 804 802 2239 805 824 2240 806 824 2241 806 802 2242 805 803 2243 807 824 2244 806 803 2245 807 823 2246 808 823 2247 808 803 2248 807 804 2249 809 823 2250 808 804 2251 809 822 2252 810 822 2253 810 804 2254 809 805 2255 811 822 2256 810 805 2257 811 821 2258 812 821 2259 812 805 2260 811 806 2261 813 821 2262 812 806 2263 813 820 2264 814 820 2265 814 806 2266 813 807 2267 815 820 2268 814 807 2269 815 819 2270 816 819 2271 816 807 2272 815 808 2273 817 819 2274 816 808 2275 817 818 2276 818 818 2277 818 808 2278 817 809 2279 819 818 2280 818 809 2281 819 817 2282 820 817 2283 820 809 2284 819 810 2285 821 817 2286 820 810 2287 821 816 2288 822 816 2289 822 810 2290 821 811 2291 823 816 2292 822 811 2293 823 815 2294 824 815 2295 824 811 2296 823 812 2297 825 815 2298 824 812 2299 825 814 2300 826 814 2301 826 812 2302 825 813 2303 827 855 2304 828 828 2305 829 854 2306 830 854 2307 830 828 2308 829 829 2309 831 854 2310 830 829 2311 831 853 2312 832 853 2313 832 829 2314 831 830 2315 833 853 2316 832 830 2317 833 852 2318 834 852 2319 834 830 2320 833 831 2321 835 852 2322 834 831 2323 835 851 2324 836 851 2325 836 831 2326 835 832 2327 837 851 2328 836 832 2329 837 850 2330 838 850 2331 838 832 2332 837 833 2333 839 850 2334 838 833 2335 839 849 2336 840 849 2337 840 833 2338 839 834 2339 841 849 2340 840 834 2341 841 848 2342 842 848 2343 842 834 2344 841 835 2345 843 848 2346 842 835 2347 843 847 2348 844 847 2349 844 835 2350 843 836 2351 845 847 2352 844 836 2353 845 846 2354 846 846 2355 846 836 2356 845 837 2357 847 846 2358 846 837 2359 847 845 2360 848 845 2361 848 837 2362 847 838 2363 849 845 2364 848 838 2365 849 844 2366 850 844 2367 850 838 2368 849 839 2369 851 844 2370 850 839 2371 851 843 2372 852 843 2373 852 839 2374 851 840 2375 853 843 2376 852 840 2377 853 842 2378 854 842 2379 854 840 2380 853 841 2381 855 883 2382 856 856 2383 857 882 2384 858 882 2385 858 856 2386 857 857 2387 859 882 2388 858 857 2389 859 881 2390 860 881 2391 860 857 2392 859 858 2393 861 881 2394 860 858 2395 861 880 2396 862 880 2397 862 858 2398 861 859 2399 863 880 2400 862 859 2401 863 879 2402 864 879 2403 864 859 2404 863 860 2405 865 879 2406 864 860 2407 865 878 2408 866 878 2409 866 860 2410 865 861 2411 867 878 2412 866 861 2413 867 877 2414 868 877 2415 868 861 2416 867 862 2417 869 877 2418 868 862 2419 869 876 2420 870 876 2421 870 862 2422 869 863 2423 871 876 2424 870 863 2425 871 875 2426 872 875 2427 872 863 2428 871 864 2429 873 875 2430 872 864 2431 873 874 2432 874 874 2433 874 864 2434 873 865 2435 875 874 2436 874 865 2437 875 873 2438 876 873 2439 876 865 2440 875 866 2441 877 873 2442 876 866 2443 877 872 2444 878 872 2445 878 866 2446 877 867 2447 879 872 2448 878 867 2449 879 871 2450 880 871 2451 880 867 2452 879 868 2453 881 871 2454 880 868 2455 881 870 2456 882 870 2457 882 868 2458 881 869 2459 883 911 2460 884 884 2461 885 910 2462 886 910 2463 886 884 2464 885 885 2465 887 910 2466 886 885 2467 887 909 2468 888 909 2469 888 885 2470 887 886 2471 889 909 2472 888 886 2473 889 908 2474 890 908 2475 890 886 2476 889 887 2477 891 908 2478 890 887 2479 891 907 2480 892 907 2481 892 887 2482 891 888 2483 893 907 2484 892 888 2485 893 906 2486 894 906 2487 894 888 2488 893 889 2489 895 906 2490 894 889 2491 895 905 2492 896 905 2493 896 889 2494 895 890 2495 897 905 2496 896 890 2497 897 904 2498 898 904 2499 898 890 2500 897 891 2501 899 904 2502 898 891 2503 899 903 2504 900 903 2505 900 891 2506 899 892 2507 901 903 2508 900 892 2509 901 902 2510 902 902 2511 902 892 2512 901 893 2513 903 902 2514 902 893 2515 903 901 2516 904 901 2517 904 893 2518 903 894 2519 905 901 2520 904 894 2521 905 900 2522 906 900 2523 906 894 2524 905 895 2525 907 900 2526 906 895 2527 907 899 2528 908 899 2529 908 895 2530 907 896 2531 909 899 2532 908 896 2533 909 898 2534 910 898 2535 910 896 2536 909 897 2537 911 939 2538 912 912 2539 913 938 2540 914 938 2541 914 912 2542 913 913 2543 915 938 2544 914 913 2545 915 937 2546 916 937 2547 916 913 2548 915 914 2549 917 937 2550 916 914 2551 917 936 2552 918 936 2553 918 914 2554 917 915 2555 919 936 2556 918 915 2557 919 935 2558 920 935 2559 920 915 2560 919 916 2561 921 935 2562 920 916 2563 921 934 2564 922 934 2565 922 916 2566 921 917 2567 923 934 2568 922 917 2569 923 933 2570 924 933 2571 924 917 2572 923 918 2573 925 933 2574 924 918 2575 925 932 2576 926 932 2577 926 918 2578 925 919 2579 927 932 2580 926 919 2581 927 931 2582 928 931 2583 928 919 2584 927 920 2585 929 931 2586 928 920 2587 929 930 2588 930 930 2589 930 920 2590 929 921 2591 931 930 2592 930 921 2593 931 929 2594 932 929 2595 932 921 2596 931 922 2597 933 929 2598 932 922 2599 933 928 2600 934 928 2601 934 922 2602 933 923 2603 935 928 2604 934 923 2605 935 927 2606 936 927 2607 936 923 2608 935 924 2609 937 927 2610 936 924 2611 937 926 2612 938 926 2613 938 924 2614 937 925 2615 939 967 2616 940 940 2617 941 966 2618 942 966 2619 942 940 2620 941 941 2621 943 966 2622 942 941 2623 943 965 2624 944 965 2625 944 941 2626 943 942 2627 945 965 2628 944 942 2629 945 964 2630 946 964 2631 946 942 2632 945 943 2633 947 964 2634 946 943 2635 947 963 2636 948 963 2637 948 943 2638 947 944 2639 949 963 2640 948 944 2641 949 962 2642 950 962 2643 950 944 2644 949 945 2645 951 962 2646 950 945 2647 951 961 2648 952 961 2649 952 945 2650 951 946 2651 953 961 2652 952 946 2653 953 960 2654 954 960 2655 954 946 2656 953 947 2657 955 960 2658 954 947 2659 955 959 2660 956 959 2661 956 947 2662 955 948 2663 957 959 2664 956 948 2665 957 958 2666 958 958 2667 958 948 2668 957 949 2669 959 958 2670 958 949 2671 959 957 2672 960 957 2673 960 949 2674 959 950 2675 961 957 2676 960 950 2677 961 956 2678 962 956 2679 962 950 2680 961 951 2681 963 956 2682 962 951 2683 963 955 2684 964 955 2685 964 951 2686 963 952 2687 965 955 2688 964 952 2689 965 954 2690 966 954 2691 966 952 2692 965 953 2693 967 995 2694 968 968 2695 969 994 2696 970 994 2697 970 968 2698 969 969 2699 971 994 2700 970 969 2701 971 993 2702 972 993 2703 972 969 2704 971 970 2705 973 993 2706 972 970 2707 973 992 2708 974 992 2709 974 970 2710 973 971 2711 975 992 2712 974 971 2713 975 991 2714 976 991 2715 976 971 2716 975 972 2717 977 991 2718 976 972 2719 977 990 2720 978 990 2721 978 972 2722 977 973 2723 979 990 2724 978 973 2725 979 989 2726 980 989 2727 980 973 2728 979 974 2729 981 989 2730 980 974 2731 981 988 2732 982 988 2733 982 974 2734 981 975 2735 983 988 2736 982 975 2737 983 987 2738 984 987 2739 984 975 2740 983 976 2741 985 987 2742 984 976 2743 985 986 2744 986 986 2745 986 976 2746 985 977 2747 987 986 2748 986 977 2749 987 985 2750 988 985 2751 988 977 2752 987 978 2753 989 985 2754 988 978 2755 989 984 2756 990 984 2757 990 978 2758 989 979 2759 991 984 2760 990 979 2761 991 983 2762 992 983 2763 992 979 2764 991 980 2765 993 983 2766 992 980 2767 993 982 2768 994 982 2769 994 980 2770 993 981 2771 995 996 2772 996 997 2773 997 1013 2774 998 1013 2775 998 997 2776 997 1011 2777 999 1013 2778 998 1011 2779 999 1012 2780 1000 1011 2781 999 997 2782 997 1010 2783 1001 1010 2784 1001 997 2785 997 998 2786 1002 1010 2787 1001 998 2788 1002 1009 2789 1003 1009 2790 1003 998 2791 1002 999 2792 1004 1009 2793 1003 999 2794 1004 1008 2795 1005 1008 2796 1005 999 2797 1004 1000 2798 1006 1008 2799 1005 1000 2800 1006 1007 2801 1007 1007 2802 1007 1000 2803 1006 1001 2804 1008 1007 2805 1007 1001 2806 1008 1006 2807 1009 1006 2808 1009 1001 2809 1008 1002 2810 1010 1006 2811 1009 1002 2812 1010 1004 2813 1011 1004 2814 1011 1002 2815 1010 1003 2816 1012 1004 2817 1011 1005 2818 1013 1006 2819 1009 1041 2820 1014 1014 2821 1015 1040 2822 1016 1040 2823 1016 1014 2824 1015 1015 2825 1017 1040 2826 1016 1015 2827 1017 1039 2828 1018 1039 2829 1018 1015 2830 1017 1016 2831 1019 1039 2832 1018 1016 2833 1019 1038 2834 1020 1038 2835 1020 1016 2836 1019 1017 2837 1021 1038 2838 1020 1017 2839 1021 1037 2840 1022 1037 2841 1022 1017 2842 1021 1018 2843 1023 1037 2844 1022 1018 2845 1023 1036 2846 1024 1036 2847 1024 1018 2848 1023 1019 2849 1025 1036 2850 1024 1019 2851 1025 1035 2852 1026 1035 2853 1026 1019 2854 1025 1020 2855 1027 1035 2856 1026 1020 2857 1027 1034 2858 1028 1034 2859 1028 1020 2860 1027 1021 2861 1029 1034 2862 1028 1021 2863 1029 1033 2864 1030 1033 2865 1030 1021 2866 1029 1022 2867 1031 1033 2868 1030 1022 2869 1031 1032 2870 1032 1032 2871 1032 1022 2872 1031 1023 2873 1033 1032 2874 1032 1023 2875 1033 1031 2876 1034 1031 2877 1034 1023 2878 1033 1024 2879 1035 1031 2880 1034 1024 2881 1035 1030 2882 1036 1030 2883 1036 1024 2884 1035 1025 2885 1037 1030 2886 1036 1025 2887 1037 1029 2888 1038 1029 2889 1038 1025 2890 1037 1026 2891 1039 1029 2892 1038 1026 2893 1039 1028 2894 1040 1028 2895 1040 1026 2896 1039 1027 2897 1041 1069 2898 1042 1042 2899 1043 1068 2900 1044 1068 2901 1044 1042 2902 1043 1043 2903 1045 1068 2904 1044 1043 2905 1045 1067 2906 1046 1067 2907 1046 1043 2908 1045 1044 2909 1047 1067 2910 1046 1044 2911 1047 1066 2912 1048 1066 2913 1048 1044 2914 1047 1045 2915 1049 1066 2916 1048 1045 2917 1049 1065 2918 1050 1065 2919 1050 1045 2920 1049 1046 2921 1051 1065 2922 1050 1046 2923 1051 1064 2924 1052 1064 2925 1052 1046 2926 1051 1047 2927 1053 1064 2928 1052 1047 2929 1053 1063 2930 1054 1063 2931 1054 1047 2932 1053 1048 2933 1055 1063 2934 1054 1048 2935 1055 1062 2936 1056 1062 2937 1056 1048 2938 1055 1049 2939 1057 1062 2940 1056 1049 2941 1057 1061 2942 1058 1061 2943 1058 1049 2944 1057 1050 2945 1059 1061 2946 1058 1050 2947 1059 1060 2948 1060 1060 2949 1060 1050 2950 1059 1051 2951 1061 1060 2952 1060 1051 2953 1061 1059 2954 1062 1059 2955 1062 1051 2956 1061 1052 2957 1063 1059 2958 1062 1052 2959 1063 1058 2960 1064 1058 2961 1064 1052 2962 1063 1053 2963 1065 1058 2964 1064 1053 2965 1065 1057 2966 1066 1057 2967 1066 1053 2968 1065 1054 2969 1067 1057 2970 1066 1054 2971 1067 1056 2972 1068 1056 2973 1068 1054 2974 1067 1055 2975 1069 1097 2976 1070 1070 2977 1071 1096 2978 1072 1096 2979 1072 1070 2980 1071 1071 2981 1073 1096 2982 1072 1071 2983 1073 1095 2984 1074 1095 2985 1074 1071 2986 1073 1072 2987 1075 1095 2988 1074 1072 2989 1075 1094 2990 1076 1094 2991 1076 1072 2992 1075 1073 2993 1077 1094 2994 1076 1073 2995 1077 1093 2996 1078 1093 2997 1078 1073 2998 1077 1074 2999 1079 1093 3000 1078 1074 3001 1079 1092 3002 1080 1092 3003 1080 1074 3004 1079 1075 3005 1081 1092 3006 1080 1075 3007 1081 1091 3008 1082 1091 3009 1082 1075 3010 1081 1076 3011 1083 1091 3012 1082 1076 3013 1083 1090 3014 1084 1090 3015 1084 1076 3016 1083 1077 3017 1085 1090 3018 1084 1077 3019 1085 1089 3020 1086 1089 3021 1086 1077 3022 1085 1078 3023 1087 1089 3024 1086 1078 3025 1087 1088 3026 1088 1088 3027 1088 1078 3028 1087 1079 3029 1089 1088 3030 1088 1079 3031 1089 1087 3032 1090 1087 3033 1090 1079 3034 1089 1080 3035 1091 1087 3036 1090 1080 3037 1091 1086 3038 1092 1086 3039 1092 1080 3040 1091 1081 3041 1093 1086 3042 1092 1081 3043 1093 1085 3044 1094 1085 3045 1094 1081 3046 1093 1082 3047 1095 1085 3048 1094 1082 3049 1095 1084 3050 1096 1084 3051 1096 1082 3052 1095 1083 3053 1097 1125 3054 1098 1098 3055 1099 1124 3056 1100 1124 3057 1100 1098 3058 1099 1099 3059 1101 1124 3060 1100 1099 3061 1101 1123 3062 1102 1123 3063 1102 1099 3064 1101 1100 3065 1103 1123 3066 1102 1100 3067 1103 1122 3068 1104 1122 3069 1104 1100 3070 1103 1101 3071 1105 1122 3072 1104 1101 3073 1105 1121 3074 1106 1121 3075 1106 1101 3076 1105 1102 3077 1107 1121 3078 1106 1102 3079 1107 1120 3080 1108 1120 3081 1108 1102 3082 1107 1103 3083 1109 1120 3084 1108 1103 3085 1109 1119 3086 1110 1119 3087 1110 1103 3088 1109 1104 3089 1111 1119 3090 1110 1104 3091 1111 1118 3092 1112 1118 3093 1112 1104 3094 1111 1105 3095 1113 1118 3096 1112 1105 3097 1113 1117 3098 1114 1117 3099 1114 1105 3100 1113 1106 3101 1115 1117 3102 1114 1106 3103 1115 1116 3104 1116 1116 3105 1116 1106 3106 1115 1107 3107 1117 1116 3108 1116 1107 3109 1117 1115 3110 1118 1115 3111 1118 1107 3112 1117 1108 3113 1119 1115 3114 1118 1108 3115 1119 1114 3116 1120 1114 3117 1120 1108 3118 1119 1109 3119 1121 1114 3120 1120 1109 3121 1121 1113 3122 1122 1113 3123 1122 1109 3124 1121 1110 3125 1123 1113 3126 1122 1110 3127 1123 1112 3128 1124 1112 3129 1124 1110 3130 1123 1111 3131 1125 1127 3132 1126 1128 3133 1127 1126 3134 1128 1126 3135 1128 1128 3136 1127 1129 3137 1129 1126 3138 1128 1129 3139 1129 1143 3140 1130 1143 3141 1130 1129 3142 1129 1142 3143 1131 1142 3144 1131 1129 3145 1129 1130 3146 1132 1142 3147 1131 1130 3148 1132 1132 3149 1133 1132 3150 1133 1130 3151 1132 1131 3152 1134 1132 3153 1133 1133 3154 1135 1142 3155 1131 1142 3156 1131 1133 3157 1135 1141 3158 1136 1141 3159 1136 1133 3160 1135 1135 3161 1137 1141 3162 1136 1135 3163 1137 1136 3164 1138 1133 3165 1135 1134 3166 1139 1135 3167 1137 1137 3168 1140 1138 3169 1141 1136 3170 1138 1136 3171 1138 1138 3172 1141 1144 3173 1142 1136 3174 1138 1144 3175 1142 1141 3176 1136 1138 3177 1141 1139 3178 1143 1144 3179 1142 1144 3180 1142 1139 3181 1143 1140 3182 1144 1144 3183 1142 1140 3184 1144 1143 3185 1130 1143 3186 1130 1140 3187 1144 1126 3188 1128 1145 3189 1145 1146 3190 1146 1153 3191 1147 1153 3192 1147 1146 3193 1146 1152 3194 1148 1152 3195 1148 1146 3196 1146 1151 3197 1149 1151 3198 1149 1146 3199 1146 1150 3200 1150 1150 3201 1150 1146 3202 1146 1149 3203 1151 1149 3204 1151 1146 3205 1146 1148 3206 1152 1148 3207 1152 1146 3208 1146 1147 3209 1153 1155 3210 1154 1156 3211 1155 1154 3212 1156 1154 3213 1156 1156 3214 1155 1157 3215 1157 1154 3216 1156 1157 3217 1157 1158 3218 1158 1158 3219 1158 1159 3220 1159 1154 3221 1156 1154 3222 1156 1159 3223 1159 1160 3224 1160 1154 3225 1156 1160 3226 1160 1161 3227 1161 1161 3228 1161 1162 3229 1162 1154 3230 1156 1164 3231 1163 1165 3232 1164 1163 3233 1165 1163 3234 1165 1165 3235 1164 1166 3236 1166 1163 3237 1165 1166 3238 1166 1167 3239 1167 1167 3240 1167 1168 3241 1168 1163 3242 1165 1163 3243 1165 1168 3244 1168 1169 3245 1169 1163 3246 1165 1169 3247 1169 1170 3248 1170 1170 3249 1170 1171 3250 1171 1163 3251 1165 1172 3252 1172 1173 3253 1173 1180 3254 1174 1180 3255 1174 1173 3256 1173 1179 3257 1175 1179 3258 1175 1173 3259 1173 1178 3260 1176 1178 3261 1176 1173 3262 1173 1177 3263 1177 1177 3264 1177 1173 3265 1173 1176 3266 1178 1176 3267 1178 1173 3268 1173 1175 3269 1179 1175 3270 1179 1173 3271 1173 1174 3272 1180 1181 3273 1181 1182 3274 1182 1195 3275 1183 1195 3276 1183 1182 3277 1182 1194 3278 1184 1194 3279 1184 1182 3280 1182 1199 3281 1185 1194 3282 1184 1199 3283 1185 1193 3284 1186 1193 3285 1186 1199 3286 1185 1196 3287 1187 1193 3288 1186 1196 3289 1187 1191 3290 1188 1191 3291 1188 1196 3292 1187 1190 3293 1189 1190 3294 1189 1196 3295 1187 1197 3296 1190 1190 3297 1189 1197 3298 1190 1188 3299 1191 1188 3300 1191 1197 3301 1190 1187 3302 1192 1187 3303 1192 1197 3304 1190 1198 3305 1193 1187 3306 1192 1198 3307 1193 1185 3308 1194 1185 3309 1194 1198 3310 1193 1184 3311 1195 1184 3312 1195 1198 3313 1193 1199 3314 1185 1184 3315 1195 1199 3316 1185 1183 3317 1196 1183 3318 1196 1199 3319 1185 1182 3320 1182 1185 3321 1194 1186 3322 1197 1187 3323 1192 1188 3324 1191 1189 3325 1198 1190 3326 1189 1191 3327 1188 1192 3328 1199 1193 3329 1186 1126 3330 1200 906 3331 1201 1200 3332 1202 1200 3333 1202 906 3334 1201 905 3335 1203 1200 3336 1202 905 3337 1203 904 3338 1204 1140 3339 1205 939 3340 1206 1126 3341 1200 1126 3342 1200 939 3343 1206 911 3344 1207 1126 3345 1200 911 3346 1207 910 3347 1208 1201 3348 1209 1235 3349 1210 1140 3350 1205 1140 3351 1205 1235 3352 1210 1236 3353 1211 1140 3354 1205 1236 3355 1211 1237 3356 1212 1202 3357 1213 1232 3358 1214 1201 3359 1209 1201 3360 1209 1232 3361 1214 1233 3362 1215 1201 3363 1209 1233 3364 1215 1234 3365 1216 1232 3366 1214 1202 3367 1213 1231 3368 1217 1231 3369 1217 1202 3370 1213 1203 3371 1218 1231 3372 1217 1203 3373 1218 1230 3374 1219 1230 3375 1219 1203 3376 1218 1204 3377 1220 1230 3378 1219 1204 3379 1220 1229 3380 1221 1229 3381 1221 1204 3382 1220 1205 3383 1222 1229 3384 1221 1205 3385 1222 1228 3386 1223 1228 3387 1223 1205 3388 1222 1227 3389 1224 1227 3390 1224 1205 3391 1222 1206 3392 1225 1227 3393 1224 1206 3394 1225 1207 3395 1226 1227 3396 1224 1207 3397 1226 926 3398 1227 926 3399 1227 1207 3400 1226 1208 3401 1228 926 3402 1227 1208 3403 1228 1004 3404 1229 1004 3405 1229 1209 3406 1230 926 3407 1227 926 3408 1227 1209 3409 1230 898 3410 1231 926 3411 1227 898 3412 1231 927 3413 1232 927 3414 1232 898 3415 1231 1215 3416 1233 927 3417 1232 1215 3418 1233 928 3419 1234 928 3420 1234 1215 3421 1233 1216 3422 1235 928 3423 1234 1216 3424 1235 929 3425 1236 929 3426 1236 1216 3427 1235 1217 3428 1237 929 3429 1236 1217 3430 1237 930 3431 1238 930 3432 1238 1217 3433 1237 1218 3434 1239 930 3435 1238 1218 3436 1239 931 3437 1240 931 3438 1240 1218 3439 1239 1219 3440 1241 931 3441 1240 1219 3442 1241 932 3443 1242 932 3444 1242 1219 3445 1241 1220 3446 1243 932 3447 1242 1220 3448 1243 1221 3449 1244 1209 3450 1230 1210 3451 1245 898 3452 1231 898 3453 1231 1210 3454 1245 899 3455 1246 899 3456 1246 1210 3457 1245 1211 3458 1247 899 3459 1246 1211 3460 1247 900 3461 1248 900 3462 1248 1211 3463 1247 1212 3464 1249 900 3465 1248 1212 3466 1249 901 3467 1250 901 3468 1250 1212 3469 1249 902 3470 1251 902 3471 1251 1212 3472 1249 1213 3473 1252 902 3474 1251 1213 3475 1252 903 3476 1253 903 3477 1253 1213 3478 1252 1214 3479 1254 903 3480 1253 1214 3481 1254 904 3482 1204 904 3483 1204 1214 3484 1254 1200 3485 1202 932 3486 1242 1221 3487 1244 933 3488 1255 933 3489 1255 1221 3490 1244 1222 3491 1256 933 3492 1255 1222 3493 1256 934 3494 1257 934 3495 1257 1222 3496 1256 1223 3497 1258 934 3498 1257 1223 3499 1258 935 3500 1259 935 3501 1259 1223 3502 1258 1224 3503 1260 935 3504 1259 1224 3505 1260 936 3506 1261 936 3507 1261 1224 3508 1260 1225 3509 1262 936 3510 1261 1225 3511 1262 937 3512 1263 937 3513 1263 1225 3514 1262 1226 3515 1264 937 3516 1263 1226 3517 1264 938 3518 1265 938 3519 1265 1226 3520 1264 939 3521 1206 939 3522 1206 1226 3523 1264 911 3524 1207 910 3525 1208 909 3526 1266 1126 3527 1200 1126 3528 1200 909 3529 1266 908 3530 1267 1126 3531 1200 908 3532 1267 907 3533 1268 907 3534 1268 906 3535 1201 1126 3536 1200 1234 3537 1216 1235 3538 1210 1201 3539 1209 1237 3540 1212 1238 3541 1269 1140 3542 1205 1140 3543 1205 1238 3544 1269 939 3545 1206 1112 3546 1270 1111 3547 1271 1262 3548 1272 1262 3549 1272 1111 3550 1271 1239 3551 1273 1262 3552 1272 1239 3553 1273 1261 3554 1274 1261 3555 1274 1239 3556 1273 1240 3557 1275 1261 3558 1274 1240 3559 1275 1260 3560 1276 1260 3561 1276 1240 3562 1275 1241 3563 1277 1260 3564 1276 1241 3565 1277 1259 3566 1278 1259 3567 1278 1241 3568 1277 1242 3569 1279 1259 3570 1278 1242 3571 1279 1258 3572 1280 1258 3573 1280 1242 3574 1279 1243 3575 1281 1258 3576 1280 1243 3577 1281 1257 3578 1282 1257 3579 1282 1243 3580 1281 1244 3581 1283 1257 3582 1282 1244 3583 1283 1256 3584 1284 1256 3585 1284 1244 3586 1283 1245 3587 1285 1256 3588 1284 1245 3589 1285 1255 3590 1286 1255 3591 1286 1245 3592 1285 1246 3593 1287 1255 3594 1286 1246 3595 1287 1254 3596 1288 1254 3597 1288 1246 3598 1287 1247 3599 1289 1254 3600 1288 1247 3601 1289 1253 3602 1290 1253 3603 1290 1247 3604 1289 1248 3605 1291 1253 3606 1290 1248 3607 1291 1252 3608 1292 1252 3609 1292 1248 3610 1291 1249 3611 1293 1252 3612 1292 1249 3613 1293 1251 3614 1294 1251 3615 1294 1249 3616 1293 1250 3617 1295 1251 3618 1294 1250 3619 1295 1125 3620 1296 1125 3621 1296 1250 3622 1295 1098 3623 1297 1264 3624 1298 1265 3625 1299 1263 3626 1300 1263 3627 1300 1265 3628 1299 1266 3629 1301 1267 3630 1302 1268 3631 1303 1285 3632 1304 1285 3633 1304 1268 3634 1303 1284 3635 1305 1284 3636 1305 1268 3637 1303 1278 3638 1306 1284 3639 1305 1278 3640 1306 1279 3641 1307 1269 3642 1308 1270 3643 1309 1268 3644 1303 1268 3645 1303 1270 3646 1309 1271 3647 1310 1268 3648 1303 1271 3649 1310 1272 3650 1311 1272 3651 1311 1273 3652 1312 1268 3653 1303 1268 3654 1303 1273 3655 1312 1274 3656 1313 1268 3657 1303 1274 3658 1313 1275 3659 1314 1275 3660 1314 1276 3661 1315 1268 3662 1303 1268 3663 1303 1276 3664 1315 1277 3665 1316 1268 3666 1303 1277 3667 1316 1278 3668 1306 1279 3669 1307 1280 3670 1317 1284 3671 1305 1284 3672 1305 1280 3673 1317 1281 3674 1318 1284 3675 1305 1281 3676 1318 1282 3677 1319 1284 3678 1305 1282 3679 1319 1283 3680 1320 1283 3681 1320 1282 3682 1319 1131 3683 1321 1283 3684 1320 1131 3685 1321 1130 3686 1322 1084 3687 1323 1083 3688 1324 1309 3689 1325 1309 3690 1325 1083 3691 1324 1286 3692 1326 1309 3693 1325 1286 3694 1326 1308 3695 1327 1308 3696 1327 1286 3697 1326 1287 3698 1328 1308 3699 1327 1287 3700 1328 1307 3701 1329 1307 3702 1329 1287 3703 1328 1288 3704 1330 1307 3705 1329 1288 3706 1330 1306 3707 1331 1306 3708 1331 1288 3709 1330 1289 3710 1332 1306 3711 1331 1289 3712 1332 1305 3713 1333 1305 3714 1333 1289 3715 1332 1290 3716 1334 1305 3717 1333 1290 3718 1334 1304 3719 1335 1304 3720 1335 1290 3721 1334 1291 3722 1336 1304 3723 1335 1291 3724 1336 1303 3725 1337 1303 3726 1337 1291 3727 1336 1292 3728 1338 1303 3729 1337 1292 3730 1338 1302 3731 1339 1302 3732 1339 1292 3733 1338 1293 3734 1340 1302 3735 1339 1293 3736 1340 1301 3737 1341 1301 3738 1341 1293 3739 1340 1294 3740 1342 1301 3741 1341 1294 3742 1342 1300 3743 1343 1300 3744 1343 1294 3745 1342 1295 3746 1344 1300 3747 1343 1295 3748 1344 1299 3749 1345 1299 3750 1345 1295 3751 1344 1296 3752 1346 1299 3753 1345 1296 3754 1346 1298 3755 1347 1298 3756 1347 1296 3757 1346 1297 3758 1348 1298 3759 1347 1297 3760 1348 1097 3761 1349 1097 3762 1349 1297 3763 1348 1070 3764 1350 1056 3765 1351 1055 3766 1352 1333 3767 1353 1333 3768 1353 1055 3769 1352 1310 3770 1354 1333 3771 1353 1310 3772 1354 1332 3773 1355 1332 3774 1355 1310 3775 1354 1311 3776 1356 1332 3777 1355 1311 3778 1356 1331 3779 1357 1331 3780 1357 1311 3781 1356 1312 3782 1358 1331 3783 1357 1312 3784 1358 1330 3785 1359 1330 3786 1359 1312 3787 1358 1313 3788 1360 1330 3789 1359 1313 3790 1360 1329 3791 1361 1329 3792 1361 1313 3793 1360 1314 3794 1362 1329 3795 1361 1314 3796 1362 1328 3797 1363 1328 3798 1363 1314 3799 1362 1315 3800 1364 1328 3801 1363 1315 3802 1364 1327 3803 1365 1327 3804 1365 1315 3805 1364 1316 3806 1366 1327 3807 1365 1316 3808 1366 1326 3809 1367 1326 3810 1367 1316 3811 1366 1317 3812 1368 1326 3813 1367 1317 3814 1368 1325 3815 1369 1325 3816 1369 1317 3817 1368 1318 3818 1370 1325 3819 1369 1318 3820 1370 1324 3821 1371 1324 3822 1371 1318 3823 1370 1319 3824 1372 1324 3825 1371 1319 3826 1372 1323 3827 1373 1323 3828 1373 1319 3829 1372 1320 3830 1374 1323 3831 1373 1320 3832 1374 1322 3833 1375 1322 3834 1375 1320 3835 1374 1321 3836 1376 1322 3837 1375 1321 3838 1376 1069 3839 1377 1069 3840 1377 1321 3841 1376 1042 3842 1378 1028 3843 1379 1027 3844 1380 1357 3845 1381 1357 3846 1381 1027 3847 1380 1334 3848 1382 1357 3849 1381 1334 3850 1382 1356 3851 1383 1356 3852 1383 1334 3853 1382 1335 3854 1384 1356 3855 1383 1335 3856 1384 1355 3857 1385 1355 3858 1385 1335 3859 1384 1336 3860 1386 1355 3861 1385 1336 3862 1386 1354 3863 1387 1354 3864 1387 1336 3865 1386 1337 3866 1388 1354 3867 1387 1337 3868 1388 1353 3869 1389 1353 3870 1389 1337 3871 1388 1338 3872 1390 1353 3873 1389 1338 3874 1390 1352 3875 1391 1352 3876 1391 1338 3877 1390 1339 3878 1392 1352 3879 1391 1339 3880 1392 1351 3881 1393 1351 3882 1393 1339 3883 1392 1340 3884 1394 1351 3885 1393 1340 3886 1394 1350 3887 1395 1350 3888 1395 1340 3889 1394 1341 3890 1396 1350 3891 1395 1341 3892 1396 1349 3893 1397 1349 3894 1397 1341 3895 1396 1342 3896 1398 1349 3897 1397 1342 3898 1398 1348 3899 1399 1348 3900 1399 1342 3901 1398 1343 3902 1400 1348 3903 1399 1343 3904 1400 1347 3905 1401 1347 3906 1401 1343 3907 1400 1344 3908 1402 1347 3909 1401 1344 3910 1402 1346 3911 1403 1346 3912 1403 1344 3913 1402 1345 3914 1404 1346 3915 1403 1345 3916 1404 1041 3917 1405 1041 3918 1405 1345 3919 1404 1014 3920 1406 1359 3921 1407 1360 3922 1408 1358 3923 1409 1358 3924 1409 1360 3925 1408 1264 3926 1410 1358 3927 1409 1264 3928 1410 1263 3929 1411 1361 3930 1412 1379 3931 1413 1263 3932 1411 1263 3933 1411 1379 3934 1413 1380 3935 1414 1263 3936 1411 1380 3937 1414 1381 3938 1415 1362 3939 1416 1132 3940 1417 1361 3941 1412 1361 3942 1412 1132 3943 1417 1376 3944 1418 1361 3945 1412 1376 3946 1418 1377 3947 1419 1363 3948 1420 1369 3949 1421 1362 3950 1416 1362 3951 1416 1369 3952 1421 1370 3953 1422 1362 3954 1416 1370 3955 1422 1371 3956 1423 1364 3957 1424 1365 3958 1425 1363 3959 1420 1363 3960 1420 1365 3961 1425 1366 3962 1426 1363 3963 1420 1366 3964 1426 1367 3965 1427 1367 3966 1427 1368 3967 1428 1363 3968 1420 1363 3969 1420 1368 3970 1428 1369 3971 1421 1133 3972 1429 1132 3973 1417 1371 3974 1423 1371 3975 1423 1132 3976 1417 1362 3977 1416 1372 3978 1430 1373 3979 1431 1132 3980 1417 1132 3981 1417 1373 3982 1431 1374 3983 1432 1132 3984 1417 1374 3985 1432 1375 3986 1433 1375 3987 1433 1376 3988 1418 1132 3989 1417 1377 3990 1419 1378 3991 1434 1361 3992 1412 1361 3993 1412 1378 3994 1434 1379 3995 1413 1381 3996 1415 1382 3997 1435 1263 3998 1411 1263 3999 1411 1382 4000 1435 1383 4001 1436 1263 4002 1411 1383 4003 1436 1358 4004 1409 1358 4005 1409 1383 4006 1436 1384 4007 1437 1385 4008 1438 1419 4009 1439 1138 4010 1440 1138 4011 1440 1419 4012 1439 1420 4013 1441 1138 4014 1440 1420 4015 1441 1421 4016 1442 1386 4017 1443 1417 4018 1444 1385 4019 1438 1385 4020 1438 1417 4021 1444 1418 4022 1445 1385 4023 1438 1418 4024 1445 1419 4025 1439 1417 4026 1444 1386 4027 1443 1416 4028 1446 1416 4029 1446 1386 4030 1443 1387 4031 1447 1416 4032 1446 1387 4033 1447 1415 4034 1448 1415 4035 1448 1387 4036 1447 1388 4037 1449 1415 4038 1448 1388 4039 1449 1414 4040 1450 1414 4041 1450 1388 4042 1449 1413 4043 1451 1413 4044 1451 1388 4045 1449 1389 4046 1452 1413 4047 1451 1389 4048 1452 1412 4049 1453 1412 4050 1453 1389 4051 1452 1390 4052 1454 1412 4053 1453 1390 4054 1454 982 4055 1455 982 4056 1455 1390 4057 1454 1391 4058 1456 982 4059 1455 1391 4060 1456 954 4061 1457 954 4062 1457 1391 4063 1456 1392 4064 1458 954 4065 1457 1392 4066 1458 1208 4067 1459 1208 4068 1459 1393 4069 1460 954 4070 1457 954 4071 1457 1393 4072 1460 955 4073 1461 955 4074 1461 1393 4075 1460 1394 4076 1462 955 4077 1461 1394 4078 1462 1395 4079 1463 1396 4080 1464 957 4081 1465 1395 4082 1463 1395 4083 1463 957 4084 1465 956 4085 1466 1395 4086 1463 956 4087 1466 955 4088 1461 957 4089 1465 1396 4090 1464 958 4091 1467 958 4092 1467 1396 4093 1464 1397 4094 1468 958 4095 1467 1397 4096 1468 959 4097 1469 959 4098 1469 1397 4099 1468 1398 4100 1470 959 4101 1469 1398 4102 1470 960 4103 1471 960 4104 1471 1398 4105 1470 1399 4106 1472 960 4107 1471 1399 4108 1472 961 4109 1473 961 4110 1473 1399 4111 1472 962 4112 1474 962 4113 1474 1399 4114 1472 963 4115 1475 963 4116 1475 1399 4117 1472 1139 4118 1476 963 4119 1475 1139 4120 1476 964 4121 1477 964 4122 1477 1139 4123 1476 965 4124 1478 965 4125 1478 1139 4126 1476 966 4127 1479 966 4128 1479 1139 4129 1476 967 4130 1480 967 4131 1480 1139 4132 1476 1138 4133 1440 967 4134 1480 1138 4135 1440 995 4136 1481 995 4137 1481 1138 4138 1440 1423 4139 1482 1423 4140 1482 1138 4141 1440 1422 4142 1483 1422 4143 1483 1138 4144 1440 1421 4145 1442 982 4146 1455 954 4147 1457 983 4148 1484 983 4149 1484 954 4150 1457 1400 4151 1485 983 4152 1484 1400 4153 1485 984 4154 1486 984 4155 1486 1400 4156 1485 1401 4157 1487 984 4158 1486 1401 4159 1487 985 4160 1488 985 4161 1488 1401 4162 1487 1402 4163 1489 985 4164 1488 1402 4165 1489 986 4166 1490 986 4167 1490 1402 4168 1489 1403 4169 1491 986 4170 1490 1403 4171 1491 987 4172 1492 987 4173 1492 1403 4174 1491 1404 4175 1493 987 4176 1492 1404 4177 1493 988 4178 1494 988 4179 1494 1404 4180 1493 1405 4181 1495 988 4182 1494 1405 4183 1495 1406 4184 1496 988 4185 1494 1406 4186 1496 989 4187 1497 989 4188 1497 1406 4189 1496 1407 4190 1498 989 4191 1497 1407 4192 1498 990 4193 1499 990 4194 1499 1407 4195 1498 1408 4196 1500 990 4197 1499 1408 4198 1500 991 4199 1501 991 4200 1501 1408 4201 1500 1409 4202 1502 991 4203 1501 1409 4204 1502 992 4205 1503 992 4206 1503 1409 4207 1502 1410 4208 1504 992 4209 1503 1410 4210 1504 993 4211 1505 993 4212 1505 1410 4213 1504 1411 4214 1506 993 4215 1505 1411 4216 1506 994 4217 1507 994 4218 1507 1411 4219 1506 967 4220 1480 994 4221 1507 967 4222 1480 995 4223 1481 1424 4224 1508 1425 4225 1509 1428 4226 1510 1428 4227 1510 1425 4228 1509 1427 4229 1511 1427 4230 1511 1425 4231 1509 1426 4232 1512 1429 4233 1513 1430 4234 1514 1432 4235 1515 1432 4236 1515 1430 4237 1514 1431 4238 1516 1361 4239 1517 1263 4240 1518 1449 4241 1519 1449 4242 1519 1263 4243 1518 1266 4244 1520 1449 4245 1519 1266 4246 1520 675 4247 1521 675 4248 1521 1266 4249 1520 1439 4250 1522 675 4251 1521 1439 4252 1522 676 4253 1523 676 4254 1523 1439 4255 1522 677 4256 1524 677 4257 1524 1439 4258 1522 678 4259 1525 678 4260 1525 1439 4261 1522 679 4262 1526 679 4263 1526 1439 4264 1522 680 4265 1527 680 4266 1527 1439 4267 1522 1440 4268 1528 680 4269 1527 1440 4270 1528 681 4271 1529 681 4272 1529 1440 4273 1528 682 4274 1530 682 4275 1530 1440 4276 1528 683 4277 1531 683 4278 1531 1440 4279 1528 684 4280 1532 684 4281 1532 1440 4282 1528 685 4283 1533 685 4284 1533 1440 4285 1528 686 4286 1534 686 4287 1534 1440 4288 1528 1447 4289 1535 686 4290 1534 1447 4291 1535 1448 4292 1536 1448 4293 1536 1447 4294 1535 1363 4295 1537 1448 4296 1536 1363 4297 1537 1362 4298 1538 1433 4299 1539 1434 4300 1540 1266 4301 1520 1266 4302 1520 1434 4303 1540 1435 4304 1541 1266 4305 1520 1435 4306 1541 1436 4307 1542 1436 4308 1542 1437 4309 1543 1266 4310 1520 1266 4311 1520 1437 4312 1543 1438 4313 1544 1266 4314 1520 1438 4315 1544 1439 4316 1522 1440 4317 1528 1441 4318 1545 1447 4319 1535 1447 4320 1535 1441 4321 1545 1442 4322 1546 1447 4323 1535 1442 4324 1546 1443 4325 1547 1443 4326 1547 1444 4327 1548 1447 4328 1535 1447 4329 1535 1444 4330 1548 1445 4331 1549 1447 4332 1535 1445 4333 1549 1446 4334 1550 1449 4335 1519 1456 4336 1551 1448 4337 1536 1448 4338 1536 1456 4339 1551 1457 4340 1552 1448 4341 1536 1457 4342 1552 1458 4343 1553 675 4344 1521 674 4345 1554 1449 4346 1519 1449 4347 1519 674 4348 1554 1450 4349 1555 1449 4350 1519 1450 4351 1555 1451 4352 1556 1451 4353 1556 1452 4354 1557 1449 4355 1519 1449 4356 1519 1452 4357 1557 1453 4358 1558 1449 4359 1519 1453 4360 1558 1454 4361 1559 1454 4362 1559 1455 4363 1560 1449 4364 1519 1449 4365 1519 1455 4366 1560 1456 4367 1551 1458 4368 1553 1459 4369 1561 1448 4370 1536 1448 4371 1536 1459 4372 1561 1460 4373 1562 1448 4374 1536 1460 4375 1562 1461 4376 1563 1461 4377 1563 687 4378 1564 1448 4379 1536 1448 4380 1536 687 4381 1564 686 4382 1534 1360 4383 1565 653 4384 1566 1264 4385 1567 1264 4386 1567 653 4387 1566 652 4388 1568 1264 4389 1567 652 4390 1568 651 4391 1569 1462 4392 1570 625 4393 1571 1360 4394 1565 1360 4395 1565 625 4396 1571 624 4397 1572 1360 4398 1565 624 4399 1572 623 4400 1573 625 4401 1571 1462 4402 1570 626 4403 1574 626 4404 1574 1462 4405 1570 1463 4406 1575 626 4407 1574 1463 4408 1575 627 4409 1576 627 4410 1576 1463 4411 1575 1464 4412 1577 627 4413 1576 1464 4414 1577 628 4415 1578 628 4416 1578 1464 4417 1577 1465 4418 1579 628 4419 1578 1465 4420 1579 629 4421 1580 629 4422 1580 1465 4423 1579 1466 4424 1581 629 4425 1580 1466 4426 1581 630 4427 1582 630 4428 1582 1466 4429 1581 1467 4430 1583 630 4431 1582 1467 4432 1583 1468 4433 1584 1267 4434 1585 1529 4435 1586 1468 4436 1584 1468 4437 1584 1529 4438 1586 631 4439 1587 1468 4440 1584 631 4441 1587 630 4442 1582 1285 4443 1588 1469 4444 1589 1267 4445 1585 1267 4446 1585 1469 4447 1589 1470 4448 1590 1267 4449 1585 1470 4450 1590 1471 4451 1591 1472 4452 1592 1478 4453 1593 1471 4454 1591 1471 4455 1591 1478 4456 1593 1514 4457 1594 1471 4458 1591 1514 4459 1594 1534 4460 1595 1534 4461 1595 1514 4462 1594 1533 4463 1596 1533 4464 1596 1514 4465 1594 1532 4466 1597 1532 4467 1597 1514 4468 1594 1531 4469 1598 1531 4470 1598 1514 4471 1594 1530 4472 1599 1530 4473 1599 1514 4474 1594 646 4475 1600 646 4476 1600 1514 4477 1594 1264 4478 1567 646 4479 1600 1264 4480 1567 647 4481 1601 647 4482 1601 1264 4483 1567 648 4484 1602 648 4485 1602 1264 4486 1567 649 4487 1603 649 4488 1603 1264 4489 1567 650 4490 1604 650 4491 1604 1264 4492 1567 651 4493 1569 1472 4494 1592 1473 4495 1605 1478 4496 1593 1478 4497 1593 1473 4498 1605 1474 4499 1606 1478 4500 1593 1474 4501 1606 1475 4502 1607 1475 4503 1607 1476 4504 1608 1478 4505 1593 1478 4506 1593 1476 4507 1608 1477 4508 1609 1478 4509 1593 1479 4510 1610 1514 4511 1594 1514 4512 1594 1479 4513 1610 1517 4514 1611 1517 4515 1611 1479 4516 1610 1486 4517 1612 1517 4518 1611 1486 4519 1612 1516 4520 1613 1516 4521 1613 1486 4522 1612 1487 4523 1614 1516 4524 1613 1487 4525 1614 661 4526 1615 661 4527 1615 1487 4528 1614 662 4529 1616 662 4530 1616 1487 4531 1614 663 4532 1617 663 4533 1617 1487 4534 1614 664 4535 1618 664 4536 1618 1487 4537 1614 1494 4538 1619 664 4539 1618 1494 4540 1619 665 4541 1620 665 4542 1620 1494 4543 1619 666 4544 1621 666 4545 1621 1494 4546 1619 1495 4547 1622 666 4548 1621 1495 4549 1622 667 4550 1623 667 4551 1623 1495 4552 1622 668 4553 1624 668 4554 1624 1495 4555 1622 669 4556 1625 669 4557 1625 1495 4558 1622 1265 4559 1626 669 4560 1625 1265 4561 1626 670 4562 1627 670 4563 1627 1265 4564 1626 671 4565 1628 671 4566 1628 1265 4567 1626 672 4568 1629 672 4569 1629 1265 4570 1626 1515 4571 1630 672 4572 1629 1515 4573 1630 673 4574 1631 673 4575 1631 1515 4576 1630 1513 4577 1632 1513 4578 1632 1515 4579 1630 1512 4580 1633 1512 4581 1633 1515 4582 1630 1511 4583 1634 1511 4584 1634 1515 4585 1630 1510 4586 1635 1510 4587 1635 1515 4588 1630 1509 4589 1636 1509 4590 1636 1515 4591 1630 1508 4592 1637 1508 4593 1637 1515 4594 1630 1516 4595 1613 1508 4596 1637 1516 4597 1613 1507 4598 1638 1507 4599 1638 1516 4600 1613 1506 4601 1639 1506 4602 1639 1516 4603 1613 1505 4604 1640 1505 4605 1640 1516 4606 1613 1504 4607 1641 1504 4608 1641 1516 4609 1613 1503 4610 1642 1503 4611 1642 1516 4612 1613 1502 4613 1643 1502 4614 1643 1516 4615 1613 660 4616 1644 660 4617 1644 1516 4618 1613 661 4619 1615 1480 4620 1645 1481 4621 1646 1479 4622 1610 1479 4623 1610 1481 4624 1646 1482 4625 1647 1479 4626 1610 1482 4627 1647 1483 4628 1648 1483 4629 1648 1484 4630 1649 1479 4631 1610 1479 4632 1610 1484 4633 1649 1485 4634 1650 1479 4635 1610 1485 4636 1650 1486 4637 1612 1487 4638 1614 1488 4639 1651 1494 4640 1619 1494 4641 1619 1488 4642 1651 1489 4643 1652 1494 4644 1619 1489 4645 1652 1490 4646 1653 1490 4647 1653 1491 4648 1654 1494 4649 1619 1494 4650 1619 1491 4651 1654 1492 4652 1655 1494 4653 1619 1492 4654 1655 1493 4655 1656 1496 4656 1657 1497 4657 1658 1495 4658 1622 1495 4659 1622 1497 4660 1658 1498 4661 1659 1495 4662 1622 1498 4663 1659 1499 4664 1660 1499 4665 1660 1500 4666 1661 1495 4667 1622 1495 4668 1622 1500 4669 1661 1501 4670 1662 1495 4671 1622 1501 4672 1662 1265 4673 1626 1265 4674 1626 1264 4675 1567 1515 4676 1630 1515 4677 1630 1264 4678 1567 1514 4679 1594 1518 4680 1663 1541 4681 1664 618 4682 1665 618 4683 1665 1541 4684 1664 659 4685 1666 618 4686 1665 659 4687 1666 619 4688 1667 619 4689 1667 659 4690 1666 658 4691 1668 619 4692 1667 658 4693 1668 620 4694 1669 620 4695 1669 658 4696 1668 657 4697 1670 620 4698 1669 657 4699 1670 621 4700 1671 621 4701 1671 657 4702 1670 656 4703 1672 621 4704 1671 656 4705 1672 622 4706 1673 622 4707 1673 656 4708 1672 655 4709 1674 622 4710 1673 655 4711 1674 1360 4712 1565 1360 4713 1565 655 4714 1674 654 4715 1675 1360 4716 1565 654 4717 1675 653 4718 1566 1541 4719 1664 1518 4720 1663 1540 4721 1676 1540 4722 1676 1518 4723 1663 1519 4724 1677 1540 4725 1676 1519 4726 1677 1539 4727 1678 1539 4728 1678 1519 4729 1677 1520 4730 1679 1539 4731 1678 1520 4732 1679 1538 4733 1680 1538 4734 1680 1520 4735 1679 1521 4736 1681 1538 4737 1680 1521 4738 1681 1537 4739 1682 1537 4740 1682 1521 4741 1681 1522 4742 1683 1537 4743 1682 1522 4744 1683 1471 4745 1591 1471 4746 1591 1522 4747 1683 1523 4748 1684 1471 4749 1591 1523 4750 1684 1267 4751 1585 1267 4752 1585 1523 4753 1684 1524 4754 1685 1267 4755 1585 1524 4756 1685 1525 4757 1686 1525 4758 1686 1526 4759 1687 1267 4760 1585 1267 4761 1585 1526 4762 1687 1527 4763 1688 1267 4764 1585 1527 4765 1688 1528 4766 1689 1528 4767 1689 1529 4768 1586 1267 4769 1585 623 4770 1573 622 4771 1673 1360 4772 1565 1534 4773 1595 1535 4774 1690 1471 4775 1591 1471 4776 1591 1535 4777 1690 1536 4778 1691 1471 4779 1591 1536 4780 1691 1537 4781 1682 1266 4782 1692 1265 4783 1693 1433 4784 1694 1433 4785 1694 1265 4786 1693 1501 4787 1695 1433 4788 1694 1501 4789 1695 1434 4790 1696 1434 4791 1696 1501 4792 1695 1500 4793 1697 1434 4794 1696 1500 4795 1697 1435 4796 1698 1435 4797 1698 1500 4798 1697 1499 4799 1699 1435 4800 1698 1499 4801 1699 1436 4802 1700 1436 4803 1700 1499 4804 1699 1498 4805 1701 1436 4806 1700 1498 4807 1701 1437 4808 1702 1437 4809 1702 1498 4810 1701 1497 4811 1703 1437 4812 1702 1497 4813 1703 1438 4814 1704 1438 4815 1704 1497 4816 1703 1496 4817 1705 1438 4818 1704 1496 4819 1705 1439 4820 1706 1439 4821 1706 1496 4822 1705 1495 4823 1707 1494 4824 1708 1440 4825 1709 1495 4826 1710 1495 4827 1710 1440 4828 1709 1439 4829 1711 1440 4830 1712 1494 4831 1713 1441 4832 1714 1441 4833 1714 1494 4834 1713 1493 4835 1715 1441 4836 1714 1493 4837 1715 1442 4838 1716 1442 4839 1716 1493 4840 1715 1492 4841 1717 1442 4842 1716 1492 4843 1717 1443 4844 1718 1443 4845 1718 1492 4846 1717 1491 4847 1719 1443 4848 1718 1491 4849 1719 1444 4850 1720 1444 4851 1720 1491 4852 1719 1490 4853 1721 1444 4854 1720 1490 4855 1721 1445 4856 1722 1445 4857 1722 1490 4858 1721 1489 4859 1723 1445 4860 1722 1489 4861 1723 1446 4862 1724 1446 4863 1724 1489 4864 1723 1488 4865 1725 1446 4866 1724 1488 4867 1725 1447 4868 1726 1447 4869 1726 1488 4870 1725 1487 4871 1727 1447 4872 1728 1487 4873 1729 1363 4874 1730 1363 4875 1730 1487 4876 1729 1486 4877 1731 1363 4878 1730 1486 4879 1731 1425 4880 1732 1425 4881 1732 1486 4882 1731 1426 4883 1733 1485 4884 1734 1428 4885 1735 1486 4886 1736 1486 4887 1736 1428 4888 1735 1427 4889 1737 1486 4890 1736 1427 4891 1737 1426 4892 1738 1484 4893 1739 1547 4894 1740 1485 4895 1734 1485 4896 1734 1547 4897 1740 1424 4898 1741 1485 4899 1734 1424 4900 1741 1428 4901 1735 1547 4902 1740 1484 4903 1739 1546 4904 1742 1546 4905 1742 1484 4906 1739 1483 4907 1743 1546 4908 1742 1483 4909 1743 1545 4910 1744 1545 4911 1744 1483 4912 1743 1482 4913 1745 1545 4914 1744 1482 4915 1745 1544 4916 1746 1544 4917 1746 1482 4918 1745 1481 4919 1747 1544 4920 1746 1481 4921 1747 1543 4922 1748 1543 4923 1748 1481 4924 1747 1480 4925 1749 1543 4926 1748 1480 4927 1749 1542 4928 1750 1542 4929 1750 1480 4930 1749 1479 4931 1751 1478 4932 1752 730 4933 1753 1479 4934 1754 1479 4935 1754 730 4936 1753 702 4937 1755 1479 4938 1754 702 4939 1755 1573 4940 1756 1548 4941 1757 764 4942 1758 1478 4943 1752 1478 4944 1752 764 4945 1758 763 4946 1759 1478 4947 1752 763 4948 1759 762 4949 1760 1430 4950 1761 769 4951 1762 1548 4952 1757 1548 4953 1757 769 4954 1762 768 4955 1763 1548 4956 1757 768 4957 1763 767 4958 1764 1429 4959 1765 743 4960 1766 1430 4961 1761 1430 4962 1761 743 4963 1766 771 4964 1767 1430 4965 1761 771 4966 1767 770 4967 1768 1542 4968 1769 1583 4969 1770 1429 4970 1765 1429 4971 1765 1583 4972 1770 1584 4973 1771 1429 4974 1765 1584 4975 1771 715 4976 1772 1479 4977 1754 1578 4978 1773 1542 4979 1769 1542 4980 1769 1578 4981 1773 1579 4982 1774 1542 4983 1769 1579 4984 1774 1580 4985 1775 1549 4986 1776 731 4987 1777 758 4988 1778 758 4989 1778 731 4990 1777 730 4991 1753 758 4992 1778 730 4993 1753 1478 4994 1752 731 4995 1777 1549 4996 1776 732 4997 1779 732 4998 1779 1549 4999 1776 1550 5000 1780 732 5001 1779 1550 5002 1780 733 5003 1781 733 5004 1781 1550 5005 1780 1551 5006 1782 733 5007 1781 1551 5008 1782 734 5009 1783 734 5010 1783 1551 5011 1782 1552 5012 1784 734 5013 1783 1552 5014 1784 735 5015 1785 735 5016 1785 1552 5017 1784 1553 5018 1786 735 5019 1785 1553 5020 1786 736 5021 1787 736 5022 1787 1553 5023 1786 1554 5024 1788 736 5025 1787 1554 5026 1788 1555 5027 1789 736 5028 1787 1555 5029 1789 737 5030 1790 737 5031 1790 1555 5032 1789 1556 5033 1791 737 5034 1790 1556 5035 1791 738 5036 1792 738 5037 1792 1556 5038 1791 1557 5039 1793 738 5040 1792 1557 5041 1793 739 5042 1794 739 5043 1794 1557 5044 1793 1558 5045 1795 739 5046 1794 1558 5047 1795 740 5048 1796 740 5049 1796 1558 5050 1795 1559 5051 1797 740 5052 1796 1559 5053 1797 741 5054 1798 741 5055 1798 1559 5056 1797 1560 5057 1799 741 5058 1798 1560 5059 1799 742 5060 1800 742 5061 1800 1560 5062 1799 743 5063 1766 743 5064 1766 1560 5065 1799 771 5066 1767 770 5067 1768 769 5068 1762 1430 5069 1761 767 5070 1764 766 5071 1801 1548 5072 1757 1548 5073 1757 766 5074 1801 765 5075 1802 1548 5076 1757 765 5077 1802 764 5078 1758 762 5079 1760 761 5080 1803 1478 5081 1752 1478 5082 1752 761 5083 1803 760 5084 1804 1478 5085 1752 760 5086 1804 759 5087 1805 759 5088 1805 758 5089 1778 1478 5090 1752 702 5091 1755 730 5092 1753 703 5093 1806 703 5094 1806 730 5095 1753 1561 5096 1807 703 5097 1806 1561 5098 1807 704 5099 1808 704 5100 1808 1561 5101 1807 1562 5102 1809 704 5103 1808 1562 5104 1809 705 5105 1810 705 5106 1810 1562 5107 1809 1563 5108 1811 705 5109 1810 1563 5110 1811 706 5111 1812 706 5112 1812 1563 5113 1811 1564 5114 1813 706 5115 1812 1564 5116 1813 707 5117 1814 707 5118 1814 1564 5119 1813 1565 5120 1815 707 5121 1814 1565 5122 1815 708 5123 1816 708 5124 1816 1565 5125 1815 1566 5126 1817 708 5127 1816 1566 5128 1817 1567 5129 1818 708 5130 1816 1567 5131 1818 709 5132 1819 709 5133 1819 1567 5134 1818 1568 5135 1820 709 5136 1819 1568 5137 1820 710 5138 1821 710 5139 1821 1568 5140 1820 1569 5141 1822 710 5142 1821 1569 5143 1822 711 5144 1823 711 5145 1823 1569 5146 1822 1570 5147 1824 711 5148 1823 1570 5149 1824 712 5150 1825 712 5151 1825 1570 5152 1824 1571 5153 1826 712 5154 1825 1571 5155 1826 713 5156 1827 713 5157 1827 1571 5158 1826 1572 5159 1828 713 5160 1827 1572 5161 1828 714 5162 1829 714 5163 1829 1572 5164 1828 743 5165 1766 714 5166 1829 743 5167 1766 715 5168 1772 715 5169 1772 743 5170 1766 1429 5171 1765 1573 5172 1756 1574 5173 1830 1479 5174 1754 1479 5175 1754 1574 5176 1830 1575 5177 1831 1479 5178 1754 1575 5179 1831 1576 5180 1832 1576 5181 1832 1577 5182 1833 1479 5183 1754 1479 5184 1754 1577 5185 1833 1578 5186 1773 1580 5187 1775 1581 5188 1834 1542 5189 1769 1542 5190 1769 1581 5191 1834 1582 5192 1835 1542 5193 1769 1582 5194 1835 1583 5195 1770 1548 5196 1836 1478 5197 1837 1591 5198 1838 1591 5199 1838 1478 5200 1837 1477 5201 1839 1591 5202 1838 1477 5203 1839 1590 5204 1840 1590 5205 1840 1477 5206 1839 1476 5207 1841 1590 5208 1840 1476 5209 1841 1589 5210 1842 1589 5211 1842 1476 5212 1841 1475 5213 1843 1589 5214 1842 1475 5215 1843 1588 5216 1844 1588 5217 1844 1475 5218 1843 1474 5219 1845 1588 5220 1844 1474 5221 1845 1587 5222 1846 1587 5223 1846 1474 5224 1845 1473 5225 1847 1587 5226 1846 1473 5227 1847 1586 5228 1848 1586 5229 1848 1473 5230 1847 1472 5231 1849 1586 5232 1848 1472 5233 1849 1585 5234 1850 1585 5235 1850 1472 5236 1849 1471 5237 1851 1449 5238 1852 1515 5239 1853 1361 5240 1854 1361 5241 1854 1515 5242 1853 1514 5243 1855 1361 5244 1854 1514 5245 1855 1593 5246 1856 1593 5247 1856 1514 5248 1855 1431 5249 1857 1593 5250 1856 1431 5251 1857 1142 5252 1858 1142 5253 1858 1431 5254 1857 1430 5255 1859 1142 5256 1858 1430 5257 1859 1143 5258 1860 1143 5259 1860 1430 5260 1859 1592 5261 1861 1515 5262 1862 1449 5263 1863 1516 5264 1864 1516 5265 1864 1449 5266 1863 1448 5267 1865 1516 5268 1866 1362 5269 1867 1517 5270 1868 1517 5271 1868 1362 5272 1867 1594 5273 1869 1517 5274 1868 1594 5275 1869 1432 5276 1870 1432 5277 1870 1594 5278 1869 1141 5279 1871 1432 5280 1870 1141 5281 1871 1144 5282 1872 1516 5283 1866 1448 5284 1873 1362 5285 1867 1595 5286 1874 1429 5287 1875 1144 5288 1872 1144 5289 1872 1429 5290 1875 1432 5291 1870 1517 5292 1876 1055 5293 1877 1514 5294 1878 1514 5295 1878 1055 5296 1877 1054 5297 1879 1514 5298 1878 1054 5299 1879 1334 5300 1880 1334 5301 1880 1054 5302 1879 1053 5303 1881 1334 5304 1880 1053 5305 1881 1335 5306 1882 1335 5307 1882 1053 5308 1881 1052 5309 1883 1335 5310 1882 1052 5311 1883 1336 5312 1884 1336 5313 1884 1052 5314 1883 1051 5315 1885 1336 5316 1884 1051 5317 1885 1337 5318 1886 1337 5319 1886 1051 5320 1885 1050 5321 1887 1337 5322 1886 1050 5323 1887 1338 5324 1888 1338 5325 1888 1050 5326 1887 1049 5327 1889 1338 5328 1888 1049 5329 1889 1339 5330 1890 1339 5331 1890 1049 5332 1889 1048 5333 1891 1339 5334 1890 1048 5335 1891 1340 5336 1892 1340 5337 1892 1048 5338 1891 1341 5339 1893 1341 5340 1893 1048 5341 1891 1047 5342 1894 1341 5343 1893 1047 5344 1894 1342 5345 1895 1342 5346 1895 1047 5347 1894 1046 5348 1896 1342 5349 1895 1046 5350 1896 1343 5351 1897 1343 5352 1897 1046 5353 1896 1045 5354 1898 1343 5355 1897 1045 5356 1898 1344 5357 1899 1344 5358 1899 1045 5359 1898 1044 5360 1900 1344 5361 1899 1044 5362 1900 1345 5363 1901 1345 5364 1901 1044 5365 1900 1043 5366 1902 1345 5367 1901 1043 5368 1902 1431 5369 1903 1431 5370 1903 1043 5371 1902 1042 5372 1904 1431 5373 1903 1042 5374 1904 1432 5375 1905 1432 5376 1905 1042 5377 1904 1321 5378 1906 1432 5379 1905 1321 5380 1906 1071 5381 1907 1071 5382 1907 1321 5383 1906 1072 5384 1908 1072 5385 1908 1321 5386 1906 1320 5387 1909 1072 5388 1908 1320 5389 1909 1073 5390 1910 1073 5391 1910 1320 5392 1909 1319 5393 1911 1073 5394 1910 1319 5395 1911 1074 5396 1912 1074 5397 1912 1319 5398 1911 1318 5399 1913 1074 5400 1912 1318 5401 1913 1075 5402 1914 1075 5403 1914 1318 5404 1913 1317 5405 1915 1075 5406 1914 1317 5407 1915 1076 5408 1916 1076 5409 1916 1317 5410 1915 1316 5411 1917 1076 5412 1916 1316 5413 1917 1315 5414 1918 1432 5415 1905 1291 5416 1919 1517 5417 1876 1517 5418 1876 1291 5419 1919 1290 5420 1920 1517 5421 1876 1290 5422 1920 1289 5423 1921 1514 5424 1878 1020 5425 1922 1431 5426 1903 1431 5427 1903 1020 5428 1922 1019 5429 1923 1431 5430 1903 1019 5431 1923 1018 5432 1924 1015 5433 1925 1014 5434 1926 1431 5435 1903 1431 5436 1903 1014 5437 1926 1345 5438 1901 1334 5439 1880 1027 5440 1927 1514 5441 1878 1514 5442 1878 1027 5443 1927 1026 5444 1928 1514 5445 1878 1026 5446 1928 1025 5447 1929 1025 5448 1929 1024 5449 1930 1514 5450 1878 1514 5451 1878 1024 5452 1930 1023 5453 1931 1514 5454 1878 1023 5455 1931 1022 5456 1932 1022 5457 1932 1021 5458 1933 1514 5459 1878 1514 5460 1878 1021 5461 1933 1020 5462 1922 1018 5463 1924 1017 5464 1934 1431 5465 1903 1431 5466 1903 1017 5467 1934 1016 5468 1935 1431 5469 1903 1016 5470 1935 1015 5471 1925 1076 5472 1916 1315 5473 1918 1077 5474 1936 1077 5475 1936 1315 5476 1918 1314 5477 1937 1077 5478 1936 1314 5479 1937 1078 5480 1938 1078 5481 1938 1314 5482 1937 1313 5483 1939 1078 5484 1938 1313 5485 1939 1079 5486 1940 1079 5487 1940 1313 5488 1939 1312 5489 1941 1079 5490 1940 1312 5491 1941 1080 5492 1942 1080 5493 1942 1312 5494 1941 1311 5495 1943 1080 5496 1942 1311 5497 1943 1081 5498 1944 1081 5499 1944 1311 5500 1943 1310 5501 1945 1081 5502 1944 1310 5503 1945 1082 5504 1946 1082 5505 1946 1310 5506 1945 1517 5507 1876 1082 5508 1946 1517 5509 1876 1083 5510 1947 1083 5511 1947 1517 5512 1876 1286 5513 1948 1286 5514 1948 1517 5515 1876 1287 5516 1949 1287 5517 1949 1517 5518 1876 1288 5519 1950 1288 5520 1950 1517 5521 1876 1289 5522 1921 1310 5523 1945 1055 5524 1877 1517 5525 1876 1071 5526 1907 1070 5527 1951 1432 5528 1905 1432 5529 1905 1070 5530 1951 1297 5531 1952 1432 5532 1905 1297 5533 1952 1296 5534 1953 1296 5535 1953 1295 5536 1954 1432 5537 1905 1432 5538 1905 1295 5539 1954 1294 5540 1955 1432 5541 1905 1294 5542 1955 1293 5543 1956 1293 5544 1956 1292 5545 1957 1432 5546 1905 1432 5547 1905 1292 5548 1957 1291 5549 1919 1364 5550 1958 1363 5551 1959 1596 5552 1960 1596 5553 1960 1363 5554 1959 1425 5555 1961 1392 5556 1962 1595 5557 1963 1208 5558 1964 1208 5559 1964 1595 5560 1963 1592 5561 1965 1208 5562 1964 1592 5563 1965 1004 5564 1966 1004 5565 1966 1592 5566 1965 1599 5567 1967 1004 5568 1966 1599 5569 1967 1005 5570 1968 1597 5571 1969 1598 5572 1970 1392 5573 1962 1392 5574 1962 1598 5575 1970 1595 5576 1963 1424 5577 1971 1547 5578 1972 1598 5579 1970 1598 5580 1970 1547 5581 1972 1546 5582 1973 1598 5583 1970 1546 5584 1973 1545 5585 1974 1545 5586 1974 1544 5587 1975 1598 5588 1970 1598 5589 1970 1544 5590 1975 1543 5591 1976 1598 5592 1970 1543 5593 1976 1542 5594 1977 1429 5595 1978 1595 5596 1963 1542 5597 1977 1542 5598 1977 1595 5599 1963 1598 5600 1970 1430 5601 1979 1548 5602 1980 1592 5603 1965 1592 5604 1965 1548 5605 1980 1599 5606 1967 1548 5607 1980 1591 5608 1981 1599 5609 1967 1599 5610 1967 1591 5611 1981 1590 5612 1982 1599 5613 1967 1590 5614 1982 1589 5615 1983 1589 5616 1983 1588 5617 1984 1599 5618 1967 1599 5619 1967 1588 5620 1984 1587 5621 1985 1599 5622 1967 1587 5623 1985 1586 5624 1986 1586 5625 1986 1585 5626 1987 1599 5627 1967 1593 5628 1988 1594 5629 1989 1361 5630 1990 1361 5631 1990 1594 5632 1989 1362 5633 1991 1601 5634 1992 1602 5635 1993 1600 5636 1994 1600 5637 1994 1602 5638 1993 1603 5639 1995 1600 5640 1994 1603 5641 1995 1604 5642 1996 1600 5643 1994 1604 5644 1996 1134 5645 1997 1134 5646 1997 1604 5647 1996 1605 5648 1998 1134 5649 1997 1605 5650 1998 1606 5651 1999 1606 5652 1999 1607 5653 2000 1134 5654 1997 1134 5655 1997 1607 5656 2000 1608 5657 2001 1134 5658 1997 1608 5659 2001 1596 5660 2002 1596 5661 2002 1608 5662 2001 1609 5663 2003 1596 5664 2002 1609 5665 2003 1610 5666 2004 1610 5667 2004 1611 5668 2005 1596 5669 2002 1596 5670 2002 1611 5671 2005 1612 5672 2006 1596 5673 2002 1612 5674 2006 1613 5675 2007 1596 5676 2002 1425 5677 2008 1134 5678 1997 1134 5679 1997 1425 5680 2008 1135 5681 2009 1425 5682 2010 1424 5683 2011 1135 5684 2012 1135 5685 2012 1424 5686 2011 1136 5687 2013 1136 5688 2013 1424 5689 2011 1598 5690 2014 1614 5691 2015 1615 5692 2016 1597 5693 2017 1597 5694 2017 1615 5695 2016 1616 5696 2018 1597 5697 2017 1616 5698 2018 1636 5699 2019 1636 5700 2019 1616 5701 2018 1617 5702 2020 1636 5703 2019 1617 5704 2020 1635 5705 2021 1635 5706 2021 1617 5707 2020 1618 5708 2022 1635 5709 2021 1618 5710 2022 1619 5711 2023 1635 5712 2021 1619 5713 2023 1634 5714 2024 1634 5715 2024 1619 5716 2023 1620 5717 2025 1634 5718 2024 1620 5719 2025 1633 5720 2026 1633 5721 2026 1620 5722 2025 1621 5723 2027 1633 5724 2026 1621 5725 2027 1632 5726 2028 1632 5727 2028 1621 5728 2027 1622 5729 2029 1632 5730 2028 1622 5731 2029 1623 5732 2030 1632 5733 2028 1623 5734 2030 1631 5735 2031 1631 5736 2031 1623 5737 2030 1624 5738 2032 1631 5739 2031 1624 5740 2032 1627 5741 2033 1627 5742 2033 1624 5743 2032 1625 5744 2034 1627 5745 2033 1625 5746 2034 1626 5747 2035 1627 5748 2033 1137 5749 2036 1631 5750 2031 1631 5751 2031 1137 5752 2036 1630 5753 2037 1630 5754 2037 1137 5755 2036 1629 5756 2038 1629 5757 2038 1137 5758 2036 1628 5759 2039 1628 5760 2039 1137 5761 2036 800 5762 2040 800 5763 2040 1137 5764 2036 1136 5765 2041 800 5766 2040 1136 5767 2041 801 5768 2042 801 5769 2042 1136 5770 2041 802 5771 2043 802 5772 2043 1136 5773 2041 803 5774 2044 803 5775 2044 1136 5776 2041 804 5777 2045 804 5778 2045 1136 5779 2041 805 5780 2046 805 5781 2046 1136 5782 2041 806 5783 2047 806 5784 2047 1136 5785 2041 1598 5786 2048 806 5787 2047 1598 5788 2048 807 5789 2049 807 5790 2049 1598 5791 2048 808 5792 2050 808 5793 2050 1598 5794 2048 809 5795 2051 809 5796 2051 1598 5797 2048 810 5798 2052 810 5799 2052 1598 5800 2048 811 5801 2053 811 5802 2053 1598 5803 2048 812 5804 2054 812 5805 2054 1598 5806 2048 813 5807 2055 813 5808 2055 1598 5809 2048 1597 5810 2017 813 5811 2055 1597 5812 2017 1639 5813 2056 1639 5814 2056 1597 5815 2017 1638 5816 2057 1638 5817 2057 1597 5818 2017 1637 5819 2058 1637 5820 2058 1597 5821 2017 1636 5822 2019 1593 5823 2059 1142 5824 2060 1594 5825 2061 1594 5826 2061 1142 5827 2060 1141 5828 2062 1595 5829 2063 840 5830 2064 1592 5831 2065 1592 5832 2065 840 5833 2064 1663 5834 2066 1592 5835 2065 1663 5836 2066 869 5837 2067 1144 5838 2068 1646 5839 2069 1595 5840 2063 1595 5841 2063 1646 5842 2069 1647 5843 2070 1595 5844 2063 1647 5845 2070 1648 5846 2071 1143 5847 2072 829 5848 2073 1144 5849 2068 1144 5850 2068 829 5851 2073 828 5852 2074 1144 5853 2068 828 5854 2074 1640 5855 2075 1592 5856 2065 862 5857 2076 1143 5858 2072 1143 5859 2072 862 5860 2076 861 5861 2077 1143 5862 2072 861 5863 2077 860 5864 2078 1651 5865 2079 841 5866 2080 1595 5867 2063 1595 5868 2063 841 5869 2080 840 5870 2064 840 5871 2064 839 5872 2081 1663 5873 2066 1663 5874 2066 839 5875 2081 1662 5876 2082 1662 5877 2082 839 5878 2081 838 5879 2083 1662 5880 2082 838 5881 2083 1661 5882 2084 1661 5883 2084 838 5884 2083 837 5885 2085 1661 5886 2084 837 5887 2085 1660 5888 2086 1660 5889 2086 837 5890 2085 836 5891 2087 1660 5892 2086 836 5893 2087 1659 5894 2088 1659 5895 2088 836 5896 2087 835 5897 2089 1659 5898 2088 835 5899 2089 1658 5900 2090 1658 5901 2090 835 5902 2089 834 5903 2091 1658 5904 2090 834 5905 2091 1657 5906 2092 1657 5907 2092 834 5908 2091 1656 5909 2093 1656 5910 2093 834 5911 2091 833 5912 2094 1656 5913 2093 833 5914 2094 1655 5915 2095 1655 5916 2095 833 5917 2094 832 5918 2096 1655 5919 2095 832 5920 2096 1654 5921 2097 1654 5922 2097 832 5923 2096 831 5924 2098 1654 5925 2097 831 5926 2098 1653 5927 2099 1653 5928 2099 831 5929 2098 830 5930 2100 1653 5931 2099 830 5932 2100 1652 5933 2101 1652 5934 2101 830 5935 2100 829 5936 2073 1652 5937 2101 829 5938 2073 1143 5939 2072 1640 5940 2075 1641 5941 2102 1144 5942 2068 1144 5943 2068 1641 5944 2102 1642 5945 2103 1144 5946 2068 1642 5947 2103 1643 5948 2104 1643 5949 2104 1644 5950 2105 1144 5951 2068 1144 5952 2068 1644 5953 2105 1645 5954 2106 1144 5955 2068 1645 5956 2106 1646 5957 2069 1648 5958 2071 1649 5959 2107 1595 5960 2063 1595 5961 2063 1649 5962 2107 1650 5963 2108 1595 5964 2063 1650 5965 2108 1651 5966 2079 869 5967 2067 868 5968 2109 1592 5969 2065 1592 5970 2065 868 5971 2109 867 5972 2110 1592 5973 2065 867 5974 2110 866 5975 2111 866 5976 2111 865 5977 2112 1592 5978 2065 1592 5979 2065 865 5980 2112 864 5981 2113 1592 5982 2065 864 5983 2113 863 5984 2114 863 5985 2114 862 5986 2076 1592 5987 2065 860 5988 2078 859 5989 2115 1143 5990 2072 1143 5991 2072 859 5992 2115 858 5993 2116 1143 5994 2072 858 5995 2116 857 5996 2117 857 5997 2117 856 5998 2118 1143 5999 2072 1143 6000 2072 856 6001 2118 1652 6002 2101 1378 6003 2119 1276 6004 2120 1379 6005 2121 1379 6006 2121 1276 6007 2120 1275 6008 2122 1379 6009 2121 1275 6010 2122 1380 6011 2123 1380 6012 2123 1275 6013 2122 1274 6014 2124 1380 6015 2123 1274 6016 2124 1381 6017 2125 1381 6018 2125 1274 6019 2124 1273 6020 2126 1381 6021 2125 1273 6022 2126 1382 6023 2127 1382 6024 2127 1273 6025 2126 1272 6026 2128 1382 6027 2127 1272 6028 2128 1383 6029 2129 1383 6030 2129 1272 6031 2128 1271 6032 2130 1383 6033 2129 1271 6034 2130 1384 6035 2131 1384 6036 2131 1271 6037 2130 1270 6038 2132 1384 6039 2131 1270 6040 2132 1358 6041 2133 1358 6042 2133 1270 6043 2132 1269 6044 2134 1132 6045 2135 1131 6046 2136 1372 6047 2137 1372 6048 2137 1131 6049 2136 1282 6050 2138 1372 6051 2137 1282 6052 2138 1373 6053 2139 1373 6054 2139 1282 6055 2138 1281 6056 2140 1373 6057 2139 1281 6058 2140 1374 6059 2141 1374 6060 2141 1281 6061 2140 1280 6062 2142 1374 6063 2141 1280 6064 2142 1375 6065 2143 1375 6066 2143 1280 6067 2142 1279 6068 2144 1375 6069 2143 1279 6070 2144 1376 6071 2145 1376 6072 2145 1279 6073 2144 1278 6074 2146 1376 6075 2145 1278 6076 2146 1377 6077 2147 1377 6078 2147 1278 6079 2146 1277 6080 2148 1377 6081 2147 1277 6082 2148 1378 6083 2149 1378 6084 2149 1277 6085 2148 1276 6086 2150 1004 6087 2151 1003 6088 2152 1209 6089 2153 1209 6090 2153 1003 6091 2152 1664 6092 2154 1209 6093 2153 1664 6094 2154 1210 6095 2155 1210 6096 2155 1664 6097 2154 1665 6098 2156 1210 6099 2155 1665 6100 2156 1211 6101 2157 1211 6102 2157 1665 6103 2156 1666 6104 2158 1211 6105 2157 1666 6106 2158 1212 6107 2159 1212 6108 2159 1666 6109 2158 1667 6110 2160 1212 6111 2159 1667 6112 2160 1213 6113 2161 1213 6114 2161 1667 6115 2160 1668 6116 2162 1213 6117 2161 1668 6118 2162 1214 6119 2163 1214 6120 2163 1668 6121 2162 1669 6122 2164 1214 6123 2163 1669 6124 2164 1200 6125 2165 1200 6126 2165 1669 6127 2164 1670 6128 2166 1128 6129 2167 1127 6130 2168 1682 6131 2169 1682 6132 2169 1127 6133 2168 1671 6134 2170 1682 6135 2169 1671 6136 2170 1681 6137 2171 1681 6138 2171 1671 6139 2170 1672 6140 2172 1681 6141 2171 1672 6142 2172 1680 6143 2173 1680 6144 2173 1672 6145 2172 1673 6146 2174 1680 6147 2173 1673 6148 2174 1679 6149 2175 1679 6150 2175 1673 6151 2174 1674 6152 2176 1679 6153 2175 1674 6154 2176 1678 6155 2177 1678 6156 2177 1674 6157 2176 1675 6158 2178 1678 6159 2177 1675 6160 2178 1677 6161 2179 1677 6162 2179 1675 6163 2178 1676 6164 2180 1677 6165 2179 1676 6166 2180 1012 6167 2181 1012 6168 2181 1676 6169 2180 1013 6170 2182 1600 6171 2183 1172 6172 2184 1601 6173 2185 1601 6174 2185 1172 6175 2184 1180 6176 2186 1601 6177 2185 1180 6178 2186 1602 6179 2187 1602 6180 2187 1180 6181 2186 1179 6182 2188 1602 6183 2187 1179 6184 2188 1603 6185 2189 1603 6186 2189 1179 6187 2188 1178 6188 2190 1603 6189 2189 1178 6190 2190 1604 6191 2191 1604 6192 2191 1178 6193 2190 1177 6194 2192 1604 6195 2191 1177 6196 2192 1605 6197 2193 1605 6198 2193 1177 6199 2192 1176 6200 2194 1605 6201 2193 1176 6202 2194 1606 6203 2195 1606 6204 2195 1176 6205 2194 1175 6206 2196 1606 6207 2195 1175 6208 2196 1607 6209 2197 1607 6210 2197 1175 6211 2196 1174 6212 2198 1607 6213 2199 1174 6214 2200 1608 6215 2201 1608 6216 2201 1174 6217 2200 1683 6218 2202 1608 6219 2201 1683 6220 2202 1609 6221 2203 1609 6222 2203 1683 6223 2202 1684 6224 2204 1609 6225 2203 1684 6226 2204 1610 6227 2205 1610 6228 2205 1684 6229 2204 1685 6230 2206 1610 6231 2205 1685 6232 2206 1611 6233 2207 1611 6234 2207 1685 6235 2206 1686 6236 2208 1611 6237 2207 1686 6238 2208 1612 6239 2209 1612 6240 2209 1686 6241 2208 1687 6242 2210 1612 6243 2209 1687 6244 2210 1613 6245 2211 1613 6246 2211 1687 6247 2210 1688 6248 2212 1613 6249 2211 1688 6250 2212 1596 6251 2213 1596 6252 2213 1688 6253 2212 1364 6254 2214 1162 6255 2215 1620 6256 2216 1694 6257 2217 1694 6258 2217 1620 6259 2216 1619 6260 2218 1694 6261 2217 1619 6262 2218 1693 6263 2219 1693 6264 2219 1619 6265 2218 1618 6266 2220 1693 6267 2219 1618 6268 2220 1692 6269 2221 1692 6270 2221 1618 6271 2220 1617 6272 2222 1692 6273 2221 1617 6274 2222 1691 6275 2223 1691 6276 2223 1617 6277 2222 1616 6278 2224 1691 6279 2223 1616 6280 2224 1690 6281 2225 1690 6282 2225 1616 6283 2224 1615 6284 2226 1690 6285 2225 1615 6286 2226 1689 6287 2227 1689 6288 2227 1615 6289 2226 1614 6290 2228 1689 6291 2227 1614 6292 2228 1392 6293 2229 1392 6294 2229 1614 6295 2228 1597 6296 2230 1155 6297 2231 1627 6298 2232 1156 6299 2233 1156 6300 2233 1627 6301 2232 1626 6302 2234 1156 6303 2233 1626 6304 2234 1157 6305 2235 1157 6306 2235 1626 6307 2234 1625 6308 2236 1157 6309 2235 1625 6310 2236 1158 6311 2237 1158 6312 2237 1625 6313 2236 1624 6314 2238 1158 6315 2237 1624 6316 2238 1159 6317 2239 1159 6318 2239 1624 6319 2238 1623 6320 2240 1159 6321 2239 1623 6322 2240 1160 6323 2241 1160 6324 2241 1623 6325 2240 1622 6326 2242 1160 6327 2241 1622 6328 2242 1161 6329 2243 1161 6330 2243 1622 6331 2242 1621 6332 2244 1161 6333 2243 1621 6334 2244 1162 6335 2245 1162 6336 2245 1621 6337 2244 1620 6338 2246 1599 6339 2247 1585 6340 2248 1470 6341 2249 1470 6342 2249 1585 6343 2248 1471 6344 2250 1011 6345 2251 1469 6346 2252 1012 6347 2253 1012 6348 2253 1469 6349 2252 1695 6350 2254 1012 6351 2253 1695 6352 2254 1677 6353 2255 1677 6354 2255 1695 6355 2254 1678 6356 2256 1678 6357 2256 1695 6358 2254 1679 6359 2257 1679 6360 2257 1695 6361 2254 1680 6362 2258 1680 6363 2258 1695 6364 2254 1681 6365 2259 1681 6366 2259 1695 6367 2254 1682 6368 2260 1682 6369 2260 1695 6370 2254 1696 6371 2261 1682 6372 2260 1696 6373 2261 1128 6374 2262 1128 6375 2262 1696 6376 2261 1129 6377 2263 1011 6378 2251 1010 6379 2264 1469 6380 2252 1469 6381 2252 1010 6382 2264 1009 6383 2265 1469 6384 2252 1009 6385 2265 1008 6386 2266 1008 6387 2266 1007 6388 2267 1469 6389 2252 1469 6390 2252 1007 6391 2267 1006 6392 2268 1469 6393 2252 1006 6394 2268 1470 6395 2269 1470 6396 2269 1006 6397 2268 1005 6398 2270 1470 6399 2269 1005 6400 2270 1599 6401 2271 1283 6402 2272 1696 6403 2273 1284 6404 2274 1284 6405 2274 1696 6406 2273 1695 6407 2275 1469 6408 2276 1285 6409 2277 1695 6410 2278 1695 6411 2278 1285 6412 2277 1284 6413 2279 1130 6414 2280 1129 6415 2281 1283 6416 2282 1283 6417 2282 1129 6418 2281 1696 6419 2283 982 6420 2284 981 6421 2285 1412 6422 2286 1412 6423 2286 981 6424 2285 1697 6425 2287 1412 6426 2286 1697 6427 2287 1413 6428 2288 1413 6429 2288 1697 6430 2287 1698 6431 2289 1413 6432 2288 1698 6433 2289 1414 6434 2290 1414 6435 2290 1698 6436 2289 1699 6437 2291 1414 6438 2290 1699 6439 2291 1415 6440 2292 1415 6441 2292 1699 6442 2291 1700 6443 2293 1415 6444 2292 1700 6445 2293 1416 6446 2294 1416 6447 2294 1700 6448 2293 1701 6449 2295 1416 6450 2294 1701 6451 2295 1417 6452 2296 1417 6453 2296 1701 6454 2295 1702 6455 2297 1417 6456 2296 1702 6457 2297 1418 6458 2298 1418 6459 2298 1702 6460 2297 1703 6461 2299 1418 6462 2298 1703 6463 2299 1419 6464 2300 1419 6465 2300 1703 6466 2299 1704 6467 2301 1419 6468 2300 1704 6469 2301 1420 6470 2302 1420 6471 2302 1704 6472 2301 1705 6473 2303 1420 6474 2302 1705 6475 2303 1421 6476 2304 1421 6477 2304 1705 6478 2303 1706 6479 2305 1421 6480 2304 1706 6481 2305 1422 6482 2306 1422 6483 2306 1706 6484 2305 1707 6485 2307 1422 6486 2306 1707 6487 2307 1423 6488 2308 1423 6489 2308 1707 6490 2307 1708 6491 2309 1423 6492 2308 1708 6493 2309 995 6494 2310 995 6495 2310 1708 6496 2309 968 6497 2311 1708 6498 2312 1720 6499 2313 968 6500 2314 968 6501 2314 1720 6502 2313 827 6503 2315 968 6504 2314 827 6505 2315 826 6506 2316 1720 6507 2313 1708 6508 2312 1719 6509 2317 1719 6510 2317 1708 6511 2312 1707 6512 2318 1719 6513 2317 1707 6514 2318 1718 6515 2319 1718 6516 2319 1707 6517 2318 1706 6518 2320 1718 6519 2319 1706 6520 2320 1717 6521 2321 1717 6522 2321 1706 6523 2320 1705 6524 2322 1717 6525 2321 1705 6526 2322 1716 6527 2323 1716 6528 2323 1705 6529 2322 1704 6530 2324 1716 6531 2323 1704 6532 2324 1715 6533 2325 1715 6534 2325 1704 6535 2324 1703 6536 2326 1715 6537 2325 1703 6538 2326 1702 6539 2327 1715 6540 2325 1702 6541 2327 1714 6542 2328 1714 6543 2328 1702 6544 2327 1701 6545 2329 1714 6546 2328 1701 6547 2329 1713 6548 2330 1713 6549 2330 1701 6550 2329 1700 6551 2331 1713 6552 2330 1700 6553 2331 1712 6554 2332 1712 6555 2332 1700 6556 2331 1699 6557 2333 1712 6558 2332 1699 6559 2333 1711 6560 2334 1711 6561 2334 1699 6562 2333 1698 6563 2335 1711 6564 2334 1698 6565 2335 1710 6566 2336 1710 6567 2336 1698 6568 2335 1697 6569 2337 1710 6570 2336 1697 6571 2337 1709 6572 2338 1709 6573 2338 1697 6574 2337 981 6575 2339 1709 6576 2338 981 6577 2339 814 6578 2340 814 6579 2340 981 6580 2339 815 6581 2341 815 6582 2341 981 6583 2339 980 6584 2342 815 6585 2341 980 6586 2342 816 6587 2343 816 6588 2343 980 6589 2342 979 6590 2344 816 6591 2343 979 6592 2344 817 6593 2345 817 6594 2345 979 6595 2344 978 6596 2346 817 6597 2345 978 6598 2346 818 6599 2347 818 6600 2347 978 6601 2346 977 6602 2348 818 6603 2347 977 6604 2348 819 6605 2349 819 6606 2349 977 6607 2348 976 6608 2350 819 6609 2349 976 6610 2350 820 6611 2351 820 6612 2351 976 6613 2350 975 6614 2352 820 6615 2351 975 6616 2352 974 6617 2353 820 6618 2351 974 6619 2353 821 6620 2354 821 6621 2354 974 6622 2353 973 6623 2355 821 6624 2354 973 6625 2355 822 6626 2356 822 6627 2356 973 6628 2355 972 6629 2357 822 6630 2356 972 6631 2357 823 6632 2358 823 6633 2358 972 6634 2357 971 6635 2359 823 6636 2358 971 6637 2359 824 6638 2360 824 6639 2360 971 6640 2359 970 6641 2361 824 6642 2360 970 6643 2361 825 6644 2362 825 6645 2362 970 6646 2361 969 6647 2363 825 6648 2362 969 6649 2363 826 6650 2316 826 6651 2316 969 6652 2363 968 6653 2314 954 6654 2364 953 6655 2365 1400 6656 2366 1400 6657 2366 953 6658 2365 1721 6659 2367 1400 6660 2366 1721 6661 2367 1401 6662 2368 1401 6663 2368 1721 6664 2367 1722 6665 2369 1401 6666 2368 1722 6667 2369 1402 6668 2370 1402 6669 2370 1722 6670 2369 1723 6671 2371 1402 6672 2370 1723 6673 2371 1403 6674 2372 1403 6675 2372 1723 6676 2371 1724 6677 2373 1403 6678 2372 1724 6679 2373 1404 6680 2374 1404 6681 2374 1724 6682 2373 1725 6683 2375 1404 6684 2374 1725 6685 2375 1405 6686 2376 1405 6687 2376 1725 6688 2375 1726 6689 2377 1405 6690 2376 1726 6691 2377 1406 6692 2378 1406 6693 2378 1726 6694 2377 1727 6695 2379 1406 6696 2378 1727 6697 2379 1407 6698 2380 1407 6699 2380 1727 6700 2379 1728 6701 2381 1407 6702 2380 1728 6703 2381 1408 6704 2382 1408 6705 2382 1728 6706 2381 1729 6707 2383 1408 6708 2382 1729 6709 2383 1409 6710 2384 1409 6711 2384 1729 6712 2383 1730 6713 2385 1409 6714 2384 1730 6715 2385 1410 6716 2386 1410 6717 2386 1730 6718 2385 1731 6719 2387 1410 6720 2386 1731 6721 2387 1411 6722 2388 1411 6723 2388 1731 6724 2387 1732 6725 2389 1411 6726 2388 1732 6727 2389 967 6728 2390 967 6729 2390 1732 6730 2389 940 6731 2391 1732 6732 2392 1744 6733 2393 940 6734 2394 940 6735 2394 1744 6736 2393 855 6737 2395 940 6738 2394 855 6739 2395 854 6740 2396 1744 6741 2393 1732 6742 2392 1743 6743 2397 1743 6744 2397 1732 6745 2392 1731 6746 2398 1743 6747 2397 1731 6748 2398 1742 6749 2399 1742 6750 2399 1731 6751 2398 1730 6752 2400 1742 6753 2399 1730 6754 2400 1741 6755 2401 1741 6756 2401 1730 6757 2400 1729 6758 2402 1741 6759 2401 1729 6760 2402 1740 6761 2403 1740 6762 2403 1729 6763 2402 1728 6764 2404 1740 6765 2403 1728 6766 2404 1739 6767 2405 1739 6768 2405 1728 6769 2404 1727 6770 2406 1739 6771 2405 1727 6772 2406 1726 6773 2407 1739 6774 2405 1726 6775 2407 1738 6776 2408 1738 6777 2408 1726 6778 2407 1725 6779 2409 1738 6780 2408 1725 6781 2409 1737 6782 2410 1737 6783 2410 1725 6784 2409 1724 6785 2411 1737 6786 2410 1724 6787 2411 1736 6788 2412 1736 6789 2412 1724 6790 2411 1723 6791 2413 1736 6792 2412 1723 6793 2413 1735 6794 2414 1735 6795 2414 1723 6796 2413 1722 6797 2415 1735 6798 2414 1722 6799 2415 1734 6800 2416 1734 6801 2416 1722 6802 2415 1721 6803 2417 1734 6804 2416 1721 6805 2417 1733 6806 2418 1733 6807 2418 1721 6808 2417 953 6809 2419 1733 6810 2418 953 6811 2419 842 6812 2420 842 6813 2420 953 6814 2419 843 6815 2421 843 6816 2421 953 6817 2419 952 6818 2422 843 6819 2421 952 6820 2422 844 6821 2423 844 6822 2423 952 6823 2422 951 6824 2424 844 6825 2423 951 6826 2424 845 6827 2425 845 6828 2425 951 6829 2424 950 6830 2426 845 6831 2425 950 6832 2426 846 6833 2427 846 6834 2427 950 6835 2426 949 6836 2428 846 6837 2427 949 6838 2428 847 6839 2429 847 6840 2429 949 6841 2428 948 6842 2430 847 6843 2429 948 6844 2430 848 6845 2431 848 6846 2431 948 6847 2430 947 6848 2432 848 6849 2431 947 6850 2432 946 6851 2433 848 6852 2431 946 6853 2433 849 6854 2434 849 6855 2434 946 6856 2433 945 6857 2435 849 6858 2434 945 6859 2435 850 6860 2436 850 6861 2436 945 6862 2435 944 6863 2437 850 6864 2436 944 6865 2437 851 6866 2438 851 6867 2438 944 6868 2437 943 6869 2439 851 6870 2438 943 6871 2439 852 6872 2440 852 6873 2440 943 6874 2439 942 6875 2441 852 6876 2440 942 6877 2441 853 6878 2442 853 6879 2442 942 6880 2441 941 6881 2443 853 6882 2442 941 6883 2443 854 6884 2396 854 6885 2396 941 6886 2443 940 6887 2394 926 6888 2444 925 6889 2445 1227 6890 2446 1227 6891 2446 925 6892 2445 1745 6893 2447 1227 6894 2446 1745 6895 2447 1228 6896 2448 1228 6897 2448 1745 6898 2447 1746 6899 2449 1228 6900 2448 1746 6901 2449 1229 6902 2450 1229 6903 2450 1746 6904 2449 1747 6905 2451 1229 6906 2450 1747 6907 2451 1230 6908 2452 1230 6909 2452 1747 6910 2451 1748 6911 2453 1230 6912 2452 1748 6913 2453 1231 6914 2454 1231 6915 2454 1748 6916 2453 1749 6917 2455 1231 6918 2454 1749 6919 2455 1232 6920 2456 1232 6921 2456 1749 6922 2455 1750 6923 2457 1232 6924 2456 1750 6925 2457 1233 6926 2458 1233 6927 2458 1750 6928 2457 1751 6929 2459 1233 6930 2458 1751 6931 2459 1234 6932 2460 1234 6933 2460 1751 6934 2459 1752 6935 2461 1234 6936 2460 1752 6937 2461 1235 6938 2462 1235 6939 2462 1752 6940 2461 1753 6941 2463 1235 6942 2462 1753 6943 2463 1236 6944 2464 1236 6945 2464 1753 6946 2463 1754 6947 2465 1236 6948 2464 1754 6949 2465 1237 6950 2466 1237 6951 2466 1754 6952 2465 1755 6953 2467 1237 6954 2466 1755 6955 2467 1238 6956 2468 1238 6957 2468 1755 6958 2467 1756 6959 2469 1238 6960 2468 1756 6961 2469 939 6962 2470 939 6963 2470 1756 6964 2469 912 6965 2471 1756 6966 2472 1768 6967 2473 912 6968 2474 912 6969 2474 1768 6970 2473 883 6971 2475 912 6972 2474 883 6973 2475 882 6974 2476 1768 6975 2473 1756 6976 2472 1767 6977 2477 1767 6978 2477 1756 6979 2472 1755 6980 2478 1767 6981 2477 1755 6982 2478 1766 6983 2479 1766 6984 2479 1755 6985 2478 1754 6986 2480 1766 6987 2479 1754 6988 2480 1765 6989 2481 1765 6990 2481 1754 6991 2480 1753 6992 2482 1765 6993 2481 1753 6994 2482 1764 6995 2483 1764 6996 2483 1753 6997 2482 1752 6998 2484 1764 6999 2483 1752 7000 2484 1763 7001 2485 1763 7002 2485 1752 7003 2484 1751 7004 2486 1763 7005 2485 1751 7006 2486 1750 7007 2487 1763 7008 2485 1750 7009 2487 1762 7010 2488 1762 7011 2488 1750 7012 2487 1749 7013 2489 1762 7014 2488 1749 7015 2489 1761 7016 2490 1761 7017 2490 1749 7018 2489 1748 7019 2491 1761 7020 2490 1748 7021 2491 1760 7022 2492 1760 7023 2492 1748 7024 2491 1747 7025 2493 1760 7026 2492 1747 7027 2493 1759 7028 2494 1759 7029 2494 1747 7030 2493 1746 7031 2495 1759 7032 2494 1746 7033 2495 1758 7034 2496 1758 7035 2496 1746 7036 2495 1745 7037 2497 1758 7038 2496 1745 7039 2497 1757 7040 2498 1757 7041 2498 1745 7042 2497 925 7043 2499 1757 7044 2498 925 7045 2499 870 7046 2500 870 7047 2500 925 7048 2499 871 7049 2501 871 7050 2501 925 7051 2499 924 7052 2502 871 7053 2501 924 7054 2502 872 7055 2503 872 7056 2503 924 7057 2502 923 7058 2504 872 7059 2503 923 7060 2504 873 7061 2505 873 7062 2505 923 7063 2504 922 7064 2506 873 7065 2505 922 7066 2506 874 7067 2507 874 7068 2507 922 7069 2506 921 7070 2508 874 7071 2507 921 7072 2508 875 7073 2509 875 7074 2509 921 7075 2508 920 7076 2510 875 7077 2509 920 7078 2510 876 7079 2511 876 7080 2511 920 7081 2510 919 7082 2512 876 7083 2511 919 7084 2512 918 7085 2513 876 7086 2511 918 7087 2513 877 7088 2514 877 7089 2514 918 7090 2513 917 7091 2515 877 7092 2514 917 7093 2515 878 7094 2516 878 7095 2516 917 7096 2515 916 7097 2517 878 7098 2516 916 7099 2517 879 7100 2518 879 7101 2518 916 7102 2517 915 7103 2519 879 7104 2518 915 7105 2519 880 7106 2520 880 7107 2520 915 7108 2519 914 7109 2521 880 7110 2520 914 7111 2521 881 7112 2522 881 7113 2522 914 7114 2521 913 7115 2523 881 7116 2522 913 7117 2523 882 7118 2476 882 7119 2476 913 7120 2523 912 7121 2474 898 7122 2524 897 7123 2525 1215 7124 2526 1215 7125 2526 897 7126 2525 1769 7127 2527 1215 7128 2526 1769 7129 2527 1216 7130 2528 1216 7131 2528 1769 7132 2527 1770 7133 2529 1216 7134 2528 1770 7135 2529 1217 7136 2530 1217 7137 2530 1770 7138 2529 1771 7139 2531 1217 7140 2530 1771 7141 2531 1218 7142 2532 1218 7143 2532 1771 7144 2531 1772 7145 2533 1218 7146 2532 1772 7147 2533 1219 7148 2534 1219 7149 2534 1772 7150 2533 1773 7151 2535 1219 7152 2534 1773 7153 2535 1220 7154 2536 1220 7155 2536 1773 7156 2535 1774 7157 2537 1220 7158 2536 1774 7159 2537 1221 7160 2538 1221 7161 2538 1774 7162 2537 1775 7163 2539 1221 7164 2538 1775 7165 2539 1222 7166 2540 1222 7167 2540 1775 7168 2539 1776 7169 2541 1222 7170 2540 1776 7171 2541 1223 7172 2542 1223 7173 2542 1776 7174 2541 1777 7175 2543 1223 7176 2542 1777 7177 2543 1224 7178 2544 1224 7179 2544 1777 7180 2543 1778 7181 2545 1224 7182 2544 1778 7183 2545 1225 7184 2546 1225 7185 2546 1778 7186 2545 1779 7187 2547 1225 7188 2546 1779 7189 2547 1226 7190 2548 1226 7191 2548 1779 7192 2547 1780 7193 2549 1226 7194 2548 1780 7195 2549 911 7196 2550 911 7197 2550 1780 7198 2549 884 7199 2551 1780 7200 2552 1792 7201 2553 884 7202 2554 884 7203 2554 1792 7204 2553 799 7205 2555 884 7206 2554 799 7207 2555 798 7208 2556 1792 7209 2553 1780 7210 2552 1791 7211 2557 1791 7212 2557 1780 7213 2552 1779 7214 2558 1791 7215 2557 1779 7216 2558 1790 7217 2559 1790 7218 2559 1779 7219 2558 1778 7220 2560 1790 7221 2559 1778 7222 2560 1789 7223 2561 1789 7224 2561 1778 7225 2560 1777 7226 2562 1789 7227 2561 1777 7228 2562 1788 7229 2563 1788 7230 2563 1777 7231 2562 1776 7232 2564 1788 7233 2563 1776 7234 2564 1787 7235 2565 1787 7236 2565 1776 7237 2564 1775 7238 2566 1787 7239 2565 1775 7240 2566 1774 7241 2567 1787 7242 2565 1774 7243 2567 1786 7244 2568 1786 7245 2568 1774 7246 2567 1773 7247 2569 1786 7248 2568 1773 7249 2569 1785 7250 2570 1785 7251 2570 1773 7252 2569 1772 7253 2571 1785 7254 2570 1772 7255 2571 1784 7256 2572 1784 7257 2572 1772 7258 2571 1771 7259 2573 1784 7260 2572 1771 7261 2573 1783 7262 2574 1783 7263 2574 1771 7264 2573 1770 7265 2575 1783 7266 2574 1770 7267 2575 1782 7268 2576 1782 7269 2576 1770 7270 2575 1769 7271 2577 1782 7272 2576 1769 7273 2577 1781 7274 2578 1781 7275 2578 1769 7276 2577 897 7277 2579 1781 7278 2578 897 7279 2579 786 7280 2580 786 7281 2580 897 7282 2579 787 7283 2581 787 7284 2581 897 7285 2579 896 7286 2582 787 7287 2581 896 7288 2582 788 7289 2583 788 7290 2583 896 7291 2582 895 7292 2584 788 7293 2583 895 7294 2584 789 7295 2585 789 7296 2585 895 7297 2584 894 7298 2586 789 7299 2585 894 7300 2586 790 7301 2587 790 7302 2587 894 7303 2586 893 7304 2588 790 7305 2587 893 7306 2588 791 7307 2589 791 7308 2589 893 7309 2588 892 7310 2590 791 7311 2589 892 7312 2590 792 7313 2591 792 7314 2591 892 7315 2590 891 7316 2592 792 7317 2591 891 7318 2592 890 7319 2593 792 7320 2591 890 7321 2593 793 7322 2594 793 7323 2594 890 7324 2593 889 7325 2595 793 7326 2594 889 7327 2595 794 7328 2596 794 7329 2596 889 7330 2595 888 7331 2597 794 7332 2596 888 7333 2597 795 7334 2598 795 7335 2598 888 7336 2597 887 7337 2599 795 7338 2598 887 7339 2599 796 7340 2600 796 7341 2600 887 7342 2599 886 7343 2601 796 7344 2600 886 7345 2601 797 7346 2602 797 7347 2602 886 7348 2601 885 7349 2603 797 7350 2602 885 7351 2603 798 7352 2556 798 7353 2556 885 7354 2603 884 7355 2554 870 7356 2604 869 7357 2605 1757 7358 2606 1757 7359 2606 869 7360 2605 1663 7361 2607 1757 7362 2606 1663 7363 2607 1758 7364 2608 1758 7365 2608 1663 7366 2607 1662 7367 2609 1758 7368 2608 1662 7369 2609 1759 7370 2610 1759 7371 2610 1662 7372 2609 1661 7373 2611 1759 7374 2610 1661 7375 2611 1760 7376 2612 1760 7377 2612 1661 7378 2611 1660 7379 2613 1760 7380 2612 1660 7381 2613 1761 7382 2614 1761 7383 2614 1660 7384 2613 1659 7385 2615 1761 7386 2614 1659 7387 2615 1762 7388 2616 1762 7389 2616 1659 7390 2615 1658 7391 2617 1762 7392 2616 1658 7393 2617 1763 7394 2618 1763 7395 2618 1658 7396 2617 1657 7397 2619 1763 7398 2618 1657 7399 2619 1764 7400 2620 1764 7401 2620 1657 7402 2619 1656 7403 2621 1764 7404 2620 1656 7405 2621 1765 7406 2622 1765 7407 2622 1656 7408 2621 1655 7409 2623 1765 7410 2622 1655 7411 2623 1766 7412 2624 1766 7413 2624 1655 7414 2623 1654 7415 2625 1766 7416 2624 1654 7417 2625 1767 7418 2626 1767 7419 2626 1654 7420 2625 1653 7421 2627 1767 7422 2626 1653 7423 2627 1768 7424 2628 1768 7425 2628 1653 7426 2627 1652 7427 2629 1768 7428 2628 1652 7429 2629 883 7430 2630 883 7431 2630 1652 7432 2629 856 7433 2631 842 7434 2632 841 7435 2633 1733 7436 2634 1733 7437 2634 841 7438 2633 1651 7439 2635 1733 7440 2634 1651 7441 2635 1734 7442 2636 1734 7443 2636 1651 7444 2635 1650 7445 2637 1734 7446 2636 1650 7447 2637 1735 7448 2638 1735 7449 2638 1650 7450 2637 1649 7451 2639 1735 7452 2638 1649 7453 2639 1736 7454 2640 1736 7455 2640 1649 7456 2639 1648 7457 2641 1736 7458 2640 1648 7459 2641 1737 7460 2642 1737 7461 2642 1648 7462 2641 1647 7463 2643 1737 7464 2642 1647 7465 2643 1738 7466 2644 1738 7467 2644 1647 7468 2643 1646 7469 2645 1738 7470 2644 1646 7471 2645 1739 7472 2646 1739 7473 2646 1646 7474 2645 1645 7475 2647 1739 7476 2646 1645 7477 2647 1740 7478 2648 1740 7479 2648 1645 7480 2647 1644 7481 2649 1740 7482 2648 1644 7483 2649 1741 7484 2650 1741 7485 2650 1644 7486 2649 1643 7487 2651 1741 7488 2650 1643 7489 2651 1742 7490 2652 1742 7491 2652 1643 7492 2651 1642 7493 2653 1742 7494 2652 1642 7495 2653 1743 7496 2654 1743 7497 2654 1642 7498 2653 1641 7499 2655 1743 7500 2654 1641 7501 2655 1744 7502 2656 1744 7503 2656 1641 7504 2655 1640 7505 2657 1744 7506 2656 1640 7507 2657 855 7508 2658 855 7509 2658 1640 7510 2657 828 7511 2659 814 7512 2660 813 7513 2661 1709 7514 2662 1709 7515 2662 813 7516 2661 1639 7517 2663 1709 7518 2662 1639 7519 2663 1710 7520 2664 1710 7521 2664 1639 7522 2663 1638 7523 2665 1710 7524 2664 1638 7525 2665 1711 7526 2666 1711 7527 2666 1638 7528 2665 1637 7529 2667 1711 7530 2666 1637 7531 2667 1712 7532 2668 1712 7533 2668 1637 7534 2667 1636 7535 2669 1712 7536 2668 1636 7537 2669 1713 7538 2670 1713 7539 2670 1636 7540 2669 1635 7541 2671 1713 7542 2670 1635 7543 2671 1714 7544 2672 1714 7545 2672 1635 7546 2671 1634 7547 2673 1714 7548 2672 1634 7549 2673 1715 7550 2674 1715 7551 2674 1634 7552 2673 1633 7553 2675 1715 7554 2674 1633 7555 2675 1716 7556 2676 1716 7557 2676 1633 7558 2675 1632 7559 2677 1716 7560 2676 1632 7561 2677 1717 7562 2678 1717 7563 2678 1632 7564 2677 1631 7565 2679 1717 7566 2678 1631 7567 2679 1718 7568 2680 1718 7569 2680 1631 7570 2679 1630 7571 2681 1718 7572 2680 1630 7573 2681 1719 7574 2682 1719 7575 2682 1630 7576 2681 1629 7577 2683 1719 7578 2682 1629 7579 2683 1720 7580 2684 1720 7581 2684 1629 7582 2683 1628 7583 2685 1720 7584 2684 1628 7585 2685 827 7586 2686 827 7587 2686 1628 7588 2685 800 7589 2687 786 7590 2688 785 7591 2689 1781 7592 2690 1781 7593 2690 785 7594 2689 1793 7595 2691 1781 7596 2690 1793 7597 2691 1782 7598 2692 1782 7599 2692 1793 7600 2691 1794 7601 2693 1782 7602 2692 1794 7603 2693 1783 7604 2694 1783 7605 2694 1794 7606 2693 1795 7607 2695 1783 7608 2694 1795 7609 2695 1784 7610 2696 1784 7611 2696 1795 7612 2695 1796 7613 2697 1784 7614 2696 1796 7615 2697 1785 7616 2698 1785 7617 2698 1796 7618 2697 1797 7619 2699 1785 7620 2698 1797 7621 2699 1786 7622 2700 1786 7623 2700 1797 7624 2699 1798 7625 2701 1786 7626 2700 1798 7627 2701 1787 7628 2702 1787 7629 2702 1798 7630 2701 1799 7631 2703 1787 7632 2702 1799 7633 2703 1788 7634 2704 1788 7635 2704 1799 7636 2703 1800 7637 2705 1788 7638 2704 1800 7639 2705 1789 7640 2706 1789 7641 2706 1800 7642 2705 1801 7643 2707 1789 7644 2706 1801 7645 2707 1790 7646 2708 1790 7647 2708 1801 7648 2707 1802 7649 2709 1790 7650 2708 1802 7651 2709 1791 7652 2710 1791 7653 2710 1802 7654 2709 1803 7655 2711 1791 7656 2710 1803 7657 2711 1792 7658 2712 1792 7659 2712 1803 7660 2711 1804 7661 2713 1792 7662 2712 1804 7663 2713 799 7664 2714 799 7665 2714 1804 7666 2713 772 7667 2715 784 7668 2716 773 7669 2717 785 7670 2718 785 7671 2718 773 7672 2717 772 7673 2719 785 7674 2718 772 7675 2719 1793 7676 2720 1793 7677 2720 772 7678 2719 1804 7679 2721 1793 7680 2720 1804 7681 2721 1794 7682 2722 1794 7683 2722 1804 7684 2721 1803 7685 2723 1794 7686 2722 1803 7687 2723 1795 7688 2724 1795 7689 2724 1803 7690 2723 1802 7691 2725 1795 7692 2724 1802 7693 2725 1796 7694 2726 1796 7695 2726 1802 7696 2725 1801 7697 2727 1796 7698 2726 1801 7699 2727 1797 7700 2728 1797 7701 2728 1801 7702 2727 1800 7703 2729 1797 7704 2728 1800 7705 2729 1798 7706 2730 1798 7707 2730 1800 7708 2729 1799 7709 2731 773 7710 2717 784 7711 2716 774 7712 2732 774 7713 2732 784 7714 2716 783 7715 2733 774 7716 2732 783 7717 2733 775 7718 2734 775 7719 2734 783 7720 2733 782 7721 2735 775 7722 2734 782 7723 2735 776 7724 2736 776 7725 2736 782 7726 2735 781 7727 2737 776 7728 2736 781 7729 2737 777 7730 2738 777 7731 2738 781 7732 2737 780 7733 2739 777 7734 2738 780 7735 2739 778 7736 2740 778 7737 2740 780 7738 2739 779 7739 2741 1807 7740 2742 1805 7741 2743 1183 7742 2744 1183 7743 2744 1805 7744 2743 1806 7745 2745 1183 7746 2744 1806 7747 2745 1140 7748 2746 1140 7749 2746 1806 7750 2745 1201 7751 2747 1139 7752 2748 1184 7753 2749 1140 7754 2750 1140 7755 2750 1184 7756 2749 1183 7757 2751 1399 7758 2752 1808 7759 2753 1139 7760 2754 1139 7761 2754 1808 7762 2753 1809 7763 2755 1139 7764 2754 1809 7765 2755 1184 7766 2756 1184 7767 2756 1809 7768 2755 1810 7769 2757 1811 7770 2758 1812 7771 2759 1808 7772 2760 1808 7773 2760 1812 7774 2759 1813 7775 2761 1808 7776 2760 1813 7777 2761 1814 7778 2762 1815 7779 2763 1832 7780 2764 1814 7781 2762 1814 7782 2762 1832 7783 2764 1833 7784 2765 1814 7785 2762 1833 7786 2765 1808 7787 2760 1808 7788 2760 1833 7789 2765 1809 7790 2766 1809 7791 2766 1833 7792 2765 1834 7793 2767 1809 7794 2766 1834 7795 2767 1835 7796 2768 1832 7797 2764 1815 7798 2763 1831 7799 2769 1831 7800 2769 1815 7801 2763 1816 7802 2770 1831 7803 2769 1816 7804 2770 1830 7805 2771 1830 7806 2771 1816 7807 2770 1817 7808 2772 1830 7809 2771 1817 7810 2772 1829 7811 2773 1829 7812 2773 1817 7813 2772 1818 7814 2774 1829 7815 2773 1818 7816 2774 1828 7817 2775 1828 7818 2775 1818 7819 2774 1819 7820 2776 1828 7821 2775 1819 7822 2776 1827 7823 2777 1827 7824 2777 1819 7825 2776 1820 7826 2778 1827 7827 2777 1820 7828 2778 1805 7829 2779 1805 7830 2779 1820 7831 2778 1806 7832 2780 1806 7833 2780 1820 7834 2778 1821 7835 2781 1806 7836 2780 1821 7837 2781 1822 7838 2782 1822 7839 2782 1823 7840 2783 1806 7841 2780 1824 7842 2784 1825 7843 2785 1805 7844 2779 1805 7845 2779 1825 7846 2785 1826 7847 2786 1805 7848 2779 1826 7849 2786 1827 7850 2777 1835 7851 2768 1836 7852 2787 1809 7853 2766 1147 7854 2788 1146 7855 2789 1840 7856 2790 1840 7857 2790 1146 7858 2789 1154 7859 2791 1840 7860 2790 1154 7861 2791 1839 7862 2792 1839 7863 2792 1154 7864 2791 1162 7865 2793 1163 7866 2794 27 7867 2795 1146 7868 2789 1146 7869 2789 27 7870 2795 26 7871 2796 1146 7872 2789 26 7873 2796 25 7874 2797 1171 7875 2798 1837 7876 2799 1163 7877 2794 1163 7878 2794 1837 7879 2799 1838 7880 2800 1163 7881 2794 1838 7882 2800 1173 7883 2801 1173 7884 2801 1838 7885 2800 1174 7886 2802 1154 7887 2791 14 7888 2803 1173 7889 2801 1173 7890 2801 14 7891 2803 1841 7892 2804 1173 7893 2801 1841 7894 2804 1842 7895 2805 1842 7896 2805 1843 7897 2806 1173 7898 2801 1173 7899 2801 1843 7900 2806 1844 7901 2807 1173 7902 2801 1844 7903 2807 1845 7904 2808 1845 7905 2808 1846 7906 2809 1173 7907 2801 1173 7908 2801 1846 7909 2809 1847 7910 2810 1173 7911 2801 1847 7912 2810 1163 7913 2794 1163 7914 2794 1847 7915 2810 1848 7916 2811 1163 7917 2794 1848 7918 2811 1849 7919 2812 1849 7920 2812 1850 7921 2813 1163 7922 2794 1163 7923 2794 1850 7924 2813 1851 7925 2814 1163 7926 2794 1851 7927 2814 1852 7928 2815 1852 7929 2815 27 7930 2795 1163 7931 2794 25 7932 2797 24 7933 2816 1146 7934 2789 1146 7935 2789 24 7936 2816 23 7937 2817 1146 7938 2789 23 7939 2817 22 7940 2818 22 7941 2818 21 7942 2819 1146 7943 2789 1146 7944 2789 21 7945 2819 20 7946 2820 1146 7947 2789 20 7948 2820 1154 7949 2791 1154 7950 2791 20 7951 2820 19 7952 2821 1154 7953 2791 19 7954 2821 18 7955 2822 18 7956 2822 17 7957 2823 1154 7958 2791 1154 7959 2791 17 7960 2823 16 7961 2824 1154 7962 2791 16 7963 2824 15 7964 2825 15 7965 2825 14 7966 2803 1154 7967 2791 1853 7968 2826 1854 7969 2827 1839 7970 2828 1839 7971 2828 1854 7972 2827 1855 7973 2829 1839 7974 2828 1855 7975 2829 1856 7976 2830 1857 7977 2831 1876 7978 2832 1856 7979 2830 1856 7980 2830 1876 7981 2832 1877 7982 2833 1856 7983 2830 1877 7984 2833 1839 7985 2828 1839 7986 2828 1877 7987 2833 1840 7988 2834 1840 7989 2834 1877 7990 2833 1878 7991 2835 1840 7992 2834 1878 7993 2835 1879 7994 2836 1876 7995 2832 1857 7996 2831 1875 7997 2837 1875 7998 2837 1857 7999 2831 1858 8000 2838 1875 8001 2837 1858 8002 2838 1874 8003 2839 1874 8004 2839 1858 8005 2838 1859 8006 2840 1874 8007 2839 1859 8008 2840 1873 8009 2841 1873 8010 2841 1859 8011 2840 1860 8012 2842 1873 8013 2841 1860 8014 2842 1872 8015 2843 1872 8016 2843 1860 8017 2842 1861 8018 2844 1872 8019 2843 1861 8020 2844 1871 8021 2845 1871 8022 2845 1861 8023 2844 1862 8024 2846 1871 8025 2845 1862 8026 2846 1867 8027 2847 1867 8028 2847 1862 8029 2846 1866 8030 2848 1866 8031 2848 1862 8032 2846 1863 8033 2849 1866 8034 2848 1863 8035 2849 1864 8036 2850 1864 8037 2850 1865 8038 2851 1866 8039 2848 1868 8040 2852 1869 8041 2853 1867 8042 2847 1867 8043 2847 1869 8044 2853 1870 8045 2854 1867 8046 2847 1870 8047 2854 1871 8048 2845 1879 8049 2836 1880 8050 2855 1840 8051 2834 1884 8052 2856 1867 8053 2857 1185 8054 2858 1185 8055 2858 1867 8056 2857 1866 8057 2859 1185 8058 2858 1866 8059 2859 1138 8060 2860 1138 8061 2860 1866 8062 2859 1385 8063 2861 1185 8064 2858 1138 8065 2860 1186 8066 2862 1186 8067 2862 1138 8068 2860 1137 8069 2863 1186 8070 2862 1137 8071 2863 1189 8072 2864 1189 8073 2864 1137 8074 2863 1134 8075 2865 1189 8076 2864 1134 8077 2865 1190 8078 2866 1190 8079 2866 1134 8080 2865 1133 8081 2867 1190 8082 2866 1133 8083 2867 1882 8084 2868 1882 8085 2868 1133 8086 2867 1881 8087 2869 1881 8088 2869 1133 8089 2867 1371 8090 2870 1882 8091 2868 1883 8092 2871 1190 8093 2866 1885 8094 2872 1886 8095 2873 1881 8096 2874 1881 8097 2874 1886 8098 2873 1887 8099 2875 1881 8100 2874 1887 8101 2875 1888 8102 2876 1889 8103 2877 1906 8104 2878 1888 8105 2876 1888 8106 2876 1906 8107 2878 1907 8108 2879 1888 8109 2876 1907 8110 2879 1881 8111 2874 1881 8112 2874 1907 8113 2879 1882 8114 2880 1882 8115 2880 1907 8116 2879 1908 8117 2881 1882 8118 2880 1908 8119 2881 1909 8120 2882 1906 8121 2878 1889 8122 2877 1905 8123 2883 1905 8124 2883 1889 8125 2877 1890 8126 2884 1905 8127 2883 1890 8128 2884 1904 8129 2885 1904 8130 2885 1890 8131 2884 1891 8132 2886 1904 8133 2885 1891 8134 2886 1903 8135 2887 1903 8136 2887 1891 8137 2886 1892 8138 2888 1903 8139 2887 1892 8140 2888 1902 8141 2889 1902 8142 2889 1892 8143 2888 1893 8144 2890 1902 8145 2889 1893 8146 2890 1901 8147 2891 1901 8148 2891 1893 8149 2890 1894 8150 2892 1901 8151 2891 1894 8152 2892 1837 8153 2893 1837 8154 2893 1894 8155 2892 1838 8156 2894 1838 8157 2894 1894 8158 2892 1895 8159 2895 1838 8160 2894 1895 8161 2895 1896 8162 2896 1896 8163 2896 1897 8164 2897 1838 8165 2894 1898 8166 2898 1899 8167 2899 1837 8168 2893 1837 8169 2893 1899 8170 2899 1900 8171 2900 1837 8172 2893 1900 8173 2900 1901 8174 2891 1909 8175 2882 1910 8176 2901 1882 8177 2880 1364 8178 2902 1891 8179 2903 1365 8180 2904 1365 8181 2904 1891 8182 2903 1890 8183 2905 1365 8184 2904 1890 8185 2905 1366 8186 2906 1366 8187 2906 1890 8188 2905 1889 8189 2907 1366 8190 2906 1889 8191 2907 1367 8192 2908 1367 8193 2908 1889 8194 2907 1888 8195 2909 1367 8196 2908 1888 8197 2909 1368 8198 2910 1368 8199 2910 1888 8200 2909 1887 8201 2911 1368 8202 2910 1887 8203 2911 1369 8204 2912 1369 8205 2912 1887 8206 2911 1886 8207 2913 1369 8208 2912 1886 8209 2913 1370 8210 2914 1370 8211 2914 1886 8212 2913 1885 8213 2915 1370 8214 2914 1885 8215 2915 1371 8216 2916 1371 8217 2916 1885 8218 2915 1881 8219 2917 1174 8220 2918 1838 8221 2919 1683 8222 2920 1683 8223 2920 1838 8224 2919 1897 8225 2921 1683 8226 2920 1897 8227 2921 1684 8228 2922 1684 8229 2922 1897 8230 2921 1896 8231 2923 1684 8232 2922 1896 8233 2923 1685 8234 2924 1685 8235 2924 1896 8236 2923 1895 8237 2925 1685 8238 2924 1895 8239 2925 1686 8240 2926 1686 8241 2926 1895 8242 2925 1894 8243 2927 1686 8244 2926 1894 8245 2927 1687 8246 2928 1687 8247 2928 1894 8248 2927 1893 8249 2929 1687 8250 2928 1893 8251 2929 1688 8252 2930 1688 8253 2930 1893 8254 2929 1892 8255 2931 1688 8256 2930 1892 8257 2931 1364 8258 2932 1364 8259 2932 1892 8260 2931 1891 8261 2933 1392 8262 2934 1859 8263 2935 1689 8264 2936 1689 8265 2936 1859 8266 2935 1858 8267 2937 1689 8268 2936 1858 8269 2937 1690 8270 2938 1690 8271 2938 1858 8272 2937 1857 8273 2939 1690 8274 2938 1857 8275 2939 1691 8276 2940 1691 8277 2940 1857 8278 2939 1856 8279 2941 1691 8280 2940 1856 8281 2941 1692 8282 2942 1692 8283 2942 1856 8284 2941 1855 8285 2943 1692 8286 2942 1855 8287 2943 1693 8288 2944 1693 8289 2944 1855 8290 2943 1854 8291 2945 1693 8292 2944 1854 8293 2945 1694 8294 2946 1694 8295 2946 1854 8296 2945 1853 8297 2947 1694 8298 2946 1853 8299 2947 1162 8300 2948 1162 8301 2948 1853 8302 2947 1839 8303 2949 1385 8304 2950 1866 8305 2951 1386 8306 2952 1386 8307 2952 1866 8308 2951 1865 8309 2953 1386 8310 2952 1865 8311 2953 1387 8312 2954 1387 8313 2954 1865 8314 2953 1864 8315 2955 1387 8316 2954 1864 8317 2955 1388 8318 2956 1388 8319 2956 1864 8320 2955 1863 8321 2957 1388 8322 2956 1863 8323 2957 1389 8324 2958 1389 8325 2958 1863 8326 2957 1862 8327 2959 1389 8328 2958 1862 8329 2959 1390 8330 2960 1390 8331 2960 1862 8332 2959 1861 8333 2961 1390 8334 2960 1861 8335 2961 1391 8336 2962 1391 8337 2962 1861 8338 2961 1860 8339 2963 1391 8340 2962 1860 8341 2963 1392 8342 2964 1392 8343 2964 1860 8344 2963 1859 8345 2965 1208 8346 2966 1817 8347 2967 1393 8348 2968 1393 8349 2968 1817 8350 2967 1816 8351 2969 1393 8352 2968 1816 8353 2969 1394 8354 2970 1394 8355 2970 1816 8356 2969 1815 8357 2971 1394 8358 2970 1815 8359 2971 1395 8360 2972 1395 8361 2972 1815 8362 2971 1814 8363 2973 1395 8364 2972 1814 8365 2973 1396 8366 2974 1396 8367 2974 1814 8368 2973 1813 8369 2975 1396 8370 2974 1813 8371 2975 1397 8372 2976 1397 8373 2976 1813 8374 2975 1812 8375 2977 1397 8376 2976 1812 8377 2977 1398 8378 2978 1398 8379 2978 1812 8380 2977 1811 8381 2979 1398 8382 2978 1811 8383 2979 1399 8384 2980 1399 8385 2980 1811 8386 2979 1808 8387 2981 1201 8388 2982 1806 8389 2983 1202 8390 2984 1202 8391 2984 1806 8392 2983 1823 8393 2985 1202 8394 2984 1823 8395 2985 1203 8396 2986 1203 8397 2986 1823 8398 2985 1822 8399 2987 1203 8400 2986 1822 8401 2987 1204 8402 2988 1204 8403 2988 1822 8404 2987 1821 8405 2989 1204 8406 2988 1821 8407 2989 1205 8408 2990 1205 8409 2990 1821 8410 2989 1820 8411 2991 1205 8412 2990 1820 8413 2991 1206 8414 2992 1206 8415 2992 1820 8416 2991 1819 8417 2993 1206 8418 2992 1819 8419 2993 1207 8420 2994 1207 8421 2994 1819 8422 2993 1818 8423 2995 1207 8424 2994 1818 8425 2995 1208 8426 2996 1208 8427 2996 1818 8428 2995 1817 8429 2997 1911 8430 2998 1346 8431 2999 744 8432 3000 744 8433 3000 1346 8434 2999 1041 8435 3001 744 8436 3000 1041 8437 3001 1040 8438 3002 1346 8439 2999 1911 8440 2998 1347 8441 3003 1347 8442 3003 1911 8443 2998 1912 8444 3004 1347 8445 3003 1912 8446 3004 1348 8447 3005 1348 8448 3005 1912 8449 3004 1913 8450 3006 1348 8451 3005 1913 8452 3006 1349 8453 3007 1349 8454 3007 1913 8455 3006 1914 8456 3008 1349 8457 3007 1914 8458 3008 1350 8459 3009 1350 8460 3009 1914 8461 3008 1915 8462 3010 1350 8463 3009 1915 8464 3010 1351 8465 3011 1351 8466 3011 1915 8467 3010 1916 8468 3012 1351 8469 3011 1916 8470 3012 1917 8471 3013 1351 8472 3011 1917 8473 3013 1352 8474 3014 1352 8475 3014 1917 8476 3013 1918 8477 3015 1352 8478 3014 1918 8479 3015 1353 8480 3016 1353 8481 3016 1918 8482 3015 1919 8483 3017 1353 8484 3016 1919 8485 3017 1354 8486 3018 1354 8487 3018 1919 8488 3017 1920 8489 3019 1354 8490 3018 1920 8491 3019 1355 8492 3020 1355 8493 3020 1920 8494 3019 1921 8495 3021 1355 8496 3020 1921 8497 3021 1356 8498 3022 1356 8499 3022 1921 8500 3021 1922 8501 3023 1356 8502 3022 1922 8503 3023 1357 8504 3024 1357 8505 3024 1922 8506 3023 757 8507 3025 1357 8508 3024 757 8509 3025 1028 8510 3026 1028 8511 3026 757 8512 3025 1029 8513 3027 1029 8514 3027 757 8515 3025 756 8516 3028 1029 8517 3027 756 8518 3028 1030 8519 3029 1030 8520 3029 756 8521 3028 755 8522 3030 1030 8523 3029 755 8524 3030 1031 8525 3031 1031 8526 3031 755 8527 3030 754 8528 3032 1031 8529 3031 754 8530 3032 1032 8531 3033 1032 8532 3033 754 8533 3032 753 8534 3034 1032 8535 3033 753 8536 3034 1033 8537 3035 1033 8538 3035 753 8539 3034 752 8540 3036 1033 8541 3035 752 8542 3036 1034 8543 3037 1034 8544 3037 752 8545 3036 751 8546 3038 1034 8547 3037 751 8548 3038 750 8549 3039 1034 8550 3037 750 8551 3039 1035 8552 3040 1035 8553 3040 750 8554 3039 749 8555 3041 1035 8556 3040 749 8557 3041 1036 8558 3042 1036 8559 3042 749 8560 3041 748 8561 3043 1036 8562 3042 748 8563 3043 1037 8564 3044 1037 8565 3044 748 8566 3043 747 8567 3045 1037 8568 3044 747 8569 3045 1038 8570 3046 1038 8571 3046 747 8572 3045 746 8573 3047 1038 8574 3046 746 8575 3047 1039 8576 3048 1039 8577 3048 746 8578 3047 745 8579 3049 1039 8580 3048 745 8581 3049 1040 8582 3002 1040 8583 3002 745 8584 3049 744 8585 3000 758 8586 3050 757 8587 3051 1549 8588 3052 1549 8589 3052 757 8590 3051 1922 8591 3053 1549 8592 3052 1922 8593 3053 1550 8594 3054 1550 8595 3054 1922 8596 3053 1921 8597 3055 1550 8598 3054 1921 8599 3055 1551 8600 3056 1551 8601 3056 1921 8602 3055 1920 8603 3057 1551 8604 3056 1920 8605 3057 1552 8606 3058 1552 8607 3058 1920 8608 3057 1919 8609 3059 1552 8610 3058 1919 8611 3059 1553 8612 3060 1553 8613 3060 1919 8614 3059 1918 8615 3061 1553 8616 3060 1918 8617 3061 1554 8618 3062 1554 8619 3062 1918 8620 3061 1917 8621 3063 1554 8622 3062 1917 8623 3063 1555 8624 3064 1555 8625 3064 1917 8626 3063 1916 8627 3065 1555 8628 3064 1916 8629 3065 1556 8630 3066 1556 8631 3066 1916 8632 3065 1915 8633 3067 1556 8634 3066 1915 8635 3067 1557 8636 3068 1557 8637 3068 1915 8638 3067 1914 8639 3069 1557 8640 3068 1914 8641 3069 1558 8642 3070 1558 8643 3070 1914 8644 3069 1913 8645 3071 1558 8646 3070 1913 8647 3071 1559 8648 3072 1559 8649 3072 1913 8650 3071 1912 8651 3073 1559 8652 3072 1912 8653 3073 1560 8654 3074 1560 8655 3074 1912 8656 3073 1911 8657 3075 1560 8658 3074 1911 8659 3075 771 8660 3076 771 8661 3076 1911 8662 3075 744 8663 3077 1923 8664 3078 1322 8665 3079 716 8666 3080 716 8667 3080 1322 8668 3079 1069 8669 3081 716 8670 3080 1069 8671 3081 1068 8672 3082 1322 8673 3079 1923 8674 3078 1323 8675 3083 1323 8676 3083 1923 8677 3078 1924 8678 3084 1323 8679 3083 1924 8680 3084 1324 8681 3085 1324 8682 3085 1924 8683 3084 1925 8684 3086 1324 8685 3085 1925 8686 3086 1325 8687 3087 1325 8688 3087 1925 8689 3086 1926 8690 3088 1325 8691 3087 1926 8692 3088 1326 8693 3089 1326 8694 3089 1926 8695 3088 1927 8696 3090 1326 8697 3089 1927 8698 3090 1327 8699 3091 1327 8700 3091 1927 8701 3090 1928 8702 3092 1327 8703 3091 1928 8704 3092 1929 8705 3093 1327 8706 3091 1929 8707 3093 1328 8708 3094 1328 8709 3094 1929 8710 3093 1930 8711 3095 1328 8712 3094 1930 8713 3095 1329 8714 3096 1329 8715 3096 1930 8716 3095 1931 8717 3097 1329 8718 3096 1931 8719 3097 1330 8720 3098 1330 8721 3098 1931 8722 3097 1932 8723 3099 1330 8724 3098 1932 8725 3099 1331 8726 3100 1331 8727 3100 1932 8728 3099 1933 8729 3101 1331 8730 3100 1933 8731 3101 1332 8732 3102 1332 8733 3102 1933 8734 3101 1934 8735 3103 1332 8736 3102 1934 8737 3103 1333 8738 3104 1333 8739 3104 1934 8740 3103 729 8741 3105 1333 8742 3104 729 8743 3105 1056 8744 3106 1056 8745 3106 729 8746 3105 1057 8747 3107 1057 8748 3107 729 8749 3105 728 8750 3108 1057 8751 3107 728 8752 3108 1058 8753 3109 1058 8754 3109 728 8755 3108 727 8756 3110 1058 8757 3109 727 8758 3110 1059 8759 3111 1059 8760 3111 727 8761 3110 726 8762 3112 1059 8763 3111 726 8764 3112 1060 8765 3113 1060 8766 3113 726 8767 3112 725 8768 3114 1060 8769 3113 725 8770 3114 1061 8771 3115 1061 8772 3115 725 8773 3114 724 8774 3116 1061 8775 3115 724 8776 3116 1062 8777 3117 1062 8778 3117 724 8779 3116 723 8780 3118 1062 8781 3117 723 8782 3118 722 8783 3119 1062 8784 3117 722 8785 3119 1063 8786 3120 1063 8787 3120 722 8788 3119 721 8789 3121 1063 8790 3120 721 8791 3121 1064 8792 3122 1064 8793 3122 721 8794 3121 720 8795 3123 1064 8796 3122 720 8797 3123 1065 8798 3124 1065 8799 3124 720 8800 3123 719 8801 3125 1065 8802 3124 719 8803 3125 1066 8804 3126 1066 8805 3126 719 8806 3125 718 8807 3127 1066 8808 3126 718 8809 3127 1067 8810 3128 1067 8811 3128 718 8812 3127 717 8813 3129 1067 8814 3128 717 8815 3129 1068 8816 3082 1068 8817 3082 717 8818 3129 716 8819 3080 730 8820 3130 729 8821 3131 1561 8822 3132 1561 8823 3132 729 8824 3131 1934 8825 3133 1561 8826 3132 1934 8827 3133 1562 8828 3134 1562 8829 3134 1934 8830 3133 1933 8831 3135 1562 8832 3134 1933 8833 3135 1563 8834 3136 1563 8835 3136 1933 8836 3135 1932 8837 3137 1563 8838 3136 1932 8839 3137 1564 8840 3138 1564 8841 3138 1932 8842 3137 1931 8843 3139 1564 8844 3138 1931 8845 3139 1565 8846 3140 1565 8847 3140 1931 8848 3139 1930 8849 3141 1565 8850 3140 1930 8851 3141 1566 8852 3142 1566 8853 3142 1930 8854 3141 1929 8855 3143 1566 8856 3142 1929 8857 3143 1567 8858 3144 1567 8859 3144 1929 8860 3143 1928 8861 3145 1567 8862 3144 1928 8863 3145 1568 8864 3146 1568 8865 3146 1928 8866 3145 1927 8867 3147 1568 8868 3146 1927 8869 3147 1569 8870 3148 1569 8871 3148 1927 8872 3147 1926 8873 3149 1569 8874 3148 1926 8875 3149 1570 8876 3150 1570 8877 3150 1926 8878 3149 1925 8879 3151 1570 8880 3150 1925 8881 3151 1571 8882 3152 1571 8883 3152 1925 8884 3151 1924 8885 3153 1571 8886 3152 1924 8887 3153 1572 8888 3154 1572 8889 3154 1924 8890 3153 1923 8891 3155 1572 8892 3154 1923 8893 3155 743 8894 3156 743 8895 3156 1923 8896 3155 716 8897 3157 1935 8898 3158 1298 8899 3159 688 8900 3160 688 8901 3160 1298 8902 3159 1097 8903 3161 688 8904 3160 1097 8905 3161 1096 8906 3162 1298 8907 3159 1935 8908 3158 1299 8909 3163 1299 8910 3163 1935 8911 3158 1936 8912 3164 1299 8913 3163 1936 8914 3164 1300 8915 3165 1300 8916 3165 1936 8917 3164 1937 8918 3166 1300 8919 3165 1937 8920 3166 1301 8921 3167 1301 8922 3167 1937 8923 3166 1938 8924 3168 1301 8925 3167 1938 8926 3168 1302 8927 3169 1302 8928 3169 1938 8929 3168 1939 8930 3170 1302 8931 3169 1939 8932 3170 1303 8933 3171 1303 8934 3171 1939 8935 3170 1940 8936 3172 1303 8937 3171 1940 8938 3172 1941 8939 3173 1303 8940 3171 1941 8941 3173 1304 8942 3174 1304 8943 3174 1941 8944 3173 1942 8945 3175 1304 8946 3174 1942 8947 3175 1305 8948 3176 1305 8949 3176 1942 8950 3175 1943 8951 3177 1305 8952 3176 1943 8953 3177 1306 8954 3178 1306 8955 3178 1943 8956 3177 1944 8957 3179 1306 8958 3178 1944 8959 3179 1307 8960 3180 1307 8961 3180 1944 8962 3179 1945 8963 3181 1307 8964 3180 1945 8965 3181 1308 8966 3182 1308 8967 3182 1945 8968 3181 1946 8969 3183 1308 8970 3182 1946 8971 3183 1309 8972 3184 1309 8973 3184 1946 8974 3183 701 8975 3185 1309 8976 3184 701 8977 3185 1084 8978 3186 1084 8979 3186 701 8980 3185 1085 8981 3187 1085 8982 3187 701 8983 3185 700 8984 3188 1085 8985 3187 700 8986 3188 1086 8987 3189 1086 8988 3189 700 8989 3188 699 8990 3190 1086 8991 3189 699 8992 3190 1087 8993 3191 1087 8994 3191 699 8995 3190 698 8996 3192 1087 8997 3191 698 8998 3192 1088 8999 3193 1088 9000 3193 698 9001 3192 697 9002 3194 1088 9003 3193 697 9004 3194 1089 9005 3195 1089 9006 3195 697 9007 3194 696 9008 3196 1089 9009 3195 696 9010 3196 1090 9011 3197 1090 9012 3197 696 9013 3196 695 9014 3198 1090 9015 3197 695 9016 3198 694 9017 3199 1090 9018 3197 694 9019 3199 1091 9020 3200 1091 9021 3200 694 9022 3199 693 9023 3201 1091 9024 3200 693 9025 3201 1092 9026 3202 1092 9027 3202 693 9028 3201 692 9029 3203 1092 9030 3202 692 9031 3203 1093 9032 3204 1093 9033 3204 692 9034 3203 691 9035 3205 1093 9036 3204 691 9037 3205 1094 9038 3206 1094 9039 3206 691 9040 3205 690 9041 3207 1094 9042 3206 690 9043 3207 1095 9044 3208 1095 9045 3208 690 9046 3207 689 9047 3209 1095 9048 3208 689 9049 3209 1096 9050 3162 1096 9051 3162 689 9052 3209 688 9053 3160 702 9054 3210 701 9055 3211 1573 9056 3212 1573 9057 3212 701 9058 3211 1946 9059 3213 1573 9060 3212 1946 9061 3213 1574 9062 3214 1574 9063 3214 1946 9064 3213 1945 9065 3215 1574 9066 3214 1945 9067 3215 1575 9068 3216 1575 9069 3216 1945 9070 3215 1944 9071 3217 1575 9072 3216 1944 9073 3217 1576 9074 3218 1576 9075 3218 1944 9076 3217 1943 9077 3219 1576 9078 3218 1943 9079 3219 1577 9080 3220 1577 9081 3220 1943 9082 3219 1942 9083 3221 1577 9084 3220 1942 9085 3221 1578 9086 3222 1578 9087 3222 1942 9088 3221 1941 9089 3223 1578 9090 3222 1941 9091 3223 1579 9092 3224 1579 9093 3224 1941 9094 3223 1940 9095 3225 1579 9096 3224 1940 9097 3225 1580 9098 3226 1580 9099 3226 1940 9100 3225 1939 9101 3227 1580 9102 3226 1939 9103 3227 1581 9104 3228 1581 9105 3228 1939 9106 3227 1938 9107 3229 1581 9108 3228 1938 9109 3229 1582 9110 3230 1582 9111 3230 1938 9112 3229 1937 9113 3231 1582 9114 3230 1937 9115 3231 1583 9116 3232 1583 9117 3232 1937 9118 3231 1936 9119 3233 1583 9120 3232 1936 9121 3233 1584 9122 3234 1584 9123 3234 1936 9124 3233 1935 9125 3235 1584 9126 3234 1935 9127 3235 715 9128 3236 715 9129 3236 1935 9130 3235 688 9131 3237 674 9132 3238 673 9133 3239 1450 9134 3240 1450 9135 3240 673 9136 3239 1513 9137 3241 1450 9138 3240 1513 9139 3241 1451 9140 3242 1451 9141 3242 1513 9142 3241 1512 9143 3243 1451 9144 3242 1512 9145 3243 1452 9146 3244 1452 9147 3244 1512 9148 3243 1511 9149 3245 1452 9150 3244 1511 9151 3245 1453 9152 3246 1453 9153 3246 1511 9154 3245 1510 9155 3247 1453 9156 3246 1510 9157 3247 1454 9158 3248 1454 9159 3248 1510 9160 3247 1509 9161 3249 1454 9162 3248 1509 9163 3249 1455 9164 3250 1455 9165 3250 1509 9166 3249 1508 9167 3251 1455 9168 3250 1508 9169 3251 1456 9170 3252 1456 9171 3252 1508 9172 3251 1507 9173 3253 1456 9174 3252 1507 9175 3253 1457 9176 3254 1457 9177 3254 1507 9178 3253 1506 9179 3255 1457 9180 3254 1506 9181 3255 1458 9182 3256 1458 9183 3256 1506 9184 3255 1505 9185 3257 1458 9186 3256 1505 9187 3257 1459 9188 3258 1459 9189 3258 1505 9190 3257 1504 9191 3259 1459 9192 3258 1504 9193 3259 1460 9194 3260 1460 9195 3260 1504 9196 3259 1503 9197 3261 1460 9198 3260 1503 9199 3261 1461 9200 3262 1461 9201 3262 1503 9202 3261 1502 9203 3263 1461 9204 3262 1502 9205 3263 687 9206 3264 687 9207 3264 1502 9208 3263 660 9209 3265 1947 9210 3266 1249 9211 3267 1268 9212 3268 1268 9213 3268 1249 9214 3267 1248 9215 3269 1268 9216 3268 1248 9217 3269 1247 9218 3270 1948 9219 3271 1099 9220 3272 1947 9221 3266 1947 9222 3266 1099 9223 3272 1098 9224 3273 1947 9225 3266 1098 9226 3273 1250 9227 3274 1099 9228 3272 1948 9229 3271 1100 9230 3275 1100 9231 3275 1948 9232 3271 1949 9233 3276 1100 9234 3275 1949 9235 3276 1101 9236 3277 1101 9237 3277 1949 9238 3276 1950 9239 3278 1101 9240 3277 1950 9241 3278 1102 9242 3279 1102 9243 3279 1950 9244 3278 1951 9245 3280 1102 9246 3279 1951 9247 3280 1103 9248 3281 1103 9249 3281 1951 9250 3280 1952 9251 3282 1103 9252 3281 1952 9253 3282 1104 9254 3283 1104 9255 3283 1952 9256 3282 1953 9257 3284 1104 9258 3283 1953 9259 3284 1359 9260 3285 1358 9261 3286 1107 9262 3287 1359 9263 3285 1359 9264 3285 1107 9265 3287 1106 9266 3288 1359 9267 3285 1106 9268 3288 1105 9269 3289 1269 9270 3290 1111 9271 3291 1358 9272 3286 1358 9273 3286 1111 9274 3291 1110 9275 3292 1358 9276 3286 1110 9277 3292 1109 9278 3293 1268 9279 3268 1244 9280 3294 1269 9281 3290 1269 9282 3290 1244 9283 3294 1243 9284 3295 1269 9285 3290 1243 9286 3295 1242 9287 3296 1109 9288 3293 1108 9289 3297 1358 9290 3286 1358 9291 3286 1108 9292 3297 1107 9293 3287 1105 9294 3289 1104 9295 3283 1359 9296 3285 1250 9297 3274 1249 9298 3267 1947 9299 3266 1247 9300 3270 1246 9301 3298 1268 9302 3268 1268 9303 3268 1246 9304 3298 1245 9305 3299 1268 9306 3268 1245 9307 3299 1244 9308 3294 1242 9309 3296 1241 9310 3300 1269 9311 3290 1269 9312 3290 1241 9313 3300 1240 9314 3301 1269 9315 3290 1240 9316 3301 1239 9317 3302 1239 9318 3302 1111 9319 3291 1269 9320 3290 1267 9321 3303 1468 9322 3304 1268 9323 3305 1268 9324 3305 1468 9325 3304 1947 9326 3306 1947 9327 3307 1468 9328 3308 1948 9329 3309 1948 9330 3309 1468 9331 3308 1467 9332 3310 1948 9333 3309 1467 9334 3310 1949 9335 3311 1949 9336 3311 1467 9337 3310 1466 9338 3312 1949 9339 3311 1466 9340 3312 1950 9341 3313 1950 9342 3313 1466 9343 3312 1465 9344 3314 1950 9345 3313 1465 9346 3314 1951 9347 3315 1951 9348 3315 1465 9349 3314 1464 9350 3316 1951 9351 3315 1464 9352 3316 1952 9353 3317 1952 9354 3317 1464 9355 3316 1463 9356 3318 1952 9357 3317 1463 9358 3318 1953 9359 3319 1953 9360 3319 1463 9361 3318 1462 9362 3320 1953 9363 3319 1462 9364 3320 1359 9365 3321 1359 9366 3321 1462 9367 3320 1360 9368 3322 1954 9369 3323 1977 9370 3324 632 9371 3325 632 9372 3325 1977 9373 3324 603 9374 3326 632 9375 3325 603 9376 3326 602 9377 3327 1977 9378 3324 1954 9379 3323 1976 9380 3328 1976 9381 3328 1954 9382 3323 1955 9383 3329 1976 9384 3328 1955 9385 3329 1975 9386 3330 1975 9387 3330 1955 9388 3329 1956 9389 3331 1975 9390 3330 1956 9391 3331 1974 9392 3332 1974 9393 3332 1956 9394 3331 1957 9395 3333 1974 9396 3332 1957 9397 3333 1973 9398 3334 1973 9399 3334 1957 9400 3333 1958 9401 3335 1973 9402 3334 1958 9403 3335 1972 9404 3336 1972 9405 3336 1958 9406 3335 1959 9407 3337 1972 9408 3336 1959 9409 3337 1960 9410 3338 1972 9411 3336 1960 9412 3338 1971 9413 3339 1971 9414 3339 1960 9415 3338 1961 9416 3340 1971 9417 3339 1961 9418 3340 1970 9419 3341 1970 9420 3341 1961 9421 3340 1962 9422 3342 1970 9423 3341 1962 9424 3342 1969 9425 3343 1969 9426 3343 1962 9427 3342 1963 9428 3344 1969 9429 3343 1963 9430 3344 1968 9431 3345 1968 9432 3345 1963 9433 3344 1964 9434 3346 1968 9435 3345 1964 9436 3346 1967 9437 3347 1967 9438 3347 1964 9439 3346 1965 9440 3348 1967 9441 3347 1965 9442 3348 1966 9443 3349 1966 9444 3349 1965 9445 3348 645 9446 3350 1966 9447 3349 645 9448 3350 590 9449 3351 590 9450 3351 645 9451 3350 591 9452 3352 591 9453 3352 645 9454 3350 644 9455 3353 591 9456 3352 644 9457 3353 592 9458 3354 592 9459 3354 644 9460 3353 643 9461 3355 592 9462 3354 643 9463 3355 593 9464 3356 593 9465 3356 643 9466 3355 642 9467 3357 593 9468 3356 642 9469 3357 594 9470 3358 594 9471 3358 642 9472 3357 641 9473 3359 594 9474 3358 641 9475 3359 595 9476 3360 595 9477 3360 641 9478 3359 640 9479 3361 595 9480 3360 640 9481 3361 596 9482 3362 596 9483 3362 640 9484 3361 639 9485 3363 596 9486 3362 639 9487 3363 638 9488 3364 596 9489 3362 638 9490 3364 597 9491 3365 597 9492 3365 638 9493 3364 637 9494 3366 597 9495 3365 637 9496 3366 598 9497 3367 598 9498 3367 637 9499 3366 636 9500 3368 598 9501 3367 636 9502 3368 599 9503 3369 599 9504 3369 636 9505 3368 635 9506 3370 599 9507 3369 635 9508 3370 600 9509 3371 600 9510 3371 635 9511 3370 634 9512 3372 600 9513 3371 634 9514 3372 601 9515 3373 601 9516 3373 634 9517 3372 633 9518 3374 601 9519 3373 633 9520 3374 602 9521 3327 602 9522 3327 633 9523 3374 632 9524 3325 646 9525 3375 645 9526 3376 1530 9527 3377 1530 9528 3377 645 9529 3376 1965 9530 3378 1530 9531 3377 1965 9532 3378 1531 9533 3379 1531 9534 3379 1965 9535 3378 1964 9536 3380 1531 9537 3379 1964 9538 3380 1532 9539 3381 1532 9540 3381 1964 9541 3380 1963 9542 3382 1532 9543 3381 1963 9544 3382 1533 9545 3383 1533 9546 3383 1963 9547 3382 1962 9548 3384 1533 9549 3383 1962 9550 3384 1534 9551 3385 1534 9552 3385 1962 9553 3384 1961 9554 3386 1534 9555 3385 1961 9556 3386 1535 9557 3387 1535 9558 3387 1961 9559 3386 1960 9560 3388 1535 9561 3387 1960 9562 3388 1536 9563 3389 1536 9564 3389 1960 9565 3388 1959 9566 3390 1536 9567 3389 1959 9568 3390 1537 9569 3391 1537 9570 3391 1959 9571 3390 1958 9572 3392 1537 9573 3391 1958 9574 3392 1538 9575 3393 1538 9576 3393 1958 9577 3392 1957 9578 3394 1538 9579 3393 1957 9580 3394 1539 9581 3395 1539 9582 3395 1957 9583 3394 1956 9584 3396 1539 9585 3395 1956 9586 3396 1540 9587 3397 1540 9588 3397 1956 9589 3396 1955 9590 3398 1540 9591 3397 1955 9592 3398 1541 9593 3399 1541 9594 3399 1955 9595 3398 1954 9596 3400 1541 9597 3399 1954 9598 3400 659 9599 3401 659 9600 3401 1954 9601 3400 632 9602 3402 1978 9603 3403 1251 9604 3404 604 9605 3405 604 9606 3405 1251 9607 3404 1125 9608 3406 604 9609 3405 1125 9610 3406 1124 9611 3407 1251 9612 3404 1978 9613 3403 1252 9614 3408 1252 9615 3408 1978 9616 3403 1979 9617 3409 1252 9618 3408 1979 9619 3409 1253 9620 3410 1253 9621 3410 1979 9622 3409 1980 9623 3411 1253 9624 3410 1980 9625 3411 1254 9626 3412 1254 9627 3412 1980 9628 3411 1981 9629 3413 1254 9630 3412 1981 9631 3413 1255 9632 3414 1255 9633 3414 1981 9634 3413 1982 9635 3415 1255 9636 3414 1982 9637 3415 1256 9638 3416 1256 9639 3416 1982 9640 3415 1983 9641 3417 1256 9642 3416 1983 9643 3417 1984 9644 3418 1256 9645 3416 1984 9646 3418 1257 9647 3419 1257 9648 3419 1984 9649 3418 1985 9650 3420 1257 9651 3419 1985 9652 3420 1258 9653 3421 1258 9654 3421 1985 9655 3420 1986 9656 3422 1258 9657 3421 1986 9658 3422 1259 9659 3423 1259 9660 3423 1986 9661 3422 1987 9662 3424 1259 9663 3423 1987 9664 3424 1260 9665 3425 1260 9666 3425 1987 9667 3424 1988 9668 3426 1260 9669 3425 1988 9670 3426 1261 9671 3427 1261 9672 3427 1988 9673 3426 1989 9674 3428 1261 9675 3427 1989 9676 3428 1262 9677 3429 1262 9678 3429 1989 9679 3428 617 9680 3430 1262 9681 3429 617 9682 3430 1112 9683 3431 1112 9684 3431 617 9685 3430 1113 9686 3432 1113 9687 3432 617 9688 3430 616 9689 3433 1113 9690 3432 616 9691 3433 1114 9692 3434 1114 9693 3434 616 9694 3433 615 9695 3435 1114 9696 3434 615 9697 3435 1115 9698 3436 1115 9699 3436 615 9700 3435 614 9701 3437 1115 9702 3436 614 9703 3437 1116 9704 3438 1116 9705 3438 614 9706 3437 613 9707 3439 1116 9708 3438 613 9709 3439 1117 9710 3440 1117 9711 3440 613 9712 3439 612 9713 3441 1117 9714 3440 612 9715 3441 1118 9716 3442 1118 9717 3442 612 9718 3441 611 9719 3443 1118 9720 3442 611 9721 3443 610 9722 3444 1118 9723 3442 610 9724 3444 1119 9725 3445 1119 9726 3445 610 9727 3444 609 9728 3446 1119 9729 3445 609 9730 3446 1120 9731 3447 1120 9732 3447 609 9733 3446 608 9734 3448 1120 9735 3447 608 9736 3448 1121 9737 3449 1121 9738 3449 608 9739 3448 607 9740 3450 1121 9741 3449 607 9742 3450 1122 9743 3451 1122 9744 3451 607 9745 3450 606 9746 3452 1122 9747 3451 606 9748 3452 1123 9749 3453 1123 9750 3453 606 9751 3452 605 9752 3454 1123 9753 3453 605 9754 3454 1124 9755 3407 1124 9756 3407 605 9757 3454 604 9758 3405 618 9759 3455 617 9760 3456 1518 9761 3457 1518 9762 3457 617 9763 3456 1989 9764 3458 1518 9765 3457 1989 9766 3458 1519 9767 3459 1519 9768 3459 1989 9769 3458 1988 9770 3460 1519 9771 3459 1988 9772 3460 1520 9773 3461 1520 9774 3461 1988 9775 3460 1987 9776 3462 1520 9777 3461 1987 9778 3462 1521 9779 3463 1521 9780 3463 1987 9781 3462 1986 9782 3464 1521 9783 3463 1986 9784 3464 1522 9785 3465 1522 9786 3465 1986 9787 3464 1985 9788 3466 1522 9789 3465 1985 9790 3466 1523 9791 3467 1523 9792 3467 1985 9793 3466 1984 9794 3468 1523 9795 3467 1984 9796 3468 1524 9797 3469 1524 9798 3469 1984 9799 3468 1983 9800 3470 1524 9801 3469 1983 9802 3470 1525 9803 3471 1525 9804 3471 1983 9805 3470 1982 9806 3472 1525 9807 3471 1982 9808 3472 1526 9809 3473 1526 9810 3473 1982 9811 3472 1981 9812 3474 1526 9813 3473 1981 9814 3474 1527 9815 3475 1527 9816 3475 1981 9817 3474 1980 9818 3476 1527 9819 3475 1980 9820 3476 1528 9821 3477 1528 9822 3477 1980 9823 3476 1979 9824 3478 1528 9825 3477 1979 9826 3478 1529 9827 3479 1529 9828 3479 1979 9829 3478 1978 9830 3480 1529 9831 3479 1978 9832 3480 631 9833 3481 631 9834 3481 1978 9835 3480 604 9836 3482 588 9837 3483 577 9838 3484 589 9839 3485 589 9840 3485 577 9841 3484 576 9842 3486 589 9843 3485 576 9844 3486 2001 9845 3487 2001 9846 3487 576 9847 3486 1990 9848 3488 2001 9849 3487 1990 9850 3488 2000 9851 3489 2000 9852 3489 1990 9853 3488 1991 9854 3490 2000 9855 3489 1991 9856 3490 1999 9857 3491 1999 9858 3491 1991 9859 3490 1992 9860 3492 1999 9861 3491 1992 9862 3492 1998 9863 3493 1998 9864 3493 1992 9865 3492 1993 9866 3494 1998 9867 3493 1993 9868 3494 1997 9869 3495 1997 9870 3495 1993 9871 3494 1994 9872 3496 1997 9873 3495 1994 9874 3496 1996 9875 3497 1996 9876 3497 1994 9877 3496 1995 9878 3498 577 9879 3484 588 9880 3483 578 9881 3499 578 9882 3499 588 9883 3483 587 9884 3500 578 9885 3499 587 9886 3500 579 9887 3501 579 9888 3501 587 9889 3500 586 9890 3502 579 9891 3501 586 9892 3502 580 9893 3503 580 9894 3503 586 9895 3502 585 9896 3504 580 9897 3503 585 9898 3504 581 9899 3505 581 9900 3505 585 9901 3504 584 9902 3506 581 9903 3505 584 9904 3506 582 9905 3507 582 9906 3507 584 9907 3506 583 9908 3508 590 9909 3509 589 9910 3510 1966 9911 3511 1966 9912 3511 589 9913 3510 2001 9914 3512 1966 9915 3511 2001 9916 3512 1967 9917 3513 1967 9918 3513 2001 9919 3512 2000 9920 3514 1967 9921 3513 2000 9922 3514 1968 9923 3515 1968 9924 3515 2000 9925 3514 1999 9926 3516 1968 9927 3515 1999 9928 3516 1969 9929 3517 1969 9930 3517 1999 9931 3516 1998 9932 3518 1969 9933 3517 1998 9934 3518 1970 9935 3519 1970 9936 3519 1998 9937 3518 1997 9938 3520 1970 9939 3519 1997 9940 3520 1971 9941 3521 1971 9942 3521 1997 9943 3520 1996 9944 3522 1971 9945 3521 1996 9946 3522 1972 9947 3523 1972 9948 3523 1996 9949 3522 1995 9950 3524 1972 9951 3523 1995 9952 3524 1973 9953 3525 1973 9954 3525 1995 9955 3524 1994 9956 3526 1973 9957 3525 1994 9958 3526 1974 9959 3527 1974 9960 3527 1994 9961 3526 1993 9962 3528 1974 9963 3527 1993 9964 3528 1975 9965 3529 1975 9966 3529 1993 9967 3528 1992 9968 3530 1975 9969 3529 1992 9970 3530 1976 9971 3531 1976 9972 3531 1992 9973 3530 1991 9974 3532 1976 9975 3531 1991 9976 3532 1977 9977 3533 1977 9978 3533 1991 9979 3532 1990 9980 3534 1977 9981 3533 1990 9982 3534 603 9983 3535 603 9984 3535 1990 9985 3534 576 9986 3536 1669 9987 3537 999 9988 3538 1670 9989 3539 1670 9990 3539 999 9991 3538 998 9992 3540 1670 9993 3539 998 9994 3540 997 9995 3541 1669 9996 3537 1668 9997 3542 999 9998 3538 999 9999 3538 1668 10000 3542 1667 10001 3543 999 10002 3538 1667 10003 3543 1666 10004 3544 1666 10005 3544 1665 10006 3545 999 10007 3538 999 10008 3538 1665 10009 3545 1664 10010 3546 999 10011 3538 1664 10012 3546 1003 10013 3547 1003 10014 3547 1002 10015 3548 999 10016 3538 999 10017 3538 1002 10018 3548 1001 10019 3549 999 10020 3538 1001 10021 3549 1000 10022 3550 997 10023 3541 996 10024 3551 1670 10025 3539 1670 10026 3539 996 10027 3551 2002 10028 3552 1670 10029 3539 2002 10030 3552 2003 10031 3553 2002 10032 3554 996 10033 3555 2004 10034 3556 2004 10035 3556 996 10036 3555 1013 10037 3557 1013 10038 3558 1676 10039 3559 2004 10040 3560 2004 10041 3560 1676 10042 3559 1675 10043 3561 2004 10044 3560 1675 10045 3561 1674 10046 3562 1674 10047 3562 1673 10048 3563 2004 10049 3560 2004 10050 3560 1673 10051 3563 1672 10052 3564 2004 10053 3560 1672 10054 3564 1671 10055 3565 1671 10056 3565 1127 10057 3566 2004 10058 3560 2004 10059 3560 1127 10060 3566 1181 10061 3567 2004 10062 3560 1181 10063 3567 2012 10064 3568 2012 10065 3568 1181 10066 3567 2005 10067 3569 2012 10068 3568 2005 10069 3569 2006 10070 3570 1126 10071 3571 1182 10072 3572 1127 10073 3566 1127 10074 3566 1182 10075 3572 1181 10076 3567 2006 10077 3570 2007 10078 3573 2012 10079 3568 2012 10080 3568 2007 10081 3573 2008 10082 3574 2012 10083 3568 2008 10084 3574 2009 10085 3575 2009 10086 3575 2010 10087 3576 2012 10088 3568 2012 10089 3568 2010 10090 3576 2011 10091 3577 2013 10092 3578 2014 10093 3579 2012 10094 3568 2012 10095 3568 2014 10096 3579 2004 10097 3560 1670 10098 3580 2003 10099 3581 1200 10100 3582 1200 10101 3582 2003 10102 3581 1126 10103 3583 1126 10104 3583 2003 10105 3581 2017 10106 3584 1126 10107 3583 2017 10108 3584 1182 10109 3585 1182 10110 3585 2017 10111 3584 448 10112 3586 1182 10113 3585 448 10114 3586 463 10115 3587 2015 10116 3588 2016 10117 3589 2003 10118 3581 2003 10119 3581 2016 10120 3589 2017 10121 3584 463 10122 3590 2032 10123 3591 1182 10124 3592 1182 10125 3592 2032 10126 3591 2033 10127 3593 1182 10128 3592 2033 10129 3593 2034 10130 3594 462 10131 3595 2030 10132 3596 463 10133 3590 463 10134 3590 2030 10135 3596 2031 10136 3597 463 10137 3590 2031 10138 3597 2032 10139 3591 2030 10140 3596 462 10141 3595 2029 10142 3598 2029 10143 3598 462 10144 3595 461 10145 3599 2029 10146 3598 461 10147 3599 2028 10148 3600 2028 10149 3600 461 10150 3599 460 10151 3601 2028 10152 3600 460 10153 3601 2027 10154 3602 2027 10155 3602 460 10156 3601 2026 10157 3603 2026 10158 3603 460 10159 3601 459 10160 3604 2026 10161 3603 459 10162 3604 2025 10163 3605 2025 10164 3605 459 10165 3604 458 10166 3606 2025 10167 3605 458 10168 3606 350 10169 3607 350 10170 3607 458 10171 3606 457 10172 3608 350 10173 3607 457 10174 3608 378 10175 3609 378 10176 3609 457 10177 3608 456 10178 3610 378 10179 3609 456 10180 3610 2018 10181 3611 2018 10182 3611 2019 10183 3612 378 10184 3609 378 10185 3609 2019 10186 3612 379 10187 3613 379 10188 3613 2019 10189 3612 2020 10190 3614 379 10191 3613 2020 10192 3614 2021 10193 3615 2022 10194 3616 381 10195 3617 2021 10196 3615 2021 10197 3615 381 10198 3617 380 10199 3618 2021 10200 3615 380 10201 3618 379 10202 3613 381 10203 3617 2022 10204 3616 382 10205 3619 382 10206 3619 2022 10207 3616 2023 10208 3620 382 10209 3619 2023 10210 3620 383 10211 3621 383 10212 3621 2023 10213 3620 2024 10214 3622 383 10215 3621 2024 10216 3622 384 10217 3623 384 10218 3623 2024 10219 3622 1807 10220 3624 384 10221 3623 1807 10222 3624 385 10223 3625 385 10224 3625 1807 10225 3624 386 10226 3626 386 10227 3626 1807 10228 3624 387 10229 3627 387 10230 3627 1807 10231 3624 1183 10232 3628 387 10233 3627 1183 10234 3628 388 10235 3629 388 10236 3629 1183 10237 3628 389 10238 3630 389 10239 3630 1183 10240 3628 390 10241 3631 390 10242 3631 1183 10243 3628 391 10244 3632 391 10245 3632 1183 10246 3628 1182 10247 3592 391 10248 3632 1182 10249 3592 363 10250 3633 363 10251 3633 1182 10252 3592 2036 10253 3634 2036 10254 3634 1182 10255 3592 2035 10256 3635 2035 10257 3635 1182 10258 3592 2034 10259 3594 363 10260 3633 362 10261 3636 391 10262 3632 391 10263 3632 362 10264 3636 2048 10265 3637 2048 10266 3637 362 10267 3636 361 10268 3638 2048 10269 3637 361 10270 3638 2047 10271 3639 2047 10272 3639 361 10273 3638 360 10274 3640 2047 10275 3639 360 10276 3640 2046 10277 3641 2046 10278 3641 360 10279 3640 359 10280 3642 2046 10281 3641 359 10282 3642 2045 10283 3643 2045 10284 3643 359 10285 3642 358 10286 3644 2045 10287 3643 358 10288 3644 2044 10289 3645 2044 10290 3645 358 10291 3644 357 10292 3646 2044 10293 3645 357 10294 3646 2043 10295 3647 2043 10296 3647 357 10297 3646 356 10298 3648 2043 10299 3647 356 10300 3648 2042 10301 3649 2042 10302 3649 356 10303 3648 2041 10304 3650 2041 10305 3650 356 10306 3648 355 10307 3651 2041 10308 3650 355 10309 3651 2040 10310 3652 2040 10311 3652 355 10312 3651 354 10313 3653 2040 10314 3652 354 10315 3653 2039 10316 3654 2039 10317 3654 354 10318 3653 353 10319 3655 2039 10320 3654 353 10321 3655 2038 10322 3656 2038 10323 3656 353 10324 3655 352 10325 3657 2038 10326 3656 352 10327 3657 2037 10328 3658 2037 10329 3658 352 10330 3657 351 10331 3659 2037 10332 3658 351 10333 3659 378 10334 3609 378 10335 3609 351 10336 3659 350 10337 3607 562 10338 3660 561 10339 3661 2072 10340 3662 2072 10341 3662 561 10342 3661 2049 10343 3663 2072 10344 3662 2049 10345 3663 2071 10346 3664 2071 10347 3664 2049 10348 3663 2050 10349 3665 2071 10350 3664 2050 10351 3665 2070 10352 3666 2070 10353 3666 2050 10354 3665 2051 10355 3667 2070 10356 3666 2051 10357 3667 2069 10358 3668 2069 10359 3668 2051 10360 3667 2052 10361 3669 2069 10362 3668 2052 10363 3669 2068 10364 3670 2068 10365 3670 2052 10366 3669 2053 10367 3671 2068 10368 3670 2053 10369 3671 2067 10370 3672 2067 10371 3672 2053 10372 3671 2054 10373 3673 2067 10374 3672 2054 10375 3673 2066 10376 3674 2066 10377 3674 2054 10378 3673 2055 10379 3675 2066 10380 3674 2055 10381 3675 2065 10382 3676 2065 10383 3676 2055 10384 3675 2056 10385 3677 2065 10386 3676 2056 10387 3677 2064 10388 3678 2064 10389 3678 2056 10390 3677 2057 10391 3679 2064 10392 3678 2057 10393 3679 2063 10394 3680 2063 10395 3680 2057 10396 3679 2058 10397 3681 2063 10398 3680 2058 10399 3681 2062 10400 3682 2062 10401 3682 2058 10402 3681 2059 10403 3683 2062 10404 3682 2059 10405 3683 2061 10406 3684 2061 10407 3684 2059 10408 3683 2060 10409 3685 2061 10410 3684 2060 10411 3685 575 10412 3686 575 10413 3686 2060 10414 3685 548 10415 3687 2074 10416 3688 2075 10417 3689 2073 10418 3690 2073 10419 3690 2075 10420 3689 2076 10421 3691 2078 10422 3692 2079 10423 3693 2077 10424 3694 2077 10425 3694 2079 10426 3693 2080 10427 3695 2077 10428 3694 2080 10429 3695 2086 10430 3696 2086 10431 3696 2080 10432 3695 2085 10433 3697 2085 10434 3697 2080 10435 3695 2084 10436 3698 2084 10437 3698 2080 10438 3695 2083 10439 3699 2083 10440 3699 2080 10441 3695 2082 10442 3700 2082 10443 3700 2080 10444 3695 2081 10445 3701 2082 10446 3700 2081 10447 3701 1192 10448 3702 1192 10449 3702 2081 10450 3701 1193 10451 3703 2086 10452 3696 2087 10453 3704 2077 10454 3694 2077 10455 3694 2087 10456 3704 2088 10457 3705 2077 10458 3694 2088 10459 3705 2089 10460 3706 2089 10461 3706 2090 10462 3707 2077 10463 3694 2077 10464 3694 2090 10465 3707 2091 10466 3708 2077 10467 3694 2091 10468 3708 2092 10469 3709 2092 10470 3709 2093 10471 3710 2077 10472 3694 2077 10473 3694 2093 10474 3710 2094 10475 3711 2077 10476 3694 2094 10477 3711 2095 10478 3712 534 10479 3713 533 10480 3714 2119 10481 3715 2119 10482 3715 533 10483 3714 2096 10484 3716 2119 10485 3715 2096 10486 3716 2118 10487 3717 2118 10488 3717 2096 10489 3716 2097 10490 3718 2118 10491 3717 2097 10492 3718 2117 10493 3719 2117 10494 3719 2097 10495 3718 2098 10496 3720 2117 10497 3719 2098 10498 3720 2116 10499 3721 2116 10500 3721 2098 10501 3720 2099 10502 3722 2116 10503 3721 2099 10504 3722 2115 10505 3723 2115 10506 3723 2099 10507 3722 2100 10508 3724 2115 10509 3723 2100 10510 3724 2114 10511 3725 2114 10512 3725 2100 10513 3724 2101 10514 3726 2114 10515 3725 2101 10516 3726 2113 10517 3727 2113 10518 3727 2101 10519 3726 2102 10520 3728 2113 10521 3727 2102 10522 3728 2112 10523 3729 2112 10524 3729 2102 10525 3728 2103 10526 3730 2112 10527 3729 2103 10528 3730 2111 10529 3731 2111 10530 3731 2103 10531 3730 2104 10532 3732 2111 10533 3731 2104 10534 3732 2110 10535 3733 2110 10536 3733 2104 10537 3732 2105 10538 3734 2110 10539 3733 2105 10540 3734 2109 10541 3735 2109 10542 3735 2105 10543 3734 2106 10544 3736 2109 10545 3735 2106 10546 3736 2108 10547 3737 2108 10548 3737 2106 10549 3736 2107 10550 3738 2108 10551 3737 2107 10552 3738 547 10553 3739 547 10554 3739 2107 10555 3738 520 10556 3740 506 10557 3741 505 10558 3742 2143 10559 3743 2143 10560 3743 505 10561 3742 2120 10562 3744 2143 10563 3743 2120 10564 3744 2142 10565 3745 2142 10566 3745 2120 10567 3744 2121 10568 3746 2142 10569 3745 2121 10570 3746 2141 10571 3747 2141 10572 3747 2121 10573 3746 2122 10574 3748 2141 10575 3747 2122 10576 3748 2140 10577 3749 2140 10578 3749 2122 10579 3748 2123 10580 3750 2140 10581 3749 2123 10582 3750 2139 10583 3751 2139 10584 3751 2123 10585 3750 2124 10586 3752 2139 10587 3751 2124 10588 3752 2138 10589 3753 2138 10590 3753 2124 10591 3752 2125 10592 3754 2138 10593 3753 2125 10594 3754 2137 10595 3755 2137 10596 3755 2125 10597 3754 2126 10598 3756 2137 10599 3755 2126 10600 3756 2136 10601 3757 2136 10602 3757 2126 10603 3756 2127 10604 3758 2136 10605 3757 2127 10606 3758 2135 10607 3759 2135 10608 3759 2127 10609 3758 2128 10610 3760 2135 10611 3759 2128 10612 3760 2134 10613 3761 2134 10614 3761 2128 10615 3760 2129 10616 3762 2134 10617 3761 2129 10618 3762 2133 10619 3763 2133 10620 3763 2129 10621 3762 2130 10622 3764 2133 10623 3763 2130 10624 3764 2132 10625 3765 2132 10626 3765 2130 10627 3764 2131 10628 3766 2132 10629 3765 2131 10630 3766 519 10631 3767 519 10632 3767 2131 10633 3766 492 10634 3768 478 10635 3769 477 10636 3770 2167 10637 3771 2167 10638 3771 477 10639 3770 2144 10640 3772 2167 10641 3771 2144 10642 3772 2166 10643 3773 2166 10644 3773 2144 10645 3772 2145 10646 3774 2166 10647 3773 2145 10648 3774 2165 10649 3775 2165 10650 3775 2145 10651 3774 2146 10652 3776 2165 10653 3775 2146 10654 3776 2164 10655 3777 2164 10656 3777 2146 10657 3776 2147 10658 3778 2164 10659 3777 2147 10660 3778 2163 10661 3779 2163 10662 3779 2147 10663 3778 2148 10664 3780 2163 10665 3779 2148 10666 3780 2162 10667 3781 2162 10668 3781 2148 10669 3780 2149 10670 3782 2162 10671 3781 2149 10672 3782 2161 10673 3783 2161 10674 3783 2149 10675 3782 2150 10676 3784 2161 10677 3783 2150 10678 3784 2160 10679 3785 2160 10680 3785 2150 10681 3784 2151 10682 3786 2160 10683 3785 2151 10684 3786 2159 10685 3787 2159 10686 3787 2151 10687 3786 2152 10688 3788 2159 10689 3787 2152 10690 3788 2158 10691 3789 2158 10692 3789 2152 10693 3788 2153 10694 3790 2158 10695 3789 2153 10696 3790 2157 10697 3791 2157 10698 3791 2153 10699 3790 2154 10700 3792 2157 10701 3791 2154 10702 3792 2156 10703 3793 2156 10704 3793 2154 10705 3792 2155 10706 3794 2156 10707 3793 2155 10708 3794 491 10709 3795 491 10710 3795 2155 10711 3794 464 10712 3796 2168 10713 3797 2169 10714 3798 2193 10715 3799 2193 10716 3799 2169 10717 3798 2073 10718 3800 2073 10719 3800 2169 10720 3798 2074 10721 3801 2074 10722 3801 2169 10723 3798 2171 10724 3802 2074 10725 3801 2171 10726 3802 2172 10727 3803 2169 10728 3798 2170 10729 3804 2171 10730 3802 2172 10731 3803 2173 10732 3805 2074 10733 3801 2074 10734 3801 2173 10735 3805 2174 10736 3806 2074 10737 3801 2174 10738 3806 2175 10739 3807 2074 10740 3801 2175 10741 3807 2192 10742 3808 2192 10743 3808 2175 10744 3807 2176 10745 3809 2192 10746 3808 2176 10747 3809 2177 10748 3810 2177 10749 3810 2178 10750 3811 2192 10751 3808 2192 10752 3808 2178 10753 3811 1191 10754 3812 2192 10755 3808 1191 10756 3812 1190 10757 3813 2178 10758 3811 2179 10759 3814 1191 10760 3812 1191 10761 3812 2179 10762 3814 2180 10763 3815 1191 10764 3812 2180 10765 3815 2181 10766 3816 2181 10767 3816 2182 10768 3817 1191 10769 3812 1190 10770 3813 1883 10771 3818 2192 10772 3808 2192 10773 3808 1883 10774 3818 2191 10775 3819 2191 10776 3819 1883 10777 3818 2183 10778 3820 2191 10779 3819 2183 10780 3820 2184 10781 3821 2191 10782 3819 2184 10783 3821 2190 10784 3822 2190 10785 3822 2184 10786 3821 2185 10787 3823 2190 10788 3822 2185 10789 3823 2186 10790 3824 2186 10791 3824 2187 10792 3825 2190 10793 3822 2190 10794 3822 2187 10795 3825 2188 10796 3826 2190 10797 3822 2188 10798 3826 2189 10799 3827 1185 10800 3828 442 10801 3829 1884 10802 3830 1884 10803 3830 442 10804 3829 441 10805 3831 1884 10806 3830 441 10807 3831 440 10808 3832 1184 10809 3833 419 10810 3834 1185 10811 3828 1185 10812 3828 419 10813 3834 447 10814 3835 1185 10815 3828 447 10816 3835 446 10817 3836 1810 10818 3837 2215 10819 3838 1184 10820 3833 1184 10821 3833 2215 10822 3838 2216 10823 3839 1184 10824 3833 2216 10825 3839 2217 10826 3840 2194 10827 3841 2212 10828 3842 1810 10829 3837 1810 10830 3837 2212 10831 3842 2213 10832 3843 1810 10833 3837 2213 10834 3843 2214 10835 3844 2212 10836 3842 2194 10837 3841 2211 10838 3845 2211 10839 3845 2194 10840 3841 2195 10841 3846 2211 10842 3845 2195 10843 3846 2210 10844 3847 2210 10845 3847 2195 10846 3846 2196 10847 3848 2210 10848 3847 2196 10849 3848 2209 10850 3849 2209 10851 3849 2196 10852 3848 2197 10853 3850 2209 10854 3849 2197 10855 3850 2208 10856 3851 2208 10857 3851 2197 10858 3850 2207 10859 3852 2207 10860 3852 2197 10861 3850 2198 10862 3853 2207 10863 3852 2198 10864 3853 2199 10865 3854 2207 10866 3852 2199 10867 3854 406 10868 3855 406 10869 3855 2199 10870 3854 2018 10871 3856 406 10872 3855 2018 10873 3856 2200 10874 3857 2200 10875 3857 2201 10876 3858 406 10877 3855 406 10878 3855 2201 10879 3858 434 10880 3859 406 10881 3855 434 10882 3859 407 10883 3860 407 10884 3860 434 10885 3859 2219 10886 3861 407 10887 3860 2219 10888 3861 408 10889 3862 408 10890 3862 2219 10891 3861 2220 10892 3863 408 10893 3862 2220 10894 3863 409 10895 3864 409 10896 3864 2220 10897 3863 2221 10898 3865 409 10899 3864 2221 10900 3865 410 10901 3866 410 10902 3866 2221 10903 3865 2222 10904 3867 410 10905 3866 2222 10906 3867 411 10907 3868 411 10908 3868 2222 10909 3867 2223 10910 3869 411 10911 3868 2223 10912 3869 412 10913 3870 412 10914 3870 2223 10915 3869 2224 10916 3871 412 10917 3870 2224 10918 3871 2225 10919 3872 2201 10920 3858 2202 10921 3873 434 10922 3859 434 10923 3859 2202 10924 3873 435 10925 3874 435 10926 3874 2202 10927 3873 2203 10928 3875 435 10929 3874 2203 10930 3875 436 10931 3876 436 10932 3876 2203 10933 3875 2204 10934 3877 436 10935 3876 2204 10936 3877 437 10937 3878 437 10938 3878 2204 10939 3877 438 10940 3879 438 10941 3879 2204 10942 3877 2205 10943 3880 438 10944 3879 2205 10945 3880 439 10946 3881 439 10947 3881 2205 10948 3880 2206 10949 3882 439 10950 3881 2206 10951 3882 440 10952 3832 440 10953 3832 2206 10954 3882 1884 10955 3830 447 10956 3835 419 10957 3834 2230 10958 3883 2230 10959 3883 419 10960 3834 418 10961 3884 2230 10962 3883 418 10963 3884 417 10964 3885 2230 10965 3883 417 10966 3885 2229 10967 3886 2229 10968 3886 417 10969 3885 416 10970 3887 2229 10971 3886 416 10972 3887 2228 10973 3888 2228 10974 3888 416 10975 3887 415 10976 3889 2228 10977 3888 415 10978 3889 2227 10979 3890 2227 10980 3890 415 10981 3889 414 10982 3891 2227 10983 3890 414 10984 3891 2226 10985 3892 2226 10986 3892 414 10987 3891 413 10988 3893 2226 10989 3892 413 10990 3893 2225 10991 3872 2225 10992 3872 413 10993 3893 412 10994 3870 2214 10995 3844 2215 10996 3838 1810 10997 3837 2217 10998 3840 2218 10999 3894 1184 11000 3833 1184 11001 3833 2218 11002 3894 419 11003 3834 446 11004 3836 445 11005 3895 1185 11006 3828 1185 11007 3828 445 11008 3895 444 11009 3896 1185 11010 3828 444 11011 3896 443 11012 3897 443 11013 3897 442 11014 3829 1185 11015 3828 2232 11016 3898 2233 11017 3899 2231 11018 3900 2231 11019 3900 2233 11020 3899 2234 11021 3901 2231 11022 3900 2234 11023 3901 2235 11024 3902 2236 11025 3903 2237 11026 3904 2239 11027 3905 2239 11028 3905 2237 11029 3904 2238 11030 3906 2192 11031 3907 2240 11032 3908 2074 11033 3909 2074 11034 3909 2240 11035 3908 2075 11036 3910 2075 11037 3910 2240 11038 3908 2257 11039 3911 2075 11040 3910 2257 11041 3911 2250 11042 3912 2250 11043 3912 2257 11044 3911 2258 11045 3913 2250 11046 3912 2258 11047 3913 2259 11048 3914 2241 11049 3915 132 11050 3916 2240 11051 3908 2240 11052 3908 132 11053 3916 131 11054 3917 2240 11055 3908 131 11056 3917 130 11057 3918 2191 11058 3919 2190 11059 3920 2241 11060 3915 2241 11061 3915 2190 11062 3920 2242 11063 3921 2241 11064 3915 2242 11065 3921 2268 11066 3922 2268 11067 3922 2242 11068 3921 2249 11069 3923 2268 11070 3922 2249 11071 3923 2267 11072 3924 2267 11073 3924 2249 11074 3923 2266 11075 3925 2266 11076 3925 2249 11077 3923 2265 11078 3926 2265 11079 3926 2249 11080 3923 2264 11081 3927 2264 11082 3927 2249 11083 3923 2263 11084 3928 2263 11085 3928 2249 11086 3923 2250 11087 3912 2263 11088 3928 2250 11089 3912 2262 11090 3929 2262 11091 3929 2250 11092 3912 2261 11093 3930 2261 11094 3930 2250 11095 3912 2260 11096 3931 2260 11097 3931 2250 11098 3912 2259 11099 3914 2243 11100 3932 2244 11101 3933 2242 11102 3921 2242 11103 3921 2244 11104 3933 2245 11105 3934 2242 11106 3921 2245 11107 3934 2246 11108 3935 2246 11109 3935 2247 11110 3936 2242 11111 3921 2242 11112 3921 2247 11113 3936 2248 11114 3937 2242 11115 3921 2248 11116 3937 2249 11117 3923 2250 11118 3912 2251 11119 3938 2075 11120 3910 2075 11121 3910 2251 11122 3938 2252 11123 3939 2075 11124 3910 2252 11125 3939 2253 11126 3940 2253 11127 3940 2254 11128 3941 2075 11129 3910 2075 11130 3910 2254 11131 3941 2255 11132 3942 2075 11133 3910 2255 11134 3942 2256 11135 3943 2268 11136 3922 139 11137 3944 2241 11138 3915 2241 11139 3915 139 11140 3944 138 11141 3945 2241 11142 3915 138 11143 3945 137 11144 3946 137 11145 3946 136 11146 3947 2241 11147 3915 2241 11148 3915 136 11149 3947 135 11150 3948 2241 11151 3915 135 11152 3948 134 11153 3949 134 11154 3949 133 11155 3950 2241 11156 3915 2241 11157 3915 133 11158 3950 132 11159 3916 130 11160 3918 129 11161 3951 2240 11162 3908 2240 11163 3908 129 11164 3951 128 11165 3952 2240 11166 3908 128 11167 3952 127 11168 3953 127 11169 3953 126 11170 3954 2240 11171 3908 2240 11172 3908 126 11173 3954 2257 11174 3911 2073 11175 3955 2343 11176 3956 2193 11177 3957 2193 11178 3957 2343 11179 3956 2344 11180 3958 2193 11181 3957 2344 11182 3958 2345 11183 3959 2076 11184 3960 2321 11185 3961 2073 11186 3955 2073 11187 3955 2321 11188 3961 2322 11189 3962 2073 11190 3955 2322 11191 3962 98 11192 3963 98 11193 3963 2322 11194 3962 99 11195 3964 99 11196 3964 2322 11197 3962 100 11198 3965 100 11199 3965 2322 11200 3962 101 11201 3966 101 11202 3966 2322 11203 3962 102 11204 3967 102 11205 3967 2322 11206 3962 103 11207 3968 103 11208 3968 2322 11209 3962 2299 11210 3969 103 11211 3968 2299 11212 3969 104 11213 3970 104 11214 3970 2299 11215 3969 105 11216 3971 105 11217 3971 2299 11218 3969 106 11219 3972 106 11220 3972 2299 11221 3969 75 11222 3973 106 11223 3972 75 11224 3973 107 11225 3974 107 11226 3974 75 11227 3973 74 11228 3975 107 11229 3974 74 11230 3975 108 11231 3976 108 11232 3976 74 11233 3975 73 11234 3977 108 11235 3976 73 11236 3977 109 11237 3978 109 11238 3978 73 11239 3977 72 11240 3979 109 11241 3978 72 11242 3979 110 11243 3980 110 11244 3980 72 11245 3979 71 11246 3981 110 11247 3980 71 11248 3981 111 11249 3982 111 11250 3982 71 11251 3981 70 11252 3983 111 11253 3982 70 11254 3983 2348 11255 3984 2348 11256 3984 70 11257 3983 2325 11258 3985 2348 11259 3984 2325 11260 3985 2347 11261 3986 2347 11262 3986 2325 11263 3985 2326 11264 3987 2347 11265 3986 2326 11266 3987 2346 11267 3988 2346 11268 3988 2326 11269 3987 2327 11270 3989 2346 11271 3988 2327 11272 3989 2345 11273 3959 2345 11274 3959 2327 11275 3989 2328 11276 3990 2345 11277 3959 2328 11278 3990 2193 11279 3957 2193 11280 3957 2328 11281 3990 2329 11282 3991 2193 11283 3957 2329 11284 3991 2330 11285 3992 2269 11286 3993 2275 11287 3994 2076 11288 3960 2076 11289 3960 2275 11290 3994 2317 11291 3995 2076 11292 3960 2317 11293 3995 2318 11294 3996 2269 11295 3993 2270 11296 3997 2275 11297 3994 2275 11298 3994 2270 11299 3997 2271 11300 3998 2275 11301 3994 2271 11302 3998 2272 11303 3999 2272 11304 3999 2273 11305 4000 2275 11306 3994 2275 11307 3994 2273 11308 4000 2274 11309 4001 2276 11310 4002 2315 11311 4003 2275 11312 3994 2275 11313 3994 2315 11314 4003 2316 11315 4004 2275 11316 3994 2316 11317 4004 2317 11318 3995 2277 11319 4005 2278 11320 4006 2276 11321 4002 2276 11322 4002 2278 11323 4006 2279 11324 4007 2276 11325 4002 2279 11326 4007 2280 11327 4008 2280 11328 4008 2281 11329 4009 2276 11330 4002 2276 11331 4002 2281 11332 4009 2282 11333 4010 2276 11334 4002 2282 11335 4010 2283 11336 4011 2284 11337 4012 2324 11338 4013 2283 11339 4011 2283 11340 4011 2324 11341 4013 2309 11342 4014 2283 11343 4011 2309 11344 4014 2310 11345 4015 2285 11346 4016 2291 11347 4017 2284 11348 4012 2284 11349 4012 2291 11350 4017 2323 11351 4018 2284 11352 4012 2323 11353 4018 2324 11354 4013 2285 11355 4016 2286 11356 4019 2291 11357 4017 2291 11358 4017 2286 11359 4019 2287 11360 4020 2291 11361 4017 2287 11362 4020 2288 11363 4021 2288 11364 4021 2289 11365 4022 2291 11366 4017 2291 11367 4017 2289 11368 4022 2290 11369 4023 2291 11370 4017 2292 11371 4024 2323 11372 4018 2323 11373 4018 2292 11374 4024 2322 11375 3962 2322 11376 3962 2292 11377 4024 2299 11378 3969 2293 11379 4025 2294 11380 4026 2292 11381 4024 2292 11382 4024 2294 11383 4026 2295 11384 4027 2292 11385 4024 2295 11386 4027 2296 11387 4028 2296 11388 4028 2297 11389 4029 2292 11390 4024 2292 11391 4024 2297 11392 4029 2298 11393 4030 2292 11394 4024 2298 11395 4030 2299 11396 3969 2300 11397 4031 2078 11398 4032 2299 11399 3969 2299 11400 3969 2078 11401 4032 76 11402 4033 2299 11403 3969 76 11404 4033 75 11405 3973 2300 11406 4031 2301 11407 4034 2078 11408 4032 2078 11409 4032 2301 11410 4034 2079 11411 4035 2302 11412 4036 82 11413 4037 2078 11414 4032 2078 11415 4032 82 11416 4037 81 11417 4038 2078 11418 4032 81 11419 4038 80 11420 4039 2303 11421 4040 2336 11422 4041 2302 11423 4036 2302 11424 4036 2336 11425 4041 83 11426 4042 2302 11427 4036 83 11428 4042 82 11429 4037 2303 11430 4040 2304 11431 4043 2336 11432 4041 2336 11433 4041 2304 11434 4043 2335 11435 4044 2335 11436 4044 2304 11437 4043 2305 11438 4045 2335 11439 4044 2305 11440 4045 2334 11441 4046 2334 11442 4046 2305 11443 4045 2306 11444 4047 2334 11445 4046 2306 11446 4047 2333 11447 4048 2333 11448 4048 2306 11449 4047 2307 11450 4049 2333 11451 4048 2307 11452 4049 2332 11453 4050 2332 11454 4050 2307 11455 4049 2308 11456 4051 2332 11457 4050 2308 11458 4051 2331 11459 4052 2331 11460 4052 2308 11461 4051 2193 11462 3957 2331 11463 4052 2193 11464 3957 2330 11465 3992 113 11466 4053 112 11467 4054 2324 11468 4013 2324 11469 4013 112 11470 4054 2309 11471 4014 2310 11472 4015 2311 11473 4055 2283 11474 4011 2283 11475 4011 2311 11476 4055 2312 11477 4056 2283 11478 4011 2312 11479 4056 2276 11480 4002 2276 11481 4002 2312 11482 4056 2313 11483 4057 2276 11484 4002 2313 11485 4057 2314 11486 4058 2314 11487 4058 2315 11488 4003 2276 11489 4002 2318 11490 3996 2319 11491 4059 2076 11492 3960 2076 11493 3960 2319 11494 4059 2320 11495 4060 2076 11496 3960 2320 11497 4060 2321 11498 3961 2321 11499 3961 2320 11500 4060 125 11501 4061 2321 11502 3961 125 11503 4061 124 11504 4062 124 11505 4062 123 11506 4063 2321 11507 3961 2321 11508 3961 123 11509 4063 122 11510 4064 2321 11511 3961 122 11512 4064 121 11513 4065 121 11514 4065 120 11515 4066 2321 11516 3961 2321 11517 3961 120 11518 4066 119 11519 4067 2321 11520 3961 119 11521 4067 118 11522 4068 2321 11523 3961 118 11524 4068 2324 11525 4013 2324 11526 4013 118 11527 4068 117 11528 4069 2324 11529 4013 117 11530 4069 116 11531 4070 116 11532 4070 115 11533 4071 2324 11534 4013 2324 11535 4013 115 11536 4071 114 11537 4072 2324 11538 4013 114 11539 4072 113 11540 4053 80 11541 4039 79 11542 4073 2078 11543 4032 2078 11544 4032 79 11545 4073 78 11546 4074 2078 11547 4032 78 11548 4074 77 11549 4075 77 11550 4075 76 11551 4033 2078 11552 4032 98 11553 3963 2337 11554 4076 2073 11555 3955 2073 11556 3955 2337 11557 4076 2338 11558 4077 2073 11559 3955 2338 11560 4077 2339 11561 4078 2339 11562 4078 2340 11563 4079 2073 11564 3955 2073 11565 3955 2340 11566 4079 2341 11567 4080 2073 11568 3955 2341 11569 4080 2342 11570 4081 2342 11571 4081 2343 11572 3956 2073 11573 3955 2250 11574 4082 2275 11575 4083 2251 11576 4084 2251 11577 4084 2275 11578 4083 2274 11579 4085 2251 11580 4084 2274 11581 4085 2252 11582 4086 2252 11583 4086 2274 11584 4085 2273 11585 4087 2252 11586 4086 2273 11587 4087 2253 11588 4088 2253 11589 4088 2273 11590 4087 2272 11591 4089 2253 11592 4088 2272 11593 4089 2254 11594 4090 2254 11595 4090 2272 11596 4089 2271 11597 4091 2254 11598 4090 2271 11599 4091 2255 11600 4092 2255 11601 4092 2271 11602 4091 2270 11603 4093 2255 11604 4092 2270 11605 4093 2256 11606 4094 2256 11607 4094 2270 11608 4093 2269 11609 4095 2256 11610 4094 2269 11611 4095 2075 11612 4096 2075 11613 4096 2269 11614 4095 2076 11615 4097 2275 11616 4098 2250 11617 4099 2276 11618 4100 2276 11619 4100 2250 11620 4099 2249 11621 4101 2242 11622 4102 2283 11623 4103 2243 11624 4104 2243 11625 4104 2283 11626 4103 2282 11627 4105 2243 11628 4104 2282 11629 4105 2244 11630 4106 2244 11631 4106 2282 11632 4105 2281 11633 4107 2244 11634 4106 2281 11635 4107 2245 11636 4108 2245 11637 4108 2281 11638 4107 2280 11639 4109 2245 11640 4108 2280 11641 4109 2246 11642 4110 2246 11643 4110 2280 11644 4109 2279 11645 4111 2246 11646 4110 2279 11647 4111 2247 11648 4112 2247 11649 4112 2279 11650 4111 2278 11651 4113 2247 11652 4112 2278 11653 4113 2248 11654 4114 2248 11655 4114 2278 11656 4113 2277 11657 4115 2248 11658 4114 2277 11659 4115 2249 11660 4116 2249 11661 4116 2277 11662 4115 2276 11663 4117 2283 11664 4118 2190 11665 4119 2284 11666 4120 2284 11667 4120 2190 11668 4119 2231 11669 4121 2284 11670 4120 2231 11671 4121 2235 11672 4122 2283 11673 4118 2242 11674 4123 2190 11675 4119 2291 11676 4124 2290 11677 4125 2354 11678 4126 2354 11679 4126 2290 11680 4125 2353 11681 4127 2353 11682 4127 2290 11683 4125 2289 11684 4128 2353 11685 4127 2289 11686 4128 2352 11687 4129 2352 11688 4129 2289 11689 4128 2288 11690 4130 2352 11691 4129 2288 11692 4130 2351 11693 4131 2351 11694 4131 2288 11695 4130 2287 11696 4132 2351 11697 4131 2287 11698 4132 2350 11699 4133 2350 11700 4133 2287 11701 4132 2286 11702 4134 2350 11703 4133 2286 11704 4134 2349 11705 4135 2349 11706 4135 2286 11707 4134 2285 11708 4136 2349 11709 4135 2285 11710 4136 2232 11711 4137 2232 11712 4137 2285 11713 4136 2233 11714 4138 2233 11715 4138 2285 11716 4136 2284 11717 4139 2233 11718 4138 2284 11719 4139 2234 11720 4140 2234 11721 4140 2284 11722 4139 2235 11723 4141 2291 11724 4142 182 11725 4143 2292 11726 4144 2292 11727 4144 182 11728 4143 210 11729 4145 2292 11730 4144 210 11731 4145 2356 11732 4146 2354 11733 4147 160 11734 4148 2291 11735 4142 2291 11736 4142 160 11737 4148 159 11738 4149 2291 11739 4142 159 11740 4149 158 11741 4150 2237 11742 4151 165 11743 4152 2354 11744 4147 2354 11745 4147 165 11746 4152 164 11747 4153 2354 11748 4147 164 11749 4153 163 11750 4154 2236 11751 4155 195 11752 4156 2237 11753 4151 2237 11754 4151 195 11755 4156 167 11756 4157 2237 11757 4151 167 11758 4157 166 11759 4158 2355 11760 4159 2366 11761 4160 2236 11762 4155 2236 11763 4155 2366 11764 4160 2367 11765 4161 2236 11766 4155 2367 11767 4161 223 11768 4162 2292 11769 4144 2361 11770 4163 2355 11771 4159 2355 11772 4159 2361 11773 4163 2362 11774 4164 2355 11775 4159 2362 11776 4164 2363 11777 4165 2236 11778 4155 223 11779 4162 195 11780 4156 195 11781 4156 223 11782 4162 222 11783 4166 195 11784 4156 222 11785 4166 2379 11786 4167 2379 11787 4167 222 11788 4166 221 11789 4168 2379 11790 4167 221 11791 4168 2378 11792 4169 2378 11793 4169 221 11794 4168 220 11795 4170 2378 11796 4169 220 11797 4170 2377 11798 4171 2377 11799 4171 220 11800 4170 219 11801 4172 2377 11802 4171 219 11803 4172 2376 11804 4173 2376 11805 4173 219 11806 4172 218 11807 4174 2376 11808 4173 218 11809 4174 2375 11810 4175 2375 11811 4175 218 11812 4174 217 11813 4176 2375 11814 4175 217 11815 4176 2374 11816 4177 2374 11817 4177 217 11818 4176 216 11819 4178 2374 11820 4177 216 11821 4178 2373 11822 4179 2373 11823 4179 216 11824 4178 2372 11825 4180 2372 11826 4180 216 11827 4178 215 11828 4181 2372 11829 4180 215 11830 4181 2371 11831 4182 2371 11832 4182 215 11833 4181 214 11834 4183 2371 11835 4182 214 11836 4183 2370 11837 4184 2370 11838 4184 214 11839 4183 213 11840 4185 2370 11841 4184 213 11842 4185 2369 11843 4186 2369 11844 4186 213 11845 4185 212 11846 4187 2369 11847 4186 212 11848 4187 2368 11849 4188 2368 11850 4188 212 11851 4187 211 11852 4189 2368 11853 4188 211 11854 4189 182 11855 4143 182 11856 4143 211 11857 4189 210 11858 4145 2356 11859 4146 2357 11860 4190 2292 11861 4144 2292 11862 4144 2357 11863 4190 2358 11864 4191 2292 11865 4144 2358 11866 4191 2359 11867 4192 2359 11868 4192 2360 11869 4193 2292 11870 4144 2292 11871 4144 2360 11872 4193 2361 11873 4163 2363 11874 4165 2364 11875 4194 2355 11876 4159 2355 11877 4159 2364 11878 4194 2365 11879 4195 2355 11880 4159 2365 11881 4195 2366 11882 4160 167 11883 4157 195 11884 4156 2391 11885 4196 2391 11886 4196 195 11887 4156 194 11888 4197 2391 11889 4196 194 11890 4197 193 11891 4198 2391 11892 4196 193 11893 4198 2390 11894 4199 2390 11895 4199 193 11896 4198 192 11897 4200 2390 11898 4199 192 11899 4200 2389 11900 4201 2389 11901 4201 192 11902 4200 191 11903 4202 2389 11904 4201 191 11905 4202 2388 11906 4203 2388 11907 4203 191 11908 4202 190 11909 4204 2388 11910 4203 190 11911 4204 2387 11912 4205 2387 11913 4205 190 11914 4204 189 11915 4206 2387 11916 4205 189 11917 4206 2386 11918 4207 2386 11919 4207 189 11920 4206 188 11921 4208 2386 11922 4207 188 11923 4208 2385 11924 4209 2385 11925 4209 188 11926 4208 2384 11927 4210 2384 11928 4210 188 11929 4208 187 11930 4211 2384 11931 4210 187 11932 4211 2383 11933 4212 2383 11934 4212 187 11935 4211 186 11936 4213 2383 11937 4212 186 11938 4213 2382 11939 4214 2382 11940 4214 186 11941 4213 185 11942 4215 2382 11943 4214 185 11944 4215 2381 11945 4216 2381 11946 4216 185 11947 4215 184 11948 4217 2381 11949 4216 184 11950 4217 2380 11951 4218 2380 11952 4218 184 11953 4217 183 11954 4219 2380 11955 4218 183 11956 4219 154 11957 4220 154 11958 4220 183 11959 4219 182 11960 4143 154 11961 4220 182 11962 4143 2291 11963 4142 166 11964 4158 165 11965 4152 2237 11966 4151 163 11967 4154 162 11968 4221 2354 11969 4147 2354 11970 4147 162 11971 4221 161 11972 4222 2354 11973 4147 161 11974 4222 160 11975 4148 158 11976 4150 157 11977 4223 2291 11978 4142 2291 11979 4142 157 11980 4223 156 11981 4224 2291 11982 4142 156 11983 4224 155 11984 4225 155 11985 4225 154 11986 4220 2291 11987 4142 2398 11988 4226 2299 11989 4227 2397 11990 4228 2397 11991 4228 2299 11992 4227 2298 11993 4229 2397 11994 4228 2298 11995 4229 2396 11996 4230 2396 11997 4230 2298 11998 4229 2297 11999 4231 2396 12000 4230 2297 12001 4231 2395 12002 4232 2395 12003 4232 2297 12004 4231 2296 12005 4233 2395 12006 4232 2296 12007 4233 2394 12008 4234 2394 12009 4234 2296 12010 4233 2295 12011 4235 2394 12012 4234 2295 12013 4235 2393 12014 4236 2393 12015 4236 2295 12016 4235 2294 12017 4237 2393 12018 4236 2294 12019 4237 2392 12020 4238 2392 12021 4238 2294 12022 4237 2293 12023 4239 2392 12024 4238 2293 12025 4239 2355 12026 4240 2355 12027 4240 2293 12028 4239 2292 12029 4241 2321 12030 4242 2192 12031 4243 2322 12032 4244 2322 12033 4244 2192 12034 4243 2399 12035 4245 2322 12036 4244 2399 12037 4245 2239 12038 4246 2239 12039 4246 2399 12040 4245 1196 12041 4247 2239 12042 4246 1196 12043 4247 1199 12044 4248 2321 12045 4242 2240 12046 4249 2192 12047 4243 2400 12048 4250 2236 12049 4251 1199 12050 4248 1199 12051 4248 2236 12052 4251 2239 12053 4246 2324 12054 4252 2241 12055 4253 2321 12056 4254 2321 12057 4254 2241 12058 4253 2240 12059 4255 2241 12060 4256 2324 12061 4257 2191 12062 4258 2191 12063 4258 2324 12064 4257 2323 12065 4259 2191 12066 4258 2323 12067 4259 2402 12068 4260 2402 12069 4260 2323 12070 4259 2238 12071 4261 2402 12072 4260 2238 12073 4261 1197 12074 4262 1197 12075 4262 2238 12076 4261 2237 12077 4263 1197 12078 4262 2237 12079 4263 1198 12080 4264 1198 12081 4264 2237 12082 4263 2401 12083 4265 2322 12084 4266 505 12085 4267 2323 12086 4268 2323 12087 4268 505 12088 4267 504 12089 4269 2323 12090 4268 504 12091 4269 2096 12092 4270 2096 12093 4270 504 12094 4269 503 12095 4271 2096 12096 4270 503 12097 4271 2097 12098 4272 2097 12099 4272 503 12100 4271 502 12101 4273 2097 12102 4272 502 12103 4273 2098 12104 4274 2098 12105 4274 502 12106 4273 501 12107 4275 2098 12108 4274 501 12109 4275 2099 12110 4276 2099 12111 4276 501 12112 4275 500 12113 4277 2099 12114 4276 500 12115 4277 2100 12116 4278 2100 12117 4278 500 12118 4277 499 12119 4279 2100 12120 4278 499 12121 4279 2101 12122 4280 2101 12123 4280 499 12124 4279 498 12125 4281 2101 12126 4280 498 12127 4281 2102 12128 4282 2102 12129 4282 498 12130 4281 2103 12131 4283 2103 12132 4283 498 12133 4281 497 12134 4284 2103 12135 4283 497 12136 4284 2104 12137 4285 2104 12138 4285 497 12139 4284 496 12140 4286 2104 12141 4285 496 12142 4286 2105 12143 4287 2105 12144 4287 496 12145 4286 495 12146 4288 2105 12147 4287 495 12148 4288 2106 12149 4289 2106 12150 4289 495 12151 4288 494 12152 4290 2106 12153 4289 494 12154 4290 2107 12155 4291 2107 12156 4291 494 12157 4290 493 12158 4292 2107 12159 4291 493 12160 4292 2238 12161 4293 2238 12162 4293 493 12163 4292 492 12164 4294 2238 12165 4293 492 12166 4294 2239 12167 4295 2239 12168 4295 492 12169 4294 2131 12170 4296 2239 12171 4295 2131 12172 4296 465 12173 4297 465 12174 4297 2131 12175 4296 466 12176 4298 466 12177 4298 2131 12178 4296 2130 12179 4299 466 12180 4298 2130 12181 4299 467 12182 4300 467 12183 4300 2130 12184 4299 2129 12185 4301 467 12186 4300 2129 12187 4301 468 12188 4302 468 12189 4302 2129 12190 4301 2128 12191 4303 468 12192 4302 2128 12193 4303 469 12194 4304 469 12195 4304 2128 12196 4303 2127 12197 4305 469 12198 4304 2127 12199 4305 470 12200 4306 470 12201 4306 2127 12202 4305 2126 12203 4307 470 12204 4306 2126 12205 4307 2125 12206 4308 2239 12207 4295 2149 12208 4309 2322 12209 4266 2322 12210 4266 2149 12211 4309 2148 12212 4310 2322 12213 4266 2148 12214 4310 2147 12215 4311 2323 12216 4268 526 12217 4312 2238 12218 4293 2238 12219 4293 526 12220 4312 525 12221 4313 2238 12222 4293 525 12223 4313 524 12224 4314 2144 12225 4315 477 12226 4316 2322 12227 4266 2322 12228 4266 477 12229 4316 476 12230 4317 2322 12231 4266 476 12232 4317 2120 12233 4318 2120 12234 4318 476 12235 4317 475 12236 4319 2120 12237 4318 475 12238 4319 2121 12239 4320 2121 12240 4320 475 12241 4319 474 12242 4321 2121 12243 4320 474 12244 4321 2122 12245 4322 2122 12246 4322 474 12247 4321 473 12248 4323 2122 12249 4322 473 12250 4323 2123 12251 4324 2123 12252 4324 473 12253 4323 472 12254 4325 2123 12255 4324 472 12256 4325 2124 12257 4326 2124 12258 4326 472 12259 4325 471 12260 4327 2124 12261 4326 471 12262 4327 2125 12263 4308 2125 12264 4308 471 12265 4327 470 12266 4306 465 12267 4297 464 12268 4328 2239 12269 4295 2239 12270 4295 464 12271 4328 2155 12272 4329 2239 12273 4295 2155 12274 4329 2154 12275 4330 2154 12276 4330 2153 12277 4331 2239 12278 4295 2239 12279 4295 2153 12280 4331 2152 12281 4332 2239 12282 4295 2152 12283 4332 2151 12284 4333 2151 12285 4333 2150 12286 4334 2239 12287 4295 2239 12288 4295 2150 12289 4334 2149 12290 4309 2147 12291 4311 2146 12292 4335 2322 12293 4266 2322 12294 4266 2146 12295 4335 2145 12296 4336 2322 12297 4266 2145 12298 4336 2144 12299 4315 2120 12300 4318 505 12301 4267 2322 12302 4266 2096 12303 4270 533 12304 4337 2323 12305 4268 2323 12306 4268 533 12307 4337 532 12308 4338 2323 12309 4268 532 12310 4338 531 12311 4339 531 12312 4339 530 12313 4340 2323 12314 4268 2323 12315 4268 530 12316 4340 529 12317 4341 2323 12318 4268 529 12319 4341 528 12320 4342 528 12321 4342 527 12322 4343 2323 12323 4268 2323 12324 4268 527 12325 4343 526 12326 4312 524 12327 4314 523 12328 4344 2238 12329 4293 2238 12330 4293 523 12331 4344 522 12332 4345 2238 12333 4293 522 12334 4345 521 12335 4346 521 12336 4346 520 12337 4347 2238 12338 4293 2238 12339 4293 520 12340 4347 2107 12341 4291 2403 12342 4348 2231 12343 4349 2189 12344 4350 2189 12345 4350 2231 12346 4349 2190 12347 4351 2018 12348 4352 2401 12349 4353 2200 12350 4354 2200 12351 4354 2401 12352 4353 2406 12353 4355 2200 12354 4354 2406 12355 4355 2407 12356 4356 2401 12357 4353 2018 12358 4352 2400 12359 4357 2400 12360 4357 2018 12361 4352 456 12362 4358 2400 12363 4357 456 12364 4358 2405 12365 4359 2405 12366 4359 456 12367 4358 2404 12368 4360 2398 12369 4361 2397 12370 4362 2405 12371 4359 2405 12372 4359 2397 12373 4362 2396 12374 4363 2405 12375 4359 2396 12376 4363 2395 12377 4364 2395 12378 4364 2394 12379 4365 2405 12380 4359 2405 12381 4359 2394 12382 4365 2393 12383 4366 2405 12384 4359 2393 12385 4366 2392 12386 4367 2392 12387 4367 2355 12388 4368 2405 12389 4359 2405 12390 4359 2355 12391 4368 2400 12392 4357 2355 12393 4368 2236 12394 4369 2400 12395 4357 2237 12396 4370 2354 12397 4371 2401 12398 4353 2401 12399 4353 2354 12400 4371 2406 12401 4355 2354 12402 4371 2353 12403 4372 2406 12404 4355 2406 12405 4355 2353 12406 4372 2352 12407 4373 2406 12408 4355 2352 12409 4373 2351 12410 4374 2351 12411 4374 2350 12412 4375 2406 12413 4355 2406 12414 4355 2350 12415 4375 2349 12416 4376 2406 12417 4355 2349 12418 4376 2232 12419 4377 2192 12420 4378 2191 12421 4379 2399 12422 4380 2399 12423 4380 2191 12424 4379 2402 12425 4381 2421 12426 4382 2408 12427 4383 1189 12428 4384 1189 12429 4384 2408 12430 4383 2409 12431 4385 1189 12432 4384 2409 12433 4385 2410 12434 4386 2410 12435 4386 2411 12436 4387 1189 12437 4384 1189 12438 4384 2411 12439 4387 2415 12440 4388 2415 12441 4388 2411 12442 4387 2412 12443 4389 2415 12444 4388 2412 12445 4389 2413 12446 4390 2413 12447 4390 2414 12448 4391 2415 12449 4388 1188 12450 4392 2231 12451 4393 1189 12452 4384 1189 12453 4384 2231 12454 4393 2403 12455 4394 1189 12456 4384 2403 12457 4394 2421 12458 4382 2421 12459 4382 2403 12460 4394 2420 12461 4395 2420 12462 4395 2403 12463 4394 2419 12464 4396 2419 12465 4396 2403 12466 4394 2418 12467 4397 2418 12468 4397 2403 12469 4394 2417 12470 4398 2417 12471 4398 2403 12472 4394 2416 12473 4399 2231 12474 4400 1188 12475 4401 2232 12476 4402 2232 12477 4402 1188 12478 4401 1187 12479 4403 2232 12480 4402 1187 12481 4403 2406 12482 4404 2423 12483 4405 259 12484 4406 2422 12485 4407 2422 12486 4407 259 12487 4406 258 12488 4408 2422 12489 4407 258 12490 4408 2435 12491 4409 2435 12492 4409 258 12493 4408 257 12494 4410 2435 12495 4409 257 12496 4410 2434 12497 4411 2434 12498 4411 257 12499 4410 2433 12500 4412 2433 12501 4412 257 12502 4410 256 12503 4413 2433 12504 4412 256 12505 4413 2432 12506 4414 2432 12507 4414 256 12508 4413 2429 12509 4415 2432 12510 4414 2429 12511 4415 2431 12512 4416 2431 12513 4416 2429 12514 4415 2430 12515 4417 259 12516 4406 2423 12517 4405 260 12518 4418 260 12519 4418 2423 12520 4405 2424 12521 4419 260 12522 4418 2424 12523 4419 2425 12524 4420 260 12525 4418 2425 12526 4420 261 12527 4421 261 12528 4421 2425 12529 4420 2426 12530 4422 261 12531 4421 2426 12532 4422 2407 12533 4423 2407 12534 4423 2426 12535 4422 2427 12536 4424 2407 12537 4423 2427 12538 4424 2428 12539 4425 2406 12540 4426 265 12541 4427 2407 12542 4423 2407 12543 4423 265 12544 4427 264 12545 4428 2407 12546 4423 264 12547 4428 263 12548 4429 1187 12549 4430 2442 12550 4431 2406 12551 4426 2406 12552 4426 2442 12553 4431 2443 12554 4432 2406 12555 4426 2443 12556 4432 2444 12557 4433 1186 12558 4434 252 12559 4435 1187 12560 4430 1187 12561 4430 252 12562 4435 2436 12563 4436 1187 12564 4430 2436 12565 4436 2437 12566 4437 2429 12567 4415 256 12568 4413 1186 12569 4434 1186 12570 4434 256 12571 4413 255 12572 4438 1186 12573 4434 255 12574 4438 254 12575 4439 2437 12576 4437 2438 12577 4440 1187 12578 4430 1187 12579 4430 2438 12580 4440 2439 12581 4441 1187 12582 4430 2439 12583 4441 2440 12584 4442 2440 12585 4442 2441 12586 4443 1187 12587 4430 1187 12588 4430 2441 12589 4443 2442 12590 4431 2444 12591 4433 2445 12592 4444 2406 12593 4426 2406 12594 4426 2445 12595 4444 2446 12596 4445 2406 12597 4426 2446 12598 4445 2447 12599 4446 2447 12600 4446 265 12601 4427 2406 12602 4426 263 12603 4429 262 12604 4447 2407 12605 4423 2407 12606 4423 262 12607 4447 261 12608 4421 254 12609 4439 253 12610 4448 1186 12611 4434 1186 12612 4434 253 12613 4448 252 12614 4435 2402 12615 4449 1197 12616 4450 2399 12617 4451 2399 12618 4451 1197 12619 4450 1196 12620 4452 2400 12621 4453 320 12622 4454 2401 12623 4455 2401 12624 4455 320 12625 4454 2459 12626 4456 2401 12627 4455 2459 12628 4456 293 12629 4457 1199 12630 4458 2466 12631 4459 2400 12632 4453 2400 12633 4453 2466 12634 4459 2467 12635 4460 2400 12636 4453 2467 12637 4460 2468 12638 4461 1198 12639 4462 309 12640 4463 1199 12641 4458 1199 12642 4458 309 12643 4463 308 12644 4464 1199 12645 4458 308 12646 4464 2460 12647 4465 2401 12648 4455 286 12649 4466 1198 12650 4462 1198 12651 4462 286 12652 4466 285 12653 4467 1198 12654 4462 285 12655 4467 284 12656 4468 281 12657 4469 280 12658 4470 1198 12659 4462 1198 12660 4462 280 12661 4470 2448 12662 4471 1198 12663 4462 2448 12664 4471 309 12665 4463 309 12666 4463 2448 12667 4471 310 12668 4472 310 12669 4472 2448 12670 4471 2449 12671 4473 310 12672 4472 2449 12673 4473 311 12674 4474 311 12675 4474 2449 12676 4473 2450 12677 4475 311 12678 4474 2450 12679 4475 312 12680 4476 312 12681 4476 2450 12682 4475 2451 12683 4477 312 12684 4476 2451 12685 4477 313 12686 4478 313 12687 4478 2451 12688 4477 2452 12689 4479 313 12690 4478 2452 12691 4479 314 12692 4480 314 12693 4480 2452 12694 4479 2453 12695 4481 314 12696 4480 2453 12697 4481 2454 12698 4482 314 12699 4480 2454 12700 4482 315 12701 4483 315 12702 4483 2454 12703 4482 2455 12704 4484 315 12705 4483 2455 12706 4484 316 12707 4485 316 12708 4485 2455 12709 4484 2456 12710 4486 316 12711 4485 2456 12712 4486 317 12713 4487 317 12714 4487 2456 12715 4486 2457 12716 4488 317 12717 4487 2457 12718 4488 318 12719 4489 318 12720 4489 2457 12721 4488 2458 12722 4490 318 12723 4489 2458 12724 4490 319 12725 4491 319 12726 4491 2458 12727 4490 2459 12728 4456 319 12729 4491 2459 12730 4456 320 12731 4454 293 12732 4457 292 12733 4492 2401 12734 4455 2401 12735 4455 292 12736 4492 291 12737 4493 2401 12738 4455 291 12739 4493 290 12740 4494 290 12741 4494 289 12742 4495 2401 12743 4455 2401 12744 4455 289 12745 4495 288 12746 4496 2401 12747 4455 288 12748 4496 287 12749 4497 287 12750 4497 286 12751 4466 2401 12752 4455 284 12753 4468 283 12754 4498 1198 12755 4462 1198 12756 4462 283 12757 4498 282 12758 4499 1198 12759 4462 282 12760 4499 281 12761 4469 2460 12762 4465 2461 12763 4500 1199 12764 4458 1199 12765 4458 2461 12766 4500 2462 12767 4501 1199 12768 4458 2462 12769 4501 2463 12770 4502 2463 12771 4502 2464 12772 4503 1199 12773 4458 1199 12774 4458 2464 12775 4503 2465 12776 4504 1199 12777 4458 2465 12778 4504 2466 12779 4459 2468 12780 4461 2469 12781 4505 2400 12782 4453 2400 12783 4453 2469 12784 4505 2470 12785 4506 2400 12786 4453 2470 12787 4506 2471 12788 4507 2471 12789 4507 321 12790 4508 2400 12791 4453 2400 12792 4453 321 12793 4508 320 12794 4454 2088 12795 4509 2176 12796 4510 2089 12797 4511 2089 12798 4511 2176 12799 4510 2175 12800 4512 2089 12801 4511 2175 12802 4512 2090 12803 4513 2090 12804 4513 2175 12805 4512 2174 12806 4514 2090 12807 4513 2174 12808 4514 2091 12809 4515 2091 12810 4515 2174 12811 4514 2173 12812 4516 2091 12813 4515 2173 12814 4516 2092 12815 4517 2092 12816 4517 2173 12817 4516 2172 12818 4518 2092 12819 4517 2172 12820 4518 2093 12821 4519 2093 12822 4519 2172 12823 4518 2171 12824 4520 2093 12825 4519 2171 12826 4520 2094 12827 4521 2094 12828 4521 2171 12829 4520 2170 12830 4522 2094 12831 4521 2170 12832 4522 2095 12833 4523 2095 12834 4523 2170 12835 4522 2169 12836 4524 2176 12837 4525 2088 12838 4526 2177 12839 4527 2177 12840 4527 2088 12841 4526 2087 12842 4528 2177 12843 4527 2087 12844 4528 2178 12845 4529 2178 12846 4529 2087 12847 4528 2086 12848 4530 2178 12849 4529 2086 12850 4530 2179 12851 4531 2179 12852 4531 2086 12853 4530 2085 12854 4532 2179 12855 4531 2085 12856 4532 2180 12857 4533 2180 12858 4533 2085 12859 4532 2084 12860 4534 2180 12861 4533 2084 12862 4534 2181 12863 4535 2181 12864 4535 2084 12865 4534 2083 12866 4536 2181 12867 4535 2083 12868 4536 2182 12869 4537 2182 12870 4537 2083 12871 4536 2082 12872 4538 2182 12873 4537 2082 12874 4538 1191 12875 4539 1191 12876 4539 2082 12877 4538 1192 12878 4540 455 12879 4541 2472 12880 4542 456 12881 4543 456 12882 4543 2472 12883 4542 2485 12884 4544 456 12885 4543 2485 12886 4544 2404 12887 4545 2485 12888 4544 2472 12889 4542 2484 12890 4546 2484 12891 4546 2472 12892 4542 2473 12893 4547 2484 12894 4546 2473 12895 4547 2483 12896 4548 2483 12897 4548 2473 12898 4547 2474 12899 4549 2483 12900 4548 2474 12901 4549 2482 12902 4550 2482 12903 4550 2474 12904 4549 2475 12905 4551 2482 12906 4550 2475 12907 4551 2481 12908 4552 2481 12909 4552 2475 12910 4551 2476 12911 4553 2481 12912 4552 2476 12913 4553 2480 12914 4554 2480 12915 4554 2476 12916 4553 2477 12917 4555 2480 12918 4554 2477 12919 4555 2011 12920 4556 2011 12921 4556 2477 12922 4555 2478 12923 4557 2011 12924 4556 2479 12925 4558 2480 12926 4554 2479 12927 4559 2011 12928 4560 2491 12929 4561 2491 12930 4561 2011 12931 4560 2010 12932 4562 2491 12933 4561 2010 12934 4562 2490 12935 4563 2490 12936 4563 2010 12937 4562 2009 12938 4564 2490 12939 4563 2009 12940 4564 2489 12941 4565 2489 12942 4565 2009 12943 4564 2008 12944 4566 2489 12945 4565 2008 12946 4566 2488 12947 4567 2488 12948 4567 2008 12949 4566 2007 12950 4568 2488 12951 4567 2007 12952 4568 2487 12953 4569 2487 12954 4569 2007 12955 4568 2006 12956 4570 2487 12957 4569 2006 12958 4570 2486 12959 4571 2486 12960 4571 2006 12961 4570 2005 12962 4572 2486 12963 4571 2005 12964 4572 1195 12965 4573 1195 12966 4573 2005 12967 4572 1181 12968 4574 1164 12969 4575 2415 12970 4576 1165 12971 4577 1165 12972 4577 2415 12973 4576 2414 12974 4578 1165 12975 4577 2414 12976 4578 1166 12977 4579 1166 12978 4579 2414 12979 4578 2413 12980 4580 1166 12981 4579 2413 12982 4580 1167 12983 4581 1167 12984 4581 2413 12985 4580 2412 12986 4582 1167 12987 4581 2412 12988 4582 1168 12989 4583 1168 12990 4583 2412 12991 4582 2411 12992 4584 1168 12993 4583 2411 12994 4584 1169 12995 4585 1169 12996 4585 2411 12997 4584 2410 12998 4586 1169 12999 4585 2410 13000 4586 1170 13001 4587 1170 13002 4587 2410 13003 4586 2409 13004 4588 1170 13005 4587 2409 13006 4588 1171 13007 4589 1171 13008 4589 2409 13009 4588 2408 13010 4590 2403 13011 4591 2189 13012 4592 2416 13013 4593 2416 13014 4593 2189 13015 4592 2492 13016 4594 2416 13017 4593 2492 13018 4594 2417 13019 4595 2417 13020 4595 2492 13021 4594 2493 13022 4596 2417 13023 4595 2493 13024 4596 2418 13025 4597 2418 13026 4597 2493 13027 4596 2494 13028 4598 2418 13029 4597 2494 13030 4598 2419 13031 4599 2419 13032 4599 2494 13033 4598 2495 13034 4600 2419 13035 4599 2495 13036 4600 2420 13037 4601 2420 13038 4601 2495 13039 4600 2496 13040 4602 2420 13041 4601 2496 13042 4602 2421 13043 4603 2421 13044 4603 2496 13045 4602 2497 13046 4604 2421 13047 4603 2497 13048 4604 2408 13049 4605 2408 13050 4605 2497 13051 4604 1171 13052 4606 2422 13053 4607 1147 13054 4608 2423 13055 4609 2423 13056 4609 1147 13057 4608 2498 13058 4610 2423 13059 4609 2498 13060 4610 2424 13061 4611 2424 13062 4611 2498 13063 4610 2499 13064 4612 2424 13065 4611 2499 13066 4612 2425 13067 4613 2425 13068 4613 2499 13069 4612 2500 13070 4614 2425 13071 4613 2500 13072 4614 2426 13073 4615 2426 13074 4615 2500 13075 4614 2501 13076 4616 2426 13077 4615 2501 13078 4616 2427 13079 4617 2427 13080 4617 2501 13081 4616 2502 13082 4618 2427 13083 4617 2502 13084 4618 2428 13085 4619 2428 13086 4619 2502 13087 4618 2503 13088 4620 2428 13089 4619 2503 13090 4620 2407 13091 4621 2407 13092 4621 2503 13093 4620 2200 13094 4622 1147 13095 4623 2422 13096 4624 1148 13097 4625 1148 13098 4625 2422 13099 4624 2435 13100 4626 1148 13101 4625 2435 13102 4626 1149 13103 4627 1149 13104 4627 2435 13105 4626 2434 13106 4628 1149 13107 4627 2434 13108 4628 1150 13109 4629 1150 13110 4629 2434 13111 4628 2433 13112 4630 1150 13113 4629 2433 13114 4630 1151 13115 4631 1151 13116 4631 2433 13117 4630 2432 13118 4632 1151 13119 4631 2432 13120 4632 1152 13121 4633 1152 13122 4633 2432 13123 4632 2431 13124 4634 1152 13125 4633 2431 13126 4634 1153 13127 4635 1153 13128 4635 2431 13129 4634 2430 13130 4636 1153 13131 4635 2430 13132 4636 1145 13133 4637 1145 13134 4637 2430 13135 4636 2429 13136 4638 2398 13137 4639 2405 13138 4640 2299 13139 4641 2299 13140 4641 2405 13141 4640 2300 13142 4642 2405 13143 4643 2404 13144 4644 2300 13145 4645 2300 13146 4645 2404 13147 4644 2485 13148 4646 2300 13149 4645 2485 13150 4646 2301 13151 4647 2301 13152 4647 2485 13153 4646 2484 13154 4648 2301 13155 4647 2484 13156 4648 2483 13157 4649 2483 13158 4649 2482 13159 4650 2301 13160 4647 2301 13161 4647 2482 13162 4650 2481 13163 4651 2301 13164 4647 2481 13165 4651 2480 13166 4652 2480 13167 4652 2479 13168 4653 2301 13169 4647 2301 13170 4647 2479 13171 4653 2505 13172 4654 2505 13173 4654 2479 13174 4653 2491 13175 4655 2505 13176 4654 2491 13177 4655 2490 13178 4656 2490 13179 4656 2489 13180 4657 2505 13181 4654 2505 13182 4654 2489 13183 4657 2488 13184 4658 2505 13185 4654 2488 13186 4658 2487 13187 4659 2487 13188 4659 2486 13189 4660 2505 13190 4654 2505 13191 4654 2486 13192 4660 2504 13193 4661 2504 13194 4661 2486 13195 4660 1195 13196 4662 2504 13197 4661 1195 13198 4662 1194 13199 4663 2504 13200 4664 2081 13201 4665 2505 13202 4666 2505 13203 4666 2081 13204 4665 2080 13205 4667 2079 13206 4668 2301 13207 4669 2080 13208 4670 2080 13209 4670 2301 13210 4669 2505 13211 4671 1194 13212 4672 1193 13213 4673 2504 13214 4674 2504 13215 4674 1193 13216 4673 2081 13217 4675 434 13218 4676 433 13219 4677 2219 13220 4678 2219 13221 4678 433 13222 4677 2506 13223 4679 2219 13224 4678 2506 13225 4679 2220 13226 4680 2220 13227 4680 2506 13228 4679 2507 13229 4681 2220 13230 4680 2507 13231 4681 2221 13232 4682 2221 13233 4682 2507 13234 4681 2508 13235 4683 2221 13236 4682 2508 13237 4683 2222 13238 4684 2222 13239 4684 2508 13240 4683 2509 13241 4685 2222 13242 4684 2509 13243 4685 2223 13244 4686 2223 13245 4686 2509 13246 4685 2510 13247 4687 2223 13248 4686 2510 13249 4687 2224 13250 4688 2224 13251 4688 2510 13252 4687 2511 13253 4689 2224 13254 4688 2511 13255 4689 2225 13256 4690 2225 13257 4690 2511 13258 4689 2512 13259 4691 2225 13260 4690 2512 13261 4691 2226 13262 4692 2226 13263 4692 2512 13264 4691 2513 13265 4693 2226 13266 4692 2513 13267 4693 2227 13268 4694 2227 13269 4694 2513 13270 4693 2514 13271 4695 2227 13272 4694 2514 13273 4695 2228 13274 4696 2228 13275 4696 2514 13276 4695 2515 13277 4697 2228 13278 4696 2515 13279 4697 2229 13280 4698 2229 13281 4698 2515 13282 4697 2516 13283 4699 2229 13284 4698 2516 13285 4699 2230 13286 4700 2230 13287 4700 2516 13288 4699 2517 13289 4701 2230 13290 4700 2517 13291 4701 447 13292 4702 447 13293 4702 2517 13294 4701 420 13295 4703 432 13296 4704 267 13297 4705 433 13298 4706 433 13299 4706 267 13300 4705 266 13301 4707 433 13302 4706 266 13303 4707 2518 13304 4708 267 13305 4705 432 13306 4704 268 13307 4709 268 13308 4709 432 13309 4704 431 13310 4710 268 13311 4709 431 13312 4710 269 13313 4711 269 13314 4711 431 13315 4710 430 13316 4712 269 13317 4711 430 13318 4712 270 13319 4713 270 13320 4713 430 13321 4712 429 13322 4714 270 13323 4713 429 13324 4714 271 13325 4715 271 13326 4715 429 13327 4714 428 13328 4716 271 13329 4715 428 13330 4716 272 13331 4717 272 13332 4717 428 13333 4716 427 13334 4718 272 13335 4717 427 13336 4718 426 13337 4719 272 13338 4717 426 13339 4719 273 13340 4720 273 13341 4720 426 13342 4719 425 13343 4721 273 13344 4720 425 13345 4721 274 13346 4722 274 13347 4722 425 13348 4721 424 13349 4723 274 13350 4722 424 13351 4723 275 13352 4724 275 13353 4724 424 13354 4723 423 13355 4725 275 13356 4724 423 13357 4725 276 13358 4726 276 13359 4726 423 13360 4725 422 13361 4727 276 13362 4726 422 13363 4727 277 13364 4728 277 13365 4728 422 13366 4727 421 13367 4729 277 13368 4728 421 13369 4729 278 13370 4730 278 13371 4730 421 13372 4729 420 13373 4731 278 13374 4730 420 13375 4731 279 13376 4732 279 13377 4732 420 13378 4731 2529 13379 4733 2529 13380 4733 420 13381 4731 2517 13382 4734 2529 13383 4733 2517 13384 4734 2528 13385 4735 2528 13386 4735 2517 13387 4734 2516 13388 4736 2528 13389 4735 2516 13390 4736 2527 13391 4737 2527 13392 4737 2516 13393 4736 2515 13394 4738 2527 13395 4737 2515 13396 4738 2526 13397 4739 2526 13398 4739 2515 13399 4738 2514 13400 4740 2526 13401 4739 2514 13402 4740 2525 13403 4741 2525 13404 4741 2514 13405 4740 2513 13406 4742 2525 13407 4741 2513 13408 4742 2524 13409 4743 2524 13410 4743 2513 13411 4742 2512 13412 4744 2524 13413 4743 2512 13414 4744 2511 13415 4745 2524 13416 4743 2511 13417 4745 2523 13418 4746 2523 13419 4746 2511 13420 4745 2510 13421 4747 2523 13422 4746 2510 13423 4747 2522 13424 4748 2522 13425 4748 2510 13426 4747 2509 13427 4749 2522 13428 4748 2509 13429 4749 2521 13430 4750 2521 13431 4750 2509 13432 4749 2508 13433 4751 2521 13434 4750 2508 13435 4751 2520 13436 4752 2520 13437 4752 2508 13438 4751 2507 13439 4753 2520 13440 4752 2507 13441 4753 2519 13442 4754 2519 13443 4754 2507 13444 4753 2506 13445 4755 2519 13446 4754 2506 13447 4755 2518 13448 4708 2518 13449 4708 2506 13450 4755 433 13451 4706 406 13452 4756 405 13453 4757 2207 13454 4758 2207 13455 4758 405 13456 4757 2530 13457 4759 2207 13458 4758 2530 13459 4759 2208 13460 4760 2208 13461 4760 2530 13462 4759 2531 13463 4761 2208 13464 4760 2531 13465 4761 2209 13466 4762 2209 13467 4762 2531 13468 4761 2532 13469 4763 2209 13470 4762 2532 13471 4763 2210 13472 4764 2210 13473 4764 2532 13474 4763 2533 13475 4765 2210 13476 4764 2533 13477 4765 2211 13478 4766 2211 13479 4766 2533 13480 4765 2534 13481 4767 2211 13482 4766 2534 13483 4767 2212 13484 4768 2212 13485 4768 2534 13486 4767 2535 13487 4769 2212 13488 4768 2535 13489 4769 2213 13490 4770 2213 13491 4770 2535 13492 4769 2536 13493 4771 2213 13494 4770 2536 13495 4771 2214 13496 4772 2214 13497 4772 2536 13498 4771 2537 13499 4773 2214 13500 4772 2537 13501 4773 2215 13502 4774 2215 13503 4774 2537 13504 4773 2538 13505 4775 2215 13506 4774 2538 13507 4775 2216 13508 4776 2216 13509 4776 2538 13510 4775 2539 13511 4777 2216 13512 4776 2539 13513 4777 2217 13514 4778 2217 13515 4778 2539 13516 4777 2540 13517 4779 2217 13518 4778 2540 13519 4779 2218 13520 4780 2218 13521 4780 2540 13522 4779 2541 13523 4781 2218 13524 4780 2541 13525 4781 419 13526 4782 419 13527 4782 2541 13528 4781 392 13529 4783 404 13530 4784 295 13531 4785 405 13532 4786 405 13533 4786 295 13534 4785 294 13535 4787 405 13536 4786 294 13537 4787 2542 13538 4788 295 13539 4785 404 13540 4784 296 13541 4789 296 13542 4789 404 13543 4784 403 13544 4790 296 13545 4789 403 13546 4790 297 13547 4791 297 13548 4791 403 13549 4790 402 13550 4792 297 13551 4791 402 13552 4792 298 13553 4793 298 13554 4793 402 13555 4792 401 13556 4794 298 13557 4793 401 13558 4794 299 13559 4795 299 13560 4795 401 13561 4794 400 13562 4796 299 13563 4795 400 13564 4796 300 13565 4797 300 13566 4797 400 13567 4796 399 13568 4798 300 13569 4797 399 13570 4798 398 13571 4799 300 13572 4797 398 13573 4799 301 13574 4800 301 13575 4800 398 13576 4799 397 13577 4801 301 13578 4800 397 13579 4801 302 13580 4802 302 13581 4802 397 13582 4801 396 13583 4803 302 13584 4802 396 13585 4803 303 13586 4804 303 13587 4804 396 13588 4803 395 13589 4805 303 13590 4804 395 13591 4805 304 13592 4806 304 13593 4806 395 13594 4805 394 13595 4807 304 13596 4806 394 13597 4807 305 13598 4808 305 13599 4808 394 13600 4807 393 13601 4809 305 13602 4808 393 13603 4809 306 13604 4810 306 13605 4810 393 13606 4809 392 13607 4811 306 13608 4810 392 13609 4811 307 13610 4812 307 13611 4812 392 13612 4811 2553 13613 4813 2553 13614 4813 392 13615 4811 2541 13616 4814 2553 13617 4813 2541 13618 4814 2552 13619 4815 2552 13620 4815 2541 13621 4814 2540 13622 4816 2552 13623 4815 2540 13624 4816 2551 13625 4817 2551 13626 4817 2540 13627 4816 2539 13628 4818 2551 13629 4817 2539 13630 4818 2550 13631 4819 2550 13632 4819 2539 13633 4818 2538 13634 4820 2550 13635 4819 2538 13636 4820 2549 13637 4821 2549 13638 4821 2538 13639 4820 2537 13640 4822 2549 13641 4821 2537 13642 4822 2548 13643 4823 2548 13644 4823 2537 13645 4822 2536 13646 4824 2548 13647 4823 2536 13648 4824 2535 13649 4825 2548 13650 4823 2535 13651 4825 2547 13652 4826 2547 13653 4826 2535 13654 4825 2534 13655 4827 2547 13656 4826 2534 13657 4827 2546 13658 4828 2546 13659 4828 2534 13660 4827 2533 13661 4829 2546 13662 4828 2533 13663 4829 2545 13664 4830 2545 13665 4830 2533 13666 4829 2532 13667 4831 2545 13668 4830 2532 13669 4831 2544 13670 4832 2544 13671 4832 2532 13672 4831 2531 13673 4833 2544 13674 4832 2531 13675 4833 2543 13676 4834 2543 13677 4834 2531 13678 4833 2530 13679 4835 2543 13680 4834 2530 13681 4835 2542 13682 4788 2542 13683 4788 2530 13684 4835 405 13685 4786 378 13686 4836 377 13687 4837 2037 13688 4838 2037 13689 4838 377 13690 4837 2554 13691 4839 2037 13692 4838 2554 13693 4839 2038 13694 4840 2038 13695 4840 2554 13696 4839 2555 13697 4841 2038 13698 4840 2555 13699 4841 2039 13700 4842 2039 13701 4842 2555 13702 4841 2556 13703 4843 2039 13704 4842 2556 13705 4843 2040 13706 4844 2040 13707 4844 2556 13708 4843 2557 13709 4845 2040 13710 4844 2557 13711 4845 2041 13712 4846 2041 13713 4846 2557 13714 4845 2558 13715 4847 2041 13716 4846 2558 13717 4847 2042 13718 4848 2042 13719 4848 2558 13720 4847 2559 13721 4849 2042 13722 4848 2559 13723 4849 2043 13724 4850 2043 13725 4850 2559 13726 4849 2560 13727 4851 2043 13728 4850 2560 13729 4851 2044 13730 4852 2044 13731 4852 2560 13732 4851 2561 13733 4853 2044 13734 4852 2561 13735 4853 2045 13736 4854 2045 13737 4854 2561 13738 4853 2562 13739 4855 2045 13740 4854 2562 13741 4855 2046 13742 4856 2046 13743 4856 2562 13744 4855 2563 13745 4857 2046 13746 4856 2563 13747 4857 2047 13748 4858 2047 13749 4858 2563 13750 4857 2564 13751 4859 2047 13752 4858 2564 13753 4859 2048 13754 4860 2048 13755 4860 2564 13756 4859 2565 13757 4861 2048 13758 4860 2565 13759 4861 391 13760 4862 391 13761 4862 2565 13762 4861 364 13763 4863 376 13764 4864 323 13765 4865 377 13766 4866 377 13767 4866 323 13768 4865 322 13769 4867 377 13770 4866 322 13771 4867 2566 13772 4868 323 13773 4865 376 13774 4864 324 13775 4869 324 13776 4869 376 13777 4864 375 13778 4870 324 13779 4869 375 13780 4870 325 13781 4871 325 13782 4871 375 13783 4870 374 13784 4872 325 13785 4871 374 13786 4872 326 13787 4873 326 13788 4873 374 13789 4872 373 13790 4874 326 13791 4873 373 13792 4874 327 13793 4875 327 13794 4875 373 13795 4874 372 13796 4876 327 13797 4875 372 13798 4876 328 13799 4877 328 13800 4877 372 13801 4876 371 13802 4878 328 13803 4877 371 13804 4878 370 13805 4879 328 13806 4877 370 13807 4879 329 13808 4880 329 13809 4880 370 13810 4879 369 13811 4881 329 13812 4880 369 13813 4881 330 13814 4882 330 13815 4882 369 13816 4881 368 13817 4883 330 13818 4882 368 13819 4883 331 13820 4884 331 13821 4884 368 13822 4883 367 13823 4885 331 13824 4884 367 13825 4885 332 13826 4886 332 13827 4886 367 13828 4885 366 13829 4887 332 13830 4886 366 13831 4887 333 13832 4888 333 13833 4888 366 13834 4887 365 13835 4889 333 13836 4888 365 13837 4889 334 13838 4890 334 13839 4890 365 13840 4889 364 13841 4891 334 13842 4890 364 13843 4891 335 13844 4892 335 13845 4892 364 13846 4891 2577 13847 4893 2577 13848 4893 364 13849 4891 2565 13850 4894 2577 13851 4893 2565 13852 4894 2576 13853 4895 2576 13854 4895 2565 13855 4894 2564 13856 4896 2576 13857 4895 2564 13858 4896 2575 13859 4897 2575 13860 4897 2564 13861 4896 2563 13862 4898 2575 13863 4897 2563 13864 4898 2574 13865 4899 2574 13866 4899 2563 13867 4898 2562 13868 4900 2574 13869 4899 2562 13870 4900 2573 13871 4901 2573 13872 4901 2562 13873 4900 2561 13874 4902 2573 13875 4901 2561 13876 4902 2572 13877 4903 2572 13878 4903 2561 13879 4902 2560 13880 4904 2572 13881 4903 2560 13882 4904 2559 13883 4905 2572 13884 4903 2559 13885 4905 2571 13886 4906 2571 13887 4906 2559 13888 4905 2558 13889 4907 2571 13890 4906 2558 13891 4907 2570 13892 4908 2570 13893 4908 2558 13894 4907 2557 13895 4909 2570 13896 4908 2557 13897 4909 2569 13898 4910 2569 13899 4910 2557 13900 4909 2556 13901 4911 2569 13902 4910 2556 13903 4911 2568 13904 4912 2568 13905 4912 2556 13906 4911 2555 13907 4913 2568 13908 4912 2555 13909 4913 2567 13910 4914 2567 13911 4914 2555 13912 4913 2554 13913 4915 2567 13914 4914 2554 13915 4915 2566 13916 4868 2566 13917 4868 2554 13918 4915 377 13919 4866 350 13920 4916 349 13921 4917 2025 13922 4918 2025 13923 4918 349 13924 4917 2578 13925 4919 2025 13926 4918 2578 13927 4919 2026 13928 4920 2026 13929 4920 2578 13930 4919 2579 13931 4921 2026 13932 4920 2579 13933 4921 2027 13934 4922 2027 13935 4922 2579 13936 4921 2580 13937 4923 2027 13938 4922 2580 13939 4923 2028 13940 4924 2028 13941 4924 2580 13942 4923 2581 13943 4925 2028 13944 4924 2581 13945 4925 2029 13946 4926 2029 13947 4926 2581 13948 4925 2582 13949 4927 2029 13950 4926 2582 13951 4927 2030 13952 4928 2030 13953 4928 2582 13954 4927 2583 13955 4929 2030 13956 4928 2583 13957 4929 2031 13958 4930 2031 13959 4930 2583 13960 4929 2584 13961 4931 2031 13962 4930 2584 13963 4931 2032 13964 4932 2032 13965 4932 2584 13966 4931 2585 13967 4933 2032 13968 4932 2585 13969 4933 2033 13970 4934 2033 13971 4934 2585 13972 4933 2586 13973 4935 2033 13974 4934 2586 13975 4935 2034 13976 4936 2034 13977 4936 2586 13978 4935 2587 13979 4937 2034 13980 4936 2587 13981 4937 2035 13982 4938 2035 13983 4938 2587 13984 4937 2588 13985 4939 2035 13986 4938 2588 13987 4939 2036 13988 4940 2036 13989 4940 2588 13990 4939 2589 13991 4941 2036 13992 4940 2589 13993 4941 363 13994 4942 363 13995 4942 2589 13996 4941 336 13997 4943 348 13998 4944 239 13999 4945 349 14000 4946 349 14001 4946 239 14002 4945 238 14003 4947 349 14004 4946 238 14005 4947 2590 14006 4948 239 14007 4945 348 14008 4944 240 14009 4949 240 14010 4949 348 14011 4944 347 14012 4950 240 14013 4949 347 14014 4950 241 14015 4951 241 14016 4951 347 14017 4950 346 14018 4952 241 14019 4951 346 14020 4952 242 14021 4953 242 14022 4953 346 14023 4952 345 14024 4954 242 14025 4953 345 14026 4954 243 14027 4955 243 14028 4955 345 14029 4954 344 14030 4956 243 14031 4955 344 14032 4956 244 14033 4957 244 14034 4957 344 14035 4956 343 14036 4958 244 14037 4957 343 14038 4958 342 14039 4959 244 14040 4957 342 14041 4959 245 14042 4960 245 14043 4960 342 14044 4959 341 14045 4961 245 14046 4960 341 14047 4961 246 14048 4962 246 14049 4962 341 14050 4961 340 14051 4963 246 14052 4962 340 14053 4963 247 14054 4964 247 14055 4964 340 14056 4963 339 14057 4965 247 14058 4964 339 14059 4965 248 14060 4966 248 14061 4966 339 14062 4965 338 14063 4967 248 14064 4966 338 14065 4967 249 14066 4968 249 14067 4968 338 14068 4967 337 14069 4969 249 14070 4968 337 14071 4969 250 14072 4970 250 14073 4970 337 14074 4969 336 14075 4971 250 14076 4970 336 14077 4971 251 14078 4972 251 14079 4972 336 14080 4971 2601 14081 4973 2601 14082 4973 336 14083 4971 2589 14084 4974 2601 14085 4973 2589 14086 4974 2600 14087 4975 2600 14088 4975 2589 14089 4974 2588 14090 4976 2600 14091 4975 2588 14092 4976 2599 14093 4977 2599 14094 4977 2588 14095 4976 2587 14096 4978 2599 14097 4977 2587 14098 4978 2598 14099 4979 2598 14100 4979 2587 14101 4978 2586 14102 4980 2598 14103 4979 2586 14104 4980 2597 14105 4981 2597 14106 4981 2586 14107 4980 2585 14108 4982 2597 14109 4981 2585 14110 4982 2596 14111 4983 2596 14112 4983 2585 14113 4982 2584 14114 4984 2596 14115 4983 2584 14116 4984 2583 14117 4985 2596 14118 4983 2583 14119 4985 2595 14120 4986 2595 14121 4986 2583 14122 4985 2582 14123 4987 2595 14124 4986 2582 14125 4987 2594 14126 4988 2594 14127 4988 2582 14128 4987 2581 14129 4989 2594 14130 4988 2581 14131 4989 2593 14132 4990 2593 14133 4990 2581 14134 4989 2580 14135 4991 2593 14136 4990 2580 14137 4991 2592 14138 4992 2592 14139 4992 2580 14140 4991 2579 14141 4993 2592 14142 4992 2579 14143 4993 2591 14144 4994 2591 14145 4994 2579 14146 4993 2578 14147 4995 2591 14148 4994 2578 14149 4995 2590 14150 4948 2590 14151 4948 2578 14152 4995 349 14153 4946 322 14154 4996 321 14155 4997 2566 14156 4998 2566 14157 4998 321 14158 4997 2471 14159 4999 2566 14160 4998 2471 14161 4999 2567 14162 5000 2567 14163 5000 2471 14164 4999 2470 14165 5001 2567 14166 5000 2470 14167 5001 2568 14168 5002 2568 14169 5002 2470 14170 5001 2469 14171 5003 2568 14172 5002 2469 14173 5003 2569 14174 5004 2569 14175 5004 2469 14176 5003 2468 14177 5005 2569 14178 5004 2468 14179 5005 2570 14180 5006 2570 14181 5006 2468 14182 5005 2467 14183 5007 2570 14184 5006 2467 14185 5007 2571 14186 5008 2571 14187 5008 2467 14188 5007 2466 14189 5009 2571 14190 5008 2466 14191 5009 2572 14192 5010 2572 14193 5010 2466 14194 5009 2465 14195 5011 2572 14196 5010 2465 14197 5011 2573 14198 5012 2573 14199 5012 2465 14200 5011 2464 14201 5013 2573 14202 5012 2464 14203 5013 2574 14204 5014 2574 14205 5014 2464 14206 5013 2463 14207 5015 2574 14208 5014 2463 14209 5015 2575 14210 5016 2575 14211 5016 2463 14212 5015 2462 14213 5017 2575 14214 5016 2462 14215 5017 2576 14216 5018 2576 14217 5018 2462 14218 5017 2461 14219 5019 2576 14220 5018 2461 14221 5019 2577 14222 5020 2577 14223 5020 2461 14224 5019 2460 14225 5021 2577 14226 5020 2460 14227 5021 335 14228 5022 335 14229 5022 2460 14230 5021 308 14231 5023 294 14232 5024 293 14233 5025 2542 14234 5026 2542 14235 5026 293 14236 5025 2459 14237 5027 2542 14238 5026 2459 14239 5027 2543 14240 5028 2543 14241 5028 2459 14242 5027 2458 14243 5029 2543 14244 5028 2458 14245 5029 2544 14246 5030 2544 14247 5030 2458 14248 5029 2457 14249 5031 2544 14250 5030 2457 14251 5031 2545 14252 5032 2545 14253 5032 2457 14254 5031 2456 14255 5033 2545 14256 5032 2456 14257 5033 2546 14258 5034 2546 14259 5034 2456 14260 5033 2455 14261 5035 2546 14262 5034 2455 14263 5035 2547 14264 5036 2547 14265 5036 2455 14266 5035 2454 14267 5037 2547 14268 5036 2454 14269 5037 2548 14270 5038 2548 14271 5038 2454 14272 5037 2453 14273 5039 2548 14274 5038 2453 14275 5039 2549 14276 5040 2549 14277 5040 2453 14278 5039 2452 14279 5041 2549 14280 5040 2452 14281 5041 2550 14282 5042 2550 14283 5042 2452 14284 5041 2451 14285 5043 2550 14286 5042 2451 14287 5043 2551 14288 5044 2551 14289 5044 2451 14290 5043 2450 14291 5045 2551 14292 5044 2450 14293 5045 2552 14294 5046 2552 14295 5046 2450 14296 5045 2449 14297 5047 2552 14298 5046 2449 14299 5047 2553 14300 5048 2553 14301 5048 2449 14302 5047 2448 14303 5049 2553 14304 5048 2448 14305 5049 307 14306 5050 307 14307 5050 2448 14308 5049 280 14309 5051 266 14310 5052 265 14311 5053 2518 14312 5054 2518 14313 5054 265 14314 5053 2447 14315 5055 2518 14316 5054 2447 14317 5055 2519 14318 5056 2519 14319 5056 2447 14320 5055 2446 14321 5057 2519 14322 5056 2446 14323 5057 2520 14324 5058 2520 14325 5058 2446 14326 5057 2445 14327 5059 2520 14328 5058 2445 14329 5059 2521 14330 5060 2521 14331 5060 2445 14332 5059 2444 14333 5061 2521 14334 5060 2444 14335 5061 2522 14336 5062 2522 14337 5062 2444 14338 5061 2443 14339 5063 2522 14340 5062 2443 14341 5063 2523 14342 5064 2523 14343 5064 2443 14344 5063 2442 14345 5065 2523 14346 5064 2442 14347 5065 2524 14348 5066 2524 14349 5066 2442 14350 5065 2441 14351 5067 2524 14352 5066 2441 14353 5067 2525 14354 5068 2525 14355 5068 2441 14356 5067 2440 14357 5069 2525 14358 5068 2440 14359 5069 2526 14360 5070 2526 14361 5070 2440 14362 5069 2439 14363 5071 2526 14364 5070 2439 14365 5071 2527 14366 5072 2527 14367 5072 2439 14368 5071 2438 14369 5073 2527 14370 5072 2438 14371 5073 2528 14372 5074 2528 14373 5074 2438 14374 5073 2437 14375 5075 2528 14376 5074 2437 14377 5075 2529 14378 5076 2529 14379 5076 2437 14380 5075 2436 14381 5077 2529 14382 5076 2436 14383 5077 279 14384 5078 279 14385 5078 2436 14386 5077 252 14387 5079 238 14388 5080 237 14389 5081 2590 14390 5082 2590 14391 5082 237 14392 5081 2602 14393 5083 2590 14394 5082 2602 14395 5083 2591 14396 5084 2591 14397 5084 2602 14398 5083 2603 14399 5085 2591 14400 5084 2603 14401 5085 2592 14402 5086 2592 14403 5086 2603 14404 5085 2604 14405 5087 2592 14406 5086 2604 14407 5087 2593 14408 5088 2593 14409 5088 2604 14410 5087 2605 14411 5089 2593 14412 5088 2605 14413 5089 2594 14414 5090 2594 14415 5090 2605 14416 5089 2606 14417 5091 2594 14418 5090 2606 14419 5091 2595 14420 5092 2595 14421 5092 2606 14422 5091 2607 14423 5093 2595 14424 5092 2607 14425 5093 2596 14426 5094 2596 14427 5094 2607 14428 5093 2608 14429 5095 2596 14430 5094 2608 14431 5095 2597 14432 5096 2597 14433 5096 2608 14434 5095 2609 14435 5097 2597 14436 5096 2609 14437 5097 2598 14438 5098 2598 14439 5098 2609 14440 5097 2610 14441 5099 2598 14442 5098 2610 14443 5099 2599 14444 5100 2599 14445 5100 2610 14446 5099 2611 14447 5101 2599 14448 5100 2611 14449 5101 2600 14450 5102 2600 14451 5102 2611 14452 5101 2612 14453 5103 2600 14454 5102 2612 14455 5103 2601 14456 5104 2601 14457 5104 2612 14458 5103 2613 14459 5105 2601 14460 5104 2613 14461 5105 251 14462 5106 251 14463 5106 2613 14464 5105 224 14465 5107 2613 14466 5108 2602 14467 5109 224 14468 5110 224 14469 5110 2602 14470 5109 237 14471 5111 224 14472 5110 237 14473 5111 225 14474 5112 225 14475 5112 237 14476 5111 236 14477 5113 225 14478 5112 236 14479 5113 226 14480 5114 226 14481 5114 236 14482 5113 235 14483 5115 226 14484 5114 235 14485 5115 227 14486 5116 227 14487 5116 235 14488 5115 234 14489 5117 227 14490 5116 234 14491 5117 228 14492 5118 228 14493 5118 234 14494 5117 233 14495 5119 228 14496 5118 233 14497 5119 229 14498 5120 229 14499 5120 233 14500 5119 232 14501 5121 229 14502 5120 232 14503 5121 230 14504 5122 230 14505 5122 232 14506 5121 231 14507 5123 2602 14508 5109 2613 14509 5108 2603 14510 5124 2603 14511 5124 2613 14512 5108 2612 14513 5125 2603 14514 5124 2612 14515 5125 2604 14516 5126 2604 14517 5126 2612 14518 5125 2611 14519 5127 2604 14520 5126 2611 14521 5127 2605 14522 5128 2605 14523 5128 2611 14524 5127 2610 14525 5129 2605 14526 5128 2610 14527 5129 2606 14528 5130 2606 14529 5130 2610 14530 5129 2609 14531 5131 2606 14532 5130 2609 14533 5131 2607 14534 5132 2607 14535 5132 2609 14536 5131 2608 14537 5133 1904 14538 5134 2189 14539 5135 1905 14540 5136 1905 14541 5136 2189 14542 5135 2188 14543 5137 1905 14544 5136 2188 14545 5137 1906 14546 5138 1906 14547 5138 2188 14548 5137 2187 14549 5139 1906 14550 5138 2187 14551 5139 1907 14552 5140 1907 14553 5140 2187 14554 5139 2186 14555 5141 1907 14556 5140 2186 14557 5141 1908 14558 5142 1908 14559 5142 2186 14560 5141 2185 14561 5143 1908 14562 5142 2185 14563 5143 1909 14564 5144 1909 14565 5144 2185 14566 5143 2184 14567 5145 1909 14568 5144 2184 14569 5145 1910 14570 5146 1910 14571 5146 2184 14572 5145 2183 14573 5147 1910 14574 5146 2183 14575 5147 1882 14576 5148 1882 14577 5148 2183 14578 5147 1883 14579 5149 2189 14580 5150 1904 14581 5151 2492 14582 5152 2492 14583 5152 1904 14584 5151 1903 14585 5153 2492 14586 5152 1903 14587 5153 2493 14588 5154 2493 14589 5154 1903 14590 5153 1902 14591 5155 2493 14592 5154 1902 14593 5155 2494 14594 5156 2494 14595 5156 1902 14596 5155 1901 14597 5157 2494 14598 5156 1901 14599 5157 2495 14600 5158 2495 14601 5158 1901 14602 5157 1900 14603 5159 2495 14604 5158 1900 14605 5159 2496 14606 5160 2496 14607 5160 1900 14608 5159 1899 14609 5161 2496 14610 5160 1899 14611 5161 2497 14612 5162 2497 14613 5162 1899 14614 5161 1898 14615 5163 2497 14616 5162 1898 14617 5163 1171 14618 5164 1171 14619 5164 1898 14620 5163 1837 14621 5165 1874 14622 5166 2200 14623 5167 1875 14624 5168 1875 14625 5168 2200 14626 5167 2503 14627 5169 1875 14628 5168 2503 14629 5169 1876 14630 5170 1876 14631 5170 2503 14632 5169 2502 14633 5171 1876 14634 5170 2502 14635 5171 1877 14636 5172 1877 14637 5172 2502 14638 5171 2501 14639 5173 1877 14640 5172 2501 14641 5173 1878 14642 5174 1878 14643 5174 2501 14644 5173 2500 14645 5175 1878 14646 5174 2500 14647 5175 1879 14648 5176 1879 14649 5176 2500 14650 5175 2499 14651 5177 1879 14652 5176 2499 14653 5177 1880 14654 5178 1880 14655 5178 2499 14656 5177 2498 14657 5179 1880 14658 5178 2498 14659 5179 1840 14660 5180 1840 14661 5180 2498 14662 5179 1147 14663 5181 2200 14664 5182 1874 14665 5183 2201 14666 5184 2201 14667 5184 1874 14668 5183 1873 14669 5185 2201 14670 5184 1873 14671 5185 2202 14672 5186 2202 14673 5186 1873 14674 5185 1872 14675 5187 2202 14676 5186 1872 14677 5187 2203 14678 5188 2203 14679 5188 1872 14680 5187 1871 14681 5189 2203 14682 5188 1871 14683 5189 2204 14684 5190 2204 14685 5190 1871 14686 5189 1870 14687 5191 2204 14688 5190 1870 14689 5191 2205 14690 5192 2205 14691 5192 1870 14692 5191 1869 14693 5193 2205 14694 5192 1869 14695 5193 2206 14696 5194 2206 14697 5194 1869 14698 5193 1868 14699 5195 2206 14700 5194 1868 14701 5195 1884 14702 5196 1884 14703 5196 1868 14704 5195 1867 14705 5197 1830 14706 5198 2018 14707 5199 1831 14708 5200 1831 14709 5200 2018 14710 5199 2199 14711 5201 1831 14712 5200 2199 14713 5201 1832 14714 5202 1832 14715 5202 2199 14716 5201 2198 14717 5203 1832 14718 5202 2198 14719 5203 1833 14720 5204 1833 14721 5204 2198 14722 5203 2197 14723 5205 1833 14724 5204 2197 14725 5205 1834 14726 5206 1834 14727 5206 2197 14728 5205 2196 14729 5207 1834 14730 5206 2196 14731 5207 1835 14732 5208 1835 14733 5208 2196 14734 5207 2195 14735 5209 1835 14736 5208 2195 14737 5209 1836 14738 5210 1836 14739 5210 2195 14740 5209 2194 14741 5211 1836 14742 5210 2194 14743 5211 1809 14744 5212 1809 14745 5212 2194 14746 5211 1810 14747 5213 2018 14748 5214 1830 14749 5215 2019 14750 5216 2019 14751 5216 1830 14752 5215 1829 14753 5217 2019 14754 5216 1829 14755 5217 2020 14756 5218 2020 14757 5218 1829 14758 5217 1828 14759 5219 2020 14760 5218 1828 14761 5219 2021 14762 5220 2021 14763 5220 1828 14764 5219 1827 14765 5221 2021 14766 5220 1827 14767 5221 2022 14768 5222 2022 14769 5222 1827 14770 5221 1826 14771 5223 2022 14772 5222 1826 14773 5223 2023 14774 5224 2023 14775 5224 1826 14776 5223 1825 14777 5225 2023 14778 5224 1825 14779 5225 2024 14780 5226 2024 14781 5226 1825 14782 5225 1824 14783 5227 2024 14784 5226 1824 14785 5227 1807 14786 5228 1807 14787 5228 1824 14788 5227 1805 14789 5229 208 14790 5230 479 14791 5231 209 14792 5232 209 14793 5232 479 14794 5231 478 14795 5233 209 14796 5232 478 14797 5233 2167 14798 5234 479 14799 5231 208 14800 5230 480 14801 5235 480 14802 5235 208 14803 5230 207 14804 5236 480 14805 5235 207 14806 5236 481 14807 5237 481 14808 5237 207 14809 5236 206 14810 5238 481 14811 5237 206 14812 5238 482 14813 5239 482 14814 5239 206 14815 5238 205 14816 5240 482 14817 5239 205 14818 5240 483 14819 5241 483 14820 5241 205 14821 5240 204 14822 5242 483 14823 5241 204 14824 5242 484 14825 5243 484 14826 5243 204 14827 5242 203 14828 5244 484 14829 5243 203 14830 5244 202 14831 5245 484 14832 5243 202 14833 5245 485 14834 5246 485 14835 5246 202 14836 5245 201 14837 5247 485 14838 5246 201 14839 5247 486 14840 5248 486 14841 5248 201 14842 5247 200 14843 5249 486 14844 5248 200 14845 5249 487 14846 5250 487 14847 5250 200 14848 5249 199 14849 5251 487 14850 5250 199 14851 5251 488 14852 5252 488 14853 5252 199 14854 5251 198 14855 5253 488 14856 5252 198 14857 5253 489 14858 5254 489 14859 5254 198 14860 5253 197 14861 5255 489 14862 5254 197 14863 5255 490 14864 5256 490 14865 5256 197 14866 5255 196 14867 5257 490 14868 5256 196 14869 5257 491 14870 5258 491 14871 5258 196 14872 5257 2156 14873 5259 2156 14874 5259 196 14875 5257 2614 14876 5260 2156 14877 5259 2614 14878 5260 2157 14879 5261 2157 14880 5261 2614 14881 5260 2615 14882 5262 2157 14883 5261 2615 14884 5262 2158 14885 5263 2158 14886 5263 2615 14887 5262 2616 14888 5264 2158 14889 5263 2616 14890 5264 2159 14891 5265 2159 14892 5265 2616 14893 5264 2617 14894 5266 2159 14895 5265 2617 14896 5266 2160 14897 5267 2160 14898 5267 2617 14899 5266 2618 14900 5268 2160 14901 5267 2618 14902 5268 2161 14903 5269 2161 14904 5269 2618 14905 5268 2619 14906 5270 2161 14907 5269 2619 14908 5270 2620 14909 5271 2161 14910 5269 2620 14911 5271 2162 14912 5272 2162 14913 5272 2620 14914 5271 2621 14915 5273 2162 14916 5272 2621 14917 5273 2163 14918 5274 2163 14919 5274 2621 14920 5273 2622 14921 5275 2163 14922 5274 2622 14923 5275 2164 14924 5276 2164 14925 5276 2622 14926 5275 2623 14927 5277 2164 14928 5276 2623 14929 5277 2165 14930 5278 2165 14931 5278 2623 14932 5277 2624 14933 5279 2165 14934 5278 2624 14935 5279 2166 14936 5280 2166 14937 5280 2624 14938 5279 2625 14939 5281 2166 14940 5280 2625 14941 5281 2167 14942 5234 2167 14943 5234 2625 14944 5281 209 14945 5232 210 14946 5282 209 14947 5283 2356 14948 5284 2356 14949 5284 209 14950 5283 2625 14951 5285 2356 14952 5284 2625 14953 5285 2357 14954 5286 2357 14955 5286 2625 14956 5285 2624 14957 5287 2357 14958 5286 2624 14959 5287 2358 14960 5288 2358 14961 5288 2624 14962 5287 2623 14963 5289 2358 14964 5288 2623 14965 5289 2359 14966 5290 2359 14967 5290 2623 14968 5289 2622 14969 5291 2359 14970 5290 2622 14971 5291 2360 14972 5292 2360 14973 5292 2622 14974 5291 2621 14975 5293 2360 14976 5292 2621 14977 5293 2361 14978 5294 2361 14979 5294 2621 14980 5293 2620 14981 5295 2361 14982 5294 2620 14983 5295 2362 14984 5296 2362 14985 5296 2620 14986 5295 2619 14987 5297 2362 14988 5296 2619 14989 5297 2363 14990 5298 2363 14991 5298 2619 14992 5297 2618 14993 5299 2363 14994 5298 2618 14995 5299 2364 14996 5300 2364 14997 5300 2618 14998 5299 2617 14999 5301 2364 15000 5300 2617 15001 5301 2365 15002 5302 2365 15003 5302 2617 15004 5301 2616 15005 5303 2365 15006 5302 2616 15007 5303 2366 15008 5304 2366 15009 5304 2616 15010 5303 2615 15011 5305 2366 15012 5304 2615 15013 5305 2367 15014 5306 2367 15015 5306 2615 15016 5305 2614 15017 5307 2367 15018 5306 2614 15019 5307 223 15020 5308 223 15021 5308 2614 15022 5307 196 15023 5309 180 15024 5310 507 15025 5311 181 15026 5312 181 15027 5312 507 15028 5311 506 15029 5313 181 15030 5312 506 15031 5313 2143 15032 5314 507 15033 5311 180 15034 5310 508 15035 5315 508 15036 5315 180 15037 5310 179 15038 5316 508 15039 5315 179 15040 5316 509 15041 5317 509 15042 5317 179 15043 5316 178 15044 5318 509 15045 5317 178 15046 5318 510 15047 5319 510 15048 5319 178 15049 5318 177 15050 5320 510 15051 5319 177 15052 5320 511 15053 5321 511 15054 5321 177 15055 5320 176 15056 5322 511 15057 5321 176 15058 5322 512 15059 5323 512 15060 5323 176 15061 5322 175 15062 5324 512 15063 5323 175 15064 5324 174 15065 5325 512 15066 5323 174 15067 5325 513 15068 5326 513 15069 5326 174 15070 5325 173 15071 5327 513 15072 5326 173 15073 5327 514 15074 5328 514 15075 5328 173 15076 5327 172 15077 5329 514 15078 5328 172 15079 5329 515 15080 5330 515 15081 5330 172 15082 5329 171 15083 5331 515 15084 5330 171 15085 5331 516 15086 5332 516 15087 5332 171 15088 5331 170 15089 5333 516 15090 5332 170 15091 5333 517 15092 5334 517 15093 5334 170 15094 5333 169 15095 5335 517 15096 5334 169 15097 5335 518 15098 5336 518 15099 5336 169 15100 5335 168 15101 5337 518 15102 5336 168 15103 5337 519 15104 5338 519 15105 5338 168 15106 5337 2132 15107 5339 2132 15108 5339 168 15109 5337 2626 15110 5340 2132 15111 5339 2626 15112 5340 2133 15113 5341 2133 15114 5341 2626 15115 5340 2627 15116 5342 2133 15117 5341 2627 15118 5342 2134 15119 5343 2134 15120 5343 2627 15121 5342 2628 15122 5344 2134 15123 5343 2628 15124 5344 2135 15125 5345 2135 15126 5345 2628 15127 5344 2629 15128 5346 2135 15129 5345 2629 15130 5346 2136 15131 5347 2136 15132 5347 2629 15133 5346 2630 15134 5348 2136 15135 5347 2630 15136 5348 2137 15137 5349 2137 15138 5349 2630 15139 5348 2631 15140 5350 2137 15141 5349 2631 15142 5350 2632 15143 5351 2137 15144 5349 2632 15145 5351 2138 15146 5352 2138 15147 5352 2632 15148 5351 2633 15149 5353 2138 15150 5352 2633 15151 5353 2139 15152 5354 2139 15153 5354 2633 15154 5353 2634 15155 5355 2139 15156 5354 2634 15157 5355 2140 15158 5356 2140 15159 5356 2634 15160 5355 2635 15161 5357 2140 15162 5356 2635 15163 5357 2141 15164 5358 2141 15165 5358 2635 15166 5357 2636 15167 5359 2141 15168 5358 2636 15169 5359 2142 15170 5360 2142 15171 5360 2636 15172 5359 2637 15173 5361 2142 15174 5360 2637 15175 5361 2143 15176 5314 2143 15177 5314 2637 15178 5361 181 15179 5312 182 15180 5362 181 15181 5363 2368 15182 5364 2368 15183 5364 181 15184 5363 2637 15185 5365 2368 15186 5364 2637 15187 5365 2369 15188 5366 2369 15189 5366 2637 15190 5365 2636 15191 5367 2369 15192 5366 2636 15193 5367 2370 15194 5368 2370 15195 5368 2636 15196 5367 2635 15197 5369 2370 15198 5368 2635 15199 5369 2371 15200 5370 2371 15201 5370 2635 15202 5369 2634 15203 5371 2371 15204 5370 2634 15205 5371 2372 15206 5372 2372 15207 5372 2634 15208 5371 2633 15209 5373 2372 15210 5372 2633 15211 5373 2373 15212 5374 2373 15213 5374 2633 15214 5373 2632 15215 5375 2373 15216 5374 2632 15217 5375 2374 15218 5376 2374 15219 5376 2632 15220 5375 2631 15221 5377 2374 15222 5376 2631 15223 5377 2375 15224 5378 2375 15225 5378 2631 15226 5377 2630 15227 5379 2375 15228 5378 2630 15229 5379 2376 15230 5380 2376 15231 5380 2630 15232 5379 2629 15233 5381 2376 15234 5380 2629 15235 5381 2377 15236 5382 2377 15237 5382 2629 15238 5381 2628 15239 5383 2377 15240 5382 2628 15241 5383 2378 15242 5384 2378 15243 5384 2628 15244 5383 2627 15245 5385 2378 15246 5384 2627 15247 5385 2379 15248 5386 2379 15249 5386 2627 15250 5385 2626 15251 5387 2379 15252 5386 2626 15253 5387 195 15254 5388 195 15255 5388 2626 15256 5387 168 15257 5389 152 15258 5390 535 15259 5391 153 15260 5392 153 15261 5392 535 15262 5391 534 15263 5393 153 15264 5392 534 15265 5393 2119 15266 5394 535 15267 5391 152 15268 5390 536 15269 5395 536 15270 5395 152 15271 5390 151 15272 5396 536 15273 5395 151 15274 5396 537 15275 5397 537 15276 5397 151 15277 5396 150 15278 5398 537 15279 5397 150 15280 5398 538 15281 5399 538 15282 5399 150 15283 5398 149 15284 5400 538 15285 5399 149 15286 5400 539 15287 5401 539 15288 5401 149 15289 5400 148 15290 5402 539 15291 5401 148 15292 5402 540 15293 5403 540 15294 5403 148 15295 5402 147 15296 5404 540 15297 5403 147 15298 5404 146 15299 5405 540 15300 5403 146 15301 5405 541 15302 5406 541 15303 5406 146 15304 5405 145 15305 5407 541 15306 5406 145 15307 5407 542 15308 5408 542 15309 5408 145 15310 5407 144 15311 5409 542 15312 5408 144 15313 5409 543 15314 5410 543 15315 5410 144 15316 5409 143 15317 5411 543 15318 5410 143 15319 5411 544 15320 5412 544 15321 5412 143 15322 5411 142 15323 5413 544 15324 5412 142 15325 5413 545 15326 5414 545 15327 5414 142 15328 5413 141 15329 5415 545 15330 5414 141 15331 5415 546 15332 5416 546 15333 5416 141 15334 5415 140 15335 5417 546 15336 5416 140 15337 5417 547 15338 5418 547 15339 5418 140 15340 5417 2108 15341 5419 2108 15342 5419 140 15343 5417 2638 15344 5420 2108 15345 5419 2638 15346 5420 2109 15347 5421 2109 15348 5421 2638 15349 5420 2639 15350 5422 2109 15351 5421 2639 15352 5422 2110 15353 5423 2110 15354 5423 2639 15355 5422 2640 15356 5424 2110 15357 5423 2640 15358 5424 2111 15359 5425 2111 15360 5425 2640 15361 5424 2641 15362 5426 2111 15363 5425 2641 15364 5426 2112 15365 5427 2112 15366 5427 2641 15367 5426 2642 15368 5428 2112 15369 5427 2642 15370 5428 2113 15371 5429 2113 15372 5429 2642 15373 5428 2643 15374 5430 2113 15375 5429 2643 15376 5430 2644 15377 5431 2113 15378 5429 2644 15379 5431 2114 15380 5432 2114 15381 5432 2644 15382 5431 2645 15383 5433 2114 15384 5432 2645 15385 5433 2115 15386 5434 2115 15387 5434 2645 15388 5433 2646 15389 5435 2115 15390 5434 2646 15391 5435 2116 15392 5436 2116 15393 5436 2646 15394 5435 2647 15395 5437 2116 15396 5436 2647 15397 5437 2117 15398 5438 2117 15399 5438 2647 15400 5437 2648 15401 5439 2117 15402 5438 2648 15403 5439 2118 15404 5440 2118 15405 5440 2648 15406 5439 2649 15407 5441 2118 15408 5440 2649 15409 5441 2119 15410 5394 2119 15411 5394 2649 15412 5441 153 15413 5392 154 15414 5442 153 15415 5443 2380 15416 5444 2380 15417 5444 153 15418 5443 2649 15419 5445 2380 15420 5444 2649 15421 5445 2381 15422 5446 2381 15423 5446 2649 15424 5445 2648 15425 5447 2381 15426 5446 2648 15427 5447 2382 15428 5448 2382 15429 5448 2648 15430 5447 2647 15431 5449 2382 15432 5448 2647 15433 5449 2383 15434 5450 2383 15435 5450 2647 15436 5449 2646 15437 5451 2383 15438 5450 2646 15439 5451 2384 15440 5452 2384 15441 5452 2646 15442 5451 2645 15443 5453 2384 15444 5452 2645 15445 5453 2385 15446 5454 2385 15447 5454 2645 15448 5453 2644 15449 5455 2385 15450 5454 2644 15451 5455 2386 15452 5456 2386 15453 5456 2644 15454 5455 2643 15455 5457 2386 15456 5456 2643 15457 5457 2387 15458 5458 2387 15459 5458 2643 15460 5457 2642 15461 5459 2387 15462 5458 2642 15463 5459 2388 15464 5460 2388 15465 5460 2642 15466 5459 2641 15467 5461 2388 15468 5460 2641 15469 5461 2389 15470 5462 2389 15471 5462 2641 15472 5461 2640 15473 5463 2389 15474 5462 2640 15475 5463 2390 15476 5464 2390 15477 5464 2640 15478 5463 2639 15479 5465 2390 15480 5464 2639 15481 5465 2391 15482 5466 2391 15483 5466 2639 15484 5465 2638 15485 5467 2391 15486 5466 2638 15487 5467 167 15488 5468 167 15489 5468 2638 15490 5467 140 15491 5469 126 15492 5470 125 15493 5471 2257 15494 5472 2257 15495 5472 125 15496 5471 2320 15497 5473 2257 15498 5472 2320 15499 5473 2258 15500 5474 2258 15501 5474 2320 15502 5473 2319 15503 5475 2258 15504 5474 2319 15505 5475 2259 15506 5476 2259 15507 5476 2319 15508 5475 2318 15509 5477 2259 15510 5476 2318 15511 5477 2260 15512 5478 2260 15513 5478 2318 15514 5477 2317 15515 5479 2260 15516 5478 2317 15517 5479 2261 15518 5480 2261 15519 5480 2317 15520 5479 2316 15521 5481 2261 15522 5480 2316 15523 5481 2262 15524 5482 2262 15525 5482 2316 15526 5481 2315 15527 5483 2262 15528 5482 2315 15529 5483 2263 15530 5484 2263 15531 5484 2315 15532 5483 2314 15533 5485 2263 15534 5484 2314 15535 5485 2264 15536 5486 2264 15537 5486 2314 15538 5485 2313 15539 5487 2264 15540 5486 2313 15541 5487 2265 15542 5488 2265 15543 5488 2313 15544 5487 2312 15545 5489 2265 15546 5488 2312 15547 5489 2266 15548 5490 2266 15549 5490 2312 15550 5489 2311 15551 5491 2266 15552 5490 2311 15553 5491 2267 15554 5492 2267 15555 5492 2311 15556 5491 2310 15557 5493 2267 15558 5492 2310 15559 5493 2268 15560 5494 2268 15561 5494 2310 15562 5493 2309 15563 5495 2268 15564 5494 2309 15565 5495 139 15566 5496 139 15567 5496 2309 15568 5495 112 15569 5497 2077 15570 5498 550 15571 5499 2650 15572 5500 2650 15573 5500 550 15574 5499 549 15575 5501 2650 15576 5500 549 15577 5501 548 15578 5502 2095 15579 5503 555 15580 5504 2077 15581 5498 2077 15582 5498 555 15583 5504 554 15584 5505 2077 15585 5498 554 15586 5505 553 15587 5506 2169 15588 5507 561 15589 5508 2095 15590 5503 2095 15591 5503 561 15592 5508 560 15593 5509 2095 15594 5503 560 15595 5509 559 15596 5510 2168 15597 5511 2052 15598 5512 2169 15599 5507 2169 15600 5507 2052 15601 5512 2051 15602 5513 2169 15603 5507 2051 15604 5513 2050 15605 5514 2651 15606 5515 2055 15607 5516 2168 15608 5511 2168 15609 5511 2055 15610 5516 2054 15611 5517 2168 15612 5511 2054 15613 5517 2053 15614 5518 2651 15615 5515 2652 15616 5519 2055 15617 5516 2055 15618 5516 2652 15619 5519 2056 15620 5520 2056 15621 5520 2652 15622 5519 2653 15623 5521 2056 15624 5520 2653 15625 5521 2057 15626 5522 2057 15627 5522 2653 15628 5521 2654 15629 5523 2057 15630 5522 2654 15631 5523 2058 15632 5524 2058 15633 5524 2654 15634 5523 2655 15635 5525 2058 15636 5524 2655 15637 5525 2059 15638 5526 2059 15639 5526 2655 15640 5525 2656 15641 5527 2059 15642 5526 2656 15643 5527 2060 15644 5528 2060 15645 5528 2656 15646 5527 2650 15647 5500 2060 15648 5528 2650 15649 5500 548 15650 5502 2053 15651 5518 2052 15652 5512 2168 15653 5511 2050 15654 5514 2049 15655 5529 2169 15656 5507 2169 15657 5507 2049 15658 5529 561 15659 5508 559 15660 5510 558 15661 5530 2095 15662 5503 2095 15663 5503 558 15664 5530 557 15665 5531 2095 15666 5503 557 15667 5531 556 15668 5532 556 15669 5532 555 15670 5504 2095 15671 5503 553 15672 5506 552 15673 5533 2077 15674 5498 2077 15675 5498 552 15676 5533 551 15677 5534 2077 15678 5498 551 15679 5534 550 15680 5499 2302 15681 5535 2078 15682 5536 2650 15683 5537 2650 15684 5537 2078 15685 5536 2077 15686 5538 2168 15687 5539 2193 15688 5540 2651 15689 5541 2651 15690 5541 2193 15691 5540 2308 15692 5542 2651 15693 5541 2308 15694 5542 2652 15695 5543 2652 15696 5543 2308 15697 5542 2307 15698 5544 2652 15699 5543 2307 15700 5544 2653 15701 5545 2653 15702 5545 2307 15703 5544 2306 15704 5546 2653 15705 5545 2306 15706 5546 2654 15707 5547 2654 15708 5547 2306 15709 5546 2305 15710 5548 2654 15711 5547 2305 15712 5548 2655 15713 5549 2655 15714 5549 2305 15715 5548 2304 15716 5550 2655 15717 5549 2304 15718 5550 2656 15719 5551 2656 15720 5551 2304 15721 5550 2303 15722 5552 2656 15723 5551 2303 15724 5552 2650 15725 5553 2650 15726 5553 2303 15727 5552 2302 15728 5554 96 15729 5555 43 15730 5556 97 15731 5557 97 15732 5557 43 15733 5556 42 15734 5558 97 15735 5557 42 15736 5558 2669 15737 5559 43 15738 5556 96 15739 5555 44 15740 5560 44 15741 5560 96 15742 5555 95 15743 5561 44 15744 5560 95 15745 5561 45 15746 5562 45 15747 5562 95 15748 5561 94 15749 5563 45 15750 5562 94 15751 5563 46 15752 5564 46 15753 5564 94 15754 5563 93 15755 5565 46 15756 5564 93 15757 5565 47 15758 5566 47 15759 5566 93 15760 5565 92 15761 5567 47 15762 5566 92 15763 5567 48 15764 5568 48 15765 5568 92 15766 5567 91 15767 5569 48 15768 5568 91 15769 5569 90 15770 5570 48 15771 5568 90 15772 5570 49 15773 5571 49 15774 5571 90 15775 5570 89 15776 5572 49 15777 5571 89 15778 5572 50 15779 5573 50 15780 5573 89 15781 5572 88 15782 5574 50 15783 5573 88 15784 5574 51 15785 5575 51 15786 5575 88 15787 5574 87 15788 5576 51 15789 5575 87 15790 5576 52 15791 5577 52 15792 5577 87 15793 5576 86 15794 5578 52 15795 5577 86 15796 5578 53 15797 5579 53 15798 5579 86 15799 5578 85 15800 5580 53 15801 5579 85 15802 5580 54 15803 5581 54 15804 5581 85 15805 5580 84 15806 5582 54 15807 5581 84 15808 5582 55 15809 5583 55 15810 5583 84 15811 5582 2680 15812 5584 2680 15813 5584 84 15814 5582 2657 15815 5585 2680 15816 5584 2657 15817 5585 2679 15818 5586 2679 15819 5586 2657 15820 5585 2658 15821 5587 2679 15822 5586 2658 15823 5587 2678 15824 5588 2678 15825 5588 2658 15826 5587 2659 15827 5589 2678 15828 5588 2659 15829 5589 2677 15830 5590 2677 15831 5590 2659 15832 5589 2660 15833 5591 2677 15834 5590 2660 15835 5591 2676 15836 5592 2676 15837 5592 2660 15838 5591 2661 15839 5593 2676 15840 5592 2661 15841 5593 2675 15842 5594 2675 15843 5594 2661 15844 5593 2662 15845 5595 2675 15846 5594 2662 15847 5595 2663 15848 5596 2675 15849 5594 2663 15850 5596 2674 15851 5597 2674 15852 5597 2663 15853 5596 2664 15854 5598 2674 15855 5597 2664 15856 5598 2673 15857 5599 2673 15858 5599 2664 15859 5598 2665 15860 5600 2673 15861 5599 2665 15862 5600 2672 15863 5601 2672 15864 5601 2665 15865 5600 2666 15866 5602 2672 15867 5601 2666 15868 5602 2671 15869 5603 2671 15870 5603 2666 15871 5602 2667 15872 5604 2671 15873 5603 2667 15874 5604 2670 15875 5605 2670 15876 5605 2667 15877 5604 2668 15878 5606 2670 15879 5605 2668 15880 5606 2669 15881 5559 2669 15882 5559 2668 15883 5606 97 15884 5557 98 15885 5607 97 15886 5608 2337 15887 5609 2337 15888 5609 97 15889 5608 2668 15890 5610 2337 15891 5609 2668 15892 5610 2338 15893 5611 2338 15894 5611 2668 15895 5610 2667 15896 5612 2338 15897 5611 2667 15898 5612 2339 15899 5613 2339 15900 5613 2667 15901 5612 2666 15902 5614 2339 15903 5613 2666 15904 5614 2340 15905 5615 2340 15906 5615 2666 15907 5614 2665 15908 5616 2340 15909 5615 2665 15910 5616 2341 15911 5617 2341 15912 5617 2665 15913 5616 2664 15914 5618 2341 15915 5617 2664 15916 5618 2342 15917 5619 2342 15918 5619 2664 15919 5618 2663 15920 5620 2342 15921 5619 2663 15922 5620 2343 15923 5621 2343 15924 5621 2663 15925 5620 2662 15926 5622 2343 15927 5621 2662 15928 5622 2344 15929 5623 2344 15930 5623 2662 15931 5622 2661 15932 5624 2344 15933 5623 2661 15934 5624 2345 15935 5625 2345 15936 5625 2661 15937 5624 2660 15938 5626 2345 15939 5625 2660 15940 5626 2346 15941 5627 2346 15942 5627 2660 15943 5626 2659 15944 5628 2346 15945 5627 2659 15946 5628 2347 15947 5629 2347 15948 5629 2659 15949 5628 2658 15950 5630 2347 15951 5629 2658 15952 5630 2348 15953 5631 2348 15954 5631 2658 15955 5630 2657 15956 5632 2348 15957 5631 2657 15958 5632 111 15959 5633 111 15960 5633 2657 15961 5632 84 15962 5634 68 15963 5635 563 15964 5636 69 15965 5637 69 15966 5637 563 15967 5636 562 15968 5638 69 15969 5637 562 15970 5638 2072 15971 5639 563 15972 5636 68 15973 5635 564 15974 5640 564 15975 5640 68 15976 5635 67 15977 5641 564 15978 5640 67 15979 5641 565 15980 5642 565 15981 5642 67 15982 5641 66 15983 5643 565 15984 5642 66 15985 5643 566 15986 5644 566 15987 5644 66 15988 5643 65 15989 5645 566 15990 5644 65 15991 5645 567 15992 5646 567 15993 5646 65 15994 5645 64 15995 5647 567 15996 5646 64 15997 5647 568 15998 5648 568 15999 5648 64 16000 5647 63 16001 5649 568 16002 5648 63 16003 5649 62 16004 5650 568 16005 5648 62 16006 5650 569 16007 5651 569 16008 5651 62 16009 5650 61 16010 5652 569 16011 5651 61 16012 5652 570 16013 5653 570 16014 5653 61 16015 5652 60 16016 5654 570 16017 5653 60 16018 5654 571 16019 5655 571 16020 5655 60 16021 5654 59 16022 5656 571 16023 5655 59 16024 5656 572 16025 5657 572 16026 5657 59 16027 5656 58 16028 5658 572 16029 5657 58 16030 5658 573 16031 5659 573 16032 5659 58 16033 5658 57 16034 5660 573 16035 5659 57 16036 5660 574 16037 5661 574 16038 5661 57 16039 5660 56 16040 5662 574 16041 5661 56 16042 5662 575 16043 5663 575 16044 5663 56 16045 5662 2061 16046 5664 2061 16047 5664 56 16048 5662 2681 16049 5665 2061 16050 5664 2681 16051 5665 2062 16052 5666 2062 16053 5666 2681 16054 5665 2682 16055 5667 2062 16056 5666 2682 16057 5667 2063 16058 5668 2063 16059 5668 2682 16060 5667 2683 16061 5669 2063 16062 5668 2683 16063 5669 2064 16064 5670 2064 16065 5670 2683 16066 5669 2684 16067 5671 2064 16068 5670 2684 16069 5671 2065 16070 5672 2065 16071 5672 2684 16072 5671 2685 16073 5673 2065 16074 5672 2685 16075 5673 2066 16076 5674 2066 16077 5674 2685 16078 5673 2686 16079 5675 2066 16080 5674 2686 16081 5675 2687 16082 5676 2066 16083 5674 2687 16084 5676 2067 16085 5677 2067 16086 5677 2687 16087 5676 2688 16088 5678 2067 16089 5677 2688 16090 5678 2068 16091 5679 2068 16092 5679 2688 16093 5678 2689 16094 5680 2068 16095 5679 2689 16096 5680 2069 16097 5681 2069 16098 5681 2689 16099 5680 2690 16100 5682 2069 16101 5681 2690 16102 5682 2070 16103 5683 2070 16104 5683 2690 16105 5682 2691 16106 5684 2070 16107 5683 2691 16108 5684 2071 16109 5685 2071 16110 5685 2691 16111 5684 2692 16112 5686 2071 16113 5685 2692 16114 5686 2072 16115 5639 2072 16116 5639 2692 16117 5686 69 16118 5637 70 16119 5687 69 16120 5688 2325 16121 5689 2325 16122 5689 69 16123 5688 2692 16124 5690 2325 16125 5689 2692 16126 5690 2326 16127 5691 2326 16128 5691 2692 16129 5690 2691 16130 5692 2326 16131 5691 2691 16132 5692 2327 16133 5693 2327 16134 5693 2691 16135 5692 2690 16136 5694 2327 16137 5693 2690 16138 5694 2328 16139 5695 2328 16140 5695 2690 16141 5694 2689 16142 5696 2328 16143 5695 2689 16144 5696 2329 16145 5697 2329 16146 5697 2689 16147 5696 2688 16148 5698 2329 16149 5697 2688 16150 5698 2330 16151 5699 2330 16152 5699 2688 16153 5698 2687 16154 5700 2330 16155 5699 2687 16156 5700 2331 16157 5701 2331 16158 5701 2687 16159 5700 2686 16160 5702 2331 16161 5701 2686 16162 5702 2332 16163 5703 2332 16164 5703 2686 16165 5702 2685 16166 5704 2332 16167 5703 2685 16168 5704 2333 16169 5705 2333 16170 5705 2685 16171 5704 2684 16172 5706 2333 16173 5705 2684 16174 5706 2334 16175 5707 2334 16176 5707 2684 16177 5706 2683 16178 5708 2334 16179 5707 2683 16180 5708 2335 16181 5709 2335 16182 5709 2683 16183 5708 2682 16184 5710 2335 16185 5709 2682 16186 5710 2336 16187 5711 2336 16188 5711 2682 16189 5710 2681 16190 5712 2336 16191 5711 2681 16192 5712 83 16193 5713 83 16194 5713 2681 16195 5712 56 16196 5714 2693 16197 5715 2704 16198 5716 28 16199 5717 28 16200 5717 2704 16201 5716 41 16202 5718 28 16203 5717 41 16204 5718 29 16205 5719 29 16206 5719 41 16207 5718 40 16208 5720 29 16209 5719 40 16210 5720 30 16211 5721 30 16212 5721 40 16213 5720 39 16214 5722 30 16215 5721 39 16216 5722 31 16217 5723 31 16218 5723 39 16219 5722 38 16220 5724 31 16221 5723 38 16222 5724 32 16223 5725 32 16224 5725 38 16225 5724 37 16226 5726 32 16227 5725 37 16228 5726 33 16229 5727 33 16230 5727 37 16231 5726 36 16232 5728 33 16233 5727 36 16234 5728 34 16235 5729 34 16236 5729 36 16237 5728 35 16238 5730 2704 16239 5716 2693 16240 5715 2703 16241 5731 2703 16242 5731 2693 16243 5715 2694 16244 5732 2703 16245 5731 2694 16246 5732 2702 16247 5733 2702 16248 5733 2694 16249 5732 2695 16250 5734 2702 16251 5733 2695 16252 5734 2701 16253 5735 2701 16254 5735 2695 16255 5734 2696 16256 5736 2701 16257 5735 2696 16258 5736 2700 16259 5737 2700 16260 5737 2696 16261 5736 2697 16262 5738 2700 16263 5737 2697 16264 5738 2699 16265 5739 2699 16266 5739 2697 16267 5738 2698 16268 5740 42 16269 5741 41 16270 5742 2669 16271 5743 2669 16272 5743 41 16273 5742 2704 16274 5744 2669 16275 5743 2704 16276 5744 2670 16277 5745 2670 16278 5745 2704 16279 5744 2703 16280 5746 2670 16281 5745 2703 16282 5746 2671 16283 5747 2671 16284 5747 2703 16285 5746 2702 16286 5748 2671 16287 5747 2702 16288 5748 2672 16289 5749 2672 16290 5749 2702 16291 5748 2701 16292 5750 2672 16293 5749 2701 16294 5750 2673 16295 5751 2673 16296 5751 2701 16297 5750 2700 16298 5752 2673 16299 5751 2700 16300 5752 2674 16301 5753 2674 16302 5753 2700 16303 5752 2699 16304 5754 2674 16305 5753 2699 16306 5754 2675 16307 5755 2675 16308 5755 2699 16309 5754 2698 16310 5756 2675 16311 5755 2698 16312 5756 2676 16313 5757 2676 16314 5757 2698 16315 5756 2697 16316 5758 2676 16317 5757 2697 16318 5758 2677 16319 5759 2677 16320 5759 2697 16321 5758 2696 16322 5760 2677 16323 5759 2696 16324 5760 2678 16325 5761 2678 16326 5761 2696 16327 5760 2695 16328 5762 2678 16329 5761 2695 16330 5762 2679 16331 5763 2679 16332 5763 2695 16333 5762 2694 16334 5764 2679 16335 5763 2694 16336 5764 2680 16337 5765 2680 16338 5765 2694 16339 5764 2693 16340 5766 2680 16341 5765 2693 16342 5766 55 16343 5767 55 16344 5767 2693 16345 5766 28 16346 5768 2472 16347 5769 455 16348 5770 451 16349 5771 451 16350 5771 455 16351 5770 454 16352 5772 451 16353 5771 454 16354 5772 453 16355 5773 453 16356 5773 452 16357 5774 451 16358 5771 450 16359 5775 2478 16360 5776 451 16361 5771 451 16362 5771 2478 16363 5776 2477 16364 5777 451 16365 5771 2477 16366 5777 2476 16367 5778 450 16368 5775 449 16369 5779 2478 16370 5776 2478 16371 5776 449 16372 5779 448 16373 5780 2478 16374 5776 448 16375 5780 2017 16376 5781 2017 16377 5781 2705 16378 5782 2478 16379 5776 2476 16380 5778 2475 16381 5783 451 16382 5771 451 16383 5771 2475 16384 5783 2474 16385 5784 451 16386 5771 2474 16387 5784 2473 16388 5785 2473 16389 5785 2472 16390 5769 451 16391 5771 2012 16392 5786 2011 16393 5787 2705 16394 5788 2705 16395 5788 2011 16396 5787 2478 16397 5789 1172 16398 5790 1600 16399 5791 1173 16400 5792 1173 16401 5792 1600 16402 5791 1627 16403 5793 1173 16404 5792 1627 16405 5793 1154 16406 5794 1154 16407 5794 1627 16408 5793 1155 16409 5795 1600 16410 5791 1134 16411 5796 1627 16412 5793 1627 16413 5793 1134 16414 5796 1137 16415 5797 1189 16416 5798 2415 16417 5799 1186 16418 5800 1186 16419 5800 2415 16420 5799 2429 16421 5801 2429 16422 5801 2415 16423 5799 1163 16424 5802 2429 16425 5801 1163 16426 5802 1146 16427 5803 2415 16428 5799 1164 16429 5804 1163 16430 5802 1146 16431 5803 1145 16432 5805 2429 16433 5801 14 16434 5806 13 16435 5807 1841 16436 5808 1841 16437 5808 13 16438 5807 2706 16439 5809 1841 16440 5808 2706 16441 5809 1842 16442 5810 1842 16443 5810 2706 16444 5809 2707 16445 5811 1842 16446 5810 2707 16447 5811 1843 16448 5812 1843 16449 5812 2707 16450 5811 2708 16451 5813 1843 16452 5812 2708 16453 5813 1844 16454 5814 1844 16455 5814 2708 16456 5813 2709 16457 5815 1844 16458 5814 2709 16459 5815 1845 16460 5816 1845 16461 5816 2709 16462 5815 2710 16463 5817 1845 16464 5816 2710 16465 5817 1846 16466 5818 1846 16467 5818 2710 16468 5817 2711 16469 5819 1846 16470 5818 2711 16471 5819 1847 16472 5820 1847 16473 5820 2711 16474 5819 2712 16475 5821 1847 16476 5820 2712 16477 5821 1848 16478 5822 1848 16479 5822 2712 16480 5821 2713 16481 5823 1848 16482 5822 2713 16483 5823 1849 16484 5824 1849 16485 5824 2713 16486 5823 2714 16487 5825 1849 16488 5824 2714 16489 5825 1850 16490 5826 1850 16491 5826 2714 16492 5825 2715 16493 5827 1850 16494 5826 2715 16495 5827 1851 16496 5828 1851 16497 5828 2715 16498 5827 2716 16499 5829 1851 16500 5828 2716 16501 5829 1852 16502 5830 1852 16503 5830 2716 16504 5829 2717 16505 5831 1852 16506 5830 2717 16507 5831 27 16508 5832 27 16509 5832 2717 16510 5831 0 16511 5833 2717 16512 5834 2706 16513 5835 0 16514 5836 0 16515 5836 2706 16516 5835 13 16517 5837 0 16518 5836 13 16519 5837 1 16520 5838 1 16521 5838 13 16522 5837 12 16523 5839 1 16524 5838 12 16525 5839 2 16526 5840 2 16527 5840 12 16528 5839 11 16529 5841 2 16530 5840 11 16531 5841 3 16532 5842 3 16533 5842 11 16534 5841 10 16535 5843 3 16536 5842 10 16537 5843 4 16538 5844 4 16539 5844 10 16540 5843 9 16541 5845 4 16542 5844 9 16543 5845 5 16544 5846 5 16545 5846 9 16546 5845 8 16547 5847 5 16548 5846 8 16549 5847 6 16550 5848 6 16551 5848 8 16552 5847 7 16553 5849 2706 16554 5835 2717 16555 5834 2707 16556 5850 2707 16557 5850 2717 16558 5834 2716 16559 5851 2707 16560 5850 2716 16561 5851 2708 16562 5852 2708 16563 5852 2716 16564 5851 2715 16565 5853 2708 16566 5852 2715 16567 5853 2709 16568 5854 2709 16569 5854 2715 16570 5853 2714 16571 5855 2709 16572 5854 2714 16573 5855 2710 16574 5856 2710 16575 5856 2714 16576 5855 2713 16577 5857 2710 16578 5856 2713 16579 5857 2711 16580 5858 2711 16581 5858 2713 16582 5857 2712 16583 5859 2003 16584 5860 2002 16585 5861 2015 16586 5862 2015 16587 5862 2002 16588 5861 2718 16589 5863 2718 16590 5863 2002 16591 5861 2014 16592 5864 2014 16593 5864 2002 16594 5861 2004 16595 5865 2012 16596 5866 2705 16597 5867 2013 16598 5868 2013 16599 5868 2705 16600 5867 2719 16601 5869 2719 16602 5869 2705 16603 5867 2016 16604 5870 2016 16605 5870 2705 16606 5867 2017 16607 5871 2016 16608 5872 2015 16609 5873 2719 16610 5874 2719 16611 5874 2015 16612 5873 2718 16613 5875 2014 16614 5876 2013 16615 5877 2718 16616 5878 2718 16617 5878 2013 16618 5877 2719 16619 5879</p>
        </triangles>
        <triangles count="0" material="MaterialFBXASC032FBXASC03550">
          <input semantic="VERTEX" offset="0" source="#Boss-Extrude13-VERTEX"/>
          <input semantic="NORMAL" offset="1" source="#Boss-Extrude13-Normal0"/>
          <input semantic="TEXCOORD" offset="2" set="0" source="#Boss-Extrude13-UV0"/>
          <p/>
        </triangles>
      </mesh>
    </geometry>
  </library_geometries>
  <library_visual_scenes>
    <visual_scene id="AnteBrazo" name="AnteBrazo">
      <node name="AnteBrazo" id="AnteBrazo" sid="AnteBrazo">
        <matrix sid="matrix">0.000000 0.000000 1.000000 0.000000 -0.000000 1.000000 -0.000000 0.000000 -1.000000 0.000000 0.000000 0.000000 0.000000 0.000000 0.000000 1.000000</matrix>
        <extra>
          <technique profile="FCOLLADA">
            <visibility>1.000000</visibility>
          </technique>
        </extra>
        <node name="AnteBrazo_ncl1_1" id="AnteBrazo_ncl1_1" sid="AnteBrazo_ncl1_1">
          <matrix sid="matrix">1.000000 0.000000 0.000000 0.000000 0.000000 1.000000 -0.000000 0.581653 -0.000000 0.000000 1.000000 -1.102362 0.000000 0.000000 0.000000 1.000000</matrix>
          <extra>
            <technique profile="FCOLLADA">
              <visibility>1.000000</visibility>
            </technique>
          </extra>
          <node name="Boss-Extrude13" id="Boss-Extrude13" sid="Boss-Extrude13">
            <matrix sid="matrix">1.000000 -0.000000 0.000000 0.000000 0.000000 1.000000 -0.000000 0.000000 -0.000000 -0.000000 1.000000 0.000000 0.000000 0.000000 0.000000 1.000000</matrix>
            <instance_geometry url="#Boss-Extrude13-lib">
              <bind_material>
                <technique_common>
                  <instance_material symbol="MaterialFBXASC032FBXASC03525" target="#MaterialFBXASC032FBXASC03525"/>
                  <instance_material symbol="MaterialFBXASC032FBXASC03527" target="#MaterialFBXASC032FBXASC03527"/>
                  <instance_material symbol="MaterialFBXASC032FBXASC03550" target="#MaterialFBXASC032FBXASC03550"/>
                </technique_common>
              </bind_material>
            </instance_geometry>
            <extra>
              <technique profile="FCOLLADA">
                <visibility>1.000000</visibility>
              </technique>
            </extra>
          </node>
        </node>
      </node>
      <extra>
        <technique profile="MAX3D">
          <frame_rate>30.000000</frame_rate>
        </technique>
        <technique profile="FCOLLADA">
          <start_time>0.000000</start_time>
          <end_time>3.333333</end_time>
        </technique>
      </extra>
    </visual_scene>
  </library_visual_scenes>
  <scene>
    <instance_visual_scene url="#AnteBrazo"/>
  </scene>
</COLLADA>
