<?xml version="1.0" encoding="utf-8"?>
<COLLADA xmlns="http://www.collada.org/2005/11/COLLADASchema" version="1.4.1">
  <asset>
    <contributor>
      <author/>
      <authoring_tool>FBX COLLADA exporter</authoring_tool>
      <comments/>
    </contributor>
    <created>2025-03-24T12:27:45Z</created>
    <keywords/>
    <modified>2025-03-24T12:27:45Z</modified>
    <revision/>
    <subject/>
    <title/>
    <unit meter="0.025400" name="centimeter"/>
    <up_axis>Z_UP</up_axis>
  </asset>
  <library_materials>
    <material id="MaterialFBXASC032FBXASC03539" name="MaterialFBXASC032FBXASC03539">
      <instance_effect url="#MaterialFBXASC032FBXASC03539-fx"/>
    </material>
    <material id="MaterialFBXASC032FBXASC03526" name="MaterialFBXASC032FBXASC03526">
      <instance_effect url="#MaterialFBXASC032FBXASC03526-fx"/>
    </material>
  </library_materials>
  <library_effects>
    <effect id="MaterialFBXASC032FBXASC03539-fx" name="MaterialFBXASC032FBXASC03539">
      <profile_COMMON>
        <technique sid="standard">
          <phong>
            <emission>
              <color sid="emission">0.000000  0.000000 0.000000 1.000000</color>
            </emission>
            <ambient>
              <color sid="ambient">0.220000  0.220000 0.220000 1.000000</color>
            </ambient>
            <diffuse>
              <color sid="diffuse">0.220000  0.220000 0.220000 1.000000</color>
            </diffuse>
            <specular>
              <color sid="specular">2.640000  2.640000 2.640000 1.000000</color>
            </specular>
            <shininess>
              <float sid="shininess">1024.000000</float>
            </shininess>
            <transparency>
              <float sid="transparency">0.000000</float>
            </transparency>
          </phong>
        </technique>
      </profile_COMMON>
    </effect>
    <effect id="MaterialFBXASC032FBXASC03526-fx" name="MaterialFBXASC032FBXASC03526">
      <profile_COMMON>
        <technique sid="standard">
          <phong>
            <emission>
              <color sid="emission">0.000000  0.000000 0.000000 1.000000</color>
            </emission>
            <ambient>
              <color sid="ambient">0.058824  0.058824 0.058824 1.000000</color>
            </ambient>
            <diffuse>
              <color sid="diffuse">0.058824  0.058824 0.058824 1.000000</color>
            </diffuse>
            <specular>
              <color sid="specular">1.800000  1.800000 1.800000 1.000000</color>
            </specular>
            <shininess>
              <float sid="shininess">512.000000</float>
            </shininess>
            <transparency>
              <float sid="transparency">0.000000</float>
            </transparency>
          </phong>
        </technique>
      </profile_COMMON>
    </effect>
  </library_effects>
  <library_geometries>
    <geometry id="Cut-Extrude14-lib" name="Cut-Extrude14Mesh">
      <mesh>
        <source id="Cut-Extrude14-POSITION">
          <float_array id="Cut-Extrude14-POSITION-array" count="6693">
-5.545587 2.934107 0.590551
-5.548218 2.912437 0.590551
-5.555958 2.892026 0.590551
-5.568359 2.874060 0.590551
-5.584699 2.859585 0.590551
-5.604028 2.849440 0.590551
-5.625223 2.844216 0.590551
-5.647052 2.844216 0.590551
-5.668248 2.849440 0.590551
-5.687576 2.859585 0.590551
-5.703916 2.874060 0.590551
-5.716317 2.892026 0.590551
-5.724058 2.912437 0.590551
-5.726689 2.934107 0.590551
-5.726689 2.934107 0.629921
-5.724058 2.912437 0.629921
-5.716317 2.892026 0.629921
-5.703916 2.874060 0.629921
-5.687576 2.859585 0.629921
-5.668248 2.849440 0.629921
-5.647052 2.844216 0.629921
-5.625223 2.844216 0.629921
-5.604028 2.849440 0.629921
-5.584699 2.859585 0.629921
-5.568359 2.874060 0.629921
-5.555958 2.892026 0.629921
-5.548218 2.912437 0.629921
-5.545587 2.934107 0.629921
-6.895980 3.032532 0.472441
-6.895980 3.029672 0.495996
-6.895980 3.021258 0.518181
-6.895980 3.007779 0.537709
-6.895980 2.990019 0.553443
-6.895980 2.969009 0.564470
-6.895980 2.945971 0.570149
-6.895980 2.922243 0.570149
-6.895980 2.899205 0.564470
-6.895980 2.878195 0.553443
-6.895980 2.860435 0.537709
-6.895980 2.846956 0.518181
-6.895980 2.838542 0.495996
-6.895980 2.835682 0.472441
-5.872358 2.835682 0.472441
-5.872358 2.838542 0.495996
-5.872358 2.846956 0.518181
-5.872358 2.860435 0.537709
-5.872358 2.878195 0.553443
-5.872358 2.899205 0.564470
-5.872358 2.922243 0.570149
-5.872358 2.945971 0.570149
-5.872358 2.969009 0.564470
-5.872358 2.990019 0.553443
-5.872358 3.007779 0.537709
-5.872358 3.021258 0.518181
-5.872358 3.029672 0.495996
-5.872358 3.032532 0.472441
-5.872358 3.052217 0.472441
-5.872358 3.048785 0.500707
-5.872358 3.038688 0.527330
-5.872358 3.022514 0.550763
-5.872358 3.001201 0.569644
-5.872358 2.975989 0.582876
-5.872358 2.948344 0.589690
-5.872358 2.919870 0.589690
-5.872358 2.892225 0.582876
-5.872358 2.867013 0.569644
-5.872358 2.845700 0.550763
-5.872358 2.829525 0.527330
-5.872358 2.819429 0.500707
-5.872358 2.815997 0.472441
-5.740301 2.815997 0.472441
-5.740968 2.816586 0.484205
-5.742897 2.818338 0.495839
-5.749866 2.825177 0.518094
-5.759298 2.836008 0.538182
-5.769242 2.849945 0.555307
-5.778585 2.867007 0.569607
-5.786562 2.887497 0.580965
-5.791788 2.910391 0.588111
-5.793618 2.934107 0.590551
-5.791788 2.957823 0.588111
-5.786562 2.980717 0.580965
-5.778585 3.001206 0.569607
-5.769242 3.018269 0.555307
-5.759298 3.032206 0.538182
-5.749866 3.043037 0.518094
-5.742897 3.049876 0.495839
-5.740968 3.051628 0.484205
-5.740301 3.052217 0.472441
-5.793618 2.934107 0.629921
-5.789042 2.971794 0.629921
-5.775579 3.007292 0.629921
-5.754013 3.038536 0.629921
-5.725596 3.063711 0.629921
-5.691981 3.081354 0.629921
-5.655120 3.090439 0.629921
-5.617156 3.090439 0.629921
-5.580294 3.081354 0.629921
-5.546679 3.063711 0.629921
-5.518262 3.038536 0.629921
-5.496696 3.007292 0.629921
-5.483233 2.971794 0.629921
-5.478657 2.934107 0.629921
-5.478657 2.934107 0.314961
-5.483233 2.971794 0.314961
-5.496696 3.007292 0.314961
-5.518262 3.038536 0.314961
-5.546679 3.063711 0.314961
-5.580294 3.081354 0.314961
-5.617156 3.090439 0.314961
-5.655120 3.090439 0.314961
-5.691981 3.081354 0.314961
-5.725596 3.063711 0.314961
-5.754013 3.038536 0.314961
-5.775579 3.007292 0.314961
-5.789042 2.971794 0.314961
-5.793618 2.934107 0.314961
-5.793618 2.934107 0.354331
-5.791788 2.957823 0.356771
-5.786562 2.980717 0.363917
-5.778585 3.001206 0.375275
-5.769242 3.018269 0.389575
-5.759298 3.032206 0.406700
-5.749866 3.043037 0.426787
-5.742897 3.049876 0.449042
-5.740968 3.051628 0.460677
-5.545587 4.508910 -0.275591
-5.548218 4.487240 -0.275591
-5.555958 4.466829 -0.275591
-5.568359 4.448864 -0.275591
-5.584699 4.434388 -0.275591
-5.604028 4.424243 -0.275591
-5.625223 4.419019 -0.275591
-5.647052 4.419019 -0.275591
-5.668248 4.424243 -0.275591
-5.687576 4.434388 -0.275591
-5.703916 4.448864 -0.275591
-5.716317 4.466829 -0.275591
-5.724058 4.487240 -0.275591
-5.726689 4.508910 -0.275591
-5.726689 4.508910 -0.031496
-5.724058 4.487240 -0.031496
-5.716317 4.466829 -0.031496
-5.703916 4.448864 -0.031496
-5.687576 4.434388 -0.031496
-5.668248 4.424243 -0.031496
-5.647052 4.419019 -0.031496
-5.625223 4.419019 -0.031496
-5.604028 4.424243 -0.031496
-5.584699 4.434388 -0.031496
-5.568359 4.448864 -0.031496
-5.555958 4.466829 -0.031496
-5.548218 4.487240 -0.031496
-5.545587 4.508910 -0.031496
-5.545587 4.193949 -0.275591
-5.548218 4.172279 -0.275591
-5.555958 4.151868 -0.275591
-5.568359 4.133903 -0.275591
-5.584699 4.119427 -0.275591
-5.604028 4.109282 -0.275591
-5.625223 4.104058 -0.275591
-5.647052 4.104058 -0.275591
-5.668248 4.109282 -0.275591
-5.687576 4.119427 -0.275591
-5.703916 4.133903 -0.275591
-5.716317 4.151868 -0.275591
-5.724058 4.172279 -0.275591
-5.726689 4.193949 -0.275591
-5.726689 4.193949 -0.031496
-5.724058 4.172279 -0.031496
-5.716317 4.151868 -0.031496
-5.703916 4.133903 -0.031496
-5.687576 4.119427 -0.031496
-5.668248 4.109282 -0.031496
-5.647052 4.104058 -0.031496
-5.625223 4.104058 -0.031496
-5.604028 4.109282 -0.031496
-5.584699 4.119427 -0.031496
-5.568359 4.133903 -0.031496
-5.555958 4.151868 -0.031496
-5.548218 4.172279 -0.031496
-5.545587 4.193949 -0.031496
-5.506217 4.508910 -0.031496
-5.509992 4.477818 -0.031496
-5.521098 4.448533 -0.031496
-5.538890 4.422756 -0.031496
-5.562334 4.401987 -0.031496
-5.590067 4.387432 -0.031496
-5.620477 4.379936 -0.031496
-5.651798 4.379936 -0.031496
-5.682209 4.387432 -0.031496
-5.709941 4.401987 -0.031496
-5.733385 4.422756 -0.031496
-5.751177 4.448533 -0.031496
-5.762284 4.477818 -0.031496
-5.766059 4.508910 -0.031496
-5.766059 4.508910 0.000000
-5.762284 4.477818 0.000000
-5.751177 4.448533 0.000000
-5.733385 4.422756 0.000000
-5.709941 4.401987 0.000000
-5.682209 4.387432 0.000000
-5.651798 4.379936 0.000000
-5.620477 4.379936 0.000000
-5.590067 4.387432 0.000000
-5.562334 4.401987 0.000000
-5.538890 4.422756 0.000000
-5.521098 4.448533 0.000000
-5.509992 4.477818 0.000000
-5.506217 4.508910 0.000000
-5.506217 4.193949 -0.031496
-5.509992 4.162857 -0.031496
-5.521098 4.133572 -0.031496
-5.538890 4.107796 -0.031496
-5.562334 4.087026 -0.031496
-5.590067 4.072471 -0.031496
-5.620477 4.064975 -0.031496
-5.651798 4.064975 -0.031496
-5.682209 4.072471 -0.031496
-5.709941 4.087026 -0.031496
-5.733385 4.107796 -0.031496
-5.751177 4.133572 -0.031496
-5.762284 4.162857 -0.031496
-5.766059 4.193949 -0.031496
-5.766059 4.193949 0.000000
-5.762284 4.162857 0.000000
-5.751177 4.133572 0.000000
-5.733385 4.107796 0.000000
-5.709941 4.087026 0.000000
-5.682209 4.072471 0.000000
-5.651798 4.064975 0.000000
-5.620477 4.064975 0.000000
-5.590067 4.072471 0.000000
-5.562334 4.087026 0.000000
-5.538890 4.107796 0.000000
-5.521098 4.133572 0.000000
-5.509992 4.162857 0.000000
-5.506217 4.193949 0.000000
-5.726689 4.508910 -0.669291
-5.724058 4.487240 -0.669291
-5.716317 4.466829 -0.669291
-5.703916 4.448864 -0.669291
-5.687576 4.434388 -0.669291
-5.668248 4.424243 -0.669291
-5.647052 4.419019 -0.669291
-5.625223 4.419019 -0.669291
-5.604028 4.424243 -0.669291
-5.584699 4.434388 -0.669291
-5.568359 4.448864 -0.669291
-5.555958 4.466829 -0.669291
-5.548218 4.487240 -0.669291
-5.545587 4.508910 -0.669291
-5.545587 4.508910 -0.913386
-5.548218 4.487240 -0.913386
-5.555958 4.466829 -0.913386
-5.568359 4.448864 -0.913386
-5.584699 4.434388 -0.913386
-5.604028 4.424243 -0.913386
-5.625223 4.419019 -0.913386
-5.647052 4.419019 -0.913386
-5.668248 4.424243 -0.913386
-5.687576 4.434388 -0.913386
-5.703916 4.448864 -0.913386
-5.716317 4.466829 -0.913386
-5.724058 4.487240 -0.913386
-5.726689 4.508910 -0.913386
-5.726689 4.193949 -0.669291
-5.724058 4.172279 -0.669291
-5.716317 4.151868 -0.669291
-5.703916 4.133903 -0.669291
-5.687576 4.119427 -0.669291
-5.668248 4.109282 -0.669291
-5.647052 4.104058 -0.669291
-5.625223 4.104058 -0.669291
-5.604028 4.109282 -0.669291
-5.584699 4.119427 -0.669291
-5.568359 4.133903 -0.669291
-5.555958 4.151868 -0.669291
-5.548218 4.172279 -0.669291
-5.545587 4.193949 -0.669291
-5.545587 4.193949 -0.913386
-5.548218 4.172279 -0.913386
-5.555958 4.151868 -0.913386
-5.568359 4.133903 -0.913386
-5.584699 4.119427 -0.913386
-5.604028 4.109282 -0.913386
-5.625223 4.104058 -0.913386
-5.647052 4.104058 -0.913386
-5.668248 4.109282 -0.913386
-5.687576 4.119427 -0.913386
-5.703916 4.133903 -0.913386
-5.716317 4.151868 -0.913386
-5.724058 4.172279 -0.913386
-5.726689 4.193949 -0.913386
-5.726689 3.878989 -0.669291
-5.724058 3.857318 -0.669291
-5.716317 3.836908 -0.669291
-5.703916 3.818942 -0.669291
-5.687576 3.804467 -0.669291
-5.668248 3.794322 -0.669291
-5.647052 3.789098 -0.669291
-5.625223 3.789098 -0.669291
-5.604028 3.794322 -0.669291
-5.584699 3.804467 -0.669291
-5.568359 3.818942 -0.669291
-5.555958 3.836908 -0.669291
-5.548218 3.857318 -0.669291
-5.545587 3.878989 -0.669291
-5.545587 3.878989 -0.913386
-5.548218 3.857318 -0.913386
-5.555958 3.836908 -0.913386
-5.568359 3.818942 -0.913386
-5.584699 3.804467 -0.913386
-5.604028 3.794322 -0.913386
-5.625223 3.789098 -0.913386
-5.647052 3.789098 -0.913386
-5.668248 3.794322 -0.913386
-5.687576 3.804467 -0.913386
-5.703916 3.818942 -0.913386
-5.716317 3.836908 -0.913386
-5.724058 3.857318 -0.913386
-5.726689 3.878989 -0.913386
-5.766059 4.508910 -0.913386
-5.762284 4.477818 -0.913386
-5.751177 4.448533 -0.913386
-5.733385 4.422756 -0.913386
-5.709941 4.401987 -0.913386
-5.682209 4.387432 -0.913386
-5.651798 4.379936 -0.913386
-5.620477 4.379936 -0.913386
-5.590067 4.387432 -0.913386
-5.562334 4.401987 -0.913386
-5.538890 4.422756 -0.913386
-5.521098 4.448533 -0.913386
-5.509992 4.477818 -0.913386
-5.506217 4.508910 -0.913386
-5.506217 4.508910 -0.944882
-5.509992 4.477818 -0.944882
-5.521098 4.448533 -0.944882
-5.538890 4.422756 -0.944882
-5.562334 4.401987 -0.944882
-5.590067 4.387432 -0.944882
-5.620477 4.379936 -0.944882
-5.651798 4.379936 -0.944882
-5.682209 4.387432 -0.944882
-5.709941 4.401987 -0.944882
-5.733385 4.422756 -0.944882
-5.751177 4.448533 -0.944882
-5.762284 4.477818 -0.944882
-5.766059 4.508910 -0.944882
-5.766059 4.193949 -0.913386
-5.762284 4.162857 -0.913386
-5.751177 4.133572 -0.913386
-5.733385 4.107796 -0.913386
-5.709941 4.087026 -0.913386
-5.682209 4.072471 -0.913386
-5.651798 4.064975 -0.913386
-5.620477 4.064975 -0.913386
-5.590067 4.072471 -0.913386
-5.562334 4.087026 -0.913386
-5.538890 4.107796 -0.913386
-5.521098 4.133572 -0.913386
-5.509992 4.162857 -0.913386
-5.506217 4.193949 -0.913386
-5.506217 4.193949 -0.944882
-5.509992 4.162857 -0.944882
-5.521098 4.133572 -0.944882
-5.538890 4.107796 -0.944882
-5.562334 4.087026 -0.944882
-5.590067 4.072471 -0.944882
-5.620477 4.064975 -0.944882
-5.651798 4.064975 -0.944882
-5.682209 4.072471 -0.944882
-5.709941 4.087026 -0.944882
-5.733385 4.107796 -0.944882
-5.751177 4.133572 -0.944882
-5.762284 4.162857 -0.944882
-5.766059 4.193949 -0.944882
-5.766059 3.878989 -0.913386
-5.762284 3.847897 -0.913386
-5.751177 3.818611 -0.913386
-5.733385 3.792835 -0.913386
-5.709941 3.772066 -0.913386
-5.682209 3.757510 -0.913386
-5.651798 3.750015 -0.913386
-5.620477 3.750015 -0.913386
-5.590067 3.757510 -0.913386
-5.562334 3.772066 -0.913386
-5.538890 3.792835 -0.913386
-5.521098 3.818611 -0.913386
-5.509992 3.847897 -0.913386
-5.506217 3.878989 -0.913386
-5.506217 3.878989 -0.944882
-5.509992 3.847897 -0.944882
-5.521098 3.818611 -0.944882
-5.538890 3.792835 -0.944882
-5.562334 3.772066 -0.944882
-5.590067 3.757510 -0.944882
-5.620477 3.750015 -0.944882
-5.651798 3.750015 -0.944882
-5.682209 3.757510 -0.944882
-5.709941 3.772066 -0.944882
-5.733385 3.792835 -0.944882
-5.751177 3.818611 -0.944882
-5.762284 3.847897 -0.944882
-5.766059 3.878989 -0.944882
-5.726689 3.249068 -0.314961
-5.724058 3.227397 -0.314961
-5.716317 3.206986 -0.314961
-5.703916 3.189021 -0.314961
-5.687576 3.174545 -0.314961
-5.668248 3.164401 -0.314961
-5.647052 3.159177 -0.314961
-5.625223 3.159177 -0.314961
-5.604028 3.164401 -0.314961
-5.584699 3.174545 -0.314961
-5.568359 3.189021 -0.314961
-5.555958 3.206986 -0.314961
-5.548218 3.227397 -0.314961
-5.545587 3.249068 -0.314961
-5.545587 3.249068 -0.598425
-5.548218 3.227397 -0.598425
-5.555958 3.206986 -0.598425
-5.568359 3.189021 -0.598425
-5.584699 3.174545 -0.598425
-5.604028 3.164401 -0.598425
-5.625223 3.159177 -0.598425
-5.647052 3.159177 -0.598425
-5.668248 3.164401 -0.598425
-5.687576 3.174545 -0.598425
-5.703916 3.189021 -0.598425
-5.716317 3.206986 -0.598425
-5.724058 3.227397 -0.598425
-5.726689 3.249068 -0.598425
-5.766059 3.564028 -0.598425
-5.762284 3.532936 -0.598425
-5.751177 3.503651 -0.598425
-5.733385 3.477875 -0.598425
-5.709941 3.457105 -0.598425
-5.682209 3.442550 -0.598425
-5.651798 3.435054 -0.598425
-5.620477 3.435054 -0.598425
-5.590067 3.442550 -0.598425
-5.562334 3.457105 -0.598425
-5.538890 3.477875 -0.598425
-5.521098 3.503651 -0.598425
-5.509992 3.532936 -0.598425
-5.506217 3.564028 -0.598425
-5.506217 3.564028 -0.629921
-5.509992 3.532936 -0.629921
-5.521098 3.503651 -0.629921
-5.538890 3.477875 -0.629921
-5.562334 3.457105 -0.629921
-5.590067 3.442550 -0.629921
-5.620477 3.435054 -0.629921
-5.651798 3.435054 -0.629921
-5.682209 3.442550 -0.629921
-5.709941 3.457105 -0.629921
-5.733385 3.477875 -0.629921
-5.751177 3.503651 -0.629921
-5.762284 3.532936 -0.629921
-5.766059 3.564028 -0.629921
-5.766059 3.249068 -0.598425
-5.762284 3.217975 -0.598425
-5.751177 3.188690 -0.598425
-5.733385 3.162914 -0.598425
-5.709941 3.142144 -0.598425
-5.682209 3.127589 -0.598425
-5.651798 3.120094 -0.598425
-5.620477 3.120094 -0.598425
-5.590067 3.127589 -0.598425
-5.562334 3.142144 -0.598425
-5.538890 3.162914 -0.598425
-5.521098 3.188690 -0.598425
-5.509992 3.217975 -0.598425
-5.506217 3.249068 -0.598425
-5.506217 3.249068 -0.629921
-5.509992 3.217975 -0.629921
-5.521098 3.188690 -0.629921
-5.538890 3.162914 -0.629921
-5.562334 3.142144 -0.629921
-5.590067 3.127589 -0.629921
-5.620477 3.120094 -0.629921
-5.651798 3.120094 -0.629921
-5.682209 3.127589 -0.629921
-5.709941 3.142144 -0.629921
-5.733385 3.162914 -0.629921
-5.751177 3.188690 -0.629921
-5.762284 3.217975 -0.629921
-5.766059 3.249068 -0.629921
-5.545587 3.878989 0.000000
-5.548218 3.857318 0.000000
-5.555958 3.836908 0.000000
-5.568359 3.818942 0.000000
-5.584699 3.804467 0.000000
-5.604028 3.794322 0.000000
-5.625223 3.789098 0.000000
-5.647052 3.789098 0.000000
-5.668248 3.794322 0.000000
-5.687576 3.804467 0.000000
-5.703916 3.818942 0.000000
-5.716317 3.836908 0.000000
-5.724058 3.857318 0.000000
-5.726689 3.878989 0.000000
-5.726689 3.878989 0.283465
-5.724058 3.857318 0.283465
-5.716317 3.836908 0.283465
-5.703916 3.818942 0.283465
-5.687576 3.804467 0.283465
-5.668248 3.794322 0.283465
-5.647052 3.789098 0.283465
-5.625223 3.789098 0.283465
-5.604028 3.794322 0.283465
-5.584699 3.804467 0.283465
-5.568359 3.818942 0.283465
-5.555958 3.836908 0.283465
-5.548218 3.857318 0.283465
-5.545587 3.878989 0.283465
-5.545587 3.249068 0.000000
-5.548218 3.227397 0.000000
-5.555958 3.206986 0.000000
-5.568359 3.189021 0.000000
-5.584699 3.174545 0.000000
-5.604028 3.164401 0.000000
-5.625223 3.159177 0.000000
-5.647052 3.159177 0.000000
-5.668248 3.164401 0.000000
-5.687576 3.174545 0.000000
-5.703916 3.189021 0.000000
-5.716317 3.206986 0.000000
-5.724058 3.227397 0.000000
-5.726689 3.249068 0.000000
-5.726689 3.249068 0.283465
-5.724058 3.227397 0.283465
-5.716317 3.206986 0.283465
-5.703916 3.189021 0.283465
-5.687576 3.174545 0.283465
-5.668248 3.164401 0.283465
-5.647052 3.159177 0.283465
-5.625223 3.159177 0.283465
-5.604028 3.164401 0.283465
-5.584699 3.174545 0.283465
-5.568359 3.189021 0.283465
-5.555958 3.206986 0.283465
-5.548218 3.227397 0.283465
-5.545587 3.249068 0.283465
-5.545587 2.619146 0.000000
-5.548218 2.597476 0.000000
-5.555958 2.577065 0.000000
-5.568359 2.559100 0.000000
-5.584699 2.544624 0.000000
-5.604028 2.534479 0.000000
-5.625223 2.529255 0.000000
-5.647052 2.529255 0.000000
-5.668248 2.534479 0.000000
-5.687576 2.544624 0.000000
-5.703916 2.559100 0.000000
-5.716317 2.577065 0.000000
-5.724058 2.597476 0.000000
-5.726689 2.619146 0.000000
-5.726689 2.619146 0.283465
-5.724058 2.597476 0.283465
-5.716317 2.577065 0.283465
-5.703916 2.559100 0.283465
-5.687576 2.544624 0.283465
-5.668248 2.534479 0.283465
-5.647052 2.529255 0.283465
-5.625223 2.529255 0.283465
-5.604028 2.534479 0.283465
-5.584699 2.544624 0.283465
-5.568359 2.559100 0.283465
-5.555958 2.577065 0.283465
-5.548218 2.597476 0.283465
-5.545587 2.619146 0.283465
-5.506217 3.878989 0.283465
-5.509992 3.847897 0.283465
-5.521098 3.818611 0.283465
-5.538890 3.792835 0.283465
-5.562334 3.772066 0.283465
-5.590067 3.757510 0.283465
-5.620477 3.750015 0.283465
-5.651798 3.750015 0.283465
-5.682209 3.757510 0.283465
-5.709941 3.772066 0.283465
-5.733385 3.792835 0.283465
-5.751177 3.818611 0.283465
-5.762284 3.847897 0.283465
-5.766059 3.878989 0.283465
-5.766059 3.878989 0.314961
-5.762284 3.847897 0.314961
-5.751177 3.818611 0.314961
-5.733385 3.792835 0.314961
-5.709941 3.772066 0.314961
-5.682209 3.757510 0.314961
-5.651798 3.750015 0.314961
-5.620477 3.750015 0.314961
-5.590067 3.757510 0.314961
-5.562334 3.772066 0.314961
-5.538890 3.792835 0.314961
-5.521098 3.818611 0.314961
-5.509992 3.847897 0.314961
-5.506217 3.878989 0.314961
-5.506217 3.564028 0.283465
-5.509992 3.532936 0.283465
-5.521098 3.503651 0.283465
-5.538890 3.477875 0.283465
-5.562334 3.457105 0.283465
-5.590067 3.442550 0.283465
-5.620477 3.435054 0.283465
-5.651798 3.435054 0.283465
-5.682209 3.442550 0.283465
-5.709941 3.457105 0.283465
-5.733385 3.477875 0.283465
-5.751177 3.503651 0.283465
-5.762284 3.532936 0.283465
-5.766059 3.564028 0.283465
-5.766059 3.564028 0.314961
-5.762284 3.532936 0.314961
-5.751177 3.503651 0.314961
-5.733385 3.477875 0.314961
-5.709941 3.457105 0.314961
-5.682209 3.442550 0.314961
-5.651798 3.435054 0.314961
-5.620477 3.435054 0.314961
-5.590067 3.442550 0.314961
-5.562334 3.457105 0.314961
-5.538890 3.477875 0.314961
-5.521098 3.503651 0.314961
-5.509992 3.532936 0.314961
-5.506217 3.564028 0.314961
-5.506217 3.249068 0.283465
-5.509992 3.217975 0.283465
-5.521098 3.188690 0.283465
-5.538890 3.162914 0.283465
-5.562334 3.142144 0.283465
-5.590067 3.127589 0.283465
-5.620477 3.120094 0.283465
-5.651798 3.120094 0.283465
-5.682209 3.127589 0.283465
-5.709941 3.142144 0.283465
-5.733385 3.162914 0.283465
-5.751177 3.188690 0.283465
-5.762284 3.217975 0.283465
-5.766059 3.249068 0.283465
-5.766059 3.249068 0.314961
-5.762284 3.217975 0.314961
-5.751177 3.188690 0.314961
-5.733385 3.162914 0.314961
-5.709941 3.142144 0.314961
-5.682209 3.127589 0.314961
-5.651798 3.120094 0.314961
-5.620477 3.120094 0.314961
-5.590067 3.127589 0.314961
-5.562334 3.142144 0.314961
-5.538890 3.162914 0.314961
-5.521098 3.188690 0.314961
-5.509992 3.217975 0.314961
-5.506217 3.249068 0.314961
-5.506217 2.619146 0.283465
-5.509992 2.588054 0.283465
-5.521098 2.558769 0.283465
-5.538890 2.532993 0.283465
-5.562334 2.512223 0.283465
-5.590067 2.497668 0.283465
-5.620477 2.490172 0.283465
-5.651798 2.490172 0.283465
-5.682209 2.497668 0.283465
-5.709941 2.512223 0.283465
-5.733385 2.532993 0.283465
-5.751177 2.558769 0.283465
-5.762284 2.588054 0.283465
-5.766059 2.619146 0.283465
-5.766059 2.619146 0.314961
-5.762284 2.588054 0.314961
-5.751177 2.558769 0.314961
-5.733385 2.532993 0.314961
-5.709941 2.512223 0.314961
-5.682209 2.497668 0.314961
-5.651798 2.490172 0.314961
-5.620477 2.490172 0.314961
-5.590067 2.497668 0.314961
-5.562334 2.512223 0.314961
-5.538890 2.532993 0.314961
-5.521098 2.558769 0.314961
-5.509992 2.588054 0.314961
-5.506217 2.619146 0.314961
-7.435350 2.619146 -0.314961
-7.437982 2.597476 -0.314961
-7.445722 2.577065 -0.314961
-7.458123 2.559100 -0.314961
-7.474463 2.544624 -0.314961
-7.493792 2.534479 -0.314961
-7.514987 2.529255 -0.314961
-7.536816 2.529255 -0.314961
-7.558011 2.534479 -0.314961
-7.577340 2.544624 -0.314961
-7.593680 2.559100 -0.314961
-7.606081 2.577065 -0.314961
-7.613822 2.597476 -0.314961
-7.616453 2.619146 -0.314961
-7.616453 2.619146 0.000000
-7.613822 2.597476 0.000000
-7.606081 2.577065 0.000000
-7.593680 2.559100 0.000000
-7.577340 2.544624 0.000000
-7.558011 2.534479 0.000000
-7.536816 2.529255 0.000000
-7.514987 2.529255 0.000000
-7.493792 2.534479 0.000000
-7.474463 2.544624 0.000000
-7.458123 2.559100 0.000000
-7.445722 2.577065 0.000000
-7.437982 2.597476 0.000000
-7.435350 2.619146 0.000000
-7.435350 3.249068 -0.314961
-7.437982 3.227397 -0.314961
-7.445722 3.206986 -0.314961
-7.458123 3.189021 -0.314961
-7.474463 3.174545 -0.314961
-7.493792 3.164401 -0.314961
-7.514987 3.159177 -0.314961
-7.536816 3.159177 -0.314961
-7.558011 3.164401 -0.314961
-7.577340 3.174545 -0.314961
-7.593680 3.189021 -0.314961
-7.606081 3.206986 -0.314961
-7.613822 3.227397 -0.314961
-7.616453 3.249068 -0.314961
-7.616453 3.249068 0.000000
-7.613822 3.227397 0.000000
-7.606081 3.206986 0.000000
-7.593680 3.189021 0.000000
-7.577340 3.174545 0.000000
-7.558011 3.164401 0.000000
-7.536816 3.159177 0.000000
-7.514987 3.159177 0.000000
-7.493792 3.164401 0.000000
-7.474463 3.174545 0.000000
-7.458123 3.189021 0.000000
-7.445722 3.206986 0.000000
-7.437982 3.227397 0.000000
-7.435350 3.249068 0.000000
-7.119136 2.934107 -0.029528
-7.118233 2.921243 -0.030176
-7.115675 2.908664 -0.032083
-7.106735 2.884804 -0.039408
-7.095009 2.863267 -0.050949
-7.082855 2.844788 -0.065862
-7.071570 2.829244 -0.084212
-7.061965 2.816780 -0.106429
-7.055668 2.808872 -0.131429
-7.054023 2.806841 -0.144445
-7.053461 2.806154 -0.157480
-7.054023 2.806841 -0.170516
-7.055668 2.808872 -0.183531
-7.061965 2.816780 -0.208532
-7.071570 2.829244 -0.230748
-7.082855 2.844788 -0.249099
-7.095009 2.863267 -0.264011
-7.106735 2.884804 -0.275553
-7.115675 2.908664 -0.282878
-7.118233 2.921243 -0.284784
-7.119136 2.934107 -0.285433
-7.302746 2.934107 -0.285433
-7.303648 2.921243 -0.284784
-7.306206 2.908664 -0.282878
-7.315146 2.884804 -0.275553
-7.326873 2.863267 -0.264011
-7.339026 2.844788 -0.249099
-7.350311 2.829244 -0.230748
-7.359916 2.816780 -0.208532
-7.366213 2.808872 -0.183531
-7.367859 2.806841 -0.170516
-7.368421 2.806154 -0.157480
-7.367859 2.806841 -0.144445
-7.366213 2.808872 -0.131429
-7.359916 2.816780 -0.106429
-7.350311 2.829244 -0.084212
-7.339026 2.844788 -0.065862
-7.326873 2.863267 -0.050949
-7.315146 2.884804 -0.039408
-7.306206 2.908664 -0.032083
-7.303648 2.921243 -0.030176
-7.302746 2.934107 -0.029528
-5.859293 2.934107 -0.029528
-5.858390 2.921243 -0.030176
-5.855833 2.908664 -0.032083
-5.846892 2.884804 -0.039408
-5.835166 2.863267 -0.050949
-5.823013 2.844788 -0.065862
-5.811728 2.829244 -0.084212
-5.802123 2.816780 -0.106429
-5.795826 2.808872 -0.131429
-5.794180 2.806841 -0.144445
-5.793618 2.806154 -0.157480
-5.794180 2.806841 -0.170516
-5.795826 2.808872 -0.183531
-5.802123 2.816780 -0.208532
-5.811728 2.829244 -0.230748
-5.823013 2.844788 -0.249099
-5.835166 2.863267 -0.264011
-5.846892 2.884804 -0.275553
-5.855833 2.908664 -0.282878
-5.858390 2.921243 -0.284784
-5.859293 2.934107 -0.285433
-6.042903 2.934107 -0.285433
-6.043806 2.921243 -0.284784
-6.046364 2.908664 -0.282878
-6.055304 2.884804 -0.275553
-6.067030 2.863267 -0.264011
-6.079184 2.844788 -0.249099
-6.090469 2.829244 -0.230748
-6.100074 2.816780 -0.208532
-6.106370 2.808872 -0.183531
-6.108016 2.806841 -0.170516
-6.108579 2.806154 -0.157480
-6.108016 2.806841 -0.144445
-6.106370 2.808872 -0.131429
-6.100074 2.816780 -0.106429
-6.090469 2.829244 -0.084212
-6.079184 2.844788 -0.065862
-6.067030 2.863267 -0.050949
-6.055304 2.884804 -0.039408
-6.046364 2.908664 -0.032083
-6.043806 2.921243 -0.030176
-6.042903 2.934107 -0.029528
-5.478657 3.249068 -0.629921
-5.478657 3.249068 -0.314961
-5.478657 3.249068 0.000000
-5.482605 3.214025 0.000000
-5.494253 3.180739 0.000000
-5.513014 3.150880 0.000000
-5.537950 3.125944 0.000000
-5.567810 3.107183 0.000000
-5.601095 3.095536 0.000000
-5.636137 3.091587 0.000000
-5.636137 3.091587 -0.314961
-5.671180 3.095536 -0.314961
-5.704466 3.107183 -0.314961
-5.734325 3.125944 -0.314961
-5.759261 3.150880 -0.314961
-5.778022 3.180739 -0.314961
-5.789670 3.214025 -0.314961
-5.793618 3.249068 -0.314961
-5.793618 3.249068 -0.629921
-5.789042 3.211380 -0.629921
-5.775579 3.175883 -0.629921
-5.754013 3.144639 -0.629921
-5.725596 3.119464 -0.629921
-5.691981 3.101821 -0.629921
-5.655120 3.092736 -0.629921
-5.617156 3.092736 -0.629921
-5.580294 3.101821 -0.629921
-5.546679 3.119464 -0.629921
-5.518262 3.144639 -0.629921
-5.496696 3.175883 -0.629921
-5.483233 3.211380 -0.629921
-5.951098 3.091587 -0.314961
-5.913411 3.091587 -0.310385
-5.877913 3.091587 -0.296922
-5.846670 3.091587 -0.275356
-5.821495 3.091587 -0.246939
-5.803852 3.091587 -0.213324
-5.794766 3.091587 -0.176462
-5.794766 3.091587 -0.138498
-5.803852 3.091587 -0.101637
-5.821495 3.091587 -0.068021
-5.846670 3.091587 -0.039605
-5.877913 3.091587 -0.018038
-5.913411 3.091587 -0.004576
-5.951098 3.091587 -0.000000
-5.951098 2.776627 0.000000
-5.913411 2.776627 -0.004576
-5.877913 2.776627 -0.018038
-5.846670 2.776627 -0.039605
-5.821495 2.776627 -0.068021
-5.803852 2.776627 -0.101637
-5.794766 2.776627 -0.138498
-5.794766 2.776627 -0.176462
-5.803852 2.776627 -0.213324
-5.821495 2.776627 -0.246939
-5.846670 2.776627 -0.275356
-5.877913 2.776627 -0.296922
-5.913411 2.776627 -0.310385
-5.951098 2.776627 -0.314961
-5.858390 2.946971 -0.030176
-5.855833 2.959550 -0.032083
-5.846892 2.983409 -0.039408
-5.835166 3.004946 -0.050949
-5.823013 3.023426 -0.065862
-5.811728 3.038970 -0.084212
-5.802123 3.051434 -0.106429
-5.795826 3.059342 -0.131429
-5.794180 3.061373 -0.144445
-5.793618 3.062060 -0.157480
-5.794180 3.061373 -0.170516
-5.795826 3.059342 -0.183531
-5.802123 3.051434 -0.208532
-5.811728 3.038970 -0.230748
-5.823013 3.023426 -0.249099
-5.835166 3.004946 -0.264011
-5.846892 2.983409 -0.275553
-5.855833 2.959550 -0.282878
-5.858390 2.946971 -0.284784
-7.210941 3.091587 -0.314961
-7.173253 3.091587 -0.310385
-7.137756 3.091587 -0.296922
-7.106512 3.091587 -0.275356
-7.081337 3.091587 -0.246939
-7.063694 3.091587 -0.213324
-7.054609 3.091587 -0.176462
-7.054609 3.091587 -0.138498
-7.063694 3.091587 -0.101637
-7.081337 3.091587 -0.068021
-7.106512 3.091587 -0.039605
-7.137756 3.091587 -0.018038
-7.173253 3.091587 -0.004576
-7.210941 3.091587 -0.000000
-7.210941 2.776627 0.000000
-7.173253 2.776627 -0.004576
-7.137756 2.776627 -0.018038
-7.106512 2.776627 -0.039605
-7.081337 2.776627 -0.068021
-7.063694 2.776627 -0.101637
-7.054609 2.776627 -0.138498
-7.054609 2.776627 -0.176462
-7.063694 2.776627 -0.213324
-7.081337 2.776627 -0.246939
-7.106512 2.776627 -0.275356
-7.137756 2.776627 -0.296922
-7.173253 2.776627 -0.310385
-7.210941 2.776627 -0.314961
-7.118233 2.946971 -0.030176
-7.115675 2.959550 -0.032083
-7.106735 2.983409 -0.039408
-7.095009 3.004946 -0.050949
-7.082855 3.023426 -0.065862
-7.071570 3.038970 -0.084212
-7.061965 3.051434 -0.106429
-7.055668 3.059342 -0.131429
-7.054023 3.061373 -0.144445
-7.053461 3.062060 -0.157480
-7.054023 3.061373 -0.170516
-7.055668 3.059342 -0.183531
-7.061965 3.051434 -0.208532
-7.071570 3.038970 -0.230748
-7.082855 3.023426 -0.249099
-7.095009 3.004946 -0.264011
-7.106735 2.983409 -0.275553
-7.115675 2.959550 -0.282878
-7.118233 2.946971 -0.284784
-5.545587 3.564028 0.000000
-5.548218 3.542358 0.000000
-5.555958 3.521947 0.000000
-5.568359 3.503982 0.000000
-5.584699 3.489506 0.000000
-5.604028 3.479361 0.000000
-5.625223 3.474137 0.000000
-5.647052 3.474137 0.000000
-5.668248 3.479361 0.000000
-5.687576 3.489506 0.000000
-5.703916 3.503982 0.000000
-5.716317 3.521947 0.000000
-5.724058 3.542358 0.000000
-5.726689 3.564028 0.000000
-5.726689 3.564028 0.283465
-5.724058 3.542358 0.283465
-5.716317 3.521947 0.283465
-5.703916 3.503982 0.283465
-5.687576 3.489506 0.283465
-5.668248 3.479361 0.283465
-5.647052 3.474137 0.283465
-5.625223 3.474137 0.283465
-5.604028 3.479361 0.283465
-5.584699 3.489506 0.283465
-5.568359 3.503982 0.283465
-5.555958 3.521947 0.283465
-5.548218 3.542358 0.283465
-5.545587 3.564028 0.283465
-5.726689 3.564028 -0.314961
-5.724058 3.542358 -0.314961
-5.716317 3.521947 -0.314961
-5.703916 3.503982 -0.314961
-5.687576 3.489506 -0.314961
-5.668248 3.479361 -0.314961
-5.647052 3.474137 -0.314961
-5.625223 3.474137 -0.314961
-5.604028 3.479361 -0.314961
-5.584699 3.489506 -0.314961
-5.568359 3.503982 -0.314961
-5.555958 3.521947 -0.314961
-5.548218 3.542358 -0.314961
-5.545587 3.564028 -0.314961
-5.545587 3.564028 -0.598425
-5.548218 3.542358 -0.598425
-5.555958 3.521947 -0.598425
-5.568359 3.503982 -0.598425
-5.584699 3.489506 -0.598425
-5.604028 3.479361 -0.598425
-5.625223 3.474137 -0.598425
-5.647052 3.474137 -0.598425
-5.668248 3.479361 -0.598425
-5.687576 3.489506 -0.598425
-5.703916 3.503982 -0.598425
-5.716317 3.521947 -0.598425
-5.724058 3.542358 -0.598425
-5.726689 3.564028 -0.598425
-5.478657 3.878989 0.314961
-5.483233 3.916676 0.314961
-5.496696 3.952173 0.314961
-5.518262 3.983418 0.314961
-5.546679 4.008593 0.314961
-5.580294 4.026236 0.314961
-5.617156 4.035321 0.314961
-5.655120 4.035321 0.314961
-5.691981 4.026236 0.314961
-5.725596 4.008593 0.314961
-5.754013 3.983418 0.314961
-5.775579 3.952173 0.314961
-5.789042 3.916676 0.314961
-5.793618 3.878989 0.314961
-5.762284 3.910081 0.314961
-5.751177 3.939366 0.314961
-5.733385 3.965142 0.314961
-5.709941 3.985912 0.314961
-5.682209 4.000467 0.314961
-5.651798 4.007963 0.314961
-5.620477 4.007963 0.314961
-5.590067 4.000467 0.314961
-5.562334 3.985912 0.314961
-5.538890 3.965142 0.314961
-5.521098 3.939366 0.314961
-5.509992 3.910081 0.314961
-5.762284 3.595120 0.314961
-5.751177 3.624406 0.314961
-5.733385 3.650182 0.314961
-5.709941 3.670951 0.314961
-5.682209 3.685507 0.314961
-5.651798 3.693002 0.314961
-5.620477 3.693002 0.314961
-5.590067 3.685507 0.314961
-5.562334 3.670951 0.314961
-5.538890 3.650182 0.314961
-5.521098 3.624406 0.314961
-5.509992 3.595120 0.314961
-5.762284 3.280160 0.314961
-5.751177 3.309445 0.314961
-5.733385 3.335221 0.314961
-5.709941 3.355991 0.314961
-5.682209 3.370546 0.314961
-5.651798 3.378042 0.314961
-5.620477 3.378042 0.314961
-5.590067 3.370546 0.314961
-5.562334 3.355991 0.314961
-5.538890 3.335221 0.314961
-5.521098 3.309445 0.314961
-5.509992 3.280160 0.314961
-5.548218 3.585699 -0.314961
-5.555958 3.606109 -0.314961
-5.568359 3.624075 -0.314961
-5.584699 3.638550 -0.314961
-5.604028 3.648695 -0.314961
-5.625223 3.653919 -0.314961
-5.647052 3.653919 -0.314961
-5.668248 3.648695 -0.314961
-5.687576 3.638550 -0.314961
-5.703916 3.624075 -0.314961
-5.716317 3.606109 -0.314961
-5.724058 3.585699 -0.314961
-5.724058 3.585699 -0.598425
-5.716317 3.606109 -0.598425
-5.703916 3.624075 -0.598425
-5.687576 3.638550 -0.598425
-5.668248 3.648695 -0.598425
-5.647052 3.653919 -0.598425
-5.625223 3.653919 -0.598425
-5.604028 3.648695 -0.598425
-5.584699 3.638550 -0.598425
-5.568359 3.624075 -0.598425
-5.555958 3.606109 -0.598425
-5.548218 3.585699 -0.598425
-5.724058 3.585699 0.000000
-5.716317 3.606109 0.000000
-5.703916 3.624075 0.000000
-5.687576 3.638550 0.000000
-5.668248 3.648695 0.000000
-5.647052 3.653919 0.000000
-5.625223 3.653919 0.000000
-5.604028 3.648695 0.000000
-5.584699 3.638550 0.000000
-5.568359 3.624075 0.000000
-5.555958 3.606109 0.000000
-5.548218 3.585699 0.000000
-5.548218 3.585699 0.283465
-5.555958 3.606109 0.283465
-5.568359 3.624075 0.283465
-5.584699 3.638550 0.283465
-5.604028 3.648695 0.283465
-5.625223 3.653919 0.283465
-5.647052 3.653919 0.283465
-5.668248 3.648695 0.283465
-5.687576 3.638550 0.283465
-5.703916 3.624075 0.283465
-5.716317 3.606109 0.283465
-5.724058 3.585699 0.283465
-5.714878 4.330331 -0.314961
-5.714878 4.193949 -0.314961
-5.712590 4.175106 -0.314961
-5.705859 4.157357 -0.314961
-5.695076 4.141735 -0.314961
-5.680867 4.129148 -0.314961
-5.664059 4.120326 -0.314961
-5.645628 4.115783 -0.314961
-5.626647 4.115783 -0.314961
-5.608216 4.120326 -0.314961
-5.591408 4.129148 -0.314961
-5.577200 4.141735 -0.314961
-5.566417 4.157357 -0.314961
-5.559686 4.175106 -0.314961
-5.557397 4.193949 -0.314961
-5.557397 4.330331 -0.314961
-5.530763 4.310980 -0.314961
-5.508733 4.286514 -0.314961
-5.492272 4.258002 -0.314961
-5.482099 4.226691 -0.314961
-5.478657 4.193949 -0.314961
-5.478657 3.878989 -0.314961
-5.483233 3.916676 -0.314961
-5.496696 3.952173 -0.314961
-5.518262 3.983418 -0.314961
-5.546679 4.008593 -0.314961
-5.580294 4.026236 -0.314961
-5.617156 4.035321 -0.314961
-5.655120 4.035321 -0.314961
-5.691981 4.026236 -0.314961
-5.725596 4.008593 -0.314961
-5.754013 3.983418 -0.314961
-5.775579 3.952173 -0.314961
-5.789042 3.916676 -0.314961
-5.793618 3.878989 -0.314961
-5.793618 4.193949 -0.314961
-5.790176 4.226691 -0.314961
-5.780003 4.258002 -0.314961
-5.763542 4.286514 -0.314961
-5.741512 4.310980 -0.314961
-5.714878 4.193949 -0.629921
-5.714878 4.330331 -0.629921
-5.741512 4.310980 -0.629921
-5.763542 4.286514 -0.629921
-5.780003 4.258002 -0.629921
-5.790176 4.226691 -0.629921
-5.793618 4.193949 -0.629921
-5.793618 3.878989 -0.629921
-5.789042 3.916676 -0.629921
-5.775579 3.952173 -0.629921
-5.754013 3.983418 -0.629921
-5.725596 4.008593 -0.629921
-5.691981 4.026236 -0.629921
-5.655120 4.035321 -0.629921
-5.617156 4.035321 -0.629921
-5.580294 4.026236 -0.629921
-5.546679 4.008593 -0.629921
-5.518262 3.983418 -0.629921
-5.496696 3.952173 -0.629921
-5.483233 3.916676 -0.629921
-5.478657 3.878989 -0.629921
-5.478657 4.193949 -0.629921
-5.482099 4.226691 -0.629921
-5.492272 4.258002 -0.629921
-5.508733 4.286514 -0.629921
-5.530763 4.310980 -0.629921
-5.557397 4.330331 -0.629921
-5.557397 4.193949 -0.629921
-5.559686 4.175106 -0.629921
-5.566417 4.157357 -0.629921
-5.577200 4.141735 -0.629921
-5.591408 4.129148 -0.629921
-5.608216 4.120326 -0.629921
-5.626647 4.115783 -0.629921
-5.645628 4.115783 -0.629921
-5.664059 4.120326 -0.629921
-5.680867 4.129148 -0.629921
-5.695076 4.141735 -0.629921
-5.705859 4.157357 -0.629921
-5.712590 4.175106 -0.629921
-5.793618 3.878989 0.000000
-5.789042 3.841301 0.000000
-5.775579 3.805804 0.000000
-5.754013 3.774560 0.000000
-5.725596 3.749385 0.000000
-5.691981 3.731742 0.000000
-5.655120 3.722657 0.000000
-5.617156 3.722657 0.000000
-5.580294 3.731742 0.000000
-5.546679 3.749385 0.000000
-5.518262 3.774560 0.000000
-5.496696 3.805804 0.000000
-5.483233 3.841301 0.000000
-5.478657 3.878989 0.000000
-5.482605 3.284110 0.000000
-5.494253 3.317396 0.000000
-5.513014 3.347255 0.000000
-5.537950 3.372191 0.000000
-5.567810 3.390952 0.000000
-5.601095 3.402600 0.000000
-5.636137 3.406548 0.000000
-5.793618 3.406548 0.000000
-5.483233 3.841301 -0.314961
-5.496696 3.805804 -0.314961
-5.518262 3.774560 -0.314961
-5.546679 3.749385 -0.314961
-5.580294 3.731742 -0.314961
-5.617156 3.722657 -0.314961
-5.655120 3.722657 -0.314961
-5.691981 3.731742 -0.314961
-5.725596 3.749385 -0.314961
-5.754013 3.774560 -0.314961
-5.775579 3.805804 -0.314961
-5.789042 3.841301 -0.314961
-5.793618 3.406548 -0.314961
-5.636137 3.406548 -0.314961
-5.601095 3.402600 -0.314961
-5.567810 3.390952 -0.314961
-5.537950 3.372191 -0.314961
-5.513014 3.347255 -0.314961
-5.494253 3.317396 -0.314961
-5.482605 3.284110 -0.314961
-7.525901 3.091587 -0.314961
-7.563589 3.096163 -0.314961
-7.599086 3.109626 -0.314961
-7.630330 3.131192 -0.314961
-7.655505 3.159609 -0.314961
-7.673148 3.193224 -0.314961
-7.682233 3.230085 -0.314961
-7.682233 3.268050 -0.314961
-7.673148 3.304911 -0.314961
-7.655505 3.338526 -0.314961
-7.630330 3.366943 -0.314961
-7.599086 3.388510 -0.314961
-7.563589 3.401972 -0.314961
-7.525901 3.406548 -0.314961
-7.437982 3.270738 -0.314961
-7.445722 3.291149 -0.314961
-7.458123 3.309114 -0.314961
-7.474463 3.323590 -0.314961
-7.493792 3.333734 -0.314961
-7.514987 3.338959 -0.314961
-7.536816 3.338959 -0.314961
-7.558011 3.333734 -0.314961
-7.577340 3.323590 -0.314961
-7.593680 3.309114 -0.314961
-7.606081 3.291149 -0.314961
-7.613822 3.270738 -0.314961
-7.248628 3.091587 -0.004576
-7.284125 3.091587 -0.018038
-7.315370 3.091587 -0.039605
-7.340545 3.091587 -0.068021
-7.358187 3.091587 -0.101637
-7.367273 3.091587 -0.138498
-7.367273 3.091587 -0.176462
-7.358187 3.091587 -0.213324
-7.340545 3.091587 -0.246939
-7.315370 3.091587 -0.275356
-7.284125 3.091587 -0.296922
-7.248628 3.091587 -0.310385
-7.248628 2.776627 -0.310385
-7.284125 2.776627 -0.296922
-7.315370 2.776627 -0.275356
-7.340545 2.776627 -0.246939
-7.358187 2.776627 -0.213324
-7.367273 2.776627 -0.176462
-7.367273 2.776627 -0.138498
-7.358187 2.776627 -0.101637
-7.340545 2.776627 -0.068021
-7.315370 2.776627 -0.039605
-7.284125 2.776627 -0.018038
-7.248628 2.776627 -0.004576
-7.303648 2.946971 -0.284784
-7.306206 2.959550 -0.282878
-7.315146 2.983409 -0.275553
-7.326873 3.004946 -0.264011
-7.339026 3.023426 -0.249099
-7.350311 3.038970 -0.230748
-7.359916 3.051434 -0.208532
-7.366213 3.059342 -0.183531
-7.367859 3.061373 -0.170516
-7.368421 3.062060 -0.157480
-7.367859 3.061373 -0.144445
-7.366213 3.059342 -0.131429
-7.359916 3.051434 -0.106429
-7.350311 3.038970 -0.084212
-7.339026 3.023426 -0.065862
-7.326873 3.004946 -0.050949
-7.315146 2.983409 -0.039408
-7.306206 2.959550 -0.032083
-7.303648 2.946971 -0.030176
-5.988786 3.091587 -0.004576
-6.024283 3.091587 -0.018038
-6.055527 3.091587 -0.039605
-6.080702 3.091587 -0.068021
-6.098345 3.091587 -0.101637
-6.107430 3.091587 -0.138498
-6.107430 3.091587 -0.176462
-6.098345 3.091587 -0.213324
-6.080702 3.091587 -0.246939
-6.055527 3.091587 -0.275356
-6.024283 3.091587 -0.296922
-5.988786 3.091587 -0.310385
-5.988786 2.776627 -0.310385
-6.024283 2.776627 -0.296922
-6.055527 2.776627 -0.275356
-6.080702 2.776627 -0.246939
-6.098345 2.776627 -0.213324
-6.107430 2.776627 -0.176462
-6.107430 2.776627 -0.138498
-6.098345 2.776627 -0.101637
-6.080702 2.776627 -0.068021
-6.055527 2.776627 -0.039605
-6.024283 2.776627 -0.018038
-5.988786 2.776627 -0.004576
-6.043806 2.946971 -0.284784
-6.046364 2.959550 -0.282878
-6.055304 2.983409 -0.275553
-6.067030 3.004946 -0.264011
-6.079184 3.023426 -0.249099
-6.090469 3.038970 -0.230748
-6.100074 3.051434 -0.208532
-6.106370 3.059342 -0.183531
-6.108016 3.061373 -0.170516
-6.108579 3.062060 -0.157480
-6.108016 3.061373 -0.144445
-6.106370 3.059342 -0.131429
-6.100074 3.051434 -0.106429
-6.090469 3.038970 -0.084212
-6.079184 3.023426 -0.065862
-6.067030 3.004946 -0.050949
-6.055304 2.983409 -0.039408
-6.046364 2.959550 -0.032083
-6.043806 2.946971 -0.030176
-7.525901 2.776627 -0.314961
-7.525901 2.776627 0.000000
-7.525901 3.091587 0.000000
-5.483233 3.916676 0.000000
-5.496696 3.952173 0.000000
-5.518262 3.983418 0.000000
-5.546679 4.008593 0.000000
-5.580294 4.026236 0.000000
-5.617156 4.035321 0.000000
-5.655120 4.035321 0.000000
-5.691981 4.026236 0.000000
-5.725596 4.008593 0.000000
-5.754013 3.983418 0.000000
-5.775579 3.952173 0.000000
-5.789042 3.916676 0.000000
-5.793618 3.091587 0.078740
-5.793618 2.776627 0.078740
-5.793618 2.776627 0.000000
-5.793618 2.619146 0.000000
-5.793618 2.619146 0.314961
-5.793618 3.091587 0.000000
-5.789670 2.584104 0.000000
-5.778022 2.550818 0.000000
-5.759261 2.520959 0.000000
-5.734325 2.496023 0.000000
-5.704466 2.477262 0.000000
-5.671180 2.465614 0.000000
-5.636137 2.461666 0.000000
-5.636137 2.461666 -0.314961
-5.598450 2.466242 -0.314961
-5.562953 2.479704 -0.314961
-5.531709 2.501271 -0.314961
-5.506534 2.529687 -0.314961
-5.488891 2.563303 -0.314961
-5.479805 2.600164 -0.314961
-5.479805 2.638129 -0.314961
-5.488891 2.674989 -0.314961
-5.506534 2.708605 -0.314961
-5.531709 2.737022 -0.314961
-5.562953 2.758588 -0.314961
-5.598450 2.772051 -0.314961
-5.636137 2.776627 -0.314961
-5.636137 2.776627 0.000000
-5.601095 2.772678 0.000000
-5.567810 2.761031 0.000000
-5.537950 2.742269 0.000000
-5.513014 2.717334 0.000000
-5.494253 2.687474 0.000000
-5.482605 2.654189 0.000000
-5.478657 2.619146 0.000000
-5.478657 2.619146 0.078740
-5.478657 2.619146 0.314961
-5.483233 2.581459 0.314961
-5.496696 2.545962 0.314961
-5.518262 2.514718 0.314961
-5.546679 2.489542 0.314961
-5.580294 2.471900 0.314961
-5.617156 2.462814 0.314961
-5.655120 2.462814 0.314961
-5.691981 2.471900 0.314961
-5.725596 2.489542 0.314961
-5.754013 2.514718 0.314961
-5.775579 2.545962 0.314961
-5.789042 2.581459 0.314961
-5.478657 3.249068 0.078740
-5.483233 2.896420 0.314961
-5.496696 2.860922 0.314961
-5.518262 2.829678 0.314961
-5.546679 2.804503 0.314961
-5.580294 2.786860 0.314961
-5.617156 2.777775 0.314961
-5.655120 2.777775 0.314961
-5.691981 2.786860 0.314961
-5.725596 2.804503 0.314961
-5.754013 2.829678 0.314961
-5.775579 2.860922 0.314961
-5.789042 2.896420 0.314961
-5.762284 2.650239 0.314961
-5.751177 2.679524 0.314961
-5.733385 2.705300 0.314961
-5.709941 2.726069 0.314961
-5.682209 2.740625 0.314961
-5.651798 2.748120 0.314961
-5.620477 2.748120 0.314961
-5.590067 2.740625 0.314961
-5.562334 2.726069 0.314961
-5.538890 2.705300 0.314961
-5.521098 2.679524 0.314961
-5.509992 2.650239 0.314961
-7.525901 2.461666 0.000000
-7.525901 2.461666 -0.314961
-7.563589 2.466242 0.000000
-7.599086 2.479704 0.000000
-7.630330 2.501271 0.000000
-7.655505 2.529687 0.000000
-7.673148 2.563303 0.000000
-7.682233 2.600164 0.000000
-7.682233 2.638129 0.000000
-7.673148 2.674989 0.000000
-7.655505 2.708605 0.000000
-7.630330 2.737022 0.000000
-7.599086 2.758588 0.000000
-7.563589 2.772051 0.000000
-7.563589 2.772051 -0.314961
-7.599086 2.758588 -0.314961
-7.630330 2.737022 -0.314961
-7.655505 2.708605 -0.314961
-7.673148 2.674989 -0.314961
-7.682233 2.638129 -0.314961
-7.682233 2.600164 -0.314961
-7.673148 2.563303 -0.314961
-7.655505 2.529687 -0.314961
-7.630330 2.501271 -0.314961
-7.599086 2.479704 -0.314961
-7.563589 2.466242 -0.314961
-5.636137 2.776627 0.078740
-7.437982 2.640817 -0.314961
-7.445722 2.661227 -0.314961
-7.458123 2.679193 -0.314961
-7.474463 2.693668 -0.314961
-7.493792 2.703813 -0.314961
-7.514987 2.709037 -0.314961
-7.536816 2.709037 -0.314961
-7.558011 2.703813 -0.314961
-7.577340 2.693668 -0.314961
-7.593680 2.679193 -0.314961
-7.606081 2.661227 -0.314961
-7.613822 2.640817 -0.314961
-7.613822 2.640817 0.000000
-7.606081 2.661227 0.000000
-7.593680 2.679193 0.000000
-7.577340 2.693668 0.000000
-7.558011 2.703813 0.000000
-7.536816 2.709037 0.000000
-7.514987 2.709037 0.000000
-7.493792 2.703813 0.000000
-7.474463 2.693668 0.000000
-7.458123 2.679193 0.000000
-7.445722 2.661227 0.000000
-7.437982 2.640817 0.000000
-6.659760 2.501036 0.000000
-7.014091 2.501036 0.000000
-7.014091 2.737257 0.000000
-6.659760 2.737257 0.000000
-6.266059 2.501036 0.000000
-6.620389 2.501036 0.000000
-6.620389 2.737257 0.000000
-6.266059 2.737257 0.000000
-5.872358 2.501036 0.000000
-6.226689 2.501036 0.000000
-6.226689 2.737257 0.000000
-5.872358 2.737257 0.000000
-7.053461 2.501036 0.000000
-7.407791 2.501036 0.000000
-7.407791 2.737257 0.000000
-7.053461 2.737257 0.000000
-7.525901 3.406548 0.000000
-7.563589 3.401972 0.000000
-7.599086 3.388510 0.000000
-7.630330 3.366943 0.000000
-7.655505 3.338526 0.000000
-7.673148 3.304911 0.000000
-7.682233 3.268050 0.000000
-7.682233 3.230085 0.000000
-7.673148 3.193224 0.000000
-7.655505 3.159609 0.000000
-7.630330 3.131192 0.000000
-7.599086 3.109626 0.000000
-7.563589 3.096163 0.000000
-7.613822 3.270738 0.000000
-7.606081 3.291149 0.000000
-7.593680 3.309114 0.000000
-7.577340 3.323590 0.000000
-7.558011 3.333734 0.000000
-7.536816 3.338959 0.000000
-7.514987 3.338959 0.000000
-7.493792 3.333734 0.000000
-7.474463 3.323590 0.000000
-7.458123 3.309114 0.000000
-7.445722 3.291149 0.000000
-7.437982 3.270738 0.000000
-5.872358 3.130957 0.000000
-6.226689 3.130957 0.000000
-6.226689 3.367178 0.000000
-5.872358 3.367178 0.000000
-6.266059 3.130957 0.000000
-6.620389 3.130957 0.000000
-6.620389 3.367178 0.000000
-6.266059 3.367178 0.000000
-6.659760 3.130957 0.000000
-7.014091 3.130957 0.000000
-7.014091 3.367178 0.000000
-6.659760 3.367178 0.000000
-7.053461 3.130957 0.000000
-7.407791 3.130957 0.000000
-7.407791 3.367178 0.000000
-7.053461 3.367178 0.000000
-5.636137 3.091587 0.078740
-5.601095 3.095536 0.078740
-5.567810 3.107183 0.078740
-5.537950 3.125944 0.078740
-5.513014 3.150880 0.078740
-5.494253 3.180739 0.078740
-5.482605 3.214025 0.078740
-5.482605 2.654189 0.078740
-5.494253 2.687474 0.078740
-5.513014 2.717334 0.078740
-5.537950 2.742269 0.078740
-5.567810 2.761031 0.078740
-5.601095 2.772678 0.078740
-7.407791 3.130957 -0.078740
-7.407791 3.367178 -0.078740
-7.053461 3.367178 -0.078740
-7.053461 3.130957 -0.078740
-7.014091 3.130957 -0.078740
-7.014091 3.367178 -0.078740
-6.659760 3.367178 -0.078740
-6.659760 3.130957 -0.078740
-6.620389 3.130957 -0.078740
-6.620389 3.367178 -0.078740
-6.266059 3.367178 -0.078740
-6.266059 3.130957 -0.078740
-6.226689 3.130957 -0.078740
-6.226689 3.367178 -0.078740
-5.872358 3.367178 -0.078740
-5.872358 3.130957 -0.078740
-7.407791 2.501036 -0.078740
-7.407791 2.737257 -0.078740
-7.053461 2.737257 -0.078740
-7.053461 2.501036 -0.078740
-6.226689 2.501036 -0.078740
-6.226689 2.737257 -0.078740
-5.872358 2.737257 -0.078740
-5.872358 2.501036 -0.078740
-6.620389 2.501036 -0.078740
-6.620389 2.737257 -0.078740
-6.266059 2.737257 -0.078740
-6.266059 2.501036 -0.078740
-7.014091 2.501036 -0.078740
-7.014091 2.737257 -0.078740
-6.659760 2.737257 -0.078740
-6.659760 2.501036 -0.078740
-5.789042 3.841301 -0.629921
-5.775579 3.805804 -0.629921
-5.754013 3.774560 -0.629921
-5.725596 3.749385 -0.629921
-5.691981 3.731742 -0.629921
-5.655120 3.722657 -0.629921
-5.617156 3.722657 -0.629921
-5.580294 3.731742 -0.629921
-5.546679 3.749385 -0.629921
-5.518262 3.774560 -0.629921
-5.496696 3.805804 -0.629921
-5.483233 3.841301 -0.629921
-5.509992 3.280160 -0.629921
-5.521098 3.309445 -0.629921
-5.538890 3.335221 -0.629921
-5.562334 3.355991 -0.629921
-5.590067 3.370546 -0.629921
-5.620477 3.378042 -0.629921
-5.651798 3.378042 -0.629921
-5.682209 3.370546 -0.629921
-5.709941 3.355991 -0.629921
-5.733385 3.335221 -0.629921
-5.751177 3.309445 -0.629921
-5.762284 3.280160 -0.629921
-5.509992 3.595120 -0.629921
-5.521098 3.624406 -0.629921
-5.538890 3.650182 -0.629921
-5.562334 3.670951 -0.629921
-5.590067 3.685507 -0.629921
-5.620477 3.693002 -0.629921
-5.651798 3.693002 -0.629921
-5.682209 3.685507 -0.629921
-5.709941 3.670951 -0.629921
-5.733385 3.650182 -0.629921
-5.751177 3.624406 -0.629921
-5.762284 3.595120 -0.629921
-5.478657 4.193949 0.000000
-5.483233 4.231637 0.000000
-5.496696 4.267134 0.000000
-5.518262 4.298378 0.000000
-5.546679 4.323553 0.000000
-5.580294 4.341196 0.000000
-5.617156 4.350282 0.000000
-5.655120 4.350282 0.000000
-5.691981 4.341196 0.000000
-5.725596 4.323553 0.000000
-5.754013 4.298378 0.000000
-5.775579 4.267134 0.000000
-5.789042 4.231637 0.000000
-5.793618 4.193949 0.000000
-5.762284 4.225042 0.000000
-5.751177 4.254327 0.000000
-5.733385 4.280103 0.000000
-5.709941 4.300872 0.000000
-5.682209 4.315428 0.000000
-5.651798 4.322924 0.000000
-5.620477 4.322924 0.000000
-5.590067 4.315428 0.000000
-5.562334 4.300872 0.000000
-5.538890 4.280103 0.000000
-5.521098 4.254327 0.000000
-5.509992 4.225042 0.000000
-5.587473 4.343722 -0.314961
-5.619677 4.350567 -0.314961
-5.652599 4.350567 -0.314961
-5.684802 4.343722 -0.314961
-5.684802 4.343722 -0.629921
-5.652599 4.350567 -0.629921
-5.619677 4.350567 -0.629921
-5.587473 4.343722 -0.629921
-5.478657 4.193949 -0.944882
-5.483233 4.231637 -0.944882
-5.496696 4.267134 -0.944882
-5.518262 4.298378 -0.944882
-5.546679 4.323553 -0.944882
-5.580294 4.341196 -0.944882
-5.617156 4.350282 -0.944882
-5.655120 4.350282 -0.944882
-5.691981 4.341196 -0.944882
-5.725596 4.323553 -0.944882
-5.754013 4.298378 -0.944882
-5.775579 4.267134 -0.944882
-5.789042 4.231637 -0.944882
-5.793618 4.193949 -0.944882
-5.478657 3.878989 -0.944882
-5.793618 3.878989 -0.944882
-5.789042 3.841301 -0.944882
-5.775579 3.805804 -0.944882
-5.754013 3.774560 -0.944882
-5.725596 3.749385 -0.944882
-5.691981 3.731742 -0.944882
-5.655120 3.722657 -0.944882
-5.617156 3.722657 -0.944882
-5.580294 3.731742 -0.944882
-5.546679 3.749385 -0.944882
-5.518262 3.774560 -0.944882
-5.496696 3.805804 -0.944882
-5.483233 3.841301 -0.944882
-5.509992 3.910081 -0.944882
-5.521098 3.939366 -0.944882
-5.538890 3.965142 -0.944882
-5.562334 3.985912 -0.944882
-5.590067 4.000467 -0.944882
-5.620477 4.007963 -0.944882
-5.651798 4.007963 -0.944882
-5.682209 4.000467 -0.944882
-5.709941 3.985912 -0.944882
-5.733385 3.965142 -0.944882
-5.751177 3.939366 -0.944882
-5.762284 3.910081 -0.944882
-5.509992 4.225042 -0.944882
-5.521098 4.254327 -0.944882
-5.538890 4.280103 -0.944882
-5.562334 4.300872 -0.944882
-5.590067 4.315428 -0.944882
-5.620477 4.322924 -0.944882
-5.651798 4.322924 -0.944882
-5.682209 4.315428 -0.944882
-5.709941 4.300872 -0.944882
-5.733385 4.280103 -0.944882
-5.751177 4.254327 -0.944882
-5.762284 4.225042 -0.944882
-5.714878 4.374806 -0.314961
-5.557397 4.374806 -0.314961
-5.587432 4.361222 -0.314961
-5.619656 4.354274 -0.314961
-5.652619 4.354274 -0.314961
-5.684843 4.361222 -0.314961
-5.714878 4.374806 -0.629921
-5.557397 4.374806 -0.629921
-5.684843 4.361222 -0.629921
-5.652619 4.354274 -0.629921
-5.619656 4.354274 -0.629921
-5.587432 4.361222 -0.629921
-5.480626 4.508910 -0.944882
-5.480626 4.508910 0.000000
-5.485323 4.470975 0.000000
-5.499133 4.435332 0.000000
-5.521220 4.404135 0.000000
-5.550250 4.379267 0.000000
-5.584469 4.362233 0.000000
-5.621810 4.354060 0.000000
-5.660017 4.355243 0.000000
-5.696780 4.365709 0.000000
-5.729880 4.384829 0.000000
-5.757316 4.411444 0.000000
-5.777431 4.443948 0.000000
-5.789010 4.480377 0.000000
-5.791352 4.518530 0.000000
-5.784316 4.556102 0.000000
-5.768328 4.590822 0.000000
-5.744354 4.620594 0.000000
-5.713841 4.643618 0.000000
-5.678634 4.658503 0.000000
-5.640859 4.664350 0.000000
-5.602798 4.660806 0.000000
-5.566753 4.648085 0.000000
-5.534899 4.626956 0.000000
-5.534899 4.626956 -0.944882
-5.566753 4.648085 -0.944882
-5.602798 4.660806 -0.944882
-5.640859 4.664350 -0.944882
-5.678634 4.658503 -0.944882
-5.713841 4.643618 -0.944882
-5.744354 4.620594 -0.944882
-5.768328 4.590822 -0.944882
-5.784316 4.556102 -0.944882
-5.791352 4.518530 -0.944882
-5.789010 4.480377 -0.944882
-5.777431 4.443948 -0.944882
-5.757316 4.411444 -0.944882
-5.729880 4.384829 -0.944882
-5.696780 4.365709 -0.944882
-5.660017 4.355243 -0.944882
-5.621810 4.354060 -0.944882
-5.584469 4.362233 -0.944882
-5.550250 4.379267 -0.944882
-5.521220 4.404135 -0.944882
-5.499133 4.435332 -0.944882
-5.485323 4.470975 -0.944882
-5.791649 4.981351 -0.944882
-5.791649 4.981351 0.000000
-5.688105 4.921678 0.000000
-5.601128 4.839719 0.000000
-5.535414 4.739900 0.000000
-5.494510 4.627609 0.000000
-5.494510 4.627609 -0.944882
-5.535414 4.739900 -0.944882
-5.601128 4.839719 -0.944882
-5.688105 4.921678 -0.944882
-5.573555 4.728018 0.000000
-5.634082 4.817709 0.000000
-5.713339 4.891373 0.000000
-5.807212 4.945187 0.000000
-5.807212 4.945187 -0.944882
-5.713339 4.891373 -0.944882
-5.634082 4.817709 -0.944882
-5.573555 4.728018 -0.944882
-5.509992 4.540002 -0.944882
-5.521098 4.569287 -0.944882
-5.538890 4.595064 -0.944882
-5.562334 4.615833 -0.944882
-5.590067 4.630389 -0.944882
-5.620477 4.637884 -0.944882
-5.651798 4.637884 -0.944882
-5.682209 4.630389 -0.944882
-5.709941 4.615833 -0.944882
-5.733385 4.595064 -0.944882
-5.751177 4.569287 -0.944882
-5.762284 4.540002 -0.944882
-5.762284 4.540002 0.000000
-5.751177 4.569287 0.000000
-5.733385 4.595064 0.000000
-5.709941 4.615833 0.000000
-5.682209 4.630389 0.000000
-5.651798 4.637884 0.000000
-5.620477 4.637884 0.000000
-5.590067 4.630389 0.000000
-5.562334 4.615833 0.000000
-5.538890 4.595064 0.000000
-5.521098 4.569287 0.000000
-5.509992 4.540002 0.000000
-5.509992 2.650239 0.283465
-5.521098 2.679524 0.283465
-5.538890 2.705300 0.283465
-5.562334 2.726069 0.283465
-5.590067 2.740625 0.283465
-5.620477 2.748120 0.283465
-5.651798 2.748120 0.283465
-5.682209 2.740625 0.283465
-5.709941 2.726069 0.283465
-5.733385 2.705300 0.283465
-5.751177 2.679524 0.283465
-5.762284 2.650239 0.283465
-5.724058 2.640817 0.283465
-5.716317 2.661227 0.283465
-5.703916 2.679193 0.283465
-5.687576 2.693668 0.283465
-5.668248 2.703813 0.283465
-5.647052 2.709037 0.283465
-5.625223 2.709037 0.283465
-5.604028 2.703813 0.283465
-5.584699 2.693668 0.283465
-5.568359 2.679193 0.283465
-5.555958 2.661227 0.283465
-5.548218 2.640817 0.283465
-5.509992 3.280160 0.283465
-5.521098 3.309445 0.283465
-5.538890 3.335221 0.283465
-5.562334 3.355991 0.283465
-5.590067 3.370546 0.283465
-5.620477 3.378042 0.283465
-5.651798 3.378042 0.283465
-5.682209 3.370546 0.283465
-5.709941 3.355991 0.283465
-5.733385 3.335221 0.283465
-5.751177 3.309445 0.283465
-5.762284 3.280160 0.283465
-5.724058 3.270738 0.283465
-5.716317 3.291149 0.283465
-5.703916 3.309114 0.283465
-5.687576 3.323590 0.283465
-5.668248 3.333734 0.283465
-5.647052 3.338959 0.283465
-5.625223 3.338959 0.283465
-5.604028 3.333734 0.283465
-5.584699 3.323590 0.283465
-5.568359 3.309114 0.283465
-5.555958 3.291149 0.283465
-5.548218 3.270738 0.283465
-5.509992 3.595120 0.283465
-5.521098 3.624406 0.283465
-5.538890 3.650182 0.283465
-5.562334 3.670951 0.283465
-5.590067 3.685507 0.283465
-5.620477 3.693002 0.283465
-5.651798 3.693002 0.283465
-5.682209 3.685507 0.283465
-5.709941 3.670951 0.283465
-5.733385 3.650182 0.283465
-5.751177 3.624406 0.283465
-5.762284 3.595120 0.283465
-5.509992 3.910081 0.283465
-5.521098 3.939366 0.283465
-5.538890 3.965142 0.283465
-5.562334 3.985912 0.283465
-5.590067 4.000467 0.283465
-5.620477 4.007963 0.283465
-5.651798 4.007963 0.283465
-5.682209 4.000467 0.283465
-5.709941 3.985912 0.283465
-5.733385 3.965142 0.283465
-5.751177 3.939366 0.283465
-5.762284 3.910081 0.283465
-5.724058 3.900659 0.283465
-5.716317 3.921070 0.283465
-5.703916 3.939035 0.283465
-5.687576 3.953511 0.283465
-5.668248 3.963656 0.283465
-5.647052 3.968880 0.283465
-5.625223 3.968880 0.283465
-5.604028 3.963656 0.283465
-5.584699 3.953511 0.283465
-5.568359 3.939035 0.283465
-5.555958 3.921070 0.283465
-5.548218 3.900659 0.283465
-5.548218 2.640817 0.000000
-5.555958 2.661227 0.000000
-5.568359 2.679193 0.000000
-5.584699 2.693668 0.000000
-5.604028 2.703813 0.000000
-5.625223 2.709037 0.000000
-5.647052 2.709037 0.000000
-5.668248 2.703813 0.000000
-5.687576 2.693668 0.000000
-5.703916 2.679193 0.000000
-5.716317 2.661227 0.000000
-5.724058 2.640817 0.000000
-5.548218 3.270738 0.000000
-5.555958 3.291149 0.000000
-5.568359 3.309114 0.000000
-5.584699 3.323590 0.000000
-5.604028 3.333734 0.000000
-5.625223 3.338959 0.000000
-5.647052 3.338959 0.000000
-5.668248 3.333734 0.000000
-5.687576 3.323590 0.000000
-5.703916 3.309114 0.000000
-5.716317 3.291149 0.000000
-5.724058 3.270738 0.000000
-5.548218 3.900659 0.000000
-5.555958 3.921070 0.000000
-5.568359 3.939035 0.000000
-5.584699 3.953511 0.000000
-5.604028 3.963656 0.000000
-5.625223 3.968880 0.000000
-5.647052 3.968880 0.000000
-5.668248 3.963656 0.000000
-5.687576 3.953511 0.000000
-5.703916 3.939035 0.000000
-5.716317 3.921070 0.000000
-5.724058 3.900659 0.000000
-5.762284 3.280160 -0.598425
-5.751177 3.309445 -0.598425
-5.733385 3.335221 -0.598425
-5.709941 3.355991 -0.598425
-5.682209 3.370546 -0.598425
-5.651798 3.378042 -0.598425
-5.620477 3.378042 -0.598425
-5.590067 3.370546 -0.598425
-5.562334 3.355991 -0.598425
-5.538890 3.335221 -0.598425
-5.521098 3.309445 -0.598425
-5.509992 3.280160 -0.598425
-5.548218 3.270738 -0.598425
-5.555958 3.291149 -0.598425
-5.568359 3.309114 -0.598425
-5.584699 3.323590 -0.598425
-5.604028 3.333734 -0.598425
-5.625223 3.338959 -0.598425
-5.647052 3.338959 -0.598425
-5.668248 3.333734 -0.598425
-5.687576 3.323590 -0.598425
-5.703916 3.309114 -0.598425
-5.716317 3.291149 -0.598425
-5.724058 3.270738 -0.598425
-5.762284 3.595120 -0.598425
-5.751177 3.624406 -0.598425
-5.733385 3.650182 -0.598425
-5.709941 3.670951 -0.598425
-5.682209 3.685507 -0.598425
-5.651798 3.693002 -0.598425
-5.620477 3.693002 -0.598425
-5.590067 3.685507 -0.598425
-5.562334 3.670951 -0.598425
-5.538890 3.650182 -0.598425
-5.521098 3.624406 -0.598425
-5.509992 3.595120 -0.598425
-5.724058 3.270738 -0.314961
-5.716317 3.291149 -0.314961
-5.703916 3.309114 -0.314961
-5.687576 3.323590 -0.314961
-5.668248 3.333734 -0.314961
-5.647052 3.338959 -0.314961
-5.625223 3.338959 -0.314961
-5.604028 3.333734 -0.314961
-5.584699 3.323590 -0.314961
-5.568359 3.309114 -0.314961
-5.555958 3.291149 -0.314961
-5.548218 3.270738 -0.314961
-5.762284 3.910081 -0.913386
-5.751177 3.939366 -0.913386
-5.733385 3.965142 -0.913386
-5.709941 3.985912 -0.913386
-5.682209 4.000467 -0.913386
-5.651798 4.007963 -0.913386
-5.620477 4.007963 -0.913386
-5.590067 4.000467 -0.913386
-5.562334 3.985912 -0.913386
-5.538890 3.965142 -0.913386
-5.521098 3.939366 -0.913386
-5.509992 3.910081 -0.913386
-5.548218 3.900659 -0.913386
-5.555958 3.921070 -0.913386
-5.568359 3.939035 -0.913386
-5.584699 3.953511 -0.913386
-5.604028 3.963656 -0.913386
-5.625223 3.968880 -0.913386
-5.647052 3.968880 -0.913386
-5.668248 3.963656 -0.913386
-5.687576 3.953511 -0.913386
-5.703916 3.939035 -0.913386
-5.716317 3.921070 -0.913386
-5.724058 3.900659 -0.913386
-5.762284 4.225042 -0.913386
-5.751177 4.254327 -0.913386
-5.733385 4.280103 -0.913386
-5.709941 4.300872 -0.913386
-5.682209 4.315428 -0.913386
-5.651798 4.322924 -0.913386
-5.620477 4.322924 -0.913386
-5.590067 4.315428 -0.913386
-5.562334 4.300872 -0.913386
-5.538890 4.280103 -0.913386
-5.521098 4.254327 -0.913386
-5.509992 4.225042 -0.913386
-5.548218 4.215620 -0.913386
-5.555958 4.236031 -0.913386
-5.568359 4.253996 -0.913386
-5.584699 4.268472 -0.913386
-5.604028 4.278616 -0.913386
-5.625223 4.283840 -0.913386
-5.647052 4.283840 -0.913386
-5.668248 4.278616 -0.913386
-5.687576 4.268472 -0.913386
-5.703916 4.253996 -0.913386
-5.716317 4.236031 -0.913386
-5.724058 4.215620 -0.913386
-5.762284 4.540002 -0.913386
-5.751177 4.569287 -0.913386
-5.733385 4.595064 -0.913386
-5.709941 4.615833 -0.913386
-5.682209 4.630389 -0.913386
-5.651798 4.637884 -0.913386
-5.620477 4.637884 -0.913386
-5.590067 4.630389 -0.913386
-5.562334 4.615833 -0.913386
-5.538890 4.595064 -0.913386
-5.521098 4.569287 -0.913386
-5.509992 4.540002 -0.913386
-5.548218 4.530581 -0.913386
-5.555958 4.550992 -0.913386
-5.568359 4.568956 -0.913386
-5.584699 4.583432 -0.913386
-5.604028 4.593577 -0.913386
-5.625223 4.598801 -0.913386
-5.647052 4.598801 -0.913386
-5.668248 4.593577 -0.913386
-5.687576 4.583432 -0.913386
-5.703916 4.568956 -0.913386
-5.716317 4.550992 -0.913386
-5.724058 4.530581 -0.913386
-5.724058 3.900659 -0.669291
-5.716317 3.921070 -0.669291
-5.703916 3.939035 -0.669291
-5.687576 3.953511 -0.669291
-5.668248 3.963656 -0.669291
-5.647052 3.968880 -0.669291
-5.625223 3.968880 -0.669291
-5.604028 3.963656 -0.669291
-5.584699 3.953511 -0.669291
-5.568359 3.939035 -0.669291
-5.555958 3.921070 -0.669291
-5.548218 3.900659 -0.669291
-5.724058 4.215620 -0.669291
-5.716317 4.236031 -0.669291
-5.703916 4.253996 -0.669291
-5.687576 4.268472 -0.669291
-5.668248 4.278616 -0.669291
-5.647052 4.283840 -0.669291
-5.625223 4.283840 -0.669291
-5.604028 4.278616 -0.669291
-5.584699 4.268472 -0.669291
-5.568359 4.253996 -0.669291
-5.555958 4.236031 -0.669291
-5.548218 4.215620 -0.669291
-5.724058 4.530581 -0.669291
-5.716317 4.550992 -0.669291
-5.703916 4.568956 -0.669291
-5.687576 4.583432 -0.669291
-5.668248 4.593577 -0.669291
-5.647052 4.598801 -0.669291
-5.625223 4.598801 -0.669291
-5.604028 4.593577 -0.669291
-5.584699 4.583432 -0.669291
-5.568359 4.568956 -0.669291
-5.555958 4.550992 -0.669291
-5.548218 4.530581 -0.669291
-5.509992 4.225042 -0.031496
-5.521098 4.254327 -0.031496
-5.538890 4.280103 -0.031496
-5.562334 4.300872 -0.031496
-5.590067 4.315428 -0.031496
-5.620477 4.322924 -0.031496
-5.651798 4.322924 -0.031496
-5.682209 4.315428 -0.031496
-5.709941 4.300872 -0.031496
-5.733385 4.280103 -0.031496
-5.751177 4.254327 -0.031496
-5.762284 4.225042 -0.031496
-5.724058 4.215620 -0.031496
-5.716317 4.236031 -0.031496
-5.703916 4.253996 -0.031496
-5.687576 4.268472 -0.031496
-5.668248 4.278616 -0.031496
-5.647052 4.283840 -0.031496
-5.625223 4.283840 -0.031496
-5.604028 4.278616 -0.031496
-5.584699 4.268472 -0.031496
-5.568359 4.253996 -0.031496
-5.555958 4.236031 -0.031496
-5.548218 4.215620 -0.031496
-5.509992 4.540002 -0.031496
-5.521098 4.569287 -0.031496
-5.538890 4.595064 -0.031496
-5.562334 4.615833 -0.031496
-5.590067 4.630389 -0.031496
-5.620477 4.637884 -0.031496
-5.651798 4.637884 -0.031496
-5.682209 4.630389 -0.031496
-5.709941 4.615833 -0.031496
-5.733385 4.595064 -0.031496
-5.751177 4.569287 -0.031496
-5.762284 4.540002 -0.031496
-5.724058 4.530581 -0.031496
-5.716317 4.550992 -0.031496
-5.703916 4.568956 -0.031496
-5.687576 4.583432 -0.031496
-5.668248 4.593577 -0.031496
-5.647052 4.598801 -0.031496
-5.625223 4.598801 -0.031496
-5.604028 4.593577 -0.031496
-5.584699 4.583432 -0.031496
-5.568359 4.568956 -0.031496
-5.555958 4.550992 -0.031496
-5.548218 4.530581 -0.031496
-5.548218 4.215620 -0.275591
-5.555958 4.236031 -0.275591
-5.568359 4.253996 -0.275591
-5.584699 4.268472 -0.275591
-5.604028 4.278616 -0.275591
-5.625223 4.283840 -0.275591
-5.647052 4.283840 -0.275591
-5.668248 4.278616 -0.275591
-5.687576 4.268472 -0.275591
-5.703916 4.253996 -0.275591
-5.716317 4.236031 -0.275591
-5.724058 4.215620 -0.275591
-5.548218 4.530581 -0.275591
-5.555958 4.550992 -0.275591
-5.568359 4.568956 -0.275591
-5.584699 4.583432 -0.275591
-5.604028 4.593577 -0.275591
-5.625223 4.598801 -0.275591
-5.647052 4.598801 -0.275591
-5.668248 4.593577 -0.275591
-5.687576 4.583432 -0.275591
-5.703916 4.568956 -0.275591
-5.716317 4.550992 -0.275591
-5.724058 4.530581 -0.275591
-5.483233 2.896420 0.629921
-5.496696 2.860922 0.629921
-5.518262 2.829678 0.629921
-5.546679 2.804503 0.629921
-5.580294 2.786860 0.629921
-5.617156 2.777775 0.629921
-5.655120 2.777775 0.629921
-5.691981 2.786860 0.629921
-5.725596 2.804503 0.629921
-5.754013 2.829678 0.629921
-5.775579 2.860922 0.629921
-5.789042 2.896420 0.629921
-5.740968 2.816586 0.460677
-5.742897 2.818338 0.449042
-5.749866 2.825177 0.426787
-5.759298 2.836008 0.406700
-5.769242 2.849945 0.389575
-5.778585 2.867007 0.375275
-5.786562 2.887497 0.363917
-5.791788 2.910391 0.356771
-5.724058 2.955777 0.629921
-5.716317 2.976188 0.629921
-5.703916 2.994153 0.629921
-5.687576 3.008629 0.629921
-5.668248 3.018774 0.629921
-5.647052 3.023998 0.629921
-5.625223 3.023998 0.629921
-5.604028 3.018774 0.629921
-5.584699 3.008629 0.629921
-5.568359 2.994153 0.629921
-5.555958 2.976188 0.629921
-5.548218 2.955777 0.629921
-5.872358 2.819429 0.444175
-5.872358 2.829525 0.417552
-5.872358 2.845700 0.394119
-5.872358 2.867013 0.375238
-5.872358 2.892225 0.362006
-5.872358 2.919870 0.355192
-5.872358 2.948344 0.355192
-5.872358 2.975989 0.362006
-5.872358 3.001201 0.375238
-5.872358 3.022514 0.394119
-5.872358 3.038688 0.417552
-5.872358 3.048785 0.444175
-5.872358 2.838542 0.448886
-5.872358 2.846956 0.426700
-5.872358 2.860435 0.407173
-5.872358 2.878195 0.391439
-5.872358 2.899205 0.380412
-5.872358 2.922243 0.374733
-5.872358 2.945971 0.374733
-5.872358 2.969009 0.380412
-5.872358 2.990019 0.391439
-5.872358 3.007779 0.407173
-5.872358 3.021258 0.426700
-5.872358 3.029672 0.448886
-6.895980 2.838542 0.448886
-6.895980 2.846956 0.426700
-6.895980 2.860435 0.407173
-6.895980 2.878195 0.391439
-6.895980 2.899205 0.380412
-6.895980 2.922243 0.374733
-6.895980 2.945971 0.374733
-6.895980 2.969009 0.380412
-6.895980 2.990019 0.391439
-6.895980 3.007779 0.407173
-6.895980 3.021258 0.426700
-6.895980 3.029672 0.448886
-5.724058 2.955777 0.590551
-5.716317 2.976188 0.590551
-5.703916 2.994153 0.590551
-5.687576 3.008629 0.590551
-5.668248 3.018774 0.590551
-5.647052 3.023998 0.590551
-5.625223 3.023998 0.590551
-5.604028 3.018774 0.590551
-5.584699 3.008629 0.590551
-5.568359 2.994153 0.590551
-5.555958 2.976188 0.590551
-5.548218 2.955777 0.590551
</float_array>
          <technique_common>
            <accessor source="#Cut-Extrude14-POSITION-array" count="2231" stride="3">
              <param name="X" type="float"/>
              <param name="Y" type="float"/>
              <param name="Z" type="float"/>
            </accessor>
          </technique_common>
        </source>
        <source id="Cut-Extrude14-Normal0">
          <float_array id="Cut-Extrude14-Normal0-array" count="40482">
-2.540000 0.000000 0.000000
-2.540000 0.000000 0.000000
-2.466192 0.607862 0.000000
-2.466192 0.607862 0.000000
-2.540000 0.000000 0.000000
-2.466192 0.607862 0.000000
-2.466192 0.607862 0.000000
-2.466192 0.607862 0.000000
-2.249058 1.180397 0.000000
-2.249058 1.180397 0.000000
-2.466192 0.607862 0.000000
-2.249058 1.180397 0.000000
-2.249058 1.180397 0.000000
-2.249058 1.180397 0.000000
-1.901217 1.684332 0.000000
-1.901217 1.684332 0.000000
-2.249058 1.180397 0.000000
-1.901217 1.684332 0.000000
-1.901217 1.684332 0.000000
-1.901217 1.684332 0.000000
-1.442884 2.090379 0.000000
-1.442884 2.090379 0.000000
-1.901217 1.684332 0.000000
-1.442884 2.090379 0.000000
-1.442884 2.090379 0.000000
-1.442884 2.090379 0.000000
-0.900696 2.374941 0.000000
-0.900696 2.374941 0.000000
-1.442884 2.090379 0.000000
-0.900696 2.374941 0.000000
-0.900696 2.374941 0.000000
-0.900696 2.374941 0.000000
-0.306163 2.521481 0.000000
-0.306163 2.521481 0.000000
-0.900696 2.374941 0.000000
-0.306163 2.521481 0.000000
-0.306163 2.521481 0.000000
-0.306163 2.521481 0.000000
0.306163 2.521481 0.000000
0.306163 2.521481 0.000000
-0.306163 2.521481 0.000000
0.306163 2.521481 0.000000
0.306163 2.521481 0.000000
0.306163 2.521481 0.000000
0.900696 2.374941 0.000000
0.900696 2.374941 0.000000
0.306163 2.521481 0.000000
0.900696 2.374941 0.000000
0.900696 2.374941 0.000000
0.900696 2.374941 0.000000
1.442884 2.090379 0.000000
1.442884 2.090379 0.000000
0.900696 2.374941 0.000000
1.442884 2.090379 0.000000
1.442884 2.090379 0.000000
1.442884 2.090379 0.000000
1.901217 1.684332 0.000000
1.901217 1.684332 0.000000
1.442884 2.090379 0.000000
1.901217 1.684332 0.000000
1.901217 1.684332 0.000000
1.901217 1.684332 0.000000
2.249058 1.180397 0.000000
2.249058 1.180397 0.000000
1.901217 1.684332 0.000000
2.249058 1.180397 0.000000
2.249058 1.180397 0.000000
2.249058 1.180397 0.000000
2.466192 0.607862 0.000000
2.466192 0.607862 0.000000
2.249058 1.180397 0.000000
2.466192 0.607862 0.000000
2.466192 0.607862 0.000000
2.466192 0.607862 0.000000
2.540000 0.000000 0.000000
2.540000 0.000000 0.000000
2.466192 0.607862 0.000000
2.540000 0.000000 0.000000
0.000000 2.540000 0.000000
0.000000 2.540000 0.000000
0.000000 2.466192 0.607862
0.000000 2.466192 0.607862
0.000000 2.540000 0.000000
0.000000 2.466192 0.607862
0.000000 2.466192 0.607862
0.000000 2.466192 0.607862
0.000000 2.249058 1.180397
0.000000 2.249058 1.180397
0.000000 2.466192 0.607862
0.000000 2.249058 1.180397
0.000000 2.249058 1.180397
0.000000 2.249058 1.180397
0.000000 1.901217 1.684332
0.000000 1.901217 1.684332
0.000000 2.249058 1.180397
0.000000 1.901217 1.684332
0.000000 1.901217 1.684332
0.000000 1.901217 1.684332
0.000000 1.442884 2.090379
0.000000 1.442884 2.090379
0.000000 1.901217 1.684332
0.000000 1.442884 2.090379
0.000000 1.442884 2.090379
0.000000 1.442884 2.090379
0.000000 0.900696 2.374941
0.000000 0.900696 2.374941
0.000000 1.442884 2.090379
0.000000 0.900696 2.374941
0.000000 0.900696 2.374941
0.000000 0.900696 2.374941
0.000000 0.306163 2.521481
0.000000 0.306163 2.521481
0.000000 0.900696 2.374941
0.000000 0.306163 2.521481
0.000000 0.306163 2.521481
0.000000 0.306163 2.521481
-0.000000 -0.306163 2.521481
-0.000000 -0.306163 2.521481
0.000000 0.306163 2.521481
-0.000000 -0.306163 2.521481
-0.000000 -0.306163 2.521481
-0.000000 -0.306163 2.521481
-0.000000 -0.900696 2.374941
-0.000000 -0.900696 2.374941
-0.000000 -0.306163 2.521481
-0.000000 -0.900696 2.374941
-0.000000 -0.900696 2.374941
-0.000000 -0.900696 2.374941
-0.000000 -1.442884 2.090379
-0.000000 -1.442884 2.090379
-0.000000 -0.900696 2.374941
-0.000000 -1.442884 2.090379
-0.000000 -1.442884 2.090379
-0.000000 -1.442884 2.090379
-0.000000 -1.901217 1.684332
-0.000000 -1.901217 1.684332
-0.000000 -1.442884 2.090379
-0.000000 -1.901217 1.684332
-0.000000 -1.901217 1.684332
-0.000000 -1.901217 1.684332
-0.000000 -2.249058 1.180397
-0.000000 -2.249058 1.180397
-0.000000 -1.901217 1.684332
-0.000000 -2.249058 1.180397
-0.000000 -2.249058 1.180397
-0.000000 -2.249058 1.180397
-0.000000 -2.466192 0.607862
-0.000000 -2.466192 0.607862
-0.000000 -2.249058 1.180397
-0.000000 -2.466192 0.607862
-0.000000 -2.466192 0.607862
-0.000000 -2.466192 0.607862
-0.000000 -2.540000 0.000000
-0.000000 -2.540000 0.000000
-0.000000 -2.466192 0.607862
-0.000000 -2.540000 0.000000
0.000000 2.540000 0.000000
0.000000 2.540000 0.000000
0.000000 2.527369 0.252993
0.000000 2.527369 0.252993
0.000000 2.540000 0.000000
0.000000 2.466192 0.607862
0.000000 2.527369 0.252993
0.000000 2.466192 0.607862
0.000000 2.489658 0.503193
0.000000 2.489658 0.503193
0.000000 2.466192 0.607862
0.000000 2.342580 0.981793
0.000000 2.342580 0.981793
0.000000 2.466192 0.607862
0.000000 2.249058 1.180397
0.000000 2.342580 0.981793
0.000000 2.249058 1.180397
0.000000 2.110003 1.414032
0.000000 2.110003 1.414032
0.000000 2.249058 1.180397
0.000000 1.901217 1.684332
0.000000 2.110003 1.414032
0.000000 1.901217 1.684332
0.000000 1.809933 1.782061
0.000000 1.809933 1.782061
0.000000 1.901217 1.684332
0.000000 1.442884 2.090379
0.000000 1.809933 1.782061
0.000000 1.442884 2.090379
0.000000 1.443331 2.090071
0.000000 1.443331 2.090071
0.000000 1.442884 2.090379
0.000000 1.002366 2.333852
0.000000 1.002366 2.333852
0.000000 1.442884 2.090379
0.000000 0.900696 2.374941
0.000000 1.002366 2.333852
0.000000 0.900696 2.374941
0.000000 0.510175 2.488237
0.000000 0.510175 2.488237
0.000000 0.900696 2.374941
0.000000 0.306163 2.521481
0.000000 0.510175 2.488237
0.000000 0.306163 2.521481
0.000000 0.000000 2.540000
0.000000 0.000000 2.540000
0.000000 0.306163 2.521481
-0.000000 -0.306163 2.521481
0.000000 0.000000 2.540000
-0.000000 -0.306163 2.521481
-0.000000 -0.510175 2.488237
-0.000000 -0.510175 2.488237
-0.000000 -0.306163 2.521481
-0.000000 -0.900696 2.374941
-0.000000 -0.510175 2.488237
-0.000000 -0.900696 2.374941
-0.000000 -1.002366 2.333852
-0.000000 -1.002366 2.333852
-0.000000 -0.900696 2.374941
-0.000000 -1.442884 2.090379
-0.000000 -1.002366 2.333852
-0.000000 -1.442884 2.090379
-0.000000 -1.443331 2.090071
-0.000000 -1.443331 2.090071
-0.000000 -1.442884 2.090379
-0.000000 -1.809933 1.782061
-0.000000 -1.809933 1.782061
-0.000000 -1.442884 2.090379
-0.000000 -1.901217 1.684332
-0.000000 -1.809933 1.782061
-0.000000 -1.901217 1.684332
-0.000000 -2.110003 1.414032
-0.000000 -2.110003 1.414032
-0.000000 -1.901217 1.684332
-0.000000 -2.249058 1.180397
-0.000000 -2.110003 1.414032
-0.000000 -2.249058 1.180397
-0.000000 -2.342580 0.981793
-0.000000 -2.342580 0.981793
-0.000000 -2.249058 1.180397
-0.000000 -2.466192 0.607862
-0.000000 -2.342580 0.981793
-0.000000 -2.466192 0.607862
-0.000000 -2.489658 0.503193
-0.000000 -2.489658 0.503193
-0.000000 -2.466192 0.607862
-0.000000 -2.527369 0.252993
-0.000000 -2.527369 0.252993
-0.000000 -2.466192 0.607862
-0.000000 -2.540000 0.000000
-0.000000 -2.527369 0.252993
-0.000000 -2.540000 0.000000
-0.000000 -2.540000 0.000000
-2.540000 0.000000 0.000000
-2.540000 0.000000 0.000000
-2.511019 0.382603 0.000000
-2.511019 0.382603 0.000000
-2.540000 0.000000 0.000000
-2.466192 0.607862 0.000000
-2.511019 0.382603 0.000000
-2.466192 0.607862 0.000000
-2.426198 0.751774 0.000000
-2.426198 0.751774 0.000000
-2.466192 0.607862 0.000000
-2.249058 1.180397 0.000000
-2.426198 0.751774 0.000000
-2.249058 1.180397 0.000000
-2.297833 1.082388 0.000000
-2.297833 1.082388 0.000000
-2.249058 1.180397 0.000000
-2.146842 1.357450 0.000000
-2.146842 1.357450 0.000000
-2.249058 1.180397 0.000000
-1.901217 1.684332 0.000000
-2.146842 1.357450 0.000000
-1.901217 1.684332 0.000000
-1.986783 1.582496 0.000000
-1.986783 1.582496 0.000000
-1.901217 1.684332 0.000000
-1.834334 1.756935 0.000000
-1.834334 1.756935 0.000000
-1.901217 1.684332 0.000000
-1.721918 1.867243 0.000000
-1.721918 1.867243 0.000000
-1.901217 1.684332 0.000000
-1.690790 1.895476 0.000000
-1.690790 1.895476 0.000000
-1.901217 1.684332 0.000000
-1.442884 2.090379 0.000000
-1.690790 1.895476 0.000000
-1.442884 2.090379 0.000000
-1.680052 1.905000 0.000000
-1.680052 1.905000 0.000000
-1.442884 2.090379 0.000000
-1.442884 2.090379 0.000000
-1.680052 1.905000 0.000000
-1.442884 2.090379 0.000000
-1.690790 1.895476 0.000000
-1.690790 1.895476 0.000000
-1.442884 2.090379 0.000000
-1.901217 1.684332 0.000000
-1.690790 1.895476 0.000000
-1.901217 1.684332 0.000000
-1.721918 1.867243 0.000000
-1.721918 1.867243 0.000000
-1.901217 1.684332 0.000000
-1.834334 1.756935 0.000000
-1.834334 1.756935 0.000000
-1.901217 1.684332 0.000000
-1.986783 1.582496 0.000000
-1.986783 1.582496 0.000000
-1.901217 1.684332 0.000000
-2.146842 1.357450 0.000000
-2.146842 1.357450 0.000000
-1.901217 1.684332 0.000000
-2.249058 1.180397 0.000000
-2.146842 1.357450 0.000000
-2.249058 1.180397 0.000000
-2.297833 1.082388 0.000000
-2.297833 1.082388 0.000000
-2.249058 1.180397 0.000000
-2.426198 0.751774 0.000000
-2.426198 0.751774 0.000000
-2.249058 1.180397 0.000000
-2.466192 0.607862 0.000000
-2.426198 0.751774 0.000000
-2.466192 0.607862 0.000000
-2.511019 0.382603 0.000000
-2.511019 0.382603 0.000000
-2.466192 0.607862 0.000000
-2.540000 0.000000 0.000000
-2.511019 0.382603 0.000000
-2.540000 0.000000 0.000000
-2.540000 0.000000 0.000000
-1.442884 2.090379 0.000000
-1.442884 2.090379 0.000000
-0.900696 2.374941 0.000000
-0.900696 2.374941 0.000000
-1.442884 2.090379 0.000000
-0.900696 2.374941 0.000000
-0.900696 2.374941 0.000000
-0.900696 2.374941 0.000000
-0.306163 2.521481 0.000000
-0.306163 2.521481 0.000000
-0.900696 2.374941 0.000000
-0.306163 2.521481 0.000000
-0.306163 2.521481 0.000000
-0.306163 2.521481 0.000000
0.306163 2.521481 0.000000
0.306163 2.521481 0.000000
-0.306163 2.521481 0.000000
0.306163 2.521481 0.000000
0.306163 2.521481 0.000000
0.306163 2.521481 0.000000
0.900696 2.374941 0.000000
0.900696 2.374941 0.000000
0.306163 2.521481 0.000000
0.900696 2.374941 0.000000
0.900696 2.374941 0.000000
0.900696 2.374941 0.000000
1.442884 2.090379 0.000000
1.442884 2.090379 0.000000
0.900696 2.374941 0.000000
1.442884 2.090379 0.000000
1.442884 2.090379 0.000000
1.442884 2.090379 0.000000
1.901217 1.684332 0.000000
1.901217 1.684332 0.000000
1.442884 2.090379 0.000000
1.901217 1.684332 0.000000
1.901217 1.684332 0.000000
1.901217 1.684332 0.000000
2.249058 1.180397 0.000000
2.249058 1.180397 0.000000
1.901217 1.684332 0.000000
2.249058 1.180397 0.000000
2.249058 1.180397 0.000000
2.249058 1.180397 0.000000
2.466192 0.607862 0.000000
2.466192 0.607862 0.000000
2.249058 1.180397 0.000000
2.466192 0.607862 0.000000
2.466192 0.607862 0.000000
2.466192 0.607862 0.000000
2.540000 0.000000 0.000000
2.540000 0.000000 0.000000
2.466192 0.607862 0.000000
2.540000 0.000000 0.000000
-2.540000 0.000000 0.000000
-2.540000 0.000000 0.000000
-2.466192 0.607862 0.000000
-2.466192 0.607862 0.000000
-2.540000 0.000000 0.000000
-2.466192 0.607862 0.000000
-2.466192 0.607862 0.000000
-2.466192 0.607862 0.000000
-2.249058 1.180397 0.000000
-2.249058 1.180397 0.000000
-2.466192 0.607862 0.000000
-2.249058 1.180397 0.000000
-2.249058 1.180397 0.000000
-2.249058 1.180397 0.000000
-1.901217 1.684332 0.000000
-1.901217 1.684332 0.000000
-2.249058 1.180397 0.000000
-1.901217 1.684332 0.000000
-1.901217 1.684332 0.000000
-1.901217 1.684332 0.000000
-1.442884 2.090379 0.000000
-1.442884 2.090379 0.000000
-1.901217 1.684332 0.000000
-1.442884 2.090379 0.000000
-1.442884 2.090379 0.000000
-1.442884 2.090379 0.000000
-0.900696 2.374941 0.000000
-0.900696 2.374941 0.000000
-1.442884 2.090379 0.000000
-0.900696 2.374941 0.000000
-0.900696 2.374941 0.000000
-0.900696 2.374941 0.000000
-0.306163 2.521481 0.000000
-0.306163 2.521481 0.000000
-0.900696 2.374941 0.000000
-0.306163 2.521481 0.000000
-0.306163 2.521481 0.000000
-0.306163 2.521481 0.000000
0.306163 2.521481 0.000000
0.306163 2.521481 0.000000
-0.306163 2.521481 0.000000
0.306163 2.521481 0.000000
0.306163 2.521481 0.000000
0.306163 2.521481 0.000000
0.900696 2.374941 0.000000
0.900696 2.374941 0.000000
0.306163 2.521481 0.000000
0.900696 2.374941 0.000000
0.900696 2.374941 0.000000
0.900696 2.374941 0.000000
1.442884 2.090379 0.000000
1.442884 2.090379 0.000000
0.900696 2.374941 0.000000
1.442884 2.090379 0.000000
1.442884 2.090379 0.000000
1.442884 2.090379 0.000000
1.901217 1.684332 0.000000
1.901217 1.684332 0.000000
1.442884 2.090379 0.000000
1.901217 1.684332 0.000000
1.901217 1.684332 0.000000
1.901217 1.684332 0.000000
2.249058 1.180397 0.000000
2.249058 1.180397 0.000000
1.901217 1.684332 0.000000
2.249058 1.180397 0.000000
2.249058 1.180397 0.000000
2.249058 1.180397 0.000000
2.466192 0.607862 0.000000
2.466192 0.607862 0.000000
2.249058 1.180397 0.000000
2.466192 0.607862 0.000000
2.466192 0.607862 0.000000
2.466192 0.607862 0.000000
2.540000 0.000000 0.000000
2.540000 0.000000 0.000000
2.466192 0.607862 0.000000
2.540000 0.000000 0.000000
-2.540000 0.000000 0.000000
-2.540000 0.000000 0.000000
-2.466192 0.607862 0.000000
-2.466192 0.607862 0.000000
-2.540000 0.000000 0.000000
-2.466192 0.607862 0.000000
-2.466192 0.607862 0.000000
-2.466192 0.607862 0.000000
-2.249058 1.180397 0.000000
-2.249058 1.180397 0.000000
-2.466192 0.607862 0.000000
-2.249058 1.180397 0.000000
-2.249058 1.180397 0.000000
-2.249058 1.180397 0.000000
-1.901217 1.684332 0.000000
-1.901217 1.684332 0.000000
-2.249058 1.180397 0.000000
-1.901217 1.684332 0.000000
-1.901217 1.684332 0.000000
-1.901217 1.684332 0.000000
-1.442884 2.090379 0.000000
-1.442884 2.090379 0.000000
-1.901217 1.684332 0.000000
-1.442884 2.090379 0.000000
-1.442884 2.090379 0.000000
-1.442884 2.090379 0.000000
-0.900696 2.374941 0.000000
-0.900696 2.374941 0.000000
-1.442884 2.090379 0.000000
-0.900696 2.374941 0.000000
-0.900696 2.374941 0.000000
-0.900696 2.374941 0.000000
-0.306163 2.521481 0.000000
-0.306163 2.521481 0.000000
-0.900696 2.374941 0.000000
-0.306163 2.521481 0.000000
-0.306163 2.521481 0.000000
-0.306163 2.521481 0.000000
0.306163 2.521481 0.000000
0.306163 2.521481 0.000000
-0.306163 2.521481 0.000000
0.306163 2.521481 0.000000
0.306163 2.521481 0.000000
0.306163 2.521481 0.000000
0.900696 2.374941 0.000000
0.900696 2.374941 0.000000
0.306163 2.521481 0.000000
0.900696 2.374941 0.000000
0.900696 2.374941 0.000000
0.900696 2.374941 0.000000
1.442884 2.090379 0.000000
1.442884 2.090379 0.000000
0.900696 2.374941 0.000000
1.442884 2.090379 0.000000
1.442884 2.090379 0.000000
1.442884 2.090379 0.000000
1.901217 1.684332 0.000000
1.901217 1.684332 0.000000
1.442884 2.090379 0.000000
1.901217 1.684332 0.000000
1.901217 1.684332 0.000000
1.901217 1.684332 0.000000
2.249058 1.180397 0.000000
2.249058 1.180397 0.000000
1.901217 1.684332 0.000000
2.249058 1.180397 0.000000
2.249058 1.180397 0.000000
2.249058 1.180397 0.000000
2.466192 0.607862 0.000000
2.466192 0.607862 0.000000
2.249058 1.180397 0.000000
2.466192 0.607862 0.000000
2.466192 0.607862 0.000000
2.466192 0.607862 0.000000
2.540000 0.000000 0.000000
2.540000 0.000000 0.000000
2.466192 0.607862 0.000000
2.540000 0.000000 0.000000
-2.540000 0.000000 0.000000
-2.540000 0.000000 0.000000
-2.466192 0.607862 0.000000
-2.466192 0.607862 0.000000
-2.540000 0.000000 0.000000
-2.466192 0.607862 0.000000
-2.466192 0.607862 0.000000
-2.466192 0.607862 0.000000
-2.249058 1.180397 0.000000
-2.249058 1.180397 0.000000
-2.466192 0.607862 0.000000
-2.249058 1.180397 0.000000
-2.249058 1.180397 0.000000
-2.249058 1.180397 0.000000
-1.901217 1.684332 0.000000
-1.901217 1.684332 0.000000
-2.249058 1.180397 0.000000
-1.901217 1.684332 0.000000
-1.901217 1.684332 0.000000
-1.901217 1.684332 0.000000
-1.442884 2.090379 0.000000
-1.442884 2.090379 0.000000
-1.901217 1.684332 0.000000
-1.442884 2.090379 0.000000
-1.442884 2.090379 0.000000
-1.442884 2.090379 0.000000
-0.900696 2.374941 0.000000
-0.900696 2.374941 0.000000
-1.442884 2.090379 0.000000
-0.900696 2.374941 0.000000
-0.900696 2.374941 0.000000
-0.900696 2.374941 0.000000
-0.306163 2.521481 0.000000
-0.306163 2.521481 0.000000
-0.900696 2.374941 0.000000
-0.306163 2.521481 0.000000
-0.306163 2.521481 0.000000
-0.306163 2.521481 0.000000
0.306163 2.521481 0.000000
0.306163 2.521481 0.000000
-0.306163 2.521481 0.000000
0.306163 2.521481 0.000000
0.306163 2.521481 0.000000
0.306163 2.521481 0.000000
0.900696 2.374941 0.000000
0.900696 2.374941 0.000000
0.306163 2.521481 0.000000
0.900696 2.374941 0.000000
0.900696 2.374941 0.000000
0.900696 2.374941 0.000000
1.442884 2.090379 0.000000
1.442884 2.090379 0.000000
0.900696 2.374941 0.000000
1.442884 2.090379 0.000000
1.442884 2.090379 0.000000
1.442884 2.090379 0.000000
1.901217 1.684332 0.000000
1.901217 1.684332 0.000000
1.442884 2.090379 0.000000
1.901217 1.684332 0.000000
1.901217 1.684332 0.000000
1.901217 1.684332 0.000000
2.249058 1.180397 0.000000
2.249058 1.180397 0.000000
1.901217 1.684332 0.000000
2.249058 1.180397 0.000000
2.249058 1.180397 0.000000
2.249058 1.180397 0.000000
2.466192 0.607862 0.000000
2.466192 0.607862 0.000000
2.249058 1.180397 0.000000
2.466192 0.607862 0.000000
2.466192 0.607862 0.000000
2.466192 0.607862 0.000000
2.540000 0.000000 0.000000
2.540000 0.000000 0.000000
2.466192 0.607862 0.000000
2.540000 0.000000 0.000000
-2.540000 0.000000 0.000000
-2.540000 0.000000 0.000000
-2.466192 0.607862 0.000000
-2.466192 0.607862 0.000000
-2.540000 0.000000 0.000000
-2.466192 0.607862 0.000000
-2.466192 0.607862 0.000000
-2.466192 0.607862 0.000000
-2.249058 1.180397 0.000000
-2.249058 1.180397 0.000000
-2.466192 0.607862 0.000000
-2.249058 1.180397 0.000000
-2.249058 1.180397 0.000000
-2.249058 1.180397 0.000000
-1.901217 1.684332 0.000000
-1.901217 1.684332 0.000000
-2.249058 1.180397 0.000000
-1.901217 1.684332 0.000000
-1.901217 1.684332 0.000000
-1.901217 1.684332 0.000000
-1.442884 2.090379 0.000000
-1.442884 2.090379 0.000000
-1.901217 1.684332 0.000000
-1.442884 2.090379 0.000000
-1.442884 2.090379 0.000000
-1.442884 2.090379 0.000000
-0.900696 2.374941 0.000000
-0.900696 2.374941 0.000000
-1.442884 2.090379 0.000000
-0.900696 2.374941 0.000000
-0.900696 2.374941 0.000000
-0.900696 2.374941 0.000000
-0.306163 2.521481 0.000000
-0.306163 2.521481 0.000000
-0.900696 2.374941 0.000000
-0.306163 2.521481 0.000000
-0.306163 2.521481 0.000000
-0.306163 2.521481 0.000000
0.306163 2.521481 0.000000
0.306163 2.521481 0.000000
-0.306163 2.521481 0.000000
0.306163 2.521481 0.000000
0.306163 2.521481 0.000000
0.306163 2.521481 0.000000
0.900696 2.374941 0.000000
0.900696 2.374941 0.000000
0.306163 2.521481 0.000000
0.900696 2.374941 0.000000
0.900696 2.374941 0.000000
0.900696 2.374941 0.000000
1.442884 2.090379 0.000000
1.442884 2.090379 0.000000
0.900696 2.374941 0.000000
1.442884 2.090379 0.000000
1.442884 2.090379 0.000000
1.442884 2.090379 0.000000
1.901217 1.684332 0.000000
1.901217 1.684332 0.000000
1.442884 2.090379 0.000000
1.901217 1.684332 0.000000
1.901217 1.684332 0.000000
1.901217 1.684332 0.000000
2.249058 1.180397 0.000000
2.249058 1.180397 0.000000
1.901217 1.684332 0.000000
2.249058 1.180397 0.000000
2.249058 1.180397 0.000000
2.249058 1.180397 0.000000
2.466192 0.607862 0.000000
2.466192 0.607862 0.000000
2.249058 1.180397 0.000000
2.466192 0.607862 0.000000
2.466192 0.607862 0.000000
2.466192 0.607862 0.000000
2.540000 0.000000 0.000000
2.540000 0.000000 0.000000
2.466192 0.607862 0.000000
2.540000 0.000000 0.000000
2.540000 0.000000 0.000000
2.540000 0.000000 0.000000
2.466192 0.607862 0.000000
2.466192 0.607862 0.000000
2.540000 0.000000 0.000000
2.466192 0.607862 0.000000
2.466192 0.607862 0.000000
2.466192 0.607862 0.000000
2.249058 1.180397 0.000000
2.249058 1.180397 0.000000
2.466192 0.607862 0.000000
2.249058 1.180397 0.000000
2.249058 1.180397 0.000000
2.249058 1.180397 0.000000
1.901217 1.684332 0.000000
1.901217 1.684332 0.000000
2.249058 1.180397 0.000000
1.901217 1.684332 0.000000
1.901217 1.684332 0.000000
1.901217 1.684332 0.000000
1.442884 2.090379 0.000000
1.442884 2.090379 0.000000
1.901217 1.684332 0.000000
1.442884 2.090379 0.000000
1.442884 2.090379 0.000000
1.442884 2.090379 0.000000
0.900696 2.374941 0.000000
0.900696 2.374941 0.000000
1.442884 2.090379 0.000000
0.900696 2.374941 0.000000
0.900696 2.374941 0.000000
0.900696 2.374941 0.000000
0.306163 2.521481 0.000000
0.306163 2.521481 0.000000
0.900696 2.374941 0.000000
0.306163 2.521481 0.000000
0.306163 2.521481 0.000000
0.306163 2.521481 0.000000
-0.306163 2.521481 0.000000
-0.306163 2.521481 0.000000
0.306163 2.521481 0.000000
-0.306163 2.521481 0.000000
-0.306163 2.521481 0.000000
-0.306163 2.521481 0.000000
-0.900696 2.374941 0.000000
-0.900696 2.374941 0.000000
-0.306163 2.521481 0.000000
-0.900696 2.374941 0.000000
-0.900696 2.374941 0.000000
-0.900696 2.374941 0.000000
-1.442884 2.090379 0.000000
-1.442884 2.090379 0.000000
-0.900696 2.374941 0.000000
-1.442884 2.090379 0.000000
-1.442884 2.090379 0.000000
-1.442884 2.090379 0.000000
-1.901217 1.684332 0.000000
-1.901217 1.684332 0.000000
-1.442884 2.090379 0.000000
-1.901217 1.684332 0.000000
-1.901217 1.684332 0.000000
-1.901217 1.684332 0.000000
-2.249058 1.180397 0.000000
-2.249058 1.180397 0.000000
-1.901217 1.684332 0.000000
-2.249058 1.180397 0.000000
-2.249058 1.180397 0.000000
-2.249058 1.180397 0.000000
-2.466192 0.607862 0.000000
-2.466192 0.607862 0.000000
-2.249058 1.180397 0.000000
-2.466192 0.607862 0.000000
-2.466192 0.607862 0.000000
-2.466192 0.607862 0.000000
-2.540000 0.000000 0.000000
-2.540000 0.000000 0.000000
-2.466192 0.607862 0.000000
-2.540000 0.000000 0.000000
2.540000 0.000000 0.000000
2.540000 0.000000 0.000000
2.466192 0.607862 0.000000
2.466192 0.607862 0.000000
2.540000 0.000000 0.000000
2.466192 0.607862 0.000000
2.466192 0.607862 0.000000
2.466192 0.607862 0.000000
2.249058 1.180397 0.000000
2.249058 1.180397 0.000000
2.466192 0.607862 0.000000
2.249058 1.180397 0.000000
2.249058 1.180397 0.000000
2.249058 1.180397 0.000000
1.901217 1.684332 0.000000
1.901217 1.684332 0.000000
2.249058 1.180397 0.000000
1.901217 1.684332 0.000000
1.901217 1.684332 0.000000
1.901217 1.684332 0.000000
1.442884 2.090379 0.000000
1.442884 2.090379 0.000000
1.901217 1.684332 0.000000
1.442884 2.090379 0.000000
1.442884 2.090379 0.000000
1.442884 2.090379 0.000000
0.900696 2.374941 0.000000
0.900696 2.374941 0.000000
1.442884 2.090379 0.000000
0.900696 2.374941 0.000000
0.900696 2.374941 0.000000
0.900696 2.374941 0.000000
0.306163 2.521481 0.000000
0.306163 2.521481 0.000000
0.900696 2.374941 0.000000
0.306163 2.521481 0.000000
0.306163 2.521481 0.000000
0.306163 2.521481 0.000000
-0.306163 2.521481 0.000000
-0.306163 2.521481 0.000000
0.306163 2.521481 0.000000
-0.306163 2.521481 0.000000
-0.306163 2.521481 0.000000
-0.306163 2.521481 0.000000
-0.900696 2.374941 0.000000
-0.900696 2.374941 0.000000
-0.306163 2.521481 0.000000
-0.900696 2.374941 0.000000
-0.900696 2.374941 0.000000
-0.900696 2.374941 0.000000
-1.442884 2.090379 0.000000
-1.442884 2.090379 0.000000
-0.900696 2.374941 0.000000
-1.442884 2.090379 0.000000
-1.442884 2.090379 0.000000
-1.442884 2.090379 0.000000
-1.901217 1.684332 0.000000
-1.901217 1.684332 0.000000
-1.442884 2.090379 0.000000
-1.901217 1.684332 0.000000
-1.901217 1.684332 0.000000
-1.901217 1.684332 0.000000
-2.249058 1.180397 0.000000
-2.249058 1.180397 0.000000
-1.901217 1.684332 0.000000
-2.249058 1.180397 0.000000
-2.249058 1.180397 0.000000
-2.249058 1.180397 0.000000
-2.466192 0.607862 0.000000
-2.466192 0.607862 0.000000
-2.249058 1.180397 0.000000
-2.466192 0.607862 0.000000
-2.466192 0.607862 0.000000
-2.466192 0.607862 0.000000
-2.540000 0.000000 0.000000
-2.540000 0.000000 0.000000
-2.466192 0.607862 0.000000
-2.540000 0.000000 0.000000
2.540000 0.000000 0.000000
2.540000 0.000000 0.000000
2.466192 0.607862 0.000000
2.466192 0.607862 0.000000
2.540000 0.000000 0.000000
2.466192 0.607862 0.000000
2.466192 0.607862 0.000000
2.466192 0.607862 0.000000
2.249058 1.180397 0.000000
2.249058 1.180397 0.000000
2.466192 0.607862 0.000000
2.249058 1.180397 0.000000
2.249058 1.180397 0.000000
2.249058 1.180397 0.000000
1.901217 1.684332 0.000000
1.901217 1.684332 0.000000
2.249058 1.180397 0.000000
1.901217 1.684332 0.000000
1.901217 1.684332 0.000000
1.901217 1.684332 0.000000
1.442884 2.090379 0.000000
1.442884 2.090379 0.000000
1.901217 1.684332 0.000000
1.442884 2.090379 0.000000
1.442884 2.090379 0.000000
1.442884 2.090379 0.000000
0.900696 2.374941 0.000000
0.900696 2.374941 0.000000
1.442884 2.090379 0.000000
0.900696 2.374941 0.000000
0.900696 2.374941 0.000000
0.900696 2.374941 0.000000
0.306163 2.521481 0.000000
0.306163 2.521481 0.000000
0.900696 2.374941 0.000000
0.306163 2.521481 0.000000
0.306163 2.521481 0.000000
0.306163 2.521481 0.000000
-0.306163 2.521481 0.000000
-0.306163 2.521481 0.000000
0.306163 2.521481 0.000000
-0.306163 2.521481 0.000000
-0.306163 2.521481 0.000000
-0.306163 2.521481 0.000000
-0.900696 2.374941 0.000000
-0.900696 2.374941 0.000000
-0.306163 2.521481 0.000000
-0.900696 2.374941 0.000000
-0.900696 2.374941 0.000000
-0.900696 2.374941 0.000000
-1.442884 2.090379 0.000000
-1.442884 2.090379 0.000000
-0.900696 2.374941 0.000000
-1.442884 2.090379 0.000000
-1.442884 2.090379 0.000000
-1.442884 2.090379 0.000000
-1.901217 1.684332 0.000000
-1.901217 1.684332 0.000000
-1.442884 2.090379 0.000000
-1.901217 1.684332 0.000000
-1.901217 1.684332 0.000000
-1.901217 1.684332 0.000000
-2.249058 1.180397 0.000000
-2.249058 1.180397 0.000000
-1.901217 1.684332 0.000000
-2.249058 1.180397 0.000000
-2.249058 1.180397 0.000000
-2.249058 1.180397 0.000000
-2.466192 0.607862 0.000000
-2.466192 0.607862 0.000000
-2.249058 1.180397 0.000000
-2.466192 0.607862 0.000000
-2.466192 0.607862 0.000000
-2.466192 0.607862 0.000000
-2.540000 0.000000 0.000000
-2.540000 0.000000 0.000000
-2.466192 0.607862 0.000000
-2.540000 0.000000 0.000000
2.540000 0.000000 0.000000
2.540000 0.000000 0.000000
2.466192 0.607862 0.000000
2.466192 0.607862 0.000000
2.540000 0.000000 0.000000
2.466192 0.607862 0.000000
2.466192 0.607862 0.000000
2.466192 0.607862 0.000000
2.249058 1.180397 0.000000
2.249058 1.180397 0.000000
2.466192 0.607862 0.000000
2.249058 1.180397 0.000000
2.249058 1.180397 0.000000
2.249058 1.180397 0.000000
1.901217 1.684332 0.000000
1.901217 1.684332 0.000000
2.249058 1.180397 0.000000
1.901217 1.684332 0.000000
1.901217 1.684332 0.000000
1.901217 1.684332 0.000000
1.442884 2.090379 0.000000
1.442884 2.090379 0.000000
1.901217 1.684332 0.000000
1.442884 2.090379 0.000000
1.442884 2.090379 0.000000
1.442884 2.090379 0.000000
0.900696 2.374941 0.000000
0.900696 2.374941 0.000000
1.442884 2.090379 0.000000
0.900696 2.374941 0.000000
0.900696 2.374941 0.000000
0.900696 2.374941 0.000000
0.306163 2.521481 0.000000
0.306163 2.521481 0.000000
0.900696 2.374941 0.000000
0.306163 2.521481 0.000000
0.306163 2.521481 0.000000
0.306163 2.521481 0.000000
-0.306163 2.521481 0.000000
-0.306163 2.521481 0.000000
0.306163 2.521481 0.000000
-0.306163 2.521481 0.000000
-0.306163 2.521481 0.000000
-0.306163 2.521481 0.000000
-0.900696 2.374941 0.000000
-0.900696 2.374941 0.000000
-0.306163 2.521481 0.000000
-0.900696 2.374941 0.000000
-0.900696 2.374941 0.000000
-0.900696 2.374941 0.000000
-1.442884 2.090379 0.000000
-1.442884 2.090379 0.000000
-0.900696 2.374941 0.000000
-1.442884 2.090379 0.000000
-1.442884 2.090379 0.000000
-1.442884 2.090379 0.000000
-1.901217 1.684332 0.000000
-1.901217 1.684332 0.000000
-1.442884 2.090379 0.000000
-1.901217 1.684332 0.000000
-1.901217 1.684332 0.000000
-1.901217 1.684332 0.000000
-2.249058 1.180397 0.000000
-2.249058 1.180397 0.000000
-1.901217 1.684332 0.000000
-2.249058 1.180397 0.000000
-2.249058 1.180397 0.000000
-2.249058 1.180397 0.000000
-2.466192 0.607862 0.000000
-2.466192 0.607862 0.000000
-2.249058 1.180397 0.000000
-2.466192 0.607862 0.000000
-2.466192 0.607862 0.000000
-2.466192 0.607862 0.000000
-2.540000 0.000000 0.000000
-2.540000 0.000000 0.000000
-2.466192 0.607862 0.000000
-2.540000 0.000000 0.000000
2.540000 0.000000 0.000000
2.540000 0.000000 0.000000
2.466192 0.607862 0.000000
2.466192 0.607862 0.000000
2.540000 0.000000 0.000000
2.466192 0.607862 0.000000
2.466192 0.607862 0.000000
2.466192 0.607862 0.000000
2.249058 1.180397 0.000000
2.249058 1.180397 0.000000
2.466192 0.607862 0.000000
2.249058 1.180397 0.000000
2.249058 1.180397 0.000000
2.249058 1.180397 0.000000
1.901217 1.684332 0.000000
1.901217 1.684332 0.000000
2.249058 1.180397 0.000000
1.901217 1.684332 0.000000
1.901217 1.684332 0.000000
1.901217 1.684332 0.000000
1.442884 2.090379 0.000000
1.442884 2.090379 0.000000
1.901217 1.684332 0.000000
1.442884 2.090379 0.000000
1.442884 2.090379 0.000000
1.442884 2.090379 0.000000
0.900696 2.374941 0.000000
0.900696 2.374941 0.000000
1.442884 2.090379 0.000000
0.900696 2.374941 0.000000
0.900696 2.374941 0.000000
0.900696 2.374941 0.000000
0.306163 2.521481 0.000000
0.306163 2.521481 0.000000
0.900696 2.374941 0.000000
0.306163 2.521481 0.000000
0.306163 2.521481 0.000000
0.306163 2.521481 0.000000
-0.306163 2.521481 0.000000
-0.306163 2.521481 0.000000
0.306163 2.521481 0.000000
-0.306163 2.521481 0.000000
-0.306163 2.521481 0.000000
-0.306163 2.521481 0.000000
-0.900696 2.374941 0.000000
-0.900696 2.374941 0.000000
-0.306163 2.521481 0.000000
-0.900696 2.374941 0.000000
-0.900696 2.374941 0.000000
-0.900696 2.374941 0.000000
-1.442884 2.090379 0.000000
-1.442884 2.090379 0.000000
-0.900696 2.374941 0.000000
-1.442884 2.090379 0.000000
-1.442884 2.090379 0.000000
-1.442884 2.090379 0.000000
-1.901217 1.684332 0.000000
-1.901217 1.684332 0.000000
-1.442884 2.090379 0.000000
-1.901217 1.684332 0.000000
-1.901217 1.684332 0.000000
-1.901217 1.684332 0.000000
-2.249058 1.180397 0.000000
-2.249058 1.180397 0.000000
-1.901217 1.684332 0.000000
-2.249058 1.180397 0.000000
-2.249058 1.180397 0.000000
-2.249058 1.180397 0.000000
-2.466192 0.607862 0.000000
-2.466192 0.607862 0.000000
-2.249058 1.180397 0.000000
-2.466192 0.607862 0.000000
-2.466192 0.607862 0.000000
-2.466192 0.607862 0.000000
-2.540000 0.000000 0.000000
-2.540000 0.000000 0.000000
-2.466192 0.607862 0.000000
-2.540000 0.000000 0.000000
2.540000 0.000000 0.000000
2.540000 0.000000 0.000000
2.466192 0.607862 0.000000
2.466192 0.607862 0.000000
2.540000 0.000000 0.000000
2.466192 0.607862 0.000000
2.466192 0.607862 0.000000
2.466192 0.607862 0.000000
2.249058 1.180397 0.000000
2.249058 1.180397 0.000000
2.466192 0.607862 0.000000
2.249058 1.180397 0.000000
2.249058 1.180397 0.000000
2.249058 1.180397 0.000000
1.901217 1.684332 0.000000
1.901217 1.684332 0.000000
2.249058 1.180397 0.000000
1.901217 1.684332 0.000000
1.901217 1.684332 0.000000
1.901217 1.684332 0.000000
1.442884 2.090379 0.000000
1.442884 2.090379 0.000000
1.901217 1.684332 0.000000
1.442884 2.090379 0.000000
1.442884 2.090379 0.000000
1.442884 2.090379 0.000000
0.900696 2.374941 0.000000
0.900696 2.374941 0.000000
1.442884 2.090379 0.000000
0.900696 2.374941 0.000000
0.900696 2.374941 0.000000
0.900696 2.374941 0.000000
0.306163 2.521481 0.000000
0.306163 2.521481 0.000000
0.900696 2.374941 0.000000
0.306163 2.521481 0.000000
0.306163 2.521481 0.000000
0.306163 2.521481 0.000000
-0.306163 2.521481 0.000000
-0.306163 2.521481 0.000000
0.306163 2.521481 0.000000
-0.306163 2.521481 0.000000
-0.306163 2.521481 0.000000
-0.306163 2.521481 0.000000
-0.900696 2.374941 0.000000
-0.900696 2.374941 0.000000
-0.306163 2.521481 0.000000
-0.900696 2.374941 0.000000
-0.900696 2.374941 0.000000
-0.900696 2.374941 0.000000
-1.442884 2.090379 0.000000
-1.442884 2.090379 0.000000
-0.900696 2.374941 0.000000
-1.442884 2.090379 0.000000
-1.442884 2.090379 0.000000
-1.442884 2.090379 0.000000
-1.901217 1.684332 0.000000
-1.901217 1.684332 0.000000
-1.442884 2.090379 0.000000
-1.901217 1.684332 0.000000
-1.901217 1.684332 0.000000
-1.901217 1.684332 0.000000
-2.249058 1.180397 0.000000
-2.249058 1.180397 0.000000
-1.901217 1.684332 0.000000
-2.249058 1.180397 0.000000
-2.249058 1.180397 0.000000
-2.249058 1.180397 0.000000
-2.466192 0.607862 0.000000
-2.466192 0.607862 0.000000
-2.249058 1.180397 0.000000
-2.466192 0.607862 0.000000
-2.466192 0.607862 0.000000
-2.466192 0.607862 0.000000
-2.540000 0.000000 0.000000
-2.540000 0.000000 0.000000
-2.466192 0.607862 0.000000
-2.540000 0.000000 0.000000
2.540000 0.000000 0.000000
2.540000 0.000000 0.000000
2.466192 0.607862 0.000000
2.466192 0.607862 0.000000
2.540000 0.000000 0.000000
2.466192 0.607862 0.000000
2.466192 0.607862 0.000000
2.466192 0.607862 0.000000
2.249058 1.180397 0.000000
2.249058 1.180397 0.000000
2.466192 0.607862 0.000000
2.249058 1.180397 0.000000
2.249058 1.180397 0.000000
2.249058 1.180397 0.000000
1.901217 1.684332 0.000000
1.901217 1.684332 0.000000
2.249058 1.180397 0.000000
1.901217 1.684332 0.000000
1.901217 1.684332 0.000000
1.901217 1.684332 0.000000
1.442884 2.090379 0.000000
1.442884 2.090379 0.000000
1.901217 1.684332 0.000000
1.442884 2.090379 0.000000
1.442884 2.090379 0.000000
1.442884 2.090379 0.000000
0.900696 2.374941 0.000000
0.900696 2.374941 0.000000
1.442884 2.090379 0.000000
0.900696 2.374941 0.000000
0.900696 2.374941 0.000000
0.900696 2.374941 0.000000
0.306163 2.521481 0.000000
0.306163 2.521481 0.000000
0.900696 2.374941 0.000000
0.306163 2.521481 0.000000
0.306163 2.521481 0.000000
0.306163 2.521481 0.000000
-0.306163 2.521481 0.000000
-0.306163 2.521481 0.000000
0.306163 2.521481 0.000000
-0.306163 2.521481 0.000000
-0.306163 2.521481 0.000000
-0.306163 2.521481 0.000000
-0.900696 2.374941 0.000000
-0.900696 2.374941 0.000000
-0.306163 2.521481 0.000000
-0.900696 2.374941 0.000000
-0.900696 2.374941 0.000000
-0.900696 2.374941 0.000000
-1.442884 2.090379 0.000000
-1.442884 2.090379 0.000000
-0.900696 2.374941 0.000000
-1.442884 2.090379 0.000000
-1.442884 2.090379 0.000000
-1.442884 2.090379 0.000000
-1.901217 1.684332 0.000000
-1.901217 1.684332 0.000000
-1.442884 2.090379 0.000000
-1.901217 1.684332 0.000000
-1.901217 1.684332 0.000000
-1.901217 1.684332 0.000000
-2.249058 1.180397 0.000000
-2.249058 1.180397 0.000000
-1.901217 1.684332 0.000000
-2.249058 1.180397 0.000000
-2.249058 1.180397 0.000000
-2.249058 1.180397 0.000000
-2.466192 0.607862 0.000000
-2.466192 0.607862 0.000000
-2.249058 1.180397 0.000000
-2.466192 0.607862 0.000000
-2.466192 0.607862 0.000000
-2.466192 0.607862 0.000000
-2.540000 0.000000 0.000000
-2.540000 0.000000 0.000000
-2.466192 0.607862 0.000000
-2.540000 0.000000 0.000000
2.540000 0.000000 0.000000
2.540000 0.000000 0.000000
2.466192 0.607862 0.000000
2.466192 0.607862 0.000000
2.540000 0.000000 0.000000
2.466192 0.607862 0.000000
2.466192 0.607862 0.000000
2.466192 0.607862 0.000000
2.249058 1.180397 0.000000
2.249058 1.180397 0.000000
2.466192 0.607862 0.000000
2.249058 1.180397 0.000000
2.249058 1.180397 0.000000
2.249058 1.180397 0.000000
1.901217 1.684332 0.000000
1.901217 1.684332 0.000000
2.249058 1.180397 0.000000
1.901217 1.684332 0.000000
1.901217 1.684332 0.000000
1.901217 1.684332 0.000000
1.442884 2.090379 0.000000
1.442884 2.090379 0.000000
1.901217 1.684332 0.000000
1.442884 2.090379 0.000000
1.442884 2.090379 0.000000
1.442884 2.090379 0.000000
0.900696 2.374941 0.000000
0.900696 2.374941 0.000000
1.442884 2.090379 0.000000
0.900696 2.374941 0.000000
0.900696 2.374941 0.000000
0.900696 2.374941 0.000000
0.306163 2.521481 0.000000
0.306163 2.521481 0.000000
0.900696 2.374941 0.000000
0.306163 2.521481 0.000000
0.306163 2.521481 0.000000
0.306163 2.521481 0.000000
-0.306163 2.521481 0.000000
-0.306163 2.521481 0.000000
0.306163 2.521481 0.000000
-0.306163 2.521481 0.000000
-0.306163 2.521481 0.000000
-0.306163 2.521481 0.000000
-0.900696 2.374941 0.000000
-0.900696 2.374941 0.000000
-0.306163 2.521481 0.000000
-0.900696 2.374941 0.000000
-0.900696 2.374941 0.000000
-0.900696 2.374941 0.000000
-1.442884 2.090379 0.000000
-1.442884 2.090379 0.000000
-0.900696 2.374941 0.000000
-1.442884 2.090379 0.000000
-1.442884 2.090379 0.000000
-1.442884 2.090379 0.000000
-1.901217 1.684332 0.000000
-1.901217 1.684332 0.000000
-1.442884 2.090379 0.000000
-1.901217 1.684332 0.000000
-1.901217 1.684332 0.000000
-1.901217 1.684332 0.000000
-2.249058 1.180397 0.000000
-2.249058 1.180397 0.000000
-1.901217 1.684332 0.000000
-2.249058 1.180397 0.000000
-2.249058 1.180397 0.000000
-2.249058 1.180397 0.000000
-2.466192 0.607862 0.000000
-2.466192 0.607862 0.000000
-2.249058 1.180397 0.000000
-2.466192 0.607862 0.000000
-2.466192 0.607862 0.000000
-2.466192 0.607862 0.000000
-2.540000 0.000000 0.000000
-2.540000 0.000000 0.000000
-2.466192 0.607862 0.000000
-2.540000 0.000000 0.000000
2.540000 0.000000 0.000000
2.540000 0.000000 0.000000
2.466192 0.607862 0.000000
2.466192 0.607862 0.000000
2.540000 0.000000 0.000000
2.466192 0.607862 0.000000
2.466192 0.607862 0.000000
2.466192 0.607862 0.000000
2.249058 1.180397 0.000000
2.249058 1.180397 0.000000
2.466192 0.607862 0.000000
2.249058 1.180397 0.000000
2.249058 1.180397 0.000000
2.249058 1.180397 0.000000
1.901217 1.684332 0.000000
1.901217 1.684332 0.000000
2.249058 1.180397 0.000000
1.901217 1.684332 0.000000
1.901217 1.684332 0.000000
1.901217 1.684332 0.000000
1.442884 2.090379 0.000000
1.442884 2.090379 0.000000
1.901217 1.684332 0.000000
1.442884 2.090379 0.000000
1.442884 2.090379 0.000000
1.442884 2.090379 0.000000
0.900696 2.374941 0.000000
0.900696 2.374941 0.000000
1.442884 2.090379 0.000000
0.900696 2.374941 0.000000
0.900696 2.374941 0.000000
0.900696 2.374941 0.000000
0.306163 2.521481 0.000000
0.306163 2.521481 0.000000
0.900696 2.374941 0.000000
0.306163 2.521481 0.000000
0.306163 2.521481 0.000000
0.306163 2.521481 0.000000
-0.306163 2.521481 0.000000
-0.306163 2.521481 0.000000
0.306163 2.521481 0.000000
-0.306163 2.521481 0.000000
-0.306163 2.521481 0.000000
-0.306163 2.521481 0.000000
-0.900696 2.374941 0.000000
-0.900696 2.374941 0.000000
-0.306163 2.521481 0.000000
-0.900696 2.374941 0.000000
-0.900696 2.374941 0.000000
-0.900696 2.374941 0.000000
-1.442884 2.090379 0.000000
-1.442884 2.090379 0.000000
-0.900696 2.374941 0.000000
-1.442884 2.090379 0.000000
-1.442884 2.090379 0.000000
-1.442884 2.090379 0.000000
-1.901217 1.684332 0.000000
-1.901217 1.684332 0.000000
-1.442884 2.090379 0.000000
-1.901217 1.684332 0.000000
-1.901217 1.684332 0.000000
-1.901217 1.684332 0.000000
-2.249058 1.180397 0.000000
-2.249058 1.180397 0.000000
-1.901217 1.684332 0.000000
-2.249058 1.180397 0.000000
-2.249058 1.180397 0.000000
-2.249058 1.180397 0.000000
-2.466192 0.607862 0.000000
-2.466192 0.607862 0.000000
-2.249058 1.180397 0.000000
-2.466192 0.607862 0.000000
-2.466192 0.607862 0.000000
-2.466192 0.607862 0.000000
-2.540000 0.000000 0.000000
-2.540000 0.000000 0.000000
-2.466192 0.607862 0.000000
-2.540000 0.000000 0.000000
-2.540000 0.000000 0.000000
-2.540000 0.000000 0.000000
-2.466192 0.607862 0.000000
-2.466192 0.607862 0.000000
-2.540000 0.000000 0.000000
-2.466192 0.607862 0.000000
-2.466192 0.607862 0.000000
-2.466192 0.607862 0.000000
-2.249058 1.180397 0.000000
-2.249058 1.180397 0.000000
-2.466192 0.607862 0.000000
-2.249058 1.180397 0.000000
-2.249058 1.180397 0.000000
-2.249058 1.180397 0.000000
-1.901217 1.684332 0.000000
-1.901217 1.684332 0.000000
-2.249058 1.180397 0.000000
-1.901217 1.684332 0.000000
-1.901217 1.684332 0.000000
-1.901217 1.684332 0.000000
-1.442884 2.090379 0.000000
-1.442884 2.090379 0.000000
-1.901217 1.684332 0.000000
-1.442884 2.090379 0.000000
-1.442884 2.090379 0.000000
-1.442884 2.090379 0.000000
-0.900696 2.374941 0.000000
-0.900696 2.374941 0.000000
-1.442884 2.090379 0.000000
-0.900696 2.374941 0.000000
-0.900696 2.374941 0.000000
-0.900696 2.374941 0.000000
-0.306163 2.521481 0.000000
-0.306163 2.521481 0.000000
-0.900696 2.374941 0.000000
-0.306163 2.521481 0.000000
-0.306163 2.521481 0.000000
-0.306163 2.521481 0.000000
0.306163 2.521481 0.000000
0.306163 2.521481 0.000000
-0.306163 2.521481 0.000000
0.306163 2.521481 0.000000
0.306163 2.521481 0.000000
0.306163 2.521481 0.000000
0.900696 2.374941 0.000000
0.900696 2.374941 0.000000
0.306163 2.521481 0.000000
0.900696 2.374941 0.000000
0.900696 2.374941 0.000000
0.900696 2.374941 0.000000
1.442884 2.090379 0.000000
1.442884 2.090379 0.000000
0.900696 2.374941 0.000000
1.442884 2.090379 0.000000
1.442884 2.090379 0.000000
1.442884 2.090379 0.000000
1.901217 1.684332 0.000000
1.901217 1.684332 0.000000
1.442884 2.090379 0.000000
1.901217 1.684332 0.000000
1.901217 1.684332 0.000000
1.901217 1.684332 0.000000
2.249058 1.180397 0.000000
2.249058 1.180397 0.000000
1.901217 1.684332 0.000000
2.249058 1.180397 0.000000
2.249058 1.180397 0.000000
2.249058 1.180397 0.000000
2.466192 0.607862 0.000000
2.466192 0.607862 0.000000
2.249058 1.180397 0.000000
2.466192 0.607862 0.000000
2.466192 0.607862 0.000000
2.466192 0.607862 0.000000
2.540000 0.000000 0.000000
2.540000 0.000000 0.000000
2.466192 0.607862 0.000000
2.540000 0.000000 0.000000
-2.540000 0.000000 0.000000
-2.540000 0.000000 0.000000
-2.466192 0.607862 0.000000
-2.466192 0.607862 0.000000
-2.540000 0.000000 0.000000
-2.466192 0.607862 0.000000
-2.466192 0.607862 0.000000
-2.466192 0.607862 0.000000
-2.249058 1.180397 0.000000
-2.249058 1.180397 0.000000
-2.466192 0.607862 0.000000
-2.249058 1.180397 0.000000
-2.249058 1.180397 0.000000
-2.249058 1.180397 0.000000
-1.901217 1.684332 0.000000
-1.901217 1.684332 0.000000
-2.249058 1.180397 0.000000
-1.901217 1.684332 0.000000
-1.901217 1.684332 0.000000
-1.901217 1.684332 0.000000
-1.442884 2.090379 0.000000
-1.442884 2.090379 0.000000
-1.901217 1.684332 0.000000
-1.442884 2.090379 0.000000
-1.442884 2.090379 0.000000
-1.442884 2.090379 0.000000
-0.900696 2.374941 0.000000
-0.900696 2.374941 0.000000
-1.442884 2.090379 0.000000
-0.900696 2.374941 0.000000
-0.900696 2.374941 0.000000
-0.900696 2.374941 0.000000
-0.306163 2.521481 0.000000
-0.306163 2.521481 0.000000
-0.900696 2.374941 0.000000
-0.306163 2.521481 0.000000
-0.306163 2.521481 0.000000
-0.306163 2.521481 0.000000
0.306163 2.521481 0.000000
0.306163 2.521481 0.000000
-0.306163 2.521481 0.000000
0.306163 2.521481 0.000000
0.306163 2.521481 0.000000
0.306163 2.521481 0.000000
0.900696 2.374941 0.000000
0.900696 2.374941 0.000000
0.306163 2.521481 0.000000
0.900696 2.374941 0.000000
0.900696 2.374941 0.000000
0.900696 2.374941 0.000000
1.442884 2.090379 0.000000
1.442884 2.090379 0.000000
0.900696 2.374941 0.000000
1.442884 2.090379 0.000000
1.442884 2.090379 0.000000
1.442884 2.090379 0.000000
1.901217 1.684332 0.000000
1.901217 1.684332 0.000000
1.442884 2.090379 0.000000
1.901217 1.684332 0.000000
1.901217 1.684332 0.000000
1.901217 1.684332 0.000000
2.249058 1.180397 0.000000
2.249058 1.180397 0.000000
1.901217 1.684332 0.000000
2.249058 1.180397 0.000000
2.249058 1.180397 0.000000
2.249058 1.180397 0.000000
2.466192 0.607862 0.000000
2.466192 0.607862 0.000000
2.249058 1.180397 0.000000
2.466192 0.607862 0.000000
2.466192 0.607862 0.000000
2.466192 0.607862 0.000000
2.540000 0.000000 0.000000
2.540000 0.000000 0.000000
2.466192 0.607862 0.000000
2.540000 0.000000 0.000000
-2.540000 0.000000 0.000000
-2.540000 0.000000 0.000000
-2.466192 0.607862 0.000000
-2.466192 0.607862 0.000000
-2.540000 0.000000 0.000000
-2.466192 0.607862 0.000000
-2.466192 0.607862 0.000000
-2.466192 0.607862 0.000000
-2.249058 1.180397 0.000000
-2.249058 1.180397 0.000000
-2.466192 0.607862 0.000000
-2.249058 1.180397 0.000000
-2.249058 1.180397 0.000000
-2.249058 1.180397 0.000000
-1.901217 1.684332 0.000000
-1.901217 1.684332 0.000000
-2.249058 1.180397 0.000000
-1.901217 1.684332 0.000000
-1.901217 1.684332 0.000000
-1.901217 1.684332 0.000000
-1.442884 2.090379 0.000000
-1.442884 2.090379 0.000000
-1.901217 1.684332 0.000000
-1.442884 2.090379 0.000000
-1.442884 2.090379 0.000000
-1.442884 2.090379 0.000000
-0.900696 2.374941 0.000000
-0.900696 2.374941 0.000000
-1.442884 2.090379 0.000000
-0.900696 2.374941 0.000000
-0.900696 2.374941 0.000000
-0.900696 2.374941 0.000000
-0.306163 2.521481 0.000000
-0.306163 2.521481 0.000000
-0.900696 2.374941 0.000000
-0.306163 2.521481 0.000000
-0.306163 2.521481 0.000000
-0.306163 2.521481 0.000000
0.306163 2.521481 0.000000
0.306163 2.521481 0.000000
-0.306163 2.521481 0.000000
0.306163 2.521481 0.000000
0.306163 2.521481 0.000000
0.306163 2.521481 0.000000
0.900696 2.374941 0.000000
0.900696 2.374941 0.000000
0.306163 2.521481 0.000000
0.900696 2.374941 0.000000
0.900696 2.374941 0.000000
0.900696 2.374941 0.000000
1.442884 2.090379 0.000000
1.442884 2.090379 0.000000
0.900696 2.374941 0.000000
1.442884 2.090379 0.000000
1.442884 2.090379 0.000000
1.442884 2.090379 0.000000
1.901217 1.684332 0.000000
1.901217 1.684332 0.000000
1.442884 2.090379 0.000000
1.901217 1.684332 0.000000
1.901217 1.684332 0.000000
1.901217 1.684332 0.000000
2.249058 1.180397 0.000000
2.249058 1.180397 0.000000
1.901217 1.684332 0.000000
2.249058 1.180397 0.000000
2.249058 1.180397 0.000000
2.249058 1.180397 0.000000
2.466192 0.607862 0.000000
2.466192 0.607862 0.000000
2.249058 1.180397 0.000000
2.466192 0.607862 0.000000
2.466192 0.607862 0.000000
2.466192 0.607862 0.000000
2.540000 0.000000 0.000000
2.540000 0.000000 0.000000
2.466192 0.607862 0.000000
2.540000 0.000000 0.000000
-2.540000 0.000000 0.000000
-2.540000 0.000000 0.000000
-2.466192 0.607862 0.000000
-2.466192 0.607862 0.000000
-2.540000 0.000000 0.000000
-2.466192 0.607862 0.000000
-2.466192 0.607862 0.000000
-2.466192 0.607862 0.000000
-2.249058 1.180397 0.000000
-2.249058 1.180397 0.000000
-2.466192 0.607862 0.000000
-2.249058 1.180397 0.000000
-2.249058 1.180397 0.000000
-2.249058 1.180397 0.000000
-1.901217 1.684332 0.000000
-1.901217 1.684332 0.000000
-2.249058 1.180397 0.000000
-1.901217 1.684332 0.000000
-1.901217 1.684332 0.000000
-1.901217 1.684332 0.000000
-1.442884 2.090379 0.000000
-1.442884 2.090379 0.000000
-1.901217 1.684332 0.000000
-1.442884 2.090379 0.000000
-1.442884 2.090379 0.000000
-1.442884 2.090379 0.000000
-0.900696 2.374941 0.000000
-0.900696 2.374941 0.000000
-1.442884 2.090379 0.000000
-0.900696 2.374941 0.000000
-0.900696 2.374941 0.000000
-0.900696 2.374941 0.000000
-0.306163 2.521481 0.000000
-0.306163 2.521481 0.000000
-0.900696 2.374941 0.000000
-0.306163 2.521481 0.000000
-0.306163 2.521481 0.000000
-0.306163 2.521481 0.000000
0.306163 2.521481 0.000000
0.306163 2.521481 0.000000
-0.306163 2.521481 0.000000
0.306163 2.521481 0.000000
0.306163 2.521481 0.000000
0.306163 2.521481 0.000000
0.900696 2.374941 0.000000
0.900696 2.374941 0.000000
0.306163 2.521481 0.000000
0.900696 2.374941 0.000000
0.900696 2.374941 0.000000
0.900696 2.374941 0.000000
1.442884 2.090379 0.000000
1.442884 2.090379 0.000000
0.900696 2.374941 0.000000
1.442884 2.090379 0.000000
1.442884 2.090379 0.000000
1.442884 2.090379 0.000000
1.901217 1.684332 0.000000
1.901217 1.684332 0.000000
1.442884 2.090379 0.000000
1.901217 1.684332 0.000000
1.901217 1.684332 0.000000
1.901217 1.684332 0.000000
2.249058 1.180397 0.000000
2.249058 1.180397 0.000000
1.901217 1.684332 0.000000
2.249058 1.180397 0.000000
2.249058 1.180397 0.000000
2.249058 1.180397 0.000000
2.466192 0.607862 0.000000
2.466192 0.607862 0.000000
2.249058 1.180397 0.000000
2.466192 0.607862 0.000000
2.466192 0.607862 0.000000
2.466192 0.607862 0.000000
2.540000 0.000000 0.000000
2.540000 0.000000 0.000000
2.466192 0.607862 0.000000
2.540000 0.000000 0.000000
-2.540000 0.000000 0.000000
-2.540000 0.000000 0.000000
-2.466192 0.607862 0.000000
-2.466192 0.607862 0.000000
-2.540000 0.000000 0.000000
-2.466192 0.607862 0.000000
-2.466192 0.607862 0.000000
-2.466192 0.607862 0.000000
-2.249058 1.180397 0.000000
-2.249058 1.180397 0.000000
-2.466192 0.607862 0.000000
-2.249058 1.180397 0.000000
-2.249058 1.180397 0.000000
-2.249058 1.180397 0.000000
-1.901217 1.684332 0.000000
-1.901217 1.684332 0.000000
-2.249058 1.180397 0.000000
-1.901217 1.684332 0.000000
-1.901217 1.684332 0.000000
-1.901217 1.684332 0.000000
-1.442884 2.090379 0.000000
-1.442884 2.090379 0.000000
-1.901217 1.684332 0.000000
-1.442884 2.090379 0.000000
-1.442884 2.090379 0.000000
-1.442884 2.090379 0.000000
-0.900696 2.374941 0.000000
-0.900696 2.374941 0.000000
-1.442884 2.090379 0.000000
-0.900696 2.374941 0.000000
-0.900696 2.374941 0.000000
-0.900696 2.374941 0.000000
-0.306163 2.521481 0.000000
-0.306163 2.521481 0.000000
-0.900696 2.374941 0.000000
-0.306163 2.521481 0.000000
-0.306163 2.521481 0.000000
-0.306163 2.521481 0.000000
0.306163 2.521481 0.000000
0.306163 2.521481 0.000000
-0.306163 2.521481 0.000000
0.306163 2.521481 0.000000
0.306163 2.521481 0.000000
0.306163 2.521481 0.000000
0.900696 2.374941 0.000000
0.900696 2.374941 0.000000
0.306163 2.521481 0.000000
0.900696 2.374941 0.000000
0.900696 2.374941 0.000000
0.900696 2.374941 0.000000
1.442884 2.090379 0.000000
1.442884 2.090379 0.000000
0.900696 2.374941 0.000000
1.442884 2.090379 0.000000
1.442884 2.090379 0.000000
1.442884 2.090379 0.000000
1.901217 1.684332 0.000000
1.901217 1.684332 0.000000
1.442884 2.090379 0.000000
1.901217 1.684332 0.000000
1.901217 1.684332 0.000000
1.901217 1.684332 0.000000
2.249058 1.180397 0.000000
2.249058 1.180397 0.000000
1.901217 1.684332 0.000000
2.249058 1.180397 0.000000
2.249058 1.180397 0.000000
2.249058 1.180397 0.000000
2.466192 0.607862 0.000000
2.466192 0.607862 0.000000
2.249058 1.180397 0.000000
2.466192 0.607862 0.000000
2.466192 0.607862 0.000000
2.466192 0.607862 0.000000
2.540000 0.000000 0.000000
2.540000 0.000000 0.000000
2.466192 0.607862 0.000000
2.540000 0.000000 0.000000
-2.540000 0.000000 0.000000
-2.540000 0.000000 0.000000
-2.466192 0.607862 0.000000
-2.466192 0.607862 0.000000
-2.540000 0.000000 0.000000
-2.466192 0.607862 0.000000
-2.466192 0.607862 0.000000
-2.466192 0.607862 0.000000
-2.249058 1.180397 0.000000
-2.249058 1.180397 0.000000
-2.466192 0.607862 0.000000
-2.249058 1.180397 0.000000
-2.249058 1.180397 0.000000
-2.249058 1.180397 0.000000
-1.901217 1.684332 0.000000
-1.901217 1.684332 0.000000
-2.249058 1.180397 0.000000
-1.901217 1.684332 0.000000
-1.901217 1.684332 0.000000
-1.901217 1.684332 0.000000
-1.442884 2.090379 0.000000
-1.442884 2.090379 0.000000
-1.901217 1.684332 0.000000
-1.442884 2.090379 0.000000
-1.442884 2.090379 0.000000
-1.442884 2.090379 0.000000
-0.900696 2.374941 0.000000
-0.900696 2.374941 0.000000
-1.442884 2.090379 0.000000
-0.900696 2.374941 0.000000
-0.900696 2.374941 0.000000
-0.900696 2.374941 0.000000
-0.306163 2.521481 0.000000
-0.306163 2.521481 0.000000
-0.900696 2.374941 0.000000
-0.306163 2.521481 0.000000
-0.306163 2.521481 0.000000
-0.306163 2.521481 0.000000
0.306163 2.521481 0.000000
0.306163 2.521481 0.000000
-0.306163 2.521481 0.000000
0.306163 2.521481 0.000000
0.306163 2.521481 0.000000
0.306163 2.521481 0.000000
0.900696 2.374941 0.000000
0.900696 2.374941 0.000000
0.306163 2.521481 0.000000
0.900696 2.374941 0.000000
0.900696 2.374941 0.000000
0.900696 2.374941 0.000000
1.442884 2.090379 0.000000
1.442884 2.090379 0.000000
0.900696 2.374941 0.000000
1.442884 2.090379 0.000000
1.442884 2.090379 0.000000
1.442884 2.090379 0.000000
1.901217 1.684332 0.000000
1.901217 1.684332 0.000000
1.442884 2.090379 0.000000
1.901217 1.684332 0.000000
1.901217 1.684332 0.000000
1.901217 1.684332 0.000000
2.249058 1.180397 0.000000
2.249058 1.180397 0.000000
1.901217 1.684332 0.000000
2.249058 1.180397 0.000000
2.249058 1.180397 0.000000
2.249058 1.180397 0.000000
2.466192 0.607862 0.000000
2.466192 0.607862 0.000000
2.249058 1.180397 0.000000
2.466192 0.607862 0.000000
2.466192 0.607862 0.000000
2.466192 0.607862 0.000000
2.540000 0.000000 0.000000
2.540000 0.000000 0.000000
2.466192 0.607862 0.000000
2.540000 0.000000 0.000000
-2.540000 0.000000 0.000000
-2.540000 0.000000 0.000000
-2.466192 0.607862 0.000000
-2.466192 0.607862 0.000000
-2.540000 0.000000 0.000000
-2.466192 0.607862 0.000000
-2.466192 0.607862 0.000000
-2.466192 0.607862 0.000000
-2.249058 1.180397 0.000000
-2.249058 1.180397 0.000000
-2.466192 0.607862 0.000000
-2.249058 1.180397 0.000000
-2.249058 1.180397 0.000000
-2.249058 1.180397 0.000000
-1.901217 1.684332 0.000000
-1.901217 1.684332 0.000000
-2.249058 1.180397 0.000000
-1.901217 1.684332 0.000000
-1.901217 1.684332 0.000000
-1.901217 1.684332 0.000000
-1.442884 2.090379 0.000000
-1.442884 2.090379 0.000000
-1.901217 1.684332 0.000000
-1.442884 2.090379 0.000000
-1.442884 2.090379 0.000000
-1.442884 2.090379 0.000000
-0.900696 2.374941 0.000000
-0.900696 2.374941 0.000000
-1.442884 2.090379 0.000000
-0.900696 2.374941 0.000000
-0.900696 2.374941 0.000000
-0.900696 2.374941 0.000000
-0.306163 2.521481 0.000000
-0.306163 2.521481 0.000000
-0.900696 2.374941 0.000000
-0.306163 2.521481 0.000000
-0.306163 2.521481 0.000000
-0.306163 2.521481 0.000000
0.306163 2.521481 0.000000
0.306163 2.521481 0.000000
-0.306163 2.521481 0.000000
0.306163 2.521481 0.000000
0.306163 2.521481 0.000000
0.306163 2.521481 0.000000
0.900696 2.374941 0.000000
0.900696 2.374941 0.000000
0.306163 2.521481 0.000000
0.900696 2.374941 0.000000
0.900696 2.374941 0.000000
0.900696 2.374941 0.000000
1.442884 2.090379 0.000000
1.442884 2.090379 0.000000
0.900696 2.374941 0.000000
1.442884 2.090379 0.000000
1.442884 2.090379 0.000000
1.442884 2.090379 0.000000
1.901217 1.684332 0.000000
1.901217 1.684332 0.000000
1.442884 2.090379 0.000000
1.901217 1.684332 0.000000
1.901217 1.684332 0.000000
1.901217 1.684332 0.000000
2.249058 1.180397 0.000000
2.249058 1.180397 0.000000
1.901217 1.684332 0.000000
2.249058 1.180397 0.000000
2.249058 1.180397 0.000000
2.249058 1.180397 0.000000
2.466192 0.607862 0.000000
2.466192 0.607862 0.000000
2.249058 1.180397 0.000000
2.466192 0.607862 0.000000
2.466192 0.607862 0.000000
2.466192 0.607862 0.000000
2.540000 0.000000 0.000000
2.540000 0.000000 0.000000
2.466192 0.607862 0.000000
2.540000 0.000000 0.000000
-2.540000 0.000000 0.000000
-2.540000 0.000000 0.000000
-2.466192 0.607862 0.000000
-2.466192 0.607862 0.000000
-2.540000 0.000000 0.000000
-2.466192 0.607862 0.000000
-2.466192 0.607862 0.000000
-2.466192 0.607862 0.000000
-2.249058 1.180397 0.000000
-2.249058 1.180397 0.000000
-2.466192 0.607862 0.000000
-2.249058 1.180397 0.000000
-2.249058 1.180397 0.000000
-2.249058 1.180397 0.000000
-1.901217 1.684332 0.000000
-1.901217 1.684332 0.000000
-2.249058 1.180397 0.000000
-1.901217 1.684332 0.000000
-1.901217 1.684332 0.000000
-1.901217 1.684332 0.000000
-1.442884 2.090379 0.000000
-1.442884 2.090379 0.000000
-1.901217 1.684332 0.000000
-1.442884 2.090379 0.000000
-1.442884 2.090379 0.000000
-1.442884 2.090379 0.000000
-0.900696 2.374941 0.000000
-0.900696 2.374941 0.000000
-1.442884 2.090379 0.000000
-0.900696 2.374941 0.000000
-0.900696 2.374941 0.000000
-0.900696 2.374941 0.000000
-0.306163 2.521481 0.000000
-0.306163 2.521481 0.000000
-0.900696 2.374941 0.000000
-0.306163 2.521481 0.000000
-0.306163 2.521481 0.000000
-0.306163 2.521481 0.000000
0.306163 2.521481 0.000000
0.306163 2.521481 0.000000
-0.306163 2.521481 0.000000
0.306163 2.521481 0.000000
0.306163 2.521481 0.000000
0.306163 2.521481 0.000000
0.900696 2.374941 0.000000
0.900696 2.374941 0.000000
0.306163 2.521481 0.000000
0.900696 2.374941 0.000000
0.900696 2.374941 0.000000
0.900696 2.374941 0.000000
1.442884 2.090379 0.000000
1.442884 2.090379 0.000000
0.900696 2.374941 0.000000
1.442884 2.090379 0.000000
1.442884 2.090379 0.000000
1.442884 2.090379 0.000000
1.901217 1.684332 0.000000
1.901217 1.684332 0.000000
1.442884 2.090379 0.000000
1.901217 1.684332 0.000000
1.901217 1.684332 0.000000
1.901217 1.684332 0.000000
2.249058 1.180397 0.000000
2.249058 1.180397 0.000000
1.901217 1.684332 0.000000
2.249058 1.180397 0.000000
2.249058 1.180397 0.000000
2.249058 1.180397 0.000000
2.466192 0.607862 0.000000
2.466192 0.607862 0.000000
2.249058 1.180397 0.000000
2.466192 0.607862 0.000000
2.466192 0.607862 0.000000
2.466192 0.607862 0.000000
2.540000 0.000000 0.000000
2.540000 0.000000 0.000000
2.466192 0.607862 0.000000
2.540000 0.000000 0.000000
-2.540000 0.000000 0.000000
-2.540000 0.000000 0.000000
-2.466192 0.607862 0.000000
-2.466192 0.607862 0.000000
-2.540000 0.000000 0.000000
-2.466192 0.607862 0.000000
-2.466192 0.607862 0.000000
-2.466192 0.607862 0.000000
-2.249058 1.180397 0.000000
-2.249058 1.180397 0.000000
-2.466192 0.607862 0.000000
-2.249058 1.180397 0.000000
-2.249058 1.180397 0.000000
-2.249058 1.180397 0.000000
-1.901217 1.684332 0.000000
-1.901217 1.684332 0.000000
-2.249058 1.180397 0.000000
-1.901217 1.684332 0.000000
-1.901217 1.684332 0.000000
-1.901217 1.684332 0.000000
-1.442884 2.090379 0.000000
-1.442884 2.090379 0.000000
-1.901217 1.684332 0.000000
-1.442884 2.090379 0.000000
-1.442884 2.090379 0.000000
-1.442884 2.090379 0.000000
-0.900696 2.374941 0.000000
-0.900696 2.374941 0.000000
-1.442884 2.090379 0.000000
-0.900696 2.374941 0.000000
-0.900696 2.374941 0.000000
-0.900696 2.374941 0.000000
-0.306163 2.521481 0.000000
-0.306163 2.521481 0.000000
-0.900696 2.374941 0.000000
-0.306163 2.521481 0.000000
-0.306163 2.521481 0.000000
-0.306163 2.521481 0.000000
0.306163 2.521481 0.000000
0.306163 2.521481 0.000000
-0.306163 2.521481 0.000000
0.306163 2.521481 0.000000
0.306163 2.521481 0.000000
0.306163 2.521481 0.000000
0.900696 2.374941 0.000000
0.900696 2.374941 0.000000
0.306163 2.521481 0.000000
0.900696 2.374941 0.000000
0.900696 2.374941 0.000000
0.900696 2.374941 0.000000
1.442884 2.090379 0.000000
1.442884 2.090379 0.000000
0.900696 2.374941 0.000000
1.442884 2.090379 0.000000
1.442884 2.090379 0.000000
1.442884 2.090379 0.000000
1.901217 1.684332 0.000000
1.901217 1.684332 0.000000
1.442884 2.090379 0.000000
1.901217 1.684332 0.000000
1.901217 1.684332 0.000000
1.901217 1.684332 0.000000
2.249058 1.180397 0.000000
2.249058 1.180397 0.000000
1.901217 1.684332 0.000000
2.249058 1.180397 0.000000
2.249058 1.180397 0.000000
2.249058 1.180397 0.000000
2.466192 0.607862 0.000000
2.466192 0.607862 0.000000
2.249058 1.180397 0.000000
2.466192 0.607862 0.000000
2.466192 0.607862 0.000000
2.466192 0.607862 0.000000
2.540000 0.000000 0.000000
2.540000 0.000000 0.000000
2.466192 0.607862 0.000000
2.540000 0.000000 0.000000
0.000000 0.000000 -2.540000
0.000000 0.000000 -2.540000
0.000000 0.255365 -2.527131
0.000000 0.255365 -2.527131
0.000000 0.000000 -2.540000
0.000000 0.255365 -2.527131
0.000000 0.255365 -2.527131
0.000000 0.255365 -2.527131
0.000000 0.505073 -2.489277
0.000000 0.505073 -2.489277
0.000000 0.255365 -2.527131
0.000000 0.505073 -2.489277
0.000000 0.505073 -2.489277
0.000000 0.505073 -2.489277
0.000000 0.978707 -2.343871
0.000000 0.505073 -2.489277
0.000000 0.978707 -2.343871
0.000000 0.978707 -2.343871
0.000000 0.978707 -2.343871
0.000000 0.978707 -2.343871
0.000000 1.406445 -2.115068
0.000000 0.978707 -2.343871
0.000000 1.406445 -2.115068
0.000000 1.406445 -2.115068
0.000000 1.406445 -2.115068
0.000000 1.406445 -2.115068
0.000000 1.773079 -1.818733
0.000000 1.406445 -2.115068
0.000000 1.773079 -1.818733
0.000000 1.773079 -1.818733
0.000000 1.773079 -1.818733
0.000000 1.773079 -1.818733
0.000000 2.082116 -1.454782
0.000000 2.082116 -1.454782
0.000000 1.773079 -1.818733
0.000000 2.082116 -1.454782
0.000000 2.082116 -1.454782
0.000000 2.082116 -1.454782
0.000000 2.329068 -1.013432
0.000000 2.082116 -1.454782
0.000000 2.329068 -1.013432
0.000000 2.329068 -1.013432
0.000000 2.329068 -1.013432
0.000000 2.329068 -1.013432
0.000000 2.486768 -0.517289
0.000000 2.329068 -1.013432
0.000000 2.486768 -0.517289
0.000000 2.486768 -0.517289
0.000000 2.486768 -0.517289
0.000000 2.486768 -0.517289
0.000000 2.526780 -0.258806
0.000000 2.486768 -0.517289
0.000000 2.526780 -0.258806
0.000000 2.526780 -0.258806
0.000000 2.526780 -0.258806
0.000000 2.526780 -0.258806
0.000000 2.540000 0.000000
0.000000 2.540000 0.000000
0.000000 2.526780 -0.258806
0.000000 2.540000 0.000000
0.000000 2.540000 0.000000
0.000000 2.540000 0.000000
0.000000 2.526780 0.258806
0.000000 2.526780 0.258806
0.000000 2.540000 0.000000
0.000000 2.526780 0.258806
0.000000 2.526780 0.258806
0.000000 2.526780 0.258806
0.000000 2.486768 0.517289
0.000000 2.526780 0.258806
0.000000 2.486768 0.517289
0.000000 2.486768 0.517289
0.000000 2.486768 0.517289
0.000000 2.486768 0.517289
0.000000 2.329068 1.013432
0.000000 2.486768 0.517289
0.000000 2.329068 1.013432
0.000000 2.329068 1.013432
0.000000 2.329068 1.013432
0.000000 2.329068 1.013432
0.000000 2.082116 1.454782
0.000000 2.329068 1.013432
0.000000 2.082116 1.454782
0.000000 2.082116 1.454782
0.000000 2.082116 1.454782
0.000000 2.082116 1.454782
0.000000 1.773079 1.818733
0.000000 1.773079 1.818733
0.000000 2.082116 1.454782
0.000000 1.773079 1.818733
0.000000 1.773079 1.818733
0.000000 1.773079 1.818733
0.000000 1.406445 2.115068
0.000000 1.773079 1.818733
0.000000 1.406445 2.115068
0.000000 1.406445 2.115068
0.000000 1.406445 2.115068
0.000000 1.406445 2.115068
0.000000 0.978707 2.343871
0.000000 1.406445 2.115068
0.000000 0.978707 2.343871
0.000000 0.978707 2.343871
0.000000 0.978707 2.343871
0.000000 0.978707 2.343871
0.000000 0.505073 2.489277
0.000000 0.978707 2.343871
0.000000 0.505073 2.489277
0.000000 0.505073 2.489277
0.000000 0.505073 2.489277
0.000000 0.505073 2.489277
0.000000 0.255365 2.527131
0.000000 0.255365 2.527131
0.000000 0.505073 2.489277
0.000000 0.255365 2.527131
0.000000 0.255365 2.527131
0.000000 0.255365 2.527131
0.000000 0.000000 2.540000
0.000000 0.000000 2.540000
0.000000 0.255365 2.527131
0.000000 0.000000 2.540000
0.000000 0.000000 -2.540000
0.000000 0.000000 -2.540000
0.000000 0.255365 -2.527131
0.000000 0.255365 -2.527131
0.000000 0.000000 -2.540000
0.000000 0.255365 -2.527131
0.000000 0.255365 -2.527131
0.000000 0.255365 -2.527131
0.000000 0.505073 -2.489277
0.000000 0.505073 -2.489277
0.000000 0.255365 -2.527131
0.000000 0.505073 -2.489277
0.000000 0.505073 -2.489277
0.000000 0.505073 -2.489277
0.000000 0.978707 -2.343871
0.000000 0.505073 -2.489277
0.000000 0.978707 -2.343871
0.000000 0.978707 -2.343871
0.000000 0.978707 -2.343871
0.000000 0.978707 -2.343871
0.000000 1.406445 -2.115068
0.000000 0.978707 -2.343871
0.000000 1.406445 -2.115068
0.000000 1.406445 -2.115068
0.000000 1.406445 -2.115068
0.000000 1.406445 -2.115068
0.000000 1.773079 -1.818733
0.000000 1.406445 -2.115068
0.000000 1.773079 -1.818733
0.000000 1.773079 -1.818733
0.000000 1.773079 -1.818733
0.000000 1.773079 -1.818733
0.000000 2.082116 -1.454782
0.000000 2.082116 -1.454782
0.000000 1.773079 -1.818733
0.000000 2.082116 -1.454782
0.000000 2.082116 -1.454782
0.000000 2.082116 -1.454782
0.000000 2.329068 -1.013432
0.000000 2.082116 -1.454782
0.000000 2.329068 -1.013432
0.000000 2.329068 -1.013432
0.000000 2.329068 -1.013432
0.000000 2.329068 -1.013432
0.000000 2.486768 -0.517289
0.000000 2.329068 -1.013432
0.000000 2.486768 -0.517289
0.000000 2.486768 -0.517289
0.000000 2.486768 -0.517289
0.000000 2.486768 -0.517289
0.000000 2.526780 -0.258806
0.000000 2.486768 -0.517289
0.000000 2.526780 -0.258806
0.000000 2.526780 -0.258806
0.000000 2.526780 -0.258806
0.000000 2.526780 -0.258806
0.000000 2.540000 -0.000000
0.000000 2.540000 -0.000000
0.000000 2.526780 -0.258806
0.000000 2.540000 0.000000
0.000000 2.540000 -0.000000
0.000000 2.540000 0.000000
0.000000 2.526780 0.258806
0.000000 2.526780 0.258806
0.000000 2.540000 0.000000
0.000000 2.526780 0.258806
0.000000 2.526780 0.258806
0.000000 2.526780 0.258806
0.000000 2.486768 0.517289
0.000000 2.526780 0.258806
0.000000 2.486768 0.517289
0.000000 2.486768 0.517289
0.000000 2.486768 0.517289
0.000000 2.486768 0.517289
0.000000 2.329068 1.013432
0.000000 2.486768 0.517289
0.000000 2.329068 1.013432
0.000000 2.329068 1.013432
0.000000 2.329068 1.013432
0.000000 2.329068 1.013432
0.000000 2.082116 1.454782
0.000000 2.329068 1.013432
0.000000 2.082116 1.454782
0.000000 2.082116 1.454782
0.000000 2.082116 1.454782
0.000000 2.082116 1.454782
0.000000 1.773079 1.818733
0.000000 1.773079 1.818733
0.000000 2.082116 1.454782
0.000000 1.773079 1.818733
0.000000 1.773079 1.818733
0.000000 1.773079 1.818733
0.000000 1.406445 2.115068
0.000000 1.773079 1.818733
0.000000 1.406445 2.115068
0.000000 1.406445 2.115068
0.000000 1.406445 2.115068
0.000000 1.406445 2.115068
0.000000 0.978707 2.343871
0.000000 1.406445 2.115068
0.000000 0.978707 2.343871
0.000000 0.978707 2.343871
0.000000 0.978707 2.343871
0.000000 0.978707 2.343871
0.000000 0.505073 2.489277
0.000000 0.978707 2.343871
0.000000 0.505073 2.489277
0.000000 0.505073 2.489277
0.000000 0.505073 2.489277
0.000000 0.505073 2.489277
0.000000 0.255365 2.527131
0.000000 0.255365 2.527131
0.000000 0.505073 2.489277
0.000000 0.255365 2.527131
0.000000 0.255365 2.527131
0.000000 0.255365 2.527131
0.000000 0.000000 2.540000
0.000000 0.000000 2.540000
0.000000 0.255365 2.527131
0.000000 0.000000 2.540000
2.540000 0.000000 0.000000
2.540000 0.000000 0.000000
2.466192 -0.607862 0.000000
2.466192 -0.607862 0.000000
2.540000 0.000000 0.000000
2.476317 -0.565203 0.000000
2.466192 -0.607862 0.000000
2.476317 -0.565203 0.000000
2.288461 -1.102065 0.000000
2.540000 0.000000 0.000000
2.540000 0.000000 0.000000
2.476317 -0.565203 0.000000
2.466192 -0.607862 0.000000
2.288461 -1.102065 0.000000
2.249058 -1.180397 0.000000
2.249058 -1.180397 0.000000
2.288461 -1.102065 0.000000
1.985852 -1.583664 0.000000
2.249058 -1.180397 0.000000
1.985852 -1.583664 0.000000
1.901217 -1.684332 0.000000
1.901217 -1.684332 0.000000
1.985852 -1.583664 0.000000
1.583664 -1.985852 0.000000
1.901217 -1.684332 0.000000
1.583664 -1.985852 0.000000
1.442884 -2.090379 0.000000
1.442884 -2.090379 0.000000
1.583664 -1.985852 0.000000
1.102065 -2.288461 0.000000
1.442884 -2.090379 0.000000
1.102065 -2.288461 0.000000
0.900696 -2.374941 0.000000
0.900696 -2.374941 0.000000
1.102065 -2.288461 0.000000
0.565203 -2.476317 0.000000
0.900696 -2.374941 0.000000
0.565203 -2.476317 0.000000
0.306163 -2.521481 0.000000
0.306163 -2.521481 0.000000
0.565203 -2.476317 0.000000
0.000000 -2.540000 0.000000
0.306163 -2.521481 0.000000
0.000000 -2.540000 0.000000
0.000000 -2.540000 0.000000
0.306163 -2.521481 0.000000
0.000000 -2.540000 0.000000
-0.306163 -2.521481 0.000000
-0.306163 -2.521481 0.000000
0.000000 -2.540000 0.000000
-0.565203 -2.476317 0.000000
-0.306163 -2.521481 0.000000
-0.565203 -2.476317 0.000000
-0.900696 -2.374941 0.000000
-0.900696 -2.374941 0.000000
-0.565203 -2.476317 0.000000
-1.102065 -2.288461 0.000000
-0.900696 -2.374941 0.000000
-1.102065 -2.288461 0.000000
-1.442884 -2.090379 0.000000
-1.442884 -2.090379 0.000000
-1.102065 -2.288461 0.000000
-1.583664 -1.985852 0.000000
-1.442884 -2.090379 0.000000
-1.583664 -1.985852 0.000000
-1.901217 -1.684332 0.000000
-1.901217 -1.684332 0.000000
-1.583664 -1.985852 0.000000
-1.985852 -1.583664 0.000000
-1.901217 -1.684332 0.000000
-1.985852 -1.583664 0.000000
-2.249058 -1.180397 0.000000
-2.249058 -1.180397 0.000000
-1.985852 -1.583664 0.000000
-2.288461 -1.102065 0.000000
-2.249058 -1.180397 0.000000
-2.288461 -1.102065 0.000000
-2.466192 -0.607862 0.000000
-2.466192 -0.607862 0.000000
-2.288461 -1.102065 0.000000
-2.476317 -0.565203 0.000000
-2.466192 -0.607862 0.000000
-2.476317 -0.565203 0.000000
-2.540000 -0.000000 0.000000
-2.540000 -0.000000 0.000000
-2.476317 -0.565203 0.000000
-2.540000 -0.000000 0.000000
0.000000 0.000000 -2.540000
0.000000 0.000000 -2.540000
0.607862 0.000000 -2.466192
0.607862 0.000000 -2.466192
0.000000 0.000000 -2.540000
0.607862 0.000000 -2.466192
0.607862 0.000000 -2.466192
0.607862 0.000000 -2.466192
1.180397 0.000000 -2.249058
1.180397 0.000000 -2.249058
0.607862 0.000000 -2.466192
1.180397 0.000000 -2.249058
1.180397 0.000000 -2.249058
1.180397 0.000000 -2.249058
1.480721 0.000000 -2.063750
1.480721 0.000000 -2.063750
1.180397 0.000000 -2.249058
1.495257 0.000000 -2.053243
1.495257 0.000000 -2.053243
1.180397 0.000000 -2.249058
1.536536 0.000000 -2.022537
1.536536 0.000000 -2.022537
1.180397 0.000000 -2.249058
1.684332 0.000000 -1.901217
1.536536 0.000000 -2.022537
1.684332 0.000000 -1.901217
1.680737 0.000000 -1.904395
1.680737 0.000000 -1.904395
1.684332 0.000000 -1.901217
1.870280 0.000000 -1.718620
1.870280 0.000000 -1.718620
1.684332 0.000000 -1.901217
2.090379 0.000000 -1.442884
1.870280 0.000000 -1.718620
2.090379 0.000000 -1.442884
2.065898 0.000000 -1.477723
2.065898 0.000000 -1.477723
2.090379 0.000000 -1.442884
2.248256 0.000000 -1.181924
2.248256 0.000000 -1.181924
2.090379 0.000000 -1.442884
2.374941 0.000000 -0.900696
2.248256 0.000000 -1.181924
2.374941 0.000000 -0.900696
2.402830 0.000000 -0.823413
2.402830 0.000000 -0.823413
2.374941 0.000000 -0.900696
2.504989 0.000000 -0.420276
2.504989 0.000000 -0.420276
2.374941 0.000000 -0.900696
2.521481 0.000000 -0.306163
2.504989 0.000000 -0.420276
2.521481 0.000000 -0.306163
2.531281 0.000000 -0.210274
2.531281 0.000000 -0.210274
2.521481 0.000000 -0.306163
2.540000 0.000000 -0.000000
2.540000 0.000000 -0.000000
2.521481 0.000000 -0.306163
2.521481 0.000000 0.306163
2.540000 0.000000 -0.000000
2.521481 0.000000 0.306163
2.531281 0.000000 0.210274
2.531281 0.000000 0.210274
2.521481 0.000000 0.306163
2.504989 0.000000 0.420276
2.504989 0.000000 0.420276
2.521481 0.000000 0.306163
2.374941 0.000000 0.900696
2.504989 0.000000 0.420276
2.374941 0.000000 0.900696
2.402830 0.000000 0.823413
2.402830 0.000000 0.823413
2.374941 0.000000 0.900696
2.248256 0.000000 1.181924
2.248256 0.000000 1.181924
2.374941 0.000000 0.900696
2.090379 0.000000 1.442884
2.248256 0.000000 1.181924
2.090379 0.000000 1.442884
2.065898 0.000000 1.477723
2.065898 0.000000 1.477723
2.090379 0.000000 1.442884
1.870280 0.000000 1.718620
1.870280 0.000000 1.718620
2.090379 0.000000 1.442884
1.684332 0.000000 1.901217
1.870280 0.000000 1.718620
1.684332 0.000000 1.901217
1.680737 0.000000 1.904395
1.680737 0.000000 1.904395
1.684332 0.000000 1.901217
1.536536 0.000000 2.022537
1.536536 0.000000 2.022537
1.684332 0.000000 1.901217
1.495257 0.000000 2.053243
1.495257 0.000000 2.053243
1.684332 0.000000 1.901217
1.180397 0.000000 2.249058
1.495257 0.000000 2.053243
1.180397 0.000000 2.249058
1.480721 0.000000 2.063750
1.480721 0.000000 2.063750
1.180397 0.000000 2.249058
1.180397 0.000000 2.249058
1.480721 0.000000 2.063750
1.180397 0.000000 2.249058
1.495257 0.000000 2.053243
1.495257 0.000000 2.053243
1.180397 0.000000 2.249058
1.684332 0.000000 1.901217
1.495257 0.000000 2.053243
1.684332 0.000000 1.901217
1.536536 0.000000 2.022537
1.536536 0.000000 2.022537
1.684332 0.000000 1.901217
1.680737 0.000000 1.904395
1.680737 0.000000 1.904395
1.684332 0.000000 1.901217
1.870280 0.000000 1.718620
1.870280 0.000000 1.718620
1.684332 0.000000 1.901217
2.090379 0.000000 1.442884
1.870280 0.000000 1.718620
2.090379 0.000000 1.442884
2.065898 0.000000 1.477723
2.065898 0.000000 1.477723
2.090379 0.000000 1.442884
2.248256 0.000000 1.181924
2.248256 0.000000 1.181924
2.090379 0.000000 1.442884
2.374941 0.000000 0.900696
2.248256 0.000000 1.181924
2.374941 0.000000 0.900696
2.402830 0.000000 0.823413
2.402830 0.000000 0.823413
2.374941 0.000000 0.900696
2.504989 0.000000 0.420276
2.504989 0.000000 0.420276
2.374941 0.000000 0.900696
2.521481 0.000000 0.306163
2.504989 0.000000 0.420276
2.521481 0.000000 0.306163
2.531281 0.000000 0.210274
2.531281 0.000000 0.210274
2.521481 0.000000 0.306163
2.540000 0.000000 -0.000000
2.540000 0.000000 -0.000000
2.521481 0.000000 0.306163
2.521481 0.000000 -0.306163
2.540000 0.000000 -0.000000
2.521481 0.000000 -0.306163
2.531281 0.000000 -0.210274
2.531281 0.000000 -0.210274
2.521481 0.000000 -0.306163
2.504989 0.000000 -0.420276
2.504989 0.000000 -0.420276
2.521481 0.000000 -0.306163
2.374941 0.000000 -0.900696
2.504989 0.000000 -0.420276
2.374941 0.000000 -0.900696
2.402830 0.000000 -0.823413
2.402830 0.000000 -0.823413
2.374941 0.000000 -0.900696
2.248256 0.000000 -1.181924
2.248256 0.000000 -1.181924
2.374941 0.000000 -0.900696
2.090379 0.000000 -1.442884
2.248256 0.000000 -1.181924
2.090379 0.000000 -1.442884
2.065898 0.000000 -1.477723
2.065898 0.000000 -1.477723
2.090379 0.000000 -1.442884
1.870280 0.000000 -1.718620
1.870280 0.000000 -1.718620
2.090379 0.000000 -1.442884
1.684332 0.000000 -1.901217
1.870280 0.000000 -1.718620
1.684332 0.000000 -1.901217
1.680737 0.000000 -1.904395
1.680737 0.000000 -1.904395
1.684332 0.000000 -1.901217
1.536536 0.000000 -2.022537
1.536536 0.000000 -2.022537
1.684332 0.000000 -1.901217
1.180397 0.000000 -2.249058
1.536536 0.000000 -2.022537
1.180397 0.000000 -2.249058
1.495257 0.000000 -2.053243
1.495257 0.000000 -2.053243
1.180397 0.000000 -2.249058
1.480721 0.000000 -2.063750
1.180397 0.000000 2.249058
1.180397 0.000000 2.249058
0.607862 0.000000 2.466192
0.607862 0.000000 2.466192
1.180397 0.000000 2.249058
0.607862 0.000000 2.466192
0.607862 0.000000 2.466192
0.607862 0.000000 2.466192
0.000000 0.000000 2.540000
0.000000 0.000000 2.540000
0.607862 0.000000 2.466192
0.000000 0.000000 2.540000
0.000000 0.000000 -2.540000
0.000000 0.000000 -2.540000
0.607862 0.000000 -2.466192
0.607862 0.000000 -2.466192
0.000000 0.000000 -2.540000
0.607862 0.000000 -2.466192
0.607862 0.000000 -2.466192
0.607862 0.000000 -2.466192
1.180397 0.000000 -2.249058
1.180397 0.000000 -2.249058
0.607862 0.000000 -2.466192
1.180397 0.000000 -2.249058
1.180397 0.000000 -2.249058
1.180397 0.000000 -2.249058
1.480721 0.000000 -2.063750
1.480721 0.000000 -2.063750
1.180397 0.000000 -2.249058
1.495257 0.000000 -2.053243
1.495257 0.000000 -2.053243
1.180397 0.000000 -2.249058
1.536536 0.000000 -2.022537
1.536536 0.000000 -2.022537
1.180397 0.000000 -2.249058
1.684332 0.000000 -1.901217
1.536536 0.000000 -2.022537
1.684332 0.000000 -1.901217
1.680737 0.000000 -1.904395
1.680737 0.000000 -1.904395
1.684332 0.000000 -1.901217
1.870280 0.000000 -1.718620
1.870280 0.000000 -1.718620
1.684332 0.000000 -1.901217
2.090379 0.000000 -1.442884
1.870280 0.000000 -1.718620
2.090379 0.000000 -1.442884
2.065898 0.000000 -1.477723
2.065898 0.000000 -1.477723
2.090379 0.000000 -1.442884
2.248256 0.000000 -1.181924
2.248256 0.000000 -1.181924
2.090379 0.000000 -1.442884
2.374941 0.000000 -0.900696
2.248256 0.000000 -1.181924
2.374941 0.000000 -0.900696
2.402830 0.000000 -0.823413
2.402830 0.000000 -0.823413
2.374941 0.000000 -0.900696
2.504989 0.000000 -0.420276
2.504989 0.000000 -0.420276
2.374941 0.000000 -0.900696
2.521481 0.000000 -0.306163
2.504989 0.000000 -0.420276
2.521481 0.000000 -0.306163
2.531281 0.000000 -0.210274
2.531281 0.000000 -0.210274
2.521481 0.000000 -0.306163
2.540000 0.000000 -0.000000
2.540000 0.000000 -0.000000
2.521481 0.000000 -0.306163
2.521481 0.000000 0.306163
2.540000 0.000000 -0.000000
2.521481 0.000000 0.306163
2.531281 0.000000 0.210274
2.531281 0.000000 0.210274
2.521481 0.000000 0.306163
2.504989 0.000000 0.420276
2.504989 0.000000 0.420276
2.521481 0.000000 0.306163
2.374941 0.000000 0.900696
2.504989 0.000000 0.420276
2.374941 0.000000 0.900696
2.402830 0.000000 0.823413
2.402830 0.000000 0.823413
2.374941 0.000000 0.900696
2.248256 0.000000 1.181924
2.248256 0.000000 1.181924
2.374941 0.000000 0.900696
2.090379 0.000000 1.442884
2.248256 0.000000 1.181924
2.090379 0.000000 1.442884
2.065898 0.000000 1.477723
2.065898 0.000000 1.477723
2.090379 0.000000 1.442884
1.870280 0.000000 1.718620
1.870280 0.000000 1.718620
2.090379 0.000000 1.442884
1.684332 0.000000 1.901217
1.870280 0.000000 1.718620
1.684332 0.000000 1.901217
1.680737 0.000000 1.904395
1.680737 0.000000 1.904395
1.684332 0.000000 1.901217
1.536536 0.000000 2.022537
1.536536 0.000000 2.022537
1.684332 0.000000 1.901217
1.495257 0.000000 2.053243
1.495257 0.000000 2.053243
1.684332 0.000000 1.901217
1.180397 0.000000 2.249058
1.495257 0.000000 2.053243
1.180397 0.000000 2.249058
1.480721 0.000000 2.063750
1.480721 0.000000 2.063750
1.180397 0.000000 2.249058
1.180397 0.000000 2.249058
1.480721 0.000000 2.063750
1.180397 0.000000 2.249058
1.495257 0.000000 2.053243
1.495257 0.000000 2.053243
1.180397 0.000000 2.249058
1.684332 0.000000 1.901217
1.495257 0.000000 2.053243
1.684332 0.000000 1.901217
1.536536 0.000000 2.022537
1.536536 0.000000 2.022537
1.684332 0.000000 1.901217
1.680737 0.000000 1.904395
1.680737 0.000000 1.904395
1.684332 0.000000 1.901217
1.870280 0.000000 1.718620
1.870280 0.000000 1.718620
1.684332 0.000000 1.901217
2.090379 0.000000 1.442884
1.870280 0.000000 1.718620
2.090379 0.000000 1.442884
2.065898 0.000000 1.477723
2.065898 0.000000 1.477723
2.090379 0.000000 1.442884
2.248256 0.000000 1.181924
2.248256 0.000000 1.181924
2.090379 0.000000 1.442884
2.374941 0.000000 0.900696
2.248256 0.000000 1.181924
2.374941 0.000000 0.900696
2.402830 0.000000 0.823413
2.402830 0.000000 0.823413
2.374941 0.000000 0.900696
2.504989 0.000000 0.420276
2.504989 0.000000 0.420276
2.374941 0.000000 0.900696
2.521481 0.000000 0.306163
2.504989 0.000000 0.420276
2.521481 0.000000 0.306163
2.531281 0.000000 0.210274
2.531281 0.000000 0.210274
2.521481 0.000000 0.306163
2.540000 0.000000 -0.000000
2.540000 0.000000 -0.000000
2.521481 0.000000 0.306163
2.521481 0.000000 -0.306163
2.540000 0.000000 -0.000000
2.521481 0.000000 -0.306163
2.531281 0.000000 -0.210274
2.531281 0.000000 -0.210274
2.521481 0.000000 -0.306163
2.504989 0.000000 -0.420276
2.504989 0.000000 -0.420276
2.521481 0.000000 -0.306163
2.374941 0.000000 -0.900696
2.504989 0.000000 -0.420276
2.374941 0.000000 -0.900696
2.402830 0.000000 -0.823413
2.402830 0.000000 -0.823413
2.374941 0.000000 -0.900696
2.248256 0.000000 -1.181924
2.248256 0.000000 -1.181924
2.374941 0.000000 -0.900696
2.090379 0.000000 -1.442884
2.248256 0.000000 -1.181924
2.090379 0.000000 -1.442884
2.065898 0.000000 -1.477723
2.065898 0.000000 -1.477723
2.090379 0.000000 -1.442884
1.870280 0.000000 -1.718620
1.870280 0.000000 -1.718620
2.090379 0.000000 -1.442884
1.684332 0.000000 -1.901217
1.870280 0.000000 -1.718620
1.684332 0.000000 -1.901217
1.680737 0.000000 -1.904395
1.680737 0.000000 -1.904395
1.684332 0.000000 -1.901217
1.536536 0.000000 -2.022537
1.536536 0.000000 -2.022537
1.684332 0.000000 -1.901217
1.180397 0.000000 -2.249058
1.536536 0.000000 -2.022537
1.180397 0.000000 -2.249058
1.495257 0.000000 -2.053243
1.495257 0.000000 -2.053243
1.180397 0.000000 -2.249058
1.480721 0.000000 -2.063750
1.180397 0.000000 2.249058
1.180397 0.000000 2.249058
0.607862 0.000000 2.466192
0.607862 0.000000 2.466192
1.180397 0.000000 2.249058
0.607862 0.000000 2.466192
0.607862 0.000000 2.466192
0.607862 0.000000 2.466192
0.000000 0.000000 2.540000
0.000000 0.000000 2.540000
0.607862 0.000000 2.466192
0.000000 0.000000 2.540000
-2.540000 0.000000 0.000000
-2.540000 0.000000 0.000000
-2.466192 0.607862 0.000000
-2.466192 0.607862 0.000000
-2.540000 0.000000 0.000000
-2.466192 0.607862 0.000000
-2.466192 0.607862 0.000000
-2.466192 0.607862 0.000000
-2.249058 1.180397 0.000000
-2.249058 1.180397 0.000000
-2.466192 0.607862 0.000000
-2.249058 1.180397 0.000000
-2.249058 1.180397 0.000000
-2.249058 1.180397 0.000000
-1.901217 1.684332 0.000000
-1.901217 1.684332 0.000000
-2.249058 1.180397 0.000000
-1.901217 1.684332 0.000000
-1.901217 1.684332 0.000000
-1.901217 1.684332 0.000000
-1.442884 2.090379 0.000000
-1.442884 2.090379 0.000000
-1.901217 1.684332 0.000000
-1.442884 2.090379 0.000000
-1.442884 2.090379 0.000000
-1.442884 2.090379 0.000000
-0.900696 2.374941 0.000000
-0.900696 2.374941 0.000000
-1.442884 2.090379 0.000000
-0.900696 2.374941 0.000000
-0.900696 2.374941 0.000000
-0.900696 2.374941 0.000000
-0.306163 2.521481 0.000000
-0.306163 2.521481 0.000000
-0.900696 2.374941 0.000000
-0.306163 2.521481 0.000000
-0.306163 2.521481 0.000000
-0.306163 2.521481 0.000000
0.306163 2.521481 0.000000
0.306163 2.521481 0.000000
-0.306163 2.521481 0.000000
0.306163 2.521481 0.000000
0.306163 2.521481 0.000000
0.306163 2.521481 0.000000
0.900696 2.374941 0.000000
0.900696 2.374941 0.000000
0.306163 2.521481 0.000000
0.900696 2.374941 0.000000
0.900696 2.374941 0.000000
0.900696 2.374941 0.000000
1.442884 2.090379 0.000000
1.442884 2.090379 0.000000
0.900696 2.374941 0.000000
1.442884 2.090379 0.000000
1.442884 2.090379 0.000000
1.442884 2.090379 0.000000
1.901217 1.684332 0.000000
1.901217 1.684332 0.000000
1.442884 2.090379 0.000000
1.901217 1.684332 0.000000
1.901217 1.684332 0.000000
1.901217 1.684332 0.000000
2.249058 1.180397 0.000000
2.249058 1.180397 0.000000
1.901217 1.684332 0.000000
2.249058 1.180397 0.000000
2.249058 1.180397 0.000000
2.249058 1.180397 0.000000
2.466192 0.607862 0.000000
2.466192 0.607862 0.000000
2.249058 1.180397 0.000000
2.466192 0.607862 0.000000
2.466192 0.607862 0.000000
2.466192 0.607862 0.000000
2.540000 0.000000 0.000000
2.540000 0.000000 0.000000
2.466192 0.607862 0.000000
2.540000 0.000000 0.000000
2.540000 0.000000 0.000000
2.540000 0.000000 0.000000
2.466192 0.607862 0.000000
2.466192 0.607862 0.000000
2.540000 0.000000 0.000000
2.466192 0.607862 0.000000
2.466192 0.607862 0.000000
2.466192 0.607862 0.000000
2.249058 1.180397 0.000000
2.249058 1.180397 0.000000
2.466192 0.607862 0.000000
2.249058 1.180397 0.000000
2.249058 1.180397 0.000000
2.249058 1.180397 0.000000
1.901217 1.684332 0.000000
1.901217 1.684332 0.000000
2.249058 1.180397 0.000000
1.901217 1.684332 0.000000
1.901217 1.684332 0.000000
1.901217 1.684332 0.000000
1.442884 2.090379 0.000000
1.442884 2.090379 0.000000
1.901217 1.684332 0.000000
1.442884 2.090379 0.000000
1.442884 2.090379 0.000000
1.442884 2.090379 0.000000
0.900696 2.374941 0.000000
0.900696 2.374941 0.000000
1.442884 2.090379 0.000000
0.900696 2.374941 0.000000
0.900696 2.374941 0.000000
0.900696 2.374941 0.000000
0.306163 2.521481 0.000000
0.306163 2.521481 0.000000
0.900696 2.374941 0.000000
0.306163 2.521481 0.000000
0.306163 2.521481 0.000000
0.306163 2.521481 0.000000
-0.306163 2.521481 0.000000
-0.306163 2.521481 0.000000
0.306163 2.521481 0.000000
-0.306163 2.521481 0.000000
-0.306163 2.521481 0.000000
-0.306163 2.521481 0.000000
-0.900696 2.374941 0.000000
-0.900696 2.374941 0.000000
-0.306163 2.521481 0.000000
-0.900696 2.374941 0.000000
-0.900696 2.374941 0.000000
-0.900696 2.374941 0.000000
-1.442884 2.090379 0.000000
-1.442884 2.090379 0.000000
-0.900696 2.374941 0.000000
-1.442884 2.090379 0.000000
-1.442884 2.090379 0.000000
-1.442884 2.090379 0.000000
-1.901217 1.684332 0.000000
-1.901217 1.684332 0.000000
-1.442884 2.090379 0.000000
-1.901217 1.684332 0.000000
-1.901217 1.684332 0.000000
-1.901217 1.684332 0.000000
-2.249058 1.180397 0.000000
-2.249058 1.180397 0.000000
-1.901217 1.684332 0.000000
-2.249058 1.180397 0.000000
-2.249058 1.180397 0.000000
-2.249058 1.180397 0.000000
-2.466192 0.607862 0.000000
-2.466192 0.607862 0.000000
-2.249058 1.180397 0.000000
-2.466192 0.607862 0.000000
-2.466192 0.607862 0.000000
-2.466192 0.607862 0.000000
-2.540000 0.000000 0.000000
-2.540000 0.000000 0.000000
-2.466192 0.607862 0.000000
-2.540000 0.000000 0.000000
0.000000 0.000000 2.540000
0.000000 0.000000 2.540000
0.000000 0.000000 2.540000
0.000000 0.000000 2.540000
0.000000 0.000000 2.540000
0.000000 0.000000 2.540000
0.000000 0.000000 2.540000
0.000000 0.000000 2.540000
0.000000 0.000000 2.540000
0.000000 0.000000 2.540000
0.000000 0.000000 2.540000
0.000000 0.000000 2.540000
0.000000 0.000000 2.540000
0.000000 0.000000 2.540000
0.000000 0.000000 2.540000
0.000000 0.000000 2.540000
0.000000 0.000000 2.540000
0.000000 0.000000 2.540000
0.000000 0.000000 2.540000
0.000000 0.000000 2.540000
0.000000 0.000000 2.540000
0.000000 0.000000 2.540000
0.000000 0.000000 2.540000
0.000000 0.000000 2.540000
0.000000 0.000000 2.540000
0.000000 0.000000 2.540000
0.000000 0.000000 2.540000
0.000000 0.000000 2.540000
0.000000 0.000000 2.540000
0.000000 0.000000 2.540000
0.000000 0.000000 2.540000
0.000000 0.000000 2.540000
0.000000 0.000000 2.540000
0.000000 0.000000 2.540000
0.000000 0.000000 2.540000
0.000000 0.000000 2.540000
0.000000 0.000000 2.540000
0.000000 0.000000 2.540000
0.000000 0.000000 2.540000
0.000000 0.000000 2.540000
0.000000 0.000000 2.540000
0.000000 0.000000 2.540000
0.000000 0.000000 2.540000
0.000000 0.000000 2.540000
0.000000 0.000000 2.540000
0.000000 0.000000 2.540000
0.000000 0.000000 2.540000
0.000000 0.000000 2.540000
0.000000 0.000000 2.540000
0.000000 0.000000 2.540000
0.000000 0.000000 2.540000
0.000000 0.000000 2.540000
0.000000 0.000000 2.540000
0.000000 0.000000 2.540000
0.000000 0.000000 2.540000
0.000000 0.000000 2.540000
0.000000 0.000000 2.540000
0.000000 0.000000 2.540000
0.000000 0.000000 2.540000
0.000000 0.000000 2.540000
0.000000 0.000000 2.540000
0.000000 0.000000 2.540000
0.000000 0.000000 2.540000
0.000000 0.000000 2.540000
0.000000 0.000000 2.540000
0.000000 0.000000 2.540000
0.000000 0.000000 2.540000
0.000000 0.000000 2.540000
0.000000 0.000000 2.540000
0.000000 0.000000 2.540000
0.000000 0.000000 2.540000
0.000000 0.000000 2.540000
0.000000 0.000000 2.540000
0.000000 0.000000 2.540000
0.000000 0.000000 2.540000
0.000000 0.000000 2.540000
0.000000 0.000000 2.540000
0.000000 0.000000 2.540000
0.000000 0.000000 2.540000
0.000000 0.000000 2.540000
0.000000 0.000000 2.540000
0.000000 0.000000 2.540000
0.000000 0.000000 2.540000
0.000000 0.000000 2.540000
0.000000 0.000000 2.540000
0.000000 0.000000 2.540000
0.000000 0.000000 2.540000
0.000000 0.000000 2.540000
0.000000 0.000000 2.540000
0.000000 0.000000 2.540000
0.000000 0.000000 2.540000
0.000000 0.000000 2.540000
0.000000 0.000000 2.540000
0.000000 0.000000 2.540000
0.000000 0.000000 2.540000
0.000000 0.000000 2.540000
0.000000 0.000000 2.540000
0.000000 0.000000 2.540000
0.000000 0.000000 2.540000
0.000000 0.000000 2.540000
0.000000 0.000000 2.540000
0.000000 0.000000 2.540000
0.000000 0.000000 2.540000
0.000000 0.000000 2.540000
0.000000 0.000000 2.540000
0.000000 0.000000 2.540000
0.000000 0.000000 2.540000
0.000000 0.000000 2.540000
0.000000 0.000000 2.540000
0.000000 0.000000 2.540000
0.000000 0.000000 2.540000
0.000000 0.000000 2.540000
0.000000 0.000000 2.540000
0.000000 0.000000 2.540000
0.000000 0.000000 2.540000
0.000000 0.000000 2.540000
0.000000 0.000000 2.540000
0.000000 0.000000 2.540000
0.000000 0.000000 2.540000
0.000000 0.000000 2.540000
0.000000 0.000000 2.540000
0.000000 0.000000 2.540000
0.000000 0.000000 2.540000
0.000000 0.000000 2.540000
0.000000 0.000000 2.540000
0.000000 0.000000 2.540000
0.000000 0.000000 2.540000
0.000000 0.000000 2.540000
0.000000 0.000000 2.540000
0.000000 0.000000 2.540000
0.000000 0.000000 2.540000
0.000000 0.000000 2.540000
0.000000 0.000000 2.540000
0.000000 0.000000 2.540000
0.000000 0.000000 2.540000
0.000000 0.000000 2.540000
0.000000 0.000000 2.540000
0.000000 0.000000 2.540000
0.000000 0.000000 2.540000
0.000000 0.000000 2.540000
0.000000 0.000000 2.540000
0.000000 0.000000 2.540000
0.000000 0.000000 2.540000
0.000000 0.000000 2.540000
0.000000 0.000000 2.540000
0.000000 0.000000 2.540000
0.000000 0.000000 2.540000
0.000000 0.000000 2.540000
0.000000 0.000000 2.540000
0.000000 0.000000 2.540000
0.000000 0.000000 2.540000
0.000000 0.000000 2.540000
0.000000 0.000000 2.540000
0.000000 0.000000 2.540000
0.000000 0.000000 2.540000
0.000000 0.000000 2.540000
0.000000 0.000000 2.540000
0.000000 0.000000 2.540000
0.000000 0.000000 2.540000
0.000000 0.000000 2.540000
0.000000 0.000000 2.540000
0.000000 0.000000 2.540000
0.000000 0.000000 2.540000
0.000000 0.000000 2.540000
0.000000 0.000000 2.540000
0.000000 0.000000 2.540000
0.000000 0.000000 2.540000
0.000000 0.000000 2.540000
0.000000 0.000000 2.540000
0.000000 0.000000 2.540000
0.000000 0.000000 2.540000
0.000000 0.000000 2.540000
0.000000 0.000000 2.540000
0.000000 0.000000 2.540000
0.000000 0.000000 2.540000
0.000000 0.000000 2.540000
0.000000 0.000000 2.540000
0.000000 0.000000 2.540000
0.000000 0.000000 2.540000
0.000000 0.000000 2.540000
0.000000 0.000000 2.540000
0.000000 0.000000 2.540000
0.000000 0.000000 2.540000
0.000000 0.000000 2.540000
0.000000 0.000000 2.540000
0.000000 0.000000 2.540000
0.000000 0.000000 2.540000
0.000000 0.000000 2.540000
0.000000 0.000000 2.540000
0.000000 0.000000 2.540000
0.000000 0.000000 2.540000
0.000000 0.000000 2.540000
0.000000 0.000000 2.540000
0.000000 0.000000 2.540000
0.000000 0.000000 2.540000
0.000000 0.000000 2.540000
0.000000 0.000000 2.540000
0.000000 0.000000 2.540000
0.000000 0.000000 2.540000
0.000000 0.000000 2.540000
0.000000 0.000000 2.540000
0.000000 0.000000 2.540000
0.000000 0.000000 2.540000
0.000000 0.000000 2.540000
0.000000 0.000000 2.540000
0.000000 0.000000 2.540000
0.000000 0.000000 2.540000
0.000000 0.000000 2.540000
0.000000 0.000000 2.540000
0.000000 0.000000 2.540000
0.000000 0.000000 2.540000
0.000000 0.000000 2.540000
0.000000 0.000000 2.540000
0.000000 0.000000 2.540000
0.000000 0.000000 2.540000
0.000000 0.000000 2.540000
0.000000 0.000000 2.540000
0.000000 0.000000 2.540000
0.000000 0.000000 2.540000
0.000000 0.000000 2.540000
0.000000 0.000000 2.540000
0.000000 0.000000 2.540000
0.000000 0.000000 2.540000
0.000000 0.000000 2.540000
0.000000 0.000000 2.540000
0.000000 0.000000 2.540000
0.000000 0.000000 2.540000
0.000000 0.000000 2.540000
0.000000 0.000000 2.540000
0.000000 0.000000 2.540000
0.000000 0.000000 2.540000
0.000000 0.000000 2.540000
0.000000 0.000000 2.540000
0.000000 0.000000 2.540000
0.000000 0.000000 2.540000
0.000000 0.000000 2.540000
0.000000 0.000000 2.540000
0.000000 0.000000 2.540000
0.000000 0.000000 2.540000
0.000000 0.000000 2.540000
0.000000 0.000000 2.540000
0.000000 0.000000 2.540000
0.000000 0.000000 2.540000
0.000000 0.000000 2.540000
0.000000 0.000000 2.540000
0.000000 0.000000 2.540000
0.000000 0.000000 2.540000
0.000000 0.000000 2.540000
0.000000 0.000000 2.540000
0.000000 0.000000 2.540000
0.000000 0.000000 2.540000
0.000000 0.000000 2.540000
0.000000 0.000000 2.540000
0.000000 0.000000 2.540000
0.000000 0.000000 2.540000
0.000000 0.000000 2.540000
0.000000 0.000000 2.540000
0.000000 0.000000 2.540000
0.000000 0.000000 2.540000
0.000000 0.000000 2.540000
0.000000 0.000000 2.540000
0.000000 0.000000 2.540000
0.000000 0.000000 2.540000
0.000000 0.000000 2.540000
0.000000 0.000000 2.540000
0.000000 0.000000 2.540000
0.000000 0.000000 2.540000
0.000000 0.000000 2.540000
0.000000 0.000000 2.540000
0.000000 0.000000 2.540000
0.000000 0.000000 2.540000
0.000000 0.000000 2.540000
0.000000 0.000000 2.540000
0.000000 0.000000 2.540000
0.000000 0.000000 2.540000
0.000000 0.000000 2.540000
0.000000 0.000000 2.540000
0.000000 0.000000 2.540000
0.000000 0.000000 2.540000
0.000000 0.000000 2.540000
0.000000 0.000000 2.540000
0.000000 0.000000 2.540000
0.000000 0.000000 2.540000
0.000000 0.000000 2.540000
0.000000 0.000000 2.540000
0.000000 0.000000 2.540000
0.000000 0.000000 2.540000
0.000000 0.000000 2.540000
0.000000 0.000000 2.540000
0.000000 0.000000 2.540000
0.000000 0.000000 2.540000
0.000000 0.000000 2.540000
0.000000 0.000000 2.540000
0.000000 0.000000 2.540000
0.000000 0.000000 2.540000
0.000000 0.000000 2.540000
0.000000 0.000000 2.540000
0.000000 0.000000 2.540000
0.000000 0.000000 2.540000
0.000000 0.000000 2.540000
0.000000 0.000000 2.540000
0.000000 0.000000 2.540000
0.000000 0.000000 2.540000
0.000000 0.000000 2.540000
0.000000 0.000000 2.540000
0.000000 0.000000 2.540000
0.000000 0.000000 2.540000
0.000000 0.000000 2.540000
0.000000 0.000000 2.540000
0.000000 0.000000 2.540000
0.000000 0.000000 2.540000
0.000000 0.000000 2.540000
0.000000 0.000000 2.540000
0.000000 0.000000 2.540000
0.000000 0.000000 2.540000
0.000000 0.000000 2.540000
0.000000 0.000000 2.540000
0.000000 0.000000 2.540000
0.000000 0.000000 2.540000
0.000000 0.000000 2.540000
0.000000 0.000000 2.540000
0.000000 0.000000 2.540000
0.000000 0.000000 2.540000
0.000000 0.000000 2.540000
0.000000 0.000000 2.540000
0.000000 0.000000 2.540000
0.000000 0.000000 2.540000
0.000000 0.000000 2.540000
0.000000 0.000000 2.540000
0.000000 0.000000 2.540000
-2.540000 0.000000 0.000000
-2.540000 0.000000 0.000000
-2.466192 -0.607862 0.000000
-2.466192 -0.607862 0.000000
-2.540000 0.000000 0.000000
-2.466192 -0.607862 0.000000
-2.466192 -0.607862 0.000000
-2.466192 -0.607862 0.000000
-2.249058 -1.180397 0.000000
-2.249058 -1.180397 0.000000
-2.466192 -0.607862 0.000000
-2.249058 -1.180397 0.000000
-2.249058 -1.180397 0.000000
-2.249058 -1.180397 0.000000
-1.901217 -1.684332 0.000000
-1.901217 -1.684332 0.000000
-2.249058 -1.180397 0.000000
-1.901217 -1.684332 0.000000
-1.901217 -1.684332 0.000000
-1.901217 -1.684332 0.000000
-1.442884 -2.090379 0.000000
-1.442884 -2.090379 0.000000
-1.901217 -1.684332 0.000000
-1.442884 -2.090379 0.000000
-1.442884 -2.090379 0.000000
-1.442884 -2.090379 0.000000
-0.900696 -2.374941 0.000000
-0.900696 -2.374941 0.000000
-1.442884 -2.090379 0.000000
-0.900696 -2.374941 0.000000
-0.900696 -2.374941 0.000000
-0.900696 -2.374941 0.000000
-0.306163 -2.521481 0.000000
-0.306163 -2.521481 0.000000
-0.900696 -2.374941 0.000000
-0.306163 -2.521481 0.000000
-0.306163 -2.521481 0.000000
-0.306163 -2.521481 0.000000
0.306163 -2.521481 0.000000
0.306163 -2.521481 0.000000
-0.306163 -2.521481 0.000000
0.306163 -2.521481 0.000000
0.306163 -2.521481 0.000000
0.306163 -2.521481 0.000000
0.900696 -2.374941 0.000000
0.900696 -2.374941 0.000000
0.306163 -2.521481 0.000000
0.900696 -2.374941 0.000000
0.900696 -2.374941 0.000000
0.900696 -2.374941 0.000000
1.442884 -2.090379 0.000000
1.442884 -2.090379 0.000000
0.900696 -2.374941 0.000000
1.442884 -2.090379 0.000000
1.442884 -2.090379 0.000000
1.442884 -2.090379 0.000000
1.901217 -1.684332 0.000000
1.901217 -1.684332 0.000000
1.442884 -2.090379 0.000000
1.901217 -1.684332 0.000000
1.901217 -1.684332 0.000000
1.901217 -1.684332 0.000000
2.249058 -1.180397 0.000000
2.249058 -1.180397 0.000000
1.901217 -1.684332 0.000000
2.249058 -1.180397 0.000000
2.249058 -1.180397 0.000000
2.249058 -1.180397 0.000000
2.466192 -0.607862 0.000000
2.466192 -0.607862 0.000000
2.249058 -1.180397 0.000000
2.466192 -0.607862 0.000000
2.466192 -0.607862 0.000000
2.466192 -0.607862 0.000000
2.540000 0.000000 0.000000
2.540000 0.000000 0.000000
2.466192 -0.607862 0.000000
2.540000 0.000000 0.000000
2.540000 0.000000 0.000000
2.540000 0.000000 0.000000
2.466192 -0.607862 0.000000
2.466192 -0.607862 0.000000
2.540000 0.000000 0.000000
2.466192 -0.607862 0.000000
2.466192 -0.607862 0.000000
2.466192 -0.607862 0.000000
2.249058 -1.180397 0.000000
2.249058 -1.180397 0.000000
2.466192 -0.607862 0.000000
2.249058 -1.180397 0.000000
2.249058 -1.180397 0.000000
2.249058 -1.180397 0.000000
1.901217 -1.684332 0.000000
1.901217 -1.684332 0.000000
2.249058 -1.180397 0.000000
1.901217 -1.684332 0.000000
1.901217 -1.684332 0.000000
1.901217 -1.684332 0.000000
1.442884 -2.090379 0.000000
1.442884 -2.090379 0.000000
1.901217 -1.684332 0.000000
1.442884 -2.090379 0.000000
1.442884 -2.090379 0.000000
1.442884 -2.090379 0.000000
0.900696 -2.374941 0.000000
0.900696 -2.374941 0.000000
1.442884 -2.090379 0.000000
0.900696 -2.374941 0.000000
0.900696 -2.374941 0.000000
0.900696 -2.374941 0.000000
0.306163 -2.521481 0.000000
0.306163 -2.521481 0.000000
0.900696 -2.374941 0.000000
0.306163 -2.521481 0.000000
0.306163 -2.521481 0.000000
0.306163 -2.521481 0.000000
-0.306163 -2.521481 0.000000
-0.306163 -2.521481 0.000000
0.306163 -2.521481 0.000000
-0.306163 -2.521481 0.000000
-0.306163 -2.521481 0.000000
-0.306163 -2.521481 0.000000
-0.900696 -2.374941 0.000000
-0.900696 -2.374941 0.000000
-0.306163 -2.521481 0.000000
-0.900696 -2.374941 0.000000
-0.900696 -2.374941 0.000000
-0.900696 -2.374941 0.000000
-1.442884 -2.090379 0.000000
-1.442884 -2.090379 0.000000
-0.900696 -2.374941 0.000000
-1.442884 -2.090379 0.000000
-1.442884 -2.090379 0.000000
-1.442884 -2.090379 0.000000
-1.901217 -1.684332 0.000000
-1.901217 -1.684332 0.000000
-1.442884 -2.090379 0.000000
-1.901217 -1.684332 0.000000
-1.901217 -1.684332 0.000000
-1.901217 -1.684332 0.000000
-2.249058 -1.180397 0.000000
-2.249058 -1.180397 0.000000
-1.901217 -1.684332 0.000000
-2.249058 -1.180397 0.000000
-2.249058 -1.180397 0.000000
-2.249058 -1.180397 0.000000
-2.466192 -0.607862 0.000000
-2.466192 -0.607862 0.000000
-2.249058 -1.180397 0.000000
-2.466192 -0.607862 0.000000
-2.466192 -0.607862 0.000000
-2.466192 -0.607862 0.000000
-2.540000 0.000000 0.000000
-2.540000 0.000000 0.000000
-2.466192 -0.607862 0.000000
-2.540000 0.000000 0.000000
0.000000 0.000000 -2.540000
0.000000 0.000000 -2.540000
0.000000 0.000000 -2.540000
0.000000 0.000000 -2.540000
0.000000 0.000000 -2.540000
0.000000 0.000000 -2.540000
0.000000 0.000000 -2.540000
0.000000 0.000000 -2.540000
0.000000 0.000000 -2.540000
0.000000 0.000000 -2.540000
0.000000 0.000000 -2.540000
0.000000 0.000000 -2.540000
0.000000 0.000000 -2.540000
0.000000 0.000000 -2.540000
0.000000 0.000000 -2.540000
0.000000 0.000000 -2.540000
0.000000 0.000000 -2.540000
0.000000 0.000000 -2.540000
0.000000 0.000000 -2.540000
0.000000 0.000000 -2.540000
0.000000 0.000000 -2.540000
0.000000 0.000000 -2.540000
0.000000 0.000000 -2.540000
0.000000 0.000000 -2.540000
0.000000 0.000000 -2.540000
0.000000 0.000000 -2.540000
0.000000 0.000000 -2.540000
0.000000 0.000000 -2.540000
0.000000 0.000000 -2.540000
0.000000 0.000000 -2.540000
0.000000 0.000000 -2.540000
0.000000 0.000000 -2.540000
0.000000 0.000000 -2.540000
0.000000 0.000000 -2.540000
0.000000 0.000000 -2.540000
0.000000 0.000000 -2.540000
0.000000 0.000000 -2.540000
0.000000 0.000000 -2.540000
0.000000 0.000000 -2.540000
0.000000 0.000000 -2.540000
0.000000 0.000000 -2.540000
0.000000 0.000000 -2.540000
0.000000 0.000000 -2.540000
0.000000 0.000000 -2.540000
0.000000 0.000000 -2.540000
0.000000 0.000000 -2.540000
0.000000 0.000000 -2.540000
0.000000 0.000000 -2.540000
0.000000 0.000000 -2.540000
0.000000 0.000000 -2.540000
0.000000 0.000000 -2.540000
0.000000 0.000000 -2.540000
0.000000 0.000000 -2.540000
0.000000 0.000000 -2.540000
0.000000 0.000000 -2.540000
0.000000 0.000000 -2.540000
0.000000 0.000000 -2.540000
0.000000 0.000000 -2.540000
0.000000 0.000000 -2.540000
0.000000 0.000000 -2.540000
0.000000 0.000000 -2.540000
0.000000 0.000000 -2.540000
0.000000 0.000000 -2.540000
0.000000 0.000000 -2.540000
0.000000 0.000000 -2.540000
0.000000 0.000000 -2.540000
0.000000 0.000000 -2.540000
0.000000 0.000000 -2.540000
0.000000 0.000000 -2.540000
0.000000 0.000000 -2.540000
0.000000 0.000000 -2.540000
0.000000 0.000000 -2.540000
0.000000 0.000000 -2.540000
0.000000 0.000000 -2.540000
0.000000 0.000000 -2.540000
0.000000 0.000000 -2.540000
0.000000 0.000000 -2.540000
0.000000 0.000000 -2.540000
0.000000 0.000000 -2.540000
0.000000 0.000000 -2.540000
0.000000 0.000000 -2.540000
0.000000 0.000000 -2.540000
0.000000 0.000000 -2.540000
0.000000 0.000000 -2.540000
0.000000 0.000000 -2.540000
0.000000 0.000000 -2.540000
0.000000 0.000000 -2.540000
0.000000 0.000000 -2.540000
0.000000 0.000000 -2.540000
0.000000 0.000000 -2.540000
0.000000 0.000000 -2.540000
0.000000 0.000000 -2.540000
0.000000 0.000000 -2.540000
0.000000 0.000000 -2.540000
0.000000 0.000000 -2.540000
0.000000 0.000000 -2.540000
0.000000 0.000000 -2.540000
0.000000 0.000000 -2.540000
0.000000 0.000000 -2.540000
0.000000 0.000000 -2.540000
0.000000 0.000000 -2.540000
0.000000 0.000000 -2.540000
0.000000 0.000000 -2.540000
0.000000 0.000000 -2.540000
0.000000 0.000000 -2.540000
0.000000 0.000000 -2.540000
0.000000 0.000000 -2.540000
0.000000 0.000000 -2.540000
0.000000 0.000000 -2.540000
0.000000 0.000000 -2.540000
0.000000 0.000000 -2.540000
0.000000 0.000000 -2.540000
0.000000 0.000000 -2.540000
0.000000 0.000000 -2.540000
0.000000 0.000000 2.540000
0.000000 0.000000 2.540000
0.000000 0.000000 2.540000
0.000000 0.000000 2.540000
0.000000 0.000000 2.540000
0.000000 0.000000 2.540000
0.000000 0.000000 2.540000
0.000000 0.000000 2.540000
0.000000 0.000000 2.540000
0.000000 0.000000 2.540000
0.000000 0.000000 2.540000
0.000000 0.000000 2.540000
0.000000 0.000000 2.540000
0.000000 0.000000 2.540000
0.000000 0.000000 2.540000
0.000000 0.000000 2.540000
0.000000 0.000000 2.540000
0.000000 0.000000 2.540000
0.000000 0.000000 2.540000
0.000000 0.000000 2.540000
0.000000 0.000000 2.540000
0.000000 0.000000 2.540000
0.000000 0.000000 2.540000
0.000000 0.000000 2.540000
0.000000 0.000000 2.540000
0.000000 0.000000 2.540000
0.000000 0.000000 2.540000
0.000000 0.000000 2.540000
0.000000 0.000000 2.540000
0.000000 0.000000 2.540000
0.000000 0.000000 2.540000
0.000000 0.000000 2.540000
0.000000 0.000000 2.540000
0.000000 0.000000 2.540000
0.000000 0.000000 2.540000
0.000000 0.000000 2.540000
0.000000 0.000000 2.540000
0.000000 0.000000 2.540000
0.000000 0.000000 2.540000
0.000000 0.000000 2.540000
0.000000 0.000000 2.540000
0.000000 0.000000 2.540000
0.000000 0.000000 2.540000
0.000000 0.000000 2.540000
0.000000 0.000000 2.540000
0.000000 0.000000 2.540000
0.000000 0.000000 2.540000
0.000000 0.000000 2.540000
0.000000 0.000000 2.540000
0.000000 0.000000 2.540000
0.000000 0.000000 2.540000
0.000000 0.000000 2.540000
0.000000 0.000000 2.540000
0.000000 0.000000 2.540000
0.000000 0.000000 2.540000
0.000000 0.000000 2.540000
0.000000 0.000000 2.540000
0.000000 0.000000 2.540000
0.000000 0.000000 2.540000
0.000000 0.000000 2.540000
0.000000 0.000000 2.540000
0.000000 0.000000 2.540000
0.000000 0.000000 2.540000
0.000000 0.000000 2.540000
0.000000 0.000000 2.540000
0.000000 0.000000 2.540000
0.000000 0.000000 2.540000
0.000000 0.000000 2.540000
0.000000 0.000000 2.540000
0.000000 0.000000 2.540000
0.000000 0.000000 2.540000
0.000000 0.000000 2.540000
0.000000 0.000000 2.540000
0.000000 0.000000 2.540000
0.000000 0.000000 2.540000
0.000000 0.000000 2.540000
0.000000 0.000000 2.540000
0.000000 0.000000 2.540000
0.000000 0.000000 2.540000
0.000000 0.000000 2.540000
0.000000 0.000000 2.540000
0.000000 0.000000 2.540000
0.000000 0.000000 2.540000
0.000000 0.000000 2.540000
0.000000 0.000000 2.540000
0.000000 0.000000 2.540000
0.000000 0.000000 2.540000
0.000000 0.000000 2.540000
0.000000 0.000000 2.540000
0.000000 0.000000 2.540000
0.000000 0.000000 2.540000
0.000000 0.000000 2.540000
0.000000 0.000000 2.540000
0.000000 0.000000 2.540000
0.000000 0.000000 2.540000
0.000000 0.000000 2.540000
0.000000 0.000000 2.540000
0.000000 0.000000 2.540000
0.000000 0.000000 2.540000
0.000000 0.000000 2.540000
0.000000 0.000000 2.540000
0.000000 0.000000 2.540000
0.000000 0.000000 2.540000
0.000000 0.000000 2.540000
0.000000 0.000000 2.540000
0.000000 0.000000 2.540000
0.000000 0.000000 2.540000
0.000000 0.000000 2.540000
0.000000 0.000000 2.540000
0.000000 0.000000 2.540000
0.000000 0.000000 2.540000
0.000000 0.000000 2.540000
0.000000 0.000000 2.540000
0.000000 0.000000 2.540000
-2.540000 -0.000000 0.000000
-2.540000 -0.000000 0.000000
-2.466192 -0.607862 0.000000
-2.466192 -0.607862 0.000000
-2.540000 -0.000000 0.000000
-2.466192 -0.607862 0.000000
-2.466192 -0.607862 0.000000
-2.466192 -0.607862 0.000000
-2.249058 -1.180397 0.000000
-2.249058 -1.180397 0.000000
-2.466192 -0.607862 0.000000
-2.249058 -1.180397 0.000000
-2.249058 -1.180397 0.000000
-2.249058 -1.180397 0.000000
-1.901217 -1.684332 0.000000
-1.901217 -1.684332 0.000000
-2.249058 -1.180397 0.000000
-1.901217 -1.684332 0.000000
-1.901217 -1.684332 0.000000
-1.901217 -1.684332 0.000000
-1.442884 -2.090379 0.000000
-1.442884 -2.090379 0.000000
-1.901217 -1.684332 0.000000
-1.442884 -2.090379 0.000000
-1.442884 -2.090379 0.000000
-1.442884 -2.090379 0.000000
-0.900696 -2.374941 0.000000
-0.900696 -2.374941 0.000000
-1.442884 -2.090379 0.000000
-0.900696 -2.374941 0.000000
-0.900696 -2.374941 0.000000
-0.900696 -2.374941 0.000000
-0.306163 -2.521481 0.000000
-0.306163 -2.521481 0.000000
-0.900696 -2.374941 0.000000
-0.306163 -2.521481 0.000000
-0.306163 -2.521481 0.000000
-0.306163 -2.521481 0.000000
0.306163 -2.521481 0.000000
0.306163 -2.521481 0.000000
-0.306163 -2.521481 0.000000
0.306163 -2.521481 0.000000
0.306163 -2.521481 0.000000
0.306163 -2.521481 0.000000
0.900696 -2.374941 0.000000
0.900696 -2.374941 0.000000
0.306163 -2.521481 0.000000
0.900696 -2.374941 0.000000
0.900696 -2.374941 0.000000
0.900696 -2.374941 0.000000
1.442884 -2.090379 0.000000
1.442884 -2.090379 0.000000
0.900696 -2.374941 0.000000
1.442884 -2.090379 0.000000
1.442884 -2.090379 0.000000
1.442884 -2.090379 0.000000
1.901217 -1.684332 0.000000
1.901217 -1.684332 0.000000
1.442884 -2.090379 0.000000
1.901217 -1.684332 0.000000
1.901217 -1.684332 0.000000
1.901217 -1.684332 0.000000
2.249058 -1.180397 0.000000
2.249058 -1.180397 0.000000
1.901217 -1.684332 0.000000
2.249058 -1.180397 0.000000
2.249058 -1.180397 0.000000
2.249058 -1.180397 0.000000
2.466192 -0.607862 0.000000
2.466192 -0.607862 0.000000
2.249058 -1.180397 0.000000
2.466192 -0.607862 0.000000
2.466192 -0.607862 0.000000
2.466192 -0.607862 0.000000
2.540000 0.000000 0.000000
2.540000 0.000000 0.000000
2.466192 -0.607862 0.000000
2.540000 0.000000 0.000000
0.000000 0.000000 -2.540000
0.000000 0.000000 -2.540000
0.000000 0.000000 -2.540000
0.000000 0.000000 -2.540000
0.000000 0.000000 -2.540000
0.000000 0.000000 -2.540000
0.000000 0.000000 -2.540000
0.000000 0.000000 -2.540000
0.000000 0.000000 -2.540000
0.000000 0.000000 -2.540000
0.000000 0.000000 -2.540000
0.000000 0.000000 -2.540000
0.000000 0.000000 -2.540000
0.000000 0.000000 -2.540000
0.000000 0.000000 -2.540000
0.000000 0.000000 -2.540000
0.000000 0.000000 -2.540000
0.000000 0.000000 -2.540000
0.000000 0.000000 -2.540000
0.000000 0.000000 -2.540000
0.000000 0.000000 -2.540000
0.000000 0.000000 -2.540000
0.000000 0.000000 -2.540000
0.000000 0.000000 -2.540000
0.000000 0.000000 -2.540000
0.000000 0.000000 -2.540000
0.000000 0.000000 -2.540000
0.000000 0.000000 -2.540000
0.000000 0.000000 -2.540000
0.000000 0.000000 -2.540000
0.000000 0.000000 -2.540000
0.000000 0.000000 -2.540000
0.000000 0.000000 -2.540000
0.000000 0.000000 -2.540000
0.000000 0.000000 -2.540000
0.000000 0.000000 -2.540000
0.000000 0.000000 -2.540000
0.000000 0.000000 -2.540000
0.000000 0.000000 -2.540000
0.000000 0.000000 -2.540000
0.000000 0.000000 -2.540000
0.000000 0.000000 -2.540000
0.000000 0.000000 -2.540000
0.000000 0.000000 -2.540000
0.000000 0.000000 -2.540000
0.000000 0.000000 -2.540000
0.000000 0.000000 -2.540000
0.000000 0.000000 -2.540000
0.000000 0.000000 -2.540000
0.000000 0.000000 -2.540000
0.000000 0.000000 -2.540000
0.000000 0.000000 -2.540000
0.000000 0.000000 -2.540000
0.000000 0.000000 -2.540000
0.000000 0.000000 -2.540000
0.000000 0.000000 -2.540000
0.000000 0.000000 -2.540000
0.000000 0.000000 -2.540000
0.000000 0.000000 -2.540000
0.000000 0.000000 -2.540000
0.000000 0.000000 -2.540000
0.000000 0.000000 -2.540000
0.000000 0.000000 -2.540000
0.000000 0.000000 -2.540000
0.000000 0.000000 -2.540000
0.000000 0.000000 -2.540000
0.000000 0.000000 -2.540000
0.000000 0.000000 -2.540000
0.000000 0.000000 -2.540000
0.000000 0.000000 -2.540000
0.000000 0.000000 -2.540000
0.000000 0.000000 -2.540000
0.000000 0.000000 -2.540000
0.000000 0.000000 -2.540000
0.000000 0.000000 -2.540000
0.000000 0.000000 -2.540000
0.000000 0.000000 -2.540000
0.000000 0.000000 -2.540000
0.000000 0.000000 -2.540000
0.000000 0.000000 -2.540000
0.000000 0.000000 -2.540000
0.000000 0.000000 -2.540000
0.000000 0.000000 -2.540000
0.000000 0.000000 -2.540000
0.000000 0.000000 -2.540000
0.000000 0.000000 -2.540000
0.000000 0.000000 -2.540000
0.000000 0.000000 -2.540000
0.000000 0.000000 -2.540000
0.000000 0.000000 -2.540000
0.000000 0.000000 -2.540000
0.000000 0.000000 -2.540000
0.000000 0.000000 -2.540000
0.000000 0.000000 -2.540000
0.000000 0.000000 -2.540000
0.000000 0.000000 -2.540000
0.000000 0.000000 -2.540000
0.000000 0.000000 -2.540000
0.000000 0.000000 -2.540000
0.000000 0.000000 -2.540000
0.000000 0.000000 -2.540000
0.000000 0.000000 -2.540000
0.000000 0.000000 -2.540000
0.000000 0.000000 -2.540000
0.000000 0.000000 -2.540000
0.000000 0.000000 -2.540000
0.000000 0.000000 -2.540000
0.000000 0.000000 -2.540000
0.000000 0.000000 -2.540000
0.000000 0.000000 -2.540000
0.000000 0.000000 -2.540000
0.000000 0.000000 -2.540000
0.000000 0.000000 -2.540000
0.000000 0.000000 -2.540000
0.000000 0.000000 -2.540000
0.000000 0.000000 -2.540000
0.000000 0.000000 -2.540000
0.000000 0.000000 -2.540000
0.000000 0.000000 -2.540000
0.000000 0.000000 -2.540000
0.000000 0.000000 -2.540000
0.000000 0.000000 -2.540000
0.000000 0.000000 -2.540000
0.000000 0.000000 -2.540000
0.000000 0.000000 -2.540000
0.000000 0.000000 -2.540000
0.000000 0.000000 -2.540000
0.000000 0.000000 -2.540000
0.000000 0.000000 -2.540000
0.000000 0.000000 -2.540000
0.000000 0.000000 -2.540000
0.000000 0.000000 -2.540000
0.000000 0.000000 -2.540000
0.000000 0.000000 -2.540000
0.000000 0.000000 -2.540000
0.000000 0.000000 -2.540000
0.000000 0.000000 -2.540000
0.000000 0.000000 -2.540000
0.000000 0.000000 -2.540000
0.000000 0.000000 -2.540000
0.000000 0.000000 -2.540000
0.000000 0.000000 -2.540000
0.000000 0.000000 -2.540000
0.000000 0.000000 -2.540000
0.000000 0.000000 -2.540000
0.000000 0.000000 -2.540000
0.000000 0.000000 -2.540000
0.000000 0.000000 2.540000
0.000000 0.000000 2.540000
0.000000 0.000000 2.540000
0.000000 0.000000 2.540000
0.000000 0.000000 2.540000
0.000000 0.000000 2.540000
0.000000 0.000000 2.540000
0.000000 0.000000 2.540000
0.000000 0.000000 2.540000
0.000000 0.000000 2.540000
0.000000 0.000000 2.540000
0.000000 0.000000 2.540000
0.000000 0.000000 2.540000
0.000000 0.000000 2.540000
0.000000 0.000000 2.540000
0.000000 0.000000 2.540000
0.000000 0.000000 2.540000
0.000000 0.000000 2.540000
0.000000 0.000000 2.540000
0.000000 0.000000 2.540000
0.000000 0.000000 2.540000
0.000000 0.000000 2.540000
0.000000 0.000000 2.540000
0.000000 0.000000 2.540000
0.000000 0.000000 2.540000
0.000000 0.000000 2.540000
0.000000 0.000000 2.540000
0.000000 0.000000 2.540000
0.000000 0.000000 2.540000
0.000000 0.000000 2.540000
0.000000 0.000000 2.540000
0.000000 0.000000 2.540000
0.000000 0.000000 2.540000
0.000000 0.000000 2.540000
0.000000 0.000000 2.540000
0.000000 0.000000 2.540000
0.000000 0.000000 2.540000
0.000000 0.000000 2.540000
0.000000 0.000000 2.540000
0.000000 0.000000 2.540000
0.000000 0.000000 2.540000
0.000000 0.000000 2.540000
0.000000 0.000000 2.540000
0.000000 0.000000 2.540000
0.000000 0.000000 2.540000
0.000000 0.000000 2.540000
0.000000 0.000000 2.540000
0.000000 0.000000 2.540000
0.000000 0.000000 2.540000
0.000000 0.000000 2.540000
0.000000 0.000000 2.540000
0.000000 0.000000 2.540000
0.000000 0.000000 2.540000
0.000000 0.000000 2.540000
0.000000 0.000000 2.540000
0.000000 0.000000 2.540000
0.000000 0.000000 2.540000
0.000000 0.000000 2.540000
0.000000 0.000000 2.540000
0.000000 0.000000 2.540000
0.000000 0.000000 2.540000
0.000000 0.000000 2.540000
0.000000 0.000000 2.540000
0.000000 0.000000 2.540000
0.000000 0.000000 2.540000
0.000000 0.000000 2.540000
0.000000 0.000000 2.540000
0.000000 0.000000 2.540000
0.000000 0.000000 2.540000
0.000000 0.000000 2.540000
0.000000 0.000000 2.540000
0.000000 0.000000 2.540000
0.000000 0.000000 2.540000
0.000000 0.000000 2.540000
0.000000 0.000000 2.540000
0.000000 0.000000 2.540000
0.000000 0.000000 2.540000
0.000000 0.000000 2.540000
0.000000 0.000000 2.540000
0.000000 0.000000 2.540000
0.000000 0.000000 2.540000
0.000000 0.000000 2.540000
0.000000 0.000000 2.540000
0.000000 0.000000 2.540000
0.000000 0.000000 2.540000
0.000000 0.000000 2.540000
0.000000 0.000000 2.540000
0.000000 0.000000 2.540000
0.000000 0.000000 2.540000
0.000000 0.000000 2.540000
0.000000 0.000000 2.540000
0.000000 0.000000 2.540000
0.000000 0.000000 2.540000
0.000000 0.000000 2.540000
0.000000 0.000000 2.540000
0.000000 0.000000 2.540000
0.000000 0.000000 2.540000
0.000000 0.000000 2.540000
0.000000 0.000000 2.540000
0.000000 0.000000 2.540000
0.000000 0.000000 2.540000
0.000000 0.000000 2.540000
0.000000 0.000000 2.540000
0.000000 0.000000 2.540000
0.000000 0.000000 2.540000
0.000000 0.000000 2.540000
0.000000 0.000000 2.540000
0.000000 0.000000 2.540000
0.000000 0.000000 2.540000
0.000000 0.000000 2.540000
0.000000 0.000000 2.540000
0.000000 0.000000 2.540000
0.000000 0.000000 2.540000
0.000000 0.000000 2.540000
0.000000 0.000000 2.540000
0.000000 0.000000 2.540000
0.000000 0.000000 2.540000
0.000000 0.000000 2.540000
0.000000 0.000000 2.540000
0.000000 0.000000 2.540000
0.000000 0.000000 2.540000
0.000000 0.000000 2.540000
0.000000 0.000000 2.540000
0.000000 0.000000 2.540000
0.000000 0.000000 2.540000
0.000000 0.000000 2.540000
0.000000 0.000000 2.540000
0.000000 0.000000 2.540000
0.000000 0.000000 2.540000
0.000000 0.000000 2.540000
0.000000 0.000000 2.540000
0.000000 0.000000 2.540000
0.000000 0.000000 2.540000
0.000000 0.000000 2.540000
0.000000 0.000000 2.540000
0.000000 0.000000 2.540000
0.000000 0.000000 2.540000
0.000000 0.000000 2.540000
0.000000 0.000000 2.540000
0.000000 0.000000 2.540000
0.000000 0.000000 2.540000
0.000000 0.000000 2.540000
0.000000 0.000000 2.540000
0.000000 0.000000 2.540000
0.000000 0.000000 2.540000
0.000000 0.000000 2.540000
0.000000 0.000000 2.540000
0.000000 0.000000 -2.540000
0.000000 0.000000 -2.540000
0.000000 0.000000 -2.540000
0.000000 0.000000 -2.540000
0.000000 0.000000 -2.540000
0.000000 0.000000 -2.540000
0.000000 0.000000 -2.540000
0.000000 0.000000 -2.540000
0.000000 0.000000 -2.540000
0.000000 0.000000 -2.540000
0.000000 0.000000 -2.540000
0.000000 0.000000 -2.540000
0.000000 0.000000 -2.540000
0.000000 0.000000 -2.540000
0.000000 0.000000 -2.540000
0.000000 0.000000 -2.540000
0.000000 0.000000 -2.540000
0.000000 0.000000 -2.540000
0.000000 0.000000 -2.540000
0.000000 0.000000 -2.540000
0.000000 0.000000 -2.540000
0.000000 0.000000 -2.540000
0.000000 0.000000 -2.540000
0.000000 0.000000 -2.540000
0.000000 0.000000 -2.540000
0.000000 0.000000 -2.540000
0.000000 0.000000 -2.540000
0.000000 0.000000 -2.540000
0.000000 0.000000 -2.540000
0.000000 0.000000 -2.540000
0.000000 0.000000 -2.540000
0.000000 0.000000 -2.540000
0.000000 0.000000 -2.540000
0.000000 0.000000 -2.540000
0.000000 0.000000 -2.540000
0.000000 0.000000 -2.540000
0.000000 0.000000 -2.540000
0.000000 0.000000 -2.540000
0.000000 0.000000 -2.540000
0.000000 0.000000 -2.540000
0.000000 0.000000 -2.540000
0.000000 0.000000 -2.540000
0.000000 0.000000 -2.540000
0.000000 0.000000 -2.540000
0.000000 0.000000 -2.540000
0.000000 0.000000 -2.540000
0.000000 0.000000 -2.540000
0.000000 0.000000 -2.540000
0.000000 0.000000 -2.540000
0.000000 0.000000 -2.540000
0.000000 0.000000 -2.540000
0.000000 0.000000 -2.540000
0.000000 0.000000 -2.540000
0.000000 0.000000 -2.540000
0.000000 0.000000 -2.540000
0.000000 0.000000 -2.540000
0.000000 0.000000 -2.540000
0.000000 0.000000 -2.540000
0.000000 0.000000 -2.540000
0.000000 0.000000 -2.540000
0.000000 0.000000 -2.540000
0.000000 0.000000 -2.540000
0.000000 0.000000 -2.540000
0.000000 0.000000 -2.540000
0.000000 0.000000 -2.540000
0.000000 0.000000 -2.540000
0.000000 0.000000 -2.540000
0.000000 0.000000 -2.540000
0.000000 0.000000 -2.540000
0.000000 0.000000 -2.540000
0.000000 0.000000 -2.540000
0.000000 0.000000 -2.540000
0.000000 0.000000 -2.540000
0.000000 0.000000 -2.540000
0.000000 0.000000 -2.540000
0.000000 0.000000 -2.540000
0.000000 0.000000 -2.540000
0.000000 0.000000 -2.540000
0.000000 0.000000 -2.540000
0.000000 0.000000 -2.540000
0.000000 0.000000 -2.540000
0.000000 0.000000 -2.540000
0.000000 0.000000 -2.540000
0.000000 0.000000 -2.540000
0.000000 0.000000 -2.540000
0.000000 0.000000 -2.540000
0.000000 0.000000 -2.540000
0.000000 0.000000 -2.540000
0.000000 0.000000 -2.540000
0.000000 0.000000 -2.540000
0.000000 0.000000 -2.540000
0.000000 0.000000 -2.540000
0.000000 0.000000 -2.540000
0.000000 0.000000 -2.540000
0.000000 0.000000 -2.540000
0.000000 0.000000 -2.540000
0.000000 0.000000 -2.540000
0.000000 0.000000 -2.540000
0.000000 0.000000 -2.540000
0.000000 0.000000 -2.540000
0.000000 0.000000 -2.540000
0.000000 0.000000 -2.540000
0.000000 0.000000 -2.540000
0.000000 0.000000 -2.540000
0.000000 0.000000 -2.540000
0.000000 0.000000 -2.540000
0.000000 0.000000 -2.540000
0.000000 0.000000 -2.540000
0.000000 0.000000 -2.540000
0.000000 0.000000 -2.540000
0.000000 0.000000 -2.540000
0.000000 0.000000 -2.540000
0.000000 0.000000 -2.540000
0.000000 0.000000 -2.540000
0.000000 0.000000 -2.540000
0.000000 0.000000 -2.540000
0.000000 0.000000 -2.540000
0.000000 0.000000 -2.540000
0.000000 0.000000 -2.540000
0.000000 0.000000 -2.540000
0.000000 0.000000 -2.540000
0.000000 0.000000 -2.540000
0.000000 0.000000 -2.540000
0.000000 0.000000 -2.540000
0.000000 0.000000 -2.540000
0.000000 0.000000 -2.540000
0.000000 0.000000 -2.540000
0.000000 0.000000 -2.540000
0.000000 0.000000 -2.540000
0.000000 0.000000 -2.540000
0.000000 0.000000 -2.540000
0.000000 0.000000 -2.540000
0.000000 0.000000 -2.540000
0.000000 0.000000 -2.540000
0.000000 0.000000 -2.540000
0.000000 0.000000 -2.540000
0.000000 0.000000 -2.540000
0.000000 0.000000 -2.540000
0.000000 0.000000 -2.540000
0.000000 0.000000 -2.540000
0.000000 0.000000 -2.540000
0.000000 0.000000 -2.540000
0.000000 0.000000 -2.540000
0.000000 0.000000 -2.540000
0.000000 0.000000 -2.540000
0.000000 0.000000 -2.540000
0.000000 0.000000 -2.540000
0.000000 0.000000 -2.540000
0.000000 0.000000 -2.540000
0.000000 0.000000 -2.540000
0.000000 0.000000 -2.540000
0.000000 0.000000 -2.540000
0.000000 0.000000 -2.540000
0.000000 0.000000 2.540000
0.000000 0.000000 2.540000
-0.607862 0.000000 2.466192
-0.607862 0.000000 2.466192
0.000000 0.000000 2.540000
-0.607862 0.000000 2.466192
-0.607862 0.000000 2.466192
-0.607862 0.000000 2.466192
-1.180397 0.000000 2.249058
-1.180397 0.000000 2.249058
-0.607862 0.000000 2.466192
-1.180397 0.000000 2.249058
-1.180397 0.000000 2.249058
-1.180397 0.000000 2.249058
-1.480721 0.000000 2.063750
-1.480721 0.000000 2.063750
-1.180397 0.000000 2.249058
-1.495257 0.000000 2.053243
-1.495257 0.000000 2.053243
-1.180397 0.000000 2.249058
-1.536536 0.000000 2.022537
-1.536536 0.000000 2.022537
-1.180397 0.000000 2.249058
-1.684332 0.000000 1.901217
-1.536536 0.000000 2.022537
-1.684332 0.000000 1.901217
-1.680737 0.000000 1.904395
-1.680737 0.000000 1.904395
-1.684332 0.000000 1.901217
-1.870280 0.000000 1.718620
-1.870280 0.000000 1.718620
-1.684332 0.000000 1.901217
-2.090379 0.000000 1.442884
-1.870280 0.000000 1.718620
-2.090379 0.000000 1.442884
-2.065898 0.000000 1.477723
-2.065898 0.000000 1.477723
-2.090379 0.000000 1.442884
-2.248256 0.000000 1.181924
-2.248256 0.000000 1.181924
-2.090379 0.000000 1.442884
-2.374941 0.000000 0.900696
-2.248256 0.000000 1.181924
-2.374941 0.000000 0.900696
-2.402830 0.000000 0.823413
-2.402830 0.000000 0.823413
-2.374941 0.000000 0.900696
-2.504989 0.000000 0.420276
-2.504989 0.000000 0.420276
-2.374941 0.000000 0.900696
-2.521481 0.000000 0.306163
-2.504989 0.000000 0.420276
-2.521481 0.000000 0.306163
-2.531281 0.000000 0.210274
-2.531281 0.000000 0.210274
-2.521481 0.000000 0.306163
-2.540000 0.000000 -0.000000
-2.540000 0.000000 -0.000000
-2.521481 0.000000 0.306163
-2.521481 0.000000 -0.306163
-2.540000 0.000000 -0.000000
-2.521481 0.000000 -0.306163
-2.531281 0.000000 -0.210274
-2.531281 0.000000 -0.210274
-2.521481 0.000000 -0.306163
-2.504989 0.000000 -0.420276
-2.504989 0.000000 -0.420276
-2.521481 0.000000 -0.306163
-2.374941 0.000000 -0.900696
-2.504989 0.000000 -0.420276
-2.374941 0.000000 -0.900696
-2.402830 0.000000 -0.823413
-2.402830 0.000000 -0.823413
-2.374941 0.000000 -0.900696
-2.248256 0.000000 -1.181924
-2.248256 0.000000 -1.181924
-2.374941 0.000000 -0.900696
-2.090379 0.000000 -1.442884
-2.248256 0.000000 -1.181924
-2.090379 0.000000 -1.442884
-2.065898 0.000000 -1.477723
-2.065898 0.000000 -1.477723
-2.090379 0.000000 -1.442884
-1.870280 0.000000 -1.718620
-1.870280 0.000000 -1.718620
-2.090379 0.000000 -1.442884
-1.684332 0.000000 -1.901217
-1.870280 0.000000 -1.718620
-1.684332 0.000000 -1.901217
-1.680737 0.000000 -1.904395
-1.680737 0.000000 -1.904395
-1.684332 0.000000 -1.901217
-1.536536 0.000000 -2.022537
-1.536536 0.000000 -2.022537
-1.684332 0.000000 -1.901217
-1.495257 0.000000 -2.053243
-1.495257 0.000000 -2.053243
-1.684332 0.000000 -1.901217
-1.180397 0.000000 -2.249058
-1.495257 0.000000 -2.053243
-1.180397 0.000000 -2.249058
-1.480721 0.000000 -2.063750
-1.480721 0.000000 -2.063750
-1.180397 0.000000 -2.249058
-1.180397 0.000000 -2.249058
-1.480721 0.000000 -2.063750
-1.180397 0.000000 -2.249058
-1.495257 0.000000 -2.053243
-1.495257 0.000000 -2.053243
-1.180397 0.000000 -2.249058
-1.684332 0.000000 -1.901217
-1.495257 0.000000 -2.053243
-1.684332 0.000000 -1.901217
-1.536536 0.000000 -2.022537
-1.536536 0.000000 -2.022537
-1.684332 0.000000 -1.901217
-1.680737 0.000000 -1.904395
-1.680737 0.000000 -1.904395
-1.684332 0.000000 -1.901217
-1.870280 0.000000 -1.718620
-1.870280 0.000000 -1.718620
-1.684332 0.000000 -1.901217
-2.090379 0.000000 -1.442884
-1.870280 0.000000 -1.718620
-2.090379 0.000000 -1.442884
-2.065898 0.000000 -1.477723
-2.065898 0.000000 -1.477723
-2.090379 0.000000 -1.442884
-2.248256 0.000000 -1.181924
-2.248256 0.000000 -1.181924
-2.090379 0.000000 -1.442884
-2.374941 0.000000 -0.900696
-2.248256 0.000000 -1.181924
-2.374941 0.000000 -0.900696
-2.402830 0.000000 -0.823413
-2.402830 0.000000 -0.823413
-2.374941 0.000000 -0.900696
-2.504989 0.000000 -0.420276
-2.504989 0.000000 -0.420276
-2.374941 0.000000 -0.900696
-2.521481 0.000000 -0.306163
-2.504989 0.000000 -0.420276
-2.521481 0.000000 -0.306163
-2.531281 0.000000 -0.210274
-2.531281 0.000000 -0.210274
-2.521481 0.000000 -0.306163
-2.540000 0.000000 -0.000000
-2.540000 0.000000 -0.000000
-2.521481 0.000000 -0.306163
-2.521481 0.000000 0.306163
-2.540000 0.000000 -0.000000
-2.521481 0.000000 0.306163
-2.531281 0.000000 0.210274
-2.531281 0.000000 0.210274
-2.521481 0.000000 0.306163
-2.504989 0.000000 0.420276
-2.504989 0.000000 0.420276
-2.521481 0.000000 0.306163
-2.374941 0.000000 0.900696
-2.504989 0.000000 0.420276
-2.374941 0.000000 0.900696
-2.402830 0.000000 0.823413
-2.402830 0.000000 0.823413
-2.374941 0.000000 0.900696
-2.248256 0.000000 1.181924
-2.248256 0.000000 1.181924
-2.374941 0.000000 0.900696
-2.090379 0.000000 1.442884
-2.248256 0.000000 1.181924
-2.090379 0.000000 1.442884
-2.065898 0.000000 1.477723
-2.065898 0.000000 1.477723
-2.090379 0.000000 1.442884
-1.870280 0.000000 1.718620
-1.870280 0.000000 1.718620
-2.090379 0.000000 1.442884
-1.684332 0.000000 1.901217
-1.870280 0.000000 1.718620
-1.684332 0.000000 1.901217
-1.680737 0.000000 1.904395
-1.680737 0.000000 1.904395
-1.684332 0.000000 1.901217
-1.536536 0.000000 2.022537
-1.536536 0.000000 2.022537
-1.684332 0.000000 1.901217
-1.180397 0.000000 2.249058
-1.536536 0.000000 2.022537
-1.180397 0.000000 2.249058
-1.495257 0.000000 2.053243
-1.495257 0.000000 2.053243
-1.180397 0.000000 2.249058
-1.480721 0.000000 2.063750
-1.180397 0.000000 -2.249058
-1.180397 0.000000 -2.249058
-0.607862 0.000000 -2.466192
-0.607862 0.000000 -2.466192
-1.180397 0.000000 -2.249058
-0.607862 0.000000 -2.466192
-0.607862 0.000000 -2.466192
-0.607862 0.000000 -2.466192
0.000000 0.000000 -2.540000
0.000000 0.000000 -2.540000
-0.607862 0.000000 -2.466192
0.000000 0.000000 -2.540000
0.000000 0.000000 2.540000
0.000000 0.000000 2.540000
-0.607862 0.000000 2.466192
-0.607862 0.000000 2.466192
0.000000 0.000000 2.540000
-0.607862 0.000000 2.466192
-0.607862 0.000000 2.466192
-0.607862 0.000000 2.466192
-1.180397 0.000000 2.249058
-1.180397 0.000000 2.249058
-0.607862 0.000000 2.466192
-1.180397 0.000000 2.249058
-1.180397 0.000000 2.249058
-1.180397 0.000000 2.249058
-1.480721 0.000000 2.063750
-1.480721 0.000000 2.063750
-1.180397 0.000000 2.249058
-1.495257 0.000000 2.053243
-1.495257 0.000000 2.053243
-1.180397 0.000000 2.249058
-1.536536 0.000000 2.022537
-1.536536 0.000000 2.022537
-1.180397 0.000000 2.249058
-1.684332 0.000000 1.901217
-1.536536 0.000000 2.022537
-1.684332 0.000000 1.901217
-1.680737 0.000000 1.904395
-1.680737 0.000000 1.904395
-1.684332 0.000000 1.901217
-1.870280 0.000000 1.718620
-1.870280 0.000000 1.718620
-1.684332 0.000000 1.901217
-2.090379 0.000000 1.442884
-1.870280 0.000000 1.718620
-2.090379 0.000000 1.442884
-2.065898 0.000000 1.477723
-2.065898 0.000000 1.477723
-2.090379 0.000000 1.442884
-2.248256 0.000000 1.181924
-2.248256 0.000000 1.181924
-2.090379 0.000000 1.442884
-2.374941 0.000000 0.900696
-2.248256 0.000000 1.181924
-2.374941 0.000000 0.900696
-2.402830 0.000000 0.823413
-2.402830 0.000000 0.823413
-2.374941 0.000000 0.900696
-2.504989 0.000000 0.420276
-2.504989 0.000000 0.420276
-2.374941 0.000000 0.900696
-2.521481 0.000000 0.306163
-2.504989 0.000000 0.420276
-2.521481 0.000000 0.306163
-2.531281 0.000000 0.210274
-2.531281 0.000000 0.210274
-2.521481 0.000000 0.306163
-2.540000 0.000000 -0.000000
-2.540000 0.000000 -0.000000
-2.521481 0.000000 0.306163
-2.521481 0.000000 -0.306163
-2.540000 0.000000 -0.000000
-2.521481 0.000000 -0.306163
-2.531281 0.000000 -0.210274
-2.531281 0.000000 -0.210274
-2.521481 0.000000 -0.306163
-2.504989 0.000000 -0.420276
-2.504989 0.000000 -0.420276
-2.521481 0.000000 -0.306163
-2.374941 0.000000 -0.900696
-2.504989 0.000000 -0.420276
-2.374941 0.000000 -0.900696
-2.402830 0.000000 -0.823413
-2.402830 0.000000 -0.823413
-2.374941 0.000000 -0.900696
-2.248256 0.000000 -1.181924
-2.248256 0.000000 -1.181924
-2.374941 0.000000 -0.900696
-2.090379 0.000000 -1.442884
-2.248256 0.000000 -1.181924
-2.090379 0.000000 -1.442884
-2.065898 0.000000 -1.477723
-2.065898 0.000000 -1.477723
-2.090379 0.000000 -1.442884
-1.870280 0.000000 -1.718620
-1.870280 0.000000 -1.718620
-2.090379 0.000000 -1.442884
-1.684332 0.000000 -1.901217
-1.870280 0.000000 -1.718620
-1.684332 0.000000 -1.901217
-1.680737 0.000000 -1.904395
-1.680737 0.000000 -1.904395
-1.684332 0.000000 -1.901217
-1.536536 0.000000 -2.022537
-1.536536 0.000000 -2.022537
-1.684332 0.000000 -1.901217
-1.495257 0.000000 -2.053243
-1.495257 0.000000 -2.053243
-1.684332 0.000000 -1.901217
-1.180397 0.000000 -2.249058
-1.495257 0.000000 -2.053243
-1.180397 0.000000 -2.249058
-1.480721 0.000000 -2.063750
-1.480721 0.000000 -2.063750
-1.180397 0.000000 -2.249058
-1.180397 0.000000 -2.249058
-1.480721 0.000000 -2.063750
-1.180397 0.000000 -2.249058
-1.495257 0.000000 -2.053243
-1.495257 0.000000 -2.053243
-1.180397 0.000000 -2.249058
-1.684332 0.000000 -1.901217
-1.495257 0.000000 -2.053243
-1.684332 0.000000 -1.901217
-1.536536 0.000000 -2.022537
-1.536536 0.000000 -2.022537
-1.684332 0.000000 -1.901217
-1.680737 0.000000 -1.904395
-1.680737 0.000000 -1.904395
-1.684332 0.000000 -1.901217
-1.870280 0.000000 -1.718620
-1.870280 0.000000 -1.718620
-1.684332 0.000000 -1.901217
-2.090379 0.000000 -1.442884
-1.870280 0.000000 -1.718620
-2.090379 0.000000 -1.442884
-2.065898 0.000000 -1.477723
-2.065898 0.000000 -1.477723
-2.090379 0.000000 -1.442884
-2.248256 0.000000 -1.181924
-2.248256 0.000000 -1.181924
-2.090379 0.000000 -1.442884
-2.374941 0.000000 -0.900696
-2.248256 0.000000 -1.181924
-2.374941 0.000000 -0.900696
-2.402830 0.000000 -0.823413
-2.402830 0.000000 -0.823413
-2.374941 0.000000 -0.900696
-2.504989 0.000000 -0.420276
-2.504989 0.000000 -0.420276
-2.374941 0.000000 -0.900696
-2.521481 0.000000 -0.306163
-2.504989 0.000000 -0.420276
-2.521481 0.000000 -0.306163
-2.531281 0.000000 -0.210274
-2.531281 0.000000 -0.210274
-2.521481 0.000000 -0.306163
-2.540000 0.000000 -0.000000
-2.540000 0.000000 -0.000000
-2.521481 0.000000 -0.306163
-2.521481 0.000000 0.306163
-2.540000 0.000000 -0.000000
-2.521481 0.000000 0.306163
-2.531281 0.000000 0.210274
-2.531281 0.000000 0.210274
-2.521481 0.000000 0.306163
-2.504989 0.000000 0.420276
-2.504989 0.000000 0.420276
-2.521481 0.000000 0.306163
-2.374941 0.000000 0.900696
-2.504989 0.000000 0.420276
-2.374941 0.000000 0.900696
-2.402830 0.000000 0.823413
-2.402830 0.000000 0.823413
-2.374941 0.000000 0.900696
-2.248256 0.000000 1.181924
-2.248256 0.000000 1.181924
-2.374941 0.000000 0.900696
-2.090379 0.000000 1.442884
-2.248256 0.000000 1.181924
-2.090379 0.000000 1.442884
-2.065898 0.000000 1.477723
-2.065898 0.000000 1.477723
-2.090379 0.000000 1.442884
-1.870280 0.000000 1.718620
-1.870280 0.000000 1.718620
-2.090379 0.000000 1.442884
-1.684332 0.000000 1.901217
-1.870280 0.000000 1.718620
-1.684332 0.000000 1.901217
-1.680737 0.000000 1.904395
-1.680737 0.000000 1.904395
-1.684332 0.000000 1.901217
-1.536536 0.000000 2.022537
-1.536536 0.000000 2.022537
-1.684332 0.000000 1.901217
-1.180397 0.000000 2.249058
-1.536536 0.000000 2.022537
-1.180397 0.000000 2.249058
-1.495257 0.000000 2.053243
-1.495257 0.000000 2.053243
-1.180397 0.000000 2.249058
-1.480721 0.000000 2.063750
-1.180397 0.000000 -2.249058
-1.180397 0.000000 -2.249058
-0.607862 0.000000 -2.466192
-0.607862 0.000000 -2.466192
-1.180397 0.000000 -2.249058
-0.607862 0.000000 -2.466192
-0.607862 0.000000 -2.466192
-0.607862 0.000000 -2.466192
0.000000 0.000000 -2.540000
0.000000 0.000000 -2.540000
-0.607862 0.000000 -2.466192
0.000000 0.000000 -2.540000
0.000000 2.540000 0.000000
0.000000 2.540000 0.000000
0.000000 2.540000 0.000000
0.000000 2.540000 0.000000
0.000000 2.540000 0.000000
0.000000 2.540000 0.000000
0.000000 2.540000 0.000000
0.000000 2.540000 0.000000
0.000000 2.540000 0.000000
0.000000 2.540000 0.000000
0.000000 2.540000 0.000000
0.000000 2.540000 0.000000
0.000000 2.540000 0.000000
0.000000 2.540000 0.000000
0.000000 2.540000 0.000000
0.000000 2.540000 0.000000
0.000000 2.540000 0.000000
0.000000 2.540000 0.000000
0.000000 2.540000 0.000000
0.000000 2.540000 0.000000
0.000000 2.540000 0.000000
0.000000 2.540000 0.000000
0.000000 2.540000 0.000000
0.000000 2.540000 0.000000
0.000000 2.540000 0.000000
0.000000 2.540000 0.000000
0.000000 2.540000 0.000000
0.000000 2.540000 0.000000
0.000000 2.540000 0.000000
0.000000 2.540000 0.000000
0.000000 2.540000 0.000000
0.000000 2.540000 0.000000
0.000000 2.540000 0.000000
0.000000 2.540000 0.000000
0.000000 2.540000 0.000000
0.000000 2.540000 0.000000
0.000000 2.540000 0.000000
0.000000 2.540000 0.000000
0.000000 2.540000 0.000000
0.000000 2.540000 0.000000
0.000000 2.540000 0.000000
0.000000 2.540000 0.000000
0.000000 2.540000 0.000000
0.000000 2.540000 0.000000
0.000000 2.540000 0.000000
0.000000 2.540000 0.000000
0.000000 2.540000 0.000000
0.000000 2.540000 0.000000
0.000000 2.540000 0.000000
0.000000 2.540000 0.000000
0.000000 2.540000 0.000000
0.000000 2.540000 0.000000
0.000000 2.540000 0.000000
0.000000 2.540000 0.000000
0.000000 2.540000 0.000000
0.000000 2.540000 0.000000
0.000000 2.540000 0.000000
0.000000 2.540000 0.000000
0.000000 2.540000 0.000000
0.000000 2.540000 0.000000
0.000000 2.540000 0.000000
0.000000 2.540000 0.000000
0.000000 2.540000 0.000000
0.000000 2.540000 0.000000
0.000000 2.540000 0.000000
0.000000 2.540000 0.000000
0.000000 2.540000 0.000000
0.000000 2.540000 0.000000
0.000000 2.540000 0.000000
0.000000 2.540000 0.000000
0.000000 2.540000 0.000000
0.000000 2.540000 0.000000
0.000000 2.540000 0.000000
0.000000 2.540000 0.000000
0.000000 2.540000 0.000000
0.000000 2.540000 0.000000
0.000000 2.540000 0.000000
0.000000 2.540000 0.000000
0.000000 -2.540000 0.000000
0.000000 -2.540000 0.000000
0.000000 -2.540000 0.000000
0.000000 -2.540000 0.000000
0.000000 -2.540000 0.000000
0.000000 -2.540000 0.000000
0.000000 -2.540000 0.000000
0.000000 -2.540000 0.000000
0.000000 -2.540000 0.000000
0.000000 -2.540000 0.000000
0.000000 -2.540000 0.000000
0.000000 -2.540000 0.000000
0.000000 -2.540000 0.000000
0.000000 -2.540000 0.000000
0.000000 -2.540000 0.000000
0.000000 -2.540000 0.000000
0.000000 -2.540000 0.000000
0.000000 -2.540000 0.000000
0.000000 -2.540000 0.000000
0.000000 -2.540000 0.000000
0.000000 -2.540000 0.000000
0.000000 -2.540000 0.000000
0.000000 -2.540000 0.000000
0.000000 -2.540000 0.000000
0.000000 -2.540000 0.000000
0.000000 -2.540000 0.000000
0.000000 -2.540000 0.000000
0.000000 -2.540000 0.000000
0.000000 -2.540000 0.000000
0.000000 -2.540000 0.000000
0.000000 -2.540000 0.000000
0.000000 -2.540000 0.000000
0.000000 -2.540000 0.000000
0.000000 -2.540000 0.000000
0.000000 -2.540000 0.000000
0.000000 -2.540000 0.000000
0.000000 -2.540000 0.000000
0.000000 -2.540000 0.000000
0.000000 -2.540000 0.000000
0.000000 -2.540000 0.000000
0.000000 -2.540000 0.000000
0.000000 -2.540000 0.000000
0.000000 -2.540000 0.000000
0.000000 -2.540000 0.000000
0.000000 -2.540000 0.000000
0.000000 -2.540000 0.000000
0.000000 -2.540000 0.000000
0.000000 -2.540000 0.000000
0.000000 -2.540000 0.000000
0.000000 -2.540000 0.000000
0.000000 -2.540000 0.000000
0.000000 -2.540000 0.000000
0.000000 -2.540000 0.000000
0.000000 -2.540000 0.000000
0.000000 -2.540000 0.000000
0.000000 -2.540000 0.000000
0.000000 -2.540000 0.000000
0.000000 -2.540000 0.000000
0.000000 -2.540000 0.000000
0.000000 -2.540000 0.000000
0.000000 -2.540000 0.000000
0.000000 -2.540000 0.000000
0.000000 -2.540000 0.000000
0.000000 -2.540000 0.000000
0.000000 -2.540000 0.000000
0.000000 -2.540000 0.000000
0.000000 -2.540000 0.000000
0.000000 -2.540000 0.000000
0.000000 -2.540000 0.000000
0.000000 -2.540000 0.000000
0.000000 -2.540000 0.000000
0.000000 -2.540000 0.000000
0.000000 -2.540000 0.000000
0.000000 -2.540000 0.000000
0.000000 -2.540000 0.000000
0.000000 -2.540000 0.000000
0.000000 -2.540000 0.000000
0.000000 -2.540000 0.000000
0.000000 2.540000 0.000000
0.000000 2.540000 0.000000
0.000000 2.540000 0.000000
0.000000 2.540000 0.000000
0.000000 2.540000 0.000000
0.000000 2.540000 0.000000
0.000000 2.540000 0.000000
0.000000 2.540000 0.000000
0.000000 2.540000 0.000000
0.000000 2.540000 0.000000
0.000000 2.540000 0.000000
0.000000 2.540000 0.000000
0.000000 2.540000 0.000000
0.000000 2.540000 0.000000
0.000000 2.540000 0.000000
0.000000 2.540000 0.000000
0.000000 2.540000 0.000000
0.000000 2.540000 0.000000
0.000000 2.540000 0.000000
0.000000 2.540000 0.000000
0.000000 2.540000 0.000000
0.000000 2.540000 0.000000
0.000000 2.540000 0.000000
0.000000 2.540000 0.000000
0.000000 2.540000 0.000000
0.000000 2.540000 0.000000
0.000000 2.540000 0.000000
0.000000 2.540000 0.000000
0.000000 2.540000 0.000000
0.000000 2.540000 0.000000
0.000000 2.540000 0.000000
0.000000 2.540000 0.000000
0.000000 2.540000 0.000000
0.000000 2.540000 0.000000
0.000000 2.540000 0.000000
0.000000 2.540000 0.000000
0.000000 2.540000 0.000000
0.000000 2.540000 0.000000
0.000000 2.540000 0.000000
0.000000 2.540000 0.000000
0.000000 2.540000 0.000000
0.000000 2.540000 0.000000
0.000000 -2.540000 0.000000
0.000000 -2.540000 0.000000
0.000000 -2.540000 0.000000
0.000000 -2.540000 0.000000
0.000000 -2.540000 0.000000
0.000000 -2.540000 0.000000
0.000000 -2.540000 0.000000
0.000000 -2.540000 0.000000
0.000000 -2.540000 0.000000
0.000000 -2.540000 0.000000
0.000000 -2.540000 0.000000
0.000000 -2.540000 0.000000
0.000000 -2.540000 0.000000
0.000000 -2.540000 0.000000
0.000000 -2.540000 0.000000
0.000000 -2.540000 0.000000
0.000000 -2.540000 0.000000
0.000000 -2.540000 0.000000
0.000000 -2.540000 0.000000
0.000000 -2.540000 0.000000
0.000000 -2.540000 0.000000
0.000000 -2.540000 0.000000
0.000000 -2.540000 0.000000
0.000000 -2.540000 0.000000
0.000000 -2.540000 0.000000
0.000000 -2.540000 0.000000
0.000000 -2.540000 0.000000
0.000000 -2.540000 0.000000
0.000000 -2.540000 0.000000
0.000000 -2.540000 0.000000
0.000000 -2.540000 0.000000
0.000000 -2.540000 0.000000
0.000000 -2.540000 0.000000
0.000000 -2.540000 0.000000
0.000000 -2.540000 0.000000
0.000000 -2.540000 0.000000
0.000000 -2.540000 0.000000
0.000000 -2.540000 0.000000
0.000000 -2.540000 0.000000
0.000000 -2.540000 0.000000
0.000000 -2.540000 0.000000
0.000000 -2.540000 0.000000
2.540000 -0.000000 0.000000
2.540000 -0.000000 0.000000
2.466192 0.607862 0.000000
2.466192 0.607862 0.000000
2.540000 -0.000000 0.000000
2.466192 0.607862 0.000000
2.466192 0.607862 0.000000
2.466192 0.607862 0.000000
2.249058 1.180397 0.000000
2.249058 1.180397 0.000000
2.466192 0.607862 0.000000
2.249058 1.180397 0.000000
2.249058 1.180397 0.000000
2.249058 1.180397 0.000000
1.901217 1.684332 0.000000
1.901217 1.684332 0.000000
2.249058 1.180397 0.000000
1.901217 1.684332 0.000000
1.901217 1.684332 0.000000
1.901217 1.684332 0.000000
1.442884 2.090379 0.000000
1.442884 2.090379 0.000000
1.901217 1.684332 0.000000
1.442884 2.090379 0.000000
1.442884 2.090379 0.000000
1.442884 2.090379 0.000000
0.900696 2.374941 0.000000
0.900696 2.374941 0.000000
1.442884 2.090379 0.000000
0.900696 2.374941 0.000000
0.900696 2.374941 0.000000
0.900696 2.374941 0.000000
0.306163 2.521481 0.000000
0.306163 2.521481 0.000000
0.900696 2.374941 0.000000
0.306163 2.521481 0.000000
0.306163 2.521481 0.000000
0.306163 2.521481 0.000000
-0.306163 2.521481 0.000000
-0.306163 2.521481 0.000000
0.306163 2.521481 0.000000
-0.306163 2.521481 0.000000
-0.306163 2.521481 0.000000
-0.306163 2.521481 0.000000
-0.900696 2.374941 0.000000
-0.900696 2.374941 0.000000
-0.306163 2.521481 0.000000
-0.900696 2.374941 0.000000
-0.900696 2.374941 0.000000
-0.900696 2.374941 0.000000
-1.442884 2.090379 0.000000
-1.442884 2.090379 0.000000
-0.900696 2.374941 0.000000
-1.442884 2.090379 0.000000
-1.442884 2.090379 0.000000
-1.442884 2.090379 0.000000
-1.901217 1.684332 0.000000
-1.901217 1.684332 0.000000
-1.442884 2.090379 0.000000
-1.901217 1.684332 0.000000
-1.901217 1.684332 0.000000
-1.901217 1.684332 0.000000
-2.249058 1.180397 0.000000
-2.249058 1.180397 0.000000
-1.901217 1.684332 0.000000
-2.249058 1.180397 0.000000
-2.249058 1.180397 0.000000
-2.249058 1.180397 0.000000
-2.466192 0.607862 0.000000
-2.466192 0.607862 0.000000
-2.249058 1.180397 0.000000
-2.466192 0.607862 0.000000
-2.466192 0.607862 0.000000
-2.466192 0.607862 0.000000
-2.540000 -0.000000 0.000000
-2.540000 -0.000000 0.000000
-2.466192 0.607862 0.000000
-2.540000 -0.000000 0.000000
-2.540000 0.000000 0.000000
-2.540000 0.000000 0.000000
-2.540000 0.000000 0.000000
-2.540000 0.000000 0.000000
-2.540000 0.000000 0.000000
-2.540000 -0.000000 0.000000
-2.540000 0.000000 0.000000
-2.540000 -0.000000 0.000000
-2.540000 0.000000 0.000000
-2.540000 0.000000 0.000000
-2.540000 -0.000000 0.000000
-2.540000 -0.000000 0.000000
-2.540000 0.000000 0.000000
-2.540000 0.000000 0.000000
-2.540000 0.000000 0.000000
-2.540000 0.000000 0.000000
-2.540000 0.000000 0.000000
-2.540000 0.000000 0.000000
-2.540000 0.000000 0.000000
-2.540000 0.000000 0.000000
-2.540000 0.000000 0.000000
-2.540000 0.000000 0.000000
-2.540000 0.000000 0.000000
-2.540000 0.000000 0.000000
-2.540000 0.000000 0.000000
-2.476317 -0.565203 0.000000
-2.540000 0.000000 0.000000
-2.540000 0.000000 0.000000
-2.476317 -0.565203 0.000000
-2.466192 -0.607862 0.000000
-2.466192 -0.607862 0.000000
-2.476317 -0.565203 0.000000
-2.288461 -1.102065 0.000000
-2.466192 -0.607862 0.000000
-2.288461 -1.102065 0.000000
-2.249058 -1.180397 0.000000
-2.249058 -1.180397 0.000000
-2.288461 -1.102065 0.000000
-1.985852 -1.583664 0.000000
-2.249058 -1.180397 0.000000
-1.985852 -1.583664 0.000000
-1.901217 -1.684332 0.000000
-1.901217 -1.684332 0.000000
-1.985852 -1.583664 0.000000
-1.583664 -1.985852 0.000000
-1.901217 -1.684332 0.000000
-1.583664 -1.985852 0.000000
-1.442884 -2.090379 0.000000
-1.442884 -2.090379 0.000000
-1.583664 -1.985852 0.000000
-1.102065 -2.288461 0.000000
-1.442884 -2.090379 0.000000
-1.102065 -2.288461 0.000000
-0.900696 -2.374941 0.000000
-0.900696 -2.374941 0.000000
-1.102065 -2.288461 0.000000
-0.565203 -2.476317 0.000000
-0.900696 -2.374941 0.000000
-0.565203 -2.476317 0.000000
-0.306163 -2.521481 0.000000
-0.306163 -2.521481 0.000000
-0.565203 -2.476317 0.000000
-0.000000 -2.540000 0.000000
-0.306163 -2.521481 0.000000
-0.000000 -2.540000 0.000000
0.306163 -2.521481 0.000000
0.306163 -2.521481 0.000000
-0.000000 -2.540000 0.000000
-0.000000 -2.540000 0.000000
0.306163 -2.521481 0.000000
-0.000000 -2.540000 0.000000
0.607862 -2.466192 0.000000
0.306163 -2.521481 0.000000
0.607862 -2.466192 0.000000
0.900696 -2.374941 0.000000
0.900696 -2.374941 0.000000
0.607862 -2.466192 0.000000
1.180397 -2.249058 0.000000
0.900696 -2.374941 0.000000
1.180397 -2.249058 0.000000
1.442884 -2.090379 0.000000
1.442884 -2.090379 0.000000
1.180397 -2.249058 0.000000
1.684332 -1.901217 0.000000
1.442884 -2.090379 0.000000
1.684332 -1.901217 0.000000
1.901217 -1.684332 0.000000
1.901217 -1.684332 0.000000
1.684332 -1.901217 0.000000
2.090379 -1.442884 0.000000
1.901217 -1.684332 0.000000
2.090379 -1.442884 0.000000
2.249058 -1.180397 0.000000
2.249058 -1.180397 0.000000
2.090379 -1.442884 0.000000
2.374941 -0.900696 0.000000
2.249058 -1.180397 0.000000
2.374941 -0.900696 0.000000
2.466192 -0.607862 0.000000
2.466192 -0.607862 0.000000
2.374941 -0.900696 0.000000
2.521481 -0.306163 0.000000
2.466192 -0.607862 0.000000
2.521481 -0.306163 0.000000
2.540000 -0.000000 0.000000
2.540000 -0.000000 0.000000
2.521481 -0.306163 0.000000
2.540000 -0.000000 0.000000
2.540000 -0.000000 0.000000
2.521481 -0.306163 0.000000
2.540000 -0.000000 0.000000
2.540000 -0.000000 0.000000
2.521481 -0.306163 0.000000
2.521481 0.306163 0.000000
2.540000 -0.000000 0.000000
2.521481 0.306163 0.000000
2.476317 0.565203 0.000000
2.476317 0.565203 0.000000
2.521481 0.306163 0.000000
2.374941 0.900696 0.000000
2.476317 0.565203 0.000000
2.374941 0.900696 0.000000
2.288461 1.102065 0.000000
2.288461 1.102065 0.000000
2.374941 0.900696 0.000000
2.090379 1.442884 0.000000
2.288461 1.102065 0.000000
2.090379 1.442884 0.000000
1.985852 1.583664 0.000000
1.985852 1.583664 0.000000
2.090379 1.442884 0.000000
1.684332 1.901217 0.000000
1.985852 1.583664 0.000000
1.684332 1.901217 0.000000
1.583664 1.985852 0.000000
1.583664 1.985852 0.000000
1.684332 1.901217 0.000000
1.180397 2.249058 0.000000
1.583664 1.985852 0.000000
1.180397 2.249058 0.000000
1.102065 2.288461 0.000000
1.102065 2.288461 0.000000
1.180397 2.249058 0.000000
0.607862 2.466192 0.000000
1.102065 2.288461 0.000000
0.607862 2.466192 0.000000
0.565203 2.476317 0.000000
0.565203 2.476317 0.000000
0.607862 2.466192 0.000000
0.000000 2.540000 0.000000
0.565203 2.476317 0.000000
0.000000 2.540000 0.000000
0.000000 2.540000 0.000000
2.540000 -0.000000 0.000000
2.540000 -0.000000 0.000000
2.540000 0.000000 0.000000
2.540000 0.000000 0.000000
2.540000 -0.000000 0.000000
2.540000 0.000000 0.000000
2.540000 0.000000 0.000000
2.540000 0.000000 0.000000
2.540000 -0.000000 0.000000
2.540000 -0.000000 0.000000
2.540000 0.000000 0.000000
2.540000 -0.000000 0.000000
2.540000 -0.000000 0.000000
2.540000 0.000000 0.000000
2.540000 0.000000 0.000000
0.000000 0.000000 2.540000
0.000000 0.000000 2.540000
0.000000 0.000000 2.540000
0.000000 0.000000 2.540000
0.000000 0.000000 2.540000
0.000000 0.000000 2.540000
0.000000 0.000000 2.540000
0.000000 0.000000 2.540000
0.000000 0.000000 2.540000
0.000000 0.000000 2.540000
0.000000 0.000000 2.540000
0.000000 0.000000 2.540000
0.000000 0.000000 2.540000
0.000000 0.000000 2.540000
0.000000 0.000000 2.540000
0.000000 0.000000 2.540000
0.000000 0.000000 2.540000
0.000000 0.000000 2.540000
0.000000 0.000000 2.540000
0.000000 0.000000 2.540000
0.000000 0.000000 2.540000
0.000000 0.000000 2.540000
0.000000 0.000000 2.540000
0.000000 0.000000 2.540000
0.000000 0.000000 2.540000
0.000000 0.000000 2.540000
0.000000 0.000000 2.540000
0.000000 0.000000 2.540000
0.000000 0.000000 2.540000
0.000000 0.000000 2.540000
0.000000 0.000000 2.540000
0.000000 0.000000 2.540000
0.000000 0.000000 2.540000
0.000000 0.000000 2.540000
0.000000 0.000000 2.540000
0.000000 0.000000 2.540000
0.000000 0.000000 2.540000
0.000000 0.000000 2.540000
0.000000 0.000000 2.540000
0.000000 0.000000 2.540000
0.000000 0.000000 2.540000
0.000000 0.000000 2.540000
0.000000 0.000000 2.540000
0.000000 0.000000 2.540000
0.000000 0.000000 2.540000
0.000000 0.000000 2.540000
0.000000 0.000000 2.540000
0.000000 0.000000 2.540000
0.000000 0.000000 2.540000
0.000000 0.000000 2.540000
0.000000 0.000000 2.540000
0.000000 0.000000 2.540000
0.000000 0.000000 2.540000
0.000000 0.000000 2.540000
0.000000 0.000000 2.540000
0.000000 0.000000 2.540000
0.000000 0.000000 2.540000
0.000000 0.000000 2.540000
0.000000 0.000000 2.540000
0.000000 0.000000 2.540000
0.000000 0.000000 2.540000
0.000000 0.000000 2.540000
0.000000 0.000000 2.540000
0.000000 0.000000 2.540000
0.000000 0.000000 2.540000
0.000000 0.000000 2.540000
0.000000 0.000000 2.540000
0.000000 0.000000 2.540000
0.000000 0.000000 2.540000
0.000000 0.000000 2.540000
0.000000 0.000000 2.540000
0.000000 0.000000 2.540000
0.000000 0.000000 2.540000
0.000000 0.000000 2.540000
0.000000 0.000000 2.540000
0.000000 0.000000 2.540000
0.000000 0.000000 2.540000
0.000000 0.000000 2.540000
0.000000 0.000000 2.540000
0.000000 0.000000 2.540000
0.000000 0.000000 2.540000
0.000000 0.000000 2.540000
0.000000 0.000000 2.540000
0.000000 0.000000 2.540000
0.000000 0.000000 2.540000
0.000000 0.000000 2.540000
0.000000 0.000000 2.540000
0.000000 0.000000 2.540000
0.000000 0.000000 2.540000
0.000000 0.000000 2.540000
0.000000 0.000000 2.540000
0.000000 0.000000 2.540000
0.000000 0.000000 2.540000
0.000000 0.000000 2.540000
0.000000 0.000000 2.540000
0.000000 0.000000 2.540000
0.000000 0.000000 2.540000
0.000000 0.000000 2.540000
0.000000 0.000000 2.540000
0.000000 0.000000 2.540000
0.000000 0.000000 2.540000
0.000000 0.000000 2.540000
0.000000 0.000000 2.540000
0.000000 0.000000 2.540000
0.000000 0.000000 2.540000
0.000000 0.000000 2.540000
0.000000 0.000000 2.540000
0.000000 0.000000 2.540000
0.000000 0.000000 2.540000
0.000000 0.000000 2.540000
0.000000 0.000000 2.540000
0.000000 0.000000 2.540000
0.000000 0.000000 2.540000
0.000000 0.000000 2.540000
0.000000 0.000000 2.540000
0.000000 0.000000 2.540000
0.000000 0.000000 2.540000
0.000000 0.000000 2.540000
0.000000 0.000000 2.540000
0.000000 0.000000 2.540000
0.000000 0.000000 2.540000
0.000000 0.000000 2.540000
0.000000 0.000000 2.540000
0.000000 0.000000 2.540000
0.000000 0.000000 2.540000
0.000000 0.000000 2.540000
0.000000 0.000000 2.540000
0.000000 0.000000 2.540000
0.000000 0.000000 2.540000
0.000000 0.000000 2.540000
0.000000 0.000000 2.540000
0.000000 0.000000 2.540000
0.000000 0.000000 2.540000
0.000000 0.000000 2.540000
0.000000 0.000000 2.540000
0.000000 0.000000 2.540000
0.000000 0.000000 2.540000
0.000000 0.000000 2.540000
0.000000 0.000000 2.540000
0.000000 0.000000 2.540000
0.000000 0.000000 2.540000
0.000000 0.000000 2.540000
0.000000 0.000000 2.540000
0.000000 0.000000 2.540000
0.000000 0.000000 2.540000
0.000000 0.000000 2.540000
0.000000 0.000000 2.540000
0.000000 0.000000 2.540000
0.000000 0.000000 2.540000
0.000000 0.000000 2.540000
0.000000 0.000000 2.540000
0.000000 0.000000 2.540000
0.000000 0.000000 2.540000
0.000000 0.000000 2.540000
0.000000 0.000000 2.540000
0.000000 0.000000 2.540000
0.000000 0.000000 2.540000
0.000000 0.000000 2.540000
0.000000 0.000000 2.540000
0.000000 0.000000 2.540000
0.000000 0.000000 2.540000
0.000000 0.000000 2.540000
0.000000 -2.540000 0.000000
0.000000 -2.540000 0.000000
-0.000000 -2.540000 0.000000
-0.000000 -2.540000 0.000000
0.000000 -2.540000 0.000000
-0.000000 -2.540000 0.000000
0.000000 -2.540000 0.000000
0.000000 -2.540000 0.000000
-0.607862 -2.466192 0.000000
-0.607862 -2.466192 0.000000
0.000000 -2.540000 0.000000
-0.607862 -2.466192 0.000000
-0.607862 -2.466192 0.000000
-0.607862 -2.466192 0.000000
-1.180397 -2.249058 0.000000
-1.180397 -2.249058 0.000000
-0.607862 -2.466192 0.000000
-1.180397 -2.249058 0.000000
-1.180397 -2.249058 0.000000
-1.180397 -2.249058 0.000000
-1.684332 -1.901217 0.000000
-1.684332 -1.901217 0.000000
-1.180397 -2.249058 0.000000
-1.684332 -1.901217 0.000000
-1.684332 -1.901217 0.000000
-1.684332 -1.901217 0.000000
-2.090379 -1.442884 0.000000
-2.090379 -1.442884 0.000000
-1.684332 -1.901217 0.000000
-2.090379 -1.442884 0.000000
-2.090379 -1.442884 0.000000
-2.090379 -1.442884 0.000000
-2.374941 -0.900696 0.000000
-2.374941 -0.900696 0.000000
-2.090379 -1.442884 0.000000
-2.374941 -0.900696 0.000000
-2.374941 -0.900696 0.000000
-2.374941 -0.900696 0.000000
-2.521481 -0.306163 0.000000
-2.521481 -0.306163 0.000000
-2.374941 -0.900696 0.000000
-2.521481 -0.306163 0.000000
-2.521481 -0.306163 0.000000
-2.521481 -0.306163 0.000000
-2.521481 0.306163 0.000000
-2.521481 0.306163 0.000000
-2.521481 -0.306163 0.000000
-2.521481 0.306163 0.000000
-2.521481 0.306163 0.000000
-2.521481 0.306163 0.000000
-2.374941 0.900696 0.000000
-2.374941 0.900696 0.000000
-2.521481 0.306163 0.000000
-2.374941 0.900696 0.000000
-2.374941 0.900696 0.000000
-2.374941 0.900696 0.000000
-2.090379 1.442884 0.000000
-2.090379 1.442884 0.000000
-2.374941 0.900696 0.000000
-2.090379 1.442884 0.000000
-2.090379 1.442884 0.000000
-2.090379 1.442884 0.000000
-1.684332 1.901217 0.000000
-1.684332 1.901217 0.000000
-2.090379 1.442884 0.000000
-1.684332 1.901217 0.000000
-1.684332 1.901217 0.000000
-1.684332 1.901217 0.000000
-1.180397 2.249058 0.000000
-1.180397 2.249058 0.000000
-1.684332 1.901217 0.000000
-1.180397 2.249058 0.000000
-1.180397 2.249058 0.000000
-1.180397 2.249058 0.000000
-0.607862 2.466192 0.000000
-0.607862 2.466192 0.000000
-1.180397 2.249058 0.000000
-0.607862 2.466192 0.000000
-0.607862 2.466192 0.000000
-0.607862 2.466192 0.000000
0.000000 2.540000 0.000000
0.000000 2.540000 0.000000
-0.607862 2.466192 0.000000
0.000000 2.540000 0.000000
0.000000 2.540000 0.000000
0.000000 2.540000 0.000000
0.000000 2.540000 0.000000
0.000000 2.540000 0.000000
0.000000 2.540000 0.000000
0.000000 2.540000 0.000000
0.000000 2.540000 0.000000
0.000000 2.540000 0.000000
0.000000 2.540000 0.000000
0.000000 2.540000 0.000000
0.000000 2.540000 0.000000
0.000000 2.540000 0.000000
0.000000 2.540000 0.000000
0.000000 2.540000 0.000000
0.000000 2.540000 0.000000
0.000000 2.540000 0.000000
0.000000 2.540000 0.000000
0.000000 2.540000 0.000000
0.000000 2.540000 0.000000
0.000000 2.540000 0.000000
0.000000 2.540000 0.000000
0.000000 2.540000 0.000000
0.000000 2.540000 0.000000
0.000000 2.540000 0.000000
0.000000 2.540000 0.000000
0.000000 2.540000 0.000000
0.000000 2.540000 0.000000
0.000000 2.540000 0.000000
0.000000 2.540000 0.000000
0.000000 2.540000 0.000000
0.000000 2.540000 0.000000
0.000000 2.540000 0.000000
0.000000 2.540000 0.000000
0.000000 2.540000 0.000000
0.000000 2.540000 0.000000
0.000000 2.540000 0.000000
0.000000 2.540000 0.000000
0.000000 2.540000 0.000000
0.000000 2.540000 0.000000
0.000000 2.540000 0.000000
0.000000 2.540000 0.000000
0.000000 2.540000 0.000000
0.000000 2.540000 0.000000
0.000000 2.540000 0.000000
0.000000 2.540000 0.000000
0.000000 2.540000 0.000000
0.000000 2.540000 0.000000
0.000000 2.540000 0.000000
0.000000 2.540000 0.000000
0.000000 2.540000 0.000000
0.000000 2.540000 0.000000
0.000000 0.000000 -2.540000
0.000000 0.000000 -2.540000
0.000000 0.000000 -2.540000
0.000000 0.000000 -2.540000
0.000000 0.000000 -2.540000
0.000000 0.000000 -2.540000
0.000000 0.000000 -2.540000
0.000000 0.000000 -2.540000
0.000000 0.000000 -2.540000
0.000000 0.000000 -2.540000
0.000000 0.000000 -2.540000
0.000000 0.000000 -2.540000
0.000000 0.000000 -2.540000
0.000000 0.000000 -2.540000
0.000000 0.000000 -2.540000
0.000000 0.000000 -2.540000
0.000000 0.000000 -2.540000
0.000000 0.000000 -2.540000
0.000000 0.000000 -2.540000
0.000000 0.000000 -2.540000
0.000000 0.000000 -2.540000
0.000000 0.000000 -2.540000
0.000000 0.000000 -2.540000
0.000000 0.000000 -2.540000
0.000000 0.000000 -2.540000
0.000000 0.000000 -2.540000
0.000000 0.000000 -2.540000
0.000000 0.000000 -2.540000
0.000000 0.000000 -2.540000
0.000000 0.000000 -2.540000
0.000000 0.000000 -2.540000
0.000000 0.000000 -2.540000
0.000000 0.000000 -2.540000
0.000000 0.000000 -2.540000
0.000000 0.000000 -2.540000
0.000000 0.000000 -2.540000
0.000000 0.000000 -2.540000
0.000000 0.000000 -2.540000
0.000000 0.000000 -2.540000
0.000000 0.000000 -2.540000
0.000000 0.000000 -2.540000
0.000000 0.000000 -2.540000
0.000000 0.000000 -2.540000
0.000000 0.000000 -2.540000
0.000000 0.000000 -2.540000
0.000000 0.000000 -2.540000
0.000000 0.000000 -2.540000
0.000000 0.000000 -2.540000
0.000000 0.000000 -2.540000
0.000000 0.000000 -2.540000
0.000000 0.000000 -2.540000
0.000000 0.000000 -2.540000
0.000000 0.000000 -2.540000
0.000000 0.000000 -2.540000
0.000000 0.000000 -2.540000
0.000000 0.000000 -2.540000
0.000000 0.000000 -2.540000
0.000000 0.000000 -2.540000
0.000000 0.000000 -2.540000
0.000000 0.000000 -2.540000
0.000000 0.000000 -2.540000
0.000000 0.000000 -2.540000
0.000000 0.000000 -2.540000
0.000000 0.000000 -2.540000
0.000000 0.000000 -2.540000
0.000000 0.000000 -2.540000
0.000000 0.000000 -2.540000
0.000000 0.000000 -2.540000
0.000000 0.000000 -2.540000
0.000000 0.000000 -2.540000
0.000000 0.000000 -2.540000
0.000000 0.000000 -2.540000
0.000000 0.000000 -2.540000
0.000000 0.000000 -2.540000
0.000000 0.000000 -2.540000
0.000000 0.000000 -2.540000
0.000000 0.000000 -2.540000
0.000000 0.000000 -2.540000
0.000000 0.000000 -2.540000
0.000000 0.000000 -2.540000
0.000000 0.000000 -2.540000
0.000000 0.000000 -2.540000
0.000000 0.000000 -2.540000
0.000000 0.000000 -2.540000
0.000000 0.000000 -2.540000
0.000000 0.000000 -2.540000
0.000000 0.000000 -2.540000
0.000000 0.000000 -2.540000
0.000000 0.000000 -2.540000
0.000000 0.000000 -2.540000
0.000000 0.000000 -2.540000
0.000000 0.000000 -2.540000
0.000000 0.000000 -2.540000
0.000000 0.000000 -2.540000
0.000000 0.000000 -2.540000
0.000000 0.000000 -2.540000
0.000000 0.000000 -2.540000
0.000000 0.000000 -2.540000
0.000000 0.000000 -2.540000
0.000000 0.000000 -2.540000
0.000000 0.000000 -2.540000
0.000000 0.000000 -2.540000
0.000000 0.000000 -2.540000
0.000000 0.000000 -2.540000
0.000000 0.000000 -2.540000
0.000000 0.000000 -2.540000
0.000000 0.000000 -2.540000
0.000000 0.000000 -2.540000
0.000000 0.000000 -2.540000
0.000000 0.000000 -2.540000
0.000000 0.000000 -2.540000
0.000000 0.000000 -2.540000
0.000000 0.000000 -2.540000
0.000000 0.000000 -2.540000
0.000000 0.000000 -2.540000
0.000000 0.000000 -2.540000
0.000000 0.000000 -2.540000
0.000000 0.000000 -2.540000
0.000000 0.000000 -2.540000
0.000000 0.000000 -2.540000
0.000000 0.000000 -2.540000
0.000000 0.000000 -2.540000
0.000000 0.000000 -2.540000
0.000000 0.000000 -2.540000
0.000000 0.000000 -2.540000
0.000000 0.000000 -2.540000
0.000000 0.000000 -2.540000
0.000000 0.000000 -2.540000
0.000000 0.000000 -2.540000
0.000000 0.000000 -2.540000
0.000000 0.000000 -2.540000
0.000000 0.000000 -2.540000
0.000000 0.000000 -2.540000
0.000000 0.000000 -2.540000
0.000000 0.000000 -2.540000
0.000000 0.000000 -2.540000
0.000000 0.000000 -2.540000
0.000000 0.000000 -2.540000
0.000000 0.000000 -2.540000
0.000000 0.000000 -2.540000
0.000000 0.000000 -2.540000
0.000000 0.000000 -2.540000
0.000000 0.000000 -2.540000
0.000000 0.000000 -2.540000
0.000000 0.000000 -2.540000
0.000000 0.000000 -2.540000
0.000000 0.000000 -2.540000
0.000000 0.000000 -2.540000
0.000000 0.000000 -2.540000
0.000000 0.000000 -2.540000
0.000000 0.000000 -2.540000
0.000000 0.000000 -2.540000
0.000000 0.000000 -2.540000
0.000000 0.000000 -2.540000
0.000000 0.000000 -2.540000
0.000000 0.000000 -2.540000
0.000000 0.000000 -2.540000
0.000000 0.000000 -2.540000
0.000000 0.000000 -2.540000
0.000000 0.000000 -2.540000
0.000000 0.000000 -2.540000
0.000000 0.000000 -2.540000
0.000000 0.000000 -2.540000
0.000000 0.000000 -2.540000
0.000000 0.000000 -2.540000
0.000000 0.000000 -2.540000
0.000000 0.000000 -2.540000
0.000000 0.000000 -2.540000
0.000000 0.000000 2.540000
0.000000 0.000000 2.540000
0.000000 0.000000 2.540000
0.000000 0.000000 2.540000
0.000000 0.000000 2.540000
0.000000 0.000000 2.540000
0.000000 0.000000 2.540000
0.000000 0.000000 2.540000
0.000000 0.000000 2.540000
0.000000 0.000000 2.540000
0.000000 0.000000 2.540000
0.000000 0.000000 2.540000
0.000000 0.000000 2.540000
0.000000 0.000000 2.540000
0.000000 0.000000 2.540000
0.000000 0.000000 2.540000
0.000000 0.000000 2.540000
0.000000 0.000000 2.540000
0.000000 0.000000 2.540000
0.000000 0.000000 2.540000
0.000000 0.000000 2.540000
0.000000 0.000000 2.540000
0.000000 0.000000 2.540000
0.000000 0.000000 2.540000
0.000000 0.000000 2.540000
0.000000 0.000000 2.540000
0.000000 0.000000 2.540000
0.000000 0.000000 2.540000
0.000000 0.000000 2.540000
0.000000 0.000000 2.540000
0.000000 0.000000 2.540000
0.000000 0.000000 2.540000
0.000000 0.000000 2.540000
0.000000 0.000000 2.540000
0.000000 0.000000 2.540000
0.000000 0.000000 2.540000
0.000000 0.000000 2.540000
0.000000 0.000000 2.540000
0.000000 0.000000 2.540000
0.000000 0.000000 2.540000
0.000000 0.000000 2.540000
0.000000 0.000000 2.540000
0.000000 0.000000 2.540000
0.000000 0.000000 2.540000
0.000000 0.000000 2.540000
0.000000 0.000000 2.540000
0.000000 0.000000 2.540000
0.000000 0.000000 2.540000
0.000000 0.000000 2.540000
0.000000 0.000000 2.540000
0.000000 0.000000 2.540000
0.000000 0.000000 2.540000
0.000000 0.000000 2.540000
0.000000 0.000000 2.540000
0.000000 0.000000 2.540000
0.000000 0.000000 2.540000
0.000000 0.000000 2.540000
0.000000 0.000000 2.540000
0.000000 0.000000 2.540000
0.000000 0.000000 2.540000
0.000000 0.000000 2.540000
0.000000 0.000000 2.540000
0.000000 0.000000 2.540000
0.000000 0.000000 2.540000
0.000000 0.000000 2.540000
0.000000 0.000000 2.540000
0.000000 0.000000 2.540000
0.000000 0.000000 2.540000
0.000000 0.000000 2.540000
0.000000 0.000000 2.540000
0.000000 0.000000 2.540000
0.000000 0.000000 2.540000
0.000000 0.000000 2.540000
0.000000 0.000000 2.540000
0.000000 0.000000 2.540000
0.000000 0.000000 2.540000
0.000000 0.000000 2.540000
0.000000 0.000000 2.540000
0.000000 0.000000 2.540000
0.000000 0.000000 2.540000
0.000000 0.000000 2.540000
0.000000 0.000000 2.540000
0.000000 0.000000 2.540000
0.000000 0.000000 2.540000
0.000000 0.000000 2.540000
0.000000 0.000000 2.540000
0.000000 0.000000 2.540000
0.000000 0.000000 2.540000
0.000000 0.000000 2.540000
0.000000 0.000000 2.540000
0.000000 0.000000 2.540000
0.000000 0.000000 2.540000
0.000000 0.000000 2.540000
0.000000 0.000000 2.540000
0.000000 0.000000 2.540000
0.000000 0.000000 2.540000
0.000000 0.000000 2.540000
0.000000 0.000000 2.540000
0.000000 0.000000 2.540000
0.000000 0.000000 2.540000
0.000000 0.000000 2.540000
0.000000 0.000000 2.540000
0.000000 0.000000 2.540000
0.000000 0.000000 2.540000
0.000000 0.000000 2.540000
0.000000 0.000000 2.540000
0.000000 0.000000 2.540000
0.000000 0.000000 2.540000
0.000000 0.000000 2.540000
0.000000 0.000000 2.540000
0.000000 0.000000 2.540000
0.000000 0.000000 2.540000
0.000000 0.000000 2.540000
0.000000 0.000000 2.540000
0.000000 0.000000 2.540000
0.000000 0.000000 2.540000
0.000000 0.000000 2.540000
0.000000 0.000000 2.540000
0.000000 0.000000 2.540000
0.000000 0.000000 2.540000
0.000000 0.000000 2.540000
0.000000 0.000000 2.540000
0.000000 0.000000 2.540000
0.000000 0.000000 2.540000
0.000000 0.000000 2.540000
0.000000 0.000000 2.540000
0.000000 0.000000 2.540000
0.000000 0.000000 2.540000
0.000000 0.000000 2.540000
0.000000 0.000000 2.540000
0.000000 0.000000 2.540000
0.000000 0.000000 2.540000
0.000000 0.000000 2.540000
0.000000 0.000000 2.540000
0.000000 0.000000 2.540000
0.000000 0.000000 2.540000
0.000000 0.000000 2.540000
0.000000 0.000000 2.540000
0.000000 0.000000 2.540000
0.000000 0.000000 2.540000
0.000000 0.000000 2.540000
0.000000 0.000000 2.540000
0.000000 0.000000 2.540000
0.000000 0.000000 2.540000
0.000000 0.000000 2.540000
0.000000 0.000000 2.540000
0.000000 0.000000 2.540000
0.000000 0.000000 2.540000
0.000000 0.000000 2.540000
0.000000 0.000000 2.540000
0.000000 0.000000 2.540000
0.000000 0.000000 2.540000
0.000000 0.000000 2.540000
0.000000 0.000000 2.540000
0.000000 0.000000 2.540000
0.000000 0.000000 2.540000
0.000000 0.000000 2.540000
0.000000 0.000000 2.540000
0.000000 0.000000 2.540000
0.000000 0.000000 2.540000
0.000000 0.000000 2.540000
0.000000 0.000000 2.540000
0.000000 0.000000 2.540000
0.000000 0.000000 2.540000
0.000000 0.000000 2.540000
0.000000 0.000000 2.540000
0.000000 0.000000 2.540000
0.000000 0.000000 2.540000
0.000000 0.000000 2.540000
0.000000 0.000000 2.540000
0.000000 0.000000 2.540000
0.000000 0.000000 2.540000
0.000000 0.000000 2.540000
0.000000 0.000000 2.540000
0.000000 0.000000 2.540000
0.000000 0.000000 2.540000
0.000000 0.000000 2.540000
0.000000 0.000000 2.540000
0.000000 0.000000 2.540000
0.000000 0.000000 2.540000
0.000000 0.000000 2.540000
0.000000 0.000000 2.540000
0.000000 0.000000 2.540000
0.000000 0.000000 2.540000
0.000000 0.000000 2.540000
0.000000 0.000000 2.540000
0.000000 0.000000 2.540000
0.000000 0.000000 2.540000
0.000000 0.000000 2.540000
0.000000 0.000000 2.540000
0.000000 0.000000 2.540000
0.000000 0.000000 2.540000
0.000000 0.000000 2.540000
0.000000 0.000000 2.540000
0.000000 0.000000 2.540000
0.000000 0.000000 2.540000
0.000000 0.000000 2.540000
0.000000 0.000000 2.540000
0.000000 0.000000 2.540000
0.000000 0.000000 2.540000
0.000000 0.000000 2.540000
0.000000 0.000000 2.540000
0.000000 0.000000 2.540000
0.000000 0.000000 2.540000
0.000000 0.000000 2.540000
0.000000 0.000000 2.540000
0.000000 0.000000 2.540000
0.000000 0.000000 2.540000
0.000000 0.000000 2.540000
0.000000 0.000000 2.540000
0.000000 0.000000 2.540000
0.000000 0.000000 2.540000
0.000000 0.000000 2.540000
0.000000 0.000000 2.540000
0.000000 0.000000 2.540000
0.000000 0.000000 2.540000
0.000000 0.000000 2.540000
0.000000 0.000000 2.540000
0.000000 0.000000 2.540000
0.000000 0.000000 2.540000
0.000000 0.000000 2.540000
0.000000 0.000000 2.540000
0.000000 0.000000 2.540000
0.000000 0.000000 2.540000
0.000000 0.000000 2.540000
0.000000 0.000000 2.540000
0.000000 0.000000 2.540000
0.000000 0.000000 2.540000
0.000000 0.000000 2.540000
0.000000 0.000000 2.540000
0.000000 0.000000 2.540000
0.000000 0.000000 2.540000
0.000000 0.000000 2.540000
0.000000 0.000000 2.540000
0.000000 0.000000 2.540000
0.000000 0.000000 2.540000
0.000000 0.000000 2.540000
0.000000 0.000000 2.540000
0.000000 0.000000 2.540000
0.000000 0.000000 2.540000
0.000000 0.000000 2.540000
0.000000 0.000000 2.540000
0.000000 0.000000 2.540000
0.000000 0.000000 2.540000
0.000000 0.000000 2.540000
0.000000 0.000000 2.540000
0.000000 0.000000 2.540000
0.000000 0.000000 2.540000
0.000000 0.000000 2.540000
0.000000 0.000000 2.540000
0.000000 0.000000 2.540000
0.000000 0.000000 2.540000
0.000000 0.000000 2.540000
0.000000 0.000000 2.540000
0.000000 0.000000 2.540000
0.000000 0.000000 2.540000
0.000000 0.000000 2.540000
0.000000 0.000000 2.540000
0.000000 0.000000 2.540000
0.000000 0.000000 2.540000
0.000000 0.000000 2.540000
0.000000 0.000000 2.540000
0.000000 0.000000 2.540000
0.000000 0.000000 2.540000
0.000000 0.000000 2.540000
0.000000 0.000000 2.540000
0.000000 0.000000 2.540000
0.000000 0.000000 2.540000
0.000000 0.000000 2.540000
0.000000 0.000000 2.540000
0.000000 0.000000 2.540000
0.000000 0.000000 2.540000
0.000000 0.000000 2.540000
0.000000 0.000000 2.540000
0.000000 0.000000 2.540000
0.000000 0.000000 2.540000
0.000000 0.000000 2.540000
0.000000 0.000000 2.540000
0.000000 0.000000 2.540000
0.000000 0.000000 2.540000
0.000000 0.000000 2.540000
0.000000 0.000000 2.540000
0.000000 0.000000 2.540000
0.000000 0.000000 2.540000
0.000000 0.000000 2.540000
0.000000 0.000000 2.540000
0.000000 0.000000 2.540000
0.000000 0.000000 2.540000
0.000000 0.000000 2.540000
0.000000 0.000000 2.540000
0.000000 0.000000 2.540000
0.000000 0.000000 2.540000
0.000000 0.000000 2.540000
0.000000 0.000000 2.540000
0.000000 0.000000 2.540000
0.000000 0.000000 2.540000
0.000000 0.000000 2.540000
0.000000 0.000000 2.540000
0.000000 0.000000 2.540000
0.000000 0.000000 2.540000
0.000000 0.000000 2.540000
0.000000 0.000000 2.540000
0.000000 0.000000 2.540000
0.000000 0.000000 2.540000
0.000000 0.000000 2.540000
0.000000 0.000000 2.540000
0.000000 0.000000 2.540000
0.000000 0.000000 2.540000
0.000000 0.000000 2.540000
0.000000 0.000000 2.540000
0.000000 0.000000 2.540000
0.000000 0.000000 2.540000
0.000000 0.000000 2.540000
0.000000 0.000000 2.540000
0.000000 0.000000 2.540000
0.000000 0.000000 2.540000
0.000000 0.000000 2.540000
0.000000 0.000000 2.540000
0.000000 0.000000 2.540000
0.000000 0.000000 2.540000
0.000000 0.000000 2.540000
0.000000 0.000000 2.540000
0.000000 0.000000 2.540000
0.000000 0.000000 2.540000
0.000000 0.000000 2.540000
0.000000 0.000000 2.540000
0.000000 0.000000 2.540000
0.000000 0.000000 2.540000
0.000000 0.000000 2.540000
0.000000 0.000000 2.540000
0.000000 0.000000 2.540000
0.000000 0.000000 2.540000
0.000000 0.000000 2.540000
0.000000 0.000000 2.540000
0.000000 0.000000 2.540000
0.000000 0.000000 2.540000
0.000000 0.000000 2.540000
0.000000 0.000000 2.540000
0.000000 0.000000 2.540000
0.000000 0.000000 2.540000
0.000000 0.000000 2.540000
0.000000 0.000000 2.540000
0.000000 0.000000 2.540000
0.000000 0.000000 2.540000
0.000000 0.000000 2.540000
0.000000 0.000000 2.540000
0.000000 0.000000 2.540000
0.000000 0.000000 2.540000
0.000000 0.000000 2.540000
0.000000 0.000000 2.540000
0.000000 0.000000 2.540000
0.000000 0.000000 2.540000
0.000000 0.000000 2.540000
0.000000 0.000000 2.540000
0.000000 0.000000 2.540000
0.000000 0.000000 2.540000
0.000000 0.000000 2.540000
0.000000 0.000000 2.540000
0.000000 0.000000 2.540000
0.000000 0.000000 2.540000
0.000000 0.000000 2.540000
0.000000 0.000000 2.540000
0.000000 0.000000 2.540000
0.000000 0.000000 2.540000
0.000000 0.000000 2.540000
0.000000 0.000000 2.540000
0.000000 0.000000 2.540000
0.000000 0.000000 2.540000
0.000000 0.000000 2.540000
0.000000 0.000000 2.540000
0.000000 0.000000 2.540000
0.000000 0.000000 2.540000
0.000000 0.000000 2.540000
0.000000 0.000000 2.540000
0.000000 0.000000 2.540000
0.000000 0.000000 2.540000
0.000000 0.000000 2.540000
0.000000 0.000000 2.540000
0.000000 0.000000 2.540000
0.000000 0.000000 2.540000
0.000000 0.000000 2.540000
0.000000 0.000000 2.540000
0.000000 0.000000 2.540000
0.000000 0.000000 2.540000
0.000000 0.000000 2.540000
0.000000 0.000000 2.540000
0.000000 0.000000 2.540000
0.000000 0.000000 2.540000
0.000000 0.000000 2.540000
0.000000 0.000000 2.540000
0.000000 0.000000 2.540000
0.000000 0.000000 2.540000
0.000000 0.000000 2.540000
0.000000 0.000000 2.540000
0.000000 0.000000 2.540000
0.000000 0.000000 2.540000
0.000000 0.000000 2.540000
0.000000 0.000000 2.540000
0.000000 0.000000 2.540000
0.000000 0.000000 2.540000
0.000000 0.000000 2.540000
0.000000 0.000000 2.540000
0.000000 0.000000 2.540000
0.000000 0.000000 2.540000
0.000000 0.000000 2.540000
0.000000 0.000000 2.540000
0.000000 0.000000 2.540000
0.000000 0.000000 2.540000
0.000000 0.000000 2.540000
0.000000 0.000000 2.540000
0.000000 0.000000 2.540000
0.000000 0.000000 2.540000
0.000000 0.000000 2.540000
0.000000 0.000000 2.540000
0.000000 0.000000 2.540000
0.000000 0.000000 2.540000
0.000000 0.000000 2.540000
0.000000 0.000000 2.540000
0.000000 0.000000 2.540000
0.000000 0.000000 2.540000
0.000000 0.000000 2.540000
0.000000 0.000000 2.540000
0.000000 0.000000 2.540000
0.000000 0.000000 2.540000
0.000000 0.000000 2.540000
0.000000 0.000000 2.540000
0.000000 0.000000 2.540000
0.000000 0.000000 2.540000
0.000000 0.000000 2.540000
2.540000 0.000000 0.000000
2.540000 0.000000 0.000000
2.476317 0.565203 0.000000
2.476317 0.565203 0.000000
2.540000 0.000000 0.000000
2.476317 0.565203 0.000000
2.476317 0.565203 0.000000
2.476317 0.565203 0.000000
2.288461 1.102065 0.000000
2.288461 1.102065 0.000000
2.476317 0.565203 0.000000
2.288461 1.102065 0.000000
2.288461 1.102065 0.000000
2.288461 1.102065 0.000000
1.985852 1.583664 0.000000
1.985852 1.583664 0.000000
2.288461 1.102065 0.000000
1.985852 1.583664 0.000000
1.985852 1.583664 0.000000
1.985852 1.583664 0.000000
1.583664 1.985852 0.000000
1.583664 1.985852 0.000000
1.985852 1.583664 0.000000
1.583664 1.985852 0.000000
1.583664 1.985852 0.000000
1.583664 1.985852 0.000000
1.102065 2.288461 0.000000
1.102065 2.288461 0.000000
1.583664 1.985852 0.000000
1.102065 2.288461 0.000000
1.102065 2.288461 0.000000
1.102065 2.288461 0.000000
0.565203 2.476317 0.000000
0.565203 2.476317 0.000000
1.102065 2.288461 0.000000
0.565203 2.476317 0.000000
0.565203 2.476317 0.000000
0.565203 2.476317 0.000000
0.000000 2.540000 0.000000
0.000000 2.540000 0.000000
0.565203 2.476317 0.000000
0.000000 2.540000 0.000000
0.000000 -2.540000 0.000000
0.000000 -2.540000 0.000000
0.000000 -2.540000 0.000000
0.000000 -2.540000 0.000000
0.000000 -2.540000 0.000000
0.000000 -2.540000 0.000000
0.000000 -2.540000 0.000000
0.000000 -2.540000 0.000000
0.000000 -2.540000 0.000000
0.000000 -2.540000 0.000000
0.000000 -2.540000 0.000000
0.000000 -2.540000 0.000000
0.000000 -2.540000 0.000000
0.000000 -2.540000 0.000000
0.000000 -2.540000 0.000000
0.000000 -2.540000 0.000000
0.000000 -2.540000 0.000000
0.000000 -2.540000 0.000000
0.000000 -2.540000 0.000000
0.000000 -2.540000 0.000000
0.000000 -2.540000 0.000000
0.000000 -2.540000 0.000000
0.000000 -2.540000 0.000000
0.000000 -2.540000 0.000000
0.000000 -2.540000 0.000000
0.000000 -2.540000 0.000000
0.000000 -2.540000 0.000000
0.000000 -2.540000 0.000000
0.000000 -2.540000 0.000000
0.000000 -2.540000 0.000000
0.000000 -2.540000 0.000000
0.000000 -2.540000 0.000000
0.000000 -2.540000 0.000000
0.000000 -2.540000 0.000000
0.000000 -2.540000 0.000000
0.000000 -2.540000 0.000000
0.000000 -2.540000 0.000000
0.000000 -2.540000 0.000000
0.000000 -2.540000 0.000000
0.000000 -2.540000 0.000000
0.000000 -2.540000 0.000000
0.000000 -2.540000 0.000000
0.000000 -2.540000 0.000000
0.000000 -2.540000 0.000000
0.000000 -2.540000 0.000000
0.000000 -2.540000 0.000000
0.000000 -2.540000 0.000000
0.000000 -2.540000 0.000000
0.000000 -2.540000 0.000000
0.000000 -2.540000 0.000000
0.000000 -2.540000 0.000000
0.000000 -2.540000 0.000000
0.000000 -2.540000 0.000000
-0.607862 -2.466192 0.000000
-0.607862 -2.466192 0.000000
0.000000 -2.540000 0.000000
-0.607862 -2.466192 0.000000
-0.607862 -2.466192 0.000000
-0.607862 -2.466192 0.000000
-1.180397 -2.249058 0.000000
-1.180397 -2.249058 0.000000
-0.607862 -2.466192 0.000000
-1.180397 -2.249058 0.000000
-1.180397 -2.249058 0.000000
-1.180397 -2.249058 0.000000
-1.684332 -1.901217 0.000000
-1.684332 -1.901217 0.000000
-1.180397 -2.249058 0.000000
-1.684332 -1.901217 0.000000
-1.684332 -1.901217 0.000000
-1.684332 -1.901217 0.000000
-2.090379 -1.442884 0.000000
-2.090379 -1.442884 0.000000
-1.684332 -1.901217 0.000000
-2.090379 -1.442884 0.000000
-2.090379 -1.442884 0.000000
-2.090379 -1.442884 0.000000
-2.374941 -0.900696 0.000000
-2.374941 -0.900696 0.000000
-2.090379 -1.442884 0.000000
-2.374941 -0.900696 0.000000
-2.374941 -0.900696 0.000000
-2.374941 -0.900696 0.000000
-2.521481 -0.306163 0.000000
-2.521481 -0.306163 0.000000
-2.374941 -0.900696 0.000000
-2.521481 -0.306163 0.000000
-2.521481 -0.306163 0.000000
-2.521481 -0.306163 0.000000
-2.521481 0.306163 0.000000
-2.521481 0.306163 0.000000
-2.521481 -0.306163 0.000000
-2.521481 0.306163 0.000000
-2.521481 0.306163 0.000000
-2.521481 0.306163 0.000000
-2.374941 0.900696 0.000000
-2.374941 0.900696 0.000000
-2.521481 0.306163 0.000000
-2.374941 0.900696 0.000000
-2.374941 0.900696 0.000000
-2.374941 0.900696 0.000000
-2.090379 1.442884 0.000000
-2.090379 1.442884 0.000000
-2.374941 0.900696 0.000000
-2.090379 1.442884 0.000000
-2.090379 1.442884 0.000000
-2.090379 1.442884 0.000000
-1.684332 1.901217 0.000000
-1.684332 1.901217 0.000000
-2.090379 1.442884 0.000000
-1.684332 1.901217 0.000000
-1.684332 1.901217 0.000000
-1.684332 1.901217 0.000000
-1.180397 2.249058 0.000000
-1.180397 2.249058 0.000000
-1.684332 1.901217 0.000000
-1.180397 2.249058 0.000000
-1.180397 2.249058 0.000000
-1.180397 2.249058 0.000000
-0.607862 2.466192 0.000000
-0.607862 2.466192 0.000000
-1.180397 2.249058 0.000000
-0.607862 2.466192 0.000000
-0.607862 2.466192 0.000000
-0.607862 2.466192 0.000000
-0.000000 2.540000 0.000000
-0.000000 2.540000 0.000000
-0.607862 2.466192 0.000000
-0.000000 2.540000 0.000000
-0.000000 2.540000 0.000000
-0.000000 2.540000 0.000000
0.000000 2.540000 0.000000
0.000000 2.540000 0.000000
-0.000000 2.540000 0.000000
0.000000 2.540000 0.000000
0.000000 2.540000 0.000000
0.000000 2.540000 0.000000
0.000000 2.540000 0.000000
0.000000 2.540000 0.000000
0.000000 2.540000 0.000000
0.000000 2.540000 0.000000
0.000000 0.000000 -2.540000
0.000000 0.000000 -2.540000
0.000000 0.000000 -2.540000
0.000000 0.000000 -2.540000
0.000000 0.000000 -2.540000
0.000000 0.000000 -2.540000
0.000000 0.000000 -2.540000
0.000000 0.000000 -2.540000
0.000000 0.000000 -2.540000
0.000000 0.000000 -2.540000
0.000000 0.000000 -2.540000
0.000000 0.000000 -2.540000
0.000000 0.000000 -2.540000
0.000000 0.000000 -2.540000
0.000000 0.000000 -2.540000
0.000000 0.000000 -2.540000
0.000000 0.000000 -2.540000
0.000000 0.000000 -2.540000
0.000000 0.000000 -2.540000
0.000000 0.000000 -2.540000
0.000000 0.000000 -2.540000
0.000000 0.000000 -2.540000
0.000000 0.000000 -2.540000
0.000000 0.000000 -2.540000
0.000000 0.000000 -2.540000
0.000000 0.000000 -2.540000
0.000000 0.000000 -2.540000
0.000000 0.000000 -2.540000
0.000000 0.000000 -2.540000
0.000000 0.000000 -2.540000
0.000000 0.000000 -2.540000
0.000000 0.000000 -2.540000
0.000000 0.000000 -2.540000
0.000000 0.000000 -2.540000
0.000000 0.000000 -2.540000
0.000000 0.000000 -2.540000
0.000000 0.000000 -2.540000
0.000000 0.000000 -2.540000
0.000000 0.000000 -2.540000
0.000000 0.000000 -2.540000
0.000000 0.000000 -2.540000
0.000000 0.000000 -2.540000
0.000000 0.000000 -2.540000
0.000000 0.000000 -2.540000
0.000000 0.000000 -2.540000
0.000000 0.000000 -2.540000
0.000000 0.000000 -2.540000
0.000000 0.000000 -2.540000
0.000000 2.540000 0.000000
0.000000 2.540000 0.000000
0.565203 2.476317 0.000000
0.565203 2.476317 0.000000
0.000000 2.540000 0.000000
0.565203 2.476317 0.000000
0.565203 2.476317 0.000000
0.565203 2.476317 0.000000
1.102065 2.288461 0.000000
1.102065 2.288461 0.000000
0.565203 2.476317 0.000000
1.102065 2.288461 0.000000
1.102065 2.288461 0.000000
1.102065 2.288461 0.000000
1.583664 1.985852 0.000000
1.583664 1.985852 0.000000
1.102065 2.288461 0.000000
1.583664 1.985852 0.000000
1.583664 1.985852 0.000000
1.583664 1.985852 0.000000
1.985852 1.583664 0.000000
1.985852 1.583664 0.000000
1.583664 1.985852 0.000000
1.985852 1.583664 0.000000
1.985852 1.583664 0.000000
1.985852 1.583664 0.000000
2.288461 1.102065 0.000000
2.288461 1.102065 0.000000
1.985852 1.583664 0.000000
2.288461 1.102065 0.000000
2.288461 1.102065 0.000000
2.288461 1.102065 0.000000
2.476317 0.565203 0.000000
2.476317 0.565203 0.000000
2.288461 1.102065 0.000000
2.476317 0.565203 0.000000
2.476317 0.565203 0.000000
2.476317 0.565203 0.000000
2.540000 -0.000000 0.000000
2.540000 -0.000000 0.000000
2.476317 0.565203 0.000000
2.540000 -0.000000 0.000000
2.540000 0.000000 0.000000
2.540000 0.000000 0.000000
2.476317 -0.565203 0.000000
2.476317 -0.565203 0.000000
2.540000 0.000000 0.000000
2.476317 -0.565203 0.000000
2.476317 -0.565203 0.000000
2.476317 -0.565203 0.000000
2.288461 -1.102065 0.000000
2.288461 -1.102065 0.000000
2.476317 -0.565203 0.000000
2.288461 -1.102065 0.000000
2.288461 -1.102065 0.000000
2.288461 -1.102065 0.000000
1.985852 -1.583664 0.000000
1.985852 -1.583664 0.000000
2.288461 -1.102065 0.000000
1.985852 -1.583664 0.000000
1.985852 -1.583664 0.000000
1.985852 -1.583664 0.000000
1.583664 -1.985852 0.000000
1.583664 -1.985852 0.000000
1.985852 -1.583664 0.000000
1.583664 -1.985852 0.000000
1.583664 -1.985852 0.000000
1.583664 -1.985852 0.000000
1.102065 -2.288461 0.000000
1.102065 -2.288461 0.000000
1.583664 -1.985852 0.000000
1.102065 -2.288461 0.000000
1.102065 -2.288461 0.000000
1.102065 -2.288461 0.000000
0.565203 -2.476317 0.000000
0.565203 -2.476317 0.000000
1.102065 -2.288461 0.000000
0.565203 -2.476317 0.000000
0.565203 -2.476317 0.000000
0.565203 -2.476317 0.000000
0.000000 -2.540000 0.000000
0.000000 -2.540000 0.000000
0.565203 -2.476317 0.000000
0.000000 -2.540000 0.000000
0.000000 0.000000 2.540000
0.000000 0.000000 2.540000
0.000000 -0.255365 2.527131
0.000000 -0.255365 2.527131
0.000000 0.000000 2.540000
0.000000 -0.255365 2.527131
0.000000 -0.255365 2.527131
0.000000 -0.255365 2.527131
0.000000 -0.505073 2.489277
0.000000 -0.505073 2.489277
0.000000 -0.255365 2.527131
0.000000 -0.505073 2.489277
0.000000 -0.505073 2.489277
0.000000 -0.505073 2.489277
0.000000 -0.978707 2.343871
0.000000 -0.505073 2.489277
0.000000 -0.978707 2.343871
0.000000 -0.978707 2.343871
0.000000 -0.978707 2.343871
0.000000 -0.978707 2.343871
0.000000 -1.406445 2.115068
0.000000 -0.978707 2.343871
0.000000 -1.406445 2.115068
0.000000 -1.406445 2.115068
0.000000 -1.406445 2.115068
0.000000 -1.406445 2.115068
0.000000 -1.773079 1.818733
0.000000 -1.406445 2.115068
0.000000 -1.773079 1.818733
0.000000 -1.773079 1.818733
0.000000 -1.773079 1.818733
0.000000 -1.773079 1.818733
0.000000 -2.082116 1.454782
0.000000 -2.082116 1.454782
0.000000 -1.773079 1.818733
0.000000 -2.082116 1.454782
0.000000 -2.082116 1.454782
0.000000 -2.082116 1.454782
0.000000 -2.329068 1.013432
0.000000 -2.082116 1.454782
0.000000 -2.329068 1.013432
0.000000 -2.329068 1.013432
0.000000 -2.329068 1.013432
0.000000 -2.329068 1.013432
0.000000 -2.486768 0.517289
0.000000 -2.329068 1.013432
0.000000 -2.486768 0.517289
0.000000 -2.486768 0.517289
0.000000 -2.486768 0.517289
0.000000 -2.486768 0.517289
0.000000 -2.526780 0.258806
0.000000 -2.486768 0.517289
0.000000 -2.526780 0.258806
0.000000 -2.526780 0.258806
0.000000 -2.526780 0.258806
0.000000 -2.526780 0.258806
0.000000 -2.540000 0.000000
0.000000 -2.540000 0.000000
0.000000 -2.526780 0.258806
0.000000 -2.540000 0.000000
0.000000 -2.540000 0.000000
0.000000 -2.540000 0.000000
0.000000 -2.526780 -0.258806
0.000000 -2.526780 -0.258806
0.000000 -2.540000 0.000000
0.000000 -2.526780 -0.258806
0.000000 -2.526780 -0.258806
0.000000 -2.526780 -0.258806
0.000000 -2.486768 -0.517289
0.000000 -2.526780 -0.258806
0.000000 -2.486768 -0.517289
0.000000 -2.486768 -0.517289
0.000000 -2.486768 -0.517289
0.000000 -2.486768 -0.517289
0.000000 -2.329068 -1.013432
0.000000 -2.486768 -0.517289
0.000000 -2.329068 -1.013432
0.000000 -2.329068 -1.013432
0.000000 -2.329068 -1.013432
0.000000 -2.329068 -1.013432
0.000000 -2.082116 -1.454782
0.000000 -2.329068 -1.013432
0.000000 -2.082116 -1.454782
0.000000 -2.082116 -1.454782
0.000000 -2.082116 -1.454782
0.000000 -2.082116 -1.454782
0.000000 -1.773079 -1.818733
0.000000 -1.773079 -1.818733
0.000000 -2.082116 -1.454782
0.000000 -1.773079 -1.818733
0.000000 -1.773079 -1.818733
0.000000 -1.773079 -1.818733
0.000000 -1.406445 -2.115068
0.000000 -1.773079 -1.818733
0.000000 -1.406445 -2.115068
0.000000 -1.406445 -2.115068
0.000000 -1.406445 -2.115068
0.000000 -1.406445 -2.115068
0.000000 -0.978707 -2.343871
0.000000 -1.406445 -2.115068
0.000000 -0.978707 -2.343871
0.000000 -0.978707 -2.343871
0.000000 -0.978707 -2.343871
0.000000 -0.978707 -2.343871
0.000000 -0.505073 -2.489277
0.000000 -0.978707 -2.343871
0.000000 -0.505073 -2.489277
0.000000 -0.505073 -2.489277
0.000000 -0.505073 -2.489277
0.000000 -0.505073 -2.489277
0.000000 -0.255365 -2.527131
0.000000 -0.255365 -2.527131
0.000000 -0.505073 -2.489277
0.000000 -0.255365 -2.527131
0.000000 -0.255365 -2.527131
0.000000 -0.255365 -2.527131
0.000000 0.000000 -2.540000
0.000000 0.000000 -2.540000
0.000000 -0.255365 -2.527131
0.000000 0.000000 -2.540000
0.000000 0.000000 2.540000
0.000000 0.000000 2.540000
0.000000 -0.255365 2.527131
0.000000 -0.255365 2.527131
0.000000 0.000000 2.540000
0.000000 -0.255365 2.527131
0.000000 -0.255365 2.527131
0.000000 -0.255365 2.527131
0.000000 -0.505073 2.489277
0.000000 -0.505073 2.489277
0.000000 -0.255365 2.527131
0.000000 -0.505073 2.489277
0.000000 -0.505073 2.489277
0.000000 -0.505073 2.489277
0.000000 -0.978707 2.343871
0.000000 -0.505073 2.489277
0.000000 -0.978707 2.343871
0.000000 -0.978707 2.343871
0.000000 -0.978707 2.343871
0.000000 -0.978707 2.343871
0.000000 -1.406445 2.115068
0.000000 -0.978707 2.343871
0.000000 -1.406445 2.115068
0.000000 -1.406445 2.115068
0.000000 -1.406445 2.115068
0.000000 -1.406445 2.115068
0.000000 -1.773079 1.818733
0.000000 -1.406445 2.115068
0.000000 -1.773079 1.818733
0.000000 -1.773079 1.818733
0.000000 -1.773079 1.818733
0.000000 -1.773079 1.818733
0.000000 -2.082116 1.454782
0.000000 -2.082116 1.454782
0.000000 -1.773079 1.818733
0.000000 -2.082116 1.454782
0.000000 -2.082116 1.454782
0.000000 -2.082116 1.454782
0.000000 -2.329068 1.013432
0.000000 -2.082116 1.454782
0.000000 -2.329068 1.013432
0.000000 -2.329068 1.013432
0.000000 -2.329068 1.013432
0.000000 -2.329068 1.013432
0.000000 -2.486768 0.517289
0.000000 -2.329068 1.013432
0.000000 -2.486768 0.517289
0.000000 -2.486768 0.517289
0.000000 -2.486768 0.517289
0.000000 -2.486768 0.517289
0.000000 -2.526780 0.258806
0.000000 -2.486768 0.517289
0.000000 -2.526780 0.258806
0.000000 -2.526780 0.258806
0.000000 -2.526780 0.258806
0.000000 -2.526780 0.258806
0.000000 -2.540000 0.000000
0.000000 -2.540000 0.000000
0.000000 -2.526780 0.258806
0.000000 -2.540000 0.000000
0.000000 -2.540000 0.000000
0.000000 -2.540000 0.000000
0.000000 -2.526780 -0.258806
0.000000 -2.526780 -0.258806
0.000000 -2.540000 0.000000
0.000000 -2.526780 -0.258806
0.000000 -2.526780 -0.258806
0.000000 -2.526780 -0.258806
0.000000 -2.486768 -0.517289
0.000000 -2.526780 -0.258806
0.000000 -2.486768 -0.517289
0.000000 -2.486768 -0.517289
0.000000 -2.486768 -0.517289
0.000000 -2.486768 -0.517289
0.000000 -2.329068 -1.013432
0.000000 -2.486768 -0.517289
0.000000 -2.329068 -1.013432
0.000000 -2.329068 -1.013432
0.000000 -2.329068 -1.013432
0.000000 -2.329068 -1.013432
0.000000 -2.082116 -1.454782
0.000000 -2.329068 -1.013432
0.000000 -2.082116 -1.454782
0.000000 -2.082116 -1.454782
0.000000 -2.082116 -1.454782
0.000000 -2.082116 -1.454782
0.000000 -1.773079 -1.818733
0.000000 -1.773079 -1.818733
0.000000 -2.082116 -1.454782
0.000000 -1.773079 -1.818733
0.000000 -1.773079 -1.818733
0.000000 -1.773079 -1.818733
0.000000 -1.406445 -2.115068
0.000000 -1.773079 -1.818733
0.000000 -1.406445 -2.115068
0.000000 -1.406445 -2.115068
0.000000 -1.406445 -2.115068
0.000000 -1.406445 -2.115068
0.000000 -0.978707 -2.343871
0.000000 -1.406445 -2.115068
0.000000 -0.978707 -2.343871
0.000000 -0.978707 -2.343871
0.000000 -0.978707 -2.343871
0.000000 -0.978707 -2.343871
0.000000 -0.505073 -2.489277
0.000000 -0.978707 -2.343871
0.000000 -0.505073 -2.489277
0.000000 -0.505073 -2.489277
0.000000 -0.505073 -2.489277
0.000000 -0.505073 -2.489277
0.000000 -0.255365 -2.527131
0.000000 -0.255365 -2.527131
0.000000 -0.505073 -2.489277
0.000000 -0.255365 -2.527131
0.000000 -0.255365 -2.527131
0.000000 -0.255365 -2.527131
0.000000 0.000000 -2.540000
0.000000 0.000000 -2.540000
0.000000 -0.255365 -2.527131
0.000000 0.000000 -2.540000
2.540000 0.000000 0.000000
2.540000 0.000000 0.000000
2.540000 0.000000 0.000000
2.540000 0.000000 0.000000
2.540000 0.000000 0.000000
2.540000 0.000000 0.000000
0.000000 -2.540000 0.000000
0.000000 -2.540000 0.000000
0.000000 -2.540000 0.000000
0.000000 -2.540000 0.000000
0.000000 -2.540000 0.000000
0.000000 -2.540000 0.000000
-2.540000 0.000000 0.000000
-2.540000 0.000000 0.000000
-2.540000 0.000000 0.000000
-2.540000 0.000000 0.000000
-2.540000 0.000000 0.000000
-2.540000 0.000000 0.000000
0.000000 2.540000 0.000000
0.000000 2.540000 0.000000
0.000000 2.540000 0.000000
0.000000 2.540000 0.000000
0.000000 2.540000 0.000000
0.000000 2.540000 0.000000
0.000000 0.000000 2.540000
0.000000 0.000000 2.540000
0.000000 0.000000 2.540000
0.000000 0.000000 2.540000
0.000000 0.000000 2.540000
0.000000 0.000000 2.540000
2.540000 0.000000 0.000000
2.540000 0.000000 0.000000
2.540000 0.000000 0.000000
2.540000 0.000000 0.000000
2.540000 0.000000 0.000000
2.540000 0.000000 0.000000
0.000000 -2.540000 0.000000
0.000000 -2.540000 0.000000
0.000000 -2.540000 0.000000
0.000000 -2.540000 0.000000
0.000000 -2.540000 0.000000
0.000000 -2.540000 0.000000
-2.540000 0.000000 0.000000
-2.540000 0.000000 0.000000
-2.540000 0.000000 0.000000
-2.540000 0.000000 0.000000
-2.540000 0.000000 0.000000
-2.540000 0.000000 0.000000
0.000000 2.540000 0.000000
0.000000 2.540000 0.000000
0.000000 2.540000 0.000000
0.000000 2.540000 0.000000
0.000000 2.540000 0.000000
0.000000 2.540000 0.000000
0.000000 0.000000 2.540000
0.000000 0.000000 2.540000
0.000000 0.000000 2.540000
0.000000 0.000000 2.540000
0.000000 0.000000 2.540000
0.000000 0.000000 2.540000
2.540000 0.000000 0.000000
2.540000 0.000000 0.000000
2.540000 0.000000 0.000000
2.540000 0.000000 0.000000
2.540000 0.000000 0.000000
2.540000 0.000000 0.000000
0.000000 -2.540000 0.000000
0.000000 -2.540000 0.000000
0.000000 -2.540000 0.000000
0.000000 -2.540000 0.000000
0.000000 -2.540000 0.000000
0.000000 -2.540000 0.000000
-2.540000 0.000000 0.000000
-2.540000 0.000000 0.000000
-2.540000 0.000000 0.000000
-2.540000 0.000000 0.000000
-2.540000 0.000000 0.000000
-2.540000 0.000000 0.000000
0.000000 2.540000 0.000000
0.000000 2.540000 0.000000
0.000000 2.540000 0.000000
0.000000 2.540000 0.000000
0.000000 2.540000 0.000000
0.000000 2.540000 0.000000
0.000000 0.000000 2.540000
0.000000 0.000000 2.540000
0.000000 0.000000 2.540000
0.000000 0.000000 2.540000
0.000000 0.000000 2.540000
0.000000 0.000000 2.540000
2.540000 0.000000 0.000000
2.540000 0.000000 0.000000
2.540000 0.000000 0.000000
2.540000 0.000000 0.000000
2.540000 0.000000 0.000000
2.540000 0.000000 0.000000
0.000000 -2.540000 0.000000
0.000000 -2.540000 0.000000
0.000000 -2.540000 0.000000
0.000000 -2.540000 0.000000
0.000000 -2.540000 0.000000
0.000000 -2.540000 0.000000
-2.540000 0.000000 0.000000
-2.540000 0.000000 0.000000
-2.540000 0.000000 0.000000
-2.540000 0.000000 0.000000
-2.540000 0.000000 0.000000
-2.540000 0.000000 0.000000
0.000000 2.540000 0.000000
0.000000 2.540000 0.000000
0.000000 2.540000 0.000000
0.000000 2.540000 0.000000
0.000000 2.540000 0.000000
0.000000 2.540000 0.000000
0.000000 0.000000 2.540000
0.000000 0.000000 2.540000
0.000000 0.000000 2.540000
0.000000 0.000000 2.540000
0.000000 0.000000 2.540000
0.000000 0.000000 2.540000
2.540000 0.000000 0.000000
2.540000 0.000000 0.000000
2.540000 0.000000 0.000000
2.540000 0.000000 0.000000
2.540000 0.000000 0.000000
2.540000 0.000000 0.000000
0.000000 -2.540000 0.000000
0.000000 -2.540000 0.000000
0.000000 -2.540000 0.000000
0.000000 -2.540000 0.000000
0.000000 -2.540000 0.000000
0.000000 -2.540000 0.000000
-2.540000 0.000000 0.000000
-2.540000 0.000000 0.000000
-2.540000 0.000000 0.000000
-2.540000 0.000000 0.000000
-2.540000 0.000000 0.000000
-2.540000 0.000000 0.000000
0.000000 2.540000 0.000000
0.000000 2.540000 0.000000
0.000000 2.540000 0.000000
0.000000 2.540000 0.000000
0.000000 2.540000 0.000000
0.000000 2.540000 0.000000
0.000000 0.000000 2.540000
0.000000 0.000000 2.540000
0.000000 0.000000 2.540000
0.000000 0.000000 2.540000
0.000000 0.000000 2.540000
0.000000 0.000000 2.540000
2.540000 0.000000 0.000000
2.540000 0.000000 0.000000
2.540000 0.000000 0.000000
2.540000 0.000000 0.000000
2.540000 0.000000 0.000000
2.540000 0.000000 0.000000
0.000000 -2.540000 0.000000
0.000000 -2.540000 0.000000
0.000000 -2.540000 0.000000
0.000000 -2.540000 0.000000
0.000000 -2.540000 0.000000
0.000000 -2.540000 0.000000
-2.540000 0.000000 0.000000
-2.540000 0.000000 0.000000
-2.540000 0.000000 0.000000
-2.540000 0.000000 0.000000
-2.540000 0.000000 0.000000
-2.540000 0.000000 0.000000
0.000000 2.540000 0.000000
0.000000 2.540000 0.000000
0.000000 2.540000 0.000000
0.000000 2.540000 0.000000
0.000000 2.540000 0.000000
0.000000 2.540000 0.000000
0.000000 0.000000 2.540000
0.000000 0.000000 2.540000
0.000000 0.000000 2.540000
0.000000 0.000000 2.540000
0.000000 0.000000 2.540000
0.000000 0.000000 2.540000
2.540000 0.000000 0.000000
2.540000 0.000000 0.000000
2.540000 0.000000 0.000000
2.540000 0.000000 0.000000
2.540000 0.000000 0.000000
2.540000 0.000000 0.000000
0.000000 -2.540000 0.000000
0.000000 -2.540000 0.000000
0.000000 -2.540000 0.000000
0.000000 -2.540000 0.000000
0.000000 -2.540000 0.000000
0.000000 -2.540000 0.000000
-2.540000 0.000000 0.000000
-2.540000 0.000000 0.000000
-2.540000 0.000000 0.000000
-2.540000 0.000000 0.000000
-2.540000 0.000000 0.000000
-2.540000 0.000000 0.000000
0.000000 2.540000 0.000000
0.000000 2.540000 0.000000
0.000000 2.540000 0.000000
0.000000 2.540000 0.000000
0.000000 2.540000 0.000000
0.000000 2.540000 0.000000
0.000000 0.000000 2.540000
0.000000 0.000000 2.540000
0.000000 0.000000 2.540000
0.000000 0.000000 2.540000
0.000000 0.000000 2.540000
0.000000 0.000000 2.540000
2.540000 0.000000 0.000000
2.540000 0.000000 0.000000
2.540000 0.000000 0.000000
2.540000 0.000000 0.000000
2.540000 0.000000 0.000000
2.540000 0.000000 0.000000
0.000000 -2.540000 0.000000
0.000000 -2.540000 0.000000
0.000000 -2.540000 0.000000
0.000000 -2.540000 0.000000
0.000000 -2.540000 0.000000
0.000000 -2.540000 0.000000
-2.540000 0.000000 0.000000
-2.540000 0.000000 0.000000
-2.540000 0.000000 0.000000
-2.540000 0.000000 0.000000
-2.540000 0.000000 0.000000
-2.540000 0.000000 0.000000
0.000000 2.540000 0.000000
0.000000 2.540000 0.000000
0.000000 2.540000 0.000000
0.000000 2.540000 0.000000
0.000000 2.540000 0.000000
0.000000 2.540000 0.000000
0.000000 0.000000 2.540000
0.000000 0.000000 2.540000
0.000000 0.000000 2.540000
0.000000 0.000000 2.540000
0.000000 0.000000 2.540000
0.000000 0.000000 2.540000
-2.540000 -0.000000 0.000000
-2.540000 0.000000 0.000000
-2.540000 -0.000000 0.000000
-2.540000 -0.000000 0.000000
-2.540000 0.000000 0.000000
-2.540000 0.000000 0.000000
-2.540000 0.000000 0.000000
-2.540000 0.000000 0.000000
-2.540000 0.000000 0.000000
-2.540000 0.000000 0.000000
-2.540000 0.000000 0.000000
-2.466192 0.607862 0.000000
-2.466192 0.607862 0.000000
-2.540000 0.000000 0.000000
-2.466192 0.607862 0.000000
-2.466192 0.607862 0.000000
-2.466192 0.607862 0.000000
-2.249058 1.180397 0.000000
-2.249058 1.180397 0.000000
-2.466192 0.607862 0.000000
-2.249058 1.180397 0.000000
-2.249058 1.180397 0.000000
-2.249058 1.180397 0.000000
-1.901217 1.684332 0.000000
-1.901217 1.684332 0.000000
-2.249058 1.180397 0.000000
-1.901217 1.684332 0.000000
-1.901217 1.684332 0.000000
-1.901217 1.684332 0.000000
-1.442884 2.090379 0.000000
-1.442884 2.090379 0.000000
-1.901217 1.684332 0.000000
-1.442884 2.090379 0.000000
-1.442884 2.090379 0.000000
-1.442884 2.090379 0.000000
-0.900696 2.374941 0.000000
-0.900696 2.374941 0.000000
-1.442884 2.090379 0.000000
-0.900696 2.374941 0.000000
-0.900696 2.374941 0.000000
-0.900696 2.374941 0.000000
-0.306163 2.521481 0.000000
-0.306163 2.521481 0.000000
-0.900696 2.374941 0.000000
-0.306163 2.521481 0.000000
-0.306163 2.521481 0.000000
-0.306163 2.521481 0.000000
0.306163 2.521481 0.000000
0.306163 2.521481 0.000000
-0.306163 2.521481 0.000000
0.306163 2.521481 0.000000
0.306163 2.521481 0.000000
0.306163 2.521481 0.000000
0.900696 2.374941 0.000000
0.900696 2.374941 0.000000
0.306163 2.521481 0.000000
0.900696 2.374941 0.000000
0.900696 2.374941 0.000000
0.900696 2.374941 0.000000
1.442884 2.090379 0.000000
1.442884 2.090379 0.000000
0.900696 2.374941 0.000000
1.442884 2.090379 0.000000
1.442884 2.090379 0.000000
1.442884 2.090379 0.000000
1.901217 1.684332 0.000000
1.901217 1.684332 0.000000
1.442884 2.090379 0.000000
1.901217 1.684332 0.000000
1.901217 1.684332 0.000000
1.901217 1.684332 0.000000
2.249058 1.180397 0.000000
2.249058 1.180397 0.000000
1.901217 1.684332 0.000000
2.249058 1.180397 0.000000
2.249058 1.180397 0.000000
2.249058 1.180397 0.000000
2.466192 0.607862 0.000000
2.466192 0.607862 0.000000
2.249058 1.180397 0.000000
2.466192 0.607862 0.000000
2.466192 0.607862 0.000000
2.466192 0.607862 0.000000
2.540000 0.000000 0.000000
2.540000 0.000000 0.000000
2.466192 0.607862 0.000000
2.540000 0.000000 0.000000
2.540000 0.000000 0.000000
2.540000 0.000000 0.000000
2.540000 0.000000 0.000000
2.540000 0.000000 0.000000
2.540000 0.000000 0.000000
2.540000 0.000000 0.000000
0.000000 0.000000 -2.540000
0.000000 0.000000 -2.540000
0.000000 0.000000 -2.540000
0.000000 0.000000 -2.540000
0.000000 0.000000 -2.540000
0.000000 0.000000 -2.540000
0.000000 0.000000 -2.540000
0.000000 0.000000 -2.540000
0.000000 0.000000 -2.540000
0.000000 0.000000 -2.540000
0.000000 0.000000 -2.540000
0.000000 0.000000 -2.540000
0.000000 0.000000 -2.540000
0.000000 0.000000 -2.540000
0.000000 0.000000 -2.540000
0.000000 0.000000 -2.540000
0.000000 0.000000 -2.540000
0.000000 0.000000 -2.540000
0.000000 0.000000 -2.540000
0.000000 0.000000 -2.540000
0.000000 0.000000 -2.540000
0.000000 0.000000 -2.540000
0.000000 0.000000 -2.540000
0.000000 0.000000 -2.540000
0.000000 0.000000 -2.540000
0.000000 0.000000 -2.540000
0.000000 0.000000 -2.540000
0.000000 0.000000 -2.540000
0.000000 0.000000 -2.540000
0.000000 0.000000 -2.540000
0.000000 0.000000 -2.540000
0.000000 0.000000 -2.540000
0.000000 0.000000 -2.540000
0.000000 0.000000 -2.540000
0.000000 0.000000 -2.540000
0.000000 0.000000 -2.540000
0.000000 0.000000 -2.540000
0.000000 0.000000 -2.540000
0.000000 0.000000 -2.540000
0.000000 0.000000 -2.540000
0.000000 0.000000 -2.540000
0.000000 0.000000 -2.540000
0.000000 0.000000 -2.540000
0.000000 0.000000 -2.540000
0.000000 0.000000 -2.540000
0.000000 0.000000 -2.540000
0.000000 0.000000 -2.540000
0.000000 0.000000 -2.540000
0.000000 0.000000 -2.540000
0.000000 0.000000 -2.540000
0.000000 0.000000 -2.540000
0.000000 0.000000 -2.540000
0.000000 0.000000 -2.540000
0.000000 0.000000 -2.540000
0.000000 0.000000 -2.540000
0.000000 0.000000 -2.540000
0.000000 0.000000 -2.540000
0.000000 0.000000 -2.540000
0.000000 0.000000 -2.540000
0.000000 0.000000 -2.540000
0.000000 0.000000 -2.540000
0.000000 0.000000 -2.540000
0.000000 0.000000 -2.540000
0.000000 0.000000 -2.540000
0.000000 0.000000 -2.540000
0.000000 0.000000 -2.540000
0.000000 0.000000 -2.540000
0.000000 0.000000 -2.540000
0.000000 0.000000 -2.540000
0.000000 0.000000 -2.540000
0.000000 0.000000 -2.540000
0.000000 0.000000 -2.540000
0.000000 0.000000 -2.540000
0.000000 0.000000 -2.540000
0.000000 0.000000 -2.540000
0.000000 0.000000 -2.540000
0.000000 0.000000 -2.540000
0.000000 0.000000 -2.540000
0.000000 0.000000 -2.540000
0.000000 0.000000 -2.540000
0.000000 0.000000 -2.540000
0.000000 0.000000 -2.540000
0.000000 0.000000 -2.540000
0.000000 0.000000 -2.540000
0.000000 0.000000 -2.540000
0.000000 0.000000 -2.540000
0.000000 0.000000 -2.540000
0.000000 0.000000 -2.540000
0.000000 0.000000 -2.540000
0.000000 0.000000 -2.540000
0.000000 0.000000 -2.540000
0.000000 0.000000 -2.540000
0.000000 0.000000 -2.540000
0.000000 0.000000 -2.540000
0.000000 0.000000 -2.540000
0.000000 0.000000 -2.540000
0.000000 0.000000 -2.540000
0.000000 0.000000 -2.540000
0.000000 0.000000 -2.540000
0.000000 0.000000 -2.540000
0.000000 0.000000 -2.540000
0.000000 0.000000 -2.540000
0.000000 0.000000 -2.540000
0.000000 0.000000 -2.540000
0.000000 0.000000 -2.540000
0.000000 0.000000 -2.540000
0.000000 0.000000 -2.540000
0.000000 0.000000 -2.540000
0.000000 0.000000 -2.540000
0.000000 0.000000 -2.540000
0.000000 0.000000 -2.540000
0.000000 0.000000 -2.540000
0.000000 0.000000 -2.540000
0.000000 0.000000 -2.540000
0.000000 0.000000 -2.540000
0.000000 0.000000 -2.540000
0.000000 0.000000 -2.540000
0.000000 0.000000 -2.540000
0.000000 0.000000 -2.540000
0.000000 0.000000 -2.540000
0.000000 0.000000 -2.540000
0.000000 0.000000 -2.540000
0.000000 0.000000 -2.540000
0.000000 0.000000 -2.540000
0.000000 0.000000 -2.540000
0.000000 0.000000 -2.540000
0.000000 0.000000 -2.540000
0.000000 0.000000 -2.540000
0.000000 0.000000 -2.540000
0.000000 0.000000 -2.540000
0.000000 0.000000 -2.540000
0.000000 0.000000 -2.540000
0.000000 0.000000 -2.540000
0.000000 0.000000 -2.540000
0.000000 0.000000 -2.540000
0.000000 0.000000 -2.540000
0.000000 0.000000 -2.540000
0.000000 0.000000 -2.540000
0.000000 0.000000 -2.540000
0.000000 0.000000 -2.540000
0.000000 0.000000 -2.540000
0.000000 0.000000 -2.540000
0.000000 0.000000 -2.540000
0.000000 0.000000 -2.540000
0.000000 0.000000 -2.540000
0.000000 0.000000 -2.540000
0.000000 0.000000 -2.540000
0.000000 0.000000 -2.540000
0.000000 0.000000 -2.540000
0.000000 0.000000 -2.540000
0.000000 0.000000 -2.540000
0.000000 0.000000 -2.540000
0.000000 0.000000 -2.540000
0.000000 0.000000 -2.540000
0.000000 0.000000 -2.540000
0.000000 0.000000 -2.540000
0.000000 0.000000 -2.540000
0.000000 0.000000 -2.540000
0.000000 0.000000 -2.540000
0.000000 0.000000 -2.540000
0.000000 0.000000 -2.540000
0.000000 0.000000 -2.540000
0.000000 0.000000 -2.540000
0.000000 0.000000 -2.540000
0.000000 0.000000 -2.540000
0.000000 0.000000 -2.540000
0.000000 0.000000 -2.540000
0.000000 0.000000 -2.540000
0.000000 0.000000 -2.540000
0.000000 0.000000 -2.540000
0.000000 0.000000 -2.540000
0.000000 0.000000 -2.540000
0.000000 0.000000 -2.540000
0.000000 0.000000 -2.540000
0.000000 0.000000 -2.540000
0.000000 0.000000 -2.540000
0.000000 0.000000 -2.540000
0.000000 0.000000 -2.540000
0.000000 0.000000 -2.540000
0.000000 0.000000 -2.540000
0.000000 0.000000 -2.540000
0.000000 0.000000 -2.540000
0.000000 0.000000 -2.540000
0.000000 0.000000 -2.540000
0.000000 0.000000 -2.540000
0.000000 0.000000 -2.540000
0.000000 0.000000 -2.540000
0.000000 0.000000 -2.540000
0.000000 0.000000 -2.540000
0.000000 0.000000 -2.540000
0.000000 0.000000 -2.540000
0.000000 0.000000 -2.540000
0.000000 0.000000 -2.540000
0.000000 0.000000 -2.540000
0.000000 0.000000 -2.540000
0.000000 0.000000 -2.540000
0.000000 0.000000 -2.540000
0.000000 0.000000 -2.540000
0.000000 0.000000 -2.540000
0.000000 0.000000 -2.540000
0.000000 0.000000 -2.540000
0.000000 0.000000 -2.540000
0.000000 0.000000 -2.540000
0.000000 0.000000 -2.540000
0.000000 0.000000 -2.540000
0.000000 0.000000 -2.540000
0.000000 0.000000 -2.540000
0.000000 0.000000 -2.540000
0.000000 0.000000 -2.540000
0.000000 0.000000 -2.540000
0.000000 0.000000 -2.540000
0.000000 0.000000 -2.540000
0.000000 0.000000 -2.540000
0.000000 0.000000 -2.540000
0.000000 0.000000 -2.540000
0.000000 0.000000 -2.540000
0.000000 0.000000 -2.540000
0.000000 0.000000 -2.540000
0.000000 0.000000 -2.540000
0.000000 0.000000 -2.540000
0.000000 0.000000 -2.540000
0.000000 0.000000 -2.540000
0.000000 0.000000 -2.540000
0.000000 0.000000 -2.540000
0.000000 0.000000 -2.540000
0.000000 0.000000 -2.540000
0.000000 0.000000 -2.540000
0.000000 0.000000 -2.540000
0.000000 0.000000 -2.540000
0.000000 0.000000 -2.540000
0.000000 0.000000 -2.540000
0.000000 0.000000 -2.540000
0.000000 0.000000 -2.540000
0.000000 0.000000 -2.540000
0.000000 0.000000 -2.540000
0.000000 0.000000 -2.540000
0.000000 0.000000 -2.540000
0.000000 0.000000 -2.540000
0.000000 0.000000 -2.540000
0.000000 0.000000 -2.540000
0.000000 0.000000 -2.540000
0.000000 0.000000 -2.540000
0.000000 0.000000 -2.540000
0.000000 0.000000 -2.540000
0.000000 0.000000 -2.540000
0.000000 0.000000 -2.540000
2.540000 0.000000 0.000000
2.540000 0.000000 0.000000
2.466192 -0.607862 0.000000
2.466192 -0.607862 0.000000
2.540000 0.000000 0.000000
2.466192 -0.607862 0.000000
2.466192 -0.607862 0.000000
2.466192 -0.607862 0.000000
2.249058 -1.180397 0.000000
2.249058 -1.180397 0.000000
2.466192 -0.607862 0.000000
2.249058 -1.180397 0.000000
2.249058 -1.180397 0.000000
2.249058 -1.180397 0.000000
1.901217 -1.684332 0.000000
1.901217 -1.684332 0.000000
2.249058 -1.180397 0.000000
1.901217 -1.684332 0.000000
1.901217 -1.684332 0.000000
1.901217 -1.684332 0.000000
1.442884 -2.090379 0.000000
1.442884 -2.090379 0.000000
1.901217 -1.684332 0.000000
1.442884 -2.090379 0.000000
1.442884 -2.090379 0.000000
1.442884 -2.090379 0.000000
0.900696 -2.374941 0.000000
0.900696 -2.374941 0.000000
1.442884 -2.090379 0.000000
0.900696 -2.374941 0.000000
0.900696 -2.374941 0.000000
0.900696 -2.374941 0.000000
0.306163 -2.521481 0.000000
0.306163 -2.521481 0.000000
0.900696 -2.374941 0.000000
0.306163 -2.521481 0.000000
0.306163 -2.521481 0.000000
0.306163 -2.521481 0.000000
-0.306163 -2.521481 0.000000
-0.306163 -2.521481 0.000000
0.306163 -2.521481 0.000000
-0.306163 -2.521481 0.000000
-0.306163 -2.521481 0.000000
-0.306163 -2.521481 0.000000
-0.900696 -2.374941 0.000000
-0.900696 -2.374941 0.000000
-0.306163 -2.521481 0.000000
-0.900696 -2.374941 0.000000
-0.900696 -2.374941 0.000000
-0.900696 -2.374941 0.000000
-1.442884 -2.090379 0.000000
-1.442884 -2.090379 0.000000
-0.900696 -2.374941 0.000000
-1.442884 -2.090379 0.000000
-1.442884 -2.090379 0.000000
-1.442884 -2.090379 0.000000
-1.901217 -1.684332 0.000000
-1.901217 -1.684332 0.000000
-1.442884 -2.090379 0.000000
-1.901217 -1.684332 0.000000
-1.901217 -1.684332 0.000000
-1.901217 -1.684332 0.000000
-2.249058 -1.180397 0.000000
-2.249058 -1.180397 0.000000
-1.901217 -1.684332 0.000000
-2.249058 -1.180397 0.000000
-2.249058 -1.180397 0.000000
-2.249058 -1.180397 0.000000
-2.466192 -0.607862 0.000000
-2.466192 -0.607862 0.000000
-2.249058 -1.180397 0.000000
-2.466192 -0.607862 0.000000
-2.466192 -0.607862 0.000000
-2.466192 -0.607862 0.000000
-2.540000 0.000000 0.000000
-2.540000 0.000000 0.000000
-2.466192 -0.607862 0.000000
-2.540000 0.000000 0.000000
2.540000 0.000000 0.000000
2.540000 0.000000 0.000000
2.466192 -0.607862 0.000000
2.466192 -0.607862 0.000000
2.540000 0.000000 0.000000
2.466192 -0.607862 0.000000
2.466192 -0.607862 0.000000
2.466192 -0.607862 0.000000
2.249058 -1.180397 0.000000
2.249058 -1.180397 0.000000
2.466192 -0.607862 0.000000
2.249058 -1.180397 0.000000
2.249058 -1.180397 0.000000
2.249058 -1.180397 0.000000
1.901217 -1.684332 0.000000
1.901217 -1.684332 0.000000
2.249058 -1.180397 0.000000
1.901217 -1.684332 0.000000
1.901217 -1.684332 0.000000
1.901217 -1.684332 0.000000
1.442884 -2.090379 0.000000
1.442884 -2.090379 0.000000
1.901217 -1.684332 0.000000
1.442884 -2.090379 0.000000
1.442884 -2.090379 0.000000
1.442884 -2.090379 0.000000
0.900696 -2.374941 0.000000
0.900696 -2.374941 0.000000
1.442884 -2.090379 0.000000
0.900696 -2.374941 0.000000
0.900696 -2.374941 0.000000
0.900696 -2.374941 0.000000
0.306163 -2.521481 0.000000
0.306163 -2.521481 0.000000
0.900696 -2.374941 0.000000
0.306163 -2.521481 0.000000
0.306163 -2.521481 0.000000
0.306163 -2.521481 0.000000
-0.306163 -2.521481 0.000000
-0.306163 -2.521481 0.000000
0.306163 -2.521481 0.000000
-0.306163 -2.521481 0.000000
-0.306163 -2.521481 0.000000
-0.306163 -2.521481 0.000000
-0.900696 -2.374941 0.000000
-0.900696 -2.374941 0.000000
-0.306163 -2.521481 0.000000
-0.900696 -2.374941 0.000000
-0.900696 -2.374941 0.000000
-0.900696 -2.374941 0.000000
-1.442884 -2.090379 0.000000
-1.442884 -2.090379 0.000000
-0.900696 -2.374941 0.000000
-1.442884 -2.090379 0.000000
-1.442884 -2.090379 0.000000
-1.442884 -2.090379 0.000000
-1.901217 -1.684332 0.000000
-1.901217 -1.684332 0.000000
-1.442884 -2.090379 0.000000
-1.901217 -1.684332 0.000000
-1.901217 -1.684332 0.000000
-1.901217 -1.684332 0.000000
-2.249058 -1.180397 0.000000
-2.249058 -1.180397 0.000000
-1.901217 -1.684332 0.000000
-2.249058 -1.180397 0.000000
-2.249058 -1.180397 0.000000
-2.249058 -1.180397 0.000000
-2.466192 -0.607862 0.000000
-2.466192 -0.607862 0.000000
-2.249058 -1.180397 0.000000
-2.466192 -0.607862 0.000000
-2.466192 -0.607862 0.000000
-2.466192 -0.607862 0.000000
-2.540000 0.000000 0.000000
-2.540000 0.000000 0.000000
-2.466192 -0.607862 0.000000
-2.540000 0.000000 0.000000
0.000000 0.000000 2.540000
0.000000 0.000000 2.540000
0.000000 0.000000 2.540000
0.000000 0.000000 2.540000
0.000000 0.000000 2.540000
0.000000 0.000000 2.540000
0.000000 0.000000 2.540000
0.000000 0.000000 2.540000
0.000000 0.000000 2.540000
0.000000 0.000000 2.540000
0.000000 0.000000 2.540000
0.000000 0.000000 2.540000
0.000000 0.000000 2.540000
0.000000 0.000000 2.540000
0.000000 0.000000 2.540000
0.000000 0.000000 2.540000
0.000000 0.000000 2.540000
0.000000 0.000000 2.540000
0.000000 0.000000 2.540000
0.000000 0.000000 2.540000
0.000000 0.000000 2.540000
0.000000 0.000000 2.540000
0.000000 0.000000 2.540000
0.000000 0.000000 2.540000
0.000000 0.000000 2.540000
0.000000 0.000000 2.540000
0.000000 0.000000 2.540000
0.000000 0.000000 2.540000
0.000000 0.000000 2.540000
0.000000 0.000000 2.540000
0.000000 0.000000 2.540000
0.000000 0.000000 2.540000
0.000000 0.000000 2.540000
0.000000 0.000000 2.540000
0.000000 0.000000 2.540000
0.000000 0.000000 2.540000
0.000000 0.000000 2.540000
0.000000 0.000000 2.540000
0.000000 0.000000 2.540000
0.000000 0.000000 2.540000
0.000000 0.000000 2.540000
0.000000 0.000000 2.540000
0.000000 0.000000 2.540000
0.000000 0.000000 2.540000
0.000000 0.000000 2.540000
0.000000 0.000000 2.540000
0.000000 0.000000 2.540000
0.000000 0.000000 2.540000
0.000000 0.000000 2.540000
0.000000 0.000000 2.540000
0.000000 0.000000 2.540000
0.000000 0.000000 2.540000
0.000000 0.000000 2.540000
0.000000 0.000000 2.540000
0.000000 0.000000 2.540000
0.000000 0.000000 2.540000
0.000000 0.000000 2.540000
0.000000 0.000000 2.540000
0.000000 0.000000 2.540000
0.000000 0.000000 2.540000
0.000000 0.000000 2.540000
0.000000 0.000000 2.540000
0.000000 0.000000 2.540000
0.000000 0.000000 2.540000
0.000000 0.000000 2.540000
0.000000 0.000000 2.540000
0.000000 0.000000 2.540000
0.000000 0.000000 2.540000
0.000000 0.000000 2.540000
0.000000 0.000000 2.540000
0.000000 0.000000 2.540000
0.000000 0.000000 2.540000
0.000000 0.000000 2.540000
0.000000 0.000000 2.540000
0.000000 0.000000 2.540000
0.000000 0.000000 2.540000
0.000000 0.000000 2.540000
0.000000 0.000000 2.540000
0.000000 0.000000 2.540000
0.000000 0.000000 2.540000
0.000000 0.000000 2.540000
0.000000 0.000000 2.540000
0.000000 0.000000 2.540000
0.000000 0.000000 2.540000
0.000000 0.000000 2.540000
0.000000 0.000000 2.540000
0.000000 0.000000 2.540000
0.000000 0.000000 2.540000
0.000000 0.000000 2.540000
0.000000 0.000000 2.540000
0.000000 0.000000 2.540000
0.000000 0.000000 2.540000
0.000000 0.000000 2.540000
0.000000 0.000000 2.540000
0.000000 0.000000 2.540000
0.000000 0.000000 2.540000
0.000000 0.000000 2.540000
0.000000 0.000000 2.540000
0.000000 0.000000 2.540000
0.000000 0.000000 2.540000
0.000000 0.000000 2.540000
0.000000 0.000000 2.540000
0.000000 0.000000 2.540000
0.000000 0.000000 2.540000
0.000000 0.000000 2.540000
0.000000 0.000000 2.540000
0.000000 0.000000 2.540000
0.000000 0.000000 2.540000
0.000000 0.000000 2.540000
0.000000 0.000000 2.540000
0.000000 0.000000 2.540000
0.000000 0.000000 2.540000
0.000000 0.000000 2.540000
0.000000 0.000000 2.540000
0.000000 0.000000 2.540000
0.000000 0.000000 2.540000
0.000000 0.000000 2.540000
0.000000 0.000000 2.540000
0.000000 0.000000 2.540000
0.000000 0.000000 2.540000
0.000000 0.000000 2.540000
0.000000 0.000000 2.540000
0.000000 0.000000 2.540000
0.000000 0.000000 2.540000
0.000000 0.000000 2.540000
0.000000 0.000000 2.540000
0.000000 0.000000 2.540000
0.000000 0.000000 2.540000
0.000000 0.000000 2.540000
0.000000 0.000000 2.540000
0.000000 0.000000 2.540000
0.000000 0.000000 2.540000
0.000000 0.000000 2.540000
0.000000 0.000000 2.540000
0.000000 0.000000 2.540000
0.000000 0.000000 2.540000
0.000000 0.000000 2.540000
0.000000 0.000000 2.540000
0.000000 0.000000 2.540000
0.000000 0.000000 2.540000
0.000000 0.000000 2.540000
0.000000 0.000000 2.540000
0.000000 0.000000 2.540000
0.000000 0.000000 2.540000
0.000000 0.000000 2.540000
0.000000 0.000000 2.540000
0.000000 0.000000 2.540000
0.000000 0.000000 2.540000
0.000000 0.000000 2.540000
0.000000 0.000000 2.540000
0.000000 0.000000 2.540000
0.000000 0.000000 2.540000
0.000000 0.000000 2.540000
0.000000 0.000000 2.540000
0.000000 0.000000 2.540000
0.000000 0.000000 2.540000
0.000000 0.000000 2.540000
0.000000 0.000000 2.540000
0.000000 0.000000 2.540000
0.000000 0.000000 2.540000
0.000000 0.000000 2.540000
0.000000 0.000000 2.540000
2.540000 0.000000 0.000000
2.540000 -0.000000 0.000000
2.466192 -0.607862 0.000000
2.466192 -0.607862 0.000000
2.540000 -0.000000 0.000000
2.466192 -0.607862 0.000000
2.466192 -0.607862 0.000000
2.466192 -0.607862 0.000000
2.249058 -1.180397 0.000000
2.249058 -1.180397 0.000000
2.466192 -0.607862 0.000000
2.249058 -1.180397 0.000000
2.249058 -1.180397 0.000000
2.249058 -1.180397 0.000000
1.901217 -1.684332 0.000000
1.901217 -1.684332 0.000000
2.249058 -1.180397 0.000000
1.901217 -1.684332 0.000000
1.901217 -1.684332 0.000000
1.901217 -1.684332 0.000000
1.442884 -2.090379 0.000000
1.442884 -2.090379 0.000000
1.901217 -1.684332 0.000000
1.442884 -2.090379 0.000000
1.442884 -2.090379 0.000000
1.442884 -2.090379 0.000000
0.900696 -2.374941 0.000000
0.900696 -2.374941 0.000000
1.442884 -2.090379 0.000000
0.900696 -2.374941 0.000000
0.900696 -2.374941 0.000000
0.900696 -2.374941 0.000000
0.306163 -2.521481 0.000000
0.306163 -2.521481 0.000000
0.900696 -2.374941 0.000000
0.306163 -2.521481 0.000000
0.306163 -2.521481 0.000000
0.306163 -2.521481 0.000000
-0.306163 -2.521481 0.000000
-0.306163 -2.521481 0.000000
0.306163 -2.521481 0.000000
-0.306163 -2.521481 0.000000
-0.306163 -2.521481 0.000000
-0.306163 -2.521481 0.000000
-0.900696 -2.374941 0.000000
-0.900696 -2.374941 0.000000
-0.306163 -2.521481 0.000000
-0.900696 -2.374941 0.000000
-0.900696 -2.374941 0.000000
-0.900696 -2.374941 0.000000
-1.442884 -2.090379 0.000000
-1.442884 -2.090379 0.000000
-0.900696 -2.374941 0.000000
-1.442884 -2.090379 0.000000
-1.442884 -2.090379 0.000000
-1.442884 -2.090379 0.000000
-1.901217 -1.684332 0.000000
-1.901217 -1.684332 0.000000
-1.442884 -2.090379 0.000000
-1.901217 -1.684332 0.000000
-1.901217 -1.684332 0.000000
-1.901217 -1.684332 0.000000
-2.249058 -1.180397 0.000000
-2.249058 -1.180397 0.000000
-1.901217 -1.684332 0.000000
-2.249058 -1.180397 0.000000
-2.249058 -1.180397 0.000000
-2.249058 -1.180397 0.000000
-2.466192 -0.607862 0.000000
-2.466192 -0.607862 0.000000
-2.249058 -1.180397 0.000000
-2.466192 -0.607862 0.000000
-2.466192 -0.607862 0.000000
-2.466192 -0.607862 0.000000
-2.540000 0.000000 0.000000
-2.540000 0.000000 0.000000
-2.466192 -0.607862 0.000000
-2.540000 -0.000000 0.000000
2.540000 -0.000000 0.000000
2.540000 0.000000 0.000000
2.540000 0.000000 0.000000
2.540000 0.000000 0.000000
2.540000 0.000000 0.000000
2.540000 0.000000 0.000000
-2.540000 0.000000 0.000000
-2.540000 0.000000 0.000000
-2.484495 0.528096 0.000000
-2.484495 0.528096 0.000000
-2.540000 0.000000 0.000000
-2.466192 0.607862 0.000000
-2.484495 0.528096 0.000000
-2.466192 0.607862 0.000000
-2.320405 1.033111 0.000000
-2.320405 1.033111 0.000000
-2.466192 0.607862 0.000000
-2.249058 1.180397 0.000000
-2.320405 1.033111 0.000000
-2.249058 1.180397 0.000000
-2.054903 1.492975 0.000000
-2.054903 1.492975 0.000000
-2.249058 1.180397 0.000000
-1.901217 1.684332 0.000000
-2.054903 1.492975 0.000000
-1.901217 1.684332 0.000000
-1.699592 1.887588 0.000000
-1.699592 1.887588 0.000000
-1.901217 1.684332 0.000000
-1.442884 2.090379 0.000000
-1.699592 1.887588 0.000000
-1.442884 2.090379 0.000000
-1.270000 2.199704 0.000000
-1.270000 2.199704 0.000000
-1.442884 2.090379 0.000000
-0.900696 2.374941 0.000000
-1.270000 2.199704 0.000000
-0.900696 2.374941 0.000000
-0.784903 2.415684 0.000000
-0.784903 2.415684 0.000000
-0.900696 2.374941 0.000000
-0.306163 2.521481 0.000000
-0.784903 2.415684 0.000000
-0.306163 2.521481 0.000000
-0.265502 2.526086 0.000000
-0.265502 2.526086 0.000000
-0.306163 2.521481 0.000000
0.265502 2.526086 0.000000
0.265502 2.526086 0.000000
-0.306163 2.521481 0.000000
0.306163 2.521481 0.000000
0.265502 2.526086 0.000000
0.306163 2.521481 0.000000
0.784903 2.415684 0.000000
0.784903 2.415684 0.000000
0.306163 2.521481 0.000000
0.900696 2.374941 0.000000
0.784903 2.415684 0.000000
0.900696 2.374941 0.000000
1.270000 2.199704 0.000000
1.270000 2.199704 0.000000
0.900696 2.374941 0.000000
1.442884 2.090379 0.000000
1.270000 2.199704 0.000000
1.442884 2.090379 0.000000
1.699592 1.887588 0.000000
1.699592 1.887588 0.000000
1.442884 2.090379 0.000000
1.901217 1.684332 0.000000
1.699592 1.887588 0.000000
1.901217 1.684332 0.000000
2.054903 1.492975 0.000000
2.054903 1.492975 0.000000
1.901217 1.684332 0.000000
2.249058 1.180397 0.000000
2.054903 1.492975 0.000000
2.249058 1.180397 0.000000
2.320405 1.033111 0.000000
2.320405 1.033111 0.000000
2.249058 1.180397 0.000000
2.466192 0.607862 0.000000
2.320405 1.033111 0.000000
2.466192 0.607862 0.000000
2.484495 0.528096 0.000000
2.484495 0.528096 0.000000
2.466192 0.607862 0.000000
2.540000 0.000000 0.000000
2.484495 0.528096 0.000000
2.540000 0.000000 0.000000
2.540000 0.000000 0.000000
-2.540000 0.000000 0.000000
-2.540000 0.000000 0.000000
-2.540000 -0.000000 0.000000
-2.540000 -0.000000 0.000000
-2.540000 0.000000 0.000000
-2.540000 0.000000 0.000000
-2.540000 -0.000000 0.000000
-2.484495 0.528096 0.000000
-2.540000 -0.000000 0.000000
-2.540000 -0.000000 0.000000
-2.484495 0.528096 0.000000
-2.466192 0.607862 0.000000
-2.466192 0.607862 0.000000
-2.484495 0.528096 0.000000
-2.320405 1.033111 0.000000
-2.466192 0.607862 0.000000
-2.320405 1.033111 0.000000
-2.249058 1.180397 0.000000
-2.249058 1.180397 0.000000
-2.320405 1.033111 0.000000
-2.054903 1.492975 0.000000
-2.249058 1.180397 0.000000
-2.054903 1.492975 0.000000
-1.901217 1.684332 0.000000
-1.901217 1.684332 0.000000
-2.054903 1.492975 0.000000
-1.699592 1.887588 0.000000
-1.901217 1.684332 0.000000
-1.699592 1.887588 0.000000
-1.442884 2.090379 0.000000
-1.442884 2.090379 0.000000
-1.699592 1.887588 0.000000
-1.270000 2.199704 0.000000
-1.442884 2.090379 0.000000
-1.270000 2.199704 0.000000
-0.900696 2.374941 0.000000
-0.900696 2.374941 0.000000
-1.270000 2.199704 0.000000
-0.784903 2.415684 0.000000
-0.900696 2.374941 0.000000
-0.784903 2.415684 0.000000
-0.306163 2.521481 0.000000
-0.306163 2.521481 0.000000
-0.784903 2.415684 0.000000
-0.265502 2.526086 0.000000
-0.306163 2.521481 0.000000
-0.265502 2.526086 0.000000
0.306163 2.521481 0.000000
0.306163 2.521481 0.000000
-0.265502 2.526086 0.000000
0.265502 2.526086 0.000000
0.306163 2.521481 0.000000
0.265502 2.526086 0.000000
0.784903 2.415684 0.000000
0.306163 2.521481 0.000000
0.784903 2.415684 0.000000
0.900696 2.374941 0.000000
0.900696 2.374941 0.000000
0.784903 2.415684 0.000000
1.270000 2.199704 0.000000
0.900696 2.374941 0.000000
1.270000 2.199704 0.000000
1.442884 2.090379 0.000000
1.442884 2.090379 0.000000
1.270000 2.199704 0.000000
1.699592 1.887588 0.000000
1.442884 2.090379 0.000000
1.699592 1.887588 0.000000
1.901217 1.684332 0.000000
1.901217 1.684332 0.000000
1.699592 1.887588 0.000000
2.054903 1.492975 0.000000
1.901217 1.684332 0.000000
2.054903 1.492975 0.000000
2.249058 1.180397 0.000000
2.249058 1.180397 0.000000
2.054903 1.492975 0.000000
2.320405 1.033111 0.000000
2.249058 1.180397 0.000000
2.320405 1.033111 0.000000
2.466192 0.607862 0.000000
2.466192 0.607862 0.000000
2.320405 1.033111 0.000000
2.484495 0.528096 0.000000
2.466192 0.607862 0.000000
2.484495 0.528096 0.000000
2.540000 0.000000 0.000000
2.540000 0.000000 0.000000
2.484495 0.528096 0.000000
2.540000 0.000000 0.000000
2.540000 0.000000 0.000000
2.540000 0.000000 0.000000
2.540000 0.000000 0.000000
2.540000 0.000000 0.000000
2.540000 0.000000 0.000000
2.540000 0.000000 0.000000
2.540000 0.000000 0.000000
2.540000 0.000000 0.000000
2.466192 -0.607862 0.000000
2.466192 -0.607862 0.000000
2.540000 0.000000 0.000000
2.466192 -0.607862 0.000000
2.466192 -0.607862 0.000000
2.466192 -0.607862 0.000000
2.249058 -1.180397 0.000000
2.249058 -1.180397 0.000000
2.466192 -0.607862 0.000000
2.249058 -1.180397 0.000000
2.249058 -1.180397 0.000000
2.249058 -1.180397 0.000000
1.901217 -1.684332 0.000000
1.901217 -1.684332 0.000000
2.249058 -1.180397 0.000000
1.901217 -1.684332 0.000000
1.901217 -1.684332 0.000000
1.901217 -1.684332 0.000000
1.442884 -2.090379 0.000000
1.442884 -2.090379 0.000000
1.901217 -1.684332 0.000000
1.442884 -2.090379 0.000000
1.442884 -2.090379 0.000000
1.442884 -2.090379 0.000000
0.900696 -2.374941 0.000000
0.900696 -2.374941 0.000000
1.442884 -2.090379 0.000000
0.900696 -2.374941 0.000000
0.900696 -2.374941 0.000000
0.900696 -2.374941 0.000000
0.306163 -2.521481 0.000000
0.306163 -2.521481 0.000000
0.900696 -2.374941 0.000000
0.306163 -2.521481 0.000000
0.306163 -2.521481 0.000000
0.306163 -2.521481 0.000000
-0.306163 -2.521481 0.000000
-0.306163 -2.521481 0.000000
0.306163 -2.521481 0.000000
-0.306163 -2.521481 0.000000
-0.306163 -2.521481 0.000000
-0.306163 -2.521481 0.000000
-0.900696 -2.374941 0.000000
-0.900696 -2.374941 0.000000
-0.306163 -2.521481 0.000000
-0.900696 -2.374941 0.000000
-0.900696 -2.374941 0.000000
-0.900696 -2.374941 0.000000
-1.442884 -2.090379 0.000000
-1.442884 -2.090379 0.000000
-0.900696 -2.374941 0.000000
-1.442884 -2.090379 0.000000
-1.442884 -2.090379 0.000000
-1.442884 -2.090379 0.000000
-1.901217 -1.684332 0.000000
-1.901217 -1.684332 0.000000
-1.442884 -2.090379 0.000000
-1.901217 -1.684332 0.000000
-1.901217 -1.684332 0.000000
-1.901217 -1.684332 0.000000
-2.249058 -1.180397 0.000000
-2.249058 -1.180397 0.000000
-1.901217 -1.684332 0.000000
-2.249058 -1.180397 0.000000
-2.249058 -1.180397 0.000000
-2.249058 -1.180397 0.000000
-2.466192 -0.607862 0.000000
-2.466192 -0.607862 0.000000
-2.249058 -1.180397 0.000000
-2.466192 -0.607862 0.000000
-2.466192 -0.607862 0.000000
-2.466192 -0.607862 0.000000
-2.540000 -0.000000 0.000000
-2.540000 -0.000000 0.000000
-2.466192 -0.607862 0.000000
-2.540000 0.000000 0.000000
-2.540000 -0.000000 0.000000
-2.540000 -0.000000 0.000000
-2.540000 0.000000 0.000000
-2.540000 0.000000 0.000000
-2.540000 -0.000000 0.000000
-2.540000 -0.000000 0.000000
0.000000 0.000000 -2.540000
0.000000 0.000000 -2.540000
0.000000 0.000000 -2.540000
0.000000 0.000000 -2.540000
0.000000 0.000000 -2.540000
0.000000 0.000000 -2.540000
0.000000 0.000000 -2.540000
0.000000 0.000000 -2.540000
0.000000 0.000000 -2.540000
0.000000 0.000000 -2.540000
0.000000 0.000000 -2.540000
0.000000 0.000000 -2.540000
0.000000 0.000000 -2.540000
0.000000 0.000000 -2.540000
0.000000 0.000000 -2.540000
0.000000 0.000000 -2.540000
0.000000 0.000000 -2.540000
0.000000 0.000000 -2.540000
0.000000 0.000000 -2.540000
0.000000 0.000000 -2.540000
0.000000 0.000000 -2.540000
0.000000 0.000000 -2.540000
0.000000 0.000000 -2.540000
0.000000 0.000000 -2.540000
0.000000 0.000000 -2.540000
0.000000 0.000000 -2.540000
0.000000 0.000000 -2.540000
0.000000 0.000000 -2.540000
0.000000 0.000000 -2.540000
0.000000 0.000000 -2.540000
0.000000 0.000000 -2.540000
0.000000 0.000000 -2.540000
0.000000 0.000000 -2.540000
0.000000 0.000000 -2.540000
0.000000 0.000000 -2.540000
0.000000 0.000000 -2.540000
0.000000 0.000000 -2.540000
0.000000 0.000000 -2.540000
0.000000 0.000000 -2.540000
0.000000 0.000000 -2.540000
0.000000 0.000000 -2.540000
0.000000 0.000000 -2.540000
0.000000 0.000000 -2.540000
0.000000 0.000000 -2.540000
0.000000 0.000000 -2.540000
0.000000 0.000000 -2.540000
0.000000 0.000000 -2.540000
0.000000 0.000000 -2.540000
0.000000 0.000000 -2.540000
0.000000 0.000000 -2.540000
0.000000 0.000000 -2.540000
0.000000 0.000000 -2.540000
0.000000 0.000000 -2.540000
0.000000 0.000000 -2.540000
0.000000 0.000000 -2.540000
0.000000 0.000000 -2.540000
0.000000 0.000000 -2.540000
0.000000 0.000000 -2.540000
0.000000 0.000000 -2.540000
0.000000 0.000000 -2.540000
0.000000 0.000000 -2.540000
0.000000 0.000000 -2.540000
0.000000 0.000000 -2.540000
0.000000 0.000000 -2.540000
0.000000 0.000000 -2.540000
0.000000 0.000000 -2.540000
0.000000 0.000000 -2.540000
0.000000 0.000000 -2.540000
0.000000 0.000000 -2.540000
0.000000 0.000000 -2.540000
0.000000 0.000000 -2.540000
0.000000 0.000000 -2.540000
0.000000 0.000000 -2.540000
0.000000 0.000000 -2.540000
0.000000 0.000000 -2.540000
0.000000 0.000000 -2.540000
0.000000 0.000000 -2.540000
0.000000 0.000000 -2.540000
0.000000 0.000000 -2.540000
0.000000 0.000000 -2.540000
0.000000 0.000000 -2.540000
0.000000 0.000000 -2.540000
0.000000 0.000000 -2.540000
0.000000 0.000000 -2.540000
0.000000 0.000000 -2.540000
0.000000 0.000000 -2.540000
0.000000 0.000000 -2.540000
0.000000 0.000000 -2.540000
0.000000 0.000000 -2.540000
0.000000 0.000000 -2.540000
0.000000 0.000000 -2.540000
0.000000 0.000000 -2.540000
0.000000 0.000000 -2.540000
0.000000 0.000000 -2.540000
0.000000 0.000000 -2.540000
0.000000 0.000000 -2.540000
0.000000 0.000000 -2.540000
0.000000 0.000000 -2.540000
0.000000 0.000000 -2.540000
0.000000 0.000000 -2.540000
0.000000 0.000000 -2.540000
0.000000 0.000000 -2.540000
0.000000 0.000000 -2.540000
0.000000 0.000000 -2.540000
0.000000 0.000000 -2.540000
0.000000 0.000000 -2.540000
0.000000 0.000000 -2.540000
0.000000 0.000000 -2.540000
0.000000 0.000000 -2.540000
0.000000 0.000000 -2.540000
0.000000 0.000000 -2.540000
0.000000 0.000000 -2.540000
0.000000 0.000000 -2.540000
0.000000 0.000000 -2.540000
0.000000 0.000000 -2.540000
0.000000 0.000000 -2.540000
0.000000 0.000000 -2.540000
0.000000 0.000000 -2.540000
0.000000 0.000000 -2.540000
0.000000 0.000000 -2.540000
0.000000 0.000000 -2.540000
0.000000 0.000000 -2.540000
0.000000 0.000000 -2.540000
0.000000 0.000000 -2.540000
0.000000 0.000000 -2.540000
0.000000 0.000000 -2.540000
0.000000 0.000000 -2.540000
0.000000 0.000000 -2.540000
0.000000 0.000000 -2.540000
0.000000 0.000000 -2.540000
0.000000 0.000000 -2.540000
0.000000 0.000000 -2.540000
0.000000 0.000000 -2.540000
0.000000 0.000000 -2.540000
0.000000 0.000000 -2.540000
0.000000 0.000000 -2.540000
0.000000 0.000000 -2.540000
0.000000 0.000000 -2.540000
0.000000 0.000000 -2.540000
0.000000 0.000000 -2.540000
0.000000 0.000000 -2.540000
0.000000 0.000000 -2.540000
0.000000 0.000000 -2.540000
0.000000 0.000000 -2.540000
0.000000 0.000000 -2.540000
0.000000 0.000000 -2.540000
0.000000 0.000000 -2.540000
0.000000 0.000000 -2.540000
0.000000 0.000000 -2.540000
0.000000 0.000000 -2.540000
0.000000 0.000000 -2.540000
0.000000 0.000000 -2.540000
0.000000 0.000000 -2.540000
0.000000 0.000000 -2.540000
0.000000 0.000000 -2.540000
0.000000 0.000000 -2.540000
0.000000 0.000000 -2.540000
0.000000 0.000000 -2.540000
0.000000 0.000000 -2.540000
0.000000 0.000000 -2.540000
0.000000 0.000000 -2.540000
0.000000 0.000000 -2.540000
0.000000 0.000000 -2.540000
0.000000 0.000000 -2.540000
0.000000 0.000000 -2.540000
0.000000 0.000000 -2.540000
0.000000 0.000000 -2.540000
0.000000 0.000000 -2.540000
0.000000 0.000000 -2.540000
0.000000 0.000000 -2.540000
0.000000 0.000000 -2.540000
0.000000 0.000000 -2.540000
0.000000 0.000000 -2.540000
0.000000 0.000000 -2.540000
0.000000 0.000000 -2.540000
0.000000 0.000000 -2.540000
0.000000 0.000000 -2.540000
0.000000 0.000000 -2.540000
0.000000 0.000000 -2.540000
0.000000 0.000000 -2.540000
0.000000 0.000000 -2.540000
0.000000 0.000000 -2.540000
0.000000 0.000000 -2.540000
0.000000 0.000000 -2.540000
0.000000 0.000000 -2.540000
0.000000 0.000000 -2.540000
0.000000 0.000000 -2.540000
0.000000 0.000000 -2.540000
0.000000 0.000000 -2.540000
0.000000 0.000000 -2.540000
0.000000 0.000000 -2.540000
0.000000 0.000000 -2.540000
0.000000 0.000000 -2.540000
0.000000 0.000000 -2.540000
0.000000 0.000000 -2.540000
0.000000 0.000000 -2.540000
0.000000 0.000000 -2.540000
0.000000 0.000000 -2.540000
0.000000 0.000000 -2.540000
0.000000 0.000000 -2.540000
0.000000 0.000000 -2.540000
0.000000 0.000000 -2.540000
0.000000 0.000000 -2.540000
0.000000 0.000000 -2.540000
0.000000 0.000000 -2.540000
0.000000 0.000000 -2.540000
0.000000 0.000000 -2.540000
0.000000 0.000000 -2.540000
0.000000 0.000000 -2.540000
0.000000 0.000000 -2.540000
0.000000 0.000000 -2.540000
0.000000 0.000000 -2.540000
0.000000 0.000000 -2.540000
0.000000 0.000000 -2.540000
0.000000 0.000000 -2.540000
0.000000 0.000000 -2.540000
0.000000 0.000000 -2.540000
0.000000 0.000000 -2.540000
0.000000 0.000000 -2.540000
0.000000 0.000000 -2.540000
0.000000 0.000000 -2.540000
0.000000 0.000000 -2.540000
0.000000 0.000000 -2.540000
0.000000 0.000000 -2.540000
0.000000 0.000000 -2.540000
0.000000 0.000000 -2.540000
0.000000 0.000000 -2.540000
0.000000 0.000000 -2.540000
0.000000 0.000000 -2.540000
0.000000 0.000000 -2.540000
0.000000 0.000000 -2.540000
0.000000 0.000000 -2.540000
0.000000 0.000000 -2.540000
0.000000 0.000000 -2.540000
0.000000 0.000000 -2.540000
0.000000 0.000000 -2.540000
0.000000 0.000000 -2.540000
0.000000 0.000000 -2.540000
0.000000 0.000000 -2.540000
0.000000 0.000000 -2.540000
0.000000 0.000000 -2.540000
0.000000 0.000000 -2.540000
0.000000 0.000000 -2.540000
0.000000 0.000000 -2.540000
0.000000 0.000000 -2.540000
0.000000 0.000000 -2.540000
0.000000 0.000000 2.540000
0.000000 0.000000 2.540000
0.000000 0.000000 2.540000
0.000000 0.000000 2.540000
0.000000 0.000000 2.540000
0.000000 0.000000 2.540000
0.000000 0.000000 2.540000
0.000000 0.000000 2.540000
0.000000 0.000000 2.540000
0.000000 0.000000 2.540000
0.000000 0.000000 2.540000
0.000000 0.000000 2.540000
0.000000 0.000000 2.540000
0.000000 0.000000 2.540000
0.000000 0.000000 2.540000
0.000000 0.000000 2.540000
0.000000 0.000000 2.540000
0.000000 0.000000 2.540000
0.000000 0.000000 2.540000
0.000000 0.000000 2.540000
0.000000 0.000000 2.540000
0.000000 0.000000 2.540000
0.000000 0.000000 2.540000
0.000000 0.000000 2.540000
0.000000 0.000000 2.540000
0.000000 0.000000 2.540000
0.000000 0.000000 2.540000
0.000000 0.000000 2.540000
0.000000 0.000000 2.540000
0.000000 0.000000 2.540000
-2.540000 0.000000 0.000000
-2.540000 0.000000 0.000000
-2.540000 0.000000 0.000000
-2.540000 0.000000 0.000000
-2.540000 0.000000 0.000000
-2.540000 0.000000 0.000000
-2.540000 0.000000 0.000000
-2.540000 0.000000 0.000000
-2.540000 -0.000000 0.000000
-2.540000 -0.000000 0.000000
-2.540000 0.000000 0.000000
-2.540000 -0.000000 0.000000
0.000000 0.000000 -2.540000
0.000000 0.000000 -2.540000
0.000000 0.000000 -2.540000
0.000000 0.000000 -2.540000
0.000000 0.000000 -2.540000
0.000000 0.000000 -2.540000
0.000000 0.000000 -2.540000
0.000000 0.000000 -2.540000
0.000000 0.000000 -2.540000
0.000000 0.000000 -2.540000
0.000000 0.000000 -2.540000
0.000000 0.000000 -2.540000
0.000000 0.000000 -2.540000
0.000000 0.000000 -2.540000
0.000000 0.000000 -2.540000
0.000000 0.000000 -2.540000
0.000000 0.000000 -2.540000
0.000000 0.000000 -2.540000
0.000000 0.000000 -2.540000
0.000000 0.000000 -2.540000
0.000000 0.000000 -2.540000
0.000000 0.000000 -2.540000
0.000000 0.000000 -2.540000
0.000000 0.000000 -2.540000
0.000000 0.000000 -2.540000
0.000000 0.000000 -2.540000
0.000000 0.000000 -2.540000
0.000000 0.000000 -2.540000
0.000000 0.000000 -2.540000
0.000000 0.000000 -2.540000
2.540000 0.000000 0.000000
2.540000 0.000000 0.000000
2.540000 0.000000 0.000000
2.540000 0.000000 0.000000
2.540000 0.000000 0.000000
2.540000 0.000000 0.000000
2.540000 0.000000 0.000000
2.540000 0.000000 0.000000
2.540000 0.000000 0.000000
2.540000 0.000000 0.000000
2.540000 0.000000 0.000000
2.540000 0.000000 0.000000
2.540000 0.000000 0.000000
2.463270 -0.619597 0.000000
2.540000 0.000000 0.000000
2.540000 0.000000 0.000000
2.463270 -0.619597 0.000000
2.463270 -0.619597 0.000000
2.463270 -0.619597 0.000000
2.463270 -0.619597 0.000000
2.237716 -1.201761 0.000000
2.463270 -0.619597 0.000000
2.237716 -1.201761 0.000000
2.237716 -1.201761 0.000000
2.237716 -1.201761 0.000000
2.237716 -1.201761 0.000000
1.876965 -1.711316 0.000000
2.237716 -1.201761 0.000000
1.876965 -1.711316 0.000000
1.876965 -1.711316 0.000000
1.876965 -1.711316 0.000000
1.876965 -1.711316 0.000000
1.402812 -2.117479 0.000000
1.876965 -1.711316 0.000000
1.402812 -2.117479 0.000000
1.402812 -2.117479 0.000000
1.402812 -2.117479 0.000000
1.402812 -2.117479 0.000000
1.286076 -2.190344 0.000000
1.402812 -2.117479 0.000000
1.286076 -2.190344 0.000000
0.843906 -2.395709 0.000000
0.843906 -2.395709 0.000000
1.286076 -2.190344 0.000000
0.795511 -2.412211 0.000000
0.843906 -2.395709 0.000000
0.795511 -2.412211 0.000000
0.234013 -2.529197 0.000000
0.234013 -2.529197 0.000000
0.795511 -2.412211 0.000000
0.269202 -2.525694 0.000000
0.234013 -2.529197 0.000000
0.269202 -2.525694 0.000000
-0.269202 -2.525694 0.000000
1.286076 -2.190344 0.000000
1.402812 -2.117479 0.000000
1.286076 -2.190344 0.000000
1.286076 -2.190344 0.000000
1.402812 -2.117479 0.000000
0.843906 -2.395709 0.000000
1.286076 -2.190344 0.000000
0.843906 -2.395709 0.000000
0.795511 -2.412211 0.000000
0.795511 -2.412211 0.000000
0.843906 -2.395709 0.000000
0.234013 -2.529197 0.000000
0.795511 -2.412211 0.000000
0.234013 -2.529197 0.000000
0.269202 -2.525694 0.000000
0.269202 -2.525694 0.000000
0.234013 -2.529197 0.000000
-0.269202 -2.525694 0.000000
-0.269202 -2.525694 0.000000
0.234013 -2.529197 0.000000
-0.390019 -2.509878 0.000000
-0.269202 -2.525694 0.000000
-0.390019 -2.509878 0.000000
-0.795511 -2.412211 0.000000
-0.795511 -2.412211 0.000000
-0.390019 -2.509878 0.000000
-0.990486 -2.338918 0.000000
-0.795511 -2.412211 0.000000
-0.990486 -2.338918 0.000000
-1.286076 -2.190344 0.000000
-1.286076 -2.190344 0.000000
-0.990486 -2.338918 0.000000
-1.531111 -2.026647 0.000000
-1.286076 -2.190344 0.000000
-1.531111 -2.026647 0.000000
-1.286076 -2.190344 0.000000
-1.286076 -2.190344 0.000000
-1.531111 -2.026647 0.000000
-1.531111 -2.026647 0.000000
-1.286076 -2.190344 0.000000
-1.531111 -2.026647 0.000000
-0.990486 -2.338918 0.000000
-1.531111 -2.026647 0.000000
-1.979231 -1.591932 0.000000
-1.531111 -2.026647 0.000000
-1.531111 -2.026647 0.000000
-1.979231 -1.591932 0.000000
-1.979231 -1.591932 0.000000
-1.979231 -1.591932 0.000000
-1.979231 -1.591932 0.000000
-2.307770 -1.061036 0.000000
-1.979231 -1.591932 0.000000
-2.307770 -1.061036 0.000000
-2.307770 -1.061036 0.000000
-2.307770 -1.061036 0.000000
-2.307770 -1.061036 0.000000
-2.496880 -0.466035 0.000000
-2.307770 -1.061036 0.000000
-2.496880 -0.466035 0.000000
-2.496880 -0.466035 0.000000
-2.496880 -0.466035 0.000000
-2.496880 -0.466035 0.000000
-2.535136 0.157122 0.000000
-2.496880 -0.466035 0.000000
-2.535136 0.157122 0.000000
-2.535136 0.157122 0.000000
-2.535136 0.157122 0.000000
-2.535136 0.157122 0.000000
-2.420225 0.770786 0.000000
-2.535136 0.157122 0.000000
-2.420225 0.770786 0.000000
-2.420225 0.770786 0.000000
-2.420225 0.770786 0.000000
-2.420225 0.770786 0.000000
-2.159091 1.337882 0.000000
-2.420225 0.770786 0.000000
-2.159091 1.337882 0.000000
-2.159091 1.337882 0.000000
-2.159091 1.337882 0.000000
-2.159091 1.337882 0.000000
-1.767510 1.824146 0.000000
-2.159091 1.337882 0.000000
-1.767510 1.824146 0.000000
-1.767510 1.824146 0.000000
-1.767510 1.824146 0.000000
-1.767510 1.824146 0.000000
-1.269141 2.200201 0.000000
-1.767510 1.824146 0.000000
-1.269141 2.200201 0.000000
-1.269141 2.200201 0.000000
-1.269141 2.200201 0.000000
-1.269141 2.200201 0.000000
-0.694093 2.443324 0.000000
-1.269141 2.200201 0.000000
-0.694093 2.443324 0.000000
-0.694093 2.443324 0.000000
-0.694093 2.443324 0.000000
-0.694093 2.443324 0.000000
-0.077111 2.538829 0.000000
-0.694093 2.443324 0.000000
-0.077111 2.538829 0.000000
-0.077111 2.538829 0.000000
-0.077111 2.538829 0.000000
-0.077111 2.538829 0.000000
0.544530 2.480945 0.000000
-0.077111 2.538829 0.000000
0.544530 2.480945 0.000000
0.544530 2.480945 0.000000
0.544530 2.480945 0.000000
0.544530 2.480945 0.000000
1.133272 2.273168 0.000000
0.544530 2.480945 0.000000
1.133272 2.273168 0.000000
1.133272 2.273168 0.000000
1.133272 2.273168 0.000000
1.133272 2.273168 0.000000
1.653545 1.928053 0.000000
1.133272 2.273168 0.000000
1.653545 1.928053 0.000000
1.653545 1.928053 0.000000
-1.286076 -2.190344 0.000000
-0.990486 -2.338918 0.000000
-0.795511 -2.412211 0.000000
-0.795511 -2.412211 0.000000
-0.990486 -2.338918 0.000000
-0.390019 -2.509878 0.000000
-0.795511 -2.412211 0.000000
-0.390019 -2.509878 0.000000
-0.269202 -2.525694 0.000000
-0.269202 -2.525694 0.000000
-0.390019 -2.509878 0.000000
0.234013 -2.529197 0.000000
1.004014 2.333143 0.000000
1.004014 2.333143 0.000000
1.515365 2.038447 0.000000
1.515365 2.038447 0.000000
1.004014 2.333143 0.000000
1.515365 2.038447 0.000000
1.515365 2.038447 0.000000
1.515365 2.038447 0.000000
1.944901 1.633695 0.000000
1.944901 1.633695 0.000000
1.515365 2.038447 0.000000
1.944901 1.633695 0.000000
1.944901 1.633695 0.000000
1.944901 1.633695 0.000000
2.269430 1.140739 0.000000
2.269430 1.140739 0.000000
1.944901 1.633695 0.000000
2.269430 1.140739 0.000000
2.269430 1.140739 0.000000
2.269430 1.140739 0.000000
2.471432 0.586194 0.000000
2.471432 0.586194 0.000000
2.269430 1.140739 0.000000
2.471432 0.586194 0.000000
2.471432 0.586194 0.000000
2.471432 0.586194 0.000000
2.540000 0.000000 0.000000
2.540000 0.000000 0.000000
2.471432 0.586194 0.000000
2.540000 0.000000 0.000000
-2.460300 -0.631288 0.000000
-2.460300 -0.631288 0.000000
-2.253572 -1.171756 0.000000
-2.253572 -1.171756 0.000000
-2.460300 -0.631288 0.000000
-2.253572 -1.171756 0.000000
-2.253572 -1.171756 0.000000
-2.253572 -1.171756 0.000000
-1.929882 -1.651410 0.000000
-1.929882 -1.651410 0.000000
-2.253572 -1.171756 0.000000
-1.929882 -1.651410 0.000000
-1.929882 -1.651410 0.000000
-1.929882 -1.651410 0.000000
-1.506030 -2.045354 0.000000
-1.506030 -2.045354 0.000000
-1.929882 -1.651410 0.000000
-1.506030 -2.045354 0.000000
-1.506030 -2.045354 0.000000
-1.506030 -2.045354 0.000000
-1.004014 -2.333143 0.000000
-1.004014 -2.333143 0.000000
-1.506030 -2.045354 0.000000
-1.004014 -2.333143 0.000000
-2.333143 1.004014 0.000000
-2.333143 1.004014 0.000000
-2.333143 1.004014 0.000000
-2.333143 1.004014 0.000000
-2.333143 1.004014 0.000000
-2.333143 1.004014 0.000000
0.000000 0.000000 -2.540000
0.000000 0.000000 -2.540000
0.000000 0.000000 -2.540000
0.000000 0.000000 -2.540000
0.000000 0.000000 -2.540000
0.000000 0.000000 -2.540000
0.000000 0.000000 -2.540000
0.000000 0.000000 -2.540000
0.000000 0.000000 -2.540000
0.000000 0.000000 -2.540000
0.000000 0.000000 -2.540000
0.000000 0.000000 -2.540000
0.000000 0.000000 -2.540000
0.000000 0.000000 -2.540000
0.000000 0.000000 -2.540000
0.000000 0.000000 -2.540000
0.000000 0.000000 -2.540000
0.000000 0.000000 -2.540000
0.000000 0.000000 -2.540000
0.000000 0.000000 -2.540000
0.000000 0.000000 -2.540000
0.000000 0.000000 -2.540000
0.000000 0.000000 -2.540000
0.000000 0.000000 -2.540000
0.000000 0.000000 -2.540000
0.000000 0.000000 -2.540000
0.000000 0.000000 -2.540000
0.000000 0.000000 -2.540000
0.000000 0.000000 -2.540000
0.000000 0.000000 -2.540000
0.000000 0.000000 -2.540000
0.000000 0.000000 -2.540000
0.000000 0.000000 -2.540000
0.000000 0.000000 -2.540000
0.000000 0.000000 -2.540000
0.000000 0.000000 -2.540000
0.000000 0.000000 -2.540000
0.000000 0.000000 -2.540000
0.000000 0.000000 -2.540000
0.000000 0.000000 -2.540000
0.000000 0.000000 -2.540000
0.000000 0.000000 -2.540000
0.000000 0.000000 -2.540000
0.000000 0.000000 -2.540000
0.000000 0.000000 -2.540000
0.000000 0.000000 -2.540000
0.000000 0.000000 -2.540000
0.000000 0.000000 -2.540000
0.000000 0.000000 -2.540000
0.000000 0.000000 -2.540000
0.000000 0.000000 -2.540000
0.000000 0.000000 -2.540000
0.000000 0.000000 -2.540000
0.000000 0.000000 -2.540000
0.000000 0.000000 -2.540000
0.000000 0.000000 -2.540000
0.000000 0.000000 -2.540000
0.000000 0.000000 -2.540000
0.000000 0.000000 -2.540000
0.000000 0.000000 -2.540000
0.000000 0.000000 -2.540000
0.000000 0.000000 -2.540000
0.000000 0.000000 -2.540000
0.000000 0.000000 -2.540000
0.000000 0.000000 -2.540000
0.000000 0.000000 -2.540000
0.000000 0.000000 -2.540000
0.000000 0.000000 -2.540000
0.000000 0.000000 -2.540000
0.000000 0.000000 -2.540000
0.000000 0.000000 -2.540000
0.000000 0.000000 -2.540000
0.000000 0.000000 -2.540000
0.000000 0.000000 -2.540000
0.000000 0.000000 -2.540000
0.000000 0.000000 -2.540000
0.000000 0.000000 -2.540000
0.000000 0.000000 -2.540000
0.000000 0.000000 -2.540000
0.000000 0.000000 -2.540000
0.000000 0.000000 -2.540000
0.000000 0.000000 -2.540000
0.000000 0.000000 -2.540000
0.000000 0.000000 -2.540000
0.000000 0.000000 -2.540000
0.000000 0.000000 -2.540000
0.000000 0.000000 -2.540000
0.000000 0.000000 -2.540000
0.000000 0.000000 -2.540000
0.000000 0.000000 -2.540000
0.000000 0.000000 -2.540000
0.000000 0.000000 -2.540000
0.000000 0.000000 -2.540000
0.000000 0.000000 -2.540000
0.000000 0.000000 -2.540000
0.000000 0.000000 -2.540000
0.000000 0.000000 -2.540000
0.000000 0.000000 -2.540000
0.000000 0.000000 -2.540000
0.000000 0.000000 -2.540000
0.000000 0.000000 -2.540000
0.000000 0.000000 -2.540000
0.000000 0.000000 -2.540000
0.000000 0.000000 -2.540000
0.000000 0.000000 -2.540000
0.000000 0.000000 -2.540000
0.000000 0.000000 -2.540000
0.000000 0.000000 -2.540000
0.000000 0.000000 -2.540000
0.000000 0.000000 -2.540000
0.000000 0.000000 -2.540000
0.000000 0.000000 -2.540000
0.000000 0.000000 -2.540000
0.000000 0.000000 -2.540000
0.000000 0.000000 -2.540000
0.000000 0.000000 -2.540000
0.000000 0.000000 -2.540000
0.000000 0.000000 -2.540000
0.000000 0.000000 -2.540000
0.000000 0.000000 -2.540000
0.000000 0.000000 -2.540000
0.000000 0.000000 -2.540000
0.000000 0.000000 -2.540000
0.000000 0.000000 -2.540000
0.000000 0.000000 -2.540000
0.000000 0.000000 -2.540000
0.000000 0.000000 -2.540000
0.000000 0.000000 -2.540000
0.000000 0.000000 -2.540000
0.000000 0.000000 -2.540000
0.000000 0.000000 -2.540000
0.000000 0.000000 -2.540000
0.000000 0.000000 -2.540000
0.000000 0.000000 -2.540000
0.000000 0.000000 -2.540000
0.000000 0.000000 -2.540000
0.000000 0.000000 -2.540000
0.000000 0.000000 -2.540000
0.000000 0.000000 -2.540000
0.000000 0.000000 -2.540000
0.000000 0.000000 -2.540000
0.000000 0.000000 -2.540000
0.000000 0.000000 -2.540000
0.000000 0.000000 -2.540000
0.000000 0.000000 -2.540000
0.000000 0.000000 -2.540000
0.000000 0.000000 -2.540000
0.000000 0.000000 -2.540000
0.000000 0.000000 -2.540000
0.000000 0.000000 -2.540000
0.000000 0.000000 -2.540000
0.000000 0.000000 -2.540000
0.000000 0.000000 -2.540000
0.000000 0.000000 -2.540000
0.000000 0.000000 -2.540000
0.000000 0.000000 -2.540000
0.000000 0.000000 -2.540000
0.000000 0.000000 -2.540000
0.000000 0.000000 -2.540000
0.000000 0.000000 -2.540000
0.000000 0.000000 -2.540000
0.000000 0.000000 -2.540000
0.000000 0.000000 -2.540000
0.000000 0.000000 -2.540000
0.000000 0.000000 -2.540000
0.000000 0.000000 -2.540000
0.000000 0.000000 -2.540000
0.000000 0.000000 -2.540000
0.000000 0.000000 -2.540000
0.000000 0.000000 -2.540000
0.000000 0.000000 -2.540000
0.000000 0.000000 -2.540000
0.000000 0.000000 -2.540000
0.000000 0.000000 -2.540000
0.000000 0.000000 2.540000
0.000000 0.000000 2.540000
0.000000 0.000000 2.540000
0.000000 0.000000 2.540000
0.000000 0.000000 2.540000
0.000000 0.000000 2.540000
0.000000 0.000000 2.540000
0.000000 0.000000 2.540000
0.000000 0.000000 2.540000
0.000000 0.000000 2.540000
0.000000 0.000000 2.540000
0.000000 0.000000 2.540000
0.000000 0.000000 2.540000
0.000000 0.000000 2.540000
0.000000 0.000000 2.540000
0.000000 0.000000 2.540000
0.000000 0.000000 2.540000
0.000000 0.000000 2.540000
0.000000 0.000000 2.540000
0.000000 0.000000 2.540000
0.000000 0.000000 2.540000
0.000000 0.000000 2.540000
0.000000 0.000000 2.540000
0.000000 0.000000 2.540000
0.000000 0.000000 2.540000
0.000000 0.000000 2.540000
0.000000 0.000000 2.540000
0.000000 0.000000 2.540000
0.000000 0.000000 2.540000
0.000000 0.000000 2.540000
0.000000 0.000000 2.540000
0.000000 0.000000 2.540000
0.000000 0.000000 2.540000
0.000000 0.000000 2.540000
0.000000 0.000000 2.540000
0.000000 0.000000 2.540000
0.000000 0.000000 2.540000
0.000000 0.000000 2.540000
0.000000 0.000000 2.540000
0.000000 0.000000 2.540000
0.000000 0.000000 2.540000
0.000000 0.000000 2.540000
0.000000 0.000000 2.540000
0.000000 0.000000 2.540000
0.000000 0.000000 2.540000
0.000000 0.000000 2.540000
0.000000 0.000000 2.540000
0.000000 0.000000 2.540000
0.000000 0.000000 2.540000
0.000000 0.000000 2.540000
0.000000 0.000000 2.540000
0.000000 0.000000 2.540000
0.000000 0.000000 2.540000
0.000000 0.000000 2.540000
0.000000 0.000000 2.540000
0.000000 0.000000 2.540000
0.000000 0.000000 2.540000
0.000000 0.000000 2.540000
0.000000 0.000000 2.540000
0.000000 0.000000 2.540000
0.000000 0.000000 2.540000
0.000000 0.000000 2.540000
0.000000 0.000000 2.540000
0.000000 0.000000 2.540000
0.000000 0.000000 2.540000
0.000000 0.000000 2.540000
0.000000 0.000000 2.540000
0.000000 0.000000 2.540000
0.000000 0.000000 2.540000
0.000000 0.000000 2.540000
0.000000 0.000000 2.540000
0.000000 0.000000 2.540000
0.000000 0.000000 2.540000
0.000000 0.000000 2.540000
0.000000 0.000000 2.540000
0.000000 0.000000 2.540000
0.000000 0.000000 2.540000
0.000000 0.000000 2.540000
0.000000 0.000000 2.540000
0.000000 0.000000 2.540000
0.000000 0.000000 2.540000
0.000000 0.000000 2.540000
0.000000 0.000000 2.540000
0.000000 0.000000 2.540000
0.000000 0.000000 2.540000
0.000000 0.000000 2.540000
0.000000 0.000000 2.540000
0.000000 0.000000 2.540000
0.000000 0.000000 2.540000
0.000000 0.000000 2.540000
0.000000 0.000000 2.540000
0.000000 0.000000 2.540000
0.000000 0.000000 2.540000
0.000000 0.000000 2.540000
0.000000 0.000000 2.540000
0.000000 0.000000 2.540000
0.000000 0.000000 2.540000
0.000000 0.000000 2.540000
0.000000 0.000000 2.540000
0.000000 0.000000 2.540000
0.000000 0.000000 2.540000
0.000000 0.000000 2.540000
0.000000 0.000000 2.540000
0.000000 0.000000 2.540000
0.000000 0.000000 2.540000
0.000000 0.000000 2.540000
0.000000 0.000000 2.540000
0.000000 0.000000 2.540000
0.000000 0.000000 2.540000
0.000000 0.000000 2.540000
0.000000 0.000000 2.540000
0.000000 0.000000 2.540000
0.000000 0.000000 2.540000
0.000000 0.000000 2.540000
0.000000 0.000000 2.540000
0.000000 0.000000 2.540000
0.000000 0.000000 2.540000
0.000000 0.000000 2.540000
0.000000 0.000000 2.540000
0.000000 0.000000 2.540000
0.000000 0.000000 2.540000
0.000000 0.000000 2.540000
0.000000 0.000000 2.540000
0.000000 0.000000 2.540000
0.000000 0.000000 2.540000
0.000000 0.000000 2.540000
0.000000 0.000000 2.540000
0.000000 0.000000 2.540000
0.000000 0.000000 2.540000
0.000000 0.000000 2.540000
0.000000 0.000000 2.540000
0.000000 0.000000 2.540000
0.000000 0.000000 2.540000
0.000000 0.000000 2.540000
0.000000 0.000000 2.540000
0.000000 0.000000 2.540000
0.000000 0.000000 2.540000
0.000000 0.000000 2.540000
0.000000 0.000000 2.540000
0.000000 0.000000 2.540000
0.000000 0.000000 2.540000
0.000000 0.000000 2.540000
0.000000 0.000000 2.540000
0.000000 0.000000 2.540000
0.000000 0.000000 2.540000
0.000000 0.000000 2.540000
0.000000 0.000000 2.540000
0.000000 0.000000 2.540000
0.000000 0.000000 2.540000
0.000000 0.000000 2.540000
0.000000 0.000000 2.540000
0.000000 0.000000 2.540000
0.000000 0.000000 2.540000
0.000000 0.000000 2.540000
0.000000 0.000000 2.540000
0.000000 0.000000 2.540000
0.000000 0.000000 2.540000
0.000000 0.000000 2.540000
0.000000 0.000000 2.540000
0.000000 0.000000 2.540000
0.000000 0.000000 2.540000
0.000000 0.000000 2.540000
0.000000 0.000000 2.540000
0.000000 0.000000 2.540000
0.000000 0.000000 2.540000
0.000000 0.000000 2.540000
0.000000 0.000000 2.540000
0.000000 0.000000 2.540000
0.000000 0.000000 2.540000
0.000000 0.000000 2.540000
0.000000 0.000000 2.540000
0.000000 0.000000 2.540000
0.000000 0.000000 2.540000
0.000000 0.000000 2.540000
0.000000 0.000000 2.540000
0.000000 0.000000 2.540000
0.000000 0.000000 2.540000
0.000000 0.000000 2.540000
0.000000 0.000000 2.540000
0.000000 0.000000 2.540000
0.000000 0.000000 2.540000
0.000000 0.000000 2.540000
0.000000 0.000000 2.540000
0.000000 0.000000 2.540000
0.000000 0.000000 2.540000
0.000000 0.000000 2.540000
0.000000 0.000000 2.540000
0.000000 0.000000 2.540000
0.000000 0.000000 2.540000
0.000000 0.000000 2.540000
0.000000 0.000000 2.540000
0.000000 0.000000 2.540000
0.000000 0.000000 2.540000
0.000000 0.000000 2.540000
0.000000 0.000000 2.540000
0.000000 0.000000 2.540000
0.000000 0.000000 2.540000
0.000000 0.000000 2.540000
0.000000 0.000000 2.540000
0.000000 0.000000 2.540000
0.000000 0.000000 2.540000
0.000000 0.000000 2.540000
0.000000 0.000000 2.540000
0.000000 0.000000 2.540000
0.000000 0.000000 2.540000
0.000000 0.000000 2.540000
0.000000 0.000000 2.540000
0.000000 0.000000 2.540000
0.000000 0.000000 2.540000
0.000000 0.000000 2.540000
0.000000 0.000000 2.540000
0.000000 0.000000 2.540000
0.000000 0.000000 2.540000
0.000000 0.000000 2.540000
0.000000 0.000000 2.540000
0.000000 0.000000 2.540000
0.000000 0.000000 2.540000
0.000000 0.000000 2.540000
0.000000 0.000000 2.540000
0.000000 0.000000 2.540000
0.000000 0.000000 2.540000
0.000000 0.000000 2.540000
0.000000 0.000000 2.540000
0.000000 0.000000 2.540000
0.000000 0.000000 2.540000
0.000000 0.000000 2.540000
0.000000 0.000000 2.540000
0.000000 0.000000 2.540000
0.000000 0.000000 2.540000
0.000000 0.000000 2.540000
0.000000 0.000000 2.540000
0.000000 0.000000 2.540000
0.000000 0.000000 2.540000
0.000000 0.000000 2.540000
0.000000 0.000000 2.540000
0.000000 0.000000 2.540000
0.000000 0.000000 2.540000
0.000000 0.000000 2.540000
0.000000 0.000000 2.540000
0.000000 0.000000 2.540000
0.000000 0.000000 2.540000
0.000000 0.000000 2.540000
0.000000 0.000000 2.540000
0.000000 0.000000 2.540000
0.000000 0.000000 2.540000
0.000000 0.000000 2.540000
0.000000 0.000000 2.540000
0.000000 0.000000 2.540000
0.000000 0.000000 2.540000
0.000000 0.000000 2.540000
0.000000 0.000000 2.540000
0.000000 0.000000 2.540000
0.000000 0.000000 2.540000
0.000000 0.000000 2.540000
0.000000 0.000000 2.540000
0.000000 0.000000 2.540000
0.000000 0.000000 2.540000
0.000000 0.000000 2.540000
0.000000 0.000000 2.540000
0.000000 0.000000 2.540000
0.000000 0.000000 2.540000
0.000000 0.000000 2.540000
0.000000 0.000000 2.540000
0.000000 0.000000 2.540000
0.000000 0.000000 2.540000
0.000000 0.000000 2.540000
0.000000 0.000000 2.540000
0.000000 0.000000 2.540000
0.000000 0.000000 2.540000
0.000000 0.000000 2.540000
0.000000 0.000000 2.540000
0.000000 0.000000 2.540000
0.000000 0.000000 2.540000
0.000000 0.000000 2.540000
0.000000 0.000000 2.540000
0.000000 0.000000 2.540000
0.000000 0.000000 2.540000
0.000000 0.000000 2.540000
0.000000 0.000000 2.540000
0.000000 0.000000 2.540000
0.000000 0.000000 2.540000
0.000000 0.000000 2.540000
0.000000 0.000000 2.540000
0.000000 0.000000 2.540000
0.000000 0.000000 2.540000
0.000000 0.000000 2.540000
0.000000 0.000000 2.540000
0.000000 0.000000 2.540000
0.000000 0.000000 2.540000
0.000000 0.000000 2.540000
0.000000 0.000000 2.540000
0.000000 0.000000 2.540000
0.000000 0.000000 2.540000
0.000000 0.000000 2.540000
0.000000 0.000000 2.540000
0.000000 0.000000 2.540000
0.000000 0.000000 2.540000
0.000000 0.000000 2.540000
0.000000 0.000000 2.540000
0.000000 0.000000 2.540000
0.000000 0.000000 2.540000
0.000000 0.000000 2.540000
0.000000 0.000000 2.540000
0.000000 0.000000 2.540000
0.000000 0.000000 2.540000
0.000000 0.000000 2.540000
0.000000 0.000000 2.540000
0.000000 0.000000 2.540000
0.000000 0.000000 2.540000
0.000000 0.000000 2.540000
0.000000 0.000000 2.540000
0.000000 0.000000 2.540000
0.000000 0.000000 2.540000
0.000000 0.000000 2.540000
0.000000 0.000000 2.540000
0.000000 0.000000 2.540000
0.000000 0.000000 2.540000
0.000000 0.000000 2.540000
0.000000 0.000000 2.540000
0.000000 0.000000 2.540000
0.000000 0.000000 2.540000
0.000000 0.000000 2.540000
0.000000 0.000000 2.540000
0.000000 0.000000 2.540000
0.000000 0.000000 2.540000
0.000000 0.000000 2.540000
0.000000 0.000000 2.540000
0.000000 0.000000 2.540000
0.000000 0.000000 2.540000
0.000000 0.000000 2.540000
2.540000 0.000000 0.000000
2.540000 0.000000 0.000000
2.466192 -0.607862 0.000000
2.466192 -0.607862 0.000000
2.540000 0.000000 0.000000
2.466192 -0.607862 0.000000
2.466192 -0.607862 0.000000
2.466192 -0.607862 0.000000
2.249058 -1.180397 0.000000
2.249058 -1.180397 0.000000
2.466192 -0.607862 0.000000
2.249058 -1.180397 0.000000
2.249058 -1.180397 0.000000
2.249058 -1.180397 0.000000
1.901217 -1.684332 0.000000
1.901217 -1.684332 0.000000
2.249058 -1.180397 0.000000
1.901217 -1.684332 0.000000
1.901217 -1.684332 0.000000
1.901217 -1.684332 0.000000
1.442884 -2.090379 0.000000
1.442884 -2.090379 0.000000
1.901217 -1.684332 0.000000
1.442884 -2.090379 0.000000
1.442884 -2.090379 0.000000
1.442884 -2.090379 0.000000
0.900696 -2.374941 0.000000
0.900696 -2.374941 0.000000
1.442884 -2.090379 0.000000
0.900696 -2.374941 0.000000
0.900696 -2.374941 0.000000
0.900696 -2.374941 0.000000
0.306163 -2.521481 0.000000
0.306163 -2.521481 0.000000
0.900696 -2.374941 0.000000
0.306163 -2.521481 0.000000
0.306163 -2.521481 0.000000
0.306163 -2.521481 0.000000
-0.306163 -2.521481 0.000000
-0.306163 -2.521481 0.000000
0.306163 -2.521481 0.000000
-0.306163 -2.521481 0.000000
-0.306163 -2.521481 0.000000
-0.306163 -2.521481 0.000000
-0.900696 -2.374941 0.000000
-0.900696 -2.374941 0.000000
-0.306163 -2.521481 0.000000
-0.900696 -2.374941 0.000000
-0.900696 -2.374941 0.000000
-0.900696 -2.374941 0.000000
-1.442884 -2.090379 0.000000
-1.442884 -2.090379 0.000000
-0.900696 -2.374941 0.000000
-1.442884 -2.090379 0.000000
-1.442884 -2.090379 0.000000
-1.442884 -2.090379 0.000000
-1.901217 -1.684332 0.000000
-1.901217 -1.684332 0.000000
-1.442884 -2.090379 0.000000
-1.901217 -1.684332 0.000000
-1.901217 -1.684332 0.000000
-1.901217 -1.684332 0.000000
-2.249058 -1.180397 0.000000
-2.249058 -1.180397 0.000000
-1.901217 -1.684332 0.000000
-2.249058 -1.180397 0.000000
-2.249058 -1.180397 0.000000
-2.249058 -1.180397 0.000000
-2.466192 -0.607862 0.000000
-2.466192 -0.607862 0.000000
-2.249058 -1.180397 0.000000
-2.466192 -0.607862 0.000000
-2.466192 -0.607862 0.000000
-2.466192 -0.607862 0.000000
-2.540000 0.000000 0.000000
-2.540000 0.000000 0.000000
-2.466192 -0.607862 0.000000
-2.540000 0.000000 0.000000
0.000000 0.000000 2.540000
0.000000 0.000000 2.540000
0.000000 0.000000 2.540000
0.000000 0.000000 2.540000
0.000000 0.000000 2.540000
0.000000 0.000000 2.540000
0.000000 0.000000 2.540000
0.000000 0.000000 2.540000
0.000000 0.000000 2.540000
0.000000 0.000000 2.540000
0.000000 0.000000 2.540000
0.000000 0.000000 2.540000
0.000000 0.000000 2.540000
0.000000 0.000000 2.540000
0.000000 0.000000 2.540000
0.000000 0.000000 2.540000
0.000000 0.000000 2.540000
0.000000 0.000000 2.540000
0.000000 0.000000 2.540000
0.000000 0.000000 2.540000
0.000000 0.000000 2.540000
0.000000 0.000000 2.540000
0.000000 0.000000 2.540000
0.000000 0.000000 2.540000
0.000000 0.000000 2.540000
0.000000 0.000000 2.540000
0.000000 0.000000 2.540000
0.000000 0.000000 2.540000
0.000000 0.000000 2.540000
0.000000 0.000000 2.540000
0.000000 0.000000 2.540000
0.000000 0.000000 2.540000
0.000000 0.000000 2.540000
0.000000 0.000000 2.540000
0.000000 0.000000 2.540000
0.000000 0.000000 2.540000
0.000000 0.000000 2.540000
0.000000 0.000000 2.540000
0.000000 0.000000 2.540000
0.000000 0.000000 2.540000
0.000000 0.000000 2.540000
0.000000 0.000000 2.540000
0.000000 0.000000 2.540000
0.000000 0.000000 2.540000
0.000000 0.000000 2.540000
0.000000 0.000000 2.540000
0.000000 0.000000 2.540000
0.000000 0.000000 2.540000
0.000000 0.000000 2.540000
0.000000 0.000000 2.540000
0.000000 0.000000 2.540000
0.000000 0.000000 2.540000
0.000000 0.000000 2.540000
0.000000 0.000000 2.540000
0.000000 0.000000 2.540000
0.000000 0.000000 2.540000
0.000000 0.000000 2.540000
0.000000 0.000000 2.540000
0.000000 0.000000 2.540000
0.000000 0.000000 2.540000
0.000000 0.000000 2.540000
0.000000 0.000000 2.540000
0.000000 0.000000 2.540000
0.000000 0.000000 2.540000
0.000000 0.000000 2.540000
0.000000 0.000000 2.540000
0.000000 0.000000 2.540000
0.000000 0.000000 2.540000
0.000000 0.000000 2.540000
0.000000 0.000000 2.540000
0.000000 0.000000 2.540000
0.000000 0.000000 2.540000
0.000000 0.000000 2.540000
0.000000 0.000000 2.540000
0.000000 0.000000 2.540000
0.000000 0.000000 2.540000
0.000000 0.000000 2.540000
0.000000 0.000000 2.540000
0.000000 0.000000 2.540000
0.000000 0.000000 2.540000
0.000000 0.000000 2.540000
0.000000 0.000000 2.540000
0.000000 0.000000 2.540000
0.000000 0.000000 2.540000
0.000000 0.000000 2.540000
0.000000 0.000000 2.540000
0.000000 0.000000 2.540000
0.000000 0.000000 2.540000
0.000000 0.000000 2.540000
0.000000 0.000000 2.540000
0.000000 0.000000 2.540000
0.000000 0.000000 2.540000
0.000000 0.000000 2.540000
0.000000 0.000000 2.540000
0.000000 0.000000 2.540000
0.000000 0.000000 2.540000
0.000000 0.000000 2.540000
0.000000 0.000000 2.540000
0.000000 0.000000 2.540000
0.000000 0.000000 2.540000
0.000000 0.000000 2.540000
0.000000 0.000000 2.540000
0.000000 0.000000 2.540000
0.000000 0.000000 2.540000
0.000000 0.000000 2.540000
0.000000 0.000000 2.540000
0.000000 0.000000 2.540000
0.000000 0.000000 2.540000
0.000000 0.000000 2.540000
0.000000 0.000000 2.540000
0.000000 0.000000 2.540000
0.000000 0.000000 2.540000
0.000000 0.000000 2.540000
0.000000 0.000000 2.540000
0.000000 0.000000 2.540000
0.000000 0.000000 2.540000
0.000000 0.000000 2.540000
0.000000 0.000000 2.540000
0.000000 0.000000 2.540000
0.000000 0.000000 2.540000
0.000000 0.000000 2.540000
0.000000 0.000000 2.540000
0.000000 0.000000 2.540000
0.000000 0.000000 2.540000
0.000000 0.000000 2.540000
0.000000 0.000000 2.540000
0.000000 0.000000 2.540000
0.000000 0.000000 2.540000
0.000000 0.000000 2.540000
0.000000 0.000000 2.540000
0.000000 0.000000 2.540000
0.000000 0.000000 2.540000
0.000000 0.000000 2.540000
0.000000 0.000000 2.540000
0.000000 0.000000 2.540000
0.000000 0.000000 2.540000
0.000000 0.000000 2.540000
0.000000 0.000000 2.540000
0.000000 0.000000 2.540000
0.000000 0.000000 2.540000
0.000000 0.000000 2.540000
0.000000 0.000000 2.540000
0.000000 0.000000 2.540000
0.000000 0.000000 2.540000
0.000000 0.000000 2.540000
0.000000 0.000000 2.540000
0.000000 0.000000 2.540000
0.000000 0.000000 2.540000
0.000000 0.000000 2.540000
0.000000 0.000000 2.540000
0.000000 0.000000 2.540000
0.000000 0.000000 2.540000
0.000000 0.000000 2.540000
0.000000 0.000000 2.540000
0.000000 0.000000 2.540000
0.000000 0.000000 2.540000
2.540000 0.000000 0.000000
2.540000 0.000000 0.000000
2.466192 -0.607862 0.000000
2.466192 -0.607862 0.000000
2.540000 0.000000 0.000000
2.466192 -0.607862 0.000000
2.466192 -0.607862 0.000000
2.466192 -0.607862 0.000000
2.249058 -1.180397 0.000000
2.249058 -1.180397 0.000000
2.466192 -0.607862 0.000000
2.249058 -1.180397 0.000000
2.249058 -1.180397 0.000000
2.249058 -1.180397 0.000000
1.901217 -1.684332 0.000000
1.901217 -1.684332 0.000000
2.249058 -1.180397 0.000000
1.901217 -1.684332 0.000000
1.901217 -1.684332 0.000000
1.901217 -1.684332 0.000000
1.442884 -2.090379 0.000000
1.442884 -2.090379 0.000000
1.901217 -1.684332 0.000000
1.442884 -2.090379 0.000000
1.442884 -2.090379 0.000000
1.442884 -2.090379 0.000000
0.900696 -2.374941 0.000000
0.900696 -2.374941 0.000000
1.442884 -2.090379 0.000000
0.900696 -2.374941 0.000000
0.900696 -2.374941 0.000000
0.900696 -2.374941 0.000000
0.306163 -2.521481 0.000000
0.306163 -2.521481 0.000000
0.900696 -2.374941 0.000000
0.306163 -2.521481 0.000000
0.306163 -2.521481 0.000000
0.306163 -2.521481 0.000000
-0.306163 -2.521481 0.000000
-0.306163 -2.521481 0.000000
0.306163 -2.521481 0.000000
-0.306163 -2.521481 0.000000
-0.306163 -2.521481 0.000000
-0.306163 -2.521481 0.000000
-0.900696 -2.374941 0.000000
-0.900696 -2.374941 0.000000
-0.306163 -2.521481 0.000000
-0.900696 -2.374941 0.000000
-0.900696 -2.374941 0.000000
-0.900696 -2.374941 0.000000
-1.442884 -2.090379 0.000000
-1.442884 -2.090379 0.000000
-0.900696 -2.374941 0.000000
-1.442884 -2.090379 0.000000
-1.442884 -2.090379 0.000000
-1.442884 -2.090379 0.000000
-1.901217 -1.684332 0.000000
-1.901217 -1.684332 0.000000
-1.442884 -2.090379 0.000000
-1.901217 -1.684332 0.000000
-1.901217 -1.684332 0.000000
-1.901217 -1.684332 0.000000
-2.249058 -1.180397 0.000000
-2.249058 -1.180397 0.000000
-1.901217 -1.684332 0.000000
-2.249058 -1.180397 0.000000
-2.249058 -1.180397 0.000000
-2.249058 -1.180397 0.000000
-2.466192 -0.607862 0.000000
-2.466192 -0.607862 0.000000
-2.249058 -1.180397 0.000000
-2.466192 -0.607862 0.000000
-2.466192 -0.607862 0.000000
-2.466192 -0.607862 0.000000
-2.540000 0.000000 0.000000
-2.540000 0.000000 0.000000
-2.466192 -0.607862 0.000000
-2.540000 0.000000 0.000000
0.000000 0.000000 2.540000
0.000000 0.000000 2.540000
0.000000 0.000000 2.540000
0.000000 0.000000 2.540000
0.000000 0.000000 2.540000
0.000000 0.000000 2.540000
0.000000 0.000000 2.540000
0.000000 0.000000 2.540000
0.000000 0.000000 2.540000
0.000000 0.000000 2.540000
0.000000 0.000000 2.540000
0.000000 0.000000 2.540000
0.000000 0.000000 2.540000
0.000000 0.000000 2.540000
0.000000 0.000000 2.540000
0.000000 0.000000 2.540000
0.000000 0.000000 2.540000
0.000000 0.000000 2.540000
0.000000 0.000000 2.540000
0.000000 0.000000 2.540000
0.000000 0.000000 2.540000
0.000000 0.000000 2.540000
0.000000 0.000000 2.540000
0.000000 0.000000 2.540000
0.000000 0.000000 2.540000
0.000000 0.000000 2.540000
0.000000 0.000000 2.540000
0.000000 0.000000 2.540000
0.000000 0.000000 2.540000
0.000000 0.000000 2.540000
0.000000 0.000000 2.540000
0.000000 0.000000 2.540000
0.000000 0.000000 2.540000
0.000000 0.000000 2.540000
0.000000 0.000000 2.540000
0.000000 0.000000 2.540000
0.000000 0.000000 2.540000
0.000000 0.000000 2.540000
0.000000 0.000000 2.540000
0.000000 0.000000 2.540000
0.000000 0.000000 2.540000
0.000000 0.000000 2.540000
0.000000 0.000000 2.540000
0.000000 0.000000 2.540000
0.000000 0.000000 2.540000
0.000000 0.000000 2.540000
0.000000 0.000000 2.540000
0.000000 0.000000 2.540000
0.000000 0.000000 2.540000
0.000000 0.000000 2.540000
0.000000 0.000000 2.540000
0.000000 0.000000 2.540000
0.000000 0.000000 2.540000
0.000000 0.000000 2.540000
0.000000 0.000000 2.540000
0.000000 0.000000 2.540000
0.000000 0.000000 2.540000
0.000000 0.000000 2.540000
0.000000 0.000000 2.540000
0.000000 0.000000 2.540000
0.000000 0.000000 2.540000
0.000000 0.000000 2.540000
0.000000 0.000000 2.540000
0.000000 0.000000 2.540000
0.000000 0.000000 2.540000
0.000000 0.000000 2.540000
0.000000 0.000000 2.540000
0.000000 0.000000 2.540000
0.000000 0.000000 2.540000
0.000000 0.000000 2.540000
0.000000 0.000000 2.540000
0.000000 0.000000 2.540000
0.000000 0.000000 2.540000
0.000000 0.000000 2.540000
0.000000 0.000000 2.540000
0.000000 0.000000 2.540000
0.000000 0.000000 2.540000
0.000000 0.000000 2.540000
0.000000 0.000000 2.540000
0.000000 0.000000 2.540000
0.000000 0.000000 2.540000
0.000000 0.000000 2.540000
0.000000 0.000000 2.540000
0.000000 0.000000 2.540000
0.000000 0.000000 2.540000
0.000000 0.000000 2.540000
0.000000 0.000000 2.540000
0.000000 0.000000 2.540000
0.000000 0.000000 2.540000
0.000000 0.000000 2.540000
0.000000 0.000000 2.540000
0.000000 0.000000 2.540000
0.000000 0.000000 2.540000
0.000000 0.000000 2.540000
0.000000 0.000000 2.540000
0.000000 0.000000 2.540000
0.000000 0.000000 2.540000
0.000000 0.000000 2.540000
0.000000 0.000000 2.540000
0.000000 0.000000 2.540000
0.000000 0.000000 2.540000
0.000000 0.000000 2.540000
0.000000 0.000000 2.540000
0.000000 0.000000 2.540000
0.000000 0.000000 2.540000
0.000000 0.000000 2.540000
0.000000 0.000000 2.540000
0.000000 0.000000 2.540000
0.000000 0.000000 2.540000
0.000000 0.000000 2.540000
0.000000 0.000000 2.540000
0.000000 0.000000 2.540000
0.000000 0.000000 2.540000
0.000000 0.000000 2.540000
0.000000 0.000000 2.540000
0.000000 0.000000 2.540000
0.000000 0.000000 2.540000
0.000000 0.000000 2.540000
0.000000 0.000000 2.540000
0.000000 0.000000 2.540000
0.000000 0.000000 2.540000
0.000000 0.000000 2.540000
0.000000 0.000000 2.540000
0.000000 0.000000 2.540000
0.000000 0.000000 2.540000
0.000000 0.000000 2.540000
0.000000 0.000000 2.540000
0.000000 0.000000 2.540000
0.000000 0.000000 2.540000
0.000000 0.000000 2.540000
0.000000 0.000000 2.540000
0.000000 0.000000 2.540000
0.000000 0.000000 2.540000
0.000000 0.000000 2.540000
0.000000 0.000000 2.540000
0.000000 0.000000 2.540000
0.000000 0.000000 2.540000
0.000000 0.000000 2.540000
0.000000 0.000000 2.540000
0.000000 0.000000 2.540000
0.000000 0.000000 2.540000
0.000000 0.000000 2.540000
0.000000 0.000000 2.540000
0.000000 0.000000 2.540000
0.000000 0.000000 2.540000
0.000000 0.000000 2.540000
0.000000 0.000000 2.540000
0.000000 0.000000 2.540000
0.000000 0.000000 2.540000
0.000000 0.000000 2.540000
0.000000 0.000000 2.540000
0.000000 0.000000 2.540000
0.000000 0.000000 2.540000
0.000000 0.000000 2.540000
0.000000 0.000000 2.540000
0.000000 0.000000 2.540000
2.540000 0.000000 0.000000
2.540000 0.000000 0.000000
2.466192 -0.607862 0.000000
2.466192 -0.607862 0.000000
2.540000 0.000000 0.000000
2.466192 -0.607862 0.000000
2.466192 -0.607862 0.000000
2.466192 -0.607862 0.000000
2.249058 -1.180397 0.000000
2.249058 -1.180397 0.000000
2.466192 -0.607862 0.000000
2.249058 -1.180397 0.000000
2.249058 -1.180397 0.000000
2.249058 -1.180397 0.000000
1.901217 -1.684332 0.000000
1.901217 -1.684332 0.000000
2.249058 -1.180397 0.000000
1.901217 -1.684332 0.000000
1.901217 -1.684332 0.000000
1.901217 -1.684332 0.000000
1.442884 -2.090379 0.000000
1.442884 -2.090379 0.000000
1.901217 -1.684332 0.000000
1.442884 -2.090379 0.000000
1.442884 -2.090379 0.000000
1.442884 -2.090379 0.000000
0.900696 -2.374941 0.000000
0.900696 -2.374941 0.000000
1.442884 -2.090379 0.000000
0.900696 -2.374941 0.000000
0.900696 -2.374941 0.000000
0.900696 -2.374941 0.000000
0.306163 -2.521481 0.000000
0.306163 -2.521481 0.000000
0.900696 -2.374941 0.000000
0.306163 -2.521481 0.000000
0.306163 -2.521481 0.000000
0.306163 -2.521481 0.000000
-0.306163 -2.521481 0.000000
-0.306163 -2.521481 0.000000
0.306163 -2.521481 0.000000
-0.306163 -2.521481 0.000000
-0.306163 -2.521481 0.000000
-0.306163 -2.521481 0.000000
-0.900696 -2.374941 0.000000
-0.900696 -2.374941 0.000000
-0.306163 -2.521481 0.000000
-0.900696 -2.374941 0.000000
-0.900696 -2.374941 0.000000
-0.900696 -2.374941 0.000000
-1.442884 -2.090379 0.000000
-1.442884 -2.090379 0.000000
-0.900696 -2.374941 0.000000
-1.442884 -2.090379 0.000000
-1.442884 -2.090379 0.000000
-1.442884 -2.090379 0.000000
-1.901217 -1.684332 0.000000
-1.901217 -1.684332 0.000000
-1.442884 -2.090379 0.000000
-1.901217 -1.684332 0.000000
-1.901217 -1.684332 0.000000
-1.901217 -1.684332 0.000000
-2.249058 -1.180397 0.000000
-2.249058 -1.180397 0.000000
-1.901217 -1.684332 0.000000
-2.249058 -1.180397 0.000000
-2.249058 -1.180397 0.000000
-2.249058 -1.180397 0.000000
-2.466192 -0.607862 0.000000
-2.466192 -0.607862 0.000000
-2.249058 -1.180397 0.000000
-2.466192 -0.607862 0.000000
-2.466192 -0.607862 0.000000
-2.466192 -0.607862 0.000000
-2.540000 0.000000 0.000000
-2.540000 0.000000 0.000000
-2.466192 -0.607862 0.000000
-2.540000 0.000000 0.000000
0.000000 0.000000 2.540000
0.000000 0.000000 2.540000
0.000000 0.000000 2.540000
0.000000 0.000000 2.540000
0.000000 0.000000 2.540000
0.000000 0.000000 2.540000
0.000000 0.000000 2.540000
0.000000 0.000000 2.540000
0.000000 0.000000 2.540000
0.000000 0.000000 2.540000
0.000000 0.000000 2.540000
0.000000 0.000000 2.540000
0.000000 0.000000 2.540000
0.000000 0.000000 2.540000
0.000000 0.000000 2.540000
0.000000 0.000000 2.540000
0.000000 0.000000 2.540000
0.000000 0.000000 2.540000
0.000000 0.000000 2.540000
0.000000 0.000000 2.540000
0.000000 0.000000 2.540000
0.000000 0.000000 2.540000
0.000000 0.000000 2.540000
0.000000 0.000000 2.540000
0.000000 0.000000 2.540000
0.000000 0.000000 2.540000
0.000000 0.000000 2.540000
0.000000 0.000000 2.540000
0.000000 0.000000 2.540000
0.000000 0.000000 2.540000
0.000000 0.000000 2.540000
0.000000 0.000000 2.540000
0.000000 0.000000 2.540000
0.000000 0.000000 2.540000
0.000000 0.000000 2.540000
0.000000 0.000000 2.540000
0.000000 0.000000 2.540000
0.000000 0.000000 2.540000
0.000000 0.000000 2.540000
0.000000 0.000000 2.540000
0.000000 0.000000 2.540000
0.000000 0.000000 2.540000
0.000000 0.000000 2.540000
0.000000 0.000000 2.540000
0.000000 0.000000 2.540000
0.000000 0.000000 2.540000
0.000000 0.000000 2.540000
0.000000 0.000000 2.540000
0.000000 0.000000 2.540000
0.000000 0.000000 2.540000
0.000000 0.000000 2.540000
0.000000 0.000000 2.540000
0.000000 0.000000 2.540000
0.000000 0.000000 2.540000
0.000000 0.000000 2.540000
0.000000 0.000000 2.540000
0.000000 0.000000 2.540000
0.000000 0.000000 2.540000
0.000000 0.000000 2.540000
0.000000 0.000000 2.540000
0.000000 0.000000 2.540000
0.000000 0.000000 2.540000
0.000000 0.000000 2.540000
0.000000 0.000000 2.540000
0.000000 0.000000 2.540000
0.000000 0.000000 2.540000
0.000000 0.000000 2.540000
0.000000 0.000000 2.540000
0.000000 0.000000 2.540000
0.000000 0.000000 2.540000
0.000000 0.000000 2.540000
0.000000 0.000000 2.540000
0.000000 0.000000 2.540000
0.000000 0.000000 2.540000
0.000000 0.000000 2.540000
0.000000 0.000000 2.540000
0.000000 0.000000 2.540000
0.000000 0.000000 2.540000
0.000000 0.000000 2.540000
0.000000 0.000000 2.540000
0.000000 0.000000 2.540000
0.000000 0.000000 2.540000
0.000000 0.000000 2.540000
0.000000 0.000000 2.540000
0.000000 0.000000 2.540000
0.000000 0.000000 2.540000
0.000000 0.000000 2.540000
0.000000 0.000000 2.540000
0.000000 0.000000 2.540000
0.000000 0.000000 2.540000
0.000000 0.000000 2.540000
0.000000 0.000000 2.540000
0.000000 0.000000 2.540000
0.000000 0.000000 2.540000
0.000000 0.000000 2.540000
0.000000 0.000000 2.540000
0.000000 0.000000 2.540000
0.000000 0.000000 2.540000
0.000000 0.000000 2.540000
0.000000 0.000000 2.540000
0.000000 0.000000 2.540000
0.000000 0.000000 2.540000
0.000000 0.000000 2.540000
0.000000 0.000000 2.540000
0.000000 0.000000 2.540000
0.000000 0.000000 2.540000
0.000000 0.000000 2.540000
0.000000 0.000000 2.540000
0.000000 0.000000 2.540000
0.000000 0.000000 2.540000
0.000000 0.000000 2.540000
0.000000 0.000000 2.540000
0.000000 0.000000 2.540000
0.000000 0.000000 2.540000
0.000000 0.000000 2.540000
0.000000 0.000000 2.540000
0.000000 0.000000 2.540000
0.000000 0.000000 2.540000
0.000000 0.000000 2.540000
0.000000 0.000000 2.540000
0.000000 0.000000 2.540000
0.000000 0.000000 2.540000
0.000000 0.000000 2.540000
0.000000 0.000000 2.540000
0.000000 0.000000 2.540000
0.000000 0.000000 2.540000
0.000000 0.000000 2.540000
0.000000 0.000000 2.540000
0.000000 0.000000 2.540000
0.000000 0.000000 2.540000
0.000000 0.000000 2.540000
0.000000 0.000000 2.540000
0.000000 0.000000 2.540000
0.000000 0.000000 2.540000
0.000000 0.000000 2.540000
0.000000 0.000000 2.540000
0.000000 0.000000 2.540000
0.000000 0.000000 2.540000
0.000000 0.000000 2.540000
0.000000 0.000000 2.540000
0.000000 0.000000 2.540000
0.000000 0.000000 2.540000
0.000000 0.000000 2.540000
0.000000 0.000000 2.540000
0.000000 0.000000 2.540000
0.000000 0.000000 2.540000
0.000000 0.000000 2.540000
0.000000 0.000000 2.540000
0.000000 0.000000 2.540000
0.000000 0.000000 2.540000
0.000000 0.000000 2.540000
0.000000 0.000000 2.540000
0.000000 0.000000 2.540000
0.000000 0.000000 2.540000
0.000000 0.000000 2.540000
0.000000 0.000000 2.540000
2.540000 0.000000 0.000000
2.540000 0.000000 0.000000
2.466192 -0.607862 0.000000
2.466192 -0.607862 0.000000
2.540000 0.000000 0.000000
2.466192 -0.607862 0.000000
2.466192 -0.607862 0.000000
2.466192 -0.607862 0.000000
2.249058 -1.180397 0.000000
2.249058 -1.180397 0.000000
2.466192 -0.607862 0.000000
2.249058 -1.180397 0.000000
2.249058 -1.180397 0.000000
2.249058 -1.180397 0.000000
1.901217 -1.684332 0.000000
1.901217 -1.684332 0.000000
2.249058 -1.180397 0.000000
1.901217 -1.684332 0.000000
1.901217 -1.684332 0.000000
1.901217 -1.684332 0.000000
1.442884 -2.090379 0.000000
1.442884 -2.090379 0.000000
1.901217 -1.684332 0.000000
1.442884 -2.090379 0.000000
1.442884 -2.090379 0.000000
1.442884 -2.090379 0.000000
0.900696 -2.374941 0.000000
0.900696 -2.374941 0.000000
1.442884 -2.090379 0.000000
0.900696 -2.374941 0.000000
0.900696 -2.374941 0.000000
0.900696 -2.374941 0.000000
0.306163 -2.521481 0.000000
0.306163 -2.521481 0.000000
0.900696 -2.374941 0.000000
0.306163 -2.521481 0.000000
0.306163 -2.521481 0.000000
0.306163 -2.521481 0.000000
-0.306163 -2.521481 0.000000
-0.306163 -2.521481 0.000000
0.306163 -2.521481 0.000000
-0.306163 -2.521481 0.000000
-0.306163 -2.521481 0.000000
-0.306163 -2.521481 0.000000
-0.900696 -2.374941 0.000000
-0.900696 -2.374941 0.000000
-0.306163 -2.521481 0.000000
-0.900696 -2.374941 0.000000
-0.900696 -2.374941 0.000000
-0.900696 -2.374941 0.000000
-1.442884 -2.090379 0.000000
-1.442884 -2.090379 0.000000
-0.900696 -2.374941 0.000000
-1.442884 -2.090379 0.000000
-1.442884 -2.090379 0.000000
-1.442884 -2.090379 0.000000
-1.901217 -1.684332 0.000000
-1.901217 -1.684332 0.000000
-1.442884 -2.090379 0.000000
-1.901217 -1.684332 0.000000
-1.901217 -1.684332 0.000000
-1.901217 -1.684332 0.000000
-2.249058 -1.180397 0.000000
-2.249058 -1.180397 0.000000
-1.901217 -1.684332 0.000000
-2.249058 -1.180397 0.000000
-2.249058 -1.180397 0.000000
-2.249058 -1.180397 0.000000
-2.466192 -0.607862 0.000000
-2.466192 -0.607862 0.000000
-2.249058 -1.180397 0.000000
-2.466192 -0.607862 0.000000
-2.466192 -0.607862 0.000000
-2.466192 -0.607862 0.000000
-2.540000 0.000000 0.000000
-2.540000 0.000000 0.000000
-2.466192 -0.607862 0.000000
-2.540000 0.000000 0.000000
0.000000 0.000000 2.540000
0.000000 0.000000 2.540000
0.000000 0.000000 2.540000
0.000000 0.000000 2.540000
0.000000 0.000000 2.540000
0.000000 0.000000 2.540000
0.000000 0.000000 2.540000
0.000000 0.000000 2.540000
0.000000 0.000000 2.540000
0.000000 0.000000 2.540000
0.000000 0.000000 2.540000
0.000000 0.000000 2.540000
0.000000 0.000000 2.540000
0.000000 0.000000 2.540000
0.000000 0.000000 2.540000
0.000000 0.000000 2.540000
0.000000 0.000000 2.540000
0.000000 0.000000 2.540000
0.000000 0.000000 2.540000
0.000000 0.000000 2.540000
0.000000 0.000000 2.540000
0.000000 0.000000 2.540000
0.000000 0.000000 2.540000
0.000000 0.000000 2.540000
0.000000 0.000000 2.540000
0.000000 0.000000 2.540000
0.000000 0.000000 2.540000
0.000000 0.000000 2.540000
0.000000 0.000000 2.540000
0.000000 0.000000 2.540000
0.000000 0.000000 2.540000
0.000000 0.000000 2.540000
0.000000 0.000000 2.540000
0.000000 0.000000 2.540000
0.000000 0.000000 2.540000
0.000000 0.000000 2.540000
0.000000 0.000000 2.540000
0.000000 0.000000 2.540000
0.000000 0.000000 2.540000
0.000000 0.000000 2.540000
0.000000 0.000000 2.540000
0.000000 0.000000 2.540000
0.000000 0.000000 2.540000
0.000000 0.000000 2.540000
0.000000 0.000000 2.540000
0.000000 0.000000 2.540000
0.000000 0.000000 2.540000
0.000000 0.000000 2.540000
0.000000 0.000000 2.540000
0.000000 0.000000 2.540000
0.000000 0.000000 2.540000
0.000000 0.000000 2.540000
0.000000 0.000000 2.540000
0.000000 0.000000 2.540000
0.000000 0.000000 2.540000
0.000000 0.000000 2.540000
0.000000 0.000000 2.540000
0.000000 0.000000 2.540000
0.000000 0.000000 2.540000
0.000000 0.000000 2.540000
0.000000 0.000000 2.540000
0.000000 0.000000 2.540000
0.000000 0.000000 2.540000
0.000000 0.000000 2.540000
0.000000 0.000000 2.540000
0.000000 0.000000 2.540000
0.000000 0.000000 2.540000
0.000000 0.000000 2.540000
0.000000 0.000000 2.540000
0.000000 0.000000 2.540000
0.000000 0.000000 2.540000
0.000000 0.000000 2.540000
2.540000 0.000000 0.000000
2.540000 0.000000 0.000000
2.466192 -0.607862 0.000000
2.466192 -0.607862 0.000000
2.540000 0.000000 0.000000
2.466192 -0.607862 0.000000
2.466192 -0.607862 0.000000
2.466192 -0.607862 0.000000
2.249058 -1.180397 0.000000
2.249058 -1.180397 0.000000
2.466192 -0.607862 0.000000
2.249058 -1.180397 0.000000
2.249058 -1.180397 0.000000
2.249058 -1.180397 0.000000
1.901217 -1.684332 0.000000
1.901217 -1.684332 0.000000
2.249058 -1.180397 0.000000
1.901217 -1.684332 0.000000
1.901217 -1.684332 0.000000
1.901217 -1.684332 0.000000
1.442884 -2.090379 0.000000
1.442884 -2.090379 0.000000
1.901217 -1.684332 0.000000
1.442884 -2.090379 0.000000
1.442884 -2.090379 0.000000
1.442884 -2.090379 0.000000
0.900696 -2.374941 0.000000
0.900696 -2.374941 0.000000
1.442884 -2.090379 0.000000
0.900696 -2.374941 0.000000
0.900696 -2.374941 0.000000
0.900696 -2.374941 0.000000
0.306163 -2.521481 0.000000
0.306163 -2.521481 0.000000
0.900696 -2.374941 0.000000
0.306163 -2.521481 0.000000
0.306163 -2.521481 0.000000
0.306163 -2.521481 0.000000
-0.306163 -2.521481 0.000000
-0.306163 -2.521481 0.000000
0.306163 -2.521481 0.000000
-0.306163 -2.521481 0.000000
-0.306163 -2.521481 0.000000
-0.306163 -2.521481 0.000000
-0.900696 -2.374941 0.000000
-0.900696 -2.374941 0.000000
-0.306163 -2.521481 0.000000
-0.900696 -2.374941 0.000000
-0.900696 -2.374941 0.000000
-0.900696 -2.374941 0.000000
-1.442884 -2.090379 0.000000
-1.442884 -2.090379 0.000000
-0.900696 -2.374941 0.000000
-1.442884 -2.090379 0.000000
-1.442884 -2.090379 0.000000
-1.442884 -2.090379 0.000000
-1.901217 -1.684332 0.000000
-1.901217 -1.684332 0.000000
-1.442884 -2.090379 0.000000
-1.901217 -1.684332 0.000000
-1.901217 -1.684332 0.000000
-1.901217 -1.684332 0.000000
-2.249058 -1.180397 0.000000
-2.249058 -1.180397 0.000000
-1.901217 -1.684332 0.000000
-2.249058 -1.180397 0.000000
-2.249058 -1.180397 0.000000
-2.249058 -1.180397 0.000000
-2.466192 -0.607862 0.000000
-2.466192 -0.607862 0.000000
-2.249058 -1.180397 0.000000
-2.466192 -0.607862 0.000000
-2.466192 -0.607862 0.000000
-2.466192 -0.607862 0.000000
-2.540000 0.000000 0.000000
-2.540000 0.000000 0.000000
-2.466192 -0.607862 0.000000
-2.540000 0.000000 0.000000
0.000000 0.000000 2.540000
0.000000 0.000000 2.540000
0.000000 0.000000 2.540000
0.000000 0.000000 2.540000
0.000000 0.000000 2.540000
0.000000 0.000000 2.540000
0.000000 0.000000 2.540000
0.000000 0.000000 2.540000
0.000000 0.000000 2.540000
0.000000 0.000000 2.540000
0.000000 0.000000 2.540000
0.000000 0.000000 2.540000
0.000000 0.000000 2.540000
0.000000 0.000000 2.540000
0.000000 0.000000 2.540000
0.000000 0.000000 2.540000
0.000000 0.000000 2.540000
0.000000 0.000000 2.540000
0.000000 0.000000 2.540000
0.000000 0.000000 2.540000
0.000000 0.000000 2.540000
0.000000 0.000000 2.540000
0.000000 0.000000 2.540000
0.000000 0.000000 2.540000
0.000000 0.000000 2.540000
0.000000 0.000000 2.540000
0.000000 0.000000 2.540000
0.000000 0.000000 2.540000
0.000000 0.000000 2.540000
0.000000 0.000000 2.540000
0.000000 0.000000 2.540000
0.000000 0.000000 2.540000
0.000000 0.000000 2.540000
0.000000 0.000000 2.540000
0.000000 0.000000 2.540000
0.000000 0.000000 2.540000
0.000000 0.000000 2.540000
0.000000 0.000000 2.540000
0.000000 0.000000 2.540000
0.000000 0.000000 2.540000
0.000000 0.000000 2.540000
0.000000 0.000000 2.540000
0.000000 0.000000 2.540000
0.000000 0.000000 2.540000
0.000000 0.000000 2.540000
0.000000 0.000000 2.540000
0.000000 0.000000 2.540000
0.000000 0.000000 2.540000
0.000000 0.000000 2.540000
0.000000 0.000000 2.540000
0.000000 0.000000 2.540000
0.000000 0.000000 2.540000
0.000000 0.000000 2.540000
0.000000 0.000000 2.540000
0.000000 0.000000 2.540000
0.000000 0.000000 2.540000
0.000000 0.000000 2.540000
0.000000 0.000000 2.540000
0.000000 0.000000 2.540000
0.000000 0.000000 2.540000
0.000000 0.000000 2.540000
0.000000 0.000000 2.540000
0.000000 0.000000 2.540000
0.000000 0.000000 2.540000
0.000000 0.000000 2.540000
0.000000 0.000000 2.540000
0.000000 0.000000 2.540000
0.000000 0.000000 2.540000
0.000000 0.000000 2.540000
0.000000 0.000000 2.540000
0.000000 0.000000 2.540000
0.000000 0.000000 2.540000
2.540000 0.000000 0.000000
2.540000 0.000000 0.000000
2.466192 -0.607862 0.000000
2.466192 -0.607862 0.000000
2.540000 0.000000 0.000000
2.466192 -0.607862 0.000000
2.466192 -0.607862 0.000000
2.466192 -0.607862 0.000000
2.249058 -1.180397 0.000000
2.249058 -1.180397 0.000000
2.466192 -0.607862 0.000000
2.249058 -1.180397 0.000000
2.249058 -1.180397 0.000000
2.249058 -1.180397 0.000000
1.901217 -1.684332 0.000000
1.901217 -1.684332 0.000000
2.249058 -1.180397 0.000000
1.901217 -1.684332 0.000000
1.901217 -1.684332 0.000000
1.901217 -1.684332 0.000000
1.442884 -2.090379 0.000000
1.442884 -2.090379 0.000000
1.901217 -1.684332 0.000000
1.442884 -2.090379 0.000000
1.442884 -2.090379 0.000000
1.442884 -2.090379 0.000000
0.900696 -2.374941 0.000000
0.900696 -2.374941 0.000000
1.442884 -2.090379 0.000000
0.900696 -2.374941 0.000000
0.900696 -2.374941 0.000000
0.900696 -2.374941 0.000000
0.306163 -2.521481 0.000000
0.306163 -2.521481 0.000000
0.900696 -2.374941 0.000000
0.306163 -2.521481 0.000000
0.306163 -2.521481 0.000000
0.306163 -2.521481 0.000000
-0.306163 -2.521481 0.000000
-0.306163 -2.521481 0.000000
0.306163 -2.521481 0.000000
-0.306163 -2.521481 0.000000
-0.306163 -2.521481 0.000000
-0.306163 -2.521481 0.000000
-0.900696 -2.374941 0.000000
-0.900696 -2.374941 0.000000
-0.306163 -2.521481 0.000000
-0.900696 -2.374941 0.000000
-0.900696 -2.374941 0.000000
-0.900696 -2.374941 0.000000
-1.442884 -2.090379 0.000000
-1.442884 -2.090379 0.000000
-0.900696 -2.374941 0.000000
-1.442884 -2.090379 0.000000
-1.442884 -2.090379 0.000000
-1.442884 -2.090379 0.000000
-1.901217 -1.684332 0.000000
-1.901217 -1.684332 0.000000
-1.442884 -2.090379 0.000000
-1.901217 -1.684332 0.000000
-1.901217 -1.684332 0.000000
-1.901217 -1.684332 0.000000
-2.249058 -1.180397 0.000000
-2.249058 -1.180397 0.000000
-1.901217 -1.684332 0.000000
-2.249058 -1.180397 0.000000
-2.249058 -1.180397 0.000000
-2.249058 -1.180397 0.000000
-2.466192 -0.607862 0.000000
-2.466192 -0.607862 0.000000
-2.249058 -1.180397 0.000000
-2.466192 -0.607862 0.000000
-2.466192 -0.607862 0.000000
-2.466192 -0.607862 0.000000
-2.540000 0.000000 0.000000
-2.540000 0.000000 0.000000
-2.466192 -0.607862 0.000000
-2.540000 0.000000 0.000000
0.000000 0.000000 2.540000
0.000000 0.000000 2.540000
0.000000 0.000000 2.540000
0.000000 0.000000 2.540000
0.000000 0.000000 2.540000
0.000000 0.000000 2.540000
0.000000 0.000000 2.540000
0.000000 0.000000 2.540000
0.000000 0.000000 2.540000
0.000000 0.000000 2.540000
0.000000 0.000000 2.540000
0.000000 0.000000 2.540000
0.000000 0.000000 2.540000
0.000000 0.000000 2.540000
0.000000 0.000000 2.540000
0.000000 0.000000 2.540000
0.000000 0.000000 2.540000
0.000000 0.000000 2.540000
0.000000 0.000000 2.540000
0.000000 0.000000 2.540000
0.000000 0.000000 2.540000
0.000000 0.000000 2.540000
0.000000 0.000000 2.540000
0.000000 0.000000 2.540000
0.000000 0.000000 2.540000
0.000000 0.000000 2.540000
0.000000 0.000000 2.540000
0.000000 0.000000 2.540000
0.000000 0.000000 2.540000
0.000000 0.000000 2.540000
0.000000 0.000000 2.540000
0.000000 0.000000 2.540000
0.000000 0.000000 2.540000
0.000000 0.000000 2.540000
0.000000 0.000000 2.540000
0.000000 0.000000 2.540000
0.000000 0.000000 2.540000
0.000000 0.000000 2.540000
0.000000 0.000000 2.540000
0.000000 0.000000 2.540000
0.000000 0.000000 2.540000
0.000000 0.000000 2.540000
0.000000 0.000000 2.540000
0.000000 0.000000 2.540000
0.000000 0.000000 2.540000
0.000000 0.000000 2.540000
0.000000 0.000000 2.540000
0.000000 0.000000 2.540000
0.000000 0.000000 2.540000
0.000000 0.000000 2.540000
0.000000 0.000000 2.540000
0.000000 0.000000 2.540000
0.000000 0.000000 2.540000
0.000000 0.000000 2.540000
0.000000 0.000000 2.540000
0.000000 0.000000 2.540000
0.000000 0.000000 2.540000
0.000000 0.000000 2.540000
0.000000 0.000000 2.540000
0.000000 0.000000 2.540000
0.000000 0.000000 2.540000
0.000000 0.000000 2.540000
0.000000 0.000000 2.540000
0.000000 0.000000 2.540000
0.000000 0.000000 2.540000
0.000000 0.000000 2.540000
0.000000 0.000000 2.540000
0.000000 0.000000 2.540000
0.000000 0.000000 2.540000
0.000000 0.000000 2.540000
0.000000 0.000000 2.540000
0.000000 0.000000 2.540000
2.540000 0.000000 0.000000
2.540000 0.000000 0.000000
2.466192 -0.607862 0.000000
2.466192 -0.607862 0.000000
2.540000 0.000000 0.000000
2.466192 -0.607862 0.000000
2.466192 -0.607862 0.000000
2.466192 -0.607862 0.000000
2.249058 -1.180397 0.000000
2.249058 -1.180397 0.000000
2.466192 -0.607862 0.000000
2.249058 -1.180397 0.000000
2.249058 -1.180397 0.000000
2.249058 -1.180397 0.000000
1.901217 -1.684332 0.000000
1.901217 -1.684332 0.000000
2.249058 -1.180397 0.000000
1.901217 -1.684332 0.000000
1.901217 -1.684332 0.000000
1.901217 -1.684332 0.000000
1.442884 -2.090379 0.000000
1.442884 -2.090379 0.000000
1.901217 -1.684332 0.000000
1.442884 -2.090379 0.000000
1.442884 -2.090379 0.000000
1.442884 -2.090379 0.000000
0.900696 -2.374941 0.000000
0.900696 -2.374941 0.000000
1.442884 -2.090379 0.000000
0.900696 -2.374941 0.000000
0.900696 -2.374941 0.000000
0.900696 -2.374941 0.000000
0.306163 -2.521481 0.000000
0.306163 -2.521481 0.000000
0.900696 -2.374941 0.000000
0.306163 -2.521481 0.000000
0.306163 -2.521481 0.000000
0.306163 -2.521481 0.000000
-0.306163 -2.521481 0.000000
-0.306163 -2.521481 0.000000
0.306163 -2.521481 0.000000
-0.306163 -2.521481 0.000000
-0.306163 -2.521481 0.000000
-0.306163 -2.521481 0.000000
-0.900696 -2.374941 0.000000
-0.900696 -2.374941 0.000000
-0.306163 -2.521481 0.000000
-0.900696 -2.374941 0.000000
-0.900696 -2.374941 0.000000
-0.900696 -2.374941 0.000000
-1.442884 -2.090379 0.000000
-1.442884 -2.090379 0.000000
-0.900696 -2.374941 0.000000
-1.442884 -2.090379 0.000000
-1.442884 -2.090379 0.000000
-1.442884 -2.090379 0.000000
-1.901217 -1.684332 0.000000
-1.901217 -1.684332 0.000000
-1.442884 -2.090379 0.000000
-1.901217 -1.684332 0.000000
-1.901217 -1.684332 0.000000
-1.901217 -1.684332 0.000000
-2.249058 -1.180397 0.000000
-2.249058 -1.180397 0.000000
-1.901217 -1.684332 0.000000
-2.249058 -1.180397 0.000000
-2.249058 -1.180397 0.000000
-2.249058 -1.180397 0.000000
-2.466192 -0.607862 0.000000
-2.466192 -0.607862 0.000000
-2.249058 -1.180397 0.000000
-2.466192 -0.607862 0.000000
-2.466192 -0.607862 0.000000
-2.466192 -0.607862 0.000000
-2.540000 0.000000 0.000000
-2.540000 0.000000 0.000000
-2.466192 -0.607862 0.000000
-2.540000 0.000000 0.000000
0.000000 0.000000 -2.540000
0.000000 0.000000 -2.540000
0.000000 0.000000 -2.540000
0.000000 0.000000 -2.540000
0.000000 0.000000 -2.540000
0.000000 0.000000 -2.540000
0.000000 0.000000 -2.540000
0.000000 0.000000 -2.540000
0.000000 0.000000 -2.540000
0.000000 0.000000 -2.540000
0.000000 0.000000 -2.540000
0.000000 0.000000 -2.540000
0.000000 0.000000 -2.540000
0.000000 0.000000 -2.540000
0.000000 0.000000 -2.540000
0.000000 0.000000 -2.540000
0.000000 0.000000 -2.540000
0.000000 0.000000 -2.540000
0.000000 0.000000 -2.540000
0.000000 0.000000 -2.540000
0.000000 0.000000 -2.540000
0.000000 0.000000 -2.540000
0.000000 0.000000 -2.540000
0.000000 0.000000 -2.540000
0.000000 0.000000 -2.540000
0.000000 0.000000 -2.540000
0.000000 0.000000 -2.540000
0.000000 0.000000 -2.540000
0.000000 0.000000 -2.540000
0.000000 0.000000 -2.540000
0.000000 0.000000 -2.540000
0.000000 0.000000 -2.540000
0.000000 0.000000 -2.540000
0.000000 0.000000 -2.540000
0.000000 0.000000 -2.540000
0.000000 0.000000 -2.540000
0.000000 0.000000 -2.540000
0.000000 0.000000 -2.540000
0.000000 0.000000 -2.540000
0.000000 0.000000 -2.540000
0.000000 0.000000 -2.540000
0.000000 0.000000 -2.540000
0.000000 0.000000 -2.540000
0.000000 0.000000 -2.540000
0.000000 0.000000 -2.540000
0.000000 0.000000 -2.540000
0.000000 0.000000 -2.540000
0.000000 0.000000 -2.540000
0.000000 0.000000 -2.540000
0.000000 0.000000 -2.540000
0.000000 0.000000 -2.540000
0.000000 0.000000 -2.540000
0.000000 0.000000 -2.540000
0.000000 0.000000 -2.540000
0.000000 0.000000 -2.540000
0.000000 0.000000 -2.540000
0.000000 0.000000 -2.540000
0.000000 0.000000 -2.540000
0.000000 0.000000 -2.540000
0.000000 0.000000 -2.540000
0.000000 0.000000 -2.540000
0.000000 0.000000 -2.540000
0.000000 0.000000 -2.540000
0.000000 0.000000 -2.540000
0.000000 0.000000 -2.540000
0.000000 0.000000 -2.540000
0.000000 0.000000 -2.540000
0.000000 0.000000 -2.540000
0.000000 0.000000 -2.540000
0.000000 0.000000 -2.540000
0.000000 0.000000 -2.540000
0.000000 0.000000 -2.540000
0.000000 0.000000 -2.540000
0.000000 0.000000 -2.540000
0.000000 0.000000 -2.540000
0.000000 0.000000 -2.540000
0.000000 0.000000 -2.540000
0.000000 0.000000 -2.540000
0.000000 0.000000 -2.540000
0.000000 0.000000 -2.540000
0.000000 0.000000 -2.540000
0.000000 0.000000 -2.540000
0.000000 0.000000 -2.540000
0.000000 0.000000 -2.540000
0.000000 0.000000 -2.540000
0.000000 0.000000 -2.540000
0.000000 0.000000 -2.540000
0.000000 0.000000 -2.540000
0.000000 0.000000 -2.540000
0.000000 0.000000 -2.540000
0.000000 0.000000 -2.540000
0.000000 0.000000 -2.540000
0.000000 0.000000 -2.540000
0.000000 0.000000 -2.540000
0.000000 0.000000 -2.540000
0.000000 0.000000 -2.540000
0.000000 0.000000 -2.540000
0.000000 0.000000 -2.540000
0.000000 0.000000 -2.540000
0.000000 0.000000 -2.540000
0.000000 0.000000 -2.540000
0.000000 0.000000 -2.540000
0.000000 0.000000 -2.540000
0.000000 0.000000 -2.540000
0.000000 0.000000 -2.540000
0.000000 0.000000 -2.540000
0.000000 0.000000 -2.540000
0.000000 0.000000 -2.540000
0.000000 0.000000 -2.540000
0.000000 0.000000 -2.540000
0.000000 0.000000 -2.540000
0.000000 0.000000 -2.540000
0.000000 0.000000 -2.540000
0.000000 0.000000 -2.540000
0.000000 0.000000 -2.540000
0.000000 0.000000 -2.540000
0.000000 0.000000 -2.540000
0.000000 0.000000 -2.540000
0.000000 0.000000 -2.540000
0.000000 0.000000 -2.540000
0.000000 0.000000 -2.540000
0.000000 0.000000 -2.540000
0.000000 0.000000 -2.540000
0.000000 0.000000 -2.540000
0.000000 0.000000 -2.540000
0.000000 0.000000 -2.540000
0.000000 0.000000 -2.540000
0.000000 0.000000 -2.540000
0.000000 0.000000 -2.540000
0.000000 0.000000 -2.540000
0.000000 0.000000 -2.540000
0.000000 0.000000 -2.540000
0.000000 0.000000 -2.540000
0.000000 0.000000 -2.540000
0.000000 0.000000 -2.540000
0.000000 0.000000 -2.540000
0.000000 0.000000 -2.540000
0.000000 0.000000 -2.540000
0.000000 0.000000 -2.540000
0.000000 0.000000 -2.540000
0.000000 0.000000 -2.540000
0.000000 0.000000 -2.540000
0.000000 0.000000 -2.540000
0.000000 0.000000 -2.540000
0.000000 0.000000 -2.540000
0.000000 0.000000 -2.540000
0.000000 0.000000 -2.540000
0.000000 0.000000 -2.540000
0.000000 0.000000 -2.540000
0.000000 0.000000 -2.540000
0.000000 0.000000 -2.540000
0.000000 0.000000 -2.540000
0.000000 0.000000 -2.540000
0.000000 0.000000 -2.540000
0.000000 0.000000 -2.540000
0.000000 0.000000 -2.540000
-2.540000 0.000000 0.000000
-2.540000 0.000000 0.000000
-2.466192 -0.607862 0.000000
-2.466192 -0.607862 0.000000
-2.540000 0.000000 0.000000
-2.466192 -0.607862 0.000000
-2.466192 -0.607862 0.000000
-2.466192 -0.607862 0.000000
-2.249058 -1.180397 0.000000
-2.249058 -1.180397 0.000000
-2.466192 -0.607862 0.000000
-2.249058 -1.180397 0.000000
-2.249058 -1.180397 0.000000
-2.249058 -1.180397 0.000000
-1.901217 -1.684332 0.000000
-1.901217 -1.684332 0.000000
-2.249058 -1.180397 0.000000
-1.901217 -1.684332 0.000000
-1.901217 -1.684332 0.000000
-1.901217 -1.684332 0.000000
-1.442884 -2.090379 0.000000
-1.442884 -2.090379 0.000000
-1.901217 -1.684332 0.000000
-1.442884 -2.090379 0.000000
-1.442884 -2.090379 0.000000
-1.442884 -2.090379 0.000000
-0.900696 -2.374941 0.000000
-0.900696 -2.374941 0.000000
-1.442884 -2.090379 0.000000
-0.900696 -2.374941 0.000000
-0.900696 -2.374941 0.000000
-0.900696 -2.374941 0.000000
-0.306163 -2.521481 0.000000
-0.306163 -2.521481 0.000000
-0.900696 -2.374941 0.000000
-0.306163 -2.521481 0.000000
-0.306163 -2.521481 0.000000
-0.306163 -2.521481 0.000000
0.306163 -2.521481 0.000000
0.306163 -2.521481 0.000000
-0.306163 -2.521481 0.000000
0.306163 -2.521481 0.000000
0.306163 -2.521481 0.000000
0.306163 -2.521481 0.000000
0.900696 -2.374941 0.000000
0.900696 -2.374941 0.000000
0.306163 -2.521481 0.000000
0.900696 -2.374941 0.000000
0.900696 -2.374941 0.000000
0.900696 -2.374941 0.000000
1.442884 -2.090379 0.000000
1.442884 -2.090379 0.000000
0.900696 -2.374941 0.000000
1.442884 -2.090379 0.000000
1.442884 -2.090379 0.000000
1.442884 -2.090379 0.000000
1.901217 -1.684332 0.000000
1.901217 -1.684332 0.000000
1.442884 -2.090379 0.000000
1.901217 -1.684332 0.000000
1.901217 -1.684332 0.000000
1.901217 -1.684332 0.000000
2.249058 -1.180397 0.000000
2.249058 -1.180397 0.000000
1.901217 -1.684332 0.000000
2.249058 -1.180397 0.000000
2.249058 -1.180397 0.000000
2.249058 -1.180397 0.000000
2.466192 -0.607862 0.000000
2.466192 -0.607862 0.000000
2.249058 -1.180397 0.000000
2.466192 -0.607862 0.000000
2.466192 -0.607862 0.000000
2.466192 -0.607862 0.000000
2.540000 0.000000 0.000000
2.540000 0.000000 0.000000
2.466192 -0.607862 0.000000
2.540000 0.000000 0.000000
0.000000 0.000000 -2.540000
0.000000 0.000000 -2.540000
0.000000 0.000000 -2.540000
0.000000 0.000000 -2.540000
0.000000 0.000000 -2.540000
0.000000 0.000000 -2.540000
0.000000 0.000000 -2.540000
0.000000 0.000000 -2.540000
0.000000 0.000000 -2.540000
0.000000 0.000000 -2.540000
0.000000 0.000000 -2.540000
0.000000 0.000000 -2.540000
0.000000 0.000000 -2.540000
0.000000 0.000000 -2.540000
0.000000 0.000000 -2.540000
0.000000 0.000000 -2.540000
0.000000 0.000000 -2.540000
0.000000 0.000000 -2.540000
0.000000 0.000000 -2.540000
0.000000 0.000000 -2.540000
0.000000 0.000000 -2.540000
0.000000 0.000000 -2.540000
0.000000 0.000000 -2.540000
0.000000 0.000000 -2.540000
0.000000 0.000000 -2.540000
0.000000 0.000000 -2.540000
0.000000 0.000000 -2.540000
0.000000 0.000000 -2.540000
0.000000 0.000000 -2.540000
0.000000 0.000000 -2.540000
0.000000 0.000000 -2.540000
0.000000 0.000000 -2.540000
0.000000 0.000000 -2.540000
0.000000 0.000000 -2.540000
0.000000 0.000000 -2.540000
0.000000 0.000000 -2.540000
0.000000 0.000000 -2.540000
0.000000 0.000000 -2.540000
0.000000 0.000000 -2.540000
0.000000 0.000000 -2.540000
0.000000 0.000000 -2.540000
0.000000 0.000000 -2.540000
0.000000 0.000000 -2.540000
0.000000 0.000000 -2.540000
0.000000 0.000000 -2.540000
0.000000 0.000000 -2.540000
0.000000 0.000000 -2.540000
0.000000 0.000000 -2.540000
0.000000 0.000000 -2.540000
0.000000 0.000000 -2.540000
0.000000 0.000000 -2.540000
0.000000 0.000000 -2.540000
0.000000 0.000000 -2.540000
0.000000 0.000000 -2.540000
0.000000 0.000000 -2.540000
0.000000 0.000000 -2.540000
0.000000 0.000000 -2.540000
0.000000 0.000000 -2.540000
0.000000 0.000000 -2.540000
0.000000 0.000000 -2.540000
0.000000 0.000000 -2.540000
0.000000 0.000000 -2.540000
0.000000 0.000000 -2.540000
0.000000 0.000000 -2.540000
0.000000 0.000000 -2.540000
0.000000 0.000000 -2.540000
0.000000 0.000000 -2.540000
0.000000 0.000000 -2.540000
0.000000 0.000000 -2.540000
0.000000 0.000000 -2.540000
0.000000 0.000000 -2.540000
0.000000 0.000000 -2.540000
0.000000 0.000000 -2.540000
0.000000 0.000000 -2.540000
0.000000 0.000000 -2.540000
0.000000 0.000000 -2.540000
0.000000 0.000000 -2.540000
0.000000 0.000000 -2.540000
0.000000 0.000000 -2.540000
0.000000 0.000000 -2.540000
0.000000 0.000000 -2.540000
0.000000 0.000000 -2.540000
0.000000 0.000000 -2.540000
0.000000 0.000000 -2.540000
0.000000 0.000000 -2.540000
0.000000 0.000000 -2.540000
0.000000 0.000000 -2.540000
0.000000 0.000000 -2.540000
0.000000 0.000000 -2.540000
0.000000 0.000000 -2.540000
0.000000 0.000000 -2.540000
0.000000 0.000000 -2.540000
0.000000 0.000000 -2.540000
0.000000 0.000000 -2.540000
0.000000 0.000000 -2.540000
0.000000 0.000000 -2.540000
0.000000 0.000000 -2.540000
0.000000 0.000000 -2.540000
0.000000 0.000000 -2.540000
0.000000 0.000000 -2.540000
0.000000 0.000000 -2.540000
0.000000 0.000000 -2.540000
0.000000 0.000000 -2.540000
0.000000 0.000000 -2.540000
0.000000 0.000000 -2.540000
0.000000 0.000000 -2.540000
0.000000 0.000000 -2.540000
0.000000 0.000000 -2.540000
0.000000 0.000000 -2.540000
0.000000 0.000000 -2.540000
0.000000 0.000000 -2.540000
0.000000 0.000000 -2.540000
0.000000 0.000000 -2.540000
0.000000 0.000000 -2.540000
0.000000 0.000000 -2.540000
0.000000 0.000000 -2.540000
0.000000 0.000000 -2.540000
0.000000 0.000000 -2.540000
0.000000 0.000000 -2.540000
0.000000 0.000000 -2.540000
0.000000 0.000000 -2.540000
0.000000 0.000000 -2.540000
0.000000 0.000000 -2.540000
0.000000 0.000000 -2.540000
0.000000 0.000000 -2.540000
0.000000 0.000000 -2.540000
0.000000 0.000000 -2.540000
0.000000 0.000000 -2.540000
0.000000 0.000000 -2.540000
0.000000 0.000000 -2.540000
0.000000 0.000000 -2.540000
0.000000 0.000000 -2.540000
0.000000 0.000000 -2.540000
0.000000 0.000000 -2.540000
0.000000 0.000000 -2.540000
0.000000 0.000000 -2.540000
0.000000 0.000000 -2.540000
0.000000 0.000000 -2.540000
0.000000 0.000000 -2.540000
0.000000 0.000000 -2.540000
0.000000 0.000000 -2.540000
0.000000 0.000000 -2.540000
0.000000 0.000000 -2.540000
0.000000 0.000000 -2.540000
0.000000 0.000000 -2.540000
0.000000 0.000000 -2.540000
0.000000 0.000000 -2.540000
0.000000 0.000000 -2.540000
0.000000 0.000000 -2.540000
0.000000 0.000000 -2.540000
0.000000 0.000000 -2.540000
0.000000 0.000000 -2.540000
0.000000 0.000000 -2.540000
0.000000 0.000000 -2.540000
0.000000 0.000000 -2.540000
0.000000 0.000000 -2.540000
-2.540000 0.000000 0.000000
-2.540000 0.000000 0.000000
-2.466192 -0.607862 0.000000
-2.466192 -0.607862 0.000000
-2.540000 0.000000 0.000000
-2.466192 -0.607862 0.000000
-2.466192 -0.607862 0.000000
-2.466192 -0.607862 0.000000
-2.249058 -1.180397 0.000000
-2.249058 -1.180397 0.000000
-2.466192 -0.607862 0.000000
-2.249058 -1.180397 0.000000
-2.249058 -1.180397 0.000000
-2.249058 -1.180397 0.000000
-1.901217 -1.684332 0.000000
-1.901217 -1.684332 0.000000
-2.249058 -1.180397 0.000000
-1.901217 -1.684332 0.000000
-1.901217 -1.684332 0.000000
-1.901217 -1.684332 0.000000
-1.442884 -2.090379 0.000000
-1.442884 -2.090379 0.000000
-1.901217 -1.684332 0.000000
-1.442884 -2.090379 0.000000
-1.442884 -2.090379 0.000000
-1.442884 -2.090379 0.000000
-0.900696 -2.374941 0.000000
-0.900696 -2.374941 0.000000
-1.442884 -2.090379 0.000000
-0.900696 -2.374941 0.000000
-0.900696 -2.374941 0.000000
-0.900696 -2.374941 0.000000
-0.306163 -2.521481 0.000000
-0.306163 -2.521481 0.000000
-0.900696 -2.374941 0.000000
-0.306163 -2.521481 0.000000
-0.306163 -2.521481 0.000000
-0.306163 -2.521481 0.000000
0.306163 -2.521481 0.000000
0.306163 -2.521481 0.000000
-0.306163 -2.521481 0.000000
0.306163 -2.521481 0.000000
0.306163 -2.521481 0.000000
0.306163 -2.521481 0.000000
0.900696 -2.374941 0.000000
0.900696 -2.374941 0.000000
0.306163 -2.521481 0.000000
0.900696 -2.374941 0.000000
0.900696 -2.374941 0.000000
0.900696 -2.374941 0.000000
1.442884 -2.090379 0.000000
1.442884 -2.090379 0.000000
0.900696 -2.374941 0.000000
1.442884 -2.090379 0.000000
1.442884 -2.090379 0.000000
1.442884 -2.090379 0.000000
1.901217 -1.684332 0.000000
1.901217 -1.684332 0.000000
1.442884 -2.090379 0.000000
1.901217 -1.684332 0.000000
1.901217 -1.684332 0.000000
1.901217 -1.684332 0.000000
2.249058 -1.180397 0.000000
2.249058 -1.180397 0.000000
1.901217 -1.684332 0.000000
2.249058 -1.180397 0.000000
2.249058 -1.180397 0.000000
2.249058 -1.180397 0.000000
2.466192 -0.607862 0.000000
2.466192 -0.607862 0.000000
2.249058 -1.180397 0.000000
2.466192 -0.607862 0.000000
2.466192 -0.607862 0.000000
2.466192 -0.607862 0.000000
2.540000 0.000000 0.000000
2.540000 0.000000 0.000000
2.466192 -0.607862 0.000000
2.540000 0.000000 0.000000
0.000000 0.000000 -2.540000
0.000000 0.000000 -2.540000
0.000000 0.000000 -2.540000
0.000000 0.000000 -2.540000
0.000000 0.000000 -2.540000
0.000000 0.000000 -2.540000
0.000000 0.000000 -2.540000
0.000000 0.000000 -2.540000
0.000000 0.000000 -2.540000
0.000000 0.000000 -2.540000
0.000000 0.000000 -2.540000
0.000000 0.000000 -2.540000
0.000000 0.000000 -2.540000
0.000000 0.000000 -2.540000
0.000000 0.000000 -2.540000
0.000000 0.000000 -2.540000
0.000000 0.000000 -2.540000
0.000000 0.000000 -2.540000
0.000000 0.000000 -2.540000
0.000000 0.000000 -2.540000
0.000000 0.000000 -2.540000
0.000000 0.000000 -2.540000
0.000000 0.000000 -2.540000
0.000000 0.000000 -2.540000
0.000000 0.000000 -2.540000
0.000000 0.000000 -2.540000
0.000000 0.000000 -2.540000
0.000000 0.000000 -2.540000
0.000000 0.000000 -2.540000
0.000000 0.000000 -2.540000
0.000000 0.000000 -2.540000
0.000000 0.000000 -2.540000
0.000000 0.000000 -2.540000
0.000000 0.000000 -2.540000
0.000000 0.000000 -2.540000
0.000000 0.000000 -2.540000
0.000000 0.000000 -2.540000
0.000000 0.000000 -2.540000
0.000000 0.000000 -2.540000
0.000000 0.000000 -2.540000
0.000000 0.000000 -2.540000
0.000000 0.000000 -2.540000
0.000000 0.000000 -2.540000
0.000000 0.000000 -2.540000
0.000000 0.000000 -2.540000
0.000000 0.000000 -2.540000
0.000000 0.000000 -2.540000
0.000000 0.000000 -2.540000
0.000000 0.000000 -2.540000
0.000000 0.000000 -2.540000
0.000000 0.000000 -2.540000
0.000000 0.000000 -2.540000
0.000000 0.000000 -2.540000
0.000000 0.000000 -2.540000
0.000000 0.000000 -2.540000
0.000000 0.000000 -2.540000
0.000000 0.000000 -2.540000
0.000000 0.000000 -2.540000
0.000000 0.000000 -2.540000
0.000000 0.000000 -2.540000
0.000000 0.000000 -2.540000
0.000000 0.000000 -2.540000
0.000000 0.000000 -2.540000
0.000000 0.000000 -2.540000
0.000000 0.000000 -2.540000
0.000000 0.000000 -2.540000
0.000000 0.000000 -2.540000
0.000000 0.000000 -2.540000
0.000000 0.000000 -2.540000
0.000000 0.000000 -2.540000
0.000000 0.000000 -2.540000
0.000000 0.000000 -2.540000
-2.540000 0.000000 0.000000
-2.540000 0.000000 0.000000
-2.466192 -0.607862 0.000000
-2.466192 -0.607862 0.000000
-2.540000 0.000000 0.000000
-2.466192 -0.607862 0.000000
-2.466192 -0.607862 0.000000
-2.466192 -0.607862 0.000000
-2.249058 -1.180397 0.000000
-2.249058 -1.180397 0.000000
-2.466192 -0.607862 0.000000
-2.249058 -1.180397 0.000000
-2.249058 -1.180397 0.000000
-2.249058 -1.180397 0.000000
-1.901217 -1.684332 0.000000
-1.901217 -1.684332 0.000000
-2.249058 -1.180397 0.000000
-1.901217 -1.684332 0.000000
-1.901217 -1.684332 0.000000
-1.901217 -1.684332 0.000000
-1.442884 -2.090379 0.000000
-1.442884 -2.090379 0.000000
-1.901217 -1.684332 0.000000
-1.442884 -2.090379 0.000000
-1.442884 -2.090379 0.000000
-1.442884 -2.090379 0.000000
-0.900696 -2.374941 0.000000
-0.900696 -2.374941 0.000000
-1.442884 -2.090379 0.000000
-0.900696 -2.374941 0.000000
-0.900696 -2.374941 0.000000
-0.900696 -2.374941 0.000000
-0.306163 -2.521481 0.000000
-0.306163 -2.521481 0.000000
-0.900696 -2.374941 0.000000
-0.306163 -2.521481 0.000000
-0.306163 -2.521481 0.000000
-0.306163 -2.521481 0.000000
0.306163 -2.521481 0.000000
0.306163 -2.521481 0.000000
-0.306163 -2.521481 0.000000
0.306163 -2.521481 0.000000
0.306163 -2.521481 0.000000
0.306163 -2.521481 0.000000
0.900696 -2.374941 0.000000
0.900696 -2.374941 0.000000
0.306163 -2.521481 0.000000
0.900696 -2.374941 0.000000
0.900696 -2.374941 0.000000
0.900696 -2.374941 0.000000
1.442884 -2.090379 0.000000
1.442884 -2.090379 0.000000
0.900696 -2.374941 0.000000
1.442884 -2.090379 0.000000
1.442884 -2.090379 0.000000
1.442884 -2.090379 0.000000
1.901217 -1.684332 0.000000
1.901217 -1.684332 0.000000
1.442884 -2.090379 0.000000
1.901217 -1.684332 0.000000
1.901217 -1.684332 0.000000
1.901217 -1.684332 0.000000
2.249058 -1.180397 0.000000
2.249058 -1.180397 0.000000
1.901217 -1.684332 0.000000
2.249058 -1.180397 0.000000
2.249058 -1.180397 0.000000
2.249058 -1.180397 0.000000
2.466192 -0.607862 0.000000
2.466192 -0.607862 0.000000
2.249058 -1.180397 0.000000
2.466192 -0.607862 0.000000
2.466192 -0.607862 0.000000
2.466192 -0.607862 0.000000
2.540000 0.000000 0.000000
2.540000 0.000000 0.000000
2.466192 -0.607862 0.000000
2.540000 0.000000 0.000000
0.000000 0.000000 -2.540000
0.000000 0.000000 -2.540000
0.000000 0.000000 -2.540000
0.000000 0.000000 -2.540000
0.000000 0.000000 -2.540000
0.000000 0.000000 -2.540000
0.000000 0.000000 -2.540000
0.000000 0.000000 -2.540000
0.000000 0.000000 -2.540000
0.000000 0.000000 -2.540000
0.000000 0.000000 -2.540000
0.000000 0.000000 -2.540000
0.000000 0.000000 -2.540000
0.000000 0.000000 -2.540000
0.000000 0.000000 -2.540000
0.000000 0.000000 -2.540000
0.000000 0.000000 -2.540000
0.000000 0.000000 -2.540000
0.000000 0.000000 -2.540000
0.000000 0.000000 -2.540000
0.000000 0.000000 -2.540000
0.000000 0.000000 -2.540000
0.000000 0.000000 -2.540000
0.000000 0.000000 -2.540000
0.000000 0.000000 -2.540000
0.000000 0.000000 -2.540000
0.000000 0.000000 -2.540000
0.000000 0.000000 -2.540000
0.000000 0.000000 -2.540000
0.000000 0.000000 -2.540000
0.000000 0.000000 -2.540000
0.000000 0.000000 -2.540000
0.000000 0.000000 -2.540000
0.000000 0.000000 -2.540000
0.000000 0.000000 -2.540000
0.000000 0.000000 -2.540000
0.000000 0.000000 -2.540000
0.000000 0.000000 -2.540000
0.000000 0.000000 -2.540000
0.000000 0.000000 -2.540000
0.000000 0.000000 -2.540000
0.000000 0.000000 -2.540000
0.000000 0.000000 -2.540000
0.000000 0.000000 -2.540000
0.000000 0.000000 -2.540000
0.000000 0.000000 -2.540000
0.000000 0.000000 -2.540000
0.000000 0.000000 -2.540000
0.000000 0.000000 -2.540000
0.000000 0.000000 -2.540000
0.000000 0.000000 -2.540000
0.000000 0.000000 -2.540000
0.000000 0.000000 -2.540000
0.000000 0.000000 -2.540000
0.000000 0.000000 -2.540000
0.000000 0.000000 -2.540000
0.000000 0.000000 -2.540000
0.000000 0.000000 -2.540000
0.000000 0.000000 -2.540000
0.000000 0.000000 -2.540000
0.000000 0.000000 -2.540000
0.000000 0.000000 -2.540000
0.000000 0.000000 -2.540000
0.000000 0.000000 -2.540000
0.000000 0.000000 -2.540000
0.000000 0.000000 -2.540000
0.000000 0.000000 -2.540000
0.000000 0.000000 -2.540000
0.000000 0.000000 -2.540000
0.000000 0.000000 -2.540000
0.000000 0.000000 -2.540000
0.000000 0.000000 -2.540000
0.000000 0.000000 -2.540000
0.000000 0.000000 -2.540000
0.000000 0.000000 -2.540000
0.000000 0.000000 -2.540000
0.000000 0.000000 -2.540000
0.000000 0.000000 -2.540000
0.000000 0.000000 -2.540000
0.000000 0.000000 -2.540000
0.000000 0.000000 -2.540000
0.000000 0.000000 -2.540000
0.000000 0.000000 -2.540000
0.000000 0.000000 -2.540000
0.000000 0.000000 -2.540000
0.000000 0.000000 -2.540000
0.000000 0.000000 -2.540000
0.000000 0.000000 -2.540000
0.000000 0.000000 -2.540000
0.000000 0.000000 -2.540000
0.000000 0.000000 -2.540000
0.000000 0.000000 -2.540000
0.000000 0.000000 -2.540000
0.000000 0.000000 -2.540000
0.000000 0.000000 -2.540000
0.000000 0.000000 -2.540000
0.000000 0.000000 -2.540000
0.000000 0.000000 -2.540000
0.000000 0.000000 -2.540000
0.000000 0.000000 -2.540000
0.000000 0.000000 -2.540000
0.000000 0.000000 -2.540000
0.000000 0.000000 -2.540000
0.000000 0.000000 -2.540000
0.000000 0.000000 -2.540000
0.000000 0.000000 -2.540000
0.000000 0.000000 -2.540000
0.000000 0.000000 -2.540000
0.000000 0.000000 -2.540000
0.000000 0.000000 -2.540000
0.000000 0.000000 -2.540000
0.000000 0.000000 -2.540000
0.000000 0.000000 -2.540000
0.000000 0.000000 -2.540000
0.000000 0.000000 -2.540000
0.000000 0.000000 -2.540000
0.000000 0.000000 -2.540000
0.000000 0.000000 -2.540000
0.000000 0.000000 -2.540000
0.000000 0.000000 -2.540000
0.000000 0.000000 -2.540000
0.000000 0.000000 -2.540000
0.000000 0.000000 -2.540000
0.000000 0.000000 -2.540000
0.000000 0.000000 -2.540000
0.000000 0.000000 -2.540000
0.000000 0.000000 -2.540000
0.000000 0.000000 -2.540000
0.000000 0.000000 -2.540000
0.000000 0.000000 -2.540000
0.000000 0.000000 -2.540000
0.000000 0.000000 -2.540000
0.000000 0.000000 -2.540000
0.000000 0.000000 -2.540000
0.000000 0.000000 -2.540000
0.000000 0.000000 -2.540000
0.000000 0.000000 -2.540000
0.000000 0.000000 -2.540000
0.000000 0.000000 -2.540000
0.000000 0.000000 -2.540000
0.000000 0.000000 -2.540000
0.000000 0.000000 -2.540000
0.000000 0.000000 -2.540000
0.000000 0.000000 -2.540000
0.000000 0.000000 -2.540000
0.000000 0.000000 -2.540000
0.000000 0.000000 -2.540000
0.000000 0.000000 -2.540000
0.000000 0.000000 -2.540000
0.000000 0.000000 -2.540000
0.000000 0.000000 -2.540000
0.000000 0.000000 -2.540000
0.000000 0.000000 -2.540000
0.000000 0.000000 -2.540000
0.000000 0.000000 -2.540000
0.000000 0.000000 -2.540000
-2.540000 0.000000 0.000000
-2.540000 0.000000 0.000000
-2.466192 -0.607862 0.000000
-2.466192 -0.607862 0.000000
-2.540000 0.000000 0.000000
-2.466192 -0.607862 0.000000
-2.466192 -0.607862 0.000000
-2.466192 -0.607862 0.000000
-2.249058 -1.180397 0.000000
-2.249058 -1.180397 0.000000
-2.466192 -0.607862 0.000000
-2.249058 -1.180397 0.000000
-2.249058 -1.180397 0.000000
-2.249058 -1.180397 0.000000
-1.901217 -1.684332 0.000000
-1.901217 -1.684332 0.000000
-2.249058 -1.180397 0.000000
-1.901217 -1.684332 0.000000
-1.901217 -1.684332 0.000000
-1.901217 -1.684332 0.000000
-1.442884 -2.090379 0.000000
-1.442884 -2.090379 0.000000
-1.901217 -1.684332 0.000000
-1.442884 -2.090379 0.000000
-1.442884 -2.090379 0.000000
-1.442884 -2.090379 0.000000
-0.900696 -2.374941 0.000000
-0.900696 -2.374941 0.000000
-1.442884 -2.090379 0.000000
-0.900696 -2.374941 0.000000
-0.900696 -2.374941 0.000000
-0.900696 -2.374941 0.000000
-0.306163 -2.521481 0.000000
-0.306163 -2.521481 0.000000
-0.900696 -2.374941 0.000000
-0.306163 -2.521481 0.000000
-0.306163 -2.521481 0.000000
-0.306163 -2.521481 0.000000
0.306163 -2.521481 0.000000
0.306163 -2.521481 0.000000
-0.306163 -2.521481 0.000000
0.306163 -2.521481 0.000000
0.306163 -2.521481 0.000000
0.306163 -2.521481 0.000000
0.900696 -2.374941 0.000000
0.900696 -2.374941 0.000000
0.306163 -2.521481 0.000000
0.900696 -2.374941 0.000000
0.900696 -2.374941 0.000000
0.900696 -2.374941 0.000000
1.442884 -2.090379 0.000000
1.442884 -2.090379 0.000000
0.900696 -2.374941 0.000000
1.442884 -2.090379 0.000000
1.442884 -2.090379 0.000000
1.442884 -2.090379 0.000000
1.901217 -1.684332 0.000000
1.901217 -1.684332 0.000000
1.442884 -2.090379 0.000000
1.901217 -1.684332 0.000000
1.901217 -1.684332 0.000000
1.901217 -1.684332 0.000000
2.249058 -1.180397 0.000000
2.249058 -1.180397 0.000000
1.901217 -1.684332 0.000000
2.249058 -1.180397 0.000000
2.249058 -1.180397 0.000000
2.249058 -1.180397 0.000000
2.466192 -0.607862 0.000000
2.466192 -0.607862 0.000000
2.249058 -1.180397 0.000000
2.466192 -0.607862 0.000000
2.466192 -0.607862 0.000000
2.466192 -0.607862 0.000000
2.540000 0.000000 0.000000
2.540000 0.000000 0.000000
2.466192 -0.607862 0.000000
2.540000 0.000000 0.000000
0.000000 0.000000 -2.540000
0.000000 0.000000 -2.540000
0.000000 0.000000 -2.540000
0.000000 0.000000 -2.540000
0.000000 0.000000 -2.540000
0.000000 0.000000 -2.540000
0.000000 0.000000 -2.540000
0.000000 0.000000 -2.540000
0.000000 0.000000 -2.540000
0.000000 0.000000 -2.540000
0.000000 0.000000 -2.540000
0.000000 0.000000 -2.540000
0.000000 0.000000 -2.540000
0.000000 0.000000 -2.540000
0.000000 0.000000 -2.540000
0.000000 0.000000 -2.540000
0.000000 0.000000 -2.540000
0.000000 0.000000 -2.540000
0.000000 0.000000 -2.540000
0.000000 0.000000 -2.540000
0.000000 0.000000 -2.540000
0.000000 0.000000 -2.540000
0.000000 0.000000 -2.540000
0.000000 0.000000 -2.540000
0.000000 0.000000 -2.540000
0.000000 0.000000 -2.540000
0.000000 0.000000 -2.540000
0.000000 0.000000 -2.540000
0.000000 0.000000 -2.540000
0.000000 0.000000 -2.540000
0.000000 0.000000 -2.540000
0.000000 0.000000 -2.540000
0.000000 0.000000 -2.540000
0.000000 0.000000 -2.540000
0.000000 0.000000 -2.540000
0.000000 0.000000 -2.540000
0.000000 0.000000 -2.540000
0.000000 0.000000 -2.540000
0.000000 0.000000 -2.540000
0.000000 0.000000 -2.540000
0.000000 0.000000 -2.540000
0.000000 0.000000 -2.540000
0.000000 0.000000 -2.540000
0.000000 0.000000 -2.540000
0.000000 0.000000 -2.540000
0.000000 0.000000 -2.540000
0.000000 0.000000 -2.540000
0.000000 0.000000 -2.540000
0.000000 0.000000 -2.540000
0.000000 0.000000 -2.540000
0.000000 0.000000 -2.540000
0.000000 0.000000 -2.540000
0.000000 0.000000 -2.540000
0.000000 0.000000 -2.540000
0.000000 0.000000 -2.540000
0.000000 0.000000 -2.540000
0.000000 0.000000 -2.540000
0.000000 0.000000 -2.540000
0.000000 0.000000 -2.540000
0.000000 0.000000 -2.540000
0.000000 0.000000 -2.540000
0.000000 0.000000 -2.540000
0.000000 0.000000 -2.540000
0.000000 0.000000 -2.540000
0.000000 0.000000 -2.540000
0.000000 0.000000 -2.540000
0.000000 0.000000 -2.540000
0.000000 0.000000 -2.540000
0.000000 0.000000 -2.540000
0.000000 0.000000 -2.540000
0.000000 0.000000 -2.540000
0.000000 0.000000 -2.540000
0.000000 0.000000 -2.540000
0.000000 0.000000 -2.540000
0.000000 0.000000 -2.540000
0.000000 0.000000 -2.540000
0.000000 0.000000 -2.540000
0.000000 0.000000 -2.540000
0.000000 0.000000 -2.540000
0.000000 0.000000 -2.540000
0.000000 0.000000 -2.540000
0.000000 0.000000 -2.540000
0.000000 0.000000 -2.540000
0.000000 0.000000 -2.540000
0.000000 0.000000 -2.540000
0.000000 0.000000 -2.540000
0.000000 0.000000 -2.540000
0.000000 0.000000 -2.540000
0.000000 0.000000 -2.540000
0.000000 0.000000 -2.540000
0.000000 0.000000 -2.540000
0.000000 0.000000 -2.540000
0.000000 0.000000 -2.540000
0.000000 0.000000 -2.540000
0.000000 0.000000 -2.540000
0.000000 0.000000 -2.540000
0.000000 0.000000 -2.540000
0.000000 0.000000 -2.540000
0.000000 0.000000 -2.540000
0.000000 0.000000 -2.540000
0.000000 0.000000 -2.540000
0.000000 0.000000 -2.540000
0.000000 0.000000 -2.540000
0.000000 0.000000 -2.540000
0.000000 0.000000 -2.540000
0.000000 0.000000 -2.540000
0.000000 0.000000 -2.540000
0.000000 0.000000 -2.540000
0.000000 0.000000 -2.540000
0.000000 0.000000 -2.540000
0.000000 0.000000 -2.540000
0.000000 0.000000 -2.540000
0.000000 0.000000 -2.540000
0.000000 0.000000 -2.540000
0.000000 0.000000 -2.540000
0.000000 0.000000 -2.540000
0.000000 0.000000 -2.540000
0.000000 0.000000 -2.540000
0.000000 0.000000 -2.540000
0.000000 0.000000 -2.540000
0.000000 0.000000 -2.540000
0.000000 0.000000 -2.540000
0.000000 0.000000 -2.540000
0.000000 0.000000 -2.540000
0.000000 0.000000 -2.540000
0.000000 0.000000 -2.540000
0.000000 0.000000 -2.540000
0.000000 0.000000 -2.540000
0.000000 0.000000 -2.540000
0.000000 0.000000 -2.540000
0.000000 0.000000 -2.540000
0.000000 0.000000 -2.540000
0.000000 0.000000 -2.540000
0.000000 0.000000 -2.540000
0.000000 0.000000 -2.540000
0.000000 0.000000 -2.540000
0.000000 0.000000 -2.540000
0.000000 0.000000 -2.540000
0.000000 0.000000 -2.540000
0.000000 0.000000 -2.540000
0.000000 0.000000 -2.540000
0.000000 0.000000 -2.540000
0.000000 0.000000 -2.540000
0.000000 0.000000 -2.540000
0.000000 0.000000 -2.540000
0.000000 0.000000 -2.540000
0.000000 0.000000 -2.540000
0.000000 0.000000 -2.540000
0.000000 0.000000 -2.540000
0.000000 0.000000 -2.540000
0.000000 0.000000 -2.540000
0.000000 0.000000 -2.540000
0.000000 0.000000 -2.540000
0.000000 0.000000 -2.540000
0.000000 0.000000 -2.540000
0.000000 0.000000 -2.540000
-2.540000 0.000000 0.000000
-2.540000 0.000000 0.000000
-2.466192 -0.607862 0.000000
-2.466192 -0.607862 0.000000
-2.540000 0.000000 0.000000
-2.466192 -0.607862 0.000000
-2.466192 -0.607862 0.000000
-2.466192 -0.607862 0.000000
-2.249058 -1.180397 0.000000
-2.249058 -1.180397 0.000000
-2.466192 -0.607862 0.000000
-2.249058 -1.180397 0.000000
-2.249058 -1.180397 0.000000
-2.249058 -1.180397 0.000000
-1.901217 -1.684332 0.000000
-1.901217 -1.684332 0.000000
-2.249058 -1.180397 0.000000
-1.901217 -1.684332 0.000000
-1.901217 -1.684332 0.000000
-1.901217 -1.684332 0.000000
-1.442884 -2.090379 0.000000
-1.442884 -2.090379 0.000000
-1.901217 -1.684332 0.000000
-1.442884 -2.090379 0.000000
-1.442884 -2.090379 0.000000
-1.442884 -2.090379 0.000000
-0.900696 -2.374941 0.000000
-0.900696 -2.374941 0.000000
-1.442884 -2.090379 0.000000
-0.900696 -2.374941 0.000000
-0.900696 -2.374941 0.000000
-0.900696 -2.374941 0.000000
-0.306163 -2.521481 0.000000
-0.306163 -2.521481 0.000000
-0.900696 -2.374941 0.000000
-0.306163 -2.521481 0.000000
-0.306163 -2.521481 0.000000
-0.306163 -2.521481 0.000000
0.306163 -2.521481 0.000000
0.306163 -2.521481 0.000000
-0.306163 -2.521481 0.000000
0.306163 -2.521481 0.000000
0.306163 -2.521481 0.000000
0.306163 -2.521481 0.000000
0.900696 -2.374941 0.000000
0.900696 -2.374941 0.000000
0.306163 -2.521481 0.000000
0.900696 -2.374941 0.000000
0.900696 -2.374941 0.000000
0.900696 -2.374941 0.000000
1.442884 -2.090379 0.000000
1.442884 -2.090379 0.000000
0.900696 -2.374941 0.000000
1.442884 -2.090379 0.000000
1.442884 -2.090379 0.000000
1.442884 -2.090379 0.000000
1.901217 -1.684332 0.000000
1.901217 -1.684332 0.000000
1.442884 -2.090379 0.000000
1.901217 -1.684332 0.000000
1.901217 -1.684332 0.000000
1.901217 -1.684332 0.000000
2.249058 -1.180397 0.000000
2.249058 -1.180397 0.000000
1.901217 -1.684332 0.000000
2.249058 -1.180397 0.000000
2.249058 -1.180397 0.000000
2.249058 -1.180397 0.000000
2.466192 -0.607862 0.000000
2.466192 -0.607862 0.000000
2.249058 -1.180397 0.000000
2.466192 -0.607862 0.000000
2.466192 -0.607862 0.000000
2.466192 -0.607862 0.000000
2.540000 0.000000 0.000000
2.540000 0.000000 0.000000
2.466192 -0.607862 0.000000
2.540000 0.000000 0.000000
0.000000 0.000000 -2.540000
0.000000 0.000000 -2.540000
0.000000 0.000000 -2.540000
0.000000 0.000000 -2.540000
0.000000 0.000000 -2.540000
0.000000 0.000000 -2.540000
0.000000 0.000000 -2.540000
0.000000 0.000000 -2.540000
0.000000 0.000000 -2.540000
0.000000 0.000000 -2.540000
0.000000 0.000000 -2.540000
0.000000 0.000000 -2.540000
0.000000 0.000000 -2.540000
0.000000 0.000000 -2.540000
0.000000 0.000000 -2.540000
0.000000 0.000000 -2.540000
0.000000 0.000000 -2.540000
0.000000 0.000000 -2.540000
0.000000 0.000000 -2.540000
0.000000 0.000000 -2.540000
0.000000 0.000000 -2.540000
0.000000 0.000000 -2.540000
0.000000 0.000000 -2.540000
0.000000 0.000000 -2.540000
0.000000 0.000000 -2.540000
0.000000 0.000000 -2.540000
0.000000 0.000000 -2.540000
0.000000 0.000000 -2.540000
0.000000 0.000000 -2.540000
0.000000 0.000000 -2.540000
0.000000 0.000000 -2.540000
0.000000 0.000000 -2.540000
0.000000 0.000000 -2.540000
0.000000 0.000000 -2.540000
0.000000 0.000000 -2.540000
0.000000 0.000000 -2.540000
0.000000 0.000000 -2.540000
0.000000 0.000000 -2.540000
0.000000 0.000000 -2.540000
0.000000 0.000000 -2.540000
0.000000 0.000000 -2.540000
0.000000 0.000000 -2.540000
0.000000 0.000000 -2.540000
0.000000 0.000000 -2.540000
0.000000 0.000000 -2.540000
0.000000 0.000000 -2.540000
0.000000 0.000000 -2.540000
0.000000 0.000000 -2.540000
0.000000 0.000000 -2.540000
0.000000 0.000000 -2.540000
0.000000 0.000000 -2.540000
0.000000 0.000000 -2.540000
0.000000 0.000000 -2.540000
0.000000 0.000000 -2.540000
0.000000 0.000000 -2.540000
0.000000 0.000000 -2.540000
0.000000 0.000000 -2.540000
0.000000 0.000000 -2.540000
0.000000 0.000000 -2.540000
0.000000 0.000000 -2.540000
0.000000 0.000000 -2.540000
0.000000 0.000000 -2.540000
0.000000 0.000000 -2.540000
0.000000 0.000000 -2.540000
0.000000 0.000000 -2.540000
0.000000 0.000000 -2.540000
0.000000 0.000000 -2.540000
0.000000 0.000000 -2.540000
0.000000 0.000000 -2.540000
0.000000 0.000000 -2.540000
0.000000 0.000000 -2.540000
0.000000 0.000000 -2.540000
0.000000 0.000000 -2.540000
0.000000 0.000000 -2.540000
0.000000 0.000000 -2.540000
0.000000 0.000000 -2.540000
0.000000 0.000000 -2.540000
0.000000 0.000000 -2.540000
0.000000 0.000000 -2.540000
0.000000 0.000000 -2.540000
0.000000 0.000000 -2.540000
0.000000 0.000000 -2.540000
0.000000 0.000000 -2.540000
0.000000 0.000000 -2.540000
0.000000 0.000000 -2.540000
0.000000 0.000000 -2.540000
0.000000 0.000000 -2.540000
0.000000 0.000000 -2.540000
0.000000 0.000000 -2.540000
0.000000 0.000000 -2.540000
0.000000 0.000000 -2.540000
0.000000 0.000000 -2.540000
0.000000 0.000000 -2.540000
0.000000 0.000000 -2.540000
0.000000 0.000000 -2.540000
0.000000 0.000000 -2.540000
0.000000 0.000000 -2.540000
0.000000 0.000000 -2.540000
0.000000 0.000000 -2.540000
0.000000 0.000000 -2.540000
0.000000 0.000000 -2.540000
0.000000 0.000000 -2.540000
0.000000 0.000000 -2.540000
0.000000 0.000000 -2.540000
0.000000 0.000000 -2.540000
0.000000 0.000000 -2.540000
0.000000 0.000000 -2.540000
0.000000 0.000000 -2.540000
0.000000 0.000000 -2.540000
0.000000 0.000000 -2.540000
0.000000 0.000000 -2.540000
0.000000 0.000000 -2.540000
0.000000 0.000000 -2.540000
0.000000 0.000000 -2.540000
0.000000 0.000000 -2.540000
0.000000 0.000000 -2.540000
0.000000 0.000000 -2.540000
0.000000 0.000000 -2.540000
0.000000 0.000000 -2.540000
0.000000 0.000000 -2.540000
0.000000 0.000000 -2.540000
0.000000 0.000000 -2.540000
0.000000 0.000000 -2.540000
0.000000 0.000000 -2.540000
0.000000 0.000000 -2.540000
0.000000 0.000000 -2.540000
0.000000 0.000000 -2.540000
0.000000 0.000000 -2.540000
0.000000 0.000000 -2.540000
0.000000 0.000000 -2.540000
0.000000 0.000000 -2.540000
0.000000 0.000000 -2.540000
0.000000 0.000000 -2.540000
0.000000 0.000000 -2.540000
0.000000 0.000000 -2.540000
0.000000 0.000000 -2.540000
0.000000 0.000000 -2.540000
0.000000 0.000000 -2.540000
0.000000 0.000000 -2.540000
0.000000 0.000000 -2.540000
0.000000 0.000000 -2.540000
0.000000 0.000000 -2.540000
0.000000 0.000000 -2.540000
0.000000 0.000000 -2.540000
0.000000 0.000000 -2.540000
0.000000 0.000000 -2.540000
0.000000 0.000000 -2.540000
0.000000 0.000000 -2.540000
0.000000 0.000000 -2.540000
0.000000 0.000000 -2.540000
0.000000 0.000000 -2.540000
0.000000 0.000000 -2.540000
0.000000 0.000000 -2.540000
0.000000 0.000000 -2.540000
0.000000 0.000000 -2.540000
0.000000 0.000000 -2.540000
-2.540000 0.000000 0.000000
-2.540000 0.000000 0.000000
-2.466192 -0.607862 0.000000
-2.466192 -0.607862 0.000000
-2.540000 0.000000 0.000000
-2.466192 -0.607862 0.000000
-2.466192 -0.607862 0.000000
-2.466192 -0.607862 0.000000
-2.249058 -1.180397 0.000000
-2.249058 -1.180397 0.000000
-2.466192 -0.607862 0.000000
-2.249058 -1.180397 0.000000
-2.249058 -1.180397 0.000000
-2.249058 -1.180397 0.000000
-1.901217 -1.684332 0.000000
-1.901217 -1.684332 0.000000
-2.249058 -1.180397 0.000000
-1.901217 -1.684332 0.000000
-1.901217 -1.684332 0.000000
-1.901217 -1.684332 0.000000
-1.442884 -2.090379 0.000000
-1.442884 -2.090379 0.000000
-1.901217 -1.684332 0.000000
-1.442884 -2.090379 0.000000
-1.442884 -2.090379 0.000000
-1.442884 -2.090379 0.000000
-0.900696 -2.374941 0.000000
-0.900696 -2.374941 0.000000
-1.442884 -2.090379 0.000000
-0.900696 -2.374941 0.000000
-0.900696 -2.374941 0.000000
-0.900696 -2.374941 0.000000
-0.306163 -2.521481 0.000000
-0.306163 -2.521481 0.000000
-0.900696 -2.374941 0.000000
-0.306163 -2.521481 0.000000
-0.306163 -2.521481 0.000000
-0.306163 -2.521481 0.000000
0.306163 -2.521481 0.000000
0.306163 -2.521481 0.000000
-0.306163 -2.521481 0.000000
0.306163 -2.521481 0.000000
0.306163 -2.521481 0.000000
0.306163 -2.521481 0.000000
0.900696 -2.374941 0.000000
0.900696 -2.374941 0.000000
0.306163 -2.521481 0.000000
0.900696 -2.374941 0.000000
0.900696 -2.374941 0.000000
0.900696 -2.374941 0.000000
1.442884 -2.090379 0.000000
1.442884 -2.090379 0.000000
0.900696 -2.374941 0.000000
1.442884 -2.090379 0.000000
1.442884 -2.090379 0.000000
1.442884 -2.090379 0.000000
1.901217 -1.684332 0.000000
1.901217 -1.684332 0.000000
1.442884 -2.090379 0.000000
1.901217 -1.684332 0.000000
1.901217 -1.684332 0.000000
1.901217 -1.684332 0.000000
2.249058 -1.180397 0.000000
2.249058 -1.180397 0.000000
1.901217 -1.684332 0.000000
2.249058 -1.180397 0.000000
2.249058 -1.180397 0.000000
2.249058 -1.180397 0.000000
2.466192 -0.607862 0.000000
2.466192 -0.607862 0.000000
2.249058 -1.180397 0.000000
2.466192 -0.607862 0.000000
2.466192 -0.607862 0.000000
2.466192 -0.607862 0.000000
2.540000 0.000000 0.000000
2.540000 0.000000 0.000000
2.466192 -0.607862 0.000000
2.540000 0.000000 0.000000
0.000000 0.000000 -2.540000
0.000000 0.000000 -2.540000
0.000000 0.000000 -2.540000
0.000000 0.000000 -2.540000
0.000000 0.000000 -2.540000
0.000000 0.000000 -2.540000
0.000000 0.000000 -2.540000
0.000000 0.000000 -2.540000
0.000000 0.000000 -2.540000
0.000000 0.000000 -2.540000
0.000000 0.000000 -2.540000
0.000000 0.000000 -2.540000
0.000000 0.000000 -2.540000
0.000000 0.000000 -2.540000
0.000000 0.000000 -2.540000
0.000000 0.000000 -2.540000
0.000000 0.000000 -2.540000
0.000000 0.000000 -2.540000
0.000000 0.000000 -2.540000
0.000000 0.000000 -2.540000
0.000000 0.000000 -2.540000
0.000000 0.000000 -2.540000
0.000000 0.000000 -2.540000
0.000000 0.000000 -2.540000
0.000000 0.000000 -2.540000
0.000000 0.000000 -2.540000
0.000000 0.000000 -2.540000
0.000000 0.000000 -2.540000
0.000000 0.000000 -2.540000
0.000000 0.000000 -2.540000
0.000000 0.000000 -2.540000
0.000000 0.000000 -2.540000
0.000000 0.000000 -2.540000
0.000000 0.000000 -2.540000
0.000000 0.000000 -2.540000
0.000000 0.000000 -2.540000
0.000000 0.000000 -2.540000
0.000000 0.000000 -2.540000
0.000000 0.000000 -2.540000
0.000000 0.000000 -2.540000
0.000000 0.000000 -2.540000
0.000000 0.000000 -2.540000
0.000000 0.000000 -2.540000
0.000000 0.000000 -2.540000
0.000000 0.000000 -2.540000
0.000000 0.000000 -2.540000
0.000000 0.000000 -2.540000
0.000000 0.000000 -2.540000
0.000000 0.000000 -2.540000
0.000000 0.000000 -2.540000
0.000000 0.000000 -2.540000
0.000000 0.000000 -2.540000
0.000000 0.000000 -2.540000
0.000000 0.000000 -2.540000
0.000000 0.000000 -2.540000
0.000000 0.000000 -2.540000
0.000000 0.000000 -2.540000
0.000000 0.000000 -2.540000
0.000000 0.000000 -2.540000
0.000000 0.000000 -2.540000
0.000000 0.000000 -2.540000
0.000000 0.000000 -2.540000
0.000000 0.000000 -2.540000
0.000000 0.000000 -2.540000
0.000000 0.000000 -2.540000
0.000000 0.000000 -2.540000
0.000000 0.000000 -2.540000
0.000000 0.000000 -2.540000
0.000000 0.000000 -2.540000
0.000000 0.000000 -2.540000
0.000000 0.000000 -2.540000
0.000000 0.000000 -2.540000
-2.540000 0.000000 0.000000
-2.540000 0.000000 0.000000
-2.466192 -0.607862 0.000000
-2.466192 -0.607862 0.000000
-2.540000 0.000000 0.000000
-2.466192 -0.607862 0.000000
-2.466192 -0.607862 0.000000
-2.466192 -0.607862 0.000000
-2.249058 -1.180397 0.000000
-2.249058 -1.180397 0.000000
-2.466192 -0.607862 0.000000
-2.249058 -1.180397 0.000000
-2.249058 -1.180397 0.000000
-2.249058 -1.180397 0.000000
-1.901217 -1.684332 0.000000
-1.901217 -1.684332 0.000000
-2.249058 -1.180397 0.000000
-1.901217 -1.684332 0.000000
-1.901217 -1.684332 0.000000
-1.901217 -1.684332 0.000000
-1.442884 -2.090379 0.000000
-1.442884 -2.090379 0.000000
-1.901217 -1.684332 0.000000
-1.442884 -2.090379 0.000000
-1.442884 -2.090379 0.000000
-1.442884 -2.090379 0.000000
-0.900696 -2.374941 0.000000
-0.900696 -2.374941 0.000000
-1.442884 -2.090379 0.000000
-0.900696 -2.374941 0.000000
-0.900696 -2.374941 0.000000
-0.900696 -2.374941 0.000000
-0.306163 -2.521481 0.000000
-0.306163 -2.521481 0.000000
-0.900696 -2.374941 0.000000
-0.306163 -2.521481 0.000000
-0.306163 -2.521481 0.000000
-0.306163 -2.521481 0.000000
0.306163 -2.521481 0.000000
0.306163 -2.521481 0.000000
-0.306163 -2.521481 0.000000
0.306163 -2.521481 0.000000
0.306163 -2.521481 0.000000
0.306163 -2.521481 0.000000
0.900696 -2.374941 0.000000
0.900696 -2.374941 0.000000
0.306163 -2.521481 0.000000
0.900696 -2.374941 0.000000
0.900696 -2.374941 0.000000
0.900696 -2.374941 0.000000
1.442884 -2.090379 0.000000
1.442884 -2.090379 0.000000
0.900696 -2.374941 0.000000
1.442884 -2.090379 0.000000
1.442884 -2.090379 0.000000
1.442884 -2.090379 0.000000
1.901217 -1.684332 0.000000
1.901217 -1.684332 0.000000
1.442884 -2.090379 0.000000
1.901217 -1.684332 0.000000
1.901217 -1.684332 0.000000
1.901217 -1.684332 0.000000
2.249058 -1.180397 0.000000
2.249058 -1.180397 0.000000
1.901217 -1.684332 0.000000
2.249058 -1.180397 0.000000
2.249058 -1.180397 0.000000
2.249058 -1.180397 0.000000
2.466192 -0.607862 0.000000
2.466192 -0.607862 0.000000
2.249058 -1.180397 0.000000
2.466192 -0.607862 0.000000
2.466192 -0.607862 0.000000
2.466192 -0.607862 0.000000
2.540000 0.000000 0.000000
2.540000 0.000000 0.000000
2.466192 -0.607862 0.000000
2.540000 0.000000 0.000000
0.000000 0.000000 -2.540000
0.000000 0.000000 -2.540000
0.000000 0.000000 -2.540000
0.000000 0.000000 -2.540000
0.000000 0.000000 -2.540000
0.000000 0.000000 -2.540000
0.000000 0.000000 -2.540000
0.000000 0.000000 -2.540000
0.000000 0.000000 -2.540000
0.000000 0.000000 -2.540000
0.000000 0.000000 -2.540000
0.000000 0.000000 -2.540000
0.000000 0.000000 -2.540000
0.000000 0.000000 -2.540000
0.000000 0.000000 -2.540000
0.000000 0.000000 -2.540000
0.000000 0.000000 -2.540000
0.000000 0.000000 -2.540000
0.000000 0.000000 -2.540000
0.000000 0.000000 -2.540000
0.000000 0.000000 -2.540000
0.000000 0.000000 -2.540000
0.000000 0.000000 -2.540000
0.000000 0.000000 -2.540000
0.000000 0.000000 -2.540000
0.000000 0.000000 -2.540000
0.000000 0.000000 -2.540000
0.000000 0.000000 -2.540000
0.000000 0.000000 -2.540000
0.000000 0.000000 -2.540000
0.000000 0.000000 -2.540000
0.000000 0.000000 -2.540000
0.000000 0.000000 -2.540000
0.000000 0.000000 -2.540000
0.000000 0.000000 -2.540000
0.000000 0.000000 -2.540000
0.000000 0.000000 -2.540000
0.000000 0.000000 -2.540000
0.000000 0.000000 -2.540000
0.000000 0.000000 -2.540000
0.000000 0.000000 -2.540000
0.000000 0.000000 -2.540000
0.000000 0.000000 -2.540000
0.000000 0.000000 -2.540000
0.000000 0.000000 -2.540000
0.000000 0.000000 -2.540000
0.000000 0.000000 -2.540000
0.000000 0.000000 -2.540000
0.000000 0.000000 -2.540000
0.000000 0.000000 -2.540000
0.000000 0.000000 -2.540000
0.000000 0.000000 -2.540000
0.000000 0.000000 -2.540000
0.000000 0.000000 -2.540000
0.000000 0.000000 -2.540000
0.000000 0.000000 -2.540000
0.000000 0.000000 -2.540000
0.000000 0.000000 -2.540000
0.000000 0.000000 -2.540000
0.000000 0.000000 -2.540000
0.000000 0.000000 -2.540000
0.000000 0.000000 -2.540000
0.000000 0.000000 -2.540000
0.000000 0.000000 -2.540000
0.000000 0.000000 -2.540000
0.000000 0.000000 -2.540000
0.000000 0.000000 -2.540000
0.000000 0.000000 -2.540000
0.000000 0.000000 -2.540000
0.000000 0.000000 -2.540000
0.000000 0.000000 -2.540000
0.000000 0.000000 -2.540000
-2.540000 0.000000 0.000000
-2.540000 0.000000 0.000000
-2.466192 -0.607862 0.000000
-2.466192 -0.607862 0.000000
-2.540000 0.000000 0.000000
-2.466192 -0.607862 0.000000
-2.466192 -0.607862 0.000000
-2.466192 -0.607862 0.000000
-2.249058 -1.180397 0.000000
-2.249058 -1.180397 0.000000
-2.466192 -0.607862 0.000000
-2.249058 -1.180397 0.000000
-2.249058 -1.180397 0.000000
-2.249058 -1.180397 0.000000
-1.901217 -1.684332 0.000000
-1.901217 -1.684332 0.000000
-2.249058 -1.180397 0.000000
-1.901217 -1.684332 0.000000
-1.901217 -1.684332 0.000000
-1.901217 -1.684332 0.000000
-1.442884 -2.090379 0.000000
-1.442884 -2.090379 0.000000
-1.901217 -1.684332 0.000000
-1.442884 -2.090379 0.000000
-1.442884 -2.090379 0.000000
-1.442884 -2.090379 0.000000
-0.900696 -2.374941 0.000000
-0.900696 -2.374941 0.000000
-1.442884 -2.090379 0.000000
-0.900696 -2.374941 0.000000
-0.900696 -2.374941 0.000000
-0.900696 -2.374941 0.000000
-0.306163 -2.521481 0.000000
-0.306163 -2.521481 0.000000
-0.900696 -2.374941 0.000000
-0.306163 -2.521481 0.000000
-0.306163 -2.521481 0.000000
-0.306163 -2.521481 0.000000
0.306163 -2.521481 0.000000
0.306163 -2.521481 0.000000
-0.306163 -2.521481 0.000000
0.306163 -2.521481 0.000000
0.306163 -2.521481 0.000000
0.306163 -2.521481 0.000000
0.900696 -2.374941 0.000000
0.900696 -2.374941 0.000000
0.306163 -2.521481 0.000000
0.900696 -2.374941 0.000000
0.900696 -2.374941 0.000000
0.900696 -2.374941 0.000000
1.442884 -2.090379 0.000000
1.442884 -2.090379 0.000000
0.900696 -2.374941 0.000000
1.442884 -2.090379 0.000000
1.442884 -2.090379 0.000000
1.442884 -2.090379 0.000000
1.901217 -1.684332 0.000000
1.901217 -1.684332 0.000000
1.442884 -2.090379 0.000000
1.901217 -1.684332 0.000000
1.901217 -1.684332 0.000000
1.901217 -1.684332 0.000000
2.249058 -1.180397 0.000000
2.249058 -1.180397 0.000000
1.901217 -1.684332 0.000000
2.249058 -1.180397 0.000000
2.249058 -1.180397 0.000000
2.249058 -1.180397 0.000000
2.466192 -0.607862 0.000000
2.466192 -0.607862 0.000000
2.249058 -1.180397 0.000000
2.466192 -0.607862 0.000000
2.466192 -0.607862 0.000000
2.466192 -0.607862 0.000000
2.540000 0.000000 0.000000
2.540000 0.000000 0.000000
2.466192 -0.607862 0.000000
2.540000 0.000000 0.000000
0.000000 0.000000 -2.540000
0.000000 0.000000 -2.540000
0.000000 0.000000 -2.540000
0.000000 0.000000 -2.540000
0.000000 0.000000 -2.540000
0.000000 0.000000 -2.540000
0.000000 0.000000 -2.540000
0.000000 0.000000 -2.540000
0.000000 0.000000 -2.540000
0.000000 0.000000 -2.540000
0.000000 0.000000 -2.540000
0.000000 0.000000 -2.540000
0.000000 0.000000 -2.540000
0.000000 0.000000 -2.540000
0.000000 0.000000 -2.540000
0.000000 0.000000 -2.540000
0.000000 0.000000 -2.540000
0.000000 0.000000 -2.540000
0.000000 0.000000 -2.540000
0.000000 0.000000 -2.540000
0.000000 0.000000 -2.540000
0.000000 0.000000 -2.540000
0.000000 0.000000 -2.540000
0.000000 0.000000 -2.540000
0.000000 0.000000 -2.540000
0.000000 0.000000 -2.540000
0.000000 0.000000 -2.540000
0.000000 0.000000 -2.540000
0.000000 0.000000 -2.540000
0.000000 0.000000 -2.540000
0.000000 0.000000 -2.540000
0.000000 0.000000 -2.540000
0.000000 0.000000 -2.540000
0.000000 0.000000 -2.540000
0.000000 0.000000 -2.540000
0.000000 0.000000 -2.540000
0.000000 0.000000 -2.540000
0.000000 0.000000 -2.540000
0.000000 0.000000 -2.540000
0.000000 0.000000 -2.540000
0.000000 0.000000 -2.540000
0.000000 0.000000 -2.540000
0.000000 0.000000 -2.540000
0.000000 0.000000 -2.540000
0.000000 0.000000 -2.540000
0.000000 0.000000 -2.540000
0.000000 0.000000 -2.540000
0.000000 0.000000 -2.540000
0.000000 0.000000 -2.540000
0.000000 0.000000 -2.540000
0.000000 0.000000 -2.540000
0.000000 0.000000 -2.540000
0.000000 0.000000 -2.540000
0.000000 0.000000 -2.540000
0.000000 0.000000 -2.540000
0.000000 0.000000 -2.540000
0.000000 0.000000 -2.540000
0.000000 0.000000 -2.540000
0.000000 0.000000 -2.540000
0.000000 0.000000 -2.540000
0.000000 0.000000 -2.540000
0.000000 0.000000 -2.540000
0.000000 0.000000 -2.540000
0.000000 0.000000 -2.540000
0.000000 0.000000 -2.540000
0.000000 0.000000 -2.540000
0.000000 0.000000 -2.540000
0.000000 0.000000 -2.540000
0.000000 0.000000 -2.540000
0.000000 0.000000 -2.540000
0.000000 0.000000 -2.540000
0.000000 0.000000 -2.540000
-2.540000 0.000000 0.000000
-2.540000 0.000000 0.000000
-2.466192 -0.607862 0.000000
-2.466192 -0.607862 0.000000
-2.540000 0.000000 0.000000
-2.466192 -0.607862 0.000000
-2.466192 -0.607862 0.000000
-2.466192 -0.607862 0.000000
-2.249058 -1.180397 0.000000
-2.249058 -1.180397 0.000000
-2.466192 -0.607862 0.000000
-2.249058 -1.180397 0.000000
-2.249058 -1.180397 0.000000
-2.249058 -1.180397 0.000000
-1.901217 -1.684332 0.000000
-1.901217 -1.684332 0.000000
-2.249058 -1.180397 0.000000
-1.901217 -1.684332 0.000000
-1.901217 -1.684332 0.000000
-1.901217 -1.684332 0.000000
-1.442884 -2.090379 0.000000
-1.442884 -2.090379 0.000000
-1.901217 -1.684332 0.000000
-1.442884 -2.090379 0.000000
-1.442884 -2.090379 0.000000
-1.442884 -2.090379 0.000000
-0.900696 -2.374941 0.000000
-0.900696 -2.374941 0.000000
-1.442884 -2.090379 0.000000
-0.900696 -2.374941 0.000000
-0.900696 -2.374941 0.000000
-0.900696 -2.374941 0.000000
-0.306163 -2.521481 0.000000
-0.306163 -2.521481 0.000000
-0.900696 -2.374941 0.000000
-0.306163 -2.521481 0.000000
-0.306163 -2.521481 0.000000
-0.306163 -2.521481 0.000000
0.306163 -2.521481 0.000000
0.306163 -2.521481 0.000000
-0.306163 -2.521481 0.000000
0.306163 -2.521481 0.000000
0.306163 -2.521481 0.000000
0.306163 -2.521481 0.000000
0.900696 -2.374941 0.000000
0.900696 -2.374941 0.000000
0.306163 -2.521481 0.000000
0.900696 -2.374941 0.000000
0.900696 -2.374941 0.000000
0.900696 -2.374941 0.000000
1.442884 -2.090379 0.000000
1.442884 -2.090379 0.000000
0.900696 -2.374941 0.000000
1.442884 -2.090379 0.000000
1.442884 -2.090379 0.000000
1.442884 -2.090379 0.000000
1.901217 -1.684332 0.000000
1.901217 -1.684332 0.000000
1.442884 -2.090379 0.000000
1.901217 -1.684332 0.000000
1.901217 -1.684332 0.000000
1.901217 -1.684332 0.000000
2.249058 -1.180397 0.000000
2.249058 -1.180397 0.000000
1.901217 -1.684332 0.000000
2.249058 -1.180397 0.000000
2.249058 -1.180397 0.000000
2.249058 -1.180397 0.000000
2.466192 -0.607862 0.000000
2.466192 -0.607862 0.000000
2.249058 -1.180397 0.000000
2.466192 -0.607862 0.000000
2.466192 -0.607862 0.000000
2.466192 -0.607862 0.000000
2.540000 0.000000 0.000000
2.540000 0.000000 0.000000
2.466192 -0.607862 0.000000
2.540000 0.000000 0.000000
0.000000 0.000000 2.540000
0.000000 0.000000 2.540000
0.000000 0.000000 2.540000
0.000000 0.000000 2.540000
0.000000 0.000000 2.540000
0.000000 0.000000 2.540000
0.000000 0.000000 2.540000
0.000000 0.000000 2.540000
0.000000 0.000000 2.540000
0.000000 0.000000 2.540000
0.000000 0.000000 2.540000
0.000000 0.000000 2.540000
0.000000 0.000000 2.540000
0.000000 0.000000 2.540000
0.000000 0.000000 2.540000
0.000000 0.000000 2.540000
0.000000 0.000000 2.540000
0.000000 0.000000 2.540000
0.000000 0.000000 2.540000
0.000000 0.000000 2.540000
0.000000 0.000000 2.540000
0.000000 0.000000 2.540000
0.000000 0.000000 2.540000
0.000000 0.000000 2.540000
0.000000 0.000000 2.540000
0.000000 0.000000 2.540000
0.000000 0.000000 2.540000
0.000000 0.000000 2.540000
0.000000 0.000000 2.540000
0.000000 0.000000 2.540000
0.000000 0.000000 2.540000
0.000000 0.000000 2.540000
0.000000 0.000000 2.540000
0.000000 0.000000 2.540000
0.000000 0.000000 2.540000
0.000000 0.000000 2.540000
0.000000 0.000000 2.540000
0.000000 0.000000 2.540000
0.000000 0.000000 2.540000
0.000000 0.000000 2.540000
0.000000 0.000000 2.540000
0.000000 0.000000 2.540000
0.000000 0.000000 2.540000
0.000000 0.000000 2.540000
0.000000 0.000000 2.540000
0.000000 0.000000 2.540000
0.000000 0.000000 2.540000
0.000000 0.000000 2.540000
0.000000 0.000000 2.540000
0.000000 0.000000 2.540000
0.000000 0.000000 2.540000
0.000000 0.000000 2.540000
0.000000 0.000000 2.540000
0.000000 0.000000 2.540000
0.000000 0.000000 2.540000
0.000000 0.000000 2.540000
0.000000 0.000000 2.540000
0.000000 0.000000 2.540000
0.000000 0.000000 2.540000
0.000000 0.000000 2.540000
0.000000 0.000000 2.540000
0.000000 0.000000 2.540000
0.000000 0.000000 2.540000
0.000000 0.000000 2.540000
0.000000 0.000000 2.540000
0.000000 0.000000 2.540000
0.000000 0.000000 2.540000
0.000000 0.000000 2.540000
0.000000 0.000000 2.540000
0.000000 0.000000 2.540000
0.000000 0.000000 2.540000
0.000000 0.000000 2.540000
0.000000 0.000000 2.540000
0.000000 0.000000 2.540000
0.000000 0.000000 2.540000
0.000000 0.000000 2.540000
0.000000 0.000000 2.540000
0.000000 0.000000 2.540000
0.000000 0.000000 2.540000
0.000000 0.000000 2.540000
0.000000 0.000000 2.540000
0.000000 0.000000 2.540000
0.000000 0.000000 2.540000
0.000000 0.000000 2.540000
0.000000 0.000000 2.540000
0.000000 0.000000 2.540000
0.000000 0.000000 2.540000
0.000000 0.000000 2.540000
0.000000 0.000000 2.540000
0.000000 0.000000 2.540000
0.000000 0.000000 2.540000
0.000000 0.000000 2.540000
0.000000 0.000000 2.540000
0.000000 0.000000 2.540000
0.000000 0.000000 2.540000
0.000000 0.000000 2.540000
0.000000 0.000000 2.540000
0.000000 0.000000 2.540000
0.000000 0.000000 2.540000
0.000000 0.000000 2.540000
0.000000 0.000000 2.540000
0.000000 0.000000 2.540000
0.000000 0.000000 2.540000
0.000000 0.000000 2.540000
0.000000 0.000000 2.540000
0.000000 0.000000 2.540000
0.000000 0.000000 2.540000
0.000000 0.000000 2.540000
0.000000 0.000000 2.540000
0.000000 0.000000 2.540000
0.000000 0.000000 2.540000
0.000000 0.000000 2.540000
0.000000 0.000000 2.540000
0.000000 0.000000 2.540000
0.000000 0.000000 2.540000
0.000000 0.000000 2.540000
0.000000 0.000000 2.540000
0.000000 0.000000 2.540000
0.000000 0.000000 2.540000
0.000000 0.000000 2.540000
0.000000 0.000000 2.540000
0.000000 0.000000 2.540000
0.000000 0.000000 2.540000
0.000000 0.000000 2.540000
0.000000 0.000000 2.540000
0.000000 0.000000 2.540000
0.000000 0.000000 2.540000
0.000000 0.000000 2.540000
0.000000 0.000000 2.540000
0.000000 0.000000 2.540000
0.000000 0.000000 2.540000
0.000000 0.000000 2.540000
0.000000 0.000000 2.540000
0.000000 0.000000 2.540000
0.000000 0.000000 2.540000
0.000000 0.000000 2.540000
0.000000 0.000000 2.540000
0.000000 0.000000 2.540000
0.000000 0.000000 2.540000
0.000000 0.000000 2.540000
0.000000 0.000000 2.540000
0.000000 0.000000 2.540000
0.000000 0.000000 2.540000
0.000000 0.000000 2.540000
0.000000 0.000000 2.540000
0.000000 0.000000 2.540000
0.000000 0.000000 2.540000
0.000000 0.000000 2.540000
0.000000 0.000000 2.540000
0.000000 0.000000 2.540000
0.000000 0.000000 2.540000
0.000000 0.000000 2.540000
0.000000 0.000000 2.540000
0.000000 0.000000 2.540000
0.000000 0.000000 2.540000
0.000000 0.000000 2.540000
2.540000 0.000000 0.000000
2.540000 0.000000 0.000000
2.466192 -0.607862 0.000000
2.466192 -0.607862 0.000000
2.540000 0.000000 0.000000
2.466192 -0.607862 0.000000
2.466192 -0.607862 0.000000
2.466192 -0.607862 0.000000
2.249058 -1.180397 0.000000
2.249058 -1.180397 0.000000
2.466192 -0.607862 0.000000
2.249058 -1.180397 0.000000
2.249058 -1.180397 0.000000
2.249058 -1.180397 0.000000
1.901217 -1.684332 0.000000
1.901217 -1.684332 0.000000
2.249058 -1.180397 0.000000
1.901217 -1.684332 0.000000
1.901217 -1.684332 0.000000
1.901217 -1.684332 0.000000
1.442884 -2.090379 0.000000
1.442884 -2.090379 0.000000
1.901217 -1.684332 0.000000
1.442884 -2.090379 0.000000
1.442884 -2.090379 0.000000
1.442884 -2.090379 0.000000
0.900696 -2.374941 0.000000
0.900696 -2.374941 0.000000
1.442884 -2.090379 0.000000
0.900696 -2.374941 0.000000
0.900696 -2.374941 0.000000
0.900696 -2.374941 0.000000
0.306163 -2.521481 0.000000
0.306163 -2.521481 0.000000
0.900696 -2.374941 0.000000
0.306163 -2.521481 0.000000
0.306163 -2.521481 0.000000
0.306163 -2.521481 0.000000
-0.306163 -2.521481 0.000000
-0.306163 -2.521481 0.000000
0.306163 -2.521481 0.000000
-0.306163 -2.521481 0.000000
-0.306163 -2.521481 0.000000
-0.306163 -2.521481 0.000000
-0.900696 -2.374941 0.000000
-0.900696 -2.374941 0.000000
-0.306163 -2.521481 0.000000
-0.900696 -2.374941 0.000000
-0.900696 -2.374941 0.000000
-0.900696 -2.374941 0.000000
-1.442884 -2.090379 0.000000
-1.442884 -2.090379 0.000000
-0.900696 -2.374941 0.000000
-1.442884 -2.090379 0.000000
-1.442884 -2.090379 0.000000
-1.442884 -2.090379 0.000000
-1.901217 -1.684332 0.000000
-1.901217 -1.684332 0.000000
-1.442884 -2.090379 0.000000
-1.901217 -1.684332 0.000000
-1.901217 -1.684332 0.000000
-1.901217 -1.684332 0.000000
-2.249058 -1.180397 0.000000
-2.249058 -1.180397 0.000000
-1.901217 -1.684332 0.000000
-2.249058 -1.180397 0.000000
-2.249058 -1.180397 0.000000
-2.249058 -1.180397 0.000000
-2.466192 -0.607862 0.000000
-2.466192 -0.607862 0.000000
-2.249058 -1.180397 0.000000
-2.466192 -0.607862 0.000000
-2.466192 -0.607862 0.000000
-2.466192 -0.607862 0.000000
-2.540000 0.000000 0.000000
-2.540000 0.000000 0.000000
-2.466192 -0.607862 0.000000
-2.540000 0.000000 0.000000
0.000000 0.000000 2.540000
0.000000 0.000000 2.540000
0.000000 0.000000 2.540000
0.000000 0.000000 2.540000
0.000000 0.000000 2.540000
0.000000 0.000000 2.540000
0.000000 0.000000 2.540000
0.000000 0.000000 2.540000
0.000000 0.000000 2.540000
0.000000 0.000000 2.540000
0.000000 0.000000 2.540000
0.000000 0.000000 2.540000
0.000000 0.000000 2.540000
0.000000 0.000000 2.540000
0.000000 0.000000 2.540000
0.000000 0.000000 2.540000
0.000000 0.000000 2.540000
0.000000 0.000000 2.540000
0.000000 0.000000 2.540000
0.000000 0.000000 2.540000
0.000000 0.000000 2.540000
0.000000 0.000000 2.540000
0.000000 0.000000 2.540000
0.000000 0.000000 2.540000
0.000000 0.000000 2.540000
0.000000 0.000000 2.540000
0.000000 0.000000 2.540000
0.000000 0.000000 2.540000
0.000000 0.000000 2.540000
0.000000 0.000000 2.540000
0.000000 0.000000 2.540000
0.000000 0.000000 2.540000
0.000000 0.000000 2.540000
0.000000 0.000000 2.540000
0.000000 0.000000 2.540000
0.000000 0.000000 2.540000
0.000000 0.000000 2.540000
0.000000 0.000000 2.540000
0.000000 0.000000 2.540000
0.000000 0.000000 2.540000
0.000000 0.000000 2.540000
0.000000 0.000000 2.540000
0.000000 0.000000 2.540000
0.000000 0.000000 2.540000
0.000000 0.000000 2.540000
0.000000 0.000000 2.540000
0.000000 0.000000 2.540000
0.000000 0.000000 2.540000
0.000000 0.000000 2.540000
0.000000 0.000000 2.540000
0.000000 0.000000 2.540000
0.000000 0.000000 2.540000
0.000000 0.000000 2.540000
0.000000 0.000000 2.540000
0.000000 0.000000 2.540000
0.000000 0.000000 2.540000
0.000000 0.000000 2.540000
0.000000 0.000000 2.540000
0.000000 0.000000 2.540000
0.000000 0.000000 2.540000
0.000000 0.000000 2.540000
0.000000 0.000000 2.540000
0.000000 0.000000 2.540000
0.000000 0.000000 2.540000
0.000000 0.000000 2.540000
0.000000 0.000000 2.540000
0.000000 0.000000 2.540000
0.000000 0.000000 2.540000
0.000000 0.000000 2.540000
0.000000 0.000000 2.540000
0.000000 0.000000 2.540000
0.000000 0.000000 2.540000
0.000000 0.000000 2.540000
0.000000 0.000000 2.540000
0.000000 0.000000 2.540000
0.000000 0.000000 2.540000
0.000000 0.000000 2.540000
0.000000 0.000000 2.540000
0.000000 0.000000 2.540000
0.000000 0.000000 2.540000
0.000000 0.000000 2.540000
0.000000 0.000000 2.540000
0.000000 0.000000 2.540000
0.000000 0.000000 2.540000
0.000000 0.000000 2.540000
0.000000 0.000000 2.540000
0.000000 0.000000 2.540000
0.000000 0.000000 2.540000
0.000000 0.000000 2.540000
0.000000 0.000000 2.540000
0.000000 0.000000 2.540000
0.000000 0.000000 2.540000
0.000000 0.000000 2.540000
0.000000 0.000000 2.540000
0.000000 0.000000 2.540000
0.000000 0.000000 2.540000
0.000000 0.000000 2.540000
0.000000 0.000000 2.540000
0.000000 0.000000 2.540000
0.000000 0.000000 2.540000
0.000000 0.000000 2.540000
0.000000 0.000000 2.540000
0.000000 0.000000 2.540000
0.000000 0.000000 2.540000
0.000000 0.000000 2.540000
0.000000 0.000000 2.540000
0.000000 0.000000 2.540000
0.000000 0.000000 2.540000
0.000000 0.000000 2.540000
0.000000 0.000000 2.540000
0.000000 0.000000 2.540000
0.000000 0.000000 2.540000
0.000000 0.000000 2.540000
0.000000 0.000000 2.540000
0.000000 0.000000 2.540000
0.000000 0.000000 2.540000
0.000000 0.000000 2.540000
0.000000 0.000000 2.540000
0.000000 0.000000 2.540000
0.000000 0.000000 2.540000
0.000000 0.000000 2.540000
0.000000 0.000000 2.540000
0.000000 0.000000 2.540000
0.000000 0.000000 2.540000
0.000000 0.000000 2.540000
0.000000 0.000000 2.540000
0.000000 0.000000 2.540000
0.000000 0.000000 2.540000
0.000000 0.000000 2.540000
0.000000 0.000000 2.540000
0.000000 0.000000 2.540000
0.000000 0.000000 2.540000
0.000000 0.000000 2.540000
0.000000 0.000000 2.540000
0.000000 0.000000 2.540000
0.000000 0.000000 2.540000
0.000000 0.000000 2.540000
0.000000 0.000000 2.540000
0.000000 0.000000 2.540000
0.000000 0.000000 2.540000
0.000000 0.000000 2.540000
0.000000 0.000000 2.540000
0.000000 0.000000 2.540000
0.000000 0.000000 2.540000
0.000000 0.000000 2.540000
0.000000 0.000000 2.540000
0.000000 0.000000 2.540000
0.000000 0.000000 2.540000
0.000000 0.000000 2.540000
0.000000 0.000000 2.540000
0.000000 0.000000 2.540000
0.000000 0.000000 2.540000
0.000000 0.000000 2.540000
0.000000 0.000000 2.540000
0.000000 0.000000 2.540000
0.000000 0.000000 2.540000
2.540000 0.000000 0.000000
2.540000 0.000000 0.000000
2.466192 -0.607862 0.000000
2.466192 -0.607862 0.000000
2.540000 0.000000 0.000000
2.466192 -0.607862 0.000000
2.466192 -0.607862 0.000000
2.466192 -0.607862 0.000000
2.249058 -1.180397 0.000000
2.249058 -1.180397 0.000000
2.466192 -0.607862 0.000000
2.249058 -1.180397 0.000000
2.249058 -1.180397 0.000000
2.249058 -1.180397 0.000000
1.901217 -1.684332 0.000000
1.901217 -1.684332 0.000000
2.249058 -1.180397 0.000000
1.901217 -1.684332 0.000000
1.901217 -1.684332 0.000000
1.901217 -1.684332 0.000000
1.442884 -2.090379 0.000000
1.442884 -2.090379 0.000000
1.901217 -1.684332 0.000000
1.442884 -2.090379 0.000000
1.442884 -2.090379 0.000000
1.442884 -2.090379 0.000000
0.900696 -2.374941 0.000000
0.900696 -2.374941 0.000000
1.442884 -2.090379 0.000000
0.900696 -2.374941 0.000000
0.900696 -2.374941 0.000000
0.900696 -2.374941 0.000000
0.306163 -2.521481 0.000000
0.306163 -2.521481 0.000000
0.900696 -2.374941 0.000000
0.306163 -2.521481 0.000000
0.306163 -2.521481 0.000000
0.306163 -2.521481 0.000000
-0.306163 -2.521481 0.000000
-0.306163 -2.521481 0.000000
0.306163 -2.521481 0.000000
-0.306163 -2.521481 0.000000
-0.306163 -2.521481 0.000000
-0.306163 -2.521481 0.000000
-0.900696 -2.374941 0.000000
-0.900696 -2.374941 0.000000
-0.306163 -2.521481 0.000000
-0.900696 -2.374941 0.000000
-0.900696 -2.374941 0.000000
-0.900696 -2.374941 0.000000
-1.442884 -2.090379 0.000000
-1.442884 -2.090379 0.000000
-0.900696 -2.374941 0.000000
-1.442884 -2.090379 0.000000
-1.442884 -2.090379 0.000000
-1.442884 -2.090379 0.000000
-1.901217 -1.684332 0.000000
-1.901217 -1.684332 0.000000
-1.442884 -2.090379 0.000000
-1.901217 -1.684332 0.000000
-1.901217 -1.684332 0.000000
-1.901217 -1.684332 0.000000
-2.249058 -1.180397 0.000000
-2.249058 -1.180397 0.000000
-1.901217 -1.684332 0.000000
-2.249058 -1.180397 0.000000
-2.249058 -1.180397 0.000000
-2.249058 -1.180397 0.000000
-2.466192 -0.607862 0.000000
-2.466192 -0.607862 0.000000
-2.249058 -1.180397 0.000000
-2.466192 -0.607862 0.000000
-2.466192 -0.607862 0.000000
-2.466192 -0.607862 0.000000
-2.540000 0.000000 0.000000
-2.540000 0.000000 0.000000
-2.466192 -0.607862 0.000000
-2.540000 0.000000 0.000000
0.000000 0.000000 2.540000
0.000000 0.000000 2.540000
0.000000 0.000000 2.540000
0.000000 0.000000 2.540000
0.000000 0.000000 2.540000
0.000000 0.000000 2.540000
0.000000 0.000000 2.540000
0.000000 0.000000 2.540000
0.000000 0.000000 2.540000
0.000000 0.000000 2.540000
0.000000 0.000000 2.540000
0.000000 0.000000 2.540000
0.000000 0.000000 2.540000
0.000000 0.000000 2.540000
0.000000 0.000000 2.540000
0.000000 0.000000 2.540000
0.000000 0.000000 2.540000
0.000000 0.000000 2.540000
0.000000 0.000000 2.540000
0.000000 0.000000 2.540000
0.000000 0.000000 2.540000
0.000000 0.000000 2.540000
0.000000 0.000000 2.540000
0.000000 0.000000 2.540000
0.000000 0.000000 2.540000
0.000000 0.000000 2.540000
0.000000 0.000000 2.540000
0.000000 0.000000 2.540000
0.000000 0.000000 2.540000
0.000000 0.000000 2.540000
0.000000 0.000000 2.540000
0.000000 0.000000 2.540000
0.000000 0.000000 2.540000
0.000000 0.000000 2.540000
0.000000 0.000000 2.540000
0.000000 0.000000 2.540000
0.000000 0.000000 2.540000
0.000000 0.000000 2.540000
0.000000 0.000000 2.540000
0.000000 0.000000 2.540000
0.000000 0.000000 2.540000
0.000000 0.000000 2.540000
0.000000 0.000000 2.540000
0.000000 0.000000 2.540000
0.000000 0.000000 2.540000
0.000000 0.000000 2.540000
0.000000 0.000000 2.540000
0.000000 0.000000 2.540000
0.000000 0.000000 2.540000
0.000000 0.000000 2.540000
0.000000 0.000000 2.540000
0.000000 0.000000 2.540000
0.000000 0.000000 2.540000
0.000000 0.000000 2.540000
0.000000 0.000000 2.540000
0.000000 0.000000 2.540000
0.000000 0.000000 2.540000
0.000000 0.000000 2.540000
0.000000 0.000000 2.540000
0.000000 0.000000 2.540000
0.000000 0.000000 2.540000
0.000000 0.000000 2.540000
0.000000 0.000000 2.540000
0.000000 0.000000 2.540000
0.000000 0.000000 2.540000
0.000000 0.000000 2.540000
0.000000 0.000000 2.540000
0.000000 0.000000 2.540000
0.000000 0.000000 2.540000
0.000000 0.000000 2.540000
0.000000 0.000000 2.540000
0.000000 0.000000 2.540000
2.540000 0.000000 0.000000
2.540000 0.000000 0.000000
2.466192 -0.607862 0.000000
2.466192 -0.607862 0.000000
2.540000 0.000000 0.000000
2.466192 -0.607862 0.000000
2.466192 -0.607862 0.000000
2.466192 -0.607862 0.000000
2.249058 -1.180397 0.000000
2.249058 -1.180397 0.000000
2.466192 -0.607862 0.000000
2.249058 -1.180397 0.000000
2.249058 -1.180397 0.000000
2.249058 -1.180397 0.000000
1.901217 -1.684332 0.000000
1.901217 -1.684332 0.000000
2.249058 -1.180397 0.000000
1.901217 -1.684332 0.000000
1.901217 -1.684332 0.000000
1.901217 -1.684332 0.000000
1.442884 -2.090379 0.000000
1.442884 -2.090379 0.000000
1.901217 -1.684332 0.000000
1.442884 -2.090379 0.000000
1.442884 -2.090379 0.000000
1.442884 -2.090379 0.000000
0.900696 -2.374941 0.000000
0.900696 -2.374941 0.000000
1.442884 -2.090379 0.000000
0.900696 -2.374941 0.000000
0.900696 -2.374941 0.000000
0.900696 -2.374941 0.000000
0.306163 -2.521481 0.000000
0.306163 -2.521481 0.000000
0.900696 -2.374941 0.000000
0.306163 -2.521481 0.000000
0.306163 -2.521481 0.000000
0.306163 -2.521481 0.000000
-0.306163 -2.521481 0.000000
-0.306163 -2.521481 0.000000
0.306163 -2.521481 0.000000
-0.306163 -2.521481 0.000000
-0.306163 -2.521481 0.000000
-0.306163 -2.521481 0.000000
-0.900696 -2.374941 0.000000
-0.900696 -2.374941 0.000000
-0.306163 -2.521481 0.000000
-0.900696 -2.374941 0.000000
-0.900696 -2.374941 0.000000
-0.900696 -2.374941 0.000000
-1.442884 -2.090379 0.000000
-1.442884 -2.090379 0.000000
-0.900696 -2.374941 0.000000
-1.442884 -2.090379 0.000000
-1.442884 -2.090379 0.000000
-1.442884 -2.090379 0.000000
-1.901217 -1.684332 0.000000
-1.901217 -1.684332 0.000000
-1.442884 -2.090379 0.000000
-1.901217 -1.684332 0.000000
-1.901217 -1.684332 0.000000
-1.901217 -1.684332 0.000000
-2.249058 -1.180397 0.000000
-2.249058 -1.180397 0.000000
-1.901217 -1.684332 0.000000
-2.249058 -1.180397 0.000000
-2.249058 -1.180397 0.000000
-2.249058 -1.180397 0.000000
-2.466192 -0.607862 0.000000
-2.466192 -0.607862 0.000000
-2.249058 -1.180397 0.000000
-2.466192 -0.607862 0.000000
-2.466192 -0.607862 0.000000
-2.466192 -0.607862 0.000000
-2.540000 0.000000 0.000000
-2.540000 0.000000 0.000000
-2.466192 -0.607862 0.000000
-2.540000 0.000000 0.000000
0.000000 0.000000 2.540000
0.000000 0.000000 2.540000
0.000000 0.000000 2.540000
0.000000 0.000000 2.540000
0.000000 0.000000 2.540000
0.000000 0.000000 2.540000
0.000000 0.000000 2.540000
0.000000 0.000000 2.540000
0.000000 0.000000 2.540000
0.000000 0.000000 2.540000
0.000000 0.000000 2.540000
0.000000 0.000000 2.540000
0.000000 0.000000 2.540000
0.000000 0.000000 2.540000
0.000000 0.000000 2.540000
0.000000 0.000000 2.540000
0.000000 0.000000 2.540000
0.000000 0.000000 2.540000
0.000000 0.000000 2.540000
0.000000 0.000000 2.540000
0.000000 0.000000 2.540000
0.000000 0.000000 2.540000
0.000000 0.000000 2.540000
0.000000 0.000000 2.540000
0.000000 0.000000 2.540000
0.000000 0.000000 2.540000
0.000000 0.000000 2.540000
0.000000 0.000000 2.540000
0.000000 0.000000 2.540000
0.000000 0.000000 2.540000
0.000000 0.000000 2.540000
0.000000 0.000000 2.540000
0.000000 0.000000 2.540000
0.000000 0.000000 2.540000
0.000000 0.000000 2.540000
0.000000 0.000000 2.540000
0.000000 0.000000 2.540000
0.000000 0.000000 2.540000
0.000000 0.000000 2.540000
0.000000 0.000000 2.540000
0.000000 0.000000 2.540000
0.000000 0.000000 2.540000
0.000000 0.000000 2.540000
0.000000 0.000000 2.540000
0.000000 0.000000 2.540000
0.000000 0.000000 2.540000
0.000000 0.000000 2.540000
0.000000 0.000000 2.540000
0.000000 0.000000 2.540000
0.000000 0.000000 2.540000
0.000000 0.000000 2.540000
0.000000 0.000000 2.540000
0.000000 0.000000 2.540000
0.000000 0.000000 2.540000
0.000000 0.000000 2.540000
0.000000 0.000000 2.540000
0.000000 0.000000 2.540000
0.000000 0.000000 2.540000
0.000000 0.000000 2.540000
0.000000 0.000000 2.540000
0.000000 0.000000 2.540000
0.000000 0.000000 2.540000
0.000000 0.000000 2.540000
0.000000 0.000000 2.540000
0.000000 0.000000 2.540000
0.000000 0.000000 2.540000
0.000000 0.000000 2.540000
0.000000 0.000000 2.540000
0.000000 0.000000 2.540000
0.000000 0.000000 2.540000
0.000000 0.000000 2.540000
0.000000 0.000000 2.540000
2.540000 0.000000 0.000000
2.540000 0.000000 0.000000
2.466192 -0.607862 0.000000
2.466192 -0.607862 0.000000
2.540000 0.000000 0.000000
2.466192 -0.607862 0.000000
2.466192 -0.607862 0.000000
2.466192 -0.607862 0.000000
2.249058 -1.180397 0.000000
2.249058 -1.180397 0.000000
2.466192 -0.607862 0.000000
2.249058 -1.180397 0.000000
2.249058 -1.180397 0.000000
2.249058 -1.180397 0.000000
1.901217 -1.684332 0.000000
1.901217 -1.684332 0.000000
2.249058 -1.180397 0.000000
1.901217 -1.684332 0.000000
1.901217 -1.684332 0.000000
1.901217 -1.684332 0.000000
1.442884 -2.090379 0.000000
1.442884 -2.090379 0.000000
1.901217 -1.684332 0.000000
1.442884 -2.090379 0.000000
1.442884 -2.090379 0.000000
1.442884 -2.090379 0.000000
0.900696 -2.374941 0.000000
0.900696 -2.374941 0.000000
1.442884 -2.090379 0.000000
0.900696 -2.374941 0.000000
0.900696 -2.374941 0.000000
0.900696 -2.374941 0.000000
0.306163 -2.521481 0.000000
0.306163 -2.521481 0.000000
0.900696 -2.374941 0.000000
0.306163 -2.521481 0.000000
0.306163 -2.521481 0.000000
0.306163 -2.521481 0.000000
-0.306163 -2.521481 0.000000
-0.306163 -2.521481 0.000000
0.306163 -2.521481 0.000000
-0.306163 -2.521481 0.000000
-0.306163 -2.521481 0.000000
-0.306163 -2.521481 0.000000
-0.900696 -2.374941 0.000000
-0.900696 -2.374941 0.000000
-0.306163 -2.521481 0.000000
-0.900696 -2.374941 0.000000
-0.900696 -2.374941 0.000000
-0.900696 -2.374941 0.000000
-1.442884 -2.090379 0.000000
-1.442884 -2.090379 0.000000
-0.900696 -2.374941 0.000000
-1.442884 -2.090379 0.000000
-1.442884 -2.090379 0.000000
-1.442884 -2.090379 0.000000
-1.901217 -1.684332 0.000000
-1.901217 -1.684332 0.000000
-1.442884 -2.090379 0.000000
-1.901217 -1.684332 0.000000
-1.901217 -1.684332 0.000000
-1.901217 -1.684332 0.000000
-2.249058 -1.180397 0.000000
-2.249058 -1.180397 0.000000
-1.901217 -1.684332 0.000000
-2.249058 -1.180397 0.000000
-2.249058 -1.180397 0.000000
-2.249058 -1.180397 0.000000
-2.466192 -0.607862 0.000000
-2.466192 -0.607862 0.000000
-2.249058 -1.180397 0.000000
-2.466192 -0.607862 0.000000
-2.466192 -0.607862 0.000000
-2.466192 -0.607862 0.000000
-2.540000 0.000000 0.000000
-2.540000 0.000000 0.000000
-2.466192 -0.607862 0.000000
-2.540000 0.000000 0.000000
2.540000 0.000000 0.000000
2.540000 0.000000 0.000000
2.466192 -0.607862 0.000000
2.466192 -0.607862 0.000000
2.540000 0.000000 0.000000
2.466192 -0.607862 0.000000
2.466192 -0.607862 0.000000
2.466192 -0.607862 0.000000
2.249058 -1.180397 0.000000
2.249058 -1.180397 0.000000
2.466192 -0.607862 0.000000
2.249058 -1.180397 0.000000
2.249058 -1.180397 0.000000
2.249058 -1.180397 0.000000
1.901217 -1.684332 0.000000
1.901217 -1.684332 0.000000
2.249058 -1.180397 0.000000
1.901217 -1.684332 0.000000
1.901217 -1.684332 0.000000
1.901217 -1.684332 0.000000
1.442884 -2.090379 0.000000
1.442884 -2.090379 0.000000
1.901217 -1.684332 0.000000
1.442884 -2.090379 0.000000
1.442884 -2.090379 0.000000
1.442884 -2.090379 0.000000
0.900696 -2.374941 0.000000
0.900696 -2.374941 0.000000
1.442884 -2.090379 0.000000
0.900696 -2.374941 0.000000
0.900696 -2.374941 0.000000
0.900696 -2.374941 0.000000
0.306163 -2.521481 0.000000
0.306163 -2.521481 0.000000
0.900696 -2.374941 0.000000
0.306163 -2.521481 0.000000
0.306163 -2.521481 0.000000
0.306163 -2.521481 0.000000
-0.306163 -2.521481 0.000000
-0.306163 -2.521481 0.000000
0.306163 -2.521481 0.000000
-0.306163 -2.521481 0.000000
-0.306163 -2.521481 0.000000
-0.306163 -2.521481 0.000000
-0.900696 -2.374941 0.000000
-0.900696 -2.374941 0.000000
-0.306163 -2.521481 0.000000
-0.900696 -2.374941 0.000000
-0.900696 -2.374941 0.000000
-0.900696 -2.374941 0.000000
-1.442884 -2.090379 0.000000
-1.442884 -2.090379 0.000000
-0.900696 -2.374941 0.000000
-1.442884 -2.090379 0.000000
-1.442884 -2.090379 0.000000
-1.442884 -2.090379 0.000000
-1.680052 -1.905000 0.000000
-1.680052 -1.905000 0.000000
-1.442884 -2.090379 0.000000
-1.690790 -1.895476 0.000000
-1.690790 -1.895476 0.000000
-1.442884 -2.090379 0.000000
-1.721918 -1.867243 0.000000
-1.721918 -1.867243 0.000000
-1.442884 -2.090379 0.000000
-1.901217 -1.684332 0.000000
-1.721918 -1.867243 0.000000
-1.901217 -1.684332 0.000000
-1.834334 -1.756935 0.000000
-1.834334 -1.756935 0.000000
-1.901217 -1.684332 0.000000
-1.986783 -1.582496 0.000000
-1.986783 -1.582496 0.000000
-1.901217 -1.684332 0.000000
-2.146842 -1.357450 0.000000
-2.146842 -1.357450 0.000000
-1.901217 -1.684332 0.000000
-2.249058 -1.180397 0.000000
-2.146842 -1.357450 0.000000
-2.249058 -1.180397 0.000000
-2.297833 -1.082388 0.000000
-2.297833 -1.082388 0.000000
-2.249058 -1.180397 0.000000
-2.426198 -0.751774 0.000000
-2.426198 -0.751774 0.000000
-2.249058 -1.180397 0.000000
-2.466192 -0.607862 0.000000
-2.426198 -0.751774 0.000000
-2.466192 -0.607862 0.000000
-2.511019 -0.382603 0.000000
-2.511019 -0.382603 0.000000
-2.466192 -0.607862 0.000000
-2.540000 0.000000 0.000000
-2.511019 -0.382603 0.000000
-2.540000 0.000000 0.000000
-2.540000 0.000000 0.000000
-1.680052 -1.905000 0.000000
-1.690790 -1.895476 0.000000
-1.442884 -2.090379 0.000000
-1.442884 -2.090379 0.000000
-1.690790 -1.895476 0.000000
-1.721918 -1.867243 0.000000
-1.442884 -2.090379 0.000000
-1.721918 -1.867243 0.000000
-1.901217 -1.684332 0.000000
-1.901217 -1.684332 0.000000
-1.721918 -1.867243 0.000000
-1.834334 -1.756935 0.000000
-1.901217 -1.684332 0.000000
-1.834334 -1.756935 0.000000
-1.986783 -1.582496 0.000000
-1.986783 -1.582496 0.000000
-2.146842 -1.357450 0.000000
-1.901217 -1.684332 0.000000
-1.901217 -1.684332 0.000000
-2.146842 -1.357450 0.000000
-2.249058 -1.180397 0.000000
-2.249058 -1.180397 0.000000
-2.146842 -1.357450 0.000000
-2.297833 -1.082388 0.000000
-2.249058 -1.180397 0.000000
-2.297833 -1.082388 0.000000
-2.426198 -0.751774 0.000000
-2.249058 -1.180397 0.000000
-2.426198 -0.751774 0.000000
-2.466192 -0.607862 0.000000
-2.466192 -0.607862 0.000000
-2.426198 -0.751774 0.000000
-2.511019 -0.382603 0.000000
-2.466192 -0.607862 0.000000
-2.511019 -0.382603 0.000000
-2.540000 0.000000 0.000000
-2.540000 0.000000 0.000000
-2.511019 -0.382603 0.000000
-2.540000 0.000000 0.000000
0.000000 0.000000 2.540000
0.000000 0.000000 2.540000
0.000000 0.000000 2.540000
0.000000 0.000000 2.540000
0.000000 0.000000 2.540000
0.000000 0.000000 2.540000
0.000000 0.000000 2.540000
0.000000 0.000000 2.540000
0.000000 0.000000 2.540000
0.000000 0.000000 2.540000
0.000000 0.000000 2.540000
0.000000 0.000000 2.540000
0.000000 0.000000 2.540000
0.000000 0.000000 2.540000
0.000000 0.000000 2.540000
0.000000 0.000000 2.540000
0.000000 0.000000 2.540000
0.000000 0.000000 2.540000
0.000000 0.000000 2.540000
0.000000 0.000000 2.540000
0.000000 0.000000 2.540000
0.000000 0.000000 2.540000
0.000000 0.000000 2.540000
0.000000 0.000000 2.540000
0.000000 0.000000 2.540000
0.000000 0.000000 2.540000
0.000000 0.000000 2.540000
0.000000 0.000000 2.540000
0.000000 0.000000 2.540000
0.000000 0.000000 2.540000
0.000000 0.000000 2.540000
0.000000 0.000000 2.540000
0.000000 0.000000 2.540000
0.000000 0.000000 2.540000
0.000000 0.000000 2.540000
0.000000 0.000000 2.540000
0.000000 0.000000 2.540000
0.000000 0.000000 2.540000
0.000000 0.000000 2.540000
0.000000 0.000000 2.540000
0.000000 0.000000 2.540000
0.000000 0.000000 2.540000
0.000000 0.000000 2.540000
0.000000 0.000000 2.540000
0.000000 0.000000 2.540000
0.000000 0.000000 2.540000
0.000000 0.000000 2.540000
0.000000 0.000000 2.540000
0.000000 0.000000 2.540000
0.000000 0.000000 2.540000
0.000000 0.000000 2.540000
0.000000 0.000000 2.540000
0.000000 0.000000 2.540000
0.000000 0.000000 2.540000
0.000000 0.000000 2.540000
0.000000 0.000000 2.540000
0.000000 0.000000 2.540000
0.000000 0.000000 2.540000
0.000000 0.000000 2.540000
0.000000 0.000000 2.540000
0.000000 0.000000 2.540000
0.000000 0.000000 2.540000
0.000000 0.000000 2.540000
0.000000 0.000000 2.540000
0.000000 0.000000 2.540000
0.000000 0.000000 2.540000
0.000000 0.000000 2.540000
0.000000 0.000000 2.540000
0.000000 0.000000 2.540000
0.000000 0.000000 2.540000
0.000000 0.000000 2.540000
0.000000 0.000000 2.540000
0.000000 0.000000 2.540000
0.000000 0.000000 2.540000
0.000000 0.000000 2.540000
0.000000 0.000000 2.540000
0.000000 0.000000 2.540000
0.000000 0.000000 2.540000
0.000000 0.000000 2.540000
0.000000 0.000000 2.540000
0.000000 0.000000 2.540000
0.000000 0.000000 2.540000
0.000000 0.000000 2.540000
0.000000 0.000000 2.540000
0.000000 0.000000 2.540000
0.000000 0.000000 2.540000
0.000000 0.000000 2.540000
0.000000 0.000000 2.540000
0.000000 0.000000 2.540000
0.000000 0.000000 2.540000
0.000000 0.000000 2.540000
0.000000 0.000000 2.540000
0.000000 0.000000 2.540000
0.000000 0.000000 2.540000
0.000000 0.000000 2.540000
0.000000 0.000000 2.540000
0.000000 0.000000 2.540000
0.000000 0.000000 2.540000
0.000000 0.000000 2.540000
0.000000 0.000000 2.540000
0.000000 0.000000 2.540000
0.000000 0.000000 2.540000
0.000000 0.000000 2.540000
0.000000 0.000000 2.540000
0.000000 0.000000 2.540000
0.000000 0.000000 2.540000
0.000000 0.000000 2.540000
0.000000 0.000000 2.540000
0.000000 0.000000 2.540000
0.000000 0.000000 2.540000
0.000000 0.000000 2.540000
0.000000 0.000000 2.540000
0.000000 0.000000 2.540000
0.000000 0.000000 2.540000
0.000000 0.000000 2.540000
0.000000 0.000000 2.540000
0.000000 0.000000 2.540000
0.000000 0.000000 2.540000
0.000000 0.000000 2.540000
0.000000 0.000000 2.540000
0.000000 0.000000 2.540000
0.000000 0.000000 2.540000
0.000000 0.000000 2.540000
0.000000 0.000000 2.540000
0.000000 0.000000 2.540000
0.000000 0.000000 2.540000
0.000000 0.000000 2.540000
0.000000 0.000000 2.540000
0.000000 0.000000 2.540000
0.000000 0.000000 2.540000
0.000000 0.000000 2.540000
0.000000 0.000000 2.540000
0.000000 0.000000 2.540000
0.000000 0.000000 2.540000
0.000000 0.000000 2.540000
0.000000 0.000000 2.540000
0.000000 0.000000 2.540000
0.000000 0.000000 2.540000
0.000000 0.000000 2.540000
0.000000 0.000000 2.540000
0.000000 0.000000 2.540000
0.000000 0.000000 2.540000
0.000000 0.000000 2.540000
0.000000 0.000000 2.540000
0.000000 0.000000 2.540000
0.000000 0.000000 2.540000
0.000000 0.000000 2.540000
0.000000 0.000000 2.540000
0.000000 0.000000 2.540000
0.000000 0.000000 2.540000
0.000000 0.000000 2.540000
0.000000 0.000000 2.540000
0.000000 0.000000 2.540000
0.000000 0.000000 2.540000
0.000000 0.000000 2.540000
0.000000 0.000000 2.540000
-0.000000 -2.540000 0.000000
-0.000000 -2.540000 0.000000
-0.000000 -2.527369 -0.252993
-0.000000 -2.527369 -0.252993
-0.000000 -2.540000 0.000000
-0.000000 -2.466192 -0.607862
-0.000000 -2.527369 -0.252993
-0.000000 -2.466192 -0.607862
-0.000000 -2.489658 -0.503193
-0.000000 -2.489658 -0.503193
-0.000000 -2.466192 -0.607862
-0.000000 -2.342580 -0.981793
-0.000000 -2.342580 -0.981793
-0.000000 -2.466192 -0.607862
-0.000000 -2.249058 -1.180397
-0.000000 -2.342580 -0.981793
-0.000000 -2.249058 -1.180397
-0.000000 -2.110003 -1.414032
-0.000000 -2.110003 -1.414032
-0.000000 -2.249058 -1.180397
-0.000000 -1.901217 -1.684332
-0.000000 -2.110003 -1.414032
-0.000000 -1.901217 -1.684332
-0.000000 -1.809933 -1.782061
-0.000000 -1.809933 -1.782061
-0.000000 -1.901217 -1.684332
-0.000000 -1.442884 -2.090379
-0.000000 -1.809933 -1.782061
-0.000000 -1.442884 -2.090379
-0.000000 -1.443331 -2.090071
-0.000000 -1.443331 -2.090071
-0.000000 -1.442884 -2.090379
-0.000000 -1.002366 -2.333852
-0.000000 -1.002366 -2.333852
-0.000000 -1.442884 -2.090379
-0.000000 -0.900696 -2.374941
-0.000000 -1.002366 -2.333852
-0.000000 -0.900696 -2.374941
-0.000000 -0.510175 -2.488237
-0.000000 -0.510175 -2.488237
-0.000000 -0.900696 -2.374941
-0.000000 -0.306163 -2.521481
-0.000000 -0.510175 -2.488237
-0.000000 -0.306163 -2.521481
0.000000 0.000000 -2.540000
0.000000 0.000000 -2.540000
-0.000000 -0.306163 -2.521481
0.000000 0.306163 -2.521481
0.000000 0.000000 -2.540000
0.000000 0.306163 -2.521481
0.000000 0.510175 -2.488237
0.000000 0.510175 -2.488237
0.000000 0.306163 -2.521481
0.000000 0.900696 -2.374941
0.000000 0.510175 -2.488237
0.000000 0.900696 -2.374941
0.000000 1.002366 -2.333852
0.000000 1.002366 -2.333852
0.000000 0.900696 -2.374941
0.000000 1.442884 -2.090379
0.000000 1.002366 -2.333852
0.000000 1.442884 -2.090379
0.000000 1.443331 -2.090071
0.000000 1.443331 -2.090071
0.000000 1.442884 -2.090379
0.000000 1.809933 -1.782061
0.000000 1.809933 -1.782061
0.000000 1.442884 -2.090379
0.000000 1.901217 -1.684332
0.000000 1.809933 -1.782061
0.000000 1.901217 -1.684332
0.000000 2.110003 -1.414032
0.000000 2.110003 -1.414032
0.000000 1.901217 -1.684332
0.000000 2.249058 -1.180397
0.000000 2.110003 -1.414032
0.000000 2.249058 -1.180397
0.000000 2.342580 -0.981793
0.000000 2.342580 -0.981793
0.000000 2.249058 -1.180397
0.000000 2.466192 -0.607862
0.000000 2.342580 -0.981793
0.000000 2.466192 -0.607862
0.000000 2.489658 -0.503193
0.000000 2.489658 -0.503193
0.000000 2.466192 -0.607862
0.000000 2.527369 -0.252993
0.000000 2.527369 -0.252993
0.000000 2.466192 -0.607862
0.000000 2.540000 0.000000
0.000000 2.527369 -0.252993
0.000000 2.540000 0.000000
0.000000 2.540000 0.000000
-2.540000 0.000000 0.000000
-2.540000 0.000000 0.000000
-2.540000 0.000000 0.000000
-2.540000 0.000000 0.000000
-2.540000 0.000000 0.000000
-2.540000 0.000000 0.000000
-2.540000 0.000000 0.000000
-2.540000 0.000000 0.000000
-2.540000 0.000000 0.000000
-2.540000 0.000000 0.000000
-2.540000 0.000000 0.000000
-2.540000 0.000000 0.000000
-2.540000 0.000000 0.000000
-2.540000 0.000000 0.000000
-2.540000 0.000000 0.000000
-2.540000 0.000000 0.000000
-2.540000 0.000000 0.000000
-2.540000 0.000000 0.000000
-2.540000 0.000000 0.000000
-2.540000 0.000000 0.000000
-2.540000 0.000000 0.000000
-2.540000 0.000000 0.000000
-2.540000 0.000000 0.000000
-2.540000 0.000000 0.000000
-2.540000 0.000000 0.000000
-2.540000 0.000000 0.000000
-2.540000 0.000000 0.000000
-2.540000 0.000000 0.000000
-2.540000 0.000000 0.000000
-2.540000 0.000000 0.000000
-2.540000 0.000000 0.000000
-2.540000 0.000000 0.000000
-2.540000 0.000000 0.000000
-2.540000 0.000000 0.000000
-2.540000 0.000000 0.000000
-2.540000 0.000000 0.000000
-2.540000 0.000000 0.000000
-2.540000 0.000000 0.000000
-2.540000 0.000000 0.000000
-2.540000 0.000000 0.000000
-2.540000 0.000000 0.000000
-2.540000 0.000000 0.000000
-2.540000 0.000000 0.000000
-2.540000 0.000000 0.000000
-2.540000 0.000000 0.000000
-2.540000 0.000000 0.000000
-2.540000 0.000000 0.000000
-2.540000 0.000000 0.000000
-2.540000 0.000000 0.000000
-2.540000 0.000000 0.000000
-2.540000 0.000000 0.000000
-2.540000 0.000000 0.000000
-2.540000 0.000000 0.000000
-2.540000 0.000000 0.000000
-2.540000 0.000000 0.000000
-2.540000 0.000000 0.000000
-2.540000 0.000000 0.000000
-2.540000 0.000000 0.000000
-2.540000 0.000000 0.000000
-2.540000 0.000000 0.000000
-2.540000 0.000000 0.000000
-2.540000 0.000000 0.000000
-2.540000 0.000000 0.000000
-2.540000 0.000000 0.000000
-2.540000 0.000000 0.000000
-2.540000 0.000000 0.000000
-2.540000 0.000000 0.000000
-2.540000 0.000000 0.000000
-2.540000 0.000000 0.000000
-2.540000 0.000000 0.000000
-2.540000 0.000000 0.000000
-2.540000 0.000000 0.000000
-2.540000 0.000000 0.000000
-2.540000 0.000000 0.000000
-2.540000 0.000000 0.000000
-2.540000 0.000000 0.000000
-2.540000 0.000000 0.000000
-2.540000 0.000000 0.000000
-2.540000 0.000000 0.000000
-2.540000 0.000000 0.000000
-2.540000 0.000000 0.000000
-2.540000 0.000000 0.000000
-2.540000 0.000000 0.000000
-2.540000 0.000000 0.000000
-2.540000 0.000000 0.000000
-2.540000 0.000000 0.000000
-2.540000 0.000000 0.000000
-2.540000 0.000000 0.000000
-2.540000 0.000000 0.000000
-2.540000 0.000000 0.000000
-2.540000 0.000000 0.000000
-2.540000 0.000000 0.000000
-2.540000 0.000000 0.000000
-2.540000 0.000000 0.000000
-2.540000 0.000000 0.000000
-2.540000 0.000000 0.000000
-2.540000 0.000000 0.000000
-2.540000 0.000000 0.000000
-2.540000 0.000000 0.000000
-2.540000 0.000000 0.000000
-2.540000 0.000000 0.000000
-2.540000 0.000000 0.000000
-2.540000 0.000000 0.000000
-2.540000 0.000000 0.000000
-2.540000 0.000000 0.000000
-2.540000 0.000000 0.000000
-2.540000 0.000000 0.000000
-2.540000 0.000000 0.000000
-2.540000 0.000000 0.000000
-2.540000 0.000000 0.000000
-2.540000 0.000000 0.000000
-2.540000 0.000000 0.000000
-2.540000 0.000000 0.000000
-2.540000 0.000000 0.000000
-2.540000 0.000000 0.000000
-2.540000 0.000000 0.000000
-2.540000 0.000000 0.000000
-2.540000 0.000000 0.000000
-2.540000 0.000000 0.000000
-2.540000 0.000000 0.000000
-2.540000 0.000000 0.000000
-2.540000 0.000000 0.000000
-2.540000 0.000000 0.000000
-2.540000 0.000000 0.000000
-2.540000 0.000000 0.000000
-2.540000 0.000000 0.000000
-2.540000 0.000000 0.000000
-2.540000 0.000000 0.000000
-2.540000 0.000000 0.000000
-2.540000 0.000000 0.000000
-2.540000 0.000000 0.000000
-2.540000 0.000000 0.000000
-2.540000 0.000000 0.000000
-2.540000 0.000000 0.000000
-2.540000 0.000000 0.000000
-2.540000 0.000000 0.000000
-2.540000 0.000000 0.000000
-2.540000 0.000000 0.000000
-2.540000 0.000000 0.000000
-2.540000 0.000000 0.000000
-2.540000 0.000000 0.000000
-2.540000 0.000000 0.000000
-2.540000 0.000000 0.000000
-2.540000 0.000000 0.000000
-2.540000 0.000000 0.000000
-2.540000 0.000000 0.000000
-2.540000 0.000000 0.000000
-2.540000 0.000000 0.000000
-2.540000 0.000000 0.000000
-2.540000 0.000000 0.000000
-2.540000 0.000000 0.000000
-2.540000 0.000000 0.000000
-2.540000 0.000000 0.000000
-2.540000 0.000000 0.000000
-2.540000 0.000000 0.000000
-2.540000 0.000000 0.000000
-0.000000 -2.540000 0.000000
-0.000000 -2.540000 0.000000
-0.000000 -2.466192 -0.607862
-0.000000 -2.466192 -0.607862
-0.000000 -2.540000 0.000000
-0.000000 -2.466192 -0.607862
-0.000000 -2.466192 -0.607862
-0.000000 -2.466192 -0.607862
-0.000000 -2.249058 -1.180397
-0.000000 -2.249058 -1.180397
-0.000000 -2.466192 -0.607862
-0.000000 -2.249058 -1.180397
-0.000000 -2.249058 -1.180397
-0.000000 -2.249058 -1.180397
-0.000000 -1.901217 -1.684332
-0.000000 -1.901217 -1.684332
-0.000000 -2.249058 -1.180397
-0.000000 -1.901217 -1.684332
-0.000000 -1.901217 -1.684332
-0.000000 -1.901217 -1.684332
-0.000000 -1.442884 -2.090379
-0.000000 -1.442884 -2.090379
-0.000000 -1.901217 -1.684332
-0.000000 -1.442884 -2.090379
-0.000000 -1.442884 -2.090379
-0.000000 -1.442884 -2.090379
-0.000000 -0.900696 -2.374941
-0.000000 -0.900696 -2.374941
-0.000000 -1.442884 -2.090379
-0.000000 -0.900696 -2.374941
-0.000000 -0.900696 -2.374941
-0.000000 -0.900696 -2.374941
-0.000000 -0.306163 -2.521481
-0.000000 -0.306163 -2.521481
-0.000000 -0.900696 -2.374941
-0.000000 -0.306163 -2.521481
-0.000000 -0.306163 -2.521481
-0.000000 -0.306163 -2.521481
0.000000 0.306163 -2.521481
0.000000 0.306163 -2.521481
-0.000000 -0.306163 -2.521481
0.000000 0.306163 -2.521481
0.000000 0.306163 -2.521481
0.000000 0.306163 -2.521481
0.000000 0.900696 -2.374941
0.000000 0.900696 -2.374941
0.000000 0.306163 -2.521481
0.000000 0.900696 -2.374941
0.000000 0.900696 -2.374941
0.000000 0.900696 -2.374941
0.000000 1.442884 -2.090379
0.000000 1.442884 -2.090379
0.000000 0.900696 -2.374941
0.000000 1.442884 -2.090379
0.000000 1.442884 -2.090379
0.000000 1.442884 -2.090379
0.000000 1.901217 -1.684332
0.000000 1.901217 -1.684332
0.000000 1.442884 -2.090379
0.000000 1.901217 -1.684332
0.000000 1.901217 -1.684332
0.000000 1.901217 -1.684332
0.000000 2.249058 -1.180397
0.000000 2.249058 -1.180397
0.000000 1.901217 -1.684332
0.000000 2.249058 -1.180397
0.000000 2.249058 -1.180397
0.000000 2.249058 -1.180397
0.000000 2.466192 -0.607862
0.000000 2.466192 -0.607862
0.000000 2.249058 -1.180397
0.000000 2.466192 -0.607862
0.000000 2.466192 -0.607862
0.000000 2.466192 -0.607862
0.000000 2.540000 0.000000
0.000000 2.540000 0.000000
0.000000 2.466192 -0.607862
0.000000 2.540000 0.000000
-2.540000 0.000000 0.000000
-2.540000 0.000000 0.000000
-2.540000 0.000000 0.000000
-2.540000 0.000000 0.000000
-2.540000 0.000000 0.000000
-2.540000 0.000000 0.000000
-2.540000 0.000000 0.000000
-2.540000 0.000000 0.000000
-2.540000 0.000000 0.000000
-2.540000 0.000000 0.000000
-2.540000 0.000000 0.000000
-2.540000 0.000000 0.000000
-2.540000 0.000000 0.000000
-2.540000 0.000000 0.000000
-2.540000 0.000000 0.000000
-2.540000 0.000000 0.000000
-2.540000 0.000000 0.000000
-2.540000 0.000000 0.000000
-2.540000 0.000000 0.000000
-2.540000 0.000000 0.000000
-2.540000 0.000000 0.000000
-2.540000 0.000000 0.000000
-2.540000 0.000000 0.000000
-2.540000 0.000000 0.000000
-2.540000 0.000000 0.000000
-2.540000 0.000000 0.000000
-2.540000 0.000000 0.000000
-2.540000 0.000000 0.000000
-2.540000 0.000000 0.000000
-2.540000 0.000000 0.000000
-2.540000 0.000000 0.000000
-2.540000 0.000000 0.000000
-2.540000 0.000000 0.000000
-2.540000 0.000000 0.000000
-2.540000 0.000000 0.000000
-2.540000 0.000000 0.000000
-2.540000 0.000000 0.000000
-2.540000 0.000000 0.000000
-2.540000 0.000000 0.000000
-2.540000 0.000000 0.000000
-2.540000 0.000000 0.000000
-2.540000 0.000000 0.000000
-2.540000 0.000000 0.000000
-2.540000 0.000000 0.000000
-2.540000 0.000000 0.000000
-2.540000 0.000000 0.000000
-2.540000 0.000000 0.000000
-2.540000 0.000000 0.000000
-2.540000 0.000000 0.000000
-2.540000 0.000000 0.000000
-2.540000 0.000000 0.000000
-2.540000 0.000000 0.000000
-2.540000 0.000000 0.000000
-2.540000 0.000000 0.000000
-2.540000 0.000000 0.000000
-2.540000 0.000000 0.000000
-2.540000 0.000000 0.000000
-2.540000 0.000000 0.000000
-2.540000 0.000000 0.000000
-2.540000 0.000000 0.000000
-2.540000 0.000000 0.000000
-2.540000 0.000000 0.000000
-2.540000 0.000000 0.000000
-2.540000 0.000000 0.000000
-2.540000 0.000000 0.000000
-2.540000 0.000000 0.000000
-2.540000 0.000000 0.000000
-2.540000 0.000000 0.000000
-2.540000 0.000000 0.000000
-2.540000 0.000000 0.000000
-2.540000 0.000000 0.000000
-2.540000 0.000000 0.000000
2.540000 0.000000 0.000000
2.540000 0.000000 0.000000
2.466192 -0.607862 0.000000
2.466192 -0.607862 0.000000
2.540000 0.000000 0.000000
2.466192 -0.607862 0.000000
2.466192 -0.607862 0.000000
2.466192 -0.607862 0.000000
2.249058 -1.180397 0.000000
2.249058 -1.180397 0.000000
2.466192 -0.607862 0.000000
2.249058 -1.180397 0.000000
2.249058 -1.180397 0.000000
2.249058 -1.180397 0.000000
1.901217 -1.684332 0.000000
1.901217 -1.684332 0.000000
2.249058 -1.180397 0.000000
1.901217 -1.684332 0.000000
1.901217 -1.684332 0.000000
1.901217 -1.684332 0.000000
1.442884 -2.090379 0.000000
1.442884 -2.090379 0.000000
1.901217 -1.684332 0.000000
1.442884 -2.090379 0.000000
1.442884 -2.090379 0.000000
1.442884 -2.090379 0.000000
0.900696 -2.374941 0.000000
0.900696 -2.374941 0.000000
1.442884 -2.090379 0.000000
0.900696 -2.374941 0.000000
0.900696 -2.374941 0.000000
0.900696 -2.374941 0.000000
0.306163 -2.521481 0.000000
0.306163 -2.521481 0.000000
0.900696 -2.374941 0.000000
0.306163 -2.521481 0.000000
0.306163 -2.521481 0.000000
0.306163 -2.521481 0.000000
-0.306163 -2.521481 0.000000
-0.306163 -2.521481 0.000000
0.306163 -2.521481 0.000000
-0.306163 -2.521481 0.000000
-0.306163 -2.521481 0.000000
-0.306163 -2.521481 0.000000
-0.900696 -2.374941 0.000000
-0.900696 -2.374941 0.000000
-0.306163 -2.521481 0.000000
-0.900696 -2.374941 0.000000
-0.900696 -2.374941 0.000000
-0.900696 -2.374941 0.000000
-1.442884 -2.090379 0.000000
-1.442884 -2.090379 0.000000
-0.900696 -2.374941 0.000000
-1.442884 -2.090379 0.000000
-1.442884 -2.090379 0.000000
-1.442884 -2.090379 0.000000
-1.901217 -1.684332 0.000000
-1.901217 -1.684332 0.000000
-1.442884 -2.090379 0.000000
-1.901217 -1.684332 0.000000
-1.901217 -1.684332 0.000000
-1.901217 -1.684332 0.000000
-2.249058 -1.180397 0.000000
-2.249058 -1.180397 0.000000
-1.901217 -1.684332 0.000000
-2.249058 -1.180397 0.000000
-2.249058 -1.180397 0.000000
-2.249058 -1.180397 0.000000
-2.466192 -0.607862 0.000000
-2.466192 -0.607862 0.000000
-2.249058 -1.180397 0.000000
-2.466192 -0.607862 0.000000
-2.466192 -0.607862 0.000000
-2.466192 -0.607862 0.000000
-2.540000 0.000000 0.000000
-2.540000 0.000000 0.000000
-2.466192 -0.607862 0.000000
-2.540000 0.000000 0.000000
0.000000 0.000000 2.540000
0.000000 0.000000 2.540000
0.000000 0.000000 2.540000
0.000000 0.000000 2.540000
0.000000 0.000000 2.540000
0.000000 0.000000 2.540000
0.000000 0.000000 2.540000
0.000000 0.000000 2.540000
0.000000 0.000000 2.540000
0.000000 0.000000 2.540000
0.000000 0.000000 2.540000
0.000000 0.000000 2.540000
0.000000 0.000000 2.540000
0.000000 0.000000 2.540000
0.000000 0.000000 2.540000
0.000000 0.000000 2.540000
0.000000 0.000000 2.540000
0.000000 0.000000 2.540000
0.000000 0.000000 2.540000
0.000000 0.000000 2.540000
0.000000 0.000000 2.540000
0.000000 0.000000 2.540000
0.000000 0.000000 2.540000
0.000000 0.000000 2.540000
0.000000 0.000000 2.540000
0.000000 0.000000 2.540000
0.000000 0.000000 2.540000
0.000000 0.000000 2.540000
0.000000 0.000000 2.540000
0.000000 0.000000 2.540000
0.000000 0.000000 2.540000
0.000000 0.000000 2.540000
0.000000 0.000000 2.540000
0.000000 0.000000 2.540000
0.000000 0.000000 2.540000
0.000000 0.000000 2.540000
0.000000 0.000000 2.540000
0.000000 0.000000 2.540000
0.000000 0.000000 2.540000
0.000000 0.000000 2.540000
0.000000 0.000000 2.540000
0.000000 0.000000 2.540000
0.000000 0.000000 2.540000
0.000000 0.000000 2.540000
0.000000 0.000000 2.540000
0.000000 0.000000 2.540000
0.000000 0.000000 2.540000
0.000000 0.000000 2.540000
0.000000 0.000000 2.540000
0.000000 0.000000 2.540000
0.000000 0.000000 2.540000
0.000000 0.000000 2.540000
0.000000 0.000000 2.540000
0.000000 0.000000 2.540000
0.000000 0.000000 2.540000
0.000000 0.000000 2.540000
0.000000 0.000000 2.540000
0.000000 0.000000 2.540000
0.000000 0.000000 2.540000
0.000000 0.000000 2.540000
0.000000 0.000000 2.540000
0.000000 0.000000 2.540000
0.000000 0.000000 2.540000
0.000000 0.000000 2.540000
0.000000 0.000000 2.540000
0.000000 0.000000 2.540000
0.000000 0.000000 2.540000
0.000000 0.000000 2.540000
0.000000 0.000000 2.540000
0.000000 0.000000 2.540000
0.000000 0.000000 2.540000
0.000000 0.000000 2.540000
</float_array>
          <technique_common>
            <accessor source="#Cut-Extrude14-Normal0-array" count="13494" stride="3">
              <param name="X" type="float"/>
              <param name="Y" type="float"/>
              <param name="Z" type="float"/>
            </accessor>
          </technique_common>
        </source>
        <source id="Cut-Extrude14-UV0">
          <float_array id="Cut-Extrude14-UV0-array" count="9540">
0.100000 0.000000
0.000000 0.000000
0.100000 -0.055582
0.000000 -0.055582
0.100000 -0.111164
0.000000 -0.111164
0.100000 -0.166746
0.000000 -0.166746
0.100000 -0.222328
0.000000 -0.222328
0.100000 -0.277910
0.000000 -0.277910
0.100000 -0.333492
0.000000 -0.333492
0.100000 -0.389074
0.000000 -0.389074
0.100000 -0.444656
0.000000 -0.444656
0.100000 -0.500238
0.000000 -0.500238
0.100000 -0.555820
0.000000 -0.555820
0.100000 -0.611402
0.000000 -0.611402
0.100000 -0.666984
0.000000 -0.666984
0.100000 -0.722566
0.000000 -0.722566
-2.600000 0.000000
0.000000 0.000000
-2.600000 0.060415
0.000000 0.060415
-2.600000 0.120830
0.000000 0.120830
-2.600000 0.181246
0.000000 0.181246
-2.600000 0.241661
0.000000 0.241661
-2.600000 0.302076
0.000000 0.302076
-2.600000 0.362491
0.000000 0.362491
-2.600000 0.422907
-0.000000 0.422907
-2.600000 0.483322
-0.000000 0.483322
-2.600000 0.543737
-0.000000 0.543737
-2.600000 0.604152
-0.000000 0.604152
-2.600000 0.664568
-0.000000 0.664568
-2.600000 0.724983
-0.000000 0.724983
-2.600000 0.785398
-0.000000 0.785398
-0.335425 0.000000
0.000000 0.000000
-0.333730 0.029931
0.000000 0.072498
-0.328832 0.059828
-0.311129 0.119061
0.000000 0.144997
-0.287173 0.177124
0.000000 0.217495
-0.261915 0.233292
0.000000 0.289993
-0.238184 0.289929
-0.217922 0.349539
0.000000 0.362491
-0.204648 0.410569
0.000000 0.434990
-0.200000 0.471239
-0.000000 0.507488
-0.204648 0.531908
-0.000000 0.579986
-0.217922 0.592939
-0.000000 0.652485
-0.238184 0.652549
-0.261915 0.709186
-0.000000 0.724983
-0.287173 0.765353
-0.000000 0.797481
-0.311129 0.823417
-0.000000 0.869980
-0.328832 0.882650
-0.333730 0.912547
-0.000000 0.942478
-0.335425 0.942478
-0.100000 0.000000
-0.000000 0.000000
-0.106198 0.060483
-0.000000 0.096664
-0.124348 0.120190
-0.000000 0.193329
-0.153198 0.176087
-0.189521 0.225533
-0.000000 0.289993
-0.233017 0.269044
-0.284040 0.305540
-0.340568 0.330346
-0.370119 0.336964
-0.000000 0.386658
-0.400000 0.339225
-0.800000 0.386658
-0.429881 0.336964
-0.800000 0.289993
-0.459432 0.330346
-0.515960 0.305540
-0.566983 0.269044
-0.610479 0.225533
-0.800000 0.193329
-0.646802 0.176087
-0.675652 0.120190
-0.800000 0.096664
-0.693802 0.060483
-0.800000 0.000000
-0.700000 0.000000
-0.800000 0.483322
-0.000000 0.483322
-0.800000 0.579986
-0.000000 0.579986
-0.800000 0.676651
0.000000 0.676651
-0.800000 0.773315
-0.000000 0.773315
-0.800000 0.869980
-0.000000 0.869980
-0.800000 0.966644
0.000000 0.966644
-0.800000 1.063308
0.000000 1.063308
-0.800000 1.159973
0.000000 1.159973
-0.800000 1.256637
0.000000 1.256637
0.620000 0.000000
0.000000 0.000000
0.620000 -0.055582
0.000000 -0.055582
0.620000 -0.111164
0.000000 -0.111164
0.620000 -0.166746
0.000000 -0.166746
0.620000 -0.222328
0.000000 -0.222328
0.620000 -0.277910
0.000000 -0.277910
0.620000 -0.333492
0.000000 -0.333492
0.620000 -0.389074
0.000000 -0.389074
0.620000 -0.444656
0.000000 -0.444656
0.620000 -0.500238
0.000000 -0.500238
0.620000 -0.555820
0.000000 -0.555820
0.620000 -0.611402
0.000000 -0.611402
0.620000 -0.666984
0.000000 -0.666984
0.620000 -0.722566
0.000000 -0.722566
0.620000 0.000000
0.000000 0.000000
0.620000 -0.055582
0.000000 -0.055582
0.620000 -0.111164
0.000000 -0.111164
0.620000 -0.166746
0.000000 -0.166746
0.620000 -0.222328
0.000000 -0.222328
0.620000 -0.277910
0.000000 -0.277910
0.620000 -0.333492
0.000000 -0.333492
0.620000 -0.389074
0.000000 -0.389074
0.620000 -0.444656
0.000000 -0.444656
0.620000 -0.500238
0.000000 -0.500238
0.620000 -0.555820
0.000000 -0.555820
0.620000 -0.611402
0.000000 -0.611402
0.620000 -0.666984
0.000000 -0.666984
0.620000 -0.722566
0.000000 -0.722566
0.080000 0.000000
0.000000 0.000000
0.080000 -0.079748
0.000000 -0.079748
0.080000 -0.159496
0.000000 -0.159496
0.080000 -0.239244
0.000000 -0.239244
0.080000 -0.318992
0.000000 -0.318992
0.080000 -0.398741
0.000000 -0.398741
0.080000 -0.478489
0.000000 -0.478489
0.080000 -0.558237
0.000000 -0.558237
0.080000 -0.637985
0.000000 -0.637985
0.080000 -0.717733
0.000000 -0.717733
0.080000 -0.797481
0.000000 -0.797481
0.080000 -0.877229
0.000000 -0.877229
0.080000 -0.956977
0.000000 -0.956977
0.080000 -1.036726
0.000000 -1.036726
0.080000 0.000000
0.000000 0.000000
0.080000 -0.079748
0.000000 -0.079748
0.080000 -0.159496
0.000000 -0.159496
0.080000 -0.239244
0.000000 -0.239244
0.080000 -0.318992
0.000000 -0.318992
0.080000 -0.398741
0.000000 -0.398741
0.080000 -0.478489
0.000000 -0.478489
0.080000 -0.558237
0.000000 -0.558237
0.080000 -0.637985
0.000000 -0.637985
0.080000 -0.717733
0.000000 -0.717733
0.080000 -0.797481
0.000000 -0.797481
0.080000 -0.877229
0.000000 -0.877229
0.080000 -0.956977
0.000000 -0.956977
0.080000 -1.036726
0.000000 -1.036726
0.620000 0.000000
0.000000 0.000000
0.620000 -0.055582
0.000000 -0.055582
0.620000 -0.111164
0.000000 -0.111164
0.620000 -0.166746
0.000000 -0.166746
0.620000 -0.222328
0.000000 -0.222328
0.620000 -0.277910
0.000000 -0.277910
0.620000 -0.333492
0.000000 -0.333492
0.620000 -0.389074
0.000000 -0.389074
0.620000 -0.444656
0.000000 -0.444656
0.620000 -0.500238
0.000000 -0.500238
0.620000 -0.555820
0.000000 -0.555820
0.620000 -0.611402
0.000000 -0.611402
0.620000 -0.666984
0.000000 -0.666984
0.620000 -0.722566
0.000000 -0.722566
0.620000 0.000000
0.000000 0.000000
0.620000 -0.055582
0.000000 -0.055582
0.620000 -0.111164
0.000000 -0.111164
0.620000 -0.166746
0.000000 -0.166746
0.620000 -0.222328
0.000000 -0.222328
0.620000 -0.277910
0.000000 -0.277910
0.620000 -0.333492
0.000000 -0.333492
0.620000 -0.389074
0.000000 -0.389074
0.620000 -0.444656
0.000000 -0.444656
0.620000 -0.500238
0.000000 -0.500238
0.620000 -0.555820
0.000000 -0.555820
0.620000 -0.611402
0.000000 -0.611402
0.620000 -0.666984
0.000000 -0.666984
0.620000 -0.722566
-0.000000 -0.722566
0.620000 0.000000
0.000000 0.000000
0.620000 -0.055582
0.000000 -0.055582
0.620000 -0.111164
0.000000 -0.111164
0.620000 -0.166746
0.000000 -0.166746
0.620000 -0.222328
0.000000 -0.222328
0.620000 -0.277910
0.000000 -0.277910
0.620000 -0.333492
0.000000 -0.333492
0.620000 -0.389074
0.000000 -0.389074
0.620000 -0.444656
0.000000 -0.444656
0.620000 -0.500238
0.000000 -0.500238
0.620000 -0.555820
0.000000 -0.555820
0.620000 -0.611402
0.000000 -0.611402
0.620000 -0.666984
0.000000 -0.666984
0.620000 -0.722566
-0.000000 -0.722566
0.080000 0.000000
0.000000 0.000000
0.080000 -0.079748
0.000000 -0.079748
0.080000 -0.159496
0.000000 -0.159496
0.080000 -0.239244
0.000000 -0.239244
0.080000 -0.318992
0.000000 -0.318992
0.080000 -0.398741
0.000000 -0.398741
0.080000 -0.478489
0.000000 -0.478489
0.080000 -0.558237
0.000000 -0.558237
0.080000 -0.637985
0.000000 -0.637985
0.080000 -0.717733
0.000000 -0.717733
0.080000 -0.797481
0.000000 -0.797481
0.080000 -0.877229
0.000000 -0.877229
0.080000 -0.956977
0.000000 -0.956977
0.080000 -1.036726
0.000000 -1.036726
0.080000 0.000000
0.000000 0.000000
0.080000 -0.079748
0.000000 -0.079748
0.080000 -0.159496
0.000000 -0.159496
0.080000 -0.239244
0.000000 -0.239244
0.080000 -0.318992
0.000000 -0.318992
0.080000 -0.398741
0.000000 -0.398741
0.080000 -0.478489
0.000000 -0.478489
0.080000 -0.558237
0.000000 -0.558237
0.080000 -0.637985
0.000000 -0.637985
0.080000 -0.717733
0.000000 -0.717733
0.080000 -0.797481
0.000000 -0.797481
0.080000 -0.877229
0.000000 -0.877229
0.080000 -0.956977
0.000000 -0.956977
0.080000 -1.036726
-0.000000 -1.036726
0.080000 0.000000
0.000000 0.000000
0.080000 -0.079748
0.000000 -0.079748
0.080000 -0.159496
0.000000 -0.159496
0.080000 -0.239244
0.000000 -0.239244
0.080000 -0.318992
0.000000 -0.318992
0.080000 -0.398741
0.000000 -0.398741
0.080000 -0.478489
0.000000 -0.478489
0.080000 -0.558237
0.000000 -0.558237
0.080000 -0.637985
0.000000 -0.637985
0.080000 -0.717733
0.000000 -0.717733
0.080000 -0.797481
0.000000 -0.797481
0.080000 -0.877229
0.000000 -0.877229
0.080000 -0.956977
0.000000 -0.956977
0.080000 -1.036726
-0.000000 -1.036726
1.370538 0.000000
0.650538 0.000000
1.370538 -0.055582
0.650538 -0.055582
1.370538 -0.111164
0.650538 -0.111164
1.370538 -0.166746
0.650538 -0.166746
1.370538 -0.222328
0.650538 -0.222328
1.370538 -0.277910
0.650538 -0.277910
1.370538 -0.333492
0.650538 -0.333492
1.370538 -0.389074
0.650538 -0.389074
1.370538 -0.444656
0.650538 -0.444656
1.370538 -0.500238
0.650538 -0.500238
1.370538 -0.555820
0.650538 -0.555820
1.370538 -0.611402
0.650538 -0.611402
1.370538 -0.666984
0.650538 -0.666984
1.370538 -0.722566
0.650538 -0.722566
0.080000 0.000000
0.000000 0.000000
0.080000 -0.079748
0.000000 -0.079748
0.080000 -0.159496
0.000000 -0.159496
0.080000 -0.239244
0.000000 -0.239244
0.080000 -0.318992
0.000000 -0.318992
0.080000 -0.398741
0.000000 -0.398741
0.080000 -0.478489
0.000000 -0.478489
0.080000 -0.558237
0.000000 -0.558237
0.080000 -0.637985
0.000000 -0.637985
0.080000 -0.717733
0.000000 -0.717733
0.080000 -0.797481
0.000000 -0.797481
0.080000 -0.877229
0.000000 -0.877229
0.080000 -0.956977
0.000000 -0.956977
0.080000 -1.036726
0.000000 -1.036726
0.080000 0.000000
0.000000 0.000000
0.080000 -0.079748
0.000000 -0.079748
0.080000 -0.159496
0.000000 -0.159496
0.080000 -0.239244
0.000000 -0.239244
0.080000 -0.318992
0.000000 -0.318992
0.080000 -0.398741
0.000000 -0.398741
0.080000 -0.478489
0.000000 -0.478489
0.080000 -0.558237
0.000000 -0.558237
0.080000 -0.637985
0.000000 -0.637985
0.080000 -0.717733
0.000000 -0.717733
0.080000 -0.797481
0.000000 -0.797481
0.080000 -0.877229
0.000000 -0.877229
0.080000 -0.956977
0.000000 -0.956977
0.080000 -1.036726
0.000000 -1.036726
0.720000 0.000000
0.000000 0.000000
0.720000 -0.055582
0.000000 -0.055582
0.720000 -0.111164
0.000000 -0.111164
0.720000 -0.166746
0.000000 -0.166746
0.720000 -0.222328
0.000000 -0.222328
0.720000 -0.277910
0.000000 -0.277910
0.720000 -0.333492
0.000000 -0.333492
0.720000 -0.389074
0.000000 -0.389074
0.720000 -0.444656
0.000000 -0.444656
0.720000 -0.500238
0.000000 -0.500238
0.720000 -0.555820
0.000000 -0.555820
0.720000 -0.611402
0.000000 -0.611402
0.720000 -0.666984
0.000000 -0.666984
0.720000 -0.722566
0.000000 -0.722566
0.720000 0.000000
0.000000 0.000000
0.720000 -0.055582
0.000000 -0.055582
0.720000 -0.111164
0.000000 -0.111164
0.720000 -0.166746
0.000000 -0.166746
0.720000 -0.222328
0.000000 -0.222328
0.720000 -0.277910
0.000000 -0.277910
0.720000 -0.333492
0.000000 -0.333492
0.720000 -0.389074
0.000000 -0.389074
0.720000 -0.444656
0.000000 -0.444656
0.720000 -0.500238
0.000000 -0.500238
0.720000 -0.555820
0.000000 -0.555820
0.720000 -0.611402
0.000000 -0.611402
0.720000 -0.666984
0.000000 -0.666984
0.720000 -0.722566
0.000000 -0.722566
0.720000 0.000000
0.000000 0.000000
0.720000 -0.055582
0.000000 -0.055582
0.720000 -0.111164
0.000000 -0.111164
0.720000 -0.166746
0.000000 -0.166746
0.720000 -0.222328
0.000000 -0.222328
0.720000 -0.277910
0.000000 -0.277910
0.720000 -0.333492
0.000000 -0.333492
0.720000 -0.389074
0.000000 -0.389074
0.720000 -0.444656
0.000000 -0.444656
0.720000 -0.500238
0.000000 -0.500238
0.720000 -0.555820
0.000000 -0.555820
0.720000 -0.611402
0.000000 -0.611402
0.720000 -0.666984
0.000000 -0.666984
0.720000 -0.722566
0.000000 -0.722566
0.080000 0.000000
0.000000 0.000000
0.080000 -0.079748
0.000000 -0.079748
0.080000 -0.159496
0.000000 -0.159496
0.080000 -0.239244
0.000000 -0.239244
0.080000 -0.318992
0.000000 -0.318992
0.080000 -0.398741
0.000000 -0.398741
0.080000 -0.478489
0.000000 -0.478489
0.080000 -0.558237
0.000000 -0.558237
0.080000 -0.637985
0.000000 -0.637985
0.080000 -0.717733
0.000000 -0.717733
0.080000 -0.797481
0.000000 -0.797481
0.080000 -0.877229
0.000000 -0.877229
0.080000 -0.956977
0.000000 -0.956977
0.080000 -1.036726
0.000000 -1.036726
0.080000 0.000000
0.000000 0.000000
0.080000 -0.079748
0.000000 -0.079748
0.080000 -0.159496
0.000000 -0.159496
0.080000 -0.239244
0.000000 -0.239244
0.080000 -0.318992
0.000000 -0.318992
0.080000 -0.398741
0.000000 -0.398741
0.080000 -0.478489
0.000000 -0.478489
0.080000 -0.558237
0.000000 -0.558237
0.080000 -0.637985
0.000000 -0.637985
0.080000 -0.717733
0.000000 -0.717733
0.080000 -0.797481
0.000000 -0.797481
0.080000 -0.877229
0.000000 -0.877229
0.080000 -0.956977
0.000000 -0.956977
0.080000 -1.036726
0.000000 -1.036726
0.080000 0.000000
0.000000 0.000000
0.080000 -0.079748
0.000000 -0.079748
0.080000 -0.159496
0.000000 -0.159496
0.080000 -0.239244
0.000000 -0.239244
0.080000 -0.318992
0.000000 -0.318992
0.080000 -0.398741
0.000000 -0.398741
0.080000 -0.478489
0.000000 -0.478489
0.080000 -0.558237
0.000000 -0.558237
0.080000 -0.637985
0.000000 -0.637985
0.080000 -0.717733
0.000000 -0.717733
0.080000 -0.797481
0.000000 -0.797481
0.080000 -0.877229
0.000000 -0.877229
0.080000 -0.956977
0.000000 -0.956977
0.080000 -1.036726
0.000000 -1.036726
0.080000 0.000000
0.000000 0.000000
0.080000 -0.079748
0.000000 -0.079748
0.080000 -0.159496
0.000000 -0.159496
0.080000 -0.239244
0.000000 -0.239244
0.080000 -0.318992
0.000000 -0.318992
0.080000 -0.398741
0.000000 -0.398741
0.080000 -0.478489
0.000000 -0.478489
0.080000 -0.558237
0.000000 -0.558237
0.080000 -0.637985
0.000000 -0.637985
0.080000 -0.717733
0.000000 -0.717733
0.080000 -0.797481
0.000000 -0.797481
0.080000 -0.877229
0.000000 -0.877229
0.080000 -0.956977
0.000000 -0.956977
0.080000 -1.036726
0.000000 -1.036726
1.450538 0.000000
0.650538 0.000000
1.450538 -0.055582
0.650538 -0.055582
1.450538 -0.111164
0.650538 -0.111164
1.450538 -0.166746
0.650538 -0.166746
1.450538 -0.222328
0.650538 -0.222328
1.450538 -0.277910
0.650538 -0.277910
1.450538 -0.333492
0.650538 -0.333492
1.450538 -0.389074
0.650538 -0.389074
1.450538 -0.444656
0.650538 -0.444656
1.450538 -0.500238
0.650538 -0.500238
1.450538 -0.555820
0.650538 -0.555820
1.450538 -0.611402
0.650538 -0.611402
1.450538 -0.666984
0.650538 -0.666984
1.450538 -0.722566
0.650538 -0.722566
1.450538 0.000000
0.650538 0.000000
1.450538 -0.055582
0.650538 -0.055582
1.450538 -0.111164
0.650538 -0.111164
1.450538 -0.166746
0.650538 -0.166746
1.450538 -0.222328
0.650538 -0.222328
1.450538 -0.277910
0.650538 -0.277910
1.450538 -0.333492
0.650538 -0.333492
1.450538 -0.389074
0.650538 -0.389074
1.450538 -0.444656
0.650538 -0.444656
1.450538 -0.500238
0.650538 -0.500238
1.450538 -0.555820
0.650538 -0.555820
1.450538 -0.611402
0.650538 -0.611402
1.450538 -0.666984
0.650538 -0.666984
1.450538 -0.722566
0.650538 -0.722566
5.552423 0.000000
5.086054 0.000000
5.554717 -0.032730
5.083761 -0.032730
5.561213 -0.065059
5.077265 -0.065059
5.054556 -0.128554
5.583922 -0.128554
5.024772 -0.190718
5.613706 -0.190718
4.993902 -0.251124
5.644576 -0.251124
5.673240 -0.312306
4.965238 -0.312306
4.940841 -0.377124
5.697637 -0.377124
4.924847 -0.443854
5.713631 -0.443854
4.920667 -0.477336
5.717811 -0.477336
5.719239 -0.510509
4.919239 -0.510509
5.717811 -0.543681
4.920667 -0.543681
4.924847 -0.577164
5.713631 -0.577164
4.940841 -0.643893
5.697637 -0.643893
4.965238 -0.708712
5.673240 -0.708712
5.644576 -0.769894
4.993902 -0.769894
5.024772 -0.830300
5.613706 -0.830300
5.054556 -0.892463
5.583922 -0.892463
5.077265 -0.955958
5.561213 -0.955958
5.554717 -0.988288
5.083761 -0.988288
5.552423 -1.021018
5.086054 -1.021018
2.352423 0.000000
1.886054 0.000000
2.354717 -0.032730
1.883761 -0.032730
2.361213 -0.065059
1.877265 -0.065059
1.854556 -0.128554
2.383922 -0.128554
1.824772 -0.190718
2.413706 -0.190718
1.793902 -0.251124
2.444576 -0.251124
2.473240 -0.312306
1.765238 -0.312306
1.740841 -0.377124
2.497637 -0.377124
1.724847 -0.443854
2.513630 -0.443854
1.720667 -0.477336
2.517811 -0.477336
2.519239 -0.510509
1.719239 -0.510509
2.517811 -0.543681
1.720667 -0.543681
1.724847 -0.577164
2.513630 -0.577164
1.740841 -0.643893
2.497637 -0.643893
1.765238 -0.708712
2.473240 -0.708712
2.444576 -0.769894
1.793902 -0.769894
1.824772 -0.830300
2.413706 -0.830300
1.854556 -0.892463
2.383922 -0.892463
1.877265 -0.955958
2.361213 -0.955958
2.354717 -0.988288
1.883761 -0.988288
2.352423 -1.021018
1.886054 -1.021018
0.800000 0.000000
-0.000000 0.000000
0.800000 -0.096664
-0.800000 -0.089760
-0.800000 -0.179520
-0.800000 0.000000
0.800000 -0.193329
-0.800000 -0.269279
0.800000 -0.289993
-0.800000 -0.359039
0.800000 -0.386658
-0.800000 -0.448799
0.800000 -0.483322
-0.800000 -0.538559
0.800000 -0.579986
-0.800000 -0.628319
-0.000000 -0.628319
0.800000 -0.676651
-0.000000 -0.718078
0.800000 -0.773315
-0.000000 -0.807838
0.800000 -0.869980
-0.000000 -0.897598
0.800000 -0.966644
-0.000000 -0.987358
0.800000 -1.063308
-0.000000 -1.077117
0.800000 -1.159973
-0.000000 -1.166877
0.800000 -1.256637
-0.000000 -1.256637
-0.800000 0.000000
-0.000000 0.000000
-0.800000 0.096664
-0.000000 0.096664
-0.800000 0.193329
-0.000000 0.193329
-0.400000 0.248947
-0.367325 0.251772
-0.335375 0.259874
-0.000000 0.289993
-0.274772 0.289238
-0.220068 0.331052
-0.000000 0.386658
-0.173130 0.379952
-0.133648 0.434718
-0.000000 0.483322
-0.101990 0.496261
-0.081904 0.561828
-0.000000 0.579986
-0.076745 0.595167
-0.075000 0.628319
-0.000000 0.676651
-0.076745 0.661470
-0.081904 0.694809
0.000000 0.773315
-0.101990 0.760376
-0.133648 0.821919
-0.000000 0.869980
-0.173130 0.876685
-0.220068 0.925585
-0.000000 0.966644
-0.274772 0.967399
-0.335375 0.996763
-0.367325 1.004865
0.000000 1.063308
-0.400000 1.007690
-0.800000 1.063308
-0.432675 1.004865
-0.800000 0.966644
-0.464626 0.996763
-0.525228 0.967399
-0.579932 0.925585
-0.800000 0.869980
-0.626870 0.876685
-0.666352 0.821919
-0.800000 0.773315
-0.698010 0.760376
-0.718096 0.694809
-0.800000 0.676651
-0.723255 0.661470
-0.725000 0.628319
-0.800000 0.579986
-0.723255 0.595167
-0.718096 0.561828
-0.800000 0.483322
-0.698010 0.496261
-0.666352 0.434718
-0.800000 0.386658
-0.626870 0.379952
-0.579932 0.331052
-0.800000 0.289993
-0.525228 0.289238
-0.464626 0.259874
-0.432675 0.251772
-0.800000 1.159973
0.000000 1.159973
-0.800000 1.256637
0.000000 1.256637
-0.800000 0.000000
-0.000000 0.000000
-0.800000 0.096664
-0.000000 0.096664
-0.800000 0.193329
-0.000000 0.193329
-0.400000 0.248947
-0.367325 0.251772
-0.335375 0.259874
-0.000000 0.289993
-0.274772 0.289238
-0.220068 0.331052
-0.000000 0.386658
-0.173130 0.379952
-0.133648 0.434718
-0.000000 0.483322
-0.101990 0.496261
-0.081904 0.561828
-0.000000 0.579986
-0.076745 0.595167
-0.075000 0.628319
0.000000 0.676651
-0.076745 0.661470
-0.081904 0.694809
-0.000000 0.773315
-0.101990 0.760376
-0.133648 0.821919
-0.000000 0.869980
-0.173130 0.876685
-0.220068 0.925585
0.000000 0.966644
-0.274772 0.967399
-0.335375 0.996763
-0.367325 1.004865
-0.000000 1.063308
-0.400000 1.007690
-0.800000 1.063308
-0.432675 1.004865
-0.800000 0.966644
-0.464626 0.996763
-0.525228 0.967399
-0.579932 0.925585
-0.800000 0.869980
-0.626870 0.876685
-0.666352 0.821919
-0.800000 0.773315
-0.698010 0.760376
-0.718096 0.694809
-0.800000 0.676651
-0.723255 0.661470
-0.725000 0.628319
-0.800000 0.579986
-0.723255 0.595167
-0.718096 0.561828
-0.800000 0.483322
-0.698010 0.496261
-0.666352 0.434718
-0.800000 0.386658
-0.626870 0.379952
-0.579932 0.331052
-0.800000 0.289993
-0.525228 0.289238
-0.464626 0.259874
-0.432675 0.251772
-0.800000 1.159973
0.000000 1.159973
-0.800000 1.256637
0.000000 1.256637
0.720000 0.000000
0.000000 0.000000
0.720000 -0.055582
0.000000 -0.055582
0.720000 -0.111164
0.000000 -0.111164
0.720000 -0.166746
0.000000 -0.166746
0.720000 -0.222328
0.000000 -0.222328
0.720000 -0.277910
0.000000 -0.277910
0.720000 -0.333492
0.000000 -0.333492
0.720000 -0.389074
0.000000 -0.389074
0.720000 -0.444656
0.000000 -0.444656
0.720000 -0.500238
0.000000 -0.500238
0.720000 -0.555820
0.000000 -0.555820
0.720000 -0.611402
0.000000 -0.611402
0.720000 -0.666984
0.000000 -0.666984
0.720000 -0.722566
0.000000 -0.722566
1.370538 0.000000
0.650538 0.000000
1.370538 -0.055582
0.650538 -0.055582
1.370538 -0.111164
0.650538 -0.111164
1.370538 -0.166746
0.650538 -0.166746
1.370538 -0.222328
0.650538 -0.222328
1.370538 -0.277910
0.650538 -0.277910
1.370538 -0.333492
0.650538 -0.333492
1.370538 -0.389074
0.650538 -0.389074
1.370538 -0.444656
0.650538 -0.444656
1.370538 -0.500238
0.650538 -0.500238
1.370538 -0.555820
0.650538 -0.555820
1.370538 -0.611402
0.650538 -0.611402
1.370538 -0.666984
0.650538 -0.666984
1.370538 -0.722566
0.650538 -0.722566
-0.400000 -2.400000
-0.388377 -2.304274
-0.400000 -0.000000
-0.330000 -1.600000
-0.330000 -0.800000
-0.320411 -0.878974
-0.320411 -1.521026
-0.292200 -0.953359
-0.292200 -1.446641
-0.247009 -1.018830
-0.247009 -1.381170
-0.187461 -1.071585
-0.187461 -1.328415
-0.117020 -1.108555
-0.117020 -1.291445
-0.039777 -1.127594
-0.039777 -1.272406
0.039777 -1.272406
-0.320411 -1.678974
-0.354182 -2.214111
-0.292200 -1.753359
-0.299404 -2.134751
-0.247009 -1.818830
-0.227226 -2.070807
-0.187461 -1.871585
-0.141842 -2.025994
-0.117020 -1.908555
-0.048215 -2.002916
-0.039777 -1.927594
0.048215 -2.002916
0.039777 -1.927594
0.117020 -1.908555
0.141842 -2.025994
0.187461 -1.871585
0.227226 -2.070807
0.247009 -1.818830
0.299404 -2.134751
0.292200 -1.753359
0.354182 -2.214111
0.320411 -1.678974
0.388377 -2.304274
0.330000 -1.600000
0.400000 -0.000000
0.330000 -0.800000
0.320411 -0.721026
0.320411 -0.078974
0.292200 -0.153359
0.400000 -2.400000
0.330000 -0.000000
0.388377 0.095726
0.354182 0.185889
0.299404 0.265249
0.292200 0.153359
0.320411 0.078974
0.247009 0.218830
0.227226 0.329194
0.187461 0.271585
0.141842 0.374007
0.117020 0.308555
0.048215 0.397084
0.039777 0.327594
-0.048215 0.397084
-0.039777 0.327594
-0.117020 0.308555
-0.141842 0.374007
-0.187461 0.271585
-0.227226 0.329194
-0.247009 0.218830
-0.299404 0.265249
-0.292200 0.153359
-0.354182 0.185889
-0.320411 0.078974
-0.330000 -0.000000
-0.388377 0.095726
0.292200 -0.646641
0.247009 -0.218830
0.247009 -0.581170
0.187461 -0.271585
0.187461 -0.528415
0.117020 -0.308555
0.117020 -0.491445
0.039777 -0.327594
0.039777 -0.472406
-0.039777 -0.327594
-0.039777 -0.472406
-0.117020 -0.491445
-0.117020 -0.308555
-0.187461 -0.528415
-0.187461 -0.271585
-0.247009 -0.581170
-0.247009 -0.218830
-0.292200 -0.646641
-0.292200 -0.153359
-0.320411 -0.721026
-0.320411 -0.078974
0.320411 -0.878974
0.320411 -1.521026
0.292200 -0.953359
0.292200 -1.446641
0.247009 -1.018830
0.247009 -1.381170
0.187461 -1.071585
0.187461 -1.328415
0.117020 -1.108555
0.117020 -1.291445
0.039777 -1.127594
1.370538 -0.722566
0.650538 -0.722566
1.370538 -0.778148
0.650538 -0.778148
1.370538 -0.833730
0.650538 -0.833730
1.370538 -0.889312
0.650538 -0.889312
1.370538 -0.944894
0.650538 -0.944894
1.370538 -1.000476
0.650538 -1.000476
1.370538 -1.056058
0.650538 -1.056058
1.370538 -1.111640
0.650538 -1.111640
1.370538 -1.167222
0.650538 -1.167222
1.370538 -1.222805
0.650538 -1.222805
1.370538 -1.278387
0.650538 -1.278387
1.370538 -1.333969
0.650538 -1.333969
1.370538 -1.389551
0.650538 -1.389551
1.370538 -1.445133
0.650538 -1.445133
0.720000 -0.722566
0.000000 -0.722566
0.720000 -0.778148
0.000000 -0.778148
0.720000 -0.833730
0.000000 -0.833730
0.720000 -0.889312
0.000000 -0.889312
0.720000 -0.944894
0.000000 -0.944894
0.720000 -1.000476
0.000000 -1.000476
0.720000 -1.056058
0.000000 -1.056058
0.720000 -1.111640
0.000000 -1.111640
0.720000 -1.167222
0.000000 -1.167222
0.720000 -1.222805
0.000000 -1.222805
0.720000 -1.278387
0.000000 -1.278387
0.720000 -1.333969
0.000000 -1.333969
0.720000 -1.389551
0.000000 -1.389551
0.720000 -1.445133
0.000000 -1.445133
0.200000 1.146410
0.200000 0.800000
0.267652 1.097258
0.323607 1.035114
0.365418 0.962695
0.391259 0.883165
0.400000 0.800000
0.194188 0.752137
0.177091 0.707055
0.227226 0.329194
0.149702 0.667375
0.141842 0.374007
0.113613 0.635403
0.070921 0.612997
0.048215 0.397084
0.024107 0.601458
-0.024107 0.601458
-0.048215 0.397084
-0.070921 0.612997
-0.141842 0.374007
-0.113613 0.635403
-0.149702 0.667375
-0.227226 0.329194
-0.177091 0.707055
-0.400000 0.800000
-0.194188 0.752137
-0.200000 0.800000
-0.200000 1.146410
-0.267652 1.097258
-0.323607 1.035114
-0.365418 0.962695
-0.391259 0.883165
-0.400000 0.000000
-0.388377 0.095726
-0.354182 0.185889
-0.299404 0.265249
0.299404 0.265249
0.354182 0.185889
0.388377 0.095726
0.400000 0.000000
-0.200000 0.346410
-0.267652 0.297258
-0.200000 0.000000
-0.323607 0.235114
-0.365418 0.162695
-0.391259 0.083165
-0.400000 0.000000
-0.194188 -0.047863
-0.177091 -0.092945
-0.227226 -0.470806
-0.149702 -0.132625
-0.141842 -0.425994
-0.113613 -0.164597
-0.070921 -0.187003
-0.048215 -0.402916
-0.024107 -0.198542
0.048215 -0.402916
0.024107 -0.198542
0.070921 -0.187003
0.141842 -0.425994
0.113613 -0.164597
0.149702 -0.132625
0.227226 -0.470806
0.177091 -0.092945
0.400000 0.000000
0.194188 -0.047863
0.200000 0.000000
0.391259 0.083165
0.365418 0.162695
-0.400000 -0.800000
-0.388377 -0.704274
-0.354182 -0.614111
-0.299404 -0.534751
0.299404 -0.534751
0.354182 -0.614111
0.388377 -0.704274
0.400000 -0.800000
0.323607 0.235114
0.267652 0.297258
0.200000 0.346410
-0.800000 -0.628319
-0.000000 -0.628319
-0.800000 -0.579986
-0.000000 -0.579986
-0.800000 -0.531654
-0.000000 -0.531654
-0.800000 -0.483322
-0.000000 -0.483322
-0.800000 -0.434990
-0.000000 -0.434990
-0.800000 -0.386658
-0.000000 -0.386658
-0.800000 -0.338325
-0.000000 -0.338325
-0.800000 -0.289993
-0.000000 -0.289993
-0.800000 -0.241661
-0.000000 -0.241661
-0.800000 -0.193329
-0.000000 -0.193329
-0.800000 -0.144997
-0.000000 -0.144997
-0.800000 -0.096664
-0.000000 -0.096664
-0.800000 -0.048332
-0.000000 -0.048332
-0.800000 0.000000
-0.000000 0.000000
0.400000 -0.000000
0.388377 -0.095726
0.400000 -1.200000
0.354182 -0.185889
0.230000 -0.800000
0.223317 -0.744957
0.299404 -0.265249
0.203655 -0.693114
0.227226 -0.329194
0.172157 -0.647482
0.141842 -0.374007
0.130655 -0.610714
0.081559 -0.584946
0.048215 -0.397084
0.027723 -0.571677
-0.048215 -0.397084
-0.027723 -0.571677
-0.081559 -0.584946
-0.141842 -0.374007
-0.130655 -0.610714
-0.172157 -0.647482
-0.227226 -0.329194
-0.203655 -0.693114
-0.299404 -0.265249
-0.223317 -0.744957
-0.354182 -0.185889
-0.230000 -0.800000
-0.360388 -1.426447
-0.312733 -1.350604
-0.388377 -0.095726
-0.389971 -1.510992
-0.400000 0.000000
-0.400000 -1.600000
-0.223317 -0.855043
-0.249396 -1.287267
-0.203655 -0.906886
-0.172157 -0.952518
-0.173553 -1.239612
-0.130655 -0.989286
-0.089008 -1.210029
-0.081559 -1.015054
-0.027723 -1.028323
-0.000000 -1.200000
0.027723 -1.028323
0.081559 -1.015054
0.130655 -0.989286
0.172157 -0.952518
0.203655 -0.906886
0.223317 -0.855043
0.400000 0.000000
0.400000 1.600000
0.389971 0.089008
0.388377 1.504274
0.360388 0.173553
0.354182 1.414111
0.230000 0.800000
0.223317 0.855043
0.299404 1.334751
0.203655 0.906886
0.227226 1.270806
0.172157 0.952518
0.141842 1.225994
0.130655 0.989286
0.081559 1.015054
0.048215 1.202917
0.027723 1.028323
-0.048215 1.202917
-0.027723 1.028323
-0.081559 1.015054
-0.141842 1.225994
-0.130655 0.989286
-0.172157 0.952518
-0.227226 1.270806
-0.203655 0.906886
-0.299404 1.334751
-0.223317 0.855043
-0.354182 1.414111
-0.230000 0.800000
-0.400000 0.400000
-0.223317 0.744957
-0.203655 0.693114
-0.172157 0.647482
-0.130655 0.610714
-0.000000 0.400000
-0.081559 0.584946
-0.027723 0.571677
0.027723 0.571677
0.089008 0.389971
0.081559 0.584946
0.130655 0.610714
0.173553 0.360388
0.172157 0.647482
0.249396 0.312733
0.203655 0.693114
0.223317 0.744957
0.312733 0.249396
-0.388377 1.504274
-0.400000 1.600000
0.400000 0.000000
4.627842 0.152518
0.400000 0.400000
4.669345 0.189286
4.718441 0.215054
0.389971 -0.089008
4.576684 -0.055043
4.570000 0.000000
4.576684 0.055043
4.596345 -0.106886
0.360388 -0.173553
4.627842 -0.152518
4.000000 -0.400000
4.669345 -0.189286
4.718441 -0.215054
4.772276 -0.228323
4.985889 -0.354182
5.065249 -0.299404
0.800000 -0.400000
0.312733 -0.249396
0.249396 -0.312733
0.173553 -0.360388
0.089008 -0.389971
0.000000 -0.400000
4.800000 -0.400000
4.895726 -0.388377
4.827724 -0.228323
5.129194 -0.227226
4.881559 -0.215054
4.930655 -0.189286
5.174006 -0.141842
4.972157 -0.152518
5.003655 -0.106886
5.197083 -0.048215
5.023316 -0.055043
5.030000 0.000000
5.197083 0.048215
5.023316 0.055043
5.003655 0.106886
5.174006 0.141842
4.972157 0.152518
4.930655 0.189286
5.129194 0.227226
4.881559 0.215054
4.827724 0.228323
5.065249 0.299404
4.772276 0.228323
4.985889 0.354182
4.800000 0.400000
4.895726 0.388377
4.596345 0.106886
-0.800000 -1.256637
0.000000 -1.256637
-0.800000 -1.159973
-0.000000 -1.159973
-0.800000 -1.063308
-0.000000 -1.063308
-0.400000 -1.007690
-0.367325 -1.004865
-0.335375 -0.996763
-0.000000 -0.966644
-0.274772 -0.967399
-0.220068 -0.925585
-0.000000 -0.869980
-0.173130 -0.876685
-0.133648 -0.821919
-0.000000 -0.773315
-0.101990 -0.760376
-0.081904 -0.694809
-0.000000 -0.676651
-0.076745 -0.661470
-0.075000 -0.628319
-0.000000 -0.579986
-0.076745 -0.595167
-0.081904 -0.561828
-0.000000 -0.483322
-0.101990 -0.496261
-0.133648 -0.434718
-0.000000 -0.386658
-0.173130 -0.379952
-0.220068 -0.331052
-0.000000 -0.289993
-0.274772 -0.289238
-0.335375 -0.259874
-0.367325 -0.251772
-0.000000 -0.193329
-0.400000 -0.248947
-0.800000 -0.193329
-0.432675 -0.251772
-0.800000 -0.289993
-0.464626 -0.259874
-0.525228 -0.289238
-0.579932 -0.331052
-0.800000 -0.386658
-0.626870 -0.379952
-0.666352 -0.434718
-0.800000 -0.483322
-0.698010 -0.496261
-0.718096 -0.561828
-0.800000 -0.579986
-0.723255 -0.595167
-0.725000 -0.628319
-0.800000 -0.676651
-0.723255 -0.661470
-0.718096 -0.694809
-0.800000 -0.773315
-0.698010 -0.760376
-0.666352 -0.821919
-0.800000 -0.869980
-0.626870 -0.876685
-0.579932 -0.925585
-0.800000 -0.966644
-0.525228 -0.967399
-0.464626 -0.996763
-0.432675 -1.004865
-0.800000 -0.096664
-0.000000 -0.096664
-0.800000 0.000000
-0.000000 0.000000
-0.800000 -1.256637
0.000000 -1.256637
-0.800000 -1.159973
-0.000000 -1.159973
-0.800000 -1.063308
-0.000000 -1.063308
-0.400000 -1.007690
-0.367325 -1.004865
-0.335375 -0.996763
-0.000000 -0.966644
-0.274772 -0.967399
-0.220068 -0.925585
-0.000000 -0.869980
-0.173130 -0.876685
-0.133648 -0.821919
-0.000000 -0.773315
-0.101990 -0.760376
-0.081904 -0.694809
-0.000000 -0.676651
-0.076745 -0.661470
-0.075000 -0.628319
-0.000000 -0.579986
-0.076745 -0.595167
-0.081904 -0.561828
-0.000000 -0.483322
-0.101990 -0.496261
-0.133648 -0.434718
-0.000000 -0.386658
-0.173130 -0.379952
-0.220068 -0.331052
-0.000000 -0.289993
-0.274772 -0.289238
-0.335375 -0.259874
-0.367325 -0.251772
-0.000000 -0.193329
-0.400000 -0.248947
-0.800000 -0.193329
-0.432675 -0.251772
-0.800000 -0.289993
-0.464626 -0.259874
-0.525228 -0.289238
-0.579932 -0.331052
-0.800000 -0.386658
-0.626870 -0.379952
-0.666352 -0.434718
-0.800000 -0.483322
-0.698010 -0.496261
-0.718096 -0.561828
-0.800000 -0.579986
-0.723255 -0.595167
-0.725000 -0.628319
-0.800000 -0.676651
-0.723255 -0.661470
-0.718096 -0.694809
-0.800000 -0.773315
-0.698010 -0.760376
-0.666352 -0.821919
-0.800000 -0.869980
-0.626870 -0.876685
-0.579932 -0.925585
-0.800000 -0.966644
-0.525228 -0.967399
-0.464626 -0.996763
-0.432675 -1.004865
-0.800000 -0.096664
-0.000000 -0.096664
-0.800000 0.000000
-0.000000 0.000000
0.800000 -0.800000
0.788377 -0.895726
0.800000 -4.000000
0.788377 -3.904274
0.754182 -0.985889
0.754182 -3.814111
0.699404 -1.065249
0.699404 -3.734751
0.627226 -1.129194
0.627226 -3.670806
0.541842 -1.174006
0.541842 -3.625993
0.448215 -1.197084
0.448215 -3.602916
0.351785 -1.197084
0.351785 -3.602916
0.258158 -3.625993
0.258158 -1.174006
0.172774 -3.670806
0.172774 -1.129194
0.100596 -3.734751
0.100596 -1.065249
0.045818 -3.814111
0.045818 -0.985889
0.011623 -3.904274
0.011623 -0.895726
-0.000000 -4.000000
-0.000000 -0.800000
-0.000000 -0.800000
-0.011623 -0.895726
-0.000000 -4.000000
-0.011623 -3.904274
-0.045818 -0.985889
-0.045818 -3.814111
-0.100596 -1.065249
-0.100596 -3.734751
-0.172774 -1.129194
-0.172774 -3.670806
-0.258158 -1.174006
-0.258158 -3.625993
-0.351785 -1.197084
-0.351785 -3.602916
-0.448215 -1.197084
-0.448215 -3.602916
-0.541842 -3.625993
-0.541842 -1.174006
-0.627226 -3.670806
-0.627226 -1.129194
-0.699404 -3.734751
-0.699404 -1.065249
-0.754182 -3.814111
-0.754182 -0.985889
-0.788377 -3.904274
-0.788377 -0.895726
-0.800000 -4.000000
-0.800000 -0.800000
0.800000 -4.000000
0.788377 -4.095726
0.800000 -4.800000
0.754182 -4.185889
0.699404 -4.265249
0.627226 -4.329194
0.541842 -4.374006
0.448215 -4.397084
0.351785 -4.397084
-0.000000 -4.800000
0.258158 -4.374006
0.172774 -4.329194
0.100596 -4.265249
0.045818 -4.185889
0.011623 -4.095726
-0.000000 -4.000000
-0.000000 -4.000000
-0.011623 -4.095726
-0.000000 -4.800000
-0.045818 -4.185889
-0.100596 -4.265249
-0.172774 -4.329194
-0.258158 -4.374006
-0.351785 -4.397084
-0.448215 -4.397084
-0.800000 -4.800000
-0.541842 -4.374006
-0.627226 -4.329194
-0.699404 -4.265249
-0.754182 -4.185889
-0.788377 -4.095726
-0.800000 -4.000000
-0.000000 -1.256637
-0.800000 -1.256637
0.000000 -1.353301
-0.800000 -1.353301
0.000000 -1.449966
-0.800000 -1.449966
-0.000000 -1.546630
-0.800000 -1.546630
-0.000000 -1.643295
-0.800000 -1.643295
-0.000000 -1.739959
-0.800000 -1.739959
0.000000 -1.836623
-0.800000 -1.836623
-0.000000 -1.933288
-0.800000 -1.933288
-0.000000 -2.029952
-0.800000 -2.029952
-0.000000 -2.126616
-0.800000 -2.126616
-0.000000 -2.223281
-0.800000 -2.223281
-0.000000 -2.319945
-0.800000 -2.319945
-0.000000 -2.416610
-0.800000 -2.416610
-0.000000 -2.513274
-0.800000 -2.513274
-0.600000 -2.800000
0.000000 -2.400000
-0.600000 -2.000000
-0.000000 0.000000
-0.800000 -1.200000
-0.800000 0.000000
-0.800000 -2.800000
-0.800000 -3.200000
0.000000 -3.200000
-0.800000 -2.000000
-0.800000 0.000000
-0.800000 -0.089760
-0.000000 0.000000
-0.000000 -0.096664
-0.800000 -0.179520
-0.000000 -0.193329
-0.800000 -0.269279
-0.000000 -0.289993
-0.800000 -0.359039
-0.000000 -0.386658
-0.800000 -0.448799
-0.000000 -0.483322
-0.800000 -0.538559
-0.000000 -0.579986
-0.800000 -0.628319
-0.000000 -0.676651
-1.600000 -0.628319
-1.600000 -0.724983
-0.000000 -0.773315
-1.600000 -0.821647
-0.000000 -0.869980
-1.600000 -0.918312
-0.000000 -0.966644
-1.600000 -1.014976
-0.000000 -1.063308
-1.600000 -1.111640
-0.000000 -1.159973
-1.600000 -1.208305
-0.000000 -1.256637
-0.600000 -1.256637
-0.800000 -1.256637
-1.600000 -1.304969
-0.800000 -1.346397
-1.600000 -1.401634
-0.800000 -1.436157
-1.600000 -1.498298
-0.800000 -1.525916
-1.600000 -1.594962
-0.800000 -1.615676
-1.600000 -1.691627
-0.800000 -1.705436
-1.600000 -1.788291
-0.800000 -1.795196
-1.600000 -1.884956
-0.800000 -1.884956
-0.000000 -3.200000
0.600000 -3.200000
-0.000000 -2.400000
0.600000 -1.600000
-0.000000 0.000000
0.800000 0.000000
0.800000 -1.600000
0.400000 -2.400000
0.388377 -2.495726
0.400000 -3.200000
0.354182 -2.585889
0.292200 -3.046641
0.299404 -2.665249
0.247009 -2.981169
0.227226 -2.729193
0.187461 -2.928415
0.141842 -2.774007
0.117020 -2.891445
0.048215 -2.797084
0.039777 -2.872406
-0.048215 -2.797084
-0.039777 -2.872406
-0.117020 -2.891445
-0.141842 -2.774007
-0.187461 -2.928415
-0.227226 -2.729193
-0.247009 -2.981169
-0.299404 -2.665249
-0.292200 -3.046641
-0.354182 -2.585889
-0.400000 -3.200000
-0.388377 -2.495726
-0.400000 -2.400000
-0.388377 -3.295726
-0.330000 -3.200000
-0.320411 -3.121026
-0.320411 -3.278974
-0.354182 -3.385889
-0.292200 -3.353359
-0.299404 -3.465249
-0.247009 -3.418830
-0.227226 -3.529194
-0.187461 -3.471585
-0.141842 -3.574007
-0.117020 -3.508555
-0.048215 -3.597084
-0.039777 -3.527594
0.048215 -3.597084
0.039777 -3.527594
0.117020 -3.508555
0.141842 -3.574007
0.187461 -3.471585
0.227226 -3.529194
0.247009 -3.418830
0.299404 -3.465249
0.292200 -3.353359
0.354182 -3.385889
0.320411 -3.278974
0.388377 -3.295726
0.330000 -3.200000
0.320411 -3.121026
-0.800000 -4.800000
-0.000000 -4.800000
-0.800000 0.000000
-0.000000 0.000000
-0.000000 -0.628319
-0.800000 -0.628319
-0.000000 -0.724983
-0.800000 -0.724983
-0.000000 -0.821647
-0.800000 -0.821647
-0.000000 -0.918312
-0.800000 -0.918312
-0.000000 -1.014976
-0.800000 -1.014976
-0.000000 -1.111640
-0.800000 -1.111640
-0.000000 -1.208305
-0.800000 -1.208305
-0.000000 -1.304969
-0.800000 -1.304969
-0.000000 -1.401634
-0.800000 -1.401634
-0.000000 -1.498298
-0.800000 -1.498298
-0.000000 -1.594962
-0.800000 -1.594962
-0.000000 -1.691627
-0.800000 -1.691627
-0.000000 -1.788291
-0.800000 -1.788291
-0.000000 -1.884956
-0.800000 -1.884956
-0.000000 -0.800000
0.011623 -0.704274
-0.000000 0.000000
0.045818 -0.614111
0.100596 -0.534751
0.172774 -0.470806
0.258158 -0.425994
0.351785 -0.402916
0.800000 0.000000
0.448215 -0.402916
0.541842 -0.425994
0.800000 -0.400000
0.627226 -0.470806
0.699404 -0.534751
0.754182 -0.614111
0.788377 -0.704274
0.800000 -0.800000
1.000000 -0.400000
1.000000 0.000000
-0.095726 0.388377
-0.185889 0.354182
0.000000 0.400000
0.800000 0.400000
-0.265249 0.299404
-0.329194 0.227226
-0.374007 0.141842
4.576684 0.055043
4.596345 0.106886
-0.397084 0.048215
4.570000 0.000000
-0.397084 -0.048215
4.576684 -0.055043
-0.374007 -0.141842
4.596345 -0.106886
-0.329194 -0.227226
4.627842 -0.152518
-0.265249 -0.299404
0.000000 -0.400000
-0.185889 -0.354182
-0.095726 -0.388377
4.800000 -0.400000
4.718441 -0.215054
4.669345 -0.189286
4.895726 -0.388377
4.985889 -0.354182
4.772276 -0.228323
5.065249 -0.299404
4.827724 -0.228323
5.129194 -0.227226
4.881559 -0.215054
4.930655 -0.189286
5.174006 -0.141842
4.972157 -0.152518
5.003655 -0.106886
5.197083 -0.048215
5.023316 -0.055043
5.030000 0.000000
5.197083 0.048215
5.023316 0.055043
5.003655 0.106886
5.174006 0.141842
4.972157 0.152518
4.930655 0.189286
5.129194 0.227226
4.881559 0.215054
4.827724 0.228323
5.065249 0.299404
4.772276 0.228323
4.000000 0.400000
4.718441 0.215054
4.669345 0.189286
4.627842 0.152518
4.985889 0.354182
4.800000 0.400000
4.895726 0.388377
-0.089008 -0.389971
-1.600000 -0.300000
-0.000000 -0.400000
-2.500000 -0.300000
-4.800000 -0.400000
-2.600000 -0.300000
-3.500000 -0.300000
-1.500000 -0.300000
-0.173553 -0.360388
-0.600000 -0.300000
-0.249396 -0.312733
-0.312733 -0.249396
-0.360388 -0.173553
-0.389971 -0.089008
-0.400000 0.000000
-0.600000 0.300000
-0.400000 0.400000
-0.800000 0.400000
-4.000000 0.400000
-2.500000 0.300000
-1.600000 0.300000
-1.500000 0.300000
-4.800000 0.400000
-4.500000 0.300000
-3.600000 0.300000
-3.500000 0.300000
-3.600000 -0.300000
-4.500000 -0.300000
-4.895726 -0.388377
-4.985889 -0.354182
-5.065249 -0.299404
-4.772276 -0.228323
-4.827724 -0.228323
-4.895726 0.388377
-4.985889 0.354182
-5.065249 0.299404
-5.129194 0.227226
-4.827724 0.228323
-4.772276 0.228323
-4.718441 0.215054
-4.669345 0.189286
-5.174006 0.141842
-4.930655 0.189286
-4.881559 0.215054
-5.197083 0.048215
-5.003655 0.106886
-4.972157 0.152518
-5.197083 -0.048215
-5.030000 0.000000
-5.023316 0.055043
-5.174006 -0.141842
-5.003655 -0.106886
-5.023316 -0.055043
-5.129194 -0.227226
-4.930655 -0.189286
-4.972157 -0.152518
-4.881559 -0.215054
-4.627842 0.152518
-4.596345 0.106886
-4.576684 0.055043
-4.570000 0.000000
-4.576684 -0.055043
-4.596345 -0.106886
-4.627842 -0.152518
-4.669345 -0.189286
-4.718441 -0.215054
-2.600000 0.300000
-0.400000 -0.400000
-0.600000 -0.300000
-0.800000 -0.400000
-1.500000 -0.300000
-1.600000 -0.300000
-1.600000 0.300000
-1.500000 0.300000
-0.400000 0.400000
-0.600000 0.300000
-4.800000 0.400000
-2.600000 0.300000
-2.500000 0.300000
-4.895726 0.388377
-4.500000 0.300000
-3.600000 0.300000
-3.500000 0.300000
-3.500000 -0.300000
-3.600000 -0.300000
-4.000000 -0.400000
-4.500000 -0.300000
-4.800000 -0.400000
-4.895726 -0.388377
-4.985889 -0.354182
-5.065249 -0.299404
-4.772276 -0.228323
-4.827724 -0.228323
-4.985889 0.354182
-5.065249 0.299404
-4.772276 0.228323
-4.827724 0.228323
-5.129194 0.227226
-4.881559 0.215054
-4.930655 0.189286
-5.174006 0.141842
-4.972157 0.152518
-5.003655 0.106886
-5.197083 0.048215
-5.023316 0.055043
-5.030000 0.000000
-5.197083 -0.048215
-5.023316 -0.055043
-5.003655 -0.106886
-5.174006 -0.141842
-4.972157 -0.152518
-4.930655 -0.189286
-5.129194 -0.227226
-4.881559 -0.215054
-2.500000 -0.300000
-2.600000 -0.300000
-4.718441 0.215054
-4.669345 0.189286
-4.627842 0.152518
-4.596345 0.106886
-4.576684 0.055043
-4.570000 0.000000
-4.576684 -0.055043
-4.596345 -0.106886
-4.627842 -0.152518
-4.669345 -0.189286
-4.718441 -0.215054
-0.800000 0.000000
-0.000000 0.000000
-0.800000 0.089760
-0.000000 0.089760
-0.800000 0.179520
-0.000000 0.179520
-0.800000 0.269279
-0.000000 0.269279
-0.800000 0.359039
-0.000000 0.359039
-0.800000 0.448799
-0.000000 0.448799
-0.800000 0.538559
-0.000000 0.538559
-0.800000 0.628319
-0.000000 0.628319
-0.800000 -0.800000
-0.788377 -0.704274
-0.800000 -0.400000
-0.754182 -0.614111
-0.699404 -0.534751
-0.627226 -0.470806
-0.541842 -0.425994
-0.800000 0.000000
-0.448215 -0.402916
-0.351785 -0.402916
-0.000000 0.000000
-0.258158 -0.425994
-0.172774 -0.470806
-0.100596 -0.534751
-0.045818 -0.614111
-0.011623 -0.704274
-0.000000 -0.800000
-1.000000 0.000000
-1.000000 -0.400000
-0.000000 -0.628319
-0.800000 -0.628319
-0.000000 -0.724983
-0.800000 -0.724983
-0.000000 -0.821647
-0.800000 -0.821647
-0.000000 -0.918312
-0.800000 -0.918312
-0.000000 -1.014976
-0.800000 -1.014976
-0.000000 -1.111640
-0.800000 -1.111640
-0.000000 -1.208305
-0.800000 -1.208305
-0.000000 -1.304969
-0.800000 -1.304969
-0.000000 -1.401634
-0.800000 -1.401634
-0.000000 -1.498298
-0.800000 -1.498298
-0.000000 -1.594962
-0.800000 -1.594962
-0.000000 -1.691627
-0.800000 -1.691627
-0.000000 -1.788291
-0.800000 -1.788291
-0.000000 -1.884956
-0.800000 -1.884956
-0.000000 -4.800000
0.800000 -4.800000
-0.000000 -0.400000
0.800000 -0.400000
-0.000000 0.000000
0.800000 0.000000
14.715790 7.852632
14.315789 7.852632
14.715790 7.052631
14.315789 7.052631
14.226781 7.042603
14.226781 7.862660
14.142236 7.013019
14.142236 7.892244
14.066394 6.965364
14.066394 7.939899
14.003057 6.902028
14.003057 8.003236
13.955402 6.826185
13.955402 8.079078
13.925818 6.741640
13.925818 8.163623
13.915790 6.652632
13.915790 8.252631
0.800000 0.628319
1.000000 0.628319
0.800000 0.718078
1.000000 0.718078
0.800000 0.807838
1.000000 0.807838
0.800000 0.897598
1.000000 0.897598
0.800000 0.987358
1.000000 0.987358
0.800000 1.077117
1.000000 1.077117
0.800000 1.166877
1.000000 1.166877
0.800000 1.256637
1.000000 1.256637
-0.800000 -1.256637
-0.600000 -1.256637
-0.800000 -1.166877
-0.600000 -1.166877
-0.800000 -1.077117
-0.600000 -1.077117
-0.800000 -0.987358
-0.600000 -0.987358
-0.800000 -0.897598
-0.600000 -0.897598
-0.800000 -0.807838
-0.600000 -0.807838
-0.800000 -0.718078
-0.600000 -0.718078
-0.800000 -0.628319
-0.600000 -0.628319
2.352423 -1.021018
1.886054 -1.021018
2.354717 -1.053748
1.883761 -1.053748
2.361213 -1.086077
1.877265 -1.086077
1.854556 -1.149572
2.383922 -1.149572
1.824772 -1.211735
2.413706 -1.211735
1.793902 -1.272141
2.444576 -1.272141
2.473240 -1.333323
1.765238 -1.333323
1.740841 -1.398142
2.497637 -1.398142
1.724847 -1.464872
2.513630 -1.464872
1.720667 -1.498354
2.517811 -1.498354
2.519239 -1.531526
1.719239 -1.531526
2.517811 -1.564699
1.720667 -1.564699
1.724847 -1.598181
2.513630 -1.598181
1.740841 -1.664911
2.497637 -1.664911
1.765238 -1.729729
2.473240 -1.729729
2.444576 -1.790912
1.793902 -1.790912
1.824772 -1.851318
2.413706 -1.851318
1.854556 -1.913481
2.383922 -1.913481
1.877265 -1.976976
2.361213 -1.976976
2.354717 -2.009305
1.883761 -2.009305
2.352423 -2.042035
1.886054 -2.042035
5.552423 -1.021018
5.086054 -1.021018
5.554717 -1.053748
5.083761 -1.053748
5.561213 -1.086077
5.077265 -1.086077
5.054556 -1.149572
5.583922 -1.149572
5.024772 -1.211735
5.613706 -1.211735
4.993902 -1.272141
5.644576 -1.272141
5.673240 -1.333323
4.965238 -1.333323
4.940841 -1.398142
5.697637 -1.398142
4.924847 -1.464872
5.713631 -1.464872
4.920667 -1.498354
5.717811 -1.498354
5.719239 -1.531526
4.919239 -1.531526
5.717811 -1.564699
4.920667 -1.564699
4.924847 -1.598181
5.713631 -1.598181
4.940841 -1.664911
5.697637 -1.664911
4.965238 -1.729729
5.673240 -1.729729
5.644576 -1.790912
4.993902 -1.790912
5.024772 -1.851318
5.613706 -1.851318
5.054556 -1.913481
5.583922 -1.913481
5.077265 -1.976976
5.561213 -1.976976
5.554717 -2.009305
5.083761 -2.009305
5.552423 -2.042035
5.086054 -2.042035
-0.200000 -0.600000
-0.000000 -0.600000
-0.200000 0.000000
-0.000000 0.000000
-0.200000 0.900000
-0.000000 0.000000
-0.000000 0.900000
0.200000 0.000000
-0.000000 0.000000
0.200000 -0.600000
-0.000000 -0.600000
0.200000 0.900000
-0.000000 0.900000
0.200000 0.000000
-0.000000 0.000000
-18.815790 7.952631
-17.915789 7.952631
-18.815790 8.552631
-17.915789 8.552631
-0.200000 -0.600000
-0.000000 -0.600000
-0.200000 0.000000
-0.000000 0.000000
-0.200000 0.900000
-0.000000 0.000000
-0.000000 0.900000
0.200000 0.000000
-0.000000 0.000000
0.200000 -0.600000
-0.000000 -0.600000
0.200000 0.900000
-0.000000 0.900000
0.200000 0.000000
-0.000000 0.000000
-17.815790 7.952631
-16.915789 7.952631
-17.815790 8.552631
-16.915789 8.552631
-0.200000 -0.600000
-0.000000 -0.600000
-0.200000 0.000000
-0.000000 0.000000
-0.200000 0.900000
-0.000000 0.000000
-0.000000 0.900000
0.200000 0.000000
-0.000000 0.000000
0.200000 -0.600000
-0.000000 -0.600000
0.200000 0.900000
-0.000000 0.900000
0.200000 0.000000
-0.000000 0.000000
-16.815790 7.952631
-15.915790 7.952631
-16.815790 8.552631
-15.915790 8.552631
-0.200000 -0.600000
-0.000000 -0.600000
-0.200000 0.000000
-0.000000 0.000000
-0.200000 0.900000
-0.000000 0.000000
-0.000000 0.900000
0.200000 0.000000
-0.000000 0.000000
0.200000 -0.600000
-0.000000 -0.600000
0.200000 0.900000
-0.000000 0.900000
0.200000 0.000000
-0.000000 0.000000
-15.815789 7.952631
-14.915790 7.952631
-15.815789 8.552631
-14.915790 8.552631
-0.200000 -0.600000
-0.000000 -0.600000
-0.200000 0.000000
-0.000000 0.000000
-0.200000 0.900000
-0.000000 0.000000
-0.000000 0.900000
0.200000 0.000000
-0.000000 0.000000
0.200000 -0.600000
-0.000000 -0.600000
0.200000 0.900000
-0.000000 0.900000
0.200000 0.000000
-0.000000 0.000000
-18.815790 6.352632
-17.915789 6.352632
-18.815790 6.952631
-17.915789 6.952631
-0.200000 -0.600000
-0.000000 -0.600000
-0.200000 0.000000
-0.000000 0.000000
-0.200000 0.900000
-0.000000 0.000000
-0.000000 0.900000
0.200000 0.000000
-0.000000 0.000000
0.200000 -0.600000
-0.000000 -0.600000
0.200000 0.900000
-0.000000 0.900000
0.200000 0.000000
-0.000000 0.000000
-15.815789 6.352632
-14.915790 6.352632
-15.815789 6.952631
-14.915790 6.952631
-0.200000 -0.600000
-0.000000 -0.600000
-0.200000 0.000000
-0.000000 0.000000
-0.200000 0.900000
-0.000000 0.000000
-0.000000 0.900000
0.200000 0.000000
-0.000000 0.000000
0.200000 -0.600000
-0.000000 -0.600000
0.200000 0.900000
-0.000000 0.900000
0.200000 0.000000
-0.000000 0.000000
-16.815790 6.352632
-15.915790 6.352632
-16.815790 6.952631
-15.915790 6.952631
-0.200000 -0.600000
-0.000000 -0.600000
-0.200000 0.000000
-0.000000 0.000000
-0.200000 0.900000
-0.000000 0.000000
-0.000000 0.900000
0.200000 0.000000
-0.000000 0.000000
0.200000 -0.600000
-0.000000 -0.600000
0.200000 0.900000
-0.000000 0.900000
0.200000 0.000000
-0.000000 0.000000
-17.815790 6.352632
-16.915789 6.352632
-17.815790 6.952631
-16.915789 6.952631
0.800000 0.000000
0.800000 0.400000
-0.000000 0.000000
-0.000000 1.600000
0.800000 1.600000
-0.000000 -1.256637
-0.800000 -1.256637
-0.000000 -1.353301
-0.800000 -1.353301
-0.000000 -1.449966
-0.800000 -1.449966
-0.000000 -1.546630
-0.800000 -1.546630
-0.000000 -1.643295
-0.800000 -1.643295
-0.000000 -1.739959
-0.800000 -1.739959
-0.000000 -1.836623
-0.800000 -1.836623
-0.000000 -1.933288
-0.800000 -1.933288
-0.000000 -2.029952
-0.800000 -2.029952
-0.000000 -2.126616
-0.800000 -2.126616
-0.000000 -2.223281
-0.800000 -2.223281
-0.000000 -2.319945
-0.800000 -2.319945
-0.000000 -2.416610
-0.800000 -2.416610
-0.000000 -2.513274
-0.800000 -2.513274
-0.800000 0.000000
-0.000000 0.000000
-0.800000 1.600000
-0.000000 1.600000
0.400000 1.600000
0.388377 1.504274
0.400000 0.000000
0.330000 0.800000
0.320411 0.721026
0.320411 0.878974
0.354182 1.414111
0.292200 0.953359
0.299404 1.334751
0.247009 1.018830
0.227226 1.270806
0.187461 1.071585
0.141842 1.225994
0.117020 1.108555
0.048215 1.202917
0.039777 1.127594
-0.048215 1.202917
-0.039777 1.127594
-0.117020 1.108555
-0.141842 1.225994
-0.187461 1.071585
-0.227226 1.270806
-0.247009 1.018830
-0.299404 1.334751
-0.292200 0.953359
-0.354182 1.414111
-0.320411 0.878974
-0.388377 1.504274
-0.330000 0.800000
-0.400000 0.000000
-0.320411 0.721026
-0.292200 0.646641
-0.292200 0.153359
-0.247009 0.218830
-0.400000 1.600000
-0.388377 -0.095726
-0.330000 0.000000
-0.320411 0.078974
-0.320411 -0.078974
-0.354182 -0.185889
-0.292200 -0.153359
-0.299404 -0.265249
-0.247009 -0.218830
-0.227226 -0.329194
-0.187461 -0.271585
-0.141842 -0.374007
-0.117020 -0.308555
-0.048215 -0.397084
-0.039777 -0.327594
0.048215 -0.397084
0.039777 -0.327594
0.117020 -0.308555
0.141842 -0.374007
0.187461 -0.271585
0.227226 -0.329194
0.247009 -0.218830
0.299404 -0.265249
0.292200 -0.153359
0.354182 -0.185889
0.320411 -0.078974
0.388377 -0.095726
0.330000 0.000000
0.320411 0.078974
0.292200 0.153359
0.292200 0.646641
0.247009 0.218830
0.247009 0.581170
0.187461 0.528415
-0.187461 0.271585
-0.187461 0.528415
-0.247009 0.581170
-0.117020 0.491445
-0.117020 0.308555
-0.039777 0.472406
-0.039777 0.327594
0.039777 0.327594
0.039777 0.472406
0.117020 0.308555
0.117020 0.491445
0.187461 0.271585
1.450538 -0.722566
0.650538 -0.722566
1.450538 -0.778148
0.650538 -0.778148
1.450538 -0.833730
0.650538 -0.833730
1.450538 -0.889312
0.650538 -0.889312
1.450538 -0.944894
0.650538 -0.944894
1.450538 -1.000476
0.650538 -1.000476
1.450538 -1.056058
0.650538 -1.056058
1.450538 -1.111640
0.650538 -1.111640
1.450538 -1.167222
0.650538 -1.167222
1.450538 -1.222805
0.650538 -1.222805
1.450538 -1.278387
0.650538 -1.278387
1.450538 -1.333969
0.650538 -1.333969
1.450538 -1.389551
0.650538 -1.389551
1.450538 -1.445133
0.650538 -1.445133
1.450538 -0.722566
0.650538 -0.722566
1.450538 -0.778148
0.650538 -0.778148
1.450538 -0.833730
0.650538 -0.833730
1.450538 -0.889312
0.650538 -0.889312
1.450538 -0.944894
0.650538 -0.944894
1.450538 -1.000476
0.650538 -1.000476
1.450538 -1.056058
0.650538 -1.056058
1.450538 -1.111640
0.650538 -1.111640
1.450538 -1.167222
0.650538 -1.167222
1.450538 -1.222805
0.650538 -1.222805
1.450538 -1.278387
0.650538 -1.278387
1.450538 -1.333969
0.650538 -1.333969
1.450538 -1.389551
0.650538 -1.389551
1.450538 -1.445133
0.650538 -1.445133
-0.400000 -0.000000
-0.388377 0.095726
-0.400000 0.800000
-0.354182 0.185889
-0.292200 0.646641
-0.299404 0.265249
-0.247009 0.581170
-0.227226 0.329194
-0.187461 0.528415
-0.141842 0.374007
-0.117020 0.491445
-0.048215 0.397084
-0.039777 0.472406
0.048215 0.397084
0.039777 0.472406
0.117020 0.491445
0.141842 0.374007
0.187461 0.528415
0.227226 0.329194
0.247009 0.581170
0.299404 0.265249
0.292200 0.646641
0.354182 0.185889
0.400000 0.800000
0.388377 0.095726
0.400000 0.000000
0.388377 0.895726
0.330000 0.800000
0.320411 0.721026
0.320411 0.878974
0.354182 0.985889
0.292200 0.953359
0.299404 1.065249
0.247009 1.018830
0.227226 1.129194
0.187461 1.071585
0.141842 1.174006
0.117020 1.108555
0.048215 1.197084
0.039777 1.127594
-0.048215 1.197084
-0.039777 1.127594
-0.117020 1.108555
-0.141842 1.174006
-0.187461 1.071585
-0.227226 1.129194
-0.247009 1.018830
-0.299404 1.065249
-0.292200 0.953359
-0.354182 0.985889
-0.320411 0.878974
-0.388377 0.895726
-0.330000 0.800000
-0.320411 0.721026
-2.588854 -1.256637
-1.788854 -1.256637
-2.588854 -1.159973
-1.788854 -1.159973
-2.588854 -1.063308
-1.788854 -1.063308
-2.588854 -0.966644
-1.788854 -0.966644
-2.588854 -0.869980
-1.788854 -0.869980
-2.588854 -0.773315
-1.788854 -0.773315
-2.588854 -0.676651
-1.788854 -0.676651
-2.588854 -0.579986
-1.788854 -0.579986
-2.588854 -0.483322
-1.788854 -0.483322
-2.588854 -0.386658
-1.788854 -0.386658
-2.588854 -0.289993
-1.788854 -0.289993
-2.588854 -0.193329
-1.788854 -0.193329
-2.588854 -0.096664
-1.788854 -0.096664
-2.588854 0.000000
-1.788854 -0.000000
1.788854 0.000000
2.588854 0.000000
1.788854 0.800000
2.588854 0.800000
-2.588854 0.000000
-1.788854 0.000000
-2.588854 0.083776
-1.788854 0.096664
-2.588854 0.167552
-1.788854 0.193329
-2.588854 0.251327
-1.788854 0.289993
-2.588854 0.335103
-1.788854 0.386658
-2.588854 0.418879
-1.788854 0.483322
-2.588854 0.502655
-1.788854 0.579986
-2.588854 0.586431
-2.588854 0.670206
-1.788854 0.676651
-2.588854 0.753982
-1.788854 0.773315
-2.588854 0.837758
-1.788854 0.869980
-2.588854 0.921534
-1.788854 0.966644
-2.588854 1.005310
-1.788854 1.063308
-2.588854 1.089085
-1.788854 1.159973
-2.588854 1.172861
-1.788854 1.256637
-2.588854 1.256637
-1.788854 0.800000
-2.588854 0.800000
-1.788854 -0.000000
-2.588854 0.000000
-0.800000 -1.256637
-0.800000 -1.340413
-0.000000 -1.256637
-0.000000 -1.353301
-0.800000 -1.424189
-0.000000 -1.449966
-0.800000 -1.507964
-0.000000 -1.546630
-0.800000 -1.591740
-0.000000 -1.643295
-0.800000 -1.675516
-0.000000 -1.739959
-0.800000 -1.759292
-0.000000 -1.836623
-0.800000 -1.843068
-0.000000 -1.933288
-0.800000 -1.926844
-0.800000 -2.010619
-0.000000 -2.029952
-0.800000 -2.094395
-0.000000 -2.126616
-0.800000 -2.178171
-0.000000 -2.223281
-0.800000 -2.261947
-0.000000 -2.319945
-0.800000 -2.345722
-0.000000 -2.416610
-0.800000 -2.429498
-0.000000 -2.513274
-0.800000 -2.513274
-0.800000 -0.800000
-0.000000 -0.800000
-0.800000 0.000000
-0.000000 0.000000
-0.000000 0.000000
-0.800000 0.000000
-0.000000 -0.096664
-0.800000 -0.096664
-0.000000 -0.193329
-0.800000 -0.193329
-0.000000 -0.289993
-0.800000 -0.289993
-0.000000 -0.386658
-0.800000 -0.386658
-0.000000 -0.483322
-0.800000 -0.483322
-0.000000 -0.579986
-0.800000 -0.579986
-0.000000 -0.676651
-0.800000 -0.676651
-0.000000 -0.773315
-0.800000 -0.773315
-0.000000 -0.869980
-0.800000 -0.869980
-0.000000 -0.966644
-0.800000 -0.966644
-0.000000 -1.063308
-0.800000 -1.063308
-0.000000 -1.159973
-0.800000 -1.159973
-0.000000 -1.256637
-0.800000 -1.256637
0.800000 0.000000
-0.000000 0.000000
0.800000 -0.800000
-0.000000 -0.800000
0.388377 0.095726
0.330000 0.000000
0.400000 0.000000
0.320411 -0.078974
0.292200 -0.153359
0.320411 0.078974
0.354182 0.185889
0.292200 0.153359
0.299404 0.265249
0.247009 0.218830
0.227226 0.329194
0.187461 0.271585
0.141842 0.374007
0.117020 0.308555
0.048215 0.397084
0.039777 0.327594
-0.048215 0.397084
-0.039777 0.327594
-0.117020 0.308555
-0.141842 0.374007
-0.187461 0.271585
-0.227226 0.329194
-0.247009 0.218830
-0.299404 0.265249
-0.292200 0.153359
-0.354182 0.185889
-0.320411 0.078974
-0.388377 0.095726
-0.330000 0.000000
-0.400000 0.000000
-0.320411 -0.078974
-0.292200 -0.153359
-0.400000 -0.800000
-0.292200 -0.646641
-0.320411 -0.721026
-0.330000 -0.800000
-0.388377 -0.895726
-0.320411 -0.878974
-0.354182 -0.985889
-0.292200 -0.953359
-0.299404 -1.065249
-0.247009 -1.018830
-0.227226 -1.129194
-0.187461 -1.071585
-0.141842 -1.174006
-0.117020 -1.108555
-0.048215 -1.197084
-0.039777 -1.127594
0.048215 -1.197084
0.039777 -1.127594
0.117020 -1.108555
0.141842 -1.174006
0.187461 -1.071585
0.227226 -1.129194
0.247009 -1.018830
0.299404 -1.065249
0.292200 -0.953359
0.354182 -0.985889
0.320411 -0.878974
0.388377 -0.895726
0.330000 -0.800000
0.400000 -0.800000
0.320411 -0.721026
0.292200 -0.646641
0.247009 -0.581170
0.247009 -0.218830
0.187461 -0.271585
-0.247009 -0.581170
-0.247009 -0.218830
-0.187461 -0.271585
-0.187461 -0.528415
-0.117020 -0.308555
-0.117020 -0.491445
-0.039777 -0.327594
-0.039777 -0.472406
0.039777 -0.472406
0.039777 -0.327594
0.117020 -0.491445
0.117020 -0.308555
0.187461 -0.528415
-0.400000 -1.540724
-0.400000 -1.653690
-0.323711 -1.575227
-0.323607 -1.619677
-0.241864 -1.592875
-0.241811 -1.602291
-0.158189 -1.602291
-0.158136 -1.592875
-0.076393 -1.619677
-0.076289 -1.575227
-0.000000 -1.653690
-0.000000 -1.540724
-0.000000 -1.540724
-0.800000 -1.540724
-0.000000 -1.653690
-0.800000 -1.653690
-0.000000 -2.000100
-0.800000 -2.000100
-0.000000 -1.540724
-0.000000 -1.653690
0.076289 -1.575227
0.076393 -1.619677
0.158136 -1.592875
0.158189 -1.602291
0.241811 -1.602291
0.241864 -1.592875
0.323607 -1.619677
0.323711 -1.575227
0.400000 -1.653690
0.400000 -1.540724
0.800000 -1.540724
-0.000000 -1.540724
0.800000 -1.653690
-0.000000 -1.653690
0.800000 -2.000100
-0.000000 -2.000100
-2.400000 0.000000
-2.400000 -0.097337
-0.000000 0.000000
-0.000000 -0.097337
-2.400000 -0.194674
-0.000000 -0.194674
-2.400000 -0.292011
-0.000000 -0.292011
-2.400000 -0.389347
-0.000000 -0.389347
-0.800000 -0.410750
-0.000000 -0.486684
-0.800000 -0.494636
-0.000000 -0.584021
-0.800000 -0.578522
-0.800000 -0.662407
-1.600000 -0.410750
-2.400000 -0.486684
-1.600000 -0.494636
-2.400000 -0.584021
-1.600000 -0.578522
-1.600000 -0.662407
-2.400000 -0.681358
-1.600000 -0.746293
-2.400000 -0.778695
-1.600000 -0.830179
-2.400000 -0.876032
-0.800000 -0.830179
-0.000000 -0.876032
-0.000000 -0.778695
-2.400000 -0.973368
-0.000000 -0.973368
-2.400000 -1.070705
-0.000000 -1.070705
-2.400000 -1.168042
-0.000000 -1.168042
-2.400000 -1.265379
0.000000 -1.265379
-0.000000 1.216479
-2.400000 1.216479
-2.400000 1.119142
-0.000000 1.119142
-2.400000 1.021805
-0.000000 1.021805
-2.400000 0.924469
-0.000000 0.924469
-2.400000 0.827132
-0.000000 0.827132
-2.400000 0.729795
-0.000000 0.729795
-2.400000 0.632458
-0.000000 0.632458
-2.400000 0.535121
-0.000000 0.535121
-2.400000 0.437784
-0.000000 0.437784
-2.400000 0.340448
-0.000000 0.340448
-0.800000 -0.746293
-0.000000 -0.681358
-0.000000 1.521192
-2.400000 1.521192
-0.000000 1.216954
-2.400000 1.216954
-0.000000 0.912715
-2.400000 0.912715
-0.000000 0.608477
-2.400000 0.608477
-0.000000 0.304238
-2.400000 0.304238
-0.000000 0.000000
-2.400000 0.000000
0.000000 0.303011
2.400000 0.303011
0.000000 0.578446
2.400000 0.578446
0.000000 0.853881
2.400000 0.853881
0.000000 1.129315
2.400000 1.129315
0.000000 1.404750
2.400000 1.404750
0.100000 2.400000
0.000000 2.400000
0.100000 0.000000
0.000000 0.000000
-0.476864 1.108144
-0.516392 1.200000
-0.715301 0.971456
-0.779394 1.048430
-0.916612 0.784350
-1.000316 0.840255
-1.070351 0.556535
-1.167231 0.586714
-1.168538 0.299835
-1.271126 0.301496
-1.203593 0.153359
-1.231803 0.078974
-1.306392 0.000000
-1.241392 0.000000
-1.294460 -0.096355
-1.231803 -0.078974
-1.259384 -0.186888
-1.203593 -0.153359
-1.203283 -0.266130
-1.158401 -0.218830
-1.129546 -0.329293
-1.098854 -0.271585
-1.042630 -0.372561
-1.028412 -0.308555
-0.951169 -0.327594
-0.947784 -0.393320
-0.871615 -0.327594
-0.850740 -0.390316
-0.794373 -0.308555
-0.757360 -0.363729
-0.723931 -0.271585
-0.673287 -0.315168
-0.664384 -0.218830
-0.603599 -0.247564
-0.619192 -0.153359
-0.552507 -0.165004
-0.590982 -0.078974
-0.523098 -0.072474
-0.581392 0.000000
-0.517149 0.024434
-0.590982 0.078974
-0.535019 0.119866
-0.575628 0.208056
-0.619192 0.153359
-0.636524 0.283676
-0.664384 0.218830
-0.714026 0.342157
-0.723931 0.271585
-0.794373 0.308555
-0.803453 0.379966
-0.871615 0.327594
-0.899401 0.394818
-0.951169 0.327594
-0.996073 0.385816
-1.028412 0.308555
-1.087630 0.353505
-1.098854 0.271585
-1.158401 0.218830
1.271126 0.301496
1.231803 0.078974
1.306392 0.000000
1.241392 0.000000
1.294460 -0.096355
1.231803 -0.078974
1.259384 -0.186888
1.203593 -0.153359
1.203283 -0.266130
1.158401 -0.218830
1.129546 -0.329293
1.098854 -0.271585
1.042630 -0.372561
1.028412 -0.308555
0.951169 -0.327594
1.167231 0.586714
1.168538 0.299835
1.203593 0.153359
1.070351 0.556535
1.000316 0.840255
0.916612 0.784350
0.779394 1.048430
0.715301 0.971456
0.516392 1.200000
0.476864 1.108144
1.087630 0.353505
1.098854 0.271585
1.158401 0.218830
1.028412 0.308555
0.996073 0.385816
0.951169 0.327594
0.899401 0.394818
0.871615 0.327594
0.803453 0.379966
0.794373 0.308555
0.714026 0.342157
0.723931 0.271585
0.664384 0.218830
0.636524 0.283676
0.619192 0.153359
0.575628 0.208056
0.590982 0.078974
0.535019 0.119866
0.517149 0.024434
0.581392 0.000000
0.523098 -0.072474
0.590982 -0.078974
0.552507 -0.165004
0.619192 -0.153359
0.603599 -0.247564
0.664384 -0.218830
0.673287 -0.315168
0.723931 -0.271585
0.757360 -0.363729
0.794373 -0.308555
0.850740 -0.390316
0.871615 -0.327594
0.947784 -0.393320
0.320411 0.078974
0.223317 0.055043
0.330000 0.000000
0.230000 0.000000
0.223317 -0.055043
0.203655 0.106886
0.292200 0.153359
0.172157 0.152518
0.247009 0.218830
0.130655 0.189286
0.187461 0.271585
0.081559 0.215054
0.117020 0.308555
0.027723 0.228323
0.039777 0.327594
-0.039777 0.327594
-0.027723 0.228323
-0.117020 0.308555
-0.081559 0.215054
-0.187461 0.271585
-0.130655 0.189286
-0.247009 0.218830
-0.172157 0.152518
-0.292200 0.153359
-0.203655 0.106886
-0.320411 0.078974
-0.223317 0.055043
-0.330000 0.000000
-0.230000 0.000000
-0.223317 -0.055043
-0.320411 -0.078974
-0.203655 -0.106886
-0.292200 -0.153359
-0.172157 -0.152518
-0.247009 -0.218830
-0.130655 -0.189286
-0.187461 -0.271585
-0.081559 -0.215054
-0.117020 -0.308555
-0.027723 -0.228323
-0.039777 -0.327594
0.039777 -0.327594
0.027723 -0.228323
0.117020 -0.308555
0.081559 -0.215054
0.187461 -0.271585
0.130655 -0.189286
0.247009 -0.218830
0.172157 -0.152518
0.292200 -0.153359
0.203655 -0.106886
0.320411 -0.078974
0.080000 -1.036726
0.000000 -1.036726
0.080000 -1.116474
0.000000 -1.116474
0.080000 -1.196222
0.000000 -1.196222
0.080000 -1.275970
0.000000 -1.275970
0.080000 -1.355718
0.000000 -1.355718
0.080000 -1.435466
0.000000 -1.435466
0.080000 -1.515214
0.000000 -1.515214
0.080000 -1.594962
0.000000 -1.594962
0.080000 -1.674711
0.000000 -1.674711
0.080000 -1.754459
0.000000 -1.754459
0.080000 -1.834207
0.000000 -1.834207
0.080000 -1.913955
0.000000 -1.913955
0.080000 -1.993703
0.000000 -1.993703
0.080000 -2.073451
0.000000 -2.073451
0.320411 0.078974
0.223317 0.055043
0.330000 0.000000
0.230000 0.000000
0.223317 -0.055043
0.203655 0.106886
0.292200 0.153359
0.172157 0.152518
0.247009 0.218830
0.130655 0.189286
0.187461 0.271585
0.081559 0.215054
0.117020 0.308555
0.027723 0.228323
0.039777 0.327594
-0.039777 0.327594
-0.027723 0.228323
-0.117020 0.308555
-0.081559 0.215054
-0.187461 0.271585
-0.130655 0.189286
-0.247009 0.218830
-0.172157 0.152518
-0.292200 0.153359
-0.203655 0.106886
-0.320411 0.078974
-0.223317 0.055043
-0.330000 0.000000
-0.230000 0.000000
-0.223317 -0.055043
-0.320411 -0.078974
-0.203655 -0.106886
-0.292200 -0.153359
-0.172157 -0.152518
-0.247009 -0.218830
-0.130655 -0.189286
-0.187461 -0.271585
-0.081559 -0.215054
-0.117020 -0.308555
-0.027723 -0.228323
-0.039777 -0.327594
0.039777 -0.327594
0.027723 -0.228323
0.117020 -0.308555
0.081559 -0.215054
0.187461 -0.271585
0.130655 -0.189286
0.247009 -0.218830
0.172157 -0.152518
0.292200 -0.153359
0.203655 -0.106886
0.320411 -0.078974
0.080000 -1.036726
0.000000 -1.036726
0.080000 -1.116474
0.000000 -1.116474
0.080000 -1.196222
0.000000 -1.196222
0.080000 -1.275970
0.000000 -1.275970
0.080000 -1.355718
0.000000 -1.355718
0.080000 -1.435466
0.000000 -1.435466
0.080000 -1.515214
0.000000 -1.515214
0.080000 -1.594962
0.000000 -1.594962
0.080000 -1.674711
0.000000 -1.674711
0.080000 -1.754459
0.000000 -1.754459
0.080000 -1.834207
0.000000 -1.834207
0.080000 -1.913955
0.000000 -1.913955
0.080000 -1.993703
0.000000 -1.993703
0.080000 -2.073451
0.000000 -2.073451
0.320411 0.078974
0.223317 0.055043
0.330000 0.000000
0.230000 0.000000
0.223317 -0.055043
0.203655 0.106886
0.292200 0.153359
0.172157 0.152518
0.247009 0.218830
0.130655 0.189286
0.187461 0.271585
0.081559 0.215054
0.117020 0.308555
0.027723 0.228323
0.039777 0.327594
-0.039777 0.327594
-0.027723 0.228323
-0.117020 0.308555
-0.081559 0.215054
-0.187461 0.271585
-0.130655 0.189286
-0.247009 0.218830
-0.172157 0.152518
-0.292200 0.153359
-0.203655 0.106886
-0.320411 0.078974
-0.223317 0.055043
-0.330000 0.000000
-0.230000 0.000000
-0.223317 -0.055043
-0.320411 -0.078974
-0.203655 -0.106886
-0.292200 -0.153359
-0.172157 -0.152518
-0.247009 -0.218830
-0.130655 -0.189286
-0.187461 -0.271585
-0.081559 -0.215054
-0.117020 -0.308555
-0.027723 -0.228323
-0.039777 -0.327594
0.039777 -0.327594
0.027723 -0.228323
0.117020 -0.308555
0.081559 -0.215054
0.187461 -0.271585
0.130655 -0.189286
0.247009 -0.218830
0.172157 -0.152518
0.292200 -0.153359
0.203655 -0.106886
0.320411 -0.078974
0.080000 -1.036726
0.000000 -1.036726
0.080000 -1.116474
0.000000 -1.116474
0.080000 -1.196222
0.000000 -1.196222
0.080000 -1.275970
0.000000 -1.275970
0.080000 -1.355718
0.000000 -1.355718
0.080000 -1.435466
0.000000 -1.435466
0.080000 -1.515214
0.000000 -1.515214
0.080000 -1.594962
0.000000 -1.594962
0.080000 -1.674711
0.000000 -1.674711
0.080000 -1.754459
0.000000 -1.754459
0.080000 -1.834207
0.000000 -1.834207
0.080000 -1.913955
0.000000 -1.913955
0.080000 -1.993703
0.000000 -1.993703
0.080000 -2.073451
0.000000 -2.073451
0.320411 0.078974
0.223317 0.055043
0.330000 0.000000
0.230000 0.000000
0.223317 -0.055043
0.203655 0.106886
0.292200 0.153359
0.172157 0.152518
0.247009 0.218830
0.130655 0.189286
0.187461 0.271585
0.081559 0.215054
0.117020 0.308555
0.027723 0.228323
0.039777 0.327594
-0.039777 0.327594
-0.027723 0.228323
-0.117020 0.308555
-0.081559 0.215054
-0.187461 0.271585
-0.130655 0.189286
-0.247009 0.218830
-0.172157 0.152518
-0.292200 0.153359
-0.203655 0.106886
-0.320411 0.078974
-0.223317 0.055043
-0.330000 0.000000
-0.230000 0.000000
-0.223317 -0.055043
-0.320411 -0.078974
-0.203655 -0.106886
-0.292200 -0.153359
-0.172157 -0.152518
-0.247009 -0.218830
-0.130655 -0.189286
-0.187461 -0.271585
-0.081559 -0.215054
-0.117020 -0.308555
-0.027723 -0.228323
-0.039777 -0.327594
0.039777 -0.327594
0.027723 -0.228323
0.117020 -0.308555
0.081559 -0.215054
0.187461 -0.271585
0.130655 -0.189286
0.247009 -0.218830
0.172157 -0.152518
0.292200 -0.153359
0.203655 -0.106886
0.320411 -0.078974
0.080000 -1.036726
0.000000 -1.036726
0.080000 -1.116474
0.000000 -1.116474
0.080000 -1.196222
0.000000 -1.196222
0.080000 -1.275970
0.000000 -1.275970
0.080000 -1.355718
0.000000 -1.355718
0.080000 -1.435466
0.000000 -1.435466
0.080000 -1.515214
0.000000 -1.515214
0.080000 -1.594962
0.000000 -1.594962
0.080000 -1.674711
0.000000 -1.674711
0.080000 -1.754459
0.000000 -1.754459
0.080000 -1.834207
0.000000 -1.834207
0.080000 -1.913955
0.000000 -1.913955
0.080000 -1.993703
0.000000 -1.993703
0.080000 -2.073451
0.000000 -2.073451
0.223317 0.055043
-0.223317 0.055043
0.230000 0.000000
-0.230000 0.000000
0.223317 -0.055043
-0.223317 -0.055043
0.203655 -0.106886
-0.203655 -0.106886
0.172157 -0.152518
-0.172157 -0.152518
0.130655 -0.189286
-0.130655 -0.189286
0.081559 -0.215054
-0.081559 -0.215054
0.027723 -0.228323
-0.027723 -0.228323
-0.203655 0.106886
0.203655 0.106886
-0.172157 0.152518
0.172157 0.152518
-0.130655 0.189286
0.130655 0.189286
-0.081559 0.215054
0.081559 0.215054
-0.027723 0.228323
0.027723 0.228323
0.720000 -0.722566
0.000000 -0.722566
0.720000 -0.778148
0.000000 -0.778148
0.720000 -0.833730
0.000000 -0.833730
0.720000 -0.889312
0.000000 -0.889312
0.720000 -0.944894
0.000000 -0.944894
0.720000 -1.000476
0.000000 -1.000476
0.720000 -1.056058
0.000000 -1.056058
0.720000 -1.111640
0.000000 -1.111640
0.720000 -1.167222
0.000000 -1.167222
0.720000 -1.222805
0.000000 -1.222805
0.720000 -1.278387
0.000000 -1.278387
0.720000 -1.333969
0.000000 -1.333969
0.720000 -1.389551
0.000000 -1.389551
0.720000 -1.445133
0.000000 -1.445133
0.223317 0.055043
-0.223317 0.055043
0.230000 0.000000
-0.230000 0.000000
0.223317 -0.055043
-0.223317 -0.055043
0.203655 -0.106886
-0.203655 -0.106886
0.172157 -0.152518
-0.172157 -0.152518
0.130655 -0.189286
-0.130655 -0.189286
0.081559 -0.215054
-0.081559 -0.215054
0.027723 -0.228323
-0.027723 -0.228323
-0.203655 0.106886
0.203655 0.106886
-0.172157 0.152518
0.172157 0.152518
-0.130655 0.189286
0.130655 0.189286
-0.081559 0.215054
0.081559 0.215054
-0.027723 0.228323
0.027723 0.228323
0.720000 -0.722566
0.000000 -0.722566
0.720000 -0.778148
0.000000 -0.778148
0.720000 -0.833730
0.000000 -0.833730
0.720000 -0.889312
0.000000 -0.889312
0.720000 -0.944894
0.000000 -0.944894
0.720000 -1.000476
0.000000 -1.000476
0.720000 -1.056058
0.000000 -1.056058
0.720000 -1.111640
0.000000 -1.111640
0.720000 -1.167222
0.000000 -1.167222
0.720000 -1.222805
0.000000 -1.222805
0.720000 -1.278387
0.000000 -1.278387
0.720000 -1.333969
0.000000 -1.333969
0.720000 -1.389551
0.000000 -1.389551
0.720000 -1.445133
0.000000 -1.445133
0.223317 0.055043
-0.223317 0.055043
0.230000 0.000000
-0.230000 0.000000
0.223317 -0.055043
-0.223317 -0.055043
0.203655 -0.106886
-0.203655 -0.106886
0.172157 -0.152518
-0.172157 -0.152518
0.130655 -0.189286
-0.130655 -0.189286
0.081559 -0.215054
-0.081559 -0.215054
0.027723 -0.228323
-0.027723 -0.228323
-0.203655 0.106886
0.203655 0.106886
-0.172157 0.152518
0.172157 0.152518
-0.130655 0.189286
0.130655 0.189286
-0.081559 0.215054
0.081559 0.215054
-0.027723 0.228323
0.027723 0.228323
0.720000 -0.722566
0.000000 -0.722566
0.720000 -0.778148
0.000000 -0.778148
0.720000 -0.833730
0.000000 -0.833730
0.720000 -0.889312
0.000000 -0.889312
0.720000 -0.944894
0.000000 -0.944894
0.720000 -1.000476
0.000000 -1.000476
0.720000 -1.056058
0.000000 -1.056058
0.720000 -1.111640
0.000000 -1.111640
0.720000 -1.167222
0.000000 -1.167222
0.720000 -1.222805
0.000000 -1.222805
0.720000 -1.278387
0.000000 -1.278387
0.720000 -1.333969
0.000000 -1.333969
0.720000 -1.389551
0.000000 -1.389551
0.720000 -1.445133
0.000000 -1.445133
0.320411 0.078974
0.223317 0.055043
0.330000 0.000000
0.230000 0.000000
0.223317 -0.055043
0.203655 0.106886
0.292200 0.153359
0.172157 0.152518
0.247009 0.218830
0.130655 0.189286
0.187461 0.271585
0.081559 0.215054
0.117020 0.308555
0.027723 0.228323
0.039777 0.327594
-0.039777 0.327594
-0.027723 0.228323
-0.117020 0.308555
-0.081559 0.215054
-0.187461 0.271585
-0.130655 0.189286
-0.247009 0.218830
-0.172157 0.152518
-0.292200 0.153359
-0.203655 0.106886
-0.320411 0.078974
-0.223317 0.055043
-0.330000 0.000000
-0.230000 0.000000
-0.223317 -0.055043
-0.320411 -0.078974
-0.203655 -0.106886
-0.292200 -0.153359
-0.172157 -0.152518
-0.247009 -0.218830
-0.130655 -0.189286
-0.187461 -0.271585
-0.081559 -0.215054
-0.117020 -0.308555
-0.027723 -0.228323
-0.039777 -0.327594
0.039777 -0.327594
0.027723 -0.228323
0.117020 -0.308555
0.081559 -0.215054
0.187461 -0.271585
0.130655 -0.189286
0.247009 -0.218830
0.172157 -0.152518
0.292200 -0.153359
0.203655 -0.106886
0.320411 -0.078974
0.080000 -1.036726
0.000000 -1.036726
0.080000 -1.116474
0.000000 -1.116474
0.080000 -1.196222
-0.000000 -1.196222
0.080000 -1.275970
0.000000 -1.275970
0.080000 -1.355718
-0.000000 -1.355718
0.080000 -1.435466
-0.000000 -1.435466
0.080000 -1.515214
-0.000000 -1.515214
0.080000 -1.594962
0.000000 -1.594962
0.080000 -1.674711
0.000000 -1.674711
0.080000 -1.754459
0.000000 -1.754459
0.080000 -1.834207
0.000000 -1.834207
0.080000 -1.913955
0.000000 -1.913955
0.080000 -1.993703
0.000000 -1.993703
0.080000 -2.073451
0.000000 -2.073451
0.320411 0.078974
0.223317 0.055043
0.330000 0.000000
0.230000 0.000000
0.223317 -0.055043
0.203655 0.106886
0.292200 0.153359
0.172157 0.152518
0.247009 0.218830
0.130655 0.189286
0.187461 0.271585
0.081559 0.215054
0.117020 0.308555
0.027723 0.228323
0.039777 0.327594
-0.039777 0.327594
-0.027723 0.228323
-0.117020 0.308555
-0.081559 0.215054
-0.187461 0.271585
-0.130655 0.189286
-0.247009 0.218830
-0.172157 0.152518
-0.292200 0.153359
-0.203655 0.106886
-0.320411 0.078974
-0.223317 0.055043
-0.330000 0.000000
-0.230000 0.000000
-0.223317 -0.055043
-0.320411 -0.078974
-0.203655 -0.106886
-0.292200 -0.153359
-0.172157 -0.152518
-0.247009 -0.218830
-0.130655 -0.189286
-0.187461 -0.271585
-0.081559 -0.215054
-0.117020 -0.308555
-0.027723 -0.228323
-0.039777 -0.327594
0.039777 -0.327594
0.027723 -0.228323
0.117020 -0.308555
0.081559 -0.215054
0.187461 -0.271585
0.130655 -0.189286
0.247009 -0.218830
0.172157 -0.152518
0.292200 -0.153359
0.203655 -0.106886
0.320411 -0.078974
0.080000 -1.036726
0.000000 -1.036726
0.080000 -1.116474
0.000000 -1.116474
0.080000 -1.196222
-0.000000 -1.196222
0.080000 -1.275970
0.000000 -1.275970
0.080000 -1.355718
-0.000000 -1.355718
0.080000 -1.435466
-0.000000 -1.435466
0.080000 -1.515214
-0.000000 -1.515214
0.080000 -1.594962
0.000000 -1.594962
0.080000 -1.674711
0.000000 -1.674711
0.080000 -1.754459
0.000000 -1.754459
0.080000 -1.834207
0.000000 -1.834207
0.080000 -1.913955
0.000000 -1.913955
0.080000 -1.993703
0.000000 -1.993703
0.080000 -2.073451
0.000000 -2.073451
-0.223317 -0.055043
0.223317 -0.055043
-0.230000 0.000000
0.230000 0.000000
-0.223317 0.055043
0.223317 0.055043
-0.203655 0.106886
0.203655 0.106886
-0.172157 0.152518
0.172157 0.152518
-0.130655 0.189286
0.130655 0.189286
-0.081559 0.215054
0.081559 0.215054
-0.027723 0.228323
0.027723 0.228323
0.203655 -0.106886
-0.203655 -0.106886
0.172157 -0.152518
-0.172157 -0.152518
0.130655 -0.189286
-0.130655 -0.189286
0.081559 -0.215054
-0.081559 -0.215054
0.027723 -0.228323
-0.027723 -0.228323
1.370538 -0.722566
0.650538 -0.722566
1.370538 -0.778148
0.650538 -0.778148
1.370538 -0.833730
0.650538 -0.833730
1.370538 -0.889312
0.650538 -0.889312
1.370538 -0.944894
0.650538 -0.944894
1.370538 -1.000476
0.650538 -1.000476
1.370538 -1.056058
0.650538 -1.056058
1.370538 -1.111640
0.650538 -1.111640
1.370538 -1.167222
0.650538 -1.167222
1.370538 -1.222805
0.650538 -1.222805
1.370538 -1.278387
0.650538 -1.278387
1.370538 -1.333969
0.650538 -1.333969
1.370538 -1.389551
0.650538 -1.389551
1.370538 -1.445133
0.650538 -1.445133
0.320411 0.078974
0.223317 0.055043
0.330000 0.000000
0.230000 0.000000
0.223317 -0.055043
0.203655 0.106886
0.292200 0.153359
0.172157 0.152518
0.247009 0.218830
0.130655 0.189286
0.187461 0.271585
0.081559 0.215054
0.117020 0.308555
0.027723 0.228323
0.039777 0.327594
-0.039777 0.327594
-0.027723 0.228323
-0.117020 0.308555
-0.081559 0.215054
-0.187461 0.271585
-0.130655 0.189286
-0.247009 0.218830
-0.172157 0.152518
-0.292200 0.153359
-0.203655 0.106886
-0.320411 0.078974
-0.223317 0.055043
-0.330000 0.000000
-0.230000 0.000000
-0.223317 -0.055043
-0.320411 -0.078974
-0.203655 -0.106886
-0.292200 -0.153359
-0.172157 -0.152518
-0.247009 -0.218830
-0.130655 -0.189286
-0.187461 -0.271585
-0.081559 -0.215054
-0.117020 -0.308555
-0.027723 -0.228323
-0.039777 -0.327594
0.039777 -0.327594
0.027723 -0.228323
0.117020 -0.308555
0.081559 -0.215054
0.187461 -0.271585
0.130655 -0.189286
0.247009 -0.218830
0.172157 -0.152518
0.292200 -0.153359
0.203655 -0.106886
0.320411 -0.078974
0.080000 -1.036726
-0.000000 -1.036726
0.080000 -1.116474
0.000000 -1.116474
0.080000 -1.196222
-0.000000 -1.196222
0.080000 -1.275970
0.000000 -1.275970
0.080000 -1.355718
-0.000000 -1.355718
0.080000 -1.435466
-0.000000 -1.435466
0.080000 -1.515214
-0.000000 -1.515214
0.080000 -1.594962
0.000000 -1.594962
0.080000 -1.674711
0.000000 -1.674711
0.080000 -1.754459
0.000000 -1.754459
0.080000 -1.834207
0.000000 -1.834207
0.080000 -1.913955
0.000000 -1.913955
0.080000 -1.993703
0.000000 -1.993703
0.080000 -2.073451
0.000000 -2.073451
0.320411 0.078974
0.223317 0.055043
0.330000 0.000000
0.230000 0.000000
0.223317 -0.055043
0.203655 0.106886
0.292200 0.153359
0.172157 0.152518
0.247009 0.218830
0.130655 0.189286
0.187461 0.271585
0.081559 0.215054
0.117020 0.308555
0.027723 0.228323
0.039777 0.327594
-0.039777 0.327594
-0.027723 0.228323
-0.117020 0.308555
-0.081559 0.215054
-0.187461 0.271585
-0.130655 0.189286
-0.247009 0.218830
-0.172157 0.152518
-0.292200 0.153359
-0.203655 0.106886
-0.320411 0.078974
-0.223317 0.055043
-0.330000 0.000000
-0.230000 0.000000
-0.223317 -0.055043
-0.320411 -0.078974
-0.203655 -0.106886
-0.292200 -0.153359
-0.172157 -0.152518
-0.247009 -0.218830
-0.130655 -0.189286
-0.187461 -0.271585
-0.081559 -0.215054
-0.117020 -0.308555
-0.027723 -0.228323
-0.039777 -0.327594
0.039777 -0.327594
0.027723 -0.228323
0.117020 -0.308555
0.081559 -0.215054
0.187461 -0.271585
0.130655 -0.189286
0.247009 -0.218830
0.172157 -0.152518
0.292200 -0.153359
0.203655 -0.106886
0.320411 -0.078974
0.080000 -1.036726
-0.000000 -1.036726
0.080000 -1.116474
0.000000 -1.116474
0.080000 -1.196222
-0.000000 -1.196222
0.080000 -1.275970
0.000000 -1.275970
0.080000 -1.355718
-0.000000 -1.355718
0.080000 -1.435466
-0.000000 -1.435466
0.080000 -1.515214
-0.000000 -1.515214
0.080000 -1.594962
0.000000 -1.594962
0.080000 -1.674711
0.000000 -1.674711
0.080000 -1.754459
0.000000 -1.754459
0.080000 -1.834207
0.000000 -1.834207
0.080000 -1.913955
0.000000 -1.913955
0.080000 -1.993703
0.000000 -1.993703
0.080000 -2.073451
0.000000 -2.073451
0.320411 0.078974
0.223317 0.055043
0.330000 0.000000
0.230000 0.000000
0.223317 -0.055043
0.203655 0.106886
0.292200 0.153359
0.172157 0.152518
0.247009 0.218830
0.130655 0.189286
0.187461 0.271585
0.081559 0.215054
0.117020 0.308555
0.027723 0.228323
0.039777 0.327594
-0.039777 0.327594
-0.027723 0.228323
-0.117020 0.308555
-0.081559 0.215054
-0.187461 0.271585
-0.130655 0.189286
-0.247009 0.218830
-0.172157 0.152518
-0.292200 0.153359
-0.203655 0.106886
-0.320411 0.078974
-0.223317 0.055043
-0.330000 0.000000
-0.230000 0.000000
-0.223317 -0.055043
-0.320411 -0.078974
-0.203655 -0.106886
-0.292200 -0.153359
-0.172157 -0.152518
-0.247009 -0.218830
-0.130655 -0.189286
-0.187461 -0.271585
-0.081559 -0.215054
-0.117020 -0.308555
-0.027723 -0.228323
-0.039777 -0.327594
0.039777 -0.327594
0.027723 -0.228323
0.117020 -0.308555
0.081559 -0.215054
0.187461 -0.271585
0.130655 -0.189286
0.247009 -0.218830
0.172157 -0.152518
0.292200 -0.153359
0.203655 -0.106886
0.320411 -0.078974
0.080000 -1.036726
0.000000 -1.036726
0.080000 -1.116474
0.000000 -1.116474
0.080000 -1.196222
-0.000000 -1.196222
0.080000 -1.275970
0.000000 -1.275970
0.080000 -1.355718
-0.000000 -1.355718
0.080000 -1.435466
-0.000000 -1.435466
0.080000 -1.515214
-0.000000 -1.515214
0.080000 -1.594962
0.000000 -1.594962
0.080000 -1.674711
0.000000 -1.674711
0.080000 -1.754459
0.000000 -1.754459
0.080000 -1.834207
0.000000 -1.834207
0.080000 -1.913955
0.000000 -1.913955
0.080000 -1.993703
0.000000 -1.993703
0.080000 -2.073451
0.000000 -2.073451
0.223317 0.055043
-0.223317 0.055043
0.230000 0.000000
-0.230000 0.000000
0.223317 -0.055043
-0.223317 -0.055043
0.203655 -0.106886
-0.203655 -0.106886
0.172157 -0.152518
-0.172157 -0.152518
0.130655 -0.189286
-0.130655 -0.189286
0.081559 -0.215054
-0.081559 -0.215054
0.027723 -0.228323
-0.027723 -0.228323
-0.203655 0.106886
0.203655 0.106886
-0.172157 0.152518
0.172157 0.152518
-0.130655 0.189286
0.130655 0.189286
-0.081559 0.215054
0.081559 0.215054
-0.027723 0.228323
0.027723 0.228323
0.620000 -0.722566
-0.000000 -0.722566
0.620000 -0.778148
0.000000 -0.778148
0.620000 -0.833730
0.000000 -0.833730
0.620000 -0.889312
0.000000 -0.889312
0.620000 -0.944894
0.000000 -0.944894
0.620000 -1.000476
-0.000000 -1.000476
0.620000 -1.056058
0.000000 -1.056058
0.620000 -1.111640
0.000000 -1.111640
0.620000 -1.167222
0.000000 -1.167222
0.620000 -1.222805
0.000000 -1.222805
0.620000 -1.278387
0.000000 -1.278387
0.620000 -1.333969
0.000000 -1.333969
0.620000 -1.389551
0.000000 -1.389551
0.620000 -1.445133
0.000000 -1.445133
0.223317 0.055043
-0.223317 0.055043
0.230000 0.000000
-0.230000 0.000000
0.223317 -0.055043
-0.223317 -0.055043
0.203655 -0.106886
-0.203655 -0.106886
0.172157 -0.152518
-0.172157 -0.152518
0.130655 -0.189286
-0.130655 -0.189286
0.081559 -0.215054
-0.081559 -0.215054
0.027723 -0.228323
-0.027723 -0.228323
-0.203655 0.106886
0.203655 0.106886
-0.172157 0.152518
0.172157 0.152518
-0.130655 0.189286
0.130655 0.189286
-0.081559 0.215054
0.081559 0.215054
-0.027723 0.228323
0.027723 0.228323
0.620000 -0.722566
-0.000000 -0.722566
0.620000 -0.778148
0.000000 -0.778148
0.620000 -0.833730
0.000000 -0.833730
0.620000 -0.889312
0.000000 -0.889312
0.620000 -0.944894
0.000000 -0.944894
0.620000 -1.000476
-0.000000 -1.000476
0.620000 -1.056058
0.000000 -1.056058
0.620000 -1.111640
0.000000 -1.111640
0.620000 -1.167222
0.000000 -1.167222
0.620000 -1.222805
0.000000 -1.222805
0.620000 -1.278387
0.000000 -1.278387
0.620000 -1.333969
0.000000 -1.333969
0.620000 -1.389551
0.000000 -1.389551
0.620000 -1.445133
0.000000 -1.445133
0.223317 0.055043
-0.223317 0.055043
0.230000 0.000000
-0.230000 0.000000
0.223317 -0.055043
-0.223317 -0.055043
0.203655 -0.106886
-0.203655 -0.106886
0.172157 -0.152518
-0.172157 -0.152518
0.130655 -0.189286
-0.130655 -0.189286
0.081559 -0.215054
-0.081559 -0.215054
0.027723 -0.228323
-0.027723 -0.228323
-0.203655 0.106886
0.203655 0.106886
-0.172157 0.152518
0.172157 0.152518
-0.130655 0.189286
0.130655 0.189286
-0.081559 0.215054
0.081559 0.215054
-0.027723 0.228323
0.027723 0.228323
0.620000 -0.722566
0.000000 -0.722566
0.620000 -0.778148
0.000000 -0.778148
0.620000 -0.833730
0.000000 -0.833730
0.620000 -0.889312
0.000000 -0.889312
0.620000 -0.944894
0.000000 -0.944894
0.620000 -1.000476
-0.000000 -1.000476
0.620000 -1.056058
0.000000 -1.056058
0.620000 -1.111640
0.000000 -1.111640
0.620000 -1.167222
0.000000 -1.167222
0.620000 -1.222805
0.000000 -1.222805
0.620000 -1.278387
0.000000 -1.278387
0.620000 -1.333969
0.000000 -1.333969
0.620000 -1.389551
0.000000 -1.389551
0.620000 -1.445133
0.000000 -1.445133
0.320411 0.078974
0.223317 0.055043
0.330000 0.000000
0.230000 0.000000
0.223317 -0.055043
0.203655 0.106886
0.292200 0.153359
0.172157 0.152518
0.247009 0.218830
0.130655 0.189286
0.187461 0.271585
0.081559 0.215054
0.117020 0.308555
0.027723 0.228323
0.039777 0.327594
-0.039777 0.327594
-0.027723 0.228323
-0.117020 0.308555
-0.081559 0.215054
-0.187461 0.271585
-0.130655 0.189286
-0.247009 0.218830
-0.172157 0.152518
-0.292200 0.153359
-0.203655 0.106886
-0.320411 0.078974
-0.223317 0.055043
-0.330000 0.000000
-0.230000 0.000000
-0.223317 -0.055043
-0.320411 -0.078974
-0.203655 -0.106886
-0.292200 -0.153359
-0.172157 -0.152518
-0.247009 -0.218830
-0.130655 -0.189286
-0.187461 -0.271585
-0.081559 -0.215054
-0.117020 -0.308555
-0.027723 -0.228323
-0.039777 -0.327594
0.039777 -0.327594
0.027723 -0.228323
0.117020 -0.308555
0.081559 -0.215054
0.187461 -0.271585
0.130655 -0.189286
0.247009 -0.218830
0.172157 -0.152518
0.292200 -0.153359
0.203655 -0.106886
0.320411 -0.078974
0.080000 -1.036726
0.000000 -1.036726
0.080000 -1.116474
0.000000 -1.116474
0.080000 -1.196222
0.000000 -1.196222
0.080000 -1.275970
0.000000 -1.275970
0.080000 -1.355718
0.000000 -1.355718
0.080000 -1.435466
0.000000 -1.435466
0.080000 -1.515214
0.000000 -1.515214
0.080000 -1.594962
0.000000 -1.594962
0.080000 -1.674711
0.000000 -1.674711
0.080000 -1.754459
0.000000 -1.754459
0.080000 -1.834207
0.000000 -1.834207
0.080000 -1.913955
0.000000 -1.913955
0.080000 -1.993703
0.000000 -1.993703
0.080000 -2.073451
0.000000 -2.073451
0.320411 0.078974
0.223317 0.055043
0.330000 0.000000
0.230000 0.000000
0.223317 -0.055043
0.203655 0.106886
0.292200 0.153359
0.172157 0.152518
0.247009 0.218830
0.130655 0.189286
0.187461 0.271585
0.081559 0.215054
0.117020 0.308555
0.027723 0.228323
0.039777 0.327594
-0.039777 0.327594
-0.027723 0.228323
-0.117020 0.308555
-0.081559 0.215054
-0.187461 0.271585
-0.130655 0.189286
-0.247009 0.218830
-0.172157 0.152518
-0.292200 0.153359
-0.203655 0.106886
-0.320411 0.078974
-0.223317 0.055043
-0.330000 0.000000
-0.230000 0.000000
-0.223317 -0.055043
-0.320411 -0.078974
-0.203655 -0.106886
-0.292200 -0.153359
-0.172157 -0.152518
-0.247009 -0.218830
-0.130655 -0.189286
-0.187461 -0.271585
-0.081559 -0.215054
-0.117020 -0.308555
-0.027723 -0.228323
-0.039777 -0.327594
0.039777 -0.327594
0.027723 -0.228323
0.117020 -0.308555
0.081559 -0.215054
0.187461 -0.271585
0.130655 -0.189286
0.247009 -0.218830
0.172157 -0.152518
0.292200 -0.153359
0.203655 -0.106886
0.320411 -0.078974
0.080000 -1.036726
0.000000 -1.036726
0.080000 -1.116474
0.000000 -1.116474
0.080000 -1.196222
0.000000 -1.196222
0.080000 -1.275970
0.000000 -1.275970
0.080000 -1.355718
0.000000 -1.355718
0.080000 -1.435466
0.000000 -1.435466
0.080000 -1.515214
0.000000 -1.515214
0.080000 -1.594962
0.000000 -1.594962
0.080000 -1.674711
0.000000 -1.674711
0.080000 -1.754459
0.000000 -1.754459
0.080000 -1.834207
0.000000 -1.834207
0.080000 -1.913955
0.000000 -1.913955
0.080000 -1.993703
0.000000 -1.993703
0.080000 -2.073451
0.000000 -2.073451
0.223317 0.055043
-0.223317 0.055043
0.230000 0.000000
-0.230000 0.000000
0.223317 -0.055043
-0.223317 -0.055043
0.203655 -0.106886
-0.203655 -0.106886
0.172157 -0.152518
-0.172157 -0.152518
0.130655 -0.189286
-0.130655 -0.189286
0.081559 -0.215054
-0.081559 -0.215054
0.027723 -0.228323
-0.027723 -0.228323
-0.203655 0.106886
0.203655 0.106886
-0.172157 0.152518
0.172157 0.152518
-0.130655 0.189286
0.130655 0.189286
-0.081559 0.215054
0.081559 0.215054
-0.027723 0.228323
0.027723 0.228323
0.620000 -0.722566
0.000000 -0.722566
0.620000 -0.778148
0.000000 -0.778148
0.620000 -0.833730
0.000000 -0.833730
0.620000 -0.889312
0.000000 -0.889312
0.620000 -0.944894
0.000000 -0.944894
0.620000 -1.000476
0.000000 -1.000476
0.620000 -1.056058
0.000000 -1.056058
0.620000 -1.111640
0.000000 -1.111640
0.620000 -1.167222
0.000000 -1.167222
0.620000 -1.222805
0.000000 -1.222805
0.620000 -1.278387
0.000000 -1.278387
0.620000 -1.333969
0.000000 -1.333969
0.620000 -1.389551
0.000000 -1.389551
0.620000 -1.445133
0.000000 -1.445133
0.223317 0.055043
-0.223317 0.055043
0.230000 0.000000
-0.230000 0.000000
0.223317 -0.055043
-0.223317 -0.055043
0.203655 -0.106886
-0.203655 -0.106886
0.172157 -0.152518
-0.172157 -0.152518
0.130655 -0.189286
-0.130655 -0.189286
0.081559 -0.215054
-0.081559 -0.215054
0.027723 -0.228323
-0.027723 -0.228323
-0.203655 0.106886
0.203655 0.106886
-0.172157 0.152518
0.172157 0.152518
-0.130655 0.189286
0.130655 0.189286
-0.081559 0.215054
0.081559 0.215054
-0.027723 0.228323
0.027723 0.228323
0.620000 -0.722566
0.000000 -0.722566
0.620000 -0.778148
0.000000 -0.778148
0.620000 -0.833730
0.000000 -0.833730
0.620000 -0.889312
0.000000 -0.889312
0.620000 -0.944894
0.000000 -0.944894
0.620000 -1.000476
0.000000 -1.000476
0.620000 -1.056058
0.000000 -1.056058
0.620000 -1.111640
0.000000 -1.111640
0.620000 -1.167222
0.000000 -1.167222
0.620000 -1.222805
0.000000 -1.222805
0.620000 -1.278387
0.000000 -1.278387
0.620000 -1.333969
0.000000 -1.333969
0.620000 -1.389551
0.000000 -1.389551
0.620000 -1.445133
0.000000 -1.445133
-0.800000 -1.256637
0.000000 -1.256637
-0.800000 -1.159973
-0.000000 -1.159973
-0.800000 -1.063308
-0.000000 -1.063308
-0.800000 -0.966644
-0.000000 -0.966644
-0.800000 -0.869980
-0.000000 -0.869980
-0.800000 -0.773315
-0.000000 -0.773315
-0.800000 -0.676651
-0.000000 -0.676651
-0.800000 -0.579986
-0.000000 -0.579986
-0.800000 -0.483322
-0.000000 -0.483322
-0.800000 -0.386658
-0.000000 -0.386658
-0.400000 -0.339225
-0.370119 -0.336964
-0.340568 -0.330346
-0.000000 -0.289993
-0.284040 -0.305540
-0.233017 -0.269044
-0.189521 -0.225533
-0.000000 -0.193329
-0.153198 -0.176087
-0.124348 -0.120190
-0.000000 -0.096664
-0.106198 -0.060483
-0.000000 0.000000
-0.100000 0.000000
-0.429881 -0.336964
-0.459432 -0.330346
-0.800000 -0.289993
-0.515960 -0.305540
-0.566983 -0.269044
-0.610479 -0.225533
-0.800000 -0.193329
-0.646802 -0.176087
-0.675652 -0.120190
-0.800000 -0.096664
-0.693802 -0.060483
-0.800000 0.000000
-0.700000 0.000000
-0.388377 -0.095726
-0.223317 -0.055043
-0.400000 0.000000
-0.230000 0.000000
-0.223317 0.055043
-0.203655 -0.106886
-0.354182 -0.185889
-0.172157 -0.152518
-0.299404 -0.265249
-0.130655 -0.189286
-0.227226 -0.329194
-0.081559 -0.215054
-0.141842 -0.374007
-0.027723 -0.228323
-0.048215 -0.397084
0.048215 -0.397084
0.027723 -0.228323
0.141842 -0.374007
0.081559 -0.215054
0.227226 -0.329194
0.130655 -0.189286
0.299404 -0.265249
0.172157 -0.152518
0.354182 -0.185889
0.203655 -0.106886
0.388377 -0.095726
0.223317 -0.055043
0.400000 0.000000
0.230000 0.000000
0.223317 0.055043
0.388377 0.095726
0.203655 0.106886
0.354182 0.185889
0.172157 0.152518
0.299404 0.265249
0.130655 0.189286
0.227226 0.329194
0.081559 0.215054
0.141842 0.374007
0.027723 0.228323
0.048215 0.397084
-0.048215 0.397084
-0.027723 0.228323
-0.141842 0.374007
-0.081559 0.215054
-0.227226 0.329194
-0.130655 0.189286
-0.299404 0.265249
-0.172157 0.152518
-0.354182 0.185889
-0.203655 0.106886
-0.388377 0.095726
-0.335425 -0.942478
-0.000000 -0.942478
-0.333730 -0.912547
-0.000000 -0.869980
-0.328832 -0.882650
-0.311129 -0.823417
-0.000000 -0.797481
-0.287173 -0.765353
-0.000000 -0.724983
-0.261915 -0.709186
-0.000000 -0.652485
-0.238184 -0.652549
-0.217922 -0.592939
-0.000000 -0.579986
-0.204648 -0.531908
-0.000000 -0.507488
-0.200000 -0.471239
0.000000 -0.434990
-0.204648 -0.410569
0.000000 -0.362491
-0.217922 -0.349539
0.000000 -0.289993
-0.238184 -0.289929
-0.261915 -0.233292
0.000000 -0.217495
-0.287173 -0.177124
0.000000 -0.144997
-0.311129 -0.119061
0.000000 -0.072498
-0.328832 -0.059828
-0.333730 -0.029931
0.000000 0.000000
-0.335425 0.000000
0.291283 0.071795
0.242735 0.059829
0.300000 0.000000
0.250000 0.000000
0.242735 -0.059829
0.221364 0.116181
0.265637 0.139417
0.187128 0.165781
0.224553 0.198937
0.142016 0.205746
0.170419 0.246895
0.088651 0.233754
0.106381 0.280505
0.030134 0.248177
0.036161 0.297813
-0.036161 0.297813
-0.030134 0.248177
-0.106381 0.280505
-0.088651 0.233754
-0.170419 0.246895
-0.142016 0.205746
-0.224553 0.198937
-0.187128 0.165781
-0.265637 0.139417
-0.221364 0.116181
-0.291283 0.071795
-0.242735 0.059829
-0.300000 0.000000
-0.250000 0.000000
-0.242735 -0.059829
-0.291283 -0.071795
-0.221364 -0.116181
-0.265637 -0.139417
-0.187128 -0.165781
-0.224553 -0.198937
-0.142016 -0.205746
-0.170419 -0.246895
-0.088651 -0.233754
-0.106381 -0.280505
-0.030134 -0.248177
-0.036161 -0.297813
0.036161 -0.297813
0.030134 -0.248177
0.106381 -0.280505
0.088651 -0.233754
0.170419 -0.246895
0.142016 -0.205746
0.224553 -0.198937
0.187128 -0.165781
0.265637 -0.139417
0.221364 -0.116181
0.291283 -0.071795
-2.600000 -0.785398
-0.000000 -0.785398
-2.600000 -0.724983
-0.000000 -0.724983
-2.600000 -0.664568
-0.000000 -0.664568
-2.600000 -0.604152
-0.000000 -0.604152
-2.600000 -0.543737
-0.000000 -0.543737
-2.600000 -0.483322
-0.000000 -0.483322
-2.600000 -0.422907
-0.000000 -0.422907
-2.600000 -0.362491
0.000000 -0.362491
-2.600000 -0.302076
0.000000 -0.302076
-2.600000 -0.241661
0.000000 -0.241661
-2.600000 -0.181246
0.000000 -0.181246
-2.600000 -0.120830
0.000000 -0.120830
-2.600000 -0.060415
0.000000 -0.060415
-2.600000 0.000000
0.000000 0.000000
-0.242735 -0.059829
0.242735 -0.059829
-0.250000 0.000000
0.250000 0.000000
-0.242735 0.059829
0.242735 0.059829
-0.221364 0.116181
0.221364 0.116181
-0.187128 0.165781
0.187128 0.165781
-0.142016 0.205746
0.142016 0.205746
-0.088651 0.233754
0.088651 0.233754
-0.030134 0.248177
0.030134 0.248177
0.221364 -0.116181
-0.221364 -0.116181
0.187128 -0.165781
-0.187128 -0.165781
0.142016 -0.205746
-0.142016 -0.205746
0.088651 -0.233754
-0.088651 -0.233754
0.030134 -0.248177
-0.030134 -0.248177
0.100000 -0.722566
0.000000 -0.722566
0.100000 -0.778148
0.000000 -0.778148
0.100000 -0.833730
0.000000 -0.833730
0.100000 -0.889312
0.000000 -0.889312
0.100000 -0.944894
0.000000 -0.944894
0.100000 -1.000476
0.000000 -1.000476
0.100000 -1.056058
0.000000 -1.056058
0.100000 -1.111640
0.000000 -1.111640
0.100000 -1.167222
0.000000 -1.167222
0.100000 -1.222805
0.000000 -1.222805
0.100000 -1.278387
0.000000 -1.278387
0.100000 -1.333969
0.000000 -1.333969
0.100000 -1.389551
0.000000 -1.389551
0.100000 -1.445133
0.000000 -1.445133
0.223317 0.055043
-0.223317 0.055043
0.230000 0.000000
-0.230000 0.000000
0.223317 -0.055043
-0.223317 -0.055043
0.203655 -0.106886
-0.203655 -0.106886
0.172157 -0.152518
-0.172157 -0.152518
0.130655 -0.189286
-0.130655 -0.189286
0.081559 -0.215054
-0.081559 -0.215054
0.027723 -0.228323
-0.027723 -0.228323
-0.203655 0.106886
0.203655 0.106886
-0.172157 0.152518
0.172157 0.152518
-0.130655 0.189286
0.130655 0.189286
-0.081559 0.215054
0.081559 0.215054
-0.027723 0.228323
0.027723 0.228323
</float_array>
          <technique_common>
            <accessor source="#Cut-Extrude14-UV0-array" count="4770" stride="2">
              <param name="S" type="float"/>
              <param name="T" type="float"/>
            </accessor>
          </technique_common>
        </source>
        <vertices id="Cut-Extrude14-VERTEX">
          <input semantic="POSITION" source="#Cut-Extrude14-POSITION"/>
        </vertices>
        <triangles count="76" material="MaterialFBXASC032FBXASC03539">
          <input semantic="VERTEX" offset="0" source="#Cut-Extrude14-VERTEX"/>
          <input semantic="NORMAL" offset="1" source="#Cut-Extrude14-Normal0"/>
          <input semantic="TEXCOORD" offset="2" set="0" source="#Cut-Extrude14-UV0"/>
          <p> 55 78 28 28 79 29 54 80 30 54 81 30 28 82 29 29 83 31 54 84 30 29 85 31 53 86 32 53 87 32 29 88 31 30 89 33 53 90 32 30 91 33 52 92 34 52 93 34 30 94 33 31 95 35 52 96 34 31 97 35 51 98 36 51 99 36 31 100 35 32 101 37 51 102 36 32 103 37 50 104 38 50 105 38 32 106 37 33 107 39 50 108 38 33 109 39 49 110 40 49 111 40 33 112 39 34 113 41 49 114 40 34 115 41 48 116 42 48 117 42 34 118 41 35 119 43 48 120 42 35 121 43 47 122 44 47 123 44 35 124 43 36 125 45 47 126 44 36 127 45 46 128 46 46 129 46 36 130 45 37 131 47 46 132 46 37 133 47 45 134 48 45 135 48 37 136 47 38 137 49 45 138 48 38 139 49 44 140 50 44 141 50 38 142 49 39 143 51 44 144 50 39 145 51 43 146 52 43 147 52 39 148 51 40 149 53 43 150 52 40 151 53 42 152 54 42 153 54 40 154 53 41 155 55 42 13194 4662 41 13195 4663 2195 13196 4664 2195 13197 4664 41 13198 4663 2207 13199 4665 2195 13200 4664 2207 13201 4665 2196 13202 4666 2196 13203 4666 2207 13204 4665 2208 13205 4667 2196 13206 4666 2208 13207 4667 2197 13208 4668 2197 13209 4668 2208 13210 4667 2209 13211 4669 2197 13212 4668 2209 13213 4669 2198 13214 4670 2198 13215 4670 2209 13216 4669 2210 13217 4671 2198 13218 4670 2210 13219 4671 2199 13220 4672 2199 13221 4672 2210 13222 4671 2211 13223 4673 2199 13224 4672 2211 13225 4673 2200 13226 4674 2200 13227 4674 2211 13228 4673 2212 13229 4675 2200 13230 4674 2212 13231 4675 2201 13232 4676 2201 13233 4676 2212 13234 4675 2213 13235 4677 2201 13236 4676 2213 13237 4677 2202 13238 4678 2202 13239 4678 2213 13240 4677 2214 13241 4679 2202 13242 4678 2214 13243 4679 2203 13244 4680 2203 13245 4680 2214 13246 4679 2215 13247 4681 2203 13248 4680 2215 13249 4681 2204 13250 4682 2204 13251 4682 2215 13252 4681 2216 13253 4683 2204 13254 4682 2216 13255 4683 2205 13256 4684 2205 13257 4684 2216 13258 4683 2217 13259 4685 2205 13260 4684 2217 13261 4685 2206 13262 4686 2206 13263 4686 2217 13264 4685 2218 13265 4687 2206 13266 4686 2218 13267 4687 55 13268 4688 55 13269 4688 2218 13270 4687 28 13271 4689 2218 13272 4690 2207 13273 4691 28 13274 4692 28 13275 4692 2207 13276 4691 41 13277 4693 28 13278 4692 41 13279 4693 29 13280 4694 29 13281 4694 41 13282 4693 40 13283 4695 29 13284 4694 40 13285 4695 30 13286 4696 30 13287 4696 40 13288 4695 39 13289 4697 30 13290 4696 39 13291 4697 31 13292 4698 31 13293 4698 39 13294 4697 38 13295 4699 31 13296 4698 38 13297 4699 32 13298 4700 32 13299 4700 38 13300 4699 37 13301 4701 32 13302 4700 37 13303 4701 33 13304 4702 33 13305 4702 37 13306 4701 36 13307 4703 33 13308 4702 36 13309 4703 34 13310 4704 34 13311 4704 36 13312 4703 35 13313 4705 2207 13314 4691 2218 13315 4690 2208 13316 4706 2208 13317 4706 2218 13318 4690 2217 13319 4707 2208 13320 4706 2217 13321 4707 2209 13322 4708 2209 13323 4708 2217 13324 4707 2216 13325 4709 2209 13326 4708 2216 13327 4709 2210 13328 4710 2210 13329 4710 2216 13330 4709 2215 13331 4711 2210 13332 4710 2215 13333 4711 2211 13334 4712 2211 13335 4712 2215 13336 4711 2214 13337 4713 2211 13338 4712 2214 13339 4713 2212 13340 4714 2212 13341 4714 2214 13342 4713 2213 13343 4715</p>
        </triangles>
        <triangles count="4422" material="MaterialFBXASC032FBXASC03526">
          <input semantic="VERTEX" offset="0" source="#Cut-Extrude14-VERTEX"/>
          <input semantic="NORMAL" offset="1" source="#Cut-Extrude14-Normal0"/>
          <input semantic="TEXCOORD" offset="2" set="0" source="#Cut-Extrude14-UV0"/>
          <p> 27 0 0 0 1 1 26 2 2 26 3 2 0 4 1 1 5 3 26 6 2 1 7 3 25 8 4 25 9 4 1 10 3 2 11 5 25 12 4 2 13 5 24 14 6 24 15 6 2 16 5 3 17 7 24 18 6 3 19 7 23 20 8 23 21 8 3 22 7 4 23 9 23 24 8 4 25 9 22 26 10 22 27 10 4 28 9 5 29 11 22 30 10 5 31 11 21 32 12 21 33 12 5 34 11 6 35 13 21 36 12 6 37 13 20 38 14 20 39 14 6 40 13 7 41 15 20 42 14 7 43 15 19 44 16 19 45 16 7 46 15 8 47 17 19 48 16 8 49 17 18 50 18 18 51 18 8 52 17 9 53 19 18 54 18 9 55 19 17 56 20 17 57 20 9 58 19 10 59 21 17 60 20 10 61 21 16 62 22 16 63 22 10 64 21 11 65 23 16 66 22 11 67 23 15 68 24 15 69 24 11 70 23 12 71 25 15 72 24 12 73 25 14 74 26 14 75 26 12 76 25 13 77 27 88 156 56 56 157 57 87 158 58 87 159 58 56 160 57 57 161 59 87 162 58 57 163 59 86 164 60 86 165 60 57 166 59 85 167 61 85 168 61 57 169 59 58 170 62 85 171 61 58 172 62 84 173 63 84 174 63 58 175 62 59 176 64 84 177 63 59 178 64 83 179 65 83 180 65 59 181 64 60 182 66 83 183 65 60 184 66 82 185 67 82 186 67 60 187 66 81 188 68 81 189 68 60 190 66 61 191 69 81 192 68 61 193 69 80 194 70 80 195 70 61 196 69 62 197 71 80 198 70 62 199 71 79 200 72 79 201 72 62 202 71 63 203 73 79 204 72 63 205 73 78 206 74 78 207 74 63 208 73 64 209 75 78 210 74 64 211 75 77 212 76 77 213 76 64 214 75 65 215 77 77 216 76 65 217 77 76 218 78 76 219 78 65 220 77 75 221 79 75 222 79 65 223 77 66 224 80 75 225 79 66 226 80 74 227 81 74 228 81 66 229 80 67 230 82 74 231 81 67 232 82 73 233 83 73 234 83 67 235 82 68 236 84 73 237 83 68 238 84 72 239 85 72 240 85 68 241 84 71 242 86 71 243 86 68 244 84 69 245 87 71 246 86 69 247 87 70 248 88 79 249 89 89 250 90 80 251 91 80 252 91 89 253 90 90 254 92 80 255 91 90 256 92 81 257 93 81 258 93 90 259 92 91 260 94 81 261 93 91 262 94 82 263 95 82 264 95 91 265 94 83 266 96 83 267 96 91 268 94 92 269 97 83 270 96 92 271 97 84 272 98 84 273 98 92 274 97 85 275 99 85 276 99 92 277 97 86 278 100 86 279 100 92 280 97 87 281 101 87 282 101 92 283 97 93 284 102 87 285 101 93 286 102 88 287 103 88 288 103 93 289 102 112 290 104 88 291 103 112 292 104 125 293 105 125 294 105 112 295 104 113 296 106 125 297 105 113 298 106 124 299 107 124 300 107 113 301 106 123 302 108 123 303 108 113 304 106 122 305 109 122 306 109 113 307 106 121 308 110 121 309 110 113 310 106 114 311 111 121 312 110 114 313 111 120 314 112 120 315 112 114 316 111 119 317 113 119 318 113 114 319 111 115 320 114 119 321 113 115 322 114 118 323 115 118 324 115 115 325 114 116 326 116 118 327 115 116 328 116 117 329 117 112 330 104 93 331 102 111 332 118 111 333 118 93 334 102 94 335 119 111 336 118 94 337 119 110 338 120 110 339 120 94 340 119 95 341 121 110 342 120 95 343 121 109 344 122 109 345 122 95 346 121 96 347 123 109 348 122 96 349 123 108 350 124 108 351 124 96 352 123 97 353 125 108 354 124 97 355 125 107 356 126 107 357 126 97 358 125 98 359 127 107 360 126 98 361 127 106 362 128 106 363 128 98 364 127 99 365 129 106 366 128 99 367 129 105 368 130 105 369 130 99 370 129 100 371 131 105 372 130 100 373 131 104 374 132 104 375 132 100 376 131 101 377 133 104 378 132 101 379 133 103 380 134 103 381 134 101 382 133 102 383 135 153 384 136 126 385 137 152 386 138 152 387 138 126 388 137 127 389 139 152 390 138 127 391 139 151 392 140 151 393 140 127 394 139 128 395 141 151 396 140 128 397 141 150 398 142 150 399 142 128 400 141 129 401 143 150 402 142 129 403 143 149 404 144 149 405 144 129 406 143 130 407 145 149 408 144 130 409 145 148 410 146 148 411 146 130 412 145 131 413 147 148 414 146 131 415 147 147 416 148 147 417 148 131 418 147 132 419 149 147 420 148 132 421 149 146 422 150 146 423 150 132 424 149 133 425 151 146 426 150 133 427 151 145 428 152 145 429 152 133 430 151 134 431 153 145 432 152 134 433 153 144 434 154 144 435 154 134 436 153 135 437 155 144 438 154 135 439 155 143 440 156 143 441 156 135 442 155 136 443 157 143 444 156 136 445 157 142 446 158 142 447 158 136 448 157 137 449 159 142 450 158 137 451 159 141 452 160 141 453 160 137 454 159 138 455 161 141 456 160 138 457 161 140 458 162 140 459 162 138 460 161 139 461 163 181 462 164 154 463 165 180 464 166 180 465 166 154 466 165 155 467 167 180 468 166 155 469 167 179 470 168 179 471 168 155 472 167 156 473 169 179 474 168 156 475 169 178 476 170 178 477 170 156 478 169 157 479 171 178 480 170 157 481 171 177 482 172 177 483 172 157 484 171 158 485 173 177 486 172 158 487 173 176 488 174 176 489 174 158 490 173 159 491 175 176 492 174 159 493 175 175 494 176 175 495 176 159 496 175 160 497 177 175 498 176 160 499 177 174 500 178 174 501 178 160 502 177 161 503 179 174 504 178 161 505 179 173 506 180 173 507 180 161 508 179 162 509 181 173 510 180 162 511 181 172 512 182 172 513 182 162 514 181 163 515 183 172 516 182 163 517 183 171 518 184 171 519 184 163 520 183 164 521 185 171 522 184 164 523 185 170 524 186 170 525 186 164 526 185 165 527 187 170 528 186 165 529 187 169 530 188 169 531 188 165 532 187 166 533 189 169 534 188 166 535 189 168 536 190 168 537 190 166 538 189 167 539 191 209 540 192 182 541 193 208 542 194 208 543 194 182 544 193 183 545 195 208 546 194 183 547 195 207 548 196 207 549 196 183 550 195 184 551 197 207 552 196 184 553 197 206 554 198 206 555 198 184 556 197 185 557 199 206 558 198 185 559 199 205 560 200 205 561 200 185 562 199 186 563 201 205 564 200 186 565 201 204 566 202 204 567 202 186 568 201 187 569 203 204 570 202 187 571 203 203 572 204 203 573 204 187 574 203 188 575 205 203 576 204 188 577 205 202 578 206 202 579 206 188 580 205 189 581 207 202 582 206 189 583 207 201 584 208 201 585 208 189 586 207 190 587 209 201 588 208 190 589 209 200 590 210 200 591 210 190 592 209 191 593 211 200 594 210 191 595 211 199 596 212 199 597 212 191 598 211 192 599 213 199 600 212 192 601 213 198 602 214 198 603 214 192 604 213 193 605 215 198 606 214 193 607 215 197 608 216 197 609 216 193 610 215 194 611 217 197 612 216 194 613 217 196 614 218 196 615 218 194 616 217 195 617 219 237 618 220 210 619 221 236 620 222 236 621 222 210 622 221 211 623 223 236 624 222 211 625 223 235 626 224 235 627 224 211 628 223 212 629 225 235 630 224 212 631 225 234 632 226 234 633 226 212 634 225 213 635 227 234 636 226 213 637 227 233 638 228 233 639 228 213 640 227 214 641 229 233 642 228 214 643 229 232 644 230 232 645 230 214 646 229 215 647 231 232 648 230 215 649 231 231 650 232 231 651 232 215 652 231 216 653 233 231 654 232 216 655 233 230 656 234 230 657 234 216 658 233 217 659 235 230 660 234 217 661 235 229 662 236 229 663 236 217 664 235 218 665 237 229 666 236 218 667 237 228 668 238 228 669 238 218 670 237 219 671 239 228 672 238 219 673 239 227 674 240 227 675 240 219 676 239 220 677 241 227 678 240 220 679 241 226 680 242 226 681 242 220 682 241 221 683 243 226 684 242 221 685 243 225 686 244 225 687 244 221 688 243 222 689 245 225 690 244 222 691 245 224 692 246 224 693 246 222 694 245 223 695 247 265 696 248 238 697 249 264 698 250 264 699 250 238 700 249 239 701 251 264 702 250 239 703 251 263 704 252 263 705 252 239 706 251 240 707 253 263 708 252 240 709 253 262 710 254 262 711 254 240 712 253 241 713 255 262 714 254 241 715 255 261 716 256 261 717 256 241 718 255 242 719 257 261 720 256 242 721 257 260 722 258 260 723 258 242 724 257 243 725 259 260 726 258 243 727 259 259 728 260 259 729 260 243 730 259 244 731 261 259 732 260 244 733 261 258 734 262 258 735 262 244 736 261 245 737 263 258 738 262 245 739 263 257 740 264 257 741 264 245 742 263 246 743 265 257 744 264 246 745 265 256 746 266 256 747 266 246 748 265 247 749 267 256 750 266 247 751 267 255 752 268 255 753 268 247 754 267 248 755 269 255 756 268 248 757 269 254 758 270 254 759 270 248 760 269 249 761 271 254 762 270 249 763 271 253 764 272 253 765 272 249 766 271 250 767 273 253 768 272 250 769 273 252 770 274 252 771 274 250 772 273 251 773 275 293 774 276 266 775 277 292 776 278 292 777 278 266 778 277 267 779 279 292 780 278 267 781 279 291 782 280 291 783 280 267 784 279 268 785 281 291 786 280 268 787 281 290 788 282 290 789 282 268 790 281 269 791 283 290 792 282 269 793 283 289 794 284 289 795 284 269 796 283 270 797 285 289 798 284 270 799 285 288 800 286 288 801 286 270 802 285 271 803 287 288 804 286 271 805 287 287 806 288 287 807 288 271 808 287 272 809 289 287 810 288 272 811 289 286 812 290 286 813 290 272 814 289 273 815 291 286 816 290 273 817 291 285 818 292 285 819 292 273 820 291 274 821 293 285 822 292 274 823 293 284 824 294 284 825 294 274 826 293 275 827 295 284 828 294 275 829 295 283 830 296 283 831 296 275 832 295 276 833 297 283 834 296 276 835 297 282 836 298 282 837 298 276 838 297 277 839 299 282 840 298 277 841 299 281 842 300 281 843 300 277 844 299 278 845 301 281 846 300 278 847 301 280 848 302 280 849 302 278 850 301 279 851 303 321 852 304 294 853 305 320 854 306 320 855 306 294 856 305 295 857 307 320 858 306 295 859 307 319 860 308 319 861 308 295 862 307 296 863 309 319 864 308 296 865 309 318 866 310 318 867 310 296 868 309 297 869 311 318 870 310 297 871 311 317 872 312 317 873 312 297 874 311 298 875 313 317 876 312 298 877 313 316 878 314 316 879 314 298 880 313 299 881 315 316 882 314 299 883 315 315 884 316 315 885 316 299 886 315 300 887 317 315 888 316 300 889 317 314 890 318 314 891 318 300 892 317 301 893 319 314 894 318 301 895 319 313 896 320 313 897 320 301 898 319 302 899 321 313 900 320 302 901 321 312 902 322 312 903 322 302 904 321 303 905 323 312 906 322 303 907 323 311 908 324 311 909 324 303 910 323 304 911 325 311 912 324 304 913 325 310 914 326 310 915 326 304 916 325 305 917 327 310 918 326 305 919 327 309 920 328 309 921 328 305 922 327 306 923 329 309 924 328 306 925 329 308 926 330 308 927 330 306 928 329 307 929 331 349 930 332 322 931 333 348 932 334 348 933 334 322 934 333 323 935 335 348 936 334 323 937 335 347 938 336 347 939 336 323 940 335 324 941 337 347 942 336 324 943 337 346 944 338 346 945 338 324 946 337 325 947 339 346 948 338 325 949 339 345 950 340 345 951 340 325 952 339 326 953 341 345 954 340 326 955 341 344 956 342 344 957 342 326 958 341 327 959 343 344 960 342 327 961 343 343 962 344 343 963 344 327 964 343 328 965 345 343 966 344 328 967 345 342 968 346 342 969 346 328 970 345 329 971 347 342 972 346 329 973 347 341 974 348 341 975 348 329 976 347 330 977 349 341 978 348 330 979 349 340 980 350 340 981 350 330 982 349 331 983 351 340 984 350 331 985 351 339 986 352 339 987 352 331 988 351 332 989 353 339 990 352 332 991 353 338 992 354 338 993 354 332 994 353 333 995 355 338 996 354 333 997 355 337 998 356 337 999 356 333 1000 355 334 1001 357 337 1002 356 334 1003 357 336 1004 358 336 1005 358 334 1006 357 335 1007 359 377 1008 360 350 1009 361 376 1010 362 376 1011 362 350 1012 361 351 1013 363 376 1014 362 351 1015 363 375 1016 364 375 1017 364 351 1018 363 352 1019 365 375 1020 364 352 1021 365 374 1022 366 374 1023 366 352 1024 365 353 1025 367 374 1026 366 353 1027 367 373 1028 368 373 1029 368 353 1030 367 354 1031 369 373 1032 368 354 1033 369 372 1034 370 372 1035 370 354 1036 369 355 1037 371 372 1038 370 355 1039 371 371 1040 372 371 1041 372 355 1042 371 356 1043 373 371 1044 372 356 1045 373 370 1046 374 370 1047 374 356 1048 373 357 1049 375 370 1050 374 357 1051 375 369 1052 376 369 1053 376 357 1054 375 358 1055 377 369 1056 376 358 1057 377 368 1058 378 368 1059 378 358 1060 377 359 1061 379 368 1062 378 359 1063 379 367 1064 380 367 1065 380 359 1066 379 360 1067 381 367 1068 380 360 1069 381 366 1070 382 366 1071 382 360 1072 381 361 1073 383 366 1074 382 361 1075 383 365 1076 384 365 1077 384 361 1078 383 362 1079 385 365 1080 384 362 1081 385 364 1082 386 364 1083 386 362 1084 385 363 1085 387 405 1086 388 378 1087 389 404 1088 390 404 1089 390 378 1090 389 379 1091 391 404 1092 390 379 1093 391 403 1094 392 403 1095 392 379 1096 391 380 1097 393 403 1098 392 380 1099 393 402 1100 394 402 1101 394 380 1102 393 381 1103 395 402 1104 394 381 1105 395 401 1106 396 401 1107 396 381 1108 395 382 1109 397 401 1110 396 382 1111 397 400 1112 398 400 1113 398 382 1114 397 383 1115 399 400 1116 398 383 1117 399 399 1118 400 399 1119 400 383 1120 399 384 1121 401 399 1122 400 384 1123 401 398 1124 402 398 1125 402 384 1126 401 385 1127 403 398 1128 402 385 1129 403 397 1130 404 397 1131 404 385 1132 403 386 1133 405 397 1134 404 386 1135 405 396 1136 406 396 1137 406 386 1138 405 387 1139 407 396 1140 406 387 1141 407 395 1142 408 395 1143 408 387 1144 407 388 1145 409 395 1146 408 388 1147 409 394 1148 410 394 1149 410 388 1150 409 389 1151 411 394 1152 410 389 1153 411 393 1154 412 393 1155 412 389 1156 411 390 1157 413 393 1158 412 390 1159 413 392 1160 414 392 1161 414 390 1162 413 391 1163 415 433 1164 416 406 1165 417 432 1166 418 432 1167 418 406 1168 417 407 1169 419 432 1170 418 407 1171 419 431 1172 420 431 1173 420 407 1174 419 408 1175 421 431 1176 420 408 1177 421 430 1178 422 430 1179 422 408 1180 421 409 1181 423 430 1182 422 409 1183 423 429 1184 424 429 1185 424 409 1186 423 410 1187 425 429 1188 424 410 1189 425 428 1190 426 428 1191 426 410 1192 425 411 1193 427 428 1194 426 411 1195 427 427 1196 428 427 1197 428 411 1198 427 412 1199 429 427 1200 428 412 1201 429 426 1202 430 426 1203 430 412 1204 429 413 1205 431 426 1206 430 413 1207 431 425 1208 432 425 1209 432 413 1210 431 414 1211 433 425 1212 432 414 1213 433 424 1214 434 424 1215 434 414 1216 433 415 1217 435 424 1218 434 415 1219 435 423 1220 436 423 1221 436 415 1222 435 416 1223 437 423 1224 436 416 1225 437 422 1226 438 422 1227 438 416 1228 437 417 1229 439 422 1230 438 417 1231 439 421 1232 440 421 1233 440 417 1234 439 418 1235 441 421 1236 440 418 1237 441 420 1238 442 420 1239 442 418 1240 441 419 1241 443 461 1242 444 434 1243 445 460 1244 446 460 1245 446 434 1246 445 435 1247 447 460 1248 446 435 1249 447 459 1250 448 459 1251 448 435 1252 447 436 1253 449 459 1254 448 436 1255 449 458 1256 450 458 1257 450 436 1258 449 437 1259 451 458 1260 450 437 1261 451 457 1262 452 457 1263 452 437 1264 451 438 1265 453 457 1266 452 438 1267 453 456 1268 454 456 1269 454 438 1270 453 439 1271 455 456 1272 454 439 1273 455 455 1274 456 455 1275 456 439 1276 455 440 1277 457 455 1278 456 440 1279 457 454 1280 458 454 1281 458 440 1282 457 441 1283 459 454 1284 458 441 1285 459 453 1286 460 453 1287 460 441 1288 459 442 1289 461 453 1290 460 442 1291 461 452 1292 462 452 1293 462 442 1294 461 443 1295 463 452 1296 462 443 1297 463 451 1298 464 451 1299 464 443 1300 463 444 1301 465 451 1302 464 444 1303 465 450 1304 466 450 1305 466 444 1306 465 445 1307 467 450 1308 466 445 1309 467 449 1310 468 449 1311 468 445 1312 467 446 1313 469 449 1314 468 446 1315 469 448 1316 470 448 1317 470 446 1318 469 447 1319 471 489 1320 472 462 1321 473 488 1322 474 488 1323 474 462 1324 473 463 1325 475 488 1326 474 463 1327 475 487 1328 476 487 1329 476 463 1330 475 464 1331 477 487 1332 476 464 1333 477 486 1334 478 486 1335 478 464 1336 477 465 1337 479 486 1338 478 465 1339 479 485 1340 480 485 1341 480 465 1342 479 466 1343 481 485 1344 480 466 1345 481 484 1346 482 484 1347 482 466 1348 481 467 1349 483 484 1350 482 467 1351 483 483 1352 484 483 1353 484 467 1354 483 468 1355 485 483 1356 484 468 1357 485 482 1358 486 482 1359 486 468 1360 485 469 1361 487 482 1362 486 469 1363 487 481 1364 488 481 1365 488 469 1366 487 470 1367 489 481 1368 488 470 1369 489 480 1370 490 480 1371 490 470 1372 489 471 1373 491 480 1374 490 471 1375 491 479 1376 492 479 1377 492 471 1378 491 472 1379 493 479 1380 492 472 1381 493 478 1382 494 478 1383 494 472 1384 493 473 1385 495 478 1386 494 473 1387 495 477 1388 496 477 1389 496 473 1390 495 474 1391 497 477 1392 496 474 1393 497 476 1394 498 476 1395 498 474 1396 497 475 1397 499 517 1398 500 490 1399 501 516 1400 502 516 1401 502 490 1402 501 491 1403 503 516 1404 502 491 1405 503 515 1406 504 515 1407 504 491 1408 503 492 1409 505 515 1410 504 492 1411 505 514 1412 506 514 1413 506 492 1414 505 493 1415 507 514 1416 506 493 1417 507 513 1418 508 513 1419 508 493 1420 507 494 1421 509 513 1422 508 494 1423 509 512 1424 510 512 1425 510 494 1426 509 495 1427 511 512 1428 510 495 1429 511 511 1430 512 511 1431 512 495 1432 511 496 1433 513 511 1434 512 496 1435 513 510 1436 514 510 1437 514 496 1438 513 497 1439 515 510 1440 514 497 1441 515 509 1442 516 509 1443 516 497 1444 515 498 1445 517 509 1446 516 498 1447 517 508 1448 518 508 1449 518 498 1450 517 499 1451 519 508 1452 518 499 1453 519 507 1454 520 507 1455 520 499 1456 519 500 1457 521 507 1458 520 500 1459 521 506 1460 522 506 1461 522 500 1462 521 501 1463 523 506 1464 522 501 1465 523 505 1466 524 505 1467 524 501 1468 523 502 1469 525 505 1470 524 502 1471 525 504 1472 526 504 1473 526 502 1474 525 503 1475 527 545 1476 528 518 1477 529 544 1478 530 544 1479 530 518 1480 529 519 1481 531 544 1482 530 519 1483 531 543 1484 532 543 1485 532 519 1486 531 520 1487 533 543 1488 532 520 1489 533 542 1490 534 542 1491 534 520 1492 533 521 1493 535 542 1494 534 521 1495 535 541 1496 536 541 1497 536 521 1498 535 522 1499 537 541 1500 536 522 1501 537 540 1502 538 540 1503 538 522 1504 537 523 1505 539 540 1506 538 523 1507 539 539 1508 540 539 1509 540 523 1510 539 524 1511 541 539 1512 540 524 1513 541 538 1514 542 538 1515 542 524 1516 541 525 1517 543 538 1518 542 525 1519 543 537 1520 544 537 1521 544 525 1522 543 526 1523 545 537 1524 544 526 1525 545 536 1526 546 536 1527 546 526 1528 545 527 1529 547 536 1530 546 527 1531 547 535 1532 548 535 1533 548 527 1534 547 528 1535 549 535 1536 548 528 1537 549 534 1538 550 534 1539 550 528 1540 549 529 1541 551 534 1542 550 529 1543 551 533 1544 552 533 1545 552 529 1546 551 530 1547 553 533 1548 552 530 1549 553 532 1550 554 532 1551 554 530 1552 553 531 1553 555 573 1554 556 546 1555 557 572 1556 558 572 1557 558 546 1558 557 547 1559 559 572 1560 558 547 1561 559 571 1562 560 571 1563 560 547 1564 559 548 1565 561 571 1566 560 548 1567 561 570 1568 562 570 1569 562 548 1570 561 549 1571 563 570 1572 562 549 1573 563 569 1574 564 569 1575 564 549 1576 563 550 1577 565 569 1578 564 550 1579 565 568 1580 566 568 1581 566 550 1582 565 551 1583 567 568 1584 566 551 1585 567 567 1586 568 567 1587 568 551 1588 567 552 1589 569 567 1590 568 552 1591 569 566 1592 570 566 1593 570 552 1594 569 553 1595 571 566 1596 570 553 1597 571 565 1598 572 565 1599 572 553 1600 571 554 1601 573 565 1602 572 554 1603 573 564 1604 574 564 1605 574 554 1606 573 555 1607 575 564 1608 574 555 1609 575 563 1610 576 563 1611 576 555 1612 575 556 1613 577 563 1614 576 556 1615 577 562 1616 578 562 1617 578 556 1618 577 557 1619 579 562 1620 578 557 1621 579 561 1622 580 561 1623 580 557 1624 579 558 1625 581 561 1626 580 558 1627 581 560 1628 582 560 1629 582 558 1630 581 559 1631 583 601 1632 584 574 1633 585 600 1634 586 600 1635 586 574 1636 585 575 1637 587 600 1638 586 575 1639 587 599 1640 588 599 1641 588 575 1642 587 576 1643 589 599 1644 588 576 1645 589 598 1646 590 598 1647 590 576 1648 589 577 1649 591 598 1650 590 577 1651 591 597 1652 592 597 1653 592 577 1654 591 578 1655 593 597 1656 592 578 1657 593 596 1658 594 596 1659 594 578 1660 593 579 1661 595 596 1662 594 579 1663 595 595 1664 596 595 1665 596 579 1666 595 580 1667 597 595 1668 596 580 1669 597 594 1670 598 594 1671 598 580 1672 597 581 1673 599 594 1674 598 581 1675 599 593 1676 600 593 1677 600 581 1678 599 582 1679 601 593 1680 600 582 1681 601 592 1682 602 592 1683 602 582 1684 601 583 1685 603 592 1686 602 583 1687 603 591 1688 604 591 1689 604 583 1690 603 584 1691 605 591 1692 604 584 1693 605 590 1694 606 590 1695 606 584 1696 605 585 1697 607 590 1698 606 585 1699 607 589 1700 608 589 1701 608 585 1702 607 586 1703 609 589 1704 608 586 1705 609 588 1706 610 588 1707 610 586 1708 609 587 1709 611 629 1710 612 602 1711 613 628 1712 614 628 1713 614 602 1714 613 603 1715 615 628 1716 614 603 1717 615 627 1718 616 627 1719 616 603 1720 615 604 1721 617 627 1722 616 604 1723 617 626 1724 618 626 1725 618 604 1726 617 605 1727 619 626 1728 618 605 1729 619 625 1730 620 625 1731 620 605 1732 619 606 1733 621 625 1734 620 606 1735 621 624 1736 622 624 1737 622 606 1738 621 607 1739 623 624 1740 622 607 1741 623 623 1742 624 623 1743 624 607 1744 623 608 1745 625 623 1746 624 608 1747 625 622 1748 626 622 1749 626 608 1750 625 609 1751 627 622 1752 626 609 1753 627 621 1754 628 621 1755 628 609 1756 627 610 1757 629 621 1758 628 610 1759 629 620 1760 630 620 1761 630 610 1762 629 611 1763 631 620 1764 630 611 1765 631 619 1766 632 619 1767 632 611 1768 631 612 1769 633 619 1770 632 612 1771 633 618 1772 634 618 1773 634 612 1774 633 613 1775 635 618 1776 634 613 1777 635 617 1778 636 617 1779 636 613 1780 635 614 1781 637 617 1782 636 614 1783 637 616 1784 638 616 1785 638 614 1786 637 615 1787 639 657 1788 640 630 1789 641 656 1790 642 656 1791 642 630 1792 641 631 1793 643 656 1794 642 631 1795 643 655 1796 644 655 1797 644 631 1798 643 632 1799 645 655 1800 644 632 1801 645 654 1802 646 654 1803 646 632 1804 645 633 1805 647 654 1806 646 633 1807 647 653 1808 648 653 1809 648 633 1810 647 634 1811 649 653 1812 648 634 1813 649 652 1814 650 652 1815 650 634 1816 649 635 1817 651 652 1818 650 635 1819 651 651 1820 652 651 1821 652 635 1822 651 636 1823 653 651 1824 652 636 1825 653 650 1826 654 650 1827 654 636 1828 653 637 1829 655 650 1830 654 637 1831 655 649 1832 656 649 1833 656 637 1834 655 638 1835 657 649 1836 656 638 1837 657 648 1838 658 648 1839 658 638 1840 657 639 1841 659 648 1842 658 639 1843 659 647 1844 660 647 1845 660 639 1846 659 640 1847 661 647 1848 660 640 1849 661 646 1850 662 646 1851 662 640 1852 661 641 1853 663 646 1854 662 641 1855 663 645 1856 664 645 1857 664 641 1858 663 642 1859 665 645 1860 664 642 1861 665 644 1862 666 644 1863 666 642 1864 665 643 1865 667 685 1866 668 658 1867 669 684 1868 670 684 1869 670 658 1870 669 659 1871 671 684 1872 670 659 1873 671 683 1874 672 683 1875 672 659 1876 671 660 1877 673 683 1878 672 660 1879 673 682 1880 674 682 1881 674 660 1882 673 661 1883 675 682 1884 674 661 1885 675 681 1886 676 681 1887 676 661 1888 675 662 1889 677 681 1890 676 662 1891 677 680 1892 678 680 1893 678 662 1894 677 663 1895 679 680 1896 678 663 1897 679 679 1898 680 679 1899 680 663 1900 679 664 1901 681 679 1902 680 664 1903 681 678 1904 682 678 1905 682 664 1906 681 665 1907 683 678 1908 682 665 1909 683 677 1910 684 677 1911 684 665 1912 683 666 1913 685 677 1914 684 666 1915 685 676 1916 686 676 1917 686 666 1918 685 667 1919 687 676 1920 686 667 1921 687 675 1922 688 675 1923 688 667 1924 687 668 1925 689 675 1926 688 668 1927 689 674 1928 690 674 1929 690 668 1930 689 669 1931 691 674 1932 690 669 1933 691 673 1934 692 673 1935 692 669 1936 691 670 1937 693 673 1938 692 670 1939 693 672 1940 694 672 1941 694 670 1942 693 671 1943 695 713 1944 696 686 1945 697 712 1946 698 712 1947 698 686 1948 697 687 1949 699 712 1950 698 687 1951 699 711 1952 700 711 1953 700 687 1954 699 688 1955 701 711 1956 700 688 1957 701 710 1958 702 710 1959 702 688 1960 701 689 1961 703 710 1962 702 689 1963 703 709 1964 704 709 1965 704 689 1966 703 690 1967 705 709 1968 704 690 1969 705 708 1970 706 708 1971 706 690 1972 705 691 1973 707 708 1974 706 691 1975 707 707 1976 708 707 1977 708 691 1978 707 692 1979 709 707 1980 708 692 1981 709 706 1982 710 706 1983 710 692 1984 709 693 1985 711 706 1986 710 693 1987 711 705 1988 712 705 1989 712 693 1990 711 694 1991 713 705 1992 712 694 1993 713 704 1994 714 704 1995 714 694 1996 713 695 1997 715 704 1998 714 695 1999 715 703 2000 716 703 2001 716 695 2002 715 696 2003 717 703 2004 716 696 2005 717 702 2006 718 702 2007 718 696 2008 717 697 2009 719 702 2010 718 697 2011 719 701 2012 720 701 2013 720 697 2014 719 698 2015 721 701 2016 720 698 2017 721 700 2018 722 700 2019 722 698 2020 721 699 2021 723 741 2022 724 714 2023 725 740 2024 726 740 2025 726 714 2026 725 715 2027 727 740 2028 726 715 2029 727 739 2030 728 739 2031 728 715 2032 727 716 2033 729 739 2034 728 716 2035 729 738 2036 730 738 2037 730 716 2038 729 717 2039 731 738 2040 730 717 2041 731 737 2042 732 737 2043 732 717 2044 731 718 2045 733 737 2046 732 718 2047 733 736 2048 734 736 2049 734 718 2050 733 719 2051 735 736 2052 734 719 2053 735 735 2054 736 735 2055 736 719 2056 735 720 2057 737 735 2058 736 720 2059 737 734 2060 738 734 2061 738 720 2062 737 721 2063 739 734 2064 738 721 2065 739 733 2066 740 733 2067 740 721 2068 739 722 2069 741 733 2070 740 722 2071 741 732 2072 742 732 2073 742 722 2074 741 723 2075 743 732 2076 742 723 2077 743 731 2078 744 731 2079 744 723 2080 743 724 2081 745 731 2082 744 724 2083 745 730 2084 746 730 2085 746 724 2086 745 725 2087 747 730 2088 746 725 2089 747 729 2090 748 729 2091 748 725 2092 747 726 2093 749 729 2094 748 726 2095 749 728 2096 750 728 2097 750 726 2098 749 727 2099 751 783 2100 752 742 2101 753 782 2102 754 782 2103 754 742 2104 753 743 2105 755 782 2106 754 743 2107 755 781 2108 756 781 2109 756 743 2110 755 744 2111 757 781 2112 756 744 2113 757 745 2114 758 781 2115 756 745 2116 758 780 2117 759 780 2118 759 745 2119 758 746 2120 760 780 2121 759 746 2122 760 779 2123 761 779 2124 761 746 2125 760 747 2126 762 779 2127 761 747 2128 762 778 2129 763 778 2130 763 747 2131 762 777 2132 764 777 2133 764 747 2134 762 748 2135 765 777 2136 764 748 2137 765 749 2138 766 777 2139 764 749 2140 766 776 2141 767 776 2142 767 749 2143 766 750 2144 768 776 2145 767 750 2146 768 775 2147 769 775 2148 769 750 2149 768 751 2150 770 775 2151 769 751 2152 770 774 2153 771 774 2154 771 751 2155 770 773 2156 772 773 2157 772 751 2158 770 752 2159 773 773 2160 772 752 2161 773 772 2162 774 772 2163 774 752 2164 773 753 2165 775 772 2166 774 753 2167 775 754 2168 776 772 2169 774 754 2170 776 771 2171 777 771 2172 777 754 2173 776 755 2174 778 771 2175 777 755 2176 778 770 2177 779 770 2178 779 755 2179 778 756 2180 780 770 2181 779 756 2182 780 769 2183 781 769 2184 781 756 2185 780 768 2186 782 768 2187 782 756 2188 780 757 2189 783 768 2190 782 757 2191 783 758 2192 784 768 2193 782 758 2194 784 767 2195 785 767 2196 785 758 2197 784 759 2198 786 767 2199 785 759 2200 786 766 2201 787 766 2202 787 759 2203 786 760 2204 788 766 2205 787 760 2206 788 765 2207 789 765 2208 789 760 2209 788 764 2210 790 764 2211 790 760 2212 788 761 2213 791 764 2214 790 761 2215 791 763 2216 792 763 2217 792 761 2218 791 762 2219 793 825 2220 794 784 2221 795 824 2222 796 824 2223 796 784 2224 795 785 2225 797 824 2226 796 785 2227 797 823 2228 798 823 2229 798 785 2230 797 786 2231 799 823 2232 798 786 2233 799 787 2234 800 823 2235 798 787 2236 800 822 2237 801 822 2238 801 787 2239 800 788 2240 802 822 2241 801 788 2242 802 821 2243 803 821 2244 803 788 2245 802 789 2246 804 821 2247 803 789 2248 804 820 2249 805 820 2250 805 789 2251 804 819 2252 806 819 2253 806 789 2254 804 790 2255 807 819 2256 806 790 2257 807 791 2258 808 819 2259 806 791 2260 808 818 2261 809 818 2262 809 791 2263 808 792 2264 810 818 2265 809 792 2266 810 817 2267 811 817 2268 811 792 2269 810 793 2270 812 817 2271 811 793 2272 812 816 2273 813 816 2274 813 793 2275 812 815 2276 814 815 2277 814 793 2278 812 794 2279 815 815 2280 814 794 2281 815 814 2282 816 814 2283 816 794 2284 815 795 2285 817 814 2286 816 795 2287 817 796 2288 818 814 2289 816 796 2290 818 813 2291 819 813 2292 819 796 2293 818 797 2294 820 813 2295 819 797 2296 820 812 2297 821 812 2298 821 797 2299 820 798 2300 822 812 2301 821 798 2302 822 811 2303 823 811 2304 823 798 2305 822 810 2306 824 810 2307 824 798 2308 822 799 2309 825 810 2310 824 799 2311 825 800 2312 826 810 2313 824 800 2314 826 809 2315 827 809 2316 827 800 2317 826 801 2318 828 809 2319 827 801 2320 828 808 2321 829 808 2322 829 801 2323 828 802 2324 830 808 2325 829 802 2326 830 807 2327 831 807 2328 831 802 2329 830 806 2330 832 806 2331 832 802 2332 830 803 2333 833 806 2334 832 803 2335 833 805 2336 834 805 2337 834 803 2338 833 804 2339 835 826 2340 836 827 2341 837 856 2342 838 856 2343 838 827 2344 837 829 2345 839 856 2346 838 829 2347 839 830 2348 840 827 2349 837 828 2350 841 829 2351 839 856 2352 838 830 2353 840 855 2354 842 855 2355 842 830 2356 840 831 2357 843 855 2358 842 831 2359 843 854 2360 844 854 2361 844 831 2362 843 832 2363 845 854 2364 844 832 2365 845 853 2366 846 853 2367 846 832 2368 845 833 2369 847 853 2370 846 833 2371 847 852 2372 848 852 2373 848 833 2374 847 834 2375 849 852 2376 848 834 2377 849 851 2378 850 851 2379 850 834 2380 849 835 2381 851 851 2382 850 835 2383 851 836 2384 852 851 2385 850 836 2386 852 850 2387 853 850 2388 853 836 2389 852 837 2390 854 850 2391 853 837 2392 854 849 2393 855 849 2394 855 837 2395 854 838 2396 856 849 2397 855 838 2398 856 848 2399 857 848 2400 857 838 2401 856 839 2402 858 848 2403 857 839 2404 858 847 2405 859 847 2406 859 839 2407 858 840 2408 860 847 2409 859 840 2410 860 846 2411 861 846 2412 861 840 2413 860 841 2414 862 846 2415 861 841 2416 862 845 2417 863 845 2418 863 841 2419 862 842 2420 864 845 2421 863 842 2422 864 844 2423 865 844 2424 865 842 2425 864 843 2426 866 884 2427 867 857 2428 868 883 2429 869 883 2430 869 857 2431 868 858 2432 870 883 2433 869 858 2434 870 882 2435 871 882 2436 871 858 2437 870 859 2438 872 882 2439 871 859 2440 872 804 2441 873 804 2442 873 859 2443 872 903 2444 874 903 2445 874 859 2446 872 902 2447 875 902 2448 875 859 2449 872 860 2450 876 902 2451 875 860 2452 876 901 2453 877 901 2454 877 860 2455 876 900 2456 878 900 2457 878 860 2458 876 861 2459 879 900 2460 878 861 2461 879 899 2462 880 899 2463 880 861 2464 879 898 2465 881 898 2466 881 861 2467 879 862 2468 882 898 2469 881 862 2470 882 897 2471 883 897 2472 883 862 2473 882 896 2474 884 896 2475 884 862 2476 882 863 2477 885 896 2478 884 863 2479 885 895 2480 886 895 2481 886 863 2482 885 894 2483 887 894 2484 887 863 2485 885 864 2486 888 894 2487 887 864 2488 888 893 2489 889 893 2490 889 864 2491 888 892 2492 890 892 2493 890 864 2494 888 865 2495 891 892 2496 890 865 2497 891 891 2498 892 891 2499 892 865 2500 891 890 2501 893 890 2502 893 865 2503 891 866 2504 894 890 2505 893 866 2506 894 889 2507 895 889 2508 895 866 2509 894 888 2510 896 888 2511 896 866 2512 894 867 2513 897 888 2514 896 867 2515 897 887 2516 898 887 2517 898 867 2518 897 886 2519 899 886 2520 899 867 2521 897 885 2522 900 885 2523 900 867 2524 897 868 2525 901 885 2526 900 868 2527 901 784 2528 902 784 2529 902 868 2530 901 873 2531 903 784 2532 902 873 2533 903 785 2534 904 785 2535 904 873 2536 903 874 2537 905 785 2538 904 874 2539 905 786 2540 906 786 2541 906 874 2542 905 787 2543 907 787 2544 907 874 2545 905 788 2546 908 788 2547 908 874 2548 905 875 2549 909 788 2550 908 875 2551 909 789 2552 910 789 2553 910 875 2554 909 790 2555 911 790 2556 911 875 2557 909 876 2558 912 790 2559 911 876 2560 912 791 2561 913 791 2562 913 876 2563 912 792 2564 914 792 2565 914 876 2566 912 877 2567 915 792 2568 914 877 2569 915 793 2570 916 793 2571 916 877 2572 915 794 2573 917 794 2574 917 877 2575 915 878 2576 918 794 2577 917 878 2578 918 795 2579 919 795 2580 919 878 2581 918 796 2582 920 796 2583 920 878 2584 918 879 2585 921 796 2586 920 879 2587 921 797 2588 922 797 2589 922 879 2590 921 798 2591 923 798 2592 923 879 2593 921 880 2594 924 798 2595 923 880 2596 924 799 2597 925 799 2598 925 880 2599 924 800 2600 926 800 2601 926 880 2602 924 881 2603 927 800 2604 926 881 2605 927 801 2606 928 801 2607 928 881 2608 927 802 2609 929 802 2610 929 881 2611 927 882 2612 871 802 2613 929 882 2614 871 803 2615 930 803 2616 930 882 2617 871 804 2618 873 873 2619 903 868 2620 901 872 2621 931 872 2622 931 868 2623 901 869 2624 932 872 2625 931 869 2626 932 871 2627 933 871 2628 933 869 2629 932 870 2630 934 931 2631 935 904 2632 936 930 2633 937 930 2634 937 904 2635 936 905 2636 938 930 2637 937 905 2638 938 929 2639 939 929 2640 939 905 2641 938 906 2642 940 929 2643 939 906 2644 940 762 2645 941 762 2646 941 906 2647 940 950 2648 942 950 2649 942 906 2650 940 949 2651 943 949 2652 943 906 2653 940 907 2654 944 949 2655 943 907 2656 944 948 2657 945 948 2658 945 907 2659 944 947 2660 946 947 2661 946 907 2662 944 908 2663 947 947 2664 946 908 2665 947 946 2666 948 946 2667 948 908 2668 947 945 2669 949 945 2670 949 908 2671 947 909 2672 950 945 2673 949 909 2674 950 944 2675 951 944 2676 951 909 2677 950 943 2678 952 943 2679 952 909 2680 950 910 2681 953 943 2682 952 910 2683 953 942 2684 954 942 2685 954 910 2686 953 941 2687 955 941 2688 955 910 2689 953 911 2690 956 941 2691 955 911 2692 956 940 2693 957 940 2694 957 911 2695 956 939 2696 958 939 2697 958 911 2698 956 912 2699 959 939 2700 958 912 2701 959 938 2702 960 938 2703 960 912 2704 959 937 2705 961 937 2706 961 912 2707 959 913 2708 962 937 2709 961 913 2710 962 936 2711 963 936 2712 963 913 2713 962 935 2714 964 935 2715 964 913 2716 962 914 2717 965 935 2718 964 914 2719 965 934 2720 966 934 2721 966 914 2722 965 933 2723 967 933 2724 967 914 2725 965 932 2726 968 932 2727 968 914 2728 965 915 2729 969 932 2730 968 915 2731 969 742 2732 970 742 2733 970 915 2734 969 920 2735 971 742 2736 970 920 2737 971 743 2738 972 743 2739 972 920 2740 971 921 2741 973 743 2742 972 921 2743 973 744 2744 974 744 2745 974 921 2746 973 745 2747 975 745 2748 975 921 2749 973 746 2750 976 746 2751 976 921 2752 973 922 2753 977 746 2754 976 922 2755 977 747 2756 978 747 2757 978 922 2758 977 748 2759 979 748 2760 979 922 2761 977 923 2762 980 748 2763 979 923 2764 980 749 2765 981 749 2766 981 923 2767 980 750 2768 982 750 2769 982 923 2770 980 924 2771 983 750 2772 982 924 2773 983 751 2774 984 751 2775 984 924 2776 983 752 2777 985 752 2778 985 924 2779 983 925 2780 986 752 2781 985 925 2782 986 753 2783 987 753 2784 987 925 2785 986 754 2786 988 754 2787 988 925 2788 986 926 2789 989 754 2790 988 926 2791 989 755 2792 990 755 2793 990 926 2794 989 756 2795 991 756 2796 991 926 2797 989 927 2798 992 756 2799 991 927 2800 992 757 2801 993 757 2802 993 927 2803 992 758 2804 994 758 2805 994 927 2806 992 928 2807 995 758 2808 994 928 2809 995 759 2810 996 759 2811 996 928 2812 995 760 2813 997 760 2814 997 928 2815 995 929 2816 939 760 2817 997 929 2818 939 761 2819 998 761 2820 998 929 2821 939 762 2822 941 920 2823 971 915 2824 969 919 2825 999 919 2826 999 915 2827 969 916 2828 1000 919 2829 999 916 2830 1000 918 2831 1001 918 2832 1001 916 2833 1000 917 2834 1002 978 2835 1003 951 2836 1004 977 2837 1005 977 2838 1005 951 2839 1004 952 2840 1006 977 2841 1005 952 2842 1006 976 2843 1007 976 2844 1007 952 2845 1006 953 2846 1008 976 2847 1007 953 2848 1008 975 2849 1009 975 2850 1009 953 2851 1008 954 2852 1010 975 2853 1009 954 2854 1010 974 2855 1011 974 2856 1011 954 2857 1010 955 2858 1012 974 2859 1011 955 2860 1012 973 2861 1013 973 2862 1013 955 2863 1012 956 2864 1014 973 2865 1013 956 2866 1014 972 2867 1015 972 2868 1015 956 2869 1014 957 2870 1016 972 2871 1015 957 2872 1016 971 2873 1017 971 2874 1017 957 2875 1016 958 2876 1018 971 2877 1017 958 2878 1018 970 2879 1019 970 2880 1019 958 2881 1018 959 2882 1020 970 2883 1019 959 2884 1020 969 2885 1021 969 2886 1021 959 2887 1020 960 2888 1022 969 2889 1021 960 2890 1022 968 2891 1023 968 2892 1023 960 2893 1022 961 2894 1024 968 2895 1023 961 2896 1024 967 2897 1025 967 2898 1025 961 2899 1024 962 2900 1026 967 2901 1025 962 2902 1026 966 2903 1027 966 2904 1027 962 2905 1026 963 2906 1028 966 2907 1027 963 2908 1028 965 2909 1029 965 2910 1029 963 2911 1028 964 2912 1030 1006 2913 1031 979 2914 1032 1005 2915 1033 1005 2916 1033 979 2917 1032 980 2918 1034 1005 2919 1033 980 2920 1034 1004 2921 1035 1004 2922 1035 980 2923 1034 981 2924 1036 1004 2925 1035 981 2926 1036 1003 2927 1037 1003 2928 1037 981 2929 1036 982 2930 1038 1003 2931 1037 982 2932 1038 1002 2933 1039 1002 2934 1039 982 2935 1038 983 2936 1040 1002 2937 1039 983 2938 1040 1001 2939 1041 1001 2940 1041 983 2941 1040 984 2942 1042 1001 2943 1041 984 2944 1042 1000 2945 1043 1000 2946 1043 984 2947 1042 985 2948 1044 1000 2949 1043 985 2950 1044 999 2951 1045 999 2952 1045 985 2953 1044 986 2954 1046 999 2955 1045 986 2956 1046 998 2957 1047 998 2958 1047 986 2959 1046 987 2960 1048 998 2961 1047 987 2962 1048 997 2963 1049 997 2964 1049 987 2965 1048 988 2966 1050 997 2967 1049 988 2968 1050 996 2969 1051 996 2970 1051 988 2971 1050 989 2972 1052 996 2973 1051 989 2974 1052 995 2975 1053 995 2976 1053 989 2977 1052 990 2978 1054 995 2979 1053 990 2980 1054 994 2981 1055 994 2982 1055 990 2983 1054 991 2984 1056 994 2985 1055 991 2986 1056 993 2987 1057 993 2988 1057 991 2989 1056 992 2990 1058 116 2991 1059 115 2992 1060 1020 2993 1061 1020 2994 1061 115 2995 1060 644 2996 1062 1020 2997 1061 644 2998 1062 616 2999 1063 616 3000 1063 644 3001 1062 617 3002 1064 617 3003 1064 644 3004 1062 1045 3005 1065 617 3006 1064 1045 3007 1065 618 3008 1066 618 3009 1066 1045 3010 1065 1046 3011 1067 618 3012 1066 1046 3013 1067 619 3014 1068 619 3015 1068 1046 3016 1067 1047 3017 1069 619 3018 1068 1047 3019 1069 620 3020 1070 620 3021 1070 1047 3022 1069 1048 3023 1071 620 3024 1070 1048 3025 1071 621 3026 1072 621 3027 1072 1048 3028 1071 1049 3029 1073 621 3030 1072 1049 3031 1073 622 3032 1074 622 3033 1074 1049 3034 1073 1050 3035 1075 622 3036 1074 1050 3037 1075 1051 3038 1076 644 3039 1062 115 3040 1060 645 3041 1077 645 3042 1077 115 3043 1060 114 3044 1078 645 3045 1077 114 3046 1078 646 3047 1079 646 3048 1079 114 3049 1078 113 3050 1080 646 3051 1079 113 3052 1080 647 3053 1081 647 3054 1081 113 3055 1080 112 3056 1082 647 3057 1081 112 3058 1082 648 3059 1083 648 3060 1083 112 3061 1082 111 3062 1084 648 3063 1083 111 3064 1084 649 3065 1085 649 3066 1085 111 3067 1084 110 3068 1086 649 3069 1085 110 3070 1086 650 3071 1087 650 3072 1087 110 3073 1086 109 3074 1088 650 3075 1087 109 3076 1088 651 3077 1089 651 3078 1089 109 3079 1088 652 3080 1090 652 3081 1090 109 3082 1088 108 3083 1091 652 3084 1090 108 3085 1091 653 3086 1092 653 3087 1092 108 3088 1091 107 3089 1093 653 3090 1092 107 3091 1093 654 3092 1094 654 3093 1094 107 3094 1093 106 3095 1095 654 3096 1094 106 3097 1095 655 3098 1096 655 3099 1096 106 3100 1095 105 3101 1097 655 3102 1096 105 3103 1097 656 3104 1098 656 3105 1098 105 3106 1097 104 3107 1099 656 3108 1098 104 3109 1099 657 3110 1100 657 3111 1100 104 3112 1099 1007 3113 1101 657 3114 1100 1007 3115 1101 629 3116 1102 629 3117 1102 1007 3118 1101 1044 3119 1103 1044 3120 1103 1007 3121 1101 600 3122 1104 1044 3123 1103 600 3124 1104 599 3125 1105 104 3126 1099 103 3127 1106 1007 3128 1101 600 3129 1104 1007 3130 1101 601 3131 1107 601 3132 1107 1007 3133 1101 1008 3134 1108 601 3135 1107 1008 3136 1108 1009 3137 1109 1010 3138 1110 1031 3139 1111 1009 3140 1109 1009 3141 1109 1031 3142 1111 1032 3143 1112 1009 3144 1109 1032 3145 1112 601 3146 1107 1031 3147 1111 1010 3148 1110 1030 3149 1113 1030 3150 1113 1010 3151 1110 1011 3152 1114 1030 3153 1113 1011 3154 1114 1029 3155 1115 1029 3156 1115 1011 3157 1114 1012 3158 1116 1029 3159 1115 1012 3160 1116 1028 3161 1117 1028 3162 1117 1012 3163 1116 1013 3164 1118 1028 3165 1117 1013 3166 1118 1027 3167 1119 1027 3168 1119 1013 3169 1118 1014 3170 1120 1027 3171 1119 1014 3172 1120 1026 3173 1121 1026 3174 1121 1014 3175 1120 1025 3176 1122 1025 3177 1122 1014 3178 1120 1015 3179 1123 1025 3180 1122 1015 3181 1123 1024 3182 1124 1024 3183 1124 1015 3184 1123 1016 3185 1125 1024 3186 1124 1016 3187 1125 1023 3188 1126 1023 3189 1126 1016 3190 1125 1017 3191 1127 1023 3192 1126 1017 3193 1127 1022 3194 1128 1022 3195 1128 1017 3196 1127 1018 3197 1129 1022 3198 1128 1018 3199 1129 1021 3200 1130 1021 3201 1130 1018 3202 1129 588 3203 1131 588 3204 1131 1018 3205 1129 1019 3206 1132 588 3207 1131 1019 3208 1132 1020 3209 1061 1044 3210 1103 599 3211 1105 1043 3212 1133 1043 3213 1133 599 3214 1105 598 3215 1134 1043 3216 1133 598 3217 1134 1042 3218 1135 1042 3219 1135 598 3220 1134 597 3221 1136 1042 3222 1135 597 3223 1136 1041 3224 1137 1041 3225 1137 597 3226 1136 596 3227 1138 1041 3228 1137 596 3229 1138 1040 3230 1139 1040 3231 1139 596 3232 1138 595 3233 1140 1040 3234 1139 595 3235 1140 1039 3236 1141 1039 3237 1141 595 3238 1140 594 3239 1142 1039 3240 1141 594 3241 1142 1038 3242 1143 1038 3243 1143 594 3244 1142 1037 3245 1144 1037 3246 1144 594 3247 1142 593 3248 1145 1037 3249 1144 593 3250 1145 1036 3251 1146 1036 3252 1146 593 3253 1145 592 3254 1147 1036 3255 1146 592 3256 1147 1035 3257 1148 1035 3258 1148 592 3259 1147 591 3260 1149 1035 3261 1148 591 3262 1149 1034 3263 1150 1034 3264 1150 591 3265 1149 590 3266 1151 1034 3267 1150 590 3268 1151 1033 3269 1152 1033 3270 1152 590 3271 1151 589 3272 1153 1033 3273 1152 589 3274 1153 1020 3275 1061 1020 3276 1061 589 3277 1153 588 3278 1131 616 3279 1063 1033 3280 1152 1020 3281 1061 629 3282 1102 628 3283 1154 657 3284 1100 657 3285 1100 628 3286 1154 1056 3287 1155 1056 3288 1155 628 3289 1154 627 3290 1156 1056 3291 1155 627 3292 1156 1055 3293 1157 1055 3294 1157 627 3295 1156 626 3296 1158 1055 3297 1157 626 3298 1158 1054 3299 1159 1054 3300 1159 626 3301 1158 625 3302 1160 1054 3303 1159 625 3304 1160 1053 3305 1161 1053 3306 1161 625 3307 1160 624 3308 1162 1053 3309 1161 624 3310 1162 1052 3311 1163 1052 3312 1163 624 3313 1162 623 3314 1164 1052 3315 1163 623 3316 1164 1051 3317 1076 1051 3318 1076 623 3319 1164 622 3320 1074 993 3321 1165 992 3322 1166 1080 3323 1167 1080 3324 1167 992 3325 1166 1057 3326 1168 1080 3327 1167 1057 3328 1168 1079 3329 1169 1079 3330 1169 1057 3331 1168 1058 3332 1170 1079 3333 1169 1058 3334 1170 1078 3335 1171 1078 3336 1171 1058 3337 1170 1059 3338 1172 1078 3339 1171 1059 3340 1172 1077 3341 1173 1077 3342 1173 1059 3343 1172 1060 3344 1174 1077 3345 1173 1060 3346 1174 1076 3347 1175 1076 3348 1175 1060 3349 1174 1061 3350 1176 1076 3351 1175 1061 3352 1176 1075 3353 1177 1075 3354 1177 1061 3355 1176 1062 3356 1178 1075 3357 1177 1062 3358 1178 1074 3359 1179 1074 3360 1179 1062 3361 1178 1063 3362 1180 1074 3363 1179 1063 3364 1180 1073 3365 1181 1073 3366 1181 1063 3367 1180 1064 3368 1182 1073 3369 1181 1064 3370 1182 1072 3371 1183 1072 3372 1183 1064 3373 1182 1065 3374 1184 1072 3375 1183 1065 3376 1184 1071 3377 1185 1071 3378 1185 1065 3379 1184 1066 3380 1186 1071 3381 1185 1066 3382 1186 1070 3383 1187 1070 3384 1187 1066 3385 1186 1067 3386 1188 1070 3387 1187 1067 3388 1188 1069 3389 1189 1069 3390 1189 1067 3391 1188 1068 3392 1190 1069 3393 1189 1068 3394 1190 1006 3395 1191 1006 3396 1191 1068 3397 1190 979 3398 1192 965 3399 1193 964 3400 1194 1104 3401 1195 1104 3402 1195 964 3403 1194 1081 3404 1196 1104 3405 1195 1081 3406 1196 1103 3407 1197 1103 3408 1197 1081 3409 1196 1082 3410 1198 1103 3411 1197 1082 3412 1198 1102 3413 1199 1102 3414 1199 1082 3415 1198 1083 3416 1200 1102 3417 1199 1083 3418 1200 1101 3419 1201 1101 3420 1201 1083 3421 1200 1084 3422 1202 1101 3423 1201 1084 3424 1202 1100 3425 1203 1100 3426 1203 1084 3427 1202 1085 3428 1204 1100 3429 1203 1085 3430 1204 1099 3431 1205 1099 3432 1205 1085 3433 1204 1086 3434 1206 1099 3435 1205 1086 3436 1206 1098 3437 1207 1098 3438 1207 1086 3439 1206 1087 3440 1208 1098 3441 1207 1087 3442 1208 1097 3443 1209 1097 3444 1209 1087 3445 1208 1088 3446 1210 1097 3447 1209 1088 3448 1210 1096 3449 1211 1096 3450 1211 1088 3451 1210 1089 3452 1212 1096 3453 1211 1089 3454 1212 1095 3455 1213 1095 3456 1213 1089 3457 1212 1090 3458 1214 1095 3459 1213 1090 3460 1214 1094 3461 1215 1094 3462 1215 1090 3463 1214 1091 3464 1216 1094 3465 1215 1091 3466 1216 1093 3467 1217 1093 3468 1217 1091 3469 1216 1092 3470 1218 1093 3471 1217 1092 3472 1218 978 3473 1219 978 3474 1219 1092 3475 1218 951 3476 1220 1105 3477 1221 1106 3478 1222 1144 3479 1223 1144 3480 1223 1106 3481 1222 1143 3482 1224 1143 3483 1224 1106 3484 1222 1142 3485 1225 1142 3486 1225 1106 3487 1222 1141 3488 1226 1141 3489 1226 1106 3490 1222 1140 3491 1227 1140 3492 1227 1106 3493 1222 1107 3494 1228 1140 3495 1227 1107 3496 1228 1108 3497 1229 1140 3498 1227 1108 3499 1229 1135 3500 1230 1135 3501 1230 1108 3502 1229 1109 3503 1231 1135 3504 1230 1109 3505 1231 1134 3506 1232 1134 3507 1232 1109 3508 1231 1110 3509 1233 1134 3510 1232 1110 3511 1233 1111 3512 1234 1134 3513 1232 1111 3514 1234 1133 3515 1235 1133 3516 1235 1111 3517 1234 1112 3518 1236 1133 3519 1235 1112 3520 1236 1113 3521 1237 1133 3522 1235 1113 3523 1237 1132 3524 1238 1132 3525 1238 1113 3526 1237 1114 3527 1239 1132 3528 1238 1114 3529 1239 1131 3530 1240 1131 3531 1240 1114 3532 1239 1115 3533 1241 1131 3534 1240 1115 3535 1241 1116 3536 1242 1131 3537 1240 1116 3538 1242 1130 3539 1243 1130 3540 1243 1116 3541 1242 1117 3542 1244 1130 3543 1243 1117 3544 1244 1125 3545 1245 1125 3546 1245 1117 3547 1244 1118 3548 1246 1125 3549 1245 1118 3550 1246 1119 3551 1247 1120 3552 1248 1121 3553 1249 1119 3554 1247 1119 3555 1247 1121 3556 1249 1122 3557 1250 1119 3558 1247 1122 3559 1250 1123 3560 1251 1123 3561 1251 1124 3562 1252 1119 3563 1247 1119 3564 1247 1124 3565 1252 1125 3566 1245 1126 3567 1253 1127 3568 1254 1125 3569 1245 1125 3570 1245 1127 3571 1254 1128 3572 1255 1125 3573 1245 1128 3574 1255 1129 3575 1256 1129 3576 1256 1130 3577 1243 1125 3578 1245 1135 3579 1230 1136 3580 1257 1140 3581 1227 1140 3582 1227 1136 3583 1257 1137 3584 1258 1140 3585 1227 1137 3586 1258 1138 3587 1259 1138 3588 1259 1139 3589 1260 1140 3590 1227 1146 3591 1261 1147 3592 1262 1145 3593 1263 1145 3594 1263 1147 3595 1262 1148 3596 1264 1145 3597 1263 1148 3598 1264 1149 3599 1265 1149 3600 1265 1150 3601 1266 1145 3602 1263 1145 3603 1263 1150 3604 1266 1151 3605 1267 1145 3606 1263 1151 3607 1267 1184 3608 1268 1184 3609 1268 1151 3610 1267 1183 3611 1269 1183 3612 1269 1151 3613 1267 1156 3614 1270 1183 3615 1269 1156 3616 1270 1182 3617 1271 1182 3618 1271 1156 3619 1270 1157 3620 1272 1182 3621 1271 1157 3622 1272 1181 3623 1273 1181 3624 1273 1157 3625 1272 1180 3626 1274 1180 3627 1274 1157 3628 1272 1158 3629 1275 1180 3630 1274 1158 3631 1275 1179 3632 1276 1179 3633 1276 1158 3634 1275 1159 3635 1277 1179 3636 1276 1159 3637 1277 1178 3638 1278 1178 3639 1278 1159 3640 1277 1177 3641 1279 1177 3642 1279 1159 3643 1277 1160 3644 1280 1177 3645 1279 1160 3646 1280 1176 3647 1281 1176 3648 1281 1160 3649 1280 1175 3650 1282 1175 3651 1282 1160 3652 1280 1161 3653 1283 1175 3654 1282 1161 3655 1283 1174 3656 1284 1174 3657 1284 1161 3658 1283 1166 3659 1285 1174 3660 1284 1166 3661 1285 1173 3662 1286 1173 3663 1286 1166 3664 1285 1172 3665 1287 1172 3666 1287 1166 3667 1285 1167 3668 1288 1172 3669 1287 1167 3670 1288 1168 3671 1289 1152 3672 1290 1153 3673 1291 1151 3674 1267 1151 3675 1267 1153 3676 1291 1154 3677 1292 1151 3678 1267 1154 3679 1292 1155 3680 1293 1155 3681 1293 1156 3682 1270 1151 3683 1267 1161 3684 1283 1162 3685 1294 1166 3686 1285 1166 3687 1285 1162 3688 1294 1163 3689 1295 1166 3690 1285 1163 3691 1295 1164 3692 1296 1164 3693 1296 1165 3694 1297 1166 3695 1285 1168 3696 1289 1169 3697 1298 1172 3698 1287 1172 3699 1287 1169 3700 1298 1170 3701 1299 1172 3702 1287 1170 3703 1299 1171 3704 1300 1106 3705 1301 1145 3706 1302 1107 3707 1303 1107 3708 1303 1145 3709 1302 1184 3710 1304 1107 3711 1303 1184 3712 1304 1108 3713 1305 1108 3714 1305 1184 3715 1304 1183 3716 1306 1108 3717 1305 1183 3718 1306 1109 3719 1307 1109 3720 1307 1183 3721 1306 1182 3722 1308 1109 3723 1307 1182 3724 1308 1110 3725 1309 1110 3726 1309 1182 3727 1308 1181 3728 1310 1110 3729 1309 1181 3730 1310 1111 3731 1311 1111 3732 1311 1181 3733 1310 1180 3734 1312 1111 3735 1311 1180 3736 1312 1112 3737 1313 1112 3738 1313 1180 3739 1312 1179 3740 1314 1112 3741 1313 1179 3742 1314 1113 3743 1315 1113 3744 1315 1179 3745 1314 1178 3746 1316 1113 3747 1315 1178 3748 1316 1114 3749 1317 1114 3750 1317 1178 3751 1316 1177 3752 1318 1114 3753 1317 1177 3754 1318 1115 3755 1319 1115 3756 1319 1177 3757 1318 1176 3758 1320 1115 3759 1319 1176 3760 1320 1116 3761 1321 1116 3762 1321 1176 3763 1320 1175 3764 1322 1116 3765 1321 1175 3766 1322 1117 3767 1323 1117 3768 1323 1175 3769 1322 1174 3770 1324 1117 3771 1323 1174 3772 1324 1118 3773 1325 1118 3774 1325 1174 3775 1324 1173 3776 1326 1118 3777 1325 1173 3778 1326 1119 3779 1327 1119 3780 1327 1173 3781 1326 1172 3782 1328 1185 3783 1329 1186 3784 1330 1206 3785 1331 1206 3786 1331 1186 3787 1330 1187 3788 1332 1206 3789 1331 1187 3790 1332 964 3791 1333 964 3792 1333 1187 3793 1332 1081 3794 1334 1081 3795 1334 1187 3796 1332 1188 3797 1335 1081 3798 1334 1188 3799 1335 1082 3800 1336 1082 3801 1336 1188 3802 1335 1189 3803 1337 1082 3804 1336 1189 3805 1337 1083 3806 1338 1083 3807 1338 1189 3808 1337 1190 3809 1339 1083 3810 1338 1190 3811 1339 1084 3812 1340 1084 3813 1340 1190 3814 1339 1085 3815 1341 1085 3816 1341 1190 3817 1339 1191 3818 1342 1085 3819 1341 1191 3820 1342 1086 3821 1343 1086 3822 1343 1191 3823 1342 1192 3824 1344 1086 3825 1343 1192 3826 1344 1087 3827 1345 1087 3828 1345 1192 3829 1344 1088 3830 1346 1088 3831 1346 1192 3832 1344 1193 3833 1347 1088 3834 1346 1193 3835 1347 1089 3836 1348 1089 3837 1348 1193 3838 1347 1090 3839 1349 1090 3840 1349 1193 3841 1347 1194 3842 1350 1090 3843 1349 1194 3844 1350 1091 3845 1351 1091 3846 1351 1194 3847 1350 1195 3848 1352 1091 3849 1351 1195 3850 1352 1092 3851 1353 1092 3852 1353 1195 3853 1352 1196 3854 1354 1092 3855 1353 1196 3856 1354 951 3857 1355 951 3858 1355 1196 3859 1354 1200 3860 1356 951 3861 1355 1200 3862 1356 1201 3863 1357 1196 3864 1354 1197 3865 1358 1200 3866 1356 1200 3867 1356 1197 3868 1358 1199 3869 1359 1199 3870 1359 1197 3871 1358 1198 3872 1360 1199 3873 1359 1198 3874 1360 828 3875 1361 951 3876 1355 1201 3877 1357 952 3878 1362 952 3879 1362 1201 3880 1357 1202 3881 1363 952 3882 1362 1202 3883 1363 953 3884 1364 953 3885 1364 1202 3886 1363 954 3887 1365 954 3888 1365 1202 3889 1363 1203 3890 1366 954 3891 1365 1203 3892 1366 955 3893 1367 955 3894 1367 1203 3895 1366 1204 3896 1368 955 3897 1367 1204 3898 1368 956 3899 1369 956 3900 1369 1204 3901 1368 957 3902 1370 957 3903 1370 1204 3904 1368 1205 3905 1371 957 3906 1370 1205 3907 1371 958 3908 1372 958 3909 1372 1205 3910 1371 959 3911 1373 959 3912 1373 1205 3913 1371 960 3914 1374 960 3915 1374 1205 3916 1371 1206 3917 1331 960 3918 1374 1206 3919 1331 961 3920 1375 961 3921 1375 1206 3922 1331 962 3923 1376 962 3924 1376 1206 3925 1331 963 3926 1377 963 3927 1377 1206 3928 1331 964 3929 1333 827 3930 1378 1126 3931 1379 1226 3932 1380 1226 3933 1380 1126 3934 1379 1207 3935 1381 1226 3936 1380 1207 3937 1381 1225 3938 1382 1225 3939 1382 1207 3940 1381 1208 3941 1383 1225 3942 1382 1208 3943 1383 992 3944 1384 992 3945 1384 1208 3946 1383 1057 3947 1385 1057 3948 1385 1208 3949 1383 1209 3950 1386 1057 3951 1385 1209 3952 1386 1058 3953 1387 1058 3954 1387 1209 3955 1386 1210 3956 1388 1058 3957 1387 1210 3958 1388 1059 3959 1389 1059 3960 1389 1210 3961 1388 1211 3962 1390 1059 3963 1389 1211 3964 1390 1060 3965 1391 1060 3966 1391 1211 3967 1390 1061 3968 1392 1061 3969 1392 1211 3970 1390 1212 3971 1393 1061 3972 1392 1212 3973 1393 1062 3974 1394 1062 3975 1394 1212 3976 1393 1213 3977 1395 1062 3978 1394 1213 3979 1395 1063 3980 1396 1063 3981 1396 1213 3982 1395 1064 3983 1397 1064 3984 1397 1213 3985 1395 1214 3986 1398 1064 3987 1397 1214 3988 1398 1065 3989 1399 1065 3990 1399 1214 3991 1398 1066 3992 1400 1066 3993 1400 1214 3994 1398 1215 3995 1401 1066 3996 1400 1215 3997 1401 1067 3998 1402 1067 3999 1402 1215 4000 1401 1216 4001 1403 1067 4002 1402 1216 4003 1403 1068 4004 1404 1068 4005 1404 1216 4006 1403 1217 4007 1405 1068 4008 1404 1217 4009 1405 979 4010 1406 979 4011 1406 1217 4012 1405 1219 4013 1407 979 4014 1406 1219 4015 1407 980 4016 1408 980 4017 1408 1219 4018 1407 981 4019 1409 981 4020 1409 1219 4021 1407 982 4022 1410 982 4023 1410 1219 4024 1407 983 4025 1411 983 4026 1411 1219 4027 1407 1220 4028 1412 983 4029 1411 1220 4030 1412 984 4031 1413 984 4032 1413 1220 4033 1412 985 4034 1414 985 4035 1414 1220 4036 1412 986 4037 1415 986 4038 1415 1220 4039 1412 1221 4040 1416 986 4041 1415 1221 4042 1416 987 4043 1417 987 4044 1417 1221 4045 1416 988 4046 1418 988 4047 1418 1221 4048 1416 1222 4049 1419 988 4050 1418 1222 4051 1419 989 4052 1420 989 4053 1420 1222 4054 1419 1223 4055 1421 989 4056 1420 1223 4057 1421 990 4058 1422 990 4059 1422 1223 4060 1421 991 4061 1423 991 4062 1423 1223 4063 1421 1224 4064 1424 991 4065 1423 1224 4066 1424 992 4067 1384 992 4068 1384 1224 4069 1424 1225 4070 1382 1217 4071 1405 1218 4072 1425 1219 4073 1407 1219 4074 1407 1218 4075 1425 1139 4076 1426 843 4077 1427 1243 4078 1428 1219 4079 1429 1219 4080 1429 1243 4081 1428 1244 4082 1430 1219 4083 1429 1244 4084 1430 1245 4085 1431 842 4086 1432 715 4087 1433 843 4088 1427 843 4089 1427 715 4090 1433 714 4091 1434 843 4092 1427 714 4093 1434 1241 4094 1435 715 4095 1433 842 4096 1432 716 4097 1436 716 4098 1436 842 4099 1432 841 4100 1437 716 4101 1436 841 4102 1437 717 4103 1438 717 4104 1438 841 4105 1437 904 4106 1439 717 4107 1438 904 4108 1439 718 4109 1440 718 4110 1440 904 4111 1439 719 4112 1441 719 4113 1441 904 4114 1439 720 4115 1442 720 4116 1442 904 4117 1439 1229 4118 1443 720 4119 1442 1229 4120 1443 1230 4121 1444 904 4122 1439 841 4123 1437 857 4124 1445 857 4125 1445 841 4126 1437 840 4127 1446 857 4128 1445 840 4129 1446 839 4130 1447 839 4131 1447 838 4132 1448 857 4133 1445 857 4134 1445 838 4135 1448 837 4136 1449 857 4137 1445 837 4138 1449 836 4139 1450 904 4140 1439 1227 4141 1451 1229 4142 1443 1229 4143 1443 1227 4144 1451 1228 4145 1452 720 4146 1442 1230 4147 1444 721 4148 1453 721 4149 1453 1230 4150 1444 1231 4151 1454 721 4152 1453 1231 4153 1454 722 4154 1455 722 4155 1455 1231 4156 1454 723 4157 1456 723 4158 1456 1231 4159 1454 1232 4160 1457 723 4161 1456 1232 4162 1457 724 4163 1458 724 4164 1458 1232 4165 1457 725 4166 1459 725 4167 1459 1232 4168 1457 1233 4169 1460 725 4170 1459 1233 4171 1460 726 4172 1461 726 4173 1461 1233 4174 1460 727 4175 1462 727 4176 1462 1233 4177 1460 1234 4178 1463 727 4179 1462 1234 4180 1463 1252 4181 1464 1252 4182 1464 1234 4183 1463 1251 4184 1465 1251 4185 1465 1234 4186 1463 1235 4187 1466 1251 4188 1465 1235 4189 1466 1250 4190 1467 1250 4191 1467 1235 4192 1466 1249 4193 1468 1249 4194 1468 1235 4195 1466 1236 4196 1469 1249 4197 1468 1236 4198 1469 1248 4199 1470 1248 4200 1470 1236 4201 1469 1247 4202 1471 1247 4203 1471 1236 4204 1469 1237 4205 1472 1247 4206 1471 1237 4207 1472 1246 4208 1473 1246 4209 1473 1237 4210 1472 1238 4211 1474 1246 4212 1473 1238 4213 1474 1240 4214 1475 1240 4215 1475 1238 4216 1474 1239 4217 1476 1246 4218 1473 1240 4219 1475 1245 4220 1431 1245 4221 1431 1240 4222 1475 1219 4223 1429 1241 4224 1435 1242 4225 1477 843 4226 1427 843 4227 1427 1242 4228 1477 1243 4229 1428 918 4230 1478 917 4231 1479 1276 4232 1480 1276 4233 1480 917 4234 1479 1253 4235 1481 1276 4236 1480 1253 4237 1481 1275 4238 1482 1275 4239 1482 1253 4240 1481 1254 4241 1483 1275 4242 1482 1254 4243 1483 783 4244 1484 783 4245 1484 1254 4246 1483 1295 4247 1485 1295 4248 1485 1254 4249 1483 1294 4250 1486 1294 4251 1486 1254 4252 1483 1255 4253 1487 1294 4254 1486 1255 4255 1487 1293 4256 1488 1293 4257 1488 1255 4258 1487 1292 4259 1489 1292 4260 1489 1255 4261 1487 1256 4262 1490 1292 4263 1489 1256 4264 1490 1291 4265 1491 1291 4266 1491 1256 4267 1490 1290 4268 1492 1290 4269 1492 1256 4270 1490 1257 4271 1493 1290 4272 1492 1257 4273 1493 1289 4274 1494 1289 4275 1494 1257 4276 1493 1288 4277 1495 1288 4278 1495 1257 4279 1493 1258 4280 1496 1288 4281 1495 1258 4282 1496 1287 4283 1497 1287 4284 1497 1258 4285 1496 1286 4286 1498 1286 4287 1498 1258 4288 1496 1259 4289 1499 1286 4290 1498 1259 4291 1499 1285 4292 1500 1285 4293 1500 1259 4294 1499 1284 4295 1501 1284 4296 1501 1259 4297 1499 1260 4298 1502 1284 4299 1501 1260 4300 1502 1283 4301 1503 1283 4302 1503 1260 4303 1502 1282 4304 1504 1282 4305 1504 1260 4306 1502 1261 4307 1505 1282 4308 1504 1261 4309 1505 1281 4310 1506 1281 4311 1506 1261 4312 1505 1280 4313 1507 1280 4314 1507 1261 4315 1505 1262 4316 1508 1280 4317 1507 1262 4318 1508 1279 4319 1509 1279 4320 1509 1262 4321 1508 1278 4322 1510 1278 4323 1510 1262 4324 1508 1277 4325 1511 1277 4326 1511 1262 4327 1508 1263 4328 1512 1277 4329 1511 1263 4330 1512 763 4331 1513 763 4332 1513 1263 4333 1512 1266 4334 1514 763 4335 1513 1266 4336 1514 764 4337 1515 764 4338 1515 1266 4339 1514 1267 4340 1516 764 4341 1515 1267 4342 1516 765 4343 1517 765 4344 1517 1267 4345 1516 766 4346 1518 766 4347 1518 1267 4348 1516 767 4349 1519 767 4350 1519 1267 4351 1516 1268 4352 1520 767 4353 1519 1268 4354 1520 768 4355 1521 768 4356 1521 1268 4357 1520 769 4358 1522 769 4359 1522 1268 4360 1520 1269 4361 1523 769 4362 1522 1269 4363 1523 770 4364 1524 770 4365 1524 1269 4366 1523 771 4367 1525 771 4368 1525 1269 4369 1523 1270 4370 1526 771 4371 1525 1270 4372 1526 772 4373 1527 772 4374 1527 1270 4375 1526 773 4376 1528 773 4377 1528 1270 4378 1526 1271 4379 1529 773 4380 1528 1271 4381 1529 774 4382 1530 774 4383 1530 1271 4384 1529 775 4385 1531 775 4386 1531 1271 4387 1529 1272 4388 1532 775 4389 1531 1272 4390 1532 776 4391 1533 776 4392 1533 1272 4393 1532 777 4394 1534 777 4395 1534 1272 4396 1532 1273 4397 1535 777 4398 1534 1273 4399 1535 778 4400 1536 778 4401 1536 1273 4402 1535 779 4403 1537 779 4404 1537 1273 4405 1535 1274 4406 1538 779 4407 1537 1274 4408 1538 780 4409 1539 780 4410 1539 1274 4411 1538 781 4412 1540 781 4413 1540 1274 4414 1538 1275 4415 1482 781 4416 1540 1275 4417 1482 782 4418 1541 782 4419 1541 1275 4420 1482 783 4421 1484 1266 4422 1514 1263 4423 1512 1265 4424 1542 1265 4425 1542 1263 4426 1512 1264 4427 1543 1265 4428 1542 1264 4429 1543 931 4430 1544 931 4431 1544 1264 4432 1543 904 4433 1545 871 4434 1546 870 4435 1547 1319 4436 1548 1319 4437 1548 870 4438 1547 1296 4439 1549 1319 4440 1548 1296 4441 1549 1318 4442 1550 1318 4443 1550 1296 4444 1549 1297 4445 1551 1318 4446 1550 1297 4447 1551 825 4448 1552 825 4449 1552 1297 4450 1551 1338 4451 1553 1338 4452 1553 1297 4453 1551 1337 4454 1554 1337 4455 1554 1297 4456 1551 1298 4457 1555 1337 4458 1554 1298 4459 1555 1336 4460 1556 1336 4461 1556 1298 4462 1555 1335 4463 1557 1335 4464 1557 1298 4465 1555 1299 4466 1558 1335 4467 1557 1299 4468 1558 1334 4469 1559 1334 4470 1559 1299 4471 1558 1333 4472 1560 1333 4473 1560 1299 4474 1558 1300 4475 1561 1333 4476 1560 1300 4477 1561 1332 4478 1562 1332 4479 1562 1300 4480 1561 1331 4481 1563 1331 4482 1563 1300 4483 1561 1301 4484 1564 1331 4485 1563 1301 4486 1564 1330 4487 1565 1330 4488 1565 1301 4489 1564 1329 4490 1566 1329 4491 1566 1301 4492 1564 1302 4493 1567 1329 4494 1566 1302 4495 1567 1328 4496 1568 1328 4497 1568 1302 4498 1567 1327 4499 1569 1327 4500 1569 1302 4501 1567 1303 4502 1570 1327 4503 1569 1303 4504 1570 1326 4505 1571 1326 4506 1571 1303 4507 1570 1325 4508 1572 1325 4509 1572 1303 4510 1570 1304 4511 1573 1325 4512 1572 1304 4513 1573 1324 4514 1574 1324 4515 1574 1304 4516 1573 1323 4517 1575 1323 4518 1575 1304 4519 1573 1305 4520 1576 1323 4521 1575 1305 4522 1576 1322 4523 1577 1322 4524 1577 1305 4525 1576 1321 4526 1578 1321 4527 1578 1305 4528 1576 1320 4529 1579 1320 4530 1579 1305 4531 1576 1306 4532 1580 1320 4533 1579 1306 4534 1580 805 4535 1581 805 4536 1581 1306 4537 1580 1309 4538 1582 805 4539 1581 1309 4540 1582 806 4541 1583 806 4542 1583 1309 4543 1582 1310 4544 1584 806 4545 1583 1310 4546 1584 807 4547 1585 807 4548 1585 1310 4549 1584 808 4550 1586 808 4551 1586 1310 4552 1584 809 4553 1587 809 4554 1587 1310 4555 1584 1311 4556 1588 809 4557 1587 1311 4558 1588 810 4559 1589 810 4560 1589 1311 4561 1588 811 4562 1590 811 4563 1590 1311 4564 1588 1312 4565 1591 811 4566 1590 1312 4567 1591 812 4568 1592 812 4569 1592 1312 4570 1591 813 4571 1593 813 4572 1593 1312 4573 1591 1313 4574 1594 813 4575 1593 1313 4576 1594 814 4577 1595 814 4578 1595 1313 4579 1594 815 4580 1596 815 4581 1596 1313 4582 1594 1314 4583 1597 815 4584 1596 1314 4585 1597 816 4586 1598 816 4587 1598 1314 4588 1597 817 4589 1599 817 4590 1599 1314 4591 1597 1315 4592 1600 817 4593 1599 1315 4594 1600 818 4595 1601 818 4596 1601 1315 4597 1600 819 4598 1602 819 4599 1602 1315 4600 1600 1316 4601 1603 819 4602 1602 1316 4603 1603 820 4604 1604 820 4605 1604 1316 4606 1603 821 4607 1605 821 4608 1605 1316 4609 1603 1317 4610 1606 821 4611 1605 1317 4612 1606 822 4613 1607 822 4614 1607 1317 4615 1606 823 4616 1608 823 4617 1608 1317 4618 1606 1318 4619 1550 823 4620 1608 1318 4621 1550 824 4622 1609 824 4623 1609 1318 4624 1550 825 4625 1552 1309 4626 1582 1306 4627 1580 1308 4628 1610 1308 4629 1610 1306 4630 1580 1307 4631 1611 1308 4632 1610 1307 4633 1611 884 4634 1612 884 4635 1612 1307 4636 1611 857 4637 1613 871 4638 1614 1319 4639 1615 918 4640 1616 918 4641 1616 1319 4642 1615 919 4643 1617 919 4644 1617 1319 4645 1615 1318 4646 1618 919 4647 1617 1318 4648 1618 920 4649 1619 920 4650 1619 1318 4651 1618 1317 4652 1620 920 4653 1619 1317 4654 1620 921 4655 1621 921 4656 1621 1317 4657 1620 1316 4658 1622 921 4659 1621 1316 4660 1622 922 4661 1623 922 4662 1623 1316 4663 1622 1315 4664 1624 922 4665 1623 1315 4666 1624 923 4667 1625 923 4668 1625 1315 4669 1624 1314 4670 1626 923 4671 1625 1314 4672 1626 924 4673 1627 924 4674 1627 1314 4675 1626 1313 4676 1628 924 4677 1627 1313 4678 1628 925 4679 1629 925 4680 1629 1313 4681 1628 926 4682 1630 926 4683 1630 1313 4684 1628 1312 4685 1631 926 4686 1630 1312 4687 1631 927 4688 1632 927 4689 1632 1312 4690 1631 1311 4691 1633 927 4692 1632 1311 4693 1633 928 4694 1634 928 4695 1634 1311 4696 1633 1310 4697 1635 928 4698 1634 1310 4699 1635 929 4700 1636 929 4701 1636 1310 4702 1635 1309 4703 1637 929 4704 1636 1309 4705 1637 930 4706 1638 930 4707 1638 1309 4708 1637 1308 4709 1639 930 4710 1638 1308 4711 1639 931 4712 1640 931 4713 1640 1308 4714 1639 884 4715 1641 857 4716 1642 1307 4717 1643 904 4718 1644 904 4719 1644 1307 4720 1643 905 4721 1645 905 4722 1645 1307 4723 1643 1306 4724 1646 905 4725 1645 1306 4726 1646 906 4727 1647 906 4728 1647 1306 4729 1646 1305 4730 1648 906 4731 1647 1305 4732 1648 907 4733 1649 907 4734 1649 1305 4735 1648 1304 4736 1650 907 4737 1649 1304 4738 1650 908 4739 1651 908 4740 1651 1304 4741 1650 1303 4742 1652 908 4743 1651 1303 4744 1652 909 4745 1653 909 4746 1653 1303 4747 1652 1302 4748 1654 909 4749 1653 1302 4750 1654 910 4751 1655 910 4752 1655 1302 4753 1654 1301 4754 1656 910 4755 1655 1301 4756 1656 911 4757 1657 911 4758 1657 1301 4759 1656 912 4760 1658 912 4761 1658 1301 4762 1656 1300 4763 1659 912 4764 1658 1300 4765 1659 913 4766 1660 913 4767 1660 1300 4768 1659 1299 4769 1661 913 4770 1660 1299 4771 1661 914 4772 1662 914 4773 1662 1299 4774 1661 1298 4775 1663 914 4776 1662 1298 4777 1663 915 4778 1664 915 4779 1664 1298 4780 1663 1297 4781 1665 915 4782 1664 1297 4783 1665 916 4784 1666 916 4785 1666 1297 4786 1665 1296 4787 1667 916 4788 1666 1296 4789 1667 917 4790 1668 917 4791 1668 1296 4792 1667 870 4793 1669 918 4794 1670 1276 4795 1671 1340 4796 1672 1340 4797 1672 1276 4798 1671 1275 4799 1673 1340 4800 1672 1275 4801 1673 1274 4802 1674 1274 4803 1674 1273 4804 1675 1340 4805 1672 1340 4806 1672 1273 4807 1675 1272 4808 1676 1340 4809 1672 1272 4810 1676 1271 4811 1677 1271 4812 1677 1270 4813 1678 1340 4814 1672 1340 4815 1672 1270 4816 1678 1339 4817 1679 1339 4818 1679 1270 4819 1678 1269 4820 1680 1339 4821 1679 1269 4822 1680 1268 4823 1681 1268 4824 1681 1267 4825 1682 1339 4826 1679 1339 4827 1679 1267 4828 1682 1266 4829 1683 1339 4830 1679 1266 4831 1683 1265 4832 1684 1265 4833 1684 931 4834 1685 1339 4835 1679 904 4836 1686 1264 4837 1687 1227 4838 1688 1227 4839 1688 1264 4840 1687 1263 4841 1689 1227 4842 1688 1263 4843 1689 1262 4844 1690 1262 4845 1690 1261 4846 1691 1227 4847 1688 1227 4848 1688 1261 4849 1691 1260 4850 1692 1227 4851 1688 1260 4852 1692 1259 4853 1693 1259 4854 1693 1258 4855 1694 1227 4856 1688 1227 4857 1688 1258 4858 1694 1341 4859 1695 1341 4860 1695 1258 4861 1694 1257 4862 1696 1341 4863 1695 1257 4864 1696 1256 4865 1697 1256 4866 1697 1255 4867 1698 1341 4868 1695 1341 4869 1695 1255 4870 1698 1254 4871 1699 1341 4872 1695 1254 4873 1699 1253 4874 1700 1253 4875 1700 917 4876 1701 1341 4877 1695 1007 4878 1702 1198 4879 1703 1008 4880 1704 1008 4881 1704 1198 4882 1703 1342 4883 1705 1008 4884 1704 1342 4885 1705 1009 4886 1706 1009 4887 1706 1342 4888 1705 1343 4889 1707 1009 4890 1706 1343 4891 1707 1010 4892 1708 1010 4893 1708 1343 4894 1707 1344 4895 1709 1010 4896 1708 1344 4897 1709 1011 4898 1710 1011 4899 1710 1344 4900 1709 1345 4901 1711 1011 4902 1710 1345 4903 1711 1012 4904 1712 1012 4905 1712 1345 4906 1711 1346 4907 1713 1012 4908 1712 1346 4909 1713 1013 4910 1714 1013 4911 1714 1346 4912 1713 1347 4913 1715 1013 4914 1714 1347 4915 1715 1014 4916 1716 1014 4917 1716 1347 4918 1715 1348 4919 1717 1014 4920 1716 1348 4921 1717 1015 4922 1718 1015 4923 1718 1348 4924 1717 1349 4925 1719 1015 4926 1718 1349 4927 1719 1016 4928 1720 1016 4929 1720 1349 4930 1719 1350 4931 1721 1016 4932 1720 1350 4933 1721 1017 4934 1722 1017 4935 1722 1350 4936 1721 1351 4937 1723 1017 4938 1722 1351 4939 1723 1018 4940 1724 1018 4941 1724 1351 4942 1723 1352 4943 1725 1018 4944 1724 1352 4945 1725 1019 4946 1726 1019 4947 1726 1352 4948 1725 1353 4949 1727 1019 4950 1726 1353 4951 1727 1020 4952 1728 1020 4953 1728 1353 4954 1727 1185 4955 1729 1355 4956 1730 116 4957 1731 1354 4958 1732 1354 4959 1732 116 4960 1731 1020 4961 1733 1354 4962 1732 1020 4963 1733 1206 4964 1734 1206 4965 1734 1020 4966 1733 1185 4967 1735 1356 4968 1736 1357 4969 1737 1355 4970 1730 1355 4971 1730 1357 4972 1737 1358 4973 1738 1355 4974 1730 1358 4975 1738 116 4976 1731 1206 4977 1734 1359 4978 1739 1354 4979 1732 1357 4980 1740 1360 4981 1741 1358 4982 1742 1358 4983 1742 1360 4984 1741 1402 4985 1743 1402 4986 1743 1360 4987 1741 1361 4988 1744 1402 4989 1743 1361 4990 1744 1401 4991 1745 1401 4992 1745 1361 4993 1744 1362 4994 1746 1401 4995 1745 1362 4996 1746 1400 4997 1747 1400 4998 1747 1362 4999 1746 1363 5000 1748 1400 5001 1747 1363 5002 1748 1399 5003 1749 1399 5004 1749 1363 5005 1748 1364 5006 1750 1399 5007 1749 1364 5008 1750 1398 5009 1751 1398 5010 1751 1364 5011 1750 1365 5012 1752 1398 5013 1751 1365 5014 1752 1397 5015 1753 1397 5016 1753 1365 5017 1752 1366 5018 1754 1397 5019 1753 1366 5020 1754 1396 5021 1755 1396 5022 1755 1366 5023 1754 1367 5024 1756 1396 5025 1755 1367 5026 1756 1368 5027 1757 1396 5028 1755 1368 5029 1757 1395 5030 1758 1395 5031 1758 1368 5032 1757 1369 5033 1759 1395 5034 1758 1369 5035 1759 1394 5036 1760 1394 5037 1760 1369 5038 1759 1370 5039 1761 1394 5040 1760 1370 5041 1761 1393 5042 1762 1393 5043 1762 1370 5044 1761 1371 5045 1763 1393 5046 1762 1371 5047 1763 1392 5048 1764 1392 5049 1764 1371 5050 1763 1372 5051 1765 1392 5052 1764 1372 5053 1765 1391 5054 1766 1391 5055 1766 1372 5056 1765 1373 5057 1767 1391 5058 1766 1373 5059 1767 1390 5060 1768 1390 5061 1768 1373 5062 1767 1389 5063 1769 1389 5064 1769 1373 5065 1767 1388 5066 1770 1388 5067 1770 1373 5068 1767 1374 5069 1771 1388 5070 1770 1374 5071 1771 1387 5072 1772 1387 5073 1772 1374 5074 1771 1375 5075 1773 1387 5076 1772 1375 5077 1773 1386 5078 1774 1386 5079 1774 1375 5080 1773 1376 5081 1775 1386 5082 1774 1376 5083 1775 1385 5084 1776 1385 5085 1776 1376 5086 1775 1377 5087 1777 1385 5088 1776 1377 5089 1777 1384 5090 1778 1384 5091 1778 1377 5092 1777 1378 5093 1779 1384 5094 1778 1378 5095 1779 1383 5096 1780 1383 5097 1780 1378 5098 1779 1379 5099 1781 1383 5100 1780 1379 5101 1781 1382 5102 1782 1382 5103 1782 1379 5104 1781 1380 5105 1783 1382 5106 1782 1380 5107 1783 1381 5108 1784 1390 5109 1785 1389 5110 1786 103 5111 1787 103 5112 1787 1389 5113 1786 1403 5114 1788 103 5115 1787 1403 5116 1788 1007 5117 1789 1007 5118 1789 1403 5119 1788 1198 5120 1790 1198 5121 1790 1403 5122 1788 828 5123 1791 103 5124 1792 1404 5125 1793 1390 5126 1794 1390 5127 1794 1404 5128 1793 1405 5129 1795 1390 5130 1794 1405 5131 1795 1426 5132 1796 1426 5133 1796 1405 5134 1795 1406 5135 1797 1426 5136 1796 1406 5137 1797 1425 5138 1798 1425 5139 1798 1406 5140 1797 1407 5141 1799 1425 5142 1798 1407 5143 1799 1424 5144 1800 1424 5145 1800 1407 5146 1799 1408 5147 1801 1424 5148 1800 1408 5149 1801 1423 5150 1802 1423 5151 1802 1408 5152 1801 1409 5153 1803 1423 5154 1802 1409 5155 1803 1422 5156 1804 1422 5157 1804 1409 5158 1803 1410 5159 1805 1422 5160 1804 1410 5161 1805 1421 5162 1806 1421 5163 1806 1410 5164 1805 1420 5165 1807 1420 5166 1807 1410 5167 1805 1411 5168 1808 1420 5169 1807 1411 5170 1808 1419 5171 1809 1419 5172 1809 1411 5173 1808 1412 5174 1810 1419 5175 1809 1412 5176 1810 1418 5177 1811 1418 5178 1811 1412 5179 1810 1413 5180 1812 1418 5181 1811 1413 5182 1812 1417 5183 1813 1417 5184 1813 1413 5185 1812 1414 5186 1814 1417 5187 1813 1414 5188 1814 1358 5189 1815 1358 5190 1815 1414 5191 1814 1415 5192 1816 1358 5193 1815 1415 5194 1816 116 5195 1817 1402 5196 1818 672 5197 1819 1358 5198 1815 1358 5199 1815 672 5200 1819 1416 5201 1820 1358 5202 1815 1416 5203 1820 1417 5204 1813 672 5205 1819 1402 5206 1818 673 5207 1821 673 5208 1821 1402 5209 1818 1401 5210 1822 673 5211 1821 1401 5212 1822 674 5213 1823 674 5214 1823 1401 5215 1822 1400 5216 1824 674 5217 1823 1400 5218 1824 675 5219 1825 675 5220 1825 1400 5221 1824 1399 5222 1826 675 5223 1825 1399 5224 1826 676 5225 1827 676 5226 1827 1399 5227 1826 1398 5228 1828 676 5229 1827 1398 5230 1828 677 5231 1829 677 5232 1829 1398 5233 1828 1397 5234 1830 677 5235 1829 1397 5236 1830 678 5237 1831 678 5238 1831 1397 5239 1830 1396 5240 1832 678 5241 1831 1396 5242 1832 679 5243 1833 679 5244 1833 1396 5245 1832 680 5246 1834 680 5247 1834 1396 5248 1832 1395 5249 1835 680 5250 1834 1395 5251 1835 681 5252 1836 681 5253 1836 1395 5254 1835 1394 5255 1837 681 5256 1836 1394 5257 1837 682 5258 1838 682 5259 1838 1394 5260 1837 1393 5261 1839 682 5262 1838 1393 5263 1839 683 5264 1840 683 5265 1840 1393 5266 1839 1392 5267 1841 683 5268 1840 1392 5269 1841 684 5270 1842 684 5271 1842 1392 5272 1841 1391 5273 1843 684 5274 1842 1391 5275 1843 685 5276 1844 685 5277 1844 1391 5278 1843 1390 5279 1794 685 5280 1844 1390 5281 1794 1427 5282 1845 1427 5283 1845 1390 5284 1794 1426 5285 1796 1428 5286 1846 1429 5287 1847 1366 5288 1848 1366 5289 1848 1429 5290 1847 1367 5291 1849 1429 5292 1850 1428 5293 1851 1453 5294 1852 1453 5295 1852 1428 5296 1851 1430 5297 1853 1453 5298 1852 1430 5299 1853 1452 5300 1854 1452 5301 1854 1430 5302 1853 1431 5303 1855 1452 5304 1854 1431 5305 1855 1451 5306 1856 1451 5307 1856 1431 5308 1855 1432 5309 1857 1451 5310 1856 1432 5311 1857 1450 5312 1858 1450 5313 1858 1432 5314 1857 1433 5315 1859 1450 5316 1858 1433 5317 1859 1449 5318 1860 1449 5319 1860 1433 5320 1859 1434 5321 1861 1449 5322 1860 1434 5323 1861 1448 5324 1862 1448 5325 1862 1434 5326 1861 1435 5327 1863 1448 5328 1862 1435 5329 1863 1447 5330 1864 1447 5331 1864 1435 5332 1863 1436 5333 1865 1447 5334 1864 1436 5335 1865 1446 5336 1866 1446 5337 1866 1436 5338 1865 1437 5339 1867 1446 5340 1866 1437 5341 1867 1445 5342 1868 1445 5343 1868 1437 5344 1867 1438 5345 1869 1445 5346 1868 1438 5347 1869 1444 5348 1870 1444 5349 1870 1438 5350 1869 1439 5351 1871 1444 5352 1870 1439 5353 1871 1443 5354 1872 1443 5355 1872 1439 5356 1871 1440 5357 1873 1443 5358 1872 1440 5359 1873 1442 5360 1874 1442 5361 1874 1440 5362 1873 1441 5363 1875 1442 5364 1874 1441 5365 1875 1339 5366 1876 1339 5367 1876 1441 5368 1875 1340 5369 1877 884 5370 1878 883 5371 1879 1380 5372 1880 1380 5373 1880 883 5374 1879 882 5375 1881 1380 5376 1880 882 5377 1881 881 5378 1882 881 5379 1882 880 5380 1883 1380 5381 1880 1380 5382 1880 880 5383 1883 879 5384 1884 1380 5385 1880 879 5386 1884 878 5387 1885 1380 5388 1880 878 5389 1885 1381 5390 1886 1381 5391 1886 878 5392 1885 877 5393 1887 1381 5394 1886 877 5395 1887 876 5396 1888 1381 5397 1886 876 5398 1888 1356 5399 1889 1356 5400 1889 876 5401 1888 875 5402 1890 1356 5403 1889 875 5404 1890 874 5405 1891 874 5406 1891 873 5407 1892 1356 5408 1889 1356 5409 1889 873 5410 1892 872 5411 1893 1356 5412 1889 872 5413 1893 871 5414 1894 1356 5415 1889 1355 5416 1895 1381 5417 1886 1381 5418 1886 1355 5419 1895 1454 5420 1896 1379 5421 1897 1378 5422 1898 1380 5423 1899 1380 5424 1899 1378 5425 1898 884 5426 1900 884 5427 1900 1378 5428 1898 1377 5429 1901 884 5430 1900 1377 5431 1901 1376 5432 1902 1376 5433 1902 1375 5434 1903 884 5435 1900 884 5436 1900 1375 5437 1903 1455 5438 1904 884 5439 1900 1455 5440 1904 1456 5441 1905 1375 5442 1903 1374 5443 1906 1455 5444 1904 1455 5445 1904 1374 5446 1906 686 5447 1907 686 5448 1907 1374 5449 1906 1373 5450 1908 686 5451 1907 1373 5452 1908 687 5453 1909 687 5454 1909 1373 5455 1908 1372 5456 1910 687 5457 1909 1372 5458 1910 688 5459 1911 688 5460 1911 1372 5461 1910 1371 5462 1912 688 5463 1911 1371 5464 1912 689 5465 1913 689 5466 1913 1371 5467 1912 1370 5468 1914 689 5469 1913 1370 5470 1914 1367 5471 1915 1367 5472 1915 1370 5473 1914 1369 5474 1916 1367 5475 1915 1369 5476 1916 1368 5477 1917 1429 5478 1918 691 5479 1919 1367 5480 1915 1367 5481 1915 691 5482 1919 690 5483 1920 1367 5484 1915 690 5485 1920 689 5486 1913 1453 5487 1921 1452 5488 1922 1429 5489 1918 1429 5490 1918 1452 5491 1922 692 5492 1923 1429 5493 1918 692 5494 1923 691 5495 1919 1452 5496 1922 1451 5497 1924 692 5498 1923 692 5499 1923 1451 5500 1924 693 5501 1925 693 5502 1925 1451 5503 1924 1450 5504 1926 693 5505 1925 1450 5506 1926 694 5507 1927 694 5508 1927 1450 5509 1926 695 5510 1928 695 5511 1928 1450 5512 1926 1449 5513 1929 695 5514 1928 1449 5515 1929 696 5516 1930 696 5517 1930 1449 5518 1929 697 5519 1931 697 5520 1931 1449 5521 1929 1448 5522 1932 697 5523 1931 1448 5524 1932 698 5525 1933 698 5526 1933 1448 5527 1932 699 5528 1934 699 5529 1934 1448 5530 1932 1447 5531 1935 699 5532 1934 1447 5533 1935 1466 5534 1936 1466 5535 1936 1447 5536 1935 1465 5537 1937 1465 5538 1937 1447 5539 1935 1446 5540 1938 1465 5541 1937 1446 5542 1938 1464 5543 1939 1464 5544 1939 1446 5545 1938 1463 5546 1940 1463 5547 1940 1446 5548 1938 1445 5549 1941 1463 5550 1940 1445 5551 1941 1462 5552 1942 1462 5553 1942 1445 5554 1941 1461 5555 1943 1461 5556 1943 1445 5557 1941 1444 5558 1944 1461 5559 1943 1444 5560 1944 1460 5561 1945 1460 5562 1945 1444 5563 1944 931 5564 1946 1460 5565 1945 931 5566 1946 1459 5567 1947 1459 5568 1947 931 5569 1946 1458 5570 1948 1458 5571 1948 931 5572 1946 1457 5573 1949 1457 5574 1949 931 5575 1946 884 5576 1900 1457 5577 1949 884 5578 1900 1456 5579 1905 1444 5580 1944 1443 5581 1950 931 5582 1946 931 5583 1946 1443 5584 1950 1339 5585 1951 1339 5586 1951 1443 5587 1950 1442 5588 1952 1365 5589 1953 1483 5590 1954 1366 5591 1955 1366 5592 1955 1483 5593 1954 1484 5594 1956 1366 5595 1955 1484 5596 1956 1428 5597 1957 1428 5598 1957 1484 5599 1956 1479 5600 1958 1428 5601 1957 1479 5602 1958 1480 5603 1959 1483 5604 1954 1365 5605 1953 1488 5606 1960 1488 5607 1960 1365 5608 1953 1364 5609 1961 1488 5610 1960 1364 5611 1961 1487 5612 1962 1487 5613 1962 1364 5614 1961 1363 5615 1963 1487 5616 1962 1363 5617 1963 1362 5618 1964 1362 5619 1964 1361 5620 1965 1487 5621 1962 1487 5622 1962 1361 5623 1965 1360 5624 1966 1487 5625 1962 1360 5626 1966 1357 5627 1967 1487 5628 1962 1357 5629 1967 1490 5630 1968 1490 5631 1968 1357 5632 1967 1356 5633 1969 1490 5634 1968 1356 5635 1969 871 5636 1970 918 5637 1971 1485 5638 1972 871 5639 1970 871 5640 1970 1485 5641 1972 1486 5642 1973 871 5643 1970 1486 5644 1973 1489 5645 1974 1489 5646 1974 1486 5647 1973 1488 5648 1960 1488 5649 1960 1486 5650 1973 1483 5651 1954 1340 5652 1975 1493 5653 1976 918 5654 1971 918 5655 1971 1493 5656 1976 1494 5657 1977 918 5658 1971 1494 5659 1977 1481 5660 1978 1481 5661 1978 1494 5662 1977 1480 5663 1959 1480 5664 1959 1494 5665 1977 1491 5666 1979 1480 5667 1959 1491 5668 1979 1428 5669 1957 1428 5670 1957 1491 5671 1979 1492 5672 1980 1428 5673 1957 1492 5674 1980 1430 5675 1981 1430 5676 1981 1492 5677 1980 1431 5678 1982 1431 5679 1982 1492 5680 1980 1432 5681 1983 1432 5682 1983 1492 5683 1980 707 5684 1984 1432 5685 1983 707 5686 1984 706 5687 1985 1340 5688 1975 1441 5689 1986 1493 5690 1976 1493 5691 1976 1441 5692 1986 1440 5693 1987 1493 5694 1976 1440 5695 1987 1439 5696 1988 1438 5697 1989 1472 5698 1990 1439 5699 1988 1439 5700 1988 1472 5701 1990 1473 5702 1991 1439 5703 1988 1473 5704 1991 1493 5705 1976 1493 5706 1976 1473 5707 1991 1474 5708 1992 1493 5709 1976 1474 5710 1992 1475 5711 1993 1437 5712 1994 1470 5713 1995 1438 5714 1989 1438 5715 1989 1470 5716 1995 1471 5717 1996 1438 5718 1989 1471 5719 1996 1472 5720 1990 1436 5721 1997 1468 5722 1998 1437 5723 1994 1437 5724 1994 1468 5725 1998 1469 5726 1999 1437 5727 1994 1469 5728 1999 1470 5729 1995 1435 5730 2000 700 5731 2001 1436 5732 1997 1436 5733 1997 700 5734 2001 1467 5735 2002 1436 5736 1997 1467 5737 2002 1468 5738 1998 1434 5739 2003 702 5740 2004 1435 5741 2000 1435 5742 2000 702 5743 2004 701 5744 2005 1435 5745 2000 701 5746 2005 700 5747 2001 1433 5748 2006 704 5749 2007 1434 5750 2003 1434 5751 2003 704 5752 2007 703 5753 2008 1434 5754 2003 703 5755 2008 702 5756 2004 1432 5757 1983 706 5758 1985 1433 5759 2006 1433 5760 2006 706 5761 1985 705 5762 2009 1433 5763 2006 705 5764 2009 704 5765 2007 1475 5766 1993 1476 5767 2010 1493 5768 1976 1493 5769 1976 1476 5770 2010 1477 5771 2011 1493 5772 1976 1477 5773 2011 1478 5774 2012 1478 5775 2012 713 5776 2013 1493 5777 1976 1493 5778 1976 713 5779 2013 1492 5780 1980 1492 5781 1980 713 5782 2013 712 5783 2014 1492 5784 1980 712 5785 2014 711 5786 2015 711 5787 2015 710 5788 2016 1492 5789 1980 1492 5790 1980 710 5791 2016 709 5792 2017 1492 5793 1980 709 5794 2017 708 5795 2018 708 5796 2018 707 5797 1984 1492 5798 1980 1481 5799 1978 1482 5800 2019 918 5801 1971 918 5802 1971 1482 5803 2019 1485 5804 1972 1485 5805 1972 1482 5806 2019 1484 5807 1956 1484 5808 1956 1482 5809 2019 1479 5810 1958 1489 5811 1974 1490 5812 1968 871 5813 1970 1359 5814 2020 1520 5815 2021 870 5816 2022 870 5817 2022 1520 5818 2021 1521 5819 2023 870 5820 2022 1521 5821 2023 1524 5822 2024 1524 5823 2024 1521 5824 2023 1527 5825 2025 1527 5826 2025 1521 5827 2023 1522 5828 2026 1527 5829 2025 1522 5830 2026 1206 5831 2027 1206 5832 2027 1522 5833 2026 1523 5834 2028 1206 5835 2027 1523 5836 2028 1359 5837 2020 1359 5838 2020 1523 5839 2028 1520 5840 2021 1495 5841 2029 1531 5842 2030 1206 5843 2027 1206 5844 2027 1531 5845 2030 1526 5846 2031 1206 5847 2027 1526 5848 2031 1527 5849 2025 1496 5850 2032 1534 5851 2033 1495 5852 2029 1495 5853 2029 1534 5854 2033 1535 5855 2034 1495 5856 2029 1535 5857 2034 1530 5858 2035 1530 5859 2035 1535 5860 2034 1529 5861 2036 1529 5862 2036 1535 5863 2034 1532 5864 2037 1529 5865 2036 1532 5866 2037 917 5867 2038 917 5868 2038 1532 5869 2037 1533 5870 2039 917 5871 2038 1533 5872 2039 1341 5873 2040 1341 5874 2040 1533 5875 2039 1507 5876 2041 1507 5877 2041 1533 5878 2039 1506 5879 2042 1506 5880 2042 1533 5881 2039 1505 5882 2043 1505 5883 2043 1533 5884 2039 735 5885 2044 1505 5886 2043 735 5887 2044 734 5888 2045 1496 5889 2032 1497 5890 2046 1534 5891 2033 1534 5892 2033 1497 5893 2046 1498 5894 2047 1534 5895 2033 1498 5896 2047 1514 5897 2048 1514 5898 2048 1498 5899 2047 1513 5900 2049 1513 5901 2049 1498 5902 2047 1499 5903 2050 1513 5904 2049 1499 5905 2050 1512 5906 2051 1512 5907 2051 1499 5908 2050 1511 5909 2052 1511 5910 2052 1499 5911 2050 1500 5912 2053 1511 5913 2052 1500 5914 2053 1510 5915 2054 1510 5916 2054 1500 5917 2053 1509 5918 2055 1509 5919 2055 1500 5920 2053 1501 5921 2056 1509 5922 2055 1501 5923 2056 1508 5924 2057 1508 5925 2057 1501 5926 2056 728 5927 2058 728 5928 2058 1501 5929 2056 1502 5930 2059 728 5931 2058 1502 5932 2059 729 5933 2060 729 5934 2060 1502 5935 2059 730 5936 2061 730 5937 2061 1502 5938 2059 1503 5939 2062 730 5940 2061 1503 5941 2062 731 5942 2063 731 5943 2063 1503 5944 2062 732 5945 2064 732 5946 2064 1503 5947 2062 1504 5948 2065 732 5949 2064 1504 5950 2065 733 5951 2066 733 5952 2066 1504 5953 2065 734 5954 2045 734 5955 2045 1504 5956 2065 1505 5957 2043 870 5958 2022 1525 5959 2067 917 5960 2038 917 5961 2038 1525 5962 2067 1528 5963 2068 917 5964 2038 1528 5965 2068 1529 5966 2036 1514 5967 2048 1515 5968 2069 1534 5969 2033 1534 5970 2033 1515 5971 2069 1516 5972 2070 1534 5973 2033 1516 5974 2070 1517 5975 2071 1517 5976 2071 1518 5977 2072 1534 5978 2033 1534 5979 2033 1518 5980 2072 1519 5981 2073 1534 5982 2033 1519 5983 2073 741 5984 2074 1534 5985 2033 741 5986 2074 1533 5987 2039 1533 5988 2039 741 5989 2074 740 5990 2075 1533 5991 2039 740 5992 2075 739 5993 2076 739 5994 2076 738 5995 2077 1533 5996 2039 1533 5997 2039 738 5998 2077 737 5999 2078 1533 6000 2039 737 6001 2078 736 6002 2079 736 6003 2079 735 6004 2044 1533 6005 2039 1524 6006 2024 1525 6007 2067 870 6008 2022 1528 6009 2068 1525 6010 2067 1531 6011 2030 1531 6012 2030 1525 6013 2067 1526 6014 2031 1530 6015 2035 1531 6016 2030 1495 6017 2029 828 6018 2080 827 6019 2081 1199 6020 2082 1199 6021 2082 827 6022 2081 1226 6023 2083 1199 6024 2082 1226 6025 2083 1200 6026 2084 1200 6027 2084 1226 6028 2083 1225 6029 2085 1200 6030 2084 1225 6031 2085 1201 6032 2086 1201 6033 2086 1225 6034 2085 1224 6035 2087 1201 6036 2086 1224 6037 2087 1202 6038 2088 1202 6039 2088 1224 6040 2087 1223 6041 2089 1202 6042 2088 1223 6043 2089 1203 6044 2090 1203 6045 2090 1223 6046 2089 1222 6047 2091 1203 6048 2090 1222 6049 2091 1204 6050 2092 1204 6051 2092 1222 6052 2091 1221 6053 2093 1204 6054 2092 1221 6055 2093 1205 6056 2094 1205 6057 2094 1221 6058 2093 1220 6059 2095 870 6060 2096 869 6061 2097 1359 6062 2098 1359 6063 2098 869 6064 2097 868 6065 2099 1359 6066 2098 868 6067 2099 867 6068 2100 867 6069 2100 866 6070 2101 1359 6071 2098 1359 6072 2098 866 6073 2101 865 6074 2102 1359 6075 2098 865 6076 2102 835 6077 2103 835 6078 2103 865 6079 2102 864 6080 2104 835 6081 2103 864 6082 2104 863 6083 2105 835 6084 2103 863 6085 2105 836 6086 2106 836 6087 2106 863 6088 2105 862 6089 2107 836 6090 2106 862 6091 2107 861 6092 2108 861 6093 2108 860 6094 2109 836 6095 2106 836 6096 2106 860 6097 2109 859 6098 2110 836 6099 2106 859 6100 2110 858 6101 2111 858 6102 2111 857 6103 2112 836 6104 2106 835 6105 2103 1536 6106 2113 1359 6107 2098 1359 6108 2098 1536 6109 2113 1354 6110 2114 1227 6111 2115 1341 6112 2116 1228 6113 2117 1228 6114 2117 1341 6115 2116 1507 6116 2118 1228 6117 2117 1507 6118 2118 1229 6119 2119 1229 6120 2119 1507 6121 2118 1506 6122 2120 1229 6123 2119 1506 6124 2120 1230 6125 2121 1230 6126 2121 1506 6127 2120 1505 6128 2122 1230 6129 2121 1505 6130 2122 1231 6131 2123 1231 6132 2123 1505 6133 2122 1504 6134 2124 1231 6135 2123 1504 6136 2124 1232 6137 2125 1232 6138 2125 1504 6139 2124 1503 6140 2126 1232 6141 2125 1503 6142 2126 1233 6143 2127 1233 6144 2127 1503 6145 2126 1502 6146 2128 1233 6147 2127 1502 6148 2128 1234 6149 2129 1234 6150 2129 1502 6151 2128 1501 6152 2130 1234 6153 2129 1501 6154 2130 1235 6155 2131 1235 6156 2131 1501 6157 2130 1500 6158 2132 1235 6159 2131 1500 6160 2132 1236 6161 2133 1236 6162 2133 1500 6163 2132 1499 6164 2134 1236 6165 2133 1499 6166 2134 1237 6167 2135 1237 6168 2135 1499 6169 2134 1498 6170 2136 1237 6171 2135 1498 6172 2136 1238 6173 2137 1238 6174 2137 1498 6175 2136 1497 6176 2138 1238 6177 2137 1497 6178 2138 1239 6179 2139 1239 6180 2139 1497 6181 2138 1496 6182 2140 1239 6183 2139 1496 6184 2140 1240 6185 2141 1240 6186 2141 1496 6187 2140 1495 6188 2142 1240 6189 2143 1495 6190 2144 1219 6191 2145 1219 6192 2145 1495 6193 2144 1206 6194 2146 1219 6195 2145 1206 6196 2146 1220 6197 2147 1220 6198 2147 1206 6199 2146 1205 6200 2148 1354 6201 2149 1536 6202 2150 1355 6203 2151 1355 6204 2151 1536 6205 2150 1454 6206 2152 1454 6207 2152 1536 6208 2150 1548 6209 2153 1548 6210 2153 1536 6211 2150 1537 6212 2154 1548 6213 2153 1537 6214 2154 1547 6215 2155 1547 6216 2155 1537 6217 2154 1538 6218 2156 1547 6219 2155 1538 6220 2156 1546 6221 2157 1546 6222 2157 1538 6223 2156 1539 6224 2158 1546 6225 2157 1539 6226 2158 1545 6227 2159 1545 6228 2159 1539 6229 2158 1540 6230 2160 1545 6231 2159 1540 6232 2160 1544 6233 2161 1544 6234 2161 1540 6235 2160 1541 6236 2162 1544 6237 2161 1541 6238 2162 1543 6239 2163 1543 6240 2163 1541 6241 2162 1542 6242 2164 1543 6243 2163 1542 6244 2164 1389 6245 2165 1389 6246 2165 1542 6247 2164 1403 6248 2166 1381 6249 2167 1454 6250 2168 1382 6251 2169 1382 6252 2169 1454 6253 2168 1548 6254 2170 1382 6255 2169 1548 6256 2170 1383 6257 2171 1383 6258 2171 1548 6259 2170 1547 6260 2172 1383 6261 2171 1547 6262 2172 1384 6263 2173 1384 6264 2173 1547 6265 2172 1546 6266 2174 1384 6267 2173 1546 6268 2174 1385 6269 2175 1385 6270 2175 1546 6271 2174 1545 6272 2176 1385 6273 2175 1545 6274 2176 1386 6275 2177 1386 6276 2177 1545 6277 2176 1544 6278 2178 1386 6279 2177 1544 6280 2178 1387 6281 2179 1387 6282 2179 1544 6283 2178 1543 6284 2180 1387 6285 2179 1543 6286 2180 1388 6287 2181 1388 6288 2181 1543 6289 2180 1389 6290 2182 828 6291 2183 1403 6292 2184 829 6293 2185 829 6294 2185 1403 6295 2184 1542 6296 2186 829 6297 2185 1542 6298 2186 830 6299 2187 830 6300 2187 1542 6301 2186 1541 6302 2188 830 6303 2187 1541 6304 2188 831 6305 2189 831 6306 2189 1541 6307 2188 1540 6308 2190 831 6309 2189 1540 6310 2190 832 6311 2191 832 6312 2191 1540 6313 2190 1539 6314 2192 832 6315 2191 1539 6316 2192 833 6317 2193 833 6318 2193 1539 6319 2192 1538 6320 2194 833 6321 2193 1538 6322 2194 834 6323 2195 834 6324 2195 1538 6325 2194 1537 6326 2196 834 6327 2195 1537 6328 2196 835 6329 2197 835 6330 2197 1537 6331 2196 1536 6332 2198 805 6333 2199 804 6334 2200 1320 6335 2201 1320 6336 2201 804 6337 2200 903 6338 2202 1320 6339 2201 903 6340 2202 1321 6341 2203 1321 6342 2203 903 6343 2202 902 6344 2204 1321 6345 2203 902 6346 2204 901 6347 2205 1321 6348 2203 901 6349 2205 1322 6350 2206 1322 6351 2206 901 6352 2205 900 6353 2207 1322 6354 2206 900 6355 2207 1323 6356 2208 1323 6357 2208 900 6358 2207 899 6359 2209 1323 6360 2208 899 6361 2209 1324 6362 2210 1324 6363 2210 899 6364 2209 1325 6365 2211 1325 6366 2211 899 6367 2209 898 6368 2212 1325 6369 2211 898 6370 2212 897 6371 2213 1325 6372 2211 897 6373 2213 1326 6374 2214 1326 6375 2214 897 6376 2213 896 6377 2215 1326 6378 2214 896 6379 2215 1327 6380 2216 1327 6381 2216 896 6382 2215 895 6383 2217 1327 6384 2216 895 6385 2217 1328 6386 2218 1328 6387 2218 895 6388 2217 1329 6389 2219 1329 6390 2219 895 6391 2217 894 6392 2220 1329 6393 2219 894 6394 2220 1330 6395 2221 1330 6396 2221 894 6397 2220 893 6398 2222 1330 6399 2221 893 6400 2222 892 6401 2223 1330 6402 2221 892 6403 2223 1331 6404 2224 1331 6405 2224 892 6406 2223 891 6407 2225 1331 6408 2224 891 6409 2225 1332 6410 2226 1332 6411 2226 891 6412 2225 890 6413 2227 1332 6414 2226 890 6415 2227 1333 6416 2228 1333 6417 2228 890 6418 2227 1334 6419 2229 1334 6420 2229 890 6421 2227 889 6422 2230 1334 6423 2229 889 6424 2230 888 6425 2231 1334 6426 2229 888 6427 2231 1335 6428 2232 1335 6429 2232 888 6430 2231 887 6431 2233 1335 6432 2232 887 6433 2233 1336 6434 2234 1336 6435 2234 887 6436 2233 886 6437 2235 1336 6438 2234 886 6439 2235 1337 6440 2236 1337 6441 2236 886 6442 2235 1338 6443 2237 1338 6444 2237 886 6445 2235 885 6446 2238 1338 6447 2237 885 6448 2238 825 6449 2239 825 6450 2239 885 6451 2238 784 6452 2240 763 6453 2241 762 6454 2242 1277 6455 2243 1277 6456 2243 762 6457 2242 950 6458 2244 1277 6459 2243 950 6460 2244 1278 6461 2245 1278 6462 2245 950 6463 2244 949 6464 2246 1278 6465 2245 949 6466 2246 948 6467 2247 1278 6468 2245 948 6469 2247 1279 6470 2248 1279 6471 2248 948 6472 2247 947 6473 2249 1279 6474 2248 947 6475 2249 1280 6476 2250 1280 6477 2250 947 6478 2249 946 6479 2251 1280 6480 2250 946 6481 2251 1281 6482 2252 1281 6483 2252 946 6484 2251 1282 6485 2253 1282 6486 2253 946 6487 2251 945 6488 2254 1282 6489 2253 945 6490 2254 944 6491 2255 1282 6492 2253 944 6493 2255 1283 6494 2256 1283 6495 2256 944 6496 2255 943 6497 2257 1283 6498 2256 943 6499 2257 1284 6500 2258 1284 6501 2258 943 6502 2257 942 6503 2259 1284 6504 2258 942 6505 2259 1285 6506 2260 1285 6507 2260 942 6508 2259 1286 6509 2261 1286 6510 2261 942 6511 2259 941 6512 2262 1286 6513 2261 941 6514 2262 1287 6515 2263 1287 6516 2263 941 6517 2262 940 6518 2264 1287 6519 2263 940 6520 2264 939 6521 2265 1287 6522 2263 939 6523 2265 1288 6524 2266 1288 6525 2266 939 6526 2265 938 6527 2267 1288 6528 2266 938 6529 2267 1289 6530 2268 1289 6531 2268 938 6532 2267 937 6533 2269 1289 6534 2268 937 6535 2269 1290 6536 2270 1290 6537 2270 937 6538 2269 1291 6539 2271 1291 6540 2271 937 6541 2269 936 6542 2272 1291 6543 2271 936 6544 2272 935 6545 2273 1291 6546 2271 935 6547 2273 1292 6548 2274 1292 6549 2274 935 6550 2273 934 6551 2275 1292 6552 2274 934 6553 2275 1293 6554 2276 1293 6555 2276 934 6556 2275 933 6557 2277 1293 6558 2276 933 6559 2277 1294 6560 2278 1294 6561 2278 933 6562 2277 1295 6563 2279 1295 6564 2279 933 6565 2277 932 6566 2280 1295 6567 2279 932 6568 2280 783 6569 2281 783 6570 2281 932 6571 2280 742 6572 2282 1533 6573 2283 1549 6574 2284 1534 6575 2285 1534 6576 2285 1549 6577 2284 1550 6578 2286 1534 6579 2285 1550 6580 2286 1535 6581 2287 1535 6582 2287 1550 6583 2288 1551 6584 2289 1535 6585 2290 1551 6586 2291 1532 6587 2292 1532 6588 2292 1551 6589 2291 1552 6590 2293 1532 6591 2294 1552 6592 2295 1533 6593 2296 1533 6594 2296 1552 6595 2295 1549 6596 2297 1549 6597 2298 1552 6598 2299 1550 6599 2300 1550 6600 2300 1552 6601 2299 1551 6602 2301 1529 6603 2302 1553 6604 2303 1530 6605 2304 1530 6606 2304 1553 6607 2303 1554 6608 2305 1530 6609 2304 1554 6610 2305 1531 6611 2306 1531 6612 2306 1554 6613 2307 1555 6614 2308 1531 6615 2309 1555 6616 2310 1528 6617 2311 1528 6618 2311 1555 6619 2310 1556 6620 2312 1528 6621 2313 1556 6622 2314 1529 6623 2315 1529 6624 2315 1556 6625 2314 1553 6626 2316 1553 6627 2317 1556 6628 2318 1554 6629 2319 1554 6630 2319 1556 6631 2318 1555 6632 2320 1525 6633 2321 1557 6634 2322 1526 6635 2323 1526 6636 2323 1557 6637 2322 1558 6638 2324 1526 6639 2323 1558 6640 2324 1527 6641 2325 1527 6642 2325 1558 6643 2326 1559 6644 2327 1527 6645 2328 1559 6646 2329 1524 6647 2330 1524 6648 2330 1559 6649 2329 1560 6650 2331 1524 6651 2332 1560 6652 2333 1525 6653 2334 1525 6654 2334 1560 6655 2333 1557 6656 2335 1557 6657 2336 1560 6658 2337 1558 6659 2338 1558 6660 2338 1560 6661 2337 1559 6662 2339 1521 6663 2340 1561 6664 2341 1522 6665 2342 1522 6666 2342 1561 6667 2341 1562 6668 2343 1522 6669 2342 1562 6670 2343 1523 6671 2344 1523 6672 2344 1562 6673 2345 1563 6674 2346 1523 6675 2347 1563 6676 2348 1520 6677 2349 1520 6678 2349 1563 6679 2348 1564 6680 2350 1520 6681 2351 1564 6682 2352 1521 6683 2353 1521 6684 2353 1564 6685 2352 1561 6686 2354 1561 6687 2355 1564 6688 2356 1562 6689 2357 1562 6690 2357 1564 6691 2356 1563 6692 2358 1492 6693 2359 1565 6694 2360 1493 6695 2361 1493 6696 2361 1565 6697 2360 1566 6698 2362 1493 6699 2361 1566 6700 2362 1494 6701 2363 1494 6702 2363 1566 6703 2364 1567 6704 2365 1494 6705 2366 1567 6706 2367 1491 6707 2368 1491 6708 2368 1567 6709 2367 1568 6710 2369 1491 6711 2370 1568 6712 2371 1492 6713 2372 1492 6714 2372 1568 6715 2371 1565 6716 2373 1565 6717 2374 1568 6718 2375 1566 6719 2376 1566 6720 2376 1568 6721 2375 1567 6722 2377 1488 6723 2378 1569 6724 2379 1489 6725 2380 1489 6726 2380 1569 6727 2379 1570 6728 2381 1489 6729 2380 1570 6730 2381 1490 6731 2382 1490 6732 2382 1570 6733 2383 1571 6734 2384 1490 6735 2385 1571 6736 2386 1487 6737 2387 1487 6738 2387 1571 6739 2386 1572 6740 2388 1487 6741 2389 1572 6742 2390 1488 6743 2391 1488 6744 2391 1572 6745 2390 1569 6746 2392 1569 6747 2393 1572 6748 2394 1570 6749 2395 1570 6750 2395 1572 6751 2394 1571 6752 2396 1484 6753 2397 1573 6754 2398 1485 6755 2399 1485 6756 2399 1573 6757 2398 1574 6758 2400 1485 6759 2399 1574 6760 2400 1486 6761 2401 1486 6762 2401 1574 6763 2402 1575 6764 2403 1486 6765 2404 1575 6766 2405 1483 6767 2406 1483 6768 2406 1575 6769 2405 1576 6770 2407 1483 6771 2408 1576 6772 2409 1484 6773 2410 1484 6774 2410 1576 6775 2409 1573 6776 2411 1573 6777 2412 1576 6778 2413 1574 6779 2414 1574 6780 2414 1576 6781 2413 1575 6782 2415 1480 6783 2416 1577 6784 2417 1481 6785 2418 1481 6786 2418 1577 6787 2417 1578 6788 2419 1481 6789 2418 1578 6790 2419 1482 6791 2420 1482 6792 2420 1578 6793 2421 1579 6794 2422 1482 6795 2423 1579 6796 2424 1479 6797 2425 1479 6798 2425 1579 6799 2424 1580 6800 2426 1479 6801 2427 1580 6802 2428 1480 6803 2429 1480 6804 2429 1580 6805 2428 1577 6806 2430 1577 6807 2431 1580 6808 2432 1578 6809 2433 1578 6810 2433 1580 6811 2432 1579 6812 2434 843 6813 2435 1219 6814 2436 844 6815 2437 844 6816 2437 1219 6817 2436 1152 6818 2438 1152 6819 2438 1219 6820 2436 1139 6821 2439 1152 6822 2440 1139 6823 2441 1153 6824 2442 1153 6825 2442 1139 6826 2441 1138 6827 2443 1153 6828 2442 1138 6829 2443 1154 6830 2444 1154 6831 2444 1138 6832 2443 1137 6833 2445 1154 6834 2444 1137 6835 2445 1155 6836 2446 1155 6837 2446 1137 6838 2445 1136 6839 2447 1155 6840 2446 1136 6841 2447 1156 6842 2448 1156 6843 2448 1136 6844 2447 1135 6845 2449 1156 6846 2448 1135 6847 2449 1157 6848 2450 1157 6849 2450 1135 6850 2449 1134 6851 2451 1157 6852 2450 1134 6853 2451 1158 6854 2452 1158 6855 2452 1134 6856 2451 1133 6857 2453 1158 6858 2452 1133 6859 2453 1159 6860 2454 1159 6861 2454 1133 6862 2453 1132 6863 2455 1159 6864 2454 1132 6865 2455 1160 6866 2456 1160 6867 2456 1132 6868 2455 1131 6869 2457 1160 6870 2456 1131 6871 2457 1161 6872 2458 1161 6873 2458 1131 6874 2457 1130 6875 2459 1161 6876 2458 1130 6877 2459 1162 6878 2460 1162 6879 2460 1130 6880 2459 1129 6881 2461 1162 6882 2460 1129 6883 2461 1163 6884 2462 1163 6885 2462 1129 6886 2461 1128 6887 2463 1163 6888 2462 1128 6889 2463 1164 6890 2464 1164 6891 2464 1128 6892 2463 1127 6893 2465 1164 6894 2464 1127 6895 2465 1165 6896 2466 1165 6897 2466 1127 6898 2465 1126 6899 2467 827 6900 2468 826 6901 2469 1126 6902 2470 1126 6903 2470 826 6904 2469 1165 6905 2471 1152 6906 2472 1581 6907 2473 844 6908 2474 844 6909 2474 1581 6910 2473 461 6911 2475 844 6912 2474 461 6913 2475 460 6914 2476 461 6915 2475 1581 6916 2473 1616 6917 2477 1616 6918 2477 1581 6919 2473 1582 6920 2478 1616 6921 2477 1582 6922 2478 1615 6923 2479 1615 6924 2479 1582 6925 2478 1583 6926 2480 1615 6927 2479 1583 6928 2480 1614 6929 2481 1614 6930 2481 1583 6931 2480 1584 6932 2482 1614 6933 2481 1584 6934 2482 1613 6935 2483 1613 6936 2483 1584 6937 2482 1585 6938 2484 1613 6939 2483 1585 6940 2484 1612 6941 2485 1612 6942 2485 1585 6943 2484 1586 6944 2486 1612 6945 2485 1586 6946 2486 1611 6947 2487 1611 6948 2487 1586 6949 2486 1587 6950 2488 1611 6951 2487 1587 6952 2488 1610 6953 2489 1610 6954 2489 1587 6955 2488 1609 6956 2490 1609 6957 2490 1587 6958 2488 1588 6959 2491 1609 6960 2490 1588 6961 2491 1608 6962 2492 1608 6963 2492 1588 6964 2491 1589 6965 2493 1608 6966 2492 1589 6967 2493 1607 6968 2494 1607 6969 2494 1589 6970 2493 1590 6971 2495 1607 6972 2494 1590 6973 2495 1606 6974 2496 1606 6975 2496 1590 6976 2495 1591 6977 2497 1606 6978 2496 1591 6979 2497 1605 6980 2498 1605 6981 2498 1591 6982 2497 1592 6983 2499 1605 6984 2498 1592 6985 2499 448 6986 2500 448 6987 2500 1592 6988 2499 826 6989 2501 448 6990 2500 826 6991 2501 449 6992 2502 449 6993 2502 826 6994 2501 450 6995 2503 450 6996 2503 826 6997 2501 1594 6998 2504 450 6999 2503 1594 7000 2504 1595 7001 2505 1592 7002 2499 1165 7003 2506 826 7004 2501 856 7005 2507 476 7006 2508 826 7007 2501 826 7008 2501 476 7009 2508 1593 7010 2509 826 7011 2501 1593 7012 2509 1594 7013 2504 476 7014 2508 856 7015 2507 477 7016 2510 477 7017 2510 856 7018 2507 855 7019 2511 477 7020 2510 855 7021 2511 478 7022 2512 478 7023 2512 855 7024 2511 854 7025 2513 478 7026 2512 854 7027 2513 479 7028 2514 479 7029 2514 854 7030 2513 853 7031 2515 479 7032 2514 853 7033 2515 480 7034 2516 480 7035 2516 853 7036 2515 852 7037 2517 480 7038 2516 852 7039 2517 481 7040 2518 481 7041 2518 852 7042 2517 851 7043 2519 481 7044 2518 851 7045 2519 482 7046 2520 482 7047 2520 851 7048 2519 850 7049 2521 482 7050 2520 850 7051 2521 483 7052 2522 483 7053 2522 850 7054 2521 484 7055 2523 484 7056 2523 850 7057 2521 849 7058 2524 484 7059 2523 849 7060 2524 485 7061 2525 485 7062 2525 849 7063 2524 848 7064 2526 485 7065 2525 848 7066 2526 486 7067 2527 486 7068 2527 848 7069 2526 847 7070 2528 486 7071 2527 847 7072 2528 487 7073 2529 487 7074 2529 847 7075 2528 846 7076 2530 487 7077 2529 846 7078 2530 488 7079 2531 488 7080 2531 846 7081 2530 845 7082 2532 488 7083 2531 845 7084 2532 489 7085 2533 489 7086 2533 845 7087 2532 844 7088 2474 489 7089 2533 844 7090 2474 1604 7091 2534 1604 7092 2534 844 7093 2474 1603 7094 2535 1603 7095 2535 844 7096 2474 459 7097 2536 1603 7098 2535 459 7099 2536 1602 7100 2537 1602 7101 2537 459 7102 2536 458 7103 2538 1602 7104 2537 458 7105 2538 457 7106 2539 1596 7107 2540 452 7108 2541 1595 7109 2505 1595 7110 2505 452 7111 2541 451 7112 2542 1595 7113 2505 451 7114 2542 450 7115 2503 452 7116 2541 1596 7117 2540 453 7118 2543 453 7119 2543 1596 7120 2540 1597 7121 2544 453 7122 2543 1597 7123 2544 454 7124 2545 454 7125 2545 1597 7126 2544 1598 7127 2546 454 7128 2545 1598 7129 2546 1599 7130 2547 454 7131 2545 1599 7132 2547 455 7133 2548 455 7134 2548 1599 7135 2547 1600 7136 2549 455 7137 2548 1600 7138 2549 456 7139 2550 456 7140 2550 1600 7141 2549 1601 7142 2551 456 7143 2550 1601 7144 2551 457 7145 2539 457 7146 2539 1601 7147 2551 1602 7148 2537 460 7149 2476 459 7150 2536 844 7151 2474 728 7152 2552 727 7153 2553 1508 7154 2554 1508 7155 2554 727 7156 2553 1252 7157 2555 1508 7158 2554 1252 7159 2555 1509 7160 2556 1509 7161 2556 1252 7162 2555 1251 7163 2557 1509 7164 2556 1251 7165 2557 1510 7166 2558 1510 7167 2558 1251 7168 2557 1250 7169 2559 1510 7170 2558 1250 7171 2559 1511 7172 2560 1511 7173 2560 1250 7174 2559 1249 7175 2561 1511 7176 2560 1249 7177 2561 1512 7178 2562 1512 7179 2562 1249 7180 2561 1248 7181 2563 1512 7182 2562 1248 7183 2563 1513 7184 2564 1513 7185 2564 1248 7186 2563 1247 7187 2565 1513 7188 2564 1247 7189 2565 1514 7190 2566 1514 7191 2566 1247 7192 2565 1246 7193 2567 1514 7194 2566 1246 7195 2567 1515 7196 2568 1515 7197 2568 1246 7198 2567 1245 7199 2569 1515 7200 2568 1245 7201 2569 1516 7202 2570 1516 7203 2570 1245 7204 2569 1244 7205 2571 1516 7206 2570 1244 7207 2571 1517 7208 2572 1517 7209 2572 1244 7210 2571 1243 7211 2573 1517 7212 2572 1243 7213 2573 1518 7214 2574 1518 7215 2574 1243 7216 2573 1242 7217 2575 1518 7218 2574 1242 7219 2575 1519 7220 2576 1519 7221 2576 1242 7222 2575 1241 7223 2577 1519 7224 2576 1241 7225 2577 741 7226 2578 741 7227 2578 1241 7228 2577 714 7229 2579 700 7230 2580 699 7231 2581 1467 7232 2582 1467 7233 2582 699 7234 2581 1466 7235 2583 1467 7236 2582 1466 7237 2583 1468 7238 2584 1468 7239 2584 1466 7240 2583 1465 7241 2585 1468 7242 2584 1465 7243 2585 1469 7244 2586 1469 7245 2586 1465 7246 2585 1464 7247 2587 1469 7248 2586 1464 7249 2587 1470 7250 2588 1470 7251 2588 1464 7252 2587 1463 7253 2589 1470 7254 2588 1463 7255 2589 1471 7256 2590 1471 7257 2590 1463 7258 2589 1462 7259 2591 1471 7260 2590 1462 7261 2591 1472 7262 2592 1472 7263 2592 1462 7264 2591 1461 7265 2593 1472 7266 2592 1461 7267 2593 1473 7268 2594 1473 7269 2594 1461 7270 2593 1460 7271 2595 1473 7272 2594 1460 7273 2595 1474 7274 2596 1474 7275 2596 1460 7276 2595 1459 7277 2597 1474 7278 2596 1459 7279 2597 1475 7280 2598 1475 7281 2598 1459 7282 2597 1458 7283 2599 1475 7284 2598 1458 7285 2599 1476 7286 2600 1476 7287 2600 1458 7288 2599 1457 7289 2601 1476 7290 2600 1457 7291 2601 1477 7292 2602 1477 7293 2602 1457 7294 2601 1456 7295 2603 1477 7296 2602 1456 7297 2603 1478 7298 2604 1478 7299 2604 1456 7300 2603 1455 7301 2605 1478 7302 2604 1455 7303 2605 713 7304 2606 713 7305 2606 1455 7306 2605 686 7307 2607 1185 7308 2608 1353 7309 2609 1630 7310 2610 1630 7311 2610 1353 7312 2609 1352 7313 2611 1630 7314 2610 1352 7315 2611 226 7316 2612 226 7317 2612 1352 7318 2611 1351 7319 2613 226 7320 2612 1351 7321 2613 227 7322 2614 227 7323 2614 1351 7324 2613 1350 7325 2615 227 7326 2614 1350 7327 2615 228 7328 2616 228 7329 2616 1350 7330 2615 1349 7331 2617 228 7332 2616 1349 7333 2617 229 7334 2618 229 7335 2618 1349 7336 2617 1348 7337 2619 229 7338 2618 1348 7339 2619 230 7340 2620 230 7341 2620 1348 7342 2619 1347 7343 2621 230 7344 2620 1347 7345 2621 231 7346 2622 231 7347 2622 1347 7348 2621 232 7349 2623 232 7350 2623 1347 7351 2621 1346 7352 2624 232 7353 2623 1346 7354 2624 233 7355 2625 233 7356 2625 1346 7357 2624 1345 7358 2626 233 7359 2625 1345 7360 2626 234 7361 2627 234 7362 2627 1345 7363 2626 1344 7364 2628 234 7365 2627 1344 7366 2628 235 7367 2629 235 7368 2629 1344 7369 2628 1343 7370 2630 235 7371 2629 1343 7372 2630 1617 7373 2631 1617 7374 2631 1343 7375 2630 1342 7376 2632 1617 7377 2631 1342 7378 2632 1198 7379 2633 1618 7380 2634 237 7381 2635 1617 7382 2631 1617 7383 2631 237 7384 2635 236 7385 2636 1617 7386 2631 236 7387 2636 235 7388 2629 237 7389 2635 1618 7390 2634 1642 7391 2637 1642 7392 2637 1618 7393 2634 1619 7394 2638 1642 7395 2637 1619 7396 2638 1641 7397 2639 1641 7398 2639 1619 7399 2638 1620 7400 2640 1641 7401 2639 1620 7402 2640 1640 7403 2641 1640 7404 2641 1620 7405 2640 1621 7406 2642 1640 7407 2641 1621 7408 2642 1639 7409 2643 1639 7410 2643 1621 7411 2642 1622 7412 2644 1639 7413 2643 1622 7414 2644 1638 7415 2645 1638 7416 2645 1622 7417 2644 1623 7418 2646 1638 7419 2645 1623 7420 2646 1637 7421 2647 1637 7422 2647 1623 7423 2646 1624 7424 2648 1637 7425 2647 1624 7426 2648 1636 7427 2649 1636 7428 2649 1624 7429 2648 1635 7430 2650 1635 7431 2650 1624 7432 2648 1625 7433 2651 1635 7434 2650 1625 7435 2651 1634 7436 2652 1634 7437 2652 1625 7438 2651 1626 7439 2653 1634 7440 2652 1626 7441 2653 1633 7442 2654 1633 7443 2654 1626 7444 2653 1627 7445 2655 1633 7446 2654 1627 7447 2655 1632 7448 2656 1632 7449 2656 1627 7450 2655 1628 7451 2657 1632 7452 2656 1628 7453 2657 1631 7454 2658 1631 7455 2658 1628 7456 2657 1629 7457 2659 1631 7458 2658 1629 7459 2659 224 7460 2660 224 7461 2660 1629 7462 2659 1630 7463 2610 224 7464 2660 1630 7465 2610 225 7466 2661 225 7467 2661 1630 7468 2610 226 7469 2612 1126 7470 2662 1198 7471 2663 1207 7472 2664 1207 7473 2664 1198 7474 2663 1197 7475 2665 1207 7476 2664 1197 7477 2665 1208 7478 2666 1208 7479 2666 1197 7480 2665 1196 7481 2667 1208 7482 2666 1196 7483 2667 1209 7484 2668 1209 7485 2668 1196 7486 2667 1195 7487 2669 1209 7488 2668 1195 7489 2669 1210 7490 2670 1210 7491 2670 1195 7492 2669 1194 7493 2671 1210 7494 2670 1194 7495 2671 1211 7496 2672 1211 7497 2672 1194 7498 2671 1193 7499 2673 1211 7500 2672 1193 7501 2673 1212 7502 2674 1212 7503 2674 1193 7504 2673 1192 7505 2675 1212 7506 2674 1192 7507 2675 1213 7508 2676 1213 7509 2676 1192 7510 2675 1191 7511 2677 1213 7512 2676 1191 7513 2677 1214 7514 2678 1214 7515 2678 1191 7516 2677 1190 7517 2679 1214 7518 2678 1190 7519 2679 1215 7520 2680 1215 7521 2680 1190 7522 2679 1189 7523 2681 1215 7524 2680 1189 7525 2681 1216 7526 2682 1216 7527 2682 1189 7528 2681 1188 7529 2683 1216 7530 2682 1188 7531 2683 1217 7532 2684 1217 7533 2684 1188 7534 2683 1187 7535 2685 1217 7536 2684 1187 7537 2685 1218 7538 2686 1218 7539 2686 1187 7540 2685 1186 7541 2687 1218 7542 2686 1186 7543 2687 1139 7544 2688 1139 7545 2688 1186 7546 2687 1185 7547 2689 1198 7548 2690 1126 7549 2691 1617 7550 2692 1617 7551 2692 1126 7552 2691 1125 7553 2693 1140 7554 2694 1630 7555 2695 1141 7556 2696 1141 7557 2696 1630 7558 2695 1629 7559 2697 1141 7560 2696 1629 7561 2697 1142 7562 2698 1142 7563 2698 1629 7564 2697 1628 7565 2699 1142 7566 2698 1628 7567 2699 1143 7568 2700 1143 7569 2700 1628 7570 2699 1627 7571 2701 1143 7572 2700 1627 7573 2701 1144 7574 2702 1144 7575 2702 1627 7576 2701 1626 7577 2703 1144 7578 2702 1626 7579 2703 1105 7580 2704 1105 7581 2704 1626 7582 2703 1625 7583 2705 1105 7584 2704 1625 7585 2705 1646 7586 2706 1646 7587 2706 1625 7588 2705 1624 7589 2707 1646 7590 2706 1624 7591 2707 1645 7592 2708 1645 7593 2708 1624 7594 2707 1644 7595 2709 1644 7596 2709 1624 7597 2707 1623 7598 2710 1644 7599 2709 1623 7600 2710 1643 7601 2711 1643 7602 2711 1623 7603 2710 1622 7604 2712 1643 7605 2711 1622 7606 2712 1120 7607 2713 1120 7608 2713 1622 7609 2712 1621 7610 2714 1120 7611 2713 1621 7612 2714 1121 7613 2715 1121 7614 2715 1621 7615 2714 1620 7616 2716 1121 7617 2715 1620 7618 2716 1122 7619 2717 1122 7620 2717 1620 7621 2716 1619 7622 2718 1122 7623 2717 1619 7624 2718 1123 7625 2719 1123 7626 2719 1619 7627 2718 1618 7628 2720 1123 7629 2719 1618 7630 2720 1124 7631 2721 1124 7632 2721 1618 7633 2720 1617 7634 2722 1124 7635 2721 1617 7636 2722 1125 7637 2723 1630 7638 2724 1140 7639 2725 1185 7640 2726 1185 7641 2726 1140 7642 2725 1139 7643 2727 1151 7644 2728 1150 7645 2729 1664 7646 2730 1664 7647 2730 1150 7648 2729 1663 7649 2731 1663 7650 2731 1150 7651 2729 1149 7652 2732 1663 7653 2731 1149 7654 2732 1662 7655 2733 1662 7656 2733 1149 7657 2732 1148 7658 2734 1662 7659 2733 1148 7660 2734 1661 7661 2735 1661 7662 2735 1148 7663 2734 1147 7664 2736 1661 7665 2735 1147 7666 2736 1660 7667 2737 1660 7668 2737 1147 7669 2736 1146 7670 2738 1660 7671 2737 1146 7672 2738 1659 7673 2739 1659 7674 2739 1146 7675 2738 1647 7676 2740 1659 7677 2739 1647 7678 2740 1658 7679 2741 1658 7680 2741 1647 7681 2740 1648 7682 2742 1658 7683 2741 1648 7684 2742 1657 7685 2743 1657 7686 2743 1648 7687 2742 1649 7688 2744 1657 7689 2743 1649 7690 2744 1650 7691 2745 1657 7692 2743 1650 7693 2745 1656 7694 2746 1656 7695 2746 1650 7696 2745 1171 7697 2747 1656 7698 2746 1171 7699 2747 1655 7700 2748 1655 7701 2748 1171 7702 2747 1170 7703 2749 1655 7704 2748 1170 7705 2749 1654 7706 2750 1654 7707 2750 1170 7708 2749 1169 7709 2751 1654 7710 2750 1169 7711 2751 1653 7712 2752 1653 7713 2752 1169 7714 2751 1168 7715 2753 1653 7716 2752 1168 7717 2753 1652 7718 2754 1652 7719 2754 1168 7720 2753 1167 7721 2755 1652 7722 2754 1167 7723 2755 1651 7724 2756 1651 7725 2756 1167 7726 2755 1166 7727 2757 1165 7728 2758 1665 7729 2759 1166 7730 2760 1166 7731 2760 1665 7732 2759 1651 7733 2761 1665 7734 2762 1165 7735 2763 1678 7736 2764 1678 7737 2764 1165 7738 2763 1592 7739 2765 1678 7740 2764 1592 7741 2765 1677 7742 2766 1677 7743 2766 1592 7744 2765 1591 7745 2767 1677 7746 2766 1591 7747 2767 1676 7748 2768 1676 7749 2768 1591 7750 2767 1590 7751 2769 1676 7752 2768 1590 7753 2769 1675 7754 2770 1675 7755 2770 1590 7756 2769 1589 7757 2771 1675 7758 2770 1589 7759 2771 1674 7760 2772 1674 7761 2772 1589 7762 2771 1588 7763 2773 1674 7764 2772 1588 7765 2773 1673 7766 2774 1673 7767 2774 1588 7768 2773 1587 7769 2775 1673 7770 2774 1587 7771 2775 1672 7772 2776 1672 7773 2776 1587 7774 2775 1586 7775 2777 1672 7776 2776 1586 7777 2777 1671 7778 2778 1671 7779 2778 1586 7780 2777 1585 7781 2779 1671 7782 2778 1585 7783 2779 1670 7784 2780 1670 7785 2780 1585 7786 2779 1584 7787 2781 1670 7788 2780 1584 7789 2781 1669 7790 2782 1669 7791 2782 1584 7792 2781 1583 7793 2783 1669 7794 2782 1583 7795 2783 1668 7796 2784 1668 7797 2784 1583 7798 2783 1582 7799 2785 1668 7800 2784 1582 7801 2785 1667 7802 2786 1667 7803 2786 1582 7804 2785 1581 7805 2787 1667 7806 2786 1581 7807 2787 1666 7808 2788 1666 7809 2788 1581 7810 2787 1152 7811 2789 1151 7812 2790 1664 7813 2791 1152 7814 2792 1152 7815 2792 1664 7816 2791 1666 7817 2793 1663 7818 2794 377 7819 2795 1664 7820 2796 1664 7821 2796 377 7822 2795 376 7823 2797 1664 7824 2796 376 7825 2797 375 7826 2798 377 7827 2795 1663 7828 2794 1702 7829 2799 1702 7830 2799 1663 7831 2794 1662 7832 2800 1702 7833 2799 1662 7834 2800 1701 7835 2801 1701 7836 2801 1662 7837 2800 1661 7838 2802 1701 7839 2801 1661 7840 2802 1700 7841 2803 1700 7842 2803 1661 7843 2802 1660 7844 2804 1700 7845 2803 1660 7846 2804 1699 7847 2805 1699 7848 2805 1660 7849 2804 1659 7850 2806 1699 7851 2805 1659 7852 2806 1698 7853 2807 1698 7854 2807 1659 7855 2806 1658 7856 2808 1698 7857 2807 1658 7858 2808 1697 7859 2809 1697 7860 2809 1658 7861 2808 1657 7862 2810 1697 7863 2809 1657 7864 2810 1696 7865 2811 1696 7866 2811 1657 7867 2810 1695 7868 2812 1695 7869 2812 1657 7870 2810 1656 7871 2813 1695 7872 2812 1656 7873 2813 1694 7874 2814 1694 7875 2814 1656 7876 2813 1655 7877 2815 1694 7878 2814 1655 7879 2815 1693 7880 2816 1693 7881 2816 1655 7882 2815 1654 7883 2817 1693 7884 2816 1654 7885 2817 1692 7886 2818 1692 7887 2818 1654 7888 2817 1653 7889 2819 1692 7890 2818 1653 7891 2819 1691 7892 2820 1691 7893 2820 1653 7894 2819 1652 7895 2821 1691 7896 2820 1652 7897 2821 364 7898 2822 364 7899 2822 1652 7900 2821 1651 7901 2823 364 7902 2822 1651 7903 2823 365 7904 2824 365 7905 2824 1651 7906 2823 366 7907 2825 366 7908 2825 1651 7909 2823 1665 7910 2826 366 7911 2825 1665 7912 2826 1680 7913 2827 1680 7914 2827 1665 7915 2826 1679 7916 2828 1679 7917 2828 1665 7918 2826 392 7919 2829 392 7920 2829 1665 7921 2826 1678 7922 2830 392 7923 2829 1678 7924 2830 393 7925 2831 393 7926 2831 1678 7927 2830 1677 7928 2832 393 7929 2831 1677 7930 2832 394 7931 2833 394 7932 2833 1677 7933 2832 1676 7934 2834 394 7935 2833 1676 7936 2834 395 7937 2835 395 7938 2835 1676 7939 2834 1675 7940 2836 395 7941 2835 1675 7942 2836 396 7943 2837 396 7944 2837 1675 7945 2836 1674 7946 2838 396 7947 2837 1674 7948 2838 397 7949 2839 397 7950 2839 1674 7951 2838 1673 7952 2840 397 7953 2839 1673 7954 2840 398 7955 2841 398 7956 2841 1673 7957 2840 1672 7958 2842 398 7959 2841 1672 7960 2842 399 7961 2843 399 7962 2843 1672 7963 2842 400 7964 2844 400 7965 2844 1672 7966 2842 1671 7967 2845 400 7968 2844 1671 7969 2845 401 7970 2846 401 7971 2846 1671 7972 2845 1670 7973 2847 401 7974 2846 1670 7975 2847 402 7976 2848 402 7977 2848 1670 7978 2847 1669 7979 2849 402 7980 2848 1669 7981 2849 403 7982 2850 403 7983 2850 1669 7984 2849 1668 7985 2851 403 7986 2850 1668 7987 2851 404 7988 2852 404 7989 2852 1668 7990 2851 1667 7991 2853 404 7992 2852 1667 7993 2853 405 7994 2854 405 7995 2854 1667 7996 2853 1666 7997 2855 405 7998 2854 1666 7999 2855 1690 8000 2856 1690 8001 2856 1666 8002 2855 1689 8003 2857 1689 8004 2857 1666 8005 2855 375 8006 2798 1689 8007 2857 375 8008 2798 1688 8009 2858 1688 8010 2858 375 8011 2798 374 8012 2859 1688 8013 2858 374 8014 2859 373 8015 2860 1666 8016 2855 1664 8017 2796 375 8018 2798 1680 8019 2827 1681 8020 2861 366 8021 2825 366 8022 2825 1681 8023 2861 367 8024 2862 367 8025 2862 1681 8026 2861 368 8027 2863 368 8028 2863 1681 8029 2861 1682 8030 2864 368 8031 2863 1682 8032 2864 369 8033 2865 369 8034 2865 1682 8035 2864 1683 8036 2866 369 8037 2865 1683 8038 2866 370 8039 2867 370 8040 2867 1683 8041 2866 1684 8042 2868 370 8043 2867 1684 8044 2868 1685 8045 2869 370 8046 2867 1685 8047 2869 371 8048 2870 371 8049 2870 1685 8050 2869 1686 8051 2871 371 8052 2870 1686 8053 2871 372 8054 2872 372 8055 2872 1686 8056 2871 1687 8057 2873 372 8058 2872 1687 8059 2873 373 8060 2860 373 8061 2860 1687 8062 2873 1688 8063 2858 1703 8064 2874 1105 8065 2875 1708 8066 2876 1708 8067 2876 1105 8068 2875 1646 8069 2877 1708 8070 2876 1646 8071 2877 1707 8072 2878 1707 8073 2878 1646 8074 2877 1645 8075 2879 1707 8076 2878 1645 8077 2879 1644 8078 2880 1707 8079 2878 1644 8080 2880 1706 8081 2881 1706 8082 2881 1644 8083 2880 1643 8084 2882 1706 8085 2881 1643 8086 2882 1705 8087 2883 1705 8088 2883 1643 8089 2882 1120 8090 2884 1705 8091 2883 1120 8092 2884 1704 8093 2885 1703 8094 2886 1709 8095 2887 1105 8096 2888 1105 8097 2888 1709 8098 2887 1146 8099 2889 1105 8100 2888 1146 8101 2889 1106 8102 2890 1106 8103 2890 1146 8104 2889 1145 8105 2891 1710 8106 2892 1171 8107 2893 1714 8108 2894 1714 8109 2894 1171 8110 2893 1650 8111 2895 1714 8112 2894 1650 8113 2895 1713 8114 2896 1713 8115 2896 1650 8116 2895 1649 8117 2897 1713 8118 2896 1649 8119 2897 1648 8120 2898 1713 8121 2896 1648 8122 2898 1712 8123 2899 1712 8124 2899 1648 8125 2898 1647 8126 2900 1712 8127 2899 1647 8128 2900 1711 8129 2901 1711 8130 2901 1647 8131 2900 1146 8132 2902 1711 8133 2901 1146 8134 2902 1709 8135 2903 1710 8136 2904 1704 8137 2905 1171 8138 2906 1171 8139 2906 1704 8140 2905 1120 8141 2907 1171 8142 2906 1120 8143 2907 1172 8144 2908 1172 8145 2908 1120 8146 2907 1119 8147 2909 1716 8148 2910 1717 8149 2911 1715 8150 2912 1715 8151 2912 1717 8152 2911 1760 8153 2913 1760 8154 2913 1717 8155 2911 1718 8156 2914 1760 8157 2913 1718 8158 2914 1759 8159 2915 1759 8160 2915 1718 8161 2914 1719 8162 2916 1759 8163 2915 1719 8164 2916 1758 8165 2917 1758 8166 2917 1719 8167 2916 1720 8168 2918 1758 8169 2917 1720 8170 2918 1757 8171 2919 1757 8172 2919 1720 8173 2918 1710 8174 2920 1757 8175 2919 1710 8176 2920 1756 8177 2921 1756 8178 2921 1710 8179 2920 1714 8180 2922 1756 8181 2921 1714 8182 2922 1755 8183 2923 1755 8184 2923 1714 8185 2922 1713 8186 2924 1755 8187 2923 1713 8188 2924 1712 8189 2925 1710 8190 2920 1720 8191 2918 1704 8192 2926 1704 8193 2926 1720 8194 2918 1721 8195 2927 1704 8196 2926 1721 8197 2927 1705 8198 2928 1705 8199 2928 1721 8200 2927 1722 8201 2929 1705 8202 2928 1722 8203 2929 1706 8204 2930 1706 8205 2930 1722 8206 2929 1707 8207 2931 1707 8208 2931 1722 8209 2929 1723 8210 2932 1707 8211 2931 1723 8212 2932 1708 8213 2933 1708 8214 2933 1723 8215 2932 1724 8216 2934 1708 8217 2933 1724 8218 2934 1703 8219 2935 1703 8220 2935 1724 8221 2934 1725 8222 2936 1703 8223 2935 1725 8224 2936 1709 8225 2937 1709 8226 2937 1725 8227 2936 1752 8228 2938 1709 8229 2937 1752 8230 2938 1753 8231 2939 1725 8232 2936 1726 8233 2940 1752 8234 2938 1752 8235 2938 1726 8236 2940 1751 8237 2941 1751 8238 2941 1726 8239 2940 1727 8240 2942 1751 8241 2941 1727 8242 2942 1750 8243 2943 1750 8244 2943 1727 8245 2942 1728 8246 2944 1750 8247 2943 1728 8248 2944 1749 8249 2945 1749 8250 2945 1728 8251 2944 1729 8252 2946 1749 8253 2945 1729 8254 2946 1748 8255 2947 1748 8256 2948 1729 8257 2949 1730 8258 2950 1748 8259 2948 1730 8260 2950 1747 8261 2951 1747 8262 2951 1730 8263 2950 1731 8264 2952 1747 8265 2951 1731 8266 2952 1746 8267 2953 1746 8268 2953 1731 8269 2952 1732 8270 2954 1746 8271 2953 1732 8272 2954 1745 8273 2955 1745 8274 2955 1732 8275 2954 1733 8276 2956 1745 8277 2955 1733 8278 2956 1744 8279 2957 1744 8280 2957 1733 8281 2956 1734 8282 2958 1744 8283 2957 1734 8284 2958 1743 8285 2959 1743 8286 2959 1734 8287 2958 1735 8288 2960 1743 8289 2959 1735 8290 2960 1742 8291 2961 1742 8292 2961 1735 8293 2960 1736 8294 2962 1742 8295 2961 1736 8296 2962 1741 8297 2963 1741 8298 2963 1736 8299 2962 1737 8300 2964 1741 8301 2963 1737 8302 2964 1740 8303 2965 1740 8304 2965 1737 8305 2964 1738 8306 2966 1740 8307 2965 1738 8308 2966 1739 8309 2967 1709 8310 2937 1753 8311 2939 1711 8312 2968 1711 8313 2968 1753 8314 2939 1754 8315 2969 1711 8316 2968 1754 8317 2969 1712 8318 2925 1712 8319 2925 1754 8320 2969 1755 8321 2923 1761 8322 2970 1762 8323 2971 1770 8324 2972 1770 8325 2972 1762 8326 2971 1763 8327 2973 1770 8328 2972 1763 8329 2973 1769 8330 2974 1769 8331 2974 1763 8332 2973 1764 8333 2975 1769 8334 2974 1764 8335 2975 1768 8336 2976 1768 8337 2976 1764 8338 2975 1765 8339 2977 1768 8340 2976 1765 8341 2977 1767 8342 2978 1767 8343 2978 1765 8344 2977 1766 8345 2979 1767 8346 2978 1766 8347 2979 1715 8348 2980 1715 8349 2980 1766 8350 2979 1716 8351 2981 1739 8352 2982 1738 8353 2983 1778 8354 2984 1778 8355 2984 1738 8356 2983 1771 8357 2985 1778 8358 2984 1771 8359 2985 1777 8360 2986 1777 8361 2986 1771 8362 2985 1772 8363 2987 1777 8364 2986 1772 8365 2987 1776 8366 2988 1776 8367 2988 1772 8368 2987 1773 8369 2989 1776 8370 2988 1773 8371 2989 1775 8372 2990 1775 8373 2990 1773 8374 2989 1774 8375 2991 1774 8376 2992 1762 8377 2993 1775 8378 2994 1775 8379 2994 1762 8380 2993 1761 8381 2995 1775 8382 2996 1761 8383 2997 1776 8384 2998 1776 8385 2998 1761 8386 2997 1770 8387 2999 1776 8388 2998 1770 8389 2999 1777 8390 3000 1777 8391 3000 1770 8392 2999 1769 8393 3001 1777 8394 3000 1769 8395 3001 1778 8396 3002 1778 8397 3002 1769 8398 3001 1768 8399 3003 1778 8400 3002 1768 8401 3003 1739 8402 3004 1739 8403 3004 1768 8404 3003 1767 8405 3005 1739 8406 3004 1767 8407 3005 1780 8408 3006 1780 8409 3006 1767 8410 3005 1779 8411 3007 1779 8412 3007 1767 8413 3005 1715 8414 3008 1779 8415 3007 1715 8416 3008 336 8417 3009 336 8418 3009 1715 8419 3008 1760 8420 3010 336 8421 3009 1760 8422 3010 337 8423 3011 337 8424 3011 1760 8425 3010 1759 8426 3012 337 8427 3011 1759 8428 3012 338 8429 3013 338 8430 3013 1759 8431 3012 1758 8432 3014 338 8433 3013 1758 8434 3014 339 8435 3015 339 8436 3015 1758 8437 3014 1757 8438 3016 339 8439 3015 1757 8440 3016 340 8441 3017 340 8442 3017 1757 8443 3016 1756 8444 3018 340 8445 3017 1756 8446 3018 341 8447 3019 341 8448 3019 1756 8449 3018 342 8450 3020 342 8451 3020 1756 8452 3018 1755 8453 3021 342 8454 3020 1755 8455 3021 343 8456 3022 343 8457 3022 1755 8458 3021 1754 8459 3023 343 8460 3022 1754 8461 3023 344 8462 3024 344 8463 3024 1754 8464 3023 1753 8465 3025 344 8466 3024 1753 8467 3025 345 8468 3026 345 8469 3026 1753 8470 3025 1752 8471 3027 345 8472 3026 1752 8473 3027 346 8474 3028 346 8475 3028 1752 8476 3027 1751 8477 3029 346 8478 3028 1751 8479 3029 347 8480 3030 347 8481 3030 1751 8482 3029 1750 8483 3031 347 8484 3030 1750 8485 3031 348 8486 3032 348 8487 3032 1750 8488 3031 1749 8489 3033 348 8490 3032 1749 8491 3033 349 8492 3034 349 8493 3034 1749 8494 3033 1748 8495 3035 349 8496 3034 1748 8497 3035 1790 8498 3036 1790 8499 3036 1748 8500 3035 1747 8501 3037 1790 8502 3036 1747 8503 3037 1746 8504 3038 1790 8505 3036 1746 8506 3038 1789 8507 3039 1789 8508 3039 1746 8509 3038 1745 8510 3040 1789 8511 3039 1745 8512 3040 1788 8513 3041 1788 8514 3041 1745 8515 3040 1744 8516 3042 1788 8517 3041 1744 8518 3042 1787 8519 3043 1787 8520 3043 1744 8521 3042 1786 8522 3044 1786 8523 3044 1744 8524 3042 1743 8525 3045 1786 8526 3044 1743 8527 3045 1785 8528 3046 1785 8529 3046 1743 8530 3045 1742 8531 3047 1785 8532 3046 1742 8533 3047 1784 8534 3048 1784 8535 3048 1742 8536 3047 1741 8537 3049 1784 8538 3048 1741 8539 3049 1783 8540 3050 1783 8541 3050 1741 8542 3049 1740 8543 3051 1783 8544 3050 1740 8545 3051 1782 8546 3052 1782 8547 3052 1740 8548 3051 1739 8549 3004 1782 8550 3052 1739 8551 3004 1781 8552 3053 1781 8553 3053 1739 8554 3004 1780 8555 3006 1766 8556 3054 1802 8557 3055 1716 8558 3056 1716 8559 3056 1802 8560 3055 209 8561 3057 1716 8562 3056 209 8563 3057 1717 8564 3058 1717 8565 3058 209 8566 3057 208 8567 3059 1717 8568 3058 208 8569 3059 1718 8570 3060 1718 8571 3060 208 8572 3059 207 8573 3061 1718 8574 3060 207 8575 3061 1719 8576 3062 1719 8577 3062 207 8578 3061 206 8579 3063 1719 8580 3062 206 8581 3063 1720 8582 3064 1720 8583 3064 206 8584 3063 205 8585 3065 1720 8586 3064 205 8587 3065 1721 8588 3066 1721 8589 3066 205 8590 3065 204 8591 3067 1721 8592 3066 204 8593 3067 203 8594 3068 1765 8595 3069 1738 8596 3070 1766 8597 3054 1766 8598 3054 1738 8599 3070 1801 8600 3071 1766 8601 3054 1801 8602 3071 1802 8603 3055 1738 8604 3070 1765 8605 3069 1771 8606 3072 1771 8607 3072 1765 8608 3069 1764 8609 3073 1771 8610 3072 1764 8611 3073 1772 8612 3074 1772 8613 3074 1764 8614 3073 1763 8615 3075 1772 8616 3074 1763 8617 3075 1773 8618 3076 1773 8619 3076 1763 8620 3075 1762 8621 3077 1773 8622 3076 1762 8623 3077 1774 8624 3078 1737 8625 3079 1799 8626 3080 1738 8627 3070 1738 8628 3070 1799 8629 3080 1800 8630 3081 1738 8631 3070 1800 8632 3081 1801 8633 3071 1799 8634 3080 1737 8635 3079 1798 8636 3082 1798 8637 3082 1737 8638 3079 1736 8639 3083 1798 8640 3082 1736 8641 3083 1797 8642 3084 1797 8643 3084 1736 8644 3083 1735 8645 3085 1797 8646 3084 1735 8647 3085 1796 8648 3086 1796 8649 3086 1735 8650 3085 1734 8651 3087 1796 8652 3086 1734 8653 3087 1795 8654 3088 1795 8655 3088 1734 8656 3087 1733 8657 3089 1795 8658 3088 1733 8659 3089 1794 8660 3090 1794 8661 3090 1733 8662 3089 1793 8663 3091 1793 8664 3091 1733 8665 3089 1732 8666 3092 1793 8667 3091 1732 8668 3092 1792 8669 3093 1792 8670 3093 1732 8671 3092 1731 8672 3094 1792 8673 3093 1731 8674 3094 1791 8675 3095 1791 8676 3095 1731 8677 3094 1730 8678 3096 1791 8679 3095 1730 8680 3096 1729 8681 3097 1791 8682 3095 1729 8683 3097 196 8684 3098 196 8685 3098 1729 8686 3097 1728 8687 3099 196 8688 3098 1728 8689 3099 197 8690 3100 197 8691 3100 1728 8692 3099 1727 8693 3101 197 8694 3100 1727 8695 3101 198 8696 3102 198 8697 3102 1727 8698 3101 1726 8699 3103 198 8700 3102 1726 8701 3103 199 8702 3104 199 8703 3104 1726 8704 3103 1725 8705 3105 199 8706 3104 1725 8707 3105 200 8708 3106 200 8709 3106 1725 8710 3105 1724 8711 3107 200 8712 3106 1724 8713 3107 201 8714 3108 201 8715 3108 1724 8716 3107 1723 8717 3109 201 8718 3108 1723 8719 3109 202 8720 3110 202 8721 3110 1723 8722 3109 1722 8723 3111 202 8724 3110 1722 8725 3111 203 8726 3068 203 8727 3068 1722 8728 3111 1721 8729 3066 1803 8730 3112 1826 8731 3113 658 8732 3114 658 8733 3114 1826 8734 3113 573 8735 3115 658 8736 3114 573 8737 3115 572 8738 3116 1826 8739 3113 1803 8740 3112 1825 8741 3117 1825 8742 3117 1803 8743 3112 1804 8744 3118 1825 8745 3117 1804 8746 3118 1824 8747 3119 1824 8748 3119 1804 8749 3118 1805 8750 3120 1824 8751 3119 1805 8752 3120 1823 8753 3121 1823 8754 3121 1805 8755 3120 1806 8756 3122 1823 8757 3121 1806 8758 3122 1822 8759 3123 1822 8760 3123 1806 8761 3122 1807 8762 3124 1822 8763 3123 1807 8764 3124 1821 8765 3125 1821 8766 3125 1807 8767 3124 1808 8768 3126 1821 8769 3125 1808 8770 3126 1809 8771 3127 1821 8772 3125 1809 8773 3127 1820 8774 3128 1820 8775 3128 1809 8776 3127 1810 8777 3129 1820 8778 3128 1810 8779 3129 1819 8780 3130 1819 8781 3130 1810 8782 3129 1811 8783 3131 1819 8784 3130 1811 8785 3131 1818 8786 3132 1818 8787 3132 1811 8788 3131 1812 8789 3133 1818 8790 3132 1812 8791 3133 1817 8792 3134 1817 8793 3134 1812 8794 3133 1813 8795 3135 1817 8796 3134 1813 8797 3135 1816 8798 3136 1816 8799 3136 1813 8800 3135 1814 8801 3137 1816 8802 3136 1814 8803 3137 1815 8804 3138 1815 8805 3138 1814 8806 3137 671 8807 3139 1815 8808 3138 671 8809 3139 560 8810 3140 560 8811 3140 671 8812 3139 561 8813 3141 561 8814 3141 671 8815 3139 670 8816 3142 561 8817 3141 670 8818 3142 562 8819 3143 562 8820 3143 670 8821 3142 669 8822 3144 562 8823 3143 669 8824 3144 563 8825 3145 563 8826 3145 669 8827 3144 668 8828 3146 563 8829 3145 668 8830 3146 564 8831 3147 564 8832 3147 668 8833 3146 667 8834 3148 564 8835 3147 667 8836 3148 565 8837 3149 565 8838 3149 667 8839 3148 666 8840 3150 565 8841 3149 666 8842 3150 566 8843 3151 566 8844 3151 666 8845 3150 665 8846 3152 566 8847 3151 665 8848 3152 664 8849 3153 566 8850 3151 664 8851 3153 567 8852 3154 567 8853 3154 664 8854 3153 663 8855 3155 567 8856 3154 663 8857 3155 568 8858 3156 568 8859 3156 663 8860 3155 662 8861 3157 568 8862 3156 662 8863 3157 569 8864 3158 569 8865 3158 662 8866 3157 661 8867 3159 569 8868 3158 661 8869 3159 570 8870 3160 570 8871 3160 661 8872 3159 660 8873 3161 570 8874 3160 660 8875 3161 571 8876 3162 571 8877 3162 660 8878 3161 659 8879 3163 571 8880 3162 659 8881 3163 572 8882 3116 572 8883 3116 659 8884 3163 658 8885 3114 672 8886 3164 671 8887 3165 1416 8888 3166 1416 8889 3166 671 8890 3165 1814 8891 3167 1416 8892 3166 1814 8893 3167 1417 8894 3168 1417 8895 3168 1814 8896 3167 1813 8897 3169 1417 8898 3168 1813 8899 3169 1418 8900 3170 1418 8901 3170 1813 8902 3169 1812 8903 3171 1418 8904 3170 1812 8905 3171 1419 8906 3172 1419 8907 3172 1812 8908 3171 1811 8909 3173 1419 8910 3172 1811 8911 3173 1420 8912 3174 1420 8913 3174 1811 8914 3173 1810 8915 3175 1420 8916 3174 1810 8917 3175 1421 8918 3176 1421 8919 3176 1810 8920 3175 1809 8921 3177 1421 8922 3176 1809 8923 3177 1422 8924 3178 1422 8925 3178 1809 8926 3177 1808 8927 3179 1422 8928 3178 1808 8929 3179 1423 8930 3180 1423 8931 3180 1808 8932 3179 1807 8933 3181 1423 8934 3180 1807 8935 3181 1424 8936 3182 1424 8937 3182 1807 8938 3181 1806 8939 3183 1424 8940 3182 1806 8941 3183 1425 8942 3184 1425 8943 3184 1806 8944 3183 1805 8945 3185 1425 8946 3184 1805 8947 3185 1426 8948 3186 1426 8949 3186 1805 8950 3185 1804 8951 3187 1426 8952 3186 1804 8953 3187 1427 8954 3188 1427 8955 3188 1804 8956 3187 1803 8957 3189 1427 8958 3188 1803 8959 3189 685 8960 3190 685 8961 3190 1803 8962 3189 658 8963 3191 1827 8964 3192 1850 8965 3193 630 8966 3194 630 8967 3194 1850 8968 3193 545 8969 3195 630 8970 3194 545 8971 3195 544 8972 3196 1850 8973 3193 1827 8974 3192 1849 8975 3197 1849 8976 3197 1827 8977 3192 1828 8978 3198 1849 8979 3197 1828 8980 3198 1848 8981 3199 1848 8982 3199 1828 8983 3198 1829 8984 3200 1848 8985 3199 1829 8986 3200 1847 8987 3201 1847 8988 3201 1829 8989 3200 1830 8990 3202 1847 8991 3201 1830 8992 3202 1846 8993 3203 1846 8994 3203 1830 8995 3202 1831 8996 3204 1846 8997 3203 1831 8998 3204 1845 8999 3205 1845 9000 3205 1831 9001 3204 1832 9002 3206 1845 9003 3205 1832 9004 3206 1833 9005 3207 1845 9006 3205 1833 9007 3207 1844 9008 3208 1844 9009 3208 1833 9010 3207 1834 9011 3209 1844 9012 3208 1834 9013 3209 1843 9014 3210 1843 9015 3210 1834 9016 3209 1835 9017 3211 1843 9018 3210 1835 9019 3211 1842 9020 3212 1842 9021 3212 1835 9022 3211 1836 9023 3213 1842 9024 3212 1836 9025 3213 1841 9026 3214 1841 9027 3214 1836 9028 3213 1837 9029 3215 1841 9030 3214 1837 9031 3215 1840 9032 3216 1840 9033 3216 1837 9034 3215 1838 9035 3217 1840 9036 3216 1838 9037 3217 1839 9038 3218 1839 9039 3218 1838 9040 3217 643 9041 3219 1839 9042 3218 643 9043 3219 532 9044 3220 532 9045 3220 643 9046 3219 533 9047 3221 533 9048 3221 643 9049 3219 642 9050 3222 533 9051 3221 642 9052 3222 534 9053 3223 534 9054 3223 642 9055 3222 641 9056 3224 534 9057 3223 641 9058 3224 535 9059 3225 535 9060 3225 641 9061 3224 640 9062 3226 535 9063 3225 640 9064 3226 536 9065 3227 536 9066 3227 640 9067 3226 639 9068 3228 536 9069 3227 639 9070 3228 537 9071 3229 537 9072 3229 639 9073 3228 638 9074 3230 537 9075 3229 638 9076 3230 538 9077 3231 538 9078 3231 638 9079 3230 637 9080 3232 538 9081 3231 637 9082 3232 636 9083 3233 538 9084 3231 636 9085 3233 539 9086 3234 539 9087 3234 636 9088 3233 635 9089 3235 539 9090 3234 635 9091 3235 540 9092 3236 540 9093 3236 635 9094 3235 634 9095 3237 540 9096 3236 634 9097 3237 541 9098 3238 541 9099 3238 634 9100 3237 633 9101 3239 541 9102 3238 633 9103 3239 542 9104 3240 542 9105 3240 633 9106 3239 632 9107 3241 542 9108 3240 632 9109 3241 543 9110 3242 543 9111 3242 632 9112 3241 631 9113 3243 543 9114 3242 631 9115 3243 544 9116 3196 544 9117 3196 631 9118 3243 630 9119 3194 644 9120 3244 643 9121 3245 1045 9122 3246 1045 9123 3246 643 9124 3245 1838 9125 3247 1045 9126 3246 1838 9127 3247 1046 9128 3248 1046 9129 3248 1838 9130 3247 1837 9131 3249 1046 9132 3248 1837 9133 3249 1047 9134 3250 1047 9135 3250 1837 9136 3249 1836 9137 3251 1047 9138 3250 1836 9139 3251 1048 9140 3252 1048 9141 3252 1836 9142 3251 1835 9143 3253 1048 9144 3252 1835 9145 3253 1049 9146 3254 1049 9147 3254 1835 9148 3253 1834 9149 3255 1049 9150 3254 1834 9151 3255 1050 9152 3256 1050 9153 3256 1834 9154 3255 1833 9155 3257 1050 9156 3256 1833 9157 3257 1051 9158 3258 1051 9159 3258 1833 9160 3257 1832 9161 3259 1051 9162 3258 1832 9163 3259 1052 9164 3260 1052 9165 3260 1832 9166 3259 1831 9167 3261 1052 9168 3260 1831 9169 3261 1053 9170 3262 1053 9171 3262 1831 9172 3261 1830 9173 3263 1053 9174 3262 1830 9175 3263 1054 9176 3264 1054 9177 3264 1830 9178 3263 1829 9179 3265 1054 9180 3264 1829 9181 3265 1055 9182 3266 1055 9183 3266 1829 9184 3265 1828 9185 3267 1055 9186 3266 1828 9187 3267 1056 9188 3268 1056 9189 3268 1828 9190 3267 1827 9191 3269 1056 9192 3268 1827 9193 3269 657 9194 3270 657 9195 3270 1827 9196 3269 630 9197 3271 1851 9198 3272 1093 9199 3273 602 9200 3274 602 9201 3274 1093 9202 3273 978 9203 3275 602 9204 3274 978 9205 3275 977 9206 3276 1093 9207 3273 1851 9208 3272 1094 9209 3277 1094 9210 3277 1851 9211 3272 1852 9212 3278 1094 9213 3277 1852 9214 3278 1095 9215 3279 1095 9216 3279 1852 9217 3278 1853 9218 3280 1095 9219 3279 1853 9220 3280 1096 9221 3281 1096 9222 3281 1853 9223 3280 1854 9224 3282 1096 9225 3281 1854 9226 3282 1097 9227 3283 1097 9228 3283 1854 9229 3282 1855 9230 3284 1097 9231 3283 1855 9232 3284 1098 9233 3285 1098 9234 3285 1855 9235 3284 1856 9236 3286 1098 9237 3285 1856 9238 3286 1857 9239 3287 1098 9240 3285 1857 9241 3287 1099 9242 3288 1099 9243 3288 1857 9244 3287 1858 9245 3289 1099 9246 3288 1858 9247 3289 1100 9248 3290 1100 9249 3290 1858 9250 3289 1859 9251 3291 1100 9252 3290 1859 9253 3291 1101 9254 3292 1101 9255 3292 1859 9256 3291 1860 9257 3293 1101 9258 3292 1860 9259 3293 1102 9260 3294 1102 9261 3294 1860 9262 3293 1861 9263 3295 1102 9264 3294 1861 9265 3295 1103 9266 3296 1103 9267 3296 1861 9268 3295 1862 9269 3297 1103 9270 3296 1862 9271 3297 1104 9272 3298 1104 9273 3298 1862 9274 3297 615 9275 3299 1104 9276 3298 615 9277 3299 965 9278 3300 965 9279 3300 615 9280 3299 966 9281 3301 966 9282 3301 615 9283 3299 614 9284 3302 966 9285 3301 614 9286 3302 967 9287 3303 967 9288 3303 614 9289 3302 613 9290 3304 967 9291 3303 613 9292 3304 968 9293 3305 968 9294 3305 613 9295 3304 612 9296 3306 968 9297 3305 612 9298 3306 969 9299 3307 969 9300 3307 612 9301 3306 611 9302 3308 969 9303 3307 611 9304 3308 970 9305 3309 970 9306 3309 611 9307 3308 610 9308 3310 970 9309 3309 610 9310 3310 971 9311 3311 971 9312 3311 610 9313 3310 609 9314 3312 971 9315 3311 609 9316 3312 608 9317 3313 971 9318 3311 608 9319 3313 972 9320 3314 972 9321 3314 608 9322 3313 607 9323 3315 972 9324 3314 607 9325 3315 973 9326 3316 973 9327 3316 607 9328 3315 606 9329 3317 973 9330 3316 606 9331 3317 974 9332 3318 974 9333 3318 606 9334 3317 605 9335 3319 974 9336 3318 605 9337 3319 975 9338 3320 975 9339 3320 605 9340 3319 604 9341 3321 975 9342 3320 604 9343 3321 976 9344 3322 976 9345 3322 604 9346 3321 603 9347 3323 976 9348 3322 603 9349 3323 977 9350 3276 977 9351 3276 603 9352 3323 602 9353 3274 616 9354 3324 615 9355 3325 1033 9356 3326 1033 9357 3326 615 9358 3325 1862 9359 3327 1033 9360 3326 1862 9361 3327 1034 9362 3328 1034 9363 3328 1862 9364 3327 1861 9365 3329 1034 9366 3328 1861 9367 3329 1035 9368 3330 1035 9369 3330 1861 9370 3329 1860 9371 3331 1035 9372 3330 1860 9373 3331 1036 9374 3332 1036 9375 3332 1860 9376 3331 1859 9377 3333 1036 9378 3332 1859 9379 3333 1037 9380 3334 1037 9381 3334 1859 9382 3333 1858 9383 3335 1037 9384 3334 1858 9385 3335 1038 9386 3336 1038 9387 3336 1858 9388 3335 1857 9389 3337 1038 9390 3336 1857 9391 3337 1039 9392 3338 1039 9393 3338 1857 9394 3337 1856 9395 3339 1039 9396 3338 1856 9397 3339 1040 9398 3340 1040 9399 3340 1856 9400 3339 1855 9401 3341 1040 9402 3340 1855 9403 3341 1041 9404 3342 1041 9405 3342 1855 9406 3341 1854 9407 3343 1041 9408 3342 1854 9409 3343 1042 9410 3344 1042 9411 3344 1854 9412 3343 1853 9413 3345 1042 9414 3344 1853 9415 3345 1043 9416 3346 1043 9417 3346 1853 9418 3345 1852 9419 3347 1043 9420 3346 1852 9421 3347 1044 9422 3348 1044 9423 3348 1852 9424 3347 1851 9425 3349 1044 9426 3348 1851 9427 3349 629 9428 3350 629 9429 3350 1851 9430 3349 602 9431 3351 1863 9432 3352 1886 9433 3353 574 9434 3354 574 9435 3354 1886 9436 3353 517 9437 3355 574 9438 3354 517 9439 3355 516 9440 3356 1886 9441 3353 1863 9442 3352 1885 9443 3357 1885 9444 3357 1863 9445 3352 1864 9446 3358 1885 9447 3357 1864 9448 3358 1884 9449 3359 1884 9450 3359 1864 9451 3358 1865 9452 3360 1884 9453 3359 1865 9454 3360 1883 9455 3361 1883 9456 3361 1865 9457 3360 1866 9458 3362 1883 9459 3361 1866 9460 3362 1882 9461 3363 1882 9462 3363 1866 9463 3362 1867 9464 3364 1882 9465 3363 1867 9466 3364 1881 9467 3365 1881 9468 3365 1867 9469 3364 1868 9470 3366 1881 9471 3365 1868 9472 3366 1869 9473 3367 1881 9474 3365 1869 9475 3367 1880 9476 3368 1880 9477 3368 1869 9478 3367 1870 9479 3369 1880 9480 3368 1870 9481 3369 1879 9482 3370 1879 9483 3370 1870 9484 3369 1871 9485 3371 1879 9486 3370 1871 9487 3371 1878 9488 3372 1878 9489 3372 1871 9490 3371 1872 9491 3373 1878 9492 3372 1872 9493 3373 1877 9494 3374 1877 9495 3374 1872 9496 3373 1873 9497 3375 1877 9498 3374 1873 9499 3375 1876 9500 3376 1876 9501 3376 1873 9502 3375 1874 9503 3377 1876 9504 3376 1874 9505 3377 1875 9506 3378 1875 9507 3378 1874 9508 3377 587 9509 3379 1875 9510 3378 587 9511 3379 504 9512 3380 504 9513 3380 587 9514 3379 505 9515 3381 505 9516 3381 587 9517 3379 586 9518 3382 505 9519 3381 586 9520 3382 506 9521 3383 506 9522 3383 586 9523 3382 585 9524 3384 506 9525 3383 585 9526 3384 507 9527 3385 507 9528 3385 585 9529 3384 584 9530 3386 507 9531 3385 584 9532 3386 508 9533 3387 508 9534 3387 584 9535 3386 583 9536 3388 508 9537 3387 583 9538 3388 509 9539 3389 509 9540 3389 583 9541 3388 582 9542 3390 509 9543 3389 582 9544 3390 510 9545 3391 510 9546 3391 582 9547 3390 581 9548 3392 510 9549 3391 581 9550 3392 580 9551 3393 510 9552 3391 580 9553 3393 511 9554 3394 511 9555 3394 580 9556 3393 579 9557 3395 511 9558 3394 579 9559 3395 512 9560 3396 512 9561 3396 579 9562 3395 578 9563 3397 512 9564 3396 578 9565 3397 513 9566 3398 513 9567 3398 578 9568 3397 577 9569 3399 513 9570 3398 577 9571 3399 514 9572 3400 514 9573 3400 577 9574 3399 576 9575 3401 514 9576 3400 576 9577 3401 515 9578 3402 515 9579 3402 576 9580 3401 575 9581 3403 515 9582 3402 575 9583 3403 516 9584 3356 516 9585 3356 575 9586 3403 574 9587 3354 588 9588 3404 587 9589 3405 1021 9590 3406 1021 9591 3406 587 9592 3405 1874 9593 3407 1021 9594 3406 1874 9595 3407 1022 9596 3408 1022 9597 3408 1874 9598 3407 1873 9599 3409 1022 9600 3408 1873 9601 3409 1023 9602 3410 1023 9603 3410 1873 9604 3409 1872 9605 3411 1023 9606 3410 1872 9607 3411 1024 9608 3412 1024 9609 3412 1872 9610 3411 1871 9611 3413 1024 9612 3412 1871 9613 3413 1025 9614 3414 1025 9615 3414 1871 9616 3413 1870 9617 3415 1025 9618 3414 1870 9619 3415 1026 9620 3416 1026 9621 3416 1870 9622 3415 1869 9623 3417 1026 9624 3416 1869 9625 3417 1027 9626 3418 1027 9627 3418 1869 9628 3417 1868 9629 3419 1027 9630 3418 1868 9631 3419 1028 9632 3420 1028 9633 3420 1868 9634 3419 1867 9635 3421 1028 9636 3420 1867 9637 3421 1029 9638 3422 1029 9639 3422 1867 9640 3421 1866 9641 3423 1029 9642 3422 1866 9643 3423 1030 9644 3424 1030 9645 3424 1866 9646 3423 1865 9647 3425 1030 9648 3424 1865 9649 3425 1031 9650 3426 1031 9651 3426 1865 9652 3425 1864 9653 3427 1031 9654 3426 1864 9655 3427 1032 9656 3428 1032 9657 3428 1864 9658 3427 1863 9659 3429 1032 9660 3428 1863 9661 3429 601 9662 3430 601 9663 3430 1863 9664 3429 574 9665 3431 1887 9666 3432 1898 9667 3433 546 9668 3434 546 9669 3434 1898 9670 3433 559 9671 3435 546 9672 3434 559 9673 3435 547 9674 3436 547 9675 3436 559 9676 3435 558 9677 3437 547 9678 3436 558 9679 3437 548 9680 3438 548 9681 3438 558 9682 3437 557 9683 3439 548 9684 3438 557 9685 3439 549 9686 3440 549 9687 3440 557 9688 3439 556 9689 3441 549 9690 3440 556 9691 3441 550 9692 3442 550 9693 3442 556 9694 3441 555 9695 3443 550 9696 3442 555 9697 3443 551 9698 3444 551 9699 3444 555 9700 3443 554 9701 3445 551 9702 3444 554 9703 3445 552 9704 3446 552 9705 3446 554 9706 3445 553 9707 3447 1898 9708 3433 1887 9709 3432 1897 9710 3448 1897 9711 3448 1887 9712 3432 1888 9713 3449 1897 9714 3448 1888 9715 3449 1896 9716 3450 1896 9717 3450 1888 9718 3449 1889 9719 3451 1896 9720 3450 1889 9721 3451 1895 9722 3452 1895 9723 3452 1889 9724 3451 1890 9725 3453 1895 9726 3452 1890 9727 3453 1894 9728 3454 1894 9729 3454 1890 9730 3453 1891 9731 3455 1894 9732 3454 1891 9733 3455 1893 9734 3456 1893 9735 3456 1891 9736 3455 1892 9737 3457 560 9738 3458 559 9739 3459 1815 9740 3460 1815 9741 3460 559 9742 3459 1898 9743 3461 1815 9744 3460 1898 9745 3461 1816 9746 3462 1816 9747 3462 1898 9748 3461 1897 9749 3463 1816 9750 3462 1897 9751 3463 1817 9752 3464 1817 9753 3464 1897 9754 3463 1896 9755 3465 1817 9756 3464 1896 9757 3465 1818 9758 3466 1818 9759 3466 1896 9760 3465 1895 9761 3467 1818 9762 3466 1895 9763 3467 1819 9764 3468 1819 9765 3468 1895 9766 3467 1894 9767 3469 1819 9768 3468 1894 9769 3469 1820 9770 3470 1820 9771 3470 1894 9772 3469 1893 9773 3471 1820 9774 3470 1893 9775 3471 1821 9776 3472 1821 9777 3472 1893 9778 3471 1892 9779 3473 1821 9780 3472 1892 9781 3473 1822 9782 3474 1822 9783 3474 1892 9784 3473 1891 9785 3475 1822 9786 3474 1891 9787 3475 1823 9788 3476 1823 9789 3476 1891 9790 3475 1890 9791 3477 1823 9792 3476 1890 9793 3477 1824 9794 3478 1824 9795 3478 1890 9796 3477 1889 9797 3479 1824 9798 3478 1889 9799 3479 1825 9800 3480 1825 9801 3480 1889 9802 3479 1888 9803 3481 1825 9804 3480 1888 9805 3481 1826 9806 3482 1826 9807 3482 1888 9808 3481 1887 9809 3483 1826 9810 3482 1887 9811 3483 573 9812 3484 573 9813 3484 1887 9814 3483 546 9815 3485 1899 9816 3486 1910 9817 3487 518 9818 3488 518 9819 3488 1910 9820 3487 531 9821 3489 518 9822 3488 531 9823 3489 519 9824 3490 519 9825 3490 531 9826 3489 530 9827 3491 519 9828 3490 530 9829 3491 520 9830 3492 520 9831 3492 530 9832 3491 529 9833 3493 520 9834 3492 529 9835 3493 521 9836 3494 521 9837 3494 529 9838 3493 528 9839 3495 521 9840 3494 528 9841 3495 522 9842 3496 522 9843 3496 528 9844 3495 527 9845 3497 522 9846 3496 527 9847 3497 523 9848 3498 523 9849 3498 527 9850 3497 526 9851 3499 523 9852 3498 526 9853 3499 524 9854 3500 524 9855 3500 526 9856 3499 525 9857 3501 1910 9858 3487 1899 9859 3486 1909 9860 3502 1909 9861 3502 1899 9862 3486 1900 9863 3503 1909 9864 3502 1900 9865 3503 1908 9866 3504 1908 9867 3504 1900 9868 3503 1901 9869 3505 1908 9870 3504 1901 9871 3505 1907 9872 3506 1907 9873 3506 1901 9874 3505 1902 9875 3507 1907 9876 3506 1902 9877 3507 1906 9878 3508 1906 9879 3508 1902 9880 3507 1903 9881 3509 1906 9882 3508 1903 9883 3509 1905 9884 3510 1905 9885 3510 1903 9886 3509 1904 9887 3511 532 9888 3512 531 9889 3513 1839 9890 3514 1839 9891 3514 531 9892 3513 1910 9893 3515 1839 9894 3514 1910 9895 3515 1840 9896 3516 1840 9897 3516 1910 9898 3515 1909 9899 3517 1840 9900 3516 1909 9901 3517 1841 9902 3518 1841 9903 3518 1909 9904 3517 1908 9905 3519 1841 9906 3518 1908 9907 3519 1842 9908 3520 1842 9909 3520 1908 9910 3519 1907 9911 3521 1842 9912 3520 1907 9913 3521 1843 9914 3522 1843 9915 3522 1907 9916 3521 1906 9917 3523 1843 9918 3522 1906 9919 3523 1844 9920 3524 1844 9921 3524 1906 9922 3523 1905 9923 3525 1844 9924 3524 1905 9925 3525 1845 9926 3526 1845 9927 3526 1905 9928 3525 1904 9929 3527 1845 9930 3526 1904 9931 3527 1846 9932 3528 1846 9933 3528 1904 9934 3527 1903 9935 3529 1846 9936 3528 1903 9937 3529 1847 9938 3530 1847 9939 3530 1903 9940 3529 1902 9941 3531 1847 9942 3530 1902 9943 3531 1848 9944 3532 1848 9945 3532 1902 9946 3531 1901 9947 3533 1848 9948 3532 1901 9949 3533 1849 9950 3534 1849 9951 3534 1901 9952 3533 1900 9953 3535 1849 9954 3534 1900 9955 3535 1850 9956 3536 1850 9957 3536 1900 9958 3535 1899 9959 3537 1850 9960 3536 1899 9961 3537 545 9962 3538 545 9963 3538 1899 9964 3537 518 9965 3539 1911 9966 3540 1922 9967 3541 490 9968 3542 490 9969 3542 1922 9970 3541 503 9971 3543 490 9972 3542 503 9973 3543 491 9974 3544 491 9975 3544 503 9976 3543 502 9977 3545 491 9978 3544 502 9979 3545 492 9980 3546 492 9981 3546 502 9982 3545 501 9983 3547 492 9984 3546 501 9985 3547 493 9986 3548 493 9987 3548 501 9988 3547 500 9989 3549 493 9990 3548 500 9991 3549 494 9992 3550 494 9993 3550 500 9994 3549 499 9995 3551 494 9996 3550 499 9997 3551 495 9998 3552 495 9999 3552 499 10000 3551 498 10001 3553 495 10002 3552 498 10003 3553 496 10004 3554 496 10005 3554 498 10006 3553 497 10007 3555 1922 10008 3541 1911 10009 3540 1921 10010 3556 1921 10011 3556 1911 10012 3540 1912 10013 3557 1921 10014 3556 1912 10015 3557 1920 10016 3558 1920 10017 3558 1912 10018 3557 1913 10019 3559 1920 10020 3558 1913 10021 3559 1919 10022 3560 1919 10023 3560 1913 10024 3559 1914 10025 3561 1919 10026 3560 1914 10027 3561 1918 10028 3562 1918 10029 3562 1914 10030 3561 1915 10031 3563 1918 10032 3562 1915 10033 3563 1917 10034 3564 1917 10035 3564 1915 10036 3563 1916 10037 3565 504 10038 3566 503 10039 3567 1875 10040 3568 1875 10041 3568 503 10042 3567 1922 10043 3569 1875 10044 3568 1922 10045 3569 1876 10046 3570 1876 10047 3570 1922 10048 3569 1921 10049 3571 1876 10050 3570 1921 10051 3571 1877 10052 3572 1877 10053 3572 1921 10054 3571 1920 10055 3573 1877 10056 3572 1920 10057 3573 1878 10058 3574 1878 10059 3574 1920 10060 3573 1919 10061 3575 1878 10062 3574 1919 10063 3575 1879 10064 3576 1879 10065 3576 1919 10066 3575 1918 10067 3577 1879 10068 3576 1918 10069 3577 1880 10070 3578 1880 10071 3578 1918 10072 3577 1917 10073 3579 1880 10074 3578 1917 10075 3579 1881 10076 3580 1881 10077 3580 1917 10078 3579 1916 10079 3581 1881 10080 3580 1916 10081 3581 1882 10082 3582 1882 10083 3582 1916 10084 3581 1915 10085 3583 1882 10086 3582 1915 10087 3583 1883 10088 3584 1883 10089 3584 1915 10090 3583 1914 10091 3585 1883 10092 3584 1914 10093 3585 1884 10094 3586 1884 10095 3586 1914 10096 3585 1913 10097 3587 1884 10098 3586 1913 10099 3587 1885 10100 3588 1885 10101 3588 1913 10102 3587 1912 10103 3589 1885 10104 3588 1912 10105 3589 1886 10106 3590 1886 10107 3590 1912 10108 3589 1911 10109 3591 1886 10110 3590 1911 10111 3591 517 10112 3592 517 10113 3592 1911 10114 3591 490 10115 3593 1923 10116 3594 1946 10117 3595 462 10118 3596 462 10119 3596 1946 10120 3595 433 10121 3597 462 10122 3596 433 10123 3597 432 10124 3598 1946 10125 3595 1923 10126 3594 1945 10127 3599 1945 10128 3599 1923 10129 3594 1924 10130 3600 1945 10131 3599 1924 10132 3600 1944 10133 3601 1944 10134 3601 1924 10135 3600 1925 10136 3602 1944 10137 3601 1925 10138 3602 1943 10139 3603 1943 10140 3603 1925 10141 3602 1926 10142 3604 1943 10143 3603 1926 10144 3604 1942 10145 3605 1942 10146 3605 1926 10147 3604 1927 10148 3606 1942 10149 3605 1927 10150 3606 1941 10151 3607 1941 10152 3607 1927 10153 3606 1928 10154 3608 1941 10155 3607 1928 10156 3608 1929 10157 3609 1941 10158 3607 1929 10159 3609 1940 10160 3610 1940 10161 3610 1929 10162 3609 1930 10163 3611 1940 10164 3610 1930 10165 3611 1939 10166 3612 1939 10167 3612 1930 10168 3611 1931 10169 3613 1939 10170 3612 1931 10171 3613 1938 10172 3614 1938 10173 3614 1931 10174 3613 1932 10175 3615 1938 10176 3614 1932 10177 3615 1937 10178 3616 1937 10179 3616 1932 10180 3615 1933 10181 3617 1937 10182 3616 1933 10183 3617 1936 10184 3618 1936 10185 3618 1933 10186 3617 1934 10187 3619 1936 10188 3618 1934 10189 3619 1935 10190 3620 1935 10191 3620 1934 10192 3619 475 10193 3621 1935 10194 3620 475 10195 3621 420 10196 3622 420 10197 3622 475 10198 3621 421 10199 3623 421 10200 3623 475 10201 3621 474 10202 3624 421 10203 3623 474 10204 3624 422 10205 3625 422 10206 3625 474 10207 3624 473 10208 3626 422 10209 3625 473 10210 3626 423 10211 3627 423 10212 3627 473 10213 3626 472 10214 3628 423 10215 3627 472 10216 3628 424 10217 3629 424 10218 3629 472 10219 3628 471 10220 3630 424 10221 3629 471 10222 3630 425 10223 3631 425 10224 3631 471 10225 3630 470 10226 3632 425 10227 3631 470 10228 3632 426 10229 3633 426 10230 3633 470 10231 3632 469 10232 3634 426 10233 3633 469 10234 3634 468 10235 3635 426 10236 3633 468 10237 3635 427 10238 3636 427 10239 3636 468 10240 3635 467 10241 3637 427 10242 3636 467 10243 3637 428 10244 3638 428 10245 3638 467 10246 3637 466 10247 3639 428 10248 3638 466 10249 3639 429 10250 3640 429 10251 3640 466 10252 3639 465 10253 3641 429 10254 3640 465 10255 3641 430 10256 3642 430 10257 3642 465 10258 3641 464 10259 3643 430 10260 3642 464 10261 3643 431 10262 3644 431 10263 3644 464 10264 3643 463 10265 3645 431 10266 3644 463 10267 3645 432 10268 3598 432 10269 3598 463 10270 3645 462 10271 3596 476 10272 3646 475 10273 3647 1593 10274 3648 1593 10275 3648 475 10276 3647 1934 10277 3649 1593 10278 3648 1934 10279 3649 1594 10280 3650 1594 10281 3650 1934 10282 3649 1933 10283 3651 1594 10284 3650 1933 10285 3651 1595 10286 3652 1595 10287 3652 1933 10288 3651 1932 10289 3653 1595 10290 3652 1932 10291 3653 1596 10292 3654 1596 10293 3654 1932 10294 3653 1931 10295 3655 1596 10296 3654 1931 10297 3655 1597 10298 3656 1597 10299 3656 1931 10300 3655 1930 10301 3657 1597 10302 3656 1930 10303 3657 1598 10304 3658 1598 10305 3658 1930 10306 3657 1929 10307 3659 1598 10308 3658 1929 10309 3659 1599 10310 3660 1599 10311 3660 1929 10312 3659 1928 10313 3661 1599 10314 3660 1928 10315 3661 1600 10316 3662 1600 10317 3662 1928 10318 3661 1927 10319 3663 1600 10320 3662 1927 10321 3663 1601 10322 3664 1601 10323 3664 1927 10324 3663 1926 10325 3665 1601 10326 3664 1926 10327 3665 1602 10328 3666 1602 10329 3666 1926 10330 3665 1925 10331 3667 1602 10332 3666 1925 10333 3667 1603 10334 3668 1603 10335 3668 1925 10336 3667 1924 10337 3669 1603 10338 3668 1924 10339 3669 1604 10340 3670 1604 10341 3670 1924 10342 3669 1923 10343 3671 1604 10344 3670 1923 10345 3671 489 10346 3672 489 10347 3672 1923 10348 3671 462 10349 3673 1947 10350 3674 1069 10351 3675 434 10352 3676 434 10353 3676 1069 10354 3675 1006 10355 3677 434 10356 3676 1006 10357 3677 1005 10358 3678 1069 10359 3675 1947 10360 3674 1070 10361 3679 1070 10362 3679 1947 10363 3674 1948 10364 3680 1070 10365 3679 1948 10366 3680 1071 10367 3681 1071 10368 3681 1948 10369 3680 1949 10370 3682 1071 10371 3681 1949 10372 3682 1072 10373 3683 1072 10374 3683 1949 10375 3682 1950 10376 3684 1072 10377 3683 1950 10378 3684 1073 10379 3685 1073 10380 3685 1950 10381 3684 1951 10382 3686 1073 10383 3685 1951 10384 3686 1074 10385 3687 1074 10386 3687 1951 10387 3686 1952 10388 3688 1074 10389 3687 1952 10390 3688 1953 10391 3689 1074 10392 3687 1953 10393 3689 1075 10394 3690 1075 10395 3690 1953 10396 3689 1954 10397 3691 1075 10398 3690 1954 10399 3691 1076 10400 3692 1076 10401 3692 1954 10402 3691 1955 10403 3693 1076 10404 3692 1955 10405 3693 1077 10406 3694 1077 10407 3694 1955 10408 3693 1956 10409 3695 1077 10410 3694 1956 10411 3695 1078 10412 3696 1078 10413 3696 1956 10414 3695 1957 10415 3697 1078 10416 3696 1957 10417 3697 1079 10418 3698 1079 10419 3698 1957 10420 3697 1958 10421 3699 1079 10422 3698 1958 10423 3699 1080 10424 3700 1080 10425 3700 1958 10426 3699 447 10427 3701 1080 10428 3700 447 10429 3701 993 10430 3702 993 10431 3702 447 10432 3701 994 10433 3703 994 10434 3703 447 10435 3701 446 10436 3704 994 10437 3703 446 10438 3704 995 10439 3705 995 10440 3705 446 10441 3704 445 10442 3706 995 10443 3705 445 10444 3706 996 10445 3707 996 10446 3707 445 10447 3706 444 10448 3708 996 10449 3707 444 10450 3708 997 10451 3709 997 10452 3709 444 10453 3708 443 10454 3710 997 10455 3709 443 10456 3710 998 10457 3711 998 10458 3711 443 10459 3710 442 10460 3712 998 10461 3711 442 10462 3712 999 10463 3713 999 10464 3713 442 10465 3712 441 10466 3714 999 10467 3713 441 10468 3714 440 10469 3715 999 10470 3713 440 10471 3715 1000 10472 3716 1000 10473 3716 440 10474 3715 439 10475 3717 1000 10476 3716 439 10477 3717 1001 10478 3718 1001 10479 3718 439 10480 3717 438 10481 3719 1001 10482 3718 438 10483 3719 1002 10484 3720 1002 10485 3720 438 10486 3719 437 10487 3721 1002 10488 3720 437 10489 3721 1003 10490 3722 1003 10491 3722 437 10492 3721 436 10493 3723 1003 10494 3722 436 10495 3723 1004 10496 3724 1004 10497 3724 436 10498 3723 435 10499 3725 1004 10500 3724 435 10501 3725 1005 10502 3678 1005 10503 3678 435 10504 3725 434 10505 3676 448 10506 3726 447 10507 3727 1605 10508 3728 1605 10509 3728 447 10510 3727 1958 10511 3729 1605 10512 3728 1958 10513 3729 1606 10514 3730 1606 10515 3730 1958 10516 3729 1957 10517 3731 1606 10518 3730 1957 10519 3731 1607 10520 3732 1607 10521 3732 1957 10522 3731 1956 10523 3733 1607 10524 3732 1956 10525 3733 1608 10526 3734 1608 10527 3734 1956 10528 3733 1955 10529 3735 1608 10530 3734 1955 10531 3735 1609 10532 3736 1609 10533 3736 1955 10534 3735 1954 10535 3737 1609 10536 3736 1954 10537 3737 1610 10538 3738 1610 10539 3738 1954 10540 3737 1953 10541 3739 1610 10542 3738 1953 10543 3739 1611 10544 3740 1611 10545 3740 1953 10546 3739 1952 10547 3741 1611 10548 3740 1952 10549 3741 1612 10550 3742 1612 10551 3742 1952 10552 3741 1951 10553 3743 1612 10554 3742 1951 10555 3743 1613 10556 3744 1613 10557 3744 1951 10558 3743 1950 10559 3745 1613 10560 3744 1950 10561 3745 1614 10562 3746 1614 10563 3746 1950 10564 3745 1949 10565 3747 1614 10566 3746 1949 10567 3747 1615 10568 3748 1615 10569 3748 1949 10570 3747 1948 10571 3749 1615 10572 3748 1948 10573 3749 1616 10574 3750 1616 10575 3750 1948 10576 3749 1947 10577 3751 1616 10578 3750 1947 10579 3751 461 10580 3752 461 10581 3752 1947 10582 3751 434 10583 3753 418 10584 3754 407 10585 3755 419 10586 3756 419 10587 3756 407 10588 3755 406 10589 3757 419 10590 3756 406 10591 3757 1970 10592 3758 1970 10593 3758 406 10594 3757 1959 10595 3759 1970 10596 3758 1959 10597 3759 1969 10598 3760 1969 10599 3760 1959 10600 3759 1960 10601 3761 1969 10602 3760 1960 10603 3761 1968 10604 3762 1968 10605 3762 1960 10606 3761 1961 10607 3763 1968 10608 3762 1961 10609 3763 1967 10610 3764 1967 10611 3764 1961 10612 3763 1962 10613 3765 1967 10614 3764 1962 10615 3765 1966 10616 3766 1966 10617 3766 1962 10618 3765 1963 10619 3767 1966 10620 3766 1963 10621 3767 1965 10622 3768 1965 10623 3768 1963 10624 3767 1964 10625 3769 407 10626 3755 418 10627 3754 408 10628 3770 408 10629 3770 418 10630 3754 417 10631 3771 408 10632 3770 417 10633 3771 409 10634 3772 409 10635 3772 417 10636 3771 416 10637 3773 409 10638 3772 416 10639 3773 410 10640 3774 410 10641 3774 416 10642 3773 415 10643 3775 410 10644 3774 415 10645 3775 411 10646 3776 411 10647 3776 415 10648 3775 414 10649 3777 411 10650 3776 414 10651 3777 412 10652 3778 412 10653 3778 414 10654 3777 413 10655 3779 420 10656 3780 419 10657 3781 1935 10658 3782 1935 10659 3782 419 10660 3781 1970 10661 3783 1935 10662 3782 1970 10663 3783 1936 10664 3784 1936 10665 3784 1970 10666 3783 1969 10667 3785 1936 10668 3784 1969 10669 3785 1937 10670 3786 1937 10671 3786 1969 10672 3785 1968 10673 3787 1937 10674 3786 1968 10675 3787 1938 10676 3788 1938 10677 3788 1968 10678 3787 1967 10679 3789 1938 10680 3788 1967 10681 3789 1939 10682 3790 1939 10683 3790 1967 10684 3789 1966 10685 3791 1939 10686 3790 1966 10687 3791 1940 10688 3792 1940 10689 3792 1966 10690 3791 1965 10691 3793 1940 10692 3792 1965 10693 3793 1941 10694 3794 1941 10695 3794 1965 10696 3793 1964 10697 3795 1941 10698 3794 1964 10699 3795 1942 10700 3796 1942 10701 3796 1964 10702 3795 1963 10703 3797 1942 10704 3796 1963 10705 3797 1943 10706 3798 1943 10707 3798 1963 10708 3797 1962 10709 3799 1943 10710 3798 1962 10711 3799 1944 10712 3800 1944 10713 3800 1962 10714 3799 1961 10715 3801 1944 10716 3800 1961 10717 3801 1945 10718 3802 1945 10719 3802 1961 10720 3801 1960 10721 3803 1945 10722 3802 1960 10723 3803 1946 10724 3804 1946 10725 3804 1960 10726 3803 1959 10727 3805 1946 10728 3804 1959 10729 3805 433 10730 3806 433 10731 3806 1959 10732 3805 406 10733 3807 1971 10734 3808 1994 10735 3809 378 10736 3810 378 10737 3810 1994 10738 3809 321 10739 3811 378 10740 3810 321 10741 3811 320 10742 3812 1994 10743 3809 1971 10744 3808 1993 10745 3813 1993 10746 3813 1971 10747 3808 1972 10748 3814 1993 10749 3813 1972 10750 3814 1992 10751 3815 1992 10752 3815 1972 10753 3814 1973 10754 3816 1992 10755 3815 1973 10756 3816 1991 10757 3817 1991 10758 3817 1973 10759 3816 1974 10760 3818 1991 10761 3817 1974 10762 3818 1990 10763 3819 1990 10764 3819 1974 10765 3818 1975 10766 3820 1990 10767 3819 1975 10768 3820 1989 10769 3821 1989 10770 3821 1975 10771 3820 1976 10772 3822 1989 10773 3821 1976 10774 3822 1977 10775 3823 1989 10776 3821 1977 10777 3823 1988 10778 3824 1988 10779 3824 1977 10780 3823 1978 10781 3825 1988 10782 3824 1978 10783 3825 1987 10784 3826 1987 10785 3826 1978 10786 3825 1979 10787 3827 1987 10788 3826 1979 10789 3827 1986 10790 3828 1986 10791 3828 1979 10792 3827 1980 10793 3829 1986 10794 3828 1980 10795 3829 1985 10796 3830 1985 10797 3830 1980 10798 3829 1981 10799 3831 1985 10800 3830 1981 10801 3831 1984 10802 3832 1984 10803 3832 1981 10804 3831 1982 10805 3833 1984 10806 3832 1982 10807 3833 1983 10808 3834 1983 10809 3834 1982 10810 3833 391 10811 3835 1983 10812 3834 391 10813 3835 308 10814 3836 308 10815 3836 391 10816 3835 309 10817 3837 309 10818 3837 391 10819 3835 390 10820 3838 309 10821 3837 390 10822 3838 310 10823 3839 310 10824 3839 390 10825 3838 389 10826 3840 310 10827 3839 389 10828 3840 311 10829 3841 311 10830 3841 389 10831 3840 388 10832 3842 311 10833 3841 388 10834 3842 312 10835 3843 312 10836 3843 388 10837 3842 387 10838 3844 312 10839 3843 387 10840 3844 313 10841 3845 313 10842 3845 387 10843 3844 386 10844 3846 313 10845 3845 386 10846 3846 314 10847 3847 314 10848 3847 386 10849 3846 385 10850 3848 314 10851 3847 385 10852 3848 384 10853 3849 314 10854 3847 384 10855 3849 315 10856 3850 315 10857 3850 384 10858 3849 383 10859 3851 315 10860 3850 383 10861 3851 316 10862 3852 316 10863 3852 383 10864 3851 382 10865 3853 316 10866 3852 382 10867 3853 317 10868 3854 317 10869 3854 382 10870 3853 381 10871 3855 317 10872 3854 381 10873 3855 318 10874 3856 318 10875 3856 381 10876 3855 380 10877 3857 318 10878 3856 380 10879 3857 319 10880 3858 319 10881 3858 380 10882 3857 379 10883 3859 319 10884 3858 379 10885 3859 320 10886 3812 320 10887 3812 379 10888 3859 378 10889 3810 392 10890 3860 391 10891 3861 1679 10892 3862 1679 10893 3862 391 10894 3861 1982 10895 3863 1679 10896 3862 1982 10897 3863 1680 10898 3864 1680 10899 3864 1982 10900 3863 1981 10901 3865 1680 10902 3864 1981 10903 3865 1681 10904 3866 1681 10905 3866 1981 10906 3865 1980 10907 3867 1681 10908 3866 1980 10909 3867 1682 10910 3868 1682 10911 3868 1980 10912 3867 1979 10913 3869 1682 10914 3868 1979 10915 3869 1683 10916 3870 1683 10917 3870 1979 10918 3869 1978 10919 3871 1683 10920 3870 1978 10921 3871 1684 10922 3872 1684 10923 3872 1978 10924 3871 1977 10925 3873 1684 10926 3872 1977 10927 3873 1685 10928 3874 1685 10929 3874 1977 10930 3873 1976 10931 3875 1685 10932 3874 1976 10933 3875 1686 10934 3876 1686 10935 3876 1976 10936 3875 1975 10937 3877 1686 10938 3876 1975 10939 3877 1687 10940 3878 1687 10941 3878 1975 10942 3877 1974 10943 3879 1687 10944 3878 1974 10945 3879 1688 10946 3880 1688 10947 3880 1974 10948 3879 1973 10949 3881 1688 10950 3880 1973 10951 3881 1689 10952 3882 1689 10953 3882 1973 10954 3881 1972 10955 3883 1689 10956 3882 1972 10957 3883 1690 10958 3884 1690 10959 3884 1972 10960 3883 1971 10961 3885 1690 10962 3884 1971 10963 3885 405 10964 3886 405 10965 3886 1971 10966 3885 378 10967 3887 1995 10968 3888 2018 10969 3889 350 10970 3890 350 10971 3890 2018 10972 3889 293 10973 3891 350 10974 3890 293 10975 3891 292 10976 3892 2018 10977 3889 1995 10978 3888 2017 10979 3893 2017 10980 3893 1995 10981 3888 1996 10982 3894 2017 10983 3893 1996 10984 3894 2016 10985 3895 2016 10986 3895 1996 10987 3894 1997 10988 3896 2016 10989 3895 1997 10990 3896 2015 10991 3897 2015 10992 3897 1997 10993 3896 1998 10994 3898 2015 10995 3897 1998 10996 3898 2014 10997 3899 2014 10998 3899 1998 10999 3898 1999 11000 3900 2014 11001 3899 1999 11002 3900 2013 11003 3901 2013 11004 3901 1999 11005 3900 2000 11006 3902 2013 11007 3901 2000 11008 3902 2001 11009 3903 2013 11010 3901 2001 11011 3903 2012 11012 3904 2012 11013 3904 2001 11014 3903 2002 11015 3905 2012 11016 3904 2002 11017 3905 2011 11018 3906 2011 11019 3906 2002 11020 3905 2003 11021 3907 2011 11022 3906 2003 11023 3907 2010 11024 3908 2010 11025 3908 2003 11026 3907 2004 11027 3909 2010 11028 3908 2004 11029 3909 2009 11030 3910 2009 11031 3910 2004 11032 3909 2005 11033 3911 2009 11034 3910 2005 11035 3911 2008 11036 3912 2008 11037 3912 2005 11038 3911 2006 11039 3913 2008 11040 3912 2006 11041 3913 2007 11042 3914 2007 11043 3914 2006 11044 3913 363 11045 3915 2007 11046 3914 363 11047 3915 280 11048 3916 280 11049 3916 363 11050 3915 281 11051 3917 281 11052 3917 363 11053 3915 362 11054 3918 281 11055 3917 362 11056 3918 282 11057 3919 282 11058 3919 362 11059 3918 361 11060 3920 282 11061 3919 361 11062 3920 283 11063 3921 283 11064 3921 361 11065 3920 360 11066 3922 283 11067 3921 360 11068 3922 284 11069 3923 284 11070 3923 360 11071 3922 359 11072 3924 284 11073 3923 359 11074 3924 285 11075 3925 285 11076 3925 359 11077 3924 358 11078 3926 285 11079 3925 358 11080 3926 286 11081 3927 286 11082 3927 358 11083 3926 357 11084 3928 286 11085 3927 357 11086 3928 356 11087 3929 286 11088 3927 356 11089 3929 287 11090 3930 287 11091 3930 356 11092 3929 355 11093 3931 287 11094 3930 355 11095 3931 288 11096 3932 288 11097 3932 355 11098 3931 354 11099 3933 288 11100 3932 354 11101 3933 289 11102 3934 289 11103 3934 354 11104 3933 353 11105 3935 289 11106 3934 353 11107 3935 290 11108 3936 290 11109 3936 353 11110 3935 352 11111 3937 290 11112 3936 352 11113 3937 291 11114 3938 291 11115 3938 352 11116 3937 351 11117 3939 291 11118 3938 351 11119 3939 292 11120 3892 292 11121 3892 351 11122 3939 350 11123 3890 364 11124 3940 363 11125 3941 1691 11126 3942 1691 11127 3942 363 11128 3941 2006 11129 3943 1691 11130 3942 2006 11131 3943 1692 11132 3944 1692 11133 3944 2006 11134 3943 2005 11135 3945 1692 11136 3944 2005 11137 3945 1693 11138 3946 1693 11139 3946 2005 11140 3945 2004 11141 3947 1693 11142 3946 2004 11143 3947 1694 11144 3948 1694 11145 3948 2004 11146 3947 2003 11147 3949 1694 11148 3948 2003 11149 3949 1695 11150 3950 1695 11151 3950 2003 11152 3949 2002 11153 3951 1695 11154 3950 2002 11155 3951 1696 11156 3952 1696 11157 3952 2002 11158 3951 2001 11159 3953 1696 11160 3952 2001 11161 3953 1697 11162 3954 1697 11163 3954 2001 11164 3953 2000 11165 3955 1697 11166 3954 2000 11167 3955 1698 11168 3956 1698 11169 3956 2000 11170 3955 1999 11171 3957 1698 11172 3956 1999 11173 3957 1699 11174 3958 1699 11175 3958 1999 11176 3957 1998 11177 3959 1699 11178 3958 1998 11179 3959 1700 11180 3960 1700 11181 3960 1998 11182 3959 1997 11183 3961 1700 11184 3960 1997 11185 3961 1701 11186 3962 1701 11187 3962 1997 11188 3961 1996 11189 3963 1701 11190 3962 1996 11191 3963 1702 11192 3964 1702 11193 3964 1996 11194 3963 1995 11195 3965 1702 11196 3964 1995 11197 3965 377 11198 3966 377 11199 3966 1995 11200 3965 350 11201 3967 2019 11202 3968 2042 11203 3969 322 11204 3970 322 11205 3970 2042 11206 3969 265 11207 3971 322 11208 3970 265 11209 3971 264 11210 3972 2042 11211 3969 2019 11212 3968 2041 11213 3973 2041 11214 3973 2019 11215 3968 2020 11216 3974 2041 11217 3973 2020 11218 3974 2040 11219 3975 2040 11220 3975 2020 11221 3974 2021 11222 3976 2040 11223 3975 2021 11224 3976 2039 11225 3977 2039 11226 3977 2021 11227 3976 2022 11228 3978 2039 11229 3977 2022 11230 3978 2038 11231 3979 2038 11232 3979 2022 11233 3978 2023 11234 3980 2038 11235 3979 2023 11236 3980 2037 11237 3981 2037 11238 3981 2023 11239 3980 2024 11240 3982 2037 11241 3981 2024 11242 3982 2025 11243 3983 2037 11244 3981 2025 11245 3983 2036 11246 3984 2036 11247 3984 2025 11248 3983 2026 11249 3985 2036 11250 3984 2026 11251 3985 2035 11252 3986 2035 11253 3986 2026 11254 3985 2027 11255 3987 2035 11256 3986 2027 11257 3987 2034 11258 3988 2034 11259 3988 2027 11260 3987 2028 11261 3989 2034 11262 3988 2028 11263 3989 2033 11264 3990 2033 11265 3990 2028 11266 3989 2029 11267 3991 2033 11268 3990 2029 11269 3991 2032 11270 3992 2032 11271 3992 2029 11272 3991 2030 11273 3993 2032 11274 3992 2030 11275 3993 2031 11276 3994 2031 11277 3994 2030 11278 3993 335 11279 3995 2031 11280 3994 335 11281 3995 252 11282 3996 252 11283 3996 335 11284 3995 253 11285 3997 253 11286 3997 335 11287 3995 334 11288 3998 253 11289 3997 334 11290 3998 254 11291 3999 254 11292 3999 334 11293 3998 333 11294 4000 254 11295 3999 333 11296 4000 255 11297 4001 255 11298 4001 333 11299 4000 332 11300 4002 255 11301 4001 332 11302 4002 256 11303 4003 256 11304 4003 332 11305 4002 331 11306 4004 256 11307 4003 331 11308 4004 257 11309 4005 257 11310 4005 331 11311 4004 330 11312 4006 257 11313 4005 330 11314 4006 258 11315 4007 258 11316 4007 330 11317 4006 329 11318 4008 258 11319 4007 329 11320 4008 328 11321 4009 258 11322 4007 328 11323 4009 259 11324 4010 259 11325 4010 328 11326 4009 327 11327 4011 259 11328 4010 327 11329 4011 260 11330 4012 260 11331 4012 327 11332 4011 326 11333 4013 260 11334 4012 326 11335 4013 261 11336 4014 261 11337 4014 326 11338 4013 325 11339 4015 261 11340 4014 325 11341 4015 262 11342 4016 262 11343 4016 325 11344 4015 324 11345 4017 262 11346 4016 324 11347 4017 263 11348 4018 263 11349 4018 324 11350 4017 323 11351 4019 263 11352 4018 323 11353 4019 264 11354 3972 264 11355 3972 323 11356 4019 322 11357 3970 336 11358 4020 335 11359 4021 1779 11360 4022 1779 11361 4022 335 11362 4021 2030 11363 4023 1779 11364 4022 2030 11365 4023 1780 11366 4024 1780 11367 4024 2030 11368 4023 2029 11369 4025 1780 11370 4024 2029 11371 4025 1781 11372 4026 1781 11373 4026 2029 11374 4025 2028 11375 4027 1781 11376 4026 2028 11377 4027 1782 11378 4028 1782 11379 4028 2028 11380 4027 2027 11381 4029 1782 11382 4028 2027 11383 4029 1783 11384 4030 1783 11385 4030 2027 11386 4029 2026 11387 4031 1783 11388 4030 2026 11389 4031 1784 11390 4032 1784 11391 4032 2026 11392 4031 2025 11393 4033 1784 11394 4032 2025 11395 4033 1785 11396 4034 1785 11397 4034 2025 11398 4033 2024 11399 4035 1785 11400 4034 2024 11401 4035 1786 11402 4036 1786 11403 4036 2024 11404 4035 2023 11405 4037 1786 11406 4036 2023 11407 4037 1787 11408 4038 1787 11409 4038 2023 11410 4037 2022 11411 4039 1787 11412 4038 2022 11413 4039 1788 11414 4040 1788 11415 4040 2022 11416 4039 2021 11417 4041 1788 11418 4040 2021 11419 4041 1789 11420 4042 1789 11421 4042 2021 11422 4041 2020 11423 4043 1789 11424 4042 2020 11425 4043 1790 11426 4044 1790 11427 4044 2020 11428 4043 2019 11429 4045 1790 11430 4044 2019 11431 4045 349 11432 4046 349 11433 4046 2019 11434 4045 322 11435 4047 2043 11436 4048 2054 11437 4049 294 11438 4050 294 11439 4050 2054 11440 4049 307 11441 4051 294 11442 4050 307 11443 4051 295 11444 4052 295 11445 4052 307 11446 4051 306 11447 4053 295 11448 4052 306 11449 4053 296 11450 4054 296 11451 4054 306 11452 4053 305 11453 4055 296 11454 4054 305 11455 4055 297 11456 4056 297 11457 4056 305 11458 4055 304 11459 4057 297 11460 4056 304 11461 4057 298 11462 4058 298 11463 4058 304 11464 4057 303 11465 4059 298 11466 4058 303 11467 4059 299 11468 4060 299 11469 4060 303 11470 4059 302 11471 4061 299 11472 4060 302 11473 4061 300 11474 4062 300 11475 4062 302 11476 4061 301 11477 4063 2054 11478 4049 2043 11479 4048 2053 11480 4064 2053 11481 4064 2043 11482 4048 2044 11483 4065 2053 11484 4064 2044 11485 4065 2052 11486 4066 2052 11487 4066 2044 11488 4065 2045 11489 4067 2052 11490 4066 2045 11491 4067 2051 11492 4068 2051 11493 4068 2045 11494 4067 2046 11495 4069 2051 11496 4068 2046 11497 4069 2050 11498 4070 2050 11499 4070 2046 11500 4069 2047 11501 4071 2050 11502 4070 2047 11503 4071 2049 11504 4072 2049 11505 4072 2047 11506 4071 2048 11507 4073 308 11508 4074 307 11509 4075 1983 11510 4076 1983 11511 4076 307 11512 4075 2054 11513 4077 1983 11514 4076 2054 11515 4077 1984 11516 4078 1984 11517 4078 2054 11518 4077 2053 11519 4079 1984 11520 4078 2053 11521 4079 1985 11522 4080 1985 11523 4080 2053 11524 4079 2052 11525 4081 1985 11526 4080 2052 11527 4081 1986 11528 4082 1986 11529 4082 2052 11530 4081 2051 11531 4083 1986 11532 4082 2051 11533 4083 1987 11534 4084 1987 11535 4084 2051 11536 4083 2050 11537 4085 1987 11538 4084 2050 11539 4085 1988 11540 4086 1988 11541 4086 2050 11542 4085 2049 11543 4087 1988 11544 4086 2049 11545 4087 1989 11546 4088 1989 11547 4088 2049 11548 4087 2048 11549 4089 1989 11550 4088 2048 11551 4089 1990 11552 4090 1990 11553 4090 2048 11554 4089 2047 11555 4091 1990 11556 4090 2047 11557 4091 1991 11558 4092 1991 11559 4092 2047 11560 4091 2046 11561 4093 1991 11562 4092 2046 11563 4093 1992 11564 4094 1992 11565 4094 2046 11566 4093 2045 11567 4095 1992 11568 4094 2045 11569 4095 1993 11570 4096 1993 11571 4096 2045 11572 4095 2044 11573 4097 1993 11574 4096 2044 11575 4097 1994 11576 4098 1994 11577 4098 2044 11578 4097 2043 11579 4099 1994 11580 4098 2043 11581 4099 321 11582 4100 321 11583 4100 2043 11584 4099 294 11585 4101 2055 11586 4102 2066 11587 4103 266 11588 4104 266 11589 4104 2066 11590 4103 279 11591 4105 266 11592 4104 279 11593 4105 267 11594 4106 267 11595 4106 279 11596 4105 278 11597 4107 267 11598 4106 278 11599 4107 268 11600 4108 268 11601 4108 278 11602 4107 277 11603 4109 268 11604 4108 277 11605 4109 269 11606 4110 269 11607 4110 277 11608 4109 276 11609 4111 269 11610 4110 276 11611 4111 270 11612 4112 270 11613 4112 276 11614 4111 275 11615 4113 270 11616 4112 275 11617 4113 271 11618 4114 271 11619 4114 275 11620 4113 274 11621 4115 271 11622 4114 274 11623 4115 272 11624 4116 272 11625 4116 274 11626 4115 273 11627 4117 2066 11628 4103 2055 11629 4102 2065 11630 4118 2065 11631 4118 2055 11632 4102 2056 11633 4119 2065 11634 4118 2056 11635 4119 2064 11636 4120 2064 11637 4120 2056 11638 4119 2057 11639 4121 2064 11640 4120 2057 11641 4121 2063 11642 4122 2063 11643 4122 2057 11644 4121 2058 11645 4123 2063 11646 4122 2058 11647 4123 2062 11648 4124 2062 11649 4124 2058 11650 4123 2059 11651 4125 2062 11652 4124 2059 11653 4125 2061 11654 4126 2061 11655 4126 2059 11656 4125 2060 11657 4127 280 11658 4128 279 11659 4129 2007 11660 4130 2007 11661 4130 279 11662 4129 2066 11663 4131 2007 11664 4130 2066 11665 4131 2008 11666 4132 2008 11667 4132 2066 11668 4131 2065 11669 4133 2008 11670 4132 2065 11671 4133 2009 11672 4134 2009 11673 4134 2065 11674 4133 2064 11675 4135 2009 11676 4134 2064 11677 4135 2010 11678 4136 2010 11679 4136 2064 11680 4135 2063 11681 4137 2010 11682 4136 2063 11683 4137 2011 11684 4138 2011 11685 4138 2063 11686 4137 2062 11687 4139 2011 11688 4138 2062 11689 4139 2012 11690 4140 2012 11691 4140 2062 11692 4139 2061 11693 4141 2012 11694 4140 2061 11695 4141 2013 11696 4142 2013 11697 4142 2061 11698 4141 2060 11699 4143 2013 11700 4142 2060 11701 4143 2014 11702 4144 2014 11703 4144 2060 11704 4143 2059 11705 4145 2014 11706 4144 2059 11707 4145 2015 11708 4146 2015 11709 4146 2059 11710 4145 2058 11711 4147 2015 11712 4146 2058 11713 4147 2016 11714 4148 2016 11715 4148 2058 11716 4147 2057 11717 4149 2016 11718 4148 2057 11719 4149 2017 11720 4150 2017 11721 4150 2057 11722 4149 2056 11723 4151 2017 11724 4150 2056 11725 4151 2018 11726 4152 2018 11727 4152 2056 11728 4151 2055 11729 4153 2018 11730 4152 2055 11731 4153 293 11732 4154 293 11733 4154 2055 11734 4153 266 11735 4155 2067 11736 4156 2078 11737 4157 238 11738 4158 238 11739 4158 2078 11740 4157 251 11741 4159 238 11742 4158 251 11743 4159 239 11744 4160 239 11745 4160 251 11746 4159 250 11747 4161 239 11748 4160 250 11749 4161 240 11750 4162 240 11751 4162 250 11752 4161 249 11753 4163 240 11754 4162 249 11755 4163 241 11756 4164 241 11757 4164 249 11758 4163 248 11759 4165 241 11760 4164 248 11761 4165 242 11762 4166 242 11763 4166 248 11764 4165 247 11765 4167 242 11766 4166 247 11767 4167 243 11768 4168 243 11769 4168 247 11770 4167 246 11771 4169 243 11772 4168 246 11773 4169 244 11774 4170 244 11775 4170 246 11776 4169 245 11777 4171 2078 11778 4157 2067 11779 4156 2077 11780 4172 2077 11781 4172 2067 11782 4156 2068 11783 4173 2077 11784 4172 2068 11785 4173 2076 11786 4174 2076 11787 4174 2068 11788 4173 2069 11789 4175 2076 11790 4174 2069 11791 4175 2075 11792 4176 2075 11793 4176 2069 11794 4175 2070 11795 4177 2075 11796 4176 2070 11797 4177 2074 11798 4178 2074 11799 4178 2070 11800 4177 2071 11801 4179 2074 11802 4178 2071 11803 4179 2073 11804 4180 2073 11805 4180 2071 11806 4179 2072 11807 4181 252 11808 4182 251 11809 4183 2031 11810 4184 2031 11811 4184 251 11812 4183 2078 11813 4185 2031 11814 4184 2078 11815 4185 2032 11816 4186 2032 11817 4186 2078 11818 4185 2077 11819 4187 2032 11820 4186 2077 11821 4187 2033 11822 4188 2033 11823 4188 2077 11824 4187 2076 11825 4189 2033 11826 4188 2076 11827 4189 2034 11828 4190 2034 11829 4190 2076 11830 4189 2075 11831 4191 2034 11832 4190 2075 11833 4191 2035 11834 4192 2035 11835 4192 2075 11836 4191 2074 11837 4193 2035 11838 4192 2074 11839 4193 2036 11840 4194 2036 11841 4194 2074 11842 4193 2073 11843 4195 2036 11844 4194 2073 11845 4195 2037 11846 4196 2037 11847 4196 2073 11848 4195 2072 11849 4197 2037 11850 4196 2072 11851 4197 2038 11852 4198 2038 11853 4198 2072 11854 4197 2071 11855 4199 2038 11856 4198 2071 11857 4199 2039 11858 4200 2039 11859 4200 2071 11860 4199 2070 11861 4201 2039 11862 4200 2070 11863 4201 2040 11864 4202 2040 11865 4202 2070 11866 4201 2069 11867 4203 2040 11868 4202 2069 11869 4203 2041 11870 4204 2041 11871 4204 2069 11872 4203 2068 11873 4205 2041 11874 4204 2068 11875 4205 2042 11876 4206 2042 11877 4206 2068 11878 4205 2067 11879 4207 2042 11880 4206 2067 11881 4207 265 11882 4208 265 11883 4208 2067 11884 4207 238 11885 4209 2079 11886 4210 2102 11887 4211 210 11888 4212 210 11889 4212 2102 11890 4211 181 11891 4213 210 11892 4212 181 11893 4213 180 11894 4214 2102 11895 4211 2079 11896 4210 2101 11897 4215 2101 11898 4215 2079 11899 4210 2080 11900 4216 2101 11901 4215 2080 11902 4216 2100 11903 4217 2100 11904 4217 2080 11905 4216 2081 11906 4218 2100 11907 4217 2081 11908 4218 2099 11909 4219 2099 11910 4219 2081 11911 4218 2082 11912 4220 2099 11913 4219 2082 11914 4220 2098 11915 4221 2098 11916 4221 2082 11917 4220 2083 11918 4222 2098 11919 4221 2083 11920 4222 2097 11921 4223 2097 11922 4223 2083 11923 4222 2084 11924 4224 2097 11925 4223 2084 11926 4224 2085 11927 4225 2097 11928 4223 2085 11929 4225 2096 11930 4226 2096 11931 4226 2085 11932 4225 2086 11933 4227 2096 11934 4226 2086 11935 4227 2095 11936 4228 2095 11937 4228 2086 11938 4227 2087 11939 4229 2095 11940 4228 2087 11941 4229 2094 11942 4230 2094 11943 4230 2087 11944 4229 2088 11945 4231 2094 11946 4230 2088 11947 4231 2093 11948 4232 2093 11949 4232 2088 11950 4231 2089 11951 4233 2093 11952 4232 2089 11953 4233 2092 11954 4234 2092 11955 4234 2089 11956 4233 2090 11957 4235 2092 11958 4234 2090 11959 4235 2091 11960 4236 2091 11961 4236 2090 11962 4235 223 11963 4237 2091 11964 4236 223 11965 4237 168 11966 4238 168 11967 4238 223 11968 4237 169 11969 4239 169 11970 4239 223 11971 4237 222 11972 4240 169 11973 4239 222 11974 4240 170 11975 4241 170 11976 4241 222 11977 4240 221 11978 4242 170 11979 4241 221 11980 4242 171 11981 4243 171 11982 4243 221 11983 4242 220 11984 4244 171 11985 4243 220 11986 4244 172 11987 4245 172 11988 4245 220 11989 4244 219 11990 4246 172 11991 4245 219 11992 4246 173 11993 4247 173 11994 4247 219 11995 4246 218 11996 4248 173 11997 4247 218 11998 4248 174 11999 4249 174 12000 4249 218 12001 4248 217 12002 4250 174 12003 4249 217 12004 4250 216 12005 4251 174 12006 4249 216 12007 4251 175 12008 4252 175 12009 4252 216 12010 4251 215 12011 4253 175 12012 4252 215 12013 4253 176 12014 4254 176 12015 4254 215 12016 4253 214 12017 4255 176 12018 4254 214 12019 4255 177 12020 4256 177 12021 4256 214 12022 4255 213 12023 4257 177 12024 4256 213 12025 4257 178 12026 4258 178 12027 4258 213 12028 4257 212 12029 4259 178 12030 4258 212 12031 4259 179 12032 4260 179 12033 4260 212 12034 4259 211 12035 4261 179 12036 4260 211 12037 4261 180 12038 4214 180 12039 4214 211 12040 4261 210 12041 4212 224 12042 4262 223 12043 4263 1631 12044 4264 1631 12045 4264 223 12046 4263 2090 12047 4265 1631 12048 4264 2090 12049 4265 1632 12050 4266 1632 12051 4266 2090 12052 4265 2089 12053 4267 1632 12054 4266 2089 12055 4267 1633 12056 4268 1633 12057 4268 2089 12058 4267 2088 12059 4269 1633 12060 4268 2088 12061 4269 1634 12062 4270 1634 12063 4270 2088 12064 4269 2087 12065 4271 1634 12066 4270 2087 12067 4271 1635 12068 4272 1635 12069 4272 2087 12070 4271 2086 12071 4273 1635 12072 4272 2086 12073 4273 1636 12074 4274 1636 12075 4274 2086 12076 4273 2085 12077 4275 1636 12078 4274 2085 12079 4275 1637 12080 4276 1637 12081 4276 2085 12082 4275 2084 12083 4277 1637 12084 4276 2084 12085 4277 1638 12086 4278 1638 12087 4278 2084 12088 4277 2083 12089 4279 1638 12090 4278 2083 12091 4279 1639 12092 4280 1639 12093 4280 2083 12094 4279 2082 12095 4281 1639 12096 4280 2082 12097 4281 1640 12098 4282 1640 12099 4282 2082 12100 4281 2081 12101 4283 1640 12102 4282 2081 12103 4283 1641 12104 4284 1641 12105 4284 2081 12106 4283 2080 12107 4285 1641 12108 4284 2080 12109 4285 1642 12110 4286 1642 12111 4286 2080 12112 4285 2079 12113 4287 1642 12114 4286 2079 12115 4287 237 12116 4288 237 12117 4288 2079 12118 4287 210 12119 4289 2103 12120 4290 2126 12121 4291 182 12122 4292 182 12123 4292 2126 12124 4291 153 12125 4293 182 12126 4292 153 12127 4293 152 12128 4294 2126 12129 4291 2103 12130 4290 2125 12131 4295 2125 12132 4295 2103 12133 4290 2104 12134 4296 2125 12135 4295 2104 12136 4296 2124 12137 4297 2124 12138 4297 2104 12139 4296 2105 12140 4298 2124 12141 4297 2105 12142 4298 2123 12143 4299 2123 12144 4299 2105 12145 4298 2106 12146 4300 2123 12147 4299 2106 12148 4300 2122 12149 4301 2122 12150 4301 2106 12151 4300 2107 12152 4302 2122 12153 4301 2107 12154 4302 2121 12155 4303 2121 12156 4303 2107 12157 4302 2108 12158 4304 2121 12159 4303 2108 12160 4304 2109 12161 4305 2121 12162 4303 2109 12163 4305 2120 12164 4306 2120 12165 4306 2109 12166 4305 2110 12167 4307 2120 12168 4306 2110 12169 4307 2119 12170 4308 2119 12171 4308 2110 12172 4307 2111 12173 4309 2119 12174 4308 2111 12175 4309 2118 12176 4310 2118 12177 4310 2111 12178 4309 2112 12179 4311 2118 12180 4310 2112 12181 4311 2117 12182 4312 2117 12183 4312 2112 12184 4311 2113 12185 4313 2117 12186 4312 2113 12187 4313 2116 12188 4314 2116 12189 4314 2113 12190 4313 2114 12191 4315 2116 12192 4314 2114 12193 4315 2115 12194 4316 2115 12195 4316 2114 12196 4315 195 12197 4317 2115 12198 4316 195 12199 4317 140 12200 4318 140 12201 4318 195 12202 4317 141 12203 4319 141 12204 4319 195 12205 4317 194 12206 4320 141 12207 4319 194 12208 4320 142 12209 4321 142 12210 4321 194 12211 4320 193 12212 4322 142 12213 4321 193 12214 4322 143 12215 4323 143 12216 4323 193 12217 4322 192 12218 4324 143 12219 4323 192 12220 4324 144 12221 4325 144 12222 4325 192 12223 4324 191 12224 4326 144 12225 4325 191 12226 4326 145 12227 4327 145 12228 4327 191 12229 4326 190 12230 4328 145 12231 4327 190 12232 4328 146 12233 4329 146 12234 4329 190 12235 4328 189 12236 4330 146 12237 4329 189 12238 4330 188 12239 4331 146 12240 4329 188 12241 4331 147 12242 4332 147 12243 4332 188 12244 4331 187 12245 4333 147 12246 4332 187 12247 4333 148 12248 4334 148 12249 4334 187 12250 4333 186 12251 4335 148 12252 4334 186 12253 4335 149 12254 4336 149 12255 4336 186 12256 4335 185 12257 4337 149 12258 4336 185 12259 4337 150 12260 4338 150 12261 4338 185 12262 4337 184 12263 4339 150 12264 4338 184 12265 4339 151 12266 4340 151 12267 4340 184 12268 4339 183 12269 4341 151 12270 4340 183 12271 4341 152 12272 4294 152 12273 4294 183 12274 4341 182 12275 4292 196 12276 4342 195 12277 4343 1791 12278 4344 1791 12279 4344 195 12280 4343 2114 12281 4345 1791 12282 4344 2114 12283 4345 1792 12284 4346 1792 12285 4346 2114 12286 4345 2113 12287 4347 1792 12288 4346 2113 12289 4347 1793 12290 4348 1793 12291 4348 2113 12292 4347 2112 12293 4349 1793 12294 4348 2112 12295 4349 1794 12296 4350 1794 12297 4350 2112 12298 4349 2111 12299 4351 1794 12300 4350 2111 12301 4351 1795 12302 4352 1795 12303 4352 2111 12304 4351 2110 12305 4353 1795 12306 4352 2110 12307 4353 1796 12308 4354 1796 12309 4354 2110 12310 4353 2109 12311 4355 1796 12312 4354 2109 12313 4355 1797 12314 4356 1797 12315 4356 2109 12316 4355 2108 12317 4357 1797 12318 4356 2108 12319 4357 1798 12320 4358 1798 12321 4358 2108 12322 4357 2107 12323 4359 1798 12324 4358 2107 12325 4359 1799 12326 4360 1799 12327 4360 2107 12328 4359 2106 12329 4361 1799 12330 4360 2106 12331 4361 1800 12332 4362 1800 12333 4362 2106 12334 4361 2105 12335 4363 1800 12336 4362 2105 12337 4363 1801 12338 4364 1801 12339 4364 2105 12340 4363 2104 12341 4365 1801 12342 4364 2104 12343 4365 1802 12344 4366 1802 12345 4366 2104 12346 4365 2103 12347 4367 1802 12348 4366 2103 12349 4367 209 12350 4368 209 12351 4368 2103 12352 4367 182 12353 4369 2127 12354 4370 2138 12355 4371 154 12356 4372 154 12357 4372 2138 12358 4371 167 12359 4373 154 12360 4372 167 12361 4373 155 12362 4374 155 12363 4374 167 12364 4373 166 12365 4375 155 12366 4374 166 12367 4375 156 12368 4376 156 12369 4376 166 12370 4375 165 12371 4377 156 12372 4376 165 12373 4377 157 12374 4378 157 12375 4378 165 12376 4377 164 12377 4379 157 12378 4378 164 12379 4379 158 12380 4380 158 12381 4380 164 12382 4379 163 12383 4381 158 12384 4380 163 12385 4381 159 12386 4382 159 12387 4382 163 12388 4381 162 12389 4383 159 12390 4382 162 12391 4383 160 12392 4384 160 12393 4384 162 12394 4383 161 12395 4385 2138 12396 4371 2127 12397 4370 2137 12398 4386 2137 12399 4386 2127 12400 4370 2128 12401 4387 2137 12402 4386 2128 12403 4387 2136 12404 4388 2136 12405 4388 2128 12406 4387 2129 12407 4389 2136 12408 4388 2129 12409 4389 2135 12410 4390 2135 12411 4390 2129 12412 4389 2130 12413 4391 2135 12414 4390 2130 12415 4391 2134 12416 4392 2134 12417 4392 2130 12418 4391 2131 12419 4393 2134 12420 4392 2131 12421 4393 2133 12422 4394 2133 12423 4394 2131 12424 4393 2132 12425 4395 168 12426 4396 167 12427 4397 2091 12428 4398 2091 12429 4398 167 12430 4397 2138 12431 4399 2091 12432 4398 2138 12433 4399 2092 12434 4400 2092 12435 4400 2138 12436 4399 2137 12437 4401 2092 12438 4400 2137 12439 4401 2093 12440 4402 2093 12441 4402 2137 12442 4401 2136 12443 4403 2093 12444 4402 2136 12445 4403 2094 12446 4404 2094 12447 4404 2136 12448 4403 2135 12449 4405 2094 12450 4404 2135 12451 4405 2095 12452 4406 2095 12453 4406 2135 12454 4405 2134 12455 4407 2095 12456 4406 2134 12457 4407 2096 12458 4408 2096 12459 4408 2134 12460 4407 2133 12461 4409 2096 12462 4408 2133 12463 4409 2097 12464 4410 2097 12465 4410 2133 12466 4409 2132 12467 4411 2097 12468 4410 2132 12469 4411 2098 12470 4412 2098 12471 4412 2132 12472 4411 2131 12473 4413 2098 12474 4412 2131 12475 4413 2099 12476 4414 2099 12477 4414 2131 12478 4413 2130 12479 4415 2099 12480 4414 2130 12481 4415 2100 12482 4416 2100 12483 4416 2130 12484 4415 2129 12485 4417 2100 12486 4416 2129 12487 4417 2101 12488 4418 2101 12489 4418 2129 12490 4417 2128 12491 4419 2101 12492 4418 2128 12493 4419 2102 12494 4420 2102 12495 4420 2128 12496 4419 2127 12497 4421 2102 12498 4420 2127 12499 4421 181 12500 4422 181 12501 4422 2127 12502 4421 154 12503 4423 2139 12504 4424 2150 12505 4425 126 12506 4426 126 12507 4426 2150 12508 4425 139 12509 4427 126 12510 4426 139 12511 4427 127 12512 4428 127 12513 4428 139 12514 4427 138 12515 4429 127 12516 4428 138 12517 4429 128 12518 4430 128 12519 4430 138 12520 4429 137 12521 4431 128 12522 4430 137 12523 4431 129 12524 4432 129 12525 4432 137 12526 4431 136 12527 4433 129 12528 4432 136 12529 4433 130 12530 4434 130 12531 4434 136 12532 4433 135 12533 4435 130 12534 4434 135 12535 4435 131 12536 4436 131 12537 4436 135 12538 4435 134 12539 4437 131 12540 4436 134 12541 4437 132 12542 4438 132 12543 4438 134 12544 4437 133 12545 4439 2150 12546 4425 2139 12547 4424 2149 12548 4440 2149 12549 4440 2139 12550 4424 2140 12551 4441 2149 12552 4440 2140 12553 4441 2148 12554 4442 2148 12555 4442 2140 12556 4441 2141 12557 4443 2148 12558 4442 2141 12559 4443 2147 12560 4444 2147 12561 4444 2141 12562 4443 2142 12563 4445 2147 12564 4444 2142 12565 4445 2146 12566 4446 2146 12567 4446 2142 12568 4445 2143 12569 4447 2146 12570 4446 2143 12571 4447 2145 12572 4448 2145 12573 4448 2143 12574 4447 2144 12575 4449 140 12576 4450 139 12577 4451 2115 12578 4452 2115 12579 4452 139 12580 4451 2150 12581 4453 2115 12582 4452 2150 12583 4453 2116 12584 4454 2116 12585 4454 2150 12586 4453 2149 12587 4455 2116 12588 4454 2149 12589 4455 2117 12590 4456 2117 12591 4456 2149 12592 4455 2148 12593 4457 2117 12594 4456 2148 12595 4457 2118 12596 4458 2118 12597 4458 2148 12598 4457 2147 12599 4459 2118 12600 4458 2147 12601 4459 2119 12602 4460 2119 12603 4460 2147 12604 4459 2146 12605 4461 2119 12606 4460 2146 12607 4461 2120 12608 4462 2120 12609 4462 2146 12610 4461 2145 12611 4463 2120 12612 4462 2145 12613 4463 2121 12614 4464 2121 12615 4464 2145 12616 4463 2144 12617 4465 2121 12618 4464 2144 12619 4465 2122 12620 4466 2122 12621 4466 2144 12622 4465 2143 12623 4467 2122 12624 4466 2143 12625 4467 2123 12626 4468 2123 12627 4468 2143 12628 4467 2142 12629 4469 2123 12630 4468 2142 12631 4469 2124 12632 4470 2124 12633 4470 2142 12634 4469 2141 12635 4471 2124 12636 4470 2141 12637 4471 2125 12638 4472 2125 12639 4472 2141 12640 4471 2140 12641 4473 2125 12642 4472 2140 12643 4473 2126 12644 4474 2126 12645 4474 2140 12646 4473 2139 12647 4475 2126 12648 4474 2139 12649 4475 153 12650 4476 153 12651 4476 2139 12652 4475 126 12653 4477 103 12654 4478 102 12655 4479 1404 12656 4480 1404 12657 4480 102 12658 4479 2151 12659 4481 1404 12660 4480 2151 12661 4481 1405 12662 4482 1405 12663 4482 2151 12664 4481 2152 12665 4483 1405 12666 4482 2152 12667 4483 1406 12668 4484 1406 12669 4484 2152 12670 4483 2153 12671 4485 1406 12672 4484 2153 12673 4485 1407 12674 4486 1407 12675 4486 2153 12676 4485 2154 12677 4487 1407 12678 4486 2154 12679 4487 1408 12680 4488 1408 12681 4488 2154 12682 4487 2155 12683 4489 1408 12684 4488 2155 12685 4489 1409 12686 4490 1409 12687 4490 2155 12688 4489 2156 12689 4491 1409 12690 4490 2156 12691 4491 1410 12692 4492 1410 12693 4492 2156 12694 4491 2157 12695 4493 1410 12696 4492 2157 12697 4493 1411 12698 4494 1411 12699 4494 2157 12700 4493 2158 12701 4495 1411 12702 4494 2158 12703 4495 1412 12704 4496 1412 12705 4496 2158 12706 4495 2159 12707 4497 1412 12708 4496 2159 12709 4497 70 12710 4498 70 12711 4498 2159 12712 4497 71 12713 4499 71 12714 4499 2159 12715 4497 72 12716 4500 72 12717 4500 2159 12718 4497 2160 12719 4501 72 12720 4500 2160 12721 4501 73 12722 4502 73 12723 4502 2160 12724 4501 74 12725 4503 74 12726 4503 2160 12727 4501 75 12728 4504 75 12729 4504 2160 12730 4501 2161 12731 4505 75 12732 4504 2161 12733 4505 76 12734 4506 76 12735 4506 2161 12736 4505 77 12737 4507 77 12738 4507 2161 12739 4505 2162 12740 4508 77 12741 4507 2162 12742 4508 78 12743 4509 78 12744 4509 2162 12745 4508 89 12746 4510 78 12747 4509 89 12748 4510 79 12749 4511 70 12750 4498 2163 12751 4512 1412 12752 4496 1412 12753 4496 2163 12754 4512 2164 12755 4513 1412 12756 4496 2164 12757 4513 1413 12758 4514 1413 12759 4514 2164 12760 4513 2165 12761 4515 1413 12762 4514 2165 12763 4515 2166 12764 4516 2166 12765 4516 2167 12766 4517 1413 12767 4514 1413 12768 4514 2167 12769 4517 1414 12770 4518 1414 12771 4518 2167 12772 4517 2168 12773 4519 1414 12774 4518 2168 12775 4519 2169 12776 4520 1414 12777 4518 2169 12778 4520 1415 12779 4521 1415 12780 4521 2169 12781 4520 2170 12782 4522 1415 12783 4521 2170 12784 4522 116 12785 4523 116 12786 4523 2170 12787 4522 117 12788 4524 2162 12789 4525 15 12790 4526 89 12791 4527 89 12792 4527 15 12793 4526 14 12794 4528 89 12795 4527 14 12796 4528 2171 12797 4529 15 12798 4526 2162 12799 4525 16 12800 4530 16 12801 4530 2162 12802 4525 2161 12803 4531 16 12804 4530 2161 12805 4531 17 12806 4532 17 12807 4532 2161 12808 4531 2160 12809 4533 17 12810 4532 2160 12811 4533 18 12812 4534 18 12813 4534 2160 12814 4533 2159 12815 4535 18 12816 4534 2159 12817 4535 19 12818 4536 19 12819 4536 2159 12820 4535 2158 12821 4537 19 12822 4536 2158 12823 4537 20 12824 4538 20 12825 4538 2158 12826 4537 2157 12827 4539 20 12828 4538 2157 12829 4539 2156 12830 4540 20 12831 4538 2156 12832 4540 21 12833 4541 21 12834 4541 2156 12835 4540 2155 12836 4542 21 12837 4541 2155 12838 4542 22 12839 4543 22 12840 4543 2155 12841 4542 2154 12842 4544 22 12843 4543 2154 12844 4544 23 12845 4545 23 12846 4545 2154 12847 4544 2153 12848 4546 23 12849 4545 2153 12850 4546 24 12851 4547 24 12852 4547 2153 12853 4546 2152 12854 4548 24 12855 4547 2152 12856 4548 25 12857 4549 25 12858 4549 2152 12859 4548 2151 12860 4550 25 12861 4549 2151 12862 4550 26 12863 4551 26 12864 4551 2151 12865 4550 102 12866 4552 26 12867 4551 102 12868 4552 27 12869 4553 27 12870 4553 102 12871 4552 2182 12872 4554 2182 12873 4554 102 12874 4552 101 12875 4555 2182 12876 4554 101 12877 4555 2181 12878 4556 2181 12879 4556 101 12880 4555 100 12881 4557 2181 12882 4556 100 12883 4557 2180 12884 4558 2180 12885 4558 100 12886 4557 99 12887 4559 2180 12888 4558 99 12889 4559 2179 12890 4560 2179 12891 4560 99 12892 4559 98 12893 4561 2179 12894 4560 98 12895 4561 2178 12896 4562 2178 12897 4562 98 12898 4561 97 12899 4563 2178 12900 4562 97 12901 4563 2177 12902 4564 2177 12903 4564 97 12904 4563 96 12905 4565 2177 12906 4564 96 12907 4565 95 12908 4566 2177 12909 4564 95 12910 4566 2176 12911 4567 2176 12912 4567 95 12913 4566 94 12914 4568 2176 12915 4567 94 12916 4568 2175 12917 4569 2175 12918 4569 94 12919 4568 93 12920 4570 2175 12921 4569 93 12922 4570 2174 12923 4571 2174 12924 4571 93 12925 4570 92 12926 4572 2174 12927 4571 92 12928 4572 2173 12929 4573 2173 12930 4573 92 12931 4572 91 12932 4574 2173 12933 4573 91 12934 4574 2172 12935 4575 2172 12936 4575 91 12937 4574 90 12938 4576 2172 12939 4575 90 12940 4576 2171 12941 4529 2171 12942 4529 90 12943 4576 89 12944 4527 70 12945 4577 69 12946 4578 2163 12947 4579 2163 12948 4579 69 12949 4578 2183 12950 4580 2163 12951 4579 2183 12952 4580 2164 12953 4581 2164 12954 4581 2183 12955 4580 2165 12956 4582 2165 12957 4582 2183 12958 4580 2184 12959 4583 2165 12960 4582 2184 12961 4583 2166 12962 4584 2166 12963 4584 2184 12964 4583 2185 12965 4585 2166 12966 4584 2185 12967 4585 2167 12968 4586 2167 12969 4586 2185 12970 4585 2186 12971 4587 2167 12972 4586 2186 12973 4587 2168 12974 4588 2168 12975 4588 2186 12976 4587 2169 12977 4589 2169 12978 4589 2186 12979 4587 2187 12980 4590 2169 12981 4589 2187 12982 4590 2170 12983 4591 2170 12984 4591 2187 12985 4590 2188 12986 4592 2170 12987 4591 2188 12988 4592 117 12989 4593 117 12990 4593 2188 12991 4592 2189 12992 4594 117 12993 4593 2189 12994 4594 118 12995 4595 118 12996 4595 2189 12997 4594 2190 12998 4596 118 12999 4595 2190 13000 4596 119 13001 4597 119 13002 4597 2190 13003 4596 2191 13004 4598 119 13005 4597 2191 13006 4598 120 13007 4599 120 13008 4599 2191 13009 4598 121 13010 4600 121 13011 4600 2191 13012 4598 2192 13013 4601 121 13014 4600 2192 13015 4601 122 13016 4602 122 13017 4602 2192 13018 4601 2193 13019 4603 122 13020 4602 2193 13021 4603 123 13022 4604 123 13023 4604 2193 13024 4603 2194 13025 4605 123 13026 4604 2194 13027 4605 124 13028 4606 124 13029 4606 2194 13030 4605 125 13031 4607 125 13032 4607 2194 13033 4605 56 13034 4608 125 13035 4607 56 13036 4608 88 13037 4609 68 13038 4610 43 13039 4611 69 13040 4612 69 13041 4612 43 13042 4611 42 13043 4613 69 13044 4612 42 13045 4613 2195 13046 4614 43 13047 4611 68 13048 4610 44 13049 4615 44 13050 4615 68 13051 4610 67 13052 4616 44 13053 4615 67 13054 4616 45 13055 4617 45 13056 4617 67 13057 4616 66 13058 4618 45 13059 4617 66 13060 4618 46 13061 4619 46 13062 4619 66 13063 4618 65 13064 4620 46 13065 4619 65 13066 4620 47 13067 4621 47 13068 4621 65 13069 4620 64 13070 4622 47 13071 4621 64 13072 4622 48 13073 4623 48 13074 4623 64 13075 4622 63 13076 4624 48 13077 4623 63 13078 4624 62 13079 4625 48 13080 4623 62 13081 4625 49 13082 4626 49 13083 4626 62 13084 4625 61 13085 4627 49 13086 4626 61 13087 4627 50 13088 4628 50 13089 4628 61 13090 4627 60 13091 4629 50 13092 4628 60 13093 4629 51 13094 4630 51 13095 4630 60 13096 4629 59 13097 4631 51 13098 4630 59 13099 4631 52 13100 4632 52 13101 4632 59 13102 4631 58 13103 4633 52 13104 4632 58 13105 4633 53 13106 4634 53 13107 4634 58 13108 4633 57 13109 4635 53 13110 4634 57 13111 4635 54 13112 4636 54 13113 4636 57 13114 4635 56 13115 4637 54 13116 4636 56 13117 4637 55 13118 4638 55 13119 4638 56 13120 4637 2206 13121 4639 2206 13122 4639 56 13123 4637 2194 13124 4640 2206 13125 4639 2194 13126 4640 2205 13127 4641 2205 13128 4641 2194 13129 4640 2193 13130 4642 2205 13131 4641 2193 13132 4642 2204 13133 4643 2204 13134 4643 2193 13135 4642 2192 13136 4644 2204 13137 4643 2192 13138 4644 2203 13139 4645 2203 13140 4645 2192 13141 4644 2191 13142 4646 2203 13143 4645 2191 13144 4646 2202 13145 4647 2202 13146 4647 2191 13147 4646 2190 13148 4648 2202 13149 4647 2190 13150 4648 2201 13151 4649 2201 13152 4649 2190 13153 4648 2189 13154 4650 2201 13155 4649 2189 13156 4650 2188 13157 4651 2201 13158 4649 2188 13159 4651 2200 13160 4652 2200 13161 4652 2188 13162 4651 2187 13163 4653 2200 13164 4652 2187 13165 4653 2199 13166 4654 2199 13167 4654 2187 13168 4653 2186 13169 4655 2199 13170 4654 2186 13171 4655 2198 13172 4656 2198 13173 4656 2186 13174 4655 2185 13175 4657 2198 13176 4656 2185 13177 4657 2197 13178 4658 2197 13179 4658 2185 13180 4657 2184 13181 4659 2197 13182 4658 2184 13183 4659 2196 13184 4660 2196 13185 4660 2184 13186 4659 2183 13187 4661 2196 13188 4660 2183 13189 4661 2195 13190 4614 2195 13191 4614 2183 13192 4661 69 13193 4612 14 13344 4716 13 13345 4717 2171 13346 4718 2171 13347 4718 13 13348 4717 2219 13349 4719 2171 13350 4718 2219 13351 4719 2172 13352 4720 2172 13353 4720 2219 13354 4719 2220 13355 4721 2172 13356 4720 2220 13357 4721 2173 13358 4722 2173 13359 4722 2220 13360 4721 2221 13361 4723 2173 13362 4722 2221 13363 4723 2174 13364 4724 2174 13365 4724 2221 13366 4723 2222 13367 4725 2174 13368 4724 2222 13369 4725 2175 13370 4726 2175 13371 4726 2222 13372 4725 2223 13373 4727 2175 13374 4726 2223 13375 4727 2176 13376 4728 2176 13377 4728 2223 13378 4727 2224 13379 4729 2176 13380 4728 2224 13381 4729 2177 13382 4730 2177 13383 4730 2224 13384 4729 2225 13385 4731 2177 13386 4730 2225 13387 4731 2178 13388 4732 2178 13389 4732 2225 13390 4731 2226 13391 4733 2178 13392 4732 2226 13393 4733 2179 13394 4734 2179 13395 4734 2226 13396 4733 2227 13397 4735 2179 13398 4734 2227 13399 4735 2180 13400 4736 2180 13401 4736 2227 13402 4735 2228 13403 4737 2180 13404 4736 2228 13405 4737 2181 13406 4738 2181 13407 4738 2228 13408 4737 2229 13409 4739 2181 13410 4738 2229 13411 4739 2182 13412 4740 2182 13413 4740 2229 13414 4739 2230 13415 4741 2182 13416 4740 2230 13417 4741 27 13418 4742 27 13419 4742 2230 13420 4741 0 13421 4743 2230 13422 4744 2219 13423 4745 0 13424 4746 0 13425 4746 2219 13426 4745 13 13427 4747 0 13428 4746 13 13429 4747 1 13430 4748 1 13431 4748 13 13432 4747 12 13433 4749 1 13434 4748 12 13435 4749 2 13436 4750 2 13437 4750 12 13438 4749 11 13439 4751 2 13440 4750 11 13441 4751 3 13442 4752 3 13443 4752 11 13444 4751 10 13445 4753 3 13446 4752 10 13447 4753 4 13448 4754 4 13449 4754 10 13450 4753 9 13451 4755 4 13452 4754 9 13453 4755 5 13454 4756 5 13455 4756 9 13456 4755 8 13457 4757 5 13458 4756 8 13459 4757 6 13460 4758 6 13461 4758 8 13462 4757 7 13463 4759 2219 13464 4745 2230 13465 4744 2220 13466 4760 2220 13467 4760 2230 13468 4744 2229 13469 4761 2220 13470 4760 2229 13471 4761 2221 13472 4762 2221 13473 4762 2229 13474 4761 2228 13475 4763 2221 13476 4762 2228 13477 4763 2222 13478 4764 2222 13479 4764 2228 13480 4763 2227 13481 4765 2222 13482 4764 2227 13483 4765 2223 13484 4766 2223 13485 4766 2227 13486 4765 2226 13487 4767 2223 13488 4766 2226 13489 4767 2224 13490 4768 2224 13491 4768 2226 13492 4767 2225 13493 4769</p>
        </triangles>
      </mesh>
    </geometry>
  </library_geometries>
  <library_visual_scenes>
    <visual_scene id="Dedo1" name="Dedo1">
      <node name="Dedo1" id="Dedo1" sid="Dedo1">
        <matrix sid="matrix">-0.000000 0.000000 1.000000 0.000000 1.000000 0.000000 0.000000 0.000000 0.000000 1.000000 -0.000000 0.000000 0.000000 0.000000 0.000000 1.000000</matrix>
        <extra>
          <technique profile="FCOLLADA">
            <visibility>1.000000</visibility>
          </technique>
        </extra>
        <node name="Dedo1_ncl1_1" id="Dedo1_ncl1_1" sid="Dedo1_ncl1_1">
          <matrix sid="matrix">1.000000 0.000000 0.000000 7.210945 0.000000 1.000000 -0.000000 -2.934094 -0.000000 0.000000 1.000000 0.157481 0.000000 0.000000 0.000000 1.000000</matrix>
          <extra>
            <technique profile="FCOLLADA">
              <visibility>1.000000</visibility>
            </technique>
          </extra>
          <node name="Cut-Extrude14" id="Cut-Extrude14" sid="Cut-Extrude14">
            <matrix sid="matrix">1.000000 -0.000000 0.000000 0.000000 0.000000 1.000000 0.000000 0.000000 -0.000000 0.000000 1.000000 0.000000 0.000000 0.000000 0.000000 1.000000</matrix>
            <instance_geometry url="#Cut-Extrude14-lib">
              <bind_material>
                <technique_common>
                  <instance_material symbol="MaterialFBXASC032FBXASC03539" target="#MaterialFBXASC032FBXASC03539"/>
                  <instance_material symbol="MaterialFBXASC032FBXASC03526" target="#MaterialFBXASC032FBXASC03526"/>
                </technique_common>
              </bind_material>
            </instance_geometry>
            <extra>
              <technique profile="FCOLLADA">
                <visibility>1.000000</visibility>
              </technique>
            </extra>
          </node>
        </node>
      </node>
      <extra>
        <technique profile="MAX3D">
          <frame_rate>30.000000</frame_rate>
        </technique>
        <technique profile="FCOLLADA">
          <start_time>0.000000</start_time>
          <end_time>3.333333</end_time>
        </technique>
      </extra>
    </visual_scene>
  </library_visual_scenes>
  <scene>
    <instance_visual_scene url="#Dedo1"/>
  </scene>
</COLLADA>
