<?xml version="1.0" encoding="utf-8"?>
<COLLADA xmlns="http://www.collada.org/2005/11/COLLADASchema" version="1.4.1">
  <asset>
    <contributor>
      <author/>
      <authoring_tool>FBX COLLADA exporter</authoring_tool>
      <comments/>
    </contributor>
    <created>2025-03-24T18:04:55Z</created>
    <keywords/>
    <modified>2025-03-24T18:04:55Z</modified>
    <revision/>
    <subject/>
    <title/>
    <unit meter="0.025400" name="centimeter"/>
    <up_axis>Z_UP</up_axis>
  </asset>
  <library_materials>
    <material id="MaterialFBXASC032FBXASC03526" name="MaterialFBXASC032FBXASC03526">
      <instance_effect url="#MaterialFBXASC032FBXASC03526-fx"/>
    </material>
  </library_materials>
  <library_effects>
    <effect id="MaterialFBXASC032FBXASC03526-fx" name="MaterialFBXASC032FBXASC03526">
      <profile_COMMON>
        <technique sid="standard">
          <phong>
            <emission>
              <color sid="emission">0.000000  0.000000 0.000000 1.000000</color>
            </emission>
            <ambient>
              <color sid="ambient">0.100000  0.100000 0.100000 1.000000</color>
            </ambient>
            <diffuse>
              <color sid="diffuse">0.100000  0.100000 0.100000 1.000000</color>
            </diffuse>
            <specular>
              <color sid="specular">1.800000  1.800000 1.800000 1.000000</color>
            </specular>
            <shininess>
              <float sid="shininess">512.000000</float>
            </shininess>
            <transparency>
              <float sid="transparency">0.000000</float>
            </transparency>
          </phong>
        </technique>
      </profile_COMMON>
    </effect>
  </library_effects>
  <library_geometries>
    <geometry id="Cut-Extrude13-lib" name="Cut-Extrude13Mesh">
      <mesh>
        <source id="Cut-Extrude13-POSITION">
          <float_array id="Cut-Extrude13-POSITION-array" count="6039">
-5.545587 4.508910 -0.275591
-5.548218 4.487240 -0.275591
-5.555958 4.466829 -0.275591
-5.568359 4.448864 -0.275591
-5.584699 4.434388 -0.275591
-5.604028 4.424243 -0.275591
-5.625223 4.419019 -0.275591
-5.647052 4.419019 -0.275591
-5.668248 4.424243 -0.275591
-5.687576 4.434388 -0.275591
-5.703916 4.448864 -0.275591
-5.716317 4.466829 -0.275591
-5.724058 4.487240 -0.275591
-5.726689 4.508910 -0.275591
-5.726689 4.508910 -0.031496
-5.724058 4.487240 -0.031496
-5.716317 4.466829 -0.031496
-5.703916 4.448864 -0.031496
-5.687576 4.434388 -0.031496
-5.668248 4.424243 -0.031496
-5.647052 4.419019 -0.031496
-5.625223 4.419019 -0.031496
-5.604028 4.424243 -0.031496
-5.584699 4.434388 -0.031496
-5.568359 4.448864 -0.031496
-5.555958 4.466829 -0.031496
-5.548218 4.487240 -0.031496
-5.545587 4.508910 -0.031496
-5.545587 4.193949 -0.275591
-5.548218 4.172279 -0.275591
-5.555958 4.151868 -0.275591
-5.568359 4.133903 -0.275591
-5.584699 4.119427 -0.275591
-5.604028 4.109282 -0.275591
-5.625223 4.104058 -0.275591
-5.647052 4.104058 -0.275591
-5.668248 4.109282 -0.275591
-5.687576 4.119427 -0.275591
-5.703916 4.133903 -0.275591
-5.716317 4.151868 -0.275591
-5.724058 4.172279 -0.275591
-5.726689 4.193949 -0.275591
-5.726689 4.193949 -0.031496
-5.724058 4.172279 -0.031496
-5.716317 4.151868 -0.031496
-5.703916 4.133903 -0.031496
-5.687576 4.119427 -0.031496
-5.668248 4.109282 -0.031496
-5.647052 4.104058 -0.031496
-5.625223 4.104058 -0.031496
-5.604028 4.109282 -0.031496
-5.584699 4.119427 -0.031496
-5.568359 4.133903 -0.031496
-5.555958 4.151868 -0.031496
-5.548218 4.172279 -0.031496
-5.545587 4.193949 -0.031496
-5.506217 4.508910 -0.031496
-5.509992 4.477818 -0.031496
-5.521098 4.448533 -0.031496
-5.538890 4.422756 -0.031496
-5.562334 4.401987 -0.031496
-5.590067 4.387432 -0.031496
-5.620477 4.379936 -0.031496
-5.651798 4.379936 -0.031496
-5.682209 4.387432 -0.031496
-5.709941 4.401987 -0.031496
-5.733385 4.422756 -0.031496
-5.751177 4.448533 -0.031496
-5.762284 4.477818 -0.031496
-5.766059 4.508910 -0.031496
-5.766059 4.508910 0.000000
-5.762284 4.477818 0.000000
-5.751177 4.448533 0.000000
-5.733385 4.422756 0.000000
-5.709941 4.401987 0.000000
-5.682209 4.387432 0.000000
-5.651798 4.379936 0.000000
-5.620477 4.379936 0.000000
-5.590067 4.387432 0.000000
-5.562334 4.401987 0.000000
-5.538890 4.422756 0.000000
-5.521098 4.448533 0.000000
-5.509992 4.477818 0.000000
-5.506217 4.508910 0.000000
-5.506217 4.193949 -0.031496
-5.509992 4.162857 -0.031496
-5.521098 4.133572 -0.031496
-5.538890 4.107796 -0.031496
-5.562334 4.087026 -0.031496
-5.590067 4.072471 -0.031496
-5.620477 4.064975 -0.031496
-5.651798 4.064975 -0.031496
-5.682209 4.072471 -0.031496
-5.709941 4.087026 -0.031496
-5.733385 4.107796 -0.031496
-5.751177 4.133572 -0.031496
-5.762284 4.162857 -0.031496
-5.766059 4.193949 -0.031496
-5.766059 4.193949 0.000000
-5.762284 4.162857 0.000000
-5.751177 4.133572 0.000000
-5.733385 4.107796 0.000000
-5.709941 4.087026 0.000000
-5.682209 4.072471 0.000000
-5.651798 4.064975 0.000000
-5.620477 4.064975 0.000000
-5.590067 4.072471 0.000000
-5.562334 4.087026 0.000000
-5.538890 4.107796 0.000000
-5.521098 4.133572 0.000000
-5.509992 4.162857 0.000000
-5.506217 4.193949 0.000000
-5.726689 4.508910 -0.669291
-5.724058 4.487240 -0.669291
-5.716317 4.466829 -0.669291
-5.703916 4.448864 -0.669291
-5.687576 4.434388 -0.669291
-5.668248 4.424243 -0.669291
-5.647052 4.419019 -0.669291
-5.625223 4.419019 -0.669291
-5.604028 4.424243 -0.669291
-5.584699 4.434388 -0.669291
-5.568359 4.448864 -0.669291
-5.555958 4.466829 -0.669291
-5.548218 4.487240 -0.669291
-5.545587 4.508910 -0.669291
-5.545587 4.508910 -0.913386
-5.548218 4.487240 -0.913386
-5.555958 4.466829 -0.913386
-5.568359 4.448864 -0.913386
-5.584699 4.434388 -0.913386
-5.604028 4.424243 -0.913386
-5.625223 4.419019 -0.913386
-5.647052 4.419019 -0.913386
-5.668248 4.424243 -0.913386
-5.687576 4.434388 -0.913386
-5.703916 4.448864 -0.913386
-5.716317 4.466829 -0.913386
-5.724058 4.487240 -0.913386
-5.726689 4.508910 -0.913386
-5.726689 4.193949 -0.669291
-5.724058 4.172279 -0.669291
-5.716317 4.151868 -0.669291
-5.703916 4.133903 -0.669291
-5.687576 4.119427 -0.669291
-5.668248 4.109282 -0.669291
-5.647052 4.104058 -0.669291
-5.625223 4.104058 -0.669291
-5.604028 4.109282 -0.669291
-5.584699 4.119427 -0.669291
-5.568359 4.133903 -0.669291
-5.555958 4.151868 -0.669291
-5.548218 4.172279 -0.669291
-5.545587 4.193949 -0.669291
-5.545587 4.193949 -0.913386
-5.548218 4.172279 -0.913386
-5.555958 4.151868 -0.913386
-5.568359 4.133903 -0.913386
-5.584699 4.119427 -0.913386
-5.604028 4.109282 -0.913386
-5.625223 4.104058 -0.913386
-5.647052 4.104058 -0.913386
-5.668248 4.109282 -0.913386
-5.687576 4.119427 -0.913386
-5.703916 4.133903 -0.913386
-5.716317 4.151868 -0.913386
-5.724058 4.172279 -0.913386
-5.726689 4.193949 -0.913386
-5.726689 3.878989 -0.669291
-5.724058 3.857318 -0.669291
-5.716317 3.836908 -0.669291
-5.703916 3.818942 -0.669291
-5.687576 3.804467 -0.669291
-5.668248 3.794322 -0.669291
-5.647052 3.789098 -0.669291
-5.625223 3.789098 -0.669291
-5.604028 3.794322 -0.669291
-5.584699 3.804467 -0.669291
-5.568359 3.818942 -0.669291
-5.555958 3.836908 -0.669291
-5.548218 3.857318 -0.669291
-5.545587 3.878989 -0.669291
-5.545587 3.878989 -0.913386
-5.548218 3.857318 -0.913386
-5.555958 3.836908 -0.913386
-5.568359 3.818942 -0.913386
-5.584699 3.804467 -0.913386
-5.604028 3.794322 -0.913386
-5.625223 3.789098 -0.913386
-5.647052 3.789098 -0.913386
-5.668248 3.794322 -0.913386
-5.687576 3.804467 -0.913386
-5.703916 3.818942 -0.913386
-5.716317 3.836908 -0.913386
-5.724058 3.857318 -0.913386
-5.726689 3.878989 -0.913386
-5.766059 4.508910 -0.913386
-5.762284 4.477818 -0.913386
-5.751177 4.448533 -0.913386
-5.733385 4.422756 -0.913386
-5.709941 4.401987 -0.913386
-5.682209 4.387432 -0.913386
-5.651798 4.379936 -0.913386
-5.620477 4.379936 -0.913386
-5.590067 4.387432 -0.913386
-5.562334 4.401987 -0.913386
-5.538890 4.422756 -0.913386
-5.521098 4.448533 -0.913386
-5.509992 4.477818 -0.913386
-5.506217 4.508910 -0.913386
-5.506217 4.508910 -0.944882
-5.509992 4.477818 -0.944882
-5.521098 4.448533 -0.944882
-5.538890 4.422756 -0.944882
-5.562334 4.401987 -0.944882
-5.590067 4.387432 -0.944882
-5.620477 4.379936 -0.944882
-5.651798 4.379936 -0.944882
-5.682209 4.387432 -0.944882
-5.709941 4.401987 -0.944882
-5.733385 4.422756 -0.944882
-5.751177 4.448533 -0.944882
-5.762284 4.477818 -0.944882
-5.766059 4.508910 -0.944882
-5.766059 4.193949 -0.913386
-5.762284 4.162857 -0.913386
-5.751177 4.133572 -0.913386
-5.733385 4.107796 -0.913386
-5.709941 4.087026 -0.913386
-5.682209 4.072471 -0.913386
-5.651798 4.064975 -0.913386
-5.620477 4.064975 -0.913386
-5.590067 4.072471 -0.913386
-5.562334 4.087026 -0.913386
-5.538890 4.107796 -0.913386
-5.521098 4.133572 -0.913386
-5.509992 4.162857 -0.913386
-5.506217 4.193949 -0.913386
-5.506217 4.193949 -0.944882
-5.509992 4.162857 -0.944882
-5.521098 4.133572 -0.944882
-5.538890 4.107796 -0.944882
-5.562334 4.087026 -0.944882
-5.590067 4.072471 -0.944882
-5.620477 4.064975 -0.944882
-5.651798 4.064975 -0.944882
-5.682209 4.072471 -0.944882
-5.709941 4.087026 -0.944882
-5.733385 4.107796 -0.944882
-5.751177 4.133572 -0.944882
-5.762284 4.162857 -0.944882
-5.766059 4.193949 -0.944882
-5.766059 3.878989 -0.913386
-5.762284 3.847897 -0.913386
-5.751177 3.818611 -0.913386
-5.733385 3.792835 -0.913386
-5.709941 3.772066 -0.913386
-5.682209 3.757510 -0.913386
-5.651798 3.750015 -0.913386
-5.620477 3.750015 -0.913386
-5.590067 3.757510 -0.913386
-5.562334 3.772066 -0.913386
-5.538890 3.792835 -0.913386
-5.521098 3.818611 -0.913386
-5.509992 3.847897 -0.913386
-5.506217 3.878989 -0.913386
-5.506217 3.878989 -0.944882
-5.509992 3.847897 -0.944882
-5.521098 3.818611 -0.944882
-5.538890 3.792835 -0.944882
-5.562334 3.772066 -0.944882
-5.590067 3.757510 -0.944882
-5.620477 3.750015 -0.944882
-5.651798 3.750015 -0.944882
-5.682209 3.757510 -0.944882
-5.709941 3.772066 -0.944882
-5.733385 3.792835 -0.944882
-5.751177 3.818611 -0.944882
-5.762284 3.847897 -0.944882
-5.766059 3.878989 -0.944882
-5.726689 3.249068 -0.314961
-5.724058 3.227397 -0.314961
-5.716317 3.206986 -0.314961
-5.703916 3.189021 -0.314961
-5.687576 3.174545 -0.314961
-5.668248 3.164401 -0.314961
-5.647052 3.159177 -0.314961
-5.625223 3.159177 -0.314961
-5.604028 3.164401 -0.314961
-5.584699 3.174545 -0.314961
-5.568359 3.189021 -0.314961
-5.555958 3.206986 -0.314961
-5.548218 3.227397 -0.314961
-5.545587 3.249068 -0.314961
-5.545587 3.249068 -0.598425
-5.548218 3.227397 -0.598425
-5.555958 3.206986 -0.598425
-5.568359 3.189021 -0.598425
-5.584699 3.174545 -0.598425
-5.604028 3.164401 -0.598425
-5.625223 3.159177 -0.598425
-5.647052 3.159177 -0.598425
-5.668248 3.164401 -0.598425
-5.687576 3.174545 -0.598425
-5.703916 3.189021 -0.598425
-5.716317 3.206986 -0.598425
-5.724058 3.227397 -0.598425
-5.726689 3.249068 -0.598425
-5.766059 3.564028 -0.598425
-5.762284 3.532936 -0.598425
-5.751177 3.503651 -0.598425
-5.733385 3.477875 -0.598425
-5.709941 3.457105 -0.598425
-5.682209 3.442550 -0.598425
-5.651798 3.435054 -0.598425
-5.620477 3.435054 -0.598425
-5.590067 3.442550 -0.598425
-5.562334 3.457105 -0.598425
-5.538890 3.477875 -0.598425
-5.521098 3.503651 -0.598425
-5.509992 3.532936 -0.598425
-5.506217 3.564028 -0.598425
-5.506217 3.564028 -0.629921
-5.509992 3.532936 -0.629921
-5.521098 3.503651 -0.629921
-5.538890 3.477875 -0.629921
-5.562334 3.457105 -0.629921
-5.590067 3.442550 -0.629921
-5.620477 3.435054 -0.629921
-5.651798 3.435054 -0.629921
-5.682209 3.442550 -0.629921
-5.709941 3.457105 -0.629921
-5.733385 3.477875 -0.629921
-5.751177 3.503651 -0.629921
-5.762284 3.532936 -0.629921
-5.766059 3.564028 -0.629921
-5.766059 3.249068 -0.598425
-5.762284 3.217975 -0.598425
-5.751177 3.188690 -0.598425
-5.733385 3.162914 -0.598425
-5.709941 3.142144 -0.598425
-5.682209 3.127589 -0.598425
-5.651798 3.120094 -0.598425
-5.620477 3.120094 -0.598425
-5.590067 3.127589 -0.598425
-5.562334 3.142144 -0.598425
-5.538890 3.162914 -0.598425
-5.521098 3.188690 -0.598425
-5.509992 3.217975 -0.598425
-5.506217 3.249068 -0.598425
-5.506217 3.249068 -0.629921
-5.509992 3.217975 -0.629921
-5.521098 3.188690 -0.629921
-5.538890 3.162914 -0.629921
-5.562334 3.142144 -0.629921
-5.590067 3.127589 -0.629921
-5.620477 3.120094 -0.629921
-5.651798 3.120094 -0.629921
-5.682209 3.127589 -0.629921
-5.709941 3.142144 -0.629921
-5.733385 3.162914 -0.629921
-5.751177 3.188690 -0.629921
-5.762284 3.217975 -0.629921
-5.766059 3.249068 -0.629921
-5.545587 3.878989 0.000000
-5.548218 3.857318 0.000000
-5.555958 3.836908 0.000000
-5.568359 3.818942 0.000000
-5.584699 3.804467 0.000000
-5.604028 3.794322 0.000000
-5.625223 3.789098 0.000000
-5.647052 3.789098 0.000000
-5.668248 3.794322 0.000000
-5.687576 3.804467 0.000000
-5.703916 3.818942 0.000000
-5.716317 3.836908 0.000000
-5.724058 3.857318 0.000000
-5.726689 3.878989 0.000000
-5.726689 3.878989 0.283465
-5.724058 3.857318 0.283465
-5.716317 3.836908 0.283465
-5.703916 3.818942 0.283465
-5.687576 3.804467 0.283465
-5.668248 3.794322 0.283465
-5.647052 3.789098 0.283465
-5.625223 3.789098 0.283465
-5.604028 3.794322 0.283465
-5.584699 3.804467 0.283465
-5.568359 3.818942 0.283465
-5.555958 3.836908 0.283465
-5.548218 3.857318 0.283465
-5.545587 3.878989 0.283465
-5.545587 3.249068 0.000000
-5.548218 3.227397 0.000000
-5.555958 3.206986 0.000000
-5.568359 3.189021 0.000000
-5.584699 3.174545 0.000000
-5.604028 3.164401 0.000000
-5.625223 3.159177 0.000000
-5.647052 3.159177 0.000000
-5.668248 3.164401 0.000000
-5.687576 3.174545 0.000000
-5.703916 3.189021 0.000000
-5.716317 3.206986 0.000000
-5.724058 3.227397 0.000000
-5.726689 3.249068 0.000000
-5.726689 3.249068 0.283465
-5.724058 3.227397 0.283465
-5.716317 3.206986 0.283465
-5.703916 3.189021 0.283465
-5.687576 3.174545 0.283465
-5.668248 3.164401 0.283465
-5.647052 3.159177 0.283465
-5.625223 3.159177 0.283465
-5.604028 3.164401 0.283465
-5.584699 3.174545 0.283465
-5.568359 3.189021 0.283465
-5.555958 3.206986 0.283465
-5.548218 3.227397 0.283465
-5.545587 3.249068 0.283465
-5.545587 2.619146 0.000000
-5.548218 2.597476 0.000000
-5.555958 2.577065 0.000000
-5.568359 2.559100 0.000000
-5.584699 2.544624 0.000000
-5.604028 2.534479 0.000000
-5.625223 2.529255 0.000000
-5.647052 2.529255 0.000000
-5.668248 2.534479 0.000000
-5.687576 2.544624 0.000000
-5.703916 2.559100 0.000000
-5.716317 2.577065 0.000000
-5.724058 2.597476 0.000000
-5.726689 2.619146 0.000000
-5.726689 2.619146 0.283465
-5.724058 2.597476 0.283465
-5.716317 2.577065 0.283465
-5.703916 2.559100 0.283465
-5.687576 2.544624 0.283465
-5.668248 2.534479 0.283465
-5.647052 2.529255 0.283465
-5.625223 2.529255 0.283465
-5.604028 2.534479 0.283465
-5.584699 2.544624 0.283465
-5.568359 2.559100 0.283465
-5.555958 2.577065 0.283465
-5.548218 2.597476 0.283465
-5.545587 2.619146 0.283465
-5.506217 3.878989 0.283465
-5.509992 3.847897 0.283465
-5.521098 3.818611 0.283465
-5.538890 3.792835 0.283465
-5.562334 3.772066 0.283465
-5.590067 3.757510 0.283465
-5.620477 3.750015 0.283465
-5.651798 3.750015 0.283465
-5.682209 3.757510 0.283465
-5.709941 3.772066 0.283465
-5.733385 3.792835 0.283465
-5.751177 3.818611 0.283465
-5.762284 3.847897 0.283465
-5.766059 3.878989 0.283465
-5.766059 3.878989 0.314961
-5.762284 3.847897 0.314961
-5.751177 3.818611 0.314961
-5.733385 3.792835 0.314961
-5.709941 3.772066 0.314961
-5.682209 3.757510 0.314961
-5.651798 3.750015 0.314961
-5.620477 3.750015 0.314961
-5.590067 3.757510 0.314961
-5.562334 3.772066 0.314961
-5.538890 3.792835 0.314961
-5.521098 3.818611 0.314961
-5.509992 3.847897 0.314961
-5.506217 3.878989 0.314961
-5.506217 3.564028 0.283465
-5.509992 3.532936 0.283465
-5.521098 3.503651 0.283465
-5.538890 3.477875 0.283465
-5.562334 3.457105 0.283465
-5.590067 3.442550 0.283465
-5.620477 3.435054 0.283465
-5.651798 3.435054 0.283465
-5.682209 3.442550 0.283465
-5.709941 3.457105 0.283465
-5.733385 3.477875 0.283465
-5.751177 3.503651 0.283465
-5.762284 3.532936 0.283465
-5.766059 3.564028 0.283465
-5.766059 3.564028 0.314961
-5.762284 3.532936 0.314961
-5.751177 3.503651 0.314961
-5.733385 3.477875 0.314961
-5.709941 3.457105 0.314961
-5.682209 3.442550 0.314961
-5.651798 3.435054 0.314961
-5.620477 3.435054 0.314961
-5.590067 3.442550 0.314961
-5.562334 3.457105 0.314961
-5.538890 3.477875 0.314961
-5.521098 3.503651 0.314961
-5.509992 3.532936 0.314961
-5.506217 3.564028 0.314961
-5.506217 3.249068 0.283465
-5.509992 3.217975 0.283465
-5.521098 3.188690 0.283465
-5.538890 3.162914 0.283465
-5.562334 3.142144 0.283465
-5.590067 3.127589 0.283465
-5.620477 3.120094 0.283465
-5.651798 3.120094 0.283465
-5.682209 3.127589 0.283465
-5.709941 3.142144 0.283465
-5.733385 3.162914 0.283465
-5.751177 3.188690 0.283465
-5.762284 3.217975 0.283465
-5.766059 3.249068 0.283465
-5.766059 3.249068 0.314961
-5.762284 3.217975 0.314961
-5.751177 3.188690 0.314961
-5.733385 3.162914 0.314961
-5.709941 3.142144 0.314961
-5.682209 3.127589 0.314961
-5.651798 3.120094 0.314961
-5.620477 3.120094 0.314961
-5.590067 3.127589 0.314961
-5.562334 3.142144 0.314961
-5.538890 3.162914 0.314961
-5.521098 3.188690 0.314961
-5.509992 3.217975 0.314961
-5.506217 3.249068 0.314961
-5.506217 2.619146 0.283465
-5.509992 2.588054 0.283465
-5.521098 2.558769 0.283465
-5.538890 2.532993 0.283465
-5.562334 2.512223 0.283465
-5.590067 2.497668 0.283465
-5.620477 2.490172 0.283465
-5.651798 2.490172 0.283465
-5.682209 2.497668 0.283465
-5.709941 2.512223 0.283465
-5.733385 2.532993 0.283465
-5.751177 2.558769 0.283465
-5.762284 2.588054 0.283465
-5.766059 2.619146 0.283465
-5.766059 2.619146 0.314961
-5.762284 2.588054 0.314961
-5.751177 2.558769 0.314961
-5.733385 2.532993 0.314961
-5.709941 2.512223 0.314961
-5.682209 2.497668 0.314961
-5.651798 2.490172 0.314961
-5.620477 2.490172 0.314961
-5.590067 2.497668 0.314961
-5.562334 2.512223 0.314961
-5.538890 2.532993 0.314961
-5.521098 2.558769 0.314961
-5.509992 2.588054 0.314961
-5.506217 2.619146 0.314961
-7.435350 2.619146 -0.314961
-7.437982 2.597476 -0.314961
-7.445722 2.577065 -0.314961
-7.458123 2.559100 -0.314961
-7.474463 2.544624 -0.314961
-7.493792 2.534479 -0.314961
-7.514987 2.529255 -0.314961
-7.536816 2.529255 -0.314961
-7.558011 2.534479 -0.314961
-7.577340 2.544624 -0.314961
-7.593680 2.559100 -0.314961
-7.606081 2.577065 -0.314961
-7.613822 2.597476 -0.314961
-7.616453 2.619146 -0.314961
-7.616453 2.619146 0.000000
-7.613822 2.597476 0.000000
-7.606081 2.577065 0.000000
-7.593680 2.559100 0.000000
-7.577340 2.544624 0.000000
-7.558011 2.534479 0.000000
-7.536816 2.529255 0.000000
-7.514987 2.529255 0.000000
-7.493792 2.534479 0.000000
-7.474463 2.544624 0.000000
-7.458123 2.559100 0.000000
-7.445722 2.577065 0.000000
-7.437982 2.597476 0.000000
-7.435350 2.619146 0.000000
-7.435350 3.249068 -0.314961
-7.437982 3.227397 -0.314961
-7.445722 3.206986 -0.314961
-7.458123 3.189021 -0.314961
-7.474463 3.174545 -0.314961
-7.493792 3.164401 -0.314961
-7.514987 3.159177 -0.314961
-7.536816 3.159177 -0.314961
-7.558011 3.164401 -0.314961
-7.577340 3.174545 -0.314961
-7.593680 3.189021 -0.314961
-7.606081 3.206986 -0.314961
-7.613822 3.227397 -0.314961
-7.616453 3.249068 -0.314961
-7.616453 3.249068 0.000000
-7.613822 3.227397 0.000000
-7.606081 3.206986 0.000000
-7.593680 3.189021 0.000000
-7.577340 3.174545 0.000000
-7.558011 3.164401 0.000000
-7.536816 3.159177 0.000000
-7.514987 3.159177 0.000000
-7.493792 3.164401 0.000000
-7.474463 3.174545 0.000000
-7.458123 3.189021 0.000000
-7.445722 3.206986 0.000000
-7.437982 3.227397 0.000000
-7.435350 3.249068 0.000000
-7.119136 2.934107 -0.029528
-7.118233 2.921243 -0.030176
-7.115675 2.908664 -0.032083
-7.106735 2.884804 -0.039408
-7.095009 2.863267 -0.050949
-7.082855 2.844788 -0.065862
-7.071570 2.829244 -0.084212
-7.061965 2.816780 -0.106429
-7.055668 2.808872 -0.131429
-7.054023 2.806841 -0.144445
-7.053461 2.806154 -0.157480
-7.054023 2.806841 -0.170516
-7.055668 2.808872 -0.183531
-7.061965 2.816780 -0.208532
-7.071570 2.829244 -0.230748
-7.082855 2.844788 -0.249099
-7.095009 2.863267 -0.264011
-7.106735 2.884804 -0.275553
-7.115675 2.908664 -0.282878
-7.118233 2.921243 -0.284784
-7.119136 2.934107 -0.285433
-7.302746 2.934107 -0.285433
-7.303648 2.921243 -0.284784
-7.306206 2.908664 -0.282878
-7.315146 2.884804 -0.275553
-7.326873 2.863267 -0.264011
-7.339026 2.844788 -0.249099
-7.350311 2.829244 -0.230748
-7.359916 2.816780 -0.208532
-7.366213 2.808872 -0.183531
-7.367859 2.806841 -0.170516
-7.368421 2.806154 -0.157480
-7.367859 2.806841 -0.144445
-7.366213 2.808872 -0.131429
-7.359916 2.816780 -0.106429
-7.350311 2.829244 -0.084212
-7.339026 2.844788 -0.065862
-7.326873 2.863267 -0.050949
-7.315146 2.884804 -0.039408
-7.306206 2.908664 -0.032083
-7.303648 2.921243 -0.030176
-7.302746 2.934107 -0.029528
-5.859293 2.934107 -0.029528
-5.858390 2.921243 -0.030176
-5.855833 2.908664 -0.032083
-5.846892 2.884804 -0.039408
-5.835166 2.863267 -0.050949
-5.823013 2.844788 -0.065862
-5.811728 2.829244 -0.084212
-5.802123 2.816780 -0.106429
-5.795826 2.808872 -0.131429
-5.794180 2.806841 -0.144445
-5.793618 2.806154 -0.157480
-5.794180 2.806841 -0.170516
-5.795826 2.808872 -0.183531
-5.802123 2.816780 -0.208532
-5.811728 2.829244 -0.230748
-5.823013 2.844788 -0.249099
-5.835166 2.863267 -0.264011
-5.846892 2.884804 -0.275553
-5.855833 2.908664 -0.282878
-5.858390 2.921243 -0.284784
-5.859293 2.934107 -0.285433
-6.042903 2.934107 -0.285433
-6.043806 2.921243 -0.284784
-6.046364 2.908664 -0.282878
-6.055304 2.884804 -0.275553
-6.067030 2.863267 -0.264011
-6.079184 2.844788 -0.249099
-6.090469 2.829244 -0.230748
-6.100074 2.816780 -0.208532
-6.106370 2.808872 -0.183531
-6.108016 2.806841 -0.170516
-6.108579 2.806154 -0.157480
-6.108016 2.806841 -0.144445
-6.106370 2.808872 -0.131429
-6.100074 2.816780 -0.106429
-6.090469 2.829244 -0.084212
-6.079184 2.844788 -0.065862
-6.067030 2.863267 -0.050949
-6.055304 2.884804 -0.039408
-6.046364 2.908664 -0.032083
-6.043806 2.921243 -0.030176
-6.042903 2.934107 -0.029528
-5.478657 3.249068 -0.629921
-5.478657 3.249068 -0.314961
-5.478657 3.249068 0.000000
-5.482605 3.214025 0.000000
-5.494253 3.180739 0.000000
-5.513014 3.150880 0.000000
-5.537950 3.125944 0.000000
-5.567810 3.107183 0.000000
-5.601095 3.095536 0.000000
-5.636137 3.091587 0.000000
-5.636137 3.091587 -0.314961
-5.671180 3.095536 -0.314961
-5.704466 3.107183 -0.314961
-5.734325 3.125944 -0.314961
-5.759261 3.150880 -0.314961
-5.778022 3.180739 -0.314961
-5.789670 3.214025 -0.314961
-5.793618 3.249068 -0.314961
-5.793618 3.249068 -0.629921
-5.789042 3.211380 -0.629921
-5.775579 3.175883 -0.629921
-5.754013 3.144639 -0.629921
-5.725596 3.119464 -0.629921
-5.691981 3.101821 -0.629921
-5.655120 3.092736 -0.629921
-5.617156 3.092736 -0.629921
-5.580294 3.101821 -0.629921
-5.546679 3.119464 -0.629921
-5.518262 3.144639 -0.629921
-5.496696 3.175883 -0.629921
-5.483233 3.211380 -0.629921
-5.951098 3.091587 -0.314961
-5.913411 3.091587 -0.310385
-5.877913 3.091587 -0.296922
-5.846670 3.091587 -0.275356
-5.821495 3.091587 -0.246939
-5.803852 3.091587 -0.213324
-5.794766 3.091587 -0.176462
-5.794766 3.091587 -0.138498
-5.803852 3.091587 -0.101637
-5.821495 3.091587 -0.068021
-5.846670 3.091587 -0.039605
-5.877913 3.091587 -0.018038
-5.913411 3.091587 -0.004576
-5.951098 3.091587 -0.000000
-5.951098 2.776627 0.000000
-5.913411 2.776627 -0.004576
-5.877913 2.776627 -0.018038
-5.846670 2.776627 -0.039605
-5.821495 2.776627 -0.068021
-5.803852 2.776627 -0.101637
-5.794766 2.776627 -0.138498
-5.794766 2.776627 -0.176462
-5.803852 2.776627 -0.213324
-5.821495 2.776627 -0.246939
-5.846670 2.776627 -0.275356
-5.877913 2.776627 -0.296922
-5.913411 2.776627 -0.310385
-5.951098 2.776627 -0.314961
-5.858390 2.946971 -0.030176
-5.855833 2.959550 -0.032083
-5.846892 2.983409 -0.039408
-5.835166 3.004946 -0.050949
-5.823013 3.023426 -0.065862
-5.811728 3.038970 -0.084212
-5.802123 3.051434 -0.106429
-5.795826 3.059342 -0.131429
-5.794180 3.061373 -0.144445
-5.793618 3.062060 -0.157480
-5.794180 3.061373 -0.170516
-5.795826 3.059342 -0.183531
-5.802123 3.051434 -0.208532
-5.811728 3.038970 -0.230748
-5.823013 3.023426 -0.249099
-5.835166 3.004946 -0.264011
-5.846892 2.983409 -0.275553
-5.855833 2.959550 -0.282878
-5.858390 2.946971 -0.284784
-7.210941 3.091587 -0.314961
-7.173253 3.091587 -0.310385
-7.137756 3.091587 -0.296922
-7.106512 3.091587 -0.275356
-7.081337 3.091587 -0.246939
-7.063694 3.091587 -0.213324
-7.054609 3.091587 -0.176462
-7.054609 3.091587 -0.138498
-7.063694 3.091587 -0.101637
-7.081337 3.091587 -0.068021
-7.106512 3.091587 -0.039605
-7.137756 3.091587 -0.018038
-7.173253 3.091587 -0.004576
-7.210941 3.091587 -0.000000
-7.210941 2.776627 0.000000
-7.173253 2.776627 -0.004576
-7.137756 2.776627 -0.018038
-7.106512 2.776627 -0.039605
-7.081337 2.776627 -0.068021
-7.063694 2.776627 -0.101637
-7.054609 2.776627 -0.138498
-7.054609 2.776627 -0.176462
-7.063694 2.776627 -0.213324
-7.081337 2.776627 -0.246939
-7.106512 2.776627 -0.275356
-7.137756 2.776627 -0.296922
-7.173253 2.776627 -0.310385
-7.210941 2.776627 -0.314961
-7.118233 2.946971 -0.030176
-7.115675 2.959550 -0.032083
-7.106735 2.983409 -0.039408
-7.095009 3.004946 -0.050949
-7.082855 3.023426 -0.065862
-7.071570 3.038970 -0.084212
-7.061965 3.051434 -0.106429
-7.055668 3.059342 -0.131429
-7.054023 3.061373 -0.144445
-7.053461 3.062060 -0.157480
-7.054023 3.061373 -0.170516
-7.055668 3.059342 -0.183531
-7.061965 3.051434 -0.208532
-7.071570 3.038970 -0.230748
-7.082855 3.023426 -0.249099
-7.095009 3.004946 -0.264011
-7.106735 2.983409 -0.275553
-7.115675 2.959550 -0.282878
-7.118233 2.946971 -0.284784
-5.545587 3.564028 0.000000
-5.548218 3.542358 0.000000
-5.555958 3.521947 0.000000
-5.568359 3.503982 0.000000
-5.584699 3.489506 0.000000
-5.604028 3.479361 0.000000
-5.625223 3.474137 0.000000
-5.647052 3.474137 0.000000
-5.668248 3.479361 0.000000
-5.687576 3.489506 0.000000
-5.703916 3.503982 0.000000
-5.716317 3.521947 0.000000
-5.724058 3.542358 0.000000
-5.726689 3.564028 0.000000
-5.726689 3.564028 0.283465
-5.724058 3.542358 0.283465
-5.716317 3.521947 0.283465
-5.703916 3.503982 0.283465
-5.687576 3.489506 0.283465
-5.668248 3.479361 0.283465
-5.647052 3.474137 0.283465
-5.625223 3.474137 0.283465
-5.604028 3.479361 0.283465
-5.584699 3.489506 0.283465
-5.568359 3.503982 0.283465
-5.555958 3.521947 0.283465
-5.548218 3.542358 0.283465
-5.545587 3.564028 0.283465
-5.726689 3.564028 -0.314961
-5.724058 3.542358 -0.314961
-5.716317 3.521947 -0.314961
-5.703916 3.503982 -0.314961
-5.687576 3.489506 -0.314961
-5.668248 3.479361 -0.314961
-5.647052 3.474137 -0.314961
-5.625223 3.474137 -0.314961
-5.604028 3.479361 -0.314961
-5.584699 3.489506 -0.314961
-5.568359 3.503982 -0.314961
-5.555958 3.521947 -0.314961
-5.548218 3.542358 -0.314961
-5.545587 3.564028 -0.314961
-5.545587 3.564028 -0.598425
-5.548218 3.542358 -0.598425
-5.555958 3.521947 -0.598425
-5.568359 3.503982 -0.598425
-5.584699 3.489506 -0.598425
-5.604028 3.479361 -0.598425
-5.625223 3.474137 -0.598425
-5.647052 3.474137 -0.598425
-5.668248 3.479361 -0.598425
-5.687576 3.489506 -0.598425
-5.703916 3.503982 -0.598425
-5.716317 3.521947 -0.598425
-5.724058 3.542358 -0.598425
-5.726689 3.564028 -0.598425
-5.548218 3.585699 -0.314961
-5.555958 3.606109 -0.314961
-5.568359 3.624075 -0.314961
-5.584699 3.638550 -0.314961
-5.604028 3.648695 -0.314961
-5.625223 3.653919 -0.314961
-5.647052 3.653919 -0.314961
-5.668248 3.648695 -0.314961
-5.687576 3.638550 -0.314961
-5.703916 3.624075 -0.314961
-5.716317 3.606109 -0.314961
-5.724058 3.585699 -0.314961
-5.724058 3.585699 -0.598425
-5.716317 3.606109 -0.598425
-5.703916 3.624075 -0.598425
-5.687576 3.638550 -0.598425
-5.668248 3.648695 -0.598425
-5.647052 3.653919 -0.598425
-5.625223 3.653919 -0.598425
-5.604028 3.648695 -0.598425
-5.584699 3.638550 -0.598425
-5.568359 3.624075 -0.598425
-5.555958 3.606109 -0.598425
-5.548218 3.585699 -0.598425
-5.724058 3.585699 0.000000
-5.716317 3.606109 0.000000
-5.703916 3.624075 0.000000
-5.687576 3.638550 0.000000
-5.668248 3.648695 0.000000
-5.647052 3.653919 0.000000
-5.625223 3.653919 0.000000
-5.604028 3.648695 0.000000
-5.584699 3.638550 0.000000
-5.568359 3.624075 0.000000
-5.555958 3.606109 0.000000
-5.548218 3.585699 0.000000
-5.548218 3.585699 0.283465
-5.555958 3.606109 0.283465
-5.568359 3.624075 0.283465
-5.584699 3.638550 0.283465
-5.604028 3.648695 0.283465
-5.625223 3.653919 0.283465
-5.647052 3.653919 0.283465
-5.668248 3.648695 0.283465
-5.687576 3.638550 0.283465
-5.703916 3.624075 0.283465
-5.716317 3.606109 0.283465
-5.724058 3.585699 0.283465
-5.714878 4.330331 -0.314961
-5.714878 4.193949 -0.314961
-5.712590 4.175106 -0.314961
-5.705859 4.157357 -0.314961
-5.695076 4.141735 -0.314961
-5.680867 4.129148 -0.314961
-5.664059 4.120326 -0.314961
-5.645628 4.115783 -0.314961
-5.626647 4.115783 -0.314961
-5.608216 4.120326 -0.314961
-5.591408 4.129148 -0.314961
-5.577200 4.141735 -0.314961
-5.566417 4.157357 -0.314961
-5.559686 4.175106 -0.314961
-5.557397 4.193949 -0.314961
-5.557397 4.330331 -0.314961
-5.530763 4.310980 -0.314961
-5.508733 4.286514 -0.314961
-5.492272 4.258002 -0.314961
-5.482099 4.226691 -0.314961
-5.478657 4.193949 -0.314961
-5.478657 3.878989 -0.314961
-5.483233 3.916676 -0.314961
-5.496696 3.952173 -0.314961
-5.518262 3.983418 -0.314961
-5.546679 4.008593 -0.314961
-5.580294 4.026236 -0.314961
-5.617156 4.035321 -0.314961
-5.655120 4.035321 -0.314961
-5.691981 4.026236 -0.314961
-5.725596 4.008593 -0.314961
-5.754013 3.983418 -0.314961
-5.775579 3.952173 -0.314961
-5.789042 3.916676 -0.314961
-5.793618 3.878989 -0.314961
-5.793618 4.193949 -0.314961
-5.790176 4.226691 -0.314961
-5.780003 4.258002 -0.314961
-5.763542 4.286514 -0.314961
-5.741512 4.310980 -0.314961
-5.714878 4.193949 -0.629921
-5.714878 4.330331 -0.629921
-5.741512 4.310980 -0.629921
-5.763542 4.286514 -0.629921
-5.780003 4.258002 -0.629921
-5.790176 4.226691 -0.629921
-5.793618 4.193949 -0.629921
-5.793618 3.878989 -0.629921
-5.789042 3.916676 -0.629921
-5.775579 3.952173 -0.629921
-5.754013 3.983418 -0.629921
-5.725596 4.008593 -0.629921
-5.691981 4.026236 -0.629921
-5.655120 4.035321 -0.629921
-5.617156 4.035321 -0.629921
-5.580294 4.026236 -0.629921
-5.546679 4.008593 -0.629921
-5.518262 3.983418 -0.629921
-5.496696 3.952173 -0.629921
-5.483233 3.916676 -0.629921
-5.478657 3.878989 -0.629921
-5.478657 4.193949 -0.629921
-5.482099 4.226691 -0.629921
-5.492272 4.258002 -0.629921
-5.508733 4.286514 -0.629921
-5.530763 4.310980 -0.629921
-5.557397 4.330331 -0.629921
-5.557397 4.193949 -0.629921
-5.559686 4.175106 -0.629921
-5.566417 4.157357 -0.629921
-5.577200 4.141735 -0.629921
-5.591408 4.129148 -0.629921
-5.608216 4.120326 -0.629921
-5.626647 4.115783 -0.629921
-5.645628 4.115783 -0.629921
-5.664059 4.120326 -0.629921
-5.680867 4.129148 -0.629921
-5.695076 4.141735 -0.629921
-5.705859 4.157357 -0.629921
-5.712590 4.175106 -0.629921
-5.793618 3.878989 0.000000
-5.789042 3.841301 0.000000
-5.775579 3.805804 0.000000
-5.754013 3.774560 0.000000
-5.725596 3.749385 0.000000
-5.691981 3.731742 0.000000
-5.655120 3.722657 0.000000
-5.617156 3.722657 0.000000
-5.580294 3.731742 0.000000
-5.546679 3.749385 0.000000
-5.518262 3.774560 0.000000
-5.496696 3.805804 0.000000
-5.483233 3.841301 0.000000
-5.478657 3.878989 0.000000
-5.482605 3.284110 0.000000
-5.494253 3.317396 0.000000
-5.513014 3.347255 0.000000
-5.537950 3.372191 0.000000
-5.567810 3.390952 0.000000
-5.601095 3.402600 0.000000
-5.636137 3.406548 0.000000
-5.793618 3.406548 0.000000
-5.483233 3.841301 -0.314961
-5.496696 3.805804 -0.314961
-5.518262 3.774560 -0.314961
-5.546679 3.749385 -0.314961
-5.580294 3.731742 -0.314961
-5.617156 3.722657 -0.314961
-5.655120 3.722657 -0.314961
-5.691981 3.731742 -0.314961
-5.725596 3.749385 -0.314961
-5.754013 3.774560 -0.314961
-5.775579 3.805804 -0.314961
-5.789042 3.841301 -0.314961
-5.793618 3.406548 -0.314961
-5.636137 3.406548 -0.314961
-5.601095 3.402600 -0.314961
-5.567810 3.390952 -0.314961
-5.537950 3.372191 -0.314961
-5.513014 3.347255 -0.314961
-5.494253 3.317396 -0.314961
-5.482605 3.284110 -0.314961
-7.525901 3.091587 -0.314961
-7.563589 3.096163 -0.314961
-7.599086 3.109626 -0.314961
-7.630330 3.131192 -0.314961
-7.655505 3.159609 -0.314961
-7.673148 3.193224 -0.314961
-7.682233 3.230085 -0.314961
-7.682233 3.268050 -0.314961
-7.673148 3.304911 -0.314961
-7.655505 3.338526 -0.314961
-7.630330 3.366943 -0.314961
-7.599086 3.388510 -0.314961
-7.563589 3.401972 -0.314961
-7.525901 3.406548 -0.314961
-7.437982 3.270738 -0.314961
-7.445722 3.291149 -0.314961
-7.458123 3.309114 -0.314961
-7.474463 3.323590 -0.314961
-7.493792 3.333734 -0.314961
-7.514987 3.338959 -0.314961
-7.536816 3.338959 -0.314961
-7.558011 3.333734 -0.314961
-7.577340 3.323590 -0.314961
-7.593680 3.309114 -0.314961
-7.606081 3.291149 -0.314961
-7.613822 3.270738 -0.314961
-7.248628 3.091587 -0.004576
-7.284125 3.091587 -0.018038
-7.315370 3.091587 -0.039605
-7.340545 3.091587 -0.068021
-7.358187 3.091587 -0.101637
-7.367273 3.091587 -0.138498
-7.367273 3.091587 -0.176462
-7.358187 3.091587 -0.213324
-7.340545 3.091587 -0.246939
-7.315370 3.091587 -0.275356
-7.284125 3.091587 -0.296922
-7.248628 3.091587 -0.310385
-7.248628 2.776627 -0.310385
-7.284125 2.776627 -0.296922
-7.315370 2.776627 -0.275356
-7.340545 2.776627 -0.246939
-7.358187 2.776627 -0.213324
-7.367273 2.776627 -0.176462
-7.367273 2.776627 -0.138498
-7.358187 2.776627 -0.101637
-7.340545 2.776627 -0.068021
-7.315370 2.776627 -0.039605
-7.284125 2.776627 -0.018038
-7.248628 2.776627 -0.004576
-7.303648 2.946971 -0.284784
-7.306206 2.959550 -0.282878
-7.315146 2.983409 -0.275553
-7.326873 3.004946 -0.264011
-7.339026 3.023426 -0.249099
-7.350311 3.038970 -0.230748
-7.359916 3.051434 -0.208532
-7.366213 3.059342 -0.183531
-7.367859 3.061373 -0.170516
-7.368421 3.062060 -0.157480
-7.367859 3.061373 -0.144445
-7.366213 3.059342 -0.131429
-7.359916 3.051434 -0.106429
-7.350311 3.038970 -0.084212
-7.339026 3.023426 -0.065862
-7.326873 3.004946 -0.050949
-7.315146 2.983409 -0.039408
-7.306206 2.959550 -0.032083
-7.303648 2.946971 -0.030176
-5.988786 3.091587 -0.004576
-6.024283 3.091587 -0.018038
-6.055527 3.091587 -0.039605
-6.080702 3.091587 -0.068021
-6.098345 3.091587 -0.101637
-6.107430 3.091587 -0.138498
-6.107430 3.091587 -0.176462
-6.098345 3.091587 -0.213324
-6.080702 3.091587 -0.246939
-6.055527 3.091587 -0.275356
-6.024283 3.091587 -0.296922
-5.988786 3.091587 -0.310385
-5.988786 2.776627 -0.310385
-6.024283 2.776627 -0.296922
-6.055527 2.776627 -0.275356
-6.080702 2.776627 -0.246939
-6.098345 2.776627 -0.213324
-6.107430 2.776627 -0.176462
-6.107430 2.776627 -0.138498
-6.098345 2.776627 -0.101637
-6.080702 2.776627 -0.068021
-6.055527 2.776627 -0.039605
-6.024283 2.776627 -0.018038
-5.988786 2.776627 -0.004576
-6.043806 2.946971 -0.284784
-6.046364 2.959550 -0.282878
-6.055304 2.983409 -0.275553
-6.067030 3.004946 -0.264011
-6.079184 3.023426 -0.249099
-6.090469 3.038970 -0.230748
-6.100074 3.051434 -0.208532
-6.106370 3.059342 -0.183531
-6.108016 3.061373 -0.170516
-6.108579 3.062060 -0.157480
-6.108016 3.061373 -0.144445
-6.106370 3.059342 -0.131429
-6.100074 3.051434 -0.106429
-6.090469 3.038970 -0.084212
-6.079184 3.023426 -0.065862
-6.067030 3.004946 -0.050949
-6.055304 2.983409 -0.039408
-6.046364 2.959550 -0.032083
-6.043806 2.946971 -0.030176
-7.525901 2.776627 -0.314961
-7.525901 2.776627 0.000000
-7.525901 3.091587 0.000000
-5.483233 3.916676 0.000000
-5.496696 3.952173 0.000000
-5.518262 3.983418 0.000000
-5.546679 4.008593 0.000000
-5.580294 4.026236 0.000000
-5.617156 4.035321 0.000000
-5.655120 4.035321 0.000000
-5.691981 4.026236 0.000000
-5.725596 4.008593 0.000000
-5.754013 3.983418 0.000000
-5.775579 3.952173 0.000000
-5.789042 3.916676 0.000000
-5.793618 3.878989 0.314961
-5.789042 3.916676 0.314961
-5.775579 3.952173 0.314961
-5.754013 3.983418 0.314961
-5.725596 4.008593 0.314961
-5.691981 4.026236 0.314961
-5.655120 4.035321 0.314961
-5.617156 4.035321 0.314961
-5.580294 4.026236 0.314961
-5.546679 4.008593 0.314961
-5.518262 3.983418 0.314961
-5.496696 3.952173 0.314961
-5.483233 3.916676 0.314961
-5.478657 3.878989 0.314961
-5.793618 3.091587 0.078740
-5.793618 2.776627 0.078740
-5.793618 2.776627 0.000000
-5.793618 2.619146 0.000000
-5.793618 2.619146 0.314961
-5.793618 3.091587 0.000000
-5.789670 2.584104 0.000000
-5.778022 2.550818 0.000000
-5.759261 2.520959 0.000000
-5.734325 2.496023 0.000000
-5.704466 2.477262 0.000000
-5.671180 2.465614 0.000000
-5.636137 2.461666 0.000000
-5.636137 2.461666 -0.314961
-5.598450 2.466242 -0.314961
-5.562953 2.479704 -0.314961
-5.531709 2.501271 -0.314961
-5.506534 2.529687 -0.314961
-5.488891 2.563303 -0.314961
-5.479805 2.600164 -0.314961
-5.479805 2.638129 -0.314961
-5.488891 2.674989 -0.314961
-5.506534 2.708605 -0.314961
-5.531709 2.737022 -0.314961
-5.562953 2.758588 -0.314961
-5.598450 2.772051 -0.314961
-5.636137 2.776627 -0.314961
-5.636137 2.776627 0.000000
-5.601095 2.772678 0.000000
-5.567810 2.761031 0.000000
-5.537950 2.742269 0.000000
-5.513014 2.717334 0.000000
-5.494253 2.687474 0.000000
-5.482605 2.654189 0.000000
-5.478657 2.619146 0.000000
-5.478657 2.619146 0.078740
-5.478657 2.619146 0.314961
-5.483233 2.581459 0.314961
-5.496696 2.545962 0.314961
-5.518262 2.514718 0.314961
-5.546679 2.489542 0.314961
-5.580294 2.471900 0.314961
-5.617156 2.462814 0.314961
-5.655120 2.462814 0.314961
-5.691981 2.471900 0.314961
-5.725596 2.489542 0.314961
-5.754013 2.514718 0.314961
-5.775579 2.545962 0.314961
-5.789042 2.581459 0.314961
-5.478657 3.249068 0.078740
-5.762284 2.650239 0.314961
-5.751177 2.679524 0.314961
-5.733385 2.705300 0.314961
-5.709941 2.726069 0.314961
-5.682209 2.740625 0.314961
-5.651798 2.748120 0.314961
-5.620477 2.748120 0.314961
-5.590067 2.740625 0.314961
-5.562334 2.726069 0.314961
-5.538890 2.705300 0.314961
-5.521098 2.679524 0.314961
-5.509992 2.650239 0.314961
-5.762284 3.280160 0.314961
-5.751177 3.309445 0.314961
-5.733385 3.335221 0.314961
-5.709941 3.355991 0.314961
-5.682209 3.370546 0.314961
-5.651798 3.378042 0.314961
-5.620477 3.378042 0.314961
-5.590067 3.370546 0.314961
-5.562334 3.355991 0.314961
-5.538890 3.335221 0.314961
-5.521098 3.309445 0.314961
-5.509992 3.280160 0.314961
-5.762284 3.595120 0.314961
-5.751177 3.624406 0.314961
-5.733385 3.650182 0.314961
-5.709941 3.670951 0.314961
-5.682209 3.685507 0.314961
-5.651798 3.693002 0.314961
-5.620477 3.693002 0.314961
-5.590067 3.685507 0.314961
-5.562334 3.670951 0.314961
-5.538890 3.650182 0.314961
-5.521098 3.624406 0.314961
-5.509992 3.595120 0.314961
-5.762284 3.910081 0.314961
-5.751177 3.939366 0.314961
-5.733385 3.965142 0.314961
-5.709941 3.985912 0.314961
-5.682209 4.000467 0.314961
-5.651798 4.007963 0.314961
-5.620477 4.007963 0.314961
-5.590067 4.000467 0.314961
-5.562334 3.985912 0.314961
-5.538890 3.965142 0.314961
-5.521098 3.939366 0.314961
-5.509992 3.910081 0.314961
-7.525901 2.461666 0.000000
-7.525901 2.461666 -0.314961
-7.563589 2.466242 0.000000
-7.599086 2.479704 0.000000
-7.630330 2.501271 0.000000
-7.655505 2.529687 0.000000
-7.673148 2.563303 0.000000
-7.682233 2.600164 0.000000
-7.682233 2.638129 0.000000
-7.673148 2.674989 0.000000
-7.655505 2.708605 0.000000
-7.630330 2.737022 0.000000
-7.599086 2.758588 0.000000
-7.563589 2.772051 0.000000
-7.563589 2.772051 -0.314961
-7.599086 2.758588 -0.314961
-7.630330 2.737022 -0.314961
-7.655505 2.708605 -0.314961
-7.673148 2.674989 -0.314961
-7.682233 2.638129 -0.314961
-7.682233 2.600164 -0.314961
-7.673148 2.563303 -0.314961
-7.655505 2.529687 -0.314961
-7.630330 2.501271 -0.314961
-7.599086 2.479704 -0.314961
-7.563589 2.466242 -0.314961
-5.636137 2.776627 0.078740
-7.437982 2.640817 -0.314961
-7.445722 2.661227 -0.314961
-7.458123 2.679193 -0.314961
-7.474463 2.693668 -0.314961
-7.493792 2.703813 -0.314961
-7.514987 2.709037 -0.314961
-7.536816 2.709037 -0.314961
-7.558011 2.703813 -0.314961
-7.577340 2.693668 -0.314961
-7.593680 2.679193 -0.314961
-7.606081 2.661227 -0.314961
-7.613822 2.640817 -0.314961
-7.613822 2.640817 0.000000
-7.606081 2.661227 0.000000
-7.593680 2.679193 0.000000
-7.577340 2.693668 0.000000
-7.558011 2.703813 0.000000
-7.536816 2.709037 0.000000
-7.514987 2.709037 0.000000
-7.493792 2.703813 0.000000
-7.474463 2.693668 0.000000
-7.458123 2.679193 0.000000
-7.445722 2.661227 0.000000
-7.437982 2.640817 0.000000
-6.659760 2.501036 0.000000
-7.014091 2.501036 0.000000
-7.014091 2.737257 0.000000
-6.659760 2.737257 0.000000
-6.266059 2.501036 0.000000
-6.620389 2.501036 0.000000
-6.620389 2.737257 0.000000
-6.266059 2.737257 0.000000
-5.872358 2.501036 0.000000
-6.226689 2.501036 0.000000
-6.226689 2.737257 0.000000
-5.872358 2.737257 0.000000
-7.053461 2.501036 0.000000
-7.407791 2.501036 0.000000
-7.407791 2.737257 0.000000
-7.053461 2.737257 0.000000
-7.525901 3.406548 0.000000
-7.563589 3.401972 0.000000
-7.599086 3.388510 0.000000
-7.630330 3.366943 0.000000
-7.655505 3.338526 0.000000
-7.673148 3.304911 0.000000
-7.682233 3.268050 0.000000
-7.682233 3.230085 0.000000
-7.673148 3.193224 0.000000
-7.655505 3.159609 0.000000
-7.630330 3.131192 0.000000
-7.599086 3.109626 0.000000
-7.563589 3.096163 0.000000
-7.613822 3.270738 0.000000
-7.606081 3.291149 0.000000
-7.593680 3.309114 0.000000
-7.577340 3.323590 0.000000
-7.558011 3.333734 0.000000
-7.536816 3.338959 0.000000
-7.514987 3.338959 0.000000
-7.493792 3.333734 0.000000
-7.474463 3.323590 0.000000
-7.458123 3.309114 0.000000
-7.445722 3.291149 0.000000
-7.437982 3.270738 0.000000
-5.872358 3.130957 0.000000
-6.226689 3.130957 0.000000
-6.226689 3.367178 0.000000
-5.872358 3.367178 0.000000
-6.266059 3.130957 0.000000
-6.620389 3.130957 0.000000
-6.620389 3.367178 0.000000
-6.266059 3.367178 0.000000
-6.659760 3.130957 0.000000
-7.014091 3.130957 0.000000
-7.014091 3.367178 0.000000
-6.659760 3.367178 0.000000
-7.053461 3.130957 0.000000
-7.407791 3.130957 0.000000
-7.407791 3.367178 0.000000
-7.053461 3.367178 0.000000
-5.636137 3.091587 0.078740
-5.601095 3.095536 0.078740
-5.567810 3.107183 0.078740
-5.537950 3.125944 0.078740
-5.513014 3.150880 0.078740
-5.494253 3.180739 0.078740
-5.482605 3.214025 0.078740
-5.482605 2.654189 0.078740
-5.494253 2.687474 0.078740
-5.513014 2.717334 0.078740
-5.537950 2.742269 0.078740
-5.567810 2.761031 0.078740
-5.601095 2.772678 0.078740
-7.407791 3.130957 -0.078740
-7.407791 3.367178 -0.078740
-7.053461 3.367178 -0.078740
-7.053461 3.130957 -0.078740
-7.014091 3.130957 -0.078740
-7.014091 3.367178 -0.078740
-6.659760 3.367178 -0.078740
-6.659760 3.130957 -0.078740
-6.620389 3.130957 -0.078740
-6.620389 3.367178 -0.078740
-6.266059 3.367178 -0.078740
-6.266059 3.130957 -0.078740
-6.226689 3.130957 -0.078740
-6.226689 3.367178 -0.078740
-5.872358 3.367178 -0.078740
-5.872358 3.130957 -0.078740
-7.407791 2.501036 -0.078740
-7.407791 2.737257 -0.078740
-7.053461 2.737257 -0.078740
-7.053461 2.501036 -0.078740
-6.226689 2.501036 -0.078740
-6.226689 2.737257 -0.078740
-5.872358 2.737257 -0.078740
-5.872358 2.501036 -0.078740
-6.620389 2.501036 -0.078740
-6.620389 2.737257 -0.078740
-6.266059 2.737257 -0.078740
-6.266059 2.501036 -0.078740
-7.014091 2.501036 -0.078740
-7.014091 2.737257 -0.078740
-6.659760 2.737257 -0.078740
-6.659760 2.501036 -0.078740
-5.789042 3.841301 -0.629921
-5.775579 3.805804 -0.629921
-5.754013 3.774560 -0.629921
-5.725596 3.749385 -0.629921
-5.691981 3.731742 -0.629921
-5.655120 3.722657 -0.629921
-5.617156 3.722657 -0.629921
-5.580294 3.731742 -0.629921
-5.546679 3.749385 -0.629921
-5.518262 3.774560 -0.629921
-5.496696 3.805804 -0.629921
-5.483233 3.841301 -0.629921
-5.509992 3.280160 -0.629921
-5.521098 3.309445 -0.629921
-5.538890 3.335221 -0.629921
-5.562334 3.355991 -0.629921
-5.590067 3.370546 -0.629921
-5.620477 3.378042 -0.629921
-5.651798 3.378042 -0.629921
-5.682209 3.370546 -0.629921
-5.709941 3.355991 -0.629921
-5.733385 3.335221 -0.629921
-5.751177 3.309445 -0.629921
-5.762284 3.280160 -0.629921
-5.509992 3.595120 -0.629921
-5.521098 3.624406 -0.629921
-5.538890 3.650182 -0.629921
-5.562334 3.670951 -0.629921
-5.590067 3.685507 -0.629921
-5.620477 3.693002 -0.629921
-5.651798 3.693002 -0.629921
-5.682209 3.685507 -0.629921
-5.709941 3.670951 -0.629921
-5.733385 3.650182 -0.629921
-5.751177 3.624406 -0.629921
-5.762284 3.595120 -0.629921
-5.478657 4.193949 0.000000
-5.483233 4.231637 0.000000
-5.496696 4.267134 0.000000
-5.518262 4.298378 0.000000
-5.546679 4.323553 0.000000
-5.580294 4.341196 0.000000
-5.617156 4.350282 0.000000
-5.655120 4.350282 0.000000
-5.691981 4.341196 0.000000
-5.725596 4.323553 0.000000
-5.754013 4.298378 0.000000
-5.775579 4.267134 0.000000
-5.789042 4.231637 0.000000
-5.793618 4.193949 0.000000
-5.762284 4.225042 0.000000
-5.751177 4.254327 0.000000
-5.733385 4.280103 0.000000
-5.709941 4.300872 0.000000
-5.682209 4.315428 0.000000
-5.651798 4.322924 0.000000
-5.620477 4.322924 0.000000
-5.590067 4.315428 0.000000
-5.562334 4.300872 0.000000
-5.538890 4.280103 0.000000
-5.521098 4.254327 0.000000
-5.509992 4.225042 0.000000
-5.587473 4.343722 -0.314961
-5.619677 4.350567 -0.314961
-5.652599 4.350567 -0.314961
-5.684802 4.343722 -0.314961
-5.684802 4.343722 -0.629921
-5.652599 4.350567 -0.629921
-5.619677 4.350567 -0.629921
-5.587473 4.343722 -0.629921
-5.478657 4.193949 -0.944882
-5.483233 4.231637 -0.944882
-5.496696 4.267134 -0.944882
-5.518262 4.298378 -0.944882
-5.546679 4.323553 -0.944882
-5.580294 4.341196 -0.944882
-5.617156 4.350282 -0.944882
-5.655120 4.350282 -0.944882
-5.691981 4.341196 -0.944882
-5.725596 4.323553 -0.944882
-5.754013 4.298378 -0.944882
-5.775579 4.267134 -0.944882
-5.789042 4.231637 -0.944882
-5.793618 4.193949 -0.944882
-5.478657 3.878989 -0.944882
-5.793618 3.878989 -0.944882
-5.789042 3.841301 -0.944882
-5.775579 3.805804 -0.944882
-5.754013 3.774560 -0.944882
-5.725596 3.749385 -0.944882
-5.691981 3.731742 -0.944882
-5.655120 3.722657 -0.944882
-5.617156 3.722657 -0.944882
-5.580294 3.731742 -0.944882
-5.546679 3.749385 -0.944882
-5.518262 3.774560 -0.944882
-5.496696 3.805804 -0.944882
-5.483233 3.841301 -0.944882
-5.509992 3.910081 -0.944882
-5.521098 3.939366 -0.944882
-5.538890 3.965142 -0.944882
-5.562334 3.985912 -0.944882
-5.590067 4.000467 -0.944882
-5.620477 4.007963 -0.944882
-5.651798 4.007963 -0.944882
-5.682209 4.000467 -0.944882
-5.709941 3.985912 -0.944882
-5.733385 3.965142 -0.944882
-5.751177 3.939366 -0.944882
-5.762284 3.910081 -0.944882
-5.509992 4.225042 -0.944882
-5.521098 4.254327 -0.944882
-5.538890 4.280103 -0.944882
-5.562334 4.300872 -0.944882
-5.590067 4.315428 -0.944882
-5.620477 4.322924 -0.944882
-5.651798 4.322924 -0.944882
-5.682209 4.315428 -0.944882
-5.709941 4.300872 -0.944882
-5.733385 4.280103 -0.944882
-5.751177 4.254327 -0.944882
-5.762284 4.225042 -0.944882
-5.714878 4.374806 -0.314961
-5.557397 4.374806 -0.314961
-5.587432 4.361222 -0.314961
-5.619656 4.354274 -0.314961
-5.652619 4.354274 -0.314961
-5.684843 4.361222 -0.314961
-5.714878 4.374806 -0.629921
-5.557397 4.374806 -0.629921
-5.684843 4.361222 -0.629921
-5.652619 4.354274 -0.629921
-5.619656 4.354274 -0.629921
-5.587432 4.361222 -0.629921
-5.480626 4.508910 -0.944882
-5.480626 4.508910 0.000000
-5.485323 4.470975 0.000000
-5.499133 4.435332 0.000000
-5.521220 4.404135 0.000000
-5.550250 4.379267 0.000000
-5.584469 4.362233 0.000000
-5.621810 4.354060 0.000000
-5.660017 4.355243 0.000000
-5.696780 4.365709 0.000000
-5.729880 4.384829 0.000000
-5.757316 4.411444 0.000000
-5.777431 4.443948 0.000000
-5.789010 4.480377 0.000000
-5.791352 4.518530 0.000000
-5.784316 4.556102 0.000000
-5.768328 4.590822 0.000000
-5.744354 4.620594 0.000000
-5.713841 4.643618 0.000000
-5.678634 4.658503 0.000000
-5.640859 4.664350 0.000000
-5.602798 4.660806 0.000000
-5.566753 4.648085 0.000000
-5.534899 4.626956 0.000000
-5.534899 4.626956 -0.944882
-5.566753 4.648085 -0.944882
-5.602798 4.660806 -0.944882
-5.640859 4.664350 -0.944882
-5.678634 4.658503 -0.944882
-5.713841 4.643618 -0.944882
-5.744354 4.620594 -0.944882
-5.768328 4.590822 -0.944882
-5.784316 4.556102 -0.944882
-5.791352 4.518530 -0.944882
-5.789010 4.480377 -0.944882
-5.777431 4.443948 -0.944882
-5.757316 4.411444 -0.944882
-5.729880 4.384829 -0.944882
-5.696780 4.365709 -0.944882
-5.660017 4.355243 -0.944882
-5.621810 4.354060 -0.944882
-5.584469 4.362233 -0.944882
-5.550250 4.379267 -0.944882
-5.521220 4.404135 -0.944882
-5.499133 4.435332 -0.944882
-5.485323 4.470975 -0.944882
-5.791649 4.981351 -0.944882
-5.791649 4.981351 0.000000
-5.688105 4.921678 0.000000
-5.601128 4.839719 0.000000
-5.535414 4.739900 0.000000
-5.494510 4.627609 0.000000
-5.494510 4.627609 -0.944882
-5.535414 4.739900 -0.944882
-5.601128 4.839719 -0.944882
-5.688105 4.921678 -0.944882
-5.573555 4.728018 0.000000
-5.634082 4.817709 0.000000
-5.713339 4.891373 0.000000
-5.807212 4.945187 0.000000
-5.807212 4.945187 -0.944882
-5.713339 4.891373 -0.944882
-5.634082 4.817709 -0.944882
-5.573555 4.728018 -0.944882
-5.509992 4.540002 -0.944882
-5.521098 4.569287 -0.944882
-5.538890 4.595064 -0.944882
-5.562334 4.615833 -0.944882
-5.590067 4.630389 -0.944882
-5.620477 4.637884 -0.944882
-5.651798 4.637884 -0.944882
-5.682209 4.630389 -0.944882
-5.709941 4.615833 -0.944882
-5.733385 4.595064 -0.944882
-5.751177 4.569287 -0.944882
-5.762284 4.540002 -0.944882
-5.762284 4.540002 0.000000
-5.751177 4.569287 0.000000
-5.733385 4.595064 0.000000
-5.709941 4.615833 0.000000
-5.682209 4.630389 0.000000
-5.651798 4.637884 0.000000
-5.620477 4.637884 0.000000
-5.590067 4.630389 0.000000
-5.562334 4.615833 0.000000
-5.538890 4.595064 0.000000
-5.521098 4.569287 0.000000
-5.509992 4.540002 0.000000
-5.509992 2.650239 0.283465
-5.521098 2.679524 0.283465
-5.538890 2.705300 0.283465
-5.562334 2.726069 0.283465
-5.590067 2.740625 0.283465
-5.620477 2.748120 0.283465
-5.651798 2.748120 0.283465
-5.682209 2.740625 0.283465
-5.709941 2.726069 0.283465
-5.733385 2.705300 0.283465
-5.751177 2.679524 0.283465
-5.762284 2.650239 0.283465
-5.724058 2.640817 0.283465
-5.716317 2.661227 0.283465
-5.703916 2.679193 0.283465
-5.687576 2.693668 0.283465
-5.668248 2.703813 0.283465
-5.647052 2.709037 0.283465
-5.625223 2.709037 0.283465
-5.604028 2.703813 0.283465
-5.584699 2.693668 0.283465
-5.568359 2.679193 0.283465
-5.555958 2.661227 0.283465
-5.548218 2.640817 0.283465
-5.509992 3.280160 0.283465
-5.521098 3.309445 0.283465
-5.538890 3.335221 0.283465
-5.562334 3.355991 0.283465
-5.590067 3.370546 0.283465
-5.620477 3.378042 0.283465
-5.651798 3.378042 0.283465
-5.682209 3.370546 0.283465
-5.709941 3.355991 0.283465
-5.733385 3.335221 0.283465
-5.751177 3.309445 0.283465
-5.762284 3.280160 0.283465
-5.724058 3.270738 0.283465
-5.716317 3.291149 0.283465
-5.703916 3.309114 0.283465
-5.687576 3.323590 0.283465
-5.668248 3.333734 0.283465
-5.647052 3.338959 0.283465
-5.625223 3.338959 0.283465
-5.604028 3.333734 0.283465
-5.584699 3.323590 0.283465
-5.568359 3.309114 0.283465
-5.555958 3.291149 0.283465
-5.548218 3.270738 0.283465
-5.509992 3.595120 0.283465
-5.521098 3.624406 0.283465
-5.538890 3.650182 0.283465
-5.562334 3.670951 0.283465
-5.590067 3.685507 0.283465
-5.620477 3.693002 0.283465
-5.651798 3.693002 0.283465
-5.682209 3.685507 0.283465
-5.709941 3.670951 0.283465
-5.733385 3.650182 0.283465
-5.751177 3.624406 0.283465
-5.762284 3.595120 0.283465
-5.509992 3.910081 0.283465
-5.521098 3.939366 0.283465
-5.538890 3.965142 0.283465
-5.562334 3.985912 0.283465
-5.590067 4.000467 0.283465
-5.620477 4.007963 0.283465
-5.651798 4.007963 0.283465
-5.682209 4.000467 0.283465
-5.709941 3.985912 0.283465
-5.733385 3.965142 0.283465
-5.751177 3.939366 0.283465
-5.762284 3.910081 0.283465
-5.724058 3.900659 0.283465
-5.716317 3.921070 0.283465
-5.703916 3.939035 0.283465
-5.687576 3.953511 0.283465
-5.668248 3.963656 0.283465
-5.647052 3.968880 0.283465
-5.625223 3.968880 0.283465
-5.604028 3.963656 0.283465
-5.584699 3.953511 0.283465
-5.568359 3.939035 0.283465
-5.555958 3.921070 0.283465
-5.548218 3.900659 0.283465
-5.548218 2.640817 0.000000
-5.555958 2.661227 0.000000
-5.568359 2.679193 0.000000
-5.584699 2.693668 0.000000
-5.604028 2.703813 0.000000
-5.625223 2.709037 0.000000
-5.647052 2.709037 0.000000
-5.668248 2.703813 0.000000
-5.687576 2.693668 0.000000
-5.703916 2.679193 0.000000
-5.716317 2.661227 0.000000
-5.724058 2.640817 0.000000
-5.548218 3.270738 0.000000
-5.555958 3.291149 0.000000
-5.568359 3.309114 0.000000
-5.584699 3.323590 0.000000
-5.604028 3.333734 0.000000
-5.625223 3.338959 0.000000
-5.647052 3.338959 0.000000
-5.668248 3.333734 0.000000
-5.687576 3.323590 0.000000
-5.703916 3.309114 0.000000
-5.716317 3.291149 0.000000
-5.724058 3.270738 0.000000
-5.548218 3.900659 0.000000
-5.555958 3.921070 0.000000
-5.568359 3.939035 0.000000
-5.584699 3.953511 0.000000
-5.604028 3.963656 0.000000
-5.625223 3.968880 0.000000
-5.647052 3.968880 0.000000
-5.668248 3.963656 0.000000
-5.687576 3.953511 0.000000
-5.703916 3.939035 0.000000
-5.716317 3.921070 0.000000
-5.724058 3.900659 0.000000
-5.762284 3.280160 -0.598425
-5.751177 3.309445 -0.598425
-5.733385 3.335221 -0.598425
-5.709941 3.355991 -0.598425
-5.682209 3.370546 -0.598425
-5.651798 3.378042 -0.598425
-5.620477 3.378042 -0.598425
-5.590067 3.370546 -0.598425
-5.562334 3.355991 -0.598425
-5.538890 3.335221 -0.598425
-5.521098 3.309445 -0.598425
-5.509992 3.280160 -0.598425
-5.548218 3.270738 -0.598425
-5.555958 3.291149 -0.598425
-5.568359 3.309114 -0.598425
-5.584699 3.323590 -0.598425
-5.604028 3.333734 -0.598425
-5.625223 3.338959 -0.598425
-5.647052 3.338959 -0.598425
-5.668248 3.333734 -0.598425
-5.687576 3.323590 -0.598425
-5.703916 3.309114 -0.598425
-5.716317 3.291149 -0.598425
-5.724058 3.270738 -0.598425
-5.762284 3.595120 -0.598425
-5.751177 3.624406 -0.598425
-5.733385 3.650182 -0.598425
-5.709941 3.670951 -0.598425
-5.682209 3.685507 -0.598425
-5.651798 3.693002 -0.598425
-5.620477 3.693002 -0.598425
-5.590067 3.685507 -0.598425
-5.562334 3.670951 -0.598425
-5.538890 3.650182 -0.598425
-5.521098 3.624406 -0.598425
-5.509992 3.595120 -0.598425
-5.724058 3.270738 -0.314961
-5.716317 3.291149 -0.314961
-5.703916 3.309114 -0.314961
-5.687576 3.323590 -0.314961
-5.668248 3.333734 -0.314961
-5.647052 3.338959 -0.314961
-5.625223 3.338959 -0.314961
-5.604028 3.333734 -0.314961
-5.584699 3.323590 -0.314961
-5.568359 3.309114 -0.314961
-5.555958 3.291149 -0.314961
-5.548218 3.270738 -0.314961
-5.762284 3.910081 -0.913386
-5.751177 3.939366 -0.913386
-5.733385 3.965142 -0.913386
-5.709941 3.985912 -0.913386
-5.682209 4.000467 -0.913386
-5.651798 4.007963 -0.913386
-5.620477 4.007963 -0.913386
-5.590067 4.000467 -0.913386
-5.562334 3.985912 -0.913386
-5.538890 3.965142 -0.913386
-5.521098 3.939366 -0.913386
-5.509992 3.910081 -0.913386
-5.548218 3.900659 -0.913386
-5.555958 3.921070 -0.913386
-5.568359 3.939035 -0.913386
-5.584699 3.953511 -0.913386
-5.604028 3.963656 -0.913386
-5.625223 3.968880 -0.913386
-5.647052 3.968880 -0.913386
-5.668248 3.963656 -0.913386
-5.687576 3.953511 -0.913386
-5.703916 3.939035 -0.913386
-5.716317 3.921070 -0.913386
-5.724058 3.900659 -0.913386
-5.762284 4.225042 -0.913386
-5.751177 4.254327 -0.913386
-5.733385 4.280103 -0.913386
-5.709941 4.300872 -0.913386
-5.682209 4.315428 -0.913386
-5.651798 4.322924 -0.913386
-5.620477 4.322924 -0.913386
-5.590067 4.315428 -0.913386
-5.562334 4.300872 -0.913386
-5.538890 4.280103 -0.913386
-5.521098 4.254327 -0.913386
-5.509992 4.225042 -0.913386
-5.548218 4.215620 -0.913386
-5.555958 4.236031 -0.913386
-5.568359 4.253996 -0.913386
-5.584699 4.268472 -0.913386
-5.604028 4.278616 -0.913386
-5.625223 4.283840 -0.913386
-5.647052 4.283840 -0.913386
-5.668248 4.278616 -0.913386
-5.687576 4.268472 -0.913386
-5.703916 4.253996 -0.913386
-5.716317 4.236031 -0.913386
-5.724058 4.215620 -0.913386
-5.762284 4.540002 -0.913386
-5.751177 4.569287 -0.913386
-5.733385 4.595064 -0.913386
-5.709941 4.615833 -0.913386
-5.682209 4.630389 -0.913386
-5.651798 4.637884 -0.913386
-5.620477 4.637884 -0.913386
-5.590067 4.630389 -0.913386
-5.562334 4.615833 -0.913386
-5.538890 4.595064 -0.913386
-5.521098 4.569287 -0.913386
-5.509992 4.540002 -0.913386
-5.548218 4.530581 -0.913386
-5.555958 4.550992 -0.913386
-5.568359 4.568956 -0.913386
-5.584699 4.583432 -0.913386
-5.604028 4.593577 -0.913386
-5.625223 4.598801 -0.913386
-5.647052 4.598801 -0.913386
-5.668248 4.593577 -0.913386
-5.687576 4.583432 -0.913386
-5.703916 4.568956 -0.913386
-5.716317 4.550992 -0.913386
-5.724058 4.530581 -0.913386
-5.724058 3.900659 -0.669291
-5.716317 3.921070 -0.669291
-5.703916 3.939035 -0.669291
-5.687576 3.953511 -0.669291
-5.668248 3.963656 -0.669291
-5.647052 3.968880 -0.669291
-5.625223 3.968880 -0.669291
-5.604028 3.963656 -0.669291
-5.584699 3.953511 -0.669291
-5.568359 3.939035 -0.669291
-5.555958 3.921070 -0.669291
-5.548218 3.900659 -0.669291
-5.724058 4.215620 -0.669291
-5.716317 4.236031 -0.669291
-5.703916 4.253996 -0.669291
-5.687576 4.268472 -0.669291
-5.668248 4.278616 -0.669291
-5.647052 4.283840 -0.669291
-5.625223 4.283840 -0.669291
-5.604028 4.278616 -0.669291
-5.584699 4.268472 -0.669291
-5.568359 4.253996 -0.669291
-5.555958 4.236031 -0.669291
-5.548218 4.215620 -0.669291
-5.724058 4.530581 -0.669291
-5.716317 4.550992 -0.669291
-5.703916 4.568956 -0.669291
-5.687576 4.583432 -0.669291
-5.668248 4.593577 -0.669291
-5.647052 4.598801 -0.669291
-5.625223 4.598801 -0.669291
-5.604028 4.593577 -0.669291
-5.584699 4.583432 -0.669291
-5.568359 4.568956 -0.669291
-5.555958 4.550992 -0.669291
-5.548218 4.530581 -0.669291
-5.509992 4.225042 -0.031496
-5.521098 4.254327 -0.031496
-5.538890 4.280103 -0.031496
-5.562334 4.300872 -0.031496
-5.590067 4.315428 -0.031496
-5.620477 4.322924 -0.031496
-5.651798 4.322924 -0.031496
-5.682209 4.315428 -0.031496
-5.709941 4.300872 -0.031496
-5.733385 4.280103 -0.031496
-5.751177 4.254327 -0.031496
-5.762284 4.225042 -0.031496
-5.724058 4.215620 -0.031496
-5.716317 4.236031 -0.031496
-5.703916 4.253996 -0.031496
-5.687576 4.268472 -0.031496
-5.668248 4.278616 -0.031496
-5.647052 4.283840 -0.031496
-5.625223 4.283840 -0.031496
-5.604028 4.278616 -0.031496
-5.584699 4.268472 -0.031496
-5.568359 4.253996 -0.031496
-5.555958 4.236031 -0.031496
-5.548218 4.215620 -0.031496
-5.509992 4.540002 -0.031496
-5.521098 4.569287 -0.031496
-5.538890 4.595064 -0.031496
-5.562334 4.615833 -0.031496
-5.590067 4.630389 -0.031496
-5.620477 4.637884 -0.031496
-5.651798 4.637884 -0.031496
-5.682209 4.630389 -0.031496
-5.709941 4.615833 -0.031496
-5.733385 4.595064 -0.031496
-5.751177 4.569287 -0.031496
-5.762284 4.540002 -0.031496
-5.724058 4.530581 -0.031496
-5.716317 4.550992 -0.031496
-5.703916 4.568956 -0.031496
-5.687576 4.583432 -0.031496
-5.668248 4.593577 -0.031496
-5.647052 4.598801 -0.031496
-5.625223 4.598801 -0.031496
-5.604028 4.593577 -0.031496
-5.584699 4.583432 -0.031496
-5.568359 4.568956 -0.031496
-5.555958 4.550992 -0.031496
-5.548218 4.530581 -0.031496
-5.548218 4.215620 -0.275591
-5.555958 4.236031 -0.275591
-5.568359 4.253996 -0.275591
-5.584699 4.268472 -0.275591
-5.604028 4.278616 -0.275591
-5.625223 4.283840 -0.275591
-5.647052 4.283840 -0.275591
-5.668248 4.278616 -0.275591
-5.687576 4.268472 -0.275591
-5.703916 4.253996 -0.275591
-5.716317 4.236031 -0.275591
-5.724058 4.215620 -0.275591
-5.548218 4.530581 -0.275591
-5.555958 4.550992 -0.275591
-5.568359 4.568956 -0.275591
-5.584699 4.583432 -0.275591
-5.604028 4.593577 -0.275591
-5.625223 4.598801 -0.275591
-5.647052 4.598801 -0.275591
-5.668248 4.593577 -0.275591
-5.687576 4.583432 -0.275591
-5.703916 4.568956 -0.275591
-5.716317 4.550992 -0.275591
-5.724058 4.530581 -0.275591
</float_array>
          <technique_common>
            <accessor source="#Cut-Extrude13-POSITION-array" count="2013" stride="3">
              <param name="X" type="float"/>
              <param name="Y" type="float"/>
              <param name="Z" type="float"/>
            </accessor>
          </technique_common>
        </source>
        <source id="Cut-Extrude13-Normal0">
          <float_array id="Cut-Extrude13-Normal0-array" count="36558">
-2.540000 0.000000 0.000000
-2.540000 0.000000 0.000000
-2.466192 0.607862 0.000000
-2.466192 0.607862 0.000000
-2.540000 0.000000 0.000000
-2.466192 0.607862 0.000000
-2.466192 0.607862 0.000000
-2.466192 0.607862 0.000000
-2.249058 1.180397 0.000000
-2.249058 1.180397 0.000000
-2.466192 0.607862 0.000000
-2.249058 1.180397 0.000000
-2.249058 1.180397 0.000000
-2.249058 1.180397 0.000000
-1.901217 1.684332 0.000000
-1.901217 1.684332 0.000000
-2.249058 1.180397 0.000000
-1.901217 1.684332 0.000000
-1.901217 1.684332 0.000000
-1.901217 1.684332 0.000000
-1.442884 2.090379 0.000000
-1.442884 2.090379 0.000000
-1.901217 1.684332 0.000000
-1.442884 2.090379 0.000000
-1.442884 2.090379 0.000000
-1.442884 2.090379 0.000000
-0.900696 2.374941 0.000000
-0.900696 2.374941 0.000000
-1.442884 2.090379 0.000000
-0.900696 2.374941 0.000000
-0.900696 2.374941 0.000000
-0.900696 2.374941 0.000000
-0.306163 2.521481 0.000000
-0.306163 2.521481 0.000000
-0.900696 2.374941 0.000000
-0.306163 2.521481 0.000000
-0.306163 2.521481 0.000000
-0.306163 2.521481 0.000000
0.306163 2.521481 0.000000
0.306163 2.521481 0.000000
-0.306163 2.521481 0.000000
0.306163 2.521481 0.000000
0.306163 2.521481 0.000000
0.306163 2.521481 0.000000
0.900696 2.374941 0.000000
0.900696 2.374941 0.000000
0.306163 2.521481 0.000000
0.900696 2.374941 0.000000
0.900696 2.374941 0.000000
0.900696 2.374941 0.000000
1.442884 2.090379 0.000000
1.442884 2.090379 0.000000
0.900696 2.374941 0.000000
1.442884 2.090379 0.000000
1.442884 2.090379 0.000000
1.442884 2.090379 0.000000
1.901217 1.684332 0.000000
1.901217 1.684332 0.000000
1.442884 2.090379 0.000000
1.901217 1.684332 0.000000
1.901217 1.684332 0.000000
1.901217 1.684332 0.000000
2.249058 1.180397 0.000000
2.249058 1.180397 0.000000
1.901217 1.684332 0.000000
2.249058 1.180397 0.000000
2.249058 1.180397 0.000000
2.249058 1.180397 0.000000
2.466192 0.607862 0.000000
2.466192 0.607862 0.000000
2.249058 1.180397 0.000000
2.466192 0.607862 0.000000
2.466192 0.607862 0.000000
2.466192 0.607862 0.000000
2.540000 0.000000 0.000000
2.540000 0.000000 0.000000
2.466192 0.607862 0.000000
2.540000 0.000000 0.000000
-2.540000 0.000000 0.000000
-2.540000 0.000000 0.000000
-2.466192 0.607862 0.000000
-2.466192 0.607862 0.000000
-2.540000 0.000000 0.000000
-2.466192 0.607862 0.000000
-2.466192 0.607862 0.000000
-2.466192 0.607862 0.000000
-2.249058 1.180397 0.000000
-2.249058 1.180397 0.000000
-2.466192 0.607862 0.000000
-2.249058 1.180397 0.000000
-2.249058 1.180397 0.000000
-2.249058 1.180397 0.000000
-1.901217 1.684332 0.000000
-1.901217 1.684332 0.000000
-2.249058 1.180397 0.000000
-1.901217 1.684332 0.000000
-1.901217 1.684332 0.000000
-1.901217 1.684332 0.000000
-1.442884 2.090379 0.000000
-1.442884 2.090379 0.000000
-1.901217 1.684332 0.000000
-1.442884 2.090379 0.000000
-1.442884 2.090379 0.000000
-1.442884 2.090379 0.000000
-0.900696 2.374941 0.000000
-0.900696 2.374941 0.000000
-1.442884 2.090379 0.000000
-0.900696 2.374941 0.000000
-0.900696 2.374941 0.000000
-0.900696 2.374941 0.000000
-0.306163 2.521481 0.000000
-0.306163 2.521481 0.000000
-0.900696 2.374941 0.000000
-0.306163 2.521481 0.000000
-0.306163 2.521481 0.000000
-0.306163 2.521481 0.000000
0.306163 2.521481 0.000000
0.306163 2.521481 0.000000
-0.306163 2.521481 0.000000
0.306163 2.521481 0.000000
0.306163 2.521481 0.000000
0.306163 2.521481 0.000000
0.900696 2.374941 0.000000
0.900696 2.374941 0.000000
0.306163 2.521481 0.000000
0.900696 2.374941 0.000000
0.900696 2.374941 0.000000
0.900696 2.374941 0.000000
1.442884 2.090379 0.000000
1.442884 2.090379 0.000000
0.900696 2.374941 0.000000
1.442884 2.090379 0.000000
1.442884 2.090379 0.000000
1.442884 2.090379 0.000000
1.901217 1.684332 0.000000
1.901217 1.684332 0.000000
1.442884 2.090379 0.000000
1.901217 1.684332 0.000000
1.901217 1.684332 0.000000
1.901217 1.684332 0.000000
2.249058 1.180397 0.000000
2.249058 1.180397 0.000000
1.901217 1.684332 0.000000
2.249058 1.180397 0.000000
2.249058 1.180397 0.000000
2.249058 1.180397 0.000000
2.466192 0.607862 0.000000
2.466192 0.607862 0.000000
2.249058 1.180397 0.000000
2.466192 0.607862 0.000000
2.466192 0.607862 0.000000
2.466192 0.607862 0.000000
2.540000 0.000000 0.000000
2.540000 0.000000 0.000000
2.466192 0.607862 0.000000
2.540000 0.000000 0.000000
-2.540000 0.000000 0.000000
-2.540000 0.000000 0.000000
-2.466192 0.607862 0.000000
-2.466192 0.607862 0.000000
-2.540000 0.000000 0.000000
-2.466192 0.607862 0.000000
-2.466192 0.607862 0.000000
-2.466192 0.607862 0.000000
-2.249058 1.180397 0.000000
-2.249058 1.180397 0.000000
-2.466192 0.607862 0.000000
-2.249058 1.180397 0.000000
-2.249058 1.180397 0.000000
-2.249058 1.180397 0.000000
-1.901217 1.684332 0.000000
-1.901217 1.684332 0.000000
-2.249058 1.180397 0.000000
-1.901217 1.684332 0.000000
-1.901217 1.684332 0.000000
-1.901217 1.684332 0.000000
-1.442884 2.090379 0.000000
-1.442884 2.090379 0.000000
-1.901217 1.684332 0.000000
-1.442884 2.090379 0.000000
-1.442884 2.090379 0.000000
-1.442884 2.090379 0.000000
-0.900696 2.374941 0.000000
-0.900696 2.374941 0.000000
-1.442884 2.090379 0.000000
-0.900696 2.374941 0.000000
-0.900696 2.374941 0.000000
-0.900696 2.374941 0.000000
-0.306163 2.521481 0.000000
-0.306163 2.521481 0.000000
-0.900696 2.374941 0.000000
-0.306163 2.521481 0.000000
-0.306163 2.521481 0.000000
-0.306163 2.521481 0.000000
0.306163 2.521481 0.000000
0.306163 2.521481 0.000000
-0.306163 2.521481 0.000000
0.306163 2.521481 0.000000
0.306163 2.521481 0.000000
0.306163 2.521481 0.000000
0.900696 2.374941 0.000000
0.900696 2.374941 0.000000
0.306163 2.521481 0.000000
0.900696 2.374941 0.000000
0.900696 2.374941 0.000000
0.900696 2.374941 0.000000
1.442884 2.090379 0.000000
1.442884 2.090379 0.000000
0.900696 2.374941 0.000000
1.442884 2.090379 0.000000
1.442884 2.090379 0.000000
1.442884 2.090379 0.000000
1.901217 1.684332 0.000000
1.901217 1.684332 0.000000
1.442884 2.090379 0.000000
1.901217 1.684332 0.000000
1.901217 1.684332 0.000000
1.901217 1.684332 0.000000
2.249058 1.180397 0.000000
2.249058 1.180397 0.000000
1.901217 1.684332 0.000000
2.249058 1.180397 0.000000
2.249058 1.180397 0.000000
2.249058 1.180397 0.000000
2.466192 0.607862 0.000000
2.466192 0.607862 0.000000
2.249058 1.180397 0.000000
2.466192 0.607862 0.000000
2.466192 0.607862 0.000000
2.466192 0.607862 0.000000
2.540000 0.000000 0.000000
2.540000 0.000000 0.000000
2.466192 0.607862 0.000000
2.540000 0.000000 0.000000
-2.540000 0.000000 0.000000
-2.540000 0.000000 0.000000
-2.466192 0.607862 0.000000
-2.466192 0.607862 0.000000
-2.540000 0.000000 0.000000
-2.466192 0.607862 0.000000
-2.466192 0.607862 0.000000
-2.466192 0.607862 0.000000
-2.249058 1.180397 0.000000
-2.249058 1.180397 0.000000
-2.466192 0.607862 0.000000
-2.249058 1.180397 0.000000
-2.249058 1.180397 0.000000
-2.249058 1.180397 0.000000
-1.901217 1.684332 0.000000
-1.901217 1.684332 0.000000
-2.249058 1.180397 0.000000
-1.901217 1.684332 0.000000
-1.901217 1.684332 0.000000
-1.901217 1.684332 0.000000
-1.442884 2.090379 0.000000
-1.442884 2.090379 0.000000
-1.901217 1.684332 0.000000
-1.442884 2.090379 0.000000
-1.442884 2.090379 0.000000
-1.442884 2.090379 0.000000
-0.900696 2.374941 0.000000
-0.900696 2.374941 0.000000
-1.442884 2.090379 0.000000
-0.900696 2.374941 0.000000
-0.900696 2.374941 0.000000
-0.900696 2.374941 0.000000
-0.306163 2.521481 0.000000
-0.306163 2.521481 0.000000
-0.900696 2.374941 0.000000
-0.306163 2.521481 0.000000
-0.306163 2.521481 0.000000
-0.306163 2.521481 0.000000
0.306163 2.521481 0.000000
0.306163 2.521481 0.000000
-0.306163 2.521481 0.000000
0.306163 2.521481 0.000000
0.306163 2.521481 0.000000
0.306163 2.521481 0.000000
0.900696 2.374941 0.000000
0.900696 2.374941 0.000000
0.306163 2.521481 0.000000
0.900696 2.374941 0.000000
0.900696 2.374941 0.000000
0.900696 2.374941 0.000000
1.442884 2.090379 0.000000
1.442884 2.090379 0.000000
0.900696 2.374941 0.000000
1.442884 2.090379 0.000000
1.442884 2.090379 0.000000
1.442884 2.090379 0.000000
1.901217 1.684332 0.000000
1.901217 1.684332 0.000000
1.442884 2.090379 0.000000
1.901217 1.684332 0.000000
1.901217 1.684332 0.000000
1.901217 1.684332 0.000000
2.249058 1.180397 0.000000
2.249058 1.180397 0.000000
1.901217 1.684332 0.000000
2.249058 1.180397 0.000000
2.249058 1.180397 0.000000
2.249058 1.180397 0.000000
2.466192 0.607862 0.000000
2.466192 0.607862 0.000000
2.249058 1.180397 0.000000
2.466192 0.607862 0.000000
2.466192 0.607862 0.000000
2.466192 0.607862 0.000000
2.540000 0.000000 0.000000
2.540000 0.000000 0.000000
2.466192 0.607862 0.000000
2.540000 0.000000 0.000000
2.540000 0.000000 0.000000
2.540000 0.000000 0.000000
2.466192 0.607862 0.000000
2.466192 0.607862 0.000000
2.540000 0.000000 0.000000
2.466192 0.607862 0.000000
2.466192 0.607862 0.000000
2.466192 0.607862 0.000000
2.249058 1.180397 0.000000
2.249058 1.180397 0.000000
2.466192 0.607862 0.000000
2.249058 1.180397 0.000000
2.249058 1.180397 0.000000
2.249058 1.180397 0.000000
1.901217 1.684332 0.000000
1.901217 1.684332 0.000000
2.249058 1.180397 0.000000
1.901217 1.684332 0.000000
1.901217 1.684332 0.000000
1.901217 1.684332 0.000000
1.442884 2.090379 0.000000
1.442884 2.090379 0.000000
1.901217 1.684332 0.000000
1.442884 2.090379 0.000000
1.442884 2.090379 0.000000
1.442884 2.090379 0.000000
0.900696 2.374941 0.000000
0.900696 2.374941 0.000000
1.442884 2.090379 0.000000
0.900696 2.374941 0.000000
0.900696 2.374941 0.000000
0.900696 2.374941 0.000000
0.306163 2.521481 0.000000
0.306163 2.521481 0.000000
0.900696 2.374941 0.000000
0.306163 2.521481 0.000000
0.306163 2.521481 0.000000
0.306163 2.521481 0.000000
-0.306163 2.521481 0.000000
-0.306163 2.521481 0.000000
0.306163 2.521481 0.000000
-0.306163 2.521481 0.000000
-0.306163 2.521481 0.000000
-0.306163 2.521481 0.000000
-0.900696 2.374941 0.000000
-0.900696 2.374941 0.000000
-0.306163 2.521481 0.000000
-0.900696 2.374941 0.000000
-0.900696 2.374941 0.000000
-0.900696 2.374941 0.000000
-1.442884 2.090379 0.000000
-1.442884 2.090379 0.000000
-0.900696 2.374941 0.000000
-1.442884 2.090379 0.000000
-1.442884 2.090379 0.000000
-1.442884 2.090379 0.000000
-1.901217 1.684332 0.000000
-1.901217 1.684332 0.000000
-1.442884 2.090379 0.000000
-1.901217 1.684332 0.000000
-1.901217 1.684332 0.000000
-1.901217 1.684332 0.000000
-2.249058 1.180397 0.000000
-2.249058 1.180397 0.000000
-1.901217 1.684332 0.000000
-2.249058 1.180397 0.000000
-2.249058 1.180397 0.000000
-2.249058 1.180397 0.000000
-2.466192 0.607862 0.000000
-2.466192 0.607862 0.000000
-2.249058 1.180397 0.000000
-2.466192 0.607862 0.000000
-2.466192 0.607862 0.000000
-2.466192 0.607862 0.000000
-2.540000 0.000000 0.000000
-2.540000 0.000000 0.000000
-2.466192 0.607862 0.000000
-2.540000 0.000000 0.000000
2.540000 0.000000 0.000000
2.540000 0.000000 0.000000
2.466192 0.607862 0.000000
2.466192 0.607862 0.000000
2.540000 0.000000 0.000000
2.466192 0.607862 0.000000
2.466192 0.607862 0.000000
2.466192 0.607862 0.000000
2.249058 1.180397 0.000000
2.249058 1.180397 0.000000
2.466192 0.607862 0.000000
2.249058 1.180397 0.000000
2.249058 1.180397 0.000000
2.249058 1.180397 0.000000
1.901217 1.684332 0.000000
1.901217 1.684332 0.000000
2.249058 1.180397 0.000000
1.901217 1.684332 0.000000
1.901217 1.684332 0.000000
1.901217 1.684332 0.000000
1.442884 2.090379 0.000000
1.442884 2.090379 0.000000
1.901217 1.684332 0.000000
1.442884 2.090379 0.000000
1.442884 2.090379 0.000000
1.442884 2.090379 0.000000
0.900696 2.374941 0.000000
0.900696 2.374941 0.000000
1.442884 2.090379 0.000000
0.900696 2.374941 0.000000
0.900696 2.374941 0.000000
0.900696 2.374941 0.000000
0.306163 2.521481 0.000000
0.306163 2.521481 0.000000
0.900696 2.374941 0.000000
0.306163 2.521481 0.000000
0.306163 2.521481 0.000000
0.306163 2.521481 0.000000
-0.306163 2.521481 0.000000
-0.306163 2.521481 0.000000
0.306163 2.521481 0.000000
-0.306163 2.521481 0.000000
-0.306163 2.521481 0.000000
-0.306163 2.521481 0.000000
-0.900696 2.374941 0.000000
-0.900696 2.374941 0.000000
-0.306163 2.521481 0.000000
-0.900696 2.374941 0.000000
-0.900696 2.374941 0.000000
-0.900696 2.374941 0.000000
-1.442884 2.090379 0.000000
-1.442884 2.090379 0.000000
-0.900696 2.374941 0.000000
-1.442884 2.090379 0.000000
-1.442884 2.090379 0.000000
-1.442884 2.090379 0.000000
-1.901217 1.684332 0.000000
-1.901217 1.684332 0.000000
-1.442884 2.090379 0.000000
-1.901217 1.684332 0.000000
-1.901217 1.684332 0.000000
-1.901217 1.684332 0.000000
-2.249058 1.180397 0.000000
-2.249058 1.180397 0.000000
-1.901217 1.684332 0.000000
-2.249058 1.180397 0.000000
-2.249058 1.180397 0.000000
-2.249058 1.180397 0.000000
-2.466192 0.607862 0.000000
-2.466192 0.607862 0.000000
-2.249058 1.180397 0.000000
-2.466192 0.607862 0.000000
-2.466192 0.607862 0.000000
-2.466192 0.607862 0.000000
-2.540000 0.000000 0.000000
-2.540000 0.000000 0.000000
-2.466192 0.607862 0.000000
-2.540000 0.000000 0.000000
2.540000 0.000000 0.000000
2.540000 0.000000 0.000000
2.466192 0.607862 0.000000
2.466192 0.607862 0.000000
2.540000 0.000000 0.000000
2.466192 0.607862 0.000000
2.466192 0.607862 0.000000
2.466192 0.607862 0.000000
2.249058 1.180397 0.000000
2.249058 1.180397 0.000000
2.466192 0.607862 0.000000
2.249058 1.180397 0.000000
2.249058 1.180397 0.000000
2.249058 1.180397 0.000000
1.901217 1.684332 0.000000
1.901217 1.684332 0.000000
2.249058 1.180397 0.000000
1.901217 1.684332 0.000000
1.901217 1.684332 0.000000
1.901217 1.684332 0.000000
1.442884 2.090379 0.000000
1.442884 2.090379 0.000000
1.901217 1.684332 0.000000
1.442884 2.090379 0.000000
1.442884 2.090379 0.000000
1.442884 2.090379 0.000000
0.900696 2.374941 0.000000
0.900696 2.374941 0.000000
1.442884 2.090379 0.000000
0.900696 2.374941 0.000000
0.900696 2.374941 0.000000
0.900696 2.374941 0.000000
0.306163 2.521481 0.000000
0.306163 2.521481 0.000000
0.900696 2.374941 0.000000
0.306163 2.521481 0.000000
0.306163 2.521481 0.000000
0.306163 2.521481 0.000000
-0.306163 2.521481 0.000000
-0.306163 2.521481 0.000000
0.306163 2.521481 0.000000
-0.306163 2.521481 0.000000
-0.306163 2.521481 0.000000
-0.306163 2.521481 0.000000
-0.900696 2.374941 0.000000
-0.900696 2.374941 0.000000
-0.306163 2.521481 0.000000
-0.900696 2.374941 0.000000
-0.900696 2.374941 0.000000
-0.900696 2.374941 0.000000
-1.442884 2.090379 0.000000
-1.442884 2.090379 0.000000
-0.900696 2.374941 0.000000
-1.442884 2.090379 0.000000
-1.442884 2.090379 0.000000
-1.442884 2.090379 0.000000
-1.901217 1.684332 0.000000
-1.901217 1.684332 0.000000
-1.442884 2.090379 0.000000
-1.901217 1.684332 0.000000
-1.901217 1.684332 0.000000
-1.901217 1.684332 0.000000
-2.249058 1.180397 0.000000
-2.249058 1.180397 0.000000
-1.901217 1.684332 0.000000
-2.249058 1.180397 0.000000
-2.249058 1.180397 0.000000
-2.249058 1.180397 0.000000
-2.466192 0.607862 0.000000
-2.466192 0.607862 0.000000
-2.249058 1.180397 0.000000
-2.466192 0.607862 0.000000
-2.466192 0.607862 0.000000
-2.466192 0.607862 0.000000
-2.540000 0.000000 0.000000
-2.540000 0.000000 0.000000
-2.466192 0.607862 0.000000
-2.540000 0.000000 0.000000
2.540000 0.000000 0.000000
2.540000 0.000000 0.000000
2.466192 0.607862 0.000000
2.466192 0.607862 0.000000
2.540000 0.000000 0.000000
2.466192 0.607862 0.000000
2.466192 0.607862 0.000000
2.466192 0.607862 0.000000
2.249058 1.180397 0.000000
2.249058 1.180397 0.000000
2.466192 0.607862 0.000000
2.249058 1.180397 0.000000
2.249058 1.180397 0.000000
2.249058 1.180397 0.000000
1.901217 1.684332 0.000000
1.901217 1.684332 0.000000
2.249058 1.180397 0.000000
1.901217 1.684332 0.000000
1.901217 1.684332 0.000000
1.901217 1.684332 0.000000
1.442884 2.090379 0.000000
1.442884 2.090379 0.000000
1.901217 1.684332 0.000000
1.442884 2.090379 0.000000
1.442884 2.090379 0.000000
1.442884 2.090379 0.000000
0.900696 2.374941 0.000000
0.900696 2.374941 0.000000
1.442884 2.090379 0.000000
0.900696 2.374941 0.000000
0.900696 2.374941 0.000000
0.900696 2.374941 0.000000
0.306163 2.521481 0.000000
0.306163 2.521481 0.000000
0.900696 2.374941 0.000000
0.306163 2.521481 0.000000
0.306163 2.521481 0.000000
0.306163 2.521481 0.000000
-0.306163 2.521481 0.000000
-0.306163 2.521481 0.000000
0.306163 2.521481 0.000000
-0.306163 2.521481 0.000000
-0.306163 2.521481 0.000000
-0.306163 2.521481 0.000000
-0.900696 2.374941 0.000000
-0.900696 2.374941 0.000000
-0.306163 2.521481 0.000000
-0.900696 2.374941 0.000000
-0.900696 2.374941 0.000000
-0.900696 2.374941 0.000000
-1.442884 2.090379 0.000000
-1.442884 2.090379 0.000000
-0.900696 2.374941 0.000000
-1.442884 2.090379 0.000000
-1.442884 2.090379 0.000000
-1.442884 2.090379 0.000000
-1.901217 1.684332 0.000000
-1.901217 1.684332 0.000000
-1.442884 2.090379 0.000000
-1.901217 1.684332 0.000000
-1.901217 1.684332 0.000000
-1.901217 1.684332 0.000000
-2.249058 1.180397 0.000000
-2.249058 1.180397 0.000000
-1.901217 1.684332 0.000000
-2.249058 1.180397 0.000000
-2.249058 1.180397 0.000000
-2.249058 1.180397 0.000000
-2.466192 0.607862 0.000000
-2.466192 0.607862 0.000000
-2.249058 1.180397 0.000000
-2.466192 0.607862 0.000000
-2.466192 0.607862 0.000000
-2.466192 0.607862 0.000000
-2.540000 0.000000 0.000000
-2.540000 0.000000 0.000000
-2.466192 0.607862 0.000000
-2.540000 0.000000 0.000000
2.540000 0.000000 0.000000
2.540000 0.000000 0.000000
2.466192 0.607862 0.000000
2.466192 0.607862 0.000000
2.540000 0.000000 0.000000
2.466192 0.607862 0.000000
2.466192 0.607862 0.000000
2.466192 0.607862 0.000000
2.249058 1.180397 0.000000
2.249058 1.180397 0.000000
2.466192 0.607862 0.000000
2.249058 1.180397 0.000000
2.249058 1.180397 0.000000
2.249058 1.180397 0.000000
1.901217 1.684332 0.000000
1.901217 1.684332 0.000000
2.249058 1.180397 0.000000
1.901217 1.684332 0.000000
1.901217 1.684332 0.000000
1.901217 1.684332 0.000000
1.442884 2.090379 0.000000
1.442884 2.090379 0.000000
1.901217 1.684332 0.000000
1.442884 2.090379 0.000000
1.442884 2.090379 0.000000
1.442884 2.090379 0.000000
0.900696 2.374941 0.000000
0.900696 2.374941 0.000000
1.442884 2.090379 0.000000
0.900696 2.374941 0.000000
0.900696 2.374941 0.000000
0.900696 2.374941 0.000000
0.306163 2.521481 0.000000
0.306163 2.521481 0.000000
0.900696 2.374941 0.000000
0.306163 2.521481 0.000000
0.306163 2.521481 0.000000
0.306163 2.521481 0.000000
-0.306163 2.521481 0.000000
-0.306163 2.521481 0.000000
0.306163 2.521481 0.000000
-0.306163 2.521481 0.000000
-0.306163 2.521481 0.000000
-0.306163 2.521481 0.000000
-0.900696 2.374941 0.000000
-0.900696 2.374941 0.000000
-0.306163 2.521481 0.000000
-0.900696 2.374941 0.000000
-0.900696 2.374941 0.000000
-0.900696 2.374941 0.000000
-1.442884 2.090379 0.000000
-1.442884 2.090379 0.000000
-0.900696 2.374941 0.000000
-1.442884 2.090379 0.000000
-1.442884 2.090379 0.000000
-1.442884 2.090379 0.000000
-1.901217 1.684332 0.000000
-1.901217 1.684332 0.000000
-1.442884 2.090379 0.000000
-1.901217 1.684332 0.000000
-1.901217 1.684332 0.000000
-1.901217 1.684332 0.000000
-2.249058 1.180397 0.000000
-2.249058 1.180397 0.000000
-1.901217 1.684332 0.000000
-2.249058 1.180397 0.000000
-2.249058 1.180397 0.000000
-2.249058 1.180397 0.000000
-2.466192 0.607862 0.000000
-2.466192 0.607862 0.000000
-2.249058 1.180397 0.000000
-2.466192 0.607862 0.000000
-2.466192 0.607862 0.000000
-2.466192 0.607862 0.000000
-2.540000 0.000000 0.000000
-2.540000 0.000000 0.000000
-2.466192 0.607862 0.000000
-2.540000 0.000000 0.000000
2.540000 0.000000 0.000000
2.540000 0.000000 0.000000
2.466192 0.607862 0.000000
2.466192 0.607862 0.000000
2.540000 0.000000 0.000000
2.466192 0.607862 0.000000
2.466192 0.607862 0.000000
2.466192 0.607862 0.000000
2.249058 1.180397 0.000000
2.249058 1.180397 0.000000
2.466192 0.607862 0.000000
2.249058 1.180397 0.000000
2.249058 1.180397 0.000000
2.249058 1.180397 0.000000
1.901217 1.684332 0.000000
1.901217 1.684332 0.000000
2.249058 1.180397 0.000000
1.901217 1.684332 0.000000
1.901217 1.684332 0.000000
1.901217 1.684332 0.000000
1.442884 2.090379 0.000000
1.442884 2.090379 0.000000
1.901217 1.684332 0.000000
1.442884 2.090379 0.000000
1.442884 2.090379 0.000000
1.442884 2.090379 0.000000
0.900696 2.374941 0.000000
0.900696 2.374941 0.000000
1.442884 2.090379 0.000000
0.900696 2.374941 0.000000
0.900696 2.374941 0.000000
0.900696 2.374941 0.000000
0.306163 2.521481 0.000000
0.306163 2.521481 0.000000
0.900696 2.374941 0.000000
0.306163 2.521481 0.000000
0.306163 2.521481 0.000000
0.306163 2.521481 0.000000
-0.306163 2.521481 0.000000
-0.306163 2.521481 0.000000
0.306163 2.521481 0.000000
-0.306163 2.521481 0.000000
-0.306163 2.521481 0.000000
-0.306163 2.521481 0.000000
-0.900696 2.374941 0.000000
-0.900696 2.374941 0.000000
-0.306163 2.521481 0.000000
-0.900696 2.374941 0.000000
-0.900696 2.374941 0.000000
-0.900696 2.374941 0.000000
-1.442884 2.090379 0.000000
-1.442884 2.090379 0.000000
-0.900696 2.374941 0.000000
-1.442884 2.090379 0.000000
-1.442884 2.090379 0.000000
-1.442884 2.090379 0.000000
-1.901217 1.684332 0.000000
-1.901217 1.684332 0.000000
-1.442884 2.090379 0.000000
-1.901217 1.684332 0.000000
-1.901217 1.684332 0.000000
-1.901217 1.684332 0.000000
-2.249058 1.180397 0.000000
-2.249058 1.180397 0.000000
-1.901217 1.684332 0.000000
-2.249058 1.180397 0.000000
-2.249058 1.180397 0.000000
-2.249058 1.180397 0.000000
-2.466192 0.607862 0.000000
-2.466192 0.607862 0.000000
-2.249058 1.180397 0.000000
-2.466192 0.607862 0.000000
-2.466192 0.607862 0.000000
-2.466192 0.607862 0.000000
-2.540000 0.000000 0.000000
-2.540000 0.000000 0.000000
-2.466192 0.607862 0.000000
-2.540000 0.000000 0.000000
2.540000 0.000000 0.000000
2.540000 0.000000 0.000000
2.466192 0.607862 0.000000
2.466192 0.607862 0.000000
2.540000 0.000000 0.000000
2.466192 0.607862 0.000000
2.466192 0.607862 0.000000
2.466192 0.607862 0.000000
2.249058 1.180397 0.000000
2.249058 1.180397 0.000000
2.466192 0.607862 0.000000
2.249058 1.180397 0.000000
2.249058 1.180397 0.000000
2.249058 1.180397 0.000000
1.901217 1.684332 0.000000
1.901217 1.684332 0.000000
2.249058 1.180397 0.000000
1.901217 1.684332 0.000000
1.901217 1.684332 0.000000
1.901217 1.684332 0.000000
1.442884 2.090379 0.000000
1.442884 2.090379 0.000000
1.901217 1.684332 0.000000
1.442884 2.090379 0.000000
1.442884 2.090379 0.000000
1.442884 2.090379 0.000000
0.900696 2.374941 0.000000
0.900696 2.374941 0.000000
1.442884 2.090379 0.000000
0.900696 2.374941 0.000000
0.900696 2.374941 0.000000
0.900696 2.374941 0.000000
0.306163 2.521481 0.000000
0.306163 2.521481 0.000000
0.900696 2.374941 0.000000
0.306163 2.521481 0.000000
0.306163 2.521481 0.000000
0.306163 2.521481 0.000000
-0.306163 2.521481 0.000000
-0.306163 2.521481 0.000000
0.306163 2.521481 0.000000
-0.306163 2.521481 0.000000
-0.306163 2.521481 0.000000
-0.306163 2.521481 0.000000
-0.900696 2.374941 0.000000
-0.900696 2.374941 0.000000
-0.306163 2.521481 0.000000
-0.900696 2.374941 0.000000
-0.900696 2.374941 0.000000
-0.900696 2.374941 0.000000
-1.442884 2.090379 0.000000
-1.442884 2.090379 0.000000
-0.900696 2.374941 0.000000
-1.442884 2.090379 0.000000
-1.442884 2.090379 0.000000
-1.442884 2.090379 0.000000
-1.901217 1.684332 0.000000
-1.901217 1.684332 0.000000
-1.442884 2.090379 0.000000
-1.901217 1.684332 0.000000
-1.901217 1.684332 0.000000
-1.901217 1.684332 0.000000
-2.249058 1.180397 0.000000
-2.249058 1.180397 0.000000
-1.901217 1.684332 0.000000
-2.249058 1.180397 0.000000
-2.249058 1.180397 0.000000
-2.249058 1.180397 0.000000
-2.466192 0.607862 0.000000
-2.466192 0.607862 0.000000
-2.249058 1.180397 0.000000
-2.466192 0.607862 0.000000
-2.466192 0.607862 0.000000
-2.466192 0.607862 0.000000
-2.540000 0.000000 0.000000
-2.540000 0.000000 0.000000
-2.466192 0.607862 0.000000
-2.540000 0.000000 0.000000
2.540000 0.000000 0.000000
2.540000 0.000000 0.000000
2.466192 0.607862 0.000000
2.466192 0.607862 0.000000
2.540000 0.000000 0.000000
2.466192 0.607862 0.000000
2.466192 0.607862 0.000000
2.466192 0.607862 0.000000
2.249058 1.180397 0.000000
2.249058 1.180397 0.000000
2.466192 0.607862 0.000000
2.249058 1.180397 0.000000
2.249058 1.180397 0.000000
2.249058 1.180397 0.000000
1.901217 1.684332 0.000000
1.901217 1.684332 0.000000
2.249058 1.180397 0.000000
1.901217 1.684332 0.000000
1.901217 1.684332 0.000000
1.901217 1.684332 0.000000
1.442884 2.090379 0.000000
1.442884 2.090379 0.000000
1.901217 1.684332 0.000000
1.442884 2.090379 0.000000
1.442884 2.090379 0.000000
1.442884 2.090379 0.000000
0.900696 2.374941 0.000000
0.900696 2.374941 0.000000
1.442884 2.090379 0.000000
0.900696 2.374941 0.000000
0.900696 2.374941 0.000000
0.900696 2.374941 0.000000
0.306163 2.521481 0.000000
0.306163 2.521481 0.000000
0.900696 2.374941 0.000000
0.306163 2.521481 0.000000
0.306163 2.521481 0.000000
0.306163 2.521481 0.000000
-0.306163 2.521481 0.000000
-0.306163 2.521481 0.000000
0.306163 2.521481 0.000000
-0.306163 2.521481 0.000000
-0.306163 2.521481 0.000000
-0.306163 2.521481 0.000000
-0.900696 2.374941 0.000000
-0.900696 2.374941 0.000000
-0.306163 2.521481 0.000000
-0.900696 2.374941 0.000000
-0.900696 2.374941 0.000000
-0.900696 2.374941 0.000000
-1.442884 2.090379 0.000000
-1.442884 2.090379 0.000000
-0.900696 2.374941 0.000000
-1.442884 2.090379 0.000000
-1.442884 2.090379 0.000000
-1.442884 2.090379 0.000000
-1.901217 1.684332 0.000000
-1.901217 1.684332 0.000000
-1.442884 2.090379 0.000000
-1.901217 1.684332 0.000000
-1.901217 1.684332 0.000000
-1.901217 1.684332 0.000000
-2.249058 1.180397 0.000000
-2.249058 1.180397 0.000000
-1.901217 1.684332 0.000000
-2.249058 1.180397 0.000000
-2.249058 1.180397 0.000000
-2.249058 1.180397 0.000000
-2.466192 0.607862 0.000000
-2.466192 0.607862 0.000000
-2.249058 1.180397 0.000000
-2.466192 0.607862 0.000000
-2.466192 0.607862 0.000000
-2.466192 0.607862 0.000000
-2.540000 0.000000 0.000000
-2.540000 0.000000 0.000000
-2.466192 0.607862 0.000000
-2.540000 0.000000 0.000000
2.540000 0.000000 0.000000
2.540000 0.000000 0.000000
2.466192 0.607862 0.000000
2.466192 0.607862 0.000000
2.540000 0.000000 0.000000
2.466192 0.607862 0.000000
2.466192 0.607862 0.000000
2.466192 0.607862 0.000000
2.249058 1.180397 0.000000
2.249058 1.180397 0.000000
2.466192 0.607862 0.000000
2.249058 1.180397 0.000000
2.249058 1.180397 0.000000
2.249058 1.180397 0.000000
1.901217 1.684332 0.000000
1.901217 1.684332 0.000000
2.249058 1.180397 0.000000
1.901217 1.684332 0.000000
1.901217 1.684332 0.000000
1.901217 1.684332 0.000000
1.442884 2.090379 0.000000
1.442884 2.090379 0.000000
1.901217 1.684332 0.000000
1.442884 2.090379 0.000000
1.442884 2.090379 0.000000
1.442884 2.090379 0.000000
0.900696 2.374941 0.000000
0.900696 2.374941 0.000000
1.442884 2.090379 0.000000
0.900696 2.374941 0.000000
0.900696 2.374941 0.000000
0.900696 2.374941 0.000000
0.306163 2.521481 0.000000
0.306163 2.521481 0.000000
0.900696 2.374941 0.000000
0.306163 2.521481 0.000000
0.306163 2.521481 0.000000
0.306163 2.521481 0.000000
-0.306163 2.521481 0.000000
-0.306163 2.521481 0.000000
0.306163 2.521481 0.000000
-0.306163 2.521481 0.000000
-0.306163 2.521481 0.000000
-0.306163 2.521481 0.000000
-0.900696 2.374941 0.000000
-0.900696 2.374941 0.000000
-0.306163 2.521481 0.000000
-0.900696 2.374941 0.000000
-0.900696 2.374941 0.000000
-0.900696 2.374941 0.000000
-1.442884 2.090379 0.000000
-1.442884 2.090379 0.000000
-0.900696 2.374941 0.000000
-1.442884 2.090379 0.000000
-1.442884 2.090379 0.000000
-1.442884 2.090379 0.000000
-1.901217 1.684332 0.000000
-1.901217 1.684332 0.000000
-1.442884 2.090379 0.000000
-1.901217 1.684332 0.000000
-1.901217 1.684332 0.000000
-1.901217 1.684332 0.000000
-2.249058 1.180397 0.000000
-2.249058 1.180397 0.000000
-1.901217 1.684332 0.000000
-2.249058 1.180397 0.000000
-2.249058 1.180397 0.000000
-2.249058 1.180397 0.000000
-2.466192 0.607862 0.000000
-2.466192 0.607862 0.000000
-2.249058 1.180397 0.000000
-2.466192 0.607862 0.000000
-2.466192 0.607862 0.000000
-2.466192 0.607862 0.000000
-2.540000 0.000000 0.000000
-2.540000 0.000000 0.000000
-2.466192 0.607862 0.000000
-2.540000 0.000000 0.000000
-2.540000 0.000000 0.000000
-2.540000 0.000000 0.000000
-2.466192 0.607862 0.000000
-2.466192 0.607862 0.000000
-2.540000 0.000000 0.000000
-2.466192 0.607862 0.000000
-2.466192 0.607862 0.000000
-2.466192 0.607862 0.000000
-2.249058 1.180397 0.000000
-2.249058 1.180397 0.000000
-2.466192 0.607862 0.000000
-2.249058 1.180397 0.000000
-2.249058 1.180397 0.000000
-2.249058 1.180397 0.000000
-1.901217 1.684332 0.000000
-1.901217 1.684332 0.000000
-2.249058 1.180397 0.000000
-1.901217 1.684332 0.000000
-1.901217 1.684332 0.000000
-1.901217 1.684332 0.000000
-1.442884 2.090379 0.000000
-1.442884 2.090379 0.000000
-1.901217 1.684332 0.000000
-1.442884 2.090379 0.000000
-1.442884 2.090379 0.000000
-1.442884 2.090379 0.000000
-0.900696 2.374941 0.000000
-0.900696 2.374941 0.000000
-1.442884 2.090379 0.000000
-0.900696 2.374941 0.000000
-0.900696 2.374941 0.000000
-0.900696 2.374941 0.000000
-0.306163 2.521481 0.000000
-0.306163 2.521481 0.000000
-0.900696 2.374941 0.000000
-0.306163 2.521481 0.000000
-0.306163 2.521481 0.000000
-0.306163 2.521481 0.000000
0.306163 2.521481 0.000000
0.306163 2.521481 0.000000
-0.306163 2.521481 0.000000
0.306163 2.521481 0.000000
0.306163 2.521481 0.000000
0.306163 2.521481 0.000000
0.900696 2.374941 0.000000
0.900696 2.374941 0.000000
0.306163 2.521481 0.000000
0.900696 2.374941 0.000000
0.900696 2.374941 0.000000
0.900696 2.374941 0.000000
1.442884 2.090379 0.000000
1.442884 2.090379 0.000000
0.900696 2.374941 0.000000
1.442884 2.090379 0.000000
1.442884 2.090379 0.000000
1.442884 2.090379 0.000000
1.901217 1.684332 0.000000
1.901217 1.684332 0.000000
1.442884 2.090379 0.000000
1.901217 1.684332 0.000000
1.901217 1.684332 0.000000
1.901217 1.684332 0.000000
2.249058 1.180397 0.000000
2.249058 1.180397 0.000000
1.901217 1.684332 0.000000
2.249058 1.180397 0.000000
2.249058 1.180397 0.000000
2.249058 1.180397 0.000000
2.466192 0.607862 0.000000
2.466192 0.607862 0.000000
2.249058 1.180397 0.000000
2.466192 0.607862 0.000000
2.466192 0.607862 0.000000
2.466192 0.607862 0.000000
2.540000 0.000000 0.000000
2.540000 0.000000 0.000000
2.466192 0.607862 0.000000
2.540000 0.000000 0.000000
-2.540000 0.000000 0.000000
-2.540000 0.000000 0.000000
-2.466192 0.607862 0.000000
-2.466192 0.607862 0.000000
-2.540000 0.000000 0.000000
-2.466192 0.607862 0.000000
-2.466192 0.607862 0.000000
-2.466192 0.607862 0.000000
-2.249058 1.180397 0.000000
-2.249058 1.180397 0.000000
-2.466192 0.607862 0.000000
-2.249058 1.180397 0.000000
-2.249058 1.180397 0.000000
-2.249058 1.180397 0.000000
-1.901217 1.684332 0.000000
-1.901217 1.684332 0.000000
-2.249058 1.180397 0.000000
-1.901217 1.684332 0.000000
-1.901217 1.684332 0.000000
-1.901217 1.684332 0.000000
-1.442884 2.090379 0.000000
-1.442884 2.090379 0.000000
-1.901217 1.684332 0.000000
-1.442884 2.090379 0.000000
-1.442884 2.090379 0.000000
-1.442884 2.090379 0.000000
-0.900696 2.374941 0.000000
-0.900696 2.374941 0.000000
-1.442884 2.090379 0.000000
-0.900696 2.374941 0.000000
-0.900696 2.374941 0.000000
-0.900696 2.374941 0.000000
-0.306163 2.521481 0.000000
-0.306163 2.521481 0.000000
-0.900696 2.374941 0.000000
-0.306163 2.521481 0.000000
-0.306163 2.521481 0.000000
-0.306163 2.521481 0.000000
0.306163 2.521481 0.000000
0.306163 2.521481 0.000000
-0.306163 2.521481 0.000000
0.306163 2.521481 0.000000
0.306163 2.521481 0.000000
0.306163 2.521481 0.000000
0.900696 2.374941 0.000000
0.900696 2.374941 0.000000
0.306163 2.521481 0.000000
0.900696 2.374941 0.000000
0.900696 2.374941 0.000000
0.900696 2.374941 0.000000
1.442884 2.090379 0.000000
1.442884 2.090379 0.000000
0.900696 2.374941 0.000000
1.442884 2.090379 0.000000
1.442884 2.090379 0.000000
1.442884 2.090379 0.000000
1.901217 1.684332 0.000000
1.901217 1.684332 0.000000
1.442884 2.090379 0.000000
1.901217 1.684332 0.000000
1.901217 1.684332 0.000000
1.901217 1.684332 0.000000
2.249058 1.180397 0.000000
2.249058 1.180397 0.000000
1.901217 1.684332 0.000000
2.249058 1.180397 0.000000
2.249058 1.180397 0.000000
2.249058 1.180397 0.000000
2.466192 0.607862 0.000000
2.466192 0.607862 0.000000
2.249058 1.180397 0.000000
2.466192 0.607862 0.000000
2.466192 0.607862 0.000000
2.466192 0.607862 0.000000
2.540000 0.000000 0.000000
2.540000 0.000000 0.000000
2.466192 0.607862 0.000000
2.540000 0.000000 0.000000
-2.540000 0.000000 0.000000
-2.540000 0.000000 0.000000
-2.466192 0.607862 0.000000
-2.466192 0.607862 0.000000
-2.540000 0.000000 0.000000
-2.466192 0.607862 0.000000
-2.466192 0.607862 0.000000
-2.466192 0.607862 0.000000
-2.249058 1.180397 0.000000
-2.249058 1.180397 0.000000
-2.466192 0.607862 0.000000
-2.249058 1.180397 0.000000
-2.249058 1.180397 0.000000
-2.249058 1.180397 0.000000
-1.901217 1.684332 0.000000
-1.901217 1.684332 0.000000
-2.249058 1.180397 0.000000
-1.901217 1.684332 0.000000
-1.901217 1.684332 0.000000
-1.901217 1.684332 0.000000
-1.442884 2.090379 0.000000
-1.442884 2.090379 0.000000
-1.901217 1.684332 0.000000
-1.442884 2.090379 0.000000
-1.442884 2.090379 0.000000
-1.442884 2.090379 0.000000
-0.900696 2.374941 0.000000
-0.900696 2.374941 0.000000
-1.442884 2.090379 0.000000
-0.900696 2.374941 0.000000
-0.900696 2.374941 0.000000
-0.900696 2.374941 0.000000
-0.306163 2.521481 0.000000
-0.306163 2.521481 0.000000
-0.900696 2.374941 0.000000
-0.306163 2.521481 0.000000
-0.306163 2.521481 0.000000
-0.306163 2.521481 0.000000
0.306163 2.521481 0.000000
0.306163 2.521481 0.000000
-0.306163 2.521481 0.000000
0.306163 2.521481 0.000000
0.306163 2.521481 0.000000
0.306163 2.521481 0.000000
0.900696 2.374941 0.000000
0.900696 2.374941 0.000000
0.306163 2.521481 0.000000
0.900696 2.374941 0.000000
0.900696 2.374941 0.000000
0.900696 2.374941 0.000000
1.442884 2.090379 0.000000
1.442884 2.090379 0.000000
0.900696 2.374941 0.000000
1.442884 2.090379 0.000000
1.442884 2.090379 0.000000
1.442884 2.090379 0.000000
1.901217 1.684332 0.000000
1.901217 1.684332 0.000000
1.442884 2.090379 0.000000
1.901217 1.684332 0.000000
1.901217 1.684332 0.000000
1.901217 1.684332 0.000000
2.249058 1.180397 0.000000
2.249058 1.180397 0.000000
1.901217 1.684332 0.000000
2.249058 1.180397 0.000000
2.249058 1.180397 0.000000
2.249058 1.180397 0.000000
2.466192 0.607862 0.000000
2.466192 0.607862 0.000000
2.249058 1.180397 0.000000
2.466192 0.607862 0.000000
2.466192 0.607862 0.000000
2.466192 0.607862 0.000000
2.540000 0.000000 0.000000
2.540000 0.000000 0.000000
2.466192 0.607862 0.000000
2.540000 0.000000 0.000000
-2.540000 0.000000 0.000000
-2.540000 0.000000 0.000000
-2.466192 0.607862 0.000000
-2.466192 0.607862 0.000000
-2.540000 0.000000 0.000000
-2.466192 0.607862 0.000000
-2.466192 0.607862 0.000000
-2.466192 0.607862 0.000000
-2.249058 1.180397 0.000000
-2.249058 1.180397 0.000000
-2.466192 0.607862 0.000000
-2.249058 1.180397 0.000000
-2.249058 1.180397 0.000000
-2.249058 1.180397 0.000000
-1.901217 1.684332 0.000000
-1.901217 1.684332 0.000000
-2.249058 1.180397 0.000000
-1.901217 1.684332 0.000000
-1.901217 1.684332 0.000000
-1.901217 1.684332 0.000000
-1.442884 2.090379 0.000000
-1.442884 2.090379 0.000000
-1.901217 1.684332 0.000000
-1.442884 2.090379 0.000000
-1.442884 2.090379 0.000000
-1.442884 2.090379 0.000000
-0.900696 2.374941 0.000000
-0.900696 2.374941 0.000000
-1.442884 2.090379 0.000000
-0.900696 2.374941 0.000000
-0.900696 2.374941 0.000000
-0.900696 2.374941 0.000000
-0.306163 2.521481 0.000000
-0.306163 2.521481 0.000000
-0.900696 2.374941 0.000000
-0.306163 2.521481 0.000000
-0.306163 2.521481 0.000000
-0.306163 2.521481 0.000000
0.306163 2.521481 0.000000
0.306163 2.521481 0.000000
-0.306163 2.521481 0.000000
0.306163 2.521481 0.000000
0.306163 2.521481 0.000000
0.306163 2.521481 0.000000
0.900696 2.374941 0.000000
0.900696 2.374941 0.000000
0.306163 2.521481 0.000000
0.900696 2.374941 0.000000
0.900696 2.374941 0.000000
0.900696 2.374941 0.000000
1.442884 2.090379 0.000000
1.442884 2.090379 0.000000
0.900696 2.374941 0.000000
1.442884 2.090379 0.000000
1.442884 2.090379 0.000000
1.442884 2.090379 0.000000
1.901217 1.684332 0.000000
1.901217 1.684332 0.000000
1.442884 2.090379 0.000000
1.901217 1.684332 0.000000
1.901217 1.684332 0.000000
1.901217 1.684332 0.000000
2.249058 1.180397 0.000000
2.249058 1.180397 0.000000
1.901217 1.684332 0.000000
2.249058 1.180397 0.000000
2.249058 1.180397 0.000000
2.249058 1.180397 0.000000
2.466192 0.607862 0.000000
2.466192 0.607862 0.000000
2.249058 1.180397 0.000000
2.466192 0.607862 0.000000
2.466192 0.607862 0.000000
2.466192 0.607862 0.000000
2.540000 0.000000 0.000000
2.540000 0.000000 0.000000
2.466192 0.607862 0.000000
2.540000 0.000000 0.000000
-2.540000 0.000000 0.000000
-2.540000 0.000000 0.000000
-2.466192 0.607862 0.000000
-2.466192 0.607862 0.000000
-2.540000 0.000000 0.000000
-2.466192 0.607862 0.000000
-2.466192 0.607862 0.000000
-2.466192 0.607862 0.000000
-2.249058 1.180397 0.000000
-2.249058 1.180397 0.000000
-2.466192 0.607862 0.000000
-2.249058 1.180397 0.000000
-2.249058 1.180397 0.000000
-2.249058 1.180397 0.000000
-1.901217 1.684332 0.000000
-1.901217 1.684332 0.000000
-2.249058 1.180397 0.000000
-1.901217 1.684332 0.000000
-1.901217 1.684332 0.000000
-1.901217 1.684332 0.000000
-1.442884 2.090379 0.000000
-1.442884 2.090379 0.000000
-1.901217 1.684332 0.000000
-1.442884 2.090379 0.000000
-1.442884 2.090379 0.000000
-1.442884 2.090379 0.000000
-0.900696 2.374941 0.000000
-0.900696 2.374941 0.000000
-1.442884 2.090379 0.000000
-0.900696 2.374941 0.000000
-0.900696 2.374941 0.000000
-0.900696 2.374941 0.000000
-0.306163 2.521481 0.000000
-0.306163 2.521481 0.000000
-0.900696 2.374941 0.000000
-0.306163 2.521481 0.000000
-0.306163 2.521481 0.000000
-0.306163 2.521481 0.000000
0.306163 2.521481 0.000000
0.306163 2.521481 0.000000
-0.306163 2.521481 0.000000
0.306163 2.521481 0.000000
0.306163 2.521481 0.000000
0.306163 2.521481 0.000000
0.900696 2.374941 0.000000
0.900696 2.374941 0.000000
0.306163 2.521481 0.000000
0.900696 2.374941 0.000000
0.900696 2.374941 0.000000
0.900696 2.374941 0.000000
1.442884 2.090379 0.000000
1.442884 2.090379 0.000000
0.900696 2.374941 0.000000
1.442884 2.090379 0.000000
1.442884 2.090379 0.000000
1.442884 2.090379 0.000000
1.901217 1.684332 0.000000
1.901217 1.684332 0.000000
1.442884 2.090379 0.000000
1.901217 1.684332 0.000000
1.901217 1.684332 0.000000
1.901217 1.684332 0.000000
2.249058 1.180397 0.000000
2.249058 1.180397 0.000000
1.901217 1.684332 0.000000
2.249058 1.180397 0.000000
2.249058 1.180397 0.000000
2.249058 1.180397 0.000000
2.466192 0.607862 0.000000
2.466192 0.607862 0.000000
2.249058 1.180397 0.000000
2.466192 0.607862 0.000000
2.466192 0.607862 0.000000
2.466192 0.607862 0.000000
2.540000 0.000000 0.000000
2.540000 0.000000 0.000000
2.466192 0.607862 0.000000
2.540000 0.000000 0.000000
-2.540000 0.000000 0.000000
-2.540000 0.000000 0.000000
-2.466192 0.607862 0.000000
-2.466192 0.607862 0.000000
-2.540000 0.000000 0.000000
-2.466192 0.607862 0.000000
-2.466192 0.607862 0.000000
-2.466192 0.607862 0.000000
-2.249058 1.180397 0.000000
-2.249058 1.180397 0.000000
-2.466192 0.607862 0.000000
-2.249058 1.180397 0.000000
-2.249058 1.180397 0.000000
-2.249058 1.180397 0.000000
-1.901217 1.684332 0.000000
-1.901217 1.684332 0.000000
-2.249058 1.180397 0.000000
-1.901217 1.684332 0.000000
-1.901217 1.684332 0.000000
-1.901217 1.684332 0.000000
-1.442884 2.090379 0.000000
-1.442884 2.090379 0.000000
-1.901217 1.684332 0.000000
-1.442884 2.090379 0.000000
-1.442884 2.090379 0.000000
-1.442884 2.090379 0.000000
-0.900696 2.374941 0.000000
-0.900696 2.374941 0.000000
-1.442884 2.090379 0.000000
-0.900696 2.374941 0.000000
-0.900696 2.374941 0.000000
-0.900696 2.374941 0.000000
-0.306163 2.521481 0.000000
-0.306163 2.521481 0.000000
-0.900696 2.374941 0.000000
-0.306163 2.521481 0.000000
-0.306163 2.521481 0.000000
-0.306163 2.521481 0.000000
0.306163 2.521481 0.000000
0.306163 2.521481 0.000000
-0.306163 2.521481 0.000000
0.306163 2.521481 0.000000
0.306163 2.521481 0.000000
0.306163 2.521481 0.000000
0.900696 2.374941 0.000000
0.900696 2.374941 0.000000
0.306163 2.521481 0.000000
0.900696 2.374941 0.000000
0.900696 2.374941 0.000000
0.900696 2.374941 0.000000
1.442884 2.090379 0.000000
1.442884 2.090379 0.000000
0.900696 2.374941 0.000000
1.442884 2.090379 0.000000
1.442884 2.090379 0.000000
1.442884 2.090379 0.000000
1.901217 1.684332 0.000000
1.901217 1.684332 0.000000
1.442884 2.090379 0.000000
1.901217 1.684332 0.000000
1.901217 1.684332 0.000000
1.901217 1.684332 0.000000
2.249058 1.180397 0.000000
2.249058 1.180397 0.000000
1.901217 1.684332 0.000000
2.249058 1.180397 0.000000
2.249058 1.180397 0.000000
2.249058 1.180397 0.000000
2.466192 0.607862 0.000000
2.466192 0.607862 0.000000
2.249058 1.180397 0.000000
2.466192 0.607862 0.000000
2.466192 0.607862 0.000000
2.466192 0.607862 0.000000
2.540000 0.000000 0.000000
2.540000 0.000000 0.000000
2.466192 0.607862 0.000000
2.540000 0.000000 0.000000
-2.540000 0.000000 0.000000
-2.540000 0.000000 0.000000
-2.466192 0.607862 0.000000
-2.466192 0.607862 0.000000
-2.540000 0.000000 0.000000
-2.466192 0.607862 0.000000
-2.466192 0.607862 0.000000
-2.466192 0.607862 0.000000
-2.249058 1.180397 0.000000
-2.249058 1.180397 0.000000
-2.466192 0.607862 0.000000
-2.249058 1.180397 0.000000
-2.249058 1.180397 0.000000
-2.249058 1.180397 0.000000
-1.901217 1.684332 0.000000
-1.901217 1.684332 0.000000
-2.249058 1.180397 0.000000
-1.901217 1.684332 0.000000
-1.901217 1.684332 0.000000
-1.901217 1.684332 0.000000
-1.442884 2.090379 0.000000
-1.442884 2.090379 0.000000
-1.901217 1.684332 0.000000
-1.442884 2.090379 0.000000
-1.442884 2.090379 0.000000
-1.442884 2.090379 0.000000
-0.900696 2.374941 0.000000
-0.900696 2.374941 0.000000
-1.442884 2.090379 0.000000
-0.900696 2.374941 0.000000
-0.900696 2.374941 0.000000
-0.900696 2.374941 0.000000
-0.306163 2.521481 0.000000
-0.306163 2.521481 0.000000
-0.900696 2.374941 0.000000
-0.306163 2.521481 0.000000
-0.306163 2.521481 0.000000
-0.306163 2.521481 0.000000
0.306163 2.521481 0.000000
0.306163 2.521481 0.000000
-0.306163 2.521481 0.000000
0.306163 2.521481 0.000000
0.306163 2.521481 0.000000
0.306163 2.521481 0.000000
0.900696 2.374941 0.000000
0.900696 2.374941 0.000000
0.306163 2.521481 0.000000
0.900696 2.374941 0.000000
0.900696 2.374941 0.000000
0.900696 2.374941 0.000000
1.442884 2.090379 0.000000
1.442884 2.090379 0.000000
0.900696 2.374941 0.000000
1.442884 2.090379 0.000000
1.442884 2.090379 0.000000
1.442884 2.090379 0.000000
1.901217 1.684332 0.000000
1.901217 1.684332 0.000000
1.442884 2.090379 0.000000
1.901217 1.684332 0.000000
1.901217 1.684332 0.000000
1.901217 1.684332 0.000000
2.249058 1.180397 0.000000
2.249058 1.180397 0.000000
1.901217 1.684332 0.000000
2.249058 1.180397 0.000000
2.249058 1.180397 0.000000
2.249058 1.180397 0.000000
2.466192 0.607862 0.000000
2.466192 0.607862 0.000000
2.249058 1.180397 0.000000
2.466192 0.607862 0.000000
2.466192 0.607862 0.000000
2.466192 0.607862 0.000000
2.540000 0.000000 0.000000
2.540000 0.000000 0.000000
2.466192 0.607862 0.000000
2.540000 0.000000 0.000000
-2.540000 0.000000 0.000000
-2.540000 0.000000 0.000000
-2.466192 0.607862 0.000000
-2.466192 0.607862 0.000000
-2.540000 0.000000 0.000000
-2.466192 0.607862 0.000000
-2.466192 0.607862 0.000000
-2.466192 0.607862 0.000000
-2.249058 1.180397 0.000000
-2.249058 1.180397 0.000000
-2.466192 0.607862 0.000000
-2.249058 1.180397 0.000000
-2.249058 1.180397 0.000000
-2.249058 1.180397 0.000000
-1.901217 1.684332 0.000000
-1.901217 1.684332 0.000000
-2.249058 1.180397 0.000000
-1.901217 1.684332 0.000000
-1.901217 1.684332 0.000000
-1.901217 1.684332 0.000000
-1.442884 2.090379 0.000000
-1.442884 2.090379 0.000000
-1.901217 1.684332 0.000000
-1.442884 2.090379 0.000000
-1.442884 2.090379 0.000000
-1.442884 2.090379 0.000000
-0.900696 2.374941 0.000000
-0.900696 2.374941 0.000000
-1.442884 2.090379 0.000000
-0.900696 2.374941 0.000000
-0.900696 2.374941 0.000000
-0.900696 2.374941 0.000000
-0.306163 2.521481 0.000000
-0.306163 2.521481 0.000000
-0.900696 2.374941 0.000000
-0.306163 2.521481 0.000000
-0.306163 2.521481 0.000000
-0.306163 2.521481 0.000000
0.306163 2.521481 0.000000
0.306163 2.521481 0.000000
-0.306163 2.521481 0.000000
0.306163 2.521481 0.000000
0.306163 2.521481 0.000000
0.306163 2.521481 0.000000
0.900696 2.374941 0.000000
0.900696 2.374941 0.000000
0.306163 2.521481 0.000000
0.900696 2.374941 0.000000
0.900696 2.374941 0.000000
0.900696 2.374941 0.000000
1.442884 2.090379 0.000000
1.442884 2.090379 0.000000
0.900696 2.374941 0.000000
1.442884 2.090379 0.000000
1.442884 2.090379 0.000000
1.442884 2.090379 0.000000
1.901217 1.684332 0.000000
1.901217 1.684332 0.000000
1.442884 2.090379 0.000000
1.901217 1.684332 0.000000
1.901217 1.684332 0.000000
1.901217 1.684332 0.000000
2.249058 1.180397 0.000000
2.249058 1.180397 0.000000
1.901217 1.684332 0.000000
2.249058 1.180397 0.000000
2.249058 1.180397 0.000000
2.249058 1.180397 0.000000
2.466192 0.607862 0.000000
2.466192 0.607862 0.000000
2.249058 1.180397 0.000000
2.466192 0.607862 0.000000
2.466192 0.607862 0.000000
2.466192 0.607862 0.000000
2.540000 0.000000 0.000000
2.540000 0.000000 0.000000
2.466192 0.607862 0.000000
2.540000 0.000000 0.000000
-2.540000 0.000000 0.000000
-2.540000 0.000000 0.000000
-2.466192 0.607862 0.000000
-2.466192 0.607862 0.000000
-2.540000 0.000000 0.000000
-2.466192 0.607862 0.000000
-2.466192 0.607862 0.000000
-2.466192 0.607862 0.000000
-2.249058 1.180397 0.000000
-2.249058 1.180397 0.000000
-2.466192 0.607862 0.000000
-2.249058 1.180397 0.000000
-2.249058 1.180397 0.000000
-2.249058 1.180397 0.000000
-1.901217 1.684332 0.000000
-1.901217 1.684332 0.000000
-2.249058 1.180397 0.000000
-1.901217 1.684332 0.000000
-1.901217 1.684332 0.000000
-1.901217 1.684332 0.000000
-1.442884 2.090379 0.000000
-1.442884 2.090379 0.000000
-1.901217 1.684332 0.000000
-1.442884 2.090379 0.000000
-1.442884 2.090379 0.000000
-1.442884 2.090379 0.000000
-0.900696 2.374941 0.000000
-0.900696 2.374941 0.000000
-1.442884 2.090379 0.000000
-0.900696 2.374941 0.000000
-0.900696 2.374941 0.000000
-0.900696 2.374941 0.000000
-0.306163 2.521481 0.000000
-0.306163 2.521481 0.000000
-0.900696 2.374941 0.000000
-0.306163 2.521481 0.000000
-0.306163 2.521481 0.000000
-0.306163 2.521481 0.000000
0.306163 2.521481 0.000000
0.306163 2.521481 0.000000
-0.306163 2.521481 0.000000
0.306163 2.521481 0.000000
0.306163 2.521481 0.000000
0.306163 2.521481 0.000000
0.900696 2.374941 0.000000
0.900696 2.374941 0.000000
0.306163 2.521481 0.000000
0.900696 2.374941 0.000000
0.900696 2.374941 0.000000
0.900696 2.374941 0.000000
1.442884 2.090379 0.000000
1.442884 2.090379 0.000000
0.900696 2.374941 0.000000
1.442884 2.090379 0.000000
1.442884 2.090379 0.000000
1.442884 2.090379 0.000000
1.901217 1.684332 0.000000
1.901217 1.684332 0.000000
1.442884 2.090379 0.000000
1.901217 1.684332 0.000000
1.901217 1.684332 0.000000
1.901217 1.684332 0.000000
2.249058 1.180397 0.000000
2.249058 1.180397 0.000000
1.901217 1.684332 0.000000
2.249058 1.180397 0.000000
2.249058 1.180397 0.000000
2.249058 1.180397 0.000000
2.466192 0.607862 0.000000
2.466192 0.607862 0.000000
2.249058 1.180397 0.000000
2.466192 0.607862 0.000000
2.466192 0.607862 0.000000
2.466192 0.607862 0.000000
2.540000 0.000000 0.000000
2.540000 0.000000 0.000000
2.466192 0.607862 0.000000
2.540000 0.000000 0.000000
0.000000 0.000000 -2.540000
0.000000 0.000000 -2.540000
0.000000 0.255365 -2.527131
0.000000 0.255365 -2.527131
0.000000 0.000000 -2.540000
0.000000 0.255365 -2.527131
0.000000 0.255365 -2.527131
0.000000 0.255365 -2.527131
0.000000 0.505073 -2.489277
0.000000 0.505073 -2.489277
0.000000 0.255365 -2.527131
0.000000 0.505073 -2.489277
0.000000 0.505073 -2.489277
0.000000 0.505073 -2.489277
0.000000 0.978707 -2.343871
0.000000 0.505073 -2.489277
0.000000 0.978707 -2.343871
0.000000 0.978707 -2.343871
0.000000 0.978707 -2.343871
0.000000 0.978707 -2.343871
0.000000 1.406445 -2.115068
0.000000 0.978707 -2.343871
0.000000 1.406445 -2.115068
0.000000 1.406445 -2.115068
0.000000 1.406445 -2.115068
0.000000 1.406445 -2.115068
0.000000 1.773079 -1.818733
0.000000 1.406445 -2.115068
0.000000 1.773079 -1.818733
0.000000 1.773079 -1.818733
0.000000 1.773079 -1.818733
0.000000 1.773079 -1.818733
0.000000 2.082116 -1.454782
0.000000 2.082116 -1.454782
0.000000 1.773079 -1.818733
0.000000 2.082116 -1.454782
0.000000 2.082116 -1.454782
0.000000 2.082116 -1.454782
0.000000 2.329068 -1.013432
0.000000 2.082116 -1.454782
0.000000 2.329068 -1.013432
0.000000 2.329068 -1.013432
0.000000 2.329068 -1.013432
0.000000 2.329068 -1.013432
0.000000 2.486768 -0.517289
0.000000 2.329068 -1.013432
0.000000 2.486768 -0.517289
0.000000 2.486768 -0.517289
0.000000 2.486768 -0.517289
0.000000 2.486768 -0.517289
0.000000 2.526780 -0.258806
0.000000 2.486768 -0.517289
0.000000 2.526780 -0.258806
0.000000 2.526780 -0.258806
0.000000 2.526780 -0.258806
0.000000 2.526780 -0.258806
0.000000 2.540000 0.000000
0.000000 2.540000 0.000000
0.000000 2.526780 -0.258806
0.000000 2.540000 0.000000
0.000000 2.540000 0.000000
0.000000 2.540000 0.000000
0.000000 2.526780 0.258806
0.000000 2.526780 0.258806
0.000000 2.540000 0.000000
0.000000 2.526780 0.258806
0.000000 2.526780 0.258806
0.000000 2.526780 0.258806
0.000000 2.486768 0.517289
0.000000 2.526780 0.258806
0.000000 2.486768 0.517289
0.000000 2.486768 0.517289
0.000000 2.486768 0.517289
0.000000 2.486768 0.517289
0.000000 2.329068 1.013432
0.000000 2.486768 0.517289
0.000000 2.329068 1.013432
0.000000 2.329068 1.013432
0.000000 2.329068 1.013432
0.000000 2.329068 1.013432
0.000000 2.082116 1.454782
0.000000 2.329068 1.013432
0.000000 2.082116 1.454782
0.000000 2.082116 1.454782
0.000000 2.082116 1.454782
0.000000 2.082116 1.454782
0.000000 1.773079 1.818733
0.000000 1.773079 1.818733
0.000000 2.082116 1.454782
0.000000 1.773079 1.818733
0.000000 1.773079 1.818733
0.000000 1.773079 1.818733
0.000000 1.406445 2.115068
0.000000 1.773079 1.818733
0.000000 1.406445 2.115068
0.000000 1.406445 2.115068
0.000000 1.406445 2.115068
0.000000 1.406445 2.115068
0.000000 0.978707 2.343871
0.000000 1.406445 2.115068
0.000000 0.978707 2.343871
0.000000 0.978707 2.343871
0.000000 0.978707 2.343871
0.000000 0.978707 2.343871
0.000000 0.505073 2.489277
0.000000 0.978707 2.343871
0.000000 0.505073 2.489277
0.000000 0.505073 2.489277
0.000000 0.505073 2.489277
0.000000 0.505073 2.489277
0.000000 0.255365 2.527131
0.000000 0.255365 2.527131
0.000000 0.505073 2.489277
0.000000 0.255365 2.527131
0.000000 0.255365 2.527131
0.000000 0.255365 2.527131
0.000000 0.000000 2.540000
0.000000 0.000000 2.540000
0.000000 0.255365 2.527131
0.000000 0.000000 2.540000
0.000000 0.000000 -2.540000
0.000000 0.000000 -2.540000
0.000000 0.255365 -2.527131
0.000000 0.255365 -2.527131
0.000000 0.000000 -2.540000
0.000000 0.255365 -2.527131
0.000000 0.255365 -2.527131
0.000000 0.255365 -2.527131
0.000000 0.505073 -2.489277
0.000000 0.505073 -2.489277
0.000000 0.255365 -2.527131
0.000000 0.505073 -2.489277
0.000000 0.505073 -2.489277
0.000000 0.505073 -2.489277
0.000000 0.978707 -2.343871
0.000000 0.505073 -2.489277
0.000000 0.978707 -2.343871
0.000000 0.978707 -2.343871
0.000000 0.978707 -2.343871
0.000000 0.978707 -2.343871
0.000000 1.406445 -2.115068
0.000000 0.978707 -2.343871
0.000000 1.406445 -2.115068
0.000000 1.406445 -2.115068
0.000000 1.406445 -2.115068
0.000000 1.406445 -2.115068
0.000000 1.773079 -1.818733
0.000000 1.406445 -2.115068
0.000000 1.773079 -1.818733
0.000000 1.773079 -1.818733
0.000000 1.773079 -1.818733
0.000000 1.773079 -1.818733
0.000000 2.082116 -1.454782
0.000000 2.082116 -1.454782
0.000000 1.773079 -1.818733
0.000000 2.082116 -1.454782
0.000000 2.082116 -1.454782
0.000000 2.082116 -1.454782
0.000000 2.329068 -1.013432
0.000000 2.082116 -1.454782
0.000000 2.329068 -1.013432
0.000000 2.329068 -1.013432
0.000000 2.329068 -1.013432
0.000000 2.329068 -1.013432
0.000000 2.486768 -0.517289
0.000000 2.329068 -1.013432
0.000000 2.486768 -0.517289
0.000000 2.486768 -0.517289
0.000000 2.486768 -0.517289
0.000000 2.486768 -0.517289
0.000000 2.526780 -0.258806
0.000000 2.486768 -0.517289
0.000000 2.526780 -0.258806
0.000000 2.526780 -0.258806
0.000000 2.526780 -0.258806
0.000000 2.526780 -0.258806
0.000000 2.540000 -0.000000
0.000000 2.540000 -0.000000
0.000000 2.526780 -0.258806
0.000000 2.540000 0.000000
0.000000 2.540000 -0.000000
0.000000 2.540000 0.000000
0.000000 2.526780 0.258806
0.000000 2.526780 0.258806
0.000000 2.540000 0.000000
0.000000 2.526780 0.258806
0.000000 2.526780 0.258806
0.000000 2.526780 0.258806
0.000000 2.486768 0.517289
0.000000 2.526780 0.258806
0.000000 2.486768 0.517289
0.000000 2.486768 0.517289
0.000000 2.486768 0.517289
0.000000 2.486768 0.517289
0.000000 2.329068 1.013432
0.000000 2.486768 0.517289
0.000000 2.329068 1.013432
0.000000 2.329068 1.013432
0.000000 2.329068 1.013432
0.000000 2.329068 1.013432
0.000000 2.082116 1.454782
0.000000 2.329068 1.013432
0.000000 2.082116 1.454782
0.000000 2.082116 1.454782
0.000000 2.082116 1.454782
0.000000 2.082116 1.454782
0.000000 1.773079 1.818733
0.000000 1.773079 1.818733
0.000000 2.082116 1.454782
0.000000 1.773079 1.818733
0.000000 1.773079 1.818733
0.000000 1.773079 1.818733
0.000000 1.406445 2.115068
0.000000 1.773079 1.818733
0.000000 1.406445 2.115068
0.000000 1.406445 2.115068
0.000000 1.406445 2.115068
0.000000 1.406445 2.115068
0.000000 0.978707 2.343871
0.000000 1.406445 2.115068
0.000000 0.978707 2.343871
0.000000 0.978707 2.343871
0.000000 0.978707 2.343871
0.000000 0.978707 2.343871
0.000000 0.505073 2.489277
0.000000 0.978707 2.343871
0.000000 0.505073 2.489277
0.000000 0.505073 2.489277
0.000000 0.505073 2.489277
0.000000 0.505073 2.489277
0.000000 0.255365 2.527131
0.000000 0.255365 2.527131
0.000000 0.505073 2.489277
0.000000 0.255365 2.527131
0.000000 0.255365 2.527131
0.000000 0.255365 2.527131
0.000000 0.000000 2.540000
0.000000 0.000000 2.540000
0.000000 0.255365 2.527131
0.000000 0.000000 2.540000
2.540000 0.000000 0.000000
2.540000 0.000000 0.000000
2.466192 -0.607862 0.000000
2.466192 -0.607862 0.000000
2.540000 0.000000 0.000000
2.476317 -0.565203 0.000000
2.466192 -0.607862 0.000000
2.476317 -0.565203 0.000000
2.288461 -1.102065 0.000000
2.540000 0.000000 0.000000
2.540000 0.000000 0.000000
2.476317 -0.565203 0.000000
2.466192 -0.607862 0.000000
2.288461 -1.102065 0.000000
2.249058 -1.180397 0.000000
2.249058 -1.180397 0.000000
2.288461 -1.102065 0.000000
1.985852 -1.583664 0.000000
2.249058 -1.180397 0.000000
1.985852 -1.583664 0.000000
1.901217 -1.684332 0.000000
1.901217 -1.684332 0.000000
1.985852 -1.583664 0.000000
1.583664 -1.985852 0.000000
1.901217 -1.684332 0.000000
1.583664 -1.985852 0.000000
1.442884 -2.090379 0.000000
1.442884 -2.090379 0.000000
1.583664 -1.985852 0.000000
1.102065 -2.288461 0.000000
1.442884 -2.090379 0.000000
1.102065 -2.288461 0.000000
0.900696 -2.374941 0.000000
0.900696 -2.374941 0.000000
1.102065 -2.288461 0.000000
0.565203 -2.476317 0.000000
0.900696 -2.374941 0.000000
0.565203 -2.476317 0.000000
0.306163 -2.521481 0.000000
0.306163 -2.521481 0.000000
0.565203 -2.476317 0.000000
0.000000 -2.540000 0.000000
0.306163 -2.521481 0.000000
0.000000 -2.540000 0.000000
0.000000 -2.540000 0.000000
0.306163 -2.521481 0.000000
0.000000 -2.540000 0.000000
-0.306163 -2.521481 0.000000
-0.306163 -2.521481 0.000000
0.000000 -2.540000 0.000000
-0.565203 -2.476317 0.000000
-0.306163 -2.521481 0.000000
-0.565203 -2.476317 0.000000
-0.900696 -2.374941 0.000000
-0.900696 -2.374941 0.000000
-0.565203 -2.476317 0.000000
-1.102065 -2.288461 0.000000
-0.900696 -2.374941 0.000000
-1.102065 -2.288461 0.000000
-1.442884 -2.090379 0.000000
-1.442884 -2.090379 0.000000
-1.102065 -2.288461 0.000000
-1.583664 -1.985852 0.000000
-1.442884 -2.090379 0.000000
-1.583664 -1.985852 0.000000
-1.901217 -1.684332 0.000000
-1.901217 -1.684332 0.000000
-1.583664 -1.985852 0.000000
-1.985852 -1.583664 0.000000
-1.901217 -1.684332 0.000000
-1.985852 -1.583664 0.000000
-2.249058 -1.180397 0.000000
-2.249058 -1.180397 0.000000
-1.985852 -1.583664 0.000000
-2.288461 -1.102065 0.000000
-2.249058 -1.180397 0.000000
-2.288461 -1.102065 0.000000
-2.466192 -0.607862 0.000000
-2.466192 -0.607862 0.000000
-2.288461 -1.102065 0.000000
-2.476317 -0.565203 0.000000
-2.466192 -0.607862 0.000000
-2.476317 -0.565203 0.000000
-2.540000 -0.000000 0.000000
-2.540000 -0.000000 0.000000
-2.476317 -0.565203 0.000000
-2.540000 -0.000000 0.000000
0.000000 0.000000 -2.540000
0.000000 0.000000 -2.540000
0.607862 0.000000 -2.466192
0.607862 0.000000 -2.466192
0.000000 0.000000 -2.540000
0.607862 0.000000 -2.466192
0.607862 0.000000 -2.466192
0.607862 0.000000 -2.466192
1.180397 0.000000 -2.249058
1.180397 0.000000 -2.249058
0.607862 0.000000 -2.466192
1.180397 0.000000 -2.249058
1.180397 0.000000 -2.249058
1.180397 0.000000 -2.249058
1.480721 0.000000 -2.063750
1.480721 0.000000 -2.063750
1.180397 0.000000 -2.249058
1.495257 0.000000 -2.053243
1.495257 0.000000 -2.053243
1.180397 0.000000 -2.249058
1.536536 0.000000 -2.022537
1.536536 0.000000 -2.022537
1.180397 0.000000 -2.249058
1.684332 0.000000 -1.901217
1.536536 0.000000 -2.022537
1.684332 0.000000 -1.901217
1.680737 0.000000 -1.904395
1.680737 0.000000 -1.904395
1.684332 0.000000 -1.901217
1.870280 0.000000 -1.718620
1.870280 0.000000 -1.718620
1.684332 0.000000 -1.901217
2.090379 0.000000 -1.442884
1.870280 0.000000 -1.718620
2.090379 0.000000 -1.442884
2.065898 0.000000 -1.477723
2.065898 0.000000 -1.477723
2.090379 0.000000 -1.442884
2.248256 0.000000 -1.181924
2.248256 0.000000 -1.181924
2.090379 0.000000 -1.442884
2.374941 0.000000 -0.900696
2.248256 0.000000 -1.181924
2.374941 0.000000 -0.900696
2.402830 0.000000 -0.823413
2.402830 0.000000 -0.823413
2.374941 0.000000 -0.900696
2.504989 0.000000 -0.420276
2.504989 0.000000 -0.420276
2.374941 0.000000 -0.900696
2.521481 0.000000 -0.306163
2.504989 0.000000 -0.420276
2.521481 0.000000 -0.306163
2.531281 0.000000 -0.210274
2.531281 0.000000 -0.210274
2.521481 0.000000 -0.306163
2.540000 0.000000 -0.000000
2.540000 0.000000 -0.000000
2.521481 0.000000 -0.306163
2.521481 0.000000 0.306163
2.540000 0.000000 -0.000000
2.521481 0.000000 0.306163
2.531281 0.000000 0.210274
2.531281 0.000000 0.210274
2.521481 0.000000 0.306163
2.504989 0.000000 0.420276
2.504989 0.000000 0.420276
2.521481 0.000000 0.306163
2.374941 0.000000 0.900696
2.504989 0.000000 0.420276
2.374941 0.000000 0.900696
2.402830 0.000000 0.823413
2.402830 0.000000 0.823413
2.374941 0.000000 0.900696
2.248256 0.000000 1.181924
2.248256 0.000000 1.181924
2.374941 0.000000 0.900696
2.090379 0.000000 1.442884
2.248256 0.000000 1.181924
2.090379 0.000000 1.442884
2.065898 0.000000 1.477723
2.065898 0.000000 1.477723
2.090379 0.000000 1.442884
1.870280 0.000000 1.718620
1.870280 0.000000 1.718620
2.090379 0.000000 1.442884
1.684332 0.000000 1.901217
1.870280 0.000000 1.718620
1.684332 0.000000 1.901217
1.680737 0.000000 1.904395
1.680737 0.000000 1.904395
1.684332 0.000000 1.901217
1.536536 0.000000 2.022537
1.536536 0.000000 2.022537
1.684332 0.000000 1.901217
1.495257 0.000000 2.053243
1.495257 0.000000 2.053243
1.684332 0.000000 1.901217
1.180397 0.000000 2.249058
1.495257 0.000000 2.053243
1.180397 0.000000 2.249058
1.480721 0.000000 2.063750
1.480721 0.000000 2.063750
1.180397 0.000000 2.249058
1.180397 0.000000 2.249058
1.480721 0.000000 2.063750
1.180397 0.000000 2.249058
1.495257 0.000000 2.053243
1.495257 0.000000 2.053243
1.180397 0.000000 2.249058
1.684332 0.000000 1.901217
1.495257 0.000000 2.053243
1.684332 0.000000 1.901217
1.536536 0.000000 2.022537
1.536536 0.000000 2.022537
1.684332 0.000000 1.901217
1.680737 0.000000 1.904395
1.680737 0.000000 1.904395
1.684332 0.000000 1.901217
1.870280 0.000000 1.718620
1.870280 0.000000 1.718620
1.684332 0.000000 1.901217
2.090379 0.000000 1.442884
1.870280 0.000000 1.718620
2.090379 0.000000 1.442884
2.065898 0.000000 1.477723
2.065898 0.000000 1.477723
2.090379 0.000000 1.442884
2.248256 0.000000 1.181924
2.248256 0.000000 1.181924
2.090379 0.000000 1.442884
2.374941 0.000000 0.900696
2.248256 0.000000 1.181924
2.374941 0.000000 0.900696
2.402830 0.000000 0.823413
2.402830 0.000000 0.823413
2.374941 0.000000 0.900696
2.504989 0.000000 0.420276
2.504989 0.000000 0.420276
2.374941 0.000000 0.900696
2.521481 0.000000 0.306163
2.504989 0.000000 0.420276
2.521481 0.000000 0.306163
2.531281 0.000000 0.210274
2.531281 0.000000 0.210274
2.521481 0.000000 0.306163
2.540000 0.000000 -0.000000
2.540000 0.000000 -0.000000
2.521481 0.000000 0.306163
2.521481 0.000000 -0.306163
2.540000 0.000000 -0.000000
2.521481 0.000000 -0.306163
2.531281 0.000000 -0.210274
2.531281 0.000000 -0.210274
2.521481 0.000000 -0.306163
2.504989 0.000000 -0.420276
2.504989 0.000000 -0.420276
2.521481 0.000000 -0.306163
2.374941 0.000000 -0.900696
2.504989 0.000000 -0.420276
2.374941 0.000000 -0.900696
2.402830 0.000000 -0.823413
2.402830 0.000000 -0.823413
2.374941 0.000000 -0.900696
2.248256 0.000000 -1.181924
2.248256 0.000000 -1.181924
2.374941 0.000000 -0.900696
2.090379 0.000000 -1.442884
2.248256 0.000000 -1.181924
2.090379 0.000000 -1.442884
2.065898 0.000000 -1.477723
2.065898 0.000000 -1.477723
2.090379 0.000000 -1.442884
1.870280 0.000000 -1.718620
1.870280 0.000000 -1.718620
2.090379 0.000000 -1.442884
1.684332 0.000000 -1.901217
1.870280 0.000000 -1.718620
1.684332 0.000000 -1.901217
1.680737 0.000000 -1.904395
1.680737 0.000000 -1.904395
1.684332 0.000000 -1.901217
1.536536 0.000000 -2.022537
1.536536 0.000000 -2.022537
1.684332 0.000000 -1.901217
1.180397 0.000000 -2.249058
1.536536 0.000000 -2.022537
1.180397 0.000000 -2.249058
1.495257 0.000000 -2.053243
1.495257 0.000000 -2.053243
1.180397 0.000000 -2.249058
1.480721 0.000000 -2.063750
1.180397 0.000000 2.249058
1.180397 0.000000 2.249058
0.607862 0.000000 2.466192
0.607862 0.000000 2.466192
1.180397 0.000000 2.249058
0.607862 0.000000 2.466192
0.607862 0.000000 2.466192
0.607862 0.000000 2.466192
0.000000 0.000000 2.540000
0.000000 0.000000 2.540000
0.607862 0.000000 2.466192
0.000000 0.000000 2.540000
0.000000 0.000000 -2.540000
0.000000 0.000000 -2.540000
0.607862 0.000000 -2.466192
0.607862 0.000000 -2.466192
0.000000 0.000000 -2.540000
0.607862 0.000000 -2.466192
0.607862 0.000000 -2.466192
0.607862 0.000000 -2.466192
1.180397 0.000000 -2.249058
1.180397 0.000000 -2.249058
0.607862 0.000000 -2.466192
1.180397 0.000000 -2.249058
1.180397 0.000000 -2.249058
1.180397 0.000000 -2.249058
1.480721 0.000000 -2.063750
1.480721 0.000000 -2.063750
1.180397 0.000000 -2.249058
1.495257 0.000000 -2.053243
1.495257 0.000000 -2.053243
1.180397 0.000000 -2.249058
1.536536 0.000000 -2.022537
1.536536 0.000000 -2.022537
1.180397 0.000000 -2.249058
1.684332 0.000000 -1.901217
1.536536 0.000000 -2.022537
1.684332 0.000000 -1.901217
1.680737 0.000000 -1.904395
1.680737 0.000000 -1.904395
1.684332 0.000000 -1.901217
1.870280 0.000000 -1.718620
1.870280 0.000000 -1.718620
1.684332 0.000000 -1.901217
2.090379 0.000000 -1.442884
1.870280 0.000000 -1.718620
2.090379 0.000000 -1.442884
2.065898 0.000000 -1.477723
2.065898 0.000000 -1.477723
2.090379 0.000000 -1.442884
2.248256 0.000000 -1.181924
2.248256 0.000000 -1.181924
2.090379 0.000000 -1.442884
2.374941 0.000000 -0.900696
2.248256 0.000000 -1.181924
2.374941 0.000000 -0.900696
2.402830 0.000000 -0.823413
2.402830 0.000000 -0.823413
2.374941 0.000000 -0.900696
2.504989 0.000000 -0.420276
2.504989 0.000000 -0.420276
2.374941 0.000000 -0.900696
2.521481 0.000000 -0.306163
2.504989 0.000000 -0.420276
2.521481 0.000000 -0.306163
2.531281 0.000000 -0.210274
2.531281 0.000000 -0.210274
2.521481 0.000000 -0.306163
2.540000 0.000000 -0.000000
2.540000 0.000000 -0.000000
2.521481 0.000000 -0.306163
2.521481 0.000000 0.306163
2.540000 0.000000 -0.000000
2.521481 0.000000 0.306163
2.531281 0.000000 0.210274
2.531281 0.000000 0.210274
2.521481 0.000000 0.306163
2.504989 0.000000 0.420276
2.504989 0.000000 0.420276
2.521481 0.000000 0.306163
2.374941 0.000000 0.900696
2.504989 0.000000 0.420276
2.374941 0.000000 0.900696
2.402830 0.000000 0.823413
2.402830 0.000000 0.823413
2.374941 0.000000 0.900696
2.248256 0.000000 1.181924
2.248256 0.000000 1.181924
2.374941 0.000000 0.900696
2.090379 0.000000 1.442884
2.248256 0.000000 1.181924
2.090379 0.000000 1.442884
2.065898 0.000000 1.477723
2.065898 0.000000 1.477723
2.090379 0.000000 1.442884
1.870280 0.000000 1.718620
1.870280 0.000000 1.718620
2.090379 0.000000 1.442884
1.684332 0.000000 1.901217
1.870280 0.000000 1.718620
1.684332 0.000000 1.901217
1.680737 0.000000 1.904395
1.680737 0.000000 1.904395
1.684332 0.000000 1.901217
1.536536 0.000000 2.022537
1.536536 0.000000 2.022537
1.684332 0.000000 1.901217
1.495257 0.000000 2.053243
1.495257 0.000000 2.053243
1.684332 0.000000 1.901217
1.180397 0.000000 2.249058
1.495257 0.000000 2.053243
1.180397 0.000000 2.249058
1.480721 0.000000 2.063750
1.480721 0.000000 2.063750
1.180397 0.000000 2.249058
1.180397 0.000000 2.249058
1.480721 0.000000 2.063750
1.180397 0.000000 2.249058
1.495257 0.000000 2.053243
1.495257 0.000000 2.053243
1.180397 0.000000 2.249058
1.684332 0.000000 1.901217
1.495257 0.000000 2.053243
1.684332 0.000000 1.901217
1.536536 0.000000 2.022537
1.536536 0.000000 2.022537
1.684332 0.000000 1.901217
1.680737 0.000000 1.904395
1.680737 0.000000 1.904395
1.684332 0.000000 1.901217
1.870280 0.000000 1.718620
1.870280 0.000000 1.718620
1.684332 0.000000 1.901217
2.090379 0.000000 1.442884
1.870280 0.000000 1.718620
2.090379 0.000000 1.442884
2.065898 0.000000 1.477723
2.065898 0.000000 1.477723
2.090379 0.000000 1.442884
2.248256 0.000000 1.181924
2.248256 0.000000 1.181924
2.090379 0.000000 1.442884
2.374941 0.000000 0.900696
2.248256 0.000000 1.181924
2.374941 0.000000 0.900696
2.402830 0.000000 0.823413
2.402830 0.000000 0.823413
2.374941 0.000000 0.900696
2.504989 0.000000 0.420276
2.504989 0.000000 0.420276
2.374941 0.000000 0.900696
2.521481 0.000000 0.306163
2.504989 0.000000 0.420276
2.521481 0.000000 0.306163
2.531281 0.000000 0.210274
2.531281 0.000000 0.210274
2.521481 0.000000 0.306163
2.540000 0.000000 -0.000000
2.540000 0.000000 -0.000000
2.521481 0.000000 0.306163
2.521481 0.000000 -0.306163
2.540000 0.000000 -0.000000
2.521481 0.000000 -0.306163
2.531281 0.000000 -0.210274
2.531281 0.000000 -0.210274
2.521481 0.000000 -0.306163
2.504989 0.000000 -0.420276
2.504989 0.000000 -0.420276
2.521481 0.000000 -0.306163
2.374941 0.000000 -0.900696
2.504989 0.000000 -0.420276
2.374941 0.000000 -0.900696
2.402830 0.000000 -0.823413
2.402830 0.000000 -0.823413
2.374941 0.000000 -0.900696
2.248256 0.000000 -1.181924
2.248256 0.000000 -1.181924
2.374941 0.000000 -0.900696
2.090379 0.000000 -1.442884
2.248256 0.000000 -1.181924
2.090379 0.000000 -1.442884
2.065898 0.000000 -1.477723
2.065898 0.000000 -1.477723
2.090379 0.000000 -1.442884
1.870280 0.000000 -1.718620
1.870280 0.000000 -1.718620
2.090379 0.000000 -1.442884
1.684332 0.000000 -1.901217
1.870280 0.000000 -1.718620
1.684332 0.000000 -1.901217
1.680737 0.000000 -1.904395
1.680737 0.000000 -1.904395
1.684332 0.000000 -1.901217
1.536536 0.000000 -2.022537
1.536536 0.000000 -2.022537
1.684332 0.000000 -1.901217
1.180397 0.000000 -2.249058
1.536536 0.000000 -2.022537
1.180397 0.000000 -2.249058
1.495257 0.000000 -2.053243
1.495257 0.000000 -2.053243
1.180397 0.000000 -2.249058
1.480721 0.000000 -2.063750
1.180397 0.000000 2.249058
1.180397 0.000000 2.249058
0.607862 0.000000 2.466192
0.607862 0.000000 2.466192
1.180397 0.000000 2.249058
0.607862 0.000000 2.466192
0.607862 0.000000 2.466192
0.607862 0.000000 2.466192
0.000000 0.000000 2.540000
0.000000 0.000000 2.540000
0.607862 0.000000 2.466192
0.000000 0.000000 2.540000
-2.540000 0.000000 0.000000
-2.540000 0.000000 0.000000
-2.466192 0.607862 0.000000
-2.466192 0.607862 0.000000
-2.540000 0.000000 0.000000
-2.466192 0.607862 0.000000
-2.466192 0.607862 0.000000
-2.466192 0.607862 0.000000
-2.249058 1.180397 0.000000
-2.249058 1.180397 0.000000
-2.466192 0.607862 0.000000
-2.249058 1.180397 0.000000
-2.249058 1.180397 0.000000
-2.249058 1.180397 0.000000
-1.901217 1.684332 0.000000
-1.901217 1.684332 0.000000
-2.249058 1.180397 0.000000
-1.901217 1.684332 0.000000
-1.901217 1.684332 0.000000
-1.901217 1.684332 0.000000
-1.442884 2.090379 0.000000
-1.442884 2.090379 0.000000
-1.901217 1.684332 0.000000
-1.442884 2.090379 0.000000
-1.442884 2.090379 0.000000
-1.442884 2.090379 0.000000
-0.900696 2.374941 0.000000
-0.900696 2.374941 0.000000
-1.442884 2.090379 0.000000
-0.900696 2.374941 0.000000
-0.900696 2.374941 0.000000
-0.900696 2.374941 0.000000
-0.306163 2.521481 0.000000
-0.306163 2.521481 0.000000
-0.900696 2.374941 0.000000
-0.306163 2.521481 0.000000
-0.306163 2.521481 0.000000
-0.306163 2.521481 0.000000
0.306163 2.521481 0.000000
0.306163 2.521481 0.000000
-0.306163 2.521481 0.000000
0.306163 2.521481 0.000000
0.306163 2.521481 0.000000
0.306163 2.521481 0.000000
0.900696 2.374941 0.000000
0.900696 2.374941 0.000000
0.306163 2.521481 0.000000
0.900696 2.374941 0.000000
0.900696 2.374941 0.000000
0.900696 2.374941 0.000000
1.442884 2.090379 0.000000
1.442884 2.090379 0.000000
0.900696 2.374941 0.000000
1.442884 2.090379 0.000000
1.442884 2.090379 0.000000
1.442884 2.090379 0.000000
1.901217 1.684332 0.000000
1.901217 1.684332 0.000000
1.442884 2.090379 0.000000
1.901217 1.684332 0.000000
1.901217 1.684332 0.000000
1.901217 1.684332 0.000000
2.249058 1.180397 0.000000
2.249058 1.180397 0.000000
1.901217 1.684332 0.000000
2.249058 1.180397 0.000000
2.249058 1.180397 0.000000
2.249058 1.180397 0.000000
2.466192 0.607862 0.000000
2.466192 0.607862 0.000000
2.249058 1.180397 0.000000
2.466192 0.607862 0.000000
2.466192 0.607862 0.000000
2.466192 0.607862 0.000000
2.540000 0.000000 0.000000
2.540000 0.000000 0.000000
2.466192 0.607862 0.000000
2.540000 0.000000 0.000000
2.540000 0.000000 0.000000
2.540000 0.000000 0.000000
2.466192 0.607862 0.000000
2.466192 0.607862 0.000000
2.540000 0.000000 0.000000
2.466192 0.607862 0.000000
2.466192 0.607862 0.000000
2.466192 0.607862 0.000000
2.249058 1.180397 0.000000
2.249058 1.180397 0.000000
2.466192 0.607862 0.000000
2.249058 1.180397 0.000000
2.249058 1.180397 0.000000
2.249058 1.180397 0.000000
1.901217 1.684332 0.000000
1.901217 1.684332 0.000000
2.249058 1.180397 0.000000
1.901217 1.684332 0.000000
1.901217 1.684332 0.000000
1.901217 1.684332 0.000000
1.442884 2.090379 0.000000
1.442884 2.090379 0.000000
1.901217 1.684332 0.000000
1.442884 2.090379 0.000000
1.442884 2.090379 0.000000
1.442884 2.090379 0.000000
0.900696 2.374941 0.000000
0.900696 2.374941 0.000000
1.442884 2.090379 0.000000
0.900696 2.374941 0.000000
0.900696 2.374941 0.000000
0.900696 2.374941 0.000000
0.306163 2.521481 0.000000
0.306163 2.521481 0.000000
0.900696 2.374941 0.000000
0.306163 2.521481 0.000000
0.306163 2.521481 0.000000
0.306163 2.521481 0.000000
-0.306163 2.521481 0.000000
-0.306163 2.521481 0.000000
0.306163 2.521481 0.000000
-0.306163 2.521481 0.000000
-0.306163 2.521481 0.000000
-0.306163 2.521481 0.000000
-0.900696 2.374941 0.000000
-0.900696 2.374941 0.000000
-0.306163 2.521481 0.000000
-0.900696 2.374941 0.000000
-0.900696 2.374941 0.000000
-0.900696 2.374941 0.000000
-1.442884 2.090379 0.000000
-1.442884 2.090379 0.000000
-0.900696 2.374941 0.000000
-1.442884 2.090379 0.000000
-1.442884 2.090379 0.000000
-1.442884 2.090379 0.000000
-1.901217 1.684332 0.000000
-1.901217 1.684332 0.000000
-1.442884 2.090379 0.000000
-1.901217 1.684332 0.000000
-1.901217 1.684332 0.000000
-1.901217 1.684332 0.000000
-2.249058 1.180397 0.000000
-2.249058 1.180397 0.000000
-1.901217 1.684332 0.000000
-2.249058 1.180397 0.000000
-2.249058 1.180397 0.000000
-2.249058 1.180397 0.000000
-2.466192 0.607862 0.000000
-2.466192 0.607862 0.000000
-2.249058 1.180397 0.000000
-2.466192 0.607862 0.000000
-2.466192 0.607862 0.000000
-2.466192 0.607862 0.000000
-2.540000 0.000000 0.000000
-2.540000 0.000000 0.000000
-2.466192 0.607862 0.000000
-2.540000 0.000000 0.000000
-2.540000 0.000000 0.000000
-2.540000 0.000000 0.000000
-2.466192 -0.607862 0.000000
-2.466192 -0.607862 0.000000
-2.540000 0.000000 0.000000
-2.466192 -0.607862 0.000000
-2.466192 -0.607862 0.000000
-2.466192 -0.607862 0.000000
-2.249058 -1.180397 0.000000
-2.249058 -1.180397 0.000000
-2.466192 -0.607862 0.000000
-2.249058 -1.180397 0.000000
-2.249058 -1.180397 0.000000
-2.249058 -1.180397 0.000000
-1.901217 -1.684332 0.000000
-1.901217 -1.684332 0.000000
-2.249058 -1.180397 0.000000
-1.901217 -1.684332 0.000000
-1.901217 -1.684332 0.000000
-1.901217 -1.684332 0.000000
-1.442884 -2.090379 0.000000
-1.442884 -2.090379 0.000000
-1.901217 -1.684332 0.000000
-1.442884 -2.090379 0.000000
-1.442884 -2.090379 0.000000
-1.442884 -2.090379 0.000000
-0.900696 -2.374941 0.000000
-0.900696 -2.374941 0.000000
-1.442884 -2.090379 0.000000
-0.900696 -2.374941 0.000000
-0.900696 -2.374941 0.000000
-0.900696 -2.374941 0.000000
-0.306163 -2.521481 0.000000
-0.306163 -2.521481 0.000000
-0.900696 -2.374941 0.000000
-0.306163 -2.521481 0.000000
-0.306163 -2.521481 0.000000
-0.306163 -2.521481 0.000000
0.306163 -2.521481 0.000000
0.306163 -2.521481 0.000000
-0.306163 -2.521481 0.000000
0.306163 -2.521481 0.000000
0.306163 -2.521481 0.000000
0.306163 -2.521481 0.000000
0.900696 -2.374941 0.000000
0.900696 -2.374941 0.000000
0.306163 -2.521481 0.000000
0.900696 -2.374941 0.000000
0.900696 -2.374941 0.000000
0.900696 -2.374941 0.000000
1.442884 -2.090379 0.000000
1.442884 -2.090379 0.000000
0.900696 -2.374941 0.000000
1.442884 -2.090379 0.000000
1.442884 -2.090379 0.000000
1.442884 -2.090379 0.000000
1.901217 -1.684332 0.000000
1.901217 -1.684332 0.000000
1.442884 -2.090379 0.000000
1.901217 -1.684332 0.000000
1.901217 -1.684332 0.000000
1.901217 -1.684332 0.000000
2.249058 -1.180397 0.000000
2.249058 -1.180397 0.000000
1.901217 -1.684332 0.000000
2.249058 -1.180397 0.000000
2.249058 -1.180397 0.000000
2.249058 -1.180397 0.000000
2.466192 -0.607862 0.000000
2.466192 -0.607862 0.000000
2.249058 -1.180397 0.000000
2.466192 -0.607862 0.000000
2.466192 -0.607862 0.000000
2.466192 -0.607862 0.000000
2.540000 0.000000 0.000000
2.540000 0.000000 0.000000
2.466192 -0.607862 0.000000
2.540000 0.000000 0.000000
2.540000 0.000000 0.000000
2.540000 0.000000 0.000000
2.466192 -0.607862 0.000000
2.466192 -0.607862 0.000000
2.540000 0.000000 0.000000
2.466192 -0.607862 0.000000
2.466192 -0.607862 0.000000
2.466192 -0.607862 0.000000
2.249058 -1.180397 0.000000
2.249058 -1.180397 0.000000
2.466192 -0.607862 0.000000
2.249058 -1.180397 0.000000
2.249058 -1.180397 0.000000
2.249058 -1.180397 0.000000
1.901217 -1.684332 0.000000
1.901217 -1.684332 0.000000
2.249058 -1.180397 0.000000
1.901217 -1.684332 0.000000
1.901217 -1.684332 0.000000
1.901217 -1.684332 0.000000
1.442884 -2.090379 0.000000
1.442884 -2.090379 0.000000
1.901217 -1.684332 0.000000
1.442884 -2.090379 0.000000
1.442884 -2.090379 0.000000
1.442884 -2.090379 0.000000
0.900696 -2.374941 0.000000
0.900696 -2.374941 0.000000
1.442884 -2.090379 0.000000
0.900696 -2.374941 0.000000
0.900696 -2.374941 0.000000
0.900696 -2.374941 0.000000
0.306163 -2.521481 0.000000
0.306163 -2.521481 0.000000
0.900696 -2.374941 0.000000
0.306163 -2.521481 0.000000
0.306163 -2.521481 0.000000
0.306163 -2.521481 0.000000
-0.306163 -2.521481 0.000000
-0.306163 -2.521481 0.000000
0.306163 -2.521481 0.000000
-0.306163 -2.521481 0.000000
-0.306163 -2.521481 0.000000
-0.306163 -2.521481 0.000000
-0.900696 -2.374941 0.000000
-0.900696 -2.374941 0.000000
-0.306163 -2.521481 0.000000
-0.900696 -2.374941 0.000000
-0.900696 -2.374941 0.000000
-0.900696 -2.374941 0.000000
-1.442884 -2.090379 0.000000
-1.442884 -2.090379 0.000000
-0.900696 -2.374941 0.000000
-1.442884 -2.090379 0.000000
-1.442884 -2.090379 0.000000
-1.442884 -2.090379 0.000000
-1.901217 -1.684332 0.000000
-1.901217 -1.684332 0.000000
-1.442884 -2.090379 0.000000
-1.901217 -1.684332 0.000000
-1.901217 -1.684332 0.000000
-1.901217 -1.684332 0.000000
-2.249058 -1.180397 0.000000
-2.249058 -1.180397 0.000000
-1.901217 -1.684332 0.000000
-2.249058 -1.180397 0.000000
-2.249058 -1.180397 0.000000
-2.249058 -1.180397 0.000000
-2.466192 -0.607862 0.000000
-2.466192 -0.607862 0.000000
-2.249058 -1.180397 0.000000
-2.466192 -0.607862 0.000000
-2.466192 -0.607862 0.000000
-2.466192 -0.607862 0.000000
-2.540000 0.000000 0.000000
-2.540000 0.000000 0.000000
-2.466192 -0.607862 0.000000
-2.540000 0.000000 0.000000
0.000000 0.000000 -2.540000
0.000000 0.000000 -2.540000
0.000000 0.000000 -2.540000
0.000000 0.000000 -2.540000
0.000000 0.000000 -2.540000
0.000000 0.000000 -2.540000
0.000000 0.000000 -2.540000
0.000000 0.000000 -2.540000
0.000000 0.000000 -2.540000
0.000000 0.000000 -2.540000
0.000000 0.000000 -2.540000
0.000000 0.000000 -2.540000
0.000000 0.000000 -2.540000
0.000000 0.000000 -2.540000
0.000000 0.000000 -2.540000
0.000000 0.000000 -2.540000
0.000000 0.000000 -2.540000
0.000000 0.000000 -2.540000
0.000000 0.000000 -2.540000
0.000000 0.000000 -2.540000
0.000000 0.000000 -2.540000
0.000000 0.000000 -2.540000
0.000000 0.000000 -2.540000
0.000000 0.000000 -2.540000
0.000000 0.000000 -2.540000
0.000000 0.000000 -2.540000
0.000000 0.000000 -2.540000
0.000000 0.000000 -2.540000
0.000000 0.000000 -2.540000
0.000000 0.000000 -2.540000
0.000000 0.000000 -2.540000
0.000000 0.000000 -2.540000
0.000000 0.000000 -2.540000
0.000000 0.000000 -2.540000
0.000000 0.000000 -2.540000
0.000000 0.000000 -2.540000
0.000000 0.000000 -2.540000
0.000000 0.000000 -2.540000
0.000000 0.000000 -2.540000
0.000000 0.000000 -2.540000
0.000000 0.000000 -2.540000
0.000000 0.000000 -2.540000
0.000000 0.000000 -2.540000
0.000000 0.000000 -2.540000
0.000000 0.000000 -2.540000
0.000000 0.000000 -2.540000
0.000000 0.000000 -2.540000
0.000000 0.000000 -2.540000
0.000000 0.000000 -2.540000
0.000000 0.000000 -2.540000
0.000000 0.000000 -2.540000
0.000000 0.000000 -2.540000
0.000000 0.000000 -2.540000
0.000000 0.000000 -2.540000
0.000000 0.000000 -2.540000
0.000000 0.000000 -2.540000
0.000000 0.000000 -2.540000
0.000000 0.000000 -2.540000
0.000000 0.000000 -2.540000
0.000000 0.000000 -2.540000
0.000000 0.000000 -2.540000
0.000000 0.000000 -2.540000
0.000000 0.000000 -2.540000
0.000000 0.000000 -2.540000
0.000000 0.000000 -2.540000
0.000000 0.000000 -2.540000
0.000000 0.000000 -2.540000
0.000000 0.000000 -2.540000
0.000000 0.000000 -2.540000
0.000000 0.000000 -2.540000
0.000000 0.000000 -2.540000
0.000000 0.000000 -2.540000
0.000000 0.000000 -2.540000
0.000000 0.000000 -2.540000
0.000000 0.000000 -2.540000
0.000000 0.000000 -2.540000
0.000000 0.000000 -2.540000
0.000000 0.000000 -2.540000
0.000000 0.000000 -2.540000
0.000000 0.000000 -2.540000
0.000000 0.000000 -2.540000
0.000000 0.000000 -2.540000
0.000000 0.000000 -2.540000
0.000000 0.000000 -2.540000
0.000000 0.000000 -2.540000
0.000000 0.000000 -2.540000
0.000000 0.000000 -2.540000
0.000000 0.000000 -2.540000
0.000000 0.000000 -2.540000
0.000000 0.000000 -2.540000
0.000000 0.000000 -2.540000
0.000000 0.000000 -2.540000
0.000000 0.000000 -2.540000
0.000000 0.000000 -2.540000
0.000000 0.000000 -2.540000
0.000000 0.000000 -2.540000
0.000000 0.000000 -2.540000
0.000000 0.000000 -2.540000
0.000000 0.000000 -2.540000
0.000000 0.000000 -2.540000
0.000000 0.000000 -2.540000
0.000000 0.000000 -2.540000
0.000000 0.000000 -2.540000
0.000000 0.000000 -2.540000
0.000000 0.000000 -2.540000
0.000000 0.000000 -2.540000
0.000000 0.000000 -2.540000
0.000000 0.000000 -2.540000
0.000000 0.000000 -2.540000
0.000000 0.000000 -2.540000
0.000000 0.000000 -2.540000
0.000000 0.000000 -2.540000
0.000000 0.000000 -2.540000
0.000000 0.000000 -2.540000
0.000000 0.000000 2.540000
0.000000 0.000000 2.540000
0.000000 0.000000 2.540000
0.000000 0.000000 2.540000
0.000000 0.000000 2.540000
0.000000 0.000000 2.540000
0.000000 0.000000 2.540000
0.000000 0.000000 2.540000
0.000000 0.000000 2.540000
0.000000 0.000000 2.540000
0.000000 0.000000 2.540000
0.000000 0.000000 2.540000
0.000000 0.000000 2.540000
0.000000 0.000000 2.540000
0.000000 0.000000 2.540000
0.000000 0.000000 2.540000
0.000000 0.000000 2.540000
0.000000 0.000000 2.540000
0.000000 0.000000 2.540000
0.000000 0.000000 2.540000
0.000000 0.000000 2.540000
0.000000 0.000000 2.540000
0.000000 0.000000 2.540000
0.000000 0.000000 2.540000
0.000000 0.000000 2.540000
0.000000 0.000000 2.540000
0.000000 0.000000 2.540000
0.000000 0.000000 2.540000
0.000000 0.000000 2.540000
0.000000 0.000000 2.540000
0.000000 0.000000 2.540000
0.000000 0.000000 2.540000
0.000000 0.000000 2.540000
0.000000 0.000000 2.540000
0.000000 0.000000 2.540000
0.000000 0.000000 2.540000
0.000000 0.000000 2.540000
0.000000 0.000000 2.540000
0.000000 0.000000 2.540000
0.000000 0.000000 2.540000
0.000000 0.000000 2.540000
0.000000 0.000000 2.540000
0.000000 0.000000 2.540000
0.000000 0.000000 2.540000
0.000000 0.000000 2.540000
0.000000 0.000000 2.540000
0.000000 0.000000 2.540000
0.000000 0.000000 2.540000
0.000000 0.000000 2.540000
0.000000 0.000000 2.540000
0.000000 0.000000 2.540000
0.000000 0.000000 2.540000
0.000000 0.000000 2.540000
0.000000 0.000000 2.540000
0.000000 0.000000 2.540000
0.000000 0.000000 2.540000
0.000000 0.000000 2.540000
0.000000 0.000000 2.540000
0.000000 0.000000 2.540000
0.000000 0.000000 2.540000
0.000000 0.000000 2.540000
0.000000 0.000000 2.540000
0.000000 0.000000 2.540000
0.000000 0.000000 2.540000
0.000000 0.000000 2.540000
0.000000 0.000000 2.540000
0.000000 0.000000 2.540000
0.000000 0.000000 2.540000
0.000000 0.000000 2.540000
0.000000 0.000000 2.540000
0.000000 0.000000 2.540000
0.000000 0.000000 2.540000
0.000000 0.000000 2.540000
0.000000 0.000000 2.540000
0.000000 0.000000 2.540000
0.000000 0.000000 2.540000
0.000000 0.000000 2.540000
0.000000 0.000000 2.540000
0.000000 0.000000 2.540000
0.000000 0.000000 2.540000
0.000000 0.000000 2.540000
0.000000 0.000000 2.540000
0.000000 0.000000 2.540000
0.000000 0.000000 2.540000
0.000000 0.000000 2.540000
0.000000 0.000000 2.540000
0.000000 0.000000 2.540000
0.000000 0.000000 2.540000
0.000000 0.000000 2.540000
0.000000 0.000000 2.540000
0.000000 0.000000 2.540000
0.000000 0.000000 2.540000
0.000000 0.000000 2.540000
0.000000 0.000000 2.540000
0.000000 0.000000 2.540000
0.000000 0.000000 2.540000
0.000000 0.000000 2.540000
0.000000 0.000000 2.540000
0.000000 0.000000 2.540000
0.000000 0.000000 2.540000
0.000000 0.000000 2.540000
0.000000 0.000000 2.540000
0.000000 0.000000 2.540000
0.000000 0.000000 2.540000
0.000000 0.000000 2.540000
0.000000 0.000000 2.540000
0.000000 0.000000 2.540000
0.000000 0.000000 2.540000
0.000000 0.000000 2.540000
0.000000 0.000000 2.540000
0.000000 0.000000 2.540000
0.000000 0.000000 2.540000
0.000000 0.000000 2.540000
0.000000 0.000000 2.540000
-2.540000 -0.000000 0.000000
-2.540000 -0.000000 0.000000
-2.466192 -0.607862 0.000000
-2.466192 -0.607862 0.000000
-2.540000 -0.000000 0.000000
-2.466192 -0.607862 0.000000
-2.466192 -0.607862 0.000000
-2.466192 -0.607862 0.000000
-2.249058 -1.180397 0.000000
-2.249058 -1.180397 0.000000
-2.466192 -0.607862 0.000000
-2.249058 -1.180397 0.000000
-2.249058 -1.180397 0.000000
-2.249058 -1.180397 0.000000
-1.901217 -1.684332 0.000000
-1.901217 -1.684332 0.000000
-2.249058 -1.180397 0.000000
-1.901217 -1.684332 0.000000
-1.901217 -1.684332 0.000000
-1.901217 -1.684332 0.000000
-1.442884 -2.090379 0.000000
-1.442884 -2.090379 0.000000
-1.901217 -1.684332 0.000000
-1.442884 -2.090379 0.000000
-1.442884 -2.090379 0.000000
-1.442884 -2.090379 0.000000
-0.900696 -2.374941 0.000000
-0.900696 -2.374941 0.000000
-1.442884 -2.090379 0.000000
-0.900696 -2.374941 0.000000
-0.900696 -2.374941 0.000000
-0.900696 -2.374941 0.000000
-0.306163 -2.521481 0.000000
-0.306163 -2.521481 0.000000
-0.900696 -2.374941 0.000000
-0.306163 -2.521481 0.000000
-0.306163 -2.521481 0.000000
-0.306163 -2.521481 0.000000
0.306163 -2.521481 0.000000
0.306163 -2.521481 0.000000
-0.306163 -2.521481 0.000000
0.306163 -2.521481 0.000000
0.306163 -2.521481 0.000000
0.306163 -2.521481 0.000000
0.900696 -2.374941 0.000000
0.900696 -2.374941 0.000000
0.306163 -2.521481 0.000000
0.900696 -2.374941 0.000000
0.900696 -2.374941 0.000000
0.900696 -2.374941 0.000000
1.442884 -2.090379 0.000000
1.442884 -2.090379 0.000000
0.900696 -2.374941 0.000000
1.442884 -2.090379 0.000000
1.442884 -2.090379 0.000000
1.442884 -2.090379 0.000000
1.901217 -1.684332 0.000000
1.901217 -1.684332 0.000000
1.442884 -2.090379 0.000000
1.901217 -1.684332 0.000000
1.901217 -1.684332 0.000000
1.901217 -1.684332 0.000000
2.249058 -1.180397 0.000000
2.249058 -1.180397 0.000000
1.901217 -1.684332 0.000000
2.249058 -1.180397 0.000000
2.249058 -1.180397 0.000000
2.249058 -1.180397 0.000000
2.466192 -0.607862 0.000000
2.466192 -0.607862 0.000000
2.249058 -1.180397 0.000000
2.466192 -0.607862 0.000000
2.466192 -0.607862 0.000000
2.466192 -0.607862 0.000000
2.540000 0.000000 0.000000
2.540000 0.000000 0.000000
2.466192 -0.607862 0.000000
2.540000 0.000000 0.000000
0.000000 0.000000 -2.540000
0.000000 0.000000 -2.540000
0.000000 0.000000 -2.540000
0.000000 0.000000 -2.540000
0.000000 0.000000 -2.540000
0.000000 0.000000 -2.540000
0.000000 0.000000 -2.540000
0.000000 0.000000 -2.540000
0.000000 0.000000 -2.540000
0.000000 0.000000 -2.540000
0.000000 0.000000 -2.540000
0.000000 0.000000 -2.540000
0.000000 0.000000 -2.540000
0.000000 0.000000 -2.540000
0.000000 0.000000 -2.540000
0.000000 0.000000 -2.540000
0.000000 0.000000 -2.540000
0.000000 0.000000 -2.540000
0.000000 0.000000 -2.540000
0.000000 0.000000 -2.540000
0.000000 0.000000 -2.540000
0.000000 0.000000 -2.540000
0.000000 0.000000 -2.540000
0.000000 0.000000 -2.540000
0.000000 0.000000 -2.540000
0.000000 0.000000 -2.540000
0.000000 0.000000 -2.540000
0.000000 0.000000 -2.540000
0.000000 0.000000 -2.540000
0.000000 0.000000 -2.540000
0.000000 0.000000 -2.540000
0.000000 0.000000 -2.540000
0.000000 0.000000 -2.540000
0.000000 0.000000 -2.540000
0.000000 0.000000 -2.540000
0.000000 0.000000 -2.540000
0.000000 0.000000 -2.540000
0.000000 0.000000 -2.540000
0.000000 0.000000 -2.540000
0.000000 0.000000 -2.540000
0.000000 0.000000 -2.540000
0.000000 0.000000 -2.540000
0.000000 0.000000 -2.540000
0.000000 0.000000 -2.540000
0.000000 0.000000 -2.540000
0.000000 0.000000 -2.540000
0.000000 0.000000 -2.540000
0.000000 0.000000 -2.540000
0.000000 0.000000 -2.540000
0.000000 0.000000 -2.540000
0.000000 0.000000 -2.540000
0.000000 0.000000 -2.540000
0.000000 0.000000 -2.540000
0.000000 0.000000 -2.540000
0.000000 0.000000 -2.540000
0.000000 0.000000 -2.540000
0.000000 0.000000 -2.540000
0.000000 0.000000 -2.540000
0.000000 0.000000 -2.540000
0.000000 0.000000 -2.540000
0.000000 0.000000 -2.540000
0.000000 0.000000 -2.540000
0.000000 0.000000 -2.540000
0.000000 0.000000 -2.540000
0.000000 0.000000 -2.540000
0.000000 0.000000 -2.540000
0.000000 0.000000 -2.540000
0.000000 0.000000 -2.540000
0.000000 0.000000 -2.540000
0.000000 0.000000 -2.540000
0.000000 0.000000 -2.540000
0.000000 0.000000 -2.540000
0.000000 0.000000 -2.540000
0.000000 0.000000 -2.540000
0.000000 0.000000 -2.540000
0.000000 0.000000 -2.540000
0.000000 0.000000 -2.540000
0.000000 0.000000 -2.540000
0.000000 0.000000 -2.540000
0.000000 0.000000 -2.540000
0.000000 0.000000 -2.540000
0.000000 0.000000 -2.540000
0.000000 0.000000 -2.540000
0.000000 0.000000 -2.540000
0.000000 0.000000 -2.540000
0.000000 0.000000 -2.540000
0.000000 0.000000 -2.540000
0.000000 0.000000 -2.540000
0.000000 0.000000 -2.540000
0.000000 0.000000 -2.540000
0.000000 0.000000 -2.540000
0.000000 0.000000 -2.540000
0.000000 0.000000 -2.540000
0.000000 0.000000 -2.540000
0.000000 0.000000 -2.540000
0.000000 0.000000 -2.540000
0.000000 0.000000 -2.540000
0.000000 0.000000 -2.540000
0.000000 0.000000 -2.540000
0.000000 0.000000 -2.540000
0.000000 0.000000 -2.540000
0.000000 0.000000 -2.540000
0.000000 0.000000 -2.540000
0.000000 0.000000 -2.540000
0.000000 0.000000 -2.540000
0.000000 0.000000 -2.540000
0.000000 0.000000 -2.540000
0.000000 0.000000 -2.540000
0.000000 0.000000 -2.540000
0.000000 0.000000 -2.540000
0.000000 0.000000 -2.540000
0.000000 0.000000 -2.540000
0.000000 0.000000 -2.540000
0.000000 0.000000 -2.540000
0.000000 0.000000 -2.540000
0.000000 0.000000 -2.540000
0.000000 0.000000 -2.540000
0.000000 0.000000 -2.540000
0.000000 0.000000 -2.540000
0.000000 0.000000 -2.540000
0.000000 0.000000 -2.540000
0.000000 0.000000 -2.540000
0.000000 0.000000 -2.540000
0.000000 0.000000 -2.540000
0.000000 0.000000 -2.540000
0.000000 0.000000 -2.540000
0.000000 0.000000 -2.540000
0.000000 0.000000 -2.540000
0.000000 0.000000 -2.540000
0.000000 0.000000 -2.540000
0.000000 0.000000 -2.540000
0.000000 0.000000 -2.540000
0.000000 0.000000 -2.540000
0.000000 0.000000 -2.540000
0.000000 0.000000 -2.540000
0.000000 0.000000 -2.540000
0.000000 0.000000 -2.540000
0.000000 0.000000 -2.540000
0.000000 0.000000 -2.540000
0.000000 0.000000 -2.540000
0.000000 0.000000 -2.540000
0.000000 0.000000 -2.540000
0.000000 0.000000 -2.540000
0.000000 0.000000 -2.540000
0.000000 0.000000 -2.540000
0.000000 0.000000 -2.540000
0.000000 0.000000 -2.540000
0.000000 0.000000 2.540000
0.000000 0.000000 2.540000
0.000000 0.000000 2.540000
0.000000 0.000000 2.540000
0.000000 0.000000 2.540000
0.000000 0.000000 2.540000
0.000000 0.000000 2.540000
0.000000 0.000000 2.540000
0.000000 0.000000 2.540000
0.000000 0.000000 2.540000
0.000000 0.000000 2.540000
0.000000 0.000000 2.540000
0.000000 0.000000 2.540000
0.000000 0.000000 2.540000
0.000000 0.000000 2.540000
0.000000 0.000000 2.540000
0.000000 0.000000 2.540000
0.000000 0.000000 2.540000
0.000000 0.000000 2.540000
0.000000 0.000000 2.540000
0.000000 0.000000 2.540000
0.000000 0.000000 2.540000
0.000000 0.000000 2.540000
0.000000 0.000000 2.540000
0.000000 0.000000 2.540000
0.000000 0.000000 2.540000
0.000000 0.000000 2.540000
0.000000 0.000000 2.540000
0.000000 0.000000 2.540000
0.000000 0.000000 2.540000
0.000000 0.000000 2.540000
0.000000 0.000000 2.540000
0.000000 0.000000 2.540000
0.000000 0.000000 2.540000
0.000000 0.000000 2.540000
0.000000 0.000000 2.540000
0.000000 0.000000 2.540000
0.000000 0.000000 2.540000
0.000000 0.000000 2.540000
0.000000 0.000000 2.540000
0.000000 0.000000 2.540000
0.000000 0.000000 2.540000
0.000000 0.000000 2.540000
0.000000 0.000000 2.540000
0.000000 0.000000 2.540000
0.000000 0.000000 2.540000
0.000000 0.000000 2.540000
0.000000 0.000000 2.540000
0.000000 0.000000 2.540000
0.000000 0.000000 2.540000
0.000000 0.000000 2.540000
0.000000 0.000000 2.540000
0.000000 0.000000 2.540000
0.000000 0.000000 2.540000
0.000000 0.000000 2.540000
0.000000 0.000000 2.540000
0.000000 0.000000 2.540000
0.000000 0.000000 2.540000
0.000000 0.000000 2.540000
0.000000 0.000000 2.540000
0.000000 0.000000 2.540000
0.000000 0.000000 2.540000
0.000000 0.000000 2.540000
0.000000 0.000000 2.540000
0.000000 0.000000 2.540000
0.000000 0.000000 2.540000
0.000000 0.000000 2.540000
0.000000 0.000000 2.540000
0.000000 0.000000 2.540000
0.000000 0.000000 2.540000
0.000000 0.000000 2.540000
0.000000 0.000000 2.540000
0.000000 0.000000 2.540000
0.000000 0.000000 2.540000
0.000000 0.000000 2.540000
0.000000 0.000000 2.540000
0.000000 0.000000 2.540000
0.000000 0.000000 2.540000
0.000000 0.000000 2.540000
0.000000 0.000000 2.540000
0.000000 0.000000 2.540000
0.000000 0.000000 2.540000
0.000000 0.000000 2.540000
0.000000 0.000000 2.540000
0.000000 0.000000 2.540000
0.000000 0.000000 2.540000
0.000000 0.000000 2.540000
0.000000 0.000000 2.540000
0.000000 0.000000 2.540000
0.000000 0.000000 2.540000
0.000000 0.000000 2.540000
0.000000 0.000000 2.540000
0.000000 0.000000 2.540000
0.000000 0.000000 2.540000
0.000000 0.000000 2.540000
0.000000 0.000000 2.540000
0.000000 0.000000 2.540000
0.000000 0.000000 2.540000
0.000000 0.000000 2.540000
0.000000 0.000000 2.540000
0.000000 0.000000 2.540000
0.000000 0.000000 2.540000
0.000000 0.000000 2.540000
0.000000 0.000000 2.540000
0.000000 0.000000 2.540000
0.000000 0.000000 2.540000
0.000000 0.000000 2.540000
0.000000 0.000000 2.540000
0.000000 0.000000 2.540000
0.000000 0.000000 2.540000
0.000000 0.000000 2.540000
0.000000 0.000000 2.540000
0.000000 0.000000 2.540000
0.000000 0.000000 2.540000
0.000000 0.000000 2.540000
0.000000 0.000000 2.540000
0.000000 0.000000 2.540000
0.000000 0.000000 2.540000
0.000000 0.000000 2.540000
0.000000 0.000000 2.540000
0.000000 0.000000 2.540000
0.000000 0.000000 2.540000
0.000000 0.000000 2.540000
0.000000 0.000000 2.540000
0.000000 0.000000 2.540000
0.000000 0.000000 2.540000
0.000000 0.000000 2.540000
0.000000 0.000000 2.540000
0.000000 0.000000 2.540000
0.000000 0.000000 2.540000
0.000000 0.000000 2.540000
0.000000 0.000000 2.540000
0.000000 0.000000 2.540000
0.000000 0.000000 2.540000
0.000000 0.000000 2.540000
0.000000 0.000000 2.540000
0.000000 0.000000 2.540000
0.000000 0.000000 2.540000
0.000000 0.000000 2.540000
0.000000 0.000000 2.540000
0.000000 0.000000 2.540000
0.000000 0.000000 2.540000
0.000000 0.000000 2.540000
0.000000 0.000000 2.540000
0.000000 0.000000 2.540000
0.000000 0.000000 2.540000
0.000000 0.000000 2.540000
0.000000 0.000000 -2.540000
0.000000 0.000000 -2.540000
0.000000 0.000000 -2.540000
0.000000 0.000000 -2.540000
0.000000 0.000000 -2.540000
0.000000 0.000000 -2.540000
0.000000 0.000000 -2.540000
0.000000 0.000000 -2.540000
0.000000 0.000000 -2.540000
0.000000 0.000000 -2.540000
0.000000 0.000000 -2.540000
0.000000 0.000000 -2.540000
0.000000 0.000000 -2.540000
0.000000 0.000000 -2.540000
0.000000 0.000000 -2.540000
0.000000 0.000000 -2.540000
0.000000 0.000000 -2.540000
0.000000 0.000000 -2.540000
0.000000 0.000000 -2.540000
0.000000 0.000000 -2.540000
0.000000 0.000000 -2.540000
0.000000 0.000000 -2.540000
0.000000 0.000000 -2.540000
0.000000 0.000000 -2.540000
0.000000 0.000000 -2.540000
0.000000 0.000000 -2.540000
0.000000 0.000000 -2.540000
0.000000 0.000000 -2.540000
0.000000 0.000000 -2.540000
0.000000 0.000000 -2.540000
0.000000 0.000000 -2.540000
0.000000 0.000000 -2.540000
0.000000 0.000000 -2.540000
0.000000 0.000000 -2.540000
0.000000 0.000000 -2.540000
0.000000 0.000000 -2.540000
0.000000 0.000000 -2.540000
0.000000 0.000000 -2.540000
0.000000 0.000000 -2.540000
0.000000 0.000000 -2.540000
0.000000 0.000000 -2.540000
0.000000 0.000000 -2.540000
0.000000 0.000000 -2.540000
0.000000 0.000000 -2.540000
0.000000 0.000000 -2.540000
0.000000 0.000000 -2.540000
0.000000 0.000000 -2.540000
0.000000 0.000000 -2.540000
0.000000 0.000000 -2.540000
0.000000 0.000000 -2.540000
0.000000 0.000000 -2.540000
0.000000 0.000000 -2.540000
0.000000 0.000000 -2.540000
0.000000 0.000000 -2.540000
0.000000 0.000000 -2.540000
0.000000 0.000000 -2.540000
0.000000 0.000000 -2.540000
0.000000 0.000000 -2.540000
0.000000 0.000000 -2.540000
0.000000 0.000000 -2.540000
0.000000 0.000000 -2.540000
0.000000 0.000000 -2.540000
0.000000 0.000000 -2.540000
0.000000 0.000000 -2.540000
0.000000 0.000000 -2.540000
0.000000 0.000000 -2.540000
0.000000 0.000000 -2.540000
0.000000 0.000000 -2.540000
0.000000 0.000000 -2.540000
0.000000 0.000000 -2.540000
0.000000 0.000000 -2.540000
0.000000 0.000000 -2.540000
0.000000 0.000000 -2.540000
0.000000 0.000000 -2.540000
0.000000 0.000000 -2.540000
0.000000 0.000000 -2.540000
0.000000 0.000000 -2.540000
0.000000 0.000000 -2.540000
0.000000 0.000000 -2.540000
0.000000 0.000000 -2.540000
0.000000 0.000000 -2.540000
0.000000 0.000000 -2.540000
0.000000 0.000000 -2.540000
0.000000 0.000000 -2.540000
0.000000 0.000000 -2.540000
0.000000 0.000000 -2.540000
0.000000 0.000000 -2.540000
0.000000 0.000000 -2.540000
0.000000 0.000000 -2.540000
0.000000 0.000000 -2.540000
0.000000 0.000000 -2.540000
0.000000 0.000000 -2.540000
0.000000 0.000000 -2.540000
0.000000 0.000000 -2.540000
0.000000 0.000000 -2.540000
0.000000 0.000000 -2.540000
0.000000 0.000000 -2.540000
0.000000 0.000000 -2.540000
0.000000 0.000000 -2.540000
0.000000 0.000000 -2.540000
0.000000 0.000000 -2.540000
0.000000 0.000000 -2.540000
0.000000 0.000000 -2.540000
0.000000 0.000000 -2.540000
0.000000 0.000000 -2.540000
0.000000 0.000000 -2.540000
0.000000 0.000000 -2.540000
0.000000 0.000000 -2.540000
0.000000 0.000000 -2.540000
0.000000 0.000000 -2.540000
0.000000 0.000000 -2.540000
0.000000 0.000000 -2.540000
0.000000 0.000000 -2.540000
0.000000 0.000000 -2.540000
0.000000 0.000000 -2.540000
0.000000 0.000000 -2.540000
0.000000 0.000000 -2.540000
0.000000 0.000000 -2.540000
0.000000 0.000000 -2.540000
0.000000 0.000000 -2.540000
0.000000 0.000000 -2.540000
0.000000 0.000000 -2.540000
0.000000 0.000000 -2.540000
0.000000 0.000000 -2.540000
0.000000 0.000000 -2.540000
0.000000 0.000000 -2.540000
0.000000 0.000000 -2.540000
0.000000 0.000000 -2.540000
0.000000 0.000000 -2.540000
0.000000 0.000000 -2.540000
0.000000 0.000000 -2.540000
0.000000 0.000000 -2.540000
0.000000 0.000000 -2.540000
0.000000 0.000000 -2.540000
0.000000 0.000000 -2.540000
0.000000 0.000000 -2.540000
0.000000 0.000000 -2.540000
0.000000 0.000000 -2.540000
0.000000 0.000000 -2.540000
0.000000 0.000000 -2.540000
0.000000 0.000000 -2.540000
0.000000 0.000000 -2.540000
0.000000 0.000000 -2.540000
0.000000 0.000000 -2.540000
0.000000 0.000000 -2.540000
0.000000 0.000000 -2.540000
0.000000 0.000000 -2.540000
0.000000 0.000000 -2.540000
0.000000 0.000000 -2.540000
0.000000 0.000000 -2.540000
0.000000 0.000000 -2.540000
0.000000 0.000000 -2.540000
0.000000 0.000000 -2.540000
0.000000 0.000000 2.540000
0.000000 0.000000 2.540000
-0.607862 0.000000 2.466192
-0.607862 0.000000 2.466192
0.000000 0.000000 2.540000
-0.607862 0.000000 2.466192
-0.607862 0.000000 2.466192
-0.607862 0.000000 2.466192
-1.180397 0.000000 2.249058
-1.180397 0.000000 2.249058
-0.607862 0.000000 2.466192
-1.180397 0.000000 2.249058
-1.180397 0.000000 2.249058
-1.180397 0.000000 2.249058
-1.480721 0.000000 2.063750
-1.480721 0.000000 2.063750
-1.180397 0.000000 2.249058
-1.495257 0.000000 2.053243
-1.495257 0.000000 2.053243
-1.180397 0.000000 2.249058
-1.536536 0.000000 2.022537
-1.536536 0.000000 2.022537
-1.180397 0.000000 2.249058
-1.684332 0.000000 1.901217
-1.536536 0.000000 2.022537
-1.684332 0.000000 1.901217
-1.680737 0.000000 1.904395
-1.680737 0.000000 1.904395
-1.684332 0.000000 1.901217
-1.870280 0.000000 1.718620
-1.870280 0.000000 1.718620
-1.684332 0.000000 1.901217
-2.090379 0.000000 1.442884
-1.870280 0.000000 1.718620
-2.090379 0.000000 1.442884
-2.065898 0.000000 1.477723
-2.065898 0.000000 1.477723
-2.090379 0.000000 1.442884
-2.248256 0.000000 1.181924
-2.248256 0.000000 1.181924
-2.090379 0.000000 1.442884
-2.374941 0.000000 0.900696
-2.248256 0.000000 1.181924
-2.374941 0.000000 0.900696
-2.402830 0.000000 0.823413
-2.402830 0.000000 0.823413
-2.374941 0.000000 0.900696
-2.504989 0.000000 0.420276
-2.504989 0.000000 0.420276
-2.374941 0.000000 0.900696
-2.521481 0.000000 0.306163
-2.504989 0.000000 0.420276
-2.521481 0.000000 0.306163
-2.531281 0.000000 0.210274
-2.531281 0.000000 0.210274
-2.521481 0.000000 0.306163
-2.540000 0.000000 -0.000000
-2.540000 0.000000 -0.000000
-2.521481 0.000000 0.306163
-2.521481 0.000000 -0.306163
-2.540000 0.000000 -0.000000
-2.521481 0.000000 -0.306163
-2.531281 0.000000 -0.210274
-2.531281 0.000000 -0.210274
-2.521481 0.000000 -0.306163
-2.504989 0.000000 -0.420276
-2.504989 0.000000 -0.420276
-2.521481 0.000000 -0.306163
-2.374941 0.000000 -0.900696
-2.504989 0.000000 -0.420276
-2.374941 0.000000 -0.900696
-2.402830 0.000000 -0.823413
-2.402830 0.000000 -0.823413
-2.374941 0.000000 -0.900696
-2.248256 0.000000 -1.181924
-2.248256 0.000000 -1.181924
-2.374941 0.000000 -0.900696
-2.090379 0.000000 -1.442884
-2.248256 0.000000 -1.181924
-2.090379 0.000000 -1.442884
-2.065898 0.000000 -1.477723
-2.065898 0.000000 -1.477723
-2.090379 0.000000 -1.442884
-1.870280 0.000000 -1.718620
-1.870280 0.000000 -1.718620
-2.090379 0.000000 -1.442884
-1.684332 0.000000 -1.901217
-1.870280 0.000000 -1.718620
-1.684332 0.000000 -1.901217
-1.680737 0.000000 -1.904395
-1.680737 0.000000 -1.904395
-1.684332 0.000000 -1.901217
-1.536536 0.000000 -2.022537
-1.536536 0.000000 -2.022537
-1.684332 0.000000 -1.901217
-1.495257 0.000000 -2.053243
-1.495257 0.000000 -2.053243
-1.684332 0.000000 -1.901217
-1.180397 0.000000 -2.249058
-1.495257 0.000000 -2.053243
-1.180397 0.000000 -2.249058
-1.480721 0.000000 -2.063750
-1.480721 0.000000 -2.063750
-1.180397 0.000000 -2.249058
-1.180397 0.000000 -2.249058
-1.480721 0.000000 -2.063750
-1.180397 0.000000 -2.249058
-1.495257 0.000000 -2.053243
-1.495257 0.000000 -2.053243
-1.180397 0.000000 -2.249058
-1.684332 0.000000 -1.901217
-1.495257 0.000000 -2.053243
-1.684332 0.000000 -1.901217
-1.536536 0.000000 -2.022537
-1.536536 0.000000 -2.022537
-1.684332 0.000000 -1.901217
-1.680737 0.000000 -1.904395
-1.680737 0.000000 -1.904395
-1.684332 0.000000 -1.901217
-1.870280 0.000000 -1.718620
-1.870280 0.000000 -1.718620
-1.684332 0.000000 -1.901217
-2.090379 0.000000 -1.442884
-1.870280 0.000000 -1.718620
-2.090379 0.000000 -1.442884
-2.065898 0.000000 -1.477723
-2.065898 0.000000 -1.477723
-2.090379 0.000000 -1.442884
-2.248256 0.000000 -1.181924
-2.248256 0.000000 -1.181924
-2.090379 0.000000 -1.442884
-2.374941 0.000000 -0.900696
-2.248256 0.000000 -1.181924
-2.374941 0.000000 -0.900696
-2.402830 0.000000 -0.823413
-2.402830 0.000000 -0.823413
-2.374941 0.000000 -0.900696
-2.504989 0.000000 -0.420276
-2.504989 0.000000 -0.420276
-2.374941 0.000000 -0.900696
-2.521481 0.000000 -0.306163
-2.504989 0.000000 -0.420276
-2.521481 0.000000 -0.306163
-2.531281 0.000000 -0.210274
-2.531281 0.000000 -0.210274
-2.521481 0.000000 -0.306163
-2.540000 0.000000 -0.000000
-2.540000 0.000000 -0.000000
-2.521481 0.000000 -0.306163
-2.521481 0.000000 0.306163
-2.540000 0.000000 -0.000000
-2.521481 0.000000 0.306163
-2.531281 0.000000 0.210274
-2.531281 0.000000 0.210274
-2.521481 0.000000 0.306163
-2.504989 0.000000 0.420276
-2.504989 0.000000 0.420276
-2.521481 0.000000 0.306163
-2.374941 0.000000 0.900696
-2.504989 0.000000 0.420276
-2.374941 0.000000 0.900696
-2.402830 0.000000 0.823413
-2.402830 0.000000 0.823413
-2.374941 0.000000 0.900696
-2.248256 0.000000 1.181924
-2.248256 0.000000 1.181924
-2.374941 0.000000 0.900696
-2.090379 0.000000 1.442884
-2.248256 0.000000 1.181924
-2.090379 0.000000 1.442884
-2.065898 0.000000 1.477723
-2.065898 0.000000 1.477723
-2.090379 0.000000 1.442884
-1.870280 0.000000 1.718620
-1.870280 0.000000 1.718620
-2.090379 0.000000 1.442884
-1.684332 0.000000 1.901217
-1.870280 0.000000 1.718620
-1.684332 0.000000 1.901217
-1.680737 0.000000 1.904395
-1.680737 0.000000 1.904395
-1.684332 0.000000 1.901217
-1.536536 0.000000 2.022537
-1.536536 0.000000 2.022537
-1.684332 0.000000 1.901217
-1.180397 0.000000 2.249058
-1.536536 0.000000 2.022537
-1.180397 0.000000 2.249058
-1.495257 0.000000 2.053243
-1.495257 0.000000 2.053243
-1.180397 0.000000 2.249058
-1.480721 0.000000 2.063750
-1.180397 0.000000 -2.249058
-1.180397 0.000000 -2.249058
-0.607862 0.000000 -2.466192
-0.607862 0.000000 -2.466192
-1.180397 0.000000 -2.249058
-0.607862 0.000000 -2.466192
-0.607862 0.000000 -2.466192
-0.607862 0.000000 -2.466192
0.000000 0.000000 -2.540000
0.000000 0.000000 -2.540000
-0.607862 0.000000 -2.466192
0.000000 0.000000 -2.540000
0.000000 0.000000 2.540000
0.000000 0.000000 2.540000
-0.607862 0.000000 2.466192
-0.607862 0.000000 2.466192
0.000000 0.000000 2.540000
-0.607862 0.000000 2.466192
-0.607862 0.000000 2.466192
-0.607862 0.000000 2.466192
-1.180397 0.000000 2.249058
-1.180397 0.000000 2.249058
-0.607862 0.000000 2.466192
-1.180397 0.000000 2.249058
-1.180397 0.000000 2.249058
-1.180397 0.000000 2.249058
-1.480721 0.000000 2.063750
-1.480721 0.000000 2.063750
-1.180397 0.000000 2.249058
-1.495257 0.000000 2.053243
-1.495257 0.000000 2.053243
-1.180397 0.000000 2.249058
-1.536536 0.000000 2.022537
-1.536536 0.000000 2.022537
-1.180397 0.000000 2.249058
-1.684332 0.000000 1.901217
-1.536536 0.000000 2.022537
-1.684332 0.000000 1.901217
-1.680737 0.000000 1.904395
-1.680737 0.000000 1.904395
-1.684332 0.000000 1.901217
-1.870280 0.000000 1.718620
-1.870280 0.000000 1.718620
-1.684332 0.000000 1.901217
-2.090379 0.000000 1.442884
-1.870280 0.000000 1.718620
-2.090379 0.000000 1.442884
-2.065898 0.000000 1.477723
-2.065898 0.000000 1.477723
-2.090379 0.000000 1.442884
-2.248256 0.000000 1.181924
-2.248256 0.000000 1.181924
-2.090379 0.000000 1.442884
-2.374941 0.000000 0.900696
-2.248256 0.000000 1.181924
-2.374941 0.000000 0.900696
-2.402830 0.000000 0.823413
-2.402830 0.000000 0.823413
-2.374941 0.000000 0.900696
-2.504989 0.000000 0.420276
-2.504989 0.000000 0.420276
-2.374941 0.000000 0.900696
-2.521481 0.000000 0.306163
-2.504989 0.000000 0.420276
-2.521481 0.000000 0.306163
-2.531281 0.000000 0.210274
-2.531281 0.000000 0.210274
-2.521481 0.000000 0.306163
-2.540000 0.000000 -0.000000
-2.540000 0.000000 -0.000000
-2.521481 0.000000 0.306163
-2.521481 0.000000 -0.306163
-2.540000 0.000000 -0.000000
-2.521481 0.000000 -0.306163
-2.531281 0.000000 -0.210274
-2.531281 0.000000 -0.210274
-2.521481 0.000000 -0.306163
-2.504989 0.000000 -0.420276
-2.504989 0.000000 -0.420276
-2.521481 0.000000 -0.306163
-2.374941 0.000000 -0.900696
-2.504989 0.000000 -0.420276
-2.374941 0.000000 -0.900696
-2.402830 0.000000 -0.823413
-2.402830 0.000000 -0.823413
-2.374941 0.000000 -0.900696
-2.248256 0.000000 -1.181924
-2.248256 0.000000 -1.181924
-2.374941 0.000000 -0.900696
-2.090379 0.000000 -1.442884
-2.248256 0.000000 -1.181924
-2.090379 0.000000 -1.442884
-2.065898 0.000000 -1.477723
-2.065898 0.000000 -1.477723
-2.090379 0.000000 -1.442884
-1.870280 0.000000 -1.718620
-1.870280 0.000000 -1.718620
-2.090379 0.000000 -1.442884
-1.684332 0.000000 -1.901217
-1.870280 0.000000 -1.718620
-1.684332 0.000000 -1.901217
-1.680737 0.000000 -1.904395
-1.680737 0.000000 -1.904395
-1.684332 0.000000 -1.901217
-1.536536 0.000000 -2.022537
-1.536536 0.000000 -2.022537
-1.684332 0.000000 -1.901217
-1.495257 0.000000 -2.053243
-1.495257 0.000000 -2.053243
-1.684332 0.000000 -1.901217
-1.180397 0.000000 -2.249058
-1.495257 0.000000 -2.053243
-1.180397 0.000000 -2.249058
-1.480721 0.000000 -2.063750
-1.480721 0.000000 -2.063750
-1.180397 0.000000 -2.249058
-1.180397 0.000000 -2.249058
-1.480721 0.000000 -2.063750
-1.180397 0.000000 -2.249058
-1.495257 0.000000 -2.053243
-1.495257 0.000000 -2.053243
-1.180397 0.000000 -2.249058
-1.684332 0.000000 -1.901217
-1.495257 0.000000 -2.053243
-1.684332 0.000000 -1.901217
-1.536536 0.000000 -2.022537
-1.536536 0.000000 -2.022537
-1.684332 0.000000 -1.901217
-1.680737 0.000000 -1.904395
-1.680737 0.000000 -1.904395
-1.684332 0.000000 -1.901217
-1.870280 0.000000 -1.718620
-1.870280 0.000000 -1.718620
-1.684332 0.000000 -1.901217
-2.090379 0.000000 -1.442884
-1.870280 0.000000 -1.718620
-2.090379 0.000000 -1.442884
-2.065898 0.000000 -1.477723
-2.065898 0.000000 -1.477723
-2.090379 0.000000 -1.442884
-2.248256 0.000000 -1.181924
-2.248256 0.000000 -1.181924
-2.090379 0.000000 -1.442884
-2.374941 0.000000 -0.900696
-2.248256 0.000000 -1.181924
-2.374941 0.000000 -0.900696
-2.402830 0.000000 -0.823413
-2.402830 0.000000 -0.823413
-2.374941 0.000000 -0.900696
-2.504989 0.000000 -0.420276
-2.504989 0.000000 -0.420276
-2.374941 0.000000 -0.900696
-2.521481 0.000000 -0.306163
-2.504989 0.000000 -0.420276
-2.521481 0.000000 -0.306163
-2.531281 0.000000 -0.210274
-2.531281 0.000000 -0.210274
-2.521481 0.000000 -0.306163
-2.540000 0.000000 -0.000000
-2.540000 0.000000 -0.000000
-2.521481 0.000000 -0.306163
-2.521481 0.000000 0.306163
-2.540000 0.000000 -0.000000
-2.521481 0.000000 0.306163
-2.531281 0.000000 0.210274
-2.531281 0.000000 0.210274
-2.521481 0.000000 0.306163
-2.504989 0.000000 0.420276
-2.504989 0.000000 0.420276
-2.521481 0.000000 0.306163
-2.374941 0.000000 0.900696
-2.504989 0.000000 0.420276
-2.374941 0.000000 0.900696
-2.402830 0.000000 0.823413
-2.402830 0.000000 0.823413
-2.374941 0.000000 0.900696
-2.248256 0.000000 1.181924
-2.248256 0.000000 1.181924
-2.374941 0.000000 0.900696
-2.090379 0.000000 1.442884
-2.248256 0.000000 1.181924
-2.090379 0.000000 1.442884
-2.065898 0.000000 1.477723
-2.065898 0.000000 1.477723
-2.090379 0.000000 1.442884
-1.870280 0.000000 1.718620
-1.870280 0.000000 1.718620
-2.090379 0.000000 1.442884
-1.684332 0.000000 1.901217
-1.870280 0.000000 1.718620
-1.684332 0.000000 1.901217
-1.680737 0.000000 1.904395
-1.680737 0.000000 1.904395
-1.684332 0.000000 1.901217
-1.536536 0.000000 2.022537
-1.536536 0.000000 2.022537
-1.684332 0.000000 1.901217
-1.180397 0.000000 2.249058
-1.536536 0.000000 2.022537
-1.180397 0.000000 2.249058
-1.495257 0.000000 2.053243
-1.495257 0.000000 2.053243
-1.180397 0.000000 2.249058
-1.480721 0.000000 2.063750
-1.180397 0.000000 -2.249058
-1.180397 0.000000 -2.249058
-0.607862 0.000000 -2.466192
-0.607862 0.000000 -2.466192
-1.180397 0.000000 -2.249058
-0.607862 0.000000 -2.466192
-0.607862 0.000000 -2.466192
-0.607862 0.000000 -2.466192
0.000000 0.000000 -2.540000
0.000000 0.000000 -2.540000
-0.607862 0.000000 -2.466192
0.000000 0.000000 -2.540000
0.000000 2.540000 0.000000
0.000000 2.540000 0.000000
0.000000 2.540000 0.000000
0.000000 2.540000 0.000000
0.000000 2.540000 0.000000
0.000000 2.540000 0.000000
0.000000 2.540000 0.000000
0.000000 2.540000 0.000000
0.000000 2.540000 0.000000
0.000000 2.540000 0.000000
0.000000 2.540000 0.000000
0.000000 2.540000 0.000000
0.000000 2.540000 0.000000
0.000000 2.540000 0.000000
0.000000 2.540000 0.000000
0.000000 2.540000 0.000000
0.000000 2.540000 0.000000
0.000000 2.540000 0.000000
0.000000 2.540000 0.000000
0.000000 2.540000 0.000000
0.000000 2.540000 0.000000
0.000000 2.540000 0.000000
0.000000 2.540000 0.000000
0.000000 2.540000 0.000000
0.000000 2.540000 0.000000
0.000000 2.540000 0.000000
0.000000 2.540000 0.000000
0.000000 2.540000 0.000000
0.000000 2.540000 0.000000
0.000000 2.540000 0.000000
0.000000 2.540000 0.000000
0.000000 2.540000 0.000000
0.000000 2.540000 0.000000
0.000000 2.540000 0.000000
0.000000 2.540000 0.000000
0.000000 2.540000 0.000000
0.000000 2.540000 0.000000
0.000000 2.540000 0.000000
0.000000 2.540000 0.000000
0.000000 2.540000 0.000000
0.000000 2.540000 0.000000
0.000000 2.540000 0.000000
0.000000 2.540000 0.000000
0.000000 2.540000 0.000000
0.000000 2.540000 0.000000
0.000000 2.540000 0.000000
0.000000 2.540000 0.000000
0.000000 2.540000 0.000000
0.000000 2.540000 0.000000
0.000000 2.540000 0.000000
0.000000 2.540000 0.000000
0.000000 2.540000 0.000000
0.000000 2.540000 0.000000
0.000000 2.540000 0.000000
0.000000 2.540000 0.000000
0.000000 2.540000 0.000000
0.000000 2.540000 0.000000
0.000000 2.540000 0.000000
0.000000 2.540000 0.000000
0.000000 2.540000 0.000000
0.000000 2.540000 0.000000
0.000000 2.540000 0.000000
0.000000 2.540000 0.000000
0.000000 2.540000 0.000000
0.000000 2.540000 0.000000
0.000000 2.540000 0.000000
0.000000 2.540000 0.000000
0.000000 2.540000 0.000000
0.000000 2.540000 0.000000
0.000000 2.540000 0.000000
0.000000 2.540000 0.000000
0.000000 2.540000 0.000000
0.000000 2.540000 0.000000
0.000000 2.540000 0.000000
0.000000 2.540000 0.000000
0.000000 2.540000 0.000000
0.000000 2.540000 0.000000
0.000000 2.540000 0.000000
0.000000 -2.540000 0.000000
0.000000 -2.540000 0.000000
0.000000 -2.540000 0.000000
0.000000 -2.540000 0.000000
0.000000 -2.540000 0.000000
0.000000 -2.540000 0.000000
0.000000 -2.540000 0.000000
0.000000 -2.540000 0.000000
0.000000 -2.540000 0.000000
0.000000 -2.540000 0.000000
0.000000 -2.540000 0.000000
0.000000 -2.540000 0.000000
0.000000 -2.540000 0.000000
0.000000 -2.540000 0.000000
0.000000 -2.540000 0.000000
0.000000 -2.540000 0.000000
0.000000 -2.540000 0.000000
0.000000 -2.540000 0.000000
0.000000 -2.540000 0.000000
0.000000 -2.540000 0.000000
0.000000 -2.540000 0.000000
0.000000 -2.540000 0.000000
0.000000 -2.540000 0.000000
0.000000 -2.540000 0.000000
0.000000 -2.540000 0.000000
0.000000 -2.540000 0.000000
0.000000 -2.540000 0.000000
0.000000 -2.540000 0.000000
0.000000 -2.540000 0.000000
0.000000 -2.540000 0.000000
0.000000 -2.540000 0.000000
0.000000 -2.540000 0.000000
0.000000 -2.540000 0.000000
0.000000 -2.540000 0.000000
0.000000 -2.540000 0.000000
0.000000 -2.540000 0.000000
0.000000 -2.540000 0.000000
0.000000 -2.540000 0.000000
0.000000 -2.540000 0.000000
0.000000 -2.540000 0.000000
0.000000 -2.540000 0.000000
0.000000 -2.540000 0.000000
0.000000 -2.540000 0.000000
0.000000 -2.540000 0.000000
0.000000 -2.540000 0.000000
0.000000 -2.540000 0.000000
0.000000 -2.540000 0.000000
0.000000 -2.540000 0.000000
0.000000 -2.540000 0.000000
0.000000 -2.540000 0.000000
0.000000 -2.540000 0.000000
0.000000 -2.540000 0.000000
0.000000 -2.540000 0.000000
0.000000 -2.540000 0.000000
0.000000 -2.540000 0.000000
0.000000 -2.540000 0.000000
0.000000 -2.540000 0.000000
0.000000 -2.540000 0.000000
0.000000 -2.540000 0.000000
0.000000 -2.540000 0.000000
0.000000 -2.540000 0.000000
0.000000 -2.540000 0.000000
0.000000 -2.540000 0.000000
0.000000 -2.540000 0.000000
0.000000 -2.540000 0.000000
0.000000 -2.540000 0.000000
0.000000 -2.540000 0.000000
0.000000 -2.540000 0.000000
0.000000 -2.540000 0.000000
0.000000 -2.540000 0.000000
0.000000 -2.540000 0.000000
0.000000 -2.540000 0.000000
0.000000 -2.540000 0.000000
0.000000 -2.540000 0.000000
0.000000 -2.540000 0.000000
0.000000 -2.540000 0.000000
0.000000 -2.540000 0.000000
0.000000 -2.540000 0.000000
0.000000 2.540000 0.000000
0.000000 2.540000 0.000000
0.000000 2.540000 0.000000
0.000000 2.540000 0.000000
0.000000 2.540000 0.000000
0.000000 2.540000 0.000000
0.000000 2.540000 0.000000
0.000000 2.540000 0.000000
0.000000 2.540000 0.000000
0.000000 2.540000 0.000000
0.000000 2.540000 0.000000
0.000000 2.540000 0.000000
0.000000 2.540000 0.000000
0.000000 2.540000 0.000000
0.000000 2.540000 0.000000
0.000000 2.540000 0.000000
0.000000 2.540000 0.000000
0.000000 2.540000 0.000000
0.000000 2.540000 0.000000
0.000000 2.540000 0.000000
0.000000 2.540000 0.000000
0.000000 2.540000 0.000000
0.000000 2.540000 0.000000
0.000000 2.540000 0.000000
0.000000 2.540000 0.000000
0.000000 2.540000 0.000000
0.000000 2.540000 0.000000
0.000000 2.540000 0.000000
0.000000 2.540000 0.000000
0.000000 2.540000 0.000000
0.000000 2.540000 0.000000
0.000000 2.540000 0.000000
0.000000 2.540000 0.000000
0.000000 2.540000 0.000000
0.000000 2.540000 0.000000
0.000000 2.540000 0.000000
0.000000 2.540000 0.000000
0.000000 2.540000 0.000000
0.000000 2.540000 0.000000
0.000000 2.540000 0.000000
0.000000 2.540000 0.000000
0.000000 2.540000 0.000000
0.000000 -2.540000 0.000000
0.000000 -2.540000 0.000000
0.000000 -2.540000 0.000000
0.000000 -2.540000 0.000000
0.000000 -2.540000 0.000000
0.000000 -2.540000 0.000000
0.000000 -2.540000 0.000000
0.000000 -2.540000 0.000000
0.000000 -2.540000 0.000000
0.000000 -2.540000 0.000000
0.000000 -2.540000 0.000000
0.000000 -2.540000 0.000000
0.000000 -2.540000 0.000000
0.000000 -2.540000 0.000000
0.000000 -2.540000 0.000000
0.000000 -2.540000 0.000000
0.000000 -2.540000 0.000000
0.000000 -2.540000 0.000000
0.000000 -2.540000 0.000000
0.000000 -2.540000 0.000000
0.000000 -2.540000 0.000000
0.000000 -2.540000 0.000000
0.000000 -2.540000 0.000000
0.000000 -2.540000 0.000000
0.000000 -2.540000 0.000000
0.000000 -2.540000 0.000000
0.000000 -2.540000 0.000000
0.000000 -2.540000 0.000000
0.000000 -2.540000 0.000000
0.000000 -2.540000 0.000000
0.000000 -2.540000 0.000000
0.000000 -2.540000 0.000000
0.000000 -2.540000 0.000000
0.000000 -2.540000 0.000000
0.000000 -2.540000 0.000000
0.000000 -2.540000 0.000000
0.000000 -2.540000 0.000000
0.000000 -2.540000 0.000000
0.000000 -2.540000 0.000000
0.000000 -2.540000 0.000000
0.000000 -2.540000 0.000000
0.000000 -2.540000 0.000000
2.540000 -0.000000 0.000000
2.540000 -0.000000 0.000000
2.466192 0.607862 0.000000
2.466192 0.607862 0.000000
2.540000 -0.000000 0.000000
2.466192 0.607862 0.000000
2.466192 0.607862 0.000000
2.466192 0.607862 0.000000
2.249058 1.180397 0.000000
2.249058 1.180397 0.000000
2.466192 0.607862 0.000000
2.249058 1.180397 0.000000
2.249058 1.180397 0.000000
2.249058 1.180397 0.000000
1.901217 1.684332 0.000000
1.901217 1.684332 0.000000
2.249058 1.180397 0.000000
1.901217 1.684332 0.000000
1.901217 1.684332 0.000000
1.901217 1.684332 0.000000
1.442884 2.090379 0.000000
1.442884 2.090379 0.000000
1.901217 1.684332 0.000000
1.442884 2.090379 0.000000
1.442884 2.090379 0.000000
1.442884 2.090379 0.000000
0.900696 2.374941 0.000000
0.900696 2.374941 0.000000
1.442884 2.090379 0.000000
0.900696 2.374941 0.000000
0.900696 2.374941 0.000000
0.900696 2.374941 0.000000
0.306163 2.521481 0.000000
0.306163 2.521481 0.000000
0.900696 2.374941 0.000000
0.306163 2.521481 0.000000
0.306163 2.521481 0.000000
0.306163 2.521481 0.000000
-0.306163 2.521481 0.000000
-0.306163 2.521481 0.000000
0.306163 2.521481 0.000000
-0.306163 2.521481 0.000000
-0.306163 2.521481 0.000000
-0.306163 2.521481 0.000000
-0.900696 2.374941 0.000000
-0.900696 2.374941 0.000000
-0.306163 2.521481 0.000000
-0.900696 2.374941 0.000000
-0.900696 2.374941 0.000000
-0.900696 2.374941 0.000000
-1.442884 2.090379 0.000000
-1.442884 2.090379 0.000000
-0.900696 2.374941 0.000000
-1.442884 2.090379 0.000000
-1.442884 2.090379 0.000000
-1.442884 2.090379 0.000000
-1.901217 1.684332 0.000000
-1.901217 1.684332 0.000000
-1.442884 2.090379 0.000000
-1.901217 1.684332 0.000000
-1.901217 1.684332 0.000000
-1.901217 1.684332 0.000000
-2.249058 1.180397 0.000000
-2.249058 1.180397 0.000000
-1.901217 1.684332 0.000000
-2.249058 1.180397 0.000000
-2.249058 1.180397 0.000000
-2.249058 1.180397 0.000000
-2.466192 0.607862 0.000000
-2.466192 0.607862 0.000000
-2.249058 1.180397 0.000000
-2.466192 0.607862 0.000000
-2.466192 0.607862 0.000000
-2.466192 0.607862 0.000000
-2.540000 -0.000000 0.000000
-2.540000 -0.000000 0.000000
-2.466192 0.607862 0.000000
-2.540000 -0.000000 0.000000
-2.540000 0.000000 0.000000
-2.540000 0.000000 0.000000
-2.540000 0.000000 0.000000
-2.540000 0.000000 0.000000
-2.540000 0.000000 0.000000
-2.540000 -0.000000 0.000000
-2.540000 0.000000 0.000000
-2.540000 -0.000000 0.000000
-2.540000 0.000000 0.000000
-2.540000 0.000000 0.000000
-2.540000 -0.000000 0.000000
-2.540000 -0.000000 0.000000
-2.540000 0.000000 0.000000
-2.540000 0.000000 0.000000
-2.540000 0.000000 0.000000
-2.540000 0.000000 0.000000
-2.540000 0.000000 0.000000
-2.540000 0.000000 0.000000
-2.540000 0.000000 0.000000
-2.540000 0.000000 0.000000
-2.540000 0.000000 0.000000
-2.540000 0.000000 0.000000
-2.476317 -0.565203 0.000000
-2.540000 0.000000 0.000000
-2.540000 0.000000 0.000000
-2.476317 -0.565203 0.000000
-2.466192 -0.607862 0.000000
-2.466192 -0.607862 0.000000
-2.476317 -0.565203 0.000000
-2.288461 -1.102065 0.000000
-2.466192 -0.607862 0.000000
-2.288461 -1.102065 0.000000
-2.249058 -1.180397 0.000000
-2.249058 -1.180397 0.000000
-2.288461 -1.102065 0.000000
-1.985852 -1.583664 0.000000
-2.249058 -1.180397 0.000000
-1.985852 -1.583664 0.000000
-1.901217 -1.684332 0.000000
-1.901217 -1.684332 0.000000
-1.985852 -1.583664 0.000000
-1.583664 -1.985852 0.000000
-1.901217 -1.684332 0.000000
-1.583664 -1.985852 0.000000
-1.442884 -2.090379 0.000000
-1.442884 -2.090379 0.000000
-1.583664 -1.985852 0.000000
-1.102065 -2.288461 0.000000
-1.442884 -2.090379 0.000000
-1.102065 -2.288461 0.000000
-0.900696 -2.374941 0.000000
-0.900696 -2.374941 0.000000
-1.102065 -2.288461 0.000000
-0.565203 -2.476317 0.000000
-0.900696 -2.374941 0.000000
-0.565203 -2.476317 0.000000
-0.306163 -2.521481 0.000000
-0.306163 -2.521481 0.000000
-0.565203 -2.476317 0.000000
-0.000000 -2.540000 0.000000
-0.306163 -2.521481 0.000000
-0.000000 -2.540000 0.000000
0.306163 -2.521481 0.000000
0.306163 -2.521481 0.000000
-0.000000 -2.540000 0.000000
-0.000000 -2.540000 0.000000
0.306163 -2.521481 0.000000
-0.000000 -2.540000 0.000000
0.607862 -2.466192 0.000000
0.306163 -2.521481 0.000000
0.607862 -2.466192 0.000000
0.900696 -2.374941 0.000000
0.900696 -2.374941 0.000000
0.607862 -2.466192 0.000000
1.180397 -2.249058 0.000000
0.900696 -2.374941 0.000000
1.180397 -2.249058 0.000000
1.442884 -2.090379 0.000000
1.442884 -2.090379 0.000000
1.180397 -2.249058 0.000000
1.684332 -1.901217 0.000000
1.442884 -2.090379 0.000000
1.684332 -1.901217 0.000000
1.901217 -1.684332 0.000000
1.901217 -1.684332 0.000000
1.684332 -1.901217 0.000000
2.090379 -1.442884 0.000000
1.901217 -1.684332 0.000000
2.090379 -1.442884 0.000000
2.249058 -1.180397 0.000000
2.249058 -1.180397 0.000000
2.090379 -1.442884 0.000000
2.374941 -0.900696 0.000000
2.249058 -1.180397 0.000000
2.374941 -0.900696 0.000000
2.466192 -0.607862 0.000000
2.466192 -0.607862 0.000000
2.374941 -0.900696 0.000000
2.521481 -0.306163 0.000000
2.466192 -0.607862 0.000000
2.521481 -0.306163 0.000000
2.540000 -0.000000 0.000000
2.540000 -0.000000 0.000000
2.521481 -0.306163 0.000000
2.540000 -0.000000 0.000000
2.540000 -0.000000 0.000000
2.521481 -0.306163 0.000000
2.540000 -0.000000 0.000000
2.540000 -0.000000 0.000000
2.521481 -0.306163 0.000000
2.521481 0.306163 0.000000
2.540000 -0.000000 0.000000
2.521481 0.306163 0.000000
2.476317 0.565203 0.000000
2.476317 0.565203 0.000000
2.521481 0.306163 0.000000
2.374941 0.900696 0.000000
2.476317 0.565203 0.000000
2.374941 0.900696 0.000000
2.288461 1.102065 0.000000
2.288461 1.102065 0.000000
2.374941 0.900696 0.000000
2.090379 1.442884 0.000000
2.288461 1.102065 0.000000
2.090379 1.442884 0.000000
1.985852 1.583664 0.000000
1.985852 1.583664 0.000000
2.090379 1.442884 0.000000
1.684332 1.901217 0.000000
1.985852 1.583664 0.000000
1.684332 1.901217 0.000000
1.583664 1.985852 0.000000
1.583664 1.985852 0.000000
1.684332 1.901217 0.000000
1.180397 2.249058 0.000000
1.583664 1.985852 0.000000
1.180397 2.249058 0.000000
1.102065 2.288461 0.000000
1.102065 2.288461 0.000000
1.180397 2.249058 0.000000
0.607862 2.466192 0.000000
1.102065 2.288461 0.000000
0.607862 2.466192 0.000000
0.565203 2.476317 0.000000
0.565203 2.476317 0.000000
0.607862 2.466192 0.000000
0.000000 2.540000 0.000000
0.565203 2.476317 0.000000
0.000000 2.540000 0.000000
0.000000 2.540000 0.000000
2.540000 -0.000000 0.000000
2.540000 0.000000 0.000000
2.540000 -0.000000 0.000000
2.540000 -0.000000 0.000000
2.540000 0.000000 0.000000
2.540000 -0.000000 0.000000
2.540000 -0.000000 0.000000
2.540000 0.000000 0.000000
2.540000 -0.000000 0.000000
2.540000 -0.000000 0.000000
2.540000 0.000000 0.000000
2.540000 0.000000 0.000000
0.000000 0.000000 2.540000
0.000000 0.000000 2.540000
0.000000 0.000000 2.540000
0.000000 0.000000 2.540000
0.000000 0.000000 2.540000
0.000000 0.000000 2.540000
0.000000 0.000000 2.540000
0.000000 0.000000 2.540000
0.000000 0.000000 2.540000
0.000000 0.000000 2.540000
0.000000 0.000000 2.540000
0.000000 0.000000 2.540000
0.000000 0.000000 2.540000
0.000000 0.000000 2.540000
0.000000 0.000000 2.540000
0.000000 0.000000 2.540000
0.000000 0.000000 2.540000
0.000000 0.000000 2.540000
0.000000 0.000000 2.540000
0.000000 0.000000 2.540000
0.000000 0.000000 2.540000
0.000000 0.000000 2.540000
0.000000 0.000000 2.540000
0.000000 0.000000 2.540000
0.000000 0.000000 2.540000
0.000000 0.000000 2.540000
0.000000 0.000000 2.540000
0.000000 0.000000 2.540000
0.000000 0.000000 2.540000
0.000000 0.000000 2.540000
0.000000 0.000000 2.540000
0.000000 0.000000 2.540000
0.000000 0.000000 2.540000
0.000000 0.000000 2.540000
0.000000 0.000000 2.540000
0.000000 0.000000 2.540000
0.000000 0.000000 2.540000
0.000000 0.000000 2.540000
0.000000 0.000000 2.540000
0.000000 0.000000 2.540000
0.000000 0.000000 2.540000
0.000000 0.000000 2.540000
0.000000 0.000000 2.540000
0.000000 0.000000 2.540000
0.000000 0.000000 2.540000
0.000000 0.000000 2.540000
0.000000 0.000000 2.540000
0.000000 0.000000 2.540000
0.000000 0.000000 2.540000
0.000000 0.000000 2.540000
0.000000 0.000000 2.540000
0.000000 0.000000 2.540000
0.000000 0.000000 2.540000
0.000000 0.000000 2.540000
0.000000 0.000000 2.540000
0.000000 0.000000 2.540000
0.000000 0.000000 2.540000
0.000000 0.000000 2.540000
0.000000 0.000000 2.540000
0.000000 0.000000 2.540000
0.000000 0.000000 2.540000
0.000000 0.000000 2.540000
0.000000 0.000000 2.540000
0.000000 0.000000 2.540000
0.000000 0.000000 2.540000
0.000000 0.000000 2.540000
0.000000 0.000000 2.540000
0.000000 0.000000 2.540000
0.000000 0.000000 2.540000
0.000000 0.000000 2.540000
0.000000 0.000000 2.540000
0.000000 0.000000 2.540000
0.000000 0.000000 2.540000
0.000000 0.000000 2.540000
0.000000 0.000000 2.540000
0.000000 0.000000 2.540000
0.000000 0.000000 2.540000
0.000000 0.000000 2.540000
0.000000 0.000000 2.540000
0.000000 0.000000 2.540000
0.000000 0.000000 2.540000
0.000000 0.000000 2.540000
0.000000 0.000000 2.540000
0.000000 0.000000 2.540000
0.000000 0.000000 2.540000
0.000000 0.000000 2.540000
0.000000 0.000000 2.540000
0.000000 0.000000 2.540000
0.000000 0.000000 2.540000
0.000000 0.000000 2.540000
0.000000 0.000000 2.540000
0.000000 0.000000 2.540000
0.000000 0.000000 2.540000
0.000000 0.000000 2.540000
0.000000 0.000000 2.540000
0.000000 0.000000 2.540000
0.000000 0.000000 2.540000
0.000000 0.000000 2.540000
0.000000 0.000000 2.540000
0.000000 0.000000 2.540000
0.000000 0.000000 2.540000
0.000000 0.000000 2.540000
0.000000 0.000000 2.540000
0.000000 0.000000 2.540000
0.000000 0.000000 2.540000
0.000000 0.000000 2.540000
0.000000 0.000000 2.540000
0.000000 0.000000 2.540000
0.000000 0.000000 2.540000
0.000000 0.000000 2.540000
0.000000 0.000000 2.540000
0.000000 0.000000 2.540000
0.000000 0.000000 2.540000
0.000000 0.000000 2.540000
0.000000 0.000000 2.540000
0.000000 0.000000 2.540000
0.000000 0.000000 2.540000
0.000000 0.000000 2.540000
0.000000 0.000000 2.540000
0.000000 0.000000 2.540000
0.000000 0.000000 2.540000
0.000000 0.000000 2.540000
0.000000 0.000000 2.540000
0.000000 0.000000 2.540000
0.000000 0.000000 2.540000
0.000000 0.000000 2.540000
0.000000 0.000000 2.540000
0.000000 0.000000 2.540000
0.000000 0.000000 2.540000
0.000000 0.000000 2.540000
0.000000 0.000000 2.540000
0.000000 0.000000 2.540000
0.000000 0.000000 2.540000
0.000000 0.000000 2.540000
0.000000 0.000000 2.540000
0.000000 0.000000 2.540000
0.000000 0.000000 2.540000
0.000000 0.000000 2.540000
0.000000 0.000000 2.540000
0.000000 0.000000 2.540000
0.000000 0.000000 2.540000
0.000000 0.000000 2.540000
0.000000 0.000000 2.540000
0.000000 0.000000 2.540000
0.000000 0.000000 2.540000
0.000000 0.000000 2.540000
0.000000 0.000000 2.540000
0.000000 0.000000 2.540000
0.000000 0.000000 2.540000
0.000000 0.000000 2.540000
0.000000 0.000000 2.540000
0.000000 0.000000 2.540000
0.000000 0.000000 2.540000
0.000000 0.000000 2.540000
0.000000 0.000000 2.540000
0.000000 0.000000 2.540000
0.000000 0.000000 2.540000
0.000000 0.000000 2.540000
0.000000 0.000000 2.540000
0.000000 0.000000 2.540000
0.000000 0.000000 2.540000
0.000000 0.000000 2.540000
0.000000 0.000000 2.540000
0.000000 0.000000 2.540000
0.000000 0.000000 2.540000
0.000000 0.000000 2.540000
0.000000 0.000000 2.540000
0.000000 0.000000 2.540000
0.000000 0.000000 2.540000
0.000000 0.000000 2.540000
0.000000 0.000000 2.540000
0.000000 0.000000 2.540000
0.000000 0.000000 2.540000
0.000000 0.000000 2.540000
0.000000 0.000000 2.540000
0.000000 0.000000 2.540000
0.000000 0.000000 2.540000
0.000000 0.000000 2.540000
0.000000 0.000000 2.540000
0.000000 0.000000 2.540000
0.000000 0.000000 2.540000
0.000000 0.000000 2.540000
0.000000 0.000000 2.540000
0.000000 0.000000 2.540000
0.000000 0.000000 2.540000
0.000000 0.000000 2.540000
0.000000 0.000000 2.540000
0.000000 0.000000 2.540000
0.000000 0.000000 2.540000
0.000000 0.000000 2.540000
0.000000 0.000000 2.540000
0.000000 0.000000 2.540000
0.000000 0.000000 2.540000
0.000000 0.000000 2.540000
0.000000 0.000000 2.540000
0.000000 0.000000 2.540000
0.000000 0.000000 2.540000
0.000000 0.000000 2.540000
0.000000 0.000000 2.540000
0.000000 0.000000 2.540000
0.000000 0.000000 2.540000
0.000000 0.000000 2.540000
0.000000 0.000000 2.540000
0.000000 0.000000 2.540000
0.000000 0.000000 2.540000
0.000000 0.000000 2.540000
0.000000 0.000000 2.540000
0.000000 0.000000 2.540000
0.000000 0.000000 2.540000
0.000000 0.000000 2.540000
0.000000 0.000000 2.540000
0.000000 0.000000 2.540000
0.000000 0.000000 2.540000
0.000000 0.000000 2.540000
0.000000 0.000000 2.540000
0.000000 0.000000 2.540000
0.000000 0.000000 2.540000
0.000000 0.000000 2.540000
0.000000 0.000000 2.540000
0.000000 0.000000 2.540000
0.000000 0.000000 2.540000
0.000000 0.000000 2.540000
0.000000 0.000000 2.540000
0.000000 0.000000 2.540000
0.000000 0.000000 2.540000
0.000000 0.000000 2.540000
0.000000 0.000000 2.540000
0.000000 0.000000 2.540000
0.000000 0.000000 2.540000
0.000000 0.000000 2.540000
0.000000 0.000000 2.540000
0.000000 0.000000 2.540000
0.000000 0.000000 2.540000
0.000000 0.000000 2.540000
0.000000 0.000000 2.540000
0.000000 0.000000 2.540000
0.000000 0.000000 2.540000
0.000000 0.000000 2.540000
0.000000 0.000000 2.540000
0.000000 0.000000 2.540000
0.000000 0.000000 2.540000
0.000000 0.000000 2.540000
0.000000 0.000000 2.540000
0.000000 0.000000 2.540000
0.000000 0.000000 2.540000
0.000000 0.000000 2.540000
0.000000 0.000000 2.540000
0.000000 0.000000 2.540000
0.000000 0.000000 2.540000
0.000000 0.000000 2.540000
0.000000 0.000000 2.540000
0.000000 0.000000 2.540000
0.000000 0.000000 2.540000
0.000000 0.000000 2.540000
0.000000 0.000000 2.540000
0.000000 0.000000 2.540000
0.000000 0.000000 2.540000
0.000000 0.000000 2.540000
0.000000 0.000000 2.540000
0.000000 0.000000 2.540000
0.000000 0.000000 2.540000
0.000000 0.000000 2.540000
0.000000 0.000000 2.540000
0.000000 0.000000 2.540000
0.000000 0.000000 2.540000
0.000000 0.000000 2.540000
0.000000 0.000000 2.540000
0.000000 0.000000 2.540000
0.000000 0.000000 2.540000
0.000000 0.000000 2.540000
0.000000 0.000000 2.540000
0.000000 0.000000 2.540000
0.000000 0.000000 2.540000
0.000000 0.000000 2.540000
0.000000 0.000000 2.540000
0.000000 0.000000 2.540000
0.000000 0.000000 2.540000
0.000000 0.000000 2.540000
0.000000 0.000000 2.540000
0.000000 0.000000 2.540000
0.000000 0.000000 2.540000
0.000000 0.000000 2.540000
0.000000 0.000000 2.540000
0.000000 0.000000 2.540000
0.000000 0.000000 2.540000
0.000000 0.000000 2.540000
0.000000 0.000000 2.540000
0.000000 0.000000 2.540000
0.000000 0.000000 2.540000
0.000000 0.000000 2.540000
0.000000 0.000000 2.540000
0.000000 0.000000 2.540000
0.000000 0.000000 2.540000
0.000000 0.000000 2.540000
0.000000 0.000000 2.540000
0.000000 0.000000 2.540000
0.000000 0.000000 2.540000
0.000000 0.000000 2.540000
0.000000 0.000000 2.540000
0.000000 0.000000 2.540000
0.000000 0.000000 2.540000
0.000000 0.000000 2.540000
0.000000 0.000000 2.540000
0.000000 0.000000 2.540000
0.000000 0.000000 2.540000
0.000000 0.000000 2.540000
0.000000 0.000000 2.540000
0.000000 0.000000 2.540000
0.000000 0.000000 2.540000
0.000000 0.000000 2.540000
0.000000 0.000000 2.540000
0.000000 0.000000 2.540000
0.000000 0.000000 2.540000
0.000000 0.000000 2.540000
0.000000 0.000000 2.540000
0.000000 0.000000 2.540000
0.000000 0.000000 2.540000
0.000000 0.000000 2.540000
0.000000 0.000000 2.540000
0.000000 0.000000 2.540000
0.000000 0.000000 2.540000
0.000000 0.000000 2.540000
0.000000 0.000000 2.540000
0.000000 0.000000 2.540000
0.000000 0.000000 2.540000
0.000000 0.000000 2.540000
0.000000 0.000000 2.540000
0.000000 0.000000 2.540000
0.000000 0.000000 2.540000
0.000000 0.000000 2.540000
0.000000 0.000000 2.540000
0.000000 0.000000 2.540000
0.000000 0.000000 2.540000
0.000000 0.000000 2.540000
0.000000 0.000000 2.540000
0.000000 0.000000 2.540000
0.000000 0.000000 2.540000
0.000000 0.000000 2.540000
0.000000 0.000000 2.540000
0.000000 0.000000 2.540000
0.000000 0.000000 2.540000
0.000000 0.000000 2.540000
0.000000 0.000000 2.540000
0.000000 0.000000 2.540000
0.000000 0.000000 2.540000
0.000000 0.000000 2.540000
0.000000 0.000000 2.540000
0.000000 0.000000 2.540000
0.000000 0.000000 2.540000
0.000000 0.000000 2.540000
0.000000 0.000000 2.540000
0.000000 0.000000 2.540000
0.000000 0.000000 2.540000
0.000000 0.000000 2.540000
0.000000 0.000000 2.540000
0.000000 0.000000 2.540000
0.000000 0.000000 2.540000
0.000000 0.000000 2.540000
0.000000 0.000000 2.540000
0.000000 0.000000 2.540000
0.000000 0.000000 2.540000
0.000000 0.000000 2.540000
0.000000 0.000000 2.540000
0.000000 0.000000 2.540000
0.000000 0.000000 2.540000
0.000000 0.000000 2.540000
0.000000 0.000000 2.540000
0.000000 0.000000 2.540000
0.000000 0.000000 2.540000
0.000000 0.000000 2.540000
0.000000 0.000000 2.540000
0.000000 0.000000 2.540000
0.000000 0.000000 2.540000
0.000000 0.000000 2.540000
0.000000 0.000000 2.540000
0.000000 0.000000 2.540000
0.000000 0.000000 2.540000
0.000000 0.000000 2.540000
0.000000 0.000000 2.540000
0.000000 0.000000 2.540000
0.000000 0.000000 2.540000
0.000000 0.000000 2.540000
0.000000 0.000000 2.540000
0.000000 0.000000 2.540000
0.000000 0.000000 2.540000
0.000000 0.000000 2.540000
0.000000 0.000000 2.540000
0.000000 0.000000 2.540000
0.000000 0.000000 2.540000
0.000000 0.000000 2.540000
0.000000 0.000000 2.540000
0.000000 0.000000 2.540000
0.000000 0.000000 2.540000
0.000000 0.000000 2.540000
0.000000 0.000000 2.540000
0.000000 0.000000 2.540000
0.000000 0.000000 2.540000
0.000000 0.000000 2.540000
0.000000 0.000000 2.540000
0.000000 0.000000 2.540000
0.000000 0.000000 2.540000
0.000000 0.000000 2.540000
0.000000 0.000000 2.540000
0.000000 0.000000 2.540000
0.000000 0.000000 2.540000
0.000000 0.000000 2.540000
0.000000 0.000000 2.540000
0.000000 0.000000 2.540000
0.000000 0.000000 2.540000
0.000000 0.000000 2.540000
0.000000 0.000000 2.540000
0.000000 0.000000 2.540000
0.000000 0.000000 2.540000
0.000000 0.000000 2.540000
0.000000 -2.540000 0.000000
0.000000 -2.540000 0.000000
-0.000000 -2.540000 0.000000
-0.000000 -2.540000 0.000000
0.000000 -2.540000 0.000000
-0.000000 -2.540000 0.000000
0.000000 -2.540000 0.000000
0.000000 -2.540000 0.000000
-0.607862 -2.466192 0.000000
-0.607862 -2.466192 0.000000
0.000000 -2.540000 0.000000
-0.607862 -2.466192 0.000000
-0.607862 -2.466192 0.000000
-0.607862 -2.466192 0.000000
-1.180397 -2.249058 0.000000
-1.180397 -2.249058 0.000000
-0.607862 -2.466192 0.000000
-1.180397 -2.249058 0.000000
-1.180397 -2.249058 0.000000
-1.180397 -2.249058 0.000000
-1.684332 -1.901217 0.000000
-1.684332 -1.901217 0.000000
-1.180397 -2.249058 0.000000
-1.684332 -1.901217 0.000000
-1.684332 -1.901217 0.000000
-1.684332 -1.901217 0.000000
-2.090379 -1.442884 0.000000
-2.090379 -1.442884 0.000000
-1.684332 -1.901217 0.000000
-2.090379 -1.442884 0.000000
-2.090379 -1.442884 0.000000
-2.090379 -1.442884 0.000000
-2.374941 -0.900696 0.000000
-2.374941 -0.900696 0.000000
-2.090379 -1.442884 0.000000
-2.374941 -0.900696 0.000000
-2.374941 -0.900696 0.000000
-2.374941 -0.900696 0.000000
-2.521481 -0.306163 0.000000
-2.521481 -0.306163 0.000000
-2.374941 -0.900696 0.000000
-2.521481 -0.306163 0.000000
-2.521481 -0.306163 0.000000
-2.521481 -0.306163 0.000000
-2.521481 0.306163 0.000000
-2.521481 0.306163 0.000000
-2.521481 -0.306163 0.000000
-2.521481 0.306163 0.000000
-2.521481 0.306163 0.000000
-2.521481 0.306163 0.000000
-2.374941 0.900696 0.000000
-2.374941 0.900696 0.000000
-2.521481 0.306163 0.000000
-2.374941 0.900696 0.000000
-2.374941 0.900696 0.000000
-2.374941 0.900696 0.000000
-2.090379 1.442884 0.000000
-2.090379 1.442884 0.000000
-2.374941 0.900696 0.000000
-2.090379 1.442884 0.000000
-2.090379 1.442884 0.000000
-2.090379 1.442884 0.000000
-1.684332 1.901217 0.000000
-1.684332 1.901217 0.000000
-2.090379 1.442884 0.000000
-1.684332 1.901217 0.000000
-1.684332 1.901217 0.000000
-1.684332 1.901217 0.000000
-1.180397 2.249058 0.000000
-1.180397 2.249058 0.000000
-1.684332 1.901217 0.000000
-1.180397 2.249058 0.000000
-1.180397 2.249058 0.000000
-1.180397 2.249058 0.000000
-0.607862 2.466192 0.000000
-0.607862 2.466192 0.000000
-1.180397 2.249058 0.000000
-0.607862 2.466192 0.000000
-0.607862 2.466192 0.000000
-0.607862 2.466192 0.000000
0.000000 2.540000 0.000000
0.000000 2.540000 0.000000
-0.607862 2.466192 0.000000
0.000000 2.540000 0.000000
0.000000 2.540000 0.000000
0.000000 2.540000 0.000000
0.000000 2.540000 0.000000
0.000000 2.540000 0.000000
0.000000 2.540000 0.000000
0.000000 2.540000 0.000000
0.000000 2.540000 0.000000
0.000000 2.540000 0.000000
0.000000 2.540000 0.000000
0.000000 2.540000 0.000000
0.000000 2.540000 0.000000
0.000000 2.540000 0.000000
0.000000 2.540000 0.000000
0.000000 2.540000 0.000000
0.000000 2.540000 0.000000
0.000000 2.540000 0.000000
0.000000 2.540000 0.000000
0.000000 2.540000 0.000000
0.000000 2.540000 0.000000
0.000000 2.540000 0.000000
0.000000 2.540000 0.000000
0.000000 2.540000 0.000000
0.000000 2.540000 0.000000
0.000000 2.540000 0.000000
0.000000 2.540000 0.000000
0.000000 2.540000 0.000000
0.000000 2.540000 0.000000
0.000000 2.540000 0.000000
0.000000 2.540000 0.000000
0.000000 2.540000 0.000000
0.000000 2.540000 0.000000
0.000000 2.540000 0.000000
0.000000 2.540000 0.000000
0.000000 2.540000 0.000000
0.000000 2.540000 0.000000
0.000000 2.540000 0.000000
0.000000 2.540000 0.000000
0.000000 2.540000 0.000000
0.000000 2.540000 0.000000
0.000000 2.540000 0.000000
0.000000 2.540000 0.000000
0.000000 2.540000 0.000000
0.000000 2.540000 0.000000
0.000000 2.540000 0.000000
0.000000 2.540000 0.000000
0.000000 2.540000 0.000000
0.000000 2.540000 0.000000
0.000000 2.540000 0.000000
0.000000 2.540000 0.000000
0.000000 2.540000 0.000000
0.000000 2.540000 0.000000
0.000000 0.000000 -2.540000
0.000000 0.000000 -2.540000
0.000000 0.000000 -2.540000
0.000000 0.000000 -2.540000
0.000000 0.000000 -2.540000
0.000000 0.000000 -2.540000
0.000000 0.000000 -2.540000
0.000000 0.000000 -2.540000
0.000000 0.000000 -2.540000
0.000000 0.000000 -2.540000
0.000000 0.000000 -2.540000
0.000000 0.000000 -2.540000
0.000000 0.000000 -2.540000
0.000000 0.000000 -2.540000
0.000000 0.000000 -2.540000
0.000000 0.000000 -2.540000
0.000000 0.000000 -2.540000
0.000000 0.000000 -2.540000
0.000000 0.000000 -2.540000
0.000000 0.000000 -2.540000
0.000000 0.000000 -2.540000
0.000000 0.000000 -2.540000
0.000000 0.000000 -2.540000
0.000000 0.000000 -2.540000
0.000000 0.000000 -2.540000
0.000000 0.000000 -2.540000
0.000000 0.000000 -2.540000
0.000000 0.000000 -2.540000
0.000000 0.000000 -2.540000
0.000000 0.000000 -2.540000
0.000000 0.000000 -2.540000
0.000000 0.000000 -2.540000
0.000000 0.000000 -2.540000
0.000000 0.000000 -2.540000
0.000000 0.000000 -2.540000
0.000000 0.000000 -2.540000
0.000000 0.000000 -2.540000
0.000000 0.000000 -2.540000
0.000000 0.000000 -2.540000
0.000000 0.000000 -2.540000
0.000000 0.000000 -2.540000
0.000000 0.000000 -2.540000
0.000000 0.000000 -2.540000
0.000000 0.000000 -2.540000
0.000000 0.000000 -2.540000
0.000000 0.000000 -2.540000
0.000000 0.000000 -2.540000
0.000000 0.000000 -2.540000
0.000000 0.000000 -2.540000
0.000000 0.000000 -2.540000
0.000000 0.000000 -2.540000
0.000000 0.000000 -2.540000
0.000000 0.000000 -2.540000
0.000000 0.000000 -2.540000
0.000000 0.000000 -2.540000
0.000000 0.000000 -2.540000
0.000000 0.000000 -2.540000
0.000000 0.000000 -2.540000
0.000000 0.000000 -2.540000
0.000000 0.000000 -2.540000
0.000000 0.000000 -2.540000
0.000000 0.000000 -2.540000
0.000000 0.000000 -2.540000
0.000000 0.000000 -2.540000
0.000000 0.000000 -2.540000
0.000000 0.000000 -2.540000
0.000000 0.000000 -2.540000
0.000000 0.000000 -2.540000
0.000000 0.000000 -2.540000
0.000000 0.000000 -2.540000
0.000000 0.000000 -2.540000
0.000000 0.000000 -2.540000
0.000000 0.000000 -2.540000
0.000000 0.000000 -2.540000
0.000000 0.000000 -2.540000
0.000000 0.000000 -2.540000
0.000000 0.000000 -2.540000
0.000000 0.000000 -2.540000
0.000000 0.000000 -2.540000
0.000000 0.000000 -2.540000
0.000000 0.000000 -2.540000
0.000000 0.000000 -2.540000
0.000000 0.000000 -2.540000
0.000000 0.000000 -2.540000
0.000000 0.000000 -2.540000
0.000000 0.000000 -2.540000
0.000000 0.000000 -2.540000
0.000000 0.000000 -2.540000
0.000000 0.000000 -2.540000
0.000000 0.000000 -2.540000
0.000000 0.000000 -2.540000
0.000000 0.000000 -2.540000
0.000000 0.000000 -2.540000
0.000000 0.000000 -2.540000
0.000000 0.000000 -2.540000
0.000000 0.000000 -2.540000
0.000000 0.000000 -2.540000
0.000000 0.000000 -2.540000
0.000000 0.000000 -2.540000
0.000000 0.000000 -2.540000
0.000000 0.000000 -2.540000
0.000000 0.000000 -2.540000
0.000000 0.000000 -2.540000
0.000000 0.000000 -2.540000
0.000000 0.000000 -2.540000
0.000000 0.000000 -2.540000
0.000000 0.000000 -2.540000
0.000000 0.000000 -2.540000
0.000000 0.000000 -2.540000
0.000000 0.000000 -2.540000
0.000000 0.000000 -2.540000
0.000000 0.000000 -2.540000
0.000000 0.000000 -2.540000
0.000000 0.000000 -2.540000
0.000000 0.000000 -2.540000
0.000000 0.000000 -2.540000
0.000000 0.000000 -2.540000
0.000000 0.000000 -2.540000
0.000000 0.000000 -2.540000
0.000000 0.000000 -2.540000
0.000000 0.000000 -2.540000
0.000000 0.000000 -2.540000
0.000000 0.000000 -2.540000
0.000000 0.000000 -2.540000
0.000000 0.000000 -2.540000
0.000000 0.000000 -2.540000
0.000000 0.000000 -2.540000
0.000000 0.000000 -2.540000
0.000000 0.000000 -2.540000
0.000000 0.000000 -2.540000
0.000000 0.000000 -2.540000
0.000000 0.000000 -2.540000
0.000000 0.000000 -2.540000
0.000000 0.000000 -2.540000
0.000000 0.000000 -2.540000
0.000000 0.000000 -2.540000
0.000000 0.000000 -2.540000
0.000000 0.000000 -2.540000
0.000000 0.000000 -2.540000
0.000000 0.000000 -2.540000
0.000000 0.000000 -2.540000
0.000000 0.000000 -2.540000
0.000000 0.000000 -2.540000
0.000000 0.000000 -2.540000
0.000000 0.000000 -2.540000
0.000000 0.000000 -2.540000
0.000000 0.000000 -2.540000
0.000000 0.000000 -2.540000
0.000000 0.000000 -2.540000
0.000000 0.000000 -2.540000
0.000000 0.000000 -2.540000
0.000000 0.000000 -2.540000
0.000000 0.000000 -2.540000
0.000000 0.000000 -2.540000
0.000000 0.000000 -2.540000
0.000000 0.000000 -2.540000
0.000000 0.000000 -2.540000
0.000000 0.000000 -2.540000
0.000000 0.000000 -2.540000
0.000000 0.000000 -2.540000
0.000000 0.000000 -2.540000
0.000000 0.000000 -2.540000
0.000000 0.000000 -2.540000
0.000000 0.000000 -2.540000
0.000000 0.000000 -2.540000
0.000000 0.000000 -2.540000
0.000000 0.000000 -2.540000
0.000000 0.000000 -2.540000
0.000000 0.000000 2.540000
0.000000 0.000000 2.540000
0.000000 0.000000 2.540000
0.000000 0.000000 2.540000
0.000000 0.000000 2.540000
0.000000 0.000000 2.540000
0.000000 0.000000 2.540000
0.000000 0.000000 2.540000
0.000000 0.000000 2.540000
0.000000 0.000000 2.540000
0.000000 0.000000 2.540000
0.000000 0.000000 2.540000
0.000000 0.000000 2.540000
0.000000 0.000000 2.540000
0.000000 0.000000 2.540000
0.000000 0.000000 2.540000
0.000000 0.000000 2.540000
0.000000 0.000000 2.540000
0.000000 0.000000 2.540000
0.000000 0.000000 2.540000
0.000000 0.000000 2.540000
0.000000 0.000000 2.540000
0.000000 0.000000 2.540000
0.000000 0.000000 2.540000
0.000000 0.000000 2.540000
0.000000 0.000000 2.540000
0.000000 0.000000 2.540000
0.000000 0.000000 2.540000
0.000000 0.000000 2.540000
0.000000 0.000000 2.540000
0.000000 0.000000 2.540000
0.000000 0.000000 2.540000
0.000000 0.000000 2.540000
0.000000 0.000000 2.540000
0.000000 0.000000 2.540000
0.000000 0.000000 2.540000
0.000000 0.000000 2.540000
0.000000 0.000000 2.540000
0.000000 0.000000 2.540000
0.000000 0.000000 2.540000
0.000000 0.000000 2.540000
0.000000 0.000000 2.540000
0.000000 0.000000 2.540000
0.000000 0.000000 2.540000
0.000000 0.000000 2.540000
0.000000 0.000000 2.540000
0.000000 0.000000 2.540000
0.000000 0.000000 2.540000
0.000000 0.000000 2.540000
0.000000 0.000000 2.540000
0.000000 0.000000 2.540000
0.000000 0.000000 2.540000
0.000000 0.000000 2.540000
0.000000 0.000000 2.540000
0.000000 0.000000 2.540000
0.000000 0.000000 2.540000
0.000000 0.000000 2.540000
0.000000 0.000000 2.540000
0.000000 0.000000 2.540000
0.000000 0.000000 2.540000
0.000000 0.000000 2.540000
0.000000 0.000000 2.540000
0.000000 0.000000 2.540000
0.000000 0.000000 2.540000
0.000000 0.000000 2.540000
0.000000 0.000000 2.540000
0.000000 0.000000 2.540000
0.000000 0.000000 2.540000
0.000000 0.000000 2.540000
0.000000 0.000000 2.540000
0.000000 0.000000 2.540000
0.000000 0.000000 2.540000
0.000000 0.000000 2.540000
0.000000 0.000000 2.540000
0.000000 0.000000 2.540000
0.000000 0.000000 2.540000
0.000000 0.000000 2.540000
0.000000 0.000000 2.540000
0.000000 0.000000 2.540000
0.000000 0.000000 2.540000
0.000000 0.000000 2.540000
0.000000 0.000000 2.540000
0.000000 0.000000 2.540000
0.000000 0.000000 2.540000
0.000000 0.000000 2.540000
0.000000 0.000000 2.540000
0.000000 0.000000 2.540000
0.000000 0.000000 2.540000
0.000000 0.000000 2.540000
0.000000 0.000000 2.540000
0.000000 0.000000 2.540000
0.000000 0.000000 2.540000
0.000000 0.000000 2.540000
0.000000 0.000000 2.540000
0.000000 0.000000 2.540000
0.000000 0.000000 2.540000
0.000000 0.000000 2.540000
0.000000 0.000000 2.540000
0.000000 0.000000 2.540000
0.000000 0.000000 2.540000
0.000000 0.000000 2.540000
0.000000 0.000000 2.540000
0.000000 0.000000 2.540000
0.000000 0.000000 2.540000
0.000000 0.000000 2.540000
0.000000 0.000000 2.540000
0.000000 0.000000 2.540000
0.000000 0.000000 2.540000
0.000000 0.000000 2.540000
0.000000 0.000000 2.540000
0.000000 0.000000 2.540000
0.000000 0.000000 2.540000
0.000000 0.000000 2.540000
0.000000 0.000000 2.540000
0.000000 0.000000 2.540000
0.000000 0.000000 2.540000
0.000000 0.000000 2.540000
0.000000 0.000000 2.540000
0.000000 0.000000 2.540000
0.000000 0.000000 2.540000
0.000000 0.000000 2.540000
0.000000 0.000000 2.540000
0.000000 0.000000 2.540000
0.000000 0.000000 2.540000
0.000000 0.000000 2.540000
0.000000 0.000000 2.540000
0.000000 0.000000 2.540000
0.000000 0.000000 2.540000
0.000000 0.000000 2.540000
0.000000 0.000000 2.540000
0.000000 0.000000 2.540000
0.000000 0.000000 2.540000
0.000000 0.000000 2.540000
0.000000 0.000000 2.540000
0.000000 0.000000 2.540000
0.000000 0.000000 2.540000
0.000000 0.000000 2.540000
0.000000 0.000000 2.540000
0.000000 0.000000 2.540000
0.000000 0.000000 2.540000
0.000000 0.000000 2.540000
0.000000 0.000000 2.540000
0.000000 0.000000 2.540000
0.000000 0.000000 2.540000
0.000000 0.000000 2.540000
0.000000 0.000000 2.540000
0.000000 0.000000 2.540000
0.000000 0.000000 2.540000
0.000000 0.000000 2.540000
0.000000 0.000000 2.540000
0.000000 0.000000 2.540000
0.000000 0.000000 2.540000
0.000000 0.000000 2.540000
0.000000 0.000000 2.540000
0.000000 0.000000 2.540000
0.000000 0.000000 2.540000
0.000000 0.000000 2.540000
0.000000 0.000000 2.540000
0.000000 0.000000 2.540000
0.000000 0.000000 2.540000
0.000000 0.000000 2.540000
0.000000 0.000000 2.540000
0.000000 0.000000 2.540000
0.000000 0.000000 2.540000
0.000000 0.000000 2.540000
0.000000 0.000000 2.540000
0.000000 0.000000 2.540000
0.000000 0.000000 2.540000
0.000000 0.000000 2.540000
0.000000 0.000000 2.540000
0.000000 0.000000 2.540000
0.000000 0.000000 2.540000
0.000000 0.000000 2.540000
0.000000 0.000000 2.540000
0.000000 0.000000 2.540000
0.000000 0.000000 2.540000
0.000000 0.000000 2.540000
0.000000 0.000000 2.540000
0.000000 0.000000 2.540000
0.000000 0.000000 2.540000
0.000000 0.000000 2.540000
0.000000 0.000000 2.540000
0.000000 0.000000 2.540000
0.000000 0.000000 2.540000
0.000000 0.000000 2.540000
0.000000 0.000000 2.540000
0.000000 0.000000 2.540000
0.000000 0.000000 2.540000
0.000000 0.000000 2.540000
0.000000 0.000000 2.540000
0.000000 0.000000 2.540000
0.000000 0.000000 2.540000
0.000000 0.000000 2.540000
0.000000 0.000000 2.540000
0.000000 0.000000 2.540000
0.000000 0.000000 2.540000
0.000000 0.000000 2.540000
0.000000 0.000000 2.540000
0.000000 0.000000 2.540000
0.000000 0.000000 2.540000
0.000000 0.000000 2.540000
0.000000 0.000000 2.540000
0.000000 0.000000 2.540000
0.000000 0.000000 2.540000
0.000000 0.000000 2.540000
0.000000 0.000000 2.540000
0.000000 0.000000 2.540000
0.000000 0.000000 2.540000
0.000000 0.000000 2.540000
0.000000 0.000000 2.540000
0.000000 0.000000 2.540000
0.000000 0.000000 2.540000
0.000000 0.000000 2.540000
0.000000 0.000000 2.540000
0.000000 0.000000 2.540000
0.000000 0.000000 2.540000
0.000000 0.000000 2.540000
0.000000 0.000000 2.540000
0.000000 0.000000 2.540000
0.000000 0.000000 2.540000
0.000000 0.000000 2.540000
0.000000 0.000000 2.540000
0.000000 0.000000 2.540000
0.000000 0.000000 2.540000
0.000000 0.000000 2.540000
0.000000 0.000000 2.540000
0.000000 0.000000 2.540000
0.000000 0.000000 2.540000
0.000000 0.000000 2.540000
0.000000 0.000000 2.540000
0.000000 0.000000 2.540000
0.000000 0.000000 2.540000
0.000000 0.000000 2.540000
0.000000 0.000000 2.540000
0.000000 0.000000 2.540000
0.000000 0.000000 2.540000
0.000000 0.000000 2.540000
0.000000 0.000000 2.540000
0.000000 0.000000 2.540000
0.000000 0.000000 2.540000
0.000000 0.000000 2.540000
0.000000 0.000000 2.540000
0.000000 0.000000 2.540000
0.000000 0.000000 2.540000
0.000000 0.000000 2.540000
0.000000 0.000000 2.540000
0.000000 0.000000 2.540000
0.000000 0.000000 2.540000
0.000000 0.000000 2.540000
0.000000 0.000000 2.540000
0.000000 0.000000 2.540000
0.000000 0.000000 2.540000
0.000000 0.000000 2.540000
0.000000 0.000000 2.540000
0.000000 0.000000 2.540000
0.000000 0.000000 2.540000
0.000000 0.000000 2.540000
0.000000 0.000000 2.540000
0.000000 0.000000 2.540000
0.000000 0.000000 2.540000
0.000000 0.000000 2.540000
0.000000 0.000000 2.540000
0.000000 0.000000 2.540000
0.000000 0.000000 2.540000
0.000000 0.000000 2.540000
0.000000 0.000000 2.540000
0.000000 0.000000 2.540000
0.000000 0.000000 2.540000
0.000000 0.000000 2.540000
0.000000 0.000000 2.540000
0.000000 0.000000 2.540000
0.000000 0.000000 2.540000
0.000000 0.000000 2.540000
0.000000 0.000000 2.540000
0.000000 0.000000 2.540000
0.000000 0.000000 2.540000
0.000000 0.000000 2.540000
0.000000 0.000000 2.540000
0.000000 0.000000 2.540000
0.000000 0.000000 2.540000
0.000000 0.000000 2.540000
0.000000 0.000000 2.540000
0.000000 0.000000 2.540000
0.000000 0.000000 2.540000
0.000000 0.000000 2.540000
0.000000 0.000000 2.540000
0.000000 0.000000 2.540000
0.000000 0.000000 2.540000
0.000000 0.000000 2.540000
0.000000 0.000000 2.540000
0.000000 0.000000 2.540000
0.000000 0.000000 2.540000
0.000000 0.000000 2.540000
0.000000 0.000000 2.540000
0.000000 0.000000 2.540000
0.000000 0.000000 2.540000
0.000000 0.000000 2.540000
0.000000 0.000000 2.540000
0.000000 0.000000 2.540000
0.000000 0.000000 2.540000
0.000000 0.000000 2.540000
0.000000 0.000000 2.540000
0.000000 0.000000 2.540000
0.000000 0.000000 2.540000
0.000000 0.000000 2.540000
0.000000 0.000000 2.540000
0.000000 0.000000 2.540000
0.000000 0.000000 2.540000
0.000000 0.000000 2.540000
0.000000 0.000000 2.540000
0.000000 0.000000 2.540000
0.000000 0.000000 2.540000
0.000000 0.000000 2.540000
0.000000 0.000000 2.540000
0.000000 0.000000 2.540000
0.000000 0.000000 2.540000
0.000000 0.000000 2.540000
0.000000 0.000000 2.540000
0.000000 0.000000 2.540000
0.000000 0.000000 2.540000
0.000000 0.000000 2.540000
0.000000 0.000000 2.540000
0.000000 0.000000 2.540000
0.000000 0.000000 2.540000
0.000000 0.000000 2.540000
0.000000 0.000000 2.540000
0.000000 0.000000 2.540000
0.000000 0.000000 2.540000
0.000000 0.000000 2.540000
0.000000 0.000000 2.540000
0.000000 0.000000 2.540000
0.000000 0.000000 2.540000
0.000000 0.000000 2.540000
0.000000 0.000000 2.540000
0.000000 0.000000 2.540000
0.000000 0.000000 2.540000
0.000000 0.000000 2.540000
0.000000 0.000000 2.540000
0.000000 0.000000 2.540000
0.000000 0.000000 2.540000
0.000000 0.000000 2.540000
0.000000 0.000000 2.540000
0.000000 0.000000 2.540000
0.000000 0.000000 2.540000
0.000000 0.000000 2.540000
0.000000 0.000000 2.540000
0.000000 0.000000 2.540000
0.000000 0.000000 2.540000
0.000000 0.000000 2.540000
0.000000 0.000000 2.540000
0.000000 0.000000 2.540000
0.000000 0.000000 2.540000
0.000000 0.000000 2.540000
0.000000 0.000000 2.540000
0.000000 0.000000 2.540000
0.000000 0.000000 2.540000
0.000000 0.000000 2.540000
0.000000 0.000000 2.540000
0.000000 0.000000 2.540000
0.000000 0.000000 2.540000
0.000000 0.000000 2.540000
0.000000 0.000000 2.540000
0.000000 0.000000 2.540000
0.000000 0.000000 2.540000
0.000000 0.000000 2.540000
0.000000 0.000000 2.540000
0.000000 0.000000 2.540000
0.000000 0.000000 2.540000
0.000000 0.000000 2.540000
0.000000 0.000000 2.540000
0.000000 0.000000 2.540000
0.000000 0.000000 2.540000
0.000000 0.000000 2.540000
0.000000 0.000000 2.540000
0.000000 0.000000 2.540000
0.000000 0.000000 2.540000
0.000000 0.000000 2.540000
0.000000 0.000000 2.540000
0.000000 0.000000 2.540000
0.000000 0.000000 2.540000
0.000000 0.000000 2.540000
0.000000 0.000000 2.540000
0.000000 0.000000 2.540000
0.000000 0.000000 2.540000
0.000000 0.000000 2.540000
0.000000 0.000000 2.540000
0.000000 0.000000 2.540000
0.000000 0.000000 2.540000
0.000000 0.000000 2.540000
0.000000 0.000000 2.540000
0.000000 0.000000 2.540000
0.000000 0.000000 2.540000
0.000000 0.000000 2.540000
0.000000 0.000000 2.540000
0.000000 0.000000 2.540000
0.000000 0.000000 2.540000
0.000000 0.000000 2.540000
0.000000 0.000000 2.540000
0.000000 0.000000 2.540000
0.000000 0.000000 2.540000
0.000000 0.000000 2.540000
0.000000 0.000000 2.540000
0.000000 0.000000 2.540000
0.000000 0.000000 2.540000
0.000000 0.000000 2.540000
0.000000 0.000000 2.540000
0.000000 0.000000 2.540000
0.000000 0.000000 2.540000
0.000000 0.000000 2.540000
0.000000 0.000000 2.540000
0.000000 0.000000 2.540000
0.000000 0.000000 2.540000
0.000000 0.000000 2.540000
0.000000 0.000000 2.540000
0.000000 0.000000 2.540000
0.000000 0.000000 2.540000
0.000000 0.000000 2.540000
0.000000 0.000000 2.540000
0.000000 0.000000 2.540000
0.000000 0.000000 2.540000
0.000000 0.000000 2.540000
0.000000 0.000000 2.540000
0.000000 0.000000 2.540000
0.000000 0.000000 2.540000
0.000000 0.000000 2.540000
0.000000 0.000000 2.540000
0.000000 0.000000 2.540000
0.000000 0.000000 2.540000
0.000000 0.000000 2.540000
2.540000 0.000000 0.000000
2.540000 0.000000 0.000000
2.476317 0.565203 0.000000
2.476317 0.565203 0.000000
2.540000 0.000000 0.000000
2.476317 0.565203 0.000000
2.476317 0.565203 0.000000
2.476317 0.565203 0.000000
2.288461 1.102065 0.000000
2.288461 1.102065 0.000000
2.476317 0.565203 0.000000
2.288461 1.102065 0.000000
2.288461 1.102065 0.000000
2.288461 1.102065 0.000000
1.985852 1.583664 0.000000
1.985852 1.583664 0.000000
2.288461 1.102065 0.000000
1.985852 1.583664 0.000000
1.985852 1.583664 0.000000
1.985852 1.583664 0.000000
1.583664 1.985852 0.000000
1.583664 1.985852 0.000000
1.985852 1.583664 0.000000
1.583664 1.985852 0.000000
1.583664 1.985852 0.000000
1.583664 1.985852 0.000000
1.102065 2.288461 0.000000
1.102065 2.288461 0.000000
1.583664 1.985852 0.000000
1.102065 2.288461 0.000000
1.102065 2.288461 0.000000
1.102065 2.288461 0.000000
0.565203 2.476317 0.000000
0.565203 2.476317 0.000000
1.102065 2.288461 0.000000
0.565203 2.476317 0.000000
0.565203 2.476317 0.000000
0.565203 2.476317 0.000000
0.000000 2.540000 0.000000
0.000000 2.540000 0.000000
0.565203 2.476317 0.000000
0.000000 2.540000 0.000000
0.000000 -2.540000 0.000000
0.000000 -2.540000 0.000000
0.000000 -2.540000 0.000000
0.000000 -2.540000 0.000000
0.000000 -2.540000 0.000000
0.000000 -2.540000 0.000000
0.000000 -2.540000 0.000000
0.000000 -2.540000 0.000000
0.000000 -2.540000 0.000000
0.000000 -2.540000 0.000000
0.000000 -2.540000 0.000000
0.000000 -2.540000 0.000000
0.000000 -2.540000 0.000000
0.000000 -2.540000 0.000000
0.000000 -2.540000 0.000000
0.000000 -2.540000 0.000000
0.000000 -2.540000 0.000000
0.000000 -2.540000 0.000000
0.000000 -2.540000 0.000000
0.000000 -2.540000 0.000000
0.000000 -2.540000 0.000000
0.000000 -2.540000 0.000000
0.000000 -2.540000 0.000000
0.000000 -2.540000 0.000000
0.000000 -2.540000 0.000000
0.000000 -2.540000 0.000000
0.000000 -2.540000 0.000000
0.000000 -2.540000 0.000000
0.000000 -2.540000 0.000000
0.000000 -2.540000 0.000000
0.000000 -2.540000 0.000000
0.000000 -2.540000 0.000000
0.000000 -2.540000 0.000000
0.000000 -2.540000 0.000000
0.000000 -2.540000 0.000000
0.000000 -2.540000 0.000000
0.000000 -2.540000 0.000000
0.000000 -2.540000 0.000000
0.000000 -2.540000 0.000000
0.000000 -2.540000 0.000000
0.000000 -2.540000 0.000000
0.000000 -2.540000 0.000000
0.000000 -2.540000 0.000000
0.000000 -2.540000 0.000000
0.000000 -2.540000 0.000000
0.000000 -2.540000 0.000000
0.000000 -2.540000 0.000000
0.000000 -2.540000 0.000000
0.000000 -2.540000 0.000000
0.000000 -2.540000 0.000000
0.000000 -2.540000 0.000000
0.000000 -2.540000 0.000000
0.000000 -2.540000 0.000000
-0.607862 -2.466192 0.000000
-0.607862 -2.466192 0.000000
0.000000 -2.540000 0.000000
-0.607862 -2.466192 0.000000
-0.607862 -2.466192 0.000000
-0.607862 -2.466192 0.000000
-1.180397 -2.249058 0.000000
-1.180397 -2.249058 0.000000
-0.607862 -2.466192 0.000000
-1.180397 -2.249058 0.000000
-1.180397 -2.249058 0.000000
-1.180397 -2.249058 0.000000
-1.684332 -1.901217 0.000000
-1.684332 -1.901217 0.000000
-1.180397 -2.249058 0.000000
-1.684332 -1.901217 0.000000
-1.684332 -1.901217 0.000000
-1.684332 -1.901217 0.000000
-2.090379 -1.442884 0.000000
-2.090379 -1.442884 0.000000
-1.684332 -1.901217 0.000000
-2.090379 -1.442884 0.000000
-2.090379 -1.442884 0.000000
-2.090379 -1.442884 0.000000
-2.374941 -0.900696 0.000000
-2.374941 -0.900696 0.000000
-2.090379 -1.442884 0.000000
-2.374941 -0.900696 0.000000
-2.374941 -0.900696 0.000000
-2.374941 -0.900696 0.000000
-2.521481 -0.306163 0.000000
-2.521481 -0.306163 0.000000
-2.374941 -0.900696 0.000000
-2.521481 -0.306163 0.000000
-2.521481 -0.306163 0.000000
-2.521481 -0.306163 0.000000
-2.521481 0.306163 0.000000
-2.521481 0.306163 0.000000
-2.521481 -0.306163 0.000000
-2.521481 0.306163 0.000000
-2.521481 0.306163 0.000000
-2.521481 0.306163 0.000000
-2.374941 0.900696 0.000000
-2.374941 0.900696 0.000000
-2.521481 0.306163 0.000000
-2.374941 0.900696 0.000000
-2.374941 0.900696 0.000000
-2.374941 0.900696 0.000000
-2.090379 1.442884 0.000000
-2.090379 1.442884 0.000000
-2.374941 0.900696 0.000000
-2.090379 1.442884 0.000000
-2.090379 1.442884 0.000000
-2.090379 1.442884 0.000000
-1.684332 1.901217 0.000000
-1.684332 1.901217 0.000000
-2.090379 1.442884 0.000000
-1.684332 1.901217 0.000000
-1.684332 1.901217 0.000000
-1.684332 1.901217 0.000000
-1.180397 2.249058 0.000000
-1.180397 2.249058 0.000000
-1.684332 1.901217 0.000000
-1.180397 2.249058 0.000000
-1.180397 2.249058 0.000000
-1.180397 2.249058 0.000000
-0.607862 2.466192 0.000000
-0.607862 2.466192 0.000000
-1.180397 2.249058 0.000000
-0.607862 2.466192 0.000000
-0.607862 2.466192 0.000000
-0.607862 2.466192 0.000000
-0.000000 2.540000 0.000000
-0.000000 2.540000 0.000000
-0.607862 2.466192 0.000000
-0.000000 2.540000 0.000000
-0.000000 2.540000 0.000000
-0.000000 2.540000 0.000000
0.000000 2.540000 0.000000
0.000000 2.540000 0.000000
-0.000000 2.540000 0.000000
0.000000 2.540000 0.000000
0.000000 2.540000 0.000000
0.000000 2.540000 0.000000
0.000000 2.540000 0.000000
0.000000 2.540000 0.000000
0.000000 2.540000 0.000000
0.000000 2.540000 0.000000
0.000000 0.000000 -2.540000
0.000000 0.000000 -2.540000
0.000000 0.000000 -2.540000
0.000000 0.000000 -2.540000
0.000000 0.000000 -2.540000
0.000000 0.000000 -2.540000
0.000000 0.000000 -2.540000
0.000000 0.000000 -2.540000
0.000000 0.000000 -2.540000
0.000000 0.000000 -2.540000
0.000000 0.000000 -2.540000
0.000000 0.000000 -2.540000
0.000000 0.000000 -2.540000
0.000000 0.000000 -2.540000
0.000000 0.000000 -2.540000
0.000000 0.000000 -2.540000
0.000000 0.000000 -2.540000
0.000000 0.000000 -2.540000
0.000000 0.000000 -2.540000
0.000000 0.000000 -2.540000
0.000000 0.000000 -2.540000
0.000000 0.000000 -2.540000
0.000000 0.000000 -2.540000
0.000000 0.000000 -2.540000
0.000000 0.000000 -2.540000
0.000000 0.000000 -2.540000
0.000000 0.000000 -2.540000
0.000000 0.000000 -2.540000
0.000000 0.000000 -2.540000
0.000000 0.000000 -2.540000
0.000000 0.000000 -2.540000
0.000000 0.000000 -2.540000
0.000000 0.000000 -2.540000
0.000000 0.000000 -2.540000
0.000000 0.000000 -2.540000
0.000000 0.000000 -2.540000
0.000000 0.000000 -2.540000
0.000000 0.000000 -2.540000
0.000000 0.000000 -2.540000
0.000000 0.000000 -2.540000
0.000000 0.000000 -2.540000
0.000000 0.000000 -2.540000
0.000000 0.000000 -2.540000
0.000000 0.000000 -2.540000
0.000000 0.000000 -2.540000
0.000000 0.000000 -2.540000
0.000000 0.000000 -2.540000
0.000000 0.000000 -2.540000
0.000000 2.540000 0.000000
0.000000 2.540000 0.000000
0.565203 2.476317 0.000000
0.565203 2.476317 0.000000
0.000000 2.540000 0.000000
0.565203 2.476317 0.000000
0.565203 2.476317 0.000000
0.565203 2.476317 0.000000
1.102065 2.288461 0.000000
1.102065 2.288461 0.000000
0.565203 2.476317 0.000000
1.102065 2.288461 0.000000
1.102065 2.288461 0.000000
1.102065 2.288461 0.000000
1.583664 1.985852 0.000000
1.583664 1.985852 0.000000
1.102065 2.288461 0.000000
1.583664 1.985852 0.000000
1.583664 1.985852 0.000000
1.583664 1.985852 0.000000
1.985852 1.583664 0.000000
1.985852 1.583664 0.000000
1.583664 1.985852 0.000000
1.985852 1.583664 0.000000
1.985852 1.583664 0.000000
1.985852 1.583664 0.000000
2.288461 1.102065 0.000000
2.288461 1.102065 0.000000
1.985852 1.583664 0.000000
2.288461 1.102065 0.000000
2.288461 1.102065 0.000000
2.288461 1.102065 0.000000
2.476317 0.565203 0.000000
2.476317 0.565203 0.000000
2.288461 1.102065 0.000000
2.476317 0.565203 0.000000
2.476317 0.565203 0.000000
2.476317 0.565203 0.000000
2.540000 -0.000000 0.000000
2.540000 -0.000000 0.000000
2.476317 0.565203 0.000000
2.540000 -0.000000 0.000000
2.540000 0.000000 0.000000
2.540000 0.000000 0.000000
2.476317 -0.565203 0.000000
2.476317 -0.565203 0.000000
2.540000 0.000000 0.000000
2.476317 -0.565203 0.000000
2.476317 -0.565203 0.000000
2.476317 -0.565203 0.000000
2.288461 -1.102065 0.000000
2.288461 -1.102065 0.000000
2.476317 -0.565203 0.000000
2.288461 -1.102065 0.000000
2.288461 -1.102065 0.000000
2.288461 -1.102065 0.000000
1.985852 -1.583664 0.000000
1.985852 -1.583664 0.000000
2.288461 -1.102065 0.000000
1.985852 -1.583664 0.000000
1.985852 -1.583664 0.000000
1.985852 -1.583664 0.000000
1.583664 -1.985852 0.000000
1.583664 -1.985852 0.000000
1.985852 -1.583664 0.000000
1.583664 -1.985852 0.000000
1.583664 -1.985852 0.000000
1.583664 -1.985852 0.000000
1.102065 -2.288461 0.000000
1.102065 -2.288461 0.000000
1.583664 -1.985852 0.000000
1.102065 -2.288461 0.000000
1.102065 -2.288461 0.000000
1.102065 -2.288461 0.000000
0.565203 -2.476317 0.000000
0.565203 -2.476317 0.000000
1.102065 -2.288461 0.000000
0.565203 -2.476317 0.000000
0.565203 -2.476317 0.000000
0.565203 -2.476317 0.000000
0.000000 -2.540000 0.000000
0.000000 -2.540000 0.000000
0.565203 -2.476317 0.000000
0.000000 -2.540000 0.000000
0.000000 0.000000 2.540000
0.000000 0.000000 2.540000
0.000000 -0.255365 2.527131
0.000000 -0.255365 2.527131
0.000000 0.000000 2.540000
0.000000 -0.255365 2.527131
0.000000 -0.255365 2.527131
0.000000 -0.255365 2.527131
0.000000 -0.505073 2.489277
0.000000 -0.505073 2.489277
0.000000 -0.255365 2.527131
0.000000 -0.505073 2.489277
0.000000 -0.505073 2.489277
0.000000 -0.505073 2.489277
0.000000 -0.978707 2.343871
0.000000 -0.505073 2.489277
0.000000 -0.978707 2.343871
0.000000 -0.978707 2.343871
0.000000 -0.978707 2.343871
0.000000 -0.978707 2.343871
0.000000 -1.406445 2.115068
0.000000 -0.978707 2.343871
0.000000 -1.406445 2.115068
0.000000 -1.406445 2.115068
0.000000 -1.406445 2.115068
0.000000 -1.406445 2.115068
0.000000 -1.773079 1.818733
0.000000 -1.406445 2.115068
0.000000 -1.773079 1.818733
0.000000 -1.773079 1.818733
0.000000 -1.773079 1.818733
0.000000 -1.773079 1.818733
0.000000 -2.082116 1.454782
0.000000 -2.082116 1.454782
0.000000 -1.773079 1.818733
0.000000 -2.082116 1.454782
0.000000 -2.082116 1.454782
0.000000 -2.082116 1.454782
0.000000 -2.329068 1.013432
0.000000 -2.082116 1.454782
0.000000 -2.329068 1.013432
0.000000 -2.329068 1.013432
0.000000 -2.329068 1.013432
0.000000 -2.329068 1.013432
0.000000 -2.486768 0.517289
0.000000 -2.329068 1.013432
0.000000 -2.486768 0.517289
0.000000 -2.486768 0.517289
0.000000 -2.486768 0.517289
0.000000 -2.486768 0.517289
0.000000 -2.526780 0.258806
0.000000 -2.486768 0.517289
0.000000 -2.526780 0.258806
0.000000 -2.526780 0.258806
0.000000 -2.526780 0.258806
0.000000 -2.526780 0.258806
0.000000 -2.540000 0.000000
0.000000 -2.540000 0.000000
0.000000 -2.526780 0.258806
0.000000 -2.540000 0.000000
0.000000 -2.540000 0.000000
0.000000 -2.540000 0.000000
0.000000 -2.526780 -0.258806
0.000000 -2.526780 -0.258806
0.000000 -2.540000 0.000000
0.000000 -2.526780 -0.258806
0.000000 -2.526780 -0.258806
0.000000 -2.526780 -0.258806
0.000000 -2.486768 -0.517289
0.000000 -2.526780 -0.258806
0.000000 -2.486768 -0.517289
0.000000 -2.486768 -0.517289
0.000000 -2.486768 -0.517289
0.000000 -2.486768 -0.517289
0.000000 -2.329068 -1.013432
0.000000 -2.486768 -0.517289
0.000000 -2.329068 -1.013432
0.000000 -2.329068 -1.013432
0.000000 -2.329068 -1.013432
0.000000 -2.329068 -1.013432
0.000000 -2.082116 -1.454782
0.000000 -2.329068 -1.013432
0.000000 -2.082116 -1.454782
0.000000 -2.082116 -1.454782
0.000000 -2.082116 -1.454782
0.000000 -2.082116 -1.454782
0.000000 -1.773079 -1.818733
0.000000 -1.773079 -1.818733
0.000000 -2.082116 -1.454782
0.000000 -1.773079 -1.818733
0.000000 -1.773079 -1.818733
0.000000 -1.773079 -1.818733
0.000000 -1.406445 -2.115068
0.000000 -1.773079 -1.818733
0.000000 -1.406445 -2.115068
0.000000 -1.406445 -2.115068
0.000000 -1.406445 -2.115068
0.000000 -1.406445 -2.115068
0.000000 -0.978707 -2.343871
0.000000 -1.406445 -2.115068
0.000000 -0.978707 -2.343871
0.000000 -0.978707 -2.343871
0.000000 -0.978707 -2.343871
0.000000 -0.978707 -2.343871
0.000000 -0.505073 -2.489277
0.000000 -0.978707 -2.343871
0.000000 -0.505073 -2.489277
0.000000 -0.505073 -2.489277
0.000000 -0.505073 -2.489277
0.000000 -0.505073 -2.489277
0.000000 -0.255365 -2.527131
0.000000 -0.255365 -2.527131
0.000000 -0.505073 -2.489277
0.000000 -0.255365 -2.527131
0.000000 -0.255365 -2.527131
0.000000 -0.255365 -2.527131
0.000000 0.000000 -2.540000
0.000000 0.000000 -2.540000
0.000000 -0.255365 -2.527131
0.000000 0.000000 -2.540000
0.000000 0.000000 2.540000
0.000000 0.000000 2.540000
0.000000 -0.255365 2.527131
0.000000 -0.255365 2.527131
0.000000 0.000000 2.540000
0.000000 -0.255365 2.527131
0.000000 -0.255365 2.527131
0.000000 -0.255365 2.527131
0.000000 -0.505073 2.489277
0.000000 -0.505073 2.489277
0.000000 -0.255365 2.527131
0.000000 -0.505073 2.489277
0.000000 -0.505073 2.489277
0.000000 -0.505073 2.489277
0.000000 -0.978707 2.343871
0.000000 -0.505073 2.489277
0.000000 -0.978707 2.343871
0.000000 -0.978707 2.343871
0.000000 -0.978707 2.343871
0.000000 -0.978707 2.343871
0.000000 -1.406445 2.115068
0.000000 -0.978707 2.343871
0.000000 -1.406445 2.115068
0.000000 -1.406445 2.115068
0.000000 -1.406445 2.115068
0.000000 -1.406445 2.115068
0.000000 -1.773079 1.818733
0.000000 -1.406445 2.115068
0.000000 -1.773079 1.818733
0.000000 -1.773079 1.818733
0.000000 -1.773079 1.818733
0.000000 -1.773079 1.818733
0.000000 -2.082116 1.454782
0.000000 -2.082116 1.454782
0.000000 -1.773079 1.818733
0.000000 -2.082116 1.454782
0.000000 -2.082116 1.454782
0.000000 -2.082116 1.454782
0.000000 -2.329068 1.013432
0.000000 -2.082116 1.454782
0.000000 -2.329068 1.013432
0.000000 -2.329068 1.013432
0.000000 -2.329068 1.013432
0.000000 -2.329068 1.013432
0.000000 -2.486768 0.517289
0.000000 -2.329068 1.013432
0.000000 -2.486768 0.517289
0.000000 -2.486768 0.517289
0.000000 -2.486768 0.517289
0.000000 -2.486768 0.517289
0.000000 -2.526780 0.258806
0.000000 -2.486768 0.517289
0.000000 -2.526780 0.258806
0.000000 -2.526780 0.258806
0.000000 -2.526780 0.258806
0.000000 -2.526780 0.258806
0.000000 -2.540000 0.000000
0.000000 -2.540000 0.000000
0.000000 -2.526780 0.258806
0.000000 -2.540000 0.000000
0.000000 -2.540000 0.000000
0.000000 -2.540000 0.000000
0.000000 -2.526780 -0.258806
0.000000 -2.526780 -0.258806
0.000000 -2.540000 0.000000
0.000000 -2.526780 -0.258806
0.000000 -2.526780 -0.258806
0.000000 -2.526780 -0.258806
0.000000 -2.486768 -0.517289
0.000000 -2.526780 -0.258806
0.000000 -2.486768 -0.517289
0.000000 -2.486768 -0.517289
0.000000 -2.486768 -0.517289
0.000000 -2.486768 -0.517289
0.000000 -2.329068 -1.013432
0.000000 -2.486768 -0.517289
0.000000 -2.329068 -1.013432
0.000000 -2.329068 -1.013432
0.000000 -2.329068 -1.013432
0.000000 -2.329068 -1.013432
0.000000 -2.082116 -1.454782
0.000000 -2.329068 -1.013432
0.000000 -2.082116 -1.454782
0.000000 -2.082116 -1.454782
0.000000 -2.082116 -1.454782
0.000000 -2.082116 -1.454782
0.000000 -1.773079 -1.818733
0.000000 -1.773079 -1.818733
0.000000 -2.082116 -1.454782
0.000000 -1.773079 -1.818733
0.000000 -1.773079 -1.818733
0.000000 -1.773079 -1.818733
0.000000 -1.406445 -2.115068
0.000000 -1.773079 -1.818733
0.000000 -1.406445 -2.115068
0.000000 -1.406445 -2.115068
0.000000 -1.406445 -2.115068
0.000000 -1.406445 -2.115068
0.000000 -0.978707 -2.343871
0.000000 -1.406445 -2.115068
0.000000 -0.978707 -2.343871
0.000000 -0.978707 -2.343871
0.000000 -0.978707 -2.343871
0.000000 -0.978707 -2.343871
0.000000 -0.505073 -2.489277
0.000000 -0.978707 -2.343871
0.000000 -0.505073 -2.489277
0.000000 -0.505073 -2.489277
0.000000 -0.505073 -2.489277
0.000000 -0.505073 -2.489277
0.000000 -0.255365 -2.527131
0.000000 -0.255365 -2.527131
0.000000 -0.505073 -2.489277
0.000000 -0.255365 -2.527131
0.000000 -0.255365 -2.527131
0.000000 -0.255365 -2.527131
0.000000 0.000000 -2.540000
0.000000 0.000000 -2.540000
0.000000 -0.255365 -2.527131
0.000000 0.000000 -2.540000
2.540000 0.000000 0.000000
2.540000 0.000000 0.000000
2.540000 0.000000 0.000000
2.540000 0.000000 0.000000
2.540000 0.000000 0.000000
2.540000 0.000000 0.000000
0.000000 -2.540000 0.000000
0.000000 -2.540000 0.000000
0.000000 -2.540000 0.000000
0.000000 -2.540000 0.000000
0.000000 -2.540000 0.000000
0.000000 -2.540000 0.000000
-2.540000 0.000000 0.000000
-2.540000 0.000000 0.000000
-2.540000 0.000000 0.000000
-2.540000 0.000000 0.000000
-2.540000 0.000000 0.000000
-2.540000 0.000000 0.000000
0.000000 2.540000 0.000000
0.000000 2.540000 0.000000
0.000000 2.540000 0.000000
0.000000 2.540000 0.000000
0.000000 2.540000 0.000000
0.000000 2.540000 0.000000
0.000000 0.000000 2.540000
0.000000 0.000000 2.540000
0.000000 0.000000 2.540000
0.000000 0.000000 2.540000
0.000000 0.000000 2.540000
0.000000 0.000000 2.540000
2.540000 0.000000 0.000000
2.540000 0.000000 0.000000
2.540000 0.000000 0.000000
2.540000 0.000000 0.000000
2.540000 0.000000 0.000000
2.540000 0.000000 0.000000
0.000000 -2.540000 0.000000
0.000000 -2.540000 0.000000
0.000000 -2.540000 0.000000
0.000000 -2.540000 0.000000
0.000000 -2.540000 0.000000
0.000000 -2.540000 0.000000
-2.540000 0.000000 0.000000
-2.540000 0.000000 0.000000
-2.540000 0.000000 0.000000
-2.540000 0.000000 0.000000
-2.540000 0.000000 0.000000
-2.540000 0.000000 0.000000
0.000000 2.540000 0.000000
0.000000 2.540000 0.000000
0.000000 2.540000 0.000000
0.000000 2.540000 0.000000
0.000000 2.540000 0.000000
0.000000 2.540000 0.000000
0.000000 0.000000 2.540000
0.000000 0.000000 2.540000
0.000000 0.000000 2.540000
0.000000 0.000000 2.540000
0.000000 0.000000 2.540000
0.000000 0.000000 2.540000
2.540000 0.000000 0.000000
2.540000 0.000000 0.000000
2.540000 0.000000 0.000000
2.540000 0.000000 0.000000
2.540000 0.000000 0.000000
2.540000 0.000000 0.000000
0.000000 -2.540000 0.000000
0.000000 -2.540000 0.000000
0.000000 -2.540000 0.000000
0.000000 -2.540000 0.000000
0.000000 -2.540000 0.000000
0.000000 -2.540000 0.000000
-2.540000 0.000000 0.000000
-2.540000 0.000000 0.000000
-2.540000 0.000000 0.000000
-2.540000 0.000000 0.000000
-2.540000 0.000000 0.000000
-2.540000 0.000000 0.000000
0.000000 2.540000 0.000000
0.000000 2.540000 0.000000
0.000000 2.540000 0.000000
0.000000 2.540000 0.000000
0.000000 2.540000 0.000000
0.000000 2.540000 0.000000
0.000000 0.000000 2.540000
0.000000 0.000000 2.540000
0.000000 0.000000 2.540000
0.000000 0.000000 2.540000
0.000000 0.000000 2.540000
0.000000 0.000000 2.540000
2.540000 0.000000 0.000000
2.540000 0.000000 0.000000
2.540000 0.000000 0.000000
2.540000 0.000000 0.000000
2.540000 0.000000 0.000000
2.540000 0.000000 0.000000
0.000000 -2.540000 0.000000
0.000000 -2.540000 0.000000
0.000000 -2.540000 0.000000
0.000000 -2.540000 0.000000
0.000000 -2.540000 0.000000
0.000000 -2.540000 0.000000
-2.540000 0.000000 0.000000
-2.540000 0.000000 0.000000
-2.540000 0.000000 0.000000
-2.540000 0.000000 0.000000
-2.540000 0.000000 0.000000
-2.540000 0.000000 0.000000
0.000000 2.540000 0.000000
0.000000 2.540000 0.000000
0.000000 2.540000 0.000000
0.000000 2.540000 0.000000
0.000000 2.540000 0.000000
0.000000 2.540000 0.000000
0.000000 0.000000 2.540000
0.000000 0.000000 2.540000
0.000000 0.000000 2.540000
0.000000 0.000000 2.540000
0.000000 0.000000 2.540000
0.000000 0.000000 2.540000
2.540000 0.000000 0.000000
2.540000 0.000000 0.000000
2.540000 0.000000 0.000000
2.540000 0.000000 0.000000
2.540000 0.000000 0.000000
2.540000 0.000000 0.000000
0.000000 -2.540000 0.000000
0.000000 -2.540000 0.000000
0.000000 -2.540000 0.000000
0.000000 -2.540000 0.000000
0.000000 -2.540000 0.000000
0.000000 -2.540000 0.000000
-2.540000 0.000000 0.000000
-2.540000 0.000000 0.000000
-2.540000 0.000000 0.000000
-2.540000 0.000000 0.000000
-2.540000 0.000000 0.000000
-2.540000 0.000000 0.000000
0.000000 2.540000 0.000000
0.000000 2.540000 0.000000
0.000000 2.540000 0.000000
0.000000 2.540000 0.000000
0.000000 2.540000 0.000000
0.000000 2.540000 0.000000
0.000000 0.000000 2.540000
0.000000 0.000000 2.540000
0.000000 0.000000 2.540000
0.000000 0.000000 2.540000
0.000000 0.000000 2.540000
0.000000 0.000000 2.540000
2.540000 0.000000 0.000000
2.540000 0.000000 0.000000
2.540000 0.000000 0.000000
2.540000 0.000000 0.000000
2.540000 0.000000 0.000000
2.540000 0.000000 0.000000
0.000000 -2.540000 0.000000
0.000000 -2.540000 0.000000
0.000000 -2.540000 0.000000
0.000000 -2.540000 0.000000
0.000000 -2.540000 0.000000
0.000000 -2.540000 0.000000
-2.540000 0.000000 0.000000
-2.540000 0.000000 0.000000
-2.540000 0.000000 0.000000
-2.540000 0.000000 0.000000
-2.540000 0.000000 0.000000
-2.540000 0.000000 0.000000
0.000000 2.540000 0.000000
0.000000 2.540000 0.000000
0.000000 2.540000 0.000000
0.000000 2.540000 0.000000
0.000000 2.540000 0.000000
0.000000 2.540000 0.000000
0.000000 0.000000 2.540000
0.000000 0.000000 2.540000
0.000000 0.000000 2.540000
0.000000 0.000000 2.540000
0.000000 0.000000 2.540000
0.000000 0.000000 2.540000
2.540000 0.000000 0.000000
2.540000 0.000000 0.000000
2.540000 0.000000 0.000000
2.540000 0.000000 0.000000
2.540000 0.000000 0.000000
2.540000 0.000000 0.000000
0.000000 -2.540000 0.000000
0.000000 -2.540000 0.000000
0.000000 -2.540000 0.000000
0.000000 -2.540000 0.000000
0.000000 -2.540000 0.000000
0.000000 -2.540000 0.000000
-2.540000 0.000000 0.000000
-2.540000 0.000000 0.000000
-2.540000 0.000000 0.000000
-2.540000 0.000000 0.000000
-2.540000 0.000000 0.000000
-2.540000 0.000000 0.000000
0.000000 2.540000 0.000000
0.000000 2.540000 0.000000
0.000000 2.540000 0.000000
0.000000 2.540000 0.000000
0.000000 2.540000 0.000000
0.000000 2.540000 0.000000
0.000000 0.000000 2.540000
0.000000 0.000000 2.540000
0.000000 0.000000 2.540000
0.000000 0.000000 2.540000
0.000000 0.000000 2.540000
0.000000 0.000000 2.540000
2.540000 0.000000 0.000000
2.540000 0.000000 0.000000
2.540000 0.000000 0.000000
2.540000 0.000000 0.000000
2.540000 0.000000 0.000000
2.540000 0.000000 0.000000
0.000000 -2.540000 0.000000
0.000000 -2.540000 0.000000
0.000000 -2.540000 0.000000
0.000000 -2.540000 0.000000
0.000000 -2.540000 0.000000
0.000000 -2.540000 0.000000
-2.540000 0.000000 0.000000
-2.540000 0.000000 0.000000
-2.540000 0.000000 0.000000
-2.540000 0.000000 0.000000
-2.540000 0.000000 0.000000
-2.540000 0.000000 0.000000
0.000000 2.540000 0.000000
0.000000 2.540000 0.000000
0.000000 2.540000 0.000000
0.000000 2.540000 0.000000
0.000000 2.540000 0.000000
0.000000 2.540000 0.000000
0.000000 0.000000 2.540000
0.000000 0.000000 2.540000
0.000000 0.000000 2.540000
0.000000 0.000000 2.540000
0.000000 0.000000 2.540000
0.000000 0.000000 2.540000
-2.540000 -0.000000 0.000000
-2.540000 0.000000 0.000000
-2.540000 -0.000000 0.000000
-2.540000 -0.000000 0.000000
-2.540000 0.000000 0.000000
-2.540000 0.000000 0.000000
-2.540000 0.000000 0.000000
-2.540000 0.000000 0.000000
-2.540000 0.000000 0.000000
-2.540000 0.000000 0.000000
-2.540000 0.000000 0.000000
-2.466192 0.607862 0.000000
-2.466192 0.607862 0.000000
-2.540000 0.000000 0.000000
-2.466192 0.607862 0.000000
-2.466192 0.607862 0.000000
-2.466192 0.607862 0.000000
-2.249058 1.180397 0.000000
-2.249058 1.180397 0.000000
-2.466192 0.607862 0.000000
-2.249058 1.180397 0.000000
-2.249058 1.180397 0.000000
-2.249058 1.180397 0.000000
-1.901217 1.684332 0.000000
-1.901217 1.684332 0.000000
-2.249058 1.180397 0.000000
-1.901217 1.684332 0.000000
-1.901217 1.684332 0.000000
-1.901217 1.684332 0.000000
-1.442884 2.090379 0.000000
-1.442884 2.090379 0.000000
-1.901217 1.684332 0.000000
-1.442884 2.090379 0.000000
-1.442884 2.090379 0.000000
-1.442884 2.090379 0.000000
-0.900696 2.374941 0.000000
-0.900696 2.374941 0.000000
-1.442884 2.090379 0.000000
-0.900696 2.374941 0.000000
-0.900696 2.374941 0.000000
-0.900696 2.374941 0.000000
-0.306163 2.521481 0.000000
-0.306163 2.521481 0.000000
-0.900696 2.374941 0.000000
-0.306163 2.521481 0.000000
-0.306163 2.521481 0.000000
-0.306163 2.521481 0.000000
0.306163 2.521481 0.000000
0.306163 2.521481 0.000000
-0.306163 2.521481 0.000000
0.306163 2.521481 0.000000
0.306163 2.521481 0.000000
0.306163 2.521481 0.000000
0.900696 2.374941 0.000000
0.900696 2.374941 0.000000
0.306163 2.521481 0.000000
0.900696 2.374941 0.000000
0.900696 2.374941 0.000000
0.900696 2.374941 0.000000
1.442884 2.090379 0.000000
1.442884 2.090379 0.000000
0.900696 2.374941 0.000000
1.442884 2.090379 0.000000
1.442884 2.090379 0.000000
1.442884 2.090379 0.000000
1.901217 1.684332 0.000000
1.901217 1.684332 0.000000
1.442884 2.090379 0.000000
1.901217 1.684332 0.000000
1.901217 1.684332 0.000000
1.901217 1.684332 0.000000
2.249058 1.180397 0.000000
2.249058 1.180397 0.000000
1.901217 1.684332 0.000000
2.249058 1.180397 0.000000
2.249058 1.180397 0.000000
2.249058 1.180397 0.000000
2.466192 0.607862 0.000000
2.466192 0.607862 0.000000
2.249058 1.180397 0.000000
2.466192 0.607862 0.000000
2.466192 0.607862 0.000000
2.466192 0.607862 0.000000
2.540000 0.000000 0.000000
2.540000 0.000000 0.000000
2.466192 0.607862 0.000000
2.540000 0.000000 0.000000
2.540000 0.000000 0.000000
2.540000 0.000000 0.000000
2.540000 0.000000 0.000000
2.540000 0.000000 0.000000
2.540000 0.000000 0.000000
2.540000 0.000000 0.000000
0.000000 0.000000 -2.540000
0.000000 0.000000 -2.540000
0.000000 0.000000 -2.540000
0.000000 0.000000 -2.540000
0.000000 0.000000 -2.540000
0.000000 0.000000 -2.540000
0.000000 0.000000 -2.540000
0.000000 0.000000 -2.540000
0.000000 0.000000 -2.540000
0.000000 0.000000 -2.540000
0.000000 0.000000 -2.540000
0.000000 0.000000 -2.540000
0.000000 0.000000 -2.540000
0.000000 0.000000 -2.540000
0.000000 0.000000 -2.540000
0.000000 0.000000 -2.540000
0.000000 0.000000 -2.540000
0.000000 0.000000 -2.540000
0.000000 0.000000 -2.540000
0.000000 0.000000 -2.540000
0.000000 0.000000 -2.540000
0.000000 0.000000 -2.540000
0.000000 0.000000 -2.540000
0.000000 0.000000 -2.540000
0.000000 0.000000 -2.540000
0.000000 0.000000 -2.540000
0.000000 0.000000 -2.540000
0.000000 0.000000 -2.540000
0.000000 0.000000 -2.540000
0.000000 0.000000 -2.540000
0.000000 0.000000 -2.540000
0.000000 0.000000 -2.540000
0.000000 0.000000 -2.540000
0.000000 0.000000 -2.540000
0.000000 0.000000 -2.540000
0.000000 0.000000 -2.540000
0.000000 0.000000 -2.540000
0.000000 0.000000 -2.540000
0.000000 0.000000 -2.540000
0.000000 0.000000 -2.540000
0.000000 0.000000 -2.540000
0.000000 0.000000 -2.540000
0.000000 0.000000 -2.540000
0.000000 0.000000 -2.540000
0.000000 0.000000 -2.540000
0.000000 0.000000 -2.540000
0.000000 0.000000 -2.540000
0.000000 0.000000 -2.540000
0.000000 0.000000 -2.540000
0.000000 0.000000 -2.540000
0.000000 0.000000 -2.540000
0.000000 0.000000 -2.540000
0.000000 0.000000 -2.540000
0.000000 0.000000 -2.540000
0.000000 0.000000 -2.540000
0.000000 0.000000 -2.540000
0.000000 0.000000 -2.540000
0.000000 0.000000 -2.540000
0.000000 0.000000 -2.540000
0.000000 0.000000 -2.540000
0.000000 0.000000 -2.540000
0.000000 0.000000 -2.540000
0.000000 0.000000 -2.540000
0.000000 0.000000 -2.540000
0.000000 0.000000 -2.540000
0.000000 0.000000 -2.540000
0.000000 0.000000 -2.540000
0.000000 0.000000 -2.540000
0.000000 0.000000 -2.540000
0.000000 0.000000 -2.540000
0.000000 0.000000 -2.540000
0.000000 0.000000 -2.540000
0.000000 0.000000 -2.540000
0.000000 0.000000 -2.540000
0.000000 0.000000 -2.540000
0.000000 0.000000 -2.540000
0.000000 0.000000 -2.540000
0.000000 0.000000 -2.540000
0.000000 0.000000 -2.540000
0.000000 0.000000 -2.540000
0.000000 0.000000 -2.540000
0.000000 0.000000 -2.540000
0.000000 0.000000 -2.540000
0.000000 0.000000 -2.540000
0.000000 0.000000 -2.540000
0.000000 0.000000 -2.540000
0.000000 0.000000 -2.540000
0.000000 0.000000 -2.540000
0.000000 0.000000 -2.540000
0.000000 0.000000 -2.540000
0.000000 0.000000 -2.540000
0.000000 0.000000 -2.540000
0.000000 0.000000 -2.540000
0.000000 0.000000 -2.540000
0.000000 0.000000 -2.540000
0.000000 0.000000 -2.540000
0.000000 0.000000 -2.540000
0.000000 0.000000 -2.540000
0.000000 0.000000 -2.540000
0.000000 0.000000 -2.540000
0.000000 0.000000 -2.540000
0.000000 0.000000 -2.540000
0.000000 0.000000 -2.540000
0.000000 0.000000 -2.540000
0.000000 0.000000 -2.540000
0.000000 0.000000 -2.540000
0.000000 0.000000 -2.540000
0.000000 0.000000 -2.540000
0.000000 0.000000 -2.540000
0.000000 0.000000 -2.540000
0.000000 0.000000 -2.540000
0.000000 0.000000 -2.540000
0.000000 0.000000 -2.540000
0.000000 0.000000 -2.540000
0.000000 0.000000 -2.540000
0.000000 0.000000 -2.540000
0.000000 0.000000 -2.540000
0.000000 0.000000 -2.540000
0.000000 0.000000 -2.540000
0.000000 0.000000 -2.540000
0.000000 0.000000 -2.540000
0.000000 0.000000 -2.540000
0.000000 0.000000 -2.540000
0.000000 0.000000 -2.540000
0.000000 0.000000 -2.540000
0.000000 0.000000 -2.540000
0.000000 0.000000 -2.540000
0.000000 0.000000 -2.540000
0.000000 0.000000 -2.540000
0.000000 0.000000 -2.540000
0.000000 0.000000 -2.540000
0.000000 0.000000 -2.540000
0.000000 0.000000 -2.540000
0.000000 0.000000 -2.540000
0.000000 0.000000 -2.540000
0.000000 0.000000 -2.540000
0.000000 0.000000 -2.540000
0.000000 0.000000 -2.540000
0.000000 0.000000 -2.540000
0.000000 0.000000 -2.540000
0.000000 0.000000 -2.540000
0.000000 0.000000 -2.540000
0.000000 0.000000 -2.540000
0.000000 0.000000 -2.540000
0.000000 0.000000 -2.540000
0.000000 0.000000 -2.540000
0.000000 0.000000 -2.540000
0.000000 0.000000 -2.540000
0.000000 0.000000 -2.540000
0.000000 0.000000 -2.540000
0.000000 0.000000 -2.540000
0.000000 0.000000 -2.540000
0.000000 0.000000 -2.540000
0.000000 0.000000 -2.540000
0.000000 0.000000 -2.540000
0.000000 0.000000 -2.540000
0.000000 0.000000 -2.540000
0.000000 0.000000 -2.540000
0.000000 0.000000 -2.540000
0.000000 0.000000 -2.540000
0.000000 0.000000 -2.540000
0.000000 0.000000 -2.540000
0.000000 0.000000 -2.540000
0.000000 0.000000 -2.540000
0.000000 0.000000 -2.540000
0.000000 0.000000 -2.540000
0.000000 0.000000 -2.540000
0.000000 0.000000 -2.540000
0.000000 0.000000 -2.540000
0.000000 0.000000 -2.540000
0.000000 0.000000 -2.540000
0.000000 0.000000 -2.540000
0.000000 0.000000 -2.540000
0.000000 0.000000 -2.540000
0.000000 0.000000 -2.540000
0.000000 0.000000 -2.540000
0.000000 0.000000 -2.540000
0.000000 0.000000 -2.540000
0.000000 0.000000 -2.540000
0.000000 0.000000 -2.540000
0.000000 0.000000 -2.540000
0.000000 0.000000 -2.540000
0.000000 0.000000 -2.540000
0.000000 0.000000 -2.540000
0.000000 0.000000 -2.540000
0.000000 0.000000 -2.540000
0.000000 0.000000 -2.540000
0.000000 0.000000 -2.540000
0.000000 0.000000 -2.540000
0.000000 0.000000 -2.540000
0.000000 0.000000 -2.540000
0.000000 0.000000 -2.540000
0.000000 0.000000 -2.540000
0.000000 0.000000 -2.540000
0.000000 0.000000 -2.540000
0.000000 0.000000 -2.540000
0.000000 0.000000 -2.540000
0.000000 0.000000 -2.540000
0.000000 0.000000 -2.540000
0.000000 0.000000 -2.540000
0.000000 0.000000 -2.540000
0.000000 0.000000 -2.540000
0.000000 0.000000 -2.540000
0.000000 0.000000 -2.540000
0.000000 0.000000 -2.540000
0.000000 0.000000 -2.540000
0.000000 0.000000 -2.540000
0.000000 0.000000 -2.540000
0.000000 0.000000 -2.540000
0.000000 0.000000 -2.540000
0.000000 0.000000 -2.540000
0.000000 0.000000 -2.540000
0.000000 0.000000 -2.540000
0.000000 0.000000 -2.540000
0.000000 0.000000 -2.540000
0.000000 0.000000 -2.540000
0.000000 0.000000 -2.540000
0.000000 0.000000 -2.540000
0.000000 0.000000 -2.540000
0.000000 0.000000 -2.540000
0.000000 0.000000 -2.540000
0.000000 0.000000 -2.540000
0.000000 0.000000 -2.540000
0.000000 0.000000 -2.540000
0.000000 0.000000 -2.540000
0.000000 0.000000 -2.540000
0.000000 0.000000 -2.540000
0.000000 0.000000 -2.540000
0.000000 0.000000 -2.540000
0.000000 0.000000 -2.540000
0.000000 0.000000 -2.540000
0.000000 0.000000 -2.540000
0.000000 0.000000 -2.540000
0.000000 0.000000 -2.540000
0.000000 0.000000 -2.540000
0.000000 0.000000 -2.540000
0.000000 0.000000 -2.540000
0.000000 0.000000 -2.540000
0.000000 0.000000 -2.540000
0.000000 0.000000 -2.540000
0.000000 0.000000 -2.540000
0.000000 0.000000 -2.540000
0.000000 0.000000 -2.540000
0.000000 0.000000 -2.540000
0.000000 0.000000 -2.540000
0.000000 0.000000 -2.540000
2.540000 0.000000 0.000000
2.540000 0.000000 0.000000
2.466192 -0.607862 0.000000
2.466192 -0.607862 0.000000
2.540000 0.000000 0.000000
2.466192 -0.607862 0.000000
2.466192 -0.607862 0.000000
2.466192 -0.607862 0.000000
2.249058 -1.180397 0.000000
2.249058 -1.180397 0.000000
2.466192 -0.607862 0.000000
2.249058 -1.180397 0.000000
2.249058 -1.180397 0.000000
2.249058 -1.180397 0.000000
1.901217 -1.684332 0.000000
1.901217 -1.684332 0.000000
2.249058 -1.180397 0.000000
1.901217 -1.684332 0.000000
1.901217 -1.684332 0.000000
1.901217 -1.684332 0.000000
1.442884 -2.090379 0.000000
1.442884 -2.090379 0.000000
1.901217 -1.684332 0.000000
1.442884 -2.090379 0.000000
1.442884 -2.090379 0.000000
1.442884 -2.090379 0.000000
0.900696 -2.374941 0.000000
0.900696 -2.374941 0.000000
1.442884 -2.090379 0.000000
0.900696 -2.374941 0.000000
0.900696 -2.374941 0.000000
0.900696 -2.374941 0.000000
0.306163 -2.521481 0.000000
0.306163 -2.521481 0.000000
0.900696 -2.374941 0.000000
0.306163 -2.521481 0.000000
0.306163 -2.521481 0.000000
0.306163 -2.521481 0.000000
-0.306163 -2.521481 0.000000
-0.306163 -2.521481 0.000000
0.306163 -2.521481 0.000000
-0.306163 -2.521481 0.000000
-0.306163 -2.521481 0.000000
-0.306163 -2.521481 0.000000
-0.900696 -2.374941 0.000000
-0.900696 -2.374941 0.000000
-0.306163 -2.521481 0.000000
-0.900696 -2.374941 0.000000
-0.900696 -2.374941 0.000000
-0.900696 -2.374941 0.000000
-1.442884 -2.090379 0.000000
-1.442884 -2.090379 0.000000
-0.900696 -2.374941 0.000000
-1.442884 -2.090379 0.000000
-1.442884 -2.090379 0.000000
-1.442884 -2.090379 0.000000
-1.901217 -1.684332 0.000000
-1.901217 -1.684332 0.000000
-1.442884 -2.090379 0.000000
-1.901217 -1.684332 0.000000
-1.901217 -1.684332 0.000000
-1.901217 -1.684332 0.000000
-2.249058 -1.180397 0.000000
-2.249058 -1.180397 0.000000
-1.901217 -1.684332 0.000000
-2.249058 -1.180397 0.000000
-2.249058 -1.180397 0.000000
-2.249058 -1.180397 0.000000
-2.466192 -0.607862 0.000000
-2.466192 -0.607862 0.000000
-2.249058 -1.180397 0.000000
-2.466192 -0.607862 0.000000
-2.466192 -0.607862 0.000000
-2.466192 -0.607862 0.000000
-2.540000 0.000000 0.000000
-2.540000 0.000000 0.000000
-2.466192 -0.607862 0.000000
-2.540000 0.000000 0.000000
2.540000 0.000000 0.000000
2.540000 0.000000 0.000000
2.466192 -0.607862 0.000000
2.466192 -0.607862 0.000000
2.540000 0.000000 0.000000
2.466192 -0.607862 0.000000
2.466192 -0.607862 0.000000
2.466192 -0.607862 0.000000
2.249058 -1.180397 0.000000
2.249058 -1.180397 0.000000
2.466192 -0.607862 0.000000
2.249058 -1.180397 0.000000
2.249058 -1.180397 0.000000
2.249058 -1.180397 0.000000
1.901217 -1.684332 0.000000
1.901217 -1.684332 0.000000
2.249058 -1.180397 0.000000
1.901217 -1.684332 0.000000
1.901217 -1.684332 0.000000
1.901217 -1.684332 0.000000
1.442884 -2.090379 0.000000
1.442884 -2.090379 0.000000
1.901217 -1.684332 0.000000
1.442884 -2.090379 0.000000
1.442884 -2.090379 0.000000
1.442884 -2.090379 0.000000
0.900696 -2.374941 0.000000
0.900696 -2.374941 0.000000
1.442884 -2.090379 0.000000
0.900696 -2.374941 0.000000
0.900696 -2.374941 0.000000
0.900696 -2.374941 0.000000
0.306163 -2.521481 0.000000
0.306163 -2.521481 0.000000
0.900696 -2.374941 0.000000
0.306163 -2.521481 0.000000
0.306163 -2.521481 0.000000
0.306163 -2.521481 0.000000
-0.306163 -2.521481 0.000000
-0.306163 -2.521481 0.000000
0.306163 -2.521481 0.000000
-0.306163 -2.521481 0.000000
-0.306163 -2.521481 0.000000
-0.306163 -2.521481 0.000000
-0.900696 -2.374941 0.000000
-0.900696 -2.374941 0.000000
-0.306163 -2.521481 0.000000
-0.900696 -2.374941 0.000000
-0.900696 -2.374941 0.000000
-0.900696 -2.374941 0.000000
-1.442884 -2.090379 0.000000
-1.442884 -2.090379 0.000000
-0.900696 -2.374941 0.000000
-1.442884 -2.090379 0.000000
-1.442884 -2.090379 0.000000
-1.442884 -2.090379 0.000000
-1.901217 -1.684332 0.000000
-1.901217 -1.684332 0.000000
-1.442884 -2.090379 0.000000
-1.901217 -1.684332 0.000000
-1.901217 -1.684332 0.000000
-1.901217 -1.684332 0.000000
-2.249058 -1.180397 0.000000
-2.249058 -1.180397 0.000000
-1.901217 -1.684332 0.000000
-2.249058 -1.180397 0.000000
-2.249058 -1.180397 0.000000
-2.249058 -1.180397 0.000000
-2.466192 -0.607862 0.000000
-2.466192 -0.607862 0.000000
-2.249058 -1.180397 0.000000
-2.466192 -0.607862 0.000000
-2.466192 -0.607862 0.000000
-2.466192 -0.607862 0.000000
-2.540000 0.000000 0.000000
-2.540000 0.000000 0.000000
-2.466192 -0.607862 0.000000
-2.540000 0.000000 0.000000
0.000000 0.000000 2.540000
0.000000 0.000000 2.540000
0.000000 0.000000 2.540000
0.000000 0.000000 2.540000
0.000000 0.000000 2.540000
0.000000 0.000000 2.540000
0.000000 0.000000 2.540000
0.000000 0.000000 2.540000
0.000000 0.000000 2.540000
0.000000 0.000000 2.540000
0.000000 0.000000 2.540000
0.000000 0.000000 2.540000
0.000000 0.000000 2.540000
0.000000 0.000000 2.540000
0.000000 0.000000 2.540000
0.000000 0.000000 2.540000
0.000000 0.000000 2.540000
0.000000 0.000000 2.540000
0.000000 0.000000 2.540000
0.000000 0.000000 2.540000
0.000000 0.000000 2.540000
0.000000 0.000000 2.540000
0.000000 0.000000 2.540000
0.000000 0.000000 2.540000
0.000000 0.000000 2.540000
0.000000 0.000000 2.540000
0.000000 0.000000 2.540000
0.000000 0.000000 2.540000
0.000000 0.000000 2.540000
0.000000 0.000000 2.540000
0.000000 0.000000 2.540000
0.000000 0.000000 2.540000
0.000000 0.000000 2.540000
0.000000 0.000000 2.540000
0.000000 0.000000 2.540000
0.000000 0.000000 2.540000
0.000000 0.000000 2.540000
0.000000 0.000000 2.540000
0.000000 0.000000 2.540000
0.000000 0.000000 2.540000
0.000000 0.000000 2.540000
0.000000 0.000000 2.540000
0.000000 0.000000 2.540000
0.000000 0.000000 2.540000
0.000000 0.000000 2.540000
0.000000 0.000000 2.540000
0.000000 0.000000 2.540000
0.000000 0.000000 2.540000
0.000000 0.000000 2.540000
0.000000 0.000000 2.540000
0.000000 0.000000 2.540000
0.000000 0.000000 2.540000
0.000000 0.000000 2.540000
0.000000 0.000000 2.540000
0.000000 0.000000 2.540000
0.000000 0.000000 2.540000
0.000000 0.000000 2.540000
0.000000 0.000000 2.540000
0.000000 0.000000 2.540000
0.000000 0.000000 2.540000
0.000000 0.000000 2.540000
0.000000 0.000000 2.540000
0.000000 0.000000 2.540000
0.000000 0.000000 2.540000
0.000000 0.000000 2.540000
0.000000 0.000000 2.540000
0.000000 0.000000 2.540000
0.000000 0.000000 2.540000
0.000000 0.000000 2.540000
0.000000 0.000000 2.540000
0.000000 0.000000 2.540000
0.000000 0.000000 2.540000
0.000000 0.000000 2.540000
0.000000 0.000000 2.540000
0.000000 0.000000 2.540000
0.000000 0.000000 2.540000
0.000000 0.000000 2.540000
0.000000 0.000000 2.540000
0.000000 0.000000 2.540000
0.000000 0.000000 2.540000
0.000000 0.000000 2.540000
0.000000 0.000000 2.540000
0.000000 0.000000 2.540000
0.000000 0.000000 2.540000
0.000000 0.000000 2.540000
0.000000 0.000000 2.540000
0.000000 0.000000 2.540000
0.000000 0.000000 2.540000
0.000000 0.000000 2.540000
0.000000 0.000000 2.540000
0.000000 0.000000 2.540000
0.000000 0.000000 2.540000
0.000000 0.000000 2.540000
0.000000 0.000000 2.540000
0.000000 0.000000 2.540000
0.000000 0.000000 2.540000
0.000000 0.000000 2.540000
0.000000 0.000000 2.540000
0.000000 0.000000 2.540000
0.000000 0.000000 2.540000
0.000000 0.000000 2.540000
0.000000 0.000000 2.540000
0.000000 0.000000 2.540000
0.000000 0.000000 2.540000
0.000000 0.000000 2.540000
0.000000 0.000000 2.540000
0.000000 0.000000 2.540000
0.000000 0.000000 2.540000
0.000000 0.000000 2.540000
0.000000 0.000000 2.540000
0.000000 0.000000 2.540000
0.000000 0.000000 2.540000
0.000000 0.000000 2.540000
0.000000 0.000000 2.540000
0.000000 0.000000 2.540000
0.000000 0.000000 2.540000
0.000000 0.000000 2.540000
0.000000 0.000000 2.540000
0.000000 0.000000 2.540000
0.000000 0.000000 2.540000
0.000000 0.000000 2.540000
0.000000 0.000000 2.540000
0.000000 0.000000 2.540000
0.000000 0.000000 2.540000
0.000000 0.000000 2.540000
0.000000 0.000000 2.540000
0.000000 0.000000 2.540000
0.000000 0.000000 2.540000
0.000000 0.000000 2.540000
0.000000 0.000000 2.540000
0.000000 0.000000 2.540000
0.000000 0.000000 2.540000
0.000000 0.000000 2.540000
0.000000 0.000000 2.540000
0.000000 0.000000 2.540000
0.000000 0.000000 2.540000
0.000000 0.000000 2.540000
0.000000 0.000000 2.540000
0.000000 0.000000 2.540000
0.000000 0.000000 2.540000
0.000000 0.000000 2.540000
0.000000 0.000000 2.540000
0.000000 0.000000 2.540000
0.000000 0.000000 2.540000
0.000000 0.000000 2.540000
0.000000 0.000000 2.540000
0.000000 0.000000 2.540000
0.000000 0.000000 2.540000
0.000000 0.000000 2.540000
0.000000 0.000000 2.540000
0.000000 0.000000 2.540000
0.000000 0.000000 2.540000
0.000000 0.000000 2.540000
0.000000 0.000000 2.540000
0.000000 0.000000 2.540000
0.000000 0.000000 2.540000
0.000000 0.000000 2.540000
0.000000 0.000000 2.540000
0.000000 0.000000 2.540000
0.000000 0.000000 2.540000
0.000000 0.000000 2.540000
0.000000 0.000000 2.540000
2.540000 0.000000 0.000000
2.540000 -0.000000 0.000000
2.466192 -0.607862 0.000000
2.466192 -0.607862 0.000000
2.540000 -0.000000 0.000000
2.466192 -0.607862 0.000000
2.466192 -0.607862 0.000000
2.466192 -0.607862 0.000000
2.249058 -1.180397 0.000000
2.249058 -1.180397 0.000000
2.466192 -0.607862 0.000000
2.249058 -1.180397 0.000000
2.249058 -1.180397 0.000000
2.249058 -1.180397 0.000000
1.901217 -1.684332 0.000000
1.901217 -1.684332 0.000000
2.249058 -1.180397 0.000000
1.901217 -1.684332 0.000000
1.901217 -1.684332 0.000000
1.901217 -1.684332 0.000000
1.442884 -2.090379 0.000000
1.442884 -2.090379 0.000000
1.901217 -1.684332 0.000000
1.442884 -2.090379 0.000000
1.442884 -2.090379 0.000000
1.442884 -2.090379 0.000000
0.900696 -2.374941 0.000000
0.900696 -2.374941 0.000000
1.442884 -2.090379 0.000000
0.900696 -2.374941 0.000000
0.900696 -2.374941 0.000000
0.900696 -2.374941 0.000000
0.306163 -2.521481 0.000000
0.306163 -2.521481 0.000000
0.900696 -2.374941 0.000000
0.306163 -2.521481 0.000000
0.306163 -2.521481 0.000000
0.306163 -2.521481 0.000000
-0.306163 -2.521481 0.000000
-0.306163 -2.521481 0.000000
0.306163 -2.521481 0.000000
-0.306163 -2.521481 0.000000
-0.306163 -2.521481 0.000000
-0.306163 -2.521481 0.000000
-0.900696 -2.374941 0.000000
-0.900696 -2.374941 0.000000
-0.306163 -2.521481 0.000000
-0.900696 -2.374941 0.000000
-0.900696 -2.374941 0.000000
-0.900696 -2.374941 0.000000
-1.442884 -2.090379 0.000000
-1.442884 -2.090379 0.000000
-0.900696 -2.374941 0.000000
-1.442884 -2.090379 0.000000
-1.442884 -2.090379 0.000000
-1.442884 -2.090379 0.000000
-1.901217 -1.684332 0.000000
-1.901217 -1.684332 0.000000
-1.442884 -2.090379 0.000000
-1.901217 -1.684332 0.000000
-1.901217 -1.684332 0.000000
-1.901217 -1.684332 0.000000
-2.249058 -1.180397 0.000000
-2.249058 -1.180397 0.000000
-1.901217 -1.684332 0.000000
-2.249058 -1.180397 0.000000
-2.249058 -1.180397 0.000000
-2.249058 -1.180397 0.000000
-2.466192 -0.607862 0.000000
-2.466192 -0.607862 0.000000
-2.249058 -1.180397 0.000000
-2.466192 -0.607862 0.000000
-2.466192 -0.607862 0.000000
-2.466192 -0.607862 0.000000
-2.540000 0.000000 0.000000
-2.540000 0.000000 0.000000
-2.466192 -0.607862 0.000000
-2.540000 -0.000000 0.000000
2.540000 -0.000000 0.000000
2.540000 0.000000 0.000000
2.540000 0.000000 0.000000
2.540000 0.000000 0.000000
2.540000 0.000000 0.000000
2.540000 0.000000 0.000000
-2.540000 0.000000 0.000000
-2.540000 0.000000 0.000000
-2.484495 0.528096 0.000000
-2.484495 0.528096 0.000000
-2.540000 0.000000 0.000000
-2.466192 0.607862 0.000000
-2.484495 0.528096 0.000000
-2.466192 0.607862 0.000000
-2.320405 1.033111 0.000000
-2.320405 1.033111 0.000000
-2.466192 0.607862 0.000000
-2.249058 1.180397 0.000000
-2.320405 1.033111 0.000000
-2.249058 1.180397 0.000000
-2.054903 1.492975 0.000000
-2.054903 1.492975 0.000000
-2.249058 1.180397 0.000000
-1.901217 1.684332 0.000000
-2.054903 1.492975 0.000000
-1.901217 1.684332 0.000000
-1.699592 1.887588 0.000000
-1.699592 1.887588 0.000000
-1.901217 1.684332 0.000000
-1.442884 2.090379 0.000000
-1.699592 1.887588 0.000000
-1.442884 2.090379 0.000000
-1.270000 2.199704 0.000000
-1.270000 2.199704 0.000000
-1.442884 2.090379 0.000000
-0.900696 2.374941 0.000000
-1.270000 2.199704 0.000000
-0.900696 2.374941 0.000000
-0.784903 2.415684 0.000000
-0.784903 2.415684 0.000000
-0.900696 2.374941 0.000000
-0.306163 2.521481 0.000000
-0.784903 2.415684 0.000000
-0.306163 2.521481 0.000000
-0.265502 2.526086 0.000000
-0.265502 2.526086 0.000000
-0.306163 2.521481 0.000000
0.265502 2.526086 0.000000
0.265502 2.526086 0.000000
-0.306163 2.521481 0.000000
0.306163 2.521481 0.000000
0.265502 2.526086 0.000000
0.306163 2.521481 0.000000
0.784903 2.415684 0.000000
0.784903 2.415684 0.000000
0.306163 2.521481 0.000000
0.900696 2.374941 0.000000
0.784903 2.415684 0.000000
0.900696 2.374941 0.000000
1.270000 2.199704 0.000000
1.270000 2.199704 0.000000
0.900696 2.374941 0.000000
1.442884 2.090379 0.000000
1.270000 2.199704 0.000000
1.442884 2.090379 0.000000
1.699592 1.887588 0.000000
1.699592 1.887588 0.000000
1.442884 2.090379 0.000000
1.901217 1.684332 0.000000
1.699592 1.887588 0.000000
1.901217 1.684332 0.000000
2.054903 1.492975 0.000000
2.054903 1.492975 0.000000
1.901217 1.684332 0.000000
2.249058 1.180397 0.000000
2.054903 1.492975 0.000000
2.249058 1.180397 0.000000
2.320405 1.033111 0.000000
2.320405 1.033111 0.000000
2.249058 1.180397 0.000000
2.466192 0.607862 0.000000
2.320405 1.033111 0.000000
2.466192 0.607862 0.000000
2.484495 0.528096 0.000000
2.484495 0.528096 0.000000
2.466192 0.607862 0.000000
2.540000 0.000000 0.000000
2.484495 0.528096 0.000000
2.540000 0.000000 0.000000
2.540000 0.000000 0.000000
-2.540000 0.000000 0.000000
-2.540000 0.000000 0.000000
-2.540000 -0.000000 0.000000
-2.540000 -0.000000 0.000000
-2.540000 0.000000 0.000000
-2.540000 0.000000 0.000000
-2.540000 -0.000000 0.000000
-2.484495 0.528096 0.000000
-2.540000 -0.000000 0.000000
-2.540000 -0.000000 0.000000
-2.484495 0.528096 0.000000
-2.466192 0.607862 0.000000
-2.466192 0.607862 0.000000
-2.484495 0.528096 0.000000
-2.320405 1.033111 0.000000
-2.466192 0.607862 0.000000
-2.320405 1.033111 0.000000
-2.249058 1.180397 0.000000
-2.249058 1.180397 0.000000
-2.320405 1.033111 0.000000
-2.054903 1.492975 0.000000
-2.249058 1.180397 0.000000
-2.054903 1.492975 0.000000
-1.901217 1.684332 0.000000
-1.901217 1.684332 0.000000
-2.054903 1.492975 0.000000
-1.699592 1.887588 0.000000
-1.901217 1.684332 0.000000
-1.699592 1.887588 0.000000
-1.442884 2.090379 0.000000
-1.442884 2.090379 0.000000
-1.699592 1.887588 0.000000
-1.270000 2.199704 0.000000
-1.442884 2.090379 0.000000
-1.270000 2.199704 0.000000
-0.900696 2.374941 0.000000
-0.900696 2.374941 0.000000
-1.270000 2.199704 0.000000
-0.784903 2.415684 0.000000
-0.900696 2.374941 0.000000
-0.784903 2.415684 0.000000
-0.306163 2.521481 0.000000
-0.306163 2.521481 0.000000
-0.784903 2.415684 0.000000
-0.265502 2.526086 0.000000
-0.306163 2.521481 0.000000
-0.265502 2.526086 0.000000
0.306163 2.521481 0.000000
0.306163 2.521481 0.000000
-0.265502 2.526086 0.000000
0.265502 2.526086 0.000000
0.306163 2.521481 0.000000
0.265502 2.526086 0.000000
0.784903 2.415684 0.000000
0.306163 2.521481 0.000000
0.784903 2.415684 0.000000
0.900696 2.374941 0.000000
0.900696 2.374941 0.000000
0.784903 2.415684 0.000000
1.270000 2.199704 0.000000
0.900696 2.374941 0.000000
1.270000 2.199704 0.000000
1.442884 2.090379 0.000000
1.442884 2.090379 0.000000
1.270000 2.199704 0.000000
1.699592 1.887588 0.000000
1.442884 2.090379 0.000000
1.699592 1.887588 0.000000
1.901217 1.684332 0.000000
1.901217 1.684332 0.000000
1.699592 1.887588 0.000000
2.054903 1.492975 0.000000
1.901217 1.684332 0.000000
2.054903 1.492975 0.000000
2.249058 1.180397 0.000000
2.249058 1.180397 0.000000
2.054903 1.492975 0.000000
2.320405 1.033111 0.000000
2.249058 1.180397 0.000000
2.320405 1.033111 0.000000
2.466192 0.607862 0.000000
2.466192 0.607862 0.000000
2.320405 1.033111 0.000000
2.484495 0.528096 0.000000
2.466192 0.607862 0.000000
2.484495 0.528096 0.000000
2.540000 0.000000 0.000000
2.540000 0.000000 0.000000
2.484495 0.528096 0.000000
2.540000 0.000000 0.000000
2.540000 0.000000 0.000000
2.540000 0.000000 0.000000
2.540000 0.000000 0.000000
2.540000 0.000000 0.000000
2.540000 0.000000 0.000000
2.540000 0.000000 0.000000
2.540000 0.000000 0.000000
2.540000 0.000000 0.000000
2.466192 -0.607862 0.000000
2.466192 -0.607862 0.000000
2.540000 0.000000 0.000000
2.466192 -0.607862 0.000000
2.466192 -0.607862 0.000000
2.466192 -0.607862 0.000000
2.249058 -1.180397 0.000000
2.249058 -1.180397 0.000000
2.466192 -0.607862 0.000000
2.249058 -1.180397 0.000000
2.249058 -1.180397 0.000000
2.249058 -1.180397 0.000000
1.901217 -1.684332 0.000000
1.901217 -1.684332 0.000000
2.249058 -1.180397 0.000000
1.901217 -1.684332 0.000000
1.901217 -1.684332 0.000000
1.901217 -1.684332 0.000000
1.442884 -2.090379 0.000000
1.442884 -2.090379 0.000000
1.901217 -1.684332 0.000000
1.442884 -2.090379 0.000000
1.442884 -2.090379 0.000000
1.442884 -2.090379 0.000000
0.900696 -2.374941 0.000000
0.900696 -2.374941 0.000000
1.442884 -2.090379 0.000000
0.900696 -2.374941 0.000000
0.900696 -2.374941 0.000000
0.900696 -2.374941 0.000000
0.306163 -2.521481 0.000000
0.306163 -2.521481 0.000000
0.900696 -2.374941 0.000000
0.306163 -2.521481 0.000000
0.306163 -2.521481 0.000000
0.306163 -2.521481 0.000000
-0.306163 -2.521481 0.000000
-0.306163 -2.521481 0.000000
0.306163 -2.521481 0.000000
-0.306163 -2.521481 0.000000
-0.306163 -2.521481 0.000000
-0.306163 -2.521481 0.000000
-0.900696 -2.374941 0.000000
-0.900696 -2.374941 0.000000
-0.306163 -2.521481 0.000000
-0.900696 -2.374941 0.000000
-0.900696 -2.374941 0.000000
-0.900696 -2.374941 0.000000
-1.442884 -2.090379 0.000000
-1.442884 -2.090379 0.000000
-0.900696 -2.374941 0.000000
-1.442884 -2.090379 0.000000
-1.442884 -2.090379 0.000000
-1.442884 -2.090379 0.000000
-1.901217 -1.684332 0.000000
-1.901217 -1.684332 0.000000
-1.442884 -2.090379 0.000000
-1.901217 -1.684332 0.000000
-1.901217 -1.684332 0.000000
-1.901217 -1.684332 0.000000
-2.249058 -1.180397 0.000000
-2.249058 -1.180397 0.000000
-1.901217 -1.684332 0.000000
-2.249058 -1.180397 0.000000
-2.249058 -1.180397 0.000000
-2.249058 -1.180397 0.000000
-2.466192 -0.607862 0.000000
-2.466192 -0.607862 0.000000
-2.249058 -1.180397 0.000000
-2.466192 -0.607862 0.000000
-2.466192 -0.607862 0.000000
-2.466192 -0.607862 0.000000
-2.540000 -0.000000 0.000000
-2.540000 -0.000000 0.000000
-2.466192 -0.607862 0.000000
-2.540000 0.000000 0.000000
-2.540000 -0.000000 0.000000
-2.540000 -0.000000 0.000000
-2.540000 0.000000 0.000000
-2.540000 0.000000 0.000000
-2.540000 -0.000000 0.000000
-2.540000 -0.000000 0.000000
0.000000 0.000000 -2.540000
0.000000 0.000000 -2.540000
0.000000 0.000000 -2.540000
0.000000 0.000000 -2.540000
0.000000 0.000000 -2.540000
0.000000 0.000000 -2.540000
0.000000 0.000000 -2.540000
0.000000 0.000000 -2.540000
0.000000 0.000000 -2.540000
0.000000 0.000000 -2.540000
0.000000 0.000000 -2.540000
0.000000 0.000000 -2.540000
0.000000 0.000000 -2.540000
0.000000 0.000000 -2.540000
0.000000 0.000000 -2.540000
0.000000 0.000000 -2.540000
0.000000 0.000000 -2.540000
0.000000 0.000000 -2.540000
0.000000 0.000000 -2.540000
0.000000 0.000000 -2.540000
0.000000 0.000000 -2.540000
0.000000 0.000000 -2.540000
0.000000 0.000000 -2.540000
0.000000 0.000000 -2.540000
0.000000 0.000000 -2.540000
0.000000 0.000000 -2.540000
0.000000 0.000000 -2.540000
0.000000 0.000000 -2.540000
0.000000 0.000000 -2.540000
0.000000 0.000000 -2.540000
0.000000 0.000000 -2.540000
0.000000 0.000000 -2.540000
0.000000 0.000000 -2.540000
0.000000 0.000000 -2.540000
0.000000 0.000000 -2.540000
0.000000 0.000000 -2.540000
0.000000 0.000000 -2.540000
0.000000 0.000000 -2.540000
0.000000 0.000000 -2.540000
0.000000 0.000000 -2.540000
0.000000 0.000000 -2.540000
0.000000 0.000000 -2.540000
0.000000 0.000000 -2.540000
0.000000 0.000000 -2.540000
0.000000 0.000000 -2.540000
0.000000 0.000000 -2.540000
0.000000 0.000000 -2.540000
0.000000 0.000000 -2.540000
0.000000 0.000000 -2.540000
0.000000 0.000000 -2.540000
0.000000 0.000000 -2.540000
0.000000 0.000000 -2.540000
0.000000 0.000000 -2.540000
0.000000 0.000000 -2.540000
0.000000 0.000000 -2.540000
0.000000 0.000000 -2.540000
0.000000 0.000000 -2.540000
0.000000 0.000000 -2.540000
0.000000 0.000000 -2.540000
0.000000 0.000000 -2.540000
0.000000 0.000000 -2.540000
0.000000 0.000000 -2.540000
0.000000 0.000000 -2.540000
0.000000 0.000000 -2.540000
0.000000 0.000000 -2.540000
0.000000 0.000000 -2.540000
0.000000 0.000000 -2.540000
0.000000 0.000000 -2.540000
0.000000 0.000000 -2.540000
0.000000 0.000000 -2.540000
0.000000 0.000000 -2.540000
0.000000 0.000000 -2.540000
0.000000 0.000000 -2.540000
0.000000 0.000000 -2.540000
0.000000 0.000000 -2.540000
0.000000 0.000000 -2.540000
0.000000 0.000000 -2.540000
0.000000 0.000000 -2.540000
0.000000 0.000000 -2.540000
0.000000 0.000000 -2.540000
0.000000 0.000000 -2.540000
0.000000 0.000000 -2.540000
0.000000 0.000000 -2.540000
0.000000 0.000000 -2.540000
0.000000 0.000000 -2.540000
0.000000 0.000000 -2.540000
0.000000 0.000000 -2.540000
0.000000 0.000000 -2.540000
0.000000 0.000000 -2.540000
0.000000 0.000000 -2.540000
0.000000 0.000000 -2.540000
0.000000 0.000000 -2.540000
0.000000 0.000000 -2.540000
0.000000 0.000000 -2.540000
0.000000 0.000000 -2.540000
0.000000 0.000000 -2.540000
0.000000 0.000000 -2.540000
0.000000 0.000000 -2.540000
0.000000 0.000000 -2.540000
0.000000 0.000000 -2.540000
0.000000 0.000000 -2.540000
0.000000 0.000000 -2.540000
0.000000 0.000000 -2.540000
0.000000 0.000000 -2.540000
0.000000 0.000000 -2.540000
0.000000 0.000000 -2.540000
0.000000 0.000000 -2.540000
0.000000 0.000000 -2.540000
0.000000 0.000000 -2.540000
0.000000 0.000000 -2.540000
0.000000 0.000000 -2.540000
0.000000 0.000000 -2.540000
0.000000 0.000000 -2.540000
0.000000 0.000000 -2.540000
0.000000 0.000000 -2.540000
0.000000 0.000000 -2.540000
0.000000 0.000000 -2.540000
0.000000 0.000000 -2.540000
0.000000 0.000000 -2.540000
0.000000 0.000000 -2.540000
0.000000 0.000000 -2.540000
0.000000 0.000000 -2.540000
0.000000 0.000000 -2.540000
0.000000 0.000000 -2.540000
0.000000 0.000000 -2.540000
0.000000 0.000000 -2.540000
0.000000 0.000000 -2.540000
0.000000 0.000000 -2.540000
0.000000 0.000000 -2.540000
0.000000 0.000000 -2.540000
0.000000 0.000000 -2.540000
0.000000 0.000000 -2.540000
0.000000 0.000000 -2.540000
0.000000 0.000000 -2.540000
0.000000 0.000000 -2.540000
0.000000 0.000000 -2.540000
0.000000 0.000000 -2.540000
0.000000 0.000000 -2.540000
0.000000 0.000000 -2.540000
0.000000 0.000000 -2.540000
0.000000 0.000000 -2.540000
0.000000 0.000000 -2.540000
0.000000 0.000000 -2.540000
0.000000 0.000000 -2.540000
0.000000 0.000000 -2.540000
0.000000 0.000000 -2.540000
0.000000 0.000000 -2.540000
0.000000 0.000000 -2.540000
0.000000 0.000000 -2.540000
0.000000 0.000000 -2.540000
0.000000 0.000000 -2.540000
0.000000 0.000000 -2.540000
0.000000 0.000000 -2.540000
0.000000 0.000000 -2.540000
0.000000 0.000000 -2.540000
0.000000 0.000000 -2.540000
0.000000 0.000000 -2.540000
0.000000 0.000000 -2.540000
0.000000 0.000000 -2.540000
0.000000 0.000000 -2.540000
0.000000 0.000000 -2.540000
0.000000 0.000000 -2.540000
0.000000 0.000000 -2.540000
0.000000 0.000000 -2.540000
0.000000 0.000000 -2.540000
0.000000 0.000000 -2.540000
0.000000 0.000000 -2.540000
0.000000 0.000000 -2.540000
0.000000 0.000000 -2.540000
0.000000 0.000000 -2.540000
0.000000 0.000000 -2.540000
0.000000 0.000000 -2.540000
0.000000 0.000000 -2.540000
0.000000 0.000000 -2.540000
0.000000 0.000000 -2.540000
0.000000 0.000000 -2.540000
0.000000 0.000000 -2.540000
0.000000 0.000000 -2.540000
0.000000 0.000000 -2.540000
0.000000 0.000000 -2.540000
0.000000 0.000000 -2.540000
0.000000 0.000000 -2.540000
0.000000 0.000000 -2.540000
0.000000 0.000000 -2.540000
0.000000 0.000000 -2.540000
0.000000 0.000000 -2.540000
0.000000 0.000000 -2.540000
0.000000 0.000000 -2.540000
0.000000 0.000000 -2.540000
0.000000 0.000000 -2.540000
0.000000 0.000000 -2.540000
0.000000 0.000000 -2.540000
0.000000 0.000000 -2.540000
0.000000 0.000000 -2.540000
0.000000 0.000000 -2.540000
0.000000 0.000000 -2.540000
0.000000 0.000000 -2.540000
0.000000 0.000000 -2.540000
0.000000 0.000000 -2.540000
0.000000 0.000000 -2.540000
0.000000 0.000000 -2.540000
0.000000 0.000000 -2.540000
0.000000 0.000000 -2.540000
0.000000 0.000000 -2.540000
0.000000 0.000000 -2.540000
0.000000 0.000000 -2.540000
0.000000 0.000000 -2.540000
0.000000 0.000000 -2.540000
0.000000 0.000000 -2.540000
0.000000 0.000000 -2.540000
0.000000 0.000000 -2.540000
0.000000 0.000000 -2.540000
0.000000 0.000000 -2.540000
0.000000 0.000000 -2.540000
0.000000 0.000000 -2.540000
0.000000 0.000000 -2.540000
0.000000 0.000000 -2.540000
0.000000 0.000000 -2.540000
0.000000 0.000000 -2.540000
0.000000 0.000000 -2.540000
0.000000 0.000000 -2.540000
0.000000 0.000000 -2.540000
0.000000 0.000000 -2.540000
0.000000 0.000000 -2.540000
0.000000 0.000000 -2.540000
0.000000 0.000000 -2.540000
0.000000 0.000000 -2.540000
0.000000 0.000000 -2.540000
0.000000 0.000000 -2.540000
0.000000 0.000000 -2.540000
0.000000 0.000000 -2.540000
0.000000 0.000000 -2.540000
0.000000 0.000000 -2.540000
0.000000 0.000000 -2.540000
0.000000 0.000000 -2.540000
0.000000 0.000000 -2.540000
0.000000 0.000000 -2.540000
0.000000 0.000000 -2.540000
0.000000 0.000000 -2.540000
0.000000 0.000000 -2.540000
0.000000 0.000000 -2.540000
0.000000 0.000000 -2.540000
0.000000 0.000000 -2.540000
0.000000 0.000000 -2.540000
0.000000 0.000000 -2.540000
0.000000 0.000000 -2.540000
0.000000 0.000000 2.540000
0.000000 0.000000 2.540000
0.000000 0.000000 2.540000
0.000000 0.000000 2.540000
0.000000 0.000000 2.540000
0.000000 0.000000 2.540000
0.000000 0.000000 2.540000
0.000000 0.000000 2.540000
0.000000 0.000000 2.540000
0.000000 0.000000 2.540000
0.000000 0.000000 2.540000
0.000000 0.000000 2.540000
0.000000 0.000000 2.540000
0.000000 0.000000 2.540000
0.000000 0.000000 2.540000
0.000000 0.000000 2.540000
0.000000 0.000000 2.540000
0.000000 0.000000 2.540000
0.000000 0.000000 2.540000
0.000000 0.000000 2.540000
0.000000 0.000000 2.540000
0.000000 0.000000 2.540000
0.000000 0.000000 2.540000
0.000000 0.000000 2.540000
0.000000 0.000000 2.540000
0.000000 0.000000 2.540000
0.000000 0.000000 2.540000
0.000000 0.000000 2.540000
0.000000 0.000000 2.540000
0.000000 0.000000 2.540000
-2.540000 0.000000 0.000000
-2.540000 0.000000 0.000000
-2.540000 0.000000 0.000000
-2.540000 0.000000 0.000000
-2.540000 0.000000 0.000000
-2.540000 0.000000 0.000000
-2.540000 0.000000 0.000000
-2.540000 0.000000 0.000000
-2.540000 -0.000000 0.000000
-2.540000 -0.000000 0.000000
-2.540000 0.000000 0.000000
-2.540000 -0.000000 0.000000
0.000000 0.000000 -2.540000
0.000000 0.000000 -2.540000
0.000000 0.000000 -2.540000
0.000000 0.000000 -2.540000
0.000000 0.000000 -2.540000
0.000000 0.000000 -2.540000
0.000000 0.000000 -2.540000
0.000000 0.000000 -2.540000
0.000000 0.000000 -2.540000
0.000000 0.000000 -2.540000
0.000000 0.000000 -2.540000
0.000000 0.000000 -2.540000
0.000000 0.000000 -2.540000
0.000000 0.000000 -2.540000
0.000000 0.000000 -2.540000
0.000000 0.000000 -2.540000
0.000000 0.000000 -2.540000
0.000000 0.000000 -2.540000
0.000000 0.000000 -2.540000
0.000000 0.000000 -2.540000
0.000000 0.000000 -2.540000
0.000000 0.000000 -2.540000
0.000000 0.000000 -2.540000
0.000000 0.000000 -2.540000
0.000000 0.000000 -2.540000
0.000000 0.000000 -2.540000
0.000000 0.000000 -2.540000
0.000000 0.000000 -2.540000
0.000000 0.000000 -2.540000
0.000000 0.000000 -2.540000
2.540000 0.000000 0.000000
2.540000 0.000000 0.000000
2.540000 0.000000 0.000000
2.540000 0.000000 0.000000
2.540000 0.000000 0.000000
2.540000 0.000000 0.000000
2.540000 0.000000 0.000000
2.540000 0.000000 0.000000
2.540000 0.000000 0.000000
2.540000 0.000000 0.000000
2.540000 0.000000 0.000000
2.540000 0.000000 0.000000
2.540000 0.000000 0.000000
2.463270 -0.619597 0.000000
2.540000 0.000000 0.000000
2.540000 0.000000 0.000000
2.463270 -0.619597 0.000000
2.463270 -0.619597 0.000000
2.463270 -0.619597 0.000000
2.463270 -0.619597 0.000000
2.237716 -1.201761 0.000000
2.463270 -0.619597 0.000000
2.237716 -1.201761 0.000000
2.237716 -1.201761 0.000000
2.237716 -1.201761 0.000000
2.237716 -1.201761 0.000000
1.876965 -1.711316 0.000000
2.237716 -1.201761 0.000000
1.876965 -1.711316 0.000000
1.876965 -1.711316 0.000000
1.876965 -1.711316 0.000000
1.876965 -1.711316 0.000000
1.402812 -2.117479 0.000000
1.876965 -1.711316 0.000000
1.402812 -2.117479 0.000000
1.402812 -2.117479 0.000000
1.402812 -2.117479 0.000000
1.402812 -2.117479 0.000000
1.286076 -2.190344 0.000000
1.402812 -2.117479 0.000000
1.286076 -2.190344 0.000000
0.843906 -2.395709 0.000000
0.843906 -2.395709 0.000000
1.286076 -2.190344 0.000000
0.795511 -2.412211 0.000000
0.843906 -2.395709 0.000000
0.795511 -2.412211 0.000000
0.234013 -2.529197 0.000000
0.234013 -2.529197 0.000000
0.795511 -2.412211 0.000000
0.269202 -2.525694 0.000000
0.234013 -2.529197 0.000000
0.269202 -2.525694 0.000000
-0.269202 -2.525694 0.000000
1.286076 -2.190344 0.000000
1.402812 -2.117479 0.000000
1.286076 -2.190344 0.000000
1.286076 -2.190344 0.000000
1.402812 -2.117479 0.000000
0.843906 -2.395709 0.000000
1.286076 -2.190344 0.000000
0.843906 -2.395709 0.000000
0.795511 -2.412211 0.000000
0.795511 -2.412211 0.000000
0.843906 -2.395709 0.000000
0.234013 -2.529197 0.000000
0.795511 -2.412211 0.000000
0.234013 -2.529197 0.000000
0.269202 -2.525694 0.000000
0.269202 -2.525694 0.000000
0.234013 -2.529197 0.000000
-0.269202 -2.525694 0.000000
-0.269202 -2.525694 0.000000
0.234013 -2.529197 0.000000
-0.390019 -2.509878 0.000000
-0.269202 -2.525694 0.000000
-0.390019 -2.509878 0.000000
-0.795511 -2.412211 0.000000
-0.795511 -2.412211 0.000000
-0.390019 -2.509878 0.000000
-0.990486 -2.338918 0.000000
-0.795511 -2.412211 0.000000
-0.990486 -2.338918 0.000000
-1.286076 -2.190344 0.000000
-1.286076 -2.190344 0.000000
-0.990486 -2.338918 0.000000
-1.531111 -2.026647 0.000000
-1.286076 -2.190344 0.000000
-1.531111 -2.026647 0.000000
-1.286076 -2.190344 0.000000
-1.286076 -2.190344 0.000000
-1.531111 -2.026647 0.000000
-1.531111 -2.026647 0.000000
-1.286076 -2.190344 0.000000
-1.531111 -2.026647 0.000000
-0.990486 -2.338918 0.000000
-1.531111 -2.026647 0.000000
-1.979231 -1.591932 0.000000
-1.531111 -2.026647 0.000000
-1.531111 -2.026647 0.000000
-1.979231 -1.591932 0.000000
-1.979231 -1.591932 0.000000
-1.979231 -1.591932 0.000000
-1.979231 -1.591932 0.000000
-2.307770 -1.061036 0.000000
-1.979231 -1.591932 0.000000
-2.307770 -1.061036 0.000000
-2.307770 -1.061036 0.000000
-2.307770 -1.061036 0.000000
-2.307770 -1.061036 0.000000
-2.496880 -0.466035 0.000000
-2.307770 -1.061036 0.000000
-2.496880 -0.466035 0.000000
-2.496880 -0.466035 0.000000
-2.496880 -0.466035 0.000000
-2.496880 -0.466035 0.000000
-2.535136 0.157122 0.000000
-2.496880 -0.466035 0.000000
-2.535136 0.157122 0.000000
-2.535136 0.157122 0.000000
-2.535136 0.157122 0.000000
-2.535136 0.157122 0.000000
-2.420225 0.770786 0.000000
-2.535136 0.157122 0.000000
-2.420225 0.770786 0.000000
-2.420225 0.770786 0.000000
-2.420225 0.770786 0.000000
-2.420225 0.770786 0.000000
-2.159091 1.337882 0.000000
-2.420225 0.770786 0.000000
-2.159091 1.337882 0.000000
-2.159091 1.337882 0.000000
-2.159091 1.337882 0.000000
-2.159091 1.337882 0.000000
-1.767510 1.824146 0.000000
-2.159091 1.337882 0.000000
-1.767510 1.824146 0.000000
-1.767510 1.824146 0.000000
-1.767510 1.824146 0.000000
-1.767510 1.824146 0.000000
-1.269141 2.200201 0.000000
-1.767510 1.824146 0.000000
-1.269141 2.200201 0.000000
-1.269141 2.200201 0.000000
-1.269141 2.200201 0.000000
-1.269141 2.200201 0.000000
-0.694093 2.443324 0.000000
-1.269141 2.200201 0.000000
-0.694093 2.443324 0.000000
-0.694093 2.443324 0.000000
-0.694093 2.443324 0.000000
-0.694093 2.443324 0.000000
-0.077111 2.538829 0.000000
-0.694093 2.443324 0.000000
-0.077111 2.538829 0.000000
-0.077111 2.538829 0.000000
-0.077111 2.538829 0.000000
-0.077111 2.538829 0.000000
0.544530 2.480945 0.000000
-0.077111 2.538829 0.000000
0.544530 2.480945 0.000000
0.544530 2.480945 0.000000
0.544530 2.480945 0.000000
0.544530 2.480945 0.000000
1.133272 2.273168 0.000000
0.544530 2.480945 0.000000
1.133272 2.273168 0.000000
1.133272 2.273168 0.000000
1.133272 2.273168 0.000000
1.133272 2.273168 0.000000
1.653545 1.928053 0.000000
1.133272 2.273168 0.000000
1.653545 1.928053 0.000000
1.653545 1.928053 0.000000
-1.286076 -2.190344 0.000000
-0.990486 -2.338918 0.000000
-0.795511 -2.412211 0.000000
-0.795511 -2.412211 0.000000
-0.990486 -2.338918 0.000000
-0.390019 -2.509878 0.000000
-0.795511 -2.412211 0.000000
-0.390019 -2.509878 0.000000
-0.269202 -2.525694 0.000000
-0.269202 -2.525694 0.000000
-0.390019 -2.509878 0.000000
0.234013 -2.529197 0.000000
1.004014 2.333143 0.000000
1.004014 2.333143 0.000000
1.515365 2.038447 0.000000
1.515365 2.038447 0.000000
1.004014 2.333143 0.000000
1.515365 2.038447 0.000000
1.515365 2.038447 0.000000
1.515365 2.038447 0.000000
1.944901 1.633695 0.000000
1.944901 1.633695 0.000000
1.515365 2.038447 0.000000
1.944901 1.633695 0.000000
1.944901 1.633695 0.000000
1.944901 1.633695 0.000000
2.269430 1.140739 0.000000
2.269430 1.140739 0.000000
1.944901 1.633695 0.000000
2.269430 1.140739 0.000000
2.269430 1.140739 0.000000
2.269430 1.140739 0.000000
2.471432 0.586194 0.000000
2.471432 0.586194 0.000000
2.269430 1.140739 0.000000
2.471432 0.586194 0.000000
2.471432 0.586194 0.000000
2.471432 0.586194 0.000000
2.540000 0.000000 0.000000
2.540000 0.000000 0.000000
2.471432 0.586194 0.000000
2.540000 0.000000 0.000000
-2.460300 -0.631288 0.000000
-2.460300 -0.631288 0.000000
-2.253572 -1.171756 0.000000
-2.253572 -1.171756 0.000000
-2.460300 -0.631288 0.000000
-2.253572 -1.171756 0.000000
-2.253572 -1.171756 0.000000
-2.253572 -1.171756 0.000000
-1.929882 -1.651410 0.000000
-1.929882 -1.651410 0.000000
-2.253572 -1.171756 0.000000
-1.929882 -1.651410 0.000000
-1.929882 -1.651410 0.000000
-1.929882 -1.651410 0.000000
-1.506030 -2.045354 0.000000
-1.506030 -2.045354 0.000000
-1.929882 -1.651410 0.000000
-1.506030 -2.045354 0.000000
-1.506030 -2.045354 0.000000
-1.506030 -2.045354 0.000000
-1.004014 -2.333143 0.000000
-1.004014 -2.333143 0.000000
-1.506030 -2.045354 0.000000
-1.004014 -2.333143 0.000000
-2.333143 1.004014 0.000000
-2.333143 1.004014 0.000000
-2.333143 1.004014 0.000000
-2.333143 1.004014 0.000000
-2.333143 1.004014 0.000000
-2.333143 1.004014 0.000000
0.000000 0.000000 -2.540000
0.000000 0.000000 -2.540000
0.000000 0.000000 -2.540000
0.000000 0.000000 -2.540000
0.000000 0.000000 -2.540000
0.000000 0.000000 -2.540000
0.000000 0.000000 -2.540000
0.000000 0.000000 -2.540000
0.000000 0.000000 -2.540000
0.000000 0.000000 -2.540000
0.000000 0.000000 -2.540000
0.000000 0.000000 -2.540000
0.000000 0.000000 -2.540000
0.000000 0.000000 -2.540000
0.000000 0.000000 -2.540000
0.000000 0.000000 -2.540000
0.000000 0.000000 -2.540000
0.000000 0.000000 -2.540000
0.000000 0.000000 -2.540000
0.000000 0.000000 -2.540000
0.000000 0.000000 -2.540000
0.000000 0.000000 -2.540000
0.000000 0.000000 -2.540000
0.000000 0.000000 -2.540000
0.000000 0.000000 -2.540000
0.000000 0.000000 -2.540000
0.000000 0.000000 -2.540000
0.000000 0.000000 -2.540000
0.000000 0.000000 -2.540000
0.000000 0.000000 -2.540000
0.000000 0.000000 -2.540000
0.000000 0.000000 -2.540000
0.000000 0.000000 -2.540000
0.000000 0.000000 -2.540000
0.000000 0.000000 -2.540000
0.000000 0.000000 -2.540000
0.000000 0.000000 -2.540000
0.000000 0.000000 -2.540000
0.000000 0.000000 -2.540000
0.000000 0.000000 -2.540000
0.000000 0.000000 -2.540000
0.000000 0.000000 -2.540000
0.000000 0.000000 -2.540000
0.000000 0.000000 -2.540000
0.000000 0.000000 -2.540000
0.000000 0.000000 -2.540000
0.000000 0.000000 -2.540000
0.000000 0.000000 -2.540000
0.000000 0.000000 -2.540000
0.000000 0.000000 -2.540000
0.000000 0.000000 -2.540000
0.000000 0.000000 -2.540000
0.000000 0.000000 -2.540000
0.000000 0.000000 -2.540000
0.000000 0.000000 -2.540000
0.000000 0.000000 -2.540000
0.000000 0.000000 -2.540000
0.000000 0.000000 -2.540000
0.000000 0.000000 -2.540000
0.000000 0.000000 -2.540000
0.000000 0.000000 -2.540000
0.000000 0.000000 -2.540000
0.000000 0.000000 -2.540000
0.000000 0.000000 -2.540000
0.000000 0.000000 -2.540000
0.000000 0.000000 -2.540000
0.000000 0.000000 -2.540000
0.000000 0.000000 -2.540000
0.000000 0.000000 -2.540000
0.000000 0.000000 -2.540000
0.000000 0.000000 -2.540000
0.000000 0.000000 -2.540000
0.000000 0.000000 -2.540000
0.000000 0.000000 -2.540000
0.000000 0.000000 -2.540000
0.000000 0.000000 -2.540000
0.000000 0.000000 -2.540000
0.000000 0.000000 -2.540000
0.000000 0.000000 -2.540000
0.000000 0.000000 -2.540000
0.000000 0.000000 -2.540000
0.000000 0.000000 -2.540000
0.000000 0.000000 -2.540000
0.000000 0.000000 -2.540000
0.000000 0.000000 -2.540000
0.000000 0.000000 -2.540000
0.000000 0.000000 -2.540000
0.000000 0.000000 -2.540000
0.000000 0.000000 -2.540000
0.000000 0.000000 -2.540000
0.000000 0.000000 -2.540000
0.000000 0.000000 -2.540000
0.000000 0.000000 -2.540000
0.000000 0.000000 -2.540000
0.000000 0.000000 -2.540000
0.000000 0.000000 -2.540000
0.000000 0.000000 -2.540000
0.000000 0.000000 -2.540000
0.000000 0.000000 -2.540000
0.000000 0.000000 -2.540000
0.000000 0.000000 -2.540000
0.000000 0.000000 -2.540000
0.000000 0.000000 -2.540000
0.000000 0.000000 -2.540000
0.000000 0.000000 -2.540000
0.000000 0.000000 -2.540000
0.000000 0.000000 -2.540000
0.000000 0.000000 -2.540000
0.000000 0.000000 -2.540000
0.000000 0.000000 -2.540000
0.000000 0.000000 -2.540000
0.000000 0.000000 -2.540000
0.000000 0.000000 -2.540000
0.000000 0.000000 -2.540000
0.000000 0.000000 -2.540000
0.000000 0.000000 -2.540000
0.000000 0.000000 -2.540000
0.000000 0.000000 -2.540000
0.000000 0.000000 -2.540000
0.000000 0.000000 -2.540000
0.000000 0.000000 -2.540000
0.000000 0.000000 -2.540000
0.000000 0.000000 -2.540000
0.000000 0.000000 -2.540000
0.000000 0.000000 -2.540000
0.000000 0.000000 -2.540000
0.000000 0.000000 -2.540000
0.000000 0.000000 -2.540000
0.000000 0.000000 -2.540000
0.000000 0.000000 -2.540000
0.000000 0.000000 -2.540000
0.000000 0.000000 -2.540000
0.000000 0.000000 -2.540000
0.000000 0.000000 -2.540000
0.000000 0.000000 -2.540000
0.000000 0.000000 -2.540000
0.000000 0.000000 -2.540000
0.000000 0.000000 -2.540000
0.000000 0.000000 -2.540000
0.000000 0.000000 -2.540000
0.000000 0.000000 -2.540000
0.000000 0.000000 -2.540000
0.000000 0.000000 -2.540000
0.000000 0.000000 -2.540000
0.000000 0.000000 -2.540000
0.000000 0.000000 -2.540000
0.000000 0.000000 -2.540000
0.000000 0.000000 -2.540000
0.000000 0.000000 -2.540000
0.000000 0.000000 -2.540000
0.000000 0.000000 -2.540000
0.000000 0.000000 -2.540000
0.000000 0.000000 -2.540000
0.000000 0.000000 -2.540000
0.000000 0.000000 -2.540000
0.000000 0.000000 -2.540000
0.000000 0.000000 -2.540000
0.000000 0.000000 -2.540000
0.000000 0.000000 -2.540000
0.000000 0.000000 -2.540000
0.000000 0.000000 -2.540000
0.000000 0.000000 -2.540000
0.000000 0.000000 -2.540000
0.000000 0.000000 -2.540000
0.000000 0.000000 -2.540000
0.000000 0.000000 -2.540000
0.000000 0.000000 -2.540000
0.000000 0.000000 -2.540000
0.000000 0.000000 -2.540000
0.000000 0.000000 -2.540000
0.000000 0.000000 -2.540000
0.000000 0.000000 -2.540000
0.000000 0.000000 -2.540000
0.000000 0.000000 -2.540000
0.000000 0.000000 2.540000
0.000000 0.000000 2.540000
0.000000 0.000000 2.540000
0.000000 0.000000 2.540000
0.000000 0.000000 2.540000
0.000000 0.000000 2.540000
0.000000 0.000000 2.540000
0.000000 0.000000 2.540000
0.000000 0.000000 2.540000
0.000000 0.000000 2.540000
0.000000 0.000000 2.540000
0.000000 0.000000 2.540000
0.000000 0.000000 2.540000
0.000000 0.000000 2.540000
0.000000 0.000000 2.540000
0.000000 0.000000 2.540000
0.000000 0.000000 2.540000
0.000000 0.000000 2.540000
0.000000 0.000000 2.540000
0.000000 0.000000 2.540000
0.000000 0.000000 2.540000
0.000000 0.000000 2.540000
0.000000 0.000000 2.540000
0.000000 0.000000 2.540000
0.000000 0.000000 2.540000
0.000000 0.000000 2.540000
0.000000 0.000000 2.540000
0.000000 0.000000 2.540000
0.000000 0.000000 2.540000
0.000000 0.000000 2.540000
0.000000 0.000000 2.540000
0.000000 0.000000 2.540000
0.000000 0.000000 2.540000
0.000000 0.000000 2.540000
0.000000 0.000000 2.540000
0.000000 0.000000 2.540000
0.000000 0.000000 2.540000
0.000000 0.000000 2.540000
0.000000 0.000000 2.540000
0.000000 0.000000 2.540000
0.000000 0.000000 2.540000
0.000000 0.000000 2.540000
0.000000 0.000000 2.540000
0.000000 0.000000 2.540000
0.000000 0.000000 2.540000
0.000000 0.000000 2.540000
0.000000 0.000000 2.540000
0.000000 0.000000 2.540000
0.000000 0.000000 2.540000
0.000000 0.000000 2.540000
0.000000 0.000000 2.540000
0.000000 0.000000 2.540000
0.000000 0.000000 2.540000
0.000000 0.000000 2.540000
0.000000 0.000000 2.540000
0.000000 0.000000 2.540000
0.000000 0.000000 2.540000
0.000000 0.000000 2.540000
0.000000 0.000000 2.540000
0.000000 0.000000 2.540000
0.000000 0.000000 2.540000
0.000000 0.000000 2.540000
0.000000 0.000000 2.540000
0.000000 0.000000 2.540000
0.000000 0.000000 2.540000
0.000000 0.000000 2.540000
0.000000 0.000000 2.540000
0.000000 0.000000 2.540000
0.000000 0.000000 2.540000
0.000000 0.000000 2.540000
0.000000 0.000000 2.540000
0.000000 0.000000 2.540000
0.000000 0.000000 2.540000
0.000000 0.000000 2.540000
0.000000 0.000000 2.540000
0.000000 0.000000 2.540000
0.000000 0.000000 2.540000
0.000000 0.000000 2.540000
0.000000 0.000000 2.540000
0.000000 0.000000 2.540000
0.000000 0.000000 2.540000
0.000000 0.000000 2.540000
0.000000 0.000000 2.540000
0.000000 0.000000 2.540000
0.000000 0.000000 2.540000
0.000000 0.000000 2.540000
0.000000 0.000000 2.540000
0.000000 0.000000 2.540000
0.000000 0.000000 2.540000
0.000000 0.000000 2.540000
0.000000 0.000000 2.540000
0.000000 0.000000 2.540000
0.000000 0.000000 2.540000
0.000000 0.000000 2.540000
0.000000 0.000000 2.540000
0.000000 0.000000 2.540000
0.000000 0.000000 2.540000
0.000000 0.000000 2.540000
0.000000 0.000000 2.540000
0.000000 0.000000 2.540000
0.000000 0.000000 2.540000
0.000000 0.000000 2.540000
0.000000 0.000000 2.540000
0.000000 0.000000 2.540000
0.000000 0.000000 2.540000
0.000000 0.000000 2.540000
0.000000 0.000000 2.540000
0.000000 0.000000 2.540000
0.000000 0.000000 2.540000
0.000000 0.000000 2.540000
0.000000 0.000000 2.540000
0.000000 0.000000 2.540000
0.000000 0.000000 2.540000
0.000000 0.000000 2.540000
0.000000 0.000000 2.540000
0.000000 0.000000 2.540000
0.000000 0.000000 2.540000
0.000000 0.000000 2.540000
0.000000 0.000000 2.540000
0.000000 0.000000 2.540000
0.000000 0.000000 2.540000
0.000000 0.000000 2.540000
0.000000 0.000000 2.540000
0.000000 0.000000 2.540000
0.000000 0.000000 2.540000
0.000000 0.000000 2.540000
0.000000 0.000000 2.540000
0.000000 0.000000 2.540000
0.000000 0.000000 2.540000
0.000000 0.000000 2.540000
0.000000 0.000000 2.540000
0.000000 0.000000 2.540000
0.000000 0.000000 2.540000
0.000000 0.000000 2.540000
0.000000 0.000000 2.540000
0.000000 0.000000 2.540000
0.000000 0.000000 2.540000
0.000000 0.000000 2.540000
0.000000 0.000000 2.540000
0.000000 0.000000 2.540000
0.000000 0.000000 2.540000
0.000000 0.000000 2.540000
0.000000 0.000000 2.540000
0.000000 0.000000 2.540000
0.000000 0.000000 2.540000
0.000000 0.000000 2.540000
0.000000 0.000000 2.540000
0.000000 0.000000 2.540000
0.000000 0.000000 2.540000
0.000000 0.000000 2.540000
0.000000 0.000000 2.540000
0.000000 0.000000 2.540000
0.000000 0.000000 2.540000
0.000000 0.000000 2.540000
0.000000 0.000000 2.540000
0.000000 0.000000 2.540000
0.000000 0.000000 2.540000
0.000000 0.000000 2.540000
0.000000 0.000000 2.540000
0.000000 0.000000 2.540000
0.000000 0.000000 2.540000
0.000000 0.000000 2.540000
0.000000 0.000000 2.540000
0.000000 0.000000 2.540000
0.000000 0.000000 2.540000
0.000000 0.000000 2.540000
0.000000 0.000000 2.540000
0.000000 0.000000 2.540000
0.000000 0.000000 2.540000
0.000000 0.000000 2.540000
0.000000 0.000000 2.540000
0.000000 0.000000 2.540000
0.000000 0.000000 2.540000
0.000000 0.000000 2.540000
0.000000 0.000000 2.540000
0.000000 0.000000 2.540000
0.000000 0.000000 2.540000
0.000000 0.000000 2.540000
0.000000 0.000000 2.540000
0.000000 0.000000 2.540000
0.000000 0.000000 2.540000
0.000000 0.000000 2.540000
0.000000 0.000000 2.540000
0.000000 0.000000 2.540000
0.000000 0.000000 2.540000
0.000000 0.000000 2.540000
0.000000 0.000000 2.540000
0.000000 0.000000 2.540000
0.000000 0.000000 2.540000
0.000000 0.000000 2.540000
0.000000 0.000000 2.540000
0.000000 0.000000 2.540000
0.000000 0.000000 2.540000
0.000000 0.000000 2.540000
0.000000 0.000000 2.540000
0.000000 0.000000 2.540000
0.000000 0.000000 2.540000
0.000000 0.000000 2.540000
0.000000 0.000000 2.540000
0.000000 0.000000 2.540000
0.000000 0.000000 2.540000
0.000000 0.000000 2.540000
0.000000 0.000000 2.540000
0.000000 0.000000 2.540000
0.000000 0.000000 2.540000
0.000000 0.000000 2.540000
0.000000 0.000000 2.540000
0.000000 0.000000 2.540000
0.000000 0.000000 2.540000
0.000000 0.000000 2.540000
0.000000 0.000000 2.540000
0.000000 0.000000 2.540000
0.000000 0.000000 2.540000
0.000000 0.000000 2.540000
0.000000 0.000000 2.540000
0.000000 0.000000 2.540000
0.000000 0.000000 2.540000
0.000000 0.000000 2.540000
0.000000 0.000000 2.540000
0.000000 0.000000 2.540000
0.000000 0.000000 2.540000
0.000000 0.000000 2.540000
0.000000 0.000000 2.540000
0.000000 0.000000 2.540000
0.000000 0.000000 2.540000
0.000000 0.000000 2.540000
0.000000 0.000000 2.540000
0.000000 0.000000 2.540000
0.000000 0.000000 2.540000
0.000000 0.000000 2.540000
0.000000 0.000000 2.540000
0.000000 0.000000 2.540000
0.000000 0.000000 2.540000
0.000000 0.000000 2.540000
0.000000 0.000000 2.540000
0.000000 0.000000 2.540000
0.000000 0.000000 2.540000
0.000000 0.000000 2.540000
0.000000 0.000000 2.540000
0.000000 0.000000 2.540000
0.000000 0.000000 2.540000
0.000000 0.000000 2.540000
0.000000 0.000000 2.540000
0.000000 0.000000 2.540000
0.000000 0.000000 2.540000
0.000000 0.000000 2.540000
0.000000 0.000000 2.540000
0.000000 0.000000 2.540000
0.000000 0.000000 2.540000
0.000000 0.000000 2.540000
0.000000 0.000000 2.540000
0.000000 0.000000 2.540000
0.000000 0.000000 2.540000
0.000000 0.000000 2.540000
0.000000 0.000000 2.540000
0.000000 0.000000 2.540000
0.000000 0.000000 2.540000
0.000000 0.000000 2.540000
0.000000 0.000000 2.540000
0.000000 0.000000 2.540000
0.000000 0.000000 2.540000
0.000000 0.000000 2.540000
0.000000 0.000000 2.540000
0.000000 0.000000 2.540000
0.000000 0.000000 2.540000
0.000000 0.000000 2.540000
0.000000 0.000000 2.540000
0.000000 0.000000 2.540000
0.000000 0.000000 2.540000
0.000000 0.000000 2.540000
0.000000 0.000000 2.540000
0.000000 0.000000 2.540000
0.000000 0.000000 2.540000
0.000000 0.000000 2.540000
0.000000 0.000000 2.540000
0.000000 0.000000 2.540000
0.000000 0.000000 2.540000
0.000000 0.000000 2.540000
0.000000 0.000000 2.540000
0.000000 0.000000 2.540000
0.000000 0.000000 2.540000
0.000000 0.000000 2.540000
0.000000 0.000000 2.540000
0.000000 0.000000 2.540000
0.000000 0.000000 2.540000
0.000000 0.000000 2.540000
0.000000 0.000000 2.540000
0.000000 0.000000 2.540000
0.000000 0.000000 2.540000
0.000000 0.000000 2.540000
0.000000 0.000000 2.540000
0.000000 0.000000 2.540000
0.000000 0.000000 2.540000
0.000000 0.000000 2.540000
0.000000 0.000000 2.540000
0.000000 0.000000 2.540000
0.000000 0.000000 2.540000
0.000000 0.000000 2.540000
0.000000 0.000000 2.540000
0.000000 0.000000 2.540000
0.000000 0.000000 2.540000
0.000000 0.000000 2.540000
0.000000 0.000000 2.540000
0.000000 0.000000 2.540000
0.000000 0.000000 2.540000
0.000000 0.000000 2.540000
0.000000 0.000000 2.540000
0.000000 0.000000 2.540000
0.000000 0.000000 2.540000
0.000000 0.000000 2.540000
0.000000 0.000000 2.540000
0.000000 0.000000 2.540000
0.000000 0.000000 2.540000
0.000000 0.000000 2.540000
0.000000 0.000000 2.540000
0.000000 0.000000 2.540000
0.000000 0.000000 2.540000
0.000000 0.000000 2.540000
0.000000 0.000000 2.540000
0.000000 0.000000 2.540000
0.000000 0.000000 2.540000
0.000000 0.000000 2.540000
0.000000 0.000000 2.540000
0.000000 0.000000 2.540000
0.000000 0.000000 2.540000
0.000000 0.000000 2.540000
0.000000 0.000000 2.540000
0.000000 0.000000 2.540000
0.000000 0.000000 2.540000
0.000000 0.000000 2.540000
2.540000 0.000000 0.000000
2.540000 0.000000 0.000000
2.466192 -0.607862 0.000000
2.466192 -0.607862 0.000000
2.540000 0.000000 0.000000
2.466192 -0.607862 0.000000
2.466192 -0.607862 0.000000
2.466192 -0.607862 0.000000
2.249058 -1.180397 0.000000
2.249058 -1.180397 0.000000
2.466192 -0.607862 0.000000
2.249058 -1.180397 0.000000
2.249058 -1.180397 0.000000
2.249058 -1.180397 0.000000
1.901217 -1.684332 0.000000
1.901217 -1.684332 0.000000
2.249058 -1.180397 0.000000
1.901217 -1.684332 0.000000
1.901217 -1.684332 0.000000
1.901217 -1.684332 0.000000
1.442884 -2.090379 0.000000
1.442884 -2.090379 0.000000
1.901217 -1.684332 0.000000
1.442884 -2.090379 0.000000
1.442884 -2.090379 0.000000
1.442884 -2.090379 0.000000
0.900696 -2.374941 0.000000
0.900696 -2.374941 0.000000
1.442884 -2.090379 0.000000
0.900696 -2.374941 0.000000
0.900696 -2.374941 0.000000
0.900696 -2.374941 0.000000
0.306163 -2.521481 0.000000
0.306163 -2.521481 0.000000
0.900696 -2.374941 0.000000
0.306163 -2.521481 0.000000
0.306163 -2.521481 0.000000
0.306163 -2.521481 0.000000
-0.306163 -2.521481 0.000000
-0.306163 -2.521481 0.000000
0.306163 -2.521481 0.000000
-0.306163 -2.521481 0.000000
-0.306163 -2.521481 0.000000
-0.306163 -2.521481 0.000000
-0.900696 -2.374941 0.000000
-0.900696 -2.374941 0.000000
-0.306163 -2.521481 0.000000
-0.900696 -2.374941 0.000000
-0.900696 -2.374941 0.000000
-0.900696 -2.374941 0.000000
-1.442884 -2.090379 0.000000
-1.442884 -2.090379 0.000000
-0.900696 -2.374941 0.000000
-1.442884 -2.090379 0.000000
-1.442884 -2.090379 0.000000
-1.442884 -2.090379 0.000000
-1.901217 -1.684332 0.000000
-1.901217 -1.684332 0.000000
-1.442884 -2.090379 0.000000
-1.901217 -1.684332 0.000000
-1.901217 -1.684332 0.000000
-1.901217 -1.684332 0.000000
-2.249058 -1.180397 0.000000
-2.249058 -1.180397 0.000000
-1.901217 -1.684332 0.000000
-2.249058 -1.180397 0.000000
-2.249058 -1.180397 0.000000
-2.249058 -1.180397 0.000000
-2.466192 -0.607862 0.000000
-2.466192 -0.607862 0.000000
-2.249058 -1.180397 0.000000
-2.466192 -0.607862 0.000000
-2.466192 -0.607862 0.000000
-2.466192 -0.607862 0.000000
-2.540000 0.000000 0.000000
-2.540000 0.000000 0.000000
-2.466192 -0.607862 0.000000
-2.540000 0.000000 0.000000
0.000000 0.000000 2.540000
0.000000 0.000000 2.540000
0.000000 0.000000 2.540000
0.000000 0.000000 2.540000
0.000000 0.000000 2.540000
0.000000 0.000000 2.540000
0.000000 0.000000 2.540000
0.000000 0.000000 2.540000
0.000000 0.000000 2.540000
0.000000 0.000000 2.540000
0.000000 0.000000 2.540000
0.000000 0.000000 2.540000
0.000000 0.000000 2.540000
0.000000 0.000000 2.540000
0.000000 0.000000 2.540000
0.000000 0.000000 2.540000
0.000000 0.000000 2.540000
0.000000 0.000000 2.540000
0.000000 0.000000 2.540000
0.000000 0.000000 2.540000
0.000000 0.000000 2.540000
0.000000 0.000000 2.540000
0.000000 0.000000 2.540000
0.000000 0.000000 2.540000
0.000000 0.000000 2.540000
0.000000 0.000000 2.540000
0.000000 0.000000 2.540000
0.000000 0.000000 2.540000
0.000000 0.000000 2.540000
0.000000 0.000000 2.540000
0.000000 0.000000 2.540000
0.000000 0.000000 2.540000
0.000000 0.000000 2.540000
0.000000 0.000000 2.540000
0.000000 0.000000 2.540000
0.000000 0.000000 2.540000
0.000000 0.000000 2.540000
0.000000 0.000000 2.540000
0.000000 0.000000 2.540000
0.000000 0.000000 2.540000
0.000000 0.000000 2.540000
0.000000 0.000000 2.540000
0.000000 0.000000 2.540000
0.000000 0.000000 2.540000
0.000000 0.000000 2.540000
0.000000 0.000000 2.540000
0.000000 0.000000 2.540000
0.000000 0.000000 2.540000
0.000000 0.000000 2.540000
0.000000 0.000000 2.540000
0.000000 0.000000 2.540000
0.000000 0.000000 2.540000
0.000000 0.000000 2.540000
0.000000 0.000000 2.540000
0.000000 0.000000 2.540000
0.000000 0.000000 2.540000
0.000000 0.000000 2.540000
0.000000 0.000000 2.540000
0.000000 0.000000 2.540000
0.000000 0.000000 2.540000
0.000000 0.000000 2.540000
0.000000 0.000000 2.540000
0.000000 0.000000 2.540000
0.000000 0.000000 2.540000
0.000000 0.000000 2.540000
0.000000 0.000000 2.540000
0.000000 0.000000 2.540000
0.000000 0.000000 2.540000
0.000000 0.000000 2.540000
0.000000 0.000000 2.540000
0.000000 0.000000 2.540000
0.000000 0.000000 2.540000
0.000000 0.000000 2.540000
0.000000 0.000000 2.540000
0.000000 0.000000 2.540000
0.000000 0.000000 2.540000
0.000000 0.000000 2.540000
0.000000 0.000000 2.540000
0.000000 0.000000 2.540000
0.000000 0.000000 2.540000
0.000000 0.000000 2.540000
0.000000 0.000000 2.540000
0.000000 0.000000 2.540000
0.000000 0.000000 2.540000
0.000000 0.000000 2.540000
0.000000 0.000000 2.540000
0.000000 0.000000 2.540000
0.000000 0.000000 2.540000
0.000000 0.000000 2.540000
0.000000 0.000000 2.540000
0.000000 0.000000 2.540000
0.000000 0.000000 2.540000
0.000000 0.000000 2.540000
0.000000 0.000000 2.540000
0.000000 0.000000 2.540000
0.000000 0.000000 2.540000
0.000000 0.000000 2.540000
0.000000 0.000000 2.540000
0.000000 0.000000 2.540000
0.000000 0.000000 2.540000
0.000000 0.000000 2.540000
0.000000 0.000000 2.540000
0.000000 0.000000 2.540000
0.000000 0.000000 2.540000
0.000000 0.000000 2.540000
0.000000 0.000000 2.540000
0.000000 0.000000 2.540000
0.000000 0.000000 2.540000
0.000000 0.000000 2.540000
0.000000 0.000000 2.540000
0.000000 0.000000 2.540000
0.000000 0.000000 2.540000
0.000000 0.000000 2.540000
0.000000 0.000000 2.540000
0.000000 0.000000 2.540000
0.000000 0.000000 2.540000
0.000000 0.000000 2.540000
0.000000 0.000000 2.540000
0.000000 0.000000 2.540000
0.000000 0.000000 2.540000
0.000000 0.000000 2.540000
0.000000 0.000000 2.540000
0.000000 0.000000 2.540000
0.000000 0.000000 2.540000
0.000000 0.000000 2.540000
0.000000 0.000000 2.540000
0.000000 0.000000 2.540000
0.000000 0.000000 2.540000
0.000000 0.000000 2.540000
0.000000 0.000000 2.540000
0.000000 0.000000 2.540000
0.000000 0.000000 2.540000
0.000000 0.000000 2.540000
0.000000 0.000000 2.540000
0.000000 0.000000 2.540000
0.000000 0.000000 2.540000
0.000000 0.000000 2.540000
0.000000 0.000000 2.540000
0.000000 0.000000 2.540000
0.000000 0.000000 2.540000
0.000000 0.000000 2.540000
0.000000 0.000000 2.540000
0.000000 0.000000 2.540000
0.000000 0.000000 2.540000
0.000000 0.000000 2.540000
0.000000 0.000000 2.540000
0.000000 0.000000 2.540000
0.000000 0.000000 2.540000
0.000000 0.000000 2.540000
0.000000 0.000000 2.540000
0.000000 0.000000 2.540000
0.000000 0.000000 2.540000
0.000000 0.000000 2.540000
0.000000 0.000000 2.540000
0.000000 0.000000 2.540000
0.000000 0.000000 2.540000
2.540000 0.000000 0.000000
2.540000 0.000000 0.000000
2.466192 -0.607862 0.000000
2.466192 -0.607862 0.000000
2.540000 0.000000 0.000000
2.466192 -0.607862 0.000000
2.466192 -0.607862 0.000000
2.466192 -0.607862 0.000000
2.249058 -1.180397 0.000000
2.249058 -1.180397 0.000000
2.466192 -0.607862 0.000000
2.249058 -1.180397 0.000000
2.249058 -1.180397 0.000000
2.249058 -1.180397 0.000000
1.901217 -1.684332 0.000000
1.901217 -1.684332 0.000000
2.249058 -1.180397 0.000000
1.901217 -1.684332 0.000000
1.901217 -1.684332 0.000000
1.901217 -1.684332 0.000000
1.442884 -2.090379 0.000000
1.442884 -2.090379 0.000000
1.901217 -1.684332 0.000000
1.442884 -2.090379 0.000000
1.442884 -2.090379 0.000000
1.442884 -2.090379 0.000000
0.900696 -2.374941 0.000000
0.900696 -2.374941 0.000000
1.442884 -2.090379 0.000000
0.900696 -2.374941 0.000000
0.900696 -2.374941 0.000000
0.900696 -2.374941 0.000000
0.306163 -2.521481 0.000000
0.306163 -2.521481 0.000000
0.900696 -2.374941 0.000000
0.306163 -2.521481 0.000000
0.306163 -2.521481 0.000000
0.306163 -2.521481 0.000000
-0.306163 -2.521481 0.000000
-0.306163 -2.521481 0.000000
0.306163 -2.521481 0.000000
-0.306163 -2.521481 0.000000
-0.306163 -2.521481 0.000000
-0.306163 -2.521481 0.000000
-0.900696 -2.374941 0.000000
-0.900696 -2.374941 0.000000
-0.306163 -2.521481 0.000000
-0.900696 -2.374941 0.000000
-0.900696 -2.374941 0.000000
-0.900696 -2.374941 0.000000
-1.442884 -2.090379 0.000000
-1.442884 -2.090379 0.000000
-0.900696 -2.374941 0.000000
-1.442884 -2.090379 0.000000
-1.442884 -2.090379 0.000000
-1.442884 -2.090379 0.000000
-1.901217 -1.684332 0.000000
-1.901217 -1.684332 0.000000
-1.442884 -2.090379 0.000000
-1.901217 -1.684332 0.000000
-1.901217 -1.684332 0.000000
-1.901217 -1.684332 0.000000
-2.249058 -1.180397 0.000000
-2.249058 -1.180397 0.000000
-1.901217 -1.684332 0.000000
-2.249058 -1.180397 0.000000
-2.249058 -1.180397 0.000000
-2.249058 -1.180397 0.000000
-2.466192 -0.607862 0.000000
-2.466192 -0.607862 0.000000
-2.249058 -1.180397 0.000000
-2.466192 -0.607862 0.000000
-2.466192 -0.607862 0.000000
-2.466192 -0.607862 0.000000
-2.540000 0.000000 0.000000
-2.540000 0.000000 0.000000
-2.466192 -0.607862 0.000000
-2.540000 0.000000 0.000000
0.000000 0.000000 2.540000
0.000000 0.000000 2.540000
0.000000 0.000000 2.540000
0.000000 0.000000 2.540000
0.000000 0.000000 2.540000
0.000000 0.000000 2.540000
0.000000 0.000000 2.540000
0.000000 0.000000 2.540000
0.000000 0.000000 2.540000
0.000000 0.000000 2.540000
0.000000 0.000000 2.540000
0.000000 0.000000 2.540000
0.000000 0.000000 2.540000
0.000000 0.000000 2.540000
0.000000 0.000000 2.540000
0.000000 0.000000 2.540000
0.000000 0.000000 2.540000
0.000000 0.000000 2.540000
0.000000 0.000000 2.540000
0.000000 0.000000 2.540000
0.000000 0.000000 2.540000
0.000000 0.000000 2.540000
0.000000 0.000000 2.540000
0.000000 0.000000 2.540000
0.000000 0.000000 2.540000
0.000000 0.000000 2.540000
0.000000 0.000000 2.540000
0.000000 0.000000 2.540000
0.000000 0.000000 2.540000
0.000000 0.000000 2.540000
0.000000 0.000000 2.540000
0.000000 0.000000 2.540000
0.000000 0.000000 2.540000
0.000000 0.000000 2.540000
0.000000 0.000000 2.540000
0.000000 0.000000 2.540000
0.000000 0.000000 2.540000
0.000000 0.000000 2.540000
0.000000 0.000000 2.540000
0.000000 0.000000 2.540000
0.000000 0.000000 2.540000
0.000000 0.000000 2.540000
0.000000 0.000000 2.540000
0.000000 0.000000 2.540000
0.000000 0.000000 2.540000
0.000000 0.000000 2.540000
0.000000 0.000000 2.540000
0.000000 0.000000 2.540000
0.000000 0.000000 2.540000
0.000000 0.000000 2.540000
0.000000 0.000000 2.540000
0.000000 0.000000 2.540000
0.000000 0.000000 2.540000
0.000000 0.000000 2.540000
0.000000 0.000000 2.540000
0.000000 0.000000 2.540000
0.000000 0.000000 2.540000
0.000000 0.000000 2.540000
0.000000 0.000000 2.540000
0.000000 0.000000 2.540000
0.000000 0.000000 2.540000
0.000000 0.000000 2.540000
0.000000 0.000000 2.540000
0.000000 0.000000 2.540000
0.000000 0.000000 2.540000
0.000000 0.000000 2.540000
0.000000 0.000000 2.540000
0.000000 0.000000 2.540000
0.000000 0.000000 2.540000
0.000000 0.000000 2.540000
0.000000 0.000000 2.540000
0.000000 0.000000 2.540000
0.000000 0.000000 2.540000
0.000000 0.000000 2.540000
0.000000 0.000000 2.540000
0.000000 0.000000 2.540000
0.000000 0.000000 2.540000
0.000000 0.000000 2.540000
0.000000 0.000000 2.540000
0.000000 0.000000 2.540000
0.000000 0.000000 2.540000
0.000000 0.000000 2.540000
0.000000 0.000000 2.540000
0.000000 0.000000 2.540000
0.000000 0.000000 2.540000
0.000000 0.000000 2.540000
0.000000 0.000000 2.540000
0.000000 0.000000 2.540000
0.000000 0.000000 2.540000
0.000000 0.000000 2.540000
0.000000 0.000000 2.540000
0.000000 0.000000 2.540000
0.000000 0.000000 2.540000
0.000000 0.000000 2.540000
0.000000 0.000000 2.540000
0.000000 0.000000 2.540000
0.000000 0.000000 2.540000
0.000000 0.000000 2.540000
0.000000 0.000000 2.540000
0.000000 0.000000 2.540000
0.000000 0.000000 2.540000
0.000000 0.000000 2.540000
0.000000 0.000000 2.540000
0.000000 0.000000 2.540000
0.000000 0.000000 2.540000
0.000000 0.000000 2.540000
0.000000 0.000000 2.540000
0.000000 0.000000 2.540000
0.000000 0.000000 2.540000
0.000000 0.000000 2.540000
0.000000 0.000000 2.540000
0.000000 0.000000 2.540000
0.000000 0.000000 2.540000
0.000000 0.000000 2.540000
0.000000 0.000000 2.540000
0.000000 0.000000 2.540000
0.000000 0.000000 2.540000
0.000000 0.000000 2.540000
0.000000 0.000000 2.540000
0.000000 0.000000 2.540000
0.000000 0.000000 2.540000
0.000000 0.000000 2.540000
0.000000 0.000000 2.540000
0.000000 0.000000 2.540000
0.000000 0.000000 2.540000
0.000000 0.000000 2.540000
0.000000 0.000000 2.540000
0.000000 0.000000 2.540000
0.000000 0.000000 2.540000
0.000000 0.000000 2.540000
0.000000 0.000000 2.540000
0.000000 0.000000 2.540000
0.000000 0.000000 2.540000
0.000000 0.000000 2.540000
0.000000 0.000000 2.540000
0.000000 0.000000 2.540000
0.000000 0.000000 2.540000
0.000000 0.000000 2.540000
0.000000 0.000000 2.540000
0.000000 0.000000 2.540000
0.000000 0.000000 2.540000
0.000000 0.000000 2.540000
0.000000 0.000000 2.540000
0.000000 0.000000 2.540000
0.000000 0.000000 2.540000
0.000000 0.000000 2.540000
0.000000 0.000000 2.540000
0.000000 0.000000 2.540000
0.000000 0.000000 2.540000
0.000000 0.000000 2.540000
0.000000 0.000000 2.540000
0.000000 0.000000 2.540000
0.000000 0.000000 2.540000
0.000000 0.000000 2.540000
0.000000 0.000000 2.540000
0.000000 0.000000 2.540000
2.540000 0.000000 0.000000
2.540000 0.000000 0.000000
2.466192 -0.607862 0.000000
2.466192 -0.607862 0.000000
2.540000 0.000000 0.000000
2.466192 -0.607862 0.000000
2.466192 -0.607862 0.000000
2.466192 -0.607862 0.000000
2.249058 -1.180397 0.000000
2.249058 -1.180397 0.000000
2.466192 -0.607862 0.000000
2.249058 -1.180397 0.000000
2.249058 -1.180397 0.000000
2.249058 -1.180397 0.000000
1.901217 -1.684332 0.000000
1.901217 -1.684332 0.000000
2.249058 -1.180397 0.000000
1.901217 -1.684332 0.000000
1.901217 -1.684332 0.000000
1.901217 -1.684332 0.000000
1.442884 -2.090379 0.000000
1.442884 -2.090379 0.000000
1.901217 -1.684332 0.000000
1.442884 -2.090379 0.000000
1.442884 -2.090379 0.000000
1.442884 -2.090379 0.000000
0.900696 -2.374941 0.000000
0.900696 -2.374941 0.000000
1.442884 -2.090379 0.000000
0.900696 -2.374941 0.000000
0.900696 -2.374941 0.000000
0.900696 -2.374941 0.000000
0.306163 -2.521481 0.000000
0.306163 -2.521481 0.000000
0.900696 -2.374941 0.000000
0.306163 -2.521481 0.000000
0.306163 -2.521481 0.000000
0.306163 -2.521481 0.000000
-0.306163 -2.521481 0.000000
-0.306163 -2.521481 0.000000
0.306163 -2.521481 0.000000
-0.306163 -2.521481 0.000000
-0.306163 -2.521481 0.000000
-0.306163 -2.521481 0.000000
-0.900696 -2.374941 0.000000
-0.900696 -2.374941 0.000000
-0.306163 -2.521481 0.000000
-0.900696 -2.374941 0.000000
-0.900696 -2.374941 0.000000
-0.900696 -2.374941 0.000000
-1.442884 -2.090379 0.000000
-1.442884 -2.090379 0.000000
-0.900696 -2.374941 0.000000
-1.442884 -2.090379 0.000000
-1.442884 -2.090379 0.000000
-1.442884 -2.090379 0.000000
-1.901217 -1.684332 0.000000
-1.901217 -1.684332 0.000000
-1.442884 -2.090379 0.000000
-1.901217 -1.684332 0.000000
-1.901217 -1.684332 0.000000
-1.901217 -1.684332 0.000000
-2.249058 -1.180397 0.000000
-2.249058 -1.180397 0.000000
-1.901217 -1.684332 0.000000
-2.249058 -1.180397 0.000000
-2.249058 -1.180397 0.000000
-2.249058 -1.180397 0.000000
-2.466192 -0.607862 0.000000
-2.466192 -0.607862 0.000000
-2.249058 -1.180397 0.000000
-2.466192 -0.607862 0.000000
-2.466192 -0.607862 0.000000
-2.466192 -0.607862 0.000000
-2.540000 0.000000 0.000000
-2.540000 0.000000 0.000000
-2.466192 -0.607862 0.000000
-2.540000 0.000000 0.000000
0.000000 0.000000 2.540000
0.000000 0.000000 2.540000
0.000000 0.000000 2.540000
0.000000 0.000000 2.540000
0.000000 0.000000 2.540000
0.000000 0.000000 2.540000
0.000000 0.000000 2.540000
0.000000 0.000000 2.540000
0.000000 0.000000 2.540000
0.000000 0.000000 2.540000
0.000000 0.000000 2.540000
0.000000 0.000000 2.540000
0.000000 0.000000 2.540000
0.000000 0.000000 2.540000
0.000000 0.000000 2.540000
0.000000 0.000000 2.540000
0.000000 0.000000 2.540000
0.000000 0.000000 2.540000
0.000000 0.000000 2.540000
0.000000 0.000000 2.540000
0.000000 0.000000 2.540000
0.000000 0.000000 2.540000
0.000000 0.000000 2.540000
0.000000 0.000000 2.540000
0.000000 0.000000 2.540000
0.000000 0.000000 2.540000
0.000000 0.000000 2.540000
0.000000 0.000000 2.540000
0.000000 0.000000 2.540000
0.000000 0.000000 2.540000
0.000000 0.000000 2.540000
0.000000 0.000000 2.540000
0.000000 0.000000 2.540000
0.000000 0.000000 2.540000
0.000000 0.000000 2.540000
0.000000 0.000000 2.540000
0.000000 0.000000 2.540000
0.000000 0.000000 2.540000
0.000000 0.000000 2.540000
0.000000 0.000000 2.540000
0.000000 0.000000 2.540000
0.000000 0.000000 2.540000
0.000000 0.000000 2.540000
0.000000 0.000000 2.540000
0.000000 0.000000 2.540000
0.000000 0.000000 2.540000
0.000000 0.000000 2.540000
0.000000 0.000000 2.540000
0.000000 0.000000 2.540000
0.000000 0.000000 2.540000
0.000000 0.000000 2.540000
0.000000 0.000000 2.540000
0.000000 0.000000 2.540000
0.000000 0.000000 2.540000
0.000000 0.000000 2.540000
0.000000 0.000000 2.540000
0.000000 0.000000 2.540000
0.000000 0.000000 2.540000
0.000000 0.000000 2.540000
0.000000 0.000000 2.540000
0.000000 0.000000 2.540000
0.000000 0.000000 2.540000
0.000000 0.000000 2.540000
0.000000 0.000000 2.540000
0.000000 0.000000 2.540000
0.000000 0.000000 2.540000
0.000000 0.000000 2.540000
0.000000 0.000000 2.540000
0.000000 0.000000 2.540000
0.000000 0.000000 2.540000
0.000000 0.000000 2.540000
0.000000 0.000000 2.540000
0.000000 0.000000 2.540000
0.000000 0.000000 2.540000
0.000000 0.000000 2.540000
0.000000 0.000000 2.540000
0.000000 0.000000 2.540000
0.000000 0.000000 2.540000
0.000000 0.000000 2.540000
0.000000 0.000000 2.540000
0.000000 0.000000 2.540000
0.000000 0.000000 2.540000
0.000000 0.000000 2.540000
0.000000 0.000000 2.540000
0.000000 0.000000 2.540000
0.000000 0.000000 2.540000
0.000000 0.000000 2.540000
0.000000 0.000000 2.540000
0.000000 0.000000 2.540000
0.000000 0.000000 2.540000
0.000000 0.000000 2.540000
0.000000 0.000000 2.540000
0.000000 0.000000 2.540000
0.000000 0.000000 2.540000
0.000000 0.000000 2.540000
0.000000 0.000000 2.540000
0.000000 0.000000 2.540000
0.000000 0.000000 2.540000
0.000000 0.000000 2.540000
0.000000 0.000000 2.540000
0.000000 0.000000 2.540000
0.000000 0.000000 2.540000
0.000000 0.000000 2.540000
0.000000 0.000000 2.540000
0.000000 0.000000 2.540000
0.000000 0.000000 2.540000
0.000000 0.000000 2.540000
0.000000 0.000000 2.540000
0.000000 0.000000 2.540000
0.000000 0.000000 2.540000
0.000000 0.000000 2.540000
0.000000 0.000000 2.540000
0.000000 0.000000 2.540000
0.000000 0.000000 2.540000
0.000000 0.000000 2.540000
0.000000 0.000000 2.540000
0.000000 0.000000 2.540000
0.000000 0.000000 2.540000
0.000000 0.000000 2.540000
0.000000 0.000000 2.540000
0.000000 0.000000 2.540000
0.000000 0.000000 2.540000
0.000000 0.000000 2.540000
0.000000 0.000000 2.540000
0.000000 0.000000 2.540000
0.000000 0.000000 2.540000
0.000000 0.000000 2.540000
0.000000 0.000000 2.540000
0.000000 0.000000 2.540000
0.000000 0.000000 2.540000
0.000000 0.000000 2.540000
0.000000 0.000000 2.540000
0.000000 0.000000 2.540000
0.000000 0.000000 2.540000
0.000000 0.000000 2.540000
0.000000 0.000000 2.540000
0.000000 0.000000 2.540000
0.000000 0.000000 2.540000
0.000000 0.000000 2.540000
0.000000 0.000000 2.540000
0.000000 0.000000 2.540000
0.000000 0.000000 2.540000
0.000000 0.000000 2.540000
0.000000 0.000000 2.540000
0.000000 0.000000 2.540000
0.000000 0.000000 2.540000
0.000000 0.000000 2.540000
0.000000 0.000000 2.540000
0.000000 0.000000 2.540000
0.000000 0.000000 2.540000
0.000000 0.000000 2.540000
0.000000 0.000000 2.540000
0.000000 0.000000 2.540000
0.000000 0.000000 2.540000
0.000000 0.000000 2.540000
0.000000 0.000000 2.540000
2.540000 0.000000 0.000000
2.540000 0.000000 0.000000
2.466192 -0.607862 0.000000
2.466192 -0.607862 0.000000
2.540000 0.000000 0.000000
2.466192 -0.607862 0.000000
2.466192 -0.607862 0.000000
2.466192 -0.607862 0.000000
2.249058 -1.180397 0.000000
2.249058 -1.180397 0.000000
2.466192 -0.607862 0.000000
2.249058 -1.180397 0.000000
2.249058 -1.180397 0.000000
2.249058 -1.180397 0.000000
1.901217 -1.684332 0.000000
1.901217 -1.684332 0.000000
2.249058 -1.180397 0.000000
1.901217 -1.684332 0.000000
1.901217 -1.684332 0.000000
1.901217 -1.684332 0.000000
1.442884 -2.090379 0.000000
1.442884 -2.090379 0.000000
1.901217 -1.684332 0.000000
1.442884 -2.090379 0.000000
1.442884 -2.090379 0.000000
1.442884 -2.090379 0.000000
0.900696 -2.374941 0.000000
0.900696 -2.374941 0.000000
1.442884 -2.090379 0.000000
0.900696 -2.374941 0.000000
0.900696 -2.374941 0.000000
0.900696 -2.374941 0.000000
0.306163 -2.521481 0.000000
0.306163 -2.521481 0.000000
0.900696 -2.374941 0.000000
0.306163 -2.521481 0.000000
0.306163 -2.521481 0.000000
0.306163 -2.521481 0.000000
-0.306163 -2.521481 0.000000
-0.306163 -2.521481 0.000000
0.306163 -2.521481 0.000000
-0.306163 -2.521481 0.000000
-0.306163 -2.521481 0.000000
-0.306163 -2.521481 0.000000
-0.900696 -2.374941 0.000000
-0.900696 -2.374941 0.000000
-0.306163 -2.521481 0.000000
-0.900696 -2.374941 0.000000
-0.900696 -2.374941 0.000000
-0.900696 -2.374941 0.000000
-1.442884 -2.090379 0.000000
-1.442884 -2.090379 0.000000
-0.900696 -2.374941 0.000000
-1.442884 -2.090379 0.000000
-1.442884 -2.090379 0.000000
-1.442884 -2.090379 0.000000
-1.901217 -1.684332 0.000000
-1.901217 -1.684332 0.000000
-1.442884 -2.090379 0.000000
-1.901217 -1.684332 0.000000
-1.901217 -1.684332 0.000000
-1.901217 -1.684332 0.000000
-2.249058 -1.180397 0.000000
-2.249058 -1.180397 0.000000
-1.901217 -1.684332 0.000000
-2.249058 -1.180397 0.000000
-2.249058 -1.180397 0.000000
-2.249058 -1.180397 0.000000
-2.466192 -0.607862 0.000000
-2.466192 -0.607862 0.000000
-2.249058 -1.180397 0.000000
-2.466192 -0.607862 0.000000
-2.466192 -0.607862 0.000000
-2.466192 -0.607862 0.000000
-2.540000 0.000000 0.000000
-2.540000 0.000000 0.000000
-2.466192 -0.607862 0.000000
-2.540000 0.000000 0.000000
0.000000 0.000000 2.540000
0.000000 0.000000 2.540000
0.000000 0.000000 2.540000
0.000000 0.000000 2.540000
0.000000 0.000000 2.540000
0.000000 0.000000 2.540000
0.000000 0.000000 2.540000
0.000000 0.000000 2.540000
0.000000 0.000000 2.540000
0.000000 0.000000 2.540000
0.000000 0.000000 2.540000
0.000000 0.000000 2.540000
0.000000 0.000000 2.540000
0.000000 0.000000 2.540000
0.000000 0.000000 2.540000
0.000000 0.000000 2.540000
0.000000 0.000000 2.540000
0.000000 0.000000 2.540000
0.000000 0.000000 2.540000
0.000000 0.000000 2.540000
0.000000 0.000000 2.540000
0.000000 0.000000 2.540000
0.000000 0.000000 2.540000
0.000000 0.000000 2.540000
0.000000 0.000000 2.540000
0.000000 0.000000 2.540000
0.000000 0.000000 2.540000
0.000000 0.000000 2.540000
0.000000 0.000000 2.540000
0.000000 0.000000 2.540000
0.000000 0.000000 2.540000
0.000000 0.000000 2.540000
0.000000 0.000000 2.540000
0.000000 0.000000 2.540000
0.000000 0.000000 2.540000
0.000000 0.000000 2.540000
0.000000 0.000000 2.540000
0.000000 0.000000 2.540000
0.000000 0.000000 2.540000
0.000000 0.000000 2.540000
0.000000 0.000000 2.540000
0.000000 0.000000 2.540000
0.000000 0.000000 2.540000
0.000000 0.000000 2.540000
0.000000 0.000000 2.540000
0.000000 0.000000 2.540000
0.000000 0.000000 2.540000
0.000000 0.000000 2.540000
0.000000 0.000000 2.540000
0.000000 0.000000 2.540000
0.000000 0.000000 2.540000
0.000000 0.000000 2.540000
0.000000 0.000000 2.540000
0.000000 0.000000 2.540000
0.000000 0.000000 2.540000
0.000000 0.000000 2.540000
0.000000 0.000000 2.540000
0.000000 0.000000 2.540000
0.000000 0.000000 2.540000
0.000000 0.000000 2.540000
0.000000 0.000000 2.540000
0.000000 0.000000 2.540000
0.000000 0.000000 2.540000
0.000000 0.000000 2.540000
0.000000 0.000000 2.540000
0.000000 0.000000 2.540000
0.000000 0.000000 2.540000
0.000000 0.000000 2.540000
0.000000 0.000000 2.540000
0.000000 0.000000 2.540000
0.000000 0.000000 2.540000
0.000000 0.000000 2.540000
2.540000 0.000000 0.000000
2.540000 0.000000 0.000000
2.466192 -0.607862 0.000000
2.466192 -0.607862 0.000000
2.540000 0.000000 0.000000
2.466192 -0.607862 0.000000
2.466192 -0.607862 0.000000
2.466192 -0.607862 0.000000
2.249058 -1.180397 0.000000
2.249058 -1.180397 0.000000
2.466192 -0.607862 0.000000
2.249058 -1.180397 0.000000
2.249058 -1.180397 0.000000
2.249058 -1.180397 0.000000
1.901217 -1.684332 0.000000
1.901217 -1.684332 0.000000
2.249058 -1.180397 0.000000
1.901217 -1.684332 0.000000
1.901217 -1.684332 0.000000
1.901217 -1.684332 0.000000
1.442884 -2.090379 0.000000
1.442884 -2.090379 0.000000
1.901217 -1.684332 0.000000
1.442884 -2.090379 0.000000
1.442884 -2.090379 0.000000
1.442884 -2.090379 0.000000
0.900696 -2.374941 0.000000
0.900696 -2.374941 0.000000
1.442884 -2.090379 0.000000
0.900696 -2.374941 0.000000
0.900696 -2.374941 0.000000
0.900696 -2.374941 0.000000
0.306163 -2.521481 0.000000
0.306163 -2.521481 0.000000
0.900696 -2.374941 0.000000
0.306163 -2.521481 0.000000
0.306163 -2.521481 0.000000
0.306163 -2.521481 0.000000
-0.306163 -2.521481 0.000000
-0.306163 -2.521481 0.000000
0.306163 -2.521481 0.000000
-0.306163 -2.521481 0.000000
-0.306163 -2.521481 0.000000
-0.306163 -2.521481 0.000000
-0.900696 -2.374941 0.000000
-0.900696 -2.374941 0.000000
-0.306163 -2.521481 0.000000
-0.900696 -2.374941 0.000000
-0.900696 -2.374941 0.000000
-0.900696 -2.374941 0.000000
-1.442884 -2.090379 0.000000
-1.442884 -2.090379 0.000000
-0.900696 -2.374941 0.000000
-1.442884 -2.090379 0.000000
-1.442884 -2.090379 0.000000
-1.442884 -2.090379 0.000000
-1.901217 -1.684332 0.000000
-1.901217 -1.684332 0.000000
-1.442884 -2.090379 0.000000
-1.901217 -1.684332 0.000000
-1.901217 -1.684332 0.000000
-1.901217 -1.684332 0.000000
-2.249058 -1.180397 0.000000
-2.249058 -1.180397 0.000000
-1.901217 -1.684332 0.000000
-2.249058 -1.180397 0.000000
-2.249058 -1.180397 0.000000
-2.249058 -1.180397 0.000000
-2.466192 -0.607862 0.000000
-2.466192 -0.607862 0.000000
-2.249058 -1.180397 0.000000
-2.466192 -0.607862 0.000000
-2.466192 -0.607862 0.000000
-2.466192 -0.607862 0.000000
-2.540000 0.000000 0.000000
-2.540000 0.000000 0.000000
-2.466192 -0.607862 0.000000
-2.540000 0.000000 0.000000
0.000000 0.000000 2.540000
0.000000 0.000000 2.540000
0.000000 0.000000 2.540000
0.000000 0.000000 2.540000
0.000000 0.000000 2.540000
0.000000 0.000000 2.540000
0.000000 0.000000 2.540000
0.000000 0.000000 2.540000
0.000000 0.000000 2.540000
0.000000 0.000000 2.540000
0.000000 0.000000 2.540000
0.000000 0.000000 2.540000
0.000000 0.000000 2.540000
0.000000 0.000000 2.540000
0.000000 0.000000 2.540000
0.000000 0.000000 2.540000
0.000000 0.000000 2.540000
0.000000 0.000000 2.540000
0.000000 0.000000 2.540000
0.000000 0.000000 2.540000
0.000000 0.000000 2.540000
0.000000 0.000000 2.540000
0.000000 0.000000 2.540000
0.000000 0.000000 2.540000
0.000000 0.000000 2.540000
0.000000 0.000000 2.540000
0.000000 0.000000 2.540000
0.000000 0.000000 2.540000
0.000000 0.000000 2.540000
0.000000 0.000000 2.540000
0.000000 0.000000 2.540000
0.000000 0.000000 2.540000
0.000000 0.000000 2.540000
0.000000 0.000000 2.540000
0.000000 0.000000 2.540000
0.000000 0.000000 2.540000
0.000000 0.000000 2.540000
0.000000 0.000000 2.540000
0.000000 0.000000 2.540000
0.000000 0.000000 2.540000
0.000000 0.000000 2.540000
0.000000 0.000000 2.540000
0.000000 0.000000 2.540000
0.000000 0.000000 2.540000
0.000000 0.000000 2.540000
0.000000 0.000000 2.540000
0.000000 0.000000 2.540000
0.000000 0.000000 2.540000
0.000000 0.000000 2.540000
0.000000 0.000000 2.540000
0.000000 0.000000 2.540000
0.000000 0.000000 2.540000
0.000000 0.000000 2.540000
0.000000 0.000000 2.540000
0.000000 0.000000 2.540000
0.000000 0.000000 2.540000
0.000000 0.000000 2.540000
0.000000 0.000000 2.540000
0.000000 0.000000 2.540000
0.000000 0.000000 2.540000
0.000000 0.000000 2.540000
0.000000 0.000000 2.540000
0.000000 0.000000 2.540000
0.000000 0.000000 2.540000
0.000000 0.000000 2.540000
0.000000 0.000000 2.540000
0.000000 0.000000 2.540000
0.000000 0.000000 2.540000
0.000000 0.000000 2.540000
0.000000 0.000000 2.540000
0.000000 0.000000 2.540000
0.000000 0.000000 2.540000
2.540000 0.000000 0.000000
2.540000 0.000000 0.000000
2.466192 -0.607862 0.000000
2.466192 -0.607862 0.000000
2.540000 0.000000 0.000000
2.466192 -0.607862 0.000000
2.466192 -0.607862 0.000000
2.466192 -0.607862 0.000000
2.249058 -1.180397 0.000000
2.249058 -1.180397 0.000000
2.466192 -0.607862 0.000000
2.249058 -1.180397 0.000000
2.249058 -1.180397 0.000000
2.249058 -1.180397 0.000000
1.901217 -1.684332 0.000000
1.901217 -1.684332 0.000000
2.249058 -1.180397 0.000000
1.901217 -1.684332 0.000000
1.901217 -1.684332 0.000000
1.901217 -1.684332 0.000000
1.442884 -2.090379 0.000000
1.442884 -2.090379 0.000000
1.901217 -1.684332 0.000000
1.442884 -2.090379 0.000000
1.442884 -2.090379 0.000000
1.442884 -2.090379 0.000000
0.900696 -2.374941 0.000000
0.900696 -2.374941 0.000000
1.442884 -2.090379 0.000000
0.900696 -2.374941 0.000000
0.900696 -2.374941 0.000000
0.900696 -2.374941 0.000000
0.306163 -2.521481 0.000000
0.306163 -2.521481 0.000000
0.900696 -2.374941 0.000000
0.306163 -2.521481 0.000000
0.306163 -2.521481 0.000000
0.306163 -2.521481 0.000000
-0.306163 -2.521481 0.000000
-0.306163 -2.521481 0.000000
0.306163 -2.521481 0.000000
-0.306163 -2.521481 0.000000
-0.306163 -2.521481 0.000000
-0.306163 -2.521481 0.000000
-0.900696 -2.374941 0.000000
-0.900696 -2.374941 0.000000
-0.306163 -2.521481 0.000000
-0.900696 -2.374941 0.000000
-0.900696 -2.374941 0.000000
-0.900696 -2.374941 0.000000
-1.442884 -2.090379 0.000000
-1.442884 -2.090379 0.000000
-0.900696 -2.374941 0.000000
-1.442884 -2.090379 0.000000
-1.442884 -2.090379 0.000000
-1.442884 -2.090379 0.000000
-1.901217 -1.684332 0.000000
-1.901217 -1.684332 0.000000
-1.442884 -2.090379 0.000000
-1.901217 -1.684332 0.000000
-1.901217 -1.684332 0.000000
-1.901217 -1.684332 0.000000
-2.249058 -1.180397 0.000000
-2.249058 -1.180397 0.000000
-1.901217 -1.684332 0.000000
-2.249058 -1.180397 0.000000
-2.249058 -1.180397 0.000000
-2.249058 -1.180397 0.000000
-2.466192 -0.607862 0.000000
-2.466192 -0.607862 0.000000
-2.249058 -1.180397 0.000000
-2.466192 -0.607862 0.000000
-2.466192 -0.607862 0.000000
-2.466192 -0.607862 0.000000
-2.540000 0.000000 0.000000
-2.540000 0.000000 0.000000
-2.466192 -0.607862 0.000000
-2.540000 0.000000 0.000000
0.000000 0.000000 2.540000
0.000000 0.000000 2.540000
0.000000 0.000000 2.540000
0.000000 0.000000 2.540000
0.000000 0.000000 2.540000
0.000000 0.000000 2.540000
0.000000 0.000000 2.540000
0.000000 0.000000 2.540000
0.000000 0.000000 2.540000
0.000000 0.000000 2.540000
0.000000 0.000000 2.540000
0.000000 0.000000 2.540000
0.000000 0.000000 2.540000
0.000000 0.000000 2.540000
0.000000 0.000000 2.540000
0.000000 0.000000 2.540000
0.000000 0.000000 2.540000
0.000000 0.000000 2.540000
0.000000 0.000000 2.540000
0.000000 0.000000 2.540000
0.000000 0.000000 2.540000
0.000000 0.000000 2.540000
0.000000 0.000000 2.540000
0.000000 0.000000 2.540000
0.000000 0.000000 2.540000
0.000000 0.000000 2.540000
0.000000 0.000000 2.540000
0.000000 0.000000 2.540000
0.000000 0.000000 2.540000
0.000000 0.000000 2.540000
0.000000 0.000000 2.540000
0.000000 0.000000 2.540000
0.000000 0.000000 2.540000
0.000000 0.000000 2.540000
0.000000 0.000000 2.540000
0.000000 0.000000 2.540000
0.000000 0.000000 2.540000
0.000000 0.000000 2.540000
0.000000 0.000000 2.540000
0.000000 0.000000 2.540000
0.000000 0.000000 2.540000
0.000000 0.000000 2.540000
0.000000 0.000000 2.540000
0.000000 0.000000 2.540000
0.000000 0.000000 2.540000
0.000000 0.000000 2.540000
0.000000 0.000000 2.540000
0.000000 0.000000 2.540000
0.000000 0.000000 2.540000
0.000000 0.000000 2.540000
0.000000 0.000000 2.540000
0.000000 0.000000 2.540000
0.000000 0.000000 2.540000
0.000000 0.000000 2.540000
0.000000 0.000000 2.540000
0.000000 0.000000 2.540000
0.000000 0.000000 2.540000
0.000000 0.000000 2.540000
0.000000 0.000000 2.540000
0.000000 0.000000 2.540000
0.000000 0.000000 2.540000
0.000000 0.000000 2.540000
0.000000 0.000000 2.540000
0.000000 0.000000 2.540000
0.000000 0.000000 2.540000
0.000000 0.000000 2.540000
0.000000 0.000000 2.540000
0.000000 0.000000 2.540000
0.000000 0.000000 2.540000
0.000000 0.000000 2.540000
0.000000 0.000000 2.540000
0.000000 0.000000 2.540000
2.540000 0.000000 0.000000
2.540000 0.000000 0.000000
2.466192 -0.607862 0.000000
2.466192 -0.607862 0.000000
2.540000 0.000000 0.000000
2.466192 -0.607862 0.000000
2.466192 -0.607862 0.000000
2.466192 -0.607862 0.000000
2.249058 -1.180397 0.000000
2.249058 -1.180397 0.000000
2.466192 -0.607862 0.000000
2.249058 -1.180397 0.000000
2.249058 -1.180397 0.000000
2.249058 -1.180397 0.000000
1.901217 -1.684332 0.000000
1.901217 -1.684332 0.000000
2.249058 -1.180397 0.000000
1.901217 -1.684332 0.000000
1.901217 -1.684332 0.000000
1.901217 -1.684332 0.000000
1.442884 -2.090379 0.000000
1.442884 -2.090379 0.000000
1.901217 -1.684332 0.000000
1.442884 -2.090379 0.000000
1.442884 -2.090379 0.000000
1.442884 -2.090379 0.000000
0.900696 -2.374941 0.000000
0.900696 -2.374941 0.000000
1.442884 -2.090379 0.000000
0.900696 -2.374941 0.000000
0.900696 -2.374941 0.000000
0.900696 -2.374941 0.000000
0.306163 -2.521481 0.000000
0.306163 -2.521481 0.000000
0.900696 -2.374941 0.000000
0.306163 -2.521481 0.000000
0.306163 -2.521481 0.000000
0.306163 -2.521481 0.000000
-0.306163 -2.521481 0.000000
-0.306163 -2.521481 0.000000
0.306163 -2.521481 0.000000
-0.306163 -2.521481 0.000000
-0.306163 -2.521481 0.000000
-0.306163 -2.521481 0.000000
-0.900696 -2.374941 0.000000
-0.900696 -2.374941 0.000000
-0.306163 -2.521481 0.000000
-0.900696 -2.374941 0.000000
-0.900696 -2.374941 0.000000
-0.900696 -2.374941 0.000000
-1.442884 -2.090379 0.000000
-1.442884 -2.090379 0.000000
-0.900696 -2.374941 0.000000
-1.442884 -2.090379 0.000000
-1.442884 -2.090379 0.000000
-1.442884 -2.090379 0.000000
-1.901217 -1.684332 0.000000
-1.901217 -1.684332 0.000000
-1.442884 -2.090379 0.000000
-1.901217 -1.684332 0.000000
-1.901217 -1.684332 0.000000
-1.901217 -1.684332 0.000000
-2.249058 -1.180397 0.000000
-2.249058 -1.180397 0.000000
-1.901217 -1.684332 0.000000
-2.249058 -1.180397 0.000000
-2.249058 -1.180397 0.000000
-2.249058 -1.180397 0.000000
-2.466192 -0.607862 0.000000
-2.466192 -0.607862 0.000000
-2.249058 -1.180397 0.000000
-2.466192 -0.607862 0.000000
-2.466192 -0.607862 0.000000
-2.466192 -0.607862 0.000000
-2.540000 0.000000 0.000000
-2.540000 0.000000 0.000000
-2.466192 -0.607862 0.000000
-2.540000 0.000000 0.000000
0.000000 0.000000 -2.540000
0.000000 0.000000 -2.540000
0.000000 0.000000 -2.540000
0.000000 0.000000 -2.540000
0.000000 0.000000 -2.540000
0.000000 0.000000 -2.540000
0.000000 0.000000 -2.540000
0.000000 0.000000 -2.540000
0.000000 0.000000 -2.540000
0.000000 0.000000 -2.540000
0.000000 0.000000 -2.540000
0.000000 0.000000 -2.540000
0.000000 0.000000 -2.540000
0.000000 0.000000 -2.540000
0.000000 0.000000 -2.540000
0.000000 0.000000 -2.540000
0.000000 0.000000 -2.540000
0.000000 0.000000 -2.540000
0.000000 0.000000 -2.540000
0.000000 0.000000 -2.540000
0.000000 0.000000 -2.540000
0.000000 0.000000 -2.540000
0.000000 0.000000 -2.540000
0.000000 0.000000 -2.540000
0.000000 0.000000 -2.540000
0.000000 0.000000 -2.540000
0.000000 0.000000 -2.540000
0.000000 0.000000 -2.540000
0.000000 0.000000 -2.540000
0.000000 0.000000 -2.540000
0.000000 0.000000 -2.540000
0.000000 0.000000 -2.540000
0.000000 0.000000 -2.540000
0.000000 0.000000 -2.540000
0.000000 0.000000 -2.540000
0.000000 0.000000 -2.540000
0.000000 0.000000 -2.540000
0.000000 0.000000 -2.540000
0.000000 0.000000 -2.540000
0.000000 0.000000 -2.540000
0.000000 0.000000 -2.540000
0.000000 0.000000 -2.540000
0.000000 0.000000 -2.540000
0.000000 0.000000 -2.540000
0.000000 0.000000 -2.540000
0.000000 0.000000 -2.540000
0.000000 0.000000 -2.540000
0.000000 0.000000 -2.540000
0.000000 0.000000 -2.540000
0.000000 0.000000 -2.540000
0.000000 0.000000 -2.540000
0.000000 0.000000 -2.540000
0.000000 0.000000 -2.540000
0.000000 0.000000 -2.540000
0.000000 0.000000 -2.540000
0.000000 0.000000 -2.540000
0.000000 0.000000 -2.540000
0.000000 0.000000 -2.540000
0.000000 0.000000 -2.540000
0.000000 0.000000 -2.540000
0.000000 0.000000 -2.540000
0.000000 0.000000 -2.540000
0.000000 0.000000 -2.540000
0.000000 0.000000 -2.540000
0.000000 0.000000 -2.540000
0.000000 0.000000 -2.540000
0.000000 0.000000 -2.540000
0.000000 0.000000 -2.540000
0.000000 0.000000 -2.540000
0.000000 0.000000 -2.540000
0.000000 0.000000 -2.540000
0.000000 0.000000 -2.540000
0.000000 0.000000 -2.540000
0.000000 0.000000 -2.540000
0.000000 0.000000 -2.540000
0.000000 0.000000 -2.540000
0.000000 0.000000 -2.540000
0.000000 0.000000 -2.540000
0.000000 0.000000 -2.540000
0.000000 0.000000 -2.540000
0.000000 0.000000 -2.540000
0.000000 0.000000 -2.540000
0.000000 0.000000 -2.540000
0.000000 0.000000 -2.540000
0.000000 0.000000 -2.540000
0.000000 0.000000 -2.540000
0.000000 0.000000 -2.540000
0.000000 0.000000 -2.540000
0.000000 0.000000 -2.540000
0.000000 0.000000 -2.540000
0.000000 0.000000 -2.540000
0.000000 0.000000 -2.540000
0.000000 0.000000 -2.540000
0.000000 0.000000 -2.540000
0.000000 0.000000 -2.540000
0.000000 0.000000 -2.540000
0.000000 0.000000 -2.540000
0.000000 0.000000 -2.540000
0.000000 0.000000 -2.540000
0.000000 0.000000 -2.540000
0.000000 0.000000 -2.540000
0.000000 0.000000 -2.540000
0.000000 0.000000 -2.540000
0.000000 0.000000 -2.540000
0.000000 0.000000 -2.540000
0.000000 0.000000 -2.540000
0.000000 0.000000 -2.540000
0.000000 0.000000 -2.540000
0.000000 0.000000 -2.540000
0.000000 0.000000 -2.540000
0.000000 0.000000 -2.540000
0.000000 0.000000 -2.540000
0.000000 0.000000 -2.540000
0.000000 0.000000 -2.540000
0.000000 0.000000 -2.540000
0.000000 0.000000 -2.540000
0.000000 0.000000 -2.540000
0.000000 0.000000 -2.540000
0.000000 0.000000 -2.540000
0.000000 0.000000 -2.540000
0.000000 0.000000 -2.540000
0.000000 0.000000 -2.540000
0.000000 0.000000 -2.540000
0.000000 0.000000 -2.540000
0.000000 0.000000 -2.540000
0.000000 0.000000 -2.540000
0.000000 0.000000 -2.540000
0.000000 0.000000 -2.540000
0.000000 0.000000 -2.540000
0.000000 0.000000 -2.540000
0.000000 0.000000 -2.540000
0.000000 0.000000 -2.540000
0.000000 0.000000 -2.540000
0.000000 0.000000 -2.540000
0.000000 0.000000 -2.540000
0.000000 0.000000 -2.540000
0.000000 0.000000 -2.540000
0.000000 0.000000 -2.540000
0.000000 0.000000 -2.540000
0.000000 0.000000 -2.540000
0.000000 0.000000 -2.540000
0.000000 0.000000 -2.540000
0.000000 0.000000 -2.540000
0.000000 0.000000 -2.540000
0.000000 0.000000 -2.540000
0.000000 0.000000 -2.540000
0.000000 0.000000 -2.540000
0.000000 0.000000 -2.540000
0.000000 0.000000 -2.540000
0.000000 0.000000 -2.540000
0.000000 0.000000 -2.540000
0.000000 0.000000 -2.540000
0.000000 0.000000 -2.540000
0.000000 0.000000 -2.540000
0.000000 0.000000 -2.540000
0.000000 0.000000 -2.540000
-2.540000 0.000000 0.000000
-2.540000 0.000000 0.000000
-2.466192 -0.607862 0.000000
-2.466192 -0.607862 0.000000
-2.540000 0.000000 0.000000
-2.466192 -0.607862 0.000000
-2.466192 -0.607862 0.000000
-2.466192 -0.607862 0.000000
-2.249058 -1.180397 0.000000
-2.249058 -1.180397 0.000000
-2.466192 -0.607862 0.000000
-2.249058 -1.180397 0.000000
-2.249058 -1.180397 0.000000
-2.249058 -1.180397 0.000000
-1.901217 -1.684332 0.000000
-1.901217 -1.684332 0.000000
-2.249058 -1.180397 0.000000
-1.901217 -1.684332 0.000000
-1.901217 -1.684332 0.000000
-1.901217 -1.684332 0.000000
-1.442884 -2.090379 0.000000
-1.442884 -2.090379 0.000000
-1.901217 -1.684332 0.000000
-1.442884 -2.090379 0.000000
-1.442884 -2.090379 0.000000
-1.442884 -2.090379 0.000000
-0.900696 -2.374941 0.000000
-0.900696 -2.374941 0.000000
-1.442884 -2.090379 0.000000
-0.900696 -2.374941 0.000000
-0.900696 -2.374941 0.000000
-0.900696 -2.374941 0.000000
-0.306163 -2.521481 0.000000
-0.306163 -2.521481 0.000000
-0.900696 -2.374941 0.000000
-0.306163 -2.521481 0.000000
-0.306163 -2.521481 0.000000
-0.306163 -2.521481 0.000000
0.306163 -2.521481 0.000000
0.306163 -2.521481 0.000000
-0.306163 -2.521481 0.000000
0.306163 -2.521481 0.000000
0.306163 -2.521481 0.000000
0.306163 -2.521481 0.000000
0.900696 -2.374941 0.000000
0.900696 -2.374941 0.000000
0.306163 -2.521481 0.000000
0.900696 -2.374941 0.000000
0.900696 -2.374941 0.000000
0.900696 -2.374941 0.000000
1.442884 -2.090379 0.000000
1.442884 -2.090379 0.000000
0.900696 -2.374941 0.000000
1.442884 -2.090379 0.000000
1.442884 -2.090379 0.000000
1.442884 -2.090379 0.000000
1.901217 -1.684332 0.000000
1.901217 -1.684332 0.000000
1.442884 -2.090379 0.000000
1.901217 -1.684332 0.000000
1.901217 -1.684332 0.000000
1.901217 -1.684332 0.000000
2.249058 -1.180397 0.000000
2.249058 -1.180397 0.000000
1.901217 -1.684332 0.000000
2.249058 -1.180397 0.000000
2.249058 -1.180397 0.000000
2.249058 -1.180397 0.000000
2.466192 -0.607862 0.000000
2.466192 -0.607862 0.000000
2.249058 -1.180397 0.000000
2.466192 -0.607862 0.000000
2.466192 -0.607862 0.000000
2.466192 -0.607862 0.000000
2.540000 0.000000 0.000000
2.540000 0.000000 0.000000
2.466192 -0.607862 0.000000
2.540000 0.000000 0.000000
0.000000 0.000000 -2.540000
0.000000 0.000000 -2.540000
0.000000 0.000000 -2.540000
0.000000 0.000000 -2.540000
0.000000 0.000000 -2.540000
0.000000 0.000000 -2.540000
0.000000 0.000000 -2.540000
0.000000 0.000000 -2.540000
0.000000 0.000000 -2.540000
0.000000 0.000000 -2.540000
0.000000 0.000000 -2.540000
0.000000 0.000000 -2.540000
0.000000 0.000000 -2.540000
0.000000 0.000000 -2.540000
0.000000 0.000000 -2.540000
0.000000 0.000000 -2.540000
0.000000 0.000000 -2.540000
0.000000 0.000000 -2.540000
0.000000 0.000000 -2.540000
0.000000 0.000000 -2.540000
0.000000 0.000000 -2.540000
0.000000 0.000000 -2.540000
0.000000 0.000000 -2.540000
0.000000 0.000000 -2.540000
0.000000 0.000000 -2.540000
0.000000 0.000000 -2.540000
0.000000 0.000000 -2.540000
0.000000 0.000000 -2.540000
0.000000 0.000000 -2.540000
0.000000 0.000000 -2.540000
0.000000 0.000000 -2.540000
0.000000 0.000000 -2.540000
0.000000 0.000000 -2.540000
0.000000 0.000000 -2.540000
0.000000 0.000000 -2.540000
0.000000 0.000000 -2.540000
0.000000 0.000000 -2.540000
0.000000 0.000000 -2.540000
0.000000 0.000000 -2.540000
0.000000 0.000000 -2.540000
0.000000 0.000000 -2.540000
0.000000 0.000000 -2.540000
0.000000 0.000000 -2.540000
0.000000 0.000000 -2.540000
0.000000 0.000000 -2.540000
0.000000 0.000000 -2.540000
0.000000 0.000000 -2.540000
0.000000 0.000000 -2.540000
0.000000 0.000000 -2.540000
0.000000 0.000000 -2.540000
0.000000 0.000000 -2.540000
0.000000 0.000000 -2.540000
0.000000 0.000000 -2.540000
0.000000 0.000000 -2.540000
0.000000 0.000000 -2.540000
0.000000 0.000000 -2.540000
0.000000 0.000000 -2.540000
0.000000 0.000000 -2.540000
0.000000 0.000000 -2.540000
0.000000 0.000000 -2.540000
0.000000 0.000000 -2.540000
0.000000 0.000000 -2.540000
0.000000 0.000000 -2.540000
0.000000 0.000000 -2.540000
0.000000 0.000000 -2.540000
0.000000 0.000000 -2.540000
0.000000 0.000000 -2.540000
0.000000 0.000000 -2.540000
0.000000 0.000000 -2.540000
0.000000 0.000000 -2.540000
0.000000 0.000000 -2.540000
0.000000 0.000000 -2.540000
0.000000 0.000000 -2.540000
0.000000 0.000000 -2.540000
0.000000 0.000000 -2.540000
0.000000 0.000000 -2.540000
0.000000 0.000000 -2.540000
0.000000 0.000000 -2.540000
0.000000 0.000000 -2.540000
0.000000 0.000000 -2.540000
0.000000 0.000000 -2.540000
0.000000 0.000000 -2.540000
0.000000 0.000000 -2.540000
0.000000 0.000000 -2.540000
0.000000 0.000000 -2.540000
0.000000 0.000000 -2.540000
0.000000 0.000000 -2.540000
0.000000 0.000000 -2.540000
0.000000 0.000000 -2.540000
0.000000 0.000000 -2.540000
0.000000 0.000000 -2.540000
0.000000 0.000000 -2.540000
0.000000 0.000000 -2.540000
0.000000 0.000000 -2.540000
0.000000 0.000000 -2.540000
0.000000 0.000000 -2.540000
0.000000 0.000000 -2.540000
0.000000 0.000000 -2.540000
0.000000 0.000000 -2.540000
0.000000 0.000000 -2.540000
0.000000 0.000000 -2.540000
0.000000 0.000000 -2.540000
0.000000 0.000000 -2.540000
0.000000 0.000000 -2.540000
0.000000 0.000000 -2.540000
0.000000 0.000000 -2.540000
0.000000 0.000000 -2.540000
0.000000 0.000000 -2.540000
0.000000 0.000000 -2.540000
0.000000 0.000000 -2.540000
0.000000 0.000000 -2.540000
0.000000 0.000000 -2.540000
0.000000 0.000000 -2.540000
0.000000 0.000000 -2.540000
0.000000 0.000000 -2.540000
0.000000 0.000000 -2.540000
0.000000 0.000000 -2.540000
0.000000 0.000000 -2.540000
0.000000 0.000000 -2.540000
0.000000 0.000000 -2.540000
0.000000 0.000000 -2.540000
0.000000 0.000000 -2.540000
0.000000 0.000000 -2.540000
0.000000 0.000000 -2.540000
0.000000 0.000000 -2.540000
0.000000 0.000000 -2.540000
0.000000 0.000000 -2.540000
0.000000 0.000000 -2.540000
0.000000 0.000000 -2.540000
0.000000 0.000000 -2.540000
0.000000 0.000000 -2.540000
0.000000 0.000000 -2.540000
0.000000 0.000000 -2.540000
0.000000 0.000000 -2.540000
0.000000 0.000000 -2.540000
0.000000 0.000000 -2.540000
0.000000 0.000000 -2.540000
0.000000 0.000000 -2.540000
0.000000 0.000000 -2.540000
0.000000 0.000000 -2.540000
0.000000 0.000000 -2.540000
0.000000 0.000000 -2.540000
0.000000 0.000000 -2.540000
0.000000 0.000000 -2.540000
0.000000 0.000000 -2.540000
0.000000 0.000000 -2.540000
0.000000 0.000000 -2.540000
0.000000 0.000000 -2.540000
0.000000 0.000000 -2.540000
0.000000 0.000000 -2.540000
0.000000 0.000000 -2.540000
0.000000 0.000000 -2.540000
0.000000 0.000000 -2.540000
0.000000 0.000000 -2.540000
0.000000 0.000000 -2.540000
0.000000 0.000000 -2.540000
-2.540000 0.000000 0.000000
-2.540000 0.000000 0.000000
-2.466192 -0.607862 0.000000
-2.466192 -0.607862 0.000000
-2.540000 0.000000 0.000000
-2.466192 -0.607862 0.000000
-2.466192 -0.607862 0.000000
-2.466192 -0.607862 0.000000
-2.249058 -1.180397 0.000000
-2.249058 -1.180397 0.000000
-2.466192 -0.607862 0.000000
-2.249058 -1.180397 0.000000
-2.249058 -1.180397 0.000000
-2.249058 -1.180397 0.000000
-1.901217 -1.684332 0.000000
-1.901217 -1.684332 0.000000
-2.249058 -1.180397 0.000000
-1.901217 -1.684332 0.000000
-1.901217 -1.684332 0.000000
-1.901217 -1.684332 0.000000
-1.442884 -2.090379 0.000000
-1.442884 -2.090379 0.000000
-1.901217 -1.684332 0.000000
-1.442884 -2.090379 0.000000
-1.442884 -2.090379 0.000000
-1.442884 -2.090379 0.000000
-0.900696 -2.374941 0.000000
-0.900696 -2.374941 0.000000
-1.442884 -2.090379 0.000000
-0.900696 -2.374941 0.000000
-0.900696 -2.374941 0.000000
-0.900696 -2.374941 0.000000
-0.306163 -2.521481 0.000000
-0.306163 -2.521481 0.000000
-0.900696 -2.374941 0.000000
-0.306163 -2.521481 0.000000
-0.306163 -2.521481 0.000000
-0.306163 -2.521481 0.000000
0.306163 -2.521481 0.000000
0.306163 -2.521481 0.000000
-0.306163 -2.521481 0.000000
0.306163 -2.521481 0.000000
0.306163 -2.521481 0.000000
0.306163 -2.521481 0.000000
0.900696 -2.374941 0.000000
0.900696 -2.374941 0.000000
0.306163 -2.521481 0.000000
0.900696 -2.374941 0.000000
0.900696 -2.374941 0.000000
0.900696 -2.374941 0.000000
1.442884 -2.090379 0.000000
1.442884 -2.090379 0.000000
0.900696 -2.374941 0.000000
1.442884 -2.090379 0.000000
1.442884 -2.090379 0.000000
1.442884 -2.090379 0.000000
1.901217 -1.684332 0.000000
1.901217 -1.684332 0.000000
1.442884 -2.090379 0.000000
1.901217 -1.684332 0.000000
1.901217 -1.684332 0.000000
1.901217 -1.684332 0.000000
2.249058 -1.180397 0.000000
2.249058 -1.180397 0.000000
1.901217 -1.684332 0.000000
2.249058 -1.180397 0.000000
2.249058 -1.180397 0.000000
2.249058 -1.180397 0.000000
2.466192 -0.607862 0.000000
2.466192 -0.607862 0.000000
2.249058 -1.180397 0.000000
2.466192 -0.607862 0.000000
2.466192 -0.607862 0.000000
2.466192 -0.607862 0.000000
2.540000 0.000000 0.000000
2.540000 0.000000 0.000000
2.466192 -0.607862 0.000000
2.540000 0.000000 0.000000
0.000000 0.000000 -2.540000
0.000000 0.000000 -2.540000
0.000000 0.000000 -2.540000
0.000000 0.000000 -2.540000
0.000000 0.000000 -2.540000
0.000000 0.000000 -2.540000
0.000000 0.000000 -2.540000
0.000000 0.000000 -2.540000
0.000000 0.000000 -2.540000
0.000000 0.000000 -2.540000
0.000000 0.000000 -2.540000
0.000000 0.000000 -2.540000
0.000000 0.000000 -2.540000
0.000000 0.000000 -2.540000
0.000000 0.000000 -2.540000
0.000000 0.000000 -2.540000
0.000000 0.000000 -2.540000
0.000000 0.000000 -2.540000
0.000000 0.000000 -2.540000
0.000000 0.000000 -2.540000
0.000000 0.000000 -2.540000
0.000000 0.000000 -2.540000
0.000000 0.000000 -2.540000
0.000000 0.000000 -2.540000
0.000000 0.000000 -2.540000
0.000000 0.000000 -2.540000
0.000000 0.000000 -2.540000
0.000000 0.000000 -2.540000
0.000000 0.000000 -2.540000
0.000000 0.000000 -2.540000
0.000000 0.000000 -2.540000
0.000000 0.000000 -2.540000
0.000000 0.000000 -2.540000
0.000000 0.000000 -2.540000
0.000000 0.000000 -2.540000
0.000000 0.000000 -2.540000
0.000000 0.000000 -2.540000
0.000000 0.000000 -2.540000
0.000000 0.000000 -2.540000
0.000000 0.000000 -2.540000
0.000000 0.000000 -2.540000
0.000000 0.000000 -2.540000
0.000000 0.000000 -2.540000
0.000000 0.000000 -2.540000
0.000000 0.000000 -2.540000
0.000000 0.000000 -2.540000
0.000000 0.000000 -2.540000
0.000000 0.000000 -2.540000
0.000000 0.000000 -2.540000
0.000000 0.000000 -2.540000
0.000000 0.000000 -2.540000
0.000000 0.000000 -2.540000
0.000000 0.000000 -2.540000
0.000000 0.000000 -2.540000
0.000000 0.000000 -2.540000
0.000000 0.000000 -2.540000
0.000000 0.000000 -2.540000
0.000000 0.000000 -2.540000
0.000000 0.000000 -2.540000
0.000000 0.000000 -2.540000
0.000000 0.000000 -2.540000
0.000000 0.000000 -2.540000
0.000000 0.000000 -2.540000
0.000000 0.000000 -2.540000
0.000000 0.000000 -2.540000
0.000000 0.000000 -2.540000
0.000000 0.000000 -2.540000
0.000000 0.000000 -2.540000
0.000000 0.000000 -2.540000
0.000000 0.000000 -2.540000
0.000000 0.000000 -2.540000
0.000000 0.000000 -2.540000
-2.540000 0.000000 0.000000
-2.540000 0.000000 0.000000
-2.466192 -0.607862 0.000000
-2.466192 -0.607862 0.000000
-2.540000 0.000000 0.000000
-2.466192 -0.607862 0.000000
-2.466192 -0.607862 0.000000
-2.466192 -0.607862 0.000000
-2.249058 -1.180397 0.000000
-2.249058 -1.180397 0.000000
-2.466192 -0.607862 0.000000
-2.249058 -1.180397 0.000000
-2.249058 -1.180397 0.000000
-2.249058 -1.180397 0.000000
-1.901217 -1.684332 0.000000
-1.901217 -1.684332 0.000000
-2.249058 -1.180397 0.000000
-1.901217 -1.684332 0.000000
-1.901217 -1.684332 0.000000
-1.901217 -1.684332 0.000000
-1.442884 -2.090379 0.000000
-1.442884 -2.090379 0.000000
-1.901217 -1.684332 0.000000
-1.442884 -2.090379 0.000000
-1.442884 -2.090379 0.000000
-1.442884 -2.090379 0.000000
-0.900696 -2.374941 0.000000
-0.900696 -2.374941 0.000000
-1.442884 -2.090379 0.000000
-0.900696 -2.374941 0.000000
-0.900696 -2.374941 0.000000
-0.900696 -2.374941 0.000000
-0.306163 -2.521481 0.000000
-0.306163 -2.521481 0.000000
-0.900696 -2.374941 0.000000
-0.306163 -2.521481 0.000000
-0.306163 -2.521481 0.000000
-0.306163 -2.521481 0.000000
0.306163 -2.521481 0.000000
0.306163 -2.521481 0.000000
-0.306163 -2.521481 0.000000
0.306163 -2.521481 0.000000
0.306163 -2.521481 0.000000
0.306163 -2.521481 0.000000
0.900696 -2.374941 0.000000
0.900696 -2.374941 0.000000
0.306163 -2.521481 0.000000
0.900696 -2.374941 0.000000
0.900696 -2.374941 0.000000
0.900696 -2.374941 0.000000
1.442884 -2.090379 0.000000
1.442884 -2.090379 0.000000
0.900696 -2.374941 0.000000
1.442884 -2.090379 0.000000
1.442884 -2.090379 0.000000
1.442884 -2.090379 0.000000
1.901217 -1.684332 0.000000
1.901217 -1.684332 0.000000
1.442884 -2.090379 0.000000
1.901217 -1.684332 0.000000
1.901217 -1.684332 0.000000
1.901217 -1.684332 0.000000
2.249058 -1.180397 0.000000
2.249058 -1.180397 0.000000
1.901217 -1.684332 0.000000
2.249058 -1.180397 0.000000
2.249058 -1.180397 0.000000
2.249058 -1.180397 0.000000
2.466192 -0.607862 0.000000
2.466192 -0.607862 0.000000
2.249058 -1.180397 0.000000
2.466192 -0.607862 0.000000
2.466192 -0.607862 0.000000
2.466192 -0.607862 0.000000
2.540000 0.000000 0.000000
2.540000 0.000000 0.000000
2.466192 -0.607862 0.000000
2.540000 0.000000 0.000000
0.000000 0.000000 -2.540000
0.000000 0.000000 -2.540000
0.000000 0.000000 -2.540000
0.000000 0.000000 -2.540000
0.000000 0.000000 -2.540000
0.000000 0.000000 -2.540000
0.000000 0.000000 -2.540000
0.000000 0.000000 -2.540000
0.000000 0.000000 -2.540000
0.000000 0.000000 -2.540000
0.000000 0.000000 -2.540000
0.000000 0.000000 -2.540000
0.000000 0.000000 -2.540000
0.000000 0.000000 -2.540000
0.000000 0.000000 -2.540000
0.000000 0.000000 -2.540000
0.000000 0.000000 -2.540000
0.000000 0.000000 -2.540000
0.000000 0.000000 -2.540000
0.000000 0.000000 -2.540000
0.000000 0.000000 -2.540000
0.000000 0.000000 -2.540000
0.000000 0.000000 -2.540000
0.000000 0.000000 -2.540000
0.000000 0.000000 -2.540000
0.000000 0.000000 -2.540000
0.000000 0.000000 -2.540000
0.000000 0.000000 -2.540000
0.000000 0.000000 -2.540000
0.000000 0.000000 -2.540000
0.000000 0.000000 -2.540000
0.000000 0.000000 -2.540000
0.000000 0.000000 -2.540000
0.000000 0.000000 -2.540000
0.000000 0.000000 -2.540000
0.000000 0.000000 -2.540000
0.000000 0.000000 -2.540000
0.000000 0.000000 -2.540000
0.000000 0.000000 -2.540000
0.000000 0.000000 -2.540000
0.000000 0.000000 -2.540000
0.000000 0.000000 -2.540000
0.000000 0.000000 -2.540000
0.000000 0.000000 -2.540000
0.000000 0.000000 -2.540000
0.000000 0.000000 -2.540000
0.000000 0.000000 -2.540000
0.000000 0.000000 -2.540000
0.000000 0.000000 -2.540000
0.000000 0.000000 -2.540000
0.000000 0.000000 -2.540000
0.000000 0.000000 -2.540000
0.000000 0.000000 -2.540000
0.000000 0.000000 -2.540000
0.000000 0.000000 -2.540000
0.000000 0.000000 -2.540000
0.000000 0.000000 -2.540000
0.000000 0.000000 -2.540000
0.000000 0.000000 -2.540000
0.000000 0.000000 -2.540000
0.000000 0.000000 -2.540000
0.000000 0.000000 -2.540000
0.000000 0.000000 -2.540000
0.000000 0.000000 -2.540000
0.000000 0.000000 -2.540000
0.000000 0.000000 -2.540000
0.000000 0.000000 -2.540000
0.000000 0.000000 -2.540000
0.000000 0.000000 -2.540000
0.000000 0.000000 -2.540000
0.000000 0.000000 -2.540000
0.000000 0.000000 -2.540000
0.000000 0.000000 -2.540000
0.000000 0.000000 -2.540000
0.000000 0.000000 -2.540000
0.000000 0.000000 -2.540000
0.000000 0.000000 -2.540000
0.000000 0.000000 -2.540000
0.000000 0.000000 -2.540000
0.000000 0.000000 -2.540000
0.000000 0.000000 -2.540000
0.000000 0.000000 -2.540000
0.000000 0.000000 -2.540000
0.000000 0.000000 -2.540000
0.000000 0.000000 -2.540000
0.000000 0.000000 -2.540000
0.000000 0.000000 -2.540000
0.000000 0.000000 -2.540000
0.000000 0.000000 -2.540000
0.000000 0.000000 -2.540000
0.000000 0.000000 -2.540000
0.000000 0.000000 -2.540000
0.000000 0.000000 -2.540000
0.000000 0.000000 -2.540000
0.000000 0.000000 -2.540000
0.000000 0.000000 -2.540000
0.000000 0.000000 -2.540000
0.000000 0.000000 -2.540000
0.000000 0.000000 -2.540000
0.000000 0.000000 -2.540000
0.000000 0.000000 -2.540000
0.000000 0.000000 -2.540000
0.000000 0.000000 -2.540000
0.000000 0.000000 -2.540000
0.000000 0.000000 -2.540000
0.000000 0.000000 -2.540000
0.000000 0.000000 -2.540000
0.000000 0.000000 -2.540000
0.000000 0.000000 -2.540000
0.000000 0.000000 -2.540000
0.000000 0.000000 -2.540000
0.000000 0.000000 -2.540000
0.000000 0.000000 -2.540000
0.000000 0.000000 -2.540000
0.000000 0.000000 -2.540000
0.000000 0.000000 -2.540000
0.000000 0.000000 -2.540000
0.000000 0.000000 -2.540000
0.000000 0.000000 -2.540000
0.000000 0.000000 -2.540000
0.000000 0.000000 -2.540000
0.000000 0.000000 -2.540000
0.000000 0.000000 -2.540000
0.000000 0.000000 -2.540000
0.000000 0.000000 -2.540000
0.000000 0.000000 -2.540000
0.000000 0.000000 -2.540000
0.000000 0.000000 -2.540000
0.000000 0.000000 -2.540000
0.000000 0.000000 -2.540000
0.000000 0.000000 -2.540000
0.000000 0.000000 -2.540000
0.000000 0.000000 -2.540000
0.000000 0.000000 -2.540000
0.000000 0.000000 -2.540000
0.000000 0.000000 -2.540000
0.000000 0.000000 -2.540000
0.000000 0.000000 -2.540000
0.000000 0.000000 -2.540000
0.000000 0.000000 -2.540000
0.000000 0.000000 -2.540000
0.000000 0.000000 -2.540000
0.000000 0.000000 -2.540000
0.000000 0.000000 -2.540000
0.000000 0.000000 -2.540000
0.000000 0.000000 -2.540000
0.000000 0.000000 -2.540000
0.000000 0.000000 -2.540000
0.000000 0.000000 -2.540000
0.000000 0.000000 -2.540000
0.000000 0.000000 -2.540000
0.000000 0.000000 -2.540000
0.000000 0.000000 -2.540000
0.000000 0.000000 -2.540000
0.000000 0.000000 -2.540000
0.000000 0.000000 -2.540000
-2.540000 0.000000 0.000000
-2.540000 0.000000 0.000000
-2.466192 -0.607862 0.000000
-2.466192 -0.607862 0.000000
-2.540000 0.000000 0.000000
-2.466192 -0.607862 0.000000
-2.466192 -0.607862 0.000000
-2.466192 -0.607862 0.000000
-2.249058 -1.180397 0.000000
-2.249058 -1.180397 0.000000
-2.466192 -0.607862 0.000000
-2.249058 -1.180397 0.000000
-2.249058 -1.180397 0.000000
-2.249058 -1.180397 0.000000
-1.901217 -1.684332 0.000000
-1.901217 -1.684332 0.000000
-2.249058 -1.180397 0.000000
-1.901217 -1.684332 0.000000
-1.901217 -1.684332 0.000000
-1.901217 -1.684332 0.000000
-1.442884 -2.090379 0.000000
-1.442884 -2.090379 0.000000
-1.901217 -1.684332 0.000000
-1.442884 -2.090379 0.000000
-1.442884 -2.090379 0.000000
-1.442884 -2.090379 0.000000
-0.900696 -2.374941 0.000000
-0.900696 -2.374941 0.000000
-1.442884 -2.090379 0.000000
-0.900696 -2.374941 0.000000
-0.900696 -2.374941 0.000000
-0.900696 -2.374941 0.000000
-0.306163 -2.521481 0.000000
-0.306163 -2.521481 0.000000
-0.900696 -2.374941 0.000000
-0.306163 -2.521481 0.000000
-0.306163 -2.521481 0.000000
-0.306163 -2.521481 0.000000
0.306163 -2.521481 0.000000
0.306163 -2.521481 0.000000
-0.306163 -2.521481 0.000000
0.306163 -2.521481 0.000000
0.306163 -2.521481 0.000000
0.306163 -2.521481 0.000000
0.900696 -2.374941 0.000000
0.900696 -2.374941 0.000000
0.306163 -2.521481 0.000000
0.900696 -2.374941 0.000000
0.900696 -2.374941 0.000000
0.900696 -2.374941 0.000000
1.442884 -2.090379 0.000000
1.442884 -2.090379 0.000000
0.900696 -2.374941 0.000000
1.442884 -2.090379 0.000000
1.442884 -2.090379 0.000000
1.442884 -2.090379 0.000000
1.901217 -1.684332 0.000000
1.901217 -1.684332 0.000000
1.442884 -2.090379 0.000000
1.901217 -1.684332 0.000000
1.901217 -1.684332 0.000000
1.901217 -1.684332 0.000000
2.249058 -1.180397 0.000000
2.249058 -1.180397 0.000000
1.901217 -1.684332 0.000000
2.249058 -1.180397 0.000000
2.249058 -1.180397 0.000000
2.249058 -1.180397 0.000000
2.466192 -0.607862 0.000000
2.466192 -0.607862 0.000000
2.249058 -1.180397 0.000000
2.466192 -0.607862 0.000000
2.466192 -0.607862 0.000000
2.466192 -0.607862 0.000000
2.540000 0.000000 0.000000
2.540000 0.000000 0.000000
2.466192 -0.607862 0.000000
2.540000 0.000000 0.000000
0.000000 0.000000 -2.540000
0.000000 0.000000 -2.540000
0.000000 0.000000 -2.540000
0.000000 0.000000 -2.540000
0.000000 0.000000 -2.540000
0.000000 0.000000 -2.540000
0.000000 0.000000 -2.540000
0.000000 0.000000 -2.540000
0.000000 0.000000 -2.540000
0.000000 0.000000 -2.540000
0.000000 0.000000 -2.540000
0.000000 0.000000 -2.540000
0.000000 0.000000 -2.540000
0.000000 0.000000 -2.540000
0.000000 0.000000 -2.540000
0.000000 0.000000 -2.540000
0.000000 0.000000 -2.540000
0.000000 0.000000 -2.540000
0.000000 0.000000 -2.540000
0.000000 0.000000 -2.540000
0.000000 0.000000 -2.540000
0.000000 0.000000 -2.540000
0.000000 0.000000 -2.540000
0.000000 0.000000 -2.540000
0.000000 0.000000 -2.540000
0.000000 0.000000 -2.540000
0.000000 0.000000 -2.540000
0.000000 0.000000 -2.540000
0.000000 0.000000 -2.540000
0.000000 0.000000 -2.540000
0.000000 0.000000 -2.540000
0.000000 0.000000 -2.540000
0.000000 0.000000 -2.540000
0.000000 0.000000 -2.540000
0.000000 0.000000 -2.540000
0.000000 0.000000 -2.540000
0.000000 0.000000 -2.540000
0.000000 0.000000 -2.540000
0.000000 0.000000 -2.540000
0.000000 0.000000 -2.540000
0.000000 0.000000 -2.540000
0.000000 0.000000 -2.540000
0.000000 0.000000 -2.540000
0.000000 0.000000 -2.540000
0.000000 0.000000 -2.540000
0.000000 0.000000 -2.540000
0.000000 0.000000 -2.540000
0.000000 0.000000 -2.540000
0.000000 0.000000 -2.540000
0.000000 0.000000 -2.540000
0.000000 0.000000 -2.540000
0.000000 0.000000 -2.540000
0.000000 0.000000 -2.540000
0.000000 0.000000 -2.540000
0.000000 0.000000 -2.540000
0.000000 0.000000 -2.540000
0.000000 0.000000 -2.540000
0.000000 0.000000 -2.540000
0.000000 0.000000 -2.540000
0.000000 0.000000 -2.540000
0.000000 0.000000 -2.540000
0.000000 0.000000 -2.540000
0.000000 0.000000 -2.540000
0.000000 0.000000 -2.540000
0.000000 0.000000 -2.540000
0.000000 0.000000 -2.540000
0.000000 0.000000 -2.540000
0.000000 0.000000 -2.540000
0.000000 0.000000 -2.540000
0.000000 0.000000 -2.540000
0.000000 0.000000 -2.540000
0.000000 0.000000 -2.540000
0.000000 0.000000 -2.540000
0.000000 0.000000 -2.540000
0.000000 0.000000 -2.540000
0.000000 0.000000 -2.540000
0.000000 0.000000 -2.540000
0.000000 0.000000 -2.540000
0.000000 0.000000 -2.540000
0.000000 0.000000 -2.540000
0.000000 0.000000 -2.540000
0.000000 0.000000 -2.540000
0.000000 0.000000 -2.540000
0.000000 0.000000 -2.540000
0.000000 0.000000 -2.540000
0.000000 0.000000 -2.540000
0.000000 0.000000 -2.540000
0.000000 0.000000 -2.540000
0.000000 0.000000 -2.540000
0.000000 0.000000 -2.540000
0.000000 0.000000 -2.540000
0.000000 0.000000 -2.540000
0.000000 0.000000 -2.540000
0.000000 0.000000 -2.540000
0.000000 0.000000 -2.540000
0.000000 0.000000 -2.540000
0.000000 0.000000 -2.540000
0.000000 0.000000 -2.540000
0.000000 0.000000 -2.540000
0.000000 0.000000 -2.540000
0.000000 0.000000 -2.540000
0.000000 0.000000 -2.540000
0.000000 0.000000 -2.540000
0.000000 0.000000 -2.540000
0.000000 0.000000 -2.540000
0.000000 0.000000 -2.540000
0.000000 0.000000 -2.540000
0.000000 0.000000 -2.540000
0.000000 0.000000 -2.540000
0.000000 0.000000 -2.540000
0.000000 0.000000 -2.540000
0.000000 0.000000 -2.540000
0.000000 0.000000 -2.540000
0.000000 0.000000 -2.540000
0.000000 0.000000 -2.540000
0.000000 0.000000 -2.540000
0.000000 0.000000 -2.540000
0.000000 0.000000 -2.540000
0.000000 0.000000 -2.540000
0.000000 0.000000 -2.540000
0.000000 0.000000 -2.540000
0.000000 0.000000 -2.540000
0.000000 0.000000 -2.540000
0.000000 0.000000 -2.540000
0.000000 0.000000 -2.540000
0.000000 0.000000 -2.540000
0.000000 0.000000 -2.540000
0.000000 0.000000 -2.540000
0.000000 0.000000 -2.540000
0.000000 0.000000 -2.540000
0.000000 0.000000 -2.540000
0.000000 0.000000 -2.540000
0.000000 0.000000 -2.540000
0.000000 0.000000 -2.540000
0.000000 0.000000 -2.540000
0.000000 0.000000 -2.540000
0.000000 0.000000 -2.540000
0.000000 0.000000 -2.540000
0.000000 0.000000 -2.540000
0.000000 0.000000 -2.540000
0.000000 0.000000 -2.540000
0.000000 0.000000 -2.540000
0.000000 0.000000 -2.540000
0.000000 0.000000 -2.540000
0.000000 0.000000 -2.540000
0.000000 0.000000 -2.540000
0.000000 0.000000 -2.540000
0.000000 0.000000 -2.540000
0.000000 0.000000 -2.540000
0.000000 0.000000 -2.540000
0.000000 0.000000 -2.540000
0.000000 0.000000 -2.540000
0.000000 0.000000 -2.540000
0.000000 0.000000 -2.540000
0.000000 0.000000 -2.540000
0.000000 0.000000 -2.540000
-2.540000 0.000000 0.000000
-2.540000 0.000000 0.000000
-2.466192 -0.607862 0.000000
-2.466192 -0.607862 0.000000
-2.540000 0.000000 0.000000
-2.466192 -0.607862 0.000000
-2.466192 -0.607862 0.000000
-2.466192 -0.607862 0.000000
-2.249058 -1.180397 0.000000
-2.249058 -1.180397 0.000000
-2.466192 -0.607862 0.000000
-2.249058 -1.180397 0.000000
-2.249058 -1.180397 0.000000
-2.249058 -1.180397 0.000000
-1.901217 -1.684332 0.000000
-1.901217 -1.684332 0.000000
-2.249058 -1.180397 0.000000
-1.901217 -1.684332 0.000000
-1.901217 -1.684332 0.000000
-1.901217 -1.684332 0.000000
-1.442884 -2.090379 0.000000
-1.442884 -2.090379 0.000000
-1.901217 -1.684332 0.000000
-1.442884 -2.090379 0.000000
-1.442884 -2.090379 0.000000
-1.442884 -2.090379 0.000000
-0.900696 -2.374941 0.000000
-0.900696 -2.374941 0.000000
-1.442884 -2.090379 0.000000
-0.900696 -2.374941 0.000000
-0.900696 -2.374941 0.000000
-0.900696 -2.374941 0.000000
-0.306163 -2.521481 0.000000
-0.306163 -2.521481 0.000000
-0.900696 -2.374941 0.000000
-0.306163 -2.521481 0.000000
-0.306163 -2.521481 0.000000
-0.306163 -2.521481 0.000000
0.306163 -2.521481 0.000000
0.306163 -2.521481 0.000000
-0.306163 -2.521481 0.000000
0.306163 -2.521481 0.000000
0.306163 -2.521481 0.000000
0.306163 -2.521481 0.000000
0.900696 -2.374941 0.000000
0.900696 -2.374941 0.000000
0.306163 -2.521481 0.000000
0.900696 -2.374941 0.000000
0.900696 -2.374941 0.000000
0.900696 -2.374941 0.000000
1.442884 -2.090379 0.000000
1.442884 -2.090379 0.000000
0.900696 -2.374941 0.000000
1.442884 -2.090379 0.000000
1.442884 -2.090379 0.000000
1.442884 -2.090379 0.000000
1.901217 -1.684332 0.000000
1.901217 -1.684332 0.000000
1.442884 -2.090379 0.000000
1.901217 -1.684332 0.000000
1.901217 -1.684332 0.000000
1.901217 -1.684332 0.000000
2.249058 -1.180397 0.000000
2.249058 -1.180397 0.000000
1.901217 -1.684332 0.000000
2.249058 -1.180397 0.000000
2.249058 -1.180397 0.000000
2.249058 -1.180397 0.000000
2.466192 -0.607862 0.000000
2.466192 -0.607862 0.000000
2.249058 -1.180397 0.000000
2.466192 -0.607862 0.000000
2.466192 -0.607862 0.000000
2.466192 -0.607862 0.000000
2.540000 0.000000 0.000000
2.540000 0.000000 0.000000
2.466192 -0.607862 0.000000
2.540000 0.000000 0.000000
0.000000 0.000000 -2.540000
0.000000 0.000000 -2.540000
0.000000 0.000000 -2.540000
0.000000 0.000000 -2.540000
0.000000 0.000000 -2.540000
0.000000 0.000000 -2.540000
0.000000 0.000000 -2.540000
0.000000 0.000000 -2.540000
0.000000 0.000000 -2.540000
0.000000 0.000000 -2.540000
0.000000 0.000000 -2.540000
0.000000 0.000000 -2.540000
0.000000 0.000000 -2.540000
0.000000 0.000000 -2.540000
0.000000 0.000000 -2.540000
0.000000 0.000000 -2.540000
0.000000 0.000000 -2.540000
0.000000 0.000000 -2.540000
0.000000 0.000000 -2.540000
0.000000 0.000000 -2.540000
0.000000 0.000000 -2.540000
0.000000 0.000000 -2.540000
0.000000 0.000000 -2.540000
0.000000 0.000000 -2.540000
0.000000 0.000000 -2.540000
0.000000 0.000000 -2.540000
0.000000 0.000000 -2.540000
0.000000 0.000000 -2.540000
0.000000 0.000000 -2.540000
0.000000 0.000000 -2.540000
0.000000 0.000000 -2.540000
0.000000 0.000000 -2.540000
0.000000 0.000000 -2.540000
0.000000 0.000000 -2.540000
0.000000 0.000000 -2.540000
0.000000 0.000000 -2.540000
0.000000 0.000000 -2.540000
0.000000 0.000000 -2.540000
0.000000 0.000000 -2.540000
0.000000 0.000000 -2.540000
0.000000 0.000000 -2.540000
0.000000 0.000000 -2.540000
0.000000 0.000000 -2.540000
0.000000 0.000000 -2.540000
0.000000 0.000000 -2.540000
0.000000 0.000000 -2.540000
0.000000 0.000000 -2.540000
0.000000 0.000000 -2.540000
0.000000 0.000000 -2.540000
0.000000 0.000000 -2.540000
0.000000 0.000000 -2.540000
0.000000 0.000000 -2.540000
0.000000 0.000000 -2.540000
0.000000 0.000000 -2.540000
0.000000 0.000000 -2.540000
0.000000 0.000000 -2.540000
0.000000 0.000000 -2.540000
0.000000 0.000000 -2.540000
0.000000 0.000000 -2.540000
0.000000 0.000000 -2.540000
0.000000 0.000000 -2.540000
0.000000 0.000000 -2.540000
0.000000 0.000000 -2.540000
0.000000 0.000000 -2.540000
0.000000 0.000000 -2.540000
0.000000 0.000000 -2.540000
0.000000 0.000000 -2.540000
0.000000 0.000000 -2.540000
0.000000 0.000000 -2.540000
0.000000 0.000000 -2.540000
0.000000 0.000000 -2.540000
0.000000 0.000000 -2.540000
0.000000 0.000000 -2.540000
0.000000 0.000000 -2.540000
0.000000 0.000000 -2.540000
0.000000 0.000000 -2.540000
0.000000 0.000000 -2.540000
0.000000 0.000000 -2.540000
0.000000 0.000000 -2.540000
0.000000 0.000000 -2.540000
0.000000 0.000000 -2.540000
0.000000 0.000000 -2.540000
0.000000 0.000000 -2.540000
0.000000 0.000000 -2.540000
0.000000 0.000000 -2.540000
0.000000 0.000000 -2.540000
0.000000 0.000000 -2.540000
0.000000 0.000000 -2.540000
0.000000 0.000000 -2.540000
0.000000 0.000000 -2.540000
0.000000 0.000000 -2.540000
0.000000 0.000000 -2.540000
0.000000 0.000000 -2.540000
0.000000 0.000000 -2.540000
0.000000 0.000000 -2.540000
0.000000 0.000000 -2.540000
0.000000 0.000000 -2.540000
0.000000 0.000000 -2.540000
0.000000 0.000000 -2.540000
0.000000 0.000000 -2.540000
0.000000 0.000000 -2.540000
0.000000 0.000000 -2.540000
0.000000 0.000000 -2.540000
0.000000 0.000000 -2.540000
0.000000 0.000000 -2.540000
0.000000 0.000000 -2.540000
0.000000 0.000000 -2.540000
0.000000 0.000000 -2.540000
0.000000 0.000000 -2.540000
0.000000 0.000000 -2.540000
0.000000 0.000000 -2.540000
0.000000 0.000000 -2.540000
0.000000 0.000000 -2.540000
0.000000 0.000000 -2.540000
0.000000 0.000000 -2.540000
0.000000 0.000000 -2.540000
0.000000 0.000000 -2.540000
0.000000 0.000000 -2.540000
0.000000 0.000000 -2.540000
0.000000 0.000000 -2.540000
0.000000 0.000000 -2.540000
0.000000 0.000000 -2.540000
0.000000 0.000000 -2.540000
0.000000 0.000000 -2.540000
0.000000 0.000000 -2.540000
0.000000 0.000000 -2.540000
0.000000 0.000000 -2.540000
0.000000 0.000000 -2.540000
0.000000 0.000000 -2.540000
0.000000 0.000000 -2.540000
0.000000 0.000000 -2.540000
0.000000 0.000000 -2.540000
0.000000 0.000000 -2.540000
0.000000 0.000000 -2.540000
0.000000 0.000000 -2.540000
0.000000 0.000000 -2.540000
0.000000 0.000000 -2.540000
0.000000 0.000000 -2.540000
0.000000 0.000000 -2.540000
0.000000 0.000000 -2.540000
0.000000 0.000000 -2.540000
0.000000 0.000000 -2.540000
0.000000 0.000000 -2.540000
0.000000 0.000000 -2.540000
0.000000 0.000000 -2.540000
0.000000 0.000000 -2.540000
0.000000 0.000000 -2.540000
0.000000 0.000000 -2.540000
0.000000 0.000000 -2.540000
0.000000 0.000000 -2.540000
0.000000 0.000000 -2.540000
0.000000 0.000000 -2.540000
0.000000 0.000000 -2.540000
0.000000 0.000000 -2.540000
0.000000 0.000000 -2.540000
0.000000 0.000000 -2.540000
-2.540000 0.000000 0.000000
-2.540000 0.000000 0.000000
-2.466192 -0.607862 0.000000
-2.466192 -0.607862 0.000000
-2.540000 0.000000 0.000000
-2.466192 -0.607862 0.000000
-2.466192 -0.607862 0.000000
-2.466192 -0.607862 0.000000
-2.249058 -1.180397 0.000000
-2.249058 -1.180397 0.000000
-2.466192 -0.607862 0.000000
-2.249058 -1.180397 0.000000
-2.249058 -1.180397 0.000000
-2.249058 -1.180397 0.000000
-1.901217 -1.684332 0.000000
-1.901217 -1.684332 0.000000
-2.249058 -1.180397 0.000000
-1.901217 -1.684332 0.000000
-1.901217 -1.684332 0.000000
-1.901217 -1.684332 0.000000
-1.442884 -2.090379 0.000000
-1.442884 -2.090379 0.000000
-1.901217 -1.684332 0.000000
-1.442884 -2.090379 0.000000
-1.442884 -2.090379 0.000000
-1.442884 -2.090379 0.000000
-0.900696 -2.374941 0.000000
-0.900696 -2.374941 0.000000
-1.442884 -2.090379 0.000000
-0.900696 -2.374941 0.000000
-0.900696 -2.374941 0.000000
-0.900696 -2.374941 0.000000
-0.306163 -2.521481 0.000000
-0.306163 -2.521481 0.000000
-0.900696 -2.374941 0.000000
-0.306163 -2.521481 0.000000
-0.306163 -2.521481 0.000000
-0.306163 -2.521481 0.000000
0.306163 -2.521481 0.000000
0.306163 -2.521481 0.000000
-0.306163 -2.521481 0.000000
0.306163 -2.521481 0.000000
0.306163 -2.521481 0.000000
0.306163 -2.521481 0.000000
0.900696 -2.374941 0.000000
0.900696 -2.374941 0.000000
0.306163 -2.521481 0.000000
0.900696 -2.374941 0.000000
0.900696 -2.374941 0.000000
0.900696 -2.374941 0.000000
1.442884 -2.090379 0.000000
1.442884 -2.090379 0.000000
0.900696 -2.374941 0.000000
1.442884 -2.090379 0.000000
1.442884 -2.090379 0.000000
1.442884 -2.090379 0.000000
1.901217 -1.684332 0.000000
1.901217 -1.684332 0.000000
1.442884 -2.090379 0.000000
1.901217 -1.684332 0.000000
1.901217 -1.684332 0.000000
1.901217 -1.684332 0.000000
2.249058 -1.180397 0.000000
2.249058 -1.180397 0.000000
1.901217 -1.684332 0.000000
2.249058 -1.180397 0.000000
2.249058 -1.180397 0.000000
2.249058 -1.180397 0.000000
2.466192 -0.607862 0.000000
2.466192 -0.607862 0.000000
2.249058 -1.180397 0.000000
2.466192 -0.607862 0.000000
2.466192 -0.607862 0.000000
2.466192 -0.607862 0.000000
2.540000 0.000000 0.000000
2.540000 0.000000 0.000000
2.466192 -0.607862 0.000000
2.540000 0.000000 0.000000
0.000000 0.000000 -2.540000
0.000000 0.000000 -2.540000
0.000000 0.000000 -2.540000
0.000000 0.000000 -2.540000
0.000000 0.000000 -2.540000
0.000000 0.000000 -2.540000
0.000000 0.000000 -2.540000
0.000000 0.000000 -2.540000
0.000000 0.000000 -2.540000
0.000000 0.000000 -2.540000
0.000000 0.000000 -2.540000
0.000000 0.000000 -2.540000
0.000000 0.000000 -2.540000
0.000000 0.000000 -2.540000
0.000000 0.000000 -2.540000
0.000000 0.000000 -2.540000
0.000000 0.000000 -2.540000
0.000000 0.000000 -2.540000
0.000000 0.000000 -2.540000
0.000000 0.000000 -2.540000
0.000000 0.000000 -2.540000
0.000000 0.000000 -2.540000
0.000000 0.000000 -2.540000
0.000000 0.000000 -2.540000
0.000000 0.000000 -2.540000
0.000000 0.000000 -2.540000
0.000000 0.000000 -2.540000
0.000000 0.000000 -2.540000
0.000000 0.000000 -2.540000
0.000000 0.000000 -2.540000
0.000000 0.000000 -2.540000
0.000000 0.000000 -2.540000
0.000000 0.000000 -2.540000
0.000000 0.000000 -2.540000
0.000000 0.000000 -2.540000
0.000000 0.000000 -2.540000
0.000000 0.000000 -2.540000
0.000000 0.000000 -2.540000
0.000000 0.000000 -2.540000
0.000000 0.000000 -2.540000
0.000000 0.000000 -2.540000
0.000000 0.000000 -2.540000
0.000000 0.000000 -2.540000
0.000000 0.000000 -2.540000
0.000000 0.000000 -2.540000
0.000000 0.000000 -2.540000
0.000000 0.000000 -2.540000
0.000000 0.000000 -2.540000
0.000000 0.000000 -2.540000
0.000000 0.000000 -2.540000
0.000000 0.000000 -2.540000
0.000000 0.000000 -2.540000
0.000000 0.000000 -2.540000
0.000000 0.000000 -2.540000
0.000000 0.000000 -2.540000
0.000000 0.000000 -2.540000
0.000000 0.000000 -2.540000
0.000000 0.000000 -2.540000
0.000000 0.000000 -2.540000
0.000000 0.000000 -2.540000
0.000000 0.000000 -2.540000
0.000000 0.000000 -2.540000
0.000000 0.000000 -2.540000
0.000000 0.000000 -2.540000
0.000000 0.000000 -2.540000
0.000000 0.000000 -2.540000
0.000000 0.000000 -2.540000
0.000000 0.000000 -2.540000
0.000000 0.000000 -2.540000
0.000000 0.000000 -2.540000
0.000000 0.000000 -2.540000
0.000000 0.000000 -2.540000
-2.540000 0.000000 0.000000
-2.540000 0.000000 0.000000
-2.466192 -0.607862 0.000000
-2.466192 -0.607862 0.000000
-2.540000 0.000000 0.000000
-2.466192 -0.607862 0.000000
-2.466192 -0.607862 0.000000
-2.466192 -0.607862 0.000000
-2.249058 -1.180397 0.000000
-2.249058 -1.180397 0.000000
-2.466192 -0.607862 0.000000
-2.249058 -1.180397 0.000000
-2.249058 -1.180397 0.000000
-2.249058 -1.180397 0.000000
-1.901217 -1.684332 0.000000
-1.901217 -1.684332 0.000000
-2.249058 -1.180397 0.000000
-1.901217 -1.684332 0.000000
-1.901217 -1.684332 0.000000
-1.901217 -1.684332 0.000000
-1.442884 -2.090379 0.000000
-1.442884 -2.090379 0.000000
-1.901217 -1.684332 0.000000
-1.442884 -2.090379 0.000000
-1.442884 -2.090379 0.000000
-1.442884 -2.090379 0.000000
-0.900696 -2.374941 0.000000
-0.900696 -2.374941 0.000000
-1.442884 -2.090379 0.000000
-0.900696 -2.374941 0.000000
-0.900696 -2.374941 0.000000
-0.900696 -2.374941 0.000000
-0.306163 -2.521481 0.000000
-0.306163 -2.521481 0.000000
-0.900696 -2.374941 0.000000
-0.306163 -2.521481 0.000000
-0.306163 -2.521481 0.000000
-0.306163 -2.521481 0.000000
0.306163 -2.521481 0.000000
0.306163 -2.521481 0.000000
-0.306163 -2.521481 0.000000
0.306163 -2.521481 0.000000
0.306163 -2.521481 0.000000
0.306163 -2.521481 0.000000
0.900696 -2.374941 0.000000
0.900696 -2.374941 0.000000
0.306163 -2.521481 0.000000
0.900696 -2.374941 0.000000
0.900696 -2.374941 0.000000
0.900696 -2.374941 0.000000
1.442884 -2.090379 0.000000
1.442884 -2.090379 0.000000
0.900696 -2.374941 0.000000
1.442884 -2.090379 0.000000
1.442884 -2.090379 0.000000
1.442884 -2.090379 0.000000
1.901217 -1.684332 0.000000
1.901217 -1.684332 0.000000
1.442884 -2.090379 0.000000
1.901217 -1.684332 0.000000
1.901217 -1.684332 0.000000
1.901217 -1.684332 0.000000
2.249058 -1.180397 0.000000
2.249058 -1.180397 0.000000
1.901217 -1.684332 0.000000
2.249058 -1.180397 0.000000
2.249058 -1.180397 0.000000
2.249058 -1.180397 0.000000
2.466192 -0.607862 0.000000
2.466192 -0.607862 0.000000
2.249058 -1.180397 0.000000
2.466192 -0.607862 0.000000
2.466192 -0.607862 0.000000
2.466192 -0.607862 0.000000
2.540000 0.000000 0.000000
2.540000 0.000000 0.000000
2.466192 -0.607862 0.000000
2.540000 0.000000 0.000000
0.000000 0.000000 -2.540000
0.000000 0.000000 -2.540000
0.000000 0.000000 -2.540000
0.000000 0.000000 -2.540000
0.000000 0.000000 -2.540000
0.000000 0.000000 -2.540000
0.000000 0.000000 -2.540000
0.000000 0.000000 -2.540000
0.000000 0.000000 -2.540000
0.000000 0.000000 -2.540000
0.000000 0.000000 -2.540000
0.000000 0.000000 -2.540000
0.000000 0.000000 -2.540000
0.000000 0.000000 -2.540000
0.000000 0.000000 -2.540000
0.000000 0.000000 -2.540000
0.000000 0.000000 -2.540000
0.000000 0.000000 -2.540000
0.000000 0.000000 -2.540000
0.000000 0.000000 -2.540000
0.000000 0.000000 -2.540000
0.000000 0.000000 -2.540000
0.000000 0.000000 -2.540000
0.000000 0.000000 -2.540000
0.000000 0.000000 -2.540000
0.000000 0.000000 -2.540000
0.000000 0.000000 -2.540000
0.000000 0.000000 -2.540000
0.000000 0.000000 -2.540000
0.000000 0.000000 -2.540000
0.000000 0.000000 -2.540000
0.000000 0.000000 -2.540000
0.000000 0.000000 -2.540000
0.000000 0.000000 -2.540000
0.000000 0.000000 -2.540000
0.000000 0.000000 -2.540000
0.000000 0.000000 -2.540000
0.000000 0.000000 -2.540000
0.000000 0.000000 -2.540000
0.000000 0.000000 -2.540000
0.000000 0.000000 -2.540000
0.000000 0.000000 -2.540000
0.000000 0.000000 -2.540000
0.000000 0.000000 -2.540000
0.000000 0.000000 -2.540000
0.000000 0.000000 -2.540000
0.000000 0.000000 -2.540000
0.000000 0.000000 -2.540000
0.000000 0.000000 -2.540000
0.000000 0.000000 -2.540000
0.000000 0.000000 -2.540000
0.000000 0.000000 -2.540000
0.000000 0.000000 -2.540000
0.000000 0.000000 -2.540000
0.000000 0.000000 -2.540000
0.000000 0.000000 -2.540000
0.000000 0.000000 -2.540000
0.000000 0.000000 -2.540000
0.000000 0.000000 -2.540000
0.000000 0.000000 -2.540000
0.000000 0.000000 -2.540000
0.000000 0.000000 -2.540000
0.000000 0.000000 -2.540000
0.000000 0.000000 -2.540000
0.000000 0.000000 -2.540000
0.000000 0.000000 -2.540000
0.000000 0.000000 -2.540000
0.000000 0.000000 -2.540000
0.000000 0.000000 -2.540000
0.000000 0.000000 -2.540000
0.000000 0.000000 -2.540000
0.000000 0.000000 -2.540000
-2.540000 0.000000 0.000000
-2.540000 0.000000 0.000000
-2.466192 -0.607862 0.000000
-2.466192 -0.607862 0.000000
-2.540000 0.000000 0.000000
-2.466192 -0.607862 0.000000
-2.466192 -0.607862 0.000000
-2.466192 -0.607862 0.000000
-2.249058 -1.180397 0.000000
-2.249058 -1.180397 0.000000
-2.466192 -0.607862 0.000000
-2.249058 -1.180397 0.000000
-2.249058 -1.180397 0.000000
-2.249058 -1.180397 0.000000
-1.901217 -1.684332 0.000000
-1.901217 -1.684332 0.000000
-2.249058 -1.180397 0.000000
-1.901217 -1.684332 0.000000
-1.901217 -1.684332 0.000000
-1.901217 -1.684332 0.000000
-1.442884 -2.090379 0.000000
-1.442884 -2.090379 0.000000
-1.901217 -1.684332 0.000000
-1.442884 -2.090379 0.000000
-1.442884 -2.090379 0.000000
-1.442884 -2.090379 0.000000
-0.900696 -2.374941 0.000000
-0.900696 -2.374941 0.000000
-1.442884 -2.090379 0.000000
-0.900696 -2.374941 0.000000
-0.900696 -2.374941 0.000000
-0.900696 -2.374941 0.000000
-0.306163 -2.521481 0.000000
-0.306163 -2.521481 0.000000
-0.900696 -2.374941 0.000000
-0.306163 -2.521481 0.000000
-0.306163 -2.521481 0.000000
-0.306163 -2.521481 0.000000
0.306163 -2.521481 0.000000
0.306163 -2.521481 0.000000
-0.306163 -2.521481 0.000000
0.306163 -2.521481 0.000000
0.306163 -2.521481 0.000000
0.306163 -2.521481 0.000000
0.900696 -2.374941 0.000000
0.900696 -2.374941 0.000000
0.306163 -2.521481 0.000000
0.900696 -2.374941 0.000000
0.900696 -2.374941 0.000000
0.900696 -2.374941 0.000000
1.442884 -2.090379 0.000000
1.442884 -2.090379 0.000000
0.900696 -2.374941 0.000000
1.442884 -2.090379 0.000000
1.442884 -2.090379 0.000000
1.442884 -2.090379 0.000000
1.901217 -1.684332 0.000000
1.901217 -1.684332 0.000000
1.442884 -2.090379 0.000000
1.901217 -1.684332 0.000000
1.901217 -1.684332 0.000000
1.901217 -1.684332 0.000000
2.249058 -1.180397 0.000000
2.249058 -1.180397 0.000000
1.901217 -1.684332 0.000000
2.249058 -1.180397 0.000000
2.249058 -1.180397 0.000000
2.249058 -1.180397 0.000000
2.466192 -0.607862 0.000000
2.466192 -0.607862 0.000000
2.249058 -1.180397 0.000000
2.466192 -0.607862 0.000000
2.466192 -0.607862 0.000000
2.466192 -0.607862 0.000000
2.540000 0.000000 0.000000
2.540000 0.000000 0.000000
2.466192 -0.607862 0.000000
2.540000 0.000000 0.000000
0.000000 0.000000 -2.540000
0.000000 0.000000 -2.540000
0.000000 0.000000 -2.540000
0.000000 0.000000 -2.540000
0.000000 0.000000 -2.540000
0.000000 0.000000 -2.540000
0.000000 0.000000 -2.540000
0.000000 0.000000 -2.540000
0.000000 0.000000 -2.540000
0.000000 0.000000 -2.540000
0.000000 0.000000 -2.540000
0.000000 0.000000 -2.540000
0.000000 0.000000 -2.540000
0.000000 0.000000 -2.540000
0.000000 0.000000 -2.540000
0.000000 0.000000 -2.540000
0.000000 0.000000 -2.540000
0.000000 0.000000 -2.540000
0.000000 0.000000 -2.540000
0.000000 0.000000 -2.540000
0.000000 0.000000 -2.540000
0.000000 0.000000 -2.540000
0.000000 0.000000 -2.540000
0.000000 0.000000 -2.540000
0.000000 0.000000 -2.540000
0.000000 0.000000 -2.540000
0.000000 0.000000 -2.540000
0.000000 0.000000 -2.540000
0.000000 0.000000 -2.540000
0.000000 0.000000 -2.540000
0.000000 0.000000 -2.540000
0.000000 0.000000 -2.540000
0.000000 0.000000 -2.540000
0.000000 0.000000 -2.540000
0.000000 0.000000 -2.540000
0.000000 0.000000 -2.540000
0.000000 0.000000 -2.540000
0.000000 0.000000 -2.540000
0.000000 0.000000 -2.540000
0.000000 0.000000 -2.540000
0.000000 0.000000 -2.540000
0.000000 0.000000 -2.540000
0.000000 0.000000 -2.540000
0.000000 0.000000 -2.540000
0.000000 0.000000 -2.540000
0.000000 0.000000 -2.540000
0.000000 0.000000 -2.540000
0.000000 0.000000 -2.540000
0.000000 0.000000 -2.540000
0.000000 0.000000 -2.540000
0.000000 0.000000 -2.540000
0.000000 0.000000 -2.540000
0.000000 0.000000 -2.540000
0.000000 0.000000 -2.540000
0.000000 0.000000 -2.540000
0.000000 0.000000 -2.540000
0.000000 0.000000 -2.540000
0.000000 0.000000 -2.540000
0.000000 0.000000 -2.540000
0.000000 0.000000 -2.540000
0.000000 0.000000 -2.540000
0.000000 0.000000 -2.540000
0.000000 0.000000 -2.540000
0.000000 0.000000 -2.540000
0.000000 0.000000 -2.540000
0.000000 0.000000 -2.540000
0.000000 0.000000 -2.540000
0.000000 0.000000 -2.540000
0.000000 0.000000 -2.540000
0.000000 0.000000 -2.540000
0.000000 0.000000 -2.540000
0.000000 0.000000 -2.540000
-2.540000 0.000000 0.000000
-2.540000 0.000000 0.000000
-2.466192 -0.607862 0.000000
-2.466192 -0.607862 0.000000
-2.540000 0.000000 0.000000
-2.466192 -0.607862 0.000000
-2.466192 -0.607862 0.000000
-2.466192 -0.607862 0.000000
-2.249058 -1.180397 0.000000
-2.249058 -1.180397 0.000000
-2.466192 -0.607862 0.000000
-2.249058 -1.180397 0.000000
-2.249058 -1.180397 0.000000
-2.249058 -1.180397 0.000000
-1.901217 -1.684332 0.000000
-1.901217 -1.684332 0.000000
-2.249058 -1.180397 0.000000
-1.901217 -1.684332 0.000000
-1.901217 -1.684332 0.000000
-1.901217 -1.684332 0.000000
-1.442884 -2.090379 0.000000
-1.442884 -2.090379 0.000000
-1.901217 -1.684332 0.000000
-1.442884 -2.090379 0.000000
-1.442884 -2.090379 0.000000
-1.442884 -2.090379 0.000000
-0.900696 -2.374941 0.000000
-0.900696 -2.374941 0.000000
-1.442884 -2.090379 0.000000
-0.900696 -2.374941 0.000000
-0.900696 -2.374941 0.000000
-0.900696 -2.374941 0.000000
-0.306163 -2.521481 0.000000
-0.306163 -2.521481 0.000000
-0.900696 -2.374941 0.000000
-0.306163 -2.521481 0.000000
-0.306163 -2.521481 0.000000
-0.306163 -2.521481 0.000000
0.306163 -2.521481 0.000000
0.306163 -2.521481 0.000000
-0.306163 -2.521481 0.000000
0.306163 -2.521481 0.000000
0.306163 -2.521481 0.000000
0.306163 -2.521481 0.000000
0.900696 -2.374941 0.000000
0.900696 -2.374941 0.000000
0.306163 -2.521481 0.000000
0.900696 -2.374941 0.000000
0.900696 -2.374941 0.000000
0.900696 -2.374941 0.000000
1.442884 -2.090379 0.000000
1.442884 -2.090379 0.000000
0.900696 -2.374941 0.000000
1.442884 -2.090379 0.000000
1.442884 -2.090379 0.000000
1.442884 -2.090379 0.000000
1.901217 -1.684332 0.000000
1.901217 -1.684332 0.000000
1.442884 -2.090379 0.000000
1.901217 -1.684332 0.000000
1.901217 -1.684332 0.000000
1.901217 -1.684332 0.000000
2.249058 -1.180397 0.000000
2.249058 -1.180397 0.000000
1.901217 -1.684332 0.000000
2.249058 -1.180397 0.000000
2.249058 -1.180397 0.000000
2.249058 -1.180397 0.000000
2.466192 -0.607862 0.000000
2.466192 -0.607862 0.000000
2.249058 -1.180397 0.000000
2.466192 -0.607862 0.000000
2.466192 -0.607862 0.000000
2.466192 -0.607862 0.000000
2.540000 0.000000 0.000000
2.540000 0.000000 0.000000
2.466192 -0.607862 0.000000
2.540000 0.000000 0.000000
0.000000 0.000000 2.540000
0.000000 0.000000 2.540000
0.000000 0.000000 2.540000
0.000000 0.000000 2.540000
0.000000 0.000000 2.540000
0.000000 0.000000 2.540000
0.000000 0.000000 2.540000
0.000000 0.000000 2.540000
0.000000 0.000000 2.540000
0.000000 0.000000 2.540000
0.000000 0.000000 2.540000
0.000000 0.000000 2.540000
0.000000 0.000000 2.540000
0.000000 0.000000 2.540000
0.000000 0.000000 2.540000
0.000000 0.000000 2.540000
0.000000 0.000000 2.540000
0.000000 0.000000 2.540000
0.000000 0.000000 2.540000
0.000000 0.000000 2.540000
0.000000 0.000000 2.540000
0.000000 0.000000 2.540000
0.000000 0.000000 2.540000
0.000000 0.000000 2.540000
0.000000 0.000000 2.540000
0.000000 0.000000 2.540000
0.000000 0.000000 2.540000
0.000000 0.000000 2.540000
0.000000 0.000000 2.540000
0.000000 0.000000 2.540000
0.000000 0.000000 2.540000
0.000000 0.000000 2.540000
0.000000 0.000000 2.540000
0.000000 0.000000 2.540000
0.000000 0.000000 2.540000
0.000000 0.000000 2.540000
0.000000 0.000000 2.540000
0.000000 0.000000 2.540000
0.000000 0.000000 2.540000
0.000000 0.000000 2.540000
0.000000 0.000000 2.540000
0.000000 0.000000 2.540000
0.000000 0.000000 2.540000
0.000000 0.000000 2.540000
0.000000 0.000000 2.540000
0.000000 0.000000 2.540000
0.000000 0.000000 2.540000
0.000000 0.000000 2.540000
0.000000 0.000000 2.540000
0.000000 0.000000 2.540000
0.000000 0.000000 2.540000
0.000000 0.000000 2.540000
0.000000 0.000000 2.540000
0.000000 0.000000 2.540000
0.000000 0.000000 2.540000
0.000000 0.000000 2.540000
0.000000 0.000000 2.540000
0.000000 0.000000 2.540000
0.000000 0.000000 2.540000
0.000000 0.000000 2.540000
0.000000 0.000000 2.540000
0.000000 0.000000 2.540000
0.000000 0.000000 2.540000
0.000000 0.000000 2.540000
0.000000 0.000000 2.540000
0.000000 0.000000 2.540000
0.000000 0.000000 2.540000
0.000000 0.000000 2.540000
0.000000 0.000000 2.540000
0.000000 0.000000 2.540000
0.000000 0.000000 2.540000
0.000000 0.000000 2.540000
0.000000 0.000000 2.540000
0.000000 0.000000 2.540000
0.000000 0.000000 2.540000
0.000000 0.000000 2.540000
0.000000 0.000000 2.540000
0.000000 0.000000 2.540000
0.000000 0.000000 2.540000
0.000000 0.000000 2.540000
0.000000 0.000000 2.540000
0.000000 0.000000 2.540000
0.000000 0.000000 2.540000
0.000000 0.000000 2.540000
0.000000 0.000000 2.540000
0.000000 0.000000 2.540000
0.000000 0.000000 2.540000
0.000000 0.000000 2.540000
0.000000 0.000000 2.540000
0.000000 0.000000 2.540000
0.000000 0.000000 2.540000
0.000000 0.000000 2.540000
0.000000 0.000000 2.540000
0.000000 0.000000 2.540000
0.000000 0.000000 2.540000
0.000000 0.000000 2.540000
0.000000 0.000000 2.540000
0.000000 0.000000 2.540000
0.000000 0.000000 2.540000
0.000000 0.000000 2.540000
0.000000 0.000000 2.540000
0.000000 0.000000 2.540000
0.000000 0.000000 2.540000
0.000000 0.000000 2.540000
0.000000 0.000000 2.540000
0.000000 0.000000 2.540000
0.000000 0.000000 2.540000
0.000000 0.000000 2.540000
0.000000 0.000000 2.540000
0.000000 0.000000 2.540000
0.000000 0.000000 2.540000
0.000000 0.000000 2.540000
0.000000 0.000000 2.540000
0.000000 0.000000 2.540000
0.000000 0.000000 2.540000
0.000000 0.000000 2.540000
0.000000 0.000000 2.540000
0.000000 0.000000 2.540000
0.000000 0.000000 2.540000
0.000000 0.000000 2.540000
0.000000 0.000000 2.540000
0.000000 0.000000 2.540000
0.000000 0.000000 2.540000
0.000000 0.000000 2.540000
0.000000 0.000000 2.540000
0.000000 0.000000 2.540000
0.000000 0.000000 2.540000
0.000000 0.000000 2.540000
0.000000 0.000000 2.540000
0.000000 0.000000 2.540000
0.000000 0.000000 2.540000
0.000000 0.000000 2.540000
0.000000 0.000000 2.540000
0.000000 0.000000 2.540000
0.000000 0.000000 2.540000
0.000000 0.000000 2.540000
0.000000 0.000000 2.540000
0.000000 0.000000 2.540000
0.000000 0.000000 2.540000
0.000000 0.000000 2.540000
0.000000 0.000000 2.540000
0.000000 0.000000 2.540000
0.000000 0.000000 2.540000
0.000000 0.000000 2.540000
0.000000 0.000000 2.540000
0.000000 0.000000 2.540000
0.000000 0.000000 2.540000
0.000000 0.000000 2.540000
0.000000 0.000000 2.540000
0.000000 0.000000 2.540000
0.000000 0.000000 2.540000
0.000000 0.000000 2.540000
0.000000 0.000000 2.540000
0.000000 0.000000 2.540000
0.000000 0.000000 2.540000
0.000000 0.000000 2.540000
2.540000 0.000000 0.000000
2.540000 0.000000 0.000000
2.466192 -0.607862 0.000000
2.466192 -0.607862 0.000000
2.540000 0.000000 0.000000
2.466192 -0.607862 0.000000
2.466192 -0.607862 0.000000
2.466192 -0.607862 0.000000
2.249058 -1.180397 0.000000
2.249058 -1.180397 0.000000
2.466192 -0.607862 0.000000
2.249058 -1.180397 0.000000
2.249058 -1.180397 0.000000
2.249058 -1.180397 0.000000
1.901217 -1.684332 0.000000
1.901217 -1.684332 0.000000
2.249058 -1.180397 0.000000
1.901217 -1.684332 0.000000
1.901217 -1.684332 0.000000
1.901217 -1.684332 0.000000
1.442884 -2.090379 0.000000
1.442884 -2.090379 0.000000
1.901217 -1.684332 0.000000
1.442884 -2.090379 0.000000
1.442884 -2.090379 0.000000
1.442884 -2.090379 0.000000
0.900696 -2.374941 0.000000
0.900696 -2.374941 0.000000
1.442884 -2.090379 0.000000
0.900696 -2.374941 0.000000
0.900696 -2.374941 0.000000
0.900696 -2.374941 0.000000
0.306163 -2.521481 0.000000
0.306163 -2.521481 0.000000
0.900696 -2.374941 0.000000
0.306163 -2.521481 0.000000
0.306163 -2.521481 0.000000
0.306163 -2.521481 0.000000
-0.306163 -2.521481 0.000000
-0.306163 -2.521481 0.000000
0.306163 -2.521481 0.000000
-0.306163 -2.521481 0.000000
-0.306163 -2.521481 0.000000
-0.306163 -2.521481 0.000000
-0.900696 -2.374941 0.000000
-0.900696 -2.374941 0.000000
-0.306163 -2.521481 0.000000
-0.900696 -2.374941 0.000000
-0.900696 -2.374941 0.000000
-0.900696 -2.374941 0.000000
-1.442884 -2.090379 0.000000
-1.442884 -2.090379 0.000000
-0.900696 -2.374941 0.000000
-1.442884 -2.090379 0.000000
-1.442884 -2.090379 0.000000
-1.442884 -2.090379 0.000000
-1.901217 -1.684332 0.000000
-1.901217 -1.684332 0.000000
-1.442884 -2.090379 0.000000
-1.901217 -1.684332 0.000000
-1.901217 -1.684332 0.000000
-1.901217 -1.684332 0.000000
-2.249058 -1.180397 0.000000
-2.249058 -1.180397 0.000000
-1.901217 -1.684332 0.000000
-2.249058 -1.180397 0.000000
-2.249058 -1.180397 0.000000
-2.249058 -1.180397 0.000000
-2.466192 -0.607862 0.000000
-2.466192 -0.607862 0.000000
-2.249058 -1.180397 0.000000
-2.466192 -0.607862 0.000000
-2.466192 -0.607862 0.000000
-2.466192 -0.607862 0.000000
-2.540000 0.000000 0.000000
-2.540000 0.000000 0.000000
-2.466192 -0.607862 0.000000
-2.540000 0.000000 0.000000
0.000000 0.000000 2.540000
0.000000 0.000000 2.540000
0.000000 0.000000 2.540000
0.000000 0.000000 2.540000
0.000000 0.000000 2.540000
0.000000 0.000000 2.540000
0.000000 0.000000 2.540000
0.000000 0.000000 2.540000
0.000000 0.000000 2.540000
0.000000 0.000000 2.540000
0.000000 0.000000 2.540000
0.000000 0.000000 2.540000
0.000000 0.000000 2.540000
0.000000 0.000000 2.540000
0.000000 0.000000 2.540000
0.000000 0.000000 2.540000
0.000000 0.000000 2.540000
0.000000 0.000000 2.540000
0.000000 0.000000 2.540000
0.000000 0.000000 2.540000
0.000000 0.000000 2.540000
0.000000 0.000000 2.540000
0.000000 0.000000 2.540000
0.000000 0.000000 2.540000
0.000000 0.000000 2.540000
0.000000 0.000000 2.540000
0.000000 0.000000 2.540000
0.000000 0.000000 2.540000
0.000000 0.000000 2.540000
0.000000 0.000000 2.540000
0.000000 0.000000 2.540000
0.000000 0.000000 2.540000
0.000000 0.000000 2.540000
0.000000 0.000000 2.540000
0.000000 0.000000 2.540000
0.000000 0.000000 2.540000
0.000000 0.000000 2.540000
0.000000 0.000000 2.540000
0.000000 0.000000 2.540000
0.000000 0.000000 2.540000
0.000000 0.000000 2.540000
0.000000 0.000000 2.540000
0.000000 0.000000 2.540000
0.000000 0.000000 2.540000
0.000000 0.000000 2.540000
0.000000 0.000000 2.540000
0.000000 0.000000 2.540000
0.000000 0.000000 2.540000
0.000000 0.000000 2.540000
0.000000 0.000000 2.540000
0.000000 0.000000 2.540000
0.000000 0.000000 2.540000
0.000000 0.000000 2.540000
0.000000 0.000000 2.540000
0.000000 0.000000 2.540000
0.000000 0.000000 2.540000
0.000000 0.000000 2.540000
0.000000 0.000000 2.540000
0.000000 0.000000 2.540000
0.000000 0.000000 2.540000
0.000000 0.000000 2.540000
0.000000 0.000000 2.540000
0.000000 0.000000 2.540000
0.000000 0.000000 2.540000
0.000000 0.000000 2.540000
0.000000 0.000000 2.540000
0.000000 0.000000 2.540000
0.000000 0.000000 2.540000
0.000000 0.000000 2.540000
0.000000 0.000000 2.540000
0.000000 0.000000 2.540000
0.000000 0.000000 2.540000
0.000000 0.000000 2.540000
0.000000 0.000000 2.540000
0.000000 0.000000 2.540000
0.000000 0.000000 2.540000
0.000000 0.000000 2.540000
0.000000 0.000000 2.540000
0.000000 0.000000 2.540000
0.000000 0.000000 2.540000
0.000000 0.000000 2.540000
0.000000 0.000000 2.540000
0.000000 0.000000 2.540000
0.000000 0.000000 2.540000
0.000000 0.000000 2.540000
0.000000 0.000000 2.540000
0.000000 0.000000 2.540000
0.000000 0.000000 2.540000
0.000000 0.000000 2.540000
0.000000 0.000000 2.540000
0.000000 0.000000 2.540000
0.000000 0.000000 2.540000
0.000000 0.000000 2.540000
0.000000 0.000000 2.540000
0.000000 0.000000 2.540000
0.000000 0.000000 2.540000
0.000000 0.000000 2.540000
0.000000 0.000000 2.540000
0.000000 0.000000 2.540000
0.000000 0.000000 2.540000
0.000000 0.000000 2.540000
0.000000 0.000000 2.540000
0.000000 0.000000 2.540000
0.000000 0.000000 2.540000
0.000000 0.000000 2.540000
0.000000 0.000000 2.540000
0.000000 0.000000 2.540000
0.000000 0.000000 2.540000
0.000000 0.000000 2.540000
0.000000 0.000000 2.540000
0.000000 0.000000 2.540000
0.000000 0.000000 2.540000
0.000000 0.000000 2.540000
0.000000 0.000000 2.540000
0.000000 0.000000 2.540000
0.000000 0.000000 2.540000
0.000000 0.000000 2.540000
0.000000 0.000000 2.540000
0.000000 0.000000 2.540000
0.000000 0.000000 2.540000
0.000000 0.000000 2.540000
0.000000 0.000000 2.540000
0.000000 0.000000 2.540000
0.000000 0.000000 2.540000
0.000000 0.000000 2.540000
0.000000 0.000000 2.540000
0.000000 0.000000 2.540000
0.000000 0.000000 2.540000
0.000000 0.000000 2.540000
0.000000 0.000000 2.540000
0.000000 0.000000 2.540000
0.000000 0.000000 2.540000
0.000000 0.000000 2.540000
0.000000 0.000000 2.540000
0.000000 0.000000 2.540000
0.000000 0.000000 2.540000
0.000000 0.000000 2.540000
0.000000 0.000000 2.540000
0.000000 0.000000 2.540000
0.000000 0.000000 2.540000
0.000000 0.000000 2.540000
0.000000 0.000000 2.540000
0.000000 0.000000 2.540000
0.000000 0.000000 2.540000
0.000000 0.000000 2.540000
0.000000 0.000000 2.540000
0.000000 0.000000 2.540000
0.000000 0.000000 2.540000
0.000000 0.000000 2.540000
0.000000 0.000000 2.540000
0.000000 0.000000 2.540000
0.000000 0.000000 2.540000
0.000000 0.000000 2.540000
0.000000 0.000000 2.540000
0.000000 0.000000 2.540000
0.000000 0.000000 2.540000
2.540000 0.000000 0.000000
2.540000 0.000000 0.000000
2.466192 -0.607862 0.000000
2.466192 -0.607862 0.000000
2.540000 0.000000 0.000000
2.466192 -0.607862 0.000000
2.466192 -0.607862 0.000000
2.466192 -0.607862 0.000000
2.249058 -1.180397 0.000000
2.249058 -1.180397 0.000000
2.466192 -0.607862 0.000000
2.249058 -1.180397 0.000000
2.249058 -1.180397 0.000000
2.249058 -1.180397 0.000000
1.901217 -1.684332 0.000000
1.901217 -1.684332 0.000000
2.249058 -1.180397 0.000000
1.901217 -1.684332 0.000000
1.901217 -1.684332 0.000000
1.901217 -1.684332 0.000000
1.442884 -2.090379 0.000000
1.442884 -2.090379 0.000000
1.901217 -1.684332 0.000000
1.442884 -2.090379 0.000000
1.442884 -2.090379 0.000000
1.442884 -2.090379 0.000000
0.900696 -2.374941 0.000000
0.900696 -2.374941 0.000000
1.442884 -2.090379 0.000000
0.900696 -2.374941 0.000000
0.900696 -2.374941 0.000000
0.900696 -2.374941 0.000000
0.306163 -2.521481 0.000000
0.306163 -2.521481 0.000000
0.900696 -2.374941 0.000000
0.306163 -2.521481 0.000000
0.306163 -2.521481 0.000000
0.306163 -2.521481 0.000000
-0.306163 -2.521481 0.000000
-0.306163 -2.521481 0.000000
0.306163 -2.521481 0.000000
-0.306163 -2.521481 0.000000
-0.306163 -2.521481 0.000000
-0.306163 -2.521481 0.000000
-0.900696 -2.374941 0.000000
-0.900696 -2.374941 0.000000
-0.306163 -2.521481 0.000000
-0.900696 -2.374941 0.000000
-0.900696 -2.374941 0.000000
-0.900696 -2.374941 0.000000
-1.442884 -2.090379 0.000000
-1.442884 -2.090379 0.000000
-0.900696 -2.374941 0.000000
-1.442884 -2.090379 0.000000
-1.442884 -2.090379 0.000000
-1.442884 -2.090379 0.000000
-1.901217 -1.684332 0.000000
-1.901217 -1.684332 0.000000
-1.442884 -2.090379 0.000000
-1.901217 -1.684332 0.000000
-1.901217 -1.684332 0.000000
-1.901217 -1.684332 0.000000
-2.249058 -1.180397 0.000000
-2.249058 -1.180397 0.000000
-1.901217 -1.684332 0.000000
-2.249058 -1.180397 0.000000
-2.249058 -1.180397 0.000000
-2.249058 -1.180397 0.000000
-2.466192 -0.607862 0.000000
-2.466192 -0.607862 0.000000
-2.249058 -1.180397 0.000000
-2.466192 -0.607862 0.000000
-2.466192 -0.607862 0.000000
-2.466192 -0.607862 0.000000
-2.540000 0.000000 0.000000
-2.540000 0.000000 0.000000
-2.466192 -0.607862 0.000000
-2.540000 0.000000 0.000000
0.000000 0.000000 2.540000
0.000000 0.000000 2.540000
0.000000 0.000000 2.540000
0.000000 0.000000 2.540000
0.000000 0.000000 2.540000
0.000000 0.000000 2.540000
0.000000 0.000000 2.540000
0.000000 0.000000 2.540000
0.000000 0.000000 2.540000
0.000000 0.000000 2.540000
0.000000 0.000000 2.540000
0.000000 0.000000 2.540000
0.000000 0.000000 2.540000
0.000000 0.000000 2.540000
0.000000 0.000000 2.540000
0.000000 0.000000 2.540000
0.000000 0.000000 2.540000
0.000000 0.000000 2.540000
0.000000 0.000000 2.540000
0.000000 0.000000 2.540000
0.000000 0.000000 2.540000
0.000000 0.000000 2.540000
0.000000 0.000000 2.540000
0.000000 0.000000 2.540000
0.000000 0.000000 2.540000
0.000000 0.000000 2.540000
0.000000 0.000000 2.540000
0.000000 0.000000 2.540000
0.000000 0.000000 2.540000
0.000000 0.000000 2.540000
0.000000 0.000000 2.540000
0.000000 0.000000 2.540000
0.000000 0.000000 2.540000
0.000000 0.000000 2.540000
0.000000 0.000000 2.540000
0.000000 0.000000 2.540000
0.000000 0.000000 2.540000
0.000000 0.000000 2.540000
0.000000 0.000000 2.540000
0.000000 0.000000 2.540000
0.000000 0.000000 2.540000
0.000000 0.000000 2.540000
0.000000 0.000000 2.540000
0.000000 0.000000 2.540000
0.000000 0.000000 2.540000
0.000000 0.000000 2.540000
0.000000 0.000000 2.540000
0.000000 0.000000 2.540000
0.000000 0.000000 2.540000
0.000000 0.000000 2.540000
0.000000 0.000000 2.540000
0.000000 0.000000 2.540000
0.000000 0.000000 2.540000
0.000000 0.000000 2.540000
0.000000 0.000000 2.540000
0.000000 0.000000 2.540000
0.000000 0.000000 2.540000
0.000000 0.000000 2.540000
0.000000 0.000000 2.540000
0.000000 0.000000 2.540000
0.000000 0.000000 2.540000
0.000000 0.000000 2.540000
0.000000 0.000000 2.540000
0.000000 0.000000 2.540000
0.000000 0.000000 2.540000
0.000000 0.000000 2.540000
0.000000 0.000000 2.540000
0.000000 0.000000 2.540000
0.000000 0.000000 2.540000
0.000000 0.000000 2.540000
0.000000 0.000000 2.540000
0.000000 0.000000 2.540000
2.540000 0.000000 0.000000
2.540000 0.000000 0.000000
2.466192 -0.607862 0.000000
2.466192 -0.607862 0.000000
2.540000 0.000000 0.000000
2.466192 -0.607862 0.000000
2.466192 -0.607862 0.000000
2.466192 -0.607862 0.000000
2.249058 -1.180397 0.000000
2.249058 -1.180397 0.000000
2.466192 -0.607862 0.000000
2.249058 -1.180397 0.000000
2.249058 -1.180397 0.000000
2.249058 -1.180397 0.000000
1.901217 -1.684332 0.000000
1.901217 -1.684332 0.000000
2.249058 -1.180397 0.000000
1.901217 -1.684332 0.000000
1.901217 -1.684332 0.000000
1.901217 -1.684332 0.000000
1.442884 -2.090379 0.000000
1.442884 -2.090379 0.000000
1.901217 -1.684332 0.000000
1.442884 -2.090379 0.000000
1.442884 -2.090379 0.000000
1.442884 -2.090379 0.000000
0.900696 -2.374941 0.000000
0.900696 -2.374941 0.000000
1.442884 -2.090379 0.000000
0.900696 -2.374941 0.000000
0.900696 -2.374941 0.000000
0.900696 -2.374941 0.000000
0.306163 -2.521481 0.000000
0.306163 -2.521481 0.000000
0.900696 -2.374941 0.000000
0.306163 -2.521481 0.000000
0.306163 -2.521481 0.000000
0.306163 -2.521481 0.000000
-0.306163 -2.521481 0.000000
-0.306163 -2.521481 0.000000
0.306163 -2.521481 0.000000
-0.306163 -2.521481 0.000000
-0.306163 -2.521481 0.000000
-0.306163 -2.521481 0.000000
-0.900696 -2.374941 0.000000
-0.900696 -2.374941 0.000000
-0.306163 -2.521481 0.000000
-0.900696 -2.374941 0.000000
-0.900696 -2.374941 0.000000
-0.900696 -2.374941 0.000000
-1.442884 -2.090379 0.000000
-1.442884 -2.090379 0.000000
-0.900696 -2.374941 0.000000
-1.442884 -2.090379 0.000000
-1.442884 -2.090379 0.000000
-1.442884 -2.090379 0.000000
-1.901217 -1.684332 0.000000
-1.901217 -1.684332 0.000000
-1.442884 -2.090379 0.000000
-1.901217 -1.684332 0.000000
-1.901217 -1.684332 0.000000
-1.901217 -1.684332 0.000000
-2.249058 -1.180397 0.000000
-2.249058 -1.180397 0.000000
-1.901217 -1.684332 0.000000
-2.249058 -1.180397 0.000000
-2.249058 -1.180397 0.000000
-2.249058 -1.180397 0.000000
-2.466192 -0.607862 0.000000
-2.466192 -0.607862 0.000000
-2.249058 -1.180397 0.000000
-2.466192 -0.607862 0.000000
-2.466192 -0.607862 0.000000
-2.466192 -0.607862 0.000000
-2.540000 0.000000 0.000000
-2.540000 0.000000 0.000000
-2.466192 -0.607862 0.000000
-2.540000 0.000000 0.000000
0.000000 0.000000 2.540000
0.000000 0.000000 2.540000
0.000000 0.000000 2.540000
0.000000 0.000000 2.540000
0.000000 0.000000 2.540000
0.000000 0.000000 2.540000
0.000000 0.000000 2.540000
0.000000 0.000000 2.540000
0.000000 0.000000 2.540000
0.000000 0.000000 2.540000
0.000000 0.000000 2.540000
0.000000 0.000000 2.540000
0.000000 0.000000 2.540000
0.000000 0.000000 2.540000
0.000000 0.000000 2.540000
0.000000 0.000000 2.540000
0.000000 0.000000 2.540000
0.000000 0.000000 2.540000
0.000000 0.000000 2.540000
0.000000 0.000000 2.540000
0.000000 0.000000 2.540000
0.000000 0.000000 2.540000
0.000000 0.000000 2.540000
0.000000 0.000000 2.540000
0.000000 0.000000 2.540000
0.000000 0.000000 2.540000
0.000000 0.000000 2.540000
0.000000 0.000000 2.540000
0.000000 0.000000 2.540000
0.000000 0.000000 2.540000
0.000000 0.000000 2.540000
0.000000 0.000000 2.540000
0.000000 0.000000 2.540000
0.000000 0.000000 2.540000
0.000000 0.000000 2.540000
0.000000 0.000000 2.540000
0.000000 0.000000 2.540000
0.000000 0.000000 2.540000
0.000000 0.000000 2.540000
0.000000 0.000000 2.540000
0.000000 0.000000 2.540000
0.000000 0.000000 2.540000
0.000000 0.000000 2.540000
0.000000 0.000000 2.540000
0.000000 0.000000 2.540000
0.000000 0.000000 2.540000
0.000000 0.000000 2.540000
0.000000 0.000000 2.540000
0.000000 0.000000 2.540000
0.000000 0.000000 2.540000
0.000000 0.000000 2.540000
0.000000 0.000000 2.540000
0.000000 0.000000 2.540000
0.000000 0.000000 2.540000
0.000000 0.000000 2.540000
0.000000 0.000000 2.540000
0.000000 0.000000 2.540000
0.000000 0.000000 2.540000
0.000000 0.000000 2.540000
0.000000 0.000000 2.540000
0.000000 0.000000 2.540000
0.000000 0.000000 2.540000
0.000000 0.000000 2.540000
0.000000 0.000000 2.540000
0.000000 0.000000 2.540000
0.000000 0.000000 2.540000
0.000000 0.000000 2.540000
0.000000 0.000000 2.540000
0.000000 0.000000 2.540000
0.000000 0.000000 2.540000
0.000000 0.000000 2.540000
0.000000 0.000000 2.540000
2.540000 0.000000 0.000000
2.540000 0.000000 0.000000
2.466192 -0.607862 0.000000
2.466192 -0.607862 0.000000
2.540000 0.000000 0.000000
2.466192 -0.607862 0.000000
2.466192 -0.607862 0.000000
2.466192 -0.607862 0.000000
2.249058 -1.180397 0.000000
2.249058 -1.180397 0.000000
2.466192 -0.607862 0.000000
2.249058 -1.180397 0.000000
2.249058 -1.180397 0.000000
2.249058 -1.180397 0.000000
1.901217 -1.684332 0.000000
1.901217 -1.684332 0.000000
2.249058 -1.180397 0.000000
1.901217 -1.684332 0.000000
1.901217 -1.684332 0.000000
1.901217 -1.684332 0.000000
1.442884 -2.090379 0.000000
1.442884 -2.090379 0.000000
1.901217 -1.684332 0.000000
1.442884 -2.090379 0.000000
1.442884 -2.090379 0.000000
1.442884 -2.090379 0.000000
0.900696 -2.374941 0.000000
0.900696 -2.374941 0.000000
1.442884 -2.090379 0.000000
0.900696 -2.374941 0.000000
0.900696 -2.374941 0.000000
0.900696 -2.374941 0.000000
0.306163 -2.521481 0.000000
0.306163 -2.521481 0.000000
0.900696 -2.374941 0.000000
0.306163 -2.521481 0.000000
0.306163 -2.521481 0.000000
0.306163 -2.521481 0.000000
-0.306163 -2.521481 0.000000
-0.306163 -2.521481 0.000000
0.306163 -2.521481 0.000000
-0.306163 -2.521481 0.000000
-0.306163 -2.521481 0.000000
-0.306163 -2.521481 0.000000
-0.900696 -2.374941 0.000000
-0.900696 -2.374941 0.000000
-0.306163 -2.521481 0.000000
-0.900696 -2.374941 0.000000
-0.900696 -2.374941 0.000000
-0.900696 -2.374941 0.000000
-1.442884 -2.090379 0.000000
-1.442884 -2.090379 0.000000
-0.900696 -2.374941 0.000000
-1.442884 -2.090379 0.000000
-1.442884 -2.090379 0.000000
-1.442884 -2.090379 0.000000
-1.901217 -1.684332 0.000000
-1.901217 -1.684332 0.000000
-1.442884 -2.090379 0.000000
-1.901217 -1.684332 0.000000
-1.901217 -1.684332 0.000000
-1.901217 -1.684332 0.000000
-2.249058 -1.180397 0.000000
-2.249058 -1.180397 0.000000
-1.901217 -1.684332 0.000000
-2.249058 -1.180397 0.000000
-2.249058 -1.180397 0.000000
-2.249058 -1.180397 0.000000
-2.466192 -0.607862 0.000000
-2.466192 -0.607862 0.000000
-2.249058 -1.180397 0.000000
-2.466192 -0.607862 0.000000
-2.466192 -0.607862 0.000000
-2.466192 -0.607862 0.000000
-2.540000 0.000000 0.000000
-2.540000 0.000000 0.000000
-2.466192 -0.607862 0.000000
-2.540000 0.000000 0.000000
</float_array>
          <technique_common>
            <accessor source="#Cut-Extrude13-Normal0-array" count="12186" stride="3">
              <param name="X" type="float"/>
              <param name="Y" type="float"/>
              <param name="Z" type="float"/>
            </accessor>
          </technique_common>
        </source>
        <source id="Cut-Extrude13-UV0">
          <float_array id="Cut-Extrude13-UV0-array" count="8622">
0.620000 0.000000
0.000000 0.000000
0.620000 -0.055582
0.000000 -0.055582
0.620000 -0.111164
0.000000 -0.111164
0.620000 -0.166746
0.000000 -0.166746
0.620000 -0.222328
0.000000 -0.222328
0.620000 -0.277910
0.000000 -0.277910
0.620000 -0.333492
0.000000 -0.333492
0.620000 -0.389074
0.000000 -0.389074
0.620000 -0.444656
0.000000 -0.444656
0.620000 -0.500238
0.000000 -0.500238
0.620000 -0.555820
0.000000 -0.555820
0.620000 -0.611402
0.000000 -0.611402
0.620000 -0.666984
0.000000 -0.666984
0.620000 -0.722566
0.000000 -0.722566
0.620000 0.000000
0.000000 0.000000
0.620000 -0.055582
0.000000 -0.055582
0.620000 -0.111164
0.000000 -0.111164
0.620000 -0.166746
0.000000 -0.166746
0.620000 -0.222328
0.000000 -0.222328
0.620000 -0.277910
0.000000 -0.277910
0.620000 -0.333492
0.000000 -0.333492
0.620000 -0.389074
0.000000 -0.389074
0.620000 -0.444656
0.000000 -0.444656
0.620000 -0.500238
0.000000 -0.500238
0.620000 -0.555820
0.000000 -0.555820
0.620000 -0.611402
0.000000 -0.611402
0.620000 -0.666984
0.000000 -0.666984
0.620000 -0.722566
0.000000 -0.722566
0.080000 0.000000
0.000000 0.000000
0.080000 -0.079748
0.000000 -0.079748
0.080000 -0.159496
0.000000 -0.159496
0.080000 -0.239244
0.000000 -0.239244
0.080000 -0.318992
0.000000 -0.318992
0.080000 -0.398741
0.000000 -0.398741
0.080000 -0.478489
0.000000 -0.478489
0.080000 -0.558237
0.000000 -0.558237
0.080000 -0.637985
0.000000 -0.637985
0.080000 -0.717733
0.000000 -0.717733
0.080000 -0.797481
0.000000 -0.797481
0.080000 -0.877229
0.000000 -0.877229
0.080000 -0.956977
0.000000 -0.956977
0.080000 -1.036726
0.000000 -1.036726
0.080000 0.000000
0.000000 0.000000
0.080000 -0.079748
0.000000 -0.079748
0.080000 -0.159496
0.000000 -0.159496
0.080000 -0.239244
0.000000 -0.239244
0.080000 -0.318992
0.000000 -0.318992
0.080000 -0.398741
0.000000 -0.398741
0.080000 -0.478489
0.000000 -0.478489
0.080000 -0.558237
0.000000 -0.558237
0.080000 -0.637985
0.000000 -0.637985
0.080000 -0.717733
0.000000 -0.717733
0.080000 -0.797481
0.000000 -0.797481
0.080000 -0.877229
0.000000 -0.877229
0.080000 -0.956977
0.000000 -0.956977
0.080000 -1.036726
0.000000 -1.036726
0.620000 0.000000
0.000000 0.000000
0.620000 -0.055582
0.000000 -0.055582
0.620000 -0.111164
0.000000 -0.111164
0.620000 -0.166746
0.000000 -0.166746
0.620000 -0.222328
0.000000 -0.222328
0.620000 -0.277910
0.000000 -0.277910
0.620000 -0.333492
0.000000 -0.333492
0.620000 -0.389074
0.000000 -0.389074
0.620000 -0.444656
0.000000 -0.444656
0.620000 -0.500238
0.000000 -0.500238
0.620000 -0.555820
0.000000 -0.555820
0.620000 -0.611402
0.000000 -0.611402
0.620000 -0.666984
0.000000 -0.666984
0.620000 -0.722566
0.000000 -0.722566
0.620000 0.000000
0.000000 0.000000
0.620000 -0.055582
0.000000 -0.055582
0.620000 -0.111164
0.000000 -0.111164
0.620000 -0.166746
0.000000 -0.166746
0.620000 -0.222328
0.000000 -0.222328
0.620000 -0.277910
0.000000 -0.277910
0.620000 -0.333492
0.000000 -0.333492
0.620000 -0.389074
0.000000 -0.389074
0.620000 -0.444656
0.000000 -0.444656
0.620000 -0.500238
0.000000 -0.500238
0.620000 -0.555820
0.000000 -0.555820
0.620000 -0.611402
0.000000 -0.611402
0.620000 -0.666984
0.000000 -0.666984
0.620000 -0.722566
-0.000000 -0.722566
0.620000 0.000000
0.000000 0.000000
0.620000 -0.055582
0.000000 -0.055582
0.620000 -0.111164
0.000000 -0.111164
0.620000 -0.166746
0.000000 -0.166746
0.620000 -0.222328
0.000000 -0.222328
0.620000 -0.277910
0.000000 -0.277910
0.620000 -0.333492
0.000000 -0.333492
0.620000 -0.389074
0.000000 -0.389074
0.620000 -0.444656
0.000000 -0.444656
0.620000 -0.500238
0.000000 -0.500238
0.620000 -0.555820
0.000000 -0.555820
0.620000 -0.611402
0.000000 -0.611402
0.620000 -0.666984
0.000000 -0.666984
0.620000 -0.722566
-0.000000 -0.722566
0.080000 0.000000
0.000000 0.000000
0.080000 -0.079748
0.000000 -0.079748
0.080000 -0.159496
0.000000 -0.159496
0.080000 -0.239244
0.000000 -0.239244
0.080000 -0.318992
0.000000 -0.318992
0.080000 -0.398741
0.000000 -0.398741
0.080000 -0.478489
0.000000 -0.478489
0.080000 -0.558237
0.000000 -0.558237
0.080000 -0.637985
0.000000 -0.637985
0.080000 -0.717733
0.000000 -0.717733
0.080000 -0.797481
0.000000 -0.797481
0.080000 -0.877229
0.000000 -0.877229
0.080000 -0.956977
0.000000 -0.956977
0.080000 -1.036726
0.000000 -1.036726
0.080000 0.000000
0.000000 0.000000
0.080000 -0.079748
0.000000 -0.079748
0.080000 -0.159496
0.000000 -0.159496
0.080000 -0.239244
0.000000 -0.239244
0.080000 -0.318992
0.000000 -0.318992
0.080000 -0.398741
0.000000 -0.398741
0.080000 -0.478489
0.000000 -0.478489
0.080000 -0.558237
0.000000 -0.558237
0.080000 -0.637985
0.000000 -0.637985
0.080000 -0.717733
0.000000 -0.717733
0.080000 -0.797481
0.000000 -0.797481
0.080000 -0.877229
0.000000 -0.877229
0.080000 -0.956977
0.000000 -0.956977
0.080000 -1.036726
-0.000000 -1.036726
0.080000 0.000000
0.000000 0.000000
0.080000 -0.079748
0.000000 -0.079748
0.080000 -0.159496
0.000000 -0.159496
0.080000 -0.239244
0.000000 -0.239244
0.080000 -0.318992
0.000000 -0.318992
0.080000 -0.398741
0.000000 -0.398741
0.080000 -0.478489
0.000000 -0.478489
0.080000 -0.558237
0.000000 -0.558237
0.080000 -0.637985
0.000000 -0.637985
0.080000 -0.717733
0.000000 -0.717733
0.080000 -0.797481
0.000000 -0.797481
0.080000 -0.877229
0.000000 -0.877229
0.080000 -0.956977
0.000000 -0.956977
0.080000 -1.036726
-0.000000 -1.036726
1.370538 0.000000
0.650538 0.000000
1.370538 -0.055582
0.650538 -0.055582
1.370538 -0.111164
0.650538 -0.111164
1.370538 -0.166746
0.650538 -0.166746
1.370538 -0.222328
0.650538 -0.222328
1.370538 -0.277910
0.650538 -0.277910
1.370538 -0.333492
0.650538 -0.333492
1.370538 -0.389074
0.650538 -0.389074
1.370538 -0.444656
0.650538 -0.444656
1.370538 -0.500238
0.650538 -0.500238
1.370538 -0.555820
0.650538 -0.555820
1.370538 -0.611402
0.650538 -0.611402
1.370538 -0.666984
0.650538 -0.666984
1.370538 -0.722566
0.650538 -0.722566
0.080000 0.000000
0.000000 0.000000
0.080000 -0.079748
0.000000 -0.079748
0.080000 -0.159496
0.000000 -0.159496
0.080000 -0.239244
0.000000 -0.239244
0.080000 -0.318992
0.000000 -0.318992
0.080000 -0.398741
0.000000 -0.398741
0.080000 -0.478489
0.000000 -0.478489
0.080000 -0.558237
0.000000 -0.558237
0.080000 -0.637985
0.000000 -0.637985
0.080000 -0.717733
0.000000 -0.717733
0.080000 -0.797481
0.000000 -0.797481
0.080000 -0.877229
0.000000 -0.877229
0.080000 -0.956977
0.000000 -0.956977
0.080000 -1.036726
0.000000 -1.036726
0.080000 0.000000
0.000000 0.000000
0.080000 -0.079748
0.000000 -0.079748
0.080000 -0.159496
0.000000 -0.159496
0.080000 -0.239244
0.000000 -0.239244
0.080000 -0.318992
0.000000 -0.318992
0.080000 -0.398741
0.000000 -0.398741
0.080000 -0.478489
0.000000 -0.478489
0.080000 -0.558237
0.000000 -0.558237
0.080000 -0.637985
0.000000 -0.637985
0.080000 -0.717733
0.000000 -0.717733
0.080000 -0.797481
0.000000 -0.797481
0.080000 -0.877229
0.000000 -0.877229
0.080000 -0.956977
0.000000 -0.956977
0.080000 -1.036726
0.000000 -1.036726
0.720000 0.000000
0.000000 0.000000
0.720000 -0.055582
0.000000 -0.055582
0.720000 -0.111164
0.000000 -0.111164
0.720000 -0.166746
0.000000 -0.166746
0.720000 -0.222328
0.000000 -0.222328
0.720000 -0.277910
0.000000 -0.277910
0.720000 -0.333492
0.000000 -0.333492
0.720000 -0.389074
0.000000 -0.389074
0.720000 -0.444656
0.000000 -0.444656
0.720000 -0.500238
0.000000 -0.500238
0.720000 -0.555820
0.000000 -0.555820
0.720000 -0.611402
0.000000 -0.611402
0.720000 -0.666984
0.000000 -0.666984
0.720000 -0.722566
0.000000 -0.722566
0.720000 0.000000
0.000000 0.000000
0.720000 -0.055582
0.000000 -0.055582
0.720000 -0.111164
0.000000 -0.111164
0.720000 -0.166746
0.000000 -0.166746
0.720000 -0.222328
0.000000 -0.222328
0.720000 -0.277910
0.000000 -0.277910
0.720000 -0.333492
0.000000 -0.333492
0.720000 -0.389074
0.000000 -0.389074
0.720000 -0.444656
0.000000 -0.444656
0.720000 -0.500238
0.000000 -0.500238
0.720000 -0.555820
0.000000 -0.555820
0.720000 -0.611402
0.000000 -0.611402
0.720000 -0.666984
0.000000 -0.666984
0.720000 -0.722566
0.000000 -0.722566
0.720000 0.000000
0.000000 0.000000
0.720000 -0.055582
0.000000 -0.055582
0.720000 -0.111164
0.000000 -0.111164
0.720000 -0.166746
0.000000 -0.166746
0.720000 -0.222328
0.000000 -0.222328
0.720000 -0.277910
0.000000 -0.277910
0.720000 -0.333492
0.000000 -0.333492
0.720000 -0.389074
0.000000 -0.389074
0.720000 -0.444656
0.000000 -0.444656
0.720000 -0.500238
0.000000 -0.500238
0.720000 -0.555820
0.000000 -0.555820
0.720000 -0.611402
0.000000 -0.611402
0.720000 -0.666984
0.000000 -0.666984
0.720000 -0.722566
0.000000 -0.722566
0.080000 0.000000
0.000000 0.000000
0.080000 -0.079748
0.000000 -0.079748
0.080000 -0.159496
0.000000 -0.159496
0.080000 -0.239244
0.000000 -0.239244
0.080000 -0.318992
0.000000 -0.318992
0.080000 -0.398741
0.000000 -0.398741
0.080000 -0.478489
0.000000 -0.478489
0.080000 -0.558237
0.000000 -0.558237
0.080000 -0.637985
0.000000 -0.637985
0.080000 -0.717733
0.000000 -0.717733
0.080000 -0.797481
0.000000 -0.797481
0.080000 -0.877229
0.000000 -0.877229
0.080000 -0.956977
0.000000 -0.956977
0.080000 -1.036726
0.000000 -1.036726
0.080000 0.000000
0.000000 0.000000
0.080000 -0.079748
0.000000 -0.079748
0.080000 -0.159496
0.000000 -0.159496
0.080000 -0.239244
0.000000 -0.239244
0.080000 -0.318992
0.000000 -0.318992
0.080000 -0.398741
0.000000 -0.398741
0.080000 -0.478489
0.000000 -0.478489
0.080000 -0.558237
0.000000 -0.558237
0.080000 -0.637985
0.000000 -0.637985
0.080000 -0.717733
0.000000 -0.717733
0.080000 -0.797481
0.000000 -0.797481
0.080000 -0.877229
0.000000 -0.877229
0.080000 -0.956977
0.000000 -0.956977
0.080000 -1.036726
0.000000 -1.036726
0.080000 0.000000
0.000000 0.000000
0.080000 -0.079748
0.000000 -0.079748
0.080000 -0.159496
0.000000 -0.159496
0.080000 -0.239244
0.000000 -0.239244
0.080000 -0.318992
0.000000 -0.318992
0.080000 -0.398741
0.000000 -0.398741
0.080000 -0.478489
0.000000 -0.478489
0.080000 -0.558237
0.000000 -0.558237
0.080000 -0.637985
0.000000 -0.637985
0.080000 -0.717733
0.000000 -0.717733
0.080000 -0.797481
0.000000 -0.797481
0.080000 -0.877229
0.000000 -0.877229
0.080000 -0.956977
0.000000 -0.956977
0.080000 -1.036726
0.000000 -1.036726
0.080000 0.000000
0.000000 0.000000
0.080000 -0.079748
0.000000 -0.079748
0.080000 -0.159496
0.000000 -0.159496
0.080000 -0.239244
0.000000 -0.239244
0.080000 -0.318992
0.000000 -0.318992
0.080000 -0.398741
0.000000 -0.398741
0.080000 -0.478489
0.000000 -0.478489
0.080000 -0.558237
0.000000 -0.558237
0.080000 -0.637985
0.000000 -0.637985
0.080000 -0.717733
0.000000 -0.717733
0.080000 -0.797481
0.000000 -0.797481
0.080000 -0.877229
0.000000 -0.877229
0.080000 -0.956977
0.000000 -0.956977
0.080000 -1.036726
0.000000 -1.036726
1.450538 0.000000
0.650538 0.000000
1.450538 -0.055582
0.650538 -0.055582
1.450538 -0.111164
0.650538 -0.111164
1.450538 -0.166746
0.650538 -0.166746
1.450538 -0.222328
0.650538 -0.222328
1.450538 -0.277910
0.650538 -0.277910
1.450538 -0.333492
0.650538 -0.333492
1.450538 -0.389074
0.650538 -0.389074
1.450538 -0.444656
0.650538 -0.444656
1.450538 -0.500238
0.650538 -0.500238
1.450538 -0.555820
0.650538 -0.555820
1.450538 -0.611402
0.650538 -0.611402
1.450538 -0.666984
0.650538 -0.666984
1.450538 -0.722566
0.650538 -0.722566
1.450538 0.000000
0.650538 0.000000
1.450538 -0.055582
0.650538 -0.055582
1.450538 -0.111164
0.650538 -0.111164
1.450538 -0.166746
0.650538 -0.166746
1.450538 -0.222328
0.650538 -0.222328
1.450538 -0.277910
0.650538 -0.277910
1.450538 -0.333492
0.650538 -0.333492
1.450538 -0.389074
0.650538 -0.389074
1.450538 -0.444656
0.650538 -0.444656
1.450538 -0.500238
0.650538 -0.500238
1.450538 -0.555820
0.650538 -0.555820
1.450538 -0.611402
0.650538 -0.611402
1.450538 -0.666984
0.650538 -0.666984
1.450538 -0.722566
0.650538 -0.722566
5.552423 0.000000
5.086054 0.000000
5.554717 -0.032730
5.083761 -0.032730
5.561213 -0.065059
5.077265 -0.065059
5.054556 -0.128554
5.583922 -0.128554
5.024772 -0.190718
5.613706 -0.190718
4.993902 -0.251124
5.644576 -0.251124
5.673240 -0.312306
4.965238 -0.312306
4.940841 -0.377124
5.697637 -0.377124
4.924847 -0.443854
5.713631 -0.443854
4.920667 -0.477336
5.717811 -0.477336
5.719239 -0.510509
4.919239 -0.510509
5.717811 -0.543681
4.920667 -0.543681
4.924847 -0.577164
5.713631 -0.577164
4.940841 -0.643893
5.697637 -0.643893
4.965238 -0.708712
5.673240 -0.708712
5.644576 -0.769894
4.993902 -0.769894
5.024772 -0.830300
5.613706 -0.830300
5.054556 -0.892463
5.583922 -0.892463
5.077265 -0.955958
5.561213 -0.955958
5.554717 -0.988288
5.083761 -0.988288
5.552423 -1.021018
5.086054 -1.021018
2.352423 0.000000
1.886054 0.000000
2.354717 -0.032730
1.883761 -0.032730
2.361213 -0.065059
1.877265 -0.065059
1.854556 -0.128554
2.383922 -0.128554
1.824772 -0.190718
2.413706 -0.190718
1.793902 -0.251124
2.444576 -0.251124
2.473240 -0.312306
1.765238 -0.312306
1.740841 -0.377124
2.497637 -0.377124
1.724847 -0.443854
2.513630 -0.443854
1.720667 -0.477336
2.517811 -0.477336
2.519239 -0.510509
1.719239 -0.510509
2.517811 -0.543681
1.720667 -0.543681
1.724847 -0.577164
2.513630 -0.577164
1.740841 -0.643893
2.497637 -0.643893
1.765238 -0.708712
2.473240 -0.708712
2.444576 -0.769894
1.793902 -0.769894
1.824772 -0.830300
2.413706 -0.830300
1.854556 -0.892463
2.383922 -0.892463
1.877265 -0.955958
2.361213 -0.955958
2.354717 -0.988288
1.883761 -0.988288
2.352423 -1.021018
1.886054 -1.021018
0.800000 0.000000
-0.000000 0.000000
0.800000 -0.096664
-0.800000 -0.089760
-0.800000 -0.179520
-0.800000 0.000000
0.800000 -0.193329
-0.800000 -0.269279
0.800000 -0.289993
-0.800000 -0.359039
0.800000 -0.386658
-0.800000 -0.448799
0.800000 -0.483322
-0.800000 -0.538559
0.800000 -0.579986
-0.800000 -0.628319
-0.000000 -0.628319
0.800000 -0.676651
-0.000000 -0.718078
0.800000 -0.773315
-0.000000 -0.807838
0.800000 -0.869980
-0.000000 -0.897598
0.800000 -0.966644
-0.000000 -0.987358
0.800000 -1.063308
-0.000000 -1.077117
0.800000 -1.159973
-0.000000 -1.166877
0.800000 -1.256637
-0.000000 -1.256637
-0.800000 0.000000
-0.000000 0.000000
-0.800000 0.096664
-0.000000 0.096664
-0.800000 0.193329
-0.000000 0.193329
-0.400000 0.248947
-0.367325 0.251772
-0.335375 0.259874
-0.000000 0.289993
-0.274772 0.289238
-0.220068 0.331052
-0.000000 0.386658
-0.173130 0.379952
-0.133648 0.434718
-0.000000 0.483322
-0.101990 0.496261
-0.081904 0.561828
-0.000000 0.579986
-0.076745 0.595167
-0.075000 0.628319
-0.000000 0.676651
-0.076745 0.661470
-0.081904 0.694809
0.000000 0.773315
-0.101990 0.760376
-0.133648 0.821919
-0.000000 0.869980
-0.173130 0.876685
-0.220068 0.925585
-0.000000 0.966644
-0.274772 0.967399
-0.335375 0.996763
-0.367325 1.004865
0.000000 1.063308
-0.400000 1.007690
-0.800000 1.063308
-0.432675 1.004865
-0.800000 0.966644
-0.464626 0.996763
-0.525228 0.967399
-0.579932 0.925585
-0.800000 0.869980
-0.626870 0.876685
-0.666352 0.821919
-0.800000 0.773315
-0.698010 0.760376
-0.718096 0.694809
-0.800000 0.676651
-0.723255 0.661470
-0.725000 0.628319
-0.800000 0.579986
-0.723255 0.595167
-0.718096 0.561828
-0.800000 0.483322
-0.698010 0.496261
-0.666352 0.434718
-0.800000 0.386658
-0.626870 0.379952
-0.579932 0.331052
-0.800000 0.289993
-0.525228 0.289238
-0.464626 0.259874
-0.432675 0.251772
-0.800000 1.159973
0.000000 1.159973
-0.800000 1.256637
0.000000 1.256637
-0.800000 0.000000
-0.000000 0.000000
-0.800000 0.096664
-0.000000 0.096664
-0.800000 0.193329
-0.000000 0.193329
-0.400000 0.248947
-0.367325 0.251772
-0.335375 0.259874
-0.000000 0.289993
-0.274772 0.289238
-0.220068 0.331052
-0.000000 0.386658
-0.173130 0.379952
-0.133648 0.434718
-0.000000 0.483322
-0.101990 0.496261
-0.081904 0.561828
-0.000000 0.579986
-0.076745 0.595167
-0.075000 0.628319
0.000000 0.676651
-0.076745 0.661470
-0.081904 0.694809
-0.000000 0.773315
-0.101990 0.760376
-0.133648 0.821919
-0.000000 0.869980
-0.173130 0.876685
-0.220068 0.925585
0.000000 0.966644
-0.274772 0.967399
-0.335375 0.996763
-0.367325 1.004865
-0.000000 1.063308
-0.400000 1.007690
-0.800000 1.063308
-0.432675 1.004865
-0.800000 0.966644
-0.464626 0.996763
-0.525228 0.967399
-0.579932 0.925585
-0.800000 0.869980
-0.626870 0.876685
-0.666352 0.821919
-0.800000 0.773315
-0.698010 0.760376
-0.718096 0.694809
-0.800000 0.676651
-0.723255 0.661470
-0.725000 0.628319
-0.800000 0.579986
-0.723255 0.595167
-0.718096 0.561828
-0.800000 0.483322
-0.698010 0.496261
-0.666352 0.434718
-0.800000 0.386658
-0.626870 0.379952
-0.579932 0.331052
-0.800000 0.289993
-0.525228 0.289238
-0.464626 0.259874
-0.432675 0.251772
-0.800000 1.159973
0.000000 1.159973
-0.800000 1.256637
0.000000 1.256637
0.720000 0.000000
0.000000 0.000000
0.720000 -0.055582
0.000000 -0.055582
0.720000 -0.111164
0.000000 -0.111164
0.720000 -0.166746
0.000000 -0.166746
0.720000 -0.222328
0.000000 -0.222328
0.720000 -0.277910
0.000000 -0.277910
0.720000 -0.333492
0.000000 -0.333492
0.720000 -0.389074
0.000000 -0.389074
0.720000 -0.444656
0.000000 -0.444656
0.720000 -0.500238
0.000000 -0.500238
0.720000 -0.555820
0.000000 -0.555820
0.720000 -0.611402
0.000000 -0.611402
0.720000 -0.666984
0.000000 -0.666984
0.720000 -0.722566
0.000000 -0.722566
1.370538 0.000000
0.650538 0.000000
1.370538 -0.055582
0.650538 -0.055582
1.370538 -0.111164
0.650538 -0.111164
1.370538 -0.166746
0.650538 -0.166746
1.370538 -0.222328
0.650538 -0.222328
1.370538 -0.277910
0.650538 -0.277910
1.370538 -0.333492
0.650538 -0.333492
1.370538 -0.389074
0.650538 -0.389074
1.370538 -0.444656
0.650538 -0.444656
1.370538 -0.500238
0.650538 -0.500238
1.370538 -0.555820
0.650538 -0.555820
1.370538 -0.611402
0.650538 -0.611402
1.370538 -0.666984
0.650538 -0.666984
1.370538 -0.722566
0.650538 -0.722566
1.370538 -0.778148
0.650538 -0.722566
0.650538 -0.778148
1.370538 -0.833730
0.650538 -0.833730
1.370538 -0.889312
0.650538 -0.889312
1.370538 -0.944894
0.650538 -0.944894
1.370538 -1.000476
0.650538 -1.000476
1.370538 -1.056058
0.650538 -1.056058
1.370538 -1.111640
0.650538 -1.111640
1.370538 -1.167222
0.650538 -1.167222
1.370538 -1.222805
0.650538 -1.222805
1.370538 -1.278387
0.650538 -1.278387
1.370538 -1.333969
0.650538 -1.333969
1.370538 -1.389551
0.650538 -1.389551
1.370538 -1.445133
0.650538 -1.445133
0.720000 -0.722566
0.000000 -0.722566
0.720000 -0.778148
0.000000 -0.778148
0.720000 -0.833730
0.000000 -0.833730
0.720000 -0.889312
0.000000 -0.889312
0.720000 -0.944894
0.000000 -0.944894
0.720000 -1.000476
0.000000 -1.000476
0.720000 -1.056058
0.000000 -1.056058
0.720000 -1.111640
0.000000 -1.111640
0.720000 -1.167222
0.000000 -1.167222
0.720000 -1.222805
0.000000 -1.222805
0.720000 -1.278387
0.000000 -1.278387
0.720000 -1.333969
0.000000 -1.333969
0.720000 -1.389551
0.000000 -1.389551
0.720000 -1.445133
0.000000 -1.445133
0.200000 1.146410
0.200000 0.800000
0.267652 1.097258
0.323607 1.035114
0.365418 0.962695
0.391259 0.883165
0.400000 0.800000
0.194188 0.752137
0.177091 0.707055
0.227226 0.329194
0.149702 0.667375
0.141842 0.374007
0.113613 0.635403
0.070921 0.612997
0.048215 0.397084
0.024107 0.601458
-0.024107 0.601458
-0.048215 0.397084
-0.070921 0.612997
-0.141842 0.374007
-0.113613 0.635403
-0.149702 0.667375
-0.227226 0.329194
-0.177091 0.707055
-0.400000 0.800000
-0.194188 0.752137
-0.200000 0.800000
-0.200000 1.146410
-0.267652 1.097258
-0.323607 1.035114
-0.365418 0.962695
-0.391259 0.883165
-0.400000 0.000000
-0.388377 0.095726
-0.354182 0.185889
-0.299404 0.265249
0.299404 0.265249
0.354182 0.185889
0.388377 0.095726
0.400000 0.000000
-0.200000 0.346410
-0.267652 0.297258
-0.200000 0.000000
-0.323607 0.235114
-0.365418 0.162695
-0.391259 0.083165
-0.400000 0.000000
-0.194188 -0.047863
-0.177091 -0.092945
-0.227226 -0.470806
-0.149702 -0.132625
-0.141842 -0.425994
-0.113613 -0.164597
-0.070921 -0.187003
-0.048215 -0.402916
-0.024107 -0.198542
0.048215 -0.402916
0.024107 -0.198542
0.070921 -0.187003
0.141842 -0.425994
0.113613 -0.164597
0.149702 -0.132625
0.227226 -0.470806
0.177091 -0.092945
0.400000 0.000000
0.194188 -0.047863
0.200000 0.000000
0.391259 0.083165
0.365418 0.162695
-0.400000 -0.800000
-0.388377 -0.704274
-0.354182 -0.614111
-0.299404 -0.534751
0.299404 -0.534751
0.354182 -0.614111
0.388377 -0.704274
0.400000 -0.800000
0.323607 0.235114
0.267652 0.297258
0.200000 0.346410
-0.800000 -0.628319
-0.000000 -0.628319
-0.800000 -0.579986
-0.000000 -0.579986
-0.800000 -0.531654
-0.000000 -0.531654
-0.800000 -0.483322
-0.000000 -0.483322
-0.800000 -0.434990
-0.000000 -0.434990
-0.800000 -0.386658
-0.000000 -0.386658
-0.800000 -0.338325
-0.000000 -0.338325
-0.800000 -0.289993
-0.000000 -0.289993
-0.800000 -0.241661
-0.000000 -0.241661
-0.800000 -0.193329
-0.000000 -0.193329
-0.800000 -0.144997
-0.000000 -0.144997
-0.800000 -0.096664
-0.000000 -0.096664
-0.800000 -0.048332
-0.000000 -0.048332
-0.800000 0.000000
-0.000000 0.000000
0.400000 -0.000000
0.388377 -0.095726
0.400000 -1.200000
0.354182 -0.185889
0.230000 -0.800000
0.223317 -0.744957
0.299404 -0.265249
0.203655 -0.693114
0.227226 -0.329194
0.172157 -0.647482
0.141842 -0.374007
0.130655 -0.610714
0.081559 -0.584946
0.048215 -0.397084
0.027723 -0.571677
-0.048215 -0.397084
-0.027723 -0.571677
-0.081559 -0.584946
-0.141842 -0.374007
-0.130655 -0.610714
-0.172157 -0.647482
-0.227226 -0.329194
-0.203655 -0.693114
-0.299404 -0.265249
-0.223317 -0.744957
-0.354182 -0.185889
-0.230000 -0.800000
-0.360388 -1.426447
-0.312733 -1.350604
-0.388377 -0.095726
-0.389971 -1.510992
-0.400000 0.000000
-0.400000 -1.600000
-0.223317 -0.855043
-0.249396 -1.287267
-0.203655 -0.906886
-0.172157 -0.952518
-0.173553 -1.239612
-0.130655 -0.989286
-0.089008 -1.210029
-0.081559 -1.015054
-0.027723 -1.028323
-0.000000 -1.200000
0.027723 -1.028323
0.081559 -1.015054
0.130655 -0.989286
0.172157 -0.952518
0.203655 -0.906886
0.223317 -0.855043
0.400000 0.000000
0.400000 1.600000
0.389971 0.089008
0.388377 1.504274
0.360388 0.173553
0.354182 1.414111
0.230000 0.800000
0.223317 0.855043
0.299404 1.334751
0.203655 0.906886
0.227226 1.270806
0.172157 0.952518
0.141842 1.225994
0.130655 0.989286
0.081559 1.015054
0.048215 1.202917
0.027723 1.028323
-0.048215 1.202917
-0.027723 1.028323
-0.081559 1.015054
-0.141842 1.225994
-0.130655 0.989286
-0.172157 0.952518
-0.227226 1.270806
-0.203655 0.906886
-0.299404 1.334751
-0.223317 0.855043
-0.354182 1.414111
-0.230000 0.800000
-0.400000 0.400000
-0.223317 0.744957
-0.203655 0.693114
-0.172157 0.647482
-0.130655 0.610714
-0.000000 0.400000
-0.081559 0.584946
-0.027723 0.571677
0.027723 0.571677
0.089008 0.389971
0.081559 0.584946
0.130655 0.610714
0.173553 0.360388
0.172157 0.647482
0.249396 0.312733
0.203655 0.693114
0.223317 0.744957
0.312733 0.249396
-0.388377 1.504274
-0.400000 1.600000
0.400000 0.000000
4.627842 0.152518
0.400000 0.400000
4.669345 0.189286
4.718441 0.215054
0.389971 -0.089008
4.576684 -0.055043
4.570000 0.000000
4.576684 0.055043
4.596345 -0.106886
0.360388 -0.173553
4.627842 -0.152518
4.000000 -0.400000
4.669345 -0.189286
4.718441 -0.215054
4.772276 -0.228323
4.985889 -0.354182
5.065249 -0.299404
0.800000 -0.400000
0.312733 -0.249396
0.249396 -0.312733
0.173553 -0.360388
0.089008 -0.389971
0.000000 -0.400000
4.800000 -0.400000
4.895726 -0.388377
4.827724 -0.228323
5.129194 -0.227226
4.881559 -0.215054
4.930655 -0.189286
5.174006 -0.141842
4.972157 -0.152518
5.003655 -0.106886
5.197083 -0.048215
5.023316 -0.055043
5.030000 0.000000
5.197083 0.048215
5.023316 0.055043
5.003655 0.106886
5.174006 0.141842
4.972157 0.152518
4.930655 0.189286
5.129194 0.227226
4.881559 0.215054
4.827724 0.228323
5.065249 0.299404
4.772276 0.228323
4.985889 0.354182
4.800000 0.400000
4.895726 0.388377
4.596345 0.106886
-0.800000 -1.256637
0.000000 -1.256637
-0.800000 -1.159973
-0.000000 -1.159973
-0.800000 -1.063308
-0.000000 -1.063308
-0.400000 -1.007690
-0.367325 -1.004865
-0.335375 -0.996763
-0.000000 -0.966644
-0.274772 -0.967399
-0.220068 -0.925585
-0.000000 -0.869980
-0.173130 -0.876685
-0.133648 -0.821919
-0.000000 -0.773315
-0.101990 -0.760376
-0.081904 -0.694809
-0.000000 -0.676651
-0.076745 -0.661470
-0.075000 -0.628319
-0.000000 -0.579986
-0.076745 -0.595167
-0.081904 -0.561828
-0.000000 -0.483322
-0.101990 -0.496261
-0.133648 -0.434718
-0.000000 -0.386658
-0.173130 -0.379952
-0.220068 -0.331052
-0.000000 -0.289993
-0.274772 -0.289238
-0.335375 -0.259874
-0.367325 -0.251772
-0.000000 -0.193329
-0.400000 -0.248947
-0.800000 -0.193329
-0.432675 -0.251772
-0.800000 -0.289993
-0.464626 -0.259874
-0.525228 -0.289238
-0.579932 -0.331052
-0.800000 -0.386658
-0.626870 -0.379952
-0.666352 -0.434718
-0.800000 -0.483322
-0.698010 -0.496261
-0.718096 -0.561828
-0.800000 -0.579986
-0.723255 -0.595167
-0.725000 -0.628319
-0.800000 -0.676651
-0.723255 -0.661470
-0.718096 -0.694809
-0.800000 -0.773315
-0.698010 -0.760376
-0.666352 -0.821919
-0.800000 -0.869980
-0.626870 -0.876685
-0.579932 -0.925585
-0.800000 -0.966644
-0.525228 -0.967399
-0.464626 -0.996763
-0.432675 -1.004865
-0.800000 -0.096664
-0.000000 -0.096664
-0.800000 0.000000
-0.000000 0.000000
-0.800000 -1.256637
0.000000 -1.256637
-0.800000 -1.159973
-0.000000 -1.159973
-0.800000 -1.063308
-0.000000 -1.063308
-0.400000 -1.007690
-0.367325 -1.004865
-0.335375 -0.996763
-0.000000 -0.966644
-0.274772 -0.967399
-0.220068 -0.925585
-0.000000 -0.869980
-0.173130 -0.876685
-0.133648 -0.821919
-0.000000 -0.773315
-0.101990 -0.760376
-0.081904 -0.694809
-0.000000 -0.676651
-0.076745 -0.661470
-0.075000 -0.628319
-0.000000 -0.579986
-0.076745 -0.595167
-0.081904 -0.561828
-0.000000 -0.483322
-0.101990 -0.496261
-0.133648 -0.434718
-0.000000 -0.386658
-0.173130 -0.379952
-0.220068 -0.331052
-0.000000 -0.289993
-0.274772 -0.289238
-0.335375 -0.259874
-0.367325 -0.251772
-0.000000 -0.193329
-0.400000 -0.248947
-0.800000 -0.193329
-0.432675 -0.251772
-0.800000 -0.289993
-0.464626 -0.259874
-0.525228 -0.289238
-0.579932 -0.331052
-0.800000 -0.386658
-0.626870 -0.379952
-0.666352 -0.434718
-0.800000 -0.483322
-0.698010 -0.496261
-0.718096 -0.561828
-0.800000 -0.579986
-0.723255 -0.595167
-0.725000 -0.628319
-0.800000 -0.676651
-0.723255 -0.661470
-0.718096 -0.694809
-0.800000 -0.773315
-0.698010 -0.760376
-0.666352 -0.821919
-0.800000 -0.869980
-0.626870 -0.876685
-0.579932 -0.925585
-0.800000 -0.966644
-0.525228 -0.967399
-0.464626 -0.996763
-0.432675 -1.004865
-0.800000 -0.096664
-0.000000 -0.096664
-0.800000 0.000000
-0.000000 0.000000
0.800000 -0.800000
0.788377 -0.895726
0.800000 -4.000000
0.788377 -3.904274
0.754182 -0.985889
0.754182 -3.814111
0.699404 -1.065249
0.699404 -3.734751
0.627226 -1.129194
0.627226 -3.670806
0.541842 -1.174006
0.541842 -3.625993
0.448215 -1.197084
0.448215 -3.602916
0.351785 -1.197084
0.351785 -3.602916
0.258158 -3.625993
0.258158 -1.174006
0.172774 -3.670806
0.172774 -1.129194
0.100596 -3.734751
0.100596 -1.065249
0.045818 -3.814111
0.045818 -0.985889
0.011623 -3.904274
0.011623 -0.895726
-0.000000 -4.000000
-0.000000 -0.800000
-0.000000 -0.800000
-0.011623 -0.895726
-0.000000 -4.000000
-0.011623 -3.904274
-0.045818 -0.985889
-0.045818 -3.814111
-0.100596 -1.065249
-0.100596 -3.734751
-0.172774 -1.129194
-0.172774 -3.670806
-0.258158 -1.174006
-0.258158 -3.625993
-0.351785 -1.197084
-0.351785 -3.602916
-0.448215 -1.197084
-0.448215 -3.602916
-0.541842 -3.625993
-0.541842 -1.174006
-0.627226 -3.670806
-0.627226 -1.129194
-0.699404 -3.734751
-0.699404 -1.065249
-0.754182 -3.814111
-0.754182 -0.985889
-0.788377 -3.904274
-0.788377 -0.895726
-0.800000 -4.000000
-0.800000 -0.800000
0.800000 -4.000000
0.788377 -4.095726
0.800000 -4.800000
0.754182 -4.185889
0.699404 -4.265249
0.627226 -4.329194
0.541842 -4.374006
0.448215 -4.397084
0.351785 -4.397084
-0.000000 -4.800000
0.258158 -4.374006
0.172774 -4.329194
0.100596 -4.265249
0.045818 -4.185889
0.011623 -4.095726
-0.000000 -4.000000
-0.000000 -4.000000
-0.011623 -4.095726
-0.000000 -4.800000
-0.045818 -4.185889
-0.100596 -4.265249
-0.172774 -4.329194
-0.258158 -4.374006
-0.351785 -4.397084
-0.448215 -4.397084
-0.800000 -4.800000
-0.541842 -4.374006
-0.627226 -4.329194
-0.699404 -4.265249
-0.754182 -4.185889
-0.788377 -4.095726
-0.800000 -4.000000
-0.000000 -1.256637
-0.800000 -1.256637
0.000000 -1.353301
-0.800000 -1.353301
0.000000 -1.449966
-0.800000 -1.449966
-0.000000 -1.546630
-0.800000 -1.546630
-0.000000 -1.643295
-0.800000 -1.643295
-0.000000 -1.739959
-0.800000 -1.739959
0.000000 -1.836623
-0.800000 -1.836623
-0.000000 -1.933288
-0.800000 -1.933288
-0.000000 -2.029952
-0.800000 -2.029952
-0.000000 -2.126616
-0.800000 -2.126616
-0.000000 -2.223281
-0.800000 -2.223281
-0.000000 -2.319945
-0.800000 -2.319945
-0.000000 -2.416610
-0.800000 -2.416610
-0.000000 -2.513274
-0.800000 -2.513274
-0.600000 -2.800000
0.000000 -3.200000
-0.600000 -2.000000
-0.000000 0.000000
-0.800000 -1.200000
-0.800000 0.000000
-0.800000 -2.800000
-0.800000 -3.200000
-0.800000 -2.000000
-0.800000 0.000000
-0.800000 -0.089760
-0.000000 0.000000
-0.000000 -0.096664
-0.800000 -0.179520
-0.000000 -0.193329
-0.800000 -0.269279
-0.000000 -0.289993
-0.800000 -0.359039
-0.000000 -0.386658
-0.800000 -0.448799
-0.000000 -0.483322
-0.800000 -0.538559
-0.000000 -0.579986
-0.800000 -0.628319
-0.000000 -0.676651
-1.600000 -0.628319
-1.600000 -0.724983
-0.000000 -0.773315
-1.600000 -0.821647
-0.000000 -0.869980
-1.600000 -0.918312
-0.000000 -0.966644
-1.600000 -1.014976
-0.000000 -1.063308
-1.600000 -1.111640
-0.000000 -1.159973
-1.600000 -1.208305
-0.000000 -1.256637
-0.600000 -1.256637
-0.800000 -1.256637
-1.600000 -1.304969
-0.800000 -1.346397
-1.600000 -1.401634
-0.800000 -1.436157
-1.600000 -1.498298
-0.800000 -1.525916
-1.600000 -1.594962
-0.800000 -1.615676
-1.600000 -1.691627
-0.800000 -1.705436
-1.600000 -1.788291
-0.800000 -1.795196
-1.600000 -1.884956
-0.800000 -1.884956
0.600000 -3.200000
0.600000 -1.600000
-0.000000 -3.200000
-0.000000 0.000000
0.800000 0.000000
0.800000 -1.600000
0.388377 0.095726
0.330000 -0.000000
0.400000 -0.000000
0.320411 -0.078974
0.320411 -0.721026
0.292200 -0.153359
0.292200 -0.646641
0.247009 -0.218830
0.247009 -0.581170
0.187461 -0.271585
0.187461 -0.528415
0.117020 -0.308555
0.117020 -0.491445
0.039777 -0.327594
0.039777 -0.472406
-0.039777 -0.327594
-0.039777 -0.472406
-0.117020 -0.491445
-0.117020 -0.308555
-0.187461 -0.528415
-0.187461 -0.271585
-0.247009 -0.581170
-0.247009 -0.218830
-0.292200 -0.646641
-0.292200 -0.153359
-0.320411 -0.721026
-0.320411 -0.078974
-0.400000 -0.000000
-0.330000 -0.000000
-0.388377 0.095726
-0.354182 0.185889
-0.320411 0.078974
-0.299404 0.265249
-0.292200 0.153359
-0.247009 0.218830
0.354182 0.185889
0.320411 0.078974
0.299404 0.265249
0.292200 0.153359
0.247009 0.218830
0.227226 0.329194
0.187461 0.271585
0.141842 0.374007
0.117020 0.308555
0.048215 0.397084
0.039777 0.327594
-0.048215 0.397084
-0.039777 0.327594
-0.117020 0.308555
-0.141842 0.374007
-0.187461 0.271585
-0.227226 0.329194
-0.400000 -3.200000
-0.330000 -1.600000
-0.330000 -0.800000
-0.388377 -3.295726
-0.330000 -3.200000
-0.320411 -3.121026
-0.320411 -1.678974
-0.292200 -3.046641
-0.292200 -1.753359
-0.247009 -2.981169
-0.247009 -1.818830
-0.187461 -1.871585
-0.187461 -2.928415
-0.117020 -1.908555
-0.117020 -2.891445
-0.039777 -1.927594
-0.039777 -2.872406
0.039777 -2.872406
-0.354182 -3.385889
-0.320411 -3.278974
-0.299404 -3.465249
-0.292200 -3.353359
-0.247009 -3.418830
-0.227226 -3.529194
-0.187461 -3.471585
-0.141842 -3.574007
-0.117020 -3.508555
-0.048215 -3.597084
-0.039777 -3.527594
0.048215 -3.597084
0.039777 -3.527594
0.117020 -3.508555
0.141842 -3.574007
0.187461 -3.471585
0.227226 -3.529194
0.247009 -3.418830
0.299404 -3.465249
0.292200 -3.353359
0.320411 -3.278974
0.354182 -3.385889
0.330000 -3.200000
0.388377 -3.295726
0.400000 -3.200000
0.330000 -1.600000
0.320411 -1.678974
0.320411 -3.121026
0.292200 -3.046641
0.292200 -1.753359
0.247009 -2.981169
0.247009 -1.818830
0.187461 -1.871585
0.039777 -1.927594
0.117020 -2.891445
0.117020 -1.908555
0.187461 -2.928415
-0.320411 -0.878974
-0.320411 -1.521026
-0.292200 -0.953359
-0.292200 -1.446641
-0.247009 -1.018830
-0.247009 -1.381170
-0.187461 -1.071585
-0.187461 -1.328415
-0.117020 -1.108555
-0.117020 -1.291445
-0.039777 -1.127594
-0.039777 -1.272406
0.039777 -1.272406
0.039777 -1.127594
0.117020 -1.291445
0.117020 -1.108555
0.187461 -1.328415
0.187461 -1.071585
0.247009 -1.381170
0.247009 -1.018830
0.292200 -1.446641
0.292200 -0.953359
0.320411 -1.521026
0.320411 -0.878974
0.330000 -0.800000
-0.800000 -4.800000
-0.000000 -4.800000
-0.800000 0.000000
-0.000000 0.000000
-0.000000 -0.628319
-0.800000 -0.628319
-0.000000 -0.724983
-0.800000 -0.724983
-0.000000 -0.821647
-0.800000 -0.821647
-0.000000 -0.918312
-0.800000 -0.918312
-0.000000 -1.014976
-0.800000 -1.014976
-0.000000 -1.111640
-0.800000 -1.111640
-0.000000 -1.208305
-0.800000 -1.208305
-0.000000 -1.304969
-0.800000 -1.304969
-0.000000 -1.401634
-0.800000 -1.401634
-0.000000 -1.498298
-0.800000 -1.498298
-0.000000 -1.594962
-0.800000 -1.594962
-0.000000 -1.691627
-0.800000 -1.691627
-0.000000 -1.788291
-0.800000 -1.788291
-0.000000 -1.884956
-0.800000 -1.884956
-0.000000 -0.800000
0.011623 -0.704274
-0.000000 0.000000
0.045818 -0.614111
0.100596 -0.534751
0.172774 -0.470806
0.258158 -0.425994
0.351785 -0.402916
0.800000 0.000000
0.448215 -0.402916
0.541842 -0.425994
0.800000 -0.400000
0.627226 -0.470806
0.699404 -0.534751
0.754182 -0.614111
0.788377 -0.704274
0.800000 -0.800000
1.000000 -0.400000
1.000000 0.000000
-0.095726 0.388377
-0.185889 0.354182
0.000000 0.400000
0.800000 0.400000
-0.265249 0.299404
-0.329194 0.227226
-0.374007 0.141842
4.576684 0.055043
4.596345 0.106886
-0.397084 0.048215
4.570000 0.000000
-0.397084 -0.048215
4.576684 -0.055043
-0.374007 -0.141842
4.596345 -0.106886
-0.329194 -0.227226
4.627842 -0.152518
-0.265249 -0.299404
0.000000 -0.400000
-0.185889 -0.354182
-0.095726 -0.388377
4.800000 -0.400000
4.718441 -0.215054
4.669345 -0.189286
4.895726 -0.388377
4.985889 -0.354182
4.772276 -0.228323
5.065249 -0.299404
4.827724 -0.228323
5.129194 -0.227226
4.881559 -0.215054
4.930655 -0.189286
5.174006 -0.141842
4.972157 -0.152518
5.003655 -0.106886
5.197083 -0.048215
5.023316 -0.055043
5.030000 0.000000
5.197083 0.048215
5.023316 0.055043
5.003655 0.106886
5.174006 0.141842
4.972157 0.152518
4.930655 0.189286
5.129194 0.227226
4.881559 0.215054
4.827724 0.228323
5.065249 0.299404
4.772276 0.228323
4.000000 0.400000
4.718441 0.215054
4.669345 0.189286
4.627842 0.152518
4.985889 0.354182
4.800000 0.400000
4.895726 0.388377
-0.089008 -0.389971
-1.600000 -0.300000
-0.000000 -0.400000
-2.500000 -0.300000
-4.800000 -0.400000
-2.600000 -0.300000
-3.500000 -0.300000
-1.500000 -0.300000
-0.173553 -0.360388
-0.600000 -0.300000
-0.249396 -0.312733
-0.312733 -0.249396
-0.360388 -0.173553
-0.389971 -0.089008
-0.400000 0.000000
-0.600000 0.300000
-0.400000 0.400000
-0.800000 0.400000
-4.000000 0.400000
-2.500000 0.300000
-1.600000 0.300000
-1.500000 0.300000
-4.800000 0.400000
-4.500000 0.300000
-3.600000 0.300000
-3.500000 0.300000
-3.600000 -0.300000
-4.500000 -0.300000
-4.895726 -0.388377
-4.985889 -0.354182
-5.065249 -0.299404
-4.772276 -0.228323
-4.827724 -0.228323
-4.895726 0.388377
-4.985889 0.354182
-5.065249 0.299404
-5.129194 0.227226
-4.827724 0.228323
-4.772276 0.228323
-4.718441 0.215054
-4.669345 0.189286
-5.174006 0.141842
-4.930655 0.189286
-4.881559 0.215054
-5.197083 0.048215
-5.003655 0.106886
-4.972157 0.152518
-5.197083 -0.048215
-5.030000 0.000000
-5.023316 0.055043
-5.174006 -0.141842
-5.003655 -0.106886
-5.023316 -0.055043
-5.129194 -0.227226
-4.930655 -0.189286
-4.972157 -0.152518
-4.881559 -0.215054
-4.627842 0.152518
-4.596345 0.106886
-4.576684 0.055043
-4.570000 0.000000
-4.576684 -0.055043
-4.596345 -0.106886
-4.627842 -0.152518
-4.669345 -0.189286
-4.718441 -0.215054
-2.600000 0.300000
-0.400000 -0.400000
-0.600000 -0.300000
-0.800000 -0.400000
-1.500000 -0.300000
-1.600000 -0.300000
-1.600000 0.300000
-1.500000 0.300000
-0.400000 0.400000
-0.600000 0.300000
-4.800000 0.400000
-2.600000 0.300000
-2.500000 0.300000
-4.895726 0.388377
-4.500000 0.300000
-3.600000 0.300000
-3.500000 0.300000
-3.500000 -0.300000
-3.600000 -0.300000
-4.000000 -0.400000
-4.500000 -0.300000
-4.800000 -0.400000
-4.895726 -0.388377
-4.985889 -0.354182
-5.065249 -0.299404
-4.772276 -0.228323
-4.827724 -0.228323
-4.985889 0.354182
-5.065249 0.299404
-4.772276 0.228323
-4.827724 0.228323
-5.129194 0.227226
-4.881559 0.215054
-4.930655 0.189286
-5.174006 0.141842
-4.972157 0.152518
-5.003655 0.106886
-5.197083 0.048215
-5.023316 0.055043
-5.030000 0.000000
-5.197083 -0.048215
-5.023316 -0.055043
-5.003655 -0.106886
-5.174006 -0.141842
-4.972157 -0.152518
-4.930655 -0.189286
-5.129194 -0.227226
-4.881559 -0.215054
-2.500000 -0.300000
-2.600000 -0.300000
-4.718441 0.215054
-4.669345 0.189286
-4.627842 0.152518
-4.596345 0.106886
-4.576684 0.055043
-4.570000 0.000000
-4.576684 -0.055043
-4.596345 -0.106886
-4.627842 -0.152518
-4.669345 -0.189286
-4.718441 -0.215054
-0.800000 0.000000
-0.000000 0.000000
-0.800000 0.089760
-0.000000 0.089760
-0.800000 0.179520
-0.000000 0.179520
-0.800000 0.269279
-0.000000 0.269279
-0.800000 0.359039
-0.000000 0.359039
-0.800000 0.448799
-0.000000 0.448799
-0.800000 0.538559
-0.000000 0.538559
-0.800000 0.628319
-0.000000 0.628319
-0.800000 -0.800000
-0.788377 -0.704274
-0.800000 -0.400000
-0.754182 -0.614111
-0.699404 -0.534751
-0.627226 -0.470806
-0.541842 -0.425994
-0.800000 0.000000
-0.448215 -0.402916
-0.351785 -0.402916
-0.000000 0.000000
-0.258158 -0.425994
-0.172774 -0.470806
-0.100596 -0.534751
-0.045818 -0.614111
-0.011623 -0.704274
-0.000000 -0.800000
-1.000000 0.000000
-1.000000 -0.400000
-0.000000 -0.628319
-0.800000 -0.628319
-0.000000 -0.724983
-0.800000 -0.724983
-0.000000 -0.821647
-0.800000 -0.821647
-0.000000 -0.918312
-0.800000 -0.918312
-0.000000 -1.014976
-0.800000 -1.014976
-0.000000 -1.111640
-0.800000 -1.111640
-0.000000 -1.208305
-0.800000 -1.208305
-0.000000 -1.304969
-0.800000 -1.304969
-0.000000 -1.401634
-0.800000 -1.401634
-0.000000 -1.498298
-0.800000 -1.498298
-0.000000 -1.594962
-0.800000 -1.594962
-0.000000 -1.691627
-0.800000 -1.691627
-0.000000 -1.788291
-0.800000 -1.788291
-0.000000 -1.884956
-0.800000 -1.884956
-0.000000 -4.800000
0.800000 -4.800000
-0.000000 -0.400000
0.800000 -0.400000
-0.000000 0.000000
0.800000 0.000000
14.715790 7.852632
14.315789 7.852632
14.715790 7.052631
14.315789 7.052631
14.226781 7.042603
14.226781 7.862660
14.142236 7.013019
14.142236 7.892244
14.066394 6.965364
14.066394 7.939899
14.003057 6.902028
14.003057 8.003236
13.955402 6.826185
13.955402 8.079078
13.925818 6.741640
13.925818 8.163623
13.915790 6.652632
13.915790 8.252631
0.800000 0.628319
1.000000 0.628319
0.800000 0.718078
1.000000 0.718078
0.800000 0.807838
1.000000 0.807838
0.800000 0.897598
1.000000 0.897598
0.800000 0.987358
1.000000 0.987358
0.800000 1.077117
1.000000 1.077117
0.800000 1.166877
1.000000 1.166877
0.800000 1.256637
1.000000 1.256637
-0.800000 -1.256637
-0.600000 -1.256637
-0.800000 -1.166877
-0.600000 -1.166877
-0.800000 -1.077117
-0.600000 -1.077117
-0.800000 -0.987358
-0.600000 -0.987358
-0.800000 -0.897598
-0.600000 -0.897598
-0.800000 -0.807838
-0.600000 -0.807838
-0.800000 -0.718078
-0.600000 -0.718078
-0.800000 -0.628319
-0.600000 -0.628319
2.352423 -1.021018
1.886054 -1.021018
2.354717 -1.053748
1.883761 -1.053748
2.361213 -1.086077
1.877265 -1.086077
1.854556 -1.149572
2.383922 -1.149572
1.824772 -1.211735
2.413706 -1.211735
1.793902 -1.272141
2.444576 -1.272141
2.473240 -1.333323
1.765238 -1.333323
1.740841 -1.398142
2.497637 -1.398142
1.724847 -1.464872
2.513630 -1.464872
1.720667 -1.498354
2.517811 -1.498354
2.519239 -1.531526
1.719239 -1.531526
2.517811 -1.564699
1.720667 -1.564699
1.724847 -1.598181
2.513630 -1.598181
1.740841 -1.664911
2.497637 -1.664911
1.765238 -1.729729
2.473240 -1.729729
2.444576 -1.790912
1.793902 -1.790912
1.824772 -1.851318
2.413706 -1.851318
1.854556 -1.913481
2.383922 -1.913481
1.877265 -1.976976
2.361213 -1.976976
2.354717 -2.009305
1.883761 -2.009305
2.352423 -2.042035
1.886054 -2.042035
5.552423 -1.021018
5.086054 -1.021018
5.554717 -1.053748
5.083761 -1.053748
5.561213 -1.086077
5.077265 -1.086077
5.054556 -1.149572
5.583922 -1.149572
5.024772 -1.211735
5.613706 -1.211735
4.993902 -1.272141
5.644576 -1.272141
5.673240 -1.333323
4.965238 -1.333323
4.940841 -1.398142
5.697637 -1.398142
4.924847 -1.464872
5.713631 -1.464872
4.920667 -1.498354
5.717811 -1.498354
5.719239 -1.531526
4.919239 -1.531526
5.717811 -1.564699
4.920667 -1.564699
4.924847 -1.598181
5.713631 -1.598181
4.940841 -1.664911
5.697637 -1.664911
4.965238 -1.729729
5.673240 -1.729729
5.644576 -1.790912
4.993902 -1.790912
5.024772 -1.851318
5.613706 -1.851318
5.054556 -1.913481
5.583922 -1.913481
5.077265 -1.976976
5.561213 -1.976976
5.554717 -2.009305
5.083761 -2.009305
5.552423 -2.042035
5.086054 -2.042035
-0.200000 -0.600000
-0.000000 -0.600000
-0.200000 0.000000
-0.000000 0.000000
-0.200000 0.900000
-0.000000 0.000000
-0.000000 0.900000
0.200000 0.000000
-0.000000 0.000000
0.200000 -0.600000
-0.000000 -0.600000
0.200000 0.900000
-0.000000 0.900000
0.200000 0.000000
-0.000000 0.000000
-18.815790 7.952631
-17.915789 7.952631
-18.815790 8.552631
-17.915789 8.552631
-0.200000 -0.600000
-0.000000 -0.600000
-0.200000 0.000000
-0.000000 0.000000
-0.200000 0.900000
-0.000000 0.000000
-0.000000 0.900000
0.200000 0.000000
-0.000000 0.000000
0.200000 -0.600000
-0.000000 -0.600000
0.200000 0.900000
-0.000000 0.900000
0.200000 0.000000
-0.000000 0.000000
-17.815790 7.952631
-16.915789 7.952631
-17.815790 8.552631
-16.915789 8.552631
-0.200000 -0.600000
-0.000000 -0.600000
-0.200000 0.000000
-0.000000 0.000000
-0.200000 0.900000
-0.000000 0.000000
-0.000000 0.900000
0.200000 0.000000
-0.000000 0.000000
0.200000 -0.600000
-0.000000 -0.600000
0.200000 0.900000
-0.000000 0.900000
0.200000 0.000000
-0.000000 0.000000
-16.815790 7.952631
-15.915790 7.952631
-16.815790 8.552631
-15.915790 8.552631
-0.200000 -0.600000
-0.000000 -0.600000
-0.200000 0.000000
-0.000000 0.000000
-0.200000 0.900000
-0.000000 0.000000
-0.000000 0.900000
0.200000 0.000000
-0.000000 0.000000
0.200000 -0.600000
-0.000000 -0.600000
0.200000 0.900000
-0.000000 0.900000
0.200000 0.000000
-0.000000 0.000000
-15.815789 7.952631
-14.915790 7.952631
-15.815789 8.552631
-14.915790 8.552631
-0.200000 -0.600000
-0.000000 -0.600000
-0.200000 0.000000
-0.000000 0.000000
-0.200000 0.900000
-0.000000 0.000000
-0.000000 0.900000
0.200000 0.000000
-0.000000 0.000000
0.200000 -0.600000
-0.000000 -0.600000
0.200000 0.900000
-0.000000 0.900000
0.200000 0.000000
-0.000000 0.000000
-18.815790 6.352632
-17.915789 6.352632
-18.815790 6.952631
-17.915789 6.952631
-0.200000 -0.600000
-0.000000 -0.600000
-0.200000 0.000000
-0.000000 0.000000
-0.200000 0.900000
-0.000000 0.000000
-0.000000 0.900000
0.200000 0.000000
-0.000000 0.000000
0.200000 -0.600000
-0.000000 -0.600000
0.200000 0.900000
-0.000000 0.900000
0.200000 0.000000
-0.000000 0.000000
-15.815789 6.352632
-14.915790 6.352632
-15.815789 6.952631
-14.915790 6.952631
-0.200000 -0.600000
-0.000000 -0.600000
-0.200000 0.000000
-0.000000 0.000000
-0.200000 0.900000
-0.000000 0.000000
-0.000000 0.900000
0.200000 0.000000
-0.000000 0.000000
0.200000 -0.600000
-0.000000 -0.600000
0.200000 0.900000
-0.000000 0.900000
0.200000 0.000000
-0.000000 0.000000
-16.815790 6.352632
-15.915790 6.352632
-16.815790 6.952631
-15.915790 6.952631
-0.200000 -0.600000
-0.000000 -0.600000
-0.200000 0.000000
-0.000000 0.000000
-0.200000 0.900000
-0.000000 0.000000
-0.000000 0.900000
0.200000 0.000000
-0.000000 0.000000
0.200000 -0.600000
-0.000000 -0.600000
0.200000 0.900000
-0.000000 0.900000
0.200000 0.000000
-0.000000 0.000000
-17.815790 6.352632
-16.915789 6.352632
-17.815790 6.952631
-16.915789 6.952631
0.800000 0.000000
0.800000 0.400000
-0.000000 0.000000
-0.000000 1.600000
0.800000 1.600000
-0.000000 -1.256637
-0.800000 -1.256637
-0.000000 -1.353301
-0.800000 -1.353301
-0.000000 -1.449966
-0.800000 -1.449966
-0.000000 -1.546630
-0.800000 -1.546630
-0.000000 -1.643295
-0.800000 -1.643295
-0.000000 -1.739959
-0.800000 -1.739959
-0.000000 -1.836623
-0.800000 -1.836623
-0.000000 -1.933288
-0.800000 -1.933288
-0.000000 -2.029952
-0.800000 -2.029952
-0.000000 -2.126616
-0.800000 -2.126616
-0.000000 -2.223281
-0.800000 -2.223281
-0.000000 -2.319945
-0.800000 -2.319945
-0.000000 -2.416610
-0.800000 -2.416610
-0.000000 -2.513274
-0.800000 -2.513274
-0.800000 0.000000
-0.000000 0.000000
-0.800000 1.600000
-0.000000 1.600000
0.400000 1.600000
0.388377 1.504274
0.400000 0.000000
0.330000 0.800000
0.320411 0.721026
0.320411 0.878974
0.354182 1.414111
0.292200 0.953359
0.299404 1.334751
0.247009 1.018830
0.227226 1.270806
0.187461 1.071585
0.141842 1.225994
0.117020 1.108555
0.048215 1.202917
0.039777 1.127594
-0.048215 1.202917
-0.039777 1.127594
-0.117020 1.108555
-0.141842 1.225994
-0.187461 1.071585
-0.227226 1.270806
-0.247009 1.018830
-0.299404 1.334751
-0.292200 0.953359
-0.354182 1.414111
-0.320411 0.878974
-0.388377 1.504274
-0.330000 0.800000
-0.400000 0.000000
-0.320411 0.721026
-0.292200 0.646641
-0.292200 0.153359
-0.247009 0.218830
-0.400000 1.600000
-0.388377 -0.095726
-0.330000 0.000000
-0.320411 0.078974
-0.320411 -0.078974
-0.354182 -0.185889
-0.292200 -0.153359
-0.299404 -0.265249
-0.247009 -0.218830
-0.227226 -0.329194
-0.187461 -0.271585
-0.141842 -0.374007
-0.117020 -0.308555
-0.048215 -0.397084
-0.039777 -0.327594
0.048215 -0.397084
0.039777 -0.327594
0.117020 -0.308555
0.141842 -0.374007
0.187461 -0.271585
0.227226 -0.329194
0.247009 -0.218830
0.299404 -0.265249
0.292200 -0.153359
0.354182 -0.185889
0.320411 -0.078974
0.388377 -0.095726
0.330000 0.000000
0.320411 0.078974
0.292200 0.153359
0.292200 0.646641
0.247009 0.218830
0.247009 0.581170
0.187461 0.528415
-0.187461 0.271585
-0.187461 0.528415
-0.247009 0.581170
-0.117020 0.491445
-0.117020 0.308555
-0.039777 0.472406
-0.039777 0.327594
0.039777 0.327594
0.039777 0.472406
0.117020 0.308555
0.117020 0.491445
0.187461 0.271585
1.450538 -0.722566
0.650538 -0.722566
1.450538 -0.778148
0.650538 -0.778148
1.450538 -0.833730
0.650538 -0.833730
1.450538 -0.889312
0.650538 -0.889312
1.450538 -0.944894
0.650538 -0.944894
1.450538 -1.000476
0.650538 -1.000476
1.450538 -1.056058
0.650538 -1.056058
1.450538 -1.111640
0.650538 -1.111640
1.450538 -1.167222
0.650538 -1.167222
1.450538 -1.222805
0.650538 -1.222805
1.450538 -1.278387
0.650538 -1.278387
1.450538 -1.333969
0.650538 -1.333969
1.450538 -1.389551
0.650538 -1.389551
1.450538 -1.445133
0.650538 -1.445133
1.450538 -0.722566
0.650538 -0.722566
1.450538 -0.778148
0.650538 -0.778148
1.450538 -0.833730
0.650538 -0.833730
1.450538 -0.889312
0.650538 -0.889312
1.450538 -0.944894
0.650538 -0.944894
1.450538 -1.000476
0.650538 -1.000476
1.450538 -1.056058
0.650538 -1.056058
1.450538 -1.111640
0.650538 -1.111640
1.450538 -1.167222
0.650538 -1.167222
1.450538 -1.222805
0.650538 -1.222805
1.450538 -1.278387
0.650538 -1.278387
1.450538 -1.333969
0.650538 -1.333969
1.450538 -1.389551
0.650538 -1.389551
1.450538 -1.445133
0.650538 -1.445133
-0.400000 -0.000000
-0.388377 0.095726
-0.400000 0.800000
-0.354182 0.185889
-0.292200 0.646641
-0.299404 0.265249
-0.247009 0.581170
-0.227226 0.329194
-0.187461 0.528415
-0.141842 0.374007
-0.117020 0.491445
-0.048215 0.397084
-0.039777 0.472406
0.048215 0.397084
0.039777 0.472406
0.117020 0.491445
0.141842 0.374007
0.187461 0.528415
0.227226 0.329194
0.247009 0.581170
0.299404 0.265249
0.292200 0.646641
0.354182 0.185889
0.400000 0.800000
0.388377 0.095726
0.400000 0.000000
0.388377 0.895726
0.330000 0.800000
0.320411 0.721026
0.320411 0.878974
0.354182 0.985889
0.292200 0.953359
0.299404 1.065249
0.247009 1.018830
0.227226 1.129194
0.187461 1.071585
0.141842 1.174006
0.117020 1.108555
0.048215 1.197084
0.039777 1.127594
-0.048215 1.197084
-0.039777 1.127594
-0.117020 1.108555
-0.141842 1.174006
-0.187461 1.071585
-0.227226 1.129194
-0.247009 1.018830
-0.299404 1.065249
-0.292200 0.953359
-0.354182 0.985889
-0.320411 0.878974
-0.388377 0.895726
-0.330000 0.800000
-0.320411 0.721026
-2.588854 -1.256637
-1.788854 -1.256637
-2.588854 -1.159973
-1.788854 -1.159973
-2.588854 -1.063308
-1.788854 -1.063308
-2.588854 -0.966644
-1.788854 -0.966644
-2.588854 -0.869980
-1.788854 -0.869980
-2.588854 -0.773315
-1.788854 -0.773315
-2.588854 -0.676651
-1.788854 -0.676651
-2.588854 -0.579986
-1.788854 -0.579986
-2.588854 -0.483322
-1.788854 -0.483322
-2.588854 -0.386658
-1.788854 -0.386658
-2.588854 -0.289993
-1.788854 -0.289993
-2.588854 -0.193329
-1.788854 -0.193329
-2.588854 -0.096664
-1.788854 -0.096664
-2.588854 0.000000
-1.788854 -0.000000
1.788854 0.000000
2.588854 0.000000
1.788854 0.800000
2.588854 0.800000
-2.588854 0.000000
-1.788854 0.000000
-2.588854 0.083776
-1.788854 0.096664
-2.588854 0.167552
-1.788854 0.193329
-2.588854 0.251327
-1.788854 0.289993
-2.588854 0.335103
-1.788854 0.386658
-2.588854 0.418879
-1.788854 0.483322
-2.588854 0.502655
-1.788854 0.579986
-2.588854 0.586431
-2.588854 0.670206
-1.788854 0.676651
-2.588854 0.753982
-1.788854 0.773315
-2.588854 0.837758
-1.788854 0.869980
-2.588854 0.921534
-1.788854 0.966644
-2.588854 1.005310
-1.788854 1.063308
-2.588854 1.089085
-1.788854 1.159973
-2.588854 1.172861
-1.788854 1.256637
-2.588854 1.256637
-1.788854 0.800000
-2.588854 0.800000
-1.788854 -0.000000
-2.588854 0.000000
-0.800000 -1.256637
-0.800000 -1.340413
-0.000000 -1.256637
-0.000000 -1.353301
-0.800000 -1.424189
-0.000000 -1.449966
-0.800000 -1.507964
-0.000000 -1.546630
-0.800000 -1.591740
-0.000000 -1.643295
-0.800000 -1.675516
-0.000000 -1.739959
-0.800000 -1.759292
-0.000000 -1.836623
-0.800000 -1.843068
-0.000000 -1.933288
-0.800000 -1.926844
-0.800000 -2.010619
-0.000000 -2.029952
-0.800000 -2.094395
-0.000000 -2.126616
-0.800000 -2.178171
-0.000000 -2.223281
-0.800000 -2.261947
-0.000000 -2.319945
-0.800000 -2.345722
-0.000000 -2.416610
-0.800000 -2.429498
-0.000000 -2.513274
-0.800000 -2.513274
-0.800000 -0.800000
-0.000000 -0.800000
-0.800000 0.000000
-0.000000 0.000000
-0.000000 0.000000
-0.800000 0.000000
-0.000000 -0.096664
-0.800000 -0.096664
-0.000000 -0.193329
-0.800000 -0.193329
-0.000000 -0.289993
-0.800000 -0.289993
-0.000000 -0.386658
-0.800000 -0.386658
-0.000000 -0.483322
-0.800000 -0.483322
-0.000000 -0.579986
-0.800000 -0.579986
-0.000000 -0.676651
-0.800000 -0.676651
-0.000000 -0.773315
-0.800000 -0.773315
-0.000000 -0.869980
-0.800000 -0.869980
-0.000000 -0.966644
-0.800000 -0.966644
-0.000000 -1.063308
-0.800000 -1.063308
-0.000000 -1.159973
-0.800000 -1.159973
-0.000000 -1.256637
-0.800000 -1.256637
0.800000 0.000000
-0.000000 0.000000
0.800000 -0.800000
-0.000000 -0.800000
0.388377 0.095726
0.330000 0.000000
0.400000 0.000000
0.320411 -0.078974
0.292200 -0.153359
0.320411 0.078974
0.354182 0.185889
0.292200 0.153359
0.299404 0.265249
0.247009 0.218830
0.227226 0.329194
0.187461 0.271585
0.141842 0.374007
0.117020 0.308555
0.048215 0.397084
0.039777 0.327594
-0.048215 0.397084
-0.039777 0.327594
-0.117020 0.308555
-0.141842 0.374007
-0.187461 0.271585
-0.227226 0.329194
-0.247009 0.218830
-0.299404 0.265249
-0.292200 0.153359
-0.354182 0.185889
-0.320411 0.078974
-0.388377 0.095726
-0.330000 0.000000
-0.400000 0.000000
-0.320411 -0.078974
-0.292200 -0.153359
-0.400000 -0.800000
-0.292200 -0.646641
-0.320411 -0.721026
-0.330000 -0.800000
-0.388377 -0.895726
-0.320411 -0.878974
-0.354182 -0.985889
-0.292200 -0.953359
-0.299404 -1.065249
-0.247009 -1.018830
-0.227226 -1.129194
-0.187461 -1.071585
-0.141842 -1.174006
-0.117020 -1.108555
-0.048215 -1.197084
-0.039777 -1.127594
0.048215 -1.197084
0.039777 -1.127594
0.117020 -1.108555
0.141842 -1.174006
0.187461 -1.071585
0.227226 -1.129194
0.247009 -1.018830
0.299404 -1.065249
0.292200 -0.953359
0.354182 -0.985889
0.320411 -0.878974
0.388377 -0.895726
0.330000 -0.800000
0.400000 -0.800000
0.320411 -0.721026
0.292200 -0.646641
0.247009 -0.581170
0.247009 -0.218830
0.187461 -0.271585
-0.247009 -0.581170
-0.247009 -0.218830
-0.187461 -0.271585
-0.187461 -0.528415
-0.117020 -0.308555
-0.117020 -0.491445
-0.039777 -0.327594
-0.039777 -0.472406
0.039777 -0.472406
0.039777 -0.327594
0.117020 -0.491445
0.117020 -0.308555
0.187461 -0.528415
-0.400000 -1.540724
-0.400000 -1.653690
-0.323711 -1.575227
-0.323607 -1.619677
-0.241864 -1.592875
-0.241811 -1.602291
-0.158189 -1.602291
-0.158136 -1.592875
-0.076393 -1.619677
-0.076289 -1.575227
-0.000000 -1.653690
-0.000000 -1.540724
-0.000000 -1.540724
-0.800000 -1.540724
-0.000000 -1.653690
-0.800000 -1.653690
-0.000000 -2.000100
-0.800000 -2.000100
-0.000000 -1.540724
-0.000000 -1.653690
0.076289 -1.575227
0.076393 -1.619677
0.158136 -1.592875
0.158189 -1.602291
0.241811 -1.602291
0.241864 -1.592875
0.323607 -1.619677
0.323711 -1.575227
0.400000 -1.653690
0.400000 -1.540724
0.800000 -1.540724
-0.000000 -1.540724
0.800000 -1.653690
-0.000000 -1.653690
0.800000 -2.000100
-0.000000 -2.000100
-2.400000 0.000000
-2.400000 -0.097337
-0.000000 0.000000
-0.000000 -0.097337
-2.400000 -0.194674
-0.000000 -0.194674
-2.400000 -0.292011
-0.000000 -0.292011
-2.400000 -0.389347
-0.000000 -0.389347
-0.800000 -0.410750
-0.000000 -0.486684
-0.800000 -0.494636
-0.000000 -0.584021
-0.800000 -0.578522
-0.800000 -0.662407
-1.600000 -0.410750
-2.400000 -0.486684
-1.600000 -0.494636
-2.400000 -0.584021
-1.600000 -0.578522
-1.600000 -0.662407
-2.400000 -0.681358
-1.600000 -0.746293
-2.400000 -0.778695
-1.600000 -0.830179
-2.400000 -0.876032
-0.800000 -0.830179
-0.000000 -0.876032
-0.000000 -0.778695
-2.400000 -0.973368
-0.000000 -0.973368
-2.400000 -1.070705
-0.000000 -1.070705
-2.400000 -1.168042
-0.000000 -1.168042
-2.400000 -1.265379
0.000000 -1.265379
-0.000000 1.216479
-2.400000 1.216479
-2.400000 1.119142
-0.000000 1.119142
-2.400000 1.021805
-0.000000 1.021805
-2.400000 0.924469
-0.000000 0.924469
-2.400000 0.827132
-0.000000 0.827132
-2.400000 0.729795
-0.000000 0.729795
-2.400000 0.632458
-0.000000 0.632458
-2.400000 0.535121
-0.000000 0.535121
-2.400000 0.437784
-0.000000 0.437784
-2.400000 0.340448
-0.000000 0.340448
-0.800000 -0.746293
-0.000000 -0.681358
-0.000000 1.521192
-2.400000 1.521192
-0.000000 1.216954
-2.400000 1.216954
-0.000000 0.912715
-2.400000 0.912715
-0.000000 0.608477
-2.400000 0.608477
-0.000000 0.304238
-2.400000 0.304238
-0.000000 0.000000
-2.400000 0.000000
0.000000 0.303011
2.400000 0.303011
0.000000 0.578446
2.400000 0.578446
0.000000 0.853881
2.400000 0.853881
0.000000 1.129315
2.400000 1.129315
0.000000 1.404750
2.400000 1.404750
0.100000 2.400000
0.000000 2.400000
0.100000 0.000000
0.000000 0.000000
-0.476864 1.108144
-0.516392 1.200000
-0.715301 0.971456
-0.779394 1.048430
-0.916612 0.784350
-1.000316 0.840255
-1.070351 0.556535
-1.167231 0.586714
-1.168538 0.299835
-1.271126 0.301496
-1.203593 0.153359
-1.231803 0.078974
-1.306392 0.000000
-1.241392 0.000000
-1.294460 -0.096355
-1.231803 -0.078974
-1.259384 -0.186888
-1.203593 -0.153359
-1.203283 -0.266130
-1.158401 -0.218830
-1.129546 -0.329293
-1.098854 -0.271585
-1.042630 -0.372561
-1.028412 -0.308555
-0.951169 -0.327594
-0.947784 -0.393320
-0.871615 -0.327594
-0.850740 -0.390316
-0.794373 -0.308555
-0.757360 -0.363729
-0.723931 -0.271585
-0.673287 -0.315168
-0.664384 -0.218830
-0.603599 -0.247564
-0.619192 -0.153359
-0.552507 -0.165004
-0.590982 -0.078974
-0.523098 -0.072474
-0.581392 0.000000
-0.517149 0.024434
-0.590982 0.078974
-0.535019 0.119866
-0.575628 0.208056
-0.619192 0.153359
-0.636524 0.283676
-0.664384 0.218830
-0.714026 0.342157
-0.723931 0.271585
-0.794373 0.308555
-0.803453 0.379966
-0.871615 0.327594
-0.899401 0.394818
-0.951169 0.327594
-0.996073 0.385816
-1.028412 0.308555
-1.087630 0.353505
-1.098854 0.271585
-1.158401 0.218830
1.271126 0.301496
1.231803 0.078974
1.306392 0.000000
1.241392 0.000000
1.294460 -0.096355
1.231803 -0.078974
1.259384 -0.186888
1.203593 -0.153359
1.203283 -0.266130
1.158401 -0.218830
1.129546 -0.329293
1.098854 -0.271585
1.042630 -0.372561
1.028412 -0.308555
0.951169 -0.327594
1.167231 0.586714
1.168538 0.299835
1.203593 0.153359
1.070351 0.556535
1.000316 0.840255
0.916612 0.784350
0.779394 1.048430
0.715301 0.971456
0.516392 1.200000
0.476864 1.108144
1.087630 0.353505
1.098854 0.271585
1.158401 0.218830
1.028412 0.308555
0.996073 0.385816
0.951169 0.327594
0.899401 0.394818
0.871615 0.327594
0.803453 0.379966
0.794373 0.308555
0.714026 0.342157
0.723931 0.271585
0.664384 0.218830
0.636524 0.283676
0.619192 0.153359
0.575628 0.208056
0.590982 0.078974
0.535019 0.119866
0.517149 0.024434
0.581392 0.000000
0.523098 -0.072474
0.590982 -0.078974
0.552507 -0.165004
0.619192 -0.153359
0.603599 -0.247564
0.664384 -0.218830
0.673287 -0.315168
0.723931 -0.271585
0.757360 -0.363729
0.794373 -0.308555
0.850740 -0.390316
0.871615 -0.327594
0.947784 -0.393320
0.320411 0.078974
0.223317 0.055043
0.330000 0.000000
0.230000 0.000000
0.223317 -0.055043
0.203655 0.106886
0.292200 0.153359
0.172157 0.152518
0.247009 0.218830
0.130655 0.189286
0.187461 0.271585
0.081559 0.215054
0.117020 0.308555
0.027723 0.228323
0.039777 0.327594
-0.039777 0.327594
-0.027723 0.228323
-0.117020 0.308555
-0.081559 0.215054
-0.187461 0.271585
-0.130655 0.189286
-0.247009 0.218830
-0.172157 0.152518
-0.292200 0.153359
-0.203655 0.106886
-0.320411 0.078974
-0.223317 0.055043
-0.330000 0.000000
-0.230000 0.000000
-0.223317 -0.055043
-0.320411 -0.078974
-0.203655 -0.106886
-0.292200 -0.153359
-0.172157 -0.152518
-0.247009 -0.218830
-0.130655 -0.189286
-0.187461 -0.271585
-0.081559 -0.215054
-0.117020 -0.308555
-0.027723 -0.228323
-0.039777 -0.327594
0.039777 -0.327594
0.027723 -0.228323
0.117020 -0.308555
0.081559 -0.215054
0.187461 -0.271585
0.130655 -0.189286
0.247009 -0.218830
0.172157 -0.152518
0.292200 -0.153359
0.203655 -0.106886
0.320411 -0.078974
0.080000 -1.036726
0.000000 -1.036726
0.080000 -1.116474
0.000000 -1.116474
0.080000 -1.196222
0.000000 -1.196222
0.080000 -1.275970
0.000000 -1.275970
0.080000 -1.355718
0.000000 -1.355718
0.080000 -1.435466
0.000000 -1.435466
0.080000 -1.515214
0.000000 -1.515214
0.080000 -1.594962
0.000000 -1.594962
0.080000 -1.674711
0.000000 -1.674711
0.080000 -1.754459
0.000000 -1.754459
0.080000 -1.834207
0.000000 -1.834207
0.080000 -1.913955
0.000000 -1.913955
0.080000 -1.993703
0.000000 -1.993703
0.080000 -2.073451
0.000000 -2.073451
0.320411 0.078974
0.223317 0.055043
0.330000 0.000000
0.230000 0.000000
0.223317 -0.055043
0.203655 0.106886
0.292200 0.153359
0.172157 0.152518
0.247009 0.218830
0.130655 0.189286
0.187461 0.271585
0.081559 0.215054
0.117020 0.308555
0.027723 0.228323
0.039777 0.327594
-0.039777 0.327594
-0.027723 0.228323
-0.117020 0.308555
-0.081559 0.215054
-0.187461 0.271585
-0.130655 0.189286
-0.247009 0.218830
-0.172157 0.152518
-0.292200 0.153359
-0.203655 0.106886
-0.320411 0.078974
-0.223317 0.055043
-0.330000 0.000000
-0.230000 0.000000
-0.223317 -0.055043
-0.320411 -0.078974
-0.203655 -0.106886
-0.292200 -0.153359
-0.172157 -0.152518
-0.247009 -0.218830
-0.130655 -0.189286
-0.187461 -0.271585
-0.081559 -0.215054
-0.117020 -0.308555
-0.027723 -0.228323
-0.039777 -0.327594
0.039777 -0.327594
0.027723 -0.228323
0.117020 -0.308555
0.081559 -0.215054
0.187461 -0.271585
0.130655 -0.189286
0.247009 -0.218830
0.172157 -0.152518
0.292200 -0.153359
0.203655 -0.106886
0.320411 -0.078974
0.080000 -1.036726
0.000000 -1.036726
0.080000 -1.116474
0.000000 -1.116474
0.080000 -1.196222
0.000000 -1.196222
0.080000 -1.275970
0.000000 -1.275970
0.080000 -1.355718
0.000000 -1.355718
0.080000 -1.435466
0.000000 -1.435466
0.080000 -1.515214
0.000000 -1.515214
0.080000 -1.594962
0.000000 -1.594962
0.080000 -1.674711
0.000000 -1.674711
0.080000 -1.754459
0.000000 -1.754459
0.080000 -1.834207
0.000000 -1.834207
0.080000 -1.913955
0.000000 -1.913955
0.080000 -1.993703
0.000000 -1.993703
0.080000 -2.073451
0.000000 -2.073451
0.320411 0.078974
0.223317 0.055043
0.330000 0.000000
0.230000 0.000000
0.223317 -0.055043
0.203655 0.106886
0.292200 0.153359
0.172157 0.152518
0.247009 0.218830
0.130655 0.189286
0.187461 0.271585
0.081559 0.215054
0.117020 0.308555
0.027723 0.228323
0.039777 0.327594
-0.039777 0.327594
-0.027723 0.228323
-0.117020 0.308555
-0.081559 0.215054
-0.187461 0.271585
-0.130655 0.189286
-0.247009 0.218830
-0.172157 0.152518
-0.292200 0.153359
-0.203655 0.106886
-0.320411 0.078974
-0.223317 0.055043
-0.330000 0.000000
-0.230000 0.000000
-0.223317 -0.055043
-0.320411 -0.078974
-0.203655 -0.106886
-0.292200 -0.153359
-0.172157 -0.152518
-0.247009 -0.218830
-0.130655 -0.189286
-0.187461 -0.271585
-0.081559 -0.215054
-0.117020 -0.308555
-0.027723 -0.228323
-0.039777 -0.327594
0.039777 -0.327594
0.027723 -0.228323
0.117020 -0.308555
0.081559 -0.215054
0.187461 -0.271585
0.130655 -0.189286
0.247009 -0.218830
0.172157 -0.152518
0.292200 -0.153359
0.203655 -0.106886
0.320411 -0.078974
0.080000 -1.036726
0.000000 -1.036726
0.080000 -1.116474
0.000000 -1.116474
0.080000 -1.196222
0.000000 -1.196222
0.080000 -1.275970
0.000000 -1.275970
0.080000 -1.355718
0.000000 -1.355718
0.080000 -1.435466
0.000000 -1.435466
0.080000 -1.515214
0.000000 -1.515214
0.080000 -1.594962
0.000000 -1.594962
0.080000 -1.674711
0.000000 -1.674711
0.080000 -1.754459
0.000000 -1.754459
0.080000 -1.834207
0.000000 -1.834207
0.080000 -1.913955
0.000000 -1.913955
0.080000 -1.993703
0.000000 -1.993703
0.080000 -2.073451
0.000000 -2.073451
0.320411 0.078974
0.223317 0.055043
0.330000 0.000000
0.230000 0.000000
0.223317 -0.055043
0.203655 0.106886
0.292200 0.153359
0.172157 0.152518
0.247009 0.218830
0.130655 0.189286
0.187461 0.271585
0.081559 0.215054
0.117020 0.308555
0.027723 0.228323
0.039777 0.327594
-0.039777 0.327594
-0.027723 0.228323
-0.117020 0.308555
-0.081559 0.215054
-0.187461 0.271585
-0.130655 0.189286
-0.247009 0.218830
-0.172157 0.152518
-0.292200 0.153359
-0.203655 0.106886
-0.320411 0.078974
-0.223317 0.055043
-0.330000 0.000000
-0.230000 0.000000
-0.223317 -0.055043
-0.320411 -0.078974
-0.203655 -0.106886
-0.292200 -0.153359
-0.172157 -0.152518
-0.247009 -0.218830
-0.130655 -0.189286
-0.187461 -0.271585
-0.081559 -0.215054
-0.117020 -0.308555
-0.027723 -0.228323
-0.039777 -0.327594
0.039777 -0.327594
0.027723 -0.228323
0.117020 -0.308555
0.081559 -0.215054
0.187461 -0.271585
0.130655 -0.189286
0.247009 -0.218830
0.172157 -0.152518
0.292200 -0.153359
0.203655 -0.106886
0.320411 -0.078974
0.080000 -1.036726
0.000000 -1.036726
0.080000 -1.116474
0.000000 -1.116474
0.080000 -1.196222
0.000000 -1.196222
0.080000 -1.275970
0.000000 -1.275970
0.080000 -1.355718
0.000000 -1.355718
0.080000 -1.435466
0.000000 -1.435466
0.080000 -1.515214
0.000000 -1.515214
0.080000 -1.594962
0.000000 -1.594962
0.080000 -1.674711
0.000000 -1.674711
0.080000 -1.754459
0.000000 -1.754459
0.080000 -1.834207
0.000000 -1.834207
0.080000 -1.913955
0.000000 -1.913955
0.080000 -1.993703
0.000000 -1.993703
0.080000 -2.073451
0.000000 -2.073451
0.223317 0.055043
-0.223317 0.055043
0.230000 0.000000
-0.230000 0.000000
0.223317 -0.055043
-0.223317 -0.055043
0.203655 -0.106886
-0.203655 -0.106886
0.172157 -0.152518
-0.172157 -0.152518
0.130655 -0.189286
-0.130655 -0.189286
0.081559 -0.215054
-0.081559 -0.215054
0.027723 -0.228323
-0.027723 -0.228323
-0.203655 0.106886
0.203655 0.106886
-0.172157 0.152518
0.172157 0.152518
-0.130655 0.189286
0.130655 0.189286
-0.081559 0.215054
0.081559 0.215054
-0.027723 0.228323
0.027723 0.228323
0.720000 -0.722566
0.000000 -0.722566
0.720000 -0.778148
0.000000 -0.778148
0.720000 -0.833730
0.000000 -0.833730
0.720000 -0.889312
0.000000 -0.889312
0.720000 -0.944894
0.000000 -0.944894
0.720000 -1.000476
0.000000 -1.000476
0.720000 -1.056058
0.000000 -1.056058
0.720000 -1.111640
0.000000 -1.111640
0.720000 -1.167222
0.000000 -1.167222
0.720000 -1.222805
0.000000 -1.222805
0.720000 -1.278387
0.000000 -1.278387
0.720000 -1.333969
0.000000 -1.333969
0.720000 -1.389551
0.000000 -1.389551
0.720000 -1.445133
0.000000 -1.445133
0.223317 0.055043
-0.223317 0.055043
0.230000 0.000000
-0.230000 0.000000
0.223317 -0.055043
-0.223317 -0.055043
0.203655 -0.106886
-0.203655 -0.106886
0.172157 -0.152518
-0.172157 -0.152518
0.130655 -0.189286
-0.130655 -0.189286
0.081559 -0.215054
-0.081559 -0.215054
0.027723 -0.228323
-0.027723 -0.228323
-0.203655 0.106886
0.203655 0.106886
-0.172157 0.152518
0.172157 0.152518
-0.130655 0.189286
0.130655 0.189286
-0.081559 0.215054
0.081559 0.215054
-0.027723 0.228323
0.027723 0.228323
0.720000 -0.722566
0.000000 -0.722566
0.720000 -0.778148
0.000000 -0.778148
0.720000 -0.833730
0.000000 -0.833730
0.720000 -0.889312
0.000000 -0.889312
0.720000 -0.944894
0.000000 -0.944894
0.720000 -1.000476
0.000000 -1.000476
0.720000 -1.056058
0.000000 -1.056058
0.720000 -1.111640
0.000000 -1.111640
0.720000 -1.167222
0.000000 -1.167222
0.720000 -1.222805
0.000000 -1.222805
0.720000 -1.278387
0.000000 -1.278387
0.720000 -1.333969
0.000000 -1.333969
0.720000 -1.389551
0.000000 -1.389551
0.720000 -1.445133
0.000000 -1.445133
0.223317 0.055043
-0.223317 0.055043
0.230000 0.000000
-0.230000 0.000000
0.223317 -0.055043
-0.223317 -0.055043
0.203655 -0.106886
-0.203655 -0.106886
0.172157 -0.152518
-0.172157 -0.152518
0.130655 -0.189286
-0.130655 -0.189286
0.081559 -0.215054
-0.081559 -0.215054
0.027723 -0.228323
-0.027723 -0.228323
-0.203655 0.106886
0.203655 0.106886
-0.172157 0.152518
0.172157 0.152518
-0.130655 0.189286
0.130655 0.189286
-0.081559 0.215054
0.081559 0.215054
-0.027723 0.228323
0.027723 0.228323
0.720000 -0.722566
0.000000 -0.722566
0.720000 -0.778148
0.000000 -0.778148
0.720000 -0.833730
0.000000 -0.833730
0.720000 -0.889312
0.000000 -0.889312
0.720000 -0.944894
0.000000 -0.944894
0.720000 -1.000476
0.000000 -1.000476
0.720000 -1.056058
0.000000 -1.056058
0.720000 -1.111640
0.000000 -1.111640
0.720000 -1.167222
0.000000 -1.167222
0.720000 -1.222805
0.000000 -1.222805
0.720000 -1.278387
0.000000 -1.278387
0.720000 -1.333969
0.000000 -1.333969
0.720000 -1.389551
0.000000 -1.389551
0.720000 -1.445133
0.000000 -1.445133
0.320411 0.078974
0.223317 0.055043
0.330000 0.000000
0.230000 0.000000
0.223317 -0.055043
0.203655 0.106886
0.292200 0.153359
0.172157 0.152518
0.247009 0.218830
0.130655 0.189286
0.187461 0.271585
0.081559 0.215054
0.117020 0.308555
0.027723 0.228323
0.039777 0.327594
-0.039777 0.327594
-0.027723 0.228323
-0.117020 0.308555
-0.081559 0.215054
-0.187461 0.271585
-0.130655 0.189286
-0.247009 0.218830
-0.172157 0.152518
-0.292200 0.153359
-0.203655 0.106886
-0.320411 0.078974
-0.223317 0.055043
-0.330000 0.000000
-0.230000 0.000000
-0.223317 -0.055043
-0.320411 -0.078974
-0.203655 -0.106886
-0.292200 -0.153359
-0.172157 -0.152518
-0.247009 -0.218830
-0.130655 -0.189286
-0.187461 -0.271585
-0.081559 -0.215054
-0.117020 -0.308555
-0.027723 -0.228323
-0.039777 -0.327594
0.039777 -0.327594
0.027723 -0.228323
0.117020 -0.308555
0.081559 -0.215054
0.187461 -0.271585
0.130655 -0.189286
0.247009 -0.218830
0.172157 -0.152518
0.292200 -0.153359
0.203655 -0.106886
0.320411 -0.078974
0.080000 -1.036726
0.000000 -1.036726
0.080000 -1.116474
0.000000 -1.116474
0.080000 -1.196222
-0.000000 -1.196222
0.080000 -1.275970
0.000000 -1.275970
0.080000 -1.355718
-0.000000 -1.355718
0.080000 -1.435466
-0.000000 -1.435466
0.080000 -1.515214
-0.000000 -1.515214
0.080000 -1.594962
0.000000 -1.594962
0.080000 -1.674711
0.000000 -1.674711
0.080000 -1.754459
0.000000 -1.754459
0.080000 -1.834207
0.000000 -1.834207
0.080000 -1.913955
0.000000 -1.913955
0.080000 -1.993703
0.000000 -1.993703
0.080000 -2.073451
0.000000 -2.073451
0.320411 0.078974
0.223317 0.055043
0.330000 0.000000
0.230000 0.000000
0.223317 -0.055043
0.203655 0.106886
0.292200 0.153359
0.172157 0.152518
0.247009 0.218830
0.130655 0.189286
0.187461 0.271585
0.081559 0.215054
0.117020 0.308555
0.027723 0.228323
0.039777 0.327594
-0.039777 0.327594
-0.027723 0.228323
-0.117020 0.308555
-0.081559 0.215054
-0.187461 0.271585
-0.130655 0.189286
-0.247009 0.218830
-0.172157 0.152518
-0.292200 0.153359
-0.203655 0.106886
-0.320411 0.078974
-0.223317 0.055043
-0.330000 0.000000
-0.230000 0.000000
-0.223317 -0.055043
-0.320411 -0.078974
-0.203655 -0.106886
-0.292200 -0.153359
-0.172157 -0.152518
-0.247009 -0.218830
-0.130655 -0.189286
-0.187461 -0.271585
-0.081559 -0.215054
-0.117020 -0.308555
-0.027723 -0.228323
-0.039777 -0.327594
0.039777 -0.327594
0.027723 -0.228323
0.117020 -0.308555
0.081559 -0.215054
0.187461 -0.271585
0.130655 -0.189286
0.247009 -0.218830
0.172157 -0.152518
0.292200 -0.153359
0.203655 -0.106886
0.320411 -0.078974
0.080000 -1.036726
0.000000 -1.036726
0.080000 -1.116474
0.000000 -1.116474
0.080000 -1.196222
-0.000000 -1.196222
0.080000 -1.275970
0.000000 -1.275970
0.080000 -1.355718
-0.000000 -1.355718
0.080000 -1.435466
-0.000000 -1.435466
0.080000 -1.515214
-0.000000 -1.515214
0.080000 -1.594962
0.000000 -1.594962
0.080000 -1.674711
0.000000 -1.674711
0.080000 -1.754459
0.000000 -1.754459
0.080000 -1.834207
0.000000 -1.834207
0.080000 -1.913955
0.000000 -1.913955
0.080000 -1.993703
0.000000 -1.993703
0.080000 -2.073451
0.000000 -2.073451
-0.223317 -0.055043
0.223317 -0.055043
-0.230000 0.000000
0.230000 0.000000
-0.223317 0.055043
0.223317 0.055043
-0.203655 0.106886
0.203655 0.106886
-0.172157 0.152518
0.172157 0.152518
-0.130655 0.189286
0.130655 0.189286
-0.081559 0.215054
0.081559 0.215054
-0.027723 0.228323
0.027723 0.228323
0.203655 -0.106886
-0.203655 -0.106886
0.172157 -0.152518
-0.172157 -0.152518
0.130655 -0.189286
-0.130655 -0.189286
0.081559 -0.215054
-0.081559 -0.215054
0.027723 -0.228323
-0.027723 -0.228323
1.370538 -0.722566
0.650538 -0.722566
1.370538 -0.778148
0.650538 -0.778148
1.370538 -0.833730
0.650538 -0.833730
1.370538 -0.889312
0.650538 -0.889312
1.370538 -0.944894
0.650538 -0.944894
1.370538 -1.000476
0.650538 -1.000476
1.370538 -1.056058
0.650538 -1.056058
1.370538 -1.111640
0.650538 -1.111640
1.370538 -1.167222
0.650538 -1.167222
1.370538 -1.222805
0.650538 -1.222805
1.370538 -1.278387
0.650538 -1.278387
1.370538 -1.333969
0.650538 -1.333969
1.370538 -1.389551
0.650538 -1.389551
1.370538 -1.445133
0.650538 -1.445133
0.320411 0.078974
0.223317 0.055043
0.330000 0.000000
0.230000 0.000000
0.223317 -0.055043
0.203655 0.106886
0.292200 0.153359
0.172157 0.152518
0.247009 0.218830
0.130655 0.189286
0.187461 0.271585
0.081559 0.215054
0.117020 0.308555
0.027723 0.228323
0.039777 0.327594
-0.039777 0.327594
-0.027723 0.228323
-0.117020 0.308555
-0.081559 0.215054
-0.187461 0.271585
-0.130655 0.189286
-0.247009 0.218830
-0.172157 0.152518
-0.292200 0.153359
-0.203655 0.106886
-0.320411 0.078974
-0.223317 0.055043
-0.330000 0.000000
-0.230000 0.000000
-0.223317 -0.055043
-0.320411 -0.078974
-0.203655 -0.106886
-0.292200 -0.153359
-0.172157 -0.152518
-0.247009 -0.218830
-0.130655 -0.189286
-0.187461 -0.271585
-0.081559 -0.215054
-0.117020 -0.308555
-0.027723 -0.228323
-0.039777 -0.327594
0.039777 -0.327594
0.027723 -0.228323
0.117020 -0.308555
0.081559 -0.215054
0.187461 -0.271585
0.130655 -0.189286
0.247009 -0.218830
0.172157 -0.152518
0.292200 -0.153359
0.203655 -0.106886
0.320411 -0.078974
0.080000 -1.036726
-0.000000 -1.036726
0.080000 -1.116474
0.000000 -1.116474
0.080000 -1.196222
-0.000000 -1.196222
0.080000 -1.275970
0.000000 -1.275970
0.080000 -1.355718
-0.000000 -1.355718
0.080000 -1.435466
-0.000000 -1.435466
0.080000 -1.515214
-0.000000 -1.515214
0.080000 -1.594962
0.000000 -1.594962
0.080000 -1.674711
0.000000 -1.674711
0.080000 -1.754459
0.000000 -1.754459
0.080000 -1.834207
0.000000 -1.834207
0.080000 -1.913955
0.000000 -1.913955
0.080000 -1.993703
0.000000 -1.993703
0.080000 -2.073451
0.000000 -2.073451
0.320411 0.078974
0.223317 0.055043
0.330000 0.000000
0.230000 0.000000
0.223317 -0.055043
0.203655 0.106886
0.292200 0.153359
0.172157 0.152518
0.247009 0.218830
0.130655 0.189286
0.187461 0.271585
0.081559 0.215054
0.117020 0.308555
0.027723 0.228323
0.039777 0.327594
-0.039777 0.327594
-0.027723 0.228323
-0.117020 0.308555
-0.081559 0.215054
-0.187461 0.271585
-0.130655 0.189286
-0.247009 0.218830
-0.172157 0.152518
-0.292200 0.153359
-0.203655 0.106886
-0.320411 0.078974
-0.223317 0.055043
-0.330000 0.000000
-0.230000 0.000000
-0.223317 -0.055043
-0.320411 -0.078974
-0.203655 -0.106886
-0.292200 -0.153359
-0.172157 -0.152518
-0.247009 -0.218830
-0.130655 -0.189286
-0.187461 -0.271585
-0.081559 -0.215054
-0.117020 -0.308555
-0.027723 -0.228323
-0.039777 -0.327594
0.039777 -0.327594
0.027723 -0.228323
0.117020 -0.308555
0.081559 -0.215054
0.187461 -0.271585
0.130655 -0.189286
0.247009 -0.218830
0.172157 -0.152518
0.292200 -0.153359
0.203655 -0.106886
0.320411 -0.078974
0.080000 -1.036726
-0.000000 -1.036726
0.080000 -1.116474
0.000000 -1.116474
0.080000 -1.196222
-0.000000 -1.196222
0.080000 -1.275970
0.000000 -1.275970
0.080000 -1.355718
-0.000000 -1.355718
0.080000 -1.435466
-0.000000 -1.435466
0.080000 -1.515214
-0.000000 -1.515214
0.080000 -1.594962
0.000000 -1.594962
0.080000 -1.674711
0.000000 -1.674711
0.080000 -1.754459
0.000000 -1.754459
0.080000 -1.834207
0.000000 -1.834207
0.080000 -1.913955
0.000000 -1.913955
0.080000 -1.993703
0.000000 -1.993703
0.080000 -2.073451
0.000000 -2.073451
0.320411 0.078974
0.223317 0.055043
0.330000 0.000000
0.230000 0.000000
0.223317 -0.055043
0.203655 0.106886
0.292200 0.153359
0.172157 0.152518
0.247009 0.218830
0.130655 0.189286
0.187461 0.271585
0.081559 0.215054
0.117020 0.308555
0.027723 0.228323
0.039777 0.327594
-0.039777 0.327594
-0.027723 0.228323
-0.117020 0.308555
-0.081559 0.215054
-0.187461 0.271585
-0.130655 0.189286
-0.247009 0.218830
-0.172157 0.152518
-0.292200 0.153359
-0.203655 0.106886
-0.320411 0.078974
-0.223317 0.055043
-0.330000 0.000000
-0.230000 0.000000
-0.223317 -0.055043
-0.320411 -0.078974
-0.203655 -0.106886
-0.292200 -0.153359
-0.172157 -0.152518
-0.247009 -0.218830
-0.130655 -0.189286
-0.187461 -0.271585
-0.081559 -0.215054
-0.117020 -0.308555
-0.027723 -0.228323
-0.039777 -0.327594
0.039777 -0.327594
0.027723 -0.228323
0.117020 -0.308555
0.081559 -0.215054
0.187461 -0.271585
0.130655 -0.189286
0.247009 -0.218830
0.172157 -0.152518
0.292200 -0.153359
0.203655 -0.106886
0.320411 -0.078974
0.080000 -1.036726
0.000000 -1.036726
0.080000 -1.116474
0.000000 -1.116474
0.080000 -1.196222
-0.000000 -1.196222
0.080000 -1.275970
0.000000 -1.275970
0.080000 -1.355718
-0.000000 -1.355718
0.080000 -1.435466
-0.000000 -1.435466
0.080000 -1.515214
-0.000000 -1.515214
0.080000 -1.594962
0.000000 -1.594962
0.080000 -1.674711
0.000000 -1.674711
0.080000 -1.754459
0.000000 -1.754459
0.080000 -1.834207
0.000000 -1.834207
0.080000 -1.913955
0.000000 -1.913955
0.080000 -1.993703
0.000000 -1.993703
0.080000 -2.073451
0.000000 -2.073451
0.223317 0.055043
-0.223317 0.055043
0.230000 0.000000
-0.230000 0.000000
0.223317 -0.055043
-0.223317 -0.055043
0.203655 -0.106886
-0.203655 -0.106886
0.172157 -0.152518
-0.172157 -0.152518
0.130655 -0.189286
-0.130655 -0.189286
0.081559 -0.215054
-0.081559 -0.215054
0.027723 -0.228323
-0.027723 -0.228323
-0.203655 0.106886
0.203655 0.106886
-0.172157 0.152518
0.172157 0.152518
-0.130655 0.189286
0.130655 0.189286
-0.081559 0.215054
0.081559 0.215054
-0.027723 0.228323
0.027723 0.228323
0.620000 -0.722566
-0.000000 -0.722566
0.620000 -0.778148
0.000000 -0.778148
0.620000 -0.833730
0.000000 -0.833730
0.620000 -0.889312
0.000000 -0.889312
0.620000 -0.944894
0.000000 -0.944894
0.620000 -1.000476
-0.000000 -1.000476
0.620000 -1.056058
0.000000 -1.056058
0.620000 -1.111640
0.000000 -1.111640
0.620000 -1.167222
0.000000 -1.167222
0.620000 -1.222805
0.000000 -1.222805
0.620000 -1.278387
0.000000 -1.278387
0.620000 -1.333969
0.000000 -1.333969
0.620000 -1.389551
0.000000 -1.389551
0.620000 -1.445133
0.000000 -1.445133
0.223317 0.055043
-0.223317 0.055043
0.230000 0.000000
-0.230000 0.000000
0.223317 -0.055043
-0.223317 -0.055043
0.203655 -0.106886
-0.203655 -0.106886
0.172157 -0.152518
-0.172157 -0.152518
0.130655 -0.189286
-0.130655 -0.189286
0.081559 -0.215054
-0.081559 -0.215054
0.027723 -0.228323
-0.027723 -0.228323
-0.203655 0.106886
0.203655 0.106886
-0.172157 0.152518
0.172157 0.152518
-0.130655 0.189286
0.130655 0.189286
-0.081559 0.215054
0.081559 0.215054
-0.027723 0.228323
0.027723 0.228323
0.620000 -0.722566
-0.000000 -0.722566
0.620000 -0.778148
0.000000 -0.778148
0.620000 -0.833730
0.000000 -0.833730
0.620000 -0.889312
0.000000 -0.889312
0.620000 -0.944894
0.000000 -0.944894
0.620000 -1.000476
-0.000000 -1.000476
0.620000 -1.056058
0.000000 -1.056058
0.620000 -1.111640
0.000000 -1.111640
0.620000 -1.167222
0.000000 -1.167222
0.620000 -1.222805
0.000000 -1.222805
0.620000 -1.278387
0.000000 -1.278387
0.620000 -1.333969
0.000000 -1.333969
0.620000 -1.389551
0.000000 -1.389551
0.620000 -1.445133
0.000000 -1.445133
0.223317 0.055043
-0.223317 0.055043
0.230000 0.000000
-0.230000 0.000000
0.223317 -0.055043
-0.223317 -0.055043
0.203655 -0.106886
-0.203655 -0.106886
0.172157 -0.152518
-0.172157 -0.152518
0.130655 -0.189286
-0.130655 -0.189286
0.081559 -0.215054
-0.081559 -0.215054
0.027723 -0.228323
-0.027723 -0.228323
-0.203655 0.106886
0.203655 0.106886
-0.172157 0.152518
0.172157 0.152518
-0.130655 0.189286
0.130655 0.189286
-0.081559 0.215054
0.081559 0.215054
-0.027723 0.228323
0.027723 0.228323
0.620000 -0.722566
0.000000 -0.722566
0.620000 -0.778148
0.000000 -0.778148
0.620000 -0.833730
0.000000 -0.833730
0.620000 -0.889312
0.000000 -0.889312
0.620000 -0.944894
0.000000 -0.944894
0.620000 -1.000476
-0.000000 -1.000476
0.620000 -1.056058
0.000000 -1.056058
0.620000 -1.111640
0.000000 -1.111640
0.620000 -1.167222
0.000000 -1.167222
0.620000 -1.222805
0.000000 -1.222805
0.620000 -1.278387
0.000000 -1.278387
0.620000 -1.333969
0.000000 -1.333969
0.620000 -1.389551
0.000000 -1.389551
0.620000 -1.445133
0.000000 -1.445133
0.320411 0.078974
0.223317 0.055043
0.330000 0.000000
0.230000 0.000000
0.223317 -0.055043
0.203655 0.106886
0.292200 0.153359
0.172157 0.152518
0.247009 0.218830
0.130655 0.189286
0.187461 0.271585
0.081559 0.215054
0.117020 0.308555
0.027723 0.228323
0.039777 0.327594
-0.039777 0.327594
-0.027723 0.228323
-0.117020 0.308555
-0.081559 0.215054
-0.187461 0.271585
-0.130655 0.189286
-0.247009 0.218830
-0.172157 0.152518
-0.292200 0.153359
-0.203655 0.106886
-0.320411 0.078974
-0.223317 0.055043
-0.330000 0.000000
-0.230000 0.000000
-0.223317 -0.055043
-0.320411 -0.078974
-0.203655 -0.106886
-0.292200 -0.153359
-0.172157 -0.152518
-0.247009 -0.218830
-0.130655 -0.189286
-0.187461 -0.271585
-0.081559 -0.215054
-0.117020 -0.308555
-0.027723 -0.228323
-0.039777 -0.327594
0.039777 -0.327594
0.027723 -0.228323
0.117020 -0.308555
0.081559 -0.215054
0.187461 -0.271585
0.130655 -0.189286
0.247009 -0.218830
0.172157 -0.152518
0.292200 -0.153359
0.203655 -0.106886
0.320411 -0.078974
0.080000 -1.036726
0.000000 -1.036726
0.080000 -1.116474
0.000000 -1.116474
0.080000 -1.196222
0.000000 -1.196222
0.080000 -1.275970
0.000000 -1.275970
0.080000 -1.355718
0.000000 -1.355718
0.080000 -1.435466
0.000000 -1.435466
0.080000 -1.515214
0.000000 -1.515214
0.080000 -1.594962
0.000000 -1.594962
0.080000 -1.674711
0.000000 -1.674711
0.080000 -1.754459
0.000000 -1.754459
0.080000 -1.834207
0.000000 -1.834207
0.080000 -1.913955
0.000000 -1.913955
0.080000 -1.993703
0.000000 -1.993703
0.080000 -2.073451
0.000000 -2.073451
0.320411 0.078974
0.223317 0.055043
0.330000 0.000000
0.230000 0.000000
0.223317 -0.055043
0.203655 0.106886
0.292200 0.153359
0.172157 0.152518
0.247009 0.218830
0.130655 0.189286
0.187461 0.271585
0.081559 0.215054
0.117020 0.308555
0.027723 0.228323
0.039777 0.327594
-0.039777 0.327594
-0.027723 0.228323
-0.117020 0.308555
-0.081559 0.215054
-0.187461 0.271585
-0.130655 0.189286
-0.247009 0.218830
-0.172157 0.152518
-0.292200 0.153359
-0.203655 0.106886
-0.320411 0.078974
-0.223317 0.055043
-0.330000 0.000000
-0.230000 0.000000
-0.223317 -0.055043
-0.320411 -0.078974
-0.203655 -0.106886
-0.292200 -0.153359
-0.172157 -0.152518
-0.247009 -0.218830
-0.130655 -0.189286
-0.187461 -0.271585
-0.081559 -0.215054
-0.117020 -0.308555
-0.027723 -0.228323
-0.039777 -0.327594
0.039777 -0.327594
0.027723 -0.228323
0.117020 -0.308555
0.081559 -0.215054
0.187461 -0.271585
0.130655 -0.189286
0.247009 -0.218830
0.172157 -0.152518
0.292200 -0.153359
0.203655 -0.106886
0.320411 -0.078974
0.080000 -1.036726
0.000000 -1.036726
0.080000 -1.116474
0.000000 -1.116474
0.080000 -1.196222
0.000000 -1.196222
0.080000 -1.275970
0.000000 -1.275970
0.080000 -1.355718
0.000000 -1.355718
0.080000 -1.435466
0.000000 -1.435466
0.080000 -1.515214
0.000000 -1.515214
0.080000 -1.594962
0.000000 -1.594962
0.080000 -1.674711
0.000000 -1.674711
0.080000 -1.754459
0.000000 -1.754459
0.080000 -1.834207
0.000000 -1.834207
0.080000 -1.913955
0.000000 -1.913955
0.080000 -1.993703
0.000000 -1.993703
0.080000 -2.073451
0.000000 -2.073451
0.223317 0.055043
-0.223317 0.055043
0.230000 0.000000
-0.230000 0.000000
0.223317 -0.055043
-0.223317 -0.055043
0.203655 -0.106886
-0.203655 -0.106886
0.172157 -0.152518
-0.172157 -0.152518
0.130655 -0.189286
-0.130655 -0.189286
0.081559 -0.215054
-0.081559 -0.215054
0.027723 -0.228323
-0.027723 -0.228323
-0.203655 0.106886
0.203655 0.106886
-0.172157 0.152518
0.172157 0.152518
-0.130655 0.189286
0.130655 0.189286
-0.081559 0.215054
0.081559 0.215054
-0.027723 0.228323
0.027723 0.228323
0.620000 -0.722566
0.000000 -0.722566
0.620000 -0.778148
0.000000 -0.778148
0.620000 -0.833730
0.000000 -0.833730
0.620000 -0.889312
0.000000 -0.889312
0.620000 -0.944894
0.000000 -0.944894
0.620000 -1.000476
0.000000 -1.000476
0.620000 -1.056058
0.000000 -1.056058
0.620000 -1.111640
0.000000 -1.111640
0.620000 -1.167222
0.000000 -1.167222
0.620000 -1.222805
0.000000 -1.222805
0.620000 -1.278387
0.000000 -1.278387
0.620000 -1.333969
0.000000 -1.333969
0.620000 -1.389551
0.000000 -1.389551
0.620000 -1.445133
0.000000 -1.445133
0.223317 0.055043
-0.223317 0.055043
0.230000 0.000000
-0.230000 0.000000
0.223317 -0.055043
-0.223317 -0.055043
0.203655 -0.106886
-0.203655 -0.106886
0.172157 -0.152518
-0.172157 -0.152518
0.130655 -0.189286
-0.130655 -0.189286
0.081559 -0.215054
-0.081559 -0.215054
0.027723 -0.228323
-0.027723 -0.228323
-0.203655 0.106886
0.203655 0.106886
-0.172157 0.152518
0.172157 0.152518
-0.130655 0.189286
0.130655 0.189286
-0.081559 0.215054
0.081559 0.215054
-0.027723 0.228323
0.027723 0.228323
0.620000 -0.722566
0.000000 -0.722566
0.620000 -0.778148
0.000000 -0.778148
0.620000 -0.833730
0.000000 -0.833730
0.620000 -0.889312
0.000000 -0.889312
0.620000 -0.944894
0.000000 -0.944894
0.620000 -1.000476
0.000000 -1.000476
0.620000 -1.056058
0.000000 -1.056058
0.620000 -1.111640
0.000000 -1.111640
0.620000 -1.167222
0.000000 -1.167222
0.620000 -1.222805
0.000000 -1.222805
0.620000 -1.278387
0.000000 -1.278387
0.620000 -1.333969
0.000000 -1.333969
0.620000 -1.389551
0.000000 -1.389551
0.620000 -1.445133
0.000000 -1.445133
</float_array>
          <technique_common>
            <accessor source="#Cut-Extrude13-UV0-array" count="4311" stride="2">
              <param name="S" type="float"/>
              <param name="T" type="float"/>
            </accessor>
          </technique_common>
        </source>
        <vertices id="Cut-Extrude13-VERTEX">
          <input semantic="POSITION" source="#Cut-Extrude13-POSITION"/>
        </vertices>
        <triangles count="4062" material="MaterialFBXASC032FBXASC03526">
          <input semantic="VERTEX" offset="0" source="#Cut-Extrude13-VERTEX"/>
          <input semantic="NORMAL" offset="1" source="#Cut-Extrude13-Normal0"/>
          <input semantic="TEXCOORD" offset="2" set="0" source="#Cut-Extrude13-UV0"/>
          <p> 27 0 0 0 1 1 26 2 2 26 3 2 0 4 1 1 5 3 26 6 2 1 7 3 25 8 4 25 9 4 1 10 3 2 11 5 25 12 4 2 13 5 24 14 6 24 15 6 2 16 5 3 17 7 24 18 6 3 19 7 23 20 8 23 21 8 3 22 7 4 23 9 23 24 8 4 25 9 22 26 10 22 27 10 4 28 9 5 29 11 22 30 10 5 31 11 21 32 12 21 33 12 5 34 11 6 35 13 21 36 12 6 37 13 20 38 14 20 39 14 6 40 13 7 41 15 20 42 14 7 43 15 19 44 16 19 45 16 7 46 15 8 47 17 19 48 16 8 49 17 18 50 18 18 51 18 8 52 17 9 53 19 18 54 18 9 55 19 17 56 20 17 57 20 9 58 19 10 59 21 17 60 20 10 61 21 16 62 22 16 63 22 10 64 21 11 65 23 16 66 22 11 67 23 15 68 24 15 69 24 11 70 23 12 71 25 15 72 24 12 73 25 14 74 26 14 75 26 12 76 25 13 77 27 55 78 28 28 79 29 54 80 30 54 81 30 28 82 29 29 83 31 54 84 30 29 85 31 53 86 32 53 87 32 29 88 31 30 89 33 53 90 32 30 91 33 52 92 34 52 93 34 30 94 33 31 95 35 52 96 34 31 97 35 51 98 36 51 99 36 31 100 35 32 101 37 51 102 36 32 103 37 50 104 38 50 105 38 32 106 37 33 107 39 50 108 38 33 109 39 49 110 40 49 111 40 33 112 39 34 113 41 49 114 40 34 115 41 48 116 42 48 117 42 34 118 41 35 119 43 48 120 42 35 121 43 47 122 44 47 123 44 35 124 43 36 125 45 47 126 44 36 127 45 46 128 46 46 129 46 36 130 45 37 131 47 46 132 46 37 133 47 45 134 48 45 135 48 37 136 47 38 137 49 45 138 48 38 139 49 44 140 50 44 141 50 38 142 49 39 143 51 44 144 50 39 145 51 43 146 52 43 147 52 39 148 51 40 149 53 43 150 52 40 151 53 42 152 54 42 153 54 40 154 53 41 155 55 83 156 56 56 157 57 82 158 58 82 159 58 56 160 57 57 161 59 82 162 58 57 163 59 81 164 60 81 165 60 57 166 59 58 167 61 81 168 60 58 169 61 80 170 62 80 171 62 58 172 61 59 173 63 80 174 62 59 175 63 79 176 64 79 177 64 59 178 63 60 179 65 79 180 64 60 181 65 78 182 66 78 183 66 60 184 65 61 185 67 78 186 66 61 187 67 77 188 68 77 189 68 61 190 67 62 191 69 77 192 68 62 193 69 76 194 70 76 195 70 62 196 69 63 197 71 76 198 70 63 199 71 75 200 72 75 201 72 63 202 71 64 203 73 75 204 72 64 205 73 74 206 74 74 207 74 64 208 73 65 209 75 74 210 74 65 211 75 73 212 76 73 213 76 65 214 75 66 215 77 73 216 76 66 217 77 72 218 78 72 219 78 66 220 77 67 221 79 72 222 78 67 223 79 71 224 80 71 225 80 67 226 79 68 227 81 71 228 80 68 229 81 70 230 82 70 231 82 68 232 81 69 233 83 111 234 84 84 235 85 110 236 86 110 237 86 84 238 85 85 239 87 110 240 86 85 241 87 109 242 88 109 243 88 85 244 87 86 245 89 109 246 88 86 247 89 108 248 90 108 249 90 86 250 89 87 251 91 108 252 90 87 253 91 107 254 92 107 255 92 87 256 91 88 257 93 107 258 92 88 259 93 106 260 94 106 261 94 88 262 93 89 263 95 106 264 94 89 265 95 105 266 96 105 267 96 89 268 95 90 269 97 105 270 96 90 271 97 104 272 98 104 273 98 90 274 97 91 275 99 104 276 98 91 277 99 103 278 100 103 279 100 91 280 99 92 281 101 103 282 100 92 283 101 102 284 102 102 285 102 92 286 101 93 287 103 102 288 102 93 289 103 101 290 104 101 291 104 93 292 103 94 293 105 101 294 104 94 295 105 100 296 106 100 297 106 94 298 105 95 299 107 100 300 106 95 301 107 99 302 108 99 303 108 95 304 107 96 305 109 99 306 108 96 307 109 98 308 110 98 309 110 96 310 109 97 311 111 139 312 112 112 313 113 138 314 114 138 315 114 112 316 113 113 317 115 138 318 114 113 319 115 137 320 116 137 321 116 113 322 115 114 323 117 137 324 116 114 325 117 136 326 118 136 327 118 114 328 117 115 329 119 136 330 118 115 331 119 135 332 120 135 333 120 115 334 119 116 335 121 135 336 120 116 337 121 134 338 122 134 339 122 116 340 121 117 341 123 134 342 122 117 343 123 133 344 124 133 345 124 117 346 123 118 347 125 133 348 124 118 349 125 132 350 126 132 351 126 118 352 125 119 353 127 132 354 126 119 355 127 131 356 128 131 357 128 119 358 127 120 359 129 131 360 128 120 361 129 130 362 130 130 363 130 120 364 129 121 365 131 130 366 130 121 367 131 129 368 132 129 369 132 121 370 131 122 371 133 129 372 132 122 373 133 128 374 134 128 375 134 122 376 133 123 377 135 128 378 134 123 379 135 127 380 136 127 381 136 123 382 135 124 383 137 127 384 136 124 385 137 126 386 138 126 387 138 124 388 137 125 389 139 167 390 140 140 391 141 166 392 142 166 393 142 140 394 141 141 395 143 166 396 142 141 397 143 165 398 144 165 399 144 141 400 143 142 401 145 165 402 144 142 403 145 164 404 146 164 405 146 142 406 145 143 407 147 164 408 146 143 409 147 163 410 148 163 411 148 143 412 147 144 413 149 163 414 148 144 415 149 162 416 150 162 417 150 144 418 149 145 419 151 162 420 150 145 421 151 161 422 152 161 423 152 145 424 151 146 425 153 161 426 152 146 427 153 160 428 154 160 429 154 146 430 153 147 431 155 160 432 154 147 433 155 159 434 156 159 435 156 147 436 155 148 437 157 159 438 156 148 439 157 158 440 158 158 441 158 148 442 157 149 443 159 158 444 158 149 445 159 157 446 160 157 447 160 149 448 159 150 449 161 157 450 160 150 451 161 156 452 162 156 453 162 150 454 161 151 455 163 156 456 162 151 457 163 155 458 164 155 459 164 151 460 163 152 461 165 155 462 164 152 463 165 154 464 166 154 465 166 152 466 165 153 467 167 195 468 168 168 469 169 194 470 170 194 471 170 168 472 169 169 473 171 194 474 170 169 475 171 193 476 172 193 477 172 169 478 171 170 479 173 193 480 172 170 481 173 192 482 174 192 483 174 170 484 173 171 485 175 192 486 174 171 487 175 191 488 176 191 489 176 171 490 175 172 491 177 191 492 176 172 493 177 190 494 178 190 495 178 172 496 177 173 497 179 190 498 178 173 499 179 189 500 180 189 501 180 173 502 179 174 503 181 189 504 180 174 505 181 188 506 182 188 507 182 174 508 181 175 509 183 188 510 182 175 511 183 187 512 184 187 513 184 175 514 183 176 515 185 187 516 184 176 517 185 186 518 186 186 519 186 176 520 185 177 521 187 186 522 186 177 523 187 185 524 188 185 525 188 177 526 187 178 527 189 185 528 188 178 529 189 184 530 190 184 531 190 178 532 189 179 533 191 184 534 190 179 535 191 183 536 192 183 537 192 179 538 191 180 539 193 183 540 192 180 541 193 182 542 194 182 543 194 180 544 193 181 545 195 223 546 196 196 547 197 222 548 198 222 549 198 196 550 197 197 551 199 222 552 198 197 553 199 221 554 200 221 555 200 197 556 199 198 557 201 221 558 200 198 559 201 220 560 202 220 561 202 198 562 201 199 563 203 220 564 202 199 565 203 219 566 204 219 567 204 199 568 203 200 569 205 219 570 204 200 571 205 218 572 206 218 573 206 200 574 205 201 575 207 218 576 206 201 577 207 217 578 208 217 579 208 201 580 207 202 581 209 217 582 208 202 583 209 216 584 210 216 585 210 202 586 209 203 587 211 216 588 210 203 589 211 215 590 212 215 591 212 203 592 211 204 593 213 215 594 212 204 595 213 214 596 214 214 597 214 204 598 213 205 599 215 214 600 214 205 601 215 213 602 216 213 603 216 205 604 215 206 605 217 213 606 216 206 607 217 212 608 218 212 609 218 206 610 217 207 611 219 212 612 218 207 613 219 211 614 220 211 615 220 207 616 219 208 617 221 211 618 220 208 619 221 210 620 222 210 621 222 208 622 221 209 623 223 251 624 224 224 625 225 250 626 226 250 627 226 224 628 225 225 629 227 250 630 226 225 631 227 249 632 228 249 633 228 225 634 227 226 635 229 249 636 228 226 637 229 248 638 230 248 639 230 226 640 229 227 641 231 248 642 230 227 643 231 247 644 232 247 645 232 227 646 231 228 647 233 247 648 232 228 649 233 246 650 234 246 651 234 228 652 233 229 653 235 246 654 234 229 655 235 245 656 236 245 657 236 229 658 235 230 659 237 245 660 236 230 661 237 244 662 238 244 663 238 230 664 237 231 665 239 244 666 238 231 667 239 243 668 240 243 669 240 231 670 239 232 671 241 243 672 240 232 673 241 242 674 242 242 675 242 232 676 241 233 677 243 242 678 242 233 679 243 241 680 244 241 681 244 233 682 243 234 683 245 241 684 244 234 685 245 240 686 246 240 687 246 234 688 245 235 689 247 240 690 246 235 691 247 239 692 248 239 693 248 235 694 247 236 695 249 239 696 248 236 697 249 238 698 250 238 699 250 236 700 249 237 701 251 279 702 252 252 703 253 278 704 254 278 705 254 252 706 253 253 707 255 278 708 254 253 709 255 277 710 256 277 711 256 253 712 255 254 713 257 277 714 256 254 715 257 276 716 258 276 717 258 254 718 257 255 719 259 276 720 258 255 721 259 275 722 260 275 723 260 255 724 259 256 725 261 275 726 260 256 727 261 274 728 262 274 729 262 256 730 261 257 731 263 274 732 262 257 733 263 273 734 264 273 735 264 257 736 263 258 737 265 273 738 264 258 739 265 272 740 266 272 741 266 258 742 265 259 743 267 272 744 266 259 745 267 271 746 268 271 747 268 259 748 267 260 749 269 271 750 268 260 751 269 270 752 270 270 753 270 260 754 269 261 755 271 270 756 270 261 757 271 269 758 272 269 759 272 261 760 271 262 761 273 269 762 272 262 763 273 268 764 274 268 765 274 262 766 273 263 767 275 268 768 274 263 769 275 267 770 276 267 771 276 263 772 275 264 773 277 267 774 276 264 775 277 266 776 278 266 777 278 264 778 277 265 779 279 307 780 280 280 781 281 306 782 282 306 783 282 280 784 281 281 785 283 306 786 282 281 787 283 305 788 284 305 789 284 281 790 283 282 791 285 305 792 284 282 793 285 304 794 286 304 795 286 282 796 285 283 797 287 304 798 286 283 799 287 303 800 288 303 801 288 283 802 287 284 803 289 303 804 288 284 805 289 302 806 290 302 807 290 284 808 289 285 809 291 302 810 290 285 811 291 301 812 292 301 813 292 285 814 291 286 815 293 301 816 292 286 817 293 300 818 294 300 819 294 286 820 293 287 821 295 300 822 294 287 823 295 299 824 296 299 825 296 287 826 295 288 827 297 299 828 296 288 829 297 298 830 298 298 831 298 288 832 297 289 833 299 298 834 298 289 835 299 297 836 300 297 837 300 289 838 299 290 839 301 297 840 300 290 841 301 296 842 302 296 843 302 290 844 301 291 845 303 296 846 302 291 847 303 295 848 304 295 849 304 291 850 303 292 851 305 295 852 304 292 853 305 294 854 306 294 855 306 292 856 305 293 857 307 335 858 308 308 859 309 334 860 310 334 861 310 308 862 309 309 863 311 334 864 310 309 865 311 333 866 312 333 867 312 309 868 311 310 869 313 333 870 312 310 871 313 332 872 314 332 873 314 310 874 313 311 875 315 332 876 314 311 877 315 331 878 316 331 879 316 311 880 315 312 881 317 331 882 316 312 883 317 330 884 318 330 885 318 312 886 317 313 887 319 330 888 318 313 889 319 329 890 320 329 891 320 313 892 319 314 893 321 329 894 320 314 895 321 328 896 322 328 897 322 314 898 321 315 899 323 328 900 322 315 901 323 327 902 324 327 903 324 315 904 323 316 905 325 327 906 324 316 907 325 326 908 326 326 909 326 316 910 325 317 911 327 326 912 326 317 913 327 325 914 328 325 915 328 317 916 327 318 917 329 325 918 328 318 919 329 324 920 330 324 921 330 318 922 329 319 923 331 324 924 330 319 925 331 323 926 332 323 927 332 319 928 331 320 929 333 323 930 332 320 931 333 322 932 334 322 933 334 320 934 333 321 935 335 363 936 336 336 937 337 362 938 338 362 939 338 336 940 337 337 941 339 362 942 338 337 943 339 361 944 340 361 945 340 337 946 339 338 947 341 361 948 340 338 949 341 360 950 342 360 951 342 338 952 341 339 953 343 360 954 342 339 955 343 359 956 344 359 957 344 339 958 343 340 959 345 359 960 344 340 961 345 358 962 346 358 963 346 340 964 345 341 965 347 358 966 346 341 967 347 357 968 348 357 969 348 341 970 347 342 971 349 357 972 348 342 973 349 356 974 350 356 975 350 342 976 349 343 977 351 356 978 350 343 979 351 355 980 352 355 981 352 343 982 351 344 983 353 355 984 352 344 985 353 354 986 354 354 987 354 344 988 353 345 989 355 354 990 354 345 991 355 353 992 356 353 993 356 345 994 355 346 995 357 353 996 356 346 997 357 352 998 358 352 999 358 346 1000 357 347 1001 359 352 1002 358 347 1003 359 351 1004 360 351 1005 360 347 1006 359 348 1007 361 351 1008 360 348 1009 361 350 1010 362 350 1011 362 348 1012 361 349 1013 363 391 1014 364 364 1015 365 390 1016 366 390 1017 366 364 1018 365 365 1019 367 390 1020 366 365 1021 367 389 1022 368 389 1023 368 365 1024 367 366 1025 369 389 1026 368 366 1027 369 388 1028 370 388 1029 370 366 1030 369 367 1031 371 388 1032 370 367 1033 371 387 1034 372 387 1035 372 367 1036 371 368 1037 373 387 1038 372 368 1039 373 386 1040 374 386 1041 374 368 1042 373 369 1043 375 386 1044 374 369 1045 375 385 1046 376 385 1047 376 369 1048 375 370 1049 377 385 1050 376 370 1051 377 384 1052 378 384 1053 378 370 1054 377 371 1055 379 384 1056 378 371 1057 379 383 1058 380 383 1059 380 371 1060 379 372 1061 381 383 1062 380 372 1063 381 382 1064 382 382 1065 382 372 1066 381 373 1067 383 382 1068 382 373 1069 383 381 1070 384 381 1071 384 373 1072 383 374 1073 385 381 1074 384 374 1075 385 380 1076 386 380 1077 386 374 1078 385 375 1079 387 380 1080 386 375 1081 387 379 1082 388 379 1083 388 375 1084 387 376 1085 389 379 1086 388 376 1087 389 378 1088 390 378 1089 390 376 1090 389 377 1091 391 419 1092 392 392 1093 393 418 1094 394 418 1095 394 392 1096 393 393 1097 395 418 1098 394 393 1099 395 417 1100 396 417 1101 396 393 1102 395 394 1103 397 417 1104 396 394 1105 397 416 1106 398 416 1107 398 394 1108 397 395 1109 399 416 1110 398 395 1111 399 415 1112 400 415 1113 400 395 1114 399 396 1115 401 415 1116 400 396 1117 401 414 1118 402 414 1119 402 396 1120 401 397 1121 403 414 1122 402 397 1123 403 413 1124 404 413 1125 404 397 1126 403 398 1127 405 413 1128 404 398 1129 405 412 1130 406 412 1131 406 398 1132 405 399 1133 407 412 1134 406 399 1135 407 411 1136 408 411 1137 408 399 1138 407 400 1139 409 411 1140 408 400 1141 409 410 1142 410 410 1143 410 400 1144 409 401 1145 411 410 1146 410 401 1147 411 409 1148 412 409 1149 412 401 1150 411 402 1151 413 409 1152 412 402 1153 413 408 1154 414 408 1155 414 402 1156 413 403 1157 415 408 1158 414 403 1159 415 407 1160 416 407 1161 416 403 1162 415 404 1163 417 407 1164 416 404 1165 417 406 1166 418 406 1167 418 404 1168 417 405 1169 419 447 1170 420 420 1171 421 446 1172 422 446 1173 422 420 1174 421 421 1175 423 446 1176 422 421 1177 423 445 1178 424 445 1179 424 421 1180 423 422 1181 425 445 1182 424 422 1183 425 444 1184 426 444 1185 426 422 1186 425 423 1187 427 444 1188 426 423 1189 427 443 1190 428 443 1191 428 423 1192 427 424 1193 429 443 1194 428 424 1195 429 442 1196 430 442 1197 430 424 1198 429 425 1199 431 442 1200 430 425 1201 431 441 1202 432 441 1203 432 425 1204 431 426 1205 433 441 1206 432 426 1207 433 440 1208 434 440 1209 434 426 1210 433 427 1211 435 440 1212 434 427 1213 435 439 1214 436 439 1215 436 427 1216 435 428 1217 437 439 1218 436 428 1219 437 438 1220 438 438 1221 438 428 1222 437 429 1223 439 438 1224 438 429 1225 439 437 1226 440 437 1227 440 429 1228 439 430 1229 441 437 1230 440 430 1231 441 436 1232 442 436 1233 442 430 1234 441 431 1235 443 436 1236 442 431 1237 443 435 1238 444 435 1239 444 431 1240 443 432 1241 445 435 1242 444 432 1243 445 434 1244 446 434 1245 446 432 1246 445 433 1247 447 475 1248 448 448 1249 449 474 1250 450 474 1251 450 448 1252 449 449 1253 451 474 1254 450 449 1255 451 473 1256 452 473 1257 452 449 1258 451 450 1259 453 473 1260 452 450 1261 453 472 1262 454 472 1263 454 450 1264 453 451 1265 455 472 1266 454 451 1267 455 471 1268 456 471 1269 456 451 1270 455 452 1271 457 471 1272 456 452 1273 457 470 1274 458 470 1275 458 452 1276 457 453 1277 459 470 1278 458 453 1279 459 469 1280 460 469 1281 460 453 1282 459 454 1283 461 469 1284 460 454 1285 461 468 1286 462 468 1287 462 454 1288 461 455 1289 463 468 1290 462 455 1291 463 467 1292 464 467 1293 464 455 1294 463 456 1295 465 467 1296 464 456 1297 465 466 1298 466 466 1299 466 456 1300 465 457 1301 467 466 1302 466 457 1303 467 465 1304 468 465 1305 468 457 1306 467 458 1307 469 465 1308 468 458 1309 469 464 1310 470 464 1311 470 458 1312 469 459 1313 471 464 1314 470 459 1315 471 463 1316 472 463 1317 472 459 1318 471 460 1319 473 463 1320 472 460 1321 473 462 1322 474 462 1323 474 460 1324 473 461 1325 475 503 1326 476 476 1327 477 502 1328 478 502 1329 478 476 1330 477 477 1331 479 502 1332 478 477 1333 479 501 1334 480 501 1335 480 477 1336 479 478 1337 481 501 1338 480 478 1339 481 500 1340 482 500 1341 482 478 1342 481 479 1343 483 500 1344 482 479 1345 483 499 1346 484 499 1347 484 479 1348 483 480 1349 485 499 1350 484 480 1351 485 498 1352 486 498 1353 486 480 1354 485 481 1355 487 498 1356 486 481 1357 487 497 1358 488 497 1359 488 481 1360 487 482 1361 489 497 1362 488 482 1363 489 496 1364 490 496 1365 490 482 1366 489 483 1367 491 496 1368 490 483 1369 491 495 1370 492 495 1371 492 483 1372 491 484 1373 493 495 1374 492 484 1375 493 494 1376 494 494 1377 494 484 1378 493 485 1379 495 494 1380 494 485 1381 495 493 1382 496 493 1383 496 485 1384 495 486 1385 497 493 1386 496 486 1387 497 492 1388 498 492 1389 498 486 1390 497 487 1391 499 492 1392 498 487 1393 499 491 1394 500 491 1395 500 487 1396 499 488 1397 501 491 1398 500 488 1399 501 490 1400 502 490 1401 502 488 1402 501 489 1403 503 531 1404 504 504 1405 505 530 1406 506 530 1407 506 504 1408 505 505 1409 507 530 1410 506 505 1411 507 529 1412 508 529 1413 508 505 1414 507 506 1415 509 529 1416 508 506 1417 509 528 1418 510 528 1419 510 506 1420 509 507 1421 511 528 1422 510 507 1423 511 527 1424 512 527 1425 512 507 1426 511 508 1427 513 527 1428 512 508 1429 513 526 1430 514 526 1431 514 508 1432 513 509 1433 515 526 1434 514 509 1435 515 525 1436 516 525 1437 516 509 1438 515 510 1439 517 525 1440 516 510 1441 517 524 1442 518 524 1443 518 510 1444 517 511 1445 519 524 1446 518 511 1447 519 523 1448 520 523 1449 520 511 1450 519 512 1451 521 523 1452 520 512 1453 521 522 1454 522 522 1455 522 512 1456 521 513 1457 523 522 1458 522 513 1459 523 521 1460 524 521 1461 524 513 1462 523 514 1463 525 521 1464 524 514 1465 525 520 1466 526 520 1467 526 514 1468 525 515 1469 527 520 1470 526 515 1471 527 519 1472 528 519 1473 528 515 1474 527 516 1475 529 519 1476 528 516 1477 529 518 1478 530 518 1479 530 516 1480 529 517 1481 531 559 1482 532 532 1483 533 558 1484 534 558 1485 534 532 1486 533 533 1487 535 558 1488 534 533 1489 535 557 1490 536 557 1491 536 533 1492 535 534 1493 537 557 1494 536 534 1495 537 556 1496 538 556 1497 538 534 1498 537 535 1499 539 556 1500 538 535 1501 539 555 1502 540 555 1503 540 535 1504 539 536 1505 541 555 1506 540 536 1507 541 554 1508 542 554 1509 542 536 1510 541 537 1511 543 554 1512 542 537 1513 543 553 1514 544 553 1515 544 537 1516 543 538 1517 545 553 1518 544 538 1519 545 552 1520 546 552 1521 546 538 1522 545 539 1523 547 552 1524 546 539 1525 547 551 1526 548 551 1527 548 539 1528 547 540 1529 549 551 1530 548 540 1531 549 550 1532 550 550 1533 550 540 1534 549 541 1535 551 550 1536 550 541 1537 551 549 1538 552 549 1539 552 541 1540 551 542 1541 553 549 1542 552 542 1543 553 548 1544 554 548 1545 554 542 1546 553 543 1547 555 548 1548 554 543 1549 555 547 1550 556 547 1551 556 543 1552 555 544 1553 557 547 1554 556 544 1555 557 546 1556 558 546 1557 558 544 1558 557 545 1559 559 587 1560 560 560 1561 561 586 1562 562 586 1563 562 560 1564 561 561 1565 563 586 1566 562 561 1567 563 585 1568 564 585 1569 564 561 1570 563 562 1571 565 585 1572 564 562 1573 565 584 1574 566 584 1575 566 562 1576 565 563 1577 567 584 1578 566 563 1579 567 583 1580 568 583 1581 568 563 1582 567 564 1583 569 583 1584 568 564 1585 569 582 1586 570 582 1587 570 564 1588 569 565 1589 571 582 1590 570 565 1591 571 581 1592 572 581 1593 572 565 1594 571 566 1595 573 581 1596 572 566 1597 573 580 1598 574 580 1599 574 566 1600 573 567 1601 575 580 1602 574 567 1603 575 579 1604 576 579 1605 576 567 1606 575 568 1607 577 579 1608 576 568 1609 577 578 1610 578 578 1611 578 568 1612 577 569 1613 579 578 1614 578 569 1615 579 577 1616 580 577 1617 580 569 1618 579 570 1619 581 577 1620 580 570 1621 581 576 1622 582 576 1623 582 570 1624 581 571 1625 583 576 1626 582 571 1627 583 575 1628 584 575 1629 584 571 1630 583 572 1631 585 575 1632 584 572 1633 585 574 1634 586 574 1635 586 572 1636 585 573 1637 587 615 1638 588 588 1639 589 614 1640 590 614 1641 590 588 1642 589 589 1643 591 614 1644 590 589 1645 591 613 1646 592 613 1647 592 589 1648 591 590 1649 593 613 1650 592 590 1651 593 612 1652 594 612 1653 594 590 1654 593 591 1655 595 612 1656 594 591 1657 595 611 1658 596 611 1659 596 591 1660 595 592 1661 597 611 1662 596 592 1663 597 610 1664 598 610 1665 598 592 1666 597 593 1667 599 610 1668 598 593 1669 599 609 1670 600 609 1671 600 593 1672 599 594 1673 601 609 1674 600 594 1675 601 608 1676 602 608 1677 602 594 1678 601 595 1679 603 608 1680 602 595 1681 603 607 1682 604 607 1683 604 595 1684 603 596 1685 605 607 1686 604 596 1687 605 606 1688 606 606 1689 606 596 1690 605 597 1691 607 606 1692 606 597 1693 607 605 1694 608 605 1695 608 597 1696 607 598 1697 609 605 1698 608 598 1699 609 604 1700 610 604 1701 610 598 1702 609 599 1703 611 604 1704 610 599 1705 611 603 1706 612 603 1707 612 599 1708 611 600 1709 613 603 1710 612 600 1711 613 602 1712 614 602 1713 614 600 1714 613 601 1715 615 657 1716 616 616 1717 617 656 1718 618 656 1719 618 616 1720 617 617 1721 619 656 1722 618 617 1723 619 655 1724 620 655 1725 620 617 1726 619 618 1727 621 655 1728 620 618 1729 621 619 1730 622 655 1731 620 619 1732 622 654 1733 623 654 1734 623 619 1735 622 620 1736 624 654 1737 623 620 1738 624 653 1739 625 653 1740 625 620 1741 624 621 1742 626 653 1743 625 621 1744 626 652 1745 627 652 1746 627 621 1747 626 651 1748 628 651 1749 628 621 1750 626 622 1751 629 651 1752 628 622 1753 629 623 1754 630 651 1755 628 623 1756 630 650 1757 631 650 1758 631 623 1759 630 624 1760 632 650 1761 631 624 1762 632 649 1763 633 649 1764 633 624 1765 632 625 1766 634 649 1767 633 625 1768 634 648 1769 635 648 1770 635 625 1771 634 647 1772 636 647 1773 636 625 1774 634 626 1775 637 647 1776 636 626 1777 637 646 1778 638 646 1779 638 626 1780 637 627 1781 639 646 1782 638 627 1783 639 628 1784 640 646 1785 638 628 1786 640 645 1787 641 645 1788 641 628 1789 640 629 1790 642 645 1791 641 629 1792 642 644 1793 643 644 1794 643 629 1795 642 630 1796 644 644 1797 643 630 1798 644 643 1799 645 643 1800 645 630 1801 644 642 1802 646 642 1803 646 630 1804 644 631 1805 647 642 1806 646 631 1807 647 632 1808 648 642 1809 646 632 1810 648 641 1811 649 641 1812 649 632 1813 648 633 1814 650 641 1815 649 633 1816 650 640 1817 651 640 1818 651 633 1819 650 634 1820 652 640 1821 651 634 1822 652 639 1823 653 639 1824 653 634 1825 652 638 1826 654 638 1827 654 634 1828 652 635 1829 655 638 1830 654 635 1831 655 637 1832 656 637 1833 656 635 1834 655 636 1835 657 699 1836 658 658 1837 659 698 1838 660 698 1839 660 658 1840 659 659 1841 661 698 1842 660 659 1843 661 697 1844 662 697 1845 662 659 1846 661 660 1847 663 697 1848 662 660 1849 663 661 1850 664 697 1851 662 661 1852 664 696 1853 665 696 1854 665 661 1855 664 662 1856 666 696 1857 665 662 1858 666 695 1859 667 695 1860 667 662 1861 666 663 1862 668 695 1863 667 663 1864 668 694 1865 669 694 1866 669 663 1867 668 693 1868 670 693 1869 670 663 1870 668 664 1871 671 693 1872 670 664 1873 671 665 1874 672 693 1875 670 665 1876 672 692 1877 673 692 1878 673 665 1879 672 666 1880 674 692 1881 673 666 1882 674 691 1883 675 691 1884 675 666 1885 674 667 1886 676 691 1887 675 667 1888 676 690 1889 677 690 1890 677 667 1891 676 689 1892 678 689 1893 678 667 1894 676 668 1895 679 689 1896 678 668 1897 679 688 1898 680 688 1899 680 668 1900 679 669 1901 681 688 1902 680 669 1903 681 670 1904 682 688 1905 680 670 1906 682 687 1907 683 687 1908 683 670 1909 682 671 1910 684 687 1911 683 671 1912 684 686 1913 685 686 1914 685 671 1915 684 672 1916 686 686 1917 685 672 1918 686 685 1919 687 685 1920 687 672 1921 686 684 1922 688 684 1923 688 672 1924 686 673 1925 689 684 1926 688 673 1927 689 674 1928 690 684 1929 688 674 1930 690 683 1931 691 683 1932 691 674 1933 690 675 1934 692 683 1935 691 675 1936 692 682 1937 693 682 1938 693 675 1939 692 676 1940 694 682 1941 693 676 1942 694 681 1943 695 681 1944 695 676 1945 694 680 1946 696 680 1947 696 676 1948 694 677 1949 697 680 1950 696 677 1951 697 679 1952 698 679 1953 698 677 1954 697 678 1955 699 700 1956 700 701 1957 701 730 1958 702 730 1959 702 701 1960 701 703 1961 703 730 1962 702 703 1963 703 704 1964 704 701 1965 701 702 1966 705 703 1967 703 730 1968 702 704 1969 704 729 1970 706 729 1971 706 704 1972 704 705 1973 707 729 1974 706 705 1975 707 728 1976 708 728 1977 708 705 1978 707 706 1979 709 728 1980 708 706 1981 709 727 1982 710 727 1983 710 706 1984 709 707 1985 711 727 1986 710 707 1987 711 726 1988 712 726 1989 712 707 1990 711 708 1991 713 726 1992 712 708 1993 713 725 1994 714 725 1995 714 708 1996 713 709 1997 715 725 1998 714 709 1999 715 710 2000 716 725 2001 714 710 2002 716 724 2003 717 724 2004 717 710 2005 716 711 2006 718 724 2007 717 711 2008 718 723 2009 719 723 2010 719 711 2011 718 712 2012 720 723 2013 719 712 2014 720 722 2015 721 722 2016 721 712 2017 720 713 2018 722 722 2019 721 713 2020 722 721 2021 723 721 2022 723 713 2023 722 714 2024 724 721 2025 723 714 2026 724 720 2027 725 720 2028 725 714 2029 724 715 2030 726 720 2031 725 715 2032 726 719 2033 727 719 2034 727 715 2035 726 716 2036 728 719 2037 727 716 2038 728 718 2039 729 718 2040 729 716 2041 728 717 2042 730 758 2043 731 731 2044 732 757 2045 733 757 2046 733 731 2047 732 732 2048 734 757 2049 733 732 2050 734 756 2051 735 756 2052 735 732 2053 734 733 2054 736 756 2055 735 733 2056 736 678 2057 737 678 2058 737 733 2059 736 777 2060 738 777 2061 738 733 2062 736 776 2063 739 776 2064 739 733 2065 736 734 2066 740 776 2067 739 734 2068 740 775 2069 741 775 2070 741 734 2071 740 774 2072 742 774 2073 742 734 2074 740 735 2075 743 774 2076 742 735 2077 743 773 2078 744 773 2079 744 735 2080 743 772 2081 745 772 2082 745 735 2083 743 736 2084 746 772 2085 745 736 2086 746 771 2087 747 771 2088 747 736 2089 746 770 2090 748 770 2091 748 736 2092 746 737 2093 749 770 2094 748 737 2095 749 769 2096 750 769 2097 750 737 2098 749 768 2099 751 768 2100 751 737 2101 749 738 2102 752 768 2103 751 738 2104 752 767 2105 753 767 2106 753 738 2107 752 766 2108 754 766 2109 754 738 2110 752 739 2111 755 766 2112 754 739 2113 755 765 2114 756 765 2115 756 739 2116 755 764 2117 757 764 2118 757 739 2119 755 740 2120 758 764 2121 757 740 2122 758 763 2123 759 763 2124 759 740 2125 758 762 2126 760 762 2127 760 740 2128 758 741 2129 761 762 2130 760 741 2131 761 761 2132 762 761 2133 762 741 2134 761 760 2135 763 760 2136 763 741 2137 761 759 2138 764 759 2139 764 741 2140 761 742 2141 765 759 2142 764 742 2143 765 658 2144 766 658 2145 766 742 2146 765 747 2147 767 658 2148 766 747 2149 767 659 2150 768 659 2151 768 747 2152 767 748 2153 769 659 2154 768 748 2155 769 660 2156 770 660 2157 770 748 2158 769 661 2159 771 661 2160 771 748 2161 769 662 2162 772 662 2163 772 748 2164 769 749 2165 773 662 2166 772 749 2167 773 663 2168 774 663 2169 774 749 2170 773 664 2171 775 664 2172 775 749 2173 773 750 2174 776 664 2175 775 750 2176 776 665 2177 777 665 2178 777 750 2179 776 666 2180 778 666 2181 778 750 2182 776 751 2183 779 666 2184 778 751 2185 779 667 2186 780 667 2187 780 751 2188 779 668 2189 781 668 2190 781 751 2191 779 752 2192 782 668 2193 781 752 2194 782 669 2195 783 669 2196 783 752 2197 782 670 2198 784 670 2199 784 752 2200 782 753 2201 785 670 2202 784 753 2203 785 671 2204 786 671 2205 786 753 2206 785 672 2207 787 672 2208 787 753 2209 785 754 2210 788 672 2211 787 754 2212 788 673 2213 789 673 2214 789 754 2215 788 674 2216 790 674 2217 790 754 2218 788 755 2219 791 674 2220 790 755 2221 791 675 2222 792 675 2223 792 755 2224 791 676 2225 793 676 2226 793 755 2227 791 756 2228 735 676 2229 793 756 2230 735 677 2231 794 677 2232 794 756 2233 735 678 2234 737 747 2235 767 742 2236 765 746 2237 795 746 2238 795 742 2239 765 743 2240 796 746 2241 795 743 2242 796 745 2243 797 745 2244 797 743 2245 796 744 2246 798 805 2247 799 778 2248 800 804 2249 801 804 2250 801 778 2251 800 779 2252 802 804 2253 801 779 2254 802 803 2255 803 803 2256 803 779 2257 802 780 2258 804 803 2259 803 780 2260 804 636 2261 805 636 2262 805 780 2263 804 824 2264 806 824 2265 806 780 2266 804 823 2267 807 823 2268 807 780 2269 804 781 2270 808 823 2271 807 781 2272 808 822 2273 809 822 2274 809 781 2275 808 821 2276 810 821 2277 810 781 2278 808 782 2279 811 821 2280 810 782 2281 811 820 2282 812 820 2283 812 782 2284 811 819 2285 813 819 2286 813 782 2287 811 783 2288 814 819 2289 813 783 2290 814 818 2291 815 818 2292 815 783 2293 814 817 2294 816 817 2295 816 783 2296 814 784 2297 817 817 2298 816 784 2299 817 816 2300 818 816 2301 818 784 2302 817 815 2303 819 815 2304 819 784 2305 817 785 2306 820 815 2307 819 785 2308 820 814 2309 821 814 2310 821 785 2311 820 813 2312 822 813 2313 822 785 2314 820 786 2315 823 813 2316 822 786 2317 823 812 2318 824 812 2319 824 786 2320 823 811 2321 825 811 2322 825 786 2323 823 787 2324 826 811 2325 825 787 2326 826 810 2327 827 810 2328 827 787 2329 826 809 2330 828 809 2331 828 787 2332 826 788 2333 829 809 2334 828 788 2335 829 808 2336 830 808 2337 830 788 2338 829 807 2339 831 807 2340 831 788 2341 829 806 2342 832 806 2343 832 788 2344 829 789 2345 833 806 2346 832 789 2347 833 616 2348 834 616 2349 834 789 2350 833 794 2351 835 616 2352 834 794 2353 835 617 2354 836 617 2355 836 794 2356 835 795 2357 837 617 2358 836 795 2359 837 618 2360 838 618 2361 838 795 2362 837 619 2363 839 619 2364 839 795 2365 837 620 2366 840 620 2367 840 795 2368 837 796 2369 841 620 2370 840 796 2371 841 621 2372 842 621 2373 842 796 2374 841 622 2375 843 622 2376 843 796 2377 841 797 2378 844 622 2379 843 797 2380 844 623 2381 845 623 2382 845 797 2383 844 624 2384 846 624 2385 846 797 2386 844 798 2387 847 624 2388 846 798 2389 847 625 2390 848 625 2391 848 798 2392 847 626 2393 849 626 2394 849 798 2395 847 799 2396 850 626 2397 849 799 2398 850 627 2399 851 627 2400 851 799 2401 850 628 2402 852 628 2403 852 799 2404 850 800 2405 853 628 2406 852 800 2407 853 629 2408 854 629 2409 854 800 2410 853 630 2411 855 630 2412 855 800 2413 853 801 2414 856 630 2415 855 801 2416 856 631 2417 857 631 2418 857 801 2419 856 632 2420 858 632 2421 858 801 2422 856 802 2423 859 632 2424 858 802 2425 859 633 2426 860 633 2427 860 802 2428 859 634 2429 861 634 2430 861 802 2431 859 803 2432 803 634 2433 861 803 2434 803 635 2435 862 635 2436 862 803 2437 803 636 2438 805 794 2439 835 789 2440 833 793 2441 863 793 2442 863 789 2443 833 790 2444 864 793 2445 863 790 2446 864 792 2447 865 792 2448 865 790 2449 864 791 2450 866 852 2451 867 825 2452 868 851 2453 869 851 2454 869 825 2455 868 826 2456 870 851 2457 869 826 2458 870 850 2459 871 850 2460 871 826 2461 870 827 2462 872 850 2463 871 827 2464 872 849 2465 873 849 2466 873 827 2467 872 828 2468 874 849 2469 873 828 2470 874 848 2471 875 848 2472 875 828 2473 874 829 2474 876 848 2475 875 829 2476 876 847 2477 877 847 2478 877 829 2479 876 830 2480 878 847 2481 877 830 2482 878 846 2483 879 846 2484 879 830 2485 878 831 2486 880 846 2487 879 831 2488 880 845 2489 881 845 2490 881 831 2491 880 832 2492 882 845 2493 881 832 2494 882 844 2495 883 844 2496 883 832 2497 882 833 2498 884 844 2499 883 833 2500 884 843 2501 885 843 2502 885 833 2503 884 834 2504 886 843 2505 885 834 2506 886 842 2507 887 842 2508 887 834 2509 886 835 2510 888 842 2511 887 835 2512 888 841 2513 889 841 2514 889 835 2515 888 836 2516 890 841 2517 889 836 2518 890 840 2519 891 840 2520 891 836 2521 890 837 2522 892 840 2523 891 837 2524 892 839 2525 893 839 2526 893 837 2527 892 838 2528 894 880 2529 895 853 2530 896 879 2531 897 879 2532 897 853 2533 896 854 2534 898 879 2535 897 854 2536 898 878 2537 899 878 2538 899 854 2539 898 855 2540 900 878 2541 899 855 2542 900 877 2543 901 877 2544 901 855 2545 900 856 2546 902 877 2547 901 856 2548 902 876 2549 903 876 2550 903 856 2551 902 857 2552 904 876 2553 903 857 2554 904 875 2555 905 875 2556 905 857 2557 904 858 2558 906 875 2559 905 858 2560 906 874 2561 907 874 2562 907 858 2563 906 859 2564 908 874 2565 907 859 2566 908 873 2567 909 873 2568 909 859 2569 908 860 2570 910 873 2571 909 860 2572 910 872 2573 911 872 2574 911 860 2575 910 861 2576 912 872 2577 911 861 2578 912 871 2579 913 871 2580 913 861 2581 912 862 2582 914 871 2583 913 862 2584 914 870 2585 915 870 2586 915 862 2587 914 863 2588 916 870 2589 915 863 2590 916 869 2591 917 869 2592 917 863 2593 916 864 2594 918 869 2595 917 864 2596 918 868 2597 919 868 2598 919 864 2599 918 865 2600 920 868 2601 919 865 2602 920 867 2603 921 867 2604 921 865 2605 920 866 2606 922 867 2607 921 866 2608 922 904 2609 923 904 2610 923 866 2611 924 881 2612 925 904 2613 923 881 2614 925 903 2615 926 903 2616 926 881 2617 925 882 2618 927 903 2619 926 882 2620 927 902 2621 928 902 2622 928 882 2623 927 883 2624 929 902 2625 928 883 2626 929 901 2627 930 901 2628 930 883 2629 929 884 2630 931 901 2631 930 884 2632 931 900 2633 932 900 2634 932 884 2635 931 885 2636 933 900 2637 932 885 2638 933 899 2639 934 899 2640 934 885 2641 933 886 2642 935 899 2643 934 886 2644 935 898 2645 936 898 2646 936 886 2647 935 887 2648 937 898 2649 936 887 2650 937 897 2651 938 897 2652 938 887 2653 937 888 2654 939 897 2655 938 888 2656 939 896 2657 940 896 2658 940 888 2659 939 889 2660 941 896 2661 940 889 2662 941 895 2663 942 895 2664 942 889 2665 941 890 2666 943 895 2667 942 890 2668 943 894 2669 944 894 2670 944 890 2671 943 891 2672 945 894 2673 944 891 2674 945 893 2675 946 893 2676 946 891 2677 945 892 2678 947 893 2679 946 892 2680 947 880 2681 948 880 2682 948 892 2683 947 853 2684 949 839 2685 950 838 2686 951 928 2687 952 928 2688 952 838 2689 951 905 2690 953 928 2691 952 905 2692 953 927 2693 954 927 2694 954 905 2695 953 906 2696 955 927 2697 954 906 2698 955 926 2699 956 926 2700 956 906 2701 955 907 2702 957 926 2703 956 907 2704 957 925 2705 958 925 2706 958 907 2707 957 908 2708 959 925 2709 958 908 2710 959 924 2711 960 924 2712 960 908 2713 959 909 2714 961 924 2715 960 909 2716 961 923 2717 962 923 2718 962 909 2719 961 910 2720 963 923 2721 962 910 2722 963 922 2723 964 922 2724 964 910 2725 963 911 2726 965 922 2727 964 911 2728 965 921 2729 966 921 2730 966 911 2731 965 912 2732 967 921 2733 966 912 2734 967 920 2735 968 920 2736 968 912 2737 967 913 2738 969 920 2739 968 913 2740 969 919 2741 970 919 2742 970 913 2743 969 914 2744 971 919 2745 970 914 2746 971 918 2747 972 918 2748 972 914 2749 971 915 2750 973 918 2751 972 915 2752 973 917 2753 974 917 2754 974 915 2755 973 916 2756 975 917 2757 974 916 2758 975 852 2759 976 852 2760 976 916 2761 975 825 2762 977 929 2763 978 930 2764 979 968 2765 980 968 2766 980 930 2767 979 967 2768 981 967 2769 981 930 2770 979 966 2771 982 966 2772 982 930 2773 979 965 2774 983 965 2775 983 930 2776 979 964 2777 984 964 2778 984 930 2779 979 931 2780 985 964 2781 984 931 2782 985 932 2783 986 964 2784 984 932 2785 986 959 2786 987 959 2787 987 932 2788 986 933 2789 988 959 2790 987 933 2791 988 958 2792 989 958 2793 989 933 2794 988 934 2795 990 958 2796 989 934 2797 990 935 2798 991 958 2799 989 935 2800 991 957 2801 992 957 2802 992 935 2803 991 936 2804 993 957 2805 992 936 2806 993 937 2807 994 957 2808 992 937 2809 994 956 2810 995 956 2811 995 937 2812 994 938 2813 996 956 2814 995 938 2815 996 955 2816 997 955 2817 997 938 2818 996 939 2819 998 955 2820 997 939 2821 998 940 2822 999 955 2823 997 940 2824 999 954 2825 1000 954 2826 1000 940 2827 999 941 2828 1001 954 2829 1000 941 2830 1001 949 2831 1002 949 2832 1002 941 2833 1001 942 2834 1003 949 2835 1002 942 2836 1003 943 2837 1004 944 2838 1005 945 2839 1006 943 2840 1004 943 2841 1004 945 2842 1006 946 2843 1007 943 2844 1004 946 2845 1007 947 2846 1008 947 2847 1008 948 2848 1009 943 2849 1004 943 2850 1004 948 2851 1009 949 2852 1002 950 2853 1010 951 2854 1011 949 2855 1002 949 2856 1002 951 2857 1011 952 2858 1012 949 2859 1002 952 2860 1012 953 2861 1013 953 2862 1013 954 2863 1000 949 2864 1002 959 2865 987 960 2866 1014 964 2867 984 964 2868 984 960 2869 1014 961 2870 1015 964 2871 984 961 2872 1015 962 2873 1016 962 2874 1016 963 2875 1017 964 2876 984 970 2877 1018 971 2878 1019 969 2879 1020 969 2880 1020 971 2881 1019 972 2882 1021 969 2883 1020 972 2884 1021 973 2885 1022 973 2886 1022 974 2887 1023 969 2888 1020 969 2889 1020 974 2890 1023 975 2891 1024 969 2892 1020 975 2893 1024 1008 2894 1025 1008 2895 1025 975 2896 1024 1007 2897 1026 1007 2898 1026 975 2899 1024 980 2900 1027 1007 2901 1026 980 2902 1027 1006 2903 1028 1006 2904 1028 980 2905 1027 981 2906 1029 1006 2907 1028 981 2908 1029 1005 2909 1030 1005 2910 1030 981 2911 1029 1004 2912 1031 1004 2913 1031 981 2914 1029 982 2915 1032 1004 2916 1031 982 2917 1032 1003 2918 1033 1003 2919 1033 982 2920 1032 983 2921 1034 1003 2922 1033 983 2923 1034 1002 2924 1035 1002 2925 1035 983 2926 1034 1001 2927 1036 1001 2928 1036 983 2929 1034 984 2930 1037 1001 2931 1036 984 2932 1037 1000 2933 1038 1000 2934 1038 984 2935 1037 999 2936 1039 999 2937 1039 984 2938 1037 985 2939 1040 999 2940 1039 985 2941 1040 998 2942 1041 998 2943 1041 985 2944 1040 990 2945 1042 998 2946 1041 990 2947 1042 997 2948 1043 997 2949 1043 990 2950 1042 996 2951 1044 996 2952 1044 990 2953 1042 991 2954 1045 996 2955 1044 991 2956 1045 992 2957 1046 976 2958 1047 977 2959 1048 975 2960 1024 975 2961 1024 977 2962 1048 978 2963 1049 975 2964 1024 978 2965 1049 979 2966 1050 979 2967 1050 980 2968 1027 975 2969 1024 985 2970 1040 986 2971 1051 990 2972 1042 990 2973 1042 986 2974 1051 987 2975 1052 990 2976 1042 987 2977 1052 988 2978 1053 988 2979 1053 989 2980 1054 990 2981 1042 992 2982 1046 993 2983 1055 996 2984 1044 996 2985 1044 993 2986 1055 994 2987 1056 996 2988 1044 994 2989 1056 995 2990 1057 930 2991 1058 969 2992 1059 931 2993 1060 931 2994 1060 969 2995 1059 1008 2996 1061 931 2997 1060 1008 2998 1061 932 2999 1062 932 3000 1062 1008 3001 1061 1007 3002 1063 932 3003 1062 1007 3004 1063 933 3005 1064 933 3006 1064 1007 3007 1063 1006 3008 1065 933 3009 1064 1006 3010 1065 934 3011 1066 934 3012 1066 1006 3013 1065 1005 3014 1067 934 3015 1066 1005 3016 1067 935 3017 1068 935 3018 1068 1005 3019 1067 1004 3020 1069 935 3021 1068 1004 3022 1069 936 3023 1070 936 3024 1070 1004 3025 1069 1003 3026 1071 936 3027 1070 1003 3028 1071 937 3029 1072 937 3030 1072 1003 3031 1071 1002 3032 1073 937 3033 1072 1002 3034 1073 938 3035 1074 938 3036 1074 1002 3037 1073 1001 3038 1075 938 3039 1074 1001 3040 1075 939 3041 1076 939 3042 1076 1001 3043 1075 1000 3044 1077 939 3045 1076 1000 3046 1077 940 3047 1078 940 3048 1078 1000 3049 1077 999 3050 1079 940 3051 1078 999 3052 1079 941 3053 1080 941 3054 1080 999 3055 1079 998 3056 1081 941 3057 1080 998 3058 1081 942 3059 1082 942 3060 1082 998 3061 1081 997 3062 1083 942 3063 1082 997 3064 1083 943 3065 1084 943 3066 1084 997 3067 1083 996 3068 1085 1009 3069 1086 1010 3070 1087 1030 3071 1088 1030 3072 1088 1010 3073 1087 1011 3074 1089 1030 3075 1088 1011 3076 1089 838 3077 1090 838 3078 1090 1011 3079 1089 905 3080 1091 905 3081 1091 1011 3082 1089 1012 3083 1092 905 3084 1091 1012 3085 1092 906 3086 1093 906 3087 1093 1012 3088 1092 1013 3089 1094 906 3090 1093 1013 3091 1094 907 3092 1095 907 3093 1095 1013 3094 1094 1014 3095 1096 907 3096 1095 1014 3097 1096 908 3098 1097 908 3099 1097 1014 3100 1096 909 3101 1098 909 3102 1098 1014 3103 1096 1015 3104 1099 909 3105 1098 1015 3106 1099 910 3107 1100 910 3108 1100 1015 3109 1099 1016 3110 1101 910 3111 1100 1016 3112 1101 911 3113 1102 911 3114 1102 1016 3115 1101 912 3116 1103 912 3117 1103 1016 3118 1101 1017 3119 1104 912 3120 1103 1017 3121 1104 913 3122 1105 913 3123 1105 1017 3124 1104 914 3125 1106 914 3126 1106 1017 3127 1104 1018 3128 1107 914 3129 1106 1018 3130 1107 915 3131 1108 915 3132 1108 1018 3133 1107 1019 3134 1109 915 3135 1108 1019 3136 1109 916 3137 1110 916 3138 1110 1019 3139 1109 1020 3140 1111 916 3141 1110 1020 3142 1111 825 3143 1112 825 3144 1112 1020 3145 1111 1024 3146 1113 825 3147 1112 1024 3148 1113 1025 3149 1114 1020 3150 1111 1021 3151 1115 1024 3152 1113 1024 3153 1113 1021 3154 1115 1023 3155 1116 1023 3156 1116 1021 3157 1115 1022 3158 1117 1023 3159 1116 1022 3160 1117 702 3161 1118 825 3162 1112 1025 3163 1114 826 3164 1119 826 3165 1119 1025 3166 1114 1026 3167 1120 826 3168 1119 1026 3169 1120 827 3170 1121 827 3171 1121 1026 3172 1120 828 3173 1122 828 3174 1122 1026 3175 1120 1027 3176 1123 828 3177 1122 1027 3178 1123 829 3179 1124 829 3180 1124 1027 3181 1123 1028 3182 1125 829 3183 1124 1028 3184 1125 830 3185 1126 830 3186 1126 1028 3187 1125 831 3188 1127 831 3189 1127 1028 3190 1125 1029 3191 1128 831 3192 1127 1029 3193 1128 832 3194 1129 832 3195 1129 1029 3196 1128 833 3197 1130 833 3198 1130 1029 3199 1128 834 3200 1131 834 3201 1131 1029 3202 1128 1030 3203 1088 834 3204 1131 1030 3205 1088 835 3206 1132 835 3207 1132 1030 3208 1088 836 3209 1133 836 3210 1133 1030 3211 1088 837 3212 1134 837 3213 1134 1030 3214 1088 838 3215 1090 701 3216 1135 950 3217 1136 1050 3218 1137 1050 3219 1137 950 3220 1136 1031 3221 1138 1050 3222 1137 1031 3223 1138 1049 3224 1139 1049 3225 1139 1031 3226 1138 1032 3227 1140 1049 3228 1139 1032 3229 1140 866 3230 1141 866 3231 1141 1032 3232 1140 881 3233 1142 881 3234 1142 1032 3235 1140 1033 3236 1143 881 3237 1142 1033 3238 1143 882 3239 1144 882 3240 1144 1033 3241 1143 1034 3242 1145 882 3243 1144 1034 3244 1145 883 3245 1146 883 3246 1146 1034 3247 1145 1035 3248 1147 883 3249 1146 1035 3250 1147 884 3251 1148 884 3252 1148 1035 3253 1147 885 3254 1149 885 3255 1149 1035 3256 1147 1036 3257 1150 885 3258 1149 1036 3259 1150 886 3260 1151 886 3261 1151 1036 3262 1150 1037 3263 1152 886 3264 1151 1037 3265 1152 887 3266 1153 887 3267 1153 1037 3268 1152 888 3269 1154 888 3270 1154 1037 3271 1152 1038 3272 1155 888 3273 1154 1038 3274 1155 889 3275 1156 889 3276 1156 1038 3277 1155 890 3278 1157 890 3279 1157 1038 3280 1155 1039 3281 1158 890 3282 1157 1039 3283 1158 891 3284 1159 891 3285 1159 1039 3286 1158 1040 3287 1160 891 3288 1159 1040 3289 1160 892 3290 1161 892 3291 1161 1040 3292 1160 1041 3293 1162 892 3294 1161 1041 3295 1162 853 3296 1163 853 3297 1163 1041 3298 1162 1043 3299 1164 853 3300 1163 1043 3301 1164 854 3302 1165 854 3303 1165 1043 3304 1164 855 3305 1166 855 3306 1166 1043 3307 1164 856 3308 1167 856 3309 1167 1043 3310 1164 857 3311 1168 857 3312 1168 1043 3313 1164 1044 3314 1169 857 3315 1168 1044 3316 1169 858 3317 1170 858 3318 1170 1044 3319 1169 859 3320 1171 859 3321 1171 1044 3322 1169 860 3323 1172 860 3324 1172 1044 3325 1169 1045 3326 1173 860 3327 1172 1045 3328 1173 861 3329 1174 861 3330 1174 1045 3331 1173 862 3332 1175 862 3333 1175 1045 3334 1173 1046 3335 1176 862 3336 1175 1046 3337 1176 863 3338 1177 863 3339 1177 1046 3340 1176 1047 3341 1178 863 3342 1177 1047 3343 1178 864 3344 1179 864 3345 1179 1047 3346 1178 865 3347 1180 865 3348 1180 1047 3349 1178 1048 3350 1181 865 3351 1180 1048 3352 1181 866 3353 1141 866 3354 1141 1048 3355 1181 1049 3356 1139 1041 3357 1162 1042 3358 1182 1043 3359 1164 1043 3360 1164 1042 3361 1182 963 3362 1183 717 3363 1184 1067 3364 1185 1043 3365 1186 1043 3366 1186 1067 3367 1185 1068 3368 1187 1043 3369 1186 1068 3370 1187 1069 3371 1188 716 3372 1189 589 3373 1190 717 3374 1184 717 3375 1184 589 3376 1190 588 3377 1191 717 3378 1184 588 3379 1191 1065 3380 1192 589 3381 1190 716 3382 1189 590 3383 1193 590 3384 1193 716 3385 1189 715 3386 1194 590 3387 1193 715 3388 1194 591 3389 1195 591 3390 1195 715 3391 1194 778 3392 1196 591 3393 1195 778 3394 1196 592 3395 1197 592 3396 1197 778 3397 1196 593 3398 1198 593 3399 1198 778 3400 1196 594 3401 1199 594 3402 1199 778 3403 1196 1053 3404 1200 594 3405 1199 1053 3406 1200 1054 3407 1201 778 3408 1196 715 3409 1194 731 3410 1202 731 3411 1202 715 3412 1194 714 3413 1203 731 3414 1202 714 3415 1203 713 3416 1204 713 3417 1204 712 3418 1205 731 3419 1202 731 3420 1202 712 3421 1205 711 3422 1206 731 3423 1202 711 3424 1206 710 3425 1207 778 3426 1196 1051 3427 1208 1053 3428 1200 1053 3429 1200 1051 3430 1208 1052 3431 1209 594 3432 1199 1054 3433 1201 595 3434 1210 595 3435 1210 1054 3436 1201 1055 3437 1211 595 3438 1210 1055 3439 1211 596 3440 1212 596 3441 1212 1055 3442 1211 597 3443 1213 597 3444 1213 1055 3445 1211 1056 3446 1214 597 3447 1213 1056 3448 1214 598 3449 1215 598 3450 1215 1056 3451 1214 599 3452 1216 599 3453 1216 1056 3454 1214 1057 3455 1217 599 3456 1216 1057 3457 1217 600 3458 1218 600 3459 1218 1057 3460 1217 601 3461 1219 601 3462 1219 1057 3463 1217 1058 3464 1220 601 3465 1219 1058 3466 1220 1076 3467 1221 1076 3468 1221 1058 3469 1220 1075 3470 1222 1075 3471 1222 1058 3472 1220 1059 3473 1223 1075 3474 1222 1059 3475 1223 1074 3476 1224 1074 3477 1224 1059 3478 1223 1073 3479 1225 1073 3480 1225 1059 3481 1223 1060 3482 1226 1073 3483 1225 1060 3484 1226 1072 3485 1227 1072 3486 1227 1060 3487 1226 1071 3488 1228 1071 3489 1228 1060 3490 1226 1061 3491 1229 1071 3492 1228 1061 3493 1229 1070 3494 1230 1070 3495 1230 1061 3496 1229 1062 3497 1231 1070 3498 1230 1062 3499 1231 1064 3500 1232 1064 3501 1232 1062 3502 1231 1063 3503 1233 1070 3504 1230 1064 3505 1232 1069 3506 1188 1069 3507 1188 1064 3508 1232 1043 3509 1186 1065 3510 1192 1066 3511 1234 717 3512 1184 717 3513 1184 1066 3514 1234 1067 3515 1185 792 3516 1235 791 3517 1236 1100 3518 1237 1100 3519 1237 791 3520 1236 1077 3521 1238 1100 3522 1237 1077 3523 1238 1099 3524 1239 1099 3525 1239 1077 3526 1238 1078 3527 1240 1099 3528 1239 1078 3529 1240 657 3530 1241 657 3531 1241 1078 3532 1240 1119 3533 1242 1119 3534 1242 1078 3535 1240 1118 3536 1243 1118 3537 1243 1078 3538 1240 1079 3539 1244 1118 3540 1243 1079 3541 1244 1117 3542 1245 1117 3543 1245 1079 3544 1244 1116 3545 1246 1116 3546 1246 1079 3547 1244 1080 3548 1247 1116 3549 1246 1080 3550 1247 1115 3551 1248 1115 3552 1248 1080 3553 1247 1114 3554 1249 1114 3555 1249 1080 3556 1247 1081 3557 1250 1114 3558 1249 1081 3559 1250 1113 3560 1251 1113 3561 1251 1081 3562 1250 1112 3563 1252 1112 3564 1252 1081 3565 1250 1082 3566 1253 1112 3567 1252 1082 3568 1253 1111 3569 1254 1111 3570 1254 1082 3571 1253 1110 3572 1255 1110 3573 1255 1082 3574 1253 1083 3575 1256 1110 3576 1255 1083 3577 1256 1109 3578 1257 1109 3579 1257 1083 3580 1256 1108 3581 1258 1108 3582 1258 1083 3583 1256 1084 3584 1259 1108 3585 1258 1084 3586 1259 1107 3587 1260 1107 3588 1260 1084 3589 1259 1106 3590 1261 1106 3591 1261 1084 3592 1259 1085 3593 1262 1106 3594 1261 1085 3595 1262 1105 3596 1263 1105 3597 1263 1085 3598 1262 1104 3599 1264 1104 3600 1264 1085 3601 1262 1086 3602 1265 1104 3603 1264 1086 3604 1265 1103 3605 1266 1103 3606 1266 1086 3607 1265 1102 3608 1267 1102 3609 1267 1086 3610 1265 1101 3611 1268 1101 3612 1268 1086 3613 1265 1087 3614 1269 1101 3615 1268 1087 3616 1269 637 3617 1270 637 3618 1270 1087 3619 1269 1090 3620 1271 637 3621 1270 1090 3622 1271 638 3623 1272 638 3624 1272 1090 3625 1271 1091 3626 1273 638 3627 1272 1091 3628 1273 639 3629 1274 639 3630 1274 1091 3631 1273 640 3632 1275 640 3633 1275 1091 3634 1273 641 3635 1276 641 3636 1276 1091 3637 1273 1092 3638 1277 641 3639 1276 1092 3640 1277 642 3641 1278 642 3642 1278 1092 3643 1277 643 3644 1279 643 3645 1279 1092 3646 1277 1093 3647 1280 643 3648 1279 1093 3649 1280 644 3650 1281 644 3651 1281 1093 3652 1280 645 3653 1282 645 3654 1282 1093 3655 1280 1094 3656 1283 645 3657 1282 1094 3658 1283 646 3659 1284 646 3660 1284 1094 3661 1283 647 3662 1285 647 3663 1285 1094 3664 1283 1095 3665 1286 647 3666 1285 1095 3667 1286 648 3668 1287 648 3669 1287 1095 3670 1286 649 3671 1288 649 3672 1288 1095 3673 1286 1096 3674 1289 649 3675 1288 1096 3676 1289 650 3677 1290 650 3678 1290 1096 3679 1289 651 3680 1291 651 3681 1291 1096 3682 1289 1097 3683 1292 651 3684 1291 1097 3685 1292 652 3686 1293 652 3687 1293 1097 3688 1292 653 3689 1294 653 3690 1294 1097 3691 1292 1098 3692 1295 653 3693 1294 1098 3694 1295 654 3695 1296 654 3696 1296 1098 3697 1295 655 3698 1297 655 3699 1297 1098 3700 1295 1099 3701 1239 655 3702 1297 1099 3703 1239 656 3704 1298 656 3705 1298 1099 3706 1239 657 3707 1241 1090 3708 1271 1087 3709 1269 1089 3710 1299 1089 3711 1299 1087 3712 1269 1088 3713 1300 1089 3714 1299 1088 3715 1300 805 3716 1301 805 3717 1301 1088 3718 1300 778 3719 1302 745 3720 1303 744 3721 1304 1143 3722 1305 1143 3723 1305 744 3724 1304 1120 3725 1306 1143 3726 1305 1120 3727 1306 1142 3728 1307 1142 3729 1307 1120 3730 1306 1121 3731 1308 1142 3732 1307 1121 3733 1308 699 3734 1309 699 3735 1309 1121 3736 1308 1162 3737 1310 1162 3738 1310 1121 3739 1308 1161 3740 1311 1161 3741 1311 1121 3742 1308 1122 3743 1312 1161 3744 1311 1122 3745 1312 1160 3746 1313 1160 3747 1313 1122 3748 1312 1159 3749 1314 1159 3750 1314 1122 3751 1312 1123 3752 1315 1159 3753 1314 1123 3754 1315 1158 3755 1316 1158 3756 1316 1123 3757 1315 1157 3758 1317 1157 3759 1317 1123 3760 1315 1124 3761 1318 1157 3762 1317 1124 3763 1318 1156 3764 1319 1156 3765 1319 1124 3766 1318 1155 3767 1320 1155 3768 1320 1124 3769 1318 1125 3770 1321 1155 3771 1320 1125 3772 1321 1154 3773 1322 1154 3774 1322 1125 3775 1321 1153 3776 1323 1153 3777 1323 1125 3778 1321 1126 3779 1324 1153 3780 1323 1126 3781 1324 1152 3782 1325 1152 3783 1325 1126 3784 1324 1151 3785 1326 1151 3786 1326 1126 3787 1324 1127 3788 1327 1151 3789 1326 1127 3790 1327 1150 3791 1328 1150 3792 1328 1127 3793 1327 1149 3794 1329 1149 3795 1329 1127 3796 1327 1128 3797 1330 1149 3798 1329 1128 3799 1330 1148 3800 1331 1148 3801 1331 1128 3802 1330 1147 3803 1332 1147 3804 1332 1128 3805 1330 1129 3806 1333 1147 3807 1332 1129 3808 1333 1146 3809 1334 1146 3810 1334 1129 3811 1333 1145 3812 1335 1145 3813 1335 1129 3814 1333 1144 3815 1336 1144 3816 1336 1129 3817 1333 1130 3818 1337 1144 3819 1336 1130 3820 1337 679 3821 1338 679 3822 1338 1130 3823 1337 1133 3824 1339 679 3825 1338 1133 3826 1339 680 3827 1340 680 3828 1340 1133 3829 1339 1134 3830 1341 680 3831 1340 1134 3832 1341 681 3833 1342 681 3834 1342 1134 3835 1341 682 3836 1343 682 3837 1343 1134 3838 1341 683 3839 1344 683 3840 1344 1134 3841 1341 1135 3842 1345 683 3843 1344 1135 3844 1345 684 3845 1346 684 3846 1346 1135 3847 1345 685 3848 1347 685 3849 1347 1135 3850 1345 1136 3851 1348 685 3852 1347 1136 3853 1348 686 3854 1349 686 3855 1349 1136 3856 1348 687 3857 1350 687 3858 1350 1136 3859 1348 1137 3860 1351 687 3861 1350 1137 3862 1351 688 3863 1352 688 3864 1352 1137 3865 1351 689 3866 1353 689 3867 1353 1137 3868 1351 1138 3869 1354 689 3870 1353 1138 3871 1354 690 3872 1355 690 3873 1355 1138 3874 1354 691 3875 1356 691 3876 1356 1138 3877 1354 1139 3878 1357 691 3879 1356 1139 3880 1357 692 3881 1358 692 3882 1358 1139 3883 1357 693 3884 1359 693 3885 1359 1139 3886 1357 1140 3887 1360 693 3888 1359 1140 3889 1360 694 3890 1361 694 3891 1361 1140 3892 1360 695 3893 1362 695 3894 1362 1140 3895 1360 1141 3896 1363 695 3897 1362 1141 3898 1363 696 3899 1364 696 3900 1364 1141 3901 1363 697 3902 1365 697 3903 1365 1141 3904 1363 1142 3905 1307 697 3906 1365 1142 3907 1307 698 3908 1366 698 3909 1366 1142 3910 1307 699 3911 1309 1133 3912 1339 1130 3913 1337 1132 3914 1367 1132 3915 1367 1130 3916 1337 1131 3917 1368 1132 3918 1367 1131 3919 1368 758 3920 1369 758 3921 1369 1131 3922 1368 731 3923 1370 745 3924 1371 1143 3925 1372 792 3926 1373 792 3927 1373 1143 3928 1372 793 3929 1374 793 3930 1374 1143 3931 1372 1142 3932 1375 793 3933 1374 1142 3934 1375 794 3935 1376 794 3936 1376 1142 3937 1375 1141 3938 1377 794 3939 1376 1141 3940 1377 795 3941 1378 795 3942 1378 1141 3943 1377 1140 3944 1379 795 3945 1378 1140 3946 1379 796 3947 1380 796 3948 1380 1140 3949 1379 1139 3950 1381 796 3951 1380 1139 3952 1381 797 3953 1382 797 3954 1382 1139 3955 1381 1138 3956 1383 797 3957 1382 1138 3958 1383 798 3959 1384 798 3960 1384 1138 3961 1383 1137 3962 1385 798 3963 1384 1137 3964 1385 799 3965 1386 799 3966 1386 1137 3967 1385 800 3968 1387 800 3969 1387 1137 3970 1385 1136 3971 1388 800 3972 1387 1136 3973 1388 801 3974 1389 801 3975 1389 1136 3976 1388 1135 3977 1390 801 3978 1389 1135 3979 1390 802 3980 1391 802 3981 1391 1135 3982 1390 1134 3983 1392 802 3984 1391 1134 3985 1392 803 3986 1393 803 3987 1393 1134 3988 1392 1133 3989 1394 803 3990 1393 1133 3991 1394 804 3992 1395 804 3993 1395 1133 3994 1394 1132 3995 1396 804 3996 1395 1132 3997 1396 805 3998 1397 805 3999 1397 1132 4000 1396 758 4001 1398 731 4002 1399 1131 4003 1400 778 4004 1401 778 4005 1401 1131 4006 1400 779 4007 1402 779 4008 1402 1131 4009 1400 1130 4010 1403 779 4011 1402 1130 4012 1403 780 4013 1404 780 4014 1404 1130 4015 1403 1129 4016 1405 780 4017 1404 1129 4018 1405 781 4019 1406 781 4020 1406 1129 4021 1405 1128 4022 1407 781 4023 1406 1128 4024 1407 782 4025 1408 782 4026 1408 1128 4027 1407 1127 4028 1409 782 4029 1408 1127 4030 1409 783 4031 1410 783 4032 1410 1127 4033 1409 1126 4034 1411 783 4035 1410 1126 4036 1411 784 4037 1412 784 4038 1412 1126 4039 1411 1125 4040 1413 784 4041 1412 1125 4042 1413 785 4043 1414 785 4044 1414 1125 4045 1413 786 4046 1415 786 4047 1415 1125 4048 1413 1124 4049 1416 786 4050 1415 1124 4051 1416 787 4052 1417 787 4053 1417 1124 4054 1416 1123 4055 1418 787 4056 1417 1123 4057 1418 788 4058 1419 788 4059 1419 1123 4060 1418 1122 4061 1420 788 4062 1419 1122 4063 1420 789 4064 1421 789 4065 1421 1122 4066 1420 1121 4067 1422 789 4068 1421 1121 4069 1422 790 4070 1423 790 4071 1423 1121 4072 1422 1120 4073 1424 790 4074 1423 1120 4075 1424 791 4076 1425 791 4077 1425 1120 4078 1424 744 4079 1426 792 4080 1427 1100 4081 1428 1164 4082 1429 1164 4083 1429 1100 4084 1428 1099 4085 1430 1164 4086 1429 1099 4087 1430 1098 4088 1431 1098 4089 1431 1097 4090 1432 1164 4091 1429 1164 4092 1429 1097 4093 1432 1096 4094 1433 1164 4095 1429 1096 4096 1433 1095 4097 1434 1095 4098 1434 1094 4099 1435 1164 4100 1429 1164 4101 1429 1094 4102 1435 1163 4103 1436 1163 4104 1436 1094 4105 1435 1093 4106 1437 1163 4107 1436 1093 4108 1437 1092 4109 1438 1092 4110 1438 1091 4111 1439 1163 4112 1436 1163 4113 1436 1091 4114 1439 1090 4115 1440 1163 4116 1436 1090 4117 1440 1089 4118 1441 1089 4119 1441 805 4120 1442 1163 4121 1436 778 4122 1443 1088 4123 1444 1051 4124 1445 1051 4125 1445 1088 4126 1444 1087 4127 1446 1051 4128 1445 1087 4129 1446 1086 4130 1447 1086 4131 1447 1085 4132 1448 1051 4133 1445 1051 4134 1445 1085 4135 1448 1084 4136 1449 1051 4137 1445 1084 4138 1449 1083 4139 1450 1083 4140 1450 1082 4141 1451 1051 4142 1445 1051 4143 1445 1082 4144 1451 1165 4145 1452 1165 4146 1452 1082 4147 1451 1081 4148 1453 1165 4149 1452 1081 4150 1453 1080 4151 1454 1080 4152 1454 1079 4153 1455 1165 4154 1452 1165 4155 1452 1079 4156 1455 1078 4157 1456 1165 4158 1452 1078 4159 1456 1077 4160 1457 1077 4161 1457 791 4162 1458 1165 4163 1452 1191 4164 1459 1022 4165 1460 1190 4166 1461 1190 4167 1461 1022 4168 1460 1166 4169 1462 1190 4170 1461 1166 4171 1462 1189 4172 1463 1189 4173 1463 1166 4174 1462 1167 4175 1464 1189 4176 1463 1167 4177 1464 1188 4178 1465 1188 4179 1465 1167 4180 1464 1168 4181 1466 1188 4182 1465 1168 4183 1466 1187 4184 1467 1187 4185 1467 1168 4186 1466 1169 4187 1468 1187 4188 1467 1169 4189 1468 1186 4190 1469 1186 4191 1469 1169 4192 1468 1170 4193 1470 1186 4194 1469 1170 4195 1470 1185 4196 1471 1185 4197 1471 1170 4198 1470 1171 4199 1472 1185 4200 1471 1171 4201 1472 1184 4202 1473 1184 4203 1473 1171 4204 1472 1172 4205 1474 1184 4206 1473 1172 4207 1474 1183 4208 1475 1183 4209 1475 1172 4210 1474 1173 4211 1476 1183 4212 1475 1173 4213 1476 1182 4214 1477 1182 4215 1477 1173 4216 1476 1174 4217 1478 1182 4218 1477 1174 4219 1478 1181 4220 1479 1181 4221 1479 1174 4222 1478 1175 4223 1480 1181 4224 1479 1175 4225 1480 1180 4226 1481 1180 4227 1481 1175 4228 1480 1176 4229 1482 1180 4230 1481 1176 4231 1482 1179 4232 1483 1179 4233 1483 1176 4234 1482 1177 4235 1484 1179 4236 1483 1177 4237 1484 1178 4238 1485 1178 4239 1485 1177 4240 1484 1009 4241 1486 1193 4242 1487 1196 4243 1488 1192 4244 1489 1192 4245 1489 1196 4246 1488 1178 4247 1490 1192 4248 1489 1178 4249 1490 1030 4250 1491 1030 4251 1491 1178 4252 1490 1009 4253 1492 1194 4254 1493 1195 4255 1494 1193 4256 1487 1193 4257 1487 1195 4258 1494 1196 4259 1488 1030 4260 1491 1197 4261 1495 1192 4262 1489 1195 4263 1496 1198 4264 1497 1196 4265 1498 1196 4266 1498 1198 4267 1497 1240 4268 1499 1240 4269 1499 1198 4270 1497 1199 4271 1500 1240 4272 1499 1199 4273 1500 1239 4274 1501 1239 4275 1501 1199 4276 1500 1200 4277 1502 1239 4278 1501 1200 4279 1502 1238 4280 1503 1238 4281 1503 1200 4282 1502 1201 4283 1504 1238 4284 1503 1201 4285 1504 1237 4286 1505 1237 4287 1505 1201 4288 1504 1202 4289 1506 1237 4290 1505 1202 4291 1506 1236 4292 1507 1236 4293 1507 1202 4294 1506 1203 4295 1508 1236 4296 1507 1203 4297 1508 1235 4298 1509 1235 4299 1509 1203 4300 1508 1204 4301 1510 1235 4302 1509 1204 4303 1510 1234 4304 1511 1234 4305 1511 1204 4306 1510 1205 4307 1512 1234 4308 1511 1205 4309 1512 1206 4310 1513 1234 4311 1511 1206 4312 1513 1233 4313 1514 1233 4314 1514 1206 4315 1513 1207 4316 1515 1233 4317 1514 1207 4318 1515 1232 4319 1516 1232 4320 1516 1207 4321 1515 1208 4322 1517 1232 4323 1516 1208 4324 1517 1231 4325 1518 1231 4326 1518 1208 4327 1517 1209 4328 1519 1231 4329 1518 1209 4330 1519 1230 4331 1520 1230 4332 1520 1209 4333 1519 1210 4334 1521 1230 4335 1520 1210 4336 1521 1229 4337 1522 1229 4338 1522 1210 4339 1521 1211 4340 1523 1229 4341 1522 1211 4342 1523 1228 4343 1524 1228 4344 1524 1211 4345 1523 1227 4346 1525 1227 4347 1525 1211 4348 1523 1226 4349 1526 1226 4350 1526 1211 4351 1523 1212 4352 1527 1226 4353 1526 1212 4354 1527 1225 4355 1528 1225 4356 1528 1212 4357 1527 1213 4358 1529 1225 4359 1528 1213 4360 1529 1224 4361 1530 1224 4362 1530 1213 4363 1529 1214 4364 1531 1224 4365 1530 1214 4366 1531 1223 4367 1532 1223 4368 1532 1214 4369 1531 1215 4370 1533 1223 4371 1532 1215 4372 1533 1222 4373 1534 1222 4374 1534 1215 4375 1533 1216 4376 1535 1222 4377 1534 1216 4378 1535 1221 4379 1536 1221 4380 1536 1216 4381 1535 1217 4382 1537 1221 4383 1536 1217 4384 1537 1220 4385 1538 1220 4386 1538 1217 4387 1537 1218 4388 1539 1220 4389 1538 1218 4390 1539 1219 4391 1540 1227 4392 1541 1241 4393 1542 1228 4394 1543 1228 4395 1543 1241 4396 1542 1191 4397 1544 1191 4398 1544 1241 4399 1542 1022 4400 1545 1022 4401 1545 1241 4402 1542 702 4403 1546 1190 4404 1547 475 4405 1548 1191 4406 1549 1191 4407 1549 475 4408 1548 474 4409 1550 1191 4410 1549 474 4411 1550 1277 4412 1551 1277 4413 1551 474 4414 1550 473 4415 1552 1277 4416 1551 473 4417 1552 1276 4418 1553 1276 4419 1553 473 4420 1552 472 4421 1554 1276 4422 1553 472 4423 1554 1275 4424 1555 1275 4425 1555 472 4426 1554 471 4427 1556 1275 4428 1555 471 4429 1556 1274 4430 1557 1274 4431 1557 471 4432 1556 470 4433 1558 1274 4434 1557 470 4435 1558 1273 4436 1559 1273 4437 1559 470 4438 1558 469 4439 1560 1273 4440 1559 469 4441 1560 1272 4442 1561 1272 4443 1561 469 4444 1560 468 4445 1562 1272 4446 1561 468 4447 1562 1271 4448 1563 1271 4449 1563 468 4450 1562 1270 4451 1564 1270 4452 1564 468 4453 1562 467 4454 1565 1270 4455 1564 467 4456 1565 1269 4457 1566 1269 4458 1566 467 4459 1565 466 4460 1567 1269 4461 1566 466 4462 1567 1268 4463 1568 1268 4464 1568 466 4465 1567 465 4466 1569 1268 4467 1568 465 4468 1569 1267 4469 1570 1267 4470 1570 465 4471 1569 464 4472 1571 1267 4473 1570 464 4474 1571 1266 4475 1572 1266 4476 1572 464 4477 1571 463 4478 1573 1266 4479 1572 463 4480 1573 1178 4481 1574 1178 4482 1574 463 4483 1573 462 4484 1575 1178 4485 1574 462 4486 1575 1179 4487 1576 1179 4488 1576 462 4489 1575 1180 4490 1577 1180 4491 1577 462 4492 1575 1278 4493 1578 1180 4494 1577 1278 4495 1578 1181 4496 1579 1181 4497 1579 1278 4498 1578 1279 4499 1580 1181 4500 1579 1279 4501 1580 1280 4502 1581 1190 4503 1547 1189 4504 1582 475 4505 1548 475 4506 1548 1189 4507 1582 1289 4508 1583 1289 4509 1583 1189 4510 1582 1188 4511 1584 1289 4512 1583 1188 4513 1584 1288 4514 1585 1288 4515 1585 1188 4516 1584 1287 4517 1586 1287 4518 1586 1188 4519 1584 1187 4520 1587 1287 4521 1586 1187 4522 1587 1286 4523 1588 1286 4524 1588 1187 4525 1587 1186 4526 1589 1286 4527 1588 1186 4528 1589 1285 4529 1590 1285 4530 1590 1186 4531 1589 1185 4532 1591 1285 4533 1590 1185 4534 1591 1284 4535 1592 1284 4536 1592 1185 4537 1591 1184 4538 1593 1284 4539 1592 1184 4540 1593 1283 4541 1594 1283 4542 1594 1184 4543 1593 1282 4544 1595 1282 4545 1595 1184 4546 1593 1183 4547 1596 1282 4548 1595 1183 4549 1596 1281 4550 1597 1281 4551 1597 1183 4552 1596 1182 4553 1598 1281 4554 1597 1182 4555 1598 1280 4556 1581 1280 4557 1581 1182 4558 1598 1181 4559 1579 1196 4560 1599 518 4561 1600 1178 4562 1574 1178 4563 1574 518 4564 1600 490 4565 1601 1178 4566 1574 490 4567 1601 1266 4568 1572 1240 4569 1602 546 4570 1603 1196 4571 1599 1196 4572 1599 546 4573 1603 1242 4574 1604 1196 4575 1599 1242 4576 1604 519 4577 1605 519 4578 1605 1242 4579 1604 1243 4580 1606 519 4581 1605 1243 4582 1606 520 4583 1607 520 4584 1607 1243 4585 1606 1244 4586 1608 520 4587 1607 1244 4588 1608 521 4589 1609 521 4590 1609 1244 4591 1608 522 4592 1610 522 4593 1610 1244 4594 1608 1245 4595 1611 522 4596 1610 1245 4597 1611 523 4598 1612 523 4599 1612 1245 4600 1611 1246 4601 1613 523 4602 1612 1246 4603 1613 524 4604 1614 524 4605 1614 1246 4606 1613 1247 4607 1615 524 4608 1614 1247 4609 1615 1248 4610 1616 1240 4611 1602 1239 4612 1617 546 4613 1603 546 4614 1603 1239 4615 1617 547 4616 1618 547 4617 1618 1239 4618 1617 1238 4619 1619 547 4620 1618 1238 4621 1619 548 4622 1620 548 4623 1620 1238 4624 1619 549 4625 1621 549 4626 1621 1238 4627 1619 1237 4628 1622 549 4629 1621 1237 4630 1622 550 4631 1623 550 4632 1623 1237 4633 1622 1236 4634 1624 550 4635 1623 1236 4636 1624 551 4637 1625 551 4638 1625 1236 4639 1624 1235 4640 1626 551 4641 1625 1235 4642 1626 552 4643 1627 552 4644 1627 1235 4645 1626 1234 4646 1628 552 4647 1627 1234 4648 1628 553 4649 1629 553 4650 1629 1234 4651 1628 554 4652 1630 554 4653 1630 1234 4654 1628 1233 4655 1631 554 4656 1630 1233 4657 1631 555 4658 1632 555 4659 1632 1233 4660 1631 1232 4661 1633 555 4662 1632 1232 4663 1633 556 4664 1634 556 4665 1634 1232 4666 1633 1231 4667 1635 556 4668 1634 1231 4669 1635 557 4670 1636 557 4671 1636 1231 4672 1635 558 4673 1637 558 4674 1637 1231 4675 1635 1230 4676 1638 558 4677 1637 1230 4678 1638 559 4679 1639 559 4680 1639 1230 4681 1638 1229 4682 1640 559 4683 1639 1229 4684 1640 1228 4685 1641 1191 4686 1549 531 4687 1642 1228 4688 1641 1228 4689 1641 531 4690 1642 530 4691 1643 1228 4692 1641 530 4693 1643 1253 4694 1644 1253 4695 1644 530 4696 1643 1252 4697 1645 1252 4698 1645 530 4699 1643 529 4700 1646 1252 4701 1645 529 4702 1646 1251 4703 1647 1251 4704 1647 529 4705 1646 528 4706 1648 1251 4707 1647 528 4708 1648 527 4709 1649 524 4710 1614 1248 4711 1616 525 4712 1650 525 4713 1650 1248 4714 1616 1249 4715 1651 525 4716 1650 1249 4717 1651 526 4718 1652 526 4719 1652 1249 4720 1651 1250 4721 1653 526 4722 1652 1250 4723 1653 527 4724 1649 527 4725 1649 1250 4726 1653 1251 4727 1647 1253 4728 1644 559 4729 1639 1228 4730 1641 490 4731 1601 518 4732 1600 491 4733 1654 491 4734 1654 518 4735 1600 1254 4736 1655 491 4737 1654 1254 4738 1655 492 4739 1656 492 4740 1656 1254 4741 1655 1255 4742 1657 492 4743 1656 1255 4744 1657 493 4745 1658 493 4746 1658 1255 4747 1657 1256 4748 1659 493 4749 1658 1256 4750 1659 494 4751 1660 494 4752 1660 1256 4753 1659 1257 4754 1661 494 4755 1660 1257 4756 1661 495 4757 1662 495 4758 1662 1257 4759 1661 1258 4760 1663 495 4761 1662 1258 4762 1663 496 4763 1664 496 4764 1664 1258 4765 1663 1259 4766 1665 496 4767 1664 1259 4768 1665 1260 4769 1666 496 4770 1664 1260 4771 1666 497 4772 1667 497 4773 1667 1260 4774 1666 1261 4775 1668 497 4776 1667 1261 4777 1668 498 4778 1669 498 4779 1669 1261 4780 1668 1262 4781 1670 498 4782 1669 1262 4783 1670 499 4784 1671 499 4785 1671 1262 4786 1670 1263 4787 1672 499 4788 1671 1263 4789 1672 500 4790 1673 500 4791 1673 1263 4792 1672 1264 4793 1674 500 4794 1673 1264 4795 1674 501 4796 1675 501 4797 1675 1264 4798 1674 1265 4799 1676 501 4800 1675 1265 4801 1676 502 4802 1677 502 4803 1677 1265 4804 1676 531 4805 1642 502 4806 1677 531 4807 1642 503 4808 1678 503 4809 1678 531 4810 1642 1191 4811 1549 503 4812 1678 1191 4813 1549 1277 4814 1551 519 4815 1605 518 4816 1600 1196 4817 1599 1290 4818 1679 1291 4819 1680 1204 4820 1681 1204 4821 1681 1291 4822 1680 1205 4823 1682 1291 4824 1683 1290 4825 1684 1315 4826 1685 1315 4827 1685 1290 4828 1684 1292 4829 1686 1315 4830 1685 1292 4831 1686 1314 4832 1687 1314 4833 1687 1292 4834 1686 1293 4835 1688 1314 4836 1687 1293 4837 1688 1313 4838 1689 1313 4839 1689 1293 4840 1688 1294 4841 1690 1313 4842 1689 1294 4843 1690 1312 4844 1691 1312 4845 1691 1294 4846 1690 1295 4847 1692 1312 4848 1691 1295 4849 1692 1311 4850 1693 1311 4851 1693 1295 4852 1692 1296 4853 1694 1311 4854 1693 1296 4855 1694 1310 4856 1695 1310 4857 1695 1296 4858 1694 1297 4859 1696 1310 4860 1695 1297 4861 1696 1309 4862 1697 1309 4863 1697 1297 4864 1696 1298 4865 1698 1309 4866 1697 1298 4867 1698 1308 4868 1699 1308 4869 1699 1298 4870 1698 1299 4871 1700 1308 4872 1699 1299 4873 1700 1307 4874 1701 1307 4875 1701 1299 4876 1700 1300 4877 1702 1307 4878 1701 1300 4879 1702 1306 4880 1703 1306 4881 1703 1300 4882 1702 1301 4883 1704 1306 4884 1703 1301 4885 1704 1305 4886 1705 1305 4887 1705 1301 4888 1704 1302 4889 1706 1305 4890 1705 1302 4891 1706 1304 4892 1707 1304 4893 1707 1302 4894 1706 1303 4895 1708 1304 4896 1707 1303 4897 1708 1163 4898 1709 1163 4899 1709 1303 4900 1708 1164 4901 1710 758 4902 1711 757 4903 1712 1218 4904 1713 1218 4905 1713 757 4906 1712 756 4907 1714 1218 4908 1713 756 4909 1714 755 4910 1715 755 4911 1715 754 4912 1716 1218 4913 1713 1218 4914 1713 754 4915 1716 753 4916 1717 1218 4917 1713 753 4918 1717 752 4919 1718 1218 4920 1713 752 4921 1718 1219 4922 1719 1219 4923 1719 752 4924 1718 751 4925 1720 1219 4926 1719 751 4927 1720 750 4928 1721 1219 4929 1719 750 4930 1721 1194 4931 1722 1194 4932 1722 750 4933 1721 749 4934 1723 1194 4935 1722 749 4936 1723 748 4937 1724 748 4938 1724 747 4939 1725 1194 4940 1722 1194 4941 1722 747 4942 1725 746 4943 1726 1194 4944 1722 746 4945 1726 745 4946 1727 1194 4947 1722 1193 4948 1728 1219 4949 1719 1219 4950 1719 1193 4951 1728 1316 4952 1729 1217 4953 1730 1216 4954 1731 1218 4955 1732 1218 4956 1732 1216 4957 1731 758 4958 1733 758 4959 1733 1216 4960 1731 1215 4961 1734 758 4962 1733 1215 4963 1734 1214 4964 1735 1214 4965 1735 1213 4966 1736 758 4967 1733 758 4968 1733 1213 4969 1736 1317 4970 1737 758 4971 1733 1317 4972 1737 1318 4973 1738 1213 4974 1736 1212 4975 1739 1317 4976 1737 1317 4977 1737 1212 4978 1739 560 4979 1740 560 4980 1740 1212 4981 1739 1211 4982 1741 560 4983 1740 1211 4984 1741 561 4985 1742 561 4986 1742 1211 4987 1741 1210 4988 1743 561 4989 1742 1210 4990 1743 562 4991 1744 562 4992 1744 1210 4993 1743 1209 4994 1745 562 4995 1744 1209 4996 1745 563 4997 1746 563 4998 1746 1209 4999 1745 1208 5000 1747 563 5001 1746 1208 5002 1747 1205 5003 1748 1205 5004 1748 1208 5005 1747 1207 5006 1749 1205 5007 1748 1207 5008 1749 1206 5009 1750 1291 5010 1751 565 5011 1752 1205 5012 1748 1205 5013 1748 565 5014 1752 564 5015 1753 1205 5016 1748 564 5017 1753 563 5018 1746 1315 5019 1754 1314 5020 1755 1291 5021 1751 1291 5022 1751 1314 5023 1755 566 5024 1756 1291 5025 1751 566 5026 1756 565 5027 1752 1314 5028 1755 1313 5029 1757 566 5030 1756 566 5031 1756 1313 5032 1757 567 5033 1758 567 5034 1758 1313 5035 1757 1312 5036 1759 567 5037 1758 1312 5038 1759 568 5039 1760 568 5040 1760 1312 5041 1759 569 5042 1761 569 5043 1761 1312 5044 1759 1311 5045 1762 569 5046 1761 1311 5047 1762 570 5048 1763 570 5049 1763 1311 5050 1762 571 5051 1764 571 5052 1764 1311 5053 1762 1310 5054 1765 571 5055 1764 1310 5056 1765 572 5057 1766 572 5058 1766 1310 5059 1765 573 5060 1767 573 5061 1767 1310 5062 1765 1309 5063 1768 573 5064 1767 1309 5065 1768 1328 5066 1769 1328 5067 1769 1309 5068 1768 1327 5069 1770 1327 5070 1770 1309 5071 1768 1308 5072 1771 1327 5073 1770 1308 5074 1771 1326 5075 1772 1326 5076 1772 1308 5077 1771 1325 5078 1773 1325 5079 1773 1308 5080 1771 1307 5081 1774 1325 5082 1773 1307 5083 1774 1324 5084 1775 1324 5085 1775 1307 5086 1774 1323 5087 1776 1323 5088 1776 1307 5089 1774 1306 5090 1777 1323 5091 1776 1306 5092 1777 1322 5093 1778 1322 5094 1778 1306 5095 1777 805 5096 1779 1322 5097 1778 805 5098 1779 1321 5099 1780 1321 5100 1780 805 5101 1779 1320 5102 1781 1320 5103 1781 805 5104 1779 1319 5105 1782 1319 5106 1782 805 5107 1779 758 5108 1733 1319 5109 1782 758 5110 1733 1318 5111 1738 1306 5112 1777 1305 5113 1783 805 5114 1779 805 5115 1779 1305 5116 1783 1163 5117 1784 1163 5118 1784 1305 5119 1783 1304 5120 1785 1203 5121 1786 1345 5122 1787 1204 5123 1788 1204 5124 1788 1345 5125 1787 1346 5126 1789 1204 5127 1788 1346 5128 1789 1290 5129 1790 1290 5130 1790 1346 5131 1789 1341 5132 1791 1290 5133 1790 1341 5134 1791 1342 5135 1792 1345 5136 1787 1203 5137 1786 1350 5138 1793 1350 5139 1793 1203 5140 1786 1202 5141 1794 1350 5142 1793 1202 5143 1794 1349 5144 1795 1349 5145 1795 1202 5146 1794 1201 5147 1796 1349 5148 1795 1201 5149 1796 1200 5150 1797 1200 5151 1797 1199 5152 1798 1349 5153 1795 1349 5154 1795 1199 5155 1798 1198 5156 1799 1349 5157 1795 1198 5158 1799 1195 5159 1800 1349 5160 1795 1195 5161 1800 1352 5162 1801 1352 5163 1801 1195 5164 1800 1194 5165 1802 1352 5166 1801 1194 5167 1802 745 5168 1803 792 5169 1804 1347 5170 1805 745 5171 1803 745 5172 1803 1347 5173 1805 1348 5174 1806 745 5175 1803 1348 5176 1806 1351 5177 1807 1351 5178 1807 1348 5179 1806 1350 5180 1793 1350 5181 1793 1348 5182 1806 1345 5183 1787 1164 5184 1808 1355 5185 1809 792 5186 1804 792 5187 1804 1355 5188 1809 1356 5189 1810 792 5190 1804 1356 5191 1810 1343 5192 1811 1343 5193 1811 1356 5194 1810 1342 5195 1792 1342 5196 1792 1356 5197 1810 1353 5198 1812 1342 5199 1792 1353 5200 1812 1290 5201 1790 1290 5202 1790 1353 5203 1812 1354 5204 1813 1290 5205 1790 1354 5206 1813 1292 5207 1814 1292 5208 1814 1354 5209 1813 1293 5210 1815 1293 5211 1815 1354 5212 1813 1294 5213 1816 1294 5214 1816 1354 5215 1813 581 5216 1817 1294 5217 1816 581 5218 1817 580 5219 1818 1164 5220 1808 1303 5221 1819 1355 5222 1809 1355 5223 1809 1303 5224 1819 1302 5225 1820 1355 5226 1809 1302 5227 1820 1301 5228 1821 1300 5229 1822 1334 5230 1823 1301 5231 1821 1301 5232 1821 1334 5233 1823 1335 5234 1824 1301 5235 1821 1335 5236 1824 1355 5237 1809 1355 5238 1809 1335 5239 1824 1336 5240 1825 1355 5241 1809 1336 5242 1825 1337 5243 1826 1299 5244 1827 1332 5245 1828 1300 5246 1822 1300 5247 1822 1332 5248 1828 1333 5249 1829 1300 5250 1822 1333 5251 1829 1334 5252 1823 1298 5253 1830 1330 5254 1831 1299 5255 1827 1299 5256 1827 1330 5257 1831 1331 5258 1832 1299 5259 1827 1331 5260 1832 1332 5261 1828 1297 5262 1833 574 5263 1834 1298 5264 1830 1298 5265 1830 574 5266 1834 1329 5267 1835 1298 5268 1830 1329 5269 1835 1330 5270 1831 1296 5271 1836 576 5272 1837 1297 5273 1833 1297 5274 1833 576 5275 1837 575 5276 1838 1297 5277 1833 575 5278 1838 574 5279 1834 1295 5280 1839 578 5281 1840 1296 5282 1836 1296 5283 1836 578 5284 1840 577 5285 1841 1296 5286 1836 577 5287 1841 576 5288 1837 1294 5289 1816 580 5290 1818 1295 5291 1839 1295 5292 1839 580 5293 1818 579 5294 1842 1295 5295 1839 579 5296 1842 578 5297 1840 1337 5298 1826 1338 5299 1843 1355 5300 1809 1355 5301 1809 1338 5302 1843 1339 5303 1844 1355 5304 1809 1339 5305 1844 1340 5306 1845 1340 5307 1845 587 5308 1846 1355 5309 1809 1355 5310 1809 587 5311 1846 1354 5312 1813 1354 5313 1813 587 5314 1846 586 5315 1847 1354 5316 1813 586 5317 1847 585 5318 1848 585 5319 1848 584 5320 1849 1354 5321 1813 1354 5322 1813 584 5323 1849 583 5324 1850 1354 5325 1813 583 5326 1850 582 5327 1851 582 5328 1851 581 5329 1817 1354 5330 1813 1343 5331 1811 1344 5332 1852 792 5333 1804 792 5334 1804 1344 5335 1852 1347 5336 1805 1347 5337 1805 1344 5338 1852 1346 5339 1789 1346 5340 1789 1344 5341 1852 1341 5342 1791 1351 5343 1807 1352 5344 1801 745 5345 1803 1197 5346 1853 1382 5347 1854 744 5348 1855 744 5349 1855 1382 5350 1854 1383 5351 1856 744 5352 1855 1383 5353 1856 1386 5354 1857 1386 5355 1857 1383 5356 1856 1389 5357 1858 1389 5358 1858 1383 5359 1856 1384 5360 1859 1389 5361 1858 1384 5362 1859 1030 5363 1860 1030 5364 1860 1384 5365 1859 1385 5366 1861 1030 5367 1860 1385 5368 1861 1197 5369 1853 1197 5370 1853 1385 5371 1861 1382 5372 1854 1357 5373 1862 1393 5374 1863 1030 5375 1860 1030 5376 1860 1393 5377 1863 1388 5378 1864 1030 5379 1860 1388 5380 1864 1389 5381 1858 1358 5382 1865 1396 5383 1866 1357 5384 1862 1357 5385 1862 1396 5386 1866 1397 5387 1867 1357 5388 1862 1397 5389 1867 1392 5390 1868 1392 5391 1868 1397 5392 1867 1391 5393 1869 1391 5394 1869 1397 5395 1867 1394 5396 1870 1391 5397 1869 1394 5398 1870 791 5399 1871 791 5400 1871 1394 5401 1870 1395 5402 1872 791 5403 1871 1395 5404 1872 1165 5405 1873 1165 5406 1873 1395 5407 1872 1369 5408 1874 1369 5409 1874 1395 5410 1872 1368 5411 1875 1368 5412 1875 1395 5413 1872 1367 5414 1876 1367 5415 1876 1395 5416 1872 609 5417 1877 1367 5418 1876 609 5419 1877 608 5420 1878 1358 5421 1865 1359 5422 1879 1396 5423 1866 1396 5424 1866 1359 5425 1879 1360 5426 1880 1396 5427 1866 1360 5428 1880 1376 5429 1881 1376 5430 1881 1360 5431 1880 1375 5432 1882 1375 5433 1882 1360 5434 1880 1361 5435 1883 1375 5436 1882 1361 5437 1883 1374 5438 1884 1374 5439 1884 1361 5440 1883 1373 5441 1885 1373 5442 1885 1361 5443 1883 1362 5444 1886 1373 5445 1885 1362 5446 1886 1372 5447 1887 1372 5448 1887 1362 5449 1886 1371 5450 1888 1371 5451 1888 1362 5452 1886 1363 5453 1889 1371 5454 1888 1363 5455 1889 1370 5456 1890 1370 5457 1890 1363 5458 1889 602 5459 1891 602 5460 1891 1363 5461 1889 1364 5462 1892 602 5463 1891 1364 5464 1892 603 5465 1893 603 5466 1893 1364 5467 1892 604 5468 1894 604 5469 1894 1364 5470 1892 1365 5471 1895 604 5472 1894 1365 5473 1895 605 5474 1896 605 5475 1896 1365 5476 1895 606 5477 1897 606 5478 1897 1365 5479 1895 1366 5480 1898 606 5481 1897 1366 5482 1898 607 5483 1899 607 5484 1899 1366 5485 1898 608 5486 1878 608 5487 1878 1366 5488 1898 1367 5489 1876 744 5490 1855 1387 5491 1900 791 5492 1871 791 5493 1871 1387 5494 1900 1390 5495 1901 791 5496 1871 1390 5497 1901 1391 5498 1869 1376 5499 1881 1377 5500 1902 1396 5501 1866 1396 5502 1866 1377 5503 1902 1378 5504 1903 1396 5505 1866 1378 5506 1903 1379 5507 1904 1379 5508 1904 1380 5509 1905 1396 5510 1866 1396 5511 1866 1380 5512 1905 1381 5513 1906 1396 5514 1866 1381 5515 1906 615 5516 1907 1396 5517 1866 615 5518 1907 1395 5519 1872 1395 5520 1872 615 5521 1907 614 5522 1908 1395 5523 1872 614 5524 1908 613 5525 1909 613 5526 1909 612 5527 1910 1395 5528 1872 1395 5529 1872 612 5530 1910 611 5531 1911 1395 5532 1872 611 5533 1911 610 5534 1912 610 5535 1912 609 5536 1877 1395 5537 1872 1386 5538 1857 1387 5539 1900 744 5540 1855 1390 5541 1901 1387 5542 1900 1393 5543 1863 1393 5544 1863 1387 5545 1900 1388 5546 1864 1392 5547 1868 1393 5548 1863 1357 5549 1862 702 5550 1913 701 5551 1914 1023 5552 1915 1023 5553 1915 701 5554 1914 1050 5555 1916 1023 5556 1915 1050 5557 1916 1024 5558 1917 1024 5559 1917 1050 5560 1916 1049 5561 1918 1024 5562 1917 1049 5563 1918 1025 5564 1919 1025 5565 1919 1049 5566 1918 1048 5567 1920 1025 5568 1919 1048 5569 1920 1026 5570 1921 1026 5571 1921 1048 5572 1920 1047 5573 1922 1026 5574 1921 1047 5575 1922 1027 5576 1923 1027 5577 1923 1047 5578 1922 1046 5579 1924 1027 5580 1923 1046 5581 1924 1028 5582 1925 1028 5583 1925 1046 5584 1924 1045 5585 1926 1028 5586 1925 1045 5587 1926 1029 5588 1927 1029 5589 1927 1045 5590 1926 1044 5591 1928 744 5592 1929 743 5593 1930 1197 5594 1931 1197 5595 1931 743 5596 1930 742 5597 1932 1197 5598 1931 742 5599 1932 741 5600 1933 741 5601 1933 740 5602 1934 1197 5603 1931 1197 5604 1931 740 5605 1934 739 5606 1935 1197 5607 1931 739 5608 1935 709 5609 1936 709 5610 1936 739 5611 1935 738 5612 1937 709 5613 1936 738 5614 1937 737 5615 1938 709 5616 1936 737 5617 1938 710 5618 1939 710 5619 1939 737 5620 1938 736 5621 1940 710 5622 1939 736 5623 1940 735 5624 1941 735 5625 1941 734 5626 1942 710 5627 1939 710 5628 1939 734 5629 1942 733 5630 1943 710 5631 1939 733 5632 1943 732 5633 1944 732 5634 1944 731 5635 1945 710 5636 1939 709 5637 1936 1398 5638 1946 1197 5639 1931 1197 5640 1931 1398 5641 1946 1192 5642 1947 1051 5643 1948 1165 5644 1949 1052 5645 1950 1052 5646 1950 1165 5647 1949 1369 5648 1951 1052 5649 1950 1369 5650 1951 1053 5651 1952 1053 5652 1952 1369 5653 1951 1368 5654 1953 1053 5655 1952 1368 5656 1953 1054 5657 1954 1054 5658 1954 1368 5659 1953 1367 5660 1955 1054 5661 1954 1367 5662 1955 1055 5663 1956 1055 5664 1956 1367 5665 1955 1366 5666 1957 1055 5667 1956 1366 5668 1957 1056 5669 1958 1056 5670 1958 1366 5671 1957 1365 5672 1959 1056 5673 1958 1365 5674 1959 1057 5675 1960 1057 5676 1960 1365 5677 1959 1364 5678 1961 1057 5679 1960 1364 5680 1961 1058 5681 1962 1058 5682 1962 1364 5683 1961 1363 5684 1963 1058 5685 1962 1363 5686 1963 1059 5687 1964 1059 5688 1964 1363 5689 1963 1362 5690 1965 1059 5691 1964 1362 5692 1965 1060 5693 1966 1060 5694 1966 1362 5695 1965 1361 5696 1967 1060 5697 1966 1361 5698 1967 1061 5699 1968 1061 5700 1968 1361 5701 1967 1360 5702 1969 1061 5703 1968 1360 5704 1969 1062 5705 1970 1062 5706 1970 1360 5707 1969 1359 5708 1971 1062 5709 1970 1359 5710 1971 1063 5711 1972 1063 5712 1972 1359 5713 1971 1358 5714 1973 1063 5715 1972 1358 5716 1973 1064 5717 1974 1064 5718 1974 1358 5719 1973 1357 5720 1975 1064 5721 1976 1357 5722 1977 1043 5723 1978 1043 5724 1978 1357 5725 1977 1030 5726 1979 1043 5727 1978 1030 5728 1979 1044 5729 1980 1044 5730 1980 1030 5731 1979 1029 5732 1981 1192 5733 1982 1398 5734 1983 1193 5735 1984 1193 5736 1984 1398 5737 1983 1316 5738 1985 1316 5739 1985 1398 5740 1983 1410 5741 1986 1410 5742 1986 1398 5743 1983 1399 5744 1987 1410 5745 1986 1399 5746 1987 1409 5747 1988 1409 5748 1988 1399 5749 1987 1400 5750 1989 1409 5751 1988 1400 5752 1989 1408 5753 1990 1408 5754 1990 1400 5755 1989 1401 5756 1991 1408 5757 1990 1401 5758 1991 1407 5759 1992 1407 5760 1992 1401 5761 1991 1402 5762 1993 1407 5763 1992 1402 5764 1993 1406 5765 1994 1406 5766 1994 1402 5767 1993 1403 5768 1995 1406 5769 1994 1403 5770 1995 1405 5771 1996 1405 5772 1996 1403 5773 1995 1404 5774 1997 1405 5775 1996 1404 5776 1997 1227 5777 1998 1227 5778 1998 1404 5779 1997 1241 5780 1999 1219 5781 2000 1316 5782 2001 1220 5783 2002 1220 5784 2002 1316 5785 2001 1410 5786 2003 1220 5787 2002 1410 5788 2003 1221 5789 2004 1221 5790 2004 1410 5791 2003 1409 5792 2005 1221 5793 2004 1409 5794 2005 1222 5795 2006 1222 5796 2006 1409 5797 2005 1408 5798 2007 1222 5799 2006 1408 5800 2007 1223 5801 2008 1223 5802 2008 1408 5803 2007 1407 5804 2009 1223 5805 2008 1407 5806 2009 1224 5807 2010 1224 5808 2010 1407 5809 2009 1406 5810 2011 1224 5811 2010 1406 5812 2011 1225 5813 2012 1225 5814 2012 1406 5815 2011 1405 5816 2013 1225 5817 2012 1405 5818 2013 1226 5819 2014 1226 5820 2014 1405 5821 2013 1227 5822 2015 702 5823 2016 1241 5824 2017 703 5825 2018 703 5826 2018 1241 5827 2017 1404 5828 2019 703 5829 2018 1404 5830 2019 704 5831 2020 704 5832 2020 1404 5833 2019 1403 5834 2021 704 5835 2020 1403 5836 2021 705 5837 2022 705 5838 2022 1403 5839 2021 1402 5840 2023 705 5841 2022 1402 5842 2023 706 5843 2024 706 5844 2024 1402 5845 2023 1401 5846 2025 706 5847 2024 1401 5848 2025 707 5849 2026 707 5850 2026 1401 5851 2025 1400 5852 2027 707 5853 2026 1400 5854 2027 708 5855 2028 708 5856 2028 1400 5857 2027 1399 5858 2029 708 5859 2028 1399 5860 2029 709 5861 2030 709 5862 2030 1399 5863 2029 1398 5864 2031 679 5865 2032 678 5866 2033 1144 5867 2034 1144 5868 2034 678 5869 2033 777 5870 2035 1144 5871 2034 777 5872 2035 1145 5873 2036 1145 5874 2036 777 5875 2035 776 5876 2037 1145 5877 2036 776 5878 2037 775 5879 2038 1145 5880 2036 775 5881 2038 1146 5882 2039 1146 5883 2039 775 5884 2038 774 5885 2040 1146 5886 2039 774 5887 2040 1147 5888 2041 1147 5889 2041 774 5890 2040 773 5891 2042 1147 5892 2041 773 5893 2042 1148 5894 2043 1148 5895 2043 773 5896 2042 1149 5897 2044 1149 5898 2044 773 5899 2042 772 5900 2045 1149 5901 2044 772 5902 2045 771 5903 2046 1149 5904 2044 771 5905 2046 1150 5906 2047 1150 5907 2047 771 5908 2046 770 5909 2048 1150 5910 2047 770 5911 2048 1151 5912 2049 1151 5913 2049 770 5914 2048 769 5915 2050 1151 5916 2049 769 5917 2050 1152 5918 2051 1152 5919 2051 769 5920 2050 1153 5921 2052 1153 5922 2052 769 5923 2050 768 5924 2053 1153 5925 2052 768 5926 2053 1154 5927 2054 1154 5928 2054 768 5929 2053 767 5930 2055 1154 5931 2054 767 5932 2055 766 5933 2056 1154 5934 2054 766 5935 2056 1155 5936 2057 1155 5937 2057 766 5938 2056 765 5939 2058 1155 5940 2057 765 5941 2058 1156 5942 2059 1156 5943 2059 765 5944 2058 764 5945 2060 1156 5946 2059 764 5947 2060 1157 5948 2061 1157 5949 2061 764 5950 2060 1158 5951 2062 1158 5952 2062 764 5953 2060 763 5954 2063 1158 5955 2062 763 5956 2063 762 5957 2064 1158 5958 2062 762 5959 2064 1159 5960 2065 1159 5961 2065 762 5962 2064 761 5963 2066 1159 5964 2065 761 5965 2066 1160 5966 2067 1160 5967 2067 761 5968 2066 760 5969 2068 1160 5970 2067 760 5971 2068 1161 5972 2069 1161 5973 2069 760 5974 2068 1162 5975 2070 1162 5976 2070 760 5977 2068 759 5978 2071 1162 5979 2070 759 5980 2071 699 5981 2072 699 5982 2072 759 5983 2071 658 5984 2073 637 5985 2074 636 5986 2075 1101 5987 2076 1101 5988 2076 636 5989 2075 824 5990 2077 1101 5991 2076 824 5992 2077 1102 5993 2078 1102 5994 2078 824 5995 2077 823 5996 2079 1102 5997 2078 823 5998 2079 822 5999 2080 1102 6000 2078 822 6001 2080 1103 6002 2081 1103 6003 2081 822 6004 2080 821 6005 2082 1103 6006 2081 821 6007 2082 1104 6008 2083 1104 6009 2083 821 6010 2082 820 6011 2084 1104 6012 2083 820 6013 2084 1105 6014 2085 1105 6015 2085 820 6016 2084 1106 6017 2086 1106 6018 2086 820 6019 2084 819 6020 2087 1106 6021 2086 819 6022 2087 818 6023 2088 1106 6024 2086 818 6025 2088 1107 6026 2089 1107 6027 2089 818 6028 2088 817 6029 2090 1107 6030 2089 817 6031 2090 1108 6032 2091 1108 6033 2091 817 6034 2090 816 6035 2092 1108 6036 2091 816 6037 2092 1109 6038 2093 1109 6039 2093 816 6040 2092 1110 6041 2094 1110 6042 2094 816 6043 2092 815 6044 2095 1110 6045 2094 815 6046 2095 1111 6047 2096 1111 6048 2096 815 6049 2095 814 6050 2097 1111 6051 2096 814 6052 2097 813 6053 2098 1111 6054 2096 813 6055 2098 1112 6056 2099 1112 6057 2099 813 6058 2098 812 6059 2100 1112 6060 2099 812 6061 2100 1113 6062 2101 1113 6063 2101 812 6064 2100 811 6065 2102 1113 6066 2101 811 6067 2102 1114 6068 2103 1114 6069 2103 811 6070 2102 1115 6071 2104 1115 6072 2104 811 6073 2102 810 6074 2105 1115 6075 2104 810 6076 2105 809 6077 2106 1115 6078 2104 809 6079 2106 1116 6080 2107 1116 6081 2107 809 6082 2106 808 6083 2108 1116 6084 2107 808 6085 2108 1117 6086 2109 1117 6087 2109 808 6088 2108 807 6089 2110 1117 6090 2109 807 6091 2110 1118 6092 2111 1118 6093 2111 807 6094 2110 1119 6095 2112 1119 6096 2112 807 6097 2110 806 6098 2113 1119 6099 2112 806 6100 2113 657 6101 2114 657 6102 2114 806 6103 2113 616 6104 2115 1395 6105 2116 1411 6106 2117 1396 6107 2118 1396 6108 2118 1411 6109 2117 1412 6110 2119 1396 6111 2118 1412 6112 2119 1397 6113 2120 1397 6114 2120 1412 6115 2121 1413 6116 2122 1397 6117 2123 1413 6118 2124 1394 6119 2125 1394 6120 2125 1413 6121 2124 1414 6122 2126 1394 6123 2127 1414 6124 2128 1395 6125 2129 1395 6126 2129 1414 6127 2128 1411 6128 2130 1411 6129 2131 1414 6130 2132 1412 6131 2133 1412 6132 2133 1414 6133 2132 1413 6134 2134 1391 6135 2135 1415 6136 2136 1392 6137 2137 1392 6138 2137 1415 6139 2136 1416 6140 2138 1392 6141 2137 1416 6142 2138 1393 6143 2139 1393 6144 2139 1416 6145 2140 1417 6146 2141 1393 6147 2142 1417 6148 2143 1390 6149 2144 1390 6150 2144 1417 6151 2143 1418 6152 2145 1390 6153 2146 1418 6154 2147 1391 6155 2148 1391 6156 2148 1418 6157 2147 1415 6158 2149 1415 6159 2150 1418 6160 2151 1416 6161 2152 1416 6162 2152 1418 6163 2151 1417 6164 2153 1387 6165 2154 1419 6166 2155 1388 6167 2156 1388 6168 2156 1419 6169 2155 1420 6170 2157 1388 6171 2156 1420 6172 2157 1389 6173 2158 1389 6174 2158 1420 6175 2159 1421 6176 2160 1389 6177 2161 1421 6178 2162 1386 6179 2163 1386 6180 2163 1421 6181 2162 1422 6182 2164 1386 6183 2165 1422 6184 2166 1387 6185 2167 1387 6186 2167 1422 6187 2166 1419 6188 2168 1419 6189 2169 1422 6190 2170 1420 6191 2171 1420 6192 2171 1422 6193 2170 1421 6194 2172 1383 6195 2173 1423 6196 2174 1384 6197 2175 1384 6198 2175 1423 6199 2174 1424 6200 2176 1384 6201 2175 1424 6202 2176 1385 6203 2177 1385 6204 2177 1424 6205 2178 1425 6206 2179 1385 6207 2180 1425 6208 2181 1382 6209 2182 1382 6210 2182 1425 6211 2181 1426 6212 2183 1382 6213 2184 1426 6214 2185 1383 6215 2186 1383 6216 2186 1426 6217 2185 1423 6218 2187 1423 6219 2188 1426 6220 2189 1424 6221 2190 1424 6222 2190 1426 6223 2189 1425 6224 2191 1354 6225 2192 1427 6226 2193 1355 6227 2194 1355 6228 2194 1427 6229 2193 1428 6230 2195 1355 6231 2194 1428 6232 2195 1356 6233 2196 1356 6234 2196 1428 6235 2197 1429 6236 2198 1356 6237 2199 1429 6238 2200 1353 6239 2201 1353 6240 2201 1429 6241 2200 1430 6242 2202 1353 6243 2203 1430 6244 2204 1354 6245 2205 1354 6246 2205 1430 6247 2204 1427 6248 2206 1427 6249 2207 1430 6250 2208 1428 6251 2209 1428 6252 2209 1430 6253 2208 1429 6254 2210 1350 6255 2211 1431 6256 2212 1351 6257 2213 1351 6258 2213 1431 6259 2212 1432 6260 2214 1351 6261 2213 1432 6262 2214 1352 6263 2215 1352 6264 2215 1432 6265 2216 1433 6266 2217 1352 6267 2218 1433 6268 2219 1349 6269 2220 1349 6270 2220 1433 6271 2219 1434 6272 2221 1349 6273 2222 1434 6274 2223 1350 6275 2224 1350 6276 2224 1434 6277 2223 1431 6278 2225 1431 6279 2226 1434 6280 2227 1432 6281 2228 1432 6282 2228 1434 6283 2227 1433 6284 2229 1346 6285 2230 1435 6286 2231 1347 6287 2232 1347 6288 2232 1435 6289 2231 1436 6290 2233 1347 6291 2232 1436 6292 2233 1348 6293 2234 1348 6294 2234 1436 6295 2235 1437 6296 2236 1348 6297 2237 1437 6298 2238 1345 6299 2239 1345 6300 2239 1437 6301 2238 1438 6302 2240 1345 6303 2241 1438 6304 2242 1346 6305 2243 1346 6306 2243 1438 6307 2242 1435 6308 2244 1435 6309 2245 1438 6310 2246 1436 6311 2247 1436 6312 2247 1438 6313 2246 1437 6314 2248 1342 6315 2249 1439 6316 2250 1343 6317 2251 1343 6318 2251 1439 6319 2250 1440 6320 2252 1343 6321 2251 1440 6322 2252 1344 6323 2253 1344 6324 2253 1440 6325 2254 1441 6326 2255 1344 6327 2256 1441 6328 2257 1341 6329 2258 1341 6330 2258 1441 6331 2257 1442 6332 2259 1341 6333 2260 1442 6334 2261 1342 6335 2262 1342 6336 2262 1442 6337 2261 1439 6338 2263 1439 6339 2264 1442 6340 2265 1440 6341 2266 1440 6342 2266 1442 6343 2265 1441 6344 2267 717 6345 2268 1043 6346 2269 718 6347 2270 718 6348 2270 1043 6349 2269 976 6350 2271 976 6351 2271 1043 6352 2269 963 6353 2272 976 6354 2273 963 6355 2274 977 6356 2275 977 6357 2275 963 6358 2274 962 6359 2276 977 6360 2275 962 6361 2276 978 6362 2277 978 6363 2277 962 6364 2276 961 6365 2278 978 6366 2277 961 6367 2278 979 6368 2279 979 6369 2279 961 6370 2278 960 6371 2280 979 6372 2279 960 6373 2280 980 6374 2281 980 6375 2281 960 6376 2280 959 6377 2282 980 6378 2281 959 6379 2282 981 6380 2283 981 6381 2283 959 6382 2282 958 6383 2284 981 6384 2283 958 6385 2284 982 6386 2285 982 6387 2285 958 6388 2284 957 6389 2286 982 6390 2285 957 6391 2286 983 6392 2287 983 6393 2287 957 6394 2286 956 6395 2288 983 6396 2287 956 6397 2288 984 6398 2289 984 6399 2289 956 6400 2288 955 6401 2290 984 6402 2289 955 6403 2290 985 6404 2291 985 6405 2291 955 6406 2290 954 6407 2292 985 6408 2291 954 6409 2292 986 6410 2293 986 6411 2293 954 6412 2292 953 6413 2294 986 6414 2293 953 6415 2294 987 6416 2295 987 6417 2295 953 6418 2294 952 6419 2296 987 6420 2295 952 6421 2296 988 6422 2297 988 6423 2297 952 6424 2296 951 6425 2298 988 6426 2297 951 6427 2298 989 6428 2299 989 6429 2299 951 6430 2298 950 6431 2300 701 6432 2301 700 6433 2302 950 6434 2303 950 6435 2303 700 6436 2302 989 6437 2304 976 6438 2305 1443 6439 2306 718 6440 2307 718 6441 2307 1443 6442 2306 335 6443 2308 718 6444 2307 335 6445 2308 334 6446 2309 335 6447 2308 1443 6448 2306 1478 6449 2310 1478 6450 2310 1443 6451 2306 1444 6452 2311 1478 6453 2310 1444 6454 2311 1477 6455 2312 1477 6456 2312 1444 6457 2311 1445 6458 2313 1477 6459 2312 1445 6460 2313 1476 6461 2314 1476 6462 2314 1445 6463 2313 1446 6464 2315 1476 6465 2314 1446 6466 2315 1475 6467 2316 1475 6468 2316 1446 6469 2315 1447 6470 2317 1475 6471 2316 1447 6472 2317 1474 6473 2318 1474 6474 2318 1447 6475 2317 1448 6476 2319 1474 6477 2318 1448 6478 2319 1473 6479 2320 1473 6480 2320 1448 6481 2319 1449 6482 2321 1473 6483 2320 1449 6484 2321 1472 6485 2322 1472 6486 2322 1449 6487 2321 1471 6488 2323 1471 6489 2323 1449 6490 2321 1450 6491 2324 1471 6492 2323 1450 6493 2324 1470 6494 2325 1470 6495 2325 1450 6496 2324 1451 6497 2326 1470 6498 2325 1451 6499 2326 1469 6500 2327 1469 6501 2327 1451 6502 2326 1452 6503 2328 1469 6504 2327 1452 6505 2328 1468 6506 2329 1468 6507 2329 1452 6508 2328 1453 6509 2330 1468 6510 2329 1453 6511 2330 1467 6512 2331 1467 6513 2331 1453 6514 2330 1454 6515 2332 1467 6516 2331 1454 6517 2332 322 6518 2333 322 6519 2333 1454 6520 2332 700 6521 2334 322 6522 2333 700 6523 2334 323 6524 2335 323 6525 2335 700 6526 2334 324 6527 2336 324 6528 2336 700 6529 2334 1456 6530 2337 324 6531 2336 1456 6532 2337 1457 6533 2338 1454 6534 2332 989 6535 2339 700 6536 2334 730 6537 2340 350 6538 2341 700 6539 2334 700 6540 2334 350 6541 2341 1455 6542 2342 700 6543 2334 1455 6544 2342 1456 6545 2337 350 6546 2341 730 6547 2340 351 6548 2343 351 6549 2343 730 6550 2340 729 6551 2344 351 6552 2343 729 6553 2344 352 6554 2345 352 6555 2345 729 6556 2344 728 6557 2346 352 6558 2345 728 6559 2346 353 6560 2347 353 6561 2347 728 6562 2346 727 6563 2348 353 6564 2347 727 6565 2348 354 6566 2349 354 6567 2349 727 6568 2348 726 6569 2350 354 6570 2349 726 6571 2350 355 6572 2351 355 6573 2351 726 6574 2350 725 6575 2352 355 6576 2351 725 6577 2352 356 6578 2353 356 6579 2353 725 6580 2352 724 6581 2354 356 6582 2353 724 6583 2354 357 6584 2355 357 6585 2355 724 6586 2354 358 6587 2356 358 6588 2356 724 6589 2354 723 6590 2357 358 6591 2356 723 6592 2357 359 6593 2358 359 6594 2358 723 6595 2357 722 6596 2359 359 6597 2358 722 6598 2359 360 6599 2360 360 6600 2360 722 6601 2359 721 6602 2361 360 6603 2360 721 6604 2361 361 6605 2362 361 6606 2362 721 6607 2361 720 6608 2363 361 6609 2362 720 6610 2363 362 6611 2364 362 6612 2364 720 6613 2363 719 6614 2365 362 6615 2364 719 6616 2365 363 6617 2366 363 6618 2366 719 6619 2365 718 6620 2307 363 6621 2366 718 6622 2307 1466 6623 2367 1466 6624 2367 718 6625 2307 1465 6626 2368 1465 6627 2368 718 6628 2307 333 6629 2369 1465 6630 2368 333 6631 2369 1464 6632 2370 1464 6633 2370 333 6634 2369 332 6635 2371 1464 6636 2370 332 6637 2371 331 6638 2372 1458 6639 2373 326 6640 2374 1457 6641 2338 1457 6642 2338 326 6643 2374 325 6644 2375 1457 6645 2338 325 6646 2375 324 6647 2336 326 6648 2374 1458 6649 2373 327 6650 2376 327 6651 2376 1458 6652 2373 1459 6653 2377 327 6654 2376 1459 6655 2377 328 6656 2378 328 6657 2378 1459 6658 2377 1460 6659 2379 328 6660 2378 1460 6661 2379 1461 6662 2380 328 6663 2378 1461 6664 2380 329 6665 2381 329 6666 2381 1461 6667 2380 1462 6668 2382 329 6669 2381 1462 6670 2382 330 6671 2383 330 6672 2383 1462 6673 2382 1463 6674 2384 330 6675 2383 1463 6676 2384 331 6677 2372 331 6678 2372 1463 6679 2384 1464 6680 2370 334 6681 2309 333 6682 2369 718 6683 2307 602 6684 2385 601 6685 2386 1370 6686 2387 1370 6687 2387 601 6688 2386 1076 6689 2388 1370 6690 2387 1076 6691 2388 1371 6692 2389 1371 6693 2389 1076 6694 2388 1075 6695 2390 1371 6696 2389 1075 6697 2390 1372 6698 2391 1372 6699 2391 1075 6700 2390 1074 6701 2392 1372 6702 2391 1074 6703 2392 1373 6704 2393 1373 6705 2393 1074 6706 2392 1073 6707 2394 1373 6708 2393 1073 6709 2394 1374 6710 2395 1374 6711 2395 1073 6712 2394 1072 6713 2396 1374 6714 2395 1072 6715 2396 1375 6716 2397 1375 6717 2397 1072 6718 2396 1071 6719 2398 1375 6720 2397 1071 6721 2398 1376 6722 2399 1376 6723 2399 1071 6724 2398 1070 6725 2400 1376 6726 2399 1070 6727 2400 1377 6728 2401 1377 6729 2401 1070 6730 2400 1069 6731 2402 1377 6732 2401 1069 6733 2402 1378 6734 2403 1378 6735 2403 1069 6736 2402 1068 6737 2404 1378 6738 2403 1068 6739 2404 1379 6740 2405 1379 6741 2405 1068 6742 2404 1067 6743 2406 1379 6744 2405 1067 6745 2406 1380 6746 2407 1380 6747 2407 1067 6748 2406 1066 6749 2408 1380 6750 2407 1066 6751 2408 1381 6752 2409 1381 6753 2409 1066 6754 2408 1065 6755 2410 1381 6756 2409 1065 6757 2410 615 6758 2411 615 6759 2411 1065 6760 2410 588 6761 2412 574 6762 2413 573 6763 2414 1329 6764 2415 1329 6765 2415 573 6766 2414 1328 6767 2416 1329 6768 2415 1328 6769 2416 1330 6770 2417 1330 6771 2417 1328 6772 2416 1327 6773 2418 1330 6774 2417 1327 6775 2418 1331 6776 2419 1331 6777 2419 1327 6778 2418 1326 6779 2420 1331 6780 2419 1326 6781 2420 1332 6782 2421 1332 6783 2421 1326 6784 2420 1325 6785 2422 1332 6786 2421 1325 6787 2422 1333 6788 2423 1333 6789 2423 1325 6790 2422 1324 6791 2424 1333 6792 2423 1324 6793 2424 1334 6794 2425 1334 6795 2425 1324 6796 2424 1323 6797 2426 1334 6798 2425 1323 6799 2426 1335 6800 2427 1335 6801 2427 1323 6802 2426 1322 6803 2428 1335 6804 2427 1322 6805 2428 1336 6806 2429 1336 6807 2429 1322 6808 2428 1321 6809 2430 1336 6810 2429 1321 6811 2430 1337 6812 2431 1337 6813 2431 1321 6814 2430 1320 6815 2432 1337 6816 2431 1320 6817 2432 1338 6818 2433 1338 6819 2433 1320 6820 2432 1319 6821 2434 1338 6822 2433 1319 6823 2434 1339 6824 2435 1339 6825 2435 1319 6826 2434 1318 6827 2436 1339 6828 2435 1318 6829 2436 1340 6830 2437 1340 6831 2437 1318 6832 2436 1317 6833 2438 1340 6834 2437 1317 6835 2438 587 6836 2439 587 6837 2439 1317 6838 2438 560 6839 2440 1009 6840 2441 1177 6841 2442 1492 6842 2443 1492 6843 2443 1177 6844 2442 1176 6845 2444 1492 6846 2443 1176 6847 2444 100 6848 2445 100 6849 2445 1176 6850 2444 1175 6851 2446 100 6852 2445 1175 6853 2446 101 6854 2447 101 6855 2447 1175 6856 2446 1174 6857 2448 101 6858 2447 1174 6859 2448 102 6860 2449 102 6861 2449 1174 6862 2448 1173 6863 2450 102 6864 2449 1173 6865 2450 103 6866 2451 103 6867 2451 1173 6868 2450 1172 6869 2452 103 6870 2451 1172 6871 2452 104 6872 2453 104 6873 2453 1172 6874 2452 1171 6875 2454 104 6876 2453 1171 6877 2454 105 6878 2455 105 6879 2455 1171 6880 2454 106 6881 2456 106 6882 2456 1171 6883 2454 1170 6884 2457 106 6885 2456 1170 6886 2457 107 6887 2458 107 6888 2458 1170 6889 2457 1169 6890 2459 107 6891 2458 1169 6892 2459 108 6893 2460 108 6894 2460 1169 6895 2459 1168 6896 2461 108 6897 2460 1168 6898 2461 109 6899 2462 109 6900 2462 1168 6901 2461 1167 6902 2463 109 6903 2462 1167 6904 2463 1479 6905 2464 1479 6906 2464 1167 6907 2463 1166 6908 2465 1479 6909 2464 1166 6910 2465 1022 6911 2466 1480 6912 2467 111 6913 2468 1479 6914 2464 1479 6915 2464 111 6916 2468 110 6917 2469 1479 6918 2464 110 6919 2469 109 6920 2462 111 6921 2468 1480 6922 2467 1504 6923 2470 1504 6924 2470 1480 6925 2467 1481 6926 2471 1504 6927 2470 1481 6928 2471 1503 6929 2472 1503 6930 2472 1481 6931 2471 1482 6932 2473 1503 6933 2472 1482 6934 2473 1502 6935 2474 1502 6936 2474 1482 6937 2473 1483 6938 2475 1502 6939 2474 1483 6940 2475 1501 6941 2476 1501 6942 2476 1483 6943 2475 1484 6944 2477 1501 6945 2476 1484 6946 2477 1500 6947 2478 1500 6948 2478 1484 6949 2477 1485 6950 2479 1500 6951 2478 1485 6952 2479 1499 6953 2480 1499 6954 2480 1485 6955 2479 1486 6956 2481 1499 6957 2480 1486 6958 2481 1498 6959 2482 1498 6960 2482 1486 6961 2481 1497 6962 2483 1497 6963 2483 1486 6964 2481 1487 6965 2484 1497 6966 2483 1487 6967 2484 1496 6968 2485 1496 6969 2485 1487 6970 2484 1488 6971 2486 1496 6972 2485 1488 6973 2486 1495 6974 2487 1495 6975 2487 1488 6976 2486 1489 6977 2488 1495 6978 2487 1489 6979 2488 1494 6980 2489 1494 6981 2489 1489 6982 2488 1490 6983 2490 1494 6984 2489 1490 6985 2490 1493 6986 2491 1493 6987 2491 1490 6988 2490 1491 6989 2492 1493 6990 2491 1491 6991 2492 98 6992 2493 98 6993 2493 1491 6994 2492 1492 6995 2443 98 6996 2493 1492 6997 2443 99 6998 2494 99 6999 2494 1492 7000 2443 100 7001 2445 950 7002 2495 1022 7003 2496 1031 7004 2497 1031 7005 2497 1022 7006 2496 1021 7007 2498 1031 7008 2497 1021 7009 2498 1032 7010 2499 1032 7011 2499 1021 7012 2498 1020 7013 2500 1032 7014 2499 1020 7015 2500 1033 7016 2501 1033 7017 2501 1020 7018 2500 1019 7019 2502 1033 7020 2501 1019 7021 2502 1034 7022 2503 1034 7023 2503 1019 7024 2502 1018 7025 2504 1034 7026 2503 1018 7027 2504 1035 7028 2505 1035 7029 2505 1018 7030 2504 1017 7031 2506 1035 7032 2505 1017 7033 2506 1036 7034 2507 1036 7035 2507 1017 7036 2506 1016 7037 2508 1036 7038 2507 1016 7039 2508 1037 7040 2509 1037 7041 2509 1016 7042 2508 1015 7043 2510 1037 7044 2509 1015 7045 2510 1038 7046 2511 1038 7047 2511 1015 7048 2510 1014 7049 2512 1038 7050 2511 1014 7051 2512 1039 7052 2513 1039 7053 2513 1014 7054 2512 1013 7055 2514 1039 7056 2513 1013 7057 2514 1040 7058 2515 1040 7059 2515 1013 7060 2514 1012 7061 2516 1040 7062 2515 1012 7063 2516 1041 7064 2517 1041 7065 2517 1012 7066 2516 1011 7067 2518 1041 7068 2517 1011 7069 2518 1042 7070 2519 1042 7071 2519 1011 7072 2518 1010 7073 2520 1042 7074 2519 1010 7075 2520 963 7076 2521 963 7077 2521 1010 7078 2520 1009 7079 2522 1022 7080 2523 950 7081 2524 1479 7082 2525 1479 7083 2525 950 7084 2524 949 7085 2526 964 7086 2527 1492 7087 2528 965 7088 2529 965 7089 2529 1492 7090 2528 1491 7091 2530 965 7092 2529 1491 7093 2530 966 7094 2531 966 7095 2531 1491 7096 2530 1490 7097 2532 966 7098 2531 1490 7099 2532 967 7100 2533 967 7101 2533 1490 7102 2532 1489 7103 2534 967 7104 2533 1489 7105 2534 968 7106 2535 968 7107 2535 1489 7108 2534 1488 7109 2536 968 7110 2535 1488 7111 2536 929 7112 2537 929 7113 2537 1488 7114 2536 1487 7115 2538 929 7116 2537 1487 7117 2538 1508 7118 2539 1508 7119 2539 1487 7120 2538 1486 7121 2540 1508 7122 2539 1486 7123 2540 1507 7124 2541 1507 7125 2541 1486 7126 2540 1506 7127 2542 1506 7128 2542 1486 7129 2540 1485 7130 2543 1506 7131 2542 1485 7132 2543 1505 7133 2544 1505 7134 2544 1485 7135 2543 1484 7136 2545 1505 7137 2544 1484 7138 2545 944 7139 2546 944 7140 2546 1484 7141 2545 1483 7142 2547 944 7143 2546 1483 7144 2547 945 7145 2548 945 7146 2548 1483 7147 2547 1482 7148 2549 945 7149 2548 1482 7150 2549 946 7151 2550 946 7152 2550 1482 7153 2549 1481 7154 2551 946 7155 2550 1481 7156 2551 947 7157 2552 947 7158 2552 1481 7159 2551 1480 7160 2553 947 7161 2552 1480 7162 2553 948 7163 2554 948 7164 2554 1480 7165 2553 1479 7166 2555 948 7167 2554 1479 7168 2555 949 7169 2556 1492 7170 2557 964 7171 2558 1009 7172 2559 1009 7173 2559 964 7174 2558 963 7175 2560 975 7176 2561 974 7177 2562 1526 7178 2563 1526 7179 2563 974 7180 2562 1525 7181 2564 1525 7182 2564 974 7183 2562 973 7184 2565 1525 7185 2564 973 7186 2565 1524 7187 2566 1524 7188 2566 973 7189 2565 972 7190 2567 1524 7191 2566 972 7192 2567 1523 7193 2568 1523 7194 2568 972 7195 2567 971 7196 2569 1523 7197 2568 971 7198 2569 1522 7199 2570 1522 7200 2570 971 7201 2569 970 7202 2571 1522 7203 2570 970 7204 2571 1521 7205 2572 1521 7206 2572 970 7207 2571 1509 7208 2573 1521 7209 2572 1509 7210 2573 1520 7211 2574 1520 7212 2574 1509 7213 2573 1510 7214 2575 1520 7215 2574 1510 7216 2575 1519 7217 2576 1519 7218 2576 1510 7219 2575 1511 7220 2577 1519 7221 2576 1511 7222 2577 1512 7223 2578 1519 7224 2576 1512 7225 2578 1518 7226 2579 1518 7227 2579 1512 7228 2578 995 7229 2580 1518 7230 2579 995 7231 2580 1517 7232 2581 1517 7233 2581 995 7234 2580 994 7235 2582 1517 7236 2581 994 7237 2582 1516 7238 2583 1516 7239 2583 994 7240 2582 993 7241 2584 1516 7242 2583 993 7243 2584 1515 7244 2585 1515 7245 2585 993 7246 2584 992 7247 2586 1515 7248 2585 992 7249 2586 1514 7250 2587 1514 7251 2587 992 7252 2586 991 7253 2588 1514 7254 2587 991 7255 2588 1513 7256 2589 1513 7257 2589 991 7258 2588 990 7259 2590 989 7260 2591 1527 7261 2592 990 7262 2593 990 7263 2593 1527 7264 2592 1513 7265 2594 1527 7266 2595 989 7267 2596 1540 7268 2597 1540 7269 2597 989 7270 2596 1454 7271 2598 1540 7272 2597 1454 7273 2598 1539 7274 2599 1539 7275 2599 1454 7276 2598 1453 7277 2600 1539 7278 2599 1453 7279 2600 1538 7280 2601 1538 7281 2601 1453 7282 2600 1452 7283 2602 1538 7284 2601 1452 7285 2602 1537 7286 2603 1537 7287 2603 1452 7288 2602 1451 7289 2604 1537 7290 2603 1451 7291 2604 1536 7292 2605 1536 7293 2605 1451 7294 2604 1450 7295 2606 1536 7296 2605 1450 7297 2606 1535 7298 2607 1535 7299 2607 1450 7300 2606 1449 7301 2608 1535 7302 2607 1449 7303 2608 1534 7304 2609 1534 7305 2609 1449 7306 2608 1448 7307 2610 1534 7308 2609 1448 7309 2610 1533 7310 2611 1533 7311 2611 1448 7312 2610 1447 7313 2612 1533 7314 2611 1447 7315 2612 1532 7316 2613 1532 7317 2613 1447 7318 2612 1446 7319 2614 1532 7320 2613 1446 7321 2614 1531 7322 2615 1531 7323 2615 1446 7324 2614 1445 7325 2616 1531 7326 2615 1445 7327 2616 1530 7328 2617 1530 7329 2617 1445 7330 2616 1444 7331 2618 1530 7332 2617 1444 7333 2618 1529 7334 2619 1529 7335 2619 1444 7336 2618 1443 7337 2620 1529 7338 2619 1443 7339 2620 1528 7340 2621 1528 7341 2621 1443 7342 2620 976 7343 2622 975 7344 2623 1526 7345 2624 976 7346 2625 976 7347 2625 1526 7348 2624 1528 7349 2626 1525 7350 2627 251 7351 2628 1526 7352 2629 1526 7353 2629 251 7354 2628 250 7355 2630 1526 7356 2629 250 7357 2630 249 7358 2631 251 7359 2628 1525 7360 2627 1564 7361 2632 1564 7362 2632 1525 7363 2627 1524 7364 2633 1564 7365 2632 1524 7366 2633 1563 7367 2634 1563 7368 2634 1524 7369 2633 1523 7370 2635 1563 7371 2634 1523 7372 2635 1562 7373 2636 1562 7374 2636 1523 7375 2635 1522 7376 2637 1562 7377 2636 1522 7378 2637 1561 7379 2638 1561 7380 2638 1522 7381 2637 1521 7382 2639 1561 7383 2638 1521 7384 2639 1560 7385 2640 1560 7386 2640 1521 7387 2639 1520 7388 2641 1560 7389 2640 1520 7390 2641 1559 7391 2642 1559 7392 2642 1520 7393 2641 1519 7394 2643 1559 7395 2642 1519 7396 2643 1558 7397 2644 1558 7398 2644 1519 7399 2643 1557 7400 2645 1557 7401 2645 1519 7402 2643 1518 7403 2646 1557 7404 2645 1518 7405 2646 1556 7406 2647 1556 7407 2647 1518 7408 2646 1517 7409 2648 1556 7410 2647 1517 7411 2648 1555 7412 2649 1555 7413 2649 1517 7414 2648 1516 7415 2650 1555 7416 2649 1516 7417 2650 1554 7418 2651 1554 7419 2651 1516 7420 2650 1515 7421 2652 1554 7422 2651 1515 7423 2652 1553 7424 2653 1553 7425 2653 1515 7426 2652 1514 7427 2654 1553 7428 2653 1514 7429 2654 238 7430 2655 238 7431 2655 1514 7432 2654 1513 7433 2656 238 7434 2655 1513 7435 2656 239 7436 2657 239 7437 2657 1513 7438 2656 240 7439 2658 240 7440 2658 1513 7441 2656 1527 7442 2659 240 7443 2658 1527 7444 2659 1542 7445 2660 1542 7446 2660 1527 7447 2659 1541 7448 2661 1541 7449 2661 1527 7450 2659 266 7451 2662 266 7452 2662 1527 7453 2659 1540 7454 2663 266 7455 2662 1540 7456 2663 267 7457 2664 267 7458 2664 1540 7459 2663 1539 7460 2665 267 7461 2664 1539 7462 2665 268 7463 2666 268 7464 2666 1539 7465 2665 1538 7466 2667 268 7467 2666 1538 7468 2667 269 7469 2668 269 7470 2668 1538 7471 2667 1537 7472 2669 269 7473 2668 1537 7474 2669 270 7475 2670 270 7476 2670 1537 7477 2669 1536 7478 2671 270 7479 2670 1536 7480 2671 271 7481 2672 271 7482 2672 1536 7483 2671 1535 7484 2673 271 7485 2672 1535 7486 2673 272 7487 2674 272 7488 2674 1535 7489 2673 1534 7490 2675 272 7491 2674 1534 7492 2675 273 7493 2676 273 7494 2676 1534 7495 2675 274 7496 2677 274 7497 2677 1534 7498 2675 1533 7499 2678 274 7500 2677 1533 7501 2678 275 7502 2679 275 7503 2679 1533 7504 2678 1532 7505 2680 275 7506 2679 1532 7507 2680 276 7508 2681 276 7509 2681 1532 7510 2680 1531 7511 2682 276 7512 2681 1531 7513 2682 277 7514 2683 277 7515 2683 1531 7516 2682 1530 7517 2684 277 7518 2683 1530 7519 2684 278 7520 2685 278 7521 2685 1530 7522 2684 1529 7523 2686 278 7524 2685 1529 7525 2686 279 7526 2687 279 7527 2687 1529 7528 2686 1528 7529 2688 279 7530 2687 1528 7531 2688 1552 7532 2689 1552 7533 2689 1528 7534 2688 1551 7535 2690 1551 7536 2690 1528 7537 2688 249 7538 2631 1551 7539 2690 249 7540 2631 1550 7541 2691 1550 7542 2691 249 7543 2631 248 7544 2692 1550 7545 2691 248 7546 2692 247 7547 2693 1528 7548 2688 1526 7549 2629 249 7550 2631 1542 7551 2660 1543 7552 2694 240 7553 2658 240 7554 2658 1543 7555 2694 241 7556 2695 241 7557 2695 1543 7558 2694 242 7559 2696 242 7560 2696 1543 7561 2694 1544 7562 2697 242 7563 2696 1544 7564 2697 243 7565 2698 243 7566 2698 1544 7567 2697 1545 7568 2699 243 7569 2698 1545 7570 2699 244 7571 2700 244 7572 2700 1545 7573 2699 1546 7574 2701 244 7575 2700 1546 7576 2701 1547 7577 2702 244 7578 2700 1547 7579 2702 245 7580 2703 245 7581 2703 1547 7582 2702 1548 7583 2704 245 7584 2703 1548 7585 2704 246 7586 2705 246 7587 2705 1548 7588 2704 1549 7589 2706 246 7590 2705 1549 7591 2706 247 7592 2693 247 7593 2693 1549 7594 2706 1550 7595 2691 1565 7596 2707 929 7597 2708 1570 7598 2709 1570 7599 2709 929 7600 2708 1508 7601 2710 1570 7602 2709 1508 7603 2710 1569 7604 2711 1569 7605 2711 1508 7606 2710 1507 7607 2712 1569 7608 2711 1507 7609 2712 1506 7610 2713 1569 7611 2711 1506 7612 2713 1568 7613 2714 1568 7614 2714 1506 7615 2713 1505 7616 2715 1568 7617 2714 1505 7618 2715 1567 7619 2716 1567 7620 2716 1505 7621 2715 944 7622 2717 1567 7623 2716 944 7624 2717 1566 7625 2718 1565 7626 2719 1571 7627 2720 929 7628 2721 929 7629 2721 1571 7630 2720 970 7631 2722 929 7632 2721 970 7633 2722 930 7634 2723 930 7635 2723 970 7636 2722 969 7637 2724 1572 7638 2725 995 7639 2726 1576 7640 2727 1576 7641 2727 995 7642 2726 1512 7643 2728 1576 7644 2727 1512 7645 2728 1575 7646 2729 1575 7647 2729 1512 7648 2728 1511 7649 2730 1575 7650 2729 1511 7651 2730 1510 7652 2731 1575 7653 2729 1510 7654 2731 1574 7655 2732 1574 7656 2732 1510 7657 2731 1509 7658 2733 1574 7659 2732 1509 7660 2733 1573 7661 2734 1573 7662 2734 1509 7663 2733 970 7664 2735 1573 7665 2734 970 7666 2735 1571 7667 2736 1572 7668 2737 1566 7669 2738 995 7670 2739 995 7671 2739 1566 7672 2738 944 7673 2740 995 7674 2739 944 7675 2740 996 7676 2741 996 7677 2741 944 7678 2740 943 7679 2742 1578 7680 2743 1579 7681 2744 1577 7682 2745 1577 7683 2745 1579 7684 2744 1622 7685 2746 1622 7686 2746 1579 7687 2744 1580 7688 2747 1622 7689 2746 1580 7690 2747 1621 7691 2748 1621 7692 2748 1580 7693 2747 1581 7694 2749 1621 7695 2748 1581 7696 2749 1620 7697 2750 1620 7698 2750 1581 7699 2749 1582 7700 2751 1620 7701 2750 1582 7702 2751 1619 7703 2752 1619 7704 2752 1582 7705 2751 1572 7706 2753 1619 7707 2752 1572 7708 2753 1618 7709 2754 1618 7710 2754 1572 7711 2753 1576 7712 2755 1618 7713 2754 1576 7714 2755 1617 7715 2756 1617 7716 2756 1576 7717 2755 1575 7718 2757 1617 7719 2756 1575 7720 2757 1574 7721 2758 1572 7722 2753 1582 7723 2751 1566 7724 2759 1566 7725 2759 1582 7726 2751 1583 7727 2760 1566 7728 2759 1583 7729 2760 1567 7730 2761 1567 7731 2761 1583 7732 2760 1584 7733 2762 1567 7734 2761 1584 7735 2762 1568 7736 2763 1568 7737 2763 1584 7738 2762 1569 7739 2764 1569 7740 2764 1584 7741 2762 1585 7742 2765 1569 7743 2764 1585 7744 2765 1570 7745 2766 1570 7746 2766 1585 7747 2765 1586 7748 2767 1570 7749 2766 1586 7750 2767 1565 7751 2768 1565 7752 2768 1586 7753 2767 1587 7754 2769 1565 7755 2768 1587 7756 2769 1571 7757 2770 1571 7758 2770 1587 7759 2769 1614 7760 2771 1571 7761 2770 1614 7762 2771 1615 7763 2772 1587 7764 2769 1588 7765 2773 1614 7766 2771 1614 7767 2771 1588 7768 2773 1613 7769 2774 1613 7770 2774 1588 7771 2773 1589 7772 2775 1613 7773 2774 1589 7774 2775 1612 7775 2776 1612 7776 2776 1589 7777 2775 1590 7778 2777 1612 7779 2776 1590 7780 2777 1611 7781 2778 1611 7782 2778 1590 7783 2777 1591 7784 2779 1611 7785 2778 1591 7786 2779 1610 7787 2780 1610 7788 2781 1591 7789 2782 1592 7790 2783 1610 7791 2781 1592 7792 2783 1609 7793 2784 1609 7794 2784 1592 7795 2783 1593 7796 2785 1609 7797 2784 1593 7798 2785 1608 7799 2786 1608 7800 2786 1593 7801 2785 1594 7802 2787 1608 7803 2786 1594 7804 2787 1607 7805 2788 1607 7806 2788 1594 7807 2787 1595 7808 2789 1607 7809 2788 1595 7810 2789 1606 7811 2790 1606 7812 2790 1595 7813 2789 1596 7814 2791 1606 7815 2790 1596 7816 2791 1605 7817 2792 1605 7818 2792 1596 7819 2791 1597 7820 2793 1605 7821 2792 1597 7822 2793 1604 7823 2794 1604 7824 2794 1597 7825 2793 1598 7826 2795 1604 7827 2794 1598 7828 2795 1603 7829 2796 1603 7830 2796 1598 7831 2795 1599 7832 2797 1603 7833 2796 1599 7834 2797 1602 7835 2798 1602 7836 2798 1599 7837 2797 1600 7838 2799 1602 7839 2798 1600 7840 2799 1601 7841 2800 1571 7842 2770 1615 7843 2772 1573 7844 2801 1573 7845 2801 1615 7846 2772 1616 7847 2802 1573 7848 2801 1616 7849 2802 1574 7850 2758 1574 7851 2758 1616 7852 2802 1617 7853 2756 1623 7854 2803 1624 7855 2804 1632 7856 2805 1632 7857 2805 1624 7858 2804 1625 7859 2806 1632 7860 2805 1625 7861 2806 1631 7862 2807 1631 7863 2807 1625 7864 2806 1626 7865 2808 1631 7866 2807 1626 7867 2808 1630 7868 2809 1630 7869 2809 1626 7870 2808 1627 7871 2810 1630 7872 2809 1627 7873 2810 1629 7874 2811 1629 7875 2811 1627 7876 2810 1628 7877 2812 1629 7878 2811 1628 7879 2812 1577 7880 2813 1577 7881 2813 1628 7882 2812 1578 7883 2814 1601 7884 2815 1600 7885 2816 1640 7886 2817 1640 7887 2817 1600 7888 2816 1633 7889 2818 1640 7890 2817 1633 7891 2818 1639 7892 2819 1639 7893 2819 1633 7894 2818 1634 7895 2820 1639 7896 2819 1634 7897 2820 1638 7898 2821 1638 7899 2821 1634 7900 2820 1635 7901 2822 1638 7902 2821 1635 7903 2822 1637 7904 2823 1637 7905 2823 1635 7906 2822 1636 7907 2824 1636 7908 2825 1624 7909 2826 1637 7910 2827 1637 7911 2827 1624 7912 2826 1623 7913 2828 1637 7914 2829 1623 7915 2830 1638 7916 2831 1638 7917 2831 1623 7918 2830 1632 7919 2832 1638 7920 2831 1632 7921 2832 1639 7922 2833 1639 7923 2833 1632 7924 2832 1631 7925 2834 1639 7926 2833 1631 7927 2834 1640 7928 2835 1640 7929 2835 1631 7930 2834 1630 7931 2836 1640 7932 2835 1630 7933 2836 1601 7934 2837 1601 7935 2837 1630 7936 2836 1629 7937 2838 1601 7938 2837 1629 7939 2838 1642 7940 2839 1642 7941 2839 1629 7942 2838 1641 7943 2840 1641 7944 2840 1629 7945 2838 1577 7946 2841 1641 7947 2840 1577 7948 2841 210 7949 2842 210 7950 2842 1577 7951 2841 1622 7952 2843 210 7953 2842 1622 7954 2843 211 7955 2844 211 7956 2844 1622 7957 2843 1621 7958 2845 211 7959 2844 1621 7960 2845 212 7961 2846 212 7962 2846 1621 7963 2845 1620 7964 2847 212 7965 2846 1620 7966 2847 213 7967 2848 213 7968 2848 1620 7969 2847 1619 7970 2849 213 7971 2848 1619 7972 2849 214 7973 2850 214 7974 2850 1619 7975 2849 1618 7976 2851 214 7977 2850 1618 7978 2851 215 7979 2852 215 7980 2852 1618 7981 2851 216 7982 2853 216 7983 2853 1618 7984 2851 1617 7985 2854 216 7986 2853 1617 7987 2854 217 7988 2855 217 7989 2855 1617 7990 2854 1616 7991 2856 217 7992 2855 1616 7993 2856 218 7994 2857 218 7995 2857 1616 7996 2856 1615 7997 2858 218 7998 2857 1615 7999 2858 219 8000 2859 219 8001 2859 1615 8002 2858 1614 8003 2860 219 8004 2859 1614 8005 2860 220 8006 2861 220 8007 2861 1614 8008 2860 1613 8009 2862 220 8010 2861 1613 8011 2862 221 8012 2863 221 8013 2863 1613 8014 2862 1612 8015 2864 221 8016 2863 1612 8017 2864 222 8018 2865 222 8019 2865 1612 8020 2864 1611 8021 2866 222 8022 2865 1611 8023 2866 223 8024 2867 223 8025 2867 1611 8026 2866 1610 8027 2868 223 8028 2867 1610 8029 2868 1652 8030 2869 1652 8031 2869 1610 8032 2868 1609 8033 2870 1652 8034 2869 1609 8035 2870 1608 8036 2871 1652 8037 2869 1608 8038 2871 1651 8039 2872 1651 8040 2872 1608 8041 2871 1607 8042 2873 1651 8043 2872 1607 8044 2873 1650 8045 2874 1650 8046 2874 1607 8047 2873 1606 8048 2875 1650 8049 2874 1606 8050 2875 1649 8051 2876 1649 8052 2876 1606 8053 2875 1648 8054 2877 1648 8055 2877 1606 8056 2875 1605 8057 2878 1648 8058 2877 1605 8059 2878 1647 8060 2879 1647 8061 2879 1605 8062 2878 1604 8063 2880 1647 8064 2879 1604 8065 2880 1646 8066 2881 1646 8067 2881 1604 8068 2880 1603 8069 2882 1646 8070 2881 1603 8071 2882 1645 8072 2883 1645 8073 2883 1603 8074 2882 1602 8075 2884 1645 8076 2883 1602 8077 2884 1644 8078 2885 1644 8079 2885 1602 8080 2884 1601 8081 2837 1644 8082 2885 1601 8083 2837 1643 8084 2886 1643 8085 2886 1601 8086 2837 1642 8087 2839 1628 8088 2887 1664 8089 2888 1578 8090 2889 1578 8091 2889 1664 8092 2888 83 8093 2890 1578 8094 2889 83 8095 2890 1579 8096 2891 1579 8097 2891 83 8098 2890 82 8099 2892 1579 8100 2891 82 8101 2892 1580 8102 2893 1580 8103 2893 82 8104 2892 81 8105 2894 1580 8106 2893 81 8107 2894 1581 8108 2895 1581 8109 2895 81 8110 2894 80 8111 2896 1581 8112 2895 80 8113 2896 1582 8114 2897 1582 8115 2897 80 8116 2896 79 8117 2898 1582 8118 2897 79 8119 2898 1583 8120 2899 1583 8121 2899 79 8122 2898 78 8123 2900 1583 8124 2899 78 8125 2900 77 8126 2901 1627 8127 2902 1600 8128 2903 1628 8129 2887 1628 8130 2887 1600 8131 2903 1663 8132 2904 1628 8133 2887 1663 8134 2904 1664 8135 2888 1600 8136 2903 1627 8137 2902 1633 8138 2905 1633 8139 2905 1627 8140 2902 1626 8141 2906 1633 8142 2905 1626 8143 2906 1634 8144 2907 1634 8145 2907 1626 8146 2906 1625 8147 2908 1634 8148 2907 1625 8149 2908 1635 8150 2909 1635 8151 2909 1625 8152 2908 1624 8153 2910 1635 8154 2909 1624 8155 2910 1636 8156 2911 1599 8157 2912 1661 8158 2913 1600 8159 2903 1600 8160 2903 1661 8161 2913 1662 8162 2914 1600 8163 2903 1662 8164 2914 1663 8165 2904 1661 8166 2913 1599 8167 2912 1660 8168 2915 1660 8169 2915 1599 8170 2912 1598 8171 2916 1660 8172 2915 1598 8173 2916 1659 8174 2917 1659 8175 2917 1598 8176 2916 1597 8177 2918 1659 8178 2917 1597 8179 2918 1658 8180 2919 1658 8181 2919 1597 8182 2918 1596 8183 2920 1658 8184 2919 1596 8185 2920 1657 8186 2921 1657 8187 2921 1596 8188 2920 1595 8189 2922 1657 8190 2921 1595 8191 2922 1656 8192 2923 1656 8193 2923 1595 8194 2922 1655 8195 2924 1655 8196 2924 1595 8197 2922 1594 8198 2925 1655 8199 2924 1594 8200 2925 1654 8201 2926 1654 8202 2926 1594 8203 2925 1593 8204 2927 1654 8205 2926 1593 8206 2927 1653 8207 2928 1653 8208 2928 1593 8209 2927 1592 8210 2929 1653 8211 2928 1592 8212 2929 1591 8213 2930 1653 8214 2928 1591 8215 2930 70 8216 2931 70 8217 2931 1591 8218 2930 1590 8219 2932 70 8220 2931 1590 8221 2932 71 8222 2933 71 8223 2933 1590 8224 2932 1589 8225 2934 71 8226 2933 1589 8227 2934 72 8228 2935 72 8229 2935 1589 8230 2934 1588 8231 2936 72 8232 2935 1588 8233 2936 73 8234 2937 73 8235 2937 1588 8236 2936 1587 8237 2938 73 8238 2937 1587 8239 2938 74 8240 2939 74 8241 2939 1587 8242 2938 1586 8243 2940 74 8244 2939 1586 8245 2940 75 8246 2941 75 8247 2941 1586 8248 2940 1585 8249 2942 75 8250 2941 1585 8251 2942 76 8252 2943 76 8253 2943 1585 8254 2942 1584 8255 2944 76 8256 2943 1584 8257 2944 77 8258 2901 77 8259 2901 1584 8260 2944 1583 8261 2899 1665 8262 2945 1688 8263 2946 532 8264 2947 532 8265 2947 1688 8266 2946 447 8267 2948 532 8268 2947 447 8269 2948 446 8270 2949 1688 8271 2946 1665 8272 2945 1687 8273 2950 1687 8274 2950 1665 8275 2945 1666 8276 2951 1687 8277 2950 1666 8278 2951 1686 8279 2952 1686 8280 2952 1666 8281 2951 1667 8282 2953 1686 8283 2952 1667 8284 2953 1685 8285 2954 1685 8286 2954 1667 8287 2953 1668 8288 2955 1685 8289 2954 1668 8290 2955 1684 8291 2956 1684 8292 2956 1668 8293 2955 1669 8294 2957 1684 8295 2956 1669 8296 2957 1683 8297 2958 1683 8298 2958 1669 8299 2957 1670 8300 2959 1683 8301 2958 1670 8302 2959 1671 8303 2960 1683 8304 2958 1671 8305 2960 1682 8306 2961 1682 8307 2961 1671 8308 2960 1672 8309 2962 1682 8310 2961 1672 8311 2962 1681 8312 2963 1681 8313 2963 1672 8314 2962 1673 8315 2964 1681 8316 2963 1673 8317 2964 1680 8318 2965 1680 8319 2965 1673 8320 2964 1674 8321 2966 1680 8322 2965 1674 8323 2966 1679 8324 2967 1679 8325 2967 1674 8326 2966 1675 8327 2968 1679 8328 2967 1675 8329 2968 1678 8330 2969 1678 8331 2969 1675 8332 2968 1676 8333 2970 1678 8334 2969 1676 8335 2970 1677 8336 2971 1677 8337 2971 1676 8338 2970 545 8339 2972 1677 8340 2971 545 8341 2972 434 8342 2973 434 8343 2973 545 8344 2972 435 8345 2974 435 8346 2974 545 8347 2972 544 8348 2975 435 8349 2974 544 8350 2975 436 8351 2976 436 8352 2976 544 8353 2975 543 8354 2977 436 8355 2976 543 8356 2977 437 8357 2978 437 8358 2978 543 8359 2977 542 8360 2979 437 8361 2978 542 8362 2979 438 8363 2980 438 8364 2980 542 8365 2979 541 8366 2981 438 8367 2980 541 8368 2981 439 8369 2982 439 8370 2982 541 8371 2981 540 8372 2983 439 8373 2982 540 8374 2983 440 8375 2984 440 8376 2984 540 8377 2983 539 8378 2985 440 8379 2984 539 8380 2985 538 8381 2986 440 8382 2984 538 8383 2986 441 8384 2987 441 8385 2987 538 8386 2986 537 8387 2988 441 8388 2987 537 8389 2988 442 8390 2989 442 8391 2989 537 8392 2988 536 8393 2990 442 8394 2989 536 8395 2990 443 8396 2991 443 8397 2991 536 8398 2990 535 8399 2992 443 8400 2991 535 8401 2992 444 8402 2993 444 8403 2993 535 8404 2992 534 8405 2994 444 8406 2993 534 8407 2994 445 8408 2995 445 8409 2995 534 8410 2994 533 8411 2996 445 8412 2995 533 8413 2996 446 8414 2949 446 8415 2949 533 8416 2996 532 8417 2947 546 8418 2997 545 8419 2998 1242 8420 2999 1242 8421 2999 545 8422 2998 1676 8423 3000 1242 8424 2999 1676 8425 3000 1243 8426 3001 1243 8427 3001 1676 8428 3000 1675 8429 3002 1243 8430 3001 1675 8431 3002 1244 8432 3003 1244 8433 3003 1675 8434 3002 1674 8435 3004 1244 8436 3003 1674 8437 3004 1245 8438 3005 1245 8439 3005 1674 8440 3004 1673 8441 3006 1245 8442 3005 1673 8443 3006 1246 8444 3007 1246 8445 3007 1673 8446 3006 1672 8447 3008 1246 8448 3007 1672 8449 3008 1247 8450 3009 1247 8451 3009 1672 8452 3008 1671 8453 3010 1247 8454 3009 1671 8455 3010 1248 8456 3011 1248 8457 3011 1671 8458 3010 1670 8459 3012 1248 8460 3011 1670 8461 3012 1249 8462 3013 1249 8463 3013 1670 8464 3012 1669 8465 3014 1249 8466 3013 1669 8467 3014 1250 8468 3015 1250 8469 3015 1669 8470 3014 1668 8471 3016 1250 8472 3015 1668 8473 3016 1251 8474 3017 1251 8475 3017 1668 8476 3016 1667 8477 3018 1251 8478 3017 1667 8479 3018 1252 8480 3019 1252 8481 3019 1667 8482 3018 1666 8483 3020 1252 8484 3019 1666 8485 3020 1253 8486 3021 1253 8487 3021 1666 8488 3020 1665 8489 3022 1253 8490 3021 1665 8491 3022 559 8492 3023 559 8493 3023 1665 8494 3022 532 8495 3024 1689 8496 3025 1712 8497 3026 504 8498 3027 504 8499 3027 1712 8500 3026 419 8501 3028 504 8502 3027 419 8503 3028 418 8504 3029 1712 8505 3026 1689 8506 3025 1711 8507 3030 1711 8508 3030 1689 8509 3025 1690 8510 3031 1711 8511 3030 1690 8512 3031 1710 8513 3032 1710 8514 3032 1690 8515 3031 1691 8516 3033 1710 8517 3032 1691 8518 3033 1709 8519 3034 1709 8520 3034 1691 8521 3033 1692 8522 3035 1709 8523 3034 1692 8524 3035 1708 8525 3036 1708 8526 3036 1692 8527 3035 1693 8528 3037 1708 8529 3036 1693 8530 3037 1707 8531 3038 1707 8532 3038 1693 8533 3037 1694 8534 3039 1707 8535 3038 1694 8536 3039 1695 8537 3040 1707 8538 3038 1695 8539 3040 1706 8540 3041 1706 8541 3041 1695 8542 3040 1696 8543 3042 1706 8544 3041 1696 8545 3042 1705 8546 3043 1705 8547 3043 1696 8548 3042 1697 8549 3044 1705 8550 3043 1697 8551 3044 1704 8552 3045 1704 8553 3045 1697 8554 3044 1698 8555 3046 1704 8556 3045 1698 8557 3046 1703 8558 3047 1703 8559 3047 1698 8560 3046 1699 8561 3048 1703 8562 3047 1699 8563 3048 1702 8564 3049 1702 8565 3049 1699 8566 3048 1700 8567 3050 1702 8568 3049 1700 8569 3050 1701 8570 3051 1701 8571 3051 1700 8572 3050 517 8573 3052 1701 8574 3051 517 8575 3052 406 8576 3053 406 8577 3053 517 8578 3052 407 8579 3054 407 8580 3054 517 8581 3052 516 8582 3055 407 8583 3054 516 8584 3055 408 8585 3056 408 8586 3056 516 8587 3055 515 8588 3057 408 8589 3056 515 8590 3057 409 8591 3058 409 8592 3058 515 8593 3057 514 8594 3059 409 8595 3058 514 8596 3059 410 8597 3060 410 8598 3060 514 8599 3059 513 8600 3061 410 8601 3060 513 8602 3061 411 8603 3062 411 8604 3062 513 8605 3061 512 8606 3063 411 8607 3062 512 8608 3063 412 8609 3064 412 8610 3064 512 8611 3063 511 8612 3065 412 8613 3064 511 8614 3065 510 8615 3066 412 8616 3064 510 8617 3066 413 8618 3067 413 8619 3067 510 8620 3066 509 8621 3068 413 8622 3067 509 8623 3068 414 8624 3069 414 8625 3069 509 8626 3068 508 8627 3070 414 8628 3069 508 8629 3070 415 8630 3071 415 8631 3071 508 8632 3070 507 8633 3072 415 8634 3071 507 8635 3072 416 8636 3073 416 8637 3073 507 8638 3072 506 8639 3074 416 8640 3073 506 8641 3074 417 8642 3075 417 8643 3075 506 8644 3074 505 8645 3076 417 8646 3075 505 8647 3076 418 8648 3029 418 8649 3029 505 8650 3076 504 8651 3027 518 8652 3077 517 8653 3078 1254 8654 3079 1254 8655 3079 517 8656 3078 1700 8657 3080 1254 8658 3079 1700 8659 3080 1255 8660 3081 1255 8661 3081 1700 8662 3080 1699 8663 3082 1255 8664 3081 1699 8665 3082 1256 8666 3083 1256 8667 3083 1699 8668 3082 1698 8669 3084 1256 8670 3083 1698 8671 3084 1257 8672 3085 1257 8673 3085 1698 8674 3084 1697 8675 3086 1257 8676 3085 1697 8677 3086 1258 8678 3087 1258 8679 3087 1697 8680 3086 1696 8681 3088 1258 8682 3087 1696 8683 3088 1259 8684 3089 1259 8685 3089 1696 8686 3088 1695 8687 3090 1259 8688 3089 1695 8689 3090 1260 8690 3091 1260 8691 3091 1695 8692 3090 1694 8693 3092 1260 8694 3091 1694 8695 3092 1261 8696 3093 1261 8697 3093 1694 8698 3092 1693 8699 3094 1261 8700 3093 1693 8701 3094 1262 8702 3095 1262 8703 3095 1693 8704 3094 1692 8705 3096 1262 8706 3095 1692 8707 3096 1263 8708 3097 1263 8709 3097 1692 8710 3096 1691 8711 3098 1263 8712 3097 1691 8713 3098 1264 8714 3099 1264 8715 3099 1691 8716 3098 1690 8717 3100 1264 8718 3099 1690 8719 3100 1265 8720 3101 1265 8721 3101 1690 8722 3100 1689 8723 3102 1265 8724 3101 1689 8725 3102 531 8726 3103 531 8727 3103 1689 8728 3102 504 8729 3104 1713 8730 3105 917 8731 3106 476 8732 3107 476 8733 3107 917 8734 3106 852 8735 3108 476 8736 3107 852 8737 3108 851 8738 3109 917 8739 3106 1713 8740 3105 918 8741 3110 918 8742 3110 1713 8743 3105 1714 8744 3111 918 8745 3110 1714 8746 3111 919 8747 3112 919 8748 3112 1714 8749 3111 1715 8750 3113 919 8751 3112 1715 8752 3113 920 8753 3114 920 8754 3114 1715 8755 3113 1716 8756 3115 920 8757 3114 1716 8758 3115 921 8759 3116 921 8760 3116 1716 8761 3115 1717 8762 3117 921 8763 3116 1717 8764 3117 922 8765 3118 922 8766 3118 1717 8767 3117 1718 8768 3119 922 8769 3118 1718 8770 3119 1719 8771 3120 922 8772 3118 1719 8773 3120 923 8774 3121 923 8775 3121 1719 8776 3120 1720 8777 3122 923 8778 3121 1720 8779 3122 924 8780 3123 924 8781 3123 1720 8782 3122 1721 8783 3124 924 8784 3123 1721 8785 3124 925 8786 3125 925 8787 3125 1721 8788 3124 1722 8789 3126 925 8790 3125 1722 8791 3126 926 8792 3127 926 8793 3127 1722 8794 3126 1723 8795 3128 926 8796 3127 1723 8797 3128 927 8798 3129 927 8799 3129 1723 8800 3128 1724 8801 3130 927 8802 3129 1724 8803 3130 928 8804 3131 928 8805 3131 1724 8806 3130 489 8807 3132 928 8808 3131 489 8809 3132 839 8810 3133 839 8811 3133 489 8812 3132 840 8813 3134 840 8814 3134 489 8815 3132 488 8816 3135 840 8817 3134 488 8818 3135 841 8819 3136 841 8820 3136 488 8821 3135 487 8822 3137 841 8823 3136 487 8824 3137 842 8825 3138 842 8826 3138 487 8827 3137 486 8828 3139 842 8829 3138 486 8830 3139 843 8831 3140 843 8832 3140 486 8833 3139 485 8834 3141 843 8835 3140 485 8836 3141 844 8837 3142 844 8838 3142 485 8839 3141 484 8840 3143 844 8841 3142 484 8842 3143 845 8843 3144 845 8844 3144 484 8845 3143 483 8846 3145 845 8847 3144 483 8848 3145 482 8849 3146 845 8850 3144 482 8851 3146 846 8852 3147 846 8853 3147 482 8854 3146 481 8855 3148 846 8856 3147 481 8857 3148 847 8858 3149 847 8859 3149 481 8860 3148 480 8861 3150 847 8862 3149 480 8863 3150 848 8864 3151 848 8865 3151 480 8866 3150 479 8867 3152 848 8868 3151 479 8869 3152 849 8870 3153 849 8871 3153 479 8872 3152 478 8873 3154 849 8874 3153 478 8875 3154 850 8876 3155 850 8877 3155 478 8878 3154 477 8879 3156 850 8880 3155 477 8881 3156 851 8882 3109 851 8883 3109 477 8884 3156 476 8885 3107 490 8886 3157 489 8887 3158 1266 8888 3159 1266 8889 3159 489 8890 3158 1724 8891 3160 1266 8892 3159 1724 8893 3160 1267 8894 3161 1267 8895 3161 1724 8896 3160 1723 8897 3162 1267 8898 3161 1723 8899 3162 1268 8900 3163 1268 8901 3163 1723 8902 3162 1722 8903 3164 1268 8904 3163 1722 8905 3164 1269 8906 3165 1269 8907 3165 1722 8908 3164 1721 8909 3166 1269 8910 3165 1721 8911 3166 1270 8912 3167 1270 8913 3167 1721 8914 3166 1720 8915 3168 1270 8916 3167 1720 8917 3168 1271 8918 3169 1271 8919 3169 1720 8920 3168 1719 8921 3170 1271 8922 3169 1719 8923 3170 1272 8924 3171 1272 8925 3171 1719 8926 3170 1718 8927 3172 1272 8928 3171 1718 8929 3172 1273 8930 3173 1273 8931 3173 1718 8932 3172 1717 8933 3174 1273 8934 3173 1717 8935 3174 1274 8936 3175 1274 8937 3175 1717 8938 3174 1716 8939 3176 1274 8940 3175 1716 8941 3176 1275 8942 3177 1275 8943 3177 1716 8944 3176 1715 8945 3178 1275 8946 3177 1715 8947 3178 1276 8948 3179 1276 8949 3179 1715 8950 3178 1714 8951 3180 1276 8952 3179 1714 8953 3180 1277 8954 3181 1277 8955 3181 1714 8956 3180 1713 8957 3182 1277 8958 3181 1713 8959 3182 503 8960 3183 503 8961 3183 1713 8962 3182 476 8963 3184 1725 8964 3185 1748 8965 3186 448 8966 3187 448 8967 3187 1748 8968 3186 391 8969 3188 448 8970 3187 391 8971 3188 390 8972 3189 1748 8973 3186 1725 8974 3185 1747 8975 3190 1747 8976 3190 1725 8977 3185 1726 8978 3191 1747 8979 3190 1726 8980 3191 1746 8981 3192 1746 8982 3192 1726 8983 3191 1727 8984 3193 1746 8985 3192 1727 8986 3193 1745 8987 3194 1745 8988 3194 1727 8989 3193 1728 8990 3195 1745 8991 3194 1728 8992 3195 1744 8993 3196 1744 8994 3196 1728 8995 3195 1729 8996 3197 1744 8997 3196 1729 8998 3197 1743 8999 3198 1743 9000 3198 1729 9001 3197 1730 9002 3199 1743 9003 3198 1730 9004 3199 1731 9005 3200 1743 9006 3198 1731 9007 3200 1742 9008 3201 1742 9009 3201 1731 9010 3200 1732 9011 3202 1742 9012 3201 1732 9013 3202 1741 9014 3203 1741 9015 3203 1732 9016 3202 1733 9017 3204 1741 9018 3203 1733 9019 3204 1740 9020 3205 1740 9021 3205 1733 9022 3204 1734 9023 3206 1740 9024 3205 1734 9025 3206 1739 9026 3207 1739 9027 3207 1734 9028 3206 1735 9029 3208 1739 9030 3207 1735 9031 3208 1738 9032 3209 1738 9033 3209 1735 9034 3208 1736 9035 3210 1738 9036 3209 1736 9037 3210 1737 9038 3211 1737 9039 3211 1736 9040 3210 461 9041 3212 1737 9042 3211 461 9043 3212 378 9044 3213 378 9045 3213 461 9046 3212 379 9047 3214 379 9048 3214 461 9049 3212 460 9050 3215 379 9051 3214 460 9052 3215 380 9053 3216 380 9054 3216 460 9055 3215 459 9056 3217 380 9057 3216 459 9058 3217 381 9059 3218 381 9060 3218 459 9061 3217 458 9062 3219 381 9063 3218 458 9064 3219 382 9065 3220 382 9066 3220 458 9067 3219 457 9068 3221 382 9069 3220 457 9070 3221 383 9071 3222 383 9072 3222 457 9073 3221 456 9074 3223 383 9075 3222 456 9076 3223 384 9077 3224 384 9078 3224 456 9079 3223 455 9080 3225 384 9081 3224 455 9082 3225 454 9083 3226 384 9084 3224 454 9085 3226 385 9086 3227 385 9087 3227 454 9088 3226 453 9089 3228 385 9090 3227 453 9091 3228 386 9092 3229 386 9093 3229 453 9094 3228 452 9095 3230 386 9096 3229 452 9097 3230 387 9098 3231 387 9099 3231 452 9100 3230 451 9101 3232 387 9102 3231 451 9103 3232 388 9104 3233 388 9105 3233 451 9106 3232 450 9107 3234 388 9108 3233 450 9109 3234 389 9110 3235 389 9111 3235 450 9112 3234 449 9113 3236 389 9114 3235 449 9115 3236 390 9116 3189 390 9117 3189 449 9118 3236 448 9119 3187 462 9120 3237 461 9121 3238 1278 9122 3239 1278 9123 3239 461 9124 3238 1736 9125 3240 1278 9126 3239 1736 9127 3240 1279 9128 3241 1279 9129 3241 1736 9130 3240 1735 9131 3242 1279 9132 3241 1735 9133 3242 1280 9134 3243 1280 9135 3243 1735 9136 3242 1734 9137 3244 1280 9138 3243 1734 9139 3244 1281 9140 3245 1281 9141 3245 1734 9142 3244 1733 9143 3246 1281 9144 3245 1733 9145 3246 1282 9146 3247 1282 9147 3247 1733 9148 3246 1732 9149 3248 1282 9150 3247 1732 9151 3248 1283 9152 3249 1283 9153 3249 1732 9154 3248 1731 9155 3250 1283 9156 3249 1731 9157 3250 1284 9158 3251 1284 9159 3251 1731 9160 3250 1730 9161 3252 1284 9162 3251 1730 9163 3252 1285 9164 3253 1285 9165 3253 1730 9166 3252 1729 9167 3254 1285 9168 3253 1729 9169 3254 1286 9170 3255 1286 9171 3255 1729 9172 3254 1728 9173 3256 1286 9174 3255 1728 9175 3256 1287 9176 3257 1287 9177 3257 1728 9178 3256 1727 9179 3258 1287 9180 3257 1727 9181 3258 1288 9182 3259 1288 9183 3259 1727 9184 3258 1726 9185 3260 1288 9186 3259 1726 9187 3260 1289 9188 3261 1289 9189 3261 1726 9190 3260 1725 9191 3262 1289 9192 3261 1725 9193 3262 475 9194 3263 475 9195 3263 1725 9196 3262 448 9197 3264 1749 9198 3265 1760 9199 3266 420 9200 3267 420 9201 3267 1760 9202 3266 433 9203 3268 420 9204 3267 433 9205 3268 421 9206 3269 421 9207 3269 433 9208 3268 432 9209 3270 421 9210 3269 432 9211 3270 422 9212 3271 422 9213 3271 432 9214 3270 431 9215 3272 422 9216 3271 431 9217 3272 423 9218 3273 423 9219 3273 431 9220 3272 430 9221 3274 423 9222 3273 430 9223 3274 424 9224 3275 424 9225 3275 430 9226 3274 429 9227 3276 424 9228 3275 429 9229 3276 425 9230 3277 425 9231 3277 429 9232 3276 428 9233 3278 425 9234 3277 428 9235 3278 426 9236 3279 426 9237 3279 428 9238 3278 427 9239 3280 1760 9240 3266 1749 9241 3265 1759 9242 3281 1759 9243 3281 1749 9244 3265 1750 9245 3282 1759 9246 3281 1750 9247 3282 1758 9248 3283 1758 9249 3283 1750 9250 3282 1751 9251 3284 1758 9252 3283 1751 9253 3284 1757 9254 3285 1757 9255 3285 1751 9256 3284 1752 9257 3286 1757 9258 3285 1752 9259 3286 1756 9260 3287 1756 9261 3287 1752 9262 3286 1753 9263 3288 1756 9264 3287 1753 9265 3288 1755 9266 3289 1755 9267 3289 1753 9268 3288 1754 9269 3290 434 9270 3291 433 9271 3292 1677 9272 3293 1677 9273 3293 433 9274 3292 1760 9275 3294 1677 9276 3293 1760 9277 3294 1678 9278 3295 1678 9279 3295 1760 9280 3294 1759 9281 3296 1678 9282 3295 1759 9283 3296 1679 9284 3297 1679 9285 3297 1759 9286 3296 1758 9287 3298 1679 9288 3297 1758 9289 3298 1680 9290 3299 1680 9291 3299 1758 9292 3298 1757 9293 3300 1680 9294 3299 1757 9295 3300 1681 9296 3301 1681 9297 3301 1757 9298 3300 1756 9299 3302 1681 9300 3301 1756 9301 3302 1682 9302 3303 1682 9303 3303 1756 9304 3302 1755 9305 3304 1682 9306 3303 1755 9307 3304 1683 9308 3305 1683 9309 3305 1755 9310 3304 1754 9311 3306 1683 9312 3305 1754 9313 3306 1684 9314 3307 1684 9315 3307 1754 9316 3306 1753 9317 3308 1684 9318 3307 1753 9319 3308 1685 9320 3309 1685 9321 3309 1753 9322 3308 1752 9323 3310 1685 9324 3309 1752 9325 3310 1686 9326 3311 1686 9327 3311 1752 9328 3310 1751 9329 3312 1686 9330 3311 1751 9331 3312 1687 9332 3313 1687 9333 3313 1751 9334 3312 1750 9335 3314 1687 9336 3313 1750 9337 3314 1688 9338 3315 1688 9339 3315 1750 9340 3314 1749 9341 3316 1688 9342 3315 1749 9343 3316 447 9344 3317 447 9345 3317 1749 9346 3316 420 9347 3318 1761 9348 3319 1772 9349 3320 392 9350 3321 392 9351 3321 1772 9352 3320 405 9353 3322 392 9354 3321 405 9355 3322 393 9356 3323 393 9357 3323 405 9358 3322 404 9359 3324 393 9360 3323 404 9361 3324 394 9362 3325 394 9363 3325 404 9364 3324 403 9365 3326 394 9366 3325 403 9367 3326 395 9368 3327 395 9369 3327 403 9370 3326 402 9371 3328 395 9372 3327 402 9373 3328 396 9374 3329 396 9375 3329 402 9376 3328 401 9377 3330 396 9378 3329 401 9379 3330 397 9380 3331 397 9381 3331 401 9382 3330 400 9383 3332 397 9384 3331 400 9385 3332 398 9386 3333 398 9387 3333 400 9388 3332 399 9389 3334 1772 9390 3320 1761 9391 3319 1771 9392 3335 1771 9393 3335 1761 9394 3319 1762 9395 3336 1771 9396 3335 1762 9397 3336 1770 9398 3337 1770 9399 3337 1762 9400 3336 1763 9401 3338 1770 9402 3337 1763 9403 3338 1769 9404 3339 1769 9405 3339 1763 9406 3338 1764 9407 3340 1769 9408 3339 1764 9409 3340 1768 9410 3341 1768 9411 3341 1764 9412 3340 1765 9413 3342 1768 9414 3341 1765 9415 3342 1767 9416 3343 1767 9417 3343 1765 9418 3342 1766 9419 3344 406 9420 3345 405 9421 3346 1701 9422 3347 1701 9423 3347 405 9424 3346 1772 9425 3348 1701 9426 3347 1772 9427 3348 1702 9428 3349 1702 9429 3349 1772 9430 3348 1771 9431 3350 1702 9432 3349 1771 9433 3350 1703 9434 3351 1703 9435 3351 1771 9436 3350 1770 9437 3352 1703 9438 3351 1770 9439 3352 1704 9440 3353 1704 9441 3353 1770 9442 3352 1769 9443 3354 1704 9444 3353 1769 9445 3354 1705 9446 3355 1705 9447 3355 1769 9448 3354 1768 9449 3356 1705 9450 3355 1768 9451 3356 1706 9452 3357 1706 9453 3357 1768 9454 3356 1767 9455 3358 1706 9456 3357 1767 9457 3358 1707 9458 3359 1707 9459 3359 1767 9460 3358 1766 9461 3360 1707 9462 3359 1766 9463 3360 1708 9464 3361 1708 9465 3361 1766 9466 3360 1765 9467 3362 1708 9468 3361 1765 9469 3362 1709 9470 3363 1709 9471 3363 1765 9472 3362 1764 9473 3364 1709 9474 3363 1764 9475 3364 1710 9476 3365 1710 9477 3365 1764 9478 3364 1763 9479 3366 1710 9480 3365 1763 9481 3366 1711 9482 3367 1711 9483 3367 1763 9484 3366 1762 9485 3368 1711 9486 3367 1762 9487 3368 1712 9488 3369 1712 9489 3369 1762 9490 3368 1761 9491 3370 1712 9492 3369 1761 9493 3370 419 9494 3371 419 9495 3371 1761 9496 3370 392 9497 3372 1773 9498 3373 1784 9499 3374 364 9500 3375 364 9501 3375 1784 9502 3374 377 9503 3376 364 9504 3375 377 9505 3376 365 9506 3377 365 9507 3377 377 9508 3376 376 9509 3378 365 9510 3377 376 9511 3378 366 9512 3379 366 9513 3379 376 9514 3378 375 9515 3380 366 9516 3379 375 9517 3380 367 9518 3381 367 9519 3381 375 9520 3380 374 9521 3382 367 9522 3381 374 9523 3382 368 9524 3383 368 9525 3383 374 9526 3382 373 9527 3384 368 9528 3383 373 9529 3384 369 9530 3385 369 9531 3385 373 9532 3384 372 9533 3386 369 9534 3385 372 9535 3386 370 9536 3387 370 9537 3387 372 9538 3386 371 9539 3388 1784 9540 3374 1773 9541 3373 1783 9542 3389 1783 9543 3389 1773 9544 3373 1774 9545 3390 1783 9546 3389 1774 9547 3390 1782 9548 3391 1782 9549 3391 1774 9550 3390 1775 9551 3392 1782 9552 3391 1775 9553 3392 1781 9554 3393 1781 9555 3393 1775 9556 3392 1776 9557 3394 1781 9558 3393 1776 9559 3394 1780 9560 3395 1780 9561 3395 1776 9562 3394 1777 9563 3396 1780 9564 3395 1777 9565 3396 1779 9566 3397 1779 9567 3397 1777 9568 3396 1778 9569 3398 378 9570 3399 377 9571 3400 1737 9572 3401 1737 9573 3401 377 9574 3400 1784 9575 3402 1737 9576 3401 1784 9577 3402 1738 9578 3403 1738 9579 3403 1784 9580 3402 1783 9581 3404 1738 9582 3403 1783 9583 3404 1739 9584 3405 1739 9585 3405 1783 9586 3404 1782 9587 3406 1739 9588 3405 1782 9589 3406 1740 9590 3407 1740 9591 3407 1782 9592 3406 1781 9593 3408 1740 9594 3407 1781 9595 3408 1741 9596 3409 1741 9597 3409 1781 9598 3408 1780 9599 3410 1741 9600 3409 1780 9601 3410 1742 9602 3411 1742 9603 3411 1780 9604 3410 1779 9605 3412 1742 9606 3411 1779 9607 3412 1743 9608 3413 1743 9609 3413 1779 9610 3412 1778 9611 3414 1743 9612 3413 1778 9613 3414 1744 9614 3415 1744 9615 3415 1778 9616 3414 1777 9617 3416 1744 9618 3415 1777 9619 3416 1745 9620 3417 1745 9621 3417 1777 9622 3416 1776 9623 3418 1745 9624 3417 1776 9625 3418 1746 9626 3419 1746 9627 3419 1776 9628 3418 1775 9629 3420 1746 9630 3419 1775 9631 3420 1747 9632 3421 1747 9633 3421 1775 9634 3420 1774 9635 3422 1747 9636 3421 1774 9637 3422 1748 9638 3423 1748 9639 3423 1774 9640 3422 1773 9641 3424 1748 9642 3423 1773 9643 3424 391 9644 3425 391 9645 3425 1773 9646 3424 364 9647 3426 1785 9648 3427 1808 9649 3428 336 9650 3429 336 9651 3429 1808 9652 3428 307 9653 3430 336 9654 3429 307 9655 3430 306 9656 3431 1808 9657 3428 1785 9658 3427 1807 9659 3432 1807 9660 3432 1785 9661 3427 1786 9662 3433 1807 9663 3432 1786 9664 3433 1806 9665 3434 1806 9666 3434 1786 9667 3433 1787 9668 3435 1806 9669 3434 1787 9670 3435 1805 9671 3436 1805 9672 3436 1787 9673 3435 1788 9674 3437 1805 9675 3436 1788 9676 3437 1804 9677 3438 1804 9678 3438 1788 9679 3437 1789 9680 3439 1804 9681 3438 1789 9682 3439 1803 9683 3440 1803 9684 3440 1789 9685 3439 1790 9686 3441 1803 9687 3440 1790 9688 3441 1791 9689 3442 1803 9690 3440 1791 9691 3442 1802 9692 3443 1802 9693 3443 1791 9694 3442 1792 9695 3444 1802 9696 3443 1792 9697 3444 1801 9698 3445 1801 9699 3445 1792 9700 3444 1793 9701 3446 1801 9702 3445 1793 9703 3446 1800 9704 3447 1800 9705 3447 1793 9706 3446 1794 9707 3448 1800 9708 3447 1794 9709 3448 1799 9710 3449 1799 9711 3449 1794 9712 3448 1795 9713 3450 1799 9714 3449 1795 9715 3450 1798 9716 3451 1798 9717 3451 1795 9718 3450 1796 9719 3452 1798 9720 3451 1796 9721 3452 1797 9722 3453 1797 9723 3453 1796 9724 3452 349 9725 3454 1797 9726 3453 349 9727 3454 294 9728 3455 294 9729 3455 349 9730 3454 295 9731 3456 295 9732 3456 349 9733 3454 348 9734 3457 295 9735 3456 348 9736 3457 296 9737 3458 296 9738 3458 348 9739 3457 347 9740 3459 296 9741 3458 347 9742 3459 297 9743 3460 297 9744 3460 347 9745 3459 346 9746 3461 297 9747 3460 346 9748 3461 298 9749 3462 298 9750 3462 346 9751 3461 345 9752 3463 298 9753 3462 345 9754 3463 299 9755 3464 299 9756 3464 345 9757 3463 344 9758 3465 299 9759 3464 344 9760 3465 300 9761 3466 300 9762 3466 344 9763 3465 343 9764 3467 300 9765 3466 343 9766 3467 342 9767 3468 300 9768 3466 342 9769 3468 301 9770 3469 301 9771 3469 342 9772 3468 341 9773 3470 301 9774 3469 341 9775 3470 302 9776 3471 302 9777 3471 341 9778 3470 340 9779 3472 302 9780 3471 340 9781 3472 303 9782 3473 303 9783 3473 340 9784 3472 339 9785 3474 303 9786 3473 339 9787 3474 304 9788 3475 304 9789 3475 339 9790 3474 338 9791 3476 304 9792 3475 338 9793 3476 305 9794 3477 305 9795 3477 338 9796 3476 337 9797 3478 305 9798 3477 337 9799 3478 306 9800 3431 306 9801 3431 337 9802 3478 336 9803 3429 350 9804 3479 349 9805 3480 1455 9806 3481 1455 9807 3481 349 9808 3480 1796 9809 3482 1455 9810 3481 1796 9811 3482 1456 9812 3483 1456 9813 3483 1796 9814 3482 1795 9815 3484 1456 9816 3483 1795 9817 3484 1457 9818 3485 1457 9819 3485 1795 9820 3484 1794 9821 3486 1457 9822 3485 1794 9823 3486 1458 9824 3487 1458 9825 3487 1794 9826 3486 1793 9827 3488 1458 9828 3487 1793 9829 3488 1459 9830 3489 1459 9831 3489 1793 9832 3488 1792 9833 3490 1459 9834 3489 1792 9835 3490 1460 9836 3491 1460 9837 3491 1792 9838 3490 1791 9839 3492 1460 9840 3491 1791 9841 3492 1461 9842 3493 1461 9843 3493 1791 9844 3492 1790 9845 3494 1461 9846 3493 1790 9847 3494 1462 9848 3495 1462 9849 3495 1790 9850 3494 1789 9851 3496 1462 9852 3495 1789 9853 3496 1463 9854 3497 1463 9855 3497 1789 9856 3496 1788 9857 3498 1463 9858 3497 1788 9859 3498 1464 9860 3499 1464 9861 3499 1788 9862 3498 1787 9863 3500 1464 9864 3499 1787 9865 3500 1465 9866 3501 1465 9867 3501 1787 9868 3500 1786 9869 3502 1465 9870 3501 1786 9871 3502 1466 9872 3503 1466 9873 3503 1786 9874 3502 1785 9875 3504 1466 9876 3503 1785 9877 3504 363 9878 3505 363 9879 3505 1785 9880 3504 336 9881 3506 1809 9882 3507 893 9883 3508 308 9884 3509 308 9885 3509 893 9886 3508 880 9887 3510 308 9888 3509 880 9889 3510 879 9890 3511 893 9891 3508 1809 9892 3507 894 9893 3512 894 9894 3512 1809 9895 3507 1810 9896 3513 894 9897 3512 1810 9898 3513 895 9899 3514 895 9900 3514 1810 9901 3513 1811 9902 3515 895 9903 3514 1811 9904 3515 896 9905 3516 896 9906 3516 1811 9907 3515 1812 9908 3517 896 9909 3516 1812 9910 3517 897 9911 3518 897 9912 3518 1812 9913 3517 1813 9914 3519 897 9915 3518 1813 9916 3519 898 9917 3520 898 9918 3520 1813 9919 3519 1814 9920 3521 898 9921 3520 1814 9922 3521 1815 9923 3522 898 9924 3520 1815 9925 3522 899 9926 3523 899 9927 3523 1815 9928 3522 1816 9929 3524 899 9930 3523 1816 9931 3524 900 9932 3525 900 9933 3525 1816 9934 3524 1817 9935 3526 900 9936 3525 1817 9937 3526 901 9938 3527 901 9939 3527 1817 9940 3526 1818 9941 3528 901 9942 3527 1818 9943 3528 902 9944 3529 902 9945 3529 1818 9946 3528 1819 9947 3530 902 9948 3529 1819 9949 3530 903 9950 3531 903 9951 3531 1819 9952 3530 1820 9953 3532 903 9954 3531 1820 9955 3532 904 9956 3533 904 9957 3533 1820 9958 3532 321 9959 3534 904 9960 3533 321 9961 3534 867 9962 3535 867 9963 3535 321 9964 3534 868 9965 3536 868 9966 3536 321 9967 3534 320 9968 3537 868 9969 3536 320 9970 3537 869 9971 3538 869 9972 3538 320 9973 3537 319 9974 3539 869 9975 3538 319 9976 3539 870 9977 3540 870 9978 3540 319 9979 3539 318 9980 3541 870 9981 3540 318 9982 3541 871 9983 3542 871 9984 3542 318 9985 3541 317 9986 3543 871 9987 3542 317 9988 3543 872 9989 3544 872 9990 3544 317 9991 3543 316 9992 3545 872 9993 3544 316 9994 3545 873 9995 3546 873 9996 3546 316 9997 3545 315 9998 3547 873 9999 3546 315 10000 3547 314 10001 3548 873 10002 3546 314 10003 3548 874 10004 3549 874 10005 3549 314 10006 3548 313 10007 3550 874 10008 3549 313 10009 3550 875 10010 3551 875 10011 3551 313 10012 3550 312 10013 3552 875 10014 3551 312 10015 3552 876 10016 3553 876 10017 3553 312 10018 3552 311 10019 3554 876 10020 3553 311 10021 3554 877 10022 3555 877 10023 3555 311 10024 3554 310 10025 3556 877 10026 3555 310 10027 3556 878 10028 3557 878 10029 3557 310 10030 3556 309 10031 3558 878 10032 3557 309 10033 3558 879 10034 3511 879 10035 3511 309 10036 3558 308 10037 3509 322 10038 3559 321 10039 3560 1467 10040 3561 1467 10041 3561 321 10042 3560 1820 10043 3562 1467 10044 3561 1820 10045 3562 1468 10046 3563 1468 10047 3563 1820 10048 3562 1819 10049 3564 1468 10050 3563 1819 10051 3564 1469 10052 3565 1469 10053 3565 1819 10054 3564 1818 10055 3566 1469 10056 3565 1818 10057 3566 1470 10058 3567 1470 10059 3567 1818 10060 3566 1817 10061 3568 1470 10062 3567 1817 10063 3568 1471 10064 3569 1471 10065 3569 1817 10066 3568 1816 10067 3570 1471 10068 3569 1816 10069 3570 1472 10070 3571 1472 10071 3571 1816 10072 3570 1815 10073 3572 1472 10074 3571 1815 10075 3572 1473 10076 3573 1473 10077 3573 1815 10078 3572 1814 10079 3574 1473 10080 3573 1814 10081 3574 1474 10082 3575 1474 10083 3575 1814 10084 3574 1813 10085 3576 1474 10086 3575 1813 10087 3576 1475 10088 3577 1475 10089 3577 1813 10090 3576 1812 10091 3578 1475 10092 3577 1812 10093 3578 1476 10094 3579 1476 10095 3579 1812 10096 3578 1811 10097 3580 1476 10098 3579 1811 10099 3580 1477 10100 3581 1477 10101 3581 1811 10102 3580 1810 10103 3582 1477 10104 3581 1810 10105 3582 1478 10106 3583 1478 10107 3583 1810 10108 3582 1809 10109 3584 1478 10110 3583 1809 10111 3584 335 10112 3585 335 10113 3585 1809 10114 3584 308 10115 3586 292 10116 3587 281 10117 3588 293 10118 3589 293 10119 3589 281 10120 3588 280 10121 3590 293 10122 3589 280 10123 3590 1832 10124 3591 1832 10125 3591 280 10126 3590 1821 10127 3592 1832 10128 3591 1821 10129 3592 1831 10130 3593 1831 10131 3593 1821 10132 3592 1822 10133 3594 1831 10134 3593 1822 10135 3594 1830 10136 3595 1830 10137 3595 1822 10138 3594 1823 10139 3596 1830 10140 3595 1823 10141 3596 1829 10142 3597 1829 10143 3597 1823 10144 3596 1824 10145 3598 1829 10146 3597 1824 10147 3598 1828 10148 3599 1828 10149 3599 1824 10150 3598 1825 10151 3600 1828 10152 3599 1825 10153 3600 1827 10154 3601 1827 10155 3601 1825 10156 3600 1826 10157 3602 281 10158 3588 292 10159 3587 282 10160 3603 282 10161 3603 292 10162 3587 291 10163 3604 282 10164 3603 291 10165 3604 283 10166 3605 283 10167 3605 291 10168 3604 290 10169 3606 283 10170 3605 290 10171 3606 284 10172 3607 284 10173 3607 290 10174 3606 289 10175 3608 284 10176 3607 289 10177 3608 285 10178 3609 285 10179 3609 289 10180 3608 288 10181 3610 285 10182 3609 288 10183 3610 286 10184 3611 286 10185 3611 288 10186 3610 287 10187 3612 294 10188 3613 293 10189 3614 1797 10190 3615 1797 10191 3615 293 10192 3614 1832 10193 3616 1797 10194 3615 1832 10195 3616 1798 10196 3617 1798 10197 3617 1832 10198 3616 1831 10199 3618 1798 10200 3617 1831 10201 3618 1799 10202 3619 1799 10203 3619 1831 10204 3618 1830 10205 3620 1799 10206 3619 1830 10207 3620 1800 10208 3621 1800 10209 3621 1830 10210 3620 1829 10211 3622 1800 10212 3621 1829 10213 3622 1801 10214 3623 1801 10215 3623 1829 10216 3622 1828 10217 3624 1801 10218 3623 1828 10219 3624 1802 10220 3625 1802 10221 3625 1828 10222 3624 1827 10223 3626 1802 10224 3625 1827 10225 3626 1803 10226 3627 1803 10227 3627 1827 10228 3626 1826 10229 3628 1803 10230 3627 1826 10231 3628 1804 10232 3629 1804 10233 3629 1826 10234 3628 1825 10235 3630 1804 10236 3629 1825 10237 3630 1805 10238 3631 1805 10239 3631 1825 10240 3630 1824 10241 3632 1805 10242 3631 1824 10243 3632 1806 10244 3633 1806 10245 3633 1824 10246 3632 1823 10247 3634 1806 10248 3633 1823 10249 3634 1807 10250 3635 1807 10251 3635 1823 10252 3634 1822 10253 3636 1807 10254 3635 1822 10255 3636 1808 10256 3637 1808 10257 3637 1822 10258 3636 1821 10259 3638 1808 10260 3637 1821 10261 3638 307 10262 3639 307 10263 3639 1821 10264 3638 280 10265 3640 1833 10266 3641 1856 10267 3642 252 10268 3643 252 10269 3643 1856 10270 3642 195 10271 3644 252 10272 3643 195 10273 3644 194 10274 3645 1856 10275 3642 1833 10276 3641 1855 10277 3646 1855 10278 3646 1833 10279 3641 1834 10280 3647 1855 10281 3646 1834 10282 3647 1854 10283 3648 1854 10284 3648 1834 10285 3647 1835 10286 3649 1854 10287 3648 1835 10288 3649 1853 10289 3650 1853 10290 3650 1835 10291 3649 1836 10292 3651 1853 10293 3650 1836 10294 3651 1852 10295 3652 1852 10296 3652 1836 10297 3651 1837 10298 3653 1852 10299 3652 1837 10300 3653 1851 10301 3654 1851 10302 3654 1837 10303 3653 1838 10304 3655 1851 10305 3654 1838 10306 3655 1839 10307 3656 1851 10308 3654 1839 10309 3656 1850 10310 3657 1850 10311 3657 1839 10312 3656 1840 10313 3658 1850 10314 3657 1840 10315 3658 1849 10316 3659 1849 10317 3659 1840 10318 3658 1841 10319 3660 1849 10320 3659 1841 10321 3660 1848 10322 3661 1848 10323 3661 1841 10324 3660 1842 10325 3662 1848 10326 3661 1842 10327 3662 1847 10328 3663 1847 10329 3663 1842 10330 3662 1843 10331 3664 1847 10332 3663 1843 10333 3664 1846 10334 3665 1846 10335 3665 1843 10336 3664 1844 10337 3666 1846 10338 3665 1844 10339 3666 1845 10340 3667 1845 10341 3667 1844 10342 3666 265 10343 3668 1845 10344 3667 265 10345 3668 182 10346 3669 182 10347 3669 265 10348 3668 183 10349 3670 183 10350 3670 265 10351 3668 264 10352 3671 183 10353 3670 264 10354 3671 184 10355 3672 184 10356 3672 264 10357 3671 263 10358 3673 184 10359 3672 263 10360 3673 185 10361 3674 185 10362 3674 263 10363 3673 262 10364 3675 185 10365 3674 262 10366 3675 186 10367 3676 186 10368 3676 262 10369 3675 261 10370 3677 186 10371 3676 261 10372 3677 187 10373 3678 187 10374 3678 261 10375 3677 260 10376 3679 187 10377 3678 260 10378 3679 188 10379 3680 188 10380 3680 260 10381 3679 259 10382 3681 188 10383 3680 259 10384 3681 258 10385 3682 188 10386 3680 258 10387 3682 189 10388 3683 189 10389 3683 258 10390 3682 257 10391 3684 189 10392 3683 257 10393 3684 190 10394 3685 190 10395 3685 257 10396 3684 256 10397 3686 190 10398 3685 256 10399 3686 191 10400 3687 191 10401 3687 256 10402 3686 255 10403 3688 191 10404 3687 255 10405 3688 192 10406 3689 192 10407 3689 255 10408 3688 254 10409 3690 192 10410 3689 254 10411 3690 193 10412 3691 193 10413 3691 254 10414 3690 253 10415 3692 193 10416 3691 253 10417 3692 194 10418 3645 194 10419 3645 253 10420 3692 252 10421 3643 266 10422 3693 265 10423 3694 1541 10424 3695 1541 10425 3695 265 10426 3694 1844 10427 3696 1541 10428 3695 1844 10429 3696 1542 10430 3697 1542 10431 3697 1844 10432 3696 1843 10433 3698 1542 10434 3697 1843 10435 3698 1543 10436 3699 1543 10437 3699 1843 10438 3698 1842 10439 3700 1543 10440 3699 1842 10441 3700 1544 10442 3701 1544 10443 3701 1842 10444 3700 1841 10445 3702 1544 10446 3701 1841 10447 3702 1545 10448 3703 1545 10449 3703 1841 10450 3702 1840 10451 3704 1545 10452 3703 1840 10453 3704 1546 10454 3705 1546 10455 3705 1840 10456 3704 1839 10457 3706 1546 10458 3705 1839 10459 3706 1547 10460 3707 1547 10461 3707 1839 10462 3706 1838 10463 3708 1547 10464 3707 1838 10465 3708 1548 10466 3709 1548 10467 3709 1838 10468 3708 1837 10469 3710 1548 10470 3709 1837 10471 3710 1549 10472 3711 1549 10473 3711 1837 10474 3710 1836 10475 3712 1549 10476 3711 1836 10477 3712 1550 10478 3713 1550 10479 3713 1836 10480 3712 1835 10481 3714 1550 10482 3713 1835 10483 3714 1551 10484 3715 1551 10485 3715 1835 10486 3714 1834 10487 3716 1551 10488 3715 1834 10489 3716 1552 10490 3717 1552 10491 3717 1834 10492 3716 1833 10493 3718 1552 10494 3717 1833 10495 3718 279 10496 3719 279 10497 3719 1833 10498 3718 252 10499 3720 1857 10500 3721 1880 10501 3722 224 10502 3723 224 10503 3723 1880 10504 3722 167 10505 3724 224 10506 3723 167 10507 3724 166 10508 3725 1880 10509 3722 1857 10510 3721 1879 10511 3726 1879 10512 3726 1857 10513 3721 1858 10514 3727 1879 10515 3726 1858 10516 3727 1878 10517 3728 1878 10518 3728 1858 10519 3727 1859 10520 3729 1878 10521 3728 1859 10522 3729 1877 10523 3730 1877 10524 3730 1859 10525 3729 1860 10526 3731 1877 10527 3730 1860 10528 3731 1876 10529 3732 1876 10530 3732 1860 10531 3731 1861 10532 3733 1876 10533 3732 1861 10534 3733 1875 10535 3734 1875 10536 3734 1861 10537 3733 1862 10538 3735 1875 10539 3734 1862 10540 3735 1863 10541 3736 1875 10542 3734 1863 10543 3736 1874 10544 3737 1874 10545 3737 1863 10546 3736 1864 10547 3738 1874 10548 3737 1864 10549 3738 1873 10550 3739 1873 10551 3739 1864 10552 3738 1865 10553 3740 1873 10554 3739 1865 10555 3740 1872 10556 3741 1872 10557 3741 1865 10558 3740 1866 10559 3742 1872 10560 3741 1866 10561 3742 1871 10562 3743 1871 10563 3743 1866 10564 3742 1867 10565 3744 1871 10566 3743 1867 10567 3744 1870 10568 3745 1870 10569 3745 1867 10570 3744 1868 10571 3746 1870 10572 3745 1868 10573 3746 1869 10574 3747 1869 10575 3747 1868 10576 3746 237 10577 3748 1869 10578 3747 237 10579 3748 154 10580 3749 154 10581 3749 237 10582 3748 155 10583 3750 155 10584 3750 237 10585 3748 236 10586 3751 155 10587 3750 236 10588 3751 156 10589 3752 156 10590 3752 236 10591 3751 235 10592 3753 156 10593 3752 235 10594 3753 157 10595 3754 157 10596 3754 235 10597 3753 234 10598 3755 157 10599 3754 234 10600 3755 158 10601 3756 158 10602 3756 234 10603 3755 233 10604 3757 158 10605 3756 233 10606 3757 159 10607 3758 159 10608 3758 233 10609 3757 232 10610 3759 159 10611 3758 232 10612 3759 160 10613 3760 160 10614 3760 232 10615 3759 231 10616 3761 160 10617 3760 231 10618 3761 230 10619 3762 160 10620 3760 230 10621 3762 161 10622 3763 161 10623 3763 230 10624 3762 229 10625 3764 161 10626 3763 229 10627 3764 162 10628 3765 162 10629 3765 229 10630 3764 228 10631 3766 162 10632 3765 228 10633 3766 163 10634 3767 163 10635 3767 228 10636 3766 227 10637 3768 163 10638 3767 227 10639 3768 164 10640 3769 164 10641 3769 227 10642 3768 226 10643 3770 164 10644 3769 226 10645 3770 165 10646 3771 165 10647 3771 226 10648 3770 225 10649 3772 165 10650 3771 225 10651 3772 166 10652 3725 166 10653 3725 225 10654 3772 224 10655 3723 238 10656 3773 237 10657 3774 1553 10658 3775 1553 10659 3775 237 10660 3774 1868 10661 3776 1553 10662 3775 1868 10663 3776 1554 10664 3777 1554 10665 3777 1868 10666 3776 1867 10667 3778 1554 10668 3777 1867 10669 3778 1555 10670 3779 1555 10671 3779 1867 10672 3778 1866 10673 3780 1555 10674 3779 1866 10675 3780 1556 10676 3781 1556 10677 3781 1866 10678 3780 1865 10679 3782 1556 10680 3781 1865 10681 3782 1557 10682 3783 1557 10683 3783 1865 10684 3782 1864 10685 3784 1557 10686 3783 1864 10687 3784 1558 10688 3785 1558 10689 3785 1864 10690 3784 1863 10691 3786 1558 10692 3785 1863 10693 3786 1559 10694 3787 1559 10695 3787 1863 10696 3786 1862 10697 3788 1559 10698 3787 1862 10699 3788 1560 10700 3789 1560 10701 3789 1862 10702 3788 1861 10703 3790 1560 10704 3789 1861 10705 3790 1561 10706 3791 1561 10707 3791 1861 10708 3790 1860 10709 3792 1561 10710 3791 1860 10711 3792 1562 10712 3793 1562 10713 3793 1860 10714 3792 1859 10715 3794 1562 10716 3793 1859 10717 3794 1563 10718 3795 1563 10719 3795 1859 10720 3794 1858 10721 3796 1563 10722 3795 1858 10723 3796 1564 10724 3797 1564 10725 3797 1858 10726 3796 1857 10727 3798 1564 10728 3797 1857 10729 3798 251 10730 3799 251 10731 3799 1857 10732 3798 224 10733 3800 1881 10734 3801 1904 10735 3802 196 10736 3803 196 10737 3803 1904 10738 3802 139 10739 3804 196 10740 3803 139 10741 3804 138 10742 3805 1904 10743 3802 1881 10744 3801 1903 10745 3806 1903 10746 3806 1881 10747 3801 1882 10748 3807 1903 10749 3806 1882 10750 3807 1902 10751 3808 1902 10752 3808 1882 10753 3807 1883 10754 3809 1902 10755 3808 1883 10756 3809 1901 10757 3810 1901 10758 3810 1883 10759 3809 1884 10760 3811 1901 10761 3810 1884 10762 3811 1900 10763 3812 1900 10764 3812 1884 10765 3811 1885 10766 3813 1900 10767 3812 1885 10768 3813 1899 10769 3814 1899 10770 3814 1885 10771 3813 1886 10772 3815 1899 10773 3814 1886 10774 3815 1887 10775 3816 1899 10776 3814 1887 10777 3816 1898 10778 3817 1898 10779 3817 1887 10780 3816 1888 10781 3818 1898 10782 3817 1888 10783 3818 1897 10784 3819 1897 10785 3819 1888 10786 3818 1889 10787 3820 1897 10788 3819 1889 10789 3820 1896 10790 3821 1896 10791 3821 1889 10792 3820 1890 10793 3822 1896 10794 3821 1890 10795 3822 1895 10796 3823 1895 10797 3823 1890 10798 3822 1891 10799 3824 1895 10800 3823 1891 10801 3824 1894 10802 3825 1894 10803 3825 1891 10804 3824 1892 10805 3826 1894 10806 3825 1892 10807 3826 1893 10808 3827 1893 10809 3827 1892 10810 3826 209 10811 3828 1893 10812 3827 209 10813 3828 126 10814 3829 126 10815 3829 209 10816 3828 127 10817 3830 127 10818 3830 209 10819 3828 208 10820 3831 127 10821 3830 208 10822 3831 128 10823 3832 128 10824 3832 208 10825 3831 207 10826 3833 128 10827 3832 207 10828 3833 129 10829 3834 129 10830 3834 207 10831 3833 206 10832 3835 129 10833 3834 206 10834 3835 130 10835 3836 130 10836 3836 206 10837 3835 205 10838 3837 130 10839 3836 205 10840 3837 131 10841 3838 131 10842 3838 205 10843 3837 204 10844 3839 131 10845 3838 204 10846 3839 132 10847 3840 132 10848 3840 204 10849 3839 203 10850 3841 132 10851 3840 203 10852 3841 202 10853 3842 132 10854 3840 202 10855 3842 133 10856 3843 133 10857 3843 202 10858 3842 201 10859 3844 133 10860 3843 201 10861 3844 134 10862 3845 134 10863 3845 201 10864 3844 200 10865 3846 134 10866 3845 200 10867 3846 135 10868 3847 135 10869 3847 200 10870 3846 199 10871 3848 135 10872 3847 199 10873 3848 136 10874 3849 136 10875 3849 199 10876 3848 198 10877 3850 136 10878 3849 198 10879 3850 137 10880 3851 137 10881 3851 198 10882 3850 197 10883 3852 137 10884 3851 197 10885 3852 138 10886 3805 138 10887 3805 197 10888 3852 196 10889 3803 210 10890 3853 209 10891 3854 1641 10892 3855 1641 10893 3855 209 10894 3854 1892 10895 3856 1641 10896 3855 1892 10897 3856 1642 10898 3857 1642 10899 3857 1892 10900 3856 1891 10901 3858 1642 10902 3857 1891 10903 3858 1643 10904 3859 1643 10905 3859 1891 10906 3858 1890 10907 3860 1643 10908 3859 1890 10909 3860 1644 10910 3861 1644 10911 3861 1890 10912 3860 1889 10913 3862 1644 10914 3861 1889 10915 3862 1645 10916 3863 1645 10917 3863 1889 10918 3862 1888 10919 3864 1645 10920 3863 1888 10921 3864 1646 10922 3865 1646 10923 3865 1888 10924 3864 1887 10925 3866 1646 10926 3865 1887 10927 3866 1647 10928 3867 1647 10929 3867 1887 10930 3866 1886 10931 3868 1647 10932 3867 1886 10933 3868 1648 10934 3869 1648 10935 3869 1886 10936 3868 1885 10937 3870 1648 10938 3869 1885 10939 3870 1649 10940 3871 1649 10941 3871 1885 10942 3870 1884 10943 3872 1649 10944 3871 1884 10945 3872 1650 10946 3873 1650 10947 3873 1884 10948 3872 1883 10949 3874 1650 10950 3873 1883 10951 3874 1651 10952 3875 1651 10953 3875 1883 10954 3874 1882 10955 3876 1651 10956 3875 1882 10957 3876 1652 10958 3877 1652 10959 3877 1882 10960 3876 1881 10961 3878 1652 10962 3877 1881 10963 3878 223 10964 3879 223 10965 3879 1881 10966 3878 196 10967 3880 1905 10968 3881 1916 10969 3882 168 10970 3883 168 10971 3883 1916 10972 3882 181 10973 3884 168 10974 3883 181 10975 3884 169 10976 3885 169 10977 3885 181 10978 3884 180 10979 3886 169 10980 3885 180 10981 3886 170 10982 3887 170 10983 3887 180 10984 3886 179 10985 3888 170 10986 3887 179 10987 3888 171 10988 3889 171 10989 3889 179 10990 3888 178 10991 3890 171 10992 3889 178 10993 3890 172 10994 3891 172 10995 3891 178 10996 3890 177 10997 3892 172 10998 3891 177 10999 3892 173 11000 3893 173 11001 3893 177 11002 3892 176 11003 3894 173 11004 3893 176 11005 3894 174 11006 3895 174 11007 3895 176 11008 3894 175 11009 3896 1916 11010 3882 1905 11011 3881 1915 11012 3897 1915 11013 3897 1905 11014 3881 1906 11015 3898 1915 11016 3897 1906 11017 3898 1914 11018 3899 1914 11019 3899 1906 11020 3898 1907 11021 3900 1914 11022 3899 1907 11023 3900 1913 11024 3901 1913 11025 3901 1907 11026 3900 1908 11027 3902 1913 11028 3901 1908 11029 3902 1912 11030 3903 1912 11031 3903 1908 11032 3902 1909 11033 3904 1912 11034 3903 1909 11035 3904 1911 11036 3905 1911 11037 3905 1909 11038 3904 1910 11039 3906 182 11040 3907 181 11041 3908 1845 11042 3909 1845 11043 3909 181 11044 3908 1916 11045 3910 1845 11046 3909 1916 11047 3910 1846 11048 3911 1846 11049 3911 1916 11050 3910 1915 11051 3912 1846 11052 3911 1915 11053 3912 1847 11054 3913 1847 11055 3913 1915 11056 3912 1914 11057 3914 1847 11058 3913 1914 11059 3914 1848 11060 3915 1848 11061 3915 1914 11062 3914 1913 11063 3916 1848 11064 3915 1913 11065 3916 1849 11066 3917 1849 11067 3917 1913 11068 3916 1912 11069 3918 1849 11070 3917 1912 11071 3918 1850 11072 3919 1850 11073 3919 1912 11074 3918 1911 11075 3920 1850 11076 3919 1911 11077 3920 1851 11078 3921 1851 11079 3921 1911 11080 3920 1910 11081 3922 1851 11082 3921 1910 11083 3922 1852 11084 3923 1852 11085 3923 1910 11086 3922 1909 11087 3924 1852 11088 3923 1909 11089 3924 1853 11090 3925 1853 11091 3925 1909 11092 3924 1908 11093 3926 1853 11094 3925 1908 11095 3926 1854 11096 3927 1854 11097 3927 1908 11098 3926 1907 11099 3928 1854 11100 3927 1907 11101 3928 1855 11102 3929 1855 11103 3929 1907 11104 3928 1906 11105 3930 1855 11106 3929 1906 11107 3930 1856 11108 3931 1856 11109 3931 1906 11110 3930 1905 11111 3932 1856 11112 3931 1905 11113 3932 195 11114 3933 195 11115 3933 1905 11116 3932 168 11117 3934 1917 11118 3935 1928 11119 3936 140 11120 3937 140 11121 3937 1928 11122 3936 153 11123 3938 140 11124 3937 153 11125 3938 141 11126 3939 141 11127 3939 153 11128 3938 152 11129 3940 141 11130 3939 152 11131 3940 142 11132 3941 142 11133 3941 152 11134 3940 151 11135 3942 142 11136 3941 151 11137 3942 143 11138 3943 143 11139 3943 151 11140 3942 150 11141 3944 143 11142 3943 150 11143 3944 144 11144 3945 144 11145 3945 150 11146 3944 149 11147 3946 144 11148 3945 149 11149 3946 145 11150 3947 145 11151 3947 149 11152 3946 148 11153 3948 145 11154 3947 148 11155 3948 146 11156 3949 146 11157 3949 148 11158 3948 147 11159 3950 1928 11160 3936 1917 11161 3935 1927 11162 3951 1927 11163 3951 1917 11164 3935 1918 11165 3952 1927 11166 3951 1918 11167 3952 1926 11168 3953 1926 11169 3953 1918 11170 3952 1919 11171 3954 1926 11172 3953 1919 11173 3954 1925 11174 3955 1925 11175 3955 1919 11176 3954 1920 11177 3956 1925 11178 3955 1920 11179 3956 1924 11180 3957 1924 11181 3957 1920 11182 3956 1921 11183 3958 1924 11184 3957 1921 11185 3958 1923 11186 3959 1923 11187 3959 1921 11188 3958 1922 11189 3960 154 11190 3961 153 11191 3962 1869 11192 3963 1869 11193 3963 153 11194 3962 1928 11195 3964 1869 11196 3963 1928 11197 3964 1870 11198 3965 1870 11199 3965 1928 11200 3964 1927 11201 3966 1870 11202 3965 1927 11203 3966 1871 11204 3967 1871 11205 3967 1927 11206 3966 1926 11207 3968 1871 11208 3967 1926 11209 3968 1872 11210 3969 1872 11211 3969 1926 11212 3968 1925 11213 3970 1872 11214 3969 1925 11215 3970 1873 11216 3971 1873 11217 3971 1925 11218 3970 1924 11219 3972 1873 11220 3971 1924 11221 3972 1874 11222 3973 1874 11223 3973 1924 11224 3972 1923 11225 3974 1874 11226 3973 1923 11227 3974 1875 11228 3975 1875 11229 3975 1923 11230 3974 1922 11231 3976 1875 11232 3975 1922 11233 3976 1876 11234 3977 1876 11235 3977 1922 11236 3976 1921 11237 3978 1876 11238 3977 1921 11239 3978 1877 11240 3979 1877 11241 3979 1921 11242 3978 1920 11243 3980 1877 11244 3979 1920 11245 3980 1878 11246 3981 1878 11247 3981 1920 11248 3980 1919 11249 3982 1878 11250 3981 1919 11251 3982 1879 11252 3983 1879 11253 3983 1919 11254 3982 1918 11255 3984 1879 11256 3983 1918 11257 3984 1880 11258 3985 1880 11259 3985 1918 11260 3984 1917 11261 3986 1880 11262 3985 1917 11263 3986 167 11264 3987 167 11265 3987 1917 11266 3986 140 11267 3988 1929 11268 3989 1940 11269 3990 112 11270 3991 112 11271 3991 1940 11272 3990 125 11273 3992 112 11274 3991 125 11275 3992 113 11276 3993 113 11277 3993 125 11278 3992 124 11279 3994 113 11280 3993 124 11281 3994 114 11282 3995 114 11283 3995 124 11284 3994 123 11285 3996 114 11286 3995 123 11287 3996 115 11288 3997 115 11289 3997 123 11290 3996 122 11291 3998 115 11292 3997 122 11293 3998 116 11294 3999 116 11295 3999 122 11296 3998 121 11297 4000 116 11298 3999 121 11299 4000 117 11300 4001 117 11301 4001 121 11302 4000 120 11303 4002 117 11304 4001 120 11305 4002 118 11306 4003 118 11307 4003 120 11308 4002 119 11309 4004 1940 11310 3990 1929 11311 3989 1939 11312 4005 1939 11313 4005 1929 11314 3989 1930 11315 4006 1939 11316 4005 1930 11317 4006 1938 11318 4007 1938 11319 4007 1930 11320 4006 1931 11321 4008 1938 11322 4007 1931 11323 4008 1937 11324 4009 1937 11325 4009 1931 11326 4008 1932 11327 4010 1937 11328 4009 1932 11329 4010 1936 11330 4011 1936 11331 4011 1932 11332 4010 1933 11333 4012 1936 11334 4011 1933 11335 4012 1935 11336 4013 1935 11337 4013 1933 11338 4012 1934 11339 4014 126 11340 4015 125 11341 4016 1893 11342 4017 1893 11343 4017 125 11344 4016 1940 11345 4018 1893 11346 4017 1940 11347 4018 1894 11348 4019 1894 11349 4019 1940 11350 4018 1939 11351 4020 1894 11352 4019 1939 11353 4020 1895 11354 4021 1895 11355 4021 1939 11356 4020 1938 11357 4022 1895 11358 4021 1938 11359 4022 1896 11360 4023 1896 11361 4023 1938 11362 4022 1937 11363 4024 1896 11364 4023 1937 11365 4024 1897 11366 4025 1897 11367 4025 1937 11368 4024 1936 11369 4026 1897 11370 4025 1936 11371 4026 1898 11372 4027 1898 11373 4027 1936 11374 4026 1935 11375 4028 1898 11376 4027 1935 11377 4028 1899 11378 4029 1899 11379 4029 1935 11380 4028 1934 11381 4030 1899 11382 4029 1934 11383 4030 1900 11384 4031 1900 11385 4031 1934 11386 4030 1933 11387 4032 1900 11388 4031 1933 11389 4032 1901 11390 4033 1901 11391 4033 1933 11392 4032 1932 11393 4034 1901 11394 4033 1932 11395 4034 1902 11396 4035 1902 11397 4035 1932 11398 4034 1931 11399 4036 1902 11400 4035 1931 11401 4036 1903 11402 4037 1903 11403 4037 1931 11404 4036 1930 11405 4038 1903 11406 4037 1930 11407 4038 1904 11408 4039 1904 11409 4039 1930 11410 4038 1929 11411 4040 1904 11412 4039 1929 11413 4040 139 11414 4041 139 11415 4041 1929 11416 4040 112 11417 4042 1941 11418 4043 1964 11419 4044 84 11420 4045 84 11421 4045 1964 11422 4044 55 11423 4046 84 11424 4045 55 11425 4046 54 11426 4047 1964 11427 4044 1941 11428 4043 1963 11429 4048 1963 11430 4048 1941 11431 4043 1942 11432 4049 1963 11433 4048 1942 11434 4049 1962 11435 4050 1962 11436 4050 1942 11437 4049 1943 11438 4051 1962 11439 4050 1943 11440 4051 1961 11441 4052 1961 11442 4052 1943 11443 4051 1944 11444 4053 1961 11445 4052 1944 11446 4053 1960 11447 4054 1960 11448 4054 1944 11449 4053 1945 11450 4055 1960 11451 4054 1945 11452 4055 1959 11453 4056 1959 11454 4056 1945 11455 4055 1946 11456 4057 1959 11457 4056 1946 11458 4057 1947 11459 4058 1959 11460 4056 1947 11461 4058 1958 11462 4059 1958 11463 4059 1947 11464 4058 1948 11465 4060 1958 11466 4059 1948 11467 4060 1957 11468 4061 1957 11469 4061 1948 11470 4060 1949 11471 4062 1957 11472 4061 1949 11473 4062 1956 11474 4063 1956 11475 4063 1949 11476 4062 1950 11477 4064 1956 11478 4063 1950 11479 4064 1955 11480 4065 1955 11481 4065 1950 11482 4064 1951 11483 4066 1955 11484 4065 1951 11485 4066 1954 11486 4067 1954 11487 4067 1951 11488 4066 1952 11489 4068 1954 11490 4067 1952 11491 4068 1953 11492 4069 1953 11493 4069 1952 11494 4068 97 11495 4070 1953 11496 4069 97 11497 4070 42 11498 4071 42 11499 4071 97 11500 4070 43 11501 4072 43 11502 4072 97 11503 4070 96 11504 4073 43 11505 4072 96 11506 4073 44 11507 4074 44 11508 4074 96 11509 4073 95 11510 4075 44 11511 4074 95 11512 4075 45 11513 4076 45 11514 4076 95 11515 4075 94 11516 4077 45 11517 4076 94 11518 4077 46 11519 4078 46 11520 4078 94 11521 4077 93 11522 4079 46 11523 4078 93 11524 4079 47 11525 4080 47 11526 4080 93 11527 4079 92 11528 4081 47 11529 4080 92 11530 4081 48 11531 4082 48 11532 4082 92 11533 4081 91 11534 4083 48 11535 4082 91 11536 4083 90 11537 4084 48 11538 4082 90 11539 4084 49 11540 4085 49 11541 4085 90 11542 4084 89 11543 4086 49 11544 4085 89 11545 4086 50 11546 4087 50 11547 4087 89 11548 4086 88 11549 4088 50 11550 4087 88 11551 4088 51 11552 4089 51 11553 4089 88 11554 4088 87 11555 4090 51 11556 4089 87 11557 4090 52 11558 4091 52 11559 4091 87 11560 4090 86 11561 4092 52 11562 4091 86 11563 4092 53 11564 4093 53 11565 4093 86 11566 4092 85 11567 4094 53 11568 4093 85 11569 4094 54 11570 4047 54 11571 4047 85 11572 4094 84 11573 4045 98 11574 4095 97 11575 4096 1493 11576 4097 1493 11577 4097 97 11578 4096 1952 11579 4098 1493 11580 4097 1952 11581 4098 1494 11582 4099 1494 11583 4099 1952 11584 4098 1951 11585 4100 1494 11586 4099 1951 11587 4100 1495 11588 4101 1495 11589 4101 1951 11590 4100 1950 11591 4102 1495 11592 4101 1950 11593 4102 1496 11594 4103 1496 11595 4103 1950 11596 4102 1949 11597 4104 1496 11598 4103 1949 11599 4104 1497 11600 4105 1497 11601 4105 1949 11602 4104 1948 11603 4106 1497 11604 4105 1948 11605 4106 1498 11606 4107 1498 11607 4107 1948 11608 4106 1947 11609 4108 1498 11610 4107 1947 11611 4108 1499 11612 4109 1499 11613 4109 1947 11614 4108 1946 11615 4110 1499 11616 4109 1946 11617 4110 1500 11618 4111 1500 11619 4111 1946 11620 4110 1945 11621 4112 1500 11622 4111 1945 11623 4112 1501 11624 4113 1501 11625 4113 1945 11626 4112 1944 11627 4114 1501 11628 4113 1944 11629 4114 1502 11630 4115 1502 11631 4115 1944 11632 4114 1943 11633 4116 1502 11634 4115 1943 11635 4116 1503 11636 4117 1503 11637 4117 1943 11638 4116 1942 11639 4118 1503 11640 4117 1942 11641 4118 1504 11642 4119 1504 11643 4119 1942 11644 4118 1941 11645 4120 1504 11646 4119 1941 11647 4120 111 11648 4121 111 11649 4121 1941 11650 4120 84 11651 4122 1965 11652 4123 1988 11653 4124 56 11654 4125 56 11655 4125 1988 11656 4124 27 11657 4126 56 11658 4125 27 11659 4126 26 11660 4127 1988 11661 4124 1965 11662 4123 1987 11663 4128 1987 11664 4128 1965 11665 4123 1966 11666 4129 1987 11667 4128 1966 11668 4129 1986 11669 4130 1986 11670 4130 1966 11671 4129 1967 11672 4131 1986 11673 4130 1967 11674 4131 1985 11675 4132 1985 11676 4132 1967 11677 4131 1968 11678 4133 1985 11679 4132 1968 11680 4133 1984 11681 4134 1984 11682 4134 1968 11683 4133 1969 11684 4135 1984 11685 4134 1969 11686 4135 1983 11687 4136 1983 11688 4136 1969 11689 4135 1970 11690 4137 1983 11691 4136 1970 11692 4137 1971 11693 4138 1983 11694 4136 1971 11695 4138 1982 11696 4139 1982 11697 4139 1971 11698 4138 1972 11699 4140 1982 11700 4139 1972 11701 4140 1981 11702 4141 1981 11703 4141 1972 11704 4140 1973 11705 4142 1981 11706 4141 1973 11707 4142 1980 11708 4143 1980 11709 4143 1973 11710 4142 1974 11711 4144 1980 11712 4143 1974 11713 4144 1979 11714 4145 1979 11715 4145 1974 11716 4144 1975 11717 4146 1979 11718 4145 1975 11719 4146 1978 11720 4147 1978 11721 4147 1975 11722 4146 1976 11723 4148 1978 11724 4147 1976 11725 4148 1977 11726 4149 1977 11727 4149 1976 11728 4148 69 11729 4150 1977 11730 4149 69 11731 4150 14 11732 4151 14 11733 4151 69 11734 4150 15 11735 4152 15 11736 4152 69 11737 4150 68 11738 4153 15 11739 4152 68 11740 4153 16 11741 4154 16 11742 4154 68 11743 4153 67 11744 4155 16 11745 4154 67 11746 4155 17 11747 4156 17 11748 4156 67 11749 4155 66 11750 4157 17 11751 4156 66 11752 4157 18 11753 4158 18 11754 4158 66 11755 4157 65 11756 4159 18 11757 4158 65 11758 4159 19 11759 4160 19 11760 4160 65 11761 4159 64 11762 4161 19 11763 4160 64 11764 4161 20 11765 4162 20 11766 4162 64 11767 4161 63 11768 4163 20 11769 4162 63 11770 4163 62 11771 4164 20 11772 4162 62 11773 4164 21 11774 4165 21 11775 4165 62 11776 4164 61 11777 4166 21 11778 4165 61 11779 4166 22 11780 4167 22 11781 4167 61 11782 4166 60 11783 4168 22 11784 4167 60 11785 4168 23 11786 4169 23 11787 4169 60 11788 4168 59 11789 4170 23 11790 4169 59 11791 4170 24 11792 4171 24 11793 4171 59 11794 4170 58 11795 4172 24 11796 4171 58 11797 4172 25 11798 4173 25 11799 4173 58 11800 4172 57 11801 4174 25 11802 4173 57 11803 4174 26 11804 4127 26 11805 4127 57 11806 4174 56 11807 4125 70 11808 4175 69 11809 4176 1653 11810 4177 1653 11811 4177 69 11812 4176 1976 11813 4178 1653 11814 4177 1976 11815 4178 1654 11816 4179 1654 11817 4179 1976 11818 4178 1975 11819 4180 1654 11820 4179 1975 11821 4180 1655 11822 4181 1655 11823 4181 1975 11824 4180 1974 11825 4182 1655 11826 4181 1974 11827 4182 1656 11828 4183 1656 11829 4183 1974 11830 4182 1973 11831 4184 1656 11832 4183 1973 11833 4184 1657 11834 4185 1657 11835 4185 1973 11836 4184 1972 11837 4186 1657 11838 4185 1972 11839 4186 1658 11840 4187 1658 11841 4187 1972 11842 4186 1971 11843 4188 1658 11844 4187 1971 11845 4188 1659 11846 4189 1659 11847 4189 1971 11848 4188 1970 11849 4190 1659 11850 4189 1970 11851 4190 1660 11852 4191 1660 11853 4191 1970 11854 4190 1969 11855 4192 1660 11856 4191 1969 11857 4192 1661 11858 4193 1661 11859 4193 1969 11860 4192 1968 11861 4194 1661 11862 4193 1968 11863 4194 1662 11864 4195 1662 11865 4195 1968 11866 4194 1967 11867 4196 1662 11868 4195 1967 11869 4196 1663 11870 4197 1663 11871 4197 1967 11872 4196 1966 11873 4198 1663 11874 4197 1966 11875 4198 1664 11876 4199 1664 11877 4199 1966 11878 4198 1965 11879 4200 1664 11880 4199 1965 11881 4200 83 11882 4201 83 11883 4201 1965 11884 4200 56 11885 4202 1989 11886 4203 2000 11887 4204 28 11888 4205 28 11889 4205 2000 11890 4204 41 11891 4206 28 11892 4205 41 11893 4206 29 11894 4207 29 11895 4207 41 11896 4206 40 11897 4208 29 11898 4207 40 11899 4208 30 11900 4209 30 11901 4209 40 11902 4208 39 11903 4210 30 11904 4209 39 11905 4210 31 11906 4211 31 11907 4211 39 11908 4210 38 11909 4212 31 11910 4211 38 11911 4212 32 11912 4213 32 11913 4213 38 11914 4212 37 11915 4214 32 11916 4213 37 11917 4214 33 11918 4215 33 11919 4215 37 11920 4214 36 11921 4216 33 11922 4215 36 11923 4216 34 11924 4217 34 11925 4217 36 11926 4216 35 11927 4218 2000 11928 4204 1989 11929 4203 1999 11930 4219 1999 11931 4219 1989 11932 4203 1990 11933 4220 1999 11934 4219 1990 11935 4220 1998 11936 4221 1998 11937 4221 1990 11938 4220 1991 11939 4222 1998 11940 4221 1991 11941 4222 1997 11942 4223 1997 11943 4223 1991 11944 4222 1992 11945 4224 1997 11946 4223 1992 11947 4224 1996 11948 4225 1996 11949 4225 1992 11950 4224 1993 11951 4226 1996 11952 4225 1993 11953 4226 1995 11954 4227 1995 11955 4227 1993 11956 4226 1994 11957 4228 42 11958 4229 41 11959 4230 1953 11960 4231 1953 11961 4231 41 11962 4230 2000 11963 4232 1953 11964 4231 2000 11965 4232 1954 11966 4233 1954 11967 4233 2000 11968 4232 1999 11969 4234 1954 11970 4233 1999 11971 4234 1955 11972 4235 1955 11973 4235 1999 11974 4234 1998 11975 4236 1955 11976 4235 1998 11977 4236 1956 11978 4237 1956 11979 4237 1998 11980 4236 1997 11981 4238 1956 11982 4237 1997 11983 4238 1957 11984 4239 1957 11985 4239 1997 11986 4238 1996 11987 4240 1957 11988 4239 1996 11989 4240 1958 11990 4241 1958 11991 4241 1996 11992 4240 1995 11993 4242 1958 11994 4241 1995 11995 4242 1959 11996 4243 1959 11997 4243 1995 11998 4242 1994 11999 4244 1959 12000 4243 1994 12001 4244 1960 12002 4245 1960 12003 4245 1994 12004 4244 1993 12005 4246 1960 12006 4245 1993 12007 4246 1961 12008 4247 1961 12009 4247 1993 12010 4246 1992 12011 4248 1961 12012 4247 1992 12013 4248 1962 12014 4249 1962 12015 4249 1992 12016 4248 1991 12017 4250 1962 12018 4249 1991 12019 4250 1963 12020 4251 1963 12021 4251 1991 12022 4250 1990 12023 4252 1963 12024 4251 1990 12025 4252 1964 12026 4253 1964 12027 4253 1990 12028 4252 1989 12029 4254 1964 12030 4253 1989 12031 4254 55 12032 4255 55 12033 4255 1989 12034 4254 28 12035 4256 2001 12036 4257 2012 12037 4258 0 12038 4259 0 12039 4259 2012 12040 4258 13 12041 4260 0 12042 4259 13 12043 4260 1 12044 4261 1 12045 4261 13 12046 4260 12 12047 4262 1 12048 4261 12 12049 4262 2 12050 4263 2 12051 4263 12 12052 4262 11 12053 4264 2 12054 4263 11 12055 4264 3 12056 4265 3 12057 4265 11 12058 4264 10 12059 4266 3 12060 4265 10 12061 4266 4 12062 4267 4 12063 4267 10 12064 4266 9 12065 4268 4 12066 4267 9 12067 4268 5 12068 4269 5 12069 4269 9 12070 4268 8 12071 4270 5 12072 4269 8 12073 4270 6 12074 4271 6 12075 4271 8 12076 4270 7 12077 4272 2012 12078 4258 2001 12079 4257 2011 12080 4273 2011 12081 4273 2001 12082 4257 2002 12083 4274 2011 12084 4273 2002 12085 4274 2010 12086 4275 2010 12087 4275 2002 12088 4274 2003 12089 4276 2010 12090 4275 2003 12091 4276 2009 12092 4277 2009 12093 4277 2003 12094 4276 2004 12095 4278 2009 12096 4277 2004 12097 4278 2008 12098 4279 2008 12099 4279 2004 12100 4278 2005 12101 4280 2008 12102 4279 2005 12103 4280 2007 12104 4281 2007 12105 4281 2005 12106 4280 2006 12107 4282 14 12108 4283 13 12109 4284 1977 12110 4285 1977 12111 4285 13 12112 4284 2012 12113 4286 1977 12114 4285 2012 12115 4286 1978 12116 4287 1978 12117 4287 2012 12118 4286 2011 12119 4288 1978 12120 4287 2011 12121 4288 1979 12122 4289 1979 12123 4289 2011 12124 4288 2010 12125 4290 1979 12126 4289 2010 12127 4290 1980 12128 4291 1980 12129 4291 2010 12130 4290 2009 12131 4292 1980 12132 4291 2009 12133 4292 1981 12134 4293 1981 12135 4293 2009 12136 4292 2008 12137 4294 1981 12138 4293 2008 12139 4294 1982 12140 4295 1982 12141 4295 2008 12142 4294 2007 12143 4296 1982 12144 4295 2007 12145 4296 1983 12146 4297 1983 12147 4297 2007 12148 4296 2006 12149 4298 1983 12150 4297 2006 12151 4298 1984 12152 4299 1984 12153 4299 2006 12154 4298 2005 12155 4300 1984 12156 4299 2005 12157 4300 1985 12158 4301 1985 12159 4301 2005 12160 4300 2004 12161 4302 1985 12162 4301 2004 12163 4302 1986 12164 4303 1986 12165 4303 2004 12166 4302 2003 12167 4304 1986 12168 4303 2003 12169 4304 1987 12170 4305 1987 12171 4305 2003 12172 4304 2002 12173 4306 1987 12174 4305 2002 12175 4306 1988 12176 4307 1988 12177 4307 2002 12178 4306 2001 12179 4308 1988 12180 4307 2001 12181 4308 27 12182 4309 27 12183 4309 2001 12184 4308 0 12185 4310</p>
        </triangles>
      </mesh>
    </geometry>
  </library_geometries>
  <library_visual_scenes>
    <visual_scene id="Dedo2" name="Dedo2">
      <node name="Dedo2" id="Dedo2" sid="Dedo2">
        <matrix sid="matrix">1.000000 0.000000 0.000000 0.000000 0.000000 1.000000 0.000000 0.000000 0.000000 0.000000 1.000000 0.000000 0.000000 0.000000 0.000000 1.000000</matrix>
        <extra>
          <technique profile="FCOLLADA">
            <visibility>1.000000</visibility>
          </technique>
        </extra>
        <node name="Dedo2_ncl1_1" id="Dedo2_ncl1_1" sid="Dedo2_ncl1_1">
          <matrix sid="matrix">-0.000000 0.000000 1.000000 0.157481 1.000000 0.000000 0.000000 7.210944 0.000000 1.000000 -0.000000 -2.934094 0.000000 0.000000 0.000000 1.000000</matrix>
          <extra>
            <technique profile="FCOLLADA">
              <visibility>1.000000</visibility>
            </technique>
          </extra>
          <node name="Cut-Extrude13" id="Cut-Extrude13" sid="Cut-Extrude13">
            <matrix sid="matrix">1.000000 0.000000 0.000000 0.000000 -0.000000 1.000000 0.000000 0.000000 -0.000000 0.000000 1.000000 0.000000 0.000000 0.000000 0.000000 1.000000</matrix>
            <instance_geometry url="#Cut-Extrude13-lib">
              <bind_material>
                <technique_common>
                  <instance_material symbol="MaterialFBXASC032FBXASC03526" target="#MaterialFBXASC032FBXASC03526"/>
                </technique_common>
              </bind_material>
            </instance_geometry>
            <extra>
              <technique profile="FCOLLADA">
                <visibility>1.000000</visibility>
              </technique>
            </extra>
          </node>
        </node>
      </node>
      <extra>
        <technique profile="MAX3D">
          <frame_rate>30.000000</frame_rate>
        </technique>
        <technique profile="FCOLLADA">
          <start_time>0.000000</start_time>
          <end_time>3.333333</end_time>
        </technique>
      </extra>
    </visual_scene>
  </library_visual_scenes>
  <scene>
    <instance_visual_scene url="#Dedo2"/>
  </scene>
</COLLADA>
