<?xml version="1.0" encoding="utf-8"?>
<COLLADA xmlns="http://www.collada.org/2005/11/COLLADASchema" version="1.4.1">
  <asset>
    <contributor>
      <author/>
      <authoring_tool>FBX COLLADA exporter</authoring_tool>
      <comments/>
    </contributor>
    <created>2025-03-22T18:12:12Z</created>
    <keywords/>
    <modified>2025-03-22T18:12:12Z</modified>
    <revision/>
    <subject/>
    <title/>
    <unit meter="0.025400" name="centimeter"/>
    <up_axis>Y_UP</up_axis>
  </asset>
  <library_materials>
    <material id="MaterialFBXASC032FBXASC03526" name="MaterialFBXASC032FBXASC03526">
      <instance_effect url="#MaterialFBXASC032FBXASC03526-fx"/>
    </material>
  </library_materials>
  <library_effects>
    <effect id="MaterialFBXASC032FBXASC03526-fx" name="MaterialFBXASC032FBXASC03526">
      <profile_COMMON>
        <technique sid="standard">
          <phong>
            <emission>
              <color sid="emission">0.000000  0.000000 0.000000 1.000000</color>
            </emission>
            <ambient>
              <color sid="ambient">0.323741  0.323741 0.323741 1.000000</color>
            </ambient>
            <diffuse>
              <color sid="diffuse">0.323741  0.323741 0.323741 1.000000</color>
            </diffuse>
            <specular>
              <color sid="specular">1.800000  1.800000 1.800000 1.000000</color>
            </specular>
            <shininess>
              <float sid="shininess">512.000000</float>
            </shininess>
            <transparency>
              <float sid="transparency">0.000000</float>
            </transparency>
          </phong>
        </technique>
      </profile_COMMON>
    </effect>
  </library_effects>
  <library_geometries>
    <geometry id="Mirror3-lib" name="Mirror3Mesh">
      <mesh>
        <source id="Mirror3-POSITION">
          <float_array id="Mirror3-POSITION-array" count="7968">
-0.629921 0.440945 -0.566929
-0.652534 0.440945 -0.564183
-0.673832 0.440945 -0.556106
-0.692578 0.440945 -0.543166
-0.707684 0.440945 -0.526116
-0.718269 0.440945 -0.505947
-0.723721 0.440945 -0.483830
-0.723721 0.440945 -0.461052
-0.718269 0.440945 -0.438935
-0.707684 0.440945 -0.418766
-0.692578 0.440945 -0.401716
-0.673832 0.440945 -0.388776
-0.652534 0.440945 -0.380698
-0.629921 0.440945 -0.377953
-0.629921 0.314961 -0.377953
-0.652534 0.314961 -0.380698
-0.673832 0.314961 -0.388776
-0.692578 0.314961 -0.401716
-0.707684 0.314961 -0.418766
-0.718269 0.314961 -0.438935
-0.723721 0.314961 -0.461052
-0.723721 0.314961 -0.483830
-0.718269 0.314961 -0.505947
-0.707684 0.314961 -0.526116
-0.692578 0.314961 -0.543166
-0.673832 0.314961 -0.556106
-0.652534 0.314961 -0.564183
-0.629921 0.314961 -0.566929
-0.314961 0.440945 -0.566929
-0.337573 0.440945 -0.564183
-0.358871 0.440945 -0.556106
-0.377618 0.440945 -0.543166
-0.392723 0.440945 -0.526116
-0.403309 0.440945 -0.505947
-0.408760 0.440945 -0.483830
-0.408760 0.440945 -0.461052
-0.403309 0.440945 -0.438935
-0.392723 0.440945 -0.418766
-0.377618 0.440945 -0.401716
-0.358871 0.440945 -0.388776
-0.337573 0.440945 -0.380698
-0.314961 0.440945 -0.377953
-0.314961 0.314961 -0.377953
-0.337573 0.314961 -0.380698
-0.358871 0.314961 -0.388776
-0.377618 0.314961 -0.401716
-0.392723 0.314961 -0.418766
-0.403309 0.314961 -0.438935
-0.408760 0.314961 -0.461052
-0.408760 0.314961 -0.483830
-0.403309 0.314961 -0.505947
-0.392723 0.314961 -0.526116
-0.377618 0.314961 -0.543166
-0.358871 0.314961 -0.556106
-0.337573 0.314961 -0.564183
-0.314961 0.314961 -0.566929
-0.500000 0.440945 -0.472441
-0.503775 0.440945 -0.441349
-0.514882 0.440945 -0.412064
-0.532674 0.440945 -0.386287
-0.556118 0.440945 -0.365518
-0.583851 0.440945 -0.350962
-0.614261 0.440945 -0.343467
-0.645582 0.440945 -0.343467
-0.675992 0.440945 -0.350962
-0.703725 0.440945 -0.365518
-0.727169 0.440945 -0.386287
-0.744961 0.440945 -0.412064
-0.756067 0.440945 -0.441349
-0.759843 0.440945 -0.472441
-0.759843 0.472441 -0.472441
-0.756067 0.472441 -0.441349
-0.744961 0.472441 -0.412064
-0.727169 0.472441 -0.386287
-0.703725 0.472441 -0.365518
-0.675992 0.472441 -0.350962
-0.645582 0.472441 -0.343467
-0.614261 0.472441 -0.343467
-0.583851 0.472441 -0.350962
-0.556118 0.472441 -0.365518
-0.532674 0.472441 -0.386287
-0.514882 0.472441 -0.412064
-0.503775 0.472441 -0.441349
-0.500000 0.472441 -0.472441
-0.185039 0.440945 -0.472441
-0.188815 0.440945 -0.441349
-0.199921 0.440945 -0.412064
-0.217713 0.440945 -0.386287
-0.241157 0.440945 -0.365518
-0.268890 0.440945 -0.350962
-0.299300 0.440945 -0.343467
-0.330621 0.440945 -0.343467
-0.361031 0.440945 -0.350962
-0.388764 0.440945 -0.365518
-0.412208 0.440945 -0.386287
-0.430000 0.440945 -0.412064
-0.441107 0.440945 -0.441349
-0.444882 0.440945 -0.472441
-0.444882 0.472441 -0.472441
-0.441107 0.472441 -0.441349
-0.430000 0.472441 -0.412064
-0.412208 0.472441 -0.386287
-0.388764 0.472441 -0.365518
-0.361031 0.472441 -0.350962
-0.330621 0.472441 -0.343467
-0.299300 0.472441 -0.343467
-0.268890 0.472441 -0.350962
-0.241157 0.472441 -0.365518
-0.217713 0.472441 -0.386287
-0.199921 0.472441 -0.412064
-0.188815 0.472441 -0.441349
-0.185039 0.472441 -0.472441
-0.629921 -0.440945 -0.377953
-0.652534 -0.440945 -0.380698
-0.673832 -0.440945 -0.388776
-0.692578 -0.440945 -0.401716
-0.707684 -0.440945 -0.418766
-0.718269 -0.440945 -0.438935
-0.723721 -0.440945 -0.461052
-0.723721 -0.440945 -0.483830
-0.718269 -0.440945 -0.505947
-0.707684 -0.440945 -0.526116
-0.692578 -0.440945 -0.543166
-0.673832 -0.440945 -0.556106
-0.652534 -0.440945 -0.564183
-0.629921 -0.440945 -0.566929
-0.629921 -0.314961 -0.566929
-0.652534 -0.314961 -0.564183
-0.673832 -0.314961 -0.556106
-0.692578 -0.314961 -0.543166
-0.707684 -0.314961 -0.526116
-0.718269 -0.314961 -0.505947
-0.723721 -0.314961 -0.483830
-0.723721 -0.314961 -0.461052
-0.718269 -0.314961 -0.438935
-0.707684 -0.314961 -0.418766
-0.692578 -0.314961 -0.401716
-0.673832 -0.314961 -0.388776
-0.652534 -0.314961 -0.380698
-0.629921 -0.314961 -0.377953
-0.314961 -0.440945 -0.377953
-0.337573 -0.440945 -0.380698
-0.358871 -0.440945 -0.388776
-0.377618 -0.440945 -0.401716
-0.392723 -0.440945 -0.418766
-0.403309 -0.440945 -0.438935
-0.408760 -0.440945 -0.461052
-0.408760 -0.440945 -0.483830
-0.403309 -0.440945 -0.505947
-0.392723 -0.440945 -0.526116
-0.377618 -0.440945 -0.543166
-0.358871 -0.440945 -0.556106
-0.337573 -0.440945 -0.564183
-0.314961 -0.440945 -0.566929
-0.314961 -0.314961 -0.566929
-0.337573 -0.314961 -0.564183
-0.358871 -0.314961 -0.556106
-0.377618 -0.314961 -0.543166
-0.392723 -0.314961 -0.526116
-0.403309 -0.314961 -0.505947
-0.408760 -0.314961 -0.483830
-0.408760 -0.314961 -0.461052
-0.403309 -0.314961 -0.438935
-0.392723 -0.314961 -0.418766
-0.377618 -0.314961 -0.401716
-0.358871 -0.314961 -0.388776
-0.337573 -0.314961 -0.380698
-0.314961 -0.314961 -0.377953
-0.759843 -0.440945 -0.472441
-0.756067 -0.440945 -0.441349
-0.744961 -0.440945 -0.412064
-0.727169 -0.440945 -0.386287
-0.703725 -0.440945 -0.365518
-0.675992 -0.440945 -0.350962
-0.645582 -0.440945 -0.343467
-0.614261 -0.440945 -0.343467
-0.583851 -0.440945 -0.350962
-0.556118 -0.440945 -0.365518
-0.532674 -0.440945 -0.386287
-0.514882 -0.440945 -0.412064
-0.503775 -0.440945 -0.441349
-0.500000 -0.440945 -0.472441
-0.500000 -0.472441 -0.472441
-0.503775 -0.472441 -0.441349
-0.514882 -0.472441 -0.412064
-0.532674 -0.472441 -0.386287
-0.556118 -0.472441 -0.365518
-0.583851 -0.472441 -0.350962
-0.614261 -0.472441 -0.343467
-0.645582 -0.472441 -0.343467
-0.675992 -0.472441 -0.350962
-0.703725 -0.472441 -0.365518
-0.727169 -0.472441 -0.386287
-0.744961 -0.472441 -0.412064
-0.756067 -0.472441 -0.441349
-0.759843 -0.472441 -0.472441
-0.444882 -0.440945 -0.472441
-0.441107 -0.440945 -0.441349
-0.430000 -0.440945 -0.412064
-0.412208 -0.440945 -0.386287
-0.388764 -0.440945 -0.365518
-0.361031 -0.440945 -0.350962
-0.330621 -0.440945 -0.343467
-0.299300 -0.440945 -0.343467
-0.268890 -0.440945 -0.350962
-0.241157 -0.440945 -0.365518
-0.217713 -0.440945 -0.386287
-0.199921 -0.440945 -0.412064
-0.188815 -0.440945 -0.441349
-0.185039 -0.440945 -0.472441
-0.185039 -0.472441 -0.472441
-0.188815 -0.472441 -0.441349
-0.199921 -0.472441 -0.412064
-0.217713 -0.472441 -0.386287
-0.241157 -0.472441 -0.365518
-0.268890 -0.472441 -0.350962
-0.299300 -0.472441 -0.343467
-0.330621 -0.472441 -0.343467
-0.361031 -0.472441 -0.350962
-0.388764 -0.472441 -0.365518
-0.412208 -0.472441 -0.386287
-0.430000 -0.472441 -0.412064
-0.441107 -0.472441 -0.441349
-0.444882 -0.472441 -0.472441
-0.472441 -0.220472 -0.157480
-0.472441 -0.223218 -0.134868
-0.472441 -0.231295 -0.113569
-0.472441 -0.244235 -0.094823
-0.472441 -0.261285 -0.079718
-0.472441 -0.281455 -0.069132
-0.472441 -0.303571 -0.063681
-0.472441 -0.326350 -0.063681
-0.472441 -0.348467 -0.069132
-0.472441 -0.368636 -0.079718
-0.472441 -0.385686 -0.094823
-0.472441 -0.398626 -0.113569
-0.472441 -0.406703 -0.134868
-0.472441 -0.409449 -0.157480
-0.755906 -0.409449 -0.157480
-0.755906 -0.406703 -0.134868
-0.755906 -0.398626 -0.113569
-0.755906 -0.385686 -0.094823
-0.755906 -0.368636 -0.079718
-0.755906 -0.348467 -0.069132
-0.755906 -0.326350 -0.063681
-0.755906 -0.303571 -0.063681
-0.755906 -0.281455 -0.069132
-0.755906 -0.261285 -0.079718
-0.755906 -0.244235 -0.094823
-0.755906 -0.231295 -0.113569
-0.755906 -0.223218 -0.134868
-0.755906 -0.220472 -0.157480
-0.472441 0.094488 -0.157480
-0.472441 0.091743 -0.134868
-0.472441 0.083665 -0.113569
-0.472441 0.070725 -0.094823
-0.472441 0.053675 -0.079718
-0.472441 0.033506 -0.069132
-0.472441 0.011389 -0.063681
-0.472441 -0.011389 -0.063681
-0.472441 -0.033506 -0.069132
-0.472441 -0.053675 -0.079718
-0.472441 -0.070725 -0.094823
-0.472441 -0.083665 -0.113569
-0.472441 -0.091743 -0.134868
-0.472441 -0.094488 -0.157480
-0.755906 -0.094488 -0.157480
-0.755906 -0.091743 -0.134868
-0.755906 -0.083665 -0.113569
-0.755906 -0.070725 -0.094823
-0.755906 -0.053675 -0.079718
-0.755906 -0.033506 -0.069132
-0.755906 -0.011389 -0.063681
-0.755906 0.011389 -0.063681
-0.755906 0.033506 -0.069132
-0.755906 0.053675 -0.079718
-0.755906 0.070725 -0.094823
-0.755906 0.083665 -0.113569
-0.755906 0.091743 -0.134868
-0.755906 0.094488 -0.157480
-0.472441 0.409449 -0.157480
-0.472441 0.406703 -0.134868
-0.472441 0.398626 -0.113569
-0.472441 0.385686 -0.094823
-0.472441 0.368636 -0.079718
-0.472441 0.348467 -0.069132
-0.472441 0.326350 -0.063681
-0.472441 0.303571 -0.063681
-0.472441 0.281455 -0.069132
-0.472441 0.261285 -0.079718
-0.472441 0.244235 -0.094823
-0.472441 0.231295 -0.113569
-0.472441 0.223218 -0.134868
-0.472441 0.220472 -0.157480
-0.755906 0.220472 -0.157480
-0.755906 0.223218 -0.134868
-0.755906 0.231295 -0.113569
-0.755906 0.244235 -0.094823
-0.755906 0.261285 -0.079718
-0.755906 0.281455 -0.069132
-0.755906 0.303571 -0.063681
-0.755906 0.326350 -0.063681
-0.755906 0.348467 -0.069132
-0.755906 0.368636 -0.079718
-0.755906 0.385686 -0.094823
-0.755906 0.398626 -0.113569
-0.755906 0.406703 -0.134868
-0.755906 0.409449 -0.157480
-0.755906 -0.185039 -0.157480
-0.755906 -0.188815 -0.126388
-0.755906 -0.199921 -0.097103
-0.755906 -0.217713 -0.071327
-0.755906 -0.241157 -0.050557
-0.755906 -0.268890 -0.036002
-0.755906 -0.299300 -0.028506
-0.755906 -0.330621 -0.028506
-0.755906 -0.361031 -0.036002
-0.755906 -0.388764 -0.050557
-0.755906 -0.412208 -0.071327
-0.755906 -0.430000 -0.097103
-0.755906 -0.441107 -0.126388
-0.755906 -0.444882 -0.157480
-0.787402 -0.444882 -0.157480
-0.787402 -0.441107 -0.126388
-0.787402 -0.430000 -0.097103
-0.787402 -0.412208 -0.071327
-0.787402 -0.388764 -0.050557
-0.787402 -0.361031 -0.036002
-0.787402 -0.330621 -0.028506
-0.787402 -0.299300 -0.028506
-0.787402 -0.268890 -0.036002
-0.787402 -0.241157 -0.050557
-0.787402 -0.217713 -0.071327
-0.787402 -0.199921 -0.097103
-0.787402 -0.188815 -0.126388
-0.787402 -0.185039 -0.157480
-0.755906 0.129921 -0.157480
-0.755906 0.126146 -0.126388
-0.755906 0.115040 -0.097103
-0.755906 0.097247 -0.071327
-0.755906 0.073804 -0.050557
-0.755906 0.046071 -0.036002
-0.755906 0.015660 -0.028506
-0.755906 -0.015660 -0.028506
-0.755906 -0.046071 -0.036002
-0.755906 -0.073804 -0.050557
-0.755906 -0.097247 -0.071327
-0.755906 -0.115040 -0.097103
-0.755906 -0.126146 -0.126388
-0.755906 -0.129921 -0.157480
-0.787402 -0.129921 -0.157480
-0.787402 -0.126146 -0.126388
-0.787402 -0.115040 -0.097103
-0.787402 -0.097247 -0.071327
-0.787402 -0.073804 -0.050557
-0.787402 -0.046071 -0.036002
-0.787402 -0.015660 -0.028506
-0.787402 0.015660 -0.028506
-0.787402 0.046071 -0.036002
-0.787402 0.073804 -0.050557
-0.787402 0.097247 -0.071327
-0.787402 0.115040 -0.097103
-0.787402 0.126146 -0.126388
-0.787402 0.129921 -0.157480
-0.755906 0.444882 -0.157480
-0.755906 0.441107 -0.126388
-0.755906 0.430000 -0.097103
-0.755906 0.412208 -0.071327
-0.755906 0.388764 -0.050557
-0.755906 0.361031 -0.036002
-0.755906 0.330621 -0.028506
-0.755906 0.299300 -0.028506
-0.755906 0.268890 -0.036002
-0.755906 0.241157 -0.050557
-0.755906 0.217713 -0.071327
-0.755906 0.199921 -0.097103
-0.755906 0.188815 -0.126388
-0.755906 0.185039 -0.157480
-0.787402 0.185039 -0.157480
-0.787402 0.188815 -0.126388
-0.787402 0.199921 -0.097103
-0.787402 0.217713 -0.071327
-0.787402 0.241157 -0.050557
-0.787402 0.268890 -0.036002
-0.787402 0.299300 -0.028506
-0.787402 0.330621 -0.028506
-0.787402 0.361031 -0.036002
-0.787402 0.388764 -0.050557
-0.787402 0.412208 -0.071327
-0.787402 0.430000 -0.097103
-0.787402 0.441107 -0.126388
-0.787402 0.444882 -0.157480
0.629921 0.440945 -0.566929
0.607309 0.440945 -0.564183
0.586010 0.440945 -0.556106
0.567264 0.440945 -0.543166
0.552159 0.440945 -0.526116
0.541573 0.440945 -0.505947
0.536122 0.440945 -0.483830
0.536122 0.440945 -0.461052
0.541573 0.440945 -0.438935
0.552159 0.440945 -0.418766
0.567264 0.440945 -0.401716
0.586010 0.440945 -0.388776
0.607309 0.440945 -0.380698
0.629921 0.440945 -0.377953
0.629921 0.314961 -0.377953
0.607309 0.314961 -0.380698
0.586010 0.314961 -0.388776
0.567264 0.314961 -0.401716
0.552159 0.314961 -0.418766
0.541573 0.314961 -0.438935
0.536122 0.314961 -0.461052
0.536122 0.314961 -0.483830
0.541573 0.314961 -0.505947
0.552159 0.314961 -0.526116
0.567264 0.314961 -0.543166
0.586010 0.314961 -0.556106
0.607309 0.314961 -0.564183
0.629921 0.314961 -0.566929
0.314961 0.440945 -0.566929
0.292348 0.440945 -0.564183
0.271050 0.440945 -0.556106
0.252303 0.440945 -0.543166
0.237198 0.440945 -0.526116
0.226613 0.440945 -0.505947
0.221161 0.440945 -0.483830
0.221161 0.440945 -0.461052
0.226613 0.440945 -0.438935
0.237198 0.440945 -0.418766
0.252303 0.440945 -0.401716
0.271050 0.440945 -0.388776
0.292348 0.440945 -0.380698
0.314961 0.440945 -0.377953
0.314961 0.314961 -0.377953
0.292348 0.314961 -0.380698
0.271050 0.314961 -0.388776
0.252303 0.314961 -0.401716
0.237198 0.314961 -0.418766
0.226613 0.314961 -0.438935
0.221161 0.314961 -0.461052
0.221161 0.314961 -0.483830
0.226613 0.314961 -0.505947
0.237198 0.314961 -0.526116
0.252303 0.314961 -0.543166
0.271050 0.314961 -0.556106
0.292348 0.314961 -0.564183
0.314961 0.314961 -0.566929
-0.129921 0.440945 -1.102362
-0.126146 0.440945 -1.133454
-0.115040 0.440945 -1.162740
-0.097247 0.440945 -1.188516
-0.073804 0.440945 -1.209285
-0.046071 0.440945 -1.223841
-0.015660 0.440945 -1.231336
0.015660 0.440945 -1.231336
0.046071 0.440945 -1.223841
0.073804 0.440945 -1.209285
0.097247 0.440945 -1.188516
0.115040 0.440945 -1.162740
0.126146 0.440945 -1.133454
0.129921 0.440945 -1.102362
0.129921 0.472441 -1.102362
0.126146 0.472441 -1.133454
0.115040 0.472441 -1.162740
0.097247 0.472441 -1.188516
0.073804 0.472441 -1.209285
0.046071 0.472441 -1.223841
0.015660 0.472441 -1.231336
-0.015660 0.472441 -1.231336
-0.046071 0.472441 -1.223841
-0.073804 0.472441 -1.209285
-0.097247 0.472441 -1.188516
-0.115040 0.472441 -1.162740
-0.126146 0.472441 -1.133454
-0.129921 0.472441 -1.102362
-0.129921 0.440945 -0.787402
-0.126146 0.440945 -0.818494
-0.115040 0.440945 -0.847779
-0.097247 0.440945 -0.873555
-0.073804 0.440945 -0.894325
-0.046071 0.440945 -0.908880
-0.015660 0.440945 -0.916376
0.015660 0.440945 -0.916376
0.046071 0.440945 -0.908880
0.073804 0.440945 -0.894325
0.097247 0.440945 -0.873555
0.115040 0.440945 -0.847779
0.126146 0.440945 -0.818494
0.129921 0.440945 -0.787402
0.129921 0.472441 -0.787402
0.126146 0.472441 -0.818494
0.115040 0.472441 -0.847779
0.097247 0.472441 -0.873555
0.073804 0.472441 -0.894325
0.046071 0.472441 -0.908880
0.015660 0.472441 -0.916376
-0.015660 0.472441 -0.916376
-0.046071 0.472441 -0.908880
-0.073804 0.472441 -0.894325
-0.097247 0.472441 -0.873555
-0.115040 0.472441 -0.847779
-0.126146 0.472441 -0.818494
-0.129921 0.472441 -0.787402
-0.129921 0.440945 -0.472441
-0.126146 0.440945 -0.503533
-0.115040 0.440945 -0.532818
-0.097247 0.440945 -0.558595
-0.073804 0.440945 -0.579364
-0.046071 0.440945 -0.593919
-0.015660 0.440945 -0.601415
0.015660 0.440945 -0.601415
0.046071 0.440945 -0.593919
0.073804 0.440945 -0.579364
0.097247 0.440945 -0.558595
0.115040 0.440945 -0.532818
0.126146 0.440945 -0.503533
0.129921 0.440945 -0.472441
0.129921 0.472441 -0.472441
0.126146 0.472441 -0.503533
0.115040 0.472441 -0.532818
0.097247 0.472441 -0.558595
0.073804 0.472441 -0.579364
0.046071 0.472441 -0.593919
0.015660 0.472441 -0.601415
-0.015660 0.472441 -0.601415
-0.046071 0.472441 -0.593919
-0.073804 0.472441 -0.579364
-0.097247 0.472441 -0.558595
-0.115040 0.472441 -0.532818
-0.126146 0.472441 -0.503533
-0.129921 0.472441 -0.472441
0.500000 0.440945 -0.472441
0.503775 0.440945 -0.503533
0.514882 0.440945 -0.532818
0.532674 0.440945 -0.558595
0.556118 0.440945 -0.579364
0.583851 0.440945 -0.593919
0.614261 0.440945 -0.601415
0.645582 0.440945 -0.601415
0.675992 0.440945 -0.593919
0.703725 0.440945 -0.579364
0.727169 0.440945 -0.558595
0.744961 0.440945 -0.532818
0.756067 0.440945 -0.503533
0.759843 0.440945 -0.472441
0.759843 0.472441 -0.472441
0.756067 0.472441 -0.503533
0.744961 0.472441 -0.532818
0.727169 0.472441 -0.558595
0.703725 0.472441 -0.579364
0.675992 0.472441 -0.593919
0.645582 0.472441 -0.601415
0.614261 0.472441 -0.601415
0.583851 0.472441 -0.593919
0.556118 0.472441 -0.579364
0.532674 0.472441 -0.558595
0.514882 0.472441 -0.532818
0.503775 0.472441 -0.503533
0.500000 0.472441 -0.472441
0.185039 0.440945 -0.472441
0.188815 0.440945 -0.503533
0.199921 0.440945 -0.532818
0.217713 0.440945 -0.558595
0.241157 0.440945 -0.579364
0.268890 0.440945 -0.593919
0.299300 0.440945 -0.601415
0.330621 0.440945 -0.601415
0.361031 0.440945 -0.593919
0.388764 0.440945 -0.579364
0.412208 0.440945 -0.558595
0.430000 0.440945 -0.532818
0.441107 0.440945 -0.503533
0.444882 0.440945 -0.472441
0.444882 0.472441 -0.472441
0.441107 0.472441 -0.503533
0.430000 0.472441 -0.532818
0.412208 0.472441 -0.558595
0.388764 0.472441 -0.579364
0.361031 0.472441 -0.593919
0.330621 0.472441 -0.601415
0.299300 0.472441 -0.601415
0.268890 0.472441 -0.593919
0.241157 0.472441 -0.579364
0.217713 0.472441 -0.558595
0.199921 0.472441 -0.532818
0.188815 0.472441 -0.503533
0.185039 0.472441 -0.472441
-0.157480 0.472441 -1.102362
-0.153532 0.472441 -1.137405
-0.141885 0.472441 -1.170690
-0.123123 0.472441 -1.200550
-0.098187 0.472441 -1.225485
-0.068328 0.472441 -1.244247
-0.035043 0.472441 -1.255894
0.000000 0.472441 -1.259843
0.000000 0.314961 -1.259843
-0.035043 0.314961 -1.255894
-0.068328 0.314961 -1.244247
-0.098187 0.314961 -1.225485
-0.123123 0.314961 -1.200550
-0.141885 0.314961 -1.170690
-0.153532 0.314961 -1.137405
-0.157480 0.314961 -1.102362
0.629921 -0.440945 -0.377953
0.607309 -0.440945 -0.380698
0.586010 -0.440945 -0.388776
0.567264 -0.440945 -0.401716
0.552159 -0.440945 -0.418766
0.541573 -0.440945 -0.438935
0.536122 -0.440945 -0.461052
0.536122 -0.440945 -0.483830
0.541573 -0.440945 -0.505947
0.552159 -0.440945 -0.526116
0.567264 -0.440945 -0.543166
0.586010 -0.440945 -0.556106
0.607309 -0.440945 -0.564183
0.629921 -0.440945 -0.566929
0.629921 -0.314961 -0.566929
0.607309 -0.314961 -0.564183
0.586010 -0.314961 -0.556106
0.567264 -0.314961 -0.543166
0.552159 -0.314961 -0.526116
0.541573 -0.314961 -0.505947
0.536122 -0.314961 -0.483830
0.536122 -0.314961 -0.461052
0.541573 -0.314961 -0.438935
0.552159 -0.314961 -0.418766
0.567264 -0.314961 -0.401716
0.586010 -0.314961 -0.388776
0.607309 -0.314961 -0.380698
0.629921 -0.314961 -0.377953
0.314961 -0.440945 -0.377953
0.292348 -0.440945 -0.380698
0.271050 -0.440945 -0.388776
0.252303 -0.440945 -0.401716
0.237198 -0.440945 -0.418766
0.226613 -0.440945 -0.438935
0.221161 -0.440945 -0.461052
0.221161 -0.440945 -0.483830
0.226613 -0.440945 -0.505947
0.237198 -0.440945 -0.526116
0.252303 -0.440945 -0.543166
0.271050 -0.440945 -0.556106
0.292348 -0.440945 -0.564183
0.314961 -0.440945 -0.566929
0.314961 -0.314961 -0.566929
0.292348 -0.314961 -0.564183
0.271050 -0.314961 -0.556106
0.252303 -0.314961 -0.543166
0.237198 -0.314961 -0.526116
0.226613 -0.314961 -0.505947
0.221161 -0.314961 -0.483830
0.221161 -0.314961 -0.461052
0.226613 -0.314961 -0.438935
0.237198 -0.314961 -0.418766
0.252303 -0.314961 -0.401716
0.271050 -0.314961 -0.388776
0.292348 -0.314961 -0.380698
0.314961 -0.314961 -0.377953
0.129921 -0.440945 -0.472441
0.126146 -0.440945 -0.503533
0.115040 -0.440945 -0.532818
0.097247 -0.440945 -0.558595
0.073804 -0.440945 -0.579364
0.046071 -0.440945 -0.593919
0.015660 -0.440945 -0.601415
-0.015660 -0.440945 -0.601415
-0.046071 -0.440945 -0.593919
-0.073804 -0.440945 -0.579364
-0.097247 -0.440945 -0.558595
-0.115040 -0.440945 -0.532818
-0.126146 -0.440945 -0.503533
-0.129921 -0.440945 -0.472441
-0.129921 -0.472441 -0.472441
-0.126146 -0.472441 -0.503533
-0.115040 -0.472441 -0.532818
-0.097247 -0.472441 -0.558595
-0.073804 -0.472441 -0.579364
-0.046071 -0.472441 -0.593919
-0.015660 -0.472441 -0.601415
0.015660 -0.472441 -0.601415
0.046071 -0.472441 -0.593919
0.073804 -0.472441 -0.579364
0.097247 -0.472441 -0.558595
0.115040 -0.472441 -0.532818
0.126146 -0.472441 -0.503533
0.129921 -0.472441 -0.472441
0.129921 -0.440945 -0.787402
0.126146 -0.440945 -0.818494
0.115040 -0.440945 -0.847779
0.097247 -0.440945 -0.873555
0.073804 -0.440945 -0.894325
0.046071 -0.440945 -0.908880
0.015660 -0.440945 -0.916376
-0.015660 -0.440945 -0.916376
-0.046071 -0.440945 -0.908880
-0.073804 -0.440945 -0.894325
-0.097247 -0.440945 -0.873555
-0.115040 -0.440945 -0.847779
-0.126146 -0.440945 -0.818494
-0.129921 -0.440945 -0.787402
-0.129921 -0.472441 -0.787402
-0.126146 -0.472441 -0.818494
-0.115040 -0.472441 -0.847779
-0.097247 -0.472441 -0.873555
-0.073804 -0.472441 -0.894325
-0.046071 -0.472441 -0.908880
-0.015660 -0.472441 -0.916376
0.015660 -0.472441 -0.916376
0.046071 -0.472441 -0.908880
0.073804 -0.472441 -0.894325
0.097247 -0.472441 -0.873555
0.115040 -0.472441 -0.847779
0.126146 -0.472441 -0.818494
0.129921 -0.472441 -0.787402
0.129921 -0.440945 -1.102362
0.126146 -0.440945 -1.133454
0.115040 -0.440945 -1.162740
0.097247 -0.440945 -1.188516
0.073804 -0.440945 -1.209285
0.046071 -0.440945 -1.223841
0.015660 -0.440945 -1.231336
-0.015660 -0.440945 -1.231336
-0.046071 -0.440945 -1.223841
-0.073804 -0.440945 -1.209285
-0.097247 -0.440945 -1.188516
-0.115040 -0.440945 -1.162740
-0.126146 -0.440945 -1.133454
-0.129921 -0.440945 -1.102362
-0.129921 -0.472441 -1.102362
-0.126146 -0.472441 -1.133454
-0.115040 -0.472441 -1.162740
-0.097247 -0.472441 -1.188516
-0.073804 -0.472441 -1.209285
-0.046071 -0.472441 -1.223841
-0.015660 -0.472441 -1.231336
0.015660 -0.472441 -1.231336
0.046071 -0.472441 -1.223841
0.073804 -0.472441 -1.209285
0.097247 -0.472441 -1.188516
0.115040 -0.472441 -1.162740
0.126146 -0.472441 -1.133454
0.129921 -0.472441 -1.102362
0.759843 -0.440945 -0.472441
0.756067 -0.440945 -0.503533
0.744961 -0.440945 -0.532818
0.727169 -0.440945 -0.558595
0.703725 -0.440945 -0.579364
0.675992 -0.440945 -0.593919
0.645582 -0.440945 -0.601415
0.614261 -0.440945 -0.601415
0.583851 -0.440945 -0.593919
0.556118 -0.440945 -0.579364
0.532674 -0.440945 -0.558595
0.514882 -0.440945 -0.532818
0.503775 -0.440945 -0.503533
0.500000 -0.440945 -0.472441
0.500000 -0.472441 -0.472441
0.503775 -0.472441 -0.503533
0.514882 -0.472441 -0.532818
0.532674 -0.472441 -0.558595
0.556118 -0.472441 -0.579364
0.583851 -0.472441 -0.593919
0.614261 -0.472441 -0.601415
0.645582 -0.472441 -0.601415
0.675992 -0.472441 -0.593919
0.703725 -0.472441 -0.579364
0.727169 -0.472441 -0.558595
0.744961 -0.472441 -0.532818
0.756067 -0.472441 -0.503533
0.759843 -0.472441 -0.472441
0.444882 -0.440945 -0.472441
0.441107 -0.440945 -0.503533
0.430000 -0.440945 -0.532818
0.412208 -0.440945 -0.558595
0.388764 -0.440945 -0.579364
0.361031 -0.440945 -0.593919
0.330621 -0.440945 -0.601415
0.299300 -0.440945 -0.601415
0.268890 -0.440945 -0.593919
0.241157 -0.440945 -0.579364
0.217713 -0.440945 -0.558595
0.199921 -0.440945 -0.532818
0.188815 -0.440945 -0.503533
0.185039 -0.440945 -0.472441
0.185039 -0.472441 -0.472441
0.188815 -0.472441 -0.503533
0.199921 -0.472441 -0.532818
0.217713 -0.472441 -0.558595
0.241157 -0.472441 -0.579364
0.268890 -0.472441 -0.593919
0.299300 -0.472441 -0.601415
0.330621 -0.472441 -0.601415
0.361031 -0.472441 -0.593919
0.388764 -0.472441 -0.579364
0.412208 -0.472441 -0.558595
0.430000 -0.472441 -0.532818
0.441107 -0.472441 -0.503533
0.444882 -0.472441 -0.472441
0.472441 -0.220472 -0.157480
0.472441 -0.223218 -0.180093
0.472441 -0.231295 -0.201391
0.472441 -0.244235 -0.220138
0.472441 -0.261285 -0.235243
0.472441 -0.281455 -0.245828
0.472441 -0.303571 -0.251280
0.472441 -0.326350 -0.251280
0.472441 -0.348467 -0.245828
0.472441 -0.368636 -0.235243
0.472441 -0.385686 -0.220138
0.472441 -0.398626 -0.201391
0.472441 -0.406703 -0.180093
0.472441 -0.409449 -0.157480
0.755906 -0.409449 -0.157480
0.755906 -0.406703 -0.180093
0.755906 -0.398626 -0.201391
0.755906 -0.385686 -0.220138
0.755906 -0.368636 -0.235243
0.755906 -0.348467 -0.245828
0.755906 -0.326350 -0.251280
0.755906 -0.303571 -0.251280
0.755906 -0.281455 -0.245828
0.755906 -0.261285 -0.235243
0.755906 -0.244235 -0.220138
0.755906 -0.231295 -0.201391
0.755906 -0.223218 -0.180093
0.755906 -0.220472 -0.157480
0.472441 0.094488 -0.157480
0.472441 0.091743 -0.180093
0.472441 0.083665 -0.201391
0.472441 0.070725 -0.220138
0.472441 0.053675 -0.235243
0.472441 0.033506 -0.245828
0.472441 0.011389 -0.251280
0.472441 -0.011389 -0.251280
0.472441 -0.033506 -0.245828
0.472441 -0.053675 -0.235243
0.472441 -0.070725 -0.220138
0.472441 -0.083665 -0.201391
0.472441 -0.091743 -0.180093
0.472441 -0.094488 -0.157480
0.755906 -0.094488 -0.157480
0.755906 -0.091743 -0.180093
0.755906 -0.083665 -0.201391
0.755906 -0.070725 -0.220138
0.755906 -0.053675 -0.235243
0.755906 -0.033506 -0.245828
0.755906 -0.011389 -0.251280
0.755906 0.011389 -0.251280
0.755906 0.033506 -0.245828
0.755906 0.053675 -0.235243
0.755906 0.070725 -0.220138
0.755906 0.083665 -0.201391
0.755906 0.091743 -0.180093
0.755906 0.094488 -0.157480
0.472441 0.409449 -0.157480
0.472441 0.406703 -0.180093
0.472441 0.398626 -0.201391
0.472441 0.385686 -0.220138
0.472441 0.368636 -0.235243
0.472441 0.348467 -0.245828
0.472441 0.326350 -0.251280
0.472441 0.303571 -0.251280
0.472441 0.281455 -0.245828
0.472441 0.261285 -0.235243
0.472441 0.244235 -0.220138
0.472441 0.231295 -0.201391
0.472441 0.223218 -0.180093
0.472441 0.220472 -0.157480
0.755906 0.220472 -0.157480
0.755906 0.223218 -0.180093
0.755906 0.231295 -0.201391
0.755906 0.244235 -0.220138
0.755906 0.261285 -0.235243
0.755906 0.281455 -0.245828
0.755906 0.303571 -0.251280
0.755906 0.326350 -0.251280
0.755906 0.348467 -0.245828
0.755906 0.368636 -0.235243
0.755906 0.385686 -0.220138
0.755906 0.398626 -0.201391
0.755906 0.406703 -0.180093
0.755906 0.409449 -0.157480
0.755906 -0.185039 -0.157480
0.755906 -0.188815 -0.188573
0.755906 -0.199921 -0.217858
0.755906 -0.217713 -0.243634
0.755906 -0.241157 -0.264403
0.755906 -0.268890 -0.278959
0.755906 -0.299300 -0.286454
0.755906 -0.330621 -0.286454
0.755906 -0.361031 -0.278959
0.755906 -0.388764 -0.264403
0.755906 -0.412208 -0.243634
0.755906 -0.430000 -0.217858
0.755906 -0.441107 -0.188573
0.755906 -0.444882 -0.157480
0.787402 -0.444882 -0.157480
0.787402 -0.441107 -0.188573
0.787402 -0.430000 -0.217858
0.787402 -0.412208 -0.243634
0.787402 -0.388764 -0.264403
0.787402 -0.361031 -0.278959
0.787402 -0.330621 -0.286454
0.787402 -0.299300 -0.286454
0.787402 -0.268890 -0.278959
0.787402 -0.241157 -0.264403
0.787402 -0.217713 -0.243634
0.787402 -0.199921 -0.217858
0.787402 -0.188815 -0.188573
0.787402 -0.185039 -0.157480
0.755906 0.129921 -0.157480
0.755906 0.126146 -0.188573
0.755906 0.115040 -0.217858
0.755906 0.097247 -0.243634
0.755906 0.073804 -0.264403
0.755906 0.046071 -0.278959
0.755906 0.015660 -0.286454
0.755906 -0.015660 -0.286454
0.755906 -0.046071 -0.278959
0.755906 -0.073804 -0.264403
0.755906 -0.097247 -0.243634
0.755906 -0.115040 -0.217858
0.755906 -0.126146 -0.188573
0.755906 -0.129921 -0.157480
0.787402 -0.129921 -0.157480
0.787402 -0.126146 -0.188573
0.787402 -0.115040 -0.217858
0.787402 -0.097247 -0.243634
0.787402 -0.073804 -0.264403
0.787402 -0.046071 -0.278959
0.787402 -0.015660 -0.286454
0.787402 0.015660 -0.286454
0.787402 0.046071 -0.278959
0.787402 0.073804 -0.264403
0.787402 0.097247 -0.243634
0.787402 0.115040 -0.217858
0.787402 0.126146 -0.188573
0.787402 0.129921 -0.157480
0.755906 0.444882 -0.157480
0.755906 0.441107 -0.188573
0.755906 0.430000 -0.217858
0.755906 0.412208 -0.243634
0.755906 0.388764 -0.264403
0.755906 0.361031 -0.278959
0.755906 0.330621 -0.286454
0.755906 0.299300 -0.286454
0.755906 0.268890 -0.278959
0.755906 0.241157 -0.264403
0.755906 0.217713 -0.243634
0.755906 0.199921 -0.217858
0.755906 0.188815 -0.188573
0.755906 0.185039 -0.157480
0.787402 0.185039 -0.157480
0.787402 0.188815 -0.188573
0.787402 0.199921 -0.217858
0.787402 0.217713 -0.243634
0.787402 0.241157 -0.264403
0.787402 0.268890 -0.278959
0.787402 0.299300 -0.286454
0.787402 0.330621 -0.286454
0.787402 0.361031 -0.278959
0.787402 0.388764 -0.264403
0.787402 0.412208 -0.243634
0.787402 0.430000 -0.217858
0.787402 0.441107 -0.188573
0.787402 0.444882 -0.157480
-1.181102 0.000000 0.039370
-1.167910 0.176034 0.039370
-1.128629 0.348136 0.039370
-1.064137 0.512461 0.039370
-0.975873 0.665339 0.039370
-0.865809 0.803354 0.039370
-0.736405 0.923423 0.039370
-0.590551 1.022865 0.039370
-0.431505 1.099457 0.039370
-0.262820 1.151490 0.039370
-0.088264 1.177800 0.039370
0.088264 1.177800 0.039370
0.262820 1.151490 0.039370
0.431505 1.099457 0.039370
0.590551 1.022865 0.039370
0.736405 0.923423 0.039370
0.865809 0.803354 0.039370
0.975873 0.665339 0.039370
1.064137 0.512461 0.039370
1.128629 0.348136 0.039370
1.167910 0.176034 0.039370
1.181102 0.000000 0.039370
1.181102 0.000000 0.000000
1.167910 0.176034 0.000000
1.128629 0.348136 0.000000
1.064137 0.512461 0.000000
0.975873 0.665339 0.000000
0.865809 0.803354 0.000000
0.736405 0.923423 0.000000
0.590551 1.022865 0.000000
0.431505 1.099457 0.000000
0.262820 1.151490 0.000000
0.088264 1.177800 0.000000
-0.088264 1.177800 0.000000
-0.262820 1.151490 0.000000
-0.431505 1.099457 0.000000
-0.590551 1.022865 0.000000
-0.736405 0.923423 0.000000
-0.865809 0.803354 0.000000
-0.975873 0.665339 0.000000
-1.064137 0.512461 0.000000
-1.128629 0.348136 0.000000
-1.167910 0.176034 0.000000
-1.181102 0.000000 0.000000
-0.000000 -0.440945 -1.007874
-0.022613 -0.440945 -1.010620
-0.043911 -0.440945 -1.018697
-0.062657 -0.440945 -1.031637
-0.077762 -0.440945 -1.048687
-0.088348 -0.440945 -1.068856
-0.093799 -0.440945 -1.090973
-0.093799 -0.440945 -1.113752
-0.088348 -0.440945 -1.135868
-0.077762 -0.440945 -1.156038
-0.062657 -0.440945 -1.173088
-0.043911 -0.440945 -1.186027
-0.022613 -0.440945 -1.194105
-0.000000 -0.440945 -1.196850
-0.000000 -0.314961 -1.196850
-0.022613 -0.314961 -1.194105
-0.043911 -0.314961 -1.186027
-0.062657 -0.314961 -1.173088
-0.077762 -0.314961 -1.156038
-0.088348 -0.314961 -1.135868
-0.093799 -0.314961 -1.113752
-0.093799 -0.314961 -1.090973
-0.088348 -0.314961 -1.068856
-0.077762 -0.314961 -1.048687
-0.062657 -0.314961 -1.031637
-0.043911 -0.314961 -1.018697
-0.022613 -0.314961 -1.010620
-0.000000 -0.314961 -1.007874
-0.000000 -0.440945 -0.692913
-0.022613 -0.440945 -0.695659
-0.043911 -0.440945 -0.703736
-0.062657 -0.440945 -0.716676
-0.077762 -0.440945 -0.733726
-0.088348 -0.440945 -0.753896
-0.093799 -0.440945 -0.776012
-0.093799 -0.440945 -0.798791
-0.088348 -0.440945 -0.820908
-0.077762 -0.440945 -0.841077
-0.062657 -0.440945 -0.858127
-0.043911 -0.440945 -0.871067
-0.022613 -0.440945 -0.879144
-0.000000 -0.440945 -0.881890
-0.000000 -0.314961 -0.881890
-0.022613 -0.314961 -0.879144
-0.043911 -0.314961 -0.871067
-0.062657 -0.314961 -0.858127
-0.077762 -0.314961 -0.841077
-0.088348 -0.314961 -0.820908
-0.093799 -0.314961 -0.798791
-0.093799 -0.314961 -0.776012
-0.088348 -0.314961 -0.753896
-0.077762 -0.314961 -0.733726
-0.062657 -0.314961 -0.716676
-0.043911 -0.314961 -0.703736
-0.022613 -0.314961 -0.695659
-0.000000 -0.314961 -0.692913
-0.000000 -0.440945 -0.377953
-0.022613 -0.440945 -0.380698
-0.043911 -0.440945 -0.388776
-0.062657 -0.440945 -0.401716
-0.077762 -0.440945 -0.418766
-0.088348 -0.440945 -0.438935
-0.093799 -0.440945 -0.461052
-0.093799 -0.440945 -0.483830
-0.088348 -0.440945 -0.505947
-0.077762 -0.440945 -0.526116
-0.062657 -0.440945 -0.543166
-0.043911 -0.440945 -0.556106
-0.022613 -0.440945 -0.564183
-0.000000 -0.440945 -0.566929
-0.000000 -0.314961 -0.566929
-0.022613 -0.314961 -0.564183
-0.043911 -0.314961 -0.556106
-0.062657 -0.314961 -0.543166
-0.077762 -0.314961 -0.526116
-0.088348 -0.314961 -0.505947
-0.093799 -0.314961 -0.483830
-0.093799 -0.314961 -0.461052
-0.088348 -0.314961 -0.438935
-0.077762 -0.314961 -0.418766
-0.062657 -0.314961 -0.401716
-0.043911 -0.314961 -0.388776
-0.022613 -0.314961 -0.380698
-0.000000 -0.314961 -0.377953
-0.000000 0.440945 -0.566929
-0.022613 0.440945 -0.564183
-0.043911 0.440945 -0.556106
-0.062657 0.440945 -0.543166
-0.077762 0.440945 -0.526116
-0.088348 0.440945 -0.505947
-0.093799 0.440945 -0.483830
-0.093799 0.440945 -0.461052
-0.088348 0.440945 -0.438935
-0.077762 0.440945 -0.418766
-0.062657 0.440945 -0.401716
-0.043911 0.440945 -0.388776
-0.022613 0.440945 -0.380698
-0.000000 0.440945 -0.377953
-0.000000 0.314961 -0.377953
-0.022613 0.314961 -0.380698
-0.043911 0.314961 -0.388776
-0.062657 0.314961 -0.401716
-0.077762 0.314961 -0.418766
-0.088348 0.314961 -0.438935
-0.093799 0.314961 -0.461052
-0.093799 0.314961 -0.483830
-0.088348 0.314961 -0.505947
-0.077762 0.314961 -0.526116
-0.062657 0.314961 -0.543166
-0.043911 0.314961 -0.556106
-0.022613 0.314961 -0.564183
-0.000000 0.314961 -0.566929
-0.000000 0.440945 -0.881890
-0.022613 0.440945 -0.879144
-0.043911 0.440945 -0.871067
-0.062657 0.440945 -0.858127
-0.077762 0.440945 -0.841077
-0.088348 0.440945 -0.820908
-0.093799 0.440945 -0.798791
-0.093799 0.440945 -0.776012
-0.088348 0.440945 -0.753896
-0.077762 0.440945 -0.733726
-0.062657 0.440945 -0.716676
-0.043911 0.440945 -0.703736
-0.022613 0.440945 -0.695659
-0.000000 0.440945 -0.692913
-0.000000 0.314961 -0.692913
-0.022613 0.314961 -0.695659
-0.043911 0.314961 -0.703736
-0.062657 0.314961 -0.716676
-0.077762 0.314961 -0.733726
-0.088348 0.314961 -0.753896
-0.093799 0.314961 -0.776012
-0.093799 0.314961 -0.798791
-0.088348 0.314961 -0.820908
-0.077762 0.314961 -0.841077
-0.062657 0.314961 -0.858127
-0.043911 0.314961 -0.871067
-0.022613 0.314961 -0.879144
-0.000000 0.314961 -0.881890
-0.000000 0.440945 -1.196850
-0.022613 0.440945 -1.194105
-0.043911 0.440945 -1.186027
-0.062657 0.440945 -1.173088
-0.077762 0.440945 -1.156038
-0.088348 0.440945 -1.135868
-0.093799 0.440945 -1.113752
-0.093799 0.440945 -1.090973
-0.088348 0.440945 -1.068856
-0.077762 0.440945 -1.048687
-0.062657 0.440945 -1.031637
-0.043911 0.440945 -1.018697
-0.022613 0.440945 -1.010620
-0.000000 0.440945 -1.007874
-0.000000 0.314961 -1.007874
-0.022613 0.314961 -1.010620
-0.043911 0.314961 -1.018697
-0.062657 0.314961 -1.031637
-0.077762 0.314961 -1.048687
-0.088348 0.314961 -1.068856
-0.093799 0.314961 -1.090973
-0.093799 0.314961 -1.113752
-0.088348 0.314961 -1.135868
-0.077762 0.314961 -1.156038
-0.062657 0.314961 -1.173088
-0.043911 0.314961 -1.186027
-0.022613 0.314961 -1.194105
-0.000000 0.314961 -1.196850
1.167910 -0.176034 0.000000
1.128629 -0.348136 0.000000
1.064137 -0.512461 0.000000
0.975873 -0.665339 0.000000
0.865809 -0.803354 0.000000
0.736405 -0.923423 0.000000
0.590551 -1.022865 0.000000
0.431505 -1.099457 0.000000
0.262820 -1.151490 0.000000
0.088264 -1.177800 0.000000
-0.088264 -1.177800 0.000000
-0.262820 -1.151490 0.000000
-0.431505 -1.099457 0.000000
-0.590551 -1.022865 0.000000
-0.736405 -0.923423 0.000000
-0.865809 -0.803354 0.000000
-0.975873 -0.665339 0.000000
-1.064137 -0.512461 0.000000
-1.128629 -0.348136 0.000000
-1.167910 -0.176034 0.000000
-0.787402 0.472441 0.000000
-0.787402 -0.472441 0.000000
-0.472441 -0.472441 0.000000
-0.472441 -0.314961 0.000000
-0.157480 -0.314961 0.000000
-0.157480 0.314961 0.000000
-0.472441 0.314961 0.000000
-0.472441 0.472441 0.000000
0.157480 -0.314961 0.000000
0.472441 -0.314961 0.000000
0.472441 -0.472441 0.000000
0.787402 -0.472441 0.000000
0.787402 0.472441 0.000000
0.472441 0.472441 0.000000
0.472441 0.314961 0.000000
0.157480 0.314961 0.000000
0.022613 0.440945 -1.010620
0.043911 0.440945 -1.018697
0.062657 0.440945 -1.031637
0.077762 0.440945 -1.048687
0.088348 0.440945 -1.068856
0.093799 0.440945 -1.090973
0.093799 0.440945 -1.113752
0.088348 0.440945 -1.135868
0.077762 0.440945 -1.156038
0.062657 0.440945 -1.173088
0.043911 0.440945 -1.186027
0.022613 0.440945 -1.194105
0.022613 0.314961 -1.194105
0.043911 0.314961 -1.186027
0.062657 0.314961 -1.173088
0.077762 0.314961 -1.156038
0.088348 0.314961 -1.135868
0.093799 0.314961 -1.113752
0.093799 0.314961 -1.090973
0.088348 0.314961 -1.068856
0.077762 0.314961 -1.048687
0.062657 0.314961 -1.031637
0.043911 0.314961 -1.018697
0.022613 0.314961 -1.010620
0.022613 0.440945 -0.695659
0.043911 0.440945 -0.703736
0.062657 0.440945 -0.716676
0.077762 0.440945 -0.733726
0.088348 0.440945 -0.753896
0.093799 0.440945 -0.776012
0.093799 0.440945 -0.798791
0.088348 0.440945 -0.820908
0.077762 0.440945 -0.841077
0.062657 0.440945 -0.858127
0.043911 0.440945 -0.871067
0.022613 0.440945 -0.879144
0.022613 0.314961 -0.879144
0.043911 0.314961 -0.871067
0.062657 0.314961 -0.858127
0.077762 0.314961 -0.841077
0.088348 0.314961 -0.820908
0.093799 0.314961 -0.798791
0.093799 0.314961 -0.776012
0.088348 0.314961 -0.753896
0.077762 0.314961 -0.733726
0.062657 0.314961 -0.716676
0.043911 0.314961 -0.703736
0.022613 0.314961 -0.695659
0.022613 0.440945 -0.380698
0.043911 0.440945 -0.388776
0.062657 0.440945 -0.401716
0.077762 0.440945 -0.418766
0.088348 0.440945 -0.438935
0.093799 0.440945 -0.461052
0.093799 0.440945 -0.483830
0.088348 0.440945 -0.505947
0.077762 0.440945 -0.526116
0.062657 0.440945 -0.543166
0.043911 0.440945 -0.556106
0.022613 0.440945 -0.564183
0.022613 0.314961 -0.564183
0.043911 0.314961 -0.556106
0.062657 0.314961 -0.543166
0.077762 0.314961 -0.526116
0.088348 0.314961 -0.505947
0.093799 0.314961 -0.483830
0.093799 0.314961 -0.461052
0.088348 0.314961 -0.438935
0.077762 0.314961 -0.418766
0.062657 0.314961 -0.401716
0.043911 0.314961 -0.388776
0.022613 0.314961 -0.380698
0.157480 0.157480 -0.314961
0.157480 0.314961 -0.314961
0.314961 0.314961 -0.314961
0.314961 0.157480 -0.314961
0.629921 -0.157480 -0.629921
0.472441 -0.157480 -0.629921
0.472441 -0.157480 -0.314961
0.629921 -0.157480 -0.314961
0.664964 -0.157480 -0.318909
0.698249 -0.157480 -0.330556
0.728109 -0.157480 -0.349318
0.753044 -0.157480 -0.374254
0.771806 -0.157480 -0.404113
0.783453 -0.157480 -0.437398
0.787402 -0.157480 -0.472441
0.783453 -0.157480 -0.507484
0.771806 -0.157480 -0.540769
0.753044 -0.157480 -0.570628
0.728109 -0.157480 -0.595564
0.698249 -0.157480 -0.614326
0.664964 -0.157480 -0.625973
0.022613 -0.440945 -0.564183
0.043911 -0.440945 -0.556106
0.062657 -0.440945 -0.543166
0.077762 -0.440945 -0.526116
0.088348 -0.440945 -0.505947
0.093799 -0.440945 -0.483830
0.093799 -0.440945 -0.461052
0.088348 -0.440945 -0.438935
0.077762 -0.440945 -0.418766
0.062657 -0.440945 -0.401716
0.043911 -0.440945 -0.388776
0.022613 -0.440945 -0.380698
0.022613 -0.314961 -0.380698
0.043911 -0.314961 -0.388776
0.062657 -0.314961 -0.401716
0.077762 -0.314961 -0.418766
0.088348 -0.314961 -0.438935
0.093799 -0.314961 -0.461052
0.093799 -0.314961 -0.483830
0.088348 -0.314961 -0.505947
0.077762 -0.314961 -0.526116
0.062657 -0.314961 -0.543166
0.043911 -0.314961 -0.556106
0.022613 -0.314961 -0.564183
0.022613 -0.440945 -0.879144
0.043911 -0.440945 -0.871067
0.062657 -0.440945 -0.858127
0.077762 -0.440945 -0.841077
0.088348 -0.440945 -0.820908
0.093799 -0.440945 -0.798791
0.093799 -0.440945 -0.776012
0.088348 -0.440945 -0.753896
0.077762 -0.440945 -0.733726
0.062657 -0.440945 -0.716676
0.043911 -0.440945 -0.703736
0.022613 -0.440945 -0.695659
0.022613 -0.314961 -0.695659
0.043911 -0.314961 -0.703736
0.062657 -0.314961 -0.716676
0.077762 -0.314961 -0.733726
0.088348 -0.314961 -0.753896
0.093799 -0.314961 -0.776012
0.093799 -0.314961 -0.798791
0.088348 -0.314961 -0.820908
0.077762 -0.314961 -0.841077
0.062657 -0.314961 -0.858127
0.043911 -0.314961 -0.871067
0.022613 -0.314961 -0.879144
0.022613 -0.440945 -1.194105
0.043911 -0.440945 -1.186027
0.062657 -0.440945 -1.173088
0.077762 -0.440945 -1.156038
0.088348 -0.440945 -1.135868
0.093799 -0.440945 -1.113752
0.093799 -0.440945 -1.090973
0.088348 -0.440945 -1.068856
0.077762 -0.440945 -1.048687
0.062657 -0.440945 -1.031637
0.043911 -0.440945 -1.018697
0.022613 -0.440945 -1.010620
0.022613 -0.314961 -1.010620
0.043911 -0.314961 -1.018697
0.062657 -0.314961 -1.031637
0.077762 -0.314961 -1.048687
0.088348 -0.314961 -1.068856
0.093799 -0.314961 -1.090973
0.093799 -0.314961 -1.113752
0.088348 -0.314961 -1.135868
0.077762 -0.314961 -1.156038
0.062657 -0.314961 -1.173088
0.043911 -0.314961 -1.186027
0.022613 -0.314961 -1.194105
0.314961 -0.157480 -0.314961
0.314961 -0.314961 -0.314961
0.157480 -0.314961 -0.314961
0.157480 -0.157480 -0.314961
0.472441 -0.350003 -0.003948
0.472441 -0.383289 -0.015595
0.472441 -0.413148 -0.034357
0.472441 -0.438084 -0.059293
0.472441 -0.456845 -0.089152
0.472441 -0.468493 -0.122438
0.472441 -0.472441 -0.157480
0.472441 0.472441 -0.157480
0.472441 0.468493 -0.122438
0.472441 0.456845 -0.089152
0.472441 0.438084 -0.059293
0.472441 0.413148 -0.034357
0.472441 0.383289 -0.015595
0.472441 0.350003 -0.003948
1.167910 -0.176034 0.039370
1.128629 -0.348136 0.039370
1.064137 -0.512461 0.039370
0.975873 -0.665339 0.039370
0.865809 -0.803354 0.039370
0.736405 -0.923423 0.039370
0.590551 -1.022865 0.039370
0.431505 -1.099457 0.039370
0.262820 -1.151490 0.039370
0.088264 -1.177800 0.039370
-0.088264 -1.177800 0.039370
-0.262820 -1.151490 0.039370
-0.431505 -1.099457 0.039370
-0.590551 -1.022865 0.039370
-0.736405 -0.923423 0.039370
-0.865809 -0.803354 0.039370
-0.975873 -0.665339 0.039370
-1.064137 -0.512461 0.039370
-1.128629 -0.348136 0.039370
-1.167910 -0.176034 0.039370
0.787402 -0.472441 -0.157480
0.787402 -0.468493 -0.192523
0.787402 -0.456845 -0.225808
0.787402 -0.438084 -0.255668
0.787402 -0.413148 -0.280603
0.787402 -0.383289 -0.299365
0.787402 -0.350003 -0.311012
0.787402 -0.314961 -0.314961
0.787402 0.314961 -0.314961
0.787402 0.350003 -0.311012
0.787402 0.383289 -0.299365
0.787402 0.413148 -0.280603
0.787402 0.438084 -0.255668
0.787402 0.456845 -0.225808
0.787402 0.468493 -0.192523
0.787402 0.472441 -0.157480
0.787402 0.188815 -0.126388
0.787402 0.199921 -0.097103
0.787402 0.217713 -0.071327
0.787402 0.241157 -0.050557
0.787402 0.268890 -0.036002
0.787402 0.299300 -0.028506
0.787402 0.330621 -0.028506
0.787402 0.361031 -0.036002
0.787402 0.388764 -0.050557
0.787402 0.412208 -0.071327
0.787402 0.430000 -0.097103
0.787402 0.441107 -0.126388
0.787402 -0.126146 -0.126388
0.787402 -0.115040 -0.097103
0.787402 -0.097247 -0.071327
0.787402 -0.073804 -0.050557
0.787402 -0.046071 -0.036002
0.787402 -0.015660 -0.028506
0.787402 0.015660 -0.028506
0.787402 0.046071 -0.036002
0.787402 0.073804 -0.050557
0.787402 0.097247 -0.071327
0.787402 0.115040 -0.097103
0.787402 0.126146 -0.126388
0.787402 -0.441107 -0.126388
0.787402 -0.430000 -0.097103
0.787402 -0.412208 -0.071327
0.787402 -0.388764 -0.050557
0.787402 -0.361031 -0.036002
0.787402 -0.330621 -0.028506
0.787402 -0.299300 -0.028506
0.787402 -0.268890 -0.036002
0.787402 -0.241157 -0.050557
0.787402 -0.217713 -0.071327
0.787402 -0.199921 -0.097103
0.787402 -0.188815 -0.126388
0.629921 0.157480 -0.314961
0.629921 0.314961 -0.314961
0.629921 -0.314961 -0.314961
0.472441 0.157480 -0.314961
0.472441 -0.468493 -0.192523
0.472441 -0.456845 -0.225808
0.472441 -0.438084 -0.255668
0.472441 -0.413148 -0.280603
0.472441 -0.383289 -0.299365
0.472441 -0.350003 -0.311012
0.472441 -0.314961 -0.314961
0.472441 0.314961 -0.314961
0.472441 0.350003 -0.311012
0.472441 0.383289 -0.299365
0.472441 0.413148 -0.280603
0.472441 0.438084 -0.255668
0.472441 0.456845 -0.225808
0.472441 0.468493 -0.192523
0.472441 0.157480 -0.629921
0.472441 -0.472441 -0.314961
0.279918 0.157480 -0.318909
0.246632 0.157480 -0.330556
0.216773 0.157480 -0.349318
0.191838 0.157480 -0.374254
0.173076 0.157480 -0.404113
0.161429 0.157480 -0.437398
0.157480 0.157480 -0.472441
0.157480 -0.157480 -0.472441
0.161429 -0.157480 -0.437398
0.173076 -0.157480 -0.404113
0.191838 -0.157480 -0.374254
0.216773 -0.157480 -0.349318
0.246632 -0.157480 -0.330556
0.279918 -0.157480 -0.318909
0.629921 -0.472441 -0.314961
0.157480 -0.472441 -0.157480
0.157480 -0.472441 -0.314961
-0.157480 -0.472441 -0.314961
-0.157480 -0.472441 -0.157480
-0.472441 -0.472441 -0.157480
-0.472441 -0.472441 -0.314961
-0.629921 -0.472441 -0.314961
-0.664964 -0.472441 -0.318909
-0.698249 -0.472441 -0.330556
-0.728109 -0.472441 -0.349318
-0.753044 -0.472441 -0.374254
-0.771806 -0.472441 -0.404113
-0.783453 -0.472441 -0.437398
-0.787402 -0.472441 -0.472441
-0.783453 -0.472441 -0.507484
-0.771806 -0.472441 -0.540769
-0.753044 -0.472441 -0.570628
-0.728109 -0.472441 -0.595564
-0.698249 -0.472441 -0.614326
-0.664964 -0.472441 -0.625973
-0.629921 -0.472441 -0.629921
-0.472441 -0.472441 -0.629921
-0.157480 -0.472441 -0.944882
-0.157480 -0.472441 -1.102362
-0.152904 -0.472441 -1.140050
-0.139442 -0.472441 -1.175547
-0.117876 -0.472441 -1.206791
-0.089459 -0.472441 -1.231966
-0.055843 -0.472441 -1.249609
-0.018982 -0.472441 -1.258694
0.018982 -0.472441 -1.258694
0.055843 -0.472441 -1.249609
0.089459 -0.472441 -1.231966
0.117876 -0.472441 -1.206791
0.139442 -0.472441 -1.175547
0.152904 -0.472441 -1.140050
0.157480 -0.472441 -1.102362
0.157480 -0.472441 -0.944882
0.472441 -0.472441 -0.629921
0.629921 -0.472441 -0.629921
0.664964 -0.472441 -0.625973
0.698249 -0.472441 -0.614326
0.728109 -0.472441 -0.595564
0.753044 -0.472441 -0.570628
0.771806 -0.472441 -0.540769
0.783453 -0.472441 -0.507484
0.787402 -0.472441 -0.472441
0.783453 -0.472441 -0.437398
0.771806 -0.472441 -0.404113
0.753044 -0.472441 -0.374254
0.728109 -0.472441 -0.349318
0.698249 -0.472441 -0.330556
0.664964 -0.472441 -0.318909
-0.503775 -0.472441 -0.503533
-0.514882 -0.472441 -0.532818
-0.532674 -0.472441 -0.558595
-0.556118 -0.472441 -0.579364
-0.583851 -0.472441 -0.593919
-0.614261 -0.472441 -0.601415
-0.645582 -0.472441 -0.601415
-0.675992 -0.472441 -0.593919
-0.703725 -0.472441 -0.579364
-0.727169 -0.472441 -0.558595
-0.744961 -0.472441 -0.532818
-0.756067 -0.472441 -0.503533
-0.188815 -0.472441 -0.503533
-0.199921 -0.472441 -0.532818
-0.217713 -0.472441 -0.558595
-0.241157 -0.472441 -0.579364
-0.268890 -0.472441 -0.593919
-0.299300 -0.472441 -0.601415
-0.330621 -0.472441 -0.601415
-0.361031 -0.472441 -0.593919
-0.388764 -0.472441 -0.579364
-0.412208 -0.472441 -0.558595
-0.430000 -0.472441 -0.532818
-0.441107 -0.472441 -0.503533
-0.126146 -0.472441 -0.441349
-0.115040 -0.472441 -0.412064
-0.097247 -0.472441 -0.386287
-0.073804 -0.472441 -0.365518
-0.046071 -0.472441 -0.350962
-0.015660 -0.472441 -0.343467
0.015660 -0.472441 -0.343467
0.046071 -0.472441 -0.350962
0.073804 -0.472441 -0.365518
0.097247 -0.472441 -0.386287
0.115040 -0.472441 -0.412064
0.126146 -0.472441 -0.441349
-0.126146 -0.472441 -0.756309
-0.115040 -0.472441 -0.727024
-0.097247 -0.472441 -0.701248
-0.073804 -0.472441 -0.680478
-0.046071 -0.472441 -0.665923
-0.015660 -0.472441 -0.658428
0.015660 -0.472441 -0.658428
0.046071 -0.472441 -0.665923
0.073804 -0.472441 -0.680478
0.097247 -0.472441 -0.701248
0.115040 -0.472441 -0.727024
0.126146 -0.472441 -0.756309
-0.126146 -0.472441 -1.071270
-0.115040 -0.472441 -1.041985
-0.097247 -0.472441 -1.016209
-0.073804 -0.472441 -0.995439
-0.046071 -0.472441 -0.980884
-0.015660 -0.472441 -0.973388
0.015660 -0.472441 -0.973388
0.046071 -0.472441 -0.980884
0.073804 -0.472441 -0.995439
0.097247 -0.472441 -1.016209
0.115040 -0.472441 -1.041985
0.126146 -0.472441 -1.071270
0.503775 -0.472441 -0.441349
0.514882 -0.472441 -0.412064
0.532674 -0.472441 -0.386287
0.556118 -0.472441 -0.365518
0.583851 -0.472441 -0.350962
0.614261 -0.472441 -0.343467
0.645582 -0.472441 -0.343467
0.675992 -0.472441 -0.350962
0.703725 -0.472441 -0.365518
0.727169 -0.472441 -0.386287
0.744961 -0.472441 -0.412064
0.756067 -0.472441 -0.441349
0.188815 -0.472441 -0.441349
0.199921 -0.472441 -0.412064
0.217713 -0.472441 -0.386287
0.241157 -0.472441 -0.365518
0.268890 -0.472441 -0.350962
0.299300 -0.472441 -0.343467
0.330621 -0.472441 -0.343467
0.361031 -0.472441 -0.350962
0.388764 -0.472441 -0.365518
0.412208 -0.472441 -0.386287
0.430000 -0.472441 -0.412064
0.441107 -0.472441 -0.441349
0.157480 -0.350003 -0.003948
0.157480 -0.383289 -0.015595
0.157480 -0.413148 -0.034357
0.157480 -0.438084 -0.059293
0.157480 -0.456845 -0.089152
0.157480 -0.468493 -0.122438
0.157480 0.472441 -0.157480
0.157480 0.468493 -0.122438
0.157480 0.456845 -0.089152
0.157480 0.438084 -0.059293
0.157480 0.413148 -0.034357
0.157480 0.383289 -0.015595
0.157480 0.350003 -0.003948
0.157480 0.472441 -1.102362
0.153532 0.472441 -1.137405
0.141885 0.472441 -1.170690
0.123123 0.472441 -1.200550
0.098187 0.472441 -1.225485
0.068328 0.472441 -1.244247
0.035043 0.472441 -1.255894
-0.157480 0.472441 -0.944882
-0.472441 0.472441 -0.629921
-0.629921 0.472441 -0.629921
-0.664964 0.472441 -0.625973
-0.698249 0.472441 -0.614326
-0.728109 0.472441 -0.595564
-0.753044 0.472441 -0.570628
-0.771806 0.472441 -0.540769
-0.783453 0.472441 -0.507484
-0.787402 0.472441 -0.472441
-0.783453 0.472441 -0.437398
-0.771806 0.472441 -0.404113
-0.753044 0.472441 -0.374254
-0.728109 0.472441 -0.349318
-0.698249 0.472441 -0.330556
-0.664964 0.472441 -0.318909
-0.629921 0.472441 -0.314961
-0.472441 0.472441 -0.314961
-0.472441 0.472441 -0.157480
-0.157480 0.472441 -0.157480
-0.157480 0.472441 -0.314961
0.157480 0.472441 -0.314961
0.472441 0.472441 -0.314961
0.629921 0.472441 -0.314961
0.664964 0.472441 -0.318909
0.698249 0.472441 -0.330556
0.728109 0.472441 -0.349318
0.753044 0.472441 -0.374254
0.771806 0.472441 -0.404113
0.783453 0.472441 -0.437398
0.787402 0.472441 -0.472441
0.783453 0.472441 -0.507484
0.771806 0.472441 -0.540769
0.753044 0.472441 -0.570628
0.728109 0.472441 -0.595564
0.698249 0.472441 -0.614326
0.664964 0.472441 -0.625973
0.629921 0.472441 -0.629921
0.472441 0.472441 -0.629921
0.157480 0.472441 -0.944882
0.126146 0.472441 -1.071270
0.115040 0.472441 -1.041985
0.097247 0.472441 -1.016209
0.073804 0.472441 -0.995439
0.046071 0.472441 -0.980884
0.015660 0.472441 -0.973388
-0.015660 0.472441 -0.973388
-0.046071 0.472441 -0.980884
-0.073804 0.472441 -0.995439
-0.097247 0.472441 -1.016209
-0.115040 0.472441 -1.041985
-0.126146 0.472441 -1.071270
0.126146 0.472441 -0.756309
0.115040 0.472441 -0.727024
0.097247 0.472441 -0.701248
0.073804 0.472441 -0.680478
0.046071 0.472441 -0.665923
0.015660 0.472441 -0.658428
-0.015660 0.472441 -0.658428
-0.046071 0.472441 -0.665923
-0.073804 0.472441 -0.680478
-0.097247 0.472441 -0.701248
-0.115040 0.472441 -0.727024
-0.126146 0.472441 -0.756309
0.756067 0.472441 -0.441349
0.744961 0.472441 -0.412064
0.727169 0.472441 -0.386287
0.703725 0.472441 -0.365518
0.675992 0.472441 -0.350962
0.645582 0.472441 -0.343467
0.614261 0.472441 -0.343467
0.583851 0.472441 -0.350962
0.556118 0.472441 -0.365518
0.532674 0.472441 -0.386287
0.514882 0.472441 -0.412064
0.503775 0.472441 -0.441349
0.441107 0.472441 -0.441349
0.430000 0.472441 -0.412064
0.412208 0.472441 -0.386287
0.388764 0.472441 -0.365518
0.361031 0.472441 -0.350962
0.330621 0.472441 -0.343467
0.299300 0.472441 -0.343467
0.268890 0.472441 -0.350962
0.241157 0.472441 -0.365518
0.217713 0.472441 -0.386287
0.199921 0.472441 -0.412064
0.188815 0.472441 -0.441349
-0.756067 0.472441 -0.503533
-0.744961 0.472441 -0.532818
-0.727169 0.472441 -0.558595
-0.703725 0.472441 -0.579364
-0.675992 0.472441 -0.593919
-0.645582 0.472441 -0.601415
-0.614261 0.472441 -0.601415
-0.583851 0.472441 -0.593919
-0.556118 0.472441 -0.579364
-0.532674 0.472441 -0.558595
-0.514882 0.472441 -0.532818
-0.503775 0.472441 -0.503533
-0.441107 0.472441 -0.503533
-0.430000 0.472441 -0.532818
-0.412208 0.472441 -0.558595
-0.388764 0.472441 -0.579364
-0.361031 0.472441 -0.593919
-0.330621 0.472441 -0.601415
-0.299300 0.472441 -0.601415
-0.268890 0.472441 -0.593919
-0.241157 0.472441 -0.579364
-0.217713 0.472441 -0.558595
-0.199921 0.472441 -0.532818
-0.188815 0.472441 -0.503533
0.126146 0.472441 -0.441349
0.115040 0.472441 -0.412064
0.097247 0.472441 -0.386287
0.073804 0.472441 -0.365518
0.046071 0.472441 -0.350962
0.015660 0.472441 -0.343467
-0.015660 0.472441 -0.343467
-0.046071 0.472441 -0.350962
-0.073804 0.472441 -0.365518
-0.097247 0.472441 -0.386287
-0.115040 0.472441 -0.412064
-0.126146 0.472441 -0.441349
0.755906 0.441107 -0.126388
0.755906 0.430000 -0.097103
0.755906 0.412208 -0.071327
0.755906 0.388764 -0.050557
0.755906 0.361031 -0.036002
0.755906 0.330621 -0.028506
0.755906 0.299300 -0.028506
0.755906 0.268890 -0.036002
0.755906 0.241157 -0.050557
0.755906 0.217713 -0.071327
0.755906 0.199921 -0.097103
0.755906 0.188815 -0.126388
0.755906 0.223218 -0.134868
0.755906 0.231295 -0.113569
0.755906 0.244235 -0.094823
0.755906 0.261285 -0.079718
0.755906 0.281455 -0.069132
0.755906 0.303571 -0.063681
0.755906 0.326350 -0.063681
0.755906 0.348467 -0.069132
0.755906 0.368636 -0.079718
0.755906 0.385686 -0.094823
0.755906 0.398626 -0.113569
0.755906 0.406703 -0.134868
0.755906 0.126146 -0.126388
0.755906 0.115040 -0.097103
0.755906 0.097247 -0.071327
0.755906 0.073804 -0.050557
0.755906 0.046071 -0.036002
0.755906 0.015660 -0.028506
0.755906 -0.015660 -0.028506
0.755906 -0.046071 -0.036002
0.755906 -0.073804 -0.050557
0.755906 -0.097247 -0.071327
0.755906 -0.115040 -0.097103
0.755906 -0.126146 -0.126388
0.755906 -0.091743 -0.134868
0.755906 -0.083665 -0.113569
0.755906 -0.070725 -0.094823
0.755906 -0.053675 -0.079718
0.755906 -0.033506 -0.069132
0.755906 -0.011389 -0.063681
0.755906 0.011389 -0.063681
0.755906 0.033506 -0.069132
0.755906 0.053675 -0.079718
0.755906 0.070725 -0.094823
0.755906 0.083665 -0.113569
0.755906 0.091743 -0.134868
0.755906 -0.188815 -0.126388
0.755906 -0.199921 -0.097103
0.755906 -0.217713 -0.071327
0.755906 -0.241157 -0.050557
0.755906 -0.268890 -0.036002
0.755906 -0.299300 -0.028506
0.755906 -0.330621 -0.028506
0.755906 -0.361031 -0.036002
0.755906 -0.388764 -0.050557
0.755906 -0.412208 -0.071327
0.755906 -0.430000 -0.097103
0.755906 -0.441107 -0.126388
0.755906 -0.406703 -0.134868
0.755906 -0.398626 -0.113569
0.755906 -0.385686 -0.094823
0.755906 -0.368636 -0.079718
0.755906 -0.348467 -0.069132
0.755906 -0.326350 -0.063681
0.755906 -0.303571 -0.063681
0.755906 -0.281455 -0.069132
0.755906 -0.261285 -0.079718
0.755906 -0.244235 -0.094823
0.755906 -0.231295 -0.113569
0.755906 -0.223218 -0.134868
0.472441 0.406703 -0.134868
0.472441 0.398626 -0.113569
0.472441 0.385686 -0.094823
0.472441 0.368636 -0.079718
0.472441 0.348467 -0.069132
0.472441 0.326350 -0.063681
0.472441 0.303571 -0.063681
0.472441 0.281455 -0.069132
0.472441 0.261285 -0.079718
0.472441 0.244235 -0.094823
0.472441 0.231295 -0.113569
0.472441 0.223218 -0.134868
0.472441 0.091743 -0.134868
0.472441 0.083665 -0.113569
0.472441 0.070725 -0.094823
0.472441 0.053675 -0.079718
0.472441 0.033506 -0.069132
0.472441 0.011389 -0.063681
0.472441 -0.011389 -0.063681
0.472441 -0.033506 -0.069132
0.472441 -0.053675 -0.079718
0.472441 -0.070725 -0.094823
0.472441 -0.083665 -0.113569
0.472441 -0.091743 -0.134868
0.472441 -0.223218 -0.134868
0.472441 -0.231295 -0.113569
0.472441 -0.244235 -0.094823
0.472441 -0.261285 -0.079718
0.472441 -0.281455 -0.069132
0.472441 -0.303571 -0.063681
0.472441 -0.326350 -0.063681
0.472441 -0.348467 -0.069132
0.472441 -0.368636 -0.079718
0.472441 -0.385686 -0.094823
0.472441 -0.398626 -0.113569
0.472441 -0.406703 -0.134868
0.629921 0.314961 -0.629921
0.629921 0.157480 -0.629921
0.629921 -0.314961 -0.629921
0.472441 -0.314961 -0.629921
0.314961 -0.314961 -0.629921
0.314961 -0.157480 -0.629921
0.314961 0.314961 -0.629921
0.472441 0.314961 -0.629921
0.787402 -0.314961 -0.472441
0.157480 -0.314961 -0.472441
0.161429 -0.314961 -0.437398
0.173076 -0.314961 -0.404113
0.191838 -0.314961 -0.374254
0.216773 -0.314961 -0.349318
0.246632 -0.314961 -0.330556
0.279918 -0.314961 -0.318909
0.783453 -0.314961 -0.507484
0.771806 -0.314961 -0.540769
0.753044 -0.314961 -0.570628
0.728109 -0.314961 -0.595564
0.698249 -0.314961 -0.614326
0.664964 -0.314961 -0.625973
0.279918 -0.314961 -0.625973
0.246632 -0.314961 -0.614326
0.216773 -0.314961 -0.595564
0.191838 -0.314961 -0.570628
0.173076 -0.314961 -0.540769
0.161429 -0.314961 -0.507484
0.161429 -0.157480 -0.507484
0.173076 -0.157480 -0.540769
0.191838 -0.157480 -0.570628
0.216773 -0.157480 -0.595564
0.246632 -0.157480 -0.614326
0.279918 -0.157480 -0.625973
0.157480 -0.314961 -0.944882
0.157480 -0.314961 -1.102362
0.152904 -0.314961 -1.140050
0.139442 -0.314961 -1.175547
0.117876 -0.314961 -1.206791
0.089459 -0.314961 -1.231966
0.055843 -0.314961 -1.249609
0.018982 -0.314961 -1.258694
-0.018982 -0.314961 -1.258694
-0.055843 -0.314961 -1.249609
-0.089459 -0.314961 -1.231966
-0.117876 -0.314961 -1.206791
-0.139442 -0.314961 -1.175547
-0.152904 -0.314961 -1.140050
-0.157480 -0.314961 -1.102362
-0.157480 -0.314961 -0.944882
-0.472441 -0.314961 -0.629921
-0.314961 -0.314961 -0.629921
-0.279918 -0.314961 -0.625973
-0.246632 -0.314961 -0.614326
-0.216773 -0.314961 -0.595564
-0.191838 -0.314961 -0.570628
-0.173076 -0.314961 -0.540769
-0.161429 -0.314961 -0.507484
-0.157480 -0.314961 -0.472441
-0.161429 -0.314961 -0.437398
-0.173076 -0.314961 -0.404113
-0.191838 -0.314961 -0.374254
-0.216773 -0.314961 -0.349318
-0.246632 -0.314961 -0.330556
-0.279918 -0.314961 -0.318909
-0.314961 -0.314961 -0.314961
-0.157480 -0.314961 -0.314961
0.188815 -0.440945 -0.441349
0.199921 -0.440945 -0.412064
0.217713 -0.440945 -0.386287
0.241157 -0.440945 -0.365518
0.268890 -0.440945 -0.350962
0.299300 -0.440945 -0.343467
0.330621 -0.440945 -0.343467
0.361031 -0.440945 -0.350962
0.388764 -0.440945 -0.365518
0.412208 -0.440945 -0.386287
0.430000 -0.440945 -0.412064
0.441107 -0.440945 -0.441349
0.337573 -0.440945 -0.380698
0.358871 -0.440945 -0.388776
0.377618 -0.440945 -0.401716
0.392723 -0.440945 -0.418766
0.403309 -0.440945 -0.438935
0.408760 -0.440945 -0.461052
0.408760 -0.440945 -0.483830
0.403309 -0.440945 -0.505947
0.392723 -0.440945 -0.526116
0.377618 -0.440945 -0.543166
0.358871 -0.440945 -0.556106
0.337573 -0.440945 -0.564183
0.503775 -0.440945 -0.441349
0.514882 -0.440945 -0.412064
0.532674 -0.440945 -0.386287
0.556118 -0.440945 -0.365518
0.583851 -0.440945 -0.350962
0.614261 -0.440945 -0.343467
0.645582 -0.440945 -0.343467
0.675992 -0.440945 -0.350962
0.703725 -0.440945 -0.365518
0.727169 -0.440945 -0.386287
0.744961 -0.440945 -0.412064
0.756067 -0.440945 -0.441349
0.652534 -0.440945 -0.380698
0.673832 -0.440945 -0.388776
0.692578 -0.440945 -0.401716
0.707684 -0.440945 -0.418766
0.718269 -0.440945 -0.438935
0.723721 -0.440945 -0.461052
0.723721 -0.440945 -0.483830
0.718269 -0.440945 -0.505947
0.707684 -0.440945 -0.526116
0.692578 -0.440945 -0.543166
0.673832 -0.440945 -0.556106
0.652534 -0.440945 -0.564183
0.126146 -0.440945 -1.071270
0.115040 -0.440945 -1.041985
0.097247 -0.440945 -1.016209
0.073804 -0.440945 -0.995439
0.046071 -0.440945 -0.980884
0.015660 -0.440945 -0.973388
-0.015660 -0.440945 -0.973388
-0.046071 -0.440945 -0.980884
-0.073804 -0.440945 -0.995439
-0.097247 -0.440945 -1.016209
-0.115040 -0.440945 -1.041985
-0.126146 -0.440945 -1.071270
0.126146 -0.440945 -0.756309
0.115040 -0.440945 -0.727024
0.097247 -0.440945 -0.701248
0.073804 -0.440945 -0.680478
0.046071 -0.440945 -0.665923
0.015660 -0.440945 -0.658428
-0.015660 -0.440945 -0.658428
-0.046071 -0.440945 -0.665923
-0.073804 -0.440945 -0.680478
-0.097247 -0.440945 -0.701248
-0.115040 -0.440945 -0.727024
-0.126146 -0.440945 -0.756309
0.126146 -0.440945 -0.441349
0.115040 -0.440945 -0.412064
0.097247 -0.440945 -0.386287
0.073804 -0.440945 -0.365518
0.046071 -0.440945 -0.350962
0.015660 -0.440945 -0.343467
-0.015660 -0.440945 -0.343467
-0.046071 -0.440945 -0.350962
-0.073804 -0.440945 -0.365518
-0.097247 -0.440945 -0.386287
-0.115040 -0.440945 -0.412064
-0.126146 -0.440945 -0.441349
0.337573 -0.314961 -0.564183
0.358871 -0.314961 -0.556106
0.377618 -0.314961 -0.543166
0.392723 -0.314961 -0.526116
0.403309 -0.314961 -0.505947
0.408760 -0.314961 -0.483830
0.408760 -0.314961 -0.461052
0.403309 -0.314961 -0.438935
0.392723 -0.314961 -0.418766
0.377618 -0.314961 -0.401716
0.358871 -0.314961 -0.388776
0.337573 -0.314961 -0.380698
0.652534 -0.314961 -0.564183
0.673832 -0.314961 -0.556106
0.692578 -0.314961 -0.543166
0.707684 -0.314961 -0.526116
0.718269 -0.314961 -0.505947
0.723721 -0.314961 -0.483830
0.723721 -0.314961 -0.461052
0.718269 -0.314961 -0.438935
0.707684 -0.314961 -0.418766
0.692578 -0.314961 -0.401716
0.673832 -0.314961 -0.388776
0.652534 -0.314961 -0.380698
0.664964 0.157480 -0.625973
0.698249 0.157480 -0.614326
0.728109 0.157480 -0.595564
0.753044 0.157480 -0.570628
0.771806 0.157480 -0.540769
0.783453 0.157480 -0.507484
0.787402 0.157480 -0.472441
0.783453 0.157480 -0.437398
0.771806 0.157480 -0.404113
0.753044 0.157480 -0.374254
0.728109 0.157480 -0.349318
0.698249 0.157480 -0.330556
0.664964 0.157480 -0.318909
0.279918 0.314961 -0.318909
0.246632 0.314961 -0.330556
0.216773 0.314961 -0.349318
0.191838 0.314961 -0.374254
0.173076 0.314961 -0.404113
0.161429 0.314961 -0.437398
0.157480 0.314961 -0.472441
0.787402 0.314961 -0.472441
0.664964 0.314961 -0.625973
0.698249 0.314961 -0.614326
0.728109 0.314961 -0.595564
0.753044 0.314961 -0.570628
0.771806 0.314961 -0.540769
0.783453 0.314961 -0.507484
0.161429 0.314961 -0.507484
0.173076 0.314961 -0.540769
0.191838 0.314961 -0.570628
0.216773 0.314961 -0.595564
0.246632 0.314961 -0.614326
0.279918 0.314961 -0.625973
-0.157480 0.314961 -0.944882
0.035043 0.314961 -1.255894
0.068328 0.314961 -1.244247
0.098187 0.314961 -1.225485
0.123123 0.314961 -1.200550
0.141885 0.314961 -1.170690
0.153532 0.314961 -1.137405
0.157480 0.314961 -1.102362
0.157480 0.314961 -0.944882
-0.157480 0.314961 -0.314961
-0.314961 0.314961 -0.314961
-0.279918 0.314961 -0.318909
-0.246632 0.314961 -0.330556
-0.216773 0.314961 -0.349318
-0.191838 0.314961 -0.374254
-0.173076 0.314961 -0.404113
-0.161429 0.314961 -0.437398
-0.157480 0.314961 -0.472441
-0.161429 0.314961 -0.507484
-0.173076 0.314961 -0.540769
-0.191838 0.314961 -0.570628
-0.216773 0.314961 -0.595564
-0.246632 0.314961 -0.614326
-0.279918 0.314961 -0.625973
-0.314961 0.314961 -0.629921
-0.472441 0.314961 -0.629921
0.188815 0.440945 -0.441349
0.199921 0.440945 -0.412064
0.217713 0.440945 -0.386287
0.241157 0.440945 -0.365518
0.268890 0.440945 -0.350962
0.299300 0.440945 -0.343467
0.330621 0.440945 -0.343467
0.361031 0.440945 -0.350962
0.388764 0.440945 -0.365518
0.412208 0.440945 -0.386287
0.430000 0.440945 -0.412064
0.441107 0.440945 -0.441349
0.337573 0.440945 -0.564183
0.358871 0.440945 -0.556106
0.377618 0.440945 -0.543166
0.392723 0.440945 -0.526116
0.403309 0.440945 -0.505947
0.408760 0.440945 -0.483830
0.408760 0.440945 -0.461052
0.403309 0.440945 -0.438935
0.392723 0.440945 -0.418766
0.377618 0.440945 -0.401716
0.358871 0.440945 -0.388776
0.337573 0.440945 -0.380698
0.503775 0.440945 -0.441349
0.514882 0.440945 -0.412064
0.532674 0.440945 -0.386287
0.556118 0.440945 -0.365518
0.583851 0.440945 -0.350962
0.614261 0.440945 -0.343467
0.645582 0.440945 -0.343467
0.675992 0.440945 -0.350962
0.703725 0.440945 -0.365518
0.727169 0.440945 -0.386287
0.744961 0.440945 -0.412064
0.756067 0.440945 -0.441349
0.652534 0.440945 -0.564183
0.673832 0.440945 -0.556106
0.692578 0.440945 -0.543166
0.707684 0.440945 -0.526116
0.718269 0.440945 -0.505947
0.723721 0.440945 -0.483830
0.723721 0.440945 -0.461052
0.718269 0.440945 -0.438935
0.707684 0.440945 -0.418766
0.692578 0.440945 -0.401716
0.673832 0.440945 -0.388776
0.652534 0.440945 -0.380698
0.126146 0.440945 -0.441349
0.115040 0.440945 -0.412064
0.097247 0.440945 -0.386287
0.073804 0.440945 -0.365518
0.046071 0.440945 -0.350962
0.015660 0.440945 -0.343467
-0.015660 0.440945 -0.343467
-0.046071 0.440945 -0.350962
-0.073804 0.440945 -0.365518
-0.097247 0.440945 -0.386287
-0.115040 0.440945 -0.412064
-0.126146 0.440945 -0.441349
0.126146 0.440945 -0.756309
0.115040 0.440945 -0.727024
0.097247 0.440945 -0.701248
0.073804 0.440945 -0.680478
0.046071 0.440945 -0.665923
0.015660 0.440945 -0.658428
-0.015660 0.440945 -0.658428
-0.046071 0.440945 -0.665923
-0.073804 0.440945 -0.680478
-0.097247 0.440945 -0.701248
-0.115040 0.440945 -0.727024
-0.126146 0.440945 -0.756309
0.126146 0.440945 -1.071270
0.115040 0.440945 -1.041985
0.097247 0.440945 -1.016209
0.073804 0.440945 -0.995439
0.046071 0.440945 -0.980884
0.015660 0.440945 -0.973388
-0.015660 0.440945 -0.973388
-0.046071 0.440945 -0.980884
-0.073804 0.440945 -0.995439
-0.097247 0.440945 -1.016209
-0.115040 0.440945 -1.041985
-0.126146 0.440945 -1.071270
0.337573 0.314961 -0.380698
0.358871 0.314961 -0.388776
0.377618 0.314961 -0.401716
0.392723 0.314961 -0.418766
0.403309 0.314961 -0.438935
0.408760 0.314961 -0.461052
0.408760 0.314961 -0.483830
0.403309 0.314961 -0.505947
0.392723 0.314961 -0.526116
0.377618 0.314961 -0.543166
0.358871 0.314961 -0.556106
0.337573 0.314961 -0.564183
0.652534 0.314961 -0.380698
0.673832 0.314961 -0.388776
0.692578 0.314961 -0.401716
0.707684 0.314961 -0.418766
0.718269 0.314961 -0.438935
0.723721 0.314961 -0.461052
0.723721 0.314961 -0.483830
0.718269 0.314961 -0.505947
0.707684 0.314961 -0.526116
0.692578 0.314961 -0.543166
0.673832 0.314961 -0.556106
0.652534 0.314961 -0.564183
-0.157480 0.157480 -0.314961
-0.314961 0.157480 -0.314961
-0.472441 -0.157480 -0.629921
-0.629921 -0.157480 -0.629921
-0.664964 -0.157480 -0.625973
-0.698249 -0.157480 -0.614326
-0.728109 -0.157480 -0.595564
-0.753044 -0.157480 -0.570628
-0.771806 -0.157480 -0.540769
-0.783453 -0.157480 -0.507484
-0.787402 -0.157480 -0.472441
-0.783453 -0.157480 -0.437398
-0.771806 -0.157480 -0.404113
-0.753044 -0.157480 -0.374254
-0.728109 -0.157480 -0.349318
-0.698249 -0.157480 -0.330556
-0.664964 -0.157480 -0.318909
-0.629921 -0.157480 -0.314961
-0.472441 -0.157480 -0.314961
-0.314961 -0.157480 -0.314961
-0.157480 -0.157480 -0.314961
-0.472441 -0.468493 -0.122438
-0.472441 -0.456845 -0.089152
-0.472441 -0.438084 -0.059293
-0.472441 -0.413148 -0.034357
-0.472441 -0.383289 -0.015595
-0.472441 -0.350003 -0.003948
-0.472441 0.350003 -0.003948
-0.472441 0.383289 -0.015595
-0.472441 0.413148 -0.034357
-0.472441 0.438084 -0.059293
-0.472441 0.456845 -0.089152
-0.472441 0.468493 -0.122438
-0.787402 -0.472441 -0.157480
-0.787402 0.472441 -0.157480
-0.787402 0.468493 -0.192523
-0.787402 0.456845 -0.225808
-0.787402 0.438084 -0.255668
-0.787402 0.413148 -0.280603
-0.787402 0.383289 -0.299365
-0.787402 0.350003 -0.311012
-0.787402 0.314961 -0.314961
-0.787402 -0.314961 -0.314961
-0.787402 -0.350003 -0.311012
-0.787402 -0.383289 -0.299365
-0.787402 -0.413148 -0.280603
-0.787402 -0.438084 -0.255668
-0.787402 -0.456845 -0.225808
-0.787402 -0.468493 -0.192523
-0.787402 0.188815 -0.188573
-0.787402 0.199921 -0.217858
-0.787402 0.217713 -0.243634
-0.787402 0.241157 -0.264403
-0.787402 0.268890 -0.278959
-0.787402 0.299300 -0.286454
-0.787402 0.330621 -0.286454
-0.787402 0.361031 -0.278959
-0.787402 0.388764 -0.264403
-0.787402 0.412208 -0.243634
-0.787402 0.430000 -0.217858
-0.787402 0.441107 -0.188573
-0.787402 -0.126146 -0.188573
-0.787402 -0.115040 -0.217858
-0.787402 -0.097247 -0.243634
-0.787402 -0.073804 -0.264403
-0.787402 -0.046071 -0.278959
-0.787402 -0.015660 -0.286454
-0.787402 0.015660 -0.286454
-0.787402 0.046071 -0.278959
-0.787402 0.073804 -0.264403
-0.787402 0.097247 -0.243634
-0.787402 0.115040 -0.217858
-0.787402 0.126146 -0.188573
-0.787402 -0.441107 -0.188573
-0.787402 -0.430000 -0.217858
-0.787402 -0.412208 -0.243634
-0.787402 -0.388764 -0.264403
-0.787402 -0.361031 -0.278959
-0.787402 -0.330621 -0.286454
-0.787402 -0.299300 -0.286454
-0.787402 -0.268890 -0.278959
-0.787402 -0.241157 -0.264403
-0.787402 -0.217713 -0.243634
-0.787402 -0.199921 -0.217858
-0.787402 -0.188815 -0.188573
-0.629921 0.314961 -0.314961
-0.629921 0.157480 -0.314961
-0.472441 0.157480 -0.314961
-0.629921 -0.314961 -0.314961
-0.472441 -0.314961 -0.314961
-0.472441 -0.350003 -0.311012
-0.472441 -0.383289 -0.299365
-0.472441 -0.413148 -0.280603
-0.472441 -0.438084 -0.255668
-0.472441 -0.456845 -0.225808
-0.472441 -0.468493 -0.192523
-0.472441 0.468493 -0.192523
-0.472441 0.456845 -0.225808
-0.472441 0.438084 -0.255668
-0.472441 0.413148 -0.280603
-0.472441 0.383289 -0.299365
-0.472441 0.350003 -0.311012
-0.472441 0.314961 -0.314961
-0.472441 0.157480 -0.629921
-0.157480 0.157480 -0.472441
-0.161429 0.157480 -0.437398
-0.173076 0.157480 -0.404113
-0.191838 0.157480 -0.374254
-0.216773 0.157480 -0.349318
-0.246632 0.157480 -0.330556
-0.279918 0.157480 -0.318909
-0.279918 -0.157480 -0.318909
-0.246632 -0.157480 -0.330556
-0.216773 -0.157480 -0.349318
-0.191838 -0.157480 -0.374254
-0.173076 -0.157480 -0.404113
-0.161429 -0.157480 -0.437398
-0.157480 -0.157480 -0.472441
-0.157480 -0.468493 -0.122438
-0.157480 -0.456845 -0.089152
-0.157480 -0.438084 -0.059293
-0.157480 -0.413148 -0.034357
-0.157480 -0.383289 -0.015595
-0.157480 -0.350003 -0.003948
-0.157480 0.350003 -0.003948
-0.157480 0.383289 -0.015595
-0.157480 0.413148 -0.034357
-0.157480 0.438084 -0.059293
-0.157480 0.456845 -0.089152
-0.157480 0.468493 -0.122438
-0.755906 0.441107 -0.188573
-0.755906 0.430000 -0.217858
-0.755906 0.412208 -0.243634
-0.755906 0.388764 -0.264403
-0.755906 0.361031 -0.278959
-0.755906 0.330621 -0.286454
-0.755906 0.299300 -0.286454
-0.755906 0.268890 -0.278959
-0.755906 0.241157 -0.264403
-0.755906 0.217713 -0.243634
-0.755906 0.199921 -0.217858
-0.755906 0.188815 -0.188573
-0.755906 0.223218 -0.180093
-0.755906 0.231295 -0.201391
-0.755906 0.244235 -0.220138
-0.755906 0.261285 -0.235243
-0.755906 0.281455 -0.245828
-0.755906 0.303571 -0.251280
-0.755906 0.326350 -0.251280
-0.755906 0.348467 -0.245828
-0.755906 0.368636 -0.235243
-0.755906 0.385686 -0.220138
-0.755906 0.398626 -0.201391
-0.755906 0.406703 -0.180093
-0.755906 0.126146 -0.188573
-0.755906 0.115040 -0.217858
-0.755906 0.097247 -0.243634
-0.755906 0.073804 -0.264403
-0.755906 0.046071 -0.278959
-0.755906 0.015660 -0.286454
-0.755906 -0.015660 -0.286454
-0.755906 -0.046071 -0.278959
-0.755906 -0.073804 -0.264403
-0.755906 -0.097247 -0.243634
-0.755906 -0.115040 -0.217858
-0.755906 -0.126146 -0.188573
-0.755906 -0.091743 -0.180093
-0.755906 -0.083665 -0.201391
-0.755906 -0.070725 -0.220138
-0.755906 -0.053675 -0.235243
-0.755906 -0.033506 -0.245828
-0.755906 -0.011389 -0.251280
-0.755906 0.011389 -0.251280
-0.755906 0.033506 -0.245828
-0.755906 0.053675 -0.235243
-0.755906 0.070725 -0.220138
-0.755906 0.083665 -0.201391
-0.755906 0.091743 -0.180093
-0.755906 -0.188815 -0.188573
-0.755906 -0.199921 -0.217858
-0.755906 -0.217713 -0.243634
-0.755906 -0.241157 -0.264403
-0.755906 -0.268890 -0.278959
-0.755906 -0.299300 -0.286454
-0.755906 -0.330621 -0.286454
-0.755906 -0.361031 -0.278959
-0.755906 -0.388764 -0.264403
-0.755906 -0.412208 -0.243634
-0.755906 -0.430000 -0.217858
-0.755906 -0.441107 -0.188573
-0.755906 -0.406703 -0.180093
-0.755906 -0.398626 -0.201391
-0.755906 -0.385686 -0.220138
-0.755906 -0.368636 -0.235243
-0.755906 -0.348467 -0.245828
-0.755906 -0.326350 -0.251280
-0.755906 -0.303571 -0.251280
-0.755906 -0.281455 -0.245828
-0.755906 -0.261285 -0.235243
-0.755906 -0.244235 -0.220138
-0.755906 -0.231295 -0.201391
-0.755906 -0.223218 -0.180093
-0.472441 0.406703 -0.180093
-0.472441 0.398626 -0.201391
-0.472441 0.385686 -0.220138
-0.472441 0.368636 -0.235243
-0.472441 0.348467 -0.245828
-0.472441 0.326350 -0.251280
-0.472441 0.303571 -0.251280
-0.472441 0.281455 -0.245828
-0.472441 0.261285 -0.235243
-0.472441 0.244235 -0.220138
-0.472441 0.231295 -0.201391
-0.472441 0.223218 -0.180093
-0.472441 0.091743 -0.180093
-0.472441 0.083665 -0.201391
-0.472441 0.070725 -0.220138
-0.472441 0.053675 -0.235243
-0.472441 0.033506 -0.245828
-0.472441 0.011389 -0.251280
-0.472441 -0.011389 -0.251280
-0.472441 -0.033506 -0.245828
-0.472441 -0.053675 -0.235243
-0.472441 -0.070725 -0.220138
-0.472441 -0.083665 -0.201391
-0.472441 -0.091743 -0.180093
-0.472441 -0.223218 -0.180093
-0.472441 -0.231295 -0.201391
-0.472441 -0.244235 -0.220138
-0.472441 -0.261285 -0.235243
-0.472441 -0.281455 -0.245828
-0.472441 -0.303571 -0.251280
-0.472441 -0.326350 -0.251280
-0.472441 -0.348467 -0.245828
-0.472441 -0.368636 -0.235243
-0.472441 -0.385686 -0.220138
-0.472441 -0.398626 -0.201391
-0.472441 -0.406703 -0.180093
-0.314961 -0.157480 -0.629921
-0.629921 -0.314961 -0.629921
-0.629921 0.157480 -0.629921
-0.629921 0.314961 -0.629921
-0.787402 -0.314961 -0.472441
-0.664964 -0.314961 -0.625973
-0.698249 -0.314961 -0.614326
-0.728109 -0.314961 -0.595564
-0.753044 -0.314961 -0.570628
-0.771806 -0.314961 -0.540769
-0.783453 -0.314961 -0.507484
-0.279918 -0.157480 -0.625973
-0.246632 -0.157480 -0.614326
-0.216773 -0.157480 -0.595564
-0.191838 -0.157480 -0.570628
-0.173076 -0.157480 -0.540769
-0.161429 -0.157480 -0.507484
-0.188815 -0.440945 -0.503533
-0.199921 -0.440945 -0.532818
-0.217713 -0.440945 -0.558595
-0.241157 -0.440945 -0.579364
-0.268890 -0.440945 -0.593919
-0.299300 -0.440945 -0.601415
-0.330621 -0.440945 -0.601415
-0.361031 -0.440945 -0.593919
-0.388764 -0.440945 -0.579364
-0.412208 -0.440945 -0.558595
-0.430000 -0.440945 -0.532818
-0.441107 -0.440945 -0.503533
-0.292348 -0.440945 -0.380698
-0.271050 -0.440945 -0.388776
-0.252303 -0.440945 -0.401716
-0.237198 -0.440945 -0.418766
-0.226613 -0.440945 -0.438935
-0.221161 -0.440945 -0.461052
-0.221161 -0.440945 -0.483830
-0.226613 -0.440945 -0.505947
-0.237198 -0.440945 -0.526116
-0.252303 -0.440945 -0.543166
-0.271050 -0.440945 -0.556106
-0.292348 -0.440945 -0.564183
-0.503775 -0.440945 -0.503533
-0.514882 -0.440945 -0.532818
-0.532674 -0.440945 -0.558595
-0.556118 -0.440945 -0.579364
-0.583851 -0.440945 -0.593919
-0.614261 -0.440945 -0.601415
-0.645582 -0.440945 -0.601415
-0.675992 -0.440945 -0.593919
-0.703725 -0.440945 -0.579364
-0.727169 -0.440945 -0.558595
-0.744961 -0.440945 -0.532818
-0.756067 -0.440945 -0.503533
-0.607309 -0.440945 -0.380698
-0.586010 -0.440945 -0.388776
-0.567264 -0.440945 -0.401716
-0.552159 -0.440945 -0.418766
-0.541573 -0.440945 -0.438935
-0.536122 -0.440945 -0.461052
-0.536122 -0.440945 -0.483830
-0.541573 -0.440945 -0.505947
-0.552159 -0.440945 -0.526116
-0.567264 -0.440945 -0.543166
-0.586010 -0.440945 -0.556106
-0.607309 -0.440945 -0.564183
-0.292348 -0.314961 -0.564183
-0.271050 -0.314961 -0.556106
-0.252303 -0.314961 -0.543166
-0.237198 -0.314961 -0.526116
-0.226613 -0.314961 -0.505947
-0.221161 -0.314961 -0.483830
-0.221161 -0.314961 -0.461052
-0.226613 -0.314961 -0.438935
-0.237198 -0.314961 -0.418766
-0.252303 -0.314961 -0.401716
-0.271050 -0.314961 -0.388776
-0.292348 -0.314961 -0.380698
-0.607309 -0.314961 -0.564183
-0.586010 -0.314961 -0.556106
-0.567264 -0.314961 -0.543166
-0.552159 -0.314961 -0.526116
-0.541573 -0.314961 -0.505947
-0.536122 -0.314961 -0.483830
-0.536122 -0.314961 -0.461052
-0.541573 -0.314961 -0.438935
-0.552159 -0.314961 -0.418766
-0.567264 -0.314961 -0.401716
-0.586010 -0.314961 -0.388776
-0.607309 -0.314961 -0.380698
-0.664964 0.157480 -0.318909
-0.698249 0.157480 -0.330556
-0.728109 0.157480 -0.349318
-0.753044 0.157480 -0.374254
-0.771806 0.157480 -0.404113
-0.783453 0.157480 -0.437398
-0.787402 0.157480 -0.472441
-0.783453 0.157480 -0.507484
-0.771806 0.157480 -0.540769
-0.753044 0.157480 -0.570628
-0.728109 0.157480 -0.595564
-0.698249 0.157480 -0.614326
-0.664964 0.157480 -0.625973
-0.787402 0.314961 -0.472441
-0.783453 0.314961 -0.507484
-0.771806 0.314961 -0.540769
-0.753044 0.314961 -0.570628
-0.728109 0.314961 -0.595564
-0.698249 0.314961 -0.614326
-0.664964 0.314961 -0.625973
-0.188815 0.440945 -0.503533
-0.199921 0.440945 -0.532818
-0.217713 0.440945 -0.558595
-0.241157 0.440945 -0.579364
-0.268890 0.440945 -0.593919
-0.299300 0.440945 -0.601415
-0.330621 0.440945 -0.601415
-0.361031 0.440945 -0.593919
-0.388764 0.440945 -0.579364
-0.412208 0.440945 -0.558595
-0.430000 0.440945 -0.532818
-0.441107 0.440945 -0.503533
-0.292348 0.440945 -0.564183
-0.271050 0.440945 -0.556106
-0.252303 0.440945 -0.543166
-0.237198 0.440945 -0.526116
-0.226613 0.440945 -0.505947
-0.221161 0.440945 -0.483830
-0.221161 0.440945 -0.461052
-0.226613 0.440945 -0.438935
-0.237198 0.440945 -0.418766
-0.252303 0.440945 -0.401716
-0.271050 0.440945 -0.388776
-0.292348 0.440945 -0.380698
-0.503775 0.440945 -0.503533
-0.514882 0.440945 -0.532818
-0.532674 0.440945 -0.558595
-0.556118 0.440945 -0.579364
-0.583851 0.440945 -0.593919
-0.614261 0.440945 -0.601415
-0.645582 0.440945 -0.601415
-0.675992 0.440945 -0.593919
-0.703725 0.440945 -0.579364
-0.727169 0.440945 -0.558595
-0.744961 0.440945 -0.532818
-0.756067 0.440945 -0.503533
-0.607309 0.440945 -0.564183
-0.586010 0.440945 -0.556106
-0.567264 0.440945 -0.543166
-0.552159 0.440945 -0.526116
-0.541573 0.440945 -0.505947
-0.536122 0.440945 -0.483830
-0.536122 0.440945 -0.461052
-0.541573 0.440945 -0.438935
-0.552159 0.440945 -0.418766
-0.567264 0.440945 -0.401716
-0.586010 0.440945 -0.388776
-0.607309 0.440945 -0.380698
-0.292348 0.314961 -0.380698
-0.271050 0.314961 -0.388776
-0.252303 0.314961 -0.401716
-0.237198 0.314961 -0.418766
-0.226613 0.314961 -0.438935
-0.221161 0.314961 -0.461052
-0.221161 0.314961 -0.483830
-0.226613 0.314961 -0.505947
-0.237198 0.314961 -0.526116
-0.252303 0.314961 -0.543166
-0.271050 0.314961 -0.556106
-0.292348 0.314961 -0.564183
-0.607309 0.314961 -0.380698
-0.586010 0.314961 -0.388776
-0.567264 0.314961 -0.401716
-0.552159 0.314961 -0.418766
-0.541573 0.314961 -0.438935
-0.536122 0.314961 -0.461052
-0.536122 0.314961 -0.483830
-0.541573 0.314961 -0.505947
-0.552159 0.314961 -0.526116
-0.567264 0.314961 -0.543166
-0.586010 0.314961 -0.556106
-0.607309 0.314961 -0.564183
</float_array>
          <technique_common>
            <accessor source="#Mirror3-POSITION-array" count="2656" stride="3">
              <param name="X" type="float"/>
              <param name="Y" type="float"/>
              <param name="Z" type="float"/>
            </accessor>
          </technique_common>
        </source>
        <source id="Mirror3-Normal0">
          <float_array id="Mirror3-Normal0-array" count="48060">
-0.000000 -0.000000 2.540000
-0.000000 -0.000000 2.540000
0.607862 -0.000000 2.466192
0.607862 -0.000000 2.466192
-0.000000 -0.000000 2.540000
0.607862 -0.000000 2.466192
0.607862 -0.000000 2.466192
0.607862 -0.000000 2.466192
1.180397 -0.000000 2.249058
1.180397 -0.000000 2.249058
0.607862 -0.000000 2.466192
1.180397 -0.000000 2.249058
1.180397 -0.000000 2.249058
1.180397 -0.000000 2.249058
1.684332 -0.000000 1.901217
1.684332 -0.000000 1.901217
1.180397 -0.000000 2.249058
1.684332 -0.000000 1.901217
1.684332 -0.000000 1.901217
1.684332 -0.000000 1.901217
2.090379 -0.000000 1.442884
2.090379 -0.000000 1.442884
1.684332 -0.000000 1.901217
2.090379 -0.000000 1.442884
2.090379 -0.000000 1.442884
2.090379 -0.000000 1.442884
2.374941 -0.000000 0.900696
2.374941 -0.000000 0.900696
2.090379 -0.000000 1.442884
2.374941 -0.000000 0.900696
2.374941 -0.000000 0.900696
2.374941 -0.000000 0.900696
2.521481 -0.000000 0.306163
2.521481 -0.000000 0.306163
2.374941 -0.000000 0.900696
2.521481 -0.000000 0.306163
2.521481 -0.000000 0.306163
2.521481 -0.000000 0.306163
2.521481 -0.000000 -0.306163
2.521481 -0.000000 -0.306163
2.521481 -0.000000 0.306163
2.521481 -0.000000 -0.306163
2.521481 -0.000000 -0.306163
2.521481 -0.000000 -0.306163
2.374941 -0.000000 -0.900696
2.374941 -0.000000 -0.900696
2.521481 -0.000000 -0.306163
2.374941 -0.000000 -0.900696
2.374941 -0.000000 -0.900696
2.374941 -0.000000 -0.900696
2.090379 0.000000 -1.442884
2.090379 0.000000 -1.442884
2.374941 -0.000000 -0.900696
2.090379 0.000000 -1.442884
2.090379 0.000000 -1.442884
2.090379 0.000000 -1.442884
1.684332 0.000000 -1.901217
1.684332 0.000000 -1.901217
2.090379 0.000000 -1.442884
1.684332 0.000000 -1.901217
1.684332 0.000000 -1.901217
1.684332 0.000000 -1.901217
1.180397 0.000000 -2.249058
1.180397 0.000000 -2.249058
1.684332 0.000000 -1.901217
1.180397 0.000000 -2.249058
1.180397 0.000000 -2.249058
1.180397 0.000000 -2.249058
0.607862 0.000000 -2.466192
0.607862 0.000000 -2.466192
1.180397 0.000000 -2.249058
0.607862 0.000000 -2.466192
0.607862 0.000000 -2.466192
0.607862 0.000000 -2.466192
0.000000 0.000000 -2.540000
0.000000 0.000000 -2.540000
0.607862 0.000000 -2.466192
0.000000 0.000000 -2.540000
-0.000000 -0.000000 2.540000
-0.000000 -0.000000 2.540000
0.607862 -0.000000 2.466192
0.607862 -0.000000 2.466192
-0.000000 -0.000000 2.540000
0.607862 -0.000000 2.466192
0.607862 -0.000000 2.466192
0.607862 -0.000000 2.466192
1.180397 -0.000000 2.249058
1.180397 -0.000000 2.249058
0.607862 -0.000000 2.466192
1.180397 -0.000000 2.249058
1.180397 -0.000000 2.249058
1.180397 -0.000000 2.249058
1.684332 -0.000000 1.901217
1.684332 -0.000000 1.901217
1.180397 -0.000000 2.249058
1.684332 -0.000000 1.901217
1.684332 -0.000000 1.901217
1.684332 -0.000000 1.901217
2.090379 -0.000000 1.442884
2.090379 -0.000000 1.442884
1.684332 -0.000000 1.901217
2.090379 -0.000000 1.442884
2.090379 -0.000000 1.442884
2.090379 -0.000000 1.442884
2.374941 -0.000000 0.900696
2.374941 -0.000000 0.900696
2.090379 -0.000000 1.442884
2.374941 -0.000000 0.900696
2.374941 -0.000000 0.900696
2.374941 -0.000000 0.900696
2.521481 -0.000000 0.306163
2.521481 -0.000000 0.306163
2.374941 -0.000000 0.900696
2.521481 -0.000000 0.306163
2.521481 -0.000000 0.306163
2.521481 -0.000000 0.306163
2.521481 -0.000000 -0.306163
2.521481 -0.000000 -0.306163
2.521481 -0.000000 0.306163
2.521481 -0.000000 -0.306163
2.521481 -0.000000 -0.306163
2.521481 -0.000000 -0.306163
2.374941 -0.000000 -0.900696
2.374941 -0.000000 -0.900696
2.521481 -0.000000 -0.306163
2.374941 -0.000000 -0.900696
2.374941 -0.000000 -0.900696
2.374941 -0.000000 -0.900696
2.090379 0.000000 -1.442884
2.090379 0.000000 -1.442884
2.374941 -0.000000 -0.900696
2.090379 0.000000 -1.442884
2.090379 0.000000 -1.442884
2.090379 0.000000 -1.442884
1.684332 0.000000 -1.901217
1.684332 0.000000 -1.901217
2.090379 0.000000 -1.442884
1.684332 0.000000 -1.901217
1.684332 0.000000 -1.901217
1.684332 0.000000 -1.901217
1.180397 0.000000 -2.249058
1.180397 0.000000 -2.249058
1.684332 0.000000 -1.901217
1.180397 0.000000 -2.249058
1.180397 0.000000 -2.249058
1.180397 0.000000 -2.249058
0.607862 0.000000 -2.466192
0.607862 0.000000 -2.466192
1.180397 0.000000 -2.249058
0.607862 0.000000 -2.466192
0.607862 0.000000 -2.466192
0.607862 0.000000 -2.466192
0.000000 0.000000 -2.540000
0.000000 0.000000 -2.540000
0.607862 0.000000 -2.466192
0.000000 0.000000 -2.540000
-2.540000 0.000000 0.000000
-2.540000 0.000000 0.000000
-2.466192 0.000000 -0.607862
-2.466192 0.000000 -0.607862
-2.540000 0.000000 0.000000
-2.466192 0.000000 -0.607862
-2.466192 0.000000 -0.607862
-2.466192 0.000000 -0.607862
-2.249058 0.000000 -1.180397
-2.249058 0.000000 -1.180397
-2.466192 0.000000 -0.607862
-2.249058 0.000000 -1.180397
-2.249058 0.000000 -1.180397
-2.249058 0.000000 -1.180397
-1.901217 0.000000 -1.684332
-1.901217 0.000000 -1.684332
-2.249058 0.000000 -1.180397
-1.901217 0.000000 -1.684332
-1.901217 0.000000 -1.684332
-1.901217 0.000000 -1.684332
-1.442884 0.000000 -2.090379
-1.442884 0.000000 -2.090379
-1.901217 0.000000 -1.684332
-1.442884 0.000000 -2.090379
-1.442884 0.000000 -2.090379
-1.442884 0.000000 -2.090379
-0.900696 0.000000 -2.374941
-0.900696 0.000000 -2.374941
-1.442884 0.000000 -2.090379
-0.900696 0.000000 -2.374941
-0.900696 0.000000 -2.374941
-0.900696 0.000000 -2.374941
-0.306163 0.000000 -2.521481
-0.306163 0.000000 -2.521481
-0.900696 0.000000 -2.374941
-0.306163 0.000000 -2.521481
-0.306163 0.000000 -2.521481
-0.306163 0.000000 -2.521481
0.306163 -0.000000 -2.521481
0.306163 -0.000000 -2.521481
-0.306163 0.000000 -2.521481
0.306163 -0.000000 -2.521481
0.306163 -0.000000 -2.521481
0.306163 -0.000000 -2.521481
0.900696 -0.000000 -2.374941
0.900696 -0.000000 -2.374941
0.306163 -0.000000 -2.521481
0.900696 -0.000000 -2.374941
0.900696 -0.000000 -2.374941
0.900696 -0.000000 -2.374941
1.442884 -0.000000 -2.090379
1.442884 -0.000000 -2.090379
0.900696 -0.000000 -2.374941
1.442884 -0.000000 -2.090379
1.442884 -0.000000 -2.090379
1.442884 -0.000000 -2.090379
1.901217 -0.000000 -1.684332
1.901217 -0.000000 -1.684332
1.442884 -0.000000 -2.090379
1.901217 -0.000000 -1.684332
1.901217 -0.000000 -1.684332
1.901217 -0.000000 -1.684332
2.249058 -0.000000 -1.180397
2.249058 -0.000000 -1.180397
1.901217 -0.000000 -1.684332
2.249058 -0.000000 -1.180397
2.249058 -0.000000 -1.180397
2.249058 -0.000000 -1.180397
2.466192 -0.000000 -0.607862
2.466192 -0.000000 -0.607862
2.249058 -0.000000 -1.180397
2.466192 -0.000000 -0.607862
2.466192 -0.000000 -0.607862
2.466192 -0.000000 -0.607862
2.540000 -0.000000 -0.000000
2.540000 -0.000000 -0.000000
2.466192 -0.000000 -0.607862
2.540000 -0.000000 -0.000000
-2.540000 0.000000 0.000000
-2.540000 0.000000 0.000000
-2.466192 0.000000 -0.607862
-2.466192 0.000000 -0.607862
-2.540000 0.000000 0.000000
-2.466192 0.000000 -0.607862
-2.466192 0.000000 -0.607862
-2.466192 0.000000 -0.607862
-2.249058 0.000000 -1.180397
-2.249058 0.000000 -1.180397
-2.466192 0.000000 -0.607862
-2.249058 0.000000 -1.180397
-2.249058 0.000000 -1.180397
-2.249058 0.000000 -1.180397
-1.901217 0.000000 -1.684332
-1.901217 0.000000 -1.684332
-2.249058 0.000000 -1.180397
-1.901217 0.000000 -1.684332
-1.901217 0.000000 -1.684332
-1.901217 0.000000 -1.684332
-1.442884 0.000000 -2.090379
-1.442884 0.000000 -2.090379
-1.901217 0.000000 -1.684332
-1.442884 0.000000 -2.090379
-1.442884 0.000000 -2.090379
-1.442884 0.000000 -2.090379
-0.900696 0.000000 -2.374941
-0.900696 0.000000 -2.374941
-1.442884 0.000000 -2.090379
-0.900696 0.000000 -2.374941
-0.900696 0.000000 -2.374941
-0.900696 0.000000 -2.374941
-0.306163 0.000000 -2.521481
-0.306163 0.000000 -2.521481
-0.900696 0.000000 -2.374941
-0.306163 0.000000 -2.521481
-0.306163 0.000000 -2.521481
-0.306163 0.000000 -2.521481
0.306163 -0.000000 -2.521481
0.306163 -0.000000 -2.521481
-0.306163 0.000000 -2.521481
0.306163 -0.000000 -2.521481
0.306163 -0.000000 -2.521481
0.306163 -0.000000 -2.521481
0.900696 -0.000000 -2.374941
0.900696 -0.000000 -2.374941
0.306163 -0.000000 -2.521481
0.900696 -0.000000 -2.374941
0.900696 -0.000000 -2.374941
0.900696 -0.000000 -2.374941
1.442884 -0.000000 -2.090379
1.442884 -0.000000 -2.090379
0.900696 -0.000000 -2.374941
1.442884 -0.000000 -2.090379
1.442884 -0.000000 -2.090379
1.442884 -0.000000 -2.090379
1.901217 -0.000000 -1.684332
1.901217 -0.000000 -1.684332
1.442884 -0.000000 -2.090379
1.901217 -0.000000 -1.684332
1.901217 -0.000000 -1.684332
1.901217 -0.000000 -1.684332
2.249058 -0.000000 -1.180397
2.249058 -0.000000 -1.180397
1.901217 -0.000000 -1.684332
2.249058 -0.000000 -1.180397
2.249058 -0.000000 -1.180397
2.249058 -0.000000 -1.180397
2.466192 -0.000000 -0.607862
2.466192 -0.000000 -0.607862
2.249058 -0.000000 -1.180397
2.466192 -0.000000 -0.607862
2.466192 -0.000000 -0.607862
2.466192 -0.000000 -0.607862
2.540000 -0.000000 -0.000000
2.540000 -0.000000 -0.000000
2.466192 -0.000000 -0.607862
2.540000 -0.000000 -0.000000
-0.000000 -0.000000 -2.540000
-0.000000 -0.000000 -2.540000
0.607862 -0.000000 -2.466192
0.607862 -0.000000 -2.466192
-0.000000 -0.000000 -2.540000
0.607862 -0.000000 -2.466192
0.607862 -0.000000 -2.466192
0.607862 -0.000000 -2.466192
1.180397 -0.000000 -2.249058
1.180397 -0.000000 -2.249058
0.607862 -0.000000 -2.466192
1.180397 -0.000000 -2.249058
1.180397 -0.000000 -2.249058
1.180397 -0.000000 -2.249058
1.684332 -0.000000 -1.901217
1.684332 -0.000000 -1.901217
1.180397 -0.000000 -2.249058
1.684332 -0.000000 -1.901217
1.684332 -0.000000 -1.901217
1.684332 -0.000000 -1.901217
2.090379 -0.000000 -1.442884
2.090379 -0.000000 -1.442884
1.684332 -0.000000 -1.901217
2.090379 -0.000000 -1.442884
2.090379 -0.000000 -1.442884
2.090379 -0.000000 -1.442884
2.374941 0.000000 -0.900696
2.374941 0.000000 -0.900696
2.090379 -0.000000 -1.442884
2.374941 0.000000 -0.900696
2.374941 0.000000 -0.900696
2.374941 0.000000 -0.900696
2.521481 0.000000 -0.306163
2.521481 0.000000 -0.306163
2.374941 0.000000 -0.900696
2.521481 0.000000 -0.306163
2.521481 0.000000 -0.306163
2.521481 0.000000 -0.306163
2.521481 0.000000 0.306163
2.521481 0.000000 0.306163
2.521481 0.000000 -0.306163
2.521481 0.000000 0.306163
2.521481 0.000000 0.306163
2.521481 0.000000 0.306163
2.374941 0.000000 0.900696
2.374941 0.000000 0.900696
2.521481 0.000000 0.306163
2.374941 0.000000 0.900696
2.374941 0.000000 0.900696
2.374941 0.000000 0.900696
2.090379 0.000000 1.442884
2.090379 0.000000 1.442884
2.374941 0.000000 0.900696
2.090379 0.000000 1.442884
2.090379 0.000000 1.442884
2.090379 0.000000 1.442884
1.684332 0.000000 1.901217
1.684332 0.000000 1.901217
2.090379 0.000000 1.442884
1.684332 0.000000 1.901217
1.684332 0.000000 1.901217
1.684332 0.000000 1.901217
1.180397 0.000000 2.249058
1.180397 0.000000 2.249058
1.684332 0.000000 1.901217
1.180397 0.000000 2.249058
1.180397 0.000000 2.249058
1.180397 0.000000 2.249058
0.607862 0.000000 2.466192
0.607862 0.000000 2.466192
1.180397 0.000000 2.249058
0.607862 0.000000 2.466192
0.607862 0.000000 2.466192
0.607862 0.000000 2.466192
0.000000 0.000000 2.540000
0.000000 0.000000 2.540000
0.607862 0.000000 2.466192
0.000000 0.000000 2.540000
-0.000000 -0.000000 -2.540000
-0.000000 -0.000000 -2.540000
0.607862 -0.000000 -2.466192
0.607862 -0.000000 -2.466192
-0.000000 -0.000000 -2.540000
0.607862 -0.000000 -2.466192
0.607862 -0.000000 -2.466192
0.607862 -0.000000 -2.466192
1.180397 -0.000000 -2.249058
1.180397 -0.000000 -2.249058
0.607862 -0.000000 -2.466192
1.180397 -0.000000 -2.249058
1.180397 -0.000000 -2.249058
1.180397 -0.000000 -2.249058
1.684332 -0.000000 -1.901217
1.684332 -0.000000 -1.901217
1.180397 -0.000000 -2.249058
1.684332 -0.000000 -1.901217
1.684332 -0.000000 -1.901217
1.684332 -0.000000 -1.901217
2.090379 -0.000000 -1.442884
2.090379 -0.000000 -1.442884
1.684332 -0.000000 -1.901217
2.090379 -0.000000 -1.442884
2.090379 -0.000000 -1.442884
2.090379 -0.000000 -1.442884
2.374941 0.000000 -0.900696
2.374941 0.000000 -0.900696
2.090379 -0.000000 -1.442884
2.374941 0.000000 -0.900696
2.374941 0.000000 -0.900696
2.374941 0.000000 -0.900696
2.521481 0.000000 -0.306163
2.521481 0.000000 -0.306163
2.374941 0.000000 -0.900696
2.521481 0.000000 -0.306163
2.521481 0.000000 -0.306163
2.521481 0.000000 -0.306163
2.521481 0.000000 0.306163
2.521481 0.000000 0.306163
2.521481 0.000000 -0.306163
2.521481 0.000000 0.306163
2.521481 0.000000 0.306163
2.521481 0.000000 0.306163
2.374941 0.000000 0.900696
2.374941 0.000000 0.900696
2.521481 0.000000 0.306163
2.374941 0.000000 0.900696
2.374941 0.000000 0.900696
2.374941 0.000000 0.900696
2.090379 0.000000 1.442884
2.090379 0.000000 1.442884
2.374941 0.000000 0.900696
2.090379 0.000000 1.442884
2.090379 0.000000 1.442884
2.090379 0.000000 1.442884
1.684332 0.000000 1.901217
1.684332 0.000000 1.901217
2.090379 0.000000 1.442884
1.684332 0.000000 1.901217
1.684332 0.000000 1.901217
1.684332 0.000000 1.901217
1.180397 0.000000 2.249058
1.180397 0.000000 2.249058
1.684332 0.000000 1.901217
1.180397 0.000000 2.249058
1.180397 0.000000 2.249058
1.180397 0.000000 2.249058
0.607862 0.000000 2.466192
0.607862 0.000000 2.466192
1.180397 0.000000 2.249058
0.607862 0.000000 2.466192
0.607862 0.000000 2.466192
0.607862 0.000000 2.466192
0.000000 0.000000 2.540000
0.000000 0.000000 2.540000
0.607862 0.000000 2.466192
0.000000 0.000000 2.540000
2.540000 0.000000 0.000000
2.540000 0.000000 0.000000
2.466192 0.000000 -0.607862
2.466192 0.000000 -0.607862
2.540000 0.000000 0.000000
2.466192 0.000000 -0.607862
2.466192 0.000000 -0.607862
2.466192 0.000000 -0.607862
2.249058 0.000000 -1.180397
2.249058 0.000000 -1.180397
2.466192 0.000000 -0.607862
2.249058 0.000000 -1.180397
2.249058 0.000000 -1.180397
2.249058 0.000000 -1.180397
1.901217 0.000000 -1.684332
1.901217 0.000000 -1.684332
2.249058 0.000000 -1.180397
1.901217 0.000000 -1.684332
1.901217 0.000000 -1.684332
1.901217 0.000000 -1.684332
1.442884 0.000000 -2.090379
1.442884 0.000000 -2.090379
1.901217 0.000000 -1.684332
1.442884 0.000000 -2.090379
1.442884 0.000000 -2.090379
1.442884 0.000000 -2.090379
0.900696 0.000000 -2.374941
0.900696 0.000000 -2.374941
1.442884 0.000000 -2.090379
0.900696 0.000000 -2.374941
0.900696 0.000000 -2.374941
0.900696 0.000000 -2.374941
0.306163 0.000000 -2.521481
0.306163 0.000000 -2.521481
0.900696 0.000000 -2.374941
0.306163 0.000000 -2.521481
0.306163 0.000000 -2.521481
0.306163 0.000000 -2.521481
-0.306163 -0.000000 -2.521481
-0.306163 -0.000000 -2.521481
0.306163 0.000000 -2.521481
-0.306163 -0.000000 -2.521481
-0.306163 -0.000000 -2.521481
-0.306163 -0.000000 -2.521481
-0.900696 -0.000000 -2.374941
-0.900696 -0.000000 -2.374941
-0.306163 -0.000000 -2.521481
-0.900696 -0.000000 -2.374941
-0.900696 -0.000000 -2.374941
-0.900696 -0.000000 -2.374941
-1.442884 -0.000000 -2.090379
-1.442884 -0.000000 -2.090379
-0.900696 -0.000000 -2.374941
-1.442884 -0.000000 -2.090379
-1.442884 -0.000000 -2.090379
-1.442884 -0.000000 -2.090379
-1.901217 -0.000000 -1.684332
-1.901217 -0.000000 -1.684332
-1.442884 -0.000000 -2.090379
-1.901217 -0.000000 -1.684332
-1.901217 -0.000000 -1.684332
-1.901217 -0.000000 -1.684332
-2.249058 -0.000000 -1.180397
-2.249058 -0.000000 -1.180397
-1.901217 -0.000000 -1.684332
-2.249058 -0.000000 -1.180397
-2.249058 -0.000000 -1.180397
-2.249058 -0.000000 -1.180397
-2.466192 -0.000000 -0.607862
-2.466192 -0.000000 -0.607862
-2.249058 -0.000000 -1.180397
-2.466192 -0.000000 -0.607862
-2.466192 -0.000000 -0.607862
-2.466192 -0.000000 -0.607862
-2.540000 -0.000000 -0.000000
-2.540000 -0.000000 -0.000000
-2.466192 -0.000000 -0.607862
-2.540000 -0.000000 -0.000000
2.540000 0.000000 0.000000
2.540000 0.000000 0.000000
2.466192 0.000000 -0.607862
2.466192 0.000000 -0.607862
2.540000 0.000000 0.000000
2.466192 0.000000 -0.607862
2.466192 0.000000 -0.607862
2.466192 0.000000 -0.607862
2.249058 0.000000 -1.180397
2.249058 0.000000 -1.180397
2.466192 0.000000 -0.607862
2.249058 0.000000 -1.180397
2.249058 0.000000 -1.180397
2.249058 0.000000 -1.180397
1.901217 0.000000 -1.684332
1.901217 0.000000 -1.684332
2.249058 0.000000 -1.180397
1.901217 0.000000 -1.684332
1.901217 0.000000 -1.684332
1.901217 0.000000 -1.684332
1.442884 0.000000 -2.090379
1.442884 0.000000 -2.090379
1.901217 0.000000 -1.684332
1.442884 0.000000 -2.090379
1.442884 0.000000 -2.090379
1.442884 0.000000 -2.090379
0.900696 0.000000 -2.374941
0.900696 0.000000 -2.374941
1.442884 0.000000 -2.090379
0.900696 0.000000 -2.374941
0.900696 0.000000 -2.374941
0.900696 0.000000 -2.374941
0.306163 0.000000 -2.521481
0.306163 0.000000 -2.521481
0.900696 0.000000 -2.374941
0.306163 0.000000 -2.521481
0.306163 0.000000 -2.521481
0.306163 0.000000 -2.521481
-0.306163 -0.000000 -2.521481
-0.306163 -0.000000 -2.521481
0.306163 0.000000 -2.521481
-0.306163 -0.000000 -2.521481
-0.306163 -0.000000 -2.521481
-0.306163 -0.000000 -2.521481
-0.900696 -0.000000 -2.374941
-0.900696 -0.000000 -2.374941
-0.306163 -0.000000 -2.521481
-0.900696 -0.000000 -2.374941
-0.900696 -0.000000 -2.374941
-0.900696 -0.000000 -2.374941
-1.442884 -0.000000 -2.090379
-1.442884 -0.000000 -2.090379
-0.900696 -0.000000 -2.374941
-1.442884 -0.000000 -2.090379
-1.442884 -0.000000 -2.090379
-1.442884 -0.000000 -2.090379
-1.901217 -0.000000 -1.684332
-1.901217 -0.000000 -1.684332
-1.442884 -0.000000 -2.090379
-1.901217 -0.000000 -1.684332
-1.901217 -0.000000 -1.684332
-1.901217 -0.000000 -1.684332
-2.249058 -0.000000 -1.180397
-2.249058 -0.000000 -1.180397
-1.901217 -0.000000 -1.684332
-2.249058 -0.000000 -1.180397
-2.249058 -0.000000 -1.180397
-2.249058 -0.000000 -1.180397
-2.466192 -0.000000 -0.607862
-2.466192 -0.000000 -0.607862
-2.249058 -0.000000 -1.180397
-2.466192 -0.000000 -0.607862
-2.466192 -0.000000 -0.607862
-2.466192 -0.000000 -0.607862
-2.540000 -0.000000 -0.000000
-2.540000 -0.000000 -0.000000
-2.466192 -0.000000 -0.607862
-2.540000 -0.000000 -0.000000
0.000000 -2.540000 0.000000
0.000000 -2.540000 0.000000
0.000000 -2.466192 -0.607862
0.000000 -2.466192 -0.607862
0.000000 -2.540000 0.000000
0.000000 -2.466192 -0.607862
0.000000 -2.466192 -0.607862
0.000000 -2.466192 -0.607862
0.000000 -2.249058 -1.180397
0.000000 -2.249058 -1.180397
0.000000 -2.466192 -0.607862
0.000000 -2.249058 -1.180397
0.000000 -2.249058 -1.180397
0.000000 -2.249058 -1.180397
0.000000 -1.901217 -1.684332
0.000000 -1.901217 -1.684332
0.000000 -2.249058 -1.180397
0.000000 -1.901217 -1.684332
0.000000 -1.901217 -1.684332
0.000000 -1.901217 -1.684332
0.000000 -1.442884 -2.090379
0.000000 -1.442884 -2.090379
0.000000 -1.901217 -1.684332
0.000000 -1.442884 -2.090379
0.000000 -1.442884 -2.090379
0.000000 -1.442884 -2.090379
0.000000 -0.900696 -2.374941
0.000000 -0.900696 -2.374941
0.000000 -1.442884 -2.090379
0.000000 -0.900696 -2.374941
0.000000 -0.900696 -2.374941
0.000000 -0.900696 -2.374941
0.000000 -0.306163 -2.521481
0.000000 -0.306163 -2.521481
0.000000 -0.900696 -2.374941
0.000000 -0.306163 -2.521481
0.000000 -0.306163 -2.521481
0.000000 -0.306163 -2.521481
-0.000000 0.306163 -2.521481
-0.000000 0.306163 -2.521481
0.000000 -0.306163 -2.521481
-0.000000 0.306163 -2.521481
-0.000000 0.306163 -2.521481
-0.000000 0.306163 -2.521481
-0.000000 0.900696 -2.374941
-0.000000 0.900696 -2.374941
-0.000000 0.306163 -2.521481
-0.000000 0.900696 -2.374941
-0.000000 0.900696 -2.374941
-0.000000 0.900696 -2.374941
-0.000000 1.442884 -2.090379
-0.000000 1.442884 -2.090379
-0.000000 0.900696 -2.374941
-0.000000 1.442884 -2.090379
-0.000000 1.442884 -2.090379
-0.000000 1.442884 -2.090379
-0.000000 1.901217 -1.684332
-0.000000 1.901217 -1.684332
-0.000000 1.442884 -2.090379
-0.000000 1.901217 -1.684332
-0.000000 1.901217 -1.684332
-0.000000 1.901217 -1.684332
-0.000000 2.249058 -1.180397
-0.000000 2.249058 -1.180397
-0.000000 1.901217 -1.684332
-0.000000 2.249058 -1.180397
-0.000000 2.249058 -1.180397
-0.000000 2.249058 -1.180397
-0.000000 2.466192 -0.607862
-0.000000 2.466192 -0.607862
-0.000000 2.249058 -1.180397
-0.000000 2.466192 -0.607862
-0.000000 2.466192 -0.607862
-0.000000 2.466192 -0.607862
-0.000000 2.540000 -0.000000
-0.000000 2.540000 -0.000000
-0.000000 2.466192 -0.607862
-0.000000 2.540000 -0.000000
0.000000 -2.540000 0.000000
0.000000 -2.540000 0.000000
0.000000 -2.466192 -0.607862
0.000000 -2.466192 -0.607862
0.000000 -2.540000 0.000000
0.000000 -2.466192 -0.607862
0.000000 -2.466192 -0.607862
0.000000 -2.466192 -0.607862
0.000000 -2.249058 -1.180397
0.000000 -2.249058 -1.180397
0.000000 -2.466192 -0.607862
0.000000 -2.249058 -1.180397
0.000000 -2.249058 -1.180397
0.000000 -2.249058 -1.180397
0.000000 -1.901217 -1.684332
0.000000 -1.901217 -1.684332
0.000000 -2.249058 -1.180397
0.000000 -1.901217 -1.684332
0.000000 -1.901217 -1.684332
0.000000 -1.901217 -1.684332
0.000000 -1.442884 -2.090379
0.000000 -1.442884 -2.090379
0.000000 -1.901217 -1.684332
0.000000 -1.442884 -2.090379
0.000000 -1.442884 -2.090379
0.000000 -1.442884 -2.090379
0.000000 -0.900696 -2.374941
0.000000 -0.900696 -2.374941
0.000000 -1.442884 -2.090379
0.000000 -0.900696 -2.374941
0.000000 -0.900696 -2.374941
0.000000 -0.900696 -2.374941
0.000000 -0.306163 -2.521481
0.000000 -0.306163 -2.521481
0.000000 -0.900696 -2.374941
0.000000 -0.306163 -2.521481
0.000000 -0.306163 -2.521481
0.000000 -0.306163 -2.521481
-0.000000 0.306163 -2.521481
-0.000000 0.306163 -2.521481
0.000000 -0.306163 -2.521481
-0.000000 0.306163 -2.521481
-0.000000 0.306163 -2.521481
-0.000000 0.306163 -2.521481
-0.000000 0.900696 -2.374941
-0.000000 0.900696 -2.374941
-0.000000 0.306163 -2.521481
-0.000000 0.900696 -2.374941
-0.000000 0.900696 -2.374941
-0.000000 0.900696 -2.374941
-0.000000 1.442884 -2.090379
-0.000000 1.442884 -2.090379
-0.000000 0.900696 -2.374941
-0.000000 1.442884 -2.090379
-0.000000 1.442884 -2.090379
-0.000000 1.442884 -2.090379
-0.000000 1.901217 -1.684332
-0.000000 1.901217 -1.684332
-0.000000 1.442884 -2.090379
-0.000000 1.901217 -1.684332
-0.000000 1.901217 -1.684332
-0.000000 1.901217 -1.684332
-0.000000 2.249058 -1.180397
-0.000000 2.249058 -1.180397
-0.000000 1.901217 -1.684332
-0.000000 2.249058 -1.180397
-0.000000 2.249058 -1.180397
-0.000000 2.249058 -1.180397
-0.000000 2.466192 -0.607862
-0.000000 2.466192 -0.607862
-0.000000 2.249058 -1.180397
-0.000000 2.466192 -0.607862
-0.000000 2.466192 -0.607862
-0.000000 2.466192 -0.607862
-0.000000 2.540000 -0.000000
-0.000000 2.540000 -0.000000
-0.000000 2.466192 -0.607862
-0.000000 2.540000 -0.000000
0.000000 -2.540000 0.000000
0.000000 -2.540000 0.000000
0.000000 -2.466192 -0.607862
0.000000 -2.466192 -0.607862
0.000000 -2.540000 0.000000
0.000000 -2.466192 -0.607862
0.000000 -2.466192 -0.607862
0.000000 -2.466192 -0.607862
0.000000 -2.249058 -1.180397
0.000000 -2.249058 -1.180397
0.000000 -2.466192 -0.607862
0.000000 -2.249058 -1.180397
0.000000 -2.249058 -1.180397
0.000000 -2.249058 -1.180397
0.000000 -1.901217 -1.684332
0.000000 -1.901217 -1.684332
0.000000 -2.249058 -1.180397
0.000000 -1.901217 -1.684332
0.000000 -1.901217 -1.684332
0.000000 -1.901217 -1.684332
0.000000 -1.442884 -2.090379
0.000000 -1.442884 -2.090379
0.000000 -1.901217 -1.684332
0.000000 -1.442884 -2.090379
0.000000 -1.442884 -2.090379
0.000000 -1.442884 -2.090379
0.000000 -0.900696 -2.374941
0.000000 -0.900696 -2.374941
0.000000 -1.442884 -2.090379
0.000000 -0.900696 -2.374941
0.000000 -0.900696 -2.374941
0.000000 -0.900696 -2.374941
0.000000 -0.306163 -2.521481
0.000000 -0.306163 -2.521481
0.000000 -0.900696 -2.374941
0.000000 -0.306163 -2.521481
0.000000 -0.306163 -2.521481
0.000000 -0.306163 -2.521481
-0.000000 0.306163 -2.521481
-0.000000 0.306163 -2.521481
0.000000 -0.306163 -2.521481
-0.000000 0.306163 -2.521481
-0.000000 0.306163 -2.521481
-0.000000 0.306163 -2.521481
-0.000000 0.900696 -2.374941
-0.000000 0.900696 -2.374941
-0.000000 0.306163 -2.521481
-0.000000 0.900696 -2.374941
-0.000000 0.900696 -2.374941
-0.000000 0.900696 -2.374941
-0.000000 1.442884 -2.090379
-0.000000 1.442884 -2.090379
-0.000000 0.900696 -2.374941
-0.000000 1.442884 -2.090379
-0.000000 1.442884 -2.090379
-0.000000 1.442884 -2.090379
-0.000000 1.901217 -1.684332
-0.000000 1.901217 -1.684332
-0.000000 1.442884 -2.090379
-0.000000 1.901217 -1.684332
-0.000000 1.901217 -1.684332
-0.000000 1.901217 -1.684332
-0.000000 2.249058 -1.180397
-0.000000 2.249058 -1.180397
-0.000000 1.901217 -1.684332
-0.000000 2.249058 -1.180397
-0.000000 2.249058 -1.180397
-0.000000 2.249058 -1.180397
-0.000000 2.466192 -0.607862
-0.000000 2.466192 -0.607862
-0.000000 2.249058 -1.180397
-0.000000 2.466192 -0.607862
-0.000000 2.466192 -0.607862
-0.000000 2.466192 -0.607862
-0.000000 2.540000 -0.000000
-0.000000 2.540000 -0.000000
-0.000000 2.466192 -0.607862
-0.000000 2.540000 -0.000000
0.000000 -2.540000 0.000000
0.000000 -2.540000 0.000000
0.000000 -2.466192 -0.607862
0.000000 -2.466192 -0.607862
0.000000 -2.540000 0.000000
0.000000 -2.466192 -0.607862
0.000000 -2.466192 -0.607862
0.000000 -2.466192 -0.607862
0.000000 -2.249058 -1.180397
0.000000 -2.249058 -1.180397
0.000000 -2.466192 -0.607862
0.000000 -2.249058 -1.180397
0.000000 -2.249058 -1.180397
0.000000 -2.249058 -1.180397
0.000000 -1.901217 -1.684332
0.000000 -1.901217 -1.684332
0.000000 -2.249058 -1.180397
0.000000 -1.901217 -1.684332
0.000000 -1.901217 -1.684332
0.000000 -1.901217 -1.684332
0.000000 -1.442884 -2.090379
0.000000 -1.442884 -2.090379
0.000000 -1.901217 -1.684332
0.000000 -1.442884 -2.090379
0.000000 -1.442884 -2.090379
0.000000 -1.442884 -2.090379
0.000000 -0.900696 -2.374941
0.000000 -0.900696 -2.374941
0.000000 -1.442884 -2.090379
0.000000 -0.900696 -2.374941
0.000000 -0.900696 -2.374941
0.000000 -0.900696 -2.374941
0.000000 -0.306163 -2.521481
0.000000 -0.306163 -2.521481
0.000000 -0.900696 -2.374941
0.000000 -0.306163 -2.521481
0.000000 -0.306163 -2.521481
0.000000 -0.306163 -2.521481
-0.000000 0.306163 -2.521481
-0.000000 0.306163 -2.521481
0.000000 -0.306163 -2.521481
-0.000000 0.306163 -2.521481
-0.000000 0.306163 -2.521481
-0.000000 0.306163 -2.521481
-0.000000 0.900696 -2.374941
-0.000000 0.900696 -2.374941
-0.000000 0.306163 -2.521481
-0.000000 0.900696 -2.374941
-0.000000 0.900696 -2.374941
-0.000000 0.900696 -2.374941
-0.000000 1.442884 -2.090379
-0.000000 1.442884 -2.090379
-0.000000 0.900696 -2.374941
-0.000000 1.442884 -2.090379
-0.000000 1.442884 -2.090379
-0.000000 1.442884 -2.090379
-0.000000 1.901217 -1.684332
-0.000000 1.901217 -1.684332
-0.000000 1.442884 -2.090379
-0.000000 1.901217 -1.684332
-0.000000 1.901217 -1.684332
-0.000000 1.901217 -1.684332
-0.000000 2.249058 -1.180397
-0.000000 2.249058 -1.180397
-0.000000 1.901217 -1.684332
-0.000000 2.249058 -1.180397
-0.000000 2.249058 -1.180397
-0.000000 2.249058 -1.180397
-0.000000 2.466192 -0.607862
-0.000000 2.466192 -0.607862
-0.000000 2.249058 -1.180397
-0.000000 2.466192 -0.607862
-0.000000 2.466192 -0.607862
-0.000000 2.466192 -0.607862
-0.000000 2.540000 -0.000000
-0.000000 2.540000 -0.000000
-0.000000 2.466192 -0.607862
-0.000000 2.540000 -0.000000
0.000000 -2.540000 0.000000
0.000000 -2.540000 0.000000
0.000000 -2.466192 -0.607862
0.000000 -2.466192 -0.607862
0.000000 -2.540000 0.000000
0.000000 -2.466192 -0.607862
0.000000 -2.466192 -0.607862
0.000000 -2.466192 -0.607862
0.000000 -2.249058 -1.180397
0.000000 -2.249058 -1.180397
0.000000 -2.466192 -0.607862
0.000000 -2.249058 -1.180397
0.000000 -2.249058 -1.180397
0.000000 -2.249058 -1.180397
0.000000 -1.901217 -1.684332
0.000000 -1.901217 -1.684332
0.000000 -2.249058 -1.180397
0.000000 -1.901217 -1.684332
0.000000 -1.901217 -1.684332
0.000000 -1.901217 -1.684332
0.000000 -1.442884 -2.090379
0.000000 -1.442884 -2.090379
0.000000 -1.901217 -1.684332
0.000000 -1.442884 -2.090379
0.000000 -1.442884 -2.090379
0.000000 -1.442884 -2.090379
0.000000 -0.900696 -2.374941
0.000000 -0.900696 -2.374941
0.000000 -1.442884 -2.090379
0.000000 -0.900696 -2.374941
0.000000 -0.900696 -2.374941
0.000000 -0.900696 -2.374941
0.000000 -0.306163 -2.521481
0.000000 -0.306163 -2.521481
0.000000 -0.900696 -2.374941
0.000000 -0.306163 -2.521481
0.000000 -0.306163 -2.521481
0.000000 -0.306163 -2.521481
-0.000000 0.306163 -2.521481
-0.000000 0.306163 -2.521481
0.000000 -0.306163 -2.521481
-0.000000 0.306163 -2.521481
-0.000000 0.306163 -2.521481
-0.000000 0.306163 -2.521481
-0.000000 0.900696 -2.374941
-0.000000 0.900696 -2.374941
-0.000000 0.306163 -2.521481
-0.000000 0.900696 -2.374941
-0.000000 0.900696 -2.374941
-0.000000 0.900696 -2.374941
-0.000000 1.442884 -2.090379
-0.000000 1.442884 -2.090379
-0.000000 0.900696 -2.374941
-0.000000 1.442884 -2.090379
-0.000000 1.442884 -2.090379
-0.000000 1.442884 -2.090379
-0.000000 1.901217 -1.684332
-0.000000 1.901217 -1.684332
-0.000000 1.442884 -2.090379
-0.000000 1.901217 -1.684332
-0.000000 1.901217 -1.684332
-0.000000 1.901217 -1.684332
-0.000000 2.249058 -1.180397
-0.000000 2.249058 -1.180397
-0.000000 1.901217 -1.684332
-0.000000 2.249058 -1.180397
-0.000000 2.249058 -1.180397
-0.000000 2.249058 -1.180397
-0.000000 2.466192 -0.607862
-0.000000 2.466192 -0.607862
-0.000000 2.249058 -1.180397
-0.000000 2.466192 -0.607862
-0.000000 2.466192 -0.607862
-0.000000 2.466192 -0.607862
-0.000000 2.540000 -0.000000
-0.000000 2.540000 -0.000000
-0.000000 2.466192 -0.607862
-0.000000 2.540000 -0.000000
0.000000 -2.540000 0.000000
0.000000 -2.540000 0.000000
0.000000 -2.466192 -0.607862
0.000000 -2.466192 -0.607862
0.000000 -2.540000 0.000000
0.000000 -2.466192 -0.607862
0.000000 -2.466192 -0.607862
0.000000 -2.466192 -0.607862
0.000000 -2.249058 -1.180397
0.000000 -2.249058 -1.180397
0.000000 -2.466192 -0.607862
0.000000 -2.249058 -1.180397
0.000000 -2.249058 -1.180397
0.000000 -2.249058 -1.180397
0.000000 -1.901217 -1.684332
0.000000 -1.901217 -1.684332
0.000000 -2.249058 -1.180397
0.000000 -1.901217 -1.684332
0.000000 -1.901217 -1.684332
0.000000 -1.901217 -1.684332
0.000000 -1.442884 -2.090379
0.000000 -1.442884 -2.090379
0.000000 -1.901217 -1.684332
0.000000 -1.442884 -2.090379
0.000000 -1.442884 -2.090379
0.000000 -1.442884 -2.090379
0.000000 -0.900696 -2.374941
0.000000 -0.900696 -2.374941
0.000000 -1.442884 -2.090379
0.000000 -0.900696 -2.374941
0.000000 -0.900696 -2.374941
0.000000 -0.900696 -2.374941
0.000000 -0.306163 -2.521481
0.000000 -0.306163 -2.521481
0.000000 -0.900696 -2.374941
0.000000 -0.306163 -2.521481
0.000000 -0.306163 -2.521481
0.000000 -0.306163 -2.521481
-0.000000 0.306163 -2.521481
-0.000000 0.306163 -2.521481
0.000000 -0.306163 -2.521481
-0.000000 0.306163 -2.521481
-0.000000 0.306163 -2.521481
-0.000000 0.306163 -2.521481
-0.000000 0.900696 -2.374941
-0.000000 0.900696 -2.374941
-0.000000 0.306163 -2.521481
-0.000000 0.900696 -2.374941
-0.000000 0.900696 -2.374941
-0.000000 0.900696 -2.374941
-0.000000 1.442884 -2.090379
-0.000000 1.442884 -2.090379
-0.000000 0.900696 -2.374941
-0.000000 1.442884 -2.090379
-0.000000 1.442884 -2.090379
-0.000000 1.442884 -2.090379
-0.000000 1.901217 -1.684332
-0.000000 1.901217 -1.684332
-0.000000 1.442884 -2.090379
-0.000000 1.901217 -1.684332
-0.000000 1.901217 -1.684332
-0.000000 1.901217 -1.684332
-0.000000 2.249058 -1.180397
-0.000000 2.249058 -1.180397
-0.000000 1.901217 -1.684332
-0.000000 2.249058 -1.180397
-0.000000 2.249058 -1.180397
-0.000000 2.249058 -1.180397
-0.000000 2.466192 -0.607862
-0.000000 2.466192 -0.607862
-0.000000 2.249058 -1.180397
-0.000000 2.466192 -0.607862
-0.000000 2.466192 -0.607862
-0.000000 2.466192 -0.607862
-0.000000 2.540000 -0.000000
-0.000000 2.540000 -0.000000
-0.000000 2.466192 -0.607862
-0.000000 2.540000 -0.000000
0.000000 -0.000000 2.540000
0.000000 -0.000000 2.540000
0.607862 -0.000000 2.466192
0.607862 -0.000000 2.466192
0.000000 -0.000000 2.540000
0.607862 -0.000000 2.466192
0.607862 -0.000000 2.466192
0.607862 -0.000000 2.466192
1.180397 -0.000000 2.249058
1.180397 -0.000000 2.249058
0.607862 -0.000000 2.466192
1.180397 -0.000000 2.249058
1.180397 -0.000000 2.249058
1.180397 -0.000000 2.249058
1.684332 -0.000000 1.901217
1.684332 -0.000000 1.901217
1.180397 -0.000000 2.249058
1.684332 -0.000000 1.901217
1.684332 -0.000000 1.901217
1.684332 -0.000000 1.901217
2.090379 -0.000000 1.442884
2.090379 -0.000000 1.442884
1.684332 -0.000000 1.901217
2.090379 -0.000000 1.442884
2.090379 -0.000000 1.442884
2.090379 -0.000000 1.442884
2.374941 0.000000 0.900696
2.374941 0.000000 0.900696
2.090379 -0.000000 1.442884
2.374941 0.000000 0.900696
2.374941 0.000000 0.900696
2.374941 0.000000 0.900696
2.521481 0.000000 0.306163
2.521481 0.000000 0.306163
2.374941 0.000000 0.900696
2.521481 0.000000 0.306163
2.521481 0.000000 0.306163
2.521481 0.000000 0.306163
2.521481 0.000000 -0.306163
2.521481 0.000000 -0.306163
2.521481 0.000000 0.306163
2.521481 0.000000 -0.306163
2.521481 0.000000 -0.306163
2.521481 0.000000 -0.306163
2.374941 0.000000 -0.900696
2.374941 0.000000 -0.900696
2.521481 0.000000 -0.306163
2.374941 0.000000 -0.900696
2.374941 0.000000 -0.900696
2.374941 0.000000 -0.900696
2.090379 0.000000 -1.442884
2.090379 0.000000 -1.442884
2.374941 0.000000 -0.900696
2.090379 0.000000 -1.442884
2.090379 0.000000 -1.442884
2.090379 0.000000 -1.442884
1.684332 0.000000 -1.901217
1.684332 0.000000 -1.901217
2.090379 0.000000 -1.442884
1.684332 0.000000 -1.901217
1.684332 0.000000 -1.901217
1.684332 0.000000 -1.901217
1.180397 0.000000 -2.249058
1.180397 0.000000 -2.249058
1.684332 0.000000 -1.901217
1.180397 0.000000 -2.249058
1.180397 0.000000 -2.249058
1.180397 0.000000 -2.249058
0.607862 0.000000 -2.466192
0.607862 0.000000 -2.466192
1.180397 0.000000 -2.249058
0.607862 0.000000 -2.466192
0.607862 0.000000 -2.466192
0.607862 0.000000 -2.466192
0.000000 0.000000 -2.540000
0.000000 0.000000 -2.540000
0.607862 0.000000 -2.466192
0.000000 0.000000 -2.540000
0.000000 -0.000000 2.540000
0.000000 -0.000000 2.540000
0.607862 -0.000000 2.466192
0.607862 -0.000000 2.466192
0.000000 -0.000000 2.540000
0.607862 -0.000000 2.466192
0.607862 -0.000000 2.466192
0.607862 -0.000000 2.466192
1.180397 -0.000000 2.249058
1.180397 -0.000000 2.249058
0.607862 -0.000000 2.466192
1.180397 -0.000000 2.249058
1.180397 -0.000000 2.249058
1.180397 -0.000000 2.249058
1.684332 -0.000000 1.901217
1.684332 -0.000000 1.901217
1.180397 -0.000000 2.249058
1.684332 -0.000000 1.901217
1.684332 -0.000000 1.901217
1.684332 -0.000000 1.901217
2.090379 -0.000000 1.442884
2.090379 -0.000000 1.442884
1.684332 -0.000000 1.901217
2.090379 -0.000000 1.442884
2.090379 -0.000000 1.442884
2.090379 -0.000000 1.442884
2.374941 0.000000 0.900696
2.374941 0.000000 0.900696
2.090379 -0.000000 1.442884
2.374941 0.000000 0.900696
2.374941 0.000000 0.900696
2.374941 0.000000 0.900696
2.521481 0.000000 0.306163
2.521481 0.000000 0.306163
2.374941 0.000000 0.900696
2.521481 0.000000 0.306163
2.521481 0.000000 0.306163
2.521481 0.000000 0.306163
2.521481 0.000000 -0.306163
2.521481 0.000000 -0.306163
2.521481 0.000000 0.306163
2.521481 0.000000 -0.306163
2.521481 0.000000 -0.306163
2.521481 0.000000 -0.306163
2.374941 0.000000 -0.900696
2.374941 0.000000 -0.900696
2.521481 0.000000 -0.306163
2.374941 0.000000 -0.900696
2.374941 0.000000 -0.900696
2.374941 0.000000 -0.900696
2.090379 0.000000 -1.442884
2.090379 0.000000 -1.442884
2.374941 0.000000 -0.900696
2.090379 0.000000 -1.442884
2.090379 0.000000 -1.442884
2.090379 0.000000 -1.442884
1.684332 0.000000 -1.901217
1.684332 0.000000 -1.901217
2.090379 0.000000 -1.442884
1.684332 0.000000 -1.901217
1.684332 0.000000 -1.901217
1.684332 0.000000 -1.901217
1.180397 0.000000 -2.249058
1.180397 0.000000 -2.249058
1.684332 0.000000 -1.901217
1.180397 0.000000 -2.249058
1.180397 0.000000 -2.249058
1.180397 0.000000 -2.249058
0.607862 0.000000 -2.466192
0.607862 0.000000 -2.466192
1.180397 0.000000 -2.249058
0.607862 0.000000 -2.466192
0.607862 0.000000 -2.466192
0.607862 0.000000 -2.466192
0.000000 0.000000 -2.540000
0.000000 0.000000 -2.540000
0.607862 0.000000 -2.466192
0.000000 0.000000 -2.540000
2.540000 0.000000 0.000000
2.540000 0.000000 0.000000
2.466192 0.000000 0.607862
2.466192 0.000000 0.607862
2.540000 0.000000 0.000000
2.466192 0.000000 0.607862
2.466192 0.000000 0.607862
2.466192 0.000000 0.607862
2.249058 0.000000 1.180397
2.249058 0.000000 1.180397
2.466192 0.000000 0.607862
2.249058 0.000000 1.180397
2.249058 0.000000 1.180397
2.249058 0.000000 1.180397
1.901217 0.000000 1.684332
1.901217 0.000000 1.684332
2.249058 0.000000 1.180397
1.901217 0.000000 1.684332
1.901217 0.000000 1.684332
1.901217 0.000000 1.684332
1.442884 0.000000 2.090379
1.442884 0.000000 2.090379
1.901217 0.000000 1.684332
1.442884 0.000000 2.090379
1.442884 0.000000 2.090379
1.442884 0.000000 2.090379
0.900696 0.000000 2.374941
0.900696 0.000000 2.374941
1.442884 0.000000 2.090379
0.900696 0.000000 2.374941
0.900696 0.000000 2.374941
0.900696 0.000000 2.374941
0.306163 0.000000 2.521481
0.306163 0.000000 2.521481
0.900696 0.000000 2.374941
0.306163 0.000000 2.521481
0.306163 0.000000 2.521481
0.306163 0.000000 2.521481
-0.306163 -0.000000 2.521481
-0.306163 -0.000000 2.521481
0.306163 0.000000 2.521481
-0.306163 -0.000000 2.521481
-0.306163 -0.000000 2.521481
-0.306163 -0.000000 2.521481
-0.900696 -0.000000 2.374941
-0.900696 -0.000000 2.374941
-0.306163 -0.000000 2.521481
-0.900696 -0.000000 2.374941
-0.900696 -0.000000 2.374941
-0.900696 -0.000000 2.374941
-1.442884 -0.000000 2.090379
-1.442884 -0.000000 2.090379
-0.900696 -0.000000 2.374941
-1.442884 -0.000000 2.090379
-1.442884 -0.000000 2.090379
-1.442884 -0.000000 2.090379
-1.901217 -0.000000 1.684332
-1.901217 -0.000000 1.684332
-1.442884 -0.000000 2.090379
-1.901217 -0.000000 1.684332
-1.901217 -0.000000 1.684332
-1.901217 -0.000000 1.684332
-2.249058 -0.000000 1.180397
-2.249058 -0.000000 1.180397
-1.901217 -0.000000 1.684332
-2.249058 -0.000000 1.180397
-2.249058 -0.000000 1.180397
-2.249058 -0.000000 1.180397
-2.466192 -0.000000 0.607862
-2.466192 -0.000000 0.607862
-2.249058 -0.000000 1.180397
-2.466192 -0.000000 0.607862
-2.466192 -0.000000 0.607862
-2.466192 -0.000000 0.607862
-2.540000 -0.000000 0.000000
-2.540000 -0.000000 0.000000
-2.466192 -0.000000 0.607862
-2.540000 -0.000000 0.000000
2.540000 0.000000 0.000000
2.540000 0.000000 0.000000
2.466192 0.000000 0.607862
2.466192 0.000000 0.607862
2.540000 0.000000 0.000000
2.466192 0.000000 0.607862
2.466192 0.000000 0.607862
2.466192 0.000000 0.607862
2.249058 0.000000 1.180397
2.249058 0.000000 1.180397
2.466192 0.000000 0.607862
2.249058 0.000000 1.180397
2.249058 0.000000 1.180397
2.249058 0.000000 1.180397
1.901217 0.000000 1.684332
1.901217 0.000000 1.684332
2.249058 0.000000 1.180397
1.901217 0.000000 1.684332
1.901217 0.000000 1.684332
1.901217 0.000000 1.684332
1.442884 0.000000 2.090379
1.442884 0.000000 2.090379
1.901217 0.000000 1.684332
1.442884 0.000000 2.090379
1.442884 0.000000 2.090379
1.442884 0.000000 2.090379
0.900696 0.000000 2.374941
0.900696 0.000000 2.374941
1.442884 0.000000 2.090379
0.900696 0.000000 2.374941
0.900696 0.000000 2.374941
0.900696 0.000000 2.374941
0.306163 0.000000 2.521481
0.306163 0.000000 2.521481
0.900696 0.000000 2.374941
0.306163 0.000000 2.521481
0.306163 0.000000 2.521481
0.306163 0.000000 2.521481
-0.306163 -0.000000 2.521481
-0.306163 -0.000000 2.521481
0.306163 0.000000 2.521481
-0.306163 -0.000000 2.521481
-0.306163 -0.000000 2.521481
-0.306163 -0.000000 2.521481
-0.900696 -0.000000 2.374941
-0.900696 -0.000000 2.374941
-0.306163 -0.000000 2.521481
-0.900696 -0.000000 2.374941
-0.900696 -0.000000 2.374941
-0.900696 -0.000000 2.374941
-1.442884 -0.000000 2.090379
-1.442884 -0.000000 2.090379
-0.900696 -0.000000 2.374941
-1.442884 -0.000000 2.090379
-1.442884 -0.000000 2.090379
-1.442884 -0.000000 2.090379
-1.901217 -0.000000 1.684332
-1.901217 -0.000000 1.684332
-1.442884 -0.000000 2.090379
-1.901217 -0.000000 1.684332
-1.901217 -0.000000 1.684332
-1.901217 -0.000000 1.684332
-2.249058 -0.000000 1.180397
-2.249058 -0.000000 1.180397
-1.901217 -0.000000 1.684332
-2.249058 -0.000000 1.180397
-2.249058 -0.000000 1.180397
-2.249058 -0.000000 1.180397
-2.466192 -0.000000 0.607862
-2.466192 -0.000000 0.607862
-2.249058 -0.000000 1.180397
-2.466192 -0.000000 0.607862
-2.466192 -0.000000 0.607862
-2.466192 -0.000000 0.607862
-2.540000 -0.000000 0.000000
-2.540000 -0.000000 0.000000
-2.466192 -0.000000 0.607862
-2.540000 -0.000000 0.000000
2.540000 0.000000 0.000000
2.540000 0.000000 0.000000
2.466192 0.000000 0.607862
2.466192 0.000000 0.607862
2.540000 0.000000 0.000000
2.466192 0.000000 0.607862
2.466192 0.000000 0.607862
2.466192 0.000000 0.607862
2.249058 0.000000 1.180397
2.249058 0.000000 1.180397
2.466192 0.000000 0.607862
2.249058 0.000000 1.180397
2.249058 0.000000 1.180397
2.249058 0.000000 1.180397
1.901217 0.000000 1.684332
1.901217 0.000000 1.684332
2.249058 0.000000 1.180397
1.901217 0.000000 1.684332
1.901217 0.000000 1.684332
1.901217 0.000000 1.684332
1.442884 0.000000 2.090379
1.442884 0.000000 2.090379
1.901217 0.000000 1.684332
1.442884 0.000000 2.090379
1.442884 0.000000 2.090379
1.442884 0.000000 2.090379
0.900696 0.000000 2.374941
0.900696 0.000000 2.374941
1.442884 0.000000 2.090379
0.900696 0.000000 2.374941
0.900696 0.000000 2.374941
0.900696 0.000000 2.374941
0.306163 0.000000 2.521481
0.306163 0.000000 2.521481
0.900696 0.000000 2.374941
0.306163 0.000000 2.521481
0.306163 0.000000 2.521481
0.306163 0.000000 2.521481
-0.306163 -0.000000 2.521481
-0.306163 -0.000000 2.521481
0.306163 0.000000 2.521481
-0.306163 -0.000000 2.521481
-0.306163 -0.000000 2.521481
-0.306163 -0.000000 2.521481
-0.900696 -0.000000 2.374941
-0.900696 -0.000000 2.374941
-0.306163 -0.000000 2.521481
-0.900696 -0.000000 2.374941
-0.900696 -0.000000 2.374941
-0.900696 -0.000000 2.374941
-1.442884 -0.000000 2.090379
-1.442884 -0.000000 2.090379
-0.900696 -0.000000 2.374941
-1.442884 -0.000000 2.090379
-1.442884 -0.000000 2.090379
-1.442884 -0.000000 2.090379
-1.901217 -0.000000 1.684332
-1.901217 -0.000000 1.684332
-1.442884 -0.000000 2.090379
-1.901217 -0.000000 1.684332
-1.901217 -0.000000 1.684332
-1.901217 -0.000000 1.684332
-2.249058 -0.000000 1.180397
-2.249058 -0.000000 1.180397
-1.901217 -0.000000 1.684332
-2.249058 -0.000000 1.180397
-2.249058 -0.000000 1.180397
-2.249058 -0.000000 1.180397
-2.466192 -0.000000 0.607862
-2.466192 -0.000000 0.607862
-2.249058 -0.000000 1.180397
-2.466192 -0.000000 0.607862
-2.466192 -0.000000 0.607862
-2.466192 -0.000000 0.607862
-2.540000 -0.000000 0.000000
-2.540000 -0.000000 0.000000
-2.466192 -0.000000 0.607862
-2.540000 -0.000000 0.000000
2.540000 0.000000 0.000000
2.540000 0.000000 0.000000
2.466192 0.000000 0.607862
2.466192 0.000000 0.607862
2.540000 0.000000 0.000000
2.466192 0.000000 0.607862
2.466192 0.000000 0.607862
2.466192 0.000000 0.607862
2.249058 0.000000 1.180397
2.249058 0.000000 1.180397
2.466192 0.000000 0.607862
2.249058 0.000000 1.180397
2.249058 0.000000 1.180397
2.249058 0.000000 1.180397
1.901217 0.000000 1.684332
1.901217 0.000000 1.684332
2.249058 0.000000 1.180397
1.901217 0.000000 1.684332
1.901217 0.000000 1.684332
1.901217 0.000000 1.684332
1.442884 0.000000 2.090379
1.442884 0.000000 2.090379
1.901217 0.000000 1.684332
1.442884 0.000000 2.090379
1.442884 0.000000 2.090379
1.442884 0.000000 2.090379
0.900696 0.000000 2.374941
0.900696 0.000000 2.374941
1.442884 0.000000 2.090379
0.900696 0.000000 2.374941
0.900696 0.000000 2.374941
0.900696 0.000000 2.374941
0.306163 0.000000 2.521481
0.306163 0.000000 2.521481
0.900696 0.000000 2.374941
0.306163 0.000000 2.521481
0.306163 0.000000 2.521481
0.306163 0.000000 2.521481
-0.306163 -0.000000 2.521481
-0.306163 -0.000000 2.521481
0.306163 0.000000 2.521481
-0.306163 -0.000000 2.521481
-0.306163 -0.000000 2.521481
-0.306163 -0.000000 2.521481
-0.900696 -0.000000 2.374941
-0.900696 -0.000000 2.374941
-0.306163 -0.000000 2.521481
-0.900696 -0.000000 2.374941
-0.900696 -0.000000 2.374941
-0.900696 -0.000000 2.374941
-1.442884 -0.000000 2.090379
-1.442884 -0.000000 2.090379
-0.900696 -0.000000 2.374941
-1.442884 -0.000000 2.090379
-1.442884 -0.000000 2.090379
-1.442884 -0.000000 2.090379
-1.901217 -0.000000 1.684332
-1.901217 -0.000000 1.684332
-1.442884 -0.000000 2.090379
-1.901217 -0.000000 1.684332
-1.901217 -0.000000 1.684332
-1.901217 -0.000000 1.684332
-2.249058 -0.000000 1.180397
-2.249058 -0.000000 1.180397
-1.901217 -0.000000 1.684332
-2.249058 -0.000000 1.180397
-2.249058 -0.000000 1.180397
-2.249058 -0.000000 1.180397
-2.466192 -0.000000 0.607862
-2.466192 -0.000000 0.607862
-2.249058 -0.000000 1.180397
-2.466192 -0.000000 0.607862
-2.466192 -0.000000 0.607862
-2.466192 -0.000000 0.607862
-2.540000 -0.000000 0.000000
-2.540000 -0.000000 0.000000
-2.466192 -0.000000 0.607862
-2.540000 -0.000000 0.000000
2.540000 0.000000 0.000000
2.540000 0.000000 0.000000
2.466192 0.000000 0.607862
2.466192 0.000000 0.607862
2.540000 0.000000 0.000000
2.466192 0.000000 0.607862
2.466192 0.000000 0.607862
2.466192 0.000000 0.607862
2.249058 0.000000 1.180397
2.249058 0.000000 1.180397
2.466192 0.000000 0.607862
2.249058 0.000000 1.180397
2.249058 0.000000 1.180397
2.249058 0.000000 1.180397
1.901217 0.000000 1.684332
1.901217 0.000000 1.684332
2.249058 0.000000 1.180397
1.901217 0.000000 1.684332
1.901217 0.000000 1.684332
1.901217 0.000000 1.684332
1.442884 0.000000 2.090379
1.442884 0.000000 2.090379
1.901217 0.000000 1.684332
1.442884 0.000000 2.090379
1.442884 0.000000 2.090379
1.442884 0.000000 2.090379
0.900696 0.000000 2.374941
0.900696 0.000000 2.374941
1.442884 0.000000 2.090379
0.900696 0.000000 2.374941
0.900696 0.000000 2.374941
0.900696 0.000000 2.374941
0.306163 0.000000 2.521481
0.306163 0.000000 2.521481
0.900696 0.000000 2.374941
0.306163 0.000000 2.521481
0.306163 0.000000 2.521481
0.306163 0.000000 2.521481
-0.306163 -0.000000 2.521481
-0.306163 -0.000000 2.521481
0.306163 0.000000 2.521481
-0.306163 -0.000000 2.521481
-0.306163 -0.000000 2.521481
-0.306163 -0.000000 2.521481
-0.900696 -0.000000 2.374941
-0.900696 -0.000000 2.374941
-0.306163 -0.000000 2.521481
-0.900696 -0.000000 2.374941
-0.900696 -0.000000 2.374941
-0.900696 -0.000000 2.374941
-1.442884 -0.000000 2.090379
-1.442884 -0.000000 2.090379
-0.900696 -0.000000 2.374941
-1.442884 -0.000000 2.090379
-1.442884 -0.000000 2.090379
-1.442884 -0.000000 2.090379
-1.901217 -0.000000 1.684332
-1.901217 -0.000000 1.684332
-1.442884 -0.000000 2.090379
-1.901217 -0.000000 1.684332
-1.901217 -0.000000 1.684332
-1.901217 -0.000000 1.684332
-2.249058 -0.000000 1.180397
-2.249058 -0.000000 1.180397
-1.901217 -0.000000 1.684332
-2.249058 -0.000000 1.180397
-2.249058 -0.000000 1.180397
-2.249058 -0.000000 1.180397
-2.466192 -0.000000 0.607862
-2.466192 -0.000000 0.607862
-2.249058 -0.000000 1.180397
-2.466192 -0.000000 0.607862
-2.466192 -0.000000 0.607862
-2.466192 -0.000000 0.607862
-2.540000 -0.000000 0.000000
-2.540000 -0.000000 0.000000
-2.466192 -0.000000 0.607862
-2.540000 -0.000000 0.000000
-2.540000 -0.000000 0.000000
-2.540000 -0.000000 -0.000000
-2.476317 -0.000000 -0.565203
-2.476317 -0.000000 -0.565203
-2.540000 -0.000000 -0.000000
-2.476317 -0.000000 -0.565203
-2.476317 -0.000000 -0.565203
-2.476317 -0.000000 -0.565203
-2.288461 -0.000000 -1.102065
-2.288461 -0.000000 -1.102065
-2.476317 -0.000000 -0.565203
-2.288461 -0.000000 -1.102065
-2.288461 -0.000000 -1.102065
-2.288461 -0.000000 -1.102065
-1.985852 0.000000 -1.583664
-1.985852 0.000000 -1.583664
-2.288461 -0.000000 -1.102065
-1.985852 0.000000 -1.583664
-1.985852 0.000000 -1.583664
-1.985852 0.000000 -1.583664
-1.583664 0.000000 -1.985852
-1.583664 0.000000 -1.985852
-1.985852 0.000000 -1.583664
-1.583664 0.000000 -1.985852
-1.583664 0.000000 -1.985852
-1.583664 0.000000 -1.985852
-1.102065 0.000000 -2.288461
-1.102065 0.000000 -2.288461
-1.583664 0.000000 -1.985852
-1.102065 0.000000 -2.288461
-1.102065 0.000000 -2.288461
-1.102065 0.000000 -2.288461
-0.565203 0.000000 -2.476317
-0.565203 0.000000 -2.476317
-1.102065 0.000000 -2.288461
-0.565203 0.000000 -2.476317
-0.565203 0.000000 -2.476317
-0.565203 0.000000 -2.476317
-0.000000 0.000000 -2.540000
-0.000000 0.000000 -2.540000
-0.565203 0.000000 -2.476317
0.000000 0.000000 -2.540000
0.000000 -0.000000 -2.540000
0.000000 -0.000000 -2.540000
0.607862 -0.000000 -2.466192
0.607862 -0.000000 -2.466192
0.000000 -0.000000 -2.540000
0.607862 -0.000000 -2.466192
0.607862 -0.000000 -2.466192
0.607862 -0.000000 -2.466192
1.180397 -0.000000 -2.249058
1.180397 -0.000000 -2.249058
0.607862 -0.000000 -2.466192
1.180397 -0.000000 -2.249058
1.180397 -0.000000 -2.249058
1.180397 -0.000000 -2.249058
1.684332 -0.000000 -1.901217
1.684332 -0.000000 -1.901217
1.180397 -0.000000 -2.249058
1.684332 -0.000000 -1.901217
1.684332 -0.000000 -1.901217
1.684332 -0.000000 -1.901217
2.090379 -0.000000 -1.442884
2.090379 -0.000000 -1.442884
1.684332 -0.000000 -1.901217
2.090379 -0.000000 -1.442884
2.090379 -0.000000 -1.442884
2.090379 -0.000000 -1.442884
2.374941 -0.000000 -0.900696
2.374941 -0.000000 -0.900696
2.090379 -0.000000 -1.442884
2.374941 -0.000000 -0.900696
2.374941 -0.000000 -0.900696
2.374941 -0.000000 -0.900696
2.521481 -0.000000 -0.306163
2.521481 -0.000000 -0.306163
2.374941 -0.000000 -0.900696
2.521481 -0.000000 -0.306163
2.521481 -0.000000 -0.306163
2.521481 -0.000000 -0.306163
2.521481 -0.000000 0.306163
2.521481 -0.000000 0.306163
2.521481 -0.000000 -0.306163
2.521481 -0.000000 0.306163
2.521481 -0.000000 0.306163
2.521481 -0.000000 0.306163
2.374941 -0.000000 0.900696
2.374941 -0.000000 0.900696
2.521481 -0.000000 0.306163
2.374941 -0.000000 0.900696
2.374941 -0.000000 0.900696
2.374941 -0.000000 0.900696
2.090379 0.000000 1.442884
2.090379 0.000000 1.442884
2.374941 -0.000000 0.900696
2.090379 0.000000 1.442884
2.090379 0.000000 1.442884
2.090379 0.000000 1.442884
1.684332 0.000000 1.901217
1.684332 0.000000 1.901217
2.090379 0.000000 1.442884
1.684332 0.000000 1.901217
1.684332 0.000000 1.901217
1.684332 0.000000 1.901217
1.180397 0.000000 2.249058
1.180397 0.000000 2.249058
1.684332 0.000000 1.901217
1.180397 0.000000 2.249058
1.180397 0.000000 2.249058
1.180397 0.000000 2.249058
0.607862 0.000000 2.466192
0.607862 0.000000 2.466192
1.180397 0.000000 2.249058
0.607862 0.000000 2.466192
0.607862 0.000000 2.466192
0.607862 0.000000 2.466192
0.000000 0.000000 2.540000
0.000000 0.000000 2.540000
0.607862 0.000000 2.466192
0.000000 0.000000 2.540000
0.000000 -0.000000 -2.540000
0.000000 -0.000000 -2.540000
0.607862 -0.000000 -2.466192
0.607862 -0.000000 -2.466192
0.000000 -0.000000 -2.540000
0.607862 -0.000000 -2.466192
0.607862 -0.000000 -2.466192
0.607862 -0.000000 -2.466192
1.180397 -0.000000 -2.249058
1.180397 -0.000000 -2.249058
0.607862 -0.000000 -2.466192
1.180397 -0.000000 -2.249058
1.180397 -0.000000 -2.249058
1.180397 -0.000000 -2.249058
1.684332 -0.000000 -1.901217
1.684332 -0.000000 -1.901217
1.180397 -0.000000 -2.249058
1.684332 -0.000000 -1.901217
1.684332 -0.000000 -1.901217
1.684332 -0.000000 -1.901217
2.090379 -0.000000 -1.442884
2.090379 -0.000000 -1.442884
1.684332 -0.000000 -1.901217
2.090379 -0.000000 -1.442884
2.090379 -0.000000 -1.442884
2.090379 -0.000000 -1.442884
2.374941 -0.000000 -0.900696
2.374941 -0.000000 -0.900696
2.090379 -0.000000 -1.442884
2.374941 -0.000000 -0.900696
2.374941 -0.000000 -0.900696
2.374941 -0.000000 -0.900696
2.521481 -0.000000 -0.306163
2.521481 -0.000000 -0.306163
2.374941 -0.000000 -0.900696
2.521481 -0.000000 -0.306163
2.521481 -0.000000 -0.306163
2.521481 -0.000000 -0.306163
2.521481 -0.000000 0.306163
2.521481 -0.000000 0.306163
2.521481 -0.000000 -0.306163
2.521481 -0.000000 0.306163
2.521481 -0.000000 0.306163
2.521481 -0.000000 0.306163
2.374941 -0.000000 0.900696
2.374941 -0.000000 0.900696
2.521481 -0.000000 0.306163
2.374941 -0.000000 0.900696
2.374941 -0.000000 0.900696
2.374941 -0.000000 0.900696
2.090379 0.000000 1.442884
2.090379 0.000000 1.442884
2.374941 -0.000000 0.900696
2.090379 0.000000 1.442884
2.090379 0.000000 1.442884
2.090379 0.000000 1.442884
1.684332 0.000000 1.901217
1.684332 0.000000 1.901217
2.090379 0.000000 1.442884
1.684332 0.000000 1.901217
1.684332 0.000000 1.901217
1.684332 0.000000 1.901217
1.180397 0.000000 2.249058
1.180397 0.000000 2.249058
1.684332 0.000000 1.901217
1.180397 0.000000 2.249058
1.180397 0.000000 2.249058
1.180397 0.000000 2.249058
0.607862 0.000000 2.466192
0.607862 0.000000 2.466192
1.180397 0.000000 2.249058
0.607862 0.000000 2.466192
0.607862 0.000000 2.466192
0.607862 0.000000 2.466192
0.000000 0.000000 2.540000
0.000000 0.000000 2.540000
0.607862 0.000000 2.466192
0.000000 0.000000 2.540000
-2.540000 0.000000 0.000000
-2.540000 0.000000 0.000000
-2.466192 0.000000 0.607862
-2.466192 0.000000 0.607862
-2.540000 0.000000 0.000000
-2.466192 0.000000 0.607862
-2.466192 0.000000 0.607862
-2.466192 0.000000 0.607862
-2.249058 0.000000 1.180397
-2.249058 0.000000 1.180397
-2.466192 0.000000 0.607862
-2.249058 0.000000 1.180397
-2.249058 0.000000 1.180397
-2.249058 0.000000 1.180397
-1.901217 0.000000 1.684332
-1.901217 0.000000 1.684332
-2.249058 0.000000 1.180397
-1.901217 0.000000 1.684332
-1.901217 0.000000 1.684332
-1.901217 0.000000 1.684332
-1.442884 0.000000 2.090379
-1.442884 0.000000 2.090379
-1.901217 0.000000 1.684332
-1.442884 0.000000 2.090379
-1.442884 0.000000 2.090379
-1.442884 0.000000 2.090379
-0.900696 0.000000 2.374941
-0.900696 0.000000 2.374941
-1.442884 0.000000 2.090379
-0.900696 0.000000 2.374941
-0.900696 0.000000 2.374941
-0.900696 0.000000 2.374941
-0.306163 0.000000 2.521481
-0.306163 0.000000 2.521481
-0.900696 0.000000 2.374941
-0.306163 0.000000 2.521481
-0.306163 0.000000 2.521481
-0.306163 0.000000 2.521481
0.306163 -0.000000 2.521481
0.306163 -0.000000 2.521481
-0.306163 0.000000 2.521481
0.306163 -0.000000 2.521481
0.306163 -0.000000 2.521481
0.306163 -0.000000 2.521481
0.900696 -0.000000 2.374941
0.900696 -0.000000 2.374941
0.306163 -0.000000 2.521481
0.900696 -0.000000 2.374941
0.900696 -0.000000 2.374941
0.900696 -0.000000 2.374941
1.442884 -0.000000 2.090379
1.442884 -0.000000 2.090379
0.900696 -0.000000 2.374941
1.442884 -0.000000 2.090379
1.442884 -0.000000 2.090379
1.442884 -0.000000 2.090379
1.901217 -0.000000 1.684332
1.901217 -0.000000 1.684332
1.442884 -0.000000 2.090379
1.901217 -0.000000 1.684332
1.901217 -0.000000 1.684332
1.901217 -0.000000 1.684332
2.249058 -0.000000 1.180397
2.249058 -0.000000 1.180397
1.901217 -0.000000 1.684332
2.249058 -0.000000 1.180397
2.249058 -0.000000 1.180397
2.249058 -0.000000 1.180397
2.466192 -0.000000 0.607862
2.466192 -0.000000 0.607862
2.249058 -0.000000 1.180397
2.466192 -0.000000 0.607862
2.466192 -0.000000 0.607862
2.466192 -0.000000 0.607862
2.540000 -0.000000 0.000000
2.540000 -0.000000 0.000000
2.466192 -0.000000 0.607862
2.540000 -0.000000 0.000000
-2.540000 0.000000 0.000000
-2.540000 0.000000 0.000000
-2.466192 0.000000 0.607862
-2.466192 0.000000 0.607862
-2.540000 0.000000 0.000000
-2.466192 0.000000 0.607862
-2.466192 0.000000 0.607862
-2.466192 0.000000 0.607862
-2.249058 0.000000 1.180397
-2.249058 0.000000 1.180397
-2.466192 0.000000 0.607862
-2.249058 0.000000 1.180397
-2.249058 0.000000 1.180397
-2.249058 0.000000 1.180397
-1.901217 0.000000 1.684332
-1.901217 0.000000 1.684332
-2.249058 0.000000 1.180397
-1.901217 0.000000 1.684332
-1.901217 0.000000 1.684332
-1.901217 0.000000 1.684332
-1.442884 0.000000 2.090379
-1.442884 0.000000 2.090379
-1.901217 0.000000 1.684332
-1.442884 0.000000 2.090379
-1.442884 0.000000 2.090379
-1.442884 0.000000 2.090379
-0.900696 0.000000 2.374941
-0.900696 0.000000 2.374941
-1.442884 0.000000 2.090379
-0.900696 0.000000 2.374941
-0.900696 0.000000 2.374941
-0.900696 0.000000 2.374941
-0.306163 0.000000 2.521481
-0.306163 0.000000 2.521481
-0.900696 0.000000 2.374941
-0.306163 0.000000 2.521481
-0.306163 0.000000 2.521481
-0.306163 0.000000 2.521481
0.306163 -0.000000 2.521481
0.306163 -0.000000 2.521481
-0.306163 0.000000 2.521481
0.306163 -0.000000 2.521481
0.306163 -0.000000 2.521481
0.306163 -0.000000 2.521481
0.900696 -0.000000 2.374941
0.900696 -0.000000 2.374941
0.306163 -0.000000 2.521481
0.900696 -0.000000 2.374941
0.900696 -0.000000 2.374941
0.900696 -0.000000 2.374941
1.442884 -0.000000 2.090379
1.442884 -0.000000 2.090379
0.900696 -0.000000 2.374941
1.442884 -0.000000 2.090379
1.442884 -0.000000 2.090379
1.442884 -0.000000 2.090379
1.901217 -0.000000 1.684332
1.901217 -0.000000 1.684332
1.442884 -0.000000 2.090379
1.901217 -0.000000 1.684332
1.901217 -0.000000 1.684332
1.901217 -0.000000 1.684332
2.249058 -0.000000 1.180397
2.249058 -0.000000 1.180397
1.901217 -0.000000 1.684332
2.249058 -0.000000 1.180397
2.249058 -0.000000 1.180397
2.249058 -0.000000 1.180397
2.466192 -0.000000 0.607862
2.466192 -0.000000 0.607862
2.249058 -0.000000 1.180397
2.466192 -0.000000 0.607862
2.466192 -0.000000 0.607862
2.466192 -0.000000 0.607862
2.540000 -0.000000 0.000000
2.540000 -0.000000 0.000000
2.466192 -0.000000 0.607862
2.540000 -0.000000 0.000000
-2.540000 0.000000 0.000000
-2.540000 0.000000 0.000000
-2.466192 0.000000 0.607862
-2.466192 0.000000 0.607862
-2.540000 0.000000 0.000000
-2.466192 0.000000 0.607862
-2.466192 0.000000 0.607862
-2.466192 0.000000 0.607862
-2.249058 0.000000 1.180397
-2.249058 0.000000 1.180397
-2.466192 0.000000 0.607862
-2.249058 0.000000 1.180397
-2.249058 0.000000 1.180397
-2.249058 0.000000 1.180397
-1.901217 0.000000 1.684332
-1.901217 0.000000 1.684332
-2.249058 0.000000 1.180397
-1.901217 0.000000 1.684332
-1.901217 0.000000 1.684332
-1.901217 0.000000 1.684332
-1.442884 0.000000 2.090379
-1.442884 0.000000 2.090379
-1.901217 0.000000 1.684332
-1.442884 0.000000 2.090379
-1.442884 0.000000 2.090379
-1.442884 0.000000 2.090379
-0.900696 0.000000 2.374941
-0.900696 0.000000 2.374941
-1.442884 0.000000 2.090379
-0.900696 0.000000 2.374941
-0.900696 0.000000 2.374941
-0.900696 0.000000 2.374941
-0.306163 0.000000 2.521481
-0.306163 0.000000 2.521481
-0.900696 0.000000 2.374941
-0.306163 0.000000 2.521481
-0.306163 0.000000 2.521481
-0.306163 0.000000 2.521481
0.306163 -0.000000 2.521481
0.306163 -0.000000 2.521481
-0.306163 0.000000 2.521481
0.306163 -0.000000 2.521481
0.306163 -0.000000 2.521481
0.306163 -0.000000 2.521481
0.900696 -0.000000 2.374941
0.900696 -0.000000 2.374941
0.306163 -0.000000 2.521481
0.900696 -0.000000 2.374941
0.900696 -0.000000 2.374941
0.900696 -0.000000 2.374941
1.442884 -0.000000 2.090379
1.442884 -0.000000 2.090379
0.900696 -0.000000 2.374941
1.442884 -0.000000 2.090379
1.442884 -0.000000 2.090379
1.442884 -0.000000 2.090379
1.901217 -0.000000 1.684332
1.901217 -0.000000 1.684332
1.442884 -0.000000 2.090379
1.901217 -0.000000 1.684332
1.901217 -0.000000 1.684332
1.901217 -0.000000 1.684332
2.249058 -0.000000 1.180397
2.249058 -0.000000 1.180397
1.901217 -0.000000 1.684332
2.249058 -0.000000 1.180397
2.249058 -0.000000 1.180397
2.249058 -0.000000 1.180397
2.466192 -0.000000 0.607862
2.466192 -0.000000 0.607862
2.249058 -0.000000 1.180397
2.466192 -0.000000 0.607862
2.466192 -0.000000 0.607862
2.466192 -0.000000 0.607862
2.540000 -0.000000 0.000000
2.540000 -0.000000 0.000000
2.466192 -0.000000 0.607862
2.540000 -0.000000 0.000000
-2.540000 0.000000 0.000000
-2.540000 0.000000 0.000000
-2.466192 0.000000 0.607862
-2.466192 0.000000 0.607862
-2.540000 0.000000 0.000000
-2.466192 0.000000 0.607862
-2.466192 0.000000 0.607862
-2.466192 0.000000 0.607862
-2.249058 0.000000 1.180397
-2.249058 0.000000 1.180397
-2.466192 0.000000 0.607862
-2.249058 0.000000 1.180397
-2.249058 0.000000 1.180397
-2.249058 0.000000 1.180397
-1.901217 0.000000 1.684332
-1.901217 0.000000 1.684332
-2.249058 0.000000 1.180397
-1.901217 0.000000 1.684332
-1.901217 0.000000 1.684332
-1.901217 0.000000 1.684332
-1.442884 0.000000 2.090379
-1.442884 0.000000 2.090379
-1.901217 0.000000 1.684332
-1.442884 0.000000 2.090379
-1.442884 0.000000 2.090379
-1.442884 0.000000 2.090379
-0.900696 0.000000 2.374941
-0.900696 0.000000 2.374941
-1.442884 0.000000 2.090379
-0.900696 0.000000 2.374941
-0.900696 0.000000 2.374941
-0.900696 0.000000 2.374941
-0.306163 0.000000 2.521481
-0.306163 0.000000 2.521481
-0.900696 0.000000 2.374941
-0.306163 0.000000 2.521481
-0.306163 0.000000 2.521481
-0.306163 0.000000 2.521481
0.306163 -0.000000 2.521481
0.306163 -0.000000 2.521481
-0.306163 0.000000 2.521481
0.306163 -0.000000 2.521481
0.306163 -0.000000 2.521481
0.306163 -0.000000 2.521481
0.900696 -0.000000 2.374941
0.900696 -0.000000 2.374941
0.306163 -0.000000 2.521481
0.900696 -0.000000 2.374941
0.900696 -0.000000 2.374941
0.900696 -0.000000 2.374941
1.442884 -0.000000 2.090379
1.442884 -0.000000 2.090379
0.900696 -0.000000 2.374941
1.442884 -0.000000 2.090379
1.442884 -0.000000 2.090379
1.442884 -0.000000 2.090379
1.901217 -0.000000 1.684332
1.901217 -0.000000 1.684332
1.442884 -0.000000 2.090379
1.901217 -0.000000 1.684332
1.901217 -0.000000 1.684332
1.901217 -0.000000 1.684332
2.249058 -0.000000 1.180397
2.249058 -0.000000 1.180397
1.901217 -0.000000 1.684332
2.249058 -0.000000 1.180397
2.249058 -0.000000 1.180397
2.249058 -0.000000 1.180397
2.466192 -0.000000 0.607862
2.466192 -0.000000 0.607862
2.249058 -0.000000 1.180397
2.466192 -0.000000 0.607862
2.466192 -0.000000 0.607862
2.466192 -0.000000 0.607862
2.540000 -0.000000 0.000000
2.540000 -0.000000 0.000000
2.466192 -0.000000 0.607862
2.540000 -0.000000 0.000000
-2.540000 0.000000 0.000000
-2.540000 0.000000 0.000000
-2.466192 0.000000 0.607862
-2.466192 0.000000 0.607862
-2.540000 0.000000 0.000000
-2.466192 0.000000 0.607862
-2.466192 0.000000 0.607862
-2.466192 0.000000 0.607862
-2.249058 0.000000 1.180397
-2.249058 0.000000 1.180397
-2.466192 0.000000 0.607862
-2.249058 0.000000 1.180397
-2.249058 0.000000 1.180397
-2.249058 0.000000 1.180397
-1.901217 0.000000 1.684332
-1.901217 0.000000 1.684332
-2.249058 0.000000 1.180397
-1.901217 0.000000 1.684332
-1.901217 0.000000 1.684332
-1.901217 0.000000 1.684332
-1.442884 0.000000 2.090379
-1.442884 0.000000 2.090379
-1.901217 0.000000 1.684332
-1.442884 0.000000 2.090379
-1.442884 0.000000 2.090379
-1.442884 0.000000 2.090379
-0.900696 0.000000 2.374941
-0.900696 0.000000 2.374941
-1.442884 0.000000 2.090379
-0.900696 0.000000 2.374941
-0.900696 0.000000 2.374941
-0.900696 0.000000 2.374941
-0.306163 0.000000 2.521481
-0.306163 0.000000 2.521481
-0.900696 0.000000 2.374941
-0.306163 0.000000 2.521481
-0.306163 0.000000 2.521481
-0.306163 0.000000 2.521481
0.306163 -0.000000 2.521481
0.306163 -0.000000 2.521481
-0.306163 0.000000 2.521481
0.306163 -0.000000 2.521481
0.306163 -0.000000 2.521481
0.306163 -0.000000 2.521481
0.900696 -0.000000 2.374941
0.900696 -0.000000 2.374941
0.306163 -0.000000 2.521481
0.900696 -0.000000 2.374941
0.900696 -0.000000 2.374941
0.900696 -0.000000 2.374941
1.442884 -0.000000 2.090379
1.442884 -0.000000 2.090379
0.900696 -0.000000 2.374941
1.442884 -0.000000 2.090379
1.442884 -0.000000 2.090379
1.442884 -0.000000 2.090379
1.901217 -0.000000 1.684332
1.901217 -0.000000 1.684332
1.442884 -0.000000 2.090379
1.901217 -0.000000 1.684332
1.901217 -0.000000 1.684332
1.901217 -0.000000 1.684332
2.249058 -0.000000 1.180397
2.249058 -0.000000 1.180397
1.901217 -0.000000 1.684332
2.249058 -0.000000 1.180397
2.249058 -0.000000 1.180397
2.249058 -0.000000 1.180397
2.466192 -0.000000 0.607862
2.466192 -0.000000 0.607862
2.249058 -0.000000 1.180397
2.466192 -0.000000 0.607862
2.466192 -0.000000 0.607862
2.466192 -0.000000 0.607862
2.540000 -0.000000 0.000000
2.540000 -0.000000 0.000000
2.466192 -0.000000 0.607862
2.540000 -0.000000 0.000000
-0.000000 -2.540000 0.000000
-0.000000 -2.540000 0.000000
-0.000000 -2.466192 0.607862
-0.000000 -2.466192 0.607862
-0.000000 -2.540000 0.000000
-0.000000 -2.466192 0.607862
-0.000000 -2.466192 0.607862
-0.000000 -2.466192 0.607862
-0.000000 -2.249058 1.180397
-0.000000 -2.249058 1.180397
-0.000000 -2.466192 0.607862
-0.000000 -2.249058 1.180397
-0.000000 -2.249058 1.180397
-0.000000 -2.249058 1.180397
-0.000000 -1.901217 1.684332
-0.000000 -1.901217 1.684332
-0.000000 -2.249058 1.180397
-0.000000 -1.901217 1.684332
-0.000000 -1.901217 1.684332
-0.000000 -1.901217 1.684332
-0.000000 -1.442884 2.090379
-0.000000 -1.442884 2.090379
-0.000000 -1.901217 1.684332
-0.000000 -1.442884 2.090379
-0.000000 -1.442884 2.090379
-0.000000 -1.442884 2.090379
-0.000000 -0.900696 2.374941
-0.000000 -0.900696 2.374941
-0.000000 -1.442884 2.090379
-0.000000 -0.900696 2.374941
-0.000000 -0.900696 2.374941
-0.000000 -0.900696 2.374941
-0.000000 -0.306163 2.521481
-0.000000 -0.306163 2.521481
-0.000000 -0.900696 2.374941
-0.000000 -0.306163 2.521481
-0.000000 -0.306163 2.521481
-0.000000 -0.306163 2.521481
0.000000 0.306163 2.521481
0.000000 0.306163 2.521481
-0.000000 -0.306163 2.521481
0.000000 0.306163 2.521481
0.000000 0.306163 2.521481
0.000000 0.306163 2.521481
0.000000 0.900696 2.374941
0.000000 0.900696 2.374941
0.000000 0.306163 2.521481
0.000000 0.900696 2.374941
0.000000 0.900696 2.374941
0.000000 0.900696 2.374941
0.000000 1.442884 2.090379
0.000000 1.442884 2.090379
0.000000 0.900696 2.374941
0.000000 1.442884 2.090379
0.000000 1.442884 2.090379
0.000000 1.442884 2.090379
0.000000 1.901217 1.684332
0.000000 1.901217 1.684332
0.000000 1.442884 2.090379
0.000000 1.901217 1.684332
0.000000 1.901217 1.684332
0.000000 1.901217 1.684332
0.000000 2.249058 1.180397
0.000000 2.249058 1.180397
0.000000 1.901217 1.684332
0.000000 2.249058 1.180397
0.000000 2.249058 1.180397
0.000000 2.249058 1.180397
0.000000 2.466192 0.607862
0.000000 2.466192 0.607862
0.000000 2.249058 1.180397
0.000000 2.466192 0.607862
0.000000 2.466192 0.607862
0.000000 2.466192 0.607862
0.000000 2.540000 0.000000
0.000000 2.540000 0.000000
0.000000 2.466192 0.607862
0.000000 2.540000 0.000000
-0.000000 -2.540000 0.000000
-0.000000 -2.540000 0.000000
-0.000000 -2.466192 0.607862
-0.000000 -2.466192 0.607862
-0.000000 -2.540000 0.000000
-0.000000 -2.466192 0.607862
-0.000000 -2.466192 0.607862
-0.000000 -2.466192 0.607862
-0.000000 -2.249058 1.180397
-0.000000 -2.249058 1.180397
-0.000000 -2.466192 0.607862
-0.000000 -2.249058 1.180397
-0.000000 -2.249058 1.180397
-0.000000 -2.249058 1.180397
-0.000000 -1.901217 1.684332
-0.000000 -1.901217 1.684332
-0.000000 -2.249058 1.180397
-0.000000 -1.901217 1.684332
-0.000000 -1.901217 1.684332
-0.000000 -1.901217 1.684332
-0.000000 -1.442884 2.090379
-0.000000 -1.442884 2.090379
-0.000000 -1.901217 1.684332
-0.000000 -1.442884 2.090379
-0.000000 -1.442884 2.090379
-0.000000 -1.442884 2.090379
-0.000000 -0.900696 2.374941
-0.000000 -0.900696 2.374941
-0.000000 -1.442884 2.090379
-0.000000 -0.900696 2.374941
-0.000000 -0.900696 2.374941
-0.000000 -0.900696 2.374941
-0.000000 -0.306163 2.521481
-0.000000 -0.306163 2.521481
-0.000000 -0.900696 2.374941
-0.000000 -0.306163 2.521481
-0.000000 -0.306163 2.521481
-0.000000 -0.306163 2.521481
0.000000 0.306163 2.521481
0.000000 0.306163 2.521481
-0.000000 -0.306163 2.521481
0.000000 0.306163 2.521481
0.000000 0.306163 2.521481
0.000000 0.306163 2.521481
0.000000 0.900696 2.374941
0.000000 0.900696 2.374941
0.000000 0.306163 2.521481
0.000000 0.900696 2.374941
0.000000 0.900696 2.374941
0.000000 0.900696 2.374941
0.000000 1.442884 2.090379
0.000000 1.442884 2.090379
0.000000 0.900696 2.374941
0.000000 1.442884 2.090379
0.000000 1.442884 2.090379
0.000000 1.442884 2.090379
0.000000 1.901217 1.684332
0.000000 1.901217 1.684332
0.000000 1.442884 2.090379
0.000000 1.901217 1.684332
0.000000 1.901217 1.684332
0.000000 1.901217 1.684332
0.000000 2.249058 1.180397
0.000000 2.249058 1.180397
0.000000 1.901217 1.684332
0.000000 2.249058 1.180397
0.000000 2.249058 1.180397
0.000000 2.249058 1.180397
0.000000 2.466192 0.607862
0.000000 2.466192 0.607862
0.000000 2.249058 1.180397
0.000000 2.466192 0.607862
0.000000 2.466192 0.607862
0.000000 2.466192 0.607862
0.000000 2.540000 0.000000
0.000000 2.540000 0.000000
0.000000 2.466192 0.607862
0.000000 2.540000 0.000000
-0.000000 -2.540000 0.000000
-0.000000 -2.540000 0.000000
-0.000000 -2.466192 0.607862
-0.000000 -2.466192 0.607862
-0.000000 -2.540000 0.000000
-0.000000 -2.466192 0.607862
-0.000000 -2.466192 0.607862
-0.000000 -2.466192 0.607862
-0.000000 -2.249058 1.180397
-0.000000 -2.249058 1.180397
-0.000000 -2.466192 0.607862
-0.000000 -2.249058 1.180397
-0.000000 -2.249058 1.180397
-0.000000 -2.249058 1.180397
-0.000000 -1.901217 1.684332
-0.000000 -1.901217 1.684332
-0.000000 -2.249058 1.180397
-0.000000 -1.901217 1.684332
-0.000000 -1.901217 1.684332
-0.000000 -1.901217 1.684332
-0.000000 -1.442884 2.090379
-0.000000 -1.442884 2.090379
-0.000000 -1.901217 1.684332
-0.000000 -1.442884 2.090379
-0.000000 -1.442884 2.090379
-0.000000 -1.442884 2.090379
-0.000000 -0.900696 2.374941
-0.000000 -0.900696 2.374941
-0.000000 -1.442884 2.090379
-0.000000 -0.900696 2.374941
-0.000000 -0.900696 2.374941
-0.000000 -0.900696 2.374941
-0.000000 -0.306163 2.521481
-0.000000 -0.306163 2.521481
-0.000000 -0.900696 2.374941
-0.000000 -0.306163 2.521481
-0.000000 -0.306163 2.521481
-0.000000 -0.306163 2.521481
0.000000 0.306163 2.521481
0.000000 0.306163 2.521481
-0.000000 -0.306163 2.521481
0.000000 0.306163 2.521481
0.000000 0.306163 2.521481
0.000000 0.306163 2.521481
0.000000 0.900696 2.374941
0.000000 0.900696 2.374941
0.000000 0.306163 2.521481
0.000000 0.900696 2.374941
0.000000 0.900696 2.374941
0.000000 0.900696 2.374941
0.000000 1.442884 2.090379
0.000000 1.442884 2.090379
0.000000 0.900696 2.374941
0.000000 1.442884 2.090379
0.000000 1.442884 2.090379
0.000000 1.442884 2.090379
0.000000 1.901217 1.684332
0.000000 1.901217 1.684332
0.000000 1.442884 2.090379
0.000000 1.901217 1.684332
0.000000 1.901217 1.684332
0.000000 1.901217 1.684332
0.000000 2.249058 1.180397
0.000000 2.249058 1.180397
0.000000 1.901217 1.684332
0.000000 2.249058 1.180397
0.000000 2.249058 1.180397
0.000000 2.249058 1.180397
0.000000 2.466192 0.607862
0.000000 2.466192 0.607862
0.000000 2.249058 1.180397
0.000000 2.466192 0.607862
0.000000 2.466192 0.607862
0.000000 2.466192 0.607862
0.000000 2.540000 0.000000
0.000000 2.540000 0.000000
0.000000 2.466192 0.607862
0.000000 2.540000 0.000000
-0.000000 -2.540000 0.000000
-0.000000 -2.540000 0.000000
-0.000000 -2.466192 0.607862
-0.000000 -2.466192 0.607862
-0.000000 -2.540000 0.000000
-0.000000 -2.466192 0.607862
-0.000000 -2.466192 0.607862
-0.000000 -2.466192 0.607862
-0.000000 -2.249058 1.180397
-0.000000 -2.249058 1.180397
-0.000000 -2.466192 0.607862
-0.000000 -2.249058 1.180397
-0.000000 -2.249058 1.180397
-0.000000 -2.249058 1.180397
-0.000000 -1.901217 1.684332
-0.000000 -1.901217 1.684332
-0.000000 -2.249058 1.180397
-0.000000 -1.901217 1.684332
-0.000000 -1.901217 1.684332
-0.000000 -1.901217 1.684332
-0.000000 -1.442884 2.090379
-0.000000 -1.442884 2.090379
-0.000000 -1.901217 1.684332
-0.000000 -1.442884 2.090379
-0.000000 -1.442884 2.090379
-0.000000 -1.442884 2.090379
-0.000000 -0.900696 2.374941
-0.000000 -0.900696 2.374941
-0.000000 -1.442884 2.090379
-0.000000 -0.900696 2.374941
-0.000000 -0.900696 2.374941
-0.000000 -0.900696 2.374941
-0.000000 -0.306163 2.521481
-0.000000 -0.306163 2.521481
-0.000000 -0.900696 2.374941
-0.000000 -0.306163 2.521481
-0.000000 -0.306163 2.521481
-0.000000 -0.306163 2.521481
0.000000 0.306163 2.521481
0.000000 0.306163 2.521481
-0.000000 -0.306163 2.521481
0.000000 0.306163 2.521481
0.000000 0.306163 2.521481
0.000000 0.306163 2.521481
0.000000 0.900696 2.374941
0.000000 0.900696 2.374941
0.000000 0.306163 2.521481
0.000000 0.900696 2.374941
0.000000 0.900696 2.374941
0.000000 0.900696 2.374941
0.000000 1.442884 2.090379
0.000000 1.442884 2.090379
0.000000 0.900696 2.374941
0.000000 1.442884 2.090379
0.000000 1.442884 2.090379
0.000000 1.442884 2.090379
0.000000 1.901217 1.684332
0.000000 1.901217 1.684332
0.000000 1.442884 2.090379
0.000000 1.901217 1.684332
0.000000 1.901217 1.684332
0.000000 1.901217 1.684332
0.000000 2.249058 1.180397
0.000000 2.249058 1.180397
0.000000 1.901217 1.684332
0.000000 2.249058 1.180397
0.000000 2.249058 1.180397
0.000000 2.249058 1.180397
0.000000 2.466192 0.607862
0.000000 2.466192 0.607862
0.000000 2.249058 1.180397
0.000000 2.466192 0.607862
0.000000 2.466192 0.607862
0.000000 2.466192 0.607862
0.000000 2.540000 0.000000
0.000000 2.540000 0.000000
0.000000 2.466192 0.607862
0.000000 2.540000 0.000000
-0.000000 -2.540000 0.000000
-0.000000 -2.540000 0.000000
-0.000000 -2.466192 0.607862
-0.000000 -2.466192 0.607862
-0.000000 -2.540000 0.000000
-0.000000 -2.466192 0.607862
-0.000000 -2.466192 0.607862
-0.000000 -2.466192 0.607862
-0.000000 -2.249058 1.180397
-0.000000 -2.249058 1.180397
-0.000000 -2.466192 0.607862
-0.000000 -2.249058 1.180397
-0.000000 -2.249058 1.180397
-0.000000 -2.249058 1.180397
-0.000000 -1.901217 1.684332
-0.000000 -1.901217 1.684332
-0.000000 -2.249058 1.180397
-0.000000 -1.901217 1.684332
-0.000000 -1.901217 1.684332
-0.000000 -1.901217 1.684332
-0.000000 -1.442884 2.090379
-0.000000 -1.442884 2.090379
-0.000000 -1.901217 1.684332
-0.000000 -1.442884 2.090379
-0.000000 -1.442884 2.090379
-0.000000 -1.442884 2.090379
-0.000000 -0.900696 2.374941
-0.000000 -0.900696 2.374941
-0.000000 -1.442884 2.090379
-0.000000 -0.900696 2.374941
-0.000000 -0.900696 2.374941
-0.000000 -0.900696 2.374941
-0.000000 -0.306163 2.521481
-0.000000 -0.306163 2.521481
-0.000000 -0.900696 2.374941
-0.000000 -0.306163 2.521481
-0.000000 -0.306163 2.521481
-0.000000 -0.306163 2.521481
0.000000 0.306163 2.521481
0.000000 0.306163 2.521481
-0.000000 -0.306163 2.521481
0.000000 0.306163 2.521481
0.000000 0.306163 2.521481
0.000000 0.306163 2.521481
0.000000 0.900696 2.374941
0.000000 0.900696 2.374941
0.000000 0.306163 2.521481
0.000000 0.900696 2.374941
0.000000 0.900696 2.374941
0.000000 0.900696 2.374941
0.000000 1.442884 2.090379
0.000000 1.442884 2.090379
0.000000 0.900696 2.374941
0.000000 1.442884 2.090379
0.000000 1.442884 2.090379
0.000000 1.442884 2.090379
0.000000 1.901217 1.684332
0.000000 1.901217 1.684332
0.000000 1.442884 2.090379
0.000000 1.901217 1.684332
0.000000 1.901217 1.684332
0.000000 1.901217 1.684332
0.000000 2.249058 1.180397
0.000000 2.249058 1.180397
0.000000 1.901217 1.684332
0.000000 2.249058 1.180397
0.000000 2.249058 1.180397
0.000000 2.249058 1.180397
0.000000 2.466192 0.607862
0.000000 2.466192 0.607862
0.000000 2.249058 1.180397
0.000000 2.466192 0.607862
0.000000 2.466192 0.607862
0.000000 2.466192 0.607862
0.000000 2.540000 0.000000
0.000000 2.540000 0.000000
0.000000 2.466192 0.607862
0.000000 2.540000 0.000000
-0.000000 -2.540000 0.000000
-0.000000 -2.540000 0.000000
-0.000000 -2.466192 0.607862
-0.000000 -2.466192 0.607862
-0.000000 -2.540000 0.000000
-0.000000 -2.466192 0.607862
-0.000000 -2.466192 0.607862
-0.000000 -2.466192 0.607862
-0.000000 -2.249058 1.180397
-0.000000 -2.249058 1.180397
-0.000000 -2.466192 0.607862
-0.000000 -2.249058 1.180397
-0.000000 -2.249058 1.180397
-0.000000 -2.249058 1.180397
-0.000000 -1.901217 1.684332
-0.000000 -1.901217 1.684332
-0.000000 -2.249058 1.180397
-0.000000 -1.901217 1.684332
-0.000000 -1.901217 1.684332
-0.000000 -1.901217 1.684332
-0.000000 -1.442884 2.090379
-0.000000 -1.442884 2.090379
-0.000000 -1.901217 1.684332
-0.000000 -1.442884 2.090379
-0.000000 -1.442884 2.090379
-0.000000 -1.442884 2.090379
-0.000000 -0.900696 2.374941
-0.000000 -0.900696 2.374941
-0.000000 -1.442884 2.090379
-0.000000 -0.900696 2.374941
-0.000000 -0.900696 2.374941
-0.000000 -0.900696 2.374941
-0.000000 -0.306163 2.521481
-0.000000 -0.306163 2.521481
-0.000000 -0.900696 2.374941
-0.000000 -0.306163 2.521481
-0.000000 -0.306163 2.521481
-0.000000 -0.306163 2.521481
0.000000 0.306163 2.521481
0.000000 0.306163 2.521481
-0.000000 -0.306163 2.521481
0.000000 0.306163 2.521481
0.000000 0.306163 2.521481
0.000000 0.306163 2.521481
0.000000 0.900696 2.374941
0.000000 0.900696 2.374941
0.000000 0.306163 2.521481
0.000000 0.900696 2.374941
0.000000 0.900696 2.374941
0.000000 0.900696 2.374941
0.000000 1.442884 2.090379
0.000000 1.442884 2.090379
0.000000 0.900696 2.374941
0.000000 1.442884 2.090379
0.000000 1.442884 2.090379
0.000000 1.442884 2.090379
0.000000 1.901217 1.684332
0.000000 1.901217 1.684332
0.000000 1.442884 2.090379
0.000000 1.901217 1.684332
0.000000 1.901217 1.684332
0.000000 1.901217 1.684332
0.000000 2.249058 1.180397
0.000000 2.249058 1.180397
0.000000 1.901217 1.684332
0.000000 2.249058 1.180397
0.000000 2.249058 1.180397
0.000000 2.249058 1.180397
0.000000 2.466192 0.607862
0.000000 2.466192 0.607862
0.000000 2.249058 1.180397
0.000000 2.466192 0.607862
0.000000 2.466192 0.607862
0.000000 2.466192 0.607862
0.000000 2.540000 0.000000
0.000000 2.540000 0.000000
0.000000 2.466192 0.607862
0.000000 2.540000 0.000000
-2.540000 0.000000 0.000000
-2.540000 0.000000 0.000000
-2.511630 0.378567 0.000000
-2.511630 0.378567 0.000000
-2.540000 0.000000 0.000000
-2.511630 0.378567 0.000000
-2.511630 0.378567 0.000000
-2.511630 0.378567 0.000000
-2.427155 0.748678 0.000000
-2.427155 0.748678 0.000000
-2.511630 0.378567 0.000000
-2.427155 0.748678 0.000000
-2.427155 0.748678 0.000000
-2.427155 0.748678 0.000000
-2.288461 1.102065 0.000000
-2.288461 1.102065 0.000000
-2.427155 0.748678 0.000000
-2.288461 1.102065 0.000000
-2.288461 1.102065 0.000000
-2.288461 1.102065 0.000000
-2.098646 1.430833 0.000000
-2.098646 1.430833 0.000000
-2.288461 1.102065 0.000000
-2.098646 1.430833 0.000000
-2.098646 1.430833 0.000000
-2.098646 1.430833 0.000000
-1.861952 1.727639 0.000000
-1.861952 1.727639 0.000000
-2.098646 1.430833 0.000000
-1.861952 1.727639 0.000000
-1.861952 1.727639 0.000000
-1.861952 1.727639 0.000000
-1.583664 1.985852 0.000000
-1.583664 1.985852 0.000000
-1.861952 1.727639 0.000000
-1.583664 1.985852 0.000000
-1.583664 1.985852 0.000000
-1.583664 1.985852 0.000000
-1.270000 2.199704 0.000000
-1.270000 2.199704 0.000000
-1.583664 1.985852 0.000000
-1.270000 2.199704 0.000000
-1.270000 2.199704 0.000000
-1.270000 2.199704 0.000000
-0.927966 2.364419 0.000000
-0.927966 2.364419 0.000000
-1.270000 2.199704 0.000000
-0.927966 2.364419 0.000000
-0.927966 2.364419 0.000000
-0.927966 2.364419 0.000000
-0.565203 2.476317 0.000000
-0.565203 2.476317 0.000000
-0.927966 2.364419 0.000000
-0.565203 2.476317 0.000000
-0.565203 2.476317 0.000000
-0.565203 2.476317 0.000000
-0.189814 2.532898 0.000000
-0.189814 2.532898 0.000000
-0.565203 2.476317 0.000000
-0.189814 2.532898 0.000000
-0.189814 2.532898 0.000000
-0.189814 2.532898 0.000000
0.189814 2.532898 0.000000
0.189814 2.532898 0.000000
-0.189814 2.532898 0.000000
0.189814 2.532898 0.000000
0.189814 2.532898 0.000000
0.189814 2.532898 0.000000
0.565203 2.476317 0.000000
0.565203 2.476317 0.000000
0.189814 2.532898 0.000000
0.565203 2.476317 0.000000
0.565203 2.476317 0.000000
0.565203 2.476317 0.000000
0.927966 2.364419 0.000000
0.927966 2.364419 0.000000
0.565203 2.476317 0.000000
0.927966 2.364419 0.000000
0.927966 2.364419 0.000000
0.927966 2.364419 0.000000
1.270000 2.199704 0.000000
1.270000 2.199704 0.000000
0.927966 2.364419 0.000000
1.270000 2.199704 0.000000
1.270000 2.199704 0.000000
1.270000 2.199704 0.000000
1.583664 1.985852 0.000000
1.583664 1.985852 0.000000
1.270000 2.199704 0.000000
1.583664 1.985852 0.000000
1.583664 1.985852 0.000000
1.583664 1.985852 0.000000
1.861952 1.727639 0.000000
1.861952 1.727639 0.000000
1.583664 1.985852 0.000000
1.861952 1.727639 0.000000
1.861952 1.727639 0.000000
1.861952 1.727639 0.000000
2.098646 1.430833 0.000000
2.098646 1.430833 0.000000
1.861952 1.727639 0.000000
2.098646 1.430833 0.000000
2.098646 1.430833 0.000000
2.098646 1.430833 0.000000
2.288461 1.102065 0.000000
2.288461 1.102065 0.000000
2.098646 1.430833 0.000000
2.288461 1.102065 0.000000
2.288461 1.102065 0.000000
2.288461 1.102065 0.000000
2.427155 0.748678 0.000000
2.427155 0.748678 0.000000
2.288461 1.102065 0.000000
2.427155 0.748678 0.000000
2.427155 0.748678 0.000000
2.427155 0.748678 0.000000
2.511630 0.378567 0.000000
2.511630 0.378567 0.000000
2.427155 0.748678 0.000000
2.511630 0.378567 0.000000
2.511630 0.378567 0.000000
2.511630 0.378567 0.000000
2.540000 0.000000 0.000000
2.540000 0.000000 0.000000
2.511630 0.378567 0.000000
2.540000 0.000000 0.000000
0.000000 -0.000000 -2.540000
-0.000000 -0.000000 -2.540000
0.607862 -0.000000 -2.466192
0.607862 -0.000000 -2.466192
-0.000000 -0.000000 -2.540000
0.607862 -0.000000 -2.466192
0.607862 -0.000000 -2.466192
0.607862 -0.000000 -2.466192
1.180397 -0.000000 -2.249058
1.180397 -0.000000 -2.249058
0.607862 -0.000000 -2.466192
1.180397 -0.000000 -2.249058
1.180397 -0.000000 -2.249058
1.180397 -0.000000 -2.249058
1.684332 -0.000000 -1.901217
1.684332 -0.000000 -1.901217
1.180397 -0.000000 -2.249058
1.684332 -0.000000 -1.901217
1.684332 -0.000000 -1.901217
1.684332 -0.000000 -1.901217
2.090379 -0.000000 -1.442884
2.090379 -0.000000 -1.442884
1.684332 -0.000000 -1.901217
2.090379 -0.000000 -1.442884
2.090379 -0.000000 -1.442884
2.090379 -0.000000 -1.442884
2.374941 -0.000000 -0.900696
2.374941 -0.000000 -0.900696
2.090379 -0.000000 -1.442884
2.374941 -0.000000 -0.900696
2.374941 -0.000000 -0.900696
2.374941 -0.000000 -0.900696
2.521481 -0.000000 -0.306163
2.521481 -0.000000 -0.306163
2.374941 -0.000000 -0.900696
2.521481 -0.000000 -0.306163
2.521481 -0.000000 -0.306163
2.521481 -0.000000 -0.306163
2.521481 -0.000000 0.306163
2.521481 -0.000000 0.306163
2.521481 -0.000000 -0.306163
2.521481 -0.000000 0.306163
2.521481 -0.000000 0.306163
2.521481 -0.000000 0.306163
2.374941 -0.000000 0.900696
2.374941 -0.000000 0.900696
2.521481 -0.000000 0.306163
2.374941 -0.000000 0.900696
2.374941 -0.000000 0.900696
2.374941 -0.000000 0.900696
2.090379 0.000000 1.442884
2.090379 0.000000 1.442884
2.374941 -0.000000 0.900696
2.090379 0.000000 1.442884
2.090379 0.000000 1.442884
2.090379 0.000000 1.442884
1.684332 0.000000 1.901217
1.684332 0.000000 1.901217
2.090379 0.000000 1.442884
1.684332 0.000000 1.901217
1.684332 0.000000 1.901217
1.684332 0.000000 1.901217
1.180397 0.000000 2.249058
1.180397 0.000000 2.249058
1.684332 0.000000 1.901217
1.180397 0.000000 2.249058
1.180397 0.000000 2.249058
1.180397 0.000000 2.249058
0.607862 0.000000 2.466192
0.607862 0.000000 2.466192
1.180397 0.000000 2.249058
0.607862 0.000000 2.466192
0.607862 0.000000 2.466192
0.607862 0.000000 2.466192
0.000000 0.000000 2.540000
0.000000 0.000000 2.540000
0.607862 0.000000 2.466192
0.000000 0.000000 2.540000
0.000000 -0.000000 -2.540000
-0.000000 -0.000000 -2.540000
0.607862 -0.000000 -2.466192
0.607862 -0.000000 -2.466192
-0.000000 -0.000000 -2.540000
0.607862 -0.000000 -2.466192
0.607862 -0.000000 -2.466192
0.607862 -0.000000 -2.466192
1.180397 -0.000000 -2.249058
1.180397 -0.000000 -2.249058
0.607862 -0.000000 -2.466192
1.180397 -0.000000 -2.249058
1.180397 -0.000000 -2.249058
1.180397 -0.000000 -2.249058
1.684332 -0.000000 -1.901217
1.684332 -0.000000 -1.901217
1.180397 -0.000000 -2.249058
1.684332 -0.000000 -1.901217
1.684332 -0.000000 -1.901217
1.684332 -0.000000 -1.901217
2.090379 -0.000000 -1.442884
2.090379 -0.000000 -1.442884
1.684332 -0.000000 -1.901217
2.090379 -0.000000 -1.442884
2.090379 -0.000000 -1.442884
2.090379 -0.000000 -1.442884
2.374941 -0.000000 -0.900696
2.374941 -0.000000 -0.900696
2.090379 -0.000000 -1.442884
2.374941 -0.000000 -0.900696
2.374941 -0.000000 -0.900696
2.374941 -0.000000 -0.900696
2.521481 -0.000000 -0.306163
2.521481 -0.000000 -0.306163
2.374941 -0.000000 -0.900696
2.521481 -0.000000 -0.306163
2.521481 -0.000000 -0.306163
2.521481 -0.000000 -0.306163
2.521481 -0.000000 0.306163
2.521481 -0.000000 0.306163
2.521481 -0.000000 -0.306163
2.521481 -0.000000 0.306163
2.521481 -0.000000 0.306163
2.521481 -0.000000 0.306163
2.374941 -0.000000 0.900696
2.374941 -0.000000 0.900696
2.521481 -0.000000 0.306163
2.374941 -0.000000 0.900696
2.374941 -0.000000 0.900696
2.374941 -0.000000 0.900696
2.090379 0.000000 1.442884
2.090379 0.000000 1.442884
2.374941 -0.000000 0.900696
2.090379 0.000000 1.442884
2.090379 0.000000 1.442884
2.090379 0.000000 1.442884
1.684332 0.000000 1.901217
1.684332 0.000000 1.901217
2.090379 0.000000 1.442884
1.684332 0.000000 1.901217
1.684332 0.000000 1.901217
1.684332 0.000000 1.901217
1.180397 0.000000 2.249058
1.180397 0.000000 2.249058
1.684332 0.000000 1.901217
1.180397 0.000000 2.249058
1.180397 0.000000 2.249058
1.180397 0.000000 2.249058
0.607862 0.000000 2.466192
0.607862 0.000000 2.466192
1.180397 0.000000 2.249058
0.607862 0.000000 2.466192
0.607862 0.000000 2.466192
0.607862 0.000000 2.466192
0.000000 0.000000 2.540000
0.000000 0.000000 2.540000
0.607862 0.000000 2.466192
0.000000 0.000000 2.540000
0.000000 -0.000000 -2.540000
-0.000000 -0.000000 -2.540000
0.607862 -0.000000 -2.466192
0.607862 -0.000000 -2.466192
-0.000000 -0.000000 -2.540000
0.607862 -0.000000 -2.466192
0.607862 -0.000000 -2.466192
0.607862 -0.000000 -2.466192
1.180397 -0.000000 -2.249058
1.180397 -0.000000 -2.249058
0.607862 -0.000000 -2.466192
1.180397 -0.000000 -2.249058
1.180397 -0.000000 -2.249058
1.180397 -0.000000 -2.249058
1.684332 -0.000000 -1.901217
1.684332 -0.000000 -1.901217
1.180397 -0.000000 -2.249058
1.684332 -0.000000 -1.901217
1.684332 -0.000000 -1.901217
1.684332 -0.000000 -1.901217
2.090379 -0.000000 -1.442884
2.090379 -0.000000 -1.442884
1.684332 -0.000000 -1.901217
2.090379 -0.000000 -1.442884
2.090379 -0.000000 -1.442884
2.090379 -0.000000 -1.442884
2.374941 -0.000000 -0.900696
2.374941 -0.000000 -0.900696
2.090379 -0.000000 -1.442884
2.374941 -0.000000 -0.900696
2.374941 -0.000000 -0.900696
2.374941 -0.000000 -0.900696
2.521481 -0.000000 -0.306163
2.521481 -0.000000 -0.306163
2.374941 -0.000000 -0.900696
2.521481 -0.000000 -0.306163
2.521481 -0.000000 -0.306163
2.521481 -0.000000 -0.306163
2.521481 -0.000000 0.306163
2.521481 -0.000000 0.306163
2.521481 -0.000000 -0.306163
2.521481 -0.000000 0.306163
2.521481 -0.000000 0.306163
2.521481 -0.000000 0.306163
2.374941 -0.000000 0.900696
2.374941 -0.000000 0.900696
2.521481 -0.000000 0.306163
2.374941 -0.000000 0.900696
2.374941 -0.000000 0.900696
2.374941 -0.000000 0.900696
2.090379 0.000000 1.442884
2.090379 0.000000 1.442884
2.374941 -0.000000 0.900696
2.090379 0.000000 1.442884
2.090379 0.000000 1.442884
2.090379 0.000000 1.442884
1.684332 0.000000 1.901217
1.684332 0.000000 1.901217
2.090379 0.000000 1.442884
1.684332 0.000000 1.901217
1.684332 0.000000 1.901217
1.684332 0.000000 1.901217
1.180397 0.000000 2.249058
1.180397 0.000000 2.249058
1.684332 0.000000 1.901217
1.180397 0.000000 2.249058
1.180397 0.000000 2.249058
1.180397 0.000000 2.249058
0.607862 0.000000 2.466192
0.607862 0.000000 2.466192
1.180397 0.000000 2.249058
0.607862 0.000000 2.466192
0.607862 0.000000 2.466192
0.607862 0.000000 2.466192
0.000000 0.000000 2.540000
0.000000 0.000000 2.540000
0.607862 0.000000 2.466192
0.000000 0.000000 2.540000
-0.000000 -0.000000 2.540000
-0.000000 -0.000000 2.540000
0.607862 -0.000000 2.466192
0.607862 -0.000000 2.466192
-0.000000 -0.000000 2.540000
0.607862 -0.000000 2.466192
0.607862 -0.000000 2.466192
0.607862 -0.000000 2.466192
1.180397 -0.000000 2.249058
1.180397 -0.000000 2.249058
0.607862 -0.000000 2.466192
1.180397 -0.000000 2.249058
1.180397 -0.000000 2.249058
1.180397 -0.000000 2.249058
1.684332 -0.000000 1.901217
1.684332 -0.000000 1.901217
1.180397 -0.000000 2.249058
1.684332 -0.000000 1.901217
1.684332 -0.000000 1.901217
1.684332 -0.000000 1.901217
2.090379 -0.000000 1.442884
2.090379 -0.000000 1.442884
1.684332 -0.000000 1.901217
2.090379 -0.000000 1.442884
2.090379 -0.000000 1.442884
2.090379 -0.000000 1.442884
2.374941 0.000000 0.900696
2.374941 0.000000 0.900696
2.090379 -0.000000 1.442884
2.374941 0.000000 0.900696
2.374941 0.000000 0.900696
2.374941 0.000000 0.900696
2.521481 0.000000 0.306163
2.521481 0.000000 0.306163
2.374941 0.000000 0.900696
2.521481 0.000000 0.306163
2.521481 0.000000 0.306163
2.521481 0.000000 0.306163
2.521481 0.000000 -0.306163
2.521481 0.000000 -0.306163
2.521481 0.000000 0.306163
2.521481 0.000000 -0.306163
2.521481 0.000000 -0.306163
2.521481 0.000000 -0.306163
2.374941 0.000000 -0.900696
2.374941 0.000000 -0.900696
2.521481 0.000000 -0.306163
2.374941 0.000000 -0.900696
2.374941 0.000000 -0.900696
2.374941 0.000000 -0.900696
2.090379 0.000000 -1.442884
2.090379 0.000000 -1.442884
2.374941 0.000000 -0.900696
2.090379 0.000000 -1.442884
2.090379 0.000000 -1.442884
2.090379 0.000000 -1.442884
1.684332 0.000000 -1.901217
1.684332 0.000000 -1.901217
2.090379 0.000000 -1.442884
1.684332 0.000000 -1.901217
1.684332 0.000000 -1.901217
1.684332 0.000000 -1.901217
1.180397 0.000000 -2.249058
1.180397 0.000000 -2.249058
1.684332 0.000000 -1.901217
1.180397 0.000000 -2.249058
1.180397 0.000000 -2.249058
1.180397 0.000000 -2.249058
0.607862 0.000000 -2.466192
0.607862 0.000000 -2.466192
1.180397 0.000000 -2.249058
0.607862 0.000000 -2.466192
0.607862 0.000000 -2.466192
0.607862 0.000000 -2.466192
0.000000 0.000000 -2.540000
0.000000 0.000000 -2.540000
0.607862 0.000000 -2.466192
0.000000 0.000000 -2.540000
0.000000 -0.000000 2.540000
-0.000000 -0.000000 2.540000
0.607862 -0.000000 2.466192
0.607862 -0.000000 2.466192
-0.000000 -0.000000 2.540000
0.607862 -0.000000 2.466192
0.607862 -0.000000 2.466192
0.607862 -0.000000 2.466192
1.180397 -0.000000 2.249058
1.180397 -0.000000 2.249058
0.607862 -0.000000 2.466192
1.180397 -0.000000 2.249058
1.180397 -0.000000 2.249058
1.180397 -0.000000 2.249058
1.684332 -0.000000 1.901217
1.684332 -0.000000 1.901217
1.180397 -0.000000 2.249058
1.684332 -0.000000 1.901217
1.684332 -0.000000 1.901217
1.684332 -0.000000 1.901217
2.090379 -0.000000 1.442884
2.090379 -0.000000 1.442884
1.684332 -0.000000 1.901217
2.090379 -0.000000 1.442884
2.090379 -0.000000 1.442884
2.090379 -0.000000 1.442884
2.374941 0.000000 0.900696
2.374941 0.000000 0.900696
2.090379 -0.000000 1.442884
2.374941 0.000000 0.900696
2.374941 0.000000 0.900696
2.374941 0.000000 0.900696
2.521481 0.000000 0.306163
2.521481 0.000000 0.306163
2.374941 0.000000 0.900696
2.521481 0.000000 0.306163
2.521481 0.000000 0.306163
2.521481 0.000000 0.306163
2.521481 0.000000 -0.306163
2.521481 0.000000 -0.306163
2.521481 0.000000 0.306163
2.521481 0.000000 -0.306163
2.521481 0.000000 -0.306163
2.521481 0.000000 -0.306163
2.374941 0.000000 -0.900696
2.374941 0.000000 -0.900696
2.521481 0.000000 -0.306163
2.374941 0.000000 -0.900696
2.374941 0.000000 -0.900696
2.374941 0.000000 -0.900696
2.090379 0.000000 -1.442884
2.090379 0.000000 -1.442884
2.374941 0.000000 -0.900696
2.090379 0.000000 -1.442884
2.090379 0.000000 -1.442884
2.090379 0.000000 -1.442884
1.684332 0.000000 -1.901217
1.684332 0.000000 -1.901217
2.090379 0.000000 -1.442884
1.684332 0.000000 -1.901217
1.684332 0.000000 -1.901217
1.684332 0.000000 -1.901217
1.180397 0.000000 -2.249058
1.180397 0.000000 -2.249058
1.684332 0.000000 -1.901217
1.180397 0.000000 -2.249058
1.180397 0.000000 -2.249058
1.180397 0.000000 -2.249058
0.607862 0.000000 -2.466192
0.607862 0.000000 -2.466192
1.180397 0.000000 -2.249058
0.607862 0.000000 -2.466192
0.607862 0.000000 -2.466192
0.607862 0.000000 -2.466192
0.000000 0.000000 -2.540000
0.000000 0.000000 -2.540000
0.607862 0.000000 -2.466192
0.000000 0.000000 -2.540000
0.000000 -0.000000 2.540000
-0.000000 -0.000000 2.540000
0.607862 -0.000000 2.466192
0.607862 -0.000000 2.466192
-0.000000 -0.000000 2.540000
0.607862 -0.000000 2.466192
0.607862 -0.000000 2.466192
0.607862 -0.000000 2.466192
1.180397 -0.000000 2.249058
1.180397 -0.000000 2.249058
0.607862 -0.000000 2.466192
1.180397 -0.000000 2.249058
1.180397 -0.000000 2.249058
1.180397 -0.000000 2.249058
1.684332 -0.000000 1.901217
1.684332 -0.000000 1.901217
1.180397 -0.000000 2.249058
1.684332 -0.000000 1.901217
1.684332 -0.000000 1.901217
1.684332 -0.000000 1.901217
2.090379 -0.000000 1.442884
2.090379 -0.000000 1.442884
1.684332 -0.000000 1.901217
2.090379 -0.000000 1.442884
2.090379 -0.000000 1.442884
2.090379 -0.000000 1.442884
2.374941 0.000000 0.900696
2.374941 0.000000 0.900696
2.090379 -0.000000 1.442884
2.374941 0.000000 0.900696
2.374941 0.000000 0.900696
2.374941 0.000000 0.900696
2.521481 0.000000 0.306163
2.521481 0.000000 0.306163
2.374941 0.000000 0.900696
2.521481 0.000000 0.306163
2.521481 0.000000 0.306163
2.521481 0.000000 0.306163
2.521481 0.000000 -0.306163
2.521481 0.000000 -0.306163
2.521481 0.000000 0.306163
2.521481 0.000000 -0.306163
2.521481 0.000000 -0.306163
2.521481 0.000000 -0.306163
2.374941 0.000000 -0.900696
2.374941 0.000000 -0.900696
2.521481 0.000000 -0.306163
2.374941 0.000000 -0.900696
2.374941 0.000000 -0.900696
2.374941 0.000000 -0.900696
2.090379 0.000000 -1.442884
2.090379 0.000000 -1.442884
2.374941 0.000000 -0.900696
2.090379 0.000000 -1.442884
2.090379 0.000000 -1.442884
2.090379 0.000000 -1.442884
1.684332 0.000000 -1.901217
1.684332 0.000000 -1.901217
2.090379 0.000000 -1.442884
1.684332 0.000000 -1.901217
1.684332 0.000000 -1.901217
1.684332 0.000000 -1.901217
1.180397 0.000000 -2.249058
1.180397 0.000000 -2.249058
1.684332 0.000000 -1.901217
1.180397 0.000000 -2.249058
1.180397 0.000000 -2.249058
1.180397 0.000000 -2.249058
0.607862 0.000000 -2.466192
0.607862 0.000000 -2.466192
1.180397 0.000000 -2.249058
0.607862 0.000000 -2.466192
0.607862 0.000000 -2.466192
0.607862 0.000000 -2.466192
0.000000 0.000000 -2.540000
0.000000 0.000000 -2.540000
0.607862 0.000000 -2.466192
0.000000 0.000000 -2.540000
0.000000 0.000000 -2.540000
0.000000 0.000000 -2.540000
0.000000 0.000000 -2.540000
0.000000 0.000000 -2.540000
0.000000 0.000000 -2.540000
0.000000 0.000000 -2.540000
0.000000 0.000000 -2.540000
0.000000 0.000000 -2.540000
0.000000 0.000000 -2.540000
0.000000 0.000000 -2.540000
0.000000 0.000000 -2.540000
0.000000 0.000000 -2.540000
0.000000 0.000000 -2.540000
0.000000 0.000000 -2.540000
0.000000 0.000000 -2.540000
0.000000 0.000000 -2.540000
0.000000 0.000000 -2.540000
0.000000 0.000000 -2.540000
0.000000 0.000000 -2.540000
0.000000 0.000000 -2.540000
0.000000 0.000000 -2.540000
0.000000 0.000000 -2.540000
0.000000 0.000000 -2.540000
0.000000 0.000000 -2.540000
0.000000 0.000000 -2.540000
0.000000 0.000000 -2.540000
0.000000 0.000000 -2.540000
0.000000 0.000000 -2.540000
0.000000 0.000000 -2.540000
0.000000 0.000000 -2.540000
0.000000 0.000000 -2.540000
0.000000 0.000000 -2.540000
0.000000 0.000000 -2.540000
0.000000 0.000000 -2.540000
0.000000 0.000000 -2.540000
0.000000 0.000000 -2.540000
0.000000 0.000000 -2.540000
0.000000 0.000000 -2.540000
0.000000 0.000000 -2.540000
0.000000 0.000000 -2.540000
0.000000 0.000000 -2.540000
0.000000 0.000000 -2.540000
0.000000 0.000000 -2.540000
0.000000 0.000000 -2.540000
0.000000 0.000000 -2.540000
0.000000 0.000000 -2.540000
0.000000 0.000000 -2.540000
0.000000 0.000000 -2.540000
0.000000 0.000000 -2.540000
0.000000 0.000000 -2.540000
0.000000 0.000000 -2.540000
0.000000 0.000000 -2.540000
0.000000 0.000000 -2.540000
0.000000 0.000000 -2.540000
0.000000 0.000000 -2.540000
0.000000 0.000000 -2.540000
0.000000 0.000000 -2.540000
0.000000 0.000000 -2.540000
0.000000 0.000000 -2.540000
0.000000 0.000000 -2.540000
0.000000 0.000000 -2.540000
0.000000 0.000000 -2.540000
0.000000 0.000000 -2.540000
0.000000 0.000000 -2.540000
0.000000 0.000000 -2.540000
0.000000 0.000000 -2.540000
0.000000 0.000000 -2.540000
0.000000 0.000000 -2.540000
0.000000 0.000000 -2.540000
0.000000 0.000000 -2.540000
0.000000 0.000000 -2.540000
0.000000 0.000000 -2.540000
0.000000 0.000000 -2.540000
0.000000 0.000000 -2.540000
0.000000 0.000000 -2.540000
0.000000 0.000000 -2.540000
0.000000 0.000000 -2.540000
0.000000 0.000000 -2.540000
0.000000 0.000000 -2.540000
0.000000 0.000000 -2.540000
0.000000 0.000000 -2.540000
0.000000 0.000000 -2.540000
0.000000 0.000000 -2.540000
0.000000 0.000000 -2.540000
0.000000 0.000000 -2.540000
0.000000 0.000000 -2.540000
0.000000 0.000000 -2.540000
0.000000 0.000000 -2.540000
0.000000 0.000000 -2.540000
0.000000 0.000000 -2.540000
0.000000 0.000000 -2.540000
0.000000 0.000000 -2.540000
0.000000 0.000000 -2.540000
0.000000 0.000000 -2.540000
0.000000 0.000000 -2.540000
0.000000 0.000000 -2.540000
0.000000 0.000000 -2.540000
0.000000 0.000000 -2.540000
0.000000 0.000000 -2.540000
0.000000 0.000000 -2.540000
0.000000 0.000000 -2.540000
0.000000 0.000000 -2.540000
0.000000 0.000000 -2.540000
0.000000 0.000000 -2.540000
0.000000 0.000000 -2.540000
0.000000 0.000000 -2.540000
0.000000 0.000000 -2.540000
0.000000 0.000000 -2.540000
0.000000 0.000000 -2.540000
0.000000 0.000000 -2.540000
0.000000 0.000000 -2.540000
0.000000 0.000000 -2.540000
0.000000 0.000000 -2.540000
0.000000 0.000000 -2.540000
0.000000 0.000000 -2.540000
0.000000 0.000000 -2.540000
0.000000 0.000000 -2.540000
0.000000 0.000000 -2.540000
0.000000 0.000000 -2.540000
0.000000 0.000000 -2.540000
0.000000 0.000000 -2.540000
0.000000 0.000000 -2.540000
0.000000 0.000000 -2.540000
0.000000 0.000000 -2.540000
0.000000 0.000000 -2.540000
0.000000 0.000000 -2.540000
0.000000 0.000000 -2.540000
0.000000 0.000000 -2.540000
0.000000 0.000000 -2.540000
0.000000 0.000000 -2.540000
0.000000 0.000000 -2.540000
0.000000 0.000000 -2.540000
0.000000 0.000000 -2.540000
0.000000 0.000000 -2.540000
0.000000 0.000000 -2.540000
0.000000 0.000000 -2.540000
0.000000 0.000000 -2.540000
0.000000 0.000000 -2.540000
0.000000 0.000000 -2.540000
0.000000 0.000000 -2.540000
0.000000 0.000000 -2.540000
0.000000 0.000000 -2.540000
0.000000 0.000000 -2.540000
0.000000 0.000000 -2.540000
0.000000 0.000000 -2.540000
0.000000 0.000000 -2.540000
0.000000 0.000000 -2.540000
0.000000 0.000000 -2.540000
0.000000 0.000000 -2.540000
0.000000 0.000000 -2.540000
0.000000 0.000000 -2.540000
0.000000 0.000000 -2.540000
0.000000 0.000000 -2.540000
0.000000 0.000000 -2.540000
0.000000 0.000000 -2.540000
0.000000 0.000000 -2.540000
0.000000 0.000000 -2.540000
0.000000 0.000000 -2.540000
0.000000 0.000000 -2.540000
0.000000 0.000000 -2.540000
0.000000 0.000000 -2.540000
0.000000 0.000000 -2.540000
0.000000 0.000000 -2.540000
0.000000 0.000000 -2.540000
0.000000 0.000000 -2.540000
0.000000 0.000000 -2.540000
0.000000 0.000000 -2.540000
0.000000 0.000000 -2.540000
0.000000 0.000000 -2.540000
0.000000 0.000000 -2.540000
0.000000 0.000000 -2.540000
0.000000 0.000000 -2.540000
0.000000 0.000000 -2.540000
0.000000 0.000000 -2.540000
0.000000 0.000000 -2.540000
0.000000 0.000000 -2.540000
0.000000 0.000000 -2.540000
0.000000 0.000000 -2.540000
0.000000 0.000000 -2.540000
0.000000 0.000000 -2.540000
0.000000 0.000000 -2.540000
0.000000 0.000000 -2.540000
-0.607862 0.000000 -2.466192
-0.607862 0.000000 -2.466192
0.000000 0.000000 -2.540000
-0.607862 0.000000 -2.466192
-0.607862 0.000000 -2.466192
-0.607862 0.000000 -2.466192
-1.180397 0.000000 -2.249058
-1.180397 0.000000 -2.249058
-0.607862 0.000000 -2.466192
-1.180397 0.000000 -2.249058
-1.180397 0.000000 -2.249058
-1.180397 0.000000 -2.249058
-1.684332 0.000000 -1.901217
-1.684332 0.000000 -1.901217
-1.180397 0.000000 -2.249058
-1.684332 0.000000 -1.901217
-1.684332 0.000000 -1.901217
-1.684332 0.000000 -1.901217
-2.090379 0.000000 -1.442884
-2.090379 0.000000 -1.442884
-1.684332 0.000000 -1.901217
-2.090379 0.000000 -1.442884
-2.090379 0.000000 -1.442884
-2.090379 0.000000 -1.442884
-2.374941 -0.000000 -0.900696
-2.374941 -0.000000 -0.900696
-2.090379 0.000000 -1.442884
-2.374941 -0.000000 -0.900696
-2.374941 -0.000000 -0.900696
-2.374941 -0.000000 -0.900696
-2.521481 -0.000000 -0.306163
-2.521481 -0.000000 -0.306163
-2.374941 -0.000000 -0.900696
-2.521481 -0.000000 -0.306163
-2.521481 -0.000000 -0.306163
-2.521481 -0.000000 -0.306163
-2.521481 -0.000000 0.306163
-2.521481 -0.000000 0.306163
-2.521481 -0.000000 -0.306163
-2.521481 -0.000000 0.306163
-2.521481 -0.000000 0.306163
-2.521481 -0.000000 0.306163
-2.374941 -0.000000 0.900696
-2.374941 -0.000000 0.900696
-2.521481 -0.000000 0.306163
-2.374941 -0.000000 0.900696
-2.374941 -0.000000 0.900696
-2.374941 -0.000000 0.900696
-2.090379 -0.000000 1.442884
-2.090379 -0.000000 1.442884
-2.374941 -0.000000 0.900696
-2.090379 -0.000000 1.442884
-2.090379 -0.000000 1.442884
-2.090379 -0.000000 1.442884
-1.684332 -0.000000 1.901217
-1.684332 -0.000000 1.901217
-2.090379 -0.000000 1.442884
-1.684332 -0.000000 1.901217
-1.684332 -0.000000 1.901217
-1.684332 -0.000000 1.901217
-1.180397 -0.000000 2.249058
-1.180397 -0.000000 2.249058
-1.684332 -0.000000 1.901217
-1.180397 -0.000000 2.249058
-1.180397 -0.000000 2.249058
-1.180397 -0.000000 2.249058
-0.607862 -0.000000 2.466192
-0.607862 -0.000000 2.466192
-1.180397 -0.000000 2.249058
-0.607862 -0.000000 2.466192
-0.607862 -0.000000 2.466192
-0.607862 -0.000000 2.466192
0.000000 -0.000000 2.540000
0.000000 -0.000000 2.540000
-0.607862 -0.000000 2.466192
-0.000000 -0.000000 2.540000
0.000000 0.000000 -2.540000
0.000000 0.000000 -2.540000
-0.607862 0.000000 -2.466192
-0.607862 0.000000 -2.466192
0.000000 0.000000 -2.540000
-0.607862 0.000000 -2.466192
-0.607862 0.000000 -2.466192
-0.607862 0.000000 -2.466192
-1.180397 0.000000 -2.249058
-1.180397 0.000000 -2.249058
-0.607862 0.000000 -2.466192
-1.180397 0.000000 -2.249058
-1.180397 0.000000 -2.249058
-1.180397 0.000000 -2.249058
-1.684332 0.000000 -1.901217
-1.684332 0.000000 -1.901217
-1.180397 0.000000 -2.249058
-1.684332 0.000000 -1.901217
-1.684332 0.000000 -1.901217
-1.684332 0.000000 -1.901217
-2.090379 0.000000 -1.442884
-2.090379 0.000000 -1.442884
-1.684332 0.000000 -1.901217
-2.090379 0.000000 -1.442884
-2.090379 0.000000 -1.442884
-2.090379 0.000000 -1.442884
-2.374941 -0.000000 -0.900696
-2.374941 -0.000000 -0.900696
-2.090379 0.000000 -1.442884
-2.374941 -0.000000 -0.900696
-2.374941 -0.000000 -0.900696
-2.374941 -0.000000 -0.900696
-2.521481 -0.000000 -0.306163
-2.521481 -0.000000 -0.306163
-2.374941 -0.000000 -0.900696
-2.521481 -0.000000 -0.306163
-2.521481 -0.000000 -0.306163
-2.521481 -0.000000 -0.306163
-2.521481 -0.000000 0.306163
-2.521481 -0.000000 0.306163
-2.521481 -0.000000 -0.306163
-2.521481 -0.000000 0.306163
-2.521481 -0.000000 0.306163
-2.521481 -0.000000 0.306163
-2.374941 -0.000000 0.900696
-2.374941 -0.000000 0.900696
-2.521481 -0.000000 0.306163
-2.374941 -0.000000 0.900696
-2.374941 -0.000000 0.900696
-2.374941 -0.000000 0.900696
-2.090379 -0.000000 1.442884
-2.090379 -0.000000 1.442884
-2.374941 -0.000000 0.900696
-2.090379 -0.000000 1.442884
-2.090379 -0.000000 1.442884
-2.090379 -0.000000 1.442884
-1.684332 -0.000000 1.901217
-1.684332 -0.000000 1.901217
-2.090379 -0.000000 1.442884
-1.684332 -0.000000 1.901217
-1.684332 -0.000000 1.901217
-1.684332 -0.000000 1.901217
-1.180397 -0.000000 2.249058
-1.180397 -0.000000 2.249058
-1.684332 -0.000000 1.901217
-1.180397 -0.000000 2.249058
-1.180397 -0.000000 2.249058
-1.180397 -0.000000 2.249058
-0.607862 -0.000000 2.466192
-0.607862 -0.000000 2.466192
-1.180397 -0.000000 2.249058
-0.607862 -0.000000 2.466192
-0.607862 -0.000000 2.466192
-0.607862 -0.000000 2.466192
0.000000 -0.000000 2.540000
0.000000 -0.000000 2.540000
-0.607862 -0.000000 2.466192
-0.000000 -0.000000 2.540000
0.000000 0.000000 -2.540000
0.000000 0.000000 -2.540000
-0.607862 0.000000 -2.466192
-0.607862 0.000000 -2.466192
0.000000 0.000000 -2.540000
-0.607862 0.000000 -2.466192
-0.607862 0.000000 -2.466192
-0.607862 0.000000 -2.466192
-1.180397 0.000000 -2.249058
-1.180397 0.000000 -2.249058
-0.607862 0.000000 -2.466192
-1.180397 0.000000 -2.249058
-1.180397 0.000000 -2.249058
-1.180397 0.000000 -2.249058
-1.684332 0.000000 -1.901217
-1.684332 0.000000 -1.901217
-1.180397 0.000000 -2.249058
-1.684332 0.000000 -1.901217
-1.684332 0.000000 -1.901217
-1.684332 0.000000 -1.901217
-2.090379 0.000000 -1.442884
-2.090379 0.000000 -1.442884
-1.684332 0.000000 -1.901217
-2.090379 0.000000 -1.442884
-2.090379 0.000000 -1.442884
-2.090379 0.000000 -1.442884
-2.374941 -0.000000 -0.900696
-2.374941 -0.000000 -0.900696
-2.090379 0.000000 -1.442884
-2.374941 -0.000000 -0.900696
-2.374941 -0.000000 -0.900696
-2.374941 -0.000000 -0.900696
-2.521481 -0.000000 -0.306163
-2.521481 -0.000000 -0.306163
-2.374941 -0.000000 -0.900696
-2.521481 -0.000000 -0.306163
-2.521481 -0.000000 -0.306163
-2.521481 -0.000000 -0.306163
-2.521481 -0.000000 0.306163
-2.521481 -0.000000 0.306163
-2.521481 -0.000000 -0.306163
-2.521481 -0.000000 0.306163
-2.521481 -0.000000 0.306163
-2.521481 -0.000000 0.306163
-2.374941 -0.000000 0.900696
-2.374941 -0.000000 0.900696
-2.521481 -0.000000 0.306163
-2.374941 -0.000000 0.900696
-2.374941 -0.000000 0.900696
-2.374941 -0.000000 0.900696
-2.090379 -0.000000 1.442884
-2.090379 -0.000000 1.442884
-2.374941 -0.000000 0.900696
-2.090379 -0.000000 1.442884
-2.090379 -0.000000 1.442884
-2.090379 -0.000000 1.442884
-1.684332 -0.000000 1.901217
-1.684332 -0.000000 1.901217
-2.090379 -0.000000 1.442884
-1.684332 -0.000000 1.901217
-1.684332 -0.000000 1.901217
-1.684332 -0.000000 1.901217
-1.180397 -0.000000 2.249058
-1.180397 -0.000000 2.249058
-1.684332 -0.000000 1.901217
-1.180397 -0.000000 2.249058
-1.180397 -0.000000 2.249058
-1.180397 -0.000000 2.249058
-0.607862 -0.000000 2.466192
-0.607862 -0.000000 2.466192
-1.180397 -0.000000 2.249058
-0.607862 -0.000000 2.466192
-0.607862 -0.000000 2.466192
-0.607862 -0.000000 2.466192
-0.000000 -0.000000 2.540000
-0.000000 -0.000000 2.540000
-0.607862 -0.000000 2.466192
-0.000000 -0.000000 2.540000
0.000000 0.000000 -2.540000
0.000000 0.000000 -2.540000
0.000000 0.000000 -2.540000
0.000000 0.000000 -2.540000
0.000000 0.000000 -2.540000
0.000000 0.000000 -2.540000
0.000000 2.540000 -0.000000
0.000000 2.540000 -0.000000
0.000000 2.540000 -0.000000
0.000000 2.540000 -0.000000
0.000000 2.540000 -0.000000
0.000000 2.540000 -0.000000
0.000000 2.540000 -0.000000
0.000000 2.540000 -0.000000
0.000000 2.540000 -0.000000
0.000000 2.540000 -0.000000
0.000000 2.540000 -0.000000
0.000000 2.540000 -0.000000
0.000000 2.540000 -0.000000
0.000000 2.540000 -0.000000
0.000000 2.540000 -0.000000
0.000000 2.540000 -0.000000
0.000000 2.540000 -0.000000
0.000000 2.540000 -0.000000
0.000000 2.540000 -0.000000
0.000000 2.540000 -0.000000
0.000000 2.540000 -0.000000
0.000000 2.540000 -0.000000
0.000000 2.540000 -0.000000
0.000000 2.540000 -0.000000
0.000000 2.540000 -0.000000
0.000000 2.540000 -0.000000
0.000000 2.540000 -0.000000
0.000000 2.540000 -0.000000
0.000000 2.540000 -0.000000
0.000000 2.540000 -0.000000
0.000000 2.540000 -0.000000
0.000000 2.540000 -0.000000
0.000000 2.540000 -0.000000
0.000000 2.540000 -0.000000
0.000000 2.540000 -0.000000
0.000000 2.540000 -0.000000
0.000000 2.540000 -0.000000
0.000000 2.540000 -0.000000
0.000000 2.540000 -0.000000
0.000000 2.540000 -0.000000
0.000000 2.540000 -0.000000
0.000000 2.540000 -0.000000
0.000000 2.540000 -0.000000
0.000000 2.540000 -0.000000
0.000000 2.540000 -0.000000
0.000000 0.000000 2.540000
0.000000 0.000000 2.540000
-0.607862 0.000000 2.466192
-0.607862 0.000000 2.466192
0.000000 0.000000 2.540000
-0.607862 0.000000 2.466192
-0.607862 0.000000 2.466192
-0.607862 0.000000 2.466192
-1.180397 0.000000 2.249058
-1.180397 0.000000 2.249058
-0.607862 0.000000 2.466192
-1.180397 0.000000 2.249058
-1.180397 0.000000 2.249058
-1.180397 0.000000 2.249058
-1.684332 0.000000 1.901217
-1.684332 0.000000 1.901217
-1.180397 0.000000 2.249058
-1.684332 0.000000 1.901217
-1.684332 0.000000 1.901217
-1.684332 0.000000 1.901217
-2.090379 0.000000 1.442884
-2.090379 0.000000 1.442884
-1.684332 0.000000 1.901217
-2.090379 0.000000 1.442884
-2.090379 0.000000 1.442884
-2.090379 0.000000 1.442884
-2.374941 0.000000 0.900696
-2.374941 0.000000 0.900696
-2.090379 0.000000 1.442884
-2.374941 0.000000 0.900696
-2.374941 0.000000 0.900696
-2.374941 0.000000 0.900696
-2.521481 0.000000 0.306163
-2.521481 0.000000 0.306163
-2.374941 0.000000 0.900696
-2.521481 0.000000 0.306163
-2.521481 0.000000 0.306163
-2.521481 0.000000 0.306163
-2.521481 0.000000 -0.306163
-2.521481 0.000000 -0.306163
-2.521481 0.000000 0.306163
-2.521481 0.000000 -0.306163
-2.521481 0.000000 -0.306163
-2.521481 0.000000 -0.306163
-2.374941 0.000000 -0.900696
-2.374941 0.000000 -0.900696
-2.521481 0.000000 -0.306163
-2.374941 0.000000 -0.900696
-2.374941 0.000000 -0.900696
-2.374941 0.000000 -0.900696
-2.090379 -0.000000 -1.442884
-2.090379 -0.000000 -1.442884
-2.374941 0.000000 -0.900696
-2.090379 -0.000000 -1.442884
-2.090379 -0.000000 -1.442884
-2.090379 -0.000000 -1.442884
-1.684332 -0.000000 -1.901217
-1.684332 -0.000000 -1.901217
-2.090379 -0.000000 -1.442884
-1.684332 -0.000000 -1.901217
-1.684332 -0.000000 -1.901217
-1.684332 -0.000000 -1.901217
-1.180397 -0.000000 -2.249058
-1.180397 -0.000000 -2.249058
-1.684332 -0.000000 -1.901217
-1.180397 -0.000000 -2.249058
-1.180397 -0.000000 -2.249058
-1.180397 -0.000000 -2.249058
-0.607862 -0.000000 -2.466192
-0.607862 -0.000000 -2.466192
-1.180397 -0.000000 -2.249058
-0.607862 -0.000000 -2.466192
-0.607862 -0.000000 -2.466192
-0.607862 -0.000000 -2.466192
0.000000 -0.000000 -2.540000
0.000000 -0.000000 -2.540000
-0.607862 -0.000000 -2.466192
-0.000000 -0.000000 -2.540000
0.000000 0.000000 2.540000
0.000000 0.000000 2.540000
-0.607862 0.000000 2.466192
-0.607862 0.000000 2.466192
0.000000 0.000000 2.540000
-0.607862 0.000000 2.466192
-0.607862 0.000000 2.466192
-0.607862 0.000000 2.466192
-1.180397 0.000000 2.249058
-1.180397 0.000000 2.249058
-0.607862 0.000000 2.466192
-1.180397 0.000000 2.249058
-1.180397 0.000000 2.249058
-1.180397 0.000000 2.249058
-1.684332 0.000000 1.901217
-1.684332 0.000000 1.901217
-1.180397 0.000000 2.249058
-1.684332 0.000000 1.901217
-1.684332 0.000000 1.901217
-1.684332 0.000000 1.901217
-2.090379 0.000000 1.442884
-2.090379 0.000000 1.442884
-1.684332 0.000000 1.901217
-2.090379 0.000000 1.442884
-2.090379 0.000000 1.442884
-2.090379 0.000000 1.442884
-2.374941 0.000000 0.900696
-2.374941 0.000000 0.900696
-2.090379 0.000000 1.442884
-2.374941 0.000000 0.900696
-2.374941 0.000000 0.900696
-2.374941 0.000000 0.900696
-2.521481 0.000000 0.306163
-2.521481 0.000000 0.306163
-2.374941 0.000000 0.900696
-2.521481 0.000000 0.306163
-2.521481 0.000000 0.306163
-2.521481 0.000000 0.306163
-2.521481 0.000000 -0.306163
-2.521481 0.000000 -0.306163
-2.521481 0.000000 0.306163
-2.521481 0.000000 -0.306163
-2.521481 0.000000 -0.306163
-2.521481 0.000000 -0.306163
-2.374941 0.000000 -0.900696
-2.374941 0.000000 -0.900696
-2.521481 0.000000 -0.306163
-2.374941 0.000000 -0.900696
-2.374941 0.000000 -0.900696
-2.374941 0.000000 -0.900696
-2.090379 -0.000000 -1.442884
-2.090379 -0.000000 -1.442884
-2.374941 0.000000 -0.900696
-2.090379 -0.000000 -1.442884
-2.090379 -0.000000 -1.442884
-2.090379 -0.000000 -1.442884
-1.684332 -0.000000 -1.901217
-1.684332 -0.000000 -1.901217
-2.090379 -0.000000 -1.442884
-1.684332 -0.000000 -1.901217
-1.684332 -0.000000 -1.901217
-1.684332 -0.000000 -1.901217
-1.180397 -0.000000 -2.249058
-1.180397 -0.000000 -2.249058
-1.684332 -0.000000 -1.901217
-1.180397 -0.000000 -2.249058
-1.180397 -0.000000 -2.249058
-1.180397 -0.000000 -2.249058
-0.607862 -0.000000 -2.466192
-0.607862 -0.000000 -2.466192
-1.180397 -0.000000 -2.249058
-0.607862 -0.000000 -2.466192
-0.607862 -0.000000 -2.466192
-0.607862 -0.000000 -2.466192
0.000000 -0.000000 -2.540000
0.000000 -0.000000 -2.540000
-0.607862 -0.000000 -2.466192
-0.000000 -0.000000 -2.540000
0.000000 0.000000 2.540000
0.000000 0.000000 2.540000
-0.607862 0.000000 2.466192
-0.607862 0.000000 2.466192
0.000000 0.000000 2.540000
-0.607862 0.000000 2.466192
-0.607862 0.000000 2.466192
-0.607862 0.000000 2.466192
-1.180397 0.000000 2.249058
-1.180397 0.000000 2.249058
-0.607862 0.000000 2.466192
-1.180397 0.000000 2.249058
-1.180397 0.000000 2.249058
-1.180397 0.000000 2.249058
-1.684332 0.000000 1.901217
-1.684332 0.000000 1.901217
-1.180397 0.000000 2.249058
-1.684332 0.000000 1.901217
-1.684332 0.000000 1.901217
-1.684332 0.000000 1.901217
-2.090379 0.000000 1.442884
-2.090379 0.000000 1.442884
-1.684332 0.000000 1.901217
-2.090379 0.000000 1.442884
-2.090379 0.000000 1.442884
-2.090379 0.000000 1.442884
-2.374941 0.000000 0.900696
-2.374941 0.000000 0.900696
-2.090379 0.000000 1.442884
-2.374941 0.000000 0.900696
-2.374941 0.000000 0.900696
-2.374941 0.000000 0.900696
-2.521481 0.000000 0.306163
-2.521481 0.000000 0.306163
-2.374941 0.000000 0.900696
-2.521481 0.000000 0.306163
-2.521481 0.000000 0.306163
-2.521481 0.000000 0.306163
-2.521481 0.000000 -0.306163
-2.521481 0.000000 -0.306163
-2.521481 0.000000 0.306163
-2.521481 0.000000 -0.306163
-2.521481 0.000000 -0.306163
-2.521481 0.000000 -0.306163
-2.374941 0.000000 -0.900696
-2.374941 0.000000 -0.900696
-2.521481 0.000000 -0.306163
-2.374941 0.000000 -0.900696
-2.374941 0.000000 -0.900696
-2.374941 0.000000 -0.900696
-2.090379 -0.000000 -1.442884
-2.090379 -0.000000 -1.442884
-2.374941 0.000000 -0.900696
-2.090379 -0.000000 -1.442884
-2.090379 -0.000000 -1.442884
-2.090379 -0.000000 -1.442884
-1.684332 -0.000000 -1.901217
-1.684332 -0.000000 -1.901217
-2.090379 -0.000000 -1.442884
-1.684332 -0.000000 -1.901217
-1.684332 -0.000000 -1.901217
-1.684332 -0.000000 -1.901217
-1.180397 -0.000000 -2.249058
-1.180397 -0.000000 -2.249058
-1.684332 -0.000000 -1.901217
-1.180397 -0.000000 -2.249058
-1.180397 -0.000000 -2.249058
-1.180397 -0.000000 -2.249058
-0.607862 -0.000000 -2.466192
-0.607862 -0.000000 -2.466192
-1.180397 -0.000000 -2.249058
-0.607862 -0.000000 -2.466192
-0.607862 -0.000000 -2.466192
-0.607862 -0.000000 -2.466192
0.000000 -0.000000 -2.540000
0.000000 -0.000000 -2.540000
-0.607862 -0.000000 -2.466192
-0.000000 -0.000000 -2.540000
0.000000 0.000000 -2.540000
0.000000 0.000000 -2.540000
0.000000 0.000000 -2.540000
0.000000 0.000000 -2.540000
0.000000 0.000000 -2.540000
0.000000 0.000000 -2.540000
-2.540000 0.000000 0.000000
-2.540000 0.000000 0.000000
-2.540000 0.000000 0.000000
-2.540000 0.000000 0.000000
-2.540000 0.000000 0.000000
-2.540000 0.000000 0.000000
-2.540000 0.000000 0.000000
-2.540000 0.000000 0.000000
-2.540000 0.000000 0.000000
-2.540000 0.000000 0.000000
-2.540000 0.000000 0.000000
-2.540000 0.000000 0.000000
-2.540000 0.000000 0.000000
-2.540000 0.000000 0.000000
-2.540000 0.000000 0.000000
-2.540000 0.000000 0.000000
-2.540000 0.000000 0.000000
-2.540000 0.000000 0.000000
-2.540000 0.000000 0.000000
-2.540000 0.000000 0.000000
-2.540000 0.000000 0.000000
-2.540000 0.000000 0.000000
-2.540000 0.000000 0.000000
-2.540000 0.000000 0.000000
-2.540000 0.000000 0.000000
-2.540000 0.000000 0.000000
-2.540000 0.000000 0.000000
-2.540000 0.000000 0.000000
-2.540000 0.000000 0.000000
-2.540000 0.000000 0.000000
-2.540000 0.000000 0.000000
-2.540000 0.000000 0.000000
-2.540000 0.000000 0.000000
-2.540000 0.000000 0.000000
-2.540000 0.000000 0.000000
-2.540000 0.000000 0.000000
-2.540000 0.000000 0.000000
-2.540000 0.000000 0.000000
-2.540000 0.000000 0.000000
-2.540000 0.000000 0.000000
-2.540000 0.000000 0.000000
-2.540000 0.000000 0.000000
2.540000 0.000000 0.000000
2.540000 0.000000 0.000000
2.511630 -0.378567 0.000000
2.511630 -0.378567 0.000000
2.540000 0.000000 0.000000
2.511630 -0.378567 0.000000
2.511630 -0.378567 0.000000
2.511630 -0.378567 0.000000
2.427155 -0.748678 0.000000
2.427155 -0.748678 0.000000
2.511630 -0.378567 0.000000
2.427155 -0.748678 0.000000
2.427155 -0.748678 0.000000
2.427155 -0.748678 0.000000
2.288461 -1.102065 0.000000
2.288461 -1.102065 0.000000
2.427155 -0.748678 0.000000
2.288461 -1.102065 0.000000
2.288461 -1.102065 0.000000
2.288461 -1.102065 0.000000
2.098646 -1.430833 0.000000
2.098646 -1.430833 0.000000
2.288461 -1.102065 0.000000
2.098646 -1.430833 0.000000
2.098646 -1.430833 0.000000
2.098646 -1.430833 0.000000
1.861952 -1.727639 0.000000
1.861952 -1.727639 0.000000
2.098646 -1.430833 0.000000
1.861952 -1.727639 0.000000
1.861952 -1.727639 0.000000
1.861952 -1.727639 0.000000
1.583664 -1.985852 0.000000
1.583664 -1.985852 0.000000
1.861952 -1.727639 0.000000
1.583664 -1.985852 0.000000
1.583664 -1.985852 0.000000
1.583664 -1.985852 0.000000
1.270000 -2.199704 0.000000
1.270000 -2.199704 0.000000
1.583664 -1.985852 0.000000
1.270000 -2.199704 0.000000
1.270000 -2.199704 0.000000
1.270000 -2.199704 0.000000
0.927966 -2.364419 0.000000
0.927966 -2.364419 0.000000
1.270000 -2.199704 0.000000
0.927966 -2.364419 0.000000
0.927966 -2.364419 0.000000
0.927966 -2.364419 0.000000
0.565203 -2.476317 0.000000
0.565203 -2.476317 0.000000
0.927966 -2.364419 0.000000
0.565203 -2.476317 0.000000
0.565203 -2.476317 0.000000
0.565203 -2.476317 0.000000
0.189814 -2.532898 0.000000
0.189814 -2.532898 0.000000
0.565203 -2.476317 0.000000
0.189814 -2.532898 0.000000
0.189814 -2.532898 0.000000
0.189814 -2.532898 0.000000
-0.189814 -2.532898 0.000000
-0.189814 -2.532898 0.000000
0.189814 -2.532898 0.000000
-0.189814 -2.532898 0.000000
-0.189814 -2.532898 0.000000
-0.189814 -2.532898 0.000000
-0.565203 -2.476317 0.000000
-0.565203 -2.476317 0.000000
-0.189814 -2.532898 0.000000
-0.565203 -2.476317 0.000000
-0.565203 -2.476317 0.000000
-0.565203 -2.476317 0.000000
-0.927966 -2.364419 0.000000
-0.927966 -2.364419 0.000000
-0.565203 -2.476317 0.000000
-0.927966 -2.364419 0.000000
-0.927966 -2.364419 0.000000
-0.927966 -2.364419 0.000000
-1.270000 -2.199704 0.000000
-1.270000 -2.199704 0.000000
-0.927966 -2.364419 0.000000
-1.270000 -2.199704 0.000000
-1.270000 -2.199704 0.000000
-1.270000 -2.199704 0.000000
-1.583664 -1.985852 0.000000
-1.583664 -1.985852 0.000000
-1.270000 -2.199704 0.000000
-1.583664 -1.985852 0.000000
-1.583664 -1.985852 0.000000
-1.583664 -1.985852 0.000000
-1.861952 -1.727639 0.000000
-1.861952 -1.727639 0.000000
-1.583664 -1.985852 0.000000
-1.861952 -1.727639 0.000000
-1.861952 -1.727639 0.000000
-1.861952 -1.727639 0.000000
-2.098646 -1.430833 0.000000
-2.098646 -1.430833 0.000000
-1.861952 -1.727639 0.000000
-2.098646 -1.430833 0.000000
-2.098646 -1.430833 0.000000
-2.098646 -1.430833 0.000000
-2.288461 -1.102065 0.000000
-2.288461 -1.102065 0.000000
-2.098646 -1.430833 0.000000
-2.288461 -1.102065 0.000000
-2.288461 -1.102065 0.000000
-2.288461 -1.102065 0.000000
-2.427155 -0.748678 0.000000
-2.427155 -0.748678 0.000000
-2.288461 -1.102065 0.000000
-2.427155 -0.748678 0.000000
-2.427155 -0.748678 0.000000
-2.427155 -0.748678 0.000000
-2.511630 -0.378567 0.000000
-2.511630 -0.378567 0.000000
-2.427155 -0.748678 0.000000
-2.511630 -0.378567 0.000000
-2.511630 -0.378567 0.000000
-2.511630 -0.378567 0.000000
-2.540000 0.000000 0.000000
-2.540000 0.000000 0.000000
-2.511630 -0.378567 0.000000
-2.540000 0.000000 0.000000
0.000000 0.000000 2.540000
0.000000 0.000000 2.540000
0.000000 0.000000 2.540000
0.000000 0.000000 2.540000
0.000000 0.000000 2.540000
0.000000 0.000000 2.540000
0.000000 0.000000 2.540000
0.000000 0.000000 2.540000
0.000000 0.000000 2.540000
0.000000 0.000000 2.540000
0.000000 0.000000 2.540000
0.000000 0.000000 2.540000
0.000000 0.000000 2.540000
0.000000 0.000000 2.540000
0.000000 0.000000 2.540000
0.000000 0.000000 2.540000
0.000000 0.000000 2.540000
0.000000 0.000000 2.540000
0.000000 0.000000 2.540000
0.000000 0.000000 2.540000
0.000000 0.000000 2.540000
0.000000 0.000000 2.540000
0.000000 0.000000 2.540000
0.000000 0.000000 2.540000
0.000000 0.000000 2.540000
0.000000 0.000000 2.540000
0.000000 0.000000 2.540000
0.000000 0.000000 2.540000
0.000000 0.000000 2.540000
0.000000 0.000000 2.540000
0.000000 0.000000 2.540000
0.000000 0.000000 2.540000
0.000000 0.000000 2.540000
0.000000 0.000000 2.540000
0.000000 0.000000 2.540000
0.000000 0.000000 2.540000
0.000000 0.000000 2.540000
0.000000 0.000000 2.540000
0.000000 0.000000 2.540000
0.000000 0.000000 2.540000
0.000000 0.000000 2.540000
0.000000 0.000000 2.540000
0.000000 0.000000 2.540000
0.000000 0.000000 2.540000
0.000000 0.000000 2.540000
0.000000 0.000000 2.540000
0.000000 0.000000 2.540000
0.000000 0.000000 2.540000
0.000000 0.000000 2.540000
0.000000 0.000000 2.540000
0.000000 0.000000 2.540000
0.000000 0.000000 2.540000
0.000000 0.000000 2.540000
0.000000 0.000000 2.540000
0.000000 0.000000 2.540000
0.000000 0.000000 2.540000
0.000000 0.000000 2.540000
0.000000 0.000000 2.540000
0.000000 0.000000 2.540000
0.000000 0.000000 2.540000
0.000000 0.000000 2.540000
0.000000 0.000000 2.540000
0.000000 0.000000 2.540000
0.000000 0.000000 2.540000
0.000000 0.000000 2.540000
0.000000 0.000000 2.540000
0.000000 0.000000 2.540000
0.000000 0.000000 2.540000
0.000000 0.000000 2.540000
0.000000 0.000000 2.540000
0.000000 0.000000 2.540000
0.000000 0.000000 2.540000
0.000000 0.000000 2.540000
0.000000 0.000000 2.540000
0.000000 0.000000 2.540000
0.000000 0.000000 2.540000
0.000000 0.000000 2.540000
0.000000 0.000000 2.540000
0.000000 0.000000 2.540000
0.000000 0.000000 2.540000
0.000000 0.000000 2.540000
0.000000 0.000000 2.540000
0.000000 0.000000 2.540000
0.000000 0.000000 2.540000
0.000000 0.000000 2.540000
0.000000 0.000000 2.540000
0.000000 0.000000 2.540000
0.000000 0.000000 2.540000
0.000000 0.000000 2.540000
0.000000 0.000000 2.540000
0.000000 0.000000 2.540000
0.000000 0.000000 2.540000
0.000000 0.000000 2.540000
0.000000 0.000000 2.540000
0.000000 0.000000 2.540000
0.000000 0.000000 2.540000
0.000000 0.000000 2.540000
0.000000 0.000000 2.540000
0.000000 0.000000 2.540000
0.000000 0.000000 2.540000
0.000000 0.000000 2.540000
0.000000 0.000000 2.540000
0.000000 0.000000 2.540000
0.000000 0.000000 2.540000
0.000000 0.000000 2.540000
0.000000 0.000000 2.540000
0.000000 0.000000 2.540000
0.000000 0.000000 2.540000
0.000000 0.000000 2.540000
0.000000 0.000000 2.540000
0.000000 0.000000 2.540000
0.000000 0.000000 2.540000
0.000000 0.000000 2.540000
0.000000 0.000000 2.540000
0.000000 0.000000 2.540000
0.000000 0.000000 2.540000
0.000000 0.000000 2.540000
0.000000 0.000000 2.540000
0.000000 0.000000 2.540000
0.000000 0.000000 2.540000
2.540000 -0.000000 0.000000
2.540000 -0.000000 0.000000
2.540000 -0.000000 0.000000
2.540000 -0.000000 0.000000
2.540000 -0.000000 0.000000
2.540000 -0.000000 0.000000
2.540000 -0.000000 0.000000
2.540000 -0.000000 0.000000
2.540000 -0.000000 0.000000
2.540000 -0.000000 0.000000
2.540000 -0.000000 0.000000
2.540000 -0.000000 0.000000
2.540000 -0.000000 0.000000
2.540000 -0.000000 0.000000
2.540000 -0.000000 0.000000
2.540000 -0.000000 0.000000
2.540000 -0.000000 0.000000
2.540000 -0.000000 0.000000
2.540000 -0.000000 0.000000
2.540000 -0.000000 0.000000
2.540000 -0.000000 0.000000
2.540000 -0.000000 0.000000
2.540000 -0.000000 0.000000
2.540000 -0.000000 0.000000
2.540000 -0.000000 0.000000
2.540000 -0.000000 0.000000
2.540000 -0.000000 0.000000
2.540000 -0.000000 0.000000
2.540000 -0.000000 0.000000
2.540000 -0.000000 0.000000
2.540000 -0.000000 0.000000
2.540000 -0.000000 0.000000
2.540000 -0.000000 0.000000
2.540000 -0.000000 0.000000
2.540000 -0.000000 0.000000
2.540000 -0.000000 0.000000
2.540000 -0.000000 0.000000
2.540000 -0.000000 0.000000
2.540000 -0.000000 0.000000
2.540000 -0.000000 0.000000
2.540000 -0.000000 0.000000
2.540000 -0.000000 0.000000
2.540000 -0.000000 0.000000
2.540000 -0.000000 0.000000
2.540000 -0.000000 0.000000
2.540000 -0.000000 0.000000
2.540000 -0.000000 0.000000
2.540000 -0.000000 0.000000
2.540000 -0.000000 0.000000
2.540000 -0.000000 0.000000
2.540000 -0.000000 0.000000
2.540000 -0.000000 0.000000
2.540000 -0.000000 0.000000
2.540000 -0.000000 0.000000
2.540000 -0.000000 0.000000
2.540000 -0.000000 0.000000
2.540000 -0.000000 0.000000
2.540000 -0.000000 0.000000
2.540000 -0.000000 0.000000
2.540000 -0.000000 0.000000
2.540000 -0.000000 0.000000
2.540000 -0.000000 0.000000
2.540000 -0.000000 0.000000
2.540000 -0.000000 0.000000
2.540000 -0.000000 0.000000
2.540000 -0.000000 0.000000
2.540000 -0.000000 0.000000
2.540000 -0.000000 0.000000
2.540000 -0.000000 0.000000
2.540000 -0.000000 0.000000
2.540000 -0.000000 0.000000
2.540000 -0.000000 0.000000
2.540000 -0.000000 0.000000
2.540000 -0.000000 0.000000
2.540000 -0.000000 0.000000
2.540000 -0.000000 0.000000
2.540000 -0.000000 0.000000
2.540000 -0.000000 0.000000
2.540000 -0.000000 0.000000
2.540000 -0.000000 0.000000
2.540000 -0.000000 0.000000
2.540000 -0.000000 0.000000
2.540000 -0.000000 0.000000
2.540000 -0.000000 0.000000
2.540000 -0.000000 0.000000
2.540000 -0.000000 0.000000
2.540000 -0.000000 0.000000
2.540000 -0.000000 0.000000
2.540000 -0.000000 0.000000
2.540000 -0.000000 0.000000
2.540000 -0.000000 0.000000
2.540000 -0.000000 0.000000
2.540000 -0.000000 0.000000
2.540000 -0.000000 0.000000
2.540000 -0.000000 0.000000
2.540000 -0.000000 0.000000
2.540000 -0.000000 0.000000
2.540000 -0.000000 0.000000
2.540000 -0.000000 0.000000
2.540000 -0.000000 0.000000
2.540000 -0.000000 0.000000
2.540000 -0.000000 0.000000
2.540000 -0.000000 0.000000
2.540000 -0.000000 0.000000
2.540000 -0.000000 0.000000
2.540000 -0.000000 0.000000
2.540000 -0.000000 0.000000
2.540000 -0.000000 0.000000
2.540000 -0.000000 0.000000
2.540000 -0.000000 0.000000
2.540000 -0.000000 0.000000
2.540000 -0.000000 0.000000
2.540000 -0.000000 0.000000
2.540000 -0.000000 0.000000
2.540000 -0.000000 0.000000
2.540000 -0.000000 0.000000
2.540000 -0.000000 0.000000
2.540000 -0.000000 0.000000
2.540000 -0.000000 0.000000
2.540000 -0.000000 0.000000
2.540000 -0.000000 0.000000
2.540000 -0.000000 0.000000
2.540000 -0.000000 0.000000
2.540000 -0.000000 0.000000
2.540000 -0.000000 0.000000
2.540000 -0.000000 0.000000
2.540000 -0.000000 0.000000
2.540000 -0.000000 0.000000
2.540000 -0.000000 0.000000
2.540000 -0.000000 0.000000
2.540000 -0.000000 0.000000
2.540000 -0.000000 0.000000
2.540000 -0.000000 0.000000
2.540000 -0.000000 0.000000
2.540000 -0.000000 0.000000
2.540000 -0.000000 0.000000
2.540000 -0.000000 0.000000
2.540000 -0.000000 0.000000
2.540000 -0.000000 0.000000
2.540000 -0.000000 0.000000
2.540000 -0.000000 0.000000
2.540000 -0.000000 0.000000
2.540000 -0.000000 0.000000
2.540000 -0.000000 0.000000
2.540000 -0.000000 0.000000
2.540000 -0.000000 0.000000
2.540000 -0.000000 0.000000
2.540000 -0.000000 0.000000
2.540000 -0.000000 0.000000
2.540000 -0.000000 0.000000
2.540000 -0.000000 0.000000
2.540000 -0.000000 0.000000
2.540000 -0.000000 0.000000
2.540000 -0.000000 0.000000
2.540000 -0.000000 0.000000
2.540000 -0.000000 0.000000
2.540000 -0.000000 0.000000
2.540000 -0.000000 0.000000
2.540000 -0.000000 0.000000
2.540000 -0.000000 0.000000
2.540000 -0.000000 0.000000
2.540000 -0.000000 0.000000
2.540000 -0.000000 0.000000
2.540000 -0.000000 0.000000
2.540000 -0.000000 0.000000
2.540000 -0.000000 0.000000
2.540000 -0.000000 0.000000
2.540000 -0.000000 0.000000
2.540000 -0.000000 0.000000
2.540000 -0.000000 0.000000
2.540000 -0.000000 0.000000
2.540000 -0.000000 0.000000
2.540000 -0.000000 0.000000
2.540000 -0.000000 0.000000
2.540000 -0.000000 0.000000
2.540000 -0.000000 0.000000
2.540000 -0.000000 0.000000
2.540000 -0.000000 0.000000
2.540000 -0.000000 0.000000
2.540000 -0.000000 0.000000
2.540000 -0.000000 0.000000
2.540000 -0.000000 0.000000
2.540000 -0.000000 0.000000
2.540000 -0.000000 0.000000
2.540000 -0.000000 0.000000
2.540000 -0.000000 0.000000
2.540000 -0.000000 0.000000
2.540000 -0.000000 0.000000
2.540000 -0.000000 0.000000
2.540000 -0.000000 0.000000
2.540000 -0.000000 0.000000
2.540000 -0.000000 0.000000
2.540000 -0.000000 0.000000
2.540000 -0.000000 0.000000
2.540000 -0.000000 0.000000
2.540000 -0.000000 0.000000
2.540000 -0.000000 0.000000
2.540000 -0.000000 0.000000
2.540000 -0.000000 0.000000
2.540000 -0.000000 0.000000
2.540000 -0.000000 0.000000
2.540000 -0.000000 0.000000
2.540000 -0.000000 0.000000
2.540000 -0.000000 0.000000
2.540000 -0.000000 0.000000
2.540000 -0.000000 0.000000
2.540000 -0.000000 0.000000
2.540000 -0.000000 0.000000
2.540000 -0.000000 0.000000
2.540000 -0.000000 0.000000
2.540000 -0.000000 0.000000
2.540000 -0.000000 0.000000
2.540000 -0.000000 0.000000
2.540000 -0.000000 0.000000
2.540000 -0.000000 0.000000
2.540000 -0.000000 0.000000
2.540000 -0.000000 0.000000
2.540000 -0.000000 0.000000
2.540000 -0.000000 0.000000
2.540000 -0.000000 0.000000
2.540000 -0.000000 0.000000
2.540000 -0.000000 0.000000
2.540000 -0.000000 0.000000
2.540000 -0.000000 0.000000
2.540000 -0.000000 0.000000
2.540000 -0.000000 0.000000
2.540000 -0.000000 0.000000
2.540000 -0.000000 0.000000
2.540000 -0.000000 0.000000
2.540000 -0.000000 0.000000
2.540000 -0.000000 0.000000
2.540000 -0.000000 0.000000
2.540000 -0.000000 0.000000
2.540000 -0.000000 0.000000
2.540000 -0.000000 0.000000
2.540000 -0.000000 0.000000
2.540000 -0.000000 0.000000
2.540000 -0.000000 0.000000
2.540000 -0.000000 0.000000
2.540000 -0.000000 0.000000
2.540000 -0.000000 0.000000
2.540000 -0.000000 0.000000
2.540000 -0.000000 0.000000
2.540000 -0.000000 0.000000
2.540000 -0.000000 0.000000
2.540000 -0.000000 0.000000
2.540000 -0.000000 0.000000
2.540000 -0.000000 0.000000
2.540000 -0.000000 0.000000
2.540000 -0.000000 0.000000
2.540000 -0.000000 0.000000
2.540000 -0.000000 0.000000
2.540000 -0.000000 0.000000
2.540000 -0.000000 0.000000
2.540000 -0.000000 0.000000
2.540000 -0.000000 0.000000
2.540000 -0.000000 0.000000
2.540000 -0.000000 0.000000
2.540000 -0.000000 0.000000
2.540000 -0.000000 0.000000
2.540000 -0.000000 0.000000
2.540000 -0.000000 0.000000
2.540000 -0.000000 0.000000
2.540000 -0.000000 0.000000
2.540000 -0.000000 0.000000
2.540000 -0.000000 0.000000
2.540000 -0.000000 0.000000
2.540000 -0.000000 0.000000
2.540000 -0.000000 0.000000
2.540000 -0.000000 0.000000
2.540000 -0.000000 0.000000
2.540000 -0.000000 0.000000
2.540000 -0.000000 0.000000
2.540000 -0.000000 0.000000
2.540000 -0.000000 0.000000
2.540000 -0.000000 0.000000
2.540000 -0.000000 0.000000
2.540000 -0.000000 0.000000
2.540000 -0.000000 0.000000
2.540000 -0.000000 0.000000
2.540000 -0.000000 0.000000
2.540000 -0.000000 0.000000
2.540000 -0.000000 0.000000
2.540000 -0.000000 0.000000
2.540000 -0.000000 0.000000
2.540000 -0.000000 0.000000
2.540000 -0.000000 0.000000
2.540000 -0.000000 0.000000
2.540000 -0.000000 0.000000
2.540000 -0.000000 0.000000
2.540000 -0.000000 0.000000
2.540000 -0.000000 0.000000
2.540000 -0.000000 0.000000
2.540000 -0.000000 0.000000
2.540000 -0.000000 0.000000
2.540000 -0.000000 0.000000
2.540000 -0.000000 0.000000
2.540000 -0.000000 0.000000
2.540000 -0.000000 0.000000
2.540000 -0.000000 0.000000
0.000000 -2.540000 0.000000
0.000000 -2.540000 0.000000
0.000000 -2.540000 0.000000
0.000000 -2.540000 0.000000
0.000000 -2.540000 0.000000
0.000000 -2.540000 0.000000
0.000000 2.540000 0.000000
0.000000 2.540000 0.000000
0.000000 2.540000 0.000000
0.000000 2.540000 0.000000
0.000000 2.540000 0.000000
0.000000 2.540000 0.000000
0.000000 0.000000 -2.540000
0.000000 0.000000 -2.540000
0.000000 0.000000 -2.540000
0.000000 0.000000 -2.540000
0.000000 0.000000 -2.540000
0.000000 0.000000 -2.540000
0.000000 0.000000 -2.540000
0.000000 0.000000 -2.540000
0.000000 0.000000 -2.540000
0.000000 0.000000 -2.540000
0.000000 0.000000 -2.540000
0.000000 0.000000 -2.540000
0.000000 0.000000 -2.540000
0.000000 0.000000 -2.540000
0.000000 0.000000 -2.540000
0.000000 0.000000 -2.540000
0.000000 0.000000 -2.540000
0.000000 0.000000 -2.540000
0.000000 0.000000 -2.540000
0.000000 -0.565203 -2.476317
0.000000 0.000000 -2.540000
0.000000 0.000000 -2.540000
0.000000 -0.565203 -2.476317
0.000000 -0.565203 -2.476317
0.000000 0.000000 -2.540000
0.000000 -0.565203 -2.476317
0.000000 0.000000 -2.540000
0.000000 -0.565203 -2.476317
0.000000 -0.565203 -2.476317
0.000000 -1.102065 -2.288461
0.000000 -1.102065 -2.288461
0.000000 -0.565203 -2.476317
0.000000 -1.102065 -2.288461
0.000000 -1.102065 -2.288461
0.000000 -1.102065 -2.288461
0.000000 -1.583664 -1.985852
0.000000 -1.583664 -1.985852
0.000000 -1.102065 -2.288461
0.000000 -1.583664 -1.985852
0.000000 -1.583664 -1.985852
0.000000 -1.583664 -1.985852
0.000000 -1.985852 -1.583664
0.000000 -1.985852 -1.583664
0.000000 -1.583664 -1.985852
0.000000 -1.985852 -1.583664
0.000000 -1.985852 -1.583664
0.000000 -1.985852 -1.583664
0.000000 -2.288461 -1.102065
0.000000 -2.288461 -1.102065
0.000000 -1.985852 -1.583664
0.000000 -2.288461 -1.102065
0.000000 -2.288461 -1.102065
0.000000 -2.288461 -1.102065
0.000000 -2.476317 -0.565203
0.000000 -2.476317 -0.565203
0.000000 -2.288461 -1.102065
0.000000 -2.476317 -0.565203
0.000000 -2.476317 -0.565203
0.000000 -2.476317 -0.565203
0.000000 -2.540000 0.000000
0.000000 -2.540000 0.000000
0.000000 -2.476317 -0.565203
0.000000 -2.540000 0.000000
0.000000 -0.000000 -2.540000
0.000000 0.565203 -2.476317
0.000000 0.000000 -2.540000
0.000000 0.000000 -2.540000
0.000000 0.565203 -2.476317
0.000000 0.565203 -2.476317
0.000000 0.000000 -2.540000
0.000000 0.565203 -2.476317
0.000000 0.000000 -2.540000
0.000000 0.565203 -2.476317
0.000000 0.565203 -2.476317
0.000000 1.102065 -2.288461
0.000000 1.102065 -2.288461
0.000000 0.565203 -2.476317
0.000000 1.102065 -2.288461
0.000000 1.102065 -2.288461
0.000000 1.102065 -2.288461
0.000000 1.583664 -1.985852
0.000000 1.583664 -1.985852
0.000000 1.102065 -2.288461
0.000000 1.583664 -1.985852
0.000000 1.583664 -1.985852
0.000000 1.583664 -1.985852
0.000000 1.985852 -1.583664
0.000000 1.985852 -1.583664
0.000000 1.583664 -1.985852
0.000000 1.985852 -1.583664
0.000000 1.985852 -1.583664
0.000000 1.985852 -1.583664
0.000000 2.288461 -1.102065
0.000000 2.288461 -1.102065
0.000000 1.985852 -1.583664
0.000000 2.288461 -1.102065
0.000000 2.288461 -1.102065
0.000000 2.288461 -1.102065
0.000000 2.476317 -0.565203
0.000000 2.476317 -0.565203
0.000000 2.288461 -1.102065
0.000000 2.476317 -0.565203
0.000000 2.476317 -0.565203
0.000000 2.476317 -0.565203
0.000000 2.540000 0.000000
0.000000 2.540000 0.000000
0.000000 2.476317 -0.565203
0.000000 2.540000 0.000000
2.540000 -0.000000 0.000000
2.540000 -0.000000 0.000000
2.540000 -0.000000 0.000000
2.540000 -0.000000 0.000000
2.540000 -0.000000 0.000000
2.540000 -0.000000 0.000000
2.540000 -0.000000 0.000000
2.540000 -0.000000 0.000000
2.540000 -0.000000 0.000000
2.540000 -0.000000 0.000000
2.540000 -0.000000 0.000000
2.540000 -0.000000 0.000000
2.540000 -0.000000 0.000000
2.540000 -0.000000 0.000000
2.540000 -0.000000 0.000000
2.540000 -0.000000 0.000000
2.540000 -0.000000 0.000000
2.540000 -0.000000 0.000000
2.540000 -0.000000 0.000000
2.540000 -0.000000 0.000000
2.540000 -0.000000 0.000000
2.540000 -0.000000 0.000000
2.540000 -0.000000 0.000000
2.540000 -0.000000 0.000000
2.540000 -0.000000 0.000000
2.540000 -0.000000 0.000000
2.540000 -0.000000 0.000000
0.000000 2.540000 -0.000000
0.000000 2.540000 -0.000000
0.000000 2.540000 -0.000000
0.000000 2.540000 -0.000000
0.000000 2.540000 -0.000000
0.000000 2.540000 -0.000000
0.000000 2.540000 -0.000000
0.000000 2.540000 -0.000000
0.000000 2.540000 -0.000000
0.000000 2.540000 -0.000000
0.000000 2.540000 -0.000000
0.000000 2.540000 -0.000000
0.000000 2.540000 -0.000000
0.000000 2.540000 -0.000000
0.000000 2.540000 -0.000000
0.000000 2.540000 -0.000000
0.000000 2.540000 -0.000000
0.000000 2.540000 -0.000000
0.000000 2.540000 -0.000000
0.000000 2.540000 -0.000000
0.000000 2.540000 -0.000000
-0.000000 -2.540000 0.000000
-0.000000 -2.540000 0.000000
-0.000000 -2.540000 0.000000
-0.000000 -2.540000 0.000000
-0.000000 -2.540000 0.000000
-0.000000 -2.540000 0.000000
-0.000000 -2.540000 0.000000
-0.000000 -2.540000 0.000000
-0.000000 -2.540000 0.000000
-0.000000 -2.540000 0.000000
-0.000000 -2.540000 0.000000
-0.000000 -2.540000 0.000000
-0.000000 -2.540000 0.000000
-0.000000 -2.540000 0.000000
-0.000000 -2.540000 0.000000
-0.000000 -2.540000 0.000000
-0.000000 -2.540000 0.000000
-0.000000 -2.540000 0.000000
-0.000000 -2.540000 0.000000
-0.000000 -2.540000 0.000000
-0.000000 -2.540000 0.000000
-0.000000 -2.540000 0.000000
-0.000000 -2.540000 0.000000
-0.000000 -2.540000 0.000000
-0.000000 -2.540000 0.000000
-0.000000 -2.540000 0.000000
-0.000000 -2.540000 0.000000
-0.000000 -2.540000 0.000000
-0.000000 -2.540000 0.000000
-0.000000 -2.540000 0.000000
0.000000 -2.540000 0.000000
-0.000000 -2.540000 0.000000
-0.000000 -2.540000 0.000000
-0.000000 -2.540000 0.000000
-0.000000 -2.540000 0.000000
-0.000000 -2.540000 0.000000
-0.000000 -2.540000 0.000000
-0.000000 -2.540000 0.000000
-0.000000 -2.540000 0.000000
0.000000 -2.540000 0.000000
-0.000000 -2.540000 0.000000
-0.000000 -2.540000 0.000000
-0.000000 -2.540000 0.000000
-0.000000 -2.540000 0.000000
-0.000000 -2.540000 0.000000
-0.000000 -2.540000 0.000000
-0.000000 -2.540000 0.000000
-0.000000 -2.540000 0.000000
-0.000000 -2.540000 0.000000
-0.000000 -2.540000 0.000000
-0.000000 -2.540000 0.000000
-0.000000 -2.540000 0.000000
-0.000000 -2.540000 0.000000
-0.000000 -2.540000 0.000000
-0.000000 -2.540000 0.000000
-0.000000 -2.540000 0.000000
-0.000000 -2.540000 0.000000
-0.000000 -2.540000 0.000000
-0.000000 -2.540000 0.000000
-0.000000 -2.540000 0.000000
-0.000000 -2.540000 0.000000
-0.000000 -2.540000 0.000000
-0.000000 -2.540000 0.000000
-0.000000 -2.540000 0.000000
-0.000000 -2.540000 0.000000
-0.000000 -2.540000 0.000000
-0.000000 -2.540000 0.000000
-0.000000 -2.540000 0.000000
-0.000000 -2.540000 0.000000
-0.000000 -2.540000 0.000000
-0.000000 -2.540000 0.000000
-0.000000 -2.540000 0.000000
-0.000000 -2.540000 0.000000
-0.000000 -2.540000 0.000000
-0.000000 -2.540000 0.000000
-0.000000 -2.540000 0.000000
-0.000000 -2.540000 0.000000
-0.000000 -2.540000 0.000000
-0.000000 -2.540000 0.000000
-0.000000 -2.540000 0.000000
-0.000000 -2.540000 0.000000
-0.000000 -2.540000 0.000000
-0.000000 -2.540000 0.000000
-0.000000 -2.540000 0.000000
-0.000000 -2.540000 0.000000
-0.000000 -2.540000 0.000000
-0.000000 -2.540000 0.000000
-0.000000 -2.540000 0.000000
-0.000000 -2.540000 0.000000
-0.000000 -2.540000 0.000000
-0.000000 -2.540000 0.000000
-0.000000 -2.540000 0.000000
-0.000000 -2.540000 0.000000
-0.000000 -2.540000 0.000000
-0.000000 -2.540000 0.000000
-0.000000 -2.540000 0.000000
-0.000000 -2.540000 0.000000
-0.000000 -2.540000 0.000000
-0.000000 -2.540000 0.000000
-0.000000 -2.540000 0.000000
-0.000000 -2.540000 0.000000
-0.000000 -2.540000 0.000000
-0.000000 -2.540000 0.000000
-0.000000 -2.540000 0.000000
-0.000000 -2.540000 0.000000
-0.000000 -2.540000 0.000000
-0.000000 -2.540000 0.000000
-0.000000 -2.540000 0.000000
-0.000000 -2.540000 0.000000
-0.000000 -2.540000 0.000000
-0.000000 -2.540000 0.000000
-0.000000 -2.540000 0.000000
-0.000000 -2.540000 0.000000
-0.000000 -2.540000 0.000000
-0.000000 -2.540000 0.000000
-0.000000 -2.540000 0.000000
-0.000000 -2.540000 0.000000
-0.000000 -2.540000 0.000000
-0.000000 -2.540000 0.000000
-0.000000 -2.540000 0.000000
-0.000000 -2.540000 0.000000
-0.000000 -2.540000 0.000000
-0.000000 -2.540000 0.000000
-0.000000 -2.540000 0.000000
-0.000000 -2.540000 0.000000
-0.000000 -2.540000 0.000000
-0.000000 -2.540000 0.000000
-0.000000 -2.540000 0.000000
-0.000000 -2.540000 0.000000
-0.000000 -2.540000 0.000000
-0.000000 -2.540000 0.000000
-0.000000 -2.540000 0.000000
-0.000000 -2.540000 0.000000
-0.000000 -2.540000 0.000000
-0.000000 -2.540000 0.000000
-0.000000 -2.540000 0.000000
-0.000000 -2.540000 0.000000
-0.000000 -2.540000 0.000000
-0.000000 -2.540000 0.000000
-0.000000 -2.540000 0.000000
-0.000000 -2.540000 0.000000
-0.000000 -2.540000 0.000000
-0.000000 -2.540000 0.000000
-0.000000 -2.540000 0.000000
-0.000000 -2.540000 0.000000
-0.000000 -2.540000 0.000000
-0.000000 -2.540000 0.000000
-0.000000 -2.540000 0.000000
-0.000000 -2.540000 0.000000
-0.000000 -2.540000 0.000000
-0.000000 -2.540000 0.000000
-0.000000 -2.540000 0.000000
-0.000000 -2.540000 0.000000
-0.000000 -2.540000 0.000000
-0.000000 -2.540000 0.000000
-0.000000 -2.540000 0.000000
-0.000000 -2.540000 0.000000
-0.000000 -2.540000 0.000000
-0.000000 -2.540000 0.000000
-0.000000 -2.540000 0.000000
-0.000000 -2.540000 0.000000
-0.000000 -2.540000 0.000000
-0.000000 -2.540000 0.000000
-0.000000 -2.540000 0.000000
-0.000000 -2.540000 0.000000
-0.000000 -2.540000 0.000000
-0.000000 -2.540000 0.000000
-0.000000 -2.540000 0.000000
-0.000000 -2.540000 0.000000
-0.000000 -2.540000 0.000000
-0.000000 -2.540000 0.000000
-0.000000 -2.540000 0.000000
-0.000000 -2.540000 0.000000
-0.000000 -2.540000 0.000000
-0.000000 -2.540000 0.000000
-0.000000 -2.540000 0.000000
-0.000000 -2.540000 0.000000
-0.000000 -2.540000 0.000000
-0.000000 -2.540000 0.000000
-0.000000 -2.540000 0.000000
-0.000000 -2.540000 0.000000
-0.000000 -2.540000 0.000000
-0.000000 -2.540000 0.000000
-0.000000 -2.540000 0.000000
-0.000000 -2.540000 0.000000
-0.000000 -2.540000 0.000000
-0.000000 -2.540000 0.000000
-0.000000 -2.540000 0.000000
-0.000000 -2.540000 0.000000
-0.000000 -2.540000 0.000000
-0.000000 -2.540000 0.000000
-0.000000 -2.540000 0.000000
-0.000000 -2.540000 0.000000
-0.000000 -2.540000 0.000000
-0.000000 -2.540000 0.000000
-0.000000 -2.540000 0.000000
-0.000000 -2.540000 0.000000
-0.000000 -2.540000 0.000000
-0.000000 -2.540000 0.000000
-0.000000 -2.540000 0.000000
-0.000000 -2.540000 0.000000
-0.000000 -2.540000 0.000000
-0.000000 -2.540000 0.000000
-0.000000 -2.540000 0.000000
-0.000000 -2.540000 0.000000
-0.000000 -2.540000 0.000000
-0.000000 -2.540000 0.000000
-0.000000 -2.540000 0.000000
-0.000000 -2.540000 0.000000
-0.000000 -2.540000 0.000000
-0.000000 -2.540000 0.000000
-0.000000 -2.540000 0.000000
-0.000000 -2.540000 0.000000
-0.000000 -2.540000 0.000000
-0.000000 -2.540000 0.000000
-0.000000 -2.540000 0.000000
-0.000000 -2.540000 0.000000
-0.000000 -2.540000 0.000000
-0.000000 -2.540000 0.000000
-0.000000 -2.540000 0.000000
-0.000000 -2.540000 0.000000
-0.000000 -2.540000 0.000000
-0.000000 -2.540000 0.000000
-0.000000 -2.540000 0.000000
-0.000000 -2.540000 0.000000
-0.000000 -2.540000 0.000000
-0.000000 -2.540000 0.000000
-0.000000 -2.540000 0.000000
-0.000000 -2.540000 0.000000
-0.000000 -2.540000 0.000000
-0.000000 -2.540000 0.000000
-0.000000 -2.540000 0.000000
-0.000000 -2.540000 0.000000
-0.000000 -2.540000 0.000000
-0.000000 -2.540000 0.000000
-0.000000 -2.540000 0.000000
-0.000000 -2.540000 0.000000
-0.000000 -2.540000 0.000000
-0.000000 -2.540000 0.000000
-0.000000 -2.540000 0.000000
-0.000000 -2.540000 0.000000
-0.000000 -2.540000 0.000000
-0.000000 -2.540000 0.000000
-0.000000 -2.540000 0.000000
-0.000000 -2.540000 0.000000
-0.000000 -2.540000 0.000000
-0.000000 -2.540000 0.000000
-0.000000 -2.540000 0.000000
-0.000000 -2.540000 0.000000
-0.000000 -2.540000 0.000000
-0.000000 -2.540000 0.000000
-0.000000 -2.540000 0.000000
-0.000000 -2.540000 0.000000
-0.000000 -2.540000 0.000000
-0.000000 -2.540000 0.000000
-0.000000 -2.540000 0.000000
-0.000000 -2.540000 0.000000
-0.000000 -2.540000 0.000000
-0.000000 -2.540000 0.000000
-0.000000 -2.540000 0.000000
-0.000000 -2.540000 0.000000
-0.000000 -2.540000 0.000000
-0.000000 -2.540000 0.000000
-0.000000 -2.540000 0.000000
-0.000000 -2.540000 0.000000
-0.000000 -2.540000 0.000000
-0.000000 -2.540000 0.000000
-0.000000 -2.540000 0.000000
-0.000000 -2.540000 0.000000
-0.000000 -2.540000 0.000000
-0.000000 -2.540000 0.000000
-0.000000 -2.540000 0.000000
-0.000000 -2.540000 0.000000
-0.000000 -2.540000 0.000000
-0.000000 -2.540000 0.000000
-0.000000 -2.540000 0.000000
-0.000000 -2.540000 0.000000
-0.000000 -2.540000 0.000000
-0.000000 -2.540000 0.000000
-0.000000 -2.540000 0.000000
-0.000000 -2.540000 0.000000
-0.000000 -2.540000 0.000000
-0.000000 -2.540000 0.000000
-0.000000 -2.540000 0.000000
-0.000000 -2.540000 0.000000
-0.000000 -2.540000 0.000000
-0.000000 -2.540000 0.000000
-0.000000 -2.540000 0.000000
-0.000000 -2.540000 0.000000
-0.000000 -2.540000 0.000000
-0.000000 -2.540000 0.000000
-0.000000 -2.540000 0.000000
-0.000000 -2.540000 0.000000
-0.000000 -2.540000 0.000000
-0.000000 -2.540000 0.000000
-0.000000 -2.540000 0.000000
-0.000000 -2.540000 0.000000
-0.000000 -2.540000 0.000000
-0.000000 -2.540000 0.000000
-0.000000 -2.540000 0.000000
-0.000000 -2.540000 0.000000
-0.000000 -2.540000 0.000000
-0.000000 -2.540000 0.000000
-0.000000 -2.540000 0.000000
-0.000000 -2.540000 0.000000
-0.000000 -2.540000 0.000000
-0.000000 -2.540000 0.000000
-0.000000 -2.540000 0.000000
-0.000000 -2.540000 0.000000
-0.000000 -2.540000 0.000000
-0.000000 -2.540000 0.000000
-0.000000 -2.540000 0.000000
-0.000000 -2.540000 0.000000
-0.000000 -2.540000 0.000000
-0.000000 -2.540000 0.000000
-0.000000 -2.540000 0.000000
-0.000000 -2.540000 0.000000
-0.000000 -2.540000 0.000000
-0.000000 -2.540000 0.000000
-0.000000 -2.540000 0.000000
-0.000000 -2.540000 0.000000
-0.000000 -2.540000 0.000000
-0.000000 -2.540000 0.000000
-0.000000 -2.540000 0.000000
-0.000000 -2.540000 0.000000
-0.000000 -2.540000 0.000000
-0.000000 -2.540000 0.000000
-0.000000 -2.540000 0.000000
-0.000000 -2.540000 0.000000
-0.000000 -2.540000 0.000000
-0.000000 -2.540000 0.000000
-0.000000 -2.540000 0.000000
-0.000000 -2.540000 0.000000
-0.000000 -2.540000 0.000000
-0.000000 -2.540000 0.000000
-0.000000 -2.540000 0.000000
-0.000000 -2.540000 0.000000
-0.000000 -2.540000 0.000000
-0.000000 -2.540000 0.000000
-0.000000 -2.540000 0.000000
-0.000000 -2.540000 0.000000
-0.000000 -2.540000 0.000000
-0.000000 -2.540000 0.000000
-0.000000 -2.540000 0.000000
-0.000000 -2.540000 0.000000
-0.000000 -2.540000 0.000000
-0.000000 -2.540000 0.000000
-0.000000 -2.540000 0.000000
-0.000000 -2.540000 0.000000
-0.000000 -2.540000 0.000000
-0.000000 -2.540000 0.000000
-0.000000 -2.540000 0.000000
-0.000000 -2.540000 0.000000
-0.000000 -2.540000 0.000000
-0.000000 -2.540000 0.000000
-0.000000 -2.540000 0.000000
-0.000000 -2.540000 0.000000
-0.000000 -2.540000 0.000000
-0.000000 -2.540000 0.000000
-0.000000 -2.540000 0.000000
-0.000000 -2.540000 0.000000
-0.000000 -2.540000 0.000000
-0.000000 -2.540000 0.000000
-0.000000 -2.540000 0.000000
-0.000000 -2.540000 0.000000
-0.000000 -2.540000 0.000000
-0.000000 -2.540000 0.000000
-0.000000 -2.540000 0.000000
-0.000000 -2.540000 0.000000
-0.000000 -2.540000 0.000000
-0.000000 -2.540000 0.000000
-0.000000 -2.540000 0.000000
-0.000000 -2.540000 0.000000
-0.000000 -2.540000 0.000000
-0.000000 -2.540000 0.000000
-0.000000 -2.540000 0.000000
-0.000000 -2.540000 0.000000
-0.000000 -2.540000 0.000000
-0.000000 -2.540000 0.000000
-0.000000 -2.540000 0.000000
-0.000000 -2.540000 0.000000
-0.000000 -2.540000 0.000000
-0.000000 -2.540000 0.000000
-0.000000 -2.540000 0.000000
-0.000000 -2.540000 0.000000
-0.000000 -2.540000 0.000000
-0.000000 -2.540000 0.000000
-0.000000 -2.540000 0.000000
-0.000000 -2.540000 0.000000
-0.000000 -2.540000 0.000000
-0.000000 -2.540000 0.000000
-0.000000 -2.540000 0.000000
-0.000000 -2.540000 0.000000
-0.000000 -2.540000 0.000000
-0.000000 -2.540000 0.000000
-0.000000 -2.540000 0.000000
-0.000000 -2.540000 0.000000
-0.000000 -2.540000 0.000000
-0.000000 -2.540000 0.000000
-0.000000 -2.540000 0.000000
-0.000000 -2.540000 0.000000
-0.000000 -2.540000 0.000000
-0.000000 -2.540000 0.000000
-0.000000 -2.540000 0.000000
-0.000000 -2.540000 0.000000
-0.000000 -2.540000 0.000000
-0.000000 -2.540000 0.000000
-0.000000 -2.540000 0.000000
-0.000000 -2.540000 0.000000
-0.000000 -2.540000 0.000000
-0.000000 -2.540000 0.000000
-0.000000 -2.540000 0.000000
-0.000000 -2.540000 0.000000
-0.000000 -2.540000 0.000000
-0.000000 -2.540000 0.000000
-0.000000 -2.540000 0.000000
-0.000000 -2.540000 0.000000
-0.000000 -2.540000 0.000000
-0.000000 -2.540000 0.000000
-0.000000 -2.540000 0.000000
-0.000000 -2.540000 0.000000
-0.000000 -2.540000 0.000000
-0.000000 -2.540000 0.000000
-0.000000 -2.540000 0.000000
-0.000000 -2.540000 0.000000
-0.000000 -2.540000 0.000000
-0.000000 -2.540000 0.000000
-0.000000 -2.540000 0.000000
-0.000000 -2.540000 0.000000
-0.000000 -2.540000 0.000000
-0.000000 -2.540000 0.000000
-0.000000 -2.540000 0.000000
-0.000000 -2.540000 0.000000
-0.000000 -2.540000 0.000000
-0.000000 -2.540000 0.000000
-0.000000 -2.540000 0.000000
-0.000000 -2.540000 0.000000
-0.000000 -2.540000 0.000000
-0.000000 -2.540000 0.000000
-0.000000 -2.540000 0.000000
-0.000000 -2.540000 0.000000
-0.000000 -2.540000 0.000000
-0.000000 -2.540000 0.000000
-0.000000 -2.540000 0.000000
-0.000000 -2.540000 0.000000
-0.000000 -2.540000 0.000000
-0.000000 -2.540000 0.000000
-0.000000 -2.540000 0.000000
-0.000000 -2.540000 0.000000
-0.000000 -2.540000 0.000000
-0.000000 -2.540000 0.000000
-0.000000 -2.540000 0.000000
-0.000000 -2.540000 0.000000
-0.000000 -2.540000 0.000000
-0.000000 -2.540000 0.000000
-0.000000 -2.540000 0.000000
-0.000000 -2.540000 0.000000
-0.000000 -2.540000 0.000000
-0.000000 -2.540000 0.000000
-0.000000 -2.540000 0.000000
-0.000000 -2.540000 0.000000
-0.000000 -2.540000 0.000000
-0.000000 -2.540000 0.000000
-0.000000 -2.540000 0.000000
-0.000000 -2.540000 0.000000
-0.000000 -2.540000 0.000000
-0.000000 -2.540000 0.000000
-0.000000 -2.540000 0.000000
-0.000000 -2.540000 0.000000
-0.000000 -2.540000 0.000000
-0.000000 -2.540000 0.000000
-0.000000 -2.540000 0.000000
-0.000000 -2.540000 0.000000
-0.000000 -2.540000 0.000000
-0.000000 -2.540000 0.000000
-0.000000 -2.540000 0.000000
-0.000000 -2.540000 0.000000
-0.000000 -2.540000 0.000000
-0.000000 -2.540000 0.000000
-0.000000 -2.540000 0.000000
-0.000000 -2.540000 0.000000
-0.000000 -2.540000 0.000000
-0.000000 -2.540000 0.000000
-0.000000 -2.540000 0.000000
-0.000000 -2.540000 0.000000
-0.000000 -2.540000 0.000000
-0.000000 -2.540000 0.000000
-0.000000 -2.540000 0.000000
-0.000000 -2.540000 0.000000
-0.000000 -2.540000 0.000000
-0.000000 -2.540000 0.000000
-0.000000 -2.540000 0.000000
-0.000000 -2.540000 0.000000
-0.000000 -2.540000 0.000000
-0.000000 -2.540000 0.000000
-0.000000 -2.540000 0.000000
-0.000000 -2.540000 0.000000
-0.000000 -2.540000 0.000000
-0.000000 -2.540000 0.000000
-0.000000 -2.540000 0.000000
-0.000000 -2.540000 0.000000
-0.000000 -2.540000 0.000000
-0.000000 -2.540000 0.000000
-0.000000 -2.540000 0.000000
-0.000000 -2.540000 0.000000
-0.000000 -2.540000 0.000000
-0.000000 -2.540000 0.000000
-0.000000 -2.540000 0.000000
-0.000000 -2.540000 0.000000
-0.000000 -2.540000 0.000000
-0.000000 -2.540000 0.000000
-0.000000 -2.540000 0.000000
-0.000000 -2.540000 0.000000
-0.000000 -2.540000 0.000000
-0.000000 -2.540000 0.000000
-0.000000 -2.540000 0.000000
-0.000000 -2.540000 0.000000
-0.000000 -2.540000 0.000000
-0.000000 -2.540000 0.000000
-0.000000 -2.540000 0.000000
-0.000000 -2.540000 0.000000
-0.000000 -2.540000 0.000000
-0.000000 -2.540000 0.000000
-0.000000 -2.540000 0.000000
-0.000000 -2.540000 0.000000
-0.000000 -2.540000 0.000000
-0.000000 -2.540000 0.000000
-0.000000 -2.540000 0.000000
-0.000000 -2.540000 0.000000
-0.000000 -2.540000 0.000000
-0.000000 -2.540000 0.000000
-0.000000 -2.540000 0.000000
-0.000000 -2.540000 0.000000
-0.000000 -2.540000 0.000000
-0.000000 -2.540000 0.000000
-0.000000 -2.540000 0.000000
-0.000000 -2.540000 0.000000
-0.000000 -2.540000 0.000000
-0.000000 -2.540000 0.000000
-0.000000 -2.540000 0.000000
-0.000000 -2.540000 0.000000
-0.000000 -2.540000 0.000000
-0.000000 -2.540000 0.000000
-0.000000 -2.540000 0.000000
-0.000000 -2.540000 0.000000
-0.000000 -2.540000 0.000000
-0.000000 -2.540000 0.000000
-0.000000 -2.540000 0.000000
-0.000000 -2.540000 0.000000
-0.000000 -2.540000 0.000000
-0.000000 -2.540000 0.000000
-0.000000 -2.540000 0.000000
-0.000000 -2.540000 0.000000
-0.000000 -2.540000 0.000000
-0.000000 -2.540000 0.000000
-0.000000 -2.540000 0.000000
-0.000000 -2.540000 0.000000
-0.000000 -2.540000 0.000000
-0.000000 -2.540000 0.000000
-0.000000 -2.540000 0.000000
-0.000000 -2.540000 0.000000
-0.000000 -2.540000 0.000000
-0.000000 -2.540000 0.000000
-0.000000 -2.540000 0.000000
-0.000000 -2.540000 0.000000
-0.000000 -2.540000 0.000000
-0.000000 -2.540000 0.000000
-0.000000 -2.540000 0.000000
-0.000000 -2.540000 0.000000
-0.000000 -2.540000 0.000000
-0.000000 -2.540000 0.000000
-0.000000 -2.540000 0.000000
-0.000000 -2.540000 0.000000
-0.000000 -2.540000 0.000000
-0.000000 -2.540000 0.000000
-0.000000 -2.540000 0.000000
-0.000000 -2.540000 0.000000
-0.000000 -2.540000 0.000000
-0.000000 -2.540000 0.000000
-0.000000 -2.540000 0.000000
-0.000000 -2.540000 0.000000
-0.000000 -2.540000 0.000000
-0.000000 -2.540000 0.000000
-0.000000 -2.540000 0.000000
-0.000000 -2.540000 0.000000
-0.000000 -2.540000 0.000000
-0.000000 -2.540000 0.000000
-0.000000 -2.540000 0.000000
-0.000000 -2.540000 0.000000
-0.000000 -2.540000 0.000000
-0.000000 -2.540000 0.000000
-0.000000 -2.540000 0.000000
-0.000000 -2.540000 0.000000
-0.000000 -2.540000 0.000000
-0.000000 -2.540000 0.000000
-0.000000 -2.540000 0.000000
-0.000000 -2.540000 0.000000
-0.000000 -2.540000 0.000000
-0.000000 -2.540000 0.000000
-0.000000 -2.540000 0.000000
-0.000000 -2.540000 0.000000
-0.000000 -2.540000 0.000000
-0.000000 -2.540000 0.000000
-0.000000 -2.540000 0.000000
-0.000000 -2.540000 0.000000
-0.000000 -2.540000 0.000000
-0.000000 -2.540000 0.000000
-0.000000 -2.540000 0.000000
-0.000000 -2.540000 0.000000
-0.000000 -2.540000 0.000000
-0.000000 -2.540000 0.000000
-0.000000 -2.540000 0.000000
-0.000000 -2.540000 0.000000
-0.000000 -2.540000 0.000000
-0.000000 -2.540000 0.000000
-0.000000 -2.540000 0.000000
-0.000000 -2.540000 0.000000
-0.000000 -2.540000 0.000000
-0.000000 -2.540000 0.000000
-0.000000 -2.540000 0.000000
-0.000000 -2.540000 0.000000
-0.000000 -2.540000 0.000000
-0.000000 -2.540000 0.000000
-0.000000 -2.540000 0.000000
-0.000000 -2.540000 0.000000
-0.000000 -2.540000 0.000000
-0.000000 -2.540000 0.000000
-0.000000 -2.540000 0.000000
-0.000000 -2.540000 0.000000
-0.000000 -2.540000 0.000000
-0.000000 -2.540000 0.000000
-0.000000 -2.540000 0.000000
-0.000000 -2.540000 0.000000
-0.000000 -2.540000 0.000000
-0.000000 -2.540000 0.000000
-0.000000 -2.540000 0.000000
-0.000000 -2.540000 0.000000
-0.000000 -2.540000 0.000000
-0.000000 -2.540000 0.000000
-0.000000 -2.540000 0.000000
-0.000000 -2.540000 0.000000
-0.000000 -2.540000 0.000000
-0.000000 -2.540000 0.000000
-0.000000 -2.540000 0.000000
-0.000000 -2.540000 0.000000
-0.000000 -2.540000 0.000000
-0.000000 -2.540000 0.000000
-0.000000 -2.540000 0.000000
-0.000000 -2.540000 0.000000
-0.000000 -2.540000 0.000000
-0.000000 -2.540000 0.000000
-0.000000 -2.540000 0.000000
-0.000000 -2.540000 0.000000
-0.000000 -2.540000 0.000000
-0.000000 -2.540000 0.000000
-0.000000 -2.540000 0.000000
-0.000000 -2.540000 0.000000
-0.000000 -2.540000 0.000000
-0.000000 -2.540000 0.000000
-0.000000 -2.540000 0.000000
-0.000000 -2.540000 0.000000
-0.000000 -2.540000 0.000000
-0.000000 -2.540000 0.000000
-0.000000 -2.540000 0.000000
-0.000000 -2.540000 0.000000
-0.000000 -2.540000 0.000000
-0.000000 -2.540000 0.000000
-0.000000 -2.540000 0.000000
-0.000000 -2.540000 0.000000
-0.000000 -2.540000 0.000000
-0.000000 -2.540000 0.000000
-0.000000 -2.540000 0.000000
-0.000000 -2.540000 0.000000
-0.000000 -2.540000 0.000000
-0.000000 -2.540000 0.000000
-0.000000 -2.540000 0.000000
-0.000000 -2.540000 0.000000
-0.000000 -2.540000 0.000000
-0.000000 -2.540000 0.000000
-0.000000 -2.540000 0.000000
-0.000000 -2.540000 0.000000
-0.000000 -2.540000 0.000000
-0.000000 -2.540000 0.000000
-0.000000 -2.540000 0.000000
-0.000000 -2.540000 0.000000
-0.000000 -2.540000 0.000000
-0.000000 -2.540000 0.000000
-0.000000 -2.540000 0.000000
-0.000000 -2.540000 0.000000
-0.000000 -2.540000 0.000000
-0.000000 -2.540000 0.000000
-0.000000 -2.540000 0.000000
-0.000000 -2.540000 0.000000
-0.000000 -2.540000 0.000000
-0.000000 -2.540000 0.000000
-0.000000 -2.540000 0.000000
-0.000000 -2.540000 0.000000
-0.000000 -2.540000 0.000000
-0.000000 -2.540000 0.000000
-0.000000 -2.540000 0.000000
-0.000000 -2.540000 0.000000
-0.000000 -2.540000 0.000000
-0.000000 -2.540000 0.000000
-0.000000 -2.540000 0.000000
-0.000000 -2.540000 0.000000
-0.000000 -2.540000 0.000000
-0.000000 -2.540000 0.000000
-0.000000 -2.540000 0.000000
-0.000000 -2.540000 0.000000
-0.000000 -2.540000 0.000000
-0.000000 -2.540000 0.000000
-0.000000 -2.540000 0.000000
-0.000000 -2.540000 0.000000
-0.000000 -2.540000 0.000000
-0.000000 -2.540000 0.000000
-0.000000 -2.540000 0.000000
-0.000000 -2.540000 0.000000
-0.000000 -2.540000 0.000000
-0.000000 -2.540000 0.000000
-0.000000 -2.540000 0.000000
-0.000000 -2.540000 0.000000
-0.000000 -2.540000 0.000000
-0.000000 -2.540000 0.000000
-0.000000 -2.540000 0.000000
-0.000000 -2.540000 0.000000
-0.000000 -2.540000 0.000000
-0.000000 -2.540000 0.000000
-0.000000 -2.540000 0.000000
-0.000000 -2.540000 0.000000
-0.000000 -2.540000 0.000000
-0.000000 -2.540000 0.000000
-0.000000 -2.540000 0.000000
-0.000000 -2.540000 0.000000
-0.000000 -2.540000 0.000000
-0.000000 -2.540000 0.000000
-0.000000 -2.540000 0.000000
-0.000000 -2.540000 0.000000
-0.000000 -2.540000 0.000000
-0.000000 -2.540000 0.000000
-0.000000 -2.540000 0.000000
-0.000000 -2.540000 0.000000
-0.000000 -2.540000 0.000000
-0.000000 -2.540000 0.000000
-0.000000 -2.540000 0.000000
-0.000000 -2.540000 0.000000
-0.000000 -2.540000 0.000000
-0.000000 -2.540000 0.000000
-0.000000 -2.540000 0.000000
-0.000000 -2.540000 0.000000
-0.000000 -2.540000 0.000000
-0.000000 -2.540000 0.000000
-0.000000 -2.540000 0.000000
-0.000000 -2.540000 0.000000
-0.000000 -2.540000 0.000000
-0.000000 -2.540000 0.000000
-0.000000 -2.540000 0.000000
-0.000000 -2.540000 0.000000
-0.000000 -2.540000 0.000000
-0.000000 -2.540000 0.000000
-0.000000 -2.540000 0.000000
-0.000000 -2.540000 0.000000
-0.000000 -2.540000 0.000000
-0.000000 -2.540000 0.000000
-0.000000 -2.540000 0.000000
-0.000000 -2.540000 0.000000
-0.000000 -2.540000 0.000000
-0.000000 -2.540000 0.000000
-0.000000 -2.540000 0.000000
-0.000000 -2.540000 0.000000
-0.000000 -2.540000 0.000000
-0.000000 -2.540000 0.000000
-0.000000 -2.540000 0.000000
0.000000 -2.540000 0.000000
-0.000000 -2.476317 0.565203
-0.000000 -2.476317 0.565203
0.000000 -2.540000 0.000000
-0.000000 -2.476317 0.565203
-0.000000 -2.476317 0.565203
-0.000000 -2.476317 0.565203
-0.000000 -2.288461 1.102065
-0.000000 -2.288461 1.102065
-0.000000 -2.476317 0.565203
-0.000000 -2.288461 1.102065
-0.000000 -2.288461 1.102065
-0.000000 -2.288461 1.102065
-0.000000 -1.985852 1.583664
-0.000000 -1.985852 1.583664
-0.000000 -2.288461 1.102065
-0.000000 -1.985852 1.583664
-0.000000 -1.985852 1.583664
-0.000000 -1.985852 1.583664
-0.000000 -1.583664 1.985852
-0.000000 -1.583664 1.985852
-0.000000 -1.985852 1.583664
-0.000000 -1.583664 1.985852
-0.000000 -1.583664 1.985852
-0.000000 -1.583664 1.985852
-0.000000 -1.102065 2.288461
-0.000000 -1.102065 2.288461
-0.000000 -1.583664 1.985852
-0.000000 -1.102065 2.288461
-0.000000 -1.102065 2.288461
-0.000000 -1.102065 2.288461
-0.000000 -0.565203 2.476317
-0.000000 -0.565203 2.476317
-0.000000 -1.102065 2.288461
-0.000000 -0.565203 2.476317
-0.000000 -0.565203 2.476317
-0.000000 -0.565203 2.476317
-0.000000 -0.000000 2.540000
-0.000000 -0.000000 2.540000
-0.000000 -0.565203 2.476317
0.000000 0.000000 2.540000
-0.000000 -0.000000 2.540000
-0.000000 -0.000000 2.540000
0.000000 0.565203 2.476317
0.000000 0.565203 2.476317
-0.000000 -0.000000 2.540000
0.000000 0.565203 2.476317
0.000000 0.565203 2.476317
0.000000 0.565203 2.476317
0.000000 1.102065 2.288461
0.000000 1.102065 2.288461
0.000000 0.565203 2.476317
0.000000 1.102065 2.288461
0.000000 1.102065 2.288461
0.000000 1.102065 2.288461
0.000000 1.583664 1.985852
0.000000 1.583664 1.985852
0.000000 1.102065 2.288461
0.000000 1.583664 1.985852
0.000000 1.583664 1.985852
0.000000 1.583664 1.985852
0.000000 1.985852 1.583664
0.000000 1.985852 1.583664
0.000000 1.583664 1.985852
0.000000 1.985852 1.583664
0.000000 1.985852 1.583664
0.000000 1.985852 1.583664
0.000000 2.288461 1.102065
0.000000 2.288461 1.102065
0.000000 1.985852 1.583664
0.000000 2.288461 1.102065
0.000000 2.288461 1.102065
0.000000 2.288461 1.102065
0.000000 2.476317 0.565203
0.000000 2.476317 0.565203
0.000000 2.288461 1.102065
0.000000 2.476317 0.565203
0.000000 2.476317 0.565203
0.000000 2.476317 0.565203
0.000000 2.540000 -0.000000
0.000000 2.540000 -0.000000
0.000000 2.476317 0.565203
0.000000 2.540000 0.000000
0.000000 2.540000 0.000000
0.000000 2.540000 0.000000
0.000000 2.540000 0.000000
0.000000 2.540000 0.000000
0.000000 2.540000 0.000000
0.000000 2.540000 0.000000
0.000000 2.540000 0.000000
0.000000 2.540000 0.000000
0.000000 2.540000 0.000000
0.000000 2.540000 0.000000
0.000000 2.540000 0.000000
0.000000 2.540000 0.000000
0.000000 2.540000 0.000000
0.000000 2.540000 0.000000
0.000000 2.540000 0.000000
0.000000 2.540000 0.000000
0.000000 2.540000 0.000000
0.000000 2.540000 0.000000
0.000000 2.540000 0.000000
0.000000 2.540000 0.000000
0.000000 2.540000 0.000000
0.000000 2.540000 0.000000
0.000000 2.540000 0.000000
0.000000 2.540000 0.000000
0.000000 2.540000 0.000000
0.000000 2.540000 0.000000
0.000000 2.540000 0.000000
0.000000 2.540000 0.000000
0.000000 2.540000 0.000000
0.000000 2.540000 0.000000
0.000000 2.540000 0.000000
0.000000 2.540000 0.000000
0.000000 2.540000 0.000000
0.000000 2.540000 0.000000
0.000000 2.540000 0.000000
0.000000 2.540000 0.000000
0.000000 2.540000 0.000000
0.000000 2.540000 0.000000
0.000000 2.540000 0.000000
0.000000 2.540000 0.000000
0.000000 2.540000 0.000000
0.000000 2.540000 0.000000
0.000000 2.540000 0.000000
0.000000 2.540000 0.000000
0.000000 2.540000 0.000000
0.000000 2.540000 0.000000
0.000000 2.540000 0.000000
0.000000 2.540000 0.000000
0.000000 2.540000 0.000000
0.000000 2.540000 0.000000
0.000000 2.540000 0.000000
0.000000 2.540000 0.000000
0.000000 2.540000 0.000000
0.000000 2.540000 0.000000
0.000000 2.540000 0.000000
0.000000 2.540000 0.000000
0.000000 2.540000 0.000000
0.000000 2.540000 0.000000
0.000000 2.540000 0.000000
0.000000 2.540000 0.000000
0.000000 2.540000 0.000000
0.000000 2.540000 0.000000
0.000000 2.540000 0.000000
0.000000 2.540000 0.000000
0.000000 2.540000 0.000000
0.000000 2.540000 0.000000
0.000000 2.540000 0.000000
0.000000 2.540000 0.000000
0.000000 2.540000 0.000000
0.000000 2.540000 0.000000
0.000000 2.540000 0.000000
0.000000 2.540000 0.000000
0.000000 2.540000 0.000000
0.000000 2.540000 0.000000
0.000000 2.540000 0.000000
0.000000 2.540000 0.000000
0.000000 2.540000 0.000000
0.000000 2.540000 0.000000
0.000000 2.540000 0.000000
0.000000 2.540000 0.000000
0.000000 2.540000 0.000000
0.000000 2.540000 0.000000
0.000000 2.540000 0.000000
0.000000 2.540000 0.000000
0.000000 2.540000 0.000000
0.000000 2.540000 0.000000
0.000000 2.540000 0.000000
0.000000 2.540000 0.000000
0.000000 2.540000 0.000000
0.000000 2.540000 0.000000
0.000000 2.540000 0.000000
0.000000 2.540000 0.000000
0.000000 2.540000 0.000000
0.000000 2.540000 0.000000
0.000000 2.540000 0.000000
0.000000 2.540000 0.000000
0.000000 2.540000 0.000000
0.000000 2.540000 0.000000
0.000000 2.540000 0.000000
0.000000 2.540000 0.000000
0.000000 2.540000 0.000000
0.000000 2.540000 0.000000
0.000000 2.540000 0.000000
0.000000 2.540000 0.000000
0.000000 2.540000 0.000000
0.000000 2.540000 0.000000
0.000000 2.540000 0.000000
0.000000 2.540000 0.000000
0.000000 2.540000 0.000000
0.000000 2.540000 0.000000
0.000000 2.540000 0.000000
0.000000 2.540000 0.000000
0.000000 2.540000 0.000000
0.000000 2.540000 0.000000
0.000000 2.540000 0.000000
0.000000 2.540000 0.000000
0.000000 2.540000 0.000000
0.000000 2.540000 0.000000
0.000000 2.540000 0.000000
0.000000 2.540000 0.000000
0.000000 2.540000 0.000000
0.000000 2.540000 0.000000
0.000000 2.540000 0.000000
0.000000 2.540000 0.000000
0.000000 2.540000 0.000000
0.000000 2.540000 0.000000
0.000000 2.540000 0.000000
0.000000 2.540000 0.000000
0.000000 2.540000 0.000000
0.000000 2.540000 0.000000
0.000000 2.540000 0.000000
0.000000 2.540000 0.000000
0.000000 2.540000 0.000000
0.000000 2.540000 0.000000
0.000000 2.540000 0.000000
0.000000 2.540000 0.000000
0.000000 2.540000 0.000000
0.000000 2.540000 0.000000
0.000000 2.540000 0.000000
0.000000 2.540000 0.000000
0.000000 2.540000 0.000000
0.000000 2.540000 0.000000
0.000000 2.540000 0.000000
0.000000 2.540000 0.000000
0.000000 2.540000 0.000000
0.000000 2.540000 0.000000
0.000000 2.540000 0.000000
0.000000 2.540000 0.000000
0.000000 2.540000 0.000000
0.000000 2.540000 0.000000
0.000000 2.540000 0.000000
0.000000 2.540000 0.000000
0.000000 2.540000 0.000000
0.000000 2.540000 0.000000
0.000000 2.540000 0.000000
0.000000 2.540000 0.000000
0.000000 2.540000 0.000000
0.000000 2.540000 0.000000
0.000000 2.540000 0.000000
0.000000 2.540000 0.000000
0.000000 2.540000 0.000000
0.000000 2.540000 0.000000
0.000000 2.540000 0.000000
0.000000 2.540000 0.000000
0.000000 2.540000 0.000000
0.000000 2.540000 0.000000
0.000000 2.540000 0.000000
0.000000 2.540000 0.000000
0.000000 2.540000 0.000000
0.000000 2.540000 0.000000
0.000000 2.540000 0.000000
0.000000 2.540000 0.000000
0.000000 2.540000 0.000000
0.000000 2.540000 0.000000
0.000000 2.540000 0.000000
0.000000 2.540000 0.000000
0.000000 2.540000 0.000000
0.000000 2.540000 0.000000
0.000000 2.540000 0.000000
0.000000 2.540000 0.000000
0.000000 2.540000 0.000000
0.000000 2.540000 0.000000
0.000000 2.540000 0.000000
0.000000 2.540000 0.000000
0.000000 2.540000 0.000000
0.000000 2.540000 0.000000
0.000000 2.540000 0.000000
0.000000 2.540000 0.000000
0.000000 2.540000 0.000000
0.000000 2.540000 0.000000
0.000000 2.540000 0.000000
0.000000 2.540000 0.000000
0.000000 2.540000 0.000000
0.000000 2.540000 0.000000
0.000000 2.540000 0.000000
0.000000 2.540000 0.000000
0.000000 2.540000 0.000000
0.000000 2.540000 0.000000
0.000000 2.540000 0.000000
0.000000 2.540000 0.000000
0.000000 2.540000 0.000000
0.000000 2.540000 0.000000
0.000000 2.540000 0.000000
0.000000 2.540000 0.000000
0.000000 2.540000 0.000000
0.000000 2.540000 0.000000
0.000000 2.540000 0.000000
0.000000 2.540000 0.000000
0.000000 2.540000 0.000000
0.000000 2.540000 0.000000
0.000000 2.540000 0.000000
0.000000 2.540000 0.000000
0.000000 2.540000 0.000000
0.000000 2.540000 0.000000
0.000000 2.540000 0.000000
0.000000 2.540000 0.000000
0.000000 2.540000 0.000000
0.000000 2.540000 0.000000
0.000000 2.540000 0.000000
0.000000 2.540000 0.000000
0.000000 2.540000 0.000000
0.000000 2.540000 0.000000
0.000000 2.540000 0.000000
0.000000 2.540000 0.000000
0.000000 2.540000 0.000000
0.000000 2.540000 0.000000
0.000000 2.540000 0.000000
0.000000 2.540000 0.000000
0.000000 2.540000 0.000000
0.000000 2.540000 0.000000
0.000000 2.540000 0.000000
0.000000 2.540000 0.000000
0.000000 2.540000 0.000000
0.000000 2.540000 0.000000
0.000000 2.540000 0.000000
0.000000 2.540000 0.000000
0.000000 2.540000 0.000000
0.000000 2.540000 0.000000
0.000000 2.540000 0.000000
0.000000 2.540000 0.000000
0.000000 2.540000 0.000000
0.000000 2.540000 0.000000
0.000000 2.540000 0.000000
0.000000 2.540000 0.000000
0.000000 2.540000 0.000000
0.000000 2.540000 0.000000
0.000000 2.540000 0.000000
0.000000 2.540000 0.000000
0.000000 2.540000 0.000000
0.000000 2.540000 0.000000
0.000000 2.540000 0.000000
0.000000 2.540000 0.000000
0.000000 2.540000 0.000000
0.000000 2.540000 0.000000
0.000000 2.540000 0.000000
0.000000 2.540000 0.000000
0.000000 2.540000 0.000000
0.000000 2.540000 0.000000
0.000000 2.540000 0.000000
0.000000 2.540000 0.000000
0.000000 2.540000 0.000000
0.000000 2.540000 0.000000
0.000000 2.540000 0.000000
0.000000 2.540000 0.000000
0.000000 2.540000 0.000000
0.000000 2.540000 0.000000
0.000000 2.540000 0.000000
0.000000 2.540000 0.000000
0.000000 2.540000 0.000000
0.000000 2.540000 0.000000
0.000000 2.540000 0.000000
0.000000 2.540000 0.000000
0.000000 2.540000 0.000000
0.000000 2.540000 0.000000
0.000000 2.540000 0.000000
0.000000 2.540000 0.000000
0.000000 2.540000 0.000000
0.000000 2.540000 0.000000
0.000000 2.540000 0.000000
0.000000 2.540000 0.000000
0.000000 2.540000 0.000000
0.000000 2.540000 0.000000
0.000000 2.540000 0.000000
0.000000 2.540000 0.000000
0.000000 2.540000 0.000000
0.000000 2.540000 0.000000
0.000000 2.540000 0.000000
0.000000 2.540000 0.000000
0.000000 2.540000 0.000000
0.000000 2.540000 0.000000
0.000000 2.540000 0.000000
0.000000 2.540000 0.000000
0.000000 2.540000 0.000000
0.000000 2.540000 0.000000
0.000000 2.540000 0.000000
0.000000 2.540000 0.000000
0.000000 2.540000 0.000000
0.000000 2.540000 0.000000
0.000000 2.540000 0.000000
0.000000 2.540000 0.000000
0.000000 2.540000 0.000000
0.000000 2.540000 0.000000
0.000000 2.540000 0.000000
0.000000 2.540000 0.000000
0.000000 2.540000 0.000000
0.000000 2.540000 0.000000
0.000000 2.540000 0.000000
0.000000 2.540000 0.000000
0.000000 2.540000 0.000000
0.000000 2.540000 0.000000
0.000000 2.540000 0.000000
0.000000 2.540000 0.000000
0.000000 2.540000 0.000000
0.000000 2.540000 0.000000
0.000000 2.540000 0.000000
0.000000 2.540000 0.000000
0.000000 2.540000 0.000000
0.000000 2.540000 0.000000
0.000000 2.540000 0.000000
0.000000 2.540000 0.000000
0.000000 2.540000 0.000000
0.000000 2.540000 0.000000
0.000000 2.540000 0.000000
0.000000 2.540000 0.000000
0.000000 2.540000 0.000000
0.000000 2.540000 0.000000
0.000000 2.540000 0.000000
0.000000 2.540000 0.000000
0.000000 2.540000 0.000000
0.000000 2.540000 0.000000
0.000000 2.540000 0.000000
0.000000 2.540000 0.000000
0.000000 2.540000 0.000000
0.000000 2.540000 0.000000
0.000000 2.540000 0.000000
0.000000 2.540000 0.000000
0.000000 2.540000 0.000000
0.000000 2.540000 0.000000
0.000000 2.540000 0.000000
0.000000 2.540000 0.000000
0.000000 2.540000 0.000000
0.000000 2.540000 0.000000
0.000000 2.540000 0.000000
0.000000 2.540000 0.000000
0.000000 2.540000 0.000000
0.000000 2.540000 0.000000
0.000000 2.540000 0.000000
0.000000 2.540000 0.000000
0.000000 2.540000 0.000000
0.000000 2.540000 0.000000
0.000000 2.540000 0.000000
0.000000 2.540000 0.000000
0.000000 2.540000 0.000000
0.000000 2.540000 0.000000
0.000000 2.540000 0.000000
0.000000 2.540000 0.000000
0.000000 2.540000 0.000000
0.000000 2.540000 0.000000
0.000000 2.540000 0.000000
0.000000 2.540000 0.000000
0.000000 2.540000 0.000000
0.000000 2.540000 0.000000
0.000000 2.540000 0.000000
0.000000 2.540000 0.000000
0.000000 2.540000 0.000000
0.000000 2.540000 0.000000
0.000000 2.540000 0.000000
0.000000 2.540000 0.000000
0.000000 2.540000 0.000000
0.000000 2.540000 0.000000
0.000000 2.540000 0.000000
0.000000 2.540000 0.000000
0.000000 2.540000 0.000000
0.000000 2.540000 0.000000
0.000000 2.540000 0.000000
0.000000 2.540000 0.000000
0.000000 2.540000 0.000000
0.000000 2.540000 0.000000
0.000000 2.540000 0.000000
0.000000 2.540000 0.000000
0.000000 2.540000 0.000000
0.000000 2.540000 0.000000
0.000000 2.540000 0.000000
0.000000 2.540000 0.000000
0.000000 2.540000 0.000000
0.000000 2.540000 0.000000
0.000000 2.540000 0.000000
0.000000 2.540000 0.000000
0.000000 2.540000 0.000000
0.000000 2.540000 0.000000
0.000000 2.540000 0.000000
0.000000 2.540000 0.000000
0.000000 2.540000 0.000000
0.000000 2.540000 0.000000
0.000000 2.540000 0.000000
0.000000 2.540000 0.000000
0.000000 2.540000 0.000000
0.000000 2.540000 0.000000
0.000000 2.540000 0.000000
0.000000 2.540000 0.000000
0.000000 2.540000 0.000000
0.000000 2.540000 0.000000
0.000000 2.540000 0.000000
0.000000 2.540000 0.000000
0.000000 2.540000 0.000000
0.000000 2.540000 0.000000
0.000000 2.540000 0.000000
0.000000 2.540000 0.000000
0.000000 2.540000 0.000000
0.000000 2.540000 0.000000
0.000000 2.540000 0.000000
0.000000 2.540000 0.000000
0.000000 2.540000 0.000000
0.000000 2.540000 0.000000
0.000000 2.540000 0.000000
0.000000 2.540000 0.000000
0.000000 2.540000 0.000000
0.000000 2.540000 0.000000
0.000000 2.540000 0.000000
0.000000 2.540000 0.000000
0.000000 2.540000 0.000000
0.000000 2.540000 0.000000
0.000000 2.540000 0.000000
0.000000 2.540000 0.000000
0.000000 2.540000 0.000000
0.000000 2.540000 0.000000
0.000000 2.540000 0.000000
0.000000 2.540000 0.000000
0.000000 2.540000 0.000000
0.000000 2.540000 0.000000
0.000000 2.540000 0.000000
0.000000 2.540000 0.000000
0.000000 2.540000 0.000000
0.000000 2.540000 0.000000
0.000000 2.540000 0.000000
0.000000 2.540000 0.000000
0.000000 2.540000 0.000000
0.000000 2.540000 0.000000
0.000000 2.540000 0.000000
0.000000 2.540000 0.000000
0.000000 2.540000 0.000000
0.000000 2.540000 0.000000
0.000000 2.540000 0.000000
0.000000 2.540000 0.000000
0.000000 2.540000 0.000000
0.000000 2.540000 0.000000
0.000000 2.540000 0.000000
0.000000 2.540000 -0.000000
0.000000 2.540000 0.000000
0.000000 2.540000 0.000000
0.000000 2.540000 0.000000
0.000000 2.540000 0.000000
0.000000 2.540000 0.000000
0.000000 2.540000 0.000000
0.000000 2.540000 0.000000
0.000000 2.540000 0.000000
0.000000 2.540000 -0.000000
0.000000 2.540000 0.000000
0.000000 2.540000 0.000000
0.000000 2.540000 0.000000
0.000000 2.540000 0.000000
0.000000 2.540000 0.000000
0.000000 2.540000 0.000000
0.000000 2.540000 0.000000
0.000000 2.540000 0.000000
0.000000 2.540000 0.000000
0.000000 2.540000 0.000000
0.000000 2.540000 0.000000
0.000000 2.540000 0.000000
0.000000 2.540000 0.000000
0.000000 2.540000 0.000000
0.000000 2.540000 0.000000
0.000000 2.540000 0.000000
0.000000 2.540000 0.000000
0.000000 2.540000 0.000000
0.000000 2.540000 0.000000
0.000000 2.540000 0.000000
0.000000 2.540000 0.000000
0.000000 2.540000 0.000000
0.000000 2.540000 0.000000
0.000000 2.540000 0.000000
0.000000 2.540000 0.000000
0.000000 2.540000 0.000000
0.000000 2.540000 0.000000
0.000000 2.540000 0.000000
0.000000 2.540000 0.000000
0.000000 2.540000 0.000000
0.000000 2.540000 0.000000
0.000000 2.540000 0.000000
0.000000 2.540000 0.000000
0.000000 2.540000 0.000000
0.000000 2.540000 0.000000
0.000000 2.540000 0.000000
0.000000 2.540000 0.000000
0.000000 2.540000 0.000000
0.000000 2.540000 0.000000
0.000000 2.540000 0.000000
0.000000 2.540000 0.000000
0.000000 2.540000 0.000000
0.000000 2.540000 0.000000
0.000000 2.540000 0.000000
0.000000 2.540000 0.000000
0.000000 2.540000 0.000000
0.000000 2.540000 0.000000
0.000000 2.540000 0.000000
0.000000 2.540000 0.000000
0.000000 2.540000 0.000000
0.000000 2.540000 0.000000
0.000000 2.540000 0.000000
0.000000 2.540000 0.000000
0.000000 2.540000 0.000000
0.000000 2.540000 0.000000
0.000000 2.540000 0.000000
0.000000 2.540000 0.000000
0.000000 2.540000 0.000000
0.000000 2.540000 0.000000
0.000000 2.540000 0.000000
0.000000 2.540000 0.000000
0.000000 2.540000 0.000000
0.000000 2.540000 0.000000
0.000000 2.540000 0.000000
0.000000 2.540000 0.000000
0.000000 2.540000 0.000000
0.000000 2.540000 0.000000
0.000000 2.540000 0.000000
0.000000 2.540000 0.000000
0.000000 2.540000 0.000000
0.000000 2.540000 0.000000
0.000000 2.540000 0.000000
0.000000 2.540000 0.000000
0.000000 2.540000 0.000000
0.000000 2.540000 0.000000
0.000000 2.540000 0.000000
0.000000 2.540000 0.000000
0.000000 2.540000 0.000000
0.000000 2.540000 0.000000
0.000000 2.540000 0.000000
0.000000 2.540000 0.000000
0.000000 2.540000 0.000000
0.000000 2.540000 0.000000
0.000000 2.540000 0.000000
0.000000 2.540000 0.000000
0.000000 2.540000 0.000000
0.000000 2.540000 0.000000
0.000000 2.540000 0.000000
0.000000 2.540000 0.000000
0.000000 2.540000 0.000000
0.000000 2.540000 0.000000
0.000000 2.540000 0.000000
0.000000 2.540000 0.000000
0.000000 2.540000 0.000000
0.000000 2.540000 0.000000
0.000000 2.540000 0.000000
0.000000 2.540000 0.000000
0.000000 2.540000 0.000000
0.000000 2.540000 0.000000
0.000000 2.540000 0.000000
0.000000 2.540000 0.000000
0.000000 2.540000 0.000000
0.000000 2.540000 0.000000
0.000000 2.540000 0.000000
0.000000 2.540000 0.000000
0.000000 2.540000 0.000000
0.000000 2.540000 0.000000
0.000000 2.540000 0.000000
0.000000 2.540000 0.000000
0.000000 2.540000 0.000000
0.000000 2.540000 0.000000
0.000000 2.540000 0.000000
0.000000 2.540000 0.000000
0.000000 2.540000 0.000000
0.000000 2.540000 0.000000
0.000000 2.540000 0.000000
0.000000 2.540000 0.000000
0.000000 2.540000 0.000000
0.000000 2.540000 0.000000
0.000000 2.540000 0.000000
0.000000 2.540000 0.000000
0.000000 2.540000 0.000000
0.000000 2.540000 0.000000
0.000000 2.540000 0.000000
0.000000 2.540000 0.000000
0.000000 2.540000 0.000000
0.000000 2.540000 0.000000
0.000000 2.540000 0.000000
0.000000 2.540000 0.000000
0.000000 2.540000 0.000000
0.000000 2.540000 0.000000
0.000000 2.540000 0.000000
0.000000 2.540000 0.000000
0.000000 2.540000 0.000000
0.000000 2.540000 0.000000
0.000000 2.540000 0.000000
0.000000 2.540000 0.000000
0.000000 2.540000 0.000000
0.000000 2.540000 0.000000
0.000000 2.540000 0.000000
0.000000 2.540000 0.000000
0.000000 2.540000 0.000000
0.000000 2.540000 0.000000
0.000000 2.540000 0.000000
0.000000 2.540000 0.000000
0.000000 2.540000 0.000000
0.000000 2.540000 0.000000
0.000000 2.540000 0.000000
0.000000 2.540000 0.000000
0.000000 2.540000 0.000000
0.000000 2.540000 0.000000
0.000000 2.540000 0.000000
0.000000 2.540000 0.000000
0.000000 2.540000 0.000000
0.000000 2.540000 0.000000
0.000000 2.540000 0.000000
0.000000 2.540000 0.000000
0.000000 2.540000 0.000000
0.000000 2.540000 0.000000
0.000000 2.540000 0.000000
0.000000 2.540000 0.000000
0.000000 2.540000 0.000000
0.000000 2.540000 0.000000
0.000000 2.540000 0.000000
0.000000 2.540000 0.000000
0.000000 2.540000 0.000000
0.000000 2.540000 0.000000
0.000000 2.540000 0.000000
0.000000 2.540000 0.000000
0.000000 2.540000 0.000000
0.000000 2.540000 0.000000
0.000000 2.540000 0.000000
0.000000 2.540000 0.000000
0.000000 2.540000 0.000000
0.000000 2.540000 0.000000
0.000000 2.540000 0.000000
0.000000 2.540000 0.000000
0.000000 2.540000 0.000000
0.000000 2.540000 0.000000
0.000000 2.540000 0.000000
0.000000 2.540000 0.000000
0.000000 2.540000 0.000000
0.000000 2.540000 0.000000
0.000000 2.540000 0.000000
0.000000 2.540000 0.000000
0.000000 2.540000 0.000000
0.000000 2.540000 0.000000
0.000000 2.540000 0.000000
0.000000 2.540000 0.000000
0.000000 2.540000 0.000000
0.000000 2.540000 0.000000
0.000000 2.540000 0.000000
0.000000 2.540000 0.000000
0.000000 2.540000 0.000000
0.000000 2.540000 0.000000
0.000000 2.540000 0.000000
0.000000 2.540000 0.000000
0.000000 2.540000 0.000000
0.000000 2.540000 0.000000
0.000000 2.540000 0.000000
0.000000 2.540000 0.000000
0.000000 2.540000 0.000000
0.000000 2.540000 0.000000
0.000000 2.540000 0.000000
0.000000 2.540000 0.000000
0.000000 2.540000 0.000000
0.000000 2.540000 0.000000
0.000000 2.540000 0.000000
0.000000 2.540000 0.000000
0.000000 2.540000 0.000000
0.000000 2.540000 0.000000
0.000000 2.540000 0.000000
0.000000 2.540000 0.000000
0.000000 2.540000 0.000000
0.000000 2.540000 0.000000
0.000000 2.540000 0.000000
0.000000 2.540000 0.000000
0.000000 2.540000 0.000000
0.000000 2.540000 0.000000
0.000000 2.540000 0.000000
0.000000 2.540000 0.000000
0.000000 2.540000 0.000000
0.000000 2.540000 0.000000
0.000000 2.540000 0.000000
0.000000 2.540000 0.000000
0.000000 2.540000 0.000000
0.000000 2.540000 0.000000
0.000000 2.540000 0.000000
0.000000 2.540000 0.000000
0.000000 2.540000 0.000000
0.000000 2.540000 0.000000
0.000000 2.540000 0.000000
0.000000 2.540000 0.000000
0.000000 2.540000 0.000000
0.000000 2.540000 0.000000
0.000000 2.540000 0.000000
0.000000 2.540000 0.000000
0.000000 2.540000 0.000000
0.000000 2.540000 0.000000
0.000000 2.540000 0.000000
0.000000 2.540000 0.000000
0.000000 2.540000 0.000000
0.000000 2.540000 0.000000
0.000000 2.540000 0.000000
0.000000 2.540000 0.000000
0.000000 2.540000 0.000000
0.000000 2.540000 0.000000
0.000000 2.540000 0.000000
0.000000 2.540000 0.000000
0.000000 2.540000 0.000000
0.000000 2.540000 0.000000
0.000000 2.540000 0.000000
0.000000 2.540000 0.000000
0.000000 2.540000 0.000000
0.000000 2.540000 0.000000
0.000000 2.540000 0.000000
0.000000 2.540000 0.000000
0.000000 2.540000 0.000000
0.000000 2.540000 0.000000
0.000000 2.540000 0.000000
0.000000 2.540000 0.000000
0.000000 2.540000 0.000000
0.000000 2.540000 0.000000
0.000000 2.540000 0.000000
0.000000 2.540000 0.000000
0.000000 2.540000 0.000000
0.000000 2.540000 0.000000
0.000000 2.540000 0.000000
0.000000 2.540000 0.000000
0.000000 2.540000 0.000000
0.000000 2.540000 0.000000
0.000000 2.540000 0.000000
0.000000 2.540000 0.000000
0.000000 2.540000 0.000000
0.000000 2.540000 0.000000
0.000000 2.540000 0.000000
0.000000 2.540000 0.000000
0.000000 2.540000 0.000000
0.000000 2.540000 0.000000
0.000000 2.540000 0.000000
0.000000 2.540000 0.000000
0.000000 2.540000 0.000000
0.000000 2.540000 0.000000
0.000000 2.540000 0.000000
0.000000 2.540000 0.000000
0.000000 2.540000 0.000000
0.000000 2.540000 0.000000
0.000000 2.540000 0.000000
0.000000 2.540000 0.000000
0.000000 2.540000 0.000000
0.000000 2.540000 0.000000
0.000000 2.540000 0.000000
0.000000 2.540000 0.000000
0.000000 2.540000 0.000000
0.000000 2.540000 0.000000
0.000000 2.540000 0.000000
-2.540000 0.000000 0.000000
-2.540000 0.000000 0.000000
-2.540000 0.000000 0.000000
-2.540000 0.000000 0.000000
-2.540000 0.000000 0.000000
-2.540000 0.000000 0.000000
-2.540000 0.000000 0.000000
-2.540000 0.000000 0.000000
-2.540000 0.000000 0.000000
-2.540000 0.000000 0.000000
-2.540000 0.000000 0.000000
-2.540000 0.000000 0.000000
-2.540000 0.000000 0.000000
-2.540000 0.000000 0.000000
-2.540000 0.000000 0.000000
-2.540000 0.000000 0.000000
-2.540000 0.000000 0.000000
-2.540000 0.000000 0.000000
-2.540000 0.000000 0.000000
-2.540000 0.000000 0.000000
-2.540000 0.000000 0.000000
-2.540000 0.000000 0.000000
-2.540000 0.000000 0.000000
-2.540000 0.000000 0.000000
-2.540000 0.000000 0.000000
-2.540000 0.000000 0.000000
-2.540000 0.000000 0.000000
-2.540000 0.000000 0.000000
-2.540000 0.000000 0.000000
-2.540000 0.000000 0.000000
-2.540000 0.000000 0.000000
-2.540000 0.000000 0.000000
-2.540000 0.000000 0.000000
-2.540000 0.000000 0.000000
-2.540000 0.000000 0.000000
-2.540000 0.000000 0.000000
-2.540000 0.000000 0.000000
-2.540000 0.000000 0.000000
-2.540000 0.000000 0.000000
-2.540000 0.000000 0.000000
-2.540000 0.000000 0.000000
-2.540000 0.000000 0.000000
-2.540000 0.000000 0.000000
-2.540000 0.000000 0.000000
-2.540000 0.000000 0.000000
-2.540000 0.000000 0.000000
-2.540000 0.000000 0.000000
-2.540000 0.000000 0.000000
-2.540000 0.000000 0.000000
-2.540000 0.000000 0.000000
-2.540000 0.000000 0.000000
-2.540000 0.000000 0.000000
-2.540000 0.000000 0.000000
-2.540000 0.000000 0.000000
-2.540000 0.000000 0.000000
-2.540000 0.000000 0.000000
-2.540000 0.000000 0.000000
-2.540000 0.000000 0.000000
-2.540000 0.000000 0.000000
-2.540000 0.000000 0.000000
-2.540000 0.000000 0.000000
-2.540000 0.000000 0.000000
-2.540000 0.000000 0.000000
-2.540000 0.000000 0.000000
-2.540000 0.000000 0.000000
-2.540000 0.000000 0.000000
2.540000 -0.000000 0.000000
2.540000 -0.000000 0.000000
2.540000 -0.000000 0.000000
2.540000 -0.000000 0.000000
2.540000 -0.000000 0.000000
2.540000 -0.000000 0.000000
2.540000 -0.000000 0.000000
2.540000 -0.000000 0.000000
2.540000 -0.000000 0.000000
2.540000 -0.000000 0.000000
2.540000 -0.000000 0.000000
2.540000 -0.000000 0.000000
2.540000 -0.000000 0.000000
2.540000 -0.000000 0.000000
2.540000 -0.000000 0.000000
2.540000 -0.000000 0.000000
2.540000 -0.000000 0.000000
2.540000 -0.000000 0.000000
2.540000 -0.000000 0.000000
2.540000 -0.000000 0.000000
2.540000 -0.000000 0.000000
2.540000 -0.000000 0.000000
2.540000 -0.000000 0.000000
2.540000 -0.000000 0.000000
2.540000 -0.000000 0.000000
2.540000 -0.000000 0.000000
2.540000 -0.000000 0.000000
2.540000 -0.000000 0.000000
2.540000 -0.000000 0.000000
2.540000 -0.000000 0.000000
2.540000 -0.000000 0.000000
2.540000 -0.000000 0.000000
2.540000 -0.000000 0.000000
2.540000 -0.000000 0.000000
2.540000 -0.000000 0.000000
2.540000 -0.000000 0.000000
2.540000 -0.000000 0.000000
2.540000 -0.000000 0.000000
2.540000 -0.000000 0.000000
2.540000 -0.000000 0.000000
2.540000 -0.000000 0.000000
2.540000 -0.000000 0.000000
2.540000 -0.000000 0.000000
2.540000 -0.000000 0.000000
2.540000 -0.000000 0.000000
2.540000 -0.000000 0.000000
2.540000 -0.000000 0.000000
2.540000 -0.000000 0.000000
2.540000 -0.000000 0.000000
2.540000 -0.000000 0.000000
2.540000 -0.000000 0.000000
2.540000 -0.000000 0.000000
2.540000 -0.000000 0.000000
2.540000 -0.000000 0.000000
2.540000 -0.000000 0.000000
2.540000 -0.000000 0.000000
2.540000 -0.000000 0.000000
2.540000 -0.000000 0.000000
2.540000 -0.000000 0.000000
2.540000 -0.000000 0.000000
2.540000 -0.000000 0.000000
2.540000 -0.000000 0.000000
2.540000 -0.000000 0.000000
2.540000 -0.000000 0.000000
2.540000 -0.000000 0.000000
2.540000 -0.000000 0.000000
2.540000 -0.000000 0.000000
2.540000 -0.000000 0.000000
2.540000 -0.000000 0.000000
2.540000 -0.000000 0.000000
2.540000 -0.000000 0.000000
2.540000 -0.000000 0.000000
2.540000 -0.000000 0.000000
2.540000 -0.000000 0.000000
2.540000 -0.000000 0.000000
2.540000 -0.000000 0.000000
2.540000 -0.000000 0.000000
2.540000 -0.000000 0.000000
2.540000 -0.000000 0.000000
2.540000 -0.000000 0.000000
2.540000 -0.000000 0.000000
2.540000 -0.000000 0.000000
2.540000 -0.000000 0.000000
2.540000 -0.000000 0.000000
2.540000 -0.000000 0.000000
2.540000 -0.000000 0.000000
2.540000 -0.000000 0.000000
2.540000 -0.000000 0.000000
2.540000 -0.000000 0.000000
2.540000 -0.000000 0.000000
2.540000 -0.000000 0.000000
2.540000 -0.000000 0.000000
2.540000 -0.000000 0.000000
2.540000 -0.000000 0.000000
2.540000 -0.000000 0.000000
2.540000 -0.000000 0.000000
2.540000 -0.000000 0.000000
2.540000 -0.000000 0.000000
2.540000 -0.000000 0.000000
2.540000 -0.000000 0.000000
2.540000 -0.000000 0.000000
2.540000 -0.000000 0.000000
2.540000 -0.000000 0.000000
2.540000 -0.000000 0.000000
2.540000 -0.000000 0.000000
2.540000 -0.000000 0.000000
2.540000 -0.000000 0.000000
2.540000 -0.000000 0.000000
2.540000 -0.000000 0.000000
2.540000 -0.000000 0.000000
2.540000 -0.000000 0.000000
2.540000 -0.000000 0.000000
2.540000 -0.000000 0.000000
2.540000 -0.000000 0.000000
2.540000 -0.000000 0.000000
2.540000 -0.000000 0.000000
2.540000 -0.000000 0.000000
2.540000 -0.000000 0.000000
2.540000 -0.000000 0.000000
2.540000 -0.000000 0.000000
2.540000 -0.000000 0.000000
2.540000 -0.000000 0.000000
2.540000 -0.000000 0.000000
2.540000 -0.000000 0.000000
2.540000 -0.000000 0.000000
2.540000 -0.000000 0.000000
2.540000 -0.000000 0.000000
2.540000 -0.000000 0.000000
2.540000 -0.000000 0.000000
2.540000 -0.000000 0.000000
2.540000 -0.000000 0.000000
2.540000 -0.000000 0.000000
2.540000 -0.000000 0.000000
2.540000 -0.000000 0.000000
2.540000 -0.000000 0.000000
2.540000 -0.000000 0.000000
2.540000 -0.000000 0.000000
2.540000 -0.000000 0.000000
2.540000 -0.000000 0.000000
2.540000 -0.000000 0.000000
2.540000 -0.000000 0.000000
2.540000 -0.000000 0.000000
2.540000 -0.000000 0.000000
2.540000 -0.000000 0.000000
2.540000 -0.000000 0.000000
2.540000 -0.000000 0.000000
2.540000 -0.000000 0.000000
2.540000 -0.000000 0.000000
2.540000 -0.000000 0.000000
2.540000 -0.000000 0.000000
2.540000 -0.000000 0.000000
2.540000 -0.000000 0.000000
2.540000 -0.000000 0.000000
2.540000 -0.000000 0.000000
2.540000 -0.000000 0.000000
2.540000 -0.000000 0.000000
2.540000 -0.000000 0.000000
2.540000 -0.000000 0.000000
2.540000 -0.000000 0.000000
2.540000 -0.000000 0.000000
2.540000 -0.000000 0.000000
2.540000 -0.000000 0.000000
2.540000 -0.000000 0.000000
2.540000 -0.000000 0.000000
2.540000 -0.000000 0.000000
2.540000 -0.000000 0.000000
2.540000 -0.000000 0.000000
2.540000 -0.000000 0.000000
2.540000 -0.000000 0.000000
2.540000 -0.000000 0.000000
2.540000 -0.000000 0.000000
2.540000 -0.000000 0.000000
2.540000 -0.000000 0.000000
2.540000 -0.000000 0.000000
2.540000 -0.000000 0.000000
2.540000 -0.000000 0.000000
2.540000 -0.000000 0.000000
0.000000 2.540000 0.000000
0.000000 2.540000 0.000000
0.000000 2.466192 -0.607862
0.000000 2.466192 -0.607862
0.000000 2.540000 0.000000
0.000000 2.466192 -0.607862
0.000000 2.466192 -0.607862
0.000000 2.466192 -0.607862
0.000000 2.249058 -1.180397
0.000000 2.249058 -1.180397
0.000000 2.466192 -0.607862
0.000000 2.249058 -1.180397
0.000000 2.249058 -1.180397
0.000000 2.249058 -1.180397
0.000000 1.901217 -1.684332
0.000000 1.901217 -1.684332
0.000000 2.249058 -1.180397
0.000000 1.901217 -1.684332
0.000000 1.901217 -1.684332
0.000000 1.901217 -1.684332
0.000000 1.442884 -2.090379
0.000000 1.442884 -2.090379
0.000000 1.901217 -1.684332
0.000000 1.442884 -2.090379
0.000000 1.442884 -2.090379
0.000000 1.442884 -2.090379
0.000000 0.900696 -2.374941
0.000000 0.900696 -2.374941
0.000000 1.442884 -2.090379
0.000000 0.900696 -2.374941
0.000000 0.900696 -2.374941
0.000000 0.900696 -2.374941
0.000000 0.306163 -2.521481
0.000000 0.306163 -2.521481
0.000000 0.900696 -2.374941
0.000000 0.306163 -2.521481
0.000000 0.306163 -2.521481
0.000000 0.306163 -2.521481
-0.000000 -0.306163 -2.521481
-0.000000 -0.306163 -2.521481
0.000000 0.306163 -2.521481
-0.000000 -0.306163 -2.521481
-0.000000 -0.306163 -2.521481
-0.000000 -0.306163 -2.521481
-0.000000 -0.900696 -2.374941
-0.000000 -0.900696 -2.374941
-0.000000 -0.306163 -2.521481
-0.000000 -0.900696 -2.374941
-0.000000 -0.900696 -2.374941
-0.000000 -0.900696 -2.374941
-0.000000 -1.442884 -2.090379
-0.000000 -1.442884 -2.090379
-0.000000 -0.900696 -2.374941
-0.000000 -1.442884 -2.090379
-0.000000 -1.442884 -2.090379
-0.000000 -1.442884 -2.090379
-0.000000 -1.901217 -1.684332
-0.000000 -1.901217 -1.684332
-0.000000 -1.442884 -2.090379
-0.000000 -1.901217 -1.684332
-0.000000 -1.901217 -1.684332
-0.000000 -1.901217 -1.684332
-0.000000 -2.249058 -1.180397
-0.000000 -2.249058 -1.180397
-0.000000 -1.901217 -1.684332
-0.000000 -2.249058 -1.180397
-0.000000 -2.249058 -1.180397
-0.000000 -2.249058 -1.180397
-0.000000 -2.466192 -0.607862
-0.000000 -2.466192 -0.607862
-0.000000 -2.249058 -1.180397
-0.000000 -2.466192 -0.607862
-0.000000 -2.466192 -0.607862
-0.000000 -2.466192 -0.607862
-0.000000 -2.540000 0.000000
-0.000000 -2.540000 0.000000
-0.000000 -2.466192 -0.607862
-0.000000 -2.540000 0.000000
2.540000 -0.000000 0.000000
2.540000 -0.000000 0.000000
2.540000 -0.000000 0.000000
2.540000 -0.000000 0.000000
2.540000 -0.000000 0.000000
2.540000 -0.000000 0.000000
2.540000 -0.000000 0.000000
2.540000 -0.000000 0.000000
2.540000 -0.000000 0.000000
2.540000 -0.000000 0.000000
2.540000 -0.000000 0.000000
2.540000 -0.000000 0.000000
2.540000 -0.000000 0.000000
2.540000 -0.000000 0.000000
2.540000 -0.000000 0.000000
2.540000 -0.000000 0.000000
2.540000 -0.000000 0.000000
2.540000 -0.000000 0.000000
2.540000 -0.000000 0.000000
2.540000 -0.000000 0.000000
2.540000 -0.000000 0.000000
2.540000 -0.000000 0.000000
2.540000 -0.000000 0.000000
2.540000 -0.000000 0.000000
2.540000 -0.000000 0.000000
2.540000 -0.000000 0.000000
2.540000 -0.000000 0.000000
2.540000 -0.000000 0.000000
2.540000 -0.000000 0.000000
2.540000 -0.000000 0.000000
2.540000 -0.000000 0.000000
2.540000 -0.000000 0.000000
2.540000 -0.000000 0.000000
2.540000 -0.000000 0.000000
2.540000 -0.000000 0.000000
2.540000 -0.000000 0.000000
2.540000 -0.000000 0.000000
2.540000 -0.000000 0.000000
2.540000 -0.000000 0.000000
2.540000 -0.000000 0.000000
2.540000 -0.000000 0.000000
2.540000 -0.000000 0.000000
2.540000 -0.000000 0.000000
2.540000 -0.000000 0.000000
2.540000 -0.000000 0.000000
2.540000 -0.000000 0.000000
2.540000 -0.000000 0.000000
2.540000 -0.000000 0.000000
2.540000 -0.000000 0.000000
2.540000 -0.000000 0.000000
2.540000 -0.000000 0.000000
2.540000 -0.000000 0.000000
2.540000 -0.000000 0.000000
2.540000 -0.000000 0.000000
2.540000 -0.000000 0.000000
2.540000 -0.000000 0.000000
2.540000 -0.000000 0.000000
2.540000 -0.000000 0.000000
2.540000 -0.000000 0.000000
2.540000 -0.000000 0.000000
2.540000 -0.000000 0.000000
2.540000 -0.000000 0.000000
2.540000 -0.000000 0.000000
2.540000 -0.000000 0.000000
2.540000 -0.000000 0.000000
2.540000 -0.000000 0.000000
2.540000 -0.000000 0.000000
2.540000 -0.000000 0.000000
2.540000 -0.000000 0.000000
2.540000 -0.000000 0.000000
2.540000 -0.000000 0.000000
2.540000 -0.000000 0.000000
2.540000 -0.000000 0.000000
2.540000 -0.000000 0.000000
2.540000 -0.000000 0.000000
2.540000 -0.000000 0.000000
2.540000 -0.000000 0.000000
2.540000 -0.000000 0.000000
2.540000 -0.000000 0.000000
2.540000 -0.000000 0.000000
2.540000 -0.000000 0.000000
2.540000 -0.000000 0.000000
2.540000 -0.000000 0.000000
2.540000 -0.000000 0.000000
2.540000 -0.000000 0.000000
2.540000 -0.000000 0.000000
2.540000 -0.000000 0.000000
2.540000 -0.000000 0.000000
2.540000 -0.000000 0.000000
2.540000 -0.000000 0.000000
2.540000 -0.000000 0.000000
2.540000 -0.000000 0.000000
2.540000 -0.000000 0.000000
2.540000 -0.000000 0.000000
2.540000 -0.000000 0.000000
2.540000 -0.000000 0.000000
2.540000 -0.000000 0.000000
2.540000 -0.000000 0.000000
2.540000 -0.000000 0.000000
2.540000 -0.000000 0.000000
2.540000 -0.000000 0.000000
2.540000 -0.000000 0.000000
2.540000 -0.000000 0.000000
2.540000 -0.000000 0.000000
2.540000 -0.000000 0.000000
2.540000 -0.000000 0.000000
2.540000 -0.000000 0.000000
2.540000 -0.000000 0.000000
2.540000 -0.000000 0.000000
2.540000 -0.000000 0.000000
2.540000 -0.000000 0.000000
2.540000 -0.000000 0.000000
2.540000 -0.000000 0.000000
2.540000 -0.000000 0.000000
2.540000 -0.000000 0.000000
2.540000 -0.000000 0.000000
2.540000 -0.000000 0.000000
2.540000 -0.000000 0.000000
2.540000 -0.000000 0.000000
2.540000 -0.000000 0.000000
2.540000 -0.000000 0.000000
2.540000 -0.000000 0.000000
2.540000 -0.000000 0.000000
2.540000 -0.000000 0.000000
2.540000 -0.000000 0.000000
2.540000 -0.000000 0.000000
2.540000 -0.000000 0.000000
2.540000 -0.000000 0.000000
2.540000 -0.000000 0.000000
2.540000 -0.000000 0.000000
2.540000 -0.000000 0.000000
2.540000 -0.000000 0.000000
2.540000 -0.000000 0.000000
2.540000 -0.000000 0.000000
2.540000 -0.000000 0.000000
2.540000 -0.000000 0.000000
2.540000 -0.000000 0.000000
2.540000 -0.000000 0.000000
2.540000 -0.000000 0.000000
2.540000 -0.000000 0.000000
2.540000 -0.000000 0.000000
2.540000 -0.000000 0.000000
2.540000 -0.000000 0.000000
2.540000 -0.000000 0.000000
2.540000 -0.000000 0.000000
2.540000 -0.000000 0.000000
2.540000 -0.000000 0.000000
2.540000 -0.000000 0.000000
2.540000 -0.000000 0.000000
2.540000 -0.000000 0.000000
2.540000 -0.000000 0.000000
2.540000 -0.000000 0.000000
2.540000 -0.000000 0.000000
2.540000 -0.000000 0.000000
2.540000 -0.000000 0.000000
2.540000 -0.000000 0.000000
0.000000 2.540000 0.000000
0.000000 2.540000 0.000000
0.000000 2.466192 -0.607862
0.000000 2.466192 -0.607862
0.000000 2.540000 0.000000
0.000000 2.466192 -0.607862
0.000000 2.466192 -0.607862
0.000000 2.466192 -0.607862
0.000000 2.249058 -1.180397
0.000000 2.249058 -1.180397
0.000000 2.466192 -0.607862
0.000000 2.249058 -1.180397
0.000000 2.249058 -1.180397
0.000000 2.249058 -1.180397
0.000000 1.901217 -1.684332
0.000000 1.901217 -1.684332
0.000000 2.249058 -1.180397
0.000000 1.901217 -1.684332
0.000000 1.901217 -1.684332
0.000000 1.901217 -1.684332
0.000000 1.442884 -2.090379
0.000000 1.442884 -2.090379
0.000000 1.901217 -1.684332
0.000000 1.442884 -2.090379
0.000000 1.442884 -2.090379
0.000000 1.442884 -2.090379
0.000000 0.900696 -2.374941
0.000000 0.900696 -2.374941
0.000000 1.442884 -2.090379
0.000000 0.900696 -2.374941
0.000000 0.900696 -2.374941
0.000000 0.900696 -2.374941
0.000000 0.306163 -2.521481
0.000000 0.306163 -2.521481
0.000000 0.900696 -2.374941
0.000000 0.306163 -2.521481
0.000000 0.306163 -2.521481
0.000000 0.306163 -2.521481
-0.000000 -0.306163 -2.521481
-0.000000 -0.306163 -2.521481
0.000000 0.306163 -2.521481
-0.000000 -0.306163 -2.521481
-0.000000 -0.306163 -2.521481
-0.000000 -0.306163 -2.521481
-0.000000 -0.900696 -2.374941
-0.000000 -0.900696 -2.374941
-0.000000 -0.306163 -2.521481
-0.000000 -0.900696 -2.374941
-0.000000 -0.900696 -2.374941
-0.000000 -0.900696 -2.374941
-0.000000 -1.442884 -2.090379
-0.000000 -1.442884 -2.090379
-0.000000 -0.900696 -2.374941
-0.000000 -1.442884 -2.090379
-0.000000 -1.442884 -2.090379
-0.000000 -1.442884 -2.090379
-0.000000 -1.901217 -1.684332
-0.000000 -1.901217 -1.684332
-0.000000 -1.442884 -2.090379
-0.000000 -1.901217 -1.684332
-0.000000 -1.901217 -1.684332
-0.000000 -1.901217 -1.684332
-0.000000 -2.249058 -1.180397
-0.000000 -2.249058 -1.180397
-0.000000 -1.901217 -1.684332
-0.000000 -2.249058 -1.180397
-0.000000 -2.249058 -1.180397
-0.000000 -2.249058 -1.180397
-0.000000 -2.466192 -0.607862
-0.000000 -2.466192 -0.607862
-0.000000 -2.249058 -1.180397
-0.000000 -2.466192 -0.607862
-0.000000 -2.466192 -0.607862
-0.000000 -2.466192 -0.607862
-0.000000 -2.540000 0.000000
-0.000000 -2.540000 0.000000
-0.000000 -2.466192 -0.607862
-0.000000 -2.540000 0.000000
2.540000 -0.000000 0.000000
2.540000 -0.000000 0.000000
2.540000 -0.000000 0.000000
2.540000 -0.000000 0.000000
2.540000 -0.000000 0.000000
2.540000 -0.000000 0.000000
2.540000 -0.000000 0.000000
2.540000 -0.000000 0.000000
2.540000 -0.000000 0.000000
2.540000 -0.000000 0.000000
2.540000 -0.000000 0.000000
2.540000 -0.000000 0.000000
2.540000 -0.000000 0.000000
2.540000 -0.000000 0.000000
2.540000 -0.000000 0.000000
2.540000 -0.000000 0.000000
2.540000 -0.000000 0.000000
2.540000 -0.000000 0.000000
2.540000 -0.000000 0.000000
2.540000 -0.000000 0.000000
2.540000 -0.000000 0.000000
2.540000 -0.000000 0.000000
2.540000 -0.000000 0.000000
2.540000 -0.000000 0.000000
2.540000 -0.000000 0.000000
2.540000 -0.000000 0.000000
2.540000 -0.000000 0.000000
2.540000 -0.000000 0.000000
2.540000 -0.000000 0.000000
2.540000 -0.000000 0.000000
2.540000 -0.000000 0.000000
2.540000 -0.000000 0.000000
2.540000 -0.000000 0.000000
2.540000 -0.000000 0.000000
2.540000 -0.000000 0.000000
2.540000 -0.000000 0.000000
2.540000 -0.000000 0.000000
2.540000 -0.000000 0.000000
2.540000 -0.000000 0.000000
2.540000 -0.000000 0.000000
2.540000 -0.000000 0.000000
2.540000 -0.000000 0.000000
2.540000 -0.000000 0.000000
2.540000 -0.000000 0.000000
2.540000 -0.000000 0.000000
2.540000 -0.000000 0.000000
2.540000 -0.000000 0.000000
2.540000 -0.000000 0.000000
2.540000 -0.000000 0.000000
2.540000 -0.000000 0.000000
2.540000 -0.000000 0.000000
2.540000 -0.000000 0.000000
2.540000 -0.000000 0.000000
2.540000 -0.000000 0.000000
2.540000 -0.000000 0.000000
2.540000 -0.000000 0.000000
2.540000 -0.000000 0.000000
2.540000 -0.000000 0.000000
2.540000 -0.000000 0.000000
2.540000 -0.000000 0.000000
2.540000 -0.000000 0.000000
2.540000 -0.000000 0.000000
2.540000 -0.000000 0.000000
2.540000 -0.000000 0.000000
2.540000 -0.000000 0.000000
2.540000 -0.000000 0.000000
2.540000 -0.000000 0.000000
2.540000 -0.000000 0.000000
2.540000 -0.000000 0.000000
2.540000 -0.000000 0.000000
2.540000 -0.000000 0.000000
2.540000 -0.000000 0.000000
2.540000 -0.000000 0.000000
2.540000 -0.000000 0.000000
2.540000 -0.000000 0.000000
2.540000 -0.000000 0.000000
2.540000 -0.000000 0.000000
2.540000 -0.000000 0.000000
2.540000 -0.000000 0.000000
2.540000 -0.000000 0.000000
2.540000 -0.000000 0.000000
2.540000 -0.000000 0.000000
2.540000 -0.000000 0.000000
2.540000 -0.000000 0.000000
2.540000 -0.000000 0.000000
2.540000 -0.000000 0.000000
2.540000 -0.000000 0.000000
2.540000 -0.000000 0.000000
2.540000 -0.000000 0.000000
2.540000 -0.000000 0.000000
2.540000 -0.000000 0.000000
2.540000 -0.000000 0.000000
2.540000 -0.000000 0.000000
2.540000 -0.000000 0.000000
2.540000 -0.000000 0.000000
2.540000 -0.000000 0.000000
2.540000 -0.000000 0.000000
2.540000 -0.000000 0.000000
2.540000 -0.000000 0.000000
2.540000 -0.000000 0.000000
2.540000 -0.000000 0.000000
2.540000 -0.000000 0.000000
2.540000 -0.000000 0.000000
2.540000 -0.000000 0.000000
2.540000 -0.000000 0.000000
2.540000 -0.000000 0.000000
2.540000 -0.000000 0.000000
2.540000 -0.000000 0.000000
2.540000 -0.000000 0.000000
2.540000 -0.000000 0.000000
2.540000 -0.000000 0.000000
2.540000 -0.000000 0.000000
2.540000 -0.000000 0.000000
2.540000 -0.000000 0.000000
2.540000 -0.000000 0.000000
2.540000 -0.000000 0.000000
2.540000 -0.000000 0.000000
2.540000 -0.000000 0.000000
2.540000 -0.000000 0.000000
2.540000 -0.000000 0.000000
2.540000 -0.000000 0.000000
2.540000 -0.000000 0.000000
2.540000 -0.000000 0.000000
2.540000 -0.000000 0.000000
2.540000 -0.000000 0.000000
2.540000 -0.000000 0.000000
2.540000 -0.000000 0.000000
2.540000 -0.000000 0.000000
2.540000 -0.000000 0.000000
2.540000 -0.000000 0.000000
2.540000 -0.000000 0.000000
2.540000 -0.000000 0.000000
2.540000 -0.000000 0.000000
2.540000 -0.000000 0.000000
2.540000 -0.000000 0.000000
2.540000 -0.000000 0.000000
2.540000 -0.000000 0.000000
2.540000 -0.000000 0.000000
2.540000 -0.000000 0.000000
2.540000 -0.000000 0.000000
2.540000 -0.000000 0.000000
2.540000 -0.000000 0.000000
2.540000 -0.000000 0.000000
2.540000 -0.000000 0.000000
2.540000 -0.000000 0.000000
2.540000 -0.000000 0.000000
2.540000 -0.000000 0.000000
2.540000 -0.000000 0.000000
2.540000 -0.000000 0.000000
2.540000 -0.000000 0.000000
2.540000 -0.000000 0.000000
2.540000 -0.000000 0.000000
2.540000 -0.000000 0.000000
2.540000 -0.000000 0.000000
2.540000 -0.000000 0.000000
2.540000 -0.000000 0.000000
0.000000 2.540000 0.000000
0.000000 2.540000 0.000000
0.000000 2.466192 -0.607862
0.000000 2.466192 -0.607862
0.000000 2.540000 0.000000
0.000000 2.466192 -0.607862
0.000000 2.466192 -0.607862
0.000000 2.466192 -0.607862
0.000000 2.249058 -1.180397
0.000000 2.249058 -1.180397
0.000000 2.466192 -0.607862
0.000000 2.249058 -1.180397
0.000000 2.249058 -1.180397
0.000000 2.249058 -1.180397
0.000000 1.901217 -1.684332
0.000000 1.901217 -1.684332
0.000000 2.249058 -1.180397
0.000000 1.901217 -1.684332
0.000000 1.901217 -1.684332
0.000000 1.901217 -1.684332
0.000000 1.442884 -2.090379
0.000000 1.442884 -2.090379
0.000000 1.901217 -1.684332
0.000000 1.442884 -2.090379
0.000000 1.442884 -2.090379
0.000000 1.442884 -2.090379
0.000000 0.900696 -2.374941
0.000000 0.900696 -2.374941
0.000000 1.442884 -2.090379
0.000000 0.900696 -2.374941
0.000000 0.900696 -2.374941
0.000000 0.900696 -2.374941
0.000000 0.306163 -2.521481
0.000000 0.306163 -2.521481
0.000000 0.900696 -2.374941
0.000000 0.306163 -2.521481
0.000000 0.306163 -2.521481
0.000000 0.306163 -2.521481
-0.000000 -0.306163 -2.521481
-0.000000 -0.306163 -2.521481
0.000000 0.306163 -2.521481
-0.000000 -0.306163 -2.521481
-0.000000 -0.306163 -2.521481
-0.000000 -0.306163 -2.521481
-0.000000 -0.900696 -2.374941
-0.000000 -0.900696 -2.374941
-0.000000 -0.306163 -2.521481
-0.000000 -0.900696 -2.374941
-0.000000 -0.900696 -2.374941
-0.000000 -0.900696 -2.374941
-0.000000 -1.442884 -2.090379
-0.000000 -1.442884 -2.090379
-0.000000 -0.900696 -2.374941
-0.000000 -1.442884 -2.090379
-0.000000 -1.442884 -2.090379
-0.000000 -1.442884 -2.090379
-0.000000 -1.901217 -1.684332
-0.000000 -1.901217 -1.684332
-0.000000 -1.442884 -2.090379
-0.000000 -1.901217 -1.684332
-0.000000 -1.901217 -1.684332
-0.000000 -1.901217 -1.684332
-0.000000 -2.249058 -1.180397
-0.000000 -2.249058 -1.180397
-0.000000 -1.901217 -1.684332
-0.000000 -2.249058 -1.180397
-0.000000 -2.249058 -1.180397
-0.000000 -2.249058 -1.180397
-0.000000 -2.466192 -0.607862
-0.000000 -2.466192 -0.607862
-0.000000 -2.249058 -1.180397
-0.000000 -2.466192 -0.607862
-0.000000 -2.466192 -0.607862
-0.000000 -2.466192 -0.607862
-0.000000 -2.540000 0.000000
-0.000000 -2.540000 0.000000
-0.000000 -2.466192 -0.607862
-0.000000 -2.540000 0.000000
2.540000 -0.000000 0.000000
2.540000 -0.000000 0.000000
2.540000 -0.000000 0.000000
2.540000 -0.000000 0.000000
2.540000 -0.000000 0.000000
2.540000 -0.000000 0.000000
2.540000 -0.000000 0.000000
2.540000 -0.000000 0.000000
2.540000 -0.000000 0.000000
2.540000 -0.000000 0.000000
2.540000 -0.000000 0.000000
2.540000 -0.000000 0.000000
2.540000 -0.000000 0.000000
2.540000 -0.000000 0.000000
2.540000 -0.000000 0.000000
2.540000 -0.000000 0.000000
2.540000 -0.000000 0.000000
2.540000 -0.000000 0.000000
2.540000 -0.000000 0.000000
2.540000 -0.000000 0.000000
2.540000 -0.000000 0.000000
2.540000 -0.000000 0.000000
2.540000 -0.000000 0.000000
2.540000 -0.000000 0.000000
2.540000 -0.000000 0.000000
2.540000 -0.000000 0.000000
2.540000 -0.000000 0.000000
2.540000 -0.000000 0.000000
2.540000 -0.000000 0.000000
2.540000 -0.000000 0.000000
2.540000 -0.000000 0.000000
2.540000 -0.000000 0.000000
2.540000 -0.000000 0.000000
2.540000 -0.000000 0.000000
2.540000 -0.000000 0.000000
2.540000 -0.000000 0.000000
2.540000 -0.000000 0.000000
2.540000 -0.000000 0.000000
2.540000 -0.000000 0.000000
2.540000 -0.000000 0.000000
2.540000 -0.000000 0.000000
2.540000 -0.000000 0.000000
2.540000 -0.000000 0.000000
2.540000 -0.000000 0.000000
2.540000 -0.000000 0.000000
2.540000 -0.000000 0.000000
2.540000 -0.000000 0.000000
2.540000 -0.000000 0.000000
2.540000 -0.000000 0.000000
2.540000 -0.000000 0.000000
2.540000 -0.000000 0.000000
2.540000 -0.000000 0.000000
2.540000 -0.000000 0.000000
2.540000 -0.000000 0.000000
2.540000 -0.000000 0.000000
2.540000 -0.000000 0.000000
2.540000 -0.000000 0.000000
2.540000 -0.000000 0.000000
2.540000 -0.000000 0.000000
2.540000 -0.000000 0.000000
2.540000 -0.000000 0.000000
2.540000 -0.000000 0.000000
2.540000 -0.000000 0.000000
2.540000 -0.000000 0.000000
2.540000 -0.000000 0.000000
2.540000 -0.000000 0.000000
2.540000 -0.000000 0.000000
2.540000 -0.000000 0.000000
2.540000 -0.000000 0.000000
2.540000 -0.000000 0.000000
2.540000 -0.000000 0.000000
2.540000 -0.000000 0.000000
0.000000 2.540000 0.000000
0.000000 2.540000 0.000000
0.000000 2.466192 -0.607862
0.000000 2.466192 -0.607862
0.000000 2.540000 0.000000
0.000000 2.466192 -0.607862
0.000000 2.466192 -0.607862
0.000000 2.466192 -0.607862
0.000000 2.249058 -1.180397
0.000000 2.249058 -1.180397
0.000000 2.466192 -0.607862
0.000000 2.249058 -1.180397
0.000000 2.249058 -1.180397
0.000000 2.249058 -1.180397
0.000000 1.901217 -1.684332
0.000000 1.901217 -1.684332
0.000000 2.249058 -1.180397
0.000000 1.901217 -1.684332
0.000000 1.901217 -1.684332
0.000000 1.901217 -1.684332
0.000000 1.442884 -2.090379
0.000000 1.442884 -2.090379
0.000000 1.901217 -1.684332
0.000000 1.442884 -2.090379
0.000000 1.442884 -2.090379
0.000000 1.442884 -2.090379
0.000000 0.900696 -2.374941
0.000000 0.900696 -2.374941
0.000000 1.442884 -2.090379
0.000000 0.900696 -2.374941
0.000000 0.900696 -2.374941
0.000000 0.900696 -2.374941
0.000000 0.306163 -2.521481
0.000000 0.306163 -2.521481
0.000000 0.900696 -2.374941
0.000000 0.306163 -2.521481
0.000000 0.306163 -2.521481
0.000000 0.306163 -2.521481
-0.000000 -0.306163 -2.521481
-0.000000 -0.306163 -2.521481
0.000000 0.306163 -2.521481
-0.000000 -0.306163 -2.521481
-0.000000 -0.306163 -2.521481
-0.000000 -0.306163 -2.521481
-0.000000 -0.900696 -2.374941
-0.000000 -0.900696 -2.374941
-0.000000 -0.306163 -2.521481
-0.000000 -0.900696 -2.374941
-0.000000 -0.900696 -2.374941
-0.000000 -0.900696 -2.374941
-0.000000 -1.442884 -2.090379
-0.000000 -1.442884 -2.090379
-0.000000 -0.900696 -2.374941
-0.000000 -1.442884 -2.090379
-0.000000 -1.442884 -2.090379
-0.000000 -1.442884 -2.090379
-0.000000 -1.901217 -1.684332
-0.000000 -1.901217 -1.684332
-0.000000 -1.442884 -2.090379
-0.000000 -1.901217 -1.684332
-0.000000 -1.901217 -1.684332
-0.000000 -1.901217 -1.684332
-0.000000 -2.249058 -1.180397
-0.000000 -2.249058 -1.180397
-0.000000 -1.901217 -1.684332
-0.000000 -2.249058 -1.180397
-0.000000 -2.249058 -1.180397
-0.000000 -2.249058 -1.180397
-0.000000 -2.466192 -0.607862
-0.000000 -2.466192 -0.607862
-0.000000 -2.249058 -1.180397
-0.000000 -2.466192 -0.607862
-0.000000 -2.466192 -0.607862
-0.000000 -2.466192 -0.607862
-0.000000 -2.540000 0.000000
-0.000000 -2.540000 0.000000
-0.000000 -2.466192 -0.607862
-0.000000 -2.540000 0.000000
2.540000 -0.000000 0.000000
2.540000 -0.000000 0.000000
2.540000 -0.000000 0.000000
2.540000 -0.000000 0.000000
2.540000 -0.000000 0.000000
2.540000 -0.000000 0.000000
2.540000 -0.000000 0.000000
2.540000 -0.000000 0.000000
2.540000 -0.000000 0.000000
2.540000 -0.000000 0.000000
2.540000 -0.000000 0.000000
2.540000 -0.000000 0.000000
2.540000 -0.000000 0.000000
2.540000 -0.000000 0.000000
2.540000 -0.000000 0.000000
2.540000 -0.000000 0.000000
2.540000 -0.000000 0.000000
2.540000 -0.000000 0.000000
2.540000 -0.000000 0.000000
2.540000 -0.000000 0.000000
2.540000 -0.000000 0.000000
2.540000 -0.000000 0.000000
2.540000 -0.000000 0.000000
2.540000 -0.000000 0.000000
2.540000 -0.000000 0.000000
2.540000 -0.000000 0.000000
2.540000 -0.000000 0.000000
2.540000 -0.000000 0.000000
2.540000 -0.000000 0.000000
2.540000 -0.000000 0.000000
2.540000 -0.000000 0.000000
2.540000 -0.000000 0.000000
2.540000 -0.000000 0.000000
2.540000 -0.000000 0.000000
2.540000 -0.000000 0.000000
2.540000 -0.000000 0.000000
2.540000 -0.000000 0.000000
2.540000 -0.000000 0.000000
2.540000 -0.000000 0.000000
2.540000 -0.000000 0.000000
2.540000 -0.000000 0.000000
2.540000 -0.000000 0.000000
2.540000 -0.000000 0.000000
2.540000 -0.000000 0.000000
2.540000 -0.000000 0.000000
2.540000 -0.000000 0.000000
2.540000 -0.000000 0.000000
2.540000 -0.000000 0.000000
2.540000 -0.000000 0.000000
2.540000 -0.000000 0.000000
2.540000 -0.000000 0.000000
2.540000 -0.000000 0.000000
2.540000 -0.000000 0.000000
2.540000 -0.000000 0.000000
2.540000 -0.000000 0.000000
2.540000 -0.000000 0.000000
2.540000 -0.000000 0.000000
2.540000 -0.000000 0.000000
2.540000 -0.000000 0.000000
2.540000 -0.000000 0.000000
2.540000 -0.000000 0.000000
2.540000 -0.000000 0.000000
2.540000 -0.000000 0.000000
2.540000 -0.000000 0.000000
2.540000 -0.000000 0.000000
2.540000 -0.000000 0.000000
2.540000 -0.000000 0.000000
2.540000 -0.000000 0.000000
2.540000 -0.000000 0.000000
2.540000 -0.000000 0.000000
2.540000 -0.000000 0.000000
2.540000 -0.000000 0.000000
0.000000 2.540000 0.000000
0.000000 2.540000 0.000000
0.000000 2.466192 -0.607862
0.000000 2.466192 -0.607862
0.000000 2.540000 0.000000
0.000000 2.466192 -0.607862
0.000000 2.466192 -0.607862
0.000000 2.466192 -0.607862
0.000000 2.249058 -1.180397
0.000000 2.249058 -1.180397
0.000000 2.466192 -0.607862
0.000000 2.249058 -1.180397
0.000000 2.249058 -1.180397
0.000000 2.249058 -1.180397
0.000000 1.901217 -1.684332
0.000000 1.901217 -1.684332
0.000000 2.249058 -1.180397
0.000000 1.901217 -1.684332
0.000000 1.901217 -1.684332
0.000000 1.901217 -1.684332
0.000000 1.442884 -2.090379
0.000000 1.442884 -2.090379
0.000000 1.901217 -1.684332
0.000000 1.442884 -2.090379
0.000000 1.442884 -2.090379
0.000000 1.442884 -2.090379
0.000000 0.900696 -2.374941
0.000000 0.900696 -2.374941
0.000000 1.442884 -2.090379
0.000000 0.900696 -2.374941
0.000000 0.900696 -2.374941
0.000000 0.900696 -2.374941
0.000000 0.306163 -2.521481
0.000000 0.306163 -2.521481
0.000000 0.900696 -2.374941
0.000000 0.306163 -2.521481
0.000000 0.306163 -2.521481
0.000000 0.306163 -2.521481
-0.000000 -0.306163 -2.521481
-0.000000 -0.306163 -2.521481
0.000000 0.306163 -2.521481
-0.000000 -0.306163 -2.521481
-0.000000 -0.306163 -2.521481
-0.000000 -0.306163 -2.521481
-0.000000 -0.900696 -2.374941
-0.000000 -0.900696 -2.374941
-0.000000 -0.306163 -2.521481
-0.000000 -0.900696 -2.374941
-0.000000 -0.900696 -2.374941
-0.000000 -0.900696 -2.374941
-0.000000 -1.442884 -2.090379
-0.000000 -1.442884 -2.090379
-0.000000 -0.900696 -2.374941
-0.000000 -1.442884 -2.090379
-0.000000 -1.442884 -2.090379
-0.000000 -1.442884 -2.090379
-0.000000 -1.901217 -1.684332
-0.000000 -1.901217 -1.684332
-0.000000 -1.442884 -2.090379
-0.000000 -1.901217 -1.684332
-0.000000 -1.901217 -1.684332
-0.000000 -1.901217 -1.684332
-0.000000 -2.249058 -1.180397
-0.000000 -2.249058 -1.180397
-0.000000 -1.901217 -1.684332
-0.000000 -2.249058 -1.180397
-0.000000 -2.249058 -1.180397
-0.000000 -2.249058 -1.180397
-0.000000 -2.466192 -0.607862
-0.000000 -2.466192 -0.607862
-0.000000 -2.249058 -1.180397
-0.000000 -2.466192 -0.607862
-0.000000 -2.466192 -0.607862
-0.000000 -2.466192 -0.607862
-0.000000 -2.540000 0.000000
-0.000000 -2.540000 0.000000
-0.000000 -2.466192 -0.607862
-0.000000 -2.540000 0.000000
2.540000 -0.000000 0.000000
2.540000 -0.000000 0.000000
2.540000 -0.000000 0.000000
2.540000 -0.000000 0.000000
2.540000 -0.000000 0.000000
2.540000 -0.000000 0.000000
2.540000 -0.000000 0.000000
2.540000 -0.000000 0.000000
2.540000 -0.000000 0.000000
2.540000 -0.000000 0.000000
2.540000 -0.000000 0.000000
2.540000 -0.000000 0.000000
2.540000 -0.000000 0.000000
2.540000 -0.000000 0.000000
2.540000 -0.000000 0.000000
2.540000 -0.000000 0.000000
2.540000 -0.000000 0.000000
2.540000 -0.000000 0.000000
2.540000 -0.000000 0.000000
2.540000 -0.000000 0.000000
2.540000 -0.000000 0.000000
2.540000 -0.000000 0.000000
2.540000 -0.000000 0.000000
2.540000 -0.000000 0.000000
2.540000 -0.000000 0.000000
2.540000 -0.000000 0.000000
2.540000 -0.000000 0.000000
2.540000 -0.000000 0.000000
2.540000 -0.000000 0.000000
2.540000 -0.000000 0.000000
2.540000 -0.000000 0.000000
2.540000 -0.000000 0.000000
2.540000 -0.000000 0.000000
2.540000 -0.000000 0.000000
2.540000 -0.000000 0.000000
2.540000 -0.000000 0.000000
2.540000 -0.000000 0.000000
2.540000 -0.000000 0.000000
2.540000 -0.000000 0.000000
2.540000 -0.000000 0.000000
2.540000 -0.000000 0.000000
2.540000 -0.000000 0.000000
2.540000 -0.000000 0.000000
2.540000 -0.000000 0.000000
2.540000 -0.000000 0.000000
2.540000 -0.000000 0.000000
2.540000 -0.000000 0.000000
2.540000 -0.000000 0.000000
2.540000 -0.000000 0.000000
2.540000 -0.000000 0.000000
2.540000 -0.000000 0.000000
2.540000 -0.000000 0.000000
2.540000 -0.000000 0.000000
2.540000 -0.000000 0.000000
2.540000 -0.000000 0.000000
2.540000 -0.000000 0.000000
2.540000 -0.000000 0.000000
2.540000 -0.000000 0.000000
2.540000 -0.000000 0.000000
2.540000 -0.000000 0.000000
2.540000 -0.000000 0.000000
2.540000 -0.000000 0.000000
2.540000 -0.000000 0.000000
2.540000 -0.000000 0.000000
2.540000 -0.000000 0.000000
2.540000 -0.000000 0.000000
2.540000 -0.000000 0.000000
2.540000 -0.000000 0.000000
2.540000 -0.000000 0.000000
2.540000 -0.000000 0.000000
2.540000 -0.000000 0.000000
2.540000 -0.000000 0.000000
0.000000 2.540000 0.000000
0.000000 2.540000 0.000000
0.000000 2.466192 -0.607862
0.000000 2.466192 -0.607862
0.000000 2.540000 0.000000
0.000000 2.466192 -0.607862
0.000000 2.466192 -0.607862
0.000000 2.466192 -0.607862
0.000000 2.249058 -1.180397
0.000000 2.249058 -1.180397
0.000000 2.466192 -0.607862
0.000000 2.249058 -1.180397
0.000000 2.249058 -1.180397
0.000000 2.249058 -1.180397
0.000000 1.901217 -1.684332
0.000000 1.901217 -1.684332
0.000000 2.249058 -1.180397
0.000000 1.901217 -1.684332
0.000000 1.901217 -1.684332
0.000000 1.901217 -1.684332
0.000000 1.442884 -2.090379
0.000000 1.442884 -2.090379
0.000000 1.901217 -1.684332
0.000000 1.442884 -2.090379
0.000000 1.442884 -2.090379
0.000000 1.442884 -2.090379
0.000000 0.900696 -2.374941
0.000000 0.900696 -2.374941
0.000000 1.442884 -2.090379
0.000000 0.900696 -2.374941
0.000000 0.900696 -2.374941
0.000000 0.900696 -2.374941
0.000000 0.306163 -2.521481
0.000000 0.306163 -2.521481
0.000000 0.900696 -2.374941
0.000000 0.306163 -2.521481
0.000000 0.306163 -2.521481
0.000000 0.306163 -2.521481
-0.000000 -0.306163 -2.521481
-0.000000 -0.306163 -2.521481
0.000000 0.306163 -2.521481
-0.000000 -0.306163 -2.521481
-0.000000 -0.306163 -2.521481
-0.000000 -0.306163 -2.521481
-0.000000 -0.900696 -2.374941
-0.000000 -0.900696 -2.374941
-0.000000 -0.306163 -2.521481
-0.000000 -0.900696 -2.374941
-0.000000 -0.900696 -2.374941
-0.000000 -0.900696 -2.374941
-0.000000 -1.442884 -2.090379
-0.000000 -1.442884 -2.090379
-0.000000 -0.900696 -2.374941
-0.000000 -1.442884 -2.090379
-0.000000 -1.442884 -2.090379
-0.000000 -1.442884 -2.090379
-0.000000 -1.901217 -1.684332
-0.000000 -1.901217 -1.684332
-0.000000 -1.442884 -2.090379
-0.000000 -1.901217 -1.684332
-0.000000 -1.901217 -1.684332
-0.000000 -1.901217 -1.684332
-0.000000 -2.249058 -1.180397
-0.000000 -2.249058 -1.180397
-0.000000 -1.901217 -1.684332
-0.000000 -2.249058 -1.180397
-0.000000 -2.249058 -1.180397
-0.000000 -2.249058 -1.180397
-0.000000 -2.466192 -0.607862
-0.000000 -2.466192 -0.607862
-0.000000 -2.249058 -1.180397
-0.000000 -2.466192 -0.607862
-0.000000 -2.466192 -0.607862
-0.000000 -2.466192 -0.607862
-0.000000 -2.540000 0.000000
-0.000000 -2.540000 0.000000
-0.000000 -2.466192 -0.607862
-0.000000 -2.540000 0.000000
0.000000 -0.000000 -2.540000
0.000000 -0.000000 -2.540000
0.000000 -0.000000 -2.540000
0.000000 -0.000000 -2.540000
0.000000 -0.000000 -2.540000
0.000000 -0.000000 -2.540000
0.000000 -0.000000 -2.540000
0.000000 -0.000000 -2.540000
0.000000 -0.000000 -2.540000
0.000000 -0.000000 -2.540000
0.000000 -0.000000 -2.540000
0.000000 -0.000000 -2.540000
0.000000 -0.000000 -2.540000
0.000000 -0.000000 -2.540000
0.000000 -0.000000 -2.540000
0.000000 -0.000000 -2.540000
0.000000 -0.000000 -2.540000
0.000000 -0.000000 -2.540000
0.000000 -0.000000 -2.540000
0.000000 -0.000000 -2.540000
0.000000 -0.000000 -2.540000
0.000000 -0.000000 -2.540000
0.000000 -0.000000 -2.540000
0.000000 -0.000000 -2.540000
0.000000 -0.000000 -2.540000
0.000000 -0.000000 -2.540000
0.000000 -0.000000 -2.540000
0.000000 -0.000000 -2.540000
0.000000 -0.000000 -2.540000
0.000000 -0.000000 -2.540000
0.000000 -0.000000 -2.540000
0.000000 -0.000000 -2.540000
0.000000 -0.000000 -2.540000
0.000000 -0.000000 -2.540000
0.000000 -0.000000 -2.540000
0.000000 -0.000000 -2.540000
0.000000 -0.000000 -2.540000
0.000000 -0.000000 -2.540000
0.000000 -0.000000 -2.540000
2.540000 -0.000000 0.000000
2.476317 -0.000000 0.565203
2.540000 -0.000000 0.000000
2.540000 -0.000000 0.000000
2.476317 -0.000000 0.565203
2.476317 -0.000000 0.565203
2.540000 -0.000000 0.000000
2.476317 -0.000000 0.565203
2.540000 -0.000000 -0.000000
2.476317 -0.000000 0.565203
2.476317 -0.000000 0.565203
2.288461 -0.000000 1.102065
2.288461 -0.000000 1.102065
2.476317 -0.000000 0.565203
2.288461 -0.000000 1.102065
2.288461 -0.000000 1.102065
2.288461 -0.000000 1.102065
1.985852 0.000000 1.583664
1.985852 0.000000 1.583664
2.288461 -0.000000 1.102065
1.985852 0.000000 1.583664
1.985852 0.000000 1.583664
1.985852 0.000000 1.583664
1.583664 0.000000 1.985852
1.583664 0.000000 1.985852
1.985852 0.000000 1.583664
1.583664 0.000000 1.985852
1.583664 0.000000 1.985852
1.583664 0.000000 1.985852
1.102065 0.000000 2.288461
1.102065 0.000000 2.288461
1.583664 0.000000 1.985852
1.102065 0.000000 2.288461
1.102065 0.000000 2.288461
1.102065 0.000000 2.288461
0.565203 0.000000 2.476317
0.565203 0.000000 2.476317
1.102065 0.000000 2.288461
0.565203 0.000000 2.476317
0.565203 0.000000 2.476317
0.565203 0.000000 2.476317
-0.000000 0.000000 2.540000
-0.000000 0.000000 2.540000
0.565203 0.000000 2.476317
-0.000000 0.000000 2.540000
-0.000000 0.000000 2.540000
-0.000000 0.000000 2.540000
0.565203 0.000000 2.476317
0.000000 0.000000 2.540000
-0.000000 0.000000 2.540000
-0.565203 0.000000 2.476317
-0.565203 0.000000 2.476317
-0.000000 0.000000 2.540000
-0.565203 0.000000 2.476317
-0.565203 0.000000 2.476317
-0.565203 0.000000 2.476317
-1.102065 0.000000 2.288461
-1.102065 0.000000 2.288461
-0.565203 0.000000 2.476317
-1.102065 0.000000 2.288461
-1.102065 0.000000 2.288461
-1.102065 0.000000 2.288461
-1.583664 0.000000 1.985852
-1.583664 0.000000 1.985852
-1.102065 0.000000 2.288461
-1.583664 0.000000 1.985852
-1.583664 0.000000 1.985852
-1.583664 0.000000 1.985852
-1.985852 0.000000 1.583664
-1.985852 0.000000 1.583664
-1.583664 0.000000 1.985852
-1.985852 0.000000 1.583664
-1.985852 0.000000 1.583664
-1.985852 0.000000 1.583664
-2.288461 0.000000 1.102065
-2.288461 0.000000 1.102065
-1.985852 0.000000 1.583664
-2.288461 0.000000 1.102065
-2.288461 0.000000 1.102065
-2.288461 0.000000 1.102065
-2.476317 0.000000 0.565203
-2.476317 0.000000 0.565203
-2.288461 0.000000 1.102065
-2.476317 0.000000 0.565203
-2.476317 0.000000 0.565203
-2.476317 0.000000 0.565203
-2.540000 0.000000 -0.000000
-2.540000 0.000000 -0.000000
-2.476317 0.000000 0.565203
-2.540000 0.000000 0.000000
2.540000 -0.000000 0.000000
2.540000 -0.000000 0.000000
2.476317 -0.000000 -0.565203
2.476317 -0.000000 -0.565203
2.540000 -0.000000 0.000000
2.476317 -0.000000 -0.565203
2.476317 -0.000000 -0.565203
2.476317 -0.000000 -0.565203
2.288461 -0.000000 -1.102065
2.288461 -0.000000 -1.102065
2.476317 -0.000000 -0.565203
2.288461 -0.000000 -1.102065
2.288461 -0.000000 -1.102065
2.288461 -0.000000 -1.102065
1.985852 -0.000000 -1.583664
1.985852 -0.000000 -1.583664
2.288461 -0.000000 -1.102065
1.985852 -0.000000 -1.583664
1.985852 -0.000000 -1.583664
1.985852 -0.000000 -1.583664
1.583664 -0.000000 -1.985852
1.583664 -0.000000 -1.985852
1.985852 -0.000000 -1.583664
1.583664 -0.000000 -1.985852
1.583664 -0.000000 -1.985852
1.583664 -0.000000 -1.985852
1.102065 -0.000000 -2.288461
1.102065 -0.000000 -2.288461
1.583664 -0.000000 -1.985852
1.102065 -0.000000 -2.288461
1.102065 -0.000000 -2.288461
1.102065 -0.000000 -2.288461
0.565203 -0.000000 -2.476317
0.565203 -0.000000 -2.476317
1.102065 -0.000000 -2.288461
0.565203 -0.000000 -2.476317
0.565203 -0.000000 -2.476317
0.565203 -0.000000 -2.476317
0.000000 -0.000000 -2.540000
0.000000 -0.000000 -2.540000
0.565203 -0.000000 -2.476317
0.000000 -0.000000 -2.540000
0.000000 -0.000000 -2.540000
0.000000 -0.000000 -2.540000
-0.565203 -0.000000 -2.476317
-0.565203 -0.000000 -2.476317
0.000000 -0.000000 -2.540000
-0.565203 -0.000000 -2.476317
-0.565203 -0.000000 -2.476317
-0.565203 -0.000000 -2.476317
-1.102065 -0.000000 -2.288461
-1.102065 -0.000000 -2.288461
-0.565203 -0.000000 -2.476317
-1.102065 -0.000000 -2.288461
-1.102065 -0.000000 -2.288461
-1.102065 -0.000000 -2.288461
-1.583664 -0.000000 -1.985852
-1.583664 -0.000000 -1.985852
-1.102065 -0.000000 -2.288461
-1.583664 -0.000000 -1.985852
-1.583664 -0.000000 -1.985852
-1.583664 -0.000000 -1.985852
-1.985852 -0.000000 -1.583664
-1.985852 -0.000000 -1.583664
-1.583664 -0.000000 -1.985852
-1.985852 -0.000000 -1.583664
-1.985852 -0.000000 -1.583664
-1.985852 -0.000000 -1.583664
-2.288461 0.000000 -1.102065
-2.288461 0.000000 -1.102065
-1.985852 -0.000000 -1.583664
-2.288461 0.000000 -1.102065
-2.288461 0.000000 -1.102065
-2.288461 0.000000 -1.102065
-2.476317 0.000000 -0.565203
-2.476317 0.000000 -0.565203
-2.288461 0.000000 -1.102065
-2.476317 0.000000 -0.565203
-2.476317 0.000000 -0.565203
-2.476317 0.000000 -0.565203
-2.540000 0.000000 0.000000
-2.540000 0.000000 0.000000
-2.476317 0.000000 -0.565203
-2.540000 0.000000 -0.000000
-0.000000 0.000000 2.540000
-0.000000 0.000000 2.540000
-0.000000 0.000000 2.540000
-0.000000 0.000000 2.540000
-0.000000 0.000000 2.540000
-0.000000 0.000000 2.540000
0.000000 2.540000 -0.000000
0.000000 2.540000 -0.000000
0.000000 2.540000 -0.000000
0.000000 2.540000 -0.000000
0.000000 2.540000 -0.000000
0.000000 2.540000 -0.000000
0.000000 2.540000 -0.000000
0.000000 2.540000 -0.000000
0.000000 2.540000 -0.000000
0.000000 2.540000 -0.000000
0.000000 2.540000 -0.000000
0.000000 2.540000 -0.000000
0.000000 2.540000 -0.000000
0.000000 2.540000 -0.000000
0.000000 2.540000 -0.000000
0.000000 2.540000 -0.000000
0.000000 2.540000 -0.000000
0.000000 2.540000 -0.000000
0.000000 2.540000 -0.000000
0.000000 2.540000 -0.000000
0.000000 2.540000 -0.000000
0.000000 2.540000 -0.000000
0.000000 2.540000 -0.000000
0.000000 2.540000 -0.000000
0.000000 2.540000 -0.000000
0.000000 2.540000 -0.000000
0.000000 2.540000 -0.000000
0.000000 2.540000 -0.000000
0.000000 2.540000 -0.000000
0.000000 2.540000 -0.000000
0.000000 2.540000 -0.000000
0.000000 2.540000 -0.000000
0.000000 2.540000 -0.000000
0.000000 2.540000 -0.000000
0.000000 2.540000 -0.000000
0.000000 2.540000 -0.000000
0.000000 2.540000 -0.000000
0.000000 2.540000 -0.000000
0.000000 2.540000 -0.000000
0.000000 2.540000 -0.000000
0.000000 2.540000 -0.000000
0.000000 2.540000 -0.000000
0.000000 2.540000 -0.000000
0.000000 2.540000 -0.000000
0.000000 2.540000 -0.000000
0.000000 2.540000 -0.000000
0.000000 2.540000 -0.000000
0.000000 2.540000 -0.000000
0.000000 2.540000 -0.000000
0.000000 2.540000 -0.000000
0.000000 2.540000 -0.000000
0.000000 2.540000 -0.000000
0.000000 2.540000 -0.000000
0.000000 2.540000 -0.000000
0.000000 2.540000 -0.000000
0.000000 2.540000 -0.000000
0.000000 2.540000 -0.000000
0.000000 2.540000 -0.000000
0.000000 2.540000 -0.000000
0.000000 2.540000 -0.000000
0.000000 2.540000 -0.000000
0.000000 2.540000 -0.000000
0.000000 2.540000 -0.000000
0.000000 2.540000 -0.000000
0.000000 2.540000 -0.000000
0.000000 2.540000 -0.000000
0.000000 2.540000 -0.000000
0.000000 2.540000 -0.000000
0.000000 2.540000 -0.000000
0.000000 2.540000 -0.000000
0.000000 2.540000 -0.000000
0.000000 2.540000 -0.000000
0.000000 2.540000 -0.000000
0.000000 2.540000 -0.000000
0.000000 2.540000 -0.000000
0.000000 2.540000 -0.000000
0.000000 2.540000 -0.000000
0.000000 2.540000 -0.000000
0.000000 2.540000 -0.000000
0.000000 2.540000 -0.000000
0.000000 2.540000 -0.000000
0.000000 2.540000 -0.000000
0.000000 2.540000 -0.000000
0.000000 2.540000 -0.000000
0.000000 2.540000 -0.000000
0.000000 2.540000 -0.000000
0.000000 2.540000 -0.000000
0.000000 2.540000 -0.000000
0.000000 2.540000 -0.000000
0.000000 2.540000 -0.000000
0.000000 2.540000 -0.000000
0.000000 2.540000 -0.000000
0.000000 2.540000 -0.000000
0.000000 2.540000 -0.000000
0.000000 2.540000 -0.000000
0.000000 2.540000 -0.000000
0.000000 2.540000 -0.000000
0.000000 2.540000 -0.000000
0.000000 2.540000 -0.000000
0.000000 2.540000 -0.000000
0.000000 2.540000 -0.000000
0.000000 2.540000 -0.000000
0.000000 2.540000 -0.000000
0.000000 2.540000 -0.000000
0.000000 2.540000 -0.000000
0.000000 2.540000 -0.000000
0.000000 2.540000 -0.000000
0.000000 2.540000 -0.000000
0.000000 2.540000 -0.000000
0.000000 2.540000 -0.000000
0.000000 2.540000 -0.000000
0.000000 2.540000 -0.000000
0.000000 2.540000 -0.000000
0.000000 2.540000 -0.000000
0.000000 2.540000 -0.000000
0.000000 2.540000 -0.000000
0.000000 2.540000 -0.000000
0.000000 2.540000 -0.000000
0.000000 2.540000 -0.000000
0.000000 2.540000 -0.000000
0.000000 2.540000 -0.000000
0.000000 2.540000 -0.000000
0.000000 2.540000 -0.000000
0.000000 2.540000 -0.000000
0.000000 2.540000 -0.000000
0.000000 2.540000 -0.000000
0.000000 2.540000 -0.000000
0.000000 2.540000 -0.000000
0.000000 2.540000 -0.000000
0.000000 2.540000 -0.000000
0.000000 2.540000 -0.000000
0.000000 2.540000 -0.000000
0.000000 2.540000 -0.000000
0.000000 2.540000 -0.000000
0.000000 2.540000 -0.000000
0.000000 2.540000 -0.000000
0.000000 2.540000 -0.000000
0.000000 2.540000 -0.000000
0.000000 2.540000 -0.000000
0.000000 2.540000 -0.000000
0.000000 2.540000 -0.000000
0.000000 2.540000 -0.000000
0.000000 2.540000 -0.000000
0.000000 2.540000 -0.000000
0.000000 2.540000 -0.000000
0.000000 2.540000 -0.000000
0.000000 2.540000 -0.000000
0.000000 2.540000 -0.000000
0.000000 2.540000 -0.000000
0.000000 2.540000 -0.000000
0.000000 2.540000 -0.000000
0.000000 2.540000 -0.000000
0.000000 2.540000 -0.000000
0.000000 2.540000 -0.000000
0.000000 2.540000 -0.000000
0.000000 2.540000 -0.000000
0.000000 2.540000 -0.000000
0.000000 2.540000 -0.000000
0.000000 2.540000 -0.000000
0.000000 2.540000 -0.000000
0.000000 2.540000 -0.000000
0.000000 2.540000 -0.000000
0.000000 2.540000 -0.000000
0.000000 2.540000 -0.000000
0.000000 2.540000 -0.000000
0.000000 2.540000 -0.000000
0.000000 2.540000 -0.000000
0.000000 2.540000 -0.000000
0.000000 2.540000 -0.000000
0.000000 2.540000 -0.000000
0.000000 2.540000 -0.000000
0.000000 2.540000 -0.000000
0.000000 2.540000 -0.000000
0.000000 2.540000 -0.000000
0.000000 2.540000 -0.000000
0.000000 2.540000 -0.000000
0.000000 2.540000 -0.000000
0.000000 2.540000 -0.000000
0.000000 2.540000 -0.000000
0.000000 2.540000 -0.000000
0.000000 2.540000 -0.000000
0.000000 2.540000 -0.000000
0.000000 2.540000 -0.000000
0.000000 2.540000 -0.000000
0.000000 2.540000 -0.000000
0.000000 2.540000 -0.000000
0.000000 2.540000 -0.000000
0.000000 2.540000 -0.000000
0.000000 2.540000 -0.000000
0.000000 2.540000 -0.000000
0.000000 2.540000 -0.000000
0.000000 2.540000 -0.000000
0.000000 2.540000 -0.000000
0.000000 2.540000 -0.000000
0.000000 2.540000 -0.000000
0.000000 2.540000 -0.000000
0.000000 2.540000 -0.000000
0.000000 2.540000 -0.000000
0.000000 2.540000 -0.000000
0.000000 2.540000 -0.000000
0.000000 2.540000 -0.000000
0.000000 2.540000 -0.000000
0.000000 2.540000 -0.000000
0.000000 2.540000 -0.000000
0.000000 2.540000 -0.000000
0.000000 2.540000 -0.000000
0.000000 2.540000 -0.000000
0.000000 2.540000 -0.000000
0.000000 2.540000 -0.000000
0.000000 2.540000 -0.000000
0.000000 2.540000 -0.000000
0.000000 2.540000 -0.000000
0.000000 2.540000 -0.000000
0.000000 2.540000 -0.000000
0.000000 2.540000 -0.000000
0.000000 2.540000 -0.000000
0.000000 2.540000 -0.000000
0.000000 2.540000 -0.000000
0.000000 2.540000 -0.000000
0.000000 2.540000 -0.000000
0.000000 2.540000 -0.000000
0.000000 2.540000 -0.000000
0.000000 2.540000 -0.000000
0.000000 2.540000 -0.000000
0.000000 2.540000 -0.000000
0.000000 2.540000 -0.000000
0.000000 2.540000 -0.000000
0.000000 2.540000 -0.000000
0.000000 2.540000 -0.000000
0.000000 2.540000 -0.000000
0.000000 2.540000 -0.000000
0.000000 2.540000 -0.000000
0.000000 2.540000 -0.000000
0.000000 2.540000 -0.000000
0.000000 2.540000 -0.000000
0.000000 2.540000 -0.000000
0.000000 2.540000 -0.000000
0.000000 2.540000 -0.000000
0.000000 2.540000 -0.000000
0.000000 2.540000 -0.000000
0.000000 2.540000 -0.000000
0.000000 2.540000 -0.000000
0.000000 2.540000 -0.000000
0.000000 2.540000 -0.000000
0.000000 2.540000 -0.000000
0.000000 2.540000 -0.000000
0.000000 2.540000 -0.000000
0.000000 2.540000 -0.000000
0.000000 2.540000 -0.000000
0.000000 2.540000 -0.000000
0.000000 2.540000 -0.000000
0.000000 2.540000 -0.000000
0.000000 2.540000 -0.000000
0.000000 2.540000 -0.000000
0.000000 2.540000 -0.000000
0.000000 2.540000 -0.000000
0.000000 2.540000 -0.000000
0.000000 2.540000 -0.000000
0.000000 2.540000 -0.000000
0.000000 2.540000 -0.000000
0.000000 2.540000 -0.000000
0.000000 2.540000 -0.000000
0.000000 2.540000 -0.000000
0.000000 2.540000 -0.000000
0.000000 2.540000 -0.000000
0.000000 2.540000 -0.000000
0.000000 2.540000 -0.000000
0.000000 2.540000 -0.000000
0.000000 2.540000 -0.000000
0.000000 2.540000 -0.000000
0.000000 2.540000 -0.000000
0.000000 2.540000 -0.000000
0.000000 2.540000 -0.000000
0.000000 2.540000 -0.000000
0.000000 2.540000 -0.000000
0.000000 2.540000 -0.000000
0.000000 2.540000 -0.000000
0.000000 2.540000 -0.000000
0.000000 2.540000 -0.000000
0.000000 2.540000 -0.000000
0.000000 2.540000 -0.000000
0.000000 2.540000 -0.000000
0.000000 2.540000 -0.000000
0.000000 2.540000 -0.000000
0.000000 2.540000 -0.000000
0.000000 2.540000 -0.000000
0.000000 2.540000 -0.000000
0.000000 2.540000 -0.000000
0.000000 2.540000 -0.000000
0.000000 2.540000 -0.000000
0.000000 2.540000 -0.000000
0.000000 2.540000 -0.000000
0.000000 2.540000 -0.000000
0.000000 2.540000 -0.000000
0.000000 2.540000 -0.000000
0.000000 2.540000 -0.000000
0.000000 2.540000 -0.000000
0.000000 2.540000 -0.000000
0.000000 2.540000 -0.000000
0.000000 2.540000 -0.000000
0.000000 2.540000 -0.000000
0.000000 2.540000 -0.000000
0.000000 2.540000 -0.000000
0.000000 2.540000 -0.000000
0.000000 2.540000 -0.000000
0.000000 2.540000 -0.000000
0.000000 2.540000 -0.000000
0.000000 2.540000 -0.000000
0.000000 2.540000 -0.000000
0.000000 2.540000 -0.000000
0.000000 2.540000 -0.000000
0.000000 2.540000 -0.000000
0.000000 2.540000 -0.000000
0.000000 2.540000 -0.000000
0.000000 2.540000 -0.000000
0.000000 2.540000 -0.000000
0.000000 2.540000 -0.000000
0.000000 2.540000 -0.000000
0.000000 2.540000 -0.000000
0.000000 2.540000 -0.000000
0.000000 2.540000 -0.000000
0.000000 2.540000 -0.000000
0.000000 2.540000 -0.000000
0.000000 2.540000 -0.000000
0.000000 2.540000 -0.000000
0.000000 2.540000 -0.000000
0.000000 2.540000 -0.000000
0.000000 2.540000 -0.000000
0.000000 2.540000 -0.000000
0.000000 2.540000 -0.000000
0.000000 2.540000 -0.000000
0.000000 2.540000 -0.000000
0.000000 2.540000 -0.000000
0.000000 2.540000 -0.000000
0.000000 2.540000 -0.000000
0.000000 2.540000 -0.000000
0.000000 2.540000 -0.000000
0.000000 2.540000 -0.000000
0.000000 2.540000 -0.000000
0.000000 2.540000 -0.000000
0.000000 2.540000 -0.000000
0.000000 2.540000 -0.000000
0.000000 2.540000 -0.000000
0.000000 2.540000 -0.000000
0.000000 2.540000 -0.000000
0.000000 2.540000 -0.000000
0.000000 2.540000 -0.000000
0.000000 2.540000 -0.000000
0.000000 2.540000 -0.000000
0.000000 2.540000 -0.000000
0.000000 2.540000 -0.000000
0.000000 2.540000 -0.000000
0.000000 2.540000 -0.000000
0.000000 2.540000 -0.000000
0.000000 2.540000 -0.000000
0.000000 2.540000 -0.000000
0.000000 2.540000 -0.000000
0.000000 2.540000 -0.000000
0.000000 2.540000 -0.000000
0.000000 2.540000 -0.000000
0.000000 2.540000 -0.000000
0.000000 2.540000 -0.000000
0.000000 2.540000 -0.000000
0.000000 2.540000 -0.000000
0.000000 2.540000 -0.000000
0.000000 2.540000 -0.000000
0.000000 2.540000 -0.000000
0.000000 2.540000 -0.000000
0.000000 2.540000 -0.000000
0.000000 2.540000 -0.000000
0.000000 2.540000 -0.000000
0.000000 2.540000 -0.000000
0.000000 2.540000 -0.000000
0.000000 2.540000 -0.000000
0.000000 2.540000 -0.000000
0.000000 2.540000 -0.000000
0.000000 2.540000 -0.000000
0.000000 2.540000 -0.000000
0.000000 2.540000 -0.000000
0.000000 2.540000 -0.000000
0.000000 2.540000 -0.000000
0.000000 2.540000 -0.000000
0.000000 2.540000 -0.000000
0.000000 2.540000 -0.000000
0.000000 2.540000 -0.000000
0.000000 2.540000 -0.000000
0.000000 2.540000 -0.000000
0.000000 2.540000 -0.000000
0.000000 2.540000 -0.000000
0.000000 2.540000 -0.000000
0.000000 2.540000 -0.000000
0.000000 2.540000 -0.000000
0.000000 2.540000 -0.000000
0.000000 2.540000 -0.000000
0.000000 2.540000 -0.000000
0.000000 2.540000 -0.000000
2.540000 -0.000000 0.000000
2.540000 -0.000000 0.000000
2.540000 -0.000000 0.000000
2.540000 -0.000000 0.000000
2.540000 -0.000000 0.000000
2.540000 -0.000000 0.000000
1.796051 -0.000000 -1.796051
1.796051 -0.000000 -1.796051
1.796051 -0.000000 -1.796051
1.796051 -0.000000 -1.796051
1.796051 -0.000000 -1.796051
1.796051 -0.000000 -1.796051
-0.000000 0.000000 2.540000
-0.000000 0.000000 2.540000
-0.000000 0.000000 2.540000
-0.000000 0.000000 2.540000
-0.000000 0.000000 2.540000
-0.000000 0.000000 2.540000
2.540000 -0.000000 0.000000
2.540000 -0.000000 0.000000
2.466192 -0.000000 -0.607862
2.466192 -0.000000 -0.607862
2.540000 -0.000000 0.000000
2.466192 -0.000000 -0.607862
2.466192 -0.000000 -0.607862
2.466192 -0.000000 -0.607862
2.249058 -0.000000 -1.180397
2.249058 -0.000000 -1.180397
2.466192 -0.000000 -0.607862
2.249058 -0.000000 -1.180397
2.249058 -0.000000 -1.180397
2.249058 -0.000000 -1.180397
1.901217 -0.000000 -1.684332
1.901217 -0.000000 -1.684332
2.249058 -0.000000 -1.180397
1.901217 -0.000000 -1.684332
1.901217 -0.000000 -1.684332
1.901217 -0.000000 -1.684332
1.442884 -0.000000 -2.090379
1.442884 -0.000000 -2.090379
1.901217 -0.000000 -1.684332
1.442884 -0.000000 -2.090379
1.442884 -0.000000 -2.090379
1.442884 -0.000000 -2.090379
0.900696 -0.000000 -2.374941
0.900696 -0.000000 -2.374941
1.442884 -0.000000 -2.090379
0.900696 -0.000000 -2.374941
0.900696 -0.000000 -2.374941
0.900696 -0.000000 -2.374941
0.306163 -0.000000 -2.521481
0.306163 -0.000000 -2.521481
0.900696 -0.000000 -2.374941
0.306163 -0.000000 -2.521481
0.306163 -0.000000 -2.521481
0.306163 -0.000000 -2.521481
-0.306163 -0.000000 -2.521481
-0.306163 -0.000000 -2.521481
0.306163 -0.000000 -2.521481
-0.306163 -0.000000 -2.521481
-0.306163 -0.000000 -2.521481
-0.306163 -0.000000 -2.521481
-0.900696 -0.000000 -2.374941
-0.900696 -0.000000 -2.374941
-0.306163 -0.000000 -2.521481
-0.900696 -0.000000 -2.374941
-0.900696 -0.000000 -2.374941
-0.900696 -0.000000 -2.374941
-1.442884 -0.000000 -2.090379
-1.442884 -0.000000 -2.090379
-0.900696 -0.000000 -2.374941
-1.442884 -0.000000 -2.090379
-1.442884 -0.000000 -2.090379
-1.442884 -0.000000 -2.090379
-1.901217 -0.000000 -1.684332
-1.901217 -0.000000 -1.684332
-1.442884 -0.000000 -2.090379
-1.901217 -0.000000 -1.684332
-1.901217 -0.000000 -1.684332
-1.901217 -0.000000 -1.684332
-2.249058 0.000000 -1.180397
-2.249058 0.000000 -1.180397
-1.901217 -0.000000 -1.684332
-2.249058 0.000000 -1.180397
-2.249058 0.000000 -1.180397
-2.249058 0.000000 -1.180397
-2.466192 0.000000 -0.607862
-2.466192 0.000000 -0.607862
-2.249058 0.000000 -1.180397
-2.466192 0.000000 -0.607862
-2.466192 0.000000 -0.607862
-2.466192 0.000000 -0.607862
-2.540000 0.000000 -0.000000
-2.540000 0.000000 -0.000000
-2.466192 0.000000 -0.607862
-2.540000 0.000000 -0.000000
2.540000 -0.000000 0.000000
2.540000 -0.000000 -0.000000
2.476317 -0.000000 -0.565203
2.476317 -0.000000 -0.565203
2.540000 -0.000000 -0.000000
2.476317 -0.000000 -0.565203
2.476317 -0.000000 -0.565203
2.476317 -0.000000 -0.565203
2.288461 -0.000000 -1.102065
2.288461 -0.000000 -1.102065
2.476317 -0.000000 -0.565203
2.288461 -0.000000 -1.102065
2.288461 -0.000000 -1.102065
2.288461 -0.000000 -1.102065
1.985852 -0.000000 -1.583664
1.985852 -0.000000 -1.583664
2.288461 -0.000000 -1.102065
1.985852 -0.000000 -1.583664
1.985852 -0.000000 -1.583664
1.985852 -0.000000 -1.583664
1.583664 -0.000000 -1.985852
1.583664 -0.000000 -1.985852
1.985852 -0.000000 -1.583664
1.583664 -0.000000 -1.985852
1.583664 -0.000000 -1.985852
1.583664 -0.000000 -1.985852
1.102065 -0.000000 -2.288461
1.102065 -0.000000 -2.288461
1.583664 -0.000000 -1.985852
1.102065 -0.000000 -2.288461
1.102065 -0.000000 -2.288461
1.102065 -0.000000 -2.288461
0.565203 -0.000000 -2.476317
0.565203 -0.000000 -2.476317
1.102065 -0.000000 -2.288461
0.565203 -0.000000 -2.476317
0.565203 -0.000000 -2.476317
0.565203 -0.000000 -2.476317
0.000000 -0.000000 -2.540000
0.000000 -0.000000 -2.540000
0.565203 -0.000000 -2.476317
0.000000 -0.000000 -2.540000
2.540000 -0.000000 0.000000
2.540000 -0.000000 0.000000
2.466192 -0.000000 -0.607862
2.466192 -0.000000 -0.607862
2.540000 -0.000000 0.000000
2.466192 -0.000000 -0.607862
2.466192 -0.000000 -0.607862
2.466192 -0.000000 -0.607862
2.249058 -0.000000 -1.180397
2.249058 -0.000000 -1.180397
2.466192 -0.000000 -0.607862
2.249058 -0.000000 -1.180397
2.249058 -0.000000 -1.180397
2.249058 -0.000000 -1.180397
1.901217 -0.000000 -1.684332
1.901217 -0.000000 -1.684332
2.249058 -0.000000 -1.180397
1.901217 -0.000000 -1.684332
1.901217 -0.000000 -1.684332
1.901217 -0.000000 -1.684332
1.442884 -0.000000 -2.090379
1.442884 -0.000000 -2.090379
1.901217 -0.000000 -1.684332
1.442884 -0.000000 -2.090379
1.442884 -0.000000 -2.090379
1.442884 -0.000000 -2.090379
0.900696 -0.000000 -2.374941
0.900696 -0.000000 -2.374941
1.442884 -0.000000 -2.090379
0.900696 -0.000000 -2.374941
0.900696 -0.000000 -2.374941
0.900696 -0.000000 -2.374941
0.306163 -0.000000 -2.521481
0.306163 -0.000000 -2.521481
0.900696 -0.000000 -2.374941
0.306163 -0.000000 -2.521481
0.306163 -0.000000 -2.521481
0.306163 -0.000000 -2.521481
-0.306163 0.000000 -2.521481
-0.306163 0.000000 -2.521481
0.306163 -0.000000 -2.521481
-0.306163 0.000000 -2.521481
-0.306163 0.000000 -2.521481
-0.306163 0.000000 -2.521481
-0.900696 0.000000 -2.374941
-0.900696 0.000000 -2.374941
-0.306163 0.000000 -2.521481
-0.900696 0.000000 -2.374941
-0.900696 0.000000 -2.374941
-0.900696 0.000000 -2.374941
-1.442884 0.000000 -2.090379
-1.442884 0.000000 -2.090379
-0.900696 0.000000 -2.374941
-1.442884 0.000000 -2.090379
-1.442884 0.000000 -2.090379
-1.442884 0.000000 -2.090379
-1.901217 0.000000 -1.684332
-1.901217 0.000000 -1.684332
-1.442884 0.000000 -2.090379
-1.901217 0.000000 -1.684332
-1.901217 0.000000 -1.684332
-1.901217 0.000000 -1.684332
-2.249058 0.000000 -1.180397
-2.249058 0.000000 -1.180397
-1.901217 0.000000 -1.684332
-2.249058 0.000000 -1.180397
-2.249058 0.000000 -1.180397
-2.249058 0.000000 -1.180397
-2.466192 0.000000 -0.607862
-2.466192 0.000000 -0.607862
-2.249058 0.000000 -1.180397
-2.466192 0.000000 -0.607862
-2.466192 0.000000 -0.607862
-2.466192 0.000000 -0.607862
-2.540000 0.000000 0.000000
-2.540000 0.000000 0.000000
-2.466192 0.000000 -0.607862
-2.540000 0.000000 0.000000
-0.000000 -2.540000 0.000000
-0.000000 -2.540000 0.000000
-0.000000 -2.540000 0.000000
-0.000000 -2.540000 0.000000
-0.000000 -2.540000 0.000000
-0.000000 -2.540000 0.000000
-0.000000 -2.540000 0.000000
-0.000000 -2.540000 0.000000
-0.000000 -2.540000 0.000000
-0.000000 -2.540000 0.000000
-0.000000 -2.540000 0.000000
-0.000000 -2.540000 0.000000
-0.000000 -2.540000 0.000000
-0.000000 -2.540000 0.000000
-0.000000 -2.540000 0.000000
-0.000000 -2.540000 0.000000
-0.000000 -2.540000 0.000000
-0.000000 -2.540000 0.000000
-0.000000 -2.540000 0.000000
-0.000000 -2.540000 0.000000
-0.000000 -2.540000 0.000000
-0.000000 -2.540000 0.000000
-0.000000 -2.540000 0.000000
-0.000000 -2.540000 0.000000
-0.000000 -2.540000 0.000000
-0.000000 -2.540000 0.000000
-0.000000 -2.540000 0.000000
-0.000000 -2.540000 0.000000
-0.000000 -2.540000 0.000000
-0.000000 -2.540000 0.000000
-0.000000 -2.540000 0.000000
-0.000000 -2.540000 0.000000
-0.000000 -2.540000 0.000000
-0.000000 -2.540000 0.000000
-0.000000 -2.540000 0.000000
-0.000000 -2.540000 0.000000
-0.000000 -2.540000 0.000000
-0.000000 -2.540000 0.000000
-0.000000 -2.540000 0.000000
-0.000000 -2.540000 0.000000
-0.000000 -2.540000 0.000000
-0.000000 -2.540000 0.000000
-0.000000 -2.540000 0.000000
-0.000000 -2.540000 0.000000
-0.000000 -2.540000 0.000000
-0.000000 -2.540000 0.000000
-0.000000 -2.540000 0.000000
-0.000000 -2.540000 0.000000
-0.000000 -2.540000 0.000000
-0.000000 -2.540000 0.000000
-0.000000 -2.540000 0.000000
-0.000000 -2.540000 0.000000
-0.000000 -2.540000 0.000000
-0.000000 -2.540000 0.000000
-0.000000 -2.540000 0.000000
-0.000000 -2.540000 0.000000
-0.000000 -2.540000 0.000000
-0.000000 -2.540000 0.000000
-0.000000 -2.540000 0.000000
-0.000000 -2.540000 0.000000
-0.000000 -2.540000 0.000000
-0.000000 -2.540000 0.000000
-0.000000 -2.540000 0.000000
-0.000000 -2.540000 0.000000
-0.000000 -2.540000 0.000000
-0.000000 -2.540000 0.000000
-0.000000 -2.540000 0.000000
-0.000000 -2.540000 0.000000
-0.000000 -2.540000 0.000000
-0.000000 -2.540000 0.000000
-0.000000 -2.540000 0.000000
-0.000000 -2.540000 0.000000
-0.000000 -2.540000 0.000000
-0.000000 -2.540000 0.000000
-0.000000 -2.540000 0.000000
-0.000000 -2.540000 0.000000
-0.000000 -2.540000 0.000000
-0.000000 -2.540000 0.000000
-0.000000 -2.540000 0.000000
-0.000000 -2.540000 0.000000
-0.000000 -2.540000 0.000000
-0.000000 -2.540000 0.000000
-0.000000 -2.540000 0.000000
-0.000000 -2.540000 0.000000
-0.000000 -2.540000 0.000000
-0.000000 -2.540000 0.000000
-0.000000 -2.540000 0.000000
-0.000000 -2.540000 0.000000
-0.000000 -2.540000 0.000000
-0.000000 -2.540000 0.000000
-0.000000 -2.540000 0.000000
-0.000000 -2.540000 0.000000
-0.000000 -2.540000 0.000000
-0.000000 -2.540000 0.000000
-0.000000 -2.540000 0.000000
-0.000000 -2.540000 0.000000
-0.000000 -2.540000 0.000000
-0.000000 -2.540000 0.000000
-0.000000 -2.540000 0.000000
-0.000000 -2.540000 0.000000
-0.000000 -2.540000 0.000000
-0.000000 -2.540000 0.000000
-0.000000 -2.540000 0.000000
-0.000000 -2.540000 0.000000
-0.000000 -2.540000 0.000000
-0.000000 -2.540000 0.000000
-0.000000 -2.540000 0.000000
-0.000000 -2.540000 0.000000
-0.000000 -2.540000 0.000000
-0.000000 -2.540000 0.000000
-0.000000 -2.540000 0.000000
-0.000000 -2.540000 0.000000
-0.000000 -2.540000 0.000000
-0.000000 -2.540000 0.000000
-0.000000 -2.540000 0.000000
-0.000000 -2.540000 0.000000
-0.000000 -2.540000 0.000000
-0.000000 -2.540000 0.000000
-0.000000 -2.540000 0.000000
-0.000000 -2.540000 0.000000
-0.000000 -2.540000 0.000000
-0.000000 -2.540000 0.000000
-0.000000 -2.540000 0.000000
-0.000000 -2.540000 0.000000
-0.000000 -2.540000 0.000000
-0.000000 -2.540000 0.000000
-0.000000 -2.540000 0.000000
-0.000000 -2.540000 0.000000
-0.000000 -2.540000 0.000000
-0.000000 -2.540000 0.000000
-0.000000 -2.540000 0.000000
-0.000000 -2.540000 0.000000
-0.000000 -2.540000 0.000000
-0.000000 -2.540000 0.000000
-0.000000 -2.540000 0.000000
-0.000000 -2.540000 0.000000
-0.000000 -2.540000 0.000000
-0.000000 -2.540000 0.000000
-0.000000 -2.540000 0.000000
-0.000000 -2.540000 0.000000
-0.000000 -2.540000 0.000000
-0.000000 -2.540000 0.000000
-0.000000 -2.540000 0.000000
-0.000000 -2.540000 0.000000
-0.000000 -2.540000 0.000000
-0.000000 -2.540000 0.000000
-0.000000 -2.540000 0.000000
-0.000000 -2.540000 0.000000
-0.000000 -2.540000 0.000000
-0.000000 -2.540000 0.000000
-0.000000 -2.540000 0.000000
-0.000000 -2.540000 0.000000
-0.000000 -2.540000 0.000000
-0.000000 -2.540000 0.000000
-0.000000 -2.540000 0.000000
-0.000000 -2.540000 0.000000
2.540000 -0.000000 0.000000
2.540000 -0.000000 0.000000
2.466192 -0.000000 -0.607862
2.466192 -0.000000 -0.607862
2.540000 -0.000000 0.000000
2.466192 -0.000000 -0.607862
2.466192 -0.000000 -0.607862
2.466192 -0.000000 -0.607862
2.249058 -0.000000 -1.180397
2.249058 -0.000000 -1.180397
2.466192 -0.000000 -0.607862
2.249058 -0.000000 -1.180397
2.249058 -0.000000 -1.180397
2.249058 -0.000000 -1.180397
1.901217 -0.000000 -1.684332
1.901217 -0.000000 -1.684332
2.249058 -0.000000 -1.180397
1.901217 -0.000000 -1.684332
1.901217 -0.000000 -1.684332
1.901217 -0.000000 -1.684332
1.442884 -0.000000 -2.090379
1.442884 -0.000000 -2.090379
1.901217 -0.000000 -1.684332
1.442884 -0.000000 -2.090379
1.442884 -0.000000 -2.090379
1.442884 -0.000000 -2.090379
0.900696 -0.000000 -2.374941
0.900696 -0.000000 -2.374941
1.442884 -0.000000 -2.090379
0.900696 -0.000000 -2.374941
0.900696 -0.000000 -2.374941
0.900696 -0.000000 -2.374941
0.306163 -0.000000 -2.521481
0.306163 -0.000000 -2.521481
0.900696 -0.000000 -2.374941
0.306163 -0.000000 -2.521481
0.306163 -0.000000 -2.521481
0.306163 -0.000000 -2.521481
-0.306163 0.000000 -2.521481
-0.306163 0.000000 -2.521481
0.306163 -0.000000 -2.521481
-0.306163 0.000000 -2.521481
-0.306163 0.000000 -2.521481
-0.306163 0.000000 -2.521481
-0.900696 0.000000 -2.374941
-0.900696 0.000000 -2.374941
-0.306163 0.000000 -2.521481
-0.900696 0.000000 -2.374941
-0.900696 0.000000 -2.374941
-0.900696 0.000000 -2.374941
-1.442884 0.000000 -2.090379
-1.442884 0.000000 -2.090379
-0.900696 0.000000 -2.374941
-1.442884 0.000000 -2.090379
-1.442884 0.000000 -2.090379
-1.442884 0.000000 -2.090379
-1.901217 0.000000 -1.684332
-1.901217 0.000000 -1.684332
-1.442884 0.000000 -2.090379
-1.901217 0.000000 -1.684332
-1.901217 0.000000 -1.684332
-1.901217 0.000000 -1.684332
-2.249058 0.000000 -1.180397
-2.249058 0.000000 -1.180397
-1.901217 0.000000 -1.684332
-2.249058 0.000000 -1.180397
-2.249058 0.000000 -1.180397
-2.249058 0.000000 -1.180397
-2.466192 0.000000 -0.607862
-2.466192 0.000000 -0.607862
-2.249058 0.000000 -1.180397
-2.466192 0.000000 -0.607862
-2.466192 0.000000 -0.607862
-2.466192 0.000000 -0.607862
-2.540000 0.000000 0.000000
-2.540000 0.000000 0.000000
-2.466192 0.000000 -0.607862
-2.540000 0.000000 0.000000
-0.000000 -2.540000 0.000000
-0.000000 -2.540000 0.000000
-0.000000 -2.540000 0.000000
-0.000000 -2.540000 0.000000
-0.000000 -2.540000 0.000000
-0.000000 -2.540000 0.000000
-0.000000 -2.540000 0.000000
-0.000000 -2.540000 0.000000
-0.000000 -2.540000 0.000000
-0.000000 -2.540000 0.000000
-0.000000 -2.540000 0.000000
-0.000000 -2.540000 0.000000
-0.000000 -2.540000 0.000000
-0.000000 -2.540000 0.000000
-0.000000 -2.540000 0.000000
-0.000000 -2.540000 0.000000
-0.000000 -2.540000 0.000000
-0.000000 -2.540000 0.000000
-0.000000 -2.540000 0.000000
-0.000000 -2.540000 0.000000
-0.000000 -2.540000 0.000000
-0.000000 -2.540000 0.000000
-0.000000 -2.540000 0.000000
-0.000000 -2.540000 0.000000
-0.000000 -2.540000 0.000000
-0.000000 -2.540000 0.000000
-0.000000 -2.540000 0.000000
-0.000000 -2.540000 0.000000
-0.000000 -2.540000 0.000000
-0.000000 -2.540000 0.000000
-0.000000 -2.540000 0.000000
-0.000000 -2.540000 0.000000
-0.000000 -2.540000 0.000000
-0.000000 -2.540000 0.000000
-0.000000 -2.540000 0.000000
-0.000000 -2.540000 0.000000
-0.000000 -2.540000 0.000000
-0.000000 -2.540000 0.000000
-0.000000 -2.540000 0.000000
-0.000000 -2.540000 0.000000
-0.000000 -2.540000 0.000000
-0.000000 -2.540000 0.000000
-0.000000 -2.540000 0.000000
-0.000000 -2.540000 0.000000
-0.000000 -2.540000 0.000000
-0.000000 -2.540000 0.000000
-0.000000 -2.540000 0.000000
-0.000000 -2.540000 0.000000
-0.000000 -2.540000 0.000000
-0.000000 -2.540000 0.000000
-0.000000 -2.540000 0.000000
-0.000000 -2.540000 0.000000
-0.000000 -2.540000 0.000000
-0.000000 -2.540000 0.000000
-0.000000 -2.540000 0.000000
-0.000000 -2.540000 0.000000
-0.000000 -2.540000 0.000000
-0.000000 -2.540000 0.000000
-0.000000 -2.540000 0.000000
-0.000000 -2.540000 0.000000
-0.000000 -2.540000 0.000000
-0.000000 -2.540000 0.000000
-0.000000 -2.540000 0.000000
-0.000000 -2.540000 0.000000
-0.000000 -2.540000 0.000000
-0.000000 -2.540000 0.000000
-0.000000 -2.540000 0.000000
-0.000000 -2.540000 0.000000
-0.000000 -2.540000 0.000000
-0.000000 -2.540000 0.000000
-0.000000 -2.540000 0.000000
-0.000000 -2.540000 0.000000
-0.000000 -2.540000 0.000000
-0.000000 -2.540000 0.000000
-0.000000 -2.540000 0.000000
-0.000000 -2.540000 0.000000
-0.000000 -2.540000 0.000000
-0.000000 -2.540000 0.000000
-0.000000 -2.540000 0.000000
-0.000000 -2.540000 0.000000
-0.000000 -2.540000 0.000000
-0.000000 -2.540000 0.000000
-0.000000 -2.540000 0.000000
-0.000000 -2.540000 0.000000
-0.000000 -2.540000 0.000000
-0.000000 -2.540000 0.000000
-0.000000 -2.540000 0.000000
-0.000000 -2.540000 0.000000
-0.000000 -2.540000 0.000000
-0.000000 -2.540000 0.000000
-0.000000 -2.540000 0.000000
-0.000000 -2.540000 0.000000
-0.000000 -2.540000 0.000000
-0.000000 -2.540000 0.000000
-0.000000 -2.540000 0.000000
-0.000000 -2.540000 0.000000
-0.000000 -2.540000 0.000000
-0.000000 -2.540000 0.000000
-0.000000 -2.540000 0.000000
-0.000000 -2.540000 0.000000
-0.000000 -2.540000 0.000000
-0.000000 -2.540000 0.000000
-0.000000 -2.540000 0.000000
-0.000000 -2.540000 0.000000
-0.000000 -2.540000 0.000000
-0.000000 -2.540000 0.000000
-0.000000 -2.540000 0.000000
-0.000000 -2.540000 0.000000
-0.000000 -2.540000 0.000000
-0.000000 -2.540000 0.000000
-0.000000 -2.540000 0.000000
-0.000000 -2.540000 0.000000
-0.000000 -2.540000 0.000000
-0.000000 -2.540000 0.000000
-0.000000 -2.540000 0.000000
-0.000000 -2.540000 0.000000
-0.000000 -2.540000 0.000000
-0.000000 -2.540000 0.000000
-0.000000 -2.540000 0.000000
-0.000000 -2.540000 0.000000
-0.000000 -2.540000 0.000000
-0.000000 -2.540000 0.000000
-0.000000 -2.540000 0.000000
-0.000000 -2.540000 0.000000
-0.000000 -2.540000 0.000000
-0.000000 -2.540000 0.000000
-0.000000 -2.540000 0.000000
-0.000000 -2.540000 0.000000
-0.000000 -2.540000 0.000000
-0.000000 -2.540000 0.000000
-0.000000 -2.540000 0.000000
-0.000000 -2.540000 0.000000
-0.000000 -2.540000 0.000000
-0.000000 -2.540000 0.000000
-0.000000 -2.540000 0.000000
-0.000000 -2.540000 0.000000
-0.000000 -2.540000 0.000000
-0.000000 -2.540000 0.000000
-0.000000 -2.540000 0.000000
-0.000000 -2.540000 0.000000
-0.000000 -2.540000 0.000000
-0.000000 -2.540000 0.000000
-0.000000 -2.540000 0.000000
-0.000000 -2.540000 0.000000
-0.000000 -2.540000 0.000000
-0.000000 -2.540000 0.000000
-0.000000 -2.540000 0.000000
-0.000000 -2.540000 0.000000
-0.000000 -2.540000 0.000000
-0.000000 -2.540000 0.000000
-0.000000 -2.540000 0.000000
-0.000000 -2.540000 0.000000
-0.000000 -2.540000 0.000000
-0.000000 -2.540000 0.000000
-0.000000 -2.540000 0.000000
-0.000000 -2.540000 0.000000
-0.000000 -2.540000 0.000000
-0.000000 -2.540000 0.000000
-0.000000 -2.540000 0.000000
-0.000000 -2.540000 0.000000
-0.000000 -2.540000 0.000000
-0.000000 -2.540000 0.000000
-0.000000 -2.540000 0.000000
-0.000000 -2.540000 0.000000
-0.000000 -2.540000 0.000000
-0.000000 -2.540000 0.000000
-0.000000 -2.540000 0.000000
-0.000000 -2.540000 0.000000
-0.000000 -2.540000 0.000000
-0.000000 -2.540000 0.000000
-0.000000 -2.540000 0.000000
-0.000000 -2.540000 0.000000
-0.000000 -2.540000 0.000000
-0.000000 -2.540000 0.000000
-0.000000 -2.540000 0.000000
-0.000000 -2.540000 0.000000
-0.000000 -2.540000 0.000000
-0.000000 -2.540000 0.000000
-0.000000 -2.540000 0.000000
-0.000000 -2.540000 0.000000
-0.000000 -2.540000 0.000000
-0.000000 -2.540000 0.000000
-0.000000 -2.540000 0.000000
-0.000000 -2.540000 0.000000
-0.000000 -2.540000 0.000000
-0.000000 -2.540000 0.000000
-0.000000 -2.540000 0.000000
-0.000000 -2.540000 0.000000
-0.000000 -2.540000 0.000000
-0.000000 -2.540000 0.000000
-0.000000 -2.540000 0.000000
-0.000000 -2.540000 0.000000
-0.000000 -2.540000 0.000000
-0.000000 -2.540000 0.000000
-0.000000 -2.540000 0.000000
-0.000000 -2.540000 0.000000
-0.000000 -2.540000 0.000000
-0.000000 -2.540000 0.000000
-0.000000 -2.540000 0.000000
-0.000000 -2.540000 0.000000
-0.000000 -2.540000 0.000000
-0.000000 -2.540000 0.000000
-0.000000 -2.540000 0.000000
-0.000000 -2.540000 0.000000
-0.000000 -2.540000 0.000000
-0.000000 -2.540000 0.000000
-0.000000 -2.540000 0.000000
-0.000000 -2.540000 0.000000
-0.000000 -2.540000 0.000000
-0.000000 -2.540000 0.000000
-0.000000 -2.540000 0.000000
-0.000000 -2.540000 0.000000
-0.000000 -2.540000 0.000000
-0.000000 -2.540000 0.000000
-0.000000 -2.540000 0.000000
-0.000000 -2.540000 0.000000
-0.000000 -2.540000 0.000000
-0.000000 -2.540000 0.000000
-0.000000 -2.540000 0.000000
-0.000000 -2.540000 0.000000
-0.000000 -2.540000 0.000000
-0.000000 -2.540000 0.000000
-0.000000 -2.540000 0.000000
-0.000000 -2.540000 0.000000
-0.000000 -2.540000 0.000000
-0.000000 -2.540000 0.000000
-0.000000 -2.540000 0.000000
-0.000000 -2.540000 0.000000
-0.000000 -2.540000 0.000000
-0.000000 -2.540000 0.000000
-0.000000 -2.540000 0.000000
-0.000000 -2.540000 0.000000
-0.000000 -2.540000 0.000000
-0.000000 -2.540000 0.000000
-0.000000 -2.540000 0.000000
-0.000000 -2.540000 0.000000
-0.000000 -2.540000 0.000000
-0.000000 -2.540000 0.000000
-0.000000 -2.540000 0.000000
-0.000000 -2.540000 0.000000
-0.000000 -2.540000 0.000000
-0.000000 -2.540000 0.000000
-0.000000 -2.540000 0.000000
-0.000000 -2.540000 0.000000
-0.000000 -2.540000 0.000000
-0.000000 -2.540000 0.000000
-0.000000 -2.540000 0.000000
-0.000000 -2.540000 0.000000
-0.000000 -2.540000 0.000000
-0.000000 -2.540000 0.000000
-0.000000 -2.540000 0.000000
-0.000000 -2.540000 0.000000
-0.000000 -2.540000 0.000000
-0.000000 -2.540000 0.000000
-0.000000 -2.540000 0.000000
-0.000000 -2.540000 0.000000
-0.000000 -2.540000 0.000000
-0.000000 -2.540000 0.000000
-0.000000 -2.540000 0.000000
-0.000000 -2.540000 0.000000
-0.000000 -2.540000 0.000000
-0.000000 -2.540000 0.000000
-0.000000 -2.540000 0.000000
-0.000000 -2.540000 0.000000
-0.000000 -2.540000 0.000000
-0.000000 -2.540000 0.000000
-0.000000 -2.540000 0.000000
-0.000000 -2.540000 0.000000
-0.000000 -2.540000 0.000000
-0.000000 -2.540000 0.000000
-0.000000 -2.540000 0.000000
-0.000000 -2.540000 0.000000
-0.000000 -2.540000 0.000000
-0.000000 -2.540000 0.000000
-0.000000 -2.540000 0.000000
-0.000000 -2.540000 0.000000
-0.000000 -2.540000 0.000000
-0.000000 -2.540000 0.000000
-0.000000 -2.540000 0.000000
-0.000000 -2.540000 0.000000
-0.000000 -2.540000 0.000000
-0.000000 -2.540000 0.000000
-0.000000 -2.540000 0.000000
-0.000000 -2.540000 0.000000
-0.000000 -2.540000 0.000000
-0.000000 -2.540000 0.000000
-0.000000 -2.540000 0.000000
-0.000000 -2.540000 0.000000
-0.000000 -2.540000 0.000000
-0.000000 -2.540000 0.000000
-0.000000 -2.540000 0.000000
-0.000000 -2.540000 0.000000
-0.000000 -2.540000 0.000000
-0.000000 -2.540000 0.000000
-0.000000 -2.540000 0.000000
-0.000000 -2.540000 0.000000
-0.000000 -2.540000 0.000000
-0.000000 -2.540000 0.000000
-0.000000 -2.540000 0.000000
-0.000000 -2.540000 0.000000
-0.000000 -2.540000 0.000000
-0.000000 -2.540000 0.000000
-0.000000 -2.540000 0.000000
-0.000000 -2.540000 0.000000
-0.000000 -2.540000 0.000000
-0.000000 -2.540000 0.000000
-0.000000 -2.540000 0.000000
-0.000000 -2.540000 0.000000
-0.000000 -2.540000 0.000000
-0.000000 -2.540000 0.000000
-0.000000 -2.540000 0.000000
-0.000000 -2.540000 0.000000
2.540000 -0.000000 0.000000
2.540000 -0.000000 0.000000
2.466192 -0.000000 -0.607862
2.466192 -0.000000 -0.607862
2.540000 -0.000000 0.000000
2.466192 -0.000000 -0.607862
2.466192 -0.000000 -0.607862
2.466192 -0.000000 -0.607862
2.249058 -0.000000 -1.180397
2.249058 -0.000000 -1.180397
2.466192 -0.000000 -0.607862
2.249058 -0.000000 -1.180397
2.249058 -0.000000 -1.180397
2.249058 -0.000000 -1.180397
1.901217 -0.000000 -1.684332
1.901217 -0.000000 -1.684332
2.249058 -0.000000 -1.180397
1.901217 -0.000000 -1.684332
1.901217 -0.000000 -1.684332
1.901217 -0.000000 -1.684332
1.442884 -0.000000 -2.090379
1.442884 -0.000000 -2.090379
1.901217 -0.000000 -1.684332
1.442884 -0.000000 -2.090379
1.442884 -0.000000 -2.090379
1.442884 -0.000000 -2.090379
0.900696 -0.000000 -2.374941
0.900696 -0.000000 -2.374941
1.442884 -0.000000 -2.090379
0.900696 -0.000000 -2.374941
0.900696 -0.000000 -2.374941
0.900696 -0.000000 -2.374941
0.306163 -0.000000 -2.521481
0.306163 -0.000000 -2.521481
0.900696 -0.000000 -2.374941
0.306163 -0.000000 -2.521481
0.306163 -0.000000 -2.521481
0.306163 -0.000000 -2.521481
-0.306163 0.000000 -2.521481
-0.306163 0.000000 -2.521481
0.306163 -0.000000 -2.521481
-0.306163 0.000000 -2.521481
-0.306163 0.000000 -2.521481
-0.306163 0.000000 -2.521481
-0.900696 0.000000 -2.374941
-0.900696 0.000000 -2.374941
-0.306163 0.000000 -2.521481
-0.900696 0.000000 -2.374941
-0.900696 0.000000 -2.374941
-0.900696 0.000000 -2.374941
-1.442884 0.000000 -2.090379
-1.442884 0.000000 -2.090379
-0.900696 0.000000 -2.374941
-1.442884 0.000000 -2.090379
-1.442884 0.000000 -2.090379
-1.442884 0.000000 -2.090379
-1.901217 0.000000 -1.684332
-1.901217 0.000000 -1.684332
-1.442884 0.000000 -2.090379
-1.901217 0.000000 -1.684332
-1.901217 0.000000 -1.684332
-1.901217 0.000000 -1.684332
-2.249058 0.000000 -1.180397
-2.249058 0.000000 -1.180397
-1.901217 0.000000 -1.684332
-2.249058 0.000000 -1.180397
-2.249058 0.000000 -1.180397
-2.249058 0.000000 -1.180397
-2.466192 0.000000 -0.607862
-2.466192 0.000000 -0.607862
-2.249058 0.000000 -1.180397
-2.466192 0.000000 -0.607862
-2.466192 0.000000 -0.607862
-2.466192 0.000000 -0.607862
-2.540000 0.000000 0.000000
-2.540000 0.000000 0.000000
-2.466192 0.000000 -0.607862
-2.540000 0.000000 0.000000
-0.000000 -2.540000 0.000000
-0.000000 -2.540000 0.000000
-0.000000 -2.540000 0.000000
-0.000000 -2.540000 0.000000
-0.000000 -2.540000 0.000000
-0.000000 -2.540000 0.000000
-0.000000 -2.540000 0.000000
-0.000000 -2.540000 0.000000
-0.000000 -2.540000 0.000000
-0.000000 -2.540000 0.000000
-0.000000 -2.540000 0.000000
-0.000000 -2.540000 0.000000
-0.000000 -2.540000 0.000000
-0.000000 -2.540000 0.000000
-0.000000 -2.540000 0.000000
-0.000000 -2.540000 0.000000
-0.000000 -2.540000 0.000000
-0.000000 -2.540000 0.000000
-0.000000 -2.540000 0.000000
-0.000000 -2.540000 0.000000
-0.000000 -2.540000 0.000000
-0.000000 -2.540000 0.000000
-0.000000 -2.540000 0.000000
-0.000000 -2.540000 0.000000
-0.000000 -2.540000 0.000000
-0.000000 -2.540000 0.000000
-0.000000 -2.540000 0.000000
-0.000000 -2.540000 0.000000
-0.000000 -2.540000 0.000000
-0.000000 -2.540000 0.000000
-0.000000 -2.540000 0.000000
-0.000000 -2.540000 0.000000
-0.000000 -2.540000 0.000000
-0.000000 -2.540000 0.000000
-0.000000 -2.540000 0.000000
-0.000000 -2.540000 0.000000
-0.000000 -2.540000 0.000000
-0.000000 -2.540000 0.000000
-0.000000 -2.540000 0.000000
-0.000000 -2.540000 0.000000
-0.000000 -2.540000 0.000000
-0.000000 -2.540000 0.000000
-0.000000 -2.540000 0.000000
-0.000000 -2.540000 0.000000
-0.000000 -2.540000 0.000000
-0.000000 -2.540000 0.000000
-0.000000 -2.540000 0.000000
-0.000000 -2.540000 0.000000
-0.000000 -2.540000 0.000000
-0.000000 -2.540000 0.000000
-0.000000 -2.540000 0.000000
-0.000000 -2.540000 0.000000
-0.000000 -2.540000 0.000000
-0.000000 -2.540000 0.000000
-0.000000 -2.540000 0.000000
-0.000000 -2.540000 0.000000
-0.000000 -2.540000 0.000000
-0.000000 -2.540000 0.000000
-0.000000 -2.540000 0.000000
-0.000000 -2.540000 0.000000
-0.000000 -2.540000 0.000000
-0.000000 -2.540000 0.000000
-0.000000 -2.540000 0.000000
-0.000000 -2.540000 0.000000
-0.000000 -2.540000 0.000000
-0.000000 -2.540000 0.000000
-0.000000 -2.540000 0.000000
-0.000000 -2.540000 0.000000
-0.000000 -2.540000 0.000000
-0.000000 -2.540000 0.000000
-0.000000 -2.540000 0.000000
-0.000000 -2.540000 0.000000
-0.000000 -2.540000 0.000000
-0.000000 -2.540000 0.000000
-0.000000 -2.540000 0.000000
-0.000000 -2.540000 0.000000
-0.000000 -2.540000 0.000000
-0.000000 -2.540000 0.000000
-0.000000 -2.540000 0.000000
-0.000000 -2.540000 0.000000
-0.000000 -2.540000 0.000000
-0.000000 -2.540000 0.000000
-0.000000 -2.540000 0.000000
-0.000000 -2.540000 0.000000
-0.000000 -2.540000 0.000000
-0.000000 -2.540000 0.000000
-0.000000 -2.540000 0.000000
-0.000000 -2.540000 0.000000
-0.000000 -2.540000 0.000000
-0.000000 -2.540000 0.000000
-0.000000 -2.540000 0.000000
-0.000000 -2.540000 0.000000
-0.000000 -2.540000 0.000000
-0.000000 -2.540000 0.000000
-0.000000 -2.540000 0.000000
-0.000000 -2.540000 0.000000
-0.000000 -2.540000 0.000000
-0.000000 -2.540000 0.000000
-0.000000 -2.540000 0.000000
-0.000000 -2.540000 0.000000
-0.000000 -2.540000 0.000000
-0.000000 -2.540000 0.000000
-0.000000 -2.540000 0.000000
-0.000000 -2.540000 0.000000
-0.000000 -2.540000 0.000000
-0.000000 -2.540000 0.000000
-0.000000 -2.540000 0.000000
-0.000000 -2.540000 0.000000
-0.000000 -2.540000 0.000000
-0.000000 -2.540000 0.000000
-0.000000 -2.540000 0.000000
-0.000000 -2.540000 0.000000
-0.000000 -2.540000 0.000000
-0.000000 -2.540000 0.000000
-0.000000 -2.540000 0.000000
-0.000000 -2.540000 0.000000
-0.000000 -2.540000 0.000000
-0.000000 -2.540000 0.000000
-0.000000 -2.540000 0.000000
-0.000000 -2.540000 0.000000
-0.000000 -2.540000 0.000000
-0.000000 -2.540000 0.000000
-0.000000 -2.540000 0.000000
-0.000000 -2.540000 0.000000
-0.000000 -2.540000 0.000000
-0.000000 -2.540000 0.000000
-0.000000 -2.540000 0.000000
-0.000000 -2.540000 0.000000
-0.000000 -2.540000 0.000000
-0.000000 -2.540000 0.000000
-0.000000 -2.540000 0.000000
-0.000000 -2.540000 0.000000
-0.000000 -2.540000 0.000000
-0.000000 -2.540000 0.000000
-0.000000 -2.540000 0.000000
-0.000000 -2.540000 0.000000
-0.000000 -2.540000 0.000000
-0.000000 -2.540000 0.000000
-0.000000 -2.540000 0.000000
-0.000000 -2.540000 0.000000
-0.000000 -2.540000 0.000000
-0.000000 -2.540000 0.000000
-0.000000 -2.540000 0.000000
-0.000000 -2.540000 0.000000
-0.000000 -2.540000 0.000000
-0.000000 -2.540000 0.000000
-0.000000 -2.540000 0.000000
-0.000000 -2.540000 0.000000
-0.000000 -2.540000 0.000000
-0.000000 -2.540000 0.000000
-0.000000 -2.540000 0.000000
-0.000000 -2.540000 0.000000
-0.000000 -2.540000 0.000000
-0.000000 -2.540000 0.000000
-0.000000 -2.540000 0.000000
-0.000000 -2.540000 0.000000
2.540000 -0.000000 0.000000
2.540000 -0.000000 0.000000
2.466192 -0.000000 -0.607862
2.466192 -0.000000 -0.607862
2.540000 -0.000000 0.000000
2.466192 -0.000000 -0.607862
2.466192 -0.000000 -0.607862
2.466192 -0.000000 -0.607862
2.249058 -0.000000 -1.180397
2.249058 -0.000000 -1.180397
2.466192 -0.000000 -0.607862
2.249058 -0.000000 -1.180397
2.249058 -0.000000 -1.180397
2.249058 -0.000000 -1.180397
1.901217 -0.000000 -1.684332
1.901217 -0.000000 -1.684332
2.249058 -0.000000 -1.180397
1.901217 -0.000000 -1.684332
1.901217 -0.000000 -1.684332
1.901217 -0.000000 -1.684332
1.442884 -0.000000 -2.090379
1.442884 -0.000000 -2.090379
1.901217 -0.000000 -1.684332
1.442884 -0.000000 -2.090379
1.442884 -0.000000 -2.090379
1.442884 -0.000000 -2.090379
0.900696 -0.000000 -2.374941
0.900696 -0.000000 -2.374941
1.442884 -0.000000 -2.090379
0.900696 -0.000000 -2.374941
0.900696 -0.000000 -2.374941
0.900696 -0.000000 -2.374941
0.306163 -0.000000 -2.521481
0.306163 -0.000000 -2.521481
0.900696 -0.000000 -2.374941
0.306163 -0.000000 -2.521481
0.306163 -0.000000 -2.521481
0.306163 -0.000000 -2.521481
-0.306163 0.000000 -2.521481
-0.306163 0.000000 -2.521481
0.306163 -0.000000 -2.521481
-0.306163 0.000000 -2.521481
-0.306163 0.000000 -2.521481
-0.306163 0.000000 -2.521481
-0.900696 0.000000 -2.374941
-0.900696 0.000000 -2.374941
-0.306163 0.000000 -2.521481
-0.900696 0.000000 -2.374941
-0.900696 0.000000 -2.374941
-0.900696 0.000000 -2.374941
-1.442884 0.000000 -2.090379
-1.442884 0.000000 -2.090379
-0.900696 0.000000 -2.374941
-1.442884 0.000000 -2.090379
-1.442884 0.000000 -2.090379
-1.442884 0.000000 -2.090379
-1.901217 0.000000 -1.684332
-1.901217 0.000000 -1.684332
-1.442884 0.000000 -2.090379
-1.901217 0.000000 -1.684332
-1.901217 0.000000 -1.684332
-1.901217 0.000000 -1.684332
-2.249058 0.000000 -1.180397
-2.249058 0.000000 -1.180397
-1.901217 0.000000 -1.684332
-2.249058 0.000000 -1.180397
-2.249058 0.000000 -1.180397
-2.249058 0.000000 -1.180397
-2.466192 0.000000 -0.607862
-2.466192 0.000000 -0.607862
-2.249058 0.000000 -1.180397
-2.466192 0.000000 -0.607862
-2.466192 0.000000 -0.607862
-2.466192 0.000000 -0.607862
-2.540000 0.000000 0.000000
-2.540000 0.000000 0.000000
-2.466192 0.000000 -0.607862
-2.540000 0.000000 0.000000
-0.000000 -2.540000 0.000000
-0.000000 -2.540000 0.000000
-0.000000 -2.540000 0.000000
-0.000000 -2.540000 0.000000
-0.000000 -2.540000 0.000000
-0.000000 -2.540000 0.000000
-0.000000 -2.540000 0.000000
-0.000000 -2.540000 0.000000
-0.000000 -2.540000 0.000000
-0.000000 -2.540000 0.000000
-0.000000 -2.540000 0.000000
-0.000000 -2.540000 0.000000
-0.000000 -2.540000 0.000000
-0.000000 -2.540000 0.000000
-0.000000 -2.540000 0.000000
-0.000000 -2.540000 0.000000
-0.000000 -2.540000 0.000000
-0.000000 -2.540000 0.000000
-0.000000 -2.540000 0.000000
-0.000000 -2.540000 0.000000
-0.000000 -2.540000 0.000000
-0.000000 -2.540000 0.000000
-0.000000 -2.540000 0.000000
-0.000000 -2.540000 0.000000
-0.000000 -2.540000 0.000000
-0.000000 -2.540000 0.000000
-0.000000 -2.540000 0.000000
-0.000000 -2.540000 0.000000
-0.000000 -2.540000 0.000000
-0.000000 -2.540000 0.000000
-0.000000 -2.540000 0.000000
-0.000000 -2.540000 0.000000
-0.000000 -2.540000 0.000000
-0.000000 -2.540000 0.000000
-0.000000 -2.540000 0.000000
-0.000000 -2.540000 0.000000
-0.000000 -2.540000 0.000000
-0.000000 -2.540000 0.000000
-0.000000 -2.540000 0.000000
-0.000000 -2.540000 0.000000
-0.000000 -2.540000 0.000000
-0.000000 -2.540000 0.000000
-0.000000 -2.540000 0.000000
-0.000000 -2.540000 0.000000
-0.000000 -2.540000 0.000000
-0.000000 -2.540000 0.000000
-0.000000 -2.540000 0.000000
-0.000000 -2.540000 0.000000
-0.000000 -2.540000 0.000000
-0.000000 -2.540000 0.000000
-0.000000 -2.540000 0.000000
-0.000000 -2.540000 0.000000
-0.000000 -2.540000 0.000000
-0.000000 -2.540000 0.000000
-0.000000 -2.540000 0.000000
-0.000000 -2.540000 0.000000
-0.000000 -2.540000 0.000000
-0.000000 -2.540000 0.000000
-0.000000 -2.540000 0.000000
-0.000000 -2.540000 0.000000
-0.000000 -2.540000 0.000000
-0.000000 -2.540000 0.000000
-0.000000 -2.540000 0.000000
-0.000000 -2.540000 0.000000
-0.000000 -2.540000 0.000000
-0.000000 -2.540000 0.000000
-0.000000 -2.540000 0.000000
-0.000000 -2.540000 0.000000
-0.000000 -2.540000 0.000000
-0.000000 -2.540000 0.000000
-0.000000 -2.540000 0.000000
-0.000000 -2.540000 0.000000
-0.000000 -2.540000 0.000000
-0.000000 -2.540000 0.000000
-0.000000 -2.540000 0.000000
-0.000000 -2.540000 0.000000
-0.000000 -2.540000 0.000000
-0.000000 -2.540000 0.000000
-0.000000 -2.540000 0.000000
-0.000000 -2.540000 0.000000
-0.000000 -2.540000 0.000000
-0.000000 -2.540000 0.000000
-0.000000 -2.540000 0.000000
-0.000000 -2.540000 0.000000
-0.000000 -2.540000 0.000000
-0.000000 -2.540000 0.000000
-0.000000 -2.540000 0.000000
-0.000000 -2.540000 0.000000
-0.000000 -2.540000 0.000000
-0.000000 -2.540000 0.000000
-0.000000 -2.540000 0.000000
-0.000000 -2.540000 0.000000
-0.000000 -2.540000 0.000000
-0.000000 -2.540000 0.000000
-0.000000 -2.540000 0.000000
-0.000000 -2.540000 0.000000
-0.000000 -2.540000 0.000000
-0.000000 -2.540000 0.000000
-0.000000 -2.540000 0.000000
-0.000000 -2.540000 0.000000
-0.000000 -2.540000 0.000000
-0.000000 -2.540000 0.000000
-0.000000 -2.540000 0.000000
-0.000000 -2.540000 0.000000
-0.000000 -2.540000 0.000000
-0.000000 -2.540000 0.000000
-0.000000 -2.540000 0.000000
-0.000000 -2.540000 0.000000
-0.000000 -2.540000 0.000000
-0.000000 -2.540000 0.000000
-0.000000 -2.540000 0.000000
-0.000000 -2.540000 0.000000
-0.000000 -2.540000 0.000000
-0.000000 -2.540000 0.000000
-0.000000 -2.540000 0.000000
-0.000000 -2.540000 0.000000
-0.000000 -2.540000 0.000000
-0.000000 -2.540000 0.000000
-0.000000 -2.540000 0.000000
-0.000000 -2.540000 0.000000
-0.000000 -2.540000 0.000000
-0.000000 -2.540000 0.000000
-0.000000 -2.540000 0.000000
-0.000000 -2.540000 0.000000
-0.000000 -2.540000 0.000000
-0.000000 -2.540000 0.000000
-0.000000 -2.540000 0.000000
-0.000000 -2.540000 0.000000
-0.000000 -2.540000 0.000000
-0.000000 -2.540000 0.000000
-0.000000 -2.540000 0.000000
-0.000000 -2.540000 0.000000
-0.000000 -2.540000 0.000000
-0.000000 -2.540000 0.000000
-0.000000 -2.540000 0.000000
-0.000000 -2.540000 0.000000
-0.000000 -2.540000 0.000000
-0.000000 -2.540000 0.000000
-0.000000 -2.540000 0.000000
-0.000000 -2.540000 0.000000
-0.000000 -2.540000 0.000000
-0.000000 -2.540000 0.000000
-0.000000 -2.540000 0.000000
-0.000000 -2.540000 0.000000
-0.000000 -2.540000 0.000000
-0.000000 -2.540000 0.000000
-0.000000 -2.540000 0.000000
-0.000000 -2.540000 0.000000
-0.000000 -2.540000 0.000000
-0.000000 -2.540000 0.000000
-0.000000 -2.540000 0.000000
-0.000000 -2.540000 0.000000
-0.000000 -2.540000 0.000000
-0.000000 -2.540000 0.000000
-0.000000 -2.540000 0.000000
-0.000000 -2.540000 0.000000
2.540000 -0.000000 0.000000
2.540000 -0.000000 0.000000
2.466192 -0.000000 -0.607862
2.466192 -0.000000 -0.607862
2.540000 -0.000000 0.000000
2.466192 -0.000000 -0.607862
2.466192 -0.000000 -0.607862
2.466192 -0.000000 -0.607862
2.249058 -0.000000 -1.180397
2.249058 -0.000000 -1.180397
2.466192 -0.000000 -0.607862
2.249058 -0.000000 -1.180397
2.249058 -0.000000 -1.180397
2.249058 -0.000000 -1.180397
1.901217 -0.000000 -1.684332
1.901217 -0.000000 -1.684332
2.249058 -0.000000 -1.180397
1.901217 -0.000000 -1.684332
1.901217 -0.000000 -1.684332
1.901217 -0.000000 -1.684332
1.442884 -0.000000 -2.090379
1.442884 -0.000000 -2.090379
1.901217 -0.000000 -1.684332
1.442884 -0.000000 -2.090379
1.442884 -0.000000 -2.090379
1.442884 -0.000000 -2.090379
0.900696 -0.000000 -2.374941
0.900696 -0.000000 -2.374941
1.442884 -0.000000 -2.090379
0.900696 -0.000000 -2.374941
0.900696 -0.000000 -2.374941
0.900696 -0.000000 -2.374941
0.306163 -0.000000 -2.521481
0.306163 -0.000000 -2.521481
0.900696 -0.000000 -2.374941
0.306163 -0.000000 -2.521481
0.306163 -0.000000 -2.521481
0.306163 -0.000000 -2.521481
-0.306163 0.000000 -2.521481
-0.306163 0.000000 -2.521481
0.306163 -0.000000 -2.521481
-0.306163 0.000000 -2.521481
-0.306163 0.000000 -2.521481
-0.306163 0.000000 -2.521481
-0.900696 0.000000 -2.374941
-0.900696 0.000000 -2.374941
-0.306163 0.000000 -2.521481
-0.900696 0.000000 -2.374941
-0.900696 0.000000 -2.374941
-0.900696 0.000000 -2.374941
-1.442884 0.000000 -2.090379
-1.442884 0.000000 -2.090379
-0.900696 0.000000 -2.374941
-1.442884 0.000000 -2.090379
-1.442884 0.000000 -2.090379
-1.442884 0.000000 -2.090379
-1.901217 0.000000 -1.684332
-1.901217 0.000000 -1.684332
-1.442884 0.000000 -2.090379
-1.901217 0.000000 -1.684332
-1.901217 0.000000 -1.684332
-1.901217 0.000000 -1.684332
-2.249058 0.000000 -1.180397
-2.249058 0.000000 -1.180397
-1.901217 0.000000 -1.684332
-2.249058 0.000000 -1.180397
-2.249058 0.000000 -1.180397
-2.249058 0.000000 -1.180397
-2.466192 0.000000 -0.607862
-2.466192 0.000000 -0.607862
-2.249058 0.000000 -1.180397
-2.466192 0.000000 -0.607862
-2.466192 0.000000 -0.607862
-2.466192 0.000000 -0.607862
-2.540000 0.000000 0.000000
-2.540000 0.000000 0.000000
-2.466192 0.000000 -0.607862
-2.540000 0.000000 0.000000
-0.000000 -2.540000 0.000000
-0.000000 -2.540000 0.000000
-0.000000 -2.540000 0.000000
-0.000000 -2.540000 0.000000
-0.000000 -2.540000 0.000000
-0.000000 -2.540000 0.000000
-0.000000 -2.540000 0.000000
-0.000000 -2.540000 0.000000
-0.000000 -2.540000 0.000000
-0.000000 -2.540000 0.000000
-0.000000 -2.540000 0.000000
-0.000000 -2.540000 0.000000
-0.000000 -2.540000 0.000000
-0.000000 -2.540000 0.000000
-0.000000 -2.540000 0.000000
-0.000000 -2.540000 0.000000
-0.000000 -2.540000 0.000000
-0.000000 -2.540000 0.000000
-0.000000 -2.540000 0.000000
-0.000000 -2.540000 0.000000
-0.000000 -2.540000 0.000000
-0.000000 -2.540000 0.000000
-0.000000 -2.540000 0.000000
-0.000000 -2.540000 0.000000
-0.000000 -2.540000 0.000000
-0.000000 -2.540000 0.000000
-0.000000 -2.540000 0.000000
-0.000000 -2.540000 0.000000
-0.000000 -2.540000 0.000000
-0.000000 -2.540000 0.000000
-0.000000 -2.540000 0.000000
-0.000000 -2.540000 0.000000
-0.000000 -2.540000 0.000000
-0.000000 -2.540000 0.000000
-0.000000 -2.540000 0.000000
-0.000000 -2.540000 0.000000
-0.000000 -2.540000 0.000000
-0.000000 -2.540000 0.000000
-0.000000 -2.540000 0.000000
-0.000000 -2.540000 0.000000
-0.000000 -2.540000 0.000000
-0.000000 -2.540000 0.000000
-0.000000 -2.540000 0.000000
-0.000000 -2.540000 0.000000
-0.000000 -2.540000 0.000000
-0.000000 -2.540000 0.000000
-0.000000 -2.540000 0.000000
-0.000000 -2.540000 0.000000
-0.000000 -2.540000 0.000000
-0.000000 -2.540000 0.000000
-0.000000 -2.540000 0.000000
-0.000000 -2.540000 0.000000
-0.000000 -2.540000 0.000000
-0.000000 -2.540000 0.000000
-0.000000 -2.540000 0.000000
-0.000000 -2.540000 0.000000
-0.000000 -2.540000 0.000000
-0.000000 -2.540000 0.000000
-0.000000 -2.540000 0.000000
-0.000000 -2.540000 0.000000
-0.000000 -2.540000 0.000000
-0.000000 -2.540000 0.000000
-0.000000 -2.540000 0.000000
-0.000000 -2.540000 0.000000
-0.000000 -2.540000 0.000000
-0.000000 -2.540000 0.000000
-0.000000 -2.540000 0.000000
-0.000000 -2.540000 0.000000
-0.000000 -2.540000 0.000000
-0.000000 -2.540000 0.000000
-0.000000 -2.540000 0.000000
-0.000000 -2.540000 0.000000
0.000000 0.000000 2.540000
0.000000 0.000000 2.540000
-0.607862 0.000000 2.466192
-0.607862 0.000000 2.466192
0.000000 0.000000 2.540000
-0.607862 0.000000 2.466192
-0.607862 0.000000 2.466192
-0.607862 0.000000 2.466192
-1.180397 0.000000 2.249058
-1.180397 0.000000 2.249058
-0.607862 0.000000 2.466192
-1.180397 0.000000 2.249058
-1.180397 0.000000 2.249058
-1.180397 0.000000 2.249058
-1.684332 0.000000 1.901217
-1.684332 0.000000 1.901217
-1.180397 0.000000 2.249058
-1.684332 0.000000 1.901217
-1.684332 0.000000 1.901217
-1.684332 0.000000 1.901217
-2.090379 0.000000 1.442884
-2.090379 0.000000 1.442884
-1.684332 0.000000 1.901217
-2.090379 0.000000 1.442884
-2.090379 0.000000 1.442884
-2.090379 0.000000 1.442884
-2.374941 0.000000 0.900696
-2.374941 0.000000 0.900696
-2.090379 0.000000 1.442884
-2.374941 0.000000 0.900696
-2.374941 0.000000 0.900696
-2.374941 0.000000 0.900696
-2.521481 0.000000 0.306163
-2.521481 0.000000 0.306163
-2.374941 0.000000 0.900696
-2.521481 0.000000 0.306163
-2.521481 0.000000 0.306163
-2.521481 0.000000 0.306163
-2.521481 0.000000 -0.306163
-2.521481 0.000000 -0.306163
-2.521481 0.000000 0.306163
-2.521481 0.000000 -0.306163
-2.521481 0.000000 -0.306163
-2.521481 0.000000 -0.306163
-2.374941 0.000000 -0.900696
-2.374941 0.000000 -0.900696
-2.521481 0.000000 -0.306163
-2.374941 0.000000 -0.900696
-2.374941 0.000000 -0.900696
-2.374941 0.000000 -0.900696
-2.090379 -0.000000 -1.442884
-2.090379 -0.000000 -1.442884
-2.374941 0.000000 -0.900696
-2.090379 -0.000000 -1.442884
-2.090379 -0.000000 -1.442884
-2.090379 -0.000000 -1.442884
-1.684332 -0.000000 -1.901217
-1.684332 -0.000000 -1.901217
-2.090379 -0.000000 -1.442884
-1.684332 -0.000000 -1.901217
-1.684332 -0.000000 -1.901217
-1.684332 -0.000000 -1.901217
-1.180397 -0.000000 -2.249058
-1.180397 -0.000000 -2.249058
-1.684332 -0.000000 -1.901217
-1.180397 -0.000000 -2.249058
-1.180397 -0.000000 -2.249058
-1.180397 -0.000000 -2.249058
-0.607862 -0.000000 -2.466192
-0.607862 -0.000000 -2.466192
-1.180397 -0.000000 -2.249058
-0.607862 -0.000000 -2.466192
-0.607862 -0.000000 -2.466192
-0.607862 -0.000000 -2.466192
0.000000 -0.000000 -2.540000
0.000000 -0.000000 -2.540000
-0.607862 -0.000000 -2.466192
0.000000 -0.000000 -2.540000
-0.000000 -2.540000 0.000000
-0.000000 -2.540000 0.000000
-0.000000 -2.540000 0.000000
-0.000000 -2.540000 0.000000
-0.000000 -2.540000 0.000000
-0.000000 -2.540000 0.000000
-0.000000 -2.540000 0.000000
-0.000000 -2.540000 0.000000
-0.000000 -2.540000 0.000000
-0.000000 -2.540000 0.000000
-0.000000 -2.540000 0.000000
-0.000000 -2.540000 0.000000
-0.000000 -2.540000 0.000000
-0.000000 -2.540000 0.000000
-0.000000 -2.540000 0.000000
-0.000000 -2.540000 0.000000
-0.000000 -2.540000 0.000000
-0.000000 -2.540000 0.000000
-0.000000 -2.540000 0.000000
-0.000000 -2.540000 0.000000
-0.000000 -2.540000 0.000000
-0.000000 -2.540000 0.000000
-0.000000 -2.540000 0.000000
-0.000000 -2.540000 0.000000
-0.000000 -2.540000 0.000000
-0.000000 -2.540000 0.000000
-0.000000 -2.540000 0.000000
-0.000000 -2.540000 0.000000
-0.000000 -2.540000 0.000000
-0.000000 -2.540000 0.000000
-0.000000 -2.540000 0.000000
-0.000000 -2.540000 0.000000
-0.000000 -2.540000 0.000000
-0.000000 -2.540000 0.000000
-0.000000 -2.540000 0.000000
-0.000000 -2.540000 0.000000
-0.000000 -2.540000 0.000000
-0.000000 -2.540000 0.000000
-0.000000 -2.540000 0.000000
-0.000000 -2.540000 0.000000
-0.000000 -2.540000 0.000000
-0.000000 -2.540000 0.000000
-0.000000 -2.540000 0.000000
-0.000000 -2.540000 0.000000
-0.000000 -2.540000 0.000000
-0.000000 -2.540000 0.000000
-0.000000 -2.540000 0.000000
-0.000000 -2.540000 0.000000
-0.000000 -2.540000 0.000000
-0.000000 -2.540000 0.000000
-0.000000 -2.540000 0.000000
-0.000000 -2.540000 0.000000
-0.000000 -2.540000 0.000000
-0.000000 -2.540000 0.000000
-0.000000 -2.540000 0.000000
-0.000000 -2.540000 0.000000
-0.000000 -2.540000 0.000000
-0.000000 -2.540000 0.000000
-0.000000 -2.540000 0.000000
-0.000000 -2.540000 0.000000
-0.000000 -2.540000 0.000000
-0.000000 -2.540000 0.000000
-0.000000 -2.540000 0.000000
-0.000000 -2.540000 0.000000
-0.000000 -2.540000 0.000000
-0.000000 -2.540000 0.000000
-0.000000 -2.540000 0.000000
-0.000000 -2.540000 0.000000
-0.000000 -2.540000 0.000000
-0.000000 -2.540000 0.000000
-0.000000 -2.540000 0.000000
-0.000000 -2.540000 0.000000
0.000000 0.000000 2.540000
0.000000 0.000000 2.540000
-0.607862 0.000000 2.466192
-0.607862 0.000000 2.466192
0.000000 0.000000 2.540000
-0.607862 0.000000 2.466192
-0.607862 0.000000 2.466192
-0.607862 0.000000 2.466192
-1.180397 0.000000 2.249058
-1.180397 0.000000 2.249058
-0.607862 0.000000 2.466192
-1.180397 0.000000 2.249058
-1.180397 0.000000 2.249058
-1.180397 0.000000 2.249058
-1.684332 0.000000 1.901217
-1.684332 0.000000 1.901217
-1.180397 0.000000 2.249058
-1.684332 0.000000 1.901217
-1.684332 0.000000 1.901217
-1.684332 0.000000 1.901217
-2.090379 0.000000 1.442884
-2.090379 0.000000 1.442884
-1.684332 0.000000 1.901217
-2.090379 0.000000 1.442884
-2.090379 0.000000 1.442884
-2.090379 0.000000 1.442884
-2.374941 0.000000 0.900696
-2.374941 0.000000 0.900696
-2.090379 0.000000 1.442884
-2.374941 0.000000 0.900696
-2.374941 0.000000 0.900696
-2.374941 0.000000 0.900696
-2.521481 0.000000 0.306163
-2.521481 0.000000 0.306163
-2.374941 0.000000 0.900696
-2.521481 0.000000 0.306163
-2.521481 0.000000 0.306163
-2.521481 0.000000 0.306163
-2.521481 0.000000 -0.306163
-2.521481 0.000000 -0.306163
-2.521481 0.000000 0.306163
-2.521481 0.000000 -0.306163
-2.521481 0.000000 -0.306163
-2.521481 0.000000 -0.306163
-2.374941 0.000000 -0.900696
-2.374941 0.000000 -0.900696
-2.521481 0.000000 -0.306163
-2.374941 0.000000 -0.900696
-2.374941 0.000000 -0.900696
-2.374941 0.000000 -0.900696
-2.090379 -0.000000 -1.442884
-2.090379 -0.000000 -1.442884
-2.374941 0.000000 -0.900696
-2.090379 -0.000000 -1.442884
-2.090379 -0.000000 -1.442884
-2.090379 -0.000000 -1.442884
-1.684332 -0.000000 -1.901217
-1.684332 -0.000000 -1.901217
-2.090379 -0.000000 -1.442884
-1.684332 -0.000000 -1.901217
-1.684332 -0.000000 -1.901217
-1.684332 -0.000000 -1.901217
-1.180397 -0.000000 -2.249058
-1.180397 -0.000000 -2.249058
-1.684332 -0.000000 -1.901217
-1.180397 -0.000000 -2.249058
-1.180397 -0.000000 -2.249058
-1.180397 -0.000000 -2.249058
-0.607862 -0.000000 -2.466192
-0.607862 -0.000000 -2.466192
-1.180397 -0.000000 -2.249058
-0.607862 -0.000000 -2.466192
-0.607862 -0.000000 -2.466192
-0.607862 -0.000000 -2.466192
0.000000 -0.000000 -2.540000
0.000000 -0.000000 -2.540000
-0.607862 -0.000000 -2.466192
0.000000 -0.000000 -2.540000
0.000000 -2.540000 -0.000000
0.000000 -2.540000 -0.000000
0.000000 -2.540000 -0.000000
0.000000 -2.540000 -0.000000
0.000000 -2.540000 -0.000000
0.000000 -2.540000 -0.000000
0.000000 -2.540000 -0.000000
0.000000 -2.540000 -0.000000
0.000000 -2.540000 -0.000000
0.000000 -2.540000 -0.000000
0.000000 -2.540000 -0.000000
0.000000 -2.540000 -0.000000
0.000000 -2.540000 -0.000000
0.000000 -2.540000 -0.000000
0.000000 -2.540000 -0.000000
0.000000 -2.540000 -0.000000
0.000000 -2.540000 -0.000000
0.000000 -2.540000 -0.000000
0.000000 -2.540000 -0.000000
0.000000 -2.540000 -0.000000
0.000000 -2.540000 -0.000000
0.000000 -2.540000 -0.000000
0.000000 -2.540000 -0.000000
0.000000 -2.540000 -0.000000
0.000000 -2.540000 -0.000000
0.000000 -2.540000 -0.000000
0.000000 -2.540000 -0.000000
0.000000 -2.540000 -0.000000
0.000000 -2.540000 -0.000000
0.000000 -2.540000 -0.000000
0.000000 -2.540000 -0.000000
0.000000 -2.540000 -0.000000
0.000000 -2.540000 -0.000000
0.000000 -2.540000 -0.000000
0.000000 -2.540000 -0.000000
0.000000 -2.540000 -0.000000
0.000000 -2.540000 -0.000000
0.000000 -2.540000 -0.000000
0.000000 -2.540000 -0.000000
0.000000 -2.540000 -0.000000
0.000000 -2.540000 -0.000000
0.000000 -2.540000 -0.000000
0.000000 -2.540000 -0.000000
0.000000 -2.540000 -0.000000
0.000000 -2.540000 -0.000000
-2.540000 -0.000000 -0.000000
-2.540000 0.000000 0.000000
-2.476317 -0.000000 0.565203
-2.476317 -0.000000 0.565203
-2.540000 0.000000 0.000000
-2.476317 -0.000000 0.565203
-2.476317 -0.000000 0.565203
-2.476317 -0.000000 0.565203
-2.288461 -0.000000 1.102065
-2.288461 -0.000000 1.102065
-2.476317 -0.000000 0.565203
-2.288461 -0.000000 1.102065
-2.288461 -0.000000 1.102065
-2.288461 -0.000000 1.102065
-1.985852 -0.000000 1.583664
-1.985852 -0.000000 1.583664
-2.288461 -0.000000 1.102065
-1.985852 -0.000000 1.583664
-1.985852 -0.000000 1.583664
-1.985852 -0.000000 1.583664
-1.583664 -0.000000 1.985852
-1.583664 -0.000000 1.985852
-1.985852 -0.000000 1.583664
-1.583664 -0.000000 1.985852
-1.583664 -0.000000 1.985852
-1.583664 -0.000000 1.985852
-1.102065 -0.000000 2.288461
-1.102065 -0.000000 2.288461
-1.583664 -0.000000 1.985852
-1.102065 -0.000000 2.288461
-1.102065 -0.000000 2.288461
-1.102065 -0.000000 2.288461
-0.565203 -0.000000 2.476317
-0.565203 -0.000000 2.476317
-1.102065 -0.000000 2.288461
-0.565203 -0.000000 2.476317
-0.565203 -0.000000 2.476317
-0.565203 -0.000000 2.476317
-0.000000 -0.000000 2.540000
-0.000000 -0.000000 2.540000
-0.565203 -0.000000 2.476317
-0.000000 -0.000000 2.540000
-0.000000 -0.000000 2.540000
0.565203 -0.000000 2.476317
-0.000000 -0.000000 2.540000
-0.000000 -0.000000 2.540000
0.565203 -0.000000 2.476317
0.565203 -0.000000 2.476317
-0.000000 -0.000000 2.540000
0.565203 -0.000000 2.476317
-0.000000 -0.000000 2.540000
0.565203 -0.000000 2.476317
0.565203 -0.000000 2.476317
1.102065 -0.000000 2.288461
1.102065 -0.000000 2.288461
0.565203 -0.000000 2.476317
1.102065 -0.000000 2.288461
1.102065 -0.000000 2.288461
1.102065 -0.000000 2.288461
1.583664 -0.000000 1.985852
1.583664 -0.000000 1.985852
1.102065 -0.000000 2.288461
1.583664 -0.000000 1.985852
1.583664 -0.000000 1.985852
1.583664 -0.000000 1.985852
1.985852 -0.000000 1.583664
1.985852 -0.000000 1.583664
1.583664 -0.000000 1.985852
1.985852 -0.000000 1.583664
1.985852 -0.000000 1.583664
1.985852 -0.000000 1.583664
2.288461 0.000000 1.102065
2.288461 0.000000 1.102065
1.985852 -0.000000 1.583664
2.288461 0.000000 1.102065
2.288461 0.000000 1.102065
2.288461 0.000000 1.102065
2.476317 0.000000 0.565203
2.476317 0.000000 0.565203
2.288461 0.000000 1.102065
2.476317 0.000000 0.565203
2.476317 0.000000 0.565203
2.476317 0.000000 0.565203
2.540000 0.000000 0.000000
2.540000 0.000000 0.000000
2.476317 0.000000 0.565203
2.540000 0.000000 0.000000
2.540000 0.000000 0.000000
2.540000 0.000000 -0.000000
2.476317 0.000000 0.565203
0.000000 -0.000000 -2.540000
0.000000 -0.000000 -2.540000
0.565203 -0.000000 -2.476317
0.565203 -0.000000 -2.476317
0.000000 -0.000000 -2.540000
0.565203 -0.000000 -2.476317
0.565203 -0.000000 -2.476317
0.565203 -0.000000 -2.476317
1.102065 -0.000000 -2.288461
1.102065 -0.000000 -2.288461
0.565203 -0.000000 -2.476317
1.102065 -0.000000 -2.288461
1.102065 -0.000000 -2.288461
1.102065 -0.000000 -2.288461
1.583664 -0.000000 -1.985852
1.583664 -0.000000 -1.985852
1.102065 -0.000000 -2.288461
1.583664 -0.000000 -1.985852
1.583664 -0.000000 -1.985852
1.583664 -0.000000 -1.985852
1.985852 -0.000000 -1.583664
1.985852 -0.000000 -1.583664
1.583664 -0.000000 -1.985852
1.985852 -0.000000 -1.583664
1.985852 -0.000000 -1.583664
1.985852 -0.000000 -1.583664
2.288461 0.000000 -1.102065
2.288461 0.000000 -1.102065
1.985852 -0.000000 -1.583664
2.288461 0.000000 -1.102065
2.288461 0.000000 -1.102065
2.288461 0.000000 -1.102065
2.476317 0.000000 -0.565203
2.476317 0.000000 -0.565203
2.288461 0.000000 -1.102065
2.476317 0.000000 -0.565203
2.476317 0.000000 -0.565203
2.476317 0.000000 -0.565203
2.540000 0.000000 0.000000
2.540000 0.000000 0.000000
2.476317 0.000000 -0.565203
2.540000 0.000000 0.000000
-2.540000 0.000000 0.000000
-2.540000 0.000000 0.000000
-2.476317 0.000000 -0.565203
-2.476317 0.000000 -0.565203
-2.540000 0.000000 0.000000
-2.476317 0.000000 -0.565203
-2.476317 0.000000 -0.565203
-2.476317 0.000000 -0.565203
-2.288461 0.000000 -1.102065
-2.288461 0.000000 -1.102065
-2.476317 0.000000 -0.565203
-2.288461 0.000000 -1.102065
-2.288461 0.000000 -1.102065
-2.288461 0.000000 -1.102065
-1.985852 -0.000000 -1.583664
-1.985852 -0.000000 -1.583664
-2.288461 0.000000 -1.102065
-1.985852 -0.000000 -1.583664
-1.985852 -0.000000 -1.583664
-1.985852 -0.000000 -1.583664
-1.583664 -0.000000 -1.985852
-1.583664 -0.000000 -1.985852
-1.985852 -0.000000 -1.583664
-1.583664 -0.000000 -1.985852
-1.583664 -0.000000 -1.985852
-1.583664 -0.000000 -1.985852
-1.102065 -0.000000 -2.288461
-1.102065 -0.000000 -2.288461
-1.583664 -0.000000 -1.985852
-1.102065 -0.000000 -2.288461
-1.102065 -0.000000 -2.288461
-1.102065 -0.000000 -2.288461
-0.565203 -0.000000 -2.476317
-0.565203 -0.000000 -2.476317
-1.102065 -0.000000 -2.288461
-0.565203 -0.000000 -2.476317
-0.565203 -0.000000 -2.476317
-0.565203 -0.000000 -2.476317
0.000000 -0.000000 -2.540000
0.000000 -0.000000 -2.540000
-0.565203 -0.000000 -2.476317
0.000000 -0.000000 -2.540000
-2.540000 0.000000 0.000000
-2.540000 -0.000000 -0.000000
-2.476317 0.000000 -0.565203
-0.000000 -0.000000 2.540000
-0.000000 -0.000000 2.540000
-0.000000 -0.000000 2.540000
-0.000000 -0.000000 2.540000
-0.000000 -0.000000 2.540000
-0.000000 -0.000000 2.540000
0.000000 -2.540000 -0.000000
0.000000 -2.540000 -0.000000
0.000000 -2.540000 -0.000000
0.000000 -2.540000 -0.000000
0.000000 -2.540000 -0.000000
0.000000 -2.540000 -0.000000
0.000000 -2.540000 -0.000000
0.000000 -2.540000 -0.000000
0.000000 -2.540000 -0.000000
0.000000 -2.540000 -0.000000
0.000000 -2.540000 -0.000000
0.000000 -2.540000 -0.000000
0.000000 -2.540000 -0.000000
0.000000 -2.540000 -0.000000
0.000000 -2.540000 -0.000000
0.000000 -2.540000 -0.000000
0.000000 -2.540000 -0.000000
0.000000 -2.540000 -0.000000
0.000000 -2.540000 -0.000000
0.000000 -2.540000 -0.000000
0.000000 -2.540000 -0.000000
0.000000 -2.540000 -0.000000
0.000000 -2.540000 -0.000000
0.000000 -2.540000 -0.000000
0.000000 -2.540000 -0.000000
0.000000 -2.540000 -0.000000
0.000000 -2.540000 -0.000000
0.000000 -2.540000 -0.000000
0.000000 -2.540000 -0.000000
0.000000 -2.540000 -0.000000
0.000000 -2.540000 -0.000000
0.000000 -2.540000 -0.000000
0.000000 -2.540000 -0.000000
0.000000 -2.540000 -0.000000
0.000000 -2.540000 -0.000000
0.000000 -2.540000 -0.000000
0.000000 -2.540000 -0.000000
0.000000 -2.540000 -0.000000
0.000000 -2.540000 -0.000000
0.000000 -2.540000 -0.000000
0.000000 -2.540000 -0.000000
0.000000 -2.540000 -0.000000
0.000000 -2.540000 -0.000000
0.000000 -2.540000 -0.000000
0.000000 -2.540000 -0.000000
0.000000 -2.540000 -0.000000
0.000000 -2.540000 -0.000000
0.000000 -2.540000 -0.000000
0.000000 -2.540000 -0.000000
0.000000 -2.540000 -0.000000
0.000000 -2.540000 -0.000000
0.000000 -2.540000 -0.000000
0.000000 -2.540000 -0.000000
0.000000 -2.540000 -0.000000
0.000000 -2.540000 -0.000000
0.000000 -2.540000 -0.000000
0.000000 -2.540000 -0.000000
0.000000 -2.540000 -0.000000
0.000000 -2.540000 -0.000000
0.000000 -2.540000 -0.000000
0.000000 -2.540000 -0.000000
0.000000 -2.540000 -0.000000
0.000000 -2.540000 -0.000000
0.000000 -2.540000 -0.000000
0.000000 -2.540000 -0.000000
0.000000 -2.540000 -0.000000
0.000000 -2.540000 -0.000000
0.000000 -2.540000 -0.000000
0.000000 -2.540000 -0.000000
0.000000 -2.540000 -0.000000
0.000000 -2.540000 -0.000000
0.000000 -2.540000 -0.000000
0.000000 -2.540000 -0.000000
0.000000 -2.540000 -0.000000
0.000000 -2.540000 -0.000000
0.000000 -2.540000 -0.000000
0.000000 -2.540000 -0.000000
0.000000 -2.540000 -0.000000
0.000000 -2.540000 -0.000000
0.000000 -2.540000 -0.000000
0.000000 -2.540000 -0.000000
0.000000 -2.540000 -0.000000
0.000000 -2.540000 -0.000000
0.000000 -2.540000 -0.000000
0.000000 -2.540000 -0.000000
0.000000 -2.540000 -0.000000
0.000000 -2.540000 -0.000000
0.000000 -2.540000 -0.000000
0.000000 -2.540000 -0.000000
0.000000 -2.540000 -0.000000
0.000000 -2.540000 -0.000000
0.000000 -2.540000 -0.000000
0.000000 -2.540000 -0.000000
0.000000 -2.540000 -0.000000
0.000000 -2.540000 -0.000000
0.000000 -2.540000 -0.000000
0.000000 -2.540000 -0.000000
0.000000 -2.540000 -0.000000
0.000000 -2.540000 -0.000000
0.000000 -2.540000 -0.000000
0.000000 -2.540000 -0.000000
0.000000 -2.540000 -0.000000
0.000000 -2.540000 -0.000000
0.000000 -2.540000 -0.000000
0.000000 -2.540000 -0.000000
0.000000 -2.540000 -0.000000
0.000000 -2.540000 -0.000000
0.000000 -2.540000 -0.000000
0.000000 -2.540000 -0.000000
0.000000 -2.540000 -0.000000
0.000000 -2.540000 -0.000000
0.000000 -2.540000 -0.000000
0.000000 -2.540000 -0.000000
0.000000 -2.540000 -0.000000
0.000000 -2.540000 -0.000000
0.000000 -2.540000 -0.000000
0.000000 -2.540000 -0.000000
0.000000 -2.540000 -0.000000
0.000000 -2.540000 -0.000000
0.000000 -2.540000 -0.000000
0.000000 -2.540000 -0.000000
0.000000 -2.540000 -0.000000
0.000000 -2.540000 -0.000000
0.000000 -2.540000 -0.000000
0.000000 -2.540000 -0.000000
0.000000 -2.540000 -0.000000
0.000000 -2.540000 -0.000000
0.000000 -2.540000 -0.000000
0.000000 -2.540000 -0.000000
0.000000 -2.540000 -0.000000
0.000000 -2.540000 -0.000000
0.000000 -2.540000 -0.000000
0.000000 -2.540000 -0.000000
0.000000 -2.540000 -0.000000
0.000000 -2.540000 -0.000000
0.000000 -2.540000 -0.000000
0.000000 -2.540000 -0.000000
0.000000 -2.540000 -0.000000
0.000000 -2.540000 -0.000000
0.000000 -2.540000 -0.000000
0.000000 -2.540000 -0.000000
0.000000 -2.540000 -0.000000
0.000000 -2.540000 -0.000000
0.000000 -2.540000 -0.000000
0.000000 -2.540000 -0.000000
0.000000 -2.540000 -0.000000
0.000000 -2.540000 -0.000000
0.000000 -2.540000 -0.000000
0.000000 -2.540000 -0.000000
0.000000 -2.540000 -0.000000
0.000000 -2.540000 -0.000000
0.000000 -2.540000 -0.000000
0.000000 -2.540000 -0.000000
0.000000 -2.540000 -0.000000
0.000000 -2.540000 -0.000000
0.000000 -2.540000 -0.000000
0.000000 -2.540000 -0.000000
0.000000 -2.540000 -0.000000
0.000000 -2.540000 -0.000000
0.000000 -2.540000 -0.000000
0.000000 -2.540000 -0.000000
0.000000 -2.540000 -0.000000
0.000000 -2.540000 -0.000000
0.000000 -2.540000 -0.000000
0.000000 -2.540000 -0.000000
0.000000 -2.540000 -0.000000
0.000000 -2.540000 -0.000000
0.000000 -2.540000 -0.000000
0.000000 -2.540000 -0.000000
0.000000 -2.540000 -0.000000
0.000000 -2.540000 -0.000000
0.000000 -2.540000 -0.000000
0.000000 -2.540000 -0.000000
0.000000 -2.540000 -0.000000
0.000000 -2.540000 -0.000000
0.000000 -2.540000 -0.000000
0.000000 -2.540000 -0.000000
0.000000 -2.540000 -0.000000
0.000000 -2.540000 -0.000000
0.000000 -2.540000 -0.000000
0.000000 -2.540000 -0.000000
0.000000 -2.540000 -0.000000
0.000000 -2.540000 -0.000000
0.000000 -2.540000 -0.000000
0.000000 -2.540000 -0.000000
0.000000 -2.540000 -0.000000
0.000000 -2.540000 -0.000000
0.000000 -2.540000 -0.000000
0.000000 -2.540000 -0.000000
0.000000 -2.540000 -0.000000
0.000000 -2.540000 -0.000000
0.000000 -2.540000 -0.000000
0.000000 -2.540000 -0.000000
0.000000 -2.540000 -0.000000
0.000000 -2.540000 -0.000000
0.000000 -2.540000 -0.000000
0.000000 -2.540000 -0.000000
0.000000 -2.540000 -0.000000
0.000000 -2.540000 -0.000000
0.000000 -2.540000 -0.000000
0.000000 -2.540000 -0.000000
0.000000 -2.540000 -0.000000
0.000000 -2.540000 -0.000000
0.000000 -2.540000 -0.000000
0.000000 -2.540000 -0.000000
0.000000 -2.540000 -0.000000
0.000000 -2.540000 -0.000000
0.000000 -2.540000 -0.000000
0.000000 -2.540000 -0.000000
0.000000 -2.540000 -0.000000
0.000000 -2.540000 -0.000000
0.000000 -2.540000 -0.000000
0.000000 -2.540000 -0.000000
0.000000 -2.540000 -0.000000
0.000000 -2.540000 -0.000000
0.000000 -2.540000 -0.000000
0.000000 -2.540000 -0.000000
0.000000 -2.540000 -0.000000
0.000000 -2.540000 -0.000000
0.000000 -2.540000 -0.000000
0.000000 -2.540000 -0.000000
0.000000 -2.540000 -0.000000
0.000000 -2.540000 -0.000000
0.000000 -2.540000 -0.000000
0.000000 -2.540000 -0.000000
0.000000 -2.540000 -0.000000
0.000000 -2.540000 -0.000000
0.000000 -2.540000 -0.000000
0.000000 -2.540000 -0.000000
0.000000 -2.540000 -0.000000
0.000000 -2.540000 -0.000000
0.000000 -2.540000 -0.000000
0.000000 -2.540000 -0.000000
0.000000 -2.540000 -0.000000
0.000000 -2.540000 -0.000000
0.000000 -2.540000 -0.000000
0.000000 -2.540000 -0.000000
0.000000 -2.540000 -0.000000
0.000000 -2.540000 -0.000000
0.000000 -2.540000 -0.000000
0.000000 -2.540000 -0.000000
0.000000 -2.540000 -0.000000
0.000000 -2.540000 -0.000000
0.000000 -2.540000 -0.000000
0.000000 -2.540000 -0.000000
0.000000 -2.540000 -0.000000
0.000000 -2.540000 -0.000000
0.000000 -2.540000 -0.000000
0.000000 -2.540000 -0.000000
0.000000 -2.540000 -0.000000
0.000000 -2.540000 -0.000000
0.000000 -2.540000 -0.000000
0.000000 -2.540000 -0.000000
0.000000 -2.540000 -0.000000
0.000000 -2.540000 -0.000000
0.000000 -2.540000 -0.000000
0.000000 -2.540000 -0.000000
0.000000 -2.540000 -0.000000
0.000000 -2.540000 -0.000000
0.000000 -2.540000 -0.000000
0.000000 -2.540000 -0.000000
0.000000 -2.540000 -0.000000
0.000000 -2.540000 -0.000000
0.000000 -2.540000 -0.000000
0.000000 -2.540000 -0.000000
0.000000 -2.540000 -0.000000
0.000000 -2.540000 -0.000000
0.000000 -2.540000 -0.000000
0.000000 -2.540000 -0.000000
0.000000 -2.540000 -0.000000
0.000000 -2.540000 -0.000000
0.000000 -2.540000 -0.000000
0.000000 -2.540000 -0.000000
0.000000 -2.540000 -0.000000
0.000000 -2.540000 -0.000000
0.000000 -2.540000 -0.000000
0.000000 -2.540000 -0.000000
0.000000 -2.540000 -0.000000
0.000000 -2.540000 -0.000000
0.000000 -2.540000 -0.000000
0.000000 -2.540000 -0.000000
0.000000 -2.540000 -0.000000
0.000000 -2.540000 -0.000000
0.000000 -2.540000 -0.000000
0.000000 -2.540000 -0.000000
0.000000 -2.540000 -0.000000
0.000000 -2.540000 -0.000000
0.000000 -2.540000 -0.000000
0.000000 -2.540000 -0.000000
0.000000 -2.540000 -0.000000
0.000000 -2.540000 -0.000000
0.000000 -2.540000 -0.000000
0.000000 -2.540000 -0.000000
0.000000 -2.540000 -0.000000
0.000000 -2.540000 -0.000000
0.000000 -2.540000 -0.000000
0.000000 -2.540000 -0.000000
0.000000 -2.540000 -0.000000
0.000000 -2.540000 -0.000000
0.000000 -2.540000 -0.000000
0.000000 -2.540000 -0.000000
0.000000 -2.540000 -0.000000
0.000000 -2.540000 -0.000000
0.000000 -2.540000 -0.000000
0.000000 -2.540000 -0.000000
0.000000 -2.540000 -0.000000
0.000000 -2.540000 -0.000000
0.000000 -2.540000 -0.000000
0.000000 -2.540000 -0.000000
0.000000 -2.540000 -0.000000
0.000000 -2.540000 -0.000000
0.000000 -2.540000 -0.000000
0.000000 -2.540000 -0.000000
0.000000 -2.540000 -0.000000
0.000000 -2.540000 -0.000000
0.000000 -2.540000 -0.000000
0.000000 -2.540000 -0.000000
0.000000 -2.540000 -0.000000
0.000000 -2.540000 -0.000000
0.000000 -2.540000 -0.000000
0.000000 -2.540000 -0.000000
0.000000 -2.540000 -0.000000
0.000000 -2.540000 -0.000000
0.000000 -2.540000 -0.000000
0.000000 -2.540000 -0.000000
0.000000 -2.540000 -0.000000
0.000000 -2.540000 -0.000000
0.000000 -2.540000 -0.000000
0.000000 -2.540000 -0.000000
0.000000 -2.540000 -0.000000
0.000000 -2.540000 -0.000000
0.000000 -2.540000 -0.000000
0.000000 -2.540000 -0.000000
0.000000 -2.540000 -0.000000
0.000000 -2.540000 -0.000000
0.000000 -2.540000 -0.000000
0.000000 -2.540000 -0.000000
0.000000 -2.540000 -0.000000
0.000000 -2.540000 -0.000000
0.000000 -2.540000 -0.000000
0.000000 -2.540000 -0.000000
0.000000 -2.540000 -0.000000
0.000000 -2.540000 -0.000000
0.000000 -2.540000 -0.000000
0.000000 -2.540000 -0.000000
0.000000 -2.540000 -0.000000
0.000000 -2.540000 -0.000000
0.000000 -2.540000 -0.000000
0.000000 -2.540000 -0.000000
0.000000 -2.540000 -0.000000
0.000000 -2.540000 -0.000000
0.000000 -2.540000 -0.000000
0.000000 -2.540000 -0.000000
0.000000 -2.540000 -0.000000
0.000000 -2.540000 -0.000000
0.000000 -2.540000 -0.000000
0.000000 -2.540000 -0.000000
0.000000 -2.540000 -0.000000
0.000000 -2.540000 -0.000000
0.000000 -2.540000 -0.000000
0.000000 -2.540000 -0.000000
0.000000 -2.540000 -0.000000
0.000000 -2.540000 -0.000000
0.000000 -2.540000 -0.000000
0.000000 -2.540000 -0.000000
0.000000 -2.540000 -0.000000
0.000000 -2.540000 -0.000000
0.000000 -2.540000 -0.000000
0.000000 -2.540000 -0.000000
0.000000 -2.540000 -0.000000
0.000000 -2.540000 -0.000000
0.000000 -2.540000 -0.000000
0.000000 -2.540000 -0.000000
0.000000 -2.540000 -0.000000
0.000000 -2.540000 -0.000000
0.000000 -2.540000 -0.000000
0.000000 -2.540000 -0.000000
0.000000 -2.540000 -0.000000
0.000000 -2.540000 -0.000000
0.000000 -2.540000 -0.000000
0.000000 -2.540000 -0.000000
0.000000 -2.540000 -0.000000
0.000000 -2.540000 -0.000000
0.000000 -2.540000 -0.000000
0.000000 -2.540000 -0.000000
0.000000 -2.540000 -0.000000
0.000000 -2.540000 -0.000000
0.000000 -2.540000 -0.000000
0.000000 -2.540000 -0.000000
0.000000 -2.540000 -0.000000
0.000000 -2.540000 -0.000000
0.000000 -2.540000 -0.000000
0.000000 -2.540000 -0.000000
0.000000 -2.540000 -0.000000
0.000000 -2.540000 -0.000000
0.000000 -2.540000 -0.000000
0.000000 -2.540000 -0.000000
0.000000 -2.540000 -0.000000
0.000000 -2.540000 -0.000000
-0.000000 -0.000000 2.540000
-0.000000 -0.000000 2.540000
-0.000000 -0.000000 2.540000
-0.000000 -0.000000 2.540000
-0.000000 -0.000000 2.540000
-0.000000 -0.000000 2.540000
1.796051 0.000000 -1.796051
1.796051 0.000000 -1.796051
1.796051 0.000000 -1.796051
1.796051 0.000000 -1.796051
1.796051 0.000000 -1.796051
1.796051 0.000000 -1.796051
2.540000 0.000000 0.000000
2.540000 0.000000 0.000000
2.540000 0.000000 0.000000
2.540000 0.000000 0.000000
2.540000 0.000000 0.000000
2.540000 0.000000 0.000000
-0.000000 0.000000 -2.540000
0.000000 0.000000 -2.540000
0.565203 0.000000 -2.476317
0.565203 0.000000 -2.476317
0.000000 0.000000 -2.540000
0.565203 0.000000 -2.476317
0.565203 0.000000 -2.476317
0.565203 0.000000 -2.476317
1.102065 0.000000 -2.288461
1.102065 0.000000 -2.288461
0.565203 0.000000 -2.476317
1.102065 0.000000 -2.288461
1.102065 0.000000 -2.288461
1.102065 0.000000 -2.288461
1.583664 0.000000 -1.985852
1.583664 0.000000 -1.985852
1.102065 0.000000 -2.288461
1.583664 0.000000 -1.985852
1.583664 0.000000 -1.985852
1.583664 0.000000 -1.985852
1.985852 0.000000 -1.583664
1.985852 0.000000 -1.583664
1.583664 0.000000 -1.985852
1.985852 0.000000 -1.583664
1.985852 0.000000 -1.583664
1.985852 0.000000 -1.583664
2.288461 0.000000 -1.102065
2.288461 0.000000 -1.102065
1.985852 0.000000 -1.583664
2.288461 0.000000 -1.102065
2.288461 0.000000 -1.102065
2.288461 0.000000 -1.102065
2.476317 0.000000 -0.565203
2.476317 0.000000 -0.565203
2.288461 0.000000 -1.102065
2.476317 0.000000 -0.565203
2.476317 0.000000 -0.565203
2.476317 0.000000 -0.565203
2.540000 0.000000 0.000000
2.540000 0.000000 0.000000
2.476317 0.000000 -0.565203
2.540000 0.000000 0.000000
0.000000 -0.000000 -2.540000
0.000000 -0.000000 -2.540000
0.565203 -0.000000 -2.476317
0.565203 -0.000000 -2.476317
0.000000 -0.000000 -2.540000
0.565203 -0.000000 -2.476317
0.565203 -0.000000 -2.476317
0.565203 -0.000000 -2.476317
1.102065 -0.000000 -2.288461
1.102065 -0.000000 -2.288461
0.565203 -0.000000 -2.476317
1.102065 -0.000000 -2.288461
1.102065 -0.000000 -2.288461
1.102065 -0.000000 -2.288461
1.583664 -0.000000 -1.985852
1.583664 -0.000000 -1.985852
1.102065 -0.000000 -2.288461
1.583664 -0.000000 -1.985852
1.583664 -0.000000 -1.985852
1.583664 -0.000000 -1.985852
1.985852 -0.000000 -1.583664
1.985852 -0.000000 -1.583664
1.583664 -0.000000 -1.985852
1.985852 -0.000000 -1.583664
1.985852 -0.000000 -1.583664
1.985852 -0.000000 -1.583664
2.288461 0.000000 -1.102065
2.288461 0.000000 -1.102065
1.985852 -0.000000 -1.583664
2.288461 0.000000 -1.102065
2.288461 0.000000 -1.102065
2.288461 0.000000 -1.102065
2.476317 0.000000 -0.565203
2.476317 0.000000 -0.565203
2.288461 0.000000 -1.102065
2.476317 0.000000 -0.565203
2.476317 0.000000 -0.565203
2.476317 0.000000 -0.565203
2.540000 0.000000 0.000000
2.540000 0.000000 0.000000
2.476317 0.000000 -0.565203
2.540000 0.000000 -0.000000
-0.000000 2.540000 0.000000
-0.000000 2.540000 0.000000
-0.000000 2.540000 0.000000
-0.000000 2.540000 0.000000
-0.000000 2.540000 0.000000
-0.000000 2.540000 0.000000
-0.000000 2.540000 0.000000
-0.000000 2.540000 0.000000
-0.000000 2.540000 0.000000
-0.000000 2.540000 0.000000
-0.000000 2.540000 0.000000
-0.000000 2.540000 0.000000
-0.000000 2.540000 0.000000
-0.000000 2.540000 0.000000
-0.000000 2.540000 0.000000
-0.000000 2.540000 0.000000
-0.000000 2.540000 0.000000
-0.000000 2.540000 0.000000
-0.000000 2.540000 0.000000
-0.000000 2.540000 0.000000
-0.000000 2.540000 0.000000
-0.000000 2.540000 0.000000
-0.000000 2.540000 0.000000
-0.000000 2.540000 0.000000
-0.000000 2.540000 0.000000
-0.000000 2.540000 0.000000
-0.000000 2.540000 0.000000
-0.000000 2.540000 0.000000
-0.000000 2.540000 0.000000
-0.000000 2.540000 0.000000
-0.000000 2.540000 0.000000
-0.000000 2.540000 0.000000
-0.000000 2.540000 0.000000
-0.000000 2.540000 0.000000
-0.000000 2.540000 0.000000
-0.000000 2.540000 0.000000
-0.000000 2.540000 0.000000
-0.000000 2.540000 0.000000
-0.000000 2.540000 0.000000
-0.000000 2.540000 0.000000
-0.000000 2.540000 0.000000
-0.000000 2.540000 0.000000
-0.000000 2.540000 0.000000
-0.000000 2.540000 0.000000
-0.000000 2.540000 0.000000
-0.000000 2.540000 0.000000
-0.000000 2.540000 0.000000
-0.000000 2.540000 0.000000
-0.000000 2.540000 0.000000
-0.000000 2.540000 0.000000
-0.000000 2.540000 0.000000
-0.000000 2.540000 0.000000
-0.000000 2.540000 0.000000
-0.000000 2.540000 0.000000
-0.000000 2.540000 0.000000
-0.000000 2.540000 0.000000
-0.000000 2.540000 0.000000
-0.000000 2.540000 0.000000
-0.000000 2.540000 0.000000
-0.000000 2.540000 0.000000
-0.000000 2.540000 0.000000
-0.000000 2.540000 0.000000
-0.000000 2.540000 0.000000
-0.000000 2.540000 0.000000
-0.000000 2.540000 0.000000
-0.000000 2.540000 0.000000
-0.000000 2.540000 0.000000
-0.000000 2.540000 0.000000
-0.000000 2.540000 0.000000
-0.000000 2.540000 0.000000
-0.000000 2.540000 0.000000
-0.000000 2.540000 0.000000
-0.000000 2.540000 0.000000
-0.000000 2.540000 0.000000
-0.000000 2.540000 0.000000
-0.000000 2.540000 0.000000
-0.000000 2.540000 0.000000
-0.000000 2.540000 0.000000
-0.000000 2.540000 0.000000
-0.000000 2.540000 0.000000
-0.000000 2.540000 0.000000
-0.000000 2.540000 0.000000
-0.000000 2.540000 0.000000
-0.000000 2.540000 0.000000
-0.000000 2.540000 0.000000
-0.000000 2.540000 0.000000
-0.000000 2.540000 0.000000
-0.000000 2.540000 0.000000
-0.000000 2.540000 0.000000
-0.000000 2.540000 0.000000
-0.000000 2.540000 0.000000
-0.000000 2.540000 0.000000
-0.000000 2.540000 0.000000
-0.000000 2.540000 0.000000
-0.000000 2.540000 0.000000
-0.000000 2.540000 0.000000
-0.000000 2.540000 0.000000
-0.000000 2.540000 0.000000
-0.000000 2.540000 0.000000
-0.000000 2.540000 0.000000
-0.000000 2.540000 0.000000
-0.000000 2.540000 0.000000
-0.000000 2.540000 0.000000
-0.000000 2.540000 0.000000
-0.000000 2.540000 0.000000
-0.000000 2.540000 0.000000
-0.000000 2.540000 0.000000
-0.000000 2.540000 0.000000
-0.000000 2.540000 0.000000
-0.000000 2.540000 0.000000
-0.000000 2.540000 0.000000
-0.000000 2.540000 0.000000
-0.000000 2.540000 0.000000
-0.000000 2.540000 0.000000
-0.000000 2.540000 0.000000
-0.000000 2.540000 0.000000
-0.000000 2.540000 0.000000
-0.000000 2.540000 0.000000
-0.000000 2.540000 0.000000
-0.000000 2.540000 0.000000
-0.000000 2.540000 0.000000
-0.000000 2.540000 0.000000
-0.000000 2.540000 0.000000
-0.000000 2.540000 0.000000
-0.000000 2.540000 0.000000
-0.000000 2.540000 0.000000
-0.000000 2.540000 0.000000
-0.000000 2.540000 0.000000
-0.000000 2.540000 0.000000
-0.000000 2.540000 0.000000
-0.000000 2.540000 0.000000
-0.000000 2.540000 0.000000
-0.000000 2.540000 0.000000
-0.000000 2.540000 0.000000
-0.000000 2.540000 0.000000
-0.000000 2.540000 0.000000
-0.000000 2.540000 0.000000
-0.000000 2.540000 0.000000
-0.000000 2.540000 0.000000
-0.000000 2.540000 0.000000
-0.000000 2.540000 0.000000
-0.000000 2.540000 0.000000
-0.000000 2.540000 0.000000
-0.000000 2.540000 0.000000
-0.000000 2.540000 0.000000
-0.000000 2.540000 0.000000
-0.000000 2.540000 0.000000
-0.000000 2.540000 0.000000
-0.000000 2.540000 0.000000
-0.000000 2.540000 0.000000
-0.000000 2.540000 0.000000
-0.000000 2.540000 0.000000
-0.000000 2.540000 0.000000
-0.000000 2.540000 0.000000
-0.000000 2.540000 0.000000
-0.000000 2.540000 0.000000
-2.540000 -0.000000 0.000000
-2.540000 -0.000000 0.000000
-2.466192 -0.000000 -0.607862
-2.466192 -0.000000 -0.607862
-2.540000 -0.000000 0.000000
-2.466192 -0.000000 -0.607862
-2.466192 -0.000000 -0.607862
-2.466192 -0.000000 -0.607862
-2.249058 -0.000000 -1.180397
-2.249058 -0.000000 -1.180397
-2.466192 -0.000000 -0.607862
-2.249058 -0.000000 -1.180397
-2.249058 -0.000000 -1.180397
-2.249058 -0.000000 -1.180397
-1.901217 -0.000000 -1.684332
-1.901217 -0.000000 -1.684332
-2.249058 -0.000000 -1.180397
-1.901217 -0.000000 -1.684332
-1.901217 -0.000000 -1.684332
-1.901217 -0.000000 -1.684332
-1.442884 -0.000000 -2.090379
-1.442884 -0.000000 -2.090379
-1.901217 -0.000000 -1.684332
-1.442884 -0.000000 -2.090379
-1.442884 -0.000000 -2.090379
-1.442884 -0.000000 -2.090379
-0.900696 -0.000000 -2.374941
-0.900696 -0.000000 -2.374941
-1.442884 -0.000000 -2.090379
-0.900696 -0.000000 -2.374941
-0.900696 -0.000000 -2.374941
-0.900696 -0.000000 -2.374941
-0.306163 -0.000000 -2.521481
-0.306163 -0.000000 -2.521481
-0.900696 -0.000000 -2.374941
-0.306163 -0.000000 -2.521481
-0.306163 -0.000000 -2.521481
-0.306163 -0.000000 -2.521481
0.306163 0.000000 -2.521481
0.306163 0.000000 -2.521481
-0.306163 -0.000000 -2.521481
0.306163 0.000000 -2.521481
0.306163 0.000000 -2.521481
0.306163 0.000000 -2.521481
0.900696 0.000000 -2.374941
0.900696 0.000000 -2.374941
0.306163 0.000000 -2.521481
0.900696 0.000000 -2.374941
0.900696 0.000000 -2.374941
0.900696 0.000000 -2.374941
1.442884 0.000000 -2.090379
1.442884 0.000000 -2.090379
0.900696 0.000000 -2.374941
1.442884 0.000000 -2.090379
1.442884 0.000000 -2.090379
1.442884 0.000000 -2.090379
1.901217 0.000000 -1.684332
1.901217 0.000000 -1.684332
1.442884 0.000000 -2.090379
1.901217 0.000000 -1.684332
1.901217 0.000000 -1.684332
1.901217 0.000000 -1.684332
2.249058 0.000000 -1.180397
2.249058 0.000000 -1.180397
1.901217 0.000000 -1.684332
2.249058 0.000000 -1.180397
2.249058 0.000000 -1.180397
2.249058 0.000000 -1.180397
2.466192 0.000000 -0.607862
2.466192 0.000000 -0.607862
2.249058 0.000000 -1.180397
2.466192 0.000000 -0.607862
2.466192 0.000000 -0.607862
2.466192 0.000000 -0.607862
2.540000 0.000000 0.000000
2.540000 0.000000 0.000000
2.466192 0.000000 -0.607862
2.540000 0.000000 0.000000
-0.000000 2.540000 0.000000
-0.000000 2.540000 0.000000
-0.000000 2.540000 0.000000
-0.000000 2.540000 0.000000
-0.000000 2.540000 0.000000
-0.000000 2.540000 0.000000
-0.000000 2.540000 0.000000
-0.000000 2.540000 0.000000
-0.000000 2.540000 0.000000
-0.000000 2.540000 0.000000
-0.000000 2.540000 0.000000
-0.000000 2.540000 0.000000
-0.000000 2.540000 0.000000
-0.000000 2.540000 0.000000
-0.000000 2.540000 0.000000
-0.000000 2.540000 0.000000
-0.000000 2.540000 0.000000
-0.000000 2.540000 0.000000
-0.000000 2.540000 0.000000
-0.000000 2.540000 0.000000
-0.000000 2.540000 0.000000
-0.000000 2.540000 0.000000
-0.000000 2.540000 0.000000
-0.000000 2.540000 0.000000
-0.000000 2.540000 0.000000
-0.000000 2.540000 0.000000
-0.000000 2.540000 0.000000
-0.000000 2.540000 0.000000
-0.000000 2.540000 0.000000
-0.000000 2.540000 0.000000
-0.000000 2.540000 0.000000
-0.000000 2.540000 0.000000
-0.000000 2.540000 0.000000
-0.000000 2.540000 0.000000
-0.000000 2.540000 0.000000
-0.000000 2.540000 0.000000
-0.000000 2.540000 0.000000
-0.000000 2.540000 0.000000
-0.000000 2.540000 0.000000
-0.000000 2.540000 0.000000
-0.000000 2.540000 0.000000
-0.000000 2.540000 0.000000
-0.000000 2.540000 0.000000
-0.000000 2.540000 0.000000
-0.000000 2.540000 0.000000
-0.000000 2.540000 0.000000
-0.000000 2.540000 0.000000
-0.000000 2.540000 0.000000
-0.000000 2.540000 0.000000
-0.000000 2.540000 0.000000
-0.000000 2.540000 0.000000
-0.000000 2.540000 0.000000
-0.000000 2.540000 0.000000
-0.000000 2.540000 0.000000
-0.000000 2.540000 0.000000
-0.000000 2.540000 0.000000
-0.000000 2.540000 0.000000
-0.000000 2.540000 0.000000
-0.000000 2.540000 0.000000
-0.000000 2.540000 0.000000
-0.000000 2.540000 0.000000
-0.000000 2.540000 0.000000
-0.000000 2.540000 0.000000
-0.000000 2.540000 0.000000
-0.000000 2.540000 0.000000
-0.000000 2.540000 0.000000
-0.000000 2.540000 0.000000
-0.000000 2.540000 0.000000
-0.000000 2.540000 0.000000
-0.000000 2.540000 0.000000
-0.000000 2.540000 0.000000
-0.000000 2.540000 0.000000
-0.000000 2.540000 0.000000
-0.000000 2.540000 0.000000
-0.000000 2.540000 0.000000
-0.000000 2.540000 0.000000
-0.000000 2.540000 0.000000
-0.000000 2.540000 0.000000
-0.000000 2.540000 0.000000
-0.000000 2.540000 0.000000
-0.000000 2.540000 0.000000
-0.000000 2.540000 0.000000
-0.000000 2.540000 0.000000
-0.000000 2.540000 0.000000
-0.000000 2.540000 0.000000
-0.000000 2.540000 0.000000
-0.000000 2.540000 0.000000
-0.000000 2.540000 0.000000
-0.000000 2.540000 0.000000
-0.000000 2.540000 0.000000
-0.000000 2.540000 0.000000
-0.000000 2.540000 0.000000
-0.000000 2.540000 0.000000
-0.000000 2.540000 0.000000
-0.000000 2.540000 0.000000
-0.000000 2.540000 0.000000
-0.000000 2.540000 0.000000
-0.000000 2.540000 0.000000
-0.000000 2.540000 0.000000
-0.000000 2.540000 0.000000
-0.000000 2.540000 0.000000
-0.000000 2.540000 0.000000
-0.000000 2.540000 0.000000
-0.000000 2.540000 0.000000
-0.000000 2.540000 0.000000
-0.000000 2.540000 0.000000
-0.000000 2.540000 0.000000
-0.000000 2.540000 0.000000
-0.000000 2.540000 0.000000
-0.000000 2.540000 0.000000
-0.000000 2.540000 0.000000
-0.000000 2.540000 0.000000
-0.000000 2.540000 0.000000
-0.000000 2.540000 0.000000
-0.000000 2.540000 0.000000
-0.000000 2.540000 0.000000
-0.000000 2.540000 0.000000
-0.000000 2.540000 0.000000
-0.000000 2.540000 0.000000
-0.000000 2.540000 0.000000
-0.000000 2.540000 0.000000
-0.000000 2.540000 0.000000
-0.000000 2.540000 0.000000
-0.000000 2.540000 0.000000
-0.000000 2.540000 0.000000
-0.000000 2.540000 0.000000
-0.000000 2.540000 0.000000
-0.000000 2.540000 0.000000
-0.000000 2.540000 0.000000
-0.000000 2.540000 0.000000
-0.000000 2.540000 0.000000
-0.000000 2.540000 0.000000
-0.000000 2.540000 0.000000
-0.000000 2.540000 0.000000
-0.000000 2.540000 0.000000
-0.000000 2.540000 0.000000
-0.000000 2.540000 0.000000
-0.000000 2.540000 0.000000
-0.000000 2.540000 0.000000
-0.000000 2.540000 0.000000
-0.000000 2.540000 0.000000
-0.000000 2.540000 0.000000
-0.000000 2.540000 0.000000
-0.000000 2.540000 0.000000
-0.000000 2.540000 0.000000
-0.000000 2.540000 0.000000
-0.000000 2.540000 0.000000
-0.000000 2.540000 0.000000
-0.000000 2.540000 0.000000
-0.000000 2.540000 0.000000
-0.000000 2.540000 0.000000
-0.000000 2.540000 0.000000
-0.000000 2.540000 0.000000
-0.000000 2.540000 0.000000
-0.000000 2.540000 0.000000
-0.000000 2.540000 0.000000
-2.540000 -0.000000 0.000000
-2.540000 -0.000000 0.000000
-2.466192 -0.000000 -0.607862
-2.466192 -0.000000 -0.607862
-2.540000 -0.000000 0.000000
-2.466192 -0.000000 -0.607862
-2.466192 -0.000000 -0.607862
-2.466192 -0.000000 -0.607862
-2.249058 -0.000000 -1.180397
-2.249058 -0.000000 -1.180397
-2.466192 -0.000000 -0.607862
-2.249058 -0.000000 -1.180397
-2.249058 -0.000000 -1.180397
-2.249058 -0.000000 -1.180397
-1.901217 -0.000000 -1.684332
-1.901217 -0.000000 -1.684332
-2.249058 -0.000000 -1.180397
-1.901217 -0.000000 -1.684332
-1.901217 -0.000000 -1.684332
-1.901217 -0.000000 -1.684332
-1.442884 -0.000000 -2.090379
-1.442884 -0.000000 -2.090379
-1.901217 -0.000000 -1.684332
-1.442884 -0.000000 -2.090379
-1.442884 -0.000000 -2.090379
-1.442884 -0.000000 -2.090379
-0.900696 -0.000000 -2.374941
-0.900696 -0.000000 -2.374941
-1.442884 -0.000000 -2.090379
-0.900696 -0.000000 -2.374941
-0.900696 -0.000000 -2.374941
-0.900696 -0.000000 -2.374941
-0.306163 -0.000000 -2.521481
-0.306163 -0.000000 -2.521481
-0.900696 -0.000000 -2.374941
-0.306163 -0.000000 -2.521481
-0.306163 -0.000000 -2.521481
-0.306163 -0.000000 -2.521481
0.306163 0.000000 -2.521481
0.306163 0.000000 -2.521481
-0.306163 -0.000000 -2.521481
0.306163 0.000000 -2.521481
0.306163 0.000000 -2.521481
0.306163 0.000000 -2.521481
0.900696 0.000000 -2.374941
0.900696 0.000000 -2.374941
0.306163 0.000000 -2.521481
0.900696 0.000000 -2.374941
0.900696 0.000000 -2.374941
0.900696 0.000000 -2.374941
1.442884 0.000000 -2.090379
1.442884 0.000000 -2.090379
0.900696 0.000000 -2.374941
1.442884 0.000000 -2.090379
1.442884 0.000000 -2.090379
1.442884 0.000000 -2.090379
1.901217 0.000000 -1.684332
1.901217 0.000000 -1.684332
1.442884 0.000000 -2.090379
1.901217 0.000000 -1.684332
1.901217 0.000000 -1.684332
1.901217 0.000000 -1.684332
2.249058 0.000000 -1.180397
2.249058 0.000000 -1.180397
1.901217 0.000000 -1.684332
2.249058 0.000000 -1.180397
2.249058 0.000000 -1.180397
2.249058 0.000000 -1.180397
2.466192 0.000000 -0.607862
2.466192 0.000000 -0.607862
2.249058 0.000000 -1.180397
2.466192 0.000000 -0.607862
2.466192 0.000000 -0.607862
2.466192 0.000000 -0.607862
2.540000 0.000000 0.000000
2.540000 0.000000 0.000000
2.466192 0.000000 -0.607862
2.540000 0.000000 0.000000
-2.540000 -0.000000 0.000000
-2.540000 -0.000000 0.000000
-2.466192 -0.000000 -0.607862
-2.466192 -0.000000 -0.607862
-2.540000 -0.000000 0.000000
-2.466192 -0.000000 -0.607862
-2.466192 -0.000000 -0.607862
-2.466192 -0.000000 -0.607862
-2.249058 -0.000000 -1.180397
-2.249058 -0.000000 -1.180397
-2.466192 -0.000000 -0.607862
-2.249058 -0.000000 -1.180397
-2.249058 -0.000000 -1.180397
-2.249058 -0.000000 -1.180397
-1.901217 -0.000000 -1.684332
-1.901217 -0.000000 -1.684332
-2.249058 -0.000000 -1.180397
-1.901217 -0.000000 -1.684332
-1.901217 -0.000000 -1.684332
-1.901217 -0.000000 -1.684332
-1.442884 -0.000000 -2.090379
-1.442884 -0.000000 -2.090379
-1.901217 -0.000000 -1.684332
-1.442884 -0.000000 -2.090379
-1.442884 -0.000000 -2.090379
-1.442884 -0.000000 -2.090379
-0.900696 -0.000000 -2.374941
-0.900696 -0.000000 -2.374941
-1.442884 -0.000000 -2.090379
-0.900696 -0.000000 -2.374941
-0.900696 -0.000000 -2.374941
-0.900696 -0.000000 -2.374941
-0.306163 -0.000000 -2.521481
-0.306163 -0.000000 -2.521481
-0.900696 -0.000000 -2.374941
-0.306163 -0.000000 -2.521481
-0.306163 -0.000000 -2.521481
-0.306163 -0.000000 -2.521481
0.306163 0.000000 -2.521481
0.306163 0.000000 -2.521481
-0.306163 -0.000000 -2.521481
0.306163 0.000000 -2.521481
0.306163 0.000000 -2.521481
0.306163 0.000000 -2.521481
0.900696 0.000000 -2.374941
0.900696 0.000000 -2.374941
0.306163 0.000000 -2.521481
0.900696 0.000000 -2.374941
0.900696 0.000000 -2.374941
0.900696 0.000000 -2.374941
1.442884 0.000000 -2.090379
1.442884 0.000000 -2.090379
0.900696 0.000000 -2.374941
1.442884 0.000000 -2.090379
1.442884 0.000000 -2.090379
1.442884 0.000000 -2.090379
1.901217 0.000000 -1.684332
1.901217 0.000000 -1.684332
1.442884 0.000000 -2.090379
1.901217 0.000000 -1.684332
1.901217 0.000000 -1.684332
1.901217 0.000000 -1.684332
2.249058 0.000000 -1.180397
2.249058 0.000000 -1.180397
1.901217 0.000000 -1.684332
2.249058 0.000000 -1.180397
2.249058 0.000000 -1.180397
2.249058 0.000000 -1.180397
2.466192 0.000000 -0.607862
2.466192 0.000000 -0.607862
2.249058 0.000000 -1.180397
2.466192 0.000000 -0.607862
2.466192 0.000000 -0.607862
2.466192 0.000000 -0.607862
2.540000 0.000000 0.000000
2.540000 0.000000 0.000000
2.466192 0.000000 -0.607862
2.540000 0.000000 0.000000
-0.000000 2.540000 0.000000
-0.000000 2.540000 0.000000
-0.000000 2.540000 0.000000
-0.000000 2.540000 0.000000
-0.000000 2.540000 0.000000
-0.000000 2.540000 0.000000
-0.000000 2.540000 0.000000
-0.000000 2.540000 0.000000
-0.000000 2.540000 0.000000
-0.000000 2.540000 0.000000
-0.000000 2.540000 0.000000
-0.000000 2.540000 0.000000
-0.000000 2.540000 0.000000
-0.000000 2.540000 0.000000
-0.000000 2.540000 0.000000
-0.000000 2.540000 0.000000
-0.000000 2.540000 0.000000
-0.000000 2.540000 0.000000
-0.000000 2.540000 0.000000
-0.000000 2.540000 0.000000
-0.000000 2.540000 0.000000
-0.000000 2.540000 0.000000
-0.000000 2.540000 0.000000
-0.000000 2.540000 0.000000
-0.000000 2.540000 0.000000
-0.000000 2.540000 0.000000
-0.000000 2.540000 0.000000
-0.000000 2.540000 0.000000
-0.000000 2.540000 0.000000
-0.000000 2.540000 0.000000
-0.000000 2.540000 0.000000
-0.000000 2.540000 0.000000
-0.000000 2.540000 0.000000
-0.000000 2.540000 0.000000
-0.000000 2.540000 0.000000
-0.000000 2.540000 0.000000
-0.000000 2.540000 0.000000
-0.000000 2.540000 0.000000
-0.000000 2.540000 0.000000
-0.000000 2.540000 0.000000
-0.000000 2.540000 0.000000
-0.000000 2.540000 0.000000
-0.000000 2.540000 0.000000
-0.000000 2.540000 0.000000
-0.000000 2.540000 0.000000
-0.000000 2.540000 0.000000
-0.000000 2.540000 0.000000
-0.000000 2.540000 0.000000
-0.000000 2.540000 0.000000
-0.000000 2.540000 0.000000
-0.000000 2.540000 0.000000
-0.000000 2.540000 0.000000
-0.000000 2.540000 0.000000
-0.000000 2.540000 0.000000
-0.000000 2.540000 0.000000
-0.000000 2.540000 0.000000
-0.000000 2.540000 0.000000
-0.000000 2.540000 0.000000
-0.000000 2.540000 0.000000
-0.000000 2.540000 0.000000
-0.000000 2.540000 0.000000
-0.000000 2.540000 0.000000
-0.000000 2.540000 0.000000
-0.000000 2.540000 0.000000
-0.000000 2.540000 0.000000
-0.000000 2.540000 0.000000
-0.000000 2.540000 0.000000
-0.000000 2.540000 0.000000
-0.000000 2.540000 0.000000
-0.000000 2.540000 0.000000
-0.000000 2.540000 0.000000
-0.000000 2.540000 0.000000
-0.000000 2.540000 0.000000
-0.000000 2.540000 0.000000
-0.000000 2.540000 0.000000
-0.000000 2.540000 0.000000
-0.000000 2.540000 0.000000
-0.000000 2.540000 0.000000
-0.000000 2.540000 0.000000
-0.000000 2.540000 0.000000
-0.000000 2.540000 0.000000
-0.000000 2.540000 0.000000
-0.000000 2.540000 0.000000
-0.000000 2.540000 0.000000
-0.000000 2.540000 0.000000
-0.000000 2.540000 0.000000
-0.000000 2.540000 0.000000
-0.000000 2.540000 0.000000
-0.000000 2.540000 0.000000
-0.000000 2.540000 0.000000
-0.000000 2.540000 0.000000
-0.000000 2.540000 0.000000
-0.000000 2.540000 0.000000
-0.000000 2.540000 0.000000
-0.000000 2.540000 0.000000
-0.000000 2.540000 0.000000
-0.000000 2.540000 0.000000
-0.000000 2.540000 0.000000
-0.000000 2.540000 0.000000
-0.000000 2.540000 0.000000
-0.000000 2.540000 0.000000
-0.000000 2.540000 0.000000
-0.000000 2.540000 0.000000
-0.000000 2.540000 0.000000
-0.000000 2.540000 0.000000
-0.000000 2.540000 0.000000
-0.000000 2.540000 0.000000
-0.000000 2.540000 0.000000
-0.000000 2.540000 0.000000
-0.000000 2.540000 0.000000
-0.000000 2.540000 0.000000
-0.000000 2.540000 0.000000
-0.000000 2.540000 0.000000
-0.000000 2.540000 0.000000
-0.000000 2.540000 0.000000
-0.000000 2.540000 0.000000
-0.000000 2.540000 0.000000
-0.000000 2.540000 0.000000
-0.000000 2.540000 0.000000
-0.000000 2.540000 0.000000
-0.000000 2.540000 0.000000
-0.000000 2.540000 0.000000
-0.000000 2.540000 0.000000
-0.000000 2.540000 0.000000
-0.000000 2.540000 0.000000
-0.000000 2.540000 0.000000
-0.000000 2.540000 0.000000
-0.000000 2.540000 0.000000
-0.000000 2.540000 0.000000
-0.000000 2.540000 0.000000
-0.000000 2.540000 0.000000
-0.000000 2.540000 0.000000
-0.000000 2.540000 0.000000
-0.000000 2.540000 0.000000
-0.000000 2.540000 0.000000
-0.000000 2.540000 0.000000
-0.000000 2.540000 0.000000
-0.000000 2.540000 0.000000
-0.000000 2.540000 0.000000
-0.000000 2.540000 0.000000
-0.000000 2.540000 0.000000
-0.000000 2.540000 0.000000
-0.000000 2.540000 0.000000
-0.000000 2.540000 0.000000
-0.000000 2.540000 0.000000
-0.000000 2.540000 0.000000
-0.000000 2.540000 0.000000
-0.000000 2.540000 0.000000
-0.000000 2.540000 0.000000
-0.000000 2.540000 0.000000
-0.000000 2.540000 0.000000
-0.000000 2.540000 0.000000
-0.000000 2.540000 0.000000
-0.000000 2.540000 0.000000
-0.000000 2.540000 0.000000
-0.000000 2.540000 0.000000
-2.540000 -0.000000 0.000000
-2.540000 -0.000000 0.000000
-2.466192 -0.000000 -0.607862
-2.466192 -0.000000 -0.607862
-2.540000 -0.000000 0.000000
-2.466192 -0.000000 -0.607862
-2.466192 -0.000000 -0.607862
-2.466192 -0.000000 -0.607862
-2.249058 -0.000000 -1.180397
-2.249058 -0.000000 -1.180397
-2.466192 -0.000000 -0.607862
-2.249058 -0.000000 -1.180397
-2.249058 -0.000000 -1.180397
-2.249058 -0.000000 -1.180397
-1.901217 -0.000000 -1.684332
-1.901217 -0.000000 -1.684332
-2.249058 -0.000000 -1.180397
-1.901217 -0.000000 -1.684332
-1.901217 -0.000000 -1.684332
-1.901217 -0.000000 -1.684332
-1.442884 -0.000000 -2.090379
-1.442884 -0.000000 -2.090379
-1.901217 -0.000000 -1.684332
-1.442884 -0.000000 -2.090379
-1.442884 -0.000000 -2.090379
-1.442884 -0.000000 -2.090379
-0.900696 -0.000000 -2.374941
-0.900696 -0.000000 -2.374941
-1.442884 -0.000000 -2.090379
-0.900696 -0.000000 -2.374941
-0.900696 -0.000000 -2.374941
-0.900696 -0.000000 -2.374941
-0.306163 -0.000000 -2.521481
-0.306163 -0.000000 -2.521481
-0.900696 -0.000000 -2.374941
-0.306163 -0.000000 -2.521481
-0.306163 -0.000000 -2.521481
-0.306163 -0.000000 -2.521481
0.306163 0.000000 -2.521481
0.306163 0.000000 -2.521481
-0.306163 -0.000000 -2.521481
0.306163 0.000000 -2.521481
0.306163 0.000000 -2.521481
0.306163 0.000000 -2.521481
0.900696 0.000000 -2.374941
0.900696 0.000000 -2.374941
0.306163 0.000000 -2.521481
0.900696 0.000000 -2.374941
0.900696 0.000000 -2.374941
0.900696 0.000000 -2.374941
1.442884 0.000000 -2.090379
1.442884 0.000000 -2.090379
0.900696 0.000000 -2.374941
1.442884 0.000000 -2.090379
1.442884 0.000000 -2.090379
1.442884 0.000000 -2.090379
1.901217 0.000000 -1.684332
1.901217 0.000000 -1.684332
1.442884 0.000000 -2.090379
1.901217 0.000000 -1.684332
1.901217 0.000000 -1.684332
1.901217 0.000000 -1.684332
2.249058 0.000000 -1.180397
2.249058 0.000000 -1.180397
1.901217 0.000000 -1.684332
2.249058 0.000000 -1.180397
2.249058 0.000000 -1.180397
2.249058 0.000000 -1.180397
2.466192 0.000000 -0.607862
2.466192 0.000000 -0.607862
2.249058 0.000000 -1.180397
2.466192 0.000000 -0.607862
2.466192 0.000000 -0.607862
2.466192 0.000000 -0.607862
2.540000 0.000000 0.000000
2.540000 0.000000 0.000000
2.466192 0.000000 -0.607862
2.540000 0.000000 0.000000
-0.000000 2.540000 0.000000
-0.000000 2.540000 0.000000
-0.000000 2.540000 0.000000
-0.000000 2.540000 0.000000
-0.000000 2.540000 0.000000
-0.000000 2.540000 0.000000
-0.000000 2.540000 0.000000
-0.000000 2.540000 0.000000
-0.000000 2.540000 0.000000
-0.000000 2.540000 0.000000
-0.000000 2.540000 0.000000
-0.000000 2.540000 0.000000
-0.000000 2.540000 0.000000
-0.000000 2.540000 0.000000
-0.000000 2.540000 0.000000
-0.000000 2.540000 0.000000
-0.000000 2.540000 0.000000
-0.000000 2.540000 0.000000
-0.000000 2.540000 0.000000
-0.000000 2.540000 0.000000
-0.000000 2.540000 0.000000
-0.000000 2.540000 0.000000
-0.000000 2.540000 0.000000
-0.000000 2.540000 0.000000
-0.000000 2.540000 0.000000
-0.000000 2.540000 0.000000
-0.000000 2.540000 0.000000
-0.000000 2.540000 0.000000
-0.000000 2.540000 0.000000
-0.000000 2.540000 0.000000
-0.000000 2.540000 0.000000
-0.000000 2.540000 0.000000
-0.000000 2.540000 0.000000
-0.000000 2.540000 0.000000
-0.000000 2.540000 0.000000
-0.000000 2.540000 0.000000
-0.000000 2.540000 0.000000
-0.000000 2.540000 0.000000
-0.000000 2.540000 0.000000
-0.000000 2.540000 0.000000
-0.000000 2.540000 0.000000
-0.000000 2.540000 0.000000
-0.000000 2.540000 0.000000
-0.000000 2.540000 0.000000
-0.000000 2.540000 0.000000
-0.000000 2.540000 0.000000
-0.000000 2.540000 0.000000
-0.000000 2.540000 0.000000
-0.000000 2.540000 0.000000
-0.000000 2.540000 0.000000
-0.000000 2.540000 0.000000
-0.000000 2.540000 0.000000
-0.000000 2.540000 0.000000
-0.000000 2.540000 0.000000
-0.000000 2.540000 0.000000
-0.000000 2.540000 0.000000
-0.000000 2.540000 0.000000
-0.000000 2.540000 0.000000
-0.000000 2.540000 0.000000
-0.000000 2.540000 0.000000
-0.000000 2.540000 0.000000
-0.000000 2.540000 0.000000
-0.000000 2.540000 0.000000
-0.000000 2.540000 0.000000
-0.000000 2.540000 0.000000
-0.000000 2.540000 0.000000
-0.000000 2.540000 0.000000
-0.000000 2.540000 0.000000
-0.000000 2.540000 0.000000
-0.000000 2.540000 0.000000
-0.000000 2.540000 0.000000
-0.000000 2.540000 0.000000
-0.000000 2.540000 0.000000
-0.000000 2.540000 0.000000
-0.000000 2.540000 0.000000
-0.000000 2.540000 0.000000
-0.000000 2.540000 0.000000
-0.000000 2.540000 0.000000
-0.000000 2.540000 0.000000
-0.000000 2.540000 0.000000
-0.000000 2.540000 0.000000
-0.000000 2.540000 0.000000
-0.000000 2.540000 0.000000
-0.000000 2.540000 0.000000
-0.000000 2.540000 0.000000
-0.000000 2.540000 0.000000
-0.000000 2.540000 0.000000
-0.000000 2.540000 0.000000
-0.000000 2.540000 0.000000
-0.000000 2.540000 0.000000
-0.000000 2.540000 0.000000
-0.000000 2.540000 0.000000
-0.000000 2.540000 0.000000
-0.000000 2.540000 0.000000
-0.000000 2.540000 0.000000
-0.000000 2.540000 0.000000
-0.000000 2.540000 0.000000
-0.000000 2.540000 0.000000
-0.000000 2.540000 0.000000
-0.000000 2.540000 0.000000
-0.000000 2.540000 0.000000
-0.000000 2.540000 0.000000
-0.000000 2.540000 0.000000
-0.000000 2.540000 0.000000
-0.000000 2.540000 0.000000
-0.000000 2.540000 0.000000
-0.000000 2.540000 0.000000
-0.000000 2.540000 0.000000
-0.000000 2.540000 0.000000
-0.000000 2.540000 0.000000
-0.000000 2.540000 0.000000
-0.000000 2.540000 0.000000
-0.000000 2.540000 0.000000
-0.000000 2.540000 0.000000
-0.000000 2.540000 0.000000
-0.000000 2.540000 0.000000
-0.000000 2.540000 0.000000
-0.000000 2.540000 0.000000
-0.000000 2.540000 0.000000
-0.000000 2.540000 0.000000
-0.000000 2.540000 0.000000
-0.000000 2.540000 0.000000
-0.000000 2.540000 0.000000
-0.000000 2.540000 0.000000
-0.000000 2.540000 0.000000
-0.000000 2.540000 0.000000
-0.000000 2.540000 0.000000
-0.000000 2.540000 0.000000
-0.000000 2.540000 0.000000
-0.000000 2.540000 0.000000
-0.000000 2.540000 0.000000
-0.000000 2.540000 0.000000
-0.000000 2.540000 0.000000
-0.000000 2.540000 0.000000
-0.000000 2.540000 0.000000
-0.000000 2.540000 0.000000
-0.000000 2.540000 0.000000
-0.000000 2.540000 0.000000
-0.000000 2.540000 0.000000
-0.000000 2.540000 0.000000
-0.000000 2.540000 0.000000
-0.000000 2.540000 0.000000
-0.000000 2.540000 0.000000
-0.000000 2.540000 0.000000
-0.000000 2.540000 0.000000
-0.000000 2.540000 0.000000
-0.000000 2.540000 0.000000
-0.000000 2.540000 0.000000
-0.000000 2.540000 0.000000
-0.000000 2.540000 0.000000
-0.000000 2.540000 0.000000
-0.000000 2.540000 0.000000
-0.000000 2.540000 0.000000
-0.000000 2.540000 0.000000
-0.000000 2.540000 0.000000
-0.000000 2.540000 0.000000
-2.540000 -0.000000 0.000000
-2.540000 -0.000000 0.000000
-2.466192 -0.000000 -0.607862
-2.466192 -0.000000 -0.607862
-2.540000 -0.000000 0.000000
-2.466192 -0.000000 -0.607862
-2.466192 -0.000000 -0.607862
-2.466192 -0.000000 -0.607862
-2.249058 -0.000000 -1.180397
-2.249058 -0.000000 -1.180397
-2.466192 -0.000000 -0.607862
-2.249058 -0.000000 -1.180397
-2.249058 -0.000000 -1.180397
-2.249058 -0.000000 -1.180397
-1.901217 -0.000000 -1.684332
-1.901217 -0.000000 -1.684332
-2.249058 -0.000000 -1.180397
-1.901217 -0.000000 -1.684332
-1.901217 -0.000000 -1.684332
-1.901217 -0.000000 -1.684332
-1.442884 -0.000000 -2.090379
-1.442884 -0.000000 -2.090379
-1.901217 -0.000000 -1.684332
-1.442884 -0.000000 -2.090379
-1.442884 -0.000000 -2.090379
-1.442884 -0.000000 -2.090379
-0.900696 -0.000000 -2.374941
-0.900696 -0.000000 -2.374941
-1.442884 -0.000000 -2.090379
-0.900696 -0.000000 -2.374941
-0.900696 -0.000000 -2.374941
-0.900696 -0.000000 -2.374941
-0.306163 -0.000000 -2.521481
-0.306163 -0.000000 -2.521481
-0.900696 -0.000000 -2.374941
-0.306163 -0.000000 -2.521481
-0.306163 -0.000000 -2.521481
-0.306163 -0.000000 -2.521481
0.306163 0.000000 -2.521481
0.306163 0.000000 -2.521481
-0.306163 -0.000000 -2.521481
0.306163 0.000000 -2.521481
0.306163 0.000000 -2.521481
0.306163 0.000000 -2.521481
0.900696 0.000000 -2.374941
0.900696 0.000000 -2.374941
0.306163 0.000000 -2.521481
0.900696 0.000000 -2.374941
0.900696 0.000000 -2.374941
0.900696 0.000000 -2.374941
1.442884 0.000000 -2.090379
1.442884 0.000000 -2.090379
0.900696 0.000000 -2.374941
1.442884 0.000000 -2.090379
1.442884 0.000000 -2.090379
1.442884 0.000000 -2.090379
1.901217 0.000000 -1.684332
1.901217 0.000000 -1.684332
1.442884 0.000000 -2.090379
1.901217 0.000000 -1.684332
1.901217 0.000000 -1.684332
1.901217 0.000000 -1.684332
2.249058 0.000000 -1.180397
2.249058 0.000000 -1.180397
1.901217 0.000000 -1.684332
2.249058 0.000000 -1.180397
2.249058 0.000000 -1.180397
2.249058 0.000000 -1.180397
2.466192 0.000000 -0.607862
2.466192 0.000000 -0.607862
2.249058 0.000000 -1.180397
2.466192 0.000000 -0.607862
2.466192 0.000000 -0.607862
2.466192 0.000000 -0.607862
2.540000 0.000000 0.000000
2.540000 0.000000 0.000000
2.466192 0.000000 -0.607862
2.540000 0.000000 0.000000
-0.000000 2.540000 0.000000
-0.000000 2.540000 0.000000
-0.000000 2.540000 0.000000
-0.000000 2.540000 0.000000
-0.000000 2.540000 0.000000
-0.000000 2.540000 0.000000
-0.000000 2.540000 0.000000
-0.000000 2.540000 0.000000
-0.000000 2.540000 0.000000
-0.000000 2.540000 0.000000
-0.000000 2.540000 0.000000
-0.000000 2.540000 0.000000
-0.000000 2.540000 0.000000
-0.000000 2.540000 0.000000
-0.000000 2.540000 0.000000
-0.000000 2.540000 0.000000
-0.000000 2.540000 0.000000
-0.000000 2.540000 0.000000
-0.000000 2.540000 0.000000
-0.000000 2.540000 0.000000
-0.000000 2.540000 0.000000
-0.000000 2.540000 0.000000
-0.000000 2.540000 0.000000
-0.000000 2.540000 0.000000
-0.000000 2.540000 0.000000
-0.000000 2.540000 0.000000
-0.000000 2.540000 0.000000
-0.000000 2.540000 0.000000
-0.000000 2.540000 0.000000
-0.000000 2.540000 0.000000
-0.000000 2.540000 0.000000
-0.000000 2.540000 0.000000
-0.000000 2.540000 0.000000
-0.000000 2.540000 0.000000
-0.000000 2.540000 0.000000
-0.000000 2.540000 0.000000
-0.000000 2.540000 0.000000
-0.000000 2.540000 0.000000
-0.000000 2.540000 0.000000
-0.000000 2.540000 0.000000
-0.000000 2.540000 0.000000
-0.000000 2.540000 0.000000
-0.000000 2.540000 0.000000
-0.000000 2.540000 0.000000
-0.000000 2.540000 0.000000
-0.000000 2.540000 0.000000
-0.000000 2.540000 0.000000
-0.000000 2.540000 0.000000
-0.000000 2.540000 0.000000
-0.000000 2.540000 0.000000
-0.000000 2.540000 0.000000
-0.000000 2.540000 0.000000
-0.000000 2.540000 0.000000
-0.000000 2.540000 0.000000
-0.000000 2.540000 0.000000
-0.000000 2.540000 0.000000
-0.000000 2.540000 0.000000
-0.000000 2.540000 0.000000
-0.000000 2.540000 0.000000
-0.000000 2.540000 0.000000
-0.000000 2.540000 0.000000
-0.000000 2.540000 0.000000
-0.000000 2.540000 0.000000
-0.000000 2.540000 0.000000
-0.000000 2.540000 0.000000
-0.000000 2.540000 0.000000
-0.000000 2.540000 0.000000
-0.000000 2.540000 0.000000
-0.000000 2.540000 0.000000
-0.000000 2.540000 0.000000
-0.000000 2.540000 0.000000
-0.000000 2.540000 0.000000
-0.000000 2.540000 0.000000
-0.000000 2.540000 0.000000
-0.000000 2.540000 0.000000
-0.000000 2.540000 0.000000
-0.000000 2.540000 0.000000
-0.000000 2.540000 0.000000
-0.000000 2.540000 0.000000
-0.000000 2.540000 0.000000
-0.000000 2.540000 0.000000
-0.000000 2.540000 0.000000
-0.000000 2.540000 0.000000
-0.000000 2.540000 0.000000
-0.000000 2.540000 0.000000
-0.000000 2.540000 0.000000
-0.000000 2.540000 0.000000
-0.000000 2.540000 0.000000
-0.000000 2.540000 0.000000
-0.000000 2.540000 0.000000
-0.000000 2.540000 0.000000
-0.000000 2.540000 0.000000
-0.000000 2.540000 0.000000
-0.000000 2.540000 0.000000
-0.000000 2.540000 0.000000
-0.000000 2.540000 0.000000
-0.000000 2.540000 0.000000
-0.000000 2.540000 0.000000
-0.000000 2.540000 0.000000
-0.000000 2.540000 0.000000
-0.000000 2.540000 0.000000
-0.000000 2.540000 0.000000
-0.000000 2.540000 0.000000
-0.000000 2.540000 0.000000
-0.000000 2.540000 0.000000
-0.000000 2.540000 0.000000
-0.000000 2.540000 0.000000
-0.000000 2.540000 0.000000
-0.000000 2.540000 0.000000
-0.000000 2.540000 0.000000
-0.000000 2.540000 0.000000
-0.000000 2.540000 0.000000
-0.000000 2.540000 0.000000
-0.000000 2.540000 0.000000
-0.000000 2.540000 0.000000
-0.000000 2.540000 0.000000
-0.000000 2.540000 0.000000
-0.000000 2.540000 0.000000
-0.000000 2.540000 0.000000
-0.000000 2.540000 0.000000
-0.000000 2.540000 0.000000
-0.000000 2.540000 0.000000
-0.000000 2.540000 0.000000
-0.000000 2.540000 0.000000
-0.000000 2.540000 0.000000
-0.000000 2.540000 0.000000
-0.000000 2.540000 0.000000
-0.000000 2.540000 0.000000
-0.000000 2.540000 0.000000
-0.000000 2.540000 0.000000
-0.000000 2.540000 0.000000
-0.000000 2.540000 0.000000
-0.000000 2.540000 0.000000
-0.000000 2.540000 0.000000
-0.000000 2.540000 0.000000
-0.000000 2.540000 0.000000
-0.000000 2.540000 0.000000
-0.000000 2.540000 0.000000
-0.000000 2.540000 0.000000
-0.000000 2.540000 0.000000
-0.000000 2.540000 0.000000
-0.000000 2.540000 0.000000
-0.000000 2.540000 0.000000
-0.000000 2.540000 0.000000
-0.000000 2.540000 0.000000
-0.000000 2.540000 0.000000
-0.000000 2.540000 0.000000
-0.000000 2.540000 0.000000
-0.000000 2.540000 0.000000
-0.000000 2.540000 0.000000
-0.000000 2.540000 0.000000
-0.000000 2.540000 0.000000
-0.000000 2.540000 0.000000
-0.000000 2.540000 0.000000
-0.000000 2.540000 0.000000
-0.000000 2.540000 0.000000
-0.000000 2.540000 0.000000
-0.000000 2.540000 0.000000
-0.000000 2.540000 0.000000
-0.000000 2.540000 0.000000
-0.000000 2.540000 0.000000
-0.000000 2.540000 0.000000
-0.000000 2.540000 0.000000
-0.000000 2.540000 0.000000
-0.000000 2.540000 0.000000
-0.000000 2.540000 0.000000
-0.000000 2.540000 0.000000
-0.000000 2.540000 0.000000
-0.000000 2.540000 0.000000
-0.000000 2.540000 0.000000
-0.000000 2.540000 0.000000
-0.000000 2.540000 0.000000
-0.000000 2.540000 0.000000
-0.000000 2.540000 0.000000
-0.000000 2.540000 0.000000
-0.000000 2.540000 0.000000
-0.000000 2.540000 0.000000
-0.000000 2.540000 0.000000
-0.000000 2.540000 0.000000
-0.000000 2.540000 0.000000
-0.000000 2.540000 0.000000
-0.000000 2.540000 0.000000
-0.000000 2.540000 0.000000
-0.000000 2.540000 0.000000
-0.000000 2.540000 0.000000
-0.000000 2.540000 0.000000
-0.000000 2.540000 0.000000
-0.000000 2.540000 0.000000
-0.000000 2.540000 0.000000
-0.000000 2.540000 0.000000
-0.000000 2.540000 0.000000
-0.000000 2.540000 0.000000
-0.000000 2.540000 0.000000
-0.000000 2.540000 0.000000
-0.000000 2.540000 0.000000
-0.000000 2.540000 0.000000
-0.000000 2.540000 0.000000
-0.000000 2.540000 0.000000
-0.000000 2.540000 0.000000
-0.000000 2.540000 0.000000
-0.000000 2.540000 0.000000
-0.000000 2.540000 0.000000
-0.000000 2.540000 0.000000
-0.000000 2.540000 0.000000
-0.000000 2.540000 0.000000
-0.000000 2.540000 0.000000
-0.000000 2.540000 0.000000
-0.000000 2.540000 0.000000
-0.000000 2.540000 0.000000
-0.000000 2.540000 0.000000
-0.000000 2.540000 0.000000
-0.000000 2.540000 0.000000
-0.000000 2.540000 0.000000
-0.000000 2.540000 0.000000
-0.000000 2.540000 0.000000
-0.000000 2.540000 0.000000
-0.000000 2.540000 0.000000
-0.000000 2.540000 0.000000
-0.000000 2.540000 0.000000
-0.000000 2.540000 0.000000
-0.000000 2.540000 0.000000
-0.000000 2.540000 0.000000
-0.000000 2.540000 0.000000
-0.000000 2.540000 0.000000
-0.000000 2.540000 0.000000
-0.000000 2.540000 0.000000
-0.000000 2.540000 0.000000
-0.000000 2.540000 0.000000
0.000000 0.000000 -2.540000
0.000000 0.000000 -2.540000
-0.607862 0.000000 -2.466192
-0.607862 0.000000 -2.466192
0.000000 0.000000 -2.540000
-0.607862 0.000000 -2.466192
-0.607862 0.000000 -2.466192
-0.607862 0.000000 -2.466192
-1.180397 0.000000 -2.249058
-1.180397 0.000000 -2.249058
-0.607862 0.000000 -2.466192
-1.180397 0.000000 -2.249058
-1.180397 0.000000 -2.249058
-1.180397 0.000000 -2.249058
-1.684332 0.000000 -1.901217
-1.684332 0.000000 -1.901217
-1.180397 0.000000 -2.249058
-1.684332 0.000000 -1.901217
-1.684332 0.000000 -1.901217
-1.684332 0.000000 -1.901217
-2.090379 0.000000 -1.442884
-2.090379 0.000000 -1.442884
-1.684332 0.000000 -1.901217
-2.090379 0.000000 -1.442884
-2.090379 0.000000 -1.442884
-2.090379 0.000000 -1.442884
-2.374941 -0.000000 -0.900696
-2.374941 -0.000000 -0.900696
-2.090379 0.000000 -1.442884
-2.374941 -0.000000 -0.900696
-2.374941 -0.000000 -0.900696
-2.374941 -0.000000 -0.900696
-2.521481 -0.000000 -0.306163
-2.521481 -0.000000 -0.306163
-2.374941 -0.000000 -0.900696
-2.521481 -0.000000 -0.306163
-2.521481 -0.000000 -0.306163
-2.521481 -0.000000 -0.306163
-2.521481 -0.000000 0.306163
-2.521481 -0.000000 0.306163
-2.521481 -0.000000 -0.306163
-2.521481 -0.000000 0.306163
-2.521481 -0.000000 0.306163
-2.521481 -0.000000 0.306163
-2.374941 -0.000000 0.900696
-2.374941 -0.000000 0.900696
-2.521481 -0.000000 0.306163
-2.374941 -0.000000 0.900696
-2.374941 -0.000000 0.900696
-2.374941 -0.000000 0.900696
-2.090379 -0.000000 1.442884
-2.090379 -0.000000 1.442884
-2.374941 -0.000000 0.900696
-2.090379 -0.000000 1.442884
-2.090379 -0.000000 1.442884
-2.090379 -0.000000 1.442884
-1.684332 -0.000000 1.901217
-1.684332 -0.000000 1.901217
-2.090379 -0.000000 1.442884
-1.684332 -0.000000 1.901217
-1.684332 -0.000000 1.901217
-1.684332 -0.000000 1.901217
-1.180397 -0.000000 2.249058
-1.180397 -0.000000 2.249058
-1.684332 -0.000000 1.901217
-1.180397 -0.000000 2.249058
-1.180397 -0.000000 2.249058
-1.180397 -0.000000 2.249058
-0.607862 -0.000000 2.466192
-0.607862 -0.000000 2.466192
-1.180397 -0.000000 2.249058
-0.607862 -0.000000 2.466192
-0.607862 -0.000000 2.466192
-0.607862 -0.000000 2.466192
0.000000 -0.000000 2.540000
0.000000 -0.000000 2.540000
-0.607862 -0.000000 2.466192
0.000000 -0.000000 2.540000
-0.000000 2.540000 0.000000
-0.000000 2.540000 0.000000
-0.000000 2.540000 0.000000
-0.000000 2.540000 0.000000
-0.000000 2.540000 0.000000
-0.000000 2.540000 0.000000
-0.000000 2.540000 0.000000
-0.000000 2.540000 0.000000
-0.000000 2.540000 0.000000
-0.000000 2.540000 0.000000
-0.000000 2.540000 0.000000
-0.000000 2.540000 0.000000
-0.000000 2.540000 0.000000
-0.000000 2.540000 0.000000
-0.000000 2.540000 0.000000
-0.000000 2.540000 0.000000
-0.000000 2.540000 0.000000
-0.000000 2.540000 0.000000
-0.000000 2.540000 0.000000
-0.000000 2.540000 0.000000
-0.000000 2.540000 0.000000
-0.000000 2.540000 0.000000
-0.000000 2.540000 0.000000
-0.000000 2.540000 0.000000
-0.000000 2.540000 0.000000
-0.000000 2.540000 0.000000
-0.000000 2.540000 0.000000
-0.000000 2.540000 0.000000
-0.000000 2.540000 0.000000
-0.000000 2.540000 0.000000
-0.000000 2.540000 0.000000
-0.000000 2.540000 0.000000
-0.000000 2.540000 0.000000
-0.000000 2.540000 0.000000
-0.000000 2.540000 0.000000
-0.000000 2.540000 0.000000
-0.000000 2.540000 0.000000
-0.000000 2.540000 0.000000
-0.000000 2.540000 0.000000
-0.000000 2.540000 0.000000
-0.000000 2.540000 0.000000
-0.000000 2.540000 0.000000
-0.000000 2.540000 0.000000
-0.000000 2.540000 0.000000
-0.000000 2.540000 0.000000
-0.000000 2.540000 0.000000
-0.000000 2.540000 0.000000
-0.000000 2.540000 0.000000
-0.000000 2.540000 0.000000
-0.000000 2.540000 0.000000
-0.000000 2.540000 0.000000
-0.000000 2.540000 0.000000
-0.000000 2.540000 0.000000
-0.000000 2.540000 0.000000
-0.000000 2.540000 0.000000
-0.000000 2.540000 0.000000
-0.000000 2.540000 0.000000
-0.000000 2.540000 0.000000
-0.000000 2.540000 0.000000
-0.000000 2.540000 0.000000
-0.000000 2.540000 0.000000
-0.000000 2.540000 0.000000
-0.000000 2.540000 0.000000
-0.000000 2.540000 0.000000
-0.000000 2.540000 0.000000
-0.000000 2.540000 0.000000
-0.000000 2.540000 0.000000
-0.000000 2.540000 0.000000
-0.000000 2.540000 0.000000
-0.000000 2.540000 0.000000
-0.000000 2.540000 0.000000
-0.000000 2.540000 0.000000
0.000000 0.000000 -2.540000
0.000000 0.000000 -2.540000
-0.607862 0.000000 -2.466192
-0.607862 0.000000 -2.466192
0.000000 0.000000 -2.540000
-0.607862 0.000000 -2.466192
-0.607862 0.000000 -2.466192
-0.607862 0.000000 -2.466192
-1.180397 0.000000 -2.249058
-1.180397 0.000000 -2.249058
-0.607862 0.000000 -2.466192
-1.180397 0.000000 -2.249058
-1.180397 0.000000 -2.249058
-1.180397 0.000000 -2.249058
-1.684332 0.000000 -1.901217
-1.684332 0.000000 -1.901217
-1.180397 0.000000 -2.249058
-1.684332 0.000000 -1.901217
-1.684332 0.000000 -1.901217
-1.684332 0.000000 -1.901217
-2.090379 0.000000 -1.442884
-2.090379 0.000000 -1.442884
-1.684332 0.000000 -1.901217
-2.090379 0.000000 -1.442884
-2.090379 0.000000 -1.442884
-2.090379 0.000000 -1.442884
-2.374941 -0.000000 -0.900696
-2.374941 -0.000000 -0.900696
-2.090379 0.000000 -1.442884
-2.374941 -0.000000 -0.900696
-2.374941 -0.000000 -0.900696
-2.374941 -0.000000 -0.900696
-2.521481 -0.000000 -0.306163
-2.521481 -0.000000 -0.306163
-2.374941 -0.000000 -0.900696
-2.521481 -0.000000 -0.306163
-2.521481 -0.000000 -0.306163
-2.521481 -0.000000 -0.306163
-2.521481 -0.000000 0.306163
-2.521481 -0.000000 0.306163
-2.521481 -0.000000 -0.306163
-2.521481 -0.000000 0.306163
-2.521481 -0.000000 0.306163
-2.521481 -0.000000 0.306163
-2.374941 -0.000000 0.900696
-2.374941 -0.000000 0.900696
-2.521481 -0.000000 0.306163
-2.374941 -0.000000 0.900696
-2.374941 -0.000000 0.900696
-2.374941 -0.000000 0.900696
-2.090379 -0.000000 1.442884
-2.090379 -0.000000 1.442884
-2.374941 -0.000000 0.900696
-2.090379 -0.000000 1.442884
-2.090379 -0.000000 1.442884
-2.090379 -0.000000 1.442884
-1.684332 -0.000000 1.901217
-1.684332 -0.000000 1.901217
-2.090379 -0.000000 1.442884
-1.684332 -0.000000 1.901217
-1.684332 -0.000000 1.901217
-1.684332 -0.000000 1.901217
-1.180397 -0.000000 2.249058
-1.180397 -0.000000 2.249058
-1.684332 -0.000000 1.901217
-1.180397 -0.000000 2.249058
-1.180397 -0.000000 2.249058
-1.180397 -0.000000 2.249058
-0.607862 -0.000000 2.466192
-0.607862 -0.000000 2.466192
-1.180397 -0.000000 2.249058
-0.607862 -0.000000 2.466192
-0.607862 -0.000000 2.466192
-0.607862 -0.000000 2.466192
0.000000 -0.000000 2.540000
0.000000 -0.000000 2.540000
-0.607862 -0.000000 2.466192
0.000000 -0.000000 2.540000
0.000000 0.000000 -2.540000
0.000000 0.000000 -2.540000
0.000000 0.000000 -2.540000
0.000000 0.000000 -2.540000
0.000000 0.000000 -2.540000
0.000000 0.000000 -2.540000
-0.000000 2.540000 -0.000000
-0.000000 2.540000 -0.000000
-0.000000 2.540000 -0.000000
-0.000000 2.540000 -0.000000
-0.000000 2.540000 -0.000000
-0.000000 2.540000 -0.000000
-0.000000 2.540000 -0.000000
-0.000000 2.540000 -0.000000
-0.000000 2.540000 -0.000000
-0.000000 2.540000 -0.000000
-0.000000 2.540000 -0.000000
-0.000000 2.540000 -0.000000
-0.000000 2.540000 -0.000000
-0.000000 2.540000 -0.000000
-0.000000 2.540000 -0.000000
-0.000000 2.540000 -0.000000
-0.000000 2.540000 -0.000000
-0.000000 2.540000 -0.000000
-0.000000 2.540000 -0.000000
-0.000000 2.540000 -0.000000
-0.000000 2.540000 -0.000000
-0.000000 2.540000 -0.000000
-0.000000 2.540000 -0.000000
-0.000000 2.540000 -0.000000
-0.000000 2.540000 -0.000000
-0.000000 2.540000 -0.000000
-0.000000 2.540000 -0.000000
-0.000000 2.540000 -0.000000
-0.000000 2.540000 -0.000000
-0.000000 2.540000 -0.000000
-0.000000 2.540000 -0.000000
-0.000000 2.540000 -0.000000
-0.000000 2.540000 -0.000000
-0.000000 2.540000 -0.000000
-0.000000 2.540000 -0.000000
-0.000000 2.540000 -0.000000
-0.000000 2.540000 -0.000000
-0.000000 2.540000 -0.000000
-0.000000 2.540000 -0.000000
-0.000000 2.540000 -0.000000
-0.000000 2.540000 -0.000000
-0.000000 2.540000 -0.000000
-0.000000 2.540000 -0.000000
-0.000000 2.540000 -0.000000
-0.000000 2.540000 -0.000000
0.000000 0.000000 -2.540000
0.000000 0.000000 -2.540000
0.000000 0.000000 -2.540000
0.000000 0.000000 -2.540000
0.000000 0.000000 -2.540000
0.000000 0.000000 -2.540000
2.540000 0.000000 0.000000
2.540000 0.000000 0.000000
2.540000 0.000000 0.000000
2.540000 0.000000 0.000000
2.540000 0.000000 0.000000
2.540000 0.000000 0.000000
2.540000 0.000000 0.000000
2.540000 0.000000 0.000000
2.540000 0.000000 0.000000
2.540000 0.000000 0.000000
2.540000 0.000000 0.000000
2.540000 0.000000 0.000000
2.540000 0.000000 0.000000
2.540000 0.000000 0.000000
2.540000 0.000000 0.000000
2.540000 0.000000 0.000000
2.540000 0.000000 0.000000
2.540000 0.000000 0.000000
2.540000 0.000000 0.000000
2.540000 0.000000 0.000000
2.540000 0.000000 0.000000
2.540000 0.000000 0.000000
2.540000 0.000000 0.000000
2.540000 0.000000 0.000000
2.540000 0.000000 0.000000
2.540000 0.000000 0.000000
2.540000 0.000000 0.000000
2.540000 0.000000 0.000000
2.540000 0.000000 0.000000
2.540000 0.000000 0.000000
2.540000 0.000000 0.000000
2.540000 0.000000 0.000000
2.540000 0.000000 0.000000
2.540000 0.000000 0.000000
2.540000 0.000000 0.000000
2.540000 0.000000 0.000000
2.540000 0.000000 0.000000
2.540000 0.000000 0.000000
2.540000 0.000000 0.000000
2.540000 0.000000 0.000000
2.540000 0.000000 0.000000
2.540000 0.000000 0.000000
-2.540000 -0.000000 0.000000
-2.540000 -0.000000 0.000000
-2.540000 -0.000000 0.000000
-2.540000 -0.000000 0.000000
-2.540000 -0.000000 0.000000
-2.540000 -0.000000 0.000000
-2.540000 -0.000000 0.000000
-2.540000 -0.000000 0.000000
-2.540000 -0.000000 0.000000
-2.540000 -0.000000 0.000000
-2.540000 -0.000000 0.000000
-2.540000 -0.000000 0.000000
-2.540000 -0.000000 0.000000
-2.540000 -0.000000 0.000000
-2.540000 -0.000000 0.000000
-2.540000 -0.000000 0.000000
-2.540000 -0.000000 0.000000
-2.540000 -0.000000 0.000000
-2.540000 -0.000000 0.000000
-2.540000 -0.000000 0.000000
-2.540000 -0.000000 0.000000
-2.540000 -0.000000 0.000000
-2.540000 -0.000000 0.000000
-2.540000 -0.000000 0.000000
-2.540000 -0.000000 0.000000
-2.540000 -0.000000 0.000000
-2.540000 -0.000000 0.000000
-2.540000 -0.000000 0.000000
-2.540000 -0.000000 0.000000
-2.540000 -0.000000 0.000000
-2.540000 -0.000000 0.000000
-2.540000 -0.000000 0.000000
-2.540000 -0.000000 0.000000
-2.540000 -0.000000 0.000000
-2.540000 -0.000000 0.000000
-2.540000 -0.000000 0.000000
-2.540000 -0.000000 0.000000
-2.540000 -0.000000 0.000000
-2.540000 -0.000000 0.000000
-2.540000 -0.000000 0.000000
-2.540000 -0.000000 0.000000
-2.540000 -0.000000 0.000000
-2.540000 -0.000000 0.000000
-2.540000 -0.000000 0.000000
-2.540000 -0.000000 0.000000
-2.540000 -0.000000 0.000000
-2.540000 -0.000000 0.000000
-2.540000 -0.000000 0.000000
-2.540000 -0.000000 0.000000
-2.540000 -0.000000 0.000000
-2.540000 -0.000000 0.000000
-2.540000 -0.000000 0.000000
-2.540000 -0.000000 0.000000
-2.540000 -0.000000 0.000000
-2.540000 -0.000000 0.000000
-2.540000 -0.000000 0.000000
-2.540000 -0.000000 0.000000
-2.540000 -0.000000 0.000000
-2.540000 -0.000000 0.000000
-2.540000 -0.000000 0.000000
-2.540000 -0.000000 0.000000
-2.540000 -0.000000 0.000000
-2.540000 -0.000000 0.000000
-2.540000 -0.000000 0.000000
-2.540000 -0.000000 0.000000
-2.540000 -0.000000 0.000000
-2.540000 -0.000000 0.000000
-2.540000 -0.000000 0.000000
-2.540000 -0.000000 0.000000
-2.540000 -0.000000 0.000000
-2.540000 -0.000000 0.000000
-2.540000 -0.000000 0.000000
-2.540000 -0.000000 0.000000
-2.540000 -0.000000 0.000000
-2.540000 -0.000000 0.000000
-2.540000 -0.000000 0.000000
-2.540000 -0.000000 0.000000
-2.540000 -0.000000 0.000000
-2.540000 -0.000000 0.000000
-2.540000 -0.000000 0.000000
-2.540000 -0.000000 0.000000
-2.540000 -0.000000 0.000000
-2.540000 -0.000000 0.000000
-2.540000 -0.000000 0.000000
-2.540000 -0.000000 0.000000
-2.540000 -0.000000 0.000000
-2.540000 -0.000000 0.000000
-2.540000 -0.000000 0.000000
-2.540000 -0.000000 0.000000
-2.540000 -0.000000 0.000000
-2.540000 -0.000000 0.000000
-2.540000 -0.000000 0.000000
-2.540000 -0.000000 0.000000
-2.540000 -0.000000 0.000000
-2.540000 -0.000000 0.000000
-2.540000 -0.000000 0.000000
-2.540000 -0.000000 0.000000
-2.540000 -0.000000 0.000000
-2.540000 -0.000000 0.000000
-2.540000 -0.000000 0.000000
-2.540000 -0.000000 0.000000
-2.540000 -0.000000 0.000000
-2.540000 -0.000000 0.000000
-2.540000 -0.000000 0.000000
-2.540000 -0.000000 0.000000
-2.540000 -0.000000 0.000000
-2.540000 -0.000000 0.000000
-2.540000 -0.000000 0.000000
-2.540000 -0.000000 0.000000
-2.540000 -0.000000 0.000000
-2.540000 -0.000000 0.000000
-2.540000 -0.000000 0.000000
-2.540000 -0.000000 0.000000
-2.540000 -0.000000 0.000000
-2.540000 -0.000000 0.000000
-2.540000 -0.000000 0.000000
-2.540000 -0.000000 0.000000
-2.540000 -0.000000 0.000000
-2.540000 -0.000000 0.000000
-2.540000 -0.000000 0.000000
-2.540000 -0.000000 0.000000
-2.540000 -0.000000 0.000000
-2.540000 -0.000000 0.000000
-2.540000 -0.000000 0.000000
-2.540000 -0.000000 0.000000
-2.540000 -0.000000 0.000000
-2.540000 -0.000000 0.000000
-2.540000 -0.000000 0.000000
-2.540000 -0.000000 0.000000
-2.540000 -0.000000 0.000000
-2.540000 -0.000000 0.000000
-2.540000 -0.000000 0.000000
-2.540000 -0.000000 0.000000
-2.540000 -0.000000 0.000000
-2.540000 -0.000000 0.000000
-2.540000 -0.000000 0.000000
-2.540000 -0.000000 0.000000
-2.540000 -0.000000 0.000000
-2.540000 -0.000000 0.000000
-2.540000 -0.000000 0.000000
-2.540000 -0.000000 0.000000
-2.540000 -0.000000 0.000000
-2.540000 -0.000000 0.000000
-2.540000 -0.000000 0.000000
-2.540000 -0.000000 0.000000
-2.540000 -0.000000 0.000000
-2.540000 -0.000000 0.000000
-2.540000 -0.000000 0.000000
-2.540000 -0.000000 0.000000
-2.540000 -0.000000 0.000000
-2.540000 -0.000000 0.000000
-2.540000 -0.000000 0.000000
-2.540000 -0.000000 0.000000
-2.540000 -0.000000 0.000000
-2.540000 -0.000000 0.000000
-2.540000 -0.000000 0.000000
-2.540000 -0.000000 0.000000
-2.540000 -0.000000 0.000000
-2.540000 -0.000000 0.000000
-2.540000 -0.000000 0.000000
-2.540000 -0.000000 0.000000
-2.540000 -0.000000 0.000000
-2.540000 -0.000000 0.000000
-2.540000 -0.000000 0.000000
-2.540000 -0.000000 0.000000
-2.540000 -0.000000 0.000000
-2.540000 -0.000000 0.000000
-2.540000 -0.000000 0.000000
-2.540000 -0.000000 0.000000
-2.540000 -0.000000 0.000000
-2.540000 -0.000000 0.000000
-2.540000 -0.000000 0.000000
-2.540000 -0.000000 0.000000
-2.540000 -0.000000 0.000000
-2.540000 -0.000000 0.000000
-2.540000 -0.000000 0.000000
-2.540000 -0.000000 0.000000
-2.540000 -0.000000 0.000000
-2.540000 -0.000000 0.000000
-2.540000 -0.000000 0.000000
-2.540000 -0.000000 0.000000
-2.540000 -0.000000 0.000000
-2.540000 -0.000000 0.000000
-2.540000 -0.000000 0.000000
-2.540000 -0.000000 0.000000
-2.540000 -0.000000 0.000000
-2.540000 -0.000000 0.000000
-2.540000 -0.000000 0.000000
-2.540000 -0.000000 0.000000
-2.540000 -0.000000 0.000000
-2.540000 -0.000000 0.000000
-2.540000 -0.000000 0.000000
-2.540000 -0.000000 0.000000
-2.540000 -0.000000 0.000000
-2.540000 -0.000000 0.000000
-2.540000 -0.000000 0.000000
-2.540000 -0.000000 0.000000
-2.540000 -0.000000 0.000000
-2.540000 -0.000000 0.000000
-2.540000 -0.000000 0.000000
-2.540000 -0.000000 0.000000
-2.540000 -0.000000 0.000000
-2.540000 -0.000000 0.000000
-2.540000 -0.000000 0.000000
-2.540000 -0.000000 0.000000
-2.540000 -0.000000 0.000000
-2.540000 -0.000000 0.000000
-2.540000 -0.000000 0.000000
-2.540000 -0.000000 0.000000
-2.540000 -0.000000 0.000000
-2.540000 -0.000000 0.000000
-2.540000 -0.000000 0.000000
-2.540000 -0.000000 0.000000
-2.540000 -0.000000 0.000000
-2.540000 -0.000000 0.000000
-2.540000 -0.000000 0.000000
-2.540000 -0.000000 0.000000
-2.540000 -0.000000 0.000000
-2.540000 -0.000000 0.000000
-2.540000 -0.000000 0.000000
-2.540000 -0.000000 0.000000
-2.540000 -0.000000 0.000000
-2.540000 -0.000000 0.000000
-2.540000 -0.000000 0.000000
-2.540000 -0.000000 0.000000
-2.540000 -0.000000 0.000000
-2.540000 -0.000000 0.000000
-2.540000 -0.000000 0.000000
-2.540000 -0.000000 0.000000
-2.540000 -0.000000 0.000000
-2.540000 -0.000000 0.000000
-2.540000 -0.000000 0.000000
-2.540000 -0.000000 0.000000
-2.540000 -0.000000 0.000000
-2.540000 -0.000000 0.000000
-2.540000 -0.000000 0.000000
-2.540000 -0.000000 0.000000
-2.540000 -0.000000 0.000000
-2.540000 -0.000000 0.000000
-2.540000 -0.000000 0.000000
-2.540000 -0.000000 0.000000
-2.540000 -0.000000 0.000000
-2.540000 -0.000000 0.000000
-2.540000 -0.000000 0.000000
-2.540000 -0.000000 0.000000
-2.540000 -0.000000 0.000000
-2.540000 -0.000000 0.000000
-2.540000 -0.000000 0.000000
-2.540000 -0.000000 0.000000
-2.540000 -0.000000 0.000000
-2.540000 -0.000000 0.000000
-2.540000 -0.000000 0.000000
-2.540000 -0.000000 0.000000
-2.540000 -0.000000 0.000000
-2.540000 -0.000000 0.000000
-2.540000 -0.000000 0.000000
-2.540000 -0.000000 0.000000
-2.540000 -0.000000 0.000000
-2.540000 -0.000000 0.000000
-2.540000 -0.000000 0.000000
-2.540000 -0.000000 0.000000
-2.540000 -0.000000 0.000000
-2.540000 -0.000000 0.000000
-2.540000 -0.000000 0.000000
-2.540000 -0.000000 0.000000
-2.540000 -0.000000 0.000000
-2.540000 -0.000000 0.000000
-2.540000 -0.000000 0.000000
-2.540000 -0.000000 0.000000
-2.540000 -0.000000 0.000000
-2.540000 -0.000000 0.000000
-2.540000 -0.000000 0.000000
-2.540000 -0.000000 0.000000
-2.540000 -0.000000 0.000000
-2.540000 -0.000000 0.000000
-2.540000 -0.000000 0.000000
-2.540000 -0.000000 0.000000
-2.540000 -0.000000 0.000000
-2.540000 -0.000000 0.000000
-2.540000 -0.000000 0.000000
-2.540000 -0.000000 0.000000
-2.540000 -0.000000 0.000000
-2.540000 -0.000000 0.000000
-2.540000 -0.000000 0.000000
-2.540000 -0.000000 0.000000
-2.540000 -0.000000 0.000000
-2.540000 -0.000000 0.000000
-2.540000 -0.000000 0.000000
-2.540000 -0.000000 0.000000
-2.540000 -0.000000 0.000000
-2.540000 -0.000000 0.000000
-2.540000 -0.000000 0.000000
-2.540000 -0.000000 0.000000
-2.540000 -0.000000 0.000000
-2.540000 -0.000000 0.000000
-2.540000 -0.000000 0.000000
-2.540000 -0.000000 0.000000
-2.540000 -0.000000 0.000000
-2.540000 -0.000000 0.000000
-2.540000 -0.000000 0.000000
-0.000000 -2.540000 0.000000
0.000000 -2.540000 0.000000
0.000000 -2.540000 0.000000
0.000000 -2.540000 0.000000
0.000000 -2.540000 0.000000
0.000000 -2.540000 0.000000
0.000000 2.540000 0.000000
0.000000 2.540000 0.000000
0.000000 2.540000 0.000000
0.000000 2.540000 0.000000
0.000000 2.540000 0.000000
0.000000 2.540000 0.000000
0.000000 0.000000 -2.540000
0.000000 0.000000 -2.540000
0.000000 0.000000 -2.540000
0.000000 0.000000 -2.540000
0.000000 0.000000 -2.540000
0.000000 0.000000 -2.540000
0.000000 0.000000 -2.540000
0.000000 0.000000 -2.540000
0.000000 0.000000 -2.540000
0.000000 0.000000 -2.540000
0.000000 0.000000 -2.540000
0.000000 0.000000 -2.540000
0.000000 0.000000 -2.540000
0.000000 0.000000 -2.540000
0.000000 0.000000 -2.540000
0.000000 0.000000 -2.540000
0.000000 0.000000 -2.540000
0.000000 0.000000 -2.540000
-0.000000 -2.540000 0.000000
0.000000 -2.540000 0.000000
0.000000 -2.476317 -0.565203
0.000000 -2.476317 -0.565203
0.000000 -2.540000 0.000000
0.000000 -2.476317 -0.565203
0.000000 -2.476317 -0.565203
0.000000 -2.476317 -0.565203
0.000000 -2.288461 -1.102065
0.000000 -2.288461 -1.102065
0.000000 -2.476317 -0.565203
0.000000 -2.288461 -1.102065
0.000000 -2.288461 -1.102065
0.000000 -2.288461 -1.102065
0.000000 -1.985852 -1.583664
0.000000 -1.985852 -1.583664
0.000000 -2.288461 -1.102065
0.000000 -1.985852 -1.583664
0.000000 -1.985852 -1.583664
0.000000 -1.985852 -1.583664
0.000000 -1.583664 -1.985852
0.000000 -1.583664 -1.985852
0.000000 -1.985852 -1.583664
0.000000 -1.583664 -1.985852
0.000000 -1.583664 -1.985852
0.000000 -1.583664 -1.985852
0.000000 -1.102065 -2.288461
0.000000 -1.102065 -2.288461
0.000000 -1.583664 -1.985852
0.000000 -1.102065 -2.288461
0.000000 -1.102065 -2.288461
0.000000 -1.102065 -2.288461
0.000000 -0.565203 -2.476317
0.000000 -0.565203 -2.476317
0.000000 -1.102065 -2.288461
0.000000 -0.565203 -2.476317
0.000000 -0.565203 -2.476317
0.000000 -0.565203 -2.476317
0.000000 0.000000 -2.540000
0.000000 0.000000 -2.540000
0.000000 -0.565203 -2.476317
0.000000 0.000000 -2.540000
0.000000 0.000000 -2.540000
0.000000 0.000000 -2.540000
0.000000 -0.565203 -2.476317
0.000000 2.540000 0.000000
0.000000 2.540000 0.000000
0.000000 2.476317 -0.565203
0.000000 2.476317 -0.565203
0.000000 2.540000 0.000000
0.000000 2.476317 -0.565203
0.000000 2.476317 -0.565203
0.000000 2.476317 -0.565203
0.000000 2.288461 -1.102065
0.000000 2.288461 -1.102065
0.000000 2.476317 -0.565203
0.000000 2.288461 -1.102065
0.000000 2.288461 -1.102065
0.000000 2.288461 -1.102065
0.000000 1.985852 -1.583664
0.000000 1.985852 -1.583664
0.000000 2.288461 -1.102065
0.000000 1.985852 -1.583664
0.000000 1.985852 -1.583664
0.000000 1.985852 -1.583664
0.000000 1.583664 -1.985852
0.000000 1.583664 -1.985852
0.000000 1.985852 -1.583664
0.000000 1.583664 -1.985852
0.000000 1.583664 -1.985852
0.000000 1.583664 -1.985852
0.000000 1.102065 -2.288461
0.000000 1.102065 -2.288461
0.000000 1.583664 -1.985852
0.000000 1.102065 -2.288461
0.000000 1.102065 -2.288461
0.000000 1.102065 -2.288461
0.000000 0.565203 -2.476317
0.000000 0.565203 -2.476317
0.000000 1.102065 -2.288461
0.000000 0.565203 -2.476317
0.000000 0.565203 -2.476317
0.000000 0.565203 -2.476317
0.000000 0.000000 -2.540000
0.000000 0.000000 -2.540000
0.000000 0.565203 -2.476317
0.000000 0.000000 -2.540000
0.000000 0.000000 -2.540000
0.000000 0.000000 -2.540000
0.000000 0.565203 -2.476317
-2.540000 -0.000000 0.000000
-2.540000 -0.000000 0.000000
-2.540000 -0.000000 0.000000
-2.540000 -0.000000 0.000000
-2.540000 -0.000000 0.000000
-2.540000 -0.000000 0.000000
-2.540000 -0.000000 0.000000
-2.540000 -0.000000 0.000000
-2.540000 -0.000000 0.000000
-2.540000 -0.000000 0.000000
-2.540000 -0.000000 0.000000
-2.540000 -0.000000 0.000000
-2.540000 -0.000000 0.000000
-2.540000 -0.000000 0.000000
-2.540000 -0.000000 0.000000
-2.540000 -0.000000 0.000000
-2.540000 -0.000000 0.000000
-2.540000 -0.000000 0.000000
-2.540000 -0.000000 0.000000
-2.540000 -0.000000 0.000000
-2.540000 -0.000000 0.000000
-2.540000 -0.000000 0.000000
-2.540000 -0.000000 0.000000
-2.540000 -0.000000 0.000000
-2.540000 -0.000000 0.000000
-2.540000 -0.000000 0.000000
-2.540000 -0.000000 0.000000
-0.000000 2.540000 -0.000000
-0.000000 2.540000 -0.000000
-0.000000 2.540000 -0.000000
-0.000000 2.540000 -0.000000
-0.000000 2.540000 -0.000000
-0.000000 2.540000 -0.000000
-0.000000 2.540000 -0.000000
-0.000000 2.540000 -0.000000
-0.000000 2.540000 -0.000000
-0.000000 2.540000 -0.000000
-0.000000 2.540000 -0.000000
-0.000000 2.540000 -0.000000
-0.000000 2.540000 -0.000000
-0.000000 2.540000 -0.000000
-0.000000 2.540000 -0.000000
-0.000000 2.540000 -0.000000
-0.000000 2.540000 -0.000000
-0.000000 2.540000 -0.000000
-0.000000 2.540000 -0.000000
-0.000000 2.540000 -0.000000
-0.000000 2.540000 -0.000000
0.000000 -2.540000 0.000000
0.000000 -2.540000 0.000000
0.000000 -2.540000 0.000000
0.000000 -2.540000 0.000000
0.000000 -2.540000 0.000000
0.000000 -2.540000 0.000000
0.000000 -2.540000 0.000000
0.000000 -2.540000 0.000000
0.000000 -2.540000 0.000000
0.000000 -2.540000 0.000000
0.000000 -2.540000 0.000000
0.000000 -2.540000 0.000000
0.000000 -2.540000 0.000000
0.000000 -2.540000 0.000000
0.000000 -2.540000 0.000000
0.000000 -2.540000 0.000000
0.000000 -2.540000 0.000000
0.000000 -2.540000 0.000000
0.000000 -2.540000 0.000000
0.000000 -2.540000 0.000000
0.000000 -2.540000 0.000000
-0.000000 0.000000 2.540000
-0.000000 0.000000 2.540000
0.000000 -0.565203 2.476317
0.000000 -0.565203 2.476317
-0.000000 0.000000 2.540000
0.000000 -0.565203 2.476317
0.000000 -0.565203 2.476317
0.000000 -0.565203 2.476317
0.000000 -1.102065 2.288461
0.000000 -1.102065 2.288461
0.000000 -0.565203 2.476317
0.000000 -1.102065 2.288461
0.000000 -1.102065 2.288461
0.000000 -1.102065 2.288461
0.000000 -1.583664 1.985852
0.000000 -1.583664 1.985852
0.000000 -1.102065 2.288461
0.000000 -1.583664 1.985852
0.000000 -1.583664 1.985852
0.000000 -1.583664 1.985852
0.000000 -1.985852 1.583664
0.000000 -1.985852 1.583664
0.000000 -1.583664 1.985852
0.000000 -1.985852 1.583664
0.000000 -1.985852 1.583664
0.000000 -1.985852 1.583664
0.000000 -2.288461 1.102065
0.000000 -2.288461 1.102065
0.000000 -1.985852 1.583664
0.000000 -2.288461 1.102065
0.000000 -2.288461 1.102065
0.000000 -2.288461 1.102065
0.000000 -2.476317 0.565203
0.000000 -2.476317 0.565203
0.000000 -2.288461 1.102065
0.000000 -2.476317 0.565203
0.000000 -2.476317 0.565203
0.000000 -2.476317 0.565203
-0.000000 -2.540000 0.000000
-0.000000 -2.540000 0.000000
0.000000 -2.476317 0.565203
-0.000000 -2.540000 0.000000
0.000000 2.540000 0.000000
0.000000 2.540000 0.000000
-0.000000 2.476317 0.565203
-0.000000 2.476317 0.565203
0.000000 2.540000 0.000000
-0.000000 2.476317 0.565203
-0.000000 2.476317 0.565203
-0.000000 2.476317 0.565203
-0.000000 2.288461 1.102065
-0.000000 2.288461 1.102065
-0.000000 2.476317 0.565203
-0.000000 2.288461 1.102065
-0.000000 2.288461 1.102065
-0.000000 2.288461 1.102065
-0.000000 1.985852 1.583664
-0.000000 1.985852 1.583664
-0.000000 2.288461 1.102065
-0.000000 1.985852 1.583664
-0.000000 1.985852 1.583664
-0.000000 1.985852 1.583664
-0.000000 1.583664 1.985852
-0.000000 1.583664 1.985852
-0.000000 1.985852 1.583664
-0.000000 1.583664 1.985852
-0.000000 1.583664 1.985852
-0.000000 1.583664 1.985852
-0.000000 1.102065 2.288461
-0.000000 1.102065 2.288461
-0.000000 1.583664 1.985852
-0.000000 1.102065 2.288461
-0.000000 1.102065 2.288461
-0.000000 1.102065 2.288461
-0.000000 0.565203 2.476317
-0.000000 0.565203 2.476317
-0.000000 1.102065 2.288461
-0.000000 0.565203 2.476317
-0.000000 0.565203 2.476317
-0.000000 0.565203 2.476317
-0.000000 0.000000 2.540000
-0.000000 0.000000 2.540000
-0.000000 0.565203 2.476317
0.000000 -0.000000 2.540000
2.540000 0.000000 0.000000
2.540000 0.000000 0.000000
2.540000 0.000000 0.000000
2.540000 0.000000 0.000000
2.540000 0.000000 0.000000
2.540000 0.000000 0.000000
2.540000 0.000000 0.000000
2.540000 0.000000 0.000000
2.540000 0.000000 0.000000
2.540000 0.000000 0.000000
2.540000 0.000000 0.000000
2.540000 0.000000 0.000000
2.540000 0.000000 0.000000
2.540000 0.000000 0.000000
2.540000 0.000000 0.000000
2.540000 0.000000 0.000000
2.540000 0.000000 0.000000
2.540000 0.000000 0.000000
2.540000 0.000000 0.000000
2.540000 0.000000 0.000000
2.540000 0.000000 0.000000
2.540000 0.000000 0.000000
2.540000 0.000000 0.000000
2.540000 0.000000 0.000000
2.540000 0.000000 0.000000
2.540000 0.000000 0.000000
2.540000 0.000000 0.000000
2.540000 0.000000 0.000000
2.540000 0.000000 0.000000
2.540000 0.000000 0.000000
2.540000 0.000000 0.000000
2.540000 0.000000 0.000000
2.540000 0.000000 0.000000
2.540000 0.000000 0.000000
2.540000 0.000000 0.000000
2.540000 0.000000 0.000000
2.540000 0.000000 0.000000
2.540000 0.000000 0.000000
2.540000 0.000000 0.000000
2.540000 0.000000 0.000000
2.540000 0.000000 0.000000
2.540000 0.000000 0.000000
2.540000 0.000000 0.000000
2.540000 0.000000 0.000000
2.540000 0.000000 0.000000
2.540000 0.000000 0.000000
2.540000 0.000000 0.000000
2.540000 0.000000 0.000000
2.540000 0.000000 0.000000
2.540000 0.000000 0.000000
2.540000 0.000000 0.000000
2.540000 0.000000 0.000000
2.540000 0.000000 0.000000
2.540000 0.000000 0.000000
2.540000 0.000000 0.000000
2.540000 0.000000 0.000000
2.540000 0.000000 0.000000
2.540000 0.000000 0.000000
2.540000 0.000000 0.000000
2.540000 0.000000 0.000000
2.540000 0.000000 0.000000
2.540000 0.000000 0.000000
2.540000 0.000000 0.000000
2.540000 0.000000 0.000000
2.540000 0.000000 0.000000
2.540000 0.000000 0.000000
-2.540000 -0.000000 0.000000
-2.540000 -0.000000 0.000000
-2.540000 -0.000000 0.000000
-2.540000 -0.000000 0.000000
-2.540000 -0.000000 0.000000
-2.540000 -0.000000 0.000000
-2.540000 -0.000000 0.000000
-2.540000 -0.000000 0.000000
-2.540000 -0.000000 0.000000
-2.540000 -0.000000 0.000000
-2.540000 -0.000000 0.000000
-2.540000 -0.000000 0.000000
-2.540000 -0.000000 0.000000
-2.540000 -0.000000 0.000000
-2.540000 -0.000000 0.000000
-2.540000 -0.000000 0.000000
-2.540000 -0.000000 0.000000
-2.540000 -0.000000 0.000000
-2.540000 -0.000000 0.000000
-2.540000 -0.000000 0.000000
-2.540000 -0.000000 0.000000
-2.540000 -0.000000 0.000000
-2.540000 -0.000000 0.000000
-2.540000 -0.000000 0.000000
-2.540000 -0.000000 0.000000
-2.540000 -0.000000 0.000000
-2.540000 -0.000000 0.000000
-2.540000 -0.000000 0.000000
-2.540000 -0.000000 0.000000
-2.540000 -0.000000 0.000000
-2.540000 -0.000000 0.000000
-2.540000 -0.000000 0.000000
-2.540000 -0.000000 0.000000
-2.540000 -0.000000 0.000000
-2.540000 -0.000000 0.000000
-2.540000 -0.000000 0.000000
-2.540000 -0.000000 0.000000
-2.540000 -0.000000 0.000000
-2.540000 -0.000000 0.000000
-2.540000 -0.000000 0.000000
-2.540000 -0.000000 0.000000
-2.540000 -0.000000 0.000000
-2.540000 -0.000000 0.000000
-2.540000 -0.000000 0.000000
-2.540000 -0.000000 0.000000
-2.540000 -0.000000 0.000000
-2.540000 -0.000000 0.000000
-2.540000 -0.000000 0.000000
-2.540000 -0.000000 0.000000
-2.540000 -0.000000 0.000000
-2.540000 -0.000000 0.000000
-2.540000 -0.000000 0.000000
-2.540000 -0.000000 0.000000
-2.540000 -0.000000 0.000000
-2.540000 -0.000000 0.000000
-2.540000 -0.000000 0.000000
-2.540000 -0.000000 0.000000
-2.540000 -0.000000 0.000000
-2.540000 -0.000000 0.000000
-2.540000 -0.000000 0.000000
-2.540000 -0.000000 0.000000
-2.540000 -0.000000 0.000000
-2.540000 -0.000000 0.000000
-2.540000 -0.000000 0.000000
-2.540000 -0.000000 0.000000
-2.540000 -0.000000 0.000000
-2.540000 -0.000000 0.000000
-2.540000 -0.000000 0.000000
-2.540000 -0.000000 0.000000
-2.540000 -0.000000 0.000000
-2.540000 -0.000000 0.000000
-2.540000 -0.000000 0.000000
-2.540000 -0.000000 0.000000
-2.540000 -0.000000 0.000000
-2.540000 -0.000000 0.000000
-2.540000 -0.000000 0.000000
-2.540000 -0.000000 0.000000
-2.540000 -0.000000 0.000000
-2.540000 -0.000000 0.000000
-2.540000 -0.000000 0.000000
-2.540000 -0.000000 0.000000
-2.540000 -0.000000 0.000000
-2.540000 -0.000000 0.000000
-2.540000 -0.000000 0.000000
-2.540000 -0.000000 0.000000
-2.540000 -0.000000 0.000000
-2.540000 -0.000000 0.000000
-2.540000 -0.000000 0.000000
-2.540000 -0.000000 0.000000
-2.540000 -0.000000 0.000000
-2.540000 -0.000000 0.000000
-2.540000 -0.000000 0.000000
-2.540000 -0.000000 0.000000
-2.540000 -0.000000 0.000000
-2.540000 -0.000000 0.000000
-2.540000 -0.000000 0.000000
-2.540000 -0.000000 0.000000
-2.540000 -0.000000 0.000000
-2.540000 -0.000000 0.000000
-2.540000 -0.000000 0.000000
-2.540000 -0.000000 0.000000
-2.540000 -0.000000 0.000000
-2.540000 -0.000000 0.000000
-2.540000 -0.000000 0.000000
-2.540000 -0.000000 0.000000
-2.540000 -0.000000 0.000000
-2.540000 -0.000000 0.000000
-2.540000 -0.000000 0.000000
-2.540000 -0.000000 0.000000
-2.540000 -0.000000 0.000000
-2.540000 -0.000000 0.000000
-2.540000 -0.000000 0.000000
-2.540000 -0.000000 0.000000
-2.540000 -0.000000 0.000000
-2.540000 -0.000000 0.000000
-2.540000 -0.000000 0.000000
-2.540000 -0.000000 0.000000
-2.540000 -0.000000 0.000000
-2.540000 -0.000000 0.000000
-2.540000 -0.000000 0.000000
-2.540000 -0.000000 0.000000
-2.540000 -0.000000 0.000000
-2.540000 -0.000000 0.000000
-2.540000 -0.000000 0.000000
-2.540000 -0.000000 0.000000
-2.540000 -0.000000 0.000000
-2.540000 -0.000000 0.000000
-2.540000 -0.000000 0.000000
-2.540000 -0.000000 0.000000
-2.540000 -0.000000 0.000000
-2.540000 -0.000000 0.000000
-2.540000 -0.000000 0.000000
-2.540000 -0.000000 0.000000
-2.540000 -0.000000 0.000000
-2.540000 -0.000000 0.000000
-2.540000 -0.000000 0.000000
-2.540000 -0.000000 0.000000
-2.540000 -0.000000 0.000000
-2.540000 -0.000000 0.000000
-2.540000 -0.000000 0.000000
-2.540000 -0.000000 0.000000
-2.540000 -0.000000 0.000000
-2.540000 -0.000000 0.000000
-2.540000 -0.000000 0.000000
-2.540000 -0.000000 0.000000
-2.540000 -0.000000 0.000000
-2.540000 -0.000000 0.000000
-2.540000 -0.000000 0.000000
-2.540000 -0.000000 0.000000
-2.540000 -0.000000 0.000000
-2.540000 -0.000000 0.000000
-2.540000 -0.000000 0.000000
-2.540000 -0.000000 0.000000
-2.540000 -0.000000 0.000000
-2.540000 -0.000000 0.000000
-2.540000 -0.000000 0.000000
-2.540000 -0.000000 0.000000
-2.540000 -0.000000 0.000000
-2.540000 -0.000000 0.000000
-2.540000 -0.000000 0.000000
-2.540000 -0.000000 0.000000
-2.540000 -0.000000 0.000000
-2.540000 -0.000000 0.000000
-2.540000 -0.000000 0.000000
-2.540000 -0.000000 0.000000
-2.540000 -0.000000 0.000000
-2.540000 -0.000000 0.000000
-2.540000 -0.000000 0.000000
-2.540000 -0.000000 0.000000
-2.540000 -0.000000 0.000000
-2.540000 -0.000000 0.000000
-2.540000 -0.000000 0.000000
-2.540000 -0.000000 0.000000
-2.540000 -0.000000 0.000000
-2.540000 -0.000000 0.000000
-2.540000 -0.000000 0.000000
-2.540000 -0.000000 0.000000
-0.000000 2.540000 -0.000000
-0.000000 2.540000 -0.000000
-0.000000 2.466192 0.607862
-0.000000 2.466192 0.607862
-0.000000 2.540000 -0.000000
-0.000000 2.466192 0.607862
-0.000000 2.466192 0.607862
-0.000000 2.466192 0.607862
-0.000000 2.249058 1.180397
-0.000000 2.249058 1.180397
-0.000000 2.466192 0.607862
-0.000000 2.249058 1.180397
-0.000000 2.249058 1.180397
-0.000000 2.249058 1.180397
-0.000000 1.901217 1.684332
-0.000000 1.901217 1.684332
-0.000000 2.249058 1.180397
-0.000000 1.901217 1.684332
-0.000000 1.901217 1.684332
-0.000000 1.901217 1.684332
-0.000000 1.442884 2.090379
-0.000000 1.442884 2.090379
-0.000000 1.901217 1.684332
-0.000000 1.442884 2.090379
-0.000000 1.442884 2.090379
-0.000000 1.442884 2.090379
-0.000000 0.900696 2.374941
-0.000000 0.900696 2.374941
-0.000000 1.442884 2.090379
-0.000000 0.900696 2.374941
-0.000000 0.900696 2.374941
-0.000000 0.900696 2.374941
-0.000000 0.306163 2.521481
-0.000000 0.306163 2.521481
-0.000000 0.900696 2.374941
-0.000000 0.306163 2.521481
-0.000000 0.306163 2.521481
-0.000000 0.306163 2.521481
0.000000 -0.306163 2.521481
0.000000 -0.306163 2.521481
-0.000000 0.306163 2.521481
0.000000 -0.306163 2.521481
0.000000 -0.306163 2.521481
0.000000 -0.306163 2.521481
0.000000 -0.900696 2.374941
0.000000 -0.900696 2.374941
0.000000 -0.306163 2.521481
0.000000 -0.900696 2.374941
0.000000 -0.900696 2.374941
0.000000 -0.900696 2.374941
0.000000 -1.442884 2.090379
0.000000 -1.442884 2.090379
0.000000 -0.900696 2.374941
0.000000 -1.442884 2.090379
0.000000 -1.442884 2.090379
0.000000 -1.442884 2.090379
0.000000 -1.901217 1.684332
0.000000 -1.901217 1.684332
0.000000 -1.442884 2.090379
0.000000 -1.901217 1.684332
0.000000 -1.901217 1.684332
0.000000 -1.901217 1.684332
0.000000 -2.249058 1.180397
0.000000 -2.249058 1.180397
0.000000 -1.901217 1.684332
0.000000 -2.249058 1.180397
0.000000 -2.249058 1.180397
0.000000 -2.249058 1.180397
0.000000 -2.466192 0.607862
0.000000 -2.466192 0.607862
0.000000 -2.249058 1.180397
0.000000 -2.466192 0.607862
0.000000 -2.466192 0.607862
0.000000 -2.466192 0.607862
0.000000 -2.540000 0.000000
0.000000 -2.540000 0.000000
0.000000 -2.466192 0.607862
0.000000 -2.540000 0.000000
-2.540000 -0.000000 0.000000
-2.540000 -0.000000 0.000000
-2.540000 -0.000000 0.000000
-2.540000 -0.000000 0.000000
-2.540000 -0.000000 0.000000
-2.540000 -0.000000 0.000000
-2.540000 -0.000000 0.000000
-2.540000 -0.000000 0.000000
-2.540000 -0.000000 0.000000
-2.540000 -0.000000 0.000000
-2.540000 -0.000000 0.000000
-2.540000 -0.000000 0.000000
-2.540000 -0.000000 0.000000
-2.540000 -0.000000 0.000000
-2.540000 -0.000000 0.000000
-2.540000 -0.000000 0.000000
-2.540000 -0.000000 0.000000
-2.540000 -0.000000 0.000000
-2.540000 -0.000000 0.000000
-2.540000 -0.000000 0.000000
-2.540000 -0.000000 0.000000
-2.540000 -0.000000 0.000000
-2.540000 -0.000000 0.000000
-2.540000 -0.000000 0.000000
-2.540000 -0.000000 0.000000
-2.540000 -0.000000 0.000000
-2.540000 -0.000000 0.000000
-2.540000 -0.000000 0.000000
-2.540000 -0.000000 0.000000
-2.540000 -0.000000 0.000000
-2.540000 -0.000000 0.000000
-2.540000 -0.000000 0.000000
-2.540000 -0.000000 0.000000
-2.540000 -0.000000 0.000000
-2.540000 -0.000000 0.000000
-2.540000 -0.000000 0.000000
-2.540000 -0.000000 0.000000
-2.540000 -0.000000 0.000000
-2.540000 -0.000000 0.000000
-2.540000 -0.000000 0.000000
-2.540000 -0.000000 0.000000
-2.540000 -0.000000 0.000000
-2.540000 -0.000000 0.000000
-2.540000 -0.000000 0.000000
-2.540000 -0.000000 0.000000
-2.540000 -0.000000 0.000000
-2.540000 -0.000000 0.000000
-2.540000 -0.000000 0.000000
-2.540000 -0.000000 0.000000
-2.540000 -0.000000 0.000000
-2.540000 -0.000000 0.000000
-2.540000 -0.000000 0.000000
-2.540000 -0.000000 0.000000
-2.540000 -0.000000 0.000000
-2.540000 -0.000000 0.000000
-2.540000 -0.000000 0.000000
-2.540000 -0.000000 0.000000
-2.540000 -0.000000 0.000000
-2.540000 -0.000000 0.000000
-2.540000 -0.000000 0.000000
-2.540000 -0.000000 0.000000
-2.540000 -0.000000 0.000000
-2.540000 -0.000000 0.000000
-2.540000 -0.000000 0.000000
-2.540000 -0.000000 0.000000
-2.540000 -0.000000 0.000000
-2.540000 -0.000000 0.000000
-2.540000 -0.000000 0.000000
-2.540000 -0.000000 0.000000
-2.540000 -0.000000 0.000000
-2.540000 -0.000000 0.000000
-2.540000 -0.000000 0.000000
-2.540000 -0.000000 0.000000
-2.540000 -0.000000 0.000000
-2.540000 -0.000000 0.000000
-2.540000 -0.000000 0.000000
-2.540000 -0.000000 0.000000
-2.540000 -0.000000 0.000000
-2.540000 -0.000000 0.000000
-2.540000 -0.000000 0.000000
-2.540000 -0.000000 0.000000
-2.540000 -0.000000 0.000000
-2.540000 -0.000000 0.000000
-2.540000 -0.000000 0.000000
-2.540000 -0.000000 0.000000
-2.540000 -0.000000 0.000000
-2.540000 -0.000000 0.000000
-2.540000 -0.000000 0.000000
-2.540000 -0.000000 0.000000
-2.540000 -0.000000 0.000000
-2.540000 -0.000000 0.000000
-2.540000 -0.000000 0.000000
-2.540000 -0.000000 0.000000
-2.540000 -0.000000 0.000000
-2.540000 -0.000000 0.000000
-2.540000 -0.000000 0.000000
-2.540000 -0.000000 0.000000
-2.540000 -0.000000 0.000000
-2.540000 -0.000000 0.000000
-2.540000 -0.000000 0.000000
-2.540000 -0.000000 0.000000
-2.540000 -0.000000 0.000000
-2.540000 -0.000000 0.000000
-2.540000 -0.000000 0.000000
-2.540000 -0.000000 0.000000
-2.540000 -0.000000 0.000000
-2.540000 -0.000000 0.000000
-2.540000 -0.000000 0.000000
-2.540000 -0.000000 0.000000
-2.540000 -0.000000 0.000000
-2.540000 -0.000000 0.000000
-2.540000 -0.000000 0.000000
-2.540000 -0.000000 0.000000
-2.540000 -0.000000 0.000000
-2.540000 -0.000000 0.000000
-2.540000 -0.000000 0.000000
-2.540000 -0.000000 0.000000
-2.540000 -0.000000 0.000000
-2.540000 -0.000000 0.000000
-2.540000 -0.000000 0.000000
-2.540000 -0.000000 0.000000
-2.540000 -0.000000 0.000000
-2.540000 -0.000000 0.000000
-2.540000 -0.000000 0.000000
-2.540000 -0.000000 0.000000
-2.540000 -0.000000 0.000000
-2.540000 -0.000000 0.000000
-2.540000 -0.000000 0.000000
-2.540000 -0.000000 0.000000
-2.540000 -0.000000 0.000000
-2.540000 -0.000000 0.000000
-2.540000 -0.000000 0.000000
-2.540000 -0.000000 0.000000
-2.540000 -0.000000 0.000000
-2.540000 -0.000000 0.000000
-2.540000 -0.000000 0.000000
-2.540000 -0.000000 0.000000
-2.540000 -0.000000 0.000000
-2.540000 -0.000000 0.000000
-2.540000 -0.000000 0.000000
-2.540000 -0.000000 0.000000
-2.540000 -0.000000 0.000000
-2.540000 -0.000000 0.000000
-2.540000 -0.000000 0.000000
-2.540000 -0.000000 0.000000
-2.540000 -0.000000 0.000000
-2.540000 -0.000000 0.000000
-2.540000 -0.000000 0.000000
-2.540000 -0.000000 0.000000
-2.540000 -0.000000 0.000000
-2.540000 -0.000000 0.000000
-2.540000 -0.000000 0.000000
-2.540000 -0.000000 0.000000
-2.540000 -0.000000 0.000000
-2.540000 -0.000000 0.000000
-2.540000 -0.000000 0.000000
-0.000000 2.540000 -0.000000
-0.000000 2.540000 -0.000000
-0.000000 2.466192 0.607862
-0.000000 2.466192 0.607862
-0.000000 2.540000 -0.000000
-0.000000 2.466192 0.607862
-0.000000 2.466192 0.607862
-0.000000 2.466192 0.607862
-0.000000 2.249058 1.180397
-0.000000 2.249058 1.180397
-0.000000 2.466192 0.607862
-0.000000 2.249058 1.180397
-0.000000 2.249058 1.180397
-0.000000 2.249058 1.180397
-0.000000 1.901217 1.684332
-0.000000 1.901217 1.684332
-0.000000 2.249058 1.180397
-0.000000 1.901217 1.684332
-0.000000 1.901217 1.684332
-0.000000 1.901217 1.684332
-0.000000 1.442884 2.090379
-0.000000 1.442884 2.090379
-0.000000 1.901217 1.684332
-0.000000 1.442884 2.090379
-0.000000 1.442884 2.090379
-0.000000 1.442884 2.090379
-0.000000 0.900696 2.374941
-0.000000 0.900696 2.374941
-0.000000 1.442884 2.090379
-0.000000 0.900696 2.374941
-0.000000 0.900696 2.374941
-0.000000 0.900696 2.374941
-0.000000 0.306163 2.521481
-0.000000 0.306163 2.521481
-0.000000 0.900696 2.374941
-0.000000 0.306163 2.521481
-0.000000 0.306163 2.521481
-0.000000 0.306163 2.521481
0.000000 -0.306163 2.521481
0.000000 -0.306163 2.521481
-0.000000 0.306163 2.521481
0.000000 -0.306163 2.521481
0.000000 -0.306163 2.521481
0.000000 -0.306163 2.521481
0.000000 -0.900696 2.374941
0.000000 -0.900696 2.374941
0.000000 -0.306163 2.521481
0.000000 -0.900696 2.374941
0.000000 -0.900696 2.374941
0.000000 -0.900696 2.374941
0.000000 -1.442884 2.090379
0.000000 -1.442884 2.090379
0.000000 -0.900696 2.374941
0.000000 -1.442884 2.090379
0.000000 -1.442884 2.090379
0.000000 -1.442884 2.090379
0.000000 -1.901217 1.684332
0.000000 -1.901217 1.684332
0.000000 -1.442884 2.090379
0.000000 -1.901217 1.684332
0.000000 -1.901217 1.684332
0.000000 -1.901217 1.684332
0.000000 -2.249058 1.180397
0.000000 -2.249058 1.180397
0.000000 -1.901217 1.684332
0.000000 -2.249058 1.180397
0.000000 -2.249058 1.180397
0.000000 -2.249058 1.180397
0.000000 -2.466192 0.607862
0.000000 -2.466192 0.607862
0.000000 -2.249058 1.180397
0.000000 -2.466192 0.607862
0.000000 -2.466192 0.607862
0.000000 -2.466192 0.607862
0.000000 -2.540000 0.000000
0.000000 -2.540000 0.000000
0.000000 -2.466192 0.607862
0.000000 -2.540000 0.000000
-2.540000 -0.000000 0.000000
-2.540000 -0.000000 0.000000
-2.540000 -0.000000 0.000000
-2.540000 -0.000000 0.000000
-2.540000 -0.000000 0.000000
-2.540000 -0.000000 0.000000
-2.540000 -0.000000 0.000000
-2.540000 -0.000000 0.000000
-2.540000 -0.000000 0.000000
-2.540000 -0.000000 0.000000
-2.540000 -0.000000 0.000000
-2.540000 -0.000000 0.000000
-2.540000 -0.000000 0.000000
-2.540000 -0.000000 0.000000
-2.540000 -0.000000 0.000000
-2.540000 -0.000000 0.000000
-2.540000 -0.000000 0.000000
-2.540000 -0.000000 0.000000
-2.540000 -0.000000 0.000000
-2.540000 -0.000000 0.000000
-2.540000 -0.000000 0.000000
-2.540000 -0.000000 0.000000
-2.540000 -0.000000 0.000000
-2.540000 -0.000000 0.000000
-2.540000 -0.000000 0.000000
-2.540000 -0.000000 0.000000
-2.540000 -0.000000 0.000000
-2.540000 -0.000000 0.000000
-2.540000 -0.000000 0.000000
-2.540000 -0.000000 0.000000
-2.540000 -0.000000 0.000000
-2.540000 -0.000000 0.000000
-2.540000 -0.000000 0.000000
-2.540000 -0.000000 0.000000
-2.540000 -0.000000 0.000000
-2.540000 -0.000000 0.000000
-2.540000 -0.000000 0.000000
-2.540000 -0.000000 0.000000
-2.540000 -0.000000 0.000000
-2.540000 -0.000000 0.000000
-2.540000 -0.000000 0.000000
-2.540000 -0.000000 0.000000
-2.540000 -0.000000 0.000000
-2.540000 -0.000000 0.000000
-2.540000 -0.000000 0.000000
-2.540000 -0.000000 0.000000
-2.540000 -0.000000 0.000000
-2.540000 -0.000000 0.000000
-2.540000 -0.000000 0.000000
-2.540000 -0.000000 0.000000
-2.540000 -0.000000 0.000000
-2.540000 -0.000000 0.000000
-2.540000 -0.000000 0.000000
-2.540000 -0.000000 0.000000
-2.540000 -0.000000 0.000000
-2.540000 -0.000000 0.000000
-2.540000 -0.000000 0.000000
-2.540000 -0.000000 0.000000
-2.540000 -0.000000 0.000000
-2.540000 -0.000000 0.000000
-2.540000 -0.000000 0.000000
-2.540000 -0.000000 0.000000
-2.540000 -0.000000 0.000000
-2.540000 -0.000000 0.000000
-2.540000 -0.000000 0.000000
-2.540000 -0.000000 0.000000
-2.540000 -0.000000 0.000000
-2.540000 -0.000000 0.000000
-2.540000 -0.000000 0.000000
-2.540000 -0.000000 0.000000
-2.540000 -0.000000 0.000000
-2.540000 -0.000000 0.000000
-2.540000 -0.000000 0.000000
-2.540000 -0.000000 0.000000
-2.540000 -0.000000 0.000000
-2.540000 -0.000000 0.000000
-2.540000 -0.000000 0.000000
-2.540000 -0.000000 0.000000
-2.540000 -0.000000 0.000000
-2.540000 -0.000000 0.000000
-2.540000 -0.000000 0.000000
-2.540000 -0.000000 0.000000
-2.540000 -0.000000 0.000000
-2.540000 -0.000000 0.000000
-2.540000 -0.000000 0.000000
-2.540000 -0.000000 0.000000
-2.540000 -0.000000 0.000000
-2.540000 -0.000000 0.000000
-2.540000 -0.000000 0.000000
-2.540000 -0.000000 0.000000
-2.540000 -0.000000 0.000000
-2.540000 -0.000000 0.000000
-2.540000 -0.000000 0.000000
-2.540000 -0.000000 0.000000
-2.540000 -0.000000 0.000000
-2.540000 -0.000000 0.000000
-2.540000 -0.000000 0.000000
-2.540000 -0.000000 0.000000
-2.540000 -0.000000 0.000000
-2.540000 -0.000000 0.000000
-2.540000 -0.000000 0.000000
-2.540000 -0.000000 0.000000
-2.540000 -0.000000 0.000000
-2.540000 -0.000000 0.000000
-2.540000 -0.000000 0.000000
-2.540000 -0.000000 0.000000
-2.540000 -0.000000 0.000000
-2.540000 -0.000000 0.000000
-2.540000 -0.000000 0.000000
-2.540000 -0.000000 0.000000
-2.540000 -0.000000 0.000000
-2.540000 -0.000000 0.000000
-2.540000 -0.000000 0.000000
-2.540000 -0.000000 0.000000
-2.540000 -0.000000 0.000000
-2.540000 -0.000000 0.000000
-2.540000 -0.000000 0.000000
-2.540000 -0.000000 0.000000
-2.540000 -0.000000 0.000000
-2.540000 -0.000000 0.000000
-2.540000 -0.000000 0.000000
-2.540000 -0.000000 0.000000
-2.540000 -0.000000 0.000000
-2.540000 -0.000000 0.000000
-2.540000 -0.000000 0.000000
-2.540000 -0.000000 0.000000
-2.540000 -0.000000 0.000000
-2.540000 -0.000000 0.000000
-2.540000 -0.000000 0.000000
-2.540000 -0.000000 0.000000
-2.540000 -0.000000 0.000000
-2.540000 -0.000000 0.000000
-2.540000 -0.000000 0.000000
-2.540000 -0.000000 0.000000
-2.540000 -0.000000 0.000000
-2.540000 -0.000000 0.000000
-2.540000 -0.000000 0.000000
-2.540000 -0.000000 0.000000
-2.540000 -0.000000 0.000000
-2.540000 -0.000000 0.000000
-2.540000 -0.000000 0.000000
-2.540000 -0.000000 0.000000
-2.540000 -0.000000 0.000000
-2.540000 -0.000000 0.000000
-2.540000 -0.000000 0.000000
-2.540000 -0.000000 0.000000
-2.540000 -0.000000 0.000000
-2.540000 -0.000000 0.000000
-2.540000 -0.000000 0.000000
-2.540000 -0.000000 0.000000
-2.540000 -0.000000 0.000000
-2.540000 -0.000000 0.000000
-2.540000 -0.000000 0.000000
-2.540000 -0.000000 0.000000
-2.540000 -0.000000 0.000000
-2.540000 -0.000000 0.000000
-0.000000 2.540000 -0.000000
-0.000000 2.540000 -0.000000
-0.000000 2.466192 0.607862
-0.000000 2.466192 0.607862
-0.000000 2.540000 -0.000000
-0.000000 2.466192 0.607862
-0.000000 2.466192 0.607862
-0.000000 2.466192 0.607862
-0.000000 2.249058 1.180397
-0.000000 2.249058 1.180397
-0.000000 2.466192 0.607862
-0.000000 2.249058 1.180397
-0.000000 2.249058 1.180397
-0.000000 2.249058 1.180397
-0.000000 1.901217 1.684332
-0.000000 1.901217 1.684332
-0.000000 2.249058 1.180397
-0.000000 1.901217 1.684332
-0.000000 1.901217 1.684332
-0.000000 1.901217 1.684332
-0.000000 1.442884 2.090379
-0.000000 1.442884 2.090379
-0.000000 1.901217 1.684332
-0.000000 1.442884 2.090379
-0.000000 1.442884 2.090379
-0.000000 1.442884 2.090379
-0.000000 0.900696 2.374941
-0.000000 0.900696 2.374941
-0.000000 1.442884 2.090379
-0.000000 0.900696 2.374941
-0.000000 0.900696 2.374941
-0.000000 0.900696 2.374941
-0.000000 0.306163 2.521481
-0.000000 0.306163 2.521481
-0.000000 0.900696 2.374941
-0.000000 0.306163 2.521481
-0.000000 0.306163 2.521481
-0.000000 0.306163 2.521481
0.000000 -0.306163 2.521481
0.000000 -0.306163 2.521481
-0.000000 0.306163 2.521481
0.000000 -0.306163 2.521481
0.000000 -0.306163 2.521481
0.000000 -0.306163 2.521481
0.000000 -0.900696 2.374941
0.000000 -0.900696 2.374941
0.000000 -0.306163 2.521481
0.000000 -0.900696 2.374941
0.000000 -0.900696 2.374941
0.000000 -0.900696 2.374941
0.000000 -1.442884 2.090379
0.000000 -1.442884 2.090379
0.000000 -0.900696 2.374941
0.000000 -1.442884 2.090379
0.000000 -1.442884 2.090379
0.000000 -1.442884 2.090379
0.000000 -1.901217 1.684332
0.000000 -1.901217 1.684332
0.000000 -1.442884 2.090379
0.000000 -1.901217 1.684332
0.000000 -1.901217 1.684332
0.000000 -1.901217 1.684332
0.000000 -2.249058 1.180397
0.000000 -2.249058 1.180397
0.000000 -1.901217 1.684332
0.000000 -2.249058 1.180397
0.000000 -2.249058 1.180397
0.000000 -2.249058 1.180397
0.000000 -2.466192 0.607862
0.000000 -2.466192 0.607862
0.000000 -2.249058 1.180397
0.000000 -2.466192 0.607862
0.000000 -2.466192 0.607862
0.000000 -2.466192 0.607862
0.000000 -2.540000 0.000000
0.000000 -2.540000 0.000000
0.000000 -2.466192 0.607862
0.000000 -2.540000 0.000000
-2.540000 -0.000000 0.000000
-2.540000 -0.000000 0.000000
-2.540000 -0.000000 0.000000
-2.540000 -0.000000 0.000000
-2.540000 -0.000000 0.000000
-2.540000 -0.000000 0.000000
-2.540000 -0.000000 0.000000
-2.540000 -0.000000 0.000000
-2.540000 -0.000000 0.000000
-2.540000 -0.000000 0.000000
-2.540000 -0.000000 0.000000
-2.540000 -0.000000 0.000000
-2.540000 -0.000000 0.000000
-2.540000 -0.000000 0.000000
-2.540000 -0.000000 0.000000
-2.540000 -0.000000 0.000000
-2.540000 -0.000000 0.000000
-2.540000 -0.000000 0.000000
-2.540000 -0.000000 0.000000
-2.540000 -0.000000 0.000000
-2.540000 -0.000000 0.000000
-2.540000 -0.000000 0.000000
-2.540000 -0.000000 0.000000
-2.540000 -0.000000 0.000000
-2.540000 -0.000000 0.000000
-2.540000 -0.000000 0.000000
-2.540000 -0.000000 0.000000
-2.540000 -0.000000 0.000000
-2.540000 -0.000000 0.000000
-2.540000 -0.000000 0.000000
-2.540000 -0.000000 0.000000
-2.540000 -0.000000 0.000000
-2.540000 -0.000000 0.000000
-2.540000 -0.000000 0.000000
-2.540000 -0.000000 0.000000
-2.540000 -0.000000 0.000000
-2.540000 -0.000000 0.000000
-2.540000 -0.000000 0.000000
-2.540000 -0.000000 0.000000
-2.540000 -0.000000 0.000000
-2.540000 -0.000000 0.000000
-2.540000 -0.000000 0.000000
-2.540000 -0.000000 0.000000
-2.540000 -0.000000 0.000000
-2.540000 -0.000000 0.000000
-2.540000 -0.000000 0.000000
-2.540000 -0.000000 0.000000
-2.540000 -0.000000 0.000000
-2.540000 -0.000000 0.000000
-2.540000 -0.000000 0.000000
-2.540000 -0.000000 0.000000
-2.540000 -0.000000 0.000000
-2.540000 -0.000000 0.000000
-2.540000 -0.000000 0.000000
-2.540000 -0.000000 0.000000
-2.540000 -0.000000 0.000000
-2.540000 -0.000000 0.000000
-2.540000 -0.000000 0.000000
-2.540000 -0.000000 0.000000
-2.540000 -0.000000 0.000000
-2.540000 -0.000000 0.000000
-2.540000 -0.000000 0.000000
-2.540000 -0.000000 0.000000
-2.540000 -0.000000 0.000000
-2.540000 -0.000000 0.000000
-2.540000 -0.000000 0.000000
-2.540000 -0.000000 0.000000
-2.540000 -0.000000 0.000000
-2.540000 -0.000000 0.000000
-2.540000 -0.000000 0.000000
-2.540000 -0.000000 0.000000
-2.540000 -0.000000 0.000000
-0.000000 2.540000 -0.000000
-0.000000 2.540000 -0.000000
-0.000000 2.466192 0.607862
-0.000000 2.466192 0.607862
-0.000000 2.540000 -0.000000
-0.000000 2.466192 0.607862
-0.000000 2.466192 0.607862
-0.000000 2.466192 0.607862
-0.000000 2.249058 1.180397
-0.000000 2.249058 1.180397
-0.000000 2.466192 0.607862
-0.000000 2.249058 1.180397
-0.000000 2.249058 1.180397
-0.000000 2.249058 1.180397
-0.000000 1.901217 1.684332
-0.000000 1.901217 1.684332
-0.000000 2.249058 1.180397
-0.000000 1.901217 1.684332
-0.000000 1.901217 1.684332
-0.000000 1.901217 1.684332
-0.000000 1.442884 2.090379
-0.000000 1.442884 2.090379
-0.000000 1.901217 1.684332
-0.000000 1.442884 2.090379
-0.000000 1.442884 2.090379
-0.000000 1.442884 2.090379
-0.000000 0.900696 2.374941
-0.000000 0.900696 2.374941
-0.000000 1.442884 2.090379
-0.000000 0.900696 2.374941
-0.000000 0.900696 2.374941
-0.000000 0.900696 2.374941
-0.000000 0.306163 2.521481
-0.000000 0.306163 2.521481
-0.000000 0.900696 2.374941
-0.000000 0.306163 2.521481
-0.000000 0.306163 2.521481
-0.000000 0.306163 2.521481
0.000000 -0.306163 2.521481
0.000000 -0.306163 2.521481
-0.000000 0.306163 2.521481
0.000000 -0.306163 2.521481
0.000000 -0.306163 2.521481
0.000000 -0.306163 2.521481
0.000000 -0.900696 2.374941
0.000000 -0.900696 2.374941
0.000000 -0.306163 2.521481
0.000000 -0.900696 2.374941
0.000000 -0.900696 2.374941
0.000000 -0.900696 2.374941
0.000000 -1.442884 2.090379
0.000000 -1.442884 2.090379
0.000000 -0.900696 2.374941
0.000000 -1.442884 2.090379
0.000000 -1.442884 2.090379
0.000000 -1.442884 2.090379
0.000000 -1.901217 1.684332
0.000000 -1.901217 1.684332
0.000000 -1.442884 2.090379
0.000000 -1.901217 1.684332
0.000000 -1.901217 1.684332
0.000000 -1.901217 1.684332
0.000000 -2.249058 1.180397
0.000000 -2.249058 1.180397
0.000000 -1.901217 1.684332
0.000000 -2.249058 1.180397
0.000000 -2.249058 1.180397
0.000000 -2.249058 1.180397
0.000000 -2.466192 0.607862
0.000000 -2.466192 0.607862
0.000000 -2.249058 1.180397
0.000000 -2.466192 0.607862
0.000000 -2.466192 0.607862
0.000000 -2.466192 0.607862
0.000000 -2.540000 0.000000
0.000000 -2.540000 0.000000
0.000000 -2.466192 0.607862
0.000000 -2.540000 0.000000
-2.540000 -0.000000 0.000000
-2.540000 -0.000000 0.000000
-2.540000 -0.000000 0.000000
-2.540000 -0.000000 0.000000
-2.540000 -0.000000 0.000000
-2.540000 -0.000000 0.000000
-2.540000 -0.000000 0.000000
-2.540000 -0.000000 0.000000
-2.540000 -0.000000 0.000000
-2.540000 -0.000000 0.000000
-2.540000 -0.000000 0.000000
-2.540000 -0.000000 0.000000
-2.540000 -0.000000 0.000000
-2.540000 -0.000000 0.000000
-2.540000 -0.000000 0.000000
-2.540000 -0.000000 0.000000
-2.540000 -0.000000 0.000000
-2.540000 -0.000000 0.000000
-2.540000 -0.000000 0.000000
-2.540000 -0.000000 0.000000
-2.540000 -0.000000 0.000000
-2.540000 -0.000000 0.000000
-2.540000 -0.000000 0.000000
-2.540000 -0.000000 0.000000
-2.540000 -0.000000 0.000000
-2.540000 -0.000000 0.000000
-2.540000 -0.000000 0.000000
-2.540000 -0.000000 0.000000
-2.540000 -0.000000 0.000000
-2.540000 -0.000000 0.000000
-2.540000 -0.000000 0.000000
-2.540000 -0.000000 0.000000
-2.540000 -0.000000 0.000000
-2.540000 -0.000000 0.000000
-2.540000 -0.000000 0.000000
-2.540000 -0.000000 0.000000
-2.540000 -0.000000 0.000000
-2.540000 -0.000000 0.000000
-2.540000 -0.000000 0.000000
-2.540000 -0.000000 0.000000
-2.540000 -0.000000 0.000000
-2.540000 -0.000000 0.000000
-2.540000 -0.000000 0.000000
-2.540000 -0.000000 0.000000
-2.540000 -0.000000 0.000000
-2.540000 -0.000000 0.000000
-2.540000 -0.000000 0.000000
-2.540000 -0.000000 0.000000
-2.540000 -0.000000 0.000000
-2.540000 -0.000000 0.000000
-2.540000 -0.000000 0.000000
-2.540000 -0.000000 0.000000
-2.540000 -0.000000 0.000000
-2.540000 -0.000000 0.000000
-2.540000 -0.000000 0.000000
-2.540000 -0.000000 0.000000
-2.540000 -0.000000 0.000000
-2.540000 -0.000000 0.000000
-2.540000 -0.000000 0.000000
-2.540000 -0.000000 0.000000
-2.540000 -0.000000 0.000000
-2.540000 -0.000000 0.000000
-2.540000 -0.000000 0.000000
-2.540000 -0.000000 0.000000
-2.540000 -0.000000 0.000000
-2.540000 -0.000000 0.000000
-2.540000 -0.000000 0.000000
-2.540000 -0.000000 0.000000
-2.540000 -0.000000 0.000000
-2.540000 -0.000000 0.000000
-2.540000 -0.000000 0.000000
-2.540000 -0.000000 0.000000
-0.000000 2.540000 -0.000000
-0.000000 2.540000 -0.000000
-0.000000 2.466192 0.607862
-0.000000 2.466192 0.607862
-0.000000 2.540000 -0.000000
-0.000000 2.466192 0.607862
-0.000000 2.466192 0.607862
-0.000000 2.466192 0.607862
-0.000000 2.249058 1.180397
-0.000000 2.249058 1.180397
-0.000000 2.466192 0.607862
-0.000000 2.249058 1.180397
-0.000000 2.249058 1.180397
-0.000000 2.249058 1.180397
-0.000000 1.901217 1.684332
-0.000000 1.901217 1.684332
-0.000000 2.249058 1.180397
-0.000000 1.901217 1.684332
-0.000000 1.901217 1.684332
-0.000000 1.901217 1.684332
-0.000000 1.442884 2.090379
-0.000000 1.442884 2.090379
-0.000000 1.901217 1.684332
-0.000000 1.442884 2.090379
-0.000000 1.442884 2.090379
-0.000000 1.442884 2.090379
-0.000000 0.900696 2.374941
-0.000000 0.900696 2.374941
-0.000000 1.442884 2.090379
-0.000000 0.900696 2.374941
-0.000000 0.900696 2.374941
-0.000000 0.900696 2.374941
-0.000000 0.306163 2.521481
-0.000000 0.306163 2.521481
-0.000000 0.900696 2.374941
-0.000000 0.306163 2.521481
-0.000000 0.306163 2.521481
-0.000000 0.306163 2.521481
0.000000 -0.306163 2.521481
0.000000 -0.306163 2.521481
-0.000000 0.306163 2.521481
0.000000 -0.306163 2.521481
0.000000 -0.306163 2.521481
0.000000 -0.306163 2.521481
0.000000 -0.900696 2.374941
0.000000 -0.900696 2.374941
0.000000 -0.306163 2.521481
0.000000 -0.900696 2.374941
0.000000 -0.900696 2.374941
0.000000 -0.900696 2.374941
0.000000 -1.442884 2.090379
0.000000 -1.442884 2.090379
0.000000 -0.900696 2.374941
0.000000 -1.442884 2.090379
0.000000 -1.442884 2.090379
0.000000 -1.442884 2.090379
0.000000 -1.901217 1.684332
0.000000 -1.901217 1.684332
0.000000 -1.442884 2.090379
0.000000 -1.901217 1.684332
0.000000 -1.901217 1.684332
0.000000 -1.901217 1.684332
0.000000 -2.249058 1.180397
0.000000 -2.249058 1.180397
0.000000 -1.901217 1.684332
0.000000 -2.249058 1.180397
0.000000 -2.249058 1.180397
0.000000 -2.249058 1.180397
0.000000 -2.466192 0.607862
0.000000 -2.466192 0.607862
0.000000 -2.249058 1.180397
0.000000 -2.466192 0.607862
0.000000 -2.466192 0.607862
0.000000 -2.466192 0.607862
0.000000 -2.540000 0.000000
0.000000 -2.540000 0.000000
0.000000 -2.466192 0.607862
0.000000 -2.540000 0.000000
-2.540000 -0.000000 0.000000
-2.540000 -0.000000 0.000000
-2.540000 -0.000000 0.000000
-2.540000 -0.000000 0.000000
-2.540000 -0.000000 0.000000
-2.540000 -0.000000 0.000000
-2.540000 -0.000000 0.000000
-2.540000 -0.000000 0.000000
-2.540000 -0.000000 0.000000
-2.540000 -0.000000 0.000000
-2.540000 -0.000000 0.000000
-2.540000 -0.000000 0.000000
-2.540000 -0.000000 0.000000
-2.540000 -0.000000 0.000000
-2.540000 -0.000000 0.000000
-2.540000 -0.000000 0.000000
-2.540000 -0.000000 0.000000
-2.540000 -0.000000 0.000000
-2.540000 -0.000000 0.000000
-2.540000 -0.000000 0.000000
-2.540000 -0.000000 0.000000
-2.540000 -0.000000 0.000000
-2.540000 -0.000000 0.000000
-2.540000 -0.000000 0.000000
-2.540000 -0.000000 0.000000
-2.540000 -0.000000 0.000000
-2.540000 -0.000000 0.000000
-2.540000 -0.000000 0.000000
-2.540000 -0.000000 0.000000
-2.540000 -0.000000 0.000000
-2.540000 -0.000000 0.000000
-2.540000 -0.000000 0.000000
-2.540000 -0.000000 0.000000
-2.540000 -0.000000 0.000000
-2.540000 -0.000000 0.000000
-2.540000 -0.000000 0.000000
-2.540000 -0.000000 0.000000
-2.540000 -0.000000 0.000000
-2.540000 -0.000000 0.000000
-2.540000 -0.000000 0.000000
-2.540000 -0.000000 0.000000
-2.540000 -0.000000 0.000000
-2.540000 -0.000000 0.000000
-2.540000 -0.000000 0.000000
-2.540000 -0.000000 0.000000
-2.540000 -0.000000 0.000000
-2.540000 -0.000000 0.000000
-2.540000 -0.000000 0.000000
-2.540000 -0.000000 0.000000
-2.540000 -0.000000 0.000000
-2.540000 -0.000000 0.000000
-2.540000 -0.000000 0.000000
-2.540000 -0.000000 0.000000
-2.540000 -0.000000 0.000000
-2.540000 -0.000000 0.000000
-2.540000 -0.000000 0.000000
-2.540000 -0.000000 0.000000
-2.540000 -0.000000 0.000000
-2.540000 -0.000000 0.000000
-2.540000 -0.000000 0.000000
-2.540000 -0.000000 0.000000
-2.540000 -0.000000 0.000000
-2.540000 -0.000000 0.000000
-2.540000 -0.000000 0.000000
-2.540000 -0.000000 0.000000
-2.540000 -0.000000 0.000000
-2.540000 -0.000000 0.000000
-2.540000 -0.000000 0.000000
-2.540000 -0.000000 0.000000
-2.540000 -0.000000 0.000000
-2.540000 -0.000000 0.000000
-2.540000 -0.000000 0.000000
-0.000000 2.540000 -0.000000
-0.000000 2.540000 -0.000000
-0.000000 2.466192 0.607862
-0.000000 2.466192 0.607862
-0.000000 2.540000 -0.000000
-0.000000 2.466192 0.607862
-0.000000 2.466192 0.607862
-0.000000 2.466192 0.607862
-0.000000 2.249058 1.180397
-0.000000 2.249058 1.180397
-0.000000 2.466192 0.607862
-0.000000 2.249058 1.180397
-0.000000 2.249058 1.180397
-0.000000 2.249058 1.180397
-0.000000 1.901217 1.684332
-0.000000 1.901217 1.684332
-0.000000 2.249058 1.180397
-0.000000 1.901217 1.684332
-0.000000 1.901217 1.684332
-0.000000 1.901217 1.684332
-0.000000 1.442884 2.090379
-0.000000 1.442884 2.090379
-0.000000 1.901217 1.684332
-0.000000 1.442884 2.090379
-0.000000 1.442884 2.090379
-0.000000 1.442884 2.090379
-0.000000 0.900696 2.374941
-0.000000 0.900696 2.374941
-0.000000 1.442884 2.090379
-0.000000 0.900696 2.374941
-0.000000 0.900696 2.374941
-0.000000 0.900696 2.374941
-0.000000 0.306163 2.521481
-0.000000 0.306163 2.521481
-0.000000 0.900696 2.374941
-0.000000 0.306163 2.521481
-0.000000 0.306163 2.521481
-0.000000 0.306163 2.521481
0.000000 -0.306163 2.521481
0.000000 -0.306163 2.521481
-0.000000 0.306163 2.521481
0.000000 -0.306163 2.521481
0.000000 -0.306163 2.521481
0.000000 -0.306163 2.521481
0.000000 -0.900696 2.374941
0.000000 -0.900696 2.374941
0.000000 -0.306163 2.521481
0.000000 -0.900696 2.374941
0.000000 -0.900696 2.374941
0.000000 -0.900696 2.374941
0.000000 -1.442884 2.090379
0.000000 -1.442884 2.090379
0.000000 -0.900696 2.374941
0.000000 -1.442884 2.090379
0.000000 -1.442884 2.090379
0.000000 -1.442884 2.090379
0.000000 -1.901217 1.684332
0.000000 -1.901217 1.684332
0.000000 -1.442884 2.090379
0.000000 -1.901217 1.684332
0.000000 -1.901217 1.684332
0.000000 -1.901217 1.684332
0.000000 -2.249058 1.180397
0.000000 -2.249058 1.180397
0.000000 -1.901217 1.684332
0.000000 -2.249058 1.180397
0.000000 -2.249058 1.180397
0.000000 -2.249058 1.180397
0.000000 -2.466192 0.607862
0.000000 -2.466192 0.607862
0.000000 -2.249058 1.180397
0.000000 -2.466192 0.607862
0.000000 -2.466192 0.607862
0.000000 -2.466192 0.607862
0.000000 -2.540000 0.000000
0.000000 -2.540000 0.000000
0.000000 -2.466192 0.607862
0.000000 -2.540000 0.000000
-0.000000 -0.000000 -2.540000
-0.000000 -0.000000 -2.540000
-0.000000 -0.000000 -2.540000
-0.000000 -0.000000 -2.540000
-0.000000 -0.000000 -2.540000
-0.000000 -0.000000 -2.540000
-0.000000 -0.000000 -2.540000
-0.000000 -0.000000 -2.540000
-0.000000 -0.000000 -2.540000
-0.000000 -0.000000 -2.540000
-0.000000 -0.000000 -2.540000
-0.000000 -0.000000 -2.540000
-0.000000 -0.000000 -2.540000
-0.000000 -0.000000 -2.540000
-0.000000 -0.000000 -2.540000
-0.000000 -0.000000 -2.540000
-0.000000 -0.000000 -2.540000
-0.000000 -0.000000 -2.540000
-0.000000 -0.000000 -2.540000
-0.000000 -0.000000 -2.540000
-0.000000 -0.000000 -2.540000
-0.000000 -0.000000 -2.540000
-0.000000 -0.000000 -2.540000
-0.000000 -0.000000 -2.540000
-0.000000 -0.000000 -2.540000
-0.000000 -0.000000 -2.540000
-0.000000 -0.000000 -2.540000
-0.000000 -0.000000 -2.540000
-0.000000 -0.000000 -2.540000
-0.000000 -0.000000 -2.540000
-0.000000 -0.000000 -2.540000
-0.000000 -0.000000 -2.540000
-0.000000 -0.000000 -2.540000
-0.000000 -0.000000 -2.540000
-0.000000 -0.000000 -2.540000
-0.000000 -0.000000 -2.540000
-0.000000 -0.000000 -2.540000
-0.000000 -0.000000 -2.540000
-0.000000 -0.000000 -2.540000
0.000000 0.000000 2.540000
-0.565203 0.000000 2.476317
0.000000 0.000000 2.540000
0.000000 0.000000 2.540000
-0.565203 0.000000 2.476317
-0.565203 0.000000 2.476317
0.000000 0.000000 2.540000
-0.565203 0.000000 2.476317
0.000000 0.000000 2.540000
-0.565203 0.000000 2.476317
-0.565203 0.000000 2.476317
-1.102065 0.000000 2.288461
-1.102065 0.000000 2.288461
-0.565203 0.000000 2.476317
-1.102065 0.000000 2.288461
-1.102065 0.000000 2.288461
-1.102065 0.000000 2.288461
-1.583664 0.000000 1.985852
-1.583664 0.000000 1.985852
-1.102065 0.000000 2.288461
-1.583664 0.000000 1.985852
-1.583664 0.000000 1.985852
-1.583664 0.000000 1.985852
-1.985852 0.000000 1.583664
-1.985852 0.000000 1.583664
-1.583664 0.000000 1.985852
-1.985852 0.000000 1.583664
-1.985852 0.000000 1.583664
-1.985852 0.000000 1.583664
-2.288461 -0.000000 1.102065
-2.288461 -0.000000 1.102065
-1.985852 0.000000 1.583664
-2.288461 -0.000000 1.102065
-2.288461 -0.000000 1.102065
-2.288461 -0.000000 1.102065
-2.476317 -0.000000 0.565203
-2.476317 -0.000000 0.565203
-2.288461 -0.000000 1.102065
-2.476317 -0.000000 0.565203
-2.476317 -0.000000 0.565203
-2.476317 -0.000000 0.565203
-2.540000 -0.000000 0.000000
-2.540000 -0.000000 0.000000
-2.476317 -0.000000 0.565203
-2.540000 -0.000000 0.000000
-2.540000 -0.000000 0.000000
-2.540000 -0.000000 -0.000000
-2.476317 -0.000000 0.565203
2.540000 0.000000 -0.000000
2.540000 0.000000 0.000000
2.476317 0.000000 0.565203
2.476317 0.000000 0.565203
2.540000 0.000000 0.000000
2.476317 0.000000 0.565203
2.476317 0.000000 0.565203
2.476317 0.000000 0.565203
2.288461 0.000000 1.102065
2.288461 0.000000 1.102065
2.476317 0.000000 0.565203
2.288461 0.000000 1.102065
2.288461 0.000000 1.102065
2.288461 0.000000 1.102065
1.985852 0.000000 1.583664
1.985852 0.000000 1.583664
2.288461 0.000000 1.102065
1.985852 0.000000 1.583664
1.985852 0.000000 1.583664
1.985852 0.000000 1.583664
1.583664 0.000000 1.985852
1.583664 0.000000 1.985852
1.985852 0.000000 1.583664
1.583664 0.000000 1.985852
1.583664 0.000000 1.985852
1.583664 0.000000 1.985852
1.102065 0.000000 2.288461
1.102065 0.000000 2.288461
1.583664 0.000000 1.985852
1.102065 0.000000 2.288461
1.102065 0.000000 2.288461
1.102065 0.000000 2.288461
0.565203 0.000000 2.476317
0.565203 0.000000 2.476317
1.102065 0.000000 2.288461
0.565203 0.000000 2.476317
0.565203 0.000000 2.476317
0.565203 0.000000 2.476317
-0.000000 0.000000 2.540000
-0.000000 0.000000 2.540000
0.565203 0.000000 2.476317
0.000000 0.000000 2.540000
-0.000000 -0.000000 -2.540000
-0.000000 -0.000000 -2.540000
-0.565203 -0.000000 -2.476317
-0.565203 -0.000000 -2.476317
-0.000000 -0.000000 -2.540000
-0.565203 -0.000000 -2.476317
-0.565203 -0.000000 -2.476317
-0.565203 -0.000000 -2.476317
-1.102065 -0.000000 -2.288461
-1.102065 -0.000000 -2.288461
-0.565203 -0.000000 -2.476317
-1.102065 -0.000000 -2.288461
-1.102065 -0.000000 -2.288461
-1.102065 -0.000000 -2.288461
-1.583664 -0.000000 -1.985852
-1.583664 -0.000000 -1.985852
-1.102065 -0.000000 -2.288461
-1.583664 -0.000000 -1.985852
-1.583664 -0.000000 -1.985852
-1.583664 -0.000000 -1.985852
-1.985852 -0.000000 -1.583664
-1.985852 -0.000000 -1.583664
-1.583664 -0.000000 -1.985852
-1.985852 -0.000000 -1.583664
-1.985852 -0.000000 -1.583664
-1.985852 -0.000000 -1.583664
-2.288461 -0.000000 -1.102065
-2.288461 -0.000000 -1.102065
-1.985852 -0.000000 -1.583664
-2.288461 -0.000000 -1.102065
-2.288461 -0.000000 -1.102065
-2.288461 -0.000000 -1.102065
-2.476317 -0.000000 -0.565203
-2.476317 -0.000000 -0.565203
-2.288461 -0.000000 -1.102065
-2.476317 -0.000000 -0.565203
-2.476317 -0.000000 -0.565203
-2.476317 -0.000000 -0.565203
-2.540000 -0.000000 0.000000
-2.540000 -0.000000 0.000000
-2.476317 -0.000000 -0.565203
-2.540000 -0.000000 0.000000
2.540000 0.000000 0.000000
2.540000 0.000000 -0.000000
2.476317 0.000000 -0.565203
2.476317 0.000000 -0.565203
2.540000 0.000000 -0.000000
2.476317 0.000000 -0.565203
2.476317 0.000000 -0.565203
2.476317 0.000000 -0.565203
2.288461 0.000000 -1.102065
2.288461 0.000000 -1.102065
2.476317 0.000000 -0.565203
2.288461 0.000000 -1.102065
2.288461 0.000000 -1.102065
2.288461 0.000000 -1.102065
1.985852 -0.000000 -1.583664
1.985852 -0.000000 -1.583664
2.288461 0.000000 -1.102065
1.985852 -0.000000 -1.583664
1.985852 -0.000000 -1.583664
1.985852 -0.000000 -1.583664
1.583664 -0.000000 -1.985852
1.583664 -0.000000 -1.985852
1.985852 -0.000000 -1.583664
1.583664 -0.000000 -1.985852
1.583664 -0.000000 -1.985852
1.583664 -0.000000 -1.985852
1.102065 -0.000000 -2.288461
1.102065 -0.000000 -2.288461
1.583664 -0.000000 -1.985852
1.102065 -0.000000 -2.288461
1.102065 -0.000000 -2.288461
1.102065 -0.000000 -2.288461
0.565203 -0.000000 -2.476317
0.565203 -0.000000 -2.476317
1.102065 -0.000000 -2.288461
0.565203 -0.000000 -2.476317
0.565203 -0.000000 -2.476317
0.565203 -0.000000 -2.476317
-0.000000 -0.000000 -2.540000
-0.000000 -0.000000 -2.540000
0.565203 -0.000000 -2.476317
-0.000000 -0.000000 -2.540000
0.000000 0.000000 2.540000
0.000000 0.000000 2.540000
0.000000 0.000000 2.540000
0.000000 0.000000 2.540000
0.000000 0.000000 2.540000
0.000000 0.000000 2.540000
-2.540000 0.000000 -0.000000
-2.540000 -0.000000 0.000000
-2.540000 0.000000 -0.000000
-2.540000 0.000000 -0.000000
-2.540000 -0.000000 0.000000
-2.540000 -0.000000 0.000000
-1.796051 -0.000000 -1.796051
-1.796051 -0.000000 -1.796051
-1.796051 -0.000000 -1.796051
-1.796051 -0.000000 -1.796051
-1.796051 -0.000000 -1.796051
-1.796051 -0.000000 -1.796051
-0.000000 -0.000000 -2.540000
-0.000000 -0.000000 -2.540000
-0.565203 -0.000000 -2.476317
-0.565203 -0.000000 -2.476317
-0.000000 -0.000000 -2.540000
-0.565203 -0.000000 -2.476317
-0.565203 -0.000000 -2.476317
-0.565203 -0.000000 -2.476317
-1.102065 -0.000000 -2.288461
-1.102065 -0.000000 -2.288461
-0.565203 -0.000000 -2.476317
-1.102065 -0.000000 -2.288461
-1.102065 -0.000000 -2.288461
-1.102065 -0.000000 -2.288461
-1.583664 -0.000000 -1.985852
-1.583664 -0.000000 -1.985852
-1.102065 -0.000000 -2.288461
-1.583664 -0.000000 -1.985852
-1.583664 -0.000000 -1.985852
-1.583664 -0.000000 -1.985852
-1.985852 -0.000000 -1.583664
-1.985852 -0.000000 -1.583664
-1.583664 -0.000000 -1.985852
-1.985852 -0.000000 -1.583664
-1.985852 -0.000000 -1.583664
-1.985852 -0.000000 -1.583664
-2.288461 -0.000000 -1.102065
-2.288461 -0.000000 -1.102065
-1.985852 -0.000000 -1.583664
-2.288461 -0.000000 -1.102065
-2.288461 -0.000000 -1.102065
-2.288461 -0.000000 -1.102065
-2.476317 -0.000000 -0.565203
-2.476317 -0.000000 -0.565203
-2.288461 -0.000000 -1.102065
-2.476317 -0.000000 -0.565203
-2.476317 -0.000000 -0.565203
-2.476317 -0.000000 -0.565203
-2.540000 -0.000000 0.000000
-2.540000 -0.000000 0.000000
-2.476317 -0.000000 -0.565203
-2.540000 -0.000000 -0.000000
-2.540000 -0.000000 -0.000000
-2.540000 -0.000000 -0.000000
-2.466192 -0.000000 0.607862
-2.466192 -0.000000 0.607862
-2.540000 -0.000000 -0.000000
-2.466192 -0.000000 0.607862
-2.466192 -0.000000 0.607862
-2.466192 -0.000000 0.607862
-2.249058 -0.000000 1.180397
-2.249058 -0.000000 1.180397
-2.466192 -0.000000 0.607862
-2.249058 -0.000000 1.180397
-2.249058 -0.000000 1.180397
-2.249058 -0.000000 1.180397
-1.901217 -0.000000 1.684332
-1.901217 -0.000000 1.684332
-2.249058 -0.000000 1.180397
-1.901217 -0.000000 1.684332
-1.901217 -0.000000 1.684332
-1.901217 -0.000000 1.684332
-1.442884 -0.000000 2.090379
-1.442884 -0.000000 2.090379
-1.901217 -0.000000 1.684332
-1.442884 -0.000000 2.090379
-1.442884 -0.000000 2.090379
-1.442884 -0.000000 2.090379
-0.900696 -0.000000 2.374941
-0.900696 -0.000000 2.374941
-1.442884 -0.000000 2.090379
-0.900696 -0.000000 2.374941
-0.900696 -0.000000 2.374941
-0.900696 -0.000000 2.374941
-0.306163 -0.000000 2.521481
-0.306163 -0.000000 2.521481
-0.900696 -0.000000 2.374941
-0.306163 -0.000000 2.521481
-0.306163 -0.000000 2.521481
-0.306163 -0.000000 2.521481
0.306163 0.000000 2.521481
0.306163 0.000000 2.521481
-0.306163 -0.000000 2.521481
0.306163 0.000000 2.521481
0.306163 0.000000 2.521481
0.306163 0.000000 2.521481
0.900696 0.000000 2.374941
0.900696 0.000000 2.374941
0.306163 0.000000 2.521481
0.900696 0.000000 2.374941
0.900696 0.000000 2.374941
0.900696 0.000000 2.374941
1.442884 0.000000 2.090379
1.442884 0.000000 2.090379
0.900696 0.000000 2.374941
1.442884 0.000000 2.090379
1.442884 0.000000 2.090379
1.442884 0.000000 2.090379
1.901217 0.000000 1.684332
1.901217 0.000000 1.684332
1.442884 0.000000 2.090379
1.901217 0.000000 1.684332
1.901217 0.000000 1.684332
1.901217 0.000000 1.684332
2.249058 0.000000 1.180397
2.249058 0.000000 1.180397
1.901217 0.000000 1.684332
2.249058 0.000000 1.180397
2.249058 0.000000 1.180397
2.249058 0.000000 1.180397
2.466192 0.000000 0.607862
2.466192 0.000000 0.607862
2.249058 0.000000 1.180397
2.466192 0.000000 0.607862
2.466192 0.000000 0.607862
2.466192 0.000000 0.607862
2.540000 0.000000 0.000000
2.540000 0.000000 0.000000
2.466192 0.000000 0.607862
2.540000 0.000000 0.000000
0.000000 -2.540000 0.000000
0.000000 -2.540000 0.000000
0.000000 -2.540000 0.000000
0.000000 -2.540000 0.000000
0.000000 -2.540000 0.000000
0.000000 -2.540000 0.000000
0.000000 -2.540000 0.000000
0.000000 -2.540000 0.000000
0.000000 -2.540000 0.000000
0.000000 -2.540000 0.000000
0.000000 -2.540000 0.000000
0.000000 -2.540000 0.000000
0.000000 -2.540000 0.000000
0.000000 -2.540000 0.000000
0.000000 -2.540000 0.000000
0.000000 -2.540000 0.000000
0.000000 -2.540000 0.000000
0.000000 -2.540000 0.000000
0.000000 -2.540000 0.000000
0.000000 -2.540000 0.000000
0.000000 -2.540000 0.000000
0.000000 -2.540000 0.000000
0.000000 -2.540000 0.000000
0.000000 -2.540000 0.000000
0.000000 -2.540000 0.000000
0.000000 -2.540000 0.000000
0.000000 -2.540000 0.000000
0.000000 -2.540000 0.000000
0.000000 -2.540000 0.000000
0.000000 -2.540000 0.000000
0.000000 -2.540000 0.000000
0.000000 -2.540000 0.000000
0.000000 -2.540000 0.000000
0.000000 -2.540000 0.000000
0.000000 -2.540000 0.000000
0.000000 -2.540000 0.000000
0.000000 -2.540000 0.000000
0.000000 -2.540000 0.000000
0.000000 -2.540000 0.000000
0.000000 -2.540000 0.000000
0.000000 -2.540000 0.000000
0.000000 -2.540000 0.000000
0.000000 -2.540000 0.000000
0.000000 -2.540000 0.000000
0.000000 -2.540000 0.000000
0.000000 -2.540000 0.000000
0.000000 -2.540000 0.000000
0.000000 -2.540000 0.000000
0.000000 -2.540000 0.000000
0.000000 -2.540000 0.000000
0.000000 -2.540000 0.000000
0.000000 -2.540000 0.000000
0.000000 -2.540000 0.000000
0.000000 -2.540000 0.000000
0.000000 -2.540000 0.000000
0.000000 -2.540000 0.000000
0.000000 -2.540000 0.000000
0.000000 -2.540000 0.000000
0.000000 -2.540000 0.000000
0.000000 -2.540000 0.000000
0.000000 -2.540000 0.000000
0.000000 -2.540000 0.000000
0.000000 -2.540000 0.000000
0.000000 -2.540000 0.000000
0.000000 -2.540000 0.000000
0.000000 -2.540000 0.000000
0.000000 -2.540000 0.000000
0.000000 -2.540000 0.000000
0.000000 -2.540000 0.000000
0.000000 -2.540000 0.000000
0.000000 -2.540000 0.000000
0.000000 -2.540000 0.000000
0.000000 -2.540000 0.000000
0.000000 -2.540000 0.000000
0.000000 -2.540000 0.000000
0.000000 -2.540000 0.000000
0.000000 -2.540000 0.000000
0.000000 -2.540000 0.000000
0.000000 -2.540000 0.000000
0.000000 -2.540000 0.000000
0.000000 -2.540000 0.000000
0.000000 -2.540000 0.000000
0.000000 -2.540000 0.000000
0.000000 -2.540000 0.000000
0.000000 -2.540000 0.000000
0.000000 -2.540000 0.000000
0.000000 -2.540000 0.000000
0.000000 -2.540000 0.000000
0.000000 -2.540000 0.000000
0.000000 -2.540000 0.000000
0.000000 -2.540000 0.000000
0.000000 -2.540000 0.000000
0.000000 -2.540000 0.000000
0.000000 -2.540000 0.000000
0.000000 -2.540000 0.000000
0.000000 -2.540000 0.000000
0.000000 -2.540000 0.000000
0.000000 -2.540000 0.000000
0.000000 -2.540000 0.000000
0.000000 -2.540000 0.000000
0.000000 -2.540000 0.000000
0.000000 -2.540000 0.000000
0.000000 -2.540000 0.000000
0.000000 -2.540000 0.000000
0.000000 -2.540000 0.000000
0.000000 -2.540000 0.000000
0.000000 -2.540000 0.000000
0.000000 -2.540000 0.000000
0.000000 -2.540000 0.000000
0.000000 -2.540000 0.000000
0.000000 -2.540000 0.000000
0.000000 -2.540000 0.000000
0.000000 -2.540000 0.000000
0.000000 -2.540000 0.000000
0.000000 -2.540000 0.000000
0.000000 -2.540000 0.000000
0.000000 -2.540000 0.000000
0.000000 -2.540000 0.000000
0.000000 -2.540000 0.000000
0.000000 -2.540000 0.000000
0.000000 -2.540000 0.000000
0.000000 -2.540000 0.000000
0.000000 -2.540000 0.000000
0.000000 -2.540000 0.000000
0.000000 -2.540000 0.000000
0.000000 -2.540000 0.000000
0.000000 -2.540000 0.000000
0.000000 -2.540000 0.000000
0.000000 -2.540000 0.000000
0.000000 -2.540000 0.000000
0.000000 -2.540000 0.000000
0.000000 -2.540000 0.000000
0.000000 -2.540000 0.000000
0.000000 -2.540000 0.000000
0.000000 -2.540000 0.000000
0.000000 -2.540000 0.000000
0.000000 -2.540000 0.000000
0.000000 -2.540000 0.000000
0.000000 -2.540000 0.000000
0.000000 -2.540000 0.000000
0.000000 -2.540000 0.000000
0.000000 -2.540000 0.000000
0.000000 -2.540000 0.000000
0.000000 -2.540000 0.000000
0.000000 -2.540000 0.000000
0.000000 -2.540000 0.000000
0.000000 -2.540000 0.000000
0.000000 -2.540000 0.000000
0.000000 -2.540000 0.000000
0.000000 -2.540000 0.000000
0.000000 -2.540000 0.000000
0.000000 -2.540000 0.000000
0.000000 -2.540000 0.000000
0.000000 -2.540000 0.000000
0.000000 -2.540000 0.000000
0.000000 -2.540000 0.000000
-2.540000 -0.000000 -0.000000
-2.540000 -0.000000 -0.000000
-2.466192 -0.000000 0.607862
-2.466192 -0.000000 0.607862
-2.540000 -0.000000 -0.000000
-2.466192 -0.000000 0.607862
-2.466192 -0.000000 0.607862
-2.466192 -0.000000 0.607862
-2.249058 -0.000000 1.180397
-2.249058 -0.000000 1.180397
-2.466192 -0.000000 0.607862
-2.249058 -0.000000 1.180397
-2.249058 -0.000000 1.180397
-2.249058 -0.000000 1.180397
-1.901217 -0.000000 1.684332
-1.901217 -0.000000 1.684332
-2.249058 -0.000000 1.180397
-1.901217 -0.000000 1.684332
-1.901217 -0.000000 1.684332
-1.901217 -0.000000 1.684332
-1.442884 -0.000000 2.090379
-1.442884 -0.000000 2.090379
-1.901217 -0.000000 1.684332
-1.442884 -0.000000 2.090379
-1.442884 -0.000000 2.090379
-1.442884 -0.000000 2.090379
-0.900696 -0.000000 2.374941
-0.900696 -0.000000 2.374941
-1.442884 -0.000000 2.090379
-0.900696 -0.000000 2.374941
-0.900696 -0.000000 2.374941
-0.900696 -0.000000 2.374941
-0.306163 -0.000000 2.521481
-0.306163 -0.000000 2.521481
-0.900696 -0.000000 2.374941
-0.306163 -0.000000 2.521481
-0.306163 -0.000000 2.521481
-0.306163 -0.000000 2.521481
0.306163 0.000000 2.521481
0.306163 0.000000 2.521481
-0.306163 -0.000000 2.521481
0.306163 0.000000 2.521481
0.306163 0.000000 2.521481
0.306163 0.000000 2.521481
0.900696 0.000000 2.374941
0.900696 0.000000 2.374941
0.306163 0.000000 2.521481
0.900696 0.000000 2.374941
0.900696 0.000000 2.374941
0.900696 0.000000 2.374941
1.442884 0.000000 2.090379
1.442884 0.000000 2.090379
0.900696 0.000000 2.374941
1.442884 0.000000 2.090379
1.442884 0.000000 2.090379
1.442884 0.000000 2.090379
1.901217 0.000000 1.684332
1.901217 0.000000 1.684332
1.442884 0.000000 2.090379
1.901217 0.000000 1.684332
1.901217 0.000000 1.684332
1.901217 0.000000 1.684332
2.249058 0.000000 1.180397
2.249058 0.000000 1.180397
1.901217 0.000000 1.684332
2.249058 0.000000 1.180397
2.249058 0.000000 1.180397
2.249058 0.000000 1.180397
2.466192 0.000000 0.607862
2.466192 0.000000 0.607862
2.249058 0.000000 1.180397
2.466192 0.000000 0.607862
2.466192 0.000000 0.607862
2.466192 0.000000 0.607862
2.540000 0.000000 0.000000
2.540000 0.000000 0.000000
2.466192 0.000000 0.607862
2.540000 0.000000 0.000000
0.000000 -2.540000 0.000000
0.000000 -2.540000 0.000000
0.000000 -2.540000 0.000000
0.000000 -2.540000 0.000000
0.000000 -2.540000 0.000000
0.000000 -2.540000 0.000000
0.000000 -2.540000 0.000000
0.000000 -2.540000 0.000000
0.000000 -2.540000 0.000000
0.000000 -2.540000 0.000000
0.000000 -2.540000 0.000000
0.000000 -2.540000 0.000000
0.000000 -2.540000 0.000000
0.000000 -2.540000 0.000000
0.000000 -2.540000 0.000000
0.000000 -2.540000 0.000000
0.000000 -2.540000 0.000000
0.000000 -2.540000 0.000000
0.000000 -2.540000 0.000000
0.000000 -2.540000 0.000000
0.000000 -2.540000 0.000000
0.000000 -2.540000 0.000000
0.000000 -2.540000 0.000000
0.000000 -2.540000 0.000000
0.000000 -2.540000 0.000000
0.000000 -2.540000 0.000000
0.000000 -2.540000 0.000000
0.000000 -2.540000 0.000000
0.000000 -2.540000 0.000000
0.000000 -2.540000 0.000000
0.000000 -2.540000 0.000000
0.000000 -2.540000 0.000000
0.000000 -2.540000 0.000000
0.000000 -2.540000 0.000000
0.000000 -2.540000 0.000000
0.000000 -2.540000 0.000000
0.000000 -2.540000 0.000000
0.000000 -2.540000 0.000000
0.000000 -2.540000 0.000000
0.000000 -2.540000 0.000000
0.000000 -2.540000 0.000000
0.000000 -2.540000 0.000000
0.000000 -2.540000 0.000000
0.000000 -2.540000 0.000000
0.000000 -2.540000 0.000000
0.000000 -2.540000 0.000000
0.000000 -2.540000 0.000000
0.000000 -2.540000 0.000000
0.000000 -2.540000 0.000000
0.000000 -2.540000 0.000000
0.000000 -2.540000 0.000000
0.000000 -2.540000 0.000000
0.000000 -2.540000 0.000000
0.000000 -2.540000 0.000000
0.000000 -2.540000 0.000000
0.000000 -2.540000 0.000000
0.000000 -2.540000 0.000000
0.000000 -2.540000 0.000000
0.000000 -2.540000 0.000000
0.000000 -2.540000 0.000000
0.000000 -2.540000 0.000000
0.000000 -2.540000 0.000000
0.000000 -2.540000 0.000000
0.000000 -2.540000 0.000000
0.000000 -2.540000 0.000000
0.000000 -2.540000 0.000000
0.000000 -2.540000 0.000000
0.000000 -2.540000 0.000000
0.000000 -2.540000 0.000000
0.000000 -2.540000 0.000000
0.000000 -2.540000 0.000000
0.000000 -2.540000 0.000000
0.000000 -2.540000 0.000000
0.000000 -2.540000 0.000000
0.000000 -2.540000 0.000000
0.000000 -2.540000 0.000000
0.000000 -2.540000 0.000000
0.000000 -2.540000 0.000000
0.000000 -2.540000 0.000000
0.000000 -2.540000 0.000000
0.000000 -2.540000 0.000000
0.000000 -2.540000 0.000000
0.000000 -2.540000 0.000000
0.000000 -2.540000 0.000000
0.000000 -2.540000 0.000000
0.000000 -2.540000 0.000000
0.000000 -2.540000 0.000000
0.000000 -2.540000 0.000000
0.000000 -2.540000 0.000000
0.000000 -2.540000 0.000000
0.000000 -2.540000 0.000000
0.000000 -2.540000 0.000000
0.000000 -2.540000 0.000000
0.000000 -2.540000 0.000000
0.000000 -2.540000 0.000000
0.000000 -2.540000 0.000000
0.000000 -2.540000 0.000000
0.000000 -2.540000 0.000000
0.000000 -2.540000 0.000000
0.000000 -2.540000 0.000000
0.000000 -2.540000 0.000000
0.000000 -2.540000 0.000000
0.000000 -2.540000 0.000000
0.000000 -2.540000 0.000000
0.000000 -2.540000 0.000000
0.000000 -2.540000 0.000000
0.000000 -2.540000 0.000000
0.000000 -2.540000 0.000000
0.000000 -2.540000 0.000000
0.000000 -2.540000 0.000000
0.000000 -2.540000 0.000000
0.000000 -2.540000 0.000000
0.000000 -2.540000 0.000000
0.000000 -2.540000 0.000000
0.000000 -2.540000 0.000000
0.000000 -2.540000 0.000000
0.000000 -2.540000 0.000000
0.000000 -2.540000 0.000000
0.000000 -2.540000 0.000000
0.000000 -2.540000 0.000000
0.000000 -2.540000 0.000000
0.000000 -2.540000 0.000000
0.000000 -2.540000 0.000000
0.000000 -2.540000 0.000000
0.000000 -2.540000 0.000000
0.000000 -2.540000 0.000000
0.000000 -2.540000 0.000000
0.000000 -2.540000 0.000000
0.000000 -2.540000 0.000000
0.000000 -2.540000 0.000000
0.000000 -2.540000 0.000000
0.000000 -2.540000 0.000000
0.000000 -2.540000 0.000000
0.000000 -2.540000 0.000000
0.000000 -2.540000 0.000000
0.000000 -2.540000 0.000000
0.000000 -2.540000 0.000000
0.000000 -2.540000 0.000000
0.000000 -2.540000 0.000000
0.000000 -2.540000 0.000000
0.000000 -2.540000 0.000000
0.000000 -2.540000 0.000000
0.000000 -2.540000 0.000000
0.000000 -2.540000 0.000000
0.000000 -2.540000 0.000000
0.000000 -2.540000 0.000000
0.000000 -2.540000 0.000000
0.000000 -2.540000 0.000000
0.000000 -2.540000 0.000000
0.000000 -2.540000 0.000000
0.000000 -2.540000 0.000000
0.000000 -2.540000 0.000000
0.000000 -2.540000 0.000000
0.000000 -2.540000 0.000000
0.000000 -2.540000 0.000000
0.000000 -2.540000 0.000000
0.000000 -2.540000 0.000000
0.000000 -2.540000 0.000000
0.000000 -2.540000 0.000000
0.000000 -2.540000 0.000000
0.000000 -2.540000 0.000000
0.000000 -2.540000 0.000000
0.000000 -2.540000 0.000000
0.000000 -2.540000 0.000000
0.000000 -2.540000 0.000000
0.000000 -2.540000 0.000000
0.000000 -2.540000 0.000000
0.000000 -2.540000 0.000000
0.000000 -2.540000 0.000000
0.000000 -2.540000 0.000000
0.000000 -2.540000 0.000000
0.000000 -2.540000 0.000000
0.000000 -2.540000 0.000000
0.000000 -2.540000 0.000000
0.000000 -2.540000 0.000000
0.000000 -2.540000 0.000000
0.000000 -2.540000 0.000000
0.000000 -2.540000 0.000000
0.000000 -2.540000 0.000000
0.000000 -2.540000 0.000000
0.000000 -2.540000 0.000000
0.000000 -2.540000 0.000000
0.000000 -2.540000 0.000000
0.000000 -2.540000 0.000000
0.000000 -2.540000 0.000000
0.000000 -2.540000 0.000000
0.000000 -2.540000 0.000000
0.000000 -2.540000 0.000000
0.000000 -2.540000 0.000000
0.000000 -2.540000 0.000000
0.000000 -2.540000 0.000000
0.000000 -2.540000 0.000000
0.000000 -2.540000 0.000000
0.000000 -2.540000 0.000000
0.000000 -2.540000 0.000000
0.000000 -2.540000 0.000000
0.000000 -2.540000 0.000000
0.000000 -2.540000 0.000000
0.000000 -2.540000 0.000000
0.000000 -2.540000 0.000000
0.000000 -2.540000 0.000000
0.000000 -2.540000 0.000000
0.000000 -2.540000 0.000000
0.000000 -2.540000 0.000000
0.000000 -2.540000 0.000000
0.000000 -2.540000 0.000000
0.000000 -2.540000 0.000000
0.000000 -2.540000 0.000000
0.000000 -2.540000 0.000000
0.000000 -2.540000 0.000000
0.000000 -2.540000 0.000000
0.000000 -2.540000 0.000000
0.000000 -2.540000 0.000000
0.000000 -2.540000 0.000000
0.000000 -2.540000 0.000000
0.000000 -2.540000 0.000000
0.000000 -2.540000 0.000000
0.000000 -2.540000 0.000000
0.000000 -2.540000 0.000000
0.000000 -2.540000 0.000000
0.000000 -2.540000 0.000000
0.000000 -2.540000 0.000000
0.000000 -2.540000 0.000000
0.000000 -2.540000 0.000000
0.000000 -2.540000 0.000000
0.000000 -2.540000 0.000000
0.000000 -2.540000 0.000000
0.000000 -2.540000 0.000000
0.000000 0.000000 2.540000
0.000000 0.000000 2.540000
-0.607862 0.000000 2.466192
-0.607862 0.000000 2.466192
0.000000 0.000000 2.540000
-0.607862 0.000000 2.466192
-0.607862 0.000000 2.466192
-0.607862 0.000000 2.466192
-1.180397 0.000000 2.249058
-1.180397 0.000000 2.249058
-0.607862 0.000000 2.466192
-1.180397 0.000000 2.249058
-1.180397 0.000000 2.249058
-1.180397 0.000000 2.249058
-1.684332 0.000000 1.901217
-1.684332 0.000000 1.901217
-1.180397 0.000000 2.249058
-1.684332 0.000000 1.901217
-1.684332 0.000000 1.901217
-1.684332 0.000000 1.901217
-2.090379 0.000000 1.442884
-2.090379 0.000000 1.442884
-1.684332 0.000000 1.901217
-2.090379 0.000000 1.442884
-2.090379 0.000000 1.442884
-2.090379 0.000000 1.442884
-2.374941 -0.000000 0.900696
-2.374941 -0.000000 0.900696
-2.090379 0.000000 1.442884
-2.374941 -0.000000 0.900696
-2.374941 -0.000000 0.900696
-2.374941 -0.000000 0.900696
-2.521481 -0.000000 0.306163
-2.521481 -0.000000 0.306163
-2.374941 -0.000000 0.900696
-2.521481 -0.000000 0.306163
-2.521481 -0.000000 0.306163
-2.521481 -0.000000 0.306163
-2.521481 -0.000000 -0.306163
-2.521481 -0.000000 -0.306163
-2.521481 -0.000000 0.306163
-2.521481 -0.000000 -0.306163
-2.521481 -0.000000 -0.306163
-2.521481 -0.000000 -0.306163
-2.374941 -0.000000 -0.900696
-2.374941 -0.000000 -0.900696
-2.521481 -0.000000 -0.306163
-2.374941 -0.000000 -0.900696
-2.374941 -0.000000 -0.900696
-2.374941 -0.000000 -0.900696
-2.090379 -0.000000 -1.442884
-2.090379 -0.000000 -1.442884
-2.374941 -0.000000 -0.900696
-2.090379 -0.000000 -1.442884
-2.090379 -0.000000 -1.442884
-2.090379 -0.000000 -1.442884
-1.684332 -0.000000 -1.901217
-1.684332 -0.000000 -1.901217
-2.090379 -0.000000 -1.442884
-1.684332 -0.000000 -1.901217
-1.684332 -0.000000 -1.901217
-1.684332 -0.000000 -1.901217
-1.180397 -0.000000 -2.249058
-1.180397 -0.000000 -2.249058
-1.684332 -0.000000 -1.901217
-1.180397 -0.000000 -2.249058
-1.180397 -0.000000 -2.249058
-1.180397 -0.000000 -2.249058
-0.607862 -0.000000 -2.466192
-0.607862 -0.000000 -2.466192
-1.180397 -0.000000 -2.249058
-0.607862 -0.000000 -2.466192
-0.607862 -0.000000 -2.466192
-0.607862 -0.000000 -2.466192
-0.000000 -0.000000 -2.540000
-0.000000 -0.000000 -2.540000
-0.607862 -0.000000 -2.466192
-0.000000 -0.000000 -2.540000
0.000000 -2.540000 0.000000
0.000000 -2.540000 0.000000
0.000000 -2.540000 0.000000
0.000000 -2.540000 0.000000
0.000000 -2.540000 0.000000
0.000000 -2.540000 0.000000
0.000000 -2.540000 0.000000
0.000000 -2.540000 0.000000
0.000000 -2.540000 0.000000
0.000000 -2.540000 0.000000
0.000000 -2.540000 0.000000
0.000000 -2.540000 0.000000
0.000000 -2.540000 0.000000
0.000000 -2.540000 0.000000
0.000000 -2.540000 0.000000
0.000000 -2.540000 0.000000
0.000000 -2.540000 0.000000
0.000000 -2.540000 0.000000
0.000000 -2.540000 0.000000
0.000000 -2.540000 0.000000
0.000000 -2.540000 0.000000
0.000000 -2.540000 0.000000
0.000000 -2.540000 0.000000
0.000000 -2.540000 0.000000
0.000000 -2.540000 0.000000
0.000000 -2.540000 0.000000
0.000000 -2.540000 0.000000
0.000000 -2.540000 0.000000
0.000000 -2.540000 0.000000
0.000000 -2.540000 0.000000
0.000000 -2.540000 0.000000
0.000000 -2.540000 0.000000
0.000000 -2.540000 0.000000
0.000000 -2.540000 0.000000
0.000000 -2.540000 0.000000
0.000000 -2.540000 0.000000
0.000000 -2.540000 0.000000
0.000000 -2.540000 0.000000
0.000000 -2.540000 0.000000
0.000000 -2.540000 0.000000
0.000000 -2.540000 0.000000
0.000000 -2.540000 0.000000
0.000000 -2.540000 0.000000
0.000000 -2.540000 0.000000
0.000000 -2.540000 0.000000
0.000000 -2.540000 0.000000
0.000000 -2.540000 0.000000
0.000000 -2.540000 0.000000
0.000000 -2.540000 0.000000
0.000000 -2.540000 0.000000
0.000000 -2.540000 0.000000
0.000000 -2.540000 0.000000
0.000000 -2.540000 0.000000
0.000000 -2.540000 0.000000
0.000000 -2.540000 0.000000
0.000000 -2.540000 0.000000
0.000000 -2.540000 0.000000
0.000000 -2.540000 0.000000
0.000000 -2.540000 0.000000
0.000000 -2.540000 0.000000
0.000000 -2.540000 0.000000
0.000000 -2.540000 0.000000
0.000000 -2.540000 0.000000
0.000000 -2.540000 0.000000
0.000000 -2.540000 0.000000
0.000000 -2.540000 0.000000
0.000000 -2.540000 0.000000
0.000000 -2.540000 0.000000
0.000000 -2.540000 0.000000
0.000000 -2.540000 0.000000
0.000000 -2.540000 0.000000
0.000000 -2.540000 0.000000
0.000000 0.000000 2.540000
0.000000 0.000000 2.540000
-0.607862 0.000000 2.466192
-0.607862 0.000000 2.466192
0.000000 0.000000 2.540000
-0.607862 0.000000 2.466192
-0.607862 0.000000 2.466192
-0.607862 0.000000 2.466192
-1.180397 0.000000 2.249058
-1.180397 0.000000 2.249058
-0.607862 0.000000 2.466192
-1.180397 0.000000 2.249058
-1.180397 0.000000 2.249058
-1.180397 0.000000 2.249058
-1.684332 0.000000 1.901217
-1.684332 0.000000 1.901217
-1.180397 0.000000 2.249058
-1.684332 0.000000 1.901217
-1.684332 0.000000 1.901217
-1.684332 0.000000 1.901217
-2.090379 0.000000 1.442884
-2.090379 0.000000 1.442884
-1.684332 0.000000 1.901217
-2.090379 0.000000 1.442884
-2.090379 0.000000 1.442884
-2.090379 0.000000 1.442884
-2.374941 -0.000000 0.900696
-2.374941 -0.000000 0.900696
-2.090379 0.000000 1.442884
-2.374941 -0.000000 0.900696
-2.374941 -0.000000 0.900696
-2.374941 -0.000000 0.900696
-2.521481 -0.000000 0.306163
-2.521481 -0.000000 0.306163
-2.374941 -0.000000 0.900696
-2.521481 -0.000000 0.306163
-2.521481 -0.000000 0.306163
-2.521481 -0.000000 0.306163
-2.521481 -0.000000 -0.306163
-2.521481 -0.000000 -0.306163
-2.521481 -0.000000 0.306163
-2.521481 -0.000000 -0.306163
-2.521481 -0.000000 -0.306163
-2.521481 -0.000000 -0.306163
-2.374941 -0.000000 -0.900696
-2.374941 -0.000000 -0.900696
-2.521481 -0.000000 -0.306163
-2.374941 -0.000000 -0.900696
-2.374941 -0.000000 -0.900696
-2.374941 -0.000000 -0.900696
-2.090379 -0.000000 -1.442884
-2.090379 -0.000000 -1.442884
-2.374941 -0.000000 -0.900696
-2.090379 -0.000000 -1.442884
-2.090379 -0.000000 -1.442884
-2.090379 -0.000000 -1.442884
-1.684332 -0.000000 -1.901217
-1.684332 -0.000000 -1.901217
-2.090379 -0.000000 -1.442884
-1.684332 -0.000000 -1.901217
-1.684332 -0.000000 -1.901217
-1.684332 -0.000000 -1.901217
-1.180397 -0.000000 -2.249058
-1.180397 -0.000000 -2.249058
-1.684332 -0.000000 -1.901217
-1.180397 -0.000000 -2.249058
-1.180397 -0.000000 -2.249058
-1.180397 -0.000000 -2.249058
-0.607862 -0.000000 -2.466192
-0.607862 -0.000000 -2.466192
-1.180397 -0.000000 -2.249058
-0.607862 -0.000000 -2.466192
-0.607862 -0.000000 -2.466192
-0.607862 -0.000000 -2.466192
-0.000000 -0.000000 -2.540000
-0.000000 -0.000000 -2.540000
-0.607862 -0.000000 -2.466192
-0.000000 -0.000000 -2.540000
-0.000000 -2.540000 -0.000000
-0.000000 -2.540000 -0.000000
-0.000000 -2.540000 -0.000000
-0.000000 -2.540000 -0.000000
-0.000000 -2.540000 -0.000000
-0.000000 -2.540000 -0.000000
-0.000000 -2.540000 -0.000000
-0.000000 -2.540000 -0.000000
-0.000000 -2.540000 -0.000000
-0.000000 -2.540000 -0.000000
-0.000000 -2.540000 -0.000000
-0.000000 -2.540000 -0.000000
-0.000000 -2.540000 -0.000000
-0.000000 -2.540000 -0.000000
-0.000000 -2.540000 -0.000000
-0.000000 -2.540000 -0.000000
-0.000000 -2.540000 -0.000000
-0.000000 -2.540000 -0.000000
-0.000000 -2.540000 -0.000000
-0.000000 -2.540000 -0.000000
-0.000000 -2.540000 -0.000000
-0.000000 -2.540000 -0.000000
-0.000000 -2.540000 -0.000000
-0.000000 -2.540000 -0.000000
-0.000000 -2.540000 -0.000000
-0.000000 -2.540000 -0.000000
-0.000000 -2.540000 -0.000000
-0.000000 -2.540000 -0.000000
-0.000000 -2.540000 -0.000000
-0.000000 -2.540000 -0.000000
-0.000000 -2.540000 -0.000000
-0.000000 -2.540000 -0.000000
-0.000000 -2.540000 -0.000000
-0.000000 -2.540000 -0.000000
-0.000000 -2.540000 -0.000000
-0.000000 -2.540000 -0.000000
-0.000000 -2.540000 -0.000000
-0.000000 -2.540000 -0.000000
-0.000000 -2.540000 -0.000000
-0.000000 -2.540000 -0.000000
-0.000000 -2.540000 -0.000000
-0.000000 -2.540000 -0.000000
-0.000000 -2.540000 -0.000000
-0.000000 -2.540000 -0.000000
-0.000000 -2.540000 -0.000000
-0.000000 -0.000000 2.540000
-0.000000 -0.000000 2.540000
0.565203 -0.000000 2.476317
0.565203 -0.000000 2.476317
-0.000000 -0.000000 2.540000
0.565203 -0.000000 2.476317
0.565203 -0.000000 2.476317
0.565203 -0.000000 2.476317
1.102065 -0.000000 2.288461
1.102065 -0.000000 2.288461
0.565203 -0.000000 2.476317
1.102065 -0.000000 2.288461
1.102065 -0.000000 2.288461
1.102065 -0.000000 2.288461
1.583664 -0.000000 1.985852
1.583664 -0.000000 1.985852
1.102065 -0.000000 2.288461
1.583664 -0.000000 1.985852
1.583664 -0.000000 1.985852
1.583664 -0.000000 1.985852
1.985852 -0.000000 1.583664
1.985852 -0.000000 1.583664
1.583664 -0.000000 1.985852
1.985852 -0.000000 1.583664
1.985852 -0.000000 1.583664
1.985852 -0.000000 1.583664
2.288461 -0.000000 1.102065
2.288461 -0.000000 1.102065
1.985852 -0.000000 1.583664
2.288461 -0.000000 1.102065
2.288461 -0.000000 1.102065
2.288461 -0.000000 1.102065
2.476317 -0.000000 0.565203
2.476317 -0.000000 0.565203
2.288461 -0.000000 1.102065
2.476317 -0.000000 0.565203
2.476317 -0.000000 0.565203
2.476317 -0.000000 0.565203
2.540000 -0.000000 -0.000000
2.540000 -0.000000 -0.000000
2.476317 -0.000000 0.565203
2.540000 0.000000 0.000000
-2.540000 0.000000 0.000000
-2.476317 0.000000 0.565203
-2.540000 0.000000 -0.000000
-2.540000 0.000000 -0.000000
-2.476317 0.000000 0.565203
-2.476317 0.000000 0.565203
-2.540000 0.000000 -0.000000
-2.476317 0.000000 0.565203
-2.540000 0.000000 -0.000000
-2.476317 0.000000 0.565203
-2.476317 0.000000 0.565203
-2.288461 0.000000 1.102065
-2.288461 0.000000 1.102065
-2.476317 0.000000 0.565203
-2.288461 0.000000 1.102065
-2.288461 0.000000 1.102065
-2.288461 0.000000 1.102065
-1.985852 -0.000000 1.583664
-1.985852 -0.000000 1.583664
-2.288461 0.000000 1.102065
-1.985852 -0.000000 1.583664
-1.985852 -0.000000 1.583664
-1.985852 -0.000000 1.583664
-1.583664 -0.000000 1.985852
-1.583664 -0.000000 1.985852
-1.985852 -0.000000 1.583664
-1.583664 -0.000000 1.985852
-1.583664 -0.000000 1.985852
-1.583664 -0.000000 1.985852
-1.102065 -0.000000 2.288461
-1.102065 -0.000000 2.288461
-1.583664 -0.000000 1.985852
-1.102065 -0.000000 2.288461
-1.102065 -0.000000 2.288461
-1.102065 -0.000000 2.288461
-0.565203 -0.000000 2.476317
-0.565203 -0.000000 2.476317
-1.102065 -0.000000 2.288461
-0.565203 -0.000000 2.476317
-0.565203 -0.000000 2.476317
-0.565203 -0.000000 2.476317
-0.000000 -0.000000 2.540000
-0.000000 -0.000000 2.540000
-0.565203 -0.000000 2.476317
-0.000000 -0.000000 2.540000
-0.000000 -0.000000 2.540000
-0.000000 -0.000000 2.540000
-0.565203 -0.000000 2.476317
-2.540000 0.000000 0.000000
-2.540000 0.000000 -0.000000
-2.476317 0.000000 -0.565203
-2.476317 0.000000 -0.565203
-2.540000 0.000000 -0.000000
-2.476317 0.000000 -0.565203
-2.476317 0.000000 -0.565203
-2.476317 0.000000 -0.565203
-2.288461 0.000000 -1.102065
-2.288461 0.000000 -1.102065
-2.476317 0.000000 -0.565203
-2.288461 0.000000 -1.102065
-2.288461 0.000000 -1.102065
-2.288461 0.000000 -1.102065
-1.985852 -0.000000 -1.583664
-1.985852 -0.000000 -1.583664
-2.288461 0.000000 -1.102065
-1.985852 -0.000000 -1.583664
-1.985852 -0.000000 -1.583664
-1.985852 -0.000000 -1.583664
-1.583664 -0.000000 -1.985852
-1.583664 -0.000000 -1.985852
-1.985852 -0.000000 -1.583664
-1.583664 -0.000000 -1.985852
-1.583664 -0.000000 -1.985852
-1.583664 -0.000000 -1.985852
-1.102065 -0.000000 -2.288461
-1.102065 -0.000000 -2.288461
-1.583664 -0.000000 -1.985852
-1.102065 -0.000000 -2.288461
-1.102065 -0.000000 -2.288461
-1.102065 -0.000000 -2.288461
-0.565203 -0.000000 -2.476317
-0.565203 -0.000000 -2.476317
-1.102065 -0.000000 -2.288461
-0.565203 -0.000000 -2.476317
-0.565203 -0.000000 -2.476317
-0.565203 -0.000000 -2.476317
-0.000000 -0.000000 -2.540000
-0.000000 -0.000000 -2.540000
-0.565203 -0.000000 -2.476317
-0.000000 -0.000000 -2.540000
2.540000 0.000000 0.000000
2.476317 0.000000 -0.565203
2.540000 0.000000 0.000000
2.540000 0.000000 0.000000
2.476317 0.000000 -0.565203
2.476317 0.000000 -0.565203
2.540000 0.000000 0.000000
2.476317 0.000000 -0.565203
2.540000 -0.000000 -0.000000
2.476317 0.000000 -0.565203
2.476317 0.000000 -0.565203
2.288461 0.000000 -1.102065
2.288461 0.000000 -1.102065
2.476317 0.000000 -0.565203
2.288461 0.000000 -1.102065
2.288461 0.000000 -1.102065
2.288461 0.000000 -1.102065
1.985852 -0.000000 -1.583664
1.985852 -0.000000 -1.583664
2.288461 0.000000 -1.102065
1.985852 -0.000000 -1.583664
1.985852 -0.000000 -1.583664
1.985852 -0.000000 -1.583664
1.583664 -0.000000 -1.985852
1.583664 -0.000000 -1.985852
1.985852 -0.000000 -1.583664
1.583664 -0.000000 -1.985852
1.583664 -0.000000 -1.985852
1.583664 -0.000000 -1.985852
1.102065 -0.000000 -2.288461
1.102065 -0.000000 -2.288461
1.583664 -0.000000 -1.985852
1.102065 -0.000000 -2.288461
1.102065 -0.000000 -2.288461
1.102065 -0.000000 -2.288461
0.565203 -0.000000 -2.476317
0.565203 -0.000000 -2.476317
1.102065 -0.000000 -2.288461
0.565203 -0.000000 -2.476317
0.565203 -0.000000 -2.476317
0.565203 -0.000000 -2.476317
-0.000000 -0.000000 -2.540000
-0.000000 -0.000000 -2.540000
0.565203 -0.000000 -2.476317
-0.000000 -0.000000 -2.540000
0.000000 -0.000000 2.540000
-0.000000 -0.000000 2.540000
0.000000 -0.000000 2.540000
0.000000 -0.000000 2.540000
-0.000000 -0.000000 2.540000
-0.000000 -0.000000 2.540000
-1.796051 0.000000 -1.796051
-1.796051 0.000000 -1.796051
-1.796051 0.000000 -1.796051
-1.796051 0.000000 -1.796051
-1.796051 0.000000 -1.796051
-1.796051 0.000000 -1.796051
-2.540000 -0.000000 0.000000
-2.540000 0.000000 0.000000
-2.540000 -0.000000 -0.000000
-2.540000 -0.000000 -0.000000
-2.540000 0.000000 0.000000
-2.540000 0.000000 0.000000
-2.540000 0.000000 -0.000000
-2.540000 0.000000 -0.000000
-2.476317 0.000000 -0.565203
-2.476317 0.000000 -0.565203
-2.540000 0.000000 -0.000000
-2.476317 0.000000 -0.565203
-2.476317 0.000000 -0.565203
-2.476317 0.000000 -0.565203
-2.288461 0.000000 -1.102065
-2.288461 0.000000 -1.102065
-2.476317 0.000000 -0.565203
-2.288461 0.000000 -1.102065
-2.288461 0.000000 -1.102065
-2.288461 0.000000 -1.102065
-1.985852 -0.000000 -1.583664
-1.985852 -0.000000 -1.583664
-2.288461 0.000000 -1.102065
-1.985852 -0.000000 -1.583664
-1.985852 -0.000000 -1.583664
-1.985852 -0.000000 -1.583664
-1.583664 -0.000000 -1.985852
-1.583664 -0.000000 -1.985852
-1.985852 -0.000000 -1.583664
-1.583664 -0.000000 -1.985852
-1.583664 -0.000000 -1.985852
-1.583664 -0.000000 -1.985852
-1.102065 -0.000000 -2.288461
-1.102065 -0.000000 -2.288461
-1.583664 -0.000000 -1.985852
-1.102065 -0.000000 -2.288461
-1.102065 -0.000000 -2.288461
-1.102065 -0.000000 -2.288461
-0.565203 -0.000000 -2.476317
-0.565203 -0.000000 -2.476317
-1.102065 -0.000000 -2.288461
-0.565203 -0.000000 -2.476317
-0.565203 -0.000000 -2.476317
-0.565203 -0.000000 -2.476317
-0.000000 -0.000000 -2.540000
-0.000000 -0.000000 -2.540000
-0.565203 -0.000000 -2.476317
-0.000000 -0.000000 -2.540000
0.000000 2.540000 0.000000
0.000000 2.540000 0.000000
0.000000 2.540000 0.000000
0.000000 2.540000 0.000000
0.000000 2.540000 0.000000
0.000000 2.540000 0.000000
0.000000 2.540000 0.000000
0.000000 2.540000 0.000000
0.000000 2.540000 0.000000
0.000000 2.540000 0.000000
0.000000 2.540000 0.000000
0.000000 2.540000 0.000000
0.000000 2.540000 0.000000
0.000000 2.540000 0.000000
0.000000 2.540000 0.000000
0.000000 2.540000 0.000000
0.000000 2.540000 0.000000
0.000000 2.540000 0.000000
0.000000 2.540000 0.000000
0.000000 2.540000 0.000000
0.000000 2.540000 0.000000
0.000000 2.540000 0.000000
0.000000 2.540000 0.000000
0.000000 2.540000 0.000000
0.000000 2.540000 0.000000
0.000000 2.540000 0.000000
0.000000 2.540000 0.000000
0.000000 2.540000 0.000000
0.000000 2.540000 0.000000
0.000000 2.540000 0.000000
0.000000 2.540000 0.000000
0.000000 2.540000 0.000000
0.000000 2.540000 0.000000
0.000000 2.540000 0.000000
0.000000 2.540000 0.000000
0.000000 2.540000 0.000000
0.000000 2.540000 0.000000
0.000000 2.540000 0.000000
0.000000 2.540000 0.000000
0.000000 2.540000 0.000000
0.000000 2.540000 0.000000
0.000000 2.540000 0.000000
0.000000 2.540000 0.000000
0.000000 2.540000 0.000000
0.000000 2.540000 0.000000
0.000000 2.540000 0.000000
0.000000 2.540000 0.000000
0.000000 2.540000 0.000000
0.000000 2.540000 0.000000
0.000000 2.540000 0.000000
0.000000 2.540000 0.000000
0.000000 2.540000 0.000000
0.000000 2.540000 0.000000
0.000000 2.540000 0.000000
0.000000 2.540000 0.000000
0.000000 2.540000 0.000000
0.000000 2.540000 0.000000
0.000000 2.540000 0.000000
0.000000 2.540000 0.000000
0.000000 2.540000 0.000000
0.000000 2.540000 0.000000
0.000000 2.540000 0.000000
0.000000 2.540000 0.000000
0.000000 2.540000 0.000000
0.000000 2.540000 0.000000
0.000000 2.540000 0.000000
0.000000 2.540000 0.000000
0.000000 2.540000 0.000000
0.000000 2.540000 0.000000
0.000000 2.540000 0.000000
0.000000 2.540000 0.000000
0.000000 2.540000 0.000000
0.000000 2.540000 0.000000
0.000000 2.540000 0.000000
0.000000 2.540000 0.000000
0.000000 2.540000 0.000000
0.000000 2.540000 0.000000
0.000000 2.540000 0.000000
0.000000 2.540000 0.000000
0.000000 2.540000 0.000000
0.000000 2.540000 0.000000
0.000000 2.540000 0.000000
0.000000 2.540000 0.000000
0.000000 2.540000 0.000000
0.000000 2.540000 0.000000
0.000000 2.540000 0.000000
0.000000 2.540000 0.000000
0.000000 2.540000 0.000000
0.000000 2.540000 0.000000
0.000000 2.540000 0.000000
0.000000 2.540000 0.000000
0.000000 2.540000 0.000000
0.000000 2.540000 0.000000
0.000000 2.540000 0.000000
0.000000 2.540000 0.000000
0.000000 2.540000 0.000000
0.000000 2.540000 0.000000
0.000000 2.540000 0.000000
0.000000 2.540000 0.000000
0.000000 2.540000 0.000000
0.000000 2.540000 0.000000
0.000000 2.540000 0.000000
0.000000 2.540000 0.000000
0.000000 2.540000 0.000000
0.000000 2.540000 0.000000
0.000000 2.540000 0.000000
0.000000 2.540000 0.000000
0.000000 2.540000 0.000000
0.000000 2.540000 0.000000
0.000000 2.540000 0.000000
0.000000 2.540000 0.000000
0.000000 2.540000 0.000000
0.000000 2.540000 0.000000
0.000000 2.540000 0.000000
0.000000 2.540000 0.000000
0.000000 2.540000 0.000000
0.000000 2.540000 0.000000
0.000000 2.540000 0.000000
0.000000 2.540000 0.000000
0.000000 2.540000 0.000000
0.000000 2.540000 0.000000
0.000000 2.540000 0.000000
0.000000 2.540000 0.000000
0.000000 2.540000 0.000000
0.000000 2.540000 0.000000
0.000000 2.540000 0.000000
0.000000 2.540000 0.000000
0.000000 2.540000 0.000000
0.000000 2.540000 0.000000
0.000000 2.540000 0.000000
0.000000 2.540000 0.000000
0.000000 2.540000 0.000000
0.000000 2.540000 0.000000
0.000000 2.540000 0.000000
0.000000 2.540000 0.000000
0.000000 2.540000 0.000000
0.000000 2.540000 0.000000
0.000000 2.540000 0.000000
0.000000 2.540000 0.000000
0.000000 2.540000 0.000000
0.000000 2.540000 0.000000
0.000000 2.540000 0.000000
0.000000 2.540000 0.000000
0.000000 2.540000 0.000000
0.000000 2.540000 0.000000
0.000000 2.540000 0.000000
0.000000 2.540000 0.000000
0.000000 2.540000 0.000000
0.000000 2.540000 0.000000
0.000000 2.540000 0.000000
0.000000 2.540000 0.000000
0.000000 2.540000 0.000000
0.000000 2.540000 0.000000
0.000000 2.540000 0.000000
0.000000 2.540000 0.000000
0.000000 2.540000 0.000000
2.540000 -0.000000 -0.000000
2.540000 -0.000000 -0.000000
2.466192 -0.000000 0.607862
2.466192 -0.000000 0.607862
2.540000 -0.000000 -0.000000
2.466192 -0.000000 0.607862
2.466192 -0.000000 0.607862
2.466192 -0.000000 0.607862
2.249058 -0.000000 1.180397
2.249058 -0.000000 1.180397
2.466192 -0.000000 0.607862
2.249058 -0.000000 1.180397
2.249058 -0.000000 1.180397
2.249058 -0.000000 1.180397
1.901217 -0.000000 1.684332
1.901217 -0.000000 1.684332
2.249058 -0.000000 1.180397
1.901217 -0.000000 1.684332
1.901217 -0.000000 1.684332
1.901217 -0.000000 1.684332
1.442884 -0.000000 2.090379
1.442884 -0.000000 2.090379
1.901217 -0.000000 1.684332
1.442884 -0.000000 2.090379
1.442884 -0.000000 2.090379
1.442884 -0.000000 2.090379
0.900696 -0.000000 2.374941
0.900696 -0.000000 2.374941
1.442884 -0.000000 2.090379
0.900696 -0.000000 2.374941
0.900696 -0.000000 2.374941
0.900696 -0.000000 2.374941
0.306163 -0.000000 2.521481
0.306163 -0.000000 2.521481
0.900696 -0.000000 2.374941
0.306163 -0.000000 2.521481
0.306163 -0.000000 2.521481
0.306163 -0.000000 2.521481
-0.306163 0.000000 2.521481
-0.306163 0.000000 2.521481
0.306163 -0.000000 2.521481
-0.306163 0.000000 2.521481
-0.306163 0.000000 2.521481
-0.306163 0.000000 2.521481
-0.900696 0.000000 2.374941
-0.900696 0.000000 2.374941
-0.306163 0.000000 2.521481
-0.900696 0.000000 2.374941
-0.900696 0.000000 2.374941
-0.900696 0.000000 2.374941
-1.442884 0.000000 2.090379
-1.442884 0.000000 2.090379
-0.900696 0.000000 2.374941
-1.442884 0.000000 2.090379
-1.442884 0.000000 2.090379
-1.442884 0.000000 2.090379
-1.901217 0.000000 1.684332
-1.901217 0.000000 1.684332
-1.442884 0.000000 2.090379
-1.901217 0.000000 1.684332
-1.901217 0.000000 1.684332
-1.901217 0.000000 1.684332
-2.249058 0.000000 1.180397
-2.249058 0.000000 1.180397
-1.901217 0.000000 1.684332
-2.249058 0.000000 1.180397
-2.249058 0.000000 1.180397
-2.249058 0.000000 1.180397
-2.466192 0.000000 0.607862
-2.466192 0.000000 0.607862
-2.249058 0.000000 1.180397
-2.466192 0.000000 0.607862
-2.466192 0.000000 0.607862
-2.466192 0.000000 0.607862
-2.540000 0.000000 0.000000
-2.540000 0.000000 0.000000
-2.466192 0.000000 0.607862
-2.540000 0.000000 0.000000
0.000000 2.540000 0.000000
0.000000 2.540000 0.000000
0.000000 2.540000 0.000000
0.000000 2.540000 0.000000
0.000000 2.540000 0.000000
0.000000 2.540000 0.000000
0.000000 2.540000 0.000000
0.000000 2.540000 0.000000
0.000000 2.540000 0.000000
0.000000 2.540000 0.000000
0.000000 2.540000 0.000000
0.000000 2.540000 0.000000
0.000000 2.540000 0.000000
0.000000 2.540000 0.000000
0.000000 2.540000 0.000000
0.000000 2.540000 0.000000
0.000000 2.540000 0.000000
0.000000 2.540000 0.000000
0.000000 2.540000 0.000000
0.000000 2.540000 0.000000
0.000000 2.540000 0.000000
0.000000 2.540000 0.000000
0.000000 2.540000 0.000000
0.000000 2.540000 0.000000
0.000000 2.540000 0.000000
0.000000 2.540000 0.000000
0.000000 2.540000 0.000000
0.000000 2.540000 0.000000
0.000000 2.540000 0.000000
0.000000 2.540000 0.000000
0.000000 2.540000 0.000000
0.000000 2.540000 0.000000
0.000000 2.540000 0.000000
0.000000 2.540000 0.000000
0.000000 2.540000 0.000000
0.000000 2.540000 0.000000
0.000000 2.540000 0.000000
0.000000 2.540000 0.000000
0.000000 2.540000 0.000000
0.000000 2.540000 0.000000
0.000000 2.540000 0.000000
0.000000 2.540000 0.000000
0.000000 2.540000 0.000000
0.000000 2.540000 0.000000
0.000000 2.540000 0.000000
0.000000 2.540000 0.000000
0.000000 2.540000 0.000000
0.000000 2.540000 0.000000
0.000000 2.540000 0.000000
0.000000 2.540000 0.000000
0.000000 2.540000 0.000000
0.000000 2.540000 0.000000
0.000000 2.540000 0.000000
0.000000 2.540000 0.000000
0.000000 2.540000 0.000000
0.000000 2.540000 0.000000
0.000000 2.540000 0.000000
0.000000 2.540000 0.000000
0.000000 2.540000 0.000000
0.000000 2.540000 0.000000
0.000000 2.540000 0.000000
0.000000 2.540000 0.000000
0.000000 2.540000 0.000000
0.000000 2.540000 0.000000
0.000000 2.540000 0.000000
0.000000 2.540000 0.000000
0.000000 2.540000 0.000000
0.000000 2.540000 0.000000
0.000000 2.540000 0.000000
0.000000 2.540000 0.000000
0.000000 2.540000 0.000000
0.000000 2.540000 0.000000
0.000000 2.540000 0.000000
0.000000 2.540000 0.000000
0.000000 2.540000 0.000000
0.000000 2.540000 0.000000
0.000000 2.540000 0.000000
0.000000 2.540000 0.000000
0.000000 2.540000 0.000000
0.000000 2.540000 0.000000
0.000000 2.540000 0.000000
0.000000 2.540000 0.000000
0.000000 2.540000 0.000000
0.000000 2.540000 0.000000
0.000000 2.540000 0.000000
0.000000 2.540000 0.000000
0.000000 2.540000 0.000000
0.000000 2.540000 0.000000
0.000000 2.540000 0.000000
0.000000 2.540000 0.000000
0.000000 2.540000 0.000000
0.000000 2.540000 0.000000
0.000000 2.540000 0.000000
0.000000 2.540000 0.000000
0.000000 2.540000 0.000000
0.000000 2.540000 0.000000
0.000000 2.540000 0.000000
0.000000 2.540000 0.000000
0.000000 2.540000 0.000000
0.000000 2.540000 0.000000
0.000000 2.540000 0.000000
0.000000 2.540000 0.000000
0.000000 2.540000 0.000000
0.000000 2.540000 0.000000
0.000000 2.540000 0.000000
0.000000 2.540000 0.000000
0.000000 2.540000 0.000000
0.000000 2.540000 0.000000
0.000000 2.540000 0.000000
0.000000 2.540000 0.000000
0.000000 2.540000 0.000000
0.000000 2.540000 0.000000
0.000000 2.540000 0.000000
0.000000 2.540000 0.000000
0.000000 2.540000 0.000000
0.000000 2.540000 0.000000
0.000000 2.540000 0.000000
0.000000 2.540000 0.000000
0.000000 2.540000 0.000000
0.000000 2.540000 0.000000
0.000000 2.540000 0.000000
0.000000 2.540000 0.000000
0.000000 2.540000 0.000000
0.000000 2.540000 0.000000
0.000000 2.540000 0.000000
0.000000 2.540000 0.000000
0.000000 2.540000 0.000000
0.000000 2.540000 0.000000
0.000000 2.540000 0.000000
0.000000 2.540000 0.000000
0.000000 2.540000 0.000000
0.000000 2.540000 0.000000
0.000000 2.540000 0.000000
0.000000 2.540000 0.000000
0.000000 2.540000 0.000000
0.000000 2.540000 0.000000
0.000000 2.540000 0.000000
0.000000 2.540000 0.000000
0.000000 2.540000 0.000000
0.000000 2.540000 0.000000
0.000000 2.540000 0.000000
0.000000 2.540000 0.000000
0.000000 2.540000 0.000000
0.000000 2.540000 0.000000
0.000000 2.540000 0.000000
0.000000 2.540000 0.000000
0.000000 2.540000 0.000000
0.000000 2.540000 0.000000
0.000000 2.540000 0.000000
0.000000 2.540000 0.000000
0.000000 2.540000 0.000000
0.000000 2.540000 0.000000
0.000000 2.540000 0.000000
0.000000 2.540000 0.000000
0.000000 2.540000 0.000000
0.000000 2.540000 0.000000
2.540000 -0.000000 -0.000000
2.540000 -0.000000 -0.000000
2.466192 -0.000000 0.607862
2.466192 -0.000000 0.607862
2.540000 -0.000000 -0.000000
2.466192 -0.000000 0.607862
2.466192 -0.000000 0.607862
2.466192 -0.000000 0.607862
2.249058 -0.000000 1.180397
2.249058 -0.000000 1.180397
2.466192 -0.000000 0.607862
2.249058 -0.000000 1.180397
2.249058 -0.000000 1.180397
2.249058 -0.000000 1.180397
1.901217 -0.000000 1.684332
1.901217 -0.000000 1.684332
2.249058 -0.000000 1.180397
1.901217 -0.000000 1.684332
1.901217 -0.000000 1.684332
1.901217 -0.000000 1.684332
1.442884 -0.000000 2.090379
1.442884 -0.000000 2.090379
1.901217 -0.000000 1.684332
1.442884 -0.000000 2.090379
1.442884 -0.000000 2.090379
1.442884 -0.000000 2.090379
0.900696 -0.000000 2.374941
0.900696 -0.000000 2.374941
1.442884 -0.000000 2.090379
0.900696 -0.000000 2.374941
0.900696 -0.000000 2.374941
0.900696 -0.000000 2.374941
0.306163 -0.000000 2.521481
0.306163 -0.000000 2.521481
0.900696 -0.000000 2.374941
0.306163 -0.000000 2.521481
0.306163 -0.000000 2.521481
0.306163 -0.000000 2.521481
-0.306163 0.000000 2.521481
-0.306163 0.000000 2.521481
0.306163 -0.000000 2.521481
-0.306163 0.000000 2.521481
-0.306163 0.000000 2.521481
-0.306163 0.000000 2.521481
-0.900696 0.000000 2.374941
-0.900696 0.000000 2.374941
-0.306163 0.000000 2.521481
-0.900696 0.000000 2.374941
-0.900696 0.000000 2.374941
-0.900696 0.000000 2.374941
-1.442884 0.000000 2.090379
-1.442884 0.000000 2.090379
-0.900696 0.000000 2.374941
-1.442884 0.000000 2.090379
-1.442884 0.000000 2.090379
-1.442884 0.000000 2.090379
-1.901217 0.000000 1.684332
-1.901217 0.000000 1.684332
-1.442884 0.000000 2.090379
-1.901217 0.000000 1.684332
-1.901217 0.000000 1.684332
-1.901217 0.000000 1.684332
-2.249058 0.000000 1.180397
-2.249058 0.000000 1.180397
-1.901217 0.000000 1.684332
-2.249058 0.000000 1.180397
-2.249058 0.000000 1.180397
-2.249058 0.000000 1.180397
-2.466192 0.000000 0.607862
-2.466192 0.000000 0.607862
-2.249058 0.000000 1.180397
-2.466192 0.000000 0.607862
-2.466192 0.000000 0.607862
-2.466192 0.000000 0.607862
-2.540000 0.000000 0.000000
-2.540000 0.000000 0.000000
-2.466192 0.000000 0.607862
-2.540000 0.000000 0.000000
0.000000 2.540000 0.000000
0.000000 2.540000 0.000000
0.000000 2.540000 0.000000
0.000000 2.540000 0.000000
0.000000 2.540000 0.000000
0.000000 2.540000 0.000000
0.000000 2.540000 0.000000
0.000000 2.540000 0.000000
0.000000 2.540000 0.000000
0.000000 2.540000 0.000000
0.000000 2.540000 0.000000
0.000000 2.540000 0.000000
0.000000 2.540000 0.000000
0.000000 2.540000 0.000000
0.000000 2.540000 0.000000
0.000000 2.540000 0.000000
0.000000 2.540000 0.000000
0.000000 2.540000 0.000000
0.000000 2.540000 0.000000
0.000000 2.540000 0.000000
0.000000 2.540000 0.000000
0.000000 2.540000 0.000000
0.000000 2.540000 0.000000
0.000000 2.540000 0.000000
0.000000 2.540000 0.000000
0.000000 2.540000 0.000000
0.000000 2.540000 0.000000
0.000000 2.540000 0.000000
0.000000 2.540000 0.000000
0.000000 2.540000 0.000000
0.000000 2.540000 0.000000
0.000000 2.540000 0.000000
0.000000 2.540000 0.000000
0.000000 2.540000 0.000000
0.000000 2.540000 0.000000
0.000000 2.540000 0.000000
0.000000 2.540000 0.000000
0.000000 2.540000 0.000000
0.000000 2.540000 0.000000
0.000000 2.540000 0.000000
0.000000 2.540000 0.000000
0.000000 2.540000 0.000000
0.000000 2.540000 0.000000
0.000000 2.540000 0.000000
0.000000 2.540000 0.000000
0.000000 2.540000 0.000000
0.000000 2.540000 0.000000
0.000000 2.540000 0.000000
0.000000 2.540000 0.000000
0.000000 2.540000 0.000000
0.000000 2.540000 0.000000
0.000000 2.540000 0.000000
0.000000 2.540000 0.000000
0.000000 2.540000 0.000000
0.000000 2.540000 0.000000
0.000000 2.540000 0.000000
0.000000 2.540000 0.000000
0.000000 2.540000 0.000000
0.000000 2.540000 0.000000
0.000000 2.540000 0.000000
0.000000 2.540000 0.000000
0.000000 2.540000 0.000000
0.000000 2.540000 0.000000
0.000000 2.540000 0.000000
0.000000 2.540000 0.000000
0.000000 2.540000 0.000000
0.000000 2.540000 0.000000
0.000000 2.540000 0.000000
0.000000 2.540000 0.000000
0.000000 2.540000 0.000000
0.000000 2.540000 0.000000
0.000000 2.540000 0.000000
0.000000 0.000000 -2.540000
0.000000 0.000000 -2.540000
-0.607862 0.000000 -2.466192
-0.607862 0.000000 -2.466192
0.000000 0.000000 -2.540000
-0.607862 0.000000 -2.466192
-0.607862 0.000000 -2.466192
-0.607862 0.000000 -2.466192
-1.180397 0.000000 -2.249058
-1.180397 0.000000 -2.249058
-0.607862 0.000000 -2.466192
-1.180397 0.000000 -2.249058
-1.180397 0.000000 -2.249058
-1.180397 0.000000 -2.249058
-1.684332 0.000000 -1.901217
-1.684332 0.000000 -1.901217
-1.180397 0.000000 -2.249058
-1.684332 0.000000 -1.901217
-1.684332 0.000000 -1.901217
-1.684332 0.000000 -1.901217
-2.090379 0.000000 -1.442884
-2.090379 0.000000 -1.442884
-1.684332 0.000000 -1.901217
-2.090379 0.000000 -1.442884
-2.090379 0.000000 -1.442884
-2.090379 0.000000 -1.442884
-2.374941 0.000000 -0.900696
-2.374941 0.000000 -0.900696
-2.090379 0.000000 -1.442884
-2.374941 0.000000 -0.900696
-2.374941 0.000000 -0.900696
-2.374941 0.000000 -0.900696
-2.521481 0.000000 -0.306163
-2.521481 0.000000 -0.306163
-2.374941 0.000000 -0.900696
-2.521481 0.000000 -0.306163
-2.521481 0.000000 -0.306163
-2.521481 0.000000 -0.306163
-2.521481 0.000000 0.306163
-2.521481 0.000000 0.306163
-2.521481 0.000000 -0.306163
-2.521481 0.000000 0.306163
-2.521481 0.000000 0.306163
-2.521481 0.000000 0.306163
-2.374941 0.000000 0.900696
-2.374941 0.000000 0.900696
-2.521481 0.000000 0.306163
-2.374941 0.000000 0.900696
-2.374941 0.000000 0.900696
-2.374941 0.000000 0.900696
-2.090379 -0.000000 1.442884
-2.090379 -0.000000 1.442884
-2.374941 0.000000 0.900696
-2.090379 -0.000000 1.442884
-2.090379 -0.000000 1.442884
-2.090379 -0.000000 1.442884
-1.684332 -0.000000 1.901217
-1.684332 -0.000000 1.901217
-2.090379 -0.000000 1.442884
-1.684332 -0.000000 1.901217
-1.684332 -0.000000 1.901217
-1.684332 -0.000000 1.901217
-1.180397 -0.000000 2.249058
-1.180397 -0.000000 2.249058
-1.684332 -0.000000 1.901217
-1.180397 -0.000000 2.249058
-1.180397 -0.000000 2.249058
-1.180397 -0.000000 2.249058
-0.607862 -0.000000 2.466192
-0.607862 -0.000000 2.466192
-1.180397 -0.000000 2.249058
-0.607862 -0.000000 2.466192
-0.607862 -0.000000 2.466192
-0.607862 -0.000000 2.466192
-0.000000 -0.000000 2.540000
-0.000000 -0.000000 2.540000
-0.607862 -0.000000 2.466192
-0.000000 -0.000000 2.540000
0.000000 2.540000 0.000000
0.000000 2.540000 0.000000
0.000000 2.540000 0.000000
0.000000 2.540000 0.000000
0.000000 2.540000 0.000000
0.000000 2.540000 0.000000
0.000000 2.540000 0.000000
0.000000 2.540000 0.000000
0.000000 2.540000 0.000000
0.000000 2.540000 0.000000
0.000000 2.540000 0.000000
0.000000 2.540000 0.000000
0.000000 2.540000 0.000000
0.000000 2.540000 0.000000
0.000000 2.540000 0.000000
0.000000 2.540000 0.000000
0.000000 2.540000 0.000000
0.000000 2.540000 0.000000
0.000000 2.540000 0.000000
0.000000 2.540000 0.000000
0.000000 2.540000 0.000000
0.000000 2.540000 0.000000
0.000000 2.540000 0.000000
0.000000 2.540000 0.000000
0.000000 2.540000 0.000000
0.000000 2.540000 0.000000
0.000000 2.540000 0.000000
0.000000 2.540000 0.000000
0.000000 2.540000 0.000000
0.000000 2.540000 0.000000
0.000000 2.540000 0.000000
0.000000 2.540000 0.000000
0.000000 2.540000 0.000000
0.000000 2.540000 0.000000
0.000000 2.540000 0.000000
0.000000 2.540000 0.000000
0.000000 2.540000 0.000000
0.000000 2.540000 0.000000
0.000000 2.540000 0.000000
0.000000 2.540000 0.000000
0.000000 2.540000 0.000000
0.000000 2.540000 0.000000
0.000000 2.540000 0.000000
0.000000 2.540000 0.000000
0.000000 2.540000 0.000000
0.000000 2.540000 0.000000
0.000000 2.540000 0.000000
0.000000 2.540000 0.000000
0.000000 2.540000 0.000000
0.000000 2.540000 0.000000
0.000000 2.540000 0.000000
0.000000 2.540000 0.000000
0.000000 2.540000 0.000000
0.000000 2.540000 0.000000
0.000000 2.540000 0.000000
0.000000 2.540000 0.000000
0.000000 2.540000 0.000000
0.000000 2.540000 0.000000
0.000000 2.540000 0.000000
0.000000 2.540000 0.000000
0.000000 2.540000 0.000000
0.000000 2.540000 0.000000
0.000000 2.540000 0.000000
0.000000 2.540000 0.000000
0.000000 2.540000 0.000000
0.000000 2.540000 0.000000
0.000000 2.540000 0.000000
0.000000 2.540000 0.000000
0.000000 2.540000 0.000000
0.000000 2.540000 0.000000
0.000000 2.540000 0.000000
0.000000 2.540000 0.000000
0.000000 0.000000 -2.540000
0.000000 0.000000 -2.540000
-0.607862 0.000000 -2.466192
-0.607862 0.000000 -2.466192
0.000000 0.000000 -2.540000
-0.607862 0.000000 -2.466192
-0.607862 0.000000 -2.466192
-0.607862 0.000000 -2.466192
-1.180397 0.000000 -2.249058
-1.180397 0.000000 -2.249058
-0.607862 0.000000 -2.466192
-1.180397 0.000000 -2.249058
-1.180397 0.000000 -2.249058
-1.180397 0.000000 -2.249058
-1.684332 0.000000 -1.901217
-1.684332 0.000000 -1.901217
-1.180397 0.000000 -2.249058
-1.684332 0.000000 -1.901217
-1.684332 0.000000 -1.901217
-1.684332 0.000000 -1.901217
-2.090379 0.000000 -1.442884
-2.090379 0.000000 -1.442884
-1.684332 0.000000 -1.901217
-2.090379 0.000000 -1.442884
-2.090379 0.000000 -1.442884
-2.090379 0.000000 -1.442884
-2.374941 0.000000 -0.900696
-2.374941 0.000000 -0.900696
-2.090379 0.000000 -1.442884
-2.374941 0.000000 -0.900696
-2.374941 0.000000 -0.900696
-2.374941 0.000000 -0.900696
-2.521481 0.000000 -0.306163
-2.521481 0.000000 -0.306163
-2.374941 0.000000 -0.900696
-2.521481 0.000000 -0.306163
-2.521481 0.000000 -0.306163
-2.521481 0.000000 -0.306163
-2.521481 0.000000 0.306163
-2.521481 0.000000 0.306163
-2.521481 0.000000 -0.306163
-2.521481 0.000000 0.306163
-2.521481 0.000000 0.306163
-2.521481 0.000000 0.306163
-2.374941 0.000000 0.900696
-2.374941 0.000000 0.900696
-2.521481 0.000000 0.306163
-2.374941 0.000000 0.900696
-2.374941 0.000000 0.900696
-2.374941 0.000000 0.900696
-2.090379 -0.000000 1.442884
-2.090379 -0.000000 1.442884
-2.374941 0.000000 0.900696
-2.090379 -0.000000 1.442884
-2.090379 -0.000000 1.442884
-2.090379 -0.000000 1.442884
-1.684332 -0.000000 1.901217
-1.684332 -0.000000 1.901217
-2.090379 -0.000000 1.442884
-1.684332 -0.000000 1.901217
-1.684332 -0.000000 1.901217
-1.684332 -0.000000 1.901217
-1.180397 -0.000000 2.249058
-1.180397 -0.000000 2.249058
-1.684332 -0.000000 1.901217
-1.180397 -0.000000 2.249058
-1.180397 -0.000000 2.249058
-1.180397 -0.000000 2.249058
-0.607862 -0.000000 2.466192
-0.607862 -0.000000 2.466192
-1.180397 -0.000000 2.249058
-0.607862 -0.000000 2.466192
-0.607862 -0.000000 2.466192
-0.607862 -0.000000 2.466192
-0.000000 -0.000000 2.540000
-0.000000 -0.000000 2.540000
-0.607862 -0.000000 2.466192
-0.000000 -0.000000 2.540000
</float_array>
          <technique_common>
            <accessor source="#Mirror3-Normal0-array" count="16020" stride="3">
              <param name="X" type="float"/>
              <param name="Y" type="float"/>
              <param name="Z" type="float"/>
            </accessor>
          </technique_common>
        </source>
        <source id="Mirror3-UV0">
          <float_array id="Mirror3-UV0-array" count="11292">
0.400000 0.000000
0.080000 0.000000
0.400000 -0.057999
0.080000 -0.057999
0.400000 -0.115997
0.080000 -0.115997
0.400000 -0.173996
0.080000 -0.173996
0.400000 -0.231995
0.080000 -0.231995
0.400000 -0.289993
0.080000 -0.289993
0.400000 -0.347992
0.080000 -0.347992
0.400000 -0.405990
0.080000 -0.405990
0.400000 -0.463989
0.080000 -0.463989
0.400000 -0.521988
0.080000 -0.521988
0.400000 -0.579986
0.080000 -0.579986
0.400000 -0.637985
0.080000 -0.637985
0.400000 -0.695984
0.080000 -0.695984
0.400000 -0.753982
0.080000 -0.753982
0.400000 0.000000
0.080000 0.000000
0.400000 -0.057999
0.080000 -0.057999
0.400000 -0.115997
0.080000 -0.115997
0.400000 -0.173996
0.080000 -0.173996
0.400000 -0.231995
0.080000 -0.231995
0.400000 -0.289993
0.080000 -0.289993
0.400000 -0.347992
0.080000 -0.347992
0.400000 -0.405990
0.080000 -0.405990
0.400000 -0.463989
0.080000 -0.463989
0.400000 -0.521988
0.080000 -0.521988
0.400000 -0.579986
0.080000 -0.579986
0.400000 -0.637985
0.080000 -0.637985
0.400000 -0.695984
0.080000 -0.695984
0.400000 -0.753982
0.080000 -0.753982
0.080000 0.000000
0.000000 0.000000
0.080000 -0.079748
0.000000 -0.079748
0.080000 -0.159496
0.000000 -0.159496
0.080000 -0.239244
0.000000 -0.239244
0.080000 -0.318992
0.000000 -0.318992
0.080000 -0.398741
0.000000 -0.398741
0.080000 -0.478489
0.000000 -0.478489
0.080000 -0.558237
-0.000000 -0.558237
0.080000 -0.637985
-0.000000 -0.637985
0.080000 -0.717733
-0.000000 -0.717733
0.080000 -0.797481
-0.000000 -0.797481
0.080000 -0.877229
-0.000000 -0.877229
0.080000 -0.956977
-0.000000 -0.956977
0.080000 -1.036726
-0.000000 -1.036726
0.080000 0.000000
0.000000 0.000000
0.080000 -0.079748
0.000000 -0.079748
0.080000 -0.159496
0.000000 -0.159496
0.080000 -0.239244
0.000000 -0.239244
0.080000 -0.318992
0.000000 -0.318992
0.080000 -0.398741
0.000000 -0.398741
0.080000 -0.478489
0.000000 -0.478489
0.080000 -0.558237
-0.000000 -0.558237
0.080000 -0.637985
-0.000000 -0.637985
0.080000 -0.717733
-0.000000 -0.717733
0.080000 -0.797481
-0.000000 -0.797481
0.080000 -0.877229
-0.000000 -0.877229
0.080000 -0.956977
-0.000000 -0.956977
0.080000 -1.036726
-0.000000 -1.036726
0.400000 0.000000
0.080000 0.000000
0.400000 -0.057999
0.080000 -0.057999
0.400000 -0.115997
0.080000 -0.115997
0.400000 -0.173996
0.080000 -0.173996
0.400000 -0.231995
0.080000 -0.231995
0.400000 -0.289993
0.080000 -0.289993
0.400000 -0.347992
0.080000 -0.347992
0.400000 -0.405990
0.080000 -0.405990
0.400000 -0.463989
0.080000 -0.463989
0.400000 -0.521988
0.080000 -0.521988
0.400000 -0.579986
0.080000 -0.579986
0.400000 -0.637985
0.080000 -0.637985
0.400000 -0.695984
0.080000 -0.695984
0.400000 -0.753982
0.080000 -0.753982
0.400000 0.000000
0.080000 0.000000
0.400000 -0.057999
0.080000 -0.057999
0.400000 -0.115997
0.080000 -0.115997
0.400000 -0.173996
0.080000 -0.173996
0.400000 -0.231995
0.080000 -0.231995
0.400000 -0.289993
0.080000 -0.289993
0.400000 -0.347992
0.080000 -0.347992
0.400000 -0.405990
0.080000 -0.405990
0.400000 -0.463989
0.080000 -0.463989
0.400000 -0.521988
0.080000 -0.521988
0.400000 -0.579986
0.080000 -0.579986
0.400000 -0.637985
0.080000 -0.637985
0.400000 -0.695984
0.080000 -0.695984
0.400000 -0.753982
0.080000 -0.753982
0.080000 -0.000000
-0.000000 0.000000
0.080000 -0.079748
-0.000000 -0.079748
0.080000 -0.159496
-0.000000 -0.159496
0.080000 -0.239244
-0.000000 -0.239244
0.080000 -0.318992
-0.000000 -0.318992
0.080000 -0.398741
-0.000000 -0.398741
0.080000 -0.478489
-0.000000 -0.478489
0.080000 -0.558237
0.000000 -0.558237
0.080000 -0.637985
0.000000 -0.637985
0.080000 -0.717733
0.000000 -0.717733
0.080000 -0.797481
0.000000 -0.797481
0.080000 -0.877229
0.000000 -0.877229
0.080000 -0.956977
0.000000 -0.956977
0.080000 -1.036726
0.000000 -1.036726
0.080000 -0.000000
-0.000000 0.000000
0.080000 -0.079748
-0.000000 -0.079748
0.080000 -0.159496
-0.000000 -0.159496
0.080000 -0.239244
-0.000000 -0.239244
0.080000 -0.318992
-0.000000 -0.318992
0.080000 -0.398741
-0.000000 -0.398741
0.080000 -0.478489
-0.000000 -0.478489
0.080000 -0.558237
0.000000 -0.558237
0.080000 -0.637985
0.000000 -0.637985
0.080000 -0.717733
0.000000 -0.717733
0.080000 -0.797481
0.000000 -0.797481
0.080000 -0.877229
0.000000 -0.877229
0.080000 -0.956977
0.000000 -0.956977
0.080000 -1.036726
0.000000 -1.036726
1.398823 0.000000
0.678823 0.000000
1.398823 -0.057999
0.678823 -0.057999
1.398823 -0.115997
0.678823 -0.115997
1.398823 -0.173996
0.678823 -0.173996
1.398823 -0.231995
0.678823 -0.231995
1.398823 -0.289993
0.678823 -0.289993
1.398823 -0.347992
0.678823 -0.347992
1.398823 -0.405990
0.678823 -0.405990
1.398823 -0.463989
0.678823 -0.463989
1.398823 -0.521988
0.678823 -0.521988
1.398823 -0.579986
0.678823 -0.579986
1.398823 -0.637985
0.678823 -0.637985
1.398823 -0.695984
0.678823 -0.695984
1.398823 -0.753982
0.678823 -0.753982
1.398823 0.000000
0.678823 0.000000
1.398823 -0.057999
0.678823 -0.057999
1.398823 -0.115997
0.678823 -0.115997
1.398823 -0.173996
0.678823 -0.173996
1.398823 -0.231995
0.678823 -0.231995
1.398823 -0.289993
0.678823 -0.289993
1.398823 -0.347992
0.678823 -0.347992
1.398823 -0.405990
0.678823 -0.405990
1.398823 -0.463989
0.678823 -0.463989
1.398823 -0.521988
0.678823 -0.521988
1.398823 -0.579986
0.678823 -0.579986
1.398823 -0.637985
0.678823 -0.637985
1.398823 -0.695984
0.678823 -0.695984
1.398823 -0.753982
0.678823 -0.753982
1.398823 0.000000
0.678823 0.000000
1.398823 -0.057999
0.678823 -0.057999
1.398823 -0.115997
0.678823 -0.115997
1.398823 -0.173996
0.678823 -0.173996
1.398823 -0.231995
0.678823 -0.231995
1.398823 -0.289993
0.678823 -0.289993
1.398823 -0.347992
0.678823 -0.347992
1.398823 -0.405990
0.678823 -0.405990
1.398823 -0.463989
0.678823 -0.463989
1.398823 -0.521988
0.678823 -0.521988
1.398823 -0.579986
0.678823 -0.579986
1.398823 -0.637985
0.678823 -0.637985
1.398823 -0.695984
0.678823 -0.695984
1.398823 -0.753982
0.678823 -0.753982
0.080000 0.000000
-0.000000 0.000000
0.080000 -0.079748
-0.000000 -0.079748
0.080000 -0.159496
-0.000000 -0.159496
0.080000 -0.239244
-0.000000 -0.239244
0.080000 -0.318992
-0.000000 -0.318992
0.080000 -0.398741
-0.000000 -0.398741
0.080000 -0.478489
-0.000000 -0.478489
0.080000 -0.558237
0.000000 -0.558237
0.080000 -0.637985
0.000000 -0.637985
0.080000 -0.717733
0.000000 -0.717733
0.080000 -0.797481
0.000000 -0.797481
0.080000 -0.877229
0.000000 -0.877229
0.080000 -0.956977
0.000000 -0.956977
0.080000 -1.036726
0.000000 -1.036726
0.080000 0.000000
-0.000000 0.000000
0.080000 -0.079748
-0.000000 -0.079748
0.080000 -0.159496
-0.000000 -0.159496
0.080000 -0.239244
-0.000000 -0.239244
0.080000 -0.318992
-0.000000 -0.318992
0.080000 -0.398741
-0.000000 -0.398741
0.080000 -0.478489
-0.000000 -0.478489
0.080000 -0.558237
0.000000 -0.558237
0.080000 -0.637985
0.000000 -0.637985
0.080000 -0.717733
0.000000 -0.717733
0.080000 -0.797481
0.000000 -0.797481
0.080000 -0.877229
0.000000 -0.877229
0.080000 -0.956977
0.000000 -0.956977
0.080000 -1.036726
0.000000 -1.036726
0.080000 0.000000
-0.000000 0.000000
0.080000 -0.079748
-0.000000 -0.079748
0.080000 -0.159496
-0.000000 -0.159496
0.080000 -0.239244
-0.000000 -0.239244
0.080000 -0.318992
-0.000000 -0.318992
0.080000 -0.398741
-0.000000 -0.398741
0.080000 -0.478489
-0.000000 -0.478489
0.080000 -0.558237
0.000000 -0.558237
0.080000 -0.637985
0.000000 -0.637985
0.080000 -0.717733
0.000000 -0.717733
0.080000 -0.797481
0.000000 -0.797481
0.080000 -0.877229
0.000000 -0.877229
0.080000 -0.956977
0.000000 -0.956977
0.080000 -1.036726
0.000000 -1.036726
0.400000 -0.000000
0.080000 -0.000000
0.400000 -0.057999
0.080000 -0.057999
0.400000 -0.115997
0.080000 -0.115997
0.400000 -0.173996
0.080000 -0.173996
0.400000 -0.231995
0.080000 -0.231995
0.400000 -0.289993
0.080000 -0.289993
0.400000 -0.347992
0.080000 -0.347992
0.400000 -0.405990
0.080000 -0.405990
0.400000 -0.463989
0.080000 -0.463989
0.400000 -0.521988
0.080000 -0.521988
0.400000 -0.579986
0.080000 -0.579986
0.400000 -0.637985
0.080000 -0.637985
0.400000 -0.695984
0.080000 -0.695984
0.400000 -0.753982
0.080000 -0.753982
0.400000 -0.000000
0.080000 -0.000000
0.400000 -0.057999
0.080000 -0.057999
0.400000 -0.115997
0.080000 -0.115997
0.400000 -0.173996
0.080000 -0.173996
0.400000 -0.231995
0.080000 -0.231995
0.400000 -0.289993
0.080000 -0.289993
0.400000 -0.347992
0.080000 -0.347992
0.400000 -0.405990
0.080000 -0.405990
0.400000 -0.463989
0.080000 -0.463989
0.400000 -0.521988
0.080000 -0.521988
0.400000 -0.579986
0.080000 -0.579986
0.400000 -0.637985
0.080000 -0.637985
0.400000 -0.695984
0.080000 -0.695984
0.400000 -0.753982
0.080000 -0.753982
0.080000 0.000000
0.000000 0.000000
0.080000 -0.079748
0.000000 -0.079748
0.080000 -0.159496
0.000000 -0.159496
0.080000 -0.239244
0.000000 -0.239244
0.080000 -0.318992
0.000000 -0.318992
0.080000 -0.398741
0.000000 -0.398741
0.080000 -0.478489
0.000000 -0.478489
0.080000 -0.558237
-0.000000 -0.558237
0.080000 -0.637985
-0.000000 -0.637985
0.080000 -0.717733
-0.000000 -0.717733
0.080000 -0.797481
-0.000000 -0.797481
0.080000 -0.877229
-0.000000 -0.877229
0.080000 -0.956977
-0.000000 -0.956977
0.080000 -1.036726
-0.000000 -1.036726
0.080000 0.000000
0.000000 0.000000
0.080000 -0.079748
0.000000 -0.079748
0.080000 -0.159496
0.000000 -0.159496
0.080000 -0.239244
0.000000 -0.239244
0.080000 -0.318992
0.000000 -0.318992
0.080000 -0.398741
0.000000 -0.398741
0.080000 -0.478489
0.000000 -0.478489
0.080000 -0.558237
-0.000000 -0.558237
0.080000 -0.637985
-0.000000 -0.637985
0.080000 -0.717733
-0.000000 -0.717733
0.080000 -0.797481
-0.000000 -0.797481
0.080000 -0.877229
-0.000000 -0.877229
0.080000 -0.956977
-0.000000 -0.956977
0.080000 -1.036726
-0.000000 -1.036726
0.080000 0.000000
0.000000 0.000000
0.080000 -0.079748
0.000000 -0.079748
0.080000 -0.159496
0.000000 -0.159496
0.080000 -0.239244
0.000000 -0.239244
0.080000 -0.318992
0.000000 -0.318992
0.080000 -0.398741
0.000000 -0.398741
0.080000 -0.478489
0.000000 -0.478489
0.080000 -0.558237
-0.000000 -0.558237
0.080000 -0.637985
-0.000000 -0.637985
0.080000 -0.717733
-0.000000 -0.717733
0.080000 -0.797481
-0.000000 -0.797481
0.080000 -0.877229
-0.000000 -0.877229
0.080000 -0.956977
-0.000000 -0.956977
0.080000 -1.036726
-0.000000 -1.036726
0.080000 0.000000
0.000000 0.000000
0.080000 -0.079748
0.000000 -0.079748
0.080000 -0.159496
0.000000 -0.159496
0.080000 -0.239244
0.000000 -0.239244
0.080000 -0.318992
0.000000 -0.318992
0.080000 -0.398741
0.000000 -0.398741
0.080000 -0.478489
0.000000 -0.478489
0.080000 -0.558237
-0.000000 -0.558237
0.080000 -0.637985
-0.000000 -0.637985
0.080000 -0.717733
-0.000000 -0.717733
0.080000 -0.797481
-0.000000 -0.797481
0.080000 -0.877229
-0.000000 -0.877229
0.080000 -0.956977
-0.000000 -0.956977
0.080000 -1.036726
-0.000000 -1.036726
0.080000 0.000000
0.000000 0.000000
0.080000 -0.079748
0.000000 -0.079748
0.080000 -0.159496
0.000000 -0.159496
0.080000 -0.239244
0.000000 -0.239244
0.080000 -0.318992
0.000000 -0.318992
0.080000 -0.398741
0.000000 -0.398741
0.080000 -0.478489
0.000000 -0.478489
0.080000 -0.558237
-0.000000 -0.558237
0.080000 -0.637985
-0.000000 -0.637985
0.080000 -0.717733
-0.000000 -0.717733
0.080000 -0.797481
-0.000000 -0.797481
0.080000 -0.877229
-0.000000 -0.877229
0.080000 -0.956977
-0.000000 -0.956977
0.080000 -1.036726
-0.000000 -1.036726
-0.400000 -0.628319
-0.000000 -0.628319
-0.400000 -0.538559
-0.000000 -0.538559
-0.400000 -0.448799
-0.000000 -0.448799
-0.400000 -0.359039
-0.000000 -0.359039
-0.400000 -0.269279
-0.000000 -0.269279
-0.400000 -0.179520
-0.000000 -0.179520
-0.400000 -0.089760
-0.000000 -0.089760
-0.400000 -0.000000
-0.000000 0.000000
0.400000 -0.000000
0.080000 -0.000000
0.400000 -0.057999
0.080000 -0.057999
0.400000 -0.115997
0.080000 -0.115997
0.400000 -0.173996
0.080000 -0.173996
0.400000 -0.231995
0.080000 -0.231995
0.400000 -0.289993
0.080000 -0.289993
0.400000 -0.347992
0.080000 -0.347992
0.400000 -0.405990
0.080000 -0.405990
0.400000 -0.463989
0.080000 -0.463989
0.400000 -0.521988
0.080000 -0.521988
0.400000 -0.579986
0.080000 -0.579986
0.400000 -0.637985
0.080000 -0.637985
0.400000 -0.695984
0.080000 -0.695984
0.400000 -0.753982
0.080000 -0.753982
0.400000 -0.000000
0.080000 -0.000000
0.400000 -0.057999
0.080000 -0.057999
0.400000 -0.115997
0.080000 -0.115997
0.400000 -0.173996
0.080000 -0.173996
0.400000 -0.231995
0.080000 -0.231995
0.400000 -0.289993
0.080000 -0.289993
0.400000 -0.347992
0.080000 -0.347992
0.400000 -0.405990
0.080000 -0.405990
0.400000 -0.463989
0.080000 -0.463989
0.400000 -0.521988
0.080000 -0.521988
0.400000 -0.579986
0.080000 -0.579986
0.400000 -0.637985
0.080000 -0.637985
0.400000 -0.695984
0.080000 -0.695984
0.400000 -0.753982
0.080000 -0.753982
0.080000 0.000000
-0.000000 0.000000
0.080000 -0.079748
-0.000000 -0.079748
0.080000 -0.159496
-0.000000 -0.159496
0.080000 -0.239244
-0.000000 -0.239244
0.080000 -0.318992
-0.000000 -0.318992
0.080000 -0.398741
-0.000000 -0.398741
0.080000 -0.478489
-0.000000 -0.478489
0.080000 -0.558237
0.000000 -0.558237
0.080000 -0.637985
0.000000 -0.637985
0.080000 -0.717733
0.000000 -0.717733
0.080000 -0.797481
0.000000 -0.797481
0.080000 -0.877229
0.000000 -0.877229
0.080000 -0.956977
0.000000 -0.956977
0.080000 -1.036726
0.000000 -1.036726
0.080000 0.000000
-0.000000 0.000000
0.080000 -0.079748
-0.000000 -0.079748
0.080000 -0.159496
-0.000000 -0.159496
0.080000 -0.239244
-0.000000 -0.239244
0.080000 -0.318992
-0.000000 -0.318992
0.080000 -0.398741
-0.000000 -0.398741
0.080000 -0.478489
-0.000000 -0.478489
0.080000 -0.558237
0.000000 -0.558237
0.080000 -0.637985
0.000000 -0.637985
0.080000 -0.717733
0.000000 -0.717733
0.080000 -0.797481
0.000000 -0.797481
0.080000 -0.877229
0.000000 -0.877229
0.080000 -0.956977
0.000000 -0.956977
0.080000 -1.036726
0.000000 -1.036726
0.080000 0.000000
-0.000000 0.000000
0.080000 -0.079748
-0.000000 -0.079748
0.080000 -0.159496
-0.000000 -0.159496
0.080000 -0.239244
-0.000000 -0.239244
0.080000 -0.318992
-0.000000 -0.318992
0.080000 -0.398741
-0.000000 -0.398741
0.080000 -0.478489
-0.000000 -0.478489
0.080000 -0.558237
0.000000 -0.558237
0.080000 -0.637985
0.000000 -0.637985
0.080000 -0.717733
0.000000 -0.717733
0.080000 -0.797481
0.000000 -0.797481
0.080000 -0.877229
0.000000 -0.877229
0.080000 -0.956977
0.000000 -0.956977
0.080000 -1.036726
0.000000 -1.036726
0.080000 0.000000
-0.000000 0.000000
0.080000 -0.079748
-0.000000 -0.079748
0.080000 -0.159496
-0.000000 -0.159496
0.080000 -0.239244
-0.000000 -0.239244
0.080000 -0.318992
-0.000000 -0.318992
0.080000 -0.398741
-0.000000 -0.398741
0.080000 -0.478489
-0.000000 -0.478489
0.080000 -0.558237
0.000000 -0.558237
0.080000 -0.637985
0.000000 -0.637985
0.080000 -0.717733
0.000000 -0.717733
0.080000 -0.797481
0.000000 -0.797481
0.080000 -0.877229
0.000000 -0.877229
0.080000 -0.956977
0.000000 -0.956977
0.080000 -1.036726
0.000000 -1.036726
0.080000 0.000000
-0.000000 0.000000
0.080000 -0.079748
-0.000000 -0.079748
0.080000 -0.159496
-0.000000 -0.159496
0.080000 -0.239244
-0.000000 -0.239244
0.080000 -0.318992
-0.000000 -0.318992
0.080000 -0.398741
-0.000000 -0.398741
0.080000 -0.478489
-0.000000 -0.478489
0.080000 -0.558237
0.000000 -0.558237
0.080000 -0.637985
0.000000 -0.637985
0.080000 -0.717733
0.000000 -0.717733
0.080000 -0.797481
0.000000 -0.797481
0.080000 -0.877229
0.000000 -0.877229
0.080000 -0.956977
0.000000 -0.956977
0.080000 -1.036726
0.000000 -1.036726
1.398823 0.000000
0.678823 0.000000
1.398823 -0.057999
0.678823 -0.057999
1.398823 -0.115997
0.678823 -0.115997
1.398823 -0.173996
0.678823 -0.173996
1.398823 -0.231995
0.678823 -0.231995
1.398823 -0.289993
0.678823 -0.289993
1.398823 -0.347992
0.678823 -0.347992
1.398823 -0.405990
0.678823 -0.405990
1.398823 -0.463989
0.678823 -0.463989
1.398823 -0.521988
0.678823 -0.521988
1.398823 -0.579986
0.678823 -0.579986
1.398823 -0.637985
0.678823 -0.637985
1.398823 -0.695984
0.678823 -0.695984
1.398823 -0.753982
0.678823 -0.753982
1.398823 0.000000
0.678823 0.000000
1.398823 -0.057999
0.678823 -0.057999
1.398823 -0.115997
0.678823 -0.115997
1.398823 -0.173996
0.678823 -0.173996
1.398823 -0.231995
0.678823 -0.231995
1.398823 -0.289993
0.678823 -0.289993
1.398823 -0.347992
0.678823 -0.347992
1.398823 -0.405990
0.678823 -0.405990
1.398823 -0.463989
0.678823 -0.463989
1.398823 -0.521988
0.678823 -0.521988
1.398823 -0.579986
0.678823 -0.579986
1.398823 -0.637985
0.678823 -0.637985
1.398823 -0.695984
0.678823 -0.695984
1.398823 -0.753982
0.678823 -0.753982
1.398823 0.000000
0.678823 0.000000
1.398823 -0.057999
0.678823 -0.057999
1.398823 -0.115997
0.678823 -0.115997
1.398823 -0.173996
0.678823 -0.173996
1.398823 -0.231995
0.678823 -0.231995
1.398823 -0.289993
0.678823 -0.289993
1.398823 -0.347992
0.678823 -0.347992
1.398823 -0.405990
0.678823 -0.405990
1.398823 -0.463989
0.678823 -0.463989
1.398823 -0.521988
0.678823 -0.521988
1.398823 -0.579986
0.678823 -0.579986
1.398823 -0.637985
0.678823 -0.637985
1.398823 -0.695984
0.678823 -0.695984
1.398823 -0.753982
0.678823 -0.753982
0.080000 0.000000
-0.000000 0.000000
0.080000 -0.079748
-0.000000 -0.079748
0.080000 -0.159496
-0.000000 -0.159496
0.080000 -0.239244
-0.000000 -0.239244
0.080000 -0.318992
-0.000000 -0.318992
0.080000 -0.398741
-0.000000 -0.398741
0.080000 -0.478489
-0.000000 -0.478489
0.080000 -0.558237
0.000000 -0.558237
0.080000 -0.637985
0.000000 -0.637985
0.080000 -0.717733
0.000000 -0.717733
0.080000 -0.797481
0.000000 -0.797481
0.080000 -0.877229
0.000000 -0.877229
0.080000 -0.956977
0.000000 -0.956977
0.080000 -1.036726
0.000000 -1.036726
0.080000 0.000000
-0.000000 0.000000
0.080000 -0.079748
-0.000000 -0.079748
0.080000 -0.159496
-0.000000 -0.159496
0.080000 -0.239244
-0.000000 -0.239244
0.080000 -0.318992
-0.000000 -0.318992
0.080000 -0.398741
-0.000000 -0.398741
0.080000 -0.478489
-0.000000 -0.478489
0.080000 -0.558237
0.000000 -0.558237
0.080000 -0.637985
0.000000 -0.637985
0.080000 -0.717733
0.000000 -0.717733
0.080000 -0.797481
0.000000 -0.797481
0.080000 -0.877229
0.000000 -0.877229
0.080000 -0.956977
0.000000 -0.956977
0.080000 -1.036726
0.000000 -1.036726
0.080000 0.000000
-0.000000 0.000000
0.080000 -0.079748
-0.000000 -0.079748
0.080000 -0.159496
-0.000000 -0.159496
0.080000 -0.239244
-0.000000 -0.239244
0.080000 -0.318992
-0.000000 -0.318992
0.080000 -0.398741
-0.000000 -0.398741
0.080000 -0.478489
-0.000000 -0.478489
0.080000 -0.558237
0.000000 -0.558237
0.080000 -0.637985
0.000000 -0.637985
0.080000 -0.717733
0.000000 -0.717733
0.080000 -0.797481
0.000000 -0.797481
0.080000 -0.877229
0.000000 -0.877229
0.080000 -0.956977
0.000000 -0.956977
0.080000 -1.036726
0.000000 -1.036726
-0.100000 0.000000
-0.000000 0.000000
-0.100000 0.448799
-0.000000 0.448799
-0.100000 0.897598
-0.000000 0.897598
-0.100000 1.346397
-0.000000 1.346397
-0.100000 1.795196
-0.000000 1.795196
-0.100000 2.243995
-0.000000 2.243995
-0.100000 2.692794
-0.000000 2.692794
-0.100000 3.141593
-0.000000 3.141593
-0.100000 3.590392
-0.000000 3.590392
-0.100000 4.039191
-0.000000 4.039191
-0.100000 4.487989
-0.000000 4.487989
-0.100000 4.936789
0.000000 4.936789
-0.100000 5.385587
0.000000 5.385587
-0.100000 5.834386
0.000000 5.834386
-0.100000 6.283185
0.000000 6.283185
-0.100000 6.731984
0.000000 6.731984
-0.100000 7.180783
0.000000 7.180783
-0.100000 7.629582
0.000000 7.629582
-0.100000 8.078382
0.000000 8.078382
-0.100000 8.527180
0.000000 8.527180
-0.100000 8.975979
-0.000000 8.975979
-0.100000 9.424778
0.000000 9.424778
0.400000 -0.000000
0.080000 0.000000
0.400000 -0.057999
0.080000 -0.057999
0.400000 -0.115997
0.080000 -0.115997
0.400000 -0.173996
0.080000 -0.173996
0.400000 -0.231995
0.080000 -0.231995
0.400000 -0.289993
0.080000 -0.289993
0.400000 -0.347992
0.080000 -0.347992
0.400000 -0.405990
0.080000 -0.405990
0.400000 -0.463989
0.080000 -0.463989
0.400000 -0.521988
0.080000 -0.521988
0.400000 -0.579986
0.080000 -0.579986
0.400000 -0.637985
0.080000 -0.637985
0.400000 -0.695984
0.080000 -0.695984
0.400000 -0.753982
0.080000 -0.753982
0.400000 -0.000000
0.080000 0.000000
0.400000 -0.057999
0.080000 -0.057999
0.400000 -0.115997
0.080000 -0.115997
0.400000 -0.173996
0.080000 -0.173996
0.400000 -0.231995
0.080000 -0.231995
0.400000 -0.289993
0.080000 -0.289993
0.400000 -0.347992
0.080000 -0.347992
0.400000 -0.405990
0.080000 -0.405990
0.400000 -0.463989
0.080000 -0.463989
0.400000 -0.521988
0.080000 -0.521988
0.400000 -0.579986
0.080000 -0.579986
0.400000 -0.637985
0.080000 -0.637985
0.400000 -0.695984
0.080000 -0.695984
0.400000 -0.753982
0.080000 -0.753982
0.400000 -0.000000
0.080000 0.000000
0.400000 -0.057999
0.080000 -0.057999
0.400000 -0.115997
0.080000 -0.115997
0.400000 -0.173996
0.080000 -0.173996
0.400000 -0.231995
0.080000 -0.231995
0.400000 -0.289993
0.080000 -0.289993
0.400000 -0.347992
0.080000 -0.347992
0.400000 -0.405990
0.080000 -0.405990
0.400000 -0.463989
0.080000 -0.463989
0.400000 -0.521988
0.080000 -0.521988
0.400000 -0.579986
0.080000 -0.579986
0.400000 -0.637985
0.080000 -0.637985
0.400000 -0.695984
0.080000 -0.695984
0.400000 -0.753982
0.080000 -0.753982
0.400000 0.000000
0.080000 0.000000
0.400000 -0.057999
0.080000 -0.057999
0.400000 -0.115997
0.080000 -0.115997
0.400000 -0.173996
0.080000 -0.173996
0.400000 -0.231995
0.080000 -0.231995
0.400000 -0.289993
0.080000 -0.289993
0.400000 -0.347992
0.080000 -0.347992
0.400000 -0.405990
0.080000 -0.405990
0.400000 -0.463989
0.080000 -0.463989
0.400000 -0.521988
0.080000 -0.521988
0.400000 -0.579986
0.080000 -0.579986
0.400000 -0.637985
0.080000 -0.637985
0.400000 -0.695984
0.080000 -0.695984
0.400000 -0.753982
0.080000 -0.753982
0.400000 0.000000
0.080000 0.000000
0.400000 -0.057999
0.080000 -0.057999
0.400000 -0.115997
0.080000 -0.115997
0.400000 -0.173996
0.080000 -0.173996
0.400000 -0.231995
0.080000 -0.231995
0.400000 -0.289993
0.080000 -0.289993
0.400000 -0.347992
0.080000 -0.347992
0.400000 -0.405990
0.080000 -0.405990
0.400000 -0.463989
0.080000 -0.463989
0.400000 -0.521988
0.080000 -0.521988
0.400000 -0.579986
0.080000 -0.579986
0.400000 -0.637985
0.080000 -0.637985
0.400000 -0.695984
0.080000 -0.695984
0.400000 -0.753982
0.080000 -0.753982
0.400000 0.000000
0.080000 0.000000
0.400000 -0.057999
0.080000 -0.057999
0.400000 -0.115997
0.080000 -0.115997
0.400000 -0.173996
0.080000 -0.173996
0.400000 -0.231995
0.080000 -0.231995
0.400000 -0.289993
0.080000 -0.289993
0.400000 -0.347992
0.080000 -0.347992
0.400000 -0.405990
0.080000 -0.405990
0.400000 -0.463989
0.080000 -0.463989
0.400000 -0.521988
0.080000 -0.521988
0.400000 -0.579986
0.080000 -0.579986
0.400000 -0.637985
0.080000 -0.637985
0.400000 -0.695984
0.080000 -0.695984
0.400000 -0.753982
0.080000 -0.753982
-2.966492 -0.447127
-2.000000 -1.200000
-3.000000 0.000000
-2.000000 1.200000
-2.966492 0.447127
-2.866719 0.884266
-2.702907 1.301651
-2.478716 1.689960
-2.199156 2.040518
-1.200000 1.200000
-1.870469 2.345495
-1.500000 2.598076
-1.096023 2.792621
-0.667563 2.924784
-0.400000 0.800000
-0.224190 2.991611
0.400000 0.800000
0.224190 2.991611
0.667563 2.924784
1.200000 1.200000
1.096023 2.792621
1.500000 2.598076
1.870469 2.345495
2.199156 2.040518
2.000000 1.200000
2.478716 1.689960
2.702907 1.301651
2.866719 0.884266
2.966492 0.447127
3.000000 0.000000
2.000000 -1.200000
2.966492 -0.447127
2.866719 -0.884266
2.702907 -1.301651
2.478716 -1.689960
2.199156 -2.040518
1.200000 -1.200000
1.870469 -2.345495
1.500000 -2.598076
1.096023 -2.792621
0.667563 -2.924784
0.400000 -0.800000
0.224190 -2.991611
-0.400000 -0.800000
-0.224190 -2.991611
-0.667563 -2.924784
-1.200000 -1.200000
-1.096023 -2.792621
-1.500000 -2.598076
-1.870469 -2.345495
-2.199156 -2.040518
-2.478716 -1.689960
-2.702907 -1.301651
-2.866719 -0.884266
1.200000 -0.800000
1.200000 0.800000
-1.200000 -0.800000
-1.200000 0.800000
0.400000 -0.753982
0.080000 -0.753982
0.400000 -0.811981
0.080000 -0.811981
0.400000 -0.869980
0.080000 -0.869980
0.400000 -0.927978
0.080000 -0.927978
0.400000 -0.985977
0.080000 -0.985977
0.400000 -1.043975
0.080000 -1.043975
0.400000 -1.101974
0.080000 -1.101974
0.400000 -1.159973
0.080000 -1.159973
0.400000 -1.217971
0.080000 -1.217971
0.400000 -1.275970
0.080000 -1.275970
0.400000 -1.333969
0.080000 -1.333969
0.400000 -1.391967
0.080000 -1.391967
0.400000 -1.449966
0.080000 -1.449966
0.400000 -1.507964
0.080000 -1.507964
0.400000 -0.753982
0.080000 -0.753982
0.400000 -0.811981
0.080000 -0.811981
0.400000 -0.869980
0.080000 -0.869980
0.400000 -0.927978
0.080000 -0.927978
0.400000 -0.985977
0.080000 -0.985977
0.400000 -1.043975
0.080000 -1.043975
0.400000 -1.101974
0.080000 -1.101974
0.400000 -1.159973
0.080000 -1.159973
0.400000 -1.217971
0.080000 -1.217971
0.400000 -1.275970
0.080000 -1.275970
0.400000 -1.333969
0.080000 -1.333969
0.400000 -1.391967
0.080000 -1.391967
0.400000 -1.449966
0.080000 -1.449966
0.400000 -1.507964
0.080000 -1.507964
0.400000 -0.753982
0.080000 -0.753982
0.400000 -0.811981
0.080000 -0.811981
0.400000 -0.869980
0.080000 -0.869980
0.400000 -0.927978
0.080000 -0.927978
0.400000 -0.985977
0.080000 -0.985977
0.400000 -1.043975
0.080000 -1.043975
0.400000 -1.101974
0.080000 -1.101974
0.400000 -1.159973
0.080000 -1.159973
0.400000 -1.217971
0.080000 -1.217971
0.400000 -1.275970
0.080000 -1.275970
0.400000 -1.333969
0.080000 -1.333969
0.400000 -1.391967
0.080000 -1.391967
0.400000 -1.449966
0.080000 -1.449966
0.400000 -1.507964
0.080000 -1.507964
-0.400000 0.800000
-0.800000 0.800000
-0.400000 0.400000
-0.800000 0.400000
-0.400000 -0.400000
0.400000 -0.400000
-0.400000 -0.000000
0.400000 0.000000
-0.389971 0.089008
0.389971 0.089008
-0.360388 0.173553
0.360388 0.173553
-0.312733 0.249396
0.312733 0.249396
-0.249396 0.312733
0.249396 0.312733
-0.173553 0.360388
0.173553 0.360388
-0.089008 0.389971
0.089008 0.389971
0.000000 0.400000
0.400000 -0.753982
0.080000 -0.753982
0.400000 -0.811981
0.080000 -0.811981
0.400000 -0.869980
0.080000 -0.869980
0.400000 -0.927978
0.080000 -0.927978
0.400000 -0.985977
0.080000 -0.985977
0.400000 -1.043975
0.080000 -1.043975
0.400000 -1.101974
0.080000 -1.101974
0.400000 -1.159973
0.080000 -1.159973
0.400000 -1.217971
0.080000 -1.217971
0.400000 -1.275970
0.080000 -1.275970
0.400000 -1.333969
0.080000 -1.333969
0.400000 -1.391967
0.080000 -1.391967
0.400000 -1.449966
0.080000 -1.449966
0.400000 -1.507964
0.080000 -1.507964
0.400000 -0.753982
0.080000 -0.753982
0.400000 -0.811981
0.080000 -0.811981
0.400000 -0.869980
0.080000 -0.869980
0.400000 -0.927978
0.080000 -0.927978
0.400000 -0.985977
0.080000 -0.985977
0.400000 -1.043975
0.080000 -1.043975
0.400000 -1.101974
0.080000 -1.101974
0.400000 -1.159973
0.080000 -1.159973
0.400000 -1.217971
0.080000 -1.217971
0.400000 -1.275970
0.080000 -1.275970
0.400000 -1.333969
0.080000 -1.333969
0.400000 -1.391967
0.080000 -1.391967
0.400000 -1.449966
0.080000 -1.449966
0.400000 -1.507964
0.080000 -1.507964
0.400000 -0.753982
0.080000 -0.753982
0.400000 -0.811981
0.080000 -0.811981
0.400000 -0.869980
0.080000 -0.869980
0.400000 -0.927978
0.080000 -0.927978
0.400000 -0.985977
0.080000 -0.985977
0.400000 -1.043975
0.080000 -1.043975
0.400000 -1.101974
0.080000 -1.101974
0.400000 -1.159973
0.080000 -1.159973
0.400000 -1.217971
0.080000 -1.217971
0.400000 -1.275970
0.080000 -1.275970
0.400000 -1.333969
0.080000 -1.333969
0.400000 -1.391967
0.080000 -1.391967
0.400000 -1.449966
0.080000 -1.449966
0.400000 -1.507964
0.080000 -1.507964
-0.800000 -0.800000
-0.400000 -0.800000
-0.800000 -0.400000
-0.400000 -0.400000
2.000000 0.800000
2.089008 0.789971
2.400000 0.800000
2.173553 0.760388
2.249396 0.712733
2.312733 0.649396
2.360388 0.573554
2.389971 0.489008
2.400000 0.400000
-0.000000 0.400000
0.010029 0.489008
-0.000000 0.800000
0.039612 0.573554
0.087267 0.649396
0.150604 0.712733
0.226447 0.760388
0.310992 0.789971
0.400000 0.800000
-0.100000 -9.424778
0.000000 -9.424778
-0.100000 -8.975979
-0.000000 -8.975979
-0.100000 -8.527180
-0.000000 -8.527180
-0.100000 -8.078382
-0.000000 -8.078382
-0.100000 -7.629582
-0.000000 -7.629582
-0.100000 -7.180783
-0.000000 -7.180783
-0.100000 -6.731984
-0.000000 -6.731984
-0.100000 -6.283185
-0.000000 -6.283185
-0.100000 -5.834386
-0.000000 -5.834386
-0.100000 -5.385587
-0.000000 -5.385587
-0.100000 -4.936789
-0.000000 -4.936789
-0.100000 -4.487989
-0.000000 -4.487989
-0.100000 -4.039191
-0.000000 -4.039191
-0.100000 -3.590392
-0.000000 -3.590392
-0.100000 -3.141593
-0.000000 -3.141593
-0.100000 -2.692794
-0.000000 -2.692794
-0.100000 -2.243995
-0.000000 -2.243995
-0.100000 -1.795196
-0.000000 -1.795196
-0.100000 -1.346397
-0.000000 -1.346397
-0.100000 -0.897598
-0.000000 -0.897598
-0.100000 -0.448799
-0.000000 -0.448799
-0.100000 0.000000
-0.000000 0.000000
-2.966492 -0.447127
2.966492 -0.447127
-3.000000 0.000000
3.000000 0.000000
-2.966492 0.447127
2.966492 0.447127
-2.866719 0.884266
2.866719 0.884266
-2.702907 1.301651
2.702907 1.301651
-2.478716 1.689960
2.478716 1.689960
-2.199156 2.040518
2.199156 2.040518
-1.870469 2.345495
1.870469 2.345495
-1.500000 2.598076
1.500000 2.598076
-1.096023 2.792621
1.096023 2.792621
-0.667563 2.924784
0.667563 2.924784
-0.224190 2.991611
0.224190 2.991611
2.866719 -0.884266
-2.866719 -0.884266
2.702907 -1.301651
-2.702907 -1.301651
2.478716 -1.689960
-2.478716 -1.689960
2.199156 -2.040518
-2.199156 -2.040518
1.870469 -2.345495
-1.870469 -2.345495
1.500000 -2.598076
-1.500000 -2.598076
1.096023 -2.792621
-1.096023 -2.792621
0.667563 -2.924784
-0.667563 -2.924784
0.224190 -2.991611
-0.224190 -2.991611
-2.400000 0.400000
-2.292201 0.553359
-2.400000 0.800000
-2.247009 0.618831
-2.187461 0.671585
-2.389971 0.310992
-2.320411 0.321026
-2.330000 0.400000
-2.320411 0.478974
-2.292201 0.246641
-2.360388 0.226447
-2.247009 0.181170
-2.312733 0.150604
-2.187461 0.128415
-2.249396 0.087267
-2.117020 0.091445
-2.173553 0.039612
-2.039777 0.072406
-2.089008 0.010029
-2.000000 0.000000
-0.400000 0.000000
-1.239777 0.072406
-1.317020 0.091445
-1.882980 0.091445
-1.812539 0.128415
-1.387461 0.128415
-1.752991 0.181170
-1.447008 0.181170
-1.707800 0.246641
-1.492200 0.246641
-1.679589 0.321026
-1.520411 0.321026
-1.670000 0.400000
-1.530000 0.400000
-1.679589 0.478974
-1.520411 0.478974
-1.707800 0.553359
-1.492200 0.553359
-1.752991 0.618831
-1.447008 0.618831
-1.812539 0.671585
-1.387461 0.671585
-1.882980 0.708555
-1.317020 0.708555
-1.960223 0.727594
-1.239777 0.727594
-1.160223 0.727594
-0.000000 0.800000
-0.439777 0.727594
-0.360223 0.727594
-0.310992 0.010029
-0.360223 0.072406
-0.439777 0.072406
-0.517020 0.091445
-0.226447 0.039612
-0.282980 0.091445
-0.150604 0.087267
-0.212539 0.128415
-0.087267 0.150604
-0.152991 0.181170
-0.039612 0.226447
-0.107800 0.246641
-0.010029 0.310992
-0.079589 0.321026
-0.000000 0.400000
-0.070000 0.400000
-0.079589 0.478974
-0.107800 0.553359
-0.152991 0.618831
-0.212539 0.671585
-0.282980 0.708555
-0.720411 0.478974
-0.879589 0.478974
-0.730000 0.400000
-0.870000 0.400000
-0.720411 0.321026
-0.879589 0.321026
-0.692200 0.246641
-0.907799 0.246641
-0.647009 0.181170
-0.952991 0.181170
-0.587461 0.128415
-1.012539 0.128415
-1.082980 0.091445
-1.160223 0.072406
-0.907799 0.553359
-0.692200 0.553359
-0.952991 0.618831
-0.647009 0.618831
-1.012539 0.671585
-0.587461 0.671585
-1.082980 0.708555
-0.517020 0.708555
-2.117020 0.708555
-2.039777 0.727594
-1.960223 0.072406
-0.800000 -0.800000
-0.400000 -0.800000
-0.800000 0.000000
-0.400000 0.000000
0.800000 0.000000
0.400000 0.000000
0.800000 -0.800000
0.400000 -0.800000
-1.600000 0.800000
-2.000000 0.800000
-1.600000 0.400000
-2.000000 -0.800000
-1.600000 -0.400000
-1.600000 -0.800000
-1.200000 -0.400000
-1.200000 0.400000
-2.000000 0.000000
-2.000000 -0.089760
-1.600000 0.000000
-1.200000 -0.089760
-1.200000 0.000000
-1.200000 -0.179520
-2.000000 -0.179520
-1.200000 -0.269279
-2.000000 -0.269279
-1.200000 -0.359039
-2.000000 -0.359039
-1.200000 -0.448799
-2.000000 -0.448799
-1.200000 -0.538559
-2.000000 -0.538559
-1.200000 -0.628319
-2.000000 -0.628319
1.200000 -1.256637
1.200000 -1.346397
1.600000 -1.256637
2.000000 -1.346397
2.000000 -1.256637
2.000000 -1.436157
1.200000 -1.436157
2.000000 -1.525916
1.200000 -1.525916
2.000000 -1.615676
1.200000 -1.615676
2.000000 -1.705436
1.200000 -1.705436
2.000000 -1.795196
1.200000 -1.795196
2.000000 -1.884956
1.200000 -1.884956
0.400000 -1.200000
1.200000 -1.200000
0.400000 -0.400000
1.200000 -0.400000
0.000000 -0.400000
-0.089008 -0.389971
-0.400000 -0.400000
-0.173553 -0.360388
-0.249396 -0.312733
-0.312733 -0.249396
-0.360388 -0.173553
-0.389971 -0.089008
-0.400000 -0.000000
-0.400000 -0.000000
-0.310992 -0.010029
-0.000000 0.000000
-0.226447 -0.039612
-0.150604 -0.087267
-0.087267 -0.150604
-0.039612 -0.226447
-0.010029 -0.310992
-0.000000 -0.400000
0.400000 0.000000
0.310992 0.010029
-0.000000 0.000000
0.226447 0.039612
0.150604 0.087267
0.087267 0.150604
0.039612 0.226447
0.010029 0.310992
0.000000 0.400000
0.800000 0.000000
1.082980 -0.091445
1.200000 -0.000000
1.160223 -0.072406
1.239777 -0.072406
0.800000 0.400000
0.439777 -0.072406
0.517020 -0.091445
0.587461 -0.128415
-0.000000 0.400000
0.360223 -0.072406
-0.000000 0.000000
0.282980 -0.091445
0.212539 -0.128415
0.152991 -0.181170
-0.152991 -0.181170
0.107800 -0.246641
-0.107800 -0.246641
0.079589 -0.321026
-0.079589 -0.321026
0.070000 -0.400000
-0.070000 -0.400000
0.079589 -0.478974
-0.079589 -0.478974
0.107800 -0.553359
-0.107800 -0.553359
0.152991 -0.618831
-0.152991 -0.618831
0.212539 -0.671585
-0.212539 -0.671585
-0.212539 -0.928415
-0.282980 -0.708555
-0.282980 -0.891445
-0.360223 -0.727594
-0.360223 -0.872406
-0.439777 -0.727594
-0.439777 -0.872406
-0.517020 -0.891445
-0.517020 -0.708555
-0.587461 -0.928415
-0.587461 -0.671585
-1.012539 -0.671585
-0.952991 -0.618831
-0.647009 -0.618831
-0.907799 -0.553359
-0.692200 -0.553359
-0.879589 -0.478974
-0.720411 -0.478974
-0.870000 -0.400000
-0.730000 -0.400000
-0.879589 -0.321026
-0.720411 -0.321026
-0.907799 -0.246641
-0.692200 -0.246641
-0.952991 -0.181170
-0.647009 -0.181170
-0.800000 0.000000
-0.587461 -0.128415
-0.517020 -0.091445
-0.360223 -0.072406
-0.282980 -0.091445
-0.212539 -0.128415
-0.800000 0.400000
-1.160223 -0.072406
-1.082980 -0.091445
-1.012539 -0.128415
-1.600000 0.400000
-1.239777 -0.072406
-1.600000 0.000000
-1.317020 -0.091445
-1.387461 -0.128415
-1.447008 -0.181170
-1.752991 -0.181170
-1.492200 -0.246641
-1.707800 -0.246641
-1.520411 -0.321026
-1.679589 -0.321026
-1.530000 -0.400000
-1.670000 -0.400000
-1.520411 -0.478974
-1.679589 -0.478974
-1.492200 -0.553359
-1.707800 -0.553359
-1.447008 -0.618831
-1.752991 -0.618831
-1.600000 -0.800000
-1.812539 -0.671585
-1.882980 -0.708555
-2.000000 -0.000000
-1.882980 -0.091445
-1.812539 -0.128415
-2.089008 -0.010029
-2.039777 -0.072406
-1.960223 -0.072406
-2.117020 -0.091445
-2.173553 -0.039612
-2.187461 -0.128415
-2.249396 -0.087267
-2.247009 -0.181170
-2.312733 -0.150604
-2.360388 -0.226447
-2.292201 -0.246641
-2.389971 -0.310992
-2.320411 -0.321026
-2.400000 -0.400000
-2.330000 -0.400000
-2.320411 -0.478974
-2.389971 -0.489008
-2.292201 -0.553359
-2.360388 -0.573554
-2.247009 -0.618831
-2.312733 -0.649396
-2.249396 -0.712733
-2.187461 -0.671585
-2.173553 -0.760388
-2.117020 -0.708555
-2.089008 -0.789971
-2.039777 -0.727594
-2.000000 -0.800000
-1.960223 -0.727594
-0.800000 -1.600000
-0.720411 -1.278974
-0.730000 -1.200000
-0.720411 -1.121026
-0.800000 -2.000000
-0.720411 -1.921026
-0.692200 -1.846641
-0.647009 -1.781170
-0.788377 -2.095726
-0.720411 -2.078974
-0.730000 -2.000000
-0.692200 -2.153359
-0.754182 -2.185889
-0.647009 -2.218831
-0.699404 -2.265249
-0.587461 -2.271585
-0.627226 -2.329194
-0.517020 -2.308555
-0.541842 -2.374007
-0.439777 -2.327594
-0.448215 -2.397084
-0.351785 -2.397084
-0.360223 -2.327594
-0.258158 -2.374007
-0.282980 -2.308555
-0.172774 -2.329194
-0.212539 -2.271585
-0.100596 -2.265249
-0.152991 -2.218831
-0.045818 -2.185889
-0.107800 -2.153359
-0.011623 -2.095726
-0.079589 -2.078974
0.000000 -2.000000
-0.070000 -2.000000
-0.079589 -1.921026
0.000000 -1.600000
-0.107800 -1.846641
-0.152991 -1.781170
-0.212539 -1.728415
-0.282980 -1.691445
-0.282980 -1.508555
-0.360223 -1.672406
-0.360223 -1.527594
-0.439777 -1.527594
0.800000 -0.800000
-0.079589 -1.278974
-0.107800 -1.353359
-0.152991 -1.418831
1.200000 -0.800000
1.082980 -0.708555
1.012539 -0.671585
0.952991 -0.618831
1.289008 -0.789971
1.239777 -0.727594
1.160223 -0.727594
1.317020 -0.708555
1.373554 -0.760388
1.387461 -0.671585
1.449396 -0.712733
1.447008 -0.618831
1.512733 -0.649396
1.560387 -0.573554
1.492200 -0.553359
1.589971 -0.489008
1.520411 -0.478974
1.600000 -0.400000
1.530000 -0.400000
1.520411 -0.321026
1.589971 -0.310992
1.492200 -0.246641
1.560387 -0.226447
1.447008 -0.181170
1.512733 -0.150604
1.449396 -0.087267
1.387461 -0.128415
1.373554 -0.039612
1.317020 -0.091445
1.289008 -0.010029
-0.647009 -0.981170
-1.082980 -0.708555
-0.692200 -1.046641
-1.160223 -0.727594
-1.239777 -0.727594
-1.317020 -0.708555
-1.387461 -0.671585
-0.439777 -0.072406
-0.152991 -0.981170
0.282980 -0.708555
-0.107800 -1.046641
0.360223 -0.727594
-0.079589 -1.121026
0.439777 -0.727594
0.517020 -0.708555
0.587461 -0.671585
0.647009 -0.618831
0.692200 -0.553359
0.907799 -0.553359
0.720411 -0.478974
0.879589 -0.478974
0.730000 -0.400000
0.870000 -0.400000
0.720411 -0.321026
0.879589 -0.321026
0.692200 -0.246641
0.907799 -0.246641
0.647009 -0.181170
0.952991 -0.181170
1.012539 -0.128415
-0.070000 -1.200000
-0.212539 -1.471585
-0.517020 -1.508555
-0.517020 -1.691445
-0.439777 -1.672406
-0.587461 -1.471585
-0.647009 -1.418831
-0.692200 -1.353359
-0.587461 -1.728415
-0.000000 -1.256637
-0.800000 -1.256637
-0.000000 -1.346397
-0.800000 -1.346397
0.000000 -1.436157
-0.800000 -1.436157
0.000000 -1.525916
-0.800000 -1.525916
0.000000 -1.615676
-0.800000 -1.615676
-0.000000 -1.705436
-0.800000 -1.705436
-0.000000 -1.795196
-0.800000 -1.795196
-0.000000 -1.884956
-0.800000 -1.884956
0.000000 0.628319
-0.800000 0.628319
0.000000 0.538559
-0.800000 0.538559
0.000000 0.448799
-0.800000 0.448799
-0.000000 0.359039
-0.800000 0.359039
-0.000000 0.269279
-0.800000 0.269279
-0.000000 0.179520
-0.800000 0.179520
0.000000 0.089760
-0.800000 0.089760
0.000000 -0.000000
-0.800000 -0.000000
0.010029 -2.089008
0.079589 -2.078974
0.000000 -2.000000
0.070000 -2.000000
0.079589 -1.921026
0.107800 -2.153359
0.039612 -2.173553
0.152991 -2.218831
0.087267 -2.249396
0.150604 -2.312733
0.212539 -2.271585
0.226447 -2.360388
0.282980 -2.308555
0.310992 -2.389971
0.360223 -2.327594
0.400000 -2.400000
0.439777 -2.327594
0.489008 -2.389971
0.517020 -2.308555
0.573554 -2.360388
0.587461 -2.271585
0.649396 -2.312733
0.647009 -2.218831
0.712733 -2.249396
0.760388 -2.173553
0.692200 -2.153359
0.789971 -2.089008
0.720411 -2.078974
0.800000 -2.000000
0.730000 -2.000000
0.720411 -1.921026
0.800000 -1.600000
0.692200 -1.846641
0.647009 -1.781170
0.587461 -1.728415
0.517020 -1.691445
0.517020 -1.508555
0.439777 -1.672406
0.439777 -1.527594
0.360223 -1.527594
1.600000 -0.800000
0.720411 -1.278974
0.692200 -1.353359
0.647009 -1.418831
2.000000 -0.800000
1.882980 -0.708555
1.812539 -0.671585
1.752991 -0.618831
2.089008 -0.789971
2.039777 -0.727594
1.960223 -0.727594
2.117020 -0.708555
2.173553 -0.760388
2.187461 -0.671585
2.249396 -0.712733
2.247009 -0.618831
2.312733 -0.649396
2.360388 -0.573554
2.292201 -0.553359
2.389971 -0.489008
2.320411 -0.478974
2.400000 -0.400000
2.330000 -0.400000
2.320411 -0.321026
2.389971 -0.310992
2.292201 -0.246641
2.360388 -0.226447
2.247009 -0.181170
2.312733 -0.150604
2.249396 -0.087267
2.187461 -0.128415
2.173553 -0.039612
2.117020 -0.091445
2.089008 -0.010029
2.039777 -0.072406
2.000000 -0.000000
1.960223 -0.072406
1.882980 -0.091445
1.600000 0.000000
1.812539 -0.128415
1.752991 -0.181170
1.447008 -0.181170
1.707800 -0.246641
1.492200 -0.246641
1.679589 -0.321026
1.520411 -0.321026
1.670000 -0.400000
1.530000 -0.400000
1.679589 -0.478974
1.520411 -0.478974
1.707800 -0.553359
1.492200 -0.553359
1.447008 -0.618831
1.387461 -0.671585
1.317020 -0.708555
1.600000 0.400000
1.239777 -0.072406
1.317020 -0.091445
1.387461 -0.128415
0.800000 0.400000
1.160223 -0.072406
0.800000 0.000000
1.082980 -0.091445
1.012539 -0.128415
0.952991 -0.181170
0.647009 -0.181170
0.907799 -0.246641
0.692200 -0.246641
0.879589 -0.321026
0.720411 -0.321026
0.870000 -0.400000
0.730000 -0.400000
0.879589 -0.478974
0.720411 -0.478974
0.907799 -0.553359
0.692200 -0.553359
0.952991 -0.618831
0.647009 -0.618831
1.012539 -0.671585
0.587461 -0.671585
0.587461 -0.928415
0.517020 -0.708555
0.517020 -0.891445
0.439777 -0.727594
0.439777 -0.872406
0.360223 -0.727594
0.360223 -0.872406
0.282980 -0.891445
0.282980 -0.708555
0.212539 -0.928415
0.212539 -0.671585
-0.212539 -0.671585
-0.152991 -0.618831
0.152991 -0.618831
-0.107800 -0.553359
0.107800 -0.553359
-0.079589 -0.478974
0.079589 -0.478974
-0.070000 -0.400000
0.070000 -0.400000
-0.079589 -0.321026
0.079589 -0.321026
-0.107800 -0.246641
0.107800 -0.246641
-0.152991 -0.181170
0.152991 -0.181170
-0.000000 0.000000
0.212539 -0.128415
0.282980 -0.091445
0.439777 -0.072406
0.517020 -0.091445
0.587461 -0.128415
-0.000000 0.400000
-0.360223 -0.072406
-0.282980 -0.091445
-0.212539 -0.128415
-0.800000 0.400000
-0.439777 -0.072406
-0.800000 0.000000
-0.517020 -0.091445
-0.587461 -0.128415
-0.647009 -0.181170
-0.952991 -0.181170
-0.692200 -0.246641
-0.907799 -0.246641
-0.720411 -0.321026
-0.879589 -0.321026
-0.730000 -0.400000
-0.870000 -0.400000
-0.720411 -0.478974
-0.879589 -0.478974
-0.692200 -0.553359
-0.907799 -0.553359
-0.647009 -0.618831
-0.952991 -0.618831
-0.800000 -0.800000
-1.012539 -0.671585
-1.082980 -0.708555
-1.200000 -0.000000
-1.082980 -0.091445
-1.012539 -0.128415
-1.289008 -0.010029
-1.239777 -0.072406
-1.160223 -0.072406
-1.317020 -0.091445
-1.373554 -0.039612
-1.387461 -0.128415
-1.449396 -0.087267
-1.447008 -0.181170
-1.512733 -0.150604
-1.560387 -0.226447
-1.492200 -0.246641
-1.589971 -0.310992
-1.520411 -0.321026
-1.600000 -0.400000
-1.530000 -0.400000
-1.520411 -0.478974
-1.589971 -0.489008
-1.492200 -0.553359
-1.560387 -0.573554
-1.447008 -0.618831
-1.512733 -0.649396
-1.449396 -0.712733
-1.387461 -0.671585
-1.373554 -0.760388
-1.317020 -0.708555
-1.289008 -0.789971
-1.239777 -0.727594
-1.200000 -0.800000
-1.160223 -0.727594
0.000000 -1.600000
0.079589 -1.278974
0.070000 -1.200000
0.079589 -1.121026
0.107800 -1.846641
0.152991 -1.781170
0.212539 -1.728415
0.282980 -1.691445
0.282980 -1.508555
0.360223 -1.672406
0.720411 -1.121026
0.730000 -1.200000
0.587461 -1.471585
0.212539 -1.471585
0.152991 -1.418831
0.107800 -1.353359
0.107800 -1.046641
-0.360223 -0.727594
-0.439777 -0.727594
-0.517020 -0.708555
-0.587461 -0.671585
-0.282980 -0.708555
0.152991 -0.981170
0.647009 -0.981170
1.082980 -0.708555
0.692200 -1.046641
1.160223 -0.727594
1.239777 -0.727594
0.360223 -0.072406
-1.200000 -0.800000
-0.400000 -0.800000
-1.200000 -0.400000
-0.400000 -0.400000
-1.600000 0.400000
0.000000 0.400000
0.389971 0.089008
0.360388 0.173553
0.400000 -0.000000
-0.000000 -0.400000
0.400000 -0.400000
0.312733 0.249396
0.249396 0.312733
0.173553 0.360388
0.089008 0.389971
-1.689008 0.389971
-1.773553 0.360388
-1.849396 0.312733
-1.912733 0.249396
-1.960388 0.173553
-1.989971 0.089008
-2.000000 -0.000000
-1.600000 -0.400000
-2.000000 -0.400000
2.000000 -0.000000
1.989971 -0.089008
2.000000 -0.400000
1.960388 -0.173553
1.912733 -0.249396
1.849396 -0.312733
1.773553 -0.360388
1.689008 -0.389971
1.600000 -0.400000
0.320411 0.078974
0.233026 0.057436
0.330000 0.000000
0.240000 0.000000
0.233026 -0.057436
0.212509 0.111534
0.292200 0.153359
0.179643 0.159149
0.247009 0.218830
0.136336 0.197516
0.187461 0.271585
0.085105 0.224404
0.117020 0.308555
0.028929 0.238250
0.039777 0.327594
-0.039777 0.327594
-0.028929 0.238250
-0.117020 0.308555
-0.085105 0.224404
-0.187461 0.271585
-0.136336 0.197516
-0.247009 0.218830
-0.179643 0.159149
-0.292200 0.153359
-0.212509 0.111534
-0.320411 0.078974
-0.233026 0.057436
-0.330000 0.000000
-0.240000 0.000000
-0.233026 -0.057436
-0.320411 -0.078974
-0.212509 -0.111534
-0.292200 -0.153359
-0.179643 -0.159149
-0.247009 -0.218830
-0.136336 -0.197516
-0.187461 -0.271585
-0.085105 -0.224404
-0.117020 -0.308555
-0.028929 -0.238250
-0.039777 -0.327594
0.039777 -0.327594
0.028929 -0.238250
0.117020 -0.308555
0.085105 -0.224404
0.187461 -0.271585
0.136336 -0.197516
0.247009 -0.218830
0.179643 -0.159149
0.292200 -0.153359
0.212509 -0.111534
0.320411 -0.078974
0.080000 -1.036726
0.000000 -1.036726
0.080000 -1.116474
0.000000 -1.116474
0.080000 -1.196222
0.000000 -1.196222
0.080000 -1.275970
0.000000 -1.275970
0.080000 -1.355718
0.000000 -1.355718
0.080000 -1.435466
0.000000 -1.435466
0.080000 -1.515214
0.000000 -1.515214
0.080000 -1.594962
-0.000000 -1.594962
0.080000 -1.674711
-0.000000 -1.674711
0.080000 -1.754459
-0.000000 -1.754459
0.080000 -1.834207
-0.000000 -1.834207
0.080000 -1.913955
-0.000000 -1.913955
0.080000 -1.993703
-0.000000 -1.993703
0.080000 -2.073451
-0.000000 -2.073451
0.320411 0.078974
0.233026 0.057436
0.330000 0.000000
0.240000 0.000000
0.233026 -0.057436
0.212509 0.111534
0.292200 0.153359
0.179643 0.159149
0.247009 0.218830
0.136336 0.197516
0.187461 0.271585
0.085105 0.224404
0.117020 0.308555
0.028929 0.238250
0.039777 0.327594
-0.039777 0.327594
-0.028929 0.238250
-0.117020 0.308555
-0.085105 0.224404
-0.187461 0.271585
-0.136336 0.197516
-0.247009 0.218830
-0.179643 0.159149
-0.292200 0.153359
-0.212509 0.111534
-0.320411 0.078974
-0.233026 0.057436
-0.330000 0.000000
-0.240000 0.000000
-0.233026 -0.057436
-0.320411 -0.078974
-0.212509 -0.111534
-0.292200 -0.153359
-0.179643 -0.159149
-0.247009 -0.218830
-0.136336 -0.197516
-0.187461 -0.271585
-0.085105 -0.224404
-0.117020 -0.308555
-0.028929 -0.238250
-0.039777 -0.327594
0.039777 -0.327594
0.028929 -0.238250
0.117020 -0.308555
0.085105 -0.224404
0.187461 -0.271585
0.136336 -0.197516
0.247009 -0.218830
0.179643 -0.159149
0.292200 -0.153359
0.212509 -0.111534
0.320411 -0.078974
0.080000 -1.036726
0.000000 -1.036726
0.080000 -1.116474
0.000000 -1.116474
0.080000 -1.196222
0.000000 -1.196222
0.080000 -1.275970
0.000000 -1.275970
0.080000 -1.355718
0.000000 -1.355718
0.080000 -1.435466
0.000000 -1.435466
0.080000 -1.515214
0.000000 -1.515214
0.080000 -1.594962
-0.000000 -1.594962
0.080000 -1.674711
-0.000000 -1.674711
0.080000 -1.754459
-0.000000 -1.754459
0.080000 -1.834207
-0.000000 -1.834207
0.080000 -1.913955
-0.000000 -1.913955
0.080000 -1.993703
-0.000000 -1.993703
0.080000 -2.073451
-0.000000 -2.073451
0.320411 0.078974
0.233026 0.057436
0.330000 0.000000
0.240000 0.000000
0.233026 -0.057436
0.212509 0.111534
0.292200 0.153359
0.179643 0.159149
0.247009 0.218830
0.136336 0.197516
0.187461 0.271585
0.085105 0.224404
0.117020 0.308555
0.028929 0.238250
0.039777 0.327594
-0.039777 0.327594
-0.028929 0.238250
-0.117020 0.308555
-0.085105 0.224404
-0.187461 0.271585
-0.136336 0.197516
-0.247009 0.218830
-0.179643 0.159149
-0.292200 0.153359
-0.212509 0.111534
-0.320411 0.078974
-0.233026 0.057436
-0.330000 0.000000
-0.240000 0.000000
-0.233026 -0.057436
-0.320411 -0.078974
-0.212509 -0.111534
-0.292200 -0.153359
-0.179643 -0.159149
-0.247009 -0.218830
-0.136336 -0.197516
-0.187461 -0.271585
-0.085105 -0.224404
-0.117020 -0.308555
-0.028929 -0.238250
-0.039777 -0.327594
0.039777 -0.327594
0.028929 -0.238250
0.117020 -0.308555
0.085105 -0.224404
0.187461 -0.271585
0.136336 -0.197516
0.247009 -0.218830
0.179643 -0.159149
0.292200 -0.153359
0.212509 -0.111534
0.320411 -0.078974
0.080000 -1.036726
0.000000 -1.036726
0.080000 -1.116474
0.000000 -1.116474
0.080000 -1.196222
0.000000 -1.196222
0.080000 -1.275970
0.000000 -1.275970
0.080000 -1.355718
0.000000 -1.355718
0.080000 -1.435466
0.000000 -1.435466
0.080000 -1.515214
0.000000 -1.515214
0.080000 -1.594962
-0.000000 -1.594962
0.080000 -1.674711
-0.000000 -1.674711
0.080000 -1.754459
-0.000000 -1.754459
0.080000 -1.834207
-0.000000 -1.834207
0.080000 -1.913955
-0.000000 -1.913955
0.080000 -1.993703
-0.000000 -1.993703
0.080000 -2.073451
-0.000000 -2.073451
1.833026 0.057436
1.366974 0.057436
1.840000 -0.000000
1.360000 -0.000000
1.833026 -0.057436
1.366974 -0.057436
1.812509 -0.111534
1.387491 -0.111534
1.779643 -0.159149
1.420357 -0.159149
1.736336 -0.197516
1.463664 -0.197516
1.685105 -0.224404
1.514895 -0.224404
1.628929 -0.238250
1.571071 -0.238250
1.387491 0.111534
1.812509 0.111534
1.420357 0.159149
1.779643 0.159149
1.463664 0.197516
1.736336 0.197516
1.514895 0.224404
1.685105 0.224404
1.571071 0.238250
1.628929 0.238250
1.398823 -0.753982
0.678823 -0.753982
1.398823 -0.811981
0.678823 -0.811981
1.398823 -0.869980
0.678823 -0.869980
1.398823 -0.927978
0.678823 -0.927978
1.398823 -0.985977
0.678823 -0.985977
1.398823 -1.043975
0.678823 -1.043975
1.398823 -1.101974
0.678823 -1.101974
1.398823 -1.159973
0.678823 -1.159973
1.398823 -1.217971
0.678823 -1.217971
1.398823 -1.275970
0.678823 -1.275970
1.398823 -1.333969
0.678823 -1.333969
1.398823 -1.391967
0.678823 -1.391967
1.398823 -1.449966
0.678823 -1.449966
1.398823 -1.507964
0.678823 -1.507964
1.033026 0.057436
0.566974 0.057436
1.040000 -0.000000
0.560000 -0.000000
1.033026 -0.057436
0.566974 -0.057436
1.012509 -0.111534
0.587491 -0.111534
0.979643 -0.159149
0.620357 -0.159149
0.936336 -0.197516
0.663664 -0.197516
0.885105 -0.224404
0.714895 -0.224404
0.828929 -0.238250
0.771071 -0.238250
0.587491 0.111534
1.012509 0.111534
0.620357 0.159149
0.979643 0.159149
0.663664 0.197516
0.936336 0.197516
0.714895 0.224404
0.885105 0.224404
0.771071 0.238250
0.828929 0.238250
1.398823 -0.753982
0.678823 -0.753982
1.398823 -0.811981
0.678823 -0.811981
1.398823 -0.869980
0.678823 -0.869980
1.398823 -0.927978
0.678823 -0.927978
1.398823 -0.985977
0.678823 -0.985977
1.398823 -1.043975
0.678823 -1.043975
1.398823 -1.101974
0.678823 -1.101974
1.398823 -1.159973
0.678823 -1.159973
1.398823 -1.217971
0.678823 -1.217971
1.398823 -1.275970
0.678823 -1.275970
1.398823 -1.333969
0.678823 -1.333969
1.398823 -1.391967
0.678823 -1.391967
1.398823 -1.449966
0.678823 -1.449966
1.398823 -1.507964
0.678823 -1.507964
0.233026 0.057436
-0.233026 0.057436
0.240000 -0.000000
-0.240000 -0.000000
0.233026 -0.057436
-0.233026 -0.057436
0.212509 -0.111534
-0.212509 -0.111534
0.179643 -0.159149
-0.179643 -0.159149
0.136336 -0.197516
-0.136336 -0.197516
0.085105 -0.224404
-0.085105 -0.224404
0.028929 -0.238250
-0.028929 -0.238250
-0.212509 0.111534
0.212509 0.111534
-0.179643 0.159149
0.179643 0.159149
-0.136336 0.197516
0.136336 0.197516
-0.085105 0.224404
0.085105 0.224404
-0.028929 0.238250
0.028929 0.238250
1.398823 -0.753982
0.678823 -0.753982
1.398823 -0.811981
0.678823 -0.811981
1.398823 -0.869980
0.678823 -0.869980
1.398823 -0.927978
0.678823 -0.927978
1.398823 -0.985977
0.678823 -0.985977
1.398823 -1.043975
0.678823 -1.043975
1.398823 -1.101974
0.678823 -1.101974
1.398823 -1.159973
0.678823 -1.159973
1.398823 -1.217971
0.678823 -1.217971
1.398823 -1.275970
0.678823 -1.275970
1.398823 -1.333969
0.678823 -1.333969
1.398823 -1.391967
0.678823 -1.391967
1.398823 -1.449966
0.678823 -1.449966
1.398823 -1.507964
0.678823 -1.507964
0.800000 2.000000
0.400000 2.000000
0.800000 1.600000
0.400000 1.600000
0.800000 1.200000
0.400000 1.200000
0.800000 0.400000
1.200000 0.400000
1.200000 1.600000
0.400000 0.400000
0.800000 0.000000
1.200000 -0.000000
0.400000 0.000000
0.800000 -0.400000
0.400000 -0.400000
-0.400000 0.628319
-0.400000 0.538559
-0.000000 0.628319
0.400000 0.538559
0.400000 0.628319
0.400000 0.448799
-0.400000 0.448799
0.400000 0.359039
-0.400000 0.359039
0.400000 0.269279
-0.400000 0.269279
0.400000 0.179520
-0.400000 0.179520
0.400000 0.089760
-0.400000 0.089760
-0.000000 -0.000000
-0.400000 -0.000000
0.400000 -0.000000
0.000000 0.000000
-0.400000 -0.000000
-0.000000 -0.089760
-0.400000 -0.089760
-0.000000 -0.179520
-0.400000 -0.179520
-0.000000 -0.269279
-0.400000 -0.269279
0.000000 -0.359039
-0.400000 -0.359039
0.000000 -0.448799
-0.400000 -0.448799
-0.000000 -0.538559
-0.400000 -0.538559
0.000000 -0.628319
-0.400000 -0.628319
-0.400000 0.628319
-0.000000 0.628319
-0.400000 0.718078
0.000000 0.718078
-0.400000 0.807838
-0.000000 0.807838
-0.400000 0.897598
-0.000000 0.897598
-0.400000 0.987358
0.000000 0.987358
-0.400000 1.077117
0.000000 1.077117
-0.400000 1.166877
0.000000 1.166877
-0.400000 1.256637
0.000000 1.256637
-0.400000 -1.256637
0.000000 -1.256637
-0.400000 -1.166877
-0.000000 -1.166877
-0.400000 -1.077117
-0.000000 -1.077117
-0.400000 -0.987358
-0.000000 -0.987358
-0.400000 -0.897598
-0.000000 -0.897598
-0.400000 -0.807838
-0.000000 -0.807838
-0.400000 -0.718078
-0.000000 -0.718078
-0.400000 -0.628319
-0.000000 -0.628319
0.000000 0.400000
-0.400000 0.400000
-0.000000 0.000000
-0.400000 -0.000000
-1.600000 0.400000
-1.514895 0.224404
-1.200000 0.400000
-1.463664 0.197516
-1.420357 0.159149
-1.695726 0.388377
-1.628929 0.238250
-1.571071 0.238250
-1.685105 0.224404
-1.785889 0.354182
-1.736336 0.197516
-1.865249 0.299404
-1.779643 0.159149
-1.929193 0.227226
-1.812509 0.111534
-1.974007 0.141842
-1.833026 0.057436
-1.997084 0.048215
-1.840000 0.000000
-1.997084 -0.048215
-1.833026 -0.057436
-1.974007 -0.141842
-1.812509 -0.111534
-1.929193 -0.227226
-1.779643 -0.159149
-1.865249 -0.299404
-1.736336 -0.197516
-1.785889 -0.354182
-1.685105 -0.224404
-1.695726 -0.388377
-1.628929 -0.238250
-1.600000 -0.400000
-1.571071 -0.238250
-1.514895 -0.224404
-1.200000 -0.400000
-1.463664 -0.197516
-1.420357 -0.159149
-1.387491 -0.111534
-1.012509 -0.111534
-1.366974 -0.057436
-1.033026 -0.057436
-1.360000 -0.000000
-1.040000 0.000000
-1.366974 0.057436
-1.033026 0.057436
-1.387491 0.111534
-1.012509 0.111534
-0.979643 0.159149
-0.936336 0.197516
-0.400000 -1.200000
-0.400000 -0.800000
-0.389971 -0.710992
-0.828929 -0.238250
-0.771071 -0.238250
-0.360388 -0.626446
-0.714895 -0.224404
-0.663664 -0.197516
-0.312733 -0.550604
-0.620357 -0.159149
-0.249396 -0.487267
-0.179643 -0.159149
-0.173553 -0.439612
-0.136336 -0.197516
-0.085105 -0.224404
-0.089008 -0.410029
-0.028929 -0.238250
-0.000000 -0.400000
0.028929 -0.238250
0.089008 -0.410029
0.085105 -0.224404
0.173553 -0.439612
0.136336 -0.197516
0.400000 -0.400000
0.179643 -0.159149
0.212509 -0.111534
0.233026 -0.057436
0.240000 -0.000000
0.400000 0.400000
0.233026 0.057436
0.212509 0.111534
0.179643 0.159149
0.136336 0.197516
0.173553 0.439612
0.085105 0.224404
0.089008 0.410029
0.028929 0.238250
-0.000000 0.400000
-0.028929 0.238250
-0.089008 0.410029
-0.085105 0.224404
-0.173553 0.439612
-0.136336 0.197516
-0.179643 0.159149
-0.249396 0.487267
-0.620357 0.159149
-0.312733 0.550604
-0.663664 0.197516
-0.360388 0.626446
-0.714895 0.224404
-0.771071 0.238250
-0.389971 0.710992
-0.828929 0.238250
-0.885105 0.224404
0.249396 -0.487267
0.312733 -0.550604
0.360388 -0.626446
0.389971 -0.710992
0.400000 -0.800000
0.400000 0.800000
0.389971 0.710992
0.360388 0.626446
0.312733 0.550604
0.249396 0.487267
-0.400000 0.800000
-0.400000 1.200000
-0.233026 0.057436
-0.566974 0.057436
-0.240000 0.000000
-0.560000 -0.000000
-0.233026 -0.057436
-0.566974 -0.057436
-0.212509 -0.111534
-0.587491 -0.111534
-0.587491 0.111534
-0.212509 0.111534
-0.885105 -0.224404
-0.936336 -0.197516
-0.979643 -0.159149
-0.800000 0.000000
-0.400000 0.000000
-0.800000 0.400000
-0.400000 0.400000
-0.000000 0.400000
-1.131371 0.400000
-0.000000 0.000000
-1.131371 0.000000
-1.200000 0.400000
-2.000000 0.400000
-1.200000 0.000000
-2.000000 0.000000
-0.400000 0.628319
-0.000000 0.628319
-0.400000 0.724983
-0.000000 0.724983
-0.400000 0.821647
-0.000000 0.821647
-0.400000 0.918312
-0.000000 0.918312
-0.400000 1.014976
-0.000000 1.014976
-0.400000 1.111640
-0.000000 1.111640
-0.400000 1.208305
-0.000000 1.208305
-0.400000 1.304969
-0.000000 1.304969
-0.400000 1.401634
-0.000000 1.401634
-0.400000 1.498298
-0.000000 1.498298
-0.400000 1.594962
-0.000000 1.594962
-0.400000 1.691627
-0.000000 1.691627
-0.400000 1.788291
-0.000000 1.788291
-0.400000 1.884956
-0.000000 1.884956
-0.400000 0.628319
-0.000000 0.628319
-0.400000 0.718078
-0.000000 0.718078
-0.400000 0.807838
-0.000000 0.807838
-0.400000 0.897598
-0.000000 0.897598
-0.400000 0.987358
-0.000000 0.987358
-0.400000 1.077117
-0.000000 1.077117
-0.400000 1.166877
-0.000000 1.166877
-0.400000 1.256637
0.000000 1.256637
0.080000 -1.036726
0.000000 -1.036726
0.080000 -1.116474
0.000000 -1.116474
0.080000 -1.196222
0.000000 -1.196222
0.080000 -1.275970
0.000000 -1.275970
0.080000 -1.355718
0.000000 -1.355718
0.080000 -1.435466
0.000000 -1.435466
0.080000 -1.515214
0.000000 -1.515214
0.080000 -1.594962
-0.000000 -1.594962
0.080000 -1.674711
-0.000000 -1.674711
0.080000 -1.754459
-0.000000 -1.754459
0.080000 -1.834207
-0.000000 -1.834207
0.080000 -1.913955
-0.000000 -1.913955
0.080000 -1.993703
-0.000000 -1.993703
0.080000 -2.073451
-0.000000 -2.073451
0.320411 0.078974
0.238250 0.028929
0.330000 0.000000
0.238250 -0.028929
0.320411 -0.078974
0.224404 -0.085105
0.292200 -0.153359
0.197516 -0.136336
0.247009 -0.218830
0.159149 -0.179643
0.187461 -0.271585
0.111534 -0.212509
0.117020 -0.308555
0.057436 -0.233026
0.039777 -0.327594
0.000000 -0.240000
-0.039777 -0.327594
-0.057436 -0.233026
-0.117020 -0.308555
-0.111534 -0.212509
-0.187461 -0.271585
-0.159149 -0.179643
-0.247009 -0.218830
-0.197516 -0.136336
-0.292200 -0.153359
-0.224404 -0.085105
-0.320411 -0.078974
-0.238250 -0.028929
-0.330000 0.000000
-0.238250 0.028929
-0.320411 0.078974
-0.224404 0.085105
-0.292200 0.153359
-0.197516 0.136336
-0.247009 0.218830
-0.159149 0.179643
-0.187461 0.271585
-0.111534 0.212509
-0.117020 0.308555
-0.057436 0.233026
-0.039777 0.327594
0.000000 0.240000
0.039777 0.327594
0.057436 0.233026
0.117020 0.308555
0.111534 0.212509
0.187461 0.271585
0.159149 0.179643
0.247009 0.218830
0.197516 0.136336
0.292200 0.153359
0.224404 0.085105
0.080000 -1.036726
0.000000 -1.036726
0.080000 -1.116474
0.000000 -1.116474
0.080000 -1.196222
0.000000 -1.196222
0.080000 -1.275970
0.000000 -1.275970
0.080000 -1.355718
0.000000 -1.355718
0.080000 -1.435466
0.000000 -1.435466
0.080000 -1.515214
0.000000 -1.515214
0.080000 -1.594962
-0.000000 -1.594962
0.080000 -1.674711
-0.000000 -1.674711
0.080000 -1.754459
-0.000000 -1.754459
0.080000 -1.834207
-0.000000 -1.834207
0.080000 -1.913955
-0.000000 -1.913955
0.080000 -1.993703
-0.000000 -1.993703
0.080000 -2.073451
-0.000000 -2.073451
0.320411 0.078974
0.238250 0.028929
0.330000 0.000000
0.238250 -0.028929
0.320411 -0.078974
0.224404 -0.085105
0.292200 -0.153359
0.197516 -0.136336
0.247009 -0.218830
0.159149 -0.179643
0.187461 -0.271585
0.111534 -0.212509
0.117020 -0.308555
0.057436 -0.233026
0.039777 -0.327594
0.000000 -0.240000
-0.039777 -0.327594
-0.057436 -0.233026
-0.117020 -0.308555
-0.111534 -0.212509
-0.187461 -0.271585
-0.159149 -0.179643
-0.247009 -0.218830
-0.197516 -0.136336
-0.292200 -0.153359
-0.224404 -0.085105
-0.320411 -0.078974
-0.238250 -0.028929
-0.330000 0.000000
-0.238250 0.028929
-0.320411 0.078974
-0.224404 0.085105
-0.292200 0.153359
-0.197516 0.136336
-0.247009 0.218830
-0.159149 0.179643
-0.187461 0.271585
-0.111534 0.212509
-0.117020 0.308555
-0.057436 0.233026
-0.039777 0.327594
0.000000 0.240000
0.039777 0.327594
0.057436 0.233026
0.117020 0.308555
0.111534 0.212509
0.187461 0.271585
0.159149 0.179643
0.247009 0.218830
0.197516 0.136336
0.292200 0.153359
0.224404 0.085105
0.320411 0.078974
0.238250 0.028929
0.330000 0.000000
0.238250 -0.028929
0.320411 -0.078974
0.224404 -0.085105
0.292200 -0.153359
0.197516 -0.136336
0.247009 -0.218830
0.159149 -0.179643
0.187461 -0.271585
0.111534 -0.212509
0.117020 -0.308555
0.057436 -0.233026
0.039777 -0.327594
0.000000 -0.240000
-0.039777 -0.327594
-0.057436 -0.233026
-0.117020 -0.308555
-0.111534 -0.212509
-0.187461 -0.271585
-0.159149 -0.179643
-0.247009 -0.218830
-0.197516 -0.136336
-0.292200 -0.153359
-0.224404 -0.085105
-0.320411 -0.078974
-0.238250 -0.028929
-0.330000 0.000000
-0.238250 0.028929
-0.320411 0.078974
-0.224404 0.085105
-0.292200 0.153359
-0.197516 0.136336
-0.247009 0.218830
-0.159149 0.179643
-0.187461 0.271585
-0.111534 0.212509
-0.117020 0.308555
-0.057436 0.233026
-0.039777 0.327594
0.000000 0.240000
0.039777 0.327594
0.057436 0.233026
0.117020 0.308555
0.111534 0.212509
0.187461 0.271585
0.159149 0.179643
0.247009 0.218830
0.197516 0.136336
0.292200 0.153359
0.224404 0.085105
0.080000 -1.036726
0.000000 -1.036726
0.080000 -1.116474
0.000000 -1.116474
0.080000 -1.196222
0.000000 -1.196222
0.080000 -1.275970
0.000000 -1.275970
0.080000 -1.355718
0.000000 -1.355718
0.080000 -1.435466
0.000000 -1.435466
0.080000 -1.515214
0.000000 -1.515214
0.080000 -1.594962
-0.000000 -1.594962
0.080000 -1.674711
-0.000000 -1.674711
0.080000 -1.754459
-0.000000 -1.754459
0.080000 -1.834207
-0.000000 -1.834207
0.080000 -1.913955
-0.000000 -1.913955
0.080000 -1.993703
-0.000000 -1.993703
0.080000 -2.073451
-0.000000 -2.073451
0.320411 0.078974
0.238250 0.028929
0.330000 0.000000
0.238250 -0.028929
0.320411 -0.078974
0.224404 -0.085105
0.292200 -0.153359
0.197516 -0.136336
0.247009 -0.218830
0.159149 -0.179643
0.187461 -0.271585
0.111534 -0.212509
0.117020 -0.308555
0.057436 -0.233026
0.039777 -0.327594
0.000000 -0.240000
-0.039777 -0.327594
-0.057436 -0.233026
-0.117020 -0.308555
-0.111534 -0.212509
-0.187461 -0.271585
-0.159149 -0.179643
-0.247009 -0.218830
-0.197516 -0.136336
-0.292200 -0.153359
-0.224404 -0.085105
-0.320411 -0.078974
-0.238250 -0.028929
-0.330000 0.000000
-0.238250 0.028929
-0.320411 0.078974
-0.224404 0.085105
-0.292200 0.153359
-0.197516 0.136336
-0.247009 0.218830
-0.159149 0.179643
-0.187461 0.271585
-0.111534 0.212509
-0.117020 0.308555
-0.057436 0.233026
-0.039777 0.327594
0.000000 0.240000
0.039777 0.327594
0.057436 0.233026
0.117020 0.308555
0.111534 0.212509
0.187461 0.271585
0.159149 0.179643
0.247009 0.218830
0.197516 0.136336
0.292200 0.153359
0.224404 0.085105
0.080000 -1.036726
0.000000 -1.036726
0.080000 -1.116474
0.000000 -1.116474
0.080000 -1.196222
0.000000 -1.196222
0.080000 -1.275970
0.000000 -1.275970
0.080000 -1.355718
0.000000 -1.355718
0.080000 -1.435466
0.000000 -1.435466
0.080000 -1.515214
0.000000 -1.515214
0.080000 -1.594962
-0.000000 -1.594962
0.080000 -1.674711
-0.000000 -1.674711
0.080000 -1.754459
-0.000000 -1.754459
0.080000 -1.834207
-0.000000 -1.834207
0.080000 -1.913955
-0.000000 -1.913955
0.080000 -1.993703
-0.000000 -1.993703
0.080000 -2.073451
-0.000000 -2.073451
0.320411 0.078974
0.238250 0.028929
0.330000 0.000000
0.238250 -0.028929
0.320411 -0.078974
0.224404 -0.085105
0.292200 -0.153359
0.197516 -0.136336
0.247009 -0.218830
0.159149 -0.179643
0.187461 -0.271585
0.111534 -0.212509
0.117020 -0.308555
0.057436 -0.233026
0.039777 -0.327594
0.000000 -0.240000
-0.039777 -0.327594
-0.057436 -0.233026
-0.117020 -0.308555
-0.111534 -0.212509
-0.187461 -0.271585
-0.159149 -0.179643
-0.247009 -0.218830
-0.197516 -0.136336
-0.292200 -0.153359
-0.224404 -0.085105
-0.320411 -0.078974
-0.238250 -0.028929
-0.330000 0.000000
-0.238250 0.028929
-0.320411 0.078974
-0.224404 0.085105
-0.292200 0.153359
-0.197516 0.136336
-0.247009 0.218830
-0.159149 0.179643
-0.187461 0.271585
-0.111534 0.212509
-0.117020 0.308555
-0.057436 0.233026
-0.039777 0.327594
0.000000 0.240000
0.039777 0.327594
0.057436 0.233026
0.117020 0.308555
0.111534 0.212509
0.187461 0.271585
0.159149 0.179643
0.247009 0.218830
0.197516 0.136336
0.292200 0.153359
0.224404 0.085105
0.080000 -1.036726
0.000000 -1.036726
0.080000 -1.116474
0.000000 -1.116474
0.080000 -1.196222
0.000000 -1.196222
0.080000 -1.275970
0.000000 -1.275970
0.080000 -1.355718
0.000000 -1.355718
0.080000 -1.435466
0.000000 -1.435466
0.080000 -1.515214
0.000000 -1.515214
0.080000 -1.594962
-0.000000 -1.594962
0.080000 -1.674711
-0.000000 -1.674711
0.080000 -1.754459
-0.000000 -1.754459
0.080000 -1.834207
-0.000000 -1.834207
0.080000 -1.913955
-0.000000 -1.913955
0.080000 -1.993703
-0.000000 -1.993703
0.080000 -2.073451
-0.000000 -2.073451
-0.233026 -0.857436
0.233026 -0.857436
-0.240000 -0.800000
0.240000 -0.800000
-0.233026 -0.742564
0.233026 -0.742564
-0.212509 -0.688466
0.212509 -0.688466
-0.179643 -0.640851
0.179643 -0.640851
-0.136336 -0.602484
0.136336 -0.602484
-0.085105 -0.575596
0.085105 -0.575596
-0.028929 -0.561750
0.028929 -0.561750
0.212509 -0.911534
-0.212509 -0.911534
0.179643 -0.959149
-0.179643 -0.959149
0.136336 -0.997516
-0.136336 -0.997516
0.085105 -1.024404
-0.085105 -1.024404
0.028929 -1.038250
-0.028929 -1.038250
0.400000 -0.753982
0.080000 -0.753982
0.400000 -0.811981
0.080000 -0.811981
0.400000 -0.869980
0.080000 -0.869980
0.400000 -0.927978
0.080000 -0.927978
0.400000 -0.985977
0.080000 -0.985977
0.400000 -1.043975
0.080000 -1.043975
0.400000 -1.101974
0.080000 -1.101974
0.400000 -1.159973
0.080000 -1.159973
0.400000 -1.217971
0.080000 -1.217971
0.400000 -1.275970
0.080000 -1.275970
0.400000 -1.333969
0.080000 -1.333969
0.400000 -1.391967
0.080000 -1.391967
0.400000 -1.449966
0.080000 -1.449966
0.400000 -1.507964
0.080000 -1.507964
-0.233026 -0.057436
0.233026 -0.057436
-0.240000 0.000000
0.240000 0.000000
-0.233026 0.057436
0.233026 0.057436
-0.212509 0.111534
0.212509 0.111534
-0.179643 0.159149
0.179643 0.159149
-0.136336 0.197516
0.136336 0.197516
-0.085105 0.224404
0.085105 0.224404
-0.028929 0.238250
0.028929 0.238250
0.212509 -0.111534
-0.212509 -0.111534
0.179643 -0.159149
-0.179643 -0.159149
0.136336 -0.197516
-0.136336 -0.197516
0.085105 -0.224404
-0.085105 -0.224404
0.028929 -0.238250
-0.028929 -0.238250
0.400000 -0.753982
0.080000 -0.753982
0.400000 -0.811981
0.080000 -0.811981
0.400000 -0.869980
0.080000 -0.869980
0.400000 -0.927978
0.080000 -0.927978
0.400000 -0.985977
0.080000 -0.985977
0.400000 -1.043975
0.080000 -1.043975
0.400000 -1.101974
0.080000 -1.101974
0.400000 -1.159973
0.080000 -1.159973
0.400000 -1.217971
0.080000 -1.217971
0.400000 -1.275970
0.080000 -1.275970
0.400000 -1.333969
0.080000 -1.333969
0.400000 -1.391967
0.080000 -1.391967
0.400000 -1.449966
0.080000 -1.449966
0.400000 -1.507964
0.080000 -1.507964
0.400000 0.400000
-0.400000 0.400000
0.400000 -0.000000
-0.400000 0.000000
0.389971 -0.089008
-0.389971 -0.089008
0.360388 -0.173553
-0.360388 -0.173553
0.312733 -0.249396
-0.312733 -0.249396
0.249396 -0.312733
-0.249396 -0.312733
0.173553 -0.360388
-0.173553 -0.360388
0.089008 -0.389971
-0.089008 -0.389971
0.000000 -0.400000
0.000000 -0.628319
-0.400000 -0.628319
-0.000000 -0.718078
-0.400000 -0.718078
0.000000 -0.807838
-0.400000 -0.807838
0.000000 -0.897598
-0.400000 -0.897598
-0.000000 -0.987358
-0.400000 -0.987358
-0.000000 -1.077117
-0.400000 -1.077117
-0.000000 -1.166877
-0.400000 -1.166877
0.000000 -1.256637
-0.400000 -1.256637
-0.400000 -1.256637
-0.400000 -1.346397
-0.000000 -1.256637
0.400000 -1.346397
0.400000 -1.256637
0.400000 -1.436157
-0.400000 -1.436157
0.400000 -1.525916
-0.400000 -1.525916
0.400000 -1.615676
-0.400000 -1.615676
0.400000 -1.705436
-0.400000 -1.705436
0.400000 -1.795196
-0.400000 -1.795196
-0.000000 -1.884956
-0.400000 -1.884956
0.400000 -1.884956
-1.200000 -1.256637
-1.600000 -1.256637
-1.200000 -1.346397
-1.600000 -1.346397
-1.200000 -1.436157
-1.600000 -1.436157
-1.200000 -1.525916
-1.600000 -1.525916
-1.200000 -1.615676
-1.600000 -1.615676
-1.200000 -1.705436
-1.600000 -1.705436
-1.200000 -1.795196
-1.600000 -1.795196
-1.200000 -1.884956
-1.600000 -1.884956
0.400000 -0.628319
1.200000 -0.628319
0.400000 -0.538559
1.600000 -0.538559
0.400000 -0.448799
1.600000 -0.448799
0.400000 -0.359039
1.600000 -0.359039
0.400000 -0.269279
1.600000 -0.269279
0.400000 -0.179520
1.600000 -0.179520
0.400000 -0.089760
1.600000 -0.089760
0.400000 0.000000
1.600000 0.000000
1.600000 -0.628319
-0.400000 -0.400000
0.000000 -0.400000
-0.400000 0.000000
0.000000 0.000000
-1.600000 0.400000
-1.514895 0.224404
-1.200000 0.400000
-1.463664 0.197516
-1.420357 0.159149
-1.689008 0.389971
-1.628929 0.238250
-1.571071 0.238250
-1.685105 0.224404
-1.773553 0.360388
-1.736336 0.197516
-1.849396 0.312733
-1.779643 0.159149
-1.912733 0.249396
-1.812509 0.111534
-1.960388 0.173553
-1.833026 0.057436
-1.989971 0.089008
-1.840000 0.000000
-2.000000 -0.000000
-1.989971 -0.089008
-1.833026 -0.057436
-1.960388 -0.173553
-1.812509 -0.111534
-1.912733 -0.249396
-1.779643 -0.159149
-1.849396 -0.312733
-1.736336 -0.197516
-1.773553 -0.360388
-1.685105 -0.224404
-1.689008 -0.389971
-1.628929 -0.238250
-1.600000 -0.400000
-1.571071 -0.238250
-1.514895 -0.224404
-1.200000 -0.400000
-1.463664 -0.197516
-1.420357 -0.159149
-1.387491 -0.111534
-1.012509 -0.111534
-1.366974 -0.057436
-1.033026 -0.057436
-1.360000 -0.000000
-1.040000 0.000000
-1.366974 0.057436
-1.033026 0.057436
-1.387491 0.111534
-1.012509 0.111534
-0.979643 0.159149
-0.936336 0.197516
-0.400000 -1.200000
-0.400000 -0.800000
-0.389971 -0.710992
-0.828929 -0.238250
-0.771071 -0.238250
-0.360388 -0.626446
-0.714895 -0.224404
-0.663664 -0.197516
-0.312733 -0.550604
-0.620357 -0.159149
-0.249396 -0.487267
-0.179643 -0.159149
-0.173553 -0.439612
-0.136336 -0.197516
-0.085105 -0.224404
-0.089008 -0.410029
-0.028929 -0.238250
-0.000000 -0.400000
0.028929 -0.238250
0.089008 -0.410029
0.085105 -0.224404
0.173553 -0.439612
0.136336 -0.197516
0.400000 -0.400000
0.179643 -0.159149
0.212509 -0.111534
0.233026 -0.057436
0.240000 -0.000000
0.400000 0.400000
0.233026 0.057436
0.212509 0.111534
0.179643 0.159149
0.136336 0.197516
0.173553 0.439612
0.085105 0.224404
0.089008 0.410029
0.028929 0.238250
-0.000000 0.400000
-0.028929 0.238250
-0.089008 0.410029
-0.085105 0.224404
-0.173553 0.439612
-0.136336 0.197516
-0.179643 0.159149
-0.249396 0.487267
-0.620357 0.159149
-0.312733 0.550604
-0.663664 0.197516
-0.360388 0.626446
-0.714895 0.224404
-0.771071 0.238250
-0.389971 0.710992
-0.828929 0.238250
-0.885105 0.224404
0.249396 -0.487267
0.312733 -0.550604
0.360388 -0.626446
0.389971 -0.710992
0.400000 -0.800000
0.400000 0.800000
0.389971 0.710992
0.360388 0.626446
0.312733 0.550604
0.249396 0.487267
-0.400000 0.800000
-0.400000 1.200000
-0.212509 0.111534
-0.587491 0.111534
-0.233026 0.057436
-0.566974 0.057436
-0.240000 0.000000
-0.560000 -0.000000
-0.233026 -0.057436
-0.566974 -0.057436
-0.212509 -0.111534
-0.587491 -0.111534
-0.885105 -0.224404
-0.936336 -0.197516
-0.979643 -0.159149
-2.000000 -0.400000
-1.200000 -0.400000
-2.000000 0.000000
-1.200000 0.000000
-1.131371 -0.400000
-0.000000 -0.400000
-1.131371 0.000000
0.000000 0.000000
-0.800000 -0.400000
-0.400000 -0.400000
-0.800000 -0.000000
-0.400000 -0.000000
-0.400000 -0.000000
-0.000000 0.000000
-0.400000 0.089760
-0.000000 0.089760
-0.400000 0.179520
-0.000000 0.179520
-0.400000 0.269279
-0.000000 0.269279
-0.400000 0.359039
-0.000000 0.359039
-0.400000 0.448799
-0.000000 0.448799
-0.400000 0.538559
-0.000000 0.538559
-0.400000 0.628319
-0.000000 0.628319
-1.600000 -1.256637
-2.000000 -1.256637
-1.600000 -1.346397
-2.000000 -1.346397
-1.600000 -1.436157
-2.000000 -1.436157
-1.600000 -1.525916
-2.000000 -1.525916
-1.600000 -1.615676
-2.000000 -1.615676
-1.600000 -1.705436
-2.000000 -1.705436
-1.600000 -1.795196
-2.000000 -1.795196
-1.600000 -1.884956
-2.000000 -1.884956
0.320411 0.078974
0.238250 0.028929
0.330000 0.000000
0.238250 -0.028929
0.320411 -0.078974
0.224404 -0.085105
0.292200 -0.153359
0.197516 -0.136336
0.247009 -0.218830
0.159149 -0.179643
0.187461 -0.271585
0.111534 -0.212509
0.117020 -0.308555
0.057436 -0.233026
0.039777 -0.327594
0.000000 -0.240000
-0.039777 -0.327594
-0.057436 -0.233026
-0.117020 -0.308555
-0.111534 -0.212509
-0.187461 -0.271585
-0.159149 -0.179643
-0.247009 -0.218830
-0.197516 -0.136336
-0.292200 -0.153359
-0.224404 -0.085105
-0.320411 -0.078974
-0.238250 -0.028929
-0.330000 0.000000
-0.238250 0.028929
-0.320411 0.078974
-0.224404 0.085105
-0.292200 0.153359
-0.197516 0.136336
-0.247009 0.218830
-0.159149 0.179643
-0.187461 0.271585
-0.111534 0.212509
-0.117020 0.308555
-0.057436 0.233026
-0.039777 0.327594
0.000000 0.240000
0.039777 0.327594
0.057436 0.233026
0.117020 0.308555
0.111534 0.212509
0.187461 0.271585
0.159149 0.179643
0.247009 0.218830
0.197516 0.136336
0.292200 0.153359
0.224404 0.085105
0.080000 -1.036726
-0.000000 -1.036726
0.080000 -1.116474
-0.000000 -1.116474
0.080000 -1.196222
-0.000000 -1.196222
0.080000 -1.275970
-0.000000 -1.275970
0.080000 -1.355718
-0.000000 -1.355718
0.080000 -1.435466
-0.000000 -1.435466
0.080000 -1.515214
-0.000000 -1.515214
0.080000 -1.594962
0.000000 -1.594962
0.080000 -1.674711
0.000000 -1.674711
0.080000 -1.754459
0.000000 -1.754459
0.080000 -1.834207
0.000000 -1.834207
0.080000 -1.913955
0.000000 -1.913955
0.080000 -1.993703
0.000000 -1.993703
0.080000 -2.073451
0.000000 -2.073451
0.320411 0.078974
0.238250 0.028929
0.330000 0.000000
0.238250 -0.028929
0.320411 -0.078974
0.224404 -0.085105
0.292200 -0.153359
0.197516 -0.136336
0.247009 -0.218830
0.159149 -0.179643
0.187461 -0.271585
0.111534 -0.212509
0.117020 -0.308555
0.057436 -0.233026
0.039777 -0.327594
0.000000 -0.240000
-0.039777 -0.327594
-0.057436 -0.233026
-0.117020 -0.308555
-0.111534 -0.212509
-0.187461 -0.271585
-0.159149 -0.179643
-0.247009 -0.218830
-0.197516 -0.136336
-0.292200 -0.153359
-0.224404 -0.085105
-0.320411 -0.078974
-0.238250 -0.028929
-0.330000 0.000000
-0.238250 0.028929
-0.320411 0.078974
-0.224404 0.085105
-0.292200 0.153359
-0.197516 0.136336
-0.247009 0.218830
-0.159149 0.179643
-0.187461 0.271585
-0.111534 0.212509
-0.117020 0.308555
-0.057436 0.233026
-0.039777 0.327594
0.000000 0.240000
0.039777 0.327594
0.057436 0.233026
0.117020 0.308555
0.111534 0.212509
0.187461 0.271585
0.159149 0.179643
0.247009 0.218830
0.197516 0.136336
0.292200 0.153359
0.224404 0.085105
0.080000 -1.036726
-0.000000 -1.036726
0.080000 -1.116474
-0.000000 -1.116474
0.080000 -1.196222
-0.000000 -1.196222
0.080000 -1.275970
-0.000000 -1.275970
0.080000 -1.355718
-0.000000 -1.355718
0.080000 -1.435466
-0.000000 -1.435466
0.080000 -1.515214
-0.000000 -1.515214
0.080000 -1.594962
0.000000 -1.594962
0.080000 -1.674711
0.000000 -1.674711
0.080000 -1.754459
0.000000 -1.754459
0.080000 -1.834207
0.000000 -1.834207
0.080000 -1.913955
0.000000 -1.913955
0.080000 -1.993703
0.000000 -1.993703
0.080000 -2.073451
0.000000 -2.073451
0.080000 -1.036726
-0.000000 -1.036726
0.080000 -1.116474
-0.000000 -1.116474
0.080000 -1.196222
-0.000000 -1.196222
0.080000 -1.275970
-0.000000 -1.275970
0.080000 -1.355718
-0.000000 -1.355718
0.080000 -1.435466
-0.000000 -1.435466
0.080000 -1.515214
-0.000000 -1.515214
0.080000 -1.594962
0.000000 -1.594962
0.080000 -1.674711
0.000000 -1.674711
0.080000 -1.754459
0.000000 -1.754459
0.080000 -1.834207
0.000000 -1.834207
0.080000 -1.913955
0.000000 -1.913955
0.080000 -1.993703
0.000000 -1.993703
0.080000 -2.073451
0.000000 -2.073451
0.320411 0.078974
0.238250 0.028929
0.330000 0.000000
0.238250 -0.028929
0.320411 -0.078974
0.224404 -0.085105
0.292200 -0.153359
0.197516 -0.136336
0.247009 -0.218830
0.159149 -0.179643
0.187461 -0.271585
0.111534 -0.212509
0.117020 -0.308555
0.057436 -0.233026
0.039777 -0.327594
0.000000 -0.240000
-0.039777 -0.327594
-0.057436 -0.233026
-0.117020 -0.308555
-0.111534 -0.212509
-0.187461 -0.271585
-0.159149 -0.179643
-0.247009 -0.218830
-0.197516 -0.136336
-0.292200 -0.153359
-0.224404 -0.085105
-0.320411 -0.078974
-0.238250 -0.028929
-0.330000 0.000000
-0.238250 0.028929
-0.320411 0.078974
-0.224404 0.085105
-0.292200 0.153359
-0.197516 0.136336
-0.247009 0.218830
-0.159149 0.179643
-0.187461 0.271585
-0.111534 0.212509
-0.117020 0.308555
-0.057436 0.233026
-0.039777 0.327594
0.000000 0.240000
0.039777 0.327594
0.057436 0.233026
0.117020 0.308555
0.111534 0.212509
0.187461 0.271585
0.159149 0.179643
0.247009 0.218830
0.197516 0.136336
0.292200 0.153359
0.224404 0.085105
0.080000 -1.036726
-0.000000 -1.036726
0.080000 -1.116474
-0.000000 -1.116474
0.080000 -1.196222
-0.000000 -1.196222
0.080000 -1.275970
-0.000000 -1.275970
0.080000 -1.355718
-0.000000 -1.355718
0.080000 -1.435466
-0.000000 -1.435466
0.080000 -1.515214
-0.000000 -1.515214
0.080000 -1.594962
0.000000 -1.594962
0.080000 -1.674711
0.000000 -1.674711
0.080000 -1.754459
0.000000 -1.754459
0.080000 -1.834207
0.000000 -1.834207
0.080000 -1.913955
0.000000 -1.913955
0.080000 -1.993703
0.000000 -1.993703
0.080000 -2.073451
0.000000 -2.073451
0.320411 0.078974
0.238250 0.028929
0.330000 0.000000
0.238250 -0.028929
0.320411 -0.078974
0.224404 -0.085105
0.292200 -0.153359
0.197516 -0.136336
0.247009 -0.218830
0.159149 -0.179643
0.187461 -0.271585
0.111534 -0.212509
0.117020 -0.308555
0.057436 -0.233026
0.039777 -0.327594
0.000000 -0.240000
-0.039777 -0.327594
-0.057436 -0.233026
-0.117020 -0.308555
-0.111534 -0.212509
-0.187461 -0.271585
-0.159149 -0.179643
-0.247009 -0.218830
-0.197516 -0.136336
-0.292200 -0.153359
-0.224404 -0.085105
-0.320411 -0.078974
-0.238250 -0.028929
-0.330000 0.000000
-0.238250 0.028929
-0.320411 0.078974
-0.224404 0.085105
-0.292200 0.153359
-0.197516 0.136336
-0.247009 0.218830
-0.159149 0.179643
-0.187461 0.271585
-0.111534 0.212509
-0.117020 0.308555
-0.057436 0.233026
-0.039777 0.327594
0.000000 0.240000
0.039777 0.327594
0.057436 0.233026
0.117020 0.308555
0.111534 0.212509
0.187461 0.271585
0.159149 0.179643
0.247009 0.218830
0.197516 0.136336
0.292200 0.153359
0.224404 0.085105
0.080000 -1.036726
-0.000000 -1.036726
0.080000 -1.116474
-0.000000 -1.116474
0.080000 -1.196222
-0.000000 -1.196222
0.080000 -1.275970
-0.000000 -1.275970
0.080000 -1.355718
-0.000000 -1.355718
0.080000 -1.435466
-0.000000 -1.435466
0.080000 -1.515214
-0.000000 -1.515214
0.080000 -1.594962
0.000000 -1.594962
0.080000 -1.674711
0.000000 -1.674711
0.080000 -1.754459
0.000000 -1.754459
0.080000 -1.834207
0.000000 -1.834207
0.080000 -1.913955
0.000000 -1.913955
0.080000 -1.993703
0.000000 -1.993703
0.080000 -2.073451
0.000000 -2.073451
0.320411 0.078974
0.238250 0.028929
0.330000 0.000000
0.238250 -0.028929
0.320411 -0.078974
0.224404 -0.085105
0.292200 -0.153359
0.197516 -0.136336
0.247009 -0.218830
0.159149 -0.179643
0.187461 -0.271585
0.111534 -0.212509
0.117020 -0.308555
0.057436 -0.233026
0.039777 -0.327594
0.000000 -0.240000
-0.039777 -0.327594
-0.057436 -0.233026
-0.117020 -0.308555
-0.111534 -0.212509
-0.187461 -0.271585
-0.159149 -0.179643
-0.247009 -0.218830
-0.197516 -0.136336
-0.292200 -0.153359
-0.224404 -0.085105
-0.320411 -0.078974
-0.238250 -0.028929
-0.330000 0.000000
-0.238250 0.028929
-0.320411 0.078974
-0.224404 0.085105
-0.292200 0.153359
-0.197516 0.136336
-0.247009 0.218830
-0.159149 0.179643
-0.187461 0.271585
-0.111534 0.212509
-0.117020 0.308555
-0.057436 0.233026
-0.039777 0.327594
0.000000 0.240000
0.039777 0.327594
0.057436 0.233026
0.117020 0.308555
0.111534 0.212509
0.187461 0.271585
0.159149 0.179643
0.247009 0.218830
0.197516 0.136336
0.292200 0.153359
0.224404 0.085105
-0.233026 0.742564
0.233026 0.742564
-0.240000 0.800000
0.240000 0.800000
-0.233026 0.857436
0.233026 0.857436
-0.212509 0.911534
0.212509 0.911534
-0.179643 0.959149
0.179643 0.959149
-0.136336 0.997516
0.136336 0.997516
-0.085105 1.024404
0.085105 1.024404
-0.028929 1.038250
0.028929 1.038250
0.212509 0.688466
-0.212509 0.688466
0.179643 0.640851
-0.179643 0.640851
0.136336 0.602484
-0.136336 0.602484
0.085105 0.575596
-0.085105 0.575596
0.028929 0.561750
-0.028929 0.561750
0.400000 -0.753982
0.080000 -0.753982
0.400000 -0.811981
0.080000 -0.811981
0.400000 -0.869980
0.080000 -0.869980
0.400000 -0.927978
0.080000 -0.927978
0.400000 -0.985977
0.080000 -0.985977
0.400000 -1.043975
0.080000 -1.043975
0.400000 -1.101974
0.080000 -1.101974
0.400000 -1.159973
0.080000 -1.159973
0.400000 -1.217971
0.080000 -1.217971
0.400000 -1.275970
0.080000 -1.275970
0.400000 -1.333969
0.080000 -1.333969
0.400000 -1.391967
0.080000 -1.391967
0.400000 -1.449966
0.080000 -1.449966
0.400000 -1.507964
0.080000 -1.507964
-0.233026 -0.057436
0.233026 -0.057436
-0.240000 -0.000000
0.240000 0.000000
-0.233026 0.057436
0.233026 0.057436
-0.212509 0.111534
0.212509 0.111534
-0.179643 0.159149
0.179643 0.159149
-0.136336 0.197516
0.136336 0.197516
-0.085105 0.224404
0.085105 0.224404
-0.028929 0.238250
0.028929 0.238250
0.212509 -0.111534
-0.212509 -0.111534
0.179643 -0.159149
-0.179643 -0.159149
0.136336 -0.197516
-0.136336 -0.197516
0.085105 -0.224404
-0.085105 -0.224404
0.028929 -0.238250
-0.028929 -0.238250
0.400000 -0.753982
0.080000 -0.753982
0.400000 -0.811981
0.080000 -0.811981
0.400000 -0.869980
0.080000 -0.869980
0.400000 -0.927978
0.080000 -0.927978
0.400000 -0.985977
0.080000 -0.985977
0.400000 -1.043975
0.080000 -1.043975
0.400000 -1.101974
0.080000 -1.101974
0.400000 -1.159973
0.080000 -1.159973
0.400000 -1.217971
0.080000 -1.217971
0.400000 -1.275970
0.080000 -1.275970
0.400000 -1.333969
0.080000 -1.333969
0.400000 -1.391967
0.080000 -1.391967
0.400000 -1.449966
0.080000 -1.449966
0.400000 -1.507964
0.080000 -1.507964
-0.400000 -0.400000
-0.800000 -0.400000
-0.400000 -0.800000
-0.800000 -0.800000
0.400000 0.400000
-0.400000 0.400000
0.400000 -0.000000
-0.400000 0.000000
0.389971 -0.089008
-0.389971 -0.089008
0.360388 -0.173553
-0.360388 -0.173553
0.312733 -0.249396
-0.312733 -0.249396
0.249396 -0.312733
-0.249396 -0.312733
0.173553 -0.360388
-0.173553 -0.360388
0.089008 -0.389971
-0.089008 -0.389971
0.000000 -0.400000
-0.800000 0.400000
-0.400000 0.400000
-0.800000 0.800000
-0.400000 0.800000
2.400000 -0.400000
2.389971 -0.489008
2.400000 -0.800000
2.360388 -0.573554
2.312733 -0.649396
2.249396 -0.712733
2.173553 -0.760388
2.089008 -0.789971
2.000000 -0.800000
0.400000 -0.800000
0.310992 -0.789971
-0.000000 -0.800000
0.226447 -0.760388
0.150604 -0.712733
0.087267 -0.649396
0.039612 -0.573554
0.010029 -0.489008
-0.000000 -0.400000
-2.400000 -0.800000
-2.292201 -0.553359
-2.400000 -0.400000
-2.320411 -0.478974
-2.330000 -0.400000
-0.000000 -0.800000
-1.239777 -0.727594
-1.960223 -0.727594
-2.039777 -0.727594
-0.000000 -0.400000
-0.107800 -0.553359
-0.152991 -0.618831
-0.212539 -0.671585
-0.010029 -0.310992
-0.079589 -0.321026
-0.070000 -0.400000
-0.079589 -0.478974
-0.107800 -0.246641
-0.039612 -0.226447
-0.152991 -0.181170
-0.087267 -0.150604
-0.212539 -0.128415
-0.150604 -0.087267
-0.282980 -0.091445
-0.226447 -0.039612
-0.360223 -0.072406
-0.310992 -0.010029
-0.400000 0.000000
-2.000000 0.000000
-1.160223 -0.072406
-1.082980 -0.091445
-0.517020 -0.091445
-0.587461 -0.128415
-1.012539 -0.128415
-0.647009 -0.181170
-0.952991 -0.181170
-0.692200 -0.246641
-0.907799 -0.246641
-0.720411 -0.321026
-0.879589 -0.321026
-0.730000 -0.400000
-0.870000 -0.400000
-0.720411 -0.478974
-0.879589 -0.478974
-0.692200 -0.553359
-0.907799 -0.553359
-0.647009 -0.618831
-0.952991 -0.618831
-0.587461 -0.671585
-1.012539 -0.671585
-0.517020 -0.708555
-1.082980 -0.708555
-0.439777 -0.727594
-1.160223 -0.727594
-2.089008 -0.010029
-2.039777 -0.072406
-1.960223 -0.072406
-1.882980 -0.091445
-2.173553 -0.039612
-2.117020 -0.091445
-2.249396 -0.087267
-2.187461 -0.128415
-2.312733 -0.150604
-2.247009 -0.181170
-2.360388 -0.226447
-2.292201 -0.246641
-2.389971 -0.310992
-2.320411 -0.321026
-0.282980 -0.708555
-0.360223 -0.727594
-0.439777 -0.072406
-1.882980 -0.708555
-1.317020 -0.708555
-1.812539 -0.671585
-1.387461 -0.671585
-1.752991 -0.618831
-1.447008 -0.618831
-1.707800 -0.553359
-1.492200 -0.553359
-1.679589 -0.478974
-1.520411 -0.478974
-1.670000 -0.400000
-1.530000 -0.400000
-1.679589 -0.321026
-1.520411 -0.321026
-1.707800 -0.246641
-1.492200 -0.246641
-1.752991 -0.181170
-1.447008 -0.181170
-1.812539 -0.128415
-1.387461 -0.128415
-1.317020 -0.091445
-1.239777 -0.072406
-2.117020 -0.708555
-2.187461 -0.671585
-2.247009 -0.618831
-0.400000 0.800000
-0.800000 0.800000
-0.400000 0.000000
-0.800000 0.000000
0.400000 0.000000
0.800000 0.000000
0.400000 0.800000
0.800000 0.800000
-1.600000 -0.800000
-1.600000 -0.400000
-2.000000 -0.800000
-1.600000 0.400000
-2.000000 0.800000
-1.600000 0.800000
-1.200000 -0.400000
-1.200000 0.400000
-1.200000 0.628319
-2.000000 0.628319
-1.200000 0.538559
-2.000000 0.538559
-1.200000 0.448799
-2.000000 0.448799
-1.200000 0.359039
-2.000000 0.359039
-1.200000 0.269279
-2.000000 0.269279
-1.200000 0.179520
-2.000000 0.179520
-1.200000 0.089760
-2.000000 0.089760
-1.600000 0.000000
-2.000000 0.000000
-1.200000 0.000000
2.000000 -0.628319
1.200000 -0.628319
2.000000 -0.718078
1.200000 -0.718078
2.000000 -0.807838
1.200000 -0.807838
2.000000 -0.897598
1.200000 -0.897598
2.000000 -0.987358
1.200000 -0.987358
2.000000 -1.077117
1.200000 -1.077117
2.000000 -1.166877
1.200000 -1.166877
1.600000 -1.256637
1.200000 -1.256637
2.000000 -1.256637
0.400000 0.400000
1.200000 0.400000
0.400000 1.200000
1.200000 1.200000
-0.400000 0.000000
-0.389971 0.089008
-0.400000 0.400000
-0.360388 0.173553
-0.312733 0.249396
-0.249396 0.312733
-0.173553 0.360388
-0.089008 0.389971
0.000000 0.400000
-0.400000 0.000000
-0.000000 0.000000
-0.310992 0.010029
-0.226447 0.039612
-0.150604 0.087267
-0.087267 0.150604
-0.039612 0.226447
-0.010029 0.310992
-0.000000 0.400000
0.000000 -0.400000
0.010029 -0.310992
-0.000000 0.000000
0.039612 -0.226447
0.087267 -0.150604
0.150604 -0.087267
0.226447 -0.039612
0.310992 -0.010029
0.400000 -0.000000
-0.000000 -0.628319
-0.800000 -0.628319
-0.000000 -0.718078
-0.800000 -0.718078
-0.000000 -0.807838
-0.800000 -0.807838
0.000000 -0.897598
-0.800000 -0.897598
0.000000 -0.987358
-0.800000 -0.987358
0.000000 -1.077117
-0.800000 -1.077117
-0.000000 -1.166877
-0.800000 -1.166877
-0.000000 -1.256637
-0.800000 -1.256637
0.000000 0.000000
-0.800000 0.000000
0.000000 -0.089760
-0.800000 -0.089760
-0.000000 -0.179520
-0.800000 -0.179520
-0.000000 -0.269279
-0.800000 -0.269279
-0.000000 -0.359039
-0.800000 -0.359039
0.000000 -0.448799
-0.800000 -0.448799
0.000000 -0.538559
-0.800000 -0.538559
-0.000000 -0.628319
-0.800000 -0.628319
-0.400000 0.800000
-1.200000 0.800000
-0.400000 0.400000
-1.200000 0.400000
0.000000 -0.400000
-1.600000 -0.400000
-1.989971 -0.089008
-1.960388 -0.173553
-2.000000 0.000000
-1.600000 0.400000
-2.000000 0.400000
-1.912733 -0.249396
-1.849396 -0.312733
-1.773553 -0.360388
-1.689008 -0.389971
0.089008 -0.389971
0.173553 -0.360388
0.249396 -0.312733
0.312733 -0.249396
0.360388 -0.173553
0.389971 -0.089008
0.400000 0.000000
-0.000000 0.400000
0.400000 0.400000
1.600000 0.400000
1.689008 0.389971
2.000000 0.400000
1.773553 0.360388
1.849396 0.312733
1.912733 0.249396
1.960388 0.173553
1.989971 0.089008
2.000000 0.000000
-0.320411 -0.078974
-0.233026 -0.057436
-0.330000 -0.000000
-0.240000 -0.000000
-0.233026 0.057436
-0.212509 -0.111534
-0.292200 -0.153359
-0.179643 -0.159149
-0.247009 -0.218830
-0.136336 -0.197516
-0.187461 -0.271585
-0.085105 -0.224404
-0.117020 -0.308555
-0.028929 -0.238250
-0.039777 -0.327594
0.039777 -0.327594
0.028929 -0.238250
0.117020 -0.308555
0.085105 -0.224404
0.187461 -0.271585
0.136336 -0.197516
0.247009 -0.218830
0.179643 -0.159149
0.292200 -0.153359
0.212509 -0.111534
0.320411 -0.078974
0.233026 -0.057436
0.330000 0.000000
0.240000 0.000000
0.233026 0.057436
0.320411 0.078974
0.212509 0.111534
0.292200 0.153359
0.179643 0.159149
0.247009 0.218830
0.136336 0.197516
0.187461 0.271585
0.085105 0.224404
0.117020 0.308555
0.028929 0.238250
0.039777 0.327594
-0.039777 0.327594
-0.028929 0.238250
-0.117020 0.308555
-0.085105 0.224404
-0.187461 0.271585
-0.136336 0.197516
-0.247009 0.218830
-0.179643 0.159149
-0.292200 0.153359
-0.212509 0.111534
-0.320411 0.078974
0.080000 -1.036726
0.000000 -1.036726
0.080000 -1.116474
0.000000 -1.116474
0.080000 -1.196222
0.000000 -1.196222
0.080000 -1.275970
0.000000 -1.275970
0.080000 -1.355718
0.000000 -1.355718
0.080000 -1.435466
0.000000 -1.435466
0.080000 -1.515214
0.000000 -1.515214
0.080000 -1.594962
-0.000000 -1.594962
0.080000 -1.674711
-0.000000 -1.674711
0.080000 -1.754459
-0.000000 -1.754459
0.080000 -1.834207
-0.000000 -1.834207
0.080000 -1.913955
-0.000000 -1.913955
0.080000 -1.993703
-0.000000 -1.993703
0.080000 -2.073451
-0.000000 -2.073451
-0.320411 -0.078974
-0.233026 -0.057436
-0.330000 -0.000000
-0.240000 -0.000000
-0.233026 0.057436
-0.212509 -0.111534
-0.292200 -0.153359
-0.179643 -0.159149
-0.247009 -0.218830
-0.136336 -0.197516
-0.187461 -0.271585
-0.085105 -0.224404
-0.117020 -0.308555
-0.028929 -0.238250
-0.039777 -0.327594
0.039777 -0.327594
0.028929 -0.238250
0.117020 -0.308555
0.085105 -0.224404
0.187461 -0.271585
0.136336 -0.197516
0.247009 -0.218830
0.179643 -0.159149
0.292200 -0.153359
0.212509 -0.111534
0.320411 -0.078974
0.233026 -0.057436
0.330000 0.000000
0.240000 0.000000
0.233026 0.057436
0.320411 0.078974
0.212509 0.111534
0.292200 0.153359
0.179643 0.159149
0.247009 0.218830
0.136336 0.197516
0.187461 0.271585
0.085105 0.224404
0.117020 0.308555
0.028929 0.238250
0.039777 0.327594
-0.039777 0.327594
-0.028929 0.238250
-0.117020 0.308555
-0.085105 0.224404
-0.187461 0.271585
-0.136336 0.197516
-0.247009 0.218830
-0.179643 0.159149
-0.292200 0.153359
-0.212509 0.111534
-0.320411 0.078974
0.080000 -1.036726
0.000000 -1.036726
0.080000 -1.116474
0.000000 -1.116474
0.080000 -1.196222
0.000000 -1.196222
0.080000 -1.275970
0.000000 -1.275970
0.080000 -1.355718
0.000000 -1.355718
0.080000 -1.435466
0.000000 -1.435466
0.080000 -1.515214
0.000000 -1.515214
0.080000 -1.594962
-0.000000 -1.594962
0.080000 -1.674711
-0.000000 -1.674711
0.080000 -1.754459
-0.000000 -1.754459
0.080000 -1.834207
-0.000000 -1.834207
0.080000 -1.913955
-0.000000 -1.913955
0.080000 -1.993703
-0.000000 -1.993703
0.080000 -2.073451
-0.000000 -2.073451
-0.320411 -0.078974
-0.233026 -0.057436
-0.330000 -0.000000
-0.240000 -0.000000
-0.233026 0.057436
-0.212509 -0.111534
-0.292200 -0.153359
-0.179643 -0.159149
-0.247009 -0.218830
-0.136336 -0.197516
-0.187461 -0.271585
-0.085105 -0.224404
-0.117020 -0.308555
-0.028929 -0.238250
-0.039777 -0.327594
0.039777 -0.327594
0.028929 -0.238250
0.117020 -0.308555
0.085105 -0.224404
0.187461 -0.271585
0.136336 -0.197516
0.247009 -0.218830
0.179643 -0.159149
0.292200 -0.153359
0.212509 -0.111534
0.320411 -0.078974
0.233026 -0.057436
0.330000 0.000000
0.240000 0.000000
0.233026 0.057436
0.320411 0.078974
0.212509 0.111534
0.292200 0.153359
0.179643 0.159149
0.247009 0.218830
0.136336 0.197516
0.187461 0.271585
0.085105 0.224404
0.117020 0.308555
0.028929 0.238250
0.039777 0.327594
-0.039777 0.327594
-0.028929 0.238250
-0.117020 0.308555
-0.085105 0.224404
-0.187461 0.271585
-0.136336 0.197516
-0.247009 0.218830
-0.179643 0.159149
-0.292200 0.153359
-0.212509 0.111534
-0.320411 0.078974
0.080000 -1.036726
0.000000 -1.036726
0.080000 -1.116474
0.000000 -1.116474
0.080000 -1.196222
0.000000 -1.196222
0.080000 -1.275970
0.000000 -1.275970
0.080000 -1.355718
0.000000 -1.355718
0.080000 -1.435466
0.000000 -1.435466
0.080000 -1.515214
0.000000 -1.515214
0.080000 -1.594962
-0.000000 -1.594962
0.080000 -1.674711
-0.000000 -1.674711
0.080000 -1.754459
-0.000000 -1.754459
0.080000 -1.834207
-0.000000 -1.834207
0.080000 -1.913955
-0.000000 -1.913955
0.080000 -1.993703
-0.000000 -1.993703
0.080000 -2.073451
-0.000000 -2.073451
1.366974 -0.057436
1.833026 -0.057436
1.360000 0.000000
1.840000 0.000000
1.366974 0.057436
1.833026 0.057436
1.387491 0.111534
1.812509 0.111534
1.420357 0.159149
1.779643 0.159149
1.463664 0.197516
1.736336 0.197516
1.514895 0.224404
1.685105 0.224404
1.571071 0.238250
1.628929 0.238250
1.812509 -0.111534
1.387491 -0.111534
1.779643 -0.159149
1.420357 -0.159149
1.736336 -0.197516
1.463664 -0.197516
1.685105 -0.224404
1.514895 -0.224404
1.628929 -0.238250
1.571071 -0.238250
1.398823 -0.753982
0.678823 -0.753982
1.398823 -0.811981
0.678823 -0.811981
1.398823 -0.869980
0.678823 -0.869980
1.398823 -0.927978
0.678823 -0.927978
1.398823 -0.985977
0.678823 -0.985977
1.398823 -1.043975
0.678823 -1.043975
1.398823 -1.101974
0.678823 -1.101974
1.398823 -1.159973
0.678823 -1.159973
1.398823 -1.217971
0.678823 -1.217971
1.398823 -1.275970
0.678823 -1.275970
1.398823 -1.333969
0.678823 -1.333969
1.398823 -1.391967
0.678823 -1.391967
1.398823 -1.449966
0.678823 -1.449966
1.398823 -1.507964
0.678823 -1.507964
0.566974 -0.057436
1.033026 -0.057436
0.560000 0.000000
1.040000 0.000000
0.566974 0.057436
1.033026 0.057436
0.587491 0.111534
1.012509 0.111534
0.620357 0.159149
0.979643 0.159149
0.663664 0.197516
0.936336 0.197516
0.714895 0.224404
0.885105 0.224404
0.771071 0.238250
0.828929 0.238250
1.012509 -0.111534
0.587491 -0.111534
0.979643 -0.159149
0.620357 -0.159149
0.936336 -0.197516
0.663664 -0.197516
0.885105 -0.224404
0.714895 -0.224404
0.828929 -0.238250
0.771071 -0.238250
1.398823 -0.753982
0.678823 -0.753982
1.398823 -0.811981
0.678823 -0.811981
1.398823 -0.869980
0.678823 -0.869980
1.398823 -0.927978
0.678823 -0.927978
1.398823 -0.985977
0.678823 -0.985977
1.398823 -1.043975
0.678823 -1.043975
1.398823 -1.101974
0.678823 -1.101974
1.398823 -1.159973
0.678823 -1.159973
1.398823 -1.217971
0.678823 -1.217971
1.398823 -1.275970
0.678823 -1.275970
1.398823 -1.333969
0.678823 -1.333969
1.398823 -1.391967
0.678823 -1.391967
1.398823 -1.449966
0.678823 -1.449966
1.398823 -1.507964
0.678823 -1.507964
-0.233026 -0.057436
0.233026 -0.057436
-0.240000 0.000000
0.240000 0.000000
-0.233026 0.057436
0.233026 0.057436
-0.212509 0.111534
0.212509 0.111534
-0.179643 0.159149
0.179643 0.159149
-0.136336 0.197516
0.136336 0.197516
-0.085105 0.224404
0.085105 0.224404
-0.028929 0.238250
0.028929 0.238250
0.212509 -0.111534
-0.212509 -0.111534
0.179643 -0.159149
-0.179643 -0.159149
0.136336 -0.197516
-0.136336 -0.197516
0.085105 -0.224404
-0.085105 -0.224404
0.028929 -0.238250
-0.028929 -0.238250
1.398823 -0.753982
0.678823 -0.753982
1.398823 -0.811981
0.678823 -0.811981
1.398823 -0.869980
0.678823 -0.869980
1.398823 -0.927978
0.678823 -0.927978
1.398823 -0.985977
0.678823 -0.985977
1.398823 -1.043975
0.678823 -1.043975
1.398823 -1.101974
0.678823 -1.101974
1.398823 -1.159973
0.678823 -1.159973
1.398823 -1.217971
0.678823 -1.217971
1.398823 -1.275970
0.678823 -1.275970
1.398823 -1.333969
0.678823 -1.333969
1.398823 -1.391967
0.678823 -1.391967
1.398823 -1.449966
0.678823 -1.449966
1.398823 -1.507964
0.678823 -1.507964
0.400000 -2.000000
0.800000 -2.000000
0.400000 -1.600000
0.800000 -1.600000
0.400000 -1.200000
0.800000 -1.200000
1.200000 -1.600000
1.200000 -0.400000
1.200000 0.000000
0.800000 -0.000000
0.800000 -0.400000
0.800000 0.400000
0.400000 0.400000
0.400000 -0.000000
0.400000 -0.400000
-0.400000 0.000000
-0.400000 -0.089760
-0.000000 0.000000
0.400000 -0.089760
0.400000 0.000000
0.400000 -0.179520
-0.400000 -0.179520
0.400000 -0.269279
-0.400000 -0.269279
0.400000 -0.359039
-0.400000 -0.359039
0.400000 -0.448799
-0.400000 -0.448799
0.400000 -0.538559
-0.400000 -0.538559
-0.000000 -0.628319
-0.400000 -0.628319
0.400000 -0.628319
0.000000 0.628319
-0.400000 0.628319
-0.000000 0.538559
-0.400000 0.538559
0.000000 0.448799
-0.400000 0.448799
0.000000 0.359039
-0.400000 0.359039
-0.000000 0.269279
-0.400000 0.269279
-0.000000 0.179520
-0.400000 0.179520
-0.000000 0.089760
-0.400000 0.089760
0.000000 -0.000000
-0.400000 0.000000
-0.400000 -1.256637
0.000000 -1.256637
-0.400000 -1.166877
0.000000 -1.166877
-0.400000 -1.077117
0.000000 -1.077117
-0.400000 -0.987358
0.000000 -0.987358
-0.400000 -0.897598
-0.000000 -0.897598
-0.400000 -0.807838
-0.000000 -0.807838
-0.400000 -0.718078
0.000000 -0.718078
-0.400000 -0.628319
-0.000000 -0.628319
-0.400000 0.628319
-0.000000 0.628319
-0.400000 0.718078
-0.000000 0.718078
-0.400000 0.807838
-0.000000 0.807838
-0.400000 0.897598
-0.000000 0.897598
-0.400000 0.987358
-0.000000 0.987358
-0.400000 1.077117
-0.000000 1.077117
-0.400000 1.166877
-0.000000 1.166877
-0.400000 1.256637
0.000000 1.256637
-0.400000 -0.400000
0.000000 -0.400000
-0.400000 0.000000
-0.000000 0.000000
-0.400000 -0.000000
-0.800000 -0.000000
-0.400000 -0.400000
-0.800000 -0.400000
-1.131371 -0.400000
-0.000000 -0.400000
-1.131371 0.000000
-0.000000 0.000000
-0.400000 -1.256637
0.000000 -1.256637
-0.400000 -1.166877
-0.000000 -1.166877
-0.400000 -1.077117
-0.000000 -1.077117
-0.400000 -0.987358
-0.000000 -0.987358
-0.400000 -0.897598
-0.000000 -0.897598
-0.400000 -0.807838
-0.000000 -0.807838
-0.400000 -0.718078
-0.000000 -0.718078
-0.400000 -0.628319
-0.000000 -0.628319
0.080000 -1.036726
0.000000 -1.036726
0.080000 -1.116474
0.000000 -1.116474
0.080000 -1.196222
0.000000 -1.196222
0.080000 -1.275970
0.000000 -1.275970
0.080000 -1.355718
0.000000 -1.355718
0.080000 -1.435466
0.000000 -1.435466
0.080000 -1.515214
0.000000 -1.515214
0.080000 -1.594962
-0.000000 -1.594962
0.080000 -1.674711
-0.000000 -1.674711
0.080000 -1.754459
-0.000000 -1.754459
0.080000 -1.834207
-0.000000 -1.834207
0.080000 -1.913955
-0.000000 -1.913955
0.080000 -1.993703
-0.000000 -1.993703
0.080000 -2.073451
-0.000000 -2.073451
-0.320411 -0.078974
-0.238250 -0.028929
-0.330000 0.000000
-0.238250 0.028929
-0.320411 0.078974
-0.224404 0.085105
-0.292200 0.153359
-0.197516 0.136336
-0.247009 0.218830
-0.159149 0.179643
-0.187461 0.271585
-0.111534 0.212509
-0.117020 0.308555
-0.057436 0.233026
-0.039777 0.327594
-0.000000 0.240000
0.039777 0.327594
0.057436 0.233026
0.117020 0.308555
0.111534 0.212509
0.187461 0.271585
0.159149 0.179643
0.247009 0.218830
0.197516 0.136336
0.292200 0.153359
0.224404 0.085105
0.320411 0.078974
0.238250 0.028929
0.330000 -0.000000
0.238250 -0.028929
0.320411 -0.078974
0.224404 -0.085105
0.292200 -0.153359
0.197516 -0.136336
0.247009 -0.218830
0.159149 -0.179643
0.187461 -0.271585
0.111534 -0.212509
0.117020 -0.308555
0.057436 -0.233026
0.039777 -0.327594
0.000000 -0.240000
-0.039777 -0.327594
-0.057436 -0.233026
-0.117020 -0.308555
-0.111534 -0.212509
-0.187461 -0.271585
-0.159149 -0.179643
-0.247009 -0.218830
-0.197516 -0.136336
-0.292200 -0.153359
-0.224404 -0.085105
0.080000 -1.036726
0.000000 -1.036726
0.080000 -1.116474
0.000000 -1.116474
0.080000 -1.196222
0.000000 -1.196222
0.080000 -1.275970
0.000000 -1.275970
0.080000 -1.355718
0.000000 -1.355718
0.080000 -1.435466
0.000000 -1.435466
0.080000 -1.515214
0.000000 -1.515214
0.080000 -1.594962
-0.000000 -1.594962
0.080000 -1.674711
-0.000000 -1.674711
0.080000 -1.754459
-0.000000 -1.754459
0.080000 -1.834207
-0.000000 -1.834207
0.080000 -1.913955
-0.000000 -1.913955
0.080000 -1.993703
-0.000000 -1.993703
0.080000 -2.073451
-0.000000 -2.073451
-0.320411 -0.078974
-0.238250 -0.028929
-0.330000 0.000000
-0.238250 0.028929
-0.320411 0.078974
-0.224404 0.085105
-0.292200 0.153359
-0.197516 0.136336
-0.247009 0.218830
-0.159149 0.179643
-0.187461 0.271585
-0.111534 0.212509
-0.117020 0.308555
-0.057436 0.233026
-0.039777 0.327594
-0.000000 0.240000
0.039777 0.327594
0.057436 0.233026
0.117020 0.308555
0.111534 0.212509
0.187461 0.271585
0.159149 0.179643
0.247009 0.218830
0.197516 0.136336
0.292200 0.153359
0.224404 0.085105
0.320411 0.078974
0.238250 0.028929
0.330000 -0.000000
0.238250 -0.028929
0.320411 -0.078974
0.224404 -0.085105
0.292200 -0.153359
0.197516 -0.136336
0.247009 -0.218830
0.159149 -0.179643
0.187461 -0.271585
0.111534 -0.212509
0.117020 -0.308555
0.057436 -0.233026
0.039777 -0.327594
0.000000 -0.240000
-0.039777 -0.327594
-0.057436 -0.233026
-0.117020 -0.308555
-0.111534 -0.212509
-0.187461 -0.271585
-0.159149 -0.179643
-0.247009 -0.218830
-0.197516 -0.136336
-0.292200 -0.153359
-0.224404 -0.085105
0.233026 0.857436
-0.233026 0.857436
0.240000 0.800000
-0.240000 0.800000
0.233026 0.742564
-0.233026 0.742564
0.212509 0.688466
-0.212509 0.688466
0.179643 0.640851
-0.179643 0.640851
0.136336 0.602484
-0.136336 0.602484
0.085105 0.575596
-0.085105 0.575596
0.028929 0.561750
-0.028929 0.561750
-0.212509 0.911534
0.212509 0.911534
-0.179643 0.959149
0.179643 0.959149
-0.136336 0.997516
0.136336 0.997516
-0.085105 1.024404
0.085105 1.024404
-0.028929 1.038250
0.028929 1.038250
0.400000 -0.753982
0.080000 -0.753982
0.400000 -0.811981
0.080000 -0.811981
0.400000 -0.869980
0.080000 -0.869980
0.400000 -0.927978
0.080000 -0.927978
0.400000 -0.985977
0.080000 -0.985977
0.400000 -1.043975
0.080000 -1.043975
0.400000 -1.101974
0.080000 -1.101974
0.400000 -1.159973
0.080000 -1.159973
0.400000 -1.217971
0.080000 -1.217971
0.400000 -1.275970
0.080000 -1.275970
0.400000 -1.333969
0.080000 -1.333969
0.400000 -1.391967
0.080000 -1.391967
0.400000 -1.449966
0.080000 -1.449966
0.400000 -1.507964
0.080000 -1.507964
0.233026 0.057436
-0.233026 0.057436
0.240000 -0.000000
-0.240000 -0.000000
0.233026 -0.057436
-0.233026 -0.057436
0.212509 -0.111534
-0.212509 -0.111534
0.179643 -0.159149
-0.179643 -0.159149
0.136336 -0.197516
-0.136336 -0.197516
0.085105 -0.224404
-0.085105 -0.224404
0.028929 -0.238250
-0.028929 -0.238250
-0.212509 0.111534
0.212509 0.111534
-0.179643 0.159149
0.179643 0.159149
-0.136336 0.197516
0.136336 0.197516
-0.085105 0.224404
0.085105 0.224404
-0.028929 0.238250
0.028929 0.238250
0.400000 -0.753982
0.080000 -0.753982
0.400000 -0.811981
0.080000 -0.811981
0.400000 -0.869980
0.080000 -0.869980
0.400000 -0.927978
0.080000 -0.927978
0.400000 -0.985977
0.080000 -0.985977
0.400000 -1.043975
0.080000 -1.043975
0.400000 -1.101974
0.080000 -1.101974
0.400000 -1.159973
0.080000 -1.159973
0.400000 -1.217971
0.080000 -1.217971
0.400000 -1.275970
0.080000 -1.275970
0.400000 -1.333969
0.080000 -1.333969
0.400000 -1.391967
0.080000 -1.391967
0.400000 -1.449966
0.080000 -1.449966
0.400000 -1.507964
0.080000 -1.507964
-0.400000 -0.400000
0.400000 -0.400000
-0.400000 -0.000000
0.400000 0.000000
-0.389971 0.089008
0.389971 0.089008
-0.360388 0.173553
0.360388 0.173553
-0.312733 0.249396
0.312733 0.249396
-0.249396 0.312733
0.249396 0.312733
-0.173553 0.360388
0.173553 0.360388
-0.089008 0.389971
0.089008 0.389971
0.000000 0.400000
0.000000 -1.256637
-0.400000 -1.256637
-0.000000 -1.346397
-0.400000 -1.346397
-0.000000 -1.436157
-0.400000 -1.436157
-0.000000 -1.525916
-0.400000 -1.525916
0.000000 -1.615676
-0.400000 -1.615676
0.000000 -1.705436
-0.400000 -1.705436
-0.000000 -1.795196
-0.400000 -1.795196
0.000000 -1.884956
-0.400000 -1.884956
-0.400000 -0.628319
-0.400000 -0.718078
-0.000000 -0.628319
0.400000 -0.718078
0.400000 -0.628319
0.400000 -0.807838
-0.400000 -0.807838
0.400000 -0.897598
-0.400000 -0.897598
0.400000 -0.987358
-0.400000 -0.987358
0.400000 -1.077117
-0.400000 -1.077117
0.400000 -1.166877
-0.400000 -1.166877
-0.000000 -1.256637
-0.400000 -1.256637
0.400000 -1.256637
-1.200000 -0.628319
-1.600000 -0.628319
-1.200000 -0.718078
-1.600000 -0.718078
-1.200000 -0.807838
-1.600000 -0.807838
-1.200000 -0.897598
-1.600000 -0.897598
-1.200000 -0.987358
-1.600000 -0.987358
-1.200000 -1.077117
-1.600000 -1.077117
-1.200000 -1.166877
-1.600000 -1.166877
-1.200000 -1.256637
-1.600000 -1.256637
0.400000 0.628319
0.400000 0.538559
1.200000 0.628319
1.600000 0.538559
1.600000 0.628319
1.600000 0.448799
0.400000 0.448799
1.600000 0.359039
0.400000 0.359039
1.600000 0.269279
0.400000 0.269279
1.600000 0.179520
0.400000 0.179520
1.600000 0.089760
0.400000 0.089760
1.600000 -0.000000
0.400000 -0.000000
-0.400000 -0.000000
0.000000 -0.000000
-0.400000 0.400000
0.000000 0.400000
-0.000000 0.400000
-1.131371 0.400000
0.000000 -0.000000
-1.131371 0.000000
-0.400000 0.400000
-0.800000 0.400000
-0.400000 0.000000
-0.800000 0.000000
-1.600000 -0.628319
-2.000000 -0.628319
-1.600000 -0.718078
-2.000000 -0.718078
-1.600000 -0.807838
-2.000000 -0.807838
-1.600000 -0.897598
-2.000000 -0.897598
-1.600000 -0.987358
-2.000000 -0.987358
-1.600000 -1.077117
-2.000000 -1.077117
-1.600000 -1.166877
-2.000000 -1.166877
-1.600000 -1.256637
-2.000000 -1.256637
-0.320411 -0.078974
-0.238250 -0.028929
-0.330000 0.000000
-0.238250 0.028929
-0.320411 0.078974
-0.224404 0.085105
-0.292200 0.153359
-0.197516 0.136336
-0.247009 0.218830
-0.159149 0.179643
-0.187461 0.271585
-0.111534 0.212509
-0.117020 0.308555
-0.057436 0.233026
-0.039777 0.327594
0.000000 0.240000
0.039777 0.327594
0.057436 0.233026
0.117020 0.308555
0.111534 0.212509
0.187461 0.271585
0.159149 0.179643
0.247009 0.218830
0.197516 0.136336
0.292200 0.153359
0.224404 0.085105
0.320411 0.078974
0.238250 0.028929
0.330000 0.000000
0.238250 -0.028929
0.320411 -0.078974
0.224404 -0.085105
0.292200 -0.153359
0.197516 -0.136336
0.247009 -0.218830
0.159149 -0.179643
0.187461 -0.271585
0.111534 -0.212509
0.117020 -0.308555
0.057436 -0.233026
0.039777 -0.327594
0.000000 -0.240000
-0.039777 -0.327594
-0.057436 -0.233026
-0.117020 -0.308555
-0.111534 -0.212509
-0.187461 -0.271585
-0.159149 -0.179643
-0.247009 -0.218830
-0.197516 -0.136336
-0.292200 -0.153359
-0.224404 -0.085105
0.080000 -1.036726
-0.000000 -1.036726
0.080000 -1.116474
-0.000000 -1.116474
0.080000 -1.196222
-0.000000 -1.196222
0.080000 -1.275970
-0.000000 -1.275970
0.080000 -1.355718
-0.000000 -1.355718
0.080000 -1.435466
-0.000000 -1.435466
0.080000 -1.515214
-0.000000 -1.515214
0.080000 -1.594962
0.000000 -1.594962
0.080000 -1.674711
0.000000 -1.674711
0.080000 -1.754459
0.000000 -1.754459
0.080000 -1.834207
0.000000 -1.834207
0.080000 -1.913955
0.000000 -1.913955
0.080000 -1.993703
0.000000 -1.993703
0.080000 -2.073451
0.000000 -2.073451
-0.320411 -0.078974
-0.238250 -0.028929
-0.330000 0.000000
-0.238250 0.028929
-0.320411 0.078974
-0.224404 0.085105
-0.292200 0.153359
-0.197516 0.136336
-0.247009 0.218830
-0.159149 0.179643
-0.187461 0.271585
-0.111534 0.212509
-0.117020 0.308555
-0.057436 0.233026
-0.039777 0.327594
0.000000 0.240000
0.039777 0.327594
0.057436 0.233026
0.117020 0.308555
0.111534 0.212509
0.187461 0.271585
0.159149 0.179643
0.247009 0.218830
0.197516 0.136336
0.292200 0.153359
0.224404 0.085105
0.320411 0.078974
0.238250 0.028929
0.330000 0.000000
0.238250 -0.028929
0.320411 -0.078974
0.224404 -0.085105
0.292200 -0.153359
0.197516 -0.136336
0.247009 -0.218830
0.159149 -0.179643
0.187461 -0.271585
0.111534 -0.212509
0.117020 -0.308555
0.057436 -0.233026
0.039777 -0.327594
0.000000 -0.240000
-0.039777 -0.327594
-0.057436 -0.233026
-0.117020 -0.308555
-0.111534 -0.212509
-0.187461 -0.271585
-0.159149 -0.179643
-0.247009 -0.218830
-0.197516 -0.136336
-0.292200 -0.153359
-0.224404 -0.085105
0.080000 -1.036726
-0.000000 -1.036726
0.080000 -1.116474
-0.000000 -1.116474
0.080000 -1.196222
-0.000000 -1.196222
0.080000 -1.275970
-0.000000 -1.275970
0.080000 -1.355718
-0.000000 -1.355718
0.080000 -1.435466
-0.000000 -1.435466
0.080000 -1.515214
-0.000000 -1.515214
0.080000 -1.594962
0.000000 -1.594962
0.080000 -1.674711
0.000000 -1.674711
0.080000 -1.754459
0.000000 -1.754459
0.080000 -1.834207
0.000000 -1.834207
0.080000 -1.913955
0.000000 -1.913955
0.080000 -1.993703
0.000000 -1.993703
0.080000 -2.073451
0.000000 -2.073451
0.233026 -0.742564
-0.233026 -0.742564
0.240000 -0.800000
-0.240000 -0.800000
0.233026 -0.857436
-0.233026 -0.857436
0.212509 -0.911534
-0.212509 -0.911534
0.179643 -0.959149
-0.179643 -0.959149
0.136336 -0.997516
-0.136336 -0.997516
0.085105 -1.024404
-0.085105 -1.024404
0.028929 -1.038250
-0.028929 -1.038250
-0.212509 -0.688466
0.212509 -0.688466
-0.179643 -0.640851
0.179643 -0.640851
-0.136336 -0.602484
0.136336 -0.602484
-0.085105 -0.575596
0.085105 -0.575596
-0.028929 -0.561750
0.028929 -0.561750
0.400000 -0.753982
0.080000 -0.753982
0.400000 -0.811981
0.080000 -0.811981
0.400000 -0.869980
0.080000 -0.869980
0.400000 -0.927978
0.080000 -0.927978
0.400000 -0.985977
0.080000 -0.985977
0.400000 -1.043975
0.080000 -1.043975
0.400000 -1.101974
0.080000 -1.101974
0.400000 -1.159973
0.080000 -1.159973
0.400000 -1.217971
0.080000 -1.217971
0.400000 -1.275970
0.080000 -1.275970
0.400000 -1.333969
0.080000 -1.333969
0.400000 -1.391967
0.080000 -1.391967
0.400000 -1.449966
0.080000 -1.449966
0.400000 -1.507964
0.080000 -1.507964
0.233026 0.057436
-0.233026 0.057436
0.240000 -0.000000
-0.240000 0.000000
0.233026 -0.057436
-0.233026 -0.057436
0.212509 -0.111534
-0.212509 -0.111534
0.179643 -0.159149
-0.179643 -0.159149
0.136336 -0.197516
-0.136336 -0.197516
0.085105 -0.224404
-0.085105 -0.224404
0.028929 -0.238250
-0.028929 -0.238250
-0.212509 0.111534
0.212509 0.111534
-0.179643 0.159149
0.179643 0.159149
-0.136336 0.197516
0.136336 0.197516
-0.085105 0.224404
0.085105 0.224404
-0.028929 0.238250
0.028929 0.238250
0.400000 -0.753982
0.080000 -0.753982
0.400000 -0.811981
0.080000 -0.811981
0.400000 -0.869980
0.080000 -0.869980
0.400000 -0.927978
0.080000 -0.927978
0.400000 -0.985977
0.080000 -0.985977
0.400000 -1.043975
0.080000 -1.043975
0.400000 -1.101974
0.080000 -1.101974
0.400000 -1.159973
0.080000 -1.159973
0.400000 -1.217971
0.080000 -1.217971
0.400000 -1.275970
0.080000 -1.275970
0.400000 -1.333969
0.080000 -1.333969
0.400000 -1.391967
0.080000 -1.391967
0.400000 -1.449966
0.080000 -1.449966
0.400000 -1.507964
0.080000 -1.507964
</float_array>
          <technique_common>
            <accessor source="#Mirror3-UV0-array" count="5646" stride="2">
              <param name="S" type="float"/>
              <param name="T" type="float"/>
            </accessor>
          </technique_common>
        </source>
        <vertices id="Mirror3-VERTEX">
          <input semantic="POSITION" source="#Mirror3-POSITION"/>
        </vertices>
        <triangles count="5340" material="MaterialFBXASC032FBXASC03526">
          <input semantic="VERTEX" offset="0" source="#Mirror3-VERTEX"/>
          <input semantic="NORMAL" offset="1" source="#Mirror3-Normal0"/>
          <input semantic="TEXCOORD" offset="2" set="0" source="#Mirror3-UV0"/>
          <p> 27 0 0 0 1 1 26 2 2 26 3 2 0 4 1 1 5 3 26 6 2 1 7 3 25 8 4 25 9 4 1 10 3 2 11 5 25 12 4 2 13 5 24 14 6 24 15 6 2 16 5 3 17 7 24 18 6 3 19 7 23 20 8 23 21 8 3 22 7 4 23 9 23 24 8 4 25 9 22 26 10 22 27 10 4 28 9 5 29 11 22 30 10 5 31 11 21 32 12 21 33 12 5 34 11 6 35 13 21 36 12 6 37 13 20 38 14 20 39 14 6 40 13 7 41 15 20 42 14 7 43 15 19 44 16 19 45 16 7 46 15 8 47 17 19 48 16 8 49 17 18 50 18 18 51 18 8 52 17 9 53 19 18 54 18 9 55 19 17 56 20 17 57 20 9 58 19 10 59 21 17 60 20 10 61 21 16 62 22 16 63 22 10 64 21 11 65 23 16 66 22 11 67 23 15 68 24 15 69 24 11 70 23 12 71 25 15 72 24 12 73 25 14 74 26 14 75 26 12 76 25 13 77 27 55 78 28 28 79 29 54 80 30 54 81 30 28 82 29 29 83 31 54 84 30 29 85 31 53 86 32 53 87 32 29 88 31 30 89 33 53 90 32 30 91 33 52 92 34 52 93 34 30 94 33 31 95 35 52 96 34 31 97 35 51 98 36 51 99 36 31 100 35 32 101 37 51 102 36 32 103 37 50 104 38 50 105 38 32 106 37 33 107 39 50 108 38 33 109 39 49 110 40 49 111 40 33 112 39 34 113 41 49 114 40 34 115 41 48 116 42 48 117 42 34 118 41 35 119 43 48 120 42 35 121 43 47 122 44 47 123 44 35 124 43 36 125 45 47 126 44 36 127 45 46 128 46 46 129 46 36 130 45 37 131 47 46 132 46 37 133 47 45 134 48 45 135 48 37 136 47 38 137 49 45 138 48 38 139 49 44 140 50 44 141 50 38 142 49 39 143 51 44 144 50 39 145 51 43 146 52 43 147 52 39 148 51 40 149 53 43 150 52 40 151 53 42 152 54 42 153 54 40 154 53 41 155 55 83 156 56 56 157 57 82 158 58 82 159 58 56 160 57 57 161 59 82 162 58 57 163 59 81 164 60 81 165 60 57 166 59 58 167 61 81 168 60 58 169 61 80 170 62 80 171 62 58 172 61 59 173 63 80 174 62 59 175 63 79 176 64 79 177 64 59 178 63 60 179 65 79 180 64 60 181 65 78 182 66 78 183 66 60 184 65 61 185 67 78 186 66 61 187 67 77 188 68 77 189 68 61 190 67 62 191 69 77 192 68 62 193 69 76 194 70 76 195 70 62 196 69 63 197 71 76 198 70 63 199 71 75 200 72 75 201 72 63 202 71 64 203 73 75 204 72 64 205 73 74 206 74 74 207 74 64 208 73 65 209 75 74 210 74 65 211 75 73 212 76 73 213 76 65 214 75 66 215 77 73 216 76 66 217 77 72 218 78 72 219 78 66 220 77 67 221 79 72 222 78 67 223 79 71 224 80 71 225 80 67 226 79 68 227 81 71 228 80 68 229 81 70 230 82 70 231 82 68 232 81 69 233 83 111 234 84 84 235 85 110 236 86 110 237 86 84 238 85 85 239 87 110 240 86 85 241 87 109 242 88 109 243 88 85 244 87 86 245 89 109 246 88 86 247 89 108 248 90 108 249 90 86 250 89 87 251 91 108 252 90 87 253 91 107 254 92 107 255 92 87 256 91 88 257 93 107 258 92 88 259 93 106 260 94 106 261 94 88 262 93 89 263 95 106 264 94 89 265 95 105 266 96 105 267 96 89 268 95 90 269 97 105 270 96 90 271 97 104 272 98 104 273 98 90 274 97 91 275 99 104 276 98 91 277 99 103 278 100 103 279 100 91 280 99 92 281 101 103 282 100 92 283 101 102 284 102 102 285 102 92 286 101 93 287 103 102 288 102 93 289 103 101 290 104 101 291 104 93 292 103 94 293 105 101 294 104 94 295 105 100 296 106 100 297 106 94 298 105 95 299 107 100 300 106 95 301 107 99 302 108 99 303 108 95 304 107 96 305 109 99 306 108 96 307 109 98 308 110 98 309 110 96 310 109 97 311 111 139 312 112 112 313 113 138 314 114 138 315 114 112 316 113 113 317 115 138 318 114 113 319 115 137 320 116 137 321 116 113 322 115 114 323 117 137 324 116 114 325 117 136 326 118 136 327 118 114 328 117 115 329 119 136 330 118 115 331 119 135 332 120 135 333 120 115 334 119 116 335 121 135 336 120 116 337 121 134 338 122 134 339 122 116 340 121 117 341 123 134 342 122 117 343 123 133 344 124 133 345 124 117 346 123 118 347 125 133 348 124 118 349 125 132 350 126 132 351 126 118 352 125 119 353 127 132 354 126 119 355 127 131 356 128 131 357 128 119 358 127 120 359 129 131 360 128 120 361 129 130 362 130 130 363 130 120 364 129 121 365 131 130 366 130 121 367 131 129 368 132 129 369 132 121 370 131 122 371 133 129 372 132 122 373 133 128 374 134 128 375 134 122 376 133 123 377 135 128 378 134 123 379 135 127 380 136 127 381 136 123 382 135 124 383 137 127 384 136 124 385 137 126 386 138 126 387 138 124 388 137 125 389 139 167 390 140 140 391 141 166 392 142 166 393 142 140 394 141 141 395 143 166 396 142 141 397 143 165 398 144 165 399 144 141 400 143 142 401 145 165 402 144 142 403 145 164 404 146 164 405 146 142 406 145 143 407 147 164 408 146 143 409 147 163 410 148 163 411 148 143 412 147 144 413 149 163 414 148 144 415 149 162 416 150 162 417 150 144 418 149 145 419 151 162 420 150 145 421 151 161 422 152 161 423 152 145 424 151 146 425 153 161 426 152 146 427 153 160 428 154 160 429 154 146 430 153 147 431 155 160 432 154 147 433 155 159 434 156 159 435 156 147 436 155 148 437 157 159 438 156 148 439 157 158 440 158 158 441 158 148 442 157 149 443 159 158 444 158 149 445 159 157 446 160 157 447 160 149 448 159 150 449 161 157 450 160 150 451 161 156 452 162 156 453 162 150 454 161 151 455 163 156 456 162 151 457 163 155 458 164 155 459 164 151 460 163 152 461 165 155 462 164 152 463 165 154 464 166 154 465 166 152 466 165 153 467 167 195 468 168 168 469 169 194 470 170 194 471 170 168 472 169 169 473 171 194 474 170 169 475 171 193 476 172 193 477 172 169 478 171 170 479 173 193 480 172 170 481 173 192 482 174 192 483 174 170 484 173 171 485 175 192 486 174 171 487 175 191 488 176 191 489 176 171 490 175 172 491 177 191 492 176 172 493 177 190 494 178 190 495 178 172 496 177 173 497 179 190 498 178 173 499 179 189 500 180 189 501 180 173 502 179 174 503 181 189 504 180 174 505 181 188 506 182 188 507 182 174 508 181 175 509 183 188 510 182 175 511 183 187 512 184 187 513 184 175 514 183 176 515 185 187 516 184 176 517 185 186 518 186 186 519 186 176 520 185 177 521 187 186 522 186 177 523 187 185 524 188 185 525 188 177 526 187 178 527 189 185 528 188 178 529 189 184 530 190 184 531 190 178 532 189 179 533 191 184 534 190 179 535 191 183 536 192 183 537 192 179 538 191 180 539 193 183 540 192 180 541 193 182 542 194 182 543 194 180 544 193 181 545 195 223 546 196 196 547 197 222 548 198 222 549 198 196 550 197 197 551 199 222 552 198 197 553 199 221 554 200 221 555 200 197 556 199 198 557 201 221 558 200 198 559 201 220 560 202 220 561 202 198 562 201 199 563 203 220 564 202 199 565 203 219 566 204 219 567 204 199 568 203 200 569 205 219 570 204 200 571 205 218 572 206 218 573 206 200 574 205 201 575 207 218 576 206 201 577 207 217 578 208 217 579 208 201 580 207 202 581 209 217 582 208 202 583 209 216 584 210 216 585 210 202 586 209 203 587 211 216 588 210 203 589 211 215 590 212 215 591 212 203 592 211 204 593 213 215 594 212 204 595 213 214 596 214 214 597 214 204 598 213 205 599 215 214 600 214 205 601 215 213 602 216 213 603 216 205 604 215 206 605 217 213 606 216 206 607 217 212 608 218 212 609 218 206 610 217 207 611 219 212 612 218 207 613 219 211 614 220 211 615 220 207 616 219 208 617 221 211 618 220 208 619 221 210 620 222 210 621 222 208 622 221 209 623 223 251 624 224 224 625 225 250 626 226 250 627 226 224 628 225 225 629 227 250 630 226 225 631 227 249 632 228 249 633 228 225 634 227 226 635 229 249 636 228 226 637 229 248 638 230 248 639 230 226 640 229 227 641 231 248 642 230 227 643 231 247 644 232 247 645 232 227 646 231 228 647 233 247 648 232 228 649 233 246 650 234 246 651 234 228 652 233 229 653 235 246 654 234 229 655 235 245 656 236 245 657 236 229 658 235 230 659 237 245 660 236 230 661 237 244 662 238 244 663 238 230 664 237 231 665 239 244 666 238 231 667 239 243 668 240 243 669 240 231 670 239 232 671 241 243 672 240 232 673 241 242 674 242 242 675 242 232 676 241 233 677 243 242 678 242 233 679 243 241 680 244 241 681 244 233 682 243 234 683 245 241 684 244 234 685 245 240 686 246 240 687 246 234 688 245 235 689 247 240 690 246 235 691 247 239 692 248 239 693 248 235 694 247 236 695 249 239 696 248 236 697 249 238 698 250 238 699 250 236 700 249 237 701 251 279 702 252 252 703 253 278 704 254 278 705 254 252 706 253 253 707 255 278 708 254 253 709 255 277 710 256 277 711 256 253 712 255 254 713 257 277 714 256 254 715 257 276 716 258 276 717 258 254 718 257 255 719 259 276 720 258 255 721 259 275 722 260 275 723 260 255 724 259 256 725 261 275 726 260 256 727 261 274 728 262 274 729 262 256 730 261 257 731 263 274 732 262 257 733 263 273 734 264 273 735 264 257 736 263 258 737 265 273 738 264 258 739 265 272 740 266 272 741 266 258 742 265 259 743 267 272 744 266 259 745 267 271 746 268 271 747 268 259 748 267 260 749 269 271 750 268 260 751 269 270 752 270 270 753 270 260 754 269 261 755 271 270 756 270 261 757 271 269 758 272 269 759 272 261 760 271 262 761 273 269 762 272 262 763 273 268 764 274 268 765 274 262 766 273 263 767 275 268 768 274 263 769 275 267 770 276 267 771 276 263 772 275 264 773 277 267 774 276 264 775 277 266 776 278 266 777 278 264 778 277 265 779 279 307 780 280 280 781 281 306 782 282 306 783 282 280 784 281 281 785 283 306 786 282 281 787 283 305 788 284 305 789 284 281 790 283 282 791 285 305 792 284 282 793 285 304 794 286 304 795 286 282 796 285 283 797 287 304 798 286 283 799 287 303 800 288 303 801 288 283 802 287 284 803 289 303 804 288 284 805 289 302 806 290 302 807 290 284 808 289 285 809 291 302 810 290 285 811 291 301 812 292 301 813 292 285 814 291 286 815 293 301 816 292 286 817 293 300 818 294 300 819 294 286 820 293 287 821 295 300 822 294 287 823 295 299 824 296 299 825 296 287 826 295 288 827 297 299 828 296 288 829 297 298 830 298 298 831 298 288 832 297 289 833 299 298 834 298 289 835 299 297 836 300 297 837 300 289 838 299 290 839 301 297 840 300 290 841 301 296 842 302 296 843 302 290 844 301 291 845 303 296 846 302 291 847 303 295 848 304 295 849 304 291 850 303 292 851 305 295 852 304 292 853 305 294 854 306 294 855 306 292 856 305 293 857 307 335 858 308 308 859 309 334 860 310 334 861 310 308 862 309 309 863 311 334 864 310 309 865 311 333 866 312 333 867 312 309 868 311 310 869 313 333 870 312 310 871 313 332 872 314 332 873 314 310 874 313 311 875 315 332 876 314 311 877 315 331 878 316 331 879 316 311 880 315 312 881 317 331 882 316 312 883 317 330 884 318 330 885 318 312 886 317 313 887 319 330 888 318 313 889 319 329 890 320 329 891 320 313 892 319 314 893 321 329 894 320 314 895 321 328 896 322 328 897 322 314 898 321 315 899 323 328 900 322 315 901 323 327 902 324 327 903 324 315 904 323 316 905 325 327 906 324 316 907 325 326 908 326 326 909 326 316 910 325 317 911 327 326 912 326 317 913 327 325 914 328 325 915 328 317 916 327 318 917 329 325 918 328 318 919 329 324 920 330 324 921 330 318 922 329 319 923 331 324 924 330 319 925 331 323 926 332 323 927 332 319 928 331 320 929 333 323 930 332 320 931 333 322 932 334 322 933 334 320 934 333 321 935 335 363 936 336 336 937 337 362 938 338 362 939 338 336 940 337 337 941 339 362 942 338 337 943 339 361 944 340 361 945 340 337 946 339 338 947 341 361 948 340 338 949 341 360 950 342 360 951 342 338 952 341 339 953 343 360 954 342 339 955 343 359 956 344 359 957 344 339 958 343 340 959 345 359 960 344 340 961 345 358 962 346 358 963 346 340 964 345 341 965 347 358 966 346 341 967 347 357 968 348 357 969 348 341 970 347 342 971 349 357 972 348 342 973 349 356 974 350 356 975 350 342 976 349 343 977 351 356 978 350 343 979 351 355 980 352 355 981 352 343 982 351 344 983 353 355 984 352 344 985 353 354 986 354 354 987 354 344 988 353 345 989 355 354 990 354 345 991 355 353 992 356 353 993 356 345 994 355 346 995 357 353 996 356 346 997 357 352 998 358 352 999 358 346 1000 357 347 1001 359 352 1002 358 347 1003 359 351 1004 360 351 1005 360 347 1006 359 348 1007 361 351 1008 360 348 1009 361 350 1010 362 350 1011 362 348 1012 361 349 1013 363 391 1014 364 364 1015 365 390 1016 366 390 1017 366 364 1018 365 365 1019 367 390 1020 366 365 1021 367 389 1022 368 389 1023 368 365 1024 367 366 1025 369 389 1026 368 366 1027 369 388 1028 370 388 1029 370 366 1030 369 367 1031 371 388 1032 370 367 1033 371 387 1034 372 387 1035 372 367 1036 371 368 1037 373 387 1038 372 368 1039 373 386 1040 374 386 1041 374 368 1042 373 369 1043 375 386 1044 374 369 1045 375 385 1046 376 385 1047 376 369 1048 375 370 1049 377 385 1050 376 370 1051 377 384 1052 378 384 1053 378 370 1054 377 371 1055 379 384 1056 378 371 1057 379 383 1058 380 383 1059 380 371 1060 379 372 1061 381 383 1062 380 372 1063 381 382 1064 382 382 1065 382 372 1066 381 373 1067 383 382 1068 382 373 1069 383 381 1070 384 381 1071 384 373 1072 383 374 1073 385 381 1074 384 374 1075 385 380 1076 386 380 1077 386 374 1078 385 375 1079 387 380 1080 386 375 1081 387 379 1082 388 379 1083 388 375 1084 387 376 1085 389 379 1086 388 376 1087 389 378 1088 390 378 1089 390 376 1090 389 377 1091 391 419 1092 392 392 1093 393 418 1094 394 418 1095 394 392 1096 393 393 1097 395 418 1098 394 393 1099 395 417 1100 396 417 1101 396 393 1102 395 394 1103 397 417 1104 396 394 1105 397 416 1106 398 416 1107 398 394 1108 397 395 1109 399 416 1110 398 395 1111 399 415 1112 400 415 1113 400 395 1114 399 396 1115 401 415 1116 400 396 1117 401 414 1118 402 414 1119 402 396 1120 401 397 1121 403 414 1122 402 397 1123 403 413 1124 404 413 1125 404 397 1126 403 398 1127 405 413 1128 404 398 1129 405 412 1130 406 412 1131 406 398 1132 405 399 1133 407 412 1134 406 399 1135 407 411 1136 408 411 1137 408 399 1138 407 400 1139 409 411 1140 408 400 1141 409 410 1142 410 410 1143 410 400 1144 409 401 1145 411 410 1146 410 401 1147 411 409 1148 412 409 1149 412 401 1150 411 402 1151 413 409 1152 412 402 1153 413 408 1154 414 408 1155 414 402 1156 413 403 1157 415 408 1158 414 403 1159 415 407 1160 416 407 1161 416 403 1162 415 404 1163 417 407 1164 416 404 1165 417 406 1166 418 406 1167 418 404 1168 417 405 1169 419 447 1170 420 420 1171 421 446 1172 422 446 1173 422 420 1174 421 421 1175 423 446 1176 422 421 1177 423 445 1178 424 445 1179 424 421 1180 423 422 1181 425 445 1182 424 422 1183 425 444 1184 426 444 1185 426 422 1186 425 423 1187 427 444 1188 426 423 1189 427 443 1190 428 443 1191 428 423 1192 427 424 1193 429 443 1194 428 424 1195 429 442 1196 430 442 1197 430 424 1198 429 425 1199 431 442 1200 430 425 1201 431 441 1202 432 441 1203 432 425 1204 431 426 1205 433 441 1206 432 426 1207 433 440 1208 434 440 1209 434 426 1210 433 427 1211 435 440 1212 434 427 1213 435 439 1214 436 439 1215 436 427 1216 435 428 1217 437 439 1218 436 428 1219 437 438 1220 438 438 1221 438 428 1222 437 429 1223 439 438 1224 438 429 1225 439 437 1226 440 437 1227 440 429 1228 439 430 1229 441 437 1230 440 430 1231 441 436 1232 442 436 1233 442 430 1234 441 431 1235 443 436 1236 442 431 1237 443 435 1238 444 435 1239 444 431 1240 443 432 1241 445 435 1242 444 432 1243 445 434 1244 446 434 1245 446 432 1246 445 433 1247 447 475 1248 448 448 1249 449 474 1250 450 474 1251 450 448 1252 449 449 1253 451 474 1254 450 449 1255 451 473 1256 452 473 1257 452 449 1258 451 450 1259 453 473 1260 452 450 1261 453 472 1262 454 472 1263 454 450 1264 453 451 1265 455 472 1266 454 451 1267 455 471 1268 456 471 1269 456 451 1270 455 452 1271 457 471 1272 456 452 1273 457 470 1274 458 470 1275 458 452 1276 457 453 1277 459 470 1278 458 453 1279 459 469 1280 460 469 1281 460 453 1282 459 454 1283 461 469 1284 460 454 1285 461 468 1286 462 468 1287 462 454 1288 461 455 1289 463 468 1290 462 455 1291 463 467 1292 464 467 1293 464 455 1294 463 456 1295 465 467 1296 464 456 1297 465 466 1298 466 466 1299 466 456 1300 465 457 1301 467 466 1302 466 457 1303 467 465 1304 468 465 1305 468 457 1306 467 458 1307 469 465 1308 468 458 1309 469 464 1310 470 464 1311 470 458 1312 469 459 1313 471 464 1314 470 459 1315 471 463 1316 472 463 1317 472 459 1318 471 460 1319 473 463 1320 472 460 1321 473 462 1322 474 462 1323 474 460 1324 473 461 1325 475 503 1326 476 476 1327 477 502 1328 478 502 1329 478 476 1330 477 477 1331 479 502 1332 478 477 1333 479 501 1334 480 501 1335 480 477 1336 479 478 1337 481 501 1338 480 478 1339 481 500 1340 482 500 1341 482 478 1342 481 479 1343 483 500 1344 482 479 1345 483 499 1346 484 499 1347 484 479 1348 483 480 1349 485 499 1350 484 480 1351 485 498 1352 486 498 1353 486 480 1354 485 481 1355 487 498 1356 486 481 1357 487 497 1358 488 497 1359 488 481 1360 487 482 1361 489 497 1362 488 482 1363 489 496 1364 490 496 1365 490 482 1366 489 483 1367 491 496 1368 490 483 1369 491 495 1370 492 495 1371 492 483 1372 491 484 1373 493 495 1374 492 484 1375 493 494 1376 494 494 1377 494 484 1378 493 485 1379 495 494 1380 494 485 1381 495 493 1382 496 493 1383 496 485 1384 495 486 1385 497 493 1386 496 486 1387 497 492 1388 498 492 1389 498 486 1390 497 487 1391 499 492 1392 498 487 1393 499 491 1394 500 491 1395 500 487 1396 499 488 1397 501 491 1398 500 488 1399 501 490 1400 502 490 1401 502 488 1402 501 489 1403 503 531 1404 504 504 1405 505 530 1406 506 530 1407 506 504 1408 505 505 1409 507 530 1410 506 505 1411 507 529 1412 508 529 1413 508 505 1414 507 506 1415 509 529 1416 508 506 1417 509 528 1418 510 528 1419 510 506 1420 509 507 1421 511 528 1422 510 507 1423 511 527 1424 512 527 1425 512 507 1426 511 508 1427 513 527 1428 512 508 1429 513 526 1430 514 526 1431 514 508 1432 513 509 1433 515 526 1434 514 509 1435 515 525 1436 516 525 1437 516 509 1438 515 510 1439 517 525 1440 516 510 1441 517 524 1442 518 524 1443 518 510 1444 517 511 1445 519 524 1446 518 511 1447 519 523 1448 520 523 1449 520 511 1450 519 512 1451 521 523 1452 520 512 1453 521 522 1454 522 522 1455 522 512 1456 521 513 1457 523 522 1458 522 513 1459 523 521 1460 524 521 1461 524 513 1462 523 514 1463 525 521 1464 524 514 1465 525 520 1466 526 520 1467 526 514 1468 525 515 1469 527 520 1470 526 515 1471 527 519 1472 528 519 1473 528 515 1474 527 516 1475 529 519 1476 528 516 1477 529 518 1478 530 518 1479 530 516 1480 529 517 1481 531 559 1482 532 532 1483 533 558 1484 534 558 1485 534 532 1486 533 533 1487 535 558 1488 534 533 1489 535 557 1490 536 557 1491 536 533 1492 535 534 1493 537 557 1494 536 534 1495 537 556 1496 538 556 1497 538 534 1498 537 535 1499 539 556 1500 538 535 1501 539 555 1502 540 555 1503 540 535 1504 539 536 1505 541 555 1506 540 536 1507 541 554 1508 542 554 1509 542 536 1510 541 537 1511 543 554 1512 542 537 1513 543 553 1514 544 553 1515 544 537 1516 543 538 1517 545 553 1518 544 538 1519 545 552 1520 546 552 1521 546 538 1522 545 539 1523 547 552 1524 546 539 1525 547 551 1526 548 551 1527 548 539 1528 547 540 1529 549 551 1530 548 540 1531 549 550 1532 550 550 1533 550 540 1534 549 541 1535 551 550 1536 550 541 1537 551 549 1538 552 549 1539 552 541 1540 551 542 1541 553 549 1542 552 542 1543 553 548 1544 554 548 1545 554 542 1546 553 543 1547 555 548 1548 554 543 1549 555 547 1550 556 547 1551 556 543 1552 555 544 1553 557 547 1554 556 544 1555 557 546 1556 558 546 1557 558 544 1558 557 545 1559 559 587 1560 560 560 1561 561 586 1562 562 586 1563 562 560 1564 561 561 1565 563 586 1566 562 561 1567 563 585 1568 564 585 1569 564 561 1570 563 562 1571 565 585 1572 564 562 1573 565 584 1574 566 584 1575 566 562 1576 565 563 1577 567 584 1578 566 563 1579 567 583 1580 568 583 1581 568 563 1582 567 564 1583 569 583 1584 568 564 1585 569 582 1586 570 582 1587 570 564 1588 569 565 1589 571 582 1590 570 565 1591 571 581 1592 572 581 1593 572 565 1594 571 566 1595 573 581 1596 572 566 1597 573 580 1598 574 580 1599 574 566 1600 573 567 1601 575 580 1602 574 567 1603 575 579 1604 576 579 1605 576 567 1606 575 568 1607 577 579 1608 576 568 1609 577 578 1610 578 578 1611 578 568 1612 577 569 1613 579 578 1614 578 569 1615 579 577 1616 580 577 1617 580 569 1618 579 570 1619 581 577 1620 580 570 1621 581 576 1622 582 576 1623 582 570 1624 581 571 1625 583 576 1626 582 571 1627 583 575 1628 584 575 1629 584 571 1630 583 572 1631 585 575 1632 584 572 1633 585 574 1634 586 574 1635 586 572 1636 585 573 1637 587 603 1638 588 588 1639 589 602 1640 590 602 1641 590 588 1642 589 589 1643 591 602 1644 590 589 1645 591 601 1646 592 601 1647 592 589 1648 591 590 1649 593 601 1650 592 590 1651 593 600 1652 594 600 1653 594 590 1654 593 591 1655 595 600 1656 594 591 1657 595 599 1658 596 599 1659 596 591 1660 595 592 1661 597 599 1662 596 592 1663 597 598 1664 598 598 1665 598 592 1666 597 593 1667 599 598 1668 598 593 1669 599 597 1670 600 597 1671 600 593 1672 599 594 1673 601 597 1674 600 594 1675 601 596 1676 602 596 1677 602 594 1678 601 595 1679 603 631 1680 604 604 1681 605 630 1682 606 630 1683 606 604 1684 605 605 1685 607 630 1686 606 605 1687 607 629 1688 608 629 1689 608 605 1690 607 606 1691 609 629 1692 608 606 1693 609 628 1694 610 628 1695 610 606 1696 609 607 1697 611 628 1698 610 607 1699 611 627 1700 612 627 1701 612 607 1702 611 608 1703 613 627 1704 612 608 1705 613 626 1706 614 626 1707 614 608 1708 613 609 1709 615 626 1710 614 609 1711 615 625 1712 616 625 1713 616 609 1714 615 610 1715 617 625 1716 616 610 1717 617 624 1718 618 624 1719 618 610 1720 617 611 1721 619 624 1722 618 611 1723 619 623 1724 620 623 1725 620 611 1726 619 612 1727 621 623 1728 620 612 1729 621 622 1730 622 622 1731 622 612 1732 621 613 1733 623 622 1734 622 613 1735 623 621 1736 624 621 1737 624 613 1738 623 614 1739 625 621 1740 624 614 1741 625 620 1742 626 620 1743 626 614 1744 625 615 1745 627 620 1746 626 615 1747 627 619 1748 628 619 1749 628 615 1750 627 616 1751 629 619 1752 628 616 1753 629 618 1754 630 618 1755 630 616 1756 629 617 1757 631 659 1758 632 632 1759 633 658 1760 634 658 1761 634 632 1762 633 633 1763 635 658 1764 634 633 1765 635 657 1766 636 657 1767 636 633 1768 635 634 1769 637 657 1770 636 634 1771 637 656 1772 638 656 1773 638 634 1774 637 635 1775 639 656 1776 638 635 1777 639 655 1778 640 655 1779 640 635 1780 639 636 1781 641 655 1782 640 636 1783 641 654 1784 642 654 1785 642 636 1786 641 637 1787 643 654 1788 642 637 1789 643 653 1790 644 653 1791 644 637 1792 643 638 1793 645 653 1794 644 638 1795 645 652 1796 646 652 1797 646 638 1798 645 639 1799 647 652 1800 646 639 1801 647 651 1802 648 651 1803 648 639 1804 647 640 1805 649 651 1806 648 640 1807 649 650 1808 650 650 1809 650 640 1810 649 641 1811 651 650 1812 650 641 1813 651 649 1814 652 649 1815 652 641 1816 651 642 1817 653 649 1818 652 642 1819 653 648 1820 654 648 1821 654 642 1822 653 643 1823 655 648 1824 654 643 1825 655 647 1826 656 647 1827 656 643 1828 655 644 1829 657 647 1830 656 644 1831 657 646 1832 658 646 1833 658 644 1834 657 645 1835 659 687 1836 660 660 1837 661 686 1838 662 686 1839 662 660 1840 661 661 1841 663 686 1842 662 661 1843 663 685 1844 664 685 1845 664 661 1846 663 662 1847 665 685 1848 664 662 1849 665 684 1850 666 684 1851 666 662 1852 665 663 1853 667 684 1854 666 663 1855 667 683 1856 668 683 1857 668 663 1858 667 664 1859 669 683 1860 668 664 1861 669 682 1862 670 682 1863 670 664 1864 669 665 1865 671 682 1866 670 665 1867 671 681 1868 672 681 1869 672 665 1870 671 666 1871 673 681 1872 672 666 1873 673 680 1874 674 680 1875 674 666 1876 673 667 1877 675 680 1878 674 667 1879 675 679 1880 676 679 1881 676 667 1882 675 668 1883 677 679 1884 676 668 1885 677 678 1886 678 678 1887 678 668 1888 677 669 1889 679 678 1890 678 669 1891 679 677 1892 680 677 1893 680 669 1894 679 670 1895 681 677 1896 680 670 1897 681 676 1898 682 676 1899 682 670 1900 681 671 1901 683 676 1902 682 671 1903 683 675 1904 684 675 1905 684 671 1906 683 672 1907 685 675 1908 684 672 1909 685 674 1910 686 674 1911 686 672 1912 685 673 1913 687 715 1914 688 688 1915 689 714 1916 690 714 1917 690 688 1918 689 689 1919 691 714 1920 690 689 1921 691 713 1922 692 713 1923 692 689 1924 691 690 1925 693 713 1926 692 690 1927 693 712 1928 694 712 1929 694 690 1930 693 691 1931 695 712 1932 694 691 1933 695 711 1934 696 711 1935 696 691 1936 695 692 1937 697 711 1938 696 692 1939 697 710 1940 698 710 1941 698 692 1942 697 693 1943 699 710 1944 698 693 1945 699 709 1946 700 709 1947 700 693 1948 699 694 1949 701 709 1950 700 694 1951 701 708 1952 702 708 1953 702 694 1954 701 695 1955 703 708 1956 702 695 1957 703 707 1958 704 707 1959 704 695 1960 703 696 1961 705 707 1962 704 696 1963 705 706 1964 706 706 1965 706 696 1966 705 697 1967 707 706 1968 706 697 1969 707 705 1970 708 705 1971 708 697 1972 707 698 1973 709 705 1974 708 698 1975 709 704 1976 710 704 1977 710 698 1978 709 699 1979 711 704 1980 710 699 1981 711 703 1982 712 703 1983 712 699 1984 711 700 1985 713 703 1986 712 700 1987 713 702 1988 714 702 1989 714 700 1990 713 701 1991 715 743 1992 716 716 1993 717 742 1994 718 742 1995 718 716 1996 717 717 1997 719 742 1998 718 717 1999 719 741 2000 720 741 2001 720 717 2002 719 718 2003 721 741 2004 720 718 2005 721 740 2006 722 740 2007 722 718 2008 721 719 2009 723 740 2010 722 719 2011 723 739 2012 724 739 2013 724 719 2014 723 720 2015 725 739 2016 724 720 2017 725 738 2018 726 738 2019 726 720 2020 725 721 2021 727 738 2022 726 721 2023 727 737 2024 728 737 2025 728 721 2026 727 722 2027 729 737 2028 728 722 2029 729 736 2030 730 736 2031 730 722 2032 729 723 2033 731 736 2034 730 723 2035 731 735 2036 732 735 2037 732 723 2038 731 724 2039 733 735 2040 732 724 2041 733 734 2042 734 734 2043 734 724 2044 733 725 2045 735 734 2046 734 725 2047 735 733 2048 736 733 2049 736 725 2050 735 726 2051 737 733 2052 736 726 2053 737 732 2054 738 732 2055 738 726 2056 737 727 2057 739 732 2058 738 727 2059 739 731 2060 740 731 2061 740 727 2062 739 728 2063 741 731 2064 740 728 2065 741 730 2066 742 730 2067 742 728 2068 741 729 2069 743 771 2070 744 744 2071 745 770 2072 746 770 2073 746 744 2074 745 745 2075 747 770 2076 746 745 2077 747 769 2078 748 769 2079 748 745 2080 747 746 2081 749 769 2082 748 746 2083 749 768 2084 750 768 2085 750 746 2086 749 747 2087 751 768 2088 750 747 2089 751 767 2090 752 767 2091 752 747 2092 751 748 2093 753 767 2094 752 748 2095 753 766 2096 754 766 2097 754 748 2098 753 749 2099 755 766 2100 754 749 2101 755 765 2102 756 765 2103 756 749 2104 755 750 2105 757 765 2106 756 750 2107 757 764 2108 758 764 2109 758 750 2110 757 751 2111 759 764 2112 758 751 2113 759 763 2114 760 763 2115 760 751 2116 759 752 2117 761 763 2118 760 752 2119 761 762 2120 762 762 2121 762 752 2122 761 753 2123 763 762 2124 762 753 2125 763 761 2126 764 761 2127 764 753 2128 763 754 2129 765 761 2130 764 754 2131 765 760 2132 766 760 2133 766 754 2134 765 755 2135 767 760 2136 766 755 2137 767 759 2138 768 759 2139 768 755 2140 767 756 2141 769 759 2142 768 756 2143 769 758 2144 770 758 2145 770 756 2146 769 757 2147 771 799 2148 772 772 2149 773 798 2150 774 798 2151 774 772 2152 773 773 2153 775 798 2154 774 773 2155 775 797 2156 776 797 2157 776 773 2158 775 774 2159 777 797 2160 776 774 2161 777 796 2162 778 796 2163 778 774 2164 777 775 2165 779 796 2166 778 775 2167 779 795 2168 780 795 2169 780 775 2170 779 776 2171 781 795 2172 780 776 2173 781 794 2174 782 794 2175 782 776 2176 781 777 2177 783 794 2178 782 777 2179 783 793 2180 784 793 2181 784 777 2182 783 778 2183 785 793 2184 784 778 2185 785 792 2186 786 792 2187 786 778 2188 785 779 2189 787 792 2190 786 779 2191 787 791 2192 788 791 2193 788 779 2194 787 780 2195 789 791 2196 788 780 2197 789 790 2198 790 790 2199 790 780 2200 789 781 2201 791 790 2202 790 781 2203 791 789 2204 792 789 2205 792 781 2206 791 782 2207 793 789 2208 792 782 2209 793 788 2210 794 788 2211 794 782 2212 793 783 2213 795 788 2214 794 783 2215 795 787 2216 796 787 2217 796 783 2218 795 784 2219 797 787 2220 796 784 2221 797 786 2222 798 786 2223 798 784 2224 797 785 2225 799 827 2226 800 800 2227 801 826 2228 802 826 2229 802 800 2230 801 801 2231 803 826 2232 802 801 2233 803 825 2234 804 825 2235 804 801 2236 803 802 2237 805 825 2238 804 802 2239 805 824 2240 806 824 2241 806 802 2242 805 803 2243 807 824 2244 806 803 2245 807 823 2246 808 823 2247 808 803 2248 807 804 2249 809 823 2250 808 804 2251 809 822 2252 810 822 2253 810 804 2254 809 805 2255 811 822 2256 810 805 2257 811 821 2258 812 821 2259 812 805 2260 811 806 2261 813 821 2262 812 806 2263 813 820 2264 814 820 2265 814 806 2266 813 807 2267 815 820 2268 814 807 2269 815 819 2270 816 819 2271 816 807 2272 815 808 2273 817 819 2274 816 808 2275 817 818 2276 818 818 2277 818 808 2278 817 809 2279 819 818 2280 818 809 2281 819 817 2282 820 817 2283 820 809 2284 819 810 2285 821 817 2286 820 810 2287 821 816 2288 822 816 2289 822 810 2290 821 811 2291 823 816 2292 822 811 2293 823 815 2294 824 815 2295 824 811 2296 823 812 2297 825 815 2298 824 812 2299 825 814 2300 826 814 2301 826 812 2302 825 813 2303 827 855 2304 828 828 2305 829 854 2306 830 854 2307 830 828 2308 829 829 2309 831 854 2310 830 829 2311 831 853 2312 832 853 2313 832 829 2314 831 830 2315 833 853 2316 832 830 2317 833 852 2318 834 852 2319 834 830 2320 833 831 2321 835 852 2322 834 831 2323 835 851 2324 836 851 2325 836 831 2326 835 832 2327 837 851 2328 836 832 2329 837 850 2330 838 850 2331 838 832 2332 837 833 2333 839 850 2334 838 833 2335 839 849 2336 840 849 2337 840 833 2338 839 834 2339 841 849 2340 840 834 2341 841 848 2342 842 848 2343 842 834 2344 841 835 2345 843 848 2346 842 835 2347 843 847 2348 844 847 2349 844 835 2350 843 836 2351 845 847 2352 844 836 2353 845 846 2354 846 846 2355 846 836 2356 845 837 2357 847 846 2358 846 837 2359 847 845 2360 848 845 2361 848 837 2362 847 838 2363 849 845 2364 848 838 2365 849 844 2366 850 844 2367 850 838 2368 849 839 2369 851 844 2370 850 839 2371 851 843 2372 852 843 2373 852 839 2374 851 840 2375 853 843 2376 852 840 2377 853 842 2378 854 842 2379 854 840 2380 853 841 2381 855 883 2382 856 856 2383 857 882 2384 858 882 2385 858 856 2386 857 857 2387 859 882 2388 858 857 2389 859 881 2390 860 881 2391 860 857 2392 859 858 2393 861 881 2394 860 858 2395 861 880 2396 862 880 2397 862 858 2398 861 859 2399 863 880 2400 862 859 2401 863 879 2402 864 879 2403 864 859 2404 863 860 2405 865 879 2406 864 860 2407 865 878 2408 866 878 2409 866 860 2410 865 861 2411 867 878 2412 866 861 2413 867 877 2414 868 877 2415 868 861 2416 867 862 2417 869 877 2418 868 862 2419 869 876 2420 870 876 2421 870 862 2422 869 863 2423 871 876 2424 870 863 2425 871 875 2426 872 875 2427 872 863 2428 871 864 2429 873 875 2430 872 864 2431 873 874 2432 874 874 2433 874 864 2434 873 865 2435 875 874 2436 874 865 2437 875 873 2438 876 873 2439 876 865 2440 875 866 2441 877 873 2442 876 866 2443 877 872 2444 878 872 2445 878 866 2446 877 867 2447 879 872 2448 878 867 2449 879 871 2450 880 871 2451 880 867 2452 879 868 2453 881 871 2454 880 868 2455 881 870 2456 882 870 2457 882 868 2458 881 869 2459 883 911 2460 884 884 2461 885 910 2462 886 910 2463 886 884 2464 885 885 2465 887 910 2466 886 885 2467 887 909 2468 888 909 2469 888 885 2470 887 886 2471 889 909 2472 888 886 2473 889 908 2474 890 908 2475 890 886 2476 889 887 2477 891 908 2478 890 887 2479 891 907 2480 892 907 2481 892 887 2482 891 888 2483 893 907 2484 892 888 2485 893 906 2486 894 906 2487 894 888 2488 893 889 2489 895 906 2490 894 889 2491 895 905 2492 896 905 2493 896 889 2494 895 890 2495 897 905 2496 896 890 2497 897 904 2498 898 904 2499 898 890 2500 897 891 2501 899 904 2502 898 891 2503 899 903 2504 900 903 2505 900 891 2506 899 892 2507 901 903 2508 900 892 2509 901 902 2510 902 902 2511 902 892 2512 901 893 2513 903 902 2514 902 893 2515 903 901 2516 904 901 2517 904 893 2518 903 894 2519 905 901 2520 904 894 2521 905 900 2522 906 900 2523 906 894 2524 905 895 2525 907 900 2526 906 895 2527 907 899 2528 908 899 2529 908 895 2530 907 896 2531 909 899 2532 908 896 2533 909 898 2534 910 898 2535 910 896 2536 909 897 2537 911 939 2538 912 912 2539 913 938 2540 914 938 2541 914 912 2542 913 913 2543 915 938 2544 914 913 2545 915 937 2546 916 937 2547 916 913 2548 915 914 2549 917 937 2550 916 914 2551 917 936 2552 918 936 2553 918 914 2554 917 915 2555 919 936 2556 918 915 2557 919 935 2558 920 935 2559 920 915 2560 919 916 2561 921 935 2562 920 916 2563 921 934 2564 922 934 2565 922 916 2566 921 917 2567 923 934 2568 922 917 2569 923 933 2570 924 933 2571 924 917 2572 923 918 2573 925 933 2574 924 918 2575 925 932 2576 926 932 2577 926 918 2578 925 919 2579 927 932 2580 926 919 2581 927 931 2582 928 931 2583 928 919 2584 927 920 2585 929 931 2586 928 920 2587 929 930 2588 930 930 2589 930 920 2590 929 921 2591 931 930 2592 930 921 2593 931 929 2594 932 929 2595 932 921 2596 931 922 2597 933 929 2598 932 922 2599 933 928 2600 934 928 2601 934 922 2602 933 923 2603 935 928 2604 934 923 2605 935 927 2606 936 927 2607 936 923 2608 935 924 2609 937 927 2610 936 924 2611 937 926 2612 938 926 2613 938 924 2614 937 925 2615 939 967 2616 940 940 2617 941 966 2618 942 966 2619 942 940 2620 941 941 2621 943 966 2622 942 941 2623 943 965 2624 944 965 2625 944 941 2626 943 942 2627 945 965 2628 944 942 2629 945 964 2630 946 964 2631 946 942 2632 945 943 2633 947 964 2634 946 943 2635 947 963 2636 948 963 2637 948 943 2638 947 944 2639 949 963 2640 948 944 2641 949 962 2642 950 962 2643 950 944 2644 949 945 2645 951 962 2646 950 945 2647 951 961 2648 952 961 2649 952 945 2650 951 946 2651 953 961 2652 952 946 2653 953 960 2654 954 960 2655 954 946 2656 953 947 2657 955 960 2658 954 947 2659 955 959 2660 956 959 2661 956 947 2662 955 948 2663 957 959 2664 956 948 2665 957 958 2666 958 958 2667 958 948 2668 957 949 2669 959 958 2670 958 949 2671 959 957 2672 960 957 2673 960 949 2674 959 950 2675 961 957 2676 960 950 2677 961 956 2678 962 956 2679 962 950 2680 961 951 2681 963 956 2682 962 951 2683 963 955 2684 964 955 2685 964 951 2686 963 952 2687 965 955 2688 964 952 2689 965 954 2690 966 954 2691 966 952 2692 965 953 2693 967 1011 2694 968 968 2695 969 1010 2696 970 1010 2697 970 968 2698 969 969 2699 971 1010 2700 970 969 2701 971 1009 2702 972 1009 2703 972 969 2704 971 970 2705 973 1009 2706 972 970 2707 973 1008 2708 974 1008 2709 974 970 2710 973 971 2711 975 1008 2712 974 971 2713 975 1007 2714 976 1007 2715 976 971 2716 975 972 2717 977 1007 2718 976 972 2719 977 1006 2720 978 1006 2721 978 972 2722 977 973 2723 979 1006 2724 978 973 2725 979 1005 2726 980 1005 2727 980 973 2728 979 974 2729 981 1005 2730 980 974 2731 981 1004 2732 982 1004 2733 982 974 2734 981 975 2735 983 1004 2736 982 975 2737 983 1003 2738 984 1003 2739 984 975 2740 983 976 2741 985 1003 2742 984 976 2743 985 1002 2744 986 1002 2745 986 976 2746 985 977 2747 987 1002 2748 986 977 2749 987 1001 2750 988 1001 2751 988 977 2752 987 978 2753 989 1001 2754 988 978 2755 989 1000 2756 990 1000 2757 990 978 2758 989 979 2759 991 1000 2760 990 979 2761 991 999 2762 992 999 2763 992 979 2764 991 980 2765 993 999 2766 992 980 2767 993 998 2768 994 998 2769 994 980 2770 993 981 2771 995 998 2772 994 981 2773 995 997 2774 996 997 2775 996 981 2776 995 982 2777 997 997 2778 996 982 2779 997 996 2780 998 996 2781 998 982 2782 997 983 2783 999 996 2784 998 983 2785 999 995 2786 1000 995 2787 1000 983 2788 999 984 2789 1001 995 2790 1000 984 2791 1001 994 2792 1002 994 2793 1002 984 2794 1001 985 2795 1003 994 2796 1002 985 2797 1003 993 2798 1004 993 2799 1004 985 2800 1003 986 2801 1005 993 2802 1004 986 2803 1005 992 2804 1006 992 2805 1006 986 2806 1005 987 2807 1007 992 2808 1006 987 2809 1007 991 2810 1008 991 2811 1008 987 2812 1007 988 2813 1009 991 2814 1008 988 2815 1009 990 2816 1010 990 2817 1010 988 2818 1009 989 2819 1011 1039 2820 1012 1012 2821 1013 1038 2822 1014 1038 2823 1014 1012 2824 1013 1013 2825 1015 1038 2826 1014 1013 2827 1015 1037 2828 1016 1037 2829 1016 1013 2830 1015 1014 2831 1017 1037 2832 1016 1014 2833 1017 1036 2834 1018 1036 2835 1018 1014 2836 1017 1015 2837 1019 1036 2838 1018 1015 2839 1019 1035 2840 1020 1035 2841 1020 1015 2842 1019 1016 2843 1021 1035 2844 1020 1016 2845 1021 1034 2846 1022 1034 2847 1022 1016 2848 1021 1017 2849 1023 1034 2850 1022 1017 2851 1023 1033 2852 1024 1033 2853 1024 1017 2854 1023 1018 2855 1025 1033 2856 1024 1018 2857 1025 1032 2858 1026 1032 2859 1026 1018 2860 1025 1019 2861 1027 1032 2862 1026 1019 2863 1027 1031 2864 1028 1031 2865 1028 1019 2866 1027 1020 2867 1029 1031 2868 1028 1020 2869 1029 1030 2870 1030 1030 2871 1030 1020 2872 1029 1021 2873 1031 1030 2874 1030 1021 2875 1031 1029 2876 1032 1029 2877 1032 1021 2878 1031 1022 2879 1033 1029 2880 1032 1022 2881 1033 1028 2882 1034 1028 2883 1034 1022 2884 1033 1023 2885 1035 1028 2886 1034 1023 2887 1035 1027 2888 1036 1027 2889 1036 1023 2890 1035 1024 2891 1037 1027 2892 1036 1024 2893 1037 1026 2894 1038 1026 2895 1038 1024 2896 1037 1025 2897 1039 1067 2898 1040 1040 2899 1041 1066 2900 1042 1066 2901 1042 1040 2902 1041 1041 2903 1043 1066 2904 1042 1041 2905 1043 1065 2906 1044 1065 2907 1044 1041 2908 1043 1042 2909 1045 1065 2910 1044 1042 2911 1045 1064 2912 1046 1064 2913 1046 1042 2914 1045 1043 2915 1047 1064 2916 1046 1043 2917 1047 1063 2918 1048 1063 2919 1048 1043 2920 1047 1044 2921 1049 1063 2922 1048 1044 2923 1049 1062 2924 1050 1062 2925 1050 1044 2926 1049 1045 2927 1051 1062 2928 1050 1045 2929 1051 1061 2930 1052 1061 2931 1052 1045 2932 1051 1046 2933 1053 1061 2934 1052 1046 2935 1053 1060 2936 1054 1060 2937 1054 1046 2938 1053 1047 2939 1055 1060 2940 1054 1047 2941 1055 1059 2942 1056 1059 2943 1056 1047 2944 1055 1048 2945 1057 1059 2946 1056 1048 2947 1057 1058 2948 1058 1058 2949 1058 1048 2950 1057 1049 2951 1059 1058 2952 1058 1049 2953 1059 1057 2954 1060 1057 2955 1060 1049 2956 1059 1050 2957 1061 1057 2958 1060 1050 2959 1061 1056 2960 1062 1056 2961 1062 1050 2962 1061 1051 2963 1063 1056 2964 1062 1051 2965 1063 1055 2966 1064 1055 2967 1064 1051 2968 1063 1052 2969 1065 1055 2970 1064 1052 2971 1065 1054 2972 1066 1054 2973 1066 1052 2974 1065 1053 2975 1067 1095 2976 1068 1068 2977 1069 1094 2978 1070 1094 2979 1070 1068 2980 1069 1069 2981 1071 1094 2982 1070 1069 2983 1071 1093 2984 1072 1093 2985 1072 1069 2986 1071 1070 2987 1073 1093 2988 1072 1070 2989 1073 1092 2990 1074 1092 2991 1074 1070 2992 1073 1071 2993 1075 1092 2994 1074 1071 2995 1075 1091 2996 1076 1091 2997 1076 1071 2998 1075 1072 2999 1077 1091 3000 1076 1072 3001 1077 1090 3002 1078 1090 3003 1078 1072 3004 1077 1073 3005 1079 1090 3006 1078 1073 3007 1079 1089 3008 1080 1089 3009 1080 1073 3010 1079 1074 3011 1081 1089 3012 1080 1074 3013 1081 1088 3014 1082 1088 3015 1082 1074 3016 1081 1075 3017 1083 1088 3018 1082 1075 3019 1083 1087 3020 1084 1087 3021 1084 1075 3022 1083 1076 3023 1085 1087 3024 1084 1076 3025 1085 1086 3026 1086 1086 3027 1086 1076 3028 1085 1077 3029 1087 1086 3030 1086 1077 3031 1087 1085 3032 1088 1085 3033 1088 1077 3034 1087 1078 3035 1089 1085 3036 1088 1078 3037 1089 1084 3038 1090 1084 3039 1090 1078 3040 1089 1079 3041 1091 1084 3042 1090 1079 3043 1091 1083 3044 1092 1083 3045 1092 1079 3046 1091 1080 3047 1093 1083 3048 1092 1080 3049 1093 1082 3050 1094 1082 3051 1094 1080 3052 1093 1081 3053 1095 1123 3054 1096 1096 3055 1097 1122 3056 1098 1122 3057 1098 1096 3058 1097 1097 3059 1099 1122 3060 1098 1097 3061 1099 1121 3062 1100 1121 3063 1100 1097 3064 1099 1098 3065 1101 1121 3066 1100 1098 3067 1101 1120 3068 1102 1120 3069 1102 1098 3070 1101 1099 3071 1103 1120 3072 1102 1099 3073 1103 1119 3074 1104 1119 3075 1104 1099 3076 1103 1100 3077 1105 1119 3078 1104 1100 3079 1105 1118 3080 1106 1118 3081 1106 1100 3082 1105 1101 3083 1107 1118 3084 1106 1101 3085 1107 1117 3086 1108 1117 3087 1108 1101 3088 1107 1102 3089 1109 1117 3090 1108 1102 3091 1109 1116 3092 1110 1116 3093 1110 1102 3094 1109 1103 3095 1111 1116 3096 1110 1103 3097 1111 1115 3098 1112 1115 3099 1112 1103 3100 1111 1104 3101 1113 1115 3102 1112 1104 3103 1113 1114 3104 1114 1114 3105 1114 1104 3106 1113 1105 3107 1115 1114 3108 1114 1105 3109 1115 1113 3110 1116 1113 3111 1116 1105 3112 1115 1106 3113 1117 1113 3114 1116 1106 3115 1117 1112 3116 1118 1112 3117 1118 1106 3118 1117 1107 3119 1119 1112 3120 1118 1107 3121 1119 1111 3122 1120 1111 3123 1120 1107 3124 1119 1108 3125 1121 1111 3126 1120 1108 3127 1121 1110 3128 1122 1110 3129 1122 1108 3130 1121 1109 3131 1123 1151 3132 1124 1124 3133 1125 1150 3134 1126 1150 3135 1126 1124 3136 1125 1125 3137 1127 1150 3138 1126 1125 3139 1127 1149 3140 1128 1149 3141 1128 1125 3142 1127 1126 3143 1129 1149 3144 1128 1126 3145 1129 1148 3146 1130 1148 3147 1130 1126 3148 1129 1127 3149 1131 1148 3150 1130 1127 3151 1131 1147 3152 1132 1147 3153 1132 1127 3154 1131 1128 3155 1133 1147 3156 1132 1128 3157 1133 1146 3158 1134 1146 3159 1134 1128 3160 1133 1129 3161 1135 1146 3162 1134 1129 3163 1135 1145 3164 1136 1145 3165 1136 1129 3166 1135 1130 3167 1137 1145 3168 1136 1130 3169 1137 1144 3170 1138 1144 3171 1138 1130 3172 1137 1131 3173 1139 1144 3174 1138 1131 3175 1139 1143 3176 1140 1143 3177 1140 1131 3178 1139 1132 3179 1141 1143 3180 1140 1132 3181 1141 1142 3182 1142 1142 3183 1142 1132 3184 1141 1133 3185 1143 1142 3186 1142 1133 3187 1143 1141 3188 1144 1141 3189 1144 1133 3190 1143 1134 3191 1145 1141 3192 1144 1134 3193 1145 1140 3194 1146 1140 3195 1146 1134 3196 1145 1135 3197 1147 1140 3198 1146 1135 3199 1147 1139 3200 1148 1139 3201 1148 1135 3202 1147 1136 3203 1149 1139 3204 1148 1136 3205 1149 1138 3206 1150 1138 3207 1150 1136 3208 1149 1137 3209 1151 1179 3210 1152 1152 3211 1153 1178 3212 1154 1178 3213 1154 1152 3214 1153 1153 3215 1155 1178 3216 1154 1153 3217 1155 1177 3218 1156 1177 3219 1156 1153 3220 1155 1154 3221 1157 1177 3222 1156 1154 3223 1157 1176 3224 1158 1176 3225 1158 1154 3226 1157 1155 3227 1159 1176 3228 1158 1155 3229 1159 1175 3230 1160 1175 3231 1160 1155 3232 1159 1156 3233 1161 1175 3234 1160 1156 3235 1161 1174 3236 1162 1174 3237 1162 1156 3238 1161 1157 3239 1163 1174 3240 1162 1157 3241 1163 1173 3242 1164 1173 3243 1164 1157 3244 1163 1158 3245 1165 1173 3246 1164 1158 3247 1165 1172 3248 1166 1172 3249 1166 1158 3250 1165 1159 3251 1167 1172 3252 1166 1159 3253 1167 1171 3254 1168 1171 3255 1168 1159 3256 1167 1160 3257 1169 1171 3258 1168 1160 3259 1169 1170 3260 1170 1170 3261 1170 1160 3262 1169 1161 3263 1171 1170 3264 1170 1161 3265 1171 1169 3266 1172 1169 3267 1172 1161 3268 1171 1162 3269 1173 1169 3270 1172 1162 3271 1173 1168 3272 1174 1168 3273 1174 1162 3274 1173 1163 3275 1175 1168 3276 1174 1163 3277 1175 1167 3278 1176 1167 3279 1176 1163 3280 1175 1164 3281 1177 1167 3282 1176 1164 3283 1177 1166 3284 1178 1166 3285 1178 1164 3286 1177 1165 3287 1179 1180 3288 1180 1211 3289 1181 990 3290 1182 990 3291 1182 1211 3292 1181 1212 3293 1183 990 3294 1182 1212 3295 1183 991 3296 1184 991 3297 1184 1212 3298 1183 992 3299 1185 992 3300 1185 1212 3301 1183 993 3302 1186 993 3303 1186 1212 3304 1183 994 3305 1187 994 3306 1187 1212 3307 1183 995 3308 1188 995 3309 1188 1212 3310 1183 1213 3311 1189 995 3312 1188 1213 3313 1189 996 3314 1190 996 3315 1190 1213 3316 1189 997 3317 1191 997 3318 1191 1213 3319 1189 998 3320 1192 998 3321 1192 1213 3322 1189 999 3323 1193 999 3324 1193 1213 3325 1189 1215 3326 1194 999 3327 1193 1215 3328 1194 1000 3329 1195 1000 3330 1195 1215 3331 1194 1205 3332 1196 1000 3333 1195 1205 3334 1196 1001 3335 1197 1001 3336 1197 1205 3337 1196 1002 3338 1198 1002 3339 1198 1205 3340 1196 1207 3341 1199 1002 3342 1198 1207 3343 1199 1003 3344 1200 1003 3345 1200 1207 3346 1199 1004 3347 1201 1004 3348 1201 1207 3349 1199 1005 3350 1202 1005 3351 1202 1207 3352 1199 1006 3353 1203 1006 3354 1203 1207 3355 1199 1200 3356 1204 1006 3357 1203 1200 3358 1204 1007 3359 1205 1007 3360 1205 1200 3361 1204 1008 3362 1206 1008 3363 1206 1200 3364 1204 1009 3365 1207 1009 3366 1207 1200 3367 1204 1010 3368 1208 1010 3369 1208 1200 3370 1204 1011 3371 1209 1011 3372 1209 1200 3373 1204 1201 3374 1210 1011 3375 1209 1201 3376 1210 1199 3377 1211 1199 3378 1211 1201 3379 1210 1198 3380 1212 1198 3381 1212 1201 3382 1210 1197 3383 1213 1197 3384 1213 1201 3385 1210 1196 3386 1214 1196 3387 1214 1201 3388 1210 1195 3389 1215 1195 3390 1215 1201 3391 1210 1202 3392 1216 1195 3393 1215 1202 3394 1216 1194 3395 1217 1194 3396 1217 1202 3397 1216 1193 3398 1218 1193 3399 1218 1202 3400 1216 1192 3401 1219 1192 3402 1219 1202 3403 1216 1191 3404 1220 1191 3405 1220 1202 3406 1216 1204 3407 1221 1191 3408 1220 1204 3409 1221 1190 3410 1222 1190 3411 1222 1204 3412 1221 1208 3413 1223 1190 3414 1222 1208 3415 1223 1189 3416 1224 1189 3417 1224 1208 3418 1223 1188 3419 1225 1188 3420 1225 1208 3421 1223 1210 3422 1226 1188 3423 1225 1210 3424 1226 1187 3425 1227 1187 3426 1227 1210 3427 1226 1186 3428 1228 1186 3429 1228 1210 3430 1226 1185 3431 1229 1185 3432 1229 1210 3433 1226 1184 3434 1230 1184 3435 1230 1210 3436 1226 1211 3437 1181 1184 3438 1230 1211 3439 1181 1183 3440 1231 1183 3441 1231 1211 3442 1181 1182 3443 1232 1182 3444 1232 1211 3445 1181 1181 3446 1233 1181 3447 1233 1211 3448 1181 1180 3449 1180 1202 3450 1216 1203 3451 1234 1204 3452 1221 1208 3453 1223 1204 3454 1221 1215 3455 1194 1215 3456 1194 1204 3457 1221 1205 3458 1196 1205 3459 1196 1206 3460 1235 1207 3461 1199 1208 3462 1223 1209 3463 1236 1210 3464 1226 1213 3465 1189 1214 3466 1237 1215 3467 1194 1166 3468 1238 1165 3469 1239 1239 3470 1240 1239 3471 1240 1165 3472 1239 1216 3473 1241 1239 3474 1240 1216 3475 1241 1238 3476 1242 1238 3477 1242 1216 3478 1241 1217 3479 1243 1238 3480 1242 1217 3481 1243 1237 3482 1244 1237 3483 1244 1217 3484 1243 1218 3485 1245 1237 3486 1244 1218 3487 1245 1236 3488 1246 1236 3489 1246 1218 3490 1245 1219 3491 1247 1236 3492 1246 1219 3493 1247 1235 3494 1248 1235 3495 1248 1219 3496 1247 1220 3497 1249 1235 3498 1248 1220 3499 1249 1234 3500 1250 1234 3501 1250 1220 3502 1249 1221 3503 1251 1234 3504 1250 1221 3505 1251 1233 3506 1252 1233 3507 1252 1221 3508 1251 1222 3509 1253 1233 3510 1252 1222 3511 1253 1232 3512 1254 1232 3513 1254 1222 3514 1253 1223 3515 1255 1232 3516 1254 1223 3517 1255 1231 3518 1256 1231 3519 1256 1223 3520 1255 1224 3521 1257 1231 3522 1256 1224 3523 1257 1230 3524 1258 1230 3525 1258 1224 3526 1257 1225 3527 1259 1230 3528 1258 1225 3529 1259 1229 3530 1260 1229 3531 1260 1225 3532 1259 1226 3533 1261 1229 3534 1260 1226 3535 1261 1228 3536 1262 1228 3537 1262 1226 3538 1261 1227 3539 1263 1228 3540 1262 1227 3541 1263 1179 3542 1264 1179 3543 1264 1227 3544 1263 1152 3545 1265 1138 3546 1266 1137 3547 1267 1263 3548 1268 1263 3549 1268 1137 3550 1267 1240 3551 1269 1263 3552 1268 1240 3553 1269 1262 3554 1270 1262 3555 1270 1240 3556 1269 1241 3557 1271 1262 3558 1270 1241 3559 1271 1261 3560 1272 1261 3561 1272 1241 3562 1271 1242 3563 1273 1261 3564 1272 1242 3565 1273 1260 3566 1274 1260 3567 1274 1242 3568 1273 1243 3569 1275 1260 3570 1274 1243 3571 1275 1259 3572 1276 1259 3573 1276 1243 3574 1275 1244 3575 1277 1259 3576 1276 1244 3577 1277 1258 3578 1278 1258 3579 1278 1244 3580 1277 1245 3581 1279 1258 3582 1278 1245 3583 1279 1257 3584 1280 1257 3585 1280 1245 3586 1279 1246 3587 1281 1257 3588 1280 1246 3589 1281 1256 3590 1282 1256 3591 1282 1246 3592 1281 1247 3593 1283 1256 3594 1282 1247 3595 1283 1255 3596 1284 1255 3597 1284 1247 3598 1283 1248 3599 1285 1255 3600 1284 1248 3601 1285 1254 3602 1286 1254 3603 1286 1248 3604 1285 1249 3605 1287 1254 3606 1286 1249 3607 1287 1253 3608 1288 1253 3609 1288 1249 3610 1287 1250 3611 1289 1253 3612 1288 1250 3613 1289 1252 3614 1290 1252 3615 1290 1250 3616 1289 1251 3617 1291 1252 3618 1290 1251 3619 1291 1151 3620 1292 1151 3621 1292 1251 3622 1291 1124 3623 1293 1110 3624 1294 1109 3625 1295 1287 3626 1296 1287 3627 1296 1109 3628 1295 1264 3629 1297 1287 3630 1296 1264 3631 1297 1286 3632 1298 1286 3633 1298 1264 3634 1297 1265 3635 1299 1286 3636 1298 1265 3637 1299 1285 3638 1300 1285 3639 1300 1265 3640 1299 1266 3641 1301 1285 3642 1300 1266 3643 1301 1284 3644 1302 1284 3645 1302 1266 3646 1301 1267 3647 1303 1284 3648 1302 1267 3649 1303 1283 3650 1304 1283 3651 1304 1267 3652 1303 1268 3653 1305 1283 3654 1304 1268 3655 1305 1282 3656 1306 1282 3657 1306 1268 3658 1305 1269 3659 1307 1282 3660 1306 1269 3661 1307 1281 3662 1308 1281 3663 1308 1269 3664 1307 1270 3665 1309 1281 3666 1308 1270 3667 1309 1280 3668 1310 1280 3669 1310 1270 3670 1309 1271 3671 1311 1280 3672 1310 1271 3673 1311 1279 3674 1312 1279 3675 1312 1271 3676 1311 1272 3677 1313 1279 3678 1312 1272 3679 1313 1278 3680 1314 1278 3681 1314 1272 3682 1313 1273 3683 1315 1278 3684 1314 1273 3685 1315 1277 3686 1316 1277 3687 1316 1273 3688 1315 1274 3689 1317 1277 3690 1316 1274 3691 1317 1276 3692 1318 1276 3693 1318 1274 3694 1317 1275 3695 1319 1276 3696 1318 1275 3697 1319 1123 3698 1320 1123 3699 1320 1275 3700 1319 1096 3701 1321 1289 3702 1322 1290 3703 1323 1288 3704 1324 1288 3705 1324 1290 3706 1323 1291 3707 1325 1293 3708 1326 1294 3709 1327 1292 3710 1328 1292 3711 1328 1294 3712 1327 1295 3713 1329 1292 3714 1328 1295 3715 1329 1308 3716 1330 1308 3717 1330 1295 3718 1329 1296 3719 1331 1308 3720 1330 1296 3721 1331 1307 3722 1332 1307 3723 1332 1296 3724 1331 1297 3725 1333 1307 3726 1332 1297 3727 1333 1306 3728 1334 1306 3729 1334 1297 3730 1333 1298 3731 1335 1306 3732 1334 1298 3733 1335 1305 3734 1336 1305 3735 1336 1298 3736 1335 1299 3737 1337 1305 3738 1336 1299 3739 1337 1304 3740 1338 1304 3741 1338 1299 3742 1337 1300 3743 1339 1304 3744 1338 1300 3745 1339 1303 3746 1340 1303 3747 1340 1300 3748 1339 1301 3749 1341 1303 3750 1340 1301 3751 1341 1302 3752 1342 1082 3753 1343 1081 3754 1344 1332 3755 1345 1332 3756 1345 1081 3757 1344 1309 3758 1346 1332 3759 1345 1309 3760 1346 1331 3761 1347 1331 3762 1347 1309 3763 1346 1310 3764 1348 1331 3765 1347 1310 3766 1348 1330 3767 1349 1330 3768 1349 1310 3769 1348 1311 3770 1350 1330 3771 1349 1311 3772 1350 1329 3773 1351 1329 3774 1351 1311 3775 1350 1312 3776 1352 1329 3777 1351 1312 3778 1352 1328 3779 1353 1328 3780 1353 1312 3781 1352 1313 3782 1354 1328 3783 1353 1313 3784 1354 1327 3785 1355 1327 3786 1355 1313 3787 1354 1314 3788 1356 1327 3789 1355 1314 3790 1356 1326 3791 1357 1326 3792 1357 1314 3793 1356 1315 3794 1358 1326 3795 1357 1315 3796 1358 1325 3797 1359 1325 3798 1359 1315 3799 1358 1316 3800 1360 1325 3801 1359 1316 3802 1360 1324 3803 1361 1324 3804 1361 1316 3805 1360 1317 3806 1362 1324 3807 1361 1317 3808 1362 1323 3809 1363 1323 3810 1363 1317 3811 1362 1318 3812 1364 1323 3813 1363 1318 3814 1364 1322 3815 1365 1322 3816 1365 1318 3817 1364 1319 3818 1366 1322 3819 1365 1319 3820 1366 1321 3821 1367 1321 3822 1367 1319 3823 1366 1320 3824 1368 1321 3825 1367 1320 3826 1368 1095 3827 1369 1095 3828 1369 1320 3829 1368 1068 3830 1370 1054 3831 1371 1053 3832 1372 1356 3833 1373 1356 3834 1373 1053 3835 1372 1333 3836 1374 1356 3837 1373 1333 3838 1374 1355 3839 1375 1355 3840 1375 1333 3841 1374 1334 3842 1376 1355 3843 1375 1334 3844 1376 1354 3845 1377 1354 3846 1377 1334 3847 1376 1335 3848 1378 1354 3849 1377 1335 3850 1378 1353 3851 1379 1353 3852 1379 1335 3853 1378 1336 3854 1380 1353 3855 1379 1336 3856 1380 1352 3857 1381 1352 3858 1381 1336 3859 1380 1337 3860 1382 1352 3861 1381 1337 3862 1382 1351 3863 1383 1351 3864 1383 1337 3865 1382 1338 3866 1384 1351 3867 1383 1338 3868 1384 1350 3869 1385 1350 3870 1385 1338 3871 1384 1339 3872 1386 1350 3873 1385 1339 3874 1386 1349 3875 1387 1349 3876 1387 1339 3877 1386 1340 3878 1388 1349 3879 1387 1340 3880 1388 1348 3881 1389 1348 3882 1389 1340 3883 1388 1341 3884 1390 1348 3885 1389 1341 3886 1390 1347 3887 1391 1347 3888 1391 1341 3889 1390 1342 3890 1392 1347 3891 1391 1342 3892 1392 1346 3893 1393 1346 3894 1393 1342 3895 1392 1343 3896 1394 1346 3897 1393 1343 3898 1394 1345 3899 1395 1345 3900 1395 1343 3901 1394 1344 3902 1396 1345 3903 1395 1344 3904 1396 1067 3905 1397 1067 3906 1397 1344 3907 1396 1040 3908 1398 1026 3909 1399 1025 3910 1400 1380 3911 1401 1380 3912 1401 1025 3913 1400 1357 3914 1402 1380 3915 1401 1357 3916 1402 1379 3917 1403 1379 3918 1403 1357 3919 1402 1358 3920 1404 1379 3921 1403 1358 3922 1404 1378 3923 1405 1378 3924 1405 1358 3925 1404 1359 3926 1406 1378 3927 1405 1359 3928 1406 1377 3929 1407 1377 3930 1407 1359 3931 1406 1360 3932 1408 1377 3933 1407 1360 3934 1408 1376 3935 1409 1376 3936 1409 1360 3937 1408 1361 3938 1410 1376 3939 1409 1361 3940 1410 1375 3941 1411 1375 3942 1411 1361 3943 1410 1362 3944 1412 1375 3945 1411 1362 3946 1412 1374 3947 1413 1374 3948 1413 1362 3949 1412 1363 3950 1414 1374 3951 1413 1363 3952 1414 1373 3953 1415 1373 3954 1415 1363 3955 1414 1364 3956 1416 1373 3957 1415 1364 3958 1416 1372 3959 1417 1372 3960 1417 1364 3961 1416 1365 3962 1418 1372 3963 1417 1365 3964 1418 1371 3965 1419 1371 3966 1419 1365 3967 1418 1366 3968 1420 1371 3969 1419 1366 3970 1420 1370 3971 1421 1370 3972 1421 1366 3973 1420 1367 3974 1422 1370 3975 1421 1367 3976 1422 1369 3977 1423 1369 3978 1423 1367 3979 1422 1368 3980 1424 1369 3981 1423 1368 3982 1424 1039 3983 1425 1039 3984 1425 1368 3985 1424 1012 3986 1426 1382 3987 1427 1383 3988 1428 1381 3989 1429 1381 3990 1429 1383 3991 1428 1384 3992 1430 1209 3993 1431 1385 3994 1432 1210 3995 1433 1210 3996 1433 1385 3997 1432 1386 3998 1434 1210 3999 1433 1386 4000 1434 1387 4001 1435 1387 4002 1435 1388 4003 1436 1210 4004 1433 1210 4005 1433 1388 4006 1436 1389 4007 1437 1210 4008 1433 1389 4009 1437 1390 4010 1438 1390 4011 1438 1391 4012 1439 1210 4013 1433 1392 4014 1440 1393 4015 1441 1213 4016 1442 1213 4017 1442 1393 4018 1441 1394 4019 1443 1213 4020 1442 1394 4021 1443 1395 4022 1444 1395 4023 1444 1396 4024 1445 1213 4025 1442 1213 4026 1442 1396 4027 1445 1397 4028 1446 1213 4029 1442 1397 4030 1446 1398 4031 1447 1398 4032 1447 1214 4033 1448 1213 4034 1442 990 4035 1449 989 4036 1450 1180 4037 1451 1180 4038 1451 989 4039 1450 1399 4040 1452 1180 4041 1451 1399 4042 1452 1181 4043 1453 1181 4044 1453 1399 4045 1452 1400 4046 1454 1181 4047 1453 1400 4048 1454 1182 4049 1455 1182 4050 1455 1400 4051 1454 1401 4052 1456 1182 4053 1455 1401 4054 1456 1183 4055 1457 1183 4056 1457 1401 4057 1456 1402 4058 1458 1183 4059 1457 1402 4060 1458 1184 4061 1459 1184 4062 1459 1402 4063 1458 1403 4064 1460 1184 4065 1459 1403 4066 1460 1185 4067 1461 1185 4068 1461 1403 4069 1460 1404 4070 1462 1185 4071 1461 1404 4072 1462 1186 4073 1463 1186 4074 1463 1404 4075 1462 1405 4076 1464 1186 4077 1463 1405 4078 1464 1187 4079 1465 1187 4080 1465 1405 4081 1464 1406 4082 1466 1187 4083 1465 1406 4084 1466 1188 4085 1467 1188 4086 1467 1406 4087 1466 1407 4088 1468 1188 4089 1467 1407 4090 1468 1189 4091 1469 1189 4092 1469 1407 4093 1468 1408 4094 1470 1189 4095 1469 1408 4096 1470 1190 4097 1471 1190 4098 1471 1408 4099 1470 1409 4100 1472 1190 4101 1471 1409 4102 1472 1191 4103 1473 1191 4104 1473 1409 4105 1472 1410 4106 1474 1191 4107 1473 1410 4108 1474 1192 4109 1475 1192 4110 1475 1410 4111 1474 1411 4112 1476 1192 4113 1475 1411 4114 1476 1193 4115 1477 1193 4116 1477 1411 4117 1476 1412 4118 1478 1193 4119 1477 1412 4120 1478 1194 4121 1479 1194 4122 1479 1412 4123 1478 1413 4124 1480 1194 4125 1479 1413 4126 1480 1195 4127 1481 1195 4128 1481 1413 4129 1480 1414 4130 1482 1195 4131 1481 1414 4132 1482 1196 4133 1483 1196 4134 1483 1414 4135 1482 1415 4136 1484 1196 4137 1483 1415 4138 1484 1197 4139 1485 1197 4140 1485 1415 4141 1484 1416 4142 1486 1197 4143 1485 1416 4144 1486 1198 4145 1487 1198 4146 1487 1416 4147 1486 1417 4148 1488 1198 4149 1487 1417 4150 1488 1199 4151 1489 1199 4152 1489 1417 4153 1488 1418 4154 1490 1199 4155 1489 1418 4156 1490 1011 4157 1491 1011 4158 1491 1418 4159 1490 968 4160 1492 1418 4161 1493 1399 4162 1494 968 4163 1495 968 4164 1495 1399 4165 1494 989 4166 1496 968 4167 1495 989 4168 1496 969 4169 1497 969 4170 1497 989 4171 1496 988 4172 1498 969 4173 1497 988 4174 1498 970 4175 1499 970 4176 1499 988 4177 1498 987 4178 1500 970 4179 1499 987 4180 1500 971 4181 1501 971 4182 1501 987 4183 1500 986 4184 1502 971 4185 1501 986 4186 1502 972 4187 1503 972 4188 1503 986 4189 1502 985 4190 1504 972 4191 1503 985 4192 1504 973 4193 1505 973 4194 1505 985 4195 1504 984 4196 1506 973 4197 1505 984 4198 1506 974 4199 1507 974 4200 1507 984 4201 1506 983 4202 1508 974 4203 1507 983 4204 1508 975 4205 1509 975 4206 1509 983 4207 1508 982 4208 1510 975 4209 1509 982 4210 1510 976 4211 1511 976 4212 1511 982 4213 1510 981 4214 1512 976 4215 1511 981 4216 1512 977 4217 1513 977 4218 1513 981 4219 1512 980 4220 1514 977 4221 1513 980 4222 1514 978 4223 1515 978 4224 1515 980 4225 1514 979 4226 1516 1399 4227 1494 1418 4228 1493 1400 4229 1517 1400 4230 1517 1418 4231 1493 1417 4232 1518 1400 4233 1517 1417 4234 1518 1401 4235 1519 1401 4236 1519 1417 4237 1518 1416 4238 1520 1401 4239 1519 1416 4240 1520 1402 4241 1521 1402 4242 1521 1416 4243 1520 1415 4244 1522 1402 4245 1521 1415 4246 1522 1403 4247 1523 1403 4248 1523 1415 4249 1522 1414 4250 1524 1403 4251 1523 1414 4252 1524 1404 4253 1525 1404 4254 1525 1414 4255 1524 1413 4256 1526 1404 4257 1525 1413 4258 1526 1405 4259 1527 1405 4260 1527 1413 4261 1526 1412 4262 1528 1405 4263 1527 1412 4264 1528 1406 4265 1529 1406 4266 1529 1412 4267 1528 1411 4268 1530 1406 4269 1529 1411 4270 1530 1407 4271 1531 1407 4272 1531 1411 4273 1530 1410 4274 1532 1407 4275 1531 1410 4276 1532 1408 4277 1533 1408 4278 1533 1410 4279 1532 1409 4280 1534 1419 4281 1535 1460 4282 1536 1211 4283 1537 1211 4284 1537 1460 4285 1536 1461 4286 1538 1211 4287 1537 1461 4288 1538 1462 4289 1539 1420 4290 1540 899 4291 1541 1419 4292 1535 1419 4293 1535 899 4294 1541 898 4295 1542 1419 4296 1535 898 4297 1542 1459 4298 1543 899 4299 1541 1420 4300 1540 900 4301 1544 900 4302 1544 1420 4303 1540 1421 4304 1545 900 4305 1544 1421 4306 1545 901 4307 1546 901 4308 1546 1421 4309 1545 1422 4310 1547 901 4311 1546 1422 4312 1547 902 4313 1548 902 4314 1548 1422 4315 1547 1423 4316 1549 902 4317 1548 1423 4318 1549 903 4319 1550 903 4320 1550 1423 4321 1549 1424 4322 1551 903 4323 1550 1424 4324 1551 904 4325 1552 904 4326 1552 1424 4327 1551 1425 4328 1553 904 4329 1552 1425 4330 1553 1426 4331 1554 1427 4332 1555 932 4333 1556 1426 4334 1554 1426 4335 1554 932 4336 1556 931 4337 1557 1426 4338 1554 931 4339 1557 906 4340 1558 906 4341 1558 931 4342 1557 907 4343 1559 907 4344 1559 931 4345 1557 930 4346 1560 907 4347 1559 930 4348 1560 908 4349 1561 908 4350 1561 930 4351 1560 929 4352 1562 908 4353 1561 929 4354 1562 909 4355 1563 909 4356 1563 929 4357 1562 928 4358 1564 909 4359 1563 928 4360 1564 910 4361 1565 910 4362 1565 928 4363 1564 927 4364 1566 910 4365 1565 927 4366 1566 911 4367 1567 911 4368 1567 927 4369 1566 926 4370 1568 911 4371 1567 926 4372 1568 1470 4373 1569 1470 4374 1569 926 4375 1568 1447 4376 1570 1470 4377 1569 1447 4378 1570 1469 4379 1571 1469 4380 1571 1447 4381 1570 1448 4382 1572 1469 4383 1571 1448 4384 1572 1468 4385 1573 1468 4386 1573 1448 4387 1572 1449 4388 1574 1468 4389 1573 1449 4390 1574 1467 4391 1575 1467 4392 1575 1449 4393 1574 1450 4394 1576 1467 4395 1575 1450 4396 1576 1466 4397 1577 1466 4398 1577 1450 4399 1576 1451 4400 1578 1466 4401 1577 1451 4402 1578 1465 4403 1579 1465 4404 1579 1451 4405 1578 1452 4406 1580 1465 4407 1579 1452 4408 1580 1211 4409 1537 1211 4410 1537 1452 4411 1580 1453 4412 1581 1211 4413 1537 1453 4414 1581 1212 4415 1582 1212 4416 1582 1453 4417 1581 1440 4418 1583 1212 4419 1582 1440 4420 1583 1441 4421 1584 1428 4422 1585 961 4423 1586 1427 4424 1555 1427 4425 1555 961 4426 1586 960 4427 1587 1427 4428 1555 960 4429 1587 959 4430 1588 1428 4431 1585 1429 4432 1589 961 4433 1586 961 4434 1586 1429 4435 1589 962 4436 1590 962 4437 1590 1429 4438 1589 1430 4439 1591 962 4440 1590 1430 4441 1591 963 4442 1592 963 4443 1592 1430 4444 1591 1431 4445 1593 963 4446 1592 1431 4447 1593 964 4448 1594 964 4449 1594 1431 4450 1593 1432 4451 1595 964 4452 1594 1432 4453 1595 965 4454 1596 965 4455 1596 1432 4456 1595 1433 4457 1597 965 4458 1596 1433 4459 1597 966 4460 1598 966 4461 1598 1433 4462 1597 1434 4463 1599 966 4464 1598 1434 4465 1599 967 4466 1600 967 4467 1600 1434 4468 1599 1446 4469 1601 1446 4470 1601 1434 4471 1599 1445 4472 1602 1445 4473 1602 1434 4474 1599 1212 4475 1582 1445 4476 1602 1212 4477 1582 1444 4478 1603 1444 4479 1603 1212 4480 1582 1443 4481 1604 1443 4482 1604 1212 4483 1582 1442 4484 1605 1442 4485 1605 1212 4486 1582 1441 4487 1584 1435 4488 1606 1458 4489 1607 954 4490 1608 954 4491 1608 1458 4492 1607 939 4493 1609 954 4494 1608 939 4495 1609 955 4496 1610 955 4497 1610 939 4498 1609 938 4499 1611 955 4500 1610 938 4501 1611 956 4502 1612 956 4503 1612 938 4504 1611 937 4505 1613 956 4506 1612 937 4507 1613 957 4508 1614 957 4509 1614 937 4510 1613 936 4511 1615 957 4512 1614 936 4513 1615 958 4514 1616 958 4515 1616 936 4516 1615 935 4517 1617 958 4518 1616 935 4519 1617 959 4520 1588 959 4521 1588 935 4522 1617 934 4523 1618 959 4524 1588 934 4525 1618 1427 4526 1555 1427 4527 1555 934 4528 1618 933 4529 1619 1427 4530 1555 933 4531 1619 932 4532 1556 1458 4533 1607 1435 4534 1606 1457 4535 1620 1457 4536 1620 1435 4537 1606 1436 4538 1621 1457 4539 1620 1436 4540 1621 1456 4541 1622 1456 4542 1622 1436 4543 1621 1437 4544 1623 1456 4545 1622 1437 4546 1623 1455 4547 1624 1455 4548 1624 1437 4549 1623 1438 4550 1625 1455 4551 1624 1438 4552 1625 1454 4553 1626 1454 4554 1626 1438 4555 1625 1439 4556 1627 1454 4557 1626 1439 4558 1627 1453 4559 1581 1453 4560 1581 1439 4561 1627 1440 4562 1583 1459 4563 1543 1460 4564 1536 1419 4565 1535 1462 4566 1539 1463 4567 1628 1211 4568 1537 1211 4569 1537 1463 4570 1628 1464 4571 1629 1211 4572 1537 1464 4573 1629 1465 4574 1579 906 4575 1558 905 4576 1630 1426 4577 1554 1426 4578 1554 905 4579 1630 904 4580 1552 1210 4581 1631 1391 4582 1632 1211 4583 1633 1211 4584 1633 1391 4585 1632 1419 4586 1634 1212 4587 1635 1434 4588 1636 1213 4589 1637 1213 4590 1637 1434 4591 1636 1392 4592 1638 1472 4593 1639 1427 4594 1640 1471 4595 1641 1471 4596 1641 1427 4597 1640 1426 4598 1642 1471 4599 1641 1426 4600 1642 1295 4601 1643 1295 4602 1643 1426 4603 1642 1473 4604 1644 1295 4605 1643 1294 4606 1645 1471 4607 1641 1471 4608 1641 1294 4609 1645 1474 4610 1646 1426 4611 1647 1425 4612 1648 1473 4613 1649 1473 4614 1649 1425 4615 1648 1480 4616 1650 1473 4617 1649 1480 4618 1650 1481 4619 1651 1480 4620 1650 1425 4621 1648 1479 4622 1652 1479 4623 1652 1425 4624 1648 1424 4625 1653 1479 4626 1652 1424 4627 1653 1478 4628 1654 1478 4629 1654 1424 4630 1653 1423 4631 1655 1478 4632 1654 1423 4633 1655 1477 4634 1656 1477 4635 1656 1423 4636 1655 1422 4637 1657 1477 4638 1656 1422 4639 1657 1476 4640 1658 1476 4641 1658 1422 4642 1657 1421 4643 1659 1476 4644 1658 1421 4645 1659 1475 4646 1660 1475 4647 1660 1421 4648 1659 1420 4649 1661 1475 4650 1660 1420 4651 1661 1391 4652 1662 1391 4653 1662 1420 4654 1661 1419 4655 1663 1482 4656 1664 1483 4657 1665 1472 4658 1666 1472 4659 1666 1483 4660 1665 1428 4661 1667 1472 4662 1666 1428 4663 1667 1427 4664 1668 1428 4665 1667 1483 4666 1665 1429 4667 1669 1429 4668 1669 1483 4669 1665 1484 4670 1670 1429 4671 1669 1484 4672 1670 1430 4673 1671 1430 4674 1671 1484 4675 1670 1485 4676 1672 1430 4677 1671 1485 4678 1672 1431 4679 1673 1431 4680 1673 1485 4681 1672 1486 4682 1674 1431 4683 1673 1486 4684 1674 1432 4685 1675 1432 4686 1675 1486 4687 1674 1487 4688 1676 1432 4689 1675 1487 4690 1676 1433 4691 1677 1433 4692 1677 1487 4693 1676 1488 4694 1678 1433 4695 1677 1488 4696 1678 1434 4697 1679 1434 4698 1679 1488 4699 1678 1392 4700 1680 1293 4701 1681 1489 4702 1682 1294 4703 1683 1294 4704 1683 1489 4705 1682 1474 4706 1684 1481 4707 1685 1480 4708 1686 1490 4709 1687 1490 4710 1687 1480 4711 1686 1479 4712 1688 1490 4713 1687 1479 4714 1688 1478 4715 1689 1478 4716 1689 1477 4717 1690 1490 4718 1687 1490 4719 1687 1477 4720 1690 1476 4721 1691 1490 4722 1687 1476 4723 1691 1475 4724 1692 1475 4725 1692 1391 4726 1693 1490 4727 1687 1291 4728 1694 1491 4729 1695 1288 4730 1696 1288 4731 1696 1491 4732 1695 1492 4733 1697 1288 4734 1696 1492 4735 1697 1493 4736 1698 1493 4737 1698 1494 4738 1699 1288 4739 1696 1288 4740 1696 1494 4741 1699 1495 4742 1700 1288 4743 1696 1495 4744 1700 1496 4745 1701 1496 4746 1701 1497 4747 1702 1288 4748 1696 1498 4749 1703 1499 4750 1704 1384 4751 1705 1384 4752 1705 1499 4753 1704 1500 4754 1706 1384 4755 1705 1500 4756 1706 1501 4757 1707 1501 4758 1707 1502 4759 1708 1384 4760 1705 1384 4761 1705 1502 4762 1708 1503 4763 1709 1384 4764 1705 1503 4765 1709 1504 4766 1710 1504 4767 1710 1381 4768 1711 1384 4769 1705 1490 4770 1712 1623 4771 1713 1505 4772 1714 1505 4773 1714 1623 4774 1713 1624 4775 1715 1505 4776 1714 1624 4777 1715 1625 4778 1716 1391 4779 1717 1637 4780 1718 1490 4781 1712 1490 4782 1712 1637 4783 1718 1638 4784 1719 1490 4785 1712 1638 4786 1719 1639 4787 1720 1391 4788 1717 1506 4789 1721 1637 4790 1718 1637 4791 1718 1506 4792 1721 1636 4793 1722 1636 4794 1722 1506 4795 1721 1507 4796 1723 1636 4797 1722 1507 4798 1723 1635 4799 1724 1635 4800 1724 1507 4801 1723 1634 4802 1725 1634 4803 1725 1507 4804 1723 1633 4805 1726 1633 4806 1726 1507 4807 1723 1592 4808 1727 1633 4809 1726 1592 4810 1727 1632 4811 1728 1632 4812 1728 1592 4813 1727 1593 4814 1729 1632 4815 1728 1593 4816 1729 1631 4817 1730 1631 4818 1730 1593 4819 1729 1594 4820 1731 1631 4821 1730 1594 4822 1731 786 4823 1732 786 4824 1732 1594 4825 1731 687 4826 1733 786 4827 1732 687 4828 1733 787 4829 1734 787 4830 1734 687 4831 1733 686 4832 1735 787 4833 1734 686 4834 1735 788 4835 1736 788 4836 1736 686 4837 1735 685 4838 1737 788 4839 1736 685 4840 1737 789 4841 1738 789 4842 1738 685 4843 1737 684 4844 1739 789 4845 1738 684 4846 1739 790 4847 1740 790 4848 1740 684 4849 1739 683 4850 1741 790 4851 1740 683 4852 1741 1603 4853 1742 1603 4854 1742 683 4855 1741 682 4856 1743 1603 4857 1742 682 4858 1743 1602 4859 1744 1602 4860 1744 682 4861 1743 681 4862 1745 1602 4863 1744 681 4864 1745 1601 4865 1746 1601 4866 1746 681 4867 1745 680 4868 1747 1601 4869 1746 680 4870 1747 1600 4871 1748 1600 4872 1748 680 4873 1747 1599 4874 1749 1599 4875 1749 680 4876 1747 679 4877 1750 1599 4878 1749 679 4879 1750 1598 4880 1751 1598 4881 1751 679 4882 1750 678 4883 1752 1598 4884 1751 678 4885 1752 1574 4886 1753 1574 4887 1753 678 4888 1752 1573 4889 1754 1573 4890 1754 678 4891 1752 677 4892 1755 1573 4893 1754 677 4894 1755 1572 4895 1756 1572 4896 1756 677 4897 1755 676 4898 1757 1572 4899 1756 676 4900 1757 1571 4901 1758 1571 4902 1758 676 4903 1757 675 4904 1759 1571 4905 1758 675 4906 1759 210 4907 1760 210 4908 1760 675 4909 1759 674 4910 1761 210 4911 1760 674 4912 1761 211 4913 1762 211 4914 1762 674 4915 1761 1583 4916 1763 211 4917 1762 1583 4918 1763 212 4919 1764 212 4920 1764 1583 4921 1763 1584 4922 1765 212 4923 1764 1584 4924 1765 213 4925 1766 213 4926 1766 1584 4927 1765 1585 4928 1767 213 4929 1766 1585 4930 1767 1508 4931 1768 1508 4932 1768 1585 4933 1767 1586 4934 1769 1508 4935 1768 1586 4936 1769 1587 4937 1770 1508 4938 1768 1589 4939 1771 1507 4940 1723 1507 4941 1723 1589 4942 1771 1590 4943 1772 1507 4944 1723 1590 4945 1772 1591 4946 1773 1509 4947 1774 216 4948 1775 1508 4949 1768 1508 4950 1768 216 4951 1775 215 4952 1776 1508 4953 1768 215 4954 1776 214 4955 1777 1509 4956 1774 1510 4957 1778 216 4958 1775 216 4959 1775 1510 4960 1778 217 4961 1779 217 4962 1779 1510 4963 1778 1511 4964 1780 217 4965 1779 1511 4966 1780 218 4967 1781 218 4968 1781 1511 4969 1780 219 4970 1782 219 4971 1782 1511 4972 1780 220 4973 1783 220 4974 1783 1511 4975 1780 185 4976 1784 220 4977 1783 185 4978 1784 221 4979 1785 221 4980 1785 185 4981 1784 184 4982 1786 221 4983 1785 184 4984 1786 222 4985 1787 222 4986 1787 184 4987 1786 183 4988 1788 222 4989 1787 183 4990 1788 223 4991 1789 223 4992 1789 183 4993 1788 182 4994 1790 223 4995 1789 182 4996 1790 1582 4997 1791 1582 4998 1791 182 4999 1790 1559 5000 1792 1582 5001 1791 1559 5002 1792 1581 5003 1793 1581 5004 1793 1559 5005 1792 1560 5006 1794 1581 5007 1793 1560 5008 1794 1580 5009 1795 1580 5010 1795 1560 5011 1794 1561 5012 1796 1580 5013 1795 1561 5014 1796 1527 5015 1797 1527 5016 1797 1561 5017 1796 1562 5018 1798 1527 5019 1797 1562 5020 1798 1563 5021 1799 1512 5022 1800 187 5023 1801 1511 5024 1780 1511 5025 1780 187 5026 1801 186 5027 1802 1511 5028 1780 186 5029 1802 185 5030 1784 1513 5031 1803 189 5032 1804 1512 5033 1800 1512 5034 1800 189 5035 1804 188 5036 1805 1512 5037 1800 188 5038 1805 187 5039 1801 189 5040 1804 1513 5041 1803 190 5042 1806 190 5043 1806 1513 5044 1803 1514 5045 1807 190 5046 1806 1514 5047 1807 191 5048 1808 191 5049 1808 1514 5050 1807 1515 5051 1809 191 5052 1808 1515 5053 1809 192 5054 1810 192 5055 1810 1515 5056 1809 1516 5057 1811 192 5058 1810 1516 5059 1811 1517 5060 1812 192 5061 1810 1517 5062 1812 193 5063 1813 193 5064 1813 1517 5065 1812 1518 5066 1814 193 5067 1813 1518 5068 1814 194 5069 1815 194 5070 1815 1518 5071 1814 1519 5072 1816 194 5073 1815 1519 5074 1816 195 5075 1817 195 5076 1817 1519 5077 1816 1570 5078 1818 1570 5079 1818 1519 5080 1816 1520 5081 1819 1570 5082 1818 1520 5083 1819 1569 5084 1820 1569 5085 1820 1520 5086 1819 1521 5087 1821 1569 5088 1820 1521 5089 1821 1568 5090 1822 1568 5091 1822 1521 5092 1821 1522 5093 1823 1568 5094 1822 1522 5095 1823 1523 5096 1824 1568 5097 1822 1523 5098 1824 1567 5099 1825 1567 5100 1825 1523 5101 1824 1524 5102 1826 1567 5103 1825 1524 5104 1826 1566 5105 1827 1566 5106 1827 1524 5107 1826 1525 5108 1828 1566 5109 1827 1525 5110 1828 1565 5111 1829 1565 5112 1829 1525 5113 1828 1526 5114 1830 1565 5115 1829 1526 5116 1830 1564 5117 1831 1564 5118 1831 1526 5119 1830 1563 5120 1799 1563 5121 1799 1526 5122 1830 1527 5123 1797 1528 5124 1832 703 5125 1833 1527 5126 1797 1527 5127 1797 703 5128 1833 702 5129 1834 1527 5130 1797 702 5131 1834 1595 5132 1835 1529 5133 1836 1607 5134 1837 1528 5135 1832 1528 5136 1832 1607 5137 1837 1608 5138 1838 1528 5139 1832 1608 5140 1838 1609 5141 1839 1530 5142 1840 731 5143 1841 1529 5144 1836 1529 5145 1836 731 5146 1841 730 5147 1842 1529 5148 1836 730 5149 1842 1607 5150 1837 731 5151 1841 1530 5152 1840 732 5153 1843 732 5154 1843 1530 5155 1840 1531 5156 1844 732 5157 1843 1531 5158 1844 733 5159 1845 733 5160 1845 1531 5161 1844 1532 5162 1846 733 5163 1845 1532 5164 1846 734 5165 1847 734 5166 1847 1532 5167 1846 1533 5168 1848 734 5169 1847 1533 5170 1848 735 5171 1849 735 5172 1849 1533 5173 1848 1534 5174 1850 735 5175 1849 1534 5176 1850 736 5177 1851 736 5178 1851 1534 5179 1850 1535 5180 1852 736 5181 1851 1535 5182 1852 1536 5183 1853 736 5184 1851 1536 5185 1853 737 5186 1854 737 5187 1854 1536 5188 1853 1537 5189 1855 737 5190 1854 1537 5191 1855 738 5192 1856 738 5193 1856 1537 5194 1855 1538 5195 1857 738 5196 1856 1538 5197 1857 739 5198 1858 739 5199 1858 1538 5200 1857 1539 5201 1859 739 5202 1858 1539 5203 1859 740 5204 1860 740 5205 1860 1539 5206 1859 1540 5207 1861 740 5208 1860 1540 5209 1861 741 5210 1862 741 5211 1862 1540 5212 1861 1541 5213 1863 741 5214 1862 1541 5215 1863 742 5216 1864 742 5217 1864 1541 5218 1863 1542 5219 1865 742 5220 1864 1542 5221 1865 743 5222 1866 743 5223 1866 1542 5224 1865 1618 5225 1867 1618 5226 1867 1542 5227 1865 1543 5228 1868 1618 5229 1867 1543 5230 1868 1617 5231 1869 1617 5232 1869 1543 5233 1868 1616 5234 1870 1616 5235 1870 1543 5236 1868 1615 5237 1871 1615 5238 1871 1543 5239 1868 1614 5240 1872 1614 5241 1872 1543 5242 1868 710 5243 1873 1614 5244 1872 710 5245 1873 1613 5246 1874 1613 5247 1874 710 5248 1873 709 5249 1875 1613 5250 1874 709 5251 1875 708 5252 1876 1544 5253 1877 714 5254 1878 1543 5255 1868 1543 5256 1868 714 5257 1878 713 5258 1879 1543 5259 1868 713 5260 1879 712 5261 1880 1545 5262 1881 763 5263 1882 1544 5264 1877 1544 5265 1877 763 5266 1882 762 5267 1883 1544 5268 1877 762 5269 1883 761 5270 1884 1546 5271 1885 765 5272 1886 1545 5273 1881 1545 5274 1881 765 5275 1886 764 5276 1887 1545 5277 1881 764 5278 1887 763 5279 1882 765 5280 1886 1546 5281 1885 766 5282 1888 766 5283 1888 1546 5284 1885 1547 5285 1889 766 5286 1888 1547 5287 1889 767 5288 1890 767 5289 1890 1547 5290 1889 1548 5291 1891 767 5292 1890 1548 5293 1891 768 5294 1892 768 5295 1892 1548 5296 1891 1549 5297 1893 768 5298 1892 1549 5299 1893 1550 5300 1894 768 5301 1892 1550 5302 1894 769 5303 1895 769 5304 1895 1550 5305 1894 1551 5306 1896 769 5307 1895 1551 5308 1896 770 5309 1897 770 5310 1897 1551 5311 1896 1552 5312 1898 770 5313 1897 1552 5314 1898 771 5315 1899 771 5316 1899 1552 5317 1898 1630 5318 1900 1630 5319 1900 1552 5320 1898 1553 5321 1901 1630 5322 1900 1553 5323 1901 1629 5324 1902 1629 5325 1902 1553 5326 1901 1554 5327 1903 1629 5328 1902 1554 5329 1903 1628 5330 1904 1628 5331 1904 1554 5332 1903 1555 5333 1905 1628 5334 1904 1555 5335 1905 1556 5336 1906 1628 5337 1904 1556 5338 1906 1627 5339 1907 1627 5340 1907 1556 5341 1906 1557 5342 1908 1627 5343 1907 1557 5344 1908 1626 5345 1909 1626 5346 1909 1557 5347 1908 1558 5348 1910 1626 5349 1909 1558 5350 1910 1625 5351 1716 1625 5352 1716 1558 5353 1910 1505 5354 1714 214 5355 1777 213 5356 1766 1508 5357 1768 1598 5358 1751 1574 5359 1753 1597 5360 1911 1597 5361 1911 1574 5362 1753 1575 5363 1912 1597 5364 1911 1575 5365 1912 1596 5366 1913 1596 5367 1913 1575 5368 1912 1576 5369 1914 1596 5370 1913 1576 5371 1914 1595 5372 1835 1595 5373 1835 1576 5374 1914 1577 5375 1915 1595 5376 1835 1577 5377 1915 1527 5378 1797 1527 5379 1797 1577 5380 1915 1578 5381 1916 1527 5382 1797 1578 5383 1916 1579 5384 1917 1579 5385 1917 1580 5386 1795 1527 5387 1797 1587 5388 1770 1588 5389 1918 1508 5390 1768 1508 5391 1768 1588 5392 1918 1589 5393 1771 1591 5394 1773 1592 5395 1727 1507 5396 1723 1603 5397 1742 1604 5398 1919 790 5399 1740 790 5400 1740 1604 5401 1919 791 5402 1920 791 5403 1920 1604 5404 1919 1605 5405 1921 791 5406 1920 1605 5407 1921 792 5408 1922 792 5409 1922 1605 5410 1921 1606 5411 1923 792 5412 1922 1606 5413 1923 793 5414 1924 793 5415 1924 1606 5416 1923 1544 5417 1877 793 5418 1924 1544 5419 1877 794 5420 1925 794 5421 1925 1544 5422 1877 795 5423 1926 795 5424 1926 1544 5425 1877 796 5426 1927 796 5427 1927 1544 5428 1877 761 5429 1884 796 5430 1927 761 5431 1884 797 5432 1928 797 5433 1928 761 5434 1884 760 5435 1929 797 5436 1928 760 5437 1929 798 5438 1930 798 5439 1930 760 5440 1929 759 5441 1931 798 5442 1930 759 5443 1931 799 5444 1932 799 5445 1932 759 5446 1931 758 5447 1933 799 5448 1932 758 5449 1933 1642 5450 1934 1642 5451 1934 758 5452 1933 1619 5453 1935 1642 5454 1934 1619 5455 1935 1641 5456 1936 1641 5457 1936 1619 5458 1935 1620 5459 1937 1641 5460 1936 1620 5461 1937 1640 5462 1938 1640 5463 1938 1620 5464 1937 1621 5465 1939 1640 5466 1938 1621 5467 1939 1490 5468 1712 1490 5469 1712 1621 5470 1939 1622 5471 1940 1490 5472 1712 1622 5473 1940 1623 5474 1713 1606 5475 1923 715 5476 1941 1544 5477 1877 1544 5478 1877 715 5479 1941 714 5480 1878 712 5481 1880 711 5482 1942 1543 5483 1868 1543 5484 1868 711 5485 1942 710 5486 1873 707 5487 1943 1611 5488 1944 708 5489 1876 708 5490 1876 1611 5491 1944 1612 5492 1945 708 5493 1876 1612 5494 1945 1613 5495 1874 1611 5496 1944 707 5497 1943 1528 5498 1832 1528 5499 1832 707 5500 1943 706 5501 1946 1528 5502 1832 706 5503 1946 705 5504 1947 705 5505 1947 704 5506 1948 1528 5507 1832 1528 5508 1832 704 5509 1948 703 5510 1833 1609 5511 1839 1610 5512 1949 1528 5513 1832 1528 5514 1832 1610 5515 1949 1611 5516 1944 1639 5517 1720 1640 5518 1938 1490 5519 1712 1506 5520 1950 1391 5521 1951 1648 5522 1952 1648 5523 1952 1391 5524 1951 1390 5525 1953 1648 5526 1952 1390 5527 1953 1647 5528 1954 1647 5529 1954 1390 5530 1953 1389 5531 1955 1647 5532 1954 1389 5533 1955 1646 5534 1956 1646 5535 1956 1389 5536 1955 1388 5537 1957 1646 5538 1956 1388 5539 1957 1645 5540 1958 1645 5541 1958 1388 5542 1957 1387 5543 1959 1645 5544 1958 1387 5545 1959 1644 5546 1960 1644 5547 1960 1387 5548 1959 1386 5549 1961 1644 5550 1960 1386 5551 1961 1643 5552 1962 1643 5553 1962 1386 5554 1961 1385 5555 1963 1643 5556 1962 1385 5557 1963 1208 5558 1964 1208 5559 1964 1385 5560 1963 1209 5561 1965 1215 5562 1966 1214 5563 1967 1655 5564 1968 1655 5565 1968 1214 5566 1967 1398 5567 1969 1655 5568 1968 1398 5569 1969 1654 5570 1970 1654 5571 1970 1398 5572 1969 1397 5573 1971 1654 5574 1970 1397 5575 1971 1653 5576 1972 1653 5577 1972 1397 5578 1971 1396 5579 1973 1653 5580 1972 1396 5581 1973 1652 5582 1974 1652 5583 1974 1396 5584 1973 1395 5585 1975 1652 5586 1974 1395 5587 1975 1651 5588 1976 1651 5589 1976 1395 5590 1975 1394 5591 1977 1651 5592 1976 1394 5593 1977 1650 5594 1978 1650 5595 1978 1394 5596 1977 1393 5597 1979 1650 5598 1978 1393 5599 1979 1649 5600 1980 1649 5601 1980 1393 5602 1979 1392 5603 1981 1657 5604 1982 463 5605 1983 1656 5606 1984 1656 5607 1984 463 5608 1983 462 5609 1985 1656 5610 1984 462 5611 1985 1703 5612 1986 463 5613 1983 1657 5614 1982 464 5615 1987 464 5616 1987 1657 5617 1982 1658 5618 1988 464 5619 1987 1658 5620 1988 465 5621 1989 465 5622 1989 1658 5623 1988 1659 5624 1990 465 5625 1989 1659 5626 1990 1660 5627 1991 465 5628 1989 1660 5629 1991 466 5630 1992 466 5631 1992 1660 5632 1991 1661 5633 1993 466 5634 1992 1661 5635 1993 467 5636 1994 467 5637 1994 1661 5638 1993 1662 5639 1995 467 5640 1994 1662 5641 1995 468 5642 1996 468 5643 1996 1662 5644 1995 595 5645 1997 468 5646 1996 595 5647 1997 469 5648 1998 469 5649 1998 595 5650 1997 594 5651 1999 469 5652 1998 594 5653 1999 470 5654 2000 470 5655 2000 594 5656 1999 593 5657 2001 470 5658 2000 593 5659 2001 471 5660 2002 471 5661 2002 593 5662 2001 592 5663 2003 471 5664 2002 592 5665 2003 472 5666 2004 472 5667 2004 592 5668 2003 591 5669 2005 472 5670 2004 591 5671 2005 590 5672 2006 472 5673 2004 590 5674 2006 473 5675 2007 473 5676 2007 590 5677 2006 589 5678 2008 473 5679 2007 589 5680 2008 474 5681 2009 474 5682 2009 589 5683 2008 588 5684 2010 474 5685 2009 588 5686 2010 475 5687 2011 475 5688 2011 588 5689 2010 1714 5690 2012 1714 5691 2012 588 5692 2010 1663 5693 2013 1714 5694 2012 1663 5695 2013 1713 5696 2014 1713 5697 2014 1663 5698 2013 1712 5699 2015 1712 5700 2015 1663 5701 2013 1711 5702 2016 1711 5703 2016 1663 5704 2013 1710 5705 2017 1710 5706 2017 1663 5707 2013 498 5708 2018 1710 5709 2017 498 5710 2018 1709 5711 2019 1709 5712 2019 498 5713 2018 497 5714 2020 1709 5715 2019 497 5716 2020 496 5717 2021 1664 5718 2022 502 5719 2023 1663 5720 2013 1663 5721 2013 502 5722 2023 501 5723 2024 1663 5724 2013 501 5725 2024 500 5726 2025 1665 5727 2026 1758 5728 2027 1664 5729 2022 1664 5730 2022 1758 5731 2027 1759 5732 2028 1664 5733 2022 1759 5734 2028 1760 5735 2029 1666 5736 2030 1756 5737 2031 1665 5738 2026 1665 5739 2026 1756 5740 2031 1757 5741 2032 1665 5742 2026 1757 5743 2032 1758 5744 2027 1756 5745 2031 1666 5746 2030 1755 5747 2033 1755 5748 2033 1666 5749 2030 1667 5750 2034 1755 5751 2033 1667 5752 2034 1754 5753 2035 1754 5754 2035 1667 5755 2034 1668 5756 2036 1754 5757 2035 1668 5758 2036 1753 5759 2037 1753 5760 2037 1668 5761 2036 1669 5762 2038 1753 5763 2037 1669 5764 2038 1670 5765 2039 1753 5766 2037 1670 5767 2039 1752 5768 2040 1752 5769 2040 1670 5770 2039 1671 5771 2041 1752 5772 2040 1671 5773 2041 1751 5774 2042 1751 5775 2042 1671 5776 2041 1672 5777 2043 1751 5778 2042 1672 5779 2043 70 5780 2044 70 5781 2044 1672 5782 2043 71 5783 2045 71 5784 2045 1672 5785 2043 1673 5786 2046 71 5787 2045 1673 5788 2046 72 5789 2047 72 5790 2047 1673 5791 2046 1674 5792 2048 72 5793 2047 1674 5794 2048 73 5795 2049 73 5796 2049 1674 5797 2048 1675 5798 2050 73 5799 2049 1675 5800 2050 1676 5801 2051 73 5802 2049 1676 5803 2051 74 5804 2052 74 5805 2052 1676 5806 2051 1677 5807 2053 74 5808 2052 1677 5809 2053 75 5810 2054 75 5811 2054 1677 5812 2053 1678 5813 2055 75 5814 2054 1678 5815 2055 76 5816 2056 76 5817 2056 1678 5818 2055 1679 5819 2057 76 5820 2056 1679 5821 2057 77 5822 2058 77 5823 2058 1679 5824 2057 78 5825 2059 78 5826 2059 1679 5827 2057 1680 5828 2060 78 5829 2059 1680 5830 2060 79 5831 2061 79 5832 2061 1680 5833 2060 80 5834 2062 80 5835 2062 1680 5836 2060 101 5837 2063 80 5838 2062 101 5839 2063 81 5840 2064 81 5841 2064 101 5842 2063 100 5843 2065 81 5844 2064 100 5845 2065 82 5846 2066 82 5847 2066 100 5848 2065 99 5849 2067 82 5850 2066 99 5851 2067 83 5852 2068 83 5853 2068 99 5854 2067 98 5855 2069 83 5856 2068 98 5857 2069 1762 5858 2070 1762 5859 2070 98 5860 2069 1763 5861 2071 1762 5862 2070 1763 5863 2071 1761 5864 2072 1761 5865 2072 1763 5866 2071 1764 5867 2073 1761 5868 2072 1764 5869 2073 1760 5870 2029 1760 5871 2029 1764 5872 2073 1765 5873 2074 1760 5874 2029 1765 5875 2074 1664 5876 2022 1664 5877 2022 1765 5878 2074 1766 5879 2075 1664 5880 2022 1766 5881 2075 1767 5882 2076 1681 5883 2077 104 5884 2078 1680 5885 2060 1680 5886 2060 104 5887 2078 103 5888 2079 1680 5889 2060 103 5890 2079 102 5891 2080 1681 5892 2077 1682 5893 2081 104 5894 2078 104 5895 2078 1682 5896 2081 105 5897 2082 105 5898 2082 1682 5899 2081 1683 5900 2083 105 5901 2082 1683 5902 2083 106 5903 2084 106 5904 2084 1683 5905 2083 107 5906 2085 107 5907 2085 1683 5908 2083 108 5909 2086 108 5910 2086 1683 5911 2083 1784 5912 2087 108 5913 2086 1784 5914 2087 109 5915 2088 109 5916 2088 1784 5917 2087 1785 5918 2089 109 5919 2088 1785 5920 2089 110 5921 2090 110 5922 2090 1785 5923 2089 1786 5924 2091 110 5925 2090 1786 5926 2091 111 5927 2092 111 5928 2092 1786 5929 2091 531 5930 2093 111 5931 2092 531 5932 2093 1774 5933 2094 1774 5934 2094 531 5935 2093 530 5936 2095 1774 5937 2094 530 5938 2095 1773 5939 2096 1773 5940 2096 530 5941 2095 529 5942 2097 1773 5943 2096 529 5944 2097 1772 5945 2098 1772 5946 2098 529 5947 2097 528 5948 2099 1772 5949 2098 528 5950 2099 1771 5951 2100 1771 5952 2100 528 5953 2099 527 5954 2101 1771 5955 2100 527 5956 2101 1723 5957 2102 1723 5958 2102 527 5959 2101 526 5960 2103 1723 5961 2102 526 5962 2103 1722 5963 2104 1722 5964 2104 526 5965 2103 525 5966 2105 1722 5967 2104 525 5968 2105 1721 5969 2106 1721 5970 2106 525 5971 2105 524 5972 2107 1721 5973 2106 524 5974 2107 1720 5975 2108 1720 5976 2108 524 5977 2107 1719 5978 2109 1719 5979 2109 524 5980 2107 523 5981 2110 1719 5982 2109 523 5983 2110 1718 5984 2111 1718 5985 2111 523 5986 2110 522 5987 2112 1718 5988 2111 522 5989 2112 583 5990 2113 583 5991 2113 522 5992 2112 584 5993 2114 584 5994 2114 522 5995 2112 521 5996 2115 584 5997 2114 521 5998 2115 585 5999 2116 585 6000 2116 521 6001 2115 520 6002 2117 585 6003 2116 520 6004 2117 586 6005 2118 586 6006 2118 520 6007 2117 519 6008 2119 586 6009 2118 519 6010 2119 587 6011 2120 587 6012 2120 519 6013 2119 518 6014 2121 587 6015 2120 518 6016 2121 1750 6017 2122 1750 6018 2122 518 6019 2121 1775 6020 2123 1750 6021 2122 1775 6022 2123 1749 6023 2124 1749 6024 2124 1775 6025 2123 1776 6026 2125 1749 6027 2124 1776 6028 2125 1748 6029 2126 1748 6030 2126 1776 6031 2125 1777 6032 2127 1748 6033 2126 1777 6034 2127 1684 6035 2128 1684 6036 2128 1777 6037 2127 1778 6038 2129 1684 6039 2128 1778 6040 2129 1779 6041 2130 1684 6042 2128 1781 6043 2131 1683 6044 2083 1683 6045 2083 1781 6046 2131 1782 6047 2132 1683 6048 2083 1782 6049 2132 1783 6050 2133 1649 6051 2134 1745 6052 2135 1684 6053 2128 1684 6054 2128 1745 6055 2135 1746 6056 2136 1684 6057 2128 1746 6058 2136 1747 6059 2137 1649 6060 2134 1392 6061 2138 1745 6062 2135 1745 6063 2135 1392 6064 2138 1744 6065 2139 1744 6066 2139 1392 6067 2138 1685 6068 2140 1744 6069 2139 1685 6070 2140 1743 6071 2141 1743 6072 2141 1685 6073 2140 1742 6074 2142 1742 6075 2142 1685 6076 2140 1741 6077 2143 1741 6078 2143 1685 6079 2140 1736 6080 2144 1741 6081 2143 1736 6082 2144 1740 6083 2145 1740 6084 2145 1736 6085 2144 1737 6086 2146 1740 6087 2145 1737 6088 2146 1739 6089 2147 1739 6090 2147 1737 6091 2146 1738 6092 2148 1739 6093 2147 1738 6094 2148 574 6095 2149 574 6096 2149 1738 6097 2148 559 6098 2150 574 6099 2149 559 6100 2150 575 6101 2151 575 6102 2151 559 6103 2150 558 6104 2152 575 6105 2151 558 6106 2152 576 6107 2153 576 6108 2153 558 6109 2152 557 6110 2154 576 6111 2153 557 6112 2154 577 6113 2155 577 6114 2155 557 6115 2154 556 6116 2156 577 6117 2155 556 6118 2156 1701 6119 2157 1701 6120 2157 556 6121 2156 555 6122 2158 1701 6123 2157 555 6124 2158 554 6125 2159 1686 6126 2160 1734 6127 2161 1685 6128 2140 1685 6129 2140 1734 6130 2161 1735 6131 2162 1685 6132 2140 1735 6133 2162 1736 6134 2144 1687 6135 2163 1732 6136 2164 1686 6137 2160 1686 6138 2160 1732 6139 2164 1733 6140 2165 1686 6141 2160 1733 6142 2165 1734 6143 2161 1732 6144 2164 1687 6145 2163 1731 6146 2166 1731 6147 2166 1687 6148 2163 1688 6149 2167 1731 6150 2166 1688 6151 2167 1730 6152 2168 1730 6153 2168 1688 6154 2167 1689 6155 2169 1730 6156 2168 1689 6157 2169 1729 6158 2170 1729 6159 2170 1689 6160 2169 1690 6161 2171 1729 6162 2170 1690 6163 2171 1691 6164 2172 1729 6165 2170 1691 6166 2172 1728 6167 2173 1728 6168 2173 1691 6169 2172 1692 6170 2174 1728 6171 2173 1692 6172 2174 1727 6173 2175 1727 6174 2175 1692 6175 2174 1693 6176 2176 1727 6177 2175 1693 6178 2176 546 6179 2177 546 6180 2177 1693 6181 2176 547 6182 2178 547 6183 2178 1693 6184 2176 1694 6185 2179 547 6186 2178 1694 6187 2179 548 6188 2180 548 6189 2180 1694 6190 2179 1695 6191 2181 548 6192 2180 1695 6193 2181 549 6194 2182 549 6195 2182 1695 6196 2181 1696 6197 2183 549 6198 2182 1696 6199 2183 1697 6200 2184 549 6201 2182 1697 6202 2184 550 6203 2185 550 6204 2185 1697 6205 2184 1698 6206 2186 550 6207 2185 1698 6208 2186 551 6209 2187 551 6210 2187 1698 6211 2186 1699 6212 2188 551 6213 2187 1699 6214 2188 552 6215 2189 552 6216 2189 1699 6217 2188 1700 6218 2190 552 6219 2189 1700 6220 2190 553 6221 2191 553 6222 2191 1700 6223 2190 554 6224 2159 554 6225 2159 1700 6226 2190 1701 6227 2157 1702 6228 2192 491 6229 2193 1701 6230 2157 1701 6231 2157 491 6232 2193 490 6233 2194 1701 6234 2157 490 6235 2194 1715 6236 2195 1656 6237 1984 1703 6238 1986 1702 6239 2192 1702 6240 2192 1703 6241 1986 1704 6242 2196 1702 6243 2192 1704 6244 2196 1705 6245 2197 1705 6246 2197 1706 6247 2198 1702 6248 2192 1702 6249 2192 1706 6250 2198 1707 6251 2199 1702 6252 2192 1707 6253 2199 495 6254 2200 495 6255 2200 1707 6256 2199 496 6257 2021 496 6258 2021 1707 6259 2199 1708 6260 2201 496 6261 2021 1708 6262 2201 1709 6263 2019 1726 6264 2202 503 6265 2203 1664 6266 2022 1664 6267 2022 503 6268 2203 502 6269 2023 500 6270 2025 499 6271 2204 1663 6272 2013 1663 6273 2013 499 6274 2204 498 6275 2018 495 6276 2200 494 6277 2205 1702 6278 2192 1702 6279 2192 494 6280 2205 493 6281 2206 1702 6282 2192 493 6283 2206 492 6284 2207 492 6285 2207 491 6286 2193 1702 6287 2192 1716 6288 2208 581 6289 2209 1715 6290 2195 1715 6291 2195 581 6292 2209 580 6293 2210 1715 6294 2195 580 6295 2210 1701 6296 2157 1701 6297 2157 580 6298 2210 579 6299 2211 1701 6300 2157 579 6301 2211 578 6302 2212 581 6303 2209 1716 6304 2208 582 6305 2213 582 6306 2213 1716 6307 2208 1717 6308 2214 582 6309 2213 1717 6310 2214 583 6311 2113 583 6312 2113 1717 6313 2214 1718 6314 2111 1723 6315 2102 1724 6316 2215 1771 6317 2100 1771 6318 2100 1724 6319 2215 1770 6320 2216 1770 6321 2216 1724 6322 2215 1725 6323 2217 1770 6324 2216 1725 6325 2217 1769 6326 2218 1769 6327 2218 1725 6328 2217 1726 6329 2202 1769 6330 2218 1726 6331 2202 1768 6332 2219 1768 6333 2219 1726 6334 2202 1664 6335 2022 1768 6336 2219 1664 6337 2022 1767 6338 2076 578 6339 2212 577 6340 2155 1701 6341 2157 1747 6342 2137 1748 6343 2126 1684 6344 2128 102 6345 2080 101 6346 2063 1680 6347 2060 1779 6348 2130 1780 6349 2220 1684 6350 2128 1684 6351 2128 1780 6352 2220 1781 6353 2131 1783 6354 2133 1784 6355 2087 1683 6356 2083 1497 6357 2221 1498 6358 2222 1288 6359 2223 1288 6360 2223 1498 6361 2222 1384 6362 2224 1288 6363 2223 1384 6364 2224 1215 6365 2225 1215 6366 2225 1384 6367 2224 1208 6368 2226 1208 6369 2226 1384 6370 2224 1648 6371 2227 1208 6372 2226 1648 6373 2227 1647 6374 2228 1648 6375 2227 1384 6376 2224 1506 6377 2229 1506 6378 2229 1384 6379 2224 1383 6380 2230 1506 6381 2229 1383 6382 2230 1507 6383 2231 1647 6384 2228 1646 6385 2232 1208 6386 2226 1208 6387 2226 1646 6388 2232 1645 6389 2233 1208 6390 2226 1645 6391 2233 1644 6392 2234 1644 6393 2234 1643 6394 2235 1208 6395 2226 1655 6396 2236 1654 6397 2237 1215 6398 2225 1215 6399 2225 1654 6400 2237 1653 6401 2238 1215 6402 2225 1653 6403 2238 1652 6404 2239 1652 6405 2239 1651 6406 2240 1215 6407 2225 1215 6408 2225 1651 6409 2240 1650 6410 2241 1215 6411 2225 1650 6412 2241 1288 6413 2223 1288 6414 2223 1650 6415 2241 1649 6416 2242 1288 6417 2223 1649 6418 2242 1289 6419 2243 1289 6420 2243 1649 6421 2242 1684 6422 2244 1392 6423 2245 1488 6424 2246 1685 6425 2247 1685 6426 2247 1488 6427 2246 1487 6428 2248 1685 6429 2247 1487 6430 2248 1486 6431 2249 1486 6432 2249 1485 6433 2250 1685 6434 2247 1685 6435 2247 1485 6436 2250 1484 6437 2251 1685 6438 2247 1484 6439 2251 1483 6440 2252 1483 6441 2252 1482 6442 2253 1685 6443 2247 1787 6444 2254 1810 6445 2255 940 6446 2256 940 6447 2256 1810 6448 2255 883 6449 2257 940 6450 2256 883 6451 2257 882 6452 2258 1810 6453 2255 1787 6454 2254 1809 6455 2259 1809 6456 2259 1787 6457 2254 1788 6458 2260 1809 6459 2259 1788 6460 2260 1808 6461 2261 1808 6462 2261 1788 6463 2260 1789 6464 2262 1808 6465 2261 1789 6466 2262 1807 6467 2263 1807 6468 2263 1789 6469 2262 1790 6470 2264 1807 6471 2263 1790 6472 2264 1806 6473 2265 1806 6474 2265 1790 6475 2264 1791 6476 2266 1806 6477 2265 1791 6478 2266 1805 6479 2267 1805 6480 2267 1791 6481 2266 1792 6482 2268 1805 6483 2267 1792 6484 2268 1793 6485 2269 1805 6486 2267 1793 6487 2269 1804 6488 2270 1804 6489 2270 1793 6490 2269 1794 6491 2271 1804 6492 2270 1794 6493 2271 1803 6494 2272 1803 6495 2272 1794 6496 2271 1795 6497 2273 1803 6498 2272 1795 6499 2273 1802 6500 2274 1802 6501 2274 1795 6502 2273 1796 6503 2275 1802 6504 2274 1796 6505 2275 1801 6506 2276 1801 6507 2276 1796 6508 2275 1797 6509 2277 1801 6510 2276 1797 6511 2277 1800 6512 2278 1800 6513 2278 1797 6514 2277 1798 6515 2279 1800 6516 2278 1798 6517 2279 1799 6518 2280 1799 6519 2280 1798 6520 2279 953 6521 2281 1799 6522 2280 953 6523 2281 870 6524 2282 870 6525 2282 953 6526 2281 871 6527 2283 871 6528 2283 953 6529 2281 952 6530 2284 871 6531 2283 952 6532 2284 872 6533 2285 872 6534 2285 952 6535 2284 951 6536 2286 872 6537 2285 951 6538 2286 873 6539 2287 873 6540 2287 951 6541 2286 950 6542 2288 873 6543 2287 950 6544 2288 874 6545 2289 874 6546 2289 950 6547 2288 949 6548 2290 874 6549 2289 949 6550 2290 875 6551 2291 875 6552 2291 949 6553 2290 948 6554 2292 875 6555 2291 948 6556 2292 876 6557 2293 876 6558 2293 948 6559 2292 947 6560 2294 876 6561 2293 947 6562 2294 946 6563 2295 876 6564 2293 946 6565 2295 877 6566 2296 877 6567 2296 946 6568 2295 945 6569 2297 877 6570 2296 945 6571 2297 878 6572 2298 878 6573 2298 945 6574 2297 944 6575 2299 878 6576 2298 944 6577 2299 879 6578 2300 879 6579 2300 944 6580 2299 943 6581 2301 879 6582 2300 943 6583 2301 880 6584 2302 880 6585 2302 943 6586 2301 942 6587 2303 880 6588 2302 942 6589 2303 881 6590 2304 881 6591 2304 942 6592 2303 941 6593 2305 881 6594 2304 941 6595 2305 882 6596 2258 882 6597 2258 941 6598 2305 940 6599 2256 954 6600 2306 953 6601 2307 1435 6602 2308 1435 6603 2308 953 6604 2307 1798 6605 2309 1435 6606 2308 1798 6607 2309 1436 6608 2310 1436 6609 2310 1798 6610 2309 1797 6611 2311 1436 6612 2310 1797 6613 2311 1437 6614 2312 1437 6615 2312 1797 6616 2311 1796 6617 2313 1437 6618 2312 1796 6619 2313 1438 6620 2314 1438 6621 2314 1796 6622 2313 1795 6623 2315 1438 6624 2314 1795 6625 2315 1439 6626 2316 1439 6627 2316 1795 6628 2315 1794 6629 2317 1439 6630 2316 1794 6631 2317 1440 6632 2318 1440 6633 2318 1794 6634 2317 1793 6635 2319 1440 6636 2318 1793 6637 2319 1441 6638 2320 1441 6639 2320 1793 6640 2319 1792 6641 2321 1441 6642 2320 1792 6643 2321 1442 6644 2322 1442 6645 2322 1792 6646 2321 1791 6647 2323 1442 6648 2322 1791 6649 2323 1443 6650 2324 1443 6651 2324 1791 6652 2323 1790 6653 2325 1443 6654 2324 1790 6655 2325 1444 6656 2326 1444 6657 2326 1790 6658 2325 1789 6659 2327 1444 6660 2326 1789 6661 2327 1445 6662 2328 1445 6663 2328 1789 6664 2327 1788 6665 2329 1445 6666 2328 1788 6667 2329 1446 6668 2330 1446 6669 2330 1788 6670 2329 1787 6671 2331 1446 6672 2330 1787 6673 2331 967 6674 2332 967 6675 2332 1787 6676 2331 940 6677 2333 1811 6678 2334 1834 6679 2335 912 6680 2336 912 6681 2336 1834 6682 2335 855 6683 2337 912 6684 2336 855 6685 2337 854 6686 2338 1834 6687 2335 1811 6688 2334 1833 6689 2339 1833 6690 2339 1811 6691 2334 1812 6692 2340 1833 6693 2339 1812 6694 2340 1832 6695 2341 1832 6696 2341 1812 6697 2340 1813 6698 2342 1832 6699 2341 1813 6700 2342 1831 6701 2343 1831 6702 2343 1813 6703 2342 1814 6704 2344 1831 6705 2343 1814 6706 2344 1830 6707 2345 1830 6708 2345 1814 6709 2344 1815 6710 2346 1830 6711 2345 1815 6712 2346 1829 6713 2347 1829 6714 2347 1815 6715 2346 1816 6716 2348 1829 6717 2347 1816 6718 2348 1817 6719 2349 1829 6720 2347 1817 6721 2349 1828 6722 2350 1828 6723 2350 1817 6724 2349 1818 6725 2351 1828 6726 2350 1818 6727 2351 1827 6728 2352 1827 6729 2352 1818 6730 2351 1819 6731 2353 1827 6732 2352 1819 6733 2353 1826 6734 2354 1826 6735 2354 1819 6736 2353 1820 6737 2355 1826 6738 2354 1820 6739 2355 1825 6740 2356 1825 6741 2356 1820 6742 2355 1821 6743 2357 1825 6744 2356 1821 6745 2357 1824 6746 2358 1824 6747 2358 1821 6748 2357 1822 6749 2359 1824 6750 2358 1822 6751 2359 1823 6752 2360 1823 6753 2360 1822 6754 2359 925 6755 2361 1823 6756 2360 925 6757 2361 842 6758 2362 842 6759 2362 925 6760 2361 843 6761 2363 843 6762 2363 925 6763 2361 924 6764 2364 843 6765 2363 924 6766 2364 844 6767 2365 844 6768 2365 924 6769 2364 923 6770 2366 844 6771 2365 923 6772 2366 845 6773 2367 845 6774 2367 923 6775 2366 922 6776 2368 845 6777 2367 922 6778 2368 846 6779 2369 846 6780 2369 922 6781 2368 921 6782 2370 846 6783 2369 921 6784 2370 847 6785 2371 847 6786 2371 921 6787 2370 920 6788 2372 847 6789 2371 920 6790 2372 848 6791 2373 848 6792 2373 920 6793 2372 919 6794 2374 848 6795 2373 919 6796 2374 918 6797 2375 848 6798 2373 918 6799 2375 849 6800 2376 849 6801 2376 918 6802 2375 917 6803 2377 849 6804 2376 917 6805 2377 850 6806 2378 850 6807 2378 917 6808 2377 916 6809 2379 850 6810 2378 916 6811 2379 851 6812 2380 851 6813 2380 916 6814 2379 915 6815 2381 851 6816 2380 915 6817 2381 852 6818 2382 852 6819 2382 915 6820 2381 914 6821 2383 852 6822 2382 914 6823 2383 853 6824 2384 853 6825 2384 914 6826 2383 913 6827 2385 853 6828 2384 913 6829 2385 854 6830 2338 854 6831 2338 913 6832 2385 912 6833 2336 926 6834 2386 925 6835 2387 1447 6836 2388 1447 6837 2388 925 6838 2387 1822 6839 2389 1447 6840 2388 1822 6841 2389 1448 6842 2390 1448 6843 2390 1822 6844 2389 1821 6845 2391 1448 6846 2390 1821 6847 2391 1449 6848 2392 1449 6849 2392 1821 6850 2391 1820 6851 2393 1449 6852 2392 1820 6853 2393 1450 6854 2394 1450 6855 2394 1820 6856 2393 1819 6857 2395 1450 6858 2394 1819 6859 2395 1451 6860 2396 1451 6861 2396 1819 6862 2395 1818 6863 2397 1451 6864 2396 1818 6865 2397 1452 6866 2398 1452 6867 2398 1818 6868 2397 1817 6869 2399 1452 6870 2398 1817 6871 2399 1453 6872 2400 1453 6873 2400 1817 6874 2399 1816 6875 2401 1453 6876 2400 1816 6877 2401 1454 6878 2402 1454 6879 2402 1816 6880 2401 1815 6881 2403 1454 6882 2402 1815 6883 2403 1455 6884 2404 1455 6885 2404 1815 6886 2403 1814 6887 2405 1455 6888 2404 1814 6889 2405 1456 6890 2406 1456 6891 2406 1814 6892 2405 1813 6893 2407 1456 6894 2406 1813 6895 2407 1457 6896 2408 1457 6897 2408 1813 6898 2407 1812 6899 2409 1457 6900 2408 1812 6901 2409 1458 6902 2410 1458 6903 2410 1812 6904 2409 1811 6905 2411 1458 6906 2410 1811 6907 2411 939 6908 2412 939 6909 2412 1811 6910 2411 912 6911 2413 1835 6912 2414 1858 6913 2415 884 6914 2416 884 6915 2416 1858 6916 2415 827 6917 2417 884 6918 2416 827 6919 2417 826 6920 2418 1858 6921 2415 1835 6922 2414 1857 6923 2419 1857 6924 2419 1835 6925 2414 1836 6926 2420 1857 6927 2419 1836 6928 2420 1856 6929 2421 1856 6930 2421 1836 6931 2420 1837 6932 2422 1856 6933 2421 1837 6934 2422 1855 6935 2423 1855 6936 2423 1837 6937 2422 1838 6938 2424 1855 6939 2423 1838 6940 2424 1854 6941 2425 1854 6942 2425 1838 6943 2424 1839 6944 2426 1854 6945 2425 1839 6946 2426 1853 6947 2427 1853 6948 2427 1839 6949 2426 1840 6950 2428 1853 6951 2427 1840 6952 2428 1841 6953 2429 1853 6954 2427 1841 6955 2429 1852 6956 2430 1852 6957 2430 1841 6958 2429 1842 6959 2431 1852 6960 2430 1842 6961 2431 1851 6962 2432 1851 6963 2432 1842 6964 2431 1843 6965 2433 1851 6966 2432 1843 6967 2433 1850 6968 2434 1850 6969 2434 1843 6970 2433 1844 6971 2435 1850 6972 2434 1844 6973 2435 1849 6974 2436 1849 6975 2436 1844 6976 2435 1845 6977 2437 1849 6978 2436 1845 6979 2437 1848 6980 2438 1848 6981 2438 1845 6982 2437 1846 6983 2439 1848 6984 2438 1846 6985 2439 1847 6986 2440 1847 6987 2440 1846 6988 2439 897 6989 2441 1847 6990 2440 897 6991 2441 814 6992 2442 814 6993 2442 897 6994 2441 815 6995 2443 815 6996 2443 897 6997 2441 896 6998 2444 815 6999 2443 896 7000 2444 816 7001 2445 816 7002 2445 896 7003 2444 895 7004 2446 816 7005 2445 895 7006 2446 817 7007 2447 817 7008 2447 895 7009 2446 894 7010 2448 817 7011 2447 894 7012 2448 818 7013 2449 818 7014 2449 894 7015 2448 893 7016 2450 818 7017 2449 893 7018 2450 819 7019 2451 819 7020 2451 893 7021 2450 892 7022 2452 819 7023 2451 892 7024 2452 820 7025 2453 820 7026 2453 892 7027 2452 891 7028 2454 820 7029 2453 891 7030 2454 890 7031 2455 820 7032 2453 890 7033 2455 821 7034 2456 821 7035 2456 890 7036 2455 889 7037 2457 821 7038 2456 889 7039 2457 822 7040 2458 822 7041 2458 889 7042 2457 888 7043 2459 822 7044 2458 888 7045 2459 823 7046 2460 823 7047 2460 888 7048 2459 887 7049 2461 823 7050 2460 887 7051 2461 824 7052 2462 824 7053 2462 887 7054 2461 886 7055 2463 824 7056 2462 886 7057 2463 825 7058 2464 825 7059 2464 886 7060 2463 885 7061 2465 825 7062 2464 885 7063 2465 826 7064 2418 826 7065 2418 885 7066 2465 884 7067 2416 898 7068 2466 897 7069 2467 1459 7070 2468 1459 7071 2468 897 7072 2467 1846 7073 2469 1459 7074 2468 1846 7075 2469 1460 7076 2470 1460 7077 2470 1846 7078 2469 1845 7079 2471 1460 7080 2470 1845 7081 2471 1461 7082 2472 1461 7083 2472 1845 7084 2471 1844 7085 2473 1461 7086 2472 1844 7087 2473 1462 7088 2474 1462 7089 2474 1844 7090 2473 1843 7091 2475 1462 7092 2474 1843 7093 2475 1463 7094 2476 1463 7095 2476 1843 7096 2475 1842 7097 2477 1463 7098 2476 1842 7099 2477 1464 7100 2478 1464 7101 2478 1842 7102 2477 1841 7103 2479 1464 7104 2478 1841 7105 2479 1465 7106 2480 1465 7107 2480 1841 7108 2479 1840 7109 2481 1465 7110 2480 1840 7111 2481 1466 7112 2482 1466 7113 2482 1840 7114 2481 1839 7115 2483 1466 7116 2482 1839 7117 2483 1467 7118 2484 1467 7119 2484 1839 7120 2483 1838 7121 2485 1467 7122 2484 1838 7123 2485 1468 7124 2486 1468 7125 2486 1838 7126 2485 1837 7127 2487 1468 7128 2486 1837 7129 2487 1469 7130 2488 1469 7131 2488 1837 7132 2487 1836 7133 2489 1469 7134 2488 1836 7135 2489 1470 7136 2490 1470 7137 2490 1836 7138 2489 1835 7139 2491 1470 7140 2490 1835 7141 2491 911 7142 2492 911 7143 2492 1835 7144 2491 884 7145 2493 1859 7146 2494 1870 7147 2495 856 7148 2496 856 7149 2496 1870 7150 2495 869 7151 2497 856 7152 2496 869 7153 2497 857 7154 2498 857 7155 2498 869 7156 2497 868 7157 2499 857 7158 2498 868 7159 2499 858 7160 2500 858 7161 2500 868 7162 2499 867 7163 2501 858 7164 2500 867 7165 2501 859 7166 2502 859 7167 2502 867 7168 2501 866 7169 2503 859 7170 2502 866 7171 2503 860 7172 2504 860 7173 2504 866 7174 2503 865 7175 2505 860 7176 2504 865 7177 2505 861 7178 2506 861 7179 2506 865 7180 2505 864 7181 2507 861 7182 2506 864 7183 2507 862 7184 2508 862 7185 2508 864 7186 2507 863 7187 2509 1870 7188 2495 1859 7189 2494 1869 7190 2510 1869 7191 2510 1859 7192 2494 1860 7193 2511 1869 7194 2510 1860 7195 2511 1868 7196 2512 1868 7197 2512 1860 7198 2511 1861 7199 2513 1868 7200 2512 1861 7201 2513 1867 7202 2514 1867 7203 2514 1861 7204 2513 1862 7205 2515 1867 7206 2514 1862 7207 2515 1866 7208 2516 1866 7209 2516 1862 7210 2515 1863 7211 2517 1866 7212 2516 1863 7213 2517 1865 7214 2518 1865 7215 2518 1863 7216 2517 1864 7217 2519 870 7218 2520 869 7219 2521 1799 7220 2522 1799 7221 2522 869 7222 2521 1870 7223 2523 1799 7224 2522 1870 7225 2523 1800 7226 2524 1800 7227 2524 1870 7228 2523 1869 7229 2525 1800 7230 2524 1869 7231 2525 1801 7232 2526 1801 7233 2526 1869 7234 2525 1868 7235 2527 1801 7236 2526 1868 7237 2527 1802 7238 2528 1802 7239 2528 1868 7240 2527 1867 7241 2529 1802 7242 2528 1867 7243 2529 1803 7244 2530 1803 7245 2530 1867 7246 2529 1866 7247 2531 1803 7248 2530 1866 7249 2531 1804 7250 2532 1804 7251 2532 1866 7252 2531 1865 7253 2533 1804 7254 2532 1865 7255 2533 1805 7256 2534 1805 7257 2534 1865 7258 2533 1864 7259 2535 1805 7260 2534 1864 7261 2535 1806 7262 2536 1806 7263 2536 1864 7264 2535 1863 7265 2537 1806 7266 2536 1863 7267 2537 1807 7268 2538 1807 7269 2538 1863 7270 2537 1862 7271 2539 1807 7272 2538 1862 7273 2539 1808 7274 2540 1808 7275 2540 1862 7276 2539 1861 7277 2541 1808 7278 2540 1861 7279 2541 1809 7280 2542 1809 7281 2542 1861 7282 2541 1860 7283 2543 1809 7284 2542 1860 7285 2543 1810 7286 2544 1810 7287 2544 1860 7288 2543 1859 7289 2545 1810 7290 2544 1859 7291 2545 883 7292 2546 883 7293 2546 1859 7294 2545 856 7295 2547 1871 7296 2548 1882 7297 2549 828 7298 2550 828 7299 2550 1882 7300 2549 841 7301 2551 828 7302 2550 841 7303 2551 829 7304 2552 829 7305 2552 841 7306 2551 840 7307 2553 829 7308 2552 840 7309 2553 830 7310 2554 830 7311 2554 840 7312 2553 839 7313 2555 830 7314 2554 839 7315 2555 831 7316 2556 831 7317 2556 839 7318 2555 838 7319 2557 831 7320 2556 838 7321 2557 832 7322 2558 832 7323 2558 838 7324 2557 837 7325 2559 832 7326 2558 837 7327 2559 833 7328 2560 833 7329 2560 837 7330 2559 836 7331 2561 833 7332 2560 836 7333 2561 834 7334 2562 834 7335 2562 836 7336 2561 835 7337 2563 1882 7338 2549 1871 7339 2548 1881 7340 2564 1881 7341 2564 1871 7342 2548 1872 7343 2565 1881 7344 2564 1872 7345 2565 1880 7346 2566 1880 7347 2566 1872 7348 2565 1873 7349 2567 1880 7350 2566 1873 7351 2567 1879 7352 2568 1879 7353 2568 1873 7354 2567 1874 7355 2569 1879 7356 2568 1874 7357 2569 1878 7358 2570 1878 7359 2570 1874 7360 2569 1875 7361 2571 1878 7362 2570 1875 7363 2571 1877 7364 2572 1877 7365 2572 1875 7366 2571 1876 7367 2573 842 7368 2574 841 7369 2575 1823 7370 2576 1823 7371 2576 841 7372 2575 1882 7373 2577 1823 7374 2576 1882 7375 2577 1824 7376 2578 1824 7377 2578 1882 7378 2577 1881 7379 2579 1824 7380 2578 1881 7381 2579 1825 7382 2580 1825 7383 2580 1881 7384 2579 1880 7385 2581 1825 7386 2580 1880 7387 2581 1826 7388 2582 1826 7389 2582 1880 7390 2581 1879 7391 2583 1826 7392 2582 1879 7393 2583 1827 7394 2584 1827 7395 2584 1879 7396 2583 1878 7397 2585 1827 7398 2584 1878 7399 2585 1828 7400 2586 1828 7401 2586 1878 7402 2585 1877 7403 2587 1828 7404 2586 1877 7405 2587 1829 7406 2588 1829 7407 2588 1877 7408 2587 1876 7409 2589 1829 7410 2588 1876 7411 2589 1830 7412 2590 1830 7413 2590 1876 7414 2589 1875 7415 2591 1830 7416 2590 1875 7417 2591 1831 7418 2592 1831 7419 2592 1875 7420 2591 1874 7421 2593 1831 7422 2592 1874 7423 2593 1832 7424 2594 1832 7425 2594 1874 7426 2593 1873 7427 2595 1832 7428 2594 1873 7429 2595 1833 7430 2596 1833 7431 2596 1873 7432 2595 1872 7433 2597 1833 7434 2596 1872 7435 2597 1834 7436 2598 1834 7437 2598 1872 7438 2597 1871 7439 2599 1834 7440 2598 1871 7441 2599 855 7442 2600 855 7443 2600 1871 7444 2599 828 7445 2601 1883 7446 2602 1894 7447 2603 800 7448 2604 800 7449 2604 1894 7450 2603 813 7451 2605 800 7452 2604 813 7453 2605 801 7454 2606 801 7455 2606 813 7456 2605 812 7457 2607 801 7458 2606 812 7459 2607 802 7460 2608 802 7461 2608 812 7462 2607 811 7463 2609 802 7464 2608 811 7465 2609 803 7466 2610 803 7467 2610 811 7468 2609 810 7469 2611 803 7470 2610 810 7471 2611 804 7472 2612 804 7473 2612 810 7474 2611 809 7475 2613 804 7476 2612 809 7477 2613 805 7478 2614 805 7479 2614 809 7480 2613 808 7481 2615 805 7482 2614 808 7483 2615 806 7484 2616 806 7485 2616 808 7486 2615 807 7487 2617 1894 7488 2603 1883 7489 2602 1893 7490 2618 1893 7491 2618 1883 7492 2602 1884 7493 2619 1893 7494 2618 1884 7495 2619 1892 7496 2620 1892 7497 2620 1884 7498 2619 1885 7499 2621 1892 7500 2620 1885 7501 2621 1891 7502 2622 1891 7503 2622 1885 7504 2621 1886 7505 2623 1891 7506 2622 1886 7507 2623 1890 7508 2624 1890 7509 2624 1886 7510 2623 1887 7511 2625 1890 7512 2624 1887 7513 2625 1889 7514 2626 1889 7515 2626 1887 7516 2625 1888 7517 2627 814 7518 2628 813 7519 2629 1847 7520 2630 1847 7521 2630 813 7522 2629 1894 7523 2631 1847 7524 2630 1894 7525 2631 1848 7526 2632 1848 7527 2632 1894 7528 2631 1893 7529 2633 1848 7530 2632 1893 7531 2633 1849 7532 2634 1849 7533 2634 1893 7534 2633 1892 7535 2635 1849 7536 2634 1892 7537 2635 1850 7538 2636 1850 7539 2636 1892 7540 2635 1891 7541 2637 1850 7542 2636 1891 7543 2637 1851 7544 2638 1851 7545 2638 1891 7546 2637 1890 7547 2639 1851 7548 2638 1890 7549 2639 1852 7550 2640 1852 7551 2640 1890 7552 2639 1889 7553 2641 1852 7554 2640 1889 7555 2641 1853 7556 2642 1853 7557 2642 1889 7558 2641 1888 7559 2643 1853 7560 2642 1888 7561 2643 1854 7562 2644 1854 7563 2644 1888 7564 2643 1887 7565 2645 1854 7566 2644 1887 7567 2645 1855 7568 2646 1855 7569 2646 1887 7570 2645 1886 7571 2647 1855 7572 2646 1886 7573 2647 1856 7574 2648 1856 7575 2648 1886 7576 2647 1885 7577 2649 1856 7578 2648 1885 7579 2649 1857 7580 2650 1857 7581 2650 1885 7582 2649 1884 7583 2651 1857 7584 2650 1884 7585 2651 1858 7586 2652 1858 7587 2652 1884 7588 2651 1883 7589 2653 1858 7590 2652 1883 7591 2653 827 7592 2654 827 7593 2654 1883 7594 2653 800 7595 2655 1701 7596 2656 1700 7597 2657 1902 7598 2658 1902 7599 2658 1700 7600 2657 1895 7601 2659 1902 7602 2658 1895 7603 2659 1489 7604 2660 1489 7605 2660 1895 7606 2659 1896 7607 2661 1293 7608 2662 1900 7609 2663 1489 7610 2660 1489 7611 2660 1900 7612 2663 1901 7613 2664 1489 7614 2660 1901 7615 2664 1902 7616 2658 1292 7617 2665 1898 7618 2666 1293 7619 2662 1293 7620 2662 1898 7621 2666 1899 7622 2667 1293 7623 2662 1899 7624 2667 1900 7625 2663 1292 7626 2665 1897 7627 2668 1898 7628 2666 1898 7629 2666 1897 7630 2668 1544 7631 2669 1544 7632 2669 1897 7633 2668 1545 7634 2670 1302 7635 2671 1301 7636 2672 1903 7637 2673 1903 7638 2673 1301 7639 2672 1553 7640 2674 1903 7641 2673 1553 7642 2674 1552 7643 2675 1553 7644 2674 1301 7645 2672 1554 7646 2676 1554 7647 2676 1301 7648 2672 1300 7649 2677 1554 7650 2676 1300 7651 2677 1555 7652 2678 1555 7653 2678 1300 7654 2677 1299 7655 2679 1555 7656 2678 1299 7657 2679 1556 7658 2680 1556 7659 2680 1299 7660 2679 1298 7661 2681 1556 7662 2680 1298 7663 2681 1557 7664 2682 1557 7665 2682 1298 7666 2681 1297 7667 2683 1557 7668 2682 1297 7669 2683 1558 7670 2684 1558 7671 2684 1297 7672 2683 1296 7673 2685 1558 7674 2684 1296 7675 2685 1473 7676 2686 1473 7677 2686 1296 7678 2685 1295 7679 2687 1473 7680 2686 1505 7681 2688 1558 7682 2684 1382 7683 2689 1381 7684 2690 1910 7685 2691 1910 7686 2691 1381 7687 2690 1504 7688 2692 1910 7689 2691 1504 7690 2692 1909 7691 2693 1909 7692 2693 1504 7693 2692 1503 7694 2694 1909 7695 2693 1503 7696 2694 1908 7697 2695 1908 7698 2695 1503 7699 2694 1502 7700 2696 1908 7701 2695 1502 7702 2696 1907 7703 2697 1907 7704 2697 1502 7705 2696 1501 7706 2698 1907 7707 2697 1501 7708 2698 1906 7709 2699 1906 7710 2699 1501 7711 2698 1500 7712 2700 1906 7713 2699 1500 7714 2700 1905 7715 2701 1905 7716 2701 1500 7717 2700 1499 7718 2702 1905 7719 2701 1499 7720 2702 1904 7721 2703 1904 7722 2703 1499 7723 2702 1498 7724 2704 1302 7725 2705 1903 7726 2706 1303 7727 2707 1303 7728 2707 1903 7729 2706 1911 7730 2708 1303 7731 2707 1911 7732 2708 1304 7733 2709 1304 7734 2709 1911 7735 2708 1912 7736 2710 1304 7737 2709 1912 7738 2710 1305 7739 2711 1305 7740 2711 1912 7741 2710 1913 7742 2712 1305 7743 2711 1913 7744 2712 1306 7745 2713 1306 7746 2713 1913 7747 2712 1914 7748 2714 1306 7749 2713 1914 7750 2714 1307 7751 2715 1307 7752 2715 1914 7753 2714 1915 7754 2716 1307 7755 2715 1915 7756 2716 1308 7757 2717 1308 7758 2717 1915 7759 2716 1916 7760 2718 1308 7761 2717 1916 7762 2718 1292 7763 2719 1292 7764 2719 1916 7765 2718 1897 7766 2720 1900 7767 2721 1899 7768 2722 1928 7769 2723 1928 7770 2723 1899 7771 2722 1917 7772 2724 1928 7773 2723 1917 7774 2724 1927 7775 2725 1927 7776 2725 1917 7777 2724 1918 7778 2726 1927 7779 2725 1918 7780 2726 1926 7781 2727 1926 7782 2727 1918 7783 2726 1919 7784 2728 1926 7785 2727 1919 7786 2728 1925 7787 2729 1925 7788 2729 1919 7789 2728 1920 7790 2730 1925 7791 2729 1920 7792 2730 1924 7793 2731 1924 7794 2731 1920 7795 2730 1921 7796 2732 1924 7797 2731 1921 7798 2732 1923 7799 2733 1923 7800 2733 1921 7801 2732 1922 7802 2734 1923 7803 2733 1922 7804 2734 1498 7805 2735 1498 7806 2735 1922 7807 2734 1904 7808 2736 1473 7809 2737 1481 7810 2738 1505 7811 2739 1505 7812 2739 1481 7813 2738 1490 7814 2740 1930 7815 2741 1373 7816 2742 1929 7817 2743 1929 7818 2743 1373 7819 2742 1372 7820 2744 1929 7821 2743 1372 7822 2744 1371 7823 2745 1931 7824 2746 1375 7825 2747 1930 7826 2741 1930 7827 2741 1375 7828 2747 1374 7829 2748 1930 7830 2741 1374 7831 2748 1373 7832 2742 1375 7833 2747 1931 7834 2746 1376 7835 2749 1376 7836 2749 1931 7837 2746 1932 7838 2750 1376 7839 2749 1932 7840 2750 1377 7841 2751 1377 7842 2751 1932 7843 2750 1933 7844 2752 1377 7845 2751 1933 7846 2752 1378 7847 2753 1378 7848 2753 1933 7849 2752 1934 7850 2754 1378 7851 2753 1934 7852 2754 1379 7853 2755 1379 7854 2755 1934 7855 2754 1935 7856 2756 1379 7857 2755 1935 7858 2756 1380 7859 2757 1380 7860 2757 1935 7861 2756 1936 7862 2758 1380 7863 2757 1936 7864 2758 1026 7865 2759 1026 7866 2759 1936 7867 2758 1937 7868 2760 1026 7869 2759 1937 7870 2760 1027 7871 2761 1027 7872 2761 1937 7873 2760 1938 7874 2762 1027 7875 2761 1938 7876 2762 1028 7877 2763 1028 7878 2763 1938 7879 2762 1939 7880 2764 1028 7881 2763 1939 7882 2764 1029 7883 2765 1029 7884 2765 1939 7885 2764 1940 7886 2766 1029 7887 2765 1940 7888 2766 1030 7889 2767 1030 7890 2767 1940 7891 2766 1941 7892 2768 1030 7893 2767 1941 7894 2768 1031 7895 2769 1031 7896 2769 1941 7897 2768 1942 7898 2770 1031 7899 2769 1942 7900 2770 1032 7901 2771 1032 7902 2771 1942 7903 2770 1943 7904 2772 1032 7905 2771 1943 7906 2772 1033 7907 2773 1033 7908 2773 1943 7909 2772 1034 7910 2774 1034 7911 2774 1943 7912 2772 1944 7913 2775 1034 7914 2774 1944 7915 2775 1035 7916 2776 1035 7917 2776 1944 7918 2775 1036 7919 2777 1036 7920 2777 1944 7921 2775 1037 7922 2778 1037 7923 2778 1944 7924 2775 1056 7925 2779 1037 7926 2778 1056 7927 2779 1038 7928 2780 1038 7929 2780 1056 7930 2779 1055 7931 2781 1038 7932 2780 1055 7933 2781 1039 7934 2782 1039 7935 2782 1055 7936 2781 1054 7937 2783 1039 7938 2782 1054 7939 2783 1369 7940 2784 1369 7941 2784 1054 7942 2783 1356 7943 2785 1369 7944 2784 1356 7945 2785 1370 7946 2786 1370 7947 2786 1356 7948 2785 1355 7949 2787 1370 7950 2786 1355 7951 2787 1929 7952 2743 1929 7953 2743 1355 7954 2787 1354 7955 2788 1929 7956 2743 1354 7957 2788 1353 7958 2789 1945 7959 2790 1946 7960 2791 1944 7961 2775 1944 7962 2775 1946 7963 2791 1947 7964 2792 1944 7965 2775 1947 7966 2792 1060 7967 2793 1060 7968 2793 1947 7969 2792 1061 7970 2794 1061 7971 2794 1947 7972 2792 1948 7973 2795 1061 7974 2794 1948 7975 2795 1062 7976 2796 1062 7977 2796 1948 7978 2795 1063 7979 2797 1063 7980 2797 1948 7981 2795 1949 7982 2798 1063 7983 2797 1949 7984 2798 1064 7985 2799 1064 7986 2799 1949 7987 2798 1950 7988 2800 1064 7989 2799 1950 7990 2800 1085 7991 2801 1085 7992 2801 1950 7993 2800 1951 7994 2802 1085 7995 2801 1951 7996 2802 1086 7997 2803 1086 7998 2803 1951 7999 2802 1087 8000 2804 1087 8001 2804 1951 8002 2802 1952 8003 2805 1087 8004 2804 1952 8005 2805 1088 8006 2806 1088 8007 2806 1952 8008 2805 1953 8009 2807 1088 8010 2806 1953 8011 2807 1089 8012 2808 1089 8013 2808 1953 8014 2807 1954 8015 2809 1089 8016 2808 1954 8017 2809 1090 8018 2810 1090 8019 2810 1954 8020 2809 1955 8021 2811 1090 8022 2810 1955 8023 2811 1091 8024 2812 1091 8025 2812 1955 8026 2811 1961 8027 2813 1091 8028 2812 1961 8029 2813 1092 8030 2814 1092 8031 2814 1961 8032 2813 1093 8033 2815 1093 8034 2815 1961 8035 2813 1094 8036 2816 1094 8037 2816 1961 8038 2813 1095 8039 2817 1095 8040 2817 1961 8041 2813 1383 8042 2818 1095 8043 2817 1383 8044 2818 1321 8045 2819 1321 8046 2819 1383 8047 2818 1322 8048 2820 1322 8049 2820 1383 8050 2818 1323 8051 2821 1323 8052 2821 1383 8053 2818 1324 8054 2822 1324 8055 2822 1383 8056 2818 1906 8057 2823 1324 8058 2822 1906 8059 2823 1325 8060 2824 1325 8061 2824 1906 8062 2823 1905 8063 2825 1325 8064 2824 1905 8065 2825 1326 8066 2826 1326 8067 2826 1905 8068 2825 1904 8069 2827 1326 8070 2826 1904 8071 2827 1327 8072 2828 1327 8073 2828 1904 8074 2827 1922 8075 2829 1327 8076 2828 1922 8077 2829 1328 8078 2830 1328 8079 2830 1922 8080 2829 1921 8081 2831 1328 8082 2830 1921 8083 2831 1329 8084 2832 1329 8085 2832 1921 8086 2831 1330 8087 2833 1330 8088 2833 1921 8089 2831 1920 8090 2834 1330 8091 2833 1920 8092 2834 1347 8093 2835 1347 8094 2835 1920 8095 2834 1919 8096 2836 1347 8097 2835 1919 8098 2836 1348 8099 2837 1348 8100 2837 1919 8101 2836 1918 8102 2838 1348 8103 2837 1918 8104 2838 1349 8105 2839 1349 8106 2839 1918 8107 2838 1350 8108 2840 1350 8109 2840 1918 8110 2838 1917 8111 2841 1350 8112 2840 1917 8113 2841 1351 8114 2842 1351 8115 2842 1917 8116 2841 1929 8117 2743 1351 8118 2842 1929 8119 2743 1352 8120 2843 1352 8121 2843 1929 8122 2743 1353 8123 2789 1955 8124 2811 1956 8125 2844 1961 8126 2813 1961 8127 2813 1956 8128 2844 1957 8129 2845 1961 8130 2813 1957 8131 2845 1958 8132 2846 1958 8133 2846 1959 8134 2847 1961 8135 2813 1961 8136 2813 1959 8137 2847 1960 8138 2848 1382 8139 2849 1910 8140 2850 1383 8141 2818 1383 8142 2818 1910 8143 2850 1909 8144 2851 1383 8145 2818 1909 8146 2851 1908 8147 2852 1908 8148 2852 1907 8149 2853 1383 8150 2818 1383 8151 2818 1907 8152 2853 1906 8153 2823 1917 8154 2841 1899 8155 2854 1929 8156 2743 1929 8157 2743 1899 8158 2854 1898 8159 2855 1332 8160 2856 1345 8161 2857 1082 8162 2858 1082 8163 2858 1345 8164 2857 1067 8165 2859 1082 8166 2858 1067 8167 2859 1083 8168 2860 1083 8169 2860 1067 8170 2859 1066 8171 2861 1083 8172 2860 1066 8173 2861 1084 8174 2862 1084 8175 2862 1066 8176 2861 1065 8177 2863 1084 8178 2862 1065 8179 2863 1085 8180 2801 1085 8181 2801 1065 8182 2863 1064 8183 2799 1345 8184 2857 1332 8185 2856 1346 8186 2864 1346 8187 2864 1332 8188 2856 1331 8189 2865 1346 8190 2864 1331 8191 2865 1347 8192 2835 1347 8193 2835 1331 8194 2865 1330 8195 2833 1060 8196 2793 1059 8197 2866 1944 8198 2775 1944 8199 2775 1059 8200 2866 1058 8201 2867 1944 8202 2775 1058 8203 2867 1057 8204 2868 1057 8205 2868 1056 8206 2779 1944 8207 2775 1371 8208 2745 1370 8209 2786 1929 8210 2743 1543 8211 2869 1542 8212 2870 1929 8213 2871 1929 8214 2871 1542 8215 2870 1930 8216 2872 1929 8217 2873 1898 8218 2874 1543 8219 2875 1543 8220 2875 1898 8221 2874 1544 8222 2876 1383 8223 2877 1961 8224 2878 1507 8225 2879 1507 8226 2879 1961 8227 2878 1508 8228 2880 1930 8229 2881 1542 8230 2882 1931 8231 2883 1931 8232 2883 1542 8233 2882 1541 8234 2884 1931 8235 2883 1541 8236 2884 1932 8237 2885 1932 8238 2885 1541 8239 2884 1540 8240 2886 1932 8241 2885 1540 8242 2886 1933 8243 2887 1933 8244 2887 1540 8245 2886 1539 8246 2888 1933 8247 2887 1539 8248 2888 1934 8249 2889 1934 8250 2889 1539 8251 2888 1538 8252 2890 1934 8253 2889 1538 8254 2890 1935 8255 2891 1935 8256 2891 1538 8257 2890 1537 8258 2892 1935 8259 2891 1537 8260 2892 1936 8261 2893 1936 8262 2893 1537 8263 2892 1536 8264 2894 1936 8265 2893 1536 8266 2894 1937 8267 2895 1937 8268 2895 1536 8269 2894 1535 8270 2896 1937 8271 2895 1535 8272 2896 1938 8273 2897 1938 8274 2897 1535 8275 2896 1534 8276 2898 1938 8277 2897 1534 8278 2898 1939 8279 2899 1939 8280 2899 1534 8281 2898 1533 8282 2900 1939 8283 2899 1533 8284 2900 1940 8285 2901 1940 8286 2901 1533 8287 2900 1532 8288 2902 1940 8289 2901 1532 8290 2902 1941 8291 2903 1941 8292 2903 1532 8293 2902 1531 8294 2904 1941 8295 2903 1531 8296 2904 1942 8297 2905 1942 8298 2905 1531 8299 2904 1530 8300 2906 1942 8301 2905 1530 8302 2906 1943 8303 2907 1943 8304 2907 1530 8305 2906 1529 8306 2908 1903 8307 2909 1552 8308 2910 1911 8309 2911 1911 8310 2911 1552 8311 2910 1551 8312 2912 1911 8313 2911 1551 8314 2912 1912 8315 2913 1912 8316 2913 1551 8317 2912 1550 8318 2914 1912 8319 2913 1550 8320 2914 1913 8321 2915 1913 8322 2915 1550 8323 2914 1549 8324 2916 1913 8325 2915 1549 8326 2916 1914 8327 2917 1914 8328 2917 1549 8329 2916 1548 8330 2918 1914 8331 2917 1548 8332 2918 1915 8333 2919 1915 8334 2919 1548 8335 2918 1547 8336 2920 1915 8337 2919 1547 8338 2920 1916 8339 2921 1916 8340 2921 1547 8341 2920 1546 8342 2922 1916 8343 2921 1546 8344 2922 1897 8345 2923 1897 8346 2923 1546 8347 2922 1545 8348 2924 786 8349 2925 785 8350 2926 1631 8351 2927 1631 8352 2927 785 8353 2926 1962 8354 2928 1631 8355 2927 1962 8356 2928 1632 8357 2929 1632 8358 2929 1962 8359 2928 1963 8360 2930 1632 8361 2929 1963 8362 2930 1633 8363 2931 1633 8364 2931 1963 8365 2930 1964 8366 2932 1633 8367 2931 1964 8368 2932 1634 8369 2933 1634 8370 2933 1964 8371 2932 1965 8372 2934 1634 8373 2933 1965 8374 2934 1635 8375 2935 1635 8376 2935 1965 8377 2934 1966 8378 2936 1635 8379 2935 1966 8380 2936 1636 8381 2937 1636 8382 2937 1966 8383 2936 1967 8384 2938 1636 8385 2937 1967 8386 2938 1637 8387 2939 1637 8388 2939 1967 8389 2938 1968 8390 2940 1637 8391 2939 1968 8392 2940 1638 8393 2941 1638 8394 2941 1968 8395 2940 1969 8396 2942 1638 8397 2941 1969 8398 2942 1639 8399 2943 1639 8400 2943 1969 8401 2942 1970 8402 2944 1639 8403 2943 1970 8404 2944 1640 8405 2945 1640 8406 2945 1970 8407 2944 1971 8408 2946 1640 8409 2945 1971 8410 2946 1641 8411 2947 1641 8412 2947 1971 8413 2946 1972 8414 2948 1641 8415 2947 1972 8416 2948 1642 8417 2949 1642 8418 2949 1972 8419 2948 1973 8420 2950 1642 8421 2949 1973 8422 2950 799 8423 2951 799 8424 2951 1973 8425 2950 772 8426 2952 1973 8427 2953 1979 8428 2954 772 8429 2955 772 8430 2955 1979 8431 2954 1980 8432 2956 772 8433 2955 1980 8434 2956 773 8435 2957 773 8436 2957 1980 8437 2956 1981 8438 2958 773 8439 2957 1981 8440 2958 774 8441 2959 774 8442 2959 1981 8443 2958 1982 8444 2960 774 8445 2959 1982 8446 2960 775 8447 2961 775 8448 2961 1982 8449 2960 1983 8450 2962 775 8451 2961 1983 8452 2962 776 8453 2963 776 8454 2963 1983 8455 2962 1984 8456 2964 776 8457 2963 1984 8458 2964 777 8459 2965 777 8460 2965 1984 8461 2964 1985 8462 2966 777 8463 2965 1985 8464 2966 778 8465 2967 778 8466 2967 1985 8467 2966 645 8468 2968 778 8469 2967 645 8470 2968 779 8471 2969 779 8472 2969 645 8473 2968 644 8474 2970 779 8475 2969 644 8476 2970 780 8477 2971 780 8478 2971 644 8479 2970 643 8480 2972 780 8481 2971 643 8482 2972 781 8483 2973 781 8484 2973 643 8485 2972 642 8486 2974 781 8487 2973 642 8488 2974 782 8489 2975 782 8490 2975 642 8491 2974 641 8492 2976 782 8493 2975 641 8494 2976 783 8495 2977 783 8496 2977 641 8497 2976 640 8498 2978 783 8499 2977 640 8500 2978 784 8501 2979 784 8502 2979 640 8503 2978 639 8504 2980 784 8505 2979 639 8506 2980 785 8507 2981 785 8508 2981 639 8509 2980 638 8510 2982 785 8511 2981 638 8512 2982 1962 8513 2983 1962 8514 2983 638 8515 2982 637 8516 2984 1962 8517 2983 637 8518 2984 1963 8519 2985 1963 8520 2985 637 8521 2984 636 8522 2986 1963 8523 2985 636 8524 2986 1964 8525 2987 1964 8526 2987 636 8527 2986 635 8528 2988 1964 8529 2987 635 8530 2988 1965 8531 2989 1965 8532 2989 635 8533 2988 634 8534 2990 1965 8535 2989 634 8536 2990 1966 8537 2991 1966 8538 2991 634 8539 2990 633 8540 2992 1966 8541 2991 633 8542 2992 1967 8543 2993 1967 8544 2993 633 8545 2992 632 8546 2994 1967 8547 2993 632 8548 2994 1968 8549 2995 1968 8550 2995 632 8551 2994 1974 8552 2996 1968 8553 2995 1974 8554 2996 1969 8555 2997 1969 8556 2997 1974 8557 2996 1975 8558 2998 1969 8559 2997 1975 8560 2998 1970 8561 2999 1970 8562 2999 1975 8563 2998 1976 8564 3000 1970 8565 2999 1976 8566 3000 1971 8567 3001 1971 8568 3001 1976 8569 3000 1977 8570 3002 1971 8571 3001 1977 8572 3002 1972 8573 3003 1972 8574 3003 1977 8575 3002 1978 8576 3004 1972 8577 3003 1978 8578 3004 1973 8579 2953 1973 8580 2953 1978 8581 3004 1979 8582 2954 758 8583 3005 757 8584 3006 1619 8585 3007 1619 8586 3007 757 8587 3006 1986 8588 3008 1619 8589 3007 1986 8590 3008 1620 8591 3009 1620 8592 3009 1986 8593 3008 1987 8594 3010 1620 8595 3009 1987 8596 3010 1621 8597 3011 1621 8598 3011 1987 8599 3010 1988 8600 3012 1621 8601 3011 1988 8602 3012 1622 8603 3013 1622 8604 3013 1988 8605 3012 1989 8606 3014 1622 8607 3013 1989 8608 3014 1623 8609 3015 1623 8610 3015 1989 8611 3014 1990 8612 3016 1623 8613 3015 1990 8614 3016 1624 8615 3017 1624 8616 3017 1990 8617 3016 1991 8618 3018 1624 8619 3017 1991 8620 3018 1625 8621 3019 1625 8622 3019 1991 8623 3018 1992 8624 3020 1625 8625 3019 1992 8626 3020 1626 8627 3021 1626 8628 3021 1992 8629 3020 1993 8630 3022 1626 8631 3021 1993 8632 3022 1627 8633 3023 1627 8634 3023 1993 8635 3022 1994 8636 3024 1627 8637 3023 1994 8638 3024 1628 8639 3025 1628 8640 3025 1994 8641 3024 1995 8642 3026 1628 8643 3025 1995 8644 3026 1629 8645 3027 1629 8646 3027 1995 8647 3026 1996 8648 3028 1629 8649 3027 1996 8650 3028 1630 8651 3029 1630 8652 3029 1996 8653 3028 1997 8654 3030 1630 8655 3029 1997 8656 3030 771 8657 3031 771 8658 3031 1997 8659 3030 744 8660 3032 1997 8661 3033 2003 8662 3034 744 8663 3035 744 8664 3035 2003 8665 3034 2004 8666 3036 744 8667 3035 2004 8668 3036 745 8669 3037 745 8670 3037 2004 8671 3036 2005 8672 3038 745 8673 3037 2005 8674 3038 746 8675 3039 746 8676 3039 2005 8677 3038 2006 8678 3040 746 8679 3039 2006 8680 3040 747 8681 3041 747 8682 3041 2006 8683 3040 2007 8684 3042 747 8685 3041 2007 8686 3042 748 8687 3043 748 8688 3043 2007 8689 3042 2008 8690 3044 748 8691 3043 2008 8692 3044 749 8693 3045 749 8694 3045 2008 8695 3044 2009 8696 3046 749 8697 3045 2009 8698 3046 750 8699 3047 750 8700 3047 2009 8701 3046 617 8702 3048 750 8703 3047 617 8704 3048 751 8705 3049 751 8706 3049 617 8707 3048 616 8708 3050 751 8709 3049 616 8710 3050 752 8711 3051 752 8712 3051 616 8713 3050 615 8714 3052 752 8715 3051 615 8716 3052 753 8717 3053 753 8718 3053 615 8719 3052 614 8720 3054 753 8721 3053 614 8722 3054 754 8723 3055 754 8724 3055 614 8725 3054 613 8726 3056 754 8727 3055 613 8728 3056 755 8729 3057 755 8730 3057 613 8731 3056 612 8732 3058 755 8733 3057 612 8734 3058 756 8735 3059 756 8736 3059 612 8737 3058 611 8738 3060 756 8739 3059 611 8740 3060 757 8741 3061 757 8742 3061 611 8743 3060 610 8744 3062 757 8745 3061 610 8746 3062 1986 8747 3063 1986 8748 3063 610 8749 3062 609 8750 3064 1986 8751 3063 609 8752 3064 1987 8753 3065 1987 8754 3065 609 8755 3064 608 8756 3066 1987 8757 3065 608 8758 3066 1988 8759 3067 1988 8760 3067 608 8761 3066 607 8762 3068 1988 8763 3067 607 8764 3068 1989 8765 3069 1989 8766 3069 607 8767 3068 606 8768 3070 1989 8769 3069 606 8770 3070 1990 8771 3071 1990 8772 3071 606 8773 3070 605 8774 3072 1990 8775 3071 605 8776 3072 1991 8777 3073 1991 8778 3073 605 8779 3072 604 8780 3074 1991 8781 3073 604 8782 3074 1992 8783 3075 1992 8784 3075 604 8785 3074 1998 8786 3076 1992 8787 3075 1998 8788 3076 1993 8789 3077 1993 8790 3077 1998 8791 3076 1999 8792 3078 1993 8793 3077 1999 8794 3078 1994 8795 3079 1994 8796 3079 1999 8797 3078 2000 8798 3080 1994 8799 3079 2000 8800 3080 1995 8801 3081 1995 8802 3081 2000 8803 3080 2001 8804 3082 1995 8805 3081 2001 8806 3082 1996 8807 3083 1996 8808 3083 2001 8809 3082 2002 8810 3084 1996 8811 3083 2002 8812 3084 1997 8813 3033 1997 8814 3033 2002 8815 3084 2003 8816 3034 2010 8817 3085 1363 8818 3086 716 8819 3087 716 8820 3087 1363 8821 3086 1362 8822 3088 716 8823 3087 1362 8824 3088 717 8825 3089 717 8826 3089 1362 8827 3088 1361 8828 3090 717 8829 3089 1361 8830 3090 718 8831 3091 718 8832 3091 1361 8833 3090 1360 8834 3092 718 8835 3091 1360 8836 3092 719 8837 3093 719 8838 3093 1360 8839 3092 1359 8840 3094 719 8841 3093 1359 8842 3094 720 8843 3095 720 8844 3095 1359 8845 3094 1358 8846 3096 720 8847 3095 1358 8848 3096 721 8849 3097 721 8850 3097 1358 8851 3096 1357 8852 3098 721 8853 3097 1357 8854 3098 722 8855 3099 722 8856 3099 1357 8857 3098 1025 8858 3100 722 8859 3099 1025 8860 3100 723 8861 3101 723 8862 3101 1025 8863 3100 1024 8864 3102 723 8865 3101 1024 8866 3102 724 8867 3103 724 8868 3103 1024 8869 3102 1023 8870 3104 724 8871 3103 1023 8872 3104 725 8873 3105 725 8874 3105 1023 8875 3104 1022 8876 3106 725 8877 3105 1022 8878 3106 726 8879 3107 726 8880 3107 1022 8881 3106 1021 8882 3108 726 8883 3107 1021 8884 3108 727 8885 3109 727 8886 3109 1021 8887 3108 1020 8888 3110 727 8889 3109 1020 8890 3110 728 8891 3111 728 8892 3111 1020 8893 3110 1019 8894 3112 728 8895 3111 1019 8896 3112 729 8897 3113 729 8898 3113 1019 8899 3112 1018 8900 3114 729 8901 3113 1018 8902 3114 2021 8903 3115 2021 8904 3115 1018 8905 3114 1017 8906 3116 2021 8907 3115 1017 8908 3116 2020 8909 3117 2020 8910 3117 1017 8911 3116 1016 8912 3118 2020 8913 3117 1016 8914 3118 2019 8915 3119 2019 8916 3119 1016 8917 3118 1015 8918 3120 2019 8919 3119 1015 8920 3120 2018 8921 3121 2018 8922 3121 1015 8923 3120 1014 8924 3122 2018 8925 3121 1014 8926 3122 2017 8927 3123 2017 8928 3123 1014 8929 3122 1013 8930 3124 2017 8931 3123 1013 8932 3124 2016 8933 3125 2016 8934 3125 1013 8935 3124 1012 8936 3126 2016 8937 3125 1012 8938 3126 2015 8939 3127 2015 8940 3127 1012 8941 3126 1368 8942 3128 2015 8943 3127 1368 8944 3128 2014 8945 3129 2014 8946 3129 1368 8947 3128 1367 8948 3130 2014 8949 3129 1367 8950 3130 2013 8951 3131 2013 8952 3131 1367 8953 3130 1366 8954 3132 2013 8955 3131 1366 8956 3132 2012 8957 3133 2012 8958 3133 1366 8959 3132 1365 8960 3134 2012 8961 3133 1365 8962 3134 2011 8963 3135 2011 8964 3135 1365 8965 3134 1364 8966 3136 2011 8967 3135 1364 8968 3136 2010 8969 3085 2010 8970 3085 1364 8971 3136 1363 8972 3086 730 8973 3137 729 8974 3138 1607 8975 3139 1607 8976 3139 729 8977 3138 2021 8978 3140 1607 8979 3139 2021 8980 3140 1608 8981 3141 1608 8982 3141 2021 8983 3140 2020 8984 3142 1608 8985 3141 2020 8986 3142 1609 8987 3143 1609 8988 3143 2020 8989 3142 2019 8990 3144 1609 8991 3143 2019 8992 3144 1610 8993 3145 1610 8994 3145 2019 8995 3144 2018 8996 3146 1610 8997 3145 2018 8998 3146 1611 8999 3147 1611 9000 3147 2018 9001 3146 2017 9002 3148 1611 9003 3147 2017 9004 3148 1612 9005 3149 1612 9006 3149 2017 9007 3148 2016 9008 3150 1612 9009 3149 2016 9010 3150 1613 9011 3151 1613 9012 3151 2016 9013 3150 2015 9014 3152 1613 9015 3151 2015 9016 3152 1614 9017 3153 1614 9018 3153 2015 9019 3152 2014 9020 3154 1614 9021 3153 2014 9022 3154 1615 9023 3155 1615 9024 3155 2014 9025 3154 2013 9026 3156 1615 9027 3155 2013 9028 3156 1616 9029 3157 1616 9030 3157 2013 9031 3156 2012 9032 3158 1616 9033 3157 2012 9034 3158 1617 9035 3159 1617 9036 3159 2012 9037 3158 2011 9038 3160 1617 9039 3159 2011 9040 3160 1618 9041 3161 1618 9042 3161 2011 9043 3160 2010 9044 3162 1618 9045 3161 2010 9046 3162 743 9047 3163 743 9048 3163 2010 9049 3162 716 9050 3164 2022 9051 3165 1339 9052 3166 688 9053 3167 688 9054 3167 1339 9055 3166 1338 9056 3168 688 9057 3167 1338 9058 3168 689 9059 3169 689 9060 3169 1338 9061 3168 1337 9062 3170 689 9063 3169 1337 9064 3170 690 9065 3171 690 9066 3171 1337 9067 3170 1336 9068 3172 690 9069 3171 1336 9070 3172 691 9071 3173 691 9072 3173 1336 9073 3172 1335 9074 3174 691 9075 3173 1335 9076 3174 692 9077 3175 692 9078 3175 1335 9079 3174 1334 9080 3176 692 9081 3175 1334 9082 3176 693 9083 3177 693 9084 3177 1334 9085 3176 1333 9086 3178 693 9087 3177 1333 9088 3178 694 9089 3179 694 9090 3179 1333 9091 3178 1053 9092 3180 694 9093 3179 1053 9094 3180 695 9095 3181 695 9096 3181 1053 9097 3180 1052 9098 3182 695 9099 3181 1052 9100 3182 696 9101 3183 696 9102 3183 1052 9103 3182 1051 9104 3184 696 9105 3183 1051 9106 3184 697 9107 3185 697 9108 3185 1051 9109 3184 1050 9110 3186 697 9111 3185 1050 9112 3186 698 9113 3187 698 9114 3187 1050 9115 3186 1049 9116 3188 698 9117 3187 1049 9118 3188 699 9119 3189 699 9120 3189 1049 9121 3188 1048 9122 3190 699 9123 3189 1048 9124 3190 700 9125 3191 700 9126 3191 1048 9127 3190 1047 9128 3192 700 9129 3191 1047 9130 3192 701 9131 3193 701 9132 3193 1047 9133 3192 1046 9134 3194 701 9135 3193 1046 9136 3194 2033 9137 3195 2033 9138 3195 1046 9139 3194 1045 9140 3196 2033 9141 3195 1045 9142 3196 2032 9143 3197 2032 9144 3197 1045 9145 3196 1044 9146 3198 2032 9147 3197 1044 9148 3198 2031 9149 3199 2031 9150 3199 1044 9151 3198 1043 9152 3200 2031 9153 3199 1043 9154 3200 2030 9155 3201 2030 9156 3201 1043 9157 3200 1042 9158 3202 2030 9159 3201 1042 9160 3202 2029 9161 3203 2029 9162 3203 1042 9163 3202 1041 9164 3204 2029 9165 3203 1041 9166 3204 2028 9167 3205 2028 9168 3205 1041 9169 3204 1040 9170 3206 2028 9171 3205 1040 9172 3206 2027 9173 3207 2027 9174 3207 1040 9175 3206 1344 9176 3208 2027 9177 3207 1344 9178 3208 2026 9179 3209 2026 9180 3209 1344 9181 3208 1343 9182 3210 2026 9183 3209 1343 9184 3210 2025 9185 3211 2025 9186 3211 1343 9187 3210 1342 9188 3212 2025 9189 3211 1342 9190 3212 2024 9191 3213 2024 9192 3213 1342 9193 3212 1341 9194 3214 2024 9195 3213 1341 9196 3214 2023 9197 3215 2023 9198 3215 1341 9199 3214 1340 9200 3216 2023 9201 3215 1340 9202 3216 2022 9203 3165 2022 9204 3165 1340 9205 3216 1339 9206 3166 702 9207 3217 701 9208 3218 1595 9209 3219 1595 9210 3219 701 9211 3218 2033 9212 3220 1595 9213 3219 2033 9214 3220 1596 9215 3221 1596 9216 3221 2033 9217 3220 2032 9218 3222 1596 9219 3221 2032 9220 3222 1597 9221 3223 1597 9222 3223 2032 9223 3222 2031 9224 3224 1597 9225 3223 2031 9226 3224 1598 9227 3225 1598 9228 3225 2031 9229 3224 2030 9230 3226 1598 9231 3225 2030 9232 3226 1599 9233 3227 1599 9234 3227 2030 9235 3226 2029 9236 3228 1599 9237 3227 2029 9238 3228 1600 9239 3229 1600 9240 3229 2029 9241 3228 2028 9242 3230 1600 9243 3229 2028 9244 3230 1601 9245 3231 1601 9246 3231 2028 9247 3230 2027 9248 3232 1601 9249 3231 2027 9250 3232 1602 9251 3233 1602 9252 3233 2027 9253 3232 2026 9254 3234 1602 9255 3233 2026 9256 3234 1603 9257 3235 1603 9258 3235 2026 9259 3234 2025 9260 3236 1603 9261 3235 2025 9262 3236 1604 9263 3237 1604 9264 3237 2025 9265 3236 2024 9266 3238 1604 9267 3237 2024 9268 3238 1605 9269 3239 1605 9270 3239 2024 9271 3238 2023 9272 3240 1605 9273 3239 2023 9274 3240 1606 9275 3241 1606 9276 3241 2023 9277 3240 2022 9278 3242 1606 9279 3241 2022 9280 3242 715 9281 3243 715 9282 3243 2022 9283 3242 688 9284 3244 2034 9285 3245 1315 9286 3246 660 9287 3247 660 9288 3247 1315 9289 3246 1314 9290 3248 660 9291 3247 1314 9292 3248 661 9293 3249 661 9294 3249 1314 9295 3248 1313 9296 3250 661 9297 3249 1313 9298 3250 662 9299 3251 662 9300 3251 1313 9301 3250 1312 9302 3252 662 9303 3251 1312 9304 3252 663 9305 3253 663 9306 3253 1312 9307 3252 1311 9308 3254 663 9309 3253 1311 9310 3254 664 9311 3255 664 9312 3255 1311 9313 3254 1310 9314 3256 664 9315 3255 1310 9316 3256 665 9317 3257 665 9318 3257 1310 9319 3256 1309 9320 3258 665 9321 3257 1309 9322 3258 666 9323 3259 666 9324 3259 1309 9325 3258 1081 9326 3260 666 9327 3259 1081 9328 3260 667 9329 3261 667 9330 3261 1081 9331 3260 1080 9332 3262 667 9333 3261 1080 9334 3262 668 9335 3263 668 9336 3263 1080 9337 3262 1079 9338 3264 668 9339 3263 1079 9340 3264 669 9341 3265 669 9342 3265 1079 9343 3264 1078 9344 3266 669 9345 3265 1078 9346 3266 670 9347 3267 670 9348 3267 1078 9349 3266 1077 9350 3268 670 9351 3267 1077 9352 3268 671 9353 3269 671 9354 3269 1077 9355 3268 1076 9356 3270 671 9357 3269 1076 9358 3270 672 9359 3271 672 9360 3271 1076 9361 3270 1075 9362 3272 672 9363 3271 1075 9364 3272 673 9365 3273 673 9366 3273 1075 9367 3272 1074 9368 3274 673 9369 3273 1074 9370 3274 2045 9371 3275 2045 9372 3275 1074 9373 3274 1073 9374 3276 2045 9375 3275 1073 9376 3276 2044 9377 3277 2044 9378 3277 1073 9379 3276 1072 9380 3278 2044 9381 3277 1072 9382 3278 2043 9383 3279 2043 9384 3279 1072 9385 3278 1071 9386 3280 2043 9387 3279 1071 9388 3280 2042 9389 3281 2042 9390 3281 1071 9391 3280 1070 9392 3282 2042 9393 3281 1070 9394 3282 2041 9395 3283 2041 9396 3283 1070 9397 3282 1069 9398 3284 2041 9399 3283 1069 9400 3284 2040 9401 3285 2040 9402 3285 1069 9403 3284 1068 9404 3286 2040 9405 3285 1068 9406 3286 2039 9407 3287 2039 9408 3287 1068 9409 3286 1320 9410 3288 2039 9411 3287 1320 9412 3288 2038 9413 3289 2038 9414 3289 1320 9415 3288 1319 9416 3290 2038 9417 3289 1319 9418 3290 2037 9419 3291 2037 9420 3291 1319 9421 3290 1318 9422 3292 2037 9423 3291 1318 9424 3292 2036 9425 3293 2036 9426 3293 1318 9427 3292 1317 9428 3294 2036 9429 3293 1317 9430 3294 2035 9431 3295 2035 9432 3295 1317 9433 3294 1316 9434 3296 2035 9435 3295 1316 9436 3296 2034 9437 3245 2034 9438 3245 1316 9439 3296 1315 9440 3246 674 9441 3297 673 9442 3298 1583 9443 3299 1583 9444 3299 673 9445 3298 2045 9446 3300 1583 9447 3299 2045 9448 3300 1584 9449 3301 1584 9450 3301 2045 9451 3300 2044 9452 3302 1584 9453 3301 2044 9454 3302 1585 9455 3303 1585 9456 3303 2044 9457 3302 2043 9458 3304 1585 9459 3303 2043 9460 3304 1586 9461 3305 1586 9462 3305 2043 9463 3304 2042 9464 3306 1586 9465 3305 2042 9466 3306 1587 9467 3307 1587 9468 3307 2042 9469 3306 2041 9470 3308 1587 9471 3307 2041 9472 3308 1588 9473 3309 1588 9474 3309 2041 9475 3308 2040 9476 3310 1588 9477 3309 2040 9478 3310 1589 9479 3311 1589 9480 3311 2040 9481 3310 2039 9482 3312 1589 9483 3311 2039 9484 3312 1590 9485 3313 1590 9486 3313 2039 9487 3312 2038 9488 3314 1590 9489 3313 2038 9490 3314 1591 9491 3315 1591 9492 3315 2038 9493 3314 2037 9494 3316 1591 9495 3315 2037 9496 3316 1592 9497 3317 1592 9498 3317 2037 9499 3316 2036 9500 3318 1592 9501 3317 2036 9502 3318 1593 9503 3319 1593 9504 3319 2036 9505 3318 2035 9506 3320 1593 9507 3319 2035 9508 3320 1594 9509 3321 1594 9510 3321 2035 9511 3320 2034 9512 3322 1594 9513 3321 2034 9514 3322 687 9515 3323 687 9516 3323 2034 9517 3322 660 9518 3324 658 9519 3325 647 9520 3326 659 9521 3327 659 9522 3327 647 9523 3326 646 9524 3328 659 9525 3327 646 9526 3328 2057 9527 3329 2057 9528 3329 646 9529 3328 2046 9530 3330 2057 9531 3329 2046 9532 3330 2056 9533 3331 2056 9534 3331 2046 9535 3330 2047 9536 3332 2056 9537 3331 2047 9538 3332 2055 9539 3333 2055 9540 3333 2047 9541 3332 2048 9542 3334 2055 9543 3333 2048 9544 3334 2054 9545 3335 2054 9546 3335 2048 9547 3334 2049 9548 3336 2054 9549 3335 2049 9550 3336 2053 9551 3337 2053 9552 3337 2049 9553 3336 2050 9554 3338 2053 9555 3337 2050 9556 3338 2052 9557 3339 2052 9558 3339 2050 9559 3338 2051 9560 3340 647 9561 3326 658 9562 3325 648 9563 3341 648 9564 3341 658 9565 3325 657 9566 3342 648 9567 3341 657 9568 3342 649 9569 3343 649 9570 3343 657 9571 3342 656 9572 3344 649 9573 3343 656 9574 3344 650 9575 3345 650 9576 3345 656 9577 3344 655 9578 3346 650 9579 3345 655 9580 3346 651 9581 3347 651 9582 3347 655 9583 3346 654 9584 3348 651 9585 3347 654 9586 3348 652 9587 3349 652 9588 3349 654 9589 3348 653 9590 3350 646 9591 3351 645 9592 3352 2046 9593 3353 2046 9594 3353 645 9595 3352 1985 9596 3354 2046 9597 3353 1985 9598 3354 2047 9599 3355 2047 9600 3355 1985 9601 3354 1984 9602 3356 2047 9603 3355 1984 9604 3356 2048 9605 3357 2048 9606 3357 1984 9607 3356 1983 9608 3358 2048 9609 3357 1983 9610 3358 2049 9611 3359 2049 9612 3359 1983 9613 3358 1982 9614 3360 2049 9615 3359 1982 9616 3360 2050 9617 3361 2050 9618 3361 1982 9619 3360 1981 9620 3362 2050 9621 3361 1981 9622 3362 2051 9623 3363 2051 9624 3363 1981 9625 3362 1980 9626 3364 2051 9627 3363 1980 9628 3364 2052 9629 3365 2052 9630 3365 1980 9631 3364 1979 9632 3366 2052 9633 3365 1979 9634 3366 2053 9635 3367 2053 9636 3367 1979 9637 3366 1978 9638 3368 2053 9639 3367 1978 9640 3368 2054 9641 3369 2054 9642 3369 1978 9643 3368 1977 9644 3370 2054 9645 3369 1977 9646 3370 2055 9647 3371 2055 9648 3371 1977 9649 3370 1976 9650 3372 2055 9651 3371 1976 9652 3372 2056 9653 3373 2056 9654 3373 1976 9655 3372 1975 9656 3374 2056 9657 3373 1975 9658 3374 2057 9659 3375 2057 9660 3375 1975 9661 3374 1974 9662 3376 2057 9663 3375 1974 9664 3376 659 9665 3377 659 9666 3377 1974 9667 3376 632 9668 3378 630 9669 3379 619 9670 3380 631 9671 3381 631 9672 3381 619 9673 3380 618 9674 3382 631 9675 3381 618 9676 3382 2069 9677 3383 2069 9678 3383 618 9679 3382 2058 9680 3384 2069 9681 3383 2058 9682 3384 2068 9683 3385 2068 9684 3385 2058 9685 3384 2059 9686 3386 2068 9687 3385 2059 9688 3386 2067 9689 3387 2067 9690 3387 2059 9691 3386 2060 9692 3388 2067 9693 3387 2060 9694 3388 2066 9695 3389 2066 9696 3389 2060 9697 3388 2061 9698 3390 2066 9699 3389 2061 9700 3390 2065 9701 3391 2065 9702 3391 2061 9703 3390 2062 9704 3392 2065 9705 3391 2062 9706 3392 2064 9707 3393 2064 9708 3393 2062 9709 3392 2063 9710 3394 619 9711 3380 630 9712 3379 620 9713 3395 620 9714 3395 630 9715 3379 629 9716 3396 620 9717 3395 629 9718 3396 621 9719 3397 621 9720 3397 629 9721 3396 628 9722 3398 621 9723 3397 628 9724 3398 622 9725 3399 622 9726 3399 628 9727 3398 627 9728 3400 622 9729 3399 627 9730 3400 623 9731 3401 623 9732 3401 627 9733 3400 626 9734 3402 623 9735 3401 626 9736 3402 624 9737 3403 624 9738 3403 626 9739 3402 625 9740 3404 618 9741 3405 617 9742 3406 2058 9743 3407 2058 9744 3407 617 9745 3406 2009 9746 3408 2058 9747 3407 2009 9748 3408 2059 9749 3409 2059 9750 3409 2009 9751 3408 2008 9752 3410 2059 9753 3409 2008 9754 3410 2060 9755 3411 2060 9756 3411 2008 9757 3410 2007 9758 3412 2060 9759 3411 2007 9760 3412 2061 9761 3413 2061 9762 3413 2007 9763 3412 2006 9764 3414 2061 9765 3413 2006 9766 3414 2062 9767 3415 2062 9768 3415 2006 9769 3414 2005 9770 3416 2062 9771 3415 2005 9772 3416 2063 9773 3417 2063 9774 3417 2005 9775 3416 2004 9776 3418 2063 9777 3417 2004 9778 3418 2064 9779 3419 2064 9780 3419 2004 9781 3418 2003 9782 3420 2064 9783 3419 2003 9784 3420 2065 9785 3421 2065 9786 3421 2003 9787 3420 2002 9788 3422 2065 9789 3421 2002 9790 3422 2066 9791 3423 2066 9792 3423 2002 9793 3422 2001 9794 3424 2066 9795 3423 2001 9796 3424 2067 9797 3425 2067 9798 3425 2001 9799 3424 2000 9800 3426 2067 9801 3425 2000 9802 3426 2068 9803 3427 2068 9804 3427 2000 9805 3426 1999 9806 3428 2068 9807 3427 1999 9808 3428 2069 9809 3429 2069 9810 3429 1999 9811 3428 1998 9812 3430 2069 9813 3429 1998 9814 3430 631 9815 3431 631 9816 3431 1998 9817 3430 604 9818 3432 1474 9819 3433 1489 9820 3434 1471 9821 3435 1471 9822 3435 1489 9823 3434 1896 9824 3436 1471 9825 3435 1896 9826 3436 2082 9827 3437 2082 9828 3437 1896 9829 3436 2070 9830 3438 2082 9831 3437 2070 9832 3438 2081 9833 3439 2081 9834 3439 2070 9835 3438 2071 9836 3440 2081 9837 3439 2071 9838 3440 2080 9839 3441 2080 9840 3441 2071 9841 3440 2072 9842 3442 2080 9843 3441 2072 9844 3442 2079 9845 3443 2079 9846 3443 2072 9847 3442 2073 9848 3444 2079 9849 3443 2073 9850 3444 2078 9851 3445 2078 9852 3445 2073 9853 3444 2074 9854 3446 2078 9855 3445 2074 9856 3446 2077 9857 3447 2077 9858 3447 2074 9859 3446 2075 9860 3448 2077 9861 3447 2075 9862 3448 2076 9863 3449 2089 9864 3450 1497 9865 3451 2088 9866 3452 2088 9867 3452 1497 9868 3451 1496 9869 3453 2088 9870 3452 1496 9871 3453 2087 9872 3454 2087 9873 3454 1496 9874 3453 1495 9875 3455 2087 9876 3454 1495 9877 3455 2086 9878 3456 2086 9879 3456 1495 9880 3455 1494 9881 3457 2086 9882 3456 1494 9883 3457 2085 9884 3458 2085 9885 3458 1494 9886 3457 1493 9887 3459 2085 9888 3458 1493 9889 3459 2084 9890 3460 2084 9891 3460 1493 9892 3459 1492 9893 3461 2084 9894 3460 1492 9895 3461 2083 9896 3462 2083 9897 3462 1492 9898 3461 1491 9899 3463 2083 9900 3462 1491 9901 3463 1290 9902 3464 1290 9903 3464 1491 9904 3463 1291 9905 3465 1471 9906 3466 2082 9907 3467 1472 9908 3468 1472 9909 3468 2082 9910 3467 1687 9911 3469 1472 9912 3468 1687 9913 3469 1686 9914 3470 1687 9915 3469 2082 9916 3467 1688 9917 3471 1688 9918 3471 2082 9919 3467 2081 9920 3472 1688 9921 3471 2081 9922 3472 1689 9923 3473 1689 9924 3473 2081 9925 3472 2080 9926 3474 1689 9927 3473 2080 9928 3474 1690 9929 3475 1690 9930 3475 2080 9931 3474 2079 9932 3476 1690 9933 3475 2079 9934 3476 1691 9935 3477 1691 9936 3477 2079 9937 3476 2078 9938 3478 1691 9939 3477 2078 9940 3478 1692 9941 3479 1692 9942 3479 2078 9943 3478 2077 9944 3480 1692 9945 3479 2077 9946 3480 2090 9947 3481 2090 9948 3481 2077 9949 3480 2076 9950 3482 2090 9951 3481 1693 9952 3483 1692 9953 3479 1896 9954 3484 1895 9955 3485 2070 9956 3486 2070 9957 3486 1895 9958 3485 2091 9959 3487 2070 9960 3486 2091 9961 3487 2071 9962 3488 2071 9963 3488 2091 9964 3487 2092 9965 3489 2071 9966 3488 2092 9967 3489 2072 9968 3490 2072 9969 3490 2092 9970 3489 2093 9971 3491 2072 9972 3490 2093 9973 3491 2073 9974 3492 2073 9975 3492 2093 9976 3491 2094 9977 3493 2073 9978 3492 2094 9979 3493 2074 9980 3494 2074 9981 3494 2094 9982 3493 2095 9983 3495 2074 9984 3494 2095 9985 3495 2075 9986 3496 2075 9987 3496 2095 9988 3495 2096 9989 3497 2075 9990 3496 2096 9991 3497 2076 9992 3498 2076 9993 3498 2096 9994 3497 2090 9995 3499 1498 9996 3500 1497 9997 3501 1923 9998 3502 1923 9999 3502 1497 10000 3501 2097 10001 3503 1923 10002 3502 2097 10003 3503 1924 10004 3504 1924 10005 3504 2097 10006 3503 2098 10007 3505 1924 10008 3504 2098 10009 3505 1925 10010 3506 1925 10011 3506 2098 10012 3505 2099 10013 3507 1925 10014 3506 2099 10015 3507 1926 10016 3508 1926 10017 3508 2099 10018 3507 2100 10019 3509 1926 10020 3508 2100 10021 3509 1927 10022 3510 1927 10023 3510 2100 10024 3509 2101 10025 3511 1927 10026 3510 2101 10027 3511 1928 10028 3512 1928 10029 3512 2101 10030 3511 2102 10031 3513 1928 10032 3512 2102 10033 3513 1900 10034 3514 1900 10035 3514 2102 10036 3513 1901 10037 3515 1497 10038 3501 2089 10039 3516 2097 10040 3503 1482 10041 3517 1472 10042 3518 1685 10043 3519 1685 10044 3519 1472 10045 3518 1686 10046 3520 603 10047 3521 1171 10048 3522 2103 10049 3523 2103 10050 3523 1171 10051 3522 1170 10052 3524 2103 10053 3523 1170 10054 3524 1169 10055 3525 602 10056 3526 1173 10057 3527 603 10058 3521 603 10059 3521 1173 10060 3527 1172 10061 3528 603 10062 3521 1172 10063 3528 1171 10064 3522 1173 10065 3527 602 10066 3526 1174 10067 3529 1174 10068 3529 602 10069 3526 601 10070 3530 1174 10071 3529 601 10072 3530 1175 10073 3531 1175 10074 3531 601 10075 3530 600 10076 3532 1175 10077 3531 600 10078 3532 1176 10079 3533 1176 10080 3533 600 10081 3532 599 10082 3534 1176 10083 3533 599 10084 3534 1177 10085 3535 1177 10086 3535 599 10087 3534 598 10088 3536 1177 10089 3535 598 10090 3536 1178 10091 3537 1178 10092 3537 598 10093 3536 597 10094 3538 1178 10095 3537 597 10096 3538 1179 10097 3539 1179 10098 3539 597 10099 3538 596 10100 3540 1179 10101 3539 596 10102 3540 2104 10103 3541 1179 10104 3539 2104 10105 3541 1228 10106 3542 1228 10107 3542 2104 10108 3541 2105 10109 3543 1228 10110 3542 2105 10111 3543 1229 10112 3544 1229 10113 3544 2105 10114 3543 2106 10115 3545 1229 10116 3544 2106 10117 3545 1230 10118 3546 1230 10119 3546 2106 10120 3545 2107 10121 3547 1230 10122 3546 2107 10123 3547 1231 10124 3548 1231 10125 3548 2107 10126 3547 2108 10127 3549 1231 10128 3548 2108 10129 3549 1232 10130 3550 1232 10131 3550 2108 10132 3549 2109 10133 3551 1232 10134 3550 2109 10135 3551 1233 10136 3552 1233 10137 3552 2109 10138 3551 2110 10139 3553 1233 10140 3552 2110 10141 3553 1234 10142 3554 1234 10143 3554 2110 10144 3553 1235 10145 3555 1235 10146 3555 2110 10147 3553 2111 10148 3556 1235 10149 3555 2111 10150 3556 1236 10151 3557 1236 10152 3557 2111 10153 3556 1237 10154 3558 1237 10155 3558 2111 10156 3556 1238 10157 3559 1238 10158 3559 2111 10159 3556 1253 10160 3560 1238 10161 3559 1253 10162 3560 1239 10163 3561 1239 10164 3561 1253 10165 3560 1252 10166 3562 1239 10167 3561 1252 10168 3562 1166 10169 3563 1166 10170 3563 1252 10171 3562 1151 10172 3564 1166 10173 3563 1151 10174 3564 1167 10175 3565 1167 10176 3565 1151 10177 3564 1150 10178 3566 1167 10179 3565 1150 10180 3566 1168 10181 3567 1168 10182 3567 1150 10183 3566 1149 10184 3568 1168 10185 3567 1149 10186 3568 2103 10187 3523 2103 10188 3523 1149 10189 3568 1148 10190 3569 2103 10191 3523 1148 10192 3569 1147 10193 3570 1902 10194 3571 1901 10195 3572 2111 10196 3556 2111 10197 3556 1901 10198 3572 2102 10199 3573 2111 10200 3556 2102 10201 3573 1257 10202 3574 1257 10203 3574 2102 10204 3573 1258 10205 3575 1258 10206 3575 2102 10207 3573 2101 10208 3576 1258 10209 3575 2101 10210 3576 1259 10211 3577 1259 10212 3577 2101 10213 3576 1260 10214 3578 1260 10215 3578 2101 10216 3576 2100 10217 3579 1260 10218 3578 2100 10219 3579 1261 10220 3580 1261 10221 3580 2100 10222 3579 2099 10223 3581 1261 10224 3580 2099 10225 3581 1278 10226 3582 1278 10227 3582 2099 10228 3581 2098 10229 3583 1278 10230 3582 2098 10231 3583 1279 10232 3584 1279 10233 3584 2098 10234 3583 1280 10235 3585 1280 10236 3585 2098 10237 3583 2097 10238 3586 1280 10239 3585 2097 10240 3586 1281 10241 3587 1281 10242 3587 2097 10243 3586 2089 10244 3588 1281 10245 3587 2089 10246 3588 1282 10247 3589 1282 10248 3589 2089 10249 3588 2088 10250 3590 1282 10251 3589 2088 10252 3590 1283 10253 3591 1283 10254 3591 2088 10255 3590 2087 10256 3592 1283 10257 3591 2087 10258 3592 1284 10259 3593 1284 10260 3593 2087 10261 3592 1289 10262 3594 1284 10263 3593 1289 10264 3594 1285 10265 3595 1285 10266 3595 1289 10267 3594 1286 10268 3596 1286 10269 3596 1289 10270 3594 1287 10271 3597 1287 10272 3597 1289 10273 3594 1110 10274 3598 1110 10275 3598 1289 10276 3594 2112 10277 3599 1110 10278 3598 2112 10279 3599 1111 10280 3600 1111 10281 3600 2112 10282 3599 1112 10283 3601 1112 10284 3601 2112 10285 3599 1113 10286 3602 1113 10287 3602 2112 10288 3599 1114 10289 3603 1114 10290 3603 2112 10291 3599 2118 10292 3604 1114 10293 3603 2118 10294 3604 1115 10295 3605 1115 10296 3605 2118 10297 3604 2119 10298 3606 1115 10299 3605 2119 10300 3606 1116 10301 3607 1116 10302 3607 2119 10303 3606 2120 10304 3608 1116 10305 3607 2120 10306 3608 1117 10307 3609 1117 10308 3609 2120 10309 3608 2121 10310 3610 1117 10311 3609 2121 10312 3610 1118 10313 3611 1118 10314 3611 2121 10315 3610 2122 10316 3612 1118 10317 3611 2122 10318 3612 1119 10319 3613 1119 10320 3613 2122 10321 3612 1120 10322 3614 1120 10323 3614 2122 10324 3612 2123 10325 3615 1120 10326 3614 2123 10327 3615 1141 10328 3616 1141 10329 3616 2123 10330 3615 2124 10331 3617 1141 10332 3616 2124 10333 3617 1142 10334 3618 1142 10335 3618 2124 10336 3617 2125 10337 3619 1142 10338 3618 2125 10339 3619 1143 10340 3620 1143 10341 3620 2125 10342 3619 1144 10343 3621 1144 10344 3621 2125 10345 3619 2126 10346 3622 1144 10347 3621 2126 10348 3622 1145 10349 3623 1145 10350 3623 2126 10351 3622 2103 10352 3523 1145 10353 3623 2103 10354 3523 1146 10355 3624 1146 10356 3624 2103 10357 3523 1147 10358 3570 2087 10359 3592 2086 10360 3625 1289 10361 3594 1289 10362 3594 2086 10363 3625 2085 10364 3626 1289 10365 3594 2085 10366 3626 2084 10367 3627 2084 10368 3627 2083 10369 3628 1289 10370 3594 1289 10371 3594 2083 10372 3628 1290 10373 3629 2113 10374 3630 2114 10375 3631 2112 10376 3599 2112 10377 3599 2114 10378 3631 2115 10379 3632 2112 10380 3599 2115 10381 3632 2116 10382 3633 2116 10383 3633 2117 10384 3634 2112 10385 3599 2112 10386 3599 2117 10387 3634 2118 10388 3604 2126 10389 3622 2127 10390 3635 2103 10391 3523 2103 10392 3523 2127 10393 3635 2128 10394 3636 1169 10395 3525 1168 10396 3567 2103 10397 3523 1120 10398 3614 1141 10399 3616 1121 10400 3637 1121 10401 3637 1141 10402 3616 1140 10403 3638 1121 10404 3637 1140 10405 3638 1122 10406 3639 1122 10407 3639 1140 10408 3638 1139 10409 3640 1122 10410 3639 1139 10411 3640 1123 10412 3641 1123 10413 3641 1139 10414 3640 1138 10415 3642 1123 10416 3641 1138 10417 3642 1276 10418 3643 1276 10419 3643 1138 10420 3642 1263 10421 3644 1276 10422 3643 1263 10423 3644 1277 10424 3645 1277 10425 3645 1263 10426 3644 1262 10427 3646 1277 10428 3645 1262 10429 3646 1278 10430 3582 1278 10431 3582 1262 10432 3646 1261 10433 3580 1257 10434 3574 1256 10435 3647 2111 10436 3556 2111 10437 3556 1256 10438 3647 1255 10439 3648 2111 10440 3556 1255 10441 3648 1254 10442 3649 1254 10443 3649 1253 10444 3560 2111 10445 3556 2112 10446 3650 1289 10447 3651 1683 10448 3652 1683 10449 3652 1289 10450 3651 1684 10451 3653 1902 10452 3654 2111 10453 3655 1701 10454 3656 1701 10455 3656 2111 10456 3655 1702 10457 3657 2111 10458 3658 2110 10459 3659 1702 10460 3660 1702 10461 3660 2110 10462 3659 1656 10463 3661 596 10464 3662 595 10465 3663 2104 10466 3664 2104 10467 3664 595 10468 3663 1662 10469 3665 2104 10470 3664 1662 10471 3665 2105 10472 3666 2105 10473 3666 1662 10474 3665 1661 10475 3667 2105 10476 3666 1661 10477 3667 2106 10478 3668 2106 10479 3668 1661 10480 3667 1660 10481 3669 2106 10482 3668 1660 10483 3669 2107 10484 3670 2107 10485 3670 1660 10486 3669 1659 10487 3671 2107 10488 3670 1659 10489 3671 2108 10490 3672 2108 10491 3672 1659 10492 3671 1658 10493 3673 2108 10494 3672 1658 10495 3673 2109 10496 3674 2109 10497 3674 1658 10498 3673 1657 10499 3675 2109 10500 3674 1657 10501 3675 2110 10502 3676 2110 10503 3676 1657 10504 3675 1656 10505 3677 1895 10506 3678 1700 10507 3679 2091 10508 3680 2091 10509 3680 1700 10510 3679 1699 10511 3681 2091 10512 3680 1699 10513 3681 2092 10514 3682 2092 10515 3682 1699 10516 3681 1698 10517 3683 2092 10518 3682 1698 10519 3683 2093 10520 3684 2093 10521 3684 1698 10522 3683 1697 10523 3685 2093 10524 3684 1697 10525 3685 2094 10526 3686 2094 10527 3686 1697 10528 3685 1696 10529 3687 2094 10530 3686 1696 10531 3687 2095 10532 3688 2095 10533 3688 1696 10534 3687 1695 10535 3689 2095 10536 3688 1695 10537 3689 2096 10538 3690 2096 10539 3690 1695 10540 3689 1694 10541 3691 2096 10542 3690 1694 10543 3691 2090 10544 3692 2090 10545 3692 1694 10546 3691 1693 10547 3693 572 10548 3694 2146 10549 3695 573 10550 3696 573 10551 3696 2146 10552 3695 2147 10553 3697 573 10554 3696 2147 10555 3697 2140 10556 3698 2140 10557 3698 2147 10558 3697 2148 10559 3699 2140 10560 3698 2148 10561 3699 2139 10562 3700 2139 10563 3700 2148 10564 3699 2149 10565 3701 2139 10566 3700 2149 10567 3701 2138 10568 3702 2138 10569 3702 2149 10570 3701 2150 10571 3703 2138 10572 3702 2150 10573 3703 2137 10574 3704 2137 10575 3704 2150 10576 3703 2151 10577 3705 2137 10578 3704 2151 10579 3705 2136 10580 3706 2136 10581 3706 2151 10582 3705 2152 10583 3707 2136 10584 3706 2152 10585 3707 2135 10586 3708 2135 10587 3708 2152 10588 3707 433 10589 3709 2135 10590 3708 433 10591 3709 2134 10592 3710 2134 10593 3710 433 10594 3709 432 10595 3711 2134 10596 3710 432 10597 3711 2133 10598 3712 2133 10599 3712 432 10600 3711 431 10601 3713 2133 10602 3712 431 10603 3713 2132 10604 3714 2132 10605 3714 431 10606 3713 430 10607 3715 2132 10608 3714 430 10609 3715 2131 10610 3716 2131 10611 3716 430 10612 3715 429 10613 3717 2131 10614 3716 429 10615 3717 2130 10616 3718 2130 10617 3718 429 10618 3717 428 10619 3719 2130 10620 3718 428 10621 3719 2129 10622 3720 2129 10623 3720 428 10624 3719 427 10625 3721 2129 10626 3720 427 10627 3721 560 10628 3722 560 10629 3722 427 10630 3721 426 10631 3723 560 10632 3722 426 10633 3723 561 10634 3724 561 10635 3724 426 10636 3723 425 10637 3725 561 10638 3724 425 10639 3725 562 10640 3726 562 10641 3726 425 10642 3725 424 10643 3727 562 10644 3726 424 10645 3727 563 10646 3728 563 10647 3728 424 10648 3727 423 10649 3729 563 10650 3728 423 10651 3729 564 10652 3730 564 10653 3730 423 10654 3729 422 10655 3731 564 10656 3730 422 10657 3731 565 10658 3732 565 10659 3732 422 10660 3731 421 10661 3733 565 10662 3732 421 10663 3733 566 10664 3734 566 10665 3734 421 10666 3733 420 10667 3735 566 10668 3734 420 10669 3735 567 10670 3736 567 10671 3736 420 10672 3735 2141 10673 3737 567 10674 3736 2141 10675 3737 568 10676 3738 568 10677 3738 2141 10678 3737 2142 10679 3739 568 10680 3738 2142 10681 3739 569 10682 3740 569 10683 3740 2142 10684 3739 2143 10685 3741 569 10686 3740 2143 10687 3741 570 10688 3742 570 10689 3742 2143 10690 3741 2144 10691 3743 570 10692 3742 2144 10693 3743 571 10694 3744 571 10695 3744 2144 10696 3743 2145 10697 3745 571 10698 3744 2145 10699 3745 572 10700 3694 572 10701 3694 2145 10702 3745 2146 10703 3695 574 10704 3746 573 10705 3747 1739 10706 3748 1739 10707 3748 573 10708 3747 2140 10709 3749 1739 10710 3748 2140 10711 3749 1740 10712 3750 1740 10713 3750 2140 10714 3749 2139 10715 3751 1740 10716 3750 2139 10717 3751 1741 10718 3752 1741 10719 3752 2139 10720 3751 2138 10721 3753 1741 10722 3752 2138 10723 3753 1742 10724 3754 1742 10725 3754 2138 10726 3753 2137 10727 3755 1742 10728 3754 2137 10729 3755 1743 10730 3756 1743 10731 3756 2137 10732 3755 2136 10733 3757 1743 10734 3756 2136 10735 3757 1744 10736 3758 1744 10737 3758 2136 10738 3757 2135 10739 3759 1744 10740 3758 2135 10741 3759 1745 10742 3760 1745 10743 3760 2135 10744 3759 2134 10745 3761 1745 10746 3760 2134 10747 3761 1746 10748 3762 1746 10749 3762 2134 10750 3761 2133 10751 3763 1746 10752 3762 2133 10753 3763 1747 10754 3764 1747 10755 3764 2133 10756 3763 2132 10757 3765 1747 10758 3764 2132 10759 3765 1748 10760 3766 1748 10761 3766 2132 10762 3765 2131 10763 3767 1748 10764 3766 2131 10765 3767 1749 10766 3768 1749 10767 3768 2131 10768 3767 2130 10769 3769 1749 10770 3768 2130 10771 3769 1750 10772 3770 1750 10773 3770 2130 10774 3769 2129 10775 3771 1750 10776 3770 2129 10777 3771 587 10778 3772 587 10779 3772 2129 10780 3771 560 10781 3773 544 10782 3774 2170 10783 3775 545 10784 3776 545 10785 3776 2170 10786 3775 2171 10787 3777 545 10788 3776 2171 10789 3777 2164 10790 3778 2164 10791 3778 2171 10792 3777 2172 10793 3779 2164 10794 3778 2172 10795 3779 2163 10796 3780 2163 10797 3780 2172 10798 3779 2173 10799 3781 2163 10800 3780 2173 10801 3781 2162 10802 3782 2162 10803 3782 2173 10804 3781 2174 10805 3783 2162 10806 3782 2174 10807 3783 2161 10808 3784 2161 10809 3784 2174 10810 3783 2175 10811 3785 2161 10812 3784 2175 10813 3785 2160 10814 3786 2160 10815 3786 2175 10816 3785 2176 10817 3787 2160 10818 3786 2176 10819 3787 2159 10820 3788 2159 10821 3788 2176 10822 3787 405 10823 3789 2159 10824 3788 405 10825 3789 2158 10826 3790 2158 10827 3790 405 10828 3789 404 10829 3791 2158 10830 3790 404 10831 3791 2157 10832 3792 2157 10833 3792 404 10834 3791 403 10835 3793 2157 10836 3792 403 10837 3793 2156 10838 3794 2156 10839 3794 403 10840 3793 402 10841 3795 2156 10842 3794 402 10843 3795 2155 10844 3796 2155 10845 3796 402 10846 3795 401 10847 3797 2155 10848 3796 401 10849 3797 2154 10850 3798 2154 10851 3798 401 10852 3797 400 10853 3799 2154 10854 3798 400 10855 3799 2153 10856 3800 2153 10857 3800 400 10858 3799 399 10859 3801 2153 10860 3800 399 10861 3801 532 10862 3802 532 10863 3802 399 10864 3801 398 10865 3803 532 10866 3802 398 10867 3803 533 10868 3804 533 10869 3804 398 10870 3803 397 10871 3805 533 10872 3804 397 10873 3805 534 10874 3806 534 10875 3806 397 10876 3805 396 10877 3807 534 10878 3806 396 10879 3807 535 10880 3808 535 10881 3808 396 10882 3807 395 10883 3809 535 10884 3808 395 10885 3809 536 10886 3810 536 10887 3810 395 10888 3809 394 10889 3811 536 10890 3810 394 10891 3811 537 10892 3812 537 10893 3812 394 10894 3811 393 10895 3813 537 10896 3812 393 10897 3813 538 10898 3814 538 10899 3814 393 10900 3813 392 10901 3815 538 10902 3814 392 10903 3815 539 10904 3816 539 10905 3816 392 10906 3815 2165 10907 3817 539 10908 3816 2165 10909 3817 540 10910 3818 540 10911 3818 2165 10912 3817 2166 10913 3819 540 10914 3818 2166 10915 3819 541 10916 3820 541 10917 3820 2166 10918 3819 2167 10919 3821 541 10920 3820 2167 10921 3821 542 10922 3822 542 10923 3822 2167 10924 3821 2168 10925 3823 542 10926 3822 2168 10927 3823 543 10928 3824 543 10929 3824 2168 10930 3823 2169 10931 3825 543 10932 3824 2169 10933 3825 544 10934 3774 544 10935 3774 2169 10936 3825 2170 10937 3775 546 10938 3826 545 10939 3827 1727 10940 3828 1727 10941 3828 545 10942 3827 2164 10943 3829 1727 10944 3828 2164 10945 3829 1728 10946 3830 1728 10947 3830 2164 10948 3829 2163 10949 3831 1728 10950 3830 2163 10951 3831 1729 10952 3832 1729 10953 3832 2163 10954 3831 2162 10955 3833 1729 10956 3832 2162 10957 3833 1730 10958 3834 1730 10959 3834 2162 10960 3833 2161 10961 3835 1730 10962 3834 2161 10963 3835 1731 10964 3836 1731 10965 3836 2161 10966 3835 2160 10967 3837 1731 10968 3836 2160 10969 3837 1732 10970 3838 1732 10971 3838 2160 10972 3837 2159 10973 3839 1732 10974 3838 2159 10975 3839 1733 10976 3840 1733 10977 3840 2159 10978 3839 2158 10979 3841 1733 10980 3840 2158 10981 3841 1734 10982 3842 1734 10983 3842 2158 10984 3841 2157 10985 3843 1734 10986 3842 2157 10987 3843 1735 10988 3844 1735 10989 3844 2157 10990 3843 2156 10991 3845 1735 10992 3844 2156 10993 3845 1736 10994 3846 1736 10995 3846 2156 10996 3845 2155 10997 3847 1736 10998 3846 2155 10999 3847 1737 11000 3848 1737 11001 3848 2155 11002 3847 2154 11003 3849 1737 11004 3848 2154 11005 3849 1738 11006 3850 1738 11007 3850 2154 11008 3849 2153 11009 3851 1738 11010 3850 2153 11011 3851 559 11012 3852 559 11013 3852 2153 11014 3851 532 11015 3853 518 11016 3854 517 11017 3855 1775 11018 3856 1775 11019 3856 517 11020 3855 2177 11021 3857 1775 11022 3856 2177 11023 3857 1776 11024 3858 1776 11025 3858 2177 11026 3857 2178 11027 3859 1776 11028 3858 2178 11029 3859 1777 11030 3860 1777 11031 3860 2178 11032 3859 2179 11033 3861 1777 11034 3860 2179 11035 3861 1778 11036 3862 1778 11037 3862 2179 11038 3861 2180 11039 3863 1778 11040 3862 2180 11041 3863 1779 11042 3864 1779 11043 3864 2180 11044 3863 2181 11045 3865 1779 11046 3864 2181 11047 3865 1780 11048 3866 1780 11049 3866 2181 11050 3865 2182 11051 3867 1780 11052 3866 2182 11053 3867 1781 11054 3868 1781 11055 3868 2182 11056 3867 2183 11057 3869 1781 11058 3868 2183 11059 3869 1782 11060 3870 1782 11061 3870 2183 11062 3869 2184 11063 3871 1782 11064 3870 2184 11065 3871 1783 11066 3872 1783 11067 3872 2184 11068 3871 2185 11069 3873 1783 11070 3872 2185 11071 3873 1784 11072 3874 1784 11073 3874 2185 11074 3873 2186 11075 3875 1784 11076 3874 2186 11077 3875 1785 11078 3876 1785 11079 3876 2186 11080 3875 2187 11081 3877 1785 11082 3876 2187 11083 3877 1786 11084 3878 1786 11085 3878 2187 11086 3877 2188 11087 3879 1786 11088 3878 2188 11089 3879 531 11090 3880 531 11091 3880 2188 11092 3879 504 11093 3881 516 11094 3882 1270 11095 3883 517 11096 3884 517 11097 3884 1270 11098 3883 1269 11099 3885 517 11100 3884 1269 11101 3885 2177 11102 3886 2177 11103 3886 1269 11104 3885 1268 11105 3887 2177 11106 3886 1268 11107 3887 2178 11108 3888 2178 11109 3888 1268 11110 3887 1267 11111 3889 2178 11112 3888 1267 11113 3889 2179 11114 3890 2179 11115 3890 1267 11116 3889 1266 11117 3891 2179 11118 3890 1266 11119 3891 2180 11120 3892 2180 11121 3892 1266 11122 3891 1265 11123 3893 2180 11124 3892 1265 11125 3893 2181 11126 3894 2181 11127 3894 1265 11128 3893 1264 11129 3895 2181 11130 3894 1264 11131 3895 2182 11132 3896 2182 11133 3896 1264 11134 3895 1109 11135 3897 2182 11136 3896 1109 11137 3897 2183 11138 3898 2183 11139 3898 1109 11140 3897 1108 11141 3899 2183 11142 3898 1108 11143 3899 2184 11144 3900 2184 11145 3900 1108 11146 3899 1107 11147 3901 2184 11148 3900 1107 11149 3901 2185 11150 3902 2185 11151 3902 1107 11152 3901 1106 11153 3903 2185 11154 3902 1106 11155 3903 2186 11156 3904 2186 11157 3904 1106 11158 3903 1105 11159 3905 2186 11160 3904 1105 11161 3905 2187 11162 3906 2187 11163 3906 1105 11164 3905 1104 11165 3907 2187 11166 3906 1104 11167 3907 2188 11168 3908 2188 11169 3908 1104 11170 3907 1103 11171 3909 2188 11172 3908 1103 11173 3909 504 11174 3910 504 11175 3910 1103 11176 3909 1102 11177 3911 504 11178 3910 1102 11179 3911 505 11180 3912 505 11181 3912 1102 11182 3911 1101 11183 3913 505 11184 3912 1101 11185 3913 506 11186 3914 506 11187 3914 1101 11188 3913 1100 11189 3915 506 11190 3914 1100 11191 3915 507 11192 3916 507 11193 3916 1100 11194 3915 1099 11195 3917 507 11196 3916 1099 11197 3917 508 11198 3918 508 11199 3918 1099 11200 3917 1098 11201 3919 508 11202 3918 1098 11203 3919 509 11204 3920 509 11205 3920 1098 11206 3919 1097 11207 3921 509 11208 3920 1097 11209 3921 510 11210 3922 510 11211 3922 1097 11212 3921 1096 11213 3923 510 11214 3922 1096 11215 3923 511 11216 3924 511 11217 3924 1096 11218 3923 1275 11219 3925 511 11220 3924 1275 11221 3925 512 11222 3926 512 11223 3926 1275 11224 3925 1274 11225 3927 512 11226 3926 1274 11227 3927 513 11228 3928 513 11229 3928 1274 11230 3927 1273 11231 3929 513 11232 3928 1273 11233 3929 514 11234 3930 514 11235 3930 1273 11236 3929 1272 11237 3931 514 11238 3930 1272 11239 3931 515 11240 3932 515 11241 3932 1272 11242 3931 1271 11243 3933 515 11244 3932 1271 11245 3933 516 11246 3882 516 11247 3882 1271 11248 3933 1270 11249 3883 490 11250 3934 489 11251 3935 1715 11252 3936 1715 11253 3936 489 11254 3935 2189 11255 3937 1715 11256 3936 2189 11257 3937 1716 11258 3938 1716 11259 3938 2189 11260 3937 2190 11261 3939 1716 11262 3938 2190 11263 3939 1717 11264 3940 1717 11265 3940 2190 11266 3939 2191 11267 3941 1717 11268 3940 2191 11269 3941 1718 11270 3942 1718 11271 3942 2191 11272 3941 2192 11273 3943 1718 11274 3942 2192 11275 3943 1719 11276 3944 1719 11277 3944 2192 11278 3943 2193 11279 3945 1719 11280 3944 2193 11281 3945 1720 11282 3946 1720 11283 3946 2193 11284 3945 2194 11285 3947 1720 11286 3946 2194 11287 3947 1721 11288 3948 1721 11289 3948 2194 11290 3947 2195 11291 3949 1721 11292 3948 2195 11293 3949 1722 11294 3950 1722 11295 3950 2195 11296 3949 2196 11297 3951 1722 11298 3950 2196 11299 3951 1723 11300 3952 1723 11301 3952 2196 11302 3951 2197 11303 3953 1723 11304 3952 2197 11305 3953 1724 11306 3954 1724 11307 3954 2197 11308 3953 2198 11309 3955 1724 11310 3954 2198 11311 3955 1725 11312 3956 1725 11313 3956 2198 11314 3955 2199 11315 3957 1725 11316 3956 2199 11317 3957 1726 11318 3958 1726 11319 3958 2199 11320 3957 2200 11321 3959 1726 11322 3958 2200 11323 3959 503 11324 3960 503 11325 3960 2200 11326 3959 476 11327 3961 488 11328 3962 1246 11329 3963 489 11330 3964 489 11331 3964 1246 11332 3963 1245 11333 3965 489 11334 3964 1245 11335 3965 2189 11336 3966 2189 11337 3966 1245 11338 3965 1244 11339 3967 2189 11340 3966 1244 11341 3967 2190 11342 3968 2190 11343 3968 1244 11344 3967 1243 11345 3969 2190 11346 3968 1243 11347 3969 2191 11348 3970 2191 11349 3970 1243 11350 3969 1242 11351 3971 2191 11352 3970 1242 11353 3971 2192 11354 3972 2192 11355 3972 1242 11356 3971 1241 11357 3973 2192 11358 3972 1241 11359 3973 2193 11360 3974 2193 11361 3974 1241 11362 3973 1240 11363 3975 2193 11364 3974 1240 11365 3975 2194 11366 3976 2194 11367 3976 1240 11368 3975 1137 11369 3977 2194 11370 3976 1137 11371 3977 2195 11372 3978 2195 11373 3978 1137 11374 3977 1136 11375 3979 2195 11376 3978 1136 11377 3979 2196 11378 3980 2196 11379 3980 1136 11380 3979 1135 11381 3981 2196 11382 3980 1135 11383 3981 2197 11384 3982 2197 11385 3982 1135 11386 3981 1134 11387 3983 2197 11388 3982 1134 11389 3983 2198 11390 3984 2198 11391 3984 1134 11392 3983 1133 11393 3985 2198 11394 3984 1133 11395 3985 2199 11396 3986 2199 11397 3986 1133 11398 3985 1132 11399 3987 2199 11400 3986 1132 11401 3987 2200 11402 3988 2200 11403 3988 1132 11404 3987 1131 11405 3989 2200 11406 3988 1131 11407 3989 476 11408 3990 476 11409 3990 1131 11410 3989 1130 11411 3991 476 11412 3990 1130 11413 3991 477 11414 3992 477 11415 3992 1130 11416 3991 1129 11417 3993 477 11418 3992 1129 11419 3993 478 11420 3994 478 11421 3994 1129 11422 3993 1128 11423 3995 478 11424 3994 1128 11425 3995 479 11426 3996 479 11427 3996 1128 11428 3995 1127 11429 3997 479 11430 3996 1127 11431 3997 480 11432 3998 480 11433 3998 1127 11434 3997 1126 11435 3999 480 11436 3998 1126 11437 3999 481 11438 4000 481 11439 4000 1126 11440 3999 1125 11441 4001 481 11442 4000 1125 11443 4001 482 11444 4002 482 11445 4002 1125 11446 4001 1124 11447 4003 482 11448 4002 1124 11449 4003 483 11450 4004 483 11451 4004 1124 11452 4003 1251 11453 4005 483 11454 4004 1251 11455 4005 484 11456 4006 484 11457 4006 1251 11458 4005 1250 11459 4007 484 11460 4006 1250 11461 4007 485 11462 4008 485 11463 4008 1250 11464 4007 1249 11465 4009 485 11466 4008 1249 11467 4009 486 11468 4010 486 11469 4010 1249 11470 4009 1248 11471 4011 486 11472 4010 1248 11473 4011 487 11474 4012 487 11475 4012 1248 11476 4011 1247 11477 4013 487 11478 4012 1247 11479 4013 488 11480 3962 488 11481 3962 1247 11482 4013 1246 11483 3963 462 11484 4014 461 11485 4015 1703 11486 4016 1703 11487 4016 461 11488 4015 2201 11489 4017 1703 11490 4016 2201 11491 4017 1704 11492 4018 1704 11493 4018 2201 11494 4017 2202 11495 4019 1704 11496 4018 2202 11497 4019 1705 11498 4020 1705 11499 4020 2202 11500 4019 2203 11501 4021 1705 11502 4020 2203 11503 4021 1706 11504 4022 1706 11505 4022 2203 11506 4021 2204 11507 4023 1706 11508 4022 2204 11509 4023 1707 11510 4024 1707 11511 4024 2204 11512 4023 2205 11513 4025 1707 11514 4024 2205 11515 4025 1708 11516 4026 1708 11517 4026 2205 11518 4025 2206 11519 4027 1708 11520 4026 2206 11521 4027 1709 11522 4028 1709 11523 4028 2206 11524 4027 2207 11525 4029 1709 11526 4028 2207 11527 4029 1710 11528 4030 1710 11529 4030 2207 11530 4029 2208 11531 4031 1710 11532 4030 2208 11533 4031 1711 11534 4032 1711 11535 4032 2208 11536 4031 2209 11537 4033 1711 11538 4032 2209 11539 4033 1712 11540 4034 1712 11541 4034 2209 11542 4033 2210 11543 4035 1712 11544 4034 2210 11545 4035 1713 11546 4036 1713 11547 4036 2210 11548 4035 2211 11549 4037 1713 11550 4036 2211 11551 4037 1714 11552 4038 1714 11553 4038 2211 11554 4037 2212 11555 4039 1714 11556 4038 2212 11557 4039 475 11558 4040 475 11559 4040 2212 11560 4039 448 11561 4041 460 11562 4042 1222 11563 4043 461 11564 4044 461 11565 4044 1222 11566 4043 1221 11567 4045 461 11568 4044 1221 11569 4045 2201 11570 4046 2201 11571 4046 1221 11572 4045 1220 11573 4047 2201 11574 4046 1220 11575 4047 2202 11576 4048 2202 11577 4048 1220 11578 4047 1219 11579 4049 2202 11580 4048 1219 11581 4049 2203 11582 4050 2203 11583 4050 1219 11584 4049 1218 11585 4051 2203 11586 4050 1218 11587 4051 2204 11588 4052 2204 11589 4052 1218 11590 4051 1217 11591 4053 2204 11592 4052 1217 11593 4053 2205 11594 4054 2205 11595 4054 1217 11596 4053 1216 11597 4055 2205 11598 4054 1216 11599 4055 2206 11600 4056 2206 11601 4056 1216 11602 4055 1165 11603 4057 2206 11604 4056 1165 11605 4057 2207 11606 4058 2207 11607 4058 1165 11608 4057 1164 11609 4059 2207 11610 4058 1164 11611 4059 2208 11612 4060 2208 11613 4060 1164 11614 4059 1163 11615 4061 2208 11616 4060 1163 11617 4061 2209 11618 4062 2209 11619 4062 1163 11620 4061 1162 11621 4063 2209 11622 4062 1162 11623 4063 2210 11624 4064 2210 11625 4064 1162 11626 4063 1161 11627 4065 2210 11628 4064 1161 11629 4065 2211 11630 4066 2211 11631 4066 1161 11632 4065 1160 11633 4067 2211 11634 4066 1160 11635 4067 2212 11636 4068 2212 11637 4068 1160 11638 4067 1159 11639 4069 2212 11640 4068 1159 11641 4069 448 11642 4070 448 11643 4070 1159 11644 4069 1158 11645 4071 448 11646 4070 1158 11647 4071 449 11648 4072 449 11649 4072 1158 11650 4071 1157 11651 4073 449 11652 4072 1157 11653 4073 450 11654 4074 450 11655 4074 1157 11656 4073 1156 11657 4075 450 11658 4074 1156 11659 4075 451 11660 4076 451 11661 4076 1156 11662 4075 1155 11663 4077 451 11664 4076 1155 11665 4077 452 11666 4078 452 11667 4078 1155 11668 4077 1154 11669 4079 452 11670 4078 1154 11671 4079 453 11672 4080 453 11673 4080 1154 11674 4079 1153 11675 4081 453 11676 4080 1153 11677 4081 454 11678 4082 454 11679 4082 1153 11680 4081 1152 11681 4083 454 11682 4082 1152 11683 4083 455 11684 4084 455 11685 4084 1152 11686 4083 1227 11687 4085 455 11688 4084 1227 11689 4085 456 11690 4086 456 11691 4086 1227 11692 4085 1226 11693 4087 456 11694 4086 1226 11695 4087 457 11696 4088 457 11697 4088 1226 11698 4087 1225 11699 4089 457 11700 4088 1225 11701 4089 458 11702 4090 458 11703 4090 1225 11704 4089 1224 11705 4091 458 11706 4090 1224 11707 4091 459 11708 4092 459 11709 4092 1224 11710 4091 1223 11711 4093 459 11712 4092 1223 11713 4093 460 11714 4042 460 11715 4042 1223 11716 4093 1222 11717 4043 2213 11718 4094 2224 11719 4095 434 11720 4096 434 11721 4096 2224 11722 4095 447 11723 4097 434 11724 4096 447 11725 4097 435 11726 4098 435 11727 4098 447 11728 4097 446 11729 4099 435 11730 4098 446 11731 4099 436 11732 4100 436 11733 4100 446 11734 4099 445 11735 4101 436 11736 4100 445 11737 4101 437 11738 4102 437 11739 4102 445 11740 4101 444 11741 4103 437 11742 4102 444 11743 4103 438 11744 4104 438 11745 4104 444 11746 4103 443 11747 4105 438 11748 4104 443 11749 4105 439 11750 4106 439 11751 4106 443 11752 4105 442 11753 4107 439 11754 4106 442 11755 4107 440 11756 4108 440 11757 4108 442 11758 4107 441 11759 4109 2224 11760 4095 2213 11761 4094 2223 11762 4110 2223 11763 4110 2213 11764 4094 2214 11765 4111 2223 11766 4110 2214 11767 4111 2222 11768 4112 2222 11769 4112 2214 11770 4111 2215 11771 4113 2222 11772 4112 2215 11773 4113 2221 11774 4114 2221 11775 4114 2215 11776 4113 2216 11777 4115 2221 11778 4114 2216 11779 4115 2220 11780 4116 2220 11781 4116 2216 11782 4115 2217 11783 4117 2220 11784 4116 2217 11785 4117 2219 11786 4118 2219 11787 4118 2217 11788 4117 2218 11789 4119 434 11790 4120 433 11791 4121 2213 11792 4122 2213 11793 4122 433 11794 4121 2152 11795 4123 2213 11796 4122 2152 11797 4123 2214 11798 4124 2214 11799 4124 2152 11800 4123 2151 11801 4125 2214 11802 4124 2151 11803 4125 2215 11804 4126 2215 11805 4126 2151 11806 4125 2150 11807 4127 2215 11808 4126 2150 11809 4127 2216 11810 4128 2216 11811 4128 2150 11812 4127 2149 11813 4129 2216 11814 4128 2149 11815 4129 2217 11816 4130 2217 11817 4130 2149 11818 4129 2148 11819 4131 2217 11820 4130 2148 11821 4131 2218 11822 4132 2218 11823 4132 2148 11824 4131 2147 11825 4133 2218 11826 4132 2147 11827 4133 2219 11828 4134 2219 11829 4134 2147 11830 4133 2146 11831 4135 2219 11832 4134 2146 11833 4135 2220 11834 4136 2220 11835 4136 2146 11836 4135 2145 11837 4137 2220 11838 4136 2145 11839 4137 2221 11840 4138 2221 11841 4138 2145 11842 4137 2144 11843 4139 2221 11844 4138 2144 11845 4139 2222 11846 4140 2222 11847 4140 2144 11848 4139 2143 11849 4141 2222 11850 4140 2143 11851 4141 2223 11852 4142 2223 11853 4142 2143 11854 4141 2142 11855 4143 2223 11856 4142 2142 11857 4143 2224 11858 4144 2224 11859 4144 2142 11860 4143 2141 11861 4145 2224 11862 4144 2141 11863 4145 447 11864 4146 447 11865 4146 2141 11866 4145 420 11867 4147 2225 11868 4148 2236 11869 4149 406 11870 4150 406 11871 4150 2236 11872 4149 419 11873 4151 406 11874 4150 419 11875 4151 407 11876 4152 407 11877 4152 419 11878 4151 418 11879 4153 407 11880 4152 418 11881 4153 408 11882 4154 408 11883 4154 418 11884 4153 417 11885 4155 408 11886 4154 417 11887 4155 409 11888 4156 409 11889 4156 417 11890 4155 416 11891 4157 409 11892 4156 416 11893 4157 410 11894 4158 410 11895 4158 416 11896 4157 415 11897 4159 410 11898 4158 415 11899 4159 411 11900 4160 411 11901 4160 415 11902 4159 414 11903 4161 411 11904 4160 414 11905 4161 412 11906 4162 412 11907 4162 414 11908 4161 413 11909 4163 2236 11910 4149 2225 11911 4148 2235 11912 4164 2235 11913 4164 2225 11914 4148 2226 11915 4165 2235 11916 4164 2226 11917 4165 2234 11918 4166 2234 11919 4166 2226 11920 4165 2227 11921 4167 2234 11922 4166 2227 11923 4167 2233 11924 4168 2233 11925 4168 2227 11926 4167 2228 11927 4169 2233 11928 4168 2228 11929 4169 2232 11930 4170 2232 11931 4170 2228 11932 4169 2229 11933 4171 2232 11934 4170 2229 11935 4171 2231 11936 4172 2231 11937 4172 2229 11938 4171 2230 11939 4173 406 11940 4174 405 11941 4175 2225 11942 4176 2225 11943 4176 405 11944 4175 2176 11945 4177 2225 11946 4176 2176 11947 4177 2226 11948 4178 2226 11949 4178 2176 11950 4177 2175 11951 4179 2226 11952 4178 2175 11953 4179 2227 11954 4180 2227 11955 4180 2175 11956 4179 2174 11957 4181 2227 11958 4180 2174 11959 4181 2228 11960 4182 2228 11961 4182 2174 11962 4181 2173 11963 4183 2228 11964 4182 2173 11965 4183 2229 11966 4184 2229 11967 4184 2173 11968 4183 2172 11969 4185 2229 11970 4184 2172 11971 4185 2230 11972 4186 2230 11973 4186 2172 11974 4185 2171 11975 4187 2230 11976 4186 2171 11977 4187 2231 11978 4188 2231 11979 4188 2171 11980 4187 2170 11981 4189 2231 11982 4188 2170 11983 4189 2232 11984 4190 2232 11985 4190 2170 11986 4189 2169 11987 4191 2232 11988 4190 2169 11989 4191 2233 11990 4192 2233 11991 4192 2169 11992 4191 2168 11993 4193 2233 11994 4192 2168 11995 4193 2234 11996 4194 2234 11997 4194 2168 11998 4193 2167 11999 4195 2234 12000 4194 2167 12001 4195 2235 12002 4196 2235 12003 4196 2167 12004 4195 2166 12005 4197 2235 12006 4196 2166 12007 4197 2236 12008 4198 2236 12009 4198 2166 12010 4197 2165 12011 4199 2236 12012 4198 2165 12013 4199 419 12014 4200 419 12015 4200 2165 12016 4199 392 12017 4201 2237 12018 4202 2238 12019 4203 2112 12020 4204 2112 12021 4204 2238 12022 4203 2113 12023 4205 2255 12024 4206 2239 12025 4207 2254 12026 4208 2254 12027 4208 2239 12028 4207 2240 12029 4209 2254 12030 4208 2240 12031 4209 2253 12032 4210 2253 12033 4210 2240 12034 4209 2241 12035 4211 2253 12036 4210 2241 12037 4211 2252 12038 4212 2252 12039 4212 2241 12040 4211 2242 12041 4213 2252 12042 4212 2242 12043 4213 2251 12044 4214 2251 12045 4214 2242 12046 4213 2243 12047 4215 2251 12048 4214 2243 12049 4215 2250 12050 4216 2250 12051 4216 2243 12052 4215 2244 12053 4217 2250 12054 4216 2244 12055 4217 2249 12056 4218 2249 12057 4218 2244 12058 4217 2245 12059 4219 2249 12060 4218 2245 12061 4219 2248 12062 4220 2248 12063 4220 2245 12064 4219 2246 12065 4221 2248 12066 4220 2246 12067 4221 2247 12068 4222 2256 12069 4223 2257 12070 4224 1960 12071 4225 1960 12072 4225 2257 12073 4224 1961 12074 4226 1510 12075 4227 2258 12076 4228 1202 12077 4229 1202 12078 4229 2258 12079 4228 2259 12080 4230 1202 12081 4229 2259 12082 4230 2260 12083 4231 2260 12084 4231 2261 12085 4232 1202 12086 4229 1202 12087 4229 2261 12088 4232 2262 12089 4233 1202 12090 4229 2262 12091 4233 2263 12092 4234 2263 12093 4234 1203 12094 4235 1202 12095 4229 1206 12096 4236 2264 12097 4237 1207 12098 4238 1207 12099 4238 2264 12100 4237 2265 12101 4239 1207 12102 4238 2265 12103 4239 2266 12104 4240 2266 12105 4240 2267 12106 4241 1207 12107 4238 1207 12108 4238 2267 12109 4241 2268 12110 4242 1207 12111 4238 2268 12112 4242 2269 12113 4243 2269 12114 4243 1681 12115 4244 1207 12116 4238 1201 12117 4245 324 12118 4246 2270 12119 4247 2270 12120 4247 324 12121 4246 323 12122 4248 2270 12123 4247 323 12124 4248 322 12125 4249 1200 12126 4250 356 12127 4251 1201 12128 4245 1201 12129 4245 356 12130 4251 329 12131 4252 1201 12132 4245 329 12133 4252 328 12134 4253 2271 12135 4254 389 12136 4255 1200 12137 4250 1200 12138 4250 389 12139 4255 388 12140 4256 1200 12141 4250 388 12142 4256 387 12143 4257 2272 12144 4258 2297 12145 4259 2271 12146 4254 2271 12147 4254 2297 12148 4259 391 12149 4260 2271 12150 4254 391 12151 4260 390 12152 4261 2297 12153 4259 2272 12154 4258 2296 12155 4262 2296 12156 4262 2272 12157 4258 2273 12158 4263 2296 12159 4262 2273 12160 4263 2295 12161 4264 2295 12162 4264 2273 12163 4263 2274 12164 4265 2295 12165 4264 2274 12166 4265 2294 12167 4266 2294 12168 4266 2274 12169 4265 2275 12170 4267 2294 12171 4266 2275 12172 4267 2293 12173 4268 2293 12174 4268 2275 12175 4267 2276 12176 4269 2293 12177 4268 2276 12178 4269 2292 12179 4270 2292 12180 4270 2276 12181 4269 2277 12182 4271 2292 12183 4270 2277 12184 4271 2278 12185 4272 2279 12186 4273 2304 12187 4274 2278 12188 4272 2278 12189 4272 2304 12190 4274 2305 12191 4275 2278 12192 4272 2305 12193 4275 2290 12194 4276 2290 12195 4276 2305 12196 4275 2289 12197 4277 2289 12198 4277 2305 12199 4275 2306 12200 4278 2289 12201 4277 2306 12202 4278 2288 12203 4279 2288 12204 4279 2306 12205 4278 2307 12206 4280 2288 12207 4279 2307 12208 4280 2287 12209 4281 2287 12210 4281 2307 12211 4280 2308 12212 4282 2287 12213 4281 2308 12214 4282 2286 12215 4283 2286 12216 4283 2308 12217 4282 2309 12218 4284 2286 12219 4283 2309 12220 4284 378 12221 4285 378 12222 4285 2309 12223 4284 363 12224 4286 378 12225 4285 363 12226 4286 379 12227 4287 379 12228 4287 363 12229 4286 362 12230 4288 379 12231 4287 362 12232 4288 380 12233 4289 380 12234 4289 362 12235 4288 361 12236 4290 380 12237 4289 361 12238 4290 381 12239 4291 381 12240 4291 361 12241 4290 360 12242 4292 381 12243 4291 360 12244 4292 382 12245 4293 382 12246 4293 360 12247 4292 359 12248 4294 382 12249 4293 359 12250 4294 383 12251 4295 383 12252 4295 359 12253 4294 358 12254 4296 383 12255 4295 358 12256 4296 384 12257 4297 384 12258 4297 358 12259 4296 357 12260 4298 384 12261 4297 357 12262 4298 1200 12263 4250 1200 12264 4250 357 12265 4298 356 12266 4251 2280 12267 4299 2315 12268 4300 2279 12269 4273 2279 12270 4273 2315 12271 4300 2316 12272 4301 2279 12273 4273 2316 12274 4301 2317 12275 4302 2280 12276 4299 2281 12277 4303 2315 12278 4300 2315 12279 4300 2281 12280 4303 2314 12281 4304 2314 12282 4304 2281 12283 4303 2282 12284 4305 2314 12285 4304 2282 12286 4305 2313 12287 4306 2313 12288 4306 2282 12289 4305 2283 12290 4307 2313 12291 4306 2283 12292 4307 2312 12293 4308 2312 12294 4308 2283 12295 4307 2284 12296 4309 2312 12297 4308 2284 12298 4309 2311 12299 4310 2311 12300 4310 2284 12301 4309 2285 12302 4311 2311 12303 4310 2285 12304 4311 2310 12305 4312 2310 12306 4312 2285 12307 4311 2270 12308 4247 2310 12309 4312 2270 12310 4247 322 12311 4249 390 12312 4261 389 12313 4255 2271 12314 4254 387 12315 4257 386 12316 4313 1200 12317 4250 1200 12318 4250 386 12319 4313 385 12320 4314 1200 12321 4250 385 12322 4314 384 12323 4297 2290 12324 4276 2291 12325 4315 2278 12326 4272 2278 12327 4272 2291 12328 4315 2292 12329 4270 329 12330 4252 356 12331 4251 330 12332 4316 330 12333 4316 356 12334 4251 355 12335 4317 330 12336 4316 355 12337 4317 331 12338 4318 331 12339 4318 355 12340 4317 354 12341 4319 331 12342 4318 354 12343 4319 332 12344 4320 332 12345 4320 354 12346 4319 353 12347 4321 332 12348 4320 353 12349 4321 333 12350 4322 333 12351 4322 353 12352 4321 352 12353 4323 333 12354 4322 352 12355 4323 334 12356 4324 334 12357 4324 352 12358 4323 351 12359 4325 334 12360 4324 351 12361 4325 335 12362 4326 335 12363 4326 351 12364 4325 350 12365 4327 335 12366 4326 350 12367 4327 2321 12368 4328 2321 12369 4328 350 12370 4327 2298 12371 4329 2321 12372 4328 2298 12373 4329 2320 12374 4330 2320 12375 4330 2298 12376 4329 2299 12377 4331 2320 12378 4330 2299 12379 4331 2319 12380 4332 2319 12381 4332 2299 12382 4331 2300 12383 4333 2319 12384 4332 2300 12385 4333 2318 12386 4334 2318 12387 4334 2300 12388 4333 2301 12389 4335 2318 12390 4334 2301 12391 4335 2317 12392 4302 2317 12393 4302 2301 12394 4335 2302 12395 4336 2317 12396 4302 2302 12397 4336 2279 12398 4273 2279 12399 4273 2302 12400 4336 2303 12401 4337 2279 12402 4273 2303 12403 4337 2304 12404 4274 328 12405 4253 327 12406 4338 1201 12407 4245 1201 12408 4245 327 12409 4338 326 12410 4339 1201 12411 4245 326 12412 4339 325 12413 4340 325 12414 4340 324 12415 4246 1201 12416 4245 1510 12417 4341 1202 12418 4342 2270 12419 4343 2270 12420 4343 1202 12421 4342 1201 12422 4344 2271 12423 4345 1200 12424 4346 1681 12425 4347 1681 12426 4347 1200 12427 4346 1207 12428 4348 2322 12429 4349 2323 12430 4350 2278 12431 4351 2278 12432 4351 2323 12433 4350 2254 12434 4352 2278 12435 4351 2254 12436 4352 2279 12437 4353 2279 12438 4353 2254 12439 4352 2325 12440 4354 2323 12441 4350 2324 12442 4355 2254 12443 4352 2254 12444 4352 2324 12445 4355 2255 12446 4356 1510 12447 4357 2270 12448 4358 2332 12449 4359 2332 12450 4359 2270 12451 4358 2285 12452 4360 2332 12453 4359 2285 12454 4360 2331 12455 4361 2331 12456 4361 2285 12457 4360 2284 12458 4362 2331 12459 4361 2284 12460 4362 2330 12461 4363 2330 12462 4363 2284 12463 4362 2283 12464 4364 2330 12465 4363 2283 12466 4364 2329 12467 4365 2329 12468 4365 2283 12469 4364 2282 12470 4366 2329 12471 4365 2282 12472 4366 2328 12473 4367 2328 12474 4367 2282 12475 4366 2281 12476 4368 2328 12477 4367 2281 12478 4368 2327 12479 4369 2327 12480 4369 2281 12481 4368 2280 12482 4370 2327 12483 4369 2280 12484 4370 2325 12485 4371 2325 12486 4371 2280 12487 4370 2279 12488 4372 2325 12489 4371 2326 12490 4373 2327 12491 4369 2271 12492 4374 1681 12493 4375 2272 12494 4376 2272 12495 4376 1681 12496 4375 2333 12497 4377 2272 12498 4376 2333 12499 4377 2273 12500 4378 2273 12501 4378 2333 12502 4377 2334 12503 4379 2273 12504 4378 2334 12505 4379 2274 12506 4380 2274 12507 4380 2334 12508 4379 2335 12509 4381 2274 12510 4380 2335 12511 4381 2275 12512 4382 2275 12513 4382 2335 12514 4381 2336 12515 4383 2275 12516 4382 2336 12517 4383 2276 12518 4384 2276 12519 4384 2336 12520 4383 2337 12521 4385 2276 12522 4384 2337 12523 4385 2277 12524 4386 2277 12525 4386 2337 12526 4385 2338 12527 4387 2277 12528 4386 2338 12529 4387 2322 12530 4388 2322 12531 4388 2338 12532 4387 2339 12533 4389 2322 12534 4388 2278 12535 4390 2277 12536 4386 2255 12537 4391 2324 12538 4392 2239 12539 4393 2239 12540 4393 2324 12541 4392 2340 12542 4394 1510 12543 4395 2332 12544 4396 1511 12545 4397 1511 12546 4397 2332 12547 4396 2331 12548 4398 1511 12549 4397 2331 12550 4398 2330 12551 4399 2330 12552 4399 2329 12553 4400 1511 12554 4397 1511 12555 4397 2329 12556 4400 2328 12557 4401 1511 12558 4397 2328 12559 4401 2327 12560 4402 2327 12561 4402 2326 12562 4403 1511 12563 4397 2238 12564 4404 2237 12565 4405 2347 12566 4406 2347 12567 4406 2237 12568 4405 2346 12569 4407 2346 12570 4407 2237 12571 4405 2345 12572 4408 2345 12573 4408 2237 12574 4405 2344 12575 4409 2344 12576 4409 2237 12577 4405 2343 12578 4410 2343 12579 4410 2237 12580 4405 2342 12581 4411 2342 12582 4411 2237 12583 4405 2341 12584 4412 2256 12585 4413 2348 12586 4414 2257 12587 4415 2257 12588 4415 2348 12589 4414 2349 12590 4416 2257 12591 4415 2349 12592 4416 2350 12593 4417 2350 12594 4417 2351 12595 4418 2257 12596 4415 2257 12597 4415 2351 12598 4418 2352 12599 4419 2257 12600 4415 2352 12601 4419 2353 12602 4420 2353 12603 4420 2354 12604 4421 2257 12605 4415 1204 12606 4422 1203 12607 4423 2360 12608 4424 2360 12609 4424 1203 12610 4423 2263 12611 4425 2360 12612 4424 2263 12613 4425 2359 12614 4426 2359 12615 4426 2263 12616 4425 2262 12617 4427 2359 12618 4426 2262 12619 4427 2358 12620 4428 2358 12621 4428 2262 12622 4427 2261 12623 4429 2358 12624 4428 2261 12625 4429 2357 12626 4430 2357 12627 4430 2261 12628 4429 2260 12629 4431 2357 12630 4430 2260 12631 4431 2356 12632 4432 2356 12633 4432 2260 12634 4431 2259 12635 4433 2356 12636 4432 2259 12637 4433 2355 12638 4434 2355 12639 4434 2259 12640 4433 2258 12641 4435 2355 12642 4434 2258 12643 4435 1509 12644 4436 1509 12645 4436 2258 12646 4435 1510 12647 4437 1682 12648 4438 1681 12649 4439 2366 12650 4440 2366 12651 4440 1681 12652 4439 2269 12653 4441 2366 12654 4440 2269 12655 4441 2365 12656 4442 2365 12657 4442 2269 12658 4441 2268 12659 4443 2365 12660 4442 2268 12661 4443 2364 12662 4444 2364 12663 4444 2268 12664 4443 2267 12665 4445 2364 12666 4444 2267 12667 4445 2363 12668 4446 2363 12669 4446 2267 12670 4445 2266 12671 4447 2363 12672 4446 2266 12673 4447 2362 12674 4448 2362 12675 4448 2266 12676 4447 2265 12677 4449 2362 12678 4448 2265 12679 4449 2361 12680 4450 2361 12681 4450 2265 12682 4449 2264 12683 4451 2361 12684 4450 2264 12685 4451 1205 12686 4452 1205 12687 4452 2264 12688 4451 1206 12689 4453 2354 12690 4454 2341 12691 4455 2257 12692 4456 2257 12693 4456 2341 12694 4455 2237 12695 4457 2257 12696 4456 2237 12697 4457 1204 12698 4458 1204 12699 4458 2237 12700 4457 1205 12701 4459 1205 12702 4459 2237 12703 4457 2366 12704 4460 1205 12705 4459 2366 12706 4460 2365 12707 4461 2366 12708 4460 2237 12709 4457 1682 12710 4462 1682 12711 4462 2237 12712 4457 2112 12713 4463 1682 12714 4462 2112 12715 4463 1683 12716 4464 2365 12717 4461 2364 12718 4465 1205 12719 4459 1205 12720 4459 2364 12721 4465 2363 12722 4466 1205 12723 4459 2363 12724 4466 2362 12725 4467 2362 12726 4467 2361 12727 4468 1205 12728 4459 2360 12729 4469 2359 12730 4470 1204 12731 4458 1204 12732 4458 2359 12733 4470 2358 12734 4471 1204 12735 4458 2358 12736 4471 2357 12737 4472 2357 12738 4472 2356 12739 4473 1204 12740 4458 1204 12741 4458 2356 12742 4473 2355 12743 4474 1204 12744 4458 2355 12745 4474 2257 12746 4456 2257 12747 4456 2355 12748 4474 1509 12749 4475 2257 12750 4456 1509 12751 4475 1961 12752 4476 1961 12753 4476 1509 12754 4475 1508 12755 4477 2339 12756 4478 2338 12757 4479 1680 12758 4480 1680 12759 4480 2338 12760 4479 2337 12761 4481 1680 12762 4480 2337 12763 4481 2336 12764 4482 2336 12765 4482 2335 12766 4483 1680 12767 4480 1680 12768 4480 2335 12769 4483 2334 12770 4484 1680 12771 4480 2334 12772 4484 2333 12773 4485 2333 12774 4485 1681 12775 4486 1680 12776 4480 376 12777 4487 295 12778 4488 377 12779 4489 377 12780 4489 295 12781 4488 294 12782 4490 377 12783 4489 294 12784 4490 2379 12785 4491 295 12786 4488 376 12787 4487 296 12788 4492 296 12789 4492 376 12790 4487 375 12791 4493 296 12792 4492 375 12793 4493 297 12794 4494 297 12795 4494 375 12796 4493 374 12797 4495 297 12798 4494 374 12799 4495 298 12800 4496 298 12801 4496 374 12802 4495 373 12803 4497 298 12804 4496 373 12805 4497 299 12806 4498 299 12807 4498 373 12808 4497 372 12809 4499 299 12810 4498 372 12811 4499 300 12812 4500 300 12813 4500 372 12814 4499 371 12815 4501 300 12816 4500 371 12817 4501 370 12818 4502 300 12819 4500 370 12820 4502 301 12821 4503 301 12822 4503 370 12823 4502 369 12824 4504 301 12825 4503 369 12826 4504 302 12827 4505 302 12828 4505 369 12829 4504 368 12830 4506 302 12831 4505 368 12832 4506 303 12833 4507 303 12834 4507 368 12835 4506 367 12836 4508 303 12837 4507 367 12838 4508 304 12839 4509 304 12840 4509 367 12841 4508 366 12842 4510 304 12843 4509 366 12844 4510 305 12845 4511 305 12846 4511 366 12847 4510 365 12848 4512 305 12849 4511 365 12850 4512 306 12851 4513 306 12852 4513 365 12853 4512 364 12854 4514 306 12855 4513 364 12856 4514 307 12857 4515 307 12858 4515 364 12859 4514 2390 12860 4516 2390 12861 4516 364 12862 4514 2367 12863 4517 2390 12864 4516 2367 12865 4517 2389 12866 4518 2389 12867 4518 2367 12868 4517 2368 12869 4519 2389 12870 4518 2368 12871 4519 2388 12872 4520 2388 12873 4520 2368 12874 4519 2369 12875 4521 2388 12876 4520 2369 12877 4521 2387 12878 4522 2387 12879 4522 2369 12880 4521 2370 12881 4523 2387 12882 4522 2370 12883 4523 2386 12884 4524 2386 12885 4524 2370 12886 4523 2371 12887 4525 2386 12888 4524 2371 12889 4525 2385 12890 4526 2385 12891 4526 2371 12892 4525 2372 12893 4527 2385 12894 4526 2372 12895 4527 2373 12896 4528 2385 12897 4526 2373 12898 4528 2384 12899 4529 2384 12900 4529 2373 12901 4528 2374 12902 4530 2384 12903 4529 2374 12904 4530 2383 12905 4531 2383 12906 4531 2374 12907 4530 2375 12908 4532 2383 12909 4531 2375 12910 4532 2382 12911 4533 2382 12912 4533 2375 12913 4532 2376 12914 4534 2382 12915 4533 2376 12916 4534 2381 12917 4535 2381 12918 4535 2376 12919 4534 2377 12920 4536 2381 12921 4535 2377 12922 4536 2380 12923 4537 2380 12924 4537 2377 12925 4536 2378 12926 4538 2380 12927 4537 2378 12928 4538 2379 12929 4491 2379 12930 4491 2378 12931 4538 377 12932 4489 378 12933 4539 377 12934 4540 2286 12935 4541 2286 12936 4541 377 12937 4540 2378 12938 4542 2286 12939 4541 2378 12940 4542 2287 12941 4543 2287 12942 4543 2378 12943 4542 2377 12944 4544 2287 12945 4543 2377 12946 4544 2288 12947 4545 2288 12948 4545 2377 12949 4544 2376 12950 4546 2288 12951 4545 2376 12952 4546 2289 12953 4547 2289 12954 4547 2376 12955 4546 2375 12956 4548 2289 12957 4547 2375 12958 4548 2290 12959 4549 2290 12960 4549 2375 12961 4548 2374 12962 4550 2290 12963 4549 2374 12964 4550 2291 12965 4551 2291 12966 4551 2374 12967 4550 2373 12968 4552 2291 12969 4551 2373 12970 4552 2292 12971 4553 2292 12972 4553 2373 12973 4552 2372 12974 4554 2292 12975 4553 2372 12976 4554 2293 12977 4555 2293 12978 4555 2372 12979 4554 2371 12980 4556 2293 12981 4555 2371 12982 4556 2294 12983 4557 2294 12984 4557 2371 12985 4556 2370 12986 4558 2294 12987 4557 2370 12988 4558 2295 12989 4559 2295 12990 4559 2370 12991 4558 2369 12992 4560 2295 12993 4559 2369 12994 4560 2296 12995 4561 2296 12996 4561 2369 12997 4560 2368 12998 4562 2296 12999 4561 2368 13000 4562 2297 13001 4563 2297 13002 4563 2368 13003 4562 2367 13004 4564 2297 13005 4563 2367 13006 4564 391 13007 4565 391 13008 4565 2367 13009 4564 364 13010 4566 348 13011 4567 267 13012 4568 349 13013 4569 349 13014 4569 267 13015 4568 266 13016 4570 349 13017 4569 266 13018 4570 2403 13019 4571 267 13020 4568 348 13021 4567 268 13022 4572 268 13023 4572 348 13024 4567 347 13025 4573 268 13026 4572 347 13027 4573 269 13028 4574 269 13029 4574 347 13030 4573 346 13031 4575 269 13032 4574 346 13033 4575 270 13034 4576 270 13035 4576 346 13036 4575 345 13037 4577 270 13038 4576 345 13039 4577 271 13040 4578 271 13041 4578 345 13042 4577 344 13043 4579 271 13044 4578 344 13045 4579 272 13046 4580 272 13047 4580 344 13048 4579 343 13049 4581 272 13050 4580 343 13051 4581 342 13052 4582 272 13053 4580 342 13054 4582 273 13055 4583 273 13056 4583 342 13057 4582 341 13058 4584 273 13059 4583 341 13060 4584 274 13061 4585 274 13062 4585 341 13063 4584 340 13064 4586 274 13065 4585 340 13066 4586 275 13067 4587 275 13068 4587 340 13069 4586 339 13070 4588 275 13071 4587 339 13072 4588 276 13073 4589 276 13074 4589 339 13075 4588 338 13076 4590 276 13077 4589 338 13078 4590 277 13079 4591 277 13080 4591 338 13081 4590 337 13082 4592 277 13083 4591 337 13084 4592 278 13085 4593 278 13086 4593 337 13087 4592 336 13088 4594 278 13089 4593 336 13090 4594 279 13091 4595 279 13092 4595 336 13093 4594 2414 13094 4596 2414 13095 4596 336 13096 4594 2391 13097 4597 2414 13098 4596 2391 13099 4597 2413 13100 4598 2413 13101 4598 2391 13102 4597 2392 13103 4599 2413 13104 4598 2392 13105 4599 2412 13106 4600 2412 13107 4600 2392 13108 4599 2393 13109 4601 2412 13110 4600 2393 13111 4601 2411 13112 4602 2411 13113 4602 2393 13114 4601 2394 13115 4603 2411 13116 4602 2394 13117 4603 2410 13118 4604 2410 13119 4604 2394 13120 4603 2395 13121 4605 2410 13122 4604 2395 13123 4605 2409 13124 4606 2409 13125 4606 2395 13126 4605 2396 13127 4607 2409 13128 4606 2396 13129 4607 2397 13130 4608 2409 13131 4606 2397 13132 4608 2408 13133 4609 2408 13134 4609 2397 13135 4608 2398 13136 4610 2408 13137 4609 2398 13138 4610 2407 13139 4611 2407 13140 4611 2398 13141 4610 2399 13142 4612 2407 13143 4611 2399 13144 4612 2406 13145 4613 2406 13146 4613 2399 13147 4612 2400 13148 4614 2406 13149 4613 2400 13150 4614 2405 13151 4615 2405 13152 4615 2400 13153 4614 2401 13154 4616 2405 13155 4615 2401 13156 4616 2404 13157 4617 2404 13158 4617 2401 13159 4616 2402 13160 4618 2404 13161 4617 2402 13162 4618 2403 13163 4571 2403 13164 4571 2402 13165 4618 349 13166 4569 350 13167 4619 349 13168 4620 2298 13169 4621 2298 13170 4621 349 13171 4620 2402 13172 4622 2298 13173 4621 2402 13174 4622 2299 13175 4623 2299 13176 4623 2402 13177 4622 2401 13178 4624 2299 13179 4623 2401 13180 4624 2300 13181 4625 2300 13182 4625 2401 13183 4624 2400 13184 4626 2300 13185 4625 2400 13186 4626 2301 13187 4627 2301 13188 4627 2400 13189 4626 2399 13190 4628 2301 13191 4627 2399 13192 4628 2302 13193 4629 2302 13194 4629 2399 13195 4628 2398 13196 4630 2302 13197 4629 2398 13198 4630 2303 13199 4631 2303 13200 4631 2398 13201 4630 2397 13202 4632 2303 13203 4631 2397 13204 4632 2304 13205 4633 2304 13206 4633 2397 13207 4632 2396 13208 4634 2304 13209 4633 2396 13210 4634 2305 13211 4635 2305 13212 4635 2396 13213 4634 2395 13214 4636 2305 13215 4635 2395 13216 4636 2306 13217 4637 2306 13218 4637 2395 13219 4636 2394 13220 4638 2306 13221 4637 2394 13222 4638 2307 13223 4639 2307 13224 4639 2394 13225 4638 2393 13226 4640 2307 13227 4639 2393 13228 4640 2308 13229 4641 2308 13230 4641 2393 13231 4640 2392 13232 4642 2308 13233 4641 2392 13234 4642 2309 13235 4643 2309 13236 4643 2392 13237 4642 2391 13238 4644 2309 13239 4643 2391 13240 4644 363 13241 4645 363 13242 4645 2391 13243 4644 336 13244 4646 320 13245 4647 239 13246 4648 321 13247 4649 321 13248 4649 239 13249 4648 238 13250 4650 321 13251 4649 238 13252 4650 2427 13253 4651 239 13254 4648 320 13255 4647 240 13256 4652 240 13257 4652 320 13258 4647 319 13259 4653 240 13260 4652 319 13261 4653 241 13262 4654 241 13263 4654 319 13264 4653 318 13265 4655 241 13266 4654 318 13267 4655 242 13268 4656 242 13269 4656 318 13270 4655 317 13271 4657 242 13272 4656 317 13273 4657 243 13274 4658 243 13275 4658 317 13276 4657 316 13277 4659 243 13278 4658 316 13279 4659 244 13280 4660 244 13281 4660 316 13282 4659 315 13283 4661 244 13284 4660 315 13285 4661 314 13286 4662 244 13287 4660 314 13288 4662 245 13289 4663 245 13290 4663 314 13291 4662 313 13292 4664 245 13293 4663 313 13294 4664 246 13295 4665 246 13296 4665 313 13297 4664 312 13298 4666 246 13299 4665 312 13300 4666 247 13301 4667 247 13302 4667 312 13303 4666 311 13304 4668 247 13305 4667 311 13306 4668 248 13307 4669 248 13308 4669 311 13309 4668 310 13310 4670 248 13311 4669 310 13312 4670 249 13313 4671 249 13314 4671 310 13315 4670 309 13316 4672 249 13317 4671 309 13318 4672 250 13319 4673 250 13320 4673 309 13321 4672 308 13322 4674 250 13323 4673 308 13324 4674 251 13325 4675 251 13326 4675 308 13327 4674 2438 13328 4676 2438 13329 4676 308 13330 4674 2415 13331 4677 2438 13332 4676 2415 13333 4677 2437 13334 4678 2437 13335 4678 2415 13336 4677 2416 13337 4679 2437 13338 4678 2416 13339 4679 2436 13340 4680 2436 13341 4680 2416 13342 4679 2417 13343 4681 2436 13344 4680 2417 13345 4681 2435 13346 4682 2435 13347 4682 2417 13348 4681 2418 13349 4683 2435 13350 4682 2418 13351 4683 2434 13352 4684 2434 13353 4684 2418 13354 4683 2419 13355 4685 2434 13356 4684 2419 13357 4685 2433 13358 4686 2433 13359 4686 2419 13360 4685 2420 13361 4687 2433 13362 4686 2420 13363 4687 2421 13364 4688 2433 13365 4686 2421 13366 4688 2432 13367 4689 2432 13368 4689 2421 13369 4688 2422 13370 4690 2432 13371 4689 2422 13372 4690 2431 13373 4691 2431 13374 4691 2422 13375 4690 2423 13376 4692 2431 13377 4691 2423 13378 4692 2430 13379 4693 2430 13380 4693 2423 13381 4692 2424 13382 4694 2430 13383 4693 2424 13384 4694 2429 13385 4695 2429 13386 4695 2424 13387 4694 2425 13388 4696 2429 13389 4695 2425 13390 4696 2428 13391 4697 2428 13392 4697 2425 13393 4696 2426 13394 4698 2428 13395 4697 2426 13396 4698 2427 13397 4651 2427 13398 4651 2426 13399 4698 321 13400 4649 322 13401 4699 321 13402 4700 2310 13403 4701 2310 13404 4701 321 13405 4700 2426 13406 4702 2310 13407 4701 2426 13408 4702 2311 13409 4703 2311 13410 4703 2426 13411 4702 2425 13412 4704 2311 13413 4703 2425 13414 4704 2312 13415 4705 2312 13416 4705 2425 13417 4704 2424 13418 4706 2312 13419 4705 2424 13420 4706 2313 13421 4707 2313 13422 4707 2424 13423 4706 2423 13424 4708 2313 13425 4707 2423 13426 4708 2314 13427 4709 2314 13428 4709 2423 13429 4708 2422 13430 4710 2314 13431 4709 2422 13432 4710 2315 13433 4711 2315 13434 4711 2422 13435 4710 2421 13436 4712 2315 13437 4711 2421 13438 4712 2316 13439 4713 2316 13440 4713 2421 13441 4712 2420 13442 4714 2316 13443 4713 2420 13444 4714 2317 13445 4715 2317 13446 4715 2420 13447 4714 2419 13448 4716 2317 13449 4715 2419 13450 4716 2318 13451 4717 2318 13452 4717 2419 13453 4716 2418 13454 4718 2318 13455 4717 2418 13456 4718 2319 13457 4719 2319 13458 4719 2418 13459 4718 2417 13460 4720 2319 13461 4719 2417 13462 4720 2320 13463 4721 2320 13464 4721 2417 13465 4720 2416 13466 4722 2320 13467 4721 2416 13468 4722 2321 13469 4723 2321 13470 4723 2416 13471 4722 2415 13472 4724 2321 13473 4723 2415 13474 4724 335 13475 4725 335 13476 4725 2415 13477 4724 308 13478 4726 292 13479 4727 281 13480 4728 293 13481 4729 293 13482 4729 281 13483 4728 280 13484 4730 293 13485 4729 280 13486 4730 2450 13487 4731 2450 13488 4731 280 13489 4730 2439 13490 4732 2450 13491 4731 2439 13492 4732 2449 13493 4733 2449 13494 4733 2439 13495 4732 2440 13496 4734 2449 13497 4733 2440 13498 4734 2448 13499 4735 2448 13500 4735 2440 13501 4734 2441 13502 4736 2448 13503 4735 2441 13504 4736 2447 13505 4737 2447 13506 4737 2441 13507 4736 2442 13508 4738 2447 13509 4737 2442 13510 4738 2446 13511 4739 2446 13512 4739 2442 13513 4738 2443 13514 4740 2446 13515 4739 2443 13516 4740 2445 13517 4741 2445 13518 4741 2443 13519 4740 2444 13520 4742 281 13521 4728 292 13522 4727 282 13523 4743 282 13524 4743 292 13525 4727 291 13526 4744 282 13527 4743 291 13528 4744 283 13529 4745 283 13530 4745 291 13531 4744 290 13532 4746 283 13533 4745 290 13534 4746 284 13535 4747 284 13536 4747 290 13537 4746 289 13538 4748 284 13539 4747 289 13540 4748 285 13541 4749 285 13542 4749 289 13543 4748 288 13544 4750 285 13545 4749 288 13546 4750 286 13547 4751 286 13548 4751 288 13549 4750 287 13550 4752 294 13551 4753 293 13552 4754 2379 13553 4755 2379 13554 4755 293 13555 4754 2450 13556 4756 2379 13557 4755 2450 13558 4756 2380 13559 4757 2380 13560 4757 2450 13561 4756 2449 13562 4758 2380 13563 4757 2449 13564 4758 2381 13565 4759 2381 13566 4759 2449 13567 4758 2448 13568 4760 2381 13569 4759 2448 13570 4760 2382 13571 4761 2382 13572 4761 2448 13573 4760 2447 13574 4762 2382 13575 4761 2447 13576 4762 2383 13577 4763 2383 13578 4763 2447 13579 4762 2446 13580 4764 2383 13581 4763 2446 13582 4764 2384 13583 4765 2384 13584 4765 2446 13585 4764 2445 13586 4766 2384 13587 4765 2445 13588 4766 2385 13589 4767 2385 13590 4767 2445 13591 4766 2444 13592 4768 2385 13593 4767 2444 13594 4768 2386 13595 4769 2386 13596 4769 2444 13597 4768 2443 13598 4770 2386 13599 4769 2443 13600 4770 2387 13601 4771 2387 13602 4771 2443 13603 4770 2442 13604 4772 2387 13605 4771 2442 13606 4772 2388 13607 4773 2388 13608 4773 2442 13609 4772 2441 13610 4774 2388 13611 4773 2441 13612 4774 2389 13613 4775 2389 13614 4775 2441 13615 4774 2440 13616 4776 2389 13617 4775 2440 13618 4776 2390 13619 4777 2390 13620 4777 2440 13621 4776 2439 13622 4778 2390 13623 4777 2439 13624 4778 307 13625 4779 307 13626 4779 2439 13627 4778 280 13628 4780 264 13629 4781 253 13630 4782 265 13631 4783 265 13632 4783 253 13633 4782 252 13634 4784 265 13635 4783 252 13636 4784 2462 13637 4785 2462 13638 4785 252 13639 4784 2451 13640 4786 2462 13641 4785 2451 13642 4786 2461 13643 4787 2461 13644 4787 2451 13645 4786 2452 13646 4788 2461 13647 4787 2452 13648 4788 2460 13649 4789 2460 13650 4789 2452 13651 4788 2453 13652 4790 2460 13653 4789 2453 13654 4790 2459 13655 4791 2459 13656 4791 2453 13657 4790 2454 13658 4792 2459 13659 4791 2454 13660 4792 2458 13661 4793 2458 13662 4793 2454 13663 4792 2455 13664 4794 2458 13665 4793 2455 13666 4794 2457 13667 4795 2457 13668 4795 2455 13669 4794 2456 13670 4796 253 13671 4782 264 13672 4781 254 13673 4797 254 13674 4797 264 13675 4781 263 13676 4798 254 13677 4797 263 13678 4798 255 13679 4799 255 13680 4799 263 13681 4798 262 13682 4800 255 13683 4799 262 13684 4800 256 13685 4801 256 13686 4801 262 13687 4800 261 13688 4802 256 13689 4801 261 13690 4802 257 13691 4803 257 13692 4803 261 13693 4802 260 13694 4804 257 13695 4803 260 13696 4804 258 13697 4805 258 13698 4805 260 13699 4804 259 13700 4806 266 13701 4807 265 13702 4808 2403 13703 4809 2403 13704 4809 265 13705 4808 2462 13706 4810 2403 13707 4809 2462 13708 4810 2404 13709 4811 2404 13710 4811 2462 13711 4810 2461 13712 4812 2404 13713 4811 2461 13714 4812 2405 13715 4813 2405 13716 4813 2461 13717 4812 2460 13718 4814 2405 13719 4813 2460 13720 4814 2406 13721 4815 2406 13722 4815 2460 13723 4814 2459 13724 4816 2406 13725 4815 2459 13726 4816 2407 13727 4817 2407 13728 4817 2459 13729 4816 2458 13730 4818 2407 13731 4817 2458 13732 4818 2408 13733 4819 2408 13734 4819 2458 13735 4818 2457 13736 4820 2408 13737 4819 2457 13738 4820 2409 13739 4821 2409 13740 4821 2457 13741 4820 2456 13742 4822 2409 13743 4821 2456 13744 4822 2410 13745 4823 2410 13746 4823 2456 13747 4822 2455 13748 4824 2410 13749 4823 2455 13750 4824 2411 13751 4825 2411 13752 4825 2455 13753 4824 2454 13754 4826 2411 13755 4825 2454 13756 4826 2412 13757 4827 2412 13758 4827 2454 13759 4826 2453 13760 4828 2412 13761 4827 2453 13762 4828 2413 13763 4829 2413 13764 4829 2453 13765 4828 2452 13766 4830 2413 13767 4829 2452 13768 4830 2414 13769 4831 2414 13770 4831 2452 13771 4830 2451 13772 4832 2414 13773 4831 2451 13774 4832 279 13775 4833 279 13776 4833 2451 13777 4832 252 13778 4834 236 13779 4835 225 13780 4836 237 13781 4837 237 13782 4837 225 13783 4836 224 13784 4838 237 13785 4837 224 13786 4838 2474 13787 4839 2474 13788 4839 224 13789 4838 2463 13790 4840 2474 13791 4839 2463 13792 4840 2473 13793 4841 2473 13794 4841 2463 13795 4840 2464 13796 4842 2473 13797 4841 2464 13798 4842 2472 13799 4843 2472 13800 4843 2464 13801 4842 2465 13802 4844 2472 13803 4843 2465 13804 4844 2471 13805 4845 2471 13806 4845 2465 13807 4844 2466 13808 4846 2471 13809 4845 2466 13810 4846 2470 13811 4847 2470 13812 4847 2466 13813 4846 2467 13814 4848 2470 13815 4847 2467 13816 4848 2469 13817 4849 2469 13818 4849 2467 13819 4848 2468 13820 4850 225 13821 4836 236 13822 4835 226 13823 4851 226 13824 4851 236 13825 4835 235 13826 4852 226 13827 4851 235 13828 4852 227 13829 4853 227 13830 4853 235 13831 4852 234 13832 4854 227 13833 4853 234 13834 4854 228 13835 4855 228 13836 4855 234 13837 4854 233 13838 4856 228 13839 4855 233 13840 4856 229 13841 4857 229 13842 4857 233 13843 4856 232 13844 4858 229 13845 4857 232 13846 4858 230 13847 4859 230 13848 4859 232 13849 4858 231 13850 4860 238 13851 4861 237 13852 4862 2427 13853 4863 2427 13854 4863 237 13855 4862 2474 13856 4864 2427 13857 4863 2474 13858 4864 2428 13859 4865 2428 13860 4865 2474 13861 4864 2473 13862 4866 2428 13863 4865 2473 13864 4866 2429 13865 4867 2429 13866 4867 2473 13867 4866 2472 13868 4868 2429 13869 4867 2472 13870 4868 2430 13871 4869 2430 13872 4869 2472 13873 4868 2471 13874 4870 2430 13875 4869 2471 13876 4870 2431 13877 4871 2431 13878 4871 2471 13879 4870 2470 13880 4872 2431 13881 4871 2470 13882 4872 2432 13883 4873 2432 13884 4873 2470 13885 4872 2469 13886 4874 2432 13887 4873 2469 13888 4874 2433 13889 4875 2433 13890 4875 2469 13891 4874 2468 13892 4876 2433 13893 4875 2468 13894 4876 2434 13895 4877 2434 13896 4877 2468 13897 4876 2467 13898 4878 2434 13899 4877 2467 13900 4878 2435 13901 4879 2435 13902 4879 2467 13903 4878 2466 13904 4880 2435 13905 4879 2466 13906 4880 2436 13907 4881 2436 13908 4881 2466 13909 4880 2465 13910 4882 2436 13911 4881 2465 13912 4882 2437 13913 4883 2437 13914 4883 2465 13915 4882 2464 13916 4884 2437 13917 4883 2464 13918 4884 2438 13919 4885 2438 13920 4885 2464 13921 4884 2463 13922 4886 2438 13923 4885 2463 13924 4886 251 13925 4887 251 13926 4887 2463 13927 4886 224 13928 4888 1665 13929 4889 1664 13930 4890 2478 13931 4891 2478 13932 4891 1664 13933 4890 2128 13934 4892 2478 13935 4891 2128 13936 4892 2477 13937 4893 2477 13938 4893 2128 13939 4892 2340 13940 4894 2340 13941 4894 2128 13942 4892 2127 13943 4895 2340 13944 4894 2127 13945 4895 2475 13946 4896 1946 13947 4897 1945 13948 4898 2475 13949 4896 2475 13950 4896 1945 13951 4898 2239 13952 4899 2475 13953 4896 2239 13954 4899 2340 13955 4894 1527 13956 4900 1526 13957 4901 1945 13958 4898 1945 13959 4898 1526 13960 4901 2476 13961 4902 1945 13962 4898 2476 13963 4902 2239 13964 4899 2239 13965 4899 2476 13966 4902 2240 13967 4903 2254 13968 4904 2253 13969 4905 2325 13970 4906 2325 13971 4906 2253 13972 4905 1513 13973 4907 2325 13974 4906 1513 13975 4907 1512 13976 4908 1513 13977 4907 2253 13978 4905 1514 13979 4909 1514 13980 4909 2253 13981 4905 2252 13982 4910 1514 13983 4909 2252 13984 4910 1515 13985 4911 1515 13986 4911 2252 13987 4910 2251 13988 4912 1515 13989 4911 2251 13990 4912 1516 13991 4913 1516 13992 4913 2251 13993 4912 2250 13994 4914 1516 13995 4913 2250 13996 4914 1517 13997 4915 1517 13998 4915 2250 13999 4914 2249 14000 4916 1517 14001 4915 2249 14002 4916 1518 14003 4917 1518 14004 4917 2249 14005 4916 2248 14006 4918 1518 14007 4917 2248 14008 4918 2479 14009 4919 2479 14010 4919 2248 14011 4918 2247 14012 4920 2479 14013 4919 1519 14014 4921 1518 14015 4917 1953 14016 4922 2354 14017 4923 1954 14018 4924 1954 14019 4924 2354 14020 4923 2353 14021 4925 1954 14022 4924 2353 14023 4925 1955 14024 4926 1955 14025 4926 2353 14026 4925 2352 14027 4927 1955 14028 4926 2352 14029 4927 1956 14030 4928 1956 14031 4928 2352 14032 4927 2351 14033 4929 1956 14034 4928 2351 14035 4929 1957 14036 4930 1957 14037 4930 2351 14038 4929 2350 14039 4931 1957 14040 4930 2350 14041 4931 1958 14042 4932 1958 14043 4932 2350 14044 4931 2349 14045 4933 1958 14046 4932 2349 14047 4933 1959 14048 4934 1959 14049 4934 2349 14050 4933 2348 14051 4935 1959 14052 4934 2348 14053 4935 1960 14054 4936 1960 14055 4936 2348 14056 4935 2256 14057 4937 2240 14058 4938 2476 14059 4939 2241 14060 4940 2241 14061 4940 2476 14062 4939 2480 14063 4941 2241 14064 4940 2480 14065 4941 2242 14066 4942 2242 14067 4942 2480 14068 4941 2481 14069 4943 2242 14070 4942 2481 14071 4943 2243 14072 4944 2243 14073 4944 2481 14074 4943 2482 14075 4945 2243 14076 4944 2482 14077 4945 2244 14078 4946 2244 14079 4946 2482 14080 4945 2483 14081 4947 2244 14082 4946 2483 14083 4947 2245 14084 4948 2245 14085 4948 2483 14086 4947 2484 14087 4949 2245 14088 4948 2484 14089 4949 2246 14090 4950 2246 14091 4950 2484 14092 4949 2485 14093 4951 2246 14094 4950 2485 14095 4951 2247 14096 4952 2247 14097 4952 2485 14098 4951 2479 14099 4953 2354 14100 4954 1953 14101 4955 2491 14102 4956 2491 14103 4956 1953 14104 4955 1952 14105 4957 2491 14106 4956 1952 14107 4957 2490 14108 4958 2490 14109 4958 1952 14110 4957 1951 14111 4959 2490 14112 4958 1951 14113 4959 2489 14114 4960 2489 14115 4960 1951 14116 4959 1950 14117 4961 2489 14118 4960 1950 14119 4961 2488 14120 4962 2488 14121 4962 1950 14122 4961 1949 14123 4963 2488 14124 4962 1949 14125 4963 2487 14126 4964 2487 14127 4964 1949 14128 4963 1948 14129 4965 2487 14130 4964 1948 14131 4965 2486 14132 4966 2486 14133 4966 1948 14134 4965 1947 14135 4967 2486 14136 4966 1947 14137 4967 2475 14138 4968 2475 14139 4968 1947 14140 4967 1946 14141 4969 2326 14142 4970 2325 14143 4971 1511 14144 4972 1511 14145 4972 2325 14146 4971 1512 14147 4973 1529 14148 4974 1528 14149 4975 1943 14150 4976 1943 14151 4976 1528 14152 4975 1944 14153 4977 1945 14154 4978 1944 14155 4979 1527 14156 4980 1527 14157 4980 1944 14158 4979 1528 14159 4981 2476 14160 4982 1526 14161 4983 2480 14162 4984 2480 14163 4984 1526 14164 4983 1525 14165 4985 2480 14166 4984 1525 14167 4985 2481 14168 4986 2481 14169 4986 1525 14170 4985 1524 14171 4987 2481 14172 4986 1524 14173 4987 2482 14174 4988 2482 14175 4988 1524 14176 4987 1523 14177 4989 2482 14178 4988 1523 14179 4989 2483 14180 4990 2483 14181 4990 1523 14182 4989 1522 14183 4991 2483 14184 4990 1522 14185 4991 2484 14186 4992 2484 14187 4992 1522 14188 4991 1521 14189 4993 2484 14190 4992 1521 14191 4993 2485 14192 4994 2485 14193 4994 1521 14194 4993 1520 14195 4995 2485 14196 4994 1520 14197 4995 2479 14198 4996 2479 14199 4996 1520 14200 4995 1519 14201 4997 210 14202 4998 209 14203 4999 1571 14204 5000 1571 14205 5000 209 14206 4999 2492 14207 5001 1571 14208 5000 2492 14209 5001 1572 14210 5002 1572 14211 5002 2492 14212 5001 2493 14213 5003 1572 14214 5002 2493 14215 5003 1573 14216 5004 1573 14217 5004 2493 14218 5003 2494 14219 5005 1573 14220 5004 2494 14221 5005 1574 14222 5006 1574 14223 5006 2494 14224 5005 2495 14225 5007 1574 14226 5006 2495 14227 5007 1575 14228 5008 1575 14229 5008 2495 14230 5007 2496 14231 5009 1575 14232 5008 2496 14233 5009 1576 14234 5010 1576 14235 5010 2496 14236 5009 2497 14237 5011 1576 14238 5010 2497 14239 5011 1577 14240 5012 1577 14241 5012 2497 14242 5011 2498 14243 5013 1577 14244 5012 2498 14245 5013 1578 14246 5014 1578 14247 5014 2498 14248 5013 2499 14249 5015 1578 14250 5014 2499 14251 5015 1579 14252 5016 1579 14253 5016 2499 14254 5015 2500 14255 5017 1579 14256 5016 2500 14257 5017 1580 14258 5018 1580 14259 5018 2500 14260 5017 2501 14261 5019 1580 14262 5018 2501 14263 5019 1581 14264 5020 1581 14265 5020 2501 14266 5019 2502 14267 5021 1581 14268 5020 2502 14269 5021 1582 14270 5022 1582 14271 5022 2502 14272 5021 2503 14273 5023 1582 14274 5022 2503 14275 5023 223 14276 5024 223 14277 5024 2503 14278 5023 196 14279 5025 208 14280 5026 2509 14281 5027 209 14282 5028 209 14283 5028 2509 14284 5027 2510 14285 5029 209 14286 5028 2510 14287 5029 2492 14288 5030 2492 14289 5030 2510 14290 5029 2511 14291 5031 2492 14292 5030 2511 14293 5031 2493 14294 5032 2493 14295 5032 2511 14296 5031 2512 14297 5033 2493 14298 5032 2512 14299 5033 2494 14300 5034 2494 14301 5034 2512 14302 5033 2513 14303 5035 2494 14304 5034 2513 14305 5035 2495 14306 5036 2495 14307 5036 2513 14308 5035 2514 14309 5037 2495 14310 5036 2514 14311 5037 2496 14312 5038 2496 14313 5038 2514 14314 5037 2515 14315 5039 2496 14316 5038 2515 14317 5039 2497 14318 5040 2497 14319 5040 2515 14320 5039 153 14321 5041 2497 14322 5040 153 14323 5041 2498 14324 5042 2498 14325 5042 153 14326 5041 152 14327 5043 2498 14328 5042 152 14329 5043 2499 14330 5044 2499 14331 5044 152 14332 5043 151 14333 5045 2499 14334 5044 151 14335 5045 2500 14336 5046 2500 14337 5046 151 14338 5045 150 14339 5047 2500 14340 5046 150 14341 5047 2501 14342 5048 2501 14343 5048 150 14344 5047 149 14345 5049 2501 14346 5048 149 14347 5049 2502 14348 5050 2502 14349 5050 149 14350 5049 148 14351 5051 2502 14352 5050 148 14353 5051 2503 14354 5052 2503 14355 5052 148 14356 5051 147 14357 5053 2503 14358 5052 147 14359 5053 196 14360 5054 196 14361 5054 147 14362 5053 146 14363 5055 196 14364 5054 146 14365 5055 197 14366 5056 197 14367 5056 146 14368 5055 145 14369 5057 197 14370 5056 145 14371 5057 198 14372 5058 198 14373 5058 145 14374 5057 144 14375 5059 198 14376 5058 144 14377 5059 199 14378 5060 199 14379 5060 144 14380 5059 143 14381 5061 199 14382 5060 143 14383 5061 200 14384 5062 200 14385 5062 143 14386 5061 142 14387 5063 200 14388 5062 142 14389 5063 201 14390 5064 201 14391 5064 142 14392 5063 141 14393 5065 201 14394 5064 141 14395 5065 202 14396 5066 202 14397 5066 141 14398 5065 140 14399 5067 202 14400 5066 140 14401 5067 203 14402 5068 203 14403 5068 140 14404 5067 2504 14405 5069 203 14406 5068 2504 14407 5069 204 14408 5070 204 14409 5070 2504 14410 5069 2505 14411 5071 204 14412 5070 2505 14413 5071 205 14414 5072 205 14415 5072 2505 14416 5071 2506 14417 5073 205 14418 5072 2506 14419 5073 206 14420 5074 206 14421 5074 2506 14422 5073 2507 14423 5075 206 14424 5074 2507 14425 5075 207 14426 5076 207 14427 5076 2507 14428 5075 2508 14429 5077 207 14430 5076 2508 14431 5077 208 14432 5026 208 14433 5026 2508 14434 5077 2509 14435 5027 182 14436 5078 181 14437 5079 1559 14438 5080 1559 14439 5080 181 14440 5079 2516 14441 5081 1559 14442 5080 2516 14443 5081 1560 14444 5082 1560 14445 5082 2516 14446 5081 2517 14447 5083 1560 14448 5082 2517 14449 5083 1561 14450 5084 1561 14451 5084 2517 14452 5083 2518 14453 5085 1561 14454 5084 2518 14455 5085 1562 14456 5086 1562 14457 5086 2518 14458 5085 2519 14459 5087 1562 14460 5086 2519 14461 5087 1563 14462 5088 1563 14463 5088 2519 14464 5087 2520 14465 5089 1563 14466 5088 2520 14467 5089 1564 14468 5090 1564 14469 5090 2520 14470 5089 2521 14471 5091 1564 14472 5090 2521 14473 5091 1565 14474 5092 1565 14475 5092 2521 14476 5091 2522 14477 5093 1565 14478 5092 2522 14479 5093 1566 14480 5094 1566 14481 5094 2522 14482 5093 2523 14483 5095 1566 14484 5094 2523 14485 5095 1567 14486 5096 1567 14487 5096 2523 14488 5095 2524 14489 5097 1567 14490 5096 2524 14491 5097 1568 14492 5098 1568 14493 5098 2524 14494 5097 2525 14495 5099 1568 14496 5098 2525 14497 5099 1569 14498 5100 1569 14499 5100 2525 14500 5099 2526 14501 5101 1569 14502 5100 2526 14503 5101 1570 14504 5102 1570 14505 5102 2526 14506 5101 2527 14507 5103 1570 14508 5102 2527 14509 5103 195 14510 5104 195 14511 5104 2527 14512 5103 168 14513 5105 180 14514 5106 2533 14515 5107 181 14516 5108 181 14517 5108 2533 14518 5107 2534 14519 5109 181 14520 5108 2534 14521 5109 2516 14522 5110 2516 14523 5110 2534 14524 5109 2535 14525 5111 2516 14526 5110 2535 14527 5111 2517 14528 5112 2517 14529 5112 2535 14530 5111 2536 14531 5113 2517 14532 5112 2536 14533 5113 2518 14534 5114 2518 14535 5114 2536 14536 5113 2537 14537 5115 2518 14538 5114 2537 14539 5115 2519 14540 5116 2519 14541 5116 2537 14542 5115 2538 14543 5117 2519 14544 5116 2538 14545 5117 2520 14546 5118 2520 14547 5118 2538 14548 5117 2539 14549 5119 2520 14550 5118 2539 14551 5119 2521 14552 5120 2521 14553 5120 2539 14554 5119 125 14555 5121 2521 14556 5120 125 14557 5121 2522 14558 5122 2522 14559 5122 125 14560 5121 124 14561 5123 2522 14562 5122 124 14563 5123 2523 14564 5124 2523 14565 5124 124 14566 5123 123 14567 5125 2523 14568 5124 123 14569 5125 2524 14570 5126 2524 14571 5126 123 14572 5125 122 14573 5127 2524 14574 5126 122 14575 5127 2525 14576 5128 2525 14577 5128 122 14578 5127 121 14579 5129 2525 14580 5128 121 14581 5129 2526 14582 5130 2526 14583 5130 121 14584 5129 120 14585 5131 2526 14586 5130 120 14587 5131 2527 14588 5132 2527 14589 5132 120 14590 5131 119 14591 5133 2527 14592 5132 119 14593 5133 168 14594 5134 168 14595 5134 119 14596 5133 118 14597 5135 168 14598 5134 118 14599 5135 169 14600 5136 169 14601 5136 118 14602 5135 117 14603 5137 169 14604 5136 117 14605 5137 170 14606 5138 170 14607 5138 117 14608 5137 116 14609 5139 170 14610 5138 116 14611 5139 171 14612 5140 171 14613 5140 116 14614 5139 115 14615 5141 171 14616 5140 115 14617 5141 172 14618 5142 172 14619 5142 115 14620 5141 114 14621 5143 172 14622 5142 114 14623 5143 173 14624 5144 173 14625 5144 114 14626 5143 113 14627 5145 173 14628 5144 113 14629 5145 174 14630 5146 174 14631 5146 113 14632 5145 112 14633 5147 174 14634 5146 112 14635 5147 175 14636 5148 175 14637 5148 112 14638 5147 2528 14639 5149 175 14640 5148 2528 14641 5149 176 14642 5150 176 14643 5150 2528 14644 5149 2529 14645 5151 176 14646 5150 2529 14647 5151 177 14648 5152 177 14649 5152 2529 14650 5151 2530 14651 5153 177 14652 5152 2530 14653 5153 178 14654 5154 178 14655 5154 2530 14656 5153 2531 14657 5155 178 14658 5154 2531 14659 5155 179 14660 5156 179 14661 5156 2531 14662 5155 2532 14663 5157 179 14664 5156 2532 14665 5157 180 14666 5106 180 14667 5106 2532 14668 5157 2533 14669 5107 2540 14670 5158 2551 14671 5159 154 14672 5160 154 14673 5160 2551 14674 5159 167 14675 5161 154 14676 5160 167 14677 5161 155 14678 5162 155 14679 5162 167 14680 5161 166 14681 5163 155 14682 5162 166 14683 5163 156 14684 5164 156 14685 5164 166 14686 5163 165 14687 5165 156 14688 5164 165 14689 5165 157 14690 5166 157 14691 5166 165 14692 5165 164 14693 5167 157 14694 5166 164 14695 5167 158 14696 5168 158 14697 5168 164 14698 5167 163 14699 5169 158 14700 5168 163 14701 5169 159 14702 5170 159 14703 5170 163 14704 5169 162 14705 5171 159 14706 5170 162 14707 5171 160 14708 5172 160 14709 5172 162 14710 5171 161 14711 5173 2551 14712 5159 2540 14713 5158 2550 14714 5174 2550 14715 5174 2540 14716 5158 2541 14717 5175 2550 14718 5174 2541 14719 5175 2549 14720 5176 2549 14721 5176 2541 14722 5175 2542 14723 5177 2549 14724 5176 2542 14725 5177 2548 14726 5178 2548 14727 5178 2542 14728 5177 2543 14729 5179 2548 14730 5178 2543 14731 5179 2547 14732 5180 2547 14733 5180 2543 14734 5179 2544 14735 5181 2547 14736 5180 2544 14737 5181 2546 14738 5182 2546 14739 5182 2544 14740 5181 2545 14741 5183 154 14742 5184 153 14743 5185 2540 14744 5186 2540 14745 5186 153 14746 5185 2515 14747 5187 2540 14748 5186 2515 14749 5187 2541 14750 5188 2541 14751 5188 2515 14752 5187 2514 14753 5189 2541 14754 5188 2514 14755 5189 2542 14756 5190 2542 14757 5190 2514 14758 5189 2513 14759 5191 2542 14760 5190 2513 14761 5191 2543 14762 5192 2543 14763 5192 2513 14764 5191 2512 14765 5193 2543 14766 5192 2512 14767 5193 2544 14768 5194 2544 14769 5194 2512 14770 5193 2511 14771 5195 2544 14772 5194 2511 14773 5195 2545 14774 5196 2545 14775 5196 2511 14776 5195 2510 14777 5197 2545 14778 5196 2510 14779 5197 2546 14780 5198 2546 14781 5198 2510 14782 5197 2509 14783 5199 2546 14784 5198 2509 14785 5199 2547 14786 5200 2547 14787 5200 2509 14788 5199 2508 14789 5201 2547 14790 5200 2508 14791 5201 2548 14792 5202 2548 14793 5202 2508 14794 5201 2507 14795 5203 2548 14796 5202 2507 14797 5203 2549 14798 5204 2549 14799 5204 2507 14800 5203 2506 14801 5205 2549 14802 5204 2506 14803 5205 2550 14804 5206 2550 14805 5206 2506 14806 5205 2505 14807 5207 2550 14808 5206 2505 14809 5207 2551 14810 5208 2551 14811 5208 2505 14812 5207 2504 14813 5209 2551 14814 5208 2504 14815 5209 167 14816 5210 167 14817 5210 2504 14818 5209 140 14819 5211 2552 14820 5212 2563 14821 5213 126 14822 5214 126 14823 5214 2563 14824 5213 139 14825 5215 126 14826 5214 139 14827 5215 127 14828 5216 127 14829 5216 139 14830 5215 138 14831 5217 127 14832 5216 138 14833 5217 128 14834 5218 128 14835 5218 138 14836 5217 137 14837 5219 128 14838 5218 137 14839 5219 129 14840 5220 129 14841 5220 137 14842 5219 136 14843 5221 129 14844 5220 136 14845 5221 130 14846 5222 130 14847 5222 136 14848 5221 135 14849 5223 130 14850 5222 135 14851 5223 131 14852 5224 131 14853 5224 135 14854 5223 134 14855 5225 131 14856 5224 134 14857 5225 132 14858 5226 132 14859 5226 134 14860 5225 133 14861 5227 2563 14862 5213 2552 14863 5212 2562 14864 5228 2562 14865 5228 2552 14866 5212 2553 14867 5229 2562 14868 5228 2553 14869 5229 2561 14870 5230 2561 14871 5230 2553 14872 5229 2554 14873 5231 2561 14874 5230 2554 14875 5231 2560 14876 5232 2560 14877 5232 2554 14878 5231 2555 14879 5233 2560 14880 5232 2555 14881 5233 2559 14882 5234 2559 14883 5234 2555 14884 5233 2556 14885 5235 2559 14886 5234 2556 14887 5235 2558 14888 5236 2558 14889 5236 2556 14890 5235 2557 14891 5237 126 14892 5238 125 14893 5239 2552 14894 5240 2552 14895 5240 125 14896 5239 2539 14897 5241 2552 14898 5240 2539 14899 5241 2553 14900 5242 2553 14901 5242 2539 14902 5241 2538 14903 5243 2553 14904 5242 2538 14905 5243 2554 14906 5244 2554 14907 5244 2538 14908 5243 2537 14909 5245 2554 14910 5244 2537 14911 5245 2555 14912 5246 2555 14913 5246 2537 14914 5245 2536 14915 5247 2555 14916 5246 2536 14917 5247 2556 14918 5248 2556 14919 5248 2536 14920 5247 2535 14921 5249 2556 14922 5248 2535 14923 5249 2557 14924 5250 2557 14925 5250 2535 14926 5249 2534 14927 5251 2557 14928 5250 2534 14929 5251 2558 14930 5252 2558 14931 5252 2534 14932 5251 2533 14933 5253 2558 14934 5252 2533 14935 5253 2559 14936 5254 2559 14937 5254 2533 14938 5253 2532 14939 5255 2559 14940 5254 2532 14941 5255 2560 14942 5256 2560 14943 5256 2532 14944 5255 2531 14945 5257 2560 14946 5256 2531 14947 5257 2561 14948 5258 2561 14949 5258 2531 14950 5257 2530 14951 5259 2561 14952 5258 2530 14953 5259 2562 14954 5260 2562 14955 5260 2530 14956 5259 2529 14957 5261 2562 14958 5260 2529 14959 5261 2563 14960 5262 2563 14961 5262 2529 14962 5261 2528 14963 5263 2563 14964 5262 2528 14965 5263 139 14966 5264 139 14967 5264 2528 14968 5263 112 14969 5265 2340 14970 5266 2324 14971 5267 2477 14972 5268 2477 14973 5268 2324 14974 5267 2323 14975 5269 2477 14976 5268 2323 14977 5269 2576 14978 5270 2576 14979 5270 2323 14980 5269 2564 14981 5271 2576 14982 5270 2564 14983 5271 2575 14984 5272 2575 14985 5272 2564 14986 5271 2565 14987 5273 2575 14988 5272 2565 14989 5273 2574 14990 5274 2574 14991 5274 2565 14992 5273 2566 14993 5275 2574 14994 5274 2566 14995 5275 2573 14996 5276 2573 14997 5276 2566 14998 5275 2567 14999 5277 2573 15000 5276 2567 15001 5277 2572 15002 5278 2572 15003 5278 2567 15004 5277 2568 15005 5279 2572 15006 5278 2568 15007 5279 2571 15008 5280 2571 15009 5280 2568 15010 5279 2569 15011 5281 2571 15012 5280 2569 15013 5281 2570 15014 5282 2113 15015 5283 2238 15016 5284 2114 15017 5285 2114 15018 5285 2238 15019 5284 2347 15020 5286 2114 15021 5285 2347 15022 5286 2115 15023 5287 2115 15024 5287 2347 15025 5286 2346 15026 5288 2115 15027 5287 2346 15028 5288 2116 15029 5289 2116 15030 5289 2346 15031 5288 2345 15032 5290 2116 15033 5289 2345 15034 5290 2117 15035 5291 2117 15036 5291 2345 15037 5290 2344 15038 5292 2117 15039 5291 2344 15040 5292 2118 15041 5293 2118 15042 5293 2344 15043 5292 2343 15044 5294 2118 15045 5293 2343 15046 5294 2119 15047 5295 2119 15048 5295 2343 15049 5294 2342 15050 5296 2119 15051 5295 2342 15052 5296 2120 15053 5297 2120 15054 5297 2342 15055 5296 2341 15056 5298 2570 15057 5299 2569 15058 5300 2577 15059 5301 2577 15060 5301 2569 15061 5300 1673 15062 5302 2577 15063 5301 1673 15064 5302 1672 15065 5303 1673 15066 5302 2569 15067 5300 1674 15068 5304 1674 15069 5304 2569 15070 5300 2568 15071 5305 1674 15072 5304 2568 15073 5305 1675 15074 5306 1675 15075 5306 2568 15076 5305 2567 15077 5307 1675 15078 5306 2567 15079 5307 1676 15080 5308 1676 15081 5308 2567 15082 5307 2566 15083 5309 1676 15084 5308 2566 15085 5309 1677 15086 5310 1677 15087 5310 2566 15088 5309 2565 15089 5311 1677 15090 5310 2565 15091 5311 1678 15092 5312 1678 15093 5312 2565 15094 5311 2564 15095 5313 1678 15096 5312 2564 15097 5313 2322 15098 5314 2322 15099 5314 2564 15100 5313 2323 15101 5315 2322 15102 5314 1679 15103 5316 1678 15104 5312 2570 15105 5317 2577 15106 5318 2571 15107 5319 2571 15108 5319 2577 15109 5318 2578 15110 5320 2571 15111 5319 2578 15112 5320 2572 15113 5321 2572 15114 5321 2578 15115 5320 2579 15116 5322 2572 15117 5321 2579 15118 5322 2573 15119 5323 2573 15120 5323 2579 15121 5322 2580 15122 5324 2573 15123 5323 2580 15124 5324 2574 15125 5325 2574 15126 5325 2580 15127 5324 2581 15128 5326 2574 15129 5325 2581 15130 5326 2575 15131 5327 2575 15132 5327 2581 15133 5326 2582 15134 5328 2575 15135 5327 2582 15136 5328 2576 15137 5329 2576 15138 5329 2582 15139 5328 2583 15140 5330 2576 15141 5329 2583 15142 5330 2477 15143 5331 2477 15144 5331 2583 15145 5330 2478 15146 5332 2354 15147 5333 2491 15148 5334 2341 15149 5335 2341 15150 5335 2491 15151 5334 2121 15152 5336 2341 15153 5335 2121 15154 5336 2120 15155 5337 2121 15156 5336 2491 15157 5334 2122 15158 5338 2122 15159 5338 2491 15160 5334 2490 15161 5339 2122 15162 5338 2490 15163 5339 2123 15164 5340 2123 15165 5340 2490 15166 5339 2489 15167 5341 2123 15168 5340 2489 15169 5341 2124 15170 5342 2124 15171 5342 2489 15172 5341 2488 15173 5343 2124 15174 5342 2488 15175 5343 2125 15176 5344 2125 15177 5344 2488 15178 5343 2487 15179 5345 2125 15180 5344 2487 15181 5345 2126 15182 5346 2126 15183 5346 2487 15184 5345 2486 15185 5347 2126 15186 5346 2486 15187 5347 2127 15188 5348 2127 15189 5348 2486 15190 5347 2475 15191 5349 1680 15192 5350 1679 15193 5351 2339 15194 5352 2339 15195 5352 1679 15196 5351 2322 15197 5353 2103 15198 5354 2128 15199 5355 1663 15200 5356 1663 15201 5356 2128 15202 5355 1664 15203 5357 603 15204 5358 2103 15205 5359 588 15206 5360 588 15207 5360 2103 15208 5359 1663 15209 5361 2577 15210 5362 1672 15211 5363 2578 15212 5364 2578 15213 5364 1672 15214 5363 1671 15215 5365 2578 15216 5364 1671 15217 5365 2579 15218 5366 2579 15219 5366 1671 15220 5365 1670 15221 5367 2579 15222 5366 1670 15223 5367 2580 15224 5368 2580 15225 5368 1670 15226 5367 1669 15227 5369 2580 15228 5368 1669 15229 5369 2581 15230 5370 2581 15231 5370 1669 15232 5369 1668 15233 5371 2581 15234 5370 1668 15235 5371 2582 15236 5372 2582 15237 5372 1668 15238 5371 1667 15239 5373 2582 15240 5372 1667 15241 5373 2583 15242 5374 2583 15243 5374 1667 15244 5373 1666 15245 5375 2583 15246 5374 1666 15247 5375 2478 15248 5376 2478 15249 5376 1666 15250 5375 1665 15251 5377 2584 15252 5378 2601 15253 5379 84 15254 5380 84 15255 5380 2601 15256 5379 2602 15257 5381 84 15258 5380 2602 15259 5381 85 15260 5382 85 15261 5382 2602 15262 5381 2603 15263 5383 85 15264 5382 2603 15265 5383 86 15266 5384 86 15267 5384 2603 15268 5383 2604 15269 5385 86 15270 5384 2604 15271 5385 87 15272 5386 87 15273 5386 2604 15274 5385 2605 15275 5387 87 15276 5386 2605 15277 5387 88 15278 5388 88 15279 5388 2605 15280 5387 2606 15281 5389 88 15282 5388 2606 15283 5389 89 15284 5390 89 15285 5390 2606 15286 5389 2607 15287 5391 89 15288 5390 2607 15289 5391 90 15290 5392 90 15291 5392 2607 15292 5391 41 15293 5393 90 15294 5392 41 15295 5393 91 15296 5394 91 15297 5394 41 15298 5393 40 15299 5395 91 15300 5394 40 15301 5395 92 15302 5396 92 15303 5396 40 15304 5395 39 15305 5397 92 15306 5396 39 15307 5397 93 15308 5398 93 15309 5398 39 15310 5397 38 15311 5399 93 15312 5398 38 15313 5399 94 15314 5400 94 15315 5400 38 15316 5399 37 15317 5401 94 15318 5400 37 15319 5401 95 15320 5402 95 15321 5402 37 15322 5401 36 15323 5403 95 15324 5402 36 15325 5403 96 15326 5404 96 15327 5404 36 15328 5403 35 15329 5405 96 15330 5404 35 15331 5405 97 15332 5406 97 15333 5406 35 15334 5405 34 15335 5407 97 15336 5406 34 15337 5407 2595 15338 5408 2595 15339 5408 34 15340 5407 33 15341 5409 2595 15342 5408 33 15343 5409 2594 15344 5410 2594 15345 5410 33 15346 5409 32 15347 5411 2594 15348 5410 32 15349 5411 2593 15350 5412 2593 15351 5412 32 15352 5411 31 15353 5413 2593 15354 5412 31 15355 5413 2592 15356 5414 2592 15357 5414 31 15358 5413 30 15359 5415 2592 15360 5414 30 15361 5415 2591 15362 5416 2591 15363 5416 30 15364 5415 29 15365 5417 2591 15366 5416 29 15367 5417 2590 15368 5418 2590 15369 5418 29 15370 5417 28 15371 5419 2590 15372 5418 28 15373 5419 2589 15374 5420 2589 15375 5420 28 15376 5419 2596 15377 5421 2589 15378 5420 2596 15379 5421 2588 15380 5422 2588 15381 5422 2596 15382 5421 2597 15383 5423 2588 15384 5422 2597 15385 5423 2587 15386 5424 2587 15387 5424 2597 15388 5423 2598 15389 5425 2587 15390 5424 2598 15391 5425 2586 15392 5426 2586 15393 5426 2598 15394 5425 2599 15395 5427 2586 15396 5426 2599 15397 5427 2585 15398 5428 2585 15399 5428 2599 15400 5427 2600 15401 5429 2585 15402 5428 2600 15403 5429 2584 15404 5378 2584 15405 5378 2600 15406 5429 2601 15407 5379 98 15408 5430 97 15409 5431 1763 15410 5432 1763 15411 5432 97 15412 5431 2595 15413 5433 1763 15414 5432 2595 15415 5433 1764 15416 5434 1764 15417 5434 2595 15418 5433 2594 15419 5435 1764 15420 5434 2594 15421 5435 1765 15422 5436 1765 15423 5436 2594 15424 5435 2593 15425 5437 1765 15426 5436 2593 15427 5437 1766 15428 5438 1766 15429 5438 2593 15430 5437 2592 15431 5439 1766 15432 5438 2592 15433 5439 1767 15434 5440 1767 15435 5440 2592 15436 5439 2591 15437 5441 1767 15438 5440 2591 15439 5441 1768 15440 5442 1768 15441 5442 2591 15442 5441 2590 15443 5443 1768 15444 5442 2590 15445 5443 1769 15446 5444 1769 15447 5444 2590 15448 5443 2589 15449 5445 1769 15450 5444 2589 15451 5445 1770 15452 5446 1770 15453 5446 2589 15454 5445 2588 15455 5447 1770 15456 5446 2588 15457 5447 1771 15458 5448 1771 15459 5448 2588 15460 5447 2587 15461 5449 1771 15462 5448 2587 15463 5449 1772 15464 5450 1772 15465 5450 2587 15466 5449 2586 15467 5451 1772 15468 5450 2586 15469 5451 1773 15470 5452 1773 15471 5452 2586 15472 5451 2585 15473 5453 1773 15474 5452 2585 15475 5453 1774 15476 5454 1774 15477 5454 2585 15478 5453 2584 15479 5455 1774 15480 5454 2584 15481 5455 111 15482 5456 111 15483 5456 2584 15484 5455 84 15485 5457 2608 15486 5458 2625 15487 5459 56 15488 5460 56 15489 5460 2625 15490 5459 2626 15491 5461 56 15492 5460 2626 15493 5461 57 15494 5462 57 15495 5462 2626 15496 5461 2627 15497 5463 57 15498 5462 2627 15499 5463 58 15500 5464 58 15501 5464 2627 15502 5463 2628 15503 5465 58 15504 5464 2628 15505 5465 59 15506 5466 59 15507 5466 2628 15508 5465 2629 15509 5467 59 15510 5466 2629 15511 5467 60 15512 5468 60 15513 5468 2629 15514 5467 2630 15515 5469 60 15516 5468 2630 15517 5469 61 15518 5470 61 15519 5470 2630 15520 5469 2631 15521 5471 61 15522 5470 2631 15523 5471 62 15524 5472 62 15525 5472 2631 15526 5471 13 15527 5473 62 15528 5472 13 15529 5473 63 15530 5474 63 15531 5474 13 15532 5473 12 15533 5475 63 15534 5474 12 15535 5475 64 15536 5476 64 15537 5476 12 15538 5475 11 15539 5477 64 15540 5476 11 15541 5477 65 15542 5478 65 15543 5478 11 15544 5477 10 15545 5479 65 15546 5478 10 15547 5479 66 15548 5480 66 15549 5480 10 15550 5479 9 15551 5481 66 15552 5480 9 15553 5481 67 15554 5482 67 15555 5482 9 15556 5481 8 15557 5483 67 15558 5482 8 15559 5483 68 15560 5484 68 15561 5484 8 15562 5483 7 15563 5485 68 15564 5484 7 15565 5485 69 15566 5486 69 15567 5486 7 15568 5485 6 15569 5487 69 15570 5486 6 15571 5487 2619 15572 5488 2619 15573 5488 6 15574 5487 5 15575 5489 2619 15576 5488 5 15577 5489 2618 15578 5490 2618 15579 5490 5 15580 5489 4 15581 5491 2618 15582 5490 4 15583 5491 2617 15584 5492 2617 15585 5492 4 15586 5491 3 15587 5493 2617 15588 5492 3 15589 5493 2616 15590 5494 2616 15591 5494 3 15592 5493 2 15593 5495 2616 15594 5494 2 15595 5495 2615 15596 5496 2615 15597 5496 2 15598 5495 1 15599 5497 2615 15600 5496 1 15601 5497 2614 15602 5498 2614 15603 5498 1 15604 5497 0 15605 5499 2614 15606 5498 0 15607 5499 2613 15608 5500 2613 15609 5500 0 15610 5499 2620 15611 5501 2613 15612 5500 2620 15613 5501 2612 15614 5502 2612 15615 5502 2620 15616 5501 2621 15617 5503 2612 15618 5502 2621 15619 5503 2611 15620 5504 2611 15621 5504 2621 15622 5503 2622 15623 5505 2611 15624 5504 2622 15625 5505 2610 15626 5506 2610 15627 5506 2622 15628 5505 2623 15629 5507 2610 15630 5506 2623 15631 5507 2609 15632 5508 2609 15633 5508 2623 15634 5507 2624 15635 5509 2609 15636 5508 2624 15637 5509 2608 15638 5458 2608 15639 5458 2624 15640 5509 2625 15641 5459 70 15642 5510 69 15643 5511 1751 15644 5512 1751 15645 5512 69 15646 5511 2619 15647 5513 1751 15648 5512 2619 15649 5513 1752 15650 5514 1752 15651 5514 2619 15652 5513 2618 15653 5515 1752 15654 5514 2618 15655 5515 1753 15656 5516 1753 15657 5516 2618 15658 5515 2617 15659 5517 1753 15660 5516 2617 15661 5517 1754 15662 5518 1754 15663 5518 2617 15664 5517 2616 15665 5519 1754 15666 5518 2616 15667 5519 1755 15668 5520 1755 15669 5520 2616 15670 5519 2615 15671 5521 1755 15672 5520 2615 15673 5521 1756 15674 5522 1756 15675 5522 2615 15676 5521 2614 15677 5523 1756 15678 5522 2614 15679 5523 1757 15680 5524 1757 15681 5524 2614 15682 5523 2613 15683 5525 1757 15684 5524 2613 15685 5525 1758 15686 5526 1758 15687 5526 2613 15688 5525 2612 15689 5527 1758 15690 5526 2612 15691 5527 1759 15692 5528 1759 15693 5528 2612 15694 5527 2611 15695 5529 1759 15696 5528 2611 15697 5529 1760 15698 5530 1760 15699 5530 2611 15700 5529 2610 15701 5531 1760 15702 5530 2610 15703 5531 1761 15704 5532 1761 15705 5532 2610 15706 5531 2609 15707 5533 1761 15708 5532 2609 15709 5533 1762 15710 5534 1762 15711 5534 2609 15712 5533 2608 15713 5535 1762 15714 5534 2608 15715 5535 83 15716 5536 83 15717 5536 2608 15718 5535 56 15719 5537 54 15720 5538 43 15721 5539 55 15722 5540 55 15723 5540 43 15724 5539 42 15725 5541 55 15726 5540 42 15727 5541 2643 15728 5542 2643 15729 5542 42 15730 5541 2632 15731 5543 2643 15732 5542 2632 15733 5543 2642 15734 5544 2642 15735 5544 2632 15736 5543 2633 15737 5545 2642 15738 5544 2633 15739 5545 2641 15740 5546 2641 15741 5546 2633 15742 5545 2634 15743 5547 2641 15744 5546 2634 15745 5547 2640 15746 5548 2640 15747 5548 2634 15748 5547 2635 15749 5549 2640 15750 5548 2635 15751 5549 2639 15752 5550 2639 15753 5550 2635 15754 5549 2636 15755 5551 2639 15756 5550 2636 15757 5551 2638 15758 5552 2638 15759 5552 2636 15760 5551 2637 15761 5553 43 15762 5539 54 15763 5538 44 15764 5554 44 15765 5554 54 15766 5538 53 15767 5555 44 15768 5554 53 15769 5555 45 15770 5556 45 15771 5556 53 15772 5555 52 15773 5557 45 15774 5556 52 15775 5557 46 15776 5558 46 15777 5558 52 15778 5557 51 15779 5559 46 15780 5558 51 15781 5559 47 15782 5560 47 15783 5560 51 15784 5559 50 15785 5561 47 15786 5560 50 15787 5561 48 15788 5562 48 15789 5562 50 15790 5561 49 15791 5563 42 15792 5564 41 15793 5565 2632 15794 5566 2632 15795 5566 41 15796 5565 2607 15797 5567 2632 15798 5566 2607 15799 5567 2633 15800 5568 2633 15801 5568 2607 15802 5567 2606 15803 5569 2633 15804 5568 2606 15805 5569 2634 15806 5570 2634 15807 5570 2606 15808 5569 2605 15809 5571 2634 15810 5570 2605 15811 5571 2635 15812 5572 2635 15813 5572 2605 15814 5571 2604 15815 5573 2635 15816 5572 2604 15817 5573 2636 15818 5574 2636 15819 5574 2604 15820 5573 2603 15821 5575 2636 15822 5574 2603 15823 5575 2637 15824 5576 2637 15825 5576 2603 15826 5575 2602 15827 5577 2637 15828 5576 2602 15829 5577 2638 15830 5578 2638 15831 5578 2602 15832 5577 2601 15833 5579 2638 15834 5578 2601 15835 5579 2639 15836 5580 2639 15837 5580 2601 15838 5579 2600 15839 5581 2639 15840 5580 2600 15841 5581 2640 15842 5582 2640 15843 5582 2600 15844 5581 2599 15845 5583 2640 15846 5582 2599 15847 5583 2641 15848 5584 2641 15849 5584 2599 15850 5583 2598 15851 5585 2641 15852 5584 2598 15853 5585 2642 15854 5586 2642 15855 5586 2598 15856 5585 2597 15857 5587 2642 15858 5586 2597 15859 5587 2643 15860 5588 2643 15861 5588 2597 15862 5587 2596 15863 5589 2643 15864 5588 2596 15865 5589 55 15866 5590 55 15867 5590 2596 15868 5589 28 15869 5591 26 15870 5592 15 15871 5593 27 15872 5594 27 15873 5594 15 15874 5593 14 15875 5595 27 15876 5594 14 15877 5595 2655 15878 5596 2655 15879 5596 14 15880 5595 2644 15881 5597 2655 15882 5596 2644 15883 5597 2654 15884 5598 2654 15885 5598 2644 15886 5597 2645 15887 5599 2654 15888 5598 2645 15889 5599 2653 15890 5600 2653 15891 5600 2645 15892 5599 2646 15893 5601 2653 15894 5600 2646 15895 5601 2652 15896 5602 2652 15897 5602 2646 15898 5601 2647 15899 5603 2652 15900 5602 2647 15901 5603 2651 15902 5604 2651 15903 5604 2647 15904 5603 2648 15905 5605 2651 15906 5604 2648 15907 5605 2650 15908 5606 2650 15909 5606 2648 15910 5605 2649 15911 5607 15 15912 5593 26 15913 5592 16 15914 5608 16 15915 5608 26 15916 5592 25 15917 5609 16 15918 5608 25 15919 5609 17 15920 5610 17 15921 5610 25 15922 5609 24 15923 5611 17 15924 5610 24 15925 5611 18 15926 5612 18 15927 5612 24 15928 5611 23 15929 5613 18 15930 5612 23 15931 5613 19 15932 5614 19 15933 5614 23 15934 5613 22 15935 5615 19 15936 5614 22 15937 5615 20 15938 5616 20 15939 5616 22 15940 5615 21 15941 5617 14 15942 5618 13 15943 5619 2644 15944 5620 2644 15945 5620 13 15946 5619 2631 15947 5621 2644 15948 5620 2631 15949 5621 2645 15950 5622 2645 15951 5622 2631 15952 5621 2630 15953 5623 2645 15954 5622 2630 15955 5623 2646 15956 5624 2646 15957 5624 2630 15958 5623 2629 15959 5625 2646 15960 5624 2629 15961 5625 2647 15962 5626 2647 15963 5626 2629 15964 5625 2628 15965 5627 2647 15966 5626 2628 15967 5627 2648 15968 5628 2648 15969 5628 2628 15970 5627 2627 15971 5629 2648 15972 5628 2627 15973 5629 2649 15974 5630 2649 15975 5630 2627 15976 5629 2626 15977 5631 2649 15978 5630 2626 15979 5631 2650 15980 5632 2650 15981 5632 2626 15982 5631 2625 15983 5633 2650 15984 5632 2625 15985 5633 2651 15986 5634 2651 15987 5634 2625 15988 5633 2624 15989 5635 2651 15990 5634 2624 15991 5635 2652 15992 5636 2652 15993 5636 2624 15994 5635 2623 15995 5637 2652 15996 5636 2623 15997 5637 2653 15998 5638 2653 15999 5638 2623 16000 5637 2622 16001 5639 2653 16002 5638 2622 16003 5639 2654 16004 5640 2654 16005 5640 2622 16006 5639 2621 16007 5641 2654 16008 5640 2621 16009 5641 2655 16010 5642 2655 16011 5642 2621 16012 5641 2620 16013 5643 2655 16014 5642 2620 16015 5643 27 16016 5644 27 16017 5644 2620 16018 5643 0 16019 5645</p>
        </triangles>
      </mesh>
    </geometry>
  </library_geometries>
  <library_visual_scenes>
    <visual_scene id="Mano" name="Mano">
      <node name="Mano" id="Mano" sid="Mano">
        <matrix sid="matrix">0.000000 0.000000 1.000000 0.000000 -0.000000 1.000000 -0.000000 0.000000 -1.000000 0.000000 0.000000 0.000000 0.000000 0.000000 0.000000 1.000000</matrix>
        <extra>
          <technique profile="FCOLLADA">
            <visibility>1.000000</visibility>
          </technique>
        </extra>
        <node name="Mano_ncl1_1" id="Mano_ncl1_1" sid="Mano_ncl1_1">
          <matrix sid="matrix">1.000000 0.000000 0.000000 -0.000000 0.000000 1.000000 -0.000000 0.000000 -0.000000 0.000000 1.000000 1.102362 0.000000 0.000000 0.000000 1.000000</matrix>
          <extra>
            <technique profile="FCOLLADA">
              <visibility>1.000000</visibility>
            </technique>
          </extra>
          <node name="Mirror3" id="Mirror3" sid="Mirror3">
            <matrix sid="matrix">1.000000 -0.000000 0.000000 0.000000 0.000000 1.000000 -0.000000 0.000000 -0.000000 -0.000000 1.000000 0.000000 0.000000 0.000000 0.000000 1.000000</matrix>
            <instance_geometry url="#Mirror3-lib">
              <bind_material>
                <technique_common>
                  <instance_material symbol="MaterialFBXASC032FBXASC03526" target="#MaterialFBXASC032FBXASC03526"/>
                </technique_common>
              </bind_material>
            </instance_geometry>
            <extra>
              <technique profile="FCOLLADA">
                <visibility>1.000000</visibility>
              </technique>
            </extra>
          </node>
        </node>
      </node>
      <extra>
        <technique profile="MAX3D">
          <frame_rate>30.000000</frame_rate>
        </technique>
        <technique profile="FCOLLADA">
          <start_time>0.000000</start_time>
          <end_time>3.333333</end_time>
        </technique>
      </extra>
    </visual_scene>
  </library_visual_scenes>
  <scene>
    <instance_visual_scene url="#Mano"/>
  </scene>
</COLLADA>
