[0.000000] (-) TimerEvent: {}
[0.000155] (-) JobUnselected: {'identifier': 'custom_nitros_dnn_image_encoder'}
[0.000410] (-) JobUnselected: {'identifier': 'custom_nitros_image'}
[0.000570] (-) JobUnselected: {'identifier': 'custom_nitros_message_filter'}
[0.000581] (-) JobUnselected: {'identifier': 'custom_nitros_message_filter_interfaces'}
[0.000591] (-) JobUnselected: {'identifier': 'custom_nitros_string'}
[0.000600] (-) JobUnselected: {'identifier': 'gxf_isaac_argus'}
[0.000609] (-) JobUnselected: {'identifier': 'gxf_isaac_cuda'}
[0.000618] (-) JobUnselected: {'identifier': 'gxf_isaac_dope'}
[0.000627] (-) JobUnselected: {'identifier': 'gxf_isaac_flatscan_localization'}
[0.000636] (-) JobUnselected: {'identifier': 'gxf_isaac_foundationpose'}
[0.000645] (-) JobUnselected: {'identifier': 'gxf_isaac_hesai'}
[0.000653] (-) JobUnselected: {'identifier': 'gxf_isaac_localization'}
[0.000662] (-) JobUnselected: {'identifier': 'gxf_isaac_messages_throttler'}
[0.000671] (-) JobUnselected: {'identifier': 'gxf_isaac_point_cloud'}
[0.000680] (-) JobUnselected: {'identifier': 'gxf_isaac_range_scan_processing'}
[0.000688] (-) JobUnselected: {'identifier': 'gxf_isaac_ros_cuda'}
[0.000697] (-) JobUnselected: {'identifier': 'gxf_isaac_ros_messages'}
[0.000705] (-) JobUnselected: {'identifier': 'gxf_isaac_segway'}
[0.000714] (-) JobUnselected: {'identifier': 'gxf_isaac_timestamp_correlator'}
[0.000723] (-) JobUnselected: {'identifier': 'gxf_isaac_triton'}
[0.000732] (-) JobUnselected: {'identifier': 'gxf_isaac_utils'}
[0.000741] (-) JobUnselected: {'identifier': 'isaac_common'}
[0.000750] (-) JobUnselected: {'identifier': 'isaac_common_py'}
[0.000759] (-) JobUnselected: {'identifier': 'isaac_ros_apriltag_interfaces'}
[0.000767] (-) JobUnselected: {'identifier': 'isaac_ros_bi3d_interfaces'}
[0.000776] (-) JobUnselected: {'identifier': 'isaac_ros_dope'}
[0.000785] (-) JobUnselected: {'identifier': 'isaac_ros_foundationpose'}
[0.000794] (-) JobUnselected: {'identifier': 'isaac_ros_launch_utils'}
[0.000803] (-) JobUnselected: {'identifier': 'isaac_ros_nitros_battery_state_type'}
[0.000812] (-) JobUnselected: {'identifier': 'isaac_ros_nitros_bridge_interfaces'}
[0.000821] (-) JobUnselected: {'identifier': 'isaac_ros_nitros_bridge_ros2'}
[0.000830] (-) JobUnselected: {'identifier': 'isaac_ros_nitros_compressed_image_type'}
[0.000839] (-) JobUnselected: {'identifier': 'isaac_ros_nitros_compressed_video_type'}
[0.000847] (-) JobUnselected: {'identifier': 'isaac_ros_nitros_correlated_timestamp_type'}
[0.000856] (-) JobUnselected: {'identifier': 'isaac_ros_nitros_detection2_d_array_type'}
[0.000865] (-) JobUnselected: {'identifier': 'isaac_ros_nitros_disparity_image_type'}
[0.000874] (-) JobUnselected: {'identifier': 'isaac_ros_nitros_encoder_ticks_type'}
[0.000882] (-) JobUnselected: {'identifier': 'isaac_ros_nitros_flat_scan_type'}
[0.000891] (-) JobUnselected: {'identifier': 'isaac_ros_nitros_imu_type'}
[0.000900] (-) JobUnselected: {'identifier': 'isaac_ros_nitros_occupancy_grid_type'}
[0.000908] (-) JobUnselected: {'identifier': 'isaac_ros_nitros_odometry_type'}
[0.000917] (-) JobUnselected: {'identifier': 'isaac_ros_nitros_point_cloud_type'}
[0.000926] (-) JobUnselected: {'identifier': 'isaac_ros_nitros_pose_array_type'}
[0.000935] (-) JobUnselected: {'identifier': 'isaac_ros_nitros_pose_cov_stamped_type'}
[0.000944] (-) JobUnselected: {'identifier': 'isaac_ros_nitros_std_msg_type'}
[0.000952] (-) JobUnselected: {'identifier': 'isaac_ros_nitros_topic_tools'}
[0.000961] (-) JobUnselected: {'identifier': 'isaac_ros_nitros_twist_type'}
[0.000970] (-) JobUnselected: {'identifier': 'isaac_ros_nova_interfaces'}
[0.000979] (-) JobUnselected: {'identifier': 'isaac_ros_pointcloud_interfaces'}
[0.000987] (-) JobUnselected: {'identifier': 'isaac_ros_pose_proc'}
[0.000996] (-) JobUnselected: {'identifier': 'isaac_ros_pynitros'}
[0.001005] (-) JobUnselected: {'identifier': 'isaac_ros_r2b_galileo'}
[0.001013] (-) JobUnselected: {'identifier': 'isaac_ros_rosbag_utils'}
[0.001022] (-) JobUnselected: {'identifier': 'isaac_ros_test_cmake'}
[0.001031] (-) JobUnselected: {'identifier': 'isaac_ros_triton'}
[0.001061] (isaac_ros_common) JobQueued: {'identifier': 'isaac_ros_common', 'dependencies': OrderedDict()}
[0.001075] (isaac_ros_gxf) JobQueued: {'identifier': 'isaac_ros_gxf', 'dependencies': OrderedDict([('isaac_ros_common', '/workspaces/isaac_ros-dev/install/isaac_ros_common')])}
[0.001087] (isaac_ros_tensor_list_interfaces) JobQueued: {'identifier': 'isaac_ros_tensor_list_interfaces', 'dependencies': OrderedDict([('isaac_ros_common', '/workspaces/isaac_ros-dev/install/isaac_ros_common')])}
[0.001098] (isaac_ros_test) JobQueued: {'identifier': 'isaac_ros_test', 'dependencies': OrderedDict([('isaac_ros_common', '/workspaces/isaac_ros-dev/install/isaac_ros_common')])}
[0.001108] (gxf_isaac_gems) JobQueued: {'identifier': 'gxf_isaac_gems', 'dependencies': OrderedDict([('isaac_ros_common', '/workspaces/isaac_ros-dev/install/isaac_ros_common'), ('isaac_ros_gxf', '/workspaces/isaac_ros-dev/install/isaac_ros_gxf')])}
[0.001119] (gxf_isaac_message_compositor) JobQueued: {'identifier': 'gxf_isaac_message_compositor', 'dependencies': OrderedDict([('isaac_ros_common', '/workspaces/isaac_ros-dev/install/isaac_ros_common'), ('isaac_ros_gxf', '/workspaces/isaac_ros-dev/install/isaac_ros_gxf')])}
[0.001130] (gxf_isaac_optimizer) JobQueued: {'identifier': 'gxf_isaac_optimizer', 'dependencies': OrderedDict([('isaac_ros_common', '/workspaces/isaac_ros-dev/install/isaac_ros_common'), ('isaac_ros_gxf', '/workspaces/isaac_ros-dev/install/isaac_ros_gxf')])}
[0.001141] (gxf_isaac_sight) JobQueued: {'identifier': 'gxf_isaac_sight', 'dependencies': OrderedDict([('isaac_ros_common', '/workspaces/isaac_ros-dev/install/isaac_ros_common'), ('isaac_ros_gxf', '/workspaces/isaac_ros-dev/install/isaac_ros_gxf')])}
[0.001151] (gxf_isaac_atlas) JobQueued: {'identifier': 'gxf_isaac_atlas', 'dependencies': OrderedDict([('isaac_ros_common', '/workspaces/isaac_ros-dev/install/isaac_ros_common'), ('isaac_ros_gxf', '/workspaces/isaac_ros-dev/install/isaac_ros_gxf'), ('gxf_isaac_gems', '/workspaces/isaac_ros-dev/install/gxf_isaac_gems')])}
[0.001162] (gxf_isaac_gxf_helpers) JobQueued: {'identifier': 'gxf_isaac_gxf_helpers', 'dependencies': OrderedDict([('isaac_ros_common', '/workspaces/isaac_ros-dev/install/isaac_ros_common'), ('isaac_ros_gxf', '/workspaces/isaac_ros-dev/install/isaac_ros_gxf'), ('gxf_isaac_gems', '/workspaces/isaac_ros-dev/install/gxf_isaac_gems')])}
[0.001173] (gxf_isaac_messages) JobQueued: {'identifier': 'gxf_isaac_messages', 'dependencies': OrderedDict([('isaac_ros_common', '/workspaces/isaac_ros-dev/install/isaac_ros_common'), ('isaac_ros_gxf', '/workspaces/isaac_ros-dev/install/isaac_ros_gxf'), ('gxf_isaac_gems', '/workspaces/isaac_ros-dev/install/gxf_isaac_gems')])}
[0.001183] (gxf_isaac_tensor_rt) JobQueued: {'identifier': 'gxf_isaac_tensor_rt', 'dependencies': OrderedDict([('isaac_ros_common', '/workspaces/isaac_ros-dev/install/isaac_ros_common'), ('isaac_ros_gxf', '/workspaces/isaac_ros-dev/install/isaac_ros_gxf'), ('gxf_isaac_gems', '/workspaces/isaac_ros-dev/install/gxf_isaac_gems'), ('gxf_isaac_messages', '/workspaces/isaac_ros-dev/install/gxf_isaac_messages')])}
[0.001195] (isaac_ros_nitros) JobQueued: {'identifier': 'isaac_ros_nitros', 'dependencies': OrderedDict([('isaac_ros_common', '/workspaces/isaac_ros-dev/install/isaac_ros_common'), ('isaac_ros_gxf', '/workspaces/isaac_ros-dev/install/isaac_ros_gxf'), ('isaac_ros_test', '/workspaces/isaac_ros-dev/install/isaac_ros_test'), ('gxf_isaac_gems', '/workspaces/isaac_ros-dev/install/gxf_isaac_gems'), ('gxf_isaac_message_compositor', '/workspaces/isaac_ros-dev/install/gxf_isaac_message_compositor'), ('gxf_isaac_optimizer', '/workspaces/isaac_ros-dev/install/gxf_isaac_optimizer'), ('gxf_isaac_sight', '/workspaces/isaac_ros-dev/install/gxf_isaac_sight'), ('gxf_isaac_atlas', '/workspaces/isaac_ros-dev/install/gxf_isaac_atlas'), ('gxf_isaac_gxf_helpers', '/workspaces/isaac_ros-dev/install/gxf_isaac_gxf_helpers')])}
[0.001212] (isaac_ros_nitros_camera_info_type) JobQueued: {'identifier': 'isaac_ros_nitros_camera_info_type', 'dependencies': OrderedDict([('isaac_ros_common', '/workspaces/isaac_ros-dev/install/isaac_ros_common'), ('isaac_ros_gxf', '/workspaces/isaac_ros-dev/install/isaac_ros_gxf'), ('isaac_ros_test', '/workspaces/isaac_ros-dev/install/isaac_ros_test'), ('gxf_isaac_gems', '/workspaces/isaac_ros-dev/install/gxf_isaac_gems'), ('gxf_isaac_message_compositor', '/workspaces/isaac_ros-dev/install/gxf_isaac_message_compositor'), ('gxf_isaac_optimizer', '/workspaces/isaac_ros-dev/install/gxf_isaac_optimizer'), ('gxf_isaac_sight', '/workspaces/isaac_ros-dev/install/gxf_isaac_sight'), ('gxf_isaac_atlas', '/workspaces/isaac_ros-dev/install/gxf_isaac_atlas'), ('gxf_isaac_gxf_helpers', '/workspaces/isaac_ros-dev/install/gxf_isaac_gxf_helpers'), ('isaac_ros_nitros', '/workspaces/isaac_ros-dev/install/isaac_ros_nitros')])}
[0.001240] (isaac_ros_nitros_detection3_d_array_type) JobQueued: {'identifier': 'isaac_ros_nitros_detection3_d_array_type', 'dependencies': OrderedDict([('isaac_ros_common', '/workspaces/isaac_ros-dev/install/isaac_ros_common'), ('isaac_ros_gxf', '/workspaces/isaac_ros-dev/install/isaac_ros_gxf'), ('isaac_ros_test', '/workspaces/isaac_ros-dev/install/isaac_ros_test'), ('gxf_isaac_gems', '/workspaces/isaac_ros-dev/install/gxf_isaac_gems'), ('gxf_isaac_message_compositor', '/workspaces/isaac_ros-dev/install/gxf_isaac_message_compositor'), ('gxf_isaac_optimizer', '/workspaces/isaac_ros-dev/install/gxf_isaac_optimizer'), ('gxf_isaac_sight', '/workspaces/isaac_ros-dev/install/gxf_isaac_sight'), ('gxf_isaac_atlas', '/workspaces/isaac_ros-dev/install/gxf_isaac_atlas'), ('gxf_isaac_gxf_helpers', '/workspaces/isaac_ros-dev/install/gxf_isaac_gxf_helpers'), ('gxf_isaac_messages', '/workspaces/isaac_ros-dev/install/gxf_isaac_messages'), ('isaac_ros_nitros', '/workspaces/isaac_ros-dev/install/isaac_ros_nitros')])}
[0.001256] (isaac_ros_nitros_image_type) JobQueued: {'identifier': 'isaac_ros_nitros_image_type', 'dependencies': OrderedDict([('isaac_ros_common', '/workspaces/isaac_ros-dev/install/isaac_ros_common'), ('isaac_ros_gxf', '/workspaces/isaac_ros-dev/install/isaac_ros_gxf'), ('isaac_ros_test', '/workspaces/isaac_ros-dev/install/isaac_ros_test'), ('gxf_isaac_gems', '/workspaces/isaac_ros-dev/install/gxf_isaac_gems'), ('gxf_isaac_message_compositor', '/workspaces/isaac_ros-dev/install/gxf_isaac_message_compositor'), ('gxf_isaac_optimizer', '/workspaces/isaac_ros-dev/install/gxf_isaac_optimizer'), ('gxf_isaac_sight', '/workspaces/isaac_ros-dev/install/gxf_isaac_sight'), ('gxf_isaac_atlas', '/workspaces/isaac_ros-dev/install/gxf_isaac_atlas'), ('gxf_isaac_gxf_helpers', '/workspaces/isaac_ros-dev/install/gxf_isaac_gxf_helpers'), ('isaac_ros_nitros', '/workspaces/isaac_ros-dev/install/isaac_ros_nitros')])}
[0.001272] (isaac_ros_nitros_tensor_list_type) JobQueued: {'identifier': 'isaac_ros_nitros_tensor_list_type', 'dependencies': OrderedDict([('isaac_ros_common', '/workspaces/isaac_ros-dev/install/isaac_ros_common'), ('isaac_ros_gxf', '/workspaces/isaac_ros-dev/install/isaac_ros_gxf'), ('isaac_ros_tensor_list_interfaces', '/workspaces/isaac_ros-dev/install/isaac_ros_tensor_list_interfaces'), ('isaac_ros_test', '/workspaces/isaac_ros-dev/install/isaac_ros_test'), ('gxf_isaac_gems', '/workspaces/isaac_ros-dev/install/gxf_isaac_gems'), ('gxf_isaac_message_compositor', '/workspaces/isaac_ros-dev/install/gxf_isaac_message_compositor'), ('gxf_isaac_optimizer', '/workspaces/isaac_ros-dev/install/gxf_isaac_optimizer'), ('gxf_isaac_sight', '/workspaces/isaac_ros-dev/install/gxf_isaac_sight'), ('gxf_isaac_atlas', '/workspaces/isaac_ros-dev/install/gxf_isaac_atlas'), ('gxf_isaac_gxf_helpers', '/workspaces/isaac_ros-dev/install/gxf_isaac_gxf_helpers'), ('isaac_ros_nitros', '/workspaces/isaac_ros-dev/install/isaac_ros_nitros')])}
[0.001289] (gxf_isaac_centerpose) JobQueued: {'identifier': 'gxf_isaac_centerpose', 'dependencies': OrderedDict([('isaac_ros_common', '/workspaces/isaac_ros-dev/install/isaac_ros_common'), ('isaac_ros_gxf', '/workspaces/isaac_ros-dev/install/isaac_ros_gxf'), ('isaac_ros_test', '/workspaces/isaac_ros-dev/install/isaac_ros_test'), ('gxf_isaac_gems', '/workspaces/isaac_ros-dev/install/gxf_isaac_gems'), ('gxf_isaac_message_compositor', '/workspaces/isaac_ros-dev/install/gxf_isaac_message_compositor'), ('gxf_isaac_optimizer', '/workspaces/isaac_ros-dev/install/gxf_isaac_optimizer'), ('gxf_isaac_sight', '/workspaces/isaac_ros-dev/install/gxf_isaac_sight'), ('gxf_isaac_atlas', '/workspaces/isaac_ros-dev/install/gxf_isaac_atlas'), ('gxf_isaac_gxf_helpers', '/workspaces/isaac_ros-dev/install/gxf_isaac_gxf_helpers'), ('gxf_isaac_messages', '/workspaces/isaac_ros-dev/install/gxf_isaac_messages'), ('isaac_ros_nitros', '/workspaces/isaac_ros-dev/install/isaac_ros_nitros'), ('isaac_ros_nitros_detection3_d_array_type', '/workspaces/isaac_ros-dev/install/isaac_ros_nitros_detection3_d_array_type')])}
[0.001316] (isaac_ros_managed_nitros) JobQueued: {'identifier': 'isaac_ros_managed_nitros', 'dependencies': OrderedDict([('isaac_ros_common', '/workspaces/isaac_ros-dev/install/isaac_ros_common'), ('isaac_ros_gxf', '/workspaces/isaac_ros-dev/install/isaac_ros_gxf'), ('isaac_ros_tensor_list_interfaces', '/workspaces/isaac_ros-dev/install/isaac_ros_tensor_list_interfaces'), ('isaac_ros_test', '/workspaces/isaac_ros-dev/install/isaac_ros_test'), ('gxf_isaac_gems', '/workspaces/isaac_ros-dev/install/gxf_isaac_gems'), ('gxf_isaac_message_compositor', '/workspaces/isaac_ros-dev/install/gxf_isaac_message_compositor'), ('gxf_isaac_optimizer', '/workspaces/isaac_ros-dev/install/gxf_isaac_optimizer'), ('gxf_isaac_sight', '/workspaces/isaac_ros-dev/install/gxf_isaac_sight'), ('gxf_isaac_atlas', '/workspaces/isaac_ros-dev/install/gxf_isaac_atlas'), ('gxf_isaac_gxf_helpers', '/workspaces/isaac_ros-dev/install/gxf_isaac_gxf_helpers'), ('isaac_ros_nitros', '/workspaces/isaac_ros-dev/install/isaac_ros_nitros'), ('isaac_ros_nitros_tensor_list_type', '/workspaces/isaac_ros-dev/install/isaac_ros_nitros_tensor_list_type')])}
[0.001333] (isaac_ros_tensor_rt) JobQueued: {'identifier': 'isaac_ros_tensor_rt', 'dependencies': OrderedDict([('isaac_ros_common', '/workspaces/isaac_ros-dev/install/isaac_ros_common'), ('isaac_ros_gxf', '/workspaces/isaac_ros-dev/install/isaac_ros_gxf'), ('isaac_ros_tensor_list_interfaces', '/workspaces/isaac_ros-dev/install/isaac_ros_tensor_list_interfaces'), ('isaac_ros_test', '/workspaces/isaac_ros-dev/install/isaac_ros_test'), ('gxf_isaac_gems', '/workspaces/isaac_ros-dev/install/gxf_isaac_gems'), ('gxf_isaac_message_compositor', '/workspaces/isaac_ros-dev/install/gxf_isaac_message_compositor'), ('gxf_isaac_optimizer', '/workspaces/isaac_ros-dev/install/gxf_isaac_optimizer'), ('gxf_isaac_sight', '/workspaces/isaac_ros-dev/install/gxf_isaac_sight'), ('gxf_isaac_atlas', '/workspaces/isaac_ros-dev/install/gxf_isaac_atlas'), ('gxf_isaac_gxf_helpers', '/workspaces/isaac_ros-dev/install/gxf_isaac_gxf_helpers'), ('gxf_isaac_messages', '/workspaces/isaac_ros-dev/install/gxf_isaac_messages'), ('gxf_isaac_tensor_rt', '/workspaces/isaac_ros-dev/install/gxf_isaac_tensor_rt'), ('isaac_ros_nitros', '/workspaces/isaac_ros-dev/install/isaac_ros_nitros'), ('isaac_ros_nitros_tensor_list_type', '/workspaces/isaac_ros-dev/install/isaac_ros_nitros_tensor_list_type')])}
[0.001350] (isaac_ros_tensor_proc) JobQueued: {'identifier': 'isaac_ros_tensor_proc', 'dependencies': OrderedDict([('isaac_ros_common', '/workspaces/isaac_ros-dev/install/isaac_ros_common'), ('isaac_ros_gxf', '/workspaces/isaac_ros-dev/install/isaac_ros_gxf'), ('isaac_ros_tensor_list_interfaces', '/workspaces/isaac_ros-dev/install/isaac_ros_tensor_list_interfaces'), ('isaac_ros_test', '/workspaces/isaac_ros-dev/install/isaac_ros_test'), ('gxf_isaac_gems', '/workspaces/isaac_ros-dev/install/gxf_isaac_gems'), ('gxf_isaac_message_compositor', '/workspaces/isaac_ros-dev/install/gxf_isaac_message_compositor'), ('gxf_isaac_optimizer', '/workspaces/isaac_ros-dev/install/gxf_isaac_optimizer'), ('gxf_isaac_sight', '/workspaces/isaac_ros-dev/install/gxf_isaac_sight'), ('gxf_isaac_atlas', '/workspaces/isaac_ros-dev/install/gxf_isaac_atlas'), ('gxf_isaac_gxf_helpers', '/workspaces/isaac_ros-dev/install/gxf_isaac_gxf_helpers'), ('isaac_ros_nitros', '/workspaces/isaac_ros-dev/install/isaac_ros_nitros'), ('isaac_ros_nitros_image_type', '/workspaces/isaac_ros-dev/install/isaac_ros_nitros_image_type'), ('isaac_ros_nitros_tensor_list_type', '/workspaces/isaac_ros-dev/install/isaac_ros_nitros_tensor_list_type'), ('isaac_ros_managed_nitros', '/workspaces/isaac_ros-dev/install/isaac_ros_managed_nitros')])}
[0.001378] (isaac_ros_dnn_image_encoder) JobQueued: {'identifier': 'isaac_ros_dnn_image_encoder', 'dependencies': OrderedDict([('isaac_ros_common', '/workspaces/isaac_ros-dev/install/isaac_ros_common'), ('isaac_ros_gxf', '/workspaces/isaac_ros-dev/install/isaac_ros_gxf'), ('isaac_ros_tensor_list_interfaces', '/workspaces/isaac_ros-dev/install/isaac_ros_tensor_list_interfaces'), ('isaac_ros_test', '/workspaces/isaac_ros-dev/install/isaac_ros_test'), ('gxf_isaac_gems', '/workspaces/isaac_ros-dev/install/gxf_isaac_gems'), ('gxf_isaac_message_compositor', '/workspaces/isaac_ros-dev/install/gxf_isaac_message_compositor'), ('gxf_isaac_optimizer', '/workspaces/isaac_ros-dev/install/gxf_isaac_optimizer'), ('gxf_isaac_sight', '/workspaces/isaac_ros-dev/install/gxf_isaac_sight'), ('gxf_isaac_atlas', '/workspaces/isaac_ros-dev/install/gxf_isaac_atlas'), ('gxf_isaac_gxf_helpers', '/workspaces/isaac_ros-dev/install/gxf_isaac_gxf_helpers'), ('isaac_ros_nitros', '/workspaces/isaac_ros-dev/install/isaac_ros_nitros'), ('isaac_ros_nitros_image_type', '/workspaces/isaac_ros-dev/install/isaac_ros_nitros_image_type'), ('isaac_ros_nitros_tensor_list_type', '/workspaces/isaac_ros-dev/install/isaac_ros_nitros_tensor_list_type'), ('isaac_ros_managed_nitros', '/workspaces/isaac_ros-dev/install/isaac_ros_managed_nitros'), ('isaac_ros_tensor_proc', '/workspaces/isaac_ros-dev/install/isaac_ros_tensor_proc')])}
[0.001405] (isaac_ros_centerpose) JobQueued: {'identifier': 'isaac_ros_centerpose', 'dependencies': OrderedDict([('isaac_ros_common', '/workspaces/isaac_ros-dev/install/isaac_ros_common'), ('isaac_ros_gxf', '/workspaces/isaac_ros-dev/install/isaac_ros_gxf'), ('isaac_ros_tensor_list_interfaces', '/workspaces/isaac_ros-dev/install/isaac_ros_tensor_list_interfaces'), ('isaac_ros_test', '/workspaces/isaac_ros-dev/install/isaac_ros_test'), ('gxf_isaac_gems', '/workspaces/isaac_ros-dev/install/gxf_isaac_gems'), ('gxf_isaac_message_compositor', '/workspaces/isaac_ros-dev/install/gxf_isaac_message_compositor'), ('gxf_isaac_optimizer', '/workspaces/isaac_ros-dev/install/gxf_isaac_optimizer'), ('gxf_isaac_sight', '/workspaces/isaac_ros-dev/install/gxf_isaac_sight'), ('gxf_isaac_triton', '/workspaces/isaac_ros-dev/install/gxf_isaac_triton'), ('gxf_isaac_atlas', '/workspaces/isaac_ros-dev/install/gxf_isaac_atlas'), ('gxf_isaac_gxf_helpers', '/workspaces/isaac_ros-dev/install/gxf_isaac_gxf_helpers'), ('gxf_isaac_messages', '/workspaces/isaac_ros-dev/install/gxf_isaac_messages'), ('gxf_isaac_tensor_rt', '/workspaces/isaac_ros-dev/install/gxf_isaac_tensor_rt'), ('isaac_ros_nitros', '/workspaces/isaac_ros-dev/install/isaac_ros_nitros'), ('isaac_ros_nitros_camera_info_type', '/workspaces/isaac_ros-dev/install/isaac_ros_nitros_camera_info_type'), ('isaac_ros_nitros_detection3_d_array_type', '/workspaces/isaac_ros-dev/install/isaac_ros_nitros_detection3_d_array_type'), ('isaac_ros_nitros_image_type', '/workspaces/isaac_ros-dev/install/isaac_ros_nitros_image_type'), ('isaac_ros_nitros_tensor_list_type', '/workspaces/isaac_ros-dev/install/isaac_ros_nitros_tensor_list_type'), ('gxf_isaac_centerpose', '/workspaces/isaac_ros-dev/install/gxf_isaac_centerpose'), ('isaac_ros_managed_nitros', '/workspaces/isaac_ros-dev/install/isaac_ros_managed_nitros'), ('isaac_ros_tensor_rt', '/workspaces/isaac_ros-dev/install/isaac_ros_tensor_rt'), ('isaac_ros_triton', '/workspaces/isaac_ros-dev/install/isaac_ros_triton'), ('isaac_ros_tensor_proc', '/workspaces/isaac_ros-dev/install/isaac_ros_tensor_proc'), ('isaac_ros_dnn_image_encoder', '/workspaces/isaac_ros-dev/install/isaac_ros_dnn_image_encoder')])}
[0.001429] (isaac_ros_common) JobStarted: {'identifier': 'isaac_ros_common'}
[0.008463] (isaac_ros_common) JobProgress: {'identifier': 'isaac_ros_common', 'progress': 'cmake'}
[0.008690] (isaac_ros_common) Command: {'cmd': ['/usr/bin/cmake', '/workspaces/isaac_ros-dev/src/isaac_ros_common/isaac_ros_common', '-DBUILD_TESTING=OFF', '-DAMENT_CMAKE_SYMLINK_INSTALL=1', '-DCMAKE_INSTALL_PREFIX=/workspaces/isaac_ros-dev/install/isaac_ros_common'], 'cwd': '/workspaces/isaac_ros-dev/build/isaac_ros_common', 'env': OrderedDict([('DALI_BUILD', '16741769'), ('LIBRARY_PATH', '/usr/local/cuda/lib64/stubs:'), ('NVIDIA_CTK_LIBCUDA_DIR', '/usr/lib/x86_64-linux-gnu/nvidia/current'), ('PYTHONWARNINGS', 'ignore:::setuptools.command.install,ignore:::setuptools.command.easy_install,ignore:::pkg_resources,ignore:::setuptools.command.develop'), ('USER', 'diego'), ('TRT_INC_PATH', '/usr/include/x86_64-linux-gnu'), ('TF_ADJUST_SATURATION_FUSED', '1'), ('CUSOLVER_VERSION', '11.6.4.38'), ('HOSTNAME', 'debian'), ('CUTENSOR_VERSION', '2.0.2.5'), ('SHLVL', '1'), ('LD_LIBRARY_PATH', '/opt/ros/humble/opt/openvdb_vendor/lib:/workspaces/isaac_ros-dev/install/isaac_ros_common/lib:/opt/ros/humble/opt/rviz_ogre_vendor/lib:/opt/ros/humble/lib/x86_64-linux-gnu:/opt/ros/humble/lib:/usr/local/libcudss-linux-0.3.0.9_cuda12-archive/lib:/opt/hpcx/ucc/lib/:/opt/hpcx/ucx/lib/:/usr/local/cuda/compat/lib:/usr/local/nvidia/lib:/usr/local/nvidia/lib64:/opt/tritonserver/lib'), ('HOME', '/home/admin'), ('NVIDIA_TRITON_SERVER_VERSION', '24.08'), ('OLDPWD', '/workspaces/isaac_ros-dev'), ('HOST_USER_GID', '1000'), ('CUDA_CACHE_DISABLE', '1'), ('ROS_PYTHON_VERSION', '3'), ('MODEL_OPT_VERSION', '0.15.0'), ('ENV', '/etc/shinit_v2'), ('RDMACORE_VERSION', '39.0'), ('NVJPEG_VERSION', '12.3.3.23'), ('NVIDIA_BUILD_ID', '107631419'), ('CUDA_VERSION', '12.6.0.022'), ('TCMALLOC_RELEASE_RATE', '200'), ('CUBLAS_VERSION', '12.6.0.22'), ('NSIGHT_SYSTEMS_VERSION', '2024.4.2.133'), ('COLCON_PREFIX_PATH', '/workspaces/isaac_ros-dev/install'), ('CUDA_VISIBLE_DEVICES', '0'), ('ROS_DISTRO', 'humble'), ('OPAL_PREFIX', '/opt/hpcx/ompi'), ('NVIDIA_REQUIRE_CUDA', 'cuda>=9.0'), ('TRT_VERSION', '10.3.0.26+cuda12.5.1.007'), ('GDRCOPY_VERSION', '2.3.1-1'), ('_', '/usr/bin/colcon'), ('ROS_VERSION', '2'), ('NVIDIA_DRIVER_CAPABILITIES', 'compute,utility,graphics'), ('POLYGRAPHY_VERSION', '0.49.13'), ('CURAND_VERSION', '10.3.7.37'), ('MOFED_VERSION', '5.4-rdmacore39.0'), ('USERNAME', 'admin'), ('TERM', 'xterm'), ('ISAAC_ROS_WS', '/workspaces/isaac_ros-dev'), ('ROS_LOCALHOST_ONLY', '0'), ('TRANSFORMER_ENGINE_VERSION', '1.9'), ('PATH', '/workspaces/isaac_ros-dev/install/isaac_ros_common/bin:/opt/ros/humble/bin:/opt/ros/humble/vcstool/scripts:/opt/tritonserver/bin:/usr/local/mpi/bin:/usr/local/nvidia/bin:/usr/local/cuda/bin:/usr/local/sbin:/usr/local/bin:/usr/sbin:/usr/bin:/sbin:/bin:/usr/local/ucx/bin'), ('HOST_USER_UID', '1000'), ('CUDSS_DIR', '/usr/local/libcudss-linux-0.3.0.9_cuda12-archive'), ('CUDA_DRIVER_VERSION', '560.35.03'), ('_CUDA_COMPAT_STATUS', 'Unknown error (CUDA_ERROR_UNKNOWN) cuInit()=999'), ('DISPLAY', ':1'), ('NVIDIA_PRODUCT_NAME', 'Triton Server'), ('LANG', 'en_US.UTF-8'), ('RMW_IMPLEMENTATION', 'rmw_fastrtps_cpp'), ('NPP_VERSION', '12.3.1.23'), ('ROS_ROOT', '/opt/ros/humble'), ('UCX_MEM_EVENTS', 'no'), ('CUFFT_VERSION', '11.2.6.28'), ('SSH_AUTH_SOCK', '/ssh-agent'), ('TF_ENABLE_WINOGRAD_NONFUSED', '1'), ('AMENT_PREFIX_PATH', '/workspaces/isaac_ros-dev/install/isaac_ros_test:/workspaces/isaac_ros-dev/install/isaac_ros_launch_utils:/workspaces/isaac_ros-dev/install/isaac_ros_common:/workspaces/isaac_ros-dev/install/isaac_common_py:/opt/ros/humble'), ('CUDNN_VERSION', '9.3.0.75'), ('NSIGHT_COMPUTE_VERSION', '2024.3.0.15'), ('DALI_VERSION', '1.40.0'), ('DEBIAN_FRONTEND', 'noninteractive'), ('SHELL', '/bin/bash'), ('DCGM_VERSION', '3.2.6'), ('CUDNN_FRONTEND_VERSION', '1.5.2'), ('OPENMPI_VERSION', '4.1.7'), ('TRTOSS_VERSION', '24.08'), ('OMPI_MCA_coll_hcoll_enable', '0'), ('CUSPARSE_VERSION', '12.5.2.23'), ('NVIDIA_REQUIRE_JETPACK_HOST_MOUNTS', ''), ('TRITON_SERVER_GPU_ENABLED', '1'), ('TRITON_SERVER_VERSION', '2.49.0'), ('BASH_ENV', '/etc/bash.bashrc'), ('PWD', '/workspaces/isaac_ros-dev/build/isaac_ros_common'), ('CUSPARSELT_VERSION', '0.6.2.3'), ('PYTHONPATH', '/workspaces/isaac_ros-dev/build/isaac_ros_test:/workspaces/isaac_ros-dev/install/isaac_ros_test/lib/python3.10/site-packages:/workspaces/isaac_ros-dev/build/isaac_ros_launch_utils:/workspaces/isaac_ros-dev/install/isaac_ros_launch_utils/lib/python3.10/site-packages:/workspaces/isaac_ros-dev/install/isaac_ros_common/local/lib/python3.10/dist-packages:/workspaces/isaac_ros-dev/build/isaac_common_py:/workspaces/isaac_ros-dev/install/isaac_common_py/lib/python3.10/site-packages:/opt/ros/humble/lib/python3.10/site-packages:/opt/ros/humble/local/lib/python3.10/dist-packages:/opt/ros/humble/vcstool:/opt/tritonserver/backends/dali/wheel/dali:'), ('_CUDA_COMPAT_PATH', '/usr/local/cuda/compat'), ('TRITON_SERVER_USER', 'triton-server'), ('TF_ADJUST_HUE_FUSED', '1'), ('NVIDIA_VISIBLE_DEVICES', 'void'), ('NCCL_VERSION', '2.22.3'), ('COLCON', '1'), ('OPENUCX_VERSION', '1.17.0'), ('HPCX_VERSION', '2.19'), ('CMAKE_PREFIX_PATH', '/workspaces/isaac_ros-dev/install/isaac_ros_common:/usr/local/libcudss-linux-0.3.0.9_cuda12-archive::/workspaces/isaac_ros-dev/install/isaac_ros_test:/workspaces/isaac_ros-dev/install/isaac_ros_launch_utils:/workspaces/isaac_ros-dev/install/isaac_common_py:/opt/ros/humble'), ('TF_AUTOTUNE_THRESHOLD', '2'), ('TRT_LIB_PATH', '/usr/lib/x86_64-linux-gnu')]), 'shell': False}
[0.060994] (isaac_ros_common) StdoutLine: {'line': b'-- The C compiler identification is GNU 11.4.0\n'}
[0.099830] (-) TimerEvent: {}
[0.142071] (isaac_ros_common) StdoutLine: {'line': b'-- The CXX compiler identification is GNU 11.4.0\n'}
[0.152537] (isaac_ros_common) StdoutLine: {'line': b'-- Detecting C compiler ABI info\n'}
[0.199946] (-) TimerEvent: {}
[0.246395] (isaac_ros_common) StdoutLine: {'line': b'-- Detecting C compiler ABI info - done\n'}
[0.256943] (isaac_ros_common) StdoutLine: {'line': b'-- Check for working C compiler: /usr/bin/cc - skipped\n'}
[0.257383] (isaac_ros_common) StdoutLine: {'line': b'-- Detecting C compile features\n'}
[0.257942] (isaac_ros_common) StdoutLine: {'line': b'-- Detecting C compile features - done\n'}
[0.262603] (isaac_ros_common) StdoutLine: {'line': b'-- Detecting CXX compiler ABI info\n'}
[0.300092] (-) TimerEvent: {}
[0.351264] (isaac_ros_common) StdoutLine: {'line': b'-- Detecting CXX compiler ABI info - done\n'}
[0.356748] (isaac_ros_common) StdoutLine: {'line': b'-- Check for working CXX compiler: /usr/bin/c++ - skipped\n'}
[0.357029] (isaac_ros_common) StdoutLine: {'line': b'-- Detecting CXX compile features\n'}
[0.357640] (isaac_ros_common) StdoutLine: {'line': b'-- Detecting CXX compile features - done\n'}
[0.362403] (isaac_ros_common) StdoutLine: {'line': b'-- Found ament_cmake_auto: 1.3.12 (/opt/ros/humble/share/ament_cmake_auto/cmake)\n'}
[0.400218] (-) TimerEvent: {}
[0.500537] (-) TimerEvent: {}
[0.600842] (-) TimerEvent: {}
[0.701144] (-) TimerEvent: {}
[0.801451] (-) TimerEvent: {}
[0.866048] (isaac_ros_common) StdoutLine: {'line': b'-- Found Python3: /usr/bin/python3 (found version "3.10.12") found components: Interpreter \n'}
[0.901640] (-) TimerEvent: {}
[0.912143] (isaac_ros_common) StdoutLine: {'line': b'-- Override CMake install command with custom implementation using symlinks instead of copying resources\n'}
[1.001825] (-) TimerEvent: {}
[1.057228] (isaac_ros_common) StdoutLine: {'line': b'-- Found rosidl_generator_c: 3.1.7 (/opt/ros/humble/share/rosidl_generator_c/cmake)\n'}
[1.063178] (isaac_ros_common) StdoutLine: {'line': b'-- Found rosidl_adapter: 3.1.7 (/opt/ros/humble/share/rosidl_adapter/cmake)\n'}
[1.071940] (isaac_ros_common) StdoutLine: {'line': b'-- Found rosidl_generator_cpp: 3.1.7 (/opt/ros/humble/share/rosidl_generator_cpp/cmake)\n'}
[1.083357] (isaac_ros_common) StdoutLine: {'line': b'-- Using all available rosidl_typesupport_c: rosidl_typesupport_fastrtps_c;rosidl_typesupport_introspection_c\n'}
[1.099192] (isaac_ros_common) StdoutLine: {'line': b'-- Using all available rosidl_typesupport_cpp: rosidl_typesupport_fastrtps_cpp;rosidl_typesupport_introspection_cpp\n'}
[1.101928] (-) TimerEvent: {}
[1.143113] (isaac_ros_common) StdoutLine: {'line': b'-- Found rmw_implementation_cmake: 6.1.2 (/opt/ros/humble/share/rmw_implementation_cmake/cmake)\n'}
[1.146275] (isaac_ros_common) StdoutLine: {'line': b'-- Found rmw_fastrtps_cpp: 6.2.9 (/opt/ros/humble/share/rmw_fastrtps_cpp/cmake)\n'}
[1.202066] (-) TimerEvent: {}
[1.253818] (isaac_ros_common) StdoutLine: {'line': b'-- Found OpenSSL: /usr/lib/x86_64-linux-gnu/libcrypto.so (found version "3.0.2")  \n'}
[1.292585] (isaac_ros_common) StdoutLine: {'line': b'-- Found FastRTPS: /opt/ros/humble/include  \n'}
[1.302178] (-) TimerEvent: {}
[1.342146] (isaac_ros_common) StdoutLine: {'line': b"-- Using RMW implementation 'rmw_fastrtps_cpp' as default\n"}
[1.354932] (isaac_ros_common) StdoutLine: {'line': b'-- Looking for pthread.h\n'}
[1.402292] (-) TimerEvent: {}
[1.415509] (isaac_ros_common) StdoutLine: {'line': b'-- Looking for pthread.h - found\n'}
[1.415757] (isaac_ros_common) StdoutLine: {'line': b'-- Performing Test CMAKE_HAVE_LIBC_PTHREAD\n'}
[1.495466] (isaac_ros_common) StdoutLine: {'line': b'-- Performing Test CMAKE_HAVE_LIBC_PTHREAD - Success\n'}
[1.496223] (isaac_ros_common) StdoutLine: {'line': b'-- Found Threads: TRUE  \n'}
[1.502347] (-) TimerEvent: {}
[1.541834] (isaac_ros_common) StdoutLine: {'line': b'-- Loading isaac_ros_common extras\n'}
[1.542016] (isaac_ros_common) StdoutLine: {'line': b'-- CMAKE_BUILD_TYPE: Release\n'}
[1.562133] (isaac_ros_common) StdoutLine: {'line': b'-- Found CUDA: /usr/local/cuda (found version "12.6") \n'}
[1.562641] (isaac_ros_common) StdoutLine: {'line': b'-- CUDA architectures: 89;86;80;75;70\n'}
[1.602462] (-) TimerEvent: {}
[1.647667] (isaac_ros_common) StderrLine: {'line': b'\x1b[0mIn this package, headers install destination is set to `include` by ament_auto_package. It is recommended to install `include/isaac_ros_common` instead and will be the default behavior of ament_auto_package from ROS 2 Kilted Kaiju. On distributions before Kilted, ament_auto_package behaves the same way when you use USE_SCOPED_HEADER_INSTALL_DIR option.\x1b[0m\n'}
[1.653238] (isaac_ros_common) StdoutLine: {'line': b'-- Configuring done\n'}
[1.659579] (isaac_ros_common) StdoutLine: {'line': b'-- Generating done\n'}
[1.662001] (isaac_ros_common) StdoutLine: {'line': b'-- Build files have been written to: /workspaces/isaac_ros-dev/build/isaac_ros_common\n'}
[1.669390] (isaac_ros_common) CommandEnded: {'returncode': 0}
[1.670030] (isaac_ros_common) JobProgress: {'identifier': 'isaac_ros_common', 'progress': 'build'}
[1.670577] (isaac_ros_common) Command: {'cmd': ['/usr/bin/cmake', '--build', '/workspaces/isaac_ros-dev/build/isaac_ros_common', '--', '-j16', '-l16'], 'cwd': '/workspaces/isaac_ros-dev/build/isaac_ros_common', 'env': OrderedDict([('DALI_BUILD', '16741769'), ('LIBRARY_PATH', '/usr/local/cuda/lib64/stubs:'), ('NVIDIA_CTK_LIBCUDA_DIR', '/usr/lib/x86_64-linux-gnu/nvidia/current'), ('PYTHONWARNINGS', 'ignore:::setuptools.command.install,ignore:::setuptools.command.easy_install,ignore:::pkg_resources,ignore:::setuptools.command.develop'), ('USER', 'diego'), ('TRT_INC_PATH', '/usr/include/x86_64-linux-gnu'), ('TF_ADJUST_SATURATION_FUSED', '1'), ('CUSOLVER_VERSION', '11.6.4.38'), ('HOSTNAME', 'debian'), ('CUTENSOR_VERSION', '2.0.2.5'), ('SHLVL', '1'), ('LD_LIBRARY_PATH', '/opt/ros/humble/opt/openvdb_vendor/lib:/workspaces/isaac_ros-dev/install/isaac_ros_common/lib:/opt/ros/humble/opt/rviz_ogre_vendor/lib:/opt/ros/humble/lib/x86_64-linux-gnu:/opt/ros/humble/lib:/usr/local/libcudss-linux-0.3.0.9_cuda12-archive/lib:/opt/hpcx/ucc/lib/:/opt/hpcx/ucx/lib/:/usr/local/cuda/compat/lib:/usr/local/nvidia/lib:/usr/local/nvidia/lib64:/opt/tritonserver/lib'), ('HOME', '/home/admin'), ('NVIDIA_TRITON_SERVER_VERSION', '24.08'), ('OLDPWD', '/workspaces/isaac_ros-dev'), ('HOST_USER_GID', '1000'), ('CUDA_CACHE_DISABLE', '1'), ('ROS_PYTHON_VERSION', '3'), ('MODEL_OPT_VERSION', '0.15.0'), ('ENV', '/etc/shinit_v2'), ('RDMACORE_VERSION', '39.0'), ('NVJPEG_VERSION', '12.3.3.23'), ('NVIDIA_BUILD_ID', '107631419'), ('CUDA_VERSION', '12.6.0.022'), ('TCMALLOC_RELEASE_RATE', '200'), ('CUBLAS_VERSION', '12.6.0.22'), ('NSIGHT_SYSTEMS_VERSION', '2024.4.2.133'), ('COLCON_PREFIX_PATH', '/workspaces/isaac_ros-dev/install'), ('CUDA_VISIBLE_DEVICES', '0'), ('ROS_DISTRO', 'humble'), ('OPAL_PREFIX', '/opt/hpcx/ompi'), ('NVIDIA_REQUIRE_CUDA', 'cuda>=9.0'), ('TRT_VERSION', '10.3.0.26+cuda12.5.1.007'), ('GDRCOPY_VERSION', '2.3.1-1'), ('_', '/usr/bin/colcon'), ('ROS_VERSION', '2'), ('NVIDIA_DRIVER_CAPABILITIES', 'compute,utility,graphics'), ('POLYGRAPHY_VERSION', '0.49.13'), ('CURAND_VERSION', '10.3.7.37'), ('MOFED_VERSION', '5.4-rdmacore39.0'), ('USERNAME', 'admin'), ('TERM', 'xterm'), ('ISAAC_ROS_WS', '/workspaces/isaac_ros-dev'), ('ROS_LOCALHOST_ONLY', '0'), ('TRANSFORMER_ENGINE_VERSION', '1.9'), ('PATH', '/workspaces/isaac_ros-dev/install/isaac_ros_common/bin:/opt/ros/humble/bin:/opt/ros/humble/vcstool/scripts:/opt/tritonserver/bin:/usr/local/mpi/bin:/usr/local/nvidia/bin:/usr/local/cuda/bin:/usr/local/sbin:/usr/local/bin:/usr/sbin:/usr/bin:/sbin:/bin:/usr/local/ucx/bin'), ('HOST_USER_UID', '1000'), ('CUDSS_DIR', '/usr/local/libcudss-linux-0.3.0.9_cuda12-archive'), ('CUDA_DRIVER_VERSION', '560.35.03'), ('_CUDA_COMPAT_STATUS', 'Unknown error (CUDA_ERROR_UNKNOWN) cuInit()=999'), ('DISPLAY', ':1'), ('NVIDIA_PRODUCT_NAME', 'Triton Server'), ('LANG', 'en_US.UTF-8'), ('RMW_IMPLEMENTATION', 'rmw_fastrtps_cpp'), ('NPP_VERSION', '12.3.1.23'), ('ROS_ROOT', '/opt/ros/humble'), ('UCX_MEM_EVENTS', 'no'), ('CUFFT_VERSION', '11.2.6.28'), ('SSH_AUTH_SOCK', '/ssh-agent'), ('TF_ENABLE_WINOGRAD_NONFUSED', '1'), ('AMENT_PREFIX_PATH', '/workspaces/isaac_ros-dev/install/isaac_ros_test:/workspaces/isaac_ros-dev/install/isaac_ros_launch_utils:/workspaces/isaac_ros-dev/install/isaac_ros_common:/workspaces/isaac_ros-dev/install/isaac_common_py:/opt/ros/humble'), ('CUDNN_VERSION', '9.3.0.75'), ('NSIGHT_COMPUTE_VERSION', '2024.3.0.15'), ('DALI_VERSION', '1.40.0'), ('DEBIAN_FRONTEND', 'noninteractive'), ('SHELL', '/bin/bash'), ('DCGM_VERSION', '3.2.6'), ('CUDNN_FRONTEND_VERSION', '1.5.2'), ('OPENMPI_VERSION', '4.1.7'), ('TRTOSS_VERSION', '24.08'), ('OMPI_MCA_coll_hcoll_enable', '0'), ('CUSPARSE_VERSION', '12.5.2.23'), ('NVIDIA_REQUIRE_JETPACK_HOST_MOUNTS', ''), ('TRITON_SERVER_GPU_ENABLED', '1'), ('TRITON_SERVER_VERSION', '2.49.0'), ('BASH_ENV', '/etc/bash.bashrc'), ('PWD', '/workspaces/isaac_ros-dev/build/isaac_ros_common'), ('CUSPARSELT_VERSION', '0.6.2.3'), ('PYTHONPATH', '/workspaces/isaac_ros-dev/build/isaac_ros_test:/workspaces/isaac_ros-dev/install/isaac_ros_test/lib/python3.10/site-packages:/workspaces/isaac_ros-dev/build/isaac_ros_launch_utils:/workspaces/isaac_ros-dev/install/isaac_ros_launch_utils/lib/python3.10/site-packages:/workspaces/isaac_ros-dev/install/isaac_ros_common/local/lib/python3.10/dist-packages:/workspaces/isaac_ros-dev/build/isaac_common_py:/workspaces/isaac_ros-dev/install/isaac_common_py/lib/python3.10/site-packages:/opt/ros/humble/lib/python3.10/site-packages:/opt/ros/humble/local/lib/python3.10/dist-packages:/opt/ros/humble/vcstool:/opt/tritonserver/backends/dali/wheel/dali:'), ('_CUDA_COMPAT_PATH', '/usr/local/cuda/compat'), ('TRITON_SERVER_USER', 'triton-server'), ('TF_ADJUST_HUE_FUSED', '1'), ('NVIDIA_VISIBLE_DEVICES', 'void'), ('NCCL_VERSION', '2.22.3'), ('COLCON', '1'), ('OPENUCX_VERSION', '1.17.0'), ('HPCX_VERSION', '2.19'), ('CMAKE_PREFIX_PATH', '/workspaces/isaac_ros-dev/install/isaac_ros_common:/usr/local/libcudss-linux-0.3.0.9_cuda12-archive::/workspaces/isaac_ros-dev/install/isaac_ros_test:/workspaces/isaac_ros-dev/install/isaac_ros_launch_utils:/workspaces/isaac_ros-dev/install/isaac_common_py:/opt/ros/humble'), ('TF_AUTOTUNE_THRESHOLD', '2'), ('TRT_LIB_PATH', '/usr/lib/x86_64-linux-gnu')]), 'shell': False}
[1.702602] (-) TimerEvent: {}
[1.744945] (isaac_ros_common) StdoutLine: {'line': b'[ 25%] \x1b[32mBuilding CXX object CMakeFiles/isaac_ros_common.dir/src/vpi_utilities.cpp.o\x1b[0m\n'}
[1.745284] (isaac_ros_common) StdoutLine: {'line': b'[ 50%] \x1b[34m\x1b[1mGenerating version information as YAML\x1b[0m\n'}
[1.745398] (isaac_ros_common) StdoutLine: {'line': b'[ 75%] \x1b[32mBuilding CXX object CMakeFiles/isaac_ros_common.dir/src/qos.cpp.o\x1b[0m\n'}
[1.754936] (isaac_ros_common) StdoutLine: {'line': b'[ 75%] Built target ament_cmake_python_symlink_isaac_ros_common\n'}
[1.802689] (-) TimerEvent: {}
[1.847468] (isaac_ros_common) StdoutLine: {'line': b'[ 75%] Built target generate_version_info_target_isaac_ros_common\n'}
[1.902779] (-) TimerEvent: {}
[2.003015] (-) TimerEvent: {}
[2.056367] (isaac_ros_common) StdoutLine: {'line': b'running egg_info\n'}
[2.056790] (isaac_ros_common) StdoutLine: {'line': b'creating isaac_ros_common.egg-info\n'}
[2.067548] (isaac_ros_common) StdoutLine: {'line': b'writing isaac_ros_common.egg-info/PKG-INFO\n'}
[2.067776] (isaac_ros_common) StdoutLine: {'line': b'writing dependency_links to isaac_ros_common.egg-info/dependency_links.txt\n'}
[2.067917] (isaac_ros_common) StdoutLine: {'line': b'writing top-level names to isaac_ros_common.egg-info/top_level.txt\n'}
[2.067988] (isaac_ros_common) StdoutLine: {'line': b"writing manifest file 'isaac_ros_common.egg-info/SOURCES.txt'\n"}
[2.103106] (-) TimerEvent: {}
[2.123460] (isaac_ros_common) StderrLine: {'line': b"listing git files failed - pretending there aren't any\n"}
[2.202465] (isaac_ros_common) StdoutLine: {'line': b"reading manifest file 'isaac_ros_common.egg-info/SOURCES.txt'\n"}
[2.203107] (isaac_ros_common) StdoutLine: {'line': b"writing manifest file 'isaac_ros_common.egg-info/SOURCES.txt'\n"}
[2.203235] (-) TimerEvent: {}
[2.242517] (isaac_ros_common) StdoutLine: {'line': b'[ 75%] Built target ament_cmake_python_build_isaac_ros_common_egg\n'}
[2.303348] (-) TimerEvent: {}
[2.403620] (-) TimerEvent: {}
[2.503984] (-) TimerEvent: {}
[2.604334] (-) TimerEvent: {}
[2.704703] (-) TimerEvent: {}
[2.805055] (-) TimerEvent: {}
[2.905409] (-) TimerEvent: {}
[3.005752] (-) TimerEvent: {}
[3.106103] (-) TimerEvent: {}
[3.206459] (-) TimerEvent: {}
[3.306818] (-) TimerEvent: {}
[3.407204] (-) TimerEvent: {}
[3.507573] (-) TimerEvent: {}
[3.607909] (-) TimerEvent: {}
[3.707953] (isaac_ros_common) StdoutLine: {'line': b'[100%] \x1b[32m\x1b[1mLinking CXX shared library libisaac_ros_common.so\x1b[0m\n'}
[3.708134] (-) TimerEvent: {}
[3.783569] (isaac_ros_common) StdoutLine: {'line': b'[100%] Built target isaac_ros_common\n'}
[3.795623] (isaac_ros_common) CommandEnded: {'returncode': 0}
[3.796407] (isaac_ros_common) JobProgress: {'identifier': 'isaac_ros_common', 'progress': 'install'}
[3.805825] (isaac_ros_common) Command: {'cmd': ['/usr/bin/cmake', '--install', '/workspaces/isaac_ros-dev/build/isaac_ros_common'], 'cwd': '/workspaces/isaac_ros-dev/build/isaac_ros_common', 'env': OrderedDict([('DALI_BUILD', '16741769'), ('LIBRARY_PATH', '/usr/local/cuda/lib64/stubs:'), ('NVIDIA_CTK_LIBCUDA_DIR', '/usr/lib/x86_64-linux-gnu/nvidia/current'), ('PYTHONWARNINGS', 'ignore:::setuptools.command.install,ignore:::setuptools.command.easy_install,ignore:::pkg_resources,ignore:::setuptools.command.develop'), ('USER', 'diego'), ('TRT_INC_PATH', '/usr/include/x86_64-linux-gnu'), ('TF_ADJUST_SATURATION_FUSED', '1'), ('CUSOLVER_VERSION', '11.6.4.38'), ('HOSTNAME', 'debian'), ('CUTENSOR_VERSION', '2.0.2.5'), ('SHLVL', '1'), ('LD_LIBRARY_PATH', '/opt/ros/humble/opt/openvdb_vendor/lib:/workspaces/isaac_ros-dev/install/isaac_ros_common/lib:/opt/ros/humble/opt/rviz_ogre_vendor/lib:/opt/ros/humble/lib/x86_64-linux-gnu:/opt/ros/humble/lib:/usr/local/libcudss-linux-0.3.0.9_cuda12-archive/lib:/opt/hpcx/ucc/lib/:/opt/hpcx/ucx/lib/:/usr/local/cuda/compat/lib:/usr/local/nvidia/lib:/usr/local/nvidia/lib64:/opt/tritonserver/lib'), ('HOME', '/home/admin'), ('NVIDIA_TRITON_SERVER_VERSION', '24.08'), ('OLDPWD', '/workspaces/isaac_ros-dev'), ('HOST_USER_GID', '1000'), ('CUDA_CACHE_DISABLE', '1'), ('ROS_PYTHON_VERSION', '3'), ('MODEL_OPT_VERSION', '0.15.0'), ('ENV', '/etc/shinit_v2'), ('RDMACORE_VERSION', '39.0'), ('NVJPEG_VERSION', '12.3.3.23'), ('NVIDIA_BUILD_ID', '107631419'), ('CUDA_VERSION', '12.6.0.022'), ('TCMALLOC_RELEASE_RATE', '200'), ('CUBLAS_VERSION', '12.6.0.22'), ('NSIGHT_SYSTEMS_VERSION', '2024.4.2.133'), ('COLCON_PREFIX_PATH', '/workspaces/isaac_ros-dev/install'), ('CUDA_VISIBLE_DEVICES', '0'), ('ROS_DISTRO', 'humble'), ('OPAL_PREFIX', '/opt/hpcx/ompi'), ('NVIDIA_REQUIRE_CUDA', 'cuda>=9.0'), ('TRT_VERSION', '10.3.0.26+cuda12.5.1.007'), ('GDRCOPY_VERSION', '2.3.1-1'), ('_', '/usr/bin/colcon'), ('ROS_VERSION', '2'), ('NVIDIA_DRIVER_CAPABILITIES', 'compute,utility,graphics'), ('POLYGRAPHY_VERSION', '0.49.13'), ('CURAND_VERSION', '10.3.7.37'), ('MOFED_VERSION', '5.4-rdmacore39.0'), ('USERNAME', 'admin'), ('TERM', 'xterm'), ('ISAAC_ROS_WS', '/workspaces/isaac_ros-dev'), ('ROS_LOCALHOST_ONLY', '0'), ('TRANSFORMER_ENGINE_VERSION', '1.9'), ('PATH', '/workspaces/isaac_ros-dev/install/isaac_ros_common/bin:/opt/ros/humble/bin:/opt/ros/humble/vcstool/scripts:/opt/tritonserver/bin:/usr/local/mpi/bin:/usr/local/nvidia/bin:/usr/local/cuda/bin:/usr/local/sbin:/usr/local/bin:/usr/sbin:/usr/bin:/sbin:/bin:/usr/local/ucx/bin'), ('HOST_USER_UID', '1000'), ('CUDSS_DIR', '/usr/local/libcudss-linux-0.3.0.9_cuda12-archive'), ('CUDA_DRIVER_VERSION', '560.35.03'), ('_CUDA_COMPAT_STATUS', 'Unknown error (CUDA_ERROR_UNKNOWN) cuInit()=999'), ('DISPLAY', ':1'), ('NVIDIA_PRODUCT_NAME', 'Triton Server'), ('LANG', 'en_US.UTF-8'), ('RMW_IMPLEMENTATION', 'rmw_fastrtps_cpp'), ('NPP_VERSION', '12.3.1.23'), ('ROS_ROOT', '/opt/ros/humble'), ('UCX_MEM_EVENTS', 'no'), ('CUFFT_VERSION', '11.2.6.28'), ('SSH_AUTH_SOCK', '/ssh-agent'), ('TF_ENABLE_WINOGRAD_NONFUSED', '1'), ('AMENT_PREFIX_PATH', '/workspaces/isaac_ros-dev/install/isaac_ros_test:/workspaces/isaac_ros-dev/install/isaac_ros_launch_utils:/workspaces/isaac_ros-dev/install/isaac_ros_common:/workspaces/isaac_ros-dev/install/isaac_common_py:/opt/ros/humble'), ('CUDNN_VERSION', '9.3.0.75'), ('NSIGHT_COMPUTE_VERSION', '2024.3.0.15'), ('DALI_VERSION', '1.40.0'), ('DEBIAN_FRONTEND', 'noninteractive'), ('SHELL', '/bin/bash'), ('DCGM_VERSION', '3.2.6'), ('CUDNN_FRONTEND_VERSION', '1.5.2'), ('OPENMPI_VERSION', '4.1.7'), ('TRTOSS_VERSION', '24.08'), ('OMPI_MCA_coll_hcoll_enable', '0'), ('CUSPARSE_VERSION', '12.5.2.23'), ('NVIDIA_REQUIRE_JETPACK_HOST_MOUNTS', ''), ('TRITON_SERVER_GPU_ENABLED', '1'), ('TRITON_SERVER_VERSION', '2.49.0'), ('BASH_ENV', '/etc/bash.bashrc'), ('PWD', '/workspaces/isaac_ros-dev/build/isaac_ros_common'), ('CUSPARSELT_VERSION', '0.6.2.3'), ('PYTHONPATH', '/workspaces/isaac_ros-dev/build/isaac_ros_test:/workspaces/isaac_ros-dev/install/isaac_ros_test/lib/python3.10/site-packages:/workspaces/isaac_ros-dev/build/isaac_ros_launch_utils:/workspaces/isaac_ros-dev/install/isaac_ros_launch_utils/lib/python3.10/site-packages:/workspaces/isaac_ros-dev/install/isaac_ros_common/local/lib/python3.10/dist-packages:/workspaces/isaac_ros-dev/build/isaac_common_py:/workspaces/isaac_ros-dev/install/isaac_common_py/lib/python3.10/site-packages:/opt/ros/humble/lib/python3.10/site-packages:/opt/ros/humble/local/lib/python3.10/dist-packages:/opt/ros/humble/vcstool:/opt/tritonserver/backends/dali/wheel/dali:'), ('_CUDA_COMPAT_PATH', '/usr/local/cuda/compat'), ('TRITON_SERVER_USER', 'triton-server'), ('TF_ADJUST_HUE_FUSED', '1'), ('NVIDIA_VISIBLE_DEVICES', 'void'), ('NCCL_VERSION', '2.22.3'), ('COLCON', '1'), ('OPENUCX_VERSION', '1.17.0'), ('HPCX_VERSION', '2.19'), ('CMAKE_PREFIX_PATH', '/workspaces/isaac_ros-dev/install/isaac_ros_common:/usr/local/libcudss-linux-0.3.0.9_cuda12-archive::/workspaces/isaac_ros-dev/install/isaac_ros_test:/workspaces/isaac_ros-dev/install/isaac_ros_launch_utils:/workspaces/isaac_ros-dev/install/isaac_common_py:/opt/ros/humble'), ('TF_AUTOTUNE_THRESHOLD', '2'), ('TRT_LIB_PATH', '/usr/lib/x86_64-linux-gnu')]), 'shell': False}
[3.808344] (-) TimerEvent: {}
[3.813148] (isaac_ros_common) StdoutLine: {'line': b'-- Install configuration: "Release"\n'}
[3.813511] (isaac_ros_common) StdoutLine: {'line': b'-- Execute custom install script\n'}
[3.813713] (isaac_ros_common) StdoutLine: {'line': b'-- Symlinking: /workspaces/isaac_ros-dev/install/isaac_ros_common/share/ament_index/resource_index/isaac_ros_common_cmake_path/isaac_ros_common\n'}
[3.819879] (isaac_ros_common) StdoutLine: {'line': b'-- Symlinking: /workspaces/isaac_ros-dev/install/isaac_ros_common/share/isaac_ros_common/environment/pythonpath.sh\n'}
[3.829175] (isaac_ros_common) StdoutLine: {'line': b'-- Symlinking: /workspaces/isaac_ros-dev/install/isaac_ros_common/share/isaac_ros_common/environment/pythonpath.dsv\n'}
[3.842083] (isaac_ros_common) StdoutLine: {'line': b'-- Symlinking: /workspaces/isaac_ros-dev/install/isaac_ros_common/local/lib/python3.10/dist-packages/isaac_ros_common-3.2.5-py3.10.egg-info/PKG-INFO\n'}
[3.855499] (isaac_ros_common) StdoutLine: {'line': b'-- Symlinking: /workspaces/isaac_ros-dev/install/isaac_ros_common/local/lib/python3.10/dist-packages/isaac_ros_common-3.2.5-py3.10.egg-info/SOURCES.txt\n'}
[3.866423] (isaac_ros_common) StdoutLine: {'line': b'-- Symlinking: /workspaces/isaac_ros-dev/install/isaac_ros_common/local/lib/python3.10/dist-packages/isaac_ros_common-3.2.5-py3.10.egg-info/dependency_links.txt\n'}
[3.877525] (isaac_ros_common) StdoutLine: {'line': b'-- Symlinking: /workspaces/isaac_ros-dev/install/isaac_ros_common/local/lib/python3.10/dist-packages/isaac_ros_common-3.2.5-py3.10.egg-info/top_level.txt\n'}
[3.892119] (isaac_ros_common) StdoutLine: {'line': b'-- Symlinking: /workspaces/isaac_ros-dev/install/isaac_ros_common/local/lib/python3.10/dist-packages/isaac_ros_common/__init__.py\n'}
[3.901233] (isaac_ros_common) StdoutLine: {'line': b'-- Symlinking: /workspaces/isaac_ros-dev/install/isaac_ros_common/local/lib/python3.10/dist-packages/isaac_ros_common/qos.py\n'}
[3.908724] (isaac_ros_common) StdoutLine: {'line': b'-- Symlinking: /workspaces/isaac_ros-dev/install/isaac_ros_common/share/ament_index/resource_index/isaac_ros_common_scripts_path/isaac_ros_common\n'}
[3.909039] (-) TimerEvent: {}
[3.914663] (isaac_ros_common) StdoutLine: {'line': b'-- Symlinking: /workspaces/isaac_ros-dev/install/isaac_ros_common/share/isaac_ros_common/version_info.yaml\n'}
[3.921253] (isaac_ros_common) StdoutLine: {'line': b'-- Symlinking: /workspaces/isaac_ros-dev/install/isaac_ros_common/include/isaac_ros_common/qos.hpp\n'}
[3.927705] (isaac_ros_common) StdoutLine: {'line': b'-- Symlinking: /workspaces/isaac_ros-dev/install/isaac_ros_common/include/isaac_ros_common/vpi_utilities.hpp\n'}
[3.938637] (isaac_ros_common) StdoutLine: {'line': b'-- Symlinking: /workspaces/isaac_ros-dev/install/isaac_ros_common/share/isaac_ros_common/environment/library_path.sh\n'}
[3.947994] (isaac_ros_common) StdoutLine: {'line': b'-- Symlinking: /workspaces/isaac_ros-dev/install/isaac_ros_common/share/isaac_ros_common/environment/library_path.dsv\n'}
[3.956052] (isaac_ros_common) StdoutLine: {'line': b'-- Symlinking: /workspaces/isaac_ros-dev/install/isaac_ros_common/lib/libisaac_ros_common.so\n'}
[3.964145] (isaac_ros_common) StdoutLine: {'line': b'-- Symlinking: /workspaces/isaac_ros-dev/install/isaac_ros_common/share/isaac_ros_common/cmake/isaac_ros_common-extras-assets.cmake\n'}
[3.971348] (isaac_ros_common) StdoutLine: {'line': b'-- Symlinking: /workspaces/isaac_ros-dev/install/isaac_ros_common/share/isaac_ros_common/cmake/isaac_ros_common-extras-modules.cmake\n'}
[3.982834] (isaac_ros_common) StdoutLine: {'line': b'-- Symlinking: /workspaces/isaac_ros-dev/install/isaac_ros_common/share/isaac_ros_common/cmake/isaac_ros_common-extras.cmake\n'}
[3.993194] (isaac_ros_common) StdoutLine: {'line': b'-- Symlinking: /workspaces/isaac_ros-dev/install/isaac_ros_common/share/isaac_ros_common/cmake/isaac_ros_common-version-info.cmake\n'}
[4.002525] (isaac_ros_common) StdoutLine: {'line': b'-- Symlinking: /workspaces/isaac_ros-dev/install/isaac_ros_common/share/isaac_ros_common/cmake/modules/FindTENSORRT.cmake\n'}
[4.009143] (-) TimerEvent: {}
[4.010714] (isaac_ros_common) StdoutLine: {'line': b'-- Symlinking: /workspaces/isaac_ros-dev/install/isaac_ros_common/share/ament_index/resource_index/package_run_dependencies/isaac_ros_common\n'}
[4.017620] (isaac_ros_common) StdoutLine: {'line': b'-- Symlinking: /workspaces/isaac_ros-dev/install/isaac_ros_common/share/ament_index/resource_index/parent_prefix_path/isaac_ros_common\n'}
[4.027629] (isaac_ros_common) StdoutLine: {'line': b'-- Symlinking: /workspaces/isaac_ros-dev/install/isaac_ros_common/share/isaac_ros_common/environment/ament_prefix_path.sh\n'}
[4.036460] (isaac_ros_common) StdoutLine: {'line': b'-- Symlinking: /workspaces/isaac_ros-dev/install/isaac_ros_common/share/isaac_ros_common/environment/ament_prefix_path.dsv\n'}
[4.044839] (isaac_ros_common) StdoutLine: {'line': b'-- Symlinking: /workspaces/isaac_ros-dev/install/isaac_ros_common/share/isaac_ros_common/environment/path.sh\n'}
[4.055767] (isaac_ros_common) StdoutLine: {'line': b'-- Symlinking: /workspaces/isaac_ros-dev/install/isaac_ros_common/share/isaac_ros_common/environment/path.dsv\n'}
[4.069010] (isaac_ros_common) StdoutLine: {'line': b'-- Symlinking: /workspaces/isaac_ros-dev/install/isaac_ros_common/share/isaac_ros_common/local_setup.bash\n'}
[4.083233] (isaac_ros_common) StdoutLine: {'line': b'-- Symlinking: /workspaces/isaac_ros-dev/install/isaac_ros_common/share/isaac_ros_common/local_setup.sh\n'}
[4.096260] (isaac_ros_common) StdoutLine: {'line': b'-- Symlinking: /workspaces/isaac_ros-dev/install/isaac_ros_common/share/isaac_ros_common/local_setup.zsh\n'}
[4.109287] (-) TimerEvent: {}
[4.110114] (isaac_ros_common) StdoutLine: {'line': b'-- Symlinking: /workspaces/isaac_ros-dev/install/isaac_ros_common/share/isaac_ros_common/local_setup.dsv\n'}
[4.123379] (isaac_ros_common) StdoutLine: {'line': b'-- Symlinking: /workspaces/isaac_ros-dev/install/isaac_ros_common/share/isaac_ros_common/package.dsv\n'}
[4.134258] (isaac_ros_common) StdoutLine: {'line': b'-- Symlinking: /workspaces/isaac_ros-dev/install/isaac_ros_common/share/ament_index/resource_index/packages/isaac_ros_common\n'}
[4.143084] (isaac_ros_common) StdoutLine: {'line': b'-- Up-to-date symlink: /workspaces/isaac_ros-dev/install/isaac_ros_common/share/isaac_ros_common/cmake/isaac_ros_common-version-info.cmake\n'}
[4.143270] (isaac_ros_common) StdoutLine: {'line': b'-- Up-to-date symlink: /workspaces/isaac_ros-dev/install/isaac_ros_common/share/isaac_ros_common/cmake/isaac_ros_common-extras.cmake\n'}
[4.143352] (isaac_ros_common) StdoutLine: {'line': b'-- Up-to-date symlink: /workspaces/isaac_ros-dev/install/isaac_ros_common/share/isaac_ros_common/cmake/isaac_ros_common-extras-modules.cmake\n'}
[4.143414] (isaac_ros_common) StdoutLine: {'line': b'-- Up-to-date symlink: /workspaces/isaac_ros-dev/install/isaac_ros_common/share/isaac_ros_common/cmake/isaac_ros_common-extras-assets.cmake\n'}
[4.143590] (isaac_ros_common) StdoutLine: {'line': b'-- Symlinking: /workspaces/isaac_ros-dev/install/isaac_ros_common/share/isaac_ros_common/cmake/ament_cmake_export_dependencies-extras.cmake\n'}
[4.150227] (isaac_ros_common) StdoutLine: {'line': b'-- Symlinking: /workspaces/isaac_ros-dev/install/isaac_ros_common/share/isaac_ros_common/cmake/ament_cmake_export_include_directories-extras.cmake\n'}
[4.157087] (isaac_ros_common) StdoutLine: {'line': b'-- Symlinking: /workspaces/isaac_ros-dev/install/isaac_ros_common/share/isaac_ros_common/cmake/ament_cmake_export_libraries-extras.cmake\n'}
[4.164393] (isaac_ros_common) StdoutLine: {'line': b'-- Symlinking: /workspaces/isaac_ros-dev/install/isaac_ros_common/share/isaac_ros_common/cmake/isaac_ros_commonConfig.cmake\n'}
[4.170305] (isaac_ros_common) StdoutLine: {'line': b'-- Symlinking: /workspaces/isaac_ros-dev/install/isaac_ros_common/share/isaac_ros_common/cmake/isaac_ros_commonConfig-version.cmake\n'}
[4.177649] (isaac_ros_common) StdoutLine: {'line': b'-- Symlinking: /workspaces/isaac_ros-dev/install/isaac_ros_common/share/isaac_ros_common/package.xml\n'}
[4.209391] (-) TimerEvent: {}
[4.227524] (isaac_ros_common) StdoutLine: {'line': b"Listing '/workspaces/isaac_ros-dev/install/isaac_ros_common/local/lib/python3.10/dist-packages/isaac_ros_common'...\n"}
[4.227681] (isaac_ros_common) StdoutLine: {'line': b"Compiling '/workspaces/isaac_ros-dev/install/isaac_ros_common/local/lib/python3.10/dist-packages/isaac_ros_common/__init__.py'...\n"}
[4.227727] (isaac_ros_common) StdoutLine: {'line': b"Compiling '/workspaces/isaac_ros-dev/install/isaac_ros_common/local/lib/python3.10/dist-packages/isaac_ros_common/qos.py'...\n"}
[4.231285] (isaac_ros_common) StdoutLine: {'line': b'-- Installing: /workspaces/isaac_ros-dev/install/isaac_ros_common/bin\n'}
[4.231446] (isaac_ros_common) StdoutLine: {'line': b'-- Installing: /workspaces/isaac_ros-dev/install/isaac_ros_common/bin/isaac_ros_generate_bug_report.py\n'}
[4.231512] (isaac_ros_common) StdoutLine: {'line': b'-- Installing: /workspaces/isaac_ros-dev/install/isaac_ros_common/bin/isaac_ros_version_embed.py\n'}
[4.231567] (isaac_ros_common) StdoutLine: {'line': b'-- Installing: /workspaces/isaac_ros-dev/install/isaac_ros_common/bin/isaac_ros_asset_eula.sh\n'}
[4.231620] (isaac_ros_common) StdoutLine: {'line': b'-- Installing: /workspaces/isaac_ros-dev/install/isaac_ros_common/bin/isaac_ros_common-version-info.py\n'}
[4.233069] (isaac_ros_common) CommandEnded: {'returncode': 0}
[4.254540] (isaac_ros_common) JobEnded: {'identifier': 'isaac_ros_common', 'rc': 0}
[4.255228] (isaac_ros_gxf) JobStarted: {'identifier': 'isaac_ros_gxf'}
[4.257589] (isaac_ros_test) JobStarted: {'identifier': 'isaac_ros_test'}
[4.261492] (isaac_ros_tensor_list_interfaces) JobStarted: {'identifier': 'isaac_ros_tensor_list_interfaces'}
[4.264682] (isaac_ros_gxf) JobProgress: {'identifier': 'isaac_ros_gxf', 'progress': 'cmake'}
[4.264905] (isaac_ros_gxf) Command: {'cmd': ['/usr/bin/cmake', '/workspaces/isaac_ros-dev/src/isaac_ros_nitros/isaac_ros_gxf', '-DBUILD_TESTING=OFF', '-DAMENT_CMAKE_SYMLINK_INSTALL=1', '-DCMAKE_INSTALL_PREFIX=/workspaces/isaac_ros-dev/install/isaac_ros_gxf'], 'cwd': '/workspaces/isaac_ros-dev/build/isaac_ros_gxf', 'env': OrderedDict([('DALI_BUILD', '16741769'), ('LIBRARY_PATH', '/usr/local/cuda/lib64/stubs:'), ('NVIDIA_CTK_LIBCUDA_DIR', '/usr/lib/x86_64-linux-gnu/nvidia/current'), ('PYTHONWARNINGS', 'ignore:::setuptools.command.install,ignore:::setuptools.command.easy_install,ignore:::pkg_resources,ignore:::setuptools.command.develop'), ('USER', 'diego'), ('TRT_INC_PATH', '/usr/include/x86_64-linux-gnu'), ('TF_ADJUST_SATURATION_FUSED', '1'), ('CUSOLVER_VERSION', '11.6.4.38'), ('HOSTNAME', 'debian'), ('CUTENSOR_VERSION', '2.0.2.5'), ('SHLVL', '1'), ('LD_LIBRARY_PATH', '/workspaces/isaac_ros-dev/install/isaac_ros_common/lib:/opt/ros/humble/opt/openvdb_vendor/lib:/opt/ros/humble/opt/rviz_ogre_vendor/lib:/opt/ros/humble/lib/x86_64-linux-gnu:/opt/ros/humble/lib:/usr/local/libcudss-linux-0.3.0.9_cuda12-archive/lib:/opt/hpcx/ucc/lib/:/opt/hpcx/ucx/lib/:/usr/local/cuda/compat/lib:/usr/local/nvidia/lib:/usr/local/nvidia/lib64:/opt/tritonserver/lib'), ('HOME', '/home/admin'), ('NVIDIA_TRITON_SERVER_VERSION', '24.08'), ('OLDPWD', '/workspaces/isaac_ros-dev'), ('HOST_USER_GID', '1000'), ('CUDA_CACHE_DISABLE', '1'), ('ROS_PYTHON_VERSION', '3'), ('MODEL_OPT_VERSION', '0.15.0'), ('ENV', '/etc/shinit_v2'), ('RDMACORE_VERSION', '39.0'), ('NVJPEG_VERSION', '12.3.3.23'), ('NVIDIA_BUILD_ID', '107631419'), ('CUDA_VERSION', '12.6.0.022'), ('TCMALLOC_RELEASE_RATE', '200'), ('CUBLAS_VERSION', '12.6.0.22'), ('NSIGHT_SYSTEMS_VERSION', '2024.4.2.133'), ('COLCON_PREFIX_PATH', '/workspaces/isaac_ros-dev/install'), ('CUDA_VISIBLE_DEVICES', '0'), ('ROS_DISTRO', 'humble'), ('OPAL_PREFIX', '/opt/hpcx/ompi'), ('NVIDIA_REQUIRE_CUDA', 'cuda>=9.0'), ('TRT_VERSION', '10.3.0.26+cuda12.5.1.007'), ('GDRCOPY_VERSION', '2.3.1-1'), ('_', '/usr/bin/colcon'), ('ROS_VERSION', '2'), ('NVIDIA_DRIVER_CAPABILITIES', 'compute,utility,graphics'), ('POLYGRAPHY_VERSION', '0.49.13'), ('CURAND_VERSION', '10.3.7.37'), ('MOFED_VERSION', '5.4-rdmacore39.0'), ('USERNAME', 'admin'), ('TERM', 'xterm'), ('ISAAC_ROS_WS', '/workspaces/isaac_ros-dev'), ('ROS_LOCALHOST_ONLY', '0'), ('TRANSFORMER_ENGINE_VERSION', '1.9'), ('PATH', '/workspaces/isaac_ros-dev/install/isaac_ros_common/bin:/opt/ros/humble/bin:/opt/ros/humble/vcstool/scripts:/opt/tritonserver/bin:/usr/local/mpi/bin:/usr/local/nvidia/bin:/usr/local/cuda/bin:/usr/local/sbin:/usr/local/bin:/usr/sbin:/usr/bin:/sbin:/bin:/usr/local/ucx/bin'), ('HOST_USER_UID', '1000'), ('CUDSS_DIR', '/usr/local/libcudss-linux-0.3.0.9_cuda12-archive'), ('CUDA_DRIVER_VERSION', '560.35.03'), ('_CUDA_COMPAT_STATUS', 'Unknown error (CUDA_ERROR_UNKNOWN) cuInit()=999'), ('DISPLAY', ':1'), ('NVIDIA_PRODUCT_NAME', 'Triton Server'), ('LANG', 'en_US.UTF-8'), ('RMW_IMPLEMENTATION', 'rmw_fastrtps_cpp'), ('NPP_VERSION', '12.3.1.23'), ('ROS_ROOT', '/opt/ros/humble'), ('UCX_MEM_EVENTS', 'no'), ('CUFFT_VERSION', '11.2.6.28'), ('SSH_AUTH_SOCK', '/ssh-agent'), ('TF_ENABLE_WINOGRAD_NONFUSED', '1'), ('AMENT_PREFIX_PATH', '/workspaces/isaac_ros-dev/install/isaac_ros_test:/workspaces/isaac_ros-dev/install/isaac_ros_launch_utils:/workspaces/isaac_ros-dev/install/isaac_ros_common:/workspaces/isaac_ros-dev/install/isaac_common_py:/opt/ros/humble'), ('CUDNN_VERSION', '9.3.0.75'), ('NSIGHT_COMPUTE_VERSION', '2024.3.0.15'), ('DALI_VERSION', '1.40.0'), ('DEBIAN_FRONTEND', 'noninteractive'), ('SHELL', '/bin/bash'), ('DCGM_VERSION', '3.2.6'), ('CUDNN_FRONTEND_VERSION', '1.5.2'), ('OPENMPI_VERSION', '4.1.7'), ('TRTOSS_VERSION', '24.08'), ('OMPI_MCA_coll_hcoll_enable', '0'), ('CUSPARSE_VERSION', '12.5.2.23'), ('NVIDIA_REQUIRE_JETPACK_HOST_MOUNTS', ''), ('TRITON_SERVER_GPU_ENABLED', '1'), ('TRITON_SERVER_VERSION', '2.49.0'), ('BASH_ENV', '/etc/bash.bashrc'), ('PWD', '/workspaces/isaac_ros-dev/build/isaac_ros_gxf'), ('CUSPARSELT_VERSION', '0.6.2.3'), ('PYTHONPATH', '/workspaces/isaac_ros-dev/build/isaac_ros_test:/workspaces/isaac_ros-dev/install/isaac_ros_test/lib/python3.10/site-packages:/workspaces/isaac_ros-dev/build/isaac_ros_launch_utils:/workspaces/isaac_ros-dev/install/isaac_ros_launch_utils/lib/python3.10/site-packages:/workspaces/isaac_ros-dev/install/isaac_ros_common/local/lib/python3.10/dist-packages:/workspaces/isaac_ros-dev/build/isaac_common_py:/workspaces/isaac_ros-dev/install/isaac_common_py/lib/python3.10/site-packages:/opt/ros/humble/lib/python3.10/site-packages:/opt/ros/humble/local/lib/python3.10/dist-packages:/opt/ros/humble/vcstool:/opt/tritonserver/backends/dali/wheel/dali:'), ('_CUDA_COMPAT_PATH', '/usr/local/cuda/compat'), ('TRITON_SERVER_USER', 'triton-server'), ('TF_ADJUST_HUE_FUSED', '1'), ('NVIDIA_VISIBLE_DEVICES', 'void'), ('NCCL_VERSION', '2.22.3'), ('COLCON', '1'), ('OPENUCX_VERSION', '1.17.0'), ('HPCX_VERSION', '2.19'), ('CMAKE_PREFIX_PATH', '/workspaces/isaac_ros-dev/install/isaac_ros_common:/usr/local/libcudss-linux-0.3.0.9_cuda12-archive:/workspaces/isaac_ros-dev/install/isaac_ros_test:/workspaces/isaac_ros-dev/install/isaac_ros_launch_utils:/workspaces/isaac_ros-dev/install/isaac_common_py:/opt/ros/humble'), ('TF_AUTOTUNE_THRESHOLD', '2'), ('TRT_LIB_PATH', '/usr/lib/x86_64-linux-gnu')]), 'shell': False}
[4.309484] (-) TimerEvent: {}
[4.310362] (isaac_ros_gxf) StdoutLine: {'line': b'-- The C compiler identification is GNU 11.4.0\n'}
[4.351917] (isaac_ros_gxf) StdoutLine: {'line': b'-- The CXX compiler identification is GNU 11.4.0\n'}
[4.357064] (isaac_ros_gxf) StdoutLine: {'line': b'-- Detecting C compiler ABI info\n'}
[4.409670] (-) TimerEvent: {}
[4.417032] (isaac_ros_gxf) StdoutLine: {'line': b'-- Detecting C compiler ABI info - done\n'}
[4.422588] (isaac_ros_gxf) StdoutLine: {'line': b'-- Check for working C compiler: /usr/bin/cc - skipped\n'}
[4.422785] (isaac_ros_gxf) StdoutLine: {'line': b'-- Detecting C compile features\n'}
[4.423088] (isaac_ros_gxf) StdoutLine: {'line': b'-- Detecting C compile features - done\n'}
[4.425397] (isaac_ros_gxf) StdoutLine: {'line': b'-- Detecting CXX compiler ABI info\n'}
[4.487029] (isaac_ros_gxf) StdoutLine: {'line': b'-- Detecting CXX compiler ABI info - done\n'}
[4.492228] (isaac_ros_gxf) StdoutLine: {'line': b'-- Check for working CXX compiler: /usr/bin/c++ - skipped\n'}
[4.492562] (isaac_ros_gxf) StdoutLine: {'line': b'-- Detecting CXX compile features\n'}
[4.492873] (isaac_ros_gxf) StdoutLine: {'line': b'-- Detecting CXX compile features - done\n'}
[4.495437] (isaac_ros_gxf) StdoutLine: {'line': b'-- Architecture: x86_64\n'}
[4.498253] (isaac_ros_gxf) StdoutLine: {'line': b'-- Found ament_cmake_auto: 1.3.12 (/opt/ros/humble/share/ament_cmake_auto/cmake)\n'}
[4.509758] (-) TimerEvent: {}
[4.570871] (isaac_ros_tensor_list_interfaces) JobProgress: {'identifier': 'isaac_ros_tensor_list_interfaces', 'progress': 'cmake'}
[4.571490] (isaac_ros_tensor_list_interfaces) Command: {'cmd': ['/usr/bin/cmake', '/workspaces/isaac_ros-dev/src/isaac_ros_common/isaac_ros_tensor_list_interfaces', '-DBUILD_TESTING=OFF', '-DAMENT_CMAKE_SYMLINK_INSTALL=1', '-DCMAKE_INSTALL_PREFIX=/workspaces/isaac_ros-dev/install/isaac_ros_tensor_list_interfaces'], 'cwd': '/workspaces/isaac_ros-dev/build/isaac_ros_tensor_list_interfaces', 'env': OrderedDict([('DALI_BUILD', '16741769'), ('LIBRARY_PATH', '/usr/local/cuda/lib64/stubs:'), ('NVIDIA_CTK_LIBCUDA_DIR', '/usr/lib/x86_64-linux-gnu/nvidia/current'), ('PYTHONWARNINGS', 'ignore:::setuptools.command.install,ignore:::setuptools.command.easy_install,ignore:::pkg_resources,ignore:::setuptools.command.develop'), ('USER', 'diego'), ('TRT_INC_PATH', '/usr/include/x86_64-linux-gnu'), ('TF_ADJUST_SATURATION_FUSED', '1'), ('CUSOLVER_VERSION', '11.6.4.38'), ('HOSTNAME', 'debian'), ('CUTENSOR_VERSION', '2.0.2.5'), ('SHLVL', '1'), ('LD_LIBRARY_PATH', '/workspaces/isaac_ros-dev/install/isaac_ros_common/lib:/opt/ros/humble/opt/openvdb_vendor/lib:/opt/ros/humble/opt/rviz_ogre_vendor/lib:/opt/ros/humble/lib/x86_64-linux-gnu:/opt/ros/humble/lib:/usr/local/libcudss-linux-0.3.0.9_cuda12-archive/lib:/opt/hpcx/ucc/lib/:/opt/hpcx/ucx/lib/:/usr/local/cuda/compat/lib:/usr/local/nvidia/lib:/usr/local/nvidia/lib64:/opt/tritonserver/lib'), ('HOME', '/home/admin'), ('NVIDIA_TRITON_SERVER_VERSION', '24.08'), ('OLDPWD', '/workspaces/isaac_ros-dev'), ('HOST_USER_GID', '1000'), ('CUDA_CACHE_DISABLE', '1'), ('ROS_PYTHON_VERSION', '3'), ('MODEL_OPT_VERSION', '0.15.0'), ('ENV', '/etc/shinit_v2'), ('RDMACORE_VERSION', '39.0'), ('NVJPEG_VERSION', '12.3.3.23'), ('NVIDIA_BUILD_ID', '107631419'), ('CUDA_VERSION', '12.6.0.022'), ('TCMALLOC_RELEASE_RATE', '200'), ('CUBLAS_VERSION', '12.6.0.22'), ('NSIGHT_SYSTEMS_VERSION', '2024.4.2.133'), ('COLCON_PREFIX_PATH', '/workspaces/isaac_ros-dev/install'), ('CUDA_VISIBLE_DEVICES', '0'), ('ROS_DISTRO', 'humble'), ('OPAL_PREFIX', '/opt/hpcx/ompi'), ('NVIDIA_REQUIRE_CUDA', 'cuda>=9.0'), ('TRT_VERSION', '10.3.0.26+cuda12.5.1.007'), ('GDRCOPY_VERSION', '2.3.1-1'), ('_', '/usr/bin/colcon'), ('ROS_VERSION', '2'), ('NVIDIA_DRIVER_CAPABILITIES', 'compute,utility,graphics'), ('POLYGRAPHY_VERSION', '0.49.13'), ('CURAND_VERSION', '10.3.7.37'), ('MOFED_VERSION', '5.4-rdmacore39.0'), ('USERNAME', 'admin'), ('TERM', 'xterm'), ('ISAAC_ROS_WS', '/workspaces/isaac_ros-dev'), ('ROS_LOCALHOST_ONLY', '0'), ('TRANSFORMER_ENGINE_VERSION', '1.9'), ('PATH', '/workspaces/isaac_ros-dev/install/isaac_ros_common/bin:/opt/ros/humble/bin:/opt/ros/humble/vcstool/scripts:/opt/tritonserver/bin:/usr/local/mpi/bin:/usr/local/nvidia/bin:/usr/local/cuda/bin:/usr/local/sbin:/usr/local/bin:/usr/sbin:/usr/bin:/sbin:/bin:/usr/local/ucx/bin'), ('HOST_USER_UID', '1000'), ('CUDSS_DIR', '/usr/local/libcudss-linux-0.3.0.9_cuda12-archive'), ('CUDA_DRIVER_VERSION', '560.35.03'), ('_CUDA_COMPAT_STATUS', 'Unknown error (CUDA_ERROR_UNKNOWN) cuInit()=999'), ('DISPLAY', ':1'), ('NVIDIA_PRODUCT_NAME', 'Triton Server'), ('LANG', 'en_US.UTF-8'), ('RMW_IMPLEMENTATION', 'rmw_fastrtps_cpp'), ('NPP_VERSION', '12.3.1.23'), ('ROS_ROOT', '/opt/ros/humble'), ('UCX_MEM_EVENTS', 'no'), ('CUFFT_VERSION', '11.2.6.28'), ('SSH_AUTH_SOCK', '/ssh-agent'), ('TF_ENABLE_WINOGRAD_NONFUSED', '1'), ('AMENT_PREFIX_PATH', '/workspaces/isaac_ros-dev/install/isaac_ros_test:/workspaces/isaac_ros-dev/install/isaac_ros_launch_utils:/workspaces/isaac_ros-dev/install/isaac_ros_common:/workspaces/isaac_ros-dev/install/isaac_common_py:/opt/ros/humble'), ('CUDNN_VERSION', '9.3.0.75'), ('NSIGHT_COMPUTE_VERSION', '2024.3.0.15'), ('DALI_VERSION', '1.40.0'), ('DEBIAN_FRONTEND', 'noninteractive'), ('SHELL', '/bin/bash'), ('DCGM_VERSION', '3.2.6'), ('CUDNN_FRONTEND_VERSION', '1.5.2'), ('OPENMPI_VERSION', '4.1.7'), ('TRTOSS_VERSION', '24.08'), ('OMPI_MCA_coll_hcoll_enable', '0'), ('CUSPARSE_VERSION', '12.5.2.23'), ('NVIDIA_REQUIRE_JETPACK_HOST_MOUNTS', ''), ('TRITON_SERVER_GPU_ENABLED', '1'), ('TRITON_SERVER_VERSION', '2.49.0'), ('BASH_ENV', '/etc/bash.bashrc'), ('PWD', '/workspaces/isaac_ros-dev/build/isaac_ros_tensor_list_interfaces'), ('CUSPARSELT_VERSION', '0.6.2.3'), ('PYTHONPATH', '/workspaces/isaac_ros-dev/build/isaac_ros_test:/workspaces/isaac_ros-dev/install/isaac_ros_test/lib/python3.10/site-packages:/workspaces/isaac_ros-dev/build/isaac_ros_launch_utils:/workspaces/isaac_ros-dev/install/isaac_ros_launch_utils/lib/python3.10/site-packages:/workspaces/isaac_ros-dev/install/isaac_ros_common/local/lib/python3.10/dist-packages:/workspaces/isaac_ros-dev/build/isaac_common_py:/workspaces/isaac_ros-dev/install/isaac_common_py/lib/python3.10/site-packages:/opt/ros/humble/lib/python3.10/site-packages:/opt/ros/humble/local/lib/python3.10/dist-packages:/opt/ros/humble/vcstool:/opt/tritonserver/backends/dali/wheel/dali:'), ('_CUDA_COMPAT_PATH', '/usr/local/cuda/compat'), ('TRITON_SERVER_USER', 'triton-server'), ('TF_ADJUST_HUE_FUSED', '1'), ('NVIDIA_VISIBLE_DEVICES', 'void'), ('NCCL_VERSION', '2.22.3'), ('COLCON', '1'), ('OPENUCX_VERSION', '1.17.0'), ('HPCX_VERSION', '2.19'), ('CMAKE_PREFIX_PATH', '/workspaces/isaac_ros-dev/install/isaac_ros_common:/usr/local/libcudss-linux-0.3.0.9_cuda12-archive:/workspaces/isaac_ros-dev/install/isaac_ros_test:/workspaces/isaac_ros-dev/install/isaac_ros_launch_utils:/workspaces/isaac_ros-dev/install/isaac_common_py:/opt/ros/humble'), ('TF_AUTOTUNE_THRESHOLD', '2'), ('TRT_LIB_PATH', '/usr/lib/x86_64-linux-gnu')]), 'shell': False}
[4.609940] (-) TimerEvent: {}
[4.615841] (isaac_ros_tensor_list_interfaces) StdoutLine: {'line': b'-- The C compiler identification is GNU 11.4.0\n'}
[4.659426] (isaac_ros_tensor_list_interfaces) StdoutLine: {'line': b'-- The CXX compiler identification is GNU 11.4.0\n'}
[4.664834] (isaac_ros_tensor_list_interfaces) StdoutLine: {'line': b'-- Detecting C compiler ABI info\n'}
[4.710037] (-) TimerEvent: {}
[4.722509] (isaac_ros_tensor_list_interfaces) StdoutLine: {'line': b'-- Detecting C compiler ABI info - done\n'}
[4.727485] (isaac_ros_tensor_list_interfaces) StdoutLine: {'line': b'-- Check for working C compiler: /usr/bin/cc - skipped\n'}
[4.727681] (isaac_ros_tensor_list_interfaces) StdoutLine: {'line': b'-- Detecting C compile features\n'}
[4.727979] (isaac_ros_tensor_list_interfaces) StdoutLine: {'line': b'-- Detecting C compile features - done\n'}
[4.730136] (isaac_ros_tensor_list_interfaces) StdoutLine: {'line': b'-- Detecting CXX compiler ABI info\n'}
[4.795550] (isaac_ros_tensor_list_interfaces) StdoutLine: {'line': b'-- Detecting CXX compiler ABI info - done\n'}
[4.800549] (isaac_ros_tensor_list_interfaces) StdoutLine: {'line': b'-- Check for working CXX compiler: /usr/bin/c++ - skipped\n'}
[4.800723] (isaac_ros_tensor_list_interfaces) StdoutLine: {'line': b'-- Detecting CXX compile features\n'}
[4.801081] (isaac_ros_tensor_list_interfaces) StdoutLine: {'line': b'-- Detecting CXX compile features - done\n'}
[4.804466] (isaac_ros_tensor_list_interfaces) StdoutLine: {'line': b'-- Found ament_cmake_auto: 1.3.12 (/opt/ros/humble/share/ament_cmake_auto/cmake)\n'}
[4.810146] (-) TimerEvent: {}
[4.910365] (-) TimerEvent: {}
[5.006285] (isaac_ros_gxf) StdoutLine: {'line': b'-- Found Python3: /usr/bin/python3 (found version "3.10.12") found components: Interpreter \n'}
[5.010540] (-) TimerEvent: {}
[5.060927] (isaac_ros_gxf) StdoutLine: {'line': b'-- Override CMake install command with custom implementation using symlinks instead of copying resources\n'}
[5.080082] (isaac_ros_test) Command: {'cmd': ['/usr/bin/python3', '-W', 'ignore:setup.py install is deprecated', '-W', 'ignore:easy_install command is deprecated', 'setup.py', 'develop', '--editable', '--build-directory', '/workspaces/isaac_ros-dev/build/isaac_ros_test/build', '--no-deps', 'symlink_data'], 'cwd': '/workspaces/isaac_ros-dev/build/isaac_ros_test', 'env': {'DALI_BUILD': '16741769', 'LIBRARY_PATH': '/usr/local/cuda/lib64/stubs:', 'NVIDIA_CTK_LIBCUDA_DIR': '/usr/lib/x86_64-linux-gnu/nvidia/current', 'PYTHONWARNINGS': 'ignore:::setuptools.command.install,ignore:::setuptools.command.easy_install,ignore:::pkg_resources,ignore:::setuptools.command.develop', 'USER': 'diego', 'TRT_INC_PATH': '/usr/include/x86_64-linux-gnu', 'TF_ADJUST_SATURATION_FUSED': '1', 'CUSOLVER_VERSION': '11.6.4.38', 'HOSTNAME': 'debian', 'CUTENSOR_VERSION': '2.0.2.5', 'SHLVL': '1', 'LD_LIBRARY_PATH': '/workspaces/isaac_ros-dev/install/isaac_ros_common/lib:/opt/ros/humble/opt/openvdb_vendor/lib:/opt/ros/humble/opt/rviz_ogre_vendor/lib:/opt/ros/humble/lib/x86_64-linux-gnu:/opt/ros/humble/lib:/usr/local/libcudss-linux-0.3.0.9_cuda12-archive/lib:/opt/hpcx/ucc/lib/:/opt/hpcx/ucx/lib/:/usr/local/cuda/compat/lib:/usr/local/nvidia/lib:/usr/local/nvidia/lib64:/opt/tritonserver/lib', 'HOME': '/home/admin', 'NVIDIA_TRITON_SERVER_VERSION': '24.08', 'OLDPWD': '/workspaces/isaac_ros-dev', 'HOST_USER_GID': '1000', 'CUDA_CACHE_DISABLE': '1', 'ROS_PYTHON_VERSION': '3', 'MODEL_OPT_VERSION': '0.15.0', 'ENV': '/etc/shinit_v2', 'RDMACORE_VERSION': '39.0', 'NVJPEG_VERSION': '12.3.3.23', 'NVIDIA_BUILD_ID': '107631419', 'CUDA_VERSION': '12.6.0.022', 'TCMALLOC_RELEASE_RATE': '200', 'CUBLAS_VERSION': '12.6.0.22', 'NSIGHT_SYSTEMS_VERSION': '2024.4.2.133', 'COLCON_PREFIX_PATH': '/workspaces/isaac_ros-dev/install', 'CUDA_VISIBLE_DEVICES': '0', 'ROS_DISTRO': 'humble', 'OPAL_PREFIX': '/opt/hpcx/ompi', 'NVIDIA_REQUIRE_CUDA': 'cuda>=9.0', 'TRT_VERSION': '10.3.0.26+cuda12.5.1.007', 'GDRCOPY_VERSION': '2.3.1-1', '_': '/usr/bin/colcon', 'ROS_VERSION': '2', 'NVIDIA_DRIVER_CAPABILITIES': 'compute,utility,graphics', 'POLYGRAPHY_VERSION': '0.49.13', 'CURAND_VERSION': '10.3.7.37', 'MOFED_VERSION': '5.4-rdmacore39.0', 'USERNAME': 'admin', 'TERM': 'xterm', 'ISAAC_ROS_WS': '/workspaces/isaac_ros-dev', 'ROS_LOCALHOST_ONLY': '0', 'TRANSFORMER_ENGINE_VERSION': '1.9', 'PATH': '/workspaces/isaac_ros-dev/install/isaac_ros_common/bin:/opt/ros/humble/bin:/opt/ros/humble/vcstool/scripts:/opt/tritonserver/bin:/usr/local/mpi/bin:/usr/local/nvidia/bin:/usr/local/cuda/bin:/usr/local/sbin:/usr/local/bin:/usr/sbin:/usr/bin:/sbin:/bin:/usr/local/ucx/bin', 'HOST_USER_UID': '1000', 'CUDSS_DIR': '/usr/local/libcudss-linux-0.3.0.9_cuda12-archive', 'CUDA_DRIVER_VERSION': '560.35.03', '_CUDA_COMPAT_STATUS': 'Unknown error (CUDA_ERROR_UNKNOWN) cuInit()=999', 'DISPLAY': ':1', 'NVIDIA_PRODUCT_NAME': 'Triton Server', 'LANG': 'en_US.UTF-8', 'RMW_IMPLEMENTATION': 'rmw_fastrtps_cpp', 'NPP_VERSION': '12.3.1.23', 'ROS_ROOT': '/opt/ros/humble', 'UCX_MEM_EVENTS': 'no', 'CUFFT_VERSION': '11.2.6.28', 'SSH_AUTH_SOCK': '/ssh-agent', 'TF_ENABLE_WINOGRAD_NONFUSED': '1', 'AMENT_PREFIX_PATH': '/workspaces/isaac_ros-dev/install/isaac_ros_test:/workspaces/isaac_ros-dev/install/isaac_ros_launch_utils:/workspaces/isaac_ros-dev/install/isaac_ros_common:/workspaces/isaac_ros-dev/install/isaac_common_py:/opt/ros/humble', 'CUDNN_VERSION': '9.3.0.75', 'NSIGHT_COMPUTE_VERSION': '2024.3.0.15', 'DALI_VERSION': '1.40.0', 'DEBIAN_FRONTEND': 'noninteractive', 'SHELL': '/bin/bash', 'DCGM_VERSION': '3.2.6', 'CUDNN_FRONTEND_VERSION': '1.5.2', 'OPENMPI_VERSION': '4.1.7', 'TRTOSS_VERSION': '24.08', 'OMPI_MCA_coll_hcoll_enable': '0', 'CUSPARSE_VERSION': '12.5.2.23', 'NVIDIA_REQUIRE_JETPACK_HOST_MOUNTS': '', 'TRITON_SERVER_GPU_ENABLED': '1', 'TRITON_SERVER_VERSION': '2.49.0', 'BASH_ENV': '/etc/bash.bashrc', 'PWD': '/workspaces/isaac_ros-dev/build/isaac_ros_test', 'CUSPARSELT_VERSION': '0.6.2.3', 'PYTHONPATH': '/workspaces/isaac_ros-dev/build/isaac_ros_test/prefix_override:/usr/lib/python3/dist-packages/colcon_core/task/python/colcon_distutils_commands:/workspaces/isaac_ros-dev/install/isaac_ros_test/lib/python3.10/site-packages:/workspaces/isaac_ros-dev/build/isaac_ros_test:/workspaces/isaac_ros-dev/install/isaac_ros_test/lib/python3.10/site-packages:/workspaces/isaac_ros-dev/build/isaac_ros_launch_utils:/workspaces/isaac_ros-dev/install/isaac_ros_launch_utils/lib/python3.10/site-packages:/workspaces/isaac_ros-dev/install/isaac_ros_common/local/lib/python3.10/dist-packages:/workspaces/isaac_ros-dev/build/isaac_common_py:/workspaces/isaac_ros-dev/install/isaac_common_py/lib/python3.10/site-packages:/opt/ros/humble/lib/python3.10/site-packages:/opt/ros/humble/local/lib/python3.10/dist-packages:/opt/ros/humble/vcstool:/opt/tritonserver/backends/dali/wheel/dali:', '_CUDA_COMPAT_PATH': '/usr/local/cuda/compat', 'TRITON_SERVER_USER': 'triton-server', 'TF_ADJUST_HUE_FUSED': '1', 'NVIDIA_VISIBLE_DEVICES': 'void', 'NCCL_VERSION': '2.22.3', 'COLCON': '1', 'OPENUCX_VERSION': '1.17.0', 'HPCX_VERSION': '2.19', 'CMAKE_PREFIX_PATH': '/workspaces/isaac_ros-dev/install/isaac_ros_common:/usr/local/libcudss-linux-0.3.0.9_cuda12-archive', 'TF_AUTOTUNE_THRESHOLD': '2', 'TRT_LIB_PATH': '/usr/lib/x86_64-linux-gnu'}, 'shell': False}
[5.110728] (-) TimerEvent: {}
[5.161062] (isaac_ros_gxf) StdoutLine: {'line': b'-- Loading isaac_ros_common extras\n'}
[5.161237] (isaac_ros_gxf) StdoutLine: {'line': b'-- CMAKE_BUILD_TYPE: Release\n'}
[5.176367] (isaac_ros_gxf) StdoutLine: {'line': b'-- Looking for pthread.h\n'}
[5.210818] (-) TimerEvent: {}
[5.238254] (isaac_ros_gxf) StdoutLine: {'line': b'-- Looking for pthread.h - found\n'}
[5.238491] (isaac_ros_gxf) StdoutLine: {'line': b'-- Performing Test CMAKE_HAVE_LIBC_PTHREAD\n'}
[5.308330] (isaac_ros_tensor_list_interfaces) StdoutLine: {'line': b'-- Found Python3: /usr/bin/python3 (found version "3.10.12") found components: Interpreter \n'}
[5.310924] (-) TimerEvent: {}
[5.312066] (isaac_ros_gxf) StdoutLine: {'line': b'-- Performing Test CMAKE_HAVE_LIBC_PTHREAD - Success\n'}
[5.312939] (isaac_ros_gxf) StdoutLine: {'line': b'-- Found Threads: TRUE  \n'}
[5.326976] (isaac_ros_gxf) StdoutLine: {'line': b'-- Found CUDA: /usr/local/cuda (found version "12.6") \n'}
[5.327355] (isaac_ros_gxf) StdoutLine: {'line': b'-- CUDA architectures: 89;86;80;75;70\n'}
[5.327428] (isaac_ros_gxf) StdoutLine: {'line': b'-- Loading isaac_ros_common extras (modules)\n'}
[5.357320] (isaac_ros_tensor_list_interfaces) StdoutLine: {'line': b'-- Override CMake install command with custom implementation using symlinks instead of copying resources\n'}
[5.370636] (isaac_ros_gxf) StdoutLine: {'line': b'-- Found rosidl_generator_c: 3.1.7 (/opt/ros/humble/share/rosidl_generator_c/cmake)\n'}
[5.377124] (isaac_ros_gxf) StdoutLine: {'line': b'-- Found rosidl_adapter: 3.1.7 (/opt/ros/humble/share/rosidl_adapter/cmake)\n'}
[5.385942] (isaac_ros_gxf) StdoutLine: {'line': b'-- Found rosidl_generator_cpp: 3.1.7 (/opt/ros/humble/share/rosidl_generator_cpp/cmake)\n'}
[5.397361] (isaac_ros_gxf) StdoutLine: {'line': b'-- Using all available rosidl_typesupport_c: rosidl_typesupport_fastrtps_c;rosidl_typesupport_introspection_c\n'}
[5.411038] (-) TimerEvent: {}
[5.413918] (isaac_ros_gxf) StdoutLine: {'line': b'-- Using all available rosidl_typesupport_cpp: rosidl_typesupport_fastrtps_cpp;rosidl_typesupport_introspection_cpp\n'}
[5.423954] (isaac_ros_test) StdoutLine: {'line': b'running develop\n'}
[5.458542] (isaac_ros_gxf) StdoutLine: {'line': b'-- Found rmw_implementation_cmake: 6.1.2 (/opt/ros/humble/share/rmw_implementation_cmake/cmake)\n'}
[5.463015] (isaac_ros_gxf) StdoutLine: {'line': b'-- Found rmw_fastrtps_cpp: 6.2.9 (/opt/ros/humble/share/rmw_fastrtps_cpp/cmake)\n'}
[5.468046] (isaac_ros_tensor_list_interfaces) StdoutLine: {'line': b'-- Using all available rosidl_typesupport_c: rosidl_typesupport_fastrtps_c;rosidl_typesupport_introspection_c\n'}
[5.477844] (isaac_ros_tensor_list_interfaces) StdoutLine: {'line': b'-- Found rosidl_adapter: 3.1.7 (/opt/ros/humble/share/rosidl_adapter/cmake)\n'}
[5.511151] (-) TimerEvent: {}
[5.517903] (isaac_ros_tensor_list_interfaces) StdoutLine: {'line': b'-- Using all available rosidl_typesupport_cpp: rosidl_typesupport_fastrtps_cpp;rosidl_typesupport_introspection_cpp\n'}
[5.549472] (isaac_ros_tensor_list_interfaces) StdoutLine: {'line': b'-- Loading isaac_ros_common extras\n'}
[5.549670] (isaac_ros_tensor_list_interfaces) StdoutLine: {'line': b'-- CMAKE_BUILD_TYPE: Release\n'}
[5.551797] (isaac_ros_gxf) StdoutLine: {'line': b'-- Found OpenSSL: /usr/lib/x86_64-linux-gnu/libcrypto.so (found version "3.0.2")  \n'}
[5.563347] (isaac_ros_tensor_list_interfaces) StdoutLine: {'line': b'-- Looking for pthread.h\n'}
[5.577077] (isaac_ros_gxf) StdoutLine: {'line': b'-- Found FastRTPS: /opt/ros/humble/include  \n'}
[5.599164] (isaac_ros_test) StdoutLine: {'line': b'running egg_info\n'}
[5.599314] (isaac_ros_test) StdoutLine: {'line': b'creating isaac_ros_test.egg-info\n'}
[5.609594] (isaac_ros_test) StdoutLine: {'line': b'writing isaac_ros_test.egg-info/PKG-INFO\n'}
[5.609769] (isaac_ros_test) StdoutLine: {'line': b'writing dependency_links to isaac_ros_test.egg-info/dependency_links.txt\n'}
[5.609872] (isaac_ros_test) StdoutLine: {'line': b'writing requirements to isaac_ros_test.egg-info/requires.txt\n'}
[5.609963] (isaac_ros_test) StdoutLine: {'line': b'writing top-level names to isaac_ros_test.egg-info/top_level.txt\n'}
[5.610016] (isaac_ros_test) StdoutLine: {'line': b"writing manifest file 'isaac_ros_test.egg-info/SOURCES.txt'\n"}
[5.611222] (-) TimerEvent: {}
[5.623699] (isaac_ros_tensor_list_interfaces) StdoutLine: {'line': b'-- Looking for pthread.h - found\n'}
[5.623885] (isaac_ros_tensor_list_interfaces) StdoutLine: {'line': b'-- Performing Test CMAKE_HAVE_LIBC_PTHREAD\n'}
[5.625761] (isaac_ros_gxf) StdoutLine: {'line': b"-- Using RMW implementation 'rmw_fastrtps_cpp' as default\n"}
[5.644325] (isaac_ros_test) StderrLine: {'line': b"listing git files failed - pretending there aren't any\n"}
[5.688372] (isaac_ros_tensor_list_interfaces) StdoutLine: {'line': b'-- Performing Test CMAKE_HAVE_LIBC_PTHREAD - Success\n'}
[5.689242] (isaac_ros_tensor_list_interfaces) StdoutLine: {'line': b'-- Found Threads: TRUE  \n'}
[5.696736] (isaac_ros_tensor_list_interfaces) StdoutLine: {'line': b'-- Found CUDA: /usr/local/cuda (found version "12.6") \n'}
[5.697319] (isaac_ros_tensor_list_interfaces) StdoutLine: {'line': b'-- CUDA architectures: 89;86;80;75;70\n'}
[5.697454] (isaac_ros_tensor_list_interfaces) StdoutLine: {'line': b'-- Loading isaac_ros_common extras (modules)\n'}
[5.711355] (-) TimerEvent: {}
[5.729546] (isaac_ros_test) StdoutLine: {'line': b"reading manifest file 'isaac_ros_test.egg-info/SOURCES.txt'\n"}
[5.729956] (isaac_ros_test) StdoutLine: {'line': b"writing manifest file 'isaac_ros_test.egg-info/SOURCES.txt'\n"}
[5.735015] (isaac_ros_gxf) StdoutLine: {'line': b'-- Configuring done\n'}
[5.738884] (isaac_ros_gxf) StdoutLine: {'line': b'-- Generating done\n'}
[5.740741] (isaac_ros_gxf) StdoutLine: {'line': b'-- Build files have been written to: /workspaces/isaac_ros-dev/build/isaac_ros_gxf\n'}
[5.747298] (isaac_ros_gxf) CommandEnded: {'returncode': 0}
[5.747750] (isaac_ros_gxf) JobProgress: {'identifier': 'isaac_ros_gxf', 'progress': 'build'}
[5.748037] (isaac_ros_gxf) Command: {'cmd': ['/usr/bin/cmake', '--build', '/workspaces/isaac_ros-dev/build/isaac_ros_gxf', '--', '-j16', '-l16'], 'cwd': '/workspaces/isaac_ros-dev/build/isaac_ros_gxf', 'env': OrderedDict([('DALI_BUILD', '16741769'), ('LIBRARY_PATH', '/usr/local/cuda/lib64/stubs:'), ('NVIDIA_CTK_LIBCUDA_DIR', '/usr/lib/x86_64-linux-gnu/nvidia/current'), ('PYTHONWARNINGS', 'ignore:::setuptools.command.install,ignore:::setuptools.command.easy_install,ignore:::pkg_resources,ignore:::setuptools.command.develop'), ('USER', 'diego'), ('TRT_INC_PATH', '/usr/include/x86_64-linux-gnu'), ('TF_ADJUST_SATURATION_FUSED', '1'), ('CUSOLVER_VERSION', '11.6.4.38'), ('HOSTNAME', 'debian'), ('CUTENSOR_VERSION', '2.0.2.5'), ('SHLVL', '1'), ('LD_LIBRARY_PATH', '/workspaces/isaac_ros-dev/install/isaac_ros_common/lib:/opt/ros/humble/opt/openvdb_vendor/lib:/opt/ros/humble/opt/rviz_ogre_vendor/lib:/opt/ros/humble/lib/x86_64-linux-gnu:/opt/ros/humble/lib:/usr/local/libcudss-linux-0.3.0.9_cuda12-archive/lib:/opt/hpcx/ucc/lib/:/opt/hpcx/ucx/lib/:/usr/local/cuda/compat/lib:/usr/local/nvidia/lib:/usr/local/nvidia/lib64:/opt/tritonserver/lib'), ('HOME', '/home/admin'), ('NVIDIA_TRITON_SERVER_VERSION', '24.08'), ('OLDPWD', '/workspaces/isaac_ros-dev'), ('HOST_USER_GID', '1000'), ('CUDA_CACHE_DISABLE', '1'), ('ROS_PYTHON_VERSION', '3'), ('MODEL_OPT_VERSION', '0.15.0'), ('ENV', '/etc/shinit_v2'), ('RDMACORE_VERSION', '39.0'), ('NVJPEG_VERSION', '12.3.3.23'), ('NVIDIA_BUILD_ID', '107631419'), ('CUDA_VERSION', '12.6.0.022'), ('TCMALLOC_RELEASE_RATE', '200'), ('CUBLAS_VERSION', '12.6.0.22'), ('NSIGHT_SYSTEMS_VERSION', '2024.4.2.133'), ('COLCON_PREFIX_PATH', '/workspaces/isaac_ros-dev/install'), ('CUDA_VISIBLE_DEVICES', '0'), ('ROS_DISTRO', 'humble'), ('OPAL_PREFIX', '/opt/hpcx/ompi'), ('NVIDIA_REQUIRE_CUDA', 'cuda>=9.0'), ('TRT_VERSION', '10.3.0.26+cuda12.5.1.007'), ('GDRCOPY_VERSION', '2.3.1-1'), ('_', '/usr/bin/colcon'), ('ROS_VERSION', '2'), ('NVIDIA_DRIVER_CAPABILITIES', 'compute,utility,graphics'), ('POLYGRAPHY_VERSION', '0.49.13'), ('CURAND_VERSION', '10.3.7.37'), ('MOFED_VERSION', '5.4-rdmacore39.0'), ('USERNAME', 'admin'), ('TERM', 'xterm'), ('ISAAC_ROS_WS', '/workspaces/isaac_ros-dev'), ('ROS_LOCALHOST_ONLY', '0'), ('TRANSFORMER_ENGINE_VERSION', '1.9'), ('PATH', '/workspaces/isaac_ros-dev/install/isaac_ros_common/bin:/opt/ros/humble/bin:/opt/ros/humble/vcstool/scripts:/opt/tritonserver/bin:/usr/local/mpi/bin:/usr/local/nvidia/bin:/usr/local/cuda/bin:/usr/local/sbin:/usr/local/bin:/usr/sbin:/usr/bin:/sbin:/bin:/usr/local/ucx/bin'), ('HOST_USER_UID', '1000'), ('CUDSS_DIR', '/usr/local/libcudss-linux-0.3.0.9_cuda12-archive'), ('CUDA_DRIVER_VERSION', '560.35.03'), ('_CUDA_COMPAT_STATUS', 'Unknown error (CUDA_ERROR_UNKNOWN) cuInit()=999'), ('DISPLAY', ':1'), ('NVIDIA_PRODUCT_NAME', 'Triton Server'), ('LANG', 'en_US.UTF-8'), ('RMW_IMPLEMENTATION', 'rmw_fastrtps_cpp'), ('NPP_VERSION', '12.3.1.23'), ('ROS_ROOT', '/opt/ros/humble'), ('UCX_MEM_EVENTS', 'no'), ('CUFFT_VERSION', '11.2.6.28'), ('SSH_AUTH_SOCK', '/ssh-agent'), ('TF_ENABLE_WINOGRAD_NONFUSED', '1'), ('AMENT_PREFIX_PATH', '/workspaces/isaac_ros-dev/install/isaac_ros_test:/workspaces/isaac_ros-dev/install/isaac_ros_launch_utils:/workspaces/isaac_ros-dev/install/isaac_ros_common:/workspaces/isaac_ros-dev/install/isaac_common_py:/opt/ros/humble'), ('CUDNN_VERSION', '9.3.0.75'), ('NSIGHT_COMPUTE_VERSION', '2024.3.0.15'), ('DALI_VERSION', '1.40.0'), ('DEBIAN_FRONTEND', 'noninteractive'), ('SHELL', '/bin/bash'), ('DCGM_VERSION', '3.2.6'), ('CUDNN_FRONTEND_VERSION', '1.5.2'), ('OPENMPI_VERSION', '4.1.7'), ('TRTOSS_VERSION', '24.08'), ('OMPI_MCA_coll_hcoll_enable', '0'), ('CUSPARSE_VERSION', '12.5.2.23'), ('NVIDIA_REQUIRE_JETPACK_HOST_MOUNTS', ''), ('TRITON_SERVER_GPU_ENABLED', '1'), ('TRITON_SERVER_VERSION', '2.49.0'), ('BASH_ENV', '/etc/bash.bashrc'), ('PWD', '/workspaces/isaac_ros-dev/build/isaac_ros_gxf'), ('CUSPARSELT_VERSION', '0.6.2.3'), ('PYTHONPATH', '/workspaces/isaac_ros-dev/build/isaac_ros_test:/workspaces/isaac_ros-dev/install/isaac_ros_test/lib/python3.10/site-packages:/workspaces/isaac_ros-dev/build/isaac_ros_launch_utils:/workspaces/isaac_ros-dev/install/isaac_ros_launch_utils/lib/python3.10/site-packages:/workspaces/isaac_ros-dev/install/isaac_ros_common/local/lib/python3.10/dist-packages:/workspaces/isaac_ros-dev/build/isaac_common_py:/workspaces/isaac_ros-dev/install/isaac_common_py/lib/python3.10/site-packages:/opt/ros/humble/lib/python3.10/site-packages:/opt/ros/humble/local/lib/python3.10/dist-packages:/opt/ros/humble/vcstool:/opt/tritonserver/backends/dali/wheel/dali:'), ('_CUDA_COMPAT_PATH', '/usr/local/cuda/compat'), ('TRITON_SERVER_USER', 'triton-server'), ('TF_ADJUST_HUE_FUSED', '1'), ('NVIDIA_VISIBLE_DEVICES', 'void'), ('NCCL_VERSION', '2.22.3'), ('COLCON', '1'), ('OPENUCX_VERSION', '1.17.0'), ('HPCX_VERSION', '2.19'), ('CMAKE_PREFIX_PATH', '/workspaces/isaac_ros-dev/install/isaac_ros_common:/usr/local/libcudss-linux-0.3.0.9_cuda12-archive:/workspaces/isaac_ros-dev/install/isaac_ros_test:/workspaces/isaac_ros-dev/install/isaac_ros_launch_utils:/workspaces/isaac_ros-dev/install/isaac_common_py:/opt/ros/humble'), ('TF_AUTOTUNE_THRESHOLD', '2'), ('TRT_LIB_PATH', '/usr/lib/x86_64-linux-gnu')]), 'shell': False}
[5.759162] (isaac_ros_tensor_list_interfaces) StdoutLine: {'line': b'-- Found rmw_implementation_cmake: 6.1.2 (/opt/ros/humble/share/rmw_implementation_cmake/cmake)\n'}
[5.763109] (isaac_ros_tensor_list_interfaces) StdoutLine: {'line': b'-- Found rmw_fastrtps_cpp: 6.2.9 (/opt/ros/humble/share/rmw_fastrtps_cpp/cmake)\n'}
[5.771062] (isaac_ros_test) StdoutLine: {'line': b'running build_ext\n'}
[5.771209] (isaac_ros_test) StdoutLine: {'line': b'Creating /workspaces/isaac_ros-dev/install/isaac_ros_test/lib/python3.10/site-packages/isaac-ros-test.egg-link (link to .)\n'}
[5.771545] (isaac_ros_test) StdoutLine: {'line': b'\n'}
[5.771742] (isaac_ros_test) StdoutLine: {'line': b'Installed /workspaces/isaac_ros-dev/build/isaac_ros_test\n'}
[5.771872] (isaac_ros_test) StdoutLine: {'line': b'running symlink_data\n'}
[5.772009] (isaac_ros_test) StdoutLine: {'line': b'creating /workspaces/isaac_ros-dev/install/isaac_ros_test/share/ament_index\n'}
[5.772084] (isaac_ros_test) StdoutLine: {'line': b'creating /workspaces/isaac_ros-dev/install/isaac_ros_test/share/ament_index/resource_index\n'}
[5.772134] (isaac_ros_test) StdoutLine: {'line': b'creating /workspaces/isaac_ros-dev/install/isaac_ros_test/share/ament_index/resource_index/packages\n'}
[5.772178] (isaac_ros_test) StdoutLine: {'line': b'symbolically linking /workspaces/isaac_ros-dev/build/isaac_ros_test/resource/isaac_ros_test -> /workspaces/isaac_ros-dev/install/isaac_ros_test/share/ament_index/resource_index/packages\n'}
[5.772308] (isaac_ros_test) StdoutLine: {'line': b'symbolically linking /workspaces/isaac_ros-dev/build/isaac_ros_test/package.xml -> /workspaces/isaac_ros-dev/install/isaac_ros_test/share/isaac_ros_test\n'}
[5.790917] (isaac_ros_gxf) StdoutLine: {'line': b'[ 33%] \x1b[34m\x1b[1mGenerating version information as YAML\x1b[0m\n'}
[5.791823] (isaac_ros_gxf) StdoutLine: {'line': b'[ 66%] \x1b[32mBuilding CXX object CMakeFiles/isaac_ros_gxf.dir/src/isaac_ros_gxf.cpp.o\x1b[0m\n'}
[5.810085] (isaac_ros_gxf) StdoutLine: {'line': b'[100%] \x1b[32m\x1b[1mLinking CXX static library libisaac_ros_gxf.a\x1b[0m\n'}
[5.811434] (-) TimerEvent: {}
[5.837500] (isaac_ros_test) CommandEnded: {'returncode': 0}
[5.842570] (isaac_ros_test) JobEnded: {'identifier': 'isaac_ros_test', 'rc': 0}
[5.855074] (isaac_ros_tensor_list_interfaces) StdoutLine: {'line': b'-- Found OpenSSL: /usr/lib/x86_64-linux-gnu/libcrypto.so (found version "3.0.2")  \n'}
[5.884608] (isaac_ros_tensor_list_interfaces) StdoutLine: {'line': b'-- Found FastRTPS: /opt/ros/humble/include  \n'}
[5.908029] (isaac_ros_gxf) StdoutLine: {'line': b'[100%] Built target isaac_ros_gxf\n'}
[5.911578] (-) TimerEvent: {}
[5.929623] (isaac_ros_tensor_list_interfaces) StdoutLine: {'line': b"-- Using RMW implementation 'rmw_fastrtps_cpp' as default\n"}
[6.011677] (-) TimerEvent: {}
[6.111975] (-) TimerEvent: {}
[6.150996] (isaac_ros_tensor_list_interfaces) StdoutLine: {'line': b'-- Found ament_cmake_ros: 0.10.0 (/opt/ros/humble/share/ament_cmake_ros/cmake)\n'}
[6.212070] (-) TimerEvent: {}
[6.312343] (-) TimerEvent: {}
[6.336929] (isaac_ros_tensor_list_interfaces) StdoutLine: {'line': b'-- Using all available rosidl_typesupport_c: rosidl_typesupport_fastrtps_c;rosidl_typesupport_introspection_c\n'}
[6.412435] (-) TimerEvent: {}
[6.512690] (-) TimerEvent: {}
[6.574470] (isaac_ros_tensor_list_interfaces) StdoutLine: {'line': b'-- Using all available rosidl_typesupport_cpp: rosidl_typesupport_fastrtps_cpp;rosidl_typesupport_introspection_cpp\n'}
[6.598681] (isaac_ros_tensor_list_interfaces) StdoutLine: {'line': b'-- Found PythonInterp: /usr/bin/python3 (found suitable version "3.10.12", minimum required is "3.6") \n'}
[6.601614] (isaac_ros_tensor_list_interfaces) StdoutLine: {'line': b'-- Found python_cmake_module: 0.10.0 (/opt/ros/humble/share/python_cmake_module/cmake)\n'}
[6.612781] (-) TimerEvent: {}
[6.624575] (isaac_ros_tensor_list_interfaces) StdoutLine: {'line': b'-- Found PythonLibs: /usr/lib/x86_64-linux-gnu/libpython3.10.so (found suitable version "3.10.12", minimum required is "3.5") \n'}
[6.624823] (isaac_ros_tensor_list_interfaces) StdoutLine: {'line': b'-- Using PYTHON_EXECUTABLE: /usr/bin/python3\n'}
[6.624923] (isaac_ros_tensor_list_interfaces) StdoutLine: {'line': b'-- Using PYTHON_INCLUDE_DIRS: /usr/include/python3.10\n'}
[6.625015] (isaac_ros_tensor_list_interfaces) StdoutLine: {'line': b'-- Using PYTHON_LIBRARIES: /usr/lib/x86_64-linux-gnu/libpython3.10.so\n'}
[6.644633] (isaac_ros_tensor_list_interfaces) StdoutLine: {'line': b'-- Found PythonExtra: .so  \n'}
[6.712880] (-) TimerEvent: {}
[6.743953] (isaac_ros_tensor_list_interfaces) StdoutLine: {'line': b'-- Configuring done\n'}
[6.768895] (isaac_ros_tensor_list_interfaces) StdoutLine: {'line': b'-- Generating done\n'}
[6.781344] (isaac_ros_tensor_list_interfaces) StdoutLine: {'line': b'-- Build files have been written to: /workspaces/isaac_ros-dev/build/isaac_ros_tensor_list_interfaces\n'}
[6.790390] (isaac_ros_tensor_list_interfaces) CommandEnded: {'returncode': 0}
[6.791298] (isaac_ros_tensor_list_interfaces) JobProgress: {'identifier': 'isaac_ros_tensor_list_interfaces', 'progress': 'build'}
[6.791680] (isaac_ros_tensor_list_interfaces) Command: {'cmd': ['/usr/bin/cmake', '--build', '/workspaces/isaac_ros-dev/build/isaac_ros_tensor_list_interfaces', '--', '-j16', '-l16'], 'cwd': '/workspaces/isaac_ros-dev/build/isaac_ros_tensor_list_interfaces', 'env': OrderedDict([('DALI_BUILD', '16741769'), ('LIBRARY_PATH', '/usr/local/cuda/lib64/stubs:'), ('NVIDIA_CTK_LIBCUDA_DIR', '/usr/lib/x86_64-linux-gnu/nvidia/current'), ('PYTHONWARNINGS', 'ignore:::setuptools.command.install,ignore:::setuptools.command.easy_install,ignore:::pkg_resources,ignore:::setuptools.command.develop'), ('USER', 'diego'), ('TRT_INC_PATH', '/usr/include/x86_64-linux-gnu'), ('TF_ADJUST_SATURATION_FUSED', '1'), ('CUSOLVER_VERSION', '11.6.4.38'), ('HOSTNAME', 'debian'), ('CUTENSOR_VERSION', '2.0.2.5'), ('SHLVL', '1'), ('LD_LIBRARY_PATH', '/workspaces/isaac_ros-dev/install/isaac_ros_common/lib:/opt/ros/humble/opt/openvdb_vendor/lib:/opt/ros/humble/opt/rviz_ogre_vendor/lib:/opt/ros/humble/lib/x86_64-linux-gnu:/opt/ros/humble/lib:/usr/local/libcudss-linux-0.3.0.9_cuda12-archive/lib:/opt/hpcx/ucc/lib/:/opt/hpcx/ucx/lib/:/usr/local/cuda/compat/lib:/usr/local/nvidia/lib:/usr/local/nvidia/lib64:/opt/tritonserver/lib'), ('HOME', '/home/admin'), ('NVIDIA_TRITON_SERVER_VERSION', '24.08'), ('OLDPWD', '/workspaces/isaac_ros-dev'), ('HOST_USER_GID', '1000'), ('CUDA_CACHE_DISABLE', '1'), ('ROS_PYTHON_VERSION', '3'), ('MODEL_OPT_VERSION', '0.15.0'), ('ENV', '/etc/shinit_v2'), ('RDMACORE_VERSION', '39.0'), ('NVJPEG_VERSION', '12.3.3.23'), ('NVIDIA_BUILD_ID', '107631419'), ('CUDA_VERSION', '12.6.0.022'), ('TCMALLOC_RELEASE_RATE', '200'), ('CUBLAS_VERSION', '12.6.0.22'), ('NSIGHT_SYSTEMS_VERSION', '2024.4.2.133'), ('COLCON_PREFIX_PATH', '/workspaces/isaac_ros-dev/install'), ('CUDA_VISIBLE_DEVICES', '0'), ('ROS_DISTRO', 'humble'), ('OPAL_PREFIX', '/opt/hpcx/ompi'), ('NVIDIA_REQUIRE_CUDA', 'cuda>=9.0'), ('TRT_VERSION', '10.3.0.26+cuda12.5.1.007'), ('GDRCOPY_VERSION', '2.3.1-1'), ('_', '/usr/bin/colcon'), ('ROS_VERSION', '2'), ('NVIDIA_DRIVER_CAPABILITIES', 'compute,utility,graphics'), ('POLYGRAPHY_VERSION', '0.49.13'), ('CURAND_VERSION', '10.3.7.37'), ('MOFED_VERSION', '5.4-rdmacore39.0'), ('USERNAME', 'admin'), ('TERM', 'xterm'), ('ISAAC_ROS_WS', '/workspaces/isaac_ros-dev'), ('ROS_LOCALHOST_ONLY', '0'), ('TRANSFORMER_ENGINE_VERSION', '1.9'), ('PATH', '/workspaces/isaac_ros-dev/install/isaac_ros_common/bin:/opt/ros/humble/bin:/opt/ros/humble/vcstool/scripts:/opt/tritonserver/bin:/usr/local/mpi/bin:/usr/local/nvidia/bin:/usr/local/cuda/bin:/usr/local/sbin:/usr/local/bin:/usr/sbin:/usr/bin:/sbin:/bin:/usr/local/ucx/bin'), ('HOST_USER_UID', '1000'), ('CUDSS_DIR', '/usr/local/libcudss-linux-0.3.0.9_cuda12-archive'), ('CUDA_DRIVER_VERSION', '560.35.03'), ('_CUDA_COMPAT_STATUS', 'Unknown error (CUDA_ERROR_UNKNOWN) cuInit()=999'), ('DISPLAY', ':1'), ('NVIDIA_PRODUCT_NAME', 'Triton Server'), ('LANG', 'en_US.UTF-8'), ('RMW_IMPLEMENTATION', 'rmw_fastrtps_cpp'), ('NPP_VERSION', '12.3.1.23'), ('ROS_ROOT', '/opt/ros/humble'), ('UCX_MEM_EVENTS', 'no'), ('CUFFT_VERSION', '11.2.6.28'), ('SSH_AUTH_SOCK', '/ssh-agent'), ('TF_ENABLE_WINOGRAD_NONFUSED', '1'), ('AMENT_PREFIX_PATH', '/workspaces/isaac_ros-dev/install/isaac_ros_test:/workspaces/isaac_ros-dev/install/isaac_ros_launch_utils:/workspaces/isaac_ros-dev/install/isaac_ros_common:/workspaces/isaac_ros-dev/install/isaac_common_py:/opt/ros/humble'), ('CUDNN_VERSION', '9.3.0.75'), ('NSIGHT_COMPUTE_VERSION', '2024.3.0.15'), ('DALI_VERSION', '1.40.0'), ('DEBIAN_FRONTEND', 'noninteractive'), ('SHELL', '/bin/bash'), ('DCGM_VERSION', '3.2.6'), ('CUDNN_FRONTEND_VERSION', '1.5.2'), ('OPENMPI_VERSION', '4.1.7'), ('TRTOSS_VERSION', '24.08'), ('OMPI_MCA_coll_hcoll_enable', '0'), ('CUSPARSE_VERSION', '12.5.2.23'), ('NVIDIA_REQUIRE_JETPACK_HOST_MOUNTS', ''), ('TRITON_SERVER_GPU_ENABLED', '1'), ('TRITON_SERVER_VERSION', '2.49.0'), ('BASH_ENV', '/etc/bash.bashrc'), ('PWD', '/workspaces/isaac_ros-dev/build/isaac_ros_tensor_list_interfaces'), ('CUSPARSELT_VERSION', '0.6.2.3'), ('PYTHONPATH', '/workspaces/isaac_ros-dev/build/isaac_ros_test:/workspaces/isaac_ros-dev/install/isaac_ros_test/lib/python3.10/site-packages:/workspaces/isaac_ros-dev/build/isaac_ros_launch_utils:/workspaces/isaac_ros-dev/install/isaac_ros_launch_utils/lib/python3.10/site-packages:/workspaces/isaac_ros-dev/install/isaac_ros_common/local/lib/python3.10/dist-packages:/workspaces/isaac_ros-dev/build/isaac_common_py:/workspaces/isaac_ros-dev/install/isaac_common_py/lib/python3.10/site-packages:/opt/ros/humble/lib/python3.10/site-packages:/opt/ros/humble/local/lib/python3.10/dist-packages:/opt/ros/humble/vcstool:/opt/tritonserver/backends/dali/wheel/dali:'), ('_CUDA_COMPAT_PATH', '/usr/local/cuda/compat'), ('TRITON_SERVER_USER', 'triton-server'), ('TF_ADJUST_HUE_FUSED', '1'), ('NVIDIA_VISIBLE_DEVICES', 'void'), ('NCCL_VERSION', '2.22.3'), ('COLCON', '1'), ('OPENUCX_VERSION', '1.17.0'), ('HPCX_VERSION', '2.19'), ('CMAKE_PREFIX_PATH', '/workspaces/isaac_ros-dev/install/isaac_ros_common:/usr/local/libcudss-linux-0.3.0.9_cuda12-archive:/workspaces/isaac_ros-dev/install/isaac_ros_test:/workspaces/isaac_ros-dev/install/isaac_ros_launch_utils:/workspaces/isaac_ros-dev/install/isaac_common_py:/opt/ros/humble'), ('TF_AUTOTUNE_THRESHOLD', '2'), ('TRT_LIB_PATH', '/usr/lib/x86_64-linux-gnu')]), 'shell': False}
[6.812969] (-) TimerEvent: {}
[6.845308] (isaac_ros_tensor_list_interfaces) StdoutLine: {'line': b'[  2%] \x1b[34m\x1b[1mGenerating C code for ROS interfaces\x1b[0m\n'}
[6.861827] (isaac_ros_tensor_list_interfaces) StdoutLine: {'line': b'[  4%] \x1b[34m\x1b[1mGenerating version information as YAML\x1b[0m\n'}
[6.862151] (isaac_ros_tensor_list_interfaces) StdoutLine: {'line': b'[  6%] \x1b[34m\x1b[1mGenerating C++ code for ROS interfaces\x1b[0m\n'}
[6.874152] (isaac_ros_tensor_list_interfaces) StdoutLine: {'line': b'[  6%] Built target ament_cmake_python_symlink_isaac_ros_tensor_list_interfaces\n'}
[6.913073] (-) TimerEvent: {}
[6.933232] (isaac_ros_tensor_list_interfaces) StdoutLine: {'line': b'[  6%] Built target generate_version_info_target_isaac_ros_tensor_list_interfaces\n'}
[7.013157] (-) TimerEvent: {}
[7.113385] (-) TimerEvent: {}
[7.155801] (isaac_ros_tensor_list_interfaces) StdoutLine: {'line': b'[  6%] Built target isaac_ros_tensor_list_interfaces__cpp\n'}
[7.162592] (isaac_ros_tensor_list_interfaces) StdoutLine: {'line': b'[  8%] \x1b[34m\x1b[1mGenerating C++ type support dispatch for ROS interfaces\x1b[0m\n'}
[7.163885] (isaac_ros_tensor_list_interfaces) StdoutLine: {'line': b'[ 10%] \x1b[34m\x1b[1mGenerating C++ introspection for ROS interfaces\x1b[0m\n'}
[7.165341] (isaac_ros_tensor_list_interfaces) StdoutLine: {'line': b'[ 12%] \x1b[34m\x1b[1mGenerating C++ type support for eProsima Fast-RTPS\x1b[0m\n'}
[7.174004] (isaac_ros_tensor_list_interfaces) StdoutLine: {'line': b'[ 14%] \x1b[32mBuilding C object CMakeFiles/isaac_ros_tensor_list_interfaces__rosidl_generator_c.dir/rosidl_generator_c/isaac_ros_tensor_list_interfaces/msg/detail/tensor__functions.c.o\x1b[0m\n'}
[7.174910] (isaac_ros_tensor_list_interfaces) StdoutLine: {'line': b'[ 16%] \x1b[32mBuilding C object CMakeFiles/isaac_ros_tensor_list_interfaces__rosidl_generator_c.dir/rosidl_generator_c/isaac_ros_tensor_list_interfaces/msg/detail/tensor_shape__functions.c.o\x1b[0m\n'}
[7.176074] (isaac_ros_tensor_list_interfaces) StdoutLine: {'line': b'[ 18%] \x1b[32mBuilding C object CMakeFiles/isaac_ros_tensor_list_interfaces__rosidl_generator_c.dir/rosidl_generator_c/isaac_ros_tensor_list_interfaces/msg/detail/tensor_list__functions.c.o\x1b[0m\n'}
[7.192631] (isaac_ros_tensor_list_interfaces) StdoutLine: {'line': b'running egg_info\n'}
[7.193272] (isaac_ros_tensor_list_interfaces) StdoutLine: {'line': b'creating isaac_ros_tensor_list_interfaces.egg-info\n'}
[7.206917] (isaac_ros_tensor_list_interfaces) StdoutLine: {'line': b'writing isaac_ros_tensor_list_interfaces.egg-info/PKG-INFO\n'}
[7.207120] (isaac_ros_tensor_list_interfaces) StdoutLine: {'line': b'writing dependency_links to isaac_ros_tensor_list_interfaces.egg-info/dependency_links.txt\n'}
[7.207328] (isaac_ros_tensor_list_interfaces) StdoutLine: {'line': b'writing top-level names to isaac_ros_tensor_list_interfaces.egg-info/top_level.txt\n'}
[7.207444] (isaac_ros_tensor_list_interfaces) StdoutLine: {'line': b"writing manifest file 'isaac_ros_tensor_list_interfaces.egg-info/SOURCES.txt'\n"}
[7.213474] (-) TimerEvent: {}
[7.267146] (isaac_ros_tensor_list_interfaces) StderrLine: {'line': b"listing git files failed - pretending there aren't any\n"}
[7.267723] (isaac_ros_tensor_list_interfaces) StdoutLine: {'line': b'[ 20%] \x1b[32m\x1b[1mLinking C shared library libisaac_ros_tensor_list_interfaces__rosidl_generator_c.so\x1b[0m\n'}
[7.297355] (isaac_ros_tensor_list_interfaces) StdoutLine: {'line': b'[ 20%] Built target isaac_ros_tensor_list_interfaces__rosidl_generator_c\n'}
[7.305460] (isaac_ros_tensor_list_interfaces) StdoutLine: {'line': b'[ 22%] \x1b[34m\x1b[1mGenerating C type support for eProsima Fast-RTPS\x1b[0m\n'}
[7.305670] (isaac_ros_tensor_list_interfaces) StdoutLine: {'line': b'[ 25%] \x1b[34m\x1b[1mGenerating C type support dispatch for ROS interfaces\x1b[0m\n'}
[7.306983] (isaac_ros_tensor_list_interfaces) StdoutLine: {'line': b'[ 27%] \x1b[34m\x1b[1mGenerating C introspection for ROS interfaces\x1b[0m\n'}
[7.313581] (-) TimerEvent: {}
[7.364189] (isaac_ros_tensor_list_interfaces) StdoutLine: {'line': b"reading manifest file 'isaac_ros_tensor_list_interfaces.egg-info/SOURCES.txt'\n"}
[7.364915] (isaac_ros_tensor_list_interfaces) StdoutLine: {'line': b"writing manifest file 'isaac_ros_tensor_list_interfaces.egg-info/SOURCES.txt'\n"}
[7.413663] (-) TimerEvent: {}
[7.423193] (isaac_ros_tensor_list_interfaces) StdoutLine: {'line': b'[ 27%] Built target ament_cmake_python_build_isaac_ros_tensor_list_interfaces_egg\n'}
[7.457747] (isaac_ros_tensor_list_interfaces) StdoutLine: {'line': b'[ 29%] \x1b[32mBuilding CXX object CMakeFiles/isaac_ros_tensor_list_interfaces__rosidl_typesupport_introspection_cpp.dir/rosidl_typesupport_introspection_cpp/isaac_ros_tensor_list_interfaces/msg/detail/tensor_shape__type_support.cpp.o\x1b[0m\n'}
[7.458155] (isaac_ros_tensor_list_interfaces) StdoutLine: {'line': b'[ 31%] \x1b[32mBuilding CXX object CMakeFiles/isaac_ros_tensor_list_interfaces__rosidl_typesupport_introspection_cpp.dir/rosidl_typesupport_introspection_cpp/isaac_ros_tensor_list_interfaces/msg/detail/tensor__type_support.cpp.o\x1b[0m\n'}
[7.463179] (isaac_ros_tensor_list_interfaces) StdoutLine: {'line': b'[ 35%] \x1b[32mBuilding CXX object CMakeFiles/isaac_ros_tensor_list_interfaces__rosidl_typesupport_cpp.dir/rosidl_typesupport_cpp/isaac_ros_tensor_list_interfaces/msg/tensor_list__type_support.cpp.o\x1b[0m\n'}
[7.463652] (isaac_ros_tensor_list_interfaces) StdoutLine: {'line': b'[ 35%] \x1b[32mBuilding CXX object CMakeFiles/isaac_ros_tensor_list_interfaces__rosidl_typesupport_cpp.dir/rosidl_typesupport_cpp/isaac_ros_tensor_list_interfaces/msg/tensor__type_support.cpp.o\x1b[0m\n'}
[7.463770] (isaac_ros_tensor_list_interfaces) StdoutLine: {'line': b'[ 37%] \x1b[32mBuilding CXX object CMakeFiles/isaac_ros_tensor_list_interfaces__rosidl_typesupport_cpp.dir/rosidl_typesupport_cpp/isaac_ros_tensor_list_interfaces/msg/tensor_shape__type_support.cpp.o\x1b[0m\n'}
[7.463916] (isaac_ros_tensor_list_interfaces) StdoutLine: {'line': b'[ 39%] \x1b[32mBuilding CXX object CMakeFiles/isaac_ros_tensor_list_interfaces__rosidl_typesupport_introspection_cpp.dir/rosidl_typesupport_introspection_cpp/isaac_ros_tensor_list_interfaces/msg/detail/tensor_list__type_support.cpp.o\x1b[0m\n'}
[7.489187] (isaac_ros_tensor_list_interfaces) StdoutLine: {'line': b'[ 41%] \x1b[32mBuilding CXX object CMakeFiles/isaac_ros_tensor_list_interfaces__rosidl_typesupport_fastrtps_cpp.dir/rosidl_typesupport_fastrtps_cpp/isaac_ros_tensor_list_interfaces/msg/detail/dds_fastrtps/tensor_list__type_support.cpp.o\x1b[0m\n'}
[7.490435] (isaac_ros_tensor_list_interfaces) StdoutLine: {'line': b'[ 43%] \x1b[32mBuilding CXX object CMakeFiles/isaac_ros_tensor_list_interfaces__rosidl_typesupport_fastrtps_cpp.dir/rosidl_typesupport_fastrtps_cpp/isaac_ros_tensor_list_interfaces/msg/detail/dds_fastrtps/tensor__type_support.cpp.o\x1b[0m\n'}
[7.490953] (isaac_ros_tensor_list_interfaces) StdoutLine: {'line': b'[ 45%] \x1b[32mBuilding CXX object CMakeFiles/isaac_ros_tensor_list_interfaces__rosidl_typesupport_fastrtps_cpp.dir/rosidl_typesupport_fastrtps_cpp/isaac_ros_tensor_list_interfaces/msg/detail/dds_fastrtps/tensor_shape__type_support.cpp.o\x1b[0m\n'}
[7.513803] (-) TimerEvent: {}
[7.577901] (isaac_ros_tensor_list_interfaces) StdoutLine: {'line': b'[ 47%] \x1b[32mBuilding CXX object CMakeFiles/isaac_ros_tensor_list_interfaces__rosidl_typesupport_c.dir/rosidl_typesupport_c/isaac_ros_tensor_list_interfaces/msg/tensor_shape__type_support.cpp.o\x1b[0m\n'}
[7.578900] (isaac_ros_tensor_list_interfaces) StdoutLine: {'line': b'[ 50%] \x1b[32mBuilding CXX object CMakeFiles/isaac_ros_tensor_list_interfaces__rosidl_typesupport_c.dir/rosidl_typesupport_c/isaac_ros_tensor_list_interfaces/msg/tensor__type_support.cpp.o\x1b[0m\n'}
[7.584420] (isaac_ros_tensor_list_interfaces) StdoutLine: {'line': b'[ 52%] \x1b[32mBuilding CXX object CMakeFiles/isaac_ros_tensor_list_interfaces__rosidl_typesupport_c.dir/rosidl_typesupport_c/isaac_ros_tensor_list_interfaces/msg/tensor_list__type_support.cpp.o\x1b[0m\n'}
[7.614003] (-) TimerEvent: {}
[7.618221] (isaac_ros_tensor_list_interfaces) StdoutLine: {'line': b'[ 54%] \x1b[32m\x1b[1mLinking CXX shared library libisaac_ros_tensor_list_interfaces__rosidl_typesupport_c.so\x1b[0m\n'}
[7.663037] (isaac_ros_tensor_list_interfaces) StdoutLine: {'line': b'[ 54%] Built target isaac_ros_tensor_list_interfaces__rosidl_typesupport_c\n'}
[7.678549] (isaac_ros_tensor_list_interfaces) StdoutLine: {'line': b'[ 56%] \x1b[32mBuilding CXX object CMakeFiles/isaac_ros_tensor_list_interfaces__rosidl_typesupport_fastrtps_c.dir/rosidl_typesupport_fastrtps_c/isaac_ros_tensor_list_interfaces/msg/detail/tensor__type_support_c.cpp.o\x1b[0m\n'}
[7.678857] (isaac_ros_tensor_list_interfaces) StdoutLine: {'line': b'[ 58%] \x1b[32mBuilding CXX object CMakeFiles/isaac_ros_tensor_list_interfaces__rosidl_typesupport_fastrtps_c.dir/rosidl_typesupport_fastrtps_c/isaac_ros_tensor_list_interfaces/msg/detail/tensor_list__type_support_c.cpp.o\x1b[0m\n'}
[7.681951] (isaac_ros_tensor_list_interfaces) StdoutLine: {'line': b'[ 60%] \x1b[32mBuilding CXX object CMakeFiles/isaac_ros_tensor_list_interfaces__rosidl_typesupport_fastrtps_c.dir/rosidl_typesupport_fastrtps_c/isaac_ros_tensor_list_interfaces/msg/detail/tensor_shape__type_support_c.cpp.o\x1b[0m\n'}
[7.714323] (-) TimerEvent: {}
[7.751984] (isaac_ros_tensor_list_interfaces) StdoutLine: {'line': b'[ 62%] \x1b[32m\x1b[1mLinking CXX shared library libisaac_ros_tensor_list_interfaces__rosidl_typesupport_cpp.so\x1b[0m\n'}
[7.760371] (isaac_ros_tensor_list_interfaces) StdoutLine: {'line': b'[ 66%] \x1b[32mBuilding C object CMakeFiles/isaac_ros_tensor_list_interfaces__rosidl_typesupport_introspection_c.dir/rosidl_typesupport_introspection_c/isaac_ros_tensor_list_interfaces/msg/detail/tensor__type_support.c.o\x1b[0m\n'}
[7.761115] (isaac_ros_tensor_list_interfaces) StdoutLine: {'line': b'[ 66%] \x1b[32mBuilding C object CMakeFiles/isaac_ros_tensor_list_interfaces__rosidl_typesupport_introspection_c.dir/rosidl_typesupport_introspection_c/isaac_ros_tensor_list_interfaces/msg/detail/tensor_shape__type_support.c.o\x1b[0m\n'}
[7.761281] (isaac_ros_tensor_list_interfaces) StdoutLine: {'line': b'[ 68%] \x1b[32mBuilding C object CMakeFiles/isaac_ros_tensor_list_interfaces__rosidl_typesupport_introspection_c.dir/rosidl_typesupport_introspection_c/isaac_ros_tensor_list_interfaces/msg/detail/tensor_list__type_support.c.o\x1b[0m\n'}
[7.797450] (isaac_ros_tensor_list_interfaces) StdoutLine: {'line': b'[ 68%] Built target isaac_ros_tensor_list_interfaces__rosidl_typesupport_cpp\n'}
[7.814424] (-) TimerEvent: {}
[7.816051] (isaac_ros_tensor_list_interfaces) StdoutLine: {'line': b'[ 70%] \x1b[32m\x1b[1mLinking C shared library libisaac_ros_tensor_list_interfaces__rosidl_typesupport_introspection_c.so\x1b[0m\n'}
[7.845070] (isaac_ros_tensor_list_interfaces) StdoutLine: {'line': b'[ 70%] Built target isaac_ros_tensor_list_interfaces__rosidl_typesupport_introspection_c\n'}
[7.914622] (-) TimerEvent: {}
[7.993132] (isaac_ros_tensor_list_interfaces) StdoutLine: {'line': b'[ 72%] \x1b[32m\x1b[1mLinking CXX shared library libisaac_ros_tensor_list_interfaces__rosidl_typesupport_introspection_cpp.so\x1b[0m\n'}
[8.010588] (isaac_ros_tensor_list_interfaces) StdoutLine: {'line': b'[ 75%] \x1b[32m\x1b[1mLinking CXX shared library libisaac_ros_tensor_list_interfaces__rosidl_typesupport_fastrtps_cpp.so\x1b[0m\n'}
[8.014734] (-) TimerEvent: {}
[8.051235] (isaac_ros_tensor_list_interfaces) StdoutLine: {'line': b'[ 75%] Built target isaac_ros_tensor_list_interfaces__rosidl_typesupport_introspection_cpp\n'}
[8.069917] (isaac_ros_tensor_list_interfaces) StdoutLine: {'line': b'[ 75%] Built target isaac_ros_tensor_list_interfaces__rosidl_typesupport_fastrtps_cpp\n'}
[8.076200] (isaac_ros_tensor_list_interfaces) StdoutLine: {'line': b'[ 77%] \x1b[32m\x1b[1mLinking CXX shared library libisaac_ros_tensor_list_interfaces__rosidl_typesupport_fastrtps_c.so\x1b[0m\n'}
[8.114843] (-) TimerEvent: {}
[8.133429] (isaac_ros_tensor_list_interfaces) StdoutLine: {'line': b'[ 77%] Built target isaac_ros_tensor_list_interfaces__rosidl_typesupport_fastrtps_c\n'}
[8.151942] (isaac_ros_tensor_list_interfaces) StdoutLine: {'line': b'[ 77%] Built target isaac_ros_tensor_list_interfaces\n'}
[8.174564] (isaac_ros_tensor_list_interfaces) StdoutLine: {'line': b'[ 79%] \x1b[34m\x1b[1mGenerating Python code for ROS interfaces\x1b[0m\n'}
[8.214929] (-) TimerEvent: {}
[8.315181] (-) TimerEvent: {}
[8.415384] (-) TimerEvent: {}
[8.515605] (-) TimerEvent: {}
[8.582158] (isaac_ros_tensor_list_interfaces) StdoutLine: {'line': b'[ 79%] Built target isaac_ros_tensor_list_interfaces__py\n'}
[8.601732] (isaac_ros_tensor_list_interfaces) StdoutLine: {'line': b'[ 85%] \x1b[32mBuilding C object CMakeFiles/isaac_ros_tensor_list_interfaces__rosidl_generator_py.dir/rosidl_generator_py/isaac_ros_tensor_list_interfaces/msg/_tensor_list_s.c.o\x1b[0m\n'}
[8.602016] (isaac_ros_tensor_list_interfaces) StdoutLine: {'line': b'[ 85%] \x1b[32mBuilding C object CMakeFiles/isaac_ros_tensor_list_interfaces__rosidl_generator_py.dir/rosidl_generator_py/isaac_ros_tensor_list_interfaces/msg/_tensor_s.c.o\x1b[0m\n'}
[8.602138] (isaac_ros_tensor_list_interfaces) StdoutLine: {'line': b'[ 85%] \x1b[32mBuilding C object CMakeFiles/isaac_ros_tensor_list_interfaces__rosidl_generator_py.dir/rosidl_generator_py/isaac_ros_tensor_list_interfaces/msg/_tensor_shape_s.c.o\x1b[0m\n'}
[8.615701] (-) TimerEvent: {}
[8.715930] (-) TimerEvent: {}
[8.751276] (isaac_ros_tensor_list_interfaces) StdoutLine: {'line': b'[ 87%] \x1b[32m\x1b[1mLinking C shared library rosidl_generator_py/isaac_ros_tensor_list_interfaces/libisaac_ros_tensor_list_interfaces__rosidl_generator_py.so\x1b[0m\n'}
[8.787796] (isaac_ros_tensor_list_interfaces) StdoutLine: {'line': b'[ 87%] Built target isaac_ros_tensor_list_interfaces__rosidl_generator_py\n'}
[8.812985] (isaac_ros_tensor_list_interfaces) StdoutLine: {'line': b'[ 89%] \x1b[32mBuilding C object CMakeFiles/isaac_ros_tensor_list_interfaces__rosidl_typesupport_introspection_c__pyext.dir/rosidl_generator_py/isaac_ros_tensor_list_interfaces/_isaac_ros_tensor_list_interfaces_s.ep.rosidl_typesupport_introspection_c.c.o\x1b[0m\n'}
[8.815650] (isaac_ros_tensor_list_interfaces) StdoutLine: {'line': b'[ 91%] \x1b[32mBuilding C object CMakeFiles/isaac_ros_tensor_list_interfaces__rosidl_typesupport_fastrtps_c__pyext.dir/rosidl_generator_py/isaac_ros_tensor_list_interfaces/_isaac_ros_tensor_list_interfaces_s.ep.rosidl_typesupport_fastrtps_c.c.o\x1b[0m\n'}
[8.815954] (-) TimerEvent: {}
[8.817767] (isaac_ros_tensor_list_interfaces) StdoutLine: {'line': b'[ 93%] \x1b[32mBuilding C object CMakeFiles/isaac_ros_tensor_list_interfaces__rosidl_typesupport_c__pyext.dir/rosidl_generator_py/isaac_ros_tensor_list_interfaces/_isaac_ros_tensor_list_interfaces_s.ep.rosidl_typesupport_c.c.o\x1b[0m\n'}
[8.916091] (-) TimerEvent: {}
[8.936698] (isaac_ros_tensor_list_interfaces) StdoutLine: {'line': b'[ 97%] \x1b[32m\x1b[1mLinking C shared library rosidl_generator_py/isaac_ros_tensor_list_interfaces/isaac_ros_tensor_list_interfaces_s__rosidl_typesupport_c.cpython-310-x86_64-linux-gnu.so\x1b[0m\n'}
[8.937019] (isaac_ros_tensor_list_interfaces) StdoutLine: {'line': b'[ 97%] \x1b[32m\x1b[1mLinking C shared library rosidl_generator_py/isaac_ros_tensor_list_interfaces/isaac_ros_tensor_list_interfaces_s__rosidl_typesupport_fastrtps_c.cpython-310-x86_64-linux-gnu.so\x1b[0m\n'}
[8.937170] (isaac_ros_tensor_list_interfaces) StdoutLine: {'line': b'[100%] \x1b[32m\x1b[1mLinking C shared library rosidl_generator_py/isaac_ros_tensor_list_interfaces/isaac_ros_tensor_list_interfaces_s__rosidl_typesupport_introspection_c.cpython-310-x86_64-linux-gnu.so\x1b[0m\n'}
[8.965304] (isaac_ros_tensor_list_interfaces) StdoutLine: {'line': b'[100%] Built target isaac_ros_tensor_list_interfaces__rosidl_typesupport_introspection_c__pyext\n'}
[8.966000] (isaac_ros_tensor_list_interfaces) StdoutLine: {'line': b'[100%] Built target isaac_ros_tensor_list_interfaces__rosidl_typesupport_c__pyext\n'}
[8.966896] (isaac_ros_tensor_list_interfaces) StdoutLine: {'line': b'[100%] Built target isaac_ros_tensor_list_interfaces__rosidl_typesupport_fastrtps_c__pyext\n'}
[8.977243] (isaac_ros_tensor_list_interfaces) CommandEnded: {'returncode': 0}
[8.978038] (isaac_ros_tensor_list_interfaces) JobProgress: {'identifier': 'isaac_ros_tensor_list_interfaces', 'progress': 'install'}
[8.978312] (isaac_ros_tensor_list_interfaces) Command: {'cmd': ['/usr/bin/cmake', '--install', '/workspaces/isaac_ros-dev/build/isaac_ros_tensor_list_interfaces'], 'cwd': '/workspaces/isaac_ros-dev/build/isaac_ros_tensor_list_interfaces', 'env': OrderedDict([('DALI_BUILD', '16741769'), ('LIBRARY_PATH', '/usr/local/cuda/lib64/stubs:'), ('NVIDIA_CTK_LIBCUDA_DIR', '/usr/lib/x86_64-linux-gnu/nvidia/current'), ('PYTHONWARNINGS', 'ignore:::setuptools.command.install,ignore:::setuptools.command.easy_install,ignore:::pkg_resources,ignore:::setuptools.command.develop'), ('USER', 'diego'), ('TRT_INC_PATH', '/usr/include/x86_64-linux-gnu'), ('TF_ADJUST_SATURATION_FUSED', '1'), ('CUSOLVER_VERSION', '11.6.4.38'), ('HOSTNAME', 'debian'), ('CUTENSOR_VERSION', '2.0.2.5'), ('SHLVL', '1'), ('LD_LIBRARY_PATH', '/workspaces/isaac_ros-dev/install/isaac_ros_common/lib:/opt/ros/humble/opt/openvdb_vendor/lib:/opt/ros/humble/opt/rviz_ogre_vendor/lib:/opt/ros/humble/lib/x86_64-linux-gnu:/opt/ros/humble/lib:/usr/local/libcudss-linux-0.3.0.9_cuda12-archive/lib:/opt/hpcx/ucc/lib/:/opt/hpcx/ucx/lib/:/usr/local/cuda/compat/lib:/usr/local/nvidia/lib:/usr/local/nvidia/lib64:/opt/tritonserver/lib'), ('HOME', '/home/admin'), ('NVIDIA_TRITON_SERVER_VERSION', '24.08'), ('OLDPWD', '/workspaces/isaac_ros-dev'), ('HOST_USER_GID', '1000'), ('CUDA_CACHE_DISABLE', '1'), ('ROS_PYTHON_VERSION', '3'), ('MODEL_OPT_VERSION', '0.15.0'), ('ENV', '/etc/shinit_v2'), ('RDMACORE_VERSION', '39.0'), ('NVJPEG_VERSION', '12.3.3.23'), ('NVIDIA_BUILD_ID', '107631419'), ('CUDA_VERSION', '12.6.0.022'), ('TCMALLOC_RELEASE_RATE', '200'), ('CUBLAS_VERSION', '12.6.0.22'), ('NSIGHT_SYSTEMS_VERSION', '2024.4.2.133'), ('COLCON_PREFIX_PATH', '/workspaces/isaac_ros-dev/install'), ('CUDA_VISIBLE_DEVICES', '0'), ('ROS_DISTRO', 'humble'), ('OPAL_PREFIX', '/opt/hpcx/ompi'), ('NVIDIA_REQUIRE_CUDA', 'cuda>=9.0'), ('TRT_VERSION', '10.3.0.26+cuda12.5.1.007'), ('GDRCOPY_VERSION', '2.3.1-1'), ('_', '/usr/bin/colcon'), ('ROS_VERSION', '2'), ('NVIDIA_DRIVER_CAPABILITIES', 'compute,utility,graphics'), ('POLYGRAPHY_VERSION', '0.49.13'), ('CURAND_VERSION', '10.3.7.37'), ('MOFED_VERSION', '5.4-rdmacore39.0'), ('USERNAME', 'admin'), ('TERM', 'xterm'), ('ISAAC_ROS_WS', '/workspaces/isaac_ros-dev'), ('ROS_LOCALHOST_ONLY', '0'), ('TRANSFORMER_ENGINE_VERSION', '1.9'), ('PATH', '/workspaces/isaac_ros-dev/install/isaac_ros_common/bin:/opt/ros/humble/bin:/opt/ros/humble/vcstool/scripts:/opt/tritonserver/bin:/usr/local/mpi/bin:/usr/local/nvidia/bin:/usr/local/cuda/bin:/usr/local/sbin:/usr/local/bin:/usr/sbin:/usr/bin:/sbin:/bin:/usr/local/ucx/bin'), ('HOST_USER_UID', '1000'), ('CUDSS_DIR', '/usr/local/libcudss-linux-0.3.0.9_cuda12-archive'), ('CUDA_DRIVER_VERSION', '560.35.03'), ('_CUDA_COMPAT_STATUS', 'Unknown error (CUDA_ERROR_UNKNOWN) cuInit()=999'), ('DISPLAY', ':1'), ('NVIDIA_PRODUCT_NAME', 'Triton Server'), ('LANG', 'en_US.UTF-8'), ('RMW_IMPLEMENTATION', 'rmw_fastrtps_cpp'), ('NPP_VERSION', '12.3.1.23'), ('ROS_ROOT', '/opt/ros/humble'), ('UCX_MEM_EVENTS', 'no'), ('CUFFT_VERSION', '11.2.6.28'), ('SSH_AUTH_SOCK', '/ssh-agent'), ('TF_ENABLE_WINOGRAD_NONFUSED', '1'), ('AMENT_PREFIX_PATH', '/workspaces/isaac_ros-dev/install/isaac_ros_test:/workspaces/isaac_ros-dev/install/isaac_ros_launch_utils:/workspaces/isaac_ros-dev/install/isaac_ros_common:/workspaces/isaac_ros-dev/install/isaac_common_py:/opt/ros/humble'), ('CUDNN_VERSION', '9.3.0.75'), ('NSIGHT_COMPUTE_VERSION', '2024.3.0.15'), ('DALI_VERSION', '1.40.0'), ('DEBIAN_FRONTEND', 'noninteractive'), ('SHELL', '/bin/bash'), ('DCGM_VERSION', '3.2.6'), ('CUDNN_FRONTEND_VERSION', '1.5.2'), ('OPENMPI_VERSION', '4.1.7'), ('TRTOSS_VERSION', '24.08'), ('OMPI_MCA_coll_hcoll_enable', '0'), ('CUSPARSE_VERSION', '12.5.2.23'), ('NVIDIA_REQUIRE_JETPACK_HOST_MOUNTS', ''), ('TRITON_SERVER_GPU_ENABLED', '1'), ('TRITON_SERVER_VERSION', '2.49.0'), ('BASH_ENV', '/etc/bash.bashrc'), ('PWD', '/workspaces/isaac_ros-dev/build/isaac_ros_tensor_list_interfaces'), ('CUSPARSELT_VERSION', '0.6.2.3'), ('PYTHONPATH', '/workspaces/isaac_ros-dev/build/isaac_ros_test:/workspaces/isaac_ros-dev/install/isaac_ros_test/lib/python3.10/site-packages:/workspaces/isaac_ros-dev/build/isaac_ros_launch_utils:/workspaces/isaac_ros-dev/install/isaac_ros_launch_utils/lib/python3.10/site-packages:/workspaces/isaac_ros-dev/install/isaac_ros_common/local/lib/python3.10/dist-packages:/workspaces/isaac_ros-dev/build/isaac_common_py:/workspaces/isaac_ros-dev/install/isaac_common_py/lib/python3.10/site-packages:/opt/ros/humble/lib/python3.10/site-packages:/opt/ros/humble/local/lib/python3.10/dist-packages:/opt/ros/humble/vcstool:/opt/tritonserver/backends/dali/wheel/dali:'), ('_CUDA_COMPAT_PATH', '/usr/local/cuda/compat'), ('TRITON_SERVER_USER', 'triton-server'), ('TF_ADJUST_HUE_FUSED', '1'), ('NVIDIA_VISIBLE_DEVICES', 'void'), ('NCCL_VERSION', '2.22.3'), ('COLCON', '1'), ('OPENUCX_VERSION', '1.17.0'), ('HPCX_VERSION', '2.19'), ('CMAKE_PREFIX_PATH', '/workspaces/isaac_ros-dev/install/isaac_ros_common:/usr/local/libcudss-linux-0.3.0.9_cuda12-archive:/workspaces/isaac_ros-dev/install/isaac_ros_test:/workspaces/isaac_ros-dev/install/isaac_ros_launch_utils:/workspaces/isaac_ros-dev/install/isaac_common_py:/opt/ros/humble'), ('TF_AUTOTUNE_THRESHOLD', '2'), ('TRT_LIB_PATH', '/usr/lib/x86_64-linux-gnu')]), 'shell': False}
[8.985482] (isaac_ros_tensor_list_interfaces) StdoutLine: {'line': b'-- Install configuration: "Release"\n'}
[8.986028] (isaac_ros_tensor_list_interfaces) StdoutLine: {'line': b'-- Execute custom install script\n'}
[8.986220] (isaac_ros_tensor_list_interfaces) StdoutLine: {'line': b'-- Symlinking: /workspaces/isaac_ros-dev/install/isaac_ros_tensor_list_interfaces/share/ament_index/resource_index/rosidl_interfaces/isaac_ros_tensor_list_interfaces\n'}
[8.993721] (isaac_ros_tensor_list_interfaces) StdoutLine: {'line': b'-- Symlinking: /workspaces/isaac_ros-dev/install/isaac_ros_tensor_list_interfaces/include/isaac_ros_tensor_list_interfaces/isaac_ros_tensor_list_interfaces/msg/detail/tensor__functions.h\n'}
[9.000520] (isaac_ros_tensor_list_interfaces) StdoutLine: {'line': b'-- Symlinking: /workspaces/isaac_ros-dev/install/isaac_ros_tensor_list_interfaces/include/isaac_ros_tensor_list_interfaces/isaac_ros_tensor_list_interfaces/msg/detail/tensor__struct.h\n'}
[9.006897] (isaac_ros_tensor_list_interfaces) StdoutLine: {'line': b'-- Symlinking: /workspaces/isaac_ros-dev/install/isaac_ros_tensor_list_interfaces/include/isaac_ros_tensor_list_interfaces/isaac_ros_tensor_list_interfaces/msg/detail/tensor__type_support.h\n'}
[9.013566] (isaac_ros_tensor_list_interfaces) StdoutLine: {'line': b'-- Symlinking: /workspaces/isaac_ros-dev/install/isaac_ros_tensor_list_interfaces/include/isaac_ros_tensor_list_interfaces/isaac_ros_tensor_list_interfaces/msg/detail/tensor_list__functions.h\n'}
[9.016159] (-) TimerEvent: {}
[9.023095] (isaac_ros_tensor_list_interfaces) StdoutLine: {'line': b'-- Symlinking: /workspaces/isaac_ros-dev/install/isaac_ros_tensor_list_interfaces/include/isaac_ros_tensor_list_interfaces/isaac_ros_tensor_list_interfaces/msg/detail/tensor_list__struct.h\n'}
[9.032553] (isaac_ros_tensor_list_interfaces) StdoutLine: {'line': b'-- Symlinking: /workspaces/isaac_ros-dev/install/isaac_ros_tensor_list_interfaces/include/isaac_ros_tensor_list_interfaces/isaac_ros_tensor_list_interfaces/msg/detail/tensor_list__type_support.h\n'}
[9.042625] (isaac_ros_tensor_list_interfaces) StdoutLine: {'line': b'-- Symlinking: /workspaces/isaac_ros-dev/install/isaac_ros_tensor_list_interfaces/include/isaac_ros_tensor_list_interfaces/isaac_ros_tensor_list_interfaces/msg/detail/tensor_shape__functions.h\n'}
[9.052175] (isaac_ros_tensor_list_interfaces) StdoutLine: {'line': b'-- Symlinking: /workspaces/isaac_ros-dev/install/isaac_ros_tensor_list_interfaces/include/isaac_ros_tensor_list_interfaces/isaac_ros_tensor_list_interfaces/msg/detail/tensor_shape__struct.h\n'}
[9.059041] (isaac_ros_tensor_list_interfaces) StdoutLine: {'line': b'-- Symlinking: /workspaces/isaac_ros-dev/install/isaac_ros_tensor_list_interfaces/include/isaac_ros_tensor_list_interfaces/isaac_ros_tensor_list_interfaces/msg/detail/tensor_shape__type_support.h\n'}
[9.066450] (isaac_ros_tensor_list_interfaces) StdoutLine: {'line': b'-- Symlinking: /workspaces/isaac_ros-dev/install/isaac_ros_tensor_list_interfaces/include/isaac_ros_tensor_list_interfaces/isaac_ros_tensor_list_interfaces/msg/rosidl_generator_c__visibility_control.h\n'}
[9.075803] (isaac_ros_tensor_list_interfaces) StdoutLine: {'line': b'-- Symlinking: /workspaces/isaac_ros-dev/install/isaac_ros_tensor_list_interfaces/include/isaac_ros_tensor_list_interfaces/isaac_ros_tensor_list_interfaces/msg/tensor.h\n'}
[9.087170] (isaac_ros_tensor_list_interfaces) StdoutLine: {'line': b'-- Symlinking: /workspaces/isaac_ros-dev/install/isaac_ros_tensor_list_interfaces/include/isaac_ros_tensor_list_interfaces/isaac_ros_tensor_list_interfaces/msg/tensor_list.h\n'}
[9.098047] (isaac_ros_tensor_list_interfaces) StdoutLine: {'line': b'-- Symlinking: /workspaces/isaac_ros-dev/install/isaac_ros_tensor_list_interfaces/include/isaac_ros_tensor_list_interfaces/isaac_ros_tensor_list_interfaces/msg/tensor_shape.h\n'}
[9.108118] (isaac_ros_tensor_list_interfaces) StdoutLine: {'line': b'-- Symlinking: /workspaces/isaac_ros-dev/install/isaac_ros_tensor_list_interfaces/share/isaac_ros_tensor_list_interfaces/environment/library_path.sh\n'}
[9.116259] (-) TimerEvent: {}
[9.116506] (isaac_ros_tensor_list_interfaces) StdoutLine: {'line': b'-- Symlinking: /workspaces/isaac_ros-dev/install/isaac_ros_tensor_list_interfaces/share/isaac_ros_tensor_list_interfaces/environment/library_path.dsv\n'}
[9.127389] (isaac_ros_tensor_list_interfaces) StdoutLine: {'line': b'-- Symlinking: /workspaces/isaac_ros-dev/install/isaac_ros_tensor_list_interfaces/include/isaac_ros_tensor_list_interfaces/isaac_ros_tensor_list_interfaces/msg/detail/tensor__rosidl_typesupport_fastrtps_c.h\n'}
[9.140591] (isaac_ros_tensor_list_interfaces) StdoutLine: {'line': b'-- Symlinking: /workspaces/isaac_ros-dev/install/isaac_ros_tensor_list_interfaces/include/isaac_ros_tensor_list_interfaces/isaac_ros_tensor_list_interfaces/msg/detail/tensor_list__rosidl_typesupport_fastrtps_c.h\n'}
[9.150694] (isaac_ros_tensor_list_interfaces) StdoutLine: {'line': b'-- Symlinking: /workspaces/isaac_ros-dev/install/isaac_ros_tensor_list_interfaces/include/isaac_ros_tensor_list_interfaces/isaac_ros_tensor_list_interfaces/msg/detail/tensor_shape__rosidl_typesupport_fastrtps_c.h\n'}
[9.160349] (isaac_ros_tensor_list_interfaces) StdoutLine: {'line': b'-- Symlinking: /workspaces/isaac_ros-dev/install/isaac_ros_tensor_list_interfaces/include/isaac_ros_tensor_list_interfaces/isaac_ros_tensor_list_interfaces/msg/rosidl_typesupport_fastrtps_c__visibility_control.h\n'}
[9.169541] (isaac_ros_tensor_list_interfaces) StdoutLine: {'line': b'-- Symlinking: /workspaces/isaac_ros-dev/install/isaac_ros_tensor_list_interfaces/include/isaac_ros_tensor_list_interfaces/isaac_ros_tensor_list_interfaces/msg/detail/tensor__rosidl_typesupport_introspection_c.h\n'}
[9.177812] (isaac_ros_tensor_list_interfaces) StdoutLine: {'line': b'-- Symlinking: /workspaces/isaac_ros-dev/install/isaac_ros_tensor_list_interfaces/include/isaac_ros_tensor_list_interfaces/isaac_ros_tensor_list_interfaces/msg/detail/tensor_list__rosidl_typesupport_introspection_c.h\n'}
[9.184603] (isaac_ros_tensor_list_interfaces) StdoutLine: {'line': b'-- Symlinking: /workspaces/isaac_ros-dev/install/isaac_ros_tensor_list_interfaces/include/isaac_ros_tensor_list_interfaces/isaac_ros_tensor_list_interfaces/msg/detail/tensor_shape__rosidl_typesupport_introspection_c.h\n'}
[9.190814] (isaac_ros_tensor_list_interfaces) StdoutLine: {'line': b'-- Symlinking: /workspaces/isaac_ros-dev/install/isaac_ros_tensor_list_interfaces/include/isaac_ros_tensor_list_interfaces/isaac_ros_tensor_list_interfaces/msg/rosidl_typesupport_introspection_c__visibility_control.h\n'}
[9.199687] (isaac_ros_tensor_list_interfaces) StdoutLine: {'line': b'-- Symlinking: /workspaces/isaac_ros-dev/install/isaac_ros_tensor_list_interfaces/include/isaac_ros_tensor_list_interfaces/isaac_ros_tensor_list_interfaces/msg/detail/tensor__builder.hpp\n'}
[9.206472] (isaac_ros_tensor_list_interfaces) StdoutLine: {'line': b'-- Symlinking: /workspaces/isaac_ros-dev/install/isaac_ros_tensor_list_interfaces/include/isaac_ros_tensor_list_interfaces/isaac_ros_tensor_list_interfaces/msg/detail/tensor__struct.hpp\n'}
[9.213679] (isaac_ros_tensor_list_interfaces) StdoutLine: {'line': b'-- Symlinking: /workspaces/isaac_ros-dev/install/isaac_ros_tensor_list_interfaces/include/isaac_ros_tensor_list_interfaces/isaac_ros_tensor_list_interfaces/msg/detail/tensor__traits.hpp\n'}
[9.216371] (-) TimerEvent: {}
[9.220524] (isaac_ros_tensor_list_interfaces) StdoutLine: {'line': b'-- Symlinking: /workspaces/isaac_ros-dev/install/isaac_ros_tensor_list_interfaces/include/isaac_ros_tensor_list_interfaces/isaac_ros_tensor_list_interfaces/msg/detail/tensor__type_support.hpp\n'}
[9.227212] (isaac_ros_tensor_list_interfaces) StdoutLine: {'line': b'-- Symlinking: /workspaces/isaac_ros-dev/install/isaac_ros_tensor_list_interfaces/include/isaac_ros_tensor_list_interfaces/isaac_ros_tensor_list_interfaces/msg/detail/tensor_list__builder.hpp\n'}
[9.245032] (isaac_ros_tensor_list_interfaces) StdoutLine: {'line': b'-- Symlinking: /workspaces/isaac_ros-dev/install/isaac_ros_tensor_list_interfaces/include/isaac_ros_tensor_list_interfaces/isaac_ros_tensor_list_interfaces/msg/detail/tensor_list__struct.hpp\n'}
[9.257519] (isaac_ros_tensor_list_interfaces) StdoutLine: {'line': b'-- Symlinking: /workspaces/isaac_ros-dev/install/isaac_ros_tensor_list_interfaces/include/isaac_ros_tensor_list_interfaces/isaac_ros_tensor_list_interfaces/msg/detail/tensor_list__traits.hpp\n'}
[9.272857] (isaac_ros_tensor_list_interfaces) StdoutLine: {'line': b'-- Symlinking: /workspaces/isaac_ros-dev/install/isaac_ros_tensor_list_interfaces/include/isaac_ros_tensor_list_interfaces/isaac_ros_tensor_list_interfaces/msg/detail/tensor_list__type_support.hpp\n'}
[9.288017] (isaac_ros_tensor_list_interfaces) StdoutLine: {'line': b'-- Symlinking: /workspaces/isaac_ros-dev/install/isaac_ros_tensor_list_interfaces/include/isaac_ros_tensor_list_interfaces/isaac_ros_tensor_list_interfaces/msg/detail/tensor_shape__builder.hpp\n'}
[9.297921] (isaac_ros_tensor_list_interfaces) StdoutLine: {'line': b'-- Symlinking: /workspaces/isaac_ros-dev/install/isaac_ros_tensor_list_interfaces/include/isaac_ros_tensor_list_interfaces/isaac_ros_tensor_list_interfaces/msg/detail/tensor_shape__struct.hpp\n'}
[9.306685] (isaac_ros_tensor_list_interfaces) StdoutLine: {'line': b'-- Symlinking: /workspaces/isaac_ros-dev/install/isaac_ros_tensor_list_interfaces/include/isaac_ros_tensor_list_interfaces/isaac_ros_tensor_list_interfaces/msg/detail/tensor_shape__traits.hpp\n'}
[9.315254] (isaac_ros_tensor_list_interfaces) StdoutLine: {'line': b'-- Symlinking: /workspaces/isaac_ros-dev/install/isaac_ros_tensor_list_interfaces/include/isaac_ros_tensor_list_interfaces/isaac_ros_tensor_list_interfaces/msg/detail/tensor_shape__type_support.hpp\n'}
[9.316442] (-) TimerEvent: {}
[9.323908] (isaac_ros_tensor_list_interfaces) StdoutLine: {'line': b'-- Symlinking: /workspaces/isaac_ros-dev/install/isaac_ros_tensor_list_interfaces/include/isaac_ros_tensor_list_interfaces/isaac_ros_tensor_list_interfaces/msg/rosidl_generator_cpp__visibility_control.hpp\n'}
[9.330268] (isaac_ros_tensor_list_interfaces) StdoutLine: {'line': b'-- Symlinking: /workspaces/isaac_ros-dev/install/isaac_ros_tensor_list_interfaces/include/isaac_ros_tensor_list_interfaces/isaac_ros_tensor_list_interfaces/msg/tensor.hpp\n'}
[9.341078] (isaac_ros_tensor_list_interfaces) StdoutLine: {'line': b'-- Symlinking: /workspaces/isaac_ros-dev/install/isaac_ros_tensor_list_interfaces/include/isaac_ros_tensor_list_interfaces/isaac_ros_tensor_list_interfaces/msg/tensor_list.hpp\n'}
[9.349682] (isaac_ros_tensor_list_interfaces) StdoutLine: {'line': b'-- Symlinking: /workspaces/isaac_ros-dev/install/isaac_ros_tensor_list_interfaces/include/isaac_ros_tensor_list_interfaces/isaac_ros_tensor_list_interfaces/msg/tensor_shape.hpp\n'}
[9.368930] (isaac_ros_tensor_list_interfaces) StdoutLine: {'line': b'-- Symlinking: /workspaces/isaac_ros-dev/install/isaac_ros_tensor_list_interfaces/include/isaac_ros_tensor_list_interfaces/isaac_ros_tensor_list_interfaces/msg/detail/tensor__rosidl_typesupport_fastrtps_cpp.hpp\n'}
[9.384421] (isaac_ros_tensor_list_interfaces) StdoutLine: {'line': b'-- Symlinking: /workspaces/isaac_ros-dev/install/isaac_ros_tensor_list_interfaces/include/isaac_ros_tensor_list_interfaces/isaac_ros_tensor_list_interfaces/msg/detail/tensor_list__rosidl_typesupport_fastrtps_cpp.hpp\n'}
[9.396507] (isaac_ros_tensor_list_interfaces) StdoutLine: {'line': b'-- Symlinking: /workspaces/isaac_ros-dev/install/isaac_ros_tensor_list_interfaces/include/isaac_ros_tensor_list_interfaces/isaac_ros_tensor_list_interfaces/msg/detail/tensor_shape__rosidl_typesupport_fastrtps_cpp.hpp\n'}
[9.403050] (isaac_ros_tensor_list_interfaces) StdoutLine: {'line': b'-- Symlinking: /workspaces/isaac_ros-dev/install/isaac_ros_tensor_list_interfaces/include/isaac_ros_tensor_list_interfaces/isaac_ros_tensor_list_interfaces/msg/rosidl_typesupport_fastrtps_cpp__visibility_control.h\n'}
[9.410446] (isaac_ros_tensor_list_interfaces) StdoutLine: {'line': b'-- Symlinking: /workspaces/isaac_ros-dev/install/isaac_ros_tensor_list_interfaces/include/isaac_ros_tensor_list_interfaces/isaac_ros_tensor_list_interfaces/msg/detail/tensor__rosidl_typesupport_introspection_cpp.hpp\n'}
[9.416567] (-) TimerEvent: {}
[9.417160] (isaac_ros_tensor_list_interfaces) StdoutLine: {'line': b'-- Symlinking: /workspaces/isaac_ros-dev/install/isaac_ros_tensor_list_interfaces/include/isaac_ros_tensor_list_interfaces/isaac_ros_tensor_list_interfaces/msg/detail/tensor_list__rosidl_typesupport_introspection_cpp.hpp\n'}
[9.425957] (isaac_ros_tensor_list_interfaces) StdoutLine: {'line': b'-- Symlinking: /workspaces/isaac_ros-dev/install/isaac_ros_tensor_list_interfaces/include/isaac_ros_tensor_list_interfaces/isaac_ros_tensor_list_interfaces/msg/detail/tensor_shape__rosidl_typesupport_introspection_cpp.hpp\n'}
[9.434175] (isaac_ros_tensor_list_interfaces) StdoutLine: {'line': b'-- Symlinking: /workspaces/isaac_ros-dev/install/isaac_ros_tensor_list_interfaces/share/isaac_ros_tensor_list_interfaces/environment/pythonpath.sh\n'}
[9.442061] (isaac_ros_tensor_list_interfaces) StdoutLine: {'line': b'-- Symlinking: /workspaces/isaac_ros-dev/install/isaac_ros_tensor_list_interfaces/share/isaac_ros_tensor_list_interfaces/environment/pythonpath.dsv\n'}
[9.450135] (isaac_ros_tensor_list_interfaces) StdoutLine: {'line': b'-- Symlinking: /workspaces/isaac_ros-dev/install/isaac_ros_tensor_list_interfaces/local/lib/python3.10/dist-packages/isaac_ros_tensor_list_interfaces-3.2.5-py3.10.egg-info/PKG-INFO\n'}
[9.462619] (isaac_ros_tensor_list_interfaces) StdoutLine: {'line': b'-- Symlinking: /workspaces/isaac_ros-dev/install/isaac_ros_tensor_list_interfaces/local/lib/python3.10/dist-packages/isaac_ros_tensor_list_interfaces-3.2.5-py3.10.egg-info/SOURCES.txt\n'}
[9.474950] (isaac_ros_tensor_list_interfaces) StdoutLine: {'line': b'-- Symlinking: /workspaces/isaac_ros-dev/install/isaac_ros_tensor_list_interfaces/local/lib/python3.10/dist-packages/isaac_ros_tensor_list_interfaces-3.2.5-py3.10.egg-info/dependency_links.txt\n'}
[9.486984] (isaac_ros_tensor_list_interfaces) StdoutLine: {'line': b'-- Symlinking: /workspaces/isaac_ros-dev/install/isaac_ros_tensor_list_interfaces/local/lib/python3.10/dist-packages/isaac_ros_tensor_list_interfaces-3.2.5-py3.10.egg-info/top_level.txt\n'}
[9.498683] (isaac_ros_tensor_list_interfaces) StdoutLine: {'line': b'-- Symlinking: /workspaces/isaac_ros-dev/install/isaac_ros_tensor_list_interfaces/local/lib/python3.10/dist-packages/isaac_ros_tensor_list_interfaces/__init__.py\n'}
[9.507291] (isaac_ros_tensor_list_interfaces) StdoutLine: {'line': b'-- Symlinking: /workspaces/isaac_ros-dev/install/isaac_ros_tensor_list_interfaces/local/lib/python3.10/dist-packages/isaac_ros_tensor_list_interfaces/_isaac_ros_tensor_list_interfaces_s.ep.rosidl_typesupport_c.c\n'}
[9.513292] (isaac_ros_tensor_list_interfaces) StdoutLine: {'line': b'-- Symlinking: /workspaces/isaac_ros-dev/install/isaac_ros_tensor_list_interfaces/local/lib/python3.10/dist-packages/isaac_ros_tensor_list_interfaces/_isaac_ros_tensor_list_interfaces_s.ep.rosidl_typesupport_fastrtps_c.c\n'}
[9.516685] (-) TimerEvent: {}
[9.519653] (isaac_ros_tensor_list_interfaces) StdoutLine: {'line': b'-- Symlinking: /workspaces/isaac_ros-dev/install/isaac_ros_tensor_list_interfaces/local/lib/python3.10/dist-packages/isaac_ros_tensor_list_interfaces/_isaac_ros_tensor_list_interfaces_s.ep.rosidl_typesupport_introspection_c.c\n'}
[9.526789] (isaac_ros_tensor_list_interfaces) StdoutLine: {'line': b'-- Symlinking: /workspaces/isaac_ros-dev/install/isaac_ros_tensor_list_interfaces/local/lib/python3.10/dist-packages/isaac_ros_tensor_list_interfaces/isaac_ros_tensor_list_interfaces_s__rosidl_typesupport_c.cpython-310-x86_64-linux-gnu.so\n'}
[9.533177] (isaac_ros_tensor_list_interfaces) StdoutLine: {'line': b'-- Symlinking: /workspaces/isaac_ros-dev/install/isaac_ros_tensor_list_interfaces/local/lib/python3.10/dist-packages/isaac_ros_tensor_list_interfaces/isaac_ros_tensor_list_interfaces_s__rosidl_typesupport_fastrtps_c.cpython-310-x86_64-linux-gnu.so\n'}
[9.539621] (isaac_ros_tensor_list_interfaces) StdoutLine: {'line': b'-- Symlinking: /workspaces/isaac_ros-dev/install/isaac_ros_tensor_list_interfaces/local/lib/python3.10/dist-packages/isaac_ros_tensor_list_interfaces/isaac_ros_tensor_list_interfaces_s__rosidl_typesupport_introspection_c.cpython-310-x86_64-linux-gnu.so\n'}
[9.549502] (isaac_ros_tensor_list_interfaces) StdoutLine: {'line': b'-- Symlinking: /workspaces/isaac_ros-dev/install/isaac_ros_tensor_list_interfaces/local/lib/python3.10/dist-packages/isaac_ros_tensor_list_interfaces/libisaac_ros_tensor_list_interfaces__rosidl_generator_py.so\n'}
[9.558018] (isaac_ros_tensor_list_interfaces) StdoutLine: {'line': b'-- Symlinking: /workspaces/isaac_ros-dev/install/isaac_ros_tensor_list_interfaces/local/lib/python3.10/dist-packages/isaac_ros_tensor_list_interfaces/msg/__init__.py\n'}
[9.568014] (isaac_ros_tensor_list_interfaces) StdoutLine: {'line': b'-- Symlinking: /workspaces/isaac_ros-dev/install/isaac_ros_tensor_list_interfaces/local/lib/python3.10/dist-packages/isaac_ros_tensor_list_interfaces/msg/_tensor.py\n'}
[9.586402] (isaac_ros_tensor_list_interfaces) StdoutLine: {'line': b'-- Symlinking: /workspaces/isaac_ros-dev/install/isaac_ros_tensor_list_interfaces/local/lib/python3.10/dist-packages/isaac_ros_tensor_list_interfaces/msg/_tensor_list.py\n'}
[9.593765] (isaac_ros_tensor_list_interfaces) StdoutLine: {'line': b'-- Symlinking: /workspaces/isaac_ros-dev/install/isaac_ros_tensor_list_interfaces/local/lib/python3.10/dist-packages/isaac_ros_tensor_list_interfaces/msg/_tensor_list_s.c\n'}
[9.603872] (isaac_ros_tensor_list_interfaces) StdoutLine: {'line': b'-- Symlinking: /workspaces/isaac_ros-dev/install/isaac_ros_tensor_list_interfaces/local/lib/python3.10/dist-packages/isaac_ros_tensor_list_interfaces/msg/_tensor_s.c\n'}
[9.612550] (isaac_ros_tensor_list_interfaces) StdoutLine: {'line': b'-- Symlinking: /workspaces/isaac_ros-dev/install/isaac_ros_tensor_list_interfaces/local/lib/python3.10/dist-packages/isaac_ros_tensor_list_interfaces/msg/_tensor_shape.py\n'}
[9.616786] (-) TimerEvent: {}
[9.621495] (isaac_ros_tensor_list_interfaces) StdoutLine: {'line': b'-- Symlinking: /workspaces/isaac_ros-dev/install/isaac_ros_tensor_list_interfaces/local/lib/python3.10/dist-packages/isaac_ros_tensor_list_interfaces/msg/_tensor_shape_s.c\n'}
[9.629903] (isaac_ros_tensor_list_interfaces) StdoutLine: {'line': b'-- Up-to-date symlink: /workspaces/isaac_ros-dev/install/isaac_ros_tensor_list_interfaces/local/lib/python3.10/dist-packages/isaac_ros_tensor_list_interfaces/isaac_ros_tensor_list_interfaces_s__rosidl_typesupport_fastrtps_c.cpython-310-x86_64-linux-gnu.so\n'}
[9.630128] (isaac_ros_tensor_list_interfaces) StdoutLine: {'line': b'-- Up-to-date symlink: /workspaces/isaac_ros-dev/install/isaac_ros_tensor_list_interfaces/local/lib/python3.10/dist-packages/isaac_ros_tensor_list_interfaces/isaac_ros_tensor_list_interfaces_s__rosidl_typesupport_introspection_c.cpython-310-x86_64-linux-gnu.so\n'}
[9.630435] (isaac_ros_tensor_list_interfaces) StdoutLine: {'line': b'-- Up-to-date symlink: /workspaces/isaac_ros-dev/install/isaac_ros_tensor_list_interfaces/local/lib/python3.10/dist-packages/isaac_ros_tensor_list_interfaces/isaac_ros_tensor_list_interfaces_s__rosidl_typesupport_c.cpython-310-x86_64-linux-gnu.so\n'}
[9.630709] (isaac_ros_tensor_list_interfaces) StdoutLine: {'line': b'-- Symlinking: /workspaces/isaac_ros-dev/install/isaac_ros_tensor_list_interfaces/share/isaac_ros_tensor_list_interfaces/msg/TensorShape.idl\n'}
[9.643758] (isaac_ros_tensor_list_interfaces) StdoutLine: {'line': b'-- Symlinking: /workspaces/isaac_ros-dev/install/isaac_ros_tensor_list_interfaces/share/isaac_ros_tensor_list_interfaces/msg/Tensor.idl\n'}
[9.652074] (isaac_ros_tensor_list_interfaces) StdoutLine: {'line': b'-- Symlinking: /workspaces/isaac_ros-dev/install/isaac_ros_tensor_list_interfaces/share/isaac_ros_tensor_list_interfaces/msg/TensorList.idl\n'}
[9.659363] (isaac_ros_tensor_list_interfaces) StdoutLine: {'line': b'-- Symlinking: /workspaces/isaac_ros-dev/install/isaac_ros_tensor_list_interfaces/share/isaac_ros_tensor_list_interfaces/msg/TensorShape.msg\n'}
[9.665377] (isaac_ros_tensor_list_interfaces) StdoutLine: {'line': b'-- Symlinking: /workspaces/isaac_ros-dev/install/isaac_ros_tensor_list_interfaces/share/isaac_ros_tensor_list_interfaces/msg/Tensor.msg\n'}
[9.671685] (isaac_ros_tensor_list_interfaces) StdoutLine: {'line': b'-- Symlinking: /workspaces/isaac_ros-dev/install/isaac_ros_tensor_list_interfaces/share/isaac_ros_tensor_list_interfaces/msg/TensorList.msg\n'}
[9.681329] (isaac_ros_tensor_list_interfaces) StdoutLine: {'line': b'-- Symlinking: /workspaces/isaac_ros-dev/install/isaac_ros_tensor_list_interfaces/share/isaac_ros_tensor_list_interfaces/version_info.yaml\n'}
[9.690362] (isaac_ros_tensor_list_interfaces) StdoutLine: {'line': b'-- Symlinking: /workspaces/isaac_ros-dev/install/isaac_ros_tensor_list_interfaces/share/ament_index/resource_index/package_run_dependencies/isaac_ros_tensor_list_interfaces\n'}
[9.699579] (isaac_ros_tensor_list_interfaces) StdoutLine: {'line': b'-- Symlinking: /workspaces/isaac_ros-dev/install/isaac_ros_tensor_list_interfaces/share/ament_index/resource_index/parent_prefix_path/isaac_ros_tensor_list_interfaces\n'}
[9.710282] (isaac_ros_tensor_list_interfaces) StdoutLine: {'line': b'-- Symlinking: /workspaces/isaac_ros-dev/install/isaac_ros_tensor_list_interfaces/share/isaac_ros_tensor_list_interfaces/environment/ament_prefix_path.sh\n'}
[9.716874] (-) TimerEvent: {}
[9.718005] (isaac_ros_tensor_list_interfaces) StdoutLine: {'line': b'-- Symlinking: /workspaces/isaac_ros-dev/install/isaac_ros_tensor_list_interfaces/share/isaac_ros_tensor_list_interfaces/environment/ament_prefix_path.dsv\n'}
[9.726753] (isaac_ros_tensor_list_interfaces) StdoutLine: {'line': b'-- Symlinking: /workspaces/isaac_ros-dev/install/isaac_ros_tensor_list_interfaces/share/isaac_ros_tensor_list_interfaces/environment/path.sh\n'}
[9.736270] (isaac_ros_tensor_list_interfaces) StdoutLine: {'line': b'-- Symlinking: /workspaces/isaac_ros-dev/install/isaac_ros_tensor_list_interfaces/share/isaac_ros_tensor_list_interfaces/environment/path.dsv\n'}
[9.746327] (isaac_ros_tensor_list_interfaces) StdoutLine: {'line': b'-- Symlinking: /workspaces/isaac_ros-dev/install/isaac_ros_tensor_list_interfaces/share/isaac_ros_tensor_list_interfaces/local_setup.bash\n'}
[9.754429] (isaac_ros_tensor_list_interfaces) StdoutLine: {'line': b'-- Symlinking: /workspaces/isaac_ros-dev/install/isaac_ros_tensor_list_interfaces/share/isaac_ros_tensor_list_interfaces/local_setup.sh\n'}
[9.761987] (isaac_ros_tensor_list_interfaces) StdoutLine: {'line': b'-- Symlinking: /workspaces/isaac_ros-dev/install/isaac_ros_tensor_list_interfaces/share/isaac_ros_tensor_list_interfaces/local_setup.zsh\n'}
[9.770390] (isaac_ros_tensor_list_interfaces) StdoutLine: {'line': b'-- Symlinking: /workspaces/isaac_ros-dev/install/isaac_ros_tensor_list_interfaces/share/isaac_ros_tensor_list_interfaces/local_setup.dsv\n'}
[9.781217] (isaac_ros_tensor_list_interfaces) StdoutLine: {'line': b'-- Symlinking: /workspaces/isaac_ros-dev/install/isaac_ros_tensor_list_interfaces/share/isaac_ros_tensor_list_interfaces/package.dsv\n'}
[9.789255] (isaac_ros_tensor_list_interfaces) StdoutLine: {'line': b'-- Symlinking: /workspaces/isaac_ros-dev/install/isaac_ros_tensor_list_interfaces/share/ament_index/resource_index/packages/isaac_ros_tensor_list_interfaces\n'}
[9.796033] (isaac_ros_tensor_list_interfaces) StdoutLine: {'line': b'-- Symlinking: /workspaces/isaac_ros-dev/install/isaac_ros_tensor_list_interfaces/share/isaac_ros_tensor_list_interfaces/cmake/rosidl_cmake-extras.cmake\n'}
[9.804251] (isaac_ros_tensor_list_interfaces) StdoutLine: {'line': b'-- Symlinking: /workspaces/isaac_ros-dev/install/isaac_ros_tensor_list_interfaces/share/isaac_ros_tensor_list_interfaces/cmake/ament_cmake_export_dependencies-extras.cmake\n'}
[9.811425] (isaac_ros_tensor_list_interfaces) StdoutLine: {'line': b'-- Symlinking: /workspaces/isaac_ros-dev/install/isaac_ros_tensor_list_interfaces/share/isaac_ros_tensor_list_interfaces/cmake/ament_cmake_export_include_directories-extras.cmake\n'}
[9.816995] (-) TimerEvent: {}
[9.818099] (isaac_ros_tensor_list_interfaces) StdoutLine: {'line': b'-- Symlinking: /workspaces/isaac_ros-dev/install/isaac_ros_tensor_list_interfaces/share/isaac_ros_tensor_list_interfaces/cmake/ament_cmake_export_libraries-extras.cmake\n'}
[9.825335] (isaac_ros_tensor_list_interfaces) StdoutLine: {'line': b'-- Symlinking: /workspaces/isaac_ros-dev/install/isaac_ros_tensor_list_interfaces/share/isaac_ros_tensor_list_interfaces/cmake/ament_cmake_export_targets-extras.cmake\n'}
[9.833226] (isaac_ros_tensor_list_interfaces) StdoutLine: {'line': b'-- Symlinking: /workspaces/isaac_ros-dev/install/isaac_ros_tensor_list_interfaces/share/isaac_ros_tensor_list_interfaces/cmake/rosidl_cmake_export_typesupport_targets-extras.cmake\n'}
[9.840384] (isaac_ros_tensor_list_interfaces) StdoutLine: {'line': b'-- Symlinking: /workspaces/isaac_ros-dev/install/isaac_ros_tensor_list_interfaces/share/isaac_ros_tensor_list_interfaces/cmake/rosidl_cmake_export_typesupport_libraries-extras.cmake\n'}
[9.848914] (isaac_ros_tensor_list_interfaces) StdoutLine: {'line': b'-- Symlinking: /workspaces/isaac_ros-dev/install/isaac_ros_tensor_list_interfaces/share/isaac_ros_tensor_list_interfaces/cmake/isaac_ros_tensor_list_interfacesConfig.cmake\n'}
[9.857226] (isaac_ros_tensor_list_interfaces) StdoutLine: {'line': b'-- Symlinking: /workspaces/isaac_ros-dev/install/isaac_ros_tensor_list_interfaces/share/isaac_ros_tensor_list_interfaces/cmake/isaac_ros_tensor_list_interfacesConfig-version.cmake\n'}
[9.864685] (isaac_ros_tensor_list_interfaces) StdoutLine: {'line': b'-- Symlinking: /workspaces/isaac_ros-dev/install/isaac_ros_tensor_list_interfaces/share/isaac_ros_tensor_list_interfaces/package.xml\n'}
[9.873293] (isaac_ros_tensor_list_interfaces) StdoutLine: {'line': b'-- Installing: /workspaces/isaac_ros-dev/install/isaac_ros_tensor_list_interfaces/lib/libisaac_ros_tensor_list_interfaces__rosidl_generator_c.so\n'}
[9.873571] (isaac_ros_tensor_list_interfaces) StdoutLine: {'line': b'-- Set runtime path of "/workspaces/isaac_ros-dev/install/isaac_ros_tensor_list_interfaces/lib/libisaac_ros_tensor_list_interfaces__rosidl_generator_c.so" to ""\n'}
[9.873721] (isaac_ros_tensor_list_interfaces) StdoutLine: {'line': b'-- Installing: /workspaces/isaac_ros-dev/install/isaac_ros_tensor_list_interfaces/lib/libisaac_ros_tensor_list_interfaces__rosidl_typesupport_fastrtps_c.so\n'}
[9.873968] (isaac_ros_tensor_list_interfaces) StdoutLine: {'line': b'-- Set runtime path of "/workspaces/isaac_ros-dev/install/isaac_ros_tensor_list_interfaces/lib/libisaac_ros_tensor_list_interfaces__rosidl_typesupport_fastrtps_c.so" to ""\n'}
[9.874097] (isaac_ros_tensor_list_interfaces) StdoutLine: {'line': b'-- Installing: /workspaces/isaac_ros-dev/install/isaac_ros_tensor_list_interfaces/lib/libisaac_ros_tensor_list_interfaces__rosidl_typesupport_introspection_c.so\n'}
[9.874405] (isaac_ros_tensor_list_interfaces) StdoutLine: {'line': b'-- Set runtime path of "/workspaces/isaac_ros-dev/install/isaac_ros_tensor_list_interfaces/lib/libisaac_ros_tensor_list_interfaces__rosidl_typesupport_introspection_c.so" to ""\n'}
[9.874479] (isaac_ros_tensor_list_interfaces) StdoutLine: {'line': b'-- Installing: /workspaces/isaac_ros-dev/install/isaac_ros_tensor_list_interfaces/lib/libisaac_ros_tensor_list_interfaces__rosidl_typesupport_c.so\n'}
[9.874730] (isaac_ros_tensor_list_interfaces) StdoutLine: {'line': b'-- Set runtime path of "/workspaces/isaac_ros-dev/install/isaac_ros_tensor_list_interfaces/lib/libisaac_ros_tensor_list_interfaces__rosidl_typesupport_c.so" to ""\n'}
[9.874858] (isaac_ros_tensor_list_interfaces) StdoutLine: {'line': b'-- Installing: /workspaces/isaac_ros-dev/install/isaac_ros_tensor_list_interfaces/lib/libisaac_ros_tensor_list_interfaces__rosidl_typesupport_fastrtps_cpp.so\n'}
[9.875112] (isaac_ros_tensor_list_interfaces) StdoutLine: {'line': b'-- Set runtime path of "/workspaces/isaac_ros-dev/install/isaac_ros_tensor_list_interfaces/lib/libisaac_ros_tensor_list_interfaces__rosidl_typesupport_fastrtps_cpp.so" to ""\n'}
[9.875174] (isaac_ros_tensor_list_interfaces) StdoutLine: {'line': b'-- Installing: /workspaces/isaac_ros-dev/install/isaac_ros_tensor_list_interfaces/lib/libisaac_ros_tensor_list_interfaces__rosidl_typesupport_introspection_cpp.so\n'}
[9.875373] (isaac_ros_tensor_list_interfaces) StdoutLine: {'line': b'-- Set runtime path of "/workspaces/isaac_ros-dev/install/isaac_ros_tensor_list_interfaces/lib/libisaac_ros_tensor_list_interfaces__rosidl_typesupport_introspection_cpp.so" to ""\n'}
[9.875432] (isaac_ros_tensor_list_interfaces) StdoutLine: {'line': b'-- Installing: /workspaces/isaac_ros-dev/install/isaac_ros_tensor_list_interfaces/lib/libisaac_ros_tensor_list_interfaces__rosidl_typesupport_cpp.so\n'}
[9.875580] (isaac_ros_tensor_list_interfaces) StdoutLine: {'line': b'-- Set runtime path of "/workspaces/isaac_ros-dev/install/isaac_ros_tensor_list_interfaces/lib/libisaac_ros_tensor_list_interfaces__rosidl_typesupport_cpp.so" to ""\n'}
[9.917071] (-) TimerEvent: {}
[9.919985] (isaac_ros_tensor_list_interfaces) StdoutLine: {'line': b"Listing '/workspaces/isaac_ros-dev/install/isaac_ros_tensor_list_interfaces/local/lib/python3.10/dist-packages/isaac_ros_tensor_list_interfaces'...\n"}
[9.920180] (isaac_ros_tensor_list_interfaces) StdoutLine: {'line': b"Compiling '/workspaces/isaac_ros-dev/install/isaac_ros_tensor_list_interfaces/local/lib/python3.10/dist-packages/isaac_ros_tensor_list_interfaces/__init__.py'...\n"}
[9.920251] (isaac_ros_tensor_list_interfaces) StdoutLine: {'line': b"Listing '/workspaces/isaac_ros-dev/install/isaac_ros_tensor_list_interfaces/local/lib/python3.10/dist-packages/isaac_ros_tensor_list_interfaces/msg'...\n"}
[9.920292] (isaac_ros_tensor_list_interfaces) StdoutLine: {'line': b"Compiling '/workspaces/isaac_ros-dev/install/isaac_ros_tensor_list_interfaces/local/lib/python3.10/dist-packages/isaac_ros_tensor_list_interfaces/msg/__init__.py'...\n"}
[9.920329] (isaac_ros_tensor_list_interfaces) StdoutLine: {'line': b"Compiling '/workspaces/isaac_ros-dev/install/isaac_ros_tensor_list_interfaces/local/lib/python3.10/dist-packages/isaac_ros_tensor_list_interfaces/msg/_tensor.py'...\n"}
[9.920370] (isaac_ros_tensor_list_interfaces) StdoutLine: {'line': b"Compiling '/workspaces/isaac_ros-dev/install/isaac_ros_tensor_list_interfaces/local/lib/python3.10/dist-packages/isaac_ros_tensor_list_interfaces/msg/_tensor_list.py'...\n"}
[9.920408] (isaac_ros_tensor_list_interfaces) StdoutLine: {'line': b"Compiling '/workspaces/isaac_ros-dev/install/isaac_ros_tensor_list_interfaces/local/lib/python3.10/dist-packages/isaac_ros_tensor_list_interfaces/msg/_tensor_shape.py'...\n"}
[9.924226] (isaac_ros_tensor_list_interfaces) StdoutLine: {'line': b'-- Installing: /workspaces/isaac_ros-dev/install/isaac_ros_tensor_list_interfaces/lib/libisaac_ros_tensor_list_interfaces__rosidl_generator_py.so\n'}
[9.924570] (isaac_ros_tensor_list_interfaces) StdoutLine: {'line': b'-- Set runtime path of "/workspaces/isaac_ros-dev/install/isaac_ros_tensor_list_interfaces/lib/libisaac_ros_tensor_list_interfaces__rosidl_generator_py.so" to ""\n'}
[9.924741] (isaac_ros_tensor_list_interfaces) StdoutLine: {'line': b'-- Installing: /workspaces/isaac_ros-dev/install/isaac_ros_tensor_list_interfaces/share/isaac_ros_tensor_list_interfaces/cmake/export_isaac_ros_tensor_list_interfaces__rosidl_generator_cExport.cmake\n'}
[9.924908] (isaac_ros_tensor_list_interfaces) StdoutLine: {'line': b'-- Installing: /workspaces/isaac_ros-dev/install/isaac_ros_tensor_list_interfaces/share/isaac_ros_tensor_list_interfaces/cmake/export_isaac_ros_tensor_list_interfaces__rosidl_generator_cExport-release.cmake\n'}
[9.925006] (isaac_ros_tensor_list_interfaces) StdoutLine: {'line': b'-- Installing: /workspaces/isaac_ros-dev/install/isaac_ros_tensor_list_interfaces/share/isaac_ros_tensor_list_interfaces/cmake/export_isaac_ros_tensor_list_interfaces__rosidl_typesupport_fastrtps_cExport.cmake\n'}
[9.925096] (isaac_ros_tensor_list_interfaces) StdoutLine: {'line': b'-- Installing: /workspaces/isaac_ros-dev/install/isaac_ros_tensor_list_interfaces/share/isaac_ros_tensor_list_interfaces/cmake/export_isaac_ros_tensor_list_interfaces__rosidl_typesupport_fastrtps_cExport-release.cmake\n'}
[9.925244] (isaac_ros_tensor_list_interfaces) StdoutLine: {'line': b'-- Installing: /workspaces/isaac_ros-dev/install/isaac_ros_tensor_list_interfaces/share/isaac_ros_tensor_list_interfaces/cmake/isaac_ros_tensor_list_interfaces__rosidl_typesupport_introspection_cExport.cmake\n'}
[9.925541] (isaac_ros_tensor_list_interfaces) StdoutLine: {'line': b'-- Installing: /workspaces/isaac_ros-dev/install/isaac_ros_tensor_list_interfaces/share/isaac_ros_tensor_list_interfaces/cmake/isaac_ros_tensor_list_interfaces__rosidl_typesupport_introspection_cExport-release.cmake\n'}
[9.925716] (isaac_ros_tensor_list_interfaces) StdoutLine: {'line': b'-- Installing: /workspaces/isaac_ros-dev/install/isaac_ros_tensor_list_interfaces/share/isaac_ros_tensor_list_interfaces/cmake/isaac_ros_tensor_list_interfaces__rosidl_typesupport_cExport.cmake\n'}
[9.925788] (isaac_ros_tensor_list_interfaces) StdoutLine: {'line': b'-- Installing: /workspaces/isaac_ros-dev/install/isaac_ros_tensor_list_interfaces/share/isaac_ros_tensor_list_interfaces/cmake/isaac_ros_tensor_list_interfaces__rosidl_typesupport_cExport-release.cmake\n'}
[9.925856] (isaac_ros_tensor_list_interfaces) StdoutLine: {'line': b'-- Installing: /workspaces/isaac_ros-dev/install/isaac_ros_tensor_list_interfaces/share/isaac_ros_tensor_list_interfaces/cmake/export_isaac_ros_tensor_list_interfaces__rosidl_generator_cppExport.cmake\n'}
[9.925925] (isaac_ros_tensor_list_interfaces) StdoutLine: {'line': b'-- Installing: /workspaces/isaac_ros-dev/install/isaac_ros_tensor_list_interfaces/share/isaac_ros_tensor_list_interfaces/cmake/export_isaac_ros_tensor_list_interfaces__rosidl_typesupport_fastrtps_cppExport.cmake\n'}
[9.925987] (isaac_ros_tensor_list_interfaces) StdoutLine: {'line': b'-- Installing: /workspaces/isaac_ros-dev/install/isaac_ros_tensor_list_interfaces/share/isaac_ros_tensor_list_interfaces/cmake/export_isaac_ros_tensor_list_interfaces__rosidl_typesupport_fastrtps_cppExport-release.cmake\n'}
[9.926052] (isaac_ros_tensor_list_interfaces) StdoutLine: {'line': b'-- Installing: /workspaces/isaac_ros-dev/install/isaac_ros_tensor_list_interfaces/share/isaac_ros_tensor_list_interfaces/cmake/isaac_ros_tensor_list_interfaces__rosidl_typesupport_introspection_cppExport.cmake\n'}
[9.926096] (isaac_ros_tensor_list_interfaces) StdoutLine: {'line': b'-- Installing: /workspaces/isaac_ros-dev/install/isaac_ros_tensor_list_interfaces/share/isaac_ros_tensor_list_interfaces/cmake/isaac_ros_tensor_list_interfaces__rosidl_typesupport_introspection_cppExport-release.cmake\n'}
[9.926183] (isaac_ros_tensor_list_interfaces) StdoutLine: {'line': b'-- Installing: /workspaces/isaac_ros-dev/install/isaac_ros_tensor_list_interfaces/share/isaac_ros_tensor_list_interfaces/cmake/isaac_ros_tensor_list_interfaces__rosidl_typesupport_cppExport.cmake\n'}
[9.926310] (isaac_ros_tensor_list_interfaces) StdoutLine: {'line': b'-- Installing: /workspaces/isaac_ros-dev/install/isaac_ros_tensor_list_interfaces/share/isaac_ros_tensor_list_interfaces/cmake/isaac_ros_tensor_list_interfaces__rosidl_typesupport_cppExport-release.cmake\n'}
[9.926367] (isaac_ros_tensor_list_interfaces) StdoutLine: {'line': b'-- Installing: /workspaces/isaac_ros-dev/install/isaac_ros_tensor_list_interfaces/share/isaac_ros_tensor_list_interfaces/cmake/export_isaac_ros_tensor_list_interfaces__rosidl_generator_pyExport.cmake\n'}
[9.926417] (isaac_ros_tensor_list_interfaces) StdoutLine: {'line': b'-- Installing: /workspaces/isaac_ros-dev/install/isaac_ros_tensor_list_interfaces/share/isaac_ros_tensor_list_interfaces/cmake/export_isaac_ros_tensor_list_interfaces__rosidl_generator_pyExport-release.cmake\n'}
[9.928464] (isaac_ros_tensor_list_interfaces) CommandEnded: {'returncode': 0}
[9.939935] (isaac_ros_tensor_list_interfaces) JobEnded: {'identifier': 'isaac_ros_tensor_list_interfaces', 'rc': 0}
[10.017225] (-) TimerEvent: {}
[10.117612] (-) TimerEvent: {}
[10.217970] (-) TimerEvent: {}
[10.318272] (-) TimerEvent: {}
[10.418565] (-) TimerEvent: {}
[10.518869] (-) TimerEvent: {}
[10.619284] (-) TimerEvent: {}
[10.719683] (-) TimerEvent: {}
[10.819973] (-) TimerEvent: {}
[10.920411] (-) TimerEvent: {}
[11.020815] (-) TimerEvent: {}
[11.121177] (-) TimerEvent: {}
[11.221555] (-) TimerEvent: {}
[11.310088] (isaac_ros_gxf) StdoutLine: {'line': b'[100%] Built target generate_version_info_target_isaac_ros_gxf\n'}
[11.321685] (-) TimerEvent: {}
[11.324457] (isaac_ros_gxf) CommandEnded: {'returncode': 0}
[11.325264] (isaac_ros_gxf) JobProgress: {'identifier': 'isaac_ros_gxf', 'progress': 'install'}
[11.325490] (isaac_ros_gxf) Command: {'cmd': ['/usr/bin/cmake', '--install', '/workspaces/isaac_ros-dev/build/isaac_ros_gxf'], 'cwd': '/workspaces/isaac_ros-dev/build/isaac_ros_gxf', 'env': OrderedDict([('DALI_BUILD', '16741769'), ('LIBRARY_PATH', '/usr/local/cuda/lib64/stubs:'), ('NVIDIA_CTK_LIBCUDA_DIR', '/usr/lib/x86_64-linux-gnu/nvidia/current'), ('PYTHONWARNINGS', 'ignore:::setuptools.command.install,ignore:::setuptools.command.easy_install,ignore:::pkg_resources,ignore:::setuptools.command.develop'), ('USER', 'diego'), ('TRT_INC_PATH', '/usr/include/x86_64-linux-gnu'), ('TF_ADJUST_SATURATION_FUSED', '1'), ('CUSOLVER_VERSION', '11.6.4.38'), ('HOSTNAME', 'debian'), ('CUTENSOR_VERSION', '2.0.2.5'), ('SHLVL', '1'), ('LD_LIBRARY_PATH', '/workspaces/isaac_ros-dev/install/isaac_ros_common/lib:/opt/ros/humble/opt/openvdb_vendor/lib:/opt/ros/humble/opt/rviz_ogre_vendor/lib:/opt/ros/humble/lib/x86_64-linux-gnu:/opt/ros/humble/lib:/usr/local/libcudss-linux-0.3.0.9_cuda12-archive/lib:/opt/hpcx/ucc/lib/:/opt/hpcx/ucx/lib/:/usr/local/cuda/compat/lib:/usr/local/nvidia/lib:/usr/local/nvidia/lib64:/opt/tritonserver/lib'), ('HOME', '/home/admin'), ('NVIDIA_TRITON_SERVER_VERSION', '24.08'), ('OLDPWD', '/workspaces/isaac_ros-dev'), ('HOST_USER_GID', '1000'), ('CUDA_CACHE_DISABLE', '1'), ('ROS_PYTHON_VERSION', '3'), ('MODEL_OPT_VERSION', '0.15.0'), ('ENV', '/etc/shinit_v2'), ('RDMACORE_VERSION', '39.0'), ('NVJPEG_VERSION', '12.3.3.23'), ('NVIDIA_BUILD_ID', '107631419'), ('CUDA_VERSION', '12.6.0.022'), ('TCMALLOC_RELEASE_RATE', '200'), ('CUBLAS_VERSION', '12.6.0.22'), ('NSIGHT_SYSTEMS_VERSION', '2024.4.2.133'), ('COLCON_PREFIX_PATH', '/workspaces/isaac_ros-dev/install'), ('CUDA_VISIBLE_DEVICES', '0'), ('ROS_DISTRO', 'humble'), ('OPAL_PREFIX', '/opt/hpcx/ompi'), ('NVIDIA_REQUIRE_CUDA', 'cuda>=9.0'), ('TRT_VERSION', '10.3.0.26+cuda12.5.1.007'), ('GDRCOPY_VERSION', '2.3.1-1'), ('_', '/usr/bin/colcon'), ('ROS_VERSION', '2'), ('NVIDIA_DRIVER_CAPABILITIES', 'compute,utility,graphics'), ('POLYGRAPHY_VERSION', '0.49.13'), ('CURAND_VERSION', '10.3.7.37'), ('MOFED_VERSION', '5.4-rdmacore39.0'), ('USERNAME', 'admin'), ('TERM', 'xterm'), ('ISAAC_ROS_WS', '/workspaces/isaac_ros-dev'), ('ROS_LOCALHOST_ONLY', '0'), ('TRANSFORMER_ENGINE_VERSION', '1.9'), ('PATH', '/workspaces/isaac_ros-dev/install/isaac_ros_common/bin:/opt/ros/humble/bin:/opt/ros/humble/vcstool/scripts:/opt/tritonserver/bin:/usr/local/mpi/bin:/usr/local/nvidia/bin:/usr/local/cuda/bin:/usr/local/sbin:/usr/local/bin:/usr/sbin:/usr/bin:/sbin:/bin:/usr/local/ucx/bin'), ('HOST_USER_UID', '1000'), ('CUDSS_DIR', '/usr/local/libcudss-linux-0.3.0.9_cuda12-archive'), ('CUDA_DRIVER_VERSION', '560.35.03'), ('_CUDA_COMPAT_STATUS', 'Unknown error (CUDA_ERROR_UNKNOWN) cuInit()=999'), ('DISPLAY', ':1'), ('NVIDIA_PRODUCT_NAME', 'Triton Server'), ('LANG', 'en_US.UTF-8'), ('RMW_IMPLEMENTATION', 'rmw_fastrtps_cpp'), ('NPP_VERSION', '12.3.1.23'), ('ROS_ROOT', '/opt/ros/humble'), ('UCX_MEM_EVENTS', 'no'), ('CUFFT_VERSION', '11.2.6.28'), ('SSH_AUTH_SOCK', '/ssh-agent'), ('TF_ENABLE_WINOGRAD_NONFUSED', '1'), ('AMENT_PREFIX_PATH', '/workspaces/isaac_ros-dev/install/isaac_ros_test:/workspaces/isaac_ros-dev/install/isaac_ros_launch_utils:/workspaces/isaac_ros-dev/install/isaac_ros_common:/workspaces/isaac_ros-dev/install/isaac_common_py:/opt/ros/humble'), ('CUDNN_VERSION', '9.3.0.75'), ('NSIGHT_COMPUTE_VERSION', '2024.3.0.15'), ('DALI_VERSION', '1.40.0'), ('DEBIAN_FRONTEND', 'noninteractive'), ('SHELL', '/bin/bash'), ('DCGM_VERSION', '3.2.6'), ('CUDNN_FRONTEND_VERSION', '1.5.2'), ('OPENMPI_VERSION', '4.1.7'), ('TRTOSS_VERSION', '24.08'), ('OMPI_MCA_coll_hcoll_enable', '0'), ('CUSPARSE_VERSION', '12.5.2.23'), ('NVIDIA_REQUIRE_JETPACK_HOST_MOUNTS', ''), ('TRITON_SERVER_GPU_ENABLED', '1'), ('TRITON_SERVER_VERSION', '2.49.0'), ('BASH_ENV', '/etc/bash.bashrc'), ('PWD', '/workspaces/isaac_ros-dev/build/isaac_ros_gxf'), ('CUSPARSELT_VERSION', '0.6.2.3'), ('PYTHONPATH', '/workspaces/isaac_ros-dev/build/isaac_ros_test:/workspaces/isaac_ros-dev/install/isaac_ros_test/lib/python3.10/site-packages:/workspaces/isaac_ros-dev/build/isaac_ros_launch_utils:/workspaces/isaac_ros-dev/install/isaac_ros_launch_utils/lib/python3.10/site-packages:/workspaces/isaac_ros-dev/install/isaac_ros_common/local/lib/python3.10/dist-packages:/workspaces/isaac_ros-dev/build/isaac_common_py:/workspaces/isaac_ros-dev/install/isaac_common_py/lib/python3.10/site-packages:/opt/ros/humble/lib/python3.10/site-packages:/opt/ros/humble/local/lib/python3.10/dist-packages:/opt/ros/humble/vcstool:/opt/tritonserver/backends/dali/wheel/dali:'), ('_CUDA_COMPAT_PATH', '/usr/local/cuda/compat'), ('TRITON_SERVER_USER', 'triton-server'), ('TF_ADJUST_HUE_FUSED', '1'), ('NVIDIA_VISIBLE_DEVICES', 'void'), ('NCCL_VERSION', '2.22.3'), ('COLCON', '1'), ('OPENUCX_VERSION', '1.17.0'), ('HPCX_VERSION', '2.19'), ('CMAKE_PREFIX_PATH', '/workspaces/isaac_ros-dev/install/isaac_ros_common:/usr/local/libcudss-linux-0.3.0.9_cuda12-archive:/workspaces/isaac_ros-dev/install/isaac_ros_test:/workspaces/isaac_ros-dev/install/isaac_ros_launch_utils:/workspaces/isaac_ros-dev/install/isaac_common_py:/opt/ros/humble'), ('TF_AUTOTUNE_THRESHOLD', '2'), ('TRT_LIB_PATH', '/usr/lib/x86_64-linux-gnu')]), 'shell': False}
[11.336896] (isaac_ros_gxf) StdoutLine: {'line': b'-- Install configuration: "Release"\n'}
[11.337458] (isaac_ros_gxf) StdoutLine: {'line': b'-- Execute custom install script\n'}
[11.339621] (isaac_ros_gxf) StdoutLine: {'line': b'-- Symlinking: /workspaces/isaac_ros-dev/install/isaac_ros_gxf/share/isaac_ros_gxf/gxf/include//common/assert.hpp\n'}
[11.348385] (isaac_ros_gxf) StdoutLine: {'line': b'-- Symlinking: /workspaces/isaac_ros-dev/install/isaac_ros_gxf/share/isaac_ros_gxf/gxf/include//common/backtrace.hpp\n'}
[11.357282] (isaac_ros_gxf) StdoutLine: {'line': b'-- Symlinking: /workspaces/isaac_ros-dev/install/isaac_ros_gxf/share/isaac_ros_gxf/gxf/include//common/byte.hpp\n'}
[11.368606] (isaac_ros_gxf) StdoutLine: {'line': b'-- Symlinking: /workspaces/isaac_ros-dev/install/isaac_ros_gxf/share/isaac_ros_gxf/gxf/include//common/endian.hpp\n'}
[11.379845] (isaac_ros_gxf) StdoutLine: {'line': b'-- Symlinking: /workspaces/isaac_ros-dev/install/isaac_ros_gxf/share/isaac_ros_gxf/gxf/include//common/expected.hpp\n'}
[11.390931] (isaac_ros_gxf) StdoutLine: {'line': b'-- Symlinking: /workspaces/isaac_ros-dev/install/isaac_ros_gxf/share/isaac_ros_gxf/gxf/include//common/fixed_map.hpp\n'}
[11.400980] (isaac_ros_gxf) StdoutLine: {'line': b'-- Symlinking: /workspaces/isaac_ros-dev/install/isaac_ros_gxf/share/isaac_ros_gxf/gxf/include//common/fixed_string.hpp\n'}
[11.408692] (isaac_ros_gxf) StdoutLine: {'line': b'-- Symlinking: /workspaces/isaac_ros-dev/install/isaac_ros_gxf/share/isaac_ros_gxf/gxf/include//common/fixed_vector.hpp\n'}
[11.421835] (-) TimerEvent: {}
[11.423968] (isaac_ros_gxf) StdoutLine: {'line': b'-- Symlinking: /workspaces/isaac_ros-dev/install/isaac_ros_gxf/share/isaac_ros_gxf/gxf/include//common/iterator.hpp\n'}
[11.440200] (isaac_ros_gxf) StdoutLine: {'line': b'-- Symlinking: /workspaces/isaac_ros-dev/install/isaac_ros_gxf/share/isaac_ros_gxf/gxf/include//common/logger.hpp\n'}
[11.450160] (isaac_ros_gxf) StdoutLine: {'line': b'-- Symlinking: /workspaces/isaac_ros-dev/install/isaac_ros_gxf/share/isaac_ros_gxf/gxf/include//common/memory_utils.hpp\n'}
[11.459665] (isaac_ros_gxf) StdoutLine: {'line': b'-- Symlinking: /workspaces/isaac_ros-dev/install/isaac_ros_gxf/share/isaac_ros_gxf/gxf/include//common/nvtx_helper.hpp\n'}
[11.468945] (isaac_ros_gxf) StdoutLine: {'line': b'-- Symlinking: /workspaces/isaac_ros-dev/install/isaac_ros_gxf/share/isaac_ros_gxf/gxf/include//common/singleton.hpp\n'}
[11.477202] (isaac_ros_gxf) StdoutLine: {'line': b'-- Symlinking: /workspaces/isaac_ros-dev/install/isaac_ros_gxf/share/isaac_ros_gxf/gxf/include//common/span.hpp\n'}
[11.489582] (isaac_ros_gxf) StdoutLine: {'line': b'-- Symlinking: /workspaces/isaac_ros-dev/install/isaac_ros_gxf/share/isaac_ros_gxf/gxf/include//common/strong_type.hpp\n'}
[11.504461] (isaac_ros_gxf) StdoutLine: {'line': b'-- Symlinking: /workspaces/isaac_ros-dev/install/isaac_ros_gxf/share/isaac_ros_gxf/gxf/include//common/type_name.hpp\n'}
[11.520255] (isaac_ros_gxf) StdoutLine: {'line': b'-- Symlinking: /workspaces/isaac_ros-dev/install/isaac_ros_gxf/share/isaac_ros_gxf/gxf/include//common/type_name_gnuc.hpp\n'}
[11.521931] (-) TimerEvent: {}
[11.535626] (isaac_ros_gxf) StdoutLine: {'line': b'-- Symlinking: /workspaces/isaac_ros-dev/install/isaac_ros_gxf/share/isaac_ros_gxf/gxf/include//common/type_utils.hpp\n'}
[11.552702] (isaac_ros_gxf) StdoutLine: {'line': b'-- Symlinking: /workspaces/isaac_ros-dev/install/isaac_ros_gxf/share/isaac_ros_gxf/gxf/include//common/unique_index_map.hpp\n'}
[11.570341] (isaac_ros_gxf) StdoutLine: {'line': b'-- Symlinking: /workspaces/isaac_ros-dev/install/isaac_ros_gxf/share/isaac_ros_gxf/gxf/include//common/yaml_parser.hpp\n'}
[11.582027] (isaac_ros_gxf) StdoutLine: {'line': b'-- Symlinking: /workspaces/isaac_ros-dev/install/isaac_ros_gxf/share/isaac_ros_gxf/gxf/include//dlpack/dlpack.h\n'}
[11.592925] (isaac_ros_gxf) StdoutLine: {'line': b'-- Symlinking: /workspaces/isaac_ros-dev/install/isaac_ros_gxf/share/isaac_ros_gxf/gxf/include//gxf/app/application.hpp\n'}
[11.606986] (isaac_ros_gxf) StdoutLine: {'line': b'-- Symlinking: /workspaces/isaac_ros-dev/install/isaac_ros_gxf/share/isaac_ros_gxf/gxf/include//gxf/app/arg.hpp\n'}
[11.615641] (isaac_ros_gxf) StdoutLine: {'line': b'-- Symlinking: /workspaces/isaac_ros-dev/install/isaac_ros_gxf/share/isaac_ros_gxf/gxf/include//gxf/app/arg_parse.hpp\n'}
[11.622090] (-) TimerEvent: {}
[11.628409] (isaac_ros_gxf) StdoutLine: {'line': b'-- Symlinking: /workspaces/isaac_ros-dev/install/isaac_ros_gxf/share/isaac_ros_gxf/gxf/include//gxf/app/config_parser.hpp\n'}
[11.642508] (isaac_ros_gxf) StdoutLine: {'line': b'-- Symlinking: /workspaces/isaac_ros-dev/install/isaac_ros_gxf/share/isaac_ros_gxf/gxf/include//gxf/app/driver.hpp\n'}
[11.661949] (isaac_ros_gxf) StdoutLine: {'line': b'-- Symlinking: /workspaces/isaac_ros-dev/install/isaac_ros_gxf/share/isaac_ros_gxf/gxf/include//gxf/app/entity_group.hpp\n'}
[11.675671] (isaac_ros_gxf) StdoutLine: {'line': b'-- Symlinking: /workspaces/isaac_ros-dev/install/isaac_ros_gxf/share/isaac_ros_gxf/gxf/include//gxf/app/extension_manager.hpp\n'}
[11.685249] (isaac_ros_gxf) StdoutLine: {'line': b'-- Symlinking: /workspaces/isaac_ros-dev/install/isaac_ros_gxf/share/isaac_ros_gxf/gxf/include//gxf/app/graph_entity.hpp\n'}
[11.694994] (isaac_ros_gxf) StdoutLine: {'line': b'-- Symlinking: /workspaces/isaac_ros-dev/install/isaac_ros_gxf/share/isaac_ros_gxf/gxf/include//gxf/app/graph_utils.hpp\n'}
[11.703927] (isaac_ros_gxf) StdoutLine: {'line': b'-- Symlinking: /workspaces/isaac_ros-dev/install/isaac_ros_gxf/share/isaac_ros_gxf/gxf/include//gxf/app/proxy_component.hpp\n'}
[11.715375] (isaac_ros_gxf) StdoutLine: {'line': b'-- Symlinking: /workspaces/isaac_ros-dev/install/isaac_ros_gxf/share/isaac_ros_gxf/gxf/include//gxf/app/segment.hpp\n'}
[11.722207] (-) TimerEvent: {}
[11.729043] (isaac_ros_gxf) StdoutLine: {'line': b'-- Symlinking: /workspaces/isaac_ros-dev/install/isaac_ros_gxf/share/isaac_ros_gxf/gxf/include//gxf/app/worker.hpp\n'}
[11.740068] (isaac_ros_gxf) StdoutLine: {'line': b'-- Symlinking: /workspaces/isaac_ros-dev/install/isaac_ros_gxf/share/isaac_ros_gxf/gxf/include//gxf/behavior_tree/constant_behavior.hpp\n'}
[11.752365] (isaac_ros_gxf) StdoutLine: {'line': b'-- Symlinking: /workspaces/isaac_ros-dev/install/isaac_ros_gxf/share/isaac_ros_gxf/gxf/include//gxf/behavior_tree/entity_count_failure_repeat_controller.hpp\n'}
[11.760650] (isaac_ros_gxf) StdoutLine: {'line': b'-- Symlinking: /workspaces/isaac_ros-dev/install/isaac_ros_gxf/share/isaac_ros_gxf/gxf/include//gxf/behavior_tree/parallel_behavior.hpp\n'}
[11.769691] (isaac_ros_gxf) StdoutLine: {'line': b'-- Symlinking: /workspaces/isaac_ros-dev/install/isaac_ros_gxf/share/isaac_ros_gxf/gxf/include//gxf/behavior_tree/repeat_behavior.hpp\n'}
[11.778293] (isaac_ros_gxf) StdoutLine: {'line': b'-- Symlinking: /workspaces/isaac_ros-dev/install/isaac_ros_gxf/share/isaac_ros_gxf/gxf/include//gxf/behavior_tree/selector_behavior.hpp\n'}
[11.788955] (isaac_ros_gxf) StdoutLine: {'line': b'-- Symlinking: /workspaces/isaac_ros-dev/install/isaac_ros_gxf/share/isaac_ros_gxf/gxf/include//gxf/behavior_tree/sequence_behavior.hpp\n'}
[11.795691] (isaac_ros_gxf) StdoutLine: {'line': b'-- Symlinking: /workspaces/isaac_ros-dev/install/isaac_ros_gxf/share/isaac_ros_gxf/gxf/include//gxf/behavior_tree/switch_behavior.hpp\n'}
[11.802706] (isaac_ros_gxf) StdoutLine: {'line': b'-- Symlinking: /workspaces/isaac_ros-dev/install/isaac_ros_gxf/share/isaac_ros_gxf/gxf/include//gxf/behavior_tree/timer_behavior.hpp\n'}
[11.810252] (isaac_ros_gxf) StdoutLine: {'line': b'-- Symlinking: /workspaces/isaac_ros-dev/install/isaac_ros_gxf/share/isaac_ros_gxf/gxf/include//gxf/core/common_expected_macro.hpp\n'}
[11.817743] (isaac_ros_gxf) StdoutLine: {'line': b'-- Symlinking: /workspaces/isaac_ros-dev/install/isaac_ros_gxf/share/isaac_ros_gxf/gxf/include//gxf/core/component.hpp\n'}
[11.822322] (-) TimerEvent: {}
[11.824413] (isaac_ros_gxf) StdoutLine: {'line': b'-- Symlinking: /workspaces/isaac_ros-dev/install/isaac_ros_gxf/share/isaac_ros_gxf/gxf/include//gxf/core/entity.hpp\n'}
[11.831938] (isaac_ros_gxf) StdoutLine: {'line': b'-- Symlinking: /workspaces/isaac_ros-dev/install/isaac_ros_gxf/share/isaac_ros_gxf/gxf/include//gxf/core/expected.hpp\n'}
[11.838405] (isaac_ros_gxf) StdoutLine: {'line': b'-- Symlinking: /workspaces/isaac_ros-dev/install/isaac_ros_gxf/share/isaac_ros_gxf/gxf/include//gxf/core/expected_macro.hpp\n'}
[11.845134] (isaac_ros_gxf) StdoutLine: {'line': b'-- Symlinking: /workspaces/isaac_ros-dev/install/isaac_ros_gxf/share/isaac_ros_gxf/gxf/include//gxf/core/filepath.hpp\n'}
[11.852616] (isaac_ros_gxf) StdoutLine: {'line': b'-- Symlinking: /workspaces/isaac_ros-dev/install/isaac_ros_gxf/share/isaac_ros_gxf/gxf/include//gxf/core/gxf.h\n'}
[11.860753] (isaac_ros_gxf) StdoutLine: {'line': b'-- Symlinking: /workspaces/isaac_ros-dev/install/isaac_ros_gxf/share/isaac_ros_gxf/gxf/include//gxf/core/gxf_ext.h\n'}
[11.872876] (isaac_ros_gxf) StdoutLine: {'line': b'-- Symlinking: /workspaces/isaac_ros-dev/install/isaac_ros_gxf/share/isaac_ros_gxf/gxf/include//gxf/core/handle.hpp\n'}
[11.883253] (isaac_ros_gxf) StdoutLine: {'line': b'-- Symlinking: /workspaces/isaac_ros-dev/install/isaac_ros_gxf/share/isaac_ros_gxf/gxf/include//gxf/core/parameter.hpp\n'}
[11.892882] (isaac_ros_gxf) StdoutLine: {'line': b'-- Symlinking: /workspaces/isaac_ros-dev/install/isaac_ros_gxf/share/isaac_ros_gxf/gxf/include//gxf/core/parameter_parser.hpp\n'}
[11.899749] (isaac_ros_gxf) StdoutLine: {'line': b'-- Symlinking: /workspaces/isaac_ros-dev/install/isaac_ros_gxf/share/isaac_ros_gxf/gxf/include//gxf/core/parameter_parser_std.hpp\n'}
[11.905697] (isaac_ros_gxf) StdoutLine: {'line': b'-- Symlinking: /workspaces/isaac_ros-dev/install/isaac_ros_gxf/share/isaac_ros_gxf/gxf/include//gxf/core/parameter_registrar.hpp\n'}
[11.912658] (isaac_ros_gxf) StdoutLine: {'line': b'-- Symlinking: /workspaces/isaac_ros-dev/install/isaac_ros_gxf/share/isaac_ros_gxf/gxf/include//gxf/core/parameter_storage.hpp\n'}
[11.922402] (-) TimerEvent: {}
[11.923843] (isaac_ros_gxf) StdoutLine: {'line': b'-- Symlinking: /workspaces/isaac_ros-dev/install/isaac_ros_gxf/share/isaac_ros_gxf/gxf/include//gxf/core/parameter_wrapper.hpp\n'}
[11.936352] (isaac_ros_gxf) StdoutLine: {'line': b'-- Symlinking: /workspaces/isaac_ros-dev/install/isaac_ros_gxf/share/isaac_ros_gxf/gxf/include//gxf/core/registrar.hpp\n'}
[11.948701] (isaac_ros_gxf) StdoutLine: {'line': b'-- Symlinking: /workspaces/isaac_ros-dev/install/isaac_ros_gxf/share/isaac_ros_gxf/gxf/include//gxf/core/resource.hpp\n'}
[11.962880] (isaac_ros_gxf) StdoutLine: {'line': b'-- Symlinking: /workspaces/isaac_ros-dev/install/isaac_ros_gxf/share/isaac_ros_gxf/gxf/include//gxf/core/resource_manager.hpp\n'}
[11.982962] (isaac_ros_gxf) StdoutLine: {'line': b'-- Symlinking: /workspaces/isaac_ros-dev/install/isaac_ros_gxf/share/isaac_ros_gxf/gxf/include//gxf/core/resource_registrar.hpp\n'}
[11.993749] (isaac_ros_gxf) StdoutLine: {'line': b'-- Symlinking: /workspaces/isaac_ros-dev/install/isaac_ros_gxf/share/isaac_ros_gxf/gxf/include//gxf/core/type_registry.hpp\n'}
[12.002285] (isaac_ros_gxf) StdoutLine: {'line': b'-- Symlinking: /workspaces/isaac_ros-dev/install/isaac_ros_gxf/share/isaac_ros_gxf/gxf/include//gxf/cuda/cuda_allocator.hpp\n'}
[12.013642] (isaac_ros_gxf) StdoutLine: {'line': b'-- Symlinking: /workspaces/isaac_ros-dev/install/isaac_ros_gxf/share/isaac_ros_gxf/gxf/include//gxf/cuda/cuda_buffer.hpp\n'}
[12.022540] (-) TimerEvent: {}
[12.023743] (isaac_ros_gxf) StdoutLine: {'line': b'-- Symlinking: /workspaces/isaac_ros-dev/install/isaac_ros_gxf/share/isaac_ros_gxf/gxf/include//gxf/cuda/cuda_common.hpp\n'}
[12.035407] (isaac_ros_gxf) StdoutLine: {'line': b'-- Symlinking: /workspaces/isaac_ros-dev/install/isaac_ros_gxf/share/isaac_ros_gxf/gxf/include//gxf/cuda/cuda_event.hpp\n'}
[12.047916] (isaac_ros_gxf) StdoutLine: {'line': b'-- Symlinking: /workspaces/isaac_ros-dev/install/isaac_ros_gxf/share/isaac_ros_gxf/gxf/include//gxf/cuda/cuda_scheduling_terms.hpp\n'}
[12.060846] (isaac_ros_gxf) StdoutLine: {'line': b'-- Symlinking: /workspaces/isaac_ros-dev/install/isaac_ros_gxf/share/isaac_ros_gxf/gxf/include//gxf/cuda/cuda_stream.hpp\n'}
[12.079189] (isaac_ros_gxf) StdoutLine: {'line': b'-- Symlinking: /workspaces/isaac_ros-dev/install/isaac_ros_gxf/share/isaac_ros_gxf/gxf/include//gxf/cuda/cuda_stream_id.hpp\n'}
[12.102008] (isaac_ros_gxf) StdoutLine: {'line': b'-- Symlinking: /workspaces/isaac_ros-dev/install/isaac_ros_gxf/share/isaac_ros_gxf/gxf/include//gxf/cuda/cuda_stream_pool.hpp\n'}
[12.119411] (isaac_ros_gxf) StdoutLine: {'line': b'-- Symlinking: /workspaces/isaac_ros-dev/install/isaac_ros_gxf/share/isaac_ros_gxf/gxf/include//gxf/cuda/cuda_stream_sync.hpp\n'}
[12.122669] (-) TimerEvent: {}
[12.134235] (isaac_ros_gxf) StdoutLine: {'line': b'-- Symlinking: /workspaces/isaac_ros-dev/install/isaac_ros_gxf/share/isaac_ros_gxf/gxf/include//gxf/cuda/stream_ordered_allocator.hpp\n'}
[12.145649] (isaac_ros_gxf) StdoutLine: {'line': b'-- Symlinking: /workspaces/isaac_ros-dev/install/isaac_ros_gxf/share/isaac_ros_gxf/gxf/include//gxf/cuda/tests/convolution.h\n'}
[12.153620] (isaac_ros_gxf) StdoutLine: {'line': b'-- Symlinking: /workspaces/isaac_ros-dev/install/isaac_ros_gxf/share/isaac_ros_gxf/gxf/include//gxf/cuda/tests/test_cuda_helper.hpp\n'}
[12.164705] (isaac_ros_gxf) StdoutLine: {'line': b'-- Symlinking: /workspaces/isaac_ros-dev/install/isaac_ros_gxf/share/isaac_ros_gxf/gxf/include//gxf/ipc/grpc/grpc_client.hpp\n'}
[12.176271] (isaac_ros_gxf) StdoutLine: {'line': b'-- Symlinking: /workspaces/isaac_ros-dev/install/isaac_ros_gxf/share/isaac_ros_gxf/gxf/include//gxf/ipc/grpc/grpc_server.hpp\n'}
[12.185981] (isaac_ros_gxf) StdoutLine: {'line': b'-- Symlinking: /workspaces/isaac_ros-dev/install/isaac_ros_gxf/share/isaac_ros_gxf/gxf/include//gxf/ipc/http/http_client.hpp\n'}
[12.199048] (isaac_ros_gxf) StdoutLine: {'line': b'-- Symlinking: /workspaces/isaac_ros-dev/install/isaac_ros_gxf/share/isaac_ros_gxf/gxf/include//gxf/ipc/http/http_client_cpprest_impl.hpp\n'}
[12.211029] (isaac_ros_gxf) StdoutLine: {'line': b'-- Symlinking: /workspaces/isaac_ros-dev/install/isaac_ros_gxf/share/isaac_ros_gxf/gxf/include//gxf/ipc/http/http_ipc_client.hpp\n'}
[12.222791] (-) TimerEvent: {}
[12.225683] (isaac_ros_gxf) StdoutLine: {'line': b'-- Symlinking: /workspaces/isaac_ros-dev/install/isaac_ros_gxf/share/isaac_ros_gxf/gxf/include//gxf/ipc/http/http_server.hpp\n'}
[12.234920] (isaac_ros_gxf) StdoutLine: {'line': b'-- Symlinking: /workspaces/isaac_ros-dev/install/isaac_ros_gxf/share/isaac_ros_gxf/gxf/include//gxf/logger/gxf_logger.hpp\n'}
[12.241974] (isaac_ros_gxf) StdoutLine: {'line': b'-- Symlinking: /workspaces/isaac_ros-dev/install/isaac_ros_gxf/share/isaac_ros_gxf/gxf/include//gxf/logger/logger.hpp\n'}
[12.248112] (isaac_ros_gxf) StdoutLine: {'line': b'-- Symlinking: /workspaces/isaac_ros-dev/install/isaac_ros_gxf/share/isaac_ros_gxf/gxf/include//gxf/multimedia/audio.hpp\n'}
[12.256171] (isaac_ros_gxf) StdoutLine: {'line': b'-- Symlinking: /workspaces/isaac_ros-dev/install/isaac_ros_gxf/share/isaac_ros_gxf/gxf/include//gxf/multimedia/camera.hpp\n'}
[12.262816] (isaac_ros_gxf) StdoutLine: {'line': b'-- Symlinking: /workspaces/isaac_ros-dev/install/isaac_ros_gxf/share/isaac_ros_gxf/gxf/include//gxf/multimedia/video.hpp\n'}
[12.269479] (isaac_ros_gxf) StdoutLine: {'line': b'-- Symlinking: /workspaces/isaac_ros-dev/install/isaac_ros_gxf/share/isaac_ros_gxf/gxf/include//gxf/network/tcp_client.hpp\n'}
[12.289191] (isaac_ros_gxf) StdoutLine: {'line': b'-- Symlinking: /workspaces/isaac_ros-dev/install/isaac_ros_gxf/share/isaac_ros_gxf/gxf/include//gxf/network/tcp_client_socket.hpp\n'}
[12.311608] (isaac_ros_gxf) StdoutLine: {'line': b'-- Symlinking: /workspaces/isaac_ros-dev/install/isaac_ros_gxf/share/isaac_ros_gxf/gxf/include//gxf/network/tcp_codelet.hpp\n'}
[12.323003] (-) TimerEvent: {}
[12.331750] (isaac_ros_gxf) StdoutLine: {'line': b'-- Symlinking: /workspaces/isaac_ros-dev/install/isaac_ros_gxf/share/isaac_ros_gxf/gxf/include//gxf/network/tcp_server.hpp\n'}
[12.347397] (isaac_ros_gxf) StdoutLine: {'line': b'-- Symlinking: /workspaces/isaac_ros-dev/install/isaac_ros_gxf/share/isaac_ros_gxf/gxf/include//gxf/network/tcp_server_socket.hpp\n'}
[12.355917] (isaac_ros_gxf) StdoutLine: {'line': b'-- Symlinking: /workspaces/isaac_ros-dev/install/isaac_ros_gxf/share/isaac_ros_gxf/gxf/include//gxf/npp/nppi_mul_c.hpp\n'}
[12.367792] (isaac_ros_gxf) StdoutLine: {'line': b'-- Symlinking: /workspaces/isaac_ros-dev/install/isaac_ros_gxf/share/isaac_ros_gxf/gxf/include//gxf/npp/nppi_set.hpp\n'}
[12.375204] (isaac_ros_gxf) StdoutLine: {'line': b'-- Symlinking: /workspaces/isaac_ros-dev/install/isaac_ros_gxf/share/isaac_ros_gxf/gxf/include//gxf/rmm/rmm_allocator.hpp\n'}
[12.381509] (isaac_ros_gxf) StdoutLine: {'line': b'-- Symlinking: /workspaces/isaac_ros-dev/install/isaac_ros_gxf/share/isaac_ros_gxf/gxf/include//gxf/serialization/component_serializer.hpp\n'}
[12.390755] (isaac_ros_gxf) StdoutLine: {'line': b'-- Symlinking: /workspaces/isaac_ros-dev/install/isaac_ros_gxf/share/isaac_ros_gxf/gxf/include//gxf/serialization/endpoint.hpp\n'}
[12.399561] (isaac_ros_gxf) StdoutLine: {'line': b'-- Symlinking: /workspaces/isaac_ros-dev/install/isaac_ros_gxf/share/isaac_ros_gxf/gxf/include//gxf/serialization/entity_recorder.hpp\n'}
[12.415286] (isaac_ros_gxf) StdoutLine: {'line': b'-- Symlinking: /workspaces/isaac_ros-dev/install/isaac_ros_gxf/share/isaac_ros_gxf/gxf/include//gxf/serialization/entity_replayer.hpp\n'}
[12.423181] (-) TimerEvent: {}
[12.434736] (isaac_ros_gxf) StdoutLine: {'line': b'-- Symlinking: /workspaces/isaac_ros-dev/install/isaac_ros_gxf/share/isaac_ros_gxf/gxf/include//gxf/serialization/entity_serializer.hpp\n'}
[12.454288] (isaac_ros_gxf) StdoutLine: {'line': b'-- Symlinking: /workspaces/isaac_ros-dev/install/isaac_ros_gxf/share/isaac_ros_gxf/gxf/include//gxf/serialization/file.hpp\n'}
[12.464066] (isaac_ros_gxf) StdoutLine: {'line': b'-- Symlinking: /workspaces/isaac_ros-dev/install/isaac_ros_gxf/share/isaac_ros_gxf/gxf/include//gxf/serialization/file_stream.hpp\n'}
[12.470056] (isaac_ros_gxf) StdoutLine: {'line': b'-- Symlinking: /workspaces/isaac_ros-dev/install/isaac_ros_gxf/share/isaac_ros_gxf/gxf/include//gxf/serialization/serialization_buffer.hpp\n'}
[12.476632] (isaac_ros_gxf) StdoutLine: {'line': b'-- Symlinking: /workspaces/isaac_ros-dev/install/isaac_ros_gxf/share/isaac_ros_gxf/gxf/include//gxf/serialization/std_component_serializer.hpp\n'}
[12.482940] (isaac_ros_gxf) StdoutLine: {'line': b'-- Symlinking: /workspaces/isaac_ros-dev/install/isaac_ros_gxf/share/isaac_ros_gxf/gxf/include//gxf/serialization/std_entity_id_serializer.hpp\n'}
[12.489628] (isaac_ros_gxf) StdoutLine: {'line': b'-- Symlinking: /workspaces/isaac_ros-dev/install/isaac_ros_gxf/share/isaac_ros_gxf/gxf/include//gxf/serialization/std_entity_serializer.hpp\n'}
[12.496318] (isaac_ros_gxf) StdoutLine: {'line': b'-- Symlinking: /workspaces/isaac_ros-dev/install/isaac_ros_gxf/share/isaac_ros_gxf/gxf/include//gxf/serialization/tests/serialization_tester.hpp\n'}
[12.504237] (isaac_ros_gxf) StdoutLine: {'line': b'-- Symlinking: /workspaces/isaac_ros-dev/install/isaac_ros_gxf/share/isaac_ros_gxf/gxf/include//gxf/serialization/tid_hash.hpp\n'}
[12.514905] (isaac_ros_gxf) StdoutLine: {'line': b'-- Symlinking: /workspaces/isaac_ros-dev/install/isaac_ros_gxf/share/isaac_ros_gxf/gxf/include//gxf/std/allocator.hpp\n'}
[12.523274] (-) TimerEvent: {}
[12.524624] (isaac_ros_gxf) StdoutLine: {'line': b'-- Symlinking: /workspaces/isaac_ros-dev/install/isaac_ros_gxf/share/isaac_ros_gxf/gxf/include//gxf/std/async_buffer_receiver.hpp\n'}
[12.534511] (isaac_ros_gxf) StdoutLine: {'line': b'-- Symlinking: /workspaces/isaac_ros-dev/install/isaac_ros_gxf/share/isaac_ros_gxf/gxf/include//gxf/std/async_buffer_transmitter.hpp\n'}
[12.543359] (isaac_ros_gxf) StdoutLine: {'line': b'-- Symlinking: /workspaces/isaac_ros-dev/install/isaac_ros_gxf/share/isaac_ros_gxf/gxf/include//gxf/std/block_memory_pool.hpp\n'}
[12.551753] (isaac_ros_gxf) StdoutLine: {'line': b'-- Symlinking: /workspaces/isaac_ros-dev/install/isaac_ros_gxf/share/isaac_ros_gxf/gxf/include//gxf/std/clock.hpp\n'}
[12.558353] (isaac_ros_gxf) StdoutLine: {'line': b'-- Symlinking: /workspaces/isaac_ros-dev/install/isaac_ros_gxf/share/isaac_ros_gxf/gxf/include//gxf/std/codelet.hpp\n'}
[12.567450] (isaac_ros_gxf) StdoutLine: {'line': b'-- Symlinking: /workspaces/isaac_ros-dev/install/isaac_ros_gxf/share/isaac_ros_gxf/gxf/include//gxf/std/complex.hpp\n'}
[12.573968] (isaac_ros_gxf) StdoutLine: {'line': b'-- Symlinking: /workspaces/isaac_ros-dev/install/isaac_ros_gxf/share/isaac_ros_gxf/gxf/include//gxf/std/component_allocator.hpp\n'}
[12.580626] (isaac_ros_gxf) StdoutLine: {'line': b'-- Symlinking: /workspaces/isaac_ros-dev/install/isaac_ros_gxf/share/isaac_ros_gxf/gxf/include//gxf/std/component_factory.hpp\n'}
[12.590049] (isaac_ros_gxf) StdoutLine: {'line': b'-- Symlinking: /workspaces/isaac_ros-dev/install/isaac_ros_gxf/share/isaac_ros_gxf/gxf/include//gxf/std/controller.hpp\n'}
[12.599900] (isaac_ros_gxf) StdoutLine: {'line': b'-- Symlinking: /workspaces/isaac_ros-dev/install/isaac_ros_gxf/share/isaac_ros_gxf/gxf/include//gxf/std/cpu_thread.hpp\n'}
[12.609082] (isaac_ros_gxf) StdoutLine: {'line': b'-- Symlinking: /workspaces/isaac_ros-dev/install/isaac_ros_gxf/share/isaac_ros_gxf/gxf/include//gxf/std/default_extension.hpp\n'}
[12.619419] (isaac_ros_gxf) StdoutLine: {'line': b'-- Symlinking: /workspaces/isaac_ros-dev/install/isaac_ros_gxf/share/isaac_ros_gxf/gxf/include//gxf/std/dlpack_utils.hpp\n'}
[12.623394] (-) TimerEvent: {}
[12.630314] (isaac_ros_gxf) StdoutLine: {'line': b'-- Symlinking: /workspaces/isaac_ros-dev/install/isaac_ros_gxf/share/isaac_ros_gxf/gxf/include//gxf/std/double_buffer_receiver.hpp\n'}
[12.640859] (isaac_ros_gxf) StdoutLine: {'line': b'-- Symlinking: /workspaces/isaac_ros-dev/install/isaac_ros_gxf/share/isaac_ros_gxf/gxf/include//gxf/std/double_buffer_transmitter.hpp\n'}
[12.650233] (isaac_ros_gxf) StdoutLine: {'line': b'-- Symlinking: /workspaces/isaac_ros-dev/install/isaac_ros_gxf/share/isaac_ros_gxf/gxf/include//gxf/std/eos.hpp\n'}
[12.656798] (isaac_ros_gxf) StdoutLine: {'line': b'-- Symlinking: /workspaces/isaac_ros-dev/install/isaac_ros_gxf/share/isaac_ros_gxf/gxf/include//gxf/std/event_based_scheduler.hpp\n'}
[12.663039] (isaac_ros_gxf) StdoutLine: {'line': b'-- Symlinking: /workspaces/isaac_ros-dev/install/isaac_ros_gxf/share/isaac_ros_gxf/gxf/include//gxf/std/extension.hpp\n'}
[12.669841] (isaac_ros_gxf) StdoutLine: {'line': b'-- Symlinking: /workspaces/isaac_ros-dev/install/isaac_ros_gxf/share/isaac_ros_gxf/gxf/include//gxf/std/extension_factory_helper.hpp\n'}
[12.680187] (isaac_ros_gxf) StdoutLine: {'line': b'-- Symlinking: /workspaces/isaac_ros-dev/install/isaac_ros_gxf/share/isaac_ros_gxf/gxf/include//gxf/std/gems/event_list/event_list.hpp\n'}
[12.695550] (isaac_ros_gxf) StdoutLine: {'line': b'-- Symlinking: /workspaces/isaac_ros-dev/install/isaac_ros_gxf/share/isaac_ros_gxf/gxf/include//gxf/std/gems/event_list/unique_event_list.hpp\n'}
[12.704769] (isaac_ros_gxf) StdoutLine: {'line': b'-- Symlinking: /workspaces/isaac_ros-dev/install/isaac_ros_gxf/share/isaac_ros_gxf/gxf/include//gxf/std/gems/queue_thread/queue_thread.hpp\n'}
[12.713477] (isaac_ros_gxf) StdoutLine: {'line': b'-- Symlinking: /workspaces/isaac_ros-dev/install/isaac_ros_gxf/share/isaac_ros_gxf/gxf/include//gxf/std/gems/staging_queue/staging_queue.hpp\n'}
[12.723547] (-) TimerEvent: {}
[12.726800] (isaac_ros_gxf) StdoutLine: {'line': b'-- Symlinking: /workspaces/isaac_ros-dev/install/isaac_ros_gxf/share/isaac_ros_gxf/gxf/include//gxf/std/gems/staging_queue/staging_queue_iterator.hpp\n'}
[12.743812] (isaac_ros_gxf) StdoutLine: {'line': b'-- Symlinking: /workspaces/isaac_ros-dev/install/isaac_ros_gxf/share/isaac_ros_gxf/gxf/include//gxf/std/gems/suballocators/first_fit_allocator.hpp\n'}
[12.763365] (isaac_ros_gxf) StdoutLine: {'line': b'-- Symlinking: /workspaces/isaac_ros-dev/install/isaac_ros_gxf/share/isaac_ros_gxf/gxf/include//gxf/std/gems/suballocators/first_fit_allocator_base.hpp\n'}
[12.776796] (isaac_ros_gxf) StdoutLine: {'line': b'-- Symlinking: /workspaces/isaac_ros-dev/install/isaac_ros_gxf/share/isaac_ros_gxf/gxf/include//gxf/std/gems/timed_job_list/timed_job_list.hpp\n'}
[12.787820] (isaac_ros_gxf) StdoutLine: {'line': b'-- Symlinking: /workspaces/isaac_ros-dev/install/isaac_ros_gxf/share/isaac_ros_gxf/gxf/include//gxf/std/gems/utils/time.hpp\n'}
[12.799347] (isaac_ros_gxf) StdoutLine: {'line': b'-- Symlinking: /workspaces/isaac_ros-dev/install/isaac_ros_gxf/share/isaac_ros_gxf/gxf/include//gxf/std/gems/video_buffer/allocator.hpp\n'}
[12.810516] (isaac_ros_gxf) StdoutLine: {'line': b'-- Symlinking: /workspaces/isaac_ros-dev/install/isaac_ros_gxf/share/isaac_ros_gxf/gxf/include//gxf/std/graph_driver.hpp\n'}
[12.818268] (isaac_ros_gxf) StdoutLine: {'line': b'-- Symlinking: /workspaces/isaac_ros-dev/install/isaac_ros_gxf/share/isaac_ros_gxf/gxf/include//gxf/std/graph_driver_worker_common.hpp\n'}
[12.823651] (-) TimerEvent: {}
[12.825888] (isaac_ros_gxf) StdoutLine: {'line': b'-- Symlinking: /workspaces/isaac_ros-dev/install/isaac_ros_gxf/share/isaac_ros_gxf/gxf/include//gxf/std/graph_worker.hpp\n'}
[12.837309] (isaac_ros_gxf) StdoutLine: {'line': b'-- Symlinking: /workspaces/isaac_ros-dev/install/isaac_ros_gxf/share/isaac_ros_gxf/gxf/include//gxf/std/greedy_scheduler.hpp\n'}
[12.855162] (isaac_ros_gxf) StdoutLine: {'line': b'-- Symlinking: /workspaces/isaac_ros-dev/install/isaac_ros_gxf/share/isaac_ros_gxf/gxf/include//gxf/std/ipc_client.hpp\n'}
[12.874148] (isaac_ros_gxf) StdoutLine: {'line': b'-- Symlinking: /workspaces/isaac_ros-dev/install/isaac_ros_gxf/share/isaac_ros_gxf/gxf/include//gxf/std/ipc_server.hpp\n'}
[12.890496] (isaac_ros_gxf) StdoutLine: {'line': b'-- Symlinking: /workspaces/isaac_ros-dev/install/isaac_ros_gxf/share/isaac_ros_gxf/gxf/include//gxf/std/memory_buffer.hpp\n'}
[12.908685] (isaac_ros_gxf) StdoutLine: {'line': b'-- Symlinking: /workspaces/isaac_ros-dev/install/isaac_ros_gxf/share/isaac_ros_gxf/gxf/include//gxf/std/metric.hpp\n'}
[12.920297] (isaac_ros_gxf) StdoutLine: {'line': b'-- Symlinking: /workspaces/isaac_ros-dev/install/isaac_ros_gxf/share/isaac_ros_gxf/gxf/include//gxf/std/monitor.hpp\n'}
[12.923784] (-) TimerEvent: {}
[12.929024] (isaac_ros_gxf) StdoutLine: {'line': b'-- Symlinking: /workspaces/isaac_ros-dev/install/isaac_ros_gxf/share/isaac_ros_gxf/gxf/include//gxf/std/multi_thread_scheduler.hpp\n'}
[12.938361] (isaac_ros_gxf) StdoutLine: {'line': b'-- Symlinking: /workspaces/isaac_ros-dev/install/isaac_ros_gxf/share/isaac_ros_gxf/gxf/include//gxf/std/network_context.hpp\n'}
[12.946260] (isaac_ros_gxf) StdoutLine: {'line': b'-- Symlinking: /workspaces/isaac_ros-dev/install/isaac_ros_gxf/share/isaac_ros_gxf/gxf/include//gxf/std/new_component_allocator.hpp\n'}
[12.961484] (isaac_ros_gxf) StdoutLine: {'line': b'-- Symlinking: /workspaces/isaac_ros-dev/install/isaac_ros_gxf/share/isaac_ros_gxf/gxf/include//gxf/std/queue.hpp\n'}
[12.976257] (isaac_ros_gxf) StdoutLine: {'line': b'-- Symlinking: /workspaces/isaac_ros-dev/install/isaac_ros_gxf/share/isaac_ros_gxf/gxf/include//gxf/std/receiver.hpp\n'}
[12.987483] (isaac_ros_gxf) StdoutLine: {'line': b'-- Symlinking: /workspaces/isaac_ros-dev/install/isaac_ros_gxf/share/isaac_ros_gxf/gxf/include//gxf/std/resources.hpp\n'}
[13.001761] (isaac_ros_gxf) StdoutLine: {'line': b'-- Symlinking: /workspaces/isaac_ros-dev/install/isaac_ros_gxf/share/isaac_ros_gxf/gxf/include//gxf/std/scheduler.hpp\n'}
[13.011965] (isaac_ros_gxf) StdoutLine: {'line': b'-- Symlinking: /workspaces/isaac_ros-dev/install/isaac_ros_gxf/share/isaac_ros_gxf/gxf/include//gxf/std/scheduling_condition.hpp\n'}
[13.019543] (isaac_ros_gxf) StdoutLine: {'line': b'-- Symlinking: /workspaces/isaac_ros-dev/install/isaac_ros_gxf/share/isaac_ros_gxf/gxf/include//gxf/std/scheduling_term.hpp\n'}
[13.023894] (-) TimerEvent: {}
[13.028167] (isaac_ros_gxf) StdoutLine: {'line': b'-- Symlinking: /workspaces/isaac_ros-dev/install/isaac_ros_gxf/share/isaac_ros_gxf/gxf/include//gxf/std/scheduling_term_combiner.hpp\n'}
[13.038054] (isaac_ros_gxf) StdoutLine: {'line': b'-- Symlinking: /workspaces/isaac_ros-dev/install/isaac_ros_gxf/share/isaac_ros_gxf/gxf/include//gxf/std/scheduling_terms.hpp\n'}
[13.052571] (isaac_ros_gxf) StdoutLine: {'line': b'-- Symlinking: /workspaces/isaac_ros-dev/install/isaac_ros_gxf/share/isaac_ros_gxf/gxf/include//gxf/std/system.hpp\n'}
[13.066387] (isaac_ros_gxf) StdoutLine: {'line': b'-- Symlinking: /workspaces/isaac_ros-dev/install/isaac_ros_gxf/share/isaac_ros_gxf/gxf/include//gxf/std/tensor.hpp\n'}
[13.077600] (isaac_ros_gxf) StdoutLine: {'line': b'-- Symlinking: /workspaces/isaac_ros-dev/install/isaac_ros_gxf/share/isaac_ros_gxf/gxf/include//gxf/std/timestamp.hpp\n'}
[13.092391] (isaac_ros_gxf) StdoutLine: {'line': b'-- Symlinking: /workspaces/isaac_ros-dev/install/isaac_ros_gxf/share/isaac_ros_gxf/gxf/include//gxf/std/topic.hpp\n'}
[13.108915] (isaac_ros_gxf) StdoutLine: {'line': b'-- Symlinking: /workspaces/isaac_ros-dev/install/isaac_ros_gxf/share/isaac_ros_gxf/gxf/include//gxf/std/transmitter.hpp\n'}
[13.120839] (isaac_ros_gxf) StdoutLine: {'line': b'-- Symlinking: /workspaces/isaac_ros-dev/install/isaac_ros_gxf/share/isaac_ros_gxf/gxf/include//gxf/std/unbounded_allocator.hpp\n'}
[13.124049] (-) TimerEvent: {}
[13.127452] (isaac_ros_gxf) StdoutLine: {'line': b'-- Symlinking: /workspaces/isaac_ros-dev/install/isaac_ros_gxf/share/isaac_ros_gxf/gxf/include//gxf/std/vault.hpp\n'}
[13.133879] (isaac_ros_gxf) StdoutLine: {'line': b'-- Symlinking: /workspaces/isaac_ros-dev/install/isaac_ros_gxf/share/isaac_ros_gxf/gxf/include//gxf/std/yaml_file_loader.hpp\n'}
[13.139590] (isaac_ros_gxf) StdoutLine: {'line': b'-- Symlinking: /workspaces/isaac_ros-dev/install/isaac_ros_gxf/share/isaac_ros_gxf/gxf/include//gxf/stream/stream_nvsci.hpp\n'}
[13.145408] (isaac_ros_gxf) StdoutLine: {'line': b'-- Symlinking: /workspaces/isaac_ros-dev/install/isaac_ros_gxf/share/isaac_ros_gxf/gxf/include//gxf/stream/stream_nvscisync.hpp\n'}
[13.151186] (isaac_ros_gxf) StdoutLine: {'line': b'-- Symlinking: /workspaces/isaac_ros-dev/install/isaac_ros_gxf/share/isaac_ros_gxf/gxf/include//gxf/stream/stream_sync_id.hpp\n'}
[13.159086] (isaac_ros_gxf) StdoutLine: {'line': b'-- Symlinking: /workspaces/isaac_ros-dev/install/isaac_ros_gxf/share/isaac_ros_gxf/gxf/include//gxf/stream/tests/test_gxf_stream_sync_cuda_helper.hpp\n'}
[13.169747] (isaac_ros_gxf) StdoutLine: {'line': b'-- Symlinking: /workspaces/isaac_ros-dev/install/isaac_ros_gxf/share/isaac_ros_gxf/gxf/include//gxf/ucx/ucx_common.hpp\n'}
[13.182403] (isaac_ros_gxf) StdoutLine: {'line': b'-- Symlinking: /workspaces/isaac_ros-dev/install/isaac_ros_gxf/share/isaac_ros_gxf/gxf/include//gxf/ucx/ucx_component_serializer.hpp\n'}
[13.191893] (isaac_ros_gxf) StdoutLine: {'line': b'-- Symlinking: /workspaces/isaac_ros-dev/install/isaac_ros_gxf/share/isaac_ros_gxf/gxf/include//gxf/ucx/ucx_context.hpp\n'}
[13.201461] (isaac_ros_gxf) StdoutLine: {'line': b'-- Symlinking: /workspaces/isaac_ros-dev/install/isaac_ros_gxf/share/isaac_ros_gxf/gxf/include//gxf/ucx/ucx_entity_serializer.hpp\n'}
[13.211246] (isaac_ros_gxf) StdoutLine: {'line': b'-- Symlinking: /workspaces/isaac_ros-dev/install/isaac_ros_gxf/share/isaac_ros_gxf/gxf/include//gxf/ucx/ucx_receiver.hpp\n'}
[13.218028] (isaac_ros_gxf) StdoutLine: {'line': b'-- Symlinking: /workspaces/isaac_ros-dev/install/isaac_ros_gxf/share/isaac_ros_gxf/gxf/include//gxf/ucx/ucx_serialization_buffer.hpp\n'}
[13.224146] (-) TimerEvent: {}
[13.224827] (isaac_ros_gxf) StdoutLine: {'line': b'-- Symlinking: /workspaces/isaac_ros-dev/install/isaac_ros_gxf/share/isaac_ros_gxf/gxf/include//gxf/ucx/ucx_transmitter.hpp\n'}
[13.231466] (isaac_ros_gxf) StdoutLine: {'line': b'-- Symlinking: /workspaces/isaac_ros-dev/install/isaac_ros_gxf/share/isaac_ros_gxf/gxf/include//third_party/LICENSE.txt\n'}
[13.238697] (isaac_ros_gxf) StdoutLine: {'line': b'-- Symlinking: /workspaces/isaac_ros-dev/install/isaac_ros_gxf/share/isaac_ros_gxf/gxf/lib/behavior_tree/libgxf_behavior_tree.so\n'}
[13.247055] (isaac_ros_gxf) StdoutLine: {'line': b'-- Symlinking: /workspaces/isaac_ros-dev/install/isaac_ros_gxf/share/isaac_ros_gxf/gxf/lib/core/core_pybind.so\n'}
[13.254330] (isaac_ros_gxf) StdoutLine: {'line': b'-- Symlinking: /workspaces/isaac_ros-dev/install/isaac_ros_gxf/share/isaac_ros_gxf/gxf/lib/core/libgxf_core.so\n'}
[13.262088] (isaac_ros_gxf) StdoutLine: {'line': b'-- Symlinking: /workspaces/isaac_ros-dev/install/isaac_ros_gxf/share/isaac_ros_gxf/gxf/lib/cuda/cuda_pybind.so\n'}
[13.272802] (isaac_ros_gxf) StdoutLine: {'line': b'-- Symlinking: /workspaces/isaac_ros-dev/install/isaac_ros_gxf/share/isaac_ros_gxf/gxf/lib/cuda/libgxf_cuda.so\n'}
[13.285760] (isaac_ros_gxf) StdoutLine: {'line': b'-- Symlinking: /workspaces/isaac_ros-dev/install/isaac_ros_gxf/share/isaac_ros_gxf/gxf/lib/cuda/tests/libgxf_test_cuda.so\n'}
[13.298180] (isaac_ros_gxf) StdoutLine: {'line': b'-- Symlinking: /workspaces/isaac_ros-dev/install/isaac_ros_gxf/share/isaac_ros_gxf/gxf/lib/ipc/grpc/libgxf_grpc.so\n'}
[13.308429] (isaac_ros_gxf) StdoutLine: {'line': b'-- Symlinking: /workspaces/isaac_ros-dev/install/isaac_ros_gxf/share/isaac_ros_gxf/gxf/lib/ipc/http/libgxf_http.so\n'}
[13.324350] (-) TimerEvent: {}
[13.328525] (isaac_ros_gxf) StdoutLine: {'line': b'-- Symlinking: /workspaces/isaac_ros-dev/install/isaac_ros_gxf/share/isaac_ros_gxf/gxf/lib/logger/libgxf_logger.so\n'}
[13.349818] (isaac_ros_gxf) StdoutLine: {'line': b'-- Symlinking: /workspaces/isaac_ros-dev/install/isaac_ros_gxf/share/isaac_ros_gxf/gxf/lib/multimedia/libgxf_multimedia.so\n'}
[13.363809] (isaac_ros_gxf) StdoutLine: {'line': b'-- Symlinking: /workspaces/isaac_ros-dev/install/isaac_ros_gxf/share/isaac_ros_gxf/gxf/lib/network/libgxf_network.so\n'}
[13.373318] (isaac_ros_gxf) StdoutLine: {'line': b'-- Symlinking: /workspaces/isaac_ros-dev/install/isaac_ros_gxf/share/isaac_ros_gxf/gxf/lib/npp/libgxf_npp.so\n'}
[13.383224] (isaac_ros_gxf) StdoutLine: {'line': b'-- Symlinking: /workspaces/isaac_ros-dev/install/isaac_ros_gxf/share/isaac_ros_gxf/gxf/lib/python_codelet/libgxf_python_codelet.so\n'}
[13.393130] (isaac_ros_gxf) StdoutLine: {'line': b'-- Symlinking: /workspaces/isaac_ros-dev/install/isaac_ros_gxf/share/isaac_ros_gxf/gxf/lib/python_codelet/pycodelet.so\n'}
[13.402168] (isaac_ros_gxf) StdoutLine: {'line': b'-- Symlinking: /workspaces/isaac_ros-dev/install/isaac_ros_gxf/share/isaac_ros_gxf/gxf/lib/sample/libgxf_sample.so\n'}
[13.410217] (isaac_ros_gxf) StdoutLine: {'line': b'-- Symlinking: /workspaces/isaac_ros-dev/install/isaac_ros_gxf/share/isaac_ros_gxf/gxf/lib/serialization/libgxf_serialization.so\n'}
[13.424567] (-) TimerEvent: {}
[13.425875] (isaac_ros_gxf) StdoutLine: {'line': b'-- Symlinking: /workspaces/isaac_ros-dev/install/isaac_ros_gxf/share/isaac_ros_gxf/gxf/lib/std/allocator_pybind.so\n'}
[13.437762] (isaac_ros_gxf) StdoutLine: {'line': b'-- Symlinking: /workspaces/isaac_ros-dev/install/isaac_ros_gxf/share/isaac_ros_gxf/gxf/lib/std/clock_pybind.so\n'}
[13.451569] (isaac_ros_gxf) StdoutLine: {'line': b'-- Symlinking: /workspaces/isaac_ros-dev/install/isaac_ros_gxf/share/isaac_ros_gxf/gxf/lib/std/libgxf_std.so\n'}
[13.462264] (isaac_ros_gxf) StdoutLine: {'line': b'-- Symlinking: /workspaces/isaac_ros-dev/install/isaac_ros_gxf/share/isaac_ros_gxf/gxf/lib/std/receiver_pybind.so\n'}
[13.470036] (isaac_ros_gxf) StdoutLine: {'line': b'-- Symlinking: /workspaces/isaac_ros-dev/install/isaac_ros_gxf/share/isaac_ros_gxf/gxf/lib/std/tensor_pybind.so\n'}
[13.478635] (isaac_ros_gxf) StdoutLine: {'line': b'-- Symlinking: /workspaces/isaac_ros-dev/install/isaac_ros_gxf/share/isaac_ros_gxf/gxf/lib/std/timestamp_pybind.so\n'}
[13.486080] (isaac_ros_gxf) StdoutLine: {'line': b'-- Symlinking: /workspaces/isaac_ros-dev/install/isaac_ros_gxf/share/isaac_ros_gxf/gxf/lib/std/transmitter_pybind.so\n'}
[13.497855] (isaac_ros_gxf) StdoutLine: {'line': b'-- Symlinking: /workspaces/isaac_ros-dev/install/isaac_ros_gxf/share/isaac_ros_gxf/gxf/lib/std/vault_pybind.so\n'}
[13.507121] (isaac_ros_gxf) StdoutLine: {'line': b'-- Symlinking: /workspaces/isaac_ros-dev/install/isaac_ros_gxf/share/isaac_ros_gxf/gxf/lib/test/extensions/libgxf_test.so\n'}
[13.515833] (isaac_ros_gxf) StdoutLine: {'line': b'-- Symlinking: /workspaces/isaac_ros-dev/install/isaac_ros_gxf/lib/libgxf_core.so\n'}
[13.524715] (-) TimerEvent: {}
[13.528180] (isaac_ros_gxf) StdoutLine: {'line': b'-- Symlinking: /workspaces/isaac_ros-dev/install/isaac_ros_gxf/lib/libgxf_logger.so\n'}
[13.539735] (isaac_ros_gxf) StdoutLine: {'line': b'-- Symlinking: /workspaces/isaac_ros-dev/install/isaac_ros_gxf/lib/libgxf_multimedia.so\n'}
[13.546451] (isaac_ros_gxf) StdoutLine: {'line': b'-- Symlinking: /workspaces/isaac_ros-dev/install/isaac_ros_gxf/lib/libgxf_cuda.so\n'}
[13.554000] (isaac_ros_gxf) StdoutLine: {'line': b'-- Symlinking: /workspaces/isaac_ros-dev/install/isaac_ros_gxf/share/ament_index/resource_index/isaac_ros_gxf_cmake_path/isaac_ros_gxf\n'}
[13.560779] (isaac_ros_gxf) StdoutLine: {'line': b'-- Symlinking: /workspaces/isaac_ros-dev/install/isaac_ros_gxf/share/isaac_ros_gxf/environment/library_path.sh\n'}
[13.567527] (isaac_ros_gxf) StdoutLine: {'line': b'-- Symlinking: /workspaces/isaac_ros-dev/install/isaac_ros_gxf/share/isaac_ros_gxf/environment/library_path.dsv\n'}
[13.574567] (isaac_ros_gxf) StdoutLine: {'line': b'-- Symlinking: /workspaces/isaac_ros-dev/install/isaac_ros_gxf/share/isaac_ros_gxf/version_info.yaml\n'}
[13.581721] (isaac_ros_gxf) StdoutLine: {'line': b'-- Symlinking: /workspaces/isaac_ros-dev/install/isaac_ros_gxf/share/isaac_ros_gxf/cmake/isaac_ros_gxf-extras.cmake\n'}
[13.590038] (isaac_ros_gxf) StdoutLine: {'line': b'-- Symlinking: /workspaces/isaac_ros-dev/install/isaac_ros_gxf/share/isaac_ros_gxf/cmake/modules/FindGXF.cmake\n'}
[13.603287] (isaac_ros_gxf) StdoutLine: {'line': b'-- Symlinking: /workspaces/isaac_ros-dev/install/isaac_ros_gxf/share/ament_index/resource_index/package_run_dependencies/isaac_ros_gxf\n'}
[13.613808] (isaac_ros_gxf) StdoutLine: {'line': b'-- Symlinking: /workspaces/isaac_ros-dev/install/isaac_ros_gxf/share/ament_index/resource_index/parent_prefix_path/isaac_ros_gxf\n'}
[13.624417] (isaac_ros_gxf) StdoutLine: {'line': b'-- Symlinking: /workspaces/isaac_ros-dev/install/isaac_ros_gxf/share/isaac_ros_gxf/environment/ament_prefix_path.sh\n'}
[13.624794] (-) TimerEvent: {}
[13.635251] (isaac_ros_gxf) StdoutLine: {'line': b'-- Symlinking: /workspaces/isaac_ros-dev/install/isaac_ros_gxf/share/isaac_ros_gxf/environment/ament_prefix_path.dsv\n'}
[13.644294] (isaac_ros_gxf) StdoutLine: {'line': b'-- Symlinking: /workspaces/isaac_ros-dev/install/isaac_ros_gxf/share/isaac_ros_gxf/environment/path.sh\n'}
[13.663976] (isaac_ros_gxf) StdoutLine: {'line': b'-- Symlinking: /workspaces/isaac_ros-dev/install/isaac_ros_gxf/share/isaac_ros_gxf/environment/path.dsv\n'}
[13.674670] (isaac_ros_gxf) StdoutLine: {'line': b'-- Symlinking: /workspaces/isaac_ros-dev/install/isaac_ros_gxf/share/isaac_ros_gxf/local_setup.bash\n'}
[13.684913] (isaac_ros_gxf) StdoutLine: {'line': b'-- Symlinking: /workspaces/isaac_ros-dev/install/isaac_ros_gxf/share/isaac_ros_gxf/local_setup.sh\n'}
[13.694912] (isaac_ros_gxf) StdoutLine: {'line': b'-- Symlinking: /workspaces/isaac_ros-dev/install/isaac_ros_gxf/share/isaac_ros_gxf/local_setup.zsh\n'}
[13.706471] (isaac_ros_gxf) StdoutLine: {'line': b'-- Symlinking: /workspaces/isaac_ros-dev/install/isaac_ros_gxf/share/isaac_ros_gxf/local_setup.dsv\n'}
[13.717992] (isaac_ros_gxf) StdoutLine: {'line': b'-- Symlinking: /workspaces/isaac_ros-dev/install/isaac_ros_gxf/share/isaac_ros_gxf/package.dsv\n'}
[13.724931] (-) TimerEvent: {}
[13.728337] (isaac_ros_gxf) StdoutLine: {'line': b'-- Symlinking: /workspaces/isaac_ros-dev/install/isaac_ros_gxf/share/ament_index/resource_index/packages/isaac_ros_gxf\n'}
[13.737852] (isaac_ros_gxf) StdoutLine: {'line': b'-- Up-to-date symlink: /workspaces/isaac_ros-dev/install/isaac_ros_gxf/share/isaac_ros_gxf/cmake/isaac_ros_gxf-extras.cmake\n'}
[13.738347] (isaac_ros_gxf) StdoutLine: {'line': b'-- Symlinking: /workspaces/isaac_ros-dev/install/isaac_ros_gxf/share/isaac_ros_gxf/cmake/ament_cmake_export_targets-extras.cmake\n'}
[13.750356] (isaac_ros_gxf) StdoutLine: {'line': b'-- Symlinking: /workspaces/isaac_ros-dev/install/isaac_ros_gxf/share/isaac_ros_gxf/cmake/ament_cmake_export_dependencies-extras.cmake\n'}
[13.764590] (isaac_ros_gxf) StdoutLine: {'line': b'-- Symlinking: /workspaces/isaac_ros-dev/install/isaac_ros_gxf/share/isaac_ros_gxf/cmake/isaac_ros_gxfConfig.cmake\n'}
[13.777389] (isaac_ros_gxf) StdoutLine: {'line': b'-- Symlinking: /workspaces/isaac_ros-dev/install/isaac_ros_gxf/share/isaac_ros_gxf/cmake/isaac_ros_gxfConfig-version.cmake\n'}
[13.786861] (isaac_ros_gxf) StdoutLine: {'line': b'-- Symlinking: /workspaces/isaac_ros-dev/install/isaac_ros_gxf/share/isaac_ros_gxf/package.xml\n'}
[13.794434] (isaac_ros_gxf) StdoutLine: {'line': b'-- Installing: /workspaces/isaac_ros-dev/install/isaac_ros_gxf/share/isaac_ros_gxf/cmake/export_isaac_ros_gxfExport.cmake\n'}
[13.795945] (isaac_ros_gxf) CommandEnded: {'returncode': 0}
[13.810202] (isaac_ros_gxf) JobEnded: {'identifier': 'isaac_ros_gxf', 'rc': 0}
[13.810856] (gxf_isaac_gems) JobStarted: {'identifier': 'gxf_isaac_gems'}
[13.813769] (gxf_isaac_message_compositor) JobStarted: {'identifier': 'gxf_isaac_message_compositor'}
[13.816852] (gxf_isaac_optimizer) JobStarted: {'identifier': 'gxf_isaac_optimizer'}
[13.819952] (gxf_isaac_sight) JobStarted: {'identifier': 'gxf_isaac_sight'}
[13.823957] (gxf_isaac_gems) JobProgress: {'identifier': 'gxf_isaac_gems', 'progress': 'cmake'}
[13.824306] (gxf_isaac_gems) Command: {'cmd': ['/usr/bin/cmake', '/workspaces/isaac_ros-dev/src/isaac_ros_nitros/isaac_ros_gxf_extensions/gxf_isaac_gems', '-DBUILD_TESTING=OFF', '-DAMENT_CMAKE_SYMLINK_INSTALL=1', '-DCMAKE_INSTALL_PREFIX=/workspaces/isaac_ros-dev/install/gxf_isaac_gems'], 'cwd': '/workspaces/isaac_ros-dev/build/gxf_isaac_gems', 'env': OrderedDict([('DALI_BUILD', '16741769'), ('LIBRARY_PATH', '/usr/local/cuda/lib64/stubs:'), ('NVIDIA_CTK_LIBCUDA_DIR', '/usr/lib/x86_64-linux-gnu/nvidia/current'), ('PYTHONWARNINGS', 'ignore:::setuptools.command.install,ignore:::setuptools.command.easy_install,ignore:::pkg_resources,ignore:::setuptools.command.develop'), ('USER', 'diego'), ('TRT_INC_PATH', '/usr/include/x86_64-linux-gnu'), ('TF_ADJUST_SATURATION_FUSED', '1'), ('CUSOLVER_VERSION', '11.6.4.38'), ('HOSTNAME', 'debian'), ('CUTENSOR_VERSION', '2.0.2.5'), ('SHLVL', '1'), ('LD_LIBRARY_PATH', '/workspaces/isaac_ros-dev/install/isaac_ros_gxf/lib:/workspaces/isaac_ros-dev/install/isaac_ros_common/lib:/opt/ros/humble/opt/openvdb_vendor/lib:/opt/ros/humble/opt/rviz_ogre_vendor/lib:/opt/ros/humble/lib/x86_64-linux-gnu:/opt/ros/humble/lib:/usr/local/libcudss-linux-0.3.0.9_cuda12-archive/lib:/opt/hpcx/ucc/lib/:/opt/hpcx/ucx/lib/:/usr/local/cuda/compat/lib:/usr/local/nvidia/lib:/usr/local/nvidia/lib64:/opt/tritonserver/lib'), ('HOME', '/home/admin'), ('NVIDIA_TRITON_SERVER_VERSION', '24.08'), ('OLDPWD', '/workspaces/isaac_ros-dev'), ('HOST_USER_GID', '1000'), ('CUDA_CACHE_DISABLE', '1'), ('ROS_PYTHON_VERSION', '3'), ('MODEL_OPT_VERSION', '0.15.0'), ('ENV', '/etc/shinit_v2'), ('RDMACORE_VERSION', '39.0'), ('NVJPEG_VERSION', '12.3.3.23'), ('NVIDIA_BUILD_ID', '107631419'), ('CUDA_VERSION', '12.6.0.022'), ('TCMALLOC_RELEASE_RATE', '200'), ('CUBLAS_VERSION', '12.6.0.22'), ('NSIGHT_SYSTEMS_VERSION', '2024.4.2.133'), ('COLCON_PREFIX_PATH', '/workspaces/isaac_ros-dev/install'), ('CUDA_VISIBLE_DEVICES', '0'), ('ROS_DISTRO', 'humble'), ('OPAL_PREFIX', '/opt/hpcx/ompi'), ('NVIDIA_REQUIRE_CUDA', 'cuda>=9.0'), ('TRT_VERSION', '10.3.0.26+cuda12.5.1.007'), ('GDRCOPY_VERSION', '2.3.1-1'), ('_', '/usr/bin/colcon'), ('ROS_VERSION', '2'), ('NVIDIA_DRIVER_CAPABILITIES', 'compute,utility,graphics'), ('POLYGRAPHY_VERSION', '0.49.13'), ('CURAND_VERSION', '10.3.7.37'), ('MOFED_VERSION', '5.4-rdmacore39.0'), ('USERNAME', 'admin'), ('TERM', 'xterm'), ('ISAAC_ROS_WS', '/workspaces/isaac_ros-dev'), ('ROS_LOCALHOST_ONLY', '0'), ('TRANSFORMER_ENGINE_VERSION', '1.9'), ('PATH', '/workspaces/isaac_ros-dev/install/isaac_ros_common/bin:/opt/ros/humble/bin:/opt/ros/humble/vcstool/scripts:/opt/tritonserver/bin:/usr/local/mpi/bin:/usr/local/nvidia/bin:/usr/local/cuda/bin:/usr/local/sbin:/usr/local/bin:/usr/sbin:/usr/bin:/sbin:/bin:/usr/local/ucx/bin'), ('HOST_USER_UID', '1000'), ('CUDSS_DIR', '/usr/local/libcudss-linux-0.3.0.9_cuda12-archive'), ('CUDA_DRIVER_VERSION', '560.35.03'), ('_CUDA_COMPAT_STATUS', 'Unknown error (CUDA_ERROR_UNKNOWN) cuInit()=999'), ('DISPLAY', ':1'), ('NVIDIA_PRODUCT_NAME', 'Triton Server'), ('LANG', 'en_US.UTF-8'), ('RMW_IMPLEMENTATION', 'rmw_fastrtps_cpp'), ('NPP_VERSION', '12.3.1.23'), ('ROS_ROOT', '/opt/ros/humble'), ('UCX_MEM_EVENTS', 'no'), ('CUFFT_VERSION', '11.2.6.28'), ('SSH_AUTH_SOCK', '/ssh-agent'), ('TF_ENABLE_WINOGRAD_NONFUSED', '1'), ('AMENT_PREFIX_PATH', '/workspaces/isaac_ros-dev/install/isaac_ros_gxf:/workspaces/isaac_ros-dev/install/isaac_ros_test:/workspaces/isaac_ros-dev/install/isaac_ros_launch_utils:/workspaces/isaac_ros-dev/install/isaac_ros_common:/workspaces/isaac_ros-dev/install/isaac_common_py:/opt/ros/humble'), ('CUDNN_VERSION', '9.3.0.75'), ('NSIGHT_COMPUTE_VERSION', '2024.3.0.15'), ('DALI_VERSION', '1.40.0'), ('DEBIAN_FRONTEND', 'noninteractive'), ('SHELL', '/bin/bash'), ('DCGM_VERSION', '3.2.6'), ('CUDNN_FRONTEND_VERSION', '1.5.2'), ('OPENMPI_VERSION', '4.1.7'), ('TRTOSS_VERSION', '24.08'), ('OMPI_MCA_coll_hcoll_enable', '0'), ('CUSPARSE_VERSION', '12.5.2.23'), ('NVIDIA_REQUIRE_JETPACK_HOST_MOUNTS', ''), ('TRITON_SERVER_GPU_ENABLED', '1'), ('TRITON_SERVER_VERSION', '2.49.0'), ('BASH_ENV', '/etc/bash.bashrc'), ('PWD', '/workspaces/isaac_ros-dev/build/gxf_isaac_gems'), ('CUSPARSELT_VERSION', '0.6.2.3'), ('PYTHONPATH', '/workspaces/isaac_ros-dev/build/isaac_ros_test:/workspaces/isaac_ros-dev/install/isaac_ros_test/lib/python3.10/site-packages:/workspaces/isaac_ros-dev/build/isaac_ros_launch_utils:/workspaces/isaac_ros-dev/install/isaac_ros_launch_utils/lib/python3.10/site-packages:/workspaces/isaac_ros-dev/install/isaac_ros_common/local/lib/python3.10/dist-packages:/workspaces/isaac_ros-dev/build/isaac_common_py:/workspaces/isaac_ros-dev/install/isaac_common_py/lib/python3.10/site-packages:/opt/ros/humble/lib/python3.10/site-packages:/opt/ros/humble/local/lib/python3.10/dist-packages:/opt/ros/humble/vcstool:/opt/tritonserver/backends/dali/wheel/dali:'), ('_CUDA_COMPAT_PATH', '/usr/local/cuda/compat'), ('TRITON_SERVER_USER', 'triton-server'), ('TF_ADJUST_HUE_FUSED', '1'), ('NVIDIA_VISIBLE_DEVICES', 'void'), ('NCCL_VERSION', '2.22.3'), ('COLCON', '1'), ('OPENUCX_VERSION', '1.17.0'), ('HPCX_VERSION', '2.19'), ('CMAKE_PREFIX_PATH', '/workspaces/isaac_ros-dev/install/isaac_ros_gxf:/workspaces/isaac_ros-dev/install/isaac_ros_common:/usr/local/libcudss-linux-0.3.0.9_cuda12-archive:/workspaces/isaac_ros-dev/install/isaac_ros_test:/workspaces/isaac_ros-dev/install/isaac_ros_launch_utils:/workspaces/isaac_ros-dev/install/isaac_common_py:/opt/ros/humble'), ('TF_AUTOTUNE_THRESHOLD', '2'), ('TRT_LIB_PATH', '/usr/lib/x86_64-linux-gnu')]), 'shell': False}
[13.825785] (-) TimerEvent: {}
[13.825933] (gxf_isaac_message_compositor) JobProgress: {'identifier': 'gxf_isaac_message_compositor', 'progress': 'cmake'}
[13.826419] (gxf_isaac_message_compositor) Command: {'cmd': ['/usr/bin/cmake', '/workspaces/isaac_ros-dev/src/isaac_ros_nitros/isaac_ros_gxf_extensions/gxf_isaac_message_compositor', '-DBUILD_TESTING=OFF', '-DAMENT_CMAKE_SYMLINK_INSTALL=1', '-DCMAKE_INSTALL_PREFIX=/workspaces/isaac_ros-dev/install/gxf_isaac_message_compositor'], 'cwd': '/workspaces/isaac_ros-dev/build/gxf_isaac_message_compositor', 'env': OrderedDict([('DALI_BUILD', '16741769'), ('LIBRARY_PATH', '/usr/local/cuda/lib64/stubs:'), ('NVIDIA_CTK_LIBCUDA_DIR', '/usr/lib/x86_64-linux-gnu/nvidia/current'), ('PYTHONWARNINGS', 'ignore:::setuptools.command.install,ignore:::setuptools.command.easy_install,ignore:::pkg_resources,ignore:::setuptools.command.develop'), ('USER', 'diego'), ('TRT_INC_PATH', '/usr/include/x86_64-linux-gnu'), ('TF_ADJUST_SATURATION_FUSED', '1'), ('CUSOLVER_VERSION', '11.6.4.38'), ('HOSTNAME', 'debian'), ('CUTENSOR_VERSION', '2.0.2.5'), ('SHLVL', '1'), ('LD_LIBRARY_PATH', '/workspaces/isaac_ros-dev/install/isaac_ros_gxf/lib:/workspaces/isaac_ros-dev/install/isaac_ros_common/lib:/opt/ros/humble/opt/openvdb_vendor/lib:/opt/ros/humble/opt/rviz_ogre_vendor/lib:/opt/ros/humble/lib/x86_64-linux-gnu:/opt/ros/humble/lib:/usr/local/libcudss-linux-0.3.0.9_cuda12-archive/lib:/opt/hpcx/ucc/lib/:/opt/hpcx/ucx/lib/:/usr/local/cuda/compat/lib:/usr/local/nvidia/lib:/usr/local/nvidia/lib64:/opt/tritonserver/lib'), ('HOME', '/home/admin'), ('NVIDIA_TRITON_SERVER_VERSION', '24.08'), ('OLDPWD', '/workspaces/isaac_ros-dev'), ('HOST_USER_GID', '1000'), ('CUDA_CACHE_DISABLE', '1'), ('ROS_PYTHON_VERSION', '3'), ('MODEL_OPT_VERSION', '0.15.0'), ('ENV', '/etc/shinit_v2'), ('RDMACORE_VERSION', '39.0'), ('NVJPEG_VERSION', '12.3.3.23'), ('NVIDIA_BUILD_ID', '107631419'), ('CUDA_VERSION', '12.6.0.022'), ('TCMALLOC_RELEASE_RATE', '200'), ('CUBLAS_VERSION', '12.6.0.22'), ('NSIGHT_SYSTEMS_VERSION', '2024.4.2.133'), ('COLCON_PREFIX_PATH', '/workspaces/isaac_ros-dev/install'), ('CUDA_VISIBLE_DEVICES', '0'), ('ROS_DISTRO', 'humble'), ('OPAL_PREFIX', '/opt/hpcx/ompi'), ('NVIDIA_REQUIRE_CUDA', 'cuda>=9.0'), ('TRT_VERSION', '10.3.0.26+cuda12.5.1.007'), ('GDRCOPY_VERSION', '2.3.1-1'), ('_', '/usr/bin/colcon'), ('ROS_VERSION', '2'), ('NVIDIA_DRIVER_CAPABILITIES', 'compute,utility,graphics'), ('POLYGRAPHY_VERSION', '0.49.13'), ('CURAND_VERSION', '10.3.7.37'), ('MOFED_VERSION', '5.4-rdmacore39.0'), ('USERNAME', 'admin'), ('TERM', 'xterm'), ('ISAAC_ROS_WS', '/workspaces/isaac_ros-dev'), ('ROS_LOCALHOST_ONLY', '0'), ('TRANSFORMER_ENGINE_VERSION', '1.9'), ('PATH', '/workspaces/isaac_ros-dev/install/isaac_ros_common/bin:/opt/ros/humble/bin:/opt/ros/humble/vcstool/scripts:/opt/tritonserver/bin:/usr/local/mpi/bin:/usr/local/nvidia/bin:/usr/local/cuda/bin:/usr/local/sbin:/usr/local/bin:/usr/sbin:/usr/bin:/sbin:/bin:/usr/local/ucx/bin'), ('HOST_USER_UID', '1000'), ('CUDSS_DIR', '/usr/local/libcudss-linux-0.3.0.9_cuda12-archive'), ('CUDA_DRIVER_VERSION', '560.35.03'), ('_CUDA_COMPAT_STATUS', 'Unknown error (CUDA_ERROR_UNKNOWN) cuInit()=999'), ('DISPLAY', ':1'), ('NVIDIA_PRODUCT_NAME', 'Triton Server'), ('LANG', 'en_US.UTF-8'), ('RMW_IMPLEMENTATION', 'rmw_fastrtps_cpp'), ('NPP_VERSION', '12.3.1.23'), ('ROS_ROOT', '/opt/ros/humble'), ('UCX_MEM_EVENTS', 'no'), ('CUFFT_VERSION', '11.2.6.28'), ('SSH_AUTH_SOCK', '/ssh-agent'), ('TF_ENABLE_WINOGRAD_NONFUSED', '1'), ('AMENT_PREFIX_PATH', '/workspaces/isaac_ros-dev/install/isaac_ros_gxf:/workspaces/isaac_ros-dev/install/isaac_ros_test:/workspaces/isaac_ros-dev/install/isaac_ros_launch_utils:/workspaces/isaac_ros-dev/install/isaac_ros_common:/workspaces/isaac_ros-dev/install/isaac_common_py:/opt/ros/humble'), ('CUDNN_VERSION', '9.3.0.75'), ('NSIGHT_COMPUTE_VERSION', '2024.3.0.15'), ('DALI_VERSION', '1.40.0'), ('DEBIAN_FRONTEND', 'noninteractive'), ('SHELL', '/bin/bash'), ('DCGM_VERSION', '3.2.6'), ('CUDNN_FRONTEND_VERSION', '1.5.2'), ('OPENMPI_VERSION', '4.1.7'), ('TRTOSS_VERSION', '24.08'), ('OMPI_MCA_coll_hcoll_enable', '0'), ('CUSPARSE_VERSION', '12.5.2.23'), ('NVIDIA_REQUIRE_JETPACK_HOST_MOUNTS', ''), ('TRITON_SERVER_GPU_ENABLED', '1'), ('TRITON_SERVER_VERSION', '2.49.0'), ('BASH_ENV', '/etc/bash.bashrc'), ('PWD', '/workspaces/isaac_ros-dev/build/gxf_isaac_message_compositor'), ('CUSPARSELT_VERSION', '0.6.2.3'), ('PYTHONPATH', '/workspaces/isaac_ros-dev/build/isaac_ros_test:/workspaces/isaac_ros-dev/install/isaac_ros_test/lib/python3.10/site-packages:/workspaces/isaac_ros-dev/build/isaac_ros_launch_utils:/workspaces/isaac_ros-dev/install/isaac_ros_launch_utils/lib/python3.10/site-packages:/workspaces/isaac_ros-dev/install/isaac_ros_common/local/lib/python3.10/dist-packages:/workspaces/isaac_ros-dev/build/isaac_common_py:/workspaces/isaac_ros-dev/install/isaac_common_py/lib/python3.10/site-packages:/opt/ros/humble/lib/python3.10/site-packages:/opt/ros/humble/local/lib/python3.10/dist-packages:/opt/ros/humble/vcstool:/opt/tritonserver/backends/dali/wheel/dali:'), ('_CUDA_COMPAT_PATH', '/usr/local/cuda/compat'), ('TRITON_SERVER_USER', 'triton-server'), ('TF_ADJUST_HUE_FUSED', '1'), ('NVIDIA_VISIBLE_DEVICES', 'void'), ('NCCL_VERSION', '2.22.3'), ('COLCON', '1'), ('OPENUCX_VERSION', '1.17.0'), ('HPCX_VERSION', '2.19'), ('CMAKE_PREFIX_PATH', '/workspaces/isaac_ros-dev/install/isaac_ros_gxf:/workspaces/isaac_ros-dev/install/isaac_ros_common:/usr/local/libcudss-linux-0.3.0.9_cuda12-archive:/workspaces/isaac_ros-dev/install/isaac_ros_test:/workspaces/isaac_ros-dev/install/isaac_ros_launch_utils:/workspaces/isaac_ros-dev/install/isaac_common_py:/opt/ros/humble'), ('TF_AUTOTUNE_THRESHOLD', '2'), ('TRT_LIB_PATH', '/usr/lib/x86_64-linux-gnu')]), 'shell': False}
[13.827992] (gxf_isaac_optimizer) JobProgress: {'identifier': 'gxf_isaac_optimizer', 'progress': 'cmake'}
[13.828337] (gxf_isaac_optimizer) Command: {'cmd': ['/usr/bin/cmake', '/workspaces/isaac_ros-dev/src/isaac_ros_nitros/isaac_ros_gxf_extensions/gxf_isaac_optimizer', '-DBUILD_TESTING=OFF', '-DAMENT_CMAKE_SYMLINK_INSTALL=1', '-DCMAKE_INSTALL_PREFIX=/workspaces/isaac_ros-dev/install/gxf_isaac_optimizer'], 'cwd': '/workspaces/isaac_ros-dev/build/gxf_isaac_optimizer', 'env': OrderedDict([('DALI_BUILD', '16741769'), ('LIBRARY_PATH', '/usr/local/cuda/lib64/stubs:'), ('NVIDIA_CTK_LIBCUDA_DIR', '/usr/lib/x86_64-linux-gnu/nvidia/current'), ('PYTHONWARNINGS', 'ignore:::setuptools.command.install,ignore:::setuptools.command.easy_install,ignore:::pkg_resources,ignore:::setuptools.command.develop'), ('USER', 'diego'), ('TRT_INC_PATH', '/usr/include/x86_64-linux-gnu'), ('TF_ADJUST_SATURATION_FUSED', '1'), ('CUSOLVER_VERSION', '11.6.4.38'), ('HOSTNAME', 'debian'), ('CUTENSOR_VERSION', '2.0.2.5'), ('SHLVL', '1'), ('LD_LIBRARY_PATH', '/workspaces/isaac_ros-dev/install/isaac_ros_gxf/lib:/workspaces/isaac_ros-dev/install/isaac_ros_common/lib:/opt/ros/humble/opt/openvdb_vendor/lib:/opt/ros/humble/opt/rviz_ogre_vendor/lib:/opt/ros/humble/lib/x86_64-linux-gnu:/opt/ros/humble/lib:/usr/local/libcudss-linux-0.3.0.9_cuda12-archive/lib:/opt/hpcx/ucc/lib/:/opt/hpcx/ucx/lib/:/usr/local/cuda/compat/lib:/usr/local/nvidia/lib:/usr/local/nvidia/lib64:/opt/tritonserver/lib'), ('HOME', '/home/admin'), ('NVIDIA_TRITON_SERVER_VERSION', '24.08'), ('OLDPWD', '/workspaces/isaac_ros-dev'), ('HOST_USER_GID', '1000'), ('CUDA_CACHE_DISABLE', '1'), ('ROS_PYTHON_VERSION', '3'), ('MODEL_OPT_VERSION', '0.15.0'), ('ENV', '/etc/shinit_v2'), ('RDMACORE_VERSION', '39.0'), ('NVJPEG_VERSION', '12.3.3.23'), ('NVIDIA_BUILD_ID', '107631419'), ('CUDA_VERSION', '12.6.0.022'), ('TCMALLOC_RELEASE_RATE', '200'), ('CUBLAS_VERSION', '12.6.0.22'), ('NSIGHT_SYSTEMS_VERSION', '2024.4.2.133'), ('COLCON_PREFIX_PATH', '/workspaces/isaac_ros-dev/install'), ('CUDA_VISIBLE_DEVICES', '0'), ('ROS_DISTRO', 'humble'), ('OPAL_PREFIX', '/opt/hpcx/ompi'), ('NVIDIA_REQUIRE_CUDA', 'cuda>=9.0'), ('TRT_VERSION', '10.3.0.26+cuda12.5.1.007'), ('GDRCOPY_VERSION', '2.3.1-1'), ('_', '/usr/bin/colcon'), ('ROS_VERSION', '2'), ('NVIDIA_DRIVER_CAPABILITIES', 'compute,utility,graphics'), ('POLYGRAPHY_VERSION', '0.49.13'), ('CURAND_VERSION', '10.3.7.37'), ('MOFED_VERSION', '5.4-rdmacore39.0'), ('USERNAME', 'admin'), ('TERM', 'xterm'), ('ISAAC_ROS_WS', '/workspaces/isaac_ros-dev'), ('ROS_LOCALHOST_ONLY', '0'), ('TRANSFORMER_ENGINE_VERSION', '1.9'), ('PATH', '/workspaces/isaac_ros-dev/install/isaac_ros_common/bin:/opt/ros/humble/bin:/opt/ros/humble/vcstool/scripts:/opt/tritonserver/bin:/usr/local/mpi/bin:/usr/local/nvidia/bin:/usr/local/cuda/bin:/usr/local/sbin:/usr/local/bin:/usr/sbin:/usr/bin:/sbin:/bin:/usr/local/ucx/bin'), ('HOST_USER_UID', '1000'), ('CUDSS_DIR', '/usr/local/libcudss-linux-0.3.0.9_cuda12-archive'), ('CUDA_DRIVER_VERSION', '560.35.03'), ('_CUDA_COMPAT_STATUS', 'Unknown error (CUDA_ERROR_UNKNOWN) cuInit()=999'), ('DISPLAY', ':1'), ('NVIDIA_PRODUCT_NAME', 'Triton Server'), ('LANG', 'en_US.UTF-8'), ('RMW_IMPLEMENTATION', 'rmw_fastrtps_cpp'), ('NPP_VERSION', '12.3.1.23'), ('ROS_ROOT', '/opt/ros/humble'), ('UCX_MEM_EVENTS', 'no'), ('CUFFT_VERSION', '11.2.6.28'), ('SSH_AUTH_SOCK', '/ssh-agent'), ('TF_ENABLE_WINOGRAD_NONFUSED', '1'), ('AMENT_PREFIX_PATH', '/workspaces/isaac_ros-dev/install/isaac_ros_gxf:/workspaces/isaac_ros-dev/install/isaac_ros_test:/workspaces/isaac_ros-dev/install/isaac_ros_launch_utils:/workspaces/isaac_ros-dev/install/isaac_ros_common:/workspaces/isaac_ros-dev/install/isaac_common_py:/opt/ros/humble'), ('CUDNN_VERSION', '9.3.0.75'), ('NSIGHT_COMPUTE_VERSION', '2024.3.0.15'), ('DALI_VERSION', '1.40.0'), ('DEBIAN_FRONTEND', 'noninteractive'), ('SHELL', '/bin/bash'), ('DCGM_VERSION', '3.2.6'), ('CUDNN_FRONTEND_VERSION', '1.5.2'), ('OPENMPI_VERSION', '4.1.7'), ('TRTOSS_VERSION', '24.08'), ('OMPI_MCA_coll_hcoll_enable', '0'), ('CUSPARSE_VERSION', '12.5.2.23'), ('NVIDIA_REQUIRE_JETPACK_HOST_MOUNTS', ''), ('TRITON_SERVER_GPU_ENABLED', '1'), ('TRITON_SERVER_VERSION', '2.49.0'), ('BASH_ENV', '/etc/bash.bashrc'), ('PWD', '/workspaces/isaac_ros-dev/build/gxf_isaac_optimizer'), ('CUSPARSELT_VERSION', '0.6.2.3'), ('PYTHONPATH', '/workspaces/isaac_ros-dev/build/isaac_ros_test:/workspaces/isaac_ros-dev/install/isaac_ros_test/lib/python3.10/site-packages:/workspaces/isaac_ros-dev/build/isaac_ros_launch_utils:/workspaces/isaac_ros-dev/install/isaac_ros_launch_utils/lib/python3.10/site-packages:/workspaces/isaac_ros-dev/install/isaac_ros_common/local/lib/python3.10/dist-packages:/workspaces/isaac_ros-dev/build/isaac_common_py:/workspaces/isaac_ros-dev/install/isaac_common_py/lib/python3.10/site-packages:/opt/ros/humble/lib/python3.10/site-packages:/opt/ros/humble/local/lib/python3.10/dist-packages:/opt/ros/humble/vcstool:/opt/tritonserver/backends/dali/wheel/dali:'), ('_CUDA_COMPAT_PATH', '/usr/local/cuda/compat'), ('TRITON_SERVER_USER', 'triton-server'), ('TF_ADJUST_HUE_FUSED', '1'), ('NVIDIA_VISIBLE_DEVICES', 'void'), ('NCCL_VERSION', '2.22.3'), ('COLCON', '1'), ('OPENUCX_VERSION', '1.17.0'), ('HPCX_VERSION', '2.19'), ('CMAKE_PREFIX_PATH', '/workspaces/isaac_ros-dev/install/isaac_ros_gxf:/workspaces/isaac_ros-dev/install/isaac_ros_common:/usr/local/libcudss-linux-0.3.0.9_cuda12-archive:/workspaces/isaac_ros-dev/install/isaac_ros_test:/workspaces/isaac_ros-dev/install/isaac_ros_launch_utils:/workspaces/isaac_ros-dev/install/isaac_common_py:/opt/ros/humble'), ('TF_AUTOTUNE_THRESHOLD', '2'), ('TRT_LIB_PATH', '/usr/lib/x86_64-linux-gnu')]), 'shell': False}
[13.830674] (gxf_isaac_sight) JobProgress: {'identifier': 'gxf_isaac_sight', 'progress': 'cmake'}
[13.831356] (gxf_isaac_sight) Command: {'cmd': ['/usr/bin/cmake', '/workspaces/isaac_ros-dev/src/isaac_ros_nitros/isaac_ros_gxf_extensions/gxf_isaac_sight', '-DBUILD_TESTING=OFF', '-DAMENT_CMAKE_SYMLINK_INSTALL=1', '-DCMAKE_INSTALL_PREFIX=/workspaces/isaac_ros-dev/install/gxf_isaac_sight'], 'cwd': '/workspaces/isaac_ros-dev/build/gxf_isaac_sight', 'env': OrderedDict([('DALI_BUILD', '16741769'), ('LIBRARY_PATH', '/usr/local/cuda/lib64/stubs:'), ('NVIDIA_CTK_LIBCUDA_DIR', '/usr/lib/x86_64-linux-gnu/nvidia/current'), ('PYTHONWARNINGS', 'ignore:::setuptools.command.install,ignore:::setuptools.command.easy_install,ignore:::pkg_resources,ignore:::setuptools.command.develop'), ('USER', 'diego'), ('TRT_INC_PATH', '/usr/include/x86_64-linux-gnu'), ('TF_ADJUST_SATURATION_FUSED', '1'), ('CUSOLVER_VERSION', '11.6.4.38'), ('HOSTNAME', 'debian'), ('CUTENSOR_VERSION', '2.0.2.5'), ('SHLVL', '1'), ('LD_LIBRARY_PATH', '/workspaces/isaac_ros-dev/install/isaac_ros_gxf/lib:/workspaces/isaac_ros-dev/install/isaac_ros_common/lib:/opt/ros/humble/opt/openvdb_vendor/lib:/opt/ros/humble/opt/rviz_ogre_vendor/lib:/opt/ros/humble/lib/x86_64-linux-gnu:/opt/ros/humble/lib:/usr/local/libcudss-linux-0.3.0.9_cuda12-archive/lib:/opt/hpcx/ucc/lib/:/opt/hpcx/ucx/lib/:/usr/local/cuda/compat/lib:/usr/local/nvidia/lib:/usr/local/nvidia/lib64:/opt/tritonserver/lib'), ('HOME', '/home/admin'), ('NVIDIA_TRITON_SERVER_VERSION', '24.08'), ('OLDPWD', '/workspaces/isaac_ros-dev'), ('HOST_USER_GID', '1000'), ('CUDA_CACHE_DISABLE', '1'), ('ROS_PYTHON_VERSION', '3'), ('MODEL_OPT_VERSION', '0.15.0'), ('ENV', '/etc/shinit_v2'), ('RDMACORE_VERSION', '39.0'), ('NVJPEG_VERSION', '12.3.3.23'), ('NVIDIA_BUILD_ID', '107631419'), ('CUDA_VERSION', '12.6.0.022'), ('TCMALLOC_RELEASE_RATE', '200'), ('CUBLAS_VERSION', '12.6.0.22'), ('NSIGHT_SYSTEMS_VERSION', '2024.4.2.133'), ('COLCON_PREFIX_PATH', '/workspaces/isaac_ros-dev/install'), ('CUDA_VISIBLE_DEVICES', '0'), ('ROS_DISTRO', 'humble'), ('OPAL_PREFIX', '/opt/hpcx/ompi'), ('NVIDIA_REQUIRE_CUDA', 'cuda>=9.0'), ('TRT_VERSION', '10.3.0.26+cuda12.5.1.007'), ('GDRCOPY_VERSION', '2.3.1-1'), ('_', '/usr/bin/colcon'), ('ROS_VERSION', '2'), ('NVIDIA_DRIVER_CAPABILITIES', 'compute,utility,graphics'), ('POLYGRAPHY_VERSION', '0.49.13'), ('CURAND_VERSION', '10.3.7.37'), ('MOFED_VERSION', '5.4-rdmacore39.0'), ('USERNAME', 'admin'), ('TERM', 'xterm'), ('ISAAC_ROS_WS', '/workspaces/isaac_ros-dev'), ('ROS_LOCALHOST_ONLY', '0'), ('TRANSFORMER_ENGINE_VERSION', '1.9'), ('PATH', '/workspaces/isaac_ros-dev/install/isaac_ros_common/bin:/opt/ros/humble/bin:/opt/ros/humble/vcstool/scripts:/opt/tritonserver/bin:/usr/local/mpi/bin:/usr/local/nvidia/bin:/usr/local/cuda/bin:/usr/local/sbin:/usr/local/bin:/usr/sbin:/usr/bin:/sbin:/bin:/usr/local/ucx/bin'), ('HOST_USER_UID', '1000'), ('CUDSS_DIR', '/usr/local/libcudss-linux-0.3.0.9_cuda12-archive'), ('CUDA_DRIVER_VERSION', '560.35.03'), ('_CUDA_COMPAT_STATUS', 'Unknown error (CUDA_ERROR_UNKNOWN) cuInit()=999'), ('DISPLAY', ':1'), ('NVIDIA_PRODUCT_NAME', 'Triton Server'), ('LANG', 'en_US.UTF-8'), ('RMW_IMPLEMENTATION', 'rmw_fastrtps_cpp'), ('NPP_VERSION', '12.3.1.23'), ('ROS_ROOT', '/opt/ros/humble'), ('UCX_MEM_EVENTS', 'no'), ('CUFFT_VERSION', '11.2.6.28'), ('SSH_AUTH_SOCK', '/ssh-agent'), ('TF_ENABLE_WINOGRAD_NONFUSED', '1'), ('AMENT_PREFIX_PATH', '/workspaces/isaac_ros-dev/install/isaac_ros_gxf:/workspaces/isaac_ros-dev/install/isaac_ros_test:/workspaces/isaac_ros-dev/install/isaac_ros_launch_utils:/workspaces/isaac_ros-dev/install/isaac_ros_common:/workspaces/isaac_ros-dev/install/isaac_common_py:/opt/ros/humble'), ('CUDNN_VERSION', '9.3.0.75'), ('NSIGHT_COMPUTE_VERSION', '2024.3.0.15'), ('DALI_VERSION', '1.40.0'), ('DEBIAN_FRONTEND', 'noninteractive'), ('SHELL', '/bin/bash'), ('DCGM_VERSION', '3.2.6'), ('CUDNN_FRONTEND_VERSION', '1.5.2'), ('OPENMPI_VERSION', '4.1.7'), ('TRTOSS_VERSION', '24.08'), ('OMPI_MCA_coll_hcoll_enable', '0'), ('CUSPARSE_VERSION', '12.5.2.23'), ('NVIDIA_REQUIRE_JETPACK_HOST_MOUNTS', ''), ('TRITON_SERVER_GPU_ENABLED', '1'), ('TRITON_SERVER_VERSION', '2.49.0'), ('BASH_ENV', '/etc/bash.bashrc'), ('PWD', '/workspaces/isaac_ros-dev/build/gxf_isaac_sight'), ('CUSPARSELT_VERSION', '0.6.2.3'), ('PYTHONPATH', '/workspaces/isaac_ros-dev/build/isaac_ros_test:/workspaces/isaac_ros-dev/install/isaac_ros_test/lib/python3.10/site-packages:/workspaces/isaac_ros-dev/build/isaac_ros_launch_utils:/workspaces/isaac_ros-dev/install/isaac_ros_launch_utils/lib/python3.10/site-packages:/workspaces/isaac_ros-dev/install/isaac_ros_common/local/lib/python3.10/dist-packages:/workspaces/isaac_ros-dev/build/isaac_common_py:/workspaces/isaac_ros-dev/install/isaac_common_py/lib/python3.10/site-packages:/opt/ros/humble/lib/python3.10/site-packages:/opt/ros/humble/local/lib/python3.10/dist-packages:/opt/ros/humble/vcstool:/opt/tritonserver/backends/dali/wheel/dali:'), ('_CUDA_COMPAT_PATH', '/usr/local/cuda/compat'), ('TRITON_SERVER_USER', 'triton-server'), ('TF_ADJUST_HUE_FUSED', '1'), ('NVIDIA_VISIBLE_DEVICES', 'void'), ('NCCL_VERSION', '2.22.3'), ('COLCON', '1'), ('OPENUCX_VERSION', '1.17.0'), ('HPCX_VERSION', '2.19'), ('CMAKE_PREFIX_PATH', '/workspaces/isaac_ros-dev/install/isaac_ros_gxf:/workspaces/isaac_ros-dev/install/isaac_ros_common:/usr/local/libcudss-linux-0.3.0.9_cuda12-archive:/workspaces/isaac_ros-dev/install/isaac_ros_test:/workspaces/isaac_ros-dev/install/isaac_ros_launch_utils:/workspaces/isaac_ros-dev/install/isaac_common_py:/opt/ros/humble'), ('TF_AUTOTUNE_THRESHOLD', '2'), ('TRT_LIB_PATH', '/usr/lib/x86_64-linux-gnu')]), 'shell': False}
[13.869601] (gxf_isaac_message_compositor) StdoutLine: {'line': b'-- The C compiler identification is GNU 11.4.0\n'}
[13.872395] (gxf_isaac_optimizer) StdoutLine: {'line': b'-- The C compiler identification is GNU 11.4.0\n'}
[13.875742] (gxf_isaac_gems) StdoutLine: {'line': b'-- The C compiler identification is GNU 11.4.0\n'}
[13.879899] (gxf_isaac_sight) StdoutLine: {'line': b'-- The C compiler identification is GNU 11.4.0\n'}
[13.925136] (gxf_isaac_message_compositor) StdoutLine: {'line': b'-- The CXX compiler identification is GNU 11.4.0\n'}
[13.925871] (-) TimerEvent: {}
[13.926107] (gxf_isaac_optimizer) StdoutLine: {'line': b'-- The CXX compiler identification is GNU 11.4.0\n'}
[13.931176] (gxf_isaac_optimizer) StdoutLine: {'line': b'-- Detecting C compiler ABI info\n'}
[13.931523] (gxf_isaac_message_compositor) StdoutLine: {'line': b'-- Detecting C compiler ABI info\n'}
[13.931660] (gxf_isaac_gems) StdoutLine: {'line': b'-- The CXX compiler identification is GNU 11.4.0\n'}
[13.932565] (gxf_isaac_sight) StdoutLine: {'line': b'-- The CXX compiler identification is GNU 11.4.0\n'}
[13.937516] (gxf_isaac_gems) StdoutLine: {'line': b'-- Detecting C compiler ABI info\n'}
[13.938706] (gxf_isaac_sight) StdoutLine: {'line': b'-- Detecting C compiler ABI info\n'}
[13.987798] (gxf_isaac_optimizer) StdoutLine: {'line': b'-- Detecting C compiler ABI info - done\n'}
[13.989313] (gxf_isaac_message_compositor) StdoutLine: {'line': b'-- Detecting C compiler ABI info - done\n'}
[13.996242] (gxf_isaac_optimizer) StdoutLine: {'line': b'-- Check for working C compiler: /usr/bin/cc - skipped\n'}
[13.996577] (gxf_isaac_optimizer) StdoutLine: {'line': b'-- Detecting C compile features\n'}
[13.996817] (gxf_isaac_optimizer) StdoutLine: {'line': b'-- Detecting C compile features - done\n'}
[13.997097] (gxf_isaac_message_compositor) StdoutLine: {'line': b'-- Check for working C compiler: /usr/bin/cc - skipped\n'}
[13.997314] (gxf_isaac_message_compositor) StdoutLine: {'line': b'-- Detecting C compile features\n'}
[13.997690] (gxf_isaac_message_compositor) StdoutLine: {'line': b'-- Detecting C compile features - done\n'}
[13.999892] (gxf_isaac_optimizer) StdoutLine: {'line': b'-- Detecting CXX compiler ABI info\n'}
[14.000552] (gxf_isaac_message_compositor) StdoutLine: {'line': b'-- Detecting CXX compiler ABI info\n'}
[14.001390] (gxf_isaac_sight) StdoutLine: {'line': b'-- Detecting C compiler ABI info - done\n'}
[14.004527] (gxf_isaac_gems) StdoutLine: {'line': b'-- Detecting C compiler ABI info - done\n'}
[14.008917] (gxf_isaac_sight) StdoutLine: {'line': b'-- Check for working C compiler: /usr/bin/cc - skipped\n'}
[14.009194] (gxf_isaac_sight) StdoutLine: {'line': b'-- Detecting C compile features\n'}
[14.009411] (gxf_isaac_sight) StdoutLine: {'line': b'-- Detecting C compile features - done\n'}
[14.010914] (gxf_isaac_gems) StdoutLine: {'line': b'-- Check for working C compiler: /usr/bin/cc - skipped\n'}
[14.011113] (gxf_isaac_gems) StdoutLine: {'line': b'-- Detecting C compile features\n'}
[14.011450] (gxf_isaac_gems) StdoutLine: {'line': b'-- Detecting C compile features - done\n'}
[14.011703] (gxf_isaac_sight) StdoutLine: {'line': b'-- Detecting CXX compiler ABI info\n'}
[14.014258] (gxf_isaac_gems) StdoutLine: {'line': b'-- Detecting CXX compiler ABI info\n'}
[14.025975] (-) TimerEvent: {}
[14.067081] (gxf_isaac_optimizer) StdoutLine: {'line': b'-- Detecting CXX compiler ABI info - done\n'}
[14.068847] (gxf_isaac_message_compositor) StdoutLine: {'line': b'-- Detecting CXX compiler ABI info - done\n'}
[14.072517] (gxf_isaac_sight) StdoutLine: {'line': b'-- Detecting CXX compiler ABI info - done\n'}
[14.072635] (gxf_isaac_optimizer) StdoutLine: {'line': b'-- Check for working CXX compiler: /usr/bin/c++ - skipped\n'}
[14.072760] (gxf_isaac_optimizer) StdoutLine: {'line': b'-- Detecting CXX compile features\n'}
[14.073379] (gxf_isaac_optimizer) StdoutLine: {'line': b'-- Detecting CXX compile features - done\n'}
[14.075875] (gxf_isaac_message_compositor) StdoutLine: {'line': b'-- Check for working CXX compiler: /usr/bin/c++ - skipped\n'}
[14.076082] (gxf_isaac_message_compositor) StdoutLine: {'line': b'-- Detecting CXX compile features\n'}
[14.076459] (gxf_isaac_message_compositor) StdoutLine: {'line': b'-- Detecting CXX compile features - done\n'}
[14.076717] (gxf_isaac_gems) StdoutLine: {'line': b'-- Detecting CXX compiler ABI info - done\n'}
[14.076844] (gxf_isaac_optimizer) StdoutLine: {'line': b'-- Found ament_cmake_auto: 1.3.12 (/opt/ros/humble/share/ament_cmake_auto/cmake)\n'}
[14.079147] (gxf_isaac_sight) StdoutLine: {'line': b'-- Check for working CXX compiler: /usr/bin/c++ - skipped\n'}
[14.079330] (gxf_isaac_sight) StdoutLine: {'line': b'-- Detecting CXX compile features\n'}
[14.079496] (gxf_isaac_message_compositor) StdoutLine: {'line': b'-- Found ament_cmake_auto: 1.3.12 (/opt/ros/humble/share/ament_cmake_auto/cmake)\n'}
[14.079674] (gxf_isaac_sight) StdoutLine: {'line': b'-- Detecting CXX compile features - done\n'}
[14.081860] (gxf_isaac_gems) StdoutLine: {'line': b'-- Check for working CXX compiler: /usr/bin/c++ - skipped\n'}
[14.082026] (gxf_isaac_gems) StdoutLine: {'line': b'-- Detecting CXX compile features\n'}
[14.082135] (gxf_isaac_sight) StdoutLine: {'line': b'-- Found ament_cmake_auto: 1.3.12 (/opt/ros/humble/share/ament_cmake_auto/cmake)\n'}
[14.082357] (gxf_isaac_gems) StdoutLine: {'line': b'-- Detecting CXX compile features - done\n'}
[14.084975] (gxf_isaac_gems) StdoutLine: {'line': b'-- Found ament_cmake_auto: 1.3.12 (/opt/ros/humble/share/ament_cmake_auto/cmake)\n'}
[14.126253] (-) TimerEvent: {}
[14.226615] (-) TimerEvent: {}
[14.326860] (-) TimerEvent: {}
[14.427254] (-) TimerEvent: {}
[14.527605] (-) TimerEvent: {}
[14.582308] (gxf_isaac_message_compositor) StdoutLine: {'line': b'-- Found Python3: /usr/bin/python3 (found version "3.10.12") found components: Interpreter \n'}
[14.590537] (gxf_isaac_optimizer) StdoutLine: {'line': b'-- Found Python3: /usr/bin/python3 (found version "3.10.12") found components: Interpreter \n'}
[14.593519] (gxf_isaac_sight) StdoutLine: {'line': b'-- Found Python3: /usr/bin/python3 (found version "3.10.12") found components: Interpreter \n'}
[14.598982] (gxf_isaac_gems) StdoutLine: {'line': b'-- Found Python3: /usr/bin/python3 (found version "3.10.12") found components: Interpreter \n'}
[14.627714] (-) TimerEvent: {}
[14.638476] (gxf_isaac_message_compositor) StdoutLine: {'line': b'-- Override CMake install command with custom implementation using symlinks instead of copying resources\n'}
[14.638910] (gxf_isaac_optimizer) StdoutLine: {'line': b'-- Override CMake install command with custom implementation using symlinks instead of copying resources\n'}
[14.647835] (gxf_isaac_sight) StdoutLine: {'line': b'-- Override CMake install command with custom implementation using symlinks instead of copying resources\n'}
[14.651325] (gxf_isaac_gems) StdoutLine: {'line': b'-- Override CMake install command with custom implementation using symlinks instead of copying resources\n'}
[14.727918] (-) TimerEvent: {}
[14.742040] (gxf_isaac_message_compositor) StdoutLine: {'line': b'-- Loading isaac_ros_common extras\n'}
[14.742275] (gxf_isaac_message_compositor) StdoutLine: {'line': b'-- CMAKE_BUILD_TYPE: Release\n'}
[14.744968] (gxf_isaac_optimizer) StdoutLine: {'line': b'-- Loading isaac_ros_common extras\n'}
[14.745172] (gxf_isaac_optimizer) StdoutLine: {'line': b'-- CMAKE_BUILD_TYPE: Release\n'}
[14.756281] (gxf_isaac_sight) StdoutLine: {'line': b'-- Loading isaac_ros_common extras\n'}
[14.756486] (gxf_isaac_sight) StdoutLine: {'line': b'-- CMAKE_BUILD_TYPE: Release\n'}
[14.757828] (gxf_isaac_message_compositor) StdoutLine: {'line': b'-- Looking for pthread.h\n'}
[14.759151] (gxf_isaac_optimizer) StdoutLine: {'line': b'-- Looking for pthread.h\n'}
[14.764932] (gxf_isaac_gems) StdoutLine: {'line': b'-- Loading isaac_ros_common extras\n'}
[14.765193] (gxf_isaac_gems) StdoutLine: {'line': b'-- CMAKE_BUILD_TYPE: Release\n'}
[14.771671] (gxf_isaac_sight) StdoutLine: {'line': b'-- Looking for pthread.h\n'}
[14.778966] (gxf_isaac_gems) StdoutLine: {'line': b'-- Looking for pthread.h\n'}
[14.813952] (gxf_isaac_optimizer) StdoutLine: {'line': b'-- Looking for pthread.h - found\n'}
[14.814211] (gxf_isaac_optimizer) StdoutLine: {'line': b'-- Performing Test CMAKE_HAVE_LIBC_PTHREAD\n'}
[14.814574] (gxf_isaac_message_compositor) StdoutLine: {'line': b'-- Looking for pthread.h - found\n'}
[14.814766] (gxf_isaac_message_compositor) StdoutLine: {'line': b'-- Performing Test CMAKE_HAVE_LIBC_PTHREAD\n'}
[14.828046] (-) TimerEvent: {}
[14.841341] (gxf_isaac_sight) StdoutLine: {'line': b'-- Looking for pthread.h - found\n'}
[14.841808] (gxf_isaac_sight) StdoutLine: {'line': b'-- Performing Test CMAKE_HAVE_LIBC_PTHREAD\n'}
[14.860542] (gxf_isaac_gems) StdoutLine: {'line': b'-- Looking for pthread.h - found\n'}
[14.861024] (gxf_isaac_gems) StdoutLine: {'line': b'-- Performing Test CMAKE_HAVE_LIBC_PTHREAD\n'}
[14.890375] (gxf_isaac_message_compositor) StdoutLine: {'line': b'-- Performing Test CMAKE_HAVE_LIBC_PTHREAD - Success\n'}
[14.891811] (gxf_isaac_message_compositor) StdoutLine: {'line': b'-- Found Threads: TRUE  \n'}
[14.894914] (gxf_isaac_optimizer) StdoutLine: {'line': b'-- Performing Test CMAKE_HAVE_LIBC_PTHREAD - Success\n'}
[14.895977] (gxf_isaac_optimizer) StdoutLine: {'line': b'-- Found Threads: TRUE  \n'}
[14.909034] (gxf_isaac_message_compositor) StdoutLine: {'line': b'-- Found CUDA: /usr/local/cuda (found version "12.6") \n'}
[14.909697] (gxf_isaac_message_compositor) StdoutLine: {'line': b'-- CUDA architectures: 89;86;80;75;70\n'}
[14.909977] (gxf_isaac_message_compositor) StdoutLine: {'line': b'-- Loading isaac_ros_common extras (modules)\n'}
[14.913031] (gxf_isaac_optimizer) StdoutLine: {'line': b'-- Found CUDA: /usr/local/cuda (found version "12.6") \n'}
[14.913659] (gxf_isaac_optimizer) StdoutLine: {'line': b'-- CUDA architectures: 89;86;80;75;70\n'}
[14.913901] (gxf_isaac_optimizer) StdoutLine: {'line': b'-- Loading isaac_ros_common extras (modules)\n'}
[14.923464] (gxf_isaac_sight) StdoutLine: {'line': b'-- Performing Test CMAKE_HAVE_LIBC_PTHREAD - Success\n'}
[14.924150] (gxf_isaac_sight) StdoutLine: {'line': b'-- Found Threads: TRUE  \n'}
[14.928159] (-) TimerEvent: {}
[14.931663] (gxf_isaac_gems) StdoutLine: {'line': b'-- Performing Test CMAKE_HAVE_LIBC_PTHREAD - Success\n'}
[14.932476] (gxf_isaac_gems) StdoutLine: {'line': b'-- Found Threads: TRUE  \n'}
[14.939140] (gxf_isaac_sight) StdoutLine: {'line': b'-- Found CUDA: /usr/local/cuda (found version "12.6") \n'}
[14.939548] (gxf_isaac_sight) StdoutLine: {'line': b'-- CUDA architectures: 89;86;80;75;70\n'}
[14.939722] (gxf_isaac_sight) StdoutLine: {'line': b'-- Loading isaac_ros_common extras (modules)\n'}
[14.947319] (gxf_isaac_gems) StdoutLine: {'line': b'-- Found CUDA: /usr/local/cuda (found version "12.6") \n'}
[14.947605] (gxf_isaac_gems) StdoutLine: {'line': b'-- CUDA architectures: 89;86;80;75;70\n'}
[14.947728] (gxf_isaac_gems) StdoutLine: {'line': b'-- Loading isaac_ros_common extras (modules)\n'}
[14.957039] (gxf_isaac_message_compositor) StdoutLine: {'line': b'-- Found rosidl_generator_c: 3.1.7 (/opt/ros/humble/share/rosidl_generator_c/cmake)\n'}
[14.959862] (gxf_isaac_optimizer) StdoutLine: {'line': b'-- Found rosidl_generator_c: 3.1.7 (/opt/ros/humble/share/rosidl_generator_c/cmake)\n'}
[14.964579] (gxf_isaac_message_compositor) StdoutLine: {'line': b'-- Found rosidl_adapter: 3.1.7 (/opt/ros/humble/share/rosidl_adapter/cmake)\n'}
[14.967272] (gxf_isaac_optimizer) StdoutLine: {'line': b'-- Found rosidl_adapter: 3.1.7 (/opt/ros/humble/share/rosidl_adapter/cmake)\n'}
[14.974123] (gxf_isaac_message_compositor) StdoutLine: {'line': b'-- Found rosidl_generator_cpp: 3.1.7 (/opt/ros/humble/share/rosidl_generator_cpp/cmake)\n'}
[14.976011] (gxf_isaac_optimizer) StdoutLine: {'line': b'-- Found rosidl_generator_cpp: 3.1.7 (/opt/ros/humble/share/rosidl_generator_cpp/cmake)\n'}
[14.982201] (gxf_isaac_sight) StdoutLine: {'line': b'-- Found rosidl_generator_c: 3.1.7 (/opt/ros/humble/share/rosidl_generator_c/cmake)\n'}
[14.985684] (gxf_isaac_message_compositor) StdoutLine: {'line': b'-- Using all available rosidl_typesupport_c: rosidl_typesupport_fastrtps_c;rosidl_typesupport_introspection_c\n'}
[14.987944] (gxf_isaac_optimizer) StdoutLine: {'line': b'-- Using all available rosidl_typesupport_c: rosidl_typesupport_fastrtps_c;rosidl_typesupport_introspection_c\n'}
[14.988517] (gxf_isaac_sight) StdoutLine: {'line': b'-- Found rosidl_adapter: 3.1.7 (/opt/ros/humble/share/rosidl_adapter/cmake)\n'}
[14.990553] (gxf_isaac_gems) StdoutLine: {'line': b'-- Found rosidl_generator_c: 3.1.7 (/opt/ros/humble/share/rosidl_generator_c/cmake)\n'}
[14.997899] (gxf_isaac_gems) StdoutLine: {'line': b'-- Found rosidl_adapter: 3.1.7 (/opt/ros/humble/share/rosidl_adapter/cmake)\n'}
[14.999243] (gxf_isaac_sight) StdoutLine: {'line': b'-- Found rosidl_generator_cpp: 3.1.7 (/opt/ros/humble/share/rosidl_generator_cpp/cmake)\n'}
[15.002097] (gxf_isaac_message_compositor) StdoutLine: {'line': b'-- Using all available rosidl_typesupport_cpp: rosidl_typesupport_fastrtps_cpp;rosidl_typesupport_introspection_cpp\n'}
[15.006909] (gxf_isaac_gems) StdoutLine: {'line': b'-- Found rosidl_generator_cpp: 3.1.7 (/opt/ros/humble/share/rosidl_generator_cpp/cmake)\n'}
[15.007446] (gxf_isaac_optimizer) StdoutLine: {'line': b'-- Using all available rosidl_typesupport_cpp: rosidl_typesupport_fastrtps_cpp;rosidl_typesupport_introspection_cpp\n'}
[15.011574] (gxf_isaac_sight) StdoutLine: {'line': b'-- Using all available rosidl_typesupport_c: rosidl_typesupport_fastrtps_c;rosidl_typesupport_introspection_c\n'}
[15.018254] (gxf_isaac_gems) StdoutLine: {'line': b'-- Using all available rosidl_typesupport_c: rosidl_typesupport_fastrtps_c;rosidl_typesupport_introspection_c\n'}
[15.028299] (-) TimerEvent: {}
[15.029152] (gxf_isaac_sight) StdoutLine: {'line': b'-- Using all available rosidl_typesupport_cpp: rosidl_typesupport_fastrtps_cpp;rosidl_typesupport_introspection_cpp\n'}
[15.035025] (gxf_isaac_gems) StdoutLine: {'line': b'-- Using all available rosidl_typesupport_cpp: rosidl_typesupport_fastrtps_cpp;rosidl_typesupport_introspection_cpp\n'}
[15.046751] (gxf_isaac_message_compositor) StdoutLine: {'line': b'-- Found rmw_implementation_cmake: 6.1.2 (/opt/ros/humble/share/rmw_implementation_cmake/cmake)\n'}
[15.050214] (gxf_isaac_message_compositor) StdoutLine: {'line': b'-- Found rmw_fastrtps_cpp: 6.2.9 (/opt/ros/humble/share/rmw_fastrtps_cpp/cmake)\n'}
[15.061560] (gxf_isaac_optimizer) StdoutLine: {'line': b'-- Found rmw_implementation_cmake: 6.1.2 (/opt/ros/humble/share/rmw_implementation_cmake/cmake)\n'}
[15.064983] (gxf_isaac_optimizer) StdoutLine: {'line': b'-- Found rmw_fastrtps_cpp: 6.2.9 (/opt/ros/humble/share/rmw_fastrtps_cpp/cmake)\n'}
[15.074438] (gxf_isaac_sight) StdoutLine: {'line': b'-- Found rmw_implementation_cmake: 6.1.2 (/opt/ros/humble/share/rmw_implementation_cmake/cmake)\n'}
[15.078184] (gxf_isaac_sight) StdoutLine: {'line': b'-- Found rmw_fastrtps_cpp: 6.2.9 (/opt/ros/humble/share/rmw_fastrtps_cpp/cmake)\n'}
[15.079200] (gxf_isaac_gems) StdoutLine: {'line': b'-- Found rmw_implementation_cmake: 6.1.2 (/opt/ros/humble/share/rmw_implementation_cmake/cmake)\n'}
[15.083019] (gxf_isaac_gems) StdoutLine: {'line': b'-- Found rmw_fastrtps_cpp: 6.2.9 (/opt/ros/humble/share/rmw_fastrtps_cpp/cmake)\n'}
[15.128401] (-) TimerEvent: {}
[15.142202] (gxf_isaac_message_compositor) StdoutLine: {'line': b'-- Found OpenSSL: /usr/lib/x86_64-linux-gnu/libcrypto.so (found version "3.0.2")  \n'}
[15.147350] (gxf_isaac_optimizer) StdoutLine: {'line': b'-- Found OpenSSL: /usr/lib/x86_64-linux-gnu/libcrypto.so (found version "3.0.2")  \n'}
[15.155445] (gxf_isaac_sight) StdoutLine: {'line': b'-- Found OpenSSL: /usr/lib/x86_64-linux-gnu/libcrypto.so (found version "3.0.2")  \n'}
[15.168793] (gxf_isaac_gems) StdoutLine: {'line': b'-- Found OpenSSL: /usr/lib/x86_64-linux-gnu/libcrypto.so (found version "3.0.2")  \n'}
[15.169131] (gxf_isaac_message_compositor) StdoutLine: {'line': b'-- Found FastRTPS: /opt/ros/humble/include  \n'}
[15.172939] (gxf_isaac_optimizer) StdoutLine: {'line': b'-- Found FastRTPS: /opt/ros/humble/include  \n'}
[15.181441] (gxf_isaac_sight) StdoutLine: {'line': b'-- Found FastRTPS: /opt/ros/humble/include  \n'}
[15.193695] (gxf_isaac_gems) StdoutLine: {'line': b'-- Found FastRTPS: /opt/ros/humble/include  \n'}
[15.213504] (gxf_isaac_message_compositor) StdoutLine: {'line': b"-- Using RMW implementation 'rmw_fastrtps_cpp' as default\n"}
[15.217684] (gxf_isaac_optimizer) StdoutLine: {'line': b"-- Using RMW implementation 'rmw_fastrtps_cpp' as default\n"}
[15.226572] (gxf_isaac_sight) StdoutLine: {'line': b"-- Using RMW implementation 'rmw_fastrtps_cpp' as default\n"}
[15.228499] (-) TimerEvent: {}
[15.240581] (gxf_isaac_gems) StdoutLine: {'line': b"-- Using RMW implementation 'rmw_fastrtps_cpp' as default\n"}
[15.267632] (gxf_isaac_message_compositor) StdoutLine: {'line': b'-- Loading isaac_ros_gxf extras\n'}
[15.271956] (gxf_isaac_optimizer) StdoutLine: {'line': b'-- Loading isaac_ros_gxf extras\n'}
[15.282000] (gxf_isaac_sight) StdoutLine: {'line': b'-- Loading isaac_ros_gxf extras\n'}
[15.295689] (gxf_isaac_gems) StdoutLine: {'line': b'-- Loading isaac_ros_gxf extras\n'}
[15.323439] (gxf_isaac_message_compositor) StdoutLine: {'line': b'-- Configuring done\n'}
[15.326357] (gxf_isaac_message_compositor) StdoutLine: {'line': b'-- Generating done\n'}
[15.327748] (gxf_isaac_message_compositor) StdoutLine: {'line': b'-- Build files have been written to: /workspaces/isaac_ros-dev/build/gxf_isaac_message_compositor\n'}
[15.328565] (-) TimerEvent: {}
[15.329927] (gxf_isaac_optimizer) StdoutLine: {'line': b'-- Configuring done\n'}
[15.332969] (gxf_isaac_optimizer) StdoutLine: {'line': b'-- Generating done\n'}
[15.333934] (gxf_isaac_message_compositor) CommandEnded: {'returncode': 0}
[15.334534] (gxf_isaac_optimizer) StdoutLine: {'line': b'-- Build files have been written to: /workspaces/isaac_ros-dev/build/gxf_isaac_optimizer\n'}
[15.334825] (gxf_isaac_message_compositor) JobProgress: {'identifier': 'gxf_isaac_message_compositor', 'progress': 'build'}
[15.335176] (gxf_isaac_message_compositor) Command: {'cmd': ['/usr/bin/cmake', '--build', '/workspaces/isaac_ros-dev/build/gxf_isaac_message_compositor', '--', '-j16', '-l16'], 'cwd': '/workspaces/isaac_ros-dev/build/gxf_isaac_message_compositor', 'env': OrderedDict([('DALI_BUILD', '16741769'), ('LIBRARY_PATH', '/usr/local/cuda/lib64/stubs:'), ('NVIDIA_CTK_LIBCUDA_DIR', '/usr/lib/x86_64-linux-gnu/nvidia/current'), ('PYTHONWARNINGS', 'ignore:::setuptools.command.install,ignore:::setuptools.command.easy_install,ignore:::pkg_resources,ignore:::setuptools.command.develop'), ('USER', 'diego'), ('TRT_INC_PATH', '/usr/include/x86_64-linux-gnu'), ('TF_ADJUST_SATURATION_FUSED', '1'), ('CUSOLVER_VERSION', '11.6.4.38'), ('HOSTNAME', 'debian'), ('CUTENSOR_VERSION', '2.0.2.5'), ('SHLVL', '1'), ('LD_LIBRARY_PATH', '/workspaces/isaac_ros-dev/install/isaac_ros_gxf/lib:/workspaces/isaac_ros-dev/install/isaac_ros_common/lib:/opt/ros/humble/opt/openvdb_vendor/lib:/opt/ros/humble/opt/rviz_ogre_vendor/lib:/opt/ros/humble/lib/x86_64-linux-gnu:/opt/ros/humble/lib:/usr/local/libcudss-linux-0.3.0.9_cuda12-archive/lib:/opt/hpcx/ucc/lib/:/opt/hpcx/ucx/lib/:/usr/local/cuda/compat/lib:/usr/local/nvidia/lib:/usr/local/nvidia/lib64:/opt/tritonserver/lib'), ('HOME', '/home/admin'), ('NVIDIA_TRITON_SERVER_VERSION', '24.08'), ('OLDPWD', '/workspaces/isaac_ros-dev'), ('HOST_USER_GID', '1000'), ('CUDA_CACHE_DISABLE', '1'), ('ROS_PYTHON_VERSION', '3'), ('MODEL_OPT_VERSION', '0.15.0'), ('ENV', '/etc/shinit_v2'), ('RDMACORE_VERSION', '39.0'), ('NVJPEG_VERSION', '12.3.3.23'), ('NVIDIA_BUILD_ID', '107631419'), ('CUDA_VERSION', '12.6.0.022'), ('TCMALLOC_RELEASE_RATE', '200'), ('CUBLAS_VERSION', '12.6.0.22'), ('NSIGHT_SYSTEMS_VERSION', '2024.4.2.133'), ('COLCON_PREFIX_PATH', '/workspaces/isaac_ros-dev/install'), ('CUDA_VISIBLE_DEVICES', '0'), ('ROS_DISTRO', 'humble'), ('OPAL_PREFIX', '/opt/hpcx/ompi'), ('NVIDIA_REQUIRE_CUDA', 'cuda>=9.0'), ('TRT_VERSION', '10.3.0.26+cuda12.5.1.007'), ('GDRCOPY_VERSION', '2.3.1-1'), ('_', '/usr/bin/colcon'), ('ROS_VERSION', '2'), ('NVIDIA_DRIVER_CAPABILITIES', 'compute,utility,graphics'), ('POLYGRAPHY_VERSION', '0.49.13'), ('CURAND_VERSION', '10.3.7.37'), ('MOFED_VERSION', '5.4-rdmacore39.0'), ('USERNAME', 'admin'), ('TERM', 'xterm'), ('ISAAC_ROS_WS', '/workspaces/isaac_ros-dev'), ('ROS_LOCALHOST_ONLY', '0'), ('TRANSFORMER_ENGINE_VERSION', '1.9'), ('PATH', '/workspaces/isaac_ros-dev/install/isaac_ros_common/bin:/opt/ros/humble/bin:/opt/ros/humble/vcstool/scripts:/opt/tritonserver/bin:/usr/local/mpi/bin:/usr/local/nvidia/bin:/usr/local/cuda/bin:/usr/local/sbin:/usr/local/bin:/usr/sbin:/usr/bin:/sbin:/bin:/usr/local/ucx/bin'), ('HOST_USER_UID', '1000'), ('CUDSS_DIR', '/usr/local/libcudss-linux-0.3.0.9_cuda12-archive'), ('CUDA_DRIVER_VERSION', '560.35.03'), ('_CUDA_COMPAT_STATUS', 'Unknown error (CUDA_ERROR_UNKNOWN) cuInit()=999'), ('DISPLAY', ':1'), ('NVIDIA_PRODUCT_NAME', 'Triton Server'), ('LANG', 'en_US.UTF-8'), ('RMW_IMPLEMENTATION', 'rmw_fastrtps_cpp'), ('NPP_VERSION', '12.3.1.23'), ('ROS_ROOT', '/opt/ros/humble'), ('UCX_MEM_EVENTS', 'no'), ('CUFFT_VERSION', '11.2.6.28'), ('SSH_AUTH_SOCK', '/ssh-agent'), ('TF_ENABLE_WINOGRAD_NONFUSED', '1'), ('AMENT_PREFIX_PATH', '/workspaces/isaac_ros-dev/install/isaac_ros_gxf:/workspaces/isaac_ros-dev/install/isaac_ros_test:/workspaces/isaac_ros-dev/install/isaac_ros_launch_utils:/workspaces/isaac_ros-dev/install/isaac_ros_common:/workspaces/isaac_ros-dev/install/isaac_common_py:/opt/ros/humble'), ('CUDNN_VERSION', '9.3.0.75'), ('NSIGHT_COMPUTE_VERSION', '2024.3.0.15'), ('DALI_VERSION', '1.40.0'), ('DEBIAN_FRONTEND', 'noninteractive'), ('SHELL', '/bin/bash'), ('DCGM_VERSION', '3.2.6'), ('CUDNN_FRONTEND_VERSION', '1.5.2'), ('OPENMPI_VERSION', '4.1.7'), ('TRTOSS_VERSION', '24.08'), ('OMPI_MCA_coll_hcoll_enable', '0'), ('CUSPARSE_VERSION', '12.5.2.23'), ('NVIDIA_REQUIRE_JETPACK_HOST_MOUNTS', ''), ('TRITON_SERVER_GPU_ENABLED', '1'), ('TRITON_SERVER_VERSION', '2.49.0'), ('BASH_ENV', '/etc/bash.bashrc'), ('PWD', '/workspaces/isaac_ros-dev/build/gxf_isaac_message_compositor'), ('CUSPARSELT_VERSION', '0.6.2.3'), ('PYTHONPATH', '/workspaces/isaac_ros-dev/build/isaac_ros_test:/workspaces/isaac_ros-dev/install/isaac_ros_test/lib/python3.10/site-packages:/workspaces/isaac_ros-dev/build/isaac_ros_launch_utils:/workspaces/isaac_ros-dev/install/isaac_ros_launch_utils/lib/python3.10/site-packages:/workspaces/isaac_ros-dev/install/isaac_ros_common/local/lib/python3.10/dist-packages:/workspaces/isaac_ros-dev/build/isaac_common_py:/workspaces/isaac_ros-dev/install/isaac_common_py/lib/python3.10/site-packages:/opt/ros/humble/lib/python3.10/site-packages:/opt/ros/humble/local/lib/python3.10/dist-packages:/opt/ros/humble/vcstool:/opt/tritonserver/backends/dali/wheel/dali:'), ('_CUDA_COMPAT_PATH', '/usr/local/cuda/compat'), ('TRITON_SERVER_USER', 'triton-server'), ('TF_ADJUST_HUE_FUSED', '1'), ('NVIDIA_VISIBLE_DEVICES', 'void'), ('NCCL_VERSION', '2.22.3'), ('COLCON', '1'), ('OPENUCX_VERSION', '1.17.0'), ('HPCX_VERSION', '2.19'), ('CMAKE_PREFIX_PATH', '/workspaces/isaac_ros-dev/install/isaac_ros_gxf:/workspaces/isaac_ros-dev/install/isaac_ros_common:/usr/local/libcudss-linux-0.3.0.9_cuda12-archive:/workspaces/isaac_ros-dev/install/isaac_ros_test:/workspaces/isaac_ros-dev/install/isaac_ros_launch_utils:/workspaces/isaac_ros-dev/install/isaac_common_py:/opt/ros/humble'), ('TF_AUTOTUNE_THRESHOLD', '2'), ('TRT_LIB_PATH', '/usr/lib/x86_64-linux-gnu')]), 'shell': False}
[15.336320] (gxf_isaac_sight) StdoutLine: {'line': b'-- Configuring done\n'}
[15.338970] (gxf_isaac_sight) StdoutLine: {'line': b'-- Generating done\n'}
[15.340595] (gxf_isaac_sight) StdoutLine: {'line': b'-- Build files have been written to: /workspaces/isaac_ros-dev/build/gxf_isaac_sight\n'}
[15.341447] (gxf_isaac_optimizer) CommandEnded: {'returncode': 0}
[15.342190] (gxf_isaac_optimizer) JobProgress: {'identifier': 'gxf_isaac_optimizer', 'progress': 'build'}
[15.343304] (gxf_isaac_optimizer) Command: {'cmd': ['/usr/bin/cmake', '--build', '/workspaces/isaac_ros-dev/build/gxf_isaac_optimizer', '--', '-j16', '-l16'], 'cwd': '/workspaces/isaac_ros-dev/build/gxf_isaac_optimizer', 'env': OrderedDict([('DALI_BUILD', '16741769'), ('LIBRARY_PATH', '/usr/local/cuda/lib64/stubs:'), ('NVIDIA_CTK_LIBCUDA_DIR', '/usr/lib/x86_64-linux-gnu/nvidia/current'), ('PYTHONWARNINGS', 'ignore:::setuptools.command.install,ignore:::setuptools.command.easy_install,ignore:::pkg_resources,ignore:::setuptools.command.develop'), ('USER', 'diego'), ('TRT_INC_PATH', '/usr/include/x86_64-linux-gnu'), ('TF_ADJUST_SATURATION_FUSED', '1'), ('CUSOLVER_VERSION', '11.6.4.38'), ('HOSTNAME', 'debian'), ('CUTENSOR_VERSION', '2.0.2.5'), ('SHLVL', '1'), ('LD_LIBRARY_PATH', '/workspaces/isaac_ros-dev/install/isaac_ros_gxf/lib:/workspaces/isaac_ros-dev/install/isaac_ros_common/lib:/opt/ros/humble/opt/openvdb_vendor/lib:/opt/ros/humble/opt/rviz_ogre_vendor/lib:/opt/ros/humble/lib/x86_64-linux-gnu:/opt/ros/humble/lib:/usr/local/libcudss-linux-0.3.0.9_cuda12-archive/lib:/opt/hpcx/ucc/lib/:/opt/hpcx/ucx/lib/:/usr/local/cuda/compat/lib:/usr/local/nvidia/lib:/usr/local/nvidia/lib64:/opt/tritonserver/lib'), ('HOME', '/home/admin'), ('NVIDIA_TRITON_SERVER_VERSION', '24.08'), ('OLDPWD', '/workspaces/isaac_ros-dev'), ('HOST_USER_GID', '1000'), ('CUDA_CACHE_DISABLE', '1'), ('ROS_PYTHON_VERSION', '3'), ('MODEL_OPT_VERSION', '0.15.0'), ('ENV', '/etc/shinit_v2'), ('RDMACORE_VERSION', '39.0'), ('NVJPEG_VERSION', '12.3.3.23'), ('NVIDIA_BUILD_ID', '107631419'), ('CUDA_VERSION', '12.6.0.022'), ('TCMALLOC_RELEASE_RATE', '200'), ('CUBLAS_VERSION', '12.6.0.22'), ('NSIGHT_SYSTEMS_VERSION', '2024.4.2.133'), ('COLCON_PREFIX_PATH', '/workspaces/isaac_ros-dev/install'), ('CUDA_VISIBLE_DEVICES', '0'), ('ROS_DISTRO', 'humble'), ('OPAL_PREFIX', '/opt/hpcx/ompi'), ('NVIDIA_REQUIRE_CUDA', 'cuda>=9.0'), ('TRT_VERSION', '10.3.0.26+cuda12.5.1.007'), ('GDRCOPY_VERSION', '2.3.1-1'), ('_', '/usr/bin/colcon'), ('ROS_VERSION', '2'), ('NVIDIA_DRIVER_CAPABILITIES', 'compute,utility,graphics'), ('POLYGRAPHY_VERSION', '0.49.13'), ('CURAND_VERSION', '10.3.7.37'), ('MOFED_VERSION', '5.4-rdmacore39.0'), ('USERNAME', 'admin'), ('TERM', 'xterm'), ('ISAAC_ROS_WS', '/workspaces/isaac_ros-dev'), ('ROS_LOCALHOST_ONLY', '0'), ('TRANSFORMER_ENGINE_VERSION', '1.9'), ('PATH', '/workspaces/isaac_ros-dev/install/isaac_ros_common/bin:/opt/ros/humble/bin:/opt/ros/humble/vcstool/scripts:/opt/tritonserver/bin:/usr/local/mpi/bin:/usr/local/nvidia/bin:/usr/local/cuda/bin:/usr/local/sbin:/usr/local/bin:/usr/sbin:/usr/bin:/sbin:/bin:/usr/local/ucx/bin'), ('HOST_USER_UID', '1000'), ('CUDSS_DIR', '/usr/local/libcudss-linux-0.3.0.9_cuda12-archive'), ('CUDA_DRIVER_VERSION', '560.35.03'), ('_CUDA_COMPAT_STATUS', 'Unknown error (CUDA_ERROR_UNKNOWN) cuInit()=999'), ('DISPLAY', ':1'), ('NVIDIA_PRODUCT_NAME', 'Triton Server'), ('LANG', 'en_US.UTF-8'), ('RMW_IMPLEMENTATION', 'rmw_fastrtps_cpp'), ('NPP_VERSION', '12.3.1.23'), ('ROS_ROOT', '/opt/ros/humble'), ('UCX_MEM_EVENTS', 'no'), ('CUFFT_VERSION', '11.2.6.28'), ('SSH_AUTH_SOCK', '/ssh-agent'), ('TF_ENABLE_WINOGRAD_NONFUSED', '1'), ('AMENT_PREFIX_PATH', '/workspaces/isaac_ros-dev/install/isaac_ros_gxf:/workspaces/isaac_ros-dev/install/isaac_ros_test:/workspaces/isaac_ros-dev/install/isaac_ros_launch_utils:/workspaces/isaac_ros-dev/install/isaac_ros_common:/workspaces/isaac_ros-dev/install/isaac_common_py:/opt/ros/humble'), ('CUDNN_VERSION', '9.3.0.75'), ('NSIGHT_COMPUTE_VERSION', '2024.3.0.15'), ('DALI_VERSION', '1.40.0'), ('DEBIAN_FRONTEND', 'noninteractive'), ('SHELL', '/bin/bash'), ('DCGM_VERSION', '3.2.6'), ('CUDNN_FRONTEND_VERSION', '1.5.2'), ('OPENMPI_VERSION', '4.1.7'), ('TRTOSS_VERSION', '24.08'), ('OMPI_MCA_coll_hcoll_enable', '0'), ('CUSPARSE_VERSION', '12.5.2.23'), ('NVIDIA_REQUIRE_JETPACK_HOST_MOUNTS', ''), ('TRITON_SERVER_GPU_ENABLED', '1'), ('TRITON_SERVER_VERSION', '2.49.0'), ('BASH_ENV', '/etc/bash.bashrc'), ('PWD', '/workspaces/isaac_ros-dev/build/gxf_isaac_optimizer'), ('CUSPARSELT_VERSION', '0.6.2.3'), ('PYTHONPATH', '/workspaces/isaac_ros-dev/build/isaac_ros_test:/workspaces/isaac_ros-dev/install/isaac_ros_test/lib/python3.10/site-packages:/workspaces/isaac_ros-dev/build/isaac_ros_launch_utils:/workspaces/isaac_ros-dev/install/isaac_ros_launch_utils/lib/python3.10/site-packages:/workspaces/isaac_ros-dev/install/isaac_ros_common/local/lib/python3.10/dist-packages:/workspaces/isaac_ros-dev/build/isaac_common_py:/workspaces/isaac_ros-dev/install/isaac_common_py/lib/python3.10/site-packages:/opt/ros/humble/lib/python3.10/site-packages:/opt/ros/humble/local/lib/python3.10/dist-packages:/opt/ros/humble/vcstool:/opt/tritonserver/backends/dali/wheel/dali:'), ('_CUDA_COMPAT_PATH', '/usr/local/cuda/compat'), ('TRITON_SERVER_USER', 'triton-server'), ('TF_ADJUST_HUE_FUSED', '1'), ('NVIDIA_VISIBLE_DEVICES', 'void'), ('NCCL_VERSION', '2.22.3'), ('COLCON', '1'), ('OPENUCX_VERSION', '1.17.0'), ('HPCX_VERSION', '2.19'), ('CMAKE_PREFIX_PATH', '/workspaces/isaac_ros-dev/install/isaac_ros_gxf:/workspaces/isaac_ros-dev/install/isaac_ros_common:/usr/local/libcudss-linux-0.3.0.9_cuda12-archive:/workspaces/isaac_ros-dev/install/isaac_ros_test:/workspaces/isaac_ros-dev/install/isaac_ros_launch_utils:/workspaces/isaac_ros-dev/install/isaac_common_py:/opt/ros/humble'), ('TF_AUTOTUNE_THRESHOLD', '2'), ('TRT_LIB_PATH', '/usr/lib/x86_64-linux-gnu')]), 'shell': False}
[15.348816] (gxf_isaac_sight) CommandEnded: {'returncode': 0}
[15.349343] (gxf_isaac_sight) JobProgress: {'identifier': 'gxf_isaac_sight', 'progress': 'build'}
[15.349614] (gxf_isaac_sight) Command: {'cmd': ['/usr/bin/cmake', '--build', '/workspaces/isaac_ros-dev/build/gxf_isaac_sight', '--', '-j16', '-l16'], 'cwd': '/workspaces/isaac_ros-dev/build/gxf_isaac_sight', 'env': OrderedDict([('DALI_BUILD', '16741769'), ('LIBRARY_PATH', '/usr/local/cuda/lib64/stubs:'), ('NVIDIA_CTK_LIBCUDA_DIR', '/usr/lib/x86_64-linux-gnu/nvidia/current'), ('PYTHONWARNINGS', 'ignore:::setuptools.command.install,ignore:::setuptools.command.easy_install,ignore:::pkg_resources,ignore:::setuptools.command.develop'), ('USER', 'diego'), ('TRT_INC_PATH', '/usr/include/x86_64-linux-gnu'), ('TF_ADJUST_SATURATION_FUSED', '1'), ('CUSOLVER_VERSION', '11.6.4.38'), ('HOSTNAME', 'debian'), ('CUTENSOR_VERSION', '2.0.2.5'), ('SHLVL', '1'), ('LD_LIBRARY_PATH', '/workspaces/isaac_ros-dev/install/isaac_ros_gxf/lib:/workspaces/isaac_ros-dev/install/isaac_ros_common/lib:/opt/ros/humble/opt/openvdb_vendor/lib:/opt/ros/humble/opt/rviz_ogre_vendor/lib:/opt/ros/humble/lib/x86_64-linux-gnu:/opt/ros/humble/lib:/usr/local/libcudss-linux-0.3.0.9_cuda12-archive/lib:/opt/hpcx/ucc/lib/:/opt/hpcx/ucx/lib/:/usr/local/cuda/compat/lib:/usr/local/nvidia/lib:/usr/local/nvidia/lib64:/opt/tritonserver/lib'), ('HOME', '/home/admin'), ('NVIDIA_TRITON_SERVER_VERSION', '24.08'), ('OLDPWD', '/workspaces/isaac_ros-dev'), ('HOST_USER_GID', '1000'), ('CUDA_CACHE_DISABLE', '1'), ('ROS_PYTHON_VERSION', '3'), ('MODEL_OPT_VERSION', '0.15.0'), ('ENV', '/etc/shinit_v2'), ('RDMACORE_VERSION', '39.0'), ('NVJPEG_VERSION', '12.3.3.23'), ('NVIDIA_BUILD_ID', '107631419'), ('CUDA_VERSION', '12.6.0.022'), ('TCMALLOC_RELEASE_RATE', '200'), ('CUBLAS_VERSION', '12.6.0.22'), ('NSIGHT_SYSTEMS_VERSION', '2024.4.2.133'), ('COLCON_PREFIX_PATH', '/workspaces/isaac_ros-dev/install'), ('CUDA_VISIBLE_DEVICES', '0'), ('ROS_DISTRO', 'humble'), ('OPAL_PREFIX', '/opt/hpcx/ompi'), ('NVIDIA_REQUIRE_CUDA', 'cuda>=9.0'), ('TRT_VERSION', '10.3.0.26+cuda12.5.1.007'), ('GDRCOPY_VERSION', '2.3.1-1'), ('_', '/usr/bin/colcon'), ('ROS_VERSION', '2'), ('NVIDIA_DRIVER_CAPABILITIES', 'compute,utility,graphics'), ('POLYGRAPHY_VERSION', '0.49.13'), ('CURAND_VERSION', '10.3.7.37'), ('MOFED_VERSION', '5.4-rdmacore39.0'), ('USERNAME', 'admin'), ('TERM', 'xterm'), ('ISAAC_ROS_WS', '/workspaces/isaac_ros-dev'), ('ROS_LOCALHOST_ONLY', '0'), ('TRANSFORMER_ENGINE_VERSION', '1.9'), ('PATH', '/workspaces/isaac_ros-dev/install/isaac_ros_common/bin:/opt/ros/humble/bin:/opt/ros/humble/vcstool/scripts:/opt/tritonserver/bin:/usr/local/mpi/bin:/usr/local/nvidia/bin:/usr/local/cuda/bin:/usr/local/sbin:/usr/local/bin:/usr/sbin:/usr/bin:/sbin:/bin:/usr/local/ucx/bin'), ('HOST_USER_UID', '1000'), ('CUDSS_DIR', '/usr/local/libcudss-linux-0.3.0.9_cuda12-archive'), ('CUDA_DRIVER_VERSION', '560.35.03'), ('_CUDA_COMPAT_STATUS', 'Unknown error (CUDA_ERROR_UNKNOWN) cuInit()=999'), ('DISPLAY', ':1'), ('NVIDIA_PRODUCT_NAME', 'Triton Server'), ('LANG', 'en_US.UTF-8'), ('RMW_IMPLEMENTATION', 'rmw_fastrtps_cpp'), ('NPP_VERSION', '12.3.1.23'), ('ROS_ROOT', '/opt/ros/humble'), ('UCX_MEM_EVENTS', 'no'), ('CUFFT_VERSION', '11.2.6.28'), ('SSH_AUTH_SOCK', '/ssh-agent'), ('TF_ENABLE_WINOGRAD_NONFUSED', '1'), ('AMENT_PREFIX_PATH', '/workspaces/isaac_ros-dev/install/isaac_ros_gxf:/workspaces/isaac_ros-dev/install/isaac_ros_test:/workspaces/isaac_ros-dev/install/isaac_ros_launch_utils:/workspaces/isaac_ros-dev/install/isaac_ros_common:/workspaces/isaac_ros-dev/install/isaac_common_py:/opt/ros/humble'), ('CUDNN_VERSION', '9.3.0.75'), ('NSIGHT_COMPUTE_VERSION', '2024.3.0.15'), ('DALI_VERSION', '1.40.0'), ('DEBIAN_FRONTEND', 'noninteractive'), ('SHELL', '/bin/bash'), ('DCGM_VERSION', '3.2.6'), ('CUDNN_FRONTEND_VERSION', '1.5.2'), ('OPENMPI_VERSION', '4.1.7'), ('TRTOSS_VERSION', '24.08'), ('OMPI_MCA_coll_hcoll_enable', '0'), ('CUSPARSE_VERSION', '12.5.2.23'), ('NVIDIA_REQUIRE_JETPACK_HOST_MOUNTS', ''), ('TRITON_SERVER_GPU_ENABLED', '1'), ('TRITON_SERVER_VERSION', '2.49.0'), ('BASH_ENV', '/etc/bash.bashrc'), ('PWD', '/workspaces/isaac_ros-dev/build/gxf_isaac_sight'), ('CUSPARSELT_VERSION', '0.6.2.3'), ('PYTHONPATH', '/workspaces/isaac_ros-dev/build/isaac_ros_test:/workspaces/isaac_ros-dev/install/isaac_ros_test/lib/python3.10/site-packages:/workspaces/isaac_ros-dev/build/isaac_ros_launch_utils:/workspaces/isaac_ros-dev/install/isaac_ros_launch_utils/lib/python3.10/site-packages:/workspaces/isaac_ros-dev/install/isaac_ros_common/local/lib/python3.10/dist-packages:/workspaces/isaac_ros-dev/build/isaac_common_py:/workspaces/isaac_ros-dev/install/isaac_common_py/lib/python3.10/site-packages:/opt/ros/humble/lib/python3.10/site-packages:/opt/ros/humble/local/lib/python3.10/dist-packages:/opt/ros/humble/vcstool:/opt/tritonserver/backends/dali/wheel/dali:'), ('_CUDA_COMPAT_PATH', '/usr/local/cuda/compat'), ('TRITON_SERVER_USER', 'triton-server'), ('TF_ADJUST_HUE_FUSED', '1'), ('NVIDIA_VISIBLE_DEVICES', 'void'), ('NCCL_VERSION', '2.22.3'), ('COLCON', '1'), ('OPENUCX_VERSION', '1.17.0'), ('HPCX_VERSION', '2.19'), ('CMAKE_PREFIX_PATH', '/workspaces/isaac_ros-dev/install/isaac_ros_gxf:/workspaces/isaac_ros-dev/install/isaac_ros_common:/usr/local/libcudss-linux-0.3.0.9_cuda12-archive:/workspaces/isaac_ros-dev/install/isaac_ros_test:/workspaces/isaac_ros-dev/install/isaac_ros_launch_utils:/workspaces/isaac_ros-dev/install/isaac_common_py:/opt/ros/humble'), ('TF_AUTOTUNE_THRESHOLD', '2'), ('TRT_LIB_PATH', '/usr/lib/x86_64-linux-gnu')]), 'shell': False}
[15.361146] (gxf_isaac_gems) StdoutLine: {'line': b'-- Configuring done\n'}
[15.364574] (gxf_isaac_gems) StdoutLine: {'line': b'-- Generating done\n'}
[15.366067] (gxf_isaac_gems) StdoutLine: {'line': b'-- Build files have been written to: /workspaces/isaac_ros-dev/build/gxf_isaac_gems\n'}
[15.372812] (gxf_isaac_gems) CommandEnded: {'returncode': 0}
[15.373964] (gxf_isaac_gems) JobProgress: {'identifier': 'gxf_isaac_gems', 'progress': 'build'}
[15.373987] (gxf_isaac_gems) Command: {'cmd': ['/usr/bin/cmake', '--build', '/workspaces/isaac_ros-dev/build/gxf_isaac_gems', '--', '-j16', '-l16'], 'cwd': '/workspaces/isaac_ros-dev/build/gxf_isaac_gems', 'env': OrderedDict([('DALI_BUILD', '16741769'), ('LIBRARY_PATH', '/usr/local/cuda/lib64/stubs:'), ('NVIDIA_CTK_LIBCUDA_DIR', '/usr/lib/x86_64-linux-gnu/nvidia/current'), ('PYTHONWARNINGS', 'ignore:::setuptools.command.install,ignore:::setuptools.command.easy_install,ignore:::pkg_resources,ignore:::setuptools.command.develop'), ('USER', 'diego'), ('TRT_INC_PATH', '/usr/include/x86_64-linux-gnu'), ('TF_ADJUST_SATURATION_FUSED', '1'), ('CUSOLVER_VERSION', '11.6.4.38'), ('HOSTNAME', 'debian'), ('CUTENSOR_VERSION', '2.0.2.5'), ('SHLVL', '1'), ('LD_LIBRARY_PATH', '/workspaces/isaac_ros-dev/install/isaac_ros_gxf/lib:/workspaces/isaac_ros-dev/install/isaac_ros_common/lib:/opt/ros/humble/opt/openvdb_vendor/lib:/opt/ros/humble/opt/rviz_ogre_vendor/lib:/opt/ros/humble/lib/x86_64-linux-gnu:/opt/ros/humble/lib:/usr/local/libcudss-linux-0.3.0.9_cuda12-archive/lib:/opt/hpcx/ucc/lib/:/opt/hpcx/ucx/lib/:/usr/local/cuda/compat/lib:/usr/local/nvidia/lib:/usr/local/nvidia/lib64:/opt/tritonserver/lib'), ('HOME', '/home/admin'), ('NVIDIA_TRITON_SERVER_VERSION', '24.08'), ('OLDPWD', '/workspaces/isaac_ros-dev'), ('HOST_USER_GID', '1000'), ('CUDA_CACHE_DISABLE', '1'), ('ROS_PYTHON_VERSION', '3'), ('MODEL_OPT_VERSION', '0.15.0'), ('ENV', '/etc/shinit_v2'), ('RDMACORE_VERSION', '39.0'), ('NVJPEG_VERSION', '12.3.3.23'), ('NVIDIA_BUILD_ID', '107631419'), ('CUDA_VERSION', '12.6.0.022'), ('TCMALLOC_RELEASE_RATE', '200'), ('CUBLAS_VERSION', '12.6.0.22'), ('NSIGHT_SYSTEMS_VERSION', '2024.4.2.133'), ('COLCON_PREFIX_PATH', '/workspaces/isaac_ros-dev/install'), ('CUDA_VISIBLE_DEVICES', '0'), ('ROS_DISTRO', 'humble'), ('OPAL_PREFIX', '/opt/hpcx/ompi'), ('NVIDIA_REQUIRE_CUDA', 'cuda>=9.0'), ('TRT_VERSION', '10.3.0.26+cuda12.5.1.007'), ('GDRCOPY_VERSION', '2.3.1-1'), ('_', '/usr/bin/colcon'), ('ROS_VERSION', '2'), ('NVIDIA_DRIVER_CAPABILITIES', 'compute,utility,graphics'), ('POLYGRAPHY_VERSION', '0.49.13'), ('CURAND_VERSION', '10.3.7.37'), ('MOFED_VERSION', '5.4-rdmacore39.0'), ('USERNAME', 'admin'), ('TERM', 'xterm'), ('ISAAC_ROS_WS', '/workspaces/isaac_ros-dev'), ('ROS_LOCALHOST_ONLY', '0'), ('TRANSFORMER_ENGINE_VERSION', '1.9'), ('PATH', '/workspaces/isaac_ros-dev/install/isaac_ros_common/bin:/opt/ros/humble/bin:/opt/ros/humble/vcstool/scripts:/opt/tritonserver/bin:/usr/local/mpi/bin:/usr/local/nvidia/bin:/usr/local/cuda/bin:/usr/local/sbin:/usr/local/bin:/usr/sbin:/usr/bin:/sbin:/bin:/usr/local/ucx/bin'), ('HOST_USER_UID', '1000'), ('CUDSS_DIR', '/usr/local/libcudss-linux-0.3.0.9_cuda12-archive'), ('CUDA_DRIVER_VERSION', '560.35.03'), ('_CUDA_COMPAT_STATUS', 'Unknown error (CUDA_ERROR_UNKNOWN) cuInit()=999'), ('DISPLAY', ':1'), ('NVIDIA_PRODUCT_NAME', 'Triton Server'), ('LANG', 'en_US.UTF-8'), ('RMW_IMPLEMENTATION', 'rmw_fastrtps_cpp'), ('NPP_VERSION', '12.3.1.23'), ('ROS_ROOT', '/opt/ros/humble'), ('UCX_MEM_EVENTS', 'no'), ('CUFFT_VERSION', '11.2.6.28'), ('SSH_AUTH_SOCK', '/ssh-agent'), ('TF_ENABLE_WINOGRAD_NONFUSED', '1'), ('AMENT_PREFIX_PATH', '/workspaces/isaac_ros-dev/install/isaac_ros_gxf:/workspaces/isaac_ros-dev/install/isaac_ros_test:/workspaces/isaac_ros-dev/install/isaac_ros_launch_utils:/workspaces/isaac_ros-dev/install/isaac_ros_common:/workspaces/isaac_ros-dev/install/isaac_common_py:/opt/ros/humble'), ('CUDNN_VERSION', '9.3.0.75'), ('NSIGHT_COMPUTE_VERSION', '2024.3.0.15'), ('DALI_VERSION', '1.40.0'), ('DEBIAN_FRONTEND', 'noninteractive'), ('SHELL', '/bin/bash'), ('DCGM_VERSION', '3.2.6'), ('CUDNN_FRONTEND_VERSION', '1.5.2'), ('OPENMPI_VERSION', '4.1.7'), ('TRTOSS_VERSION', '24.08'), ('OMPI_MCA_coll_hcoll_enable', '0'), ('CUSPARSE_VERSION', '12.5.2.23'), ('NVIDIA_REQUIRE_JETPACK_HOST_MOUNTS', ''), ('TRITON_SERVER_GPU_ENABLED', '1'), ('TRITON_SERVER_VERSION', '2.49.0'), ('BASH_ENV', '/etc/bash.bashrc'), ('PWD', '/workspaces/isaac_ros-dev/build/gxf_isaac_gems'), ('CUSPARSELT_VERSION', '0.6.2.3'), ('PYTHONPATH', '/workspaces/isaac_ros-dev/build/isaac_ros_test:/workspaces/isaac_ros-dev/install/isaac_ros_test/lib/python3.10/site-packages:/workspaces/isaac_ros-dev/build/isaac_ros_launch_utils:/workspaces/isaac_ros-dev/install/isaac_ros_launch_utils/lib/python3.10/site-packages:/workspaces/isaac_ros-dev/install/isaac_ros_common/local/lib/python3.10/dist-packages:/workspaces/isaac_ros-dev/build/isaac_common_py:/workspaces/isaac_ros-dev/install/isaac_common_py/lib/python3.10/site-packages:/opt/ros/humble/lib/python3.10/site-packages:/opt/ros/humble/local/lib/python3.10/dist-packages:/opt/ros/humble/vcstool:/opt/tritonserver/backends/dali/wheel/dali:'), ('_CUDA_COMPAT_PATH', '/usr/local/cuda/compat'), ('TRITON_SERVER_USER', 'triton-server'), ('TF_ADJUST_HUE_FUSED', '1'), ('NVIDIA_VISIBLE_DEVICES', 'void'), ('NCCL_VERSION', '2.22.3'), ('COLCON', '1'), ('OPENUCX_VERSION', '1.17.0'), ('HPCX_VERSION', '2.19'), ('CMAKE_PREFIX_PATH', '/workspaces/isaac_ros-dev/install/isaac_ros_gxf:/workspaces/isaac_ros-dev/install/isaac_ros_common:/usr/local/libcudss-linux-0.3.0.9_cuda12-archive:/workspaces/isaac_ros-dev/install/isaac_ros_test:/workspaces/isaac_ros-dev/install/isaac_ros_launch_utils:/workspaces/isaac_ros-dev/install/isaac_common_py:/opt/ros/humble'), ('TF_AUTOTUNE_THRESHOLD', '2'), ('TRT_LIB_PATH', '/usr/lib/x86_64-linux-gnu')]), 'shell': False}
[15.374248] (gxf_isaac_message_compositor) StdoutLine: {'line': b'[100%] \x1b[34m\x1b[1mGenerating version information as YAML\x1b[0m\n'}
[15.385111] (gxf_isaac_optimizer) StdoutLine: {'line': b'[100%] \x1b[34m\x1b[1mGenerating version information as YAML\x1b[0m\n'}
[15.392807] (gxf_isaac_sight) StdoutLine: {'line': b'[100%] \x1b[34m\x1b[1mGenerating version information as YAML\x1b[0m\n'}
[15.413439] (gxf_isaac_gems) StdoutLine: {'line': b'[100%] \x1b[34m\x1b[1mGenerating version information as YAML\x1b[0m\n'}
[15.428680] (-) TimerEvent: {}
[15.439792] (gxf_isaac_message_compositor) StdoutLine: {'line': b'[100%] Built target generate_version_info_target_gxf_isaac_message_compositor\n'}
[15.447716] (gxf_isaac_message_compositor) CommandEnded: {'returncode': 0}
[15.448425] (gxf_isaac_message_compositor) JobProgress: {'identifier': 'gxf_isaac_message_compositor', 'progress': 'install'}
[15.449080] (gxf_isaac_message_compositor) Command: {'cmd': ['/usr/bin/cmake', '--install', '/workspaces/isaac_ros-dev/build/gxf_isaac_message_compositor'], 'cwd': '/workspaces/isaac_ros-dev/build/gxf_isaac_message_compositor', 'env': OrderedDict([('DALI_BUILD', '16741769'), ('LIBRARY_PATH', '/usr/local/cuda/lib64/stubs:'), ('NVIDIA_CTK_LIBCUDA_DIR', '/usr/lib/x86_64-linux-gnu/nvidia/current'), ('PYTHONWARNINGS', 'ignore:::setuptools.command.install,ignore:::setuptools.command.easy_install,ignore:::pkg_resources,ignore:::setuptools.command.develop'), ('USER', 'diego'), ('TRT_INC_PATH', '/usr/include/x86_64-linux-gnu'), ('TF_ADJUST_SATURATION_FUSED', '1'), ('CUSOLVER_VERSION', '11.6.4.38'), ('HOSTNAME', 'debian'), ('CUTENSOR_VERSION', '2.0.2.5'), ('SHLVL', '1'), ('LD_LIBRARY_PATH', '/workspaces/isaac_ros-dev/install/isaac_ros_gxf/lib:/workspaces/isaac_ros-dev/install/isaac_ros_common/lib:/opt/ros/humble/opt/openvdb_vendor/lib:/opt/ros/humble/opt/rviz_ogre_vendor/lib:/opt/ros/humble/lib/x86_64-linux-gnu:/opt/ros/humble/lib:/usr/local/libcudss-linux-0.3.0.9_cuda12-archive/lib:/opt/hpcx/ucc/lib/:/opt/hpcx/ucx/lib/:/usr/local/cuda/compat/lib:/usr/local/nvidia/lib:/usr/local/nvidia/lib64:/opt/tritonserver/lib'), ('HOME', '/home/admin'), ('NVIDIA_TRITON_SERVER_VERSION', '24.08'), ('OLDPWD', '/workspaces/isaac_ros-dev'), ('HOST_USER_GID', '1000'), ('CUDA_CACHE_DISABLE', '1'), ('ROS_PYTHON_VERSION', '3'), ('MODEL_OPT_VERSION', '0.15.0'), ('ENV', '/etc/shinit_v2'), ('RDMACORE_VERSION', '39.0'), ('NVJPEG_VERSION', '12.3.3.23'), ('NVIDIA_BUILD_ID', '107631419'), ('CUDA_VERSION', '12.6.0.022'), ('TCMALLOC_RELEASE_RATE', '200'), ('CUBLAS_VERSION', '12.6.0.22'), ('NSIGHT_SYSTEMS_VERSION', '2024.4.2.133'), ('COLCON_PREFIX_PATH', '/workspaces/isaac_ros-dev/install'), ('CUDA_VISIBLE_DEVICES', '0'), ('ROS_DISTRO', 'humble'), ('OPAL_PREFIX', '/opt/hpcx/ompi'), ('NVIDIA_REQUIRE_CUDA', 'cuda>=9.0'), ('TRT_VERSION', '10.3.0.26+cuda12.5.1.007'), ('GDRCOPY_VERSION', '2.3.1-1'), ('_', '/usr/bin/colcon'), ('ROS_VERSION', '2'), ('NVIDIA_DRIVER_CAPABILITIES', 'compute,utility,graphics'), ('POLYGRAPHY_VERSION', '0.49.13'), ('CURAND_VERSION', '10.3.7.37'), ('MOFED_VERSION', '5.4-rdmacore39.0'), ('USERNAME', 'admin'), ('TERM', 'xterm'), ('ISAAC_ROS_WS', '/workspaces/isaac_ros-dev'), ('ROS_LOCALHOST_ONLY', '0'), ('TRANSFORMER_ENGINE_VERSION', '1.9'), ('PATH', '/workspaces/isaac_ros-dev/install/isaac_ros_common/bin:/opt/ros/humble/bin:/opt/ros/humble/vcstool/scripts:/opt/tritonserver/bin:/usr/local/mpi/bin:/usr/local/nvidia/bin:/usr/local/cuda/bin:/usr/local/sbin:/usr/local/bin:/usr/sbin:/usr/bin:/sbin:/bin:/usr/local/ucx/bin'), ('HOST_USER_UID', '1000'), ('CUDSS_DIR', '/usr/local/libcudss-linux-0.3.0.9_cuda12-archive'), ('CUDA_DRIVER_VERSION', '560.35.03'), ('_CUDA_COMPAT_STATUS', 'Unknown error (CUDA_ERROR_UNKNOWN) cuInit()=999'), ('DISPLAY', ':1'), ('NVIDIA_PRODUCT_NAME', 'Triton Server'), ('LANG', 'en_US.UTF-8'), ('RMW_IMPLEMENTATION', 'rmw_fastrtps_cpp'), ('NPP_VERSION', '12.3.1.23'), ('ROS_ROOT', '/opt/ros/humble'), ('UCX_MEM_EVENTS', 'no'), ('CUFFT_VERSION', '11.2.6.28'), ('SSH_AUTH_SOCK', '/ssh-agent'), ('TF_ENABLE_WINOGRAD_NONFUSED', '1'), ('AMENT_PREFIX_PATH', '/workspaces/isaac_ros-dev/install/isaac_ros_gxf:/workspaces/isaac_ros-dev/install/isaac_ros_test:/workspaces/isaac_ros-dev/install/isaac_ros_launch_utils:/workspaces/isaac_ros-dev/install/isaac_ros_common:/workspaces/isaac_ros-dev/install/isaac_common_py:/opt/ros/humble'), ('CUDNN_VERSION', '9.3.0.75'), ('NSIGHT_COMPUTE_VERSION', '2024.3.0.15'), ('DALI_VERSION', '1.40.0'), ('DEBIAN_FRONTEND', 'noninteractive'), ('SHELL', '/bin/bash'), ('DCGM_VERSION', '3.2.6'), ('CUDNN_FRONTEND_VERSION', '1.5.2'), ('OPENMPI_VERSION', '4.1.7'), ('TRTOSS_VERSION', '24.08'), ('OMPI_MCA_coll_hcoll_enable', '0'), ('CUSPARSE_VERSION', '12.5.2.23'), ('NVIDIA_REQUIRE_JETPACK_HOST_MOUNTS', ''), ('TRITON_SERVER_GPU_ENABLED', '1'), ('TRITON_SERVER_VERSION', '2.49.0'), ('BASH_ENV', '/etc/bash.bashrc'), ('PWD', '/workspaces/isaac_ros-dev/build/gxf_isaac_message_compositor'), ('CUSPARSELT_VERSION', '0.6.2.3'), ('PYTHONPATH', '/workspaces/isaac_ros-dev/build/isaac_ros_test:/workspaces/isaac_ros-dev/install/isaac_ros_test/lib/python3.10/site-packages:/workspaces/isaac_ros-dev/build/isaac_ros_launch_utils:/workspaces/isaac_ros-dev/install/isaac_ros_launch_utils/lib/python3.10/site-packages:/workspaces/isaac_ros-dev/install/isaac_ros_common/local/lib/python3.10/dist-packages:/workspaces/isaac_ros-dev/build/isaac_common_py:/workspaces/isaac_ros-dev/install/isaac_common_py/lib/python3.10/site-packages:/opt/ros/humble/lib/python3.10/site-packages:/opt/ros/humble/local/lib/python3.10/dist-packages:/opt/ros/humble/vcstool:/opt/tritonserver/backends/dali/wheel/dali:'), ('_CUDA_COMPAT_PATH', '/usr/local/cuda/compat'), ('TRITON_SERVER_USER', 'triton-server'), ('TF_ADJUST_HUE_FUSED', '1'), ('NVIDIA_VISIBLE_DEVICES', 'void'), ('NCCL_VERSION', '2.22.3'), ('COLCON', '1'), ('OPENUCX_VERSION', '1.17.0'), ('HPCX_VERSION', '2.19'), ('CMAKE_PREFIX_PATH', '/workspaces/isaac_ros-dev/install/isaac_ros_gxf:/workspaces/isaac_ros-dev/install/isaac_ros_common:/usr/local/libcudss-linux-0.3.0.9_cuda12-archive:/workspaces/isaac_ros-dev/install/isaac_ros_test:/workspaces/isaac_ros-dev/install/isaac_ros_launch_utils:/workspaces/isaac_ros-dev/install/isaac_common_py:/opt/ros/humble'), ('TF_AUTOTUNE_THRESHOLD', '2'), ('TRT_LIB_PATH', '/usr/lib/x86_64-linux-gnu')]), 'shell': False}
[15.451684] (gxf_isaac_optimizer) StdoutLine: {'line': b'[100%] Built target generate_version_info_target_gxf_isaac_optimizer\n'}
[15.454735] (gxf_isaac_message_compositor) StdoutLine: {'line': b'-- Install configuration: "Release"\n'}
[15.455217] (gxf_isaac_message_compositor) StdoutLine: {'line': b'-- Execute custom install script\n'}
[15.455484] (gxf_isaac_message_compositor) StdoutLine: {'line': b'-- Symlinking: /workspaces/isaac_ros-dev/install/gxf_isaac_message_compositor/share/gxf_isaac_message_compositor/gxf/lib/libgxf_isaac_message_compositor.so\n'}
[15.460035] (gxf_isaac_sight) StdoutLine: {'line': b'[100%] Built target generate_version_info_target_gxf_isaac_sight\n'}
[15.461813] (gxf_isaac_optimizer) CommandEnded: {'returncode': 0}
[15.462403] (gxf_isaac_message_compositor) StdoutLine: {'line': b'-- Symlinking: /workspaces/isaac_ros-dev/install/gxf_isaac_message_compositor/share/gxf_isaac_message_compositor/gxf/include/message_compositor/message_relay.hpp\n'}
[15.462679] (gxf_isaac_optimizer) JobProgress: {'identifier': 'gxf_isaac_optimizer', 'progress': 'install'}
[15.463299] (gxf_isaac_optimizer) Command: {'cmd': ['/usr/bin/cmake', '--install', '/workspaces/isaac_ros-dev/build/gxf_isaac_optimizer'], 'cwd': '/workspaces/isaac_ros-dev/build/gxf_isaac_optimizer', 'env': OrderedDict([('DALI_BUILD', '16741769'), ('LIBRARY_PATH', '/usr/local/cuda/lib64/stubs:'), ('NVIDIA_CTK_LIBCUDA_DIR', '/usr/lib/x86_64-linux-gnu/nvidia/current'), ('PYTHONWARNINGS', 'ignore:::setuptools.command.install,ignore:::setuptools.command.easy_install,ignore:::pkg_resources,ignore:::setuptools.command.develop'), ('USER', 'diego'), ('TRT_INC_PATH', '/usr/include/x86_64-linux-gnu'), ('TF_ADJUST_SATURATION_FUSED', '1'), ('CUSOLVER_VERSION', '11.6.4.38'), ('HOSTNAME', 'debian'), ('CUTENSOR_VERSION', '2.0.2.5'), ('SHLVL', '1'), ('LD_LIBRARY_PATH', '/workspaces/isaac_ros-dev/install/isaac_ros_gxf/lib:/workspaces/isaac_ros-dev/install/isaac_ros_common/lib:/opt/ros/humble/opt/openvdb_vendor/lib:/opt/ros/humble/opt/rviz_ogre_vendor/lib:/opt/ros/humble/lib/x86_64-linux-gnu:/opt/ros/humble/lib:/usr/local/libcudss-linux-0.3.0.9_cuda12-archive/lib:/opt/hpcx/ucc/lib/:/opt/hpcx/ucx/lib/:/usr/local/cuda/compat/lib:/usr/local/nvidia/lib:/usr/local/nvidia/lib64:/opt/tritonserver/lib'), ('HOME', '/home/admin'), ('NVIDIA_TRITON_SERVER_VERSION', '24.08'), ('OLDPWD', '/workspaces/isaac_ros-dev'), ('HOST_USER_GID', '1000'), ('CUDA_CACHE_DISABLE', '1'), ('ROS_PYTHON_VERSION', '3'), ('MODEL_OPT_VERSION', '0.15.0'), ('ENV', '/etc/shinit_v2'), ('RDMACORE_VERSION', '39.0'), ('NVJPEG_VERSION', '12.3.3.23'), ('NVIDIA_BUILD_ID', '107631419'), ('CUDA_VERSION', '12.6.0.022'), ('TCMALLOC_RELEASE_RATE', '200'), ('CUBLAS_VERSION', '12.6.0.22'), ('NSIGHT_SYSTEMS_VERSION', '2024.4.2.133'), ('COLCON_PREFIX_PATH', '/workspaces/isaac_ros-dev/install'), ('CUDA_VISIBLE_DEVICES', '0'), ('ROS_DISTRO', 'humble'), ('OPAL_PREFIX', '/opt/hpcx/ompi'), ('NVIDIA_REQUIRE_CUDA', 'cuda>=9.0'), ('TRT_VERSION', '10.3.0.26+cuda12.5.1.007'), ('GDRCOPY_VERSION', '2.3.1-1'), ('_', '/usr/bin/colcon'), ('ROS_VERSION', '2'), ('NVIDIA_DRIVER_CAPABILITIES', 'compute,utility,graphics'), ('POLYGRAPHY_VERSION', '0.49.13'), ('CURAND_VERSION', '10.3.7.37'), ('MOFED_VERSION', '5.4-rdmacore39.0'), ('USERNAME', 'admin'), ('TERM', 'xterm'), ('ISAAC_ROS_WS', '/workspaces/isaac_ros-dev'), ('ROS_LOCALHOST_ONLY', '0'), ('TRANSFORMER_ENGINE_VERSION', '1.9'), ('PATH', '/workspaces/isaac_ros-dev/install/isaac_ros_common/bin:/opt/ros/humble/bin:/opt/ros/humble/vcstool/scripts:/opt/tritonserver/bin:/usr/local/mpi/bin:/usr/local/nvidia/bin:/usr/local/cuda/bin:/usr/local/sbin:/usr/local/bin:/usr/sbin:/usr/bin:/sbin:/bin:/usr/local/ucx/bin'), ('HOST_USER_UID', '1000'), ('CUDSS_DIR', '/usr/local/libcudss-linux-0.3.0.9_cuda12-archive'), ('CUDA_DRIVER_VERSION', '560.35.03'), ('_CUDA_COMPAT_STATUS', 'Unknown error (CUDA_ERROR_UNKNOWN) cuInit()=999'), ('DISPLAY', ':1'), ('NVIDIA_PRODUCT_NAME', 'Triton Server'), ('LANG', 'en_US.UTF-8'), ('RMW_IMPLEMENTATION', 'rmw_fastrtps_cpp'), ('NPP_VERSION', '12.3.1.23'), ('ROS_ROOT', '/opt/ros/humble'), ('UCX_MEM_EVENTS', 'no'), ('CUFFT_VERSION', '11.2.6.28'), ('SSH_AUTH_SOCK', '/ssh-agent'), ('TF_ENABLE_WINOGRAD_NONFUSED', '1'), ('AMENT_PREFIX_PATH', '/workspaces/isaac_ros-dev/install/isaac_ros_gxf:/workspaces/isaac_ros-dev/install/isaac_ros_test:/workspaces/isaac_ros-dev/install/isaac_ros_launch_utils:/workspaces/isaac_ros-dev/install/isaac_ros_common:/workspaces/isaac_ros-dev/install/isaac_common_py:/opt/ros/humble'), ('CUDNN_VERSION', '9.3.0.75'), ('NSIGHT_COMPUTE_VERSION', '2024.3.0.15'), ('DALI_VERSION', '1.40.0'), ('DEBIAN_FRONTEND', 'noninteractive'), ('SHELL', '/bin/bash'), ('DCGM_VERSION', '3.2.6'), ('CUDNN_FRONTEND_VERSION', '1.5.2'), ('OPENMPI_VERSION', '4.1.7'), ('TRTOSS_VERSION', '24.08'), ('OMPI_MCA_coll_hcoll_enable', '0'), ('CUSPARSE_VERSION', '12.5.2.23'), ('NVIDIA_REQUIRE_JETPACK_HOST_MOUNTS', ''), ('TRITON_SERVER_GPU_ENABLED', '1'), ('TRITON_SERVER_VERSION', '2.49.0'), ('BASH_ENV', '/etc/bash.bashrc'), ('PWD', '/workspaces/isaac_ros-dev/build/gxf_isaac_optimizer'), ('CUSPARSELT_VERSION', '0.6.2.3'), ('PYTHONPATH', '/workspaces/isaac_ros-dev/build/isaac_ros_test:/workspaces/isaac_ros-dev/install/isaac_ros_test/lib/python3.10/site-packages:/workspaces/isaac_ros-dev/build/isaac_ros_launch_utils:/workspaces/isaac_ros-dev/install/isaac_ros_launch_utils/lib/python3.10/site-packages:/workspaces/isaac_ros-dev/install/isaac_ros_common/local/lib/python3.10/dist-packages:/workspaces/isaac_ros-dev/build/isaac_common_py:/workspaces/isaac_ros-dev/install/isaac_common_py/lib/python3.10/site-packages:/opt/ros/humble/lib/python3.10/site-packages:/opt/ros/humble/local/lib/python3.10/dist-packages:/opt/ros/humble/vcstool:/opt/tritonserver/backends/dali/wheel/dali:'), ('_CUDA_COMPAT_PATH', '/usr/local/cuda/compat'), ('TRITON_SERVER_USER', 'triton-server'), ('TF_ADJUST_HUE_FUSED', '1'), ('NVIDIA_VISIBLE_DEVICES', 'void'), ('NCCL_VERSION', '2.22.3'), ('COLCON', '1'), ('OPENUCX_VERSION', '1.17.0'), ('HPCX_VERSION', '2.19'), ('CMAKE_PREFIX_PATH', '/workspaces/isaac_ros-dev/install/isaac_ros_gxf:/workspaces/isaac_ros-dev/install/isaac_ros_common:/usr/local/libcudss-linux-0.3.0.9_cuda12-archive:/workspaces/isaac_ros-dev/install/isaac_ros_test:/workspaces/isaac_ros-dev/install/isaac_ros_launch_utils:/workspaces/isaac_ros-dev/install/isaac_common_py:/opt/ros/humble'), ('TF_AUTOTUNE_THRESHOLD', '2'), ('TRT_LIB_PATH', '/usr/lib/x86_64-linux-gnu')]), 'shell': False}
[15.469145] (gxf_isaac_sight) CommandEnded: {'returncode': 0}
[15.469973] (gxf_isaac_optimizer) StdoutLine: {'line': b'-- Install configuration: "Release"\n'}
[15.470408] (gxf_isaac_optimizer) StdoutLine: {'line': b'-- Execute custom install script\n'}
[15.471447] (gxf_isaac_optimizer) StdoutLine: {'line': b'-- Symlinking: /workspaces/isaac_ros-dev/install/gxf_isaac_optimizer/share/gxf_isaac_optimizer/gxf/lib/libgxf_isaac_optimizer.so\n'}
[15.472265] (gxf_isaac_message_compositor) StdoutLine: {'line': b'-- Symlinking: /workspaces/isaac_ros-dev/install/gxf_isaac_message_compositor/share/gxf_isaac_message_compositor/environment/library_path.sh\n'}
[15.472440] (gxf_isaac_sight) JobProgress: {'identifier': 'gxf_isaac_sight', 'progress': 'install'}
[15.472477] (gxf_isaac_sight) Command: {'cmd': ['/usr/bin/cmake', '--install', '/workspaces/isaac_ros-dev/build/gxf_isaac_sight'], 'cwd': '/workspaces/isaac_ros-dev/build/gxf_isaac_sight', 'env': OrderedDict([('DALI_BUILD', '16741769'), ('LIBRARY_PATH', '/usr/local/cuda/lib64/stubs:'), ('NVIDIA_CTK_LIBCUDA_DIR', '/usr/lib/x86_64-linux-gnu/nvidia/current'), ('PYTHONWARNINGS', 'ignore:::setuptools.command.install,ignore:::setuptools.command.easy_install,ignore:::pkg_resources,ignore:::setuptools.command.develop'), ('USER', 'diego'), ('TRT_INC_PATH', '/usr/include/x86_64-linux-gnu'), ('TF_ADJUST_SATURATION_FUSED', '1'), ('CUSOLVER_VERSION', '11.6.4.38'), ('HOSTNAME', 'debian'), ('CUTENSOR_VERSION', '2.0.2.5'), ('SHLVL', '1'), ('LD_LIBRARY_PATH', '/workspaces/isaac_ros-dev/install/isaac_ros_gxf/lib:/workspaces/isaac_ros-dev/install/isaac_ros_common/lib:/opt/ros/humble/opt/openvdb_vendor/lib:/opt/ros/humble/opt/rviz_ogre_vendor/lib:/opt/ros/humble/lib/x86_64-linux-gnu:/opt/ros/humble/lib:/usr/local/libcudss-linux-0.3.0.9_cuda12-archive/lib:/opt/hpcx/ucc/lib/:/opt/hpcx/ucx/lib/:/usr/local/cuda/compat/lib:/usr/local/nvidia/lib:/usr/local/nvidia/lib64:/opt/tritonserver/lib'), ('HOME', '/home/admin'), ('NVIDIA_TRITON_SERVER_VERSION', '24.08'), ('OLDPWD', '/workspaces/isaac_ros-dev'), ('HOST_USER_GID', '1000'), ('CUDA_CACHE_DISABLE', '1'), ('ROS_PYTHON_VERSION', '3'), ('MODEL_OPT_VERSION', '0.15.0'), ('ENV', '/etc/shinit_v2'), ('RDMACORE_VERSION', '39.0'), ('NVJPEG_VERSION', '12.3.3.23'), ('NVIDIA_BUILD_ID', '107631419'), ('CUDA_VERSION', '12.6.0.022'), ('TCMALLOC_RELEASE_RATE', '200'), ('CUBLAS_VERSION', '12.6.0.22'), ('NSIGHT_SYSTEMS_VERSION', '2024.4.2.133'), ('COLCON_PREFIX_PATH', '/workspaces/isaac_ros-dev/install'), ('CUDA_VISIBLE_DEVICES', '0'), ('ROS_DISTRO', 'humble'), ('OPAL_PREFIX', '/opt/hpcx/ompi'), ('NVIDIA_REQUIRE_CUDA', 'cuda>=9.0'), ('TRT_VERSION', '10.3.0.26+cuda12.5.1.007'), ('GDRCOPY_VERSION', '2.3.1-1'), ('_', '/usr/bin/colcon'), ('ROS_VERSION', '2'), ('NVIDIA_DRIVER_CAPABILITIES', 'compute,utility,graphics'), ('POLYGRAPHY_VERSION', '0.49.13'), ('CURAND_VERSION', '10.3.7.37'), ('MOFED_VERSION', '5.4-rdmacore39.0'), ('USERNAME', 'admin'), ('TERM', 'xterm'), ('ISAAC_ROS_WS', '/workspaces/isaac_ros-dev'), ('ROS_LOCALHOST_ONLY', '0'), ('TRANSFORMER_ENGINE_VERSION', '1.9'), ('PATH', '/workspaces/isaac_ros-dev/install/isaac_ros_common/bin:/opt/ros/humble/bin:/opt/ros/humble/vcstool/scripts:/opt/tritonserver/bin:/usr/local/mpi/bin:/usr/local/nvidia/bin:/usr/local/cuda/bin:/usr/local/sbin:/usr/local/bin:/usr/sbin:/usr/bin:/sbin:/bin:/usr/local/ucx/bin'), ('HOST_USER_UID', '1000'), ('CUDSS_DIR', '/usr/local/libcudss-linux-0.3.0.9_cuda12-archive'), ('CUDA_DRIVER_VERSION', '560.35.03'), ('_CUDA_COMPAT_STATUS', 'Unknown error (CUDA_ERROR_UNKNOWN) cuInit()=999'), ('DISPLAY', ':1'), ('NVIDIA_PRODUCT_NAME', 'Triton Server'), ('LANG', 'en_US.UTF-8'), ('RMW_IMPLEMENTATION', 'rmw_fastrtps_cpp'), ('NPP_VERSION', '12.3.1.23'), ('ROS_ROOT', '/opt/ros/humble'), ('UCX_MEM_EVENTS', 'no'), ('CUFFT_VERSION', '11.2.6.28'), ('SSH_AUTH_SOCK', '/ssh-agent'), ('TF_ENABLE_WINOGRAD_NONFUSED', '1'), ('AMENT_PREFIX_PATH', '/workspaces/isaac_ros-dev/install/isaac_ros_gxf:/workspaces/isaac_ros-dev/install/isaac_ros_test:/workspaces/isaac_ros-dev/install/isaac_ros_launch_utils:/workspaces/isaac_ros-dev/install/isaac_ros_common:/workspaces/isaac_ros-dev/install/isaac_common_py:/opt/ros/humble'), ('CUDNN_VERSION', '9.3.0.75'), ('NSIGHT_COMPUTE_VERSION', '2024.3.0.15'), ('DALI_VERSION', '1.40.0'), ('DEBIAN_FRONTEND', 'noninteractive'), ('SHELL', '/bin/bash'), ('DCGM_VERSION', '3.2.6'), ('CUDNN_FRONTEND_VERSION', '1.5.2'), ('OPENMPI_VERSION', '4.1.7'), ('TRTOSS_VERSION', '24.08'), ('OMPI_MCA_coll_hcoll_enable', '0'), ('CUSPARSE_VERSION', '12.5.2.23'), ('NVIDIA_REQUIRE_JETPACK_HOST_MOUNTS', ''), ('TRITON_SERVER_GPU_ENABLED', '1'), ('TRITON_SERVER_VERSION', '2.49.0'), ('BASH_ENV', '/etc/bash.bashrc'), ('PWD', '/workspaces/isaac_ros-dev/build/gxf_isaac_sight'), ('CUSPARSELT_VERSION', '0.6.2.3'), ('PYTHONPATH', '/workspaces/isaac_ros-dev/build/isaac_ros_test:/workspaces/isaac_ros-dev/install/isaac_ros_test/lib/python3.10/site-packages:/workspaces/isaac_ros-dev/build/isaac_ros_launch_utils:/workspaces/isaac_ros-dev/install/isaac_ros_launch_utils/lib/python3.10/site-packages:/workspaces/isaac_ros-dev/install/isaac_ros_common/local/lib/python3.10/dist-packages:/workspaces/isaac_ros-dev/build/isaac_common_py:/workspaces/isaac_ros-dev/install/isaac_common_py/lib/python3.10/site-packages:/opt/ros/humble/lib/python3.10/site-packages:/opt/ros/humble/local/lib/python3.10/dist-packages:/opt/ros/humble/vcstool:/opt/tritonserver/backends/dali/wheel/dali:'), ('_CUDA_COMPAT_PATH', '/usr/local/cuda/compat'), ('TRITON_SERVER_USER', 'triton-server'), ('TF_ADJUST_HUE_FUSED', '1'), ('NVIDIA_VISIBLE_DEVICES', 'void'), ('NCCL_VERSION', '2.22.3'), ('COLCON', '1'), ('OPENUCX_VERSION', '1.17.0'), ('HPCX_VERSION', '2.19'), ('CMAKE_PREFIX_PATH', '/workspaces/isaac_ros-dev/install/isaac_ros_gxf:/workspaces/isaac_ros-dev/install/isaac_ros_common:/usr/local/libcudss-linux-0.3.0.9_cuda12-archive:/workspaces/isaac_ros-dev/install/isaac_ros_test:/workspaces/isaac_ros-dev/install/isaac_ros_launch_utils:/workspaces/isaac_ros-dev/install/isaac_common_py:/opt/ros/humble'), ('TF_AUTOTUNE_THRESHOLD', '2'), ('TRT_LIB_PATH', '/usr/lib/x86_64-linux-gnu')]), 'shell': False}
[15.476391] (gxf_isaac_message_compositor) StdoutLine: {'line': b'-- Symlinking: /workspaces/isaac_ros-dev/install/gxf_isaac_message_compositor/share/gxf_isaac_message_compositor/environment/library_path.dsv\n'}
[15.476620] (gxf_isaac_optimizer) StdoutLine: {'line': b'-- Symlinking: /workspaces/isaac_ros-dev/install/gxf_isaac_optimizer/share/gxf_isaac_optimizer/gxf/include/extensions/gxf_optimizer/common/type.hpp\n'}
[15.478303] (gxf_isaac_sight) StdoutLine: {'line': b'-- Install configuration: "Release"\n'}
[15.478662] (gxf_isaac_sight) StdoutLine: {'line': b'-- Execute custom install script\n'}
[15.478899] (gxf_isaac_sight) StdoutLine: {'line': b'-- Symlinking: /workspaces/isaac_ros-dev/install/gxf_isaac_sight/share/gxf_isaac_sight/gxf/lib/libgxf_isaac_sight.so\n'}
[15.482971] (gxf_isaac_gems) StdoutLine: {'line': b'[100%] Built target generate_version_info_target_gxf_isaac_gems\n'}
[15.483194] (gxf_isaac_message_compositor) StdoutLine: {'line': b'-- Symlinking: /workspaces/isaac_ros-dev/install/gxf_isaac_message_compositor/share/gxf_isaac_message_compositor/version_info.yaml\n'}
[15.485081] (gxf_isaac_optimizer) StdoutLine: {'line': b'-- Symlinking: /workspaces/isaac_ros-dev/install/gxf_isaac_optimizer/share/gxf_isaac_optimizer/gxf/include/extensions/gxf_optimizer/core/optimizer.hpp\n'}
[15.485375] (gxf_isaac_sight) StdoutLine: {'line': b'-- Symlinking: /workspaces/isaac_ros-dev/install/gxf_isaac_sight/share/gxf_isaac_sight/environment/library_path.sh\n'}
[15.490398] (gxf_isaac_message_compositor) StdoutLine: {'line': b'-- Symlinking: /workspaces/isaac_ros-dev/install/gxf_isaac_message_compositor/share/ament_index/resource_index/package_run_dependencies/gxf_isaac_message_compositor\n'}
[15.490983] (gxf_isaac_sight) StdoutLine: {'line': b'-- Symlinking: /workspaces/isaac_ros-dev/install/gxf_isaac_sight/share/gxf_isaac_sight/environment/library_path.dsv\n'}
[15.491387] (gxf_isaac_gems) CommandEnded: {'returncode': 0}
[15.491918] (gxf_isaac_gems) JobProgress: {'identifier': 'gxf_isaac_gems', 'progress': 'install'}
[15.492092] (gxf_isaac_gems) Command: {'cmd': ['/usr/bin/cmake', '--install', '/workspaces/isaac_ros-dev/build/gxf_isaac_gems'], 'cwd': '/workspaces/isaac_ros-dev/build/gxf_isaac_gems', 'env': OrderedDict([('DALI_BUILD', '16741769'), ('LIBRARY_PATH', '/usr/local/cuda/lib64/stubs:'), ('NVIDIA_CTK_LIBCUDA_DIR', '/usr/lib/x86_64-linux-gnu/nvidia/current'), ('PYTHONWARNINGS', 'ignore:::setuptools.command.install,ignore:::setuptools.command.easy_install,ignore:::pkg_resources,ignore:::setuptools.command.develop'), ('USER', 'diego'), ('TRT_INC_PATH', '/usr/include/x86_64-linux-gnu'), ('TF_ADJUST_SATURATION_FUSED', '1'), ('CUSOLVER_VERSION', '11.6.4.38'), ('HOSTNAME', 'debian'), ('CUTENSOR_VERSION', '2.0.2.5'), ('SHLVL', '1'), ('LD_LIBRARY_PATH', '/workspaces/isaac_ros-dev/install/isaac_ros_gxf/lib:/workspaces/isaac_ros-dev/install/isaac_ros_common/lib:/opt/ros/humble/opt/openvdb_vendor/lib:/opt/ros/humble/opt/rviz_ogre_vendor/lib:/opt/ros/humble/lib/x86_64-linux-gnu:/opt/ros/humble/lib:/usr/local/libcudss-linux-0.3.0.9_cuda12-archive/lib:/opt/hpcx/ucc/lib/:/opt/hpcx/ucx/lib/:/usr/local/cuda/compat/lib:/usr/local/nvidia/lib:/usr/local/nvidia/lib64:/opt/tritonserver/lib'), ('HOME', '/home/admin'), ('NVIDIA_TRITON_SERVER_VERSION', '24.08'), ('OLDPWD', '/workspaces/isaac_ros-dev'), ('HOST_USER_GID', '1000'), ('CUDA_CACHE_DISABLE', '1'), ('ROS_PYTHON_VERSION', '3'), ('MODEL_OPT_VERSION', '0.15.0'), ('ENV', '/etc/shinit_v2'), ('RDMACORE_VERSION', '39.0'), ('NVJPEG_VERSION', '12.3.3.23'), ('NVIDIA_BUILD_ID', '107631419'), ('CUDA_VERSION', '12.6.0.022'), ('TCMALLOC_RELEASE_RATE', '200'), ('CUBLAS_VERSION', '12.6.0.22'), ('NSIGHT_SYSTEMS_VERSION', '2024.4.2.133'), ('COLCON_PREFIX_PATH', '/workspaces/isaac_ros-dev/install'), ('CUDA_VISIBLE_DEVICES', '0'), ('ROS_DISTRO', 'humble'), ('OPAL_PREFIX', '/opt/hpcx/ompi'), ('NVIDIA_REQUIRE_CUDA', 'cuda>=9.0'), ('TRT_VERSION', '10.3.0.26+cuda12.5.1.007'), ('GDRCOPY_VERSION', '2.3.1-1'), ('_', '/usr/bin/colcon'), ('ROS_VERSION', '2'), ('NVIDIA_DRIVER_CAPABILITIES', 'compute,utility,graphics'), ('POLYGRAPHY_VERSION', '0.49.13'), ('CURAND_VERSION', '10.3.7.37'), ('MOFED_VERSION', '5.4-rdmacore39.0'), ('USERNAME', 'admin'), ('TERM', 'xterm'), ('ISAAC_ROS_WS', '/workspaces/isaac_ros-dev'), ('ROS_LOCALHOST_ONLY', '0'), ('TRANSFORMER_ENGINE_VERSION', '1.9'), ('PATH', '/workspaces/isaac_ros-dev/install/isaac_ros_common/bin:/opt/ros/humble/bin:/opt/ros/humble/vcstool/scripts:/opt/tritonserver/bin:/usr/local/mpi/bin:/usr/local/nvidia/bin:/usr/local/cuda/bin:/usr/local/sbin:/usr/local/bin:/usr/sbin:/usr/bin:/sbin:/bin:/usr/local/ucx/bin'), ('HOST_USER_UID', '1000'), ('CUDSS_DIR', '/usr/local/libcudss-linux-0.3.0.9_cuda12-archive'), ('CUDA_DRIVER_VERSION', '560.35.03'), ('_CUDA_COMPAT_STATUS', 'Unknown error (CUDA_ERROR_UNKNOWN) cuInit()=999'), ('DISPLAY', ':1'), ('NVIDIA_PRODUCT_NAME', 'Triton Server'), ('LANG', 'en_US.UTF-8'), ('RMW_IMPLEMENTATION', 'rmw_fastrtps_cpp'), ('NPP_VERSION', '12.3.1.23'), ('ROS_ROOT', '/opt/ros/humble'), ('UCX_MEM_EVENTS', 'no'), ('CUFFT_VERSION', '11.2.6.28'), ('SSH_AUTH_SOCK', '/ssh-agent'), ('TF_ENABLE_WINOGRAD_NONFUSED', '1'), ('AMENT_PREFIX_PATH', '/workspaces/isaac_ros-dev/install/isaac_ros_gxf:/workspaces/isaac_ros-dev/install/isaac_ros_test:/workspaces/isaac_ros-dev/install/isaac_ros_launch_utils:/workspaces/isaac_ros-dev/install/isaac_ros_common:/workspaces/isaac_ros-dev/install/isaac_common_py:/opt/ros/humble'), ('CUDNN_VERSION', '9.3.0.75'), ('NSIGHT_COMPUTE_VERSION', '2024.3.0.15'), ('DALI_VERSION', '1.40.0'), ('DEBIAN_FRONTEND', 'noninteractive'), ('SHELL', '/bin/bash'), ('DCGM_VERSION', '3.2.6'), ('CUDNN_FRONTEND_VERSION', '1.5.2'), ('OPENMPI_VERSION', '4.1.7'), ('TRTOSS_VERSION', '24.08'), ('OMPI_MCA_coll_hcoll_enable', '0'), ('CUSPARSE_VERSION', '12.5.2.23'), ('NVIDIA_REQUIRE_JETPACK_HOST_MOUNTS', ''), ('TRITON_SERVER_GPU_ENABLED', '1'), ('TRITON_SERVER_VERSION', '2.49.0'), ('BASH_ENV', '/etc/bash.bashrc'), ('PWD', '/workspaces/isaac_ros-dev/build/gxf_isaac_gems'), ('CUSPARSELT_VERSION', '0.6.2.3'), ('PYTHONPATH', '/workspaces/isaac_ros-dev/build/isaac_ros_test:/workspaces/isaac_ros-dev/install/isaac_ros_test/lib/python3.10/site-packages:/workspaces/isaac_ros-dev/build/isaac_ros_launch_utils:/workspaces/isaac_ros-dev/install/isaac_ros_launch_utils/lib/python3.10/site-packages:/workspaces/isaac_ros-dev/install/isaac_ros_common/local/lib/python3.10/dist-packages:/workspaces/isaac_ros-dev/build/isaac_common_py:/workspaces/isaac_ros-dev/install/isaac_common_py/lib/python3.10/site-packages:/opt/ros/humble/lib/python3.10/site-packages:/opt/ros/humble/local/lib/python3.10/dist-packages:/opt/ros/humble/vcstool:/opt/tritonserver/backends/dali/wheel/dali:'), ('_CUDA_COMPAT_PATH', '/usr/local/cuda/compat'), ('TRITON_SERVER_USER', 'triton-server'), ('TF_ADJUST_HUE_FUSED', '1'), ('NVIDIA_VISIBLE_DEVICES', 'void'), ('NCCL_VERSION', '2.22.3'), ('COLCON', '1'), ('OPENUCX_VERSION', '1.17.0'), ('HPCX_VERSION', '2.19'), ('CMAKE_PREFIX_PATH', '/workspaces/isaac_ros-dev/install/isaac_ros_gxf:/workspaces/isaac_ros-dev/install/isaac_ros_common:/usr/local/libcudss-linux-0.3.0.9_cuda12-archive:/workspaces/isaac_ros-dev/install/isaac_ros_test:/workspaces/isaac_ros-dev/install/isaac_ros_launch_utils:/workspaces/isaac_ros-dev/install/isaac_common_py:/opt/ros/humble'), ('TF_AUTOTUNE_THRESHOLD', '2'), ('TRT_LIB_PATH', '/usr/lib/x86_64-linux-gnu')]), 'shell': False}
[15.493453] (gxf_isaac_optimizer) StdoutLine: {'line': b'-- Symlinking: /workspaces/isaac_ros-dev/install/gxf_isaac_optimizer/share/gxf_isaac_optimizer/gxf/include/extensions/gxf_optimizer/exporter/graph_types.hpp\n'}
[15.497386] (gxf_isaac_gems) StdoutLine: {'line': b'-- Install configuration: "Release"\n'}
[15.497781] (gxf_isaac_message_compositor) StdoutLine: {'line': b'-- Symlinking: /workspaces/isaac_ros-dev/install/gxf_isaac_message_compositor/share/ament_index/resource_index/parent_prefix_path/gxf_isaac_message_compositor\n'}
[15.497902] (gxf_isaac_sight) StdoutLine: {'line': b'-- Symlinking: /workspaces/isaac_ros-dev/install/gxf_isaac_sight/share/gxf_isaac_sight/version_info.yaml\n'}
[15.497973] (gxf_isaac_gems) StdoutLine: {'line': b'-- Execute custom install script\n'}
[15.498699] (gxf_isaac_gems) StdoutLine: {'line': b'-- Symlinking: /workspaces/isaac_ros-dev/install/gxf_isaac_gems/share/gxf_isaac_gems/gxf/include/gems/algorithm/string_utils.hpp\n'}
[15.499387] (gxf_isaac_optimizer) StdoutLine: {'line': b'-- Symlinking: /workspaces/isaac_ros-dev/install/gxf_isaac_optimizer/share/gxf_isaac_optimizer/environment/library_path.sh\n'}
[15.504320] (gxf_isaac_message_compositor) StdoutLine: {'line': b'-- Symlinking: /workspaces/isaac_ros-dev/install/gxf_isaac_message_compositor/share/gxf_isaac_message_compositor/environment/ament_prefix_path.sh\n'}
[15.504707] (gxf_isaac_gems) StdoutLine: {'line': b'-- Symlinking: /workspaces/isaac_ros-dev/install/gxf_isaac_gems/share/gxf_isaac_gems/gxf/include/gems/common/composite_schema_uid.hpp\n'}
[15.504906] (gxf_isaac_sight) StdoutLine: {'line': b'-- Symlinking: /workspaces/isaac_ros-dev/install/gxf_isaac_sight/share/ament_index/resource_index/package_run_dependencies/gxf_isaac_sight\n'}
[15.505222] (gxf_isaac_optimizer) StdoutLine: {'line': b'-- Symlinking: /workspaces/isaac_ros-dev/install/gxf_isaac_optimizer/share/gxf_isaac_optimizer/environment/library_path.dsv\n'}
[15.511241] (gxf_isaac_gems) StdoutLine: {'line': b'-- Symlinking: /workspaces/isaac_ros-dev/install/gxf_isaac_gems/share/gxf_isaac_gems/gxf/include/gems/common/pose_frame_uid.hpp\n'}
[15.511469] (gxf_isaac_message_compositor) StdoutLine: {'line': b'-- Symlinking: /workspaces/isaac_ros-dev/install/gxf_isaac_message_compositor/share/gxf_isaac_message_compositor/environment/ament_prefix_path.dsv\n'}
[15.512073] (gxf_isaac_sight) StdoutLine: {'line': b'-- Symlinking: /workspaces/isaac_ros-dev/install/gxf_isaac_sight/share/ament_index/resource_index/parent_prefix_path/gxf_isaac_sight\n'}
[15.512736] (gxf_isaac_optimizer) StdoutLine: {'line': b'-- Symlinking: /workspaces/isaac_ros-dev/install/gxf_isaac_optimizer/share/gxf_isaac_optimizer/version_info.yaml\n'}
[15.517583] (gxf_isaac_message_compositor) StdoutLine: {'line': b'-- Symlinking: /workspaces/isaac_ros-dev/install/gxf_isaac_message_compositor/share/gxf_isaac_message_compositor/environment/path.sh\n'}
[15.517764] (gxf_isaac_gems) StdoutLine: {'line': b'-- Symlinking: /workspaces/isaac_ros-dev/install/gxf_isaac_gems/share/gxf_isaac_gems/gxf/include/gems/composite/composite_from_tensor.hpp\n'}
[15.517824] (gxf_isaac_sight) StdoutLine: {'line': b'-- Symlinking: /workspaces/isaac_ros-dev/install/gxf_isaac_sight/share/gxf_isaac_sight/environment/ament_prefix_path.sh\n'}
[15.520642] (gxf_isaac_optimizer) StdoutLine: {'line': b'-- Symlinking: /workspaces/isaac_ros-dev/install/gxf_isaac_optimizer/share/ament_index/resource_index/package_run_dependencies/gxf_isaac_optimizer\n'}
[15.524379] (gxf_isaac_gems) StdoutLine: {'line': b'-- Symlinking: /workspaces/isaac_ros-dev/install/gxf_isaac_gems/share/gxf_isaac_gems/gxf/include/gems/composite/composite_view.hpp\n'}
[15.524642] (gxf_isaac_sight) StdoutLine: {'line': b'-- Symlinking: /workspaces/isaac_ros-dev/install/gxf_isaac_sight/share/gxf_isaac_sight/environment/ament_prefix_path.dsv\n'}
[15.524824] (gxf_isaac_message_compositor) StdoutLine: {'line': b'-- Symlinking: /workspaces/isaac_ros-dev/install/gxf_isaac_message_compositor/share/gxf_isaac_message_compositor/environment/path.dsv\n'}
[15.528507] (gxf_isaac_optimizer) StdoutLine: {'line': b'-- Symlinking: /workspaces/isaac_ros-dev/install/gxf_isaac_optimizer/share/ament_index/resource_index/parent_prefix_path/gxf_isaac_optimizer\n'}
[15.528755] (-) TimerEvent: {}
[15.530839] (gxf_isaac_message_compositor) StdoutLine: {'line': b'-- Symlinking: /workspaces/isaac_ros-dev/install/gxf_isaac_message_compositor/share/gxf_isaac_message_compositor/local_setup.bash\n'}
[15.531077] (gxf_isaac_gems) StdoutLine: {'line': b'-- Symlinking: /workspaces/isaac_ros-dev/install/gxf_isaac_gems/share/gxf_isaac_gems/gxf/include/gems/composite/measure.hpp\n'}
[15.531219] (gxf_isaac_sight) StdoutLine: {'line': b'-- Symlinking: /workspaces/isaac_ros-dev/install/gxf_isaac_sight/share/gxf_isaac_sight/environment/path.sh\n'}
[15.536413] (gxf_isaac_optimizer) StdoutLine: {'line': b'-- Symlinking: /workspaces/isaac_ros-dev/install/gxf_isaac_optimizer/share/gxf_isaac_optimizer/environment/ament_prefix_path.sh\n'}
[15.537056] (gxf_isaac_sight) StdoutLine: {'line': b'-- Symlinking: /workspaces/isaac_ros-dev/install/gxf_isaac_sight/share/gxf_isaac_sight/environment/path.dsv\n'}
[15.537280] (gxf_isaac_message_compositor) StdoutLine: {'line': b'-- Symlinking: /workspaces/isaac_ros-dev/install/gxf_isaac_message_compositor/share/gxf_isaac_message_compositor/local_setup.sh\n'}
[15.537396] (gxf_isaac_gems) StdoutLine: {'line': b'-- Symlinking: /workspaces/isaac_ros-dev/install/gxf_isaac_gems/share/gxf_isaac_gems/gxf/include/gems/composite/quantity.hpp\n'}
[15.543099] (gxf_isaac_optimizer) StdoutLine: {'line': b'-- Symlinking: /workspaces/isaac_ros-dev/install/gxf_isaac_optimizer/share/gxf_isaac_optimizer/environment/ament_prefix_path.dsv\n'}
[15.543299] (gxf_isaac_gems) StdoutLine: {'line': b'-- Symlinking: /workspaces/isaac_ros-dev/install/gxf_isaac_gems/share/gxf_isaac_gems/gxf/include/gems/composite/schema.hpp\n'}
[15.543392] (gxf_isaac_sight) StdoutLine: {'line': b'-- Symlinking: /workspaces/isaac_ros-dev/install/gxf_isaac_sight/share/gxf_isaac_sight/local_setup.bash\n'}
[15.543832] (gxf_isaac_message_compositor) StdoutLine: {'line': b'-- Symlinking: /workspaces/isaac_ros-dev/install/gxf_isaac_message_compositor/share/gxf_isaac_message_compositor/local_setup.zsh\n'}
[15.549683] (gxf_isaac_optimizer) StdoutLine: {'line': b'-- Symlinking: /workspaces/isaac_ros-dev/install/gxf_isaac_optimizer/share/gxf_isaac_optimizer/environment/path.sh\n'}
[15.549997] (gxf_isaac_message_compositor) StdoutLine: {'line': b'-- Symlinking: /workspaces/isaac_ros-dev/install/gxf_isaac_message_compositor/share/gxf_isaac_message_compositor/local_setup.dsv\n'}
[15.550151] (gxf_isaac_sight) StdoutLine: {'line': b'-- Symlinking: /workspaces/isaac_ros-dev/install/gxf_isaac_sight/share/gxf_isaac_sight/local_setup.sh\n'}
[15.552856] (gxf_isaac_gems) StdoutLine: {'line': b'-- Symlinking: /workspaces/isaac_ros-dev/install/gxf_isaac_gems/share/gxf_isaac_gems/gxf/include/gems/composite/schema_tensor_archive.hpp\n'}
[15.556863] (gxf_isaac_message_compositor) StdoutLine: {'line': b'-- Symlinking: /workspaces/isaac_ros-dev/install/gxf_isaac_message_compositor/share/gxf_isaac_message_compositor/package.dsv\n'}
[15.557056] (gxf_isaac_optimizer) StdoutLine: {'line': b'-- Symlinking: /workspaces/isaac_ros-dev/install/gxf_isaac_optimizer/share/gxf_isaac_optimizer/environment/path.dsv\n'}
[15.557127] (gxf_isaac_sight) StdoutLine: {'line': b'-- Symlinking: /workspaces/isaac_ros-dev/install/gxf_isaac_sight/share/gxf_isaac_sight/local_setup.zsh\n'}
[15.561454] (gxf_isaac_gems) StdoutLine: {'line': b'-- Symlinking: /workspaces/isaac_ros-dev/install/gxf_isaac_gems/share/gxf_isaac_gems/gxf/include/gems/coms/socket.hpp\n'}
[15.564551] (gxf_isaac_message_compositor) StdoutLine: {'line': b'-- Symlinking: /workspaces/isaac_ros-dev/install/gxf_isaac_message_compositor/share/ament_index/resource_index/packages/gxf_isaac_message_compositor\n'}
[15.564903] (gxf_isaac_sight) StdoutLine: {'line': b'-- Symlinking: /workspaces/isaac_ros-dev/install/gxf_isaac_sight/share/gxf_isaac_sight/local_setup.dsv\n'}
[15.566100] (gxf_isaac_optimizer) StdoutLine: {'line': b'-- Symlinking: /workspaces/isaac_ros-dev/install/gxf_isaac_optimizer/share/gxf_isaac_optimizer/local_setup.bash\n'}
[15.569543] (gxf_isaac_gems) StdoutLine: {'line': b'-- Symlinking: /workspaces/isaac_ros-dev/install/gxf_isaac_gems/share/gxf_isaac_gems/gxf/include/gems/control_types/differential_drive.hpp\n'}
[15.572585] (gxf_isaac_sight) StdoutLine: {'line': b'-- Symlinking: /workspaces/isaac_ros-dev/install/gxf_isaac_sight/share/gxf_isaac_sight/package.dsv\n'}
[15.572982] (gxf_isaac_message_compositor) StdoutLine: {'line': b'-- Symlinking: /workspaces/isaac_ros-dev/install/gxf_isaac_message_compositor/share/gxf_isaac_message_compositor/cmake/ament_cmake_export_targets-extras.cmake\n'}
[15.573265] (gxf_isaac_optimizer) StdoutLine: {'line': b'-- Symlinking: /workspaces/isaac_ros-dev/install/gxf_isaac_optimizer/share/gxf_isaac_optimizer/local_setup.sh\n'}
[15.578890] (gxf_isaac_gems) StdoutLine: {'line': b'-- Symlinking: /workspaces/isaac_ros-dev/install/gxf_isaac_gems/share/gxf_isaac_gems/gxf/include/gems/core/allocator/allocator_base.hpp\n'}
[15.579919] (gxf_isaac_sight) StdoutLine: {'line': b'-- Symlinking: /workspaces/isaac_ros-dev/install/gxf_isaac_sight/share/ament_index/resource_index/packages/gxf_isaac_sight\n'}
[15.580195] (gxf_isaac_message_compositor) StdoutLine: {'line': b'-- Symlinking: /workspaces/isaac_ros-dev/install/gxf_isaac_message_compositor/share/gxf_isaac_message_compositor/cmake/ament_cmake_export_dependencies-extras.cmake\n'}
[15.582398] (gxf_isaac_optimizer) StdoutLine: {'line': b'-- Symlinking: /workspaces/isaac_ros-dev/install/gxf_isaac_optimizer/share/gxf_isaac_optimizer/local_setup.zsh\n'}
[15.586366] (gxf_isaac_gems) StdoutLine: {'line': b'-- Symlinking: /workspaces/isaac_ros-dev/install/gxf_isaac_gems/share/gxf_isaac_gems/gxf/include/gems/core/allocator/allocators.hpp\n'}
[15.586623] (gxf_isaac_message_compositor) StdoutLine: {'line': b'-- Symlinking: /workspaces/isaac_ros-dev/install/gxf_isaac_message_compositor/share/gxf_isaac_message_compositor/cmake/gxf_isaac_message_compositorConfig.cmake\n'}
[15.586806] (gxf_isaac_sight) StdoutLine: {'line': b'-- Symlinking: /workspaces/isaac_ros-dev/install/gxf_isaac_sight/share/gxf_isaac_sight/cmake/ament_cmake_export_targets-extras.cmake\n'}
[15.589259] (gxf_isaac_optimizer) StdoutLine: {'line': b'-- Symlinking: /workspaces/isaac_ros-dev/install/gxf_isaac_optimizer/share/gxf_isaac_optimizer/local_setup.dsv\n'}
[15.593092] (gxf_isaac_message_compositor) StdoutLine: {'line': b'-- Symlinking: /workspaces/isaac_ros-dev/install/gxf_isaac_message_compositor/share/gxf_isaac_message_compositor/cmake/gxf_isaac_message_compositorConfig-version.cmake\n'}
[15.593300] (gxf_isaac_sight) StdoutLine: {'line': b'-- Symlinking: /workspaces/isaac_ros-dev/install/gxf_isaac_sight/share/gxf_isaac_sight/cmake/ament_cmake_export_dependencies-extras.cmake\n'}
[15.593383] (gxf_isaac_gems) StdoutLine: {'line': b'-- Symlinking: /workspaces/isaac_ros-dev/install/gxf_isaac_gems/share/gxf_isaac_gems/gxf/include/gems/core/assert.hpp\n'}
[15.596283] (gxf_isaac_optimizer) StdoutLine: {'line': b'-- Symlinking: /workspaces/isaac_ros-dev/install/gxf_isaac_optimizer/share/gxf_isaac_optimizer/package.dsv\n'}
[15.599631] (gxf_isaac_sight) StdoutLine: {'line': b'-- Symlinking: /workspaces/isaac_ros-dev/install/gxf_isaac_sight/share/gxf_isaac_sight/cmake/gxf_isaac_sightConfig.cmake\n'}
[15.599872] (gxf_isaac_message_compositor) StdoutLine: {'line': b'-- Symlinking: /workspaces/isaac_ros-dev/install/gxf_isaac_message_compositor/share/gxf_isaac_message_compositor/package.xml\n'}
[15.600487] (gxf_isaac_gems) StdoutLine: {'line': b'-- Symlinking: /workspaces/isaac_ros-dev/install/gxf_isaac_gems/share/gxf_isaac_gems/gxf/include/gems/core/buffers/algorithm.hpp\n'}
[15.603407] (gxf_isaac_optimizer) StdoutLine: {'line': b'-- Symlinking: /workspaces/isaac_ros-dev/install/gxf_isaac_optimizer/share/ament_index/resource_index/packages/gxf_isaac_optimizer\n'}
[15.605931] (gxf_isaac_sight) StdoutLine: {'line': b'-- Symlinking: /workspaces/isaac_ros-dev/install/gxf_isaac_sight/share/gxf_isaac_sight/cmake/gxf_isaac_sightConfig-version.cmake\n'}
[15.606189] (gxf_isaac_message_compositor) StdoutLine: {'line': b'-- Installing: /workspaces/isaac_ros-dev/install/gxf_isaac_message_compositor/share/gxf_isaac_message_compositor/cmake/export_gxf_isaac_message_compositorExport.cmake\n'}
[15.606297] (gxf_isaac_gems) StdoutLine: {'line': b'-- Symlinking: /workspaces/isaac_ros-dev/install/gxf_isaac_gems/share/gxf_isaac_gems/gxf/include/gems/core/buffers/buffer.hpp\n'}
[15.607567] (gxf_isaac_message_compositor) CommandEnded: {'returncode': 0}
[15.611474] (gxf_isaac_optimizer) StdoutLine: {'line': b'-- Symlinking: /workspaces/isaac_ros-dev/install/gxf_isaac_optimizer/share/gxf_isaac_optimizer/cmake/ament_cmake_export_targets-extras.cmake\n'}
[15.612320] (gxf_isaac_sight) StdoutLine: {'line': b'-- Symlinking: /workspaces/isaac_ros-dev/install/gxf_isaac_sight/share/gxf_isaac_sight/package.xml\n'}
[15.612634] (gxf_isaac_gems) StdoutLine: {'line': b'-- Symlinking: /workspaces/isaac_ros-dev/install/gxf_isaac_gems/share/gxf_isaac_gems/gxf/include/gems/core/buffers/traits.hpp\n'}
[15.618291] (gxf_isaac_optimizer) StdoutLine: {'line': b'-- Symlinking: /workspaces/isaac_ros-dev/install/gxf_isaac_optimizer/share/gxf_isaac_optimizer/cmake/ament_cmake_export_dependencies-extras.cmake\n'}
[15.619205] (gxf_isaac_sight) StdoutLine: {'line': b'-- Installing: /workspaces/isaac_ros-dev/install/gxf_isaac_sight/share/gxf_isaac_sight/cmake/export_gxf_isaac_sightExport.cmake\n'}
[15.619351] (gxf_isaac_gems) StdoutLine: {'line': b'-- Symlinking: /workspaces/isaac_ros-dev/install/gxf_isaac_gems/share/gxf_isaac_gems/gxf/include/gems/core/byte.hpp\n'}
[15.619775] (gxf_isaac_message_compositor) JobEnded: {'identifier': 'gxf_isaac_message_compositor', 'rc': 0}
[15.620904] (gxf_isaac_sight) CommandEnded: {'returncode': 0}
[15.624901] (gxf_isaac_gems) StdoutLine: {'line': b'-- Symlinking: /workspaces/isaac_ros-dev/install/gxf_isaac_gems/share/gxf_isaac_gems/gxf/include/gems/core/constants.hpp\n'}
[15.625253] (gxf_isaac_optimizer) StdoutLine: {'line': b'-- Symlinking: /workspaces/isaac_ros-dev/install/gxf_isaac_optimizer/share/gxf_isaac_optimizer/cmake/gxf_isaac_optimizerConfig.cmake\n'}
[15.628853] (-) TimerEvent: {}
[15.631143] (gxf_isaac_gems) StdoutLine: {'line': b'-- Symlinking: /workspaces/isaac_ros-dev/install/gxf_isaac_gems/share/gxf_isaac_gems/gxf/include/gems/core/epsilon.hpp\n'}
[15.631586] (gxf_isaac_sight) JobEnded: {'identifier': 'gxf_isaac_sight', 'rc': 0}
[15.633180] (gxf_isaac_optimizer) StdoutLine: {'line': b'-- Symlinking: /workspaces/isaac_ros-dev/install/gxf_isaac_optimizer/share/gxf_isaac_optimizer/cmake/gxf_isaac_optimizerConfig-version.cmake\n'}
[15.637910] (gxf_isaac_gems) StdoutLine: {'line': b'-- Symlinking: /workspaces/isaac_ros-dev/install/gxf_isaac_gems/share/gxf_isaac_gems/gxf/include/gems/core/image/image.hpp\n'}
[15.640784] (gxf_isaac_optimizer) StdoutLine: {'line': b'-- Symlinking: /workspaces/isaac_ros-dev/install/gxf_isaac_optimizer/share/gxf_isaac_optimizer/package.xml\n'}
[15.644284] (gxf_isaac_gems) StdoutLine: {'line': b'-- Symlinking: /workspaces/isaac_ros-dev/install/gxf_isaac_gems/share/gxf_isaac_gems/gxf/include/gems/core/logger.hpp\n'}
[15.647983] (gxf_isaac_optimizer) StdoutLine: {'line': b'-- Installing: /workspaces/isaac_ros-dev/install/gxf_isaac_optimizer/share/gxf_isaac_optimizer/cmake/export_gxf_isaac_optimizerExport.cmake\n'}
[15.649648] (gxf_isaac_optimizer) CommandEnded: {'returncode': 0}
[15.650540] (gxf_isaac_gems) StdoutLine: {'line': b'-- Symlinking: /workspaces/isaac_ros-dev/install/gxf_isaac_gems/share/gxf_isaac_gems/gxf/include/gems/core/math/macros.hpp\n'}
[15.658707] (gxf_isaac_gems) StdoutLine: {'line': b'-- Symlinking: /workspaces/isaac_ros-dev/install/gxf_isaac_gems/share/gxf_isaac_gems/gxf/include/gems/core/math/pose2.hpp\n'}
[15.660588] (gxf_isaac_optimizer) JobEnded: {'identifier': 'gxf_isaac_optimizer', 'rc': 0}
[15.665018] (gxf_isaac_gems) StdoutLine: {'line': b'-- Symlinking: /workspaces/isaac_ros-dev/install/gxf_isaac_gems/share/gxf_isaac_gems/gxf/include/gems/core/math/pose3.hpp\n'}
[15.671898] (gxf_isaac_gems) StdoutLine: {'line': b'-- Symlinking: /workspaces/isaac_ros-dev/install/gxf_isaac_gems/share/gxf_isaac_gems/gxf/include/gems/core/math/so2.hpp\n'}
[15.679442] (gxf_isaac_gems) StdoutLine: {'line': b'-- Symlinking: /workspaces/isaac_ros-dev/install/gxf_isaac_gems/share/gxf_isaac_gems/gxf/include/gems/core/math/so3.hpp\n'}
[15.688255] (gxf_isaac_gems) StdoutLine: {'line': b'-- Symlinking: /workspaces/isaac_ros-dev/install/gxf_isaac_gems/share/gxf_isaac_gems/gxf/include/gems/core/math/types.hpp\n'}
[15.697041] (gxf_isaac_gems) StdoutLine: {'line': b'-- Symlinking: /workspaces/isaac_ros-dev/install/gxf_isaac_gems/share/gxf_isaac_gems/gxf/include/gems/core/math/utils.hpp\n'}
[15.703674] (gxf_isaac_gems) StdoutLine: {'line': b'-- Symlinking: /workspaces/isaac_ros-dev/install/gxf_isaac_gems/share/gxf_isaac_gems/gxf/include/gems/core/optional.hpp\n'}
[15.709971] (gxf_isaac_gems) StdoutLine: {'line': b'-- Symlinking: /workspaces/isaac_ros-dev/install/gxf_isaac_gems/share/gxf_isaac_gems/gxf/include/gems/core/tensor/sample_cloud.hpp\n'}
[15.716482] (gxf_isaac_gems) StdoutLine: {'line': b'-- Symlinking: /workspaces/isaac_ros-dev/install/gxf_isaac_gems/share/gxf_isaac_gems/gxf/include/gems/core/tensor/tensor.hpp\n'}
[15.722728] (gxf_isaac_gems) StdoutLine: {'line': b'-- Symlinking: /workspaces/isaac_ros-dev/install/gxf_isaac_gems/share/gxf_isaac_gems/gxf/include/gems/cuda_utils/launch_utils.hpp\n'}
[15.728954] (-) TimerEvent: {}
[15.730104] (gxf_isaac_gems) StdoutLine: {'line': b'-- Symlinking: /workspaces/isaac_ros-dev/install/gxf_isaac_gems/share/gxf_isaac_gems/gxf/include/gems/cuda_utils/stride_pointer.hpp\n'}
[15.736411] (gxf_isaac_gems) StdoutLine: {'line': b'-- Symlinking: /workspaces/isaac_ros-dev/install/gxf_isaac_gems/share/gxf_isaac_gems/gxf/include/gems/cuda_utils/stride_pointer_3d.hpp\n'}
[15.743417] (gxf_isaac_gems) StdoutLine: {'line': b'-- Symlinking: /workspaces/isaac_ros-dev/install/gxf_isaac_gems/share/gxf_isaac_gems/gxf/include/gems/cuda_utils/vector_math.hpp\n'}
[15.749711] (gxf_isaac_gems) StdoutLine: {'line': b'-- Symlinking: /workspaces/isaac_ros-dev/install/gxf_isaac_gems/share/gxf_isaac_gems/gxf/include/gems/flatscan/flatscan_info.hpp\n'}
[15.755938] (gxf_isaac_gems) StdoutLine: {'line': b'-- Symlinking: /workspaces/isaac_ros-dev/install/gxf_isaac_gems/share/gxf_isaac_gems/gxf/include/gems/flatscan/flatscan_types.hpp\n'}
[15.763612] (gxf_isaac_gems) StdoutLine: {'line': b'-- Symlinking: /workspaces/isaac_ros-dev/install/gxf_isaac_gems/share/gxf_isaac_gems/gxf/include/gems/geometry/line.hpp\n'}
[15.775116] (gxf_isaac_gems) StdoutLine: {'line': b'-- Symlinking: /workspaces/isaac_ros-dev/install/gxf_isaac_gems/share/gxf_isaac_gems/gxf/include/gems/geometry/line_segment.hpp\n'}
[15.782812] (gxf_isaac_gems) StdoutLine: {'line': b'-- Symlinking: /workspaces/isaac_ros-dev/install/gxf_isaac_gems/share/gxf_isaac_gems/gxf/include/gems/geometry/line_utils.hpp\n'}
[15.789320] (gxf_isaac_gems) StdoutLine: {'line': b'-- Symlinking: /workspaces/isaac_ros-dev/install/gxf_isaac_gems/share/gxf_isaac_gems/gxf/include/gems/geometry/n_cuboid.hpp\n'}
[15.795991] (gxf_isaac_gems) StdoutLine: {'line': b'-- Symlinking: /workspaces/isaac_ros-dev/install/gxf_isaac_gems/share/gxf_isaac_gems/gxf/include/gems/geometry/n_sphere.hpp\n'}
[15.802352] (gxf_isaac_gems) StdoutLine: {'line': b'-- Symlinking: /workspaces/isaac_ros-dev/install/gxf_isaac_gems/share/gxf_isaac_gems/gxf/include/gems/geometry/pinhole.hpp\n'}
[15.809595] (gxf_isaac_gems) StdoutLine: {'line': b'-- Symlinking: /workspaces/isaac_ros-dev/install/gxf_isaac_gems/share/gxf_isaac_gems/gxf/include/gems/geometry/plane.hpp\n'}
[15.816656] (gxf_isaac_gems) StdoutLine: {'line': b'-- Symlinking: /workspaces/isaac_ros-dev/install/gxf_isaac_gems/share/gxf_isaac_gems/gxf/include/gems/geometry/polygon.hpp\n'}
[15.826034] (gxf_isaac_gems) StdoutLine: {'line': b'-- Symlinking: /workspaces/isaac_ros-dev/install/gxf_isaac_gems/share/gxf_isaac_gems/gxf/include/gems/geometry/polyline.hpp\n'}
[15.829077] (-) TimerEvent: {}
[15.833523] (gxf_isaac_gems) StdoutLine: {'line': b'-- Symlinking: /workspaces/isaac_ros-dev/install/gxf_isaac_gems/share/gxf_isaac_gems/gxf/include/gems/geometry/types.hpp\n'}
[15.845964] (gxf_isaac_gems) StdoutLine: {'line': b'-- Symlinking: /workspaces/isaac_ros-dev/install/gxf_isaac_gems/share/gxf_isaac_gems/gxf/include/gems/gxf_helpers/expected_macro_abstract.hpp\n'}
[15.861390] (gxf_isaac_gems) StdoutLine: {'line': b'-- Symlinking: /workspaces/isaac_ros-dev/install/gxf_isaac_gems/share/gxf_isaac_gems/gxf/include/gems/gxf_helpers/expected_macro_common.hpp\n'}
[15.879992] (gxf_isaac_gems) StdoutLine: {'line': b'-- Symlinking: /workspaces/isaac_ros-dev/install/gxf_isaac_gems/share/gxf_isaac_gems/gxf/include/gems/gxf_helpers/expected_macro_cuda.hpp\n'}
[15.899108] (gxf_isaac_gems) StdoutLine: {'line': b'-- Symlinking: /workspaces/isaac_ros-dev/install/gxf_isaac_gems/share/gxf_isaac_gems/gxf/include/gems/gxf_helpers/expected_macro_gxf.hpp\n'}
[15.910864] (gxf_isaac_gems) StdoutLine: {'line': b'-- Symlinking: /workspaces/isaac_ros-dev/install/gxf_isaac_gems/share/gxf_isaac_gems/gxf/include/gems/gxf_helpers/expected_macro_isaac.hpp\n'}
[15.919340] (gxf_isaac_gems) StdoutLine: {'line': b'-- Symlinking: /workspaces/isaac_ros-dev/install/gxf_isaac_gems/share/gxf_isaac_gems/gxf/include/gems/gxf_helpers/image_view.hpp\n'}
[15.926718] (gxf_isaac_gems) StdoutLine: {'line': b'-- Symlinking: /workspaces/isaac_ros-dev/install/gxf_isaac_gems/share/gxf_isaac_gems/gxf/include/gems/image/color.hpp\n'}
[15.929198] (-) TimerEvent: {}
[15.936262] (gxf_isaac_gems) StdoutLine: {'line': b'-- Symlinking: /workspaces/isaac_ros-dev/install/gxf_isaac_gems/share/gxf_isaac_gems/gxf/include/gems/image/io.hpp\n'}
[15.951466] (gxf_isaac_gems) StdoutLine: {'line': b'-- Symlinking: /workspaces/isaac_ros-dev/install/gxf_isaac_gems/share/gxf_isaac_gems/gxf/include/gems/image/utils.hpp\n'}
[15.966242] (gxf_isaac_gems) StdoutLine: {'line': b'-- Symlinking: /workspaces/isaac_ros-dev/install/gxf_isaac_gems/share/gxf_isaac_gems/gxf/include/gems/pose_tree/pose_tree.hpp\n'}
[15.976514] (gxf_isaac_gems) StdoutLine: {'line': b'-- Symlinking: /workspaces/isaac_ros-dev/install/gxf_isaac_gems/share/gxf_isaac_gems/gxf/include/gems/pose_tree/pose_tree_edge_history.hpp\n'}
[15.985740] (gxf_isaac_gems) StdoutLine: {'line': b'-- Symlinking: /workspaces/isaac_ros-dev/install/gxf_isaac_gems/share/gxf_isaac_gems/gxf/include/gems/serialization/base64.hpp\n'}
[15.999447] (gxf_isaac_gems) StdoutLine: {'line': b'-- Symlinking: /workspaces/isaac_ros-dev/install/gxf_isaac_gems/share/gxf_isaac_gems/gxf/include/gems/serialization/json.hpp\n'}
[16.009824] (gxf_isaac_gems) StdoutLine: {'line': b'-- Symlinking: /workspaces/isaac_ros-dev/install/gxf_isaac_gems/share/gxf_isaac_gems/gxf/include/gems/serialization/json_formatter.hpp\n'}
[16.016750] (gxf_isaac_gems) StdoutLine: {'line': b'-- Symlinking: /workspaces/isaac_ros-dev/install/gxf_isaac_gems/share/gxf_isaac_gems/gxf/include/gems/sight/sop.hpp\n'}
[16.025350] (gxf_isaac_gems) StdoutLine: {'line': b'-- Symlinking: /workspaces/isaac_ros-dev/install/gxf_isaac_gems/share/gxf_isaac_gems/gxf/include/gems/sight/sop_asset.hpp\n'}
[16.029321] (-) TimerEvent: {}
[16.035155] (gxf_isaac_gems) StdoutLine: {'line': b'-- Symlinking: /workspaces/isaac_ros-dev/install/gxf_isaac_gems/share/gxf_isaac_gems/gxf/include/gems/sight/sop_image.hpp\n'}
[16.050070] (gxf_isaac_gems) StdoutLine: {'line': b'-- Symlinking: /workspaces/isaac_ros-dev/install/gxf_isaac_gems/share/gxf_isaac_gems/gxf/include/gems/sight/sop_mesh.hpp\n'}
[16.063732] (gxf_isaac_gems) StdoutLine: {'line': b'-- Symlinking: /workspaces/isaac_ros-dev/install/gxf_isaac_gems/share/gxf_isaac_gems/gxf/include/gems/sight/sop_point_cloud.hpp\n'}
[16.075215] (gxf_isaac_gems) StdoutLine: {'line': b'-- Symlinking: /workspaces/isaac_ros-dev/install/gxf_isaac_gems/share/gxf_isaac_gems/gxf/include/gems/sight/sop_style.hpp\n'}
[16.089095] (gxf_isaac_gems) StdoutLine: {'line': b'-- Symlinking: /workspaces/isaac_ros-dev/install/gxf_isaac_gems/share/gxf_isaac_gems/gxf/include/gems/sight/sop_text.hpp\n'}
[16.104554] (gxf_isaac_gems) StdoutLine: {'line': b'-- Symlinking: /workspaces/isaac_ros-dev/install/gxf_isaac_gems/share/gxf_isaac_gems/gxf/include/gems/sight/sop_transform.hpp\n'}
[16.115078] (gxf_isaac_gems) StdoutLine: {'line': b'-- Symlinking: /workspaces/isaac_ros-dev/install/gxf_isaac_gems/share/gxf_isaac_gems/gxf/include/gems/uuid/uuid.hpp\n'}
[16.123741] (gxf_isaac_gems) StdoutLine: {'line': b'-- Symlinking: /workspaces/isaac_ros-dev/install/gxf_isaac_gems/share/gxf_isaac_gems/gxf/include/gems/video_buffer/allocator.hpp\n'}
[16.129408] (-) TimerEvent: {}
[16.130764] (gxf_isaac_gems) StdoutLine: {'line': b'-- Symlinking: /workspaces/isaac_ros-dev/install/gxf_isaac_gems/share/gxf_isaac_gems/gxf/include/third_party/nlohmann/json.hpp\n'}
[16.138970] (gxf_isaac_gems) StdoutLine: {'line': b'-- Symlinking: /workspaces/isaac_ros-dev/install/gxf_isaac_gems/share/gxf_isaac_gems/environment/library_path.sh\n'}
[16.147964] (gxf_isaac_gems) StdoutLine: {'line': b'-- Symlinking: /workspaces/isaac_ros-dev/install/gxf_isaac_gems/share/gxf_isaac_gems/environment/library_path.dsv\n'}
[16.162048] (gxf_isaac_gems) StdoutLine: {'line': b'-- Symlinking: /workspaces/isaac_ros-dev/install/gxf_isaac_gems/share/gxf_isaac_gems/version_info.yaml\n'}
[16.174776] (gxf_isaac_gems) StdoutLine: {'line': b'-- Symlinking: /workspaces/isaac_ros-dev/install/gxf_isaac_gems/share/ament_index/resource_index/package_run_dependencies/gxf_isaac_gems\n'}
[16.186060] (gxf_isaac_gems) StdoutLine: {'line': b'-- Symlinking: /workspaces/isaac_ros-dev/install/gxf_isaac_gems/share/ament_index/resource_index/parent_prefix_path/gxf_isaac_gems\n'}
[16.198662] (gxf_isaac_gems) StdoutLine: {'line': b'-- Symlinking: /workspaces/isaac_ros-dev/install/gxf_isaac_gems/share/gxf_isaac_gems/environment/ament_prefix_path.sh\n'}
[16.219943] (gxf_isaac_gems) StdoutLine: {'line': b'-- Symlinking: /workspaces/isaac_ros-dev/install/gxf_isaac_gems/share/gxf_isaac_gems/environment/ament_prefix_path.dsv\n'}
[16.229592] (-) TimerEvent: {}
[16.237230] (gxf_isaac_gems) StdoutLine: {'line': b'-- Symlinking: /workspaces/isaac_ros-dev/install/gxf_isaac_gems/share/gxf_isaac_gems/environment/path.sh\n'}
[16.246193] (gxf_isaac_gems) StdoutLine: {'line': b'-- Symlinking: /workspaces/isaac_ros-dev/install/gxf_isaac_gems/share/gxf_isaac_gems/environment/path.dsv\n'}
[16.259017] (gxf_isaac_gems) StdoutLine: {'line': b'-- Symlinking: /workspaces/isaac_ros-dev/install/gxf_isaac_gems/share/gxf_isaac_gems/local_setup.bash\n'}
[16.273070] (gxf_isaac_gems) StdoutLine: {'line': b'-- Symlinking: /workspaces/isaac_ros-dev/install/gxf_isaac_gems/share/gxf_isaac_gems/local_setup.sh\n'}
[16.282486] (gxf_isaac_gems) StdoutLine: {'line': b'-- Symlinking: /workspaces/isaac_ros-dev/install/gxf_isaac_gems/share/gxf_isaac_gems/local_setup.zsh\n'}
[16.288870] (gxf_isaac_gems) StdoutLine: {'line': b'-- Symlinking: /workspaces/isaac_ros-dev/install/gxf_isaac_gems/share/gxf_isaac_gems/local_setup.dsv\n'}
[16.301509] (gxf_isaac_gems) StdoutLine: {'line': b'-- Symlinking: /workspaces/isaac_ros-dev/install/gxf_isaac_gems/share/gxf_isaac_gems/package.dsv\n'}
[16.318243] (gxf_isaac_gems) StdoutLine: {'line': b'-- Symlinking: /workspaces/isaac_ros-dev/install/gxf_isaac_gems/share/ament_index/resource_index/packages/gxf_isaac_gems\n'}
[16.329757] (gxf_isaac_gems) StdoutLine: {'line': b'-- Symlinking: /workspaces/isaac_ros-dev/install/gxf_isaac_gems/share/gxf_isaac_gems/cmake/ament_cmake_export_targets-extras.cmake\n'}
[16.330033] (-) TimerEvent: {}
[16.337708] (gxf_isaac_gems) StdoutLine: {'line': b'-- Symlinking: /workspaces/isaac_ros-dev/install/gxf_isaac_gems/share/gxf_isaac_gems/cmake/ament_cmake_export_dependencies-extras.cmake\n'}
[16.349204] (gxf_isaac_gems) StdoutLine: {'line': b'-- Symlinking: /workspaces/isaac_ros-dev/install/gxf_isaac_gems/share/gxf_isaac_gems/cmake/gxf_isaac_gemsConfig.cmake\n'}
[16.355849] (gxf_isaac_gems) StdoutLine: {'line': b'-- Symlinking: /workspaces/isaac_ros-dev/install/gxf_isaac_gems/share/gxf_isaac_gems/cmake/gxf_isaac_gemsConfig-version.cmake\n'}
[16.362000] (gxf_isaac_gems) StdoutLine: {'line': b'-- Symlinking: /workspaces/isaac_ros-dev/install/gxf_isaac_gems/share/gxf_isaac_gems/package.xml\n'}
[16.371079] (gxf_isaac_gems) StdoutLine: {'line': b'-- Installing: /workspaces/isaac_ros-dev/install/gxf_isaac_gems/share/gxf_isaac_gems/cmake/export_gxf_isaac_gemsExport.cmake\n'}
[16.373171] (gxf_isaac_gems) CommandEnded: {'returncode': 0}
[16.387994] (gxf_isaac_gems) JobEnded: {'identifier': 'gxf_isaac_gems', 'rc': 0}
[16.389034] (gxf_isaac_atlas) JobStarted: {'identifier': 'gxf_isaac_atlas'}
[16.392435] (gxf_isaac_gxf_helpers) JobStarted: {'identifier': 'gxf_isaac_gxf_helpers'}
[16.396075] (gxf_isaac_messages) JobStarted: {'identifier': 'gxf_isaac_messages'}
[16.402003] (gxf_isaac_atlas) JobProgress: {'identifier': 'gxf_isaac_atlas', 'progress': 'cmake'}
[16.402513] (gxf_isaac_atlas) Command: {'cmd': ['/usr/bin/cmake', '/workspaces/isaac_ros-dev/src/isaac_ros_nitros/isaac_ros_gxf_extensions/gxf_isaac_atlas', '-DBUILD_TESTING=OFF', '-DAMENT_CMAKE_SYMLINK_INSTALL=1', '-DCMAKE_INSTALL_PREFIX=/workspaces/isaac_ros-dev/install/gxf_isaac_atlas'], 'cwd': '/workspaces/isaac_ros-dev/build/gxf_isaac_atlas', 'env': OrderedDict([('DALI_BUILD', '16741769'), ('LIBRARY_PATH', '/usr/local/cuda/lib64/stubs:'), ('NVIDIA_CTK_LIBCUDA_DIR', '/usr/lib/x86_64-linux-gnu/nvidia/current'), ('PYTHONWARNINGS', 'ignore:::setuptools.command.install,ignore:::setuptools.command.easy_install,ignore:::pkg_resources,ignore:::setuptools.command.develop'), ('USER', 'diego'), ('TRT_INC_PATH', '/usr/include/x86_64-linux-gnu'), ('TF_ADJUST_SATURATION_FUSED', '1'), ('CUSOLVER_VERSION', '11.6.4.38'), ('HOSTNAME', 'debian'), ('CUTENSOR_VERSION', '2.0.2.5'), ('SHLVL', '1'), ('LD_LIBRARY_PATH', '/workspaces/isaac_ros-dev/install/gxf_isaac_gems/lib:/workspaces/isaac_ros-dev/install/isaac_ros_gxf/lib:/workspaces/isaac_ros-dev/install/isaac_ros_common/lib:/opt/ros/humble/opt/openvdb_vendor/lib:/opt/ros/humble/opt/rviz_ogre_vendor/lib:/opt/ros/humble/lib/x86_64-linux-gnu:/opt/ros/humble/lib:/usr/local/libcudss-linux-0.3.0.9_cuda12-archive/lib:/opt/hpcx/ucc/lib/:/opt/hpcx/ucx/lib/:/usr/local/cuda/compat/lib:/usr/local/nvidia/lib:/usr/local/nvidia/lib64:/opt/tritonserver/lib'), ('HOME', '/home/admin'), ('NVIDIA_TRITON_SERVER_VERSION', '24.08'), ('OLDPWD', '/workspaces/isaac_ros-dev'), ('HOST_USER_GID', '1000'), ('CUDA_CACHE_DISABLE', '1'), ('ROS_PYTHON_VERSION', '3'), ('MODEL_OPT_VERSION', '0.15.0'), ('ENV', '/etc/shinit_v2'), ('RDMACORE_VERSION', '39.0'), ('NVJPEG_VERSION', '12.3.3.23'), ('NVIDIA_BUILD_ID', '107631419'), ('CUDA_VERSION', '12.6.0.022'), ('TCMALLOC_RELEASE_RATE', '200'), ('CUBLAS_VERSION', '12.6.0.22'), ('NSIGHT_SYSTEMS_VERSION', '2024.4.2.133'), ('COLCON_PREFIX_PATH', '/workspaces/isaac_ros-dev/install'), ('CUDA_VISIBLE_DEVICES', '0'), ('ROS_DISTRO', 'humble'), ('OPAL_PREFIX', '/opt/hpcx/ompi'), ('NVIDIA_REQUIRE_CUDA', 'cuda>=9.0'), ('TRT_VERSION', '10.3.0.26+cuda12.5.1.007'), ('GDRCOPY_VERSION', '2.3.1-1'), ('_', '/usr/bin/colcon'), ('ROS_VERSION', '2'), ('NVIDIA_DRIVER_CAPABILITIES', 'compute,utility,graphics'), ('POLYGRAPHY_VERSION', '0.49.13'), ('CURAND_VERSION', '10.3.7.37'), ('MOFED_VERSION', '5.4-rdmacore39.0'), ('USERNAME', 'admin'), ('TERM', 'xterm'), ('ISAAC_ROS_WS', '/workspaces/isaac_ros-dev'), ('ROS_LOCALHOST_ONLY', '0'), ('TRANSFORMER_ENGINE_VERSION', '1.9'), ('PATH', '/workspaces/isaac_ros-dev/install/isaac_ros_common/bin:/opt/ros/humble/bin:/opt/ros/humble/vcstool/scripts:/opt/tritonserver/bin:/usr/local/mpi/bin:/usr/local/nvidia/bin:/usr/local/cuda/bin:/usr/local/sbin:/usr/local/bin:/usr/sbin:/usr/bin:/sbin:/bin:/usr/local/ucx/bin'), ('HOST_USER_UID', '1000'), ('CUDSS_DIR', '/usr/local/libcudss-linux-0.3.0.9_cuda12-archive'), ('CUDA_DRIVER_VERSION', '560.35.03'), ('_CUDA_COMPAT_STATUS', 'Unknown error (CUDA_ERROR_UNKNOWN) cuInit()=999'), ('DISPLAY', ':1'), ('NVIDIA_PRODUCT_NAME', 'Triton Server'), ('LANG', 'en_US.UTF-8'), ('RMW_IMPLEMENTATION', 'rmw_fastrtps_cpp'), ('NPP_VERSION', '12.3.1.23'), ('ROS_ROOT', '/opt/ros/humble'), ('UCX_MEM_EVENTS', 'no'), ('CUFFT_VERSION', '11.2.6.28'), ('SSH_AUTH_SOCK', '/ssh-agent'), ('TF_ENABLE_WINOGRAD_NONFUSED', '1'), ('AMENT_PREFIX_PATH', '/workspaces/isaac_ros-dev/install/gxf_isaac_gems:/workspaces/isaac_ros-dev/install/isaac_ros_gxf:/workspaces/isaac_ros-dev/install/isaac_ros_test:/workspaces/isaac_ros-dev/install/isaac_ros_launch_utils:/workspaces/isaac_ros-dev/install/isaac_ros_common:/workspaces/isaac_ros-dev/install/isaac_common_py:/opt/ros/humble'), ('CUDNN_VERSION', '9.3.0.75'), ('NSIGHT_COMPUTE_VERSION', '2024.3.0.15'), ('DALI_VERSION', '1.40.0'), ('DEBIAN_FRONTEND', 'noninteractive'), ('SHELL', '/bin/bash'), ('DCGM_VERSION', '3.2.6'), ('CUDNN_FRONTEND_VERSION', '1.5.2'), ('OPENMPI_VERSION', '4.1.7'), ('TRTOSS_VERSION', '24.08'), ('OMPI_MCA_coll_hcoll_enable', '0'), ('CUSPARSE_VERSION', '12.5.2.23'), ('NVIDIA_REQUIRE_JETPACK_HOST_MOUNTS', ''), ('TRITON_SERVER_GPU_ENABLED', '1'), ('TRITON_SERVER_VERSION', '2.49.0'), ('BASH_ENV', '/etc/bash.bashrc'), ('PWD', '/workspaces/isaac_ros-dev/build/gxf_isaac_atlas'), ('CUSPARSELT_VERSION', '0.6.2.3'), ('PYTHONPATH', '/workspaces/isaac_ros-dev/build/isaac_ros_test:/workspaces/isaac_ros-dev/install/isaac_ros_test/lib/python3.10/site-packages:/workspaces/isaac_ros-dev/build/isaac_ros_launch_utils:/workspaces/isaac_ros-dev/install/isaac_ros_launch_utils/lib/python3.10/site-packages:/workspaces/isaac_ros-dev/install/isaac_ros_common/local/lib/python3.10/dist-packages:/workspaces/isaac_ros-dev/build/isaac_common_py:/workspaces/isaac_ros-dev/install/isaac_common_py/lib/python3.10/site-packages:/opt/ros/humble/lib/python3.10/site-packages:/opt/ros/humble/local/lib/python3.10/dist-packages:/opt/ros/humble/vcstool:/opt/tritonserver/backends/dali/wheel/dali:'), ('_CUDA_COMPAT_PATH', '/usr/local/cuda/compat'), ('TRITON_SERVER_USER', 'triton-server'), ('TF_ADJUST_HUE_FUSED', '1'), ('NVIDIA_VISIBLE_DEVICES', 'void'), ('NCCL_VERSION', '2.22.3'), ('COLCON', '1'), ('OPENUCX_VERSION', '1.17.0'), ('HPCX_VERSION', '2.19'), ('CMAKE_PREFIX_PATH', '/workspaces/isaac_ros-dev/install/gxf_isaac_gems:/workspaces/isaac_ros-dev/install/isaac_ros_gxf:/workspaces/isaac_ros-dev/install/isaac_ros_common:/usr/local/libcudss-linux-0.3.0.9_cuda12-archive:/workspaces/isaac_ros-dev/install/isaac_ros_test:/workspaces/isaac_ros-dev/install/isaac_ros_launch_utils:/workspaces/isaac_ros-dev/install/isaac_common_py:/opt/ros/humble'), ('TF_AUTOTUNE_THRESHOLD', '2'), ('TRT_LIB_PATH', '/usr/lib/x86_64-linux-gnu')]), 'shell': False}
[16.405032] (gxf_isaac_gxf_helpers) JobProgress: {'identifier': 'gxf_isaac_gxf_helpers', 'progress': 'cmake'}
[16.405508] (gxf_isaac_gxf_helpers) Command: {'cmd': ['/usr/bin/cmake', '/workspaces/isaac_ros-dev/src/isaac_ros_nitros/isaac_ros_gxf_extensions/gxf_isaac_gxf_helpers', '-DBUILD_TESTING=OFF', '-DAMENT_CMAKE_SYMLINK_INSTALL=1', '-DCMAKE_INSTALL_PREFIX=/workspaces/isaac_ros-dev/install/gxf_isaac_gxf_helpers'], 'cwd': '/workspaces/isaac_ros-dev/build/gxf_isaac_gxf_helpers', 'env': OrderedDict([('DALI_BUILD', '16741769'), ('LIBRARY_PATH', '/usr/local/cuda/lib64/stubs:'), ('NVIDIA_CTK_LIBCUDA_DIR', '/usr/lib/x86_64-linux-gnu/nvidia/current'), ('PYTHONWARNINGS', 'ignore:::setuptools.command.install,ignore:::setuptools.command.easy_install,ignore:::pkg_resources,ignore:::setuptools.command.develop'), ('USER', 'diego'), ('TRT_INC_PATH', '/usr/include/x86_64-linux-gnu'), ('TF_ADJUST_SATURATION_FUSED', '1'), ('CUSOLVER_VERSION', '11.6.4.38'), ('HOSTNAME', 'debian'), ('CUTENSOR_VERSION', '2.0.2.5'), ('SHLVL', '1'), ('LD_LIBRARY_PATH', '/workspaces/isaac_ros-dev/install/gxf_isaac_gems/lib:/workspaces/isaac_ros-dev/install/isaac_ros_gxf/lib:/workspaces/isaac_ros-dev/install/isaac_ros_common/lib:/opt/ros/humble/opt/openvdb_vendor/lib:/opt/ros/humble/opt/rviz_ogre_vendor/lib:/opt/ros/humble/lib/x86_64-linux-gnu:/opt/ros/humble/lib:/usr/local/libcudss-linux-0.3.0.9_cuda12-archive/lib:/opt/hpcx/ucc/lib/:/opt/hpcx/ucx/lib/:/usr/local/cuda/compat/lib:/usr/local/nvidia/lib:/usr/local/nvidia/lib64:/opt/tritonserver/lib'), ('HOME', '/home/admin'), ('NVIDIA_TRITON_SERVER_VERSION', '24.08'), ('OLDPWD', '/workspaces/isaac_ros-dev'), ('HOST_USER_GID', '1000'), ('CUDA_CACHE_DISABLE', '1'), ('ROS_PYTHON_VERSION', '3'), ('MODEL_OPT_VERSION', '0.15.0'), ('ENV', '/etc/shinit_v2'), ('RDMACORE_VERSION', '39.0'), ('NVJPEG_VERSION', '12.3.3.23'), ('NVIDIA_BUILD_ID', '107631419'), ('CUDA_VERSION', '12.6.0.022'), ('TCMALLOC_RELEASE_RATE', '200'), ('CUBLAS_VERSION', '12.6.0.22'), ('NSIGHT_SYSTEMS_VERSION', '2024.4.2.133'), ('COLCON_PREFIX_PATH', '/workspaces/isaac_ros-dev/install'), ('CUDA_VISIBLE_DEVICES', '0'), ('ROS_DISTRO', 'humble'), ('OPAL_PREFIX', '/opt/hpcx/ompi'), ('NVIDIA_REQUIRE_CUDA', 'cuda>=9.0'), ('TRT_VERSION', '10.3.0.26+cuda12.5.1.007'), ('GDRCOPY_VERSION', '2.3.1-1'), ('_', '/usr/bin/colcon'), ('ROS_VERSION', '2'), ('NVIDIA_DRIVER_CAPABILITIES', 'compute,utility,graphics'), ('POLYGRAPHY_VERSION', '0.49.13'), ('CURAND_VERSION', '10.3.7.37'), ('MOFED_VERSION', '5.4-rdmacore39.0'), ('USERNAME', 'admin'), ('TERM', 'xterm'), ('ISAAC_ROS_WS', '/workspaces/isaac_ros-dev'), ('ROS_LOCALHOST_ONLY', '0'), ('TRANSFORMER_ENGINE_VERSION', '1.9'), ('PATH', '/workspaces/isaac_ros-dev/install/isaac_ros_common/bin:/opt/ros/humble/bin:/opt/ros/humble/vcstool/scripts:/opt/tritonserver/bin:/usr/local/mpi/bin:/usr/local/nvidia/bin:/usr/local/cuda/bin:/usr/local/sbin:/usr/local/bin:/usr/sbin:/usr/bin:/sbin:/bin:/usr/local/ucx/bin'), ('HOST_USER_UID', '1000'), ('CUDSS_DIR', '/usr/local/libcudss-linux-0.3.0.9_cuda12-archive'), ('CUDA_DRIVER_VERSION', '560.35.03'), ('_CUDA_COMPAT_STATUS', 'Unknown error (CUDA_ERROR_UNKNOWN) cuInit()=999'), ('DISPLAY', ':1'), ('NVIDIA_PRODUCT_NAME', 'Triton Server'), ('LANG', 'en_US.UTF-8'), ('RMW_IMPLEMENTATION', 'rmw_fastrtps_cpp'), ('NPP_VERSION', '12.3.1.23'), ('ROS_ROOT', '/opt/ros/humble'), ('UCX_MEM_EVENTS', 'no'), ('CUFFT_VERSION', '11.2.6.28'), ('SSH_AUTH_SOCK', '/ssh-agent'), ('TF_ENABLE_WINOGRAD_NONFUSED', '1'), ('AMENT_PREFIX_PATH', '/workspaces/isaac_ros-dev/install/gxf_isaac_gems:/workspaces/isaac_ros-dev/install/isaac_ros_gxf:/workspaces/isaac_ros-dev/install/isaac_ros_test:/workspaces/isaac_ros-dev/install/isaac_ros_launch_utils:/workspaces/isaac_ros-dev/install/isaac_ros_common:/workspaces/isaac_ros-dev/install/isaac_common_py:/opt/ros/humble'), ('CUDNN_VERSION', '9.3.0.75'), ('NSIGHT_COMPUTE_VERSION', '2024.3.0.15'), ('DALI_VERSION', '1.40.0'), ('DEBIAN_FRONTEND', 'noninteractive'), ('SHELL', '/bin/bash'), ('DCGM_VERSION', '3.2.6'), ('CUDNN_FRONTEND_VERSION', '1.5.2'), ('OPENMPI_VERSION', '4.1.7'), ('TRTOSS_VERSION', '24.08'), ('OMPI_MCA_coll_hcoll_enable', '0'), ('CUSPARSE_VERSION', '12.5.2.23'), ('NVIDIA_REQUIRE_JETPACK_HOST_MOUNTS', ''), ('TRITON_SERVER_GPU_ENABLED', '1'), ('TRITON_SERVER_VERSION', '2.49.0'), ('BASH_ENV', '/etc/bash.bashrc'), ('PWD', '/workspaces/isaac_ros-dev/build/gxf_isaac_gxf_helpers'), ('CUSPARSELT_VERSION', '0.6.2.3'), ('PYTHONPATH', '/workspaces/isaac_ros-dev/build/isaac_ros_test:/workspaces/isaac_ros-dev/install/isaac_ros_test/lib/python3.10/site-packages:/workspaces/isaac_ros-dev/build/isaac_ros_launch_utils:/workspaces/isaac_ros-dev/install/isaac_ros_launch_utils/lib/python3.10/site-packages:/workspaces/isaac_ros-dev/install/isaac_ros_common/local/lib/python3.10/dist-packages:/workspaces/isaac_ros-dev/build/isaac_common_py:/workspaces/isaac_ros-dev/install/isaac_common_py/lib/python3.10/site-packages:/opt/ros/humble/lib/python3.10/site-packages:/opt/ros/humble/local/lib/python3.10/dist-packages:/opt/ros/humble/vcstool:/opt/tritonserver/backends/dali/wheel/dali:'), ('_CUDA_COMPAT_PATH', '/usr/local/cuda/compat'), ('TRITON_SERVER_USER', 'triton-server'), ('TF_ADJUST_HUE_FUSED', '1'), ('NVIDIA_VISIBLE_DEVICES', 'void'), ('NCCL_VERSION', '2.22.3'), ('COLCON', '1'), ('OPENUCX_VERSION', '1.17.0'), ('HPCX_VERSION', '2.19'), ('CMAKE_PREFIX_PATH', '/workspaces/isaac_ros-dev/install/gxf_isaac_gems:/workspaces/isaac_ros-dev/install/isaac_ros_gxf:/workspaces/isaac_ros-dev/install/isaac_ros_common:/usr/local/libcudss-linux-0.3.0.9_cuda12-archive:/workspaces/isaac_ros-dev/install/isaac_ros_test:/workspaces/isaac_ros-dev/install/isaac_ros_launch_utils:/workspaces/isaac_ros-dev/install/isaac_common_py:/opt/ros/humble'), ('TF_AUTOTUNE_THRESHOLD', '2'), ('TRT_LIB_PATH', '/usr/lib/x86_64-linux-gnu')]), 'shell': False}
[16.408651] (gxf_isaac_messages) JobProgress: {'identifier': 'gxf_isaac_messages', 'progress': 'cmake'}
[16.409321] (gxf_isaac_messages) Command: {'cmd': ['/usr/bin/cmake', '/workspaces/isaac_ros-dev/src/isaac_ros_nitros/isaac_ros_gxf_extensions/gxf_isaac_messages', '-DBUILD_TESTING=OFF', '-DAMENT_CMAKE_SYMLINK_INSTALL=1', '-DCMAKE_INSTALL_PREFIX=/workspaces/isaac_ros-dev/install/gxf_isaac_messages'], 'cwd': '/workspaces/isaac_ros-dev/build/gxf_isaac_messages', 'env': OrderedDict([('DALI_BUILD', '16741769'), ('LIBRARY_PATH', '/usr/local/cuda/lib64/stubs:'), ('NVIDIA_CTK_LIBCUDA_DIR', '/usr/lib/x86_64-linux-gnu/nvidia/current'), ('PYTHONWARNINGS', 'ignore:::setuptools.command.install,ignore:::setuptools.command.easy_install,ignore:::pkg_resources,ignore:::setuptools.command.develop'), ('USER', 'diego'), ('TRT_INC_PATH', '/usr/include/x86_64-linux-gnu'), ('TF_ADJUST_SATURATION_FUSED', '1'), ('CUSOLVER_VERSION', '11.6.4.38'), ('HOSTNAME', 'debian'), ('CUTENSOR_VERSION', '2.0.2.5'), ('SHLVL', '1'), ('LD_LIBRARY_PATH', '/workspaces/isaac_ros-dev/install/gxf_isaac_gems/lib:/workspaces/isaac_ros-dev/install/isaac_ros_gxf/lib:/workspaces/isaac_ros-dev/install/isaac_ros_common/lib:/opt/ros/humble/opt/openvdb_vendor/lib:/opt/ros/humble/opt/rviz_ogre_vendor/lib:/opt/ros/humble/lib/x86_64-linux-gnu:/opt/ros/humble/lib:/usr/local/libcudss-linux-0.3.0.9_cuda12-archive/lib:/opt/hpcx/ucc/lib/:/opt/hpcx/ucx/lib/:/usr/local/cuda/compat/lib:/usr/local/nvidia/lib:/usr/local/nvidia/lib64:/opt/tritonserver/lib'), ('HOME', '/home/admin'), ('NVIDIA_TRITON_SERVER_VERSION', '24.08'), ('OLDPWD', '/workspaces/isaac_ros-dev'), ('HOST_USER_GID', '1000'), ('CUDA_CACHE_DISABLE', '1'), ('ROS_PYTHON_VERSION', '3'), ('MODEL_OPT_VERSION', '0.15.0'), ('ENV', '/etc/shinit_v2'), ('RDMACORE_VERSION', '39.0'), ('NVJPEG_VERSION', '12.3.3.23'), ('NVIDIA_BUILD_ID', '107631419'), ('CUDA_VERSION', '12.6.0.022'), ('TCMALLOC_RELEASE_RATE', '200'), ('CUBLAS_VERSION', '12.6.0.22'), ('NSIGHT_SYSTEMS_VERSION', '2024.4.2.133'), ('COLCON_PREFIX_PATH', '/workspaces/isaac_ros-dev/install'), ('CUDA_VISIBLE_DEVICES', '0'), ('ROS_DISTRO', 'humble'), ('OPAL_PREFIX', '/opt/hpcx/ompi'), ('NVIDIA_REQUIRE_CUDA', 'cuda>=9.0'), ('TRT_VERSION', '10.3.0.26+cuda12.5.1.007'), ('GDRCOPY_VERSION', '2.3.1-1'), ('_', '/usr/bin/colcon'), ('ROS_VERSION', '2'), ('NVIDIA_DRIVER_CAPABILITIES', 'compute,utility,graphics'), ('POLYGRAPHY_VERSION', '0.49.13'), ('CURAND_VERSION', '10.3.7.37'), ('MOFED_VERSION', '5.4-rdmacore39.0'), ('USERNAME', 'admin'), ('TERM', 'xterm'), ('ISAAC_ROS_WS', '/workspaces/isaac_ros-dev'), ('ROS_LOCALHOST_ONLY', '0'), ('TRANSFORMER_ENGINE_VERSION', '1.9'), ('PATH', '/workspaces/isaac_ros-dev/install/isaac_ros_common/bin:/opt/ros/humble/bin:/opt/ros/humble/vcstool/scripts:/opt/tritonserver/bin:/usr/local/mpi/bin:/usr/local/nvidia/bin:/usr/local/cuda/bin:/usr/local/sbin:/usr/local/bin:/usr/sbin:/usr/bin:/sbin:/bin:/usr/local/ucx/bin'), ('HOST_USER_UID', '1000'), ('CUDSS_DIR', '/usr/local/libcudss-linux-0.3.0.9_cuda12-archive'), ('CUDA_DRIVER_VERSION', '560.35.03'), ('_CUDA_COMPAT_STATUS', 'Unknown error (CUDA_ERROR_UNKNOWN) cuInit()=999'), ('DISPLAY', ':1'), ('NVIDIA_PRODUCT_NAME', 'Triton Server'), ('LANG', 'en_US.UTF-8'), ('RMW_IMPLEMENTATION', 'rmw_fastrtps_cpp'), ('NPP_VERSION', '12.3.1.23'), ('ROS_ROOT', '/opt/ros/humble'), ('UCX_MEM_EVENTS', 'no'), ('CUFFT_VERSION', '11.2.6.28'), ('SSH_AUTH_SOCK', '/ssh-agent'), ('TF_ENABLE_WINOGRAD_NONFUSED', '1'), ('AMENT_PREFIX_PATH', '/workspaces/isaac_ros-dev/install/gxf_isaac_gems:/workspaces/isaac_ros-dev/install/isaac_ros_gxf:/workspaces/isaac_ros-dev/install/isaac_ros_test:/workspaces/isaac_ros-dev/install/isaac_ros_launch_utils:/workspaces/isaac_ros-dev/install/isaac_ros_common:/workspaces/isaac_ros-dev/install/isaac_common_py:/opt/ros/humble'), ('CUDNN_VERSION', '9.3.0.75'), ('NSIGHT_COMPUTE_VERSION', '2024.3.0.15'), ('DALI_VERSION', '1.40.0'), ('DEBIAN_FRONTEND', 'noninteractive'), ('SHELL', '/bin/bash'), ('DCGM_VERSION', '3.2.6'), ('CUDNN_FRONTEND_VERSION', '1.5.2'), ('OPENMPI_VERSION', '4.1.7'), ('TRTOSS_VERSION', '24.08'), ('OMPI_MCA_coll_hcoll_enable', '0'), ('CUSPARSE_VERSION', '12.5.2.23'), ('NVIDIA_REQUIRE_JETPACK_HOST_MOUNTS', ''), ('TRITON_SERVER_GPU_ENABLED', '1'), ('TRITON_SERVER_VERSION', '2.49.0'), ('BASH_ENV', '/etc/bash.bashrc'), ('PWD', '/workspaces/isaac_ros-dev/build/gxf_isaac_messages'), ('CUSPARSELT_VERSION', '0.6.2.3'), ('PYTHONPATH', '/workspaces/isaac_ros-dev/build/isaac_ros_test:/workspaces/isaac_ros-dev/install/isaac_ros_test/lib/python3.10/site-packages:/workspaces/isaac_ros-dev/build/isaac_ros_launch_utils:/workspaces/isaac_ros-dev/install/isaac_ros_launch_utils/lib/python3.10/site-packages:/workspaces/isaac_ros-dev/install/isaac_ros_common/local/lib/python3.10/dist-packages:/workspaces/isaac_ros-dev/build/isaac_common_py:/workspaces/isaac_ros-dev/install/isaac_common_py/lib/python3.10/site-packages:/opt/ros/humble/lib/python3.10/site-packages:/opt/ros/humble/local/lib/python3.10/dist-packages:/opt/ros/humble/vcstool:/opt/tritonserver/backends/dali/wheel/dali:'), ('_CUDA_COMPAT_PATH', '/usr/local/cuda/compat'), ('TRITON_SERVER_USER', 'triton-server'), ('TF_ADJUST_HUE_FUSED', '1'), ('NVIDIA_VISIBLE_DEVICES', 'void'), ('NCCL_VERSION', '2.22.3'), ('COLCON', '1'), ('OPENUCX_VERSION', '1.17.0'), ('HPCX_VERSION', '2.19'), ('CMAKE_PREFIX_PATH', '/workspaces/isaac_ros-dev/install/gxf_isaac_gems:/workspaces/isaac_ros-dev/install/isaac_ros_gxf:/workspaces/isaac_ros-dev/install/isaac_ros_common:/usr/local/libcudss-linux-0.3.0.9_cuda12-archive:/workspaces/isaac_ros-dev/install/isaac_ros_test:/workspaces/isaac_ros-dev/install/isaac_ros_launch_utils:/workspaces/isaac_ros-dev/install/isaac_common_py:/opt/ros/humble'), ('TF_AUTOTUNE_THRESHOLD', '2'), ('TRT_LIB_PATH', '/usr/lib/x86_64-linux-gnu')]), 'shell': False}
[16.430168] (-) TimerEvent: {}
[16.458828] (gxf_isaac_atlas) StdoutLine: {'line': b'-- The C compiler identification is GNU 11.4.0\n'}
[16.459224] (gxf_isaac_gxf_helpers) StdoutLine: {'line': b'-- The C compiler identification is GNU 11.4.0\n'}
[16.459385] (gxf_isaac_messages) StdoutLine: {'line': b'-- The C compiler identification is GNU 11.4.0\n'}
[16.499968] (gxf_isaac_atlas) StdoutLine: {'line': b'-- The CXX compiler identification is GNU 11.4.0\n'}
[16.500266] (gxf_isaac_gxf_helpers) StdoutLine: {'line': b'-- The CXX compiler identification is GNU 11.4.0\n'}
[16.502701] (gxf_isaac_messages) StdoutLine: {'line': b'-- The CXX compiler identification is GNU 11.4.0\n'}
[16.505502] (gxf_isaac_gxf_helpers) StdoutLine: {'line': b'-- Detecting C compiler ABI info\n'}
[16.505674] (gxf_isaac_atlas) StdoutLine: {'line': b'-- Detecting C compiler ABI info\n'}
[16.508136] (gxf_isaac_messages) StdoutLine: {'line': b'-- Detecting C compiler ABI info\n'}
[16.530276] (-) TimerEvent: {}
[16.558758] (gxf_isaac_atlas) StdoutLine: {'line': b'-- Detecting C compiler ABI info - done\n'}
[16.560255] (gxf_isaac_gxf_helpers) StdoutLine: {'line': b'-- Detecting C compiler ABI info - done\n'}
[16.560546] (gxf_isaac_messages) StdoutLine: {'line': b'-- Detecting C compiler ABI info - done\n'}
[16.565013] (gxf_isaac_atlas) StdoutLine: {'line': b'-- Check for working C compiler: /usr/bin/cc - skipped\n'}
[16.565353] (gxf_isaac_atlas) StdoutLine: {'line': b'-- Detecting C compile features\n'}
[16.565727] (gxf_isaac_atlas) StdoutLine: {'line': b'-- Detecting C compile features - done\n'}
[16.566624] (gxf_isaac_gxf_helpers) StdoutLine: {'line': b'-- Check for working C compiler: /usr/bin/cc - skipped\n'}
[16.566858] (gxf_isaac_gxf_helpers) StdoutLine: {'line': b'-- Detecting C compile features\n'}
[16.567227] (gxf_isaac_gxf_helpers) StdoutLine: {'line': b'-- Detecting C compile features - done\n'}
[16.567409] (gxf_isaac_messages) StdoutLine: {'line': b'-- Check for working C compiler: /usr/bin/cc - skipped\n'}
[16.567605] (gxf_isaac_messages) StdoutLine: {'line': b'-- Detecting C compile features\n'}
[16.567967] (gxf_isaac_messages) StdoutLine: {'line': b'-- Detecting C compile features - done\n'}
[16.568678] (gxf_isaac_atlas) StdoutLine: {'line': b'-- Detecting CXX compiler ABI info\n'}
[16.569965] (gxf_isaac_gxf_helpers) StdoutLine: {'line': b'-- Detecting CXX compiler ABI info\n'}
[16.570863] (gxf_isaac_messages) StdoutLine: {'line': b'-- Detecting CXX compiler ABI info\n'}
[16.629098] (gxf_isaac_messages) StdoutLine: {'line': b'-- Detecting CXX compiler ABI info - done\n'}
[16.630109] (gxf_isaac_atlas) StdoutLine: {'line': b'-- Detecting CXX compiler ABI info - done\n'}
[16.630325] (-) TimerEvent: {}
[16.634031] (gxf_isaac_messages) StdoutLine: {'line': b'-- Check for working CXX compiler: /usr/bin/c++ - skipped\n'}
[16.634149] (gxf_isaac_messages) StdoutLine: {'line': b'-- Detecting CXX compile features\n'}
[16.634386] (gxf_isaac_messages) StdoutLine: {'line': b'-- Detecting CXX compile features - done\n'}
[16.635553] (gxf_isaac_atlas) StdoutLine: {'line': b'-- Check for working CXX compiler: /usr/bin/c++ - skipped\n'}
[16.635749] (gxf_isaac_atlas) StdoutLine: {'line': b'-- Detecting CXX compile features\n'}
[16.636110] (gxf_isaac_atlas) StdoutLine: {'line': b'-- Detecting CXX compile features - done\n'}
[16.638295] (gxf_isaac_messages) StdoutLine: {'line': b'-- Found ament_cmake_auto: 1.3.12 (/opt/ros/humble/share/ament_cmake_auto/cmake)\n'}
[16.638643] (gxf_isaac_gxf_helpers) StdoutLine: {'line': b'-- Detecting CXX compiler ABI info - done\n'}
[16.639431] (gxf_isaac_atlas) StdoutLine: {'line': b'-- Found ament_cmake_auto: 1.3.12 (/opt/ros/humble/share/ament_cmake_auto/cmake)\n'}
[16.644059] (gxf_isaac_gxf_helpers) StdoutLine: {'line': b'-- Check for working CXX compiler: /usr/bin/c++ - skipped\n'}
[16.644294] (gxf_isaac_gxf_helpers) StdoutLine: {'line': b'-- Detecting CXX compile features\n'}
[16.644857] (gxf_isaac_gxf_helpers) StdoutLine: {'line': b'-- Detecting CXX compile features - done\n'}
[16.648616] (gxf_isaac_gxf_helpers) StdoutLine: {'line': b'-- Found ament_cmake_auto: 1.3.12 (/opt/ros/humble/share/ament_cmake_auto/cmake)\n'}
[16.730421] (-) TimerEvent: {}
[16.830751] (-) TimerEvent: {}
[16.931114] (-) TimerEvent: {}
[17.031477] (-) TimerEvent: {}
[17.131806] (-) TimerEvent: {}
[17.134402] (gxf_isaac_atlas) StdoutLine: {'line': b'-- Found Python3: /usr/bin/python3 (found version "3.10.12") found components: Interpreter \n'}
[17.144029] (gxf_isaac_messages) StdoutLine: {'line': b'-- Found Python3: /usr/bin/python3 (found version "3.10.12") found components: Interpreter \n'}
[17.158540] (gxf_isaac_gxf_helpers) StdoutLine: {'line': b'-- Found Python3: /usr/bin/python3 (found version "3.10.12") found components: Interpreter \n'}
[17.182729] (gxf_isaac_atlas) StdoutLine: {'line': b'-- Override CMake install command with custom implementation using symlinks instead of copying resources\n'}
[17.192767] (gxf_isaac_messages) StdoutLine: {'line': b'-- Override CMake install command with custom implementation using symlinks instead of copying resources\n'}
[17.212682] (gxf_isaac_gxf_helpers) StdoutLine: {'line': b'-- Override CMake install command with custom implementation using symlinks instead of copying resources\n'}
[17.231921] (-) TimerEvent: {}
[17.291556] (gxf_isaac_atlas) StdoutLine: {'line': b'-- Loading isaac_ros_common extras\n'}
[17.291693] (gxf_isaac_atlas) StdoutLine: {'line': b'-- CMAKE_BUILD_TYPE: Release\n'}
[17.301492] (gxf_isaac_messages) StdoutLine: {'line': b'-- Loading isaac_ros_common extras\n'}
[17.301661] (gxf_isaac_messages) StdoutLine: {'line': b'-- CMAKE_BUILD_TYPE: Release\n'}
[17.303934] (gxf_isaac_atlas) StdoutLine: {'line': b'-- Looking for pthread.h\n'}
[17.314774] (gxf_isaac_messages) StdoutLine: {'line': b'-- Looking for pthread.h\n'}
[17.326774] (gxf_isaac_gxf_helpers) StdoutLine: {'line': b'-- Loading isaac_ros_common extras\n'}
[17.326933] (gxf_isaac_gxf_helpers) StdoutLine: {'line': b'-- CMAKE_BUILD_TYPE: Release\n'}
[17.332049] (-) TimerEvent: {}
[17.343635] (gxf_isaac_gxf_helpers) StdoutLine: {'line': b'-- Looking for pthread.h\n'}
[17.363762] (gxf_isaac_atlas) StdoutLine: {'line': b'-- Looking for pthread.h - found\n'}
[17.363944] (gxf_isaac_atlas) StdoutLine: {'line': b'-- Performing Test CMAKE_HAVE_LIBC_PTHREAD\n'}
[17.374224] (gxf_isaac_messages) StdoutLine: {'line': b'-- Looking for pthread.h - found\n'}
[17.374478] (gxf_isaac_messages) StdoutLine: {'line': b'-- Performing Test CMAKE_HAVE_LIBC_PTHREAD\n'}
[17.408396] (gxf_isaac_gxf_helpers) StdoutLine: {'line': b'-- Looking for pthread.h - found\n'}
[17.408593] (gxf_isaac_gxf_helpers) StdoutLine: {'line': b'-- Performing Test CMAKE_HAVE_LIBC_PTHREAD\n'}
[17.425843] (gxf_isaac_atlas) StdoutLine: {'line': b'-- Performing Test CMAKE_HAVE_LIBC_PTHREAD - Success\n'}
[17.427077] (gxf_isaac_atlas) StdoutLine: {'line': b'-- Found Threads: TRUE  \n'}
[17.432148] (-) TimerEvent: {}
[17.435266] (gxf_isaac_messages) StdoutLine: {'line': b'-- Performing Test CMAKE_HAVE_LIBC_PTHREAD - Success\n'}
[17.436508] (gxf_isaac_messages) StdoutLine: {'line': b'-- Found Threads: TRUE  \n'}
[17.449073] (gxf_isaac_atlas) StdoutLine: {'line': b'-- Found CUDA: /usr/local/cuda (found version "12.6") \n'}
[17.449568] (gxf_isaac_atlas) StdoutLine: {'line': b'-- CUDA architectures: 89;86;80;75;70\n'}
[17.449686] (gxf_isaac_atlas) StdoutLine: {'line': b'-- Loading isaac_ros_common extras (modules)\n'}
[17.458956] (gxf_isaac_messages) StdoutLine: {'line': b'-- Found CUDA: /usr/local/cuda (found version "12.6") \n'}
[17.459400] (gxf_isaac_messages) StdoutLine: {'line': b'-- CUDA architectures: 89;86;80;75;70\n'}
[17.459510] (gxf_isaac_messages) StdoutLine: {'line': b'-- Loading isaac_ros_common extras (modules)\n'}
[17.476620] (gxf_isaac_gxf_helpers) StdoutLine: {'line': b'-- Performing Test CMAKE_HAVE_LIBC_PTHREAD - Success\n'}
[17.477333] (gxf_isaac_gxf_helpers) StdoutLine: {'line': b'-- Found Threads: TRUE  \n'}
[17.492317] (gxf_isaac_gxf_helpers) StdoutLine: {'line': b'-- Found CUDA: /usr/local/cuda (found version "12.6") \n'}
[17.492841] (gxf_isaac_gxf_helpers) StdoutLine: {'line': b'-- CUDA architectures: 89;86;80;75;70\n'}
[17.493028] (gxf_isaac_gxf_helpers) StdoutLine: {'line': b'-- Loading isaac_ros_common extras (modules)\n'}
[17.501231] (gxf_isaac_atlas) StdoutLine: {'line': b'-- Found rosidl_generator_c: 3.1.7 (/opt/ros/humble/share/rosidl_generator_c/cmake)\n'}
[17.507472] (gxf_isaac_messages) StdoutLine: {'line': b'-- Found rosidl_generator_c: 3.1.7 (/opt/ros/humble/share/rosidl_generator_c/cmake)\n'}
[17.507606] (gxf_isaac_atlas) StdoutLine: {'line': b'-- Found rosidl_adapter: 3.1.7 (/opt/ros/humble/share/rosidl_adapter/cmake)\n'}
[17.515417] (gxf_isaac_messages) StdoutLine: {'line': b'-- Found rosidl_adapter: 3.1.7 (/opt/ros/humble/share/rosidl_adapter/cmake)\n'}
[17.517455] (gxf_isaac_atlas) StdoutLine: {'line': b'-- Found rosidl_generator_cpp: 3.1.7 (/opt/ros/humble/share/rosidl_generator_cpp/cmake)\n'}
[17.524066] (gxf_isaac_messages) StdoutLine: {'line': b'-- Found rosidl_generator_cpp: 3.1.7 (/opt/ros/humble/share/rosidl_generator_cpp/cmake)\n'}
[17.528729] (gxf_isaac_atlas) StdoutLine: {'line': b'-- Using all available rosidl_typesupport_c: rosidl_typesupport_fastrtps_c;rosidl_typesupport_introspection_c\n'}
[17.532260] (-) TimerEvent: {}
[17.535664] (gxf_isaac_messages) StdoutLine: {'line': b'-- Using all available rosidl_typesupport_c: rosidl_typesupport_fastrtps_c;rosidl_typesupport_introspection_c\n'}
[17.539421] (gxf_isaac_gxf_helpers) StdoutLine: {'line': b'-- Found rosidl_generator_c: 3.1.7 (/opt/ros/humble/share/rosidl_generator_c/cmake)\n'}
[17.545792] (gxf_isaac_atlas) StdoutLine: {'line': b'-- Using all available rosidl_typesupport_cpp: rosidl_typesupport_fastrtps_cpp;rosidl_typesupport_introspection_cpp\n'}
[17.546096] (gxf_isaac_gxf_helpers) StdoutLine: {'line': b'-- Found rosidl_adapter: 3.1.7 (/opt/ros/humble/share/rosidl_adapter/cmake)\n'}
[17.551458] (gxf_isaac_messages) StdoutLine: {'line': b'-- Using all available rosidl_typesupport_cpp: rosidl_typesupport_fastrtps_cpp;rosidl_typesupport_introspection_cpp\n'}
[17.555002] (gxf_isaac_gxf_helpers) StdoutLine: {'line': b'-- Found rosidl_generator_cpp: 3.1.7 (/opt/ros/humble/share/rosidl_generator_cpp/cmake)\n'}
[17.566331] (gxf_isaac_gxf_helpers) StdoutLine: {'line': b'-- Using all available rosidl_typesupport_c: rosidl_typesupport_fastrtps_c;rosidl_typesupport_introspection_c\n'}
[17.582349] (gxf_isaac_gxf_helpers) StdoutLine: {'line': b'-- Using all available rosidl_typesupport_cpp: rosidl_typesupport_fastrtps_cpp;rosidl_typesupport_introspection_cpp\n'}
[17.591223] (gxf_isaac_atlas) StdoutLine: {'line': b'-- Found rmw_implementation_cmake: 6.1.2 (/opt/ros/humble/share/rmw_implementation_cmake/cmake)\n'}
[17.594819] (gxf_isaac_messages) StdoutLine: {'line': b'-- Found rmw_implementation_cmake: 6.1.2 (/opt/ros/humble/share/rmw_implementation_cmake/cmake)\n'}
[17.595021] (gxf_isaac_atlas) StdoutLine: {'line': b'-- Found rmw_fastrtps_cpp: 6.2.9 (/opt/ros/humble/share/rmw_fastrtps_cpp/cmake)\n'}
[17.598249] (gxf_isaac_messages) StdoutLine: {'line': b'-- Found rmw_fastrtps_cpp: 6.2.9 (/opt/ros/humble/share/rmw_fastrtps_cpp/cmake)\n'}
[17.626522] (gxf_isaac_gxf_helpers) StdoutLine: {'line': b'-- Found rmw_implementation_cmake: 6.1.2 (/opt/ros/humble/share/rmw_implementation_cmake/cmake)\n'}
[17.629921] (gxf_isaac_gxf_helpers) StdoutLine: {'line': b'-- Found rmw_fastrtps_cpp: 6.2.9 (/opt/ros/humble/share/rmw_fastrtps_cpp/cmake)\n'}
[17.632326] (-) TimerEvent: {}
[17.679016] (gxf_isaac_messages) StdoutLine: {'line': b'-- Found OpenSSL: /usr/lib/x86_64-linux-gnu/libcrypto.so (found version "3.0.2")  \n'}
[17.682300] (gxf_isaac_atlas) StdoutLine: {'line': b'-- Found OpenSSL: /usr/lib/x86_64-linux-gnu/libcrypto.so (found version "3.0.2")  \n'}
[17.702699] (gxf_isaac_messages) StdoutLine: {'line': b'-- Found FastRTPS: /opt/ros/humble/include  \n'}
[17.705853] (gxf_isaac_atlas) StdoutLine: {'line': b'-- Found FastRTPS: /opt/ros/humble/include  \n'}
[17.715216] (gxf_isaac_gxf_helpers) StdoutLine: {'line': b'-- Found OpenSSL: /usr/lib/x86_64-linux-gnu/libcrypto.so (found version "3.0.2")  \n'}
[17.732443] (-) TimerEvent: {}
[17.742117] (gxf_isaac_gxf_helpers) StdoutLine: {'line': b'-- Found FastRTPS: /opt/ros/humble/include  \n'}
[17.748987] (gxf_isaac_messages) StdoutLine: {'line': b"-- Using RMW implementation 'rmw_fastrtps_cpp' as default\n"}
[17.754006] (gxf_isaac_atlas) StdoutLine: {'line': b"-- Using RMW implementation 'rmw_fastrtps_cpp' as default\n"}
[17.793251] (gxf_isaac_gxf_helpers) StdoutLine: {'line': b"-- Using RMW implementation 'rmw_fastrtps_cpp' as default\n"}
[17.803997] (gxf_isaac_messages) StdoutLine: {'line': b'-- Loading isaac_ros_gxf extras\n'}
[17.807178] (gxf_isaac_atlas) StdoutLine: {'line': b'-- Loading isaac_ros_gxf extras\n'}
[17.832533] (-) TimerEvent: {}
[17.849672] (gxf_isaac_gxf_helpers) StdoutLine: {'line': b'-- Loading isaac_ros_gxf extras\n'}
[17.860880] (gxf_isaac_messages) StdoutLine: {'line': b'-- Configuring done\n'}
[17.861380] (gxf_isaac_atlas) StdoutLine: {'line': b'-- Configuring done\n'}
[17.864823] (gxf_isaac_atlas) StdoutLine: {'line': b'-- Generating done\n'}
[17.865024] (gxf_isaac_messages) StdoutLine: {'line': b'-- Generating done\n'}
[17.866306] (gxf_isaac_atlas) StdoutLine: {'line': b'-- Build files have been written to: /workspaces/isaac_ros-dev/build/gxf_isaac_atlas\n'}
[17.866489] (gxf_isaac_messages) StdoutLine: {'line': b'-- Build files have been written to: /workspaces/isaac_ros-dev/build/gxf_isaac_messages\n'}
[17.873196] (gxf_isaac_atlas) CommandEnded: {'returncode': 0}
[17.873919] (gxf_isaac_atlas) JobProgress: {'identifier': 'gxf_isaac_atlas', 'progress': 'build'}
[17.874293] (gxf_isaac_atlas) Command: {'cmd': ['/usr/bin/cmake', '--build', '/workspaces/isaac_ros-dev/build/gxf_isaac_atlas', '--', '-j16', '-l16'], 'cwd': '/workspaces/isaac_ros-dev/build/gxf_isaac_atlas', 'env': OrderedDict([('DALI_BUILD', '16741769'), ('LIBRARY_PATH', '/usr/local/cuda/lib64/stubs:'), ('NVIDIA_CTK_LIBCUDA_DIR', '/usr/lib/x86_64-linux-gnu/nvidia/current'), ('PYTHONWARNINGS', 'ignore:::setuptools.command.install,ignore:::setuptools.command.easy_install,ignore:::pkg_resources,ignore:::setuptools.command.develop'), ('USER', 'diego'), ('TRT_INC_PATH', '/usr/include/x86_64-linux-gnu'), ('TF_ADJUST_SATURATION_FUSED', '1'), ('CUSOLVER_VERSION', '11.6.4.38'), ('HOSTNAME', 'debian'), ('CUTENSOR_VERSION', '2.0.2.5'), ('SHLVL', '1'), ('LD_LIBRARY_PATH', '/workspaces/isaac_ros-dev/install/gxf_isaac_gems/lib:/workspaces/isaac_ros-dev/install/isaac_ros_gxf/lib:/workspaces/isaac_ros-dev/install/isaac_ros_common/lib:/opt/ros/humble/opt/openvdb_vendor/lib:/opt/ros/humble/opt/rviz_ogre_vendor/lib:/opt/ros/humble/lib/x86_64-linux-gnu:/opt/ros/humble/lib:/usr/local/libcudss-linux-0.3.0.9_cuda12-archive/lib:/opt/hpcx/ucc/lib/:/opt/hpcx/ucx/lib/:/usr/local/cuda/compat/lib:/usr/local/nvidia/lib:/usr/local/nvidia/lib64:/opt/tritonserver/lib'), ('HOME', '/home/admin'), ('NVIDIA_TRITON_SERVER_VERSION', '24.08'), ('OLDPWD', '/workspaces/isaac_ros-dev'), ('HOST_USER_GID', '1000'), ('CUDA_CACHE_DISABLE', '1'), ('ROS_PYTHON_VERSION', '3'), ('MODEL_OPT_VERSION', '0.15.0'), ('ENV', '/etc/shinit_v2'), ('RDMACORE_VERSION', '39.0'), ('NVJPEG_VERSION', '12.3.3.23'), ('NVIDIA_BUILD_ID', '107631419'), ('CUDA_VERSION', '12.6.0.022'), ('TCMALLOC_RELEASE_RATE', '200'), ('CUBLAS_VERSION', '12.6.0.22'), ('NSIGHT_SYSTEMS_VERSION', '2024.4.2.133'), ('COLCON_PREFIX_PATH', '/workspaces/isaac_ros-dev/install'), ('CUDA_VISIBLE_DEVICES', '0'), ('ROS_DISTRO', 'humble'), ('OPAL_PREFIX', '/opt/hpcx/ompi'), ('NVIDIA_REQUIRE_CUDA', 'cuda>=9.0'), ('TRT_VERSION', '10.3.0.26+cuda12.5.1.007'), ('GDRCOPY_VERSION', '2.3.1-1'), ('_', '/usr/bin/colcon'), ('ROS_VERSION', '2'), ('NVIDIA_DRIVER_CAPABILITIES', 'compute,utility,graphics'), ('POLYGRAPHY_VERSION', '0.49.13'), ('CURAND_VERSION', '10.3.7.37'), ('MOFED_VERSION', '5.4-rdmacore39.0'), ('USERNAME', 'admin'), ('TERM', 'xterm'), ('ISAAC_ROS_WS', '/workspaces/isaac_ros-dev'), ('ROS_LOCALHOST_ONLY', '0'), ('TRANSFORMER_ENGINE_VERSION', '1.9'), ('PATH', '/workspaces/isaac_ros-dev/install/isaac_ros_common/bin:/opt/ros/humble/bin:/opt/ros/humble/vcstool/scripts:/opt/tritonserver/bin:/usr/local/mpi/bin:/usr/local/nvidia/bin:/usr/local/cuda/bin:/usr/local/sbin:/usr/local/bin:/usr/sbin:/usr/bin:/sbin:/bin:/usr/local/ucx/bin'), ('HOST_USER_UID', '1000'), ('CUDSS_DIR', '/usr/local/libcudss-linux-0.3.0.9_cuda12-archive'), ('CUDA_DRIVER_VERSION', '560.35.03'), ('_CUDA_COMPAT_STATUS', 'Unknown error (CUDA_ERROR_UNKNOWN) cuInit()=999'), ('DISPLAY', ':1'), ('NVIDIA_PRODUCT_NAME', 'Triton Server'), ('LANG', 'en_US.UTF-8'), ('RMW_IMPLEMENTATION', 'rmw_fastrtps_cpp'), ('NPP_VERSION', '12.3.1.23'), ('ROS_ROOT', '/opt/ros/humble'), ('UCX_MEM_EVENTS', 'no'), ('CUFFT_VERSION', '11.2.6.28'), ('SSH_AUTH_SOCK', '/ssh-agent'), ('TF_ENABLE_WINOGRAD_NONFUSED', '1'), ('AMENT_PREFIX_PATH', '/workspaces/isaac_ros-dev/install/gxf_isaac_gems:/workspaces/isaac_ros-dev/install/isaac_ros_gxf:/workspaces/isaac_ros-dev/install/isaac_ros_test:/workspaces/isaac_ros-dev/install/isaac_ros_launch_utils:/workspaces/isaac_ros-dev/install/isaac_ros_common:/workspaces/isaac_ros-dev/install/isaac_common_py:/opt/ros/humble'), ('CUDNN_VERSION', '9.3.0.75'), ('NSIGHT_COMPUTE_VERSION', '2024.3.0.15'), ('DALI_VERSION', '1.40.0'), ('DEBIAN_FRONTEND', 'noninteractive'), ('SHELL', '/bin/bash'), ('DCGM_VERSION', '3.2.6'), ('CUDNN_FRONTEND_VERSION', '1.5.2'), ('OPENMPI_VERSION', '4.1.7'), ('TRTOSS_VERSION', '24.08'), ('OMPI_MCA_coll_hcoll_enable', '0'), ('CUSPARSE_VERSION', '12.5.2.23'), ('NVIDIA_REQUIRE_JETPACK_HOST_MOUNTS', ''), ('TRITON_SERVER_GPU_ENABLED', '1'), ('TRITON_SERVER_VERSION', '2.49.0'), ('BASH_ENV', '/etc/bash.bashrc'), ('PWD', '/workspaces/isaac_ros-dev/build/gxf_isaac_atlas'), ('CUSPARSELT_VERSION', '0.6.2.3'), ('PYTHONPATH', '/workspaces/isaac_ros-dev/build/isaac_ros_test:/workspaces/isaac_ros-dev/install/isaac_ros_test/lib/python3.10/site-packages:/workspaces/isaac_ros-dev/build/isaac_ros_launch_utils:/workspaces/isaac_ros-dev/install/isaac_ros_launch_utils/lib/python3.10/site-packages:/workspaces/isaac_ros-dev/install/isaac_ros_common/local/lib/python3.10/dist-packages:/workspaces/isaac_ros-dev/build/isaac_common_py:/workspaces/isaac_ros-dev/install/isaac_common_py/lib/python3.10/site-packages:/opt/ros/humble/lib/python3.10/site-packages:/opt/ros/humble/local/lib/python3.10/dist-packages:/opt/ros/humble/vcstool:/opt/tritonserver/backends/dali/wheel/dali:'), ('_CUDA_COMPAT_PATH', '/usr/local/cuda/compat'), ('TRITON_SERVER_USER', 'triton-server'), ('TF_ADJUST_HUE_FUSED', '1'), ('NVIDIA_VISIBLE_DEVICES', 'void'), ('NCCL_VERSION', '2.22.3'), ('COLCON', '1'), ('OPENUCX_VERSION', '1.17.0'), ('HPCX_VERSION', '2.19'), ('CMAKE_PREFIX_PATH', '/workspaces/isaac_ros-dev/install/gxf_isaac_gems:/workspaces/isaac_ros-dev/install/isaac_ros_gxf:/workspaces/isaac_ros-dev/install/isaac_ros_common:/usr/local/libcudss-linux-0.3.0.9_cuda12-archive:/workspaces/isaac_ros-dev/install/isaac_ros_test:/workspaces/isaac_ros-dev/install/isaac_ros_launch_utils:/workspaces/isaac_ros-dev/install/isaac_common_py:/opt/ros/humble'), ('TF_AUTOTUNE_THRESHOLD', '2'), ('TRT_LIB_PATH', '/usr/lib/x86_64-linux-gnu')]), 'shell': False}
[17.875618] (gxf_isaac_messages) CommandEnded: {'returncode': 0}
[17.876125] (gxf_isaac_messages) JobProgress: {'identifier': 'gxf_isaac_messages', 'progress': 'build'}
[17.876402] (gxf_isaac_messages) Command: {'cmd': ['/usr/bin/cmake', '--build', '/workspaces/isaac_ros-dev/build/gxf_isaac_messages', '--', '-j16', '-l16'], 'cwd': '/workspaces/isaac_ros-dev/build/gxf_isaac_messages', 'env': OrderedDict([('DALI_BUILD', '16741769'), ('LIBRARY_PATH', '/usr/local/cuda/lib64/stubs:'), ('NVIDIA_CTK_LIBCUDA_DIR', '/usr/lib/x86_64-linux-gnu/nvidia/current'), ('PYTHONWARNINGS', 'ignore:::setuptools.command.install,ignore:::setuptools.command.easy_install,ignore:::pkg_resources,ignore:::setuptools.command.develop'), ('USER', 'diego'), ('TRT_INC_PATH', '/usr/include/x86_64-linux-gnu'), ('TF_ADJUST_SATURATION_FUSED', '1'), ('CUSOLVER_VERSION', '11.6.4.38'), ('HOSTNAME', 'debian'), ('CUTENSOR_VERSION', '2.0.2.5'), ('SHLVL', '1'), ('LD_LIBRARY_PATH', '/workspaces/isaac_ros-dev/install/gxf_isaac_gems/lib:/workspaces/isaac_ros-dev/install/isaac_ros_gxf/lib:/workspaces/isaac_ros-dev/install/isaac_ros_common/lib:/opt/ros/humble/opt/openvdb_vendor/lib:/opt/ros/humble/opt/rviz_ogre_vendor/lib:/opt/ros/humble/lib/x86_64-linux-gnu:/opt/ros/humble/lib:/usr/local/libcudss-linux-0.3.0.9_cuda12-archive/lib:/opt/hpcx/ucc/lib/:/opt/hpcx/ucx/lib/:/usr/local/cuda/compat/lib:/usr/local/nvidia/lib:/usr/local/nvidia/lib64:/opt/tritonserver/lib'), ('HOME', '/home/admin'), ('NVIDIA_TRITON_SERVER_VERSION', '24.08'), ('OLDPWD', '/workspaces/isaac_ros-dev'), ('HOST_USER_GID', '1000'), ('CUDA_CACHE_DISABLE', '1'), ('ROS_PYTHON_VERSION', '3'), ('MODEL_OPT_VERSION', '0.15.0'), ('ENV', '/etc/shinit_v2'), ('RDMACORE_VERSION', '39.0'), ('NVJPEG_VERSION', '12.3.3.23'), ('NVIDIA_BUILD_ID', '107631419'), ('CUDA_VERSION', '12.6.0.022'), ('TCMALLOC_RELEASE_RATE', '200'), ('CUBLAS_VERSION', '12.6.0.22'), ('NSIGHT_SYSTEMS_VERSION', '2024.4.2.133'), ('COLCON_PREFIX_PATH', '/workspaces/isaac_ros-dev/install'), ('CUDA_VISIBLE_DEVICES', '0'), ('ROS_DISTRO', 'humble'), ('OPAL_PREFIX', '/opt/hpcx/ompi'), ('NVIDIA_REQUIRE_CUDA', 'cuda>=9.0'), ('TRT_VERSION', '10.3.0.26+cuda12.5.1.007'), ('GDRCOPY_VERSION', '2.3.1-1'), ('_', '/usr/bin/colcon'), ('ROS_VERSION', '2'), ('NVIDIA_DRIVER_CAPABILITIES', 'compute,utility,graphics'), ('POLYGRAPHY_VERSION', '0.49.13'), ('CURAND_VERSION', '10.3.7.37'), ('MOFED_VERSION', '5.4-rdmacore39.0'), ('USERNAME', 'admin'), ('TERM', 'xterm'), ('ISAAC_ROS_WS', '/workspaces/isaac_ros-dev'), ('ROS_LOCALHOST_ONLY', '0'), ('TRANSFORMER_ENGINE_VERSION', '1.9'), ('PATH', '/workspaces/isaac_ros-dev/install/isaac_ros_common/bin:/opt/ros/humble/bin:/opt/ros/humble/vcstool/scripts:/opt/tritonserver/bin:/usr/local/mpi/bin:/usr/local/nvidia/bin:/usr/local/cuda/bin:/usr/local/sbin:/usr/local/bin:/usr/sbin:/usr/bin:/sbin:/bin:/usr/local/ucx/bin'), ('HOST_USER_UID', '1000'), ('CUDSS_DIR', '/usr/local/libcudss-linux-0.3.0.9_cuda12-archive'), ('CUDA_DRIVER_VERSION', '560.35.03'), ('_CUDA_COMPAT_STATUS', 'Unknown error (CUDA_ERROR_UNKNOWN) cuInit()=999'), ('DISPLAY', ':1'), ('NVIDIA_PRODUCT_NAME', 'Triton Server'), ('LANG', 'en_US.UTF-8'), ('RMW_IMPLEMENTATION', 'rmw_fastrtps_cpp'), ('NPP_VERSION', '12.3.1.23'), ('ROS_ROOT', '/opt/ros/humble'), ('UCX_MEM_EVENTS', 'no'), ('CUFFT_VERSION', '11.2.6.28'), ('SSH_AUTH_SOCK', '/ssh-agent'), ('TF_ENABLE_WINOGRAD_NONFUSED', '1'), ('AMENT_PREFIX_PATH', '/workspaces/isaac_ros-dev/install/gxf_isaac_gems:/workspaces/isaac_ros-dev/install/isaac_ros_gxf:/workspaces/isaac_ros-dev/install/isaac_ros_test:/workspaces/isaac_ros-dev/install/isaac_ros_launch_utils:/workspaces/isaac_ros-dev/install/isaac_ros_common:/workspaces/isaac_ros-dev/install/isaac_common_py:/opt/ros/humble'), ('CUDNN_VERSION', '9.3.0.75'), ('NSIGHT_COMPUTE_VERSION', '2024.3.0.15'), ('DALI_VERSION', '1.40.0'), ('DEBIAN_FRONTEND', 'noninteractive'), ('SHELL', '/bin/bash'), ('DCGM_VERSION', '3.2.6'), ('CUDNN_FRONTEND_VERSION', '1.5.2'), ('OPENMPI_VERSION', '4.1.7'), ('TRTOSS_VERSION', '24.08'), ('OMPI_MCA_coll_hcoll_enable', '0'), ('CUSPARSE_VERSION', '12.5.2.23'), ('NVIDIA_REQUIRE_JETPACK_HOST_MOUNTS', ''), ('TRITON_SERVER_GPU_ENABLED', '1'), ('TRITON_SERVER_VERSION', '2.49.0'), ('BASH_ENV', '/etc/bash.bashrc'), ('PWD', '/workspaces/isaac_ros-dev/build/gxf_isaac_messages'), ('CUSPARSELT_VERSION', '0.6.2.3'), ('PYTHONPATH', '/workspaces/isaac_ros-dev/build/isaac_ros_test:/workspaces/isaac_ros-dev/install/isaac_ros_test/lib/python3.10/site-packages:/workspaces/isaac_ros-dev/build/isaac_ros_launch_utils:/workspaces/isaac_ros-dev/install/isaac_ros_launch_utils/lib/python3.10/site-packages:/workspaces/isaac_ros-dev/install/isaac_ros_common/local/lib/python3.10/dist-packages:/workspaces/isaac_ros-dev/build/isaac_common_py:/workspaces/isaac_ros-dev/install/isaac_common_py/lib/python3.10/site-packages:/opt/ros/humble/lib/python3.10/site-packages:/opt/ros/humble/local/lib/python3.10/dist-packages:/opt/ros/humble/vcstool:/opt/tritonserver/backends/dali/wheel/dali:'), ('_CUDA_COMPAT_PATH', '/usr/local/cuda/compat'), ('TRITON_SERVER_USER', 'triton-server'), ('TF_ADJUST_HUE_FUSED', '1'), ('NVIDIA_VISIBLE_DEVICES', 'void'), ('NCCL_VERSION', '2.22.3'), ('COLCON', '1'), ('OPENUCX_VERSION', '1.17.0'), ('HPCX_VERSION', '2.19'), ('CMAKE_PREFIX_PATH', '/workspaces/isaac_ros-dev/install/gxf_isaac_gems:/workspaces/isaac_ros-dev/install/isaac_ros_gxf:/workspaces/isaac_ros-dev/install/isaac_ros_common:/usr/local/libcudss-linux-0.3.0.9_cuda12-archive:/workspaces/isaac_ros-dev/install/isaac_ros_test:/workspaces/isaac_ros-dev/install/isaac_ros_launch_utils:/workspaces/isaac_ros-dev/install/isaac_common_py:/opt/ros/humble'), ('TF_AUTOTUNE_THRESHOLD', '2'), ('TRT_LIB_PATH', '/usr/lib/x86_64-linux-gnu')]), 'shell': False}
[17.909938] (gxf_isaac_gxf_helpers) StdoutLine: {'line': b'-- Configuring done\n'}
[17.913027] (gxf_isaac_gxf_helpers) StdoutLine: {'line': b'-- Generating done\n'}
[17.914463] (gxf_isaac_gxf_helpers) StdoutLine: {'line': b'-- Build files have been written to: /workspaces/isaac_ros-dev/build/gxf_isaac_gxf_helpers\n'}
[17.915291] (gxf_isaac_messages) StdoutLine: {'line': b'[100%] \x1b[34m\x1b[1mGenerating version information as YAML\x1b[0m\n'}
[17.919600] (gxf_isaac_atlas) StdoutLine: {'line': b'[100%] \x1b[34m\x1b[1mGenerating version information as YAML\x1b[0m\n'}
[17.921256] (gxf_isaac_gxf_helpers) CommandEnded: {'returncode': 0}
[17.921638] (gxf_isaac_gxf_helpers) JobProgress: {'identifier': 'gxf_isaac_gxf_helpers', 'progress': 'build'}
[17.921897] (gxf_isaac_gxf_helpers) Command: {'cmd': ['/usr/bin/cmake', '--build', '/workspaces/isaac_ros-dev/build/gxf_isaac_gxf_helpers', '--', '-j16', '-l16'], 'cwd': '/workspaces/isaac_ros-dev/build/gxf_isaac_gxf_helpers', 'env': OrderedDict([('DALI_BUILD', '16741769'), ('LIBRARY_PATH', '/usr/local/cuda/lib64/stubs:'), ('NVIDIA_CTK_LIBCUDA_DIR', '/usr/lib/x86_64-linux-gnu/nvidia/current'), ('PYTHONWARNINGS', 'ignore:::setuptools.command.install,ignore:::setuptools.command.easy_install,ignore:::pkg_resources,ignore:::setuptools.command.develop'), ('USER', 'diego'), ('TRT_INC_PATH', '/usr/include/x86_64-linux-gnu'), ('TF_ADJUST_SATURATION_FUSED', '1'), ('CUSOLVER_VERSION', '11.6.4.38'), ('HOSTNAME', 'debian'), ('CUTENSOR_VERSION', '2.0.2.5'), ('SHLVL', '1'), ('LD_LIBRARY_PATH', '/workspaces/isaac_ros-dev/install/gxf_isaac_gems/lib:/workspaces/isaac_ros-dev/install/isaac_ros_gxf/lib:/workspaces/isaac_ros-dev/install/isaac_ros_common/lib:/opt/ros/humble/opt/openvdb_vendor/lib:/opt/ros/humble/opt/rviz_ogre_vendor/lib:/opt/ros/humble/lib/x86_64-linux-gnu:/opt/ros/humble/lib:/usr/local/libcudss-linux-0.3.0.9_cuda12-archive/lib:/opt/hpcx/ucc/lib/:/opt/hpcx/ucx/lib/:/usr/local/cuda/compat/lib:/usr/local/nvidia/lib:/usr/local/nvidia/lib64:/opt/tritonserver/lib'), ('HOME', '/home/admin'), ('NVIDIA_TRITON_SERVER_VERSION', '24.08'), ('OLDPWD', '/workspaces/isaac_ros-dev'), ('HOST_USER_GID', '1000'), ('CUDA_CACHE_DISABLE', '1'), ('ROS_PYTHON_VERSION', '3'), ('MODEL_OPT_VERSION', '0.15.0'), ('ENV', '/etc/shinit_v2'), ('RDMACORE_VERSION', '39.0'), ('NVJPEG_VERSION', '12.3.3.23'), ('NVIDIA_BUILD_ID', '107631419'), ('CUDA_VERSION', '12.6.0.022'), ('TCMALLOC_RELEASE_RATE', '200'), ('CUBLAS_VERSION', '12.6.0.22'), ('NSIGHT_SYSTEMS_VERSION', '2024.4.2.133'), ('COLCON_PREFIX_PATH', '/workspaces/isaac_ros-dev/install'), ('CUDA_VISIBLE_DEVICES', '0'), ('ROS_DISTRO', 'humble'), ('OPAL_PREFIX', '/opt/hpcx/ompi'), ('NVIDIA_REQUIRE_CUDA', 'cuda>=9.0'), ('TRT_VERSION', '10.3.0.26+cuda12.5.1.007'), ('GDRCOPY_VERSION', '2.3.1-1'), ('_', '/usr/bin/colcon'), ('ROS_VERSION', '2'), ('NVIDIA_DRIVER_CAPABILITIES', 'compute,utility,graphics'), ('POLYGRAPHY_VERSION', '0.49.13'), ('CURAND_VERSION', '10.3.7.37'), ('MOFED_VERSION', '5.4-rdmacore39.0'), ('USERNAME', 'admin'), ('TERM', 'xterm'), ('ISAAC_ROS_WS', '/workspaces/isaac_ros-dev'), ('ROS_LOCALHOST_ONLY', '0'), ('TRANSFORMER_ENGINE_VERSION', '1.9'), ('PATH', '/workspaces/isaac_ros-dev/install/isaac_ros_common/bin:/opt/ros/humble/bin:/opt/ros/humble/vcstool/scripts:/opt/tritonserver/bin:/usr/local/mpi/bin:/usr/local/nvidia/bin:/usr/local/cuda/bin:/usr/local/sbin:/usr/local/bin:/usr/sbin:/usr/bin:/sbin:/bin:/usr/local/ucx/bin'), ('HOST_USER_UID', '1000'), ('CUDSS_DIR', '/usr/local/libcudss-linux-0.3.0.9_cuda12-archive'), ('CUDA_DRIVER_VERSION', '560.35.03'), ('_CUDA_COMPAT_STATUS', 'Unknown error (CUDA_ERROR_UNKNOWN) cuInit()=999'), ('DISPLAY', ':1'), ('NVIDIA_PRODUCT_NAME', 'Triton Server'), ('LANG', 'en_US.UTF-8'), ('RMW_IMPLEMENTATION', 'rmw_fastrtps_cpp'), ('NPP_VERSION', '12.3.1.23'), ('ROS_ROOT', '/opt/ros/humble'), ('UCX_MEM_EVENTS', 'no'), ('CUFFT_VERSION', '11.2.6.28'), ('SSH_AUTH_SOCK', '/ssh-agent'), ('TF_ENABLE_WINOGRAD_NONFUSED', '1'), ('AMENT_PREFIX_PATH', '/workspaces/isaac_ros-dev/install/gxf_isaac_gems:/workspaces/isaac_ros-dev/install/isaac_ros_gxf:/workspaces/isaac_ros-dev/install/isaac_ros_test:/workspaces/isaac_ros-dev/install/isaac_ros_launch_utils:/workspaces/isaac_ros-dev/install/isaac_ros_common:/workspaces/isaac_ros-dev/install/isaac_common_py:/opt/ros/humble'), ('CUDNN_VERSION', '9.3.0.75'), ('NSIGHT_COMPUTE_VERSION', '2024.3.0.15'), ('DALI_VERSION', '1.40.0'), ('DEBIAN_FRONTEND', 'noninteractive'), ('SHELL', '/bin/bash'), ('DCGM_VERSION', '3.2.6'), ('CUDNN_FRONTEND_VERSION', '1.5.2'), ('OPENMPI_VERSION', '4.1.7'), ('TRTOSS_VERSION', '24.08'), ('OMPI_MCA_coll_hcoll_enable', '0'), ('CUSPARSE_VERSION', '12.5.2.23'), ('NVIDIA_REQUIRE_JETPACK_HOST_MOUNTS', ''), ('TRITON_SERVER_GPU_ENABLED', '1'), ('TRITON_SERVER_VERSION', '2.49.0'), ('BASH_ENV', '/etc/bash.bashrc'), ('PWD', '/workspaces/isaac_ros-dev/build/gxf_isaac_gxf_helpers'), ('CUSPARSELT_VERSION', '0.6.2.3'), ('PYTHONPATH', '/workspaces/isaac_ros-dev/build/isaac_ros_test:/workspaces/isaac_ros-dev/install/isaac_ros_test/lib/python3.10/site-packages:/workspaces/isaac_ros-dev/build/isaac_ros_launch_utils:/workspaces/isaac_ros-dev/install/isaac_ros_launch_utils/lib/python3.10/site-packages:/workspaces/isaac_ros-dev/install/isaac_ros_common/local/lib/python3.10/dist-packages:/workspaces/isaac_ros-dev/build/isaac_common_py:/workspaces/isaac_ros-dev/install/isaac_common_py/lib/python3.10/site-packages:/opt/ros/humble/lib/python3.10/site-packages:/opt/ros/humble/local/lib/python3.10/dist-packages:/opt/ros/humble/vcstool:/opt/tritonserver/backends/dali/wheel/dali:'), ('_CUDA_COMPAT_PATH', '/usr/local/cuda/compat'), ('TRITON_SERVER_USER', 'triton-server'), ('TF_ADJUST_HUE_FUSED', '1'), ('NVIDIA_VISIBLE_DEVICES', 'void'), ('NCCL_VERSION', '2.22.3'), ('COLCON', '1'), ('OPENUCX_VERSION', '1.17.0'), ('HPCX_VERSION', '2.19'), ('CMAKE_PREFIX_PATH', '/workspaces/isaac_ros-dev/install/gxf_isaac_gems:/workspaces/isaac_ros-dev/install/isaac_ros_gxf:/workspaces/isaac_ros-dev/install/isaac_ros_common:/usr/local/libcudss-linux-0.3.0.9_cuda12-archive:/workspaces/isaac_ros-dev/install/isaac_ros_test:/workspaces/isaac_ros-dev/install/isaac_ros_launch_utils:/workspaces/isaac_ros-dev/install/isaac_common_py:/opt/ros/humble'), ('TF_AUTOTUNE_THRESHOLD', '2'), ('TRT_LIB_PATH', '/usr/lib/x86_64-linux-gnu')]), 'shell': False}
[17.932611] (-) TimerEvent: {}
[17.966184] (gxf_isaac_gxf_helpers) StdoutLine: {'line': b'[100%] \x1b[34m\x1b[1mGenerating version information as YAML\x1b[0m\n'}
[17.977363] (gxf_isaac_messages) StdoutLine: {'line': b'[100%] Built target generate_version_info_target_gxf_isaac_messages\n'}
[17.982018] (gxf_isaac_atlas) StdoutLine: {'line': b'[100%] Built target generate_version_info_target_gxf_isaac_atlas\n'}
[17.985310] (gxf_isaac_messages) CommandEnded: {'returncode': 0}
[17.986071] (gxf_isaac_messages) JobProgress: {'identifier': 'gxf_isaac_messages', 'progress': 'install'}
[17.986475] (gxf_isaac_messages) Command: {'cmd': ['/usr/bin/cmake', '--install', '/workspaces/isaac_ros-dev/build/gxf_isaac_messages'], 'cwd': '/workspaces/isaac_ros-dev/build/gxf_isaac_messages', 'env': OrderedDict([('DALI_BUILD', '16741769'), ('LIBRARY_PATH', '/usr/local/cuda/lib64/stubs:'), ('NVIDIA_CTK_LIBCUDA_DIR', '/usr/lib/x86_64-linux-gnu/nvidia/current'), ('PYTHONWARNINGS', 'ignore:::setuptools.command.install,ignore:::setuptools.command.easy_install,ignore:::pkg_resources,ignore:::setuptools.command.develop'), ('USER', 'diego'), ('TRT_INC_PATH', '/usr/include/x86_64-linux-gnu'), ('TF_ADJUST_SATURATION_FUSED', '1'), ('CUSOLVER_VERSION', '11.6.4.38'), ('HOSTNAME', 'debian'), ('CUTENSOR_VERSION', '2.0.2.5'), ('SHLVL', '1'), ('LD_LIBRARY_PATH', '/workspaces/isaac_ros-dev/install/gxf_isaac_gems/lib:/workspaces/isaac_ros-dev/install/isaac_ros_gxf/lib:/workspaces/isaac_ros-dev/install/isaac_ros_common/lib:/opt/ros/humble/opt/openvdb_vendor/lib:/opt/ros/humble/opt/rviz_ogre_vendor/lib:/opt/ros/humble/lib/x86_64-linux-gnu:/opt/ros/humble/lib:/usr/local/libcudss-linux-0.3.0.9_cuda12-archive/lib:/opt/hpcx/ucc/lib/:/opt/hpcx/ucx/lib/:/usr/local/cuda/compat/lib:/usr/local/nvidia/lib:/usr/local/nvidia/lib64:/opt/tritonserver/lib'), ('HOME', '/home/admin'), ('NVIDIA_TRITON_SERVER_VERSION', '24.08'), ('OLDPWD', '/workspaces/isaac_ros-dev'), ('HOST_USER_GID', '1000'), ('CUDA_CACHE_DISABLE', '1'), ('ROS_PYTHON_VERSION', '3'), ('MODEL_OPT_VERSION', '0.15.0'), ('ENV', '/etc/shinit_v2'), ('RDMACORE_VERSION', '39.0'), ('NVJPEG_VERSION', '12.3.3.23'), ('NVIDIA_BUILD_ID', '107631419'), ('CUDA_VERSION', '12.6.0.022'), ('TCMALLOC_RELEASE_RATE', '200'), ('CUBLAS_VERSION', '12.6.0.22'), ('NSIGHT_SYSTEMS_VERSION', '2024.4.2.133'), ('COLCON_PREFIX_PATH', '/workspaces/isaac_ros-dev/install'), ('CUDA_VISIBLE_DEVICES', '0'), ('ROS_DISTRO', 'humble'), ('OPAL_PREFIX', '/opt/hpcx/ompi'), ('NVIDIA_REQUIRE_CUDA', 'cuda>=9.0'), ('TRT_VERSION', '10.3.0.26+cuda12.5.1.007'), ('GDRCOPY_VERSION', '2.3.1-1'), ('_', '/usr/bin/colcon'), ('ROS_VERSION', '2'), ('NVIDIA_DRIVER_CAPABILITIES', 'compute,utility,graphics'), ('POLYGRAPHY_VERSION', '0.49.13'), ('CURAND_VERSION', '10.3.7.37'), ('MOFED_VERSION', '5.4-rdmacore39.0'), ('USERNAME', 'admin'), ('TERM', 'xterm'), ('ISAAC_ROS_WS', '/workspaces/isaac_ros-dev'), ('ROS_LOCALHOST_ONLY', '0'), ('TRANSFORMER_ENGINE_VERSION', '1.9'), ('PATH', '/workspaces/isaac_ros-dev/install/isaac_ros_common/bin:/opt/ros/humble/bin:/opt/ros/humble/vcstool/scripts:/opt/tritonserver/bin:/usr/local/mpi/bin:/usr/local/nvidia/bin:/usr/local/cuda/bin:/usr/local/sbin:/usr/local/bin:/usr/sbin:/usr/bin:/sbin:/bin:/usr/local/ucx/bin'), ('HOST_USER_UID', '1000'), ('CUDSS_DIR', '/usr/local/libcudss-linux-0.3.0.9_cuda12-archive'), ('CUDA_DRIVER_VERSION', '560.35.03'), ('_CUDA_COMPAT_STATUS', 'Unknown error (CUDA_ERROR_UNKNOWN) cuInit()=999'), ('DISPLAY', ':1'), ('NVIDIA_PRODUCT_NAME', 'Triton Server'), ('LANG', 'en_US.UTF-8'), ('RMW_IMPLEMENTATION', 'rmw_fastrtps_cpp'), ('NPP_VERSION', '12.3.1.23'), ('ROS_ROOT', '/opt/ros/humble'), ('UCX_MEM_EVENTS', 'no'), ('CUFFT_VERSION', '11.2.6.28'), ('SSH_AUTH_SOCK', '/ssh-agent'), ('TF_ENABLE_WINOGRAD_NONFUSED', '1'), ('AMENT_PREFIX_PATH', '/workspaces/isaac_ros-dev/install/gxf_isaac_gems:/workspaces/isaac_ros-dev/install/isaac_ros_gxf:/workspaces/isaac_ros-dev/install/isaac_ros_test:/workspaces/isaac_ros-dev/install/isaac_ros_launch_utils:/workspaces/isaac_ros-dev/install/isaac_ros_common:/workspaces/isaac_ros-dev/install/isaac_common_py:/opt/ros/humble'), ('CUDNN_VERSION', '9.3.0.75'), ('NSIGHT_COMPUTE_VERSION', '2024.3.0.15'), ('DALI_VERSION', '1.40.0'), ('DEBIAN_FRONTEND', 'noninteractive'), ('SHELL', '/bin/bash'), ('DCGM_VERSION', '3.2.6'), ('CUDNN_FRONTEND_VERSION', '1.5.2'), ('OPENMPI_VERSION', '4.1.7'), ('TRTOSS_VERSION', '24.08'), ('OMPI_MCA_coll_hcoll_enable', '0'), ('CUSPARSE_VERSION', '12.5.2.23'), ('NVIDIA_REQUIRE_JETPACK_HOST_MOUNTS', ''), ('TRITON_SERVER_GPU_ENABLED', '1'), ('TRITON_SERVER_VERSION', '2.49.0'), ('BASH_ENV', '/etc/bash.bashrc'), ('PWD', '/workspaces/isaac_ros-dev/build/gxf_isaac_messages'), ('CUSPARSELT_VERSION', '0.6.2.3'), ('PYTHONPATH', '/workspaces/isaac_ros-dev/build/isaac_ros_test:/workspaces/isaac_ros-dev/install/isaac_ros_test/lib/python3.10/site-packages:/workspaces/isaac_ros-dev/build/isaac_ros_launch_utils:/workspaces/isaac_ros-dev/install/isaac_ros_launch_utils/lib/python3.10/site-packages:/workspaces/isaac_ros-dev/install/isaac_ros_common/local/lib/python3.10/dist-packages:/workspaces/isaac_ros-dev/build/isaac_common_py:/workspaces/isaac_ros-dev/install/isaac_common_py/lib/python3.10/site-packages:/opt/ros/humble/lib/python3.10/site-packages:/opt/ros/humble/local/lib/python3.10/dist-packages:/opt/ros/humble/vcstool:/opt/tritonserver/backends/dali/wheel/dali:'), ('_CUDA_COMPAT_PATH', '/usr/local/cuda/compat'), ('TRITON_SERVER_USER', 'triton-server'), ('TF_ADJUST_HUE_FUSED', '1'), ('NVIDIA_VISIBLE_DEVICES', 'void'), ('NCCL_VERSION', '2.22.3'), ('COLCON', '1'), ('OPENUCX_VERSION', '1.17.0'), ('HPCX_VERSION', '2.19'), ('CMAKE_PREFIX_PATH', '/workspaces/isaac_ros-dev/install/gxf_isaac_gems:/workspaces/isaac_ros-dev/install/isaac_ros_gxf:/workspaces/isaac_ros-dev/install/isaac_ros_common:/usr/local/libcudss-linux-0.3.0.9_cuda12-archive:/workspaces/isaac_ros-dev/install/isaac_ros_test:/workspaces/isaac_ros-dev/install/isaac_ros_launch_utils:/workspaces/isaac_ros-dev/install/isaac_common_py:/opt/ros/humble'), ('TF_AUTOTUNE_THRESHOLD', '2'), ('TRT_LIB_PATH', '/usr/lib/x86_64-linux-gnu')]), 'shell': False}
[17.990354] (gxf_isaac_atlas) CommandEnded: {'returncode': 0}
[17.991008] (gxf_isaac_atlas) JobProgress: {'identifier': 'gxf_isaac_atlas', 'progress': 'install'}
[17.991173] (gxf_isaac_atlas) Command: {'cmd': ['/usr/bin/cmake', '--install', '/workspaces/isaac_ros-dev/build/gxf_isaac_atlas'], 'cwd': '/workspaces/isaac_ros-dev/build/gxf_isaac_atlas', 'env': OrderedDict([('DALI_BUILD', '16741769'), ('LIBRARY_PATH', '/usr/local/cuda/lib64/stubs:'), ('NVIDIA_CTK_LIBCUDA_DIR', '/usr/lib/x86_64-linux-gnu/nvidia/current'), ('PYTHONWARNINGS', 'ignore:::setuptools.command.install,ignore:::setuptools.command.easy_install,ignore:::pkg_resources,ignore:::setuptools.command.develop'), ('USER', 'diego'), ('TRT_INC_PATH', '/usr/include/x86_64-linux-gnu'), ('TF_ADJUST_SATURATION_FUSED', '1'), ('CUSOLVER_VERSION', '11.6.4.38'), ('HOSTNAME', 'debian'), ('CUTENSOR_VERSION', '2.0.2.5'), ('SHLVL', '1'), ('LD_LIBRARY_PATH', '/workspaces/isaac_ros-dev/install/gxf_isaac_gems/lib:/workspaces/isaac_ros-dev/install/isaac_ros_gxf/lib:/workspaces/isaac_ros-dev/install/isaac_ros_common/lib:/opt/ros/humble/opt/openvdb_vendor/lib:/opt/ros/humble/opt/rviz_ogre_vendor/lib:/opt/ros/humble/lib/x86_64-linux-gnu:/opt/ros/humble/lib:/usr/local/libcudss-linux-0.3.0.9_cuda12-archive/lib:/opt/hpcx/ucc/lib/:/opt/hpcx/ucx/lib/:/usr/local/cuda/compat/lib:/usr/local/nvidia/lib:/usr/local/nvidia/lib64:/opt/tritonserver/lib'), ('HOME', '/home/admin'), ('NVIDIA_TRITON_SERVER_VERSION', '24.08'), ('OLDPWD', '/workspaces/isaac_ros-dev'), ('HOST_USER_GID', '1000'), ('CUDA_CACHE_DISABLE', '1'), ('ROS_PYTHON_VERSION', '3'), ('MODEL_OPT_VERSION', '0.15.0'), ('ENV', '/etc/shinit_v2'), ('RDMACORE_VERSION', '39.0'), ('NVJPEG_VERSION', '12.3.3.23'), ('NVIDIA_BUILD_ID', '107631419'), ('CUDA_VERSION', '12.6.0.022'), ('TCMALLOC_RELEASE_RATE', '200'), ('CUBLAS_VERSION', '12.6.0.22'), ('NSIGHT_SYSTEMS_VERSION', '2024.4.2.133'), ('COLCON_PREFIX_PATH', '/workspaces/isaac_ros-dev/install'), ('CUDA_VISIBLE_DEVICES', '0'), ('ROS_DISTRO', 'humble'), ('OPAL_PREFIX', '/opt/hpcx/ompi'), ('NVIDIA_REQUIRE_CUDA', 'cuda>=9.0'), ('TRT_VERSION', '10.3.0.26+cuda12.5.1.007'), ('GDRCOPY_VERSION', '2.3.1-1'), ('_', '/usr/bin/colcon'), ('ROS_VERSION', '2'), ('NVIDIA_DRIVER_CAPABILITIES', 'compute,utility,graphics'), ('POLYGRAPHY_VERSION', '0.49.13'), ('CURAND_VERSION', '10.3.7.37'), ('MOFED_VERSION', '5.4-rdmacore39.0'), ('USERNAME', 'admin'), ('TERM', 'xterm'), ('ISAAC_ROS_WS', '/workspaces/isaac_ros-dev'), ('ROS_LOCALHOST_ONLY', '0'), ('TRANSFORMER_ENGINE_VERSION', '1.9'), ('PATH', '/workspaces/isaac_ros-dev/install/isaac_ros_common/bin:/opt/ros/humble/bin:/opt/ros/humble/vcstool/scripts:/opt/tritonserver/bin:/usr/local/mpi/bin:/usr/local/nvidia/bin:/usr/local/cuda/bin:/usr/local/sbin:/usr/local/bin:/usr/sbin:/usr/bin:/sbin:/bin:/usr/local/ucx/bin'), ('HOST_USER_UID', '1000'), ('CUDSS_DIR', '/usr/local/libcudss-linux-0.3.0.9_cuda12-archive'), ('CUDA_DRIVER_VERSION', '560.35.03'), ('_CUDA_COMPAT_STATUS', 'Unknown error (CUDA_ERROR_UNKNOWN) cuInit()=999'), ('DISPLAY', ':1'), ('NVIDIA_PRODUCT_NAME', 'Triton Server'), ('LANG', 'en_US.UTF-8'), ('RMW_IMPLEMENTATION', 'rmw_fastrtps_cpp'), ('NPP_VERSION', '12.3.1.23'), ('ROS_ROOT', '/opt/ros/humble'), ('UCX_MEM_EVENTS', 'no'), ('CUFFT_VERSION', '11.2.6.28'), ('SSH_AUTH_SOCK', '/ssh-agent'), ('TF_ENABLE_WINOGRAD_NONFUSED', '1'), ('AMENT_PREFIX_PATH', '/workspaces/isaac_ros-dev/install/gxf_isaac_gems:/workspaces/isaac_ros-dev/install/isaac_ros_gxf:/workspaces/isaac_ros-dev/install/isaac_ros_test:/workspaces/isaac_ros-dev/install/isaac_ros_launch_utils:/workspaces/isaac_ros-dev/install/isaac_ros_common:/workspaces/isaac_ros-dev/install/isaac_common_py:/opt/ros/humble'), ('CUDNN_VERSION', '9.3.0.75'), ('NSIGHT_COMPUTE_VERSION', '2024.3.0.15'), ('DALI_VERSION', '1.40.0'), ('DEBIAN_FRONTEND', 'noninteractive'), ('SHELL', '/bin/bash'), ('DCGM_VERSION', '3.2.6'), ('CUDNN_FRONTEND_VERSION', '1.5.2'), ('OPENMPI_VERSION', '4.1.7'), ('TRTOSS_VERSION', '24.08'), ('OMPI_MCA_coll_hcoll_enable', '0'), ('CUSPARSE_VERSION', '12.5.2.23'), ('NVIDIA_REQUIRE_JETPACK_HOST_MOUNTS', ''), ('TRITON_SERVER_GPU_ENABLED', '1'), ('TRITON_SERVER_VERSION', '2.49.0'), ('BASH_ENV', '/etc/bash.bashrc'), ('PWD', '/workspaces/isaac_ros-dev/build/gxf_isaac_atlas'), ('CUSPARSELT_VERSION', '0.6.2.3'), ('PYTHONPATH', '/workspaces/isaac_ros-dev/build/isaac_ros_test:/workspaces/isaac_ros-dev/install/isaac_ros_test/lib/python3.10/site-packages:/workspaces/isaac_ros-dev/build/isaac_ros_launch_utils:/workspaces/isaac_ros-dev/install/isaac_ros_launch_utils/lib/python3.10/site-packages:/workspaces/isaac_ros-dev/install/isaac_ros_common/local/lib/python3.10/dist-packages:/workspaces/isaac_ros-dev/build/isaac_common_py:/workspaces/isaac_ros-dev/install/isaac_common_py/lib/python3.10/site-packages:/opt/ros/humble/lib/python3.10/site-packages:/opt/ros/humble/local/lib/python3.10/dist-packages:/opt/ros/humble/vcstool:/opt/tritonserver/backends/dali/wheel/dali:'), ('_CUDA_COMPAT_PATH', '/usr/local/cuda/compat'), ('TRITON_SERVER_USER', 'triton-server'), ('TF_ADJUST_HUE_FUSED', '1'), ('NVIDIA_VISIBLE_DEVICES', 'void'), ('NCCL_VERSION', '2.22.3'), ('COLCON', '1'), ('OPENUCX_VERSION', '1.17.0'), ('HPCX_VERSION', '2.19'), ('CMAKE_PREFIX_PATH', '/workspaces/isaac_ros-dev/install/gxf_isaac_gems:/workspaces/isaac_ros-dev/install/isaac_ros_gxf:/workspaces/isaac_ros-dev/install/isaac_ros_common:/usr/local/libcudss-linux-0.3.0.9_cuda12-archive:/workspaces/isaac_ros-dev/install/isaac_ros_test:/workspaces/isaac_ros-dev/install/isaac_ros_launch_utils:/workspaces/isaac_ros-dev/install/isaac_common_py:/opt/ros/humble'), ('TF_AUTOTUNE_THRESHOLD', '2'), ('TRT_LIB_PATH', '/usr/lib/x86_64-linux-gnu')]), 'shell': False}
[17.993039] (gxf_isaac_messages) StdoutLine: {'line': b'-- Install configuration: "Release"\n'}
[17.993381] (gxf_isaac_messages) StdoutLine: {'line': b'-- Execute custom install script\n'}
[17.993581] (gxf_isaac_messages) StdoutLine: {'line': b'-- Symlinking: /workspaces/isaac_ros-dev/install/gxf_isaac_messages/share/gxf_isaac_messages/gxf/lib/libgxf_isaac_messages.so\n'}
[17.997997] (gxf_isaac_atlas) StdoutLine: {'line': b'-- Install configuration: "Release"\n'}
[17.998314] (gxf_isaac_atlas) StdoutLine: {'line': b'-- Execute custom install script\n'}
[17.998489] (gxf_isaac_atlas) StdoutLine: {'line': b'-- Symlinking: /workspaces/isaac_ros-dev/install/gxf_isaac_atlas/share/gxf_isaac_atlas/gxf/lib/libgxf_isaac_atlas.so\n'}
[18.000217] (gxf_isaac_messages) StdoutLine: {'line': b'-- Symlinking: /workspaces/isaac_ros-dev/install/gxf_isaac_messages/share/gxf_isaac_messages/gxf/include/extensions/messages/accelerometer_message.hpp\n'}
[18.005829] (gxf_isaac_atlas) StdoutLine: {'line': b'-- Symlinking: /workspaces/isaac_ros-dev/install/gxf_isaac_atlas/share/gxf_isaac_atlas/gxf/include/extensions/atlas/composite_schema_server.hpp\n'}
[18.006292] (gxf_isaac_messages) StdoutLine: {'line': b'-- Symlinking: /workspaces/isaac_ros-dev/install/gxf_isaac_messages/share/gxf_isaac_messages/gxf/include/extensions/messages/battery_state_message.hpp\n'}
[18.012401] (gxf_isaac_messages) StdoutLine: {'line': b'-- Symlinking: /workspaces/isaac_ros-dev/install/gxf_isaac_messages/share/gxf_isaac_messages/gxf/include/extensions/messages/camera_message.hpp\n'}
[18.012533] (gxf_isaac_atlas) StdoutLine: {'line': b'-- Symlinking: /workspaces/isaac_ros-dev/install/gxf_isaac_atlas/share/gxf_isaac_atlas/gxf/include/extensions/atlas/pose_tree_frame.hpp\n'}
[18.019697] (gxf_isaac_atlas) StdoutLine: {'line': b'-- Symlinking: /workspaces/isaac_ros-dev/install/gxf_isaac_atlas/share/gxf_isaac_atlas/environment/library_path.sh\n'}
[18.021029] (gxf_isaac_messages) StdoutLine: {'line': b'-- Symlinking: /workspaces/isaac_ros-dev/install/gxf_isaac_messages/share/gxf_isaac_messages/gxf/include/extensions/messages/composite_message.hpp\n'}
[18.027813] (gxf_isaac_atlas) StdoutLine: {'line': b'-- Symlinking: /workspaces/isaac_ros-dev/install/gxf_isaac_atlas/share/gxf_isaac_atlas/environment/library_path.dsv\n'}
[18.029494] (gxf_isaac_gxf_helpers) StdoutLine: {'line': b'[100%] Built target generate_version_info_target_gxf_isaac_gxf_helpers\n'}
[18.030453] (gxf_isaac_messages) StdoutLine: {'line': b'-- Symlinking: /workspaces/isaac_ros-dev/install/gxf_isaac_messages/share/gxf_isaac_messages/gxf/include/extensions/messages/correlated_timestamp_message.hpp\n'}
[18.032728] (-) TimerEvent: {}
[18.037417] (gxf_isaac_atlas) StdoutLine: {'line': b'-- Symlinking: /workspaces/isaac_ros-dev/install/gxf_isaac_atlas/share/gxf_isaac_atlas/version_info.yaml\n'}
[18.039220] (gxf_isaac_messages) StdoutLine: {'line': b'-- Symlinking: /workspaces/isaac_ros-dev/install/gxf_isaac_messages/share/gxf_isaac_messages/gxf/include/extensions/messages/encoder_tick_message.hpp\n'}
[18.041163] (gxf_isaac_gxf_helpers) CommandEnded: {'returncode': 0}
[18.042603] (gxf_isaac_gxf_helpers) JobProgress: {'identifier': 'gxf_isaac_gxf_helpers', 'progress': 'install'}
[18.043120] (gxf_isaac_gxf_helpers) Command: {'cmd': ['/usr/bin/cmake', '--install', '/workspaces/isaac_ros-dev/build/gxf_isaac_gxf_helpers'], 'cwd': '/workspaces/isaac_ros-dev/build/gxf_isaac_gxf_helpers', 'env': OrderedDict([('DALI_BUILD', '16741769'), ('LIBRARY_PATH', '/usr/local/cuda/lib64/stubs:'), ('NVIDIA_CTK_LIBCUDA_DIR', '/usr/lib/x86_64-linux-gnu/nvidia/current'), ('PYTHONWARNINGS', 'ignore:::setuptools.command.install,ignore:::setuptools.command.easy_install,ignore:::pkg_resources,ignore:::setuptools.command.develop'), ('USER', 'diego'), ('TRT_INC_PATH', '/usr/include/x86_64-linux-gnu'), ('TF_ADJUST_SATURATION_FUSED', '1'), ('CUSOLVER_VERSION', '11.6.4.38'), ('HOSTNAME', 'debian'), ('CUTENSOR_VERSION', '2.0.2.5'), ('SHLVL', '1'), ('LD_LIBRARY_PATH', '/workspaces/isaac_ros-dev/install/gxf_isaac_gems/lib:/workspaces/isaac_ros-dev/install/isaac_ros_gxf/lib:/workspaces/isaac_ros-dev/install/isaac_ros_common/lib:/opt/ros/humble/opt/openvdb_vendor/lib:/opt/ros/humble/opt/rviz_ogre_vendor/lib:/opt/ros/humble/lib/x86_64-linux-gnu:/opt/ros/humble/lib:/usr/local/libcudss-linux-0.3.0.9_cuda12-archive/lib:/opt/hpcx/ucc/lib/:/opt/hpcx/ucx/lib/:/usr/local/cuda/compat/lib:/usr/local/nvidia/lib:/usr/local/nvidia/lib64:/opt/tritonserver/lib'), ('HOME', '/home/admin'), ('NVIDIA_TRITON_SERVER_VERSION', '24.08'), ('OLDPWD', '/workspaces/isaac_ros-dev'), ('HOST_USER_GID', '1000'), ('CUDA_CACHE_DISABLE', '1'), ('ROS_PYTHON_VERSION', '3'), ('MODEL_OPT_VERSION', '0.15.0'), ('ENV', '/etc/shinit_v2'), ('RDMACORE_VERSION', '39.0'), ('NVJPEG_VERSION', '12.3.3.23'), ('NVIDIA_BUILD_ID', '107631419'), ('CUDA_VERSION', '12.6.0.022'), ('TCMALLOC_RELEASE_RATE', '200'), ('CUBLAS_VERSION', '12.6.0.22'), ('NSIGHT_SYSTEMS_VERSION', '2024.4.2.133'), ('COLCON_PREFIX_PATH', '/workspaces/isaac_ros-dev/install'), ('CUDA_VISIBLE_DEVICES', '0'), ('ROS_DISTRO', 'humble'), ('OPAL_PREFIX', '/opt/hpcx/ompi'), ('NVIDIA_REQUIRE_CUDA', 'cuda>=9.0'), ('TRT_VERSION', '10.3.0.26+cuda12.5.1.007'), ('GDRCOPY_VERSION', '2.3.1-1'), ('_', '/usr/bin/colcon'), ('ROS_VERSION', '2'), ('NVIDIA_DRIVER_CAPABILITIES', 'compute,utility,graphics'), ('POLYGRAPHY_VERSION', '0.49.13'), ('CURAND_VERSION', '10.3.7.37'), ('MOFED_VERSION', '5.4-rdmacore39.0'), ('USERNAME', 'admin'), ('TERM', 'xterm'), ('ISAAC_ROS_WS', '/workspaces/isaac_ros-dev'), ('ROS_LOCALHOST_ONLY', '0'), ('TRANSFORMER_ENGINE_VERSION', '1.9'), ('PATH', '/workspaces/isaac_ros-dev/install/isaac_ros_common/bin:/opt/ros/humble/bin:/opt/ros/humble/vcstool/scripts:/opt/tritonserver/bin:/usr/local/mpi/bin:/usr/local/nvidia/bin:/usr/local/cuda/bin:/usr/local/sbin:/usr/local/bin:/usr/sbin:/usr/bin:/sbin:/bin:/usr/local/ucx/bin'), ('HOST_USER_UID', '1000'), ('CUDSS_DIR', '/usr/local/libcudss-linux-0.3.0.9_cuda12-archive'), ('CUDA_DRIVER_VERSION', '560.35.03'), ('_CUDA_COMPAT_STATUS', 'Unknown error (CUDA_ERROR_UNKNOWN) cuInit()=999'), ('DISPLAY', ':1'), ('NVIDIA_PRODUCT_NAME', 'Triton Server'), ('LANG', 'en_US.UTF-8'), ('RMW_IMPLEMENTATION', 'rmw_fastrtps_cpp'), ('NPP_VERSION', '12.3.1.23'), ('ROS_ROOT', '/opt/ros/humble'), ('UCX_MEM_EVENTS', 'no'), ('CUFFT_VERSION', '11.2.6.28'), ('SSH_AUTH_SOCK', '/ssh-agent'), ('TF_ENABLE_WINOGRAD_NONFUSED', '1'), ('AMENT_PREFIX_PATH', '/workspaces/isaac_ros-dev/install/gxf_isaac_gems:/workspaces/isaac_ros-dev/install/isaac_ros_gxf:/workspaces/isaac_ros-dev/install/isaac_ros_test:/workspaces/isaac_ros-dev/install/isaac_ros_launch_utils:/workspaces/isaac_ros-dev/install/isaac_ros_common:/workspaces/isaac_ros-dev/install/isaac_common_py:/opt/ros/humble'), ('CUDNN_VERSION', '9.3.0.75'), ('NSIGHT_COMPUTE_VERSION', '2024.3.0.15'), ('DALI_VERSION', '1.40.0'), ('DEBIAN_FRONTEND', 'noninteractive'), ('SHELL', '/bin/bash'), ('DCGM_VERSION', '3.2.6'), ('CUDNN_FRONTEND_VERSION', '1.5.2'), ('OPENMPI_VERSION', '4.1.7'), ('TRTOSS_VERSION', '24.08'), ('OMPI_MCA_coll_hcoll_enable', '0'), ('CUSPARSE_VERSION', '12.5.2.23'), ('NVIDIA_REQUIRE_JETPACK_HOST_MOUNTS', ''), ('TRITON_SERVER_GPU_ENABLED', '1'), ('TRITON_SERVER_VERSION', '2.49.0'), ('BASH_ENV', '/etc/bash.bashrc'), ('PWD', '/workspaces/isaac_ros-dev/build/gxf_isaac_gxf_helpers'), ('CUSPARSELT_VERSION', '0.6.2.3'), ('PYTHONPATH', '/workspaces/isaac_ros-dev/build/isaac_ros_test:/workspaces/isaac_ros-dev/install/isaac_ros_test/lib/python3.10/site-packages:/workspaces/isaac_ros-dev/build/isaac_ros_launch_utils:/workspaces/isaac_ros-dev/install/isaac_ros_launch_utils/lib/python3.10/site-packages:/workspaces/isaac_ros-dev/install/isaac_ros_common/local/lib/python3.10/dist-packages:/workspaces/isaac_ros-dev/build/isaac_common_py:/workspaces/isaac_ros-dev/install/isaac_common_py/lib/python3.10/site-packages:/opt/ros/humble/lib/python3.10/site-packages:/opt/ros/humble/local/lib/python3.10/dist-packages:/opt/ros/humble/vcstool:/opt/tritonserver/backends/dali/wheel/dali:'), ('_CUDA_COMPAT_PATH', '/usr/local/cuda/compat'), ('TRITON_SERVER_USER', 'triton-server'), ('TF_ADJUST_HUE_FUSED', '1'), ('NVIDIA_VISIBLE_DEVICES', 'void'), ('NCCL_VERSION', '2.22.3'), ('COLCON', '1'), ('OPENUCX_VERSION', '1.17.0'), ('HPCX_VERSION', '2.19'), ('CMAKE_PREFIX_PATH', '/workspaces/isaac_ros-dev/install/gxf_isaac_gems:/workspaces/isaac_ros-dev/install/isaac_ros_gxf:/workspaces/isaac_ros-dev/install/isaac_ros_common:/usr/local/libcudss-linux-0.3.0.9_cuda12-archive:/workspaces/isaac_ros-dev/install/isaac_ros_test:/workspaces/isaac_ros-dev/install/isaac_ros_launch_utils:/workspaces/isaac_ros-dev/install/isaac_common_py:/opt/ros/humble'), ('TF_AUTOTUNE_THRESHOLD', '2'), ('TRT_LIB_PATH', '/usr/lib/x86_64-linux-gnu')]), 'shell': False}
[18.047753] (gxf_isaac_atlas) StdoutLine: {'line': b'-- Symlinking: /workspaces/isaac_ros-dev/install/gxf_isaac_atlas/share/ament_index/resource_index/package_run_dependencies/gxf_isaac_atlas\n'}
[18.049279] (gxf_isaac_messages) StdoutLine: {'line': b'-- Symlinking: /workspaces/isaac_ros-dev/install/gxf_isaac_messages/share/gxf_isaac_messages/gxf/include/extensions/messages/flatscan_message.hpp\n'}
[18.049753] (gxf_isaac_gxf_helpers) StdoutLine: {'line': b'-- Install configuration: "Release"\n'}
[18.050530] (gxf_isaac_gxf_helpers) StdoutLine: {'line': b'-- Execute custom install script\n'}
[18.051063] (gxf_isaac_gxf_helpers) StdoutLine: {'line': b'-- Symlinking: /workspaces/isaac_ros-dev/install/gxf_isaac_gxf_helpers/share/gxf_isaac_gxf_helpers/gxf/lib/libgxf_isaac_gxf_helpers.so\n'}
[18.056600] (gxf_isaac_atlas) StdoutLine: {'line': b'-- Symlinking: /workspaces/isaac_ros-dev/install/gxf_isaac_atlas/share/ament_index/resource_index/parent_prefix_path/gxf_isaac_atlas\n'}
[18.057569] (gxf_isaac_messages) StdoutLine: {'line': b'-- Symlinking: /workspaces/isaac_ros-dev/install/gxf_isaac_messages/share/gxf_isaac_messages/gxf/include/extensions/messages/gyroscope_message.hpp\n'}
[18.058678] (gxf_isaac_gxf_helpers) StdoutLine: {'line': b'-- Symlinking: /workspaces/isaac_ros-dev/install/gxf_isaac_gxf_helpers/share/gxf_isaac_gxf_helpers/gxf/include/extensions/gxf_helpers/parameter_parser_isaac.hpp\n'}
[18.063587] (gxf_isaac_atlas) StdoutLine: {'line': b'-- Symlinking: /workspaces/isaac_ros-dev/install/gxf_isaac_atlas/share/gxf_isaac_atlas/environment/ament_prefix_path.sh\n'}
[18.064861] (gxf_isaac_messages) StdoutLine: {'line': b'-- Symlinking: /workspaces/isaac_ros-dev/install/gxf_isaac_messages/share/gxf_isaac_messages/gxf/include/extensions/messages/helpers.hpp\n'}
[18.066156] (gxf_isaac_gxf_helpers) StdoutLine: {'line': b'-- Symlinking: /workspaces/isaac_ros-dev/install/gxf_isaac_gxf_helpers/share/gxf_isaac_gxf_helpers/gxf/include/extensions/gxf_helpers/parameter_wrapper_isaac.hpp\n'}
[18.073040] (gxf_isaac_atlas) StdoutLine: {'line': b'-- Symlinking: /workspaces/isaac_ros-dev/install/gxf_isaac_atlas/share/gxf_isaac_atlas/environment/ament_prefix_path.dsv\n'}
[18.073906] (gxf_isaac_messages) StdoutLine: {'line': b'-- Symlinking: /workspaces/isaac_ros-dev/install/gxf_isaac_messages/share/gxf_isaac_messages/gxf/include/extensions/messages/imu_message.hpp\n'}
[18.074806] (gxf_isaac_gxf_helpers) StdoutLine: {'line': b'-- Symlinking: /workspaces/isaac_ros-dev/install/gxf_isaac_gxf_helpers/share/gxf_isaac_gxf_helpers/gxf/include/extensions/gxf_helpers/string_provider.hpp\n'}
[18.082070] (gxf_isaac_atlas) StdoutLine: {'line': b'-- Symlinking: /workspaces/isaac_ros-dev/install/gxf_isaac_atlas/share/gxf_isaac_atlas/environment/path.sh\n'}
[18.082967] (gxf_isaac_gxf_helpers) StdoutLine: {'line': b'-- Symlinking: /workspaces/isaac_ros-dev/install/gxf_isaac_gxf_helpers/share/gxf_isaac_gxf_helpers/environment/library_path.sh\n'}
[18.083202] (gxf_isaac_messages) StdoutLine: {'line': b'-- Symlinking: /workspaces/isaac_ros-dev/install/gxf_isaac_messages/share/gxf_isaac_messages/gxf/include/extensions/messages/json_message.hpp\n'}
[18.091238] (gxf_isaac_atlas) StdoutLine: {'line': b'-- Symlinking: /workspaces/isaac_ros-dev/install/gxf_isaac_atlas/share/gxf_isaac_atlas/environment/path.dsv\n'}
[18.091569] (gxf_isaac_gxf_helpers) StdoutLine: {'line': b'-- Symlinking: /workspaces/isaac_ros-dev/install/gxf_isaac_gxf_helpers/share/gxf_isaac_gxf_helpers/environment/library_path.dsv\n'}
[18.092013] (gxf_isaac_messages) StdoutLine: {'line': b'-- Symlinking: /workspaces/isaac_ros-dev/install/gxf_isaac_messages/share/gxf_isaac_messages/gxf/include/extensions/messages/pose3d_cov_message.hpp\n'}
[18.100501] (gxf_isaac_gxf_helpers) StdoutLine: {'line': b'-- Symlinking: /workspaces/isaac_ros-dev/install/gxf_isaac_gxf_helpers/share/gxf_isaac_gxf_helpers/version_info.yaml\n'}
[18.100954] (gxf_isaac_messages) StdoutLine: {'line': b'-- Symlinking: /workspaces/isaac_ros-dev/install/gxf_isaac_messages/share/gxf_isaac_messages/environment/library_path.sh\n'}
[18.101560] (gxf_isaac_atlas) StdoutLine: {'line': b'-- Symlinking: /workspaces/isaac_ros-dev/install/gxf_isaac_atlas/share/gxf_isaac_atlas/local_setup.bash\n'}
[18.109077] (gxf_isaac_atlas) StdoutLine: {'line': b'-- Symlinking: /workspaces/isaac_ros-dev/install/gxf_isaac_atlas/share/gxf_isaac_atlas/local_setup.sh\n'}
[18.109386] (gxf_isaac_messages) StdoutLine: {'line': b'-- Symlinking: /workspaces/isaac_ros-dev/install/gxf_isaac_messages/share/gxf_isaac_messages/environment/library_path.dsv\n'}
[18.109877] (gxf_isaac_gxf_helpers) StdoutLine: {'line': b'-- Symlinking: /workspaces/isaac_ros-dev/install/gxf_isaac_gxf_helpers/share/ament_index/resource_index/package_run_dependencies/gxf_isaac_gxf_helpers\n'}
[18.117438] (gxf_isaac_atlas) StdoutLine: {'line': b'-- Symlinking: /workspaces/isaac_ros-dev/install/gxf_isaac_atlas/share/gxf_isaac_atlas/local_setup.zsh\n'}
[18.117696] (gxf_isaac_messages) StdoutLine: {'line': b'-- Symlinking: /workspaces/isaac_ros-dev/install/gxf_isaac_messages/share/gxf_isaac_messages/version_info.yaml\n'}
[18.117774] (gxf_isaac_gxf_helpers) StdoutLine: {'line': b'-- Symlinking: /workspaces/isaac_ros-dev/install/gxf_isaac_gxf_helpers/share/ament_index/resource_index/parent_prefix_path/gxf_isaac_gxf_helpers\n'}
[18.125363] (gxf_isaac_atlas) StdoutLine: {'line': b'-- Symlinking: /workspaces/isaac_ros-dev/install/gxf_isaac_atlas/share/gxf_isaac_atlas/local_setup.dsv\n'}
[18.125655] (gxf_isaac_gxf_helpers) StdoutLine: {'line': b'-- Symlinking: /workspaces/isaac_ros-dev/install/gxf_isaac_gxf_helpers/share/gxf_isaac_gxf_helpers/environment/ament_prefix_path.sh\n'}
[18.126426] (gxf_isaac_messages) StdoutLine: {'line': b'-- Symlinking: /workspaces/isaac_ros-dev/install/gxf_isaac_messages/share/ament_index/resource_index/package_run_dependencies/gxf_isaac_messages\n'}
[18.132827] (-) TimerEvent: {}
[18.133213] (gxf_isaac_gxf_helpers) StdoutLine: {'line': b'-- Symlinking: /workspaces/isaac_ros-dev/install/gxf_isaac_gxf_helpers/share/gxf_isaac_gxf_helpers/environment/ament_prefix_path.dsv\n'}
[18.133364] (gxf_isaac_atlas) StdoutLine: {'line': b'-- Symlinking: /workspaces/isaac_ros-dev/install/gxf_isaac_atlas/share/gxf_isaac_atlas/package.dsv\n'}
[18.133762] (gxf_isaac_messages) StdoutLine: {'line': b'-- Symlinking: /workspaces/isaac_ros-dev/install/gxf_isaac_messages/share/ament_index/resource_index/parent_prefix_path/gxf_isaac_messages\n'}
[18.139672] (gxf_isaac_atlas) StdoutLine: {'line': b'-- Symlinking: /workspaces/isaac_ros-dev/install/gxf_isaac_atlas/share/ament_index/resource_index/packages/gxf_isaac_atlas\n'}
[18.140033] (gxf_isaac_gxf_helpers) StdoutLine: {'line': b'-- Symlinking: /workspaces/isaac_ros-dev/install/gxf_isaac_gxf_helpers/share/gxf_isaac_gxf_helpers/environment/path.sh\n'}
[18.141146] (gxf_isaac_messages) StdoutLine: {'line': b'-- Symlinking: /workspaces/isaac_ros-dev/install/gxf_isaac_messages/share/gxf_isaac_messages/environment/ament_prefix_path.sh\n'}
[18.146202] (gxf_isaac_gxf_helpers) StdoutLine: {'line': b'-- Symlinking: /workspaces/isaac_ros-dev/install/gxf_isaac_gxf_helpers/share/gxf_isaac_gxf_helpers/environment/path.dsv\n'}
[18.146406] (gxf_isaac_atlas) StdoutLine: {'line': b'-- Symlinking: /workspaces/isaac_ros-dev/install/gxf_isaac_atlas/share/gxf_isaac_atlas/cmake/ament_cmake_export_targets-extras.cmake\n'}
[18.146924] (gxf_isaac_messages) StdoutLine: {'line': b'-- Symlinking: /workspaces/isaac_ros-dev/install/gxf_isaac_messages/share/gxf_isaac_messages/environment/ament_prefix_path.dsv\n'}
[18.152604] (gxf_isaac_gxf_helpers) StdoutLine: {'line': b'-- Symlinking: /workspaces/isaac_ros-dev/install/gxf_isaac_gxf_helpers/share/gxf_isaac_gxf_helpers/local_setup.bash\n'}
[18.152818] (gxf_isaac_atlas) StdoutLine: {'line': b'-- Symlinking: /workspaces/isaac_ros-dev/install/gxf_isaac_atlas/share/gxf_isaac_atlas/cmake/ament_cmake_export_dependencies-extras.cmake\n'}
[18.152881] (gxf_isaac_messages) StdoutLine: {'line': b'-- Symlinking: /workspaces/isaac_ros-dev/install/gxf_isaac_messages/share/gxf_isaac_messages/environment/path.sh\n'}
[18.158776] (gxf_isaac_messages) StdoutLine: {'line': b'-- Symlinking: /workspaces/isaac_ros-dev/install/gxf_isaac_messages/share/gxf_isaac_messages/environment/path.dsv\n'}
[18.158946] (gxf_isaac_gxf_helpers) StdoutLine: {'line': b'-- Symlinking: /workspaces/isaac_ros-dev/install/gxf_isaac_gxf_helpers/share/gxf_isaac_gxf_helpers/local_setup.sh\n'}
[18.160110] (gxf_isaac_atlas) StdoutLine: {'line': b'-- Symlinking: /workspaces/isaac_ros-dev/install/gxf_isaac_atlas/share/gxf_isaac_atlas/cmake/gxf_isaac_atlasConfig.cmake\n'}
[18.165101] (gxf_isaac_messages) StdoutLine: {'line': b'-- Symlinking: /workspaces/isaac_ros-dev/install/gxf_isaac_messages/share/gxf_isaac_messages/local_setup.bash\n'}
[18.165292] (gxf_isaac_gxf_helpers) StdoutLine: {'line': b'-- Symlinking: /workspaces/isaac_ros-dev/install/gxf_isaac_gxf_helpers/share/gxf_isaac_gxf_helpers/local_setup.zsh\n'}
[18.165498] (gxf_isaac_atlas) StdoutLine: {'line': b'-- Symlinking: /workspaces/isaac_ros-dev/install/gxf_isaac_atlas/share/gxf_isaac_atlas/cmake/gxf_isaac_atlasConfig-version.cmake\n'}
[18.171392] (gxf_isaac_gxf_helpers) StdoutLine: {'line': b'-- Symlinking: /workspaces/isaac_ros-dev/install/gxf_isaac_gxf_helpers/share/gxf_isaac_gxf_helpers/local_setup.dsv\n'}
[18.171601] (gxf_isaac_atlas) StdoutLine: {'line': b'-- Symlinking: /workspaces/isaac_ros-dev/install/gxf_isaac_atlas/share/gxf_isaac_atlas/package.xml\n'}
[18.171686] (gxf_isaac_messages) StdoutLine: {'line': b'-- Symlinking: /workspaces/isaac_ros-dev/install/gxf_isaac_messages/share/gxf_isaac_messages/local_setup.sh\n'}
[18.178269] (gxf_isaac_gxf_helpers) StdoutLine: {'line': b'-- Symlinking: /workspaces/isaac_ros-dev/install/gxf_isaac_gxf_helpers/share/gxf_isaac_gxf_helpers/package.dsv\n'}
[18.178523] (gxf_isaac_messages) StdoutLine: {'line': b'-- Symlinking: /workspaces/isaac_ros-dev/install/gxf_isaac_messages/share/gxf_isaac_messages/local_setup.zsh\n'}
[18.178653] (gxf_isaac_atlas) StdoutLine: {'line': b'-- Installing: /workspaces/isaac_ros-dev/install/gxf_isaac_atlas/share/gxf_isaac_atlas/cmake/export_gxf_isaac_atlasExport.cmake\n'}
[18.179634] (gxf_isaac_atlas) CommandEnded: {'returncode': 0}
[18.185375] (gxf_isaac_messages) StdoutLine: {'line': b'-- Symlinking: /workspaces/isaac_ros-dev/install/gxf_isaac_messages/share/gxf_isaac_messages/local_setup.dsv\n'}
[18.185494] (gxf_isaac_gxf_helpers) StdoutLine: {'line': b'-- Symlinking: /workspaces/isaac_ros-dev/install/gxf_isaac_gxf_helpers/share/ament_index/resource_index/packages/gxf_isaac_gxf_helpers\n'}
[18.190511] (gxf_isaac_atlas) JobEnded: {'identifier': 'gxf_isaac_atlas', 'rc': 0}
[18.191090] (gxf_isaac_gxf_helpers) StdoutLine: {'line': b'-- Symlinking: /workspaces/isaac_ros-dev/install/gxf_isaac_gxf_helpers/share/gxf_isaac_gxf_helpers/cmake/ament_cmake_export_targets-extras.cmake\n'}
[18.191218] (gxf_isaac_messages) StdoutLine: {'line': b'-- Symlinking: /workspaces/isaac_ros-dev/install/gxf_isaac_messages/share/gxf_isaac_messages/package.dsv\n'}
[18.199098] (gxf_isaac_messages) StdoutLine: {'line': b'-- Symlinking: /workspaces/isaac_ros-dev/install/gxf_isaac_messages/share/ament_index/resource_index/packages/gxf_isaac_messages\n'}
[18.199369] (gxf_isaac_gxf_helpers) StdoutLine: {'line': b'-- Symlinking: /workspaces/isaac_ros-dev/install/gxf_isaac_gxf_helpers/share/gxf_isaac_gxf_helpers/cmake/ament_cmake_export_dependencies-extras.cmake\n'}
[18.207358] (gxf_isaac_messages) StdoutLine: {'line': b'-- Symlinking: /workspaces/isaac_ros-dev/install/gxf_isaac_messages/share/gxf_isaac_messages/cmake/ament_cmake_export_targets-extras.cmake\n'}
[18.207697] (gxf_isaac_gxf_helpers) StdoutLine: {'line': b'-- Symlinking: /workspaces/isaac_ros-dev/install/gxf_isaac_gxf_helpers/share/gxf_isaac_gxf_helpers/cmake/gxf_isaac_gxf_helpersConfig.cmake\n'}
[18.215396] (gxf_isaac_gxf_helpers) StdoutLine: {'line': b'-- Symlinking: /workspaces/isaac_ros-dev/install/gxf_isaac_gxf_helpers/share/gxf_isaac_gxf_helpers/cmake/gxf_isaac_gxf_helpersConfig-version.cmake\n'}
[18.215590] (gxf_isaac_messages) StdoutLine: {'line': b'-- Symlinking: /workspaces/isaac_ros-dev/install/gxf_isaac_messages/share/gxf_isaac_messages/cmake/ament_cmake_export_dependencies-extras.cmake\n'}
[18.222325] (gxf_isaac_messages) StdoutLine: {'line': b'-- Symlinking: /workspaces/isaac_ros-dev/install/gxf_isaac_messages/share/gxf_isaac_messages/cmake/gxf_isaac_messagesConfig.cmake\n'}
[18.222617] (gxf_isaac_gxf_helpers) StdoutLine: {'line': b'-- Symlinking: /workspaces/isaac_ros-dev/install/gxf_isaac_gxf_helpers/share/gxf_isaac_gxf_helpers/package.xml\n'}
[18.229141] (gxf_isaac_gxf_helpers) StdoutLine: {'line': b'-- Installing: /workspaces/isaac_ros-dev/install/gxf_isaac_gxf_helpers/share/gxf_isaac_gxf_helpers/cmake/export_gxf_isaac_gxf_helpersExport.cmake\n'}
[18.229478] (gxf_isaac_messages) StdoutLine: {'line': b'-- Symlinking: /workspaces/isaac_ros-dev/install/gxf_isaac_messages/share/gxf_isaac_messages/cmake/gxf_isaac_messagesConfig-version.cmake\n'}
[18.230610] (gxf_isaac_gxf_helpers) CommandEnded: {'returncode': 0}
[18.233048] (-) TimerEvent: {}
[18.236030] (gxf_isaac_messages) StdoutLine: {'line': b'-- Symlinking: /workspaces/isaac_ros-dev/install/gxf_isaac_messages/share/gxf_isaac_messages/package.xml\n'}
[18.241803] (gxf_isaac_gxf_helpers) JobEnded: {'identifier': 'gxf_isaac_gxf_helpers', 'rc': 0}
[18.242503] (isaac_ros_nitros) JobStarted: {'identifier': 'isaac_ros_nitros'}
[18.242598] (gxf_isaac_messages) StdoutLine: {'line': b'-- Installing: /workspaces/isaac_ros-dev/install/gxf_isaac_messages/share/gxf_isaac_messages/cmake/export_gxf_isaac_messagesExport.cmake\n'}
[18.247707] (gxf_isaac_messages) CommandEnded: {'returncode': 0}
[18.256398] (gxf_isaac_messages) JobEnded: {'identifier': 'gxf_isaac_messages', 'rc': 0}
[18.257068] (gxf_isaac_tensor_rt) JobStarted: {'identifier': 'gxf_isaac_tensor_rt'}
[18.266482] (isaac_ros_nitros) JobProgress: {'identifier': 'isaac_ros_nitros', 'progress': 'cmake'}
[18.266998] (isaac_ros_nitros) Command: {'cmd': ['/usr/bin/cmake', '/workspaces/isaac_ros-dev/src/isaac_ros_nitros/isaac_ros_nitros', '-DBUILD_TESTING=OFF', '-DAMENT_CMAKE_SYMLINK_INSTALL=1', '-DCMAKE_INSTALL_PREFIX=/workspaces/isaac_ros-dev/install/isaac_ros_nitros'], 'cwd': '/workspaces/isaac_ros-dev/build/isaac_ros_nitros', 'env': OrderedDict([('DALI_BUILD', '16741769'), ('LIBRARY_PATH', '/usr/local/cuda/lib64/stubs:'), ('NVIDIA_CTK_LIBCUDA_DIR', '/usr/lib/x86_64-linux-gnu/nvidia/current'), ('PYTHONWARNINGS', 'ignore:::setuptools.command.install,ignore:::setuptools.command.easy_install,ignore:::pkg_resources,ignore:::setuptools.command.develop'), ('USER', 'diego'), ('TRT_INC_PATH', '/usr/include/x86_64-linux-gnu'), ('TF_ADJUST_SATURATION_FUSED', '1'), ('CUSOLVER_VERSION', '11.6.4.38'), ('HOSTNAME', 'debian'), ('CUTENSOR_VERSION', '2.0.2.5'), ('SHLVL', '1'), ('LD_LIBRARY_PATH', '/workspaces/isaac_ros-dev/install/gxf_isaac_gxf_helpers/lib:/workspaces/isaac_ros-dev/install/gxf_isaac_atlas/lib:/workspaces/isaac_ros-dev/install/gxf_isaac_sight/lib:/workspaces/isaac_ros-dev/install/gxf_isaac_optimizer/lib:/workspaces/isaac_ros-dev/install/gxf_isaac_message_compositor/lib:/workspaces/isaac_ros-dev/install/gxf_isaac_gems/lib:/workspaces/isaac_ros-dev/install/isaac_ros_gxf/lib:/workspaces/isaac_ros-dev/install/isaac_ros_common/lib:/opt/ros/humble/opt/openvdb_vendor/lib:/opt/ros/humble/opt/rviz_ogre_vendor/lib:/opt/ros/humble/lib/x86_64-linux-gnu:/opt/ros/humble/lib:/usr/local/libcudss-linux-0.3.0.9_cuda12-archive/lib:/opt/hpcx/ucc/lib/:/opt/hpcx/ucx/lib/:/usr/local/cuda/compat/lib:/usr/local/nvidia/lib:/usr/local/nvidia/lib64:/opt/tritonserver/lib'), ('HOME', '/home/admin'), ('NVIDIA_TRITON_SERVER_VERSION', '24.08'), ('OLDPWD', '/workspaces/isaac_ros-dev'), ('HOST_USER_GID', '1000'), ('CUDA_CACHE_DISABLE', '1'), ('ROS_PYTHON_VERSION', '3'), ('MODEL_OPT_VERSION', '0.15.0'), ('ENV', '/etc/shinit_v2'), ('RDMACORE_VERSION', '39.0'), ('NVJPEG_VERSION', '12.3.3.23'), ('NVIDIA_BUILD_ID', '107631419'), ('CUDA_VERSION', '12.6.0.022'), ('TCMALLOC_RELEASE_RATE', '200'), ('CUBLAS_VERSION', '12.6.0.22'), ('NSIGHT_SYSTEMS_VERSION', '2024.4.2.133'), ('COLCON_PREFIX_PATH', '/workspaces/isaac_ros-dev/install'), ('CUDA_VISIBLE_DEVICES', '0'), ('ROS_DISTRO', 'humble'), ('OPAL_PREFIX', '/opt/hpcx/ompi'), ('NVIDIA_REQUIRE_CUDA', 'cuda>=9.0'), ('TRT_VERSION', '10.3.0.26+cuda12.5.1.007'), ('GDRCOPY_VERSION', '2.3.1-1'), ('_', '/usr/bin/colcon'), ('ROS_VERSION', '2'), ('NVIDIA_DRIVER_CAPABILITIES', 'compute,utility,graphics'), ('POLYGRAPHY_VERSION', '0.49.13'), ('CURAND_VERSION', '10.3.7.37'), ('MOFED_VERSION', '5.4-rdmacore39.0'), ('USERNAME', 'admin'), ('TERM', 'xterm'), ('ISAAC_ROS_WS', '/workspaces/isaac_ros-dev'), ('ROS_LOCALHOST_ONLY', '0'), ('TRANSFORMER_ENGINE_VERSION', '1.9'), ('PATH', '/workspaces/isaac_ros-dev/install/isaac_ros_common/bin:/opt/ros/humble/bin:/opt/ros/humble/vcstool/scripts:/opt/tritonserver/bin:/usr/local/mpi/bin:/usr/local/nvidia/bin:/usr/local/cuda/bin:/usr/local/sbin:/usr/local/bin:/usr/sbin:/usr/bin:/sbin:/bin:/usr/local/ucx/bin'), ('HOST_USER_UID', '1000'), ('CUDSS_DIR', '/usr/local/libcudss-linux-0.3.0.9_cuda12-archive'), ('CUDA_DRIVER_VERSION', '560.35.03'), ('_CUDA_COMPAT_STATUS', 'Unknown error (CUDA_ERROR_UNKNOWN) cuInit()=999'), ('DISPLAY', ':1'), ('NVIDIA_PRODUCT_NAME', 'Triton Server'), ('LANG', 'en_US.UTF-8'), ('RMW_IMPLEMENTATION', 'rmw_fastrtps_cpp'), ('NPP_VERSION', '12.3.1.23'), ('ROS_ROOT', '/opt/ros/humble'), ('UCX_MEM_EVENTS', 'no'), ('CUFFT_VERSION', '11.2.6.28'), ('SSH_AUTH_SOCK', '/ssh-agent'), ('TF_ENABLE_WINOGRAD_NONFUSED', '1'), ('AMENT_PREFIX_PATH', '/workspaces/isaac_ros-dev/install/gxf_isaac_gxf_helpers:/workspaces/isaac_ros-dev/install/gxf_isaac_atlas:/workspaces/isaac_ros-dev/install/gxf_isaac_sight:/workspaces/isaac_ros-dev/install/gxf_isaac_optimizer:/workspaces/isaac_ros-dev/install/gxf_isaac_message_compositor:/workspaces/isaac_ros-dev/install/gxf_isaac_gems:/workspaces/isaac_ros-dev/install/isaac_ros_test:/workspaces/isaac_ros-dev/install/isaac_ros_gxf:/workspaces/isaac_ros-dev/install/isaac_ros_launch_utils:/workspaces/isaac_ros-dev/install/isaac_ros_common:/workspaces/isaac_ros-dev/install/isaac_common_py:/opt/ros/humble'), ('CUDNN_VERSION', '9.3.0.75'), ('NSIGHT_COMPUTE_VERSION', '2024.3.0.15'), ('DALI_VERSION', '1.40.0'), ('DEBIAN_FRONTEND', 'noninteractive'), ('SHELL', '/bin/bash'), ('DCGM_VERSION', '3.2.6'), ('CUDNN_FRONTEND_VERSION', '1.5.2'), ('OPENMPI_VERSION', '4.1.7'), ('TRTOSS_VERSION', '24.08'), ('OMPI_MCA_coll_hcoll_enable', '0'), ('CUSPARSE_VERSION', '12.5.2.23'), ('NVIDIA_REQUIRE_JETPACK_HOST_MOUNTS', ''), ('TRITON_SERVER_GPU_ENABLED', '1'), ('TRITON_SERVER_VERSION', '2.49.0'), ('BASH_ENV', '/etc/bash.bashrc'), ('PWD', '/workspaces/isaac_ros-dev/build/isaac_ros_nitros'), ('CUSPARSELT_VERSION', '0.6.2.3'), ('PYTHONPATH', '/workspaces/isaac_ros-dev/build/isaac_ros_test:/workspaces/isaac_ros-dev/install/isaac_ros_test/lib/python3.10/site-packages:/workspaces/isaac_ros-dev/build/isaac_ros_launch_utils:/workspaces/isaac_ros-dev/install/isaac_ros_launch_utils/lib/python3.10/site-packages:/workspaces/isaac_ros-dev/install/isaac_ros_common/local/lib/python3.10/dist-packages:/workspaces/isaac_ros-dev/build/isaac_common_py:/workspaces/isaac_ros-dev/install/isaac_common_py/lib/python3.10/site-packages:/opt/ros/humble/lib/python3.10/site-packages:/opt/ros/humble/local/lib/python3.10/dist-packages:/opt/ros/humble/vcstool:/opt/tritonserver/backends/dali/wheel/dali'), ('_CUDA_COMPAT_PATH', '/usr/local/cuda/compat'), ('TRITON_SERVER_USER', 'triton-server'), ('TF_ADJUST_HUE_FUSED', '1'), ('NVIDIA_VISIBLE_DEVICES', 'void'), ('NCCL_VERSION', '2.22.3'), ('COLCON', '1'), ('OPENUCX_VERSION', '1.17.0'), ('HPCX_VERSION', '2.19'), ('CMAKE_PREFIX_PATH', '/workspaces/isaac_ros-dev/install/gxf_isaac_gxf_helpers:/workspaces/isaac_ros-dev/install/gxf_isaac_atlas:/workspaces/isaac_ros-dev/install/gxf_isaac_sight:/workspaces/isaac_ros-dev/install/gxf_isaac_optimizer:/workspaces/isaac_ros-dev/install/gxf_isaac_message_compositor:/workspaces/isaac_ros-dev/install/gxf_isaac_gems:/workspaces/isaac_ros-dev/install/isaac_ros_gxf:/workspaces/isaac_ros-dev/install/isaac_ros_common:/usr/local/libcudss-linux-0.3.0.9_cuda12-archive:/workspaces/isaac_ros-dev/install/isaac_ros_test:/workspaces/isaac_ros-dev/install/isaac_ros_launch_utils:/workspaces/isaac_ros-dev/install/isaac_common_py:/opt/ros/humble'), ('TF_AUTOTUNE_THRESHOLD', '2'), ('TRT_LIB_PATH', '/usr/lib/x86_64-linux-gnu')]), 'shell': False}
[18.269154] (gxf_isaac_tensor_rt) JobProgress: {'identifier': 'gxf_isaac_tensor_rt', 'progress': 'cmake'}
[18.269357] (gxf_isaac_tensor_rt) Command: {'cmd': ['/usr/bin/cmake', '/workspaces/isaac_ros-dev/src/isaac_ros_dnn_inference/isaac_ros_gxf_extensions/gxf_isaac_tensor_rt', '-DBUILD_TESTING=OFF', '-DAMENT_CMAKE_SYMLINK_INSTALL=1', '-DCMAKE_INSTALL_PREFIX=/workspaces/isaac_ros-dev/install/gxf_isaac_tensor_rt'], 'cwd': '/workspaces/isaac_ros-dev/build/gxf_isaac_tensor_rt', 'env': OrderedDict([('DALI_BUILD', '16741769'), ('LIBRARY_PATH', '/usr/local/cuda/lib64/stubs:'), ('NVIDIA_CTK_LIBCUDA_DIR', '/usr/lib/x86_64-linux-gnu/nvidia/current'), ('PYTHONWARNINGS', 'ignore:::setuptools.command.install,ignore:::setuptools.command.easy_install,ignore:::pkg_resources,ignore:::setuptools.command.develop'), ('USER', 'diego'), ('TRT_INC_PATH', '/usr/include/x86_64-linux-gnu'), ('TF_ADJUST_SATURATION_FUSED', '1'), ('CUSOLVER_VERSION', '11.6.4.38'), ('HOSTNAME', 'debian'), ('CUTENSOR_VERSION', '2.0.2.5'), ('SHLVL', '1'), ('LD_LIBRARY_PATH', '/workspaces/isaac_ros-dev/install/gxf_isaac_messages/lib:/workspaces/isaac_ros-dev/install/gxf_isaac_gems/lib:/workspaces/isaac_ros-dev/install/isaac_ros_gxf/lib:/workspaces/isaac_ros-dev/install/isaac_ros_common/lib:/opt/ros/humble/opt/openvdb_vendor/lib:/opt/ros/humble/opt/rviz_ogre_vendor/lib:/opt/ros/humble/lib/x86_64-linux-gnu:/opt/ros/humble/lib:/usr/local/libcudss-linux-0.3.0.9_cuda12-archive/lib:/opt/hpcx/ucc/lib/:/opt/hpcx/ucx/lib/:/usr/local/cuda/compat/lib:/usr/local/nvidia/lib:/usr/local/nvidia/lib64:/opt/tritonserver/lib'), ('HOME', '/home/admin'), ('NVIDIA_TRITON_SERVER_VERSION', '24.08'), ('OLDPWD', '/workspaces/isaac_ros-dev'), ('HOST_USER_GID', '1000'), ('CUDA_CACHE_DISABLE', '1'), ('ROS_PYTHON_VERSION', '3'), ('MODEL_OPT_VERSION', '0.15.0'), ('ENV', '/etc/shinit_v2'), ('RDMACORE_VERSION', '39.0'), ('NVJPEG_VERSION', '12.3.3.23'), ('NVIDIA_BUILD_ID', '107631419'), ('CUDA_VERSION', '12.6.0.022'), ('TCMALLOC_RELEASE_RATE', '200'), ('CUBLAS_VERSION', '12.6.0.22'), ('NSIGHT_SYSTEMS_VERSION', '2024.4.2.133'), ('COLCON_PREFIX_PATH', '/workspaces/isaac_ros-dev/install'), ('CUDA_VISIBLE_DEVICES', '0'), ('ROS_DISTRO', 'humble'), ('OPAL_PREFIX', '/opt/hpcx/ompi'), ('NVIDIA_REQUIRE_CUDA', 'cuda>=9.0'), ('TRT_VERSION', '10.3.0.26+cuda12.5.1.007'), ('GDRCOPY_VERSION', '2.3.1-1'), ('_', '/usr/bin/colcon'), ('ROS_VERSION', '2'), ('NVIDIA_DRIVER_CAPABILITIES', 'compute,utility,graphics'), ('POLYGRAPHY_VERSION', '0.49.13'), ('CURAND_VERSION', '10.3.7.37'), ('MOFED_VERSION', '5.4-rdmacore39.0'), ('USERNAME', 'admin'), ('TERM', 'xterm'), ('ISAAC_ROS_WS', '/workspaces/isaac_ros-dev'), ('ROS_LOCALHOST_ONLY', '0'), ('TRANSFORMER_ENGINE_VERSION', '1.9'), ('PATH', '/workspaces/isaac_ros-dev/install/isaac_ros_common/bin:/opt/ros/humble/bin:/opt/ros/humble/vcstool/scripts:/opt/tritonserver/bin:/usr/local/mpi/bin:/usr/local/nvidia/bin:/usr/local/cuda/bin:/usr/local/sbin:/usr/local/bin:/usr/sbin:/usr/bin:/sbin:/bin:/usr/local/ucx/bin'), ('HOST_USER_UID', '1000'), ('CUDSS_DIR', '/usr/local/libcudss-linux-0.3.0.9_cuda12-archive'), ('CUDA_DRIVER_VERSION', '560.35.03'), ('_CUDA_COMPAT_STATUS', 'Unknown error (CUDA_ERROR_UNKNOWN) cuInit()=999'), ('DISPLAY', ':1'), ('NVIDIA_PRODUCT_NAME', 'Triton Server'), ('LANG', 'en_US.UTF-8'), ('RMW_IMPLEMENTATION', 'rmw_fastrtps_cpp'), ('NPP_VERSION', '12.3.1.23'), ('ROS_ROOT', '/opt/ros/humble'), ('UCX_MEM_EVENTS', 'no'), ('CUFFT_VERSION', '11.2.6.28'), ('SSH_AUTH_SOCK', '/ssh-agent'), ('TF_ENABLE_WINOGRAD_NONFUSED', '1'), ('AMENT_PREFIX_PATH', '/workspaces/isaac_ros-dev/install/gxf_isaac_messages:/workspaces/isaac_ros-dev/install/gxf_isaac_gems:/workspaces/isaac_ros-dev/install/isaac_ros_gxf:/workspaces/isaac_ros-dev/install/isaac_ros_test:/workspaces/isaac_ros-dev/install/isaac_ros_launch_utils:/workspaces/isaac_ros-dev/install/isaac_ros_common:/workspaces/isaac_ros-dev/install/isaac_common_py:/opt/ros/humble'), ('CUDNN_VERSION', '9.3.0.75'), ('NSIGHT_COMPUTE_VERSION', '2024.3.0.15'), ('DALI_VERSION', '1.40.0'), ('DEBIAN_FRONTEND', 'noninteractive'), ('SHELL', '/bin/bash'), ('DCGM_VERSION', '3.2.6'), ('CUDNN_FRONTEND_VERSION', '1.5.2'), ('OPENMPI_VERSION', '4.1.7'), ('TRTOSS_VERSION', '24.08'), ('OMPI_MCA_coll_hcoll_enable', '0'), ('CUSPARSE_VERSION', '12.5.2.23'), ('NVIDIA_REQUIRE_JETPACK_HOST_MOUNTS', ''), ('TRITON_SERVER_GPU_ENABLED', '1'), ('TRITON_SERVER_VERSION', '2.49.0'), ('BASH_ENV', '/etc/bash.bashrc'), ('PWD', '/workspaces/isaac_ros-dev/build/gxf_isaac_tensor_rt'), ('CUSPARSELT_VERSION', '0.6.2.3'), ('PYTHONPATH', '/workspaces/isaac_ros-dev/build/isaac_ros_test:/workspaces/isaac_ros-dev/install/isaac_ros_test/lib/python3.10/site-packages:/workspaces/isaac_ros-dev/build/isaac_ros_launch_utils:/workspaces/isaac_ros-dev/install/isaac_ros_launch_utils/lib/python3.10/site-packages:/workspaces/isaac_ros-dev/install/isaac_ros_common/local/lib/python3.10/dist-packages:/workspaces/isaac_ros-dev/build/isaac_common_py:/workspaces/isaac_ros-dev/install/isaac_common_py/lib/python3.10/site-packages:/opt/ros/humble/lib/python3.10/site-packages:/opt/ros/humble/local/lib/python3.10/dist-packages:/opt/ros/humble/vcstool:/opt/tritonserver/backends/dali/wheel/dali:'), ('_CUDA_COMPAT_PATH', '/usr/local/cuda/compat'), ('TRITON_SERVER_USER', 'triton-server'), ('TF_ADJUST_HUE_FUSED', '1'), ('NVIDIA_VISIBLE_DEVICES', 'void'), ('NCCL_VERSION', '2.22.3'), ('COLCON', '1'), ('OPENUCX_VERSION', '1.17.0'), ('HPCX_VERSION', '2.19'), ('CMAKE_PREFIX_PATH', '/workspaces/isaac_ros-dev/install/gxf_isaac_messages:/workspaces/isaac_ros-dev/install/gxf_isaac_gems:/workspaces/isaac_ros-dev/install/isaac_ros_gxf:/workspaces/isaac_ros-dev/install/isaac_ros_common:/usr/local/libcudss-linux-0.3.0.9_cuda12-archive:/workspaces/isaac_ros-dev/install/isaac_ros_test:/workspaces/isaac_ros-dev/install/isaac_ros_launch_utils:/workspaces/isaac_ros-dev/install/isaac_common_py:/opt/ros/humble'), ('TF_AUTOTUNE_THRESHOLD', '2'), ('TRT_LIB_PATH', '/usr/lib/x86_64-linux-gnu')]), 'shell': False}
[18.323389] (isaac_ros_nitros) StdoutLine: {'line': b'-- The C compiler identification is GNU 11.4.0\n'}
[18.323798] (gxf_isaac_tensor_rt) StdoutLine: {'line': b'-- The C compiler identification is GNU 11.4.0\n'}
[18.333190] (-) TimerEvent: {}
[18.364689] (gxf_isaac_tensor_rt) StdoutLine: {'line': b'-- The CXX compiler identification is GNU 11.4.0\n'}
[18.365092] (isaac_ros_nitros) StdoutLine: {'line': b'-- The CXX compiler identification is GNU 11.4.0\n'}
[18.369951] (gxf_isaac_tensor_rt) StdoutLine: {'line': b'-- Detecting C compiler ABI info\n'}
[18.370218] (isaac_ros_nitros) StdoutLine: {'line': b'-- Detecting C compiler ABI info\n'}
[18.431568] (isaac_ros_nitros) StdoutLine: {'line': b'-- Detecting C compiler ABI info - done\n'}
[18.433290] (-) TimerEvent: {}
[18.434076] (gxf_isaac_tensor_rt) StdoutLine: {'line': b'-- Detecting C compiler ABI info - done\n'}
[18.438524] (isaac_ros_nitros) StdoutLine: {'line': b'-- Check for working C compiler: /usr/bin/cc - skipped\n'}
[18.438766] (isaac_ros_nitros) StdoutLine: {'line': b'-- Detecting C compile features\n'}
[18.439024] (isaac_ros_nitros) StdoutLine: {'line': b'-- Detecting C compile features - done\n'}
[18.440144] (gxf_isaac_tensor_rt) StdoutLine: {'line': b'-- Check for working C compiler: /usr/bin/cc - skipped\n'}
[18.440357] (gxf_isaac_tensor_rt) StdoutLine: {'line': b'-- Detecting C compile features\n'}
[18.440595] (gxf_isaac_tensor_rt) StdoutLine: {'line': b'-- Detecting C compile features - done\n'}
[18.441086] (isaac_ros_nitros) StdoutLine: {'line': b'-- Detecting CXX compiler ABI info\n'}
[18.443018] (gxf_isaac_tensor_rt) StdoutLine: {'line': b'-- Detecting CXX compiler ABI info\n'}
[18.506576] (isaac_ros_nitros) StdoutLine: {'line': b'-- Detecting CXX compiler ABI info - done\n'}
[18.510468] (gxf_isaac_tensor_rt) StdoutLine: {'line': b'-- Detecting CXX compiler ABI info - done\n'}
[18.512854] (isaac_ros_nitros) StdoutLine: {'line': b'-- Check for working CXX compiler: /usr/bin/c++ - skipped\n'}
[18.512962] (isaac_ros_nitros) StdoutLine: {'line': b'-- Detecting CXX compile features\n'}
[18.513294] (isaac_ros_nitros) StdoutLine: {'line': b'-- Detecting CXX compile features - done\n'}
[18.515431] (gxf_isaac_tensor_rt) StdoutLine: {'line': b'-- Check for working CXX compiler: /usr/bin/c++ - skipped\n'}
[18.515591] (gxf_isaac_tensor_rt) StdoutLine: {'line': b'-- Detecting CXX compile features\n'}
[18.515905] (gxf_isaac_tensor_rt) StdoutLine: {'line': b'-- Detecting CXX compile features - done\n'}
[18.516824] (isaac_ros_nitros) StdoutLine: {'line': b'-- Found ament_cmake_auto: 1.3.12 (/opt/ros/humble/share/ament_cmake_auto/cmake)\n'}
[18.519406] (gxf_isaac_tensor_rt) StdoutLine: {'line': b'-- Found ament_cmake_auto: 1.3.12 (/opt/ros/humble/share/ament_cmake_auto/cmake)\n'}
[18.533375] (-) TimerEvent: {}
[18.633719] (-) TimerEvent: {}
[18.734092] (-) TimerEvent: {}
[18.834411] (-) TimerEvent: {}
[18.934633] (-) TimerEvent: {}
[19.014388] (isaac_ros_nitros) StdoutLine: {'line': b'-- Found Python3: /usr/bin/python3 (found version "3.10.12") found components: Interpreter \n'}
[19.018288] (gxf_isaac_tensor_rt) StdoutLine: {'line': b'-- Found Python3: /usr/bin/python3 (found version "3.10.12") found components: Interpreter \n'}
[19.034748] (-) TimerEvent: {}
[19.060847] (isaac_ros_nitros) StdoutLine: {'line': b'-- Override CMake install command with custom implementation using symlinks instead of copying resources\n'}
[19.066448] (gxf_isaac_tensor_rt) StdoutLine: {'line': b'-- Override CMake install command with custom implementation using symlinks instead of copying resources\n'}
[19.134964] (-) TimerEvent: {}
[19.166895] (isaac_ros_nitros) StdoutLine: {'line': b'-- Loading isaac_ros_common extras\n'}
[19.167105] (isaac_ros_nitros) StdoutLine: {'line': b'-- CMAKE_BUILD_TYPE: Release\n'}
[19.168223] (gxf_isaac_tensor_rt) StdoutLine: {'line': b'-- Loading isaac_ros_common extras\n'}
[19.168362] (gxf_isaac_tensor_rt) StdoutLine: {'line': b'-- CMAKE_BUILD_TYPE: Release\n'}
[19.180539] (isaac_ros_nitros) StdoutLine: {'line': b'-- Looking for pthread.h\n'}
[19.182624] (gxf_isaac_tensor_rt) StdoutLine: {'line': b'-- Looking for pthread.h\n'}
[19.235127] (-) TimerEvent: {}
[19.252281] (isaac_ros_nitros) StdoutLine: {'line': b'-- Looking for pthread.h - found\n'}
[19.252743] (gxf_isaac_tensor_rt) StdoutLine: {'line': b'-- Looking for pthread.h - found\n'}
[19.252854] (gxf_isaac_tensor_rt) StdoutLine: {'line': b'-- Performing Test CMAKE_HAVE_LIBC_PTHREAD\n'}
[19.252910] (isaac_ros_nitros) StdoutLine: {'line': b'-- Performing Test CMAKE_HAVE_LIBC_PTHREAD\n'}
[19.313103] (gxf_isaac_tensor_rt) StdoutLine: {'line': b'-- Performing Test CMAKE_HAVE_LIBC_PTHREAD - Success\n'}
[19.313328] (isaac_ros_nitros) StdoutLine: {'line': b'-- Performing Test CMAKE_HAVE_LIBC_PTHREAD - Success\n'}
[19.313765] (isaac_ros_nitros) StdoutLine: {'line': b'-- Found Threads: TRUE  \n'}
[19.313958] (gxf_isaac_tensor_rt) StdoutLine: {'line': b'-- Found Threads: TRUE  \n'}
[19.327707] (gxf_isaac_tensor_rt) StdoutLine: {'line': b'-- Found CUDA: /usr/local/cuda (found version "12.6") \n'}
[19.327863] (isaac_ros_nitros) StdoutLine: {'line': b'-- Found CUDA: /usr/local/cuda (found version "12.6") \n'}
[19.328118] (gxf_isaac_tensor_rt) StdoutLine: {'line': b'-- CUDA architectures: 89;86;80;75;70\n'}
[19.328172] (isaac_ros_nitros) StdoutLine: {'line': b'-- CUDA architectures: 89;86;80;75;70\n'}
[19.328281] (isaac_ros_nitros) StdoutLine: {'line': b'-- Loading isaac_ros_common extras (modules)\n'}
[19.328323] (gxf_isaac_tensor_rt) StdoutLine: {'line': b'-- Loading isaac_ros_common extras (modules)\n'}
[19.335221] (-) TimerEvent: {}
[19.372637] (gxf_isaac_tensor_rt) StdoutLine: {'line': b'-- Found rosidl_generator_c: 3.1.7 (/opt/ros/humble/share/rosidl_generator_c/cmake)\n'}
[19.372909] (isaac_ros_nitros) StdoutLine: {'line': b'-- Found rosidl_generator_c: 3.1.7 (/opt/ros/humble/share/rosidl_generator_c/cmake)\n'}
[19.378972] (gxf_isaac_tensor_rt) StdoutLine: {'line': b'-- Found rosidl_adapter: 3.1.7 (/opt/ros/humble/share/rosidl_adapter/cmake)\n'}
[19.379124] (isaac_ros_nitros) StdoutLine: {'line': b'-- Found rosidl_adapter: 3.1.7 (/opt/ros/humble/share/rosidl_adapter/cmake)\n'}
[19.387972] (gxf_isaac_tensor_rt) StdoutLine: {'line': b'-- Found rosidl_generator_cpp: 3.1.7 (/opt/ros/humble/share/rosidl_generator_cpp/cmake)\n'}
[19.388167] (isaac_ros_nitros) StdoutLine: {'line': b'-- Found rosidl_generator_cpp: 3.1.7 (/opt/ros/humble/share/rosidl_generator_cpp/cmake)\n'}
[19.400404] (gxf_isaac_tensor_rt) StdoutLine: {'line': b'-- Using all available rosidl_typesupport_c: rosidl_typesupport_fastrtps_c;rosidl_typesupport_introspection_c\n'}
[19.400610] (isaac_ros_nitros) StdoutLine: {'line': b'-- Using all available rosidl_typesupport_c: rosidl_typesupport_fastrtps_c;rosidl_typesupport_introspection_c\n'}
[19.417793] (isaac_ros_nitros) StdoutLine: {'line': b'-- Using all available rosidl_typesupport_cpp: rosidl_typesupport_fastrtps_cpp;rosidl_typesupport_introspection_cpp\n'}
[19.418004] (gxf_isaac_tensor_rt) StdoutLine: {'line': b'-- Using all available rosidl_typesupport_cpp: rosidl_typesupport_fastrtps_cpp;rosidl_typesupport_introspection_cpp\n'}
[19.435336] (-) TimerEvent: {}
[19.468318] (isaac_ros_nitros) StdoutLine: {'line': b'-- Found rmw_implementation_cmake: 6.1.2 (/opt/ros/humble/share/rmw_implementation_cmake/cmake)\n'}
[19.472086] (gxf_isaac_tensor_rt) StdoutLine: {'line': b'-- Found rmw_implementation_cmake: 6.1.2 (/opt/ros/humble/share/rmw_implementation_cmake/cmake)\n'}
[19.472293] (isaac_ros_nitros) StdoutLine: {'line': b'-- Found rmw_fastrtps_cpp: 6.2.9 (/opt/ros/humble/share/rmw_fastrtps_cpp/cmake)\n'}
[19.475902] (gxf_isaac_tensor_rt) StdoutLine: {'line': b'-- Found rmw_fastrtps_cpp: 6.2.9 (/opt/ros/humble/share/rmw_fastrtps_cpp/cmake)\n'}
[19.535455] (-) TimerEvent: {}
[19.567201] (gxf_isaac_tensor_rt) StdoutLine: {'line': b'-- Found OpenSSL: /usr/lib/x86_64-linux-gnu/libcrypto.so (found version "3.0.2")  \n'}
[19.567796] (isaac_ros_nitros) StdoutLine: {'line': b'-- Found OpenSSL: /usr/lib/x86_64-linux-gnu/libcrypto.so (found version "3.0.2")  \n'}
[19.596667] (gxf_isaac_tensor_rt) StdoutLine: {'line': b'-- Found FastRTPS: /opt/ros/humble/include  \n'}
[19.597207] (isaac_ros_nitros) StdoutLine: {'line': b'-- Found FastRTPS: /opt/ros/humble/include  \n'}
[19.635576] (-) TimerEvent: {}
[19.646403] (gxf_isaac_tensor_rt) StdoutLine: {'line': b"-- Using RMW implementation 'rmw_fastrtps_cpp' as default\n"}
[19.652407] (isaac_ros_nitros) StdoutLine: {'line': b"-- Using RMW implementation 'rmw_fastrtps_cpp' as default\n"}
[19.704587] (gxf_isaac_tensor_rt) StdoutLine: {'line': b'-- Loading isaac_ros_gxf extras\n'}
[19.730755] (gxf_isaac_tensor_rt) StdoutLine: {'line': b'-- Found CUDAToolkit: /usr/local/cuda/include (found version "12.6.20") \n'}
[19.735744] (-) TimerEvent: {}
[19.766412] (isaac_ros_nitros) StdoutLine: {'line': b'-- Loading isaac_ros_gxf extras\n'}
[19.782491] (gxf_isaac_tensor_rt) StdoutLine: {'line': b'-- Found TENSORRT: /usr/include/x86_64-linux-gnu (found suitable version "10.3.0", minimum required is "10") \n'}
[19.835949] (-) TimerEvent: {}
[19.837697] (isaac_ros_nitros) StderrLine: {'line': b'\x1b[0mIn this package, headers install destination is set to `include` by ament_auto_package. It is recommended to install `include/isaac_ros_nitros` instead and will be the default behavior of ament_auto_package from ROS 2 Kilted Kaiju. On distributions before Kilted, ament_auto_package behaves the same way when you use USE_SCOPED_HEADER_INSTALL_DIR option.\x1b[0m\n'}
[19.842202] (gxf_isaac_tensor_rt) StdoutLine: {'line': b'-- Configuring done\n'}
[19.842481] (isaac_ros_nitros) StdoutLine: {'line': b'-- Configuring done\n'}
[19.858499] (gxf_isaac_tensor_rt) StdoutLine: {'line': b'-- Generating done\n'}
[19.859987] (isaac_ros_nitros) StdoutLine: {'line': b'-- Generating done\n'}
[19.861057] (gxf_isaac_tensor_rt) StdoutLine: {'line': b'-- Build files have been written to: /workspaces/isaac_ros-dev/build/gxf_isaac_tensor_rt\n'}
[19.863467] (isaac_ros_nitros) StdoutLine: {'line': b'-- Build files have been written to: /workspaces/isaac_ros-dev/build/isaac_ros_nitros\n'}
[19.869008] (gxf_isaac_tensor_rt) CommandEnded: {'returncode': 0}
[19.869770] (gxf_isaac_tensor_rt) JobProgress: {'identifier': 'gxf_isaac_tensor_rt', 'progress': 'build'}
[19.870177] (gxf_isaac_tensor_rt) Command: {'cmd': ['/usr/bin/cmake', '--build', '/workspaces/isaac_ros-dev/build/gxf_isaac_tensor_rt', '--', '-j16', '-l16'], 'cwd': '/workspaces/isaac_ros-dev/build/gxf_isaac_tensor_rt', 'env': OrderedDict([('DALI_BUILD', '16741769'), ('LIBRARY_PATH', '/usr/local/cuda/lib64/stubs:'), ('NVIDIA_CTK_LIBCUDA_DIR', '/usr/lib/x86_64-linux-gnu/nvidia/current'), ('PYTHONWARNINGS', 'ignore:::setuptools.command.install,ignore:::setuptools.command.easy_install,ignore:::pkg_resources,ignore:::setuptools.command.develop'), ('USER', 'diego'), ('TRT_INC_PATH', '/usr/include/x86_64-linux-gnu'), ('TF_ADJUST_SATURATION_FUSED', '1'), ('CUSOLVER_VERSION', '11.6.4.38'), ('HOSTNAME', 'debian'), ('CUTENSOR_VERSION', '2.0.2.5'), ('SHLVL', '1'), ('LD_LIBRARY_PATH', '/workspaces/isaac_ros-dev/install/gxf_isaac_messages/lib:/workspaces/isaac_ros-dev/install/gxf_isaac_gems/lib:/workspaces/isaac_ros-dev/install/isaac_ros_gxf/lib:/workspaces/isaac_ros-dev/install/isaac_ros_common/lib:/opt/ros/humble/opt/openvdb_vendor/lib:/opt/ros/humble/opt/rviz_ogre_vendor/lib:/opt/ros/humble/lib/x86_64-linux-gnu:/opt/ros/humble/lib:/usr/local/libcudss-linux-0.3.0.9_cuda12-archive/lib:/opt/hpcx/ucc/lib/:/opt/hpcx/ucx/lib/:/usr/local/cuda/compat/lib:/usr/local/nvidia/lib:/usr/local/nvidia/lib64:/opt/tritonserver/lib'), ('HOME', '/home/admin'), ('NVIDIA_TRITON_SERVER_VERSION', '24.08'), ('OLDPWD', '/workspaces/isaac_ros-dev'), ('HOST_USER_GID', '1000'), ('CUDA_CACHE_DISABLE', '1'), ('ROS_PYTHON_VERSION', '3'), ('MODEL_OPT_VERSION', '0.15.0'), ('ENV', '/etc/shinit_v2'), ('RDMACORE_VERSION', '39.0'), ('NVJPEG_VERSION', '12.3.3.23'), ('NVIDIA_BUILD_ID', '107631419'), ('CUDA_VERSION', '12.6.0.022'), ('TCMALLOC_RELEASE_RATE', '200'), ('CUBLAS_VERSION', '12.6.0.22'), ('NSIGHT_SYSTEMS_VERSION', '2024.4.2.133'), ('COLCON_PREFIX_PATH', '/workspaces/isaac_ros-dev/install'), ('CUDA_VISIBLE_DEVICES', '0'), ('ROS_DISTRO', 'humble'), ('OPAL_PREFIX', '/opt/hpcx/ompi'), ('NVIDIA_REQUIRE_CUDA', 'cuda>=9.0'), ('TRT_VERSION', '10.3.0.26+cuda12.5.1.007'), ('GDRCOPY_VERSION', '2.3.1-1'), ('_', '/usr/bin/colcon'), ('ROS_VERSION', '2'), ('NVIDIA_DRIVER_CAPABILITIES', 'compute,utility,graphics'), ('POLYGRAPHY_VERSION', '0.49.13'), ('CURAND_VERSION', '10.3.7.37'), ('MOFED_VERSION', '5.4-rdmacore39.0'), ('USERNAME', 'admin'), ('TERM', 'xterm'), ('ISAAC_ROS_WS', '/workspaces/isaac_ros-dev'), ('ROS_LOCALHOST_ONLY', '0'), ('TRANSFORMER_ENGINE_VERSION', '1.9'), ('PATH', '/workspaces/isaac_ros-dev/install/isaac_ros_common/bin:/opt/ros/humble/bin:/opt/ros/humble/vcstool/scripts:/opt/tritonserver/bin:/usr/local/mpi/bin:/usr/local/nvidia/bin:/usr/local/cuda/bin:/usr/local/sbin:/usr/local/bin:/usr/sbin:/usr/bin:/sbin:/bin:/usr/local/ucx/bin'), ('HOST_USER_UID', '1000'), ('CUDSS_DIR', '/usr/local/libcudss-linux-0.3.0.9_cuda12-archive'), ('CUDA_DRIVER_VERSION', '560.35.03'), ('_CUDA_COMPAT_STATUS', 'Unknown error (CUDA_ERROR_UNKNOWN) cuInit()=999'), ('DISPLAY', ':1'), ('NVIDIA_PRODUCT_NAME', 'Triton Server'), ('LANG', 'en_US.UTF-8'), ('RMW_IMPLEMENTATION', 'rmw_fastrtps_cpp'), ('NPP_VERSION', '12.3.1.23'), ('ROS_ROOT', '/opt/ros/humble'), ('UCX_MEM_EVENTS', 'no'), ('CUFFT_VERSION', '11.2.6.28'), ('SSH_AUTH_SOCK', '/ssh-agent'), ('TF_ENABLE_WINOGRAD_NONFUSED', '1'), ('AMENT_PREFIX_PATH', '/workspaces/isaac_ros-dev/install/gxf_isaac_messages:/workspaces/isaac_ros-dev/install/gxf_isaac_gems:/workspaces/isaac_ros-dev/install/isaac_ros_gxf:/workspaces/isaac_ros-dev/install/isaac_ros_test:/workspaces/isaac_ros-dev/install/isaac_ros_launch_utils:/workspaces/isaac_ros-dev/install/isaac_ros_common:/workspaces/isaac_ros-dev/install/isaac_common_py:/opt/ros/humble'), ('CUDNN_VERSION', '9.3.0.75'), ('NSIGHT_COMPUTE_VERSION', '2024.3.0.15'), ('DALI_VERSION', '1.40.0'), ('DEBIAN_FRONTEND', 'noninteractive'), ('SHELL', '/bin/bash'), ('DCGM_VERSION', '3.2.6'), ('CUDNN_FRONTEND_VERSION', '1.5.2'), ('OPENMPI_VERSION', '4.1.7'), ('TRTOSS_VERSION', '24.08'), ('OMPI_MCA_coll_hcoll_enable', '0'), ('CUSPARSE_VERSION', '12.5.2.23'), ('NVIDIA_REQUIRE_JETPACK_HOST_MOUNTS', ''), ('TRITON_SERVER_GPU_ENABLED', '1'), ('TRITON_SERVER_VERSION', '2.49.0'), ('BASH_ENV', '/etc/bash.bashrc'), ('PWD', '/workspaces/isaac_ros-dev/build/gxf_isaac_tensor_rt'), ('CUSPARSELT_VERSION', '0.6.2.3'), ('PYTHONPATH', '/workspaces/isaac_ros-dev/build/isaac_ros_test:/workspaces/isaac_ros-dev/install/isaac_ros_test/lib/python3.10/site-packages:/workspaces/isaac_ros-dev/build/isaac_ros_launch_utils:/workspaces/isaac_ros-dev/install/isaac_ros_launch_utils/lib/python3.10/site-packages:/workspaces/isaac_ros-dev/install/isaac_ros_common/local/lib/python3.10/dist-packages:/workspaces/isaac_ros-dev/build/isaac_common_py:/workspaces/isaac_ros-dev/install/isaac_common_py/lib/python3.10/site-packages:/opt/ros/humble/lib/python3.10/site-packages:/opt/ros/humble/local/lib/python3.10/dist-packages:/opt/ros/humble/vcstool:/opt/tritonserver/backends/dali/wheel/dali:'), ('_CUDA_COMPAT_PATH', '/usr/local/cuda/compat'), ('TRITON_SERVER_USER', 'triton-server'), ('TF_ADJUST_HUE_FUSED', '1'), ('NVIDIA_VISIBLE_DEVICES', 'void'), ('NCCL_VERSION', '2.22.3'), ('COLCON', '1'), ('OPENUCX_VERSION', '1.17.0'), ('HPCX_VERSION', '2.19'), ('CMAKE_PREFIX_PATH', '/workspaces/isaac_ros-dev/install/gxf_isaac_messages:/workspaces/isaac_ros-dev/install/gxf_isaac_gems:/workspaces/isaac_ros-dev/install/isaac_ros_gxf:/workspaces/isaac_ros-dev/install/isaac_ros_common:/usr/local/libcudss-linux-0.3.0.9_cuda12-archive:/workspaces/isaac_ros-dev/install/isaac_ros_test:/workspaces/isaac_ros-dev/install/isaac_ros_launch_utils:/workspaces/isaac_ros-dev/install/isaac_common_py:/opt/ros/humble'), ('TF_AUTOTUNE_THRESHOLD', '2'), ('TRT_LIB_PATH', '/usr/lib/x86_64-linux-gnu')]), 'shell': False}
[19.871940] (isaac_ros_nitros) CommandEnded: {'returncode': 0}
[19.872305] (isaac_ros_nitros) JobProgress: {'identifier': 'isaac_ros_nitros', 'progress': 'build'}
[19.872615] (isaac_ros_nitros) Command: {'cmd': ['/usr/bin/cmake', '--build', '/workspaces/isaac_ros-dev/build/isaac_ros_nitros', '--', '-j16', '-l16'], 'cwd': '/workspaces/isaac_ros-dev/build/isaac_ros_nitros', 'env': OrderedDict([('DALI_BUILD', '16741769'), ('LIBRARY_PATH', '/usr/local/cuda/lib64/stubs:'), ('NVIDIA_CTK_LIBCUDA_DIR', '/usr/lib/x86_64-linux-gnu/nvidia/current'), ('PYTHONWARNINGS', 'ignore:::setuptools.command.install,ignore:::setuptools.command.easy_install,ignore:::pkg_resources,ignore:::setuptools.command.develop'), ('USER', 'diego'), ('TRT_INC_PATH', '/usr/include/x86_64-linux-gnu'), ('TF_ADJUST_SATURATION_FUSED', '1'), ('CUSOLVER_VERSION', '11.6.4.38'), ('HOSTNAME', 'debian'), ('CUTENSOR_VERSION', '2.0.2.5'), ('SHLVL', '1'), ('LD_LIBRARY_PATH', '/workspaces/isaac_ros-dev/install/gxf_isaac_gxf_helpers/lib:/workspaces/isaac_ros-dev/install/gxf_isaac_atlas/lib:/workspaces/isaac_ros-dev/install/gxf_isaac_sight/lib:/workspaces/isaac_ros-dev/install/gxf_isaac_optimizer/lib:/workspaces/isaac_ros-dev/install/gxf_isaac_message_compositor/lib:/workspaces/isaac_ros-dev/install/gxf_isaac_gems/lib:/workspaces/isaac_ros-dev/install/isaac_ros_gxf/lib:/workspaces/isaac_ros-dev/install/isaac_ros_common/lib:/opt/ros/humble/opt/openvdb_vendor/lib:/opt/ros/humble/opt/rviz_ogre_vendor/lib:/opt/ros/humble/lib/x86_64-linux-gnu:/opt/ros/humble/lib:/usr/local/libcudss-linux-0.3.0.9_cuda12-archive/lib:/opt/hpcx/ucc/lib/:/opt/hpcx/ucx/lib/:/usr/local/cuda/compat/lib:/usr/local/nvidia/lib:/usr/local/nvidia/lib64:/opt/tritonserver/lib'), ('HOME', '/home/admin'), ('NVIDIA_TRITON_SERVER_VERSION', '24.08'), ('OLDPWD', '/workspaces/isaac_ros-dev'), ('HOST_USER_GID', '1000'), ('CUDA_CACHE_DISABLE', '1'), ('ROS_PYTHON_VERSION', '3'), ('MODEL_OPT_VERSION', '0.15.0'), ('ENV', '/etc/shinit_v2'), ('RDMACORE_VERSION', '39.0'), ('NVJPEG_VERSION', '12.3.3.23'), ('NVIDIA_BUILD_ID', '107631419'), ('CUDA_VERSION', '12.6.0.022'), ('TCMALLOC_RELEASE_RATE', '200'), ('CUBLAS_VERSION', '12.6.0.22'), ('NSIGHT_SYSTEMS_VERSION', '2024.4.2.133'), ('COLCON_PREFIX_PATH', '/workspaces/isaac_ros-dev/install'), ('CUDA_VISIBLE_DEVICES', '0'), ('ROS_DISTRO', 'humble'), ('OPAL_PREFIX', '/opt/hpcx/ompi'), ('NVIDIA_REQUIRE_CUDA', 'cuda>=9.0'), ('TRT_VERSION', '10.3.0.26+cuda12.5.1.007'), ('GDRCOPY_VERSION', '2.3.1-1'), ('_', '/usr/bin/colcon'), ('ROS_VERSION', '2'), ('NVIDIA_DRIVER_CAPABILITIES', 'compute,utility,graphics'), ('POLYGRAPHY_VERSION', '0.49.13'), ('CURAND_VERSION', '10.3.7.37'), ('MOFED_VERSION', '5.4-rdmacore39.0'), ('USERNAME', 'admin'), ('TERM', 'xterm'), ('ISAAC_ROS_WS', '/workspaces/isaac_ros-dev'), ('ROS_LOCALHOST_ONLY', '0'), ('TRANSFORMER_ENGINE_VERSION', '1.9'), ('PATH', '/workspaces/isaac_ros-dev/install/isaac_ros_common/bin:/opt/ros/humble/bin:/opt/ros/humble/vcstool/scripts:/opt/tritonserver/bin:/usr/local/mpi/bin:/usr/local/nvidia/bin:/usr/local/cuda/bin:/usr/local/sbin:/usr/local/bin:/usr/sbin:/usr/bin:/sbin:/bin:/usr/local/ucx/bin'), ('HOST_USER_UID', '1000'), ('CUDSS_DIR', '/usr/local/libcudss-linux-0.3.0.9_cuda12-archive'), ('CUDA_DRIVER_VERSION', '560.35.03'), ('_CUDA_COMPAT_STATUS', 'Unknown error (CUDA_ERROR_UNKNOWN) cuInit()=999'), ('DISPLAY', ':1'), ('NVIDIA_PRODUCT_NAME', 'Triton Server'), ('LANG', 'en_US.UTF-8'), ('RMW_IMPLEMENTATION', 'rmw_fastrtps_cpp'), ('NPP_VERSION', '12.3.1.23'), ('ROS_ROOT', '/opt/ros/humble'), ('UCX_MEM_EVENTS', 'no'), ('CUFFT_VERSION', '11.2.6.28'), ('SSH_AUTH_SOCK', '/ssh-agent'), ('TF_ENABLE_WINOGRAD_NONFUSED', '1'), ('AMENT_PREFIX_PATH', '/workspaces/isaac_ros-dev/install/gxf_isaac_gxf_helpers:/workspaces/isaac_ros-dev/install/gxf_isaac_atlas:/workspaces/isaac_ros-dev/install/gxf_isaac_sight:/workspaces/isaac_ros-dev/install/gxf_isaac_optimizer:/workspaces/isaac_ros-dev/install/gxf_isaac_message_compositor:/workspaces/isaac_ros-dev/install/gxf_isaac_gems:/workspaces/isaac_ros-dev/install/isaac_ros_test:/workspaces/isaac_ros-dev/install/isaac_ros_gxf:/workspaces/isaac_ros-dev/install/isaac_ros_launch_utils:/workspaces/isaac_ros-dev/install/isaac_ros_common:/workspaces/isaac_ros-dev/install/isaac_common_py:/opt/ros/humble'), ('CUDNN_VERSION', '9.3.0.75'), ('NSIGHT_COMPUTE_VERSION', '2024.3.0.15'), ('DALI_VERSION', '1.40.0'), ('DEBIAN_FRONTEND', 'noninteractive'), ('SHELL', '/bin/bash'), ('DCGM_VERSION', '3.2.6'), ('CUDNN_FRONTEND_VERSION', '1.5.2'), ('OPENMPI_VERSION', '4.1.7'), ('TRTOSS_VERSION', '24.08'), ('OMPI_MCA_coll_hcoll_enable', '0'), ('CUSPARSE_VERSION', '12.5.2.23'), ('NVIDIA_REQUIRE_JETPACK_HOST_MOUNTS', ''), ('TRITON_SERVER_GPU_ENABLED', '1'), ('TRITON_SERVER_VERSION', '2.49.0'), ('BASH_ENV', '/etc/bash.bashrc'), ('PWD', '/workspaces/isaac_ros-dev/build/isaac_ros_nitros'), ('CUSPARSELT_VERSION', '0.6.2.3'), ('PYTHONPATH', '/workspaces/isaac_ros-dev/build/isaac_ros_test:/workspaces/isaac_ros-dev/install/isaac_ros_test/lib/python3.10/site-packages:/workspaces/isaac_ros-dev/build/isaac_ros_launch_utils:/workspaces/isaac_ros-dev/install/isaac_ros_launch_utils/lib/python3.10/site-packages:/workspaces/isaac_ros-dev/install/isaac_ros_common/local/lib/python3.10/dist-packages:/workspaces/isaac_ros-dev/build/isaac_common_py:/workspaces/isaac_ros-dev/install/isaac_common_py/lib/python3.10/site-packages:/opt/ros/humble/lib/python3.10/site-packages:/opt/ros/humble/local/lib/python3.10/dist-packages:/opt/ros/humble/vcstool:/opt/tritonserver/backends/dali/wheel/dali'), ('_CUDA_COMPAT_PATH', '/usr/local/cuda/compat'), ('TRITON_SERVER_USER', 'triton-server'), ('TF_ADJUST_HUE_FUSED', '1'), ('NVIDIA_VISIBLE_DEVICES', 'void'), ('NCCL_VERSION', '2.22.3'), ('COLCON', '1'), ('OPENUCX_VERSION', '1.17.0'), ('HPCX_VERSION', '2.19'), ('CMAKE_PREFIX_PATH', '/workspaces/isaac_ros-dev/install/gxf_isaac_gxf_helpers:/workspaces/isaac_ros-dev/install/gxf_isaac_atlas:/workspaces/isaac_ros-dev/install/gxf_isaac_sight:/workspaces/isaac_ros-dev/install/gxf_isaac_optimizer:/workspaces/isaac_ros-dev/install/gxf_isaac_message_compositor:/workspaces/isaac_ros-dev/install/gxf_isaac_gems:/workspaces/isaac_ros-dev/install/isaac_ros_gxf:/workspaces/isaac_ros-dev/install/isaac_ros_common:/usr/local/libcudss-linux-0.3.0.9_cuda12-archive:/workspaces/isaac_ros-dev/install/isaac_ros_test:/workspaces/isaac_ros-dev/install/isaac_ros_launch_utils:/workspaces/isaac_ros-dev/install/isaac_common_py:/opt/ros/humble'), ('TF_AUTOTUNE_THRESHOLD', '2'), ('TRT_LIB_PATH', '/usr/lib/x86_64-linux-gnu')]), 'shell': False}
[19.919905] (gxf_isaac_tensor_rt) StdoutLine: {'line': b'[ 25%] \x1b[34m\x1b[1mGenerating version information as YAML\x1b[0m\n'}
[19.922132] (isaac_ros_nitros) StdoutLine: {'line': b'[  9%] \x1b[32mBuilding CXX object CMakeFiles/isaac_ros_nitros.dir/src/nitros_node.cpp.o\x1b[0m\n'}
[19.923527] (isaac_ros_nitros) StdoutLine: {'line': b'[ 18%] \x1b[32mBuilding CXX object CMakeFiles/isaac_ros_nitros.dir/src/nitros_context.cpp.o\x1b[0m\n'}
[19.925301] (isaac_ros_nitros) StdoutLine: {'line': b'[ 27%] \x1b[32mBuilding CXX object CMakeFiles/isaac_ros_nitros.dir/src/nitros_publisher.cpp.o\x1b[0m\n'}
[19.926665] (isaac_ros_nitros) StdoutLine: {'line': b'[ 36%] \x1b[32mBuilding CXX object CMakeFiles/isaac_ros_nitros.dir/src/utils/vpi_utilities.cpp.o\x1b[0m\n'}
[19.926844] (isaac_ros_nitros) StdoutLine: {'line': b'[ 45%] \x1b[32mBuilding CXX object CMakeFiles/isaac_ros_nitros.dir/src/types/nitros_empty.cpp.o\x1b[0m\n'}
[19.927446] (isaac_ros_nitros) StdoutLine: {'line': b'[ 54%] \x1b[32mBuilding CXX object CMakeFiles/isaac_ros_nitros.dir/src/nitros_subscriber.cpp.o\x1b[0m\n'}
[19.928239] (isaac_ros_nitros) StdoutLine: {'line': b'[ 63%] \x1b[32mBuilding CXX object CMakeFiles/isaac_ros_nitros.dir/src/types/type_adapter_nitros_context.cpp.o\x1b[0m\n'}
[19.932098] (isaac_ros_nitros) StdoutLine: {'line': b'[ 72%] \x1b[34m\x1b[1mGenerating version information as YAML\x1b[0m\n'}
[19.932517] (isaac_ros_nitros) StdoutLine: {'line': b'[ 81%] \x1b[32mBuilding CXX object CMakeFiles/isaac_ros_nitros.dir/src/types/nitros_type_base.cpp.o\x1b[0m\n'}
[19.932668] (gxf_isaac_tensor_rt) StdoutLine: {'line': b'[ 50%] \x1b[32mBuilding CXX object CMakeFiles/gxf_isaac_tensor_rt.dir/gxf/extensions/tensor_rt/tensor_rt_extension.cpp.o\x1b[0m\n'}
[19.933809] (isaac_ros_nitros) StdoutLine: {'line': b'[ 90%] \x1b[32mBuilding CXX object CMakeFiles/isaac_ros_nitros.dir/src/nitros_publisher_subscriber_group.cpp.o\x1b[0m\n'}
[19.934280] (gxf_isaac_tensor_rt) StdoutLine: {'line': b'[ 75%] \x1b[32mBuilding CXX object CMakeFiles/gxf_isaac_tensor_rt.dir/gxf/extensions/tensor_rt/tensor_rt_inference.cpp.o\x1b[0m\n'}
[19.936027] (-) TimerEvent: {}
[20.036265] (-) TimerEvent: {}
[20.039585] (isaac_ros_nitros) StdoutLine: {'line': b'[ 90%] Built target generate_version_info_target_isaac_ros_nitros\n'}
[20.136413] (-) TimerEvent: {}
[20.236682] (-) TimerEvent: {}
[20.337032] (-) TimerEvent: {}
[20.437458] (-) TimerEvent: {}
[20.537996] (-) TimerEvent: {}
[20.638325] (-) TimerEvent: {}
[20.738777] (-) TimerEvent: {}
[20.839563] (-) TimerEvent: {}
[20.939866] (-) TimerEvent: {}
[21.040168] (-) TimerEvent: {}
[21.140562] (-) TimerEvent: {}
[21.241042] (-) TimerEvent: {}
[21.341343] (-) TimerEvent: {}
[21.444186] (-) TimerEvent: {}
[21.544508] (-) TimerEvent: {}
[21.644809] (-) TimerEvent: {}
[21.745126] (-) TimerEvent: {}
[21.845519] (-) TimerEvent: {}
[21.946031] (-) TimerEvent: {}
[22.046742] (-) TimerEvent: {}
[22.147049] (-) TimerEvent: {}
[22.247640] (-) TimerEvent: {}
[22.347941] (-) TimerEvent: {}
[22.448263] (-) TimerEvent: {}
[22.548561] (-) TimerEvent: {}
[22.648862] (-) TimerEvent: {}
[22.749162] (-) TimerEvent: {}
[22.849698] (-) TimerEvent: {}
[22.950011] (-) TimerEvent: {}
[23.050312] (-) TimerEvent: {}
[23.150621] (-) TimerEvent: {}
[23.250925] (-) TimerEvent: {}
[23.351227] (-) TimerEvent: {}
[23.435890] (gxf_isaac_tensor_rt) StdoutLine: {'line': b'[ 75%] Built target generate_version_info_target_gxf_isaac_tensor_rt\n'}
[23.451412] (-) TimerEvent: {}
[23.551849] (-) TimerEvent: {}
[23.652151] (-) TimerEvent: {}
[23.752464] (-) TimerEvent: {}
[23.852769] (-) TimerEvent: {}
[23.953074] (-) TimerEvent: {}
[24.053371] (-) TimerEvent: {}
[24.153686] (-) TimerEvent: {}
[24.253974] (-) TimerEvent: {}
[24.354274] (-) TimerEvent: {}
[24.454575] (-) TimerEvent: {}
[24.554925] (-) TimerEvent: {}
[24.655422] (-) TimerEvent: {}
[24.755856] (-) TimerEvent: {}
[24.856288] (-) TimerEvent: {}
[24.956642] (-) TimerEvent: {}
[25.057089] (-) TimerEvent: {}
[25.157528] (-) TimerEvent: {}
[25.257952] (-) TimerEvent: {}
[25.358486] (-) TimerEvent: {}
[25.458917] (-) TimerEvent: {}
[25.559343] (-) TimerEvent: {}
[25.659774] (-) TimerEvent: {}
[25.760236] (-) TimerEvent: {}
[25.860559] (-) TimerEvent: {}
[25.933873] (gxf_isaac_tensor_rt) StdoutLine: {'line': b'[100%] \x1b[32m\x1b[1mLinking CXX shared library libgxf_isaac_tensor_rt.so\x1b[0m\n'}
[25.960703] (-) TimerEvent: {}
[26.059268] (gxf_isaac_tensor_rt) StdoutLine: {'line': b'[100%] Built target gxf_isaac_tensor_rt\n'}
[26.060774] (-) TimerEvent: {}
[26.071371] (gxf_isaac_tensor_rt) CommandEnded: {'returncode': 0}
[26.072314] (gxf_isaac_tensor_rt) JobProgress: {'identifier': 'gxf_isaac_tensor_rt', 'progress': 'install'}
[26.072677] (gxf_isaac_tensor_rt) Command: {'cmd': ['/usr/bin/cmake', '--install', '/workspaces/isaac_ros-dev/build/gxf_isaac_tensor_rt'], 'cwd': '/workspaces/isaac_ros-dev/build/gxf_isaac_tensor_rt', 'env': OrderedDict([('DALI_BUILD', '16741769'), ('LIBRARY_PATH', '/usr/local/cuda/lib64/stubs:'), ('NVIDIA_CTK_LIBCUDA_DIR', '/usr/lib/x86_64-linux-gnu/nvidia/current'), ('PYTHONWARNINGS', 'ignore:::setuptools.command.install,ignore:::setuptools.command.easy_install,ignore:::pkg_resources,ignore:::setuptools.command.develop'), ('USER', 'diego'), ('TRT_INC_PATH', '/usr/include/x86_64-linux-gnu'), ('TF_ADJUST_SATURATION_FUSED', '1'), ('CUSOLVER_VERSION', '11.6.4.38'), ('HOSTNAME', 'debian'), ('CUTENSOR_VERSION', '2.0.2.5'), ('SHLVL', '1'), ('LD_LIBRARY_PATH', '/workspaces/isaac_ros-dev/install/gxf_isaac_messages/lib:/workspaces/isaac_ros-dev/install/gxf_isaac_gems/lib:/workspaces/isaac_ros-dev/install/isaac_ros_gxf/lib:/workspaces/isaac_ros-dev/install/isaac_ros_common/lib:/opt/ros/humble/opt/openvdb_vendor/lib:/opt/ros/humble/opt/rviz_ogre_vendor/lib:/opt/ros/humble/lib/x86_64-linux-gnu:/opt/ros/humble/lib:/usr/local/libcudss-linux-0.3.0.9_cuda12-archive/lib:/opt/hpcx/ucc/lib/:/opt/hpcx/ucx/lib/:/usr/local/cuda/compat/lib:/usr/local/nvidia/lib:/usr/local/nvidia/lib64:/opt/tritonserver/lib'), ('HOME', '/home/admin'), ('NVIDIA_TRITON_SERVER_VERSION', '24.08'), ('OLDPWD', '/workspaces/isaac_ros-dev'), ('HOST_USER_GID', '1000'), ('CUDA_CACHE_DISABLE', '1'), ('ROS_PYTHON_VERSION', '3'), ('MODEL_OPT_VERSION', '0.15.0'), ('ENV', '/etc/shinit_v2'), ('RDMACORE_VERSION', '39.0'), ('NVJPEG_VERSION', '12.3.3.23'), ('NVIDIA_BUILD_ID', '107631419'), ('CUDA_VERSION', '12.6.0.022'), ('TCMALLOC_RELEASE_RATE', '200'), ('CUBLAS_VERSION', '12.6.0.22'), ('NSIGHT_SYSTEMS_VERSION', '2024.4.2.133'), ('COLCON_PREFIX_PATH', '/workspaces/isaac_ros-dev/install'), ('CUDA_VISIBLE_DEVICES', '0'), ('ROS_DISTRO', 'humble'), ('OPAL_PREFIX', '/opt/hpcx/ompi'), ('NVIDIA_REQUIRE_CUDA', 'cuda>=9.0'), ('TRT_VERSION', '10.3.0.26+cuda12.5.1.007'), ('GDRCOPY_VERSION', '2.3.1-1'), ('_', '/usr/bin/colcon'), ('ROS_VERSION', '2'), ('NVIDIA_DRIVER_CAPABILITIES', 'compute,utility,graphics'), ('POLYGRAPHY_VERSION', '0.49.13'), ('CURAND_VERSION', '10.3.7.37'), ('MOFED_VERSION', '5.4-rdmacore39.0'), ('USERNAME', 'admin'), ('TERM', 'xterm'), ('ISAAC_ROS_WS', '/workspaces/isaac_ros-dev'), ('ROS_LOCALHOST_ONLY', '0'), ('TRANSFORMER_ENGINE_VERSION', '1.9'), ('PATH', '/workspaces/isaac_ros-dev/install/isaac_ros_common/bin:/opt/ros/humble/bin:/opt/ros/humble/vcstool/scripts:/opt/tritonserver/bin:/usr/local/mpi/bin:/usr/local/nvidia/bin:/usr/local/cuda/bin:/usr/local/sbin:/usr/local/bin:/usr/sbin:/usr/bin:/sbin:/bin:/usr/local/ucx/bin'), ('HOST_USER_UID', '1000'), ('CUDSS_DIR', '/usr/local/libcudss-linux-0.3.0.9_cuda12-archive'), ('CUDA_DRIVER_VERSION', '560.35.03'), ('_CUDA_COMPAT_STATUS', 'Unknown error (CUDA_ERROR_UNKNOWN) cuInit()=999'), ('DISPLAY', ':1'), ('NVIDIA_PRODUCT_NAME', 'Triton Server'), ('LANG', 'en_US.UTF-8'), ('RMW_IMPLEMENTATION', 'rmw_fastrtps_cpp'), ('NPP_VERSION', '12.3.1.23'), ('ROS_ROOT', '/opt/ros/humble'), ('UCX_MEM_EVENTS', 'no'), ('CUFFT_VERSION', '11.2.6.28'), ('SSH_AUTH_SOCK', '/ssh-agent'), ('TF_ENABLE_WINOGRAD_NONFUSED', '1'), ('AMENT_PREFIX_PATH', '/workspaces/isaac_ros-dev/install/gxf_isaac_messages:/workspaces/isaac_ros-dev/install/gxf_isaac_gems:/workspaces/isaac_ros-dev/install/isaac_ros_gxf:/workspaces/isaac_ros-dev/install/isaac_ros_test:/workspaces/isaac_ros-dev/install/isaac_ros_launch_utils:/workspaces/isaac_ros-dev/install/isaac_ros_common:/workspaces/isaac_ros-dev/install/isaac_common_py:/opt/ros/humble'), ('CUDNN_VERSION', '9.3.0.75'), ('NSIGHT_COMPUTE_VERSION', '2024.3.0.15'), ('DALI_VERSION', '1.40.0'), ('DEBIAN_FRONTEND', 'noninteractive'), ('SHELL', '/bin/bash'), ('DCGM_VERSION', '3.2.6'), ('CUDNN_FRONTEND_VERSION', '1.5.2'), ('OPENMPI_VERSION', '4.1.7'), ('TRTOSS_VERSION', '24.08'), ('OMPI_MCA_coll_hcoll_enable', '0'), ('CUSPARSE_VERSION', '12.5.2.23'), ('NVIDIA_REQUIRE_JETPACK_HOST_MOUNTS', ''), ('TRITON_SERVER_GPU_ENABLED', '1'), ('TRITON_SERVER_VERSION', '2.49.0'), ('BASH_ENV', '/etc/bash.bashrc'), ('PWD', '/workspaces/isaac_ros-dev/build/gxf_isaac_tensor_rt'), ('CUSPARSELT_VERSION', '0.6.2.3'), ('PYTHONPATH', '/workspaces/isaac_ros-dev/build/isaac_ros_test:/workspaces/isaac_ros-dev/install/isaac_ros_test/lib/python3.10/site-packages:/workspaces/isaac_ros-dev/build/isaac_ros_launch_utils:/workspaces/isaac_ros-dev/install/isaac_ros_launch_utils/lib/python3.10/site-packages:/workspaces/isaac_ros-dev/install/isaac_ros_common/local/lib/python3.10/dist-packages:/workspaces/isaac_ros-dev/build/isaac_common_py:/workspaces/isaac_ros-dev/install/isaac_common_py/lib/python3.10/site-packages:/opt/ros/humble/lib/python3.10/site-packages:/opt/ros/humble/local/lib/python3.10/dist-packages:/opt/ros/humble/vcstool:/opt/tritonserver/backends/dali/wheel/dali:'), ('_CUDA_COMPAT_PATH', '/usr/local/cuda/compat'), ('TRITON_SERVER_USER', 'triton-server'), ('TF_ADJUST_HUE_FUSED', '1'), ('NVIDIA_VISIBLE_DEVICES', 'void'), ('NCCL_VERSION', '2.22.3'), ('COLCON', '1'), ('OPENUCX_VERSION', '1.17.0'), ('HPCX_VERSION', '2.19'), ('CMAKE_PREFIX_PATH', '/workspaces/isaac_ros-dev/install/gxf_isaac_messages:/workspaces/isaac_ros-dev/install/gxf_isaac_gems:/workspaces/isaac_ros-dev/install/isaac_ros_gxf:/workspaces/isaac_ros-dev/install/isaac_ros_common:/usr/local/libcudss-linux-0.3.0.9_cuda12-archive:/workspaces/isaac_ros-dev/install/isaac_ros_test:/workspaces/isaac_ros-dev/install/isaac_ros_launch_utils:/workspaces/isaac_ros-dev/install/isaac_common_py:/opt/ros/humble'), ('TF_AUTOTUNE_THRESHOLD', '2'), ('TRT_LIB_PATH', '/usr/lib/x86_64-linux-gnu')]), 'shell': False}
[26.079147] (gxf_isaac_tensor_rt) StdoutLine: {'line': b'-- Install configuration: "Release"\n'}
[26.079336] (gxf_isaac_tensor_rt) StdoutLine: {'line': b'-- Execute custom install script\n'}
[26.079562] (gxf_isaac_tensor_rt) StdoutLine: {'line': b'-- Symlinking: /workspaces/isaac_ros-dev/install/gxf_isaac_tensor_rt/share/gxf_isaac_tensor_rt/gxf/lib/libgxf_isaac_tensor_rt.so\n'}
[26.085892] (gxf_isaac_tensor_rt) StdoutLine: {'line': b'-- Symlinking: /workspaces/isaac_ros-dev/install/gxf_isaac_tensor_rt/share/gxf_isaac_tensor_rt/version_info.yaml\n'}
[26.095366] (gxf_isaac_tensor_rt) StdoutLine: {'line': b'-- Symlinking: /workspaces/isaac_ros-dev/install/gxf_isaac_tensor_rt/share/gxf_isaac_tensor_rt/environment/library_path.sh\n'}
[26.104745] (gxf_isaac_tensor_rt) StdoutLine: {'line': b'-- Symlinking: /workspaces/isaac_ros-dev/install/gxf_isaac_tensor_rt/share/gxf_isaac_tensor_rt/environment/library_path.dsv\n'}
[26.114841] (gxf_isaac_tensor_rt) StdoutLine: {'line': b'-- Symlinking: /workspaces/isaac_ros-dev/install/gxf_isaac_tensor_rt/lib/libgxf_isaac_tensor_rt.so\n'}
[26.121367] (gxf_isaac_tensor_rt) StdoutLine: {'line': b'-- Symlinking: /workspaces/isaac_ros-dev/install/gxf_isaac_tensor_rt/share/ament_index/resource_index/package_run_dependencies/gxf_isaac_tensor_rt\n'}
[26.127890] (gxf_isaac_tensor_rt) StdoutLine: {'line': b'-- Symlinking: /workspaces/isaac_ros-dev/install/gxf_isaac_tensor_rt/share/ament_index/resource_index/parent_prefix_path/gxf_isaac_tensor_rt\n'}
[26.134703] (gxf_isaac_tensor_rt) StdoutLine: {'line': b'-- Symlinking: /workspaces/isaac_ros-dev/install/gxf_isaac_tensor_rt/share/gxf_isaac_tensor_rt/environment/ament_prefix_path.sh\n'}
[26.141273] (gxf_isaac_tensor_rt) StdoutLine: {'line': b'-- Symlinking: /workspaces/isaac_ros-dev/install/gxf_isaac_tensor_rt/share/gxf_isaac_tensor_rt/environment/ament_prefix_path.dsv\n'}
[26.149754] (gxf_isaac_tensor_rt) StdoutLine: {'line': b'-- Symlinking: /workspaces/isaac_ros-dev/install/gxf_isaac_tensor_rt/share/gxf_isaac_tensor_rt/environment/path.sh\n'}
[26.156738] (gxf_isaac_tensor_rt) StdoutLine: {'line': b'-- Symlinking: /workspaces/isaac_ros-dev/install/gxf_isaac_tensor_rt/share/gxf_isaac_tensor_rt/environment/path.dsv\n'}
[26.160910] (-) TimerEvent: {}
[26.164233] (gxf_isaac_tensor_rt) StdoutLine: {'line': b'-- Symlinking: /workspaces/isaac_ros-dev/install/gxf_isaac_tensor_rt/share/gxf_isaac_tensor_rt/local_setup.bash\n'}
[26.170962] (gxf_isaac_tensor_rt) StdoutLine: {'line': b'-- Symlinking: /workspaces/isaac_ros-dev/install/gxf_isaac_tensor_rt/share/gxf_isaac_tensor_rt/local_setup.sh\n'}
[26.178209] (gxf_isaac_tensor_rt) StdoutLine: {'line': b'-- Symlinking: /workspaces/isaac_ros-dev/install/gxf_isaac_tensor_rt/share/gxf_isaac_tensor_rt/local_setup.zsh\n'}
[26.184343] (gxf_isaac_tensor_rt) StdoutLine: {'line': b'-- Symlinking: /workspaces/isaac_ros-dev/install/gxf_isaac_tensor_rt/share/gxf_isaac_tensor_rt/local_setup.dsv\n'}
[26.191004] (gxf_isaac_tensor_rt) StdoutLine: {'line': b'-- Symlinking: /workspaces/isaac_ros-dev/install/gxf_isaac_tensor_rt/share/gxf_isaac_tensor_rt/package.dsv\n'}
[26.198968] (gxf_isaac_tensor_rt) StdoutLine: {'line': b'-- Symlinking: /workspaces/isaac_ros-dev/install/gxf_isaac_tensor_rt/share/ament_index/resource_index/packages/gxf_isaac_tensor_rt\n'}
[26.208094] (gxf_isaac_tensor_rt) StdoutLine: {'line': b'-- Symlinking: /workspaces/isaac_ros-dev/install/gxf_isaac_tensor_rt/share/gxf_isaac_tensor_rt/cmake/ament_cmake_export_dependencies-extras.cmake\n'}
[26.218462] (gxf_isaac_tensor_rt) StdoutLine: {'line': b'-- Symlinking: /workspaces/isaac_ros-dev/install/gxf_isaac_tensor_rt/share/gxf_isaac_tensor_rt/cmake/ament_cmake_export_libraries-extras.cmake\n'}
[26.225943] (gxf_isaac_tensor_rt) StdoutLine: {'line': b'-- Symlinking: /workspaces/isaac_ros-dev/install/gxf_isaac_tensor_rt/share/gxf_isaac_tensor_rt/cmake/gxf_isaac_tensor_rtConfig.cmake\n'}
[26.232234] (gxf_isaac_tensor_rt) StdoutLine: {'line': b'-- Symlinking: /workspaces/isaac_ros-dev/install/gxf_isaac_tensor_rt/share/gxf_isaac_tensor_rt/cmake/gxf_isaac_tensor_rtConfig-version.cmake\n'}
[26.238653] (gxf_isaac_tensor_rt) StdoutLine: {'line': b'-- Symlinking: /workspaces/isaac_ros-dev/install/gxf_isaac_tensor_rt/share/gxf_isaac_tensor_rt/package.xml\n'}
[26.247283] (gxf_isaac_tensor_rt) CommandEnded: {'returncode': 0}
[26.261011] (-) TimerEvent: {}
[26.261832] (gxf_isaac_tensor_rt) JobEnded: {'identifier': 'gxf_isaac_tensor_rt', 'rc': 0}
[26.361243] (-) TimerEvent: {}
[26.461595] (-) TimerEvent: {}
[26.561943] (-) TimerEvent: {}
[26.662420] (-) TimerEvent: {}
[26.762761] (-) TimerEvent: {}
[26.863193] (-) TimerEvent: {}
[26.963641] (-) TimerEvent: {}
[27.064047] (-) TimerEvent: {}
[27.164397] (-) TimerEvent: {}
[27.264682] (-) TimerEvent: {}
[27.365102] (-) TimerEvent: {}
[27.465519] (-) TimerEvent: {}
[27.533703] (isaac_ros_nitros) StdoutLine: {'line': b'[100%] \x1b[32m\x1b[1mLinking CXX shared library libisaac_ros_nitros.so\x1b[0m\n'}
[27.565640] (-) TimerEvent: {}
[27.666059] (-) TimerEvent: {}
[27.696582] (isaac_ros_nitros) StdoutLine: {'line': b'[100%] Built target isaac_ros_nitros\n'}
[27.707133] (isaac_ros_nitros) CommandEnded: {'returncode': 0}
[27.707530] (isaac_ros_nitros) JobProgress: {'identifier': 'isaac_ros_nitros', 'progress': 'install'}
[27.708104] (isaac_ros_nitros) Command: {'cmd': ['/usr/bin/cmake', '--install', '/workspaces/isaac_ros-dev/build/isaac_ros_nitros'], 'cwd': '/workspaces/isaac_ros-dev/build/isaac_ros_nitros', 'env': OrderedDict([('DALI_BUILD', '16741769'), ('LIBRARY_PATH', '/usr/local/cuda/lib64/stubs:'), ('NVIDIA_CTK_LIBCUDA_DIR', '/usr/lib/x86_64-linux-gnu/nvidia/current'), ('PYTHONWARNINGS', 'ignore:::setuptools.command.install,ignore:::setuptools.command.easy_install,ignore:::pkg_resources,ignore:::setuptools.command.develop'), ('USER', 'diego'), ('TRT_INC_PATH', '/usr/include/x86_64-linux-gnu'), ('TF_ADJUST_SATURATION_FUSED', '1'), ('CUSOLVER_VERSION', '11.6.4.38'), ('HOSTNAME', 'debian'), ('CUTENSOR_VERSION', '2.0.2.5'), ('SHLVL', '1'), ('LD_LIBRARY_PATH', '/workspaces/isaac_ros-dev/install/gxf_isaac_gxf_helpers/lib:/workspaces/isaac_ros-dev/install/gxf_isaac_atlas/lib:/workspaces/isaac_ros-dev/install/gxf_isaac_sight/lib:/workspaces/isaac_ros-dev/install/gxf_isaac_optimizer/lib:/workspaces/isaac_ros-dev/install/gxf_isaac_message_compositor/lib:/workspaces/isaac_ros-dev/install/gxf_isaac_gems/lib:/workspaces/isaac_ros-dev/install/isaac_ros_gxf/lib:/workspaces/isaac_ros-dev/install/isaac_ros_common/lib:/opt/ros/humble/opt/openvdb_vendor/lib:/opt/ros/humble/opt/rviz_ogre_vendor/lib:/opt/ros/humble/lib/x86_64-linux-gnu:/opt/ros/humble/lib:/usr/local/libcudss-linux-0.3.0.9_cuda12-archive/lib:/opt/hpcx/ucc/lib/:/opt/hpcx/ucx/lib/:/usr/local/cuda/compat/lib:/usr/local/nvidia/lib:/usr/local/nvidia/lib64:/opt/tritonserver/lib'), ('HOME', '/home/admin'), ('NVIDIA_TRITON_SERVER_VERSION', '24.08'), ('OLDPWD', '/workspaces/isaac_ros-dev'), ('HOST_USER_GID', '1000'), ('CUDA_CACHE_DISABLE', '1'), ('ROS_PYTHON_VERSION', '3'), ('MODEL_OPT_VERSION', '0.15.0'), ('ENV', '/etc/shinit_v2'), ('RDMACORE_VERSION', '39.0'), ('NVJPEG_VERSION', '12.3.3.23'), ('NVIDIA_BUILD_ID', '107631419'), ('CUDA_VERSION', '12.6.0.022'), ('TCMALLOC_RELEASE_RATE', '200'), ('CUBLAS_VERSION', '12.6.0.22'), ('NSIGHT_SYSTEMS_VERSION', '2024.4.2.133'), ('COLCON_PREFIX_PATH', '/workspaces/isaac_ros-dev/install'), ('CUDA_VISIBLE_DEVICES', '0'), ('ROS_DISTRO', 'humble'), ('OPAL_PREFIX', '/opt/hpcx/ompi'), ('NVIDIA_REQUIRE_CUDA', 'cuda>=9.0'), ('TRT_VERSION', '10.3.0.26+cuda12.5.1.007'), ('GDRCOPY_VERSION', '2.3.1-1'), ('_', '/usr/bin/colcon'), ('ROS_VERSION', '2'), ('NVIDIA_DRIVER_CAPABILITIES', 'compute,utility,graphics'), ('POLYGRAPHY_VERSION', '0.49.13'), ('CURAND_VERSION', '10.3.7.37'), ('MOFED_VERSION', '5.4-rdmacore39.0'), ('USERNAME', 'admin'), ('TERM', 'xterm'), ('ISAAC_ROS_WS', '/workspaces/isaac_ros-dev'), ('ROS_LOCALHOST_ONLY', '0'), ('TRANSFORMER_ENGINE_VERSION', '1.9'), ('PATH', '/workspaces/isaac_ros-dev/install/isaac_ros_common/bin:/opt/ros/humble/bin:/opt/ros/humble/vcstool/scripts:/opt/tritonserver/bin:/usr/local/mpi/bin:/usr/local/nvidia/bin:/usr/local/cuda/bin:/usr/local/sbin:/usr/local/bin:/usr/sbin:/usr/bin:/sbin:/bin:/usr/local/ucx/bin'), ('HOST_USER_UID', '1000'), ('CUDSS_DIR', '/usr/local/libcudss-linux-0.3.0.9_cuda12-archive'), ('CUDA_DRIVER_VERSION', '560.35.03'), ('_CUDA_COMPAT_STATUS', 'Unknown error (CUDA_ERROR_UNKNOWN) cuInit()=999'), ('DISPLAY', ':1'), ('NVIDIA_PRODUCT_NAME', 'Triton Server'), ('LANG', 'en_US.UTF-8'), ('RMW_IMPLEMENTATION', 'rmw_fastrtps_cpp'), ('NPP_VERSION', '12.3.1.23'), ('ROS_ROOT', '/opt/ros/humble'), ('UCX_MEM_EVENTS', 'no'), ('CUFFT_VERSION', '11.2.6.28'), ('SSH_AUTH_SOCK', '/ssh-agent'), ('TF_ENABLE_WINOGRAD_NONFUSED', '1'), ('AMENT_PREFIX_PATH', '/workspaces/isaac_ros-dev/install/gxf_isaac_gxf_helpers:/workspaces/isaac_ros-dev/install/gxf_isaac_atlas:/workspaces/isaac_ros-dev/install/gxf_isaac_sight:/workspaces/isaac_ros-dev/install/gxf_isaac_optimizer:/workspaces/isaac_ros-dev/install/gxf_isaac_message_compositor:/workspaces/isaac_ros-dev/install/gxf_isaac_gems:/workspaces/isaac_ros-dev/install/isaac_ros_test:/workspaces/isaac_ros-dev/install/isaac_ros_gxf:/workspaces/isaac_ros-dev/install/isaac_ros_launch_utils:/workspaces/isaac_ros-dev/install/isaac_ros_common:/workspaces/isaac_ros-dev/install/isaac_common_py:/opt/ros/humble'), ('CUDNN_VERSION', '9.3.0.75'), ('NSIGHT_COMPUTE_VERSION', '2024.3.0.15'), ('DALI_VERSION', '1.40.0'), ('DEBIAN_FRONTEND', 'noninteractive'), ('SHELL', '/bin/bash'), ('DCGM_VERSION', '3.2.6'), ('CUDNN_FRONTEND_VERSION', '1.5.2'), ('OPENMPI_VERSION', '4.1.7'), ('TRTOSS_VERSION', '24.08'), ('OMPI_MCA_coll_hcoll_enable', '0'), ('CUSPARSE_VERSION', '12.5.2.23'), ('NVIDIA_REQUIRE_JETPACK_HOST_MOUNTS', ''), ('TRITON_SERVER_GPU_ENABLED', '1'), ('TRITON_SERVER_VERSION', '2.49.0'), ('BASH_ENV', '/etc/bash.bashrc'), ('PWD', '/workspaces/isaac_ros-dev/build/isaac_ros_nitros'), ('CUSPARSELT_VERSION', '0.6.2.3'), ('PYTHONPATH', '/workspaces/isaac_ros-dev/build/isaac_ros_test:/workspaces/isaac_ros-dev/install/isaac_ros_test/lib/python3.10/site-packages:/workspaces/isaac_ros-dev/build/isaac_ros_launch_utils:/workspaces/isaac_ros-dev/install/isaac_ros_launch_utils/lib/python3.10/site-packages:/workspaces/isaac_ros-dev/install/isaac_ros_common/local/lib/python3.10/dist-packages:/workspaces/isaac_ros-dev/build/isaac_common_py:/workspaces/isaac_ros-dev/install/isaac_common_py/lib/python3.10/site-packages:/opt/ros/humble/lib/python3.10/site-packages:/opt/ros/humble/local/lib/python3.10/dist-packages:/opt/ros/humble/vcstool:/opt/tritonserver/backends/dali/wheel/dali'), ('_CUDA_COMPAT_PATH', '/usr/local/cuda/compat'), ('TRITON_SERVER_USER', 'triton-server'), ('TF_ADJUST_HUE_FUSED', '1'), ('NVIDIA_VISIBLE_DEVICES', 'void'), ('NCCL_VERSION', '2.22.3'), ('COLCON', '1'), ('OPENUCX_VERSION', '1.17.0'), ('HPCX_VERSION', '2.19'), ('CMAKE_PREFIX_PATH', '/workspaces/isaac_ros-dev/install/gxf_isaac_gxf_helpers:/workspaces/isaac_ros-dev/install/gxf_isaac_atlas:/workspaces/isaac_ros-dev/install/gxf_isaac_sight:/workspaces/isaac_ros-dev/install/gxf_isaac_optimizer:/workspaces/isaac_ros-dev/install/gxf_isaac_message_compositor:/workspaces/isaac_ros-dev/install/gxf_isaac_gems:/workspaces/isaac_ros-dev/install/isaac_ros_gxf:/workspaces/isaac_ros-dev/install/isaac_ros_common:/usr/local/libcudss-linux-0.3.0.9_cuda12-archive:/workspaces/isaac_ros-dev/install/isaac_ros_test:/workspaces/isaac_ros-dev/install/isaac_ros_launch_utils:/workspaces/isaac_ros-dev/install/isaac_common_py:/opt/ros/humble'), ('TF_AUTOTUNE_THRESHOLD', '2'), ('TRT_LIB_PATH', '/usr/lib/x86_64-linux-gnu')]), 'shell': False}
[27.717742] (isaac_ros_nitros) StdoutLine: {'line': b'-- Install configuration: "Release"\n'}
[27.717917] (isaac_ros_nitros) StdoutLine: {'line': b'-- Installing: /workspaces/isaac_ros-dev/install/isaac_ros_nitros/lib/isaac_ros_nitros/diagnostic_viewer.py\n'}
[27.718337] (isaac_ros_nitros) StdoutLine: {'line': b'-- Execute custom install script\n'}
[27.718592] (isaac_ros_nitros) StdoutLine: {'line': b'-- Symlinking: /workspaces/isaac_ros-dev/install/isaac_ros_nitros/share/isaac_ros_nitros/cuapriltags/lib/libcuapriltags.a\n'}
[27.725228] (isaac_ros_nitros) StdoutLine: {'line': b'-- Symlinking: /workspaces/isaac_ros-dev/install/isaac_ros_nitros/share/isaac_ros_nitros/cuvslam/lib/libcuvslam.so\n'}
[27.735362] (isaac_ros_nitros) StdoutLine: {'line': b'-- Symlinking: /workspaces/isaac_ros-dev/install/isaac_ros_nitros/share/isaac_ros_nitros/cuvslam/lib/cuvslam_api_launcher\n'}
[27.742576] (isaac_ros_nitros) StdoutLine: {'line': b'-- Symlinking: /workspaces/isaac_ros-dev/install/isaac_ros_nitros/share/isaac_ros_nitros/cuvslam/include/cuvslam.h\n'}
[27.754279] (isaac_ros_nitros) StdoutLine: {'line': b'-- Symlinking: /workspaces/isaac_ros-dev/install/isaac_ros_nitros/share/isaac_ros_nitros/cuvslam/include/ground_constraint.h\n'}
[27.766237] (-) TimerEvent: {}
[27.778415] (isaac_ros_nitros) StdoutLine: {'line': b'-- Symlinking: /workspaces/isaac_ros-dev/install/isaac_ros_nitros/share/ament_index/resource_index/cuvslam/isaac_ros_nitros\n'}
[27.803477] (isaac_ros_nitros) StdoutLine: {'line': b'-- Symlinking: /workspaces/isaac_ros-dev/install/isaac_ros_nitros/share/isaac_ros_nitros/cuapriltags/cuapriltags/cuAprilTags.h\n'}
[27.813578] (isaac_ros_nitros) StdoutLine: {'line': b'-- Symlinking: /workspaces/isaac_ros-dev/install/isaac_ros_nitros/share/ament_index/resource_index/cuapriltags/isaac_ros_nitros\n'}
[27.823630] (isaac_ros_nitros) StdoutLine: {'line': b'-- Symlinking: /workspaces/isaac_ros-dev/install/isaac_ros_nitros/share/isaac_ros_nitros/version_info.yaml\n'}
[27.830526] (isaac_ros_nitros) StdoutLine: {'line': b'-- Symlinking: /workspaces/isaac_ros-dev/install/isaac_ros_nitros/include/isaac_ros_nitros/nitros_context.hpp\n'}
[27.836709] (isaac_ros_nitros) StdoutLine: {'line': b'-- Symlinking: /workspaces/isaac_ros-dev/install/isaac_ros_nitros/include/isaac_ros_nitros/nitros_node.hpp\n'}
[27.842893] (isaac_ros_nitros) StdoutLine: {'line': b'-- Symlinking: /workspaces/isaac_ros-dev/install/isaac_ros_nitros/include/isaac_ros_nitros/nitros_publisher.hpp\n'}
[27.849540] (isaac_ros_nitros) StdoutLine: {'line': b'-- Symlinking: /workspaces/isaac_ros-dev/install/isaac_ros_nitros/include/isaac_ros_nitros/nitros_publisher_subscriber_base.hpp\n'}
[27.855574] (isaac_ros_nitros) StdoutLine: {'line': b'-- Symlinking: /workspaces/isaac_ros-dev/install/isaac_ros_nitros/include/isaac_ros_nitros/nitros_publisher_subscriber_group.hpp\n'}
[27.861918] (isaac_ros_nitros) StdoutLine: {'line': b'-- Symlinking: /workspaces/isaac_ros-dev/install/isaac_ros_nitros/include/isaac_ros_nitros/nitros_subscriber.hpp\n'}
[27.866332] (-) TimerEvent: {}
[27.869856] (isaac_ros_nitros) StdoutLine: {'line': b'-- Symlinking: /workspaces/isaac_ros-dev/install/isaac_ros_nitros/include/isaac_ros_nitros/types/nitros_empty.hpp\n'}
[27.877998] (isaac_ros_nitros) StdoutLine: {'line': b'-- Symlinking: /workspaces/isaac_ros-dev/install/isaac_ros_nitros/include/isaac_ros_nitros/types/nitros_format_agent.hpp\n'}
[27.886152] (isaac_ros_nitros) StdoutLine: {'line': b'-- Symlinking: /workspaces/isaac_ros-dev/install/isaac_ros_nitros/include/isaac_ros_nitros/types/nitros_type_base.hpp\n'}
[27.893214] (isaac_ros_nitros) StdoutLine: {'line': b'-- Symlinking: /workspaces/isaac_ros-dev/install/isaac_ros_nitros/include/isaac_ros_nitros/types/nitros_type_manager.hpp\n'}
[27.901493] (isaac_ros_nitros) StdoutLine: {'line': b'-- Symlinking: /workspaces/isaac_ros-dev/install/isaac_ros_nitros/include/isaac_ros_nitros/types/nitros_type_message_filter_traits.hpp\n'}
[27.912116] (isaac_ros_nitros) StdoutLine: {'line': b'-- Symlinking: /workspaces/isaac_ros-dev/install/isaac_ros_nitros/include/isaac_ros_nitros/types/nitros_type_view_factory.hpp\n'}
[27.919181] (isaac_ros_nitros) StdoutLine: {'line': b'-- Symlinking: /workspaces/isaac_ros-dev/install/isaac_ros_nitros/include/isaac_ros_nitros/types/type_adapter_nitros_context.hpp\n'}
[27.926890] (isaac_ros_nitros) StdoutLine: {'line': b'-- Symlinking: /workspaces/isaac_ros-dev/install/isaac_ros_nitros/include/isaac_ros_nitros/types/type_utility.hpp\n'}
[27.939072] (isaac_ros_nitros) StdoutLine: {'line': b'-- Symlinking: /workspaces/isaac_ros-dev/install/isaac_ros_nitros/include/isaac_ros_nitros/utils/vpi_utilities.hpp\n'}
[27.951847] (isaac_ros_nitros) StdoutLine: {'line': b'-- Symlinking: /workspaces/isaac_ros-dev/install/isaac_ros_nitros/share/isaac_ros_nitros/environment/library_path.sh\n'}
[27.964590] (isaac_ros_nitros) StdoutLine: {'line': b'-- Symlinking: /workspaces/isaac_ros-dev/install/isaac_ros_nitros/share/isaac_ros_nitros/environment/library_path.dsv\n'}
[27.966440] (-) TimerEvent: {}
[27.977678] (isaac_ros_nitros) StdoutLine: {'line': b'-- Symlinking: /workspaces/isaac_ros-dev/install/isaac_ros_nitros/lib/libisaac_ros_nitros.so\n'}
[27.987172] (isaac_ros_nitros) StdoutLine: {'line': b'-- Symlinking: /workspaces/isaac_ros-dev/install/isaac_ros_nitros/share/isaac_ros_nitros/config/type_adapter_nitros_context_graph.yaml\n'}
[27.995583] (isaac_ros_nitros) StdoutLine: {'line': b'-- Symlinking: /workspaces/isaac_ros-dev/install/isaac_ros_nitros/share/ament_index/resource_index/package_run_dependencies/isaac_ros_nitros\n'}
[28.003228] (isaac_ros_nitros) StdoutLine: {'line': b'-- Symlinking: /workspaces/isaac_ros-dev/install/isaac_ros_nitros/share/ament_index/resource_index/parent_prefix_path/isaac_ros_nitros\n'}
[28.009337] (isaac_ros_nitros) StdoutLine: {'line': b'-- Symlinking: /workspaces/isaac_ros-dev/install/isaac_ros_nitros/share/isaac_ros_nitros/environment/ament_prefix_path.sh\n'}
[28.015594] (isaac_ros_nitros) StdoutLine: {'line': b'-- Symlinking: /workspaces/isaac_ros-dev/install/isaac_ros_nitros/share/isaac_ros_nitros/environment/ament_prefix_path.dsv\n'}
[28.022408] (isaac_ros_nitros) StdoutLine: {'line': b'-- Symlinking: /workspaces/isaac_ros-dev/install/isaac_ros_nitros/share/isaac_ros_nitros/environment/path.sh\n'}
[28.030204] (isaac_ros_nitros) StdoutLine: {'line': b'-- Symlinking: /workspaces/isaac_ros-dev/install/isaac_ros_nitros/share/isaac_ros_nitros/environment/path.dsv\n'}
[28.036802] (isaac_ros_nitros) StdoutLine: {'line': b'-- Symlinking: /workspaces/isaac_ros-dev/install/isaac_ros_nitros/share/isaac_ros_nitros/local_setup.bash\n'}
[28.047737] (isaac_ros_nitros) StdoutLine: {'line': b'-- Symlinking: /workspaces/isaac_ros-dev/install/isaac_ros_nitros/share/isaac_ros_nitros/local_setup.sh\n'}
[28.059565] (isaac_ros_nitros) StdoutLine: {'line': b'-- Symlinking: /workspaces/isaac_ros-dev/install/isaac_ros_nitros/share/isaac_ros_nitros/local_setup.zsh\n'}
[28.066643] (-) TimerEvent: {}
[28.069423] (isaac_ros_nitros) StdoutLine: {'line': b'-- Symlinking: /workspaces/isaac_ros-dev/install/isaac_ros_nitros/share/isaac_ros_nitros/local_setup.dsv\n'}
[28.078908] (isaac_ros_nitros) StdoutLine: {'line': b'-- Symlinking: /workspaces/isaac_ros-dev/install/isaac_ros_nitros/share/isaac_ros_nitros/package.dsv\n'}
[28.087112] (isaac_ros_nitros) StdoutLine: {'line': b'-- Symlinking: /workspaces/isaac_ros-dev/install/isaac_ros_nitros/share/ament_index/resource_index/packages/isaac_ros_nitros\n'}
[28.094835] (isaac_ros_nitros) StdoutLine: {'line': b'-- Symlinking: /workspaces/isaac_ros-dev/install/isaac_ros_nitros/share/isaac_ros_nitros/cmake/ament_cmake_export_dependencies-extras.cmake\n'}
[28.102541] (isaac_ros_nitros) StdoutLine: {'line': b'-- Symlinking: /workspaces/isaac_ros-dev/install/isaac_ros_nitros/share/isaac_ros_nitros/cmake/ament_cmake_export_include_directories-extras.cmake\n'}
[28.109919] (isaac_ros_nitros) StdoutLine: {'line': b'-- Symlinking: /workspaces/isaac_ros-dev/install/isaac_ros_nitros/share/isaac_ros_nitros/cmake/ament_cmake_export_libraries-extras.cmake\n'}
[28.117101] (isaac_ros_nitros) StdoutLine: {'line': b'-- Symlinking: /workspaces/isaac_ros-dev/install/isaac_ros_nitros/share/isaac_ros_nitros/cmake/isaac_ros_nitrosConfig.cmake\n'}
[28.123504] (isaac_ros_nitros) StdoutLine: {'line': b'-- Symlinking: /workspaces/isaac_ros-dev/install/isaac_ros_nitros/share/isaac_ros_nitros/cmake/isaac_ros_nitrosConfig-version.cmake\n'}
[28.129759] (isaac_ros_nitros) StdoutLine: {'line': b'-- Symlinking: /workspaces/isaac_ros-dev/install/isaac_ros_nitros/share/isaac_ros_nitros/package.xml\n'}
[28.141794] (isaac_ros_nitros) CommandEnded: {'returncode': 0}
[28.157432] (isaac_ros_nitros) JobEnded: {'identifier': 'isaac_ros_nitros', 'rc': 0}
[28.158388] (isaac_ros_nitros_tensor_list_type) JobStarted: {'identifier': 'isaac_ros_nitros_tensor_list_type'}
[28.161518] (isaac_ros_nitros_image_type) JobStarted: {'identifier': 'isaac_ros_nitros_image_type'}
[28.165346] (isaac_ros_nitros_detection3_d_array_type) JobStarted: {'identifier': 'isaac_ros_nitros_detection3_d_array_type'}
[28.166730] (-) TimerEvent: {}
[28.168524] (isaac_ros_nitros_camera_info_type) JobStarted: {'identifier': 'isaac_ros_nitros_camera_info_type'}
[28.186236] (isaac_ros_nitros_image_type) JobProgress: {'identifier': 'isaac_ros_nitros_image_type', 'progress': 'cmake'}
[28.186543] (isaac_ros_nitros_image_type) Command: {'cmd': ['/usr/bin/cmake', '/workspaces/isaac_ros-dev/src/isaac_ros_nitros/isaac_ros_nitros_type/isaac_ros_nitros_image_type', '-DBUILD_TESTING=OFF', '-DAMENT_CMAKE_SYMLINK_INSTALL=1', '-DCMAKE_INSTALL_PREFIX=/workspaces/isaac_ros-dev/install/isaac_ros_nitros_image_type'], 'cwd': '/workspaces/isaac_ros-dev/build/isaac_ros_nitros_image_type', 'env': OrderedDict([('DALI_BUILD', '16741769'), ('LIBRARY_PATH', '/usr/local/cuda/lib64/stubs:'), ('NVIDIA_CTK_LIBCUDA_DIR', '/usr/lib/x86_64-linux-gnu/nvidia/current'), ('PYTHONWARNINGS', 'ignore:::setuptools.command.install,ignore:::setuptools.command.easy_install,ignore:::pkg_resources,ignore:::setuptools.command.develop'), ('USER', 'diego'), ('TRT_INC_PATH', '/usr/include/x86_64-linux-gnu'), ('TF_ADJUST_SATURATION_FUSED', '1'), ('CUSOLVER_VERSION', '11.6.4.38'), ('HOSTNAME', 'debian'), ('CUTENSOR_VERSION', '2.0.2.5'), ('SHLVL', '1'), ('LD_LIBRARY_PATH', '/workspaces/isaac_ros-dev/install/isaac_ros_nitros/lib:/workspaces/isaac_ros-dev/install/gxf_isaac_gxf_helpers/lib:/workspaces/isaac_ros-dev/install/gxf_isaac_atlas/lib:/workspaces/isaac_ros-dev/install/gxf_isaac_sight/lib:/workspaces/isaac_ros-dev/install/gxf_isaac_optimizer/lib:/workspaces/isaac_ros-dev/install/gxf_isaac_message_compositor/lib:/workspaces/isaac_ros-dev/install/gxf_isaac_gems/lib:/workspaces/isaac_ros-dev/install/isaac_ros_gxf/lib:/workspaces/isaac_ros-dev/install/isaac_ros_common/lib:/opt/ros/humble/opt/openvdb_vendor/lib:/opt/ros/humble/opt/rviz_ogre_vendor/lib:/opt/ros/humble/lib/x86_64-linux-gnu:/opt/ros/humble/lib:/usr/local/libcudss-linux-0.3.0.9_cuda12-archive/lib:/opt/hpcx/ucc/lib/:/opt/hpcx/ucx/lib/:/usr/local/cuda/compat/lib:/usr/local/nvidia/lib:/usr/local/nvidia/lib64:/opt/tritonserver/lib'), ('HOME', '/home/admin'), ('NVIDIA_TRITON_SERVER_VERSION', '24.08'), ('OLDPWD', '/workspaces/isaac_ros-dev'), ('HOST_USER_GID', '1000'), ('CUDA_CACHE_DISABLE', '1'), ('ROS_PYTHON_VERSION', '3'), ('MODEL_OPT_VERSION', '0.15.0'), ('ENV', '/etc/shinit_v2'), ('RDMACORE_VERSION', '39.0'), ('NVJPEG_VERSION', '12.3.3.23'), ('NVIDIA_BUILD_ID', '107631419'), ('CUDA_VERSION', '12.6.0.022'), ('TCMALLOC_RELEASE_RATE', '200'), ('CUBLAS_VERSION', '12.6.0.22'), ('NSIGHT_SYSTEMS_VERSION', '2024.4.2.133'), ('COLCON_PREFIX_PATH', '/workspaces/isaac_ros-dev/install'), ('CUDA_VISIBLE_DEVICES', '0'), ('ROS_DISTRO', 'humble'), ('OPAL_PREFIX', '/opt/hpcx/ompi'), ('NVIDIA_REQUIRE_CUDA', 'cuda>=9.0'), ('TRT_VERSION', '10.3.0.26+cuda12.5.1.007'), ('GDRCOPY_VERSION', '2.3.1-1'), ('_', '/usr/bin/colcon'), ('ROS_VERSION', '2'), ('NVIDIA_DRIVER_CAPABILITIES', 'compute,utility,graphics'), ('POLYGRAPHY_VERSION', '0.49.13'), ('CURAND_VERSION', '10.3.7.37'), ('MOFED_VERSION', '5.4-rdmacore39.0'), ('USERNAME', 'admin'), ('TERM', 'xterm'), ('ISAAC_ROS_WS', '/workspaces/isaac_ros-dev'), ('ROS_LOCALHOST_ONLY', '0'), ('TRANSFORMER_ENGINE_VERSION', '1.9'), ('PATH', '/workspaces/isaac_ros-dev/install/isaac_ros_common/bin:/opt/ros/humble/bin:/opt/ros/humble/vcstool/scripts:/opt/tritonserver/bin:/usr/local/mpi/bin:/usr/local/nvidia/bin:/usr/local/cuda/bin:/usr/local/sbin:/usr/local/bin:/usr/sbin:/usr/bin:/sbin:/bin:/usr/local/ucx/bin'), ('HOST_USER_UID', '1000'), ('CUDSS_DIR', '/usr/local/libcudss-linux-0.3.0.9_cuda12-archive'), ('CUDA_DRIVER_VERSION', '560.35.03'), ('_CUDA_COMPAT_STATUS', 'Unknown error (CUDA_ERROR_UNKNOWN) cuInit()=999'), ('DISPLAY', ':1'), ('NVIDIA_PRODUCT_NAME', 'Triton Server'), ('LANG', 'en_US.UTF-8'), ('RMW_IMPLEMENTATION', 'rmw_fastrtps_cpp'), ('NPP_VERSION', '12.3.1.23'), ('ROS_ROOT', '/opt/ros/humble'), ('UCX_MEM_EVENTS', 'no'), ('CUFFT_VERSION', '11.2.6.28'), ('SSH_AUTH_SOCK', '/ssh-agent'), ('TF_ENABLE_WINOGRAD_NONFUSED', '1'), ('AMENT_PREFIX_PATH', '/workspaces/isaac_ros-dev/install/isaac_ros_nitros:/workspaces/isaac_ros-dev/install/gxf_isaac_gxf_helpers:/workspaces/isaac_ros-dev/install/gxf_isaac_atlas:/workspaces/isaac_ros-dev/install/gxf_isaac_sight:/workspaces/isaac_ros-dev/install/gxf_isaac_optimizer:/workspaces/isaac_ros-dev/install/gxf_isaac_message_compositor:/workspaces/isaac_ros-dev/install/gxf_isaac_gems:/workspaces/isaac_ros-dev/install/isaac_ros_test:/workspaces/isaac_ros-dev/install/isaac_ros_gxf:/workspaces/isaac_ros-dev/install/isaac_ros_launch_utils:/workspaces/isaac_ros-dev/install/isaac_ros_common:/workspaces/isaac_ros-dev/install/isaac_common_py:/opt/ros/humble'), ('CUDNN_VERSION', '9.3.0.75'), ('NSIGHT_COMPUTE_VERSION', '2024.3.0.15'), ('DALI_VERSION', '1.40.0'), ('DEBIAN_FRONTEND', 'noninteractive'), ('SHELL', '/bin/bash'), ('DCGM_VERSION', '3.2.6'), ('CUDNN_FRONTEND_VERSION', '1.5.2'), ('OPENMPI_VERSION', '4.1.7'), ('TRTOSS_VERSION', '24.08'), ('OMPI_MCA_coll_hcoll_enable', '0'), ('CUSPARSE_VERSION', '12.5.2.23'), ('NVIDIA_REQUIRE_JETPACK_HOST_MOUNTS', ''), ('TRITON_SERVER_GPU_ENABLED', '1'), ('TRITON_SERVER_VERSION', '2.49.0'), ('BASH_ENV', '/etc/bash.bashrc'), ('PWD', '/workspaces/isaac_ros-dev/build/isaac_ros_nitros_image_type'), ('CUSPARSELT_VERSION', '0.6.2.3'), ('PYTHONPATH', '/workspaces/isaac_ros-dev/build/isaac_ros_test:/workspaces/isaac_ros-dev/install/isaac_ros_test/lib/python3.10/site-packages:/workspaces/isaac_ros-dev/build/isaac_ros_launch_utils:/workspaces/isaac_ros-dev/install/isaac_ros_launch_utils/lib/python3.10/site-packages:/workspaces/isaac_ros-dev/install/isaac_ros_common/local/lib/python3.10/dist-packages:/workspaces/isaac_ros-dev/build/isaac_common_py:/workspaces/isaac_ros-dev/install/isaac_common_py/lib/python3.10/site-packages:/opt/ros/humble/lib/python3.10/site-packages:/opt/ros/humble/local/lib/python3.10/dist-packages:/opt/ros/humble/vcstool:/opt/tritonserver/backends/dali/wheel/dali'), ('_CUDA_COMPAT_PATH', '/usr/local/cuda/compat'), ('TRITON_SERVER_USER', 'triton-server'), ('TF_ADJUST_HUE_FUSED', '1'), ('NVIDIA_VISIBLE_DEVICES', 'void'), ('NCCL_VERSION', '2.22.3'), ('COLCON', '1'), ('OPENUCX_VERSION', '1.17.0'), ('HPCX_VERSION', '2.19'), ('CMAKE_PREFIX_PATH', '/workspaces/isaac_ros-dev/install/isaac_ros_nitros:/workspaces/isaac_ros-dev/install/gxf_isaac_gxf_helpers:/workspaces/isaac_ros-dev/install/gxf_isaac_atlas:/workspaces/isaac_ros-dev/install/gxf_isaac_sight:/workspaces/isaac_ros-dev/install/gxf_isaac_optimizer:/workspaces/isaac_ros-dev/install/gxf_isaac_message_compositor:/workspaces/isaac_ros-dev/install/gxf_isaac_gems:/workspaces/isaac_ros-dev/install/isaac_ros_gxf:/workspaces/isaac_ros-dev/install/isaac_ros_common:/usr/local/libcudss-linux-0.3.0.9_cuda12-archive:/workspaces/isaac_ros-dev/install/isaac_ros_test:/workspaces/isaac_ros-dev/install/isaac_ros_launch_utils:/workspaces/isaac_ros-dev/install/isaac_common_py:/opt/ros/humble'), ('TF_AUTOTUNE_THRESHOLD', '2'), ('TRT_LIB_PATH', '/usr/lib/x86_64-linux-gnu')]), 'shell': False}
[28.188246] (isaac_ros_nitros_tensor_list_type) JobProgress: {'identifier': 'isaac_ros_nitros_tensor_list_type', 'progress': 'cmake'}
[28.188794] (isaac_ros_nitros_tensor_list_type) Command: {'cmd': ['/usr/bin/cmake', '/workspaces/isaac_ros-dev/src/isaac_ros_nitros/isaac_ros_nitros_type/isaac_ros_nitros_tensor_list_type', '-DBUILD_TESTING=OFF', '-DAMENT_CMAKE_SYMLINK_INSTALL=1', '-DCMAKE_INSTALL_PREFIX=/workspaces/isaac_ros-dev/install/isaac_ros_nitros_tensor_list_type'], 'cwd': '/workspaces/isaac_ros-dev/build/isaac_ros_nitros_tensor_list_type', 'env': OrderedDict([('DALI_BUILD', '16741769'), ('LIBRARY_PATH', '/usr/local/cuda/lib64/stubs:'), ('NVIDIA_CTK_LIBCUDA_DIR', '/usr/lib/x86_64-linux-gnu/nvidia/current'), ('PYTHONWARNINGS', 'ignore:::setuptools.command.install,ignore:::setuptools.command.easy_install,ignore:::pkg_resources,ignore:::setuptools.command.develop'), ('USER', 'diego'), ('TRT_INC_PATH', '/usr/include/x86_64-linux-gnu'), ('TF_ADJUST_SATURATION_FUSED', '1'), ('CUSOLVER_VERSION', '11.6.4.38'), ('HOSTNAME', 'debian'), ('CUTENSOR_VERSION', '2.0.2.5'), ('SHLVL', '1'), ('LD_LIBRARY_PATH', '/workspaces/isaac_ros-dev/install/isaac_ros_nitros/lib:/workspaces/isaac_ros-dev/install/gxf_isaac_gxf_helpers/lib:/workspaces/isaac_ros-dev/install/gxf_isaac_atlas/lib:/workspaces/isaac_ros-dev/install/gxf_isaac_sight/lib:/workspaces/isaac_ros-dev/install/gxf_isaac_optimizer/lib:/workspaces/isaac_ros-dev/install/gxf_isaac_message_compositor/lib:/workspaces/isaac_ros-dev/install/gxf_isaac_gems/lib:/workspaces/isaac_ros-dev/install/isaac_ros_tensor_list_interfaces/lib:/workspaces/isaac_ros-dev/install/isaac_ros_gxf/lib:/workspaces/isaac_ros-dev/install/isaac_ros_common/lib:/opt/ros/humble/opt/openvdb_vendor/lib:/opt/ros/humble/opt/rviz_ogre_vendor/lib:/opt/ros/humble/lib/x86_64-linux-gnu:/opt/ros/humble/lib:/usr/local/libcudss-linux-0.3.0.9_cuda12-archive/lib:/opt/hpcx/ucc/lib/:/opt/hpcx/ucx/lib/:/usr/local/cuda/compat/lib:/usr/local/nvidia/lib:/usr/local/nvidia/lib64:/opt/tritonserver/lib'), ('HOME', '/home/admin'), ('NVIDIA_TRITON_SERVER_VERSION', '24.08'), ('OLDPWD', '/workspaces/isaac_ros-dev'), ('HOST_USER_GID', '1000'), ('CUDA_CACHE_DISABLE', '1'), ('ROS_PYTHON_VERSION', '3'), ('MODEL_OPT_VERSION', '0.15.0'), ('ENV', '/etc/shinit_v2'), ('RDMACORE_VERSION', '39.0'), ('NVJPEG_VERSION', '12.3.3.23'), ('NVIDIA_BUILD_ID', '107631419'), ('CUDA_VERSION', '12.6.0.022'), ('TCMALLOC_RELEASE_RATE', '200'), ('CUBLAS_VERSION', '12.6.0.22'), ('NSIGHT_SYSTEMS_VERSION', '2024.4.2.133'), ('COLCON_PREFIX_PATH', '/workspaces/isaac_ros-dev/install'), ('CUDA_VISIBLE_DEVICES', '0'), ('ROS_DISTRO', 'humble'), ('OPAL_PREFIX', '/opt/hpcx/ompi'), ('NVIDIA_REQUIRE_CUDA', 'cuda>=9.0'), ('TRT_VERSION', '10.3.0.26+cuda12.5.1.007'), ('GDRCOPY_VERSION', '2.3.1-1'), ('_', '/usr/bin/colcon'), ('ROS_VERSION', '2'), ('NVIDIA_DRIVER_CAPABILITIES', 'compute,utility,graphics'), ('POLYGRAPHY_VERSION', '0.49.13'), ('CURAND_VERSION', '10.3.7.37'), ('MOFED_VERSION', '5.4-rdmacore39.0'), ('USERNAME', 'admin'), ('TERM', 'xterm'), ('ISAAC_ROS_WS', '/workspaces/isaac_ros-dev'), ('ROS_LOCALHOST_ONLY', '0'), ('TRANSFORMER_ENGINE_VERSION', '1.9'), ('PATH', '/workspaces/isaac_ros-dev/install/isaac_ros_common/bin:/opt/ros/humble/bin:/opt/ros/humble/vcstool/scripts:/opt/tritonserver/bin:/usr/local/mpi/bin:/usr/local/nvidia/bin:/usr/local/cuda/bin:/usr/local/sbin:/usr/local/bin:/usr/sbin:/usr/bin:/sbin:/bin:/usr/local/ucx/bin'), ('HOST_USER_UID', '1000'), ('CUDSS_DIR', '/usr/local/libcudss-linux-0.3.0.9_cuda12-archive'), ('CUDA_DRIVER_VERSION', '560.35.03'), ('_CUDA_COMPAT_STATUS', 'Unknown error (CUDA_ERROR_UNKNOWN) cuInit()=999'), ('DISPLAY', ':1'), ('NVIDIA_PRODUCT_NAME', 'Triton Server'), ('LANG', 'en_US.UTF-8'), ('RMW_IMPLEMENTATION', 'rmw_fastrtps_cpp'), ('NPP_VERSION', '12.3.1.23'), ('ROS_ROOT', '/opt/ros/humble'), ('UCX_MEM_EVENTS', 'no'), ('CUFFT_VERSION', '11.2.6.28'), ('SSH_AUTH_SOCK', '/ssh-agent'), ('TF_ENABLE_WINOGRAD_NONFUSED', '1'), ('AMENT_PREFIX_PATH', '/workspaces/isaac_ros-dev/install/isaac_ros_nitros:/workspaces/isaac_ros-dev/install/gxf_isaac_gxf_helpers:/workspaces/isaac_ros-dev/install/gxf_isaac_atlas:/workspaces/isaac_ros-dev/install/gxf_isaac_sight:/workspaces/isaac_ros-dev/install/gxf_isaac_optimizer:/workspaces/isaac_ros-dev/install/gxf_isaac_message_compositor:/workspaces/isaac_ros-dev/install/gxf_isaac_gems:/workspaces/isaac_ros-dev/install/isaac_ros_test:/workspaces/isaac_ros-dev/install/isaac_ros_tensor_list_interfaces:/workspaces/isaac_ros-dev/install/isaac_ros_gxf:/workspaces/isaac_ros-dev/install/isaac_ros_launch_utils:/workspaces/isaac_ros-dev/install/isaac_ros_common:/workspaces/isaac_ros-dev/install/isaac_common_py:/opt/ros/humble'), ('CUDNN_VERSION', '9.3.0.75'), ('NSIGHT_COMPUTE_VERSION', '2024.3.0.15'), ('DALI_VERSION', '1.40.0'), ('DEBIAN_FRONTEND', 'noninteractive'), ('SHELL', '/bin/bash'), ('DCGM_VERSION', '3.2.6'), ('CUDNN_FRONTEND_VERSION', '1.5.2'), ('OPENMPI_VERSION', '4.1.7'), ('TRTOSS_VERSION', '24.08'), ('OMPI_MCA_coll_hcoll_enable', '0'), ('CUSPARSE_VERSION', '12.5.2.23'), ('NVIDIA_REQUIRE_JETPACK_HOST_MOUNTS', ''), ('TRITON_SERVER_GPU_ENABLED', '1'), ('TRITON_SERVER_VERSION', '2.49.0'), ('BASH_ENV', '/etc/bash.bashrc'), ('PWD', '/workspaces/isaac_ros-dev/build/isaac_ros_nitros_tensor_list_type'), ('CUSPARSELT_VERSION', '0.6.2.3'), ('PYTHONPATH', '/workspaces/isaac_ros-dev/build/isaac_ros_test:/workspaces/isaac_ros-dev/install/isaac_ros_test/lib/python3.10/site-packages:/workspaces/isaac_ros-dev/install/isaac_ros_tensor_list_interfaces/local/lib/python3.10/dist-packages:/workspaces/isaac_ros-dev/build/isaac_ros_launch_utils:/workspaces/isaac_ros-dev/install/isaac_ros_launch_utils/lib/python3.10/site-packages:/workspaces/isaac_ros-dev/install/isaac_ros_common/local/lib/python3.10/dist-packages:/workspaces/isaac_ros-dev/build/isaac_common_py:/workspaces/isaac_ros-dev/install/isaac_common_py/lib/python3.10/site-packages:/opt/ros/humble/lib/python3.10/site-packages:/opt/ros/humble/local/lib/python3.10/dist-packages:/opt/ros/humble/vcstool:/opt/tritonserver/backends/dali/wheel/dali'), ('_CUDA_COMPAT_PATH', '/usr/local/cuda/compat'), ('TRITON_SERVER_USER', 'triton-server'), ('TF_ADJUST_HUE_FUSED', '1'), ('NVIDIA_VISIBLE_DEVICES', 'void'), ('NCCL_VERSION', '2.22.3'), ('COLCON', '1'), ('OPENUCX_VERSION', '1.17.0'), ('HPCX_VERSION', '2.19'), ('CMAKE_PREFIX_PATH', '/workspaces/isaac_ros-dev/install/isaac_ros_nitros:/workspaces/isaac_ros-dev/install/gxf_isaac_gxf_helpers:/workspaces/isaac_ros-dev/install/gxf_isaac_atlas:/workspaces/isaac_ros-dev/install/gxf_isaac_sight:/workspaces/isaac_ros-dev/install/gxf_isaac_optimizer:/workspaces/isaac_ros-dev/install/gxf_isaac_message_compositor:/workspaces/isaac_ros-dev/install/gxf_isaac_gems:/workspaces/isaac_ros-dev/install/isaac_ros_tensor_list_interfaces:/workspaces/isaac_ros-dev/install/isaac_ros_gxf:/workspaces/isaac_ros-dev/install/isaac_ros_common:/usr/local/libcudss-linux-0.3.0.9_cuda12-archive:/workspaces/isaac_ros-dev/install/isaac_ros_test:/workspaces/isaac_ros-dev/install/isaac_ros_launch_utils:/workspaces/isaac_ros-dev/install/isaac_common_py:/opt/ros/humble'), ('TF_AUTOTUNE_THRESHOLD', '2'), ('TRT_LIB_PATH', '/usr/lib/x86_64-linux-gnu')]), 'shell': False}
[28.190712] (isaac_ros_nitros_camera_info_type) JobProgress: {'identifier': 'isaac_ros_nitros_camera_info_type', 'progress': 'cmake'}
[28.191031] (isaac_ros_nitros_camera_info_type) Command: {'cmd': ['/usr/bin/cmake', '/workspaces/isaac_ros-dev/src/isaac_ros_nitros/isaac_ros_nitros_type/isaac_ros_nitros_camera_info_type', '-DBUILD_TESTING=OFF', '-DAMENT_CMAKE_SYMLINK_INSTALL=1', '-DCMAKE_INSTALL_PREFIX=/workspaces/isaac_ros-dev/install/isaac_ros_nitros_camera_info_type'], 'cwd': '/workspaces/isaac_ros-dev/build/isaac_ros_nitros_camera_info_type', 'env': OrderedDict([('DALI_BUILD', '16741769'), ('LIBRARY_PATH', '/usr/local/cuda/lib64/stubs:'), ('NVIDIA_CTK_LIBCUDA_DIR', '/usr/lib/x86_64-linux-gnu/nvidia/current'), ('PYTHONWARNINGS', 'ignore:::setuptools.command.install,ignore:::setuptools.command.easy_install,ignore:::pkg_resources,ignore:::setuptools.command.develop'), ('USER', 'diego'), ('TRT_INC_PATH', '/usr/include/x86_64-linux-gnu'), ('TF_ADJUST_SATURATION_FUSED', '1'), ('CUSOLVER_VERSION', '11.6.4.38'), ('HOSTNAME', 'debian'), ('CUTENSOR_VERSION', '2.0.2.5'), ('SHLVL', '1'), ('LD_LIBRARY_PATH', '/workspaces/isaac_ros-dev/install/isaac_ros_nitros/lib:/workspaces/isaac_ros-dev/install/gxf_isaac_gxf_helpers/lib:/workspaces/isaac_ros-dev/install/gxf_isaac_atlas/lib:/workspaces/isaac_ros-dev/install/gxf_isaac_sight/lib:/workspaces/isaac_ros-dev/install/gxf_isaac_optimizer/lib:/workspaces/isaac_ros-dev/install/gxf_isaac_message_compositor/lib:/workspaces/isaac_ros-dev/install/gxf_isaac_gems/lib:/workspaces/isaac_ros-dev/install/isaac_ros_gxf/lib:/workspaces/isaac_ros-dev/install/isaac_ros_common/lib:/opt/ros/humble/opt/openvdb_vendor/lib:/opt/ros/humble/opt/rviz_ogre_vendor/lib:/opt/ros/humble/lib/x86_64-linux-gnu:/opt/ros/humble/lib:/usr/local/libcudss-linux-0.3.0.9_cuda12-archive/lib:/opt/hpcx/ucc/lib/:/opt/hpcx/ucx/lib/:/usr/local/cuda/compat/lib:/usr/local/nvidia/lib:/usr/local/nvidia/lib64:/opt/tritonserver/lib'), ('HOME', '/home/admin'), ('NVIDIA_TRITON_SERVER_VERSION', '24.08'), ('OLDPWD', '/workspaces/isaac_ros-dev'), ('HOST_USER_GID', '1000'), ('CUDA_CACHE_DISABLE', '1'), ('ROS_PYTHON_VERSION', '3'), ('MODEL_OPT_VERSION', '0.15.0'), ('ENV', '/etc/shinit_v2'), ('RDMACORE_VERSION', '39.0'), ('NVJPEG_VERSION', '12.3.3.23'), ('NVIDIA_BUILD_ID', '107631419'), ('CUDA_VERSION', '12.6.0.022'), ('TCMALLOC_RELEASE_RATE', '200'), ('CUBLAS_VERSION', '12.6.0.22'), ('NSIGHT_SYSTEMS_VERSION', '2024.4.2.133'), ('COLCON_PREFIX_PATH', '/workspaces/isaac_ros-dev/install'), ('CUDA_VISIBLE_DEVICES', '0'), ('ROS_DISTRO', 'humble'), ('OPAL_PREFIX', '/opt/hpcx/ompi'), ('NVIDIA_REQUIRE_CUDA', 'cuda>=9.0'), ('TRT_VERSION', '10.3.0.26+cuda12.5.1.007'), ('GDRCOPY_VERSION', '2.3.1-1'), ('_', '/usr/bin/colcon'), ('ROS_VERSION', '2'), ('NVIDIA_DRIVER_CAPABILITIES', 'compute,utility,graphics'), ('POLYGRAPHY_VERSION', '0.49.13'), ('CURAND_VERSION', '10.3.7.37'), ('MOFED_VERSION', '5.4-rdmacore39.0'), ('USERNAME', 'admin'), ('TERM', 'xterm'), ('ISAAC_ROS_WS', '/workspaces/isaac_ros-dev'), ('ROS_LOCALHOST_ONLY', '0'), ('TRANSFORMER_ENGINE_VERSION', '1.9'), ('PATH', '/workspaces/isaac_ros-dev/install/isaac_ros_common/bin:/opt/ros/humble/bin:/opt/ros/humble/vcstool/scripts:/opt/tritonserver/bin:/usr/local/mpi/bin:/usr/local/nvidia/bin:/usr/local/cuda/bin:/usr/local/sbin:/usr/local/bin:/usr/sbin:/usr/bin:/sbin:/bin:/usr/local/ucx/bin'), ('HOST_USER_UID', '1000'), ('CUDSS_DIR', '/usr/local/libcudss-linux-0.3.0.9_cuda12-archive'), ('CUDA_DRIVER_VERSION', '560.35.03'), ('_CUDA_COMPAT_STATUS', 'Unknown error (CUDA_ERROR_UNKNOWN) cuInit()=999'), ('DISPLAY', ':1'), ('NVIDIA_PRODUCT_NAME', 'Triton Server'), ('LANG', 'en_US.UTF-8'), ('RMW_IMPLEMENTATION', 'rmw_fastrtps_cpp'), ('NPP_VERSION', '12.3.1.23'), ('ROS_ROOT', '/opt/ros/humble'), ('UCX_MEM_EVENTS', 'no'), ('CUFFT_VERSION', '11.2.6.28'), ('SSH_AUTH_SOCK', '/ssh-agent'), ('TF_ENABLE_WINOGRAD_NONFUSED', '1'), ('AMENT_PREFIX_PATH', '/workspaces/isaac_ros-dev/install/isaac_ros_nitros:/workspaces/isaac_ros-dev/install/gxf_isaac_gxf_helpers:/workspaces/isaac_ros-dev/install/gxf_isaac_atlas:/workspaces/isaac_ros-dev/install/gxf_isaac_sight:/workspaces/isaac_ros-dev/install/gxf_isaac_optimizer:/workspaces/isaac_ros-dev/install/gxf_isaac_message_compositor:/workspaces/isaac_ros-dev/install/gxf_isaac_gems:/workspaces/isaac_ros-dev/install/isaac_ros_test:/workspaces/isaac_ros-dev/install/isaac_ros_gxf:/workspaces/isaac_ros-dev/install/isaac_ros_launch_utils:/workspaces/isaac_ros-dev/install/isaac_ros_common:/workspaces/isaac_ros-dev/install/isaac_common_py:/opt/ros/humble'), ('CUDNN_VERSION', '9.3.0.75'), ('NSIGHT_COMPUTE_VERSION', '2024.3.0.15'), ('DALI_VERSION', '1.40.0'), ('DEBIAN_FRONTEND', 'noninteractive'), ('SHELL', '/bin/bash'), ('DCGM_VERSION', '3.2.6'), ('CUDNN_FRONTEND_VERSION', '1.5.2'), ('OPENMPI_VERSION', '4.1.7'), ('TRTOSS_VERSION', '24.08'), ('OMPI_MCA_coll_hcoll_enable', '0'), ('CUSPARSE_VERSION', '12.5.2.23'), ('NVIDIA_REQUIRE_JETPACK_HOST_MOUNTS', ''), ('TRITON_SERVER_GPU_ENABLED', '1'), ('TRITON_SERVER_VERSION', '2.49.0'), ('BASH_ENV', '/etc/bash.bashrc'), ('PWD', '/workspaces/isaac_ros-dev/build/isaac_ros_nitros_camera_info_type'), ('CUSPARSELT_VERSION', '0.6.2.3'), ('PYTHONPATH', '/workspaces/isaac_ros-dev/build/isaac_ros_test:/workspaces/isaac_ros-dev/install/isaac_ros_test/lib/python3.10/site-packages:/workspaces/isaac_ros-dev/build/isaac_ros_launch_utils:/workspaces/isaac_ros-dev/install/isaac_ros_launch_utils/lib/python3.10/site-packages:/workspaces/isaac_ros-dev/install/isaac_ros_common/local/lib/python3.10/dist-packages:/workspaces/isaac_ros-dev/build/isaac_common_py:/workspaces/isaac_ros-dev/install/isaac_common_py/lib/python3.10/site-packages:/opt/ros/humble/lib/python3.10/site-packages:/opt/ros/humble/local/lib/python3.10/dist-packages:/opt/ros/humble/vcstool:/opt/tritonserver/backends/dali/wheel/dali'), ('_CUDA_COMPAT_PATH', '/usr/local/cuda/compat'), ('TRITON_SERVER_USER', 'triton-server'), ('TF_ADJUST_HUE_FUSED', '1'), ('NVIDIA_VISIBLE_DEVICES', 'void'), ('NCCL_VERSION', '2.22.3'), ('COLCON', '1'), ('OPENUCX_VERSION', '1.17.0'), ('HPCX_VERSION', '2.19'), ('CMAKE_PREFIX_PATH', '/workspaces/isaac_ros-dev/install/isaac_ros_nitros:/workspaces/isaac_ros-dev/install/gxf_isaac_gxf_helpers:/workspaces/isaac_ros-dev/install/gxf_isaac_atlas:/workspaces/isaac_ros-dev/install/gxf_isaac_sight:/workspaces/isaac_ros-dev/install/gxf_isaac_optimizer:/workspaces/isaac_ros-dev/install/gxf_isaac_message_compositor:/workspaces/isaac_ros-dev/install/gxf_isaac_gems:/workspaces/isaac_ros-dev/install/isaac_ros_gxf:/workspaces/isaac_ros-dev/install/isaac_ros_common:/usr/local/libcudss-linux-0.3.0.9_cuda12-archive:/workspaces/isaac_ros-dev/install/isaac_ros_test:/workspaces/isaac_ros-dev/install/isaac_ros_launch_utils:/workspaces/isaac_ros-dev/install/isaac_common_py:/opt/ros/humble'), ('TF_AUTOTUNE_THRESHOLD', '2'), ('TRT_LIB_PATH', '/usr/lib/x86_64-linux-gnu')]), 'shell': False}
[28.193853] (isaac_ros_nitros_detection3_d_array_type) JobProgress: {'identifier': 'isaac_ros_nitros_detection3_d_array_type', 'progress': 'cmake'}
[28.194176] (isaac_ros_nitros_detection3_d_array_type) Command: {'cmd': ['/usr/bin/cmake', '/workspaces/isaac_ros-dev/src/isaac_ros_nitros/isaac_ros_nitros_type/isaac_ros_nitros_detection3_d_array_type', '-DBUILD_TESTING=OFF', '-DAMENT_CMAKE_SYMLINK_INSTALL=1', '-DCMAKE_INSTALL_PREFIX=/workspaces/isaac_ros-dev/install/isaac_ros_nitros_detection3_d_array_type'], 'cwd': '/workspaces/isaac_ros-dev/build/isaac_ros_nitros_detection3_d_array_type', 'env': OrderedDict([('DALI_BUILD', '16741769'), ('LIBRARY_PATH', '/usr/local/cuda/lib64/stubs:'), ('NVIDIA_CTK_LIBCUDA_DIR', '/usr/lib/x86_64-linux-gnu/nvidia/current'), ('PYTHONWARNINGS', 'ignore:::setuptools.command.install,ignore:::setuptools.command.easy_install,ignore:::pkg_resources,ignore:::setuptools.command.develop'), ('USER', 'diego'), ('TRT_INC_PATH', '/usr/include/x86_64-linux-gnu'), ('TF_ADJUST_SATURATION_FUSED', '1'), ('CUSOLVER_VERSION', '11.6.4.38'), ('HOSTNAME', 'debian'), ('CUTENSOR_VERSION', '2.0.2.5'), ('SHLVL', '1'), ('LD_LIBRARY_PATH', '/workspaces/isaac_ros-dev/install/isaac_ros_nitros/lib:/workspaces/isaac_ros-dev/install/gxf_isaac_messages/lib:/workspaces/isaac_ros-dev/install/gxf_isaac_gxf_helpers/lib:/workspaces/isaac_ros-dev/install/gxf_isaac_atlas/lib:/workspaces/isaac_ros-dev/install/gxf_isaac_sight/lib:/workspaces/isaac_ros-dev/install/gxf_isaac_optimizer/lib:/workspaces/isaac_ros-dev/install/gxf_isaac_message_compositor/lib:/workspaces/isaac_ros-dev/install/gxf_isaac_gems/lib:/workspaces/isaac_ros-dev/install/isaac_ros_gxf/lib:/workspaces/isaac_ros-dev/install/isaac_ros_common/lib:/opt/ros/humble/opt/openvdb_vendor/lib:/opt/ros/humble/opt/rviz_ogre_vendor/lib:/opt/ros/humble/lib/x86_64-linux-gnu:/opt/ros/humble/lib:/usr/local/libcudss-linux-0.3.0.9_cuda12-archive/lib:/opt/hpcx/ucc/lib/:/opt/hpcx/ucx/lib/:/usr/local/cuda/compat/lib:/usr/local/nvidia/lib:/usr/local/nvidia/lib64:/opt/tritonserver/lib'), ('HOME', '/home/admin'), ('NVIDIA_TRITON_SERVER_VERSION', '24.08'), ('OLDPWD', '/workspaces/isaac_ros-dev'), ('HOST_USER_GID', '1000'), ('CUDA_CACHE_DISABLE', '1'), ('ROS_PYTHON_VERSION', '3'), ('MODEL_OPT_VERSION', '0.15.0'), ('ENV', '/etc/shinit_v2'), ('RDMACORE_VERSION', '39.0'), ('NVJPEG_VERSION', '12.3.3.23'), ('NVIDIA_BUILD_ID', '107631419'), ('CUDA_VERSION', '12.6.0.022'), ('TCMALLOC_RELEASE_RATE', '200'), ('CUBLAS_VERSION', '12.6.0.22'), ('NSIGHT_SYSTEMS_VERSION', '2024.4.2.133'), ('COLCON_PREFIX_PATH', '/workspaces/isaac_ros-dev/install'), ('CUDA_VISIBLE_DEVICES', '0'), ('ROS_DISTRO', 'humble'), ('OPAL_PREFIX', '/opt/hpcx/ompi'), ('NVIDIA_REQUIRE_CUDA', 'cuda>=9.0'), ('TRT_VERSION', '10.3.0.26+cuda12.5.1.007'), ('GDRCOPY_VERSION', '2.3.1-1'), ('_', '/usr/bin/colcon'), ('ROS_VERSION', '2'), ('NVIDIA_DRIVER_CAPABILITIES', 'compute,utility,graphics'), ('POLYGRAPHY_VERSION', '0.49.13'), ('CURAND_VERSION', '10.3.7.37'), ('MOFED_VERSION', '5.4-rdmacore39.0'), ('USERNAME', 'admin'), ('TERM', 'xterm'), ('ISAAC_ROS_WS', '/workspaces/isaac_ros-dev'), ('ROS_LOCALHOST_ONLY', '0'), ('TRANSFORMER_ENGINE_VERSION', '1.9'), ('PATH', '/workspaces/isaac_ros-dev/install/isaac_ros_common/bin:/opt/ros/humble/bin:/opt/ros/humble/vcstool/scripts:/opt/tritonserver/bin:/usr/local/mpi/bin:/usr/local/nvidia/bin:/usr/local/cuda/bin:/usr/local/sbin:/usr/local/bin:/usr/sbin:/usr/bin:/sbin:/bin:/usr/local/ucx/bin'), ('HOST_USER_UID', '1000'), ('CUDSS_DIR', '/usr/local/libcudss-linux-0.3.0.9_cuda12-archive'), ('CUDA_DRIVER_VERSION', '560.35.03'), ('_CUDA_COMPAT_STATUS', 'Unknown error (CUDA_ERROR_UNKNOWN) cuInit()=999'), ('DISPLAY', ':1'), ('NVIDIA_PRODUCT_NAME', 'Triton Server'), ('LANG', 'en_US.UTF-8'), ('RMW_IMPLEMENTATION', 'rmw_fastrtps_cpp'), ('NPP_VERSION', '12.3.1.23'), ('ROS_ROOT', '/opt/ros/humble'), ('UCX_MEM_EVENTS', 'no'), ('CUFFT_VERSION', '11.2.6.28'), ('SSH_AUTH_SOCK', '/ssh-agent'), ('TF_ENABLE_WINOGRAD_NONFUSED', '1'), ('AMENT_PREFIX_PATH', '/workspaces/isaac_ros-dev/install/isaac_ros_nitros:/workspaces/isaac_ros-dev/install/gxf_isaac_messages:/workspaces/isaac_ros-dev/install/gxf_isaac_gxf_helpers:/workspaces/isaac_ros-dev/install/gxf_isaac_atlas:/workspaces/isaac_ros-dev/install/gxf_isaac_sight:/workspaces/isaac_ros-dev/install/gxf_isaac_optimizer:/workspaces/isaac_ros-dev/install/gxf_isaac_message_compositor:/workspaces/isaac_ros-dev/install/gxf_isaac_gems:/workspaces/isaac_ros-dev/install/isaac_ros_test:/workspaces/isaac_ros-dev/install/isaac_ros_gxf:/workspaces/isaac_ros-dev/install/isaac_ros_launch_utils:/workspaces/isaac_ros-dev/install/isaac_ros_common:/workspaces/isaac_ros-dev/install/isaac_common_py:/opt/ros/humble'), ('CUDNN_VERSION', '9.3.0.75'), ('NSIGHT_COMPUTE_VERSION', '2024.3.0.15'), ('DALI_VERSION', '1.40.0'), ('DEBIAN_FRONTEND', 'noninteractive'), ('SHELL', '/bin/bash'), ('DCGM_VERSION', '3.2.6'), ('CUDNN_FRONTEND_VERSION', '1.5.2'), ('OPENMPI_VERSION', '4.1.7'), ('TRTOSS_VERSION', '24.08'), ('OMPI_MCA_coll_hcoll_enable', '0'), ('CUSPARSE_VERSION', '12.5.2.23'), ('NVIDIA_REQUIRE_JETPACK_HOST_MOUNTS', ''), ('TRITON_SERVER_GPU_ENABLED', '1'), ('TRITON_SERVER_VERSION', '2.49.0'), ('BASH_ENV', '/etc/bash.bashrc'), ('PWD', '/workspaces/isaac_ros-dev/build/isaac_ros_nitros_detection3_d_array_type'), ('CUSPARSELT_VERSION', '0.6.2.3'), ('PYTHONPATH', '/workspaces/isaac_ros-dev/build/isaac_ros_test:/workspaces/isaac_ros-dev/install/isaac_ros_test/lib/python3.10/site-packages:/workspaces/isaac_ros-dev/build/isaac_ros_launch_utils:/workspaces/isaac_ros-dev/install/isaac_ros_launch_utils/lib/python3.10/site-packages:/workspaces/isaac_ros-dev/install/isaac_ros_common/local/lib/python3.10/dist-packages:/workspaces/isaac_ros-dev/build/isaac_common_py:/workspaces/isaac_ros-dev/install/isaac_common_py/lib/python3.10/site-packages:/opt/ros/humble/lib/python3.10/site-packages:/opt/ros/humble/local/lib/python3.10/dist-packages:/opt/ros/humble/vcstool:/opt/tritonserver/backends/dali/wheel/dali'), ('_CUDA_COMPAT_PATH', '/usr/local/cuda/compat'), ('TRITON_SERVER_USER', 'triton-server'), ('TF_ADJUST_HUE_FUSED', '1'), ('NVIDIA_VISIBLE_DEVICES', 'void'), ('NCCL_VERSION', '2.22.3'), ('COLCON', '1'), ('OPENUCX_VERSION', '1.17.0'), ('HPCX_VERSION', '2.19'), ('CMAKE_PREFIX_PATH', '/workspaces/isaac_ros-dev/install/isaac_ros_nitros:/workspaces/isaac_ros-dev/install/gxf_isaac_messages:/workspaces/isaac_ros-dev/install/gxf_isaac_gxf_helpers:/workspaces/isaac_ros-dev/install/gxf_isaac_atlas:/workspaces/isaac_ros-dev/install/gxf_isaac_sight:/workspaces/isaac_ros-dev/install/gxf_isaac_optimizer:/workspaces/isaac_ros-dev/install/gxf_isaac_message_compositor:/workspaces/isaac_ros-dev/install/gxf_isaac_gems:/workspaces/isaac_ros-dev/install/isaac_ros_gxf:/workspaces/isaac_ros-dev/install/isaac_ros_common:/usr/local/libcudss-linux-0.3.0.9_cuda12-archive:/workspaces/isaac_ros-dev/install/isaac_ros_test:/workspaces/isaac_ros-dev/install/isaac_ros_launch_utils:/workspaces/isaac_ros-dev/install/isaac_common_py:/opt/ros/humble'), ('TF_AUTOTUNE_THRESHOLD', '2'), ('TRT_LIB_PATH', '/usr/lib/x86_64-linux-gnu')]), 'shell': False}
[28.258301] (isaac_ros_nitros_image_type) StdoutLine: {'line': b'-- The C compiler identification is GNU 11.4.0\n'}
[28.259051] (isaac_ros_nitros_tensor_list_type) StdoutLine: {'line': b'-- The C compiler identification is GNU 11.4.0\n'}
[28.262707] (isaac_ros_nitros_camera_info_type) StdoutLine: {'line': b'-- The C compiler identification is GNU 11.4.0\n'}
[28.265091] (isaac_ros_nitros_detection3_d_array_type) StdoutLine: {'line': b'-- The C compiler identification is GNU 11.4.0\n'}
[28.266840] (-) TimerEvent: {}
[28.305398] (isaac_ros_nitros_image_type) StdoutLine: {'line': b'-- The CXX compiler identification is GNU 11.4.0\n'}
[28.306048] (isaac_ros_nitros_tensor_list_type) StdoutLine: {'line': b'-- The CXX compiler identification is GNU 11.4.0\n'}
[28.306584] (isaac_ros_nitros_camera_info_type) StdoutLine: {'line': b'-- The CXX compiler identification is GNU 11.4.0\n'}
[28.310615] (isaac_ros_nitros_image_type) StdoutLine: {'line': b'-- Detecting C compiler ABI info\n'}
[28.312154] (isaac_ros_nitros_tensor_list_type) StdoutLine: {'line': b'-- Detecting C compiler ABI info\n'}
[28.312370] (isaac_ros_nitros_camera_info_type) StdoutLine: {'line': b'-- Detecting C compiler ABI info\n'}
[28.313243] (isaac_ros_nitros_detection3_d_array_type) StdoutLine: {'line': b'-- The CXX compiler identification is GNU 11.4.0\n'}
[28.319879] (isaac_ros_nitros_detection3_d_array_type) StdoutLine: {'line': b'-- Detecting C compiler ABI info\n'}
[28.367118] (-) TimerEvent: {}
[28.368496] (isaac_ros_nitros_image_type) StdoutLine: {'line': b'-- Detecting C compiler ABI info - done\n'}
[28.378384] (isaac_ros_nitros_tensor_list_type) StdoutLine: {'line': b'-- Detecting C compiler ABI info - done\n'}
[28.380344] (isaac_ros_nitros_image_type) StdoutLine: {'line': b'-- Check for working C compiler: /usr/bin/cc - skipped\n'}
[28.380808] (isaac_ros_nitros_image_type) StdoutLine: {'line': b'-- Detecting C compile features\n'}
[28.381450] (isaac_ros_nitros_image_type) StdoutLine: {'line': b'-- Detecting C compile features - done\n'}
[28.385398] (isaac_ros_nitros_camera_info_type) StdoutLine: {'line': b'-- Detecting C compiler ABI info - done\n'}
[28.386461] (isaac_ros_nitros_image_type) StdoutLine: {'line': b'-- Detecting CXX compiler ABI info\n'}
[28.390645] (isaac_ros_nitros_tensor_list_type) StdoutLine: {'line': b'-- Check for working C compiler: /usr/bin/cc - skipped\n'}
[28.390939] (isaac_ros_nitros_tensor_list_type) StdoutLine: {'line': b'-- Detecting C compile features\n'}
[28.391467] (isaac_ros_nitros_tensor_list_type) StdoutLine: {'line': b'-- Detecting C compile features - done\n'}
[28.395386] (isaac_ros_nitros_detection3_d_array_type) StdoutLine: {'line': b'-- Detecting C compiler ABI info - done\n'}
[28.395702] (isaac_ros_nitros_tensor_list_type) StdoutLine: {'line': b'-- Detecting CXX compiler ABI info\n'}
[28.397925] (isaac_ros_nitros_camera_info_type) StdoutLine: {'line': b'-- Check for working C compiler: /usr/bin/cc - skipped\n'}
[28.398326] (isaac_ros_nitros_camera_info_type) StdoutLine: {'line': b'-- Detecting C compile features\n'}
[28.398808] (isaac_ros_nitros_camera_info_type) StdoutLine: {'line': b'-- Detecting C compile features - done\n'}
[28.402291] (isaac_ros_nitros_camera_info_type) StdoutLine: {'line': b'-- Detecting CXX compiler ABI info\n'}
[28.404526] (isaac_ros_nitros_detection3_d_array_type) StdoutLine: {'line': b'-- Check for working C compiler: /usr/bin/cc - skipped\n'}
[28.404950] (isaac_ros_nitros_detection3_d_array_type) StdoutLine: {'line': b'-- Detecting C compile features\n'}
[28.405631] (isaac_ros_nitros_detection3_d_array_type) StdoutLine: {'line': b'-- Detecting C compile features - done\n'}
[28.410038] (isaac_ros_nitros_detection3_d_array_type) StdoutLine: {'line': b'-- Detecting CXX compiler ABI info\n'}
[28.467228] (-) TimerEvent: {}
[28.467464] (isaac_ros_nitros_image_type) StdoutLine: {'line': b'-- Detecting CXX compiler ABI info - done\n'}
[28.472015] (isaac_ros_nitros_camera_info_type) StdoutLine: {'line': b'-- Detecting CXX compiler ABI info - done\n'}
[28.472266] (isaac_ros_nitros_tensor_list_type) StdoutLine: {'line': b'-- Detecting CXX compiler ABI info - done\n'}
[28.473897] (isaac_ros_nitros_image_type) StdoutLine: {'line': b'-- Check for working CXX compiler: /usr/bin/c++ - skipped\n'}
[28.474082] (isaac_ros_nitros_image_type) StdoutLine: {'line': b'-- Detecting CXX compile features\n'}
[28.474427] (isaac_ros_nitros_image_type) StdoutLine: {'line': b'-- Detecting CXX compile features - done\n'}
[28.477409] (isaac_ros_nitros_tensor_list_type) StdoutLine: {'line': b'-- Check for working CXX compiler: /usr/bin/c++ - skipped\n'}
[28.477628] (isaac_ros_nitros_tensor_list_type) StdoutLine: {'line': b'-- Detecting CXX compile features\n'}
[28.477915] (isaac_ros_nitros_tensor_list_type) StdoutLine: {'line': b'-- Detecting CXX compile features - done\n'}
[28.479261] (isaac_ros_nitros_image_type) StdoutLine: {'line': b'-- Found ament_cmake_auto: 1.3.12 (/opt/ros/humble/share/ament_cmake_auto/cmake)\n'}
[28.479570] (isaac_ros_nitros_camera_info_type) StdoutLine: {'line': b'-- Check for working CXX compiler: /usr/bin/c++ - skipped\n'}
[28.479811] (isaac_ros_nitros_camera_info_type) StdoutLine: {'line': b'-- Detecting CXX compile features\n'}
[28.480159] (isaac_ros_nitros_camera_info_type) StdoutLine: {'line': b'-- Detecting CXX compile features - done\n'}
[28.481335] (isaac_ros_nitros_tensor_list_type) StdoutLine: {'line': b'-- Found ament_cmake_auto: 1.3.12 (/opt/ros/humble/share/ament_cmake_auto/cmake)\n'}
[28.482343] (isaac_ros_nitros_detection3_d_array_type) StdoutLine: {'line': b'-- Detecting CXX compiler ABI info - done\n'}
[28.483217] (isaac_ros_nitros_camera_info_type) StdoutLine: {'line': b'-- Found ament_cmake_auto: 1.3.12 (/opt/ros/humble/share/ament_cmake_auto/cmake)\n'}
[28.488305] (isaac_ros_nitros_detection3_d_array_type) StdoutLine: {'line': b'-- Check for working CXX compiler: /usr/bin/c++ - skipped\n'}
[28.488498] (isaac_ros_nitros_detection3_d_array_type) StdoutLine: {'line': b'-- Detecting CXX compile features\n'}
[28.488825] (isaac_ros_nitros_detection3_d_array_type) StdoutLine: {'line': b'-- Detecting CXX compile features - done\n'}
[28.492438] (isaac_ros_nitros_detection3_d_array_type) StdoutLine: {'line': b'-- Found ament_cmake_auto: 1.3.12 (/opt/ros/humble/share/ament_cmake_auto/cmake)\n'}
[28.567358] (-) TimerEvent: {}
[28.667769] (-) TimerEvent: {}
[28.768174] (-) TimerEvent: {}
[28.868510] (-) TimerEvent: {}
[28.968805] (-) TimerEvent: {}
[28.983278] (isaac_ros_nitros_camera_info_type) StdoutLine: {'line': b'-- Found Python3: /usr/bin/python3 (found version "3.10.12") found components: Interpreter \n'}
[28.994063] (isaac_ros_nitros_tensor_list_type) StdoutLine: {'line': b'-- Found Python3: /usr/bin/python3 (found version "3.10.12") found components: Interpreter \n'}
[28.998378] (isaac_ros_nitros_image_type) StdoutLine: {'line': b'-- Found Python3: /usr/bin/python3 (found version "3.10.12") found components: Interpreter \n'}
[28.999100] (isaac_ros_nitros_detection3_d_array_type) StdoutLine: {'line': b'-- Found Python3: /usr/bin/python3 (found version "3.10.12") found components: Interpreter \n'}
[29.039102] (isaac_ros_nitros_camera_info_type) StdoutLine: {'line': b'-- Override CMake install command with custom implementation using symlinks instead of copying resources\n'}
[29.042051] (isaac_ros_nitros_tensor_list_type) StdoutLine: {'line': b'-- Override CMake install command with custom implementation using symlinks instead of copying resources\n'}
[29.045721] (isaac_ros_nitros_image_type) StdoutLine: {'line': b'-- Override CMake install command with custom implementation using symlinks instead of copying resources\n'}
[29.046474] (isaac_ros_nitros_detection3_d_array_type) StdoutLine: {'line': b'-- Override CMake install command with custom implementation using symlinks instead of copying resources\n'}
[29.068900] (-) TimerEvent: {}
[29.151528] (isaac_ros_nitros_camera_info_type) StdoutLine: {'line': b'-- Loading isaac_ros_common extras\n'}
[29.151699] (isaac_ros_nitros_camera_info_type) StdoutLine: {'line': b'-- CMAKE_BUILD_TYPE: Release\n'}
[29.152544] (isaac_ros_nitros_tensor_list_type) StdoutLine: {'line': b'-- Loading isaac_ros_common extras\n'}
[29.152654] (isaac_ros_nitros_tensor_list_type) StdoutLine: {'line': b'-- CMAKE_BUILD_TYPE: Release\n'}
[29.163555] (isaac_ros_nitros_detection3_d_array_type) StdoutLine: {'line': b'-- Loading isaac_ros_common extras\n'}
[29.163745] (isaac_ros_nitros_detection3_d_array_type) StdoutLine: {'line': b'-- CMAKE_BUILD_TYPE: Release\n'}
[29.165317] (isaac_ros_nitros_camera_info_type) StdoutLine: {'line': b'-- Looking for pthread.h\n'}
[29.169089] (-) TimerEvent: {}
[29.170091] (isaac_ros_nitros_tensor_list_type) StdoutLine: {'line': b'-- Looking for pthread.h\n'}
[29.179348] (isaac_ros_nitros_detection3_d_array_type) StdoutLine: {'line': b'-- Looking for pthread.h\n'}
[29.216884] (isaac_ros_nitros_image_type) StdoutLine: {'line': b'-- Found rosidl_generator_c: 3.1.7 (/opt/ros/humble/share/rosidl_generator_c/cmake)\n'}
[29.224417] (isaac_ros_nitros_image_type) StdoutLine: {'line': b'-- Found rosidl_adapter: 3.1.7 (/opt/ros/humble/share/rosidl_adapter/cmake)\n'}
[29.224953] (isaac_ros_nitros_camera_info_type) StdoutLine: {'line': b'-- Looking for pthread.h - found\n'}
[29.225224] (isaac_ros_nitros_camera_info_type) StdoutLine: {'line': b'-- Performing Test CMAKE_HAVE_LIBC_PTHREAD\n'}
[29.235074] (isaac_ros_nitros_image_type) StdoutLine: {'line': b'-- Found rosidl_generator_cpp: 3.1.7 (/opt/ros/humble/share/rosidl_generator_cpp/cmake)\n'}
[29.236709] (isaac_ros_nitros_tensor_list_type) StdoutLine: {'line': b'-- Looking for pthread.h - found\n'}
[29.236982] (isaac_ros_nitros_tensor_list_type) StdoutLine: {'line': b'-- Performing Test CMAKE_HAVE_LIBC_PTHREAD\n'}
[29.237774] (isaac_ros_nitros_detection3_d_array_type) StdoutLine: {'line': b'-- Looking for pthread.h - found\n'}
[29.237955] (isaac_ros_nitros_detection3_d_array_type) StdoutLine: {'line': b'-- Performing Test CMAKE_HAVE_LIBC_PTHREAD\n'}
[29.247976] (isaac_ros_nitros_image_type) StdoutLine: {'line': b'-- Using all available rosidl_typesupport_c: rosidl_typesupport_fastrtps_c;rosidl_typesupport_introspection_c\n'}
[29.266191] (isaac_ros_nitros_image_type) StdoutLine: {'line': b'-- Using all available rosidl_typesupport_cpp: rosidl_typesupport_fastrtps_cpp;rosidl_typesupport_introspection_cpp\n'}
[29.269201] (-) TimerEvent: {}
[29.284180] (isaac_ros_nitros_camera_info_type) StdoutLine: {'line': b'-- Performing Test CMAKE_HAVE_LIBC_PTHREAD - Success\n'}
[29.284936] (isaac_ros_nitros_camera_info_type) StdoutLine: {'line': b'-- Found Threads: TRUE  \n'}
[29.296294] (isaac_ros_nitros_detection3_d_array_type) StdoutLine: {'line': b'-- Performing Test CMAKE_HAVE_LIBC_PTHREAD - Success\n'}
[29.296855] (isaac_ros_nitros_detection3_d_array_type) StdoutLine: {'line': b'-- Found Threads: TRUE  \n'}
[29.301083] (isaac_ros_nitros_camera_info_type) StdoutLine: {'line': b'-- Found CUDA: /usr/local/cuda (found version "12.6") \n'}
[29.301328] (isaac_ros_nitros_tensor_list_type) StdoutLine: {'line': b'-- Performing Test CMAKE_HAVE_LIBC_PTHREAD - Success\n'}
[29.301514] (isaac_ros_nitros_camera_info_type) StdoutLine: {'line': b'-- CUDA architectures: 89;86;80;75;70\n'}
[29.301725] (isaac_ros_nitros_camera_info_type) StdoutLine: {'line': b'-- Loading isaac_ros_common extras (modules)\n'}
[29.301880] (isaac_ros_nitros_tensor_list_type) StdoutLine: {'line': b'-- Found Threads: TRUE  \n'}
[29.312262] (isaac_ros_nitros_detection3_d_array_type) StdoutLine: {'line': b'-- Found CUDA: /usr/local/cuda (found version "12.6") \n'}
[29.312795] (isaac_ros_nitros_detection3_d_array_type) StdoutLine: {'line': b'-- CUDA architectures: 89;86;80;75;70\n'}
[29.312999] (isaac_ros_nitros_detection3_d_array_type) StdoutLine: {'line': b'-- Loading isaac_ros_common extras (modules)\n'}
[29.315972] (isaac_ros_nitros_tensor_list_type) StdoutLine: {'line': b'-- Found CUDA: /usr/local/cuda (found version "12.6") \n'}
[29.316345] (isaac_ros_nitros_image_type) StdoutLine: {'line': b'-- Found rmw_implementation_cmake: 6.1.2 (/opt/ros/humble/share/rmw_implementation_cmake/cmake)\n'}
[29.316472] (isaac_ros_nitros_tensor_list_type) StdoutLine: {'line': b'-- CUDA architectures: 89;86;80;75;70\n'}
[29.316630] (isaac_ros_nitros_tensor_list_type) StdoutLine: {'line': b'-- Loading isaac_ros_common extras (modules)\n'}
[29.320892] (isaac_ros_nitros_image_type) StdoutLine: {'line': b'-- Found rmw_fastrtps_cpp: 6.2.9 (/opt/ros/humble/share/rmw_fastrtps_cpp/cmake)\n'}
[29.352901] (isaac_ros_nitros_camera_info_type) StdoutLine: {'line': b'-- Found rosidl_generator_c: 3.1.7 (/opt/ros/humble/share/rosidl_generator_c/cmake)\n'}
[29.363101] (isaac_ros_nitros_camera_info_type) StdoutLine: {'line': b'-- Found rosidl_adapter: 3.1.7 (/opt/ros/humble/share/rosidl_adapter/cmake)\n'}
[29.363296] (isaac_ros_nitros_detection3_d_array_type) StdoutLine: {'line': b'-- Found rosidl_generator_c: 3.1.7 (/opt/ros/humble/share/rosidl_generator_c/cmake)\n'}
[29.363861] (isaac_ros_nitros_tensor_list_type) StdoutLine: {'line': b'-- Found rosidl_generator_c: 3.1.7 (/opt/ros/humble/share/rosidl_generator_c/cmake)\n'}
[29.369304] (-) TimerEvent: {}
[29.369825] (isaac_ros_nitros_detection3_d_array_type) StdoutLine: {'line': b'-- Found rosidl_adapter: 3.1.7 (/opt/ros/humble/share/rosidl_adapter/cmake)\n'}
[29.370760] (isaac_ros_nitros_tensor_list_type) StdoutLine: {'line': b'-- Found rosidl_adapter: 3.1.7 (/opt/ros/humble/share/rosidl_adapter/cmake)\n'}
[29.371739] (isaac_ros_nitros_camera_info_type) StdoutLine: {'line': b'-- Found rosidl_generator_cpp: 3.1.7 (/opt/ros/humble/share/rosidl_generator_cpp/cmake)\n'}
[29.379993] (isaac_ros_nitros_detection3_d_array_type) StdoutLine: {'line': b'-- Found rosidl_generator_cpp: 3.1.7 (/opt/ros/humble/share/rosidl_generator_cpp/cmake)\n'}
[29.380921] (isaac_ros_nitros_tensor_list_type) StdoutLine: {'line': b'-- Found rosidl_generator_cpp: 3.1.7 (/opt/ros/humble/share/rosidl_generator_cpp/cmake)\n'}
[29.388418] (isaac_ros_nitros_camera_info_type) StdoutLine: {'line': b'-- Using all available rosidl_typesupport_c: rosidl_typesupport_fastrtps_c;rosidl_typesupport_introspection_c\n'}
[29.393252] (isaac_ros_nitros_detection3_d_array_type) StdoutLine: {'line': b'-- Using all available rosidl_typesupport_c: rosidl_typesupport_fastrtps_c;rosidl_typesupport_introspection_c\n'}
[29.394476] (isaac_ros_nitros_tensor_list_type) StdoutLine: {'line': b'-- Using all available rosidl_typesupport_c: rosidl_typesupport_fastrtps_c;rosidl_typesupport_introspection_c\n'}
[29.406666] (isaac_ros_nitros_camera_info_type) StdoutLine: {'line': b'-- Using all available rosidl_typesupport_cpp: rosidl_typesupport_fastrtps_cpp;rosidl_typesupport_introspection_cpp\n'}
[29.411620] (isaac_ros_nitros_image_type) StdoutLine: {'line': b'-- Found OpenSSL: /usr/lib/x86_64-linux-gnu/libcrypto.so (found version "3.0.2")  \n'}
[29.412025] (isaac_ros_nitros_detection3_d_array_type) StdoutLine: {'line': b'-- Using all available rosidl_typesupport_cpp: rosidl_typesupport_fastrtps_cpp;rosidl_typesupport_introspection_cpp\n'}
[29.413207] (isaac_ros_nitros_tensor_list_type) StdoutLine: {'line': b'-- Using all available rosidl_typesupport_cpp: rosidl_typesupport_fastrtps_cpp;rosidl_typesupport_introspection_cpp\n'}
[29.439528] (isaac_ros_nitros_image_type) StdoutLine: {'line': b'-- Found FastRTPS: /opt/ros/humble/include  \n'}
[29.453349] (isaac_ros_nitros_camera_info_type) StdoutLine: {'line': b'-- Found rmw_implementation_cmake: 6.1.2 (/opt/ros/humble/share/rmw_implementation_cmake/cmake)\n'}
[29.456932] (isaac_ros_nitros_camera_info_type) StdoutLine: {'line': b'-- Found rmw_fastrtps_cpp: 6.2.9 (/opt/ros/humble/share/rmw_fastrtps_cpp/cmake)\n'}
[29.457950] (isaac_ros_nitros_detection3_d_array_type) StdoutLine: {'line': b'-- Found rmw_implementation_cmake: 6.1.2 (/opt/ros/humble/share/rmw_implementation_cmake/cmake)\n'}
[29.458972] (isaac_ros_nitros_tensor_list_type) StdoutLine: {'line': b'-- Found rmw_implementation_cmake: 6.1.2 (/opt/ros/humble/share/rmw_implementation_cmake/cmake)\n'}
[29.461965] (isaac_ros_nitros_detection3_d_array_type) StdoutLine: {'line': b'-- Found rmw_fastrtps_cpp: 6.2.9 (/opt/ros/humble/share/rmw_fastrtps_cpp/cmake)\n'}
[29.463095] (isaac_ros_nitros_tensor_list_type) StdoutLine: {'line': b'-- Found rmw_fastrtps_cpp: 6.2.9 (/opt/ros/humble/share/rmw_fastrtps_cpp/cmake)\n'}
[29.469413] (-) TimerEvent: {}
[29.484380] (isaac_ros_nitros_image_type) StdoutLine: {'line': b"-- Using RMW implementation 'rmw_fastrtps_cpp' as default\n"}
[29.496599] (isaac_ros_nitros_image_type) StdoutLine: {'line': b'-- Looking for pthread.h\n'}
[29.542162] (isaac_ros_nitros_camera_info_type) StdoutLine: {'line': b'-- Found OpenSSL: /usr/lib/x86_64-linux-gnu/libcrypto.so (found version "3.0.2")  \n'}
[29.548142] (isaac_ros_nitros_detection3_d_array_type) StdoutLine: {'line': b'-- Found OpenSSL: /usr/lib/x86_64-linux-gnu/libcrypto.so (found version "3.0.2")  \n'}
[29.560932] (isaac_ros_nitros_tensor_list_type) StdoutLine: {'line': b'-- Found OpenSSL: /usr/lib/x86_64-linux-gnu/libcrypto.so (found version "3.0.2")  \n'}
[29.565016] (isaac_ros_nitros_image_type) StdoutLine: {'line': b'-- Looking for pthread.h - found\n'}
[29.565550] (isaac_ros_nitros_image_type) StdoutLine: {'line': b'-- Performing Test CMAKE_HAVE_LIBC_PTHREAD\n'}
[29.569549] (-) TimerEvent: {}
[29.576387] (isaac_ros_nitros_camera_info_type) StdoutLine: {'line': b'-- Found FastRTPS: /opt/ros/humble/include  \n'}
[29.586923] (isaac_ros_nitros_detection3_d_array_type) StdoutLine: {'line': b'-- Found FastRTPS: /opt/ros/humble/include  \n'}
[29.595460] (isaac_ros_nitros_tensor_list_type) StdoutLine: {'line': b'-- Found FastRTPS: /opt/ros/humble/include  \n'}
[29.625260] (isaac_ros_nitros_camera_info_type) StdoutLine: {'line': b"-- Using RMW implementation 'rmw_fastrtps_cpp' as default\n"}
[29.635018] (isaac_ros_nitros_image_type) StdoutLine: {'line': b'-- Performing Test CMAKE_HAVE_LIBC_PTHREAD - Success\n'}
[29.635283] (isaac_ros_nitros_detection3_d_array_type) StdoutLine: {'line': b"-- Using RMW implementation 'rmw_fastrtps_cpp' as default\n"}
[29.635540] (isaac_ros_nitros_image_type) StdoutLine: {'line': b'-- Found Threads: TRUE  \n'}
[29.651297] (isaac_ros_nitros_tensor_list_type) StdoutLine: {'line': b"-- Using RMW implementation 'rmw_fastrtps_cpp' as default\n"}
[29.669636] (-) TimerEvent: {}
[29.696198] (isaac_ros_nitros_detection3_d_array_type) StdoutLine: {'line': b'-- Loading isaac_ros_gxf extras\n'}
[29.763427] (isaac_ros_nitros_image_type) StdoutLine: {'line': b'-- Loading isaac_ros_gxf extras\n'}
[29.763908] (isaac_ros_nitros_tensor_list_type) StdoutLine: {'line': b'-- Loading isaac_ros_gxf extras\n'}
[29.764015] (isaac_ros_nitros_camera_info_type) StdoutLine: {'line': b'-- Loading isaac_ros_gxf extras\n'}
[29.766864] (isaac_ros_nitros_image_type) StdoutLine: {'line': b'-- Loading isaac_ros_common extras\n'}
[29.766931] (isaac_ros_nitros_image_type) StdoutLine: {'line': b'-- CMAKE_BUILD_TYPE: Release\n'}
[29.769697] (-) TimerEvent: {}
[29.792109] (isaac_ros_nitros_image_type) StdoutLine: {'line': b'-- Found CUDA: /usr/local/cuda (found version "12.6") \n'}
[29.792542] (isaac_ros_nitros_image_type) StdoutLine: {'line': b'-- CUDA architectures: 89;86;80;75;70\n'}
[29.792714] (isaac_ros_nitros_image_type) StdoutLine: {'line': b'-- Loading isaac_ros_common extras (modules)\n'}
[29.830204] (isaac_ros_nitros_camera_info_type) StderrLine: {'line': b'\x1b[0mIn this package, headers install destination is set to `include` by ament_auto_package. It is recommended to install `include/isaac_ros_nitros_camera_info_type` instead and will be the default behavior of ament_auto_package from ROS 2 Kilted Kaiju. On distributions before Kilted, ament_auto_package behaves the same way when you use USE_SCOPED_HEADER_INSTALL_DIR option.\x1b[0m\n'}
[29.834830] (isaac_ros_nitros_camera_info_type) StdoutLine: {'line': b'-- Configuring done\n'}
[29.842178] (isaac_ros_nitros_tensor_list_type) StderrLine: {'line': b'\x1b[0mIn this package, headers install destination is set to `include` by ament_auto_package. It is recommended to install `include/isaac_ros_nitros_tensor_list_type` instead and will be the default behavior of ament_auto_package from ROS 2 Kilted Kaiju. On distributions before Kilted, ament_auto_package behaves the same way when you use USE_SCOPED_HEADER_INSTALL_DIR option.\x1b[0m\n'}
[29.846820] (isaac_ros_nitros_tensor_list_type) StdoutLine: {'line': b'-- Configuring done\n'}
[29.856676] (isaac_ros_nitros_detection3_d_array_type) StderrLine: {'line': b'\x1b[0mIn this package, headers install destination is set to `include` by ament_auto_package. It is recommended to install `include/isaac_ros_nitros_detection3_d_array_type` instead and will be the default behavior of ament_auto_package from ROS 2 Kilted Kaiju. On distributions before Kilted, ament_auto_package behaves the same way when you use USE_SCOPED_HEADER_INSTALL_DIR option.\x1b[0m\n'}
[29.858422] (isaac_ros_nitros_camera_info_type) StdoutLine: {'line': b'-- Generating done\n'}
[29.862199] (isaac_ros_nitros_camera_info_type) StdoutLine: {'line': b'-- Build files have been written to: /workspaces/isaac_ros-dev/build/isaac_ros_nitros_camera_info_type\n'}
[29.862461] (isaac_ros_nitros_detection3_d_array_type) StdoutLine: {'line': b'-- Configuring done\n'}
[29.862574] (isaac_ros_nitros_image_type) StderrLine: {'line': b'\x1b[0mIn this package, headers install destination is set to `include` by ament_auto_package. It is recommended to install `include/isaac_ros_nitros_image_type` instead and will be the default behavior of ament_auto_package from ROS 2 Kilted Kaiju. On distributions before Kilted, ament_auto_package behaves the same way when you use USE_SCOPED_HEADER_INSTALL_DIR option.\x1b[0m\n'}
[29.864892] (isaac_ros_nitros_tensor_list_type) StdoutLine: {'line': b'-- Generating done\n'}
[29.867921] (isaac_ros_nitros_image_type) StdoutLine: {'line': b'-- Configuring done\n'}
[29.869072] (isaac_ros_nitros_tensor_list_type) StdoutLine: {'line': b'-- Build files have been written to: /workspaces/isaac_ros-dev/build/isaac_ros_nitros_tensor_list_type\n'}
[29.869809] (-) TimerEvent: {}
[29.871052] (isaac_ros_nitros_camera_info_type) CommandEnded: {'returncode': 0}
[29.871853] (isaac_ros_nitros_camera_info_type) JobProgress: {'identifier': 'isaac_ros_nitros_camera_info_type', 'progress': 'build'}
[29.872250] (isaac_ros_nitros_camera_info_type) Command: {'cmd': ['/usr/bin/cmake', '--build', '/workspaces/isaac_ros-dev/build/isaac_ros_nitros_camera_info_type', '--', '-j16', '-l16'], 'cwd': '/workspaces/isaac_ros-dev/build/isaac_ros_nitros_camera_info_type', 'env': OrderedDict([('DALI_BUILD', '16741769'), ('LIBRARY_PATH', '/usr/local/cuda/lib64/stubs:'), ('NVIDIA_CTK_LIBCUDA_DIR', '/usr/lib/x86_64-linux-gnu/nvidia/current'), ('PYTHONWARNINGS', 'ignore:::setuptools.command.install,ignore:::setuptools.command.easy_install,ignore:::pkg_resources,ignore:::setuptools.command.develop'), ('USER', 'diego'), ('TRT_INC_PATH', '/usr/include/x86_64-linux-gnu'), ('TF_ADJUST_SATURATION_FUSED', '1'), ('CUSOLVER_VERSION', '11.6.4.38'), ('HOSTNAME', 'debian'), ('CUTENSOR_VERSION', '2.0.2.5'), ('SHLVL', '1'), ('LD_LIBRARY_PATH', '/workspaces/isaac_ros-dev/install/isaac_ros_nitros/lib:/workspaces/isaac_ros-dev/install/gxf_isaac_gxf_helpers/lib:/workspaces/isaac_ros-dev/install/gxf_isaac_atlas/lib:/workspaces/isaac_ros-dev/install/gxf_isaac_sight/lib:/workspaces/isaac_ros-dev/install/gxf_isaac_optimizer/lib:/workspaces/isaac_ros-dev/install/gxf_isaac_message_compositor/lib:/workspaces/isaac_ros-dev/install/gxf_isaac_gems/lib:/workspaces/isaac_ros-dev/install/isaac_ros_gxf/lib:/workspaces/isaac_ros-dev/install/isaac_ros_common/lib:/opt/ros/humble/opt/openvdb_vendor/lib:/opt/ros/humble/opt/rviz_ogre_vendor/lib:/opt/ros/humble/lib/x86_64-linux-gnu:/opt/ros/humble/lib:/usr/local/libcudss-linux-0.3.0.9_cuda12-archive/lib:/opt/hpcx/ucc/lib/:/opt/hpcx/ucx/lib/:/usr/local/cuda/compat/lib:/usr/local/nvidia/lib:/usr/local/nvidia/lib64:/opt/tritonserver/lib'), ('HOME', '/home/admin'), ('NVIDIA_TRITON_SERVER_VERSION', '24.08'), ('OLDPWD', '/workspaces/isaac_ros-dev'), ('HOST_USER_GID', '1000'), ('CUDA_CACHE_DISABLE', '1'), ('ROS_PYTHON_VERSION', '3'), ('MODEL_OPT_VERSION', '0.15.0'), ('ENV', '/etc/shinit_v2'), ('RDMACORE_VERSION', '39.0'), ('NVJPEG_VERSION', '12.3.3.23'), ('NVIDIA_BUILD_ID', '107631419'), ('CUDA_VERSION', '12.6.0.022'), ('TCMALLOC_RELEASE_RATE', '200'), ('CUBLAS_VERSION', '12.6.0.22'), ('NSIGHT_SYSTEMS_VERSION', '2024.4.2.133'), ('COLCON_PREFIX_PATH', '/workspaces/isaac_ros-dev/install'), ('CUDA_VISIBLE_DEVICES', '0'), ('ROS_DISTRO', 'humble'), ('OPAL_PREFIX', '/opt/hpcx/ompi'), ('NVIDIA_REQUIRE_CUDA', 'cuda>=9.0'), ('TRT_VERSION', '10.3.0.26+cuda12.5.1.007'), ('GDRCOPY_VERSION', '2.3.1-1'), ('_', '/usr/bin/colcon'), ('ROS_VERSION', '2'), ('NVIDIA_DRIVER_CAPABILITIES', 'compute,utility,graphics'), ('POLYGRAPHY_VERSION', '0.49.13'), ('CURAND_VERSION', '10.3.7.37'), ('MOFED_VERSION', '5.4-rdmacore39.0'), ('USERNAME', 'admin'), ('TERM', 'xterm'), ('ISAAC_ROS_WS', '/workspaces/isaac_ros-dev'), ('ROS_LOCALHOST_ONLY', '0'), ('TRANSFORMER_ENGINE_VERSION', '1.9'), ('PATH', '/workspaces/isaac_ros-dev/install/isaac_ros_common/bin:/opt/ros/humble/bin:/opt/ros/humble/vcstool/scripts:/opt/tritonserver/bin:/usr/local/mpi/bin:/usr/local/nvidia/bin:/usr/local/cuda/bin:/usr/local/sbin:/usr/local/bin:/usr/sbin:/usr/bin:/sbin:/bin:/usr/local/ucx/bin'), ('HOST_USER_UID', '1000'), ('CUDSS_DIR', '/usr/local/libcudss-linux-0.3.0.9_cuda12-archive'), ('CUDA_DRIVER_VERSION', '560.35.03'), ('_CUDA_COMPAT_STATUS', 'Unknown error (CUDA_ERROR_UNKNOWN) cuInit()=999'), ('DISPLAY', ':1'), ('NVIDIA_PRODUCT_NAME', 'Triton Server'), ('LANG', 'en_US.UTF-8'), ('RMW_IMPLEMENTATION', 'rmw_fastrtps_cpp'), ('NPP_VERSION', '12.3.1.23'), ('ROS_ROOT', '/opt/ros/humble'), ('UCX_MEM_EVENTS', 'no'), ('CUFFT_VERSION', '11.2.6.28'), ('SSH_AUTH_SOCK', '/ssh-agent'), ('TF_ENABLE_WINOGRAD_NONFUSED', '1'), ('AMENT_PREFIX_PATH', '/workspaces/isaac_ros-dev/install/isaac_ros_nitros:/workspaces/isaac_ros-dev/install/gxf_isaac_gxf_helpers:/workspaces/isaac_ros-dev/install/gxf_isaac_atlas:/workspaces/isaac_ros-dev/install/gxf_isaac_sight:/workspaces/isaac_ros-dev/install/gxf_isaac_optimizer:/workspaces/isaac_ros-dev/install/gxf_isaac_message_compositor:/workspaces/isaac_ros-dev/install/gxf_isaac_gems:/workspaces/isaac_ros-dev/install/isaac_ros_test:/workspaces/isaac_ros-dev/install/isaac_ros_gxf:/workspaces/isaac_ros-dev/install/isaac_ros_launch_utils:/workspaces/isaac_ros-dev/install/isaac_ros_common:/workspaces/isaac_ros-dev/install/isaac_common_py:/opt/ros/humble'), ('CUDNN_VERSION', '9.3.0.75'), ('NSIGHT_COMPUTE_VERSION', '2024.3.0.15'), ('DALI_VERSION', '1.40.0'), ('DEBIAN_FRONTEND', 'noninteractive'), ('SHELL', '/bin/bash'), ('DCGM_VERSION', '3.2.6'), ('CUDNN_FRONTEND_VERSION', '1.5.2'), ('OPENMPI_VERSION', '4.1.7'), ('TRTOSS_VERSION', '24.08'), ('OMPI_MCA_coll_hcoll_enable', '0'), ('CUSPARSE_VERSION', '12.5.2.23'), ('NVIDIA_REQUIRE_JETPACK_HOST_MOUNTS', ''), ('TRITON_SERVER_GPU_ENABLED', '1'), ('TRITON_SERVER_VERSION', '2.49.0'), ('BASH_ENV', '/etc/bash.bashrc'), ('PWD', '/workspaces/isaac_ros-dev/build/isaac_ros_nitros_camera_info_type'), ('CUSPARSELT_VERSION', '0.6.2.3'), ('PYTHONPATH', '/workspaces/isaac_ros-dev/build/isaac_ros_test:/workspaces/isaac_ros-dev/install/isaac_ros_test/lib/python3.10/site-packages:/workspaces/isaac_ros-dev/build/isaac_ros_launch_utils:/workspaces/isaac_ros-dev/install/isaac_ros_launch_utils/lib/python3.10/site-packages:/workspaces/isaac_ros-dev/install/isaac_ros_common/local/lib/python3.10/dist-packages:/workspaces/isaac_ros-dev/build/isaac_common_py:/workspaces/isaac_ros-dev/install/isaac_common_py/lib/python3.10/site-packages:/opt/ros/humble/lib/python3.10/site-packages:/opt/ros/humble/local/lib/python3.10/dist-packages:/opt/ros/humble/vcstool:/opt/tritonserver/backends/dali/wheel/dali'), ('_CUDA_COMPAT_PATH', '/usr/local/cuda/compat'), ('TRITON_SERVER_USER', 'triton-server'), ('TF_ADJUST_HUE_FUSED', '1'), ('NVIDIA_VISIBLE_DEVICES', 'void'), ('NCCL_VERSION', '2.22.3'), ('COLCON', '1'), ('OPENUCX_VERSION', '1.17.0'), ('HPCX_VERSION', '2.19'), ('CMAKE_PREFIX_PATH', '/workspaces/isaac_ros-dev/install/isaac_ros_nitros:/workspaces/isaac_ros-dev/install/gxf_isaac_gxf_helpers:/workspaces/isaac_ros-dev/install/gxf_isaac_atlas:/workspaces/isaac_ros-dev/install/gxf_isaac_sight:/workspaces/isaac_ros-dev/install/gxf_isaac_optimizer:/workspaces/isaac_ros-dev/install/gxf_isaac_message_compositor:/workspaces/isaac_ros-dev/install/gxf_isaac_gems:/workspaces/isaac_ros-dev/install/isaac_ros_gxf:/workspaces/isaac_ros-dev/install/isaac_ros_common:/usr/local/libcudss-linux-0.3.0.9_cuda12-archive:/workspaces/isaac_ros-dev/install/isaac_ros_test:/workspaces/isaac_ros-dev/install/isaac_ros_launch_utils:/workspaces/isaac_ros-dev/install/isaac_common_py:/opt/ros/humble'), ('TF_AUTOTUNE_THRESHOLD', '2'), ('TRT_LIB_PATH', '/usr/lib/x86_64-linux-gnu')]), 'shell': False}
[29.877022] (isaac_ros_nitros_tensor_list_type) CommandEnded: {'returncode': 0}
[29.877484] (isaac_ros_nitros_tensor_list_type) JobProgress: {'identifier': 'isaac_ros_nitros_tensor_list_type', 'progress': 'build'}
[29.877683] (isaac_ros_nitros_tensor_list_type) Command: {'cmd': ['/usr/bin/cmake', '--build', '/workspaces/isaac_ros-dev/build/isaac_ros_nitros_tensor_list_type', '--', '-j16', '-l16'], 'cwd': '/workspaces/isaac_ros-dev/build/isaac_ros_nitros_tensor_list_type', 'env': OrderedDict([('DALI_BUILD', '16741769'), ('LIBRARY_PATH', '/usr/local/cuda/lib64/stubs:'), ('NVIDIA_CTK_LIBCUDA_DIR', '/usr/lib/x86_64-linux-gnu/nvidia/current'), ('PYTHONWARNINGS', 'ignore:::setuptools.command.install,ignore:::setuptools.command.easy_install,ignore:::pkg_resources,ignore:::setuptools.command.develop'), ('USER', 'diego'), ('TRT_INC_PATH', '/usr/include/x86_64-linux-gnu'), ('TF_ADJUST_SATURATION_FUSED', '1'), ('CUSOLVER_VERSION', '11.6.4.38'), ('HOSTNAME', 'debian'), ('CUTENSOR_VERSION', '2.0.2.5'), ('SHLVL', '1'), ('LD_LIBRARY_PATH', '/workspaces/isaac_ros-dev/install/isaac_ros_nitros/lib:/workspaces/isaac_ros-dev/install/gxf_isaac_gxf_helpers/lib:/workspaces/isaac_ros-dev/install/gxf_isaac_atlas/lib:/workspaces/isaac_ros-dev/install/gxf_isaac_sight/lib:/workspaces/isaac_ros-dev/install/gxf_isaac_optimizer/lib:/workspaces/isaac_ros-dev/install/gxf_isaac_message_compositor/lib:/workspaces/isaac_ros-dev/install/gxf_isaac_gems/lib:/workspaces/isaac_ros-dev/install/isaac_ros_tensor_list_interfaces/lib:/workspaces/isaac_ros-dev/install/isaac_ros_gxf/lib:/workspaces/isaac_ros-dev/install/isaac_ros_common/lib:/opt/ros/humble/opt/openvdb_vendor/lib:/opt/ros/humble/opt/rviz_ogre_vendor/lib:/opt/ros/humble/lib/x86_64-linux-gnu:/opt/ros/humble/lib:/usr/local/libcudss-linux-0.3.0.9_cuda12-archive/lib:/opt/hpcx/ucc/lib/:/opt/hpcx/ucx/lib/:/usr/local/cuda/compat/lib:/usr/local/nvidia/lib:/usr/local/nvidia/lib64:/opt/tritonserver/lib'), ('HOME', '/home/admin'), ('NVIDIA_TRITON_SERVER_VERSION', '24.08'), ('OLDPWD', '/workspaces/isaac_ros-dev'), ('HOST_USER_GID', '1000'), ('CUDA_CACHE_DISABLE', '1'), ('ROS_PYTHON_VERSION', '3'), ('MODEL_OPT_VERSION', '0.15.0'), ('ENV', '/etc/shinit_v2'), ('RDMACORE_VERSION', '39.0'), ('NVJPEG_VERSION', '12.3.3.23'), ('NVIDIA_BUILD_ID', '107631419'), ('CUDA_VERSION', '12.6.0.022'), ('TCMALLOC_RELEASE_RATE', '200'), ('CUBLAS_VERSION', '12.6.0.22'), ('NSIGHT_SYSTEMS_VERSION', '2024.4.2.133'), ('COLCON_PREFIX_PATH', '/workspaces/isaac_ros-dev/install'), ('CUDA_VISIBLE_DEVICES', '0'), ('ROS_DISTRO', 'humble'), ('OPAL_PREFIX', '/opt/hpcx/ompi'), ('NVIDIA_REQUIRE_CUDA', 'cuda>=9.0'), ('TRT_VERSION', '10.3.0.26+cuda12.5.1.007'), ('GDRCOPY_VERSION', '2.3.1-1'), ('_', '/usr/bin/colcon'), ('ROS_VERSION', '2'), ('NVIDIA_DRIVER_CAPABILITIES', 'compute,utility,graphics'), ('POLYGRAPHY_VERSION', '0.49.13'), ('CURAND_VERSION', '10.3.7.37'), ('MOFED_VERSION', '5.4-rdmacore39.0'), ('USERNAME', 'admin'), ('TERM', 'xterm'), ('ISAAC_ROS_WS', '/workspaces/isaac_ros-dev'), ('ROS_LOCALHOST_ONLY', '0'), ('TRANSFORMER_ENGINE_VERSION', '1.9'), ('PATH', '/workspaces/isaac_ros-dev/install/isaac_ros_common/bin:/opt/ros/humble/bin:/opt/ros/humble/vcstool/scripts:/opt/tritonserver/bin:/usr/local/mpi/bin:/usr/local/nvidia/bin:/usr/local/cuda/bin:/usr/local/sbin:/usr/local/bin:/usr/sbin:/usr/bin:/sbin:/bin:/usr/local/ucx/bin'), ('HOST_USER_UID', '1000'), ('CUDSS_DIR', '/usr/local/libcudss-linux-0.3.0.9_cuda12-archive'), ('CUDA_DRIVER_VERSION', '560.35.03'), ('_CUDA_COMPAT_STATUS', 'Unknown error (CUDA_ERROR_UNKNOWN) cuInit()=999'), ('DISPLAY', ':1'), ('NVIDIA_PRODUCT_NAME', 'Triton Server'), ('LANG', 'en_US.UTF-8'), ('RMW_IMPLEMENTATION', 'rmw_fastrtps_cpp'), ('NPP_VERSION', '12.3.1.23'), ('ROS_ROOT', '/opt/ros/humble'), ('UCX_MEM_EVENTS', 'no'), ('CUFFT_VERSION', '11.2.6.28'), ('SSH_AUTH_SOCK', '/ssh-agent'), ('TF_ENABLE_WINOGRAD_NONFUSED', '1'), ('AMENT_PREFIX_PATH', '/workspaces/isaac_ros-dev/install/isaac_ros_nitros:/workspaces/isaac_ros-dev/install/gxf_isaac_gxf_helpers:/workspaces/isaac_ros-dev/install/gxf_isaac_atlas:/workspaces/isaac_ros-dev/install/gxf_isaac_sight:/workspaces/isaac_ros-dev/install/gxf_isaac_optimizer:/workspaces/isaac_ros-dev/install/gxf_isaac_message_compositor:/workspaces/isaac_ros-dev/install/gxf_isaac_gems:/workspaces/isaac_ros-dev/install/isaac_ros_test:/workspaces/isaac_ros-dev/install/isaac_ros_tensor_list_interfaces:/workspaces/isaac_ros-dev/install/isaac_ros_gxf:/workspaces/isaac_ros-dev/install/isaac_ros_launch_utils:/workspaces/isaac_ros-dev/install/isaac_ros_common:/workspaces/isaac_ros-dev/install/isaac_common_py:/opt/ros/humble'), ('CUDNN_VERSION', '9.3.0.75'), ('NSIGHT_COMPUTE_VERSION', '2024.3.0.15'), ('DALI_VERSION', '1.40.0'), ('DEBIAN_FRONTEND', 'noninteractive'), ('SHELL', '/bin/bash'), ('DCGM_VERSION', '3.2.6'), ('CUDNN_FRONTEND_VERSION', '1.5.2'), ('OPENMPI_VERSION', '4.1.7'), ('TRTOSS_VERSION', '24.08'), ('OMPI_MCA_coll_hcoll_enable', '0'), ('CUSPARSE_VERSION', '12.5.2.23'), ('NVIDIA_REQUIRE_JETPACK_HOST_MOUNTS', ''), ('TRITON_SERVER_GPU_ENABLED', '1'), ('TRITON_SERVER_VERSION', '2.49.0'), ('BASH_ENV', '/etc/bash.bashrc'), ('PWD', '/workspaces/isaac_ros-dev/build/isaac_ros_nitros_tensor_list_type'), ('CUSPARSELT_VERSION', '0.6.2.3'), ('PYTHONPATH', '/workspaces/isaac_ros-dev/build/isaac_ros_test:/workspaces/isaac_ros-dev/install/isaac_ros_test/lib/python3.10/site-packages:/workspaces/isaac_ros-dev/install/isaac_ros_tensor_list_interfaces/local/lib/python3.10/dist-packages:/workspaces/isaac_ros-dev/build/isaac_ros_launch_utils:/workspaces/isaac_ros-dev/install/isaac_ros_launch_utils/lib/python3.10/site-packages:/workspaces/isaac_ros-dev/install/isaac_ros_common/local/lib/python3.10/dist-packages:/workspaces/isaac_ros-dev/build/isaac_common_py:/workspaces/isaac_ros-dev/install/isaac_common_py/lib/python3.10/site-packages:/opt/ros/humble/lib/python3.10/site-packages:/opt/ros/humble/local/lib/python3.10/dist-packages:/opt/ros/humble/vcstool:/opt/tritonserver/backends/dali/wheel/dali'), ('_CUDA_COMPAT_PATH', '/usr/local/cuda/compat'), ('TRITON_SERVER_USER', 'triton-server'), ('TF_ADJUST_HUE_FUSED', '1'), ('NVIDIA_VISIBLE_DEVICES', 'void'), ('NCCL_VERSION', '2.22.3'), ('COLCON', '1'), ('OPENUCX_VERSION', '1.17.0'), ('HPCX_VERSION', '2.19'), ('CMAKE_PREFIX_PATH', '/workspaces/isaac_ros-dev/install/isaac_ros_nitros:/workspaces/isaac_ros-dev/install/gxf_isaac_gxf_helpers:/workspaces/isaac_ros-dev/install/gxf_isaac_atlas:/workspaces/isaac_ros-dev/install/gxf_isaac_sight:/workspaces/isaac_ros-dev/install/gxf_isaac_optimizer:/workspaces/isaac_ros-dev/install/gxf_isaac_message_compositor:/workspaces/isaac_ros-dev/install/gxf_isaac_gems:/workspaces/isaac_ros-dev/install/isaac_ros_tensor_list_interfaces:/workspaces/isaac_ros-dev/install/isaac_ros_gxf:/workspaces/isaac_ros-dev/install/isaac_ros_common:/usr/local/libcudss-linux-0.3.0.9_cuda12-archive:/workspaces/isaac_ros-dev/install/isaac_ros_test:/workspaces/isaac_ros-dev/install/isaac_ros_launch_utils:/workspaces/isaac_ros-dev/install/isaac_common_py:/opt/ros/humble'), ('TF_AUTOTUNE_THRESHOLD', '2'), ('TRT_LIB_PATH', '/usr/lib/x86_64-linux-gnu')]), 'shell': False}
[29.884154] (isaac_ros_nitros_image_type) StdoutLine: {'line': b'-- Generating done\n'}
[29.887014] (isaac_ros_nitros_detection3_d_array_type) StdoutLine: {'line': b'-- Generating done\n'}
[29.887276] (isaac_ros_nitros_image_type) StdoutLine: {'line': b'-- Build files have been written to: /workspaces/isaac_ros-dev/build/isaac_ros_nitros_image_type\n'}
[29.890697] (isaac_ros_nitros_detection3_d_array_type) StdoutLine: {'line': b'-- Build files have been written to: /workspaces/isaac_ros-dev/build/isaac_ros_nitros_detection3_d_array_type\n'}
[29.895209] (isaac_ros_nitros_image_type) CommandEnded: {'returncode': 0}
[29.896616] (isaac_ros_nitros_image_type) JobProgress: {'identifier': 'isaac_ros_nitros_image_type', 'progress': 'build'}
[29.896748] (isaac_ros_nitros_image_type) Command: {'cmd': ['/usr/bin/cmake', '--build', '/workspaces/isaac_ros-dev/build/isaac_ros_nitros_image_type', '--', '-j16', '-l16'], 'cwd': '/workspaces/isaac_ros-dev/build/isaac_ros_nitros_image_type', 'env': OrderedDict([('DALI_BUILD', '16741769'), ('LIBRARY_PATH', '/usr/local/cuda/lib64/stubs:'), ('NVIDIA_CTK_LIBCUDA_DIR', '/usr/lib/x86_64-linux-gnu/nvidia/current'), ('PYTHONWARNINGS', 'ignore:::setuptools.command.install,ignore:::setuptools.command.easy_install,ignore:::pkg_resources,ignore:::setuptools.command.develop'), ('USER', 'diego'), ('TRT_INC_PATH', '/usr/include/x86_64-linux-gnu'), ('TF_ADJUST_SATURATION_FUSED', '1'), ('CUSOLVER_VERSION', '11.6.4.38'), ('HOSTNAME', 'debian'), ('CUTENSOR_VERSION', '2.0.2.5'), ('SHLVL', '1'), ('LD_LIBRARY_PATH', '/workspaces/isaac_ros-dev/install/isaac_ros_nitros/lib:/workspaces/isaac_ros-dev/install/gxf_isaac_gxf_helpers/lib:/workspaces/isaac_ros-dev/install/gxf_isaac_atlas/lib:/workspaces/isaac_ros-dev/install/gxf_isaac_sight/lib:/workspaces/isaac_ros-dev/install/gxf_isaac_optimizer/lib:/workspaces/isaac_ros-dev/install/gxf_isaac_message_compositor/lib:/workspaces/isaac_ros-dev/install/gxf_isaac_gems/lib:/workspaces/isaac_ros-dev/install/isaac_ros_gxf/lib:/workspaces/isaac_ros-dev/install/isaac_ros_common/lib:/opt/ros/humble/opt/openvdb_vendor/lib:/opt/ros/humble/opt/rviz_ogre_vendor/lib:/opt/ros/humble/lib/x86_64-linux-gnu:/opt/ros/humble/lib:/usr/local/libcudss-linux-0.3.0.9_cuda12-archive/lib:/opt/hpcx/ucc/lib/:/opt/hpcx/ucx/lib/:/usr/local/cuda/compat/lib:/usr/local/nvidia/lib:/usr/local/nvidia/lib64:/opt/tritonserver/lib'), ('HOME', '/home/admin'), ('NVIDIA_TRITON_SERVER_VERSION', '24.08'), ('OLDPWD', '/workspaces/isaac_ros-dev'), ('HOST_USER_GID', '1000'), ('CUDA_CACHE_DISABLE', '1'), ('ROS_PYTHON_VERSION', '3'), ('MODEL_OPT_VERSION', '0.15.0'), ('ENV', '/etc/shinit_v2'), ('RDMACORE_VERSION', '39.0'), ('NVJPEG_VERSION', '12.3.3.23'), ('NVIDIA_BUILD_ID', '107631419'), ('CUDA_VERSION', '12.6.0.022'), ('TCMALLOC_RELEASE_RATE', '200'), ('CUBLAS_VERSION', '12.6.0.22'), ('NSIGHT_SYSTEMS_VERSION', '2024.4.2.133'), ('COLCON_PREFIX_PATH', '/workspaces/isaac_ros-dev/install'), ('CUDA_VISIBLE_DEVICES', '0'), ('ROS_DISTRO', 'humble'), ('OPAL_PREFIX', '/opt/hpcx/ompi'), ('NVIDIA_REQUIRE_CUDA', 'cuda>=9.0'), ('TRT_VERSION', '10.3.0.26+cuda12.5.1.007'), ('GDRCOPY_VERSION', '2.3.1-1'), ('_', '/usr/bin/colcon'), ('ROS_VERSION', '2'), ('NVIDIA_DRIVER_CAPABILITIES', 'compute,utility,graphics'), ('POLYGRAPHY_VERSION', '0.49.13'), ('CURAND_VERSION', '10.3.7.37'), ('MOFED_VERSION', '5.4-rdmacore39.0'), ('USERNAME', 'admin'), ('TERM', 'xterm'), ('ISAAC_ROS_WS', '/workspaces/isaac_ros-dev'), ('ROS_LOCALHOST_ONLY', '0'), ('TRANSFORMER_ENGINE_VERSION', '1.9'), ('PATH', '/workspaces/isaac_ros-dev/install/isaac_ros_common/bin:/opt/ros/humble/bin:/opt/ros/humble/vcstool/scripts:/opt/tritonserver/bin:/usr/local/mpi/bin:/usr/local/nvidia/bin:/usr/local/cuda/bin:/usr/local/sbin:/usr/local/bin:/usr/sbin:/usr/bin:/sbin:/bin:/usr/local/ucx/bin'), ('HOST_USER_UID', '1000'), ('CUDSS_DIR', '/usr/local/libcudss-linux-0.3.0.9_cuda12-archive'), ('CUDA_DRIVER_VERSION', '560.35.03'), ('_CUDA_COMPAT_STATUS', 'Unknown error (CUDA_ERROR_UNKNOWN) cuInit()=999'), ('DISPLAY', ':1'), ('NVIDIA_PRODUCT_NAME', 'Triton Server'), ('LANG', 'en_US.UTF-8'), ('RMW_IMPLEMENTATION', 'rmw_fastrtps_cpp'), ('NPP_VERSION', '12.3.1.23'), ('ROS_ROOT', '/opt/ros/humble'), ('UCX_MEM_EVENTS', 'no'), ('CUFFT_VERSION', '11.2.6.28'), ('SSH_AUTH_SOCK', '/ssh-agent'), ('TF_ENABLE_WINOGRAD_NONFUSED', '1'), ('AMENT_PREFIX_PATH', '/workspaces/isaac_ros-dev/install/isaac_ros_nitros:/workspaces/isaac_ros-dev/install/gxf_isaac_gxf_helpers:/workspaces/isaac_ros-dev/install/gxf_isaac_atlas:/workspaces/isaac_ros-dev/install/gxf_isaac_sight:/workspaces/isaac_ros-dev/install/gxf_isaac_optimizer:/workspaces/isaac_ros-dev/install/gxf_isaac_message_compositor:/workspaces/isaac_ros-dev/install/gxf_isaac_gems:/workspaces/isaac_ros-dev/install/isaac_ros_test:/workspaces/isaac_ros-dev/install/isaac_ros_gxf:/workspaces/isaac_ros-dev/install/isaac_ros_launch_utils:/workspaces/isaac_ros-dev/install/isaac_ros_common:/workspaces/isaac_ros-dev/install/isaac_common_py:/opt/ros/humble'), ('CUDNN_VERSION', '9.3.0.75'), ('NSIGHT_COMPUTE_VERSION', '2024.3.0.15'), ('DALI_VERSION', '1.40.0'), ('DEBIAN_FRONTEND', 'noninteractive'), ('SHELL', '/bin/bash'), ('DCGM_VERSION', '3.2.6'), ('CUDNN_FRONTEND_VERSION', '1.5.2'), ('OPENMPI_VERSION', '4.1.7'), ('TRTOSS_VERSION', '24.08'), ('OMPI_MCA_coll_hcoll_enable', '0'), ('CUSPARSE_VERSION', '12.5.2.23'), ('NVIDIA_REQUIRE_JETPACK_HOST_MOUNTS', ''), ('TRITON_SERVER_GPU_ENABLED', '1'), ('TRITON_SERVER_VERSION', '2.49.0'), ('BASH_ENV', '/etc/bash.bashrc'), ('PWD', '/workspaces/isaac_ros-dev/build/isaac_ros_nitros_image_type'), ('CUSPARSELT_VERSION', '0.6.2.3'), ('PYTHONPATH', '/workspaces/isaac_ros-dev/build/isaac_ros_test:/workspaces/isaac_ros-dev/install/isaac_ros_test/lib/python3.10/site-packages:/workspaces/isaac_ros-dev/build/isaac_ros_launch_utils:/workspaces/isaac_ros-dev/install/isaac_ros_launch_utils/lib/python3.10/site-packages:/workspaces/isaac_ros-dev/install/isaac_ros_common/local/lib/python3.10/dist-packages:/workspaces/isaac_ros-dev/build/isaac_common_py:/workspaces/isaac_ros-dev/install/isaac_common_py/lib/python3.10/site-packages:/opt/ros/humble/lib/python3.10/site-packages:/opt/ros/humble/local/lib/python3.10/dist-packages:/opt/ros/humble/vcstool:/opt/tritonserver/backends/dali/wheel/dali'), ('_CUDA_COMPAT_PATH', '/usr/local/cuda/compat'), ('TRITON_SERVER_USER', 'triton-server'), ('TF_ADJUST_HUE_FUSED', '1'), ('NVIDIA_VISIBLE_DEVICES', 'void'), ('NCCL_VERSION', '2.22.3'), ('COLCON', '1'), ('OPENUCX_VERSION', '1.17.0'), ('HPCX_VERSION', '2.19'), ('CMAKE_PREFIX_PATH', '/workspaces/isaac_ros-dev/install/isaac_ros_nitros:/workspaces/isaac_ros-dev/install/gxf_isaac_gxf_helpers:/workspaces/isaac_ros-dev/install/gxf_isaac_atlas:/workspaces/isaac_ros-dev/install/gxf_isaac_sight:/workspaces/isaac_ros-dev/install/gxf_isaac_optimizer:/workspaces/isaac_ros-dev/install/gxf_isaac_message_compositor:/workspaces/isaac_ros-dev/install/gxf_isaac_gems:/workspaces/isaac_ros-dev/install/isaac_ros_gxf:/workspaces/isaac_ros-dev/install/isaac_ros_common:/usr/local/libcudss-linux-0.3.0.9_cuda12-archive:/workspaces/isaac_ros-dev/install/isaac_ros_test:/workspaces/isaac_ros-dev/install/isaac_ros_launch_utils:/workspaces/isaac_ros-dev/install/isaac_common_py:/opt/ros/humble'), ('TF_AUTOTUNE_THRESHOLD', '2'), ('TRT_LIB_PATH', '/usr/lib/x86_64-linux-gnu')]), 'shell': False}
[29.898468] (isaac_ros_nitros_detection3_d_array_type) CommandEnded: {'returncode': 0}
[29.899030] (isaac_ros_nitros_detection3_d_array_type) JobProgress: {'identifier': 'isaac_ros_nitros_detection3_d_array_type', 'progress': 'build'}
[29.899300] (isaac_ros_nitros_detection3_d_array_type) Command: {'cmd': ['/usr/bin/cmake', '--build', '/workspaces/isaac_ros-dev/build/isaac_ros_nitros_detection3_d_array_type', '--', '-j16', '-l16'], 'cwd': '/workspaces/isaac_ros-dev/build/isaac_ros_nitros_detection3_d_array_type', 'env': OrderedDict([('DALI_BUILD', '16741769'), ('LIBRARY_PATH', '/usr/local/cuda/lib64/stubs:'), ('NVIDIA_CTK_LIBCUDA_DIR', '/usr/lib/x86_64-linux-gnu/nvidia/current'), ('PYTHONWARNINGS', 'ignore:::setuptools.command.install,ignore:::setuptools.command.easy_install,ignore:::pkg_resources,ignore:::setuptools.command.develop'), ('USER', 'diego'), ('TRT_INC_PATH', '/usr/include/x86_64-linux-gnu'), ('TF_ADJUST_SATURATION_FUSED', '1'), ('CUSOLVER_VERSION', '11.6.4.38'), ('HOSTNAME', 'debian'), ('CUTENSOR_VERSION', '2.0.2.5'), ('SHLVL', '1'), ('LD_LIBRARY_PATH', '/workspaces/isaac_ros-dev/install/isaac_ros_nitros/lib:/workspaces/isaac_ros-dev/install/gxf_isaac_messages/lib:/workspaces/isaac_ros-dev/install/gxf_isaac_gxf_helpers/lib:/workspaces/isaac_ros-dev/install/gxf_isaac_atlas/lib:/workspaces/isaac_ros-dev/install/gxf_isaac_sight/lib:/workspaces/isaac_ros-dev/install/gxf_isaac_optimizer/lib:/workspaces/isaac_ros-dev/install/gxf_isaac_message_compositor/lib:/workspaces/isaac_ros-dev/install/gxf_isaac_gems/lib:/workspaces/isaac_ros-dev/install/isaac_ros_gxf/lib:/workspaces/isaac_ros-dev/install/isaac_ros_common/lib:/opt/ros/humble/opt/openvdb_vendor/lib:/opt/ros/humble/opt/rviz_ogre_vendor/lib:/opt/ros/humble/lib/x86_64-linux-gnu:/opt/ros/humble/lib:/usr/local/libcudss-linux-0.3.0.9_cuda12-archive/lib:/opt/hpcx/ucc/lib/:/opt/hpcx/ucx/lib/:/usr/local/cuda/compat/lib:/usr/local/nvidia/lib:/usr/local/nvidia/lib64:/opt/tritonserver/lib'), ('HOME', '/home/admin'), ('NVIDIA_TRITON_SERVER_VERSION', '24.08'), ('OLDPWD', '/workspaces/isaac_ros-dev'), ('HOST_USER_GID', '1000'), ('CUDA_CACHE_DISABLE', '1'), ('ROS_PYTHON_VERSION', '3'), ('MODEL_OPT_VERSION', '0.15.0'), ('ENV', '/etc/shinit_v2'), ('RDMACORE_VERSION', '39.0'), ('NVJPEG_VERSION', '12.3.3.23'), ('NVIDIA_BUILD_ID', '107631419'), ('CUDA_VERSION', '12.6.0.022'), ('TCMALLOC_RELEASE_RATE', '200'), ('CUBLAS_VERSION', '12.6.0.22'), ('NSIGHT_SYSTEMS_VERSION', '2024.4.2.133'), ('COLCON_PREFIX_PATH', '/workspaces/isaac_ros-dev/install'), ('CUDA_VISIBLE_DEVICES', '0'), ('ROS_DISTRO', 'humble'), ('OPAL_PREFIX', '/opt/hpcx/ompi'), ('NVIDIA_REQUIRE_CUDA', 'cuda>=9.0'), ('TRT_VERSION', '10.3.0.26+cuda12.5.1.007'), ('GDRCOPY_VERSION', '2.3.1-1'), ('_', '/usr/bin/colcon'), ('ROS_VERSION', '2'), ('NVIDIA_DRIVER_CAPABILITIES', 'compute,utility,graphics'), ('POLYGRAPHY_VERSION', '0.49.13'), ('CURAND_VERSION', '10.3.7.37'), ('MOFED_VERSION', '5.4-rdmacore39.0'), ('USERNAME', 'admin'), ('TERM', 'xterm'), ('ISAAC_ROS_WS', '/workspaces/isaac_ros-dev'), ('ROS_LOCALHOST_ONLY', '0'), ('TRANSFORMER_ENGINE_VERSION', '1.9'), ('PATH', '/workspaces/isaac_ros-dev/install/isaac_ros_common/bin:/opt/ros/humble/bin:/opt/ros/humble/vcstool/scripts:/opt/tritonserver/bin:/usr/local/mpi/bin:/usr/local/nvidia/bin:/usr/local/cuda/bin:/usr/local/sbin:/usr/local/bin:/usr/sbin:/usr/bin:/sbin:/bin:/usr/local/ucx/bin'), ('HOST_USER_UID', '1000'), ('CUDSS_DIR', '/usr/local/libcudss-linux-0.3.0.9_cuda12-archive'), ('CUDA_DRIVER_VERSION', '560.35.03'), ('_CUDA_COMPAT_STATUS', 'Unknown error (CUDA_ERROR_UNKNOWN) cuInit()=999'), ('DISPLAY', ':1'), ('NVIDIA_PRODUCT_NAME', 'Triton Server'), ('LANG', 'en_US.UTF-8'), ('RMW_IMPLEMENTATION', 'rmw_fastrtps_cpp'), ('NPP_VERSION', '12.3.1.23'), ('ROS_ROOT', '/opt/ros/humble'), ('UCX_MEM_EVENTS', 'no'), ('CUFFT_VERSION', '11.2.6.28'), ('SSH_AUTH_SOCK', '/ssh-agent'), ('TF_ENABLE_WINOGRAD_NONFUSED', '1'), ('AMENT_PREFIX_PATH', '/workspaces/isaac_ros-dev/install/isaac_ros_nitros:/workspaces/isaac_ros-dev/install/gxf_isaac_messages:/workspaces/isaac_ros-dev/install/gxf_isaac_gxf_helpers:/workspaces/isaac_ros-dev/install/gxf_isaac_atlas:/workspaces/isaac_ros-dev/install/gxf_isaac_sight:/workspaces/isaac_ros-dev/install/gxf_isaac_optimizer:/workspaces/isaac_ros-dev/install/gxf_isaac_message_compositor:/workspaces/isaac_ros-dev/install/gxf_isaac_gems:/workspaces/isaac_ros-dev/install/isaac_ros_test:/workspaces/isaac_ros-dev/install/isaac_ros_gxf:/workspaces/isaac_ros-dev/install/isaac_ros_launch_utils:/workspaces/isaac_ros-dev/install/isaac_ros_common:/workspaces/isaac_ros-dev/install/isaac_common_py:/opt/ros/humble'), ('CUDNN_VERSION', '9.3.0.75'), ('NSIGHT_COMPUTE_VERSION', '2024.3.0.15'), ('DALI_VERSION', '1.40.0'), ('DEBIAN_FRONTEND', 'noninteractive'), ('SHELL', '/bin/bash'), ('DCGM_VERSION', '3.2.6'), ('CUDNN_FRONTEND_VERSION', '1.5.2'), ('OPENMPI_VERSION', '4.1.7'), ('TRTOSS_VERSION', '24.08'), ('OMPI_MCA_coll_hcoll_enable', '0'), ('CUSPARSE_VERSION', '12.5.2.23'), ('NVIDIA_REQUIRE_JETPACK_HOST_MOUNTS', ''), ('TRITON_SERVER_GPU_ENABLED', '1'), ('TRITON_SERVER_VERSION', '2.49.0'), ('BASH_ENV', '/etc/bash.bashrc'), ('PWD', '/workspaces/isaac_ros-dev/build/isaac_ros_nitros_detection3_d_array_type'), ('CUSPARSELT_VERSION', '0.6.2.3'), ('PYTHONPATH', '/workspaces/isaac_ros-dev/build/isaac_ros_test:/workspaces/isaac_ros-dev/install/isaac_ros_test/lib/python3.10/site-packages:/workspaces/isaac_ros-dev/build/isaac_ros_launch_utils:/workspaces/isaac_ros-dev/install/isaac_ros_launch_utils/lib/python3.10/site-packages:/workspaces/isaac_ros-dev/install/isaac_ros_common/local/lib/python3.10/dist-packages:/workspaces/isaac_ros-dev/build/isaac_common_py:/workspaces/isaac_ros-dev/install/isaac_common_py/lib/python3.10/site-packages:/opt/ros/humble/lib/python3.10/site-packages:/opt/ros/humble/local/lib/python3.10/dist-packages:/opt/ros/humble/vcstool:/opt/tritonserver/backends/dali/wheel/dali'), ('_CUDA_COMPAT_PATH', '/usr/local/cuda/compat'), ('TRITON_SERVER_USER', 'triton-server'), ('TF_ADJUST_HUE_FUSED', '1'), ('NVIDIA_VISIBLE_DEVICES', 'void'), ('NCCL_VERSION', '2.22.3'), ('COLCON', '1'), ('OPENUCX_VERSION', '1.17.0'), ('HPCX_VERSION', '2.19'), ('CMAKE_PREFIX_PATH', '/workspaces/isaac_ros-dev/install/isaac_ros_nitros:/workspaces/isaac_ros-dev/install/gxf_isaac_messages:/workspaces/isaac_ros-dev/install/gxf_isaac_gxf_helpers:/workspaces/isaac_ros-dev/install/gxf_isaac_atlas:/workspaces/isaac_ros-dev/install/gxf_isaac_sight:/workspaces/isaac_ros-dev/install/gxf_isaac_optimizer:/workspaces/isaac_ros-dev/install/gxf_isaac_message_compositor:/workspaces/isaac_ros-dev/install/gxf_isaac_gems:/workspaces/isaac_ros-dev/install/isaac_ros_gxf:/workspaces/isaac_ros-dev/install/isaac_ros_common:/usr/local/libcudss-linux-0.3.0.9_cuda12-archive:/workspaces/isaac_ros-dev/install/isaac_ros_test:/workspaces/isaac_ros-dev/install/isaac_ros_launch_utils:/workspaces/isaac_ros-dev/install/isaac_common_py:/opt/ros/humble'), ('TF_AUTOTUNE_THRESHOLD', '2'), ('TRT_LIB_PATH', '/usr/lib/x86_64-linux-gnu')]), 'shell': False}
[29.924133] (isaac_ros_nitros_camera_info_type) StdoutLine: {'line': b'[ 25%] \x1b[32mBuilding CXX object CMakeFiles/isaac_ros_nitros_camera_info_type.dir/src/nitros_camera_info.cpp.o\x1b[0m\n'}
[29.924551] (isaac_ros_nitros_camera_info_type) StdoutLine: {'line': b'[ 50%] \x1b[34m\x1b[1mGenerating version information as YAML\x1b[0m\n'}
[29.925180] (isaac_ros_nitros_camera_info_type) StdoutLine: {'line': b'[ 75%] \x1b[32mBuilding CXX object CMakeFiles/isaac_ros_nitros_camera_info_type.dir/src/nitros_camera_info_view.cpp.o\x1b[0m\n'}
[29.925539] (isaac_ros_nitros_tensor_list_type) StdoutLine: {'line': b'[ 14%] \x1b[32mBuilding CXX object CMakeFiles/isaac_ros_nitros_tensor_list_type.dir/src/nitros_tensor_list_view.cpp.o\x1b[0m\n'}
[29.925909] (isaac_ros_nitros_tensor_list_type) StdoutLine: {'line': b'[ 28%] \x1b[32mBuilding CXX object CMakeFiles/isaac_ros_nitros_tensor_list_type.dir/src/nitros_tensor_list.cpp.o\x1b[0m\n'}
[29.927593] (isaac_ros_nitros_tensor_list_type) StdoutLine: {'line': b'[ 42%] \x1b[32mBuilding CXX object CMakeFiles/isaac_ros_nitros_tensor_list_type.dir/src/nitros_data_type.cpp.o\x1b[0m\n'}
[29.927922] (isaac_ros_nitros_tensor_list_type) StdoutLine: {'line': b'[ 57%] \x1b[34m\x1b[1mGenerating version information as YAML\x1b[0m\n'}
[29.930841] (isaac_ros_nitros_tensor_list_type) StdoutLine: {'line': b'[ 85%] \x1b[32mBuilding CXX object CMakeFiles/isaac_ros_nitros_tensor_list_type.dir/src/nitros_tensor_list_builder.cpp.o\x1b[0m\n'}
[29.931046] (isaac_ros_nitros_tensor_list_type) StdoutLine: {'line': b'[ 85%] \x1b[32mBuilding CXX object CMakeFiles/isaac_ros_nitros_tensor_list_type.dir/src/nitros_tensor_builder.cpp.o\x1b[0m\n'}
[29.955547] (isaac_ros_nitros_detection3_d_array_type) StdoutLine: {'line': b'[ 75%] \x1b[32mBuilding CXX object CMakeFiles/isaac_ros_nitros_detection3_d_array_type.dir/src/detection3_d_array_message.cpp.o\x1b[0m\n'}
[29.955815] (isaac_ros_nitros_detection3_d_array_type) StdoutLine: {'line': b'[ 75%] \x1b[32mBuilding CXX object CMakeFiles/isaac_ros_nitros_detection3_d_array_type.dir/src/nitros_detection3_d_array.cpp.o\x1b[0m\n'}
[29.955923] (isaac_ros_nitros_detection3_d_array_type) StdoutLine: {'line': b'[ 75%] \x1b[34m\x1b[1mGenerating version information as YAML\x1b[0m\n'}
[29.959210] (isaac_ros_nitros_image_type) StdoutLine: {'line': b'[ 40%] \x1b[32mBuilding CXX object CMakeFiles/isaac_ros_nitros_image_type.dir/src/nitros_image.cpp.o\x1b[0m\n'}
[29.959398] (isaac_ros_nitros_image_type) StdoutLine: {'line': b'[ 40%] \x1b[32mBuilding CXX object CMakeFiles/isaac_ros_nitros_image_type.dir/src/nitros_image_view.cpp.o\x1b[0m\n'}
[29.961690] (isaac_ros_nitros_image_type) StdoutLine: {'line': b'[ 60%] \x1b[32mBuilding CXX object CMakeFiles/isaac_ros_nitros_image_type.dir/src/nitros_image_builder.cpp.o\x1b[0m\n'}
[29.969738] (isaac_ros_nitros_image_type) StdoutLine: {'line': b'[ 80%] \x1b[34m\x1b[1mGenerating version information as YAML\x1b[0m\n'}
[29.969993] (-) TimerEvent: {}
[30.039823] (isaac_ros_nitros_camera_info_type) StdoutLine: {'line': b'[ 75%] Built target generate_version_info_target_isaac_ros_nitros_camera_info_type\n'}
[30.043409] (isaac_ros_nitros_tensor_list_type) StdoutLine: {'line': b'[ 85%] Built target generate_version_info_target_isaac_ros_nitros_tensor_list_type\n'}
[30.055752] (isaac_ros_nitros_detection3_d_array_type) StdoutLine: {'line': b'[ 75%] Built target generate_version_info_target_isaac_ros_nitros_detection3_d_array_type\n'}
[30.070120] (-) TimerEvent: {}
[30.074385] (isaac_ros_nitros_image_type) StdoutLine: {'line': b'[ 80%] Built target generate_version_info_target_isaac_ros_nitros_image_type\n'}
[30.170214] (-) TimerEvent: {}
[30.270508] (-) TimerEvent: {}
[30.370831] (-) TimerEvent: {}
[30.471144] (-) TimerEvent: {}
[30.571471] (-) TimerEvent: {}
[30.671823] (-) TimerEvent: {}
[30.772160] (-) TimerEvent: {}
[30.872498] (-) TimerEvent: {}
[30.972816] (-) TimerEvent: {}
[31.073180] (-) TimerEvent: {}
[31.173498] (-) TimerEvent: {}
[31.273814] (-) TimerEvent: {}
[31.374139] (-) TimerEvent: {}
[31.474484] (-) TimerEvent: {}
[31.574863] (-) TimerEvent: {}
[31.675214] (-) TimerEvent: {}
[31.775558] (-) TimerEvent: {}
[31.875897] (-) TimerEvent: {}
[31.976257] (-) TimerEvent: {}
[32.076593] (-) TimerEvent: {}
[32.176913] (-) TimerEvent: {}
[32.277250] (-) TimerEvent: {}
[32.377572] (-) TimerEvent: {}
[32.477893] (-) TimerEvent: {}
[32.581656] (-) TimerEvent: {}
[32.682104] (-) TimerEvent: {}
[32.782416] (-) TimerEvent: {}
[32.884278] (-) TimerEvent: {}
[32.984592] (-) TimerEvent: {}
[33.084900] (-) TimerEvent: {}
[33.185226] (-) TimerEvent: {}
[33.285543] (-) TimerEvent: {}
[33.385861] (-) TimerEvent: {}
[33.486203] (-) TimerEvent: {}
[33.586524] (-) TimerEvent: {}
[33.686867] (-) TimerEvent: {}
[33.787190] (-) TimerEvent: {}
[33.887525] (-) TimerEvent: {}
[33.987847] (-) TimerEvent: {}
[34.088163] (-) TimerEvent: {}
[34.188505] (-) TimerEvent: {}
[34.288828] (-) TimerEvent: {}
[34.389156] (-) TimerEvent: {}
[34.489472] (-) TimerEvent: {}
[34.589790] (-) TimerEvent: {}
[34.690122] (-) TimerEvent: {}
[34.790520] (-) TimerEvent: {}
[34.890828] (-) TimerEvent: {}
[34.991160] (-) TimerEvent: {}
[35.091486] (-) TimerEvent: {}
[35.191809] (-) TimerEvent: {}
[35.292127] (-) TimerEvent: {}
[35.392465] (-) TimerEvent: {}
[35.492779] (-) TimerEvent: {}
[35.593094] (-) TimerEvent: {}
[35.693405] (-) TimerEvent: {}
[35.793727] (-) TimerEvent: {}
[35.894089] (-) TimerEvent: {}
[35.994440] (-) TimerEvent: {}
[36.094763] (-) TimerEvent: {}
[36.195081] (-) TimerEvent: {}
[36.295407] (-) TimerEvent: {}
[36.395736] (-) TimerEvent: {}
[36.496058] (-) TimerEvent: {}
[36.596365] (-) TimerEvent: {}
[36.696680] (-) TimerEvent: {}
[36.797000] (-) TimerEvent: {}
[36.897313] (-) TimerEvent: {}
[36.997621] (-) TimerEvent: {}
[37.097934] (-) TimerEvent: {}
[37.198270] (-) TimerEvent: {}
[37.298591] (-) TimerEvent: {}
[37.398916] (-) TimerEvent: {}
[37.499257] (-) TimerEvent: {}
[37.599548] (-) TimerEvent: {}
[37.699857] (-) TimerEvent: {}
[37.800238] (-) TimerEvent: {}
[37.900648] (-) TimerEvent: {}
[38.001010] (-) TimerEvent: {}
[38.101316] (-) TimerEvent: {}
[38.201673] (-) TimerEvent: {}
[38.302125] (-) TimerEvent: {}
[38.402447] (-) TimerEvent: {}
[38.502903] (-) TimerEvent: {}
[38.603352] (-) TimerEvent: {}
[38.703794] (-) TimerEvent: {}
[38.801338] (isaac_ros_nitros_image_type) StdoutLine: {'line': b'[100%] \x1b[32m\x1b[1mLinking CXX shared library libisaac_ros_nitros_image_type.so\x1b[0m\n'}
[38.803868] (-) TimerEvent: {}
[38.886555] (isaac_ros_nitros_camera_info_type) StdoutLine: {'line': b'[100%] \x1b[32m\x1b[1mLinking CXX shared library libisaac_ros_nitros_camera_info_type.so\x1b[0m\n'}
[38.904069] (-) TimerEvent: {}
[38.948244] (isaac_ros_nitros_image_type) StdoutLine: {'line': b'[100%] Built target isaac_ros_nitros_image_type\n'}
[38.956666] (isaac_ros_nitros_image_type) CommandEnded: {'returncode': 0}
[38.957438] (isaac_ros_nitros_image_type) JobProgress: {'identifier': 'isaac_ros_nitros_image_type', 'progress': 'install'}
[38.957611] (isaac_ros_nitros_image_type) Command: {'cmd': ['/usr/bin/cmake', '--install', '/workspaces/isaac_ros-dev/build/isaac_ros_nitros_image_type'], 'cwd': '/workspaces/isaac_ros-dev/build/isaac_ros_nitros_image_type', 'env': OrderedDict([('DALI_BUILD', '16741769'), ('LIBRARY_PATH', '/usr/local/cuda/lib64/stubs:'), ('NVIDIA_CTK_LIBCUDA_DIR', '/usr/lib/x86_64-linux-gnu/nvidia/current'), ('PYTHONWARNINGS', 'ignore:::setuptools.command.install,ignore:::setuptools.command.easy_install,ignore:::pkg_resources,ignore:::setuptools.command.develop'), ('USER', 'diego'), ('TRT_INC_PATH', '/usr/include/x86_64-linux-gnu'), ('TF_ADJUST_SATURATION_FUSED', '1'), ('CUSOLVER_VERSION', '11.6.4.38'), ('HOSTNAME', 'debian'), ('CUTENSOR_VERSION', '2.0.2.5'), ('SHLVL', '1'), ('LD_LIBRARY_PATH', '/workspaces/isaac_ros-dev/install/isaac_ros_nitros/lib:/workspaces/isaac_ros-dev/install/gxf_isaac_gxf_helpers/lib:/workspaces/isaac_ros-dev/install/gxf_isaac_atlas/lib:/workspaces/isaac_ros-dev/install/gxf_isaac_sight/lib:/workspaces/isaac_ros-dev/install/gxf_isaac_optimizer/lib:/workspaces/isaac_ros-dev/install/gxf_isaac_message_compositor/lib:/workspaces/isaac_ros-dev/install/gxf_isaac_gems/lib:/workspaces/isaac_ros-dev/install/isaac_ros_gxf/lib:/workspaces/isaac_ros-dev/install/isaac_ros_common/lib:/opt/ros/humble/opt/openvdb_vendor/lib:/opt/ros/humble/opt/rviz_ogre_vendor/lib:/opt/ros/humble/lib/x86_64-linux-gnu:/opt/ros/humble/lib:/usr/local/libcudss-linux-0.3.0.9_cuda12-archive/lib:/opt/hpcx/ucc/lib/:/opt/hpcx/ucx/lib/:/usr/local/cuda/compat/lib:/usr/local/nvidia/lib:/usr/local/nvidia/lib64:/opt/tritonserver/lib'), ('HOME', '/home/admin'), ('NVIDIA_TRITON_SERVER_VERSION', '24.08'), ('OLDPWD', '/workspaces/isaac_ros-dev'), ('HOST_USER_GID', '1000'), ('CUDA_CACHE_DISABLE', '1'), ('ROS_PYTHON_VERSION', '3'), ('MODEL_OPT_VERSION', '0.15.0'), ('ENV', '/etc/shinit_v2'), ('RDMACORE_VERSION', '39.0'), ('NVJPEG_VERSION', '12.3.3.23'), ('NVIDIA_BUILD_ID', '107631419'), ('CUDA_VERSION', '12.6.0.022'), ('TCMALLOC_RELEASE_RATE', '200'), ('CUBLAS_VERSION', '12.6.0.22'), ('NSIGHT_SYSTEMS_VERSION', '2024.4.2.133'), ('COLCON_PREFIX_PATH', '/workspaces/isaac_ros-dev/install'), ('CUDA_VISIBLE_DEVICES', '0'), ('ROS_DISTRO', 'humble'), ('OPAL_PREFIX', '/opt/hpcx/ompi'), ('NVIDIA_REQUIRE_CUDA', 'cuda>=9.0'), ('TRT_VERSION', '10.3.0.26+cuda12.5.1.007'), ('GDRCOPY_VERSION', '2.3.1-1'), ('_', '/usr/bin/colcon'), ('ROS_VERSION', '2'), ('NVIDIA_DRIVER_CAPABILITIES', 'compute,utility,graphics'), ('POLYGRAPHY_VERSION', '0.49.13'), ('CURAND_VERSION', '10.3.7.37'), ('MOFED_VERSION', '5.4-rdmacore39.0'), ('USERNAME', 'admin'), ('TERM', 'xterm'), ('ISAAC_ROS_WS', '/workspaces/isaac_ros-dev'), ('ROS_LOCALHOST_ONLY', '0'), ('TRANSFORMER_ENGINE_VERSION', '1.9'), ('PATH', '/workspaces/isaac_ros-dev/install/isaac_ros_common/bin:/opt/ros/humble/bin:/opt/ros/humble/vcstool/scripts:/opt/tritonserver/bin:/usr/local/mpi/bin:/usr/local/nvidia/bin:/usr/local/cuda/bin:/usr/local/sbin:/usr/local/bin:/usr/sbin:/usr/bin:/sbin:/bin:/usr/local/ucx/bin'), ('HOST_USER_UID', '1000'), ('CUDSS_DIR', '/usr/local/libcudss-linux-0.3.0.9_cuda12-archive'), ('CUDA_DRIVER_VERSION', '560.35.03'), ('_CUDA_COMPAT_STATUS', 'Unknown error (CUDA_ERROR_UNKNOWN) cuInit()=999'), ('DISPLAY', ':1'), ('NVIDIA_PRODUCT_NAME', 'Triton Server'), ('LANG', 'en_US.UTF-8'), ('RMW_IMPLEMENTATION', 'rmw_fastrtps_cpp'), ('NPP_VERSION', '12.3.1.23'), ('ROS_ROOT', '/opt/ros/humble'), ('UCX_MEM_EVENTS', 'no'), ('CUFFT_VERSION', '11.2.6.28'), ('SSH_AUTH_SOCK', '/ssh-agent'), ('TF_ENABLE_WINOGRAD_NONFUSED', '1'), ('AMENT_PREFIX_PATH', '/workspaces/isaac_ros-dev/install/isaac_ros_nitros:/workspaces/isaac_ros-dev/install/gxf_isaac_gxf_helpers:/workspaces/isaac_ros-dev/install/gxf_isaac_atlas:/workspaces/isaac_ros-dev/install/gxf_isaac_sight:/workspaces/isaac_ros-dev/install/gxf_isaac_optimizer:/workspaces/isaac_ros-dev/install/gxf_isaac_message_compositor:/workspaces/isaac_ros-dev/install/gxf_isaac_gems:/workspaces/isaac_ros-dev/install/isaac_ros_test:/workspaces/isaac_ros-dev/install/isaac_ros_gxf:/workspaces/isaac_ros-dev/install/isaac_ros_launch_utils:/workspaces/isaac_ros-dev/install/isaac_ros_common:/workspaces/isaac_ros-dev/install/isaac_common_py:/opt/ros/humble'), ('CUDNN_VERSION', '9.3.0.75'), ('NSIGHT_COMPUTE_VERSION', '2024.3.0.15'), ('DALI_VERSION', '1.40.0'), ('DEBIAN_FRONTEND', 'noninteractive'), ('SHELL', '/bin/bash'), ('DCGM_VERSION', '3.2.6'), ('CUDNN_FRONTEND_VERSION', '1.5.2'), ('OPENMPI_VERSION', '4.1.7'), ('TRTOSS_VERSION', '24.08'), ('OMPI_MCA_coll_hcoll_enable', '0'), ('CUSPARSE_VERSION', '12.5.2.23'), ('NVIDIA_REQUIRE_JETPACK_HOST_MOUNTS', ''), ('TRITON_SERVER_GPU_ENABLED', '1'), ('TRITON_SERVER_VERSION', '2.49.0'), ('BASH_ENV', '/etc/bash.bashrc'), ('PWD', '/workspaces/isaac_ros-dev/build/isaac_ros_nitros_image_type'), ('CUSPARSELT_VERSION', '0.6.2.3'), ('PYTHONPATH', '/workspaces/isaac_ros-dev/build/isaac_ros_test:/workspaces/isaac_ros-dev/install/isaac_ros_test/lib/python3.10/site-packages:/workspaces/isaac_ros-dev/build/isaac_ros_launch_utils:/workspaces/isaac_ros-dev/install/isaac_ros_launch_utils/lib/python3.10/site-packages:/workspaces/isaac_ros-dev/install/isaac_ros_common/local/lib/python3.10/dist-packages:/workspaces/isaac_ros-dev/build/isaac_common_py:/workspaces/isaac_ros-dev/install/isaac_common_py/lib/python3.10/site-packages:/opt/ros/humble/lib/python3.10/site-packages:/opt/ros/humble/local/lib/python3.10/dist-packages:/opt/ros/humble/vcstool:/opt/tritonserver/backends/dali/wheel/dali'), ('_CUDA_COMPAT_PATH', '/usr/local/cuda/compat'), ('TRITON_SERVER_USER', 'triton-server'), ('TF_ADJUST_HUE_FUSED', '1'), ('NVIDIA_VISIBLE_DEVICES', 'void'), ('NCCL_VERSION', '2.22.3'), ('COLCON', '1'), ('OPENUCX_VERSION', '1.17.0'), ('HPCX_VERSION', '2.19'), ('CMAKE_PREFIX_PATH', '/workspaces/isaac_ros-dev/install/isaac_ros_nitros:/workspaces/isaac_ros-dev/install/gxf_isaac_gxf_helpers:/workspaces/isaac_ros-dev/install/gxf_isaac_atlas:/workspaces/isaac_ros-dev/install/gxf_isaac_sight:/workspaces/isaac_ros-dev/install/gxf_isaac_optimizer:/workspaces/isaac_ros-dev/install/gxf_isaac_message_compositor:/workspaces/isaac_ros-dev/install/gxf_isaac_gems:/workspaces/isaac_ros-dev/install/isaac_ros_gxf:/workspaces/isaac_ros-dev/install/isaac_ros_common:/usr/local/libcudss-linux-0.3.0.9_cuda12-archive:/workspaces/isaac_ros-dev/install/isaac_ros_test:/workspaces/isaac_ros-dev/install/isaac_ros_launch_utils:/workspaces/isaac_ros-dev/install/isaac_common_py:/opt/ros/humble'), ('TF_AUTOTUNE_THRESHOLD', '2'), ('TRT_LIB_PATH', '/usr/lib/x86_64-linux-gnu')]), 'shell': False}
[38.964952] (isaac_ros_nitros_image_type) StdoutLine: {'line': b'-- Install configuration: "Release"\n'}
[38.965360] (isaac_ros_nitros_image_type) StdoutLine: {'line': b'-- Execute custom install script\n'}
[38.965574] (isaac_ros_nitros_image_type) StdoutLine: {'line': b'-- Symlinking: /workspaces/isaac_ros-dev/install/isaac_ros_nitros_image_type/share/isaac_ros_nitros_image_type/version_info.yaml\n'}
[38.975858] (isaac_ros_nitros_image_type) StdoutLine: {'line': b'-- Symlinking: /workspaces/isaac_ros-dev/install/isaac_ros_nitros_image_type/include/isaac_ros_nitros_image_type/nitros_image.hpp\n'}
[38.983293] (isaac_ros_nitros_image_type) StdoutLine: {'line': b'-- Symlinking: /workspaces/isaac_ros-dev/install/isaac_ros_nitros_image_type/include/isaac_ros_nitros_image_type/nitros_image_builder.hpp\n'}
[38.990681] (isaac_ros_nitros_image_type) StdoutLine: {'line': b'-- Symlinking: /workspaces/isaac_ros-dev/install/isaac_ros_nitros_image_type/include/isaac_ros_nitros_image_type/nitros_image_details.hpp\n'}
[39.000120] (isaac_ros_nitros_image_type) StdoutLine: {'line': b'-- Symlinking: /workspaces/isaac_ros-dev/install/isaac_ros_nitros_image_type/include/isaac_ros_nitros_image_type/nitros_image_view.hpp\n'}
[39.004497] (-) TimerEvent: {}
[39.007815] (isaac_ros_nitros_image_type) StdoutLine: {'line': b'-- Symlinking: /workspaces/isaac_ros-dev/install/isaac_ros_nitros_image_type/share/isaac_ros_nitros_image_type/environment/library_path.sh\n'}
[39.014984] (isaac_ros_nitros_image_type) StdoutLine: {'line': b'-- Symlinking: /workspaces/isaac_ros-dev/install/isaac_ros_nitros_image_type/share/isaac_ros_nitros_image_type/environment/library_path.dsv\n'}
[39.022246] (isaac_ros_nitros_image_type) StdoutLine: {'line': b'-- Symlinking: /workspaces/isaac_ros-dev/install/isaac_ros_nitros_image_type/lib/libisaac_ros_nitros_image_type.so\n'}
[39.030195] (isaac_ros_nitros_image_type) StdoutLine: {'line': b'-- Symlinking: /workspaces/isaac_ros-dev/install/isaac_ros_nitros_image_type/share/ament_index/resource_index/package_run_dependencies/isaac_ros_nitros_image_type\n'}
[39.038342] (isaac_ros_nitros_camera_info_type) StdoutLine: {'line': b'[100%] Built target isaac_ros_nitros_camera_info_type\n'}
[39.040245] (isaac_ros_nitros_image_type) StdoutLine: {'line': b'-- Symlinking: /workspaces/isaac_ros-dev/install/isaac_ros_nitros_image_type/share/ament_index/resource_index/parent_prefix_path/isaac_ros_nitros_image_type\n'}
[39.047304] (isaac_ros_nitros_image_type) StdoutLine: {'line': b'-- Symlinking: /workspaces/isaac_ros-dev/install/isaac_ros_nitros_image_type/share/isaac_ros_nitros_image_type/environment/ament_prefix_path.sh\n'}
[39.048921] (isaac_ros_nitros_camera_info_type) CommandEnded: {'returncode': 0}
[39.049830] (isaac_ros_nitros_camera_info_type) JobProgress: {'identifier': 'isaac_ros_nitros_camera_info_type', 'progress': 'install'}
[39.050309] (isaac_ros_nitros_camera_info_type) Command: {'cmd': ['/usr/bin/cmake', '--install', '/workspaces/isaac_ros-dev/build/isaac_ros_nitros_camera_info_type'], 'cwd': '/workspaces/isaac_ros-dev/build/isaac_ros_nitros_camera_info_type', 'env': OrderedDict([('DALI_BUILD', '16741769'), ('LIBRARY_PATH', '/usr/local/cuda/lib64/stubs:'), ('NVIDIA_CTK_LIBCUDA_DIR', '/usr/lib/x86_64-linux-gnu/nvidia/current'), ('PYTHONWARNINGS', 'ignore:::setuptools.command.install,ignore:::setuptools.command.easy_install,ignore:::pkg_resources,ignore:::setuptools.command.develop'), ('USER', 'diego'), ('TRT_INC_PATH', '/usr/include/x86_64-linux-gnu'), ('TF_ADJUST_SATURATION_FUSED', '1'), ('CUSOLVER_VERSION', '11.6.4.38'), ('HOSTNAME', 'debian'), ('CUTENSOR_VERSION', '2.0.2.5'), ('SHLVL', '1'), ('LD_LIBRARY_PATH', '/workspaces/isaac_ros-dev/install/isaac_ros_nitros/lib:/workspaces/isaac_ros-dev/install/gxf_isaac_gxf_helpers/lib:/workspaces/isaac_ros-dev/install/gxf_isaac_atlas/lib:/workspaces/isaac_ros-dev/install/gxf_isaac_sight/lib:/workspaces/isaac_ros-dev/install/gxf_isaac_optimizer/lib:/workspaces/isaac_ros-dev/install/gxf_isaac_message_compositor/lib:/workspaces/isaac_ros-dev/install/gxf_isaac_gems/lib:/workspaces/isaac_ros-dev/install/isaac_ros_gxf/lib:/workspaces/isaac_ros-dev/install/isaac_ros_common/lib:/opt/ros/humble/opt/openvdb_vendor/lib:/opt/ros/humble/opt/rviz_ogre_vendor/lib:/opt/ros/humble/lib/x86_64-linux-gnu:/opt/ros/humble/lib:/usr/local/libcudss-linux-0.3.0.9_cuda12-archive/lib:/opt/hpcx/ucc/lib/:/opt/hpcx/ucx/lib/:/usr/local/cuda/compat/lib:/usr/local/nvidia/lib:/usr/local/nvidia/lib64:/opt/tritonserver/lib'), ('HOME', '/home/admin'), ('NVIDIA_TRITON_SERVER_VERSION', '24.08'), ('OLDPWD', '/workspaces/isaac_ros-dev'), ('HOST_USER_GID', '1000'), ('CUDA_CACHE_DISABLE', '1'), ('ROS_PYTHON_VERSION', '3'), ('MODEL_OPT_VERSION', '0.15.0'), ('ENV', '/etc/shinit_v2'), ('RDMACORE_VERSION', '39.0'), ('NVJPEG_VERSION', '12.3.3.23'), ('NVIDIA_BUILD_ID', '107631419'), ('CUDA_VERSION', '12.6.0.022'), ('TCMALLOC_RELEASE_RATE', '200'), ('CUBLAS_VERSION', '12.6.0.22'), ('NSIGHT_SYSTEMS_VERSION', '2024.4.2.133'), ('COLCON_PREFIX_PATH', '/workspaces/isaac_ros-dev/install'), ('CUDA_VISIBLE_DEVICES', '0'), ('ROS_DISTRO', 'humble'), ('OPAL_PREFIX', '/opt/hpcx/ompi'), ('NVIDIA_REQUIRE_CUDA', 'cuda>=9.0'), ('TRT_VERSION', '10.3.0.26+cuda12.5.1.007'), ('GDRCOPY_VERSION', '2.3.1-1'), ('_', '/usr/bin/colcon'), ('ROS_VERSION', '2'), ('NVIDIA_DRIVER_CAPABILITIES', 'compute,utility,graphics'), ('POLYGRAPHY_VERSION', '0.49.13'), ('CURAND_VERSION', '10.3.7.37'), ('MOFED_VERSION', '5.4-rdmacore39.0'), ('USERNAME', 'admin'), ('TERM', 'xterm'), ('ISAAC_ROS_WS', '/workspaces/isaac_ros-dev'), ('ROS_LOCALHOST_ONLY', '0'), ('TRANSFORMER_ENGINE_VERSION', '1.9'), ('PATH', '/workspaces/isaac_ros-dev/install/isaac_ros_common/bin:/opt/ros/humble/bin:/opt/ros/humble/vcstool/scripts:/opt/tritonserver/bin:/usr/local/mpi/bin:/usr/local/nvidia/bin:/usr/local/cuda/bin:/usr/local/sbin:/usr/local/bin:/usr/sbin:/usr/bin:/sbin:/bin:/usr/local/ucx/bin'), ('HOST_USER_UID', '1000'), ('CUDSS_DIR', '/usr/local/libcudss-linux-0.3.0.9_cuda12-archive'), ('CUDA_DRIVER_VERSION', '560.35.03'), ('_CUDA_COMPAT_STATUS', 'Unknown error (CUDA_ERROR_UNKNOWN) cuInit()=999'), ('DISPLAY', ':1'), ('NVIDIA_PRODUCT_NAME', 'Triton Server'), ('LANG', 'en_US.UTF-8'), ('RMW_IMPLEMENTATION', 'rmw_fastrtps_cpp'), ('NPP_VERSION', '12.3.1.23'), ('ROS_ROOT', '/opt/ros/humble'), ('UCX_MEM_EVENTS', 'no'), ('CUFFT_VERSION', '11.2.6.28'), ('SSH_AUTH_SOCK', '/ssh-agent'), ('TF_ENABLE_WINOGRAD_NONFUSED', '1'), ('AMENT_PREFIX_PATH', '/workspaces/isaac_ros-dev/install/isaac_ros_nitros:/workspaces/isaac_ros-dev/install/gxf_isaac_gxf_helpers:/workspaces/isaac_ros-dev/install/gxf_isaac_atlas:/workspaces/isaac_ros-dev/install/gxf_isaac_sight:/workspaces/isaac_ros-dev/install/gxf_isaac_optimizer:/workspaces/isaac_ros-dev/install/gxf_isaac_message_compositor:/workspaces/isaac_ros-dev/install/gxf_isaac_gems:/workspaces/isaac_ros-dev/install/isaac_ros_test:/workspaces/isaac_ros-dev/install/isaac_ros_gxf:/workspaces/isaac_ros-dev/install/isaac_ros_launch_utils:/workspaces/isaac_ros-dev/install/isaac_ros_common:/workspaces/isaac_ros-dev/install/isaac_common_py:/opt/ros/humble'), ('CUDNN_VERSION', '9.3.0.75'), ('NSIGHT_COMPUTE_VERSION', '2024.3.0.15'), ('DALI_VERSION', '1.40.0'), ('DEBIAN_FRONTEND', 'noninteractive'), ('SHELL', '/bin/bash'), ('DCGM_VERSION', '3.2.6'), ('CUDNN_FRONTEND_VERSION', '1.5.2'), ('OPENMPI_VERSION', '4.1.7'), ('TRTOSS_VERSION', '24.08'), ('OMPI_MCA_coll_hcoll_enable', '0'), ('CUSPARSE_VERSION', '12.5.2.23'), ('NVIDIA_REQUIRE_JETPACK_HOST_MOUNTS', ''), ('TRITON_SERVER_GPU_ENABLED', '1'), ('TRITON_SERVER_VERSION', '2.49.0'), ('BASH_ENV', '/etc/bash.bashrc'), ('PWD', '/workspaces/isaac_ros-dev/build/isaac_ros_nitros_camera_info_type'), ('CUSPARSELT_VERSION', '0.6.2.3'), ('PYTHONPATH', '/workspaces/isaac_ros-dev/build/isaac_ros_test:/workspaces/isaac_ros-dev/install/isaac_ros_test/lib/python3.10/site-packages:/workspaces/isaac_ros-dev/build/isaac_ros_launch_utils:/workspaces/isaac_ros-dev/install/isaac_ros_launch_utils/lib/python3.10/site-packages:/workspaces/isaac_ros-dev/install/isaac_ros_common/local/lib/python3.10/dist-packages:/workspaces/isaac_ros-dev/build/isaac_common_py:/workspaces/isaac_ros-dev/install/isaac_common_py/lib/python3.10/site-packages:/opt/ros/humble/lib/python3.10/site-packages:/opt/ros/humble/local/lib/python3.10/dist-packages:/opt/ros/humble/vcstool:/opt/tritonserver/backends/dali/wheel/dali'), ('_CUDA_COMPAT_PATH', '/usr/local/cuda/compat'), ('TRITON_SERVER_USER', 'triton-server'), ('TF_ADJUST_HUE_FUSED', '1'), ('NVIDIA_VISIBLE_DEVICES', 'void'), ('NCCL_VERSION', '2.22.3'), ('COLCON', '1'), ('OPENUCX_VERSION', '1.17.0'), ('HPCX_VERSION', '2.19'), ('CMAKE_PREFIX_PATH', '/workspaces/isaac_ros-dev/install/isaac_ros_nitros:/workspaces/isaac_ros-dev/install/gxf_isaac_gxf_helpers:/workspaces/isaac_ros-dev/install/gxf_isaac_atlas:/workspaces/isaac_ros-dev/install/gxf_isaac_sight:/workspaces/isaac_ros-dev/install/gxf_isaac_optimizer:/workspaces/isaac_ros-dev/install/gxf_isaac_message_compositor:/workspaces/isaac_ros-dev/install/gxf_isaac_gems:/workspaces/isaac_ros-dev/install/isaac_ros_gxf:/workspaces/isaac_ros-dev/install/isaac_ros_common:/usr/local/libcudss-linux-0.3.0.9_cuda12-archive:/workspaces/isaac_ros-dev/install/isaac_ros_test:/workspaces/isaac_ros-dev/install/isaac_ros_launch_utils:/workspaces/isaac_ros-dev/install/isaac_common_py:/opt/ros/humble'), ('TF_AUTOTUNE_THRESHOLD', '2'), ('TRT_LIB_PATH', '/usr/lib/x86_64-linux-gnu')]), 'shell': False}
[39.054599] (isaac_ros_nitros_image_type) StdoutLine: {'line': b'-- Symlinking: /workspaces/isaac_ros-dev/install/isaac_ros_nitros_image_type/share/isaac_ros_nitros_image_type/environment/ament_prefix_path.dsv\n'}
[39.056628] (isaac_ros_nitros_camera_info_type) StdoutLine: {'line': b'-- Install configuration: "Release"\n'}
[39.057079] (isaac_ros_nitros_camera_info_type) StdoutLine: {'line': b'-- Execute custom install script\n'}
[39.057380] (isaac_ros_nitros_camera_info_type) StdoutLine: {'line': b'-- Symlinking: /workspaces/isaac_ros-dev/install/isaac_ros_nitros_camera_info_type/share/isaac_ros_nitros_camera_info_type/version_info.yaml\n'}
[39.061799] (isaac_ros_nitros_image_type) StdoutLine: {'line': b'-- Symlinking: /workspaces/isaac_ros-dev/install/isaac_ros_nitros_image_type/share/isaac_ros_nitros_image_type/environment/path.sh\n'}
[39.065769] (isaac_ros_nitros_camera_info_type) StdoutLine: {'line': b'-- Symlinking: /workspaces/isaac_ros-dev/install/isaac_ros_nitros_camera_info_type/include/isaac_ros_nitros_camera_info_type/nitros_camera_info.hpp\n'}
[39.069952] (isaac_ros_nitros_image_type) StdoutLine: {'line': b'-- Symlinking: /workspaces/isaac_ros-dev/install/isaac_ros_nitros_image_type/share/isaac_ros_nitros_image_type/environment/path.dsv\n'}
[39.073669] (isaac_ros_nitros_camera_info_type) StdoutLine: {'line': b'-- Symlinking: /workspaces/isaac_ros-dev/install/isaac_ros_nitros_camera_info_type/include/isaac_ros_nitros_camera_info_type/nitros_camera_info_view.hpp\n'}
[39.080315] (isaac_ros_nitros_image_type) StdoutLine: {'line': b'-- Symlinking: /workspaces/isaac_ros-dev/install/isaac_ros_nitros_image_type/share/isaac_ros_nitros_image_type/local_setup.bash\n'}
[39.080500] (isaac_ros_nitros_camera_info_type) StdoutLine: {'line': b'-- Symlinking: /workspaces/isaac_ros-dev/install/isaac_ros_nitros_camera_info_type/share/isaac_ros_nitros_camera_info_type/environment/library_path.sh\n'}
[39.087612] (isaac_ros_nitros_image_type) StdoutLine: {'line': b'-- Symlinking: /workspaces/isaac_ros-dev/install/isaac_ros_nitros_image_type/share/isaac_ros_nitros_image_type/local_setup.sh\n'}
[39.087813] (isaac_ros_nitros_camera_info_type) StdoutLine: {'line': b'-- Symlinking: /workspaces/isaac_ros-dev/install/isaac_ros_nitros_camera_info_type/share/isaac_ros_nitros_camera_info_type/environment/library_path.dsv\n'}
[39.095264] (isaac_ros_nitros_image_type) StdoutLine: {'line': b'-- Symlinking: /workspaces/isaac_ros-dev/install/isaac_ros_nitros_image_type/share/isaac_ros_nitros_image_type/local_setup.zsh\n'}
[39.095405] (isaac_ros_nitros_camera_info_type) StdoutLine: {'line': b'-- Symlinking: /workspaces/isaac_ros-dev/install/isaac_ros_nitros_camera_info_type/lib/libisaac_ros_nitros_camera_info_type.so\n'}
[39.101810] (isaac_ros_nitros_image_type) StdoutLine: {'line': b'-- Symlinking: /workspaces/isaac_ros-dev/install/isaac_ros_nitros_image_type/share/isaac_ros_nitros_image_type/local_setup.dsv\n'}
[39.104654] (-) TimerEvent: {}
[39.106133] (isaac_ros_nitros_camera_info_type) StdoutLine: {'line': b'-- Symlinking: /workspaces/isaac_ros-dev/install/isaac_ros_nitros_camera_info_type/share/ament_index/resource_index/package_run_dependencies/isaac_ros_nitros_camera_info_type\n'}
[39.109385] (isaac_ros_nitros_image_type) StdoutLine: {'line': b'-- Symlinking: /workspaces/isaac_ros-dev/install/isaac_ros_nitros_image_type/share/isaac_ros_nitros_image_type/package.dsv\n'}
[39.113182] (isaac_ros_nitros_detection3_d_array_type) StdoutLine: {'line': b'[100%] \x1b[32m\x1b[1mLinking CXX shared library libisaac_ros_nitros_detection3_d_array_type.so\x1b[0m\n'}
[39.113973] (isaac_ros_nitros_camera_info_type) StdoutLine: {'line': b'-- Symlinking: /workspaces/isaac_ros-dev/install/isaac_ros_nitros_camera_info_type/share/ament_index/resource_index/parent_prefix_path/isaac_ros_nitros_camera_info_type\n'}
[39.115969] (isaac_ros_nitros_image_type) StdoutLine: {'line': b'-- Symlinking: /workspaces/isaac_ros-dev/install/isaac_ros_nitros_image_type/share/ament_index/resource_index/packages/isaac_ros_nitros_image_type\n'}
[39.120494] (isaac_ros_nitros_camera_info_type) StdoutLine: {'line': b'-- Symlinking: /workspaces/isaac_ros-dev/install/isaac_ros_nitros_camera_info_type/share/isaac_ros_nitros_camera_info_type/environment/ament_prefix_path.sh\n'}
[39.122571] (isaac_ros_nitros_image_type) StdoutLine: {'line': b'-- Symlinking: /workspaces/isaac_ros-dev/install/isaac_ros_nitros_image_type/share/isaac_ros_nitros_image_type/cmake/ament_cmake_export_dependencies-extras.cmake\n'}
[39.129071] (isaac_ros_nitros_camera_info_type) StdoutLine: {'line': b'-- Symlinking: /workspaces/isaac_ros-dev/install/isaac_ros_nitros_camera_info_type/share/isaac_ros_nitros_camera_info_type/environment/ament_prefix_path.dsv\n'}
[39.129975] (isaac_ros_nitros_image_type) StdoutLine: {'line': b'-- Symlinking: /workspaces/isaac_ros-dev/install/isaac_ros_nitros_image_type/share/isaac_ros_nitros_image_type/cmake/ament_cmake_export_include_directories-extras.cmake\n'}
[39.136335] (isaac_ros_nitros_camera_info_type) StdoutLine: {'line': b'-- Symlinking: /workspaces/isaac_ros-dev/install/isaac_ros_nitros_camera_info_type/share/isaac_ros_nitros_camera_info_type/environment/path.sh\n'}
[39.137173] (isaac_ros_nitros_image_type) StdoutLine: {'line': b'-- Symlinking: /workspaces/isaac_ros-dev/install/isaac_ros_nitros_image_type/share/isaac_ros_nitros_image_type/cmake/ament_cmake_export_libraries-extras.cmake\n'}
[39.143940] (isaac_ros_nitros_camera_info_type) StdoutLine: {'line': b'-- Symlinking: /workspaces/isaac_ros-dev/install/isaac_ros_nitros_camera_info_type/share/isaac_ros_nitros_camera_info_type/environment/path.dsv\n'}
[39.144103] (isaac_ros_nitros_image_type) StdoutLine: {'line': b'-- Symlinking: /workspaces/isaac_ros-dev/install/isaac_ros_nitros_image_type/share/isaac_ros_nitros_image_type/cmake/isaac_ros_nitros_image_typeConfig.cmake\n'}
[39.151496] (isaac_ros_nitros_camera_info_type) StdoutLine: {'line': b'-- Symlinking: /workspaces/isaac_ros-dev/install/isaac_ros_nitros_camera_info_type/share/isaac_ros_nitros_camera_info_type/local_setup.bash\n'}
[39.152348] (isaac_ros_nitros_image_type) StdoutLine: {'line': b'-- Symlinking: /workspaces/isaac_ros-dev/install/isaac_ros_nitros_image_type/share/isaac_ros_nitros_image_type/cmake/isaac_ros_nitros_image_typeConfig-version.cmake\n'}
[39.158646] (isaac_ros_nitros_camera_info_type) StdoutLine: {'line': b'-- Symlinking: /workspaces/isaac_ros-dev/install/isaac_ros_nitros_camera_info_type/share/isaac_ros_nitros_camera_info_type/local_setup.sh\n'}
[39.159135] (isaac_ros_nitros_image_type) StdoutLine: {'line': b'-- Symlinking: /workspaces/isaac_ros-dev/install/isaac_ros_nitros_image_type/share/isaac_ros_nitros_image_type/package.xml\n'}
[39.165588] (isaac_ros_nitros_camera_info_type) StdoutLine: {'line': b'-- Symlinking: /workspaces/isaac_ros-dev/install/isaac_ros_nitros_camera_info_type/share/isaac_ros_nitros_camera_info_type/local_setup.zsh\n'}
[39.169119] (isaac_ros_nitros_image_type) CommandEnded: {'returncode': 0}
[39.173915] (isaac_ros_nitros_camera_info_type) StdoutLine: {'line': b'-- Symlinking: /workspaces/isaac_ros-dev/install/isaac_ros_nitros_camera_info_type/share/isaac_ros_nitros_camera_info_type/local_setup.dsv\n'}
[39.206940] (isaac_ros_nitros_camera_info_type) StdoutLine: {'line': b'-- Symlinking: /workspaces/isaac_ros-dev/install/isaac_ros_nitros_camera_info_type/share/isaac_ros_nitros_camera_info_type/package.dsv\n'}
[39.207276] (-) TimerEvent: {}
[39.207370] (isaac_ros_nitros_camera_info_type) StdoutLine: {'line': b'-- Symlinking: /workspaces/isaac_ros-dev/install/isaac_ros_nitros_camera_info_type/share/ament_index/resource_index/packages/isaac_ros_nitros_camera_info_type\n'}
[39.208163] (isaac_ros_nitros_camera_info_type) StdoutLine: {'line': b'-- Symlinking: /workspaces/isaac_ros-dev/install/isaac_ros_nitros_camera_info_type/share/isaac_ros_nitros_camera_info_type/cmake/ament_cmake_export_dependencies-extras.cmake\n'}
[39.214984] (isaac_ros_nitros_image_type) JobEnded: {'identifier': 'isaac_ros_nitros_image_type', 'rc': 0}
[39.217315] (isaac_ros_nitros_camera_info_type) StdoutLine: {'line': b'-- Symlinking: /workspaces/isaac_ros-dev/install/isaac_ros_nitros_camera_info_type/share/isaac_ros_nitros_camera_info_type/cmake/ament_cmake_export_include_directories-extras.cmake\n'}
[39.227288] (isaac_ros_nitros_camera_info_type) StdoutLine: {'line': b'-- Symlinking: /workspaces/isaac_ros-dev/install/isaac_ros_nitros_camera_info_type/share/isaac_ros_nitros_camera_info_type/cmake/ament_cmake_export_libraries-extras.cmake\n'}
[39.234483] (isaac_ros_nitros_camera_info_type) StdoutLine: {'line': b'-- Symlinking: /workspaces/isaac_ros-dev/install/isaac_ros_nitros_camera_info_type/share/isaac_ros_nitros_camera_info_type/cmake/isaac_ros_nitros_camera_info_typeConfig.cmake\n'}
[39.242095] (isaac_ros_nitros_camera_info_type) StdoutLine: {'line': b'-- Symlinking: /workspaces/isaac_ros-dev/install/isaac_ros_nitros_camera_info_type/share/isaac_ros_nitros_camera_info_type/cmake/isaac_ros_nitros_camera_info_typeConfig-version.cmake\n'}
[39.249362] (isaac_ros_nitros_camera_info_type) StdoutLine: {'line': b'-- Symlinking: /workspaces/isaac_ros-dev/install/isaac_ros_nitros_camera_info_type/share/isaac_ros_nitros_camera_info_type/package.xml\n'}
[39.261746] (isaac_ros_nitros_camera_info_type) CommandEnded: {'returncode': 0}
[39.273707] (isaac_ros_nitros_camera_info_type) JobEnded: {'identifier': 'isaac_ros_nitros_camera_info_type', 'rc': 0}
[39.295432] (isaac_ros_nitros_detection3_d_array_type) StdoutLine: {'line': b'[100%] Built target isaac_ros_nitros_detection3_d_array_type\n'}
[39.306218] (isaac_ros_nitros_detection3_d_array_type) CommandEnded: {'returncode': 0}
[39.306925] (isaac_ros_nitros_detection3_d_array_type) JobProgress: {'identifier': 'isaac_ros_nitros_detection3_d_array_type', 'progress': 'install'}
[39.307112] (isaac_ros_nitros_detection3_d_array_type) Command: {'cmd': ['/usr/bin/cmake', '--install', '/workspaces/isaac_ros-dev/build/isaac_ros_nitros_detection3_d_array_type'], 'cwd': '/workspaces/isaac_ros-dev/build/isaac_ros_nitros_detection3_d_array_type', 'env': OrderedDict([('DALI_BUILD', '16741769'), ('LIBRARY_PATH', '/usr/local/cuda/lib64/stubs:'), ('NVIDIA_CTK_LIBCUDA_DIR', '/usr/lib/x86_64-linux-gnu/nvidia/current'), ('PYTHONWARNINGS', 'ignore:::setuptools.command.install,ignore:::setuptools.command.easy_install,ignore:::pkg_resources,ignore:::setuptools.command.develop'), ('USER', 'diego'), ('TRT_INC_PATH', '/usr/include/x86_64-linux-gnu'), ('TF_ADJUST_SATURATION_FUSED', '1'), ('CUSOLVER_VERSION', '11.6.4.38'), ('HOSTNAME', 'debian'), ('CUTENSOR_VERSION', '2.0.2.5'), ('SHLVL', '1'), ('LD_LIBRARY_PATH', '/workspaces/isaac_ros-dev/install/isaac_ros_nitros/lib:/workspaces/isaac_ros-dev/install/gxf_isaac_messages/lib:/workspaces/isaac_ros-dev/install/gxf_isaac_gxf_helpers/lib:/workspaces/isaac_ros-dev/install/gxf_isaac_atlas/lib:/workspaces/isaac_ros-dev/install/gxf_isaac_sight/lib:/workspaces/isaac_ros-dev/install/gxf_isaac_optimizer/lib:/workspaces/isaac_ros-dev/install/gxf_isaac_message_compositor/lib:/workspaces/isaac_ros-dev/install/gxf_isaac_gems/lib:/workspaces/isaac_ros-dev/install/isaac_ros_gxf/lib:/workspaces/isaac_ros-dev/install/isaac_ros_common/lib:/opt/ros/humble/opt/openvdb_vendor/lib:/opt/ros/humble/opt/rviz_ogre_vendor/lib:/opt/ros/humble/lib/x86_64-linux-gnu:/opt/ros/humble/lib:/usr/local/libcudss-linux-0.3.0.9_cuda12-archive/lib:/opt/hpcx/ucc/lib/:/opt/hpcx/ucx/lib/:/usr/local/cuda/compat/lib:/usr/local/nvidia/lib:/usr/local/nvidia/lib64:/opt/tritonserver/lib'), ('HOME', '/home/admin'), ('NVIDIA_TRITON_SERVER_VERSION', '24.08'), ('OLDPWD', '/workspaces/isaac_ros-dev'), ('HOST_USER_GID', '1000'), ('CUDA_CACHE_DISABLE', '1'), ('ROS_PYTHON_VERSION', '3'), ('MODEL_OPT_VERSION', '0.15.0'), ('ENV', '/etc/shinit_v2'), ('RDMACORE_VERSION', '39.0'), ('NVJPEG_VERSION', '12.3.3.23'), ('NVIDIA_BUILD_ID', '107631419'), ('CUDA_VERSION', '12.6.0.022'), ('TCMALLOC_RELEASE_RATE', '200'), ('CUBLAS_VERSION', '12.6.0.22'), ('NSIGHT_SYSTEMS_VERSION', '2024.4.2.133'), ('COLCON_PREFIX_PATH', '/workspaces/isaac_ros-dev/install'), ('CUDA_VISIBLE_DEVICES', '0'), ('ROS_DISTRO', 'humble'), ('OPAL_PREFIX', '/opt/hpcx/ompi'), ('NVIDIA_REQUIRE_CUDA', 'cuda>=9.0'), ('TRT_VERSION', '10.3.0.26+cuda12.5.1.007'), ('GDRCOPY_VERSION', '2.3.1-1'), ('_', '/usr/bin/colcon'), ('ROS_VERSION', '2'), ('NVIDIA_DRIVER_CAPABILITIES', 'compute,utility,graphics'), ('POLYGRAPHY_VERSION', '0.49.13'), ('CURAND_VERSION', '10.3.7.37'), ('MOFED_VERSION', '5.4-rdmacore39.0'), ('USERNAME', 'admin'), ('TERM', 'xterm'), ('ISAAC_ROS_WS', '/workspaces/isaac_ros-dev'), ('ROS_LOCALHOST_ONLY', '0'), ('TRANSFORMER_ENGINE_VERSION', '1.9'), ('PATH', '/workspaces/isaac_ros-dev/install/isaac_ros_common/bin:/opt/ros/humble/bin:/opt/ros/humble/vcstool/scripts:/opt/tritonserver/bin:/usr/local/mpi/bin:/usr/local/nvidia/bin:/usr/local/cuda/bin:/usr/local/sbin:/usr/local/bin:/usr/sbin:/usr/bin:/sbin:/bin:/usr/local/ucx/bin'), ('HOST_USER_UID', '1000'), ('CUDSS_DIR', '/usr/local/libcudss-linux-0.3.0.9_cuda12-archive'), ('CUDA_DRIVER_VERSION', '560.35.03'), ('_CUDA_COMPAT_STATUS', 'Unknown error (CUDA_ERROR_UNKNOWN) cuInit()=999'), ('DISPLAY', ':1'), ('NVIDIA_PRODUCT_NAME', 'Triton Server'), ('LANG', 'en_US.UTF-8'), ('RMW_IMPLEMENTATION', 'rmw_fastrtps_cpp'), ('NPP_VERSION', '12.3.1.23'), ('ROS_ROOT', '/opt/ros/humble'), ('UCX_MEM_EVENTS', 'no'), ('CUFFT_VERSION', '11.2.6.28'), ('SSH_AUTH_SOCK', '/ssh-agent'), ('TF_ENABLE_WINOGRAD_NONFUSED', '1'), ('AMENT_PREFIX_PATH', '/workspaces/isaac_ros-dev/install/isaac_ros_nitros:/workspaces/isaac_ros-dev/install/gxf_isaac_messages:/workspaces/isaac_ros-dev/install/gxf_isaac_gxf_helpers:/workspaces/isaac_ros-dev/install/gxf_isaac_atlas:/workspaces/isaac_ros-dev/install/gxf_isaac_sight:/workspaces/isaac_ros-dev/install/gxf_isaac_optimizer:/workspaces/isaac_ros-dev/install/gxf_isaac_message_compositor:/workspaces/isaac_ros-dev/install/gxf_isaac_gems:/workspaces/isaac_ros-dev/install/isaac_ros_test:/workspaces/isaac_ros-dev/install/isaac_ros_gxf:/workspaces/isaac_ros-dev/install/isaac_ros_launch_utils:/workspaces/isaac_ros-dev/install/isaac_ros_common:/workspaces/isaac_ros-dev/install/isaac_common_py:/opt/ros/humble'), ('CUDNN_VERSION', '9.3.0.75'), ('NSIGHT_COMPUTE_VERSION', '2024.3.0.15'), ('DALI_VERSION', '1.40.0'), ('DEBIAN_FRONTEND', 'noninteractive'), ('SHELL', '/bin/bash'), ('DCGM_VERSION', '3.2.6'), ('CUDNN_FRONTEND_VERSION', '1.5.2'), ('OPENMPI_VERSION', '4.1.7'), ('TRTOSS_VERSION', '24.08'), ('OMPI_MCA_coll_hcoll_enable', '0'), ('CUSPARSE_VERSION', '12.5.2.23'), ('NVIDIA_REQUIRE_JETPACK_HOST_MOUNTS', ''), ('TRITON_SERVER_GPU_ENABLED', '1'), ('TRITON_SERVER_VERSION', '2.49.0'), ('BASH_ENV', '/etc/bash.bashrc'), ('PWD', '/workspaces/isaac_ros-dev/build/isaac_ros_nitros_detection3_d_array_type'), ('CUSPARSELT_VERSION', '0.6.2.3'), ('PYTHONPATH', '/workspaces/isaac_ros-dev/build/isaac_ros_test:/workspaces/isaac_ros-dev/install/isaac_ros_test/lib/python3.10/site-packages:/workspaces/isaac_ros-dev/build/isaac_ros_launch_utils:/workspaces/isaac_ros-dev/install/isaac_ros_launch_utils/lib/python3.10/site-packages:/workspaces/isaac_ros-dev/install/isaac_ros_common/local/lib/python3.10/dist-packages:/workspaces/isaac_ros-dev/build/isaac_common_py:/workspaces/isaac_ros-dev/install/isaac_common_py/lib/python3.10/site-packages:/opt/ros/humble/lib/python3.10/site-packages:/opt/ros/humble/local/lib/python3.10/dist-packages:/opt/ros/humble/vcstool:/opt/tritonserver/backends/dali/wheel/dali'), ('_CUDA_COMPAT_PATH', '/usr/local/cuda/compat'), ('TRITON_SERVER_USER', 'triton-server'), ('TF_ADJUST_HUE_FUSED', '1'), ('NVIDIA_VISIBLE_DEVICES', 'void'), ('NCCL_VERSION', '2.22.3'), ('COLCON', '1'), ('OPENUCX_VERSION', '1.17.0'), ('HPCX_VERSION', '2.19'), ('CMAKE_PREFIX_PATH', '/workspaces/isaac_ros-dev/install/isaac_ros_nitros:/workspaces/isaac_ros-dev/install/gxf_isaac_messages:/workspaces/isaac_ros-dev/install/gxf_isaac_gxf_helpers:/workspaces/isaac_ros-dev/install/gxf_isaac_atlas:/workspaces/isaac_ros-dev/install/gxf_isaac_sight:/workspaces/isaac_ros-dev/install/gxf_isaac_optimizer:/workspaces/isaac_ros-dev/install/gxf_isaac_message_compositor:/workspaces/isaac_ros-dev/install/gxf_isaac_gems:/workspaces/isaac_ros-dev/install/isaac_ros_gxf:/workspaces/isaac_ros-dev/install/isaac_ros_common:/usr/local/libcudss-linux-0.3.0.9_cuda12-archive:/workspaces/isaac_ros-dev/install/isaac_ros_test:/workspaces/isaac_ros-dev/install/isaac_ros_launch_utils:/workspaces/isaac_ros-dev/install/isaac_common_py:/opt/ros/humble'), ('TF_AUTOTUNE_THRESHOLD', '2'), ('TRT_LIB_PATH', '/usr/lib/x86_64-linux-gnu')]), 'shell': False}
[39.308096] (-) TimerEvent: {}
[39.313739] (isaac_ros_nitros_detection3_d_array_type) StdoutLine: {'line': b'-- Install configuration: "Release"\n'}
[39.314102] (isaac_ros_nitros_detection3_d_array_type) StdoutLine: {'line': b'-- Execute custom install script\n'}
[39.314356] (isaac_ros_nitros_detection3_d_array_type) StdoutLine: {'line': b'-- Symlinking: /workspaces/isaac_ros-dev/install/isaac_ros_nitros_detection3_d_array_type/share/isaac_ros_nitros_detection3_d_array_type/gxf/lib/detection3_d/libisaac_ros_nitros_detection3_d_array_type.so\n'}
[39.321606] (isaac_ros_nitros_detection3_d_array_type) StdoutLine: {'line': b'-- Symlinking: /workspaces/isaac_ros-dev/install/isaac_ros_nitros_detection3_d_array_type/share/isaac_ros_nitros_detection3_d_array_type/version_info.yaml\n'}
[39.329864] (isaac_ros_nitros_detection3_d_array_type) StdoutLine: {'line': b'-- Symlinking: /workspaces/isaac_ros-dev/install/isaac_ros_nitros_detection3_d_array_type/include/detection3_d_array_message/detection3_d_array_message.hpp\n'}
[39.340309] (isaac_ros_nitros_detection3_d_array_type) StdoutLine: {'line': b'-- Symlinking: /workspaces/isaac_ros-dev/install/isaac_ros_nitros_detection3_d_array_type/include/isaac_ros_nitros_detection3_d_array_type/nitros_detection3_d_array.hpp\n'}
[39.348987] (isaac_ros_nitros_detection3_d_array_type) StdoutLine: {'line': b'-- Symlinking: /workspaces/isaac_ros-dev/install/isaac_ros_nitros_detection3_d_array_type/share/isaac_ros_nitros_detection3_d_array_type/environment/library_path.sh\n'}
[39.359438] (isaac_ros_nitros_detection3_d_array_type) StdoutLine: {'line': b'-- Symlinking: /workspaces/isaac_ros-dev/install/isaac_ros_nitros_detection3_d_array_type/share/isaac_ros_nitros_detection3_d_array_type/environment/library_path.dsv\n'}
[39.367646] (isaac_ros_nitros_detection3_d_array_type) StdoutLine: {'line': b'-- Symlinking: /workspaces/isaac_ros-dev/install/isaac_ros_nitros_detection3_d_array_type/lib/libisaac_ros_nitros_detection3_d_array_type.so\n'}
[39.375637] (isaac_ros_nitros_detection3_d_array_type) StdoutLine: {'line': b'-- Symlinking: /workspaces/isaac_ros-dev/install/isaac_ros_nitros_detection3_d_array_type/share/ament_index/resource_index/package_run_dependencies/isaac_ros_nitros_detection3_d_array_type\n'}
[39.382780] (isaac_ros_nitros_detection3_d_array_type) StdoutLine: {'line': b'-- Symlinking: /workspaces/isaac_ros-dev/install/isaac_ros_nitros_detection3_d_array_type/share/ament_index/resource_index/parent_prefix_path/isaac_ros_nitros_detection3_d_array_type\n'}
[39.389210] (isaac_ros_nitros_detection3_d_array_type) StdoutLine: {'line': b'-- Symlinking: /workspaces/isaac_ros-dev/install/isaac_ros_nitros_detection3_d_array_type/share/isaac_ros_nitros_detection3_d_array_type/environment/ament_prefix_path.sh\n'}
[39.395421] (isaac_ros_nitros_detection3_d_array_type) StdoutLine: {'line': b'-- Symlinking: /workspaces/isaac_ros-dev/install/isaac_ros_nitros_detection3_d_array_type/share/isaac_ros_nitros_detection3_d_array_type/environment/ament_prefix_path.dsv\n'}
[39.403911] (isaac_ros_nitros_detection3_d_array_type) StdoutLine: {'line': b'-- Symlinking: /workspaces/isaac_ros-dev/install/isaac_ros_nitros_detection3_d_array_type/share/isaac_ros_nitros_detection3_d_array_type/environment/path.sh\n'}
[39.408204] (-) TimerEvent: {}
[39.411035] (isaac_ros_nitros_detection3_d_array_type) StdoutLine: {'line': b'-- Symlinking: /workspaces/isaac_ros-dev/install/isaac_ros_nitros_detection3_d_array_type/share/isaac_ros_nitros_detection3_d_array_type/environment/path.dsv\n'}
[39.417562] (isaac_ros_nitros_detection3_d_array_type) StdoutLine: {'line': b'-- Symlinking: /workspaces/isaac_ros-dev/install/isaac_ros_nitros_detection3_d_array_type/share/isaac_ros_nitros_detection3_d_array_type/local_setup.bash\n'}
[39.424664] (isaac_ros_nitros_detection3_d_array_type) StdoutLine: {'line': b'-- Symlinking: /workspaces/isaac_ros-dev/install/isaac_ros_nitros_detection3_d_array_type/share/isaac_ros_nitros_detection3_d_array_type/local_setup.sh\n'}
[39.432627] (isaac_ros_nitros_detection3_d_array_type) StdoutLine: {'line': b'-- Symlinking: /workspaces/isaac_ros-dev/install/isaac_ros_nitros_detection3_d_array_type/share/isaac_ros_nitros_detection3_d_array_type/local_setup.zsh\n'}
[39.441293] (isaac_ros_nitros_detection3_d_array_type) StdoutLine: {'line': b'-- Symlinking: /workspaces/isaac_ros-dev/install/isaac_ros_nitros_detection3_d_array_type/share/isaac_ros_nitros_detection3_d_array_type/local_setup.dsv\n'}
[39.448782] (isaac_ros_nitros_detection3_d_array_type) StdoutLine: {'line': b'-- Symlinking: /workspaces/isaac_ros-dev/install/isaac_ros_nitros_detection3_d_array_type/share/isaac_ros_nitros_detection3_d_array_type/package.dsv\n'}
[39.456116] (isaac_ros_nitros_detection3_d_array_type) StdoutLine: {'line': b'-- Symlinking: /workspaces/isaac_ros-dev/install/isaac_ros_nitros_detection3_d_array_type/share/ament_index/resource_index/packages/isaac_ros_nitros_detection3_d_array_type\n'}
[39.466778] (isaac_ros_nitros_detection3_d_array_type) StdoutLine: {'line': b'-- Symlinking: /workspaces/isaac_ros-dev/install/isaac_ros_nitros_detection3_d_array_type/share/isaac_ros_nitros_detection3_d_array_type/cmake/ament_cmake_export_include_directories-extras.cmake\n'}
[39.474383] (isaac_ros_nitros_detection3_d_array_type) StdoutLine: {'line': b'-- Symlinking: /workspaces/isaac_ros-dev/install/isaac_ros_nitros_detection3_d_array_type/share/isaac_ros_nitros_detection3_d_array_type/cmake/ament_cmake_export_dependencies-extras.cmake\n'}
[39.481096] (isaac_ros_nitros_detection3_d_array_type) StdoutLine: {'line': b'-- Symlinking: /workspaces/isaac_ros-dev/install/isaac_ros_nitros_detection3_d_array_type/share/isaac_ros_nitros_detection3_d_array_type/cmake/ament_cmake_export_libraries-extras.cmake\n'}
[39.488011] (isaac_ros_nitros_detection3_d_array_type) StdoutLine: {'line': b'-- Symlinking: /workspaces/isaac_ros-dev/install/isaac_ros_nitros_detection3_d_array_type/share/isaac_ros_nitros_detection3_d_array_type/cmake/isaac_ros_nitros_detection3_d_array_typeConfig.cmake\n'}
[39.494955] (isaac_ros_nitros_detection3_d_array_type) StdoutLine: {'line': b'-- Symlinking: /workspaces/isaac_ros-dev/install/isaac_ros_nitros_detection3_d_array_type/share/isaac_ros_nitros_detection3_d_array_type/cmake/isaac_ros_nitros_detection3_d_array_typeConfig-version.cmake\n'}
[39.501396] (isaac_ros_nitros_detection3_d_array_type) StdoutLine: {'line': b'-- Symlinking: /workspaces/isaac_ros-dev/install/isaac_ros_nitros_detection3_d_array_type/share/isaac_ros_nitros_detection3_d_array_type/package.xml\n'}
[39.508270] (-) TimerEvent: {}
[39.510625] (isaac_ros_nitros_detection3_d_array_type) CommandEnded: {'returncode': 0}
[39.520699] (isaac_ros_nitros_detection3_d_array_type) JobEnded: {'identifier': 'isaac_ros_nitros_detection3_d_array_type', 'rc': 0}
[39.521522] (gxf_isaac_centerpose) JobStarted: {'identifier': 'gxf_isaac_centerpose'}
[39.552560] (gxf_isaac_centerpose) JobProgress: {'identifier': 'gxf_isaac_centerpose', 'progress': 'cmake'}
[39.552830] (gxf_isaac_centerpose) Command: {'cmd': ['/usr/bin/cmake', '/workspaces/isaac_ros-dev/src/isaac_ros_pose_estimation/isaac_ros_gxf_extensions/gxf_isaac_centerpose', '-DBUILD_TESTING=OFF', '-DAMENT_CMAKE_SYMLINK_INSTALL=1', '-DCMAKE_INSTALL_PREFIX=/workspaces/isaac_ros-dev/install/gxf_isaac_centerpose'], 'cwd': '/workspaces/isaac_ros-dev/build/gxf_isaac_centerpose', 'env': OrderedDict([('DALI_BUILD', '16741769'), ('LIBRARY_PATH', '/usr/local/cuda/lib64/stubs:'), ('NVIDIA_CTK_LIBCUDA_DIR', '/usr/lib/x86_64-linux-gnu/nvidia/current'), ('PYTHONWARNINGS', 'ignore:::setuptools.command.install,ignore:::setuptools.command.easy_install,ignore:::pkg_resources,ignore:::setuptools.command.develop'), ('USER', 'diego'), ('TRT_INC_PATH', '/usr/include/x86_64-linux-gnu'), ('TF_ADJUST_SATURATION_FUSED', '1'), ('CUSOLVER_VERSION', '11.6.4.38'), ('HOSTNAME', 'debian'), ('CUTENSOR_VERSION', '2.0.2.5'), ('SHLVL', '1'), ('LD_LIBRARY_PATH', '/workspaces/isaac_ros-dev/install/isaac_ros_nitros_detection3_d_array_type/lib:/workspaces/isaac_ros-dev/install/isaac_ros_nitros/lib:/workspaces/isaac_ros-dev/install/gxf_isaac_messages/lib:/workspaces/isaac_ros-dev/install/gxf_isaac_gxf_helpers/lib:/workspaces/isaac_ros-dev/install/gxf_isaac_atlas/lib:/workspaces/isaac_ros-dev/install/gxf_isaac_sight/lib:/workspaces/isaac_ros-dev/install/gxf_isaac_optimizer/lib:/workspaces/isaac_ros-dev/install/gxf_isaac_message_compositor/lib:/workspaces/isaac_ros-dev/install/gxf_isaac_gems/lib:/workspaces/isaac_ros-dev/install/isaac_ros_gxf/lib:/workspaces/isaac_ros-dev/install/isaac_ros_common/lib:/opt/ros/humble/opt/openvdb_vendor/lib:/opt/ros/humble/opt/rviz_ogre_vendor/lib:/opt/ros/humble/lib/x86_64-linux-gnu:/opt/ros/humble/lib:/usr/local/libcudss-linux-0.3.0.9_cuda12-archive/lib:/opt/hpcx/ucc/lib/:/opt/hpcx/ucx/lib/:/usr/local/cuda/compat/lib:/usr/local/nvidia/lib:/usr/local/nvidia/lib64:/opt/tritonserver/lib'), ('HOME', '/home/admin'), ('NVIDIA_TRITON_SERVER_VERSION', '24.08'), ('OLDPWD', '/workspaces/isaac_ros-dev'), ('HOST_USER_GID', '1000'), ('CUDA_CACHE_DISABLE', '1'), ('ROS_PYTHON_VERSION', '3'), ('MODEL_OPT_VERSION', '0.15.0'), ('ENV', '/etc/shinit_v2'), ('RDMACORE_VERSION', '39.0'), ('NVJPEG_VERSION', '12.3.3.23'), ('NVIDIA_BUILD_ID', '107631419'), ('CUDA_VERSION', '12.6.0.022'), ('TCMALLOC_RELEASE_RATE', '200'), ('CUBLAS_VERSION', '12.6.0.22'), ('NSIGHT_SYSTEMS_VERSION', '2024.4.2.133'), ('COLCON_PREFIX_PATH', '/workspaces/isaac_ros-dev/install'), ('CUDA_VISIBLE_DEVICES', '0'), ('ROS_DISTRO', 'humble'), ('OPAL_PREFIX', '/opt/hpcx/ompi'), ('NVIDIA_REQUIRE_CUDA', 'cuda>=9.0'), ('TRT_VERSION', '10.3.0.26+cuda12.5.1.007'), ('GDRCOPY_VERSION', '2.3.1-1'), ('_', '/usr/bin/colcon'), ('ROS_VERSION', '2'), ('NVIDIA_DRIVER_CAPABILITIES', 'compute,utility,graphics'), ('POLYGRAPHY_VERSION', '0.49.13'), ('CURAND_VERSION', '10.3.7.37'), ('MOFED_VERSION', '5.4-rdmacore39.0'), ('USERNAME', 'admin'), ('TERM', 'xterm'), ('ISAAC_ROS_WS', '/workspaces/isaac_ros-dev'), ('ROS_LOCALHOST_ONLY', '0'), ('TRANSFORMER_ENGINE_VERSION', '1.9'), ('PATH', '/workspaces/isaac_ros-dev/install/isaac_ros_common/bin:/opt/ros/humble/bin:/opt/ros/humble/vcstool/scripts:/opt/tritonserver/bin:/usr/local/mpi/bin:/usr/local/nvidia/bin:/usr/local/cuda/bin:/usr/local/sbin:/usr/local/bin:/usr/sbin:/usr/bin:/sbin:/bin:/usr/local/ucx/bin'), ('HOST_USER_UID', '1000'), ('CUDSS_DIR', '/usr/local/libcudss-linux-0.3.0.9_cuda12-archive'), ('CUDA_DRIVER_VERSION', '560.35.03'), ('_CUDA_COMPAT_STATUS', 'Unknown error (CUDA_ERROR_UNKNOWN) cuInit()=999'), ('DISPLAY', ':1'), ('NVIDIA_PRODUCT_NAME', 'Triton Server'), ('LANG', 'en_US.UTF-8'), ('RMW_IMPLEMENTATION', 'rmw_fastrtps_cpp'), ('NPP_VERSION', '12.3.1.23'), ('ROS_ROOT', '/opt/ros/humble'), ('UCX_MEM_EVENTS', 'no'), ('CUFFT_VERSION', '11.2.6.28'), ('SSH_AUTH_SOCK', '/ssh-agent'), ('TF_ENABLE_WINOGRAD_NONFUSED', '1'), ('AMENT_PREFIX_PATH', '/workspaces/isaac_ros-dev/install/isaac_ros_nitros_detection3_d_array_type:/workspaces/isaac_ros-dev/install/isaac_ros_nitros:/workspaces/isaac_ros-dev/install/gxf_isaac_messages:/workspaces/isaac_ros-dev/install/gxf_isaac_gxf_helpers:/workspaces/isaac_ros-dev/install/gxf_isaac_atlas:/workspaces/isaac_ros-dev/install/gxf_isaac_sight:/workspaces/isaac_ros-dev/install/gxf_isaac_optimizer:/workspaces/isaac_ros-dev/install/gxf_isaac_message_compositor:/workspaces/isaac_ros-dev/install/gxf_isaac_gems:/workspaces/isaac_ros-dev/install/isaac_ros_test:/workspaces/isaac_ros-dev/install/isaac_ros_gxf:/workspaces/isaac_ros-dev/install/isaac_ros_launch_utils:/workspaces/isaac_ros-dev/install/isaac_ros_common:/workspaces/isaac_ros-dev/install/isaac_common_py:/opt/ros/humble'), ('CUDNN_VERSION', '9.3.0.75'), ('NSIGHT_COMPUTE_VERSION', '2024.3.0.15'), ('DALI_VERSION', '1.40.0'), ('DEBIAN_FRONTEND', 'noninteractive'), ('SHELL', '/bin/bash'), ('DCGM_VERSION', '3.2.6'), ('CUDNN_FRONTEND_VERSION', '1.5.2'), ('OPENMPI_VERSION', '4.1.7'), ('TRTOSS_VERSION', '24.08'), ('OMPI_MCA_coll_hcoll_enable', '0'), ('CUSPARSE_VERSION', '12.5.2.23'), ('NVIDIA_REQUIRE_JETPACK_HOST_MOUNTS', ''), ('TRITON_SERVER_GPU_ENABLED', '1'), ('TRITON_SERVER_VERSION', '2.49.0'), ('BASH_ENV', '/etc/bash.bashrc'), ('PWD', '/workspaces/isaac_ros-dev/build/gxf_isaac_centerpose'), ('CUSPARSELT_VERSION', '0.6.2.3'), ('PYTHONPATH', '/workspaces/isaac_ros-dev/build/isaac_ros_test:/workspaces/isaac_ros-dev/install/isaac_ros_test/lib/python3.10/site-packages:/workspaces/isaac_ros-dev/build/isaac_ros_launch_utils:/workspaces/isaac_ros-dev/install/isaac_ros_launch_utils/lib/python3.10/site-packages:/workspaces/isaac_ros-dev/install/isaac_ros_common/local/lib/python3.10/dist-packages:/workspaces/isaac_ros-dev/build/isaac_common_py:/workspaces/isaac_ros-dev/install/isaac_common_py/lib/python3.10/site-packages:/opt/ros/humble/lib/python3.10/site-packages:/opt/ros/humble/local/lib/python3.10/dist-packages:/opt/ros/humble/vcstool:/opt/tritonserver/backends/dali/wheel/dali'), ('_CUDA_COMPAT_PATH', '/usr/local/cuda/compat'), ('TRITON_SERVER_USER', 'triton-server'), ('TF_ADJUST_HUE_FUSED', '1'), ('NVIDIA_VISIBLE_DEVICES', 'void'), ('NCCL_VERSION', '2.22.3'), ('COLCON', '1'), ('OPENUCX_VERSION', '1.17.0'), ('HPCX_VERSION', '2.19'), ('CMAKE_PREFIX_PATH', '/workspaces/isaac_ros-dev/install/isaac_ros_nitros_detection3_d_array_type:/workspaces/isaac_ros-dev/install/isaac_ros_nitros:/workspaces/isaac_ros-dev/install/gxf_isaac_messages:/workspaces/isaac_ros-dev/install/gxf_isaac_gxf_helpers:/workspaces/isaac_ros-dev/install/gxf_isaac_atlas:/workspaces/isaac_ros-dev/install/gxf_isaac_sight:/workspaces/isaac_ros-dev/install/gxf_isaac_optimizer:/workspaces/isaac_ros-dev/install/gxf_isaac_message_compositor:/workspaces/isaac_ros-dev/install/gxf_isaac_gems:/workspaces/isaac_ros-dev/install/isaac_ros_gxf:/workspaces/isaac_ros-dev/install/isaac_ros_common:/usr/local/libcudss-linux-0.3.0.9_cuda12-archive:/workspaces/isaac_ros-dev/install/isaac_ros_test:/workspaces/isaac_ros-dev/install/isaac_ros_launch_utils:/workspaces/isaac_ros-dev/install/isaac_common_py:/opt/ros/humble'), ('TF_AUTOTUNE_THRESHOLD', '2'), ('TRT_LIB_PATH', '/usr/lib/x86_64-linux-gnu')]), 'shell': False}
[39.599695] (gxf_isaac_centerpose) StdoutLine: {'line': b'-- The C compiler identification is GNU 11.4.0\n'}
[39.600744] (isaac_ros_nitros_tensor_list_type) StdoutLine: {'line': b'[100%] \x1b[32m\x1b[1mLinking CXX shared library libisaac_ros_nitros_tensor_list_type.so\x1b[0m\n'}
[39.608439] (-) TimerEvent: {}
[39.641741] (gxf_isaac_centerpose) StdoutLine: {'line': b'-- The CXX compiler identification is GNU 11.4.0\n'}
[39.647068] (gxf_isaac_centerpose) StdoutLine: {'line': b'-- Detecting C compiler ABI info\n'}
[39.707137] (gxf_isaac_centerpose) StdoutLine: {'line': b'-- Detecting C compiler ABI info - done\n'}
[39.708437] (-) TimerEvent: {}
[39.713635] (gxf_isaac_centerpose) StdoutLine: {'line': b'-- Check for working C compiler: /usr/bin/cc - skipped\n'}
[39.713816] (gxf_isaac_centerpose) StdoutLine: {'line': b'-- Detecting C compile features\n'}
[39.714190] (gxf_isaac_centerpose) StdoutLine: {'line': b'-- Detecting C compile features - done\n'}
[39.716888] (gxf_isaac_centerpose) StdoutLine: {'line': b'-- Detecting CXX compiler ABI info\n'}
[39.743154] (isaac_ros_nitros_tensor_list_type) StdoutLine: {'line': b'[100%] Built target isaac_ros_nitros_tensor_list_type\n'}
[39.751611] (isaac_ros_nitros_tensor_list_type) CommandEnded: {'returncode': 0}
[39.752369] (isaac_ros_nitros_tensor_list_type) JobProgress: {'identifier': 'isaac_ros_nitros_tensor_list_type', 'progress': 'install'}
[39.752648] (isaac_ros_nitros_tensor_list_type) Command: {'cmd': ['/usr/bin/cmake', '--install', '/workspaces/isaac_ros-dev/build/isaac_ros_nitros_tensor_list_type'], 'cwd': '/workspaces/isaac_ros-dev/build/isaac_ros_nitros_tensor_list_type', 'env': OrderedDict([('DALI_BUILD', '16741769'), ('LIBRARY_PATH', '/usr/local/cuda/lib64/stubs:'), ('NVIDIA_CTK_LIBCUDA_DIR', '/usr/lib/x86_64-linux-gnu/nvidia/current'), ('PYTHONWARNINGS', 'ignore:::setuptools.command.install,ignore:::setuptools.command.easy_install,ignore:::pkg_resources,ignore:::setuptools.command.develop'), ('USER', 'diego'), ('TRT_INC_PATH', '/usr/include/x86_64-linux-gnu'), ('TF_ADJUST_SATURATION_FUSED', '1'), ('CUSOLVER_VERSION', '11.6.4.38'), ('HOSTNAME', 'debian'), ('CUTENSOR_VERSION', '2.0.2.5'), ('SHLVL', '1'), ('LD_LIBRARY_PATH', '/workspaces/isaac_ros-dev/install/isaac_ros_nitros/lib:/workspaces/isaac_ros-dev/install/gxf_isaac_gxf_helpers/lib:/workspaces/isaac_ros-dev/install/gxf_isaac_atlas/lib:/workspaces/isaac_ros-dev/install/gxf_isaac_sight/lib:/workspaces/isaac_ros-dev/install/gxf_isaac_optimizer/lib:/workspaces/isaac_ros-dev/install/gxf_isaac_message_compositor/lib:/workspaces/isaac_ros-dev/install/gxf_isaac_gems/lib:/workspaces/isaac_ros-dev/install/isaac_ros_tensor_list_interfaces/lib:/workspaces/isaac_ros-dev/install/isaac_ros_gxf/lib:/workspaces/isaac_ros-dev/install/isaac_ros_common/lib:/opt/ros/humble/opt/openvdb_vendor/lib:/opt/ros/humble/opt/rviz_ogre_vendor/lib:/opt/ros/humble/lib/x86_64-linux-gnu:/opt/ros/humble/lib:/usr/local/libcudss-linux-0.3.0.9_cuda12-archive/lib:/opt/hpcx/ucc/lib/:/opt/hpcx/ucx/lib/:/usr/local/cuda/compat/lib:/usr/local/nvidia/lib:/usr/local/nvidia/lib64:/opt/tritonserver/lib'), ('HOME', '/home/admin'), ('NVIDIA_TRITON_SERVER_VERSION', '24.08'), ('OLDPWD', '/workspaces/isaac_ros-dev'), ('HOST_USER_GID', '1000'), ('CUDA_CACHE_DISABLE', '1'), ('ROS_PYTHON_VERSION', '3'), ('MODEL_OPT_VERSION', '0.15.0'), ('ENV', '/etc/shinit_v2'), ('RDMACORE_VERSION', '39.0'), ('NVJPEG_VERSION', '12.3.3.23'), ('NVIDIA_BUILD_ID', '107631419'), ('CUDA_VERSION', '12.6.0.022'), ('TCMALLOC_RELEASE_RATE', '200'), ('CUBLAS_VERSION', '12.6.0.22'), ('NSIGHT_SYSTEMS_VERSION', '2024.4.2.133'), ('COLCON_PREFIX_PATH', '/workspaces/isaac_ros-dev/install'), ('CUDA_VISIBLE_DEVICES', '0'), ('ROS_DISTRO', 'humble'), ('OPAL_PREFIX', '/opt/hpcx/ompi'), ('NVIDIA_REQUIRE_CUDA', 'cuda>=9.0'), ('TRT_VERSION', '10.3.0.26+cuda12.5.1.007'), ('GDRCOPY_VERSION', '2.3.1-1'), ('_', '/usr/bin/colcon'), ('ROS_VERSION', '2'), ('NVIDIA_DRIVER_CAPABILITIES', 'compute,utility,graphics'), ('POLYGRAPHY_VERSION', '0.49.13'), ('CURAND_VERSION', '10.3.7.37'), ('MOFED_VERSION', '5.4-rdmacore39.0'), ('USERNAME', 'admin'), ('TERM', 'xterm'), ('ISAAC_ROS_WS', '/workspaces/isaac_ros-dev'), ('ROS_LOCALHOST_ONLY', '0'), ('TRANSFORMER_ENGINE_VERSION', '1.9'), ('PATH', '/workspaces/isaac_ros-dev/install/isaac_ros_common/bin:/opt/ros/humble/bin:/opt/ros/humble/vcstool/scripts:/opt/tritonserver/bin:/usr/local/mpi/bin:/usr/local/nvidia/bin:/usr/local/cuda/bin:/usr/local/sbin:/usr/local/bin:/usr/sbin:/usr/bin:/sbin:/bin:/usr/local/ucx/bin'), ('HOST_USER_UID', '1000'), ('CUDSS_DIR', '/usr/local/libcudss-linux-0.3.0.9_cuda12-archive'), ('CUDA_DRIVER_VERSION', '560.35.03'), ('_CUDA_COMPAT_STATUS', 'Unknown error (CUDA_ERROR_UNKNOWN) cuInit()=999'), ('DISPLAY', ':1'), ('NVIDIA_PRODUCT_NAME', 'Triton Server'), ('LANG', 'en_US.UTF-8'), ('RMW_IMPLEMENTATION', 'rmw_fastrtps_cpp'), ('NPP_VERSION', '12.3.1.23'), ('ROS_ROOT', '/opt/ros/humble'), ('UCX_MEM_EVENTS', 'no'), ('CUFFT_VERSION', '11.2.6.28'), ('SSH_AUTH_SOCK', '/ssh-agent'), ('TF_ENABLE_WINOGRAD_NONFUSED', '1'), ('AMENT_PREFIX_PATH', '/workspaces/isaac_ros-dev/install/isaac_ros_nitros:/workspaces/isaac_ros-dev/install/gxf_isaac_gxf_helpers:/workspaces/isaac_ros-dev/install/gxf_isaac_atlas:/workspaces/isaac_ros-dev/install/gxf_isaac_sight:/workspaces/isaac_ros-dev/install/gxf_isaac_optimizer:/workspaces/isaac_ros-dev/install/gxf_isaac_message_compositor:/workspaces/isaac_ros-dev/install/gxf_isaac_gems:/workspaces/isaac_ros-dev/install/isaac_ros_test:/workspaces/isaac_ros-dev/install/isaac_ros_tensor_list_interfaces:/workspaces/isaac_ros-dev/install/isaac_ros_gxf:/workspaces/isaac_ros-dev/install/isaac_ros_launch_utils:/workspaces/isaac_ros-dev/install/isaac_ros_common:/workspaces/isaac_ros-dev/install/isaac_common_py:/opt/ros/humble'), ('CUDNN_VERSION', '9.3.0.75'), ('NSIGHT_COMPUTE_VERSION', '2024.3.0.15'), ('DALI_VERSION', '1.40.0'), ('DEBIAN_FRONTEND', 'noninteractive'), ('SHELL', '/bin/bash'), ('DCGM_VERSION', '3.2.6'), ('CUDNN_FRONTEND_VERSION', '1.5.2'), ('OPENMPI_VERSION', '4.1.7'), ('TRTOSS_VERSION', '24.08'), ('OMPI_MCA_coll_hcoll_enable', '0'), ('CUSPARSE_VERSION', '12.5.2.23'), ('NVIDIA_REQUIRE_JETPACK_HOST_MOUNTS', ''), ('TRITON_SERVER_GPU_ENABLED', '1'), ('TRITON_SERVER_VERSION', '2.49.0'), ('BASH_ENV', '/etc/bash.bashrc'), ('PWD', '/workspaces/isaac_ros-dev/build/isaac_ros_nitros_tensor_list_type'), ('CUSPARSELT_VERSION', '0.6.2.3'), ('PYTHONPATH', '/workspaces/isaac_ros-dev/build/isaac_ros_test:/workspaces/isaac_ros-dev/install/isaac_ros_test/lib/python3.10/site-packages:/workspaces/isaac_ros-dev/install/isaac_ros_tensor_list_interfaces/local/lib/python3.10/dist-packages:/workspaces/isaac_ros-dev/build/isaac_ros_launch_utils:/workspaces/isaac_ros-dev/install/isaac_ros_launch_utils/lib/python3.10/site-packages:/workspaces/isaac_ros-dev/install/isaac_ros_common/local/lib/python3.10/dist-packages:/workspaces/isaac_ros-dev/build/isaac_common_py:/workspaces/isaac_ros-dev/install/isaac_common_py/lib/python3.10/site-packages:/opt/ros/humble/lib/python3.10/site-packages:/opt/ros/humble/local/lib/python3.10/dist-packages:/opt/ros/humble/vcstool:/opt/tritonserver/backends/dali/wheel/dali'), ('_CUDA_COMPAT_PATH', '/usr/local/cuda/compat'), ('TRITON_SERVER_USER', 'triton-server'), ('TF_ADJUST_HUE_FUSED', '1'), ('NVIDIA_VISIBLE_DEVICES', 'void'), ('NCCL_VERSION', '2.22.3'), ('COLCON', '1'), ('OPENUCX_VERSION', '1.17.0'), ('HPCX_VERSION', '2.19'), ('CMAKE_PREFIX_PATH', '/workspaces/isaac_ros-dev/install/isaac_ros_nitros:/workspaces/isaac_ros-dev/install/gxf_isaac_gxf_helpers:/workspaces/isaac_ros-dev/install/gxf_isaac_atlas:/workspaces/isaac_ros-dev/install/gxf_isaac_sight:/workspaces/isaac_ros-dev/install/gxf_isaac_optimizer:/workspaces/isaac_ros-dev/install/gxf_isaac_message_compositor:/workspaces/isaac_ros-dev/install/gxf_isaac_gems:/workspaces/isaac_ros-dev/install/isaac_ros_tensor_list_interfaces:/workspaces/isaac_ros-dev/install/isaac_ros_gxf:/workspaces/isaac_ros-dev/install/isaac_ros_common:/usr/local/libcudss-linux-0.3.0.9_cuda12-archive:/workspaces/isaac_ros-dev/install/isaac_ros_test:/workspaces/isaac_ros-dev/install/isaac_ros_launch_utils:/workspaces/isaac_ros-dev/install/isaac_common_py:/opt/ros/humble'), ('TF_AUTOTUNE_THRESHOLD', '2'), ('TRT_LIB_PATH', '/usr/lib/x86_64-linux-gnu')]), 'shell': False}
[39.758713] (isaac_ros_nitros_tensor_list_type) StdoutLine: {'line': b'-- Install configuration: "Release"\n'}
[39.759082] (isaac_ros_nitros_tensor_list_type) StdoutLine: {'line': b'-- Execute custom install script\n'}
[39.759239] (isaac_ros_nitros_tensor_list_type) StdoutLine: {'line': b'-- Symlinking: /workspaces/isaac_ros-dev/install/isaac_ros_nitros_tensor_list_type/share/isaac_ros_nitros_tensor_list_type/version_info.yaml\n'}
[39.766817] (isaac_ros_nitros_tensor_list_type) StdoutLine: {'line': b'-- Symlinking: /workspaces/isaac_ros-dev/install/isaac_ros_nitros_tensor_list_type/include/isaac_ros_nitros_tensor_list_type/nitros_data_type.hpp\n'}
[39.775073] (isaac_ros_nitros_tensor_list_type) StdoutLine: {'line': b'-- Symlinking: /workspaces/isaac_ros-dev/install/isaac_ros_nitros_tensor_list_type/include/isaac_ros_nitros_tensor_list_type/nitros_tensor.hpp\n'}
[39.781807] (isaac_ros_nitros_tensor_list_type) StdoutLine: {'line': b'-- Symlinking: /workspaces/isaac_ros-dev/install/isaac_ros_nitros_tensor_list_type/include/isaac_ros_nitros_tensor_list_type/nitros_tensor_builder.hpp\n'}
[39.785173] (gxf_isaac_centerpose) StdoutLine: {'line': b'-- Detecting CXX compiler ABI info - done\n'}
[39.788378] (isaac_ros_nitros_tensor_list_type) StdoutLine: {'line': b'-- Symlinking: /workspaces/isaac_ros-dev/install/isaac_ros_nitros_tensor_list_type/include/isaac_ros_nitros_tensor_list_type/nitros_tensor_list.hpp\n'}
[39.791388] (gxf_isaac_centerpose) StdoutLine: {'line': b'-- Check for working CXX compiler: /usr/bin/c++ - skipped\n'}
[39.791625] (gxf_isaac_centerpose) StdoutLine: {'line': b'-- Detecting CXX compile features\n'}
[39.792053] (gxf_isaac_centerpose) StdoutLine: {'line': b'-- Detecting CXX compile features - done\n'}
[39.795125] (isaac_ros_nitros_tensor_list_type) StdoutLine: {'line': b'-- Symlinking: /workspaces/isaac_ros-dev/install/isaac_ros_nitros_tensor_list_type/include/isaac_ros_nitros_tensor_list_type/nitros_tensor_list_builder.hpp\n'}
[39.798638] (gxf_isaac_centerpose) StdoutLine: {'line': b'-- Found ament_cmake_auto: 1.3.12 (/opt/ros/humble/share/ament_cmake_auto/cmake)\n'}
[39.802850] (isaac_ros_nitros_tensor_list_type) StdoutLine: {'line': b'-- Symlinking: /workspaces/isaac_ros-dev/install/isaac_ros_nitros_tensor_list_type/include/isaac_ros_nitros_tensor_list_type/nitros_tensor_list_view.hpp\n'}
[39.808552] (-) TimerEvent: {}
[39.811962] (isaac_ros_nitros_tensor_list_type) StdoutLine: {'line': b'-- Symlinking: /workspaces/isaac_ros-dev/install/isaac_ros_nitros_tensor_list_type/include/isaac_ros_nitros_tensor_list_type/nitros_tensor_shape.hpp\n'}
[39.822716] (isaac_ros_nitros_tensor_list_type) StdoutLine: {'line': b'-- Symlinking: /workspaces/isaac_ros-dev/install/isaac_ros_nitros_tensor_list_type/share/isaac_ros_nitros_tensor_list_type/environment/library_path.sh\n'}
[39.829503] (isaac_ros_nitros_tensor_list_type) StdoutLine: {'line': b'-- Symlinking: /workspaces/isaac_ros-dev/install/isaac_ros_nitros_tensor_list_type/share/isaac_ros_nitros_tensor_list_type/environment/library_path.dsv\n'}
[39.836071] (isaac_ros_nitros_tensor_list_type) StdoutLine: {'line': b'-- Symlinking: /workspaces/isaac_ros-dev/install/isaac_ros_nitros_tensor_list_type/lib/libisaac_ros_nitros_tensor_list_type.so\n'}
[39.842919] (isaac_ros_nitros_tensor_list_type) StdoutLine: {'line': b'-- Symlinking: /workspaces/isaac_ros-dev/install/isaac_ros_nitros_tensor_list_type/share/ament_index/resource_index/package_run_dependencies/isaac_ros_nitros_tensor_list_type\n'}
[39.849685] (isaac_ros_nitros_tensor_list_type) StdoutLine: {'line': b'-- Symlinking: /workspaces/isaac_ros-dev/install/isaac_ros_nitros_tensor_list_type/share/ament_index/resource_index/parent_prefix_path/isaac_ros_nitros_tensor_list_type\n'}
[39.856366] (isaac_ros_nitros_tensor_list_type) StdoutLine: {'line': b'-- Symlinking: /workspaces/isaac_ros-dev/install/isaac_ros_nitros_tensor_list_type/share/isaac_ros_nitros_tensor_list_type/environment/ament_prefix_path.sh\n'}
[39.864058] (isaac_ros_nitros_tensor_list_type) StdoutLine: {'line': b'-- Symlinking: /workspaces/isaac_ros-dev/install/isaac_ros_nitros_tensor_list_type/share/isaac_ros_nitros_tensor_list_type/environment/ament_prefix_path.dsv\n'}
[39.872444] (isaac_ros_nitros_tensor_list_type) StdoutLine: {'line': b'-- Symlinking: /workspaces/isaac_ros-dev/install/isaac_ros_nitros_tensor_list_type/share/isaac_ros_nitros_tensor_list_type/environment/path.sh\n'}
[39.878945] (isaac_ros_nitros_tensor_list_type) StdoutLine: {'line': b'-- Symlinking: /workspaces/isaac_ros-dev/install/isaac_ros_nitros_tensor_list_type/share/isaac_ros_nitros_tensor_list_type/environment/path.dsv\n'}
[39.885499] (isaac_ros_nitros_tensor_list_type) StdoutLine: {'line': b'-- Symlinking: /workspaces/isaac_ros-dev/install/isaac_ros_nitros_tensor_list_type/share/isaac_ros_nitros_tensor_list_type/local_setup.bash\n'}
[39.891562] (isaac_ros_nitros_tensor_list_type) StdoutLine: {'line': b'-- Symlinking: /workspaces/isaac_ros-dev/install/isaac_ros_nitros_tensor_list_type/share/isaac_ros_nitros_tensor_list_type/local_setup.sh\n'}
[39.898489] (isaac_ros_nitros_tensor_list_type) StdoutLine: {'line': b'-- Symlinking: /workspaces/isaac_ros-dev/install/isaac_ros_nitros_tensor_list_type/share/isaac_ros_nitros_tensor_list_type/local_setup.zsh\n'}
[39.905103] (isaac_ros_nitros_tensor_list_type) StdoutLine: {'line': b'-- Symlinking: /workspaces/isaac_ros-dev/install/isaac_ros_nitros_tensor_list_type/share/isaac_ros_nitros_tensor_list_type/local_setup.dsv\n'}
[39.908666] (-) TimerEvent: {}
[39.912957] (isaac_ros_nitros_tensor_list_type) StdoutLine: {'line': b'-- Symlinking: /workspaces/isaac_ros-dev/install/isaac_ros_nitros_tensor_list_type/share/isaac_ros_nitros_tensor_list_type/package.dsv\n'}
[39.922710] (isaac_ros_nitros_tensor_list_type) StdoutLine: {'line': b'-- Symlinking: /workspaces/isaac_ros-dev/install/isaac_ros_nitros_tensor_list_type/share/ament_index/resource_index/packages/isaac_ros_nitros_tensor_list_type\n'}
[39.931828] (isaac_ros_nitros_tensor_list_type) StdoutLine: {'line': b'-- Symlinking: /workspaces/isaac_ros-dev/install/isaac_ros_nitros_tensor_list_type/share/isaac_ros_nitros_tensor_list_type/cmake/ament_cmake_export_dependencies-extras.cmake\n'}
[39.939254] (isaac_ros_nitros_tensor_list_type) StdoutLine: {'line': b'-- Symlinking: /workspaces/isaac_ros-dev/install/isaac_ros_nitros_tensor_list_type/share/isaac_ros_nitros_tensor_list_type/cmake/ament_cmake_export_include_directories-extras.cmake\n'}
[39.945618] (isaac_ros_nitros_tensor_list_type) StdoutLine: {'line': b'-- Symlinking: /workspaces/isaac_ros-dev/install/isaac_ros_nitros_tensor_list_type/share/isaac_ros_nitros_tensor_list_type/cmake/ament_cmake_export_libraries-extras.cmake\n'}
[39.953148] (isaac_ros_nitros_tensor_list_type) StdoutLine: {'line': b'-- Symlinking: /workspaces/isaac_ros-dev/install/isaac_ros_nitros_tensor_list_type/share/isaac_ros_nitros_tensor_list_type/cmake/isaac_ros_nitros_tensor_list_typeConfig.cmake\n'}
[39.961265] (isaac_ros_nitros_tensor_list_type) StdoutLine: {'line': b'-- Symlinking: /workspaces/isaac_ros-dev/install/isaac_ros_nitros_tensor_list_type/share/isaac_ros_nitros_tensor_list_type/cmake/isaac_ros_nitros_tensor_list_typeConfig-version.cmake\n'}
[39.969278] (isaac_ros_nitros_tensor_list_type) StdoutLine: {'line': b'-- Symlinking: /workspaces/isaac_ros-dev/install/isaac_ros_nitros_tensor_list_type/share/isaac_ros_nitros_tensor_list_type/package.xml\n'}
[39.977421] (isaac_ros_nitros_tensor_list_type) CommandEnded: {'returncode': 0}
[39.987626] (isaac_ros_nitros_tensor_list_type) JobEnded: {'identifier': 'isaac_ros_nitros_tensor_list_type', 'rc': 0}
[39.988365] (isaac_ros_managed_nitros) JobStarted: {'identifier': 'isaac_ros_managed_nitros'}
[39.991542] (isaac_ros_tensor_rt) JobStarted: {'identifier': 'isaac_ros_tensor_rt'}
[40.008786] (-) TimerEvent: {}
[40.018761] (isaac_ros_managed_nitros) JobProgress: {'identifier': 'isaac_ros_managed_nitros', 'progress': 'cmake'}
[40.019762] (isaac_ros_managed_nitros) Command: {'cmd': ['/usr/bin/cmake', '/workspaces/isaac_ros-dev/src/isaac_ros_nitros/isaac_ros_managed_nitros', '-DBUILD_TESTING=OFF', '-DAMENT_CMAKE_SYMLINK_INSTALL=1', '-DCMAKE_INSTALL_PREFIX=/workspaces/isaac_ros-dev/install/isaac_ros_managed_nitros'], 'cwd': '/workspaces/isaac_ros-dev/build/isaac_ros_managed_nitros', 'env': OrderedDict([('DALI_BUILD', '16741769'), ('LIBRARY_PATH', '/usr/local/cuda/lib64/stubs:'), ('NVIDIA_CTK_LIBCUDA_DIR', '/usr/lib/x86_64-linux-gnu/nvidia/current'), ('PYTHONWARNINGS', 'ignore:::setuptools.command.install,ignore:::setuptools.command.easy_install,ignore:::pkg_resources,ignore:::setuptools.command.develop'), ('USER', 'diego'), ('TRT_INC_PATH', '/usr/include/x86_64-linux-gnu'), ('TF_ADJUST_SATURATION_FUSED', '1'), ('CUSOLVER_VERSION', '11.6.4.38'), ('HOSTNAME', 'debian'), ('CUTENSOR_VERSION', '2.0.2.5'), ('SHLVL', '1'), ('LD_LIBRARY_PATH', '/workspaces/isaac_ros-dev/install/isaac_ros_nitros_tensor_list_type/lib:/workspaces/isaac_ros-dev/install/isaac_ros_nitros/lib:/workspaces/isaac_ros-dev/install/gxf_isaac_gxf_helpers/lib:/workspaces/isaac_ros-dev/install/gxf_isaac_atlas/lib:/workspaces/isaac_ros-dev/install/gxf_isaac_sight/lib:/workspaces/isaac_ros-dev/install/gxf_isaac_optimizer/lib:/workspaces/isaac_ros-dev/install/gxf_isaac_message_compositor/lib:/workspaces/isaac_ros-dev/install/gxf_isaac_gems/lib:/workspaces/isaac_ros-dev/install/isaac_ros_tensor_list_interfaces/lib:/workspaces/isaac_ros-dev/install/isaac_ros_gxf/lib:/workspaces/isaac_ros-dev/install/isaac_ros_common/lib:/opt/ros/humble/opt/openvdb_vendor/lib:/opt/ros/humble/opt/rviz_ogre_vendor/lib:/opt/ros/humble/lib/x86_64-linux-gnu:/opt/ros/humble/lib:/usr/local/libcudss-linux-0.3.0.9_cuda12-archive/lib:/opt/hpcx/ucc/lib/:/opt/hpcx/ucx/lib/:/usr/local/cuda/compat/lib:/usr/local/nvidia/lib:/usr/local/nvidia/lib64:/opt/tritonserver/lib'), ('HOME', '/home/admin'), ('NVIDIA_TRITON_SERVER_VERSION', '24.08'), ('OLDPWD', '/workspaces/isaac_ros-dev'), ('HOST_USER_GID', '1000'), ('CUDA_CACHE_DISABLE', '1'), ('ROS_PYTHON_VERSION', '3'), ('MODEL_OPT_VERSION', '0.15.0'), ('ENV', '/etc/shinit_v2'), ('RDMACORE_VERSION', '39.0'), ('NVJPEG_VERSION', '12.3.3.23'), ('NVIDIA_BUILD_ID', '107631419'), ('CUDA_VERSION', '12.6.0.022'), ('TCMALLOC_RELEASE_RATE', '200'), ('CUBLAS_VERSION', '12.6.0.22'), ('NSIGHT_SYSTEMS_VERSION', '2024.4.2.133'), ('COLCON_PREFIX_PATH', '/workspaces/isaac_ros-dev/install'), ('CUDA_VISIBLE_DEVICES', '0'), ('ROS_DISTRO', 'humble'), ('OPAL_PREFIX', '/opt/hpcx/ompi'), ('NVIDIA_REQUIRE_CUDA', 'cuda>=9.0'), ('TRT_VERSION', '10.3.0.26+cuda12.5.1.007'), ('GDRCOPY_VERSION', '2.3.1-1'), ('_', '/usr/bin/colcon'), ('ROS_VERSION', '2'), ('NVIDIA_DRIVER_CAPABILITIES', 'compute,utility,graphics'), ('POLYGRAPHY_VERSION', '0.49.13'), ('CURAND_VERSION', '10.3.7.37'), ('MOFED_VERSION', '5.4-rdmacore39.0'), ('USERNAME', 'admin'), ('TERM', 'xterm'), ('ISAAC_ROS_WS', '/workspaces/isaac_ros-dev'), ('ROS_LOCALHOST_ONLY', '0'), ('TRANSFORMER_ENGINE_VERSION', '1.9'), ('PATH', '/workspaces/isaac_ros-dev/install/isaac_ros_common/bin:/opt/ros/humble/bin:/opt/ros/humble/vcstool/scripts:/opt/tritonserver/bin:/usr/local/mpi/bin:/usr/local/nvidia/bin:/usr/local/cuda/bin:/usr/local/sbin:/usr/local/bin:/usr/sbin:/usr/bin:/sbin:/bin:/usr/local/ucx/bin'), ('HOST_USER_UID', '1000'), ('CUDSS_DIR', '/usr/local/libcudss-linux-0.3.0.9_cuda12-archive'), ('CUDA_DRIVER_VERSION', '560.35.03'), ('_CUDA_COMPAT_STATUS', 'Unknown error (CUDA_ERROR_UNKNOWN) cuInit()=999'), ('DISPLAY', ':1'), ('NVIDIA_PRODUCT_NAME', 'Triton Server'), ('LANG', 'en_US.UTF-8'), ('RMW_IMPLEMENTATION', 'rmw_fastrtps_cpp'), ('NPP_VERSION', '12.3.1.23'), ('ROS_ROOT', '/opt/ros/humble'), ('UCX_MEM_EVENTS', 'no'), ('CUFFT_VERSION', '11.2.6.28'), ('SSH_AUTH_SOCK', '/ssh-agent'), ('TF_ENABLE_WINOGRAD_NONFUSED', '1'), ('AMENT_PREFIX_PATH', '/workspaces/isaac_ros-dev/install/isaac_ros_nitros_tensor_list_type:/workspaces/isaac_ros-dev/install/isaac_ros_nitros:/workspaces/isaac_ros-dev/install/gxf_isaac_gxf_helpers:/workspaces/isaac_ros-dev/install/gxf_isaac_atlas:/workspaces/isaac_ros-dev/install/gxf_isaac_sight:/workspaces/isaac_ros-dev/install/gxf_isaac_optimizer:/workspaces/isaac_ros-dev/install/gxf_isaac_message_compositor:/workspaces/isaac_ros-dev/install/gxf_isaac_gems:/workspaces/isaac_ros-dev/install/isaac_ros_test:/workspaces/isaac_ros-dev/install/isaac_ros_tensor_list_interfaces:/workspaces/isaac_ros-dev/install/isaac_ros_gxf:/workspaces/isaac_ros-dev/install/isaac_ros_launch_utils:/workspaces/isaac_ros-dev/install/isaac_ros_common:/workspaces/isaac_ros-dev/install/isaac_common_py:/opt/ros/humble'), ('CUDNN_VERSION', '9.3.0.75'), ('NSIGHT_COMPUTE_VERSION', '2024.3.0.15'), ('DALI_VERSION', '1.40.0'), ('DEBIAN_FRONTEND', 'noninteractive'), ('SHELL', '/bin/bash'), ('DCGM_VERSION', '3.2.6'), ('CUDNN_FRONTEND_VERSION', '1.5.2'), ('OPENMPI_VERSION', '4.1.7'), ('TRTOSS_VERSION', '24.08'), ('OMPI_MCA_coll_hcoll_enable', '0'), ('CUSPARSE_VERSION', '12.5.2.23'), ('NVIDIA_REQUIRE_JETPACK_HOST_MOUNTS', ''), ('TRITON_SERVER_GPU_ENABLED', '1'), ('TRITON_SERVER_VERSION', '2.49.0'), ('BASH_ENV', '/etc/bash.bashrc'), ('PWD', '/workspaces/isaac_ros-dev/build/isaac_ros_managed_nitros'), ('CUSPARSELT_VERSION', '0.6.2.3'), ('PYTHONPATH', '/workspaces/isaac_ros-dev/build/isaac_ros_test:/workspaces/isaac_ros-dev/install/isaac_ros_test/lib/python3.10/site-packages:/workspaces/isaac_ros-dev/install/isaac_ros_tensor_list_interfaces/local/lib/python3.10/dist-packages:/workspaces/isaac_ros-dev/build/isaac_ros_launch_utils:/workspaces/isaac_ros-dev/install/isaac_ros_launch_utils/lib/python3.10/site-packages:/workspaces/isaac_ros-dev/install/isaac_ros_common/local/lib/python3.10/dist-packages:/workspaces/isaac_ros-dev/build/isaac_common_py:/workspaces/isaac_ros-dev/install/isaac_common_py/lib/python3.10/site-packages:/opt/ros/humble/lib/python3.10/site-packages:/opt/ros/humble/local/lib/python3.10/dist-packages:/opt/ros/humble/vcstool:/opt/tritonserver/backends/dali/wheel/dali'), ('_CUDA_COMPAT_PATH', '/usr/local/cuda/compat'), ('TRITON_SERVER_USER', 'triton-server'), ('TF_ADJUST_HUE_FUSED', '1'), ('NVIDIA_VISIBLE_DEVICES', 'void'), ('NCCL_VERSION', '2.22.3'), ('COLCON', '1'), ('OPENUCX_VERSION', '1.17.0'), ('HPCX_VERSION', '2.19'), ('CMAKE_PREFIX_PATH', '/workspaces/isaac_ros-dev/install/isaac_ros_nitros_tensor_list_type:/workspaces/isaac_ros-dev/install/isaac_ros_nitros:/workspaces/isaac_ros-dev/install/gxf_isaac_gxf_helpers:/workspaces/isaac_ros-dev/install/gxf_isaac_atlas:/workspaces/isaac_ros-dev/install/gxf_isaac_sight:/workspaces/isaac_ros-dev/install/gxf_isaac_optimizer:/workspaces/isaac_ros-dev/install/gxf_isaac_message_compositor:/workspaces/isaac_ros-dev/install/gxf_isaac_gems:/workspaces/isaac_ros-dev/install/isaac_ros_tensor_list_interfaces:/workspaces/isaac_ros-dev/install/isaac_ros_gxf:/workspaces/isaac_ros-dev/install/isaac_ros_common:/usr/local/libcudss-linux-0.3.0.9_cuda12-archive:/workspaces/isaac_ros-dev/install/isaac_ros_test:/workspaces/isaac_ros-dev/install/isaac_ros_launch_utils:/workspaces/isaac_ros-dev/install/isaac_common_py:/opt/ros/humble'), ('TF_AUTOTUNE_THRESHOLD', '2'), ('TRT_LIB_PATH', '/usr/lib/x86_64-linux-gnu')]), 'shell': False}
[40.024648] (isaac_ros_tensor_rt) JobProgress: {'identifier': 'isaac_ros_tensor_rt', 'progress': 'cmake'}
[40.025151] (isaac_ros_tensor_rt) Command: {'cmd': ['/usr/bin/cmake', '/workspaces/isaac_ros-dev/src/isaac_ros_dnn_inference/isaac_ros_tensor_rt', '-DBUILD_TESTING=OFF', '-DAMENT_CMAKE_SYMLINK_INSTALL=1', '-DCMAKE_INSTALL_PREFIX=/workspaces/isaac_ros-dev/install/isaac_ros_tensor_rt'], 'cwd': '/workspaces/isaac_ros-dev/build/isaac_ros_tensor_rt', 'env': OrderedDict([('DALI_BUILD', '16741769'), ('LIBRARY_PATH', '/usr/local/cuda/lib64/stubs:'), ('NVIDIA_CTK_LIBCUDA_DIR', '/usr/lib/x86_64-linux-gnu/nvidia/current'), ('PYTHONWARNINGS', 'ignore:::setuptools.command.install,ignore:::setuptools.command.easy_install,ignore:::pkg_resources,ignore:::setuptools.command.develop'), ('USER', 'diego'), ('TRT_INC_PATH', '/usr/include/x86_64-linux-gnu'), ('TF_ADJUST_SATURATION_FUSED', '1'), ('CUSOLVER_VERSION', '11.6.4.38'), ('HOSTNAME', 'debian'), ('CUTENSOR_VERSION', '2.0.2.5'), ('SHLVL', '1'), ('LD_LIBRARY_PATH', '/workspaces/isaac_ros-dev/install/isaac_ros_nitros_tensor_list_type/lib:/workspaces/isaac_ros-dev/install/isaac_ros_nitros/lib:/workspaces/isaac_ros-dev/install/gxf_isaac_tensor_rt/lib:/workspaces/isaac_ros-dev/install/gxf_isaac_messages/lib:/workspaces/isaac_ros-dev/install/gxf_isaac_gxf_helpers/lib:/workspaces/isaac_ros-dev/install/gxf_isaac_atlas/lib:/workspaces/isaac_ros-dev/install/gxf_isaac_sight/lib:/workspaces/isaac_ros-dev/install/gxf_isaac_optimizer/lib:/workspaces/isaac_ros-dev/install/gxf_isaac_message_compositor/lib:/workspaces/isaac_ros-dev/install/gxf_isaac_gems/lib:/workspaces/isaac_ros-dev/install/isaac_ros_tensor_list_interfaces/lib:/workspaces/isaac_ros-dev/install/isaac_ros_gxf/lib:/workspaces/isaac_ros-dev/install/isaac_ros_common/lib:/opt/ros/humble/opt/openvdb_vendor/lib:/opt/ros/humble/opt/rviz_ogre_vendor/lib:/opt/ros/humble/lib/x86_64-linux-gnu:/opt/ros/humble/lib:/usr/local/libcudss-linux-0.3.0.9_cuda12-archive/lib:/opt/hpcx/ucc/lib/:/opt/hpcx/ucx/lib/:/usr/local/cuda/compat/lib:/usr/local/nvidia/lib:/usr/local/nvidia/lib64:/opt/tritonserver/lib'), ('HOME', '/home/admin'), ('NVIDIA_TRITON_SERVER_VERSION', '24.08'), ('OLDPWD', '/workspaces/isaac_ros-dev'), ('HOST_USER_GID', '1000'), ('CUDA_CACHE_DISABLE', '1'), ('ROS_PYTHON_VERSION', '3'), ('MODEL_OPT_VERSION', '0.15.0'), ('ENV', '/etc/shinit_v2'), ('RDMACORE_VERSION', '39.0'), ('NVJPEG_VERSION', '12.3.3.23'), ('NVIDIA_BUILD_ID', '107631419'), ('CUDA_VERSION', '12.6.0.022'), ('TCMALLOC_RELEASE_RATE', '200'), ('CUBLAS_VERSION', '12.6.0.22'), ('NSIGHT_SYSTEMS_VERSION', '2024.4.2.133'), ('COLCON_PREFIX_PATH', '/workspaces/isaac_ros-dev/install'), ('CUDA_VISIBLE_DEVICES', '0'), ('ROS_DISTRO', 'humble'), ('OPAL_PREFIX', '/opt/hpcx/ompi'), ('NVIDIA_REQUIRE_CUDA', 'cuda>=9.0'), ('TRT_VERSION', '10.3.0.26+cuda12.5.1.007'), ('GDRCOPY_VERSION', '2.3.1-1'), ('_', '/usr/bin/colcon'), ('ROS_VERSION', '2'), ('NVIDIA_DRIVER_CAPABILITIES', 'compute,utility,graphics'), ('POLYGRAPHY_VERSION', '0.49.13'), ('CURAND_VERSION', '10.3.7.37'), ('MOFED_VERSION', '5.4-rdmacore39.0'), ('USERNAME', 'admin'), ('TERM', 'xterm'), ('ISAAC_ROS_WS', '/workspaces/isaac_ros-dev'), ('ROS_LOCALHOST_ONLY', '0'), ('TRANSFORMER_ENGINE_VERSION', '1.9'), ('PATH', '/workspaces/isaac_ros-dev/install/isaac_ros_common/bin:/opt/ros/humble/bin:/opt/ros/humble/vcstool/scripts:/opt/tritonserver/bin:/usr/local/mpi/bin:/usr/local/nvidia/bin:/usr/local/cuda/bin:/usr/local/sbin:/usr/local/bin:/usr/sbin:/usr/bin:/sbin:/bin:/usr/local/ucx/bin'), ('HOST_USER_UID', '1000'), ('CUDSS_DIR', '/usr/local/libcudss-linux-0.3.0.9_cuda12-archive'), ('CUDA_DRIVER_VERSION', '560.35.03'), ('_CUDA_COMPAT_STATUS', 'Unknown error (CUDA_ERROR_UNKNOWN) cuInit()=999'), ('DISPLAY', ':1'), ('NVIDIA_PRODUCT_NAME', 'Triton Server'), ('LANG', 'en_US.UTF-8'), ('RMW_IMPLEMENTATION', 'rmw_fastrtps_cpp'), ('NPP_VERSION', '12.3.1.23'), ('ROS_ROOT', '/opt/ros/humble'), ('UCX_MEM_EVENTS', 'no'), ('CUFFT_VERSION', '11.2.6.28'), ('SSH_AUTH_SOCK', '/ssh-agent'), ('TF_ENABLE_WINOGRAD_NONFUSED', '1'), ('AMENT_PREFIX_PATH', '/workspaces/isaac_ros-dev/install/isaac_ros_nitros_tensor_list_type:/workspaces/isaac_ros-dev/install/isaac_ros_nitros:/workspaces/isaac_ros-dev/install/gxf_isaac_tensor_rt:/workspaces/isaac_ros-dev/install/gxf_isaac_messages:/workspaces/isaac_ros-dev/install/gxf_isaac_gxf_helpers:/workspaces/isaac_ros-dev/install/gxf_isaac_atlas:/workspaces/isaac_ros-dev/install/gxf_isaac_sight:/workspaces/isaac_ros-dev/install/gxf_isaac_optimizer:/workspaces/isaac_ros-dev/install/gxf_isaac_message_compositor:/workspaces/isaac_ros-dev/install/gxf_isaac_gems:/workspaces/isaac_ros-dev/install/isaac_ros_test:/workspaces/isaac_ros-dev/install/isaac_ros_tensor_list_interfaces:/workspaces/isaac_ros-dev/install/isaac_ros_gxf:/workspaces/isaac_ros-dev/install/isaac_ros_launch_utils:/workspaces/isaac_ros-dev/install/isaac_ros_common:/workspaces/isaac_ros-dev/install/isaac_common_py:/opt/ros/humble'), ('CUDNN_VERSION', '9.3.0.75'), ('NSIGHT_COMPUTE_VERSION', '2024.3.0.15'), ('DALI_VERSION', '1.40.0'), ('DEBIAN_FRONTEND', 'noninteractive'), ('SHELL', '/bin/bash'), ('DCGM_VERSION', '3.2.6'), ('CUDNN_FRONTEND_VERSION', '1.5.2'), ('OPENMPI_VERSION', '4.1.7'), ('TRTOSS_VERSION', '24.08'), ('OMPI_MCA_coll_hcoll_enable', '0'), ('CUSPARSE_VERSION', '12.5.2.23'), ('NVIDIA_REQUIRE_JETPACK_HOST_MOUNTS', ''), ('TRITON_SERVER_GPU_ENABLED', '1'), ('TRITON_SERVER_VERSION', '2.49.0'), ('BASH_ENV', '/etc/bash.bashrc'), ('PWD', '/workspaces/isaac_ros-dev/build/isaac_ros_tensor_rt'), ('CUSPARSELT_VERSION', '0.6.2.3'), ('PYTHONPATH', '/workspaces/isaac_ros-dev/build/isaac_ros_test:/workspaces/isaac_ros-dev/install/isaac_ros_test/lib/python3.10/site-packages:/workspaces/isaac_ros-dev/install/isaac_ros_tensor_list_interfaces/local/lib/python3.10/dist-packages:/workspaces/isaac_ros-dev/build/isaac_ros_launch_utils:/workspaces/isaac_ros-dev/install/isaac_ros_launch_utils/lib/python3.10/site-packages:/workspaces/isaac_ros-dev/install/isaac_ros_common/local/lib/python3.10/dist-packages:/workspaces/isaac_ros-dev/build/isaac_common_py:/workspaces/isaac_ros-dev/install/isaac_common_py/lib/python3.10/site-packages:/opt/ros/humble/lib/python3.10/site-packages:/opt/ros/humble/local/lib/python3.10/dist-packages:/opt/ros/humble/vcstool:/opt/tritonserver/backends/dali/wheel/dali'), ('_CUDA_COMPAT_PATH', '/usr/local/cuda/compat'), ('TRITON_SERVER_USER', 'triton-server'), ('TF_ADJUST_HUE_FUSED', '1'), ('NVIDIA_VISIBLE_DEVICES', 'void'), ('NCCL_VERSION', '2.22.3'), ('COLCON', '1'), ('OPENUCX_VERSION', '1.17.0'), ('HPCX_VERSION', '2.19'), ('CMAKE_PREFIX_PATH', '/workspaces/isaac_ros-dev/install/isaac_ros_nitros_tensor_list_type:/workspaces/isaac_ros-dev/install/isaac_ros_nitros:/workspaces/isaac_ros-dev/install/gxf_isaac_tensor_rt:/workspaces/isaac_ros-dev/install/gxf_isaac_messages:/workspaces/isaac_ros-dev/install/gxf_isaac_gxf_helpers:/workspaces/isaac_ros-dev/install/gxf_isaac_atlas:/workspaces/isaac_ros-dev/install/gxf_isaac_sight:/workspaces/isaac_ros-dev/install/gxf_isaac_optimizer:/workspaces/isaac_ros-dev/install/gxf_isaac_message_compositor:/workspaces/isaac_ros-dev/install/gxf_isaac_gems:/workspaces/isaac_ros-dev/install/isaac_ros_tensor_list_interfaces:/workspaces/isaac_ros-dev/install/isaac_ros_gxf:/workspaces/isaac_ros-dev/install/isaac_ros_common:/usr/local/libcudss-linux-0.3.0.9_cuda12-archive:/workspaces/isaac_ros-dev/install/isaac_ros_test:/workspaces/isaac_ros-dev/install/isaac_ros_launch_utils:/workspaces/isaac_ros-dev/install/isaac_common_py:/opt/ros/humble'), ('TF_AUTOTUNE_THRESHOLD', '2'), ('TRT_LIB_PATH', '/usr/lib/x86_64-linux-gnu')]), 'shell': False}
[40.060129] (isaac_ros_managed_nitros) StdoutLine: {'line': b'-- The C compiler identification is GNU 11.4.0\n'}
[40.067786] (isaac_ros_tensor_rt) StdoutLine: {'line': b'-- The C compiler identification is GNU 11.4.0\n'}
[40.107346] (isaac_ros_managed_nitros) StdoutLine: {'line': b'-- The CXX compiler identification is GNU 11.4.0\n'}
[40.108895] (-) TimerEvent: {}
[40.110958] (isaac_ros_tensor_rt) StdoutLine: {'line': b'-- The CXX compiler identification is GNU 11.4.0\n'}
[40.114618] (isaac_ros_managed_nitros) StdoutLine: {'line': b'-- Detecting C compiler ABI info\n'}
[40.116170] (isaac_ros_tensor_rt) StdoutLine: {'line': b'-- Detecting C compiler ABI info\n'}
[40.171803] (isaac_ros_tensor_rt) StdoutLine: {'line': b'-- Detecting C compiler ABI info - done\n'}
[40.174495] (isaac_ros_managed_nitros) StdoutLine: {'line': b'-- Detecting C compiler ABI info - done\n'}
[40.177385] (isaac_ros_tensor_rt) StdoutLine: {'line': b'-- Check for working C compiler: /usr/bin/cc - skipped\n'}
[40.177572] (isaac_ros_tensor_rt) StdoutLine: {'line': b'-- Detecting C compile features\n'}
[40.177869] (isaac_ros_tensor_rt) StdoutLine: {'line': b'-- Detecting C compile features - done\n'}
[40.179885] (isaac_ros_managed_nitros) StdoutLine: {'line': b'-- Check for working C compiler: /usr/bin/cc - skipped\n'}
[40.180031] (isaac_ros_managed_nitros) StdoutLine: {'line': b'-- Detecting C compile features\n'}
[40.180088] (isaac_ros_tensor_rt) StdoutLine: {'line': b'-- Detecting CXX compiler ABI info\n'}
[40.180394] (isaac_ros_managed_nitros) StdoutLine: {'line': b'-- Detecting C compile features - done\n'}
[40.182529] (isaac_ros_managed_nitros) StdoutLine: {'line': b'-- Detecting CXX compiler ABI info\n'}
[40.208999] (-) TimerEvent: {}
[40.243598] (isaac_ros_tensor_rt) StdoutLine: {'line': b'-- Detecting CXX compiler ABI info - done\n'}
[40.249109] (isaac_ros_tensor_rt) StdoutLine: {'line': b'-- Check for working CXX compiler: /usr/bin/c++ - skipped\n'}
[40.249289] (isaac_ros_tensor_rt) StdoutLine: {'line': b'-- Detecting CXX compile features\n'}
[40.249664] (isaac_ros_tensor_rt) StdoutLine: {'line': b'-- Detecting CXX compile features - done\n'}
[40.250575] (isaac_ros_managed_nitros) StdoutLine: {'line': b'-- Detecting CXX compiler ABI info - done\n'}
[40.253467] (isaac_ros_tensor_rt) StdoutLine: {'line': b'-- Found ament_cmake_auto: 1.3.12 (/opt/ros/humble/share/ament_cmake_auto/cmake)\n'}
[40.256728] (isaac_ros_managed_nitros) StdoutLine: {'line': b'-- Check for working CXX compiler: /usr/bin/c++ - skipped\n'}
[40.256898] (isaac_ros_managed_nitros) StdoutLine: {'line': b'-- Detecting CXX compile features\n'}
[40.257242] (isaac_ros_managed_nitros) StdoutLine: {'line': b'-- Detecting CXX compile features - done\n'}
[40.260327] (isaac_ros_managed_nitros) StdoutLine: {'line': b'-- Found ament_cmake_auto: 1.3.12 (/opt/ros/humble/share/ament_cmake_auto/cmake)\n'}
[40.309171] (-) TimerEvent: {}
[40.333339] (gxf_isaac_centerpose) StdoutLine: {'line': b'-- Found Python3: /usr/bin/python3 (found version "3.10.12") found components: Interpreter \n'}
[40.380160] (gxf_isaac_centerpose) StdoutLine: {'line': b'-- Override CMake install command with custom implementation using symlinks instead of copying resources\n'}
[40.409285] (-) TimerEvent: {}
[40.486122] (gxf_isaac_centerpose) StdoutLine: {'line': b'-- Loading isaac_ros_common extras\n'}
[40.486260] (gxf_isaac_centerpose) StdoutLine: {'line': b'-- CMAKE_BUILD_TYPE: Release\n'}
[40.505030] (gxf_isaac_centerpose) StdoutLine: {'line': b'-- Looking for pthread.h\n'}
[40.509391] (-) TimerEvent: {}
[40.571011] (gxf_isaac_centerpose) StdoutLine: {'line': b'-- Looking for pthread.h - found\n'}
[40.571322] (gxf_isaac_centerpose) StdoutLine: {'line': b'-- Performing Test CMAKE_HAVE_LIBC_PTHREAD\n'}
[40.609527] (-) TimerEvent: {}
[40.640799] (gxf_isaac_centerpose) StdoutLine: {'line': b'-- Performing Test CMAKE_HAVE_LIBC_PTHREAD - Success\n'}
[40.641542] (gxf_isaac_centerpose) StdoutLine: {'line': b'-- Found Threads: TRUE  \n'}
[40.655879] (gxf_isaac_centerpose) StdoutLine: {'line': b'-- Found CUDA: /usr/local/cuda (found version "12.6") \n'}
[40.656234] (gxf_isaac_centerpose) StdoutLine: {'line': b'-- CUDA architectures: 89;86;80;75;70\n'}
[40.656405] (gxf_isaac_centerpose) StdoutLine: {'line': b'-- Loading isaac_ros_common extras (modules)\n'}
[40.702684] (gxf_isaac_centerpose) StdoutLine: {'line': b'-- Found rosidl_generator_c: 3.1.7 (/opt/ros/humble/share/rosidl_generator_c/cmake)\n'}
[40.709219] (gxf_isaac_centerpose) StdoutLine: {'line': b'-- Found rosidl_adapter: 3.1.7 (/opt/ros/humble/share/rosidl_adapter/cmake)\n'}
[40.709595] (-) TimerEvent: {}
[40.719083] (gxf_isaac_centerpose) StdoutLine: {'line': b'-- Found rosidl_generator_cpp: 3.1.7 (/opt/ros/humble/share/rosidl_generator_cpp/cmake)\n'}
[40.731797] (gxf_isaac_centerpose) StdoutLine: {'line': b'-- Using all available rosidl_typesupport_c: rosidl_typesupport_fastrtps_c;rosidl_typesupport_introspection_c\n'}
[40.751680] (gxf_isaac_centerpose) StdoutLine: {'line': b'-- Using all available rosidl_typesupport_cpp: rosidl_typesupport_fastrtps_cpp;rosidl_typesupport_introspection_cpp\n'}
[40.762035] (isaac_ros_tensor_rt) StdoutLine: {'line': b'-- Found Python3: /usr/bin/python3 (found version "3.10.12") found components: Interpreter \n'}
[40.764842] (isaac_ros_managed_nitros) StdoutLine: {'line': b'-- Found Python3: /usr/bin/python3 (found version "3.10.12") found components: Interpreter \n'}
[40.801002] (gxf_isaac_centerpose) StdoutLine: {'line': b'-- Found rmw_implementation_cmake: 6.1.2 (/opt/ros/humble/share/rmw_implementation_cmake/cmake)\n'}
[40.804579] (gxf_isaac_centerpose) StdoutLine: {'line': b'-- Found rmw_fastrtps_cpp: 6.2.9 (/opt/ros/humble/share/rmw_fastrtps_cpp/cmake)\n'}
[40.809676] (-) TimerEvent: {}
[40.811971] (isaac_ros_managed_nitros) StdoutLine: {'line': b'-- Override CMake install command with custom implementation using symlinks instead of copying resources\n'}
[40.821230] (isaac_ros_tensor_rt) StdoutLine: {'line': b'-- Override CMake install command with custom implementation using symlinks instead of copying resources\n'}
[40.898682] (gxf_isaac_centerpose) StdoutLine: {'line': b'-- Found OpenSSL: /usr/lib/x86_64-linux-gnu/libcrypto.so (found version "3.0.2")  \n'}
[40.909822] (-) TimerEvent: {}
[40.921419] (isaac_ros_managed_nitros) StdoutLine: {'line': b'-- Loading isaac_ros_common extras\n'}
[40.921721] (isaac_ros_managed_nitros) StdoutLine: {'line': b'-- CMAKE_BUILD_TYPE: Release\n'}
[40.925416] (gxf_isaac_centerpose) StdoutLine: {'line': b'-- Found FastRTPS: /opt/ros/humble/include  \n'}
[40.929859] (isaac_ros_tensor_rt) StdoutLine: {'line': b'-- Loading isaac_ros_common extras\n'}
[40.930059] (isaac_ros_tensor_rt) StdoutLine: {'line': b'-- CMAKE_BUILD_TYPE: Release\n'}
[40.936109] (isaac_ros_managed_nitros) StdoutLine: {'line': b'-- Looking for pthread.h\n'}
[40.944474] (isaac_ros_tensor_rt) StdoutLine: {'line': b'-- Looking for pthread.h\n'}
[40.974467] (gxf_isaac_centerpose) StdoutLine: {'line': b"-- Using RMW implementation 'rmw_fastrtps_cpp' as default\n"}
[41.000106] (isaac_ros_managed_nitros) StdoutLine: {'line': b'-- Looking for pthread.h - found\n'}
[41.000292] (isaac_ros_managed_nitros) StdoutLine: {'line': b'-- Performing Test CMAKE_HAVE_LIBC_PTHREAD\n'}
[41.008622] (isaac_ros_tensor_rt) StdoutLine: {'line': b'-- Looking for pthread.h - found\n'}
[41.008752] (isaac_ros_tensor_rt) StdoutLine: {'line': b'-- Performing Test CMAKE_HAVE_LIBC_PTHREAD\n'}
[41.009914] (-) TimerEvent: {}
[41.037762] (gxf_isaac_centerpose) StdoutLine: {'line': b'-- Loading isaac_ros_gxf extras\n'}
[41.058356] (isaac_ros_managed_nitros) StdoutLine: {'line': b'-- Performing Test CMAKE_HAVE_LIBC_PTHREAD - Success\n'}
[41.059487] (isaac_ros_managed_nitros) StdoutLine: {'line': b'-- Found Threads: TRUE  \n'}
[41.073924] (isaac_ros_managed_nitros) StdoutLine: {'line': b'-- Found CUDA: /usr/local/cuda (found version "12.6") \n'}
[41.074280] (isaac_ros_managed_nitros) StdoutLine: {'line': b'-- CUDA architectures: 89;86;80;75;70\n'}
[41.074408] (isaac_ros_managed_nitros) StdoutLine: {'line': b'-- Loading isaac_ros_common extras (modules)\n'}
[41.074933] (isaac_ros_tensor_rt) StdoutLine: {'line': b'-- Performing Test CMAKE_HAVE_LIBC_PTHREAD - Success\n'}
[41.076058] (isaac_ros_tensor_rt) StdoutLine: {'line': b'-- Found Threads: TRUE  \n'}
[41.090646] (isaac_ros_tensor_rt) StdoutLine: {'line': b'-- Found CUDA: /usr/local/cuda (found version "12.6") \n'}
[41.091043] (isaac_ros_tensor_rt) StdoutLine: {'line': b'-- CUDA architectures: 89;86;80;75;70\n'}
[41.091133] (isaac_ros_tensor_rt) StdoutLine: {'line': b'-- Loading isaac_ros_common extras (modules)\n'}
[41.110040] (-) TimerEvent: {}
[41.120816] (isaac_ros_managed_nitros) StdoutLine: {'line': b'-- Found rosidl_generator_c: 3.1.7 (/opt/ros/humble/share/rosidl_generator_c/cmake)\n'}
[41.127990] (isaac_ros_managed_nitros) StdoutLine: {'line': b'-- Found rosidl_adapter: 3.1.7 (/opt/ros/humble/share/rosidl_adapter/cmake)\n'}
[41.137808] (isaac_ros_managed_nitros) StdoutLine: {'line': b'-- Found rosidl_generator_cpp: 3.1.7 (/opt/ros/humble/share/rosidl_generator_cpp/cmake)\n'}
[41.138652] (isaac_ros_tensor_rt) StdoutLine: {'line': b'-- Found rosidl_generator_c: 3.1.7 (/opt/ros/humble/share/rosidl_generator_c/cmake)\n'}
[41.146110] (isaac_ros_tensor_rt) StdoutLine: {'line': b'-- Found rosidl_adapter: 3.1.7 (/opt/ros/humble/share/rosidl_adapter/cmake)\n'}
[41.150313] (isaac_ros_managed_nitros) StdoutLine: {'line': b'-- Using all available rosidl_typesupport_c: rosidl_typesupport_fastrtps_c;rosidl_typesupport_introspection_c\n'}
[41.150883] (gxf_isaac_centerpose) StdoutLine: {'line': b'-- Found CUDAToolkit: /usr/local/cuda/include (found version "12.6.20") \n'}
[41.156155] (isaac_ros_tensor_rt) StdoutLine: {'line': b'-- Found rosidl_generator_cpp: 3.1.7 (/opt/ros/humble/share/rosidl_generator_cpp/cmake)\n'}
[41.167968] (isaac_ros_managed_nitros) StdoutLine: {'line': b'-- Using all available rosidl_typesupport_cpp: rosidl_typesupport_fastrtps_cpp;rosidl_typesupport_introspection_cpp\n'}
[41.168825] (isaac_ros_tensor_rt) StdoutLine: {'line': b'-- Using all available rosidl_typesupport_c: rosidl_typesupport_fastrtps_c;rosidl_typesupport_introspection_c\n'}
[41.185854] (isaac_ros_tensor_rt) StdoutLine: {'line': b'-- Using all available rosidl_typesupport_cpp: rosidl_typesupport_fastrtps_cpp;rosidl_typesupport_introspection_cpp\n'}
[41.210181] (-) TimerEvent: {}
[41.215422] (isaac_ros_managed_nitros) StdoutLine: {'line': b'-- Found rmw_implementation_cmake: 6.1.2 (/opt/ros/humble/share/rmw_implementation_cmake/cmake)\n'}
[41.220122] (isaac_ros_managed_nitros) StdoutLine: {'line': b'-- Found rmw_fastrtps_cpp: 6.2.9 (/opt/ros/humble/share/rmw_fastrtps_cpp/cmake)\n'}
[41.230417] (gxf_isaac_centerpose) StdoutLine: {'line': b'-- Found OpenCV: /usr (found version "4.5.4") \n'}
[41.237854] (isaac_ros_tensor_rt) StdoutLine: {'line': b'-- Found rmw_implementation_cmake: 6.1.2 (/opt/ros/humble/share/rmw_implementation_cmake/cmake)\n'}
[41.241796] (isaac_ros_tensor_rt) StdoutLine: {'line': b'-- Found rmw_fastrtps_cpp: 6.2.9 (/opt/ros/humble/share/rmw_fastrtps_cpp/cmake)\n'}
[41.302720] (gxf_isaac_centerpose) StdoutLine: {'line': b'-- Configuring done\n'}
[41.310272] (-) TimerEvent: {}
[41.319101] (isaac_ros_managed_nitros) StdoutLine: {'line': b'-- Found OpenSSL: /usr/lib/x86_64-linux-gnu/libcrypto.so (found version "3.0.2")  \n'}
[41.336674] (isaac_ros_tensor_rt) StdoutLine: {'line': b'-- Found OpenSSL: /usr/lib/x86_64-linux-gnu/libcrypto.so (found version "3.0.2")  \n'}
[41.348416] (isaac_ros_managed_nitros) StdoutLine: {'line': b'-- Found FastRTPS: /opt/ros/humble/include  \n'}
[41.359388] (gxf_isaac_centerpose) StdoutLine: {'line': b'-- Generating done\n'}
[41.366857] (isaac_ros_tensor_rt) StdoutLine: {'line': b'-- Found FastRTPS: /opt/ros/humble/include  \n'}
[41.367091] (gxf_isaac_centerpose) StdoutLine: {'line': b'-- Build files have been written to: /workspaces/isaac_ros-dev/build/gxf_isaac_centerpose\n'}
[41.376706] (gxf_isaac_centerpose) CommandEnded: {'returncode': 0}
[41.378384] (gxf_isaac_centerpose) JobProgress: {'identifier': 'gxf_isaac_centerpose', 'progress': 'build'}
[41.378423] (gxf_isaac_centerpose) Command: {'cmd': ['/usr/bin/cmake', '--build', '/workspaces/isaac_ros-dev/build/gxf_isaac_centerpose', '--', '-j16', '-l16'], 'cwd': '/workspaces/isaac_ros-dev/build/gxf_isaac_centerpose', 'env': OrderedDict([('DALI_BUILD', '16741769'), ('LIBRARY_PATH', '/usr/local/cuda/lib64/stubs:'), ('NVIDIA_CTK_LIBCUDA_DIR', '/usr/lib/x86_64-linux-gnu/nvidia/current'), ('PYTHONWARNINGS', 'ignore:::setuptools.command.install,ignore:::setuptools.command.easy_install,ignore:::pkg_resources,ignore:::setuptools.command.develop'), ('USER', 'diego'), ('TRT_INC_PATH', '/usr/include/x86_64-linux-gnu'), ('TF_ADJUST_SATURATION_FUSED', '1'), ('CUSOLVER_VERSION', '11.6.4.38'), ('HOSTNAME', 'debian'), ('CUTENSOR_VERSION', '2.0.2.5'), ('SHLVL', '1'), ('LD_LIBRARY_PATH', '/workspaces/isaac_ros-dev/install/isaac_ros_nitros_detection3_d_array_type/lib:/workspaces/isaac_ros-dev/install/isaac_ros_nitros/lib:/workspaces/isaac_ros-dev/install/gxf_isaac_messages/lib:/workspaces/isaac_ros-dev/install/gxf_isaac_gxf_helpers/lib:/workspaces/isaac_ros-dev/install/gxf_isaac_atlas/lib:/workspaces/isaac_ros-dev/install/gxf_isaac_sight/lib:/workspaces/isaac_ros-dev/install/gxf_isaac_optimizer/lib:/workspaces/isaac_ros-dev/install/gxf_isaac_message_compositor/lib:/workspaces/isaac_ros-dev/install/gxf_isaac_gems/lib:/workspaces/isaac_ros-dev/install/isaac_ros_gxf/lib:/workspaces/isaac_ros-dev/install/isaac_ros_common/lib:/opt/ros/humble/opt/openvdb_vendor/lib:/opt/ros/humble/opt/rviz_ogre_vendor/lib:/opt/ros/humble/lib/x86_64-linux-gnu:/opt/ros/humble/lib:/usr/local/libcudss-linux-0.3.0.9_cuda12-archive/lib:/opt/hpcx/ucc/lib/:/opt/hpcx/ucx/lib/:/usr/local/cuda/compat/lib:/usr/local/nvidia/lib:/usr/local/nvidia/lib64:/opt/tritonserver/lib'), ('HOME', '/home/admin'), ('NVIDIA_TRITON_SERVER_VERSION', '24.08'), ('OLDPWD', '/workspaces/isaac_ros-dev'), ('HOST_USER_GID', '1000'), ('CUDA_CACHE_DISABLE', '1'), ('ROS_PYTHON_VERSION', '3'), ('MODEL_OPT_VERSION', '0.15.0'), ('ENV', '/etc/shinit_v2'), ('RDMACORE_VERSION', '39.0'), ('NVJPEG_VERSION', '12.3.3.23'), ('NVIDIA_BUILD_ID', '107631419'), ('CUDA_VERSION', '12.6.0.022'), ('TCMALLOC_RELEASE_RATE', '200'), ('CUBLAS_VERSION', '12.6.0.22'), ('NSIGHT_SYSTEMS_VERSION', '2024.4.2.133'), ('COLCON_PREFIX_PATH', '/workspaces/isaac_ros-dev/install'), ('CUDA_VISIBLE_DEVICES', '0'), ('ROS_DISTRO', 'humble'), ('OPAL_PREFIX', '/opt/hpcx/ompi'), ('NVIDIA_REQUIRE_CUDA', 'cuda>=9.0'), ('TRT_VERSION', '10.3.0.26+cuda12.5.1.007'), ('GDRCOPY_VERSION', '2.3.1-1'), ('_', '/usr/bin/colcon'), ('ROS_VERSION', '2'), ('NVIDIA_DRIVER_CAPABILITIES', 'compute,utility,graphics'), ('POLYGRAPHY_VERSION', '0.49.13'), ('CURAND_VERSION', '10.3.7.37'), ('MOFED_VERSION', '5.4-rdmacore39.0'), ('USERNAME', 'admin'), ('TERM', 'xterm'), ('ISAAC_ROS_WS', '/workspaces/isaac_ros-dev'), ('ROS_LOCALHOST_ONLY', '0'), ('TRANSFORMER_ENGINE_VERSION', '1.9'), ('PATH', '/workspaces/isaac_ros-dev/install/isaac_ros_common/bin:/opt/ros/humble/bin:/opt/ros/humble/vcstool/scripts:/opt/tritonserver/bin:/usr/local/mpi/bin:/usr/local/nvidia/bin:/usr/local/cuda/bin:/usr/local/sbin:/usr/local/bin:/usr/sbin:/usr/bin:/sbin:/bin:/usr/local/ucx/bin'), ('HOST_USER_UID', '1000'), ('CUDSS_DIR', '/usr/local/libcudss-linux-0.3.0.9_cuda12-archive'), ('CUDA_DRIVER_VERSION', '560.35.03'), ('_CUDA_COMPAT_STATUS', 'Unknown error (CUDA_ERROR_UNKNOWN) cuInit()=999'), ('DISPLAY', ':1'), ('NVIDIA_PRODUCT_NAME', 'Triton Server'), ('LANG', 'en_US.UTF-8'), ('RMW_IMPLEMENTATION', 'rmw_fastrtps_cpp'), ('NPP_VERSION', '12.3.1.23'), ('ROS_ROOT', '/opt/ros/humble'), ('UCX_MEM_EVENTS', 'no'), ('CUFFT_VERSION', '11.2.6.28'), ('SSH_AUTH_SOCK', '/ssh-agent'), ('TF_ENABLE_WINOGRAD_NONFUSED', '1'), ('AMENT_PREFIX_PATH', '/workspaces/isaac_ros-dev/install/isaac_ros_nitros_detection3_d_array_type:/workspaces/isaac_ros-dev/install/isaac_ros_nitros:/workspaces/isaac_ros-dev/install/gxf_isaac_messages:/workspaces/isaac_ros-dev/install/gxf_isaac_gxf_helpers:/workspaces/isaac_ros-dev/install/gxf_isaac_atlas:/workspaces/isaac_ros-dev/install/gxf_isaac_sight:/workspaces/isaac_ros-dev/install/gxf_isaac_optimizer:/workspaces/isaac_ros-dev/install/gxf_isaac_message_compositor:/workspaces/isaac_ros-dev/install/gxf_isaac_gems:/workspaces/isaac_ros-dev/install/isaac_ros_test:/workspaces/isaac_ros-dev/install/isaac_ros_gxf:/workspaces/isaac_ros-dev/install/isaac_ros_launch_utils:/workspaces/isaac_ros-dev/install/isaac_ros_common:/workspaces/isaac_ros-dev/install/isaac_common_py:/opt/ros/humble'), ('CUDNN_VERSION', '9.3.0.75'), ('NSIGHT_COMPUTE_VERSION', '2024.3.0.15'), ('DALI_VERSION', '1.40.0'), ('DEBIAN_FRONTEND', 'noninteractive'), ('SHELL', '/bin/bash'), ('DCGM_VERSION', '3.2.6'), ('CUDNN_FRONTEND_VERSION', '1.5.2'), ('OPENMPI_VERSION', '4.1.7'), ('TRTOSS_VERSION', '24.08'), ('OMPI_MCA_coll_hcoll_enable', '0'), ('CUSPARSE_VERSION', '12.5.2.23'), ('NVIDIA_REQUIRE_JETPACK_HOST_MOUNTS', ''), ('TRITON_SERVER_GPU_ENABLED', '1'), ('TRITON_SERVER_VERSION', '2.49.0'), ('BASH_ENV', '/etc/bash.bashrc'), ('PWD', '/workspaces/isaac_ros-dev/build/gxf_isaac_centerpose'), ('CUSPARSELT_VERSION', '0.6.2.3'), ('PYTHONPATH', '/workspaces/isaac_ros-dev/build/isaac_ros_test:/workspaces/isaac_ros-dev/install/isaac_ros_test/lib/python3.10/site-packages:/workspaces/isaac_ros-dev/build/isaac_ros_launch_utils:/workspaces/isaac_ros-dev/install/isaac_ros_launch_utils/lib/python3.10/site-packages:/workspaces/isaac_ros-dev/install/isaac_ros_common/local/lib/python3.10/dist-packages:/workspaces/isaac_ros-dev/build/isaac_common_py:/workspaces/isaac_ros-dev/install/isaac_common_py/lib/python3.10/site-packages:/opt/ros/humble/lib/python3.10/site-packages:/opt/ros/humble/local/lib/python3.10/dist-packages:/opt/ros/humble/vcstool:/opt/tritonserver/backends/dali/wheel/dali'), ('_CUDA_COMPAT_PATH', '/usr/local/cuda/compat'), ('TRITON_SERVER_USER', 'triton-server'), ('TF_ADJUST_HUE_FUSED', '1'), ('NVIDIA_VISIBLE_DEVICES', 'void'), ('NCCL_VERSION', '2.22.3'), ('COLCON', '1'), ('OPENUCX_VERSION', '1.17.0'), ('HPCX_VERSION', '2.19'), ('CMAKE_PREFIX_PATH', '/workspaces/isaac_ros-dev/install/isaac_ros_nitros_detection3_d_array_type:/workspaces/isaac_ros-dev/install/isaac_ros_nitros:/workspaces/isaac_ros-dev/install/gxf_isaac_messages:/workspaces/isaac_ros-dev/install/gxf_isaac_gxf_helpers:/workspaces/isaac_ros-dev/install/gxf_isaac_atlas:/workspaces/isaac_ros-dev/install/gxf_isaac_sight:/workspaces/isaac_ros-dev/install/gxf_isaac_optimizer:/workspaces/isaac_ros-dev/install/gxf_isaac_message_compositor:/workspaces/isaac_ros-dev/install/gxf_isaac_gems:/workspaces/isaac_ros-dev/install/isaac_ros_gxf:/workspaces/isaac_ros-dev/install/isaac_ros_common:/usr/local/libcudss-linux-0.3.0.9_cuda12-archive:/workspaces/isaac_ros-dev/install/isaac_ros_test:/workspaces/isaac_ros-dev/install/isaac_ros_launch_utils:/workspaces/isaac_ros-dev/install/isaac_common_py:/opt/ros/humble'), ('TF_AUTOTUNE_THRESHOLD', '2'), ('TRT_LIB_PATH', '/usr/lib/x86_64-linux-gnu')]), 'shell': False}
[41.399582] (isaac_ros_managed_nitros) StdoutLine: {'line': b"-- Using RMW implementation 'rmw_fastrtps_cpp' as default\n"}
[41.410384] (-) TimerEvent: {}
[41.419694] (isaac_ros_tensor_rt) StdoutLine: {'line': b"-- Using RMW implementation 'rmw_fastrtps_cpp' as default\n"}
[41.423739] (gxf_isaac_centerpose) StdoutLine: {'line': b'[ 11%] \x1b[34m\x1b[1mGenerating version information as YAML\x1b[0m\n'}
[41.429902] (gxf_isaac_centerpose) StdoutLine: {'line': b'[ 22%] \x1b[32mBuilding CXX object CMakeFiles/gxf_isaac_centerpose.dir/gxf/extensions/centerpose/components/centerpose_postprocessor.cpp.o\x1b[0m\n'}
[41.430583] (gxf_isaac_centerpose) StdoutLine: {'line': b'[ 33%] \x1b[32mBuilding CXX object CMakeFiles/gxf_isaac_centerpose.dir/gxf/extensions/centerpose/components/centerpose_detection_to_isaac.cpp.o\x1b[0m\n'}
[41.431149] (gxf_isaac_centerpose) StdoutLine: {'line': b'[ 44%] \x1b[32mBuilding CXX object CMakeFiles/gxf_isaac_centerpose.dir/gxf/extensions/centerpose/components/cuboid3d.cpp.o\x1b[0m\n'}
[41.431576] (gxf_isaac_centerpose) StdoutLine: {'line': b'[ 55%] \x1b[32mBuilding CXX object CMakeFiles/gxf_isaac_centerpose.dir/gxf/extensions/centerpose/centerpose_ext.cpp.o\x1b[0m\n'}
[41.432897] (gxf_isaac_centerpose) StdoutLine: {'line': b'[ 66%] \x1b[32mBuilding CXX object CMakeFiles/gxf_isaac_centerpose.dir/gxf/extensions/centerpose/components/soft_nms_nvidia.cpp.o\x1b[0m\n'}
[41.433087] (gxf_isaac_centerpose) StdoutLine: {'line': b'[ 77%] \x1b[32mBuilding CXX object CMakeFiles/gxf_isaac_centerpose.dir/gxf/extensions/centerpose/components/centerpose_visualizer.cpp.o\x1b[0m\n'}
[41.435401] (gxf_isaac_centerpose) StdoutLine: {'line': b'[ 88%] \x1b[32mBuilding CXX object CMakeFiles/gxf_isaac_centerpose.dir/gxf/extensions/centerpose/components/cuboid_pnp_solver.cpp.o\x1b[0m\n'}
[41.510480] (-) TimerEvent: {}
[41.554259] (isaac_ros_managed_nitros) StdoutLine: {'line': b'-- Loading isaac_ros_gxf extras\n'}
[41.568863] (isaac_ros_tensor_rt) StdoutLine: {'line': b'-- Loading isaac_ros_gxf extras\n'}
[41.596320] (isaac_ros_tensor_rt) StdoutLine: {'line': b'-- Found TENSORRT: /usr/include/x86_64-linux-gnu (found suitable version "10.3.0", minimum required is "10") \n'}
[41.611038] (-) TimerEvent: {}
[41.661842] (isaac_ros_managed_nitros) StderrLine: {'line': b'\x1b[0mIn this package, headers install destination is set to `include` by ament_auto_package. It is recommended to install `include/isaac_ros_managed_nitros` instead and will be the default behavior of ament_auto_package from ROS 2 Kilted Kaiju. On distributions before Kilted, ament_auto_package behaves the same way when you use USE_SCOPED_HEADER_INSTALL_DIR option.\x1b[0m\n'}
[41.667880] (isaac_ros_managed_nitros) StdoutLine: {'line': b'-- Configuring done\n'}
[41.675524] (isaac_ros_managed_nitros) StdoutLine: {'line': b'-- Generating done\n'}
[41.680322] (isaac_ros_managed_nitros) StdoutLine: {'line': b'-- Build files have been written to: /workspaces/isaac_ros-dev/build/isaac_ros_managed_nitros\n'}
[41.680517] (isaac_ros_tensor_rt) StderrLine: {'line': b'\x1b[0mIn this package, headers install destination is set to `include` by ament_auto_package. It is recommended to install `include/isaac_ros_tensor_rt` instead and will be the default behavior of ament_auto_package from ROS 2 Kilted Kaiju. On distributions before Kilted, ament_auto_package behaves the same way when you use USE_SCOPED_HEADER_INSTALL_DIR option.\x1b[0m\n'}
[41.687185] (isaac_ros_tensor_rt) StdoutLine: {'line': b'-- Configuring done\n'}
[41.692738] (isaac_ros_managed_nitros) CommandEnded: {'returncode': 0}
[41.694220] (isaac_ros_managed_nitros) JobProgress: {'identifier': 'isaac_ros_managed_nitros', 'progress': 'build'}
[41.694254] (isaac_ros_managed_nitros) Command: {'cmd': ['/usr/bin/cmake', '--build', '/workspaces/isaac_ros-dev/build/isaac_ros_managed_nitros', '--', '-j16', '-l16'], 'cwd': '/workspaces/isaac_ros-dev/build/isaac_ros_managed_nitros', 'env': OrderedDict([('DALI_BUILD', '16741769'), ('LIBRARY_PATH', '/usr/local/cuda/lib64/stubs:'), ('NVIDIA_CTK_LIBCUDA_DIR', '/usr/lib/x86_64-linux-gnu/nvidia/current'), ('PYTHONWARNINGS', 'ignore:::setuptools.command.install,ignore:::setuptools.command.easy_install,ignore:::pkg_resources,ignore:::setuptools.command.develop'), ('USER', 'diego'), ('TRT_INC_PATH', '/usr/include/x86_64-linux-gnu'), ('TF_ADJUST_SATURATION_FUSED', '1'), ('CUSOLVER_VERSION', '11.6.4.38'), ('HOSTNAME', 'debian'), ('CUTENSOR_VERSION', '2.0.2.5'), ('SHLVL', '1'), ('LD_LIBRARY_PATH', '/workspaces/isaac_ros-dev/install/isaac_ros_nitros_tensor_list_type/lib:/workspaces/isaac_ros-dev/install/isaac_ros_nitros/lib:/workspaces/isaac_ros-dev/install/gxf_isaac_gxf_helpers/lib:/workspaces/isaac_ros-dev/install/gxf_isaac_atlas/lib:/workspaces/isaac_ros-dev/install/gxf_isaac_sight/lib:/workspaces/isaac_ros-dev/install/gxf_isaac_optimizer/lib:/workspaces/isaac_ros-dev/install/gxf_isaac_message_compositor/lib:/workspaces/isaac_ros-dev/install/gxf_isaac_gems/lib:/workspaces/isaac_ros-dev/install/isaac_ros_tensor_list_interfaces/lib:/workspaces/isaac_ros-dev/install/isaac_ros_gxf/lib:/workspaces/isaac_ros-dev/install/isaac_ros_common/lib:/opt/ros/humble/opt/openvdb_vendor/lib:/opt/ros/humble/opt/rviz_ogre_vendor/lib:/opt/ros/humble/lib/x86_64-linux-gnu:/opt/ros/humble/lib:/usr/local/libcudss-linux-0.3.0.9_cuda12-archive/lib:/opt/hpcx/ucc/lib/:/opt/hpcx/ucx/lib/:/usr/local/cuda/compat/lib:/usr/local/nvidia/lib:/usr/local/nvidia/lib64:/opt/tritonserver/lib'), ('HOME', '/home/admin'), ('NVIDIA_TRITON_SERVER_VERSION', '24.08'), ('OLDPWD', '/workspaces/isaac_ros-dev'), ('HOST_USER_GID', '1000'), ('CUDA_CACHE_DISABLE', '1'), ('ROS_PYTHON_VERSION', '3'), ('MODEL_OPT_VERSION', '0.15.0'), ('ENV', '/etc/shinit_v2'), ('RDMACORE_VERSION', '39.0'), ('NVJPEG_VERSION', '12.3.3.23'), ('NVIDIA_BUILD_ID', '107631419'), ('CUDA_VERSION', '12.6.0.022'), ('TCMALLOC_RELEASE_RATE', '200'), ('CUBLAS_VERSION', '12.6.0.22'), ('NSIGHT_SYSTEMS_VERSION', '2024.4.2.133'), ('COLCON_PREFIX_PATH', '/workspaces/isaac_ros-dev/install'), ('CUDA_VISIBLE_DEVICES', '0'), ('ROS_DISTRO', 'humble'), ('OPAL_PREFIX', '/opt/hpcx/ompi'), ('NVIDIA_REQUIRE_CUDA', 'cuda>=9.0'), ('TRT_VERSION', '10.3.0.26+cuda12.5.1.007'), ('GDRCOPY_VERSION', '2.3.1-1'), ('_', '/usr/bin/colcon'), ('ROS_VERSION', '2'), ('NVIDIA_DRIVER_CAPABILITIES', 'compute,utility,graphics'), ('POLYGRAPHY_VERSION', '0.49.13'), ('CURAND_VERSION', '10.3.7.37'), ('MOFED_VERSION', '5.4-rdmacore39.0'), ('USERNAME', 'admin'), ('TERM', 'xterm'), ('ISAAC_ROS_WS', '/workspaces/isaac_ros-dev'), ('ROS_LOCALHOST_ONLY', '0'), ('TRANSFORMER_ENGINE_VERSION', '1.9'), ('PATH', '/workspaces/isaac_ros-dev/install/isaac_ros_common/bin:/opt/ros/humble/bin:/opt/ros/humble/vcstool/scripts:/opt/tritonserver/bin:/usr/local/mpi/bin:/usr/local/nvidia/bin:/usr/local/cuda/bin:/usr/local/sbin:/usr/local/bin:/usr/sbin:/usr/bin:/sbin:/bin:/usr/local/ucx/bin'), ('HOST_USER_UID', '1000'), ('CUDSS_DIR', '/usr/local/libcudss-linux-0.3.0.9_cuda12-archive'), ('CUDA_DRIVER_VERSION', '560.35.03'), ('_CUDA_COMPAT_STATUS', 'Unknown error (CUDA_ERROR_UNKNOWN) cuInit()=999'), ('DISPLAY', ':1'), ('NVIDIA_PRODUCT_NAME', 'Triton Server'), ('LANG', 'en_US.UTF-8'), ('RMW_IMPLEMENTATION', 'rmw_fastrtps_cpp'), ('NPP_VERSION', '12.3.1.23'), ('ROS_ROOT', '/opt/ros/humble'), ('UCX_MEM_EVENTS', 'no'), ('CUFFT_VERSION', '11.2.6.28'), ('SSH_AUTH_SOCK', '/ssh-agent'), ('TF_ENABLE_WINOGRAD_NONFUSED', '1'), ('AMENT_PREFIX_PATH', '/workspaces/isaac_ros-dev/install/isaac_ros_nitros_tensor_list_type:/workspaces/isaac_ros-dev/install/isaac_ros_nitros:/workspaces/isaac_ros-dev/install/gxf_isaac_gxf_helpers:/workspaces/isaac_ros-dev/install/gxf_isaac_atlas:/workspaces/isaac_ros-dev/install/gxf_isaac_sight:/workspaces/isaac_ros-dev/install/gxf_isaac_optimizer:/workspaces/isaac_ros-dev/install/gxf_isaac_message_compositor:/workspaces/isaac_ros-dev/install/gxf_isaac_gems:/workspaces/isaac_ros-dev/install/isaac_ros_test:/workspaces/isaac_ros-dev/install/isaac_ros_tensor_list_interfaces:/workspaces/isaac_ros-dev/install/isaac_ros_gxf:/workspaces/isaac_ros-dev/install/isaac_ros_launch_utils:/workspaces/isaac_ros-dev/install/isaac_ros_common:/workspaces/isaac_ros-dev/install/isaac_common_py:/opt/ros/humble'), ('CUDNN_VERSION', '9.3.0.75'), ('NSIGHT_COMPUTE_VERSION', '2024.3.0.15'), ('DALI_VERSION', '1.40.0'), ('DEBIAN_FRONTEND', 'noninteractive'), ('SHELL', '/bin/bash'), ('DCGM_VERSION', '3.2.6'), ('CUDNN_FRONTEND_VERSION', '1.5.2'), ('OPENMPI_VERSION', '4.1.7'), ('TRTOSS_VERSION', '24.08'), ('OMPI_MCA_coll_hcoll_enable', '0'), ('CUSPARSE_VERSION', '12.5.2.23'), ('NVIDIA_REQUIRE_JETPACK_HOST_MOUNTS', ''), ('TRITON_SERVER_GPU_ENABLED', '1'), ('TRITON_SERVER_VERSION', '2.49.0'), ('BASH_ENV', '/etc/bash.bashrc'), ('PWD', '/workspaces/isaac_ros-dev/build/isaac_ros_managed_nitros'), ('CUSPARSELT_VERSION', '0.6.2.3'), ('PYTHONPATH', '/workspaces/isaac_ros-dev/build/isaac_ros_test:/workspaces/isaac_ros-dev/install/isaac_ros_test/lib/python3.10/site-packages:/workspaces/isaac_ros-dev/install/isaac_ros_tensor_list_interfaces/local/lib/python3.10/dist-packages:/workspaces/isaac_ros-dev/build/isaac_ros_launch_utils:/workspaces/isaac_ros-dev/install/isaac_ros_launch_utils/lib/python3.10/site-packages:/workspaces/isaac_ros-dev/install/isaac_ros_common/local/lib/python3.10/dist-packages:/workspaces/isaac_ros-dev/build/isaac_common_py:/workspaces/isaac_ros-dev/install/isaac_common_py/lib/python3.10/site-packages:/opt/ros/humble/lib/python3.10/site-packages:/opt/ros/humble/local/lib/python3.10/dist-packages:/opt/ros/humble/vcstool:/opt/tritonserver/backends/dali/wheel/dali'), ('_CUDA_COMPAT_PATH', '/usr/local/cuda/compat'), ('TRITON_SERVER_USER', 'triton-server'), ('TF_ADJUST_HUE_FUSED', '1'), ('NVIDIA_VISIBLE_DEVICES', 'void'), ('NCCL_VERSION', '2.22.3'), ('COLCON', '1'), ('OPENUCX_VERSION', '1.17.0'), ('HPCX_VERSION', '2.19'), ('CMAKE_PREFIX_PATH', '/workspaces/isaac_ros-dev/install/isaac_ros_nitros_tensor_list_type:/workspaces/isaac_ros-dev/install/isaac_ros_nitros:/workspaces/isaac_ros-dev/install/gxf_isaac_gxf_helpers:/workspaces/isaac_ros-dev/install/gxf_isaac_atlas:/workspaces/isaac_ros-dev/install/gxf_isaac_sight:/workspaces/isaac_ros-dev/install/gxf_isaac_optimizer:/workspaces/isaac_ros-dev/install/gxf_isaac_message_compositor:/workspaces/isaac_ros-dev/install/gxf_isaac_gems:/workspaces/isaac_ros-dev/install/isaac_ros_tensor_list_interfaces:/workspaces/isaac_ros-dev/install/isaac_ros_gxf:/workspaces/isaac_ros-dev/install/isaac_ros_common:/usr/local/libcudss-linux-0.3.0.9_cuda12-archive:/workspaces/isaac_ros-dev/install/isaac_ros_test:/workspaces/isaac_ros-dev/install/isaac_ros_launch_utils:/workspaces/isaac_ros-dev/install/isaac_common_py:/opt/ros/humble'), ('TF_AUTOTUNE_THRESHOLD', '2'), ('TRT_LIB_PATH', '/usr/lib/x86_64-linux-gnu')]), 'shell': False}
[41.710804] (isaac_ros_tensor_rt) StdoutLine: {'line': b'-- Generating done\n'}
[41.711101] (-) TimerEvent: {}
[41.714128] (isaac_ros_tensor_rt) StdoutLine: {'line': b'-- Build files have been written to: /workspaces/isaac_ros-dev/build/isaac_ros_tensor_rt\n'}
[41.725080] (isaac_ros_tensor_rt) CommandEnded: {'returncode': 0}
[41.725898] (isaac_ros_tensor_rt) JobProgress: {'identifier': 'isaac_ros_tensor_rt', 'progress': 'build'}
[41.726844] (isaac_ros_tensor_rt) Command: {'cmd': ['/usr/bin/cmake', '--build', '/workspaces/isaac_ros-dev/build/isaac_ros_tensor_rt', '--', '-j16', '-l16'], 'cwd': '/workspaces/isaac_ros-dev/build/isaac_ros_tensor_rt', 'env': OrderedDict([('DALI_BUILD', '16741769'), ('LIBRARY_PATH', '/usr/local/cuda/lib64/stubs:'), ('NVIDIA_CTK_LIBCUDA_DIR', '/usr/lib/x86_64-linux-gnu/nvidia/current'), ('PYTHONWARNINGS', 'ignore:::setuptools.command.install,ignore:::setuptools.command.easy_install,ignore:::pkg_resources,ignore:::setuptools.command.develop'), ('USER', 'diego'), ('TRT_INC_PATH', '/usr/include/x86_64-linux-gnu'), ('TF_ADJUST_SATURATION_FUSED', '1'), ('CUSOLVER_VERSION', '11.6.4.38'), ('HOSTNAME', 'debian'), ('CUTENSOR_VERSION', '2.0.2.5'), ('SHLVL', '1'), ('LD_LIBRARY_PATH', '/workspaces/isaac_ros-dev/install/isaac_ros_nitros_tensor_list_type/lib:/workspaces/isaac_ros-dev/install/isaac_ros_nitros/lib:/workspaces/isaac_ros-dev/install/gxf_isaac_tensor_rt/lib:/workspaces/isaac_ros-dev/install/gxf_isaac_messages/lib:/workspaces/isaac_ros-dev/install/gxf_isaac_gxf_helpers/lib:/workspaces/isaac_ros-dev/install/gxf_isaac_atlas/lib:/workspaces/isaac_ros-dev/install/gxf_isaac_sight/lib:/workspaces/isaac_ros-dev/install/gxf_isaac_optimizer/lib:/workspaces/isaac_ros-dev/install/gxf_isaac_message_compositor/lib:/workspaces/isaac_ros-dev/install/gxf_isaac_gems/lib:/workspaces/isaac_ros-dev/install/isaac_ros_tensor_list_interfaces/lib:/workspaces/isaac_ros-dev/install/isaac_ros_gxf/lib:/workspaces/isaac_ros-dev/install/isaac_ros_common/lib:/opt/ros/humble/opt/openvdb_vendor/lib:/opt/ros/humble/opt/rviz_ogre_vendor/lib:/opt/ros/humble/lib/x86_64-linux-gnu:/opt/ros/humble/lib:/usr/local/libcudss-linux-0.3.0.9_cuda12-archive/lib:/opt/hpcx/ucc/lib/:/opt/hpcx/ucx/lib/:/usr/local/cuda/compat/lib:/usr/local/nvidia/lib:/usr/local/nvidia/lib64:/opt/tritonserver/lib'), ('HOME', '/home/admin'), ('NVIDIA_TRITON_SERVER_VERSION', '24.08'), ('OLDPWD', '/workspaces/isaac_ros-dev'), ('HOST_USER_GID', '1000'), ('CUDA_CACHE_DISABLE', '1'), ('ROS_PYTHON_VERSION', '3'), ('MODEL_OPT_VERSION', '0.15.0'), ('ENV', '/etc/shinit_v2'), ('RDMACORE_VERSION', '39.0'), ('NVJPEG_VERSION', '12.3.3.23'), ('NVIDIA_BUILD_ID', '107631419'), ('CUDA_VERSION', '12.6.0.022'), ('TCMALLOC_RELEASE_RATE', '200'), ('CUBLAS_VERSION', '12.6.0.22'), ('NSIGHT_SYSTEMS_VERSION', '2024.4.2.133'), ('COLCON_PREFIX_PATH', '/workspaces/isaac_ros-dev/install'), ('CUDA_VISIBLE_DEVICES', '0'), ('ROS_DISTRO', 'humble'), ('OPAL_PREFIX', '/opt/hpcx/ompi'), ('NVIDIA_REQUIRE_CUDA', 'cuda>=9.0'), ('TRT_VERSION', '10.3.0.26+cuda12.5.1.007'), ('GDRCOPY_VERSION', '2.3.1-1'), ('_', '/usr/bin/colcon'), ('ROS_VERSION', '2'), ('NVIDIA_DRIVER_CAPABILITIES', 'compute,utility,graphics'), ('POLYGRAPHY_VERSION', '0.49.13'), ('CURAND_VERSION', '10.3.7.37'), ('MOFED_VERSION', '5.4-rdmacore39.0'), ('USERNAME', 'admin'), ('TERM', 'xterm'), ('ISAAC_ROS_WS', '/workspaces/isaac_ros-dev'), ('ROS_LOCALHOST_ONLY', '0'), ('TRANSFORMER_ENGINE_VERSION', '1.9'), ('PATH', '/workspaces/isaac_ros-dev/install/isaac_ros_common/bin:/opt/ros/humble/bin:/opt/ros/humble/vcstool/scripts:/opt/tritonserver/bin:/usr/local/mpi/bin:/usr/local/nvidia/bin:/usr/local/cuda/bin:/usr/local/sbin:/usr/local/bin:/usr/sbin:/usr/bin:/sbin:/bin:/usr/local/ucx/bin'), ('HOST_USER_UID', '1000'), ('CUDSS_DIR', '/usr/local/libcudss-linux-0.3.0.9_cuda12-archive'), ('CUDA_DRIVER_VERSION', '560.35.03'), ('_CUDA_COMPAT_STATUS', 'Unknown error (CUDA_ERROR_UNKNOWN) cuInit()=999'), ('DISPLAY', ':1'), ('NVIDIA_PRODUCT_NAME', 'Triton Server'), ('LANG', 'en_US.UTF-8'), ('RMW_IMPLEMENTATION', 'rmw_fastrtps_cpp'), ('NPP_VERSION', '12.3.1.23'), ('ROS_ROOT', '/opt/ros/humble'), ('UCX_MEM_EVENTS', 'no'), ('CUFFT_VERSION', '11.2.6.28'), ('SSH_AUTH_SOCK', '/ssh-agent'), ('TF_ENABLE_WINOGRAD_NONFUSED', '1'), ('AMENT_PREFIX_PATH', '/workspaces/isaac_ros-dev/install/isaac_ros_nitros_tensor_list_type:/workspaces/isaac_ros-dev/install/isaac_ros_nitros:/workspaces/isaac_ros-dev/install/gxf_isaac_tensor_rt:/workspaces/isaac_ros-dev/install/gxf_isaac_messages:/workspaces/isaac_ros-dev/install/gxf_isaac_gxf_helpers:/workspaces/isaac_ros-dev/install/gxf_isaac_atlas:/workspaces/isaac_ros-dev/install/gxf_isaac_sight:/workspaces/isaac_ros-dev/install/gxf_isaac_optimizer:/workspaces/isaac_ros-dev/install/gxf_isaac_message_compositor:/workspaces/isaac_ros-dev/install/gxf_isaac_gems:/workspaces/isaac_ros-dev/install/isaac_ros_test:/workspaces/isaac_ros-dev/install/isaac_ros_tensor_list_interfaces:/workspaces/isaac_ros-dev/install/isaac_ros_gxf:/workspaces/isaac_ros-dev/install/isaac_ros_launch_utils:/workspaces/isaac_ros-dev/install/isaac_ros_common:/workspaces/isaac_ros-dev/install/isaac_common_py:/opt/ros/humble'), ('CUDNN_VERSION', '9.3.0.75'), ('NSIGHT_COMPUTE_VERSION', '2024.3.0.15'), ('DALI_VERSION', '1.40.0'), ('DEBIAN_FRONTEND', 'noninteractive'), ('SHELL', '/bin/bash'), ('DCGM_VERSION', '3.2.6'), ('CUDNN_FRONTEND_VERSION', '1.5.2'), ('OPENMPI_VERSION', '4.1.7'), ('TRTOSS_VERSION', '24.08'), ('OMPI_MCA_coll_hcoll_enable', '0'), ('CUSPARSE_VERSION', '12.5.2.23'), ('NVIDIA_REQUIRE_JETPACK_HOST_MOUNTS', ''), ('TRITON_SERVER_GPU_ENABLED', '1'), ('TRITON_SERVER_VERSION', '2.49.0'), ('BASH_ENV', '/etc/bash.bashrc'), ('PWD', '/workspaces/isaac_ros-dev/build/isaac_ros_tensor_rt'), ('CUSPARSELT_VERSION', '0.6.2.3'), ('PYTHONPATH', '/workspaces/isaac_ros-dev/build/isaac_ros_test:/workspaces/isaac_ros-dev/install/isaac_ros_test/lib/python3.10/site-packages:/workspaces/isaac_ros-dev/install/isaac_ros_tensor_list_interfaces/local/lib/python3.10/dist-packages:/workspaces/isaac_ros-dev/build/isaac_ros_launch_utils:/workspaces/isaac_ros-dev/install/isaac_ros_launch_utils/lib/python3.10/site-packages:/workspaces/isaac_ros-dev/install/isaac_ros_common/local/lib/python3.10/dist-packages:/workspaces/isaac_ros-dev/build/isaac_common_py:/workspaces/isaac_ros-dev/install/isaac_common_py/lib/python3.10/site-packages:/opt/ros/humble/lib/python3.10/site-packages:/opt/ros/humble/local/lib/python3.10/dist-packages:/opt/ros/humble/vcstool:/opt/tritonserver/backends/dali/wheel/dali'), ('_CUDA_COMPAT_PATH', '/usr/local/cuda/compat'), ('TRITON_SERVER_USER', 'triton-server'), ('TF_ADJUST_HUE_FUSED', '1'), ('NVIDIA_VISIBLE_DEVICES', 'void'), ('NCCL_VERSION', '2.22.3'), ('COLCON', '1'), ('OPENUCX_VERSION', '1.17.0'), ('HPCX_VERSION', '2.19'), ('CMAKE_PREFIX_PATH', '/workspaces/isaac_ros-dev/install/isaac_ros_nitros_tensor_list_type:/workspaces/isaac_ros-dev/install/isaac_ros_nitros:/workspaces/isaac_ros-dev/install/gxf_isaac_tensor_rt:/workspaces/isaac_ros-dev/install/gxf_isaac_messages:/workspaces/isaac_ros-dev/install/gxf_isaac_gxf_helpers:/workspaces/isaac_ros-dev/install/gxf_isaac_atlas:/workspaces/isaac_ros-dev/install/gxf_isaac_sight:/workspaces/isaac_ros-dev/install/gxf_isaac_optimizer:/workspaces/isaac_ros-dev/install/gxf_isaac_message_compositor:/workspaces/isaac_ros-dev/install/gxf_isaac_gems:/workspaces/isaac_ros-dev/install/isaac_ros_tensor_list_interfaces:/workspaces/isaac_ros-dev/install/isaac_ros_gxf:/workspaces/isaac_ros-dev/install/isaac_ros_common:/usr/local/libcudss-linux-0.3.0.9_cuda12-archive:/workspaces/isaac_ros-dev/install/isaac_ros_test:/workspaces/isaac_ros-dev/install/isaac_ros_launch_utils:/workspaces/isaac_ros-dev/install/isaac_common_py:/opt/ros/humble'), ('TF_AUTOTUNE_THRESHOLD', '2'), ('TRT_LIB_PATH', '/usr/lib/x86_64-linux-gnu')]), 'shell': False}
[41.741715] (isaac_ros_managed_nitros) StdoutLine: {'line': b'[100%] \x1b[34m\x1b[1mGenerating version information as YAML\x1b[0m\n'}
[41.773100] (isaac_ros_tensor_rt) StdoutLine: {'line': b'[ 33%] \x1b[32mBuilding CXX object CMakeFiles/tensor_rt_node.dir/src/tensor_rt_node.cpp.o\x1b[0m\n'}
[41.779405] (isaac_ros_tensor_rt) StdoutLine: {'line': b'[ 66%] \x1b[34m\x1b[1mGenerating version information as YAML\x1b[0m\n'}
[41.812257] (-) TimerEvent: {}
[41.816897] (isaac_ros_managed_nitros) StdoutLine: {'line': b'[100%] Built target generate_version_info_target_isaac_ros_managed_nitros\n'}
[41.827073] (isaac_ros_managed_nitros) CommandEnded: {'returncode': 0}
[41.828027] (isaac_ros_managed_nitros) JobProgress: {'identifier': 'isaac_ros_managed_nitros', 'progress': 'install'}
[41.828308] (isaac_ros_managed_nitros) Command: {'cmd': ['/usr/bin/cmake', '--install', '/workspaces/isaac_ros-dev/build/isaac_ros_managed_nitros'], 'cwd': '/workspaces/isaac_ros-dev/build/isaac_ros_managed_nitros', 'env': OrderedDict([('DALI_BUILD', '16741769'), ('LIBRARY_PATH', '/usr/local/cuda/lib64/stubs:'), ('NVIDIA_CTK_LIBCUDA_DIR', '/usr/lib/x86_64-linux-gnu/nvidia/current'), ('PYTHONWARNINGS', 'ignore:::setuptools.command.install,ignore:::setuptools.command.easy_install,ignore:::pkg_resources,ignore:::setuptools.command.develop'), ('USER', 'diego'), ('TRT_INC_PATH', '/usr/include/x86_64-linux-gnu'), ('TF_ADJUST_SATURATION_FUSED', '1'), ('CUSOLVER_VERSION', '11.6.4.38'), ('HOSTNAME', 'debian'), ('CUTENSOR_VERSION', '2.0.2.5'), ('SHLVL', '1'), ('LD_LIBRARY_PATH', '/workspaces/isaac_ros-dev/install/isaac_ros_nitros_tensor_list_type/lib:/workspaces/isaac_ros-dev/install/isaac_ros_nitros/lib:/workspaces/isaac_ros-dev/install/gxf_isaac_gxf_helpers/lib:/workspaces/isaac_ros-dev/install/gxf_isaac_atlas/lib:/workspaces/isaac_ros-dev/install/gxf_isaac_sight/lib:/workspaces/isaac_ros-dev/install/gxf_isaac_optimizer/lib:/workspaces/isaac_ros-dev/install/gxf_isaac_message_compositor/lib:/workspaces/isaac_ros-dev/install/gxf_isaac_gems/lib:/workspaces/isaac_ros-dev/install/isaac_ros_tensor_list_interfaces/lib:/workspaces/isaac_ros-dev/install/isaac_ros_gxf/lib:/workspaces/isaac_ros-dev/install/isaac_ros_common/lib:/opt/ros/humble/opt/openvdb_vendor/lib:/opt/ros/humble/opt/rviz_ogre_vendor/lib:/opt/ros/humble/lib/x86_64-linux-gnu:/opt/ros/humble/lib:/usr/local/libcudss-linux-0.3.0.9_cuda12-archive/lib:/opt/hpcx/ucc/lib/:/opt/hpcx/ucx/lib/:/usr/local/cuda/compat/lib:/usr/local/nvidia/lib:/usr/local/nvidia/lib64:/opt/tritonserver/lib'), ('HOME', '/home/admin'), ('NVIDIA_TRITON_SERVER_VERSION', '24.08'), ('OLDPWD', '/workspaces/isaac_ros-dev'), ('HOST_USER_GID', '1000'), ('CUDA_CACHE_DISABLE', '1'), ('ROS_PYTHON_VERSION', '3'), ('MODEL_OPT_VERSION', '0.15.0'), ('ENV', '/etc/shinit_v2'), ('RDMACORE_VERSION', '39.0'), ('NVJPEG_VERSION', '12.3.3.23'), ('NVIDIA_BUILD_ID', '107631419'), ('CUDA_VERSION', '12.6.0.022'), ('TCMALLOC_RELEASE_RATE', '200'), ('CUBLAS_VERSION', '12.6.0.22'), ('NSIGHT_SYSTEMS_VERSION', '2024.4.2.133'), ('COLCON_PREFIX_PATH', '/workspaces/isaac_ros-dev/install'), ('CUDA_VISIBLE_DEVICES', '0'), ('ROS_DISTRO', 'humble'), ('OPAL_PREFIX', '/opt/hpcx/ompi'), ('NVIDIA_REQUIRE_CUDA', 'cuda>=9.0'), ('TRT_VERSION', '10.3.0.26+cuda12.5.1.007'), ('GDRCOPY_VERSION', '2.3.1-1'), ('_', '/usr/bin/colcon'), ('ROS_VERSION', '2'), ('NVIDIA_DRIVER_CAPABILITIES', 'compute,utility,graphics'), ('POLYGRAPHY_VERSION', '0.49.13'), ('CURAND_VERSION', '10.3.7.37'), ('MOFED_VERSION', '5.4-rdmacore39.0'), ('USERNAME', 'admin'), ('TERM', 'xterm'), ('ISAAC_ROS_WS', '/workspaces/isaac_ros-dev'), ('ROS_LOCALHOST_ONLY', '0'), ('TRANSFORMER_ENGINE_VERSION', '1.9'), ('PATH', '/workspaces/isaac_ros-dev/install/isaac_ros_common/bin:/opt/ros/humble/bin:/opt/ros/humble/vcstool/scripts:/opt/tritonserver/bin:/usr/local/mpi/bin:/usr/local/nvidia/bin:/usr/local/cuda/bin:/usr/local/sbin:/usr/local/bin:/usr/sbin:/usr/bin:/sbin:/bin:/usr/local/ucx/bin'), ('HOST_USER_UID', '1000'), ('CUDSS_DIR', '/usr/local/libcudss-linux-0.3.0.9_cuda12-archive'), ('CUDA_DRIVER_VERSION', '560.35.03'), ('_CUDA_COMPAT_STATUS', 'Unknown error (CUDA_ERROR_UNKNOWN) cuInit()=999'), ('DISPLAY', ':1'), ('NVIDIA_PRODUCT_NAME', 'Triton Server'), ('LANG', 'en_US.UTF-8'), ('RMW_IMPLEMENTATION', 'rmw_fastrtps_cpp'), ('NPP_VERSION', '12.3.1.23'), ('ROS_ROOT', '/opt/ros/humble'), ('UCX_MEM_EVENTS', 'no'), ('CUFFT_VERSION', '11.2.6.28'), ('SSH_AUTH_SOCK', '/ssh-agent'), ('TF_ENABLE_WINOGRAD_NONFUSED', '1'), ('AMENT_PREFIX_PATH', '/workspaces/isaac_ros-dev/install/isaac_ros_nitros_tensor_list_type:/workspaces/isaac_ros-dev/install/isaac_ros_nitros:/workspaces/isaac_ros-dev/install/gxf_isaac_gxf_helpers:/workspaces/isaac_ros-dev/install/gxf_isaac_atlas:/workspaces/isaac_ros-dev/install/gxf_isaac_sight:/workspaces/isaac_ros-dev/install/gxf_isaac_optimizer:/workspaces/isaac_ros-dev/install/gxf_isaac_message_compositor:/workspaces/isaac_ros-dev/install/gxf_isaac_gems:/workspaces/isaac_ros-dev/install/isaac_ros_test:/workspaces/isaac_ros-dev/install/isaac_ros_tensor_list_interfaces:/workspaces/isaac_ros-dev/install/isaac_ros_gxf:/workspaces/isaac_ros-dev/install/isaac_ros_launch_utils:/workspaces/isaac_ros-dev/install/isaac_ros_common:/workspaces/isaac_ros-dev/install/isaac_common_py:/opt/ros/humble'), ('CUDNN_VERSION', '9.3.0.75'), ('NSIGHT_COMPUTE_VERSION', '2024.3.0.15'), ('DALI_VERSION', '1.40.0'), ('DEBIAN_FRONTEND', 'noninteractive'), ('SHELL', '/bin/bash'), ('DCGM_VERSION', '3.2.6'), ('CUDNN_FRONTEND_VERSION', '1.5.2'), ('OPENMPI_VERSION', '4.1.7'), ('TRTOSS_VERSION', '24.08'), ('OMPI_MCA_coll_hcoll_enable', '0'), ('CUSPARSE_VERSION', '12.5.2.23'), ('NVIDIA_REQUIRE_JETPACK_HOST_MOUNTS', ''), ('TRITON_SERVER_GPU_ENABLED', '1'), ('TRITON_SERVER_VERSION', '2.49.0'), ('BASH_ENV', '/etc/bash.bashrc'), ('PWD', '/workspaces/isaac_ros-dev/build/isaac_ros_managed_nitros'), ('CUSPARSELT_VERSION', '0.6.2.3'), ('PYTHONPATH', '/workspaces/isaac_ros-dev/build/isaac_ros_test:/workspaces/isaac_ros-dev/install/isaac_ros_test/lib/python3.10/site-packages:/workspaces/isaac_ros-dev/install/isaac_ros_tensor_list_interfaces/local/lib/python3.10/dist-packages:/workspaces/isaac_ros-dev/build/isaac_ros_launch_utils:/workspaces/isaac_ros-dev/install/isaac_ros_launch_utils/lib/python3.10/site-packages:/workspaces/isaac_ros-dev/install/isaac_ros_common/local/lib/python3.10/dist-packages:/workspaces/isaac_ros-dev/build/isaac_common_py:/workspaces/isaac_ros-dev/install/isaac_common_py/lib/python3.10/site-packages:/opt/ros/humble/lib/python3.10/site-packages:/opt/ros/humble/local/lib/python3.10/dist-packages:/opt/ros/humble/vcstool:/opt/tritonserver/backends/dali/wheel/dali'), ('_CUDA_COMPAT_PATH', '/usr/local/cuda/compat'), ('TRITON_SERVER_USER', 'triton-server'), ('TF_ADJUST_HUE_FUSED', '1'), ('NVIDIA_VISIBLE_DEVICES', 'void'), ('NCCL_VERSION', '2.22.3'), ('COLCON', '1'), ('OPENUCX_VERSION', '1.17.0'), ('HPCX_VERSION', '2.19'), ('CMAKE_PREFIX_PATH', '/workspaces/isaac_ros-dev/install/isaac_ros_nitros_tensor_list_type:/workspaces/isaac_ros-dev/install/isaac_ros_nitros:/workspaces/isaac_ros-dev/install/gxf_isaac_gxf_helpers:/workspaces/isaac_ros-dev/install/gxf_isaac_atlas:/workspaces/isaac_ros-dev/install/gxf_isaac_sight:/workspaces/isaac_ros-dev/install/gxf_isaac_optimizer:/workspaces/isaac_ros-dev/install/gxf_isaac_message_compositor:/workspaces/isaac_ros-dev/install/gxf_isaac_gems:/workspaces/isaac_ros-dev/install/isaac_ros_tensor_list_interfaces:/workspaces/isaac_ros-dev/install/isaac_ros_gxf:/workspaces/isaac_ros-dev/install/isaac_ros_common:/usr/local/libcudss-linux-0.3.0.9_cuda12-archive:/workspaces/isaac_ros-dev/install/isaac_ros_test:/workspaces/isaac_ros-dev/install/isaac_ros_launch_utils:/workspaces/isaac_ros-dev/install/isaac_common_py:/opt/ros/humble'), ('TF_AUTOTUNE_THRESHOLD', '2'), ('TRT_LIB_PATH', '/usr/lib/x86_64-linux-gnu')]), 'shell': False}
[41.841216] (isaac_ros_managed_nitros) StdoutLine: {'line': b'-- Install configuration: "Release"\n'}
[41.841759] (isaac_ros_managed_nitros) StdoutLine: {'line': b'-- Execute custom install script\n'}
[41.842418] (isaac_ros_managed_nitros) StdoutLine: {'line': b'-- Symlinking: /workspaces/isaac_ros-dev/install/isaac_ros_managed_nitros/share/isaac_ros_managed_nitros/gxf/include/isaac_ros_managed_nitros/managed_nitros_message_filters_subscriber.hpp\n'}
[41.854386] (isaac_ros_managed_nitros) StdoutLine: {'line': b'-- Symlinking: /workspaces/isaac_ros-dev/install/isaac_ros_managed_nitros/share/isaac_ros_managed_nitros/gxf/include/isaac_ros_managed_nitros/managed_nitros_publisher.hpp\n'}
[41.867478] (isaac_ros_managed_nitros) StdoutLine: {'line': b'-- Symlinking: /workspaces/isaac_ros-dev/install/isaac_ros_managed_nitros/share/isaac_ros_managed_nitros/gxf/include/isaac_ros_managed_nitros/managed_nitros_subscriber.hpp\n'}
[41.867741] (isaac_ros_tensor_rt) StdoutLine: {'line': b'[ 66%] Built target generate_version_info_target_isaac_ros_tensor_rt\n'}
[41.880226] (isaac_ros_managed_nitros) StdoutLine: {'line': b'-- Symlinking: /workspaces/isaac_ros-dev/install/isaac_ros_managed_nitros/share/isaac_ros_managed_nitros/environment/library_path.sh\n'}
[41.888880] (isaac_ros_managed_nitros) StdoutLine: {'line': b'-- Symlinking: /workspaces/isaac_ros-dev/install/isaac_ros_managed_nitros/share/isaac_ros_managed_nitros/environment/library_path.dsv\n'}
[41.899542] (isaac_ros_managed_nitros) StdoutLine: {'line': b'-- Symlinking: /workspaces/isaac_ros-dev/install/isaac_ros_managed_nitros/share/isaac_ros_managed_nitros/version_info.yaml\n'}
[41.910726] (isaac_ros_managed_nitros) StdoutLine: {'line': b'-- Symlinking: /workspaces/isaac_ros-dev/install/isaac_ros_managed_nitros/include/isaac_ros_managed_nitros/managed_nitros_message_filters_subscriber.hpp\n'}
[41.912376] (-) TimerEvent: {}
[41.921301] (isaac_ros_managed_nitros) StdoutLine: {'line': b'-- Symlinking: /workspaces/isaac_ros-dev/install/isaac_ros_managed_nitros/include/isaac_ros_managed_nitros/managed_nitros_publisher.hpp\n'}
[41.933602] (isaac_ros_managed_nitros) StdoutLine: {'line': b'-- Symlinking: /workspaces/isaac_ros-dev/install/isaac_ros_managed_nitros/include/isaac_ros_managed_nitros/managed_nitros_subscriber.hpp\n'}
[41.944623] (isaac_ros_managed_nitros) StdoutLine: {'line': b'-- Symlinking: /workspaces/isaac_ros-dev/install/isaac_ros_managed_nitros/share/ament_index/resource_index/package_run_dependencies/isaac_ros_managed_nitros\n'}
[41.957356] (isaac_ros_managed_nitros) StdoutLine: {'line': b'-- Symlinking: /workspaces/isaac_ros-dev/install/isaac_ros_managed_nitros/share/ament_index/resource_index/parent_prefix_path/isaac_ros_managed_nitros\n'}
[41.967914] (isaac_ros_managed_nitros) StdoutLine: {'line': b'-- Symlinking: /workspaces/isaac_ros-dev/install/isaac_ros_managed_nitros/share/isaac_ros_managed_nitros/environment/ament_prefix_path.sh\n'}
[41.977251] (isaac_ros_managed_nitros) StdoutLine: {'line': b'-- Symlinking: /workspaces/isaac_ros-dev/install/isaac_ros_managed_nitros/share/isaac_ros_managed_nitros/environment/ament_prefix_path.dsv\n'}
[41.986798] (isaac_ros_managed_nitros) StdoutLine: {'line': b'-- Symlinking: /workspaces/isaac_ros-dev/install/isaac_ros_managed_nitros/share/isaac_ros_managed_nitros/environment/path.sh\n'}
[41.996265] (isaac_ros_managed_nitros) StdoutLine: {'line': b'-- Symlinking: /workspaces/isaac_ros-dev/install/isaac_ros_managed_nitros/share/isaac_ros_managed_nitros/environment/path.dsv\n'}
[42.006955] (isaac_ros_managed_nitros) StdoutLine: {'line': b'-- Symlinking: /workspaces/isaac_ros-dev/install/isaac_ros_managed_nitros/share/isaac_ros_managed_nitros/local_setup.bash\n'}
[42.012510] (-) TimerEvent: {}
[42.018343] (isaac_ros_managed_nitros) StdoutLine: {'line': b'-- Symlinking: /workspaces/isaac_ros-dev/install/isaac_ros_managed_nitros/share/isaac_ros_managed_nitros/local_setup.sh\n'}
[42.030444] (isaac_ros_managed_nitros) StdoutLine: {'line': b'-- Symlinking: /workspaces/isaac_ros-dev/install/isaac_ros_managed_nitros/share/isaac_ros_managed_nitros/local_setup.zsh\n'}
[42.042580] (isaac_ros_managed_nitros) StdoutLine: {'line': b'-- Symlinking: /workspaces/isaac_ros-dev/install/isaac_ros_managed_nitros/share/isaac_ros_managed_nitros/local_setup.dsv\n'}
[42.052311] (isaac_ros_managed_nitros) StdoutLine: {'line': b'-- Symlinking: /workspaces/isaac_ros-dev/install/isaac_ros_managed_nitros/share/isaac_ros_managed_nitros/package.dsv\n'}
[42.063442] (isaac_ros_managed_nitros) StdoutLine: {'line': b'-- Symlinking: /workspaces/isaac_ros-dev/install/isaac_ros_managed_nitros/share/ament_index/resource_index/packages/isaac_ros_managed_nitros\n'}
[42.074355] (isaac_ros_managed_nitros) StdoutLine: {'line': b'-- Symlinking: /workspaces/isaac_ros-dev/install/isaac_ros_managed_nitros/share/isaac_ros_managed_nitros/cmake/ament_cmake_export_targets-extras.cmake\n'}
[42.082314] (isaac_ros_managed_nitros) StdoutLine: {'line': b'-- Symlinking: /workspaces/isaac_ros-dev/install/isaac_ros_managed_nitros/share/isaac_ros_managed_nitros/cmake/ament_cmake_export_dependencies-extras.cmake\n'}
[42.091602] (isaac_ros_managed_nitros) StdoutLine: {'line': b'-- Symlinking: /workspaces/isaac_ros-dev/install/isaac_ros_managed_nitros/share/isaac_ros_managed_nitros/cmake/ament_cmake_export_include_directories-extras.cmake\n'}
[42.102556] (isaac_ros_managed_nitros) StdoutLine: {'line': b'-- Symlinking: /workspaces/isaac_ros-dev/install/isaac_ros_managed_nitros/share/isaac_ros_managed_nitros/cmake/isaac_ros_managed_nitrosConfig.cmake\n'}
[42.111722] (isaac_ros_managed_nitros) StdoutLine: {'line': b'-- Symlinking: /workspaces/isaac_ros-dev/install/isaac_ros_managed_nitros/share/isaac_ros_managed_nitros/cmake/isaac_ros_managed_nitrosConfig-version.cmake\n'}
[42.112584] (-) TimerEvent: {}
[42.120916] (isaac_ros_managed_nitros) StdoutLine: {'line': b'-- Symlinking: /workspaces/isaac_ros-dev/install/isaac_ros_managed_nitros/share/isaac_ros_managed_nitros/package.xml\n'}
[42.132766] (isaac_ros_managed_nitros) StdoutLine: {'line': b'-- Installing: /workspaces/isaac_ros-dev/install/isaac_ros_managed_nitros/share/isaac_ros_managed_nitros/cmake/export_isaac_ros_managed_nitrosExport.cmake\n'}
[42.136474] (isaac_ros_managed_nitros) CommandEnded: {'returncode': 0}
[42.148130] (isaac_ros_managed_nitros) JobEnded: {'identifier': 'isaac_ros_managed_nitros', 'rc': 0}
[42.149497] (isaac_ros_tensor_proc) JobStarted: {'identifier': 'isaac_ros_tensor_proc'}
[42.193020] (isaac_ros_tensor_proc) JobProgress: {'identifier': 'isaac_ros_tensor_proc', 'progress': 'cmake'}
[42.193526] (isaac_ros_tensor_proc) Command: {'cmd': ['/usr/bin/cmake', '/workspaces/isaac_ros-dev/src/isaac_ros_dnn_inference/isaac_ros_tensor_proc', '-DBUILD_TESTING=OFF', '-DAMENT_CMAKE_SYMLINK_INSTALL=1', '-DCMAKE_INSTALL_PREFIX=/workspaces/isaac_ros-dev/install/isaac_ros_tensor_proc'], 'cwd': '/workspaces/isaac_ros-dev/build/isaac_ros_tensor_proc', 'env': OrderedDict([('DALI_BUILD', '16741769'), ('LIBRARY_PATH', '/usr/local/cuda/lib64/stubs:'), ('NVIDIA_CTK_LIBCUDA_DIR', '/usr/lib/x86_64-linux-gnu/nvidia/current'), ('PYTHONWARNINGS', 'ignore:::setuptools.command.install,ignore:::setuptools.command.easy_install,ignore:::pkg_resources,ignore:::setuptools.command.develop'), ('USER', 'diego'), ('TRT_INC_PATH', '/usr/include/x86_64-linux-gnu'), ('TF_ADJUST_SATURATION_FUSED', '1'), ('CUSOLVER_VERSION', '11.6.4.38'), ('HOSTNAME', 'debian'), ('CUTENSOR_VERSION', '2.0.2.5'), ('SHLVL', '1'), ('LD_LIBRARY_PATH', '/workspaces/isaac_ros-dev/install/isaac_ros_managed_nitros/lib:/workspaces/isaac_ros-dev/install/isaac_ros_nitros_tensor_list_type/lib:/workspaces/isaac_ros-dev/install/isaac_ros_nitros_image_type/lib:/workspaces/isaac_ros-dev/install/isaac_ros_nitros/lib:/workspaces/isaac_ros-dev/install/gxf_isaac_gxf_helpers/lib:/workspaces/isaac_ros-dev/install/gxf_isaac_atlas/lib:/workspaces/isaac_ros-dev/install/gxf_isaac_sight/lib:/workspaces/isaac_ros-dev/install/gxf_isaac_optimizer/lib:/workspaces/isaac_ros-dev/install/gxf_isaac_message_compositor/lib:/workspaces/isaac_ros-dev/install/gxf_isaac_gems/lib:/workspaces/isaac_ros-dev/install/isaac_ros_tensor_list_interfaces/lib:/workspaces/isaac_ros-dev/install/isaac_ros_gxf/lib:/workspaces/isaac_ros-dev/install/isaac_ros_common/lib:/opt/ros/humble/opt/openvdb_vendor/lib:/opt/ros/humble/opt/rviz_ogre_vendor/lib:/opt/ros/humble/lib/x86_64-linux-gnu:/opt/ros/humble/lib:/usr/local/libcudss-linux-0.3.0.9_cuda12-archive/lib:/opt/hpcx/ucc/lib/:/opt/hpcx/ucx/lib/:/usr/local/cuda/compat/lib:/usr/local/nvidia/lib:/usr/local/nvidia/lib64:/opt/tritonserver/lib'), ('HOME', '/home/admin'), ('NVIDIA_TRITON_SERVER_VERSION', '24.08'), ('OLDPWD', '/workspaces/isaac_ros-dev'), ('HOST_USER_GID', '1000'), ('CUDA_CACHE_DISABLE', '1'), ('ROS_PYTHON_VERSION', '3'), ('MODEL_OPT_VERSION', '0.15.0'), ('ENV', '/etc/shinit_v2'), ('RDMACORE_VERSION', '39.0'), ('NVJPEG_VERSION', '12.3.3.23'), ('NVIDIA_BUILD_ID', '107631419'), ('CUDA_VERSION', '12.6.0.022'), ('TCMALLOC_RELEASE_RATE', '200'), ('CUBLAS_VERSION', '12.6.0.22'), ('NSIGHT_SYSTEMS_VERSION', '2024.4.2.133'), ('COLCON_PREFIX_PATH', '/workspaces/isaac_ros-dev/install'), ('CUDA_VISIBLE_DEVICES', '0'), ('ROS_DISTRO', 'humble'), ('OPAL_PREFIX', '/opt/hpcx/ompi'), ('NVIDIA_REQUIRE_CUDA', 'cuda>=9.0'), ('TRT_VERSION', '10.3.0.26+cuda12.5.1.007'), ('GDRCOPY_VERSION', '2.3.1-1'), ('_', '/usr/bin/colcon'), ('ROS_VERSION', '2'), ('NVIDIA_DRIVER_CAPABILITIES', 'compute,utility,graphics'), ('POLYGRAPHY_VERSION', '0.49.13'), ('CURAND_VERSION', '10.3.7.37'), ('MOFED_VERSION', '5.4-rdmacore39.0'), ('USERNAME', 'admin'), ('TERM', 'xterm'), ('ISAAC_ROS_WS', '/workspaces/isaac_ros-dev'), ('ROS_LOCALHOST_ONLY', '0'), ('TRANSFORMER_ENGINE_VERSION', '1.9'), ('PATH', '/workspaces/isaac_ros-dev/install/isaac_ros_common/bin:/opt/ros/humble/bin:/opt/ros/humble/vcstool/scripts:/opt/tritonserver/bin:/usr/local/mpi/bin:/usr/local/nvidia/bin:/usr/local/cuda/bin:/usr/local/sbin:/usr/local/bin:/usr/sbin:/usr/bin:/sbin:/bin:/usr/local/ucx/bin'), ('HOST_USER_UID', '1000'), ('CUDSS_DIR', '/usr/local/libcudss-linux-0.3.0.9_cuda12-archive'), ('CUDA_DRIVER_VERSION', '560.35.03'), ('_CUDA_COMPAT_STATUS', 'Unknown error (CUDA_ERROR_UNKNOWN) cuInit()=999'), ('DISPLAY', ':1'), ('NVIDIA_PRODUCT_NAME', 'Triton Server'), ('LANG', 'en_US.UTF-8'), ('RMW_IMPLEMENTATION', 'rmw_fastrtps_cpp'), ('NPP_VERSION', '12.3.1.23'), ('ROS_ROOT', '/opt/ros/humble'), ('UCX_MEM_EVENTS', 'no'), ('CUFFT_VERSION', '11.2.6.28'), ('SSH_AUTH_SOCK', '/ssh-agent'), ('TF_ENABLE_WINOGRAD_NONFUSED', '1'), ('AMENT_PREFIX_PATH', '/workspaces/isaac_ros-dev/install/isaac_ros_managed_nitros:/workspaces/isaac_ros-dev/install/isaac_ros_nitros_tensor_list_type:/workspaces/isaac_ros-dev/install/isaac_ros_nitros_image_type:/workspaces/isaac_ros-dev/install/isaac_ros_nitros:/workspaces/isaac_ros-dev/install/gxf_isaac_gxf_helpers:/workspaces/isaac_ros-dev/install/gxf_isaac_atlas:/workspaces/isaac_ros-dev/install/gxf_isaac_sight:/workspaces/isaac_ros-dev/install/gxf_isaac_optimizer:/workspaces/isaac_ros-dev/install/gxf_isaac_message_compositor:/workspaces/isaac_ros-dev/install/gxf_isaac_gems:/workspaces/isaac_ros-dev/install/isaac_ros_test:/workspaces/isaac_ros-dev/install/isaac_ros_tensor_list_interfaces:/workspaces/isaac_ros-dev/install/isaac_ros_gxf:/workspaces/isaac_ros-dev/install/isaac_ros_launch_utils:/workspaces/isaac_ros-dev/install/isaac_ros_common:/workspaces/isaac_ros-dev/install/isaac_common_py:/opt/ros/humble'), ('CUDNN_VERSION', '9.3.0.75'), ('NSIGHT_COMPUTE_VERSION', '2024.3.0.15'), ('DALI_VERSION', '1.40.0'), ('DEBIAN_FRONTEND', 'noninteractive'), ('SHELL', '/bin/bash'), ('DCGM_VERSION', '3.2.6'), ('CUDNN_FRONTEND_VERSION', '1.5.2'), ('OPENMPI_VERSION', '4.1.7'), ('TRTOSS_VERSION', '24.08'), ('OMPI_MCA_coll_hcoll_enable', '0'), ('CUSPARSE_VERSION', '12.5.2.23'), ('NVIDIA_REQUIRE_JETPACK_HOST_MOUNTS', ''), ('TRITON_SERVER_GPU_ENABLED', '1'), ('TRITON_SERVER_VERSION', '2.49.0'), ('BASH_ENV', '/etc/bash.bashrc'), ('PWD', '/workspaces/isaac_ros-dev/build/isaac_ros_tensor_proc'), ('CUSPARSELT_VERSION', '0.6.2.3'), ('PYTHONPATH', '/workspaces/isaac_ros-dev/build/isaac_ros_test:/workspaces/isaac_ros-dev/install/isaac_ros_test/lib/python3.10/site-packages:/workspaces/isaac_ros-dev/install/isaac_ros_tensor_list_interfaces/local/lib/python3.10/dist-packages:/workspaces/isaac_ros-dev/build/isaac_ros_launch_utils:/workspaces/isaac_ros-dev/install/isaac_ros_launch_utils/lib/python3.10/site-packages:/workspaces/isaac_ros-dev/install/isaac_ros_common/local/lib/python3.10/dist-packages:/workspaces/isaac_ros-dev/build/isaac_common_py:/workspaces/isaac_ros-dev/install/isaac_common_py/lib/python3.10/site-packages:/opt/ros/humble/lib/python3.10/site-packages:/opt/ros/humble/local/lib/python3.10/dist-packages:/opt/ros/humble/vcstool:/opt/tritonserver/backends/dali/wheel/dali'), ('_CUDA_COMPAT_PATH', '/usr/local/cuda/compat'), ('TRITON_SERVER_USER', 'triton-server'), ('TF_ADJUST_HUE_FUSED', '1'), ('NVIDIA_VISIBLE_DEVICES', 'void'), ('NCCL_VERSION', '2.22.3'), ('COLCON', '1'), ('OPENUCX_VERSION', '1.17.0'), ('HPCX_VERSION', '2.19'), ('CMAKE_PREFIX_PATH', '/workspaces/isaac_ros-dev/install/isaac_ros_managed_nitros:/workspaces/isaac_ros-dev/install/isaac_ros_nitros_tensor_list_type:/workspaces/isaac_ros-dev/install/isaac_ros_nitros_image_type:/workspaces/isaac_ros-dev/install/isaac_ros_nitros:/workspaces/isaac_ros-dev/install/gxf_isaac_gxf_helpers:/workspaces/isaac_ros-dev/install/gxf_isaac_atlas:/workspaces/isaac_ros-dev/install/gxf_isaac_sight:/workspaces/isaac_ros-dev/install/gxf_isaac_optimizer:/workspaces/isaac_ros-dev/install/gxf_isaac_message_compositor:/workspaces/isaac_ros-dev/install/gxf_isaac_gems:/workspaces/isaac_ros-dev/install/isaac_ros_tensor_list_interfaces:/workspaces/isaac_ros-dev/install/isaac_ros_gxf:/workspaces/isaac_ros-dev/install/isaac_ros_common:/usr/local/libcudss-linux-0.3.0.9_cuda12-archive:/workspaces/isaac_ros-dev/install/isaac_ros_test:/workspaces/isaac_ros-dev/install/isaac_ros_launch_utils:/workspaces/isaac_ros-dev/install/isaac_common_py:/opt/ros/humble'), ('TF_AUTOTUNE_THRESHOLD', '2'), ('TRT_LIB_PATH', '/usr/lib/x86_64-linux-gnu')]), 'shell': False}
[42.212785] (-) TimerEvent: {}
[42.243366] (isaac_ros_tensor_proc) StdoutLine: {'line': b'-- The C compiler identification is GNU 11.4.0\n'}
[42.293175] (isaac_ros_tensor_proc) StdoutLine: {'line': b'-- The CXX compiler identification is GNU 11.4.0\n'}
[42.312898] (-) TimerEvent: {}
[42.413274] (-) TimerEvent: {}
[42.513518] (-) TimerEvent: {}
[42.613829] (-) TimerEvent: {}
[42.714158] (-) TimerEvent: {}
[42.814766] (-) TimerEvent: {}
[42.915217] (-) TimerEvent: {}
[43.015524] (-) TimerEvent: {}
[43.079921] (isaac_ros_tensor_proc) StdoutLine: {'line': b'-- The CUDA compiler identification is NVIDIA 12.6.20\n'}
[43.085016] (isaac_ros_tensor_proc) StdoutLine: {'line': b'-- Detecting C compiler ABI info\n'}
[43.115621] (-) TimerEvent: {}
[43.152447] (isaac_ros_tensor_proc) StdoutLine: {'line': b'-- Detecting C compiler ABI info - done\n'}
[43.160128] (isaac_ros_tensor_proc) StdoutLine: {'line': b'-- Check for working C compiler: /usr/bin/cc - skipped\n'}
[43.160594] (isaac_ros_tensor_proc) StdoutLine: {'line': b'-- Detecting C compile features\n'}
[43.160929] (isaac_ros_tensor_proc) StdoutLine: {'line': b'-- Detecting C compile features - done\n'}
[43.163411] (isaac_ros_tensor_proc) StdoutLine: {'line': b'-- Detecting CXX compiler ABI info\n'}
[43.215724] (-) TimerEvent: {}
[43.242486] (isaac_ros_tensor_proc) StdoutLine: {'line': b'-- Detecting CXX compiler ABI info - done\n'}
[43.248235] (isaac_ros_tensor_proc) StdoutLine: {'line': b'-- Check for working CXX compiler: /usr/bin/c++ - skipped\n'}
[43.248516] (isaac_ros_tensor_proc) StdoutLine: {'line': b'-- Detecting CXX compile features\n'}
[43.248808] (isaac_ros_tensor_proc) StdoutLine: {'line': b'-- Detecting CXX compile features - done\n'}
[43.251443] (isaac_ros_tensor_proc) StdoutLine: {'line': b'-- Detecting CUDA compiler ABI info\n'}
[43.315820] (-) TimerEvent: {}
[43.416115] (-) TimerEvent: {}
[43.516504] (-) TimerEvent: {}
[43.616862] (-) TimerEvent: {}
[43.717166] (-) TimerEvent: {}
[43.817465] (-) TimerEvent: {}
[43.917762] (-) TimerEvent: {}
[43.954599] (isaac_ros_tensor_proc) StdoutLine: {'line': b'-- Detecting CUDA compiler ABI info - done\n'}
[43.986110] (isaac_ros_tensor_proc) StdoutLine: {'line': b'-- Check for working CUDA compiler: /usr/local/cuda/bin/nvcc - skipped\n'}
[43.986475] (isaac_ros_tensor_proc) StdoutLine: {'line': b'-- Detecting CUDA compile features\n'}
[43.986905] (isaac_ros_tensor_proc) StdoutLine: {'line': b'-- Detecting CUDA compile features - done\n'}
[43.993776] (isaac_ros_tensor_proc) StdoutLine: {'line': b'-- Found ament_cmake_auto: 1.3.12 (/opt/ros/humble/share/ament_cmake_auto/cmake)\n'}
[44.017856] (-) TimerEvent: {}
[44.118120] (-) TimerEvent: {}
[44.218458] (-) TimerEvent: {}
[44.318748] (-) TimerEvent: {}
[44.419003] (-) TimerEvent: {}
[44.519288] (-) TimerEvent: {}
[44.555094] (isaac_ros_tensor_proc) StdoutLine: {'line': b'-- Found Python3: /usr/bin/python3 (found version "3.10.12") found components: Interpreter \n'}
[44.607939] (isaac_ros_tensor_proc) StdoutLine: {'line': b'-- Override CMake install command with custom implementation using symlinks instead of copying resources\n'}
[44.619391] (-) TimerEvent: {}
[44.719695] (-) TimerEvent: {}
[44.727978] (isaac_ros_tensor_proc) StdoutLine: {'line': b'-- Loading isaac_ros_common extras\n'}
[44.728161] (isaac_ros_tensor_proc) StdoutLine: {'line': b'-- CMAKE_BUILD_TYPE: Release\n'}
[44.745951] (isaac_ros_tensor_proc) StdoutLine: {'line': b'-- Looking for pthread.h\n'}
[44.810089] (isaac_ros_tensor_proc) StdoutLine: {'line': b'-- Looking for pthread.h - found\n'}
[44.810316] (isaac_ros_tensor_proc) StdoutLine: {'line': b'-- Performing Test CMAKE_HAVE_LIBC_PTHREAD\n'}
[44.819812] (-) TimerEvent: {}
[44.873672] (isaac_ros_tensor_proc) StdoutLine: {'line': b'-- Performing Test CMAKE_HAVE_LIBC_PTHREAD - Success\n'}
[44.874690] (isaac_ros_tensor_proc) StdoutLine: {'line': b'-- Found Threads: TRUE  \n'}
[44.894400] (isaac_ros_tensor_proc) StdoutLine: {'line': b'-- Found CUDA: /usr/local/cuda (found version "12.6") \n'}
[44.894870] (isaac_ros_tensor_proc) StdoutLine: {'line': b'-- CUDA architectures: 52\n'}
[44.895032] (isaac_ros_tensor_proc) StdoutLine: {'line': b'-- Loading isaac_ros_common extras (modules)\n'}
[44.919917] (-) TimerEvent: {}
[44.957217] (isaac_ros_tensor_proc) StdoutLine: {'line': b'-- Found rosidl_generator_c: 3.1.7 (/opt/ros/humble/share/rosidl_generator_c/cmake)\n'}
[44.965050] (isaac_ros_tensor_proc) StdoutLine: {'line': b'-- Found rosidl_adapter: 3.1.7 (/opt/ros/humble/share/rosidl_adapter/cmake)\n'}
[44.976912] (isaac_ros_tensor_proc) StdoutLine: {'line': b'-- Found rosidl_generator_cpp: 3.1.7 (/opt/ros/humble/share/rosidl_generator_cpp/cmake)\n'}
[44.992529] (isaac_ros_tensor_proc) StdoutLine: {'line': b'-- Using all available rosidl_typesupport_c: rosidl_typesupport_fastrtps_c;rosidl_typesupport_introspection_c\n'}
[45.012679] (isaac_ros_tensor_proc) StdoutLine: {'line': b'-- Using all available rosidl_typesupport_cpp: rosidl_typesupport_fastrtps_cpp;rosidl_typesupport_introspection_cpp\n'}
[45.020022] (-) TimerEvent: {}
[45.033240] (gxf_isaac_centerpose) StdoutLine: {'line': b'[ 88%] Built target generate_version_info_target_gxf_isaac_centerpose\n'}
[45.065663] (isaac_ros_tensor_proc) StdoutLine: {'line': b'-- Found rmw_implementation_cmake: 6.1.2 (/opt/ros/humble/share/rmw_implementation_cmake/cmake)\n'}
[45.069673] (isaac_ros_tensor_proc) StdoutLine: {'line': b'-- Found rmw_fastrtps_cpp: 6.2.9 (/opt/ros/humble/share/rmw_fastrtps_cpp/cmake)\n'}
[45.120122] (-) TimerEvent: {}
[45.149850] (isaac_ros_tensor_rt) StderrLine: {'line': b'\x1b[01m\x1b[K/workspaces/isaac_ros-dev/src/isaac_ros_dnn_inference/isaac_ros_tensor_rt/src/tensor_rt_node.cpp:\x1b[m\x1b[K In function \xe2\x80\x98\x1b[01m\x1b[Kbool nvidia::isaac_ros::dnn_inference::{anonymous}::readTensorShapesFromOnnx(const string&, size_t, std::vector<nvinfer1::Dims64>&, std::vector<nvinfer1::DataType>&)\x1b[m\x1b[K\xe2\x80\x99:\n'}
[45.150154] (isaac_ros_tensor_rt) StderrLine: {'line': b'\x1b[01m\x1b[K/workspaces/isaac_ros-dev/src/isaac_ros_dnn_inference/isaac_ros_tensor_rt/src/tensor_rt_node.cpp:162:76:\x1b[m\x1b[K \x1b[01;35m\x1b[Kwarning: \x1b[m\x1b[K\xe2\x80\x98\x1b[01m\x1b[Knvinfer1::NetworkDefinitionCreationFlag::kEXPLICIT_BATCH\x1b[m\x1b[K\xe2\x80\x99 is deprecated [\x1b[01;35m\x1b[K-Wdeprecated-declarations\x1b[m\x1b[K]\n'}
[45.150296] (isaac_ros_tensor_rt) StderrLine: {'line': b'  162 |       1U << static_cast<uint32_t>(nvinfer1::NetworkDefinitionCreationFlag::\x1b[01;35m\x1b[KkEXPLICIT_BATCH\x1b[m\x1b[K)));\n'}
[45.150406] (isaac_ros_tensor_rt) StderrLine: {'line': b'      |                                                                            \x1b[01;35m\x1b[K^~~~~~~~~~~~~~~\x1b[m\x1b[K\n'}
[45.150503] (isaac_ros_tensor_rt) StderrLine: {'line': b'In file included from \x1b[01m\x1b[K/usr/include/x86_64-linux-gnu/NvInferPlugin.h:21\x1b[m\x1b[K,\n'}
[45.150596] (isaac_ros_tensor_rt) StderrLine: {'line': b'                 from \x1b[01m\x1b[K/workspaces/isaac_ros-dev/src/isaac_ros_dnn_inference/isaac_ros_tensor_rt/include/isaac_ros_tensor_rt/tensor_rt_node.hpp:26\x1b[m\x1b[K,\n'}
[45.150686] (isaac_ros_tensor_rt) StderrLine: {'line': b'                 from \x1b[01m\x1b[K/workspaces/isaac_ros-dev/src/isaac_ros_dnn_inference/isaac_ros_tensor_rt/src/tensor_rt_node.cpp:18\x1b[m\x1b[K:\n'}
[45.150780] (isaac_ros_tensor_rt) StderrLine: {'line': b'\x1b[01m\x1b[K/usr/include/x86_64-linux-gnu/NvInfer.h:9614:5:\x1b[m\x1b[K \x1b[01;36m\x1b[Knote: \x1b[m\x1b[Kdeclared here\n'}
[45.150874] (isaac_ros_tensor_rt) StderrLine: {'line': b' 9614 |     \x1b[01;36m\x1b[KkEXPLICIT_BATCH\x1b[m\x1b[K TRT_DEPRECATED_ENUM = 0,\n'}
[45.150956] (isaac_ros_tensor_rt) StderrLine: {'line': b'      |     \x1b[01;36m\x1b[K^~~~~~~~~~~~~~~\x1b[m\x1b[K\n'}
[45.151037] (isaac_ros_tensor_rt) StderrLine: {'line': b'\x1b[01m\x1b[K/workspaces/isaac_ros-dev/src/isaac_ros_dnn_inference/isaac_ros_tensor_rt/src/tensor_rt_node.cpp:162:76:\x1b[m\x1b[K \x1b[01;35m\x1b[Kwarning: \x1b[m\x1b[K\xe2\x80\x98\x1b[01m\x1b[Knvinfer1::NetworkDefinitionCreationFlag::kEXPLICIT_BATCH\x1b[m\x1b[K\xe2\x80\x99 is deprecated [\x1b[01;35m\x1b[K-Wdeprecated-declarations\x1b[m\x1b[K]\n'}
[45.151123] (isaac_ros_tensor_rt) StderrLine: {'line': b'  162 |       1U << static_cast<uint32_t>(nvinfer1::NetworkDefinitionCreationFlag::\x1b[01;35m\x1b[KkEXPLICIT_BATCH\x1b[m\x1b[K)));\n'}
[45.151202] (isaac_ros_tensor_rt) StderrLine: {'line': b'      |                                                                            \x1b[01;35m\x1b[K^~~~~~~~~~~~~~~\x1b[m\x1b[K\n'}
[45.151288] (isaac_ros_tensor_rt) StderrLine: {'line': b'In file included from \x1b[01m\x1b[K/usr/include/x86_64-linux-gnu/NvInferPlugin.h:21\x1b[m\x1b[K,\n'}
[45.151365] (isaac_ros_tensor_rt) StderrLine: {'line': b'                 from \x1b[01m\x1b[K/workspaces/isaac_ros-dev/src/isaac_ros_dnn_inference/isaac_ros_tensor_rt/include/isaac_ros_tensor_rt/tensor_rt_node.hpp:26\x1b[m\x1b[K,\n'}
[45.151441] (isaac_ros_tensor_rt) StderrLine: {'line': b'                 from \x1b[01m\x1b[K/workspaces/isaac_ros-dev/src/isaac_ros_dnn_inference/isaac_ros_tensor_rt/src/tensor_rt_node.cpp:18\x1b[m\x1b[K:\n'}
[45.151519] (isaac_ros_tensor_rt) StderrLine: {'line': b'\x1b[01m\x1b[K/usr/include/x86_64-linux-gnu/NvInfer.h:9614:5:\x1b[m\x1b[K \x1b[01;36m\x1b[Knote: \x1b[m\x1b[Kdeclared here\n'}
[45.151595] (isaac_ros_tensor_rt) StderrLine: {'line': b' 9614 |     \x1b[01;36m\x1b[KkEXPLICIT_BATCH\x1b[m\x1b[K TRT_DEPRECATED_ENUM = 0,\n'}
[45.151670] (isaac_ros_tensor_rt) StderrLine: {'line': b'      |     \x1b[01;36m\x1b[K^~~~~~~~~~~~~~~\x1b[m\x1b[K\n'}
[45.170754] (isaac_ros_tensor_proc) StdoutLine: {'line': b'-- Found OpenSSL: /usr/lib/x86_64-linux-gnu/libcrypto.so (found version "3.0.2")  \n'}
[45.200256] (isaac_ros_tensor_proc) StdoutLine: {'line': b'-- Found FastRTPS: /opt/ros/humble/include  \n'}
[45.220242] (-) TimerEvent: {}
[45.248672] (isaac_ros_tensor_proc) StdoutLine: {'line': b"-- Using RMW implementation 'rmw_fastrtps_cpp' as default\n"}
[45.307938] (isaac_ros_tensor_proc) StdoutLine: {'line': b'-- Loading isaac_ros_gxf extras\n'}
[45.320344] (-) TimerEvent: {}
[45.420658] (-) TimerEvent: {}
[45.521006] (-) TimerEvent: {}
[45.621371] (-) TimerEvent: {}
[45.674307] (isaac_ros_tensor_proc) StderrLine: {'line': b'\x1b[0mIn this package, headers install destination is set to `include` by ament_auto_package. It is recommended to install `include/isaac_ros_tensor_proc` instead and will be the default behavior of ament_auto_package from ROS 2 Kilted Kaiju. On distributions before Kilted, ament_auto_package behaves the same way when you use USE_SCOPED_HEADER_INSTALL_DIR option.\x1b[0m\n'}
[45.679195] (isaac_ros_tensor_proc) StdoutLine: {'line': b'-- Configuring done\n'}
[45.721513] (-) TimerEvent: {}
[45.798229] (isaac_ros_tensor_proc) StdoutLine: {'line': b'-- Generating done\n'}
[45.811894] (isaac_ros_tensor_proc) StdoutLine: {'line': b'-- Build files have been written to: /workspaces/isaac_ros-dev/build/isaac_ros_tensor_proc\n'}
[45.821073] (isaac_ros_tensor_proc) CommandEnded: {'returncode': 0}
[45.821837] (-) TimerEvent: {}
[45.821978] (isaac_ros_tensor_proc) JobProgress: {'identifier': 'isaac_ros_tensor_proc', 'progress': 'build'}
[45.822267] (isaac_ros_tensor_proc) Command: {'cmd': ['/usr/bin/cmake', '--build', '/workspaces/isaac_ros-dev/build/isaac_ros_tensor_proc', '--', '-j16', '-l16'], 'cwd': '/workspaces/isaac_ros-dev/build/isaac_ros_tensor_proc', 'env': OrderedDict([('DALI_BUILD', '16741769'), ('LIBRARY_PATH', '/usr/local/cuda/lib64/stubs:'), ('NVIDIA_CTK_LIBCUDA_DIR', '/usr/lib/x86_64-linux-gnu/nvidia/current'), ('PYTHONWARNINGS', 'ignore:::setuptools.command.install,ignore:::setuptools.command.easy_install,ignore:::pkg_resources,ignore:::setuptools.command.develop'), ('USER', 'diego'), ('TRT_INC_PATH', '/usr/include/x86_64-linux-gnu'), ('TF_ADJUST_SATURATION_FUSED', '1'), ('CUSOLVER_VERSION', '11.6.4.38'), ('HOSTNAME', 'debian'), ('CUTENSOR_VERSION', '2.0.2.5'), ('SHLVL', '1'), ('LD_LIBRARY_PATH', '/workspaces/isaac_ros-dev/install/isaac_ros_managed_nitros/lib:/workspaces/isaac_ros-dev/install/isaac_ros_nitros_tensor_list_type/lib:/workspaces/isaac_ros-dev/install/isaac_ros_nitros_image_type/lib:/workspaces/isaac_ros-dev/install/isaac_ros_nitros/lib:/workspaces/isaac_ros-dev/install/gxf_isaac_gxf_helpers/lib:/workspaces/isaac_ros-dev/install/gxf_isaac_atlas/lib:/workspaces/isaac_ros-dev/install/gxf_isaac_sight/lib:/workspaces/isaac_ros-dev/install/gxf_isaac_optimizer/lib:/workspaces/isaac_ros-dev/install/gxf_isaac_message_compositor/lib:/workspaces/isaac_ros-dev/install/gxf_isaac_gems/lib:/workspaces/isaac_ros-dev/install/isaac_ros_tensor_list_interfaces/lib:/workspaces/isaac_ros-dev/install/isaac_ros_gxf/lib:/workspaces/isaac_ros-dev/install/isaac_ros_common/lib:/opt/ros/humble/opt/openvdb_vendor/lib:/opt/ros/humble/opt/rviz_ogre_vendor/lib:/opt/ros/humble/lib/x86_64-linux-gnu:/opt/ros/humble/lib:/usr/local/libcudss-linux-0.3.0.9_cuda12-archive/lib:/opt/hpcx/ucc/lib/:/opt/hpcx/ucx/lib/:/usr/local/cuda/compat/lib:/usr/local/nvidia/lib:/usr/local/nvidia/lib64:/opt/tritonserver/lib'), ('HOME', '/home/admin'), ('NVIDIA_TRITON_SERVER_VERSION', '24.08'), ('OLDPWD', '/workspaces/isaac_ros-dev'), ('HOST_USER_GID', '1000'), ('CUDA_CACHE_DISABLE', '1'), ('ROS_PYTHON_VERSION', '3'), ('MODEL_OPT_VERSION', '0.15.0'), ('ENV', '/etc/shinit_v2'), ('RDMACORE_VERSION', '39.0'), ('NVJPEG_VERSION', '12.3.3.23'), ('NVIDIA_BUILD_ID', '107631419'), ('CUDA_VERSION', '12.6.0.022'), ('TCMALLOC_RELEASE_RATE', '200'), ('CUBLAS_VERSION', '12.6.0.22'), ('NSIGHT_SYSTEMS_VERSION', '2024.4.2.133'), ('COLCON_PREFIX_PATH', '/workspaces/isaac_ros-dev/install'), ('CUDA_VISIBLE_DEVICES', '0'), ('ROS_DISTRO', 'humble'), ('OPAL_PREFIX', '/opt/hpcx/ompi'), ('NVIDIA_REQUIRE_CUDA', 'cuda>=9.0'), ('TRT_VERSION', '10.3.0.26+cuda12.5.1.007'), ('GDRCOPY_VERSION', '2.3.1-1'), ('_', '/usr/bin/colcon'), ('ROS_VERSION', '2'), ('NVIDIA_DRIVER_CAPABILITIES', 'compute,utility,graphics'), ('POLYGRAPHY_VERSION', '0.49.13'), ('CURAND_VERSION', '10.3.7.37'), ('MOFED_VERSION', '5.4-rdmacore39.0'), ('USERNAME', 'admin'), ('TERM', 'xterm'), ('ISAAC_ROS_WS', '/workspaces/isaac_ros-dev'), ('ROS_LOCALHOST_ONLY', '0'), ('TRANSFORMER_ENGINE_VERSION', '1.9'), ('PATH', '/workspaces/isaac_ros-dev/install/isaac_ros_common/bin:/opt/ros/humble/bin:/opt/ros/humble/vcstool/scripts:/opt/tritonserver/bin:/usr/local/mpi/bin:/usr/local/nvidia/bin:/usr/local/cuda/bin:/usr/local/sbin:/usr/local/bin:/usr/sbin:/usr/bin:/sbin:/bin:/usr/local/ucx/bin'), ('HOST_USER_UID', '1000'), ('CUDSS_DIR', '/usr/local/libcudss-linux-0.3.0.9_cuda12-archive'), ('CUDA_DRIVER_VERSION', '560.35.03'), ('_CUDA_COMPAT_STATUS', 'Unknown error (CUDA_ERROR_UNKNOWN) cuInit()=999'), ('DISPLAY', ':1'), ('NVIDIA_PRODUCT_NAME', 'Triton Server'), ('LANG', 'en_US.UTF-8'), ('RMW_IMPLEMENTATION', 'rmw_fastrtps_cpp'), ('NPP_VERSION', '12.3.1.23'), ('ROS_ROOT', '/opt/ros/humble'), ('UCX_MEM_EVENTS', 'no'), ('CUFFT_VERSION', '11.2.6.28'), ('SSH_AUTH_SOCK', '/ssh-agent'), ('TF_ENABLE_WINOGRAD_NONFUSED', '1'), ('AMENT_PREFIX_PATH', '/workspaces/isaac_ros-dev/install/isaac_ros_managed_nitros:/workspaces/isaac_ros-dev/install/isaac_ros_nitros_tensor_list_type:/workspaces/isaac_ros-dev/install/isaac_ros_nitros_image_type:/workspaces/isaac_ros-dev/install/isaac_ros_nitros:/workspaces/isaac_ros-dev/install/gxf_isaac_gxf_helpers:/workspaces/isaac_ros-dev/install/gxf_isaac_atlas:/workspaces/isaac_ros-dev/install/gxf_isaac_sight:/workspaces/isaac_ros-dev/install/gxf_isaac_optimizer:/workspaces/isaac_ros-dev/install/gxf_isaac_message_compositor:/workspaces/isaac_ros-dev/install/gxf_isaac_gems:/workspaces/isaac_ros-dev/install/isaac_ros_test:/workspaces/isaac_ros-dev/install/isaac_ros_tensor_list_interfaces:/workspaces/isaac_ros-dev/install/isaac_ros_gxf:/workspaces/isaac_ros-dev/install/isaac_ros_launch_utils:/workspaces/isaac_ros-dev/install/isaac_ros_common:/workspaces/isaac_ros-dev/install/isaac_common_py:/opt/ros/humble'), ('CUDNN_VERSION', '9.3.0.75'), ('NSIGHT_COMPUTE_VERSION', '2024.3.0.15'), ('DALI_VERSION', '1.40.0'), ('DEBIAN_FRONTEND', 'noninteractive'), ('SHELL', '/bin/bash'), ('DCGM_VERSION', '3.2.6'), ('CUDNN_FRONTEND_VERSION', '1.5.2'), ('OPENMPI_VERSION', '4.1.7'), ('TRTOSS_VERSION', '24.08'), ('OMPI_MCA_coll_hcoll_enable', '0'), ('CUSPARSE_VERSION', '12.5.2.23'), ('NVIDIA_REQUIRE_JETPACK_HOST_MOUNTS', ''), ('TRITON_SERVER_GPU_ENABLED', '1'), ('TRITON_SERVER_VERSION', '2.49.0'), ('BASH_ENV', '/etc/bash.bashrc'), ('PWD', '/workspaces/isaac_ros-dev/build/isaac_ros_tensor_proc'), ('CUSPARSELT_VERSION', '0.6.2.3'), ('PYTHONPATH', '/workspaces/isaac_ros-dev/build/isaac_ros_test:/workspaces/isaac_ros-dev/install/isaac_ros_test/lib/python3.10/site-packages:/workspaces/isaac_ros-dev/install/isaac_ros_tensor_list_interfaces/local/lib/python3.10/dist-packages:/workspaces/isaac_ros-dev/build/isaac_ros_launch_utils:/workspaces/isaac_ros-dev/install/isaac_ros_launch_utils/lib/python3.10/site-packages:/workspaces/isaac_ros-dev/install/isaac_ros_common/local/lib/python3.10/dist-packages:/workspaces/isaac_ros-dev/build/isaac_common_py:/workspaces/isaac_ros-dev/install/isaac_common_py/lib/python3.10/site-packages:/opt/ros/humble/lib/python3.10/site-packages:/opt/ros/humble/local/lib/python3.10/dist-packages:/opt/ros/humble/vcstool:/opt/tritonserver/backends/dali/wheel/dali'), ('_CUDA_COMPAT_PATH', '/usr/local/cuda/compat'), ('TRITON_SERVER_USER', 'triton-server'), ('TF_ADJUST_HUE_FUSED', '1'), ('NVIDIA_VISIBLE_DEVICES', 'void'), ('NCCL_VERSION', '2.22.3'), ('COLCON', '1'), ('OPENUCX_VERSION', '1.17.0'), ('HPCX_VERSION', '2.19'), ('CMAKE_PREFIX_PATH', '/workspaces/isaac_ros-dev/install/isaac_ros_managed_nitros:/workspaces/isaac_ros-dev/install/isaac_ros_nitros_tensor_list_type:/workspaces/isaac_ros-dev/install/isaac_ros_nitros_image_type:/workspaces/isaac_ros-dev/install/isaac_ros_nitros:/workspaces/isaac_ros-dev/install/gxf_isaac_gxf_helpers:/workspaces/isaac_ros-dev/install/gxf_isaac_atlas:/workspaces/isaac_ros-dev/install/gxf_isaac_sight:/workspaces/isaac_ros-dev/install/gxf_isaac_optimizer:/workspaces/isaac_ros-dev/install/gxf_isaac_message_compositor:/workspaces/isaac_ros-dev/install/gxf_isaac_gems:/workspaces/isaac_ros-dev/install/isaac_ros_tensor_list_interfaces:/workspaces/isaac_ros-dev/install/isaac_ros_gxf:/workspaces/isaac_ros-dev/install/isaac_ros_common:/usr/local/libcudss-linux-0.3.0.9_cuda12-archive:/workspaces/isaac_ros-dev/install/isaac_ros_test:/workspaces/isaac_ros-dev/install/isaac_ros_launch_utils:/workspaces/isaac_ros-dev/install/isaac_common_py:/opt/ros/humble'), ('TF_AUTOTUNE_THRESHOLD', '2'), ('TRT_LIB_PATH', '/usr/lib/x86_64-linux-gnu')]), 'shell': False}
[45.866583] (isaac_ros_tensor_proc) StdoutLine: {'line': b'[  9%] \x1b[32mBuilding CXX object CMakeFiles/interleaved_to_planar_node.dir/src/interleaved_to_planar_node.cpp.o\x1b[0m\n'}
[45.869054] (isaac_ros_tensor_proc) StdoutLine: {'line': b'[ 18%] \x1b[34m\x1b[1mGenerating version information as YAML\x1b[0m\n'}
[45.921951] (-) TimerEvent: {}
[45.928017] (isaac_ros_tensor_proc) StdoutLine: {'line': b'[ 18%] Built target generate_version_info_target_isaac_ros_tensor_proc\n'}
[46.022182] (-) TimerEvent: {}
[46.122528] (-) TimerEvent: {}
[46.222939] (-) TimerEvent: {}
[46.323317] (-) TimerEvent: {}
[46.423716] (-) TimerEvent: {}
[46.524155] (-) TimerEvent: {}
[46.624567] (-) TimerEvent: {}
[46.724923] (-) TimerEvent: {}
[46.825368] (-) TimerEvent: {}
[46.925807] (-) TimerEvent: {}
[47.026255] (-) TimerEvent: {}
[47.126685] (-) TimerEvent: {}
[47.227134] (-) TimerEvent: {}
[47.327578] (-) TimerEvent: {}
[47.427939] (-) TimerEvent: {}
[47.528376] (-) TimerEvent: {}
[47.628879] (-) TimerEvent: {}
[47.729181] (-) TimerEvent: {}
[47.829566] (-) TimerEvent: {}
[47.929930] (-) TimerEvent: {}
[48.030303] (-) TimerEvent: {}
[48.130654] (-) TimerEvent: {}
[48.231019] (-) TimerEvent: {}
[48.331386] (-) TimerEvent: {}
[48.334400] (gxf_isaac_centerpose) StdoutLine: {'line': b'[100%] \x1b[32m\x1b[1mLinking CXX shared library libgxf_isaac_centerpose.so\x1b[0m\n'}
[48.431583] (-) TimerEvent: {}
[48.531932] (-) TimerEvent: {}
[48.632322] (-) TimerEvent: {}
[48.732572] (-) TimerEvent: {}
[48.791966] (gxf_isaac_centerpose) StdoutLine: {'line': b'[100%] Built target gxf_isaac_centerpose\n'}
[48.803691] (gxf_isaac_centerpose) CommandEnded: {'returncode': 0}
[48.805137] (gxf_isaac_centerpose) JobProgress: {'identifier': 'gxf_isaac_centerpose', 'progress': 'install'}
[48.805274] (gxf_isaac_centerpose) Command: {'cmd': ['/usr/bin/cmake', '--install', '/workspaces/isaac_ros-dev/build/gxf_isaac_centerpose'], 'cwd': '/workspaces/isaac_ros-dev/build/gxf_isaac_centerpose', 'env': OrderedDict([('DALI_BUILD', '16741769'), ('LIBRARY_PATH', '/usr/local/cuda/lib64/stubs:'), ('NVIDIA_CTK_LIBCUDA_DIR', '/usr/lib/x86_64-linux-gnu/nvidia/current'), ('PYTHONWARNINGS', 'ignore:::setuptools.command.install,ignore:::setuptools.command.easy_install,ignore:::pkg_resources,ignore:::setuptools.command.develop'), ('USER', 'diego'), ('TRT_INC_PATH', '/usr/include/x86_64-linux-gnu'), ('TF_ADJUST_SATURATION_FUSED', '1'), ('CUSOLVER_VERSION', '11.6.4.38'), ('HOSTNAME', 'debian'), ('CUTENSOR_VERSION', '2.0.2.5'), ('SHLVL', '1'), ('LD_LIBRARY_PATH', '/workspaces/isaac_ros-dev/install/isaac_ros_nitros_detection3_d_array_type/lib:/workspaces/isaac_ros-dev/install/isaac_ros_nitros/lib:/workspaces/isaac_ros-dev/install/gxf_isaac_messages/lib:/workspaces/isaac_ros-dev/install/gxf_isaac_gxf_helpers/lib:/workspaces/isaac_ros-dev/install/gxf_isaac_atlas/lib:/workspaces/isaac_ros-dev/install/gxf_isaac_sight/lib:/workspaces/isaac_ros-dev/install/gxf_isaac_optimizer/lib:/workspaces/isaac_ros-dev/install/gxf_isaac_message_compositor/lib:/workspaces/isaac_ros-dev/install/gxf_isaac_gems/lib:/workspaces/isaac_ros-dev/install/isaac_ros_gxf/lib:/workspaces/isaac_ros-dev/install/isaac_ros_common/lib:/opt/ros/humble/opt/openvdb_vendor/lib:/opt/ros/humble/opt/rviz_ogre_vendor/lib:/opt/ros/humble/lib/x86_64-linux-gnu:/opt/ros/humble/lib:/usr/local/libcudss-linux-0.3.0.9_cuda12-archive/lib:/opt/hpcx/ucc/lib/:/opt/hpcx/ucx/lib/:/usr/local/cuda/compat/lib:/usr/local/nvidia/lib:/usr/local/nvidia/lib64:/opt/tritonserver/lib'), ('HOME', '/home/admin'), ('NVIDIA_TRITON_SERVER_VERSION', '24.08'), ('OLDPWD', '/workspaces/isaac_ros-dev'), ('HOST_USER_GID', '1000'), ('CUDA_CACHE_DISABLE', '1'), ('ROS_PYTHON_VERSION', '3'), ('MODEL_OPT_VERSION', '0.15.0'), ('ENV', '/etc/shinit_v2'), ('RDMACORE_VERSION', '39.0'), ('NVJPEG_VERSION', '12.3.3.23'), ('NVIDIA_BUILD_ID', '107631419'), ('CUDA_VERSION', '12.6.0.022'), ('TCMALLOC_RELEASE_RATE', '200'), ('CUBLAS_VERSION', '12.6.0.22'), ('NSIGHT_SYSTEMS_VERSION', '2024.4.2.133'), ('COLCON_PREFIX_PATH', '/workspaces/isaac_ros-dev/install'), ('CUDA_VISIBLE_DEVICES', '0'), ('ROS_DISTRO', 'humble'), ('OPAL_PREFIX', '/opt/hpcx/ompi'), ('NVIDIA_REQUIRE_CUDA', 'cuda>=9.0'), ('TRT_VERSION', '10.3.0.26+cuda12.5.1.007'), ('GDRCOPY_VERSION', '2.3.1-1'), ('_', '/usr/bin/colcon'), ('ROS_VERSION', '2'), ('NVIDIA_DRIVER_CAPABILITIES', 'compute,utility,graphics'), ('POLYGRAPHY_VERSION', '0.49.13'), ('CURAND_VERSION', '10.3.7.37'), ('MOFED_VERSION', '5.4-rdmacore39.0'), ('USERNAME', 'admin'), ('TERM', 'xterm'), ('ISAAC_ROS_WS', '/workspaces/isaac_ros-dev'), ('ROS_LOCALHOST_ONLY', '0'), ('TRANSFORMER_ENGINE_VERSION', '1.9'), ('PATH', '/workspaces/isaac_ros-dev/install/isaac_ros_common/bin:/opt/ros/humble/bin:/opt/ros/humble/vcstool/scripts:/opt/tritonserver/bin:/usr/local/mpi/bin:/usr/local/nvidia/bin:/usr/local/cuda/bin:/usr/local/sbin:/usr/local/bin:/usr/sbin:/usr/bin:/sbin:/bin:/usr/local/ucx/bin'), ('HOST_USER_UID', '1000'), ('CUDSS_DIR', '/usr/local/libcudss-linux-0.3.0.9_cuda12-archive'), ('CUDA_DRIVER_VERSION', '560.35.03'), ('_CUDA_COMPAT_STATUS', 'Unknown error (CUDA_ERROR_UNKNOWN) cuInit()=999'), ('DISPLAY', ':1'), ('NVIDIA_PRODUCT_NAME', 'Triton Server'), ('LANG', 'en_US.UTF-8'), ('RMW_IMPLEMENTATION', 'rmw_fastrtps_cpp'), ('NPP_VERSION', '12.3.1.23'), ('ROS_ROOT', '/opt/ros/humble'), ('UCX_MEM_EVENTS', 'no'), ('CUFFT_VERSION', '11.2.6.28'), ('SSH_AUTH_SOCK', '/ssh-agent'), ('TF_ENABLE_WINOGRAD_NONFUSED', '1'), ('AMENT_PREFIX_PATH', '/workspaces/isaac_ros-dev/install/isaac_ros_nitros_detection3_d_array_type:/workspaces/isaac_ros-dev/install/isaac_ros_nitros:/workspaces/isaac_ros-dev/install/gxf_isaac_messages:/workspaces/isaac_ros-dev/install/gxf_isaac_gxf_helpers:/workspaces/isaac_ros-dev/install/gxf_isaac_atlas:/workspaces/isaac_ros-dev/install/gxf_isaac_sight:/workspaces/isaac_ros-dev/install/gxf_isaac_optimizer:/workspaces/isaac_ros-dev/install/gxf_isaac_message_compositor:/workspaces/isaac_ros-dev/install/gxf_isaac_gems:/workspaces/isaac_ros-dev/install/isaac_ros_test:/workspaces/isaac_ros-dev/install/isaac_ros_gxf:/workspaces/isaac_ros-dev/install/isaac_ros_launch_utils:/workspaces/isaac_ros-dev/install/isaac_ros_common:/workspaces/isaac_ros-dev/install/isaac_common_py:/opt/ros/humble'), ('CUDNN_VERSION', '9.3.0.75'), ('NSIGHT_COMPUTE_VERSION', '2024.3.0.15'), ('DALI_VERSION', '1.40.0'), ('DEBIAN_FRONTEND', 'noninteractive'), ('SHELL', '/bin/bash'), ('DCGM_VERSION', '3.2.6'), ('CUDNN_FRONTEND_VERSION', '1.5.2'), ('OPENMPI_VERSION', '4.1.7'), ('TRTOSS_VERSION', '24.08'), ('OMPI_MCA_coll_hcoll_enable', '0'), ('CUSPARSE_VERSION', '12.5.2.23'), ('NVIDIA_REQUIRE_JETPACK_HOST_MOUNTS', ''), ('TRITON_SERVER_GPU_ENABLED', '1'), ('TRITON_SERVER_VERSION', '2.49.0'), ('BASH_ENV', '/etc/bash.bashrc'), ('PWD', '/workspaces/isaac_ros-dev/build/gxf_isaac_centerpose'), ('CUSPARSELT_VERSION', '0.6.2.3'), ('PYTHONPATH', '/workspaces/isaac_ros-dev/build/isaac_ros_test:/workspaces/isaac_ros-dev/install/isaac_ros_test/lib/python3.10/site-packages:/workspaces/isaac_ros-dev/build/isaac_ros_launch_utils:/workspaces/isaac_ros-dev/install/isaac_ros_launch_utils/lib/python3.10/site-packages:/workspaces/isaac_ros-dev/install/isaac_ros_common/local/lib/python3.10/dist-packages:/workspaces/isaac_ros-dev/build/isaac_common_py:/workspaces/isaac_ros-dev/install/isaac_common_py/lib/python3.10/site-packages:/opt/ros/humble/lib/python3.10/site-packages:/opt/ros/humble/local/lib/python3.10/dist-packages:/opt/ros/humble/vcstool:/opt/tritonserver/backends/dali/wheel/dali'), ('_CUDA_COMPAT_PATH', '/usr/local/cuda/compat'), ('TRITON_SERVER_USER', 'triton-server'), ('TF_ADJUST_HUE_FUSED', '1'), ('NVIDIA_VISIBLE_DEVICES', 'void'), ('NCCL_VERSION', '2.22.3'), ('COLCON', '1'), ('OPENUCX_VERSION', '1.17.0'), ('HPCX_VERSION', '2.19'), ('CMAKE_PREFIX_PATH', '/workspaces/isaac_ros-dev/install/isaac_ros_nitros_detection3_d_array_type:/workspaces/isaac_ros-dev/install/isaac_ros_nitros:/workspaces/isaac_ros-dev/install/gxf_isaac_messages:/workspaces/isaac_ros-dev/install/gxf_isaac_gxf_helpers:/workspaces/isaac_ros-dev/install/gxf_isaac_atlas:/workspaces/isaac_ros-dev/install/gxf_isaac_sight:/workspaces/isaac_ros-dev/install/gxf_isaac_optimizer:/workspaces/isaac_ros-dev/install/gxf_isaac_message_compositor:/workspaces/isaac_ros-dev/install/gxf_isaac_gems:/workspaces/isaac_ros-dev/install/isaac_ros_gxf:/workspaces/isaac_ros-dev/install/isaac_ros_common:/usr/local/libcudss-linux-0.3.0.9_cuda12-archive:/workspaces/isaac_ros-dev/install/isaac_ros_test:/workspaces/isaac_ros-dev/install/isaac_ros_launch_utils:/workspaces/isaac_ros-dev/install/isaac_common_py:/opt/ros/humble'), ('TF_AUTOTUNE_THRESHOLD', '2'), ('TRT_LIB_PATH', '/usr/lib/x86_64-linux-gnu')]), 'shell': False}
[48.812047] (gxf_isaac_centerpose) StdoutLine: {'line': b'-- Install configuration: "Release"\n'}
[48.812366] (gxf_isaac_centerpose) StdoutLine: {'line': b'-- Execute custom install script\n'}
[48.812621] (gxf_isaac_centerpose) StdoutLine: {'line': b'-- Symlinking: /workspaces/isaac_ros-dev/install/gxf_isaac_centerpose/share/gxf_isaac_centerpose/gxf/lib/libgxf_isaac_centerpose.so\n'}
[48.820459] (gxf_isaac_centerpose) StdoutLine: {'line': b'-- Symlinking: /workspaces/isaac_ros-dev/install/gxf_isaac_centerpose/share/gxf_isaac_centerpose/version_info.yaml\n'}
[48.829837] (gxf_isaac_centerpose) StdoutLine: {'line': b'-- Symlinking: /workspaces/isaac_ros-dev/install/gxf_isaac_centerpose/share/gxf_isaac_centerpose/environment/library_path.sh\n'}
[48.832670] (-) TimerEvent: {}
[48.836318] (gxf_isaac_centerpose) StdoutLine: {'line': b'-- Symlinking: /workspaces/isaac_ros-dev/install/gxf_isaac_centerpose/share/gxf_isaac_centerpose/environment/library_path.dsv\n'}
[48.843310] (gxf_isaac_centerpose) StdoutLine: {'line': b'-- Symlinking: /workspaces/isaac_ros-dev/install/gxf_isaac_centerpose/lib/libgxf_isaac_centerpose.so\n'}
[48.850578] (gxf_isaac_centerpose) StdoutLine: {'line': b'-- Symlinking: /workspaces/isaac_ros-dev/install/gxf_isaac_centerpose/share/ament_index/resource_index/package_run_dependencies/gxf_isaac_centerpose\n'}
[48.857050] (gxf_isaac_centerpose) StdoutLine: {'line': b'-- Symlinking: /workspaces/isaac_ros-dev/install/gxf_isaac_centerpose/share/ament_index/resource_index/parent_prefix_path/gxf_isaac_centerpose\n'}
[48.865202] (gxf_isaac_centerpose) StdoutLine: {'line': b'-- Symlinking: /workspaces/isaac_ros-dev/install/gxf_isaac_centerpose/share/gxf_isaac_centerpose/environment/ament_prefix_path.sh\n'}
[48.871726] (gxf_isaac_centerpose) StdoutLine: {'line': b'-- Symlinking: /workspaces/isaac_ros-dev/install/gxf_isaac_centerpose/share/gxf_isaac_centerpose/environment/ament_prefix_path.dsv\n'}
[48.878682] (gxf_isaac_centerpose) StdoutLine: {'line': b'-- Symlinking: /workspaces/isaac_ros-dev/install/gxf_isaac_centerpose/share/gxf_isaac_centerpose/environment/path.sh\n'}
[48.885562] (gxf_isaac_centerpose) StdoutLine: {'line': b'-- Symlinking: /workspaces/isaac_ros-dev/install/gxf_isaac_centerpose/share/gxf_isaac_centerpose/environment/path.dsv\n'}
[48.893270] (gxf_isaac_centerpose) StdoutLine: {'line': b'-- Symlinking: /workspaces/isaac_ros-dev/install/gxf_isaac_centerpose/share/gxf_isaac_centerpose/local_setup.bash\n'}
[48.900951] (gxf_isaac_centerpose) StdoutLine: {'line': b'-- Symlinking: /workspaces/isaac_ros-dev/install/gxf_isaac_centerpose/share/gxf_isaac_centerpose/local_setup.sh\n'}
[48.908610] (gxf_isaac_centerpose) StdoutLine: {'line': b'-- Symlinking: /workspaces/isaac_ros-dev/install/gxf_isaac_centerpose/share/gxf_isaac_centerpose/local_setup.zsh\n'}
[48.918581] (gxf_isaac_centerpose) StdoutLine: {'line': b'-- Symlinking: /workspaces/isaac_ros-dev/install/gxf_isaac_centerpose/share/gxf_isaac_centerpose/local_setup.dsv\n'}
[48.925089] (gxf_isaac_centerpose) StdoutLine: {'line': b'-- Symlinking: /workspaces/isaac_ros-dev/install/gxf_isaac_centerpose/share/gxf_isaac_centerpose/package.dsv\n'}
[48.931950] (gxf_isaac_centerpose) StdoutLine: {'line': b'-- Symlinking: /workspaces/isaac_ros-dev/install/gxf_isaac_centerpose/share/ament_index/resource_index/packages/gxf_isaac_centerpose\n'}
[48.932754] (-) TimerEvent: {}
[48.938471] (gxf_isaac_centerpose) StdoutLine: {'line': b'-- Symlinking: /workspaces/isaac_ros-dev/install/gxf_isaac_centerpose/share/gxf_isaac_centerpose/cmake/ament_cmake_export_dependencies-extras.cmake\n'}
[48.946581] (gxf_isaac_centerpose) StdoutLine: {'line': b'-- Symlinking: /workspaces/isaac_ros-dev/install/gxf_isaac_centerpose/share/gxf_isaac_centerpose/cmake/ament_cmake_export_libraries-extras.cmake\n'}
[48.953384] (gxf_isaac_centerpose) StdoutLine: {'line': b'-- Symlinking: /workspaces/isaac_ros-dev/install/gxf_isaac_centerpose/share/gxf_isaac_centerpose/cmake/gxf_isaac_centerposeConfig.cmake\n'}
[48.960241] (gxf_isaac_centerpose) StdoutLine: {'line': b'-- Symlinking: /workspaces/isaac_ros-dev/install/gxf_isaac_centerpose/share/gxf_isaac_centerpose/cmake/gxf_isaac_centerposeConfig-version.cmake\n'}
[48.967230] (gxf_isaac_centerpose) StdoutLine: {'line': b'-- Symlinking: /workspaces/isaac_ros-dev/install/gxf_isaac_centerpose/share/gxf_isaac_centerpose/package.xml\n'}
[48.975131] (gxf_isaac_centerpose) CommandEnded: {'returncode': 0}
[48.985885] (gxf_isaac_centerpose) JobEnded: {'identifier': 'gxf_isaac_centerpose', 'rc': 0}
[49.032945] (-) TimerEvent: {}
[49.133292] (-) TimerEvent: {}
[49.233646] (-) TimerEvent: {}
[49.333999] (-) TimerEvent: {}
[49.434366] (-) TimerEvent: {}
[49.534708] (-) TimerEvent: {}
[49.635066] (-) TimerEvent: {}
[49.735346] (-) TimerEvent: {}
[49.835691] (-) TimerEvent: {}
[49.936061] (-) TimerEvent: {}
[50.036418] (-) TimerEvent: {}
[50.136676] (-) TimerEvent: {}
[50.237019] (-) TimerEvent: {}
[50.337373] (-) TimerEvent: {}
[50.437713] (-) TimerEvent: {}
[50.538067] (-) TimerEvent: {}
[50.638422] (-) TimerEvent: {}
[50.738768] (-) TimerEvent: {}
[50.839115] (-) TimerEvent: {}
[50.939480] (-) TimerEvent: {}
[51.039834] (-) TimerEvent: {}
[51.140166] (-) TimerEvent: {}
[51.240511] (-) TimerEvent: {}
[51.340789] (-) TimerEvent: {}
[51.441131] (-) TimerEvent: {}
[51.541366] (-) TimerEvent: {}
[51.641737] (-) TimerEvent: {}
[51.742084] (-) TimerEvent: {}
[51.842437] (-) TimerEvent: {}
[51.942781] (-) TimerEvent: {}
[52.043138] (-) TimerEvent: {}
[52.143473] (-) TimerEvent: {}
[52.243811] (-) TimerEvent: {}
[52.344155] (-) TimerEvent: {}
[52.444526] (-) TimerEvent: {}
[52.544882] (-) TimerEvent: {}
[52.645228] (-) TimerEvent: {}
[52.745566] (-) TimerEvent: {}
[52.845909] (-) TimerEvent: {}
[52.946258] (-) TimerEvent: {}
[53.046597] (-) TimerEvent: {}
[53.146931] (-) TimerEvent: {}
[53.247266] (-) TimerEvent: {}
[53.347601] (-) TimerEvent: {}
[53.447951] (-) TimerEvent: {}
[53.548321] (-) TimerEvent: {}
[53.648555] (-) TimerEvent: {}
[53.748839] (-) TimerEvent: {}
[53.849167] (-) TimerEvent: {}
[53.949517] (-) TimerEvent: {}
[54.049855] (-) TimerEvent: {}
[54.150199] (-) TimerEvent: {}
[54.250557] (-) TimerEvent: {}
[54.350831] (-) TimerEvent: {}
[54.451103] (-) TimerEvent: {}
[54.551374] (-) TimerEvent: {}
[54.651644] (-) TimerEvent: {}
[54.751919] (-) TimerEvent: {}
[54.852191] (-) TimerEvent: {}
[54.952470] (-) TimerEvent: {}
[55.052746] (-) TimerEvent: {}
[55.153013] (-) TimerEvent: {}
[55.253279] (-) TimerEvent: {}
[55.353545] (-) TimerEvent: {}
[55.453811] (-) TimerEvent: {}
[55.554174] (-) TimerEvent: {}
[55.654543] (-) TimerEvent: {}
[55.692993] (isaac_ros_tensor_rt) StdoutLine: {'line': b'[100%] \x1b[32m\x1b[1mLinking CXX shared library libtensor_rt_node.so\x1b[0m\n'}
[55.754737] (-) TimerEvent: {}
[55.855073] (-) TimerEvent: {}
[55.870577] (isaac_ros_tensor_rt) StdoutLine: {'line': b'[100%] Built target tensor_rt_node\n'}
[55.879354] (isaac_ros_tensor_rt) CommandEnded: {'returncode': 0}
[55.879946] (isaac_ros_tensor_rt) JobProgress: {'identifier': 'isaac_ros_tensor_rt', 'progress': 'install'}
[55.880197] (isaac_ros_tensor_rt) Command: {'cmd': ['/usr/bin/cmake', '--install', '/workspaces/isaac_ros-dev/build/isaac_ros_tensor_rt'], 'cwd': '/workspaces/isaac_ros-dev/build/isaac_ros_tensor_rt', 'env': OrderedDict([('DALI_BUILD', '16741769'), ('LIBRARY_PATH', '/usr/local/cuda/lib64/stubs:'), ('NVIDIA_CTK_LIBCUDA_DIR', '/usr/lib/x86_64-linux-gnu/nvidia/current'), ('PYTHONWARNINGS', 'ignore:::setuptools.command.install,ignore:::setuptools.command.easy_install,ignore:::pkg_resources,ignore:::setuptools.command.develop'), ('USER', 'diego'), ('TRT_INC_PATH', '/usr/include/x86_64-linux-gnu'), ('TF_ADJUST_SATURATION_FUSED', '1'), ('CUSOLVER_VERSION', '11.6.4.38'), ('HOSTNAME', 'debian'), ('CUTENSOR_VERSION', '2.0.2.5'), ('SHLVL', '1'), ('LD_LIBRARY_PATH', '/workspaces/isaac_ros-dev/install/isaac_ros_nitros_tensor_list_type/lib:/workspaces/isaac_ros-dev/install/isaac_ros_nitros/lib:/workspaces/isaac_ros-dev/install/gxf_isaac_tensor_rt/lib:/workspaces/isaac_ros-dev/install/gxf_isaac_messages/lib:/workspaces/isaac_ros-dev/install/gxf_isaac_gxf_helpers/lib:/workspaces/isaac_ros-dev/install/gxf_isaac_atlas/lib:/workspaces/isaac_ros-dev/install/gxf_isaac_sight/lib:/workspaces/isaac_ros-dev/install/gxf_isaac_optimizer/lib:/workspaces/isaac_ros-dev/install/gxf_isaac_message_compositor/lib:/workspaces/isaac_ros-dev/install/gxf_isaac_gems/lib:/workspaces/isaac_ros-dev/install/isaac_ros_tensor_list_interfaces/lib:/workspaces/isaac_ros-dev/install/isaac_ros_gxf/lib:/workspaces/isaac_ros-dev/install/isaac_ros_common/lib:/opt/ros/humble/opt/openvdb_vendor/lib:/opt/ros/humble/opt/rviz_ogre_vendor/lib:/opt/ros/humble/lib/x86_64-linux-gnu:/opt/ros/humble/lib:/usr/local/libcudss-linux-0.3.0.9_cuda12-archive/lib:/opt/hpcx/ucc/lib/:/opt/hpcx/ucx/lib/:/usr/local/cuda/compat/lib:/usr/local/nvidia/lib:/usr/local/nvidia/lib64:/opt/tritonserver/lib'), ('HOME', '/home/admin'), ('NVIDIA_TRITON_SERVER_VERSION', '24.08'), ('OLDPWD', '/workspaces/isaac_ros-dev'), ('HOST_USER_GID', '1000'), ('CUDA_CACHE_DISABLE', '1'), ('ROS_PYTHON_VERSION', '3'), ('MODEL_OPT_VERSION', '0.15.0'), ('ENV', '/etc/shinit_v2'), ('RDMACORE_VERSION', '39.0'), ('NVJPEG_VERSION', '12.3.3.23'), ('NVIDIA_BUILD_ID', '107631419'), ('CUDA_VERSION', '12.6.0.022'), ('TCMALLOC_RELEASE_RATE', '200'), ('CUBLAS_VERSION', '12.6.0.22'), ('NSIGHT_SYSTEMS_VERSION', '2024.4.2.133'), ('COLCON_PREFIX_PATH', '/workspaces/isaac_ros-dev/install'), ('CUDA_VISIBLE_DEVICES', '0'), ('ROS_DISTRO', 'humble'), ('OPAL_PREFIX', '/opt/hpcx/ompi'), ('NVIDIA_REQUIRE_CUDA', 'cuda>=9.0'), ('TRT_VERSION', '10.3.0.26+cuda12.5.1.007'), ('GDRCOPY_VERSION', '2.3.1-1'), ('_', '/usr/bin/colcon'), ('ROS_VERSION', '2'), ('NVIDIA_DRIVER_CAPABILITIES', 'compute,utility,graphics'), ('POLYGRAPHY_VERSION', '0.49.13'), ('CURAND_VERSION', '10.3.7.37'), ('MOFED_VERSION', '5.4-rdmacore39.0'), ('USERNAME', 'admin'), ('TERM', 'xterm'), ('ISAAC_ROS_WS', '/workspaces/isaac_ros-dev'), ('ROS_LOCALHOST_ONLY', '0'), ('TRANSFORMER_ENGINE_VERSION', '1.9'), ('PATH', '/workspaces/isaac_ros-dev/install/isaac_ros_common/bin:/opt/ros/humble/bin:/opt/ros/humble/vcstool/scripts:/opt/tritonserver/bin:/usr/local/mpi/bin:/usr/local/nvidia/bin:/usr/local/cuda/bin:/usr/local/sbin:/usr/local/bin:/usr/sbin:/usr/bin:/sbin:/bin:/usr/local/ucx/bin'), ('HOST_USER_UID', '1000'), ('CUDSS_DIR', '/usr/local/libcudss-linux-0.3.0.9_cuda12-archive'), ('CUDA_DRIVER_VERSION', '560.35.03'), ('_CUDA_COMPAT_STATUS', 'Unknown error (CUDA_ERROR_UNKNOWN) cuInit()=999'), ('DISPLAY', ':1'), ('NVIDIA_PRODUCT_NAME', 'Triton Server'), ('LANG', 'en_US.UTF-8'), ('RMW_IMPLEMENTATION', 'rmw_fastrtps_cpp'), ('NPP_VERSION', '12.3.1.23'), ('ROS_ROOT', '/opt/ros/humble'), ('UCX_MEM_EVENTS', 'no'), ('CUFFT_VERSION', '11.2.6.28'), ('SSH_AUTH_SOCK', '/ssh-agent'), ('TF_ENABLE_WINOGRAD_NONFUSED', '1'), ('AMENT_PREFIX_PATH', '/workspaces/isaac_ros-dev/install/isaac_ros_nitros_tensor_list_type:/workspaces/isaac_ros-dev/install/isaac_ros_nitros:/workspaces/isaac_ros-dev/install/gxf_isaac_tensor_rt:/workspaces/isaac_ros-dev/install/gxf_isaac_messages:/workspaces/isaac_ros-dev/install/gxf_isaac_gxf_helpers:/workspaces/isaac_ros-dev/install/gxf_isaac_atlas:/workspaces/isaac_ros-dev/install/gxf_isaac_sight:/workspaces/isaac_ros-dev/install/gxf_isaac_optimizer:/workspaces/isaac_ros-dev/install/gxf_isaac_message_compositor:/workspaces/isaac_ros-dev/install/gxf_isaac_gems:/workspaces/isaac_ros-dev/install/isaac_ros_test:/workspaces/isaac_ros-dev/install/isaac_ros_tensor_list_interfaces:/workspaces/isaac_ros-dev/install/isaac_ros_gxf:/workspaces/isaac_ros-dev/install/isaac_ros_launch_utils:/workspaces/isaac_ros-dev/install/isaac_ros_common:/workspaces/isaac_ros-dev/install/isaac_common_py:/opt/ros/humble'), ('CUDNN_VERSION', '9.3.0.75'), ('NSIGHT_COMPUTE_VERSION', '2024.3.0.15'), ('DALI_VERSION', '1.40.0'), ('DEBIAN_FRONTEND', 'noninteractive'), ('SHELL', '/bin/bash'), ('DCGM_VERSION', '3.2.6'), ('CUDNN_FRONTEND_VERSION', '1.5.2'), ('OPENMPI_VERSION', '4.1.7'), ('TRTOSS_VERSION', '24.08'), ('OMPI_MCA_coll_hcoll_enable', '0'), ('CUSPARSE_VERSION', '12.5.2.23'), ('NVIDIA_REQUIRE_JETPACK_HOST_MOUNTS', ''), ('TRITON_SERVER_GPU_ENABLED', '1'), ('TRITON_SERVER_VERSION', '2.49.0'), ('BASH_ENV', '/etc/bash.bashrc'), ('PWD', '/workspaces/isaac_ros-dev/build/isaac_ros_tensor_rt'), ('CUSPARSELT_VERSION', '0.6.2.3'), ('PYTHONPATH', '/workspaces/isaac_ros-dev/build/isaac_ros_test:/workspaces/isaac_ros-dev/install/isaac_ros_test/lib/python3.10/site-packages:/workspaces/isaac_ros-dev/install/isaac_ros_tensor_list_interfaces/local/lib/python3.10/dist-packages:/workspaces/isaac_ros-dev/build/isaac_ros_launch_utils:/workspaces/isaac_ros-dev/install/isaac_ros_launch_utils/lib/python3.10/site-packages:/workspaces/isaac_ros-dev/install/isaac_ros_common/local/lib/python3.10/dist-packages:/workspaces/isaac_ros-dev/build/isaac_common_py:/workspaces/isaac_ros-dev/install/isaac_common_py/lib/python3.10/site-packages:/opt/ros/humble/lib/python3.10/site-packages:/opt/ros/humble/local/lib/python3.10/dist-packages:/opt/ros/humble/vcstool:/opt/tritonserver/backends/dali/wheel/dali'), ('_CUDA_COMPAT_PATH', '/usr/local/cuda/compat'), ('TRITON_SERVER_USER', 'triton-server'), ('TF_ADJUST_HUE_FUSED', '1'), ('NVIDIA_VISIBLE_DEVICES', 'void'), ('NCCL_VERSION', '2.22.3'), ('COLCON', '1'), ('OPENUCX_VERSION', '1.17.0'), ('HPCX_VERSION', '2.19'), ('CMAKE_PREFIX_PATH', '/workspaces/isaac_ros-dev/install/isaac_ros_nitros_tensor_list_type:/workspaces/isaac_ros-dev/install/isaac_ros_nitros:/workspaces/isaac_ros-dev/install/gxf_isaac_tensor_rt:/workspaces/isaac_ros-dev/install/gxf_isaac_messages:/workspaces/isaac_ros-dev/install/gxf_isaac_gxf_helpers:/workspaces/isaac_ros-dev/install/gxf_isaac_atlas:/workspaces/isaac_ros-dev/install/gxf_isaac_sight:/workspaces/isaac_ros-dev/install/gxf_isaac_optimizer:/workspaces/isaac_ros-dev/install/gxf_isaac_message_compositor:/workspaces/isaac_ros-dev/install/gxf_isaac_gems:/workspaces/isaac_ros-dev/install/isaac_ros_tensor_list_interfaces:/workspaces/isaac_ros-dev/install/isaac_ros_gxf:/workspaces/isaac_ros-dev/install/isaac_ros_common:/usr/local/libcudss-linux-0.3.0.9_cuda12-archive:/workspaces/isaac_ros-dev/install/isaac_ros_test:/workspaces/isaac_ros-dev/install/isaac_ros_launch_utils:/workspaces/isaac_ros-dev/install/isaac_common_py:/opt/ros/humble'), ('TF_AUTOTUNE_THRESHOLD', '2'), ('TRT_LIB_PATH', '/usr/lib/x86_64-linux-gnu')]), 'shell': False}
[55.888404] (isaac_ros_tensor_rt) StdoutLine: {'line': b'-- Install configuration: "Release"\n'}
[55.888653] (isaac_ros_tensor_rt) StdoutLine: {'line': b'-- Execute custom install script\n'}
[55.888900] (isaac_ros_tensor_rt) StdoutLine: {'line': b'-- Symlinking: /workspaces/isaac_ros-dev/install/isaac_ros_tensor_rt/share/isaac_ros_tensor_rt/version_info.yaml\n'}
[55.896926] (isaac_ros_tensor_rt) StdoutLine: {'line': b'-- Symlinking: /workspaces/isaac_ros-dev/install/isaac_ros_tensor_rt/include/isaac_ros_tensor_rt/tensor_rt_node.hpp\n'}
[55.904888] (isaac_ros_tensor_rt) StdoutLine: {'line': b'-- Symlinking: /workspaces/isaac_ros-dev/install/isaac_ros_tensor_rt/share/isaac_ros_tensor_rt/environment/library_path.sh\n'}
[55.913131] (isaac_ros_tensor_rt) StdoutLine: {'line': b'-- Symlinking: /workspaces/isaac_ros-dev/install/isaac_ros_tensor_rt/share/isaac_ros_tensor_rt/environment/library_path.dsv\n'}
[55.920898] (isaac_ros_tensor_rt) StdoutLine: {'line': b'-- Symlinking: /workspaces/isaac_ros-dev/install/isaac_ros_tensor_rt/lib/libtensor_rt_node.so\n'}
[55.929277] (isaac_ros_tensor_rt) StdoutLine: {'line': b'-- Symlinking: /workspaces/isaac_ros-dev/install/isaac_ros_tensor_rt/share/isaac_ros_tensor_rt/config/isaac_ros_tensor_rt.yaml\n'}
[55.938608] (isaac_ros_tensor_rt) StdoutLine: {'line': b'-- Symlinking: /workspaces/isaac_ros-dev/install/isaac_ros_tensor_rt/share/isaac_ros_tensor_rt/config/namespace_injector_rule.yaml\n'}
[55.945909] (isaac_ros_tensor_rt) StdoutLine: {'line': b'-- Symlinking: /workspaces/isaac_ros-dev/install/isaac_ros_tensor_rt/share/isaac_ros_tensor_rt/config/tensor_rt_inference.yaml\n'}
[55.954263] (isaac_ros_tensor_rt) StdoutLine: {'line': b'-- Symlinking: /workspaces/isaac_ros-dev/install/isaac_ros_tensor_rt/share/isaac_ros_tensor_rt/launch/isaac_ros_tensor_rt.launch.py\n'}
[55.955173] (-) TimerEvent: {}
[55.962047] (isaac_ros_tensor_rt) StdoutLine: {'line': b'-- Symlinking: /workspaces/isaac_ros-dev/install/isaac_ros_tensor_rt/share/ament_index/resource_index/package_run_dependencies/isaac_ros_tensor_rt\n'}
[55.968895] (isaac_ros_tensor_rt) StdoutLine: {'line': b'-- Symlinking: /workspaces/isaac_ros-dev/install/isaac_ros_tensor_rt/share/ament_index/resource_index/parent_prefix_path/isaac_ros_tensor_rt\n'}
[55.976525] (isaac_ros_tensor_rt) StdoutLine: {'line': b'-- Symlinking: /workspaces/isaac_ros-dev/install/isaac_ros_tensor_rt/share/isaac_ros_tensor_rt/environment/ament_prefix_path.sh\n'}
[55.983409] (isaac_ros_tensor_rt) StdoutLine: {'line': b'-- Symlinking: /workspaces/isaac_ros-dev/install/isaac_ros_tensor_rt/share/isaac_ros_tensor_rt/environment/ament_prefix_path.dsv\n'}
[55.990396] (isaac_ros_tensor_rt) StdoutLine: {'line': b'-- Symlinking: /workspaces/isaac_ros-dev/install/isaac_ros_tensor_rt/share/isaac_ros_tensor_rt/environment/path.sh\n'}
[55.999707] (isaac_ros_tensor_rt) StdoutLine: {'line': b'-- Symlinking: /workspaces/isaac_ros-dev/install/isaac_ros_tensor_rt/share/isaac_ros_tensor_rt/environment/path.dsv\n'}
[56.006465] (isaac_ros_tensor_rt) StdoutLine: {'line': b'-- Symlinking: /workspaces/isaac_ros-dev/install/isaac_ros_tensor_rt/share/isaac_ros_tensor_rt/local_setup.bash\n'}
[56.013996] (isaac_ros_tensor_rt) StdoutLine: {'line': b'-- Symlinking: /workspaces/isaac_ros-dev/install/isaac_ros_tensor_rt/share/isaac_ros_tensor_rt/local_setup.sh\n'}
[56.020639] (isaac_ros_tensor_rt) StdoutLine: {'line': b'-- Symlinking: /workspaces/isaac_ros-dev/install/isaac_ros_tensor_rt/share/isaac_ros_tensor_rt/local_setup.zsh\n'}
[56.026910] (isaac_ros_tensor_rt) StdoutLine: {'line': b'-- Symlinking: /workspaces/isaac_ros-dev/install/isaac_ros_tensor_rt/share/isaac_ros_tensor_rt/local_setup.dsv\n'}
[56.033814] (isaac_ros_tensor_rt) StdoutLine: {'line': b'-- Symlinking: /workspaces/isaac_ros-dev/install/isaac_ros_tensor_rt/share/isaac_ros_tensor_rt/package.dsv\n'}
[56.041433] (isaac_ros_tensor_rt) StdoutLine: {'line': b'-- Symlinking: /workspaces/isaac_ros-dev/install/isaac_ros_tensor_rt/share/ament_index/resource_index/packages/isaac_ros_tensor_rt\n'}
[56.047926] (isaac_ros_tensor_rt) StdoutLine: {'line': b'-- Symlinking: /workspaces/isaac_ros-dev/install/isaac_ros_tensor_rt/share/ament_index/resource_index/rclcpp_components/isaac_ros_tensor_rt\n'}
[56.055315] (-) TimerEvent: {}
[56.055575] (isaac_ros_tensor_rt) StdoutLine: {'line': b'-- Symlinking: /workspaces/isaac_ros-dev/install/isaac_ros_tensor_rt/share/isaac_ros_tensor_rt/cmake/ament_cmake_export_dependencies-extras.cmake\n'}
[56.062351] (isaac_ros_tensor_rt) StdoutLine: {'line': b'-- Symlinking: /workspaces/isaac_ros-dev/install/isaac_ros_tensor_rt/share/isaac_ros_tensor_rt/cmake/ament_cmake_export_include_directories-extras.cmake\n'}
[56.069962] (isaac_ros_tensor_rt) StdoutLine: {'line': b'-- Symlinking: /workspaces/isaac_ros-dev/install/isaac_ros_tensor_rt/share/isaac_ros_tensor_rt/cmake/ament_cmake_export_libraries-extras.cmake\n'}
[56.077207] (isaac_ros_tensor_rt) StdoutLine: {'line': b'-- Symlinking: /workspaces/isaac_ros-dev/install/isaac_ros_tensor_rt/share/isaac_ros_tensor_rt/cmake/isaac_ros_tensor_rtConfig.cmake\n'}
[56.083537] (isaac_ros_tensor_rt) StdoutLine: {'line': b'-- Symlinking: /workspaces/isaac_ros-dev/install/isaac_ros_tensor_rt/share/isaac_ros_tensor_rt/cmake/isaac_ros_tensor_rtConfig-version.cmake\n'}
[56.090625] (isaac_ros_tensor_rt) StdoutLine: {'line': b'-- Symlinking: /workspaces/isaac_ros-dev/install/isaac_ros_tensor_rt/share/isaac_ros_tensor_rt/package.xml\n'}
[56.100043] (isaac_ros_tensor_rt) CommandEnded: {'returncode': 0}
[56.113054] (isaac_ros_tensor_rt) JobEnded: {'identifier': 'isaac_ros_tensor_rt', 'rc': 0}
[56.155413] (-) TimerEvent: {}
[56.255766] (-) TimerEvent: {}
[56.356101] (-) TimerEvent: {}
[56.456464] (-) TimerEvent: {}
[56.556717] (-) TimerEvent: {}
[56.657046] (-) TimerEvent: {}
[56.757375] (-) TimerEvent: {}
[56.857646] (-) TimerEvent: {}
[56.958008] (-) TimerEvent: {}
[57.058376] (-) TimerEvent: {}
[57.158703] (-) TimerEvent: {}
[57.258953] (-) TimerEvent: {}
[57.359276] (-) TimerEvent: {}
[57.459542] (-) TimerEvent: {}
[57.559887] (-) TimerEvent: {}
[57.660232] (-) TimerEvent: {}
[57.760571] (-) TimerEvent: {}
[57.860809] (-) TimerEvent: {}
[57.961157] (-) TimerEvent: {}
[58.061489] (-) TimerEvent: {}
[58.086101] (isaac_ros_tensor_proc) StdoutLine: {'line': b'[ 27%] \x1b[32m\x1b[1mLinking CXX shared library libinterleaved_to_planar_node.so\x1b[0m\n'}
[58.161722] (-) TimerEvent: {}
[58.262019] (-) TimerEvent: {}
[58.305236] (isaac_ros_tensor_proc) StdoutLine: {'line': b'[ 27%] Built target interleaved_to_planar_node\n'}
[58.326753] (isaac_ros_tensor_proc) StdoutLine: {'line': b'[ 36%] \x1b[32mBuilding CXX object CMakeFiles/reshape_node.dir/src/reshape_node.cpp.o\x1b[0m\n'}
[58.362174] (-) TimerEvent: {}
[58.462577] (-) TimerEvent: {}
[58.562991] (-) TimerEvent: {}
[58.663416] (-) TimerEvent: {}
[58.763841] (-) TimerEvent: {}
[58.864180] (-) TimerEvent: {}
[58.964429] (-) TimerEvent: {}
[59.064698] (-) TimerEvent: {}
[59.165034] (-) TimerEvent: {}
[59.265387] (-) TimerEvent: {}
[59.365724] (-) TimerEvent: {}
[59.466076] (-) TimerEvent: {}
[59.566455] (-) TimerEvent: {}
[59.666808] (-) TimerEvent: {}
[59.767094] (-) TimerEvent: {}
[59.867444] (-) TimerEvent: {}
[59.967834] (-) TimerEvent: {}
[60.068180] (-) TimerEvent: {}
[60.168437] (-) TimerEvent: {}
[60.268715] (-) TimerEvent: {}
[60.369059] (-) TimerEvent: {}
[60.469412] (-) TimerEvent: {}
[60.569769] (-) TimerEvent: {}
[60.670144] (-) TimerEvent: {}
[60.770487] (-) TimerEvent: {}
[60.870827] (-) TimerEvent: {}
[60.971204] (-) TimerEvent: {}
[61.071621] (-) TimerEvent: {}
[61.172045] (-) TimerEvent: {}
[61.272426] (-) TimerEvent: {}
[61.372842] (-) TimerEvent: {}
[61.473265] (-) TimerEvent: {}
[61.573676] (-) TimerEvent: {}
[61.674089] (-) TimerEvent: {}
[61.774445] (-) TimerEvent: {}
[61.874785] (-) TimerEvent: {}
[61.975125] (-) TimerEvent: {}
[62.075478] (-) TimerEvent: {}
[62.175846] (-) TimerEvent: {}
[62.276182] (-) TimerEvent: {}
[62.376559] (-) TimerEvent: {}
[62.476907] (-) TimerEvent: {}
[62.577253] (-) TimerEvent: {}
[62.677542] (-) TimerEvent: {}
[62.777866] (-) TimerEvent: {}
[62.878228] (-) TimerEvent: {}
[62.978568] (-) TimerEvent: {}
[63.078901] (-) TimerEvent: {}
[63.179234] (-) TimerEvent: {}
[63.279571] (-) TimerEvent: {}
[63.379897] (-) TimerEvent: {}
[63.480243] (-) TimerEvent: {}
[63.580473] (-) TimerEvent: {}
[63.680700] (-) TimerEvent: {}
[63.781032] (-) TimerEvent: {}
[63.881373] (-) TimerEvent: {}
[63.981703] (-) TimerEvent: {}
[64.082037] (-) TimerEvent: {}
[64.182372] (-) TimerEvent: {}
[64.282639] (-) TimerEvent: {}
[64.382982] (-) TimerEvent: {}
[64.483334] (-) TimerEvent: {}
[64.583674] (-) TimerEvent: {}
[64.684027] (-) TimerEvent: {}
[64.784387] (-) TimerEvent: {}
[64.884709] (-) TimerEvent: {}
[64.984933] (-) TimerEvent: {}
[65.085263] (-) TimerEvent: {}
[65.185613] (-) TimerEvent: {}
[65.285937] (-) TimerEvent: {}
[65.386366] (-) TimerEvent: {}
[65.486707] (-) TimerEvent: {}
[65.587827] (-) TimerEvent: {}
[65.688165] (-) TimerEvent: {}
[65.788497] (-) TimerEvent: {}
[65.888767] (-) TimerEvent: {}
[65.989100] (-) TimerEvent: {}
[66.089436] (-) TimerEvent: {}
[66.189769] (-) TimerEvent: {}
[66.290099] (-) TimerEvent: {}
[66.390463] (-) TimerEvent: {}
[66.490808] (-) TimerEvent: {}
[66.591154] (-) TimerEvent: {}
[66.691493] (-) TimerEvent: {}
[66.791828] (-) TimerEvent: {}
[66.892158] (-) TimerEvent: {}
[66.992404] (-) TimerEvent: {}
[67.092663] (-) TimerEvent: {}
[67.193002] (-) TimerEvent: {}
[67.293331] (-) TimerEvent: {}
[67.393653] (-) TimerEvent: {}
[67.493987] (-) TimerEvent: {}
[67.594337] (-) TimerEvent: {}
[67.694674] (-) TimerEvent: {}
[67.795012] (-) TimerEvent: {}
[67.895341] (-) TimerEvent: {}
[67.995674] (-) TimerEvent: {}
[68.095950] (-) TimerEvent: {}
[68.196315] (-) TimerEvent: {}
[68.296546] (-) TimerEvent: {}
[68.396803] (-) TimerEvent: {}
[68.497159] (-) TimerEvent: {}
[68.597542] (-) TimerEvent: {}
[68.697879] (-) TimerEvent: {}
[68.798209] (-) TimerEvent: {}
[68.898534] (-) TimerEvent: {}
[68.998857] (-) TimerEvent: {}
[69.099087] (-) TimerEvent: {}
[69.199365] (-) TimerEvent: {}
[69.299701] (-) TimerEvent: {}
[69.400044] (-) TimerEvent: {}
[69.500372] (-) TimerEvent: {}
[69.600771] (-) TimerEvent: {}
[69.701103] (-) TimerEvent: {}
[69.801440] (-) TimerEvent: {}
[69.901789] (-) TimerEvent: {}
[70.002110] (-) TimerEvent: {}
[70.102378] (-) TimerEvent: {}
[70.202644] (-) TimerEvent: {}
[70.213773] (isaac_ros_tensor_proc) StdoutLine: {'line': b'[ 45%] \x1b[32m\x1b[1mLinking CXX shared library libreshape_node.so\x1b[0m\n'}
[70.302747] (-) TimerEvent: {}
[70.403010] (-) TimerEvent: {}
[70.413855] (isaac_ros_tensor_proc) StdoutLine: {'line': b'[ 45%] Built target reshape_node\n'}
[70.434669] (isaac_ros_tensor_proc) StdoutLine: {'line': b'[ 54%] \x1b[32mBuilding CXX object CMakeFiles/image_to_tensor_node.dir/src/image_to_tensor_node.cpp.o\x1b[0m\n'}
[70.503243] (-) TimerEvent: {}
[70.603585] (-) TimerEvent: {}
[70.703850] (-) TimerEvent: {}
[70.804416] (-) TimerEvent: {}
[70.904709] (-) TimerEvent: {}
[71.005072] (-) TimerEvent: {}
[71.105434] (-) TimerEvent: {}
[71.205802] (-) TimerEvent: {}
[71.306173] (-) TimerEvent: {}
[71.406541] (-) TimerEvent: {}
[71.506904] (-) TimerEvent: {}
[71.607555] (-) TimerEvent: {}
[71.707925] (-) TimerEvent: {}
[71.808499] (-) TimerEvent: {}
[71.908844] (-) TimerEvent: {}
[72.009192] (-) TimerEvent: {}
[72.109533] (-) TimerEvent: {}
[72.209887] (-) TimerEvent: {}
[72.310236] (-) TimerEvent: {}
[72.410575] (-) TimerEvent: {}
[72.510926] (-) TimerEvent: {}
[72.611273] (-) TimerEvent: {}
[72.711619] (-) TimerEvent: {}
[72.811960] (-) TimerEvent: {}
[72.912309] (-) TimerEvent: {}
[73.012556] (-) TimerEvent: {}
[73.112825] (-) TimerEvent: {}
[73.213155] (-) TimerEvent: {}
[73.313494] (-) TimerEvent: {}
[73.413915] (-) TimerEvent: {}
[73.514290] (-) TimerEvent: {}
[73.614661] (-) TimerEvent: {}
[73.715025] (-) TimerEvent: {}
[73.815369] (-) TimerEvent: {}
[73.915706] (-) TimerEvent: {}
[74.016045] (-) TimerEvent: {}
[74.116376] (-) TimerEvent: {}
[74.216733] (-) TimerEvent: {}
[74.317081] (-) TimerEvent: {}
[74.417418] (-) TimerEvent: {}
[74.517694] (-) TimerEvent: {}
[74.618047] (-) TimerEvent: {}
[74.718402] (-) TimerEvent: {}
[74.818762] (-) TimerEvent: {}
[74.919130] (-) TimerEvent: {}
[75.019479] (-) TimerEvent: {}
[75.119817] (-) TimerEvent: {}
[75.220170] (-) TimerEvent: {}
[75.320547] (-) TimerEvent: {}
[75.420795] (-) TimerEvent: {}
[75.521053] (-) TimerEvent: {}
[75.621393] (-) TimerEvent: {}
[75.721744] (-) TimerEvent: {}
[75.822090] (-) TimerEvent: {}
[75.922455] (-) TimerEvent: {}
[76.022801] (-) TimerEvent: {}
[76.123180] (-) TimerEvent: {}
[76.223605] (-) TimerEvent: {}
[76.323986] (-) TimerEvent: {}
[76.424369] (-) TimerEvent: {}
[76.524641] (-) TimerEvent: {}
[76.625004] (-) TimerEvent: {}
[76.725340] (-) TimerEvent: {}
[76.825688] (-) TimerEvent: {}
[76.926038] (-) TimerEvent: {}
[77.026502] (-) TimerEvent: {}
[77.126837] (-) TimerEvent: {}
[77.227115] (-) TimerEvent: {}
[77.327453] (-) TimerEvent: {}
[77.427798] (-) TimerEvent: {}
[77.528128] (-) TimerEvent: {}
[77.628381] (-) TimerEvent: {}
[77.728639] (-) TimerEvent: {}
[77.828996] (-) TimerEvent: {}
[77.929338] (-) TimerEvent: {}
[78.029671] (-) TimerEvent: {}
[78.130004] (-) TimerEvent: {}
[78.230288] (-) TimerEvent: {}
[78.330646] (-) TimerEvent: {}
[78.430994] (-) TimerEvent: {}
[78.531353] (-) TimerEvent: {}
[78.631698] (-) TimerEvent: {}
[78.732055] (-) TimerEvent: {}
[78.832364] (-) TimerEvent: {}
[78.932699] (-) TimerEvent: {}
[79.033034] (-) TimerEvent: {}
[79.133370] (-) TimerEvent: {}
[79.233709] (-) TimerEvent: {}
[79.334054] (-) TimerEvent: {}
[79.434419] (-) TimerEvent: {}
[79.534797] (-) TimerEvent: {}
[79.635182] (-) TimerEvent: {}
[79.735572] (-) TimerEvent: {}
[79.835902] (-) TimerEvent: {}
[79.936351] (-) TimerEvent: {}
[80.036684] (-) TimerEvent: {}
[80.136934] (-) TimerEvent: {}
[80.237272] (-) TimerEvent: {}
[80.337616] (-) TimerEvent: {}
[80.437964] (-) TimerEvent: {}
[80.538328] (-) TimerEvent: {}
[80.638671] (-) TimerEvent: {}
[80.739010] (-) TimerEvent: {}
[80.839341] (-) TimerEvent: {}
[80.939601] (-) TimerEvent: {}
[81.039831] (-) TimerEvent: {}
[81.140157] (-) TimerEvent: {}
[81.240395] (-) TimerEvent: {}
[81.340642] (-) TimerEvent: {}
[81.440907] (-) TimerEvent: {}
[81.541264] (-) TimerEvent: {}
[81.641598] (-) TimerEvent: {}
[81.741926] (-) TimerEvent: {}
[81.842266] (-) TimerEvent: {}
[81.942520] (-) TimerEvent: {}
[82.042881] (-) TimerEvent: {}
[82.143208] (-) TimerEvent: {}
[82.243535] (-) TimerEvent: {}
[82.343861] (-) TimerEvent: {}
[82.444186] (-) TimerEvent: {}
[82.544435] (-) TimerEvent: {}
[82.644693] (-) TimerEvent: {}
[82.745175] (-) TimerEvent: {}
[82.845585] (-) TimerEvent: {}
[82.945989] (-) TimerEvent: {}
[83.046401] (-) TimerEvent: {}
[83.146824] (-) TimerEvent: {}
[83.247296] (-) TimerEvent: {}
[83.347715] (-) TimerEvent: {}
[83.448118] (-) TimerEvent: {}
[83.548545] (-) TimerEvent: {}
[83.648878] (-) TimerEvent: {}
[83.749290] (-) TimerEvent: {}
[83.849699] (-) TimerEvent: {}
[83.950107] (-) TimerEvent: {}
[84.050514] (-) TimerEvent: {}
[84.150914] (-) TimerEvent: {}
[84.251322] (-) TimerEvent: {}
[84.351635] (-) TimerEvent: {}
[84.452104] (-) TimerEvent: {}
[84.552555] (-) TimerEvent: {}
[84.652821] (-) TimerEvent: {}
[84.753167] (-) TimerEvent: {}
[84.853451] (-) TimerEvent: {}
[84.953788] (-) TimerEvent: {}
[85.054118] (-) TimerEvent: {}
[85.154457] (-) TimerEvent: {}
[85.254716] (-) TimerEvent: {}
[85.355106] (-) TimerEvent: {}
[85.455434] (-) TimerEvent: {}
[85.555763] (-) TimerEvent: {}
[85.656084] (-) TimerEvent: {}
[85.756370] (-) TimerEvent: {}
[85.856596] (-) TimerEvent: {}
[85.956863] (-) TimerEvent: {}
[86.057196] (-) TimerEvent: {}
[86.157467] (-) TimerEvent: {}
[86.257810] (-) TimerEvent: {}
[86.358059] (-) TimerEvent: {}
[86.458434] (-) TimerEvent: {}
[86.558775] (-) TimerEvent: {}
[86.659102] (-) TimerEvent: {}
[86.759434] (-) TimerEvent: {}
[86.859771] (-) TimerEvent: {}
[86.960107] (-) TimerEvent: {}
[87.060371] (-) TimerEvent: {}
[87.160597] (-) TimerEvent: {}
[87.260865] (-) TimerEvent: {}
[87.361197] (-) TimerEvent: {}
[87.461534] (-) TimerEvent: {}
[87.561875] (-) TimerEvent: {}
[87.662198] (-) TimerEvent: {}
[87.762547] (-) TimerEvent: {}
[87.862924] (-) TimerEvent: {}
[87.963152] (-) TimerEvent: {}
[88.063507] (-) TimerEvent: {}
[88.163785] (-) TimerEvent: {}
[88.264107] (-) TimerEvent: {}
[88.364359] (-) TimerEvent: {}
[88.464707] (-) TimerEvent: {}
[88.565090] (-) TimerEvent: {}
[88.665416] (-) TimerEvent: {}
[88.765748] (-) TimerEvent: {}
[88.866010] (-) TimerEvent: {}
[88.966332] (-) TimerEvent: {}
[89.066699] (-) TimerEvent: {}
[89.167020] (-) TimerEvent: {}
[89.267358] (-) TimerEvent: {}
[89.367696] (-) TimerEvent: {}
[89.468048] (-) TimerEvent: {}
[89.568364] (-) TimerEvent: {}
[89.668597] (-) TimerEvent: {}
[89.768956] (-) TimerEvent: {}
[89.869335] (-) TimerEvent: {}
[89.969689] (-) TimerEvent: {}
[90.069937] (-) TimerEvent: {}
[90.170331] (-) TimerEvent: {}
[90.270692] (-) TimerEvent: {}
[90.371052] (-) TimerEvent: {}
[90.471386] (-) TimerEvent: {}
[90.571732] (-) TimerEvent: {}
[90.579472] (isaac_ros_tensor_proc) StdoutLine: {'line': b'[ 63%] \x1b[32m\x1b[1mLinking CXX shared library libimage_to_tensor_node.so\x1b[0m\n'}
[90.671923] (-) TimerEvent: {}
[90.772271] (-) TimerEvent: {}
[90.872616] (-) TimerEvent: {}
[90.972887] (-) TimerEvent: {}
[91.052882] (isaac_ros_tensor_proc) StdoutLine: {'line': b'[ 63%] Built target image_to_tensor_node\n'}
[91.073096] (-) TimerEvent: {}
[91.079938] (isaac_ros_tensor_proc) StdoutLine: {'line': b'[ 72%] \x1b[32mBuilding CXX object CMakeFiles/image_tensor_normalize_node.dir/src/image_tensor_normalize_node.cpp.o\x1b[0m\n'}
[91.173307] (-) TimerEvent: {}
[91.273736] (-) TimerEvent: {}
[91.374065] (-) TimerEvent: {}
[91.474402] (-) TimerEvent: {}
[91.574737] (-) TimerEvent: {}
[91.675068] (-) TimerEvent: {}
[91.775411] (-) TimerEvent: {}
[91.875765] (-) TimerEvent: {}
[91.976122] (-) TimerEvent: {}
[92.076383] (-) TimerEvent: {}
[92.176626] (-) TimerEvent: {}
[92.276981] (-) TimerEvent: {}
[92.377313] (-) TimerEvent: {}
[92.477660] (-) TimerEvent: {}
[92.578012] (-) TimerEvent: {}
[92.678351] (-) TimerEvent: {}
[92.778694] (-) TimerEvent: {}
[92.879053] (-) TimerEvent: {}
[92.979409] (-) TimerEvent: {}
[93.079750] (-) TimerEvent: {}
[93.180112] (-) TimerEvent: {}
[93.280395] (-) TimerEvent: {}
[93.380702] (-) TimerEvent: {}
[93.481038] (-) TimerEvent: {}
[93.581378] (-) TimerEvent: {}
[93.681718] (-) TimerEvent: {}
[93.782069] (-) TimerEvent: {}
[93.882412] (-) TimerEvent: {}
[93.982755] (-) TimerEvent: {}
[94.083133] (-) TimerEvent: {}
[94.183491] (-) TimerEvent: {}
[94.283850] (-) TimerEvent: {}
[94.384190] (-) TimerEvent: {}
[94.484440] (-) TimerEvent: {}
[94.584785] (-) TimerEvent: {}
[94.685123] (-) TimerEvent: {}
[94.785471] (-) TimerEvent: {}
[94.885809] (-) TimerEvent: {}
[94.986076] (-) TimerEvent: {}
[95.086438] (-) TimerEvent: {}
[95.186801] (-) TimerEvent: {}
[95.287160] (-) TimerEvent: {}
[95.387604] (-) TimerEvent: {}
[95.487987] (-) TimerEvent: {}
[95.588335] (-) TimerEvent: {}
[95.688676] (-) TimerEvent: {}
[95.788955] (-) TimerEvent: {}
[95.889315] (-) TimerEvent: {}
[95.989660] (-) TimerEvent: {}
[96.090003] (-) TimerEvent: {}
[96.190336] (-) TimerEvent: {}
[96.290668] (-) TimerEvent: {}
[96.390900] (-) TimerEvent: {}
[96.491132] (-) TimerEvent: {}
[96.591457] (-) TimerEvent: {}
[96.691801] (-) TimerEvent: {}
[96.792139] (-) TimerEvent: {}
[96.892491] (-) TimerEvent: {}
[96.992764] (-) TimerEvent: {}
[97.093038] (-) TimerEvent: {}
[97.193304] (-) TimerEvent: {}
[97.293654] (-) TimerEvent: {}
[97.393990] (-) TimerEvent: {}
[97.494242] (-) TimerEvent: {}
[97.594488] (-) TimerEvent: {}
[97.694817] (-) TimerEvent: {}
[97.795076] (-) TimerEvent: {}
[97.895414] (-) TimerEvent: {}
[97.995739] (-) TimerEvent: {}
[98.096071] (-) TimerEvent: {}
[98.196381] (-) TimerEvent: {}
[98.296616] (-) TimerEvent: {}
[98.396889] (-) TimerEvent: {}
[98.497273] (-) TimerEvent: {}
[98.597631] (-) TimerEvent: {}
[98.697969] (-) TimerEvent: {}
[98.798314] (-) TimerEvent: {}
[98.898642] (-) TimerEvent: {}
[98.998969] (-) TimerEvent: {}
[99.099298] (-) TimerEvent: {}
[99.199680] (-) TimerEvent: {}
[99.300031] (-) TimerEvent: {}
[99.400386] (-) TimerEvent: {}
[99.500640] (-) TimerEvent: {}
[99.600968] (-) TimerEvent: {}
[99.701305] (-) TimerEvent: {}
[99.801633] (-) TimerEvent: {}
[99.901965] (-) TimerEvent: {}
[100.002301] (-) TimerEvent: {}
[100.102580] (-) TimerEvent: {}
[100.202827] (-) TimerEvent: {}
[100.303194] (-) TimerEvent: {}
[100.403540] (-) TimerEvent: {}
[100.503862] (-) TimerEvent: {}
[100.604196] (-) TimerEvent: {}
[100.704453] (-) TimerEvent: {}
[100.804729] (-) TimerEvent: {}
[100.905114] (-) TimerEvent: {}
[101.005453] (-) TimerEvent: {}
[101.105777] (-) TimerEvent: {}
[101.206115] (-) TimerEvent: {}
[101.306460] (-) TimerEvent: {}
[101.406787] (-) TimerEvent: {}
[101.507111] (-) TimerEvent: {}
[101.607435] (-) TimerEvent: {}
[101.707761] (-) TimerEvent: {}
[101.808092] (-) TimerEvent: {}
[101.908449] (-) TimerEvent: {}
[102.008717] (-) TimerEvent: {}
[102.108944] (-) TimerEvent: {}
[102.209303] (-) TimerEvent: {}
[102.309668] (-) TimerEvent: {}
[102.410002] (-) TimerEvent: {}
[102.510327] (-) TimerEvent: {}
[102.610660] (-) TimerEvent: {}
[102.710990] (-) TimerEvent: {}
[102.811327] (-) TimerEvent: {}
[102.911699] (-) TimerEvent: {}
[103.012159] (-) TimerEvent: {}
[103.112395] (-) TimerEvent: {}
[103.212620] (-) TimerEvent: {}
[103.312947] (-) TimerEvent: {}
[103.413288] (-) TimerEvent: {}
[103.513612] (-) TimerEvent: {}
[103.613936] (-) TimerEvent: {}
[103.714259] (-) TimerEvent: {}
[103.814494] (-) TimerEvent: {}
[103.898327] (isaac_ros_tensor_proc) StdoutLine: {'line': b'[ 81%] \x1b[32m\x1b[1mLinking CXX shared library libimage_tensor_normalize_node.so\x1b[0m\n'}
[103.914592] (-) TimerEvent: {}
[104.014958] (-) TimerEvent: {}
[104.115285] (-) TimerEvent: {}
[104.215620] (-) TimerEvent: {}
[104.315861] (-) TimerEvent: {}
[104.329385] (isaac_ros_tensor_proc) StdoutLine: {'line': b'[ 81%] Built target image_tensor_normalize_node\n'}
[104.352061] (isaac_ros_tensor_proc) StdoutLine: {'line': b'[ 90%] \x1b[32mBuilding CXX object CMakeFiles/normalize_node.dir/src/normalize_node.cpp.o\x1b[0m\n'}
[104.416049] (-) TimerEvent: {}
[104.516403] (-) TimerEvent: {}
[104.616646] (-) TimerEvent: {}
[104.716917] (-) TimerEvent: {}
[104.817253] (-) TimerEvent: {}
[104.917633] (-) TimerEvent: {}
[105.017981] (-) TimerEvent: {}
[105.118344] (-) TimerEvent: {}
[105.218708] (-) TimerEvent: {}
[105.319055] (-) TimerEvent: {}
[105.419384] (-) TimerEvent: {}
[105.519722] (-) TimerEvent: {}
[105.620062] (-) TimerEvent: {}
[105.720455] (-) TimerEvent: {}
[105.820797] (-) TimerEvent: {}
[105.921156] (-) TimerEvent: {}
[106.021503] (-) TimerEvent: {}
[106.121844] (-) TimerEvent: {}
[106.222176] (-) TimerEvent: {}
[106.322514] (-) TimerEvent: {}
[106.422851] (-) TimerEvent: {}
[106.523190] (-) TimerEvent: {}
[106.623555] (-) TimerEvent: {}
[106.723907] (-) TimerEvent: {}
[106.824258] (-) TimerEvent: {}
[106.924499] (-) TimerEvent: {}
[107.024739] (-) TimerEvent: {}
[107.125069] (-) TimerEvent: {}
[107.225353] (-) TimerEvent: {}
[107.325681] (-) TimerEvent: {}
[107.426029] (-) TimerEvent: {}
[107.526381] (-) TimerEvent: {}
[107.626756] (-) TimerEvent: {}
[107.727095] (-) TimerEvent: {}
[107.827443] (-) TimerEvent: {}
[107.927787] (-) TimerEvent: {}
[108.028121] (-) TimerEvent: {}
[108.128475] (-) TimerEvent: {}
[108.228720] (-) TimerEvent: {}
[108.329075] (-) TimerEvent: {}
[108.429437] (-) TimerEvent: {}
[108.529795] (-) TimerEvent: {}
[108.630165] (-) TimerEvent: {}
[108.730522] (-) TimerEvent: {}
[108.830888] (-) TimerEvent: {}
[108.931228] (-) TimerEvent: {}
[109.031561] (-) TimerEvent: {}
[109.131911] (-) TimerEvent: {}
[109.232269] (-) TimerEvent: {}
[109.332612] (-) TimerEvent: {}
[109.432945] (-) TimerEvent: {}
[109.533278] (-) TimerEvent: {}
[109.633627] (-) TimerEvent: {}
[109.733872] (-) TimerEvent: {}
[109.834201] (-) TimerEvent: {}
[109.934548] (-) TimerEvent: {}
[110.034920] (-) TimerEvent: {}
[110.135276] (-) TimerEvent: {}
[110.235636] (-) TimerEvent: {}
[110.336012] (-) TimerEvent: {}
[110.436377] (-) TimerEvent: {}
[110.536611] (-) TimerEvent: {}
[110.636945] (-) TimerEvent: {}
[110.737229] (-) TimerEvent: {}
[110.837568] (-) TimerEvent: {}
[110.937953] (-) TimerEvent: {}
[111.038311] (-) TimerEvent: {}
[111.138649] (-) TimerEvent: {}
[111.238978] (-) TimerEvent: {}
[111.339214] (-) TimerEvent: {}
[111.439547] (-) TimerEvent: {}
[111.539878] (-) TimerEvent: {}
[111.640217] (-) TimerEvent: {}
[111.740555] (-) TimerEvent: {}
[111.840899] (-) TimerEvent: {}
[111.941227] (-) TimerEvent: {}
[112.041567] (-) TimerEvent: {}
[112.141911] (-) TimerEvent: {}
[112.242267] (-) TimerEvent: {}
[112.342628] (-) TimerEvent: {}
[112.442991] (-) TimerEvent: {}
[112.543344] (-) TimerEvent: {}
[112.643702] (-) TimerEvent: {}
[112.744041] (-) TimerEvent: {}
[112.844419] (-) TimerEvent: {}
[112.944714] (-) TimerEvent: {}
[113.045161] (-) TimerEvent: {}
[113.145484] (-) TimerEvent: {}
[113.245819] (-) TimerEvent: {}
[113.346142] (-) TimerEvent: {}
[113.446475] (-) TimerEvent: {}
[113.546816] (-) TimerEvent: {}
[113.647159] (-) TimerEvent: {}
[113.747422] (-) TimerEvent: {}
[113.847741] (-) TimerEvent: {}
[113.947977] (-) TimerEvent: {}
[114.048380] (-) TimerEvent: {}
[114.148780] (-) TimerEvent: {}
[114.249130] (-) TimerEvent: {}
[114.349406] (-) TimerEvent: {}
[114.449737] (-) TimerEvent: {}
[114.550061] (-) TimerEvent: {}
[114.650395] (-) TimerEvent: {}
[114.750742] (-) TimerEvent: {}
[114.851087] (-) TimerEvent: {}
[114.951420] (-) TimerEvent: {}
[115.051746] (-) TimerEvent: {}
[115.152085] (-) TimerEvent: {}
[115.252429] (-) TimerEvent: {}
[115.352794] (-) TimerEvent: {}
[115.453124] (-) TimerEvent: {}
[115.553472] (-) TimerEvent: {}
[115.653820] (-) TimerEvent: {}
[115.754159] (-) TimerEvent: {}
[115.854497] (-) TimerEvent: {}
[115.954843] (-) TimerEvent: {}
[116.055168] (-) TimerEvent: {}
[116.155498] (-) TimerEvent: {}
[116.255841] (-) TimerEvent: {}
[116.356172] (-) TimerEvent: {}
[116.456518] (-) TimerEvent: {}
[116.556846] (-) TimerEvent: {}
[116.657116] (-) TimerEvent: {}
[116.757467] (-) TimerEvent: {}
[116.857721] (-) TimerEvent: {}
[116.957963] (-) TimerEvent: {}
[117.058226] (-) TimerEvent: {}
[117.158493] (-) TimerEvent: {}
[117.258754] (-) TimerEvent: {}
[117.359023] (-) TimerEvent: {}
[117.459278] (-) TimerEvent: {}
[117.559532] (-) TimerEvent: {}
[117.659793] (-) TimerEvent: {}
[117.760058] (-) TimerEvent: {}
[117.860323] (-) TimerEvent: {}
[117.960575] (-) TimerEvent: {}
[118.060829] (-) TimerEvent: {}
[118.161094] (-) TimerEvent: {}
[118.261447] (-) TimerEvent: {}
[118.361772] (-) TimerEvent: {}
[118.462107] (-) TimerEvent: {}
[118.562439] (-) TimerEvent: {}
[118.662782] (-) TimerEvent: {}
[118.763054] (-) TimerEvent: {}
[118.863435] (-) TimerEvent: {}
[118.963783] (-) TimerEvent: {}
[119.064159] (-) TimerEvent: {}
[119.164545] (-) TimerEvent: {}
[119.264896] (-) TimerEvent: {}
[119.365278] (-) TimerEvent: {}
[119.465601] (-) TimerEvent: {}
[119.565934] (-) TimerEvent: {}
[119.666270] (-) TimerEvent: {}
[119.766607] (-) TimerEvent: {}
[119.866944] (-) TimerEvent: {}
[119.967302] (-) TimerEvent: {}
[120.067639] (-) TimerEvent: {}
[120.167985] (-) TimerEvent: {}
[120.268341] (-) TimerEvent: {}
[120.368588] (-) TimerEvent: {}
[120.468935] (-) TimerEvent: {}
[120.569358] (-) TimerEvent: {}
[120.669699] (-) TimerEvent: {}
[120.770018] (-) TimerEvent: {}
[120.870358] (-) TimerEvent: {}
[120.970704] (-) TimerEvent: {}
[121.071039] (-) TimerEvent: {}
[121.171398] (-) TimerEvent: {}
[121.271761] (-) TimerEvent: {}
[121.372098] (-) TimerEvent: {}
[121.472368] (-) TimerEvent: {}
[121.572638] (-) TimerEvent: {}
[121.672961] (-) TimerEvent: {}
[121.773284] (-) TimerEvent: {}
[121.873612] (-) TimerEvent: {}
[121.973954] (-) TimerEvent: {}
[122.074280] (-) TimerEvent: {}
[122.174603] (-) TimerEvent: {}
[122.274947] (-) TimerEvent: {}
[122.375294] (-) TimerEvent: {}
[122.475539] (-) TimerEvent: {}
[122.575911] (-) TimerEvent: {}
[122.676266] (-) TimerEvent: {}
[122.776515] (-) TimerEvent: {}
[122.876761] (-) TimerEvent: {}
[122.977216] (-) TimerEvent: {}
[123.077587] (-) TimerEvent: {}
[123.177914] (-) TimerEvent: {}
[123.278247] (-) TimerEvent: {}
[123.378572] (-) TimerEvent: {}
[123.478905] (-) TimerEvent: {}
[123.579138] (-) TimerEvent: {}
[123.679461] (-) TimerEvent: {}
[123.779795] (-) TimerEvent: {}
[123.880141] (-) TimerEvent: {}
[123.980439] (-) TimerEvent: {}
[124.080825] (-) TimerEvent: {}
[124.181210] (-) TimerEvent: {}
[124.281575] (-) TimerEvent: {}
[124.288169] (isaac_ros_tensor_proc) StdoutLine: {'line': b'[100%] \x1b[32m\x1b[1mLinking CXX shared library libnormalize_node.so\x1b[0m\n'}
[124.381762] (-) TimerEvent: {}
[124.482094] (-) TimerEvent: {}
[124.582432] (-) TimerEvent: {}
[124.649246] (isaac_ros_tensor_proc) StdoutLine: {'line': b'[100%] Built target normalize_node\n'}
[124.657221] (isaac_ros_tensor_proc) CommandEnded: {'returncode': 0}
[124.657759] (isaac_ros_tensor_proc) JobProgress: {'identifier': 'isaac_ros_tensor_proc', 'progress': 'install'}
[124.657933] (isaac_ros_tensor_proc) Command: {'cmd': ['/usr/bin/cmake', '--install', '/workspaces/isaac_ros-dev/build/isaac_ros_tensor_proc'], 'cwd': '/workspaces/isaac_ros-dev/build/isaac_ros_tensor_proc', 'env': OrderedDict([('DALI_BUILD', '16741769'), ('LIBRARY_PATH', '/usr/local/cuda/lib64/stubs:'), ('NVIDIA_CTK_LIBCUDA_DIR', '/usr/lib/x86_64-linux-gnu/nvidia/current'), ('PYTHONWARNINGS', 'ignore:::setuptools.command.install,ignore:::setuptools.command.easy_install,ignore:::pkg_resources,ignore:::setuptools.command.develop'), ('USER', 'diego'), ('TRT_INC_PATH', '/usr/include/x86_64-linux-gnu'), ('TF_ADJUST_SATURATION_FUSED', '1'), ('CUSOLVER_VERSION', '11.6.4.38'), ('HOSTNAME', 'debian'), ('CUTENSOR_VERSION', '2.0.2.5'), ('SHLVL', '1'), ('LD_LIBRARY_PATH', '/workspaces/isaac_ros-dev/install/isaac_ros_managed_nitros/lib:/workspaces/isaac_ros-dev/install/isaac_ros_nitros_tensor_list_type/lib:/workspaces/isaac_ros-dev/install/isaac_ros_nitros_image_type/lib:/workspaces/isaac_ros-dev/install/isaac_ros_nitros/lib:/workspaces/isaac_ros-dev/install/gxf_isaac_gxf_helpers/lib:/workspaces/isaac_ros-dev/install/gxf_isaac_atlas/lib:/workspaces/isaac_ros-dev/install/gxf_isaac_sight/lib:/workspaces/isaac_ros-dev/install/gxf_isaac_optimizer/lib:/workspaces/isaac_ros-dev/install/gxf_isaac_message_compositor/lib:/workspaces/isaac_ros-dev/install/gxf_isaac_gems/lib:/workspaces/isaac_ros-dev/install/isaac_ros_tensor_list_interfaces/lib:/workspaces/isaac_ros-dev/install/isaac_ros_gxf/lib:/workspaces/isaac_ros-dev/install/isaac_ros_common/lib:/opt/ros/humble/opt/openvdb_vendor/lib:/opt/ros/humble/opt/rviz_ogre_vendor/lib:/opt/ros/humble/lib/x86_64-linux-gnu:/opt/ros/humble/lib:/usr/local/libcudss-linux-0.3.0.9_cuda12-archive/lib:/opt/hpcx/ucc/lib/:/opt/hpcx/ucx/lib/:/usr/local/cuda/compat/lib:/usr/local/nvidia/lib:/usr/local/nvidia/lib64:/opt/tritonserver/lib'), ('HOME', '/home/admin'), ('NVIDIA_TRITON_SERVER_VERSION', '24.08'), ('OLDPWD', '/workspaces/isaac_ros-dev'), ('HOST_USER_GID', '1000'), ('CUDA_CACHE_DISABLE', '1'), ('ROS_PYTHON_VERSION', '3'), ('MODEL_OPT_VERSION', '0.15.0'), ('ENV', '/etc/shinit_v2'), ('RDMACORE_VERSION', '39.0'), ('NVJPEG_VERSION', '12.3.3.23'), ('NVIDIA_BUILD_ID', '107631419'), ('CUDA_VERSION', '12.6.0.022'), ('TCMALLOC_RELEASE_RATE', '200'), ('CUBLAS_VERSION', '12.6.0.22'), ('NSIGHT_SYSTEMS_VERSION', '2024.4.2.133'), ('COLCON_PREFIX_PATH', '/workspaces/isaac_ros-dev/install'), ('CUDA_VISIBLE_DEVICES', '0'), ('ROS_DISTRO', 'humble'), ('OPAL_PREFIX', '/opt/hpcx/ompi'), ('NVIDIA_REQUIRE_CUDA', 'cuda>=9.0'), ('TRT_VERSION', '10.3.0.26+cuda12.5.1.007'), ('GDRCOPY_VERSION', '2.3.1-1'), ('_', '/usr/bin/colcon'), ('ROS_VERSION', '2'), ('NVIDIA_DRIVER_CAPABILITIES', 'compute,utility,graphics'), ('POLYGRAPHY_VERSION', '0.49.13'), ('CURAND_VERSION', '10.3.7.37'), ('MOFED_VERSION', '5.4-rdmacore39.0'), ('USERNAME', 'admin'), ('TERM', 'xterm'), ('ISAAC_ROS_WS', '/workspaces/isaac_ros-dev'), ('ROS_LOCALHOST_ONLY', '0'), ('TRANSFORMER_ENGINE_VERSION', '1.9'), ('PATH', '/workspaces/isaac_ros-dev/install/isaac_ros_common/bin:/opt/ros/humble/bin:/opt/ros/humble/vcstool/scripts:/opt/tritonserver/bin:/usr/local/mpi/bin:/usr/local/nvidia/bin:/usr/local/cuda/bin:/usr/local/sbin:/usr/local/bin:/usr/sbin:/usr/bin:/sbin:/bin:/usr/local/ucx/bin'), ('HOST_USER_UID', '1000'), ('CUDSS_DIR', '/usr/local/libcudss-linux-0.3.0.9_cuda12-archive'), ('CUDA_DRIVER_VERSION', '560.35.03'), ('_CUDA_COMPAT_STATUS', 'Unknown error (CUDA_ERROR_UNKNOWN) cuInit()=999'), ('DISPLAY', ':1'), ('NVIDIA_PRODUCT_NAME', 'Triton Server'), ('LANG', 'en_US.UTF-8'), ('RMW_IMPLEMENTATION', 'rmw_fastrtps_cpp'), ('NPP_VERSION', '12.3.1.23'), ('ROS_ROOT', '/opt/ros/humble'), ('UCX_MEM_EVENTS', 'no'), ('CUFFT_VERSION', '11.2.6.28'), ('SSH_AUTH_SOCK', '/ssh-agent'), ('TF_ENABLE_WINOGRAD_NONFUSED', '1'), ('AMENT_PREFIX_PATH', '/workspaces/isaac_ros-dev/install/isaac_ros_managed_nitros:/workspaces/isaac_ros-dev/install/isaac_ros_nitros_tensor_list_type:/workspaces/isaac_ros-dev/install/isaac_ros_nitros_image_type:/workspaces/isaac_ros-dev/install/isaac_ros_nitros:/workspaces/isaac_ros-dev/install/gxf_isaac_gxf_helpers:/workspaces/isaac_ros-dev/install/gxf_isaac_atlas:/workspaces/isaac_ros-dev/install/gxf_isaac_sight:/workspaces/isaac_ros-dev/install/gxf_isaac_optimizer:/workspaces/isaac_ros-dev/install/gxf_isaac_message_compositor:/workspaces/isaac_ros-dev/install/gxf_isaac_gems:/workspaces/isaac_ros-dev/install/isaac_ros_test:/workspaces/isaac_ros-dev/install/isaac_ros_tensor_list_interfaces:/workspaces/isaac_ros-dev/install/isaac_ros_gxf:/workspaces/isaac_ros-dev/install/isaac_ros_launch_utils:/workspaces/isaac_ros-dev/install/isaac_ros_common:/workspaces/isaac_ros-dev/install/isaac_common_py:/opt/ros/humble'), ('CUDNN_VERSION', '9.3.0.75'), ('NSIGHT_COMPUTE_VERSION', '2024.3.0.15'), ('DALI_VERSION', '1.40.0'), ('DEBIAN_FRONTEND', 'noninteractive'), ('SHELL', '/bin/bash'), ('DCGM_VERSION', '3.2.6'), ('CUDNN_FRONTEND_VERSION', '1.5.2'), ('OPENMPI_VERSION', '4.1.7'), ('TRTOSS_VERSION', '24.08'), ('OMPI_MCA_coll_hcoll_enable', '0'), ('CUSPARSE_VERSION', '12.5.2.23'), ('NVIDIA_REQUIRE_JETPACK_HOST_MOUNTS', ''), ('TRITON_SERVER_GPU_ENABLED', '1'), ('TRITON_SERVER_VERSION', '2.49.0'), ('BASH_ENV', '/etc/bash.bashrc'), ('PWD', '/workspaces/isaac_ros-dev/build/isaac_ros_tensor_proc'), ('CUSPARSELT_VERSION', '0.6.2.3'), ('PYTHONPATH', '/workspaces/isaac_ros-dev/build/isaac_ros_test:/workspaces/isaac_ros-dev/install/isaac_ros_test/lib/python3.10/site-packages:/workspaces/isaac_ros-dev/install/isaac_ros_tensor_list_interfaces/local/lib/python3.10/dist-packages:/workspaces/isaac_ros-dev/build/isaac_ros_launch_utils:/workspaces/isaac_ros-dev/install/isaac_ros_launch_utils/lib/python3.10/site-packages:/workspaces/isaac_ros-dev/install/isaac_ros_common/local/lib/python3.10/dist-packages:/workspaces/isaac_ros-dev/build/isaac_common_py:/workspaces/isaac_ros-dev/install/isaac_common_py/lib/python3.10/site-packages:/opt/ros/humble/lib/python3.10/site-packages:/opt/ros/humble/local/lib/python3.10/dist-packages:/opt/ros/humble/vcstool:/opt/tritonserver/backends/dali/wheel/dali'), ('_CUDA_COMPAT_PATH', '/usr/local/cuda/compat'), ('TRITON_SERVER_USER', 'triton-server'), ('TF_ADJUST_HUE_FUSED', '1'), ('NVIDIA_VISIBLE_DEVICES', 'void'), ('NCCL_VERSION', '2.22.3'), ('COLCON', '1'), ('OPENUCX_VERSION', '1.17.0'), ('HPCX_VERSION', '2.19'), ('CMAKE_PREFIX_PATH', '/workspaces/isaac_ros-dev/install/isaac_ros_managed_nitros:/workspaces/isaac_ros-dev/install/isaac_ros_nitros_tensor_list_type:/workspaces/isaac_ros-dev/install/isaac_ros_nitros_image_type:/workspaces/isaac_ros-dev/install/isaac_ros_nitros:/workspaces/isaac_ros-dev/install/gxf_isaac_gxf_helpers:/workspaces/isaac_ros-dev/install/gxf_isaac_atlas:/workspaces/isaac_ros-dev/install/gxf_isaac_sight:/workspaces/isaac_ros-dev/install/gxf_isaac_optimizer:/workspaces/isaac_ros-dev/install/gxf_isaac_message_compositor:/workspaces/isaac_ros-dev/install/gxf_isaac_gems:/workspaces/isaac_ros-dev/install/isaac_ros_tensor_list_interfaces:/workspaces/isaac_ros-dev/install/isaac_ros_gxf:/workspaces/isaac_ros-dev/install/isaac_ros_common:/usr/local/libcudss-linux-0.3.0.9_cuda12-archive:/workspaces/isaac_ros-dev/install/isaac_ros_test:/workspaces/isaac_ros-dev/install/isaac_ros_launch_utils:/workspaces/isaac_ros-dev/install/isaac_common_py:/opt/ros/humble'), ('TF_AUTOTUNE_THRESHOLD', '2'), ('TRT_LIB_PATH', '/usr/lib/x86_64-linux-gnu')]), 'shell': False}
[124.665959] (isaac_ros_tensor_proc) StdoutLine: {'line': b'-- Install configuration: "Release"\n'}
[124.666440] (isaac_ros_tensor_proc) StdoutLine: {'line': b'-- Execute custom install script\n'}
[124.666709] (isaac_ros_tensor_proc) StdoutLine: {'line': b'-- Symlinking: /workspaces/isaac_ros-dev/install/isaac_ros_tensor_proc/share/isaac_ros_tensor_proc/version_info.yaml\n'}
[124.675219] (isaac_ros_tensor_proc) StdoutLine: {'line': b'-- Symlinking: /workspaces/isaac_ros-dev/install/isaac_ros_tensor_proc/include/isaac_ros_tensor_proc/image_tensor_normalize_node.hpp\n'}
[124.682563] (-) TimerEvent: {}
[124.682845] (isaac_ros_tensor_proc) StdoutLine: {'line': b'-- Symlinking: /workspaces/isaac_ros-dev/install/isaac_ros_tensor_proc/include/isaac_ros_tensor_proc/image_to_tensor_node.hpp\n'}
[124.693989] (isaac_ros_tensor_proc) StdoutLine: {'line': b'-- Symlinking: /workspaces/isaac_ros-dev/install/isaac_ros_tensor_proc/include/isaac_ros_tensor_proc/interleaved_to_planar_node.hpp\n'}
[124.705904] (isaac_ros_tensor_proc) StdoutLine: {'line': b'-- Symlinking: /workspaces/isaac_ros-dev/install/isaac_ros_tensor_proc/include/isaac_ros_tensor_proc/normalize_node.hpp\n'}
[124.716344] (isaac_ros_tensor_proc) StdoutLine: {'line': b'-- Symlinking: /workspaces/isaac_ros-dev/install/isaac_ros_tensor_proc/include/isaac_ros_tensor_proc/reshape_node.hpp\n'}
[124.725910] (isaac_ros_tensor_proc) StdoutLine: {'line': b'-- Symlinking: /workspaces/isaac_ros-dev/install/isaac_ros_tensor_proc/share/isaac_ros_tensor_proc/environment/library_path.sh\n'}
[124.738110] (isaac_ros_tensor_proc) StdoutLine: {'line': b'-- Symlinking: /workspaces/isaac_ros-dev/install/isaac_ros_tensor_proc/share/isaac_ros_tensor_proc/environment/library_path.dsv\n'}
[124.748037] (isaac_ros_tensor_proc) StdoutLine: {'line': b'-- Symlinking: /workspaces/isaac_ros-dev/install/isaac_ros_tensor_proc/lib/libinterleaved_to_planar_node.so\n'}
[124.754678] (isaac_ros_tensor_proc) StdoutLine: {'line': b'-- Symlinking: /workspaces/isaac_ros-dev/install/isaac_ros_tensor_proc/lib/libreshape_node.so\n'}
[124.761547] (isaac_ros_tensor_proc) StdoutLine: {'line': b'-- Symlinking: /workspaces/isaac_ros-dev/install/isaac_ros_tensor_proc/lib/libimage_to_tensor_node.so\n'}
[124.769308] (isaac_ros_tensor_proc) StdoutLine: {'line': b'-- Symlinking: /workspaces/isaac_ros-dev/install/isaac_ros_tensor_proc/lib/libimage_tensor_normalize_node.so\n'}
[124.776887] (isaac_ros_tensor_proc) StdoutLine: {'line': b'-- Symlinking: /workspaces/isaac_ros-dev/install/isaac_ros_tensor_proc/lib/libnormalize_node.so\n'}
[124.782668] (-) TimerEvent: {}
[124.788223] (isaac_ros_tensor_proc) StdoutLine: {'line': b'-- Symlinking: /workspaces/isaac_ros-dev/install/isaac_ros_tensor_proc/share/isaac_ros_tensor_proc/config/interleaved_to_planar_node.yaml\n'}
[124.800105] (isaac_ros_tensor_proc) StdoutLine: {'line': b'-- Symlinking: /workspaces/isaac_ros-dev/install/isaac_ros_tensor_proc/share/isaac_ros_tensor_proc/config/namespace_injector_rule_interleaved_to_planar.yaml\n'}
[124.813306] (isaac_ros_tensor_proc) StdoutLine: {'line': b'-- Symlinking: /workspaces/isaac_ros-dev/install/isaac_ros_tensor_proc/share/isaac_ros_tensor_proc/config/namespace_injector_rule_normalizer.yaml\n'}
[124.823481] (isaac_ros_tensor_proc) StdoutLine: {'line': b'-- Symlinking: /workspaces/isaac_ros-dev/install/isaac_ros_tensor_proc/share/isaac_ros_tensor_proc/config/namespace_injector_rule_reshaper.yaml\n'}
[124.834318] (isaac_ros_tensor_proc) StdoutLine: {'line': b'-- Symlinking: /workspaces/isaac_ros-dev/install/isaac_ros_tensor_proc/share/isaac_ros_tensor_proc/config/normalizer_node.yaml\n'}
[124.841375] (isaac_ros_tensor_proc) StdoutLine: {'line': b'-- Symlinking: /workspaces/isaac_ros-dev/install/isaac_ros_tensor_proc/share/isaac_ros_tensor_proc/config/reshape_node.yaml\n'}
[124.847958] (isaac_ros_tensor_proc) StdoutLine: {'line': b'-- Symlinking: /workspaces/isaac_ros-dev/install/isaac_ros_tensor_proc/share/ament_index/resource_index/package_run_dependencies/isaac_ros_tensor_proc\n'}
[124.855839] (isaac_ros_tensor_proc) StdoutLine: {'line': b'-- Symlinking: /workspaces/isaac_ros-dev/install/isaac_ros_tensor_proc/share/ament_index/resource_index/parent_prefix_path/isaac_ros_tensor_proc\n'}
[124.863724] (isaac_ros_tensor_proc) StdoutLine: {'line': b'-- Symlinking: /workspaces/isaac_ros-dev/install/isaac_ros_tensor_proc/share/isaac_ros_tensor_proc/environment/ament_prefix_path.sh\n'}
[124.871963] (isaac_ros_tensor_proc) StdoutLine: {'line': b'-- Symlinking: /workspaces/isaac_ros-dev/install/isaac_ros_tensor_proc/share/isaac_ros_tensor_proc/environment/ament_prefix_path.dsv\n'}
[124.879640] (isaac_ros_tensor_proc) StdoutLine: {'line': b'-- Symlinking: /workspaces/isaac_ros-dev/install/isaac_ros_tensor_proc/share/isaac_ros_tensor_proc/environment/path.sh\n'}
[124.882836] (-) TimerEvent: {}
[124.885811] (isaac_ros_tensor_proc) StdoutLine: {'line': b'-- Symlinking: /workspaces/isaac_ros-dev/install/isaac_ros_tensor_proc/share/isaac_ros_tensor_proc/environment/path.dsv\n'}
[124.892058] (isaac_ros_tensor_proc) StdoutLine: {'line': b'-- Symlinking: /workspaces/isaac_ros-dev/install/isaac_ros_tensor_proc/share/isaac_ros_tensor_proc/local_setup.bash\n'}
[124.903927] (isaac_ros_tensor_proc) StdoutLine: {'line': b'-- Symlinking: /workspaces/isaac_ros-dev/install/isaac_ros_tensor_proc/share/isaac_ros_tensor_proc/local_setup.sh\n'}
[124.917809] (isaac_ros_tensor_proc) StdoutLine: {'line': b'-- Symlinking: /workspaces/isaac_ros-dev/install/isaac_ros_tensor_proc/share/isaac_ros_tensor_proc/local_setup.zsh\n'}
[124.935510] (isaac_ros_tensor_proc) StdoutLine: {'line': b'-- Symlinking: /workspaces/isaac_ros-dev/install/isaac_ros_tensor_proc/share/isaac_ros_tensor_proc/local_setup.dsv\n'}
[124.950045] (isaac_ros_tensor_proc) StdoutLine: {'line': b'-- Symlinking: /workspaces/isaac_ros-dev/install/isaac_ros_tensor_proc/share/isaac_ros_tensor_proc/package.dsv\n'}
[124.957497] (isaac_ros_tensor_proc) StdoutLine: {'line': b'-- Symlinking: /workspaces/isaac_ros-dev/install/isaac_ros_tensor_proc/share/ament_index/resource_index/packages/isaac_ros_tensor_proc\n'}
[124.964180] (isaac_ros_tensor_proc) StdoutLine: {'line': b'-- Symlinking: /workspaces/isaac_ros-dev/install/isaac_ros_tensor_proc/share/ament_index/resource_index/rclcpp_components/isaac_ros_tensor_proc\n'}
[124.970309] (isaac_ros_tensor_proc) StdoutLine: {'line': b'-- Symlinking: /workspaces/isaac_ros-dev/install/isaac_ros_tensor_proc/share/isaac_ros_tensor_proc/cmake/ament_cmake_export_dependencies-extras.cmake\n'}
[124.977995] (isaac_ros_tensor_proc) StdoutLine: {'line': b'-- Symlinking: /workspaces/isaac_ros-dev/install/isaac_ros_tensor_proc/share/isaac_ros_tensor_proc/cmake/ament_cmake_export_include_directories-extras.cmake\n'}
[124.982939] (-) TimerEvent: {}
[124.988925] (isaac_ros_tensor_proc) StdoutLine: {'line': b'-- Symlinking: /workspaces/isaac_ros-dev/install/isaac_ros_tensor_proc/share/isaac_ros_tensor_proc/cmake/ament_cmake_export_libraries-extras.cmake\n'}
[125.000039] (isaac_ros_tensor_proc) StdoutLine: {'line': b'-- Symlinking: /workspaces/isaac_ros-dev/install/isaac_ros_tensor_proc/share/isaac_ros_tensor_proc/cmake/isaac_ros_tensor_procConfig.cmake\n'}
[125.011634] (isaac_ros_tensor_proc) StdoutLine: {'line': b'-- Symlinking: /workspaces/isaac_ros-dev/install/isaac_ros_tensor_proc/share/isaac_ros_tensor_proc/cmake/isaac_ros_tensor_procConfig-version.cmake\n'}
[125.022522] (isaac_ros_tensor_proc) StdoutLine: {'line': b'-- Symlinking: /workspaces/isaac_ros-dev/install/isaac_ros_tensor_proc/share/isaac_ros_tensor_proc/package.xml\n'}
[125.036723] (isaac_ros_tensor_proc) CommandEnded: {'returncode': 0}
[125.052311] (isaac_ros_tensor_proc) JobEnded: {'identifier': 'isaac_ros_tensor_proc', 'rc': 0}
[125.052961] (isaac_ros_dnn_image_encoder) JobStarted: {'identifier': 'isaac_ros_dnn_image_encoder'}
[125.083125] (-) TimerEvent: {}
[125.103756] (isaac_ros_dnn_image_encoder) JobProgress: {'identifier': 'isaac_ros_dnn_image_encoder', 'progress': 'cmake'}
[125.104585] (isaac_ros_dnn_image_encoder) Command: {'cmd': ['/usr/bin/cmake', '/workspaces/isaac_ros-dev/src/isaac_ros_dnn_inference/isaac_ros_dnn_image_encoder', '-DBUILD_TESTING=OFF', '-DAMENT_CMAKE_SYMLINK_INSTALL=1', '-DCMAKE_INSTALL_PREFIX=/workspaces/isaac_ros-dev/install/isaac_ros_dnn_image_encoder'], 'cwd': '/workspaces/isaac_ros-dev/build/isaac_ros_dnn_image_encoder', 'env': OrderedDict([('DALI_BUILD', '16741769'), ('LIBRARY_PATH', '/usr/local/cuda/lib64/stubs:'), ('NVIDIA_CTK_LIBCUDA_DIR', '/usr/lib/x86_64-linux-gnu/nvidia/current'), ('PYTHONWARNINGS', 'ignore:::setuptools.command.install,ignore:::setuptools.command.easy_install,ignore:::pkg_resources,ignore:::setuptools.command.develop'), ('USER', 'diego'), ('TRT_INC_PATH', '/usr/include/x86_64-linux-gnu'), ('TF_ADJUST_SATURATION_FUSED', '1'), ('CUSOLVER_VERSION', '11.6.4.38'), ('HOSTNAME', 'debian'), ('CUTENSOR_VERSION', '2.0.2.5'), ('SHLVL', '1'), ('LD_LIBRARY_PATH', '/workspaces/isaac_ros-dev/install/isaac_ros_tensor_proc/lib:/workspaces/isaac_ros-dev/install/isaac_ros_managed_nitros/lib:/workspaces/isaac_ros-dev/install/isaac_ros_nitros_tensor_list_type/lib:/workspaces/isaac_ros-dev/install/isaac_ros_nitros_image_type/lib:/workspaces/isaac_ros-dev/install/isaac_ros_nitros/lib:/workspaces/isaac_ros-dev/install/gxf_isaac_gxf_helpers/lib:/workspaces/isaac_ros-dev/install/gxf_isaac_atlas/lib:/workspaces/isaac_ros-dev/install/gxf_isaac_sight/lib:/workspaces/isaac_ros-dev/install/gxf_isaac_optimizer/lib:/workspaces/isaac_ros-dev/install/gxf_isaac_message_compositor/lib:/workspaces/isaac_ros-dev/install/gxf_isaac_gems/lib:/workspaces/isaac_ros-dev/install/isaac_ros_tensor_list_interfaces/lib:/workspaces/isaac_ros-dev/install/isaac_ros_gxf/lib:/workspaces/isaac_ros-dev/install/isaac_ros_common/lib:/opt/ros/humble/opt/openvdb_vendor/lib:/opt/ros/humble/opt/rviz_ogre_vendor/lib:/opt/ros/humble/lib/x86_64-linux-gnu:/opt/ros/humble/lib:/usr/local/libcudss-linux-0.3.0.9_cuda12-archive/lib:/opt/hpcx/ucc/lib/:/opt/hpcx/ucx/lib/:/usr/local/cuda/compat/lib:/usr/local/nvidia/lib:/usr/local/nvidia/lib64:/opt/tritonserver/lib'), ('HOME', '/home/admin'), ('NVIDIA_TRITON_SERVER_VERSION', '24.08'), ('OLDPWD', '/workspaces/isaac_ros-dev'), ('HOST_USER_GID', '1000'), ('CUDA_CACHE_DISABLE', '1'), ('ROS_PYTHON_VERSION', '3'), ('MODEL_OPT_VERSION', '0.15.0'), ('ENV', '/etc/shinit_v2'), ('RDMACORE_VERSION', '39.0'), ('NVJPEG_VERSION', '12.3.3.23'), ('NVIDIA_BUILD_ID', '107631419'), ('CUDA_VERSION', '12.6.0.022'), ('TCMALLOC_RELEASE_RATE', '200'), ('CUBLAS_VERSION', '12.6.0.22'), ('NSIGHT_SYSTEMS_VERSION', '2024.4.2.133'), ('COLCON_PREFIX_PATH', '/workspaces/isaac_ros-dev/install'), ('CUDA_VISIBLE_DEVICES', '0'), ('ROS_DISTRO', 'humble'), ('OPAL_PREFIX', '/opt/hpcx/ompi'), ('NVIDIA_REQUIRE_CUDA', 'cuda>=9.0'), ('TRT_VERSION', '10.3.0.26+cuda12.5.1.007'), ('GDRCOPY_VERSION', '2.3.1-1'), ('_', '/usr/bin/colcon'), ('ROS_VERSION', '2'), ('NVIDIA_DRIVER_CAPABILITIES', 'compute,utility,graphics'), ('POLYGRAPHY_VERSION', '0.49.13'), ('CURAND_VERSION', '10.3.7.37'), ('MOFED_VERSION', '5.4-rdmacore39.0'), ('USERNAME', 'admin'), ('TERM', 'xterm'), ('ISAAC_ROS_WS', '/workspaces/isaac_ros-dev'), ('ROS_LOCALHOST_ONLY', '0'), ('TRANSFORMER_ENGINE_VERSION', '1.9'), ('PATH', '/workspaces/isaac_ros-dev/install/isaac_ros_common/bin:/opt/ros/humble/bin:/opt/ros/humble/vcstool/scripts:/opt/tritonserver/bin:/usr/local/mpi/bin:/usr/local/nvidia/bin:/usr/local/cuda/bin:/usr/local/sbin:/usr/local/bin:/usr/sbin:/usr/bin:/sbin:/bin:/usr/local/ucx/bin'), ('HOST_USER_UID', '1000'), ('CUDSS_DIR', '/usr/local/libcudss-linux-0.3.0.9_cuda12-archive'), ('CUDA_DRIVER_VERSION', '560.35.03'), ('_CUDA_COMPAT_STATUS', 'Unknown error (CUDA_ERROR_UNKNOWN) cuInit()=999'), ('DISPLAY', ':1'), ('NVIDIA_PRODUCT_NAME', 'Triton Server'), ('LANG', 'en_US.UTF-8'), ('RMW_IMPLEMENTATION', 'rmw_fastrtps_cpp'), ('NPP_VERSION', '12.3.1.23'), ('ROS_ROOT', '/opt/ros/humble'), ('UCX_MEM_EVENTS', 'no'), ('CUFFT_VERSION', '11.2.6.28'), ('SSH_AUTH_SOCK', '/ssh-agent'), ('TF_ENABLE_WINOGRAD_NONFUSED', '1'), ('AMENT_PREFIX_PATH', '/workspaces/isaac_ros-dev/install/isaac_ros_tensor_proc:/workspaces/isaac_ros-dev/install/isaac_ros_managed_nitros:/workspaces/isaac_ros-dev/install/isaac_ros_nitros_tensor_list_type:/workspaces/isaac_ros-dev/install/isaac_ros_nitros_image_type:/workspaces/isaac_ros-dev/install/isaac_ros_nitros:/workspaces/isaac_ros-dev/install/gxf_isaac_gxf_helpers:/workspaces/isaac_ros-dev/install/gxf_isaac_atlas:/workspaces/isaac_ros-dev/install/gxf_isaac_sight:/workspaces/isaac_ros-dev/install/gxf_isaac_optimizer:/workspaces/isaac_ros-dev/install/gxf_isaac_message_compositor:/workspaces/isaac_ros-dev/install/gxf_isaac_gems:/workspaces/isaac_ros-dev/install/isaac_ros_test:/workspaces/isaac_ros-dev/install/isaac_ros_tensor_list_interfaces:/workspaces/isaac_ros-dev/install/isaac_ros_gxf:/workspaces/isaac_ros-dev/install/isaac_ros_launch_utils:/workspaces/isaac_ros-dev/install/isaac_ros_common:/workspaces/isaac_ros-dev/install/isaac_common_py:/opt/ros/humble'), ('CUDNN_VERSION', '9.3.0.75'), ('NSIGHT_COMPUTE_VERSION', '2024.3.0.15'), ('DALI_VERSION', '1.40.0'), ('DEBIAN_FRONTEND', 'noninteractive'), ('SHELL', '/bin/bash'), ('DCGM_VERSION', '3.2.6'), ('CUDNN_FRONTEND_VERSION', '1.5.2'), ('OPENMPI_VERSION', '4.1.7'), ('TRTOSS_VERSION', '24.08'), ('OMPI_MCA_coll_hcoll_enable', '0'), ('CUSPARSE_VERSION', '12.5.2.23'), ('NVIDIA_REQUIRE_JETPACK_HOST_MOUNTS', ''), ('TRITON_SERVER_GPU_ENABLED', '1'), ('TRITON_SERVER_VERSION', '2.49.0'), ('BASH_ENV', '/etc/bash.bashrc'), ('PWD', '/workspaces/isaac_ros-dev/build/isaac_ros_dnn_image_encoder'), ('CUSPARSELT_VERSION', '0.6.2.3'), ('PYTHONPATH', '/workspaces/isaac_ros-dev/build/isaac_ros_test:/workspaces/isaac_ros-dev/install/isaac_ros_test/lib/python3.10/site-packages:/workspaces/isaac_ros-dev/install/isaac_ros_tensor_list_interfaces/local/lib/python3.10/dist-packages:/workspaces/isaac_ros-dev/build/isaac_ros_launch_utils:/workspaces/isaac_ros-dev/install/isaac_ros_launch_utils/lib/python3.10/site-packages:/workspaces/isaac_ros-dev/install/isaac_ros_common/local/lib/python3.10/dist-packages:/workspaces/isaac_ros-dev/build/isaac_common_py:/workspaces/isaac_ros-dev/install/isaac_common_py/lib/python3.10/site-packages:/opt/ros/humble/lib/python3.10/site-packages:/opt/ros/humble/local/lib/python3.10/dist-packages:/opt/ros/humble/vcstool:/opt/tritonserver/backends/dali/wheel/dali'), ('_CUDA_COMPAT_PATH', '/usr/local/cuda/compat'), ('TRITON_SERVER_USER', 'triton-server'), ('TF_ADJUST_HUE_FUSED', '1'), ('NVIDIA_VISIBLE_DEVICES', 'void'), ('NCCL_VERSION', '2.22.3'), ('COLCON', '1'), ('OPENUCX_VERSION', '1.17.0'), ('HPCX_VERSION', '2.19'), ('CMAKE_PREFIX_PATH', '/workspaces/isaac_ros-dev/install/isaac_ros_tensor_proc:/workspaces/isaac_ros-dev/install/isaac_ros_managed_nitros:/workspaces/isaac_ros-dev/install/isaac_ros_nitros_tensor_list_type:/workspaces/isaac_ros-dev/install/isaac_ros_nitros_image_type:/workspaces/isaac_ros-dev/install/isaac_ros_nitros:/workspaces/isaac_ros-dev/install/gxf_isaac_gxf_helpers:/workspaces/isaac_ros-dev/install/gxf_isaac_atlas:/workspaces/isaac_ros-dev/install/gxf_isaac_sight:/workspaces/isaac_ros-dev/install/gxf_isaac_optimizer:/workspaces/isaac_ros-dev/install/gxf_isaac_message_compositor:/workspaces/isaac_ros-dev/install/gxf_isaac_gems:/workspaces/isaac_ros-dev/install/isaac_ros_tensor_list_interfaces:/workspaces/isaac_ros-dev/install/isaac_ros_gxf:/workspaces/isaac_ros-dev/install/isaac_ros_common:/usr/local/libcudss-linux-0.3.0.9_cuda12-archive:/workspaces/isaac_ros-dev/install/isaac_ros_test:/workspaces/isaac_ros-dev/install/isaac_ros_launch_utils:/workspaces/isaac_ros-dev/install/isaac_common_py:/opt/ros/humble'), ('TF_AUTOTUNE_THRESHOLD', '2'), ('TRT_LIB_PATH', '/usr/lib/x86_64-linux-gnu')]), 'shell': False}
[125.176687] (isaac_ros_dnn_image_encoder) StdoutLine: {'line': b'-- The C compiler identification is GNU 11.4.0\n'}
[125.183191] (-) TimerEvent: {}
[125.219357] (isaac_ros_dnn_image_encoder) StdoutLine: {'line': b'-- The CXX compiler identification is GNU 11.4.0\n'}
[125.283339] (-) TimerEvent: {}
[125.383698] (-) TimerEvent: {}
[125.484016] (-) TimerEvent: {}
[125.584302] (-) TimerEvent: {}
[125.684571] (-) TimerEvent: {}
[125.784929] (-) TimerEvent: {}
[125.885296] (-) TimerEvent: {}
[125.886789] (isaac_ros_dnn_image_encoder) StdoutLine: {'line': b'-- The CUDA compiler identification is NVIDIA 12.6.20\n'}
[125.891450] (isaac_ros_dnn_image_encoder) StdoutLine: {'line': b'-- Detecting C compiler ABI info\n'}
[125.967291] (isaac_ros_dnn_image_encoder) StdoutLine: {'line': b'-- Detecting C compiler ABI info - done\n'}
[125.972341] (isaac_ros_dnn_image_encoder) StdoutLine: {'line': b'-- Check for working C compiler: /usr/bin/cc - skipped\n'}
[125.972428] (isaac_ros_dnn_image_encoder) StdoutLine: {'line': b'-- Detecting C compile features\n'}
[125.972621] (isaac_ros_dnn_image_encoder) StdoutLine: {'line': b'-- Detecting C compile features - done\n'}
[125.974708] (isaac_ros_dnn_image_encoder) StdoutLine: {'line': b'-- Detecting CXX compiler ABI info\n'}
[125.985412] (-) TimerEvent: {}
[126.045131] (isaac_ros_dnn_image_encoder) StdoutLine: {'line': b'-- Detecting CXX compiler ABI info - done\n'}
[126.050586] (isaac_ros_dnn_image_encoder) StdoutLine: {'line': b'-- Check for working CXX compiler: /usr/bin/c++ - skipped\n'}
[126.050788] (isaac_ros_dnn_image_encoder) StdoutLine: {'line': b'-- Detecting CXX compile features\n'}
[126.051034] (isaac_ros_dnn_image_encoder) StdoutLine: {'line': b'-- Detecting CXX compile features - done\n'}
[126.053400] (isaac_ros_dnn_image_encoder) StdoutLine: {'line': b'-- Detecting CUDA compiler ABI info\n'}
[126.085595] (-) TimerEvent: {}
[126.186013] (-) TimerEvent: {}
[126.286431] (-) TimerEvent: {}
[126.386844] (-) TimerEvent: {}
[126.487261] (-) TimerEvent: {}
[126.587703] (-) TimerEvent: {}
[126.647907] (isaac_ros_dnn_image_encoder) StdoutLine: {'line': b'-- Detecting CUDA compiler ABI info - done\n'}
[126.667692] (isaac_ros_dnn_image_encoder) StdoutLine: {'line': b'-- Check for working CUDA compiler: /usr/local/cuda/bin/nvcc - skipped\n'}
[126.667872] (isaac_ros_dnn_image_encoder) StdoutLine: {'line': b'-- Detecting CUDA compile features\n'}
[126.667951] (isaac_ros_dnn_image_encoder) StdoutLine: {'line': b'-- Detecting CUDA compile features - done\n'}
[126.671720] (isaac_ros_dnn_image_encoder) StdoutLine: {'line': b'-- Found ament_cmake_auto: 1.3.12 (/opt/ros/humble/share/ament_cmake_auto/cmake)\n'}
[126.687839] (-) TimerEvent: {}
[126.788189] (-) TimerEvent: {}
[126.888506] (-) TimerEvent: {}
[126.988715] (-) TimerEvent: {}
[127.089028] (-) TimerEvent: {}
[127.155707] (isaac_ros_dnn_image_encoder) StdoutLine: {'line': b'-- Found Python3: /usr/bin/python3 (found version "3.10.12") found components: Interpreter \n'}
[127.189153] (-) TimerEvent: {}
[127.207813] (isaac_ros_dnn_image_encoder) StdoutLine: {'line': b'-- Override CMake install command with custom implementation using symlinks instead of copying resources\n'}
[127.289313] (-) TimerEvent: {}
[127.324545] (isaac_ros_dnn_image_encoder) StdoutLine: {'line': b'-- Loading isaac_ros_common extras\n'}
[127.324681] (isaac_ros_dnn_image_encoder) StdoutLine: {'line': b'-- CMAKE_BUILD_TYPE: Release\n'}
[127.340660] (isaac_ros_dnn_image_encoder) StdoutLine: {'line': b'-- Looking for pthread.h\n'}
[127.389572] (-) TimerEvent: {}
[127.439457] (isaac_ros_dnn_image_encoder) StdoutLine: {'line': b'-- Looking for pthread.h - found\n'}
[127.439865] (isaac_ros_dnn_image_encoder) StdoutLine: {'line': b'-- Performing Test CMAKE_HAVE_LIBC_PTHREAD\n'}
[127.489794] (-) TimerEvent: {}
[127.520521] (isaac_ros_dnn_image_encoder) StdoutLine: {'line': b'-- Performing Test CMAKE_HAVE_LIBC_PTHREAD - Success\n'}
[127.521085] (isaac_ros_dnn_image_encoder) StdoutLine: {'line': b'-- Found Threads: TRUE  \n'}
[127.535820] (isaac_ros_dnn_image_encoder) StdoutLine: {'line': b'-- Found CUDA: /usr/local/cuda (found version "12.6") \n'}
[127.536153] (isaac_ros_dnn_image_encoder) StdoutLine: {'line': b'-- CUDA architectures: 52\n'}
[127.536234] (isaac_ros_dnn_image_encoder) StdoutLine: {'line': b'-- Loading isaac_ros_common extras (modules)\n'}
[127.589895] (-) TimerEvent: {}
[127.602495] (isaac_ros_dnn_image_encoder) StdoutLine: {'line': b'-- Found rosidl_generator_c: 3.1.7 (/opt/ros/humble/share/rosidl_generator_c/cmake)\n'}
[127.610033] (isaac_ros_dnn_image_encoder) StdoutLine: {'line': b'-- Found rosidl_adapter: 3.1.7 (/opt/ros/humble/share/rosidl_adapter/cmake)\n'}
[127.620285] (isaac_ros_dnn_image_encoder) StdoutLine: {'line': b'-- Found rosidl_generator_cpp: 3.1.7 (/opt/ros/humble/share/rosidl_generator_cpp/cmake)\n'}
[127.633144] (isaac_ros_dnn_image_encoder) StdoutLine: {'line': b'-- Using all available rosidl_typesupport_c: rosidl_typesupport_fastrtps_c;rosidl_typesupport_introspection_c\n'}
[127.650864] (isaac_ros_dnn_image_encoder) StdoutLine: {'line': b'-- Using all available rosidl_typesupport_cpp: rosidl_typesupport_fastrtps_cpp;rosidl_typesupport_introspection_cpp\n'}
[127.690083] (-) TimerEvent: {}
[127.700556] (isaac_ros_dnn_image_encoder) StdoutLine: {'line': b'-- Found rmw_implementation_cmake: 6.1.2 (/opt/ros/humble/share/rmw_implementation_cmake/cmake)\n'}
[127.704513] (isaac_ros_dnn_image_encoder) StdoutLine: {'line': b'-- Found rmw_fastrtps_cpp: 6.2.9 (/opt/ros/humble/share/rmw_fastrtps_cpp/cmake)\n'}
[127.790308] (-) TimerEvent: {}
[127.827256] (isaac_ros_dnn_image_encoder) StdoutLine: {'line': b'-- Found OpenSSL: /usr/lib/x86_64-linux-gnu/libcrypto.so (found version "3.0.2")  \n'}
[127.862579] (isaac_ros_dnn_image_encoder) StdoutLine: {'line': b'-- Found FastRTPS: /opt/ros/humble/include  \n'}
[127.890491] (-) TimerEvent: {}
[127.909199] (isaac_ros_dnn_image_encoder) StdoutLine: {'line': b"-- Using RMW implementation 'rmw_fastrtps_cpp' as default\n"}
[127.967464] (isaac_ros_dnn_image_encoder) StdoutLine: {'line': b'-- Loading isaac_ros_gxf extras\n'}
[127.990709] (-) TimerEvent: {}
[128.091050] (-) TimerEvent: {}
[128.191401] (-) TimerEvent: {}
[128.218637] (isaac_ros_dnn_image_encoder) StderrLine: {'line': b'\x1b[0mIn this package, headers install destination is set to `include` by ament_auto_package. It is recommended to install `include/isaac_ros_dnn_image_encoder` instead and will be the default behavior of ament_auto_package from ROS 2 Kilted Kaiju. On distributions before Kilted, ament_auto_package behaves the same way when you use USE_SCOPED_HEADER_INSTALL_DIR option.\x1b[0m\n'}
[128.223806] (isaac_ros_dnn_image_encoder) StdoutLine: {'line': b'-- Configuring done\n'}
[128.245715] (isaac_ros_dnn_image_encoder) StdoutLine: {'line': b'-- Generating done\n'}
[128.249151] (isaac_ros_dnn_image_encoder) StdoutLine: {'line': b'-- Build files have been written to: /workspaces/isaac_ros-dev/build/isaac_ros_dnn_image_encoder\n'}
[128.256421] (isaac_ros_dnn_image_encoder) CommandEnded: {'returncode': 0}
[128.258450] (isaac_ros_dnn_image_encoder) JobProgress: {'identifier': 'isaac_ros_dnn_image_encoder', 'progress': 'build'}
[128.258489] (isaac_ros_dnn_image_encoder) Command: {'cmd': ['/usr/bin/cmake', '--build', '/workspaces/isaac_ros-dev/build/isaac_ros_dnn_image_encoder', '--', '-j16', '-l16'], 'cwd': '/workspaces/isaac_ros-dev/build/isaac_ros_dnn_image_encoder', 'env': OrderedDict([('DALI_BUILD', '16741769'), ('LIBRARY_PATH', '/usr/local/cuda/lib64/stubs:'), ('NVIDIA_CTK_LIBCUDA_DIR', '/usr/lib/x86_64-linux-gnu/nvidia/current'), ('PYTHONWARNINGS', 'ignore:::setuptools.command.install,ignore:::setuptools.command.easy_install,ignore:::pkg_resources,ignore:::setuptools.command.develop'), ('USER', 'diego'), ('TRT_INC_PATH', '/usr/include/x86_64-linux-gnu'), ('TF_ADJUST_SATURATION_FUSED', '1'), ('CUSOLVER_VERSION', '11.6.4.38'), ('HOSTNAME', 'debian'), ('CUTENSOR_VERSION', '2.0.2.5'), ('SHLVL', '1'), ('LD_LIBRARY_PATH', '/workspaces/isaac_ros-dev/install/isaac_ros_tensor_proc/lib:/workspaces/isaac_ros-dev/install/isaac_ros_managed_nitros/lib:/workspaces/isaac_ros-dev/install/isaac_ros_nitros_tensor_list_type/lib:/workspaces/isaac_ros-dev/install/isaac_ros_nitros_image_type/lib:/workspaces/isaac_ros-dev/install/isaac_ros_nitros/lib:/workspaces/isaac_ros-dev/install/gxf_isaac_gxf_helpers/lib:/workspaces/isaac_ros-dev/install/gxf_isaac_atlas/lib:/workspaces/isaac_ros-dev/install/gxf_isaac_sight/lib:/workspaces/isaac_ros-dev/install/gxf_isaac_optimizer/lib:/workspaces/isaac_ros-dev/install/gxf_isaac_message_compositor/lib:/workspaces/isaac_ros-dev/install/gxf_isaac_gems/lib:/workspaces/isaac_ros-dev/install/isaac_ros_tensor_list_interfaces/lib:/workspaces/isaac_ros-dev/install/isaac_ros_gxf/lib:/workspaces/isaac_ros-dev/install/isaac_ros_common/lib:/opt/ros/humble/opt/openvdb_vendor/lib:/opt/ros/humble/opt/rviz_ogre_vendor/lib:/opt/ros/humble/lib/x86_64-linux-gnu:/opt/ros/humble/lib:/usr/local/libcudss-linux-0.3.0.9_cuda12-archive/lib:/opt/hpcx/ucc/lib/:/opt/hpcx/ucx/lib/:/usr/local/cuda/compat/lib:/usr/local/nvidia/lib:/usr/local/nvidia/lib64:/opt/tritonserver/lib'), ('HOME', '/home/admin'), ('NVIDIA_TRITON_SERVER_VERSION', '24.08'), ('OLDPWD', '/workspaces/isaac_ros-dev'), ('HOST_USER_GID', '1000'), ('CUDA_CACHE_DISABLE', '1'), ('ROS_PYTHON_VERSION', '3'), ('MODEL_OPT_VERSION', '0.15.0'), ('ENV', '/etc/shinit_v2'), ('RDMACORE_VERSION', '39.0'), ('NVJPEG_VERSION', '12.3.3.23'), ('NVIDIA_BUILD_ID', '107631419'), ('CUDA_VERSION', '12.6.0.022'), ('TCMALLOC_RELEASE_RATE', '200'), ('CUBLAS_VERSION', '12.6.0.22'), ('NSIGHT_SYSTEMS_VERSION', '2024.4.2.133'), ('COLCON_PREFIX_PATH', '/workspaces/isaac_ros-dev/install'), ('CUDA_VISIBLE_DEVICES', '0'), ('ROS_DISTRO', 'humble'), ('OPAL_PREFIX', '/opt/hpcx/ompi'), ('NVIDIA_REQUIRE_CUDA', 'cuda>=9.0'), ('TRT_VERSION', '10.3.0.26+cuda12.5.1.007'), ('GDRCOPY_VERSION', '2.3.1-1'), ('_', '/usr/bin/colcon'), ('ROS_VERSION', '2'), ('NVIDIA_DRIVER_CAPABILITIES', 'compute,utility,graphics'), ('POLYGRAPHY_VERSION', '0.49.13'), ('CURAND_VERSION', '10.3.7.37'), ('MOFED_VERSION', '5.4-rdmacore39.0'), ('USERNAME', 'admin'), ('TERM', 'xterm'), ('ISAAC_ROS_WS', '/workspaces/isaac_ros-dev'), ('ROS_LOCALHOST_ONLY', '0'), ('TRANSFORMER_ENGINE_VERSION', '1.9'), ('PATH', '/workspaces/isaac_ros-dev/install/isaac_ros_common/bin:/opt/ros/humble/bin:/opt/ros/humble/vcstool/scripts:/opt/tritonserver/bin:/usr/local/mpi/bin:/usr/local/nvidia/bin:/usr/local/cuda/bin:/usr/local/sbin:/usr/local/bin:/usr/sbin:/usr/bin:/sbin:/bin:/usr/local/ucx/bin'), ('HOST_USER_UID', '1000'), ('CUDSS_DIR', '/usr/local/libcudss-linux-0.3.0.9_cuda12-archive'), ('CUDA_DRIVER_VERSION', '560.35.03'), ('_CUDA_COMPAT_STATUS', 'Unknown error (CUDA_ERROR_UNKNOWN) cuInit()=999'), ('DISPLAY', ':1'), ('NVIDIA_PRODUCT_NAME', 'Triton Server'), ('LANG', 'en_US.UTF-8'), ('RMW_IMPLEMENTATION', 'rmw_fastrtps_cpp'), ('NPP_VERSION', '12.3.1.23'), ('ROS_ROOT', '/opt/ros/humble'), ('UCX_MEM_EVENTS', 'no'), ('CUFFT_VERSION', '11.2.6.28'), ('SSH_AUTH_SOCK', '/ssh-agent'), ('TF_ENABLE_WINOGRAD_NONFUSED', '1'), ('AMENT_PREFIX_PATH', '/workspaces/isaac_ros-dev/install/isaac_ros_tensor_proc:/workspaces/isaac_ros-dev/install/isaac_ros_managed_nitros:/workspaces/isaac_ros-dev/install/isaac_ros_nitros_tensor_list_type:/workspaces/isaac_ros-dev/install/isaac_ros_nitros_image_type:/workspaces/isaac_ros-dev/install/isaac_ros_nitros:/workspaces/isaac_ros-dev/install/gxf_isaac_gxf_helpers:/workspaces/isaac_ros-dev/install/gxf_isaac_atlas:/workspaces/isaac_ros-dev/install/gxf_isaac_sight:/workspaces/isaac_ros-dev/install/gxf_isaac_optimizer:/workspaces/isaac_ros-dev/install/gxf_isaac_message_compositor:/workspaces/isaac_ros-dev/install/gxf_isaac_gems:/workspaces/isaac_ros-dev/install/isaac_ros_test:/workspaces/isaac_ros-dev/install/isaac_ros_tensor_list_interfaces:/workspaces/isaac_ros-dev/install/isaac_ros_gxf:/workspaces/isaac_ros-dev/install/isaac_ros_launch_utils:/workspaces/isaac_ros-dev/install/isaac_ros_common:/workspaces/isaac_ros-dev/install/isaac_common_py:/opt/ros/humble'), ('CUDNN_VERSION', '9.3.0.75'), ('NSIGHT_COMPUTE_VERSION', '2024.3.0.15'), ('DALI_VERSION', '1.40.0'), ('DEBIAN_FRONTEND', 'noninteractive'), ('SHELL', '/bin/bash'), ('DCGM_VERSION', '3.2.6'), ('CUDNN_FRONTEND_VERSION', '1.5.2'), ('OPENMPI_VERSION', '4.1.7'), ('TRTOSS_VERSION', '24.08'), ('OMPI_MCA_coll_hcoll_enable', '0'), ('CUSPARSE_VERSION', '12.5.2.23'), ('NVIDIA_REQUIRE_JETPACK_HOST_MOUNTS', ''), ('TRITON_SERVER_GPU_ENABLED', '1'), ('TRITON_SERVER_VERSION', '2.49.0'), ('BASH_ENV', '/etc/bash.bashrc'), ('PWD', '/workspaces/isaac_ros-dev/build/isaac_ros_dnn_image_encoder'), ('CUSPARSELT_VERSION', '0.6.2.3'), ('PYTHONPATH', '/workspaces/isaac_ros-dev/build/isaac_ros_test:/workspaces/isaac_ros-dev/install/isaac_ros_test/lib/python3.10/site-packages:/workspaces/isaac_ros-dev/install/isaac_ros_tensor_list_interfaces/local/lib/python3.10/dist-packages:/workspaces/isaac_ros-dev/build/isaac_ros_launch_utils:/workspaces/isaac_ros-dev/install/isaac_ros_launch_utils/lib/python3.10/site-packages:/workspaces/isaac_ros-dev/install/isaac_ros_common/local/lib/python3.10/dist-packages:/workspaces/isaac_ros-dev/build/isaac_common_py:/workspaces/isaac_ros-dev/install/isaac_common_py/lib/python3.10/site-packages:/opt/ros/humble/lib/python3.10/site-packages:/opt/ros/humble/local/lib/python3.10/dist-packages:/opt/ros/humble/vcstool:/opt/tritonserver/backends/dali/wheel/dali'), ('_CUDA_COMPAT_PATH', '/usr/local/cuda/compat'), ('TRITON_SERVER_USER', 'triton-server'), ('TF_ADJUST_HUE_FUSED', '1'), ('NVIDIA_VISIBLE_DEVICES', 'void'), ('NCCL_VERSION', '2.22.3'), ('COLCON', '1'), ('OPENUCX_VERSION', '1.17.0'), ('HPCX_VERSION', '2.19'), ('CMAKE_PREFIX_PATH', '/workspaces/isaac_ros-dev/install/isaac_ros_tensor_proc:/workspaces/isaac_ros-dev/install/isaac_ros_managed_nitros:/workspaces/isaac_ros-dev/install/isaac_ros_nitros_tensor_list_type:/workspaces/isaac_ros-dev/install/isaac_ros_nitros_image_type:/workspaces/isaac_ros-dev/install/isaac_ros_nitros:/workspaces/isaac_ros-dev/install/gxf_isaac_gxf_helpers:/workspaces/isaac_ros-dev/install/gxf_isaac_atlas:/workspaces/isaac_ros-dev/install/gxf_isaac_sight:/workspaces/isaac_ros-dev/install/gxf_isaac_optimizer:/workspaces/isaac_ros-dev/install/gxf_isaac_message_compositor:/workspaces/isaac_ros-dev/install/gxf_isaac_gems:/workspaces/isaac_ros-dev/install/isaac_ros_tensor_list_interfaces:/workspaces/isaac_ros-dev/install/isaac_ros_gxf:/workspaces/isaac_ros-dev/install/isaac_ros_common:/usr/local/libcudss-linux-0.3.0.9_cuda12-archive:/workspaces/isaac_ros-dev/install/isaac_ros_test:/workspaces/isaac_ros-dev/install/isaac_ros_launch_utils:/workspaces/isaac_ros-dev/install/isaac_common_py:/opt/ros/humble'), ('TF_AUTOTUNE_THRESHOLD', '2'), ('TRT_LIB_PATH', '/usr/lib/x86_64-linux-gnu')]), 'shell': False}
[128.291630] (-) TimerEvent: {}
[128.324575] (isaac_ros_dnn_image_encoder) StdoutLine: {'line': b'[ 33%] \x1b[32mBuilding CXX object CMakeFiles/dnn_image_encoder_node.dir/src/dnn_image_encoder_node.cpp.o\x1b[0m\n'}
[128.324923] (isaac_ros_dnn_image_encoder) StdoutLine: {'line': b'[ 66%] \x1b[34m\x1b[1mGenerating version information as YAML\x1b[0m\n'}
[128.387067] (isaac_ros_dnn_image_encoder) StdoutLine: {'line': b'[ 66%] Built target generate_version_info_target_isaac_ros_dnn_image_encoder\n'}
[128.391832] (-) TimerEvent: {}
[128.492160] (-) TimerEvent: {}
[128.592511] (-) TimerEvent: {}
[128.692772] (-) TimerEvent: {}
[128.793110] (-) TimerEvent: {}
[128.893456] (-) TimerEvent: {}
[128.993804] (-) TimerEvent: {}
[129.094180] (-) TimerEvent: {}
[129.194540] (-) TimerEvent: {}
[129.294878] (-) TimerEvent: {}
[129.395222] (-) TimerEvent: {}
[129.495602] (-) TimerEvent: {}
[129.595959] (-) TimerEvent: {}
[129.696321] (-) TimerEvent: {}
[129.796556] (-) TimerEvent: {}
[129.896907] (-) TimerEvent: {}
[129.997251] (-) TimerEvent: {}
[130.097520] (-) TimerEvent: {}
[130.197838] (-) TimerEvent: {}
[130.298179] (-) TimerEvent: {}
[130.398529] (-) TimerEvent: {}
[130.498796] (-) TimerEvent: {}
[130.599146] (-) TimerEvent: {}
[130.699522] (-) TimerEvent: {}
[130.799865] (-) TimerEvent: {}
[130.900240] (-) TimerEvent: {}
[131.000491] (-) TimerEvent: {}
[131.100862] (-) TimerEvent: {}
[131.201163] (-) TimerEvent: {}
[131.301501] (-) TimerEvent: {}
[131.401851] (-) TimerEvent: {}
[131.502193] (-) TimerEvent: {}
[131.602529] (-) TimerEvent: {}
[131.702869] (-) TimerEvent: {}
[131.803195] (-) TimerEvent: {}
[131.903642] (-) TimerEvent: {}
[132.004011] (-) TimerEvent: {}
[132.104346] (-) TimerEvent: {}
[132.204584] (-) TimerEvent: {}
[132.304941] (-) TimerEvent: {}
[132.405313] (-) TimerEvent: {}
[132.505664] (-) TimerEvent: {}
[132.606024] (-) TimerEvent: {}
[132.706380] (-) TimerEvent: {}
[132.806742] (-) TimerEvent: {}
[132.907118] (-) TimerEvent: {}
[133.007475] (-) TimerEvent: {}
[133.107819] (-) TimerEvent: {}
[133.208163] (-) TimerEvent: {}
[133.308407] (-) TimerEvent: {}
[133.408665] (-) TimerEvent: {}
[133.508904] (-) TimerEvent: {}
[133.609230] (-) TimerEvent: {}
[133.709569] (-) TimerEvent: {}
[133.809898] (-) TimerEvent: {}
[133.910239] (-) TimerEvent: {}
[134.010587] (-) TimerEvent: {}
[134.110933] (-) TimerEvent: {}
[134.211278] (-) TimerEvent: {}
[134.311618] (-) TimerEvent: {}
[134.411953] (-) TimerEvent: {}
[134.512314] (-) TimerEvent: {}
[134.612683] (-) TimerEvent: {}
[134.713017] (-) TimerEvent: {}
[134.813352] (-) TimerEvent: {}
[134.913687] (-) TimerEvent: {}
[135.014038] (-) TimerEvent: {}
[135.114388] (-) TimerEvent: {}
[135.214727] (-) TimerEvent: {}
[135.315055] (-) TimerEvent: {}
[135.415409] (-) TimerEvent: {}
[135.515762] (-) TimerEvent: {}
[135.616153] (-) TimerEvent: {}
[135.716407] (-) TimerEvent: {}
[135.816651] (-) TimerEvent: {}
[135.916953] (-) TimerEvent: {}
[136.017300] (-) TimerEvent: {}
[136.117645] (-) TimerEvent: {}
[136.217995] (-) TimerEvent: {}
[136.318350] (-) TimerEvent: {}
[136.418687] (-) TimerEvent: {}
[136.519033] (-) TimerEvent: {}
[136.619396] (-) TimerEvent: {}
[136.719753] (-) TimerEvent: {}
[136.820097] (-) TimerEvent: {}
[136.920384] (-) TimerEvent: {}
[137.020705] (-) TimerEvent: {}
[137.121044] (-) TimerEvent: {}
[137.221388] (-) TimerEvent: {}
[137.321655] (-) TimerEvent: {}
[137.421981] (-) TimerEvent: {}
[137.522337] (-) TimerEvent: {}
[137.622668] (-) TimerEvent: {}
[137.722937] (-) TimerEvent: {}
[137.823258] (-) TimerEvent: {}
[137.923619] (-) TimerEvent: {}
[138.023943] (-) TimerEvent: {}
[138.124267] (-) TimerEvent: {}
[138.224492] (-) TimerEvent: {}
[138.324763] (-) TimerEvent: {}
[138.425095] (-) TimerEvent: {}
[138.525435] (-) TimerEvent: {}
[138.625776] (-) TimerEvent: {}
[138.726111] (-) TimerEvent: {}
[138.826438] (-) TimerEvent: {}
[138.926759] (-) TimerEvent: {}
[139.027080] (-) TimerEvent: {}
[139.127411] (-) TimerEvent: {}
[139.227765] (-) TimerEvent: {}
[139.328155] (-) TimerEvent: {}
[139.428408] (-) TimerEvent: {}
[139.528692] (-) TimerEvent: {}
[139.628972] (-) TimerEvent: {}
[139.729306] (-) TimerEvent: {}
[139.829637] (-) TimerEvent: {}
[139.929988] (-) TimerEvent: {}
[140.030352] (-) TimerEvent: {}
[140.130726] (-) TimerEvent: {}
[140.231084] (-) TimerEvent: {}
[140.331426] (-) TimerEvent: {}
[140.431780] (-) TimerEvent: {}
[140.532166] (-) TimerEvent: {}
[140.632434] (-) TimerEvent: {}
[140.732765] (-) TimerEvent: {}
[140.833103] (-) TimerEvent: {}
[140.933554] (-) TimerEvent: {}
[141.033975] (-) TimerEvent: {}
[141.134400] (-) TimerEvent: {}
[141.234818] (-) TimerEvent: {}
[141.335222] (-) TimerEvent: {}
[141.435642] (-) TimerEvent: {}
[141.536058] (-) TimerEvent: {}
[141.636397] (-) TimerEvent: {}
[141.736817] (-) TimerEvent: {}
[141.837258] (-) TimerEvent: {}
[141.937721] (-) TimerEvent: {}
[142.038152] (-) TimerEvent: {}
[142.138596] (-) TimerEvent: {}
[142.239024] (-) TimerEvent: {}
[142.339433] (-) TimerEvent: {}
[142.439837] (-) TimerEvent: {}
[142.540261] (-) TimerEvent: {}
[142.640563] (-) TimerEvent: {}
[142.740856] (-) TimerEvent: {}
[142.841190] (-) TimerEvent: {}
[142.941616] (-) TimerEvent: {}
[143.042060] (-) TimerEvent: {}
[143.142488] (-) TimerEvent: {}
[143.242914] (-) TimerEvent: {}
[143.343337] (-) TimerEvent: {}
[143.443746] (-) TimerEvent: {}
[143.544170] (-) TimerEvent: {}
[143.644528] (-) TimerEvent: {}
[143.744862] (-) TimerEvent: {}
[143.845284] (-) TimerEvent: {}
[143.945695] (-) TimerEvent: {}
[144.046128] (-) TimerEvent: {}
[144.146533] (-) TimerEvent: {}
[144.246949] (-) TimerEvent: {}
[144.347275] (-) TimerEvent: {}
[144.447637] (-) TimerEvent: {}
[144.548063] (-) TimerEvent: {}
[144.648426] (-) TimerEvent: {}
[144.748743] (-) TimerEvent: {}
[144.849128] (-) TimerEvent: {}
[144.949533] (-) TimerEvent: {}
[145.049947] (-) TimerEvent: {}
[145.150354] (-) TimerEvent: {}
[145.250764] (-) TimerEvent: {}
[145.351161] (-) TimerEvent: {}
[145.451462] (-) TimerEvent: {}
[145.551877] (-) TimerEvent: {}
[145.652323] (-) TimerEvent: {}
[145.752691] (-) TimerEvent: {}
[145.853024] (-) TimerEvent: {}
[145.953357] (-) TimerEvent: {}
[146.053687] (-) TimerEvent: {}
[146.154027] (-) TimerEvent: {}
[146.254371] (-) TimerEvent: {}
[146.354690] (-) TimerEvent: {}
[146.455022] (-) TimerEvent: {}
[146.555348] (-) TimerEvent: {}
[146.655683] (-) TimerEvent: {}
[146.756048] (-) TimerEvent: {}
[146.856390] (-) TimerEvent: {}
[146.956722] (-) TimerEvent: {}
[147.057053] (-) TimerEvent: {}
[147.157324] (-) TimerEvent: {}
[147.257668] (-) TimerEvent: {}
[147.358030] (-) TimerEvent: {}
[147.458366] (-) TimerEvent: {}
[147.558696] (-) TimerEvent: {}
[147.659018] (-) TimerEvent: {}
[147.759345] (-) TimerEvent: {}
[147.859673] (-) TimerEvent: {}
[147.959955] (-) TimerEvent: {}
[148.060317] (-) TimerEvent: {}
[148.160565] (-) TimerEvent: {}
[148.260900] (-) TimerEvent: {}
[148.312186] (isaac_ros_dnn_image_encoder) StdoutLine: {'line': b'[100%] \x1b[32m\x1b[1mLinking CXX shared library libdnn_image_encoder_node.so\x1b[0m\n'}
[148.361099] (-) TimerEvent: {}
[148.461430] (-) TimerEvent: {}
[148.561681] (-) TimerEvent: {}
[148.594082] (isaac_ros_dnn_image_encoder) StdoutLine: {'line': b'[100%] Built target dnn_image_encoder_node\n'}
[148.604064] (isaac_ros_dnn_image_encoder) CommandEnded: {'returncode': 0}
[148.604706] (isaac_ros_dnn_image_encoder) JobProgress: {'identifier': 'isaac_ros_dnn_image_encoder', 'progress': 'install'}
[148.605573] (isaac_ros_dnn_image_encoder) Command: {'cmd': ['/usr/bin/cmake', '--install', '/workspaces/isaac_ros-dev/build/isaac_ros_dnn_image_encoder'], 'cwd': '/workspaces/isaac_ros-dev/build/isaac_ros_dnn_image_encoder', 'env': OrderedDict([('DALI_BUILD', '16741769'), ('LIBRARY_PATH', '/usr/local/cuda/lib64/stubs:'), ('NVIDIA_CTK_LIBCUDA_DIR', '/usr/lib/x86_64-linux-gnu/nvidia/current'), ('PYTHONWARNINGS', 'ignore:::setuptools.command.install,ignore:::setuptools.command.easy_install,ignore:::pkg_resources,ignore:::setuptools.command.develop'), ('USER', 'diego'), ('TRT_INC_PATH', '/usr/include/x86_64-linux-gnu'), ('TF_ADJUST_SATURATION_FUSED', '1'), ('CUSOLVER_VERSION', '11.6.4.38'), ('HOSTNAME', 'debian'), ('CUTENSOR_VERSION', '2.0.2.5'), ('SHLVL', '1'), ('LD_LIBRARY_PATH', '/workspaces/isaac_ros-dev/install/isaac_ros_tensor_proc/lib:/workspaces/isaac_ros-dev/install/isaac_ros_managed_nitros/lib:/workspaces/isaac_ros-dev/install/isaac_ros_nitros_tensor_list_type/lib:/workspaces/isaac_ros-dev/install/isaac_ros_nitros_image_type/lib:/workspaces/isaac_ros-dev/install/isaac_ros_nitros/lib:/workspaces/isaac_ros-dev/install/gxf_isaac_gxf_helpers/lib:/workspaces/isaac_ros-dev/install/gxf_isaac_atlas/lib:/workspaces/isaac_ros-dev/install/gxf_isaac_sight/lib:/workspaces/isaac_ros-dev/install/gxf_isaac_optimizer/lib:/workspaces/isaac_ros-dev/install/gxf_isaac_message_compositor/lib:/workspaces/isaac_ros-dev/install/gxf_isaac_gems/lib:/workspaces/isaac_ros-dev/install/isaac_ros_tensor_list_interfaces/lib:/workspaces/isaac_ros-dev/install/isaac_ros_gxf/lib:/workspaces/isaac_ros-dev/install/isaac_ros_common/lib:/opt/ros/humble/opt/openvdb_vendor/lib:/opt/ros/humble/opt/rviz_ogre_vendor/lib:/opt/ros/humble/lib/x86_64-linux-gnu:/opt/ros/humble/lib:/usr/local/libcudss-linux-0.3.0.9_cuda12-archive/lib:/opt/hpcx/ucc/lib/:/opt/hpcx/ucx/lib/:/usr/local/cuda/compat/lib:/usr/local/nvidia/lib:/usr/local/nvidia/lib64:/opt/tritonserver/lib'), ('HOME', '/home/admin'), ('NVIDIA_TRITON_SERVER_VERSION', '24.08'), ('OLDPWD', '/workspaces/isaac_ros-dev'), ('HOST_USER_GID', '1000'), ('CUDA_CACHE_DISABLE', '1'), ('ROS_PYTHON_VERSION', '3'), ('MODEL_OPT_VERSION', '0.15.0'), ('ENV', '/etc/shinit_v2'), ('RDMACORE_VERSION', '39.0'), ('NVJPEG_VERSION', '12.3.3.23'), ('NVIDIA_BUILD_ID', '107631419'), ('CUDA_VERSION', '12.6.0.022'), ('TCMALLOC_RELEASE_RATE', '200'), ('CUBLAS_VERSION', '12.6.0.22'), ('NSIGHT_SYSTEMS_VERSION', '2024.4.2.133'), ('COLCON_PREFIX_PATH', '/workspaces/isaac_ros-dev/install'), ('CUDA_VISIBLE_DEVICES', '0'), ('ROS_DISTRO', 'humble'), ('OPAL_PREFIX', '/opt/hpcx/ompi'), ('NVIDIA_REQUIRE_CUDA', 'cuda>=9.0'), ('TRT_VERSION', '10.3.0.26+cuda12.5.1.007'), ('GDRCOPY_VERSION', '2.3.1-1'), ('_', '/usr/bin/colcon'), ('ROS_VERSION', '2'), ('NVIDIA_DRIVER_CAPABILITIES', 'compute,utility,graphics'), ('POLYGRAPHY_VERSION', '0.49.13'), ('CURAND_VERSION', '10.3.7.37'), ('MOFED_VERSION', '5.4-rdmacore39.0'), ('USERNAME', 'admin'), ('TERM', 'xterm'), ('ISAAC_ROS_WS', '/workspaces/isaac_ros-dev'), ('ROS_LOCALHOST_ONLY', '0'), ('TRANSFORMER_ENGINE_VERSION', '1.9'), ('PATH', '/workspaces/isaac_ros-dev/install/isaac_ros_common/bin:/opt/ros/humble/bin:/opt/ros/humble/vcstool/scripts:/opt/tritonserver/bin:/usr/local/mpi/bin:/usr/local/nvidia/bin:/usr/local/cuda/bin:/usr/local/sbin:/usr/local/bin:/usr/sbin:/usr/bin:/sbin:/bin:/usr/local/ucx/bin'), ('HOST_USER_UID', '1000'), ('CUDSS_DIR', '/usr/local/libcudss-linux-0.3.0.9_cuda12-archive'), ('CUDA_DRIVER_VERSION', '560.35.03'), ('_CUDA_COMPAT_STATUS', 'Unknown error (CUDA_ERROR_UNKNOWN) cuInit()=999'), ('DISPLAY', ':1'), ('NVIDIA_PRODUCT_NAME', 'Triton Server'), ('LANG', 'en_US.UTF-8'), ('RMW_IMPLEMENTATION', 'rmw_fastrtps_cpp'), ('NPP_VERSION', '12.3.1.23'), ('ROS_ROOT', '/opt/ros/humble'), ('UCX_MEM_EVENTS', 'no'), ('CUFFT_VERSION', '11.2.6.28'), ('SSH_AUTH_SOCK', '/ssh-agent'), ('TF_ENABLE_WINOGRAD_NONFUSED', '1'), ('AMENT_PREFIX_PATH', '/workspaces/isaac_ros-dev/install/isaac_ros_tensor_proc:/workspaces/isaac_ros-dev/install/isaac_ros_managed_nitros:/workspaces/isaac_ros-dev/install/isaac_ros_nitros_tensor_list_type:/workspaces/isaac_ros-dev/install/isaac_ros_nitros_image_type:/workspaces/isaac_ros-dev/install/isaac_ros_nitros:/workspaces/isaac_ros-dev/install/gxf_isaac_gxf_helpers:/workspaces/isaac_ros-dev/install/gxf_isaac_atlas:/workspaces/isaac_ros-dev/install/gxf_isaac_sight:/workspaces/isaac_ros-dev/install/gxf_isaac_optimizer:/workspaces/isaac_ros-dev/install/gxf_isaac_message_compositor:/workspaces/isaac_ros-dev/install/gxf_isaac_gems:/workspaces/isaac_ros-dev/install/isaac_ros_test:/workspaces/isaac_ros-dev/install/isaac_ros_tensor_list_interfaces:/workspaces/isaac_ros-dev/install/isaac_ros_gxf:/workspaces/isaac_ros-dev/install/isaac_ros_launch_utils:/workspaces/isaac_ros-dev/install/isaac_ros_common:/workspaces/isaac_ros-dev/install/isaac_common_py:/opt/ros/humble'), ('CUDNN_VERSION', '9.3.0.75'), ('NSIGHT_COMPUTE_VERSION', '2024.3.0.15'), ('DALI_VERSION', '1.40.0'), ('DEBIAN_FRONTEND', 'noninteractive'), ('SHELL', '/bin/bash'), ('DCGM_VERSION', '3.2.6'), ('CUDNN_FRONTEND_VERSION', '1.5.2'), ('OPENMPI_VERSION', '4.1.7'), ('TRTOSS_VERSION', '24.08'), ('OMPI_MCA_coll_hcoll_enable', '0'), ('CUSPARSE_VERSION', '12.5.2.23'), ('NVIDIA_REQUIRE_JETPACK_HOST_MOUNTS', ''), ('TRITON_SERVER_GPU_ENABLED', '1'), ('TRITON_SERVER_VERSION', '2.49.0'), ('BASH_ENV', '/etc/bash.bashrc'), ('PWD', '/workspaces/isaac_ros-dev/build/isaac_ros_dnn_image_encoder'), ('CUSPARSELT_VERSION', '0.6.2.3'), ('PYTHONPATH', '/workspaces/isaac_ros-dev/build/isaac_ros_test:/workspaces/isaac_ros-dev/install/isaac_ros_test/lib/python3.10/site-packages:/workspaces/isaac_ros-dev/install/isaac_ros_tensor_list_interfaces/local/lib/python3.10/dist-packages:/workspaces/isaac_ros-dev/build/isaac_ros_launch_utils:/workspaces/isaac_ros-dev/install/isaac_ros_launch_utils/lib/python3.10/site-packages:/workspaces/isaac_ros-dev/install/isaac_ros_common/local/lib/python3.10/dist-packages:/workspaces/isaac_ros-dev/build/isaac_common_py:/workspaces/isaac_ros-dev/install/isaac_common_py/lib/python3.10/site-packages:/opt/ros/humble/lib/python3.10/site-packages:/opt/ros/humble/local/lib/python3.10/dist-packages:/opt/ros/humble/vcstool:/opt/tritonserver/backends/dali/wheel/dali'), ('_CUDA_COMPAT_PATH', '/usr/local/cuda/compat'), ('TRITON_SERVER_USER', 'triton-server'), ('TF_ADJUST_HUE_FUSED', '1'), ('NVIDIA_VISIBLE_DEVICES', 'void'), ('NCCL_VERSION', '2.22.3'), ('COLCON', '1'), ('OPENUCX_VERSION', '1.17.0'), ('HPCX_VERSION', '2.19'), ('CMAKE_PREFIX_PATH', '/workspaces/isaac_ros-dev/install/isaac_ros_tensor_proc:/workspaces/isaac_ros-dev/install/isaac_ros_managed_nitros:/workspaces/isaac_ros-dev/install/isaac_ros_nitros_tensor_list_type:/workspaces/isaac_ros-dev/install/isaac_ros_nitros_image_type:/workspaces/isaac_ros-dev/install/isaac_ros_nitros:/workspaces/isaac_ros-dev/install/gxf_isaac_gxf_helpers:/workspaces/isaac_ros-dev/install/gxf_isaac_atlas:/workspaces/isaac_ros-dev/install/gxf_isaac_sight:/workspaces/isaac_ros-dev/install/gxf_isaac_optimizer:/workspaces/isaac_ros-dev/install/gxf_isaac_message_compositor:/workspaces/isaac_ros-dev/install/gxf_isaac_gems:/workspaces/isaac_ros-dev/install/isaac_ros_tensor_list_interfaces:/workspaces/isaac_ros-dev/install/isaac_ros_gxf:/workspaces/isaac_ros-dev/install/isaac_ros_common:/usr/local/libcudss-linux-0.3.0.9_cuda12-archive:/workspaces/isaac_ros-dev/install/isaac_ros_test:/workspaces/isaac_ros-dev/install/isaac_ros_launch_utils:/workspaces/isaac_ros-dev/install/isaac_common_py:/opt/ros/humble'), ('TF_AUTOTUNE_THRESHOLD', '2'), ('TRT_LIB_PATH', '/usr/lib/x86_64-linux-gnu')]), 'shell': False}
[148.616808] (isaac_ros_dnn_image_encoder) StdoutLine: {'line': b'-- Install configuration: "Release"\n'}
[148.617677] (isaac_ros_dnn_image_encoder) StdoutLine: {'line': b'-- Execute custom install script\n'}
[148.617893] (isaac_ros_dnn_image_encoder) StdoutLine: {'line': b'-- Symlinking: /workspaces/isaac_ros-dev/install/isaac_ros_dnn_image_encoder/share/isaac_ros_dnn_image_encoder/version_info.yaml\n'}
[148.631223] (isaac_ros_dnn_image_encoder) StdoutLine: {'line': b'-- Symlinking: /workspaces/isaac_ros-dev/install/isaac_ros_dnn_image_encoder/include/isaac_ros_dnn_image_encoder/dnn_image_encoder_node.hpp\n'}
[148.649569] (isaac_ros_dnn_image_encoder) StdoutLine: {'line': b'-- Symlinking: /workspaces/isaac_ros-dev/install/isaac_ros_dnn_image_encoder/share/isaac_ros_dnn_image_encoder/environment/library_path.sh\n'}
[148.662043] (-) TimerEvent: {}
[148.673754] (isaac_ros_dnn_image_encoder) StdoutLine: {'line': b'-- Symlinking: /workspaces/isaac_ros-dev/install/isaac_ros_dnn_image_encoder/share/isaac_ros_dnn_image_encoder/environment/library_path.dsv\n'}
[148.703526] (isaac_ros_dnn_image_encoder) StdoutLine: {'line': b'-- Symlinking: /workspaces/isaac_ros-dev/install/isaac_ros_dnn_image_encoder/lib/libdnn_image_encoder_node.so\n'}
[148.714175] (isaac_ros_dnn_image_encoder) StdoutLine: {'line': b'-- Symlinking: /workspaces/isaac_ros-dev/install/isaac_ros_dnn_image_encoder/share/isaac_ros_dnn_image_encoder/config/dnn_image_encoder_node.yaml\n'}
[148.726836] (isaac_ros_dnn_image_encoder) StdoutLine: {'line': b'-- Symlinking: /workspaces/isaac_ros-dev/install/isaac_ros_dnn_image_encoder/share/isaac_ros_dnn_image_encoder/config/namespace_injector_rule.yaml\n'}
[148.733970] (isaac_ros_dnn_image_encoder) StdoutLine: {'line': b'-- Symlinking: /workspaces/isaac_ros-dev/install/isaac_ros_dnn_image_encoder/share/isaac_ros_dnn_image_encoder/launch/dnn_image_encoder.launch.py\n'}
[148.741022] (isaac_ros_dnn_image_encoder) StdoutLine: {'line': b'-- Symlinking: /workspaces/isaac_ros-dev/install/isaac_ros_dnn_image_encoder/share/ament_index/resource_index/package_run_dependencies/isaac_ros_dnn_image_encoder\n'}
[148.749003] (isaac_ros_dnn_image_encoder) StdoutLine: {'line': b'-- Symlinking: /workspaces/isaac_ros-dev/install/isaac_ros_dnn_image_encoder/share/ament_index/resource_index/parent_prefix_path/isaac_ros_dnn_image_encoder\n'}
[148.756159] (isaac_ros_dnn_image_encoder) StdoutLine: {'line': b'-- Symlinking: /workspaces/isaac_ros-dev/install/isaac_ros_dnn_image_encoder/share/isaac_ros_dnn_image_encoder/environment/ament_prefix_path.sh\n'}
[148.762101] (-) TimerEvent: {}
[148.763913] (isaac_ros_dnn_image_encoder) StdoutLine: {'line': b'-- Symlinking: /workspaces/isaac_ros-dev/install/isaac_ros_dnn_image_encoder/share/isaac_ros_dnn_image_encoder/environment/ament_prefix_path.dsv\n'}
[148.772230] (isaac_ros_dnn_image_encoder) StdoutLine: {'line': b'-- Symlinking: /workspaces/isaac_ros-dev/install/isaac_ros_dnn_image_encoder/share/isaac_ros_dnn_image_encoder/environment/path.sh\n'}
[148.781396] (isaac_ros_dnn_image_encoder) StdoutLine: {'line': b'-- Symlinking: /workspaces/isaac_ros-dev/install/isaac_ros_dnn_image_encoder/share/isaac_ros_dnn_image_encoder/environment/path.dsv\n'}
[148.793169] (isaac_ros_dnn_image_encoder) StdoutLine: {'line': b'-- Symlinking: /workspaces/isaac_ros-dev/install/isaac_ros_dnn_image_encoder/share/isaac_ros_dnn_image_encoder/local_setup.bash\n'}
[148.805624] (isaac_ros_dnn_image_encoder) StdoutLine: {'line': b'-- Symlinking: /workspaces/isaac_ros-dev/install/isaac_ros_dnn_image_encoder/share/isaac_ros_dnn_image_encoder/local_setup.sh\n'}
[148.818258] (isaac_ros_dnn_image_encoder) StdoutLine: {'line': b'-- Symlinking: /workspaces/isaac_ros-dev/install/isaac_ros_dnn_image_encoder/share/isaac_ros_dnn_image_encoder/local_setup.zsh\n'}
[148.826206] (isaac_ros_dnn_image_encoder) StdoutLine: {'line': b'-- Symlinking: /workspaces/isaac_ros-dev/install/isaac_ros_dnn_image_encoder/share/isaac_ros_dnn_image_encoder/local_setup.dsv\n'}
[148.834015] (isaac_ros_dnn_image_encoder) StdoutLine: {'line': b'-- Symlinking: /workspaces/isaac_ros-dev/install/isaac_ros_dnn_image_encoder/share/isaac_ros_dnn_image_encoder/package.dsv\n'}
[148.843944] (isaac_ros_dnn_image_encoder) StdoutLine: {'line': b'-- Symlinking: /workspaces/isaac_ros-dev/install/isaac_ros_dnn_image_encoder/share/ament_index/resource_index/packages/isaac_ros_dnn_image_encoder\n'}
[148.850707] (isaac_ros_dnn_image_encoder) StdoutLine: {'line': b'-- Symlinking: /workspaces/isaac_ros-dev/install/isaac_ros_dnn_image_encoder/share/ament_index/resource_index/rclcpp_components/isaac_ros_dnn_image_encoder\n'}
[148.858278] (isaac_ros_dnn_image_encoder) StdoutLine: {'line': b'-- Symlinking: /workspaces/isaac_ros-dev/install/isaac_ros_dnn_image_encoder/share/isaac_ros_dnn_image_encoder/cmake/ament_cmake_export_dependencies-extras.cmake\n'}
[148.862316] (-) TimerEvent: {}
[148.867443] (isaac_ros_dnn_image_encoder) StdoutLine: {'line': b'-- Symlinking: /workspaces/isaac_ros-dev/install/isaac_ros_dnn_image_encoder/share/isaac_ros_dnn_image_encoder/cmake/ament_cmake_export_include_directories-extras.cmake\n'}
[148.878103] (isaac_ros_dnn_image_encoder) StdoutLine: {'line': b'-- Symlinking: /workspaces/isaac_ros-dev/install/isaac_ros_dnn_image_encoder/share/isaac_ros_dnn_image_encoder/cmake/ament_cmake_export_libraries-extras.cmake\n'}
[148.893286] (isaac_ros_dnn_image_encoder) StdoutLine: {'line': b'-- Symlinking: /workspaces/isaac_ros-dev/install/isaac_ros_dnn_image_encoder/share/isaac_ros_dnn_image_encoder/cmake/isaac_ros_dnn_image_encoderConfig.cmake\n'}
[148.902951] (isaac_ros_dnn_image_encoder) StdoutLine: {'line': b'-- Symlinking: /workspaces/isaac_ros-dev/install/isaac_ros_dnn_image_encoder/share/isaac_ros_dnn_image_encoder/cmake/isaac_ros_dnn_image_encoderConfig-version.cmake\n'}
[148.910960] (isaac_ros_dnn_image_encoder) StdoutLine: {'line': b'-- Symlinking: /workspaces/isaac_ros-dev/install/isaac_ros_dnn_image_encoder/share/isaac_ros_dnn_image_encoder/package.xml\n'}
[148.918601] (isaac_ros_dnn_image_encoder) CommandEnded: {'returncode': 0}
[148.928302] (isaac_ros_dnn_image_encoder) JobEnded: {'identifier': 'isaac_ros_dnn_image_encoder', 'rc': 0}
[148.928939] (isaac_ros_centerpose) JobStarted: {'identifier': 'isaac_ros_centerpose'}
[148.962577] (-) TimerEvent: {}
[149.028179] (isaac_ros_centerpose) JobProgress: {'identifier': 'isaac_ros_centerpose', 'progress': 'cmake'}
[149.028245] (isaac_ros_centerpose) Command: {'cmd': ['/usr/bin/cmake', '/workspaces/isaac_ros-dev/src/isaac_ros_pose_estimation/isaac_ros_centerpose', '-DBUILD_TESTING=OFF', '-DAMENT_CMAKE_SYMLINK_INSTALL=1', '-DCMAKE_INSTALL_PREFIX=/workspaces/isaac_ros-dev/install/isaac_ros_centerpose'], 'cwd': '/workspaces/isaac_ros-dev/build/isaac_ros_centerpose', 'env': OrderedDict([('DALI_BUILD', '16741769'), ('LIBRARY_PATH', '/usr/local/cuda/lib64/stubs:'), ('NVIDIA_CTK_LIBCUDA_DIR', '/usr/lib/x86_64-linux-gnu/nvidia/current'), ('PYTHONWARNINGS', 'ignore:::setuptools.command.install,ignore:::setuptools.command.easy_install,ignore:::pkg_resources,ignore:::setuptools.command.develop'), ('USER', 'diego'), ('TRT_INC_PATH', '/usr/include/x86_64-linux-gnu'), ('TF_ADJUST_SATURATION_FUSED', '1'), ('CUSOLVER_VERSION', '11.6.4.38'), ('HOSTNAME', 'debian'), ('CUTENSOR_VERSION', '2.0.2.5'), ('SHLVL', '1'), ('LD_LIBRARY_PATH', '/workspaces/isaac_ros-dev/install/isaac_ros_dnn_image_encoder/lib:/workspaces/isaac_ros-dev/install/isaac_ros_tensor_proc/lib:/workspaces/isaac_ros-dev/install/isaac_ros_tensor_rt/lib:/workspaces/isaac_ros-dev/install/isaac_ros_managed_nitros/lib:/workspaces/isaac_ros-dev/install/gxf_isaac_centerpose/lib:/workspaces/isaac_ros-dev/install/isaac_ros_nitros_tensor_list_type/lib:/workspaces/isaac_ros-dev/install/isaac_ros_nitros_image_type/lib:/workspaces/isaac_ros-dev/install/isaac_ros_nitros_detection3_d_array_type/lib:/workspaces/isaac_ros-dev/install/isaac_ros_nitros_camera_info_type/lib:/workspaces/isaac_ros-dev/install/isaac_ros_nitros/lib:/workspaces/isaac_ros-dev/install/gxf_isaac_tensor_rt/lib:/workspaces/isaac_ros-dev/install/gxf_isaac_messages/lib:/workspaces/isaac_ros-dev/install/gxf_isaac_gxf_helpers/lib:/workspaces/isaac_ros-dev/install/gxf_isaac_atlas/lib:/workspaces/isaac_ros-dev/install/gxf_isaac_sight/lib:/workspaces/isaac_ros-dev/install/gxf_isaac_optimizer/lib:/workspaces/isaac_ros-dev/install/gxf_isaac_message_compositor/lib:/workspaces/isaac_ros-dev/install/gxf_isaac_gems/lib:/workspaces/isaac_ros-dev/install/isaac_ros_tensor_list_interfaces/lib:/workspaces/isaac_ros-dev/install/isaac_ros_gxf/lib:/workspaces/isaac_ros-dev/install/isaac_ros_common/lib:/opt/ros/humble/opt/openvdb_vendor/lib:/opt/ros/humble/opt/rviz_ogre_vendor/lib:/opt/ros/humble/lib/x86_64-linux-gnu:/opt/ros/humble/lib:/usr/local/libcudss-linux-0.3.0.9_cuda12-archive/lib:/opt/hpcx/ucc/lib/:/opt/hpcx/ucx/lib/:/usr/local/cuda/compat/lib:/usr/local/nvidia/lib:/usr/local/nvidia/lib64:/opt/tritonserver/lib'), ('HOME', '/home/admin'), ('NVIDIA_TRITON_SERVER_VERSION', '24.08'), ('OLDPWD', '/workspaces/isaac_ros-dev'), ('HOST_USER_GID', '1000'), ('CUDA_CACHE_DISABLE', '1'), ('ROS_PYTHON_VERSION', '3'), ('MODEL_OPT_VERSION', '0.15.0'), ('ENV', '/etc/shinit_v2'), ('RDMACORE_VERSION', '39.0'), ('NVJPEG_VERSION', '12.3.3.23'), ('NVIDIA_BUILD_ID', '107631419'), ('CUDA_VERSION', '12.6.0.022'), ('TCMALLOC_RELEASE_RATE', '200'), ('CUBLAS_VERSION', '12.6.0.22'), ('NSIGHT_SYSTEMS_VERSION', '2024.4.2.133'), ('COLCON_PREFIX_PATH', '/workspaces/isaac_ros-dev/install'), ('CUDA_VISIBLE_DEVICES', '0'), ('ROS_DISTRO', 'humble'), ('OPAL_PREFIX', '/opt/hpcx/ompi'), ('NVIDIA_REQUIRE_CUDA', 'cuda>=9.0'), ('TRT_VERSION', '10.3.0.26+cuda12.5.1.007'), ('GDRCOPY_VERSION', '2.3.1-1'), ('_', '/usr/bin/colcon'), ('ROS_VERSION', '2'), ('NVIDIA_DRIVER_CAPABILITIES', 'compute,utility,graphics'), ('POLYGRAPHY_VERSION', '0.49.13'), ('CURAND_VERSION', '10.3.7.37'), ('MOFED_VERSION', '5.4-rdmacore39.0'), ('USERNAME', 'admin'), ('TERM', 'xterm'), ('ISAAC_ROS_WS', '/workspaces/isaac_ros-dev'), ('ROS_LOCALHOST_ONLY', '0'), ('TRANSFORMER_ENGINE_VERSION', '1.9'), ('PATH', '/workspaces/isaac_ros-dev/install/isaac_ros_common/bin:/opt/ros/humble/bin:/opt/ros/humble/vcstool/scripts:/opt/tritonserver/bin:/usr/local/mpi/bin:/usr/local/nvidia/bin:/usr/local/cuda/bin:/usr/local/sbin:/usr/local/bin:/usr/sbin:/usr/bin:/sbin:/bin:/usr/local/ucx/bin'), ('HOST_USER_UID', '1000'), ('CUDSS_DIR', '/usr/local/libcudss-linux-0.3.0.9_cuda12-archive'), ('CUDA_DRIVER_VERSION', '560.35.03'), ('_CUDA_COMPAT_STATUS', 'Unknown error (CUDA_ERROR_UNKNOWN) cuInit()=999'), ('DISPLAY', ':1'), ('NVIDIA_PRODUCT_NAME', 'Triton Server'), ('LANG', 'en_US.UTF-8'), ('RMW_IMPLEMENTATION', 'rmw_fastrtps_cpp'), ('NPP_VERSION', '12.3.1.23'), ('ROS_ROOT', '/opt/ros/humble'), ('UCX_MEM_EVENTS', 'no'), ('CUFFT_VERSION', '11.2.6.28'), ('SSH_AUTH_SOCK', '/ssh-agent'), ('TF_ENABLE_WINOGRAD_NONFUSED', '1'), ('AMENT_PREFIX_PATH', '/workspaces/isaac_ros-dev/install/isaac_ros_dnn_image_encoder:/workspaces/isaac_ros-dev/install/isaac_ros_tensor_proc:/workspaces/isaac_ros-dev/install/isaac_ros_tensor_rt:/workspaces/isaac_ros-dev/install/isaac_ros_managed_nitros:/workspaces/isaac_ros-dev/install/gxf_isaac_centerpose:/workspaces/isaac_ros-dev/install/isaac_ros_nitros_tensor_list_type:/workspaces/isaac_ros-dev/install/isaac_ros_nitros_image_type:/workspaces/isaac_ros-dev/install/isaac_ros_nitros_detection3_d_array_type:/workspaces/isaac_ros-dev/install/isaac_ros_nitros_camera_info_type:/workspaces/isaac_ros-dev/install/isaac_ros_nitros:/workspaces/isaac_ros-dev/install/gxf_isaac_tensor_rt:/workspaces/isaac_ros-dev/install/gxf_isaac_messages:/workspaces/isaac_ros-dev/install/gxf_isaac_gxf_helpers:/workspaces/isaac_ros-dev/install/gxf_isaac_atlas:/workspaces/isaac_ros-dev/install/gxf_isaac_sight:/workspaces/isaac_ros-dev/install/gxf_isaac_optimizer:/workspaces/isaac_ros-dev/install/gxf_isaac_message_compositor:/workspaces/isaac_ros-dev/install/gxf_isaac_gems:/workspaces/isaac_ros-dev/install/isaac_ros_test:/workspaces/isaac_ros-dev/install/isaac_ros_tensor_list_interfaces:/workspaces/isaac_ros-dev/install/isaac_ros_gxf:/workspaces/isaac_ros-dev/install/isaac_ros_launch_utils:/workspaces/isaac_ros-dev/install/isaac_ros_common:/workspaces/isaac_ros-dev/install/isaac_common_py:/opt/ros/humble'), ('CUDNN_VERSION', '9.3.0.75'), ('NSIGHT_COMPUTE_VERSION', '2024.3.0.15'), ('DALI_VERSION', '1.40.0'), ('DEBIAN_FRONTEND', 'noninteractive'), ('SHELL', '/bin/bash'), ('DCGM_VERSION', '3.2.6'), ('CUDNN_FRONTEND_VERSION', '1.5.2'), ('OPENMPI_VERSION', '4.1.7'), ('TRTOSS_VERSION', '24.08'), ('OMPI_MCA_coll_hcoll_enable', '0'), ('CUSPARSE_VERSION', '12.5.2.23'), ('NVIDIA_REQUIRE_JETPACK_HOST_MOUNTS', ''), ('TRITON_SERVER_GPU_ENABLED', '1'), ('TRITON_SERVER_VERSION', '2.49.0'), ('BASH_ENV', '/etc/bash.bashrc'), ('PWD', '/workspaces/isaac_ros-dev/build/isaac_ros_centerpose'), ('CUSPARSELT_VERSION', '0.6.2.3'), ('PYTHONPATH', '/workspaces/isaac_ros-dev/build/isaac_ros_test:/workspaces/isaac_ros-dev/install/isaac_ros_test/lib/python3.10/site-packages:/workspaces/isaac_ros-dev/install/isaac_ros_tensor_list_interfaces/local/lib/python3.10/dist-packages:/workspaces/isaac_ros-dev/build/isaac_ros_launch_utils:/workspaces/isaac_ros-dev/install/isaac_ros_launch_utils/lib/python3.10/site-packages:/workspaces/isaac_ros-dev/install/isaac_ros_common/local/lib/python3.10/dist-packages:/workspaces/isaac_ros-dev/build/isaac_common_py:/workspaces/isaac_ros-dev/install/isaac_common_py/lib/python3.10/site-packages:/opt/ros/humble/lib/python3.10/site-packages:/opt/ros/humble/local/lib/python3.10/dist-packages:/opt/ros/humble/vcstool:/opt/tritonserver/backends/dali/wheel/dali'), ('_CUDA_COMPAT_PATH', '/usr/local/cuda/compat'), ('TRITON_SERVER_USER', 'triton-server'), ('TF_ADJUST_HUE_FUSED', '1'), ('NVIDIA_VISIBLE_DEVICES', 'void'), ('NCCL_VERSION', '2.22.3'), ('COLCON', '1'), ('OPENUCX_VERSION', '1.17.0'), ('HPCX_VERSION', '2.19'), ('CMAKE_PREFIX_PATH', '/workspaces/isaac_ros-dev/install/isaac_ros_dnn_image_encoder:/workspaces/isaac_ros-dev/install/isaac_ros_tensor_proc:/workspaces/isaac_ros-dev/install/isaac_ros_tensor_rt:/workspaces/isaac_ros-dev/install/isaac_ros_managed_nitros:/workspaces/isaac_ros-dev/install/gxf_isaac_centerpose:/workspaces/isaac_ros-dev/install/isaac_ros_nitros_tensor_list_type:/workspaces/isaac_ros-dev/install/isaac_ros_nitros_image_type:/workspaces/isaac_ros-dev/install/isaac_ros_nitros_detection3_d_array_type:/workspaces/isaac_ros-dev/install/isaac_ros_nitros_camera_info_type:/workspaces/isaac_ros-dev/install/isaac_ros_nitros:/workspaces/isaac_ros-dev/install/gxf_isaac_tensor_rt:/workspaces/isaac_ros-dev/install/gxf_isaac_messages:/workspaces/isaac_ros-dev/install/gxf_isaac_gxf_helpers:/workspaces/isaac_ros-dev/install/gxf_isaac_atlas:/workspaces/isaac_ros-dev/install/gxf_isaac_sight:/workspaces/isaac_ros-dev/install/gxf_isaac_optimizer:/workspaces/isaac_ros-dev/install/gxf_isaac_message_compositor:/workspaces/isaac_ros-dev/install/gxf_isaac_gems:/workspaces/isaac_ros-dev/install/isaac_ros_tensor_list_interfaces:/workspaces/isaac_ros-dev/install/isaac_ros_gxf:/workspaces/isaac_ros-dev/install/isaac_ros_common:/usr/local/libcudss-linux-0.3.0.9_cuda12-archive:/workspaces/isaac_ros-dev/install/isaac_ros_test:/workspaces/isaac_ros-dev/install/isaac_ros_launch_utils:/workspaces/isaac_ros-dev/install/isaac_common_py:/opt/ros/humble'), ('TF_AUTOTUNE_THRESHOLD', '2'), ('TRT_LIB_PATH', '/usr/lib/x86_64-linux-gnu')]), 'shell': False}
[149.062766] (-) TimerEvent: {}
[149.092436] (isaac_ros_centerpose) StdoutLine: {'line': b'-- The C compiler identification is GNU 11.4.0\n'}
[149.162376] (isaac_ros_centerpose) StdoutLine: {'line': b'-- The CXX compiler identification is GNU 11.4.0\n'}
[149.162813] (-) TimerEvent: {}
[149.169939] (isaac_ros_centerpose) StdoutLine: {'line': b'-- Detecting C compiler ABI info\n'}
[149.263044] (-) TimerEvent: {}
[149.274909] (isaac_ros_centerpose) StdoutLine: {'line': b'-- Detecting C compiler ABI info - done\n'}
[149.287926] (isaac_ros_centerpose) StdoutLine: {'line': b'-- Check for working C compiler: /usr/bin/cc - skipped\n'}
[149.288466] (isaac_ros_centerpose) StdoutLine: {'line': b'-- Detecting C compile features\n'}
[149.288877] (isaac_ros_centerpose) StdoutLine: {'line': b'-- Detecting C compile features - done\n'}
[149.292914] (isaac_ros_centerpose) StdoutLine: {'line': b'-- Detecting CXX compiler ABI info\n'}
[149.363180] (-) TimerEvent: {}
[149.376341] (isaac_ros_centerpose) StdoutLine: {'line': b'-- Detecting CXX compiler ABI info - done\n'}
[149.382364] (isaac_ros_centerpose) StdoutLine: {'line': b'-- Check for working CXX compiler: /usr/bin/c++ - skipped\n'}
[149.382518] (isaac_ros_centerpose) StdoutLine: {'line': b'-- Detecting CXX compile features\n'}
[149.382929] (isaac_ros_centerpose) StdoutLine: {'line': b'-- Detecting CXX compile features - done\n'}
[149.387042] (isaac_ros_centerpose) StdoutLine: {'line': b'-- Found ament_cmake_auto: 1.3.12 (/opt/ros/humble/share/ament_cmake_auto/cmake)\n'}
[149.463299] (-) TimerEvent: {}
[149.563578] (-) TimerEvent: {}
[149.663902] (-) TimerEvent: {}
[149.764247] (-) TimerEvent: {}
[149.864559] (-) TimerEvent: {}
[149.876311] (isaac_ros_centerpose) StdoutLine: {'line': b'-- Found Python3: /usr/bin/python3 (found version "3.10.12") found components: Interpreter \n'}
[149.926840] (isaac_ros_centerpose) StdoutLine: {'line': b'-- Override CMake install command with custom implementation using symlinks instead of copying resources\n'}
[149.964666] (-) TimerEvent: {}
[150.053920] (isaac_ros_centerpose) StdoutLine: {'line': b'-- Loading isaac_ros_common extras\n'}
[150.054096] (isaac_ros_centerpose) StdoutLine: {'line': b'-- CMAKE_BUILD_TYPE: Release\n'}
[150.066177] (-) TimerEvent: {}
[150.076766] (isaac_ros_centerpose) StdoutLine: {'line': b'-- Looking for pthread.h\n'}
[150.166411] (-) TimerEvent: {}
[150.175384] (isaac_ros_centerpose) StdoutLine: {'line': b'-- Looking for pthread.h - found\n'}
[150.175763] (isaac_ros_centerpose) StdoutLine: {'line': b'-- Performing Test CMAKE_HAVE_LIBC_PTHREAD\n'}
[150.266624] (-) TimerEvent: {}
[150.278342] (isaac_ros_centerpose) StdoutLine: {'line': b'-- Performing Test CMAKE_HAVE_LIBC_PTHREAD - Success\n'}
[150.278944] (isaac_ros_centerpose) StdoutLine: {'line': b'-- Found Threads: TRUE  \n'}
[150.296528] (isaac_ros_centerpose) StdoutLine: {'line': b'-- Found CUDA: /usr/local/cuda (found version "12.6") \n'}
[150.296957] (isaac_ros_centerpose) StdoutLine: {'line': b'-- CUDA architectures: 89;86;80;75;70\n'}
[150.297049] (isaac_ros_centerpose) StdoutLine: {'line': b'-- Loading isaac_ros_common extras (modules)\n'}
[150.349931] (isaac_ros_centerpose) StdoutLine: {'line': b'-- Found rosidl_generator_c: 3.1.7 (/opt/ros/humble/share/rosidl_generator_c/cmake)\n'}
[150.357643] (isaac_ros_centerpose) StdoutLine: {'line': b'-- Found rosidl_adapter: 3.1.7 (/opt/ros/humble/share/rosidl_adapter/cmake)\n'}
[150.366745] (-) TimerEvent: {}
[150.368169] (isaac_ros_centerpose) StdoutLine: {'line': b'-- Found rosidl_generator_cpp: 3.1.7 (/opt/ros/humble/share/rosidl_generator_cpp/cmake)\n'}
[150.382598] (isaac_ros_centerpose) StdoutLine: {'line': b'-- Using all available rosidl_typesupport_c: rosidl_typesupport_fastrtps_c;rosidl_typesupport_introspection_c\n'}
[150.402272] (isaac_ros_centerpose) StdoutLine: {'line': b'-- Using all available rosidl_typesupport_cpp: rosidl_typesupport_fastrtps_cpp;rosidl_typesupport_introspection_cpp\n'}
[150.455123] (isaac_ros_centerpose) StdoutLine: {'line': b'-- Found rmw_implementation_cmake: 6.1.2 (/opt/ros/humble/share/rmw_implementation_cmake/cmake)\n'}
[150.459614] (isaac_ros_centerpose) StdoutLine: {'line': b'-- Found rmw_fastrtps_cpp: 6.2.9 (/opt/ros/humble/share/rmw_fastrtps_cpp/cmake)\n'}
[150.466859] (-) TimerEvent: {}
[150.567120] (-) TimerEvent: {}
[150.585291] (isaac_ros_centerpose) StdoutLine: {'line': b'-- Found OpenSSL: /usr/lib/x86_64-linux-gnu/libcrypto.so (found version "3.0.2")  \n'}
[150.616064] (isaac_ros_centerpose) StdoutLine: {'line': b'-- Found FastRTPS: /opt/ros/humble/include  \n'}
[150.665405] (isaac_ros_centerpose) StdoutLine: {'line': b"-- Using RMW implementation 'rmw_fastrtps_cpp' as default\n"}
[150.667284] (-) TimerEvent: {}
[150.726070] (isaac_ros_centerpose) StdoutLine: {'line': b'-- Loading isaac_ros_gxf extras\n'}
[150.767486] (-) TimerEvent: {}
[150.867834] (-) TimerEvent: {}
[150.968188] (-) TimerEvent: {}
[151.068438] (-) TimerEvent: {}
[151.168746] (-) TimerEvent: {}
[151.257087] (isaac_ros_centerpose) StderrLine: {'line': b'\x1b[0mIn this package, headers install destination is set to `include` by ament_auto_package. It is recommended to install `include/isaac_ros_centerpose` instead and will be the default behavior of ament_auto_package from ROS 2 Kilted Kaiju. On distributions before Kilted, ament_auto_package behaves the same way when you use USE_SCOPED_HEADER_INSTALL_DIR option.\x1b[0m\n'}
[151.262081] (isaac_ros_centerpose) StdoutLine: {'line': b'-- Configuring done\n'}
[151.268845] (-) TimerEvent: {}
[151.322943] (isaac_ros_centerpose) StdoutLine: {'line': b'-- Generating done\n'}
[151.328851] (isaac_ros_centerpose) StdoutLine: {'line': b'-- Build files have been written to: /workspaces/isaac_ros-dev/build/isaac_ros_centerpose\n'}
[151.338447] (isaac_ros_centerpose) CommandEnded: {'returncode': 0}
[151.339147] (isaac_ros_centerpose) JobProgress: {'identifier': 'isaac_ros_centerpose', 'progress': 'build'}
[151.339205] (isaac_ros_centerpose) Command: {'cmd': ['/usr/bin/cmake', '--build', '/workspaces/isaac_ros-dev/build/isaac_ros_centerpose', '--', '-j16', '-l16'], 'cwd': '/workspaces/isaac_ros-dev/build/isaac_ros_centerpose', 'env': OrderedDict([('DALI_BUILD', '16741769'), ('LIBRARY_PATH', '/usr/local/cuda/lib64/stubs:'), ('NVIDIA_CTK_LIBCUDA_DIR', '/usr/lib/x86_64-linux-gnu/nvidia/current'), ('PYTHONWARNINGS', 'ignore:::setuptools.command.install,ignore:::setuptools.command.easy_install,ignore:::pkg_resources,ignore:::setuptools.command.develop'), ('USER', 'diego'), ('TRT_INC_PATH', '/usr/include/x86_64-linux-gnu'), ('TF_ADJUST_SATURATION_FUSED', '1'), ('CUSOLVER_VERSION', '11.6.4.38'), ('HOSTNAME', 'debian'), ('CUTENSOR_VERSION', '2.0.2.5'), ('SHLVL', '1'), ('LD_LIBRARY_PATH', '/workspaces/isaac_ros-dev/install/isaac_ros_dnn_image_encoder/lib:/workspaces/isaac_ros-dev/install/isaac_ros_tensor_proc/lib:/workspaces/isaac_ros-dev/install/isaac_ros_tensor_rt/lib:/workspaces/isaac_ros-dev/install/isaac_ros_managed_nitros/lib:/workspaces/isaac_ros-dev/install/gxf_isaac_centerpose/lib:/workspaces/isaac_ros-dev/install/isaac_ros_nitros_tensor_list_type/lib:/workspaces/isaac_ros-dev/install/isaac_ros_nitros_image_type/lib:/workspaces/isaac_ros-dev/install/isaac_ros_nitros_detection3_d_array_type/lib:/workspaces/isaac_ros-dev/install/isaac_ros_nitros_camera_info_type/lib:/workspaces/isaac_ros-dev/install/isaac_ros_nitros/lib:/workspaces/isaac_ros-dev/install/gxf_isaac_tensor_rt/lib:/workspaces/isaac_ros-dev/install/gxf_isaac_messages/lib:/workspaces/isaac_ros-dev/install/gxf_isaac_gxf_helpers/lib:/workspaces/isaac_ros-dev/install/gxf_isaac_atlas/lib:/workspaces/isaac_ros-dev/install/gxf_isaac_sight/lib:/workspaces/isaac_ros-dev/install/gxf_isaac_optimizer/lib:/workspaces/isaac_ros-dev/install/gxf_isaac_message_compositor/lib:/workspaces/isaac_ros-dev/install/gxf_isaac_gems/lib:/workspaces/isaac_ros-dev/install/isaac_ros_tensor_list_interfaces/lib:/workspaces/isaac_ros-dev/install/isaac_ros_gxf/lib:/workspaces/isaac_ros-dev/install/isaac_ros_common/lib:/opt/ros/humble/opt/openvdb_vendor/lib:/opt/ros/humble/opt/rviz_ogre_vendor/lib:/opt/ros/humble/lib/x86_64-linux-gnu:/opt/ros/humble/lib:/usr/local/libcudss-linux-0.3.0.9_cuda12-archive/lib:/opt/hpcx/ucc/lib/:/opt/hpcx/ucx/lib/:/usr/local/cuda/compat/lib:/usr/local/nvidia/lib:/usr/local/nvidia/lib64:/opt/tritonserver/lib'), ('HOME', '/home/admin'), ('NVIDIA_TRITON_SERVER_VERSION', '24.08'), ('OLDPWD', '/workspaces/isaac_ros-dev'), ('HOST_USER_GID', '1000'), ('CUDA_CACHE_DISABLE', '1'), ('ROS_PYTHON_VERSION', '3'), ('MODEL_OPT_VERSION', '0.15.0'), ('ENV', '/etc/shinit_v2'), ('RDMACORE_VERSION', '39.0'), ('NVJPEG_VERSION', '12.3.3.23'), ('NVIDIA_BUILD_ID', '107631419'), ('CUDA_VERSION', '12.6.0.022'), ('TCMALLOC_RELEASE_RATE', '200'), ('CUBLAS_VERSION', '12.6.0.22'), ('NSIGHT_SYSTEMS_VERSION', '2024.4.2.133'), ('COLCON_PREFIX_PATH', '/workspaces/isaac_ros-dev/install'), ('CUDA_VISIBLE_DEVICES', '0'), ('ROS_DISTRO', 'humble'), ('OPAL_PREFIX', '/opt/hpcx/ompi'), ('NVIDIA_REQUIRE_CUDA', 'cuda>=9.0'), ('TRT_VERSION', '10.3.0.26+cuda12.5.1.007'), ('GDRCOPY_VERSION', '2.3.1-1'), ('_', '/usr/bin/colcon'), ('ROS_VERSION', '2'), ('NVIDIA_DRIVER_CAPABILITIES', 'compute,utility,graphics'), ('POLYGRAPHY_VERSION', '0.49.13'), ('CURAND_VERSION', '10.3.7.37'), ('MOFED_VERSION', '5.4-rdmacore39.0'), ('USERNAME', 'admin'), ('TERM', 'xterm'), ('ISAAC_ROS_WS', '/workspaces/isaac_ros-dev'), ('ROS_LOCALHOST_ONLY', '0'), ('TRANSFORMER_ENGINE_VERSION', '1.9'), ('PATH', '/workspaces/isaac_ros-dev/install/isaac_ros_common/bin:/opt/ros/humble/bin:/opt/ros/humble/vcstool/scripts:/opt/tritonserver/bin:/usr/local/mpi/bin:/usr/local/nvidia/bin:/usr/local/cuda/bin:/usr/local/sbin:/usr/local/bin:/usr/sbin:/usr/bin:/sbin:/bin:/usr/local/ucx/bin'), ('HOST_USER_UID', '1000'), ('CUDSS_DIR', '/usr/local/libcudss-linux-0.3.0.9_cuda12-archive'), ('CUDA_DRIVER_VERSION', '560.35.03'), ('_CUDA_COMPAT_STATUS', 'Unknown error (CUDA_ERROR_UNKNOWN) cuInit()=999'), ('DISPLAY', ':1'), ('NVIDIA_PRODUCT_NAME', 'Triton Server'), ('LANG', 'en_US.UTF-8'), ('RMW_IMPLEMENTATION', 'rmw_fastrtps_cpp'), ('NPP_VERSION', '12.3.1.23'), ('ROS_ROOT', '/opt/ros/humble'), ('UCX_MEM_EVENTS', 'no'), ('CUFFT_VERSION', '11.2.6.28'), ('SSH_AUTH_SOCK', '/ssh-agent'), ('TF_ENABLE_WINOGRAD_NONFUSED', '1'), ('AMENT_PREFIX_PATH', '/workspaces/isaac_ros-dev/install/isaac_ros_dnn_image_encoder:/workspaces/isaac_ros-dev/install/isaac_ros_tensor_proc:/workspaces/isaac_ros-dev/install/isaac_ros_tensor_rt:/workspaces/isaac_ros-dev/install/isaac_ros_managed_nitros:/workspaces/isaac_ros-dev/install/gxf_isaac_centerpose:/workspaces/isaac_ros-dev/install/isaac_ros_nitros_tensor_list_type:/workspaces/isaac_ros-dev/install/isaac_ros_nitros_image_type:/workspaces/isaac_ros-dev/install/isaac_ros_nitros_detection3_d_array_type:/workspaces/isaac_ros-dev/install/isaac_ros_nitros_camera_info_type:/workspaces/isaac_ros-dev/install/isaac_ros_nitros:/workspaces/isaac_ros-dev/install/gxf_isaac_tensor_rt:/workspaces/isaac_ros-dev/install/gxf_isaac_messages:/workspaces/isaac_ros-dev/install/gxf_isaac_gxf_helpers:/workspaces/isaac_ros-dev/install/gxf_isaac_atlas:/workspaces/isaac_ros-dev/install/gxf_isaac_sight:/workspaces/isaac_ros-dev/install/gxf_isaac_optimizer:/workspaces/isaac_ros-dev/install/gxf_isaac_message_compositor:/workspaces/isaac_ros-dev/install/gxf_isaac_gems:/workspaces/isaac_ros-dev/install/isaac_ros_test:/workspaces/isaac_ros-dev/install/isaac_ros_tensor_list_interfaces:/workspaces/isaac_ros-dev/install/isaac_ros_gxf:/workspaces/isaac_ros-dev/install/isaac_ros_launch_utils:/workspaces/isaac_ros-dev/install/isaac_ros_common:/workspaces/isaac_ros-dev/install/isaac_common_py:/opt/ros/humble'), ('CUDNN_VERSION', '9.3.0.75'), ('NSIGHT_COMPUTE_VERSION', '2024.3.0.15'), ('DALI_VERSION', '1.40.0'), ('DEBIAN_FRONTEND', 'noninteractive'), ('SHELL', '/bin/bash'), ('DCGM_VERSION', '3.2.6'), ('CUDNN_FRONTEND_VERSION', '1.5.2'), ('OPENMPI_VERSION', '4.1.7'), ('TRTOSS_VERSION', '24.08'), ('OMPI_MCA_coll_hcoll_enable', '0'), ('CUSPARSE_VERSION', '12.5.2.23'), ('NVIDIA_REQUIRE_JETPACK_HOST_MOUNTS', ''), ('TRITON_SERVER_GPU_ENABLED', '1'), ('TRITON_SERVER_VERSION', '2.49.0'), ('BASH_ENV', '/etc/bash.bashrc'), ('PWD', '/workspaces/isaac_ros-dev/build/isaac_ros_centerpose'), ('CUSPARSELT_VERSION', '0.6.2.3'), ('PYTHONPATH', '/workspaces/isaac_ros-dev/build/isaac_ros_test:/workspaces/isaac_ros-dev/install/isaac_ros_test/lib/python3.10/site-packages:/workspaces/isaac_ros-dev/install/isaac_ros_tensor_list_interfaces/local/lib/python3.10/dist-packages:/workspaces/isaac_ros-dev/build/isaac_ros_launch_utils:/workspaces/isaac_ros-dev/install/isaac_ros_launch_utils/lib/python3.10/site-packages:/workspaces/isaac_ros-dev/install/isaac_ros_common/local/lib/python3.10/dist-packages:/workspaces/isaac_ros-dev/build/isaac_common_py:/workspaces/isaac_ros-dev/install/isaac_common_py/lib/python3.10/site-packages:/opt/ros/humble/lib/python3.10/site-packages:/opt/ros/humble/local/lib/python3.10/dist-packages:/opt/ros/humble/vcstool:/opt/tritonserver/backends/dali/wheel/dali'), ('_CUDA_COMPAT_PATH', '/usr/local/cuda/compat'), ('TRITON_SERVER_USER', 'triton-server'), ('TF_ADJUST_HUE_FUSED', '1'), ('NVIDIA_VISIBLE_DEVICES', 'void'), ('NCCL_VERSION', '2.22.3'), ('COLCON', '1'), ('OPENUCX_VERSION', '1.17.0'), ('HPCX_VERSION', '2.19'), ('CMAKE_PREFIX_PATH', '/workspaces/isaac_ros-dev/install/isaac_ros_dnn_image_encoder:/workspaces/isaac_ros-dev/install/isaac_ros_tensor_proc:/workspaces/isaac_ros-dev/install/isaac_ros_tensor_rt:/workspaces/isaac_ros-dev/install/isaac_ros_managed_nitros:/workspaces/isaac_ros-dev/install/gxf_isaac_centerpose:/workspaces/isaac_ros-dev/install/isaac_ros_nitros_tensor_list_type:/workspaces/isaac_ros-dev/install/isaac_ros_nitros_image_type:/workspaces/isaac_ros-dev/install/isaac_ros_nitros_detection3_d_array_type:/workspaces/isaac_ros-dev/install/isaac_ros_nitros_camera_info_type:/workspaces/isaac_ros-dev/install/isaac_ros_nitros:/workspaces/isaac_ros-dev/install/gxf_isaac_tensor_rt:/workspaces/isaac_ros-dev/install/gxf_isaac_messages:/workspaces/isaac_ros-dev/install/gxf_isaac_gxf_helpers:/workspaces/isaac_ros-dev/install/gxf_isaac_atlas:/workspaces/isaac_ros-dev/install/gxf_isaac_sight:/workspaces/isaac_ros-dev/install/gxf_isaac_optimizer:/workspaces/isaac_ros-dev/install/gxf_isaac_message_compositor:/workspaces/isaac_ros-dev/install/gxf_isaac_gems:/workspaces/isaac_ros-dev/install/isaac_ros_tensor_list_interfaces:/workspaces/isaac_ros-dev/install/isaac_ros_gxf:/workspaces/isaac_ros-dev/install/isaac_ros_common:/usr/local/libcudss-linux-0.3.0.9_cuda12-archive:/workspaces/isaac_ros-dev/install/isaac_ros_test:/workspaces/isaac_ros-dev/install/isaac_ros_launch_utils:/workspaces/isaac_ros-dev/install/isaac_common_py:/opt/ros/humble'), ('TF_AUTOTUNE_THRESHOLD', '2'), ('TRT_LIB_PATH', '/usr/lib/x86_64-linux-gnu')]), 'shell': False}
[151.368985] (-) TimerEvent: {}
[151.391710] (isaac_ros_centerpose) StdoutLine: {'line': b'[ 20%] \x1b[34m\x1b[1mGenerating version information as YAML\x1b[0m\n'}
[151.394857] (isaac_ros_centerpose) StdoutLine: {'line': b'[ 40%] \x1b[32mBuilding CXX object CMakeFiles/centerpose_decoder_node.dir/src/centerpose_decoder_node.cpp.o\x1b[0m\n'}
[151.465849] (isaac_ros_centerpose) StdoutLine: {'line': b'[ 40%] Built target generate_version_info_target_isaac_ros_centerpose\n'}
[151.469061] (-) TimerEvent: {}
[151.569373] (-) TimerEvent: {}
[151.669711] (-) TimerEvent: {}
[151.770030] (-) TimerEvent: {}
[151.870362] (-) TimerEvent: {}
[151.970692] (-) TimerEvent: {}
[152.071017] (-) TimerEvent: {}
[152.171254] (-) TimerEvent: {}
[152.271595] (-) TimerEvent: {}
[152.371939] (-) TimerEvent: {}
[152.472270] (-) TimerEvent: {}
[152.572507] (-) TimerEvent: {}
[152.672802] (-) TimerEvent: {}
[152.773135] (-) TimerEvent: {}
[152.873478] (-) TimerEvent: {}
[152.973813] (-) TimerEvent: {}
[153.074173] (-) TimerEvent: {}
[153.174458] (-) TimerEvent: {}
[153.274799] (-) TimerEvent: {}
[153.375148] (-) TimerEvent: {}
[153.475494] (-) TimerEvent: {}
[153.575837] (-) TimerEvent: {}
[153.676187] (-) TimerEvent: {}
[153.776458] (-) TimerEvent: {}
[153.876843] (-) TimerEvent: {}
[153.977204] (-) TimerEvent: {}
[154.077537] (-) TimerEvent: {}
[154.177881] (-) TimerEvent: {}
[154.278221] (-) TimerEvent: {}
[154.378569] (-) TimerEvent: {}
[154.478893] (-) TimerEvent: {}
[154.579238] (-) TimerEvent: {}
[154.679581] (-) TimerEvent: {}
[154.779939] (-) TimerEvent: {}
[154.880317] (-) TimerEvent: {}
[154.980595] (-) TimerEvent: {}
[155.080921] (-) TimerEvent: {}
[155.181256] (-) TimerEvent: {}
[155.281603] (-) TimerEvent: {}
[155.381956] (-) TimerEvent: {}
[155.482323] (-) TimerEvent: {}
[155.582662] (-) TimerEvent: {}
[155.683028] (-) TimerEvent: {}
[155.783370] (-) TimerEvent: {}
[155.883716] (-) TimerEvent: {}
[155.984088] (-) TimerEvent: {}
[156.084368] (-) TimerEvent: {}
[156.184673] (-) TimerEvent: {}
[156.285018] (-) TimerEvent: {}
[156.385354] (-) TimerEvent: {}
[156.485713] (-) TimerEvent: {}
[156.586082] (-) TimerEvent: {}
[156.686429] (-) TimerEvent: {}
[156.786757] (-) TimerEvent: {}
[156.887094] (-) TimerEvent: {}
[156.987432] (-) TimerEvent: {}
[157.087770] (-) TimerEvent: {}
[157.188116] (-) TimerEvent: {}
[157.288368] (-) TimerEvent: {}
[157.388661] (-) TimerEvent: {}
[157.488993] (-) TimerEvent: {}
[157.589394] (-) TimerEvent: {}
[157.689742] (-) TimerEvent: {}
[157.790086] (-) TimerEvent: {}
[157.890450] (-) TimerEvent: {}
[157.990805] (-) TimerEvent: {}
[158.091132] (-) TimerEvent: {}
[158.191469] (-) TimerEvent: {}
[158.291809] (-) TimerEvent: {}
[158.392141] (-) TimerEvent: {}
[158.492627] (-) TimerEvent: {}
[158.592859] (-) TimerEvent: {}
[158.693134] (-) TimerEvent: {}
[158.793468] (-) TimerEvent: {}
[158.893807] (-) TimerEvent: {}
[158.994042] (-) TimerEvent: {}
[159.094286] (-) TimerEvent: {}
[159.194542] (-) TimerEvent: {}
[159.294928] (-) TimerEvent: {}
[159.395289] (-) TimerEvent: {}
[159.495705] (-) TimerEvent: {}
[159.596045] (-) TimerEvent: {}
[159.696382] (-) TimerEvent: {}
[159.796627] (-) TimerEvent: {}
[159.896893] (-) TimerEvent: {}
[159.997228] (-) TimerEvent: {}
[160.097556] (-) TimerEvent: {}
[160.197908] (-) TimerEvent: {}
[160.298261] (-) TimerEvent: {}
[160.398608] (-) TimerEvent: {}
[160.498951] (-) TimerEvent: {}
[160.599324] (-) TimerEvent: {}
[160.699682] (-) TimerEvent: {}
[160.800041] (-) TimerEvent: {}
[160.900374] (-) TimerEvent: {}
[161.000711] (-) TimerEvent: {}
[161.101060] (-) TimerEvent: {}
[161.201412] (-) TimerEvent: {}
[161.301875] (-) TimerEvent: {}
[161.402265] (-) TimerEvent: {}
[161.502626] (-) TimerEvent: {}
[161.602981] (-) TimerEvent: {}
[161.703343] (-) TimerEvent: {}
[161.803677] (-) TimerEvent: {}
[161.904006] (-) TimerEvent: {}
[162.004353] (-) TimerEvent: {}
[162.104603] (-) TimerEvent: {}
[162.204932] (-) TimerEvent: {}
[162.305271] (-) TimerEvent: {}
[162.405592] (-) TimerEvent: {}
[162.505937] (-) TimerEvent: {}
[162.606267] (-) TimerEvent: {}
[162.706603] (-) TimerEvent: {}
[162.806926] (-) TimerEvent: {}
[162.907257] (-) TimerEvent: {}
[163.007594] (-) TimerEvent: {}
[163.107914] (-) TimerEvent: {}
[163.208247] (-) TimerEvent: {}
[163.308494] (-) TimerEvent: {}
[163.408730] (-) TimerEvent: {}
[163.508959] (-) TimerEvent: {}
[163.609288] (-) TimerEvent: {}
[163.709615] (-) TimerEvent: {}
[163.809944] (-) TimerEvent: {}
[163.910274] (-) TimerEvent: {}
[164.010651] (-) TimerEvent: {}
[164.111001] (-) TimerEvent: {}
[164.211348] (-) TimerEvent: {}
[164.311693] (-) TimerEvent: {}
[164.412038] (-) TimerEvent: {}
[164.512373] (-) TimerEvent: {}
[164.612631] (-) TimerEvent: {}
[164.712966] (-) TimerEvent: {}
[164.813323] (-) TimerEvent: {}
[164.913712] (-) TimerEvent: {}
[165.013943] (-) TimerEvent: {}
[165.114266] (-) TimerEvent: {}
[165.214549] (-) TimerEvent: {}
[165.314863] (-) TimerEvent: {}
[165.415195] (-) TimerEvent: {}
[165.515517] (-) TimerEvent: {}
[165.615838] (-) TimerEvent: {}
[165.716197] (-) TimerEvent: {}
[165.816579] (-) TimerEvent: {}
[165.916908] (-) TimerEvent: {}
[166.017230] (-) TimerEvent: {}
[166.117559] (-) TimerEvent: {}
[166.217892] (-) TimerEvent: {}
[166.318228] (-) TimerEvent: {}
[166.418550] (-) TimerEvent: {}
[166.518885] (-) TimerEvent: {}
[166.619228] (-) TimerEvent: {}
[166.719589] (-) TimerEvent: {}
[166.819915] (-) TimerEvent: {}
[166.920243] (-) TimerEvent: {}
[167.020477] (-) TimerEvent: {}
[167.120739] (-) TimerEvent: {}
[167.221082] (-) TimerEvent: {}
[167.321407] (-) TimerEvent: {}
[167.421732] (-) TimerEvent: {}
[167.522079] (-) TimerEvent: {}
[167.622415] (-) TimerEvent: {}
[167.722684] (-) TimerEvent: {}
[167.823005] (-) TimerEvent: {}
[167.923340] (-) TimerEvent: {}
[168.023705] (-) TimerEvent: {}
[168.124053] (-) TimerEvent: {}
[168.224398] (-) TimerEvent: {}
[168.324702] (-) TimerEvent: {}
[168.425036] (-) TimerEvent: {}
[168.525378] (-) TimerEvent: {}
[168.625733] (-) TimerEvent: {}
[168.725964] (-) TimerEvent: {}
[168.826303] (-) TimerEvent: {}
[168.926624] (-) TimerEvent: {}
[169.026959] (-) TimerEvent: {}
[169.127297] (-) TimerEvent: {}
[169.227630] (-) TimerEvent: {}
[169.327956] (-) TimerEvent: {}
[169.428247] (-) TimerEvent: {}
[169.528503] (-) TimerEvent: {}
[169.628849] (-) TimerEvent: {}
[169.729169] (-) TimerEvent: {}
[169.829505] (-) TimerEvent: {}
[169.929832] (-) TimerEvent: {}
[170.030171] (-) TimerEvent: {}
[170.130503] (-) TimerEvent: {}
[170.230837] (-) TimerEvent: {}
[170.331173] (-) TimerEvent: {}
[170.431437] (-) TimerEvent: {}
[170.531778] (-) TimerEvent: {}
[170.632190] (-) TimerEvent: {}
[170.732528] (-) TimerEvent: {}
[170.832762] (-) TimerEvent: {}
[170.905364] (isaac_ros_centerpose) StdoutLine: {'line': b'[ 60%] \x1b[32m\x1b[1mLinking CXX shared library libcenterpose_decoder_node.so\x1b[0m\n'}
[170.932907] (-) TimerEvent: {}
[171.033292] (-) TimerEvent: {}
[171.133569] (-) TimerEvent: {}
[171.233901] (-) TimerEvent: {}
[171.334266] (-) TimerEvent: {}
[171.366345] (isaac_ros_centerpose) StdoutLine: {'line': b'[ 60%] Built target centerpose_decoder_node\n'}
[171.404927] (isaac_ros_centerpose) StdoutLine: {'line': b'[ 80%] \x1b[32mBuilding CXX object CMakeFiles/centerpose_visualizer_node.dir/src/centerpose_visualizer_node.cpp.o\x1b[0m\n'}
[171.434493] (-) TimerEvent: {}
[171.534823] (-) TimerEvent: {}
[171.635150] (-) TimerEvent: {}
[171.735507] (-) TimerEvent: {}
[171.835846] (-) TimerEvent: {}
[171.936203] (-) TimerEvent: {}
[172.036450] (-) TimerEvent: {}
[172.136786] (-) TimerEvent: {}
[172.237147] (-) TimerEvent: {}
[172.337474] (-) TimerEvent: {}
[172.437713] (-) TimerEvent: {}
[172.538057] (-) TimerEvent: {}
[172.638451] (-) TimerEvent: {}
[172.738790] (-) TimerEvent: {}
[172.839124] (-) TimerEvent: {}
[172.939459] (-) TimerEvent: {}
[173.039799] (-) TimerEvent: {}
[173.140143] (-) TimerEvent: {}
[173.240515] (-) TimerEvent: {}
[173.340874] (-) TimerEvent: {}
[173.441280] (-) TimerEvent: {}
[173.541620] (-) TimerEvent: {}
[173.641966] (-) TimerEvent: {}
[173.742262] (-) TimerEvent: {}
[173.842623] (-) TimerEvent: {}
[173.942968] (-) TimerEvent: {}
[174.043243] (-) TimerEvent: {}
[174.143590] (-) TimerEvent: {}
[174.243929] (-) TimerEvent: {}
[174.344304] (-) TimerEvent: {}
[174.444559] (-) TimerEvent: {}
[174.544822] (-) TimerEvent: {}
[174.645162] (-) TimerEvent: {}
[174.745430] (-) TimerEvent: {}
[174.845712] (-) TimerEvent: {}
[174.945993] (-) TimerEvent: {}
[175.046262] (-) TimerEvent: {}
[175.146532] (-) TimerEvent: {}
[175.246805] (-) TimerEvent: {}
[175.347071] (-) TimerEvent: {}
[175.447341] (-) TimerEvent: {}
[175.547636] (-) TimerEvent: {}
[175.647925] (-) TimerEvent: {}
[175.748196] (-) TimerEvent: {}
[175.848588] (-) TimerEvent: {}
[175.948969] (-) TimerEvent: {}
[176.049333] (-) TimerEvent: {}
[176.149701] (-) TimerEvent: {}
[176.250041] (-) TimerEvent: {}
[176.350376] (-) TimerEvent: {}
[176.450710] (-) TimerEvent: {}
[176.551044] (-) TimerEvent: {}
[176.651385] (-) TimerEvent: {}
[176.751726] (-) TimerEvent: {}
[176.851967] (-) TimerEvent: {}
[176.952226] (-) TimerEvent: {}
[177.052478] (-) TimerEvent: {}
[177.152743] (-) TimerEvent: {}
[177.252985] (-) TimerEvent: {}
[177.353316] (-) TimerEvent: {}
[177.453642] (-) TimerEvent: {}
[177.553985] (-) TimerEvent: {}
[177.654234] (-) TimerEvent: {}
[177.754573] (-) TimerEvent: {}
[177.854928] (-) TimerEvent: {}
[177.955349] (-) TimerEvent: {}
[178.055707] (-) TimerEvent: {}
[178.156128] (-) TimerEvent: {}
[178.256412] (-) TimerEvent: {}
[178.356753] (-) TimerEvent: {}
[178.457081] (-) TimerEvent: {}
[178.557423] (-) TimerEvent: {}
[178.657767] (-) TimerEvent: {}
[178.758115] (-) TimerEvent: {}
[178.858574] (-) TimerEvent: {}
[178.958905] (-) TimerEvent: {}
[179.059115] (-) TimerEvent: {}
[179.159460] (-) TimerEvent: {}
[179.259828] (-) TimerEvent: {}
[179.360162] (-) TimerEvent: {}
[179.460413] (-) TimerEvent: {}
[179.560652] (-) TimerEvent: {}
[179.660939] (-) TimerEvent: {}
[179.761269] (-) TimerEvent: {}
[179.861507] (-) TimerEvent: {}
[179.961842] (-) TimerEvent: {}
[180.062184] (-) TimerEvent: {}
[180.162542] (-) TimerEvent: {}
[180.262899] (-) TimerEvent: {}
[180.363229] (-) TimerEvent: {}
[180.463613] (-) TimerEvent: {}
[180.563965] (-) TimerEvent: {}
[180.664326] (-) TimerEvent: {}
[180.764563] (-) TimerEvent: {}
[180.864821] (-) TimerEvent: {}
[180.965157] (-) TimerEvent: {}
[181.065528] (-) TimerEvent: {}
[181.165862] (-) TimerEvent: {}
[181.266205] (-) TimerEvent: {}
[181.366558] (-) TimerEvent: {}
[181.466894] (-) TimerEvent: {}
[181.567283] (-) TimerEvent: {}
[181.667637] (-) TimerEvent: {}
[181.767997] (-) TimerEvent: {}
[181.868351] (-) TimerEvent: {}
[181.968685] (-) TimerEvent: {}
[182.068917] (-) TimerEvent: {}
[182.169242] (-) TimerEvent: {}
[182.269566] (-) TimerEvent: {}
[182.369897] (-) TimerEvent: {}
[182.470248] (-) TimerEvent: {}
[182.570482] (-) TimerEvent: {}
[182.670810] (-) TimerEvent: {}
[182.771151] (-) TimerEvent: {}
[182.871473] (-) TimerEvent: {}
[182.971802] (-) TimerEvent: {}
[183.072123] (-) TimerEvent: {}
[183.172377] (-) TimerEvent: {}
[183.272712] (-) TimerEvent: {}
[183.373043] (-) TimerEvent: {}
[183.473368] (-) TimerEvent: {}
[183.573599] (-) TimerEvent: {}
[183.673923] (-) TimerEvent: {}
[183.774260] (-) TimerEvent: {}
[183.874602] (-) TimerEvent: {}
[183.974934] (-) TimerEvent: {}
[184.075266] (-) TimerEvent: {}
[184.175611] (-) TimerEvent: {}
[184.275951] (-) TimerEvent: {}
[184.376298] (-) TimerEvent: {}
[184.476533] (-) TimerEvent: {}
[184.576880] (-) TimerEvent: {}
[184.677213] (-) TimerEvent: {}
[184.777539] (-) TimerEvent: {}
[184.877870] (-) TimerEvent: {}
[184.978220] (-) TimerEvent: {}
[185.078556] (-) TimerEvent: {}
[185.178779] (-) TimerEvent: {}
[185.279105] (-) TimerEvent: {}
[185.379347] (-) TimerEvent: {}
[185.479690] (-) TimerEvent: {}
[185.580016] (-) TimerEvent: {}
[185.680369] (-) TimerEvent: {}
[185.780713] (-) TimerEvent: {}
[185.881036] (-) TimerEvent: {}
[185.981382] (-) TimerEvent: {}
[186.081734] (-) TimerEvent: {}
[186.182076] (-) TimerEvent: {}
[186.282488] (-) TimerEvent: {}
[186.382819] (-) TimerEvent: {}
[186.483153] (-) TimerEvent: {}
[186.583480] (-) TimerEvent: {}
[186.683817] (-) TimerEvent: {}
[186.784139] (-) TimerEvent: {}
[186.884376] (-) TimerEvent: {}
[186.984707] (-) TimerEvent: {}
[187.085049] (-) TimerEvent: {}
[187.185375] (-) TimerEvent: {}
[187.285650] (-) TimerEvent: {}
[187.385991] (-) TimerEvent: {}
[187.486329] (-) TimerEvent: {}
[187.586661] (-) TimerEvent: {}
[187.686997] (-) TimerEvent: {}
[187.787326] (-) TimerEvent: {}
[187.887656] (-) TimerEvent: {}
[187.987986] (-) TimerEvent: {}
[188.088319] (-) TimerEvent: {}
[188.188647] (-) TimerEvent: {}
[188.288903] (-) TimerEvent: {}
[188.389226] (-) TimerEvent: {}
[188.489548] (-) TimerEvent: {}
[188.589888] (-) TimerEvent: {}
[188.690223] (-) TimerEvent: {}
[188.790456] (-) TimerEvent: {}
[188.890786] (-) TimerEvent: {}
[188.991128] (-) TimerEvent: {}
[189.091487] (-) TimerEvent: {}
[189.191808] (-) TimerEvent: {}
[189.292159] (-) TimerEvent: {}
[189.392405] (-) TimerEvent: {}
[189.492739] (-) TimerEvent: {}
[189.593003] (-) TimerEvent: {}
[189.693350] (-) TimerEvent: {}
[189.793578] (-) TimerEvent: {}
[189.893911] (-) TimerEvent: {}
[189.994279] (-) TimerEvent: {}
[190.094611] (-) TimerEvent: {}
[190.194952] (-) TimerEvent: {}
[190.295286] (-) TimerEvent: {}
[190.395616] (-) TimerEvent: {}
[190.495968] (-) TimerEvent: {}
[190.596313] (-) TimerEvent: {}
[190.696554] (-) TimerEvent: {}
[190.796839] (-) TimerEvent: {}
[190.897177] (-) TimerEvent: {}
[190.997536] (-) TimerEvent: {}
[191.097871] (-) TimerEvent: {}
[191.198208] (-) TimerEvent: {}
[191.298540] (-) TimerEvent: {}
[191.398890] (-) TimerEvent: {}
[191.499250] (-) TimerEvent: {}
[191.599599] (-) TimerEvent: {}
[191.699947] (-) TimerEvent: {}
[191.800308] (-) TimerEvent: {}
[191.900543] (-) TimerEvent: {}
[192.000769] (-) TimerEvent: {}
[192.101036] (-) TimerEvent: {}
[192.201386] (-) TimerEvent: {}
[192.301730] (-) TimerEvent: {}
[192.402095] (-) TimerEvent: {}
[192.502445] (-) TimerEvent: {}
[192.602780] (-) TimerEvent: {}
[192.703130] (-) TimerEvent: {}
[192.803391] (-) TimerEvent: {}
[192.903666] (-) TimerEvent: {}
[192.992967] (isaac_ros_centerpose) StdoutLine: {'line': b'[100%] \x1b[32m\x1b[1mLinking CXX shared library libcenterpose_visualizer_node.so\x1b[0m\n'}
[193.003788] (-) TimerEvent: {}
[193.104127] (-) TimerEvent: {}
[193.204384] (-) TimerEvent: {}
[193.304625] (-) TimerEvent: {}
[193.404874] (-) TimerEvent: {}
[193.421490] (isaac_ros_centerpose) StdoutLine: {'line': b'[100%] Built target centerpose_visualizer_node\n'}
[193.430131] (isaac_ros_centerpose) CommandEnded: {'returncode': 0}
[193.430725] (isaac_ros_centerpose) JobProgress: {'identifier': 'isaac_ros_centerpose', 'progress': 'install'}
[193.430905] (isaac_ros_centerpose) Command: {'cmd': ['/usr/bin/cmake', '--install', '/workspaces/isaac_ros-dev/build/isaac_ros_centerpose'], 'cwd': '/workspaces/isaac_ros-dev/build/isaac_ros_centerpose', 'env': OrderedDict([('DALI_BUILD', '16741769'), ('LIBRARY_PATH', '/usr/local/cuda/lib64/stubs:'), ('NVIDIA_CTK_LIBCUDA_DIR', '/usr/lib/x86_64-linux-gnu/nvidia/current'), ('PYTHONWARNINGS', 'ignore:::setuptools.command.install,ignore:::setuptools.command.easy_install,ignore:::pkg_resources,ignore:::setuptools.command.develop'), ('USER', 'diego'), ('TRT_INC_PATH', '/usr/include/x86_64-linux-gnu'), ('TF_ADJUST_SATURATION_FUSED', '1'), ('CUSOLVER_VERSION', '11.6.4.38'), ('HOSTNAME', 'debian'), ('CUTENSOR_VERSION', '2.0.2.5'), ('SHLVL', '1'), ('LD_LIBRARY_PATH', '/workspaces/isaac_ros-dev/install/isaac_ros_dnn_image_encoder/lib:/workspaces/isaac_ros-dev/install/isaac_ros_tensor_proc/lib:/workspaces/isaac_ros-dev/install/isaac_ros_tensor_rt/lib:/workspaces/isaac_ros-dev/install/isaac_ros_managed_nitros/lib:/workspaces/isaac_ros-dev/install/gxf_isaac_centerpose/lib:/workspaces/isaac_ros-dev/install/isaac_ros_nitros_tensor_list_type/lib:/workspaces/isaac_ros-dev/install/isaac_ros_nitros_image_type/lib:/workspaces/isaac_ros-dev/install/isaac_ros_nitros_detection3_d_array_type/lib:/workspaces/isaac_ros-dev/install/isaac_ros_nitros_camera_info_type/lib:/workspaces/isaac_ros-dev/install/isaac_ros_nitros/lib:/workspaces/isaac_ros-dev/install/gxf_isaac_tensor_rt/lib:/workspaces/isaac_ros-dev/install/gxf_isaac_messages/lib:/workspaces/isaac_ros-dev/install/gxf_isaac_gxf_helpers/lib:/workspaces/isaac_ros-dev/install/gxf_isaac_atlas/lib:/workspaces/isaac_ros-dev/install/gxf_isaac_sight/lib:/workspaces/isaac_ros-dev/install/gxf_isaac_optimizer/lib:/workspaces/isaac_ros-dev/install/gxf_isaac_message_compositor/lib:/workspaces/isaac_ros-dev/install/gxf_isaac_gems/lib:/workspaces/isaac_ros-dev/install/isaac_ros_tensor_list_interfaces/lib:/workspaces/isaac_ros-dev/install/isaac_ros_gxf/lib:/workspaces/isaac_ros-dev/install/isaac_ros_common/lib:/opt/ros/humble/opt/openvdb_vendor/lib:/opt/ros/humble/opt/rviz_ogre_vendor/lib:/opt/ros/humble/lib/x86_64-linux-gnu:/opt/ros/humble/lib:/usr/local/libcudss-linux-0.3.0.9_cuda12-archive/lib:/opt/hpcx/ucc/lib/:/opt/hpcx/ucx/lib/:/usr/local/cuda/compat/lib:/usr/local/nvidia/lib:/usr/local/nvidia/lib64:/opt/tritonserver/lib'), ('HOME', '/home/admin'), ('NVIDIA_TRITON_SERVER_VERSION', '24.08'), ('OLDPWD', '/workspaces/isaac_ros-dev'), ('HOST_USER_GID', '1000'), ('CUDA_CACHE_DISABLE', '1'), ('ROS_PYTHON_VERSION', '3'), ('MODEL_OPT_VERSION', '0.15.0'), ('ENV', '/etc/shinit_v2'), ('RDMACORE_VERSION', '39.0'), ('NVJPEG_VERSION', '12.3.3.23'), ('NVIDIA_BUILD_ID', '107631419'), ('CUDA_VERSION', '12.6.0.022'), ('TCMALLOC_RELEASE_RATE', '200'), ('CUBLAS_VERSION', '12.6.0.22'), ('NSIGHT_SYSTEMS_VERSION', '2024.4.2.133'), ('COLCON_PREFIX_PATH', '/workspaces/isaac_ros-dev/install'), ('CUDA_VISIBLE_DEVICES', '0'), ('ROS_DISTRO', 'humble'), ('OPAL_PREFIX', '/opt/hpcx/ompi'), ('NVIDIA_REQUIRE_CUDA', 'cuda>=9.0'), ('TRT_VERSION', '10.3.0.26+cuda12.5.1.007'), ('GDRCOPY_VERSION', '2.3.1-1'), ('_', '/usr/bin/colcon'), ('ROS_VERSION', '2'), ('NVIDIA_DRIVER_CAPABILITIES', 'compute,utility,graphics'), ('POLYGRAPHY_VERSION', '0.49.13'), ('CURAND_VERSION', '10.3.7.37'), ('MOFED_VERSION', '5.4-rdmacore39.0'), ('USERNAME', 'admin'), ('TERM', 'xterm'), ('ISAAC_ROS_WS', '/workspaces/isaac_ros-dev'), ('ROS_LOCALHOST_ONLY', '0'), ('TRANSFORMER_ENGINE_VERSION', '1.9'), ('PATH', '/workspaces/isaac_ros-dev/install/isaac_ros_common/bin:/opt/ros/humble/bin:/opt/ros/humble/vcstool/scripts:/opt/tritonserver/bin:/usr/local/mpi/bin:/usr/local/nvidia/bin:/usr/local/cuda/bin:/usr/local/sbin:/usr/local/bin:/usr/sbin:/usr/bin:/sbin:/bin:/usr/local/ucx/bin'), ('HOST_USER_UID', '1000'), ('CUDSS_DIR', '/usr/local/libcudss-linux-0.3.0.9_cuda12-archive'), ('CUDA_DRIVER_VERSION', '560.35.03'), ('_CUDA_COMPAT_STATUS', 'Unknown error (CUDA_ERROR_UNKNOWN) cuInit()=999'), ('DISPLAY', ':1'), ('NVIDIA_PRODUCT_NAME', 'Triton Server'), ('LANG', 'en_US.UTF-8'), ('RMW_IMPLEMENTATION', 'rmw_fastrtps_cpp'), ('NPP_VERSION', '12.3.1.23'), ('ROS_ROOT', '/opt/ros/humble'), ('UCX_MEM_EVENTS', 'no'), ('CUFFT_VERSION', '11.2.6.28'), ('SSH_AUTH_SOCK', '/ssh-agent'), ('TF_ENABLE_WINOGRAD_NONFUSED', '1'), ('AMENT_PREFIX_PATH', '/workspaces/isaac_ros-dev/install/isaac_ros_dnn_image_encoder:/workspaces/isaac_ros-dev/install/isaac_ros_tensor_proc:/workspaces/isaac_ros-dev/install/isaac_ros_tensor_rt:/workspaces/isaac_ros-dev/install/isaac_ros_managed_nitros:/workspaces/isaac_ros-dev/install/gxf_isaac_centerpose:/workspaces/isaac_ros-dev/install/isaac_ros_nitros_tensor_list_type:/workspaces/isaac_ros-dev/install/isaac_ros_nitros_image_type:/workspaces/isaac_ros-dev/install/isaac_ros_nitros_detection3_d_array_type:/workspaces/isaac_ros-dev/install/isaac_ros_nitros_camera_info_type:/workspaces/isaac_ros-dev/install/isaac_ros_nitros:/workspaces/isaac_ros-dev/install/gxf_isaac_tensor_rt:/workspaces/isaac_ros-dev/install/gxf_isaac_messages:/workspaces/isaac_ros-dev/install/gxf_isaac_gxf_helpers:/workspaces/isaac_ros-dev/install/gxf_isaac_atlas:/workspaces/isaac_ros-dev/install/gxf_isaac_sight:/workspaces/isaac_ros-dev/install/gxf_isaac_optimizer:/workspaces/isaac_ros-dev/install/gxf_isaac_message_compositor:/workspaces/isaac_ros-dev/install/gxf_isaac_gems:/workspaces/isaac_ros-dev/install/isaac_ros_test:/workspaces/isaac_ros-dev/install/isaac_ros_tensor_list_interfaces:/workspaces/isaac_ros-dev/install/isaac_ros_gxf:/workspaces/isaac_ros-dev/install/isaac_ros_launch_utils:/workspaces/isaac_ros-dev/install/isaac_ros_common:/workspaces/isaac_ros-dev/install/isaac_common_py:/opt/ros/humble'), ('CUDNN_VERSION', '9.3.0.75'), ('NSIGHT_COMPUTE_VERSION', '2024.3.0.15'), ('DALI_VERSION', '1.40.0'), ('DEBIAN_FRONTEND', 'noninteractive'), ('SHELL', '/bin/bash'), ('DCGM_VERSION', '3.2.6'), ('CUDNN_FRONTEND_VERSION', '1.5.2'), ('OPENMPI_VERSION', '4.1.7'), ('TRTOSS_VERSION', '24.08'), ('OMPI_MCA_coll_hcoll_enable', '0'), ('CUSPARSE_VERSION', '12.5.2.23'), ('NVIDIA_REQUIRE_JETPACK_HOST_MOUNTS', ''), ('TRITON_SERVER_GPU_ENABLED', '1'), ('TRITON_SERVER_VERSION', '2.49.0'), ('BASH_ENV', '/etc/bash.bashrc'), ('PWD', '/workspaces/isaac_ros-dev/build/isaac_ros_centerpose'), ('CUSPARSELT_VERSION', '0.6.2.3'), ('PYTHONPATH', '/workspaces/isaac_ros-dev/build/isaac_ros_test:/workspaces/isaac_ros-dev/install/isaac_ros_test/lib/python3.10/site-packages:/workspaces/isaac_ros-dev/install/isaac_ros_tensor_list_interfaces/local/lib/python3.10/dist-packages:/workspaces/isaac_ros-dev/build/isaac_ros_launch_utils:/workspaces/isaac_ros-dev/install/isaac_ros_launch_utils/lib/python3.10/site-packages:/workspaces/isaac_ros-dev/install/isaac_ros_common/local/lib/python3.10/dist-packages:/workspaces/isaac_ros-dev/build/isaac_common_py:/workspaces/isaac_ros-dev/install/isaac_common_py/lib/python3.10/site-packages:/opt/ros/humble/lib/python3.10/site-packages:/opt/ros/humble/local/lib/python3.10/dist-packages:/opt/ros/humble/vcstool:/opt/tritonserver/backends/dali/wheel/dali'), ('_CUDA_COMPAT_PATH', '/usr/local/cuda/compat'), ('TRITON_SERVER_USER', 'triton-server'), ('TF_ADJUST_HUE_FUSED', '1'), ('NVIDIA_VISIBLE_DEVICES', 'void'), ('NCCL_VERSION', '2.22.3'), ('COLCON', '1'), ('OPENUCX_VERSION', '1.17.0'), ('HPCX_VERSION', '2.19'), ('CMAKE_PREFIX_PATH', '/workspaces/isaac_ros-dev/install/isaac_ros_dnn_image_encoder:/workspaces/isaac_ros-dev/install/isaac_ros_tensor_proc:/workspaces/isaac_ros-dev/install/isaac_ros_tensor_rt:/workspaces/isaac_ros-dev/install/isaac_ros_managed_nitros:/workspaces/isaac_ros-dev/install/gxf_isaac_centerpose:/workspaces/isaac_ros-dev/install/isaac_ros_nitros_tensor_list_type:/workspaces/isaac_ros-dev/install/isaac_ros_nitros_image_type:/workspaces/isaac_ros-dev/install/isaac_ros_nitros_detection3_d_array_type:/workspaces/isaac_ros-dev/install/isaac_ros_nitros_camera_info_type:/workspaces/isaac_ros-dev/install/isaac_ros_nitros:/workspaces/isaac_ros-dev/install/gxf_isaac_tensor_rt:/workspaces/isaac_ros-dev/install/gxf_isaac_messages:/workspaces/isaac_ros-dev/install/gxf_isaac_gxf_helpers:/workspaces/isaac_ros-dev/install/gxf_isaac_atlas:/workspaces/isaac_ros-dev/install/gxf_isaac_sight:/workspaces/isaac_ros-dev/install/gxf_isaac_optimizer:/workspaces/isaac_ros-dev/install/gxf_isaac_message_compositor:/workspaces/isaac_ros-dev/install/gxf_isaac_gems:/workspaces/isaac_ros-dev/install/isaac_ros_tensor_list_interfaces:/workspaces/isaac_ros-dev/install/isaac_ros_gxf:/workspaces/isaac_ros-dev/install/isaac_ros_common:/usr/local/libcudss-linux-0.3.0.9_cuda12-archive:/workspaces/isaac_ros-dev/install/isaac_ros_test:/workspaces/isaac_ros-dev/install/isaac_ros_launch_utils:/workspaces/isaac_ros-dev/install/isaac_common_py:/opt/ros/humble'), ('TF_AUTOTUNE_THRESHOLD', '2'), ('TRT_LIB_PATH', '/usr/lib/x86_64-linux-gnu')]), 'shell': False}
[193.437471] (isaac_ros_centerpose) StdoutLine: {'line': b'-- Install configuration: "Release"\n'}
[193.437946] (isaac_ros_centerpose) StdoutLine: {'line': b'-- Execute custom install script\n'}
[193.438232] (isaac_ros_centerpose) StdoutLine: {'line': b'-- Symlinking: /workspaces/isaac_ros-dev/install/isaac_ros_centerpose/share/isaac_ros_centerpose/version_info.yaml\n'}
[193.444856] (isaac_ros_centerpose) StdoutLine: {'line': b'-- Symlinking: /workspaces/isaac_ros-dev/install/isaac_ros_centerpose/include/isaac_ros_centerpose/centerpose_decoder_node.hpp\n'}
[193.453256] (isaac_ros_centerpose) StdoutLine: {'line': b'-- Symlinking: /workspaces/isaac_ros-dev/install/isaac_ros_centerpose/include/isaac_ros_centerpose/centerpose_visualizer_node.hpp\n'}
[193.461832] (isaac_ros_centerpose) StdoutLine: {'line': b'-- Symlinking: /workspaces/isaac_ros-dev/install/isaac_ros_centerpose/share/isaac_ros_centerpose/environment/library_path.sh\n'}
[193.469479] (isaac_ros_centerpose) StdoutLine: {'line': b'-- Symlinking: /workspaces/isaac_ros-dev/install/isaac_ros_centerpose/share/isaac_ros_centerpose/environment/library_path.dsv\n'}
[193.478099] (isaac_ros_centerpose) StdoutLine: {'line': b'-- Symlinking: /workspaces/isaac_ros-dev/install/isaac_ros_centerpose/lib/libcenterpose_decoder_node.so\n'}
[193.489677] (isaac_ros_centerpose) StdoutLine: {'line': b'-- Symlinking: /workspaces/isaac_ros-dev/install/isaac_ros_centerpose/lib/libcenterpose_visualizer_node.so\n'}
[193.505025] (-) TimerEvent: {}
[193.505458] (isaac_ros_centerpose) StdoutLine: {'line': b'-- Symlinking: /workspaces/isaac_ros-dev/install/isaac_ros_centerpose/share/isaac_ros_centerpose/config/centerpose_node.yaml\n'}
[193.521748] (isaac_ros_centerpose) StdoutLine: {'line': b'-- Symlinking: /workspaces/isaac_ros-dev/install/isaac_ros_centerpose/share/isaac_ros_centerpose/config/centerpose_visualizer_node.yaml\n'}
[193.536925] (isaac_ros_centerpose) StdoutLine: {'line': b'-- Symlinking: /workspaces/isaac_ros-dev/install/isaac_ros_centerpose/share/isaac_ros_centerpose/launch/isaac_ros_centerpose_core.launch.py\n'}
[193.550140] (isaac_ros_centerpose) StdoutLine: {'line': b'-- Symlinking: /workspaces/isaac_ros-dev/install/isaac_ros_centerpose/share/isaac_ros_centerpose/launch/isaac_ros_centerpose_tensor_rt.launch.py\n'}
[193.560324] (isaac_ros_centerpose) StdoutLine: {'line': b'-- Symlinking: /workspaces/isaac_ros-dev/install/isaac_ros_centerpose/share/isaac_ros_centerpose/launch/isaac_ros_centerpose_triton.launch.py\n'}
[193.568769] (isaac_ros_centerpose) StdoutLine: {'line': b'-- Symlinking: /workspaces/isaac_ros-dev/install/isaac_ros_centerpose/share/isaac_ros_centerpose/launch/isaac_ros_centerpose_visualizer_core.launch.py\n'}
[193.578889] (isaac_ros_centerpose) StdoutLine: {'line': b'-- Symlinking: /workspaces/isaac_ros-dev/install/isaac_ros_centerpose/share/ament_index/resource_index/package_run_dependencies/isaac_ros_centerpose\n'}
[193.588873] (isaac_ros_centerpose) StdoutLine: {'line': b'-- Symlinking: /workspaces/isaac_ros-dev/install/isaac_ros_centerpose/share/ament_index/resource_index/parent_prefix_path/isaac_ros_centerpose\n'}
[193.597441] (isaac_ros_centerpose) StdoutLine: {'line': b'-- Symlinking: /workspaces/isaac_ros-dev/install/isaac_ros_centerpose/share/isaac_ros_centerpose/environment/ament_prefix_path.sh\n'}
[193.605213] (-) TimerEvent: {}
[193.607867] (isaac_ros_centerpose) StdoutLine: {'line': b'-- Symlinking: /workspaces/isaac_ros-dev/install/isaac_ros_centerpose/share/isaac_ros_centerpose/environment/ament_prefix_path.dsv\n'}
[193.619383] (isaac_ros_centerpose) StdoutLine: {'line': b'-- Symlinking: /workspaces/isaac_ros-dev/install/isaac_ros_centerpose/share/isaac_ros_centerpose/environment/path.sh\n'}
[193.629458] (isaac_ros_centerpose) StdoutLine: {'line': b'-- Symlinking: /workspaces/isaac_ros-dev/install/isaac_ros_centerpose/share/isaac_ros_centerpose/environment/path.dsv\n'}
[193.640883] (isaac_ros_centerpose) StdoutLine: {'line': b'-- Symlinking: /workspaces/isaac_ros-dev/install/isaac_ros_centerpose/share/isaac_ros_centerpose/local_setup.bash\n'}
[193.649781] (isaac_ros_centerpose) StdoutLine: {'line': b'-- Symlinking: /workspaces/isaac_ros-dev/install/isaac_ros_centerpose/share/isaac_ros_centerpose/local_setup.sh\n'}
[193.657861] (isaac_ros_centerpose) StdoutLine: {'line': b'-- Symlinking: /workspaces/isaac_ros-dev/install/isaac_ros_centerpose/share/isaac_ros_centerpose/local_setup.zsh\n'}
[193.668007] (isaac_ros_centerpose) StdoutLine: {'line': b'-- Symlinking: /workspaces/isaac_ros-dev/install/isaac_ros_centerpose/share/isaac_ros_centerpose/local_setup.dsv\n'}
[193.676741] (isaac_ros_centerpose) StdoutLine: {'line': b'-- Symlinking: /workspaces/isaac_ros-dev/install/isaac_ros_centerpose/share/isaac_ros_centerpose/package.dsv\n'}
[193.689276] (isaac_ros_centerpose) StdoutLine: {'line': b'-- Symlinking: /workspaces/isaac_ros-dev/install/isaac_ros_centerpose/share/ament_index/resource_index/packages/isaac_ros_centerpose\n'}
[193.700794] (isaac_ros_centerpose) StdoutLine: {'line': b'-- Symlinking: /workspaces/isaac_ros-dev/install/isaac_ros_centerpose/share/ament_index/resource_index/rclcpp_components/isaac_ros_centerpose\n'}
[193.705328] (-) TimerEvent: {}
[193.722286] (isaac_ros_centerpose) StdoutLine: {'line': b'-- Symlinking: /workspaces/isaac_ros-dev/install/isaac_ros_centerpose/share/isaac_ros_centerpose/cmake/ament_cmake_export_dependencies-extras.cmake\n'}
[193.742130] (isaac_ros_centerpose) StdoutLine: {'line': b'-- Symlinking: /workspaces/isaac_ros-dev/install/isaac_ros_centerpose/share/isaac_ros_centerpose/cmake/ament_cmake_export_include_directories-extras.cmake\n'}
[193.762891] (isaac_ros_centerpose) StdoutLine: {'line': b'-- Symlinking: /workspaces/isaac_ros-dev/install/isaac_ros_centerpose/share/isaac_ros_centerpose/cmake/ament_cmake_export_libraries-extras.cmake\n'}
[193.778178] (isaac_ros_centerpose) StdoutLine: {'line': b'-- Symlinking: /workspaces/isaac_ros-dev/install/isaac_ros_centerpose/share/isaac_ros_centerpose/cmake/isaac_ros_centerposeConfig.cmake\n'}
[193.790139] (isaac_ros_centerpose) StdoutLine: {'line': b'-- Symlinking: /workspaces/isaac_ros-dev/install/isaac_ros_centerpose/share/isaac_ros_centerpose/cmake/isaac_ros_centerposeConfig-version.cmake\n'}
[193.801385] (isaac_ros_centerpose) StdoutLine: {'line': b'-- Symlinking: /workspaces/isaac_ros-dev/install/isaac_ros_centerpose/share/isaac_ros_centerpose/package.xml\n'}
[193.805515] (-) TimerEvent: {}
[193.816136] (isaac_ros_centerpose) CommandEnded: {'returncode': 0}
[193.842811] (isaac_ros_centerpose) JobEnded: {'identifier': 'isaac_ros_centerpose', 'rc': 0}
[193.843324] (-) EventReactorShutdown: {}
