[0.077s] DEBUG:colcon:Command line arguments: ['/usr/bin/colcon', 'build', '--symlink-install', '--packages-up-to', 'isaac_ros_centerpose', '--packages-skip', 'isaac_ros_triton', 'gxf_isaac_triton', '--cmake-args', '-DBUILD_TESTING=OFF', '--event-handlers', 'console_direct+']
[0.078s] DEBUG:colcon:Parsed command line arguments: Namespace(log_base=None, log_level=None, verb_name='build', build_base='build', install_base='install', merge_install=False, symlink_install=True, test_result_base=None, continue_on_error=False, executor='parallel', parallel_workers=16, event_handlers=['console_direct+'], ignore_user_meta=False, metas=['./colcon.meta'], base_paths=['.'], packages_ignore=None, packages_ignore_regex=None, paths=None, packages_up_to=['isaac_ros_centerpose'], packages_up_to_regex=None, packages_above=None, packages_above_and_dependencies=None, packages_above_depth=None, packages_select_by_dep=None, packages_skip_by_dep=None, packages_skip_up_to=None, packages_select_build_failed=False, packages_skip_build_finished=False, packages_select_test_failures=False, packages_skip_test_passed=False, packages_select=None, packages_skip=['isaac_ros_triton', 'gxf_isaac_triton'], packages_select_regex=None, packages_skip_regex=None, packages_start=None, packages_end=None, allow_overriding=[], cmake_args=['-DBUILD_TESTING=OFF'], cmake_target=None, cmake_target_skip_unavailable=False, cmake_clean_cache=False, cmake_clean_first=False, cmake_force_configure=False, ament_cmake_args=None, catkin_cmake_args=None, catkin_skip_building_tests=False, verb_parser=<colcon_defaults.argument_parser.defaults.DefaultArgumentsDecorator object at 0x7f9f94c3c160>, verb_extension=<colcon_core.verb.build.BuildVerb object at 0x7f9f94c07cd0>, main=<bound method BuildVerb.main of <colcon_core.verb.build.BuildVerb object at 0x7f9f94c07cd0>>)
[0.244s] Level 1:colcon.colcon_core.package_discovery:discover_packages(colcon_meta) check parameters
[0.244s] Level 1:colcon.colcon_core.package_discovery:discover_packages(recursive) check parameters
[0.244s] Level 1:colcon.colcon_core.package_discovery:discover_packages(ignore) check parameters
[0.244s] Level 1:colcon.colcon_core.package_discovery:discover_packages(path) check parameters
[0.244s] Level 1:colcon.colcon_core.package_discovery:discover_packages(colcon_meta) discover
[0.244s] Level 1:colcon.colcon_core.package_discovery:discover_packages(recursive) discover
[0.244s] INFO:colcon.colcon_core.package_discovery:Crawling recursively for packages in '/workspaces/isaac_ros-dev'
[0.244s] Level 1:colcon.colcon_core.package_identification:_identify(.) by extensions ['ignore', 'ignore_ament_install']
[0.244s] Level 1:colcon.colcon_core.package_identification:_identify(.) by extension 'ignore'
[0.244s] Level 1:colcon.colcon_core.package_identification:_identify(.) by extension 'ignore_ament_install'
[0.244s] Level 1:colcon.colcon_core.package_identification:_identify(.) by extensions ['colcon_pkg']
[0.244s] Level 1:colcon.colcon_core.package_identification:_identify(.) by extension 'colcon_pkg'
[0.244s] Level 1:colcon.colcon_core.package_identification:_identify(.) by extensions ['colcon_meta']
[0.244s] Level 1:colcon.colcon_core.package_identification:_identify(.) by extension 'colcon_meta'
[0.244s] Level 1:colcon.colcon_core.package_identification:_identify(.) by extensions ['ros']
[0.244s] Level 1:colcon.colcon_core.package_identification:_identify(.) by extension 'ros'
[0.262s] Level 1:colcon.colcon_core.package_identification:_identify(.) by extensions ['cmake', 'python']
[0.262s] Level 1:colcon.colcon_core.package_identification:_identify(.) by extension 'cmake'
[0.262s] Level 1:colcon.colcon_core.package_identification:_identify(.) by extension 'python'
[0.263s] Level 1:colcon.colcon_core.package_identification:_identify(.) by extensions ['python_setup_py']
[0.263s] Level 1:colcon.colcon_core.package_identification:_identify(.) by extension 'python_setup_py'
[0.263s] Level 1:colcon.colcon_core.package_identification:_identify(build) by extensions ['ignore', 'ignore_ament_install']
[0.263s] Level 1:colcon.colcon_core.package_identification:_identify(build) by extension 'ignore'
[0.263s] Level 1:colcon.colcon_core.package_identification:_identify(build) ignored
[0.263s] Level 1:colcon.colcon_core.package_identification:_identify(install) by extensions ['ignore', 'ignore_ament_install']
[0.263s] Level 1:colcon.colcon_core.package_identification:_identify(install) by extension 'ignore'
[0.263s] Level 1:colcon.colcon_core.package_identification:_identify(install) ignored
[0.263s] Level 1:colcon.colcon_core.package_identification:_identify(isaac_ros_assets) by extensions ['ignore', 'ignore_ament_install']
[0.263s] Level 1:colcon.colcon_core.package_identification:_identify(isaac_ros_assets) by extension 'ignore'
[0.263s] Level 1:colcon.colcon_core.package_identification:_identify(isaac_ros_assets) by extension 'ignore_ament_install'
[0.263s] Level 1:colcon.colcon_core.package_identification:_identify(isaac_ros_assets) by extensions ['colcon_pkg']
[0.263s] Level 1:colcon.colcon_core.package_identification:_identify(isaac_ros_assets) by extension 'colcon_pkg'
[0.263s] Level 1:colcon.colcon_core.package_identification:_identify(isaac_ros_assets) by extensions ['colcon_meta']
[0.263s] Level 1:colcon.colcon_core.package_identification:_identify(isaac_ros_assets) by extension 'colcon_meta'
[0.263s] Level 1:colcon.colcon_core.package_identification:_identify(isaac_ros_assets) by extensions ['ros']
[0.263s] Level 1:colcon.colcon_core.package_identification:_identify(isaac_ros_assets) by extension 'ros'
[0.263s] Level 1:colcon.colcon_core.package_identification:_identify(isaac_ros_assets) by extensions ['cmake', 'python']
[0.263s] Level 1:colcon.colcon_core.package_identification:_identify(isaac_ros_assets) by extension 'cmake'
[0.263s] Level 1:colcon.colcon_core.package_identification:_identify(isaac_ros_assets) by extension 'python'
[0.263s] Level 1:colcon.colcon_core.package_identification:_identify(isaac_ros_assets) by extensions ['python_setup_py']
[0.263s] Level 1:colcon.colcon_core.package_identification:_identify(isaac_ros_assets) by extension 'python_setup_py'
[0.263s] Level 1:colcon.colcon_core.package_identification:_identify(isaac_ros_assets/isaac_ros_centerpose) by extensions ['ignore', 'ignore_ament_install']
[0.263s] Level 1:colcon.colcon_core.package_identification:_identify(isaac_ros_assets/isaac_ros_centerpose) by extension 'ignore'
[0.263s] Level 1:colcon.colcon_core.package_identification:_identify(isaac_ros_assets/isaac_ros_centerpose) by extension 'ignore_ament_install'
[0.263s] Level 1:colcon.colcon_core.package_identification:_identify(isaac_ros_assets/isaac_ros_centerpose) by extensions ['colcon_pkg']
[0.263s] Level 1:colcon.colcon_core.package_identification:_identify(isaac_ros_assets/isaac_ros_centerpose) by extension 'colcon_pkg'
[0.263s] Level 1:colcon.colcon_core.package_identification:_identify(isaac_ros_assets/isaac_ros_centerpose) by extensions ['colcon_meta']
[0.263s] Level 1:colcon.colcon_core.package_identification:_identify(isaac_ros_assets/isaac_ros_centerpose) by extension 'colcon_meta'
[0.263s] Level 1:colcon.colcon_core.package_identification:_identify(isaac_ros_assets/isaac_ros_centerpose) by extensions ['ros']
[0.263s] Level 1:colcon.colcon_core.package_identification:_identify(isaac_ros_assets/isaac_ros_centerpose) by extension 'ros'
[0.263s] Level 1:colcon.colcon_core.package_identification:_identify(isaac_ros_assets/isaac_ros_centerpose) by extensions ['cmake', 'python']
[0.263s] Level 1:colcon.colcon_core.package_identification:_identify(isaac_ros_assets/isaac_ros_centerpose) by extension 'cmake'
[0.263s] Level 1:colcon.colcon_core.package_identification:_identify(isaac_ros_assets/isaac_ros_centerpose) by extension 'python'
[0.264s] Level 1:colcon.colcon_core.package_identification:_identify(isaac_ros_assets/isaac_ros_centerpose) by extensions ['python_setup_py']
[0.264s] Level 1:colcon.colcon_core.package_identification:_identify(isaac_ros_assets/isaac_ros_centerpose) by extension 'python_setup_py'
[0.264s] Level 1:colcon.colcon_core.package_identification:_identify(isaac_ros_assets/isaac_ros_centerpose/quickstart.bag) by extensions ['ignore', 'ignore_ament_install']
[0.264s] Level 1:colcon.colcon_core.package_identification:_identify(isaac_ros_assets/isaac_ros_centerpose/quickstart.bag) by extension 'ignore'
[0.264s] Level 1:colcon.colcon_core.package_identification:_identify(isaac_ros_assets/isaac_ros_centerpose/quickstart.bag) by extension 'ignore_ament_install'
[0.264s] Level 1:colcon.colcon_core.package_identification:_identify(isaac_ros_assets/isaac_ros_centerpose/quickstart.bag) by extensions ['colcon_pkg']
[0.264s] Level 1:colcon.colcon_core.package_identification:_identify(isaac_ros_assets/isaac_ros_centerpose/quickstart.bag) by extension 'colcon_pkg'
[0.264s] Level 1:colcon.colcon_core.package_identification:_identify(isaac_ros_assets/isaac_ros_centerpose/quickstart.bag) by extensions ['colcon_meta']
[0.264s] Level 1:colcon.colcon_core.package_identification:_identify(isaac_ros_assets/isaac_ros_centerpose/quickstart.bag) by extension 'colcon_meta'
[0.264s] Level 1:colcon.colcon_core.package_identification:_identify(isaac_ros_assets/isaac_ros_centerpose/quickstart.bag) by extensions ['ros']
[0.264s] Level 1:colcon.colcon_core.package_identification:_identify(isaac_ros_assets/isaac_ros_centerpose/quickstart.bag) by extension 'ros'
[0.264s] Level 1:colcon.colcon_core.package_identification:_identify(isaac_ros_assets/isaac_ros_centerpose/quickstart.bag) by extensions ['cmake', 'python']
[0.264s] Level 1:colcon.colcon_core.package_identification:_identify(isaac_ros_assets/isaac_ros_centerpose/quickstart.bag) by extension 'cmake'
[0.264s] Level 1:colcon.colcon_core.package_identification:_identify(isaac_ros_assets/isaac_ros_centerpose/quickstart.bag) by extension 'python'
[0.264s] Level 1:colcon.colcon_core.package_identification:_identify(isaac_ros_assets/isaac_ros_centerpose/quickstart.bag) by extensions ['python_setup_py']
[0.264s] Level 1:colcon.colcon_core.package_identification:_identify(isaac_ros_assets/isaac_ros_centerpose/quickstart.bag) by extension 'python_setup_py'
[0.264s] Level 1:colcon.colcon_core.package_identification:_identify(isaac_ros_assets/models) by extensions ['ignore', 'ignore_ament_install']
[0.264s] Level 1:colcon.colcon_core.package_identification:_identify(isaac_ros_assets/models) by extension 'ignore'
[0.264s] Level 1:colcon.colcon_core.package_identification:_identify(isaac_ros_assets/models) by extension 'ignore_ament_install'
[0.264s] Level 1:colcon.colcon_core.package_identification:_identify(isaac_ros_assets/models) by extensions ['colcon_pkg']
[0.264s] Level 1:colcon.colcon_core.package_identification:_identify(isaac_ros_assets/models) by extension 'colcon_pkg'
[0.264s] Level 1:colcon.colcon_core.package_identification:_identify(isaac_ros_assets/models) by extensions ['colcon_meta']
[0.264s] Level 1:colcon.colcon_core.package_identification:_identify(isaac_ros_assets/models) by extension 'colcon_meta'
[0.264s] Level 1:colcon.colcon_core.package_identification:_identify(isaac_ros_assets/models) by extensions ['ros']
[0.264s] Level 1:colcon.colcon_core.package_identification:_identify(isaac_ros_assets/models) by extension 'ros'
[0.264s] Level 1:colcon.colcon_core.package_identification:_identify(isaac_ros_assets/models) by extensions ['cmake', 'python']
[0.264s] Level 1:colcon.colcon_core.package_identification:_identify(isaac_ros_assets/models) by extension 'cmake'
[0.264s] Level 1:colcon.colcon_core.package_identification:_identify(isaac_ros_assets/models) by extension 'python'
[0.264s] Level 1:colcon.colcon_core.package_identification:_identify(isaac_ros_assets/models) by extensions ['python_setup_py']
[0.264s] Level 1:colcon.colcon_core.package_identification:_identify(isaac_ros_assets/models) by extension 'python_setup_py'
[0.264s] Level 1:colcon.colcon_core.package_identification:_identify(isaac_ros_assets/models/centerpose_shoe) by extensions ['ignore', 'ignore_ament_install']
[0.264s] Level 1:colcon.colcon_core.package_identification:_identify(isaac_ros_assets/models/centerpose_shoe) by extension 'ignore'
[0.264s] Level 1:colcon.colcon_core.package_identification:_identify(isaac_ros_assets/models/centerpose_shoe) by extension 'ignore_ament_install'
[0.264s] Level 1:colcon.colcon_core.package_identification:_identify(isaac_ros_assets/models/centerpose_shoe) by extensions ['colcon_pkg']
[0.264s] Level 1:colcon.colcon_core.package_identification:_identify(isaac_ros_assets/models/centerpose_shoe) by extension 'colcon_pkg'
[0.264s] Level 1:colcon.colcon_core.package_identification:_identify(isaac_ros_assets/models/centerpose_shoe) by extensions ['colcon_meta']
[0.264s] Level 1:colcon.colcon_core.package_identification:_identify(isaac_ros_assets/models/centerpose_shoe) by extension 'colcon_meta'
[0.264s] Level 1:colcon.colcon_core.package_identification:_identify(isaac_ros_assets/models/centerpose_shoe) by extensions ['ros']
[0.264s] Level 1:colcon.colcon_core.package_identification:_identify(isaac_ros_assets/models/centerpose_shoe) by extension 'ros'
[0.264s] Level 1:colcon.colcon_core.package_identification:_identify(isaac_ros_assets/models/centerpose_shoe) by extensions ['cmake', 'python']
[0.265s] Level 1:colcon.colcon_core.package_identification:_identify(isaac_ros_assets/models/centerpose_shoe) by extension 'cmake'
[0.265s] Level 1:colcon.colcon_core.package_identification:_identify(isaac_ros_assets/models/centerpose_shoe) by extension 'python'
[0.265s] Level 1:colcon.colcon_core.package_identification:_identify(isaac_ros_assets/models/centerpose_shoe) by extensions ['python_setup_py']
[0.265s] Level 1:colcon.colcon_core.package_identification:_identify(isaac_ros_assets/models/centerpose_shoe) by extension 'python_setup_py'
[0.265s] Level 1:colcon.colcon_core.package_identification:_identify(isaac_ros_assets/models/centerpose_shoe/1) by extensions ['ignore', 'ignore_ament_install']
[0.265s] Level 1:colcon.colcon_core.package_identification:_identify(isaac_ros_assets/models/centerpose_shoe/1) by extension 'ignore'
[0.265s] Level 1:colcon.colcon_core.package_identification:_identify(isaac_ros_assets/models/centerpose_shoe/1) by extension 'ignore_ament_install'
[0.265s] Level 1:colcon.colcon_core.package_identification:_identify(isaac_ros_assets/models/centerpose_shoe/1) by extensions ['colcon_pkg']
[0.265s] Level 1:colcon.colcon_core.package_identification:_identify(isaac_ros_assets/models/centerpose_shoe/1) by extension 'colcon_pkg'
[0.265s] Level 1:colcon.colcon_core.package_identification:_identify(isaac_ros_assets/models/centerpose_shoe/1) by extensions ['colcon_meta']
[0.265s] Level 1:colcon.colcon_core.package_identification:_identify(isaac_ros_assets/models/centerpose_shoe/1) by extension 'colcon_meta'
[0.265s] Level 1:colcon.colcon_core.package_identification:_identify(isaac_ros_assets/models/centerpose_shoe/1) by extensions ['ros']
[0.265s] Level 1:colcon.colcon_core.package_identification:_identify(isaac_ros_assets/models/centerpose_shoe/1) by extension 'ros'
[0.265s] Level 1:colcon.colcon_core.package_identification:_identify(isaac_ros_assets/models/centerpose_shoe/1) by extensions ['cmake', 'python']
[0.265s] Level 1:colcon.colcon_core.package_identification:_identify(isaac_ros_assets/models/centerpose_shoe/1) by extension 'cmake'
[0.265s] Level 1:colcon.colcon_core.package_identification:_identify(isaac_ros_assets/models/centerpose_shoe/1) by extension 'python'
[0.265s] Level 1:colcon.colcon_core.package_identification:_identify(isaac_ros_assets/models/centerpose_shoe/1) by extensions ['python_setup_py']
[0.265s] Level 1:colcon.colcon_core.package_identification:_identify(isaac_ros_assets/models/centerpose_shoe/1) by extension 'python_setup_py'
[0.265s] Level 1:colcon.colcon_core.package_identification:_identify(log) by extensions ['ignore', 'ignore_ament_install']
[0.265s] Level 1:colcon.colcon_core.package_identification:_identify(log) by extension 'ignore'
[0.265s] Level 1:colcon.colcon_core.package_identification:_identify(log) ignored
[0.265s] Level 1:colcon.colcon_core.package_identification:_identify(out) by extensions ['ignore', 'ignore_ament_install']
[0.265s] Level 1:colcon.colcon_core.package_identification:_identify(out) by extension 'ignore'
[0.265s] Level 1:colcon.colcon_core.package_identification:_identify(out) by extension 'ignore_ament_install'
[0.265s] Level 1:colcon.colcon_core.package_identification:_identify(out) by extensions ['colcon_pkg']
[0.265s] Level 1:colcon.colcon_core.package_identification:_identify(out) by extension 'colcon_pkg'
[0.265s] Level 1:colcon.colcon_core.package_identification:_identify(out) by extensions ['colcon_meta']
[0.265s] Level 1:colcon.colcon_core.package_identification:_identify(out) by extension 'colcon_meta'
[0.265s] Level 1:colcon.colcon_core.package_identification:_identify(out) by extensions ['ros']
[0.265s] Level 1:colcon.colcon_core.package_identification:_identify(out) by extension 'ros'
[0.265s] Level 1:colcon.colcon_core.package_identification:_identify(out) by extensions ['cmake', 'python']
[0.265s] Level 1:colcon.colcon_core.package_identification:_identify(out) by extension 'cmake'
[0.265s] Level 1:colcon.colcon_core.package_identification:_identify(out) by extension 'python'
[0.265s] Level 1:colcon.colcon_core.package_identification:_identify(out) by extensions ['python_setup_py']
[0.265s] Level 1:colcon.colcon_core.package_identification:_identify(out) by extension 'python_setup_py'
[0.265s] Level 1:colcon.colcon_core.package_identification:_identify(src) by extensions ['ignore', 'ignore_ament_install']
[0.265s] Level 1:colcon.colcon_core.package_identification:_identify(src) by extension 'ignore'
[0.265s] Level 1:colcon.colcon_core.package_identification:_identify(src) by extension 'ignore_ament_install'
[0.265s] Level 1:colcon.colcon_core.package_identification:_identify(src) by extensions ['colcon_pkg']
[0.266s] Level 1:colcon.colcon_core.package_identification:_identify(src) by extension 'colcon_pkg'
[0.266s] Level 1:colcon.colcon_core.package_identification:_identify(src) by extensions ['colcon_meta']
[0.266s] Level 1:colcon.colcon_core.package_identification:_identify(src) by extension 'colcon_meta'
[0.266s] Level 1:colcon.colcon_core.package_identification:_identify(src) by extensions ['ros']
[0.266s] Level 1:colcon.colcon_core.package_identification:_identify(src) by extension 'ros'
[0.266s] Level 1:colcon.colcon_core.package_identification:_identify(src) by extensions ['cmake', 'python']
[0.266s] Level 1:colcon.colcon_core.package_identification:_identify(src) by extension 'cmake'
[0.266s] Level 1:colcon.colcon_core.package_identification:_identify(src) by extension 'python'
[0.266s] Level 1:colcon.colcon_core.package_identification:_identify(src) by extensions ['python_setup_py']
[0.266s] Level 1:colcon.colcon_core.package_identification:_identify(src) by extension 'python_setup_py'
[0.266s] Level 1:colcon.colcon_core.package_identification:_identify(src/isaac_ros_common) by extensions ['ignore', 'ignore_ament_install']
[0.266s] Level 1:colcon.colcon_core.package_identification:_identify(src/isaac_ros_common) by extension 'ignore'
[0.266s] Level 1:colcon.colcon_core.package_identification:_identify(src/isaac_ros_common) by extension 'ignore_ament_install'
[0.266s] Level 1:colcon.colcon_core.package_identification:_identify(src/isaac_ros_common) by extensions ['colcon_pkg']
[0.266s] Level 1:colcon.colcon_core.package_identification:_identify(src/isaac_ros_common) by extension 'colcon_pkg'
[0.266s] Level 1:colcon.colcon_core.package_identification:_identify(src/isaac_ros_common) by extensions ['colcon_meta']
[0.266s] Level 1:colcon.colcon_core.package_identification:_identify(src/isaac_ros_common) by extension 'colcon_meta'
[0.266s] Level 1:colcon.colcon_core.package_identification:_identify(src/isaac_ros_common) by extensions ['ros']
[0.266s] Level 1:colcon.colcon_core.package_identification:_identify(src/isaac_ros_common) by extension 'ros'
[0.266s] Level 1:colcon.colcon_core.package_identification:_identify(src/isaac_ros_common) by extensions ['cmake', 'python']
[0.266s] Level 1:colcon.colcon_core.package_identification:_identify(src/isaac_ros_common) by extension 'cmake'
[0.266s] Level 1:colcon.colcon_core.package_identification:_identify(src/isaac_ros_common) by extension 'python'
[0.266s] Level 1:colcon.colcon_core.package_identification:_identify(src/isaac_ros_common) by extensions ['python_setup_py']
[0.266s] Level 1:colcon.colcon_core.package_identification:_identify(src/isaac_ros_common) by extension 'python_setup_py'
[0.266s] Level 1:colcon.colcon_core.package_identification:_identify(src/isaac_ros_common/docker) by extensions ['ignore', 'ignore_ament_install']
[0.266s] Level 1:colcon.colcon_core.package_identification:_identify(src/isaac_ros_common/docker) by extension 'ignore'
[0.266s] Level 1:colcon.colcon_core.package_identification:_identify(src/isaac_ros_common/docker) by extension 'ignore_ament_install'
[0.266s] Level 1:colcon.colcon_core.package_identification:_identify(src/isaac_ros_common/docker) by extensions ['colcon_pkg']
[0.266s] Level 1:colcon.colcon_core.package_identification:_identify(src/isaac_ros_common/docker) by extension 'colcon_pkg'
[0.266s] Level 1:colcon.colcon_core.package_identification:_identify(src/isaac_ros_common/docker) by extensions ['colcon_meta']
[0.266s] Level 1:colcon.colcon_core.package_identification:_identify(src/isaac_ros_common/docker) by extension 'colcon_meta'
[0.266s] Level 1:colcon.colcon_core.package_identification:_identify(src/isaac_ros_common/docker) by extensions ['ros']
[0.266s] Level 1:colcon.colcon_core.package_identification:_identify(src/isaac_ros_common/docker) by extension 'ros'
[0.266s] Level 1:colcon.colcon_core.package_identification:_identify(src/isaac_ros_common/docker) by extensions ['cmake', 'python']
[0.266s] Level 1:colcon.colcon_core.package_identification:_identify(src/isaac_ros_common/docker) by extension 'cmake'
[0.266s] Level 1:colcon.colcon_core.package_identification:_identify(src/isaac_ros_common/docker) by extension 'python'
[0.266s] Level 1:colcon.colcon_core.package_identification:_identify(src/isaac_ros_common/docker) by extensions ['python_setup_py']
[0.266s] Level 1:colcon.colcon_core.package_identification:_identify(src/isaac_ros_common/docker) by extension 'python_setup_py'
[0.266s] Level 1:colcon.colcon_core.package_identification:_identify(src/isaac_ros_common/docker/middleware_profiles) by extensions ['ignore', 'ignore_ament_install']
[0.267s] Level 1:colcon.colcon_core.package_identification:_identify(src/isaac_ros_common/docker/middleware_profiles) by extension 'ignore'
[0.267s] Level 1:colcon.colcon_core.package_identification:_identify(src/isaac_ros_common/docker/middleware_profiles) by extension 'ignore_ament_install'
[0.267s] Level 1:colcon.colcon_core.package_identification:_identify(src/isaac_ros_common/docker/middleware_profiles) by extensions ['colcon_pkg']
[0.267s] Level 1:colcon.colcon_core.package_identification:_identify(src/isaac_ros_common/docker/middleware_profiles) by extension 'colcon_pkg'
[0.267s] Level 1:colcon.colcon_core.package_identification:_identify(src/isaac_ros_common/docker/middleware_profiles) by extensions ['colcon_meta']
[0.267s] Level 1:colcon.colcon_core.package_identification:_identify(src/isaac_ros_common/docker/middleware_profiles) by extension 'colcon_meta'
[0.267s] Level 1:colcon.colcon_core.package_identification:_identify(src/isaac_ros_common/docker/middleware_profiles) by extensions ['ros']
[0.267s] Level 1:colcon.colcon_core.package_identification:_identify(src/isaac_ros_common/docker/middleware_profiles) by extension 'ros'
[0.267s] Level 1:colcon.colcon_core.package_identification:_identify(src/isaac_ros_common/docker/middleware_profiles) by extensions ['cmake', 'python']
[0.267s] Level 1:colcon.colcon_core.package_identification:_identify(src/isaac_ros_common/docker/middleware_profiles) by extension 'cmake'
[0.267s] Level 1:colcon.colcon_core.package_identification:_identify(src/isaac_ros_common/docker/middleware_profiles) by extension 'python'
[0.267s] Level 1:colcon.colcon_core.package_identification:_identify(src/isaac_ros_common/docker/middleware_profiles) by extensions ['python_setup_py']
[0.267s] Level 1:colcon.colcon_core.package_identification:_identify(src/isaac_ros_common/docker/middleware_profiles) by extension 'python_setup_py'
[0.267s] Level 1:colcon.colcon_core.package_identification:_identify(src/isaac_ros_common/docker/patches) by extensions ['ignore', 'ignore_ament_install']
[0.267s] Level 1:colcon.colcon_core.package_identification:_identify(src/isaac_ros_common/docker/patches) by extension 'ignore'
[0.267s] Level 1:colcon.colcon_core.package_identification:_identify(src/isaac_ros_common/docker/patches) by extension 'ignore_ament_install'
[0.267s] Level 1:colcon.colcon_core.package_identification:_identify(src/isaac_ros_common/docker/patches) by extensions ['colcon_pkg']
[0.267s] Level 1:colcon.colcon_core.package_identification:_identify(src/isaac_ros_common/docker/patches) by extension 'colcon_pkg'
[0.267s] Level 1:colcon.colcon_core.package_identification:_identify(src/isaac_ros_common/docker/patches) by extensions ['colcon_meta']
[0.267s] Level 1:colcon.colcon_core.package_identification:_identify(src/isaac_ros_common/docker/patches) by extension 'colcon_meta'
[0.267s] Level 1:colcon.colcon_core.package_identification:_identify(src/isaac_ros_common/docker/patches) by extensions ['ros']
[0.267s] Level 1:colcon.colcon_core.package_identification:_identify(src/isaac_ros_common/docker/patches) by extension 'ros'
[0.267s] Level 1:colcon.colcon_core.package_identification:_identify(src/isaac_ros_common/docker/patches) by extensions ['cmake', 'python']
[0.267s] Level 1:colcon.colcon_core.package_identification:_identify(src/isaac_ros_common/docker/patches) by extension 'cmake'
[0.267s] Level 1:colcon.colcon_core.package_identification:_identify(src/isaac_ros_common/docker/patches) by extension 'python'
[0.267s] Level 1:colcon.colcon_core.package_identification:_identify(src/isaac_ros_common/docker/patches) by extensions ['python_setup_py']
[0.267s] Level 1:colcon.colcon_core.package_identification:_identify(src/isaac_ros_common/docker/patches) by extension 'python_setup_py'
[0.267s] Level 1:colcon.colcon_core.package_identification:_identify(src/isaac_ros_common/docker/rosdep) by extensions ['ignore', 'ignore_ament_install']
[0.267s] Level 1:colcon.colcon_core.package_identification:_identify(src/isaac_ros_common/docker/rosdep) by extension 'ignore'
[0.267s] Level 1:colcon.colcon_core.package_identification:_identify(src/isaac_ros_common/docker/rosdep) by extension 'ignore_ament_install'
[0.267s] Level 1:colcon.colcon_core.package_identification:_identify(src/isaac_ros_common/docker/rosdep) by extensions ['colcon_pkg']
[0.267s] Level 1:colcon.colcon_core.package_identification:_identify(src/isaac_ros_common/docker/rosdep) by extension 'colcon_pkg'
[0.267s] Level 1:colcon.colcon_core.package_identification:_identify(src/isaac_ros_common/docker/rosdep) by extensions ['colcon_meta']
[0.267s] Level 1:colcon.colcon_core.package_identification:_identify(src/isaac_ros_common/docker/rosdep) by extension 'colcon_meta'
[0.267s] Level 1:colcon.colcon_core.package_identification:_identify(src/isaac_ros_common/docker/rosdep) by extensions ['ros']
[0.267s] Level 1:colcon.colcon_core.package_identification:_identify(src/isaac_ros_common/docker/rosdep) by extension 'ros'
[0.267s] Level 1:colcon.colcon_core.package_identification:_identify(src/isaac_ros_common/docker/rosdep) by extensions ['cmake', 'python']
[0.267s] Level 1:colcon.colcon_core.package_identification:_identify(src/isaac_ros_common/docker/rosdep) by extension 'cmake'
[0.267s] Level 1:colcon.colcon_core.package_identification:_identify(src/isaac_ros_common/docker/rosdep) by extension 'python'
[0.267s] Level 1:colcon.colcon_core.package_identification:_identify(src/isaac_ros_common/docker/rosdep) by extensions ['python_setup_py']
[0.267s] Level 1:colcon.colcon_core.package_identification:_identify(src/isaac_ros_common/docker/rosdep) by extension 'python_setup_py'
[0.268s] Level 1:colcon.colcon_core.package_identification:_identify(src/isaac_ros_common/docker/rosdep/ros-humble-cuda-python-placeholder) by extensions ['ignore', 'ignore_ament_install']
[0.268s] Level 1:colcon.colcon_core.package_identification:_identify(src/isaac_ros_common/docker/rosdep/ros-humble-cuda-python-placeholder) by extension 'ignore'
[0.268s] Level 1:colcon.colcon_core.package_identification:_identify(src/isaac_ros_common/docker/rosdep/ros-humble-cuda-python-placeholder) by extension 'ignore_ament_install'
[0.268s] Level 1:colcon.colcon_core.package_identification:_identify(src/isaac_ros_common/docker/rosdep/ros-humble-cuda-python-placeholder) by extensions ['colcon_pkg']
[0.268s] Level 1:colcon.colcon_core.package_identification:_identify(src/isaac_ros_common/docker/rosdep/ros-humble-cuda-python-placeholder) by extension 'colcon_pkg'
[0.268s] Level 1:colcon.colcon_core.package_identification:_identify(src/isaac_ros_common/docker/rosdep/ros-humble-cuda-python-placeholder) by extensions ['colcon_meta']
[0.268s] Level 1:colcon.colcon_core.package_identification:_identify(src/isaac_ros_common/docker/rosdep/ros-humble-cuda-python-placeholder) by extension 'colcon_meta'
[0.268s] Level 1:colcon.colcon_core.package_identification:_identify(src/isaac_ros_common/docker/rosdep/ros-humble-cuda-python-placeholder) by extensions ['ros']
[0.268s] Level 1:colcon.colcon_core.package_identification:_identify(src/isaac_ros_common/docker/rosdep/ros-humble-cuda-python-placeholder) by extension 'ros'
[0.268s] Level 1:colcon.colcon_core.package_identification:_identify(src/isaac_ros_common/docker/rosdep/ros-humble-cuda-python-placeholder) by extensions ['cmake', 'python']
[0.268s] Level 1:colcon.colcon_core.package_identification:_identify(src/isaac_ros_common/docker/rosdep/ros-humble-cuda-python-placeholder) by extension 'cmake'
[0.268s] Level 1:colcon.colcon_core.package_identification:_identify(src/isaac_ros_common/docker/rosdep/ros-humble-cuda-python-placeholder) by extension 'python'
[0.268s] Level 1:colcon.colcon_core.package_identification:_identify(src/isaac_ros_common/docker/rosdep/ros-humble-cuda-python-placeholder) by extensions ['python_setup_py']
[0.268s] Level 1:colcon.colcon_core.package_identification:_identify(src/isaac_ros_common/docker/rosdep/ros-humble-cuda-python-placeholder) by extension 'python_setup_py'
[0.268s] Level 1:colcon.colcon_core.package_identification:_identify(src/isaac_ros_common/docker/rosdep/ros-humble-cuda-python-placeholder/DEBIAN) by extensions ['ignore', 'ignore_ament_install']
[0.268s] Level 1:colcon.colcon_core.package_identification:_identify(src/isaac_ros_common/docker/rosdep/ros-humble-cuda-python-placeholder/DEBIAN) by extension 'ignore'
[0.268s] Level 1:colcon.colcon_core.package_identification:_identify(src/isaac_ros_common/docker/rosdep/ros-humble-cuda-python-placeholder/DEBIAN) by extension 'ignore_ament_install'
[0.268s] Level 1:colcon.colcon_core.package_identification:_identify(src/isaac_ros_common/docker/rosdep/ros-humble-cuda-python-placeholder/DEBIAN) by extensions ['colcon_pkg']
[0.268s] Level 1:colcon.colcon_core.package_identification:_identify(src/isaac_ros_common/docker/rosdep/ros-humble-cuda-python-placeholder/DEBIAN) by extension 'colcon_pkg'
[0.268s] Level 1:colcon.colcon_core.package_identification:_identify(src/isaac_ros_common/docker/rosdep/ros-humble-cuda-python-placeholder/DEBIAN) by extensions ['colcon_meta']
[0.268s] Level 1:colcon.colcon_core.package_identification:_identify(src/isaac_ros_common/docker/rosdep/ros-humble-cuda-python-placeholder/DEBIAN) by extension 'colcon_meta'
[0.268s] Level 1:colcon.colcon_core.package_identification:_identify(src/isaac_ros_common/docker/rosdep/ros-humble-cuda-python-placeholder/DEBIAN) by extensions ['ros']
[0.268s] Level 1:colcon.colcon_core.package_identification:_identify(src/isaac_ros_common/docker/rosdep/ros-humble-cuda-python-placeholder/DEBIAN) by extension 'ros'
[0.268s] Level 1:colcon.colcon_core.package_identification:_identify(src/isaac_ros_common/docker/rosdep/ros-humble-cuda-python-placeholder/DEBIAN) by extensions ['cmake', 'python']
[0.268s] Level 1:colcon.colcon_core.package_identification:_identify(src/isaac_ros_common/docker/rosdep/ros-humble-cuda-python-placeholder/DEBIAN) by extension 'cmake'
[0.268s] Level 1:colcon.colcon_core.package_identification:_identify(src/isaac_ros_common/docker/rosdep/ros-humble-cuda-python-placeholder/DEBIAN) by extension 'python'
[0.268s] Level 1:colcon.colcon_core.package_identification:_identify(src/isaac_ros_common/docker/rosdep/ros-humble-cuda-python-placeholder/DEBIAN) by extensions ['python_setup_py']
[0.268s] Level 1:colcon.colcon_core.package_identification:_identify(src/isaac_ros_common/docker/rosdep/ros-humble-cuda-python-placeholder/DEBIAN) by extension 'python_setup_py'
[0.268s] Level 1:colcon.colcon_core.package_identification:_identify(src/isaac_ros_common/docker/scripts) by extensions ['ignore', 'ignore_ament_install']
[0.268s] Level 1:colcon.colcon_core.package_identification:_identify(src/isaac_ros_common/docker/scripts) by extension 'ignore'
[0.268s] Level 1:colcon.colcon_core.package_identification:_identify(src/isaac_ros_common/docker/scripts) by extension 'ignore_ament_install'
[0.268s] Level 1:colcon.colcon_core.package_identification:_identify(src/isaac_ros_common/docker/scripts) by extensions ['colcon_pkg']
[0.268s] Level 1:colcon.colcon_core.package_identification:_identify(src/isaac_ros_common/docker/scripts) by extension 'colcon_pkg'
[0.268s] Level 1:colcon.colcon_core.package_identification:_identify(src/isaac_ros_common/docker/scripts) by extensions ['colcon_meta']
[0.268s] Level 1:colcon.colcon_core.package_identification:_identify(src/isaac_ros_common/docker/scripts) by extension 'colcon_meta'
[0.268s] Level 1:colcon.colcon_core.package_identification:_identify(src/isaac_ros_common/docker/scripts) by extensions ['ros']
[0.268s] Level 1:colcon.colcon_core.package_identification:_identify(src/isaac_ros_common/docker/scripts) by extension 'ros'
[0.268s] Level 1:colcon.colcon_core.package_identification:_identify(src/isaac_ros_common/docker/scripts) by extensions ['cmake', 'python']
[0.268s] Level 1:colcon.colcon_core.package_identification:_identify(src/isaac_ros_common/docker/scripts) by extension 'cmake'
[0.268s] Level 1:colcon.colcon_core.package_identification:_identify(src/isaac_ros_common/docker/scripts) by extension 'python'
[0.269s] Level 1:colcon.colcon_core.package_identification:_identify(src/isaac_ros_common/docker/scripts) by extensions ['python_setup_py']
[0.269s] Level 1:colcon.colcon_core.package_identification:_identify(src/isaac_ros_common/docker/scripts) by extension 'python_setup_py'
[0.269s] Level 1:colcon.colcon_core.package_identification:_identify(src/isaac_ros_common/docker/udev_rules) by extensions ['ignore', 'ignore_ament_install']
[0.269s] Level 1:colcon.colcon_core.package_identification:_identify(src/isaac_ros_common/docker/udev_rules) by extension 'ignore'
[0.269s] Level 1:colcon.colcon_core.package_identification:_identify(src/isaac_ros_common/docker/udev_rules) by extension 'ignore_ament_install'
[0.269s] Level 1:colcon.colcon_core.package_identification:_identify(src/isaac_ros_common/docker/udev_rules) by extensions ['colcon_pkg']
[0.269s] Level 1:colcon.colcon_core.package_identification:_identify(src/isaac_ros_common/docker/udev_rules) by extension 'colcon_pkg'
[0.269s] Level 1:colcon.colcon_core.package_identification:_identify(src/isaac_ros_common/docker/udev_rules) by extensions ['colcon_meta']
[0.269s] Level 1:colcon.colcon_core.package_identification:_identify(src/isaac_ros_common/docker/udev_rules) by extension 'colcon_meta'
[0.269s] Level 1:colcon.colcon_core.package_identification:_identify(src/isaac_ros_common/docker/udev_rules) by extensions ['ros']
[0.269s] Level 1:colcon.colcon_core.package_identification:_identify(src/isaac_ros_common/docker/udev_rules) by extension 'ros'
[0.269s] Level 1:colcon.colcon_core.package_identification:_identify(src/isaac_ros_common/docker/udev_rules) by extensions ['cmake', 'python']
[0.269s] Level 1:colcon.colcon_core.package_identification:_identify(src/isaac_ros_common/docker/udev_rules) by extension 'cmake'
[0.269s] Level 1:colcon.colcon_core.package_identification:_identify(src/isaac_ros_common/docker/udev_rules) by extension 'python'
[0.269s] Level 1:colcon.colcon_core.package_identification:_identify(src/isaac_ros_common/docker/udev_rules) by extensions ['python_setup_py']
[0.269s] Level 1:colcon.colcon_core.package_identification:_identify(src/isaac_ros_common/docker/udev_rules) by extension 'python_setup_py'
[0.269s] Level 1:colcon.colcon_core.package_identification:_identify(src/isaac_ros_common/isaac_common) by extensions ['ignore', 'ignore_ament_install']
[0.269s] Level 1:colcon.colcon_core.package_identification:_identify(src/isaac_ros_common/isaac_common) by extension 'ignore'
[0.269s] Level 1:colcon.colcon_core.package_identification:_identify(src/isaac_ros_common/isaac_common) by extension 'ignore_ament_install'
[0.269s] Level 1:colcon.colcon_core.package_identification:_identify(src/isaac_ros_common/isaac_common) by extensions ['colcon_pkg']
[0.269s] Level 1:colcon.colcon_core.package_identification:_identify(src/isaac_ros_common/isaac_common) by extension 'colcon_pkg'
[0.269s] Level 1:colcon.colcon_core.package_identification:_identify(src/isaac_ros_common/isaac_common) by extensions ['colcon_meta']
[0.269s] Level 1:colcon.colcon_core.package_identification:_identify(src/isaac_ros_common/isaac_common) by extension 'colcon_meta'
[0.269s] Level 1:colcon.colcon_core.package_identification:_identify(src/isaac_ros_common/isaac_common) by extensions ['ros']
[0.269s] Level 1:colcon.colcon_core.package_identification:_identify(src/isaac_ros_common/isaac_common) by extension 'ros'
[0.271s] DEBUG:colcon.colcon_core.package_identification:Package 'src/isaac_ros_common/isaac_common' with type 'ros.ament_cmake' and name 'isaac_common'
[0.271s] Level 1:colcon.colcon_core.package_identification:_identify(src/isaac_ros_common/isaac_common_py) by extensions ['ignore', 'ignore_ament_install']
[0.271s] Level 1:colcon.colcon_core.package_identification:_identify(src/isaac_ros_common/isaac_common_py) by extension 'ignore'
[0.271s] Level 1:colcon.colcon_core.package_identification:_identify(src/isaac_ros_common/isaac_common_py) by extension 'ignore_ament_install'
[0.271s] Level 1:colcon.colcon_core.package_identification:_identify(src/isaac_ros_common/isaac_common_py) by extensions ['colcon_pkg']
[0.271s] Level 1:colcon.colcon_core.package_identification:_identify(src/isaac_ros_common/isaac_common_py) by extension 'colcon_pkg'
[0.271s] Level 1:colcon.colcon_core.package_identification:_identify(src/isaac_ros_common/isaac_common_py) by extensions ['colcon_meta']
[0.271s] Level 1:colcon.colcon_core.package_identification:_identify(src/isaac_ros_common/isaac_common_py) by extension 'colcon_meta'
[0.271s] Level 1:colcon.colcon_core.package_identification:_identify(src/isaac_ros_common/isaac_common_py) by extensions ['ros']
[0.271s] Level 1:colcon.colcon_core.package_identification:_identify(src/isaac_ros_common/isaac_common_py) by extension 'ros'
[0.271s] DEBUG:colcon.colcon_core.package_identification:Package 'src/isaac_ros_common/isaac_common_py' with type 'ros.ament_python' and name 'isaac_common_py'
[0.271s] Level 1:colcon.colcon_core.package_identification:_identify(src/isaac_ros_common/isaac_ros_apriltag_interfaces) by extensions ['ignore', 'ignore_ament_install']
[0.271s] Level 1:colcon.colcon_core.package_identification:_identify(src/isaac_ros_common/isaac_ros_apriltag_interfaces) by extension 'ignore'
[0.272s] Level 1:colcon.colcon_core.package_identification:_identify(src/isaac_ros_common/isaac_ros_apriltag_interfaces) by extension 'ignore_ament_install'
[0.272s] Level 1:colcon.colcon_core.package_identification:_identify(src/isaac_ros_common/isaac_ros_apriltag_interfaces) by extensions ['colcon_pkg']
[0.272s] Level 1:colcon.colcon_core.package_identification:_identify(src/isaac_ros_common/isaac_ros_apriltag_interfaces) by extension 'colcon_pkg'
[0.272s] Level 1:colcon.colcon_core.package_identification:_identify(src/isaac_ros_common/isaac_ros_apriltag_interfaces) by extensions ['colcon_meta']
[0.272s] Level 1:colcon.colcon_core.package_identification:_identify(src/isaac_ros_common/isaac_ros_apriltag_interfaces) by extension 'colcon_meta'
[0.272s] Level 1:colcon.colcon_core.package_identification:_identify(src/isaac_ros_common/isaac_ros_apriltag_interfaces) by extensions ['ros']
[0.272s] Level 1:colcon.colcon_core.package_identification:_identify(src/isaac_ros_common/isaac_ros_apriltag_interfaces) by extension 'ros'
[0.272s] DEBUG:colcon.colcon_core.package_identification:Package 'src/isaac_ros_common/isaac_ros_apriltag_interfaces' with type 'ros.ament_cmake' and name 'isaac_ros_apriltag_interfaces'
[0.272s] Level 1:colcon.colcon_core.package_identification:_identify(src/isaac_ros_common/isaac_ros_bi3d_interfaces) by extensions ['ignore', 'ignore_ament_install']
[0.272s] Level 1:colcon.colcon_core.package_identification:_identify(src/isaac_ros_common/isaac_ros_bi3d_interfaces) by extension 'ignore'
[0.272s] Level 1:colcon.colcon_core.package_identification:_identify(src/isaac_ros_common/isaac_ros_bi3d_interfaces) by extension 'ignore_ament_install'
[0.272s] Level 1:colcon.colcon_core.package_identification:_identify(src/isaac_ros_common/isaac_ros_bi3d_interfaces) by extensions ['colcon_pkg']
[0.272s] Level 1:colcon.colcon_core.package_identification:_identify(src/isaac_ros_common/isaac_ros_bi3d_interfaces) by extension 'colcon_pkg'
[0.272s] Level 1:colcon.colcon_core.package_identification:_identify(src/isaac_ros_common/isaac_ros_bi3d_interfaces) by extensions ['colcon_meta']
[0.272s] Level 1:colcon.colcon_core.package_identification:_identify(src/isaac_ros_common/isaac_ros_bi3d_interfaces) by extension 'colcon_meta'
[0.272s] Level 1:colcon.colcon_core.package_identification:_identify(src/isaac_ros_common/isaac_ros_bi3d_interfaces) by extensions ['ros']
[0.272s] Level 1:colcon.colcon_core.package_identification:_identify(src/isaac_ros_common/isaac_ros_bi3d_interfaces) by extension 'ros'
[0.273s] DEBUG:colcon.colcon_core.package_identification:Package 'src/isaac_ros_common/isaac_ros_bi3d_interfaces' with type 'ros.ament_cmake' and name 'isaac_ros_bi3d_interfaces'
[0.273s] Level 1:colcon.colcon_core.package_identification:_identify(src/isaac_ros_common/isaac_ros_common) by extensions ['ignore', 'ignore_ament_install']
[0.273s] Level 1:colcon.colcon_core.package_identification:_identify(src/isaac_ros_common/isaac_ros_common) by extension 'ignore'
[0.273s] Level 1:colcon.colcon_core.package_identification:_identify(src/isaac_ros_common/isaac_ros_common) by extension 'ignore_ament_install'
[0.273s] Level 1:colcon.colcon_core.package_identification:_identify(src/isaac_ros_common/isaac_ros_common) by extensions ['colcon_pkg']
[0.273s] Level 1:colcon.colcon_core.package_identification:_identify(src/isaac_ros_common/isaac_ros_common) by extension 'colcon_pkg'
[0.273s] Level 1:colcon.colcon_core.package_identification:_identify(src/isaac_ros_common/isaac_ros_common) by extensions ['colcon_meta']
[0.273s] Level 1:colcon.colcon_core.package_identification:_identify(src/isaac_ros_common/isaac_ros_common) by extension 'colcon_meta'
[0.273s] Level 1:colcon.colcon_core.package_identification:_identify(src/isaac_ros_common/isaac_ros_common) by extensions ['ros']
[0.273s] Level 1:colcon.colcon_core.package_identification:_identify(src/isaac_ros_common/isaac_ros_common) by extension 'ros'
[0.273s] DEBUG:colcon.colcon_core.package_identification:Package 'src/isaac_ros_common/isaac_ros_common' with type 'ros.ament_cmake' and name 'isaac_ros_common'
[0.274s] Level 1:colcon.colcon_core.package_identification:_identify(src/isaac_ros_common/isaac_ros_launch_utils) by extensions ['ignore', 'ignore_ament_install']
[0.274s] Level 1:colcon.colcon_core.package_identification:_identify(src/isaac_ros_common/isaac_ros_launch_utils) by extension 'ignore'
[0.274s] Level 1:colcon.colcon_core.package_identification:_identify(src/isaac_ros_common/isaac_ros_launch_utils) by extension 'ignore_ament_install'
[0.274s] Level 1:colcon.colcon_core.package_identification:_identify(src/isaac_ros_common/isaac_ros_launch_utils) by extensions ['colcon_pkg']
[0.274s] Level 1:colcon.colcon_core.package_identification:_identify(src/isaac_ros_common/isaac_ros_launch_utils) by extension 'colcon_pkg'
[0.274s] Level 1:colcon.colcon_core.package_identification:_identify(src/isaac_ros_common/isaac_ros_launch_utils) by extensions ['colcon_meta']
[0.274s] Level 1:colcon.colcon_core.package_identification:_identify(src/isaac_ros_common/isaac_ros_launch_utils) by extension 'colcon_meta'
[0.274s] Level 1:colcon.colcon_core.package_identification:_identify(src/isaac_ros_common/isaac_ros_launch_utils) by extensions ['ros']
[0.274s] Level 1:colcon.colcon_core.package_identification:_identify(src/isaac_ros_common/isaac_ros_launch_utils) by extension 'ros'
[0.274s] DEBUG:colcon.colcon_core.package_identification:Package 'src/isaac_ros_common/isaac_ros_launch_utils' with type 'ros.ament_python' and name 'isaac_ros_launch_utils'
[0.274s] Level 1:colcon.colcon_core.package_identification:_identify(src/isaac_ros_common/isaac_ros_nitros_bridge_interfaces) by extensions ['ignore', 'ignore_ament_install']
[0.274s] Level 1:colcon.colcon_core.package_identification:_identify(src/isaac_ros_common/isaac_ros_nitros_bridge_interfaces) by extension 'ignore'
[0.274s] Level 1:colcon.colcon_core.package_identification:_identify(src/isaac_ros_common/isaac_ros_nitros_bridge_interfaces) by extension 'ignore_ament_install'
[0.274s] Level 1:colcon.colcon_core.package_identification:_identify(src/isaac_ros_common/isaac_ros_nitros_bridge_interfaces) by extensions ['colcon_pkg']
[0.274s] Level 1:colcon.colcon_core.package_identification:_identify(src/isaac_ros_common/isaac_ros_nitros_bridge_interfaces) by extension 'colcon_pkg'
[0.274s] Level 1:colcon.colcon_core.package_identification:_identify(src/isaac_ros_common/isaac_ros_nitros_bridge_interfaces) by extensions ['colcon_meta']
[0.274s] Level 1:colcon.colcon_core.package_identification:_identify(src/isaac_ros_common/isaac_ros_nitros_bridge_interfaces) by extension 'colcon_meta'
[0.274s] Level 1:colcon.colcon_core.package_identification:_identify(src/isaac_ros_common/isaac_ros_nitros_bridge_interfaces) by extensions ['ros']
[0.274s] Level 1:colcon.colcon_core.package_identification:_identify(src/isaac_ros_common/isaac_ros_nitros_bridge_interfaces) by extension 'ros'
[0.275s] DEBUG:colcon.colcon_core.package_identification:Package 'src/isaac_ros_common/isaac_ros_nitros_bridge_interfaces' with type 'ros.ament_cmake' and name 'isaac_ros_nitros_bridge_interfaces'
[0.275s] Level 1:colcon.colcon_core.package_identification:_identify(src/isaac_ros_common/isaac_ros_nova_interfaces) by extensions ['ignore', 'ignore_ament_install']
[0.275s] Level 1:colcon.colcon_core.package_identification:_identify(src/isaac_ros_common/isaac_ros_nova_interfaces) by extension 'ignore'
[0.275s] Level 1:colcon.colcon_core.package_identification:_identify(src/isaac_ros_common/isaac_ros_nova_interfaces) by extension 'ignore_ament_install'
[0.275s] Level 1:colcon.colcon_core.package_identification:_identify(src/isaac_ros_common/isaac_ros_nova_interfaces) by extensions ['colcon_pkg']
[0.275s] Level 1:colcon.colcon_core.package_identification:_identify(src/isaac_ros_common/isaac_ros_nova_interfaces) by extension 'colcon_pkg'
[0.275s] Level 1:colcon.colcon_core.package_identification:_identify(src/isaac_ros_common/isaac_ros_nova_interfaces) by extensions ['colcon_meta']
[0.275s] Level 1:colcon.colcon_core.package_identification:_identify(src/isaac_ros_common/isaac_ros_nova_interfaces) by extension 'colcon_meta'
[0.275s] Level 1:colcon.colcon_core.package_identification:_identify(src/isaac_ros_common/isaac_ros_nova_interfaces) by extensions ['ros']
[0.275s] Level 1:colcon.colcon_core.package_identification:_identify(src/isaac_ros_common/isaac_ros_nova_interfaces) by extension 'ros'
[0.276s] DEBUG:colcon.colcon_core.package_identification:Package 'src/isaac_ros_common/isaac_ros_nova_interfaces' with type 'ros.ament_cmake' and name 'isaac_ros_nova_interfaces'
[0.276s] Level 1:colcon.colcon_core.package_identification:_identify(src/isaac_ros_common/isaac_ros_pointcloud_interfaces) by extensions ['ignore', 'ignore_ament_install']
[0.276s] Level 1:colcon.colcon_core.package_identification:_identify(src/isaac_ros_common/isaac_ros_pointcloud_interfaces) by extension 'ignore'
[0.276s] Level 1:colcon.colcon_core.package_identification:_identify(src/isaac_ros_common/isaac_ros_pointcloud_interfaces) by extension 'ignore_ament_install'
[0.276s] Level 1:colcon.colcon_core.package_identification:_identify(src/isaac_ros_common/isaac_ros_pointcloud_interfaces) by extensions ['colcon_pkg']
[0.276s] Level 1:colcon.colcon_core.package_identification:_identify(src/isaac_ros_common/isaac_ros_pointcloud_interfaces) by extension 'colcon_pkg'
[0.276s] Level 1:colcon.colcon_core.package_identification:_identify(src/isaac_ros_common/isaac_ros_pointcloud_interfaces) by extensions ['colcon_meta']
[0.276s] Level 1:colcon.colcon_core.package_identification:_identify(src/isaac_ros_common/isaac_ros_pointcloud_interfaces) by extension 'colcon_meta'
[0.276s] Level 1:colcon.colcon_core.package_identification:_identify(src/isaac_ros_common/isaac_ros_pointcloud_interfaces) by extensions ['ros']
[0.276s] Level 1:colcon.colcon_core.package_identification:_identify(src/isaac_ros_common/isaac_ros_pointcloud_interfaces) by extension 'ros'
[0.276s] DEBUG:colcon.colcon_core.package_identification:Package 'src/isaac_ros_common/isaac_ros_pointcloud_interfaces' with type 'ros.ament_cmake' and name 'isaac_ros_pointcloud_interfaces'
[0.276s] Level 1:colcon.colcon_core.package_identification:_identify(src/isaac_ros_common/isaac_ros_r2b_galileo) by extensions ['ignore', 'ignore_ament_install']
[0.276s] Level 1:colcon.colcon_core.package_identification:_identify(src/isaac_ros_common/isaac_ros_r2b_galileo) by extension 'ignore'
[0.276s] Level 1:colcon.colcon_core.package_identification:_identify(src/isaac_ros_common/isaac_ros_r2b_galileo) by extension 'ignore_ament_install'
[0.276s] Level 1:colcon.colcon_core.package_identification:_identify(src/isaac_ros_common/isaac_ros_r2b_galileo) by extensions ['colcon_pkg']
[0.276s] Level 1:colcon.colcon_core.package_identification:_identify(src/isaac_ros_common/isaac_ros_r2b_galileo) by extension 'colcon_pkg'
[0.276s] Level 1:colcon.colcon_core.package_identification:_identify(src/isaac_ros_common/isaac_ros_r2b_galileo) by extensions ['colcon_meta']
[0.276s] Level 1:colcon.colcon_core.package_identification:_identify(src/isaac_ros_common/isaac_ros_r2b_galileo) by extension 'colcon_meta'
[0.276s] Level 1:colcon.colcon_core.package_identification:_identify(src/isaac_ros_common/isaac_ros_r2b_galileo) by extensions ['ros']
[0.277s] Level 1:colcon.colcon_core.package_identification:_identify(src/isaac_ros_common/isaac_ros_r2b_galileo) by extension 'ros'
[0.277s] DEBUG:colcon.colcon_core.package_identification:Package 'src/isaac_ros_common/isaac_ros_r2b_galileo' with type 'ros.ament_cmake' and name 'isaac_ros_r2b_galileo'
[0.277s] Level 1:colcon.colcon_core.package_identification:_identify(src/isaac_ros_common/isaac_ros_rosbag_utils) by extensions ['ignore', 'ignore_ament_install']
[0.277s] Level 1:colcon.colcon_core.package_identification:_identify(src/isaac_ros_common/isaac_ros_rosbag_utils) by extension 'ignore'
[0.277s] Level 1:colcon.colcon_core.package_identification:_identify(src/isaac_ros_common/isaac_ros_rosbag_utils) by extension 'ignore_ament_install'
[0.277s] Level 1:colcon.colcon_core.package_identification:_identify(src/isaac_ros_common/isaac_ros_rosbag_utils) by extensions ['colcon_pkg']
[0.277s] Level 1:colcon.colcon_core.package_identification:_identify(src/isaac_ros_common/isaac_ros_rosbag_utils) by extension 'colcon_pkg'
[0.277s] Level 1:colcon.colcon_core.package_identification:_identify(src/isaac_ros_common/isaac_ros_rosbag_utils) by extensions ['colcon_meta']
[0.277s] Level 1:colcon.colcon_core.package_identification:_identify(src/isaac_ros_common/isaac_ros_rosbag_utils) by extension 'colcon_meta'
[0.277s] Level 1:colcon.colcon_core.package_identification:_identify(src/isaac_ros_common/isaac_ros_rosbag_utils) by extensions ['ros']
[0.277s] Level 1:colcon.colcon_core.package_identification:_identify(src/isaac_ros_common/isaac_ros_rosbag_utils) by extension 'ros'
[0.277s] DEBUG:colcon.colcon_core.package_identification:Package 'src/isaac_ros_common/isaac_ros_rosbag_utils' with type 'ros.ament_python' and name 'isaac_ros_rosbag_utils'
[0.277s] Level 1:colcon.colcon_core.package_identification:_identify(src/isaac_ros_common/isaac_ros_tensor_list_interfaces) by extensions ['ignore', 'ignore_ament_install']
[0.278s] Level 1:colcon.colcon_core.package_identification:_identify(src/isaac_ros_common/isaac_ros_tensor_list_interfaces) by extension 'ignore'
[0.278s] Level 1:colcon.colcon_core.package_identification:_identify(src/isaac_ros_common/isaac_ros_tensor_list_interfaces) by extension 'ignore_ament_install'
[0.278s] Level 1:colcon.colcon_core.package_identification:_identify(src/isaac_ros_common/isaac_ros_tensor_list_interfaces) by extensions ['colcon_pkg']
[0.278s] Level 1:colcon.colcon_core.package_identification:_identify(src/isaac_ros_common/isaac_ros_tensor_list_interfaces) by extension 'colcon_pkg'
[0.278s] Level 1:colcon.colcon_core.package_identification:_identify(src/isaac_ros_common/isaac_ros_tensor_list_interfaces) by extensions ['colcon_meta']
[0.278s] Level 1:colcon.colcon_core.package_identification:_identify(src/isaac_ros_common/isaac_ros_tensor_list_interfaces) by extension 'colcon_meta'
[0.278s] Level 1:colcon.colcon_core.package_identification:_identify(src/isaac_ros_common/isaac_ros_tensor_list_interfaces) by extensions ['ros']
[0.278s] Level 1:colcon.colcon_core.package_identification:_identify(src/isaac_ros_common/isaac_ros_tensor_list_interfaces) by extension 'ros'
[0.278s] DEBUG:colcon.colcon_core.package_identification:Package 'src/isaac_ros_common/isaac_ros_tensor_list_interfaces' with type 'ros.ament_cmake' and name 'isaac_ros_tensor_list_interfaces'
[0.278s] Level 1:colcon.colcon_core.package_identification:_identify(src/isaac_ros_common/isaac_ros_test) by extensions ['ignore', 'ignore_ament_install']
[0.278s] Level 1:colcon.colcon_core.package_identification:_identify(src/isaac_ros_common/isaac_ros_test) by extension 'ignore'
[0.278s] Level 1:colcon.colcon_core.package_identification:_identify(src/isaac_ros_common/isaac_ros_test) by extension 'ignore_ament_install'
[0.278s] Level 1:colcon.colcon_core.package_identification:_identify(src/isaac_ros_common/isaac_ros_test) by extensions ['colcon_pkg']
[0.278s] Level 1:colcon.colcon_core.package_identification:_identify(src/isaac_ros_common/isaac_ros_test) by extension 'colcon_pkg'
[0.278s] Level 1:colcon.colcon_core.package_identification:_identify(src/isaac_ros_common/isaac_ros_test) by extensions ['colcon_meta']
[0.278s] Level 1:colcon.colcon_core.package_identification:_identify(src/isaac_ros_common/isaac_ros_test) by extension 'colcon_meta'
[0.278s] Level 1:colcon.colcon_core.package_identification:_identify(src/isaac_ros_common/isaac_ros_test) by extensions ['ros']
[0.278s] Level 1:colcon.colcon_core.package_identification:_identify(src/isaac_ros_common/isaac_ros_test) by extension 'ros'
[0.279s] DEBUG:colcon.colcon_core.package_identification:Package 'src/isaac_ros_common/isaac_ros_test' with type 'ros.ament_python' and name 'isaac_ros_test'
[0.279s] Level 1:colcon.colcon_core.package_identification:_identify(src/isaac_ros_common/isaac_ros_test_cmake) by extensions ['ignore', 'ignore_ament_install']
[0.279s] Level 1:colcon.colcon_core.package_identification:_identify(src/isaac_ros_common/isaac_ros_test_cmake) by extension 'ignore'
[0.279s] Level 1:colcon.colcon_core.package_identification:_identify(src/isaac_ros_common/isaac_ros_test_cmake) by extension 'ignore_ament_install'
[0.279s] Level 1:colcon.colcon_core.package_identification:_identify(src/isaac_ros_common/isaac_ros_test_cmake) by extensions ['colcon_pkg']
[0.279s] Level 1:colcon.colcon_core.package_identification:_identify(src/isaac_ros_common/isaac_ros_test_cmake) by extension 'colcon_pkg'
[0.279s] Level 1:colcon.colcon_core.package_identification:_identify(src/isaac_ros_common/isaac_ros_test_cmake) by extensions ['colcon_meta']
[0.279s] Level 1:colcon.colcon_core.package_identification:_identify(src/isaac_ros_common/isaac_ros_test_cmake) by extension 'colcon_meta'
[0.279s] Level 1:colcon.colcon_core.package_identification:_identify(src/isaac_ros_common/isaac_ros_test_cmake) by extensions ['ros']
[0.279s] Level 1:colcon.colcon_core.package_identification:_identify(src/isaac_ros_common/isaac_ros_test_cmake) by extension 'ros'
[0.280s] DEBUG:colcon.colcon_core.package_identification:Package 'src/isaac_ros_common/isaac_ros_test_cmake' with type 'ros.ament_cmake' and name 'isaac_ros_test_cmake'
[0.280s] Level 1:colcon.colcon_core.package_identification:_identify(src/isaac_ros_common/scripts) by extensions ['ignore', 'ignore_ament_install']
[0.280s] Level 1:colcon.colcon_core.package_identification:_identify(src/isaac_ros_common/scripts) by extension 'ignore'
[0.280s] Level 1:colcon.colcon_core.package_identification:_identify(src/isaac_ros_common/scripts) by extension 'ignore_ament_install'
[0.280s] Level 1:colcon.colcon_core.package_identification:_identify(src/isaac_ros_common/scripts) by extensions ['colcon_pkg']
[0.280s] Level 1:colcon.colcon_core.package_identification:_identify(src/isaac_ros_common/scripts) by extension 'colcon_pkg'
[0.280s] Level 1:colcon.colcon_core.package_identification:_identify(src/isaac_ros_common/scripts) by extensions ['colcon_meta']
[0.280s] Level 1:colcon.colcon_core.package_identification:_identify(src/isaac_ros_common/scripts) by extension 'colcon_meta'
[0.280s] Level 1:colcon.colcon_core.package_identification:_identify(src/isaac_ros_common/scripts) by extensions ['ros']
[0.280s] Level 1:colcon.colcon_core.package_identification:_identify(src/isaac_ros_common/scripts) by extension 'ros'
[0.280s] Level 1:colcon.colcon_core.package_identification:_identify(src/isaac_ros_common/scripts) by extensions ['cmake', 'python']
[0.280s] Level 1:colcon.colcon_core.package_identification:_identify(src/isaac_ros_common/scripts) by extension 'cmake'
[0.280s] Level 1:colcon.colcon_core.package_identification:_identify(src/isaac_ros_common/scripts) by extension 'python'
[0.280s] Level 1:colcon.colcon_core.package_identification:_identify(src/isaac_ros_common/scripts) by extensions ['python_setup_py']
[0.280s] Level 1:colcon.colcon_core.package_identification:_identify(src/isaac_ros_common/scripts) by extension 'python_setup_py'
[0.280s] Level 1:colcon.colcon_core.package_identification:_identify(src/isaac_ros_common/scripts/deploy) by extensions ['ignore', 'ignore_ament_install']
[0.280s] Level 1:colcon.colcon_core.package_identification:_identify(src/isaac_ros_common/scripts/deploy) by extension 'ignore'
[0.280s] Level 1:colcon.colcon_core.package_identification:_identify(src/isaac_ros_common/scripts/deploy) by extension 'ignore_ament_install'
[0.280s] Level 1:colcon.colcon_core.package_identification:_identify(src/isaac_ros_common/scripts/deploy) by extensions ['colcon_pkg']
[0.280s] Level 1:colcon.colcon_core.package_identification:_identify(src/isaac_ros_common/scripts/deploy) by extension 'colcon_pkg'
[0.280s] Level 1:colcon.colcon_core.package_identification:_identify(src/isaac_ros_common/scripts/deploy) by extensions ['colcon_meta']
[0.280s] Level 1:colcon.colcon_core.package_identification:_identify(src/isaac_ros_common/scripts/deploy) by extension 'colcon_meta'
[0.280s] Level 1:colcon.colcon_core.package_identification:_identify(src/isaac_ros_common/scripts/deploy) by extensions ['ros']
[0.280s] Level 1:colcon.colcon_core.package_identification:_identify(src/isaac_ros_common/scripts/deploy) by extension 'ros'
[0.280s] Level 1:colcon.colcon_core.package_identification:_identify(src/isaac_ros_common/scripts/deploy) by extensions ['cmake', 'python']
[0.280s] Level 1:colcon.colcon_core.package_identification:_identify(src/isaac_ros_common/scripts/deploy) by extension 'cmake'
[0.280s] Level 1:colcon.colcon_core.package_identification:_identify(src/isaac_ros_common/scripts/deploy) by extension 'python'
[0.280s] Level 1:colcon.colcon_core.package_identification:_identify(src/isaac_ros_common/scripts/deploy) by extensions ['python_setup_py']
[0.280s] Level 1:colcon.colcon_core.package_identification:_identify(src/isaac_ros_common/scripts/deploy) by extension 'python_setup_py'
[0.280s] Level 1:colcon.colcon_core.package_identification:_identify(src/isaac_ros_common/scripts/utils) by extensions ['ignore', 'ignore_ament_install']
[0.280s] Level 1:colcon.colcon_core.package_identification:_identify(src/isaac_ros_common/scripts/utils) by extension 'ignore'
[0.280s] Level 1:colcon.colcon_core.package_identification:_identify(src/isaac_ros_common/scripts/utils) by extension 'ignore_ament_install'
[0.280s] Level 1:colcon.colcon_core.package_identification:_identify(src/isaac_ros_common/scripts/utils) by extensions ['colcon_pkg']
[0.280s] Level 1:colcon.colcon_core.package_identification:_identify(src/isaac_ros_common/scripts/utils) by extension 'colcon_pkg'
[0.280s] Level 1:colcon.colcon_core.package_identification:_identify(src/isaac_ros_common/scripts/utils) by extensions ['colcon_meta']
[0.280s] Level 1:colcon.colcon_core.package_identification:_identify(src/isaac_ros_common/scripts/utils) by extension 'colcon_meta'
[0.281s] Level 1:colcon.colcon_core.package_identification:_identify(src/isaac_ros_common/scripts/utils) by extensions ['ros']
[0.281s] Level 1:colcon.colcon_core.package_identification:_identify(src/isaac_ros_common/scripts/utils) by extension 'ros'
[0.281s] Level 1:colcon.colcon_core.package_identification:_identify(src/isaac_ros_common/scripts/utils) by extensions ['cmake', 'python']
[0.281s] Level 1:colcon.colcon_core.package_identification:_identify(src/isaac_ros_common/scripts/utils) by extension 'cmake'
[0.281s] Level 1:colcon.colcon_core.package_identification:_identify(src/isaac_ros_common/scripts/utils) by extension 'python'
[0.281s] Level 1:colcon.colcon_core.package_identification:_identify(src/isaac_ros_common/scripts/utils) by extensions ['python_setup_py']
[0.281s] Level 1:colcon.colcon_core.package_identification:_identify(src/isaac_ros_common/scripts/utils) by extension 'python_setup_py'
[0.281s] Level 1:colcon.colcon_core.package_identification:_identify(src/isaac_ros_dnn_inference) by extensions ['ignore', 'ignore_ament_install']
[0.281s] Level 1:colcon.colcon_core.package_identification:_identify(src/isaac_ros_dnn_inference) by extension 'ignore'
[0.281s] Level 1:colcon.colcon_core.package_identification:_identify(src/isaac_ros_dnn_inference) by extension 'ignore_ament_install'
[0.281s] Level 1:colcon.colcon_core.package_identification:_identify(src/isaac_ros_dnn_inference) by extensions ['colcon_pkg']
[0.281s] Level 1:colcon.colcon_core.package_identification:_identify(src/isaac_ros_dnn_inference) by extension 'colcon_pkg'
[0.281s] Level 1:colcon.colcon_core.package_identification:_identify(src/isaac_ros_dnn_inference) by extensions ['colcon_meta']
[0.281s] Level 1:colcon.colcon_core.package_identification:_identify(src/isaac_ros_dnn_inference) by extension 'colcon_meta'
[0.281s] Level 1:colcon.colcon_core.package_identification:_identify(src/isaac_ros_dnn_inference) by extensions ['ros']
[0.281s] Level 1:colcon.colcon_core.package_identification:_identify(src/isaac_ros_dnn_inference) by extension 'ros'
[0.281s] Level 1:colcon.colcon_core.package_identification:_identify(src/isaac_ros_dnn_inference) by extensions ['cmake', 'python']
[0.281s] Level 1:colcon.colcon_core.package_identification:_identify(src/isaac_ros_dnn_inference) by extension 'cmake'
[0.281s] Level 1:colcon.colcon_core.package_identification:_identify(src/isaac_ros_dnn_inference) by extension 'python'
[0.281s] Level 1:colcon.colcon_core.package_identification:_identify(src/isaac_ros_dnn_inference) by extensions ['python_setup_py']
[0.281s] Level 1:colcon.colcon_core.package_identification:_identify(src/isaac_ros_dnn_inference) by extension 'python_setup_py'
[0.281s] Level 1:colcon.colcon_core.package_identification:_identify(src/isaac_ros_dnn_inference/isaac_ros_dnn_image_encoder) by extensions ['ignore', 'ignore_ament_install']
[0.281s] Level 1:colcon.colcon_core.package_identification:_identify(src/isaac_ros_dnn_inference/isaac_ros_dnn_image_encoder) by extension 'ignore'
[0.281s] Level 1:colcon.colcon_core.package_identification:_identify(src/isaac_ros_dnn_inference/isaac_ros_dnn_image_encoder) by extension 'ignore_ament_install'
[0.281s] Level 1:colcon.colcon_core.package_identification:_identify(src/isaac_ros_dnn_inference/isaac_ros_dnn_image_encoder) by extensions ['colcon_pkg']
[0.281s] Level 1:colcon.colcon_core.package_identification:_identify(src/isaac_ros_dnn_inference/isaac_ros_dnn_image_encoder) by extension 'colcon_pkg'
[0.281s] Level 1:colcon.colcon_core.package_identification:_identify(src/isaac_ros_dnn_inference/isaac_ros_dnn_image_encoder) by extensions ['colcon_meta']
[0.281s] Level 1:colcon.colcon_core.package_identification:_identify(src/isaac_ros_dnn_inference/isaac_ros_dnn_image_encoder) by extension 'colcon_meta'
[0.281s] Level 1:colcon.colcon_core.package_identification:_identify(src/isaac_ros_dnn_inference/isaac_ros_dnn_image_encoder) by extensions ['ros']
[0.281s] Level 1:colcon.colcon_core.package_identification:_identify(src/isaac_ros_dnn_inference/isaac_ros_dnn_image_encoder) by extension 'ros'
[0.282s] DEBUG:colcon.colcon_core.package_identification:Package 'src/isaac_ros_dnn_inference/isaac_ros_dnn_image_encoder' with type 'ros.ament_cmake' and name 'isaac_ros_dnn_image_encoder'
[0.282s] Level 1:colcon.colcon_core.package_identification:_identify(src/isaac_ros_dnn_inference/isaac_ros_gxf_extensions) by extensions ['ignore', 'ignore_ament_install']
[0.282s] Level 1:colcon.colcon_core.package_identification:_identify(src/isaac_ros_dnn_inference/isaac_ros_gxf_extensions) by extension 'ignore'
[0.282s] Level 1:colcon.colcon_core.package_identification:_identify(src/isaac_ros_dnn_inference/isaac_ros_gxf_extensions) by extension 'ignore_ament_install'
[0.282s] Level 1:colcon.colcon_core.package_identification:_identify(src/isaac_ros_dnn_inference/isaac_ros_gxf_extensions) by extensions ['colcon_pkg']
[0.282s] Level 1:colcon.colcon_core.package_identification:_identify(src/isaac_ros_dnn_inference/isaac_ros_gxf_extensions) by extension 'colcon_pkg'
[0.282s] Level 1:colcon.colcon_core.package_identification:_identify(src/isaac_ros_dnn_inference/isaac_ros_gxf_extensions) by extensions ['colcon_meta']
[0.282s] Level 1:colcon.colcon_core.package_identification:_identify(src/isaac_ros_dnn_inference/isaac_ros_gxf_extensions) by extension 'colcon_meta'
[0.282s] Level 1:colcon.colcon_core.package_identification:_identify(src/isaac_ros_dnn_inference/isaac_ros_gxf_extensions) by extensions ['ros']
[0.282s] Level 1:colcon.colcon_core.package_identification:_identify(src/isaac_ros_dnn_inference/isaac_ros_gxf_extensions) by extension 'ros'
[0.282s] Level 1:colcon.colcon_core.package_identification:_identify(src/isaac_ros_dnn_inference/isaac_ros_gxf_extensions) by extensions ['cmake', 'python']
[0.282s] Level 1:colcon.colcon_core.package_identification:_identify(src/isaac_ros_dnn_inference/isaac_ros_gxf_extensions) by extension 'cmake'
[0.282s] Level 1:colcon.colcon_core.package_identification:_identify(src/isaac_ros_dnn_inference/isaac_ros_gxf_extensions) by extension 'python'
[0.282s] Level 1:colcon.colcon_core.package_identification:_identify(src/isaac_ros_dnn_inference/isaac_ros_gxf_extensions) by extensions ['python_setup_py']
[0.282s] Level 1:colcon.colcon_core.package_identification:_identify(src/isaac_ros_dnn_inference/isaac_ros_gxf_extensions) by extension 'python_setup_py'
[0.282s] Level 1:colcon.colcon_core.package_identification:_identify(src/isaac_ros_dnn_inference/isaac_ros_gxf_extensions/gxf_isaac_tensor_rt) by extensions ['ignore', 'ignore_ament_install']
[0.282s] Level 1:colcon.colcon_core.package_identification:_identify(src/isaac_ros_dnn_inference/isaac_ros_gxf_extensions/gxf_isaac_tensor_rt) by extension 'ignore'
[0.282s] Level 1:colcon.colcon_core.package_identification:_identify(src/isaac_ros_dnn_inference/isaac_ros_gxf_extensions/gxf_isaac_tensor_rt) by extension 'ignore_ament_install'
[0.282s] Level 1:colcon.colcon_core.package_identification:_identify(src/isaac_ros_dnn_inference/isaac_ros_gxf_extensions/gxf_isaac_tensor_rt) by extensions ['colcon_pkg']
[0.282s] Level 1:colcon.colcon_core.package_identification:_identify(src/isaac_ros_dnn_inference/isaac_ros_gxf_extensions/gxf_isaac_tensor_rt) by extension 'colcon_pkg'
[0.283s] Level 1:colcon.colcon_core.package_identification:_identify(src/isaac_ros_dnn_inference/isaac_ros_gxf_extensions/gxf_isaac_tensor_rt) by extensions ['colcon_meta']
[0.283s] Level 1:colcon.colcon_core.package_identification:_identify(src/isaac_ros_dnn_inference/isaac_ros_gxf_extensions/gxf_isaac_tensor_rt) by extension 'colcon_meta'
[0.283s] Level 1:colcon.colcon_core.package_identification:_identify(src/isaac_ros_dnn_inference/isaac_ros_gxf_extensions/gxf_isaac_tensor_rt) by extensions ['ros']
[0.283s] Level 1:colcon.colcon_core.package_identification:_identify(src/isaac_ros_dnn_inference/isaac_ros_gxf_extensions/gxf_isaac_tensor_rt) by extension 'ros'
[0.283s] DEBUG:colcon.colcon_core.package_identification:Package 'src/isaac_ros_dnn_inference/isaac_ros_gxf_extensions/gxf_isaac_tensor_rt' with type 'ros.ament_cmake' and name 'gxf_isaac_tensor_rt'
[0.283s] Level 1:colcon.colcon_core.package_identification:_identify(src/isaac_ros_dnn_inference/isaac_ros_gxf_extensions/gxf_isaac_triton) by extensions ['ignore', 'ignore_ament_install']
[0.283s] Level 1:colcon.colcon_core.package_identification:_identify(src/isaac_ros_dnn_inference/isaac_ros_gxf_extensions/gxf_isaac_triton) by extension 'ignore'
[0.283s] Level 1:colcon.colcon_core.package_identification:_identify(src/isaac_ros_dnn_inference/isaac_ros_gxf_extensions/gxf_isaac_triton) by extension 'ignore_ament_install'
[0.283s] Level 1:colcon.colcon_core.package_identification:_identify(src/isaac_ros_dnn_inference/isaac_ros_gxf_extensions/gxf_isaac_triton) by extensions ['colcon_pkg']
[0.283s] Level 1:colcon.colcon_core.package_identification:_identify(src/isaac_ros_dnn_inference/isaac_ros_gxf_extensions/gxf_isaac_triton) by extension 'colcon_pkg'
[0.283s] Level 1:colcon.colcon_core.package_identification:_identify(src/isaac_ros_dnn_inference/isaac_ros_gxf_extensions/gxf_isaac_triton) by extensions ['colcon_meta']
[0.283s] Level 1:colcon.colcon_core.package_identification:_identify(src/isaac_ros_dnn_inference/isaac_ros_gxf_extensions/gxf_isaac_triton) by extension 'colcon_meta'
[0.283s] Level 1:colcon.colcon_core.package_identification:_identify(src/isaac_ros_dnn_inference/isaac_ros_gxf_extensions/gxf_isaac_triton) by extensions ['ros']
[0.283s] Level 1:colcon.colcon_core.package_identification:_identify(src/isaac_ros_dnn_inference/isaac_ros_gxf_extensions/gxf_isaac_triton) by extension 'ros'
[0.284s] DEBUG:colcon.colcon_core.package_identification:Package 'src/isaac_ros_dnn_inference/isaac_ros_gxf_extensions/gxf_isaac_triton' with type 'ros.ament_cmake' and name 'gxf_isaac_triton'
[0.284s] Level 1:colcon.colcon_core.package_identification:_identify(src/isaac_ros_dnn_inference/isaac_ros_tensor_proc) by extensions ['ignore', 'ignore_ament_install']
[0.284s] Level 1:colcon.colcon_core.package_identification:_identify(src/isaac_ros_dnn_inference/isaac_ros_tensor_proc) by extension 'ignore'
[0.284s] Level 1:colcon.colcon_core.package_identification:_identify(src/isaac_ros_dnn_inference/isaac_ros_tensor_proc) by extension 'ignore_ament_install'
[0.284s] Level 1:colcon.colcon_core.package_identification:_identify(src/isaac_ros_dnn_inference/isaac_ros_tensor_proc) by extensions ['colcon_pkg']
[0.284s] Level 1:colcon.colcon_core.package_identification:_identify(src/isaac_ros_dnn_inference/isaac_ros_tensor_proc) by extension 'colcon_pkg'
[0.284s] Level 1:colcon.colcon_core.package_identification:_identify(src/isaac_ros_dnn_inference/isaac_ros_tensor_proc) by extensions ['colcon_meta']
[0.284s] Level 1:colcon.colcon_core.package_identification:_identify(src/isaac_ros_dnn_inference/isaac_ros_tensor_proc) by extension 'colcon_meta'
[0.284s] Level 1:colcon.colcon_core.package_identification:_identify(src/isaac_ros_dnn_inference/isaac_ros_tensor_proc) by extensions ['ros']
[0.284s] Level 1:colcon.colcon_core.package_identification:_identify(src/isaac_ros_dnn_inference/isaac_ros_tensor_proc) by extension 'ros'
[0.285s] DEBUG:colcon.colcon_core.package_identification:Package 'src/isaac_ros_dnn_inference/isaac_ros_tensor_proc' with type 'ros.ament_cmake' and name 'isaac_ros_tensor_proc'
[0.285s] Level 1:colcon.colcon_core.package_identification:_identify(src/isaac_ros_dnn_inference/isaac_ros_tensor_rt) by extensions ['ignore', 'ignore_ament_install']
[0.285s] Level 1:colcon.colcon_core.package_identification:_identify(src/isaac_ros_dnn_inference/isaac_ros_tensor_rt) by extension 'ignore'
[0.285s] Level 1:colcon.colcon_core.package_identification:_identify(src/isaac_ros_dnn_inference/isaac_ros_tensor_rt) by extension 'ignore_ament_install'
[0.285s] Level 1:colcon.colcon_core.package_identification:_identify(src/isaac_ros_dnn_inference/isaac_ros_tensor_rt) by extensions ['colcon_pkg']
[0.285s] Level 1:colcon.colcon_core.package_identification:_identify(src/isaac_ros_dnn_inference/isaac_ros_tensor_rt) by extension 'colcon_pkg'
[0.285s] Level 1:colcon.colcon_core.package_identification:_identify(src/isaac_ros_dnn_inference/isaac_ros_tensor_rt) by extensions ['colcon_meta']
[0.285s] Level 1:colcon.colcon_core.package_identification:_identify(src/isaac_ros_dnn_inference/isaac_ros_tensor_rt) by extension 'colcon_meta'
[0.285s] Level 1:colcon.colcon_core.package_identification:_identify(src/isaac_ros_dnn_inference/isaac_ros_tensor_rt) by extensions ['ros']
[0.285s] Level 1:colcon.colcon_core.package_identification:_identify(src/isaac_ros_dnn_inference/isaac_ros_tensor_rt) by extension 'ros'
[0.286s] DEBUG:colcon.colcon_core.package_identification:Package 'src/isaac_ros_dnn_inference/isaac_ros_tensor_rt' with type 'ros.ament_cmake' and name 'isaac_ros_tensor_rt'
[0.286s] Level 1:colcon.colcon_core.package_identification:_identify(src/isaac_ros_dnn_inference/isaac_ros_triton) by extensions ['ignore', 'ignore_ament_install']
[0.286s] Level 1:colcon.colcon_core.package_identification:_identify(src/isaac_ros_dnn_inference/isaac_ros_triton) by extension 'ignore'
[0.286s] Level 1:colcon.colcon_core.package_identification:_identify(src/isaac_ros_dnn_inference/isaac_ros_triton) by extension 'ignore_ament_install'
[0.286s] Level 1:colcon.colcon_core.package_identification:_identify(src/isaac_ros_dnn_inference/isaac_ros_triton) by extensions ['colcon_pkg']
[0.286s] Level 1:colcon.colcon_core.package_identification:_identify(src/isaac_ros_dnn_inference/isaac_ros_triton) by extension 'colcon_pkg'
[0.286s] Level 1:colcon.colcon_core.package_identification:_identify(src/isaac_ros_dnn_inference/isaac_ros_triton) by extensions ['colcon_meta']
[0.286s] Level 1:colcon.colcon_core.package_identification:_identify(src/isaac_ros_dnn_inference/isaac_ros_triton) by extension 'colcon_meta'
[0.286s] Level 1:colcon.colcon_core.package_identification:_identify(src/isaac_ros_dnn_inference/isaac_ros_triton) by extensions ['ros']
[0.286s] Level 1:colcon.colcon_core.package_identification:_identify(src/isaac_ros_dnn_inference/isaac_ros_triton) by extension 'ros'
[0.286s] DEBUG:colcon.colcon_core.package_identification:Package 'src/isaac_ros_dnn_inference/isaac_ros_triton' with type 'ros.ament_cmake' and name 'isaac_ros_triton'
[0.286s] Level 1:colcon.colcon_core.package_identification:_identify(src/isaac_ros_dnn_inference/resources) by extensions ['ignore', 'ignore_ament_install']
[0.286s] Level 1:colcon.colcon_core.package_identification:_identify(src/isaac_ros_dnn_inference/resources) by extension 'ignore'
[0.286s] Level 1:colcon.colcon_core.package_identification:_identify(src/isaac_ros_dnn_inference/resources) by extension 'ignore_ament_install'
[0.287s] Level 1:colcon.colcon_core.package_identification:_identify(src/isaac_ros_dnn_inference/resources) by extensions ['colcon_pkg']
[0.287s] Level 1:colcon.colcon_core.package_identification:_identify(src/isaac_ros_dnn_inference/resources) by extension 'colcon_pkg'
[0.287s] Level 1:colcon.colcon_core.package_identification:_identify(src/isaac_ros_dnn_inference/resources) by extensions ['colcon_meta']
[0.287s] Level 1:colcon.colcon_core.package_identification:_identify(src/isaac_ros_dnn_inference/resources) by extension 'colcon_meta'
[0.287s] Level 1:colcon.colcon_core.package_identification:_identify(src/isaac_ros_dnn_inference/resources) by extensions ['ros']
[0.287s] Level 1:colcon.colcon_core.package_identification:_identify(src/isaac_ros_dnn_inference/resources) by extension 'ros'
[0.287s] Level 1:colcon.colcon_core.package_identification:_identify(src/isaac_ros_dnn_inference/resources) by extensions ['cmake', 'python']
[0.287s] Level 1:colcon.colcon_core.package_identification:_identify(src/isaac_ros_dnn_inference/resources) by extension 'cmake'
[0.287s] Level 1:colcon.colcon_core.package_identification:_identify(src/isaac_ros_dnn_inference/resources) by extension 'python'
[0.287s] Level 1:colcon.colcon_core.package_identification:_identify(src/isaac_ros_dnn_inference/resources) by extensions ['python_setup_py']
[0.287s] Level 1:colcon.colcon_core.package_identification:_identify(src/isaac_ros_dnn_inference/resources) by extension 'python_setup_py'
[0.287s] Level 1:colcon.colcon_core.package_identification:_identify(src/isaac_ros_dnn_inference/test) by extensions ['ignore', 'ignore_ament_install']
[0.287s] Level 1:colcon.colcon_core.package_identification:_identify(src/isaac_ros_dnn_inference/test) by extension 'ignore'
[0.287s] Level 1:colcon.colcon_core.package_identification:_identify(src/isaac_ros_dnn_inference/test) by extension 'ignore_ament_install'
[0.287s] Level 1:colcon.colcon_core.package_identification:_identify(src/isaac_ros_dnn_inference/test) by extensions ['colcon_pkg']
[0.287s] Level 1:colcon.colcon_core.package_identification:_identify(src/isaac_ros_dnn_inference/test) by extension 'colcon_pkg'
[0.287s] Level 1:colcon.colcon_core.package_identification:_identify(src/isaac_ros_dnn_inference/test) by extensions ['colcon_meta']
[0.287s] Level 1:colcon.colcon_core.package_identification:_identify(src/isaac_ros_dnn_inference/test) by extension 'colcon_meta'
[0.287s] Level 1:colcon.colcon_core.package_identification:_identify(src/isaac_ros_dnn_inference/test) by extensions ['ros']
[0.287s] Level 1:colcon.colcon_core.package_identification:_identify(src/isaac_ros_dnn_inference/test) by extension 'ros'
[0.287s] Level 1:colcon.colcon_core.package_identification:_identify(src/isaac_ros_dnn_inference/test) by extensions ['cmake', 'python']
[0.287s] Level 1:colcon.colcon_core.package_identification:_identify(src/isaac_ros_dnn_inference/test) by extension 'cmake'
[0.287s] Level 1:colcon.colcon_core.package_identification:_identify(src/isaac_ros_dnn_inference/test) by extension 'python'
[0.287s] Level 1:colcon.colcon_core.package_identification:_identify(src/isaac_ros_dnn_inference/test) by extensions ['python_setup_py']
[0.287s] Level 1:colcon.colcon_core.package_identification:_identify(src/isaac_ros_dnn_inference/test) by extension 'python_setup_py'
[0.287s] Level 1:colcon.colcon_core.package_identification:_identify(src/isaac_ros_dnn_inference/test/models) by extensions ['ignore', 'ignore_ament_install']
[0.287s] Level 1:colcon.colcon_core.package_identification:_identify(src/isaac_ros_dnn_inference/test/models) by extension 'ignore'
[0.287s] Level 1:colcon.colcon_core.package_identification:_identify(src/isaac_ros_dnn_inference/test/models) by extension 'ignore_ament_install'
[0.287s] Level 1:colcon.colcon_core.package_identification:_identify(src/isaac_ros_dnn_inference/test/models) by extensions ['colcon_pkg']
[0.287s] Level 1:colcon.colcon_core.package_identification:_identify(src/isaac_ros_dnn_inference/test/models) by extension 'colcon_pkg'
[0.287s] Level 1:colcon.colcon_core.package_identification:_identify(src/isaac_ros_dnn_inference/test/models) by extensions ['colcon_meta']
[0.287s] Level 1:colcon.colcon_core.package_identification:_identify(src/isaac_ros_dnn_inference/test/models) by extension 'colcon_meta'
[0.287s] Level 1:colcon.colcon_core.package_identification:_identify(src/isaac_ros_dnn_inference/test/models) by extensions ['ros']
[0.287s] Level 1:colcon.colcon_core.package_identification:_identify(src/isaac_ros_dnn_inference/test/models) by extension 'ros'
[0.287s] Level 1:colcon.colcon_core.package_identification:_identify(src/isaac_ros_dnn_inference/test/models) by extensions ['cmake', 'python']
[0.287s] Level 1:colcon.colcon_core.package_identification:_identify(src/isaac_ros_dnn_inference/test/models) by extension 'cmake'
[0.287s] Level 1:colcon.colcon_core.package_identification:_identify(src/isaac_ros_dnn_inference/test/models) by extension 'python'
[0.287s] Level 1:colcon.colcon_core.package_identification:_identify(src/isaac_ros_dnn_inference/test/models) by extensions ['python_setup_py']
[0.287s] Level 1:colcon.colcon_core.package_identification:_identify(src/isaac_ros_dnn_inference/test/models) by extension 'python_setup_py'
[0.288s] Level 1:colcon.colcon_core.package_identification:_identify(src/isaac_ros_dnn_inference/test/models/dope_ketchup_pol) by extensions ['ignore', 'ignore_ament_install']
[0.288s] Level 1:colcon.colcon_core.package_identification:_identify(src/isaac_ros_dnn_inference/test/models/dope_ketchup_pol) by extension 'ignore'
[0.288s] Level 1:colcon.colcon_core.package_identification:_identify(src/isaac_ros_dnn_inference/test/models/dope_ketchup_pol) by extension 'ignore_ament_install'
[0.288s] Level 1:colcon.colcon_core.package_identification:_identify(src/isaac_ros_dnn_inference/test/models/dope_ketchup_pol) by extensions ['colcon_pkg']
[0.288s] Level 1:colcon.colcon_core.package_identification:_identify(src/isaac_ros_dnn_inference/test/models/dope_ketchup_pol) by extension 'colcon_pkg'
[0.288s] Level 1:colcon.colcon_core.package_identification:_identify(src/isaac_ros_dnn_inference/test/models/dope_ketchup_pol) by extensions ['colcon_meta']
[0.288s] Level 1:colcon.colcon_core.package_identification:_identify(src/isaac_ros_dnn_inference/test/models/dope_ketchup_pol) by extension 'colcon_meta'
[0.288s] Level 1:colcon.colcon_core.package_identification:_identify(src/isaac_ros_dnn_inference/test/models/dope_ketchup_pol) by extensions ['ros']
[0.288s] Level 1:colcon.colcon_core.package_identification:_identify(src/isaac_ros_dnn_inference/test/models/dope_ketchup_pol) by extension 'ros'
[0.288s] Level 1:colcon.colcon_core.package_identification:_identify(src/isaac_ros_dnn_inference/test/models/dope_ketchup_pol) by extensions ['cmake', 'python']
[0.288s] Level 1:colcon.colcon_core.package_identification:_identify(src/isaac_ros_dnn_inference/test/models/dope_ketchup_pol) by extension 'cmake'
[0.288s] Level 1:colcon.colcon_core.package_identification:_identify(src/isaac_ros_dnn_inference/test/models/dope_ketchup_pol) by extension 'python'
[0.288s] Level 1:colcon.colcon_core.package_identification:_identify(src/isaac_ros_dnn_inference/test/models/dope_ketchup_pol) by extensions ['python_setup_py']
[0.288s] Level 1:colcon.colcon_core.package_identification:_identify(src/isaac_ros_dnn_inference/test/models/dope_ketchup_pol) by extension 'python_setup_py'
[0.288s] Level 1:colcon.colcon_core.package_identification:_identify(src/isaac_ros_dnn_inference/test/models/dope_ketchup_pol/1) by extensions ['ignore', 'ignore_ament_install']
[0.288s] Level 1:colcon.colcon_core.package_identification:_identify(src/isaac_ros_dnn_inference/test/models/dope_ketchup_pol/1) by extension 'ignore'
[0.288s] Level 1:colcon.colcon_core.package_identification:_identify(src/isaac_ros_dnn_inference/test/models/dope_ketchup_pol/1) by extension 'ignore_ament_install'
[0.288s] Level 1:colcon.colcon_core.package_identification:_identify(src/isaac_ros_dnn_inference/test/models/dope_ketchup_pol/1) by extensions ['colcon_pkg']
[0.288s] Level 1:colcon.colcon_core.package_identification:_identify(src/isaac_ros_dnn_inference/test/models/dope_ketchup_pol/1) by extension 'colcon_pkg'
[0.288s] Level 1:colcon.colcon_core.package_identification:_identify(src/isaac_ros_dnn_inference/test/models/dope_ketchup_pol/1) by extensions ['colcon_meta']
[0.288s] Level 1:colcon.colcon_core.package_identification:_identify(src/isaac_ros_dnn_inference/test/models/dope_ketchup_pol/1) by extension 'colcon_meta'
[0.288s] Level 1:colcon.colcon_core.package_identification:_identify(src/isaac_ros_dnn_inference/test/models/dope_ketchup_pol/1) by extensions ['ros']
[0.288s] Level 1:colcon.colcon_core.package_identification:_identify(src/isaac_ros_dnn_inference/test/models/dope_ketchup_pol/1) by extension 'ros'
[0.288s] Level 1:colcon.colcon_core.package_identification:_identify(src/isaac_ros_dnn_inference/test/models/dope_ketchup_pol/1) by extensions ['cmake', 'python']
[0.288s] Level 1:colcon.colcon_core.package_identification:_identify(src/isaac_ros_dnn_inference/test/models/dope_ketchup_pol/1) by extension 'cmake'
[0.288s] Level 1:colcon.colcon_core.package_identification:_identify(src/isaac_ros_dnn_inference/test/models/dope_ketchup_pol/1) by extension 'python'
[0.288s] Level 1:colcon.colcon_core.package_identification:_identify(src/isaac_ros_dnn_inference/test/models/dope_ketchup_pol/1) by extensions ['python_setup_py']
[0.288s] Level 1:colcon.colcon_core.package_identification:_identify(src/isaac_ros_dnn_inference/test/models/dope_ketchup_pol/1) by extension 'python_setup_py'
[0.288s] Level 1:colcon.colcon_core.package_identification:_identify(src/isaac_ros_dnn_inference/test/models/mobilenetv2-1.0_triton_onnx) by extensions ['ignore', 'ignore_ament_install']
[0.288s] Level 1:colcon.colcon_core.package_identification:_identify(src/isaac_ros_dnn_inference/test/models/mobilenetv2-1.0_triton_onnx) by extension 'ignore'
[0.288s] Level 1:colcon.colcon_core.package_identification:_identify(src/isaac_ros_dnn_inference/test/models/mobilenetv2-1.0_triton_onnx) by extension 'ignore_ament_install'
[0.288s] Level 1:colcon.colcon_core.package_identification:_identify(src/isaac_ros_dnn_inference/test/models/mobilenetv2-1.0_triton_onnx) by extensions ['colcon_pkg']
[0.288s] Level 1:colcon.colcon_core.package_identification:_identify(src/isaac_ros_dnn_inference/test/models/mobilenetv2-1.0_triton_onnx) by extension 'colcon_pkg'
[0.288s] Level 1:colcon.colcon_core.package_identification:_identify(src/isaac_ros_dnn_inference/test/models/mobilenetv2-1.0_triton_onnx) by extensions ['colcon_meta']
[0.288s] Level 1:colcon.colcon_core.package_identification:_identify(src/isaac_ros_dnn_inference/test/models/mobilenetv2-1.0_triton_onnx) by extension 'colcon_meta'
[0.288s] Level 1:colcon.colcon_core.package_identification:_identify(src/isaac_ros_dnn_inference/test/models/mobilenetv2-1.0_triton_onnx) by extensions ['ros']
[0.288s] Level 1:colcon.colcon_core.package_identification:_identify(src/isaac_ros_dnn_inference/test/models/mobilenetv2-1.0_triton_onnx) by extension 'ros'
[0.288s] Level 1:colcon.colcon_core.package_identification:_identify(src/isaac_ros_dnn_inference/test/models/mobilenetv2-1.0_triton_onnx) by extensions ['cmake', 'python']
[0.288s] Level 1:colcon.colcon_core.package_identification:_identify(src/isaac_ros_dnn_inference/test/models/mobilenetv2-1.0_triton_onnx) by extension 'cmake'
[0.288s] Level 1:colcon.colcon_core.package_identification:_identify(src/isaac_ros_dnn_inference/test/models/mobilenetv2-1.0_triton_onnx) by extension 'python'
[0.289s] Level 1:colcon.colcon_core.package_identification:_identify(src/isaac_ros_dnn_inference/test/models/mobilenetv2-1.0_triton_onnx) by extensions ['python_setup_py']
[0.289s] Level 1:colcon.colcon_core.package_identification:_identify(src/isaac_ros_dnn_inference/test/models/mobilenetv2-1.0_triton_onnx) by extension 'python_setup_py'
[0.289s] Level 1:colcon.colcon_core.package_identification:_identify(src/isaac_ros_dnn_inference/test/models/mobilenetv2-1.0_triton_onnx/1) by extensions ['ignore', 'ignore_ament_install']
[0.289s] Level 1:colcon.colcon_core.package_identification:_identify(src/isaac_ros_dnn_inference/test/models/mobilenetv2-1.0_triton_onnx/1) by extension 'ignore'
[0.289s] Level 1:colcon.colcon_core.package_identification:_identify(src/isaac_ros_dnn_inference/test/models/mobilenetv2-1.0_triton_onnx/1) by extension 'ignore_ament_install'
[0.289s] Level 1:colcon.colcon_core.package_identification:_identify(src/isaac_ros_dnn_inference/test/models/mobilenetv2-1.0_triton_onnx/1) by extensions ['colcon_pkg']
[0.289s] Level 1:colcon.colcon_core.package_identification:_identify(src/isaac_ros_dnn_inference/test/models/mobilenetv2-1.0_triton_onnx/1) by extension 'colcon_pkg'
[0.289s] Level 1:colcon.colcon_core.package_identification:_identify(src/isaac_ros_dnn_inference/test/models/mobilenetv2-1.0_triton_onnx/1) by extensions ['colcon_meta']
[0.289s] Level 1:colcon.colcon_core.package_identification:_identify(src/isaac_ros_dnn_inference/test/models/mobilenetv2-1.0_triton_onnx/1) by extension 'colcon_meta'
[0.289s] Level 1:colcon.colcon_core.package_identification:_identify(src/isaac_ros_dnn_inference/test/models/mobilenetv2-1.0_triton_onnx/1) by extensions ['ros']
[0.289s] Level 1:colcon.colcon_core.package_identification:_identify(src/isaac_ros_dnn_inference/test/models/mobilenetv2-1.0_triton_onnx/1) by extension 'ros'
[0.289s] Level 1:colcon.colcon_core.package_identification:_identify(src/isaac_ros_dnn_inference/test/models/mobilenetv2-1.0_triton_onnx/1) by extensions ['cmake', 'python']
[0.289s] Level 1:colcon.colcon_core.package_identification:_identify(src/isaac_ros_dnn_inference/test/models/mobilenetv2-1.0_triton_onnx/1) by extension 'cmake'
[0.289s] Level 1:colcon.colcon_core.package_identification:_identify(src/isaac_ros_dnn_inference/test/models/mobilenetv2-1.0_triton_onnx/1) by extension 'python'
[0.289s] Level 1:colcon.colcon_core.package_identification:_identify(src/isaac_ros_dnn_inference/test/models/mobilenetv2-1.0_triton_onnx/1) by extensions ['python_setup_py']
[0.289s] Level 1:colcon.colcon_core.package_identification:_identify(src/isaac_ros_dnn_inference/test/models/mobilenetv2-1.0_triton_onnx/1) by extension 'python_setup_py'
[0.289s] Level 1:colcon.colcon_core.package_identification:_identify(src/isaac_ros_dnn_inference/test/models/simple_triton_tf) by extensions ['ignore', 'ignore_ament_install']
[0.289s] Level 1:colcon.colcon_core.package_identification:_identify(src/isaac_ros_dnn_inference/test/models/simple_triton_tf) by extension 'ignore'
[0.289s] Level 1:colcon.colcon_core.package_identification:_identify(src/isaac_ros_dnn_inference/test/models/simple_triton_tf) by extension 'ignore_ament_install'
[0.289s] Level 1:colcon.colcon_core.package_identification:_identify(src/isaac_ros_dnn_inference/test/models/simple_triton_tf) by extensions ['colcon_pkg']
[0.289s] Level 1:colcon.colcon_core.package_identification:_identify(src/isaac_ros_dnn_inference/test/models/simple_triton_tf) by extension 'colcon_pkg'
[0.289s] Level 1:colcon.colcon_core.package_identification:_identify(src/isaac_ros_dnn_inference/test/models/simple_triton_tf) by extensions ['colcon_meta']
[0.289s] Level 1:colcon.colcon_core.package_identification:_identify(src/isaac_ros_dnn_inference/test/models/simple_triton_tf) by extension 'colcon_meta'
[0.289s] Level 1:colcon.colcon_core.package_identification:_identify(src/isaac_ros_dnn_inference/test/models/simple_triton_tf) by extensions ['ros']
[0.289s] Level 1:colcon.colcon_core.package_identification:_identify(src/isaac_ros_dnn_inference/test/models/simple_triton_tf) by extension 'ros'
[0.289s] Level 1:colcon.colcon_core.package_identification:_identify(src/isaac_ros_dnn_inference/test/models/simple_triton_tf) by extensions ['cmake', 'python']
[0.289s] Level 1:colcon.colcon_core.package_identification:_identify(src/isaac_ros_dnn_inference/test/models/simple_triton_tf) by extension 'cmake'
[0.289s] Level 1:colcon.colcon_core.package_identification:_identify(src/isaac_ros_dnn_inference/test/models/simple_triton_tf) by extension 'python'
[0.289s] Level 1:colcon.colcon_core.package_identification:_identify(src/isaac_ros_dnn_inference/test/models/simple_triton_tf) by extensions ['python_setup_py']
[0.289s] Level 1:colcon.colcon_core.package_identification:_identify(src/isaac_ros_dnn_inference/test/models/simple_triton_tf) by extension 'python_setup_py'
[0.289s] Level 1:colcon.colcon_core.package_identification:_identify(src/isaac_ros_dnn_inference/test/models/simple_triton_tf/1) by extensions ['ignore', 'ignore_ament_install']
[0.289s] Level 1:colcon.colcon_core.package_identification:_identify(src/isaac_ros_dnn_inference/test/models/simple_triton_tf/1) by extension 'ignore'
[0.289s] Level 1:colcon.colcon_core.package_identification:_identify(src/isaac_ros_dnn_inference/test/models/simple_triton_tf/1) by extension 'ignore_ament_install'
[0.289s] Level 1:colcon.colcon_core.package_identification:_identify(src/isaac_ros_dnn_inference/test/models/simple_triton_tf/1) by extensions ['colcon_pkg']
[0.289s] Level 1:colcon.colcon_core.package_identification:_identify(src/isaac_ros_dnn_inference/test/models/simple_triton_tf/1) by extension 'colcon_pkg'
[0.289s] Level 1:colcon.colcon_core.package_identification:_identify(src/isaac_ros_dnn_inference/test/models/simple_triton_tf/1) by extensions ['colcon_meta']
[0.289s] Level 1:colcon.colcon_core.package_identification:_identify(src/isaac_ros_dnn_inference/test/models/simple_triton_tf/1) by extension 'colcon_meta'
[0.289s] Level 1:colcon.colcon_core.package_identification:_identify(src/isaac_ros_dnn_inference/test/models/simple_triton_tf/1) by extensions ['ros']
[0.290s] Level 1:colcon.colcon_core.package_identification:_identify(src/isaac_ros_dnn_inference/test/models/simple_triton_tf/1) by extension 'ros'
[0.290s] Level 1:colcon.colcon_core.package_identification:_identify(src/isaac_ros_dnn_inference/test/models/simple_triton_tf/1) by extensions ['cmake', 'python']
[0.290s] Level 1:colcon.colcon_core.package_identification:_identify(src/isaac_ros_dnn_inference/test/models/simple_triton_tf/1) by extension 'cmake'
[0.290s] Level 1:colcon.colcon_core.package_identification:_identify(src/isaac_ros_dnn_inference/test/models/simple_triton_tf/1) by extension 'python'
[0.290s] Level 1:colcon.colcon_core.package_identification:_identify(src/isaac_ros_dnn_inference/test/models/simple_triton_tf/1) by extensions ['python_setup_py']
[0.290s] Level 1:colcon.colcon_core.package_identification:_identify(src/isaac_ros_dnn_inference/test/models/simple_triton_tf/1) by extension 'python_setup_py'
[0.290s] Level 1:colcon.colcon_core.package_identification:_identify(src/isaac_ros_nitros) by extensions ['ignore', 'ignore_ament_install']
[0.290s] Level 1:colcon.colcon_core.package_identification:_identify(src/isaac_ros_nitros) by extension 'ignore'
[0.290s] Level 1:colcon.colcon_core.package_identification:_identify(src/isaac_ros_nitros) by extension 'ignore_ament_install'
[0.290s] Level 1:colcon.colcon_core.package_identification:_identify(src/isaac_ros_nitros) by extensions ['colcon_pkg']
[0.290s] Level 1:colcon.colcon_core.package_identification:_identify(src/isaac_ros_nitros) by extension 'colcon_pkg'
[0.290s] Level 1:colcon.colcon_core.package_identification:_identify(src/isaac_ros_nitros) by extensions ['colcon_meta']
[0.290s] Level 1:colcon.colcon_core.package_identification:_identify(src/isaac_ros_nitros) by extension 'colcon_meta'
[0.290s] Level 1:colcon.colcon_core.package_identification:_identify(src/isaac_ros_nitros) by extensions ['ros']
[0.290s] Level 1:colcon.colcon_core.package_identification:_identify(src/isaac_ros_nitros) by extension 'ros'
[0.290s] Level 1:colcon.colcon_core.package_identification:_identify(src/isaac_ros_nitros) by extensions ['cmake', 'python']
[0.290s] Level 1:colcon.colcon_core.package_identification:_identify(src/isaac_ros_nitros) by extension 'cmake'
[0.290s] Level 1:colcon.colcon_core.package_identification:_identify(src/isaac_ros_nitros) by extension 'python'
[0.290s] Level 1:colcon.colcon_core.package_identification:_identify(src/isaac_ros_nitros) by extensions ['python_setup_py']
[0.290s] Level 1:colcon.colcon_core.package_identification:_identify(src/isaac_ros_nitros) by extension 'python_setup_py'
[0.290s] Level 1:colcon.colcon_core.package_identification:_identify(src/isaac_ros_nitros/isaac_ros_gxf) by extensions ['ignore', 'ignore_ament_install']
[0.290s] Level 1:colcon.colcon_core.package_identification:_identify(src/isaac_ros_nitros/isaac_ros_gxf) by extension 'ignore'
[0.290s] Level 1:colcon.colcon_core.package_identification:_identify(src/isaac_ros_nitros/isaac_ros_gxf) by extension 'ignore_ament_install'
[0.290s] Level 1:colcon.colcon_core.package_identification:_identify(src/isaac_ros_nitros/isaac_ros_gxf) by extensions ['colcon_pkg']
[0.290s] Level 1:colcon.colcon_core.package_identification:_identify(src/isaac_ros_nitros/isaac_ros_gxf) by extension 'colcon_pkg'
[0.290s] Level 1:colcon.colcon_core.package_identification:_identify(src/isaac_ros_nitros/isaac_ros_gxf) by extensions ['colcon_meta']
[0.290s] Level 1:colcon.colcon_core.package_identification:_identify(src/isaac_ros_nitros/isaac_ros_gxf) by extension 'colcon_meta'
[0.290s] Level 1:colcon.colcon_core.package_identification:_identify(src/isaac_ros_nitros/isaac_ros_gxf) by extensions ['ros']
[0.290s] Level 1:colcon.colcon_core.package_identification:_identify(src/isaac_ros_nitros/isaac_ros_gxf) by extension 'ros'
[0.291s] DEBUG:colcon.colcon_core.package_identification:Package 'src/isaac_ros_nitros/isaac_ros_gxf' with type 'ros.ament_cmake' and name 'isaac_ros_gxf'
[0.291s] Level 1:colcon.colcon_core.package_identification:_identify(src/isaac_ros_nitros/isaac_ros_gxf_extensions) by extensions ['ignore', 'ignore_ament_install']
[0.291s] Level 1:colcon.colcon_core.package_identification:_identify(src/isaac_ros_nitros/isaac_ros_gxf_extensions) by extension 'ignore'
[0.291s] Level 1:colcon.colcon_core.package_identification:_identify(src/isaac_ros_nitros/isaac_ros_gxf_extensions) by extension 'ignore_ament_install'
[0.291s] Level 1:colcon.colcon_core.package_identification:_identify(src/isaac_ros_nitros/isaac_ros_gxf_extensions) by extensions ['colcon_pkg']
[0.291s] Level 1:colcon.colcon_core.package_identification:_identify(src/isaac_ros_nitros/isaac_ros_gxf_extensions) by extension 'colcon_pkg'
[0.291s] Level 1:colcon.colcon_core.package_identification:_identify(src/isaac_ros_nitros/isaac_ros_gxf_extensions) by extensions ['colcon_meta']
[0.291s] Level 1:colcon.colcon_core.package_identification:_identify(src/isaac_ros_nitros/isaac_ros_gxf_extensions) by extension 'colcon_meta'
[0.291s] Level 1:colcon.colcon_core.package_identification:_identify(src/isaac_ros_nitros/isaac_ros_gxf_extensions) by extensions ['ros']
[0.291s] Level 1:colcon.colcon_core.package_identification:_identify(src/isaac_ros_nitros/isaac_ros_gxf_extensions) by extension 'ros'
[0.291s] Level 1:colcon.colcon_core.package_identification:_identify(src/isaac_ros_nitros/isaac_ros_gxf_extensions) by extensions ['cmake', 'python']
[0.291s] Level 1:colcon.colcon_core.package_identification:_identify(src/isaac_ros_nitros/isaac_ros_gxf_extensions) by extension 'cmake'
[0.291s] Level 1:colcon.colcon_core.package_identification:_identify(src/isaac_ros_nitros/isaac_ros_gxf_extensions) by extension 'python'
[0.291s] Level 1:colcon.colcon_core.package_identification:_identify(src/isaac_ros_nitros/isaac_ros_gxf_extensions) by extensions ['python_setup_py']
[0.291s] Level 1:colcon.colcon_core.package_identification:_identify(src/isaac_ros_nitros/isaac_ros_gxf_extensions) by extension 'python_setup_py'
[0.291s] Level 1:colcon.colcon_core.package_identification:_identify(src/isaac_ros_nitros/isaac_ros_gxf_extensions/gxf_isaac_argus) by extensions ['ignore', 'ignore_ament_install']
[0.291s] Level 1:colcon.colcon_core.package_identification:_identify(src/isaac_ros_nitros/isaac_ros_gxf_extensions/gxf_isaac_argus) by extension 'ignore'
[0.291s] Level 1:colcon.colcon_core.package_identification:_identify(src/isaac_ros_nitros/isaac_ros_gxf_extensions/gxf_isaac_argus) by extension 'ignore_ament_install'
[0.291s] Level 1:colcon.colcon_core.package_identification:_identify(src/isaac_ros_nitros/isaac_ros_gxf_extensions/gxf_isaac_argus) by extensions ['colcon_pkg']
[0.291s] Level 1:colcon.colcon_core.package_identification:_identify(src/isaac_ros_nitros/isaac_ros_gxf_extensions/gxf_isaac_argus) by extension 'colcon_pkg'
[0.291s] Level 1:colcon.colcon_core.package_identification:_identify(src/isaac_ros_nitros/isaac_ros_gxf_extensions/gxf_isaac_argus) by extensions ['colcon_meta']
[0.291s] Level 1:colcon.colcon_core.package_identification:_identify(src/isaac_ros_nitros/isaac_ros_gxf_extensions/gxf_isaac_argus) by extension 'colcon_meta'
[0.291s] Level 1:colcon.colcon_core.package_identification:_identify(src/isaac_ros_nitros/isaac_ros_gxf_extensions/gxf_isaac_argus) by extensions ['ros']
[0.291s] Level 1:colcon.colcon_core.package_identification:_identify(src/isaac_ros_nitros/isaac_ros_gxf_extensions/gxf_isaac_argus) by extension 'ros'
[0.292s] DEBUG:colcon.colcon_core.package_identification:Package 'src/isaac_ros_nitros/isaac_ros_gxf_extensions/gxf_isaac_argus' with type 'ros.ament_cmake' and name 'gxf_isaac_argus'
[0.292s] Level 1:colcon.colcon_core.package_identification:_identify(src/isaac_ros_nitros/isaac_ros_gxf_extensions/gxf_isaac_atlas) by extensions ['ignore', 'ignore_ament_install']
[0.292s] Level 1:colcon.colcon_core.package_identification:_identify(src/isaac_ros_nitros/isaac_ros_gxf_extensions/gxf_isaac_atlas) by extension 'ignore'
[0.292s] Level 1:colcon.colcon_core.package_identification:_identify(src/isaac_ros_nitros/isaac_ros_gxf_extensions/gxf_isaac_atlas) by extension 'ignore_ament_install'
[0.292s] Level 1:colcon.colcon_core.package_identification:_identify(src/isaac_ros_nitros/isaac_ros_gxf_extensions/gxf_isaac_atlas) by extensions ['colcon_pkg']
[0.292s] Level 1:colcon.colcon_core.package_identification:_identify(src/isaac_ros_nitros/isaac_ros_gxf_extensions/gxf_isaac_atlas) by extension 'colcon_pkg'
[0.292s] Level 1:colcon.colcon_core.package_identification:_identify(src/isaac_ros_nitros/isaac_ros_gxf_extensions/gxf_isaac_atlas) by extensions ['colcon_meta']
[0.292s] Level 1:colcon.colcon_core.package_identification:_identify(src/isaac_ros_nitros/isaac_ros_gxf_extensions/gxf_isaac_atlas) by extension 'colcon_meta'
[0.292s] Level 1:colcon.colcon_core.package_identification:_identify(src/isaac_ros_nitros/isaac_ros_gxf_extensions/gxf_isaac_atlas) by extensions ['ros']
[0.292s] Level 1:colcon.colcon_core.package_identification:_identify(src/isaac_ros_nitros/isaac_ros_gxf_extensions/gxf_isaac_atlas) by extension 'ros'
[0.292s] DEBUG:colcon.colcon_core.package_identification:Package 'src/isaac_ros_nitros/isaac_ros_gxf_extensions/gxf_isaac_atlas' with type 'ros.ament_cmake' and name 'gxf_isaac_atlas'
[0.293s] Level 1:colcon.colcon_core.package_identification:_identify(src/isaac_ros_nitros/isaac_ros_gxf_extensions/gxf_isaac_cuda) by extensions ['ignore', 'ignore_ament_install']
[0.293s] Level 1:colcon.colcon_core.package_identification:_identify(src/isaac_ros_nitros/isaac_ros_gxf_extensions/gxf_isaac_cuda) by extension 'ignore'
[0.293s] Level 1:colcon.colcon_core.package_identification:_identify(src/isaac_ros_nitros/isaac_ros_gxf_extensions/gxf_isaac_cuda) by extension 'ignore_ament_install'
[0.293s] Level 1:colcon.colcon_core.package_identification:_identify(src/isaac_ros_nitros/isaac_ros_gxf_extensions/gxf_isaac_cuda) by extensions ['colcon_pkg']
[0.293s] Level 1:colcon.colcon_core.package_identification:_identify(src/isaac_ros_nitros/isaac_ros_gxf_extensions/gxf_isaac_cuda) by extension 'colcon_pkg'
[0.293s] Level 1:colcon.colcon_core.package_identification:_identify(src/isaac_ros_nitros/isaac_ros_gxf_extensions/gxf_isaac_cuda) by extensions ['colcon_meta']
[0.293s] Level 1:colcon.colcon_core.package_identification:_identify(src/isaac_ros_nitros/isaac_ros_gxf_extensions/gxf_isaac_cuda) by extension 'colcon_meta'
[0.293s] Level 1:colcon.colcon_core.package_identification:_identify(src/isaac_ros_nitros/isaac_ros_gxf_extensions/gxf_isaac_cuda) by extensions ['ros']
[0.293s] Level 1:colcon.colcon_core.package_identification:_identify(src/isaac_ros_nitros/isaac_ros_gxf_extensions/gxf_isaac_cuda) by extension 'ros'
[0.293s] DEBUG:colcon.colcon_core.package_identification:Package 'src/isaac_ros_nitros/isaac_ros_gxf_extensions/gxf_isaac_cuda' with type 'ros.ament_cmake' and name 'gxf_isaac_cuda'
[0.293s] Level 1:colcon.colcon_core.package_identification:_identify(src/isaac_ros_nitros/isaac_ros_gxf_extensions/gxf_isaac_flatscan_localization) by extensions ['ignore', 'ignore_ament_install']
[0.293s] Level 1:colcon.colcon_core.package_identification:_identify(src/isaac_ros_nitros/isaac_ros_gxf_extensions/gxf_isaac_flatscan_localization) by extension 'ignore'
[0.293s] Level 1:colcon.colcon_core.package_identification:_identify(src/isaac_ros_nitros/isaac_ros_gxf_extensions/gxf_isaac_flatscan_localization) by extension 'ignore_ament_install'
[0.293s] Level 1:colcon.colcon_core.package_identification:_identify(src/isaac_ros_nitros/isaac_ros_gxf_extensions/gxf_isaac_flatscan_localization) by extensions ['colcon_pkg']
[0.293s] Level 1:colcon.colcon_core.package_identification:_identify(src/isaac_ros_nitros/isaac_ros_gxf_extensions/gxf_isaac_flatscan_localization) by extension 'colcon_pkg'
[0.293s] Level 1:colcon.colcon_core.package_identification:_identify(src/isaac_ros_nitros/isaac_ros_gxf_extensions/gxf_isaac_flatscan_localization) by extensions ['colcon_meta']
[0.293s] Level 1:colcon.colcon_core.package_identification:_identify(src/isaac_ros_nitros/isaac_ros_gxf_extensions/gxf_isaac_flatscan_localization) by extension 'colcon_meta'
[0.293s] Level 1:colcon.colcon_core.package_identification:_identify(src/isaac_ros_nitros/isaac_ros_gxf_extensions/gxf_isaac_flatscan_localization) by extensions ['ros']
[0.293s] Level 1:colcon.colcon_core.package_identification:_identify(src/isaac_ros_nitros/isaac_ros_gxf_extensions/gxf_isaac_flatscan_localization) by extension 'ros'
[0.294s] DEBUG:colcon.colcon_core.package_identification:Package 'src/isaac_ros_nitros/isaac_ros_gxf_extensions/gxf_isaac_flatscan_localization' with type 'ros.ament_cmake' and name 'gxf_isaac_flatscan_localization'
[0.294s] Level 1:colcon.colcon_core.package_identification:_identify(src/isaac_ros_nitros/isaac_ros_gxf_extensions/gxf_isaac_gems) by extensions ['ignore', 'ignore_ament_install']
[0.294s] Level 1:colcon.colcon_core.package_identification:_identify(src/isaac_ros_nitros/isaac_ros_gxf_extensions/gxf_isaac_gems) by extension 'ignore'
[0.294s] Level 1:colcon.colcon_core.package_identification:_identify(src/isaac_ros_nitros/isaac_ros_gxf_extensions/gxf_isaac_gems) by extension 'ignore_ament_install'
[0.294s] Level 1:colcon.colcon_core.package_identification:_identify(src/isaac_ros_nitros/isaac_ros_gxf_extensions/gxf_isaac_gems) by extensions ['colcon_pkg']
[0.294s] Level 1:colcon.colcon_core.package_identification:_identify(src/isaac_ros_nitros/isaac_ros_gxf_extensions/gxf_isaac_gems) by extension 'colcon_pkg'
[0.294s] Level 1:colcon.colcon_core.package_identification:_identify(src/isaac_ros_nitros/isaac_ros_gxf_extensions/gxf_isaac_gems) by extensions ['colcon_meta']
[0.294s] Level 1:colcon.colcon_core.package_identification:_identify(src/isaac_ros_nitros/isaac_ros_gxf_extensions/gxf_isaac_gems) by extension 'colcon_meta'
[0.294s] Level 1:colcon.colcon_core.package_identification:_identify(src/isaac_ros_nitros/isaac_ros_gxf_extensions/gxf_isaac_gems) by extensions ['ros']
[0.294s] Level 1:colcon.colcon_core.package_identification:_identify(src/isaac_ros_nitros/isaac_ros_gxf_extensions/gxf_isaac_gems) by extension 'ros'
[0.294s] DEBUG:colcon.colcon_core.package_identification:Package 'src/isaac_ros_nitros/isaac_ros_gxf_extensions/gxf_isaac_gems' with type 'ros.ament_cmake' and name 'gxf_isaac_gems'
[0.295s] Level 1:colcon.colcon_core.package_identification:_identify(src/isaac_ros_nitros/isaac_ros_gxf_extensions/gxf_isaac_gxf_helpers) by extensions ['ignore', 'ignore_ament_install']
[0.295s] Level 1:colcon.colcon_core.package_identification:_identify(src/isaac_ros_nitros/isaac_ros_gxf_extensions/gxf_isaac_gxf_helpers) by extension 'ignore'
[0.295s] Level 1:colcon.colcon_core.package_identification:_identify(src/isaac_ros_nitros/isaac_ros_gxf_extensions/gxf_isaac_gxf_helpers) by extension 'ignore_ament_install'
[0.295s] Level 1:colcon.colcon_core.package_identification:_identify(src/isaac_ros_nitros/isaac_ros_gxf_extensions/gxf_isaac_gxf_helpers) by extensions ['colcon_pkg']
[0.295s] Level 1:colcon.colcon_core.package_identification:_identify(src/isaac_ros_nitros/isaac_ros_gxf_extensions/gxf_isaac_gxf_helpers) by extension 'colcon_pkg'
[0.295s] Level 1:colcon.colcon_core.package_identification:_identify(src/isaac_ros_nitros/isaac_ros_gxf_extensions/gxf_isaac_gxf_helpers) by extensions ['colcon_meta']
[0.295s] Level 1:colcon.colcon_core.package_identification:_identify(src/isaac_ros_nitros/isaac_ros_gxf_extensions/gxf_isaac_gxf_helpers) by extension 'colcon_meta'
[0.295s] Level 1:colcon.colcon_core.package_identification:_identify(src/isaac_ros_nitros/isaac_ros_gxf_extensions/gxf_isaac_gxf_helpers) by extensions ['ros']
[0.295s] Level 1:colcon.colcon_core.package_identification:_identify(src/isaac_ros_nitros/isaac_ros_gxf_extensions/gxf_isaac_gxf_helpers) by extension 'ros'
[0.295s] DEBUG:colcon.colcon_core.package_identification:Package 'src/isaac_ros_nitros/isaac_ros_gxf_extensions/gxf_isaac_gxf_helpers' with type 'ros.ament_cmake' and name 'gxf_isaac_gxf_helpers'
[0.295s] Level 1:colcon.colcon_core.package_identification:_identify(src/isaac_ros_nitros/isaac_ros_gxf_extensions/gxf_isaac_hesai) by extensions ['ignore', 'ignore_ament_install']
[0.295s] Level 1:colcon.colcon_core.package_identification:_identify(src/isaac_ros_nitros/isaac_ros_gxf_extensions/gxf_isaac_hesai) by extension 'ignore'
[0.295s] Level 1:colcon.colcon_core.package_identification:_identify(src/isaac_ros_nitros/isaac_ros_gxf_extensions/gxf_isaac_hesai) by extension 'ignore_ament_install'
[0.295s] Level 1:colcon.colcon_core.package_identification:_identify(src/isaac_ros_nitros/isaac_ros_gxf_extensions/gxf_isaac_hesai) by extensions ['colcon_pkg']
[0.295s] Level 1:colcon.colcon_core.package_identification:_identify(src/isaac_ros_nitros/isaac_ros_gxf_extensions/gxf_isaac_hesai) by extension 'colcon_pkg'
[0.295s] Level 1:colcon.colcon_core.package_identification:_identify(src/isaac_ros_nitros/isaac_ros_gxf_extensions/gxf_isaac_hesai) by extensions ['colcon_meta']
[0.295s] Level 1:colcon.colcon_core.package_identification:_identify(src/isaac_ros_nitros/isaac_ros_gxf_extensions/gxf_isaac_hesai) by extension 'colcon_meta'
[0.295s] Level 1:colcon.colcon_core.package_identification:_identify(src/isaac_ros_nitros/isaac_ros_gxf_extensions/gxf_isaac_hesai) by extensions ['ros']
[0.295s] Level 1:colcon.colcon_core.package_identification:_identify(src/isaac_ros_nitros/isaac_ros_gxf_extensions/gxf_isaac_hesai) by extension 'ros'
[0.296s] DEBUG:colcon.colcon_core.package_identification:Package 'src/isaac_ros_nitros/isaac_ros_gxf_extensions/gxf_isaac_hesai' with type 'ros.ament_cmake' and name 'gxf_isaac_hesai'
[0.296s] Level 1:colcon.colcon_core.package_identification:_identify(src/isaac_ros_nitros/isaac_ros_gxf_extensions/gxf_isaac_localization) by extensions ['ignore', 'ignore_ament_install']
[0.296s] Level 1:colcon.colcon_core.package_identification:_identify(src/isaac_ros_nitros/isaac_ros_gxf_extensions/gxf_isaac_localization) by extension 'ignore'
[0.296s] Level 1:colcon.colcon_core.package_identification:_identify(src/isaac_ros_nitros/isaac_ros_gxf_extensions/gxf_isaac_localization) by extension 'ignore_ament_install'
[0.296s] Level 1:colcon.colcon_core.package_identification:_identify(src/isaac_ros_nitros/isaac_ros_gxf_extensions/gxf_isaac_localization) by extensions ['colcon_pkg']
[0.296s] Level 1:colcon.colcon_core.package_identification:_identify(src/isaac_ros_nitros/isaac_ros_gxf_extensions/gxf_isaac_localization) by extension 'colcon_pkg'
[0.296s] Level 1:colcon.colcon_core.package_identification:_identify(src/isaac_ros_nitros/isaac_ros_gxf_extensions/gxf_isaac_localization) by extensions ['colcon_meta']
[0.296s] Level 1:colcon.colcon_core.package_identification:_identify(src/isaac_ros_nitros/isaac_ros_gxf_extensions/gxf_isaac_localization) by extension 'colcon_meta'
[0.296s] Level 1:colcon.colcon_core.package_identification:_identify(src/isaac_ros_nitros/isaac_ros_gxf_extensions/gxf_isaac_localization) by extensions ['ros']
[0.296s] Level 1:colcon.colcon_core.package_identification:_identify(src/isaac_ros_nitros/isaac_ros_gxf_extensions/gxf_isaac_localization) by extension 'ros'
[0.297s] DEBUG:colcon.colcon_core.package_identification:Package 'src/isaac_ros_nitros/isaac_ros_gxf_extensions/gxf_isaac_localization' with type 'ros.ament_cmake' and name 'gxf_isaac_localization'
[0.297s] Level 1:colcon.colcon_core.package_identification:_identify(src/isaac_ros_nitros/isaac_ros_gxf_extensions/gxf_isaac_message_compositor) by extensions ['ignore', 'ignore_ament_install']
[0.297s] Level 1:colcon.colcon_core.package_identification:_identify(src/isaac_ros_nitros/isaac_ros_gxf_extensions/gxf_isaac_message_compositor) by extension 'ignore'
[0.297s] Level 1:colcon.colcon_core.package_identification:_identify(src/isaac_ros_nitros/isaac_ros_gxf_extensions/gxf_isaac_message_compositor) by extension 'ignore_ament_install'
[0.297s] Level 1:colcon.colcon_core.package_identification:_identify(src/isaac_ros_nitros/isaac_ros_gxf_extensions/gxf_isaac_message_compositor) by extensions ['colcon_pkg']
[0.297s] Level 1:colcon.colcon_core.package_identification:_identify(src/isaac_ros_nitros/isaac_ros_gxf_extensions/gxf_isaac_message_compositor) by extension 'colcon_pkg'
[0.297s] Level 1:colcon.colcon_core.package_identification:_identify(src/isaac_ros_nitros/isaac_ros_gxf_extensions/gxf_isaac_message_compositor) by extensions ['colcon_meta']
[0.297s] Level 1:colcon.colcon_core.package_identification:_identify(src/isaac_ros_nitros/isaac_ros_gxf_extensions/gxf_isaac_message_compositor) by extension 'colcon_meta'
[0.297s] Level 1:colcon.colcon_core.package_identification:_identify(src/isaac_ros_nitros/isaac_ros_gxf_extensions/gxf_isaac_message_compositor) by extensions ['ros']
[0.297s] Level 1:colcon.colcon_core.package_identification:_identify(src/isaac_ros_nitros/isaac_ros_gxf_extensions/gxf_isaac_message_compositor) by extension 'ros'
[0.297s] DEBUG:colcon.colcon_core.package_identification:Package 'src/isaac_ros_nitros/isaac_ros_gxf_extensions/gxf_isaac_message_compositor' with type 'ros.ament_cmake' and name 'gxf_isaac_message_compositor'
[0.297s] Level 1:colcon.colcon_core.package_identification:_identify(src/isaac_ros_nitros/isaac_ros_gxf_extensions/gxf_isaac_messages) by extensions ['ignore', 'ignore_ament_install']
[0.297s] Level 1:colcon.colcon_core.package_identification:_identify(src/isaac_ros_nitros/isaac_ros_gxf_extensions/gxf_isaac_messages) by extension 'ignore'
[0.297s] Level 1:colcon.colcon_core.package_identification:_identify(src/isaac_ros_nitros/isaac_ros_gxf_extensions/gxf_isaac_messages) by extension 'ignore_ament_install'
[0.297s] Level 1:colcon.colcon_core.package_identification:_identify(src/isaac_ros_nitros/isaac_ros_gxf_extensions/gxf_isaac_messages) by extensions ['colcon_pkg']
[0.297s] Level 1:colcon.colcon_core.package_identification:_identify(src/isaac_ros_nitros/isaac_ros_gxf_extensions/gxf_isaac_messages) by extension 'colcon_pkg'
[0.297s] Level 1:colcon.colcon_core.package_identification:_identify(src/isaac_ros_nitros/isaac_ros_gxf_extensions/gxf_isaac_messages) by extensions ['colcon_meta']
[0.297s] Level 1:colcon.colcon_core.package_identification:_identify(src/isaac_ros_nitros/isaac_ros_gxf_extensions/gxf_isaac_messages) by extension 'colcon_meta'
[0.298s] Level 1:colcon.colcon_core.package_identification:_identify(src/isaac_ros_nitros/isaac_ros_gxf_extensions/gxf_isaac_messages) by extensions ['ros']
[0.298s] Level 1:colcon.colcon_core.package_identification:_identify(src/isaac_ros_nitros/isaac_ros_gxf_extensions/gxf_isaac_messages) by extension 'ros'
[0.298s] DEBUG:colcon.colcon_core.package_identification:Package 'src/isaac_ros_nitros/isaac_ros_gxf_extensions/gxf_isaac_messages' with type 'ros.ament_cmake' and name 'gxf_isaac_messages'
[0.298s] Level 1:colcon.colcon_core.package_identification:_identify(src/isaac_ros_nitros/isaac_ros_gxf_extensions/gxf_isaac_messages_throttler) by extensions ['ignore', 'ignore_ament_install']
[0.298s] Level 1:colcon.colcon_core.package_identification:_identify(src/isaac_ros_nitros/isaac_ros_gxf_extensions/gxf_isaac_messages_throttler) by extension 'ignore'
[0.298s] Level 1:colcon.colcon_core.package_identification:_identify(src/isaac_ros_nitros/isaac_ros_gxf_extensions/gxf_isaac_messages_throttler) by extension 'ignore_ament_install'
[0.298s] Level 1:colcon.colcon_core.package_identification:_identify(src/isaac_ros_nitros/isaac_ros_gxf_extensions/gxf_isaac_messages_throttler) by extensions ['colcon_pkg']
[0.298s] Level 1:colcon.colcon_core.package_identification:_identify(src/isaac_ros_nitros/isaac_ros_gxf_extensions/gxf_isaac_messages_throttler) by extension 'colcon_pkg'
[0.298s] Level 1:colcon.colcon_core.package_identification:_identify(src/isaac_ros_nitros/isaac_ros_gxf_extensions/gxf_isaac_messages_throttler) by extensions ['colcon_meta']
[0.298s] Level 1:colcon.colcon_core.package_identification:_identify(src/isaac_ros_nitros/isaac_ros_gxf_extensions/gxf_isaac_messages_throttler) by extension 'colcon_meta'
[0.298s] Level 1:colcon.colcon_core.package_identification:_identify(src/isaac_ros_nitros/isaac_ros_gxf_extensions/gxf_isaac_messages_throttler) by extensions ['ros']
[0.298s] Level 1:colcon.colcon_core.package_identification:_identify(src/isaac_ros_nitros/isaac_ros_gxf_extensions/gxf_isaac_messages_throttler) by extension 'ros'
[0.299s] DEBUG:colcon.colcon_core.package_identification:Package 'src/isaac_ros_nitros/isaac_ros_gxf_extensions/gxf_isaac_messages_throttler' with type 'ros.ament_cmake' and name 'gxf_isaac_messages_throttler'
[0.299s] Level 1:colcon.colcon_core.package_identification:_identify(src/isaac_ros_nitros/isaac_ros_gxf_extensions/gxf_isaac_optimizer) by extensions ['ignore', 'ignore_ament_install']
[0.299s] Level 1:colcon.colcon_core.package_identification:_identify(src/isaac_ros_nitros/isaac_ros_gxf_extensions/gxf_isaac_optimizer) by extension 'ignore'
[0.299s] Level 1:colcon.colcon_core.package_identification:_identify(src/isaac_ros_nitros/isaac_ros_gxf_extensions/gxf_isaac_optimizer) by extension 'ignore_ament_install'
[0.299s] Level 1:colcon.colcon_core.package_identification:_identify(src/isaac_ros_nitros/isaac_ros_gxf_extensions/gxf_isaac_optimizer) by extensions ['colcon_pkg']
[0.299s] Level 1:colcon.colcon_core.package_identification:_identify(src/isaac_ros_nitros/isaac_ros_gxf_extensions/gxf_isaac_optimizer) by extension 'colcon_pkg'
[0.299s] Level 1:colcon.colcon_core.package_identification:_identify(src/isaac_ros_nitros/isaac_ros_gxf_extensions/gxf_isaac_optimizer) by extensions ['colcon_meta']
[0.299s] Level 1:colcon.colcon_core.package_identification:_identify(src/isaac_ros_nitros/isaac_ros_gxf_extensions/gxf_isaac_optimizer) by extension 'colcon_meta'
[0.299s] Level 1:colcon.colcon_core.package_identification:_identify(src/isaac_ros_nitros/isaac_ros_gxf_extensions/gxf_isaac_optimizer) by extensions ['ros']
[0.299s] Level 1:colcon.colcon_core.package_identification:_identify(src/isaac_ros_nitros/isaac_ros_gxf_extensions/gxf_isaac_optimizer) by extension 'ros'
[0.299s] DEBUG:colcon.colcon_core.package_identification:Package 'src/isaac_ros_nitros/isaac_ros_gxf_extensions/gxf_isaac_optimizer' with type 'ros.ament_cmake' and name 'gxf_isaac_optimizer'
[0.299s] Level 1:colcon.colcon_core.package_identification:_identify(src/isaac_ros_nitros/isaac_ros_gxf_extensions/gxf_isaac_point_cloud) by extensions ['ignore', 'ignore_ament_install']
[0.299s] Level 1:colcon.colcon_core.package_identification:_identify(src/isaac_ros_nitros/isaac_ros_gxf_extensions/gxf_isaac_point_cloud) by extension 'ignore'
[0.300s] Level 1:colcon.colcon_core.package_identification:_identify(src/isaac_ros_nitros/isaac_ros_gxf_extensions/gxf_isaac_point_cloud) by extension 'ignore_ament_install'
[0.300s] Level 1:colcon.colcon_core.package_identification:_identify(src/isaac_ros_nitros/isaac_ros_gxf_extensions/gxf_isaac_point_cloud) by extensions ['colcon_pkg']
[0.300s] Level 1:colcon.colcon_core.package_identification:_identify(src/isaac_ros_nitros/isaac_ros_gxf_extensions/gxf_isaac_point_cloud) by extension 'colcon_pkg'
[0.300s] Level 1:colcon.colcon_core.package_identification:_identify(src/isaac_ros_nitros/isaac_ros_gxf_extensions/gxf_isaac_point_cloud) by extensions ['colcon_meta']
[0.300s] Level 1:colcon.colcon_core.package_identification:_identify(src/isaac_ros_nitros/isaac_ros_gxf_extensions/gxf_isaac_point_cloud) by extension 'colcon_meta'
[0.300s] Level 1:colcon.colcon_core.package_identification:_identify(src/isaac_ros_nitros/isaac_ros_gxf_extensions/gxf_isaac_point_cloud) by extensions ['ros']
[0.300s] Level 1:colcon.colcon_core.package_identification:_identify(src/isaac_ros_nitros/isaac_ros_gxf_extensions/gxf_isaac_point_cloud) by extension 'ros'
[0.300s] DEBUG:colcon.colcon_core.package_identification:Package 'src/isaac_ros_nitros/isaac_ros_gxf_extensions/gxf_isaac_point_cloud' with type 'ros.ament_cmake' and name 'gxf_isaac_point_cloud'
[0.300s] Level 1:colcon.colcon_core.package_identification:_identify(src/isaac_ros_nitros/isaac_ros_gxf_extensions/gxf_isaac_range_scan_processing) by extensions ['ignore', 'ignore_ament_install']
[0.300s] Level 1:colcon.colcon_core.package_identification:_identify(src/isaac_ros_nitros/isaac_ros_gxf_extensions/gxf_isaac_range_scan_processing) by extension 'ignore'
[0.300s] Level 1:colcon.colcon_core.package_identification:_identify(src/isaac_ros_nitros/isaac_ros_gxf_extensions/gxf_isaac_range_scan_processing) by extension 'ignore_ament_install'
[0.300s] Level 1:colcon.colcon_core.package_identification:_identify(src/isaac_ros_nitros/isaac_ros_gxf_extensions/gxf_isaac_range_scan_processing) by extensions ['colcon_pkg']
[0.300s] Level 1:colcon.colcon_core.package_identification:_identify(src/isaac_ros_nitros/isaac_ros_gxf_extensions/gxf_isaac_range_scan_processing) by extension 'colcon_pkg'
[0.300s] Level 1:colcon.colcon_core.package_identification:_identify(src/isaac_ros_nitros/isaac_ros_gxf_extensions/gxf_isaac_range_scan_processing) by extensions ['colcon_meta']
[0.300s] Level 1:colcon.colcon_core.package_identification:_identify(src/isaac_ros_nitros/isaac_ros_gxf_extensions/gxf_isaac_range_scan_processing) by extension 'colcon_meta'
[0.300s] Level 1:colcon.colcon_core.package_identification:_identify(src/isaac_ros_nitros/isaac_ros_gxf_extensions/gxf_isaac_range_scan_processing) by extensions ['ros']
[0.300s] Level 1:colcon.colcon_core.package_identification:_identify(src/isaac_ros_nitros/isaac_ros_gxf_extensions/gxf_isaac_range_scan_processing) by extension 'ros'
[0.301s] DEBUG:colcon.colcon_core.package_identification:Package 'src/isaac_ros_nitros/isaac_ros_gxf_extensions/gxf_isaac_range_scan_processing' with type 'ros.ament_cmake' and name 'gxf_isaac_range_scan_processing'
[0.301s] Level 1:colcon.colcon_core.package_identification:_identify(src/isaac_ros_nitros/isaac_ros_gxf_extensions/gxf_isaac_ros_cuda) by extensions ['ignore', 'ignore_ament_install']
[0.301s] Level 1:colcon.colcon_core.package_identification:_identify(src/isaac_ros_nitros/isaac_ros_gxf_extensions/gxf_isaac_ros_cuda) by extension 'ignore'
[0.301s] Level 1:colcon.colcon_core.package_identification:_identify(src/isaac_ros_nitros/isaac_ros_gxf_extensions/gxf_isaac_ros_cuda) by extension 'ignore_ament_install'
[0.301s] Level 1:colcon.colcon_core.package_identification:_identify(src/isaac_ros_nitros/isaac_ros_gxf_extensions/gxf_isaac_ros_cuda) by extensions ['colcon_pkg']
[0.301s] Level 1:colcon.colcon_core.package_identification:_identify(src/isaac_ros_nitros/isaac_ros_gxf_extensions/gxf_isaac_ros_cuda) by extension 'colcon_pkg'
[0.301s] Level 1:colcon.colcon_core.package_identification:_identify(src/isaac_ros_nitros/isaac_ros_gxf_extensions/gxf_isaac_ros_cuda) by extensions ['colcon_meta']
[0.301s] Level 1:colcon.colcon_core.package_identification:_identify(src/isaac_ros_nitros/isaac_ros_gxf_extensions/gxf_isaac_ros_cuda) by extension 'colcon_meta'
[0.301s] Level 1:colcon.colcon_core.package_identification:_identify(src/isaac_ros_nitros/isaac_ros_gxf_extensions/gxf_isaac_ros_cuda) by extensions ['ros']
[0.301s] Level 1:colcon.colcon_core.package_identification:_identify(src/isaac_ros_nitros/isaac_ros_gxf_extensions/gxf_isaac_ros_cuda) by extension 'ros'
[0.302s] DEBUG:colcon.colcon_core.package_identification:Package 'src/isaac_ros_nitros/isaac_ros_gxf_extensions/gxf_isaac_ros_cuda' with type 'ros.ament_cmake' and name 'gxf_isaac_ros_cuda'
[0.302s] Level 1:colcon.colcon_core.package_identification:_identify(src/isaac_ros_nitros/isaac_ros_gxf_extensions/gxf_isaac_ros_messages) by extensions ['ignore', 'ignore_ament_install']
[0.302s] Level 1:colcon.colcon_core.package_identification:_identify(src/isaac_ros_nitros/isaac_ros_gxf_extensions/gxf_isaac_ros_messages) by extension 'ignore'
[0.302s] Level 1:colcon.colcon_core.package_identification:_identify(src/isaac_ros_nitros/isaac_ros_gxf_extensions/gxf_isaac_ros_messages) by extension 'ignore_ament_install'
[0.302s] Level 1:colcon.colcon_core.package_identification:_identify(src/isaac_ros_nitros/isaac_ros_gxf_extensions/gxf_isaac_ros_messages) by extensions ['colcon_pkg']
[0.302s] Level 1:colcon.colcon_core.package_identification:_identify(src/isaac_ros_nitros/isaac_ros_gxf_extensions/gxf_isaac_ros_messages) by extension 'colcon_pkg'
[0.302s] Level 1:colcon.colcon_core.package_identification:_identify(src/isaac_ros_nitros/isaac_ros_gxf_extensions/gxf_isaac_ros_messages) by extensions ['colcon_meta']
[0.302s] Level 1:colcon.colcon_core.package_identification:_identify(src/isaac_ros_nitros/isaac_ros_gxf_extensions/gxf_isaac_ros_messages) by extension 'colcon_meta'
[0.302s] Level 1:colcon.colcon_core.package_identification:_identify(src/isaac_ros_nitros/isaac_ros_gxf_extensions/gxf_isaac_ros_messages) by extensions ['ros']
[0.302s] Level 1:colcon.colcon_core.package_identification:_identify(src/isaac_ros_nitros/isaac_ros_gxf_extensions/gxf_isaac_ros_messages) by extension 'ros'
[0.302s] DEBUG:colcon.colcon_core.package_identification:Package 'src/isaac_ros_nitros/isaac_ros_gxf_extensions/gxf_isaac_ros_messages' with type 'ros.ament_cmake' and name 'gxf_isaac_ros_messages'
[0.302s] Level 1:colcon.colcon_core.package_identification:_identify(src/isaac_ros_nitros/isaac_ros_gxf_extensions/gxf_isaac_segway) by extensions ['ignore', 'ignore_ament_install']
[0.302s] Level 1:colcon.colcon_core.package_identification:_identify(src/isaac_ros_nitros/isaac_ros_gxf_extensions/gxf_isaac_segway) by extension 'ignore'
[0.302s] Level 1:colcon.colcon_core.package_identification:_identify(src/isaac_ros_nitros/isaac_ros_gxf_extensions/gxf_isaac_segway) by extension 'ignore_ament_install'
[0.302s] Level 1:colcon.colcon_core.package_identification:_identify(src/isaac_ros_nitros/isaac_ros_gxf_extensions/gxf_isaac_segway) by extensions ['colcon_pkg']
[0.302s] Level 1:colcon.colcon_core.package_identification:_identify(src/isaac_ros_nitros/isaac_ros_gxf_extensions/gxf_isaac_segway) by extension 'colcon_pkg'
[0.302s] Level 1:colcon.colcon_core.package_identification:_identify(src/isaac_ros_nitros/isaac_ros_gxf_extensions/gxf_isaac_segway) by extensions ['colcon_meta']
[0.303s] Level 1:colcon.colcon_core.package_identification:_identify(src/isaac_ros_nitros/isaac_ros_gxf_extensions/gxf_isaac_segway) by extension 'colcon_meta'
[0.303s] Level 1:colcon.colcon_core.package_identification:_identify(src/isaac_ros_nitros/isaac_ros_gxf_extensions/gxf_isaac_segway) by extensions ['ros']
[0.303s] Level 1:colcon.colcon_core.package_identification:_identify(src/isaac_ros_nitros/isaac_ros_gxf_extensions/gxf_isaac_segway) by extension 'ros'
[0.303s] DEBUG:colcon.colcon_core.package_identification:Package 'src/isaac_ros_nitros/isaac_ros_gxf_extensions/gxf_isaac_segway' with type 'ros.ament_cmake' and name 'gxf_isaac_segway'
[0.303s] Level 1:colcon.colcon_core.package_identification:_identify(src/isaac_ros_nitros/isaac_ros_gxf_extensions/gxf_isaac_sight) by extensions ['ignore', 'ignore_ament_install']
[0.303s] Level 1:colcon.colcon_core.package_identification:_identify(src/isaac_ros_nitros/isaac_ros_gxf_extensions/gxf_isaac_sight) by extension 'ignore'
[0.303s] Level 1:colcon.colcon_core.package_identification:_identify(src/isaac_ros_nitros/isaac_ros_gxf_extensions/gxf_isaac_sight) by extension 'ignore_ament_install'
[0.303s] Level 1:colcon.colcon_core.package_identification:_identify(src/isaac_ros_nitros/isaac_ros_gxf_extensions/gxf_isaac_sight) by extensions ['colcon_pkg']
[0.303s] Level 1:colcon.colcon_core.package_identification:_identify(src/isaac_ros_nitros/isaac_ros_gxf_extensions/gxf_isaac_sight) by extension 'colcon_pkg'
[0.303s] Level 1:colcon.colcon_core.package_identification:_identify(src/isaac_ros_nitros/isaac_ros_gxf_extensions/gxf_isaac_sight) by extensions ['colcon_meta']
[0.303s] Level 1:colcon.colcon_core.package_identification:_identify(src/isaac_ros_nitros/isaac_ros_gxf_extensions/gxf_isaac_sight) by extension 'colcon_meta'
[0.303s] Level 1:colcon.colcon_core.package_identification:_identify(src/isaac_ros_nitros/isaac_ros_gxf_extensions/gxf_isaac_sight) by extensions ['ros']
[0.303s] Level 1:colcon.colcon_core.package_identification:_identify(src/isaac_ros_nitros/isaac_ros_gxf_extensions/gxf_isaac_sight) by extension 'ros'
[0.304s] DEBUG:colcon.colcon_core.package_identification:Package 'src/isaac_ros_nitros/isaac_ros_gxf_extensions/gxf_isaac_sight' with type 'ros.ament_cmake' and name 'gxf_isaac_sight'
[0.304s] Level 1:colcon.colcon_core.package_identification:_identify(src/isaac_ros_nitros/isaac_ros_gxf_extensions/gxf_isaac_timestamp_correlator) by extensions ['ignore', 'ignore_ament_install']
[0.304s] Level 1:colcon.colcon_core.package_identification:_identify(src/isaac_ros_nitros/isaac_ros_gxf_extensions/gxf_isaac_timestamp_correlator) by extension 'ignore'
[0.304s] Level 1:colcon.colcon_core.package_identification:_identify(src/isaac_ros_nitros/isaac_ros_gxf_extensions/gxf_isaac_timestamp_correlator) by extension 'ignore_ament_install'
[0.304s] Level 1:colcon.colcon_core.package_identification:_identify(src/isaac_ros_nitros/isaac_ros_gxf_extensions/gxf_isaac_timestamp_correlator) by extensions ['colcon_pkg']
[0.304s] Level 1:colcon.colcon_core.package_identification:_identify(src/isaac_ros_nitros/isaac_ros_gxf_extensions/gxf_isaac_timestamp_correlator) by extension 'colcon_pkg'
[0.304s] Level 1:colcon.colcon_core.package_identification:_identify(src/isaac_ros_nitros/isaac_ros_gxf_extensions/gxf_isaac_timestamp_correlator) by extensions ['colcon_meta']
[0.304s] Level 1:colcon.colcon_core.package_identification:_identify(src/isaac_ros_nitros/isaac_ros_gxf_extensions/gxf_isaac_timestamp_correlator) by extension 'colcon_meta'
[0.304s] Level 1:colcon.colcon_core.package_identification:_identify(src/isaac_ros_nitros/isaac_ros_gxf_extensions/gxf_isaac_timestamp_correlator) by extensions ['ros']
[0.304s] Level 1:colcon.colcon_core.package_identification:_identify(src/isaac_ros_nitros/isaac_ros_gxf_extensions/gxf_isaac_timestamp_correlator) by extension 'ros'
[0.304s] DEBUG:colcon.colcon_core.package_identification:Package 'src/isaac_ros_nitros/isaac_ros_gxf_extensions/gxf_isaac_timestamp_correlator' with type 'ros.ament_cmake' and name 'gxf_isaac_timestamp_correlator'
[0.304s] Level 1:colcon.colcon_core.package_identification:_identify(src/isaac_ros_nitros/isaac_ros_gxf_extensions/gxf_isaac_utils) by extensions ['ignore', 'ignore_ament_install']
[0.304s] Level 1:colcon.colcon_core.package_identification:_identify(src/isaac_ros_nitros/isaac_ros_gxf_extensions/gxf_isaac_utils) by extension 'ignore'
[0.304s] Level 1:colcon.colcon_core.package_identification:_identify(src/isaac_ros_nitros/isaac_ros_gxf_extensions/gxf_isaac_utils) by extension 'ignore_ament_install'
[0.304s] Level 1:colcon.colcon_core.package_identification:_identify(src/isaac_ros_nitros/isaac_ros_gxf_extensions/gxf_isaac_utils) by extensions ['colcon_pkg']
[0.305s] Level 1:colcon.colcon_core.package_identification:_identify(src/isaac_ros_nitros/isaac_ros_gxf_extensions/gxf_isaac_utils) by extension 'colcon_pkg'
[0.305s] Level 1:colcon.colcon_core.package_identification:_identify(src/isaac_ros_nitros/isaac_ros_gxf_extensions/gxf_isaac_utils) by extensions ['colcon_meta']
[0.305s] Level 1:colcon.colcon_core.package_identification:_identify(src/isaac_ros_nitros/isaac_ros_gxf_extensions/gxf_isaac_utils) by extension 'colcon_meta'
[0.305s] Level 1:colcon.colcon_core.package_identification:_identify(src/isaac_ros_nitros/isaac_ros_gxf_extensions/gxf_isaac_utils) by extensions ['ros']
[0.305s] Level 1:colcon.colcon_core.package_identification:_identify(src/isaac_ros_nitros/isaac_ros_gxf_extensions/gxf_isaac_utils) by extension 'ros'
[0.305s] DEBUG:colcon.colcon_core.package_identification:Package 'src/isaac_ros_nitros/isaac_ros_gxf_extensions/gxf_isaac_utils' with type 'ros.ament_cmake' and name 'gxf_isaac_utils'
[0.305s] Level 1:colcon.colcon_core.package_identification:_identify(src/isaac_ros_nitros/isaac_ros_managed_nitros) by extensions ['ignore', 'ignore_ament_install']
[0.305s] Level 1:colcon.colcon_core.package_identification:_identify(src/isaac_ros_nitros/isaac_ros_managed_nitros) by extension 'ignore'
[0.305s] Level 1:colcon.colcon_core.package_identification:_identify(src/isaac_ros_nitros/isaac_ros_managed_nitros) by extension 'ignore_ament_install'
[0.305s] Level 1:colcon.colcon_core.package_identification:_identify(src/isaac_ros_nitros/isaac_ros_managed_nitros) by extensions ['colcon_pkg']
[0.305s] Level 1:colcon.colcon_core.package_identification:_identify(src/isaac_ros_nitros/isaac_ros_managed_nitros) by extension 'colcon_pkg'
[0.305s] Level 1:colcon.colcon_core.package_identification:_identify(src/isaac_ros_nitros/isaac_ros_managed_nitros) by extensions ['colcon_meta']
[0.305s] Level 1:colcon.colcon_core.package_identification:_identify(src/isaac_ros_nitros/isaac_ros_managed_nitros) by extension 'colcon_meta'
[0.305s] Level 1:colcon.colcon_core.package_identification:_identify(src/isaac_ros_nitros/isaac_ros_managed_nitros) by extensions ['ros']
[0.305s] Level 1:colcon.colcon_core.package_identification:_identify(src/isaac_ros_nitros/isaac_ros_managed_nitros) by extension 'ros'
[0.306s] DEBUG:colcon.colcon_core.package_identification:Package 'src/isaac_ros_nitros/isaac_ros_managed_nitros' with type 'ros.ament_cmake' and name 'isaac_ros_managed_nitros'
[0.306s] Level 1:colcon.colcon_core.package_identification:_identify(src/isaac_ros_nitros/isaac_ros_managed_nitros_examples) by extensions ['ignore', 'ignore_ament_install']
[0.306s] Level 1:colcon.colcon_core.package_identification:_identify(src/isaac_ros_nitros/isaac_ros_managed_nitros_examples) by extension 'ignore'
[0.306s] Level 1:colcon.colcon_core.package_identification:_identify(src/isaac_ros_nitros/isaac_ros_managed_nitros_examples) by extension 'ignore_ament_install'
[0.306s] Level 1:colcon.colcon_core.package_identification:_identify(src/isaac_ros_nitros/isaac_ros_managed_nitros_examples) by extensions ['colcon_pkg']
[0.306s] Level 1:colcon.colcon_core.package_identification:_identify(src/isaac_ros_nitros/isaac_ros_managed_nitros_examples) by extension 'colcon_pkg'
[0.306s] Level 1:colcon.colcon_core.package_identification:_identify(src/isaac_ros_nitros/isaac_ros_managed_nitros_examples) by extensions ['colcon_meta']
[0.306s] Level 1:colcon.colcon_core.package_identification:_identify(src/isaac_ros_nitros/isaac_ros_managed_nitros_examples) by extension 'colcon_meta'
[0.306s] Level 1:colcon.colcon_core.package_identification:_identify(src/isaac_ros_nitros/isaac_ros_managed_nitros_examples) by extensions ['ros']
[0.306s] Level 1:colcon.colcon_core.package_identification:_identify(src/isaac_ros_nitros/isaac_ros_managed_nitros_examples) by extension 'ros'
[0.306s] Level 1:colcon.colcon_core.package_identification:_identify(src/isaac_ros_nitros/isaac_ros_managed_nitros_examples) by extensions ['cmake', 'python']
[0.306s] Level 1:colcon.colcon_core.package_identification:_identify(src/isaac_ros_nitros/isaac_ros_managed_nitros_examples) by extension 'cmake'
[0.306s] Level 1:colcon.colcon_core.package_identification:_identify(src/isaac_ros_nitros/isaac_ros_managed_nitros_examples) by extension 'python'
[0.306s] Level 1:colcon.colcon_core.package_identification:_identify(src/isaac_ros_nitros/isaac_ros_managed_nitros_examples) by extensions ['python_setup_py']
[0.306s] Level 1:colcon.colcon_core.package_identification:_identify(src/isaac_ros_nitros/isaac_ros_managed_nitros_examples) by extension 'python_setup_py'
[0.306s] Level 1:colcon.colcon_core.package_identification:_identify(src/isaac_ros_nitros/isaac_ros_managed_nitros_examples/custom_nitros_dnn_image_encoder) by extensions ['ignore', 'ignore_ament_install']
[0.306s] Level 1:colcon.colcon_core.package_identification:_identify(src/isaac_ros_nitros/isaac_ros_managed_nitros_examples/custom_nitros_dnn_image_encoder) by extension 'ignore'
[0.306s] Level 1:colcon.colcon_core.package_identification:_identify(src/isaac_ros_nitros/isaac_ros_managed_nitros_examples/custom_nitros_dnn_image_encoder) by extension 'ignore_ament_install'
[0.306s] Level 1:colcon.colcon_core.package_identification:_identify(src/isaac_ros_nitros/isaac_ros_managed_nitros_examples/custom_nitros_dnn_image_encoder) by extensions ['colcon_pkg']
[0.306s] Level 1:colcon.colcon_core.package_identification:_identify(src/isaac_ros_nitros/isaac_ros_managed_nitros_examples/custom_nitros_dnn_image_encoder) by extension 'colcon_pkg'
[0.307s] Level 1:colcon.colcon_core.package_identification:_identify(src/isaac_ros_nitros/isaac_ros_managed_nitros_examples/custom_nitros_dnn_image_encoder) by extensions ['colcon_meta']
[0.307s] Level 1:colcon.colcon_core.package_identification:_identify(src/isaac_ros_nitros/isaac_ros_managed_nitros_examples/custom_nitros_dnn_image_encoder) by extension 'colcon_meta'
[0.307s] Level 1:colcon.colcon_core.package_identification:_identify(src/isaac_ros_nitros/isaac_ros_managed_nitros_examples/custom_nitros_dnn_image_encoder) by extensions ['ros']
[0.307s] Level 1:colcon.colcon_core.package_identification:_identify(src/isaac_ros_nitros/isaac_ros_managed_nitros_examples/custom_nitros_dnn_image_encoder) by extension 'ros'
[0.307s] DEBUG:colcon.colcon_core.package_identification:Package 'src/isaac_ros_nitros/isaac_ros_managed_nitros_examples/custom_nitros_dnn_image_encoder' with type 'ros.ament_cmake' and name 'custom_nitros_dnn_image_encoder'
[0.307s] Level 1:colcon.colcon_core.package_identification:_identify(src/isaac_ros_nitros/isaac_ros_managed_nitros_examples/custom_nitros_image) by extensions ['ignore', 'ignore_ament_install']
[0.307s] Level 1:colcon.colcon_core.package_identification:_identify(src/isaac_ros_nitros/isaac_ros_managed_nitros_examples/custom_nitros_image) by extension 'ignore'
[0.307s] Level 1:colcon.colcon_core.package_identification:_identify(src/isaac_ros_nitros/isaac_ros_managed_nitros_examples/custom_nitros_image) by extension 'ignore_ament_install'
[0.307s] Level 1:colcon.colcon_core.package_identification:_identify(src/isaac_ros_nitros/isaac_ros_managed_nitros_examples/custom_nitros_image) by extensions ['colcon_pkg']
[0.307s] Level 1:colcon.colcon_core.package_identification:_identify(src/isaac_ros_nitros/isaac_ros_managed_nitros_examples/custom_nitros_image) by extension 'colcon_pkg'
[0.307s] Level 1:colcon.colcon_core.package_identification:_identify(src/isaac_ros_nitros/isaac_ros_managed_nitros_examples/custom_nitros_image) by extensions ['colcon_meta']
[0.307s] Level 1:colcon.colcon_core.package_identification:_identify(src/isaac_ros_nitros/isaac_ros_managed_nitros_examples/custom_nitros_image) by extension 'colcon_meta'
[0.307s] Level 1:colcon.colcon_core.package_identification:_identify(src/isaac_ros_nitros/isaac_ros_managed_nitros_examples/custom_nitros_image) by extensions ['ros']
[0.307s] Level 1:colcon.colcon_core.package_identification:_identify(src/isaac_ros_nitros/isaac_ros_managed_nitros_examples/custom_nitros_image) by extension 'ros'
[0.308s] DEBUG:colcon.colcon_core.package_identification:Package 'src/isaac_ros_nitros/isaac_ros_managed_nitros_examples/custom_nitros_image' with type 'ros.ament_cmake' and name 'custom_nitros_image'
[0.308s] Level 1:colcon.colcon_core.package_identification:_identify(src/isaac_ros_nitros/isaac_ros_managed_nitros_examples/custom_nitros_message_filter) by extensions ['ignore', 'ignore_ament_install']
[0.308s] Level 1:colcon.colcon_core.package_identification:_identify(src/isaac_ros_nitros/isaac_ros_managed_nitros_examples/custom_nitros_message_filter) by extension 'ignore'
[0.308s] Level 1:colcon.colcon_core.package_identification:_identify(src/isaac_ros_nitros/isaac_ros_managed_nitros_examples/custom_nitros_message_filter) by extension 'ignore_ament_install'
[0.308s] Level 1:colcon.colcon_core.package_identification:_identify(src/isaac_ros_nitros/isaac_ros_managed_nitros_examples/custom_nitros_message_filter) by extensions ['colcon_pkg']
[0.308s] Level 1:colcon.colcon_core.package_identification:_identify(src/isaac_ros_nitros/isaac_ros_managed_nitros_examples/custom_nitros_message_filter) by extension 'colcon_pkg'
[0.308s] Level 1:colcon.colcon_core.package_identification:_identify(src/isaac_ros_nitros/isaac_ros_managed_nitros_examples/custom_nitros_message_filter) by extensions ['colcon_meta']
[0.308s] Level 1:colcon.colcon_core.package_identification:_identify(src/isaac_ros_nitros/isaac_ros_managed_nitros_examples/custom_nitros_message_filter) by extension 'colcon_meta'
[0.308s] Level 1:colcon.colcon_core.package_identification:_identify(src/isaac_ros_nitros/isaac_ros_managed_nitros_examples/custom_nitros_message_filter) by extensions ['ros']
[0.308s] Level 1:colcon.colcon_core.package_identification:_identify(src/isaac_ros_nitros/isaac_ros_managed_nitros_examples/custom_nitros_message_filter) by extension 'ros'
[0.309s] DEBUG:colcon.colcon_core.package_identification:Package 'src/isaac_ros_nitros/isaac_ros_managed_nitros_examples/custom_nitros_message_filter' with type 'ros.ament_cmake' and name 'custom_nitros_message_filter'
[0.309s] Level 1:colcon.colcon_core.package_identification:_identify(src/isaac_ros_nitros/isaac_ros_managed_nitros_examples/custom_nitros_message_filter_interfaces) by extensions ['ignore', 'ignore_ament_install']
[0.309s] Level 1:colcon.colcon_core.package_identification:_identify(src/isaac_ros_nitros/isaac_ros_managed_nitros_examples/custom_nitros_message_filter_interfaces) by extension 'ignore'
[0.309s] Level 1:colcon.colcon_core.package_identification:_identify(src/isaac_ros_nitros/isaac_ros_managed_nitros_examples/custom_nitros_message_filter_interfaces) by extension 'ignore_ament_install'
[0.309s] Level 1:colcon.colcon_core.package_identification:_identify(src/isaac_ros_nitros/isaac_ros_managed_nitros_examples/custom_nitros_message_filter_interfaces) by extensions ['colcon_pkg']
[0.309s] Level 1:colcon.colcon_core.package_identification:_identify(src/isaac_ros_nitros/isaac_ros_managed_nitros_examples/custom_nitros_message_filter_interfaces) by extension 'colcon_pkg'
[0.309s] Level 1:colcon.colcon_core.package_identification:_identify(src/isaac_ros_nitros/isaac_ros_managed_nitros_examples/custom_nitros_message_filter_interfaces) by extensions ['colcon_meta']
[0.309s] Level 1:colcon.colcon_core.package_identification:_identify(src/isaac_ros_nitros/isaac_ros_managed_nitros_examples/custom_nitros_message_filter_interfaces) by extension 'colcon_meta'
[0.309s] Level 1:colcon.colcon_core.package_identification:_identify(src/isaac_ros_nitros/isaac_ros_managed_nitros_examples/custom_nitros_message_filter_interfaces) by extensions ['ros']
[0.309s] Level 1:colcon.colcon_core.package_identification:_identify(src/isaac_ros_nitros/isaac_ros_managed_nitros_examples/custom_nitros_message_filter_interfaces) by extension 'ros'
[0.310s] DEBUG:colcon.colcon_core.package_identification:Package 'src/isaac_ros_nitros/isaac_ros_managed_nitros_examples/custom_nitros_message_filter_interfaces' with type 'ros.ament_cmake' and name 'custom_nitros_message_filter_interfaces'
[0.310s] Level 1:colcon.colcon_core.package_identification:_identify(src/isaac_ros_nitros/isaac_ros_managed_nitros_examples/custom_nitros_string) by extensions ['ignore', 'ignore_ament_install']
[0.310s] Level 1:colcon.colcon_core.package_identification:_identify(src/isaac_ros_nitros/isaac_ros_managed_nitros_examples/custom_nitros_string) by extension 'ignore'
[0.310s] Level 1:colcon.colcon_core.package_identification:_identify(src/isaac_ros_nitros/isaac_ros_managed_nitros_examples/custom_nitros_string) by extension 'ignore_ament_install'
[0.310s] Level 1:colcon.colcon_core.package_identification:_identify(src/isaac_ros_nitros/isaac_ros_managed_nitros_examples/custom_nitros_string) by extensions ['colcon_pkg']
[0.310s] Level 1:colcon.colcon_core.package_identification:_identify(src/isaac_ros_nitros/isaac_ros_managed_nitros_examples/custom_nitros_string) by extension 'colcon_pkg'
[0.310s] Level 1:colcon.colcon_core.package_identification:_identify(src/isaac_ros_nitros/isaac_ros_managed_nitros_examples/custom_nitros_string) by extensions ['colcon_meta']
[0.310s] Level 1:colcon.colcon_core.package_identification:_identify(src/isaac_ros_nitros/isaac_ros_managed_nitros_examples/custom_nitros_string) by extension 'colcon_meta'
[0.310s] Level 1:colcon.colcon_core.package_identification:_identify(src/isaac_ros_nitros/isaac_ros_managed_nitros_examples/custom_nitros_string) by extensions ['ros']
[0.310s] Level 1:colcon.colcon_core.package_identification:_identify(src/isaac_ros_nitros/isaac_ros_managed_nitros_examples/custom_nitros_string) by extension 'ros'
[0.310s] DEBUG:colcon.colcon_core.package_identification:Package 'src/isaac_ros_nitros/isaac_ros_managed_nitros_examples/custom_nitros_string' with type 'ros.ament_cmake' and name 'custom_nitros_string'
[0.311s] Level 1:colcon.colcon_core.package_identification:_identify(src/isaac_ros_nitros/isaac_ros_nitros) by extensions ['ignore', 'ignore_ament_install']
[0.311s] Level 1:colcon.colcon_core.package_identification:_identify(src/isaac_ros_nitros/isaac_ros_nitros) by extension 'ignore'
[0.311s] Level 1:colcon.colcon_core.package_identification:_identify(src/isaac_ros_nitros/isaac_ros_nitros) by extension 'ignore_ament_install'
[0.311s] Level 1:colcon.colcon_core.package_identification:_identify(src/isaac_ros_nitros/isaac_ros_nitros) by extensions ['colcon_pkg']
[0.311s] Level 1:colcon.colcon_core.package_identification:_identify(src/isaac_ros_nitros/isaac_ros_nitros) by extension 'colcon_pkg'
[0.311s] Level 1:colcon.colcon_core.package_identification:_identify(src/isaac_ros_nitros/isaac_ros_nitros) by extensions ['colcon_meta']
[0.311s] Level 1:colcon.colcon_core.package_identification:_identify(src/isaac_ros_nitros/isaac_ros_nitros) by extension 'colcon_meta'
[0.311s] Level 1:colcon.colcon_core.package_identification:_identify(src/isaac_ros_nitros/isaac_ros_nitros) by extensions ['ros']
[0.311s] Level 1:colcon.colcon_core.package_identification:_identify(src/isaac_ros_nitros/isaac_ros_nitros) by extension 'ros'
[0.312s] DEBUG:colcon.colcon_core.package_identification:Package 'src/isaac_ros_nitros/isaac_ros_nitros' with type 'ros.ament_cmake' and name 'isaac_ros_nitros'
[0.312s] Level 1:colcon.colcon_core.package_identification:_identify(src/isaac_ros_nitros/isaac_ros_nitros_bridge) by extensions ['ignore', 'ignore_ament_install']
[0.312s] Level 1:colcon.colcon_core.package_identification:_identify(src/isaac_ros_nitros/isaac_ros_nitros_bridge) by extension 'ignore'
[0.312s] Level 1:colcon.colcon_core.package_identification:_identify(src/isaac_ros_nitros/isaac_ros_nitros_bridge) by extension 'ignore_ament_install'
[0.312s] Level 1:colcon.colcon_core.package_identification:_identify(src/isaac_ros_nitros/isaac_ros_nitros_bridge) by extensions ['colcon_pkg']
[0.312s] Level 1:colcon.colcon_core.package_identification:_identify(src/isaac_ros_nitros/isaac_ros_nitros_bridge) by extension 'colcon_pkg'
[0.312s] Level 1:colcon.colcon_core.package_identification:_identify(src/isaac_ros_nitros/isaac_ros_nitros_bridge) by extensions ['colcon_meta']
[0.312s] Level 1:colcon.colcon_core.package_identification:_identify(src/isaac_ros_nitros/isaac_ros_nitros_bridge) by extension 'colcon_meta'
[0.312s] Level 1:colcon.colcon_core.package_identification:_identify(src/isaac_ros_nitros/isaac_ros_nitros_bridge) by extensions ['ros']
[0.312s] Level 1:colcon.colcon_core.package_identification:_identify(src/isaac_ros_nitros/isaac_ros_nitros_bridge) by extension 'ros'
[0.312s] Level 1:colcon.colcon_core.package_identification:_identify(src/isaac_ros_nitros/isaac_ros_nitros_bridge) by extensions ['cmake', 'python']
[0.312s] Level 1:colcon.colcon_core.package_identification:_identify(src/isaac_ros_nitros/isaac_ros_nitros_bridge) by extension 'cmake'
[0.312s] Level 1:colcon.colcon_core.package_identification:_identify(src/isaac_ros_nitros/isaac_ros_nitros_bridge) by extension 'python'
[0.312s] Level 1:colcon.colcon_core.package_identification:_identify(src/isaac_ros_nitros/isaac_ros_nitros_bridge) by extensions ['python_setup_py']
[0.312s] Level 1:colcon.colcon_core.package_identification:_identify(src/isaac_ros_nitros/isaac_ros_nitros_bridge) by extension 'python_setup_py'
[0.312s] Level 1:colcon.colcon_core.package_identification:_identify(src/isaac_ros_nitros/isaac_ros_nitros_bridge/config) by extensions ['ignore', 'ignore_ament_install']
[0.312s] Level 1:colcon.colcon_core.package_identification:_identify(src/isaac_ros_nitros/isaac_ros_nitros_bridge/config) by extension 'ignore'
[0.312s] Level 1:colcon.colcon_core.package_identification:_identify(src/isaac_ros_nitros/isaac_ros_nitros_bridge/config) by extension 'ignore_ament_install'
[0.312s] Level 1:colcon.colcon_core.package_identification:_identify(src/isaac_ros_nitros/isaac_ros_nitros_bridge/config) by extensions ['colcon_pkg']
[0.312s] Level 1:colcon.colcon_core.package_identification:_identify(src/isaac_ros_nitros/isaac_ros_nitros_bridge/config) by extension 'colcon_pkg'
[0.312s] Level 1:colcon.colcon_core.package_identification:_identify(src/isaac_ros_nitros/isaac_ros_nitros_bridge/config) by extensions ['colcon_meta']
[0.312s] Level 1:colcon.colcon_core.package_identification:_identify(src/isaac_ros_nitros/isaac_ros_nitros_bridge/config) by extension 'colcon_meta'
[0.312s] Level 1:colcon.colcon_core.package_identification:_identify(src/isaac_ros_nitros/isaac_ros_nitros_bridge/config) by extensions ['ros']
[0.312s] Level 1:colcon.colcon_core.package_identification:_identify(src/isaac_ros_nitros/isaac_ros_nitros_bridge/config) by extension 'ros'
[0.312s] Level 1:colcon.colcon_core.package_identification:_identify(src/isaac_ros_nitros/isaac_ros_nitros_bridge/config) by extensions ['cmake', 'python']
[0.313s] Level 1:colcon.colcon_core.package_identification:_identify(src/isaac_ros_nitros/isaac_ros_nitros_bridge/config) by extension 'cmake'
[0.313s] Level 1:colcon.colcon_core.package_identification:_identify(src/isaac_ros_nitros/isaac_ros_nitros_bridge/config) by extension 'python'
[0.313s] Level 1:colcon.colcon_core.package_identification:_identify(src/isaac_ros_nitros/isaac_ros_nitros_bridge/config) by extensions ['python_setup_py']
[0.313s] Level 1:colcon.colcon_core.package_identification:_identify(src/isaac_ros_nitros/isaac_ros_nitros_bridge/config) by extension 'python_setup_py'
[0.313s] Level 1:colcon.colcon_core.package_identification:_identify(src/isaac_ros_nitros/isaac_ros_nitros_bridge/docker) by extensions ['ignore', 'ignore_ament_install']
[0.313s] Level 1:colcon.colcon_core.package_identification:_identify(src/isaac_ros_nitros/isaac_ros_nitros_bridge/docker) by extension 'ignore'
[0.313s] Level 1:colcon.colcon_core.package_identification:_identify(src/isaac_ros_nitros/isaac_ros_nitros_bridge/docker) by extension 'ignore_ament_install'
[0.313s] Level 1:colcon.colcon_core.package_identification:_identify(src/isaac_ros_nitros/isaac_ros_nitros_bridge/docker) by extensions ['colcon_pkg']
[0.313s] Level 1:colcon.colcon_core.package_identification:_identify(src/isaac_ros_nitros/isaac_ros_nitros_bridge/docker) by extension 'colcon_pkg'
[0.313s] Level 1:colcon.colcon_core.package_identification:_identify(src/isaac_ros_nitros/isaac_ros_nitros_bridge/docker) by extensions ['colcon_meta']
[0.313s] Level 1:colcon.colcon_core.package_identification:_identify(src/isaac_ros_nitros/isaac_ros_nitros_bridge/docker) by extension 'colcon_meta'
[0.313s] Level 1:colcon.colcon_core.package_identification:_identify(src/isaac_ros_nitros/isaac_ros_nitros_bridge/docker) by extensions ['ros']
[0.313s] Level 1:colcon.colcon_core.package_identification:_identify(src/isaac_ros_nitros/isaac_ros_nitros_bridge/docker) by extension 'ros'
[0.313s] Level 1:colcon.colcon_core.package_identification:_identify(src/isaac_ros_nitros/isaac_ros_nitros_bridge/docker) by extensions ['cmake', 'python']
[0.313s] Level 1:colcon.colcon_core.package_identification:_identify(src/isaac_ros_nitros/isaac_ros_nitros_bridge/docker) by extension 'cmake'
[0.313s] Level 1:colcon.colcon_core.package_identification:_identify(src/isaac_ros_nitros/isaac_ros_nitros_bridge/docker) by extension 'python'
[0.313s] Level 1:colcon.colcon_core.package_identification:_identify(src/isaac_ros_nitros/isaac_ros_nitros_bridge/docker) by extensions ['python_setup_py']
[0.313s] Level 1:colcon.colcon_core.package_identification:_identify(src/isaac_ros_nitros/isaac_ros_nitros_bridge/docker) by extension 'python_setup_py'
[0.313s] Level 1:colcon.colcon_core.package_identification:_identify(src/isaac_ros_nitros/isaac_ros_nitros_bridge/isaac_ros_nitros_bridge_ros2) by extensions ['ignore', 'ignore_ament_install']
[0.313s] Level 1:colcon.colcon_core.package_identification:_identify(src/isaac_ros_nitros/isaac_ros_nitros_bridge/isaac_ros_nitros_bridge_ros2) by extension 'ignore'
[0.313s] Level 1:colcon.colcon_core.package_identification:_identify(src/isaac_ros_nitros/isaac_ros_nitros_bridge/isaac_ros_nitros_bridge_ros2) by extension 'ignore_ament_install'
[0.313s] Level 1:colcon.colcon_core.package_identification:_identify(src/isaac_ros_nitros/isaac_ros_nitros_bridge/isaac_ros_nitros_bridge_ros2) by extensions ['colcon_pkg']
[0.313s] Level 1:colcon.colcon_core.package_identification:_identify(src/isaac_ros_nitros/isaac_ros_nitros_bridge/isaac_ros_nitros_bridge_ros2) by extension 'colcon_pkg'
[0.313s] Level 1:colcon.colcon_core.package_identification:_identify(src/isaac_ros_nitros/isaac_ros_nitros_bridge/isaac_ros_nitros_bridge_ros2) by extensions ['colcon_meta']
[0.313s] Level 1:colcon.colcon_core.package_identification:_identify(src/isaac_ros_nitros/isaac_ros_nitros_bridge/isaac_ros_nitros_bridge_ros2) by extension 'colcon_meta'
[0.313s] Level 1:colcon.colcon_core.package_identification:_identify(src/isaac_ros_nitros/isaac_ros_nitros_bridge/isaac_ros_nitros_bridge_ros2) by extensions ['ros']
[0.313s] Level 1:colcon.colcon_core.package_identification:_identify(src/isaac_ros_nitros/isaac_ros_nitros_bridge/isaac_ros_nitros_bridge_ros2) by extension 'ros'
[0.314s] DEBUG:colcon.colcon_core.package_identification:Package 'src/isaac_ros_nitros/isaac_ros_nitros_bridge/isaac_ros_nitros_bridge_ros2' with type 'ros.ament_cmake' and name 'isaac_ros_nitros_bridge_ros2'
[0.314s] Level 1:colcon.colcon_core.package_identification:_identify(src/isaac_ros_nitros/isaac_ros_nitros_bridge/resources) by extensions ['ignore', 'ignore_ament_install']
[0.314s] Level 1:colcon.colcon_core.package_identification:_identify(src/isaac_ros_nitros/isaac_ros_nitros_bridge/resources) by extension 'ignore'
[0.314s] Level 1:colcon.colcon_core.package_identification:_identify(src/isaac_ros_nitros/isaac_ros_nitros_bridge/resources) by extension 'ignore_ament_install'
[0.314s] Level 1:colcon.colcon_core.package_identification:_identify(src/isaac_ros_nitros/isaac_ros_nitros_bridge/resources) by extensions ['colcon_pkg']
[0.314s] Level 1:colcon.colcon_core.package_identification:_identify(src/isaac_ros_nitros/isaac_ros_nitros_bridge/resources) by extension 'colcon_pkg'
[0.314s] Level 1:colcon.colcon_core.package_identification:_identify(src/isaac_ros_nitros/isaac_ros_nitros_bridge/resources) by extensions ['colcon_meta']
[0.314s] Level 1:colcon.colcon_core.package_identification:_identify(src/isaac_ros_nitros/isaac_ros_nitros_bridge/resources) by extension 'colcon_meta'
[0.314s] Level 1:colcon.colcon_core.package_identification:_identify(src/isaac_ros_nitros/isaac_ros_nitros_bridge/resources) by extensions ['ros']
[0.314s] Level 1:colcon.colcon_core.package_identification:_identify(src/isaac_ros_nitros/isaac_ros_nitros_bridge/resources) by extension 'ros'
[0.314s] Level 1:colcon.colcon_core.package_identification:_identify(src/isaac_ros_nitros/isaac_ros_nitros_bridge/resources) by extensions ['cmake', 'python']
[0.314s] Level 1:colcon.colcon_core.package_identification:_identify(src/isaac_ros_nitros/isaac_ros_nitros_bridge/resources) by extension 'cmake'
[0.314s] Level 1:colcon.colcon_core.package_identification:_identify(src/isaac_ros_nitros/isaac_ros_nitros_bridge/resources) by extension 'python'
[0.314s] Level 1:colcon.colcon_core.package_identification:_identify(src/isaac_ros_nitros/isaac_ros_nitros_bridge/resources) by extensions ['python_setup_py']
[0.314s] Level 1:colcon.colcon_core.package_identification:_identify(src/isaac_ros_nitros/isaac_ros_nitros_bridge/resources) by extension 'python_setup_py'
[0.314s] Level 1:colcon.colcon_core.package_identification:_identify(src/isaac_ros_nitros/isaac_ros_nitros_bridge/resources/quickstart.bag) by extensions ['ignore', 'ignore_ament_install']
[0.314s] Level 1:colcon.colcon_core.package_identification:_identify(src/isaac_ros_nitros/isaac_ros_nitros_bridge/resources/quickstart.bag) by extension 'ignore'
[0.314s] Level 1:colcon.colcon_core.package_identification:_identify(src/isaac_ros_nitros/isaac_ros_nitros_bridge/resources/quickstart.bag) by extension 'ignore_ament_install'
[0.314s] Level 1:colcon.colcon_core.package_identification:_identify(src/isaac_ros_nitros/isaac_ros_nitros_bridge/resources/quickstart.bag) by extensions ['colcon_pkg']
[0.314s] Level 1:colcon.colcon_core.package_identification:_identify(src/isaac_ros_nitros/isaac_ros_nitros_bridge/resources/quickstart.bag) by extension 'colcon_pkg'
[0.314s] Level 1:colcon.colcon_core.package_identification:_identify(src/isaac_ros_nitros/isaac_ros_nitros_bridge/resources/quickstart.bag) by extensions ['colcon_meta']
[0.314s] Level 1:colcon.colcon_core.package_identification:_identify(src/isaac_ros_nitros/isaac_ros_nitros_bridge/resources/quickstart.bag) by extension 'colcon_meta'
[0.315s] Level 1:colcon.colcon_core.package_identification:_identify(src/isaac_ros_nitros/isaac_ros_nitros_bridge/resources/quickstart.bag) by extensions ['ros']
[0.315s] Level 1:colcon.colcon_core.package_identification:_identify(src/isaac_ros_nitros/isaac_ros_nitros_bridge/resources/quickstart.bag) by extension 'ros'
[0.315s] Level 1:colcon.colcon_core.package_identification:_identify(src/isaac_ros_nitros/isaac_ros_nitros_bridge/resources/quickstart.bag) by extensions ['cmake', 'python']
[0.315s] Level 1:colcon.colcon_core.package_identification:_identify(src/isaac_ros_nitros/isaac_ros_nitros_bridge/resources/quickstart.bag) by extension 'cmake'
[0.315s] Level 1:colcon.colcon_core.package_identification:_identify(src/isaac_ros_nitros/isaac_ros_nitros_bridge/resources/quickstart.bag) by extension 'python'
[0.315s] Level 1:colcon.colcon_core.package_identification:_identify(src/isaac_ros_nitros/isaac_ros_nitros_bridge/resources/quickstart.bag) by extensions ['python_setup_py']
[0.315s] Level 1:colcon.colcon_core.package_identification:_identify(src/isaac_ros_nitros/isaac_ros_nitros_bridge/resources/quickstart.bag) by extension 'python_setup_py'
[0.315s] Level 1:colcon.colcon_core.package_identification:_identify(src/isaac_ros_nitros/isaac_ros_nitros_bridge/ros1) by extensions ['ignore', 'ignore_ament_install']
[0.315s] Level 1:colcon.colcon_core.package_identification:_identify(src/isaac_ros_nitros/isaac_ros_nitros_bridge/ros1) by extension 'ignore'
[0.315s] Level 1:colcon.colcon_core.package_identification:_identify(src/isaac_ros_nitros/isaac_ros_nitros_bridge/ros1) ignored
[0.315s] Level 1:colcon.colcon_core.package_identification:_identify(src/isaac_ros_nitros/isaac_ros_nitros_bridge/scripts) by extensions ['ignore', 'ignore_ament_install']
[0.315s] Level 1:colcon.colcon_core.package_identification:_identify(src/isaac_ros_nitros/isaac_ros_nitros_bridge/scripts) by extension 'ignore'
[0.315s] Level 1:colcon.colcon_core.package_identification:_identify(src/isaac_ros_nitros/isaac_ros_nitros_bridge/scripts) by extension 'ignore_ament_install'
[0.315s] Level 1:colcon.colcon_core.package_identification:_identify(src/isaac_ros_nitros/isaac_ros_nitros_bridge/scripts) by extensions ['colcon_pkg']
[0.315s] Level 1:colcon.colcon_core.package_identification:_identify(src/isaac_ros_nitros/isaac_ros_nitros_bridge/scripts) by extension 'colcon_pkg'
[0.315s] Level 1:colcon.colcon_core.package_identification:_identify(src/isaac_ros_nitros/isaac_ros_nitros_bridge/scripts) by extensions ['colcon_meta']
[0.315s] Level 1:colcon.colcon_core.package_identification:_identify(src/isaac_ros_nitros/isaac_ros_nitros_bridge/scripts) by extension 'colcon_meta'
[0.315s] Level 1:colcon.colcon_core.package_identification:_identify(src/isaac_ros_nitros/isaac_ros_nitros_bridge/scripts) by extensions ['ros']
[0.315s] Level 1:colcon.colcon_core.package_identification:_identify(src/isaac_ros_nitros/isaac_ros_nitros_bridge/scripts) by extension 'ros'
[0.315s] Level 1:colcon.colcon_core.package_identification:_identify(src/isaac_ros_nitros/isaac_ros_nitros_bridge/scripts) by extensions ['cmake', 'python']
[0.315s] Level 1:colcon.colcon_core.package_identification:_identify(src/isaac_ros_nitros/isaac_ros_nitros_bridge/scripts) by extension 'cmake'
[0.315s] Level 1:colcon.colcon_core.package_identification:_identify(src/isaac_ros_nitros/isaac_ros_nitros_bridge/scripts) by extension 'python'
[0.315s] Level 1:colcon.colcon_core.package_identification:_identify(src/isaac_ros_nitros/isaac_ros_nitros_bridge/scripts) by extensions ['python_setup_py']
[0.315s] Level 1:colcon.colcon_core.package_identification:_identify(src/isaac_ros_nitros/isaac_ros_nitros_bridge/scripts) by extension 'python_setup_py'
[0.315s] Level 1:colcon.colcon_core.package_identification:_identify(src/isaac_ros_nitros/isaac_ros_nitros_topic_tools) by extensions ['ignore', 'ignore_ament_install']
[0.315s] Level 1:colcon.colcon_core.package_identification:_identify(src/isaac_ros_nitros/isaac_ros_nitros_topic_tools) by extension 'ignore'
[0.315s] Level 1:colcon.colcon_core.package_identification:_identify(src/isaac_ros_nitros/isaac_ros_nitros_topic_tools) by extension 'ignore_ament_install'
[0.315s] Level 1:colcon.colcon_core.package_identification:_identify(src/isaac_ros_nitros/isaac_ros_nitros_topic_tools) by extensions ['colcon_pkg']
[0.315s] Level 1:colcon.colcon_core.package_identification:_identify(src/isaac_ros_nitros/isaac_ros_nitros_topic_tools) by extension 'colcon_pkg'
[0.315s] Level 1:colcon.colcon_core.package_identification:_identify(src/isaac_ros_nitros/isaac_ros_nitros_topic_tools) by extensions ['colcon_meta']
[0.315s] Level 1:colcon.colcon_core.package_identification:_identify(src/isaac_ros_nitros/isaac_ros_nitros_topic_tools) by extension 'colcon_meta'
[0.315s] Level 1:colcon.colcon_core.package_identification:_identify(src/isaac_ros_nitros/isaac_ros_nitros_topic_tools) by extensions ['ros']
[0.315s] Level 1:colcon.colcon_core.package_identification:_identify(src/isaac_ros_nitros/isaac_ros_nitros_topic_tools) by extension 'ros'
[0.316s] DEBUG:colcon.colcon_core.package_identification:Package 'src/isaac_ros_nitros/isaac_ros_nitros_topic_tools' with type 'ros.ament_cmake' and name 'isaac_ros_nitros_topic_tools'
[0.316s] Level 1:colcon.colcon_core.package_identification:_identify(src/isaac_ros_nitros/isaac_ros_nitros_type) by extensions ['ignore', 'ignore_ament_install']
[0.316s] Level 1:colcon.colcon_core.package_identification:_identify(src/isaac_ros_nitros/isaac_ros_nitros_type) by extension 'ignore'
[0.316s] Level 1:colcon.colcon_core.package_identification:_identify(src/isaac_ros_nitros/isaac_ros_nitros_type) by extension 'ignore_ament_install'
[0.316s] Level 1:colcon.colcon_core.package_identification:_identify(src/isaac_ros_nitros/isaac_ros_nitros_type) by extensions ['colcon_pkg']
[0.316s] Level 1:colcon.colcon_core.package_identification:_identify(src/isaac_ros_nitros/isaac_ros_nitros_type) by extension 'colcon_pkg'
[0.316s] Level 1:colcon.colcon_core.package_identification:_identify(src/isaac_ros_nitros/isaac_ros_nitros_type) by extensions ['colcon_meta']
[0.316s] Level 1:colcon.colcon_core.package_identification:_identify(src/isaac_ros_nitros/isaac_ros_nitros_type) by extension 'colcon_meta'
[0.316s] Level 1:colcon.colcon_core.package_identification:_identify(src/isaac_ros_nitros/isaac_ros_nitros_type) by extensions ['ros']
[0.316s] Level 1:colcon.colcon_core.package_identification:_identify(src/isaac_ros_nitros/isaac_ros_nitros_type) by extension 'ros'
[0.316s] Level 1:colcon.colcon_core.package_identification:_identify(src/isaac_ros_nitros/isaac_ros_nitros_type) by extensions ['cmake', 'python']
[0.316s] Level 1:colcon.colcon_core.package_identification:_identify(src/isaac_ros_nitros/isaac_ros_nitros_type) by extension 'cmake'
[0.316s] Level 1:colcon.colcon_core.package_identification:_identify(src/isaac_ros_nitros/isaac_ros_nitros_type) by extension 'python'
[0.316s] Level 1:colcon.colcon_core.package_identification:_identify(src/isaac_ros_nitros/isaac_ros_nitros_type) by extensions ['python_setup_py']
[0.316s] Level 1:colcon.colcon_core.package_identification:_identify(src/isaac_ros_nitros/isaac_ros_nitros_type) by extension 'python_setup_py'
[0.316s] Level 1:colcon.colcon_core.package_identification:_identify(src/isaac_ros_nitros/isaac_ros_nitros_type/isaac_ros_nitros_battery_state_type) by extensions ['ignore', 'ignore_ament_install']
[0.317s] Level 1:colcon.colcon_core.package_identification:_identify(src/isaac_ros_nitros/isaac_ros_nitros_type/isaac_ros_nitros_battery_state_type) by extension 'ignore'
[0.317s] Level 1:colcon.colcon_core.package_identification:_identify(src/isaac_ros_nitros/isaac_ros_nitros_type/isaac_ros_nitros_battery_state_type) by extension 'ignore_ament_install'
[0.317s] Level 1:colcon.colcon_core.package_identification:_identify(src/isaac_ros_nitros/isaac_ros_nitros_type/isaac_ros_nitros_battery_state_type) by extensions ['colcon_pkg']
[0.317s] Level 1:colcon.colcon_core.package_identification:_identify(src/isaac_ros_nitros/isaac_ros_nitros_type/isaac_ros_nitros_battery_state_type) by extension 'colcon_pkg'
[0.317s] Level 1:colcon.colcon_core.package_identification:_identify(src/isaac_ros_nitros/isaac_ros_nitros_type/isaac_ros_nitros_battery_state_type) by extensions ['colcon_meta']
[0.317s] Level 1:colcon.colcon_core.package_identification:_identify(src/isaac_ros_nitros/isaac_ros_nitros_type/isaac_ros_nitros_battery_state_type) by extension 'colcon_meta'
[0.317s] Level 1:colcon.colcon_core.package_identification:_identify(src/isaac_ros_nitros/isaac_ros_nitros_type/isaac_ros_nitros_battery_state_type) by extensions ['ros']
[0.317s] Level 1:colcon.colcon_core.package_identification:_identify(src/isaac_ros_nitros/isaac_ros_nitros_type/isaac_ros_nitros_battery_state_type) by extension 'ros'
[0.317s] DEBUG:colcon.colcon_core.package_identification:Package 'src/isaac_ros_nitros/isaac_ros_nitros_type/isaac_ros_nitros_battery_state_type' with type 'ros.ament_cmake' and name 'isaac_ros_nitros_battery_state_type'
[0.317s] Level 1:colcon.colcon_core.package_identification:_identify(src/isaac_ros_nitros/isaac_ros_nitros_type/isaac_ros_nitros_camera_info_type) by extensions ['ignore', 'ignore_ament_install']
[0.317s] Level 1:colcon.colcon_core.package_identification:_identify(src/isaac_ros_nitros/isaac_ros_nitros_type/isaac_ros_nitros_camera_info_type) by extension 'ignore'
[0.317s] Level 1:colcon.colcon_core.package_identification:_identify(src/isaac_ros_nitros/isaac_ros_nitros_type/isaac_ros_nitros_camera_info_type) by extension 'ignore_ament_install'
[0.318s] Level 1:colcon.colcon_core.package_identification:_identify(src/isaac_ros_nitros/isaac_ros_nitros_type/isaac_ros_nitros_camera_info_type) by extensions ['colcon_pkg']
[0.318s] Level 1:colcon.colcon_core.package_identification:_identify(src/isaac_ros_nitros/isaac_ros_nitros_type/isaac_ros_nitros_camera_info_type) by extension 'colcon_pkg'
[0.318s] Level 1:colcon.colcon_core.package_identification:_identify(src/isaac_ros_nitros/isaac_ros_nitros_type/isaac_ros_nitros_camera_info_type) by extensions ['colcon_meta']
[0.318s] Level 1:colcon.colcon_core.package_identification:_identify(src/isaac_ros_nitros/isaac_ros_nitros_type/isaac_ros_nitros_camera_info_type) by extension 'colcon_meta'
[0.318s] Level 1:colcon.colcon_core.package_identification:_identify(src/isaac_ros_nitros/isaac_ros_nitros_type/isaac_ros_nitros_camera_info_type) by extensions ['ros']
[0.318s] Level 1:colcon.colcon_core.package_identification:_identify(src/isaac_ros_nitros/isaac_ros_nitros_type/isaac_ros_nitros_camera_info_type) by extension 'ros'
[0.318s] DEBUG:colcon.colcon_core.package_identification:Package 'src/isaac_ros_nitros/isaac_ros_nitros_type/isaac_ros_nitros_camera_info_type' with type 'ros.ament_cmake' and name 'isaac_ros_nitros_camera_info_type'
[0.318s] Level 1:colcon.colcon_core.package_identification:_identify(src/isaac_ros_nitros/isaac_ros_nitros_type/isaac_ros_nitros_compressed_image_type) by extensions ['ignore', 'ignore_ament_install']
[0.318s] Level 1:colcon.colcon_core.package_identification:_identify(src/isaac_ros_nitros/isaac_ros_nitros_type/isaac_ros_nitros_compressed_image_type) by extension 'ignore'
[0.318s] Level 1:colcon.colcon_core.package_identification:_identify(src/isaac_ros_nitros/isaac_ros_nitros_type/isaac_ros_nitros_compressed_image_type) by extension 'ignore_ament_install'
[0.318s] Level 1:colcon.colcon_core.package_identification:_identify(src/isaac_ros_nitros/isaac_ros_nitros_type/isaac_ros_nitros_compressed_image_type) by extensions ['colcon_pkg']
[0.318s] Level 1:colcon.colcon_core.package_identification:_identify(src/isaac_ros_nitros/isaac_ros_nitros_type/isaac_ros_nitros_compressed_image_type) by extension 'colcon_pkg'
[0.318s] Level 1:colcon.colcon_core.package_identification:_identify(src/isaac_ros_nitros/isaac_ros_nitros_type/isaac_ros_nitros_compressed_image_type) by extensions ['colcon_meta']
[0.318s] Level 1:colcon.colcon_core.package_identification:_identify(src/isaac_ros_nitros/isaac_ros_nitros_type/isaac_ros_nitros_compressed_image_type) by extension 'colcon_meta'
[0.318s] Level 1:colcon.colcon_core.package_identification:_identify(src/isaac_ros_nitros/isaac_ros_nitros_type/isaac_ros_nitros_compressed_image_type) by extensions ['ros']
[0.318s] Level 1:colcon.colcon_core.package_identification:_identify(src/isaac_ros_nitros/isaac_ros_nitros_type/isaac_ros_nitros_compressed_image_type) by extension 'ros'
[0.319s] DEBUG:colcon.colcon_core.package_identification:Package 'src/isaac_ros_nitros/isaac_ros_nitros_type/isaac_ros_nitros_compressed_image_type' with type 'ros.ament_cmake' and name 'isaac_ros_nitros_compressed_image_type'
[0.319s] Level 1:colcon.colcon_core.package_identification:_identify(src/isaac_ros_nitros/isaac_ros_nitros_type/isaac_ros_nitros_compressed_video_type) by extensions ['ignore', 'ignore_ament_install']
[0.319s] Level 1:colcon.colcon_core.package_identification:_identify(src/isaac_ros_nitros/isaac_ros_nitros_type/isaac_ros_nitros_compressed_video_type) by extension 'ignore'
[0.319s] Level 1:colcon.colcon_core.package_identification:_identify(src/isaac_ros_nitros/isaac_ros_nitros_type/isaac_ros_nitros_compressed_video_type) by extension 'ignore_ament_install'
[0.319s] Level 1:colcon.colcon_core.package_identification:_identify(src/isaac_ros_nitros/isaac_ros_nitros_type/isaac_ros_nitros_compressed_video_type) by extensions ['colcon_pkg']
[0.319s] Level 1:colcon.colcon_core.package_identification:_identify(src/isaac_ros_nitros/isaac_ros_nitros_type/isaac_ros_nitros_compressed_video_type) by extension 'colcon_pkg'
[0.319s] Level 1:colcon.colcon_core.package_identification:_identify(src/isaac_ros_nitros/isaac_ros_nitros_type/isaac_ros_nitros_compressed_video_type) by extensions ['colcon_meta']
[0.319s] Level 1:colcon.colcon_core.package_identification:_identify(src/isaac_ros_nitros/isaac_ros_nitros_type/isaac_ros_nitros_compressed_video_type) by extension 'colcon_meta'
[0.319s] Level 1:colcon.colcon_core.package_identification:_identify(src/isaac_ros_nitros/isaac_ros_nitros_type/isaac_ros_nitros_compressed_video_type) by extensions ['ros']
[0.319s] Level 1:colcon.colcon_core.package_identification:_identify(src/isaac_ros_nitros/isaac_ros_nitros_type/isaac_ros_nitros_compressed_video_type) by extension 'ros'
[0.320s] DEBUG:colcon.colcon_core.package_identification:Package 'src/isaac_ros_nitros/isaac_ros_nitros_type/isaac_ros_nitros_compressed_video_type' with type 'ros.ament_cmake' and name 'isaac_ros_nitros_compressed_video_type'
[0.320s] Level 1:colcon.colcon_core.package_identification:_identify(src/isaac_ros_nitros/isaac_ros_nitros_type/isaac_ros_nitros_correlated_timestamp_type) by extensions ['ignore', 'ignore_ament_install']
[0.320s] Level 1:colcon.colcon_core.package_identification:_identify(src/isaac_ros_nitros/isaac_ros_nitros_type/isaac_ros_nitros_correlated_timestamp_type) by extension 'ignore'
[0.320s] Level 1:colcon.colcon_core.package_identification:_identify(src/isaac_ros_nitros/isaac_ros_nitros_type/isaac_ros_nitros_correlated_timestamp_type) by extension 'ignore_ament_install'
[0.320s] Level 1:colcon.colcon_core.package_identification:_identify(src/isaac_ros_nitros/isaac_ros_nitros_type/isaac_ros_nitros_correlated_timestamp_type) by extensions ['colcon_pkg']
[0.320s] Level 1:colcon.colcon_core.package_identification:_identify(src/isaac_ros_nitros/isaac_ros_nitros_type/isaac_ros_nitros_correlated_timestamp_type) by extension 'colcon_pkg'
[0.320s] Level 1:colcon.colcon_core.package_identification:_identify(src/isaac_ros_nitros/isaac_ros_nitros_type/isaac_ros_nitros_correlated_timestamp_type) by extensions ['colcon_meta']
[0.320s] Level 1:colcon.colcon_core.package_identification:_identify(src/isaac_ros_nitros/isaac_ros_nitros_type/isaac_ros_nitros_correlated_timestamp_type) by extension 'colcon_meta'
[0.320s] Level 1:colcon.colcon_core.package_identification:_identify(src/isaac_ros_nitros/isaac_ros_nitros_type/isaac_ros_nitros_correlated_timestamp_type) by extensions ['ros']
[0.320s] Level 1:colcon.colcon_core.package_identification:_identify(src/isaac_ros_nitros/isaac_ros_nitros_type/isaac_ros_nitros_correlated_timestamp_type) by extension 'ros'
[0.320s] DEBUG:colcon.colcon_core.package_identification:Package 'src/isaac_ros_nitros/isaac_ros_nitros_type/isaac_ros_nitros_correlated_timestamp_type' with type 'ros.ament_cmake' and name 'isaac_ros_nitros_correlated_timestamp_type'
[0.321s] Level 1:colcon.colcon_core.package_identification:_identify(src/isaac_ros_nitros/isaac_ros_nitros_type/isaac_ros_nitros_detection2_d_array_type) by extensions ['ignore', 'ignore_ament_install']
[0.321s] Level 1:colcon.colcon_core.package_identification:_identify(src/isaac_ros_nitros/isaac_ros_nitros_type/isaac_ros_nitros_detection2_d_array_type) by extension 'ignore'
[0.321s] Level 1:colcon.colcon_core.package_identification:_identify(src/isaac_ros_nitros/isaac_ros_nitros_type/isaac_ros_nitros_detection2_d_array_type) by extension 'ignore_ament_install'
[0.321s] Level 1:colcon.colcon_core.package_identification:_identify(src/isaac_ros_nitros/isaac_ros_nitros_type/isaac_ros_nitros_detection2_d_array_type) by extensions ['colcon_pkg']
[0.321s] Level 1:colcon.colcon_core.package_identification:_identify(src/isaac_ros_nitros/isaac_ros_nitros_type/isaac_ros_nitros_detection2_d_array_type) by extension 'colcon_pkg'
[0.321s] Level 1:colcon.colcon_core.package_identification:_identify(src/isaac_ros_nitros/isaac_ros_nitros_type/isaac_ros_nitros_detection2_d_array_type) by extensions ['colcon_meta']
[0.321s] Level 1:colcon.colcon_core.package_identification:_identify(src/isaac_ros_nitros/isaac_ros_nitros_type/isaac_ros_nitros_detection2_d_array_type) by extension 'colcon_meta'
[0.321s] Level 1:colcon.colcon_core.package_identification:_identify(src/isaac_ros_nitros/isaac_ros_nitros_type/isaac_ros_nitros_detection2_d_array_type) by extensions ['ros']
[0.321s] Level 1:colcon.colcon_core.package_identification:_identify(src/isaac_ros_nitros/isaac_ros_nitros_type/isaac_ros_nitros_detection2_d_array_type) by extension 'ros'
[0.321s] DEBUG:colcon.colcon_core.package_identification:Package 'src/isaac_ros_nitros/isaac_ros_nitros_type/isaac_ros_nitros_detection2_d_array_type' with type 'ros.ament_cmake' and name 'isaac_ros_nitros_detection2_d_array_type'
[0.321s] Level 1:colcon.colcon_core.package_identification:_identify(src/isaac_ros_nitros/isaac_ros_nitros_type/isaac_ros_nitros_detection3_d_array_type) by extensions ['ignore', 'ignore_ament_install']
[0.321s] Level 1:colcon.colcon_core.package_identification:_identify(src/isaac_ros_nitros/isaac_ros_nitros_type/isaac_ros_nitros_detection3_d_array_type) by extension 'ignore'
[0.321s] Level 1:colcon.colcon_core.package_identification:_identify(src/isaac_ros_nitros/isaac_ros_nitros_type/isaac_ros_nitros_detection3_d_array_type) by extension 'ignore_ament_install'
[0.322s] Level 1:colcon.colcon_core.package_identification:_identify(src/isaac_ros_nitros/isaac_ros_nitros_type/isaac_ros_nitros_detection3_d_array_type) by extensions ['colcon_pkg']
[0.322s] Level 1:colcon.colcon_core.package_identification:_identify(src/isaac_ros_nitros/isaac_ros_nitros_type/isaac_ros_nitros_detection3_d_array_type) by extension 'colcon_pkg'
[0.322s] Level 1:colcon.colcon_core.package_identification:_identify(src/isaac_ros_nitros/isaac_ros_nitros_type/isaac_ros_nitros_detection3_d_array_type) by extensions ['colcon_meta']
[0.322s] Level 1:colcon.colcon_core.package_identification:_identify(src/isaac_ros_nitros/isaac_ros_nitros_type/isaac_ros_nitros_detection3_d_array_type) by extension 'colcon_meta'
[0.322s] Level 1:colcon.colcon_core.package_identification:_identify(src/isaac_ros_nitros/isaac_ros_nitros_type/isaac_ros_nitros_detection3_d_array_type) by extensions ['ros']
[0.322s] Level 1:colcon.colcon_core.package_identification:_identify(src/isaac_ros_nitros/isaac_ros_nitros_type/isaac_ros_nitros_detection3_d_array_type) by extension 'ros'
[0.322s] DEBUG:colcon.colcon_core.package_identification:Package 'src/isaac_ros_nitros/isaac_ros_nitros_type/isaac_ros_nitros_detection3_d_array_type' with type 'ros.ament_cmake' and name 'isaac_ros_nitros_detection3_d_array_type'
[0.322s] Level 1:colcon.colcon_core.package_identification:_identify(src/isaac_ros_nitros/isaac_ros_nitros_type/isaac_ros_nitros_disparity_image_type) by extensions ['ignore', 'ignore_ament_install']
[0.322s] Level 1:colcon.colcon_core.package_identification:_identify(src/isaac_ros_nitros/isaac_ros_nitros_type/isaac_ros_nitros_disparity_image_type) by extension 'ignore'
[0.322s] Level 1:colcon.colcon_core.package_identification:_identify(src/isaac_ros_nitros/isaac_ros_nitros_type/isaac_ros_nitros_disparity_image_type) by extension 'ignore_ament_install'
[0.322s] Level 1:colcon.colcon_core.package_identification:_identify(src/isaac_ros_nitros/isaac_ros_nitros_type/isaac_ros_nitros_disparity_image_type) by extensions ['colcon_pkg']
[0.322s] Level 1:colcon.colcon_core.package_identification:_identify(src/isaac_ros_nitros/isaac_ros_nitros_type/isaac_ros_nitros_disparity_image_type) by extension 'colcon_pkg'
[0.322s] Level 1:colcon.colcon_core.package_identification:_identify(src/isaac_ros_nitros/isaac_ros_nitros_type/isaac_ros_nitros_disparity_image_type) by extensions ['colcon_meta']
[0.322s] Level 1:colcon.colcon_core.package_identification:_identify(src/isaac_ros_nitros/isaac_ros_nitros_type/isaac_ros_nitros_disparity_image_type) by extension 'colcon_meta'
[0.322s] Level 1:colcon.colcon_core.package_identification:_identify(src/isaac_ros_nitros/isaac_ros_nitros_type/isaac_ros_nitros_disparity_image_type) by extensions ['ros']
[0.323s] Level 1:colcon.colcon_core.package_identification:_identify(src/isaac_ros_nitros/isaac_ros_nitros_type/isaac_ros_nitros_disparity_image_type) by extension 'ros'
[0.323s] DEBUG:colcon.colcon_core.package_identification:Package 'src/isaac_ros_nitros/isaac_ros_nitros_type/isaac_ros_nitros_disparity_image_type' with type 'ros.ament_cmake' and name 'isaac_ros_nitros_disparity_image_type'
[0.323s] Level 1:colcon.colcon_core.package_identification:_identify(src/isaac_ros_nitros/isaac_ros_nitros_type/isaac_ros_nitros_encoder_ticks_type) by extensions ['ignore', 'ignore_ament_install']
[0.323s] Level 1:colcon.colcon_core.package_identification:_identify(src/isaac_ros_nitros/isaac_ros_nitros_type/isaac_ros_nitros_encoder_ticks_type) by extension 'ignore'
[0.323s] Level 1:colcon.colcon_core.package_identification:_identify(src/isaac_ros_nitros/isaac_ros_nitros_type/isaac_ros_nitros_encoder_ticks_type) by extension 'ignore_ament_install'
[0.323s] Level 1:colcon.colcon_core.package_identification:_identify(src/isaac_ros_nitros/isaac_ros_nitros_type/isaac_ros_nitros_encoder_ticks_type) by extensions ['colcon_pkg']
[0.323s] Level 1:colcon.colcon_core.package_identification:_identify(src/isaac_ros_nitros/isaac_ros_nitros_type/isaac_ros_nitros_encoder_ticks_type) by extension 'colcon_pkg'
[0.323s] Level 1:colcon.colcon_core.package_identification:_identify(src/isaac_ros_nitros/isaac_ros_nitros_type/isaac_ros_nitros_encoder_ticks_type) by extensions ['colcon_meta']
[0.323s] Level 1:colcon.colcon_core.package_identification:_identify(src/isaac_ros_nitros/isaac_ros_nitros_type/isaac_ros_nitros_encoder_ticks_type) by extension 'colcon_meta'
[0.323s] Level 1:colcon.colcon_core.package_identification:_identify(src/isaac_ros_nitros/isaac_ros_nitros_type/isaac_ros_nitros_encoder_ticks_type) by extensions ['ros']
[0.323s] Level 1:colcon.colcon_core.package_identification:_identify(src/isaac_ros_nitros/isaac_ros_nitros_type/isaac_ros_nitros_encoder_ticks_type) by extension 'ros'
[0.324s] DEBUG:colcon.colcon_core.package_identification:Package 'src/isaac_ros_nitros/isaac_ros_nitros_type/isaac_ros_nitros_encoder_ticks_type' with type 'ros.ament_cmake' and name 'isaac_ros_nitros_encoder_ticks_type'
[0.324s] Level 1:colcon.colcon_core.package_identification:_identify(src/isaac_ros_nitros/isaac_ros_nitros_type/isaac_ros_nitros_flat_scan_type) by extensions ['ignore', 'ignore_ament_install']
[0.324s] Level 1:colcon.colcon_core.package_identification:_identify(src/isaac_ros_nitros/isaac_ros_nitros_type/isaac_ros_nitros_flat_scan_type) by extension 'ignore'
[0.324s] Level 1:colcon.colcon_core.package_identification:_identify(src/isaac_ros_nitros/isaac_ros_nitros_type/isaac_ros_nitros_flat_scan_type) by extension 'ignore_ament_install'
[0.324s] Level 1:colcon.colcon_core.package_identification:_identify(src/isaac_ros_nitros/isaac_ros_nitros_type/isaac_ros_nitros_flat_scan_type) by extensions ['colcon_pkg']
[0.324s] Level 1:colcon.colcon_core.package_identification:_identify(src/isaac_ros_nitros/isaac_ros_nitros_type/isaac_ros_nitros_flat_scan_type) by extension 'colcon_pkg'
[0.324s] Level 1:colcon.colcon_core.package_identification:_identify(src/isaac_ros_nitros/isaac_ros_nitros_type/isaac_ros_nitros_flat_scan_type) by extensions ['colcon_meta']
[0.324s] Level 1:colcon.colcon_core.package_identification:_identify(src/isaac_ros_nitros/isaac_ros_nitros_type/isaac_ros_nitros_flat_scan_type) by extension 'colcon_meta'
[0.324s] Level 1:colcon.colcon_core.package_identification:_identify(src/isaac_ros_nitros/isaac_ros_nitros_type/isaac_ros_nitros_flat_scan_type) by extensions ['ros']
[0.324s] Level 1:colcon.colcon_core.package_identification:_identify(src/isaac_ros_nitros/isaac_ros_nitros_type/isaac_ros_nitros_flat_scan_type) by extension 'ros'
[0.325s] DEBUG:colcon.colcon_core.package_identification:Package 'src/isaac_ros_nitros/isaac_ros_nitros_type/isaac_ros_nitros_flat_scan_type' with type 'ros.ament_cmake' and name 'isaac_ros_nitros_flat_scan_type'
[0.325s] Level 1:colcon.colcon_core.package_identification:_identify(src/isaac_ros_nitros/isaac_ros_nitros_type/isaac_ros_nitros_image_type) by extensions ['ignore', 'ignore_ament_install']
[0.325s] Level 1:colcon.colcon_core.package_identification:_identify(src/isaac_ros_nitros/isaac_ros_nitros_type/isaac_ros_nitros_image_type) by extension 'ignore'
[0.325s] Level 1:colcon.colcon_core.package_identification:_identify(src/isaac_ros_nitros/isaac_ros_nitros_type/isaac_ros_nitros_image_type) by extension 'ignore_ament_install'
[0.325s] Level 1:colcon.colcon_core.package_identification:_identify(src/isaac_ros_nitros/isaac_ros_nitros_type/isaac_ros_nitros_image_type) by extensions ['colcon_pkg']
[0.325s] Level 1:colcon.colcon_core.package_identification:_identify(src/isaac_ros_nitros/isaac_ros_nitros_type/isaac_ros_nitros_image_type) by extension 'colcon_pkg'
[0.325s] Level 1:colcon.colcon_core.package_identification:_identify(src/isaac_ros_nitros/isaac_ros_nitros_type/isaac_ros_nitros_image_type) by extensions ['colcon_meta']
[0.325s] Level 1:colcon.colcon_core.package_identification:_identify(src/isaac_ros_nitros/isaac_ros_nitros_type/isaac_ros_nitros_image_type) by extension 'colcon_meta'
[0.325s] Level 1:colcon.colcon_core.package_identification:_identify(src/isaac_ros_nitros/isaac_ros_nitros_type/isaac_ros_nitros_image_type) by extensions ['ros']
[0.325s] Level 1:colcon.colcon_core.package_identification:_identify(src/isaac_ros_nitros/isaac_ros_nitros_type/isaac_ros_nitros_image_type) by extension 'ros'
[0.326s] DEBUG:colcon.colcon_core.package_identification:Package 'src/isaac_ros_nitros/isaac_ros_nitros_type/isaac_ros_nitros_image_type' with type 'ros.ament_cmake' and name 'isaac_ros_nitros_image_type'
[0.326s] Level 1:colcon.colcon_core.package_identification:_identify(src/isaac_ros_nitros/isaac_ros_nitros_type/isaac_ros_nitros_imu_type) by extensions ['ignore', 'ignore_ament_install']
[0.326s] Level 1:colcon.colcon_core.package_identification:_identify(src/isaac_ros_nitros/isaac_ros_nitros_type/isaac_ros_nitros_imu_type) by extension 'ignore'
[0.326s] Level 1:colcon.colcon_core.package_identification:_identify(src/isaac_ros_nitros/isaac_ros_nitros_type/isaac_ros_nitros_imu_type) by extension 'ignore_ament_install'
[0.326s] Level 1:colcon.colcon_core.package_identification:_identify(src/isaac_ros_nitros/isaac_ros_nitros_type/isaac_ros_nitros_imu_type) by extensions ['colcon_pkg']
[0.326s] Level 1:colcon.colcon_core.package_identification:_identify(src/isaac_ros_nitros/isaac_ros_nitros_type/isaac_ros_nitros_imu_type) by extension 'colcon_pkg'
[0.326s] Level 1:colcon.colcon_core.package_identification:_identify(src/isaac_ros_nitros/isaac_ros_nitros_type/isaac_ros_nitros_imu_type) by extensions ['colcon_meta']
[0.326s] Level 1:colcon.colcon_core.package_identification:_identify(src/isaac_ros_nitros/isaac_ros_nitros_type/isaac_ros_nitros_imu_type) by extension 'colcon_meta'
[0.326s] Level 1:colcon.colcon_core.package_identification:_identify(src/isaac_ros_nitros/isaac_ros_nitros_type/isaac_ros_nitros_imu_type) by extensions ['ros']
[0.326s] Level 1:colcon.colcon_core.package_identification:_identify(src/isaac_ros_nitros/isaac_ros_nitros_type/isaac_ros_nitros_imu_type) by extension 'ros'
[0.327s] DEBUG:colcon.colcon_core.package_identification:Package 'src/isaac_ros_nitros/isaac_ros_nitros_type/isaac_ros_nitros_imu_type' with type 'ros.ament_cmake' and name 'isaac_ros_nitros_imu_type'
[0.327s] Level 1:colcon.colcon_core.package_identification:_identify(src/isaac_ros_nitros/isaac_ros_nitros_type/isaac_ros_nitros_occupancy_grid_type) by extensions ['ignore', 'ignore_ament_install']
[0.327s] Level 1:colcon.colcon_core.package_identification:_identify(src/isaac_ros_nitros/isaac_ros_nitros_type/isaac_ros_nitros_occupancy_grid_type) by extension 'ignore'
[0.327s] Level 1:colcon.colcon_core.package_identification:_identify(src/isaac_ros_nitros/isaac_ros_nitros_type/isaac_ros_nitros_occupancy_grid_type) by extension 'ignore_ament_install'
[0.327s] Level 1:colcon.colcon_core.package_identification:_identify(src/isaac_ros_nitros/isaac_ros_nitros_type/isaac_ros_nitros_occupancy_grid_type) by extensions ['colcon_pkg']
[0.327s] Level 1:colcon.colcon_core.package_identification:_identify(src/isaac_ros_nitros/isaac_ros_nitros_type/isaac_ros_nitros_occupancy_grid_type) by extension 'colcon_pkg'
[0.327s] Level 1:colcon.colcon_core.package_identification:_identify(src/isaac_ros_nitros/isaac_ros_nitros_type/isaac_ros_nitros_occupancy_grid_type) by extensions ['colcon_meta']
[0.327s] Level 1:colcon.colcon_core.package_identification:_identify(src/isaac_ros_nitros/isaac_ros_nitros_type/isaac_ros_nitros_occupancy_grid_type) by extension 'colcon_meta'
[0.327s] Level 1:colcon.colcon_core.package_identification:_identify(src/isaac_ros_nitros/isaac_ros_nitros_type/isaac_ros_nitros_occupancy_grid_type) by extensions ['ros']
[0.327s] Level 1:colcon.colcon_core.package_identification:_identify(src/isaac_ros_nitros/isaac_ros_nitros_type/isaac_ros_nitros_occupancy_grid_type) by extension 'ros'
[0.327s] DEBUG:colcon.colcon_core.package_identification:Package 'src/isaac_ros_nitros/isaac_ros_nitros_type/isaac_ros_nitros_occupancy_grid_type' with type 'ros.ament_cmake' and name 'isaac_ros_nitros_occupancy_grid_type'
[0.327s] Level 1:colcon.colcon_core.package_identification:_identify(src/isaac_ros_nitros/isaac_ros_nitros_type/isaac_ros_nitros_odometry_type) by extensions ['ignore', 'ignore_ament_install']
[0.327s] Level 1:colcon.colcon_core.package_identification:_identify(src/isaac_ros_nitros/isaac_ros_nitros_type/isaac_ros_nitros_odometry_type) by extension 'ignore'
[0.327s] Level 1:colcon.colcon_core.package_identification:_identify(src/isaac_ros_nitros/isaac_ros_nitros_type/isaac_ros_nitros_odometry_type) by extension 'ignore_ament_install'
[0.328s] Level 1:colcon.colcon_core.package_identification:_identify(src/isaac_ros_nitros/isaac_ros_nitros_type/isaac_ros_nitros_odometry_type) by extensions ['colcon_pkg']
[0.328s] Level 1:colcon.colcon_core.package_identification:_identify(src/isaac_ros_nitros/isaac_ros_nitros_type/isaac_ros_nitros_odometry_type) by extension 'colcon_pkg'
[0.328s] Level 1:colcon.colcon_core.package_identification:_identify(src/isaac_ros_nitros/isaac_ros_nitros_type/isaac_ros_nitros_odometry_type) by extensions ['colcon_meta']
[0.328s] Level 1:colcon.colcon_core.package_identification:_identify(src/isaac_ros_nitros/isaac_ros_nitros_type/isaac_ros_nitros_odometry_type) by extension 'colcon_meta'
[0.328s] Level 1:colcon.colcon_core.package_identification:_identify(src/isaac_ros_nitros/isaac_ros_nitros_type/isaac_ros_nitros_odometry_type) by extensions ['ros']
[0.328s] Level 1:colcon.colcon_core.package_identification:_identify(src/isaac_ros_nitros/isaac_ros_nitros_type/isaac_ros_nitros_odometry_type) by extension 'ros'
[0.328s] DEBUG:colcon.colcon_core.package_identification:Package 'src/isaac_ros_nitros/isaac_ros_nitros_type/isaac_ros_nitros_odometry_type' with type 'ros.ament_cmake' and name 'isaac_ros_nitros_odometry_type'
[0.328s] Level 1:colcon.colcon_core.package_identification:_identify(src/isaac_ros_nitros/isaac_ros_nitros_type/isaac_ros_nitros_point_cloud_type) by extensions ['ignore', 'ignore_ament_install']
[0.328s] Level 1:colcon.colcon_core.package_identification:_identify(src/isaac_ros_nitros/isaac_ros_nitros_type/isaac_ros_nitros_point_cloud_type) by extension 'ignore'
[0.328s] Level 1:colcon.colcon_core.package_identification:_identify(src/isaac_ros_nitros/isaac_ros_nitros_type/isaac_ros_nitros_point_cloud_type) by extension 'ignore_ament_install'
[0.329s] Level 1:colcon.colcon_core.package_identification:_identify(src/isaac_ros_nitros/isaac_ros_nitros_type/isaac_ros_nitros_point_cloud_type) by extensions ['colcon_pkg']
[0.329s] Level 1:colcon.colcon_core.package_identification:_identify(src/isaac_ros_nitros/isaac_ros_nitros_type/isaac_ros_nitros_point_cloud_type) by extension 'colcon_pkg'
[0.329s] Level 1:colcon.colcon_core.package_identification:_identify(src/isaac_ros_nitros/isaac_ros_nitros_type/isaac_ros_nitros_point_cloud_type) by extensions ['colcon_meta']
[0.329s] Level 1:colcon.colcon_core.package_identification:_identify(src/isaac_ros_nitros/isaac_ros_nitros_type/isaac_ros_nitros_point_cloud_type) by extension 'colcon_meta'
[0.329s] Level 1:colcon.colcon_core.package_identification:_identify(src/isaac_ros_nitros/isaac_ros_nitros_type/isaac_ros_nitros_point_cloud_type) by extensions ['ros']
[0.329s] Level 1:colcon.colcon_core.package_identification:_identify(src/isaac_ros_nitros/isaac_ros_nitros_type/isaac_ros_nitros_point_cloud_type) by extension 'ros'
[0.329s] DEBUG:colcon.colcon_core.package_identification:Package 'src/isaac_ros_nitros/isaac_ros_nitros_type/isaac_ros_nitros_point_cloud_type' with type 'ros.ament_cmake' and name 'isaac_ros_nitros_point_cloud_type'
[0.329s] Level 1:colcon.colcon_core.package_identification:_identify(src/isaac_ros_nitros/isaac_ros_nitros_type/isaac_ros_nitros_pose_array_type) by extensions ['ignore', 'ignore_ament_install']
[0.329s] Level 1:colcon.colcon_core.package_identification:_identify(src/isaac_ros_nitros/isaac_ros_nitros_type/isaac_ros_nitros_pose_array_type) by extension 'ignore'
[0.329s] Level 1:colcon.colcon_core.package_identification:_identify(src/isaac_ros_nitros/isaac_ros_nitros_type/isaac_ros_nitros_pose_array_type) by extension 'ignore_ament_install'
[0.329s] Level 1:colcon.colcon_core.package_identification:_identify(src/isaac_ros_nitros/isaac_ros_nitros_type/isaac_ros_nitros_pose_array_type) by extensions ['colcon_pkg']
[0.329s] Level 1:colcon.colcon_core.package_identification:_identify(src/isaac_ros_nitros/isaac_ros_nitros_type/isaac_ros_nitros_pose_array_type) by extension 'colcon_pkg'
[0.329s] Level 1:colcon.colcon_core.package_identification:_identify(src/isaac_ros_nitros/isaac_ros_nitros_type/isaac_ros_nitros_pose_array_type) by extensions ['colcon_meta']
[0.329s] Level 1:colcon.colcon_core.package_identification:_identify(src/isaac_ros_nitros/isaac_ros_nitros_type/isaac_ros_nitros_pose_array_type) by extension 'colcon_meta'
[0.329s] Level 1:colcon.colcon_core.package_identification:_identify(src/isaac_ros_nitros/isaac_ros_nitros_type/isaac_ros_nitros_pose_array_type) by extensions ['ros']
[0.329s] Level 1:colcon.colcon_core.package_identification:_identify(src/isaac_ros_nitros/isaac_ros_nitros_type/isaac_ros_nitros_pose_array_type) by extension 'ros'
[0.330s] DEBUG:colcon.colcon_core.package_identification:Package 'src/isaac_ros_nitros/isaac_ros_nitros_type/isaac_ros_nitros_pose_array_type' with type 'ros.ament_cmake' and name 'isaac_ros_nitros_pose_array_type'
[0.330s] Level 1:colcon.colcon_core.package_identification:_identify(src/isaac_ros_nitros/isaac_ros_nitros_type/isaac_ros_nitros_pose_cov_stamped_type) by extensions ['ignore', 'ignore_ament_install']
[0.330s] Level 1:colcon.colcon_core.package_identification:_identify(src/isaac_ros_nitros/isaac_ros_nitros_type/isaac_ros_nitros_pose_cov_stamped_type) by extension 'ignore'
[0.330s] Level 1:colcon.colcon_core.package_identification:_identify(src/isaac_ros_nitros/isaac_ros_nitros_type/isaac_ros_nitros_pose_cov_stamped_type) by extension 'ignore_ament_install'
[0.330s] Level 1:colcon.colcon_core.package_identification:_identify(src/isaac_ros_nitros/isaac_ros_nitros_type/isaac_ros_nitros_pose_cov_stamped_type) by extensions ['colcon_pkg']
[0.330s] Level 1:colcon.colcon_core.package_identification:_identify(src/isaac_ros_nitros/isaac_ros_nitros_type/isaac_ros_nitros_pose_cov_stamped_type) by extension 'colcon_pkg'
[0.330s] Level 1:colcon.colcon_core.package_identification:_identify(src/isaac_ros_nitros/isaac_ros_nitros_type/isaac_ros_nitros_pose_cov_stamped_type) by extensions ['colcon_meta']
[0.330s] Level 1:colcon.colcon_core.package_identification:_identify(src/isaac_ros_nitros/isaac_ros_nitros_type/isaac_ros_nitros_pose_cov_stamped_type) by extension 'colcon_meta'
[0.330s] Level 1:colcon.colcon_core.package_identification:_identify(src/isaac_ros_nitros/isaac_ros_nitros_type/isaac_ros_nitros_pose_cov_stamped_type) by extensions ['ros']
[0.330s] Level 1:colcon.colcon_core.package_identification:_identify(src/isaac_ros_nitros/isaac_ros_nitros_type/isaac_ros_nitros_pose_cov_stamped_type) by extension 'ros'
[0.331s] DEBUG:colcon.colcon_core.package_identification:Package 'src/isaac_ros_nitros/isaac_ros_nitros_type/isaac_ros_nitros_pose_cov_stamped_type' with type 'ros.ament_cmake' and name 'isaac_ros_nitros_pose_cov_stamped_type'
[0.331s] Level 1:colcon.colcon_core.package_identification:_identify(src/isaac_ros_nitros/isaac_ros_nitros_type/isaac_ros_nitros_std_msg_type) by extensions ['ignore', 'ignore_ament_install']
[0.331s] Level 1:colcon.colcon_core.package_identification:_identify(src/isaac_ros_nitros/isaac_ros_nitros_type/isaac_ros_nitros_std_msg_type) by extension 'ignore'
[0.331s] Level 1:colcon.colcon_core.package_identification:_identify(src/isaac_ros_nitros/isaac_ros_nitros_type/isaac_ros_nitros_std_msg_type) by extension 'ignore_ament_install'
[0.331s] Level 1:colcon.colcon_core.package_identification:_identify(src/isaac_ros_nitros/isaac_ros_nitros_type/isaac_ros_nitros_std_msg_type) by extensions ['colcon_pkg']
[0.331s] Level 1:colcon.colcon_core.package_identification:_identify(src/isaac_ros_nitros/isaac_ros_nitros_type/isaac_ros_nitros_std_msg_type) by extension 'colcon_pkg'
[0.331s] Level 1:colcon.colcon_core.package_identification:_identify(src/isaac_ros_nitros/isaac_ros_nitros_type/isaac_ros_nitros_std_msg_type) by extensions ['colcon_meta']
[0.331s] Level 1:colcon.colcon_core.package_identification:_identify(src/isaac_ros_nitros/isaac_ros_nitros_type/isaac_ros_nitros_std_msg_type) by extension 'colcon_meta'
[0.331s] Level 1:colcon.colcon_core.package_identification:_identify(src/isaac_ros_nitros/isaac_ros_nitros_type/isaac_ros_nitros_std_msg_type) by extensions ['ros']
[0.331s] Level 1:colcon.colcon_core.package_identification:_identify(src/isaac_ros_nitros/isaac_ros_nitros_type/isaac_ros_nitros_std_msg_type) by extension 'ros'
[0.332s] DEBUG:colcon.colcon_core.package_identification:Package 'src/isaac_ros_nitros/isaac_ros_nitros_type/isaac_ros_nitros_std_msg_type' with type 'ros.ament_cmake' and name 'isaac_ros_nitros_std_msg_type'
[0.332s] Level 1:colcon.colcon_core.package_identification:_identify(src/isaac_ros_nitros/isaac_ros_nitros_type/isaac_ros_nitros_tensor_list_type) by extensions ['ignore', 'ignore_ament_install']
[0.332s] Level 1:colcon.colcon_core.package_identification:_identify(src/isaac_ros_nitros/isaac_ros_nitros_type/isaac_ros_nitros_tensor_list_type) by extension 'ignore'
[0.332s] Level 1:colcon.colcon_core.package_identification:_identify(src/isaac_ros_nitros/isaac_ros_nitros_type/isaac_ros_nitros_tensor_list_type) by extension 'ignore_ament_install'
[0.332s] Level 1:colcon.colcon_core.package_identification:_identify(src/isaac_ros_nitros/isaac_ros_nitros_type/isaac_ros_nitros_tensor_list_type) by extensions ['colcon_pkg']
[0.332s] Level 1:colcon.colcon_core.package_identification:_identify(src/isaac_ros_nitros/isaac_ros_nitros_type/isaac_ros_nitros_tensor_list_type) by extension 'colcon_pkg'
[0.332s] Level 1:colcon.colcon_core.package_identification:_identify(src/isaac_ros_nitros/isaac_ros_nitros_type/isaac_ros_nitros_tensor_list_type) by extensions ['colcon_meta']
[0.332s] Level 1:colcon.colcon_core.package_identification:_identify(src/isaac_ros_nitros/isaac_ros_nitros_type/isaac_ros_nitros_tensor_list_type) by extension 'colcon_meta'
[0.332s] Level 1:colcon.colcon_core.package_identification:_identify(src/isaac_ros_nitros/isaac_ros_nitros_type/isaac_ros_nitros_tensor_list_type) by extensions ['ros']
[0.332s] Level 1:colcon.colcon_core.package_identification:_identify(src/isaac_ros_nitros/isaac_ros_nitros_type/isaac_ros_nitros_tensor_list_type) by extension 'ros'
[0.332s] DEBUG:colcon.colcon_core.package_identification:Package 'src/isaac_ros_nitros/isaac_ros_nitros_type/isaac_ros_nitros_tensor_list_type' with type 'ros.ament_cmake' and name 'isaac_ros_nitros_tensor_list_type'
[0.332s] Level 1:colcon.colcon_core.package_identification:_identify(src/isaac_ros_nitros/isaac_ros_nitros_type/isaac_ros_nitros_twist_type) by extensions ['ignore', 'ignore_ament_install']
[0.332s] Level 1:colcon.colcon_core.package_identification:_identify(src/isaac_ros_nitros/isaac_ros_nitros_type/isaac_ros_nitros_twist_type) by extension 'ignore'
[0.332s] Level 1:colcon.colcon_core.package_identification:_identify(src/isaac_ros_nitros/isaac_ros_nitros_type/isaac_ros_nitros_twist_type) by extension 'ignore_ament_install'
[0.333s] Level 1:colcon.colcon_core.package_identification:_identify(src/isaac_ros_nitros/isaac_ros_nitros_type/isaac_ros_nitros_twist_type) by extensions ['colcon_pkg']
[0.333s] Level 1:colcon.colcon_core.package_identification:_identify(src/isaac_ros_nitros/isaac_ros_nitros_type/isaac_ros_nitros_twist_type) by extension 'colcon_pkg'
[0.333s] Level 1:colcon.colcon_core.package_identification:_identify(src/isaac_ros_nitros/isaac_ros_nitros_type/isaac_ros_nitros_twist_type) by extensions ['colcon_meta']
[0.333s] Level 1:colcon.colcon_core.package_identification:_identify(src/isaac_ros_nitros/isaac_ros_nitros_type/isaac_ros_nitros_twist_type) by extension 'colcon_meta'
[0.333s] Level 1:colcon.colcon_core.package_identification:_identify(src/isaac_ros_nitros/isaac_ros_nitros_type/isaac_ros_nitros_twist_type) by extensions ['ros']
[0.333s] Level 1:colcon.colcon_core.package_identification:_identify(src/isaac_ros_nitros/isaac_ros_nitros_type/isaac_ros_nitros_twist_type) by extension 'ros'
[0.333s] DEBUG:colcon.colcon_core.package_identification:Package 'src/isaac_ros_nitros/isaac_ros_nitros_type/isaac_ros_nitros_twist_type' with type 'ros.ament_cmake' and name 'isaac_ros_nitros_twist_type'
[0.333s] Level 1:colcon.colcon_core.package_identification:_identify(src/isaac_ros_nitros/isaac_ros_pynitros) by extensions ['ignore', 'ignore_ament_install']
[0.333s] Level 1:colcon.colcon_core.package_identification:_identify(src/isaac_ros_nitros/isaac_ros_pynitros) by extension 'ignore'
[0.333s] Level 1:colcon.colcon_core.package_identification:_identify(src/isaac_ros_nitros/isaac_ros_pynitros) by extension 'ignore_ament_install'
[0.333s] Level 1:colcon.colcon_core.package_identification:_identify(src/isaac_ros_nitros/isaac_ros_pynitros) by extensions ['colcon_pkg']
[0.333s] Level 1:colcon.colcon_core.package_identification:_identify(src/isaac_ros_nitros/isaac_ros_pynitros) by extension 'colcon_pkg'
[0.333s] Level 1:colcon.colcon_core.package_identification:_identify(src/isaac_ros_nitros/isaac_ros_pynitros) by extensions ['colcon_meta']
[0.333s] Level 1:colcon.colcon_core.package_identification:_identify(src/isaac_ros_nitros/isaac_ros_pynitros) by extension 'colcon_meta'
[0.334s] Level 1:colcon.colcon_core.package_identification:_identify(src/isaac_ros_nitros/isaac_ros_pynitros) by extensions ['ros']
[0.334s] Level 1:colcon.colcon_core.package_identification:_identify(src/isaac_ros_nitros/isaac_ros_pynitros) by extension 'ros'
[0.334s] DEBUG:colcon.colcon_core.package_identification:Package 'src/isaac_ros_nitros/isaac_ros_pynitros' with type 'ros.ament_python' and name 'isaac_ros_pynitros'
[0.334s] Level 1:colcon.colcon_core.package_identification:_identify(src/isaac_ros_pose_estimation) by extensions ['ignore', 'ignore_ament_install']
[0.334s] Level 1:colcon.colcon_core.package_identification:_identify(src/isaac_ros_pose_estimation) by extension 'ignore'
[0.334s] Level 1:colcon.colcon_core.package_identification:_identify(src/isaac_ros_pose_estimation) by extension 'ignore_ament_install'
[0.334s] Level 1:colcon.colcon_core.package_identification:_identify(src/isaac_ros_pose_estimation) by extensions ['colcon_pkg']
[0.334s] Level 1:colcon.colcon_core.package_identification:_identify(src/isaac_ros_pose_estimation) by extension 'colcon_pkg'
[0.334s] Level 1:colcon.colcon_core.package_identification:_identify(src/isaac_ros_pose_estimation) by extensions ['colcon_meta']
[0.334s] Level 1:colcon.colcon_core.package_identification:_identify(src/isaac_ros_pose_estimation) by extension 'colcon_meta'
[0.334s] Level 1:colcon.colcon_core.package_identification:_identify(src/isaac_ros_pose_estimation) by extensions ['ros']
[0.334s] Level 1:colcon.colcon_core.package_identification:_identify(src/isaac_ros_pose_estimation) by extension 'ros'
[0.334s] Level 1:colcon.colcon_core.package_identification:_identify(src/isaac_ros_pose_estimation) by extensions ['cmake', 'python']
[0.334s] Level 1:colcon.colcon_core.package_identification:_identify(src/isaac_ros_pose_estimation) by extension 'cmake'
[0.334s] Level 1:colcon.colcon_core.package_identification:_identify(src/isaac_ros_pose_estimation) by extension 'python'
[0.334s] Level 1:colcon.colcon_core.package_identification:_identify(src/isaac_ros_pose_estimation) by extensions ['python_setup_py']
[0.334s] Level 1:colcon.colcon_core.package_identification:_identify(src/isaac_ros_pose_estimation) by extension 'python_setup_py'
[0.334s] Level 1:colcon.colcon_core.package_identification:_identify(src/isaac_ros_pose_estimation/isaac_ros_centerpose) by extensions ['ignore', 'ignore_ament_install']
[0.334s] Level 1:colcon.colcon_core.package_identification:_identify(src/isaac_ros_pose_estimation/isaac_ros_centerpose) by extension 'ignore'
[0.334s] Level 1:colcon.colcon_core.package_identification:_identify(src/isaac_ros_pose_estimation/isaac_ros_centerpose) by extension 'ignore_ament_install'
[0.334s] Level 1:colcon.colcon_core.package_identification:_identify(src/isaac_ros_pose_estimation/isaac_ros_centerpose) by extensions ['colcon_pkg']
[0.334s] Level 1:colcon.colcon_core.package_identification:_identify(src/isaac_ros_pose_estimation/isaac_ros_centerpose) by extension 'colcon_pkg'
[0.334s] Level 1:colcon.colcon_core.package_identification:_identify(src/isaac_ros_pose_estimation/isaac_ros_centerpose) by extensions ['colcon_meta']
[0.335s] Level 1:colcon.colcon_core.package_identification:_identify(src/isaac_ros_pose_estimation/isaac_ros_centerpose) by extension 'colcon_meta'
[0.335s] Level 1:colcon.colcon_core.package_identification:_identify(src/isaac_ros_pose_estimation/isaac_ros_centerpose) by extensions ['ros']
[0.335s] Level 1:colcon.colcon_core.package_identification:_identify(src/isaac_ros_pose_estimation/isaac_ros_centerpose) by extension 'ros'
[0.336s] DEBUG:colcon.colcon_core.package_identification:Package 'src/isaac_ros_pose_estimation/isaac_ros_centerpose' with type 'ros.ament_cmake' and name 'isaac_ros_centerpose'
[0.336s] Level 1:colcon.colcon_core.package_identification:_identify(src/isaac_ros_pose_estimation/isaac_ros_dope) by extensions ['ignore', 'ignore_ament_install']
[0.336s] Level 1:colcon.colcon_core.package_identification:_identify(src/isaac_ros_pose_estimation/isaac_ros_dope) by extension 'ignore'
[0.336s] Level 1:colcon.colcon_core.package_identification:_identify(src/isaac_ros_pose_estimation/isaac_ros_dope) by extension 'ignore_ament_install'
[0.336s] Level 1:colcon.colcon_core.package_identification:_identify(src/isaac_ros_pose_estimation/isaac_ros_dope) by extensions ['colcon_pkg']
[0.336s] Level 1:colcon.colcon_core.package_identification:_identify(src/isaac_ros_pose_estimation/isaac_ros_dope) by extension 'colcon_pkg'
[0.336s] Level 1:colcon.colcon_core.package_identification:_identify(src/isaac_ros_pose_estimation/isaac_ros_dope) by extensions ['colcon_meta']
[0.336s] Level 1:colcon.colcon_core.package_identification:_identify(src/isaac_ros_pose_estimation/isaac_ros_dope) by extension 'colcon_meta'
[0.336s] Level 1:colcon.colcon_core.package_identification:_identify(src/isaac_ros_pose_estimation/isaac_ros_dope) by extensions ['ros']
[0.336s] Level 1:colcon.colcon_core.package_identification:_identify(src/isaac_ros_pose_estimation/isaac_ros_dope) by extension 'ros'
[0.337s] DEBUG:colcon.colcon_core.package_identification:Package 'src/isaac_ros_pose_estimation/isaac_ros_dope' with type 'ros.ament_cmake' and name 'isaac_ros_dope'
[0.337s] Level 1:colcon.colcon_core.package_identification:_identify(src/isaac_ros_pose_estimation/isaac_ros_foundationpose) by extensions ['ignore', 'ignore_ament_install']
[0.337s] Level 1:colcon.colcon_core.package_identification:_identify(src/isaac_ros_pose_estimation/isaac_ros_foundationpose) by extension 'ignore'
[0.337s] Level 1:colcon.colcon_core.package_identification:_identify(src/isaac_ros_pose_estimation/isaac_ros_foundationpose) by extension 'ignore_ament_install'
[0.337s] Level 1:colcon.colcon_core.package_identification:_identify(src/isaac_ros_pose_estimation/isaac_ros_foundationpose) by extensions ['colcon_pkg']
[0.337s] Level 1:colcon.colcon_core.package_identification:_identify(src/isaac_ros_pose_estimation/isaac_ros_foundationpose) by extension 'colcon_pkg'
[0.337s] Level 1:colcon.colcon_core.package_identification:_identify(src/isaac_ros_pose_estimation/isaac_ros_foundationpose) by extensions ['colcon_meta']
[0.337s] Level 1:colcon.colcon_core.package_identification:_identify(src/isaac_ros_pose_estimation/isaac_ros_foundationpose) by extension 'colcon_meta'
[0.337s] Level 1:colcon.colcon_core.package_identification:_identify(src/isaac_ros_pose_estimation/isaac_ros_foundationpose) by extensions ['ros']
[0.337s] Level 1:colcon.colcon_core.package_identification:_identify(src/isaac_ros_pose_estimation/isaac_ros_foundationpose) by extension 'ros'
[0.338s] DEBUG:colcon.colcon_core.package_identification:Package 'src/isaac_ros_pose_estimation/isaac_ros_foundationpose' with type 'ros.ament_cmake' and name 'isaac_ros_foundationpose'
[0.338s] Level 1:colcon.colcon_core.package_identification:_identify(src/isaac_ros_pose_estimation/isaac_ros_gxf_extensions) by extensions ['ignore', 'ignore_ament_install']
[0.338s] Level 1:colcon.colcon_core.package_identification:_identify(src/isaac_ros_pose_estimation/isaac_ros_gxf_extensions) by extension 'ignore'
[0.338s] Level 1:colcon.colcon_core.package_identification:_identify(src/isaac_ros_pose_estimation/isaac_ros_gxf_extensions) by extension 'ignore_ament_install'
[0.338s] Level 1:colcon.colcon_core.package_identification:_identify(src/isaac_ros_pose_estimation/isaac_ros_gxf_extensions) by extensions ['colcon_pkg']
[0.338s] Level 1:colcon.colcon_core.package_identification:_identify(src/isaac_ros_pose_estimation/isaac_ros_gxf_extensions) by extension 'colcon_pkg'
[0.338s] Level 1:colcon.colcon_core.package_identification:_identify(src/isaac_ros_pose_estimation/isaac_ros_gxf_extensions) by extensions ['colcon_meta']
[0.338s] Level 1:colcon.colcon_core.package_identification:_identify(src/isaac_ros_pose_estimation/isaac_ros_gxf_extensions) by extension 'colcon_meta'
[0.338s] Level 1:colcon.colcon_core.package_identification:_identify(src/isaac_ros_pose_estimation/isaac_ros_gxf_extensions) by extensions ['ros']
[0.338s] Level 1:colcon.colcon_core.package_identification:_identify(src/isaac_ros_pose_estimation/isaac_ros_gxf_extensions) by extension 'ros'
[0.339s] Level 1:colcon.colcon_core.package_identification:_identify(src/isaac_ros_pose_estimation/isaac_ros_gxf_extensions) by extensions ['cmake', 'python']
[0.339s] Level 1:colcon.colcon_core.package_identification:_identify(src/isaac_ros_pose_estimation/isaac_ros_gxf_extensions) by extension 'cmake'
[0.339s] Level 1:colcon.colcon_core.package_identification:_identify(src/isaac_ros_pose_estimation/isaac_ros_gxf_extensions) by extension 'python'
[0.339s] Level 1:colcon.colcon_core.package_identification:_identify(src/isaac_ros_pose_estimation/isaac_ros_gxf_extensions) by extensions ['python_setup_py']
[0.339s] Level 1:colcon.colcon_core.package_identification:_identify(src/isaac_ros_pose_estimation/isaac_ros_gxf_extensions) by extension 'python_setup_py'
[0.339s] Level 1:colcon.colcon_core.package_identification:_identify(src/isaac_ros_pose_estimation/isaac_ros_gxf_extensions/gxf_isaac_centerpose) by extensions ['ignore', 'ignore_ament_install']
[0.339s] Level 1:colcon.colcon_core.package_identification:_identify(src/isaac_ros_pose_estimation/isaac_ros_gxf_extensions/gxf_isaac_centerpose) by extension 'ignore'
[0.339s] Level 1:colcon.colcon_core.package_identification:_identify(src/isaac_ros_pose_estimation/isaac_ros_gxf_extensions/gxf_isaac_centerpose) by extension 'ignore_ament_install'
[0.339s] Level 1:colcon.colcon_core.package_identification:_identify(src/isaac_ros_pose_estimation/isaac_ros_gxf_extensions/gxf_isaac_centerpose) by extensions ['colcon_pkg']
[0.339s] Level 1:colcon.colcon_core.package_identification:_identify(src/isaac_ros_pose_estimation/isaac_ros_gxf_extensions/gxf_isaac_centerpose) by extension 'colcon_pkg'
[0.339s] Level 1:colcon.colcon_core.package_identification:_identify(src/isaac_ros_pose_estimation/isaac_ros_gxf_extensions/gxf_isaac_centerpose) by extensions ['colcon_meta']
[0.339s] Level 1:colcon.colcon_core.package_identification:_identify(src/isaac_ros_pose_estimation/isaac_ros_gxf_extensions/gxf_isaac_centerpose) by extension 'colcon_meta'
[0.339s] Level 1:colcon.colcon_core.package_identification:_identify(src/isaac_ros_pose_estimation/isaac_ros_gxf_extensions/gxf_isaac_centerpose) by extensions ['ros']
[0.339s] Level 1:colcon.colcon_core.package_identification:_identify(src/isaac_ros_pose_estimation/isaac_ros_gxf_extensions/gxf_isaac_centerpose) by extension 'ros'
[0.339s] DEBUG:colcon.colcon_core.package_identification:Package 'src/isaac_ros_pose_estimation/isaac_ros_gxf_extensions/gxf_isaac_centerpose' with type 'ros.ament_cmake' and name 'gxf_isaac_centerpose'
[0.339s] Level 1:colcon.colcon_core.package_identification:_identify(src/isaac_ros_pose_estimation/isaac_ros_gxf_extensions/gxf_isaac_dope) by extensions ['ignore', 'ignore_ament_install']
[0.339s] Level 1:colcon.colcon_core.package_identification:_identify(src/isaac_ros_pose_estimation/isaac_ros_gxf_extensions/gxf_isaac_dope) by extension 'ignore'
[0.339s] Level 1:colcon.colcon_core.package_identification:_identify(src/isaac_ros_pose_estimation/isaac_ros_gxf_extensions/gxf_isaac_dope) by extension 'ignore_ament_install'
[0.339s] Level 1:colcon.colcon_core.package_identification:_identify(src/isaac_ros_pose_estimation/isaac_ros_gxf_extensions/gxf_isaac_dope) by extensions ['colcon_pkg']
[0.339s] Level 1:colcon.colcon_core.package_identification:_identify(src/isaac_ros_pose_estimation/isaac_ros_gxf_extensions/gxf_isaac_dope) by extension 'colcon_pkg'
[0.340s] Level 1:colcon.colcon_core.package_identification:_identify(src/isaac_ros_pose_estimation/isaac_ros_gxf_extensions/gxf_isaac_dope) by extensions ['colcon_meta']
[0.340s] Level 1:colcon.colcon_core.package_identification:_identify(src/isaac_ros_pose_estimation/isaac_ros_gxf_extensions/gxf_isaac_dope) by extension 'colcon_meta'
[0.340s] Level 1:colcon.colcon_core.package_identification:_identify(src/isaac_ros_pose_estimation/isaac_ros_gxf_extensions/gxf_isaac_dope) by extensions ['ros']
[0.340s] Level 1:colcon.colcon_core.package_identification:_identify(src/isaac_ros_pose_estimation/isaac_ros_gxf_extensions/gxf_isaac_dope) by extension 'ros'
[0.340s] DEBUG:colcon.colcon_core.package_identification:Package 'src/isaac_ros_pose_estimation/isaac_ros_gxf_extensions/gxf_isaac_dope' with type 'ros.ament_cmake' and name 'gxf_isaac_dope'
[0.340s] Level 1:colcon.colcon_core.package_identification:_identify(src/isaac_ros_pose_estimation/isaac_ros_gxf_extensions/gxf_isaac_foundationpose) by extensions ['ignore', 'ignore_ament_install']
[0.340s] Level 1:colcon.colcon_core.package_identification:_identify(src/isaac_ros_pose_estimation/isaac_ros_gxf_extensions/gxf_isaac_foundationpose) by extension 'ignore'
[0.340s] Level 1:colcon.colcon_core.package_identification:_identify(src/isaac_ros_pose_estimation/isaac_ros_gxf_extensions/gxf_isaac_foundationpose) by extension 'ignore_ament_install'
[0.340s] Level 1:colcon.colcon_core.package_identification:_identify(src/isaac_ros_pose_estimation/isaac_ros_gxf_extensions/gxf_isaac_foundationpose) by extensions ['colcon_pkg']
[0.340s] Level 1:colcon.colcon_core.package_identification:_identify(src/isaac_ros_pose_estimation/isaac_ros_gxf_extensions/gxf_isaac_foundationpose) by extension 'colcon_pkg'
[0.340s] Level 1:colcon.colcon_core.package_identification:_identify(src/isaac_ros_pose_estimation/isaac_ros_gxf_extensions/gxf_isaac_foundationpose) by extensions ['colcon_meta']
[0.340s] Level 1:colcon.colcon_core.package_identification:_identify(src/isaac_ros_pose_estimation/isaac_ros_gxf_extensions/gxf_isaac_foundationpose) by extension 'colcon_meta'
[0.340s] Level 1:colcon.colcon_core.package_identification:_identify(src/isaac_ros_pose_estimation/isaac_ros_gxf_extensions/gxf_isaac_foundationpose) by extensions ['ros']
[0.340s] Level 1:colcon.colcon_core.package_identification:_identify(src/isaac_ros_pose_estimation/isaac_ros_gxf_extensions/gxf_isaac_foundationpose) by extension 'ros'
[0.341s] DEBUG:colcon.colcon_core.package_identification:Package 'src/isaac_ros_pose_estimation/isaac_ros_gxf_extensions/gxf_isaac_foundationpose' with type 'ros.ament_cmake' and name 'gxf_isaac_foundationpose'
[0.341s] Level 1:colcon.colcon_core.package_identification:_identify(src/isaac_ros_pose_estimation/isaac_ros_pose_proc) by extensions ['ignore', 'ignore_ament_install']
[0.341s] Level 1:colcon.colcon_core.package_identification:_identify(src/isaac_ros_pose_estimation/isaac_ros_pose_proc) by extension 'ignore'
[0.341s] Level 1:colcon.colcon_core.package_identification:_identify(src/isaac_ros_pose_estimation/isaac_ros_pose_proc) by extension 'ignore_ament_install'
[0.341s] Level 1:colcon.colcon_core.package_identification:_identify(src/isaac_ros_pose_estimation/isaac_ros_pose_proc) by extensions ['colcon_pkg']
[0.341s] Level 1:colcon.colcon_core.package_identification:_identify(src/isaac_ros_pose_estimation/isaac_ros_pose_proc) by extension 'colcon_pkg'
[0.341s] Level 1:colcon.colcon_core.package_identification:_identify(src/isaac_ros_pose_estimation/isaac_ros_pose_proc) by extensions ['colcon_meta']
[0.341s] Level 1:colcon.colcon_core.package_identification:_identify(src/isaac_ros_pose_estimation/isaac_ros_pose_proc) by extension 'colcon_meta'
[0.341s] Level 1:colcon.colcon_core.package_identification:_identify(src/isaac_ros_pose_estimation/isaac_ros_pose_proc) by extensions ['ros']
[0.341s] Level 1:colcon.colcon_core.package_identification:_identify(src/isaac_ros_pose_estimation/isaac_ros_pose_proc) by extension 'ros'
[0.342s] DEBUG:colcon.colcon_core.package_identification:Package 'src/isaac_ros_pose_estimation/isaac_ros_pose_proc' with type 'ros.ament_cmake' and name 'isaac_ros_pose_proc'
[0.342s] Level 1:colcon.colcon_core.package_identification:_identify(src/isaac_ros_pose_estimation/test) by extensions ['ignore', 'ignore_ament_install']
[0.342s] Level 1:colcon.colcon_core.package_identification:_identify(src/isaac_ros_pose_estimation/test) by extension 'ignore'
[0.342s] Level 1:colcon.colcon_core.package_identification:_identify(src/isaac_ros_pose_estimation/test) by extension 'ignore_ament_install'
[0.342s] Level 1:colcon.colcon_core.package_identification:_identify(src/isaac_ros_pose_estimation/test) by extensions ['colcon_pkg']
[0.342s] Level 1:colcon.colcon_core.package_identification:_identify(src/isaac_ros_pose_estimation/test) by extension 'colcon_pkg'
[0.342s] Level 1:colcon.colcon_core.package_identification:_identify(src/isaac_ros_pose_estimation/test) by extensions ['colcon_meta']
[0.342s] Level 1:colcon.colcon_core.package_identification:_identify(src/isaac_ros_pose_estimation/test) by extension 'colcon_meta'
[0.342s] Level 1:colcon.colcon_core.package_identification:_identify(src/isaac_ros_pose_estimation/test) by extensions ['ros']
[0.342s] Level 1:colcon.colcon_core.package_identification:_identify(src/isaac_ros_pose_estimation/test) by extension 'ros'
[0.342s] Level 1:colcon.colcon_core.package_identification:_identify(src/isaac_ros_pose_estimation/test) by extensions ['cmake', 'python']
[0.342s] Level 1:colcon.colcon_core.package_identification:_identify(src/isaac_ros_pose_estimation/test) by extension 'cmake'
[0.342s] Level 1:colcon.colcon_core.package_identification:_identify(src/isaac_ros_pose_estimation/test) by extension 'python'
[0.342s] Level 1:colcon.colcon_core.package_identification:_identify(src/isaac_ros_pose_estimation/test) by extensions ['python_setup_py']
[0.342s] Level 1:colcon.colcon_core.package_identification:_identify(src/isaac_ros_pose_estimation/test) by extension 'python_setup_py'
[0.342s] Level 1:colcon.colcon_core.package_identification:_identify(src/isaac_ros_pose_estimation/test/models) by extensions ['ignore', 'ignore_ament_install']
[0.342s] Level 1:colcon.colcon_core.package_identification:_identify(src/isaac_ros_pose_estimation/test/models) by extension 'ignore'
[0.342s] Level 1:colcon.colcon_core.package_identification:_identify(src/isaac_ros_pose_estimation/test/models) by extension 'ignore_ament_install'
[0.342s] Level 1:colcon.colcon_core.package_identification:_identify(src/isaac_ros_pose_estimation/test/models) by extensions ['colcon_pkg']
[0.342s] Level 1:colcon.colcon_core.package_identification:_identify(src/isaac_ros_pose_estimation/test/models) by extension 'colcon_pkg'
[0.342s] Level 1:colcon.colcon_core.package_identification:_identify(src/isaac_ros_pose_estimation/test/models) by extensions ['colcon_meta']
[0.342s] Level 1:colcon.colcon_core.package_identification:_identify(src/isaac_ros_pose_estimation/test/models) by extension 'colcon_meta'
[0.342s] Level 1:colcon.colcon_core.package_identification:_identify(src/isaac_ros_pose_estimation/test/models) by extensions ['ros']
[0.342s] Level 1:colcon.colcon_core.package_identification:_identify(src/isaac_ros_pose_estimation/test/models) by extension 'ros'
[0.342s] Level 1:colcon.colcon_core.package_identification:_identify(src/isaac_ros_pose_estimation/test/models) by extensions ['cmake', 'python']
[0.342s] Level 1:colcon.colcon_core.package_identification:_identify(src/isaac_ros_pose_estimation/test/models) by extension 'cmake'
[0.342s] Level 1:colcon.colcon_core.package_identification:_identify(src/isaac_ros_pose_estimation/test/models) by extension 'python'
[0.342s] Level 1:colcon.colcon_core.package_identification:_identify(src/isaac_ros_pose_estimation/test/models) by extensions ['python_setup_py']
[0.342s] Level 1:colcon.colcon_core.package_identification:_identify(src/isaac_ros_pose_estimation/test/models) by extension 'python_setup_py'
[0.343s] Level 1:colcon.colcon_core.package_identification:_identify(src/isaac_ros_pose_estimation/test/models/dope_ketchup_pol) by extensions ['ignore', 'ignore_ament_install']
[0.343s] Level 1:colcon.colcon_core.package_identification:_identify(src/isaac_ros_pose_estimation/test/models/dope_ketchup_pol) by extension 'ignore'
[0.343s] Level 1:colcon.colcon_core.package_identification:_identify(src/isaac_ros_pose_estimation/test/models/dope_ketchup_pol) by extension 'ignore_ament_install'
[0.343s] Level 1:colcon.colcon_core.package_identification:_identify(src/isaac_ros_pose_estimation/test/models/dope_ketchup_pol) by extensions ['colcon_pkg']
[0.343s] Level 1:colcon.colcon_core.package_identification:_identify(src/isaac_ros_pose_estimation/test/models/dope_ketchup_pol) by extension 'colcon_pkg'
[0.343s] Level 1:colcon.colcon_core.package_identification:_identify(src/isaac_ros_pose_estimation/test/models/dope_ketchup_pol) by extensions ['colcon_meta']
[0.343s] Level 1:colcon.colcon_core.package_identification:_identify(src/isaac_ros_pose_estimation/test/models/dope_ketchup_pol) by extension 'colcon_meta'
[0.343s] Level 1:colcon.colcon_core.package_identification:_identify(src/isaac_ros_pose_estimation/test/models/dope_ketchup_pol) by extensions ['ros']
[0.343s] Level 1:colcon.colcon_core.package_identification:_identify(src/isaac_ros_pose_estimation/test/models/dope_ketchup_pol) by extension 'ros'
[0.343s] Level 1:colcon.colcon_core.package_identification:_identify(src/isaac_ros_pose_estimation/test/models/dope_ketchup_pol) by extensions ['cmake', 'python']
[0.343s] Level 1:colcon.colcon_core.package_identification:_identify(src/isaac_ros_pose_estimation/test/models/dope_ketchup_pol) by extension 'cmake'
[0.343s] Level 1:colcon.colcon_core.package_identification:_identify(src/isaac_ros_pose_estimation/test/models/dope_ketchup_pol) by extension 'python'
[0.343s] Level 1:colcon.colcon_core.package_identification:_identify(src/isaac_ros_pose_estimation/test/models/dope_ketchup_pol) by extensions ['python_setup_py']
[0.343s] Level 1:colcon.colcon_core.package_identification:_identify(src/isaac_ros_pose_estimation/test/models/dope_ketchup_pol) by extension 'python_setup_py'
[0.343s] Level 1:colcon.colcon_core.package_identification:_identify(src/isaac_ros_pose_estimation/test/models/dope_ketchup_pol/1) by extensions ['ignore', 'ignore_ament_install']
[0.343s] Level 1:colcon.colcon_core.package_identification:_identify(src/isaac_ros_pose_estimation/test/models/dope_ketchup_pol/1) by extension 'ignore'
[0.343s] Level 1:colcon.colcon_core.package_identification:_identify(src/isaac_ros_pose_estimation/test/models/dope_ketchup_pol/1) by extension 'ignore_ament_install'
[0.343s] Level 1:colcon.colcon_core.package_identification:_identify(src/isaac_ros_pose_estimation/test/models/dope_ketchup_pol/1) by extensions ['colcon_pkg']
[0.343s] Level 1:colcon.colcon_core.package_identification:_identify(src/isaac_ros_pose_estimation/test/models/dope_ketchup_pol/1) by extension 'colcon_pkg'
[0.343s] Level 1:colcon.colcon_core.package_identification:_identify(src/isaac_ros_pose_estimation/test/models/dope_ketchup_pol/1) by extensions ['colcon_meta']
[0.343s] Level 1:colcon.colcon_core.package_identification:_identify(src/isaac_ros_pose_estimation/test/models/dope_ketchup_pol/1) by extension 'colcon_meta'
[0.343s] Level 1:colcon.colcon_core.package_identification:_identify(src/isaac_ros_pose_estimation/test/models/dope_ketchup_pol/1) by extensions ['ros']
[0.343s] Level 1:colcon.colcon_core.package_identification:_identify(src/isaac_ros_pose_estimation/test/models/dope_ketchup_pol/1) by extension 'ros'
[0.343s] Level 1:colcon.colcon_core.package_identification:_identify(src/isaac_ros_pose_estimation/test/models/dope_ketchup_pol/1) by extensions ['cmake', 'python']
[0.343s] Level 1:colcon.colcon_core.package_identification:_identify(src/isaac_ros_pose_estimation/test/models/dope_ketchup_pol/1) by extension 'cmake'
[0.343s] Level 1:colcon.colcon_core.package_identification:_identify(src/isaac_ros_pose_estimation/test/models/dope_ketchup_pol/1) by extension 'python'
[0.343s] Level 1:colcon.colcon_core.package_identification:_identify(src/isaac_ros_pose_estimation/test/models/dope_ketchup_pol/1) by extensions ['python_setup_py']
[0.343s] Level 1:colcon.colcon_core.package_identification:_identify(src/isaac_ros_pose_estimation/test/models/dope_ketchup_pol/1) by extension 'python_setup_py'
[0.343s] Level 1:colcon.colcon_core.package_identification:_identify(tools) by extensions ['ignore', 'ignore_ament_install']
[0.343s] Level 1:colcon.colcon_core.package_identification:_identify(tools) by extension 'ignore'
[0.343s] Level 1:colcon.colcon_core.package_identification:_identify(tools) by extension 'ignore_ament_install'
[0.343s] Level 1:colcon.colcon_core.package_identification:_identify(tools) by extensions ['colcon_pkg']
[0.343s] Level 1:colcon.colcon_core.package_identification:_identify(tools) by extension 'colcon_pkg'
[0.343s] Level 1:colcon.colcon_core.package_identification:_identify(tools) by extensions ['colcon_meta']
[0.343s] Level 1:colcon.colcon_core.package_identification:_identify(tools) by extension 'colcon_meta'
[0.343s] Level 1:colcon.colcon_core.package_identification:_identify(tools) by extensions ['ros']
[0.343s] Level 1:colcon.colcon_core.package_identification:_identify(tools) by extension 'ros'
[0.343s] Level 1:colcon.colcon_core.package_identification:_identify(tools) by extensions ['cmake', 'python']
[0.343s] Level 1:colcon.colcon_core.package_identification:_identify(tools) by extension 'cmake'
[0.343s] Level 1:colcon.colcon_core.package_identification:_identify(tools) by extension 'python'
[0.343s] Level 1:colcon.colcon_core.package_identification:_identify(tools) by extensions ['python_setup_py']
[0.344s] Level 1:colcon.colcon_core.package_identification:_identify(tools) by extension 'python_setup_py'
[0.344s] Level 1:colcon.colcon_core.package_identification:_identify(videos) by extensions ['ignore', 'ignore_ament_install']
[0.344s] Level 1:colcon.colcon_core.package_identification:_identify(videos) by extension 'ignore'
[0.344s] Level 1:colcon.colcon_core.package_identification:_identify(videos) by extension 'ignore_ament_install'
[0.344s] Level 1:colcon.colcon_core.package_identification:_identify(videos) by extensions ['colcon_pkg']
[0.344s] Level 1:colcon.colcon_core.package_identification:_identify(videos) by extension 'colcon_pkg'
[0.344s] Level 1:colcon.colcon_core.package_identification:_identify(videos) by extensions ['colcon_meta']
[0.344s] Level 1:colcon.colcon_core.package_identification:_identify(videos) by extension 'colcon_meta'
[0.344s] Level 1:colcon.colcon_core.package_identification:_identify(videos) by extensions ['ros']
[0.344s] Level 1:colcon.colcon_core.package_identification:_identify(videos) by extension 'ros'
[0.344s] Level 1:colcon.colcon_core.package_identification:_identify(videos) by extensions ['cmake', 'python']
[0.344s] Level 1:colcon.colcon_core.package_identification:_identify(videos) by extension 'cmake'
[0.344s] Level 1:colcon.colcon_core.package_identification:_identify(videos) by extension 'python'
[0.344s] Level 1:colcon.colcon_core.package_identification:_identify(videos) by extensions ['python_setup_py']
[0.344s] Level 1:colcon.colcon_core.package_identification:_identify(videos) by extension 'python_setup_py'
[0.344s] Level 1:colcon.colcon_core.package_discovery:discover_packages(recursive) using defaults
[0.344s] Level 1:colcon.colcon_core.package_discovery:discover_packages(ignore) discover
[0.344s] Level 1:colcon.colcon_core.package_discovery:discover_packages(ignore) using defaults
[0.344s] Level 1:colcon.colcon_core.package_discovery:discover_packages(path) discover
[0.344s] Level 1:colcon.colcon_core.package_discovery:discover_packages(path) using defaults
[0.378s] INFO:colcon.colcon_core.package_selection:Skipping package 'isaac_ros_foundationpose' in 'src/isaac_ros_pose_estimation/isaac_ros_foundationpose'
[0.378s] INFO:colcon.colcon_core.package_selection:Skipping package 'isaac_ros_dope' in 'src/isaac_ros_pose_estimation/isaac_ros_dope'
[0.378s] INFO:colcon.colcon_core.package_selection:Skipping package 'isaac_ros_nitros_topic_tools' in 'src/isaac_ros_nitros/isaac_ros_nitros_topic_tools'
[0.378s] INFO:colcon.colcon_core.package_selection:Skipping package 'isaac_ros_nitros_bridge_ros2' in 'src/isaac_ros_nitros/isaac_ros_nitros_bridge/isaac_ros_nitros_bridge_ros2'
[0.378s] INFO:colcon.colcon_core.package_selection:Skipping package 'custom_nitros_string' in 'src/isaac_ros_nitros/isaac_ros_managed_nitros_examples/custom_nitros_string'
[0.378s] INFO:colcon.colcon_core.package_selection:Skipping package 'custom_nitros_message_filter' in 'src/isaac_ros_nitros/isaac_ros_managed_nitros_examples/custom_nitros_message_filter'
[0.378s] INFO:colcon.colcon_core.package_selection:Skipping package 'custom_nitros_image' in 'src/isaac_ros_nitros/isaac_ros_managed_nitros_examples/custom_nitros_image'
[0.378s] INFO:colcon.colcon_core.package_selection:Skipping package 'custom_nitros_dnn_image_encoder' in 'src/isaac_ros_nitros/isaac_ros_managed_nitros_examples/custom_nitros_dnn_image_encoder'
[0.378s] INFO:colcon.colcon_core.package_selection:Skipping package 'gxf_isaac_foundationpose' in 'src/isaac_ros_pose_estimation/isaac_ros_gxf_extensions/gxf_isaac_foundationpose'
[0.378s] INFO:colcon.colcon_core.package_selection:Skipping package 'gxf_isaac_dope' in 'src/isaac_ros_pose_estimation/isaac_ros_gxf_extensions/gxf_isaac_dope'
[0.378s] INFO:colcon.colcon_core.package_selection:Skipping package 'isaac_ros_nitros_twist_type' in 'src/isaac_ros_nitros/isaac_ros_nitros_type/isaac_ros_nitros_twist_type'
[0.378s] INFO:colcon.colcon_core.package_selection:Skipping package 'isaac_ros_nitros_std_msg_type' in 'src/isaac_ros_nitros/isaac_ros_nitros_type/isaac_ros_nitros_std_msg_type'
[0.378s] INFO:colcon.colcon_core.package_selection:Skipping package 'isaac_ros_nitros_pose_cov_stamped_type' in 'src/isaac_ros_nitros/isaac_ros_nitros_type/isaac_ros_nitros_pose_cov_stamped_type'
[0.378s] INFO:colcon.colcon_core.package_selection:Skipping package 'isaac_ros_nitros_pose_array_type' in 'src/isaac_ros_nitros/isaac_ros_nitros_type/isaac_ros_nitros_pose_array_type'
[0.378s] INFO:colcon.colcon_core.package_selection:Skipping package 'isaac_ros_nitros_point_cloud_type' in 'src/isaac_ros_nitros/isaac_ros_nitros_type/isaac_ros_nitros_point_cloud_type'
[0.378s] INFO:colcon.colcon_core.package_selection:Skipping package 'isaac_ros_nitros_odometry_type' in 'src/isaac_ros_nitros/isaac_ros_nitros_type/isaac_ros_nitros_odometry_type'
[0.378s] INFO:colcon.colcon_core.package_selection:Skipping package 'isaac_ros_nitros_occupancy_grid_type' in 'src/isaac_ros_nitros/isaac_ros_nitros_type/isaac_ros_nitros_occupancy_grid_type'
[0.378s] INFO:colcon.colcon_core.package_selection:Skipping package 'isaac_ros_nitros_imu_type' in 'src/isaac_ros_nitros/isaac_ros_nitros_type/isaac_ros_nitros_imu_type'
[0.378s] INFO:colcon.colcon_core.package_selection:Skipping package 'isaac_ros_nitros_flat_scan_type' in 'src/isaac_ros_nitros/isaac_ros_nitros_type/isaac_ros_nitros_flat_scan_type'
[0.378s] INFO:colcon.colcon_core.package_selection:Skipping package 'isaac_ros_nitros_encoder_ticks_type' in 'src/isaac_ros_nitros/isaac_ros_nitros_type/isaac_ros_nitros_encoder_ticks_type'
[0.378s] INFO:colcon.colcon_core.package_selection:Skipping package 'isaac_ros_nitros_disparity_image_type' in 'src/isaac_ros_nitros/isaac_ros_nitros_type/isaac_ros_nitros_disparity_image_type'
[0.378s] INFO:colcon.colcon_core.package_selection:Skipping package 'isaac_ros_nitros_detection2_d_array_type' in 'src/isaac_ros_nitros/isaac_ros_nitros_type/isaac_ros_nitros_detection2_d_array_type'
[0.378s] INFO:colcon.colcon_core.package_selection:Skipping package 'isaac_ros_nitros_correlated_timestamp_type' in 'src/isaac_ros_nitros/isaac_ros_nitros_type/isaac_ros_nitros_correlated_timestamp_type'
[0.378s] INFO:colcon.colcon_core.package_selection:Skipping package 'isaac_ros_nitros_compressed_video_type' in 'src/isaac_ros_nitros/isaac_ros_nitros_type/isaac_ros_nitros_compressed_video_type'
[0.378s] INFO:colcon.colcon_core.package_selection:Skipping package 'isaac_ros_nitros_compressed_image_type' in 'src/isaac_ros_nitros/isaac_ros_nitros_type/isaac_ros_nitros_compressed_image_type'
[0.378s] INFO:colcon.colcon_core.package_selection:Skipping package 'isaac_ros_nitros_battery_state_type' in 'src/isaac_ros_nitros/isaac_ros_nitros_type/isaac_ros_nitros_battery_state_type'
[0.378s] INFO:colcon.colcon_core.package_selection:Skipping package 'gxf_isaac_utils' in 'src/isaac_ros_nitros/isaac_ros_gxf_extensions/gxf_isaac_utils'
[0.378s] INFO:colcon.colcon_core.package_selection:Skipping package 'isaac_ros_pynitros' in 'src/isaac_ros_nitros/isaac_ros_pynitros'
[0.378s] INFO:colcon.colcon_core.package_selection:Skipping package 'gxf_isaac_ros_cuda' in 'src/isaac_ros_nitros/isaac_ros_gxf_extensions/gxf_isaac_ros_cuda'
[0.378s] INFO:colcon.colcon_core.package_selection:Skipping package 'isaac_ros_test_cmake' in 'src/isaac_ros_common/isaac_ros_test_cmake'
[0.378s] INFO:colcon.colcon_core.package_selection:Skipping package 'isaac_ros_rosbag_utils' in 'src/isaac_ros_common/isaac_ros_rosbag_utils'
[0.378s] INFO:colcon.colcon_core.package_selection:Skipping package 'isaac_ros_pose_proc' in 'src/isaac_ros_pose_estimation/isaac_ros_pose_proc'
[0.378s] INFO:colcon.colcon_core.package_selection:Skipping package 'isaac_ros_nitros_bridge_interfaces' in 'src/isaac_ros_common/isaac_ros_nitros_bridge_interfaces'
[0.378s] INFO:colcon.colcon_core.package_selection:Skipping package 'gxf_isaac_segway' in 'src/isaac_ros_nitros/isaac_ros_gxf_extensions/gxf_isaac_segway'
[0.378s] INFO:colcon.colcon_core.package_selection:Skipping package 'gxf_isaac_ros_messages' in 'src/isaac_ros_nitros/isaac_ros_gxf_extensions/gxf_isaac_ros_messages'
[0.378s] INFO:colcon.colcon_core.package_selection:Skipping package 'gxf_isaac_range_scan_processing' in 'src/isaac_ros_nitros/isaac_ros_gxf_extensions/gxf_isaac_range_scan_processing'
[0.378s] INFO:colcon.colcon_core.package_selection:Skipping package 'gxf_isaac_point_cloud' in 'src/isaac_ros_nitros/isaac_ros_gxf_extensions/gxf_isaac_point_cloud'
[0.378s] INFO:colcon.colcon_core.package_selection:Skipping package 'gxf_isaac_messages_throttler' in 'src/isaac_ros_nitros/isaac_ros_gxf_extensions/gxf_isaac_messages_throttler'
[0.378s] INFO:colcon.colcon_core.package_selection:Skipping package 'gxf_isaac_localization' in 'src/isaac_ros_nitros/isaac_ros_gxf_extensions/gxf_isaac_localization'
[0.378s] INFO:colcon.colcon_core.package_selection:Skipping package 'gxf_isaac_hesai' in 'src/isaac_ros_nitros/isaac_ros_gxf_extensions/gxf_isaac_hesai'
[0.378s] INFO:colcon.colcon_core.package_selection:Skipping package 'gxf_isaac_flatscan_localization' in 'src/isaac_ros_nitros/isaac_ros_gxf_extensions/gxf_isaac_flatscan_localization'
[0.378s] INFO:colcon.colcon_core.package_selection:Skipping package 'gxf_isaac_cuda' in 'src/isaac_ros_nitros/isaac_ros_gxf_extensions/gxf_isaac_cuda'
[0.378s] INFO:colcon.colcon_core.package_selection:Skipping package 'gxf_isaac_argus' in 'src/isaac_ros_nitros/isaac_ros_gxf_extensions/gxf_isaac_argus'
[0.378s] INFO:colcon.colcon_core.package_selection:Skipping package 'isaac_ros_r2b_galileo' in 'src/isaac_ros_common/isaac_ros_r2b_galileo'
[0.378s] INFO:colcon.colcon_core.package_selection:Skipping package 'isaac_ros_pointcloud_interfaces' in 'src/isaac_ros_common/isaac_ros_pointcloud_interfaces'
[0.378s] INFO:colcon.colcon_core.package_selection:Skipping package 'isaac_ros_nova_interfaces' in 'src/isaac_ros_common/isaac_ros_nova_interfaces'
[0.378s] INFO:colcon.colcon_core.package_selection:Skipping package 'isaac_ros_launch_utils' in 'src/isaac_ros_common/isaac_ros_launch_utils'
[0.378s] INFO:colcon.colcon_core.package_selection:Skipping package 'isaac_ros_bi3d_interfaces' in 'src/isaac_ros_common/isaac_ros_bi3d_interfaces'
[0.378s] INFO:colcon.colcon_core.package_selection:Skipping package 'isaac_ros_apriltag_interfaces' in 'src/isaac_ros_common/isaac_ros_apriltag_interfaces'
[0.378s] INFO:colcon.colcon_core.package_selection:Skipping package 'isaac_common_py' in 'src/isaac_ros_common/isaac_common_py'
[0.378s] INFO:colcon.colcon_core.package_selection:Skipping package 'isaac_common' in 'src/isaac_ros_common/isaac_common'
[0.379s] INFO:colcon.colcon_core.package_selection:Skipping package 'gxf_isaac_timestamp_correlator' in 'src/isaac_ros_nitros/isaac_ros_gxf_extensions/gxf_isaac_timestamp_correlator'
[0.379s] INFO:colcon.colcon_core.package_selection:Skipping package 'custom_nitros_message_filter_interfaces' in 'src/isaac_ros_nitros/isaac_ros_managed_nitros_examples/custom_nitros_message_filter_interfaces'
[0.379s] INFO:colcon.colcon_core.package_selection:Skipping package 'gxf_isaac_triton' in 'src/isaac_ros_dnn_inference/isaac_ros_gxf_extensions/gxf_isaac_triton'
[0.379s] INFO:colcon.colcon_core.package_selection:Skipping package 'isaac_ros_triton' in 'src/isaac_ros_dnn_inference/isaac_ros_triton'
[0.379s] Level 1:colcon.colcon_core.package_discovery:discover_packages(prefix_path) check parameters
[0.379s] Level 1:colcon.colcon_core.package_discovery:discover_packages(prefix_path) discover
[0.379s] WARNING:colcon.colcon_ros.prefix_path.ament:The path '/workspaces/isaac_ros-dev/install/isaac_ros_test' in the environment variable AMENT_PREFIX_PATH doesn't exist
[0.379s] WARNING:colcon.colcon_ros.prefix_path.ament:The path '/workspaces/isaac_ros-dev/install/isaac_ros_launch_utils' in the environment variable AMENT_PREFIX_PATH doesn't exist
[0.379s] WARNING:colcon.colcon_ros.prefix_path.ament:The path '/workspaces/isaac_ros-dev/install/isaac_ros_common' in the environment variable AMENT_PREFIX_PATH doesn't exist
[0.379s] WARNING:colcon.colcon_ros.prefix_path.ament:The path '/workspaces/isaac_ros-dev/install/isaac_common_py' in the environment variable AMENT_PREFIX_PATH doesn't exist
[0.380s] WARNING:colcon.colcon_ros.prefix_path.catkin:The path '/workspaces/isaac_ros-dev/install/isaac_ros_common' in the environment variable CMAKE_PREFIX_PATH doesn't exist
[0.380s] DEBUG:colcon.colcon_installed_package_information.package_discovery:Found 0 installed packages in /workspaces/isaac_ros-dev/install
[0.381s] DEBUG:colcon.colcon_installed_package_information.package_discovery:Found 542 installed packages in /opt/ros/humble
[0.383s] Level 1:colcon.colcon_core.package_discovery:discover_packages(prefix_path) using defaults
[0.416s] WARNING:colcon.colcon_core.package_selection:Some selected packages are already built in one or more underlay workspaces:
	'gxf_isaac_messages' is in: /opt/ros/humble
	'gxf_isaac_gxf_helpers' is in: /opt/ros/humble
	'isaac_ros_nitros_image_type' is in: /opt/ros/humble
	'gxf_isaac_sight' is in: /opt/ros/humble
	'isaac_ros_test' is in: /opt/ros/humble
	'isaac_ros_nitros_tensor_list_type' is in: /opt/ros/humble
	'gxf_isaac_optimizer' is in: /opt/ros/humble
	'isaac_ros_managed_nitros' is in: /opt/ros/humble
	'isaac_ros_common' is in: /opt/ros/humble
	'gxf_isaac_atlas' is in: /opt/ros/humble
	'gxf_isaac_message_compositor' is in: /opt/ros/humble
	'isaac_ros_nitros' is in: /opt/ros/humble
	'isaac_ros_nitros_camera_info_type' is in: /opt/ros/humble
	'isaac_ros_tensor_rt' is in: /opt/ros/humble
	'isaac_ros_tensor_list_interfaces' is in: /opt/ros/humble
	'isaac_ros_gxf' is in: /opt/ros/humble
	'isaac_ros_dnn_image_encoder' is in: /opt/ros/humble
If a package in a merged underlay workspace is overridden and it installs headers, then all packages in the overlay must sort their include directories by workspace order. Failure to do so may result in build failures or undefined behavior at run time.
If the overridden package is used by another package in any underlay, then the overriding package in the overlay must be API and ABI compatible or undefined behavior at run time may occur.

If you understand the risks and want to override a package anyways, add the following to the command line:
	--allow-overriding gxf_isaac_atlas gxf_isaac_gxf_helpers gxf_isaac_message_compositor gxf_isaac_messages gxf_isaac_optimizer gxf_isaac_sight isaac_ros_common isaac_ros_dnn_image_encoder isaac_ros_gxf isaac_ros_managed_nitros isaac_ros_nitros isaac_ros_nitros_camera_info_type isaac_ros_nitros_image_type isaac_ros_nitros_tensor_list_type isaac_ros_tensor_list_interfaces isaac_ros_tensor_rt isaac_ros_test

This may be promoted to an error in a future release of colcon-override-check.
[0.417s] Level 5:colcon.colcon_core.verb:set package 'isaac_ros_common' build argument 'cmake_args' from command line to '['-DBUILD_TESTING=OFF']'
[0.417s] Level 5:colcon.colcon_core.verb:set package 'isaac_ros_common' build argument 'cmake_target' from command line to 'None'
[0.417s] Level 5:colcon.colcon_core.verb:set package 'isaac_ros_common' build argument 'cmake_target_skip_unavailable' from command line to 'False'
[0.417s] Level 5:colcon.colcon_core.verb:set package 'isaac_ros_common' build argument 'cmake_clean_cache' from command line to 'False'
[0.417s] Level 5:colcon.colcon_core.verb:set package 'isaac_ros_common' build argument 'cmake_clean_first' from command line to 'False'
[0.417s] Level 5:colcon.colcon_core.verb:set package 'isaac_ros_common' build argument 'cmake_force_configure' from command line to 'False'
[0.417s] Level 5:colcon.colcon_core.verb:set package 'isaac_ros_common' build argument 'ament_cmake_args' from command line to 'None'
[0.417s] Level 5:colcon.colcon_core.verb:set package 'isaac_ros_common' build argument 'catkin_cmake_args' from command line to 'None'
[0.417s] Level 5:colcon.colcon_core.verb:set package 'isaac_ros_common' build argument 'catkin_skip_building_tests' from command line to 'False'
[0.417s] DEBUG:colcon.colcon_core.verb:Building package 'isaac_ros_common' with the following arguments: {'ament_cmake_args': None, 'build_base': '/workspaces/isaac_ros-dev/build/isaac_ros_common', 'catkin_cmake_args': None, 'catkin_skip_building_tests': False, 'cmake_args': ['-DBUILD_TESTING=OFF'], 'cmake_clean_cache': False, 'cmake_clean_first': False, 'cmake_force_configure': False, 'cmake_target': None, 'cmake_target_skip_unavailable': False, 'install_base': '/workspaces/isaac_ros-dev/install/isaac_ros_common', 'merge_install': False, 'path': '/workspaces/isaac_ros-dev/src/isaac_ros_common/isaac_ros_common', 'symlink_install': True, 'test_result_base': None}
[0.417s] Level 5:colcon.colcon_core.verb:set package 'isaac_ros_gxf' build argument 'cmake_args' from command line to '['-DBUILD_TESTING=OFF']'
[0.417s] Level 5:colcon.colcon_core.verb:set package 'isaac_ros_gxf' build argument 'cmake_target' from command line to 'None'
[0.417s] Level 5:colcon.colcon_core.verb:set package 'isaac_ros_gxf' build argument 'cmake_target_skip_unavailable' from command line to 'False'
[0.417s] Level 5:colcon.colcon_core.verb:set package 'isaac_ros_gxf' build argument 'cmake_clean_cache' from command line to 'False'
[0.417s] Level 5:colcon.colcon_core.verb:set package 'isaac_ros_gxf' build argument 'cmake_clean_first' from command line to 'False'
[0.417s] Level 5:colcon.colcon_core.verb:set package 'isaac_ros_gxf' build argument 'cmake_force_configure' from command line to 'False'
[0.417s] Level 5:colcon.colcon_core.verb:set package 'isaac_ros_gxf' build argument 'ament_cmake_args' from command line to 'None'
[0.417s] Level 5:colcon.colcon_core.verb:set package 'isaac_ros_gxf' build argument 'catkin_cmake_args' from command line to 'None'
[0.417s] Level 5:colcon.colcon_core.verb:set package 'isaac_ros_gxf' build argument 'catkin_skip_building_tests' from command line to 'False'
[0.417s] DEBUG:colcon.colcon_core.verb:Building package 'isaac_ros_gxf' with the following arguments: {'ament_cmake_args': None, 'build_base': '/workspaces/isaac_ros-dev/build/isaac_ros_gxf', 'catkin_cmake_args': None, 'catkin_skip_building_tests': False, 'cmake_args': ['-DBUILD_TESTING=OFF'], 'cmake_clean_cache': False, 'cmake_clean_first': False, 'cmake_force_configure': False, 'cmake_target': None, 'cmake_target_skip_unavailable': False, 'install_base': '/workspaces/isaac_ros-dev/install/isaac_ros_gxf', 'merge_install': False, 'path': '/workspaces/isaac_ros-dev/src/isaac_ros_nitros/isaac_ros_gxf', 'symlink_install': True, 'test_result_base': None}
[0.418s] Level 5:colcon.colcon_core.verb:set package 'isaac_ros_tensor_list_interfaces' build argument 'cmake_args' from command line to '['-DBUILD_TESTING=OFF']'
[0.418s] Level 5:colcon.colcon_core.verb:set package 'isaac_ros_tensor_list_interfaces' build argument 'cmake_target' from command line to 'None'
[0.418s] Level 5:colcon.colcon_core.verb:set package 'isaac_ros_tensor_list_interfaces' build argument 'cmake_target_skip_unavailable' from command line to 'False'
[0.418s] Level 5:colcon.colcon_core.verb:set package 'isaac_ros_tensor_list_interfaces' build argument 'cmake_clean_cache' from command line to 'False'
[0.418s] Level 5:colcon.colcon_core.verb:set package 'isaac_ros_tensor_list_interfaces' build argument 'cmake_clean_first' from command line to 'False'
[0.418s] Level 5:colcon.colcon_core.verb:set package 'isaac_ros_tensor_list_interfaces' build argument 'cmake_force_configure' from command line to 'False'
[0.418s] Level 5:colcon.colcon_core.verb:set package 'isaac_ros_tensor_list_interfaces' build argument 'ament_cmake_args' from command line to 'None'
[0.418s] Level 5:colcon.colcon_core.verb:set package 'isaac_ros_tensor_list_interfaces' build argument 'catkin_cmake_args' from command line to 'None'
[0.418s] Level 5:colcon.colcon_core.verb:set package 'isaac_ros_tensor_list_interfaces' build argument 'catkin_skip_building_tests' from command line to 'False'
[0.418s] DEBUG:colcon.colcon_core.verb:Building package 'isaac_ros_tensor_list_interfaces' with the following arguments: {'ament_cmake_args': None, 'build_base': '/workspaces/isaac_ros-dev/build/isaac_ros_tensor_list_interfaces', 'catkin_cmake_args': None, 'catkin_skip_building_tests': False, 'cmake_args': ['-DBUILD_TESTING=OFF'], 'cmake_clean_cache': False, 'cmake_clean_first': False, 'cmake_force_configure': False, 'cmake_target': None, 'cmake_target_skip_unavailable': False, 'install_base': '/workspaces/isaac_ros-dev/install/isaac_ros_tensor_list_interfaces', 'merge_install': False, 'path': '/workspaces/isaac_ros-dev/src/isaac_ros_common/isaac_ros_tensor_list_interfaces', 'symlink_install': True, 'test_result_base': None}
[0.418s] Level 5:colcon.colcon_core.verb:set package 'isaac_ros_test' build argument 'cmake_args' from command line to '['-DBUILD_TESTING=OFF']'
[0.418s] Level 5:colcon.colcon_core.verb:set package 'isaac_ros_test' build argument 'cmake_target' from command line to 'None'
[0.418s] Level 5:colcon.colcon_core.verb:set package 'isaac_ros_test' build argument 'cmake_target_skip_unavailable' from command line to 'False'
[0.418s] Level 5:colcon.colcon_core.verb:set package 'isaac_ros_test' build argument 'cmake_clean_cache' from command line to 'False'
[0.418s] Level 5:colcon.colcon_core.verb:set package 'isaac_ros_test' build argument 'cmake_clean_first' from command line to 'False'
[0.418s] Level 5:colcon.colcon_core.verb:set package 'isaac_ros_test' build argument 'cmake_force_configure' from command line to 'False'
[0.418s] Level 5:colcon.colcon_core.verb:set package 'isaac_ros_test' build argument 'ament_cmake_args' from command line to 'None'
[0.418s] Level 5:colcon.colcon_core.verb:set package 'isaac_ros_test' build argument 'catkin_cmake_args' from command line to 'None'
[0.418s] Level 5:colcon.colcon_core.verb:set package 'isaac_ros_test' build argument 'catkin_skip_building_tests' from command line to 'False'
[0.418s] DEBUG:colcon.colcon_core.verb:Building package 'isaac_ros_test' with the following arguments: {'ament_cmake_args': None, 'build_base': '/workspaces/isaac_ros-dev/build/isaac_ros_test', 'catkin_cmake_args': None, 'catkin_skip_building_tests': False, 'cmake_args': ['-DBUILD_TESTING=OFF'], 'cmake_clean_cache': False, 'cmake_clean_first': False, 'cmake_force_configure': False, 'cmake_target': None, 'cmake_target_skip_unavailable': False, 'install_base': '/workspaces/isaac_ros-dev/install/isaac_ros_test', 'merge_install': False, 'path': '/workspaces/isaac_ros-dev/src/isaac_ros_common/isaac_ros_test', 'symlink_install': True, 'test_result_base': None}
[0.418s] Level 5:colcon.colcon_core.verb:set package 'gxf_isaac_gems' build argument 'cmake_args' from command line to '['-DBUILD_TESTING=OFF']'
[0.418s] Level 5:colcon.colcon_core.verb:set package 'gxf_isaac_gems' build argument 'cmake_target' from command line to 'None'
[0.418s] Level 5:colcon.colcon_core.verb:set package 'gxf_isaac_gems' build argument 'cmake_target_skip_unavailable' from command line to 'False'
[0.418s] Level 5:colcon.colcon_core.verb:set package 'gxf_isaac_gems' build argument 'cmake_clean_cache' from command line to 'False'
[0.418s] Level 5:colcon.colcon_core.verb:set package 'gxf_isaac_gems' build argument 'cmake_clean_first' from command line to 'False'
[0.418s] Level 5:colcon.colcon_core.verb:set package 'gxf_isaac_gems' build argument 'cmake_force_configure' from command line to 'False'
[0.418s] Level 5:colcon.colcon_core.verb:set package 'gxf_isaac_gems' build argument 'ament_cmake_args' from command line to 'None'
[0.418s] Level 5:colcon.colcon_core.verb:set package 'gxf_isaac_gems' build argument 'catkin_cmake_args' from command line to 'None'
[0.418s] Level 5:colcon.colcon_core.verb:set package 'gxf_isaac_gems' build argument 'catkin_skip_building_tests' from command line to 'False'
[0.418s] DEBUG:colcon.colcon_core.verb:Building package 'gxf_isaac_gems' with the following arguments: {'ament_cmake_args': None, 'build_base': '/workspaces/isaac_ros-dev/build/gxf_isaac_gems', 'catkin_cmake_args': None, 'catkin_skip_building_tests': False, 'cmake_args': ['-DBUILD_TESTING=OFF'], 'cmake_clean_cache': False, 'cmake_clean_first': False, 'cmake_force_configure': False, 'cmake_target': None, 'cmake_target_skip_unavailable': False, 'install_base': '/workspaces/isaac_ros-dev/install/gxf_isaac_gems', 'merge_install': False, 'path': '/workspaces/isaac_ros-dev/src/isaac_ros_nitros/isaac_ros_gxf_extensions/gxf_isaac_gems', 'symlink_install': True, 'test_result_base': None}
[0.418s] Level 5:colcon.colcon_core.verb:set package 'gxf_isaac_message_compositor' build argument 'cmake_args' from command line to '['-DBUILD_TESTING=OFF']'
[0.418s] Level 5:colcon.colcon_core.verb:set package 'gxf_isaac_message_compositor' build argument 'cmake_target' from command line to 'None'
[0.419s] Level 5:colcon.colcon_core.verb:set package 'gxf_isaac_message_compositor' build argument 'cmake_target_skip_unavailable' from command line to 'False'
[0.419s] Level 5:colcon.colcon_core.verb:set package 'gxf_isaac_message_compositor' build argument 'cmake_clean_cache' from command line to 'False'
[0.419s] Level 5:colcon.colcon_core.verb:set package 'gxf_isaac_message_compositor' build argument 'cmake_clean_first' from command line to 'False'
[0.419s] Level 5:colcon.colcon_core.verb:set package 'gxf_isaac_message_compositor' build argument 'cmake_force_configure' from command line to 'False'
[0.419s] Level 5:colcon.colcon_core.verb:set package 'gxf_isaac_message_compositor' build argument 'ament_cmake_args' from command line to 'None'
[0.419s] Level 5:colcon.colcon_core.verb:set package 'gxf_isaac_message_compositor' build argument 'catkin_cmake_args' from command line to 'None'
[0.419s] Level 5:colcon.colcon_core.verb:set package 'gxf_isaac_message_compositor' build argument 'catkin_skip_building_tests' from command line to 'False'
[0.419s] DEBUG:colcon.colcon_core.verb:Building package 'gxf_isaac_message_compositor' with the following arguments: {'ament_cmake_args': None, 'build_base': '/workspaces/isaac_ros-dev/build/gxf_isaac_message_compositor', 'catkin_cmake_args': None, 'catkin_skip_building_tests': False, 'cmake_args': ['-DBUILD_TESTING=OFF'], 'cmake_clean_cache': False, 'cmake_clean_first': False, 'cmake_force_configure': False, 'cmake_target': None, 'cmake_target_skip_unavailable': False, 'install_base': '/workspaces/isaac_ros-dev/install/gxf_isaac_message_compositor', 'merge_install': False, 'path': '/workspaces/isaac_ros-dev/src/isaac_ros_nitros/isaac_ros_gxf_extensions/gxf_isaac_message_compositor', 'symlink_install': True, 'test_result_base': None}
[0.419s] Level 5:colcon.colcon_core.verb:set package 'gxf_isaac_optimizer' build argument 'cmake_args' from command line to '['-DBUILD_TESTING=OFF']'
[0.419s] Level 5:colcon.colcon_core.verb:set package 'gxf_isaac_optimizer' build argument 'cmake_target' from command line to 'None'
[0.419s] Level 5:colcon.colcon_core.verb:set package 'gxf_isaac_optimizer' build argument 'cmake_target_skip_unavailable' from command line to 'False'
[0.419s] Level 5:colcon.colcon_core.verb:set package 'gxf_isaac_optimizer' build argument 'cmake_clean_cache' from command line to 'False'
[0.419s] Level 5:colcon.colcon_core.verb:set package 'gxf_isaac_optimizer' build argument 'cmake_clean_first' from command line to 'False'
[0.419s] Level 5:colcon.colcon_core.verb:set package 'gxf_isaac_optimizer' build argument 'cmake_force_configure' from command line to 'False'
[0.419s] Level 5:colcon.colcon_core.verb:set package 'gxf_isaac_optimizer' build argument 'ament_cmake_args' from command line to 'None'
[0.419s] Level 5:colcon.colcon_core.verb:set package 'gxf_isaac_optimizer' build argument 'catkin_cmake_args' from command line to 'None'
[0.419s] Level 5:colcon.colcon_core.verb:set package 'gxf_isaac_optimizer' build argument 'catkin_skip_building_tests' from command line to 'False'
[0.419s] DEBUG:colcon.colcon_core.verb:Building package 'gxf_isaac_optimizer' with the following arguments: {'ament_cmake_args': None, 'build_base': '/workspaces/isaac_ros-dev/build/gxf_isaac_optimizer', 'catkin_cmake_args': None, 'catkin_skip_building_tests': False, 'cmake_args': ['-DBUILD_TESTING=OFF'], 'cmake_clean_cache': False, 'cmake_clean_first': False, 'cmake_force_configure': False, 'cmake_target': None, 'cmake_target_skip_unavailable': False, 'install_base': '/workspaces/isaac_ros-dev/install/gxf_isaac_optimizer', 'merge_install': False, 'path': '/workspaces/isaac_ros-dev/src/isaac_ros_nitros/isaac_ros_gxf_extensions/gxf_isaac_optimizer', 'symlink_install': True, 'test_result_base': None}
[0.419s] Level 5:colcon.colcon_core.verb:set package 'gxf_isaac_sight' build argument 'cmake_args' from command line to '['-DBUILD_TESTING=OFF']'
[0.419s] Level 5:colcon.colcon_core.verb:set package 'gxf_isaac_sight' build argument 'cmake_target' from command line to 'None'
[0.419s] Level 5:colcon.colcon_core.verb:set package 'gxf_isaac_sight' build argument 'cmake_target_skip_unavailable' from command line to 'False'
[0.419s] Level 5:colcon.colcon_core.verb:set package 'gxf_isaac_sight' build argument 'cmake_clean_cache' from command line to 'False'
[0.419s] Level 5:colcon.colcon_core.verb:set package 'gxf_isaac_sight' build argument 'cmake_clean_first' from command line to 'False'
[0.419s] Level 5:colcon.colcon_core.verb:set package 'gxf_isaac_sight' build argument 'cmake_force_configure' from command line to 'False'
[0.419s] Level 5:colcon.colcon_core.verb:set package 'gxf_isaac_sight' build argument 'ament_cmake_args' from command line to 'None'
[0.419s] Level 5:colcon.colcon_core.verb:set package 'gxf_isaac_sight' build argument 'catkin_cmake_args' from command line to 'None'
[0.419s] Level 5:colcon.colcon_core.verb:set package 'gxf_isaac_sight' build argument 'catkin_skip_building_tests' from command line to 'False'
[0.419s] DEBUG:colcon.colcon_core.verb:Building package 'gxf_isaac_sight' with the following arguments: {'ament_cmake_args': None, 'build_base': '/workspaces/isaac_ros-dev/build/gxf_isaac_sight', 'catkin_cmake_args': None, 'catkin_skip_building_tests': False, 'cmake_args': ['-DBUILD_TESTING=OFF'], 'cmake_clean_cache': False, 'cmake_clean_first': False, 'cmake_force_configure': False, 'cmake_target': None, 'cmake_target_skip_unavailable': False, 'install_base': '/workspaces/isaac_ros-dev/install/gxf_isaac_sight', 'merge_install': False, 'path': '/workspaces/isaac_ros-dev/src/isaac_ros_nitros/isaac_ros_gxf_extensions/gxf_isaac_sight', 'symlink_install': True, 'test_result_base': None}
[0.419s] Level 5:colcon.colcon_core.verb:set package 'gxf_isaac_atlas' build argument 'cmake_args' from command line to '['-DBUILD_TESTING=OFF']'
[0.419s] Level 5:colcon.colcon_core.verb:set package 'gxf_isaac_atlas' build argument 'cmake_target' from command line to 'None'
[0.419s] Level 5:colcon.colcon_core.verb:set package 'gxf_isaac_atlas' build argument 'cmake_target_skip_unavailable' from command line to 'False'
[0.419s] Level 5:colcon.colcon_core.verb:set package 'gxf_isaac_atlas' build argument 'cmake_clean_cache' from command line to 'False'
[0.419s] Level 5:colcon.colcon_core.verb:set package 'gxf_isaac_atlas' build argument 'cmake_clean_first' from command line to 'False'
[0.419s] Level 5:colcon.colcon_core.verb:set package 'gxf_isaac_atlas' build argument 'cmake_force_configure' from command line to 'False'
[0.419s] Level 5:colcon.colcon_core.verb:set package 'gxf_isaac_atlas' build argument 'ament_cmake_args' from command line to 'None'
[0.419s] Level 5:colcon.colcon_core.verb:set package 'gxf_isaac_atlas' build argument 'catkin_cmake_args' from command line to 'None'
[0.419s] Level 5:colcon.colcon_core.verb:set package 'gxf_isaac_atlas' build argument 'catkin_skip_building_tests' from command line to 'False'
[0.420s] DEBUG:colcon.colcon_core.verb:Building package 'gxf_isaac_atlas' with the following arguments: {'ament_cmake_args': None, 'build_base': '/workspaces/isaac_ros-dev/build/gxf_isaac_atlas', 'catkin_cmake_args': None, 'catkin_skip_building_tests': False, 'cmake_args': ['-DBUILD_TESTING=OFF'], 'cmake_clean_cache': False, 'cmake_clean_first': False, 'cmake_force_configure': False, 'cmake_target': None, 'cmake_target_skip_unavailable': False, 'install_base': '/workspaces/isaac_ros-dev/install/gxf_isaac_atlas', 'merge_install': False, 'path': '/workspaces/isaac_ros-dev/src/isaac_ros_nitros/isaac_ros_gxf_extensions/gxf_isaac_atlas', 'symlink_install': True, 'test_result_base': None}
[0.420s] Level 5:colcon.colcon_core.verb:set package 'gxf_isaac_gxf_helpers' build argument 'cmake_args' from command line to '['-DBUILD_TESTING=OFF']'
[0.420s] Level 5:colcon.colcon_core.verb:set package 'gxf_isaac_gxf_helpers' build argument 'cmake_target' from command line to 'None'
[0.420s] Level 5:colcon.colcon_core.verb:set package 'gxf_isaac_gxf_helpers' build argument 'cmake_target_skip_unavailable' from command line to 'False'
[0.420s] Level 5:colcon.colcon_core.verb:set package 'gxf_isaac_gxf_helpers' build argument 'cmake_clean_cache' from command line to 'False'
[0.420s] Level 5:colcon.colcon_core.verb:set package 'gxf_isaac_gxf_helpers' build argument 'cmake_clean_first' from command line to 'False'
[0.420s] Level 5:colcon.colcon_core.verb:set package 'gxf_isaac_gxf_helpers' build argument 'cmake_force_configure' from command line to 'False'
[0.420s] Level 5:colcon.colcon_core.verb:set package 'gxf_isaac_gxf_helpers' build argument 'ament_cmake_args' from command line to 'None'
[0.420s] Level 5:colcon.colcon_core.verb:set package 'gxf_isaac_gxf_helpers' build argument 'catkin_cmake_args' from command line to 'None'
[0.420s] Level 5:colcon.colcon_core.verb:set package 'gxf_isaac_gxf_helpers' build argument 'catkin_skip_building_tests' from command line to 'False'
[0.420s] DEBUG:colcon.colcon_core.verb:Building package 'gxf_isaac_gxf_helpers' with the following arguments: {'ament_cmake_args': None, 'build_base': '/workspaces/isaac_ros-dev/build/gxf_isaac_gxf_helpers', 'catkin_cmake_args': None, 'catkin_skip_building_tests': False, 'cmake_args': ['-DBUILD_TESTING=OFF'], 'cmake_clean_cache': False, 'cmake_clean_first': False, 'cmake_force_configure': False, 'cmake_target': None, 'cmake_target_skip_unavailable': False, 'install_base': '/workspaces/isaac_ros-dev/install/gxf_isaac_gxf_helpers', 'merge_install': False, 'path': '/workspaces/isaac_ros-dev/src/isaac_ros_nitros/isaac_ros_gxf_extensions/gxf_isaac_gxf_helpers', 'symlink_install': True, 'test_result_base': None}
[0.420s] Level 5:colcon.colcon_core.verb:set package 'gxf_isaac_messages' build argument 'cmake_args' from command line to '['-DBUILD_TESTING=OFF']'
[0.420s] Level 5:colcon.colcon_core.verb:set package 'gxf_isaac_messages' build argument 'cmake_target' from command line to 'None'
[0.420s] Level 5:colcon.colcon_core.verb:set package 'gxf_isaac_messages' build argument 'cmake_target_skip_unavailable' from command line to 'False'
[0.420s] Level 5:colcon.colcon_core.verb:set package 'gxf_isaac_messages' build argument 'cmake_clean_cache' from command line to 'False'
[0.420s] Level 5:colcon.colcon_core.verb:set package 'gxf_isaac_messages' build argument 'cmake_clean_first' from command line to 'False'
[0.420s] Level 5:colcon.colcon_core.verb:set package 'gxf_isaac_messages' build argument 'cmake_force_configure' from command line to 'False'
[0.420s] Level 5:colcon.colcon_core.verb:set package 'gxf_isaac_messages' build argument 'ament_cmake_args' from command line to 'None'
[0.420s] Level 5:colcon.colcon_core.verb:set package 'gxf_isaac_messages' build argument 'catkin_cmake_args' from command line to 'None'
[0.420s] Level 5:colcon.colcon_core.verb:set package 'gxf_isaac_messages' build argument 'catkin_skip_building_tests' from command line to 'False'
[0.420s] DEBUG:colcon.colcon_core.verb:Building package 'gxf_isaac_messages' with the following arguments: {'ament_cmake_args': None, 'build_base': '/workspaces/isaac_ros-dev/build/gxf_isaac_messages', 'catkin_cmake_args': None, 'catkin_skip_building_tests': False, 'cmake_args': ['-DBUILD_TESTING=OFF'], 'cmake_clean_cache': False, 'cmake_clean_first': False, 'cmake_force_configure': False, 'cmake_target': None, 'cmake_target_skip_unavailable': False, 'install_base': '/workspaces/isaac_ros-dev/install/gxf_isaac_messages', 'merge_install': False, 'path': '/workspaces/isaac_ros-dev/src/isaac_ros_nitros/isaac_ros_gxf_extensions/gxf_isaac_messages', 'symlink_install': True, 'test_result_base': None}
[0.420s] Level 5:colcon.colcon_core.verb:set package 'gxf_isaac_tensor_rt' build argument 'cmake_args' from command line to '['-DBUILD_TESTING=OFF']'
[0.420s] Level 5:colcon.colcon_core.verb:set package 'gxf_isaac_tensor_rt' build argument 'cmake_target' from command line to 'None'
[0.420s] Level 5:colcon.colcon_core.verb:set package 'gxf_isaac_tensor_rt' build argument 'cmake_target_skip_unavailable' from command line to 'False'
[0.420s] Level 5:colcon.colcon_core.verb:set package 'gxf_isaac_tensor_rt' build argument 'cmake_clean_cache' from command line to 'False'
[0.420s] Level 5:colcon.colcon_core.verb:set package 'gxf_isaac_tensor_rt' build argument 'cmake_clean_first' from command line to 'False'
[0.420s] Level 5:colcon.colcon_core.verb:set package 'gxf_isaac_tensor_rt' build argument 'cmake_force_configure' from command line to 'False'
[0.420s] Level 5:colcon.colcon_core.verb:set package 'gxf_isaac_tensor_rt' build argument 'ament_cmake_args' from command line to 'None'
[0.420s] Level 5:colcon.colcon_core.verb:set package 'gxf_isaac_tensor_rt' build argument 'catkin_cmake_args' from command line to 'None'
[0.420s] Level 5:colcon.colcon_core.verb:set package 'gxf_isaac_tensor_rt' build argument 'catkin_skip_building_tests' from command line to 'False'
[0.420s] DEBUG:colcon.colcon_core.verb:Building package 'gxf_isaac_tensor_rt' with the following arguments: {'ament_cmake_args': None, 'build_base': '/workspaces/isaac_ros-dev/build/gxf_isaac_tensor_rt', 'catkin_cmake_args': None, 'catkin_skip_building_tests': False, 'cmake_args': ['-DBUILD_TESTING=OFF'], 'cmake_clean_cache': False, 'cmake_clean_first': False, 'cmake_force_configure': False, 'cmake_target': None, 'cmake_target_skip_unavailable': False, 'install_base': '/workspaces/isaac_ros-dev/install/gxf_isaac_tensor_rt', 'merge_install': False, 'path': '/workspaces/isaac_ros-dev/src/isaac_ros_dnn_inference/isaac_ros_gxf_extensions/gxf_isaac_tensor_rt', 'symlink_install': True, 'test_result_base': None}
[0.421s] Level 5:colcon.colcon_core.verb:set package 'isaac_ros_nitros' build argument 'cmake_args' from command line to '['-DBUILD_TESTING=OFF']'
[0.421s] Level 5:colcon.colcon_core.verb:set package 'isaac_ros_nitros' build argument 'cmake_target' from command line to 'None'
[0.421s] Level 5:colcon.colcon_core.verb:set package 'isaac_ros_nitros' build argument 'cmake_target_skip_unavailable' from command line to 'False'
[0.421s] Level 5:colcon.colcon_core.verb:set package 'isaac_ros_nitros' build argument 'cmake_clean_cache' from command line to 'False'
[0.421s] Level 5:colcon.colcon_core.verb:set package 'isaac_ros_nitros' build argument 'cmake_clean_first' from command line to 'False'
[0.421s] Level 5:colcon.colcon_core.verb:set package 'isaac_ros_nitros' build argument 'cmake_force_configure' from command line to 'False'
[0.421s] Level 5:colcon.colcon_core.verb:set package 'isaac_ros_nitros' build argument 'ament_cmake_args' from command line to 'None'
[0.421s] Level 5:colcon.colcon_core.verb:set package 'isaac_ros_nitros' build argument 'catkin_cmake_args' from command line to 'None'
[0.421s] Level 5:colcon.colcon_core.verb:set package 'isaac_ros_nitros' build argument 'catkin_skip_building_tests' from command line to 'False'
[0.421s] DEBUG:colcon.colcon_core.verb:Building package 'isaac_ros_nitros' with the following arguments: {'ament_cmake_args': None, 'build_base': '/workspaces/isaac_ros-dev/build/isaac_ros_nitros', 'catkin_cmake_args': None, 'catkin_skip_building_tests': False, 'cmake_args': ['-DBUILD_TESTING=OFF'], 'cmake_clean_cache': False, 'cmake_clean_first': False, 'cmake_force_configure': False, 'cmake_target': None, 'cmake_target_skip_unavailable': False, 'install_base': '/workspaces/isaac_ros-dev/install/isaac_ros_nitros', 'merge_install': False, 'path': '/workspaces/isaac_ros-dev/src/isaac_ros_nitros/isaac_ros_nitros', 'symlink_install': True, 'test_result_base': None}
[0.421s] Level 5:colcon.colcon_core.verb:set package 'isaac_ros_nitros_camera_info_type' build argument 'cmake_args' from command line to '['-DBUILD_TESTING=OFF']'
[0.421s] Level 5:colcon.colcon_core.verb:set package 'isaac_ros_nitros_camera_info_type' build argument 'cmake_target' from command line to 'None'
[0.421s] Level 5:colcon.colcon_core.verb:set package 'isaac_ros_nitros_camera_info_type' build argument 'cmake_target_skip_unavailable' from command line to 'False'
[0.421s] Level 5:colcon.colcon_core.verb:set package 'isaac_ros_nitros_camera_info_type' build argument 'cmake_clean_cache' from command line to 'False'
[0.421s] Level 5:colcon.colcon_core.verb:set package 'isaac_ros_nitros_camera_info_type' build argument 'cmake_clean_first' from command line to 'False'
[0.421s] Level 5:colcon.colcon_core.verb:set package 'isaac_ros_nitros_camera_info_type' build argument 'cmake_force_configure' from command line to 'False'
[0.421s] Level 5:colcon.colcon_core.verb:set package 'isaac_ros_nitros_camera_info_type' build argument 'ament_cmake_args' from command line to 'None'
[0.421s] Level 5:colcon.colcon_core.verb:set package 'isaac_ros_nitros_camera_info_type' build argument 'catkin_cmake_args' from command line to 'None'
[0.421s] Level 5:colcon.colcon_core.verb:set package 'isaac_ros_nitros_camera_info_type' build argument 'catkin_skip_building_tests' from command line to 'False'
[0.421s] DEBUG:colcon.colcon_core.verb:Building package 'isaac_ros_nitros_camera_info_type' with the following arguments: {'ament_cmake_args': None, 'build_base': '/workspaces/isaac_ros-dev/build/isaac_ros_nitros_camera_info_type', 'catkin_cmake_args': None, 'catkin_skip_building_tests': False, 'cmake_args': ['-DBUILD_TESTING=OFF'], 'cmake_clean_cache': False, 'cmake_clean_first': False, 'cmake_force_configure': False, 'cmake_target': None, 'cmake_target_skip_unavailable': False, 'install_base': '/workspaces/isaac_ros-dev/install/isaac_ros_nitros_camera_info_type', 'merge_install': False, 'path': '/workspaces/isaac_ros-dev/src/isaac_ros_nitros/isaac_ros_nitros_type/isaac_ros_nitros_camera_info_type', 'symlink_install': True, 'test_result_base': None}
[0.421s] Level 5:colcon.colcon_core.verb:set package 'isaac_ros_nitros_detection3_d_array_type' build argument 'cmake_args' from command line to '['-DBUILD_TESTING=OFF']'
[0.421s] Level 5:colcon.colcon_core.verb:set package 'isaac_ros_nitros_detection3_d_array_type' build argument 'cmake_target' from command line to 'None'
[0.421s] Level 5:colcon.colcon_core.verb:set package 'isaac_ros_nitros_detection3_d_array_type' build argument 'cmake_target_skip_unavailable' from command line to 'False'
[0.421s] Level 5:colcon.colcon_core.verb:set package 'isaac_ros_nitros_detection3_d_array_type' build argument 'cmake_clean_cache' from command line to 'False'
[0.421s] Level 5:colcon.colcon_core.verb:set package 'isaac_ros_nitros_detection3_d_array_type' build argument 'cmake_clean_first' from command line to 'False'
[0.421s] Level 5:colcon.colcon_core.verb:set package 'isaac_ros_nitros_detection3_d_array_type' build argument 'cmake_force_configure' from command line to 'False'
[0.421s] Level 5:colcon.colcon_core.verb:set package 'isaac_ros_nitros_detection3_d_array_type' build argument 'ament_cmake_args' from command line to 'None'
[0.421s] Level 5:colcon.colcon_core.verb:set package 'isaac_ros_nitros_detection3_d_array_type' build argument 'catkin_cmake_args' from command line to 'None'
[0.421s] Level 5:colcon.colcon_core.verb:set package 'isaac_ros_nitros_detection3_d_array_type' build argument 'catkin_skip_building_tests' from command line to 'False'
[0.421s] DEBUG:colcon.colcon_core.verb:Building package 'isaac_ros_nitros_detection3_d_array_type' with the following arguments: {'ament_cmake_args': None, 'build_base': '/workspaces/isaac_ros-dev/build/isaac_ros_nitros_detection3_d_array_type', 'catkin_cmake_args': None, 'catkin_skip_building_tests': False, 'cmake_args': ['-DBUILD_TESTING=OFF'], 'cmake_clean_cache': False, 'cmake_clean_first': False, 'cmake_force_configure': False, 'cmake_target': None, 'cmake_target_skip_unavailable': False, 'install_base': '/workspaces/isaac_ros-dev/install/isaac_ros_nitros_detection3_d_array_type', 'merge_install': False, 'path': '/workspaces/isaac_ros-dev/src/isaac_ros_nitros/isaac_ros_nitros_type/isaac_ros_nitros_detection3_d_array_type', 'symlink_install': True, 'test_result_base': None}
[0.422s] Level 5:colcon.colcon_core.verb:set package 'isaac_ros_nitros_image_type' build argument 'cmake_args' from command line to '['-DBUILD_TESTING=OFF']'
[0.422s] Level 5:colcon.colcon_core.verb:set package 'isaac_ros_nitros_image_type' build argument 'cmake_target' from command line to 'None'
[0.422s] Level 5:colcon.colcon_core.verb:set package 'isaac_ros_nitros_image_type' build argument 'cmake_target_skip_unavailable' from command line to 'False'
[0.422s] Level 5:colcon.colcon_core.verb:set package 'isaac_ros_nitros_image_type' build argument 'cmake_clean_cache' from command line to 'False'
[0.422s] Level 5:colcon.colcon_core.verb:set package 'isaac_ros_nitros_image_type' build argument 'cmake_clean_first' from command line to 'False'
[0.422s] Level 5:colcon.colcon_core.verb:set package 'isaac_ros_nitros_image_type' build argument 'cmake_force_configure' from command line to 'False'
[0.422s] Level 5:colcon.colcon_core.verb:set package 'isaac_ros_nitros_image_type' build argument 'ament_cmake_args' from command line to 'None'
[0.422s] Level 5:colcon.colcon_core.verb:set package 'isaac_ros_nitros_image_type' build argument 'catkin_cmake_args' from command line to 'None'
[0.422s] Level 5:colcon.colcon_core.verb:set package 'isaac_ros_nitros_image_type' build argument 'catkin_skip_building_tests' from command line to 'False'
[0.422s] DEBUG:colcon.colcon_core.verb:Building package 'isaac_ros_nitros_image_type' with the following arguments: {'ament_cmake_args': None, 'build_base': '/workspaces/isaac_ros-dev/build/isaac_ros_nitros_image_type', 'catkin_cmake_args': None, 'catkin_skip_building_tests': False, 'cmake_args': ['-DBUILD_TESTING=OFF'], 'cmake_clean_cache': False, 'cmake_clean_first': False, 'cmake_force_configure': False, 'cmake_target': None, 'cmake_target_skip_unavailable': False, 'install_base': '/workspaces/isaac_ros-dev/install/isaac_ros_nitros_image_type', 'merge_install': False, 'path': '/workspaces/isaac_ros-dev/src/isaac_ros_nitros/isaac_ros_nitros_type/isaac_ros_nitros_image_type', 'symlink_install': True, 'test_result_base': None}
[0.422s] Level 5:colcon.colcon_core.verb:set package 'isaac_ros_nitros_tensor_list_type' build argument 'cmake_args' from command line to '['-DBUILD_TESTING=OFF']'
[0.422s] Level 5:colcon.colcon_core.verb:set package 'isaac_ros_nitros_tensor_list_type' build argument 'cmake_target' from command line to 'None'
[0.422s] Level 5:colcon.colcon_core.verb:set package 'isaac_ros_nitros_tensor_list_type' build argument 'cmake_target_skip_unavailable' from command line to 'False'
[0.422s] Level 5:colcon.colcon_core.verb:set package 'isaac_ros_nitros_tensor_list_type' build argument 'cmake_clean_cache' from command line to 'False'
[0.422s] Level 5:colcon.colcon_core.verb:set package 'isaac_ros_nitros_tensor_list_type' build argument 'cmake_clean_first' from command line to 'False'
[0.422s] Level 5:colcon.colcon_core.verb:set package 'isaac_ros_nitros_tensor_list_type' build argument 'cmake_force_configure' from command line to 'False'
[0.422s] Level 5:colcon.colcon_core.verb:set package 'isaac_ros_nitros_tensor_list_type' build argument 'ament_cmake_args' from command line to 'None'
[0.422s] Level 5:colcon.colcon_core.verb:set package 'isaac_ros_nitros_tensor_list_type' build argument 'catkin_cmake_args' from command line to 'None'
[0.422s] Level 5:colcon.colcon_core.verb:set package 'isaac_ros_nitros_tensor_list_type' build argument 'catkin_skip_building_tests' from command line to 'False'
[0.422s] DEBUG:colcon.colcon_core.verb:Building package 'isaac_ros_nitros_tensor_list_type' with the following arguments: {'ament_cmake_args': None, 'build_base': '/workspaces/isaac_ros-dev/build/isaac_ros_nitros_tensor_list_type', 'catkin_cmake_args': None, 'catkin_skip_building_tests': False, 'cmake_args': ['-DBUILD_TESTING=OFF'], 'cmake_clean_cache': False, 'cmake_clean_first': False, 'cmake_force_configure': False, 'cmake_target': None, 'cmake_target_skip_unavailable': False, 'install_base': '/workspaces/isaac_ros-dev/install/isaac_ros_nitros_tensor_list_type', 'merge_install': False, 'path': '/workspaces/isaac_ros-dev/src/isaac_ros_nitros/isaac_ros_nitros_type/isaac_ros_nitros_tensor_list_type', 'symlink_install': True, 'test_result_base': None}
[0.422s] Level 5:colcon.colcon_core.verb:set package 'gxf_isaac_centerpose' build argument 'cmake_args' from command line to '['-DBUILD_TESTING=OFF']'
[0.422s] Level 5:colcon.colcon_core.verb:set package 'gxf_isaac_centerpose' build argument 'cmake_target' from command line to 'None'
[0.422s] Level 5:colcon.colcon_core.verb:set package 'gxf_isaac_centerpose' build argument 'cmake_target_skip_unavailable' from command line to 'False'
[0.422s] Level 5:colcon.colcon_core.verb:set package 'gxf_isaac_centerpose' build argument 'cmake_clean_cache' from command line to 'False'
[0.422s] Level 5:colcon.colcon_core.verb:set package 'gxf_isaac_centerpose' build argument 'cmake_clean_first' from command line to 'False'
[0.422s] Level 5:colcon.colcon_core.verb:set package 'gxf_isaac_centerpose' build argument 'cmake_force_configure' from command line to 'False'
[0.422s] Level 5:colcon.colcon_core.verb:set package 'gxf_isaac_centerpose' build argument 'ament_cmake_args' from command line to 'None'
[0.422s] Level 5:colcon.colcon_core.verb:set package 'gxf_isaac_centerpose' build argument 'catkin_cmake_args' from command line to 'None'
[0.422s] Level 5:colcon.colcon_core.verb:set package 'gxf_isaac_centerpose' build argument 'catkin_skip_building_tests' from command line to 'False'
[0.422s] DEBUG:colcon.colcon_core.verb:Building package 'gxf_isaac_centerpose' with the following arguments: {'ament_cmake_args': None, 'build_base': '/workspaces/isaac_ros-dev/build/gxf_isaac_centerpose', 'catkin_cmake_args': None, 'catkin_skip_building_tests': False, 'cmake_args': ['-DBUILD_TESTING=OFF'], 'cmake_clean_cache': False, 'cmake_clean_first': False, 'cmake_force_configure': False, 'cmake_target': None, 'cmake_target_skip_unavailable': False, 'install_base': '/workspaces/isaac_ros-dev/install/gxf_isaac_centerpose', 'merge_install': False, 'path': '/workspaces/isaac_ros-dev/src/isaac_ros_pose_estimation/isaac_ros_gxf_extensions/gxf_isaac_centerpose', 'symlink_install': True, 'test_result_base': None}
[0.423s] Level 5:colcon.colcon_core.verb:set package 'isaac_ros_managed_nitros' build argument 'cmake_args' from command line to '['-DBUILD_TESTING=OFF']'
[0.423s] Level 5:colcon.colcon_core.verb:set package 'isaac_ros_managed_nitros' build argument 'cmake_target' from command line to 'None'
[0.423s] Level 5:colcon.colcon_core.verb:set package 'isaac_ros_managed_nitros' build argument 'cmake_target_skip_unavailable' from command line to 'False'
[0.423s] Level 5:colcon.colcon_core.verb:set package 'isaac_ros_managed_nitros' build argument 'cmake_clean_cache' from command line to 'False'
[0.423s] Level 5:colcon.colcon_core.verb:set package 'isaac_ros_managed_nitros' build argument 'cmake_clean_first' from command line to 'False'
[0.423s] Level 5:colcon.colcon_core.verb:set package 'isaac_ros_managed_nitros' build argument 'cmake_force_configure' from command line to 'False'
[0.423s] Level 5:colcon.colcon_core.verb:set package 'isaac_ros_managed_nitros' build argument 'ament_cmake_args' from command line to 'None'
[0.423s] Level 5:colcon.colcon_core.verb:set package 'isaac_ros_managed_nitros' build argument 'catkin_cmake_args' from command line to 'None'
[0.423s] Level 5:colcon.colcon_core.verb:set package 'isaac_ros_managed_nitros' build argument 'catkin_skip_building_tests' from command line to 'False'
[0.423s] DEBUG:colcon.colcon_core.verb:Building package 'isaac_ros_managed_nitros' with the following arguments: {'ament_cmake_args': None, 'build_base': '/workspaces/isaac_ros-dev/build/isaac_ros_managed_nitros', 'catkin_cmake_args': None, 'catkin_skip_building_tests': False, 'cmake_args': ['-DBUILD_TESTING=OFF'], 'cmake_clean_cache': False, 'cmake_clean_first': False, 'cmake_force_configure': False, 'cmake_target': None, 'cmake_target_skip_unavailable': False, 'install_base': '/workspaces/isaac_ros-dev/install/isaac_ros_managed_nitros', 'merge_install': False, 'path': '/workspaces/isaac_ros-dev/src/isaac_ros_nitros/isaac_ros_managed_nitros', 'symlink_install': True, 'test_result_base': None}
[0.423s] Level 5:colcon.colcon_core.verb:set package 'isaac_ros_tensor_rt' build argument 'cmake_args' from command line to '['-DBUILD_TESTING=OFF']'
[0.423s] Level 5:colcon.colcon_core.verb:set package 'isaac_ros_tensor_rt' build argument 'cmake_target' from command line to 'None'
[0.423s] Level 5:colcon.colcon_core.verb:set package 'isaac_ros_tensor_rt' build argument 'cmake_target_skip_unavailable' from command line to 'False'
[0.423s] Level 5:colcon.colcon_core.verb:set package 'isaac_ros_tensor_rt' build argument 'cmake_clean_cache' from command line to 'False'
[0.423s] Level 5:colcon.colcon_core.verb:set package 'isaac_ros_tensor_rt' build argument 'cmake_clean_first' from command line to 'False'
[0.423s] Level 5:colcon.colcon_core.verb:set package 'isaac_ros_tensor_rt' build argument 'cmake_force_configure' from command line to 'False'
[0.423s] Level 5:colcon.colcon_core.verb:set package 'isaac_ros_tensor_rt' build argument 'ament_cmake_args' from command line to 'None'
[0.423s] Level 5:colcon.colcon_core.verb:set package 'isaac_ros_tensor_rt' build argument 'catkin_cmake_args' from command line to 'None'
[0.423s] Level 5:colcon.colcon_core.verb:set package 'isaac_ros_tensor_rt' build argument 'catkin_skip_building_tests' from command line to 'False'
[0.423s] DEBUG:colcon.colcon_core.verb:Building package 'isaac_ros_tensor_rt' with the following arguments: {'ament_cmake_args': None, 'build_base': '/workspaces/isaac_ros-dev/build/isaac_ros_tensor_rt', 'catkin_cmake_args': None, 'catkin_skip_building_tests': False, 'cmake_args': ['-DBUILD_TESTING=OFF'], 'cmake_clean_cache': False, 'cmake_clean_first': False, 'cmake_force_configure': False, 'cmake_target': None, 'cmake_target_skip_unavailable': False, 'install_base': '/workspaces/isaac_ros-dev/install/isaac_ros_tensor_rt', 'merge_install': False, 'path': '/workspaces/isaac_ros-dev/src/isaac_ros_dnn_inference/isaac_ros_tensor_rt', 'symlink_install': True, 'test_result_base': None}
[0.423s] Level 5:colcon.colcon_core.verb:set package 'isaac_ros_tensor_proc' build argument 'cmake_args' from command line to '['-DBUILD_TESTING=OFF']'
[0.423s] Level 5:colcon.colcon_core.verb:set package 'isaac_ros_tensor_proc' build argument 'cmake_target' from command line to 'None'
[0.423s] Level 5:colcon.colcon_core.verb:set package 'isaac_ros_tensor_proc' build argument 'cmake_target_skip_unavailable' from command line to 'False'
[0.423s] Level 5:colcon.colcon_core.verb:set package 'isaac_ros_tensor_proc' build argument 'cmake_clean_cache' from command line to 'False'
[0.423s] Level 5:colcon.colcon_core.verb:set package 'isaac_ros_tensor_proc' build argument 'cmake_clean_first' from command line to 'False'
[0.423s] Level 5:colcon.colcon_core.verb:set package 'isaac_ros_tensor_proc' build argument 'cmake_force_configure' from command line to 'False'
[0.423s] Level 5:colcon.colcon_core.verb:set package 'isaac_ros_tensor_proc' build argument 'ament_cmake_args' from command line to 'None'
[0.423s] Level 5:colcon.colcon_core.verb:set package 'isaac_ros_tensor_proc' build argument 'catkin_cmake_args' from command line to 'None'
[0.423s] Level 5:colcon.colcon_core.verb:set package 'isaac_ros_tensor_proc' build argument 'catkin_skip_building_tests' from command line to 'False'
[0.423s] DEBUG:colcon.colcon_core.verb:Building package 'isaac_ros_tensor_proc' with the following arguments: {'ament_cmake_args': None, 'build_base': '/workspaces/isaac_ros-dev/build/isaac_ros_tensor_proc', 'catkin_cmake_args': None, 'catkin_skip_building_tests': False, 'cmake_args': ['-DBUILD_TESTING=OFF'], 'cmake_clean_cache': False, 'cmake_clean_first': False, 'cmake_force_configure': False, 'cmake_target': None, 'cmake_target_skip_unavailable': False, 'install_base': '/workspaces/isaac_ros-dev/install/isaac_ros_tensor_proc', 'merge_install': False, 'path': '/workspaces/isaac_ros-dev/src/isaac_ros_dnn_inference/isaac_ros_tensor_proc', 'symlink_install': True, 'test_result_base': None}
[0.423s] Level 5:colcon.colcon_core.verb:set package 'isaac_ros_dnn_image_encoder' build argument 'cmake_args' from command line to '['-DBUILD_TESTING=OFF']'
[0.423s] Level 5:colcon.colcon_core.verb:set package 'isaac_ros_dnn_image_encoder' build argument 'cmake_target' from command line to 'None'
[0.424s] Level 5:colcon.colcon_core.verb:set package 'isaac_ros_dnn_image_encoder' build argument 'cmake_target_skip_unavailable' from command line to 'False'
[0.424s] Level 5:colcon.colcon_core.verb:set package 'isaac_ros_dnn_image_encoder' build argument 'cmake_clean_cache' from command line to 'False'
[0.424s] Level 5:colcon.colcon_core.verb:set package 'isaac_ros_dnn_image_encoder' build argument 'cmake_clean_first' from command line to 'False'
[0.424s] Level 5:colcon.colcon_core.verb:set package 'isaac_ros_dnn_image_encoder' build argument 'cmake_force_configure' from command line to 'False'
[0.424s] Level 5:colcon.colcon_core.verb:set package 'isaac_ros_dnn_image_encoder' build argument 'ament_cmake_args' from command line to 'None'
[0.424s] Level 5:colcon.colcon_core.verb:set package 'isaac_ros_dnn_image_encoder' build argument 'catkin_cmake_args' from command line to 'None'
[0.424s] Level 5:colcon.colcon_core.verb:set package 'isaac_ros_dnn_image_encoder' build argument 'catkin_skip_building_tests' from command line to 'False'
[0.424s] DEBUG:colcon.colcon_core.verb:Building package 'isaac_ros_dnn_image_encoder' with the following arguments: {'ament_cmake_args': None, 'build_base': '/workspaces/isaac_ros-dev/build/isaac_ros_dnn_image_encoder', 'catkin_cmake_args': None, 'catkin_skip_building_tests': False, 'cmake_args': ['-DBUILD_TESTING=OFF'], 'cmake_clean_cache': False, 'cmake_clean_first': False, 'cmake_force_configure': False, 'cmake_target': None, 'cmake_target_skip_unavailable': False, 'install_base': '/workspaces/isaac_ros-dev/install/isaac_ros_dnn_image_encoder', 'merge_install': False, 'path': '/workspaces/isaac_ros-dev/src/isaac_ros_dnn_inference/isaac_ros_dnn_image_encoder', 'symlink_install': True, 'test_result_base': None}
[0.424s] Level 5:colcon.colcon_core.verb:set package 'isaac_ros_centerpose' build argument 'cmake_args' from command line to '['-DBUILD_TESTING=OFF']'
[0.424s] Level 5:colcon.colcon_core.verb:set package 'isaac_ros_centerpose' build argument 'cmake_target' from command line to 'None'
[0.424s] Level 5:colcon.colcon_core.verb:set package 'isaac_ros_centerpose' build argument 'cmake_target_skip_unavailable' from command line to 'False'
[0.424s] Level 5:colcon.colcon_core.verb:set package 'isaac_ros_centerpose' build argument 'cmake_clean_cache' from command line to 'False'
[0.424s] Level 5:colcon.colcon_core.verb:set package 'isaac_ros_centerpose' build argument 'cmake_clean_first' from command line to 'False'
[0.424s] Level 5:colcon.colcon_core.verb:set package 'isaac_ros_centerpose' build argument 'cmake_force_configure' from command line to 'False'
[0.424s] Level 5:colcon.colcon_core.verb:set package 'isaac_ros_centerpose' build argument 'ament_cmake_args' from command line to 'None'
[0.424s] Level 5:colcon.colcon_core.verb:set package 'isaac_ros_centerpose' build argument 'catkin_cmake_args' from command line to 'None'
[0.424s] Level 5:colcon.colcon_core.verb:set package 'isaac_ros_centerpose' build argument 'catkin_skip_building_tests' from command line to 'False'
[0.424s] DEBUG:colcon.colcon_core.verb:Building package 'isaac_ros_centerpose' with the following arguments: {'ament_cmake_args': None, 'build_base': '/workspaces/isaac_ros-dev/build/isaac_ros_centerpose', 'catkin_cmake_args': None, 'catkin_skip_building_tests': False, 'cmake_args': ['-DBUILD_TESTING=OFF'], 'cmake_clean_cache': False, 'cmake_clean_first': False, 'cmake_force_configure': False, 'cmake_target': None, 'cmake_target_skip_unavailable': False, 'install_base': '/workspaces/isaac_ros-dev/install/isaac_ros_centerpose', 'merge_install': False, 'path': '/workspaces/isaac_ros-dev/src/isaac_ros_pose_estimation/isaac_ros_centerpose', 'symlink_install': True, 'test_result_base': None}
[0.424s] INFO:colcon.colcon_core.executor:Executing jobs using 'parallel' executor
[0.425s] DEBUG:colcon.colcon_parallel_executor.executor.parallel:run_until_complete
[0.425s] INFO:colcon.colcon_ros.task.ament_cmake.build:Building ROS package in '/workspaces/isaac_ros-dev/src/isaac_ros_common/isaac_ros_common' with build type 'ament_cmake'
[0.425s] INFO:colcon.colcon_cmake.task.cmake.build:Building CMake package in '/workspaces/isaac_ros-dev/src/isaac_ros_common/isaac_ros_common'
[0.427s] INFO:colcon.colcon_core.plugin_system:Skipping extension 'colcon_core.shell.bat': Not used on non-Windows systems
[0.427s] INFO:colcon.colcon_core.shell:Skip shell extension 'powershell' for command environment: Not usable outside of PowerShell
[0.427s] DEBUG:colcon.colcon_core.shell:Skip shell extension 'dsv' for command environment
[0.434s] DEBUG:colcon.colcon_core.event_handler.log_command:Invoking command in '/workspaces/isaac_ros-dev/build/isaac_ros_common': CMAKE_PREFIX_PATH=${CMAKE_PREFIX_PATH}:/workspaces/isaac_ros-dev/install/isaac_ros_test:/workspaces/isaac_ros-dev/install/isaac_ros_launch_utils:/workspaces/isaac_ros-dev/install/isaac_common_py:/opt/ros/humble /usr/bin/cmake /workspaces/isaac_ros-dev/src/isaac_ros_common/isaac_ros_common -DBUILD_TESTING=OFF -DAMENT_CMAKE_SYMLINK_INSTALL=1 -DCMAKE_INSTALL_PREFIX=/workspaces/isaac_ros-dev/install/isaac_ros_common
[2.094s] DEBUG:colcon.colcon_core.event_handler.log_command:Invoked command in '/workspaces/isaac_ros-dev/build/isaac_ros_common' returned '0': CMAKE_PREFIX_PATH=${CMAKE_PREFIX_PATH}:/workspaces/isaac_ros-dev/install/isaac_ros_test:/workspaces/isaac_ros-dev/install/isaac_ros_launch_utils:/workspaces/isaac_ros-dev/install/isaac_common_py:/opt/ros/humble /usr/bin/cmake /workspaces/isaac_ros-dev/src/isaac_ros_common/isaac_ros_common -DBUILD_TESTING=OFF -DAMENT_CMAKE_SYMLINK_INSTALL=1 -DCMAKE_INSTALL_PREFIX=/workspaces/isaac_ros-dev/install/isaac_ros_common
[2.096s] DEBUG:colcon.colcon_core.event_handler.log_command:Invoking command in '/workspaces/isaac_ros-dev/build/isaac_ros_common': CMAKE_PREFIX_PATH=${CMAKE_PREFIX_PATH}:/workspaces/isaac_ros-dev/install/isaac_ros_test:/workspaces/isaac_ros-dev/install/isaac_ros_launch_utils:/workspaces/isaac_ros-dev/install/isaac_common_py:/opt/ros/humble /usr/bin/cmake --build /workspaces/isaac_ros-dev/build/isaac_ros_common -- -j16 -l16
[4.221s] DEBUG:colcon.colcon_core.event_handler.log_command:Invoked command in '/workspaces/isaac_ros-dev/build/isaac_ros_common' returned '0': CMAKE_PREFIX_PATH=${CMAKE_PREFIX_PATH}:/workspaces/isaac_ros-dev/install/isaac_ros_test:/workspaces/isaac_ros-dev/install/isaac_ros_launch_utils:/workspaces/isaac_ros-dev/install/isaac_common_py:/opt/ros/humble /usr/bin/cmake --build /workspaces/isaac_ros-dev/build/isaac_ros_common -- -j16 -l16
[4.231s] DEBUG:colcon.colcon_core.event_handler.log_command:Invoking command in '/workspaces/isaac_ros-dev/build/isaac_ros_common': CMAKE_PREFIX_PATH=${CMAKE_PREFIX_PATH}:/workspaces/isaac_ros-dev/install/isaac_ros_test:/workspaces/isaac_ros-dev/install/isaac_ros_launch_utils:/workspaces/isaac_ros-dev/install/isaac_common_py:/opt/ros/humble /usr/bin/cmake --install /workspaces/isaac_ros-dev/build/isaac_ros_common
[4.658s] Level 1:colcon.colcon_core.environment:create_environment_scripts_only(isaac_ros_common)
[4.658s] DEBUG:colcon.colcon_core.event_handler.log_command:Invoked command in '/workspaces/isaac_ros-dev/build/isaac_ros_common' returned '0': CMAKE_PREFIX_PATH=${CMAKE_PREFIX_PATH}:/workspaces/isaac_ros-dev/install/isaac_ros_test:/workspaces/isaac_ros-dev/install/isaac_ros_launch_utils:/workspaces/isaac_ros-dev/install/isaac_common_py:/opt/ros/humble /usr/bin/cmake --install /workspaces/isaac_ros-dev/build/isaac_ros_common
[4.661s] Level 1:colcon.colcon_core.environment:checking '/workspaces/isaac_ros-dev/install/isaac_ros_common' for CMake module files
[4.662s] Level 1:colcon.colcon_core.environment:checking '/workspaces/isaac_ros-dev/install/isaac_ros_common' for CMake config files
[4.663s] Level 1:colcon.colcon_core.shell:create_environment_hook('isaac_ros_common', 'cmake_prefix_path')
[4.663s] INFO:colcon.colcon_core.shell:Creating environment hook '/workspaces/isaac_ros-dev/install/isaac_ros_common/share/isaac_ros_common/hook/cmake_prefix_path.ps1'
[4.664s] INFO:colcon.colcon_core.shell:Creating environment descriptor '/workspaces/isaac_ros-dev/install/isaac_ros_common/share/isaac_ros_common/hook/cmake_prefix_path.dsv'
[4.664s] INFO:colcon.colcon_core.shell:Creating environment hook '/workspaces/isaac_ros-dev/install/isaac_ros_common/share/isaac_ros_common/hook/cmake_prefix_path.sh'
[4.665s] Level 1:colcon.colcon_core.environment:checking '/workspaces/isaac_ros-dev/install/isaac_ros_common/lib'
[4.665s] Level 1:colcon.colcon_core.shell:create_environment_hook('isaac_ros_common', 'ld_library_path_lib')
[4.666s] INFO:colcon.colcon_core.shell:Creating environment hook '/workspaces/isaac_ros-dev/install/isaac_ros_common/share/isaac_ros_common/hook/ld_library_path_lib.ps1'
[4.666s] INFO:colcon.colcon_core.shell:Creating environment descriptor '/workspaces/isaac_ros-dev/install/isaac_ros_common/share/isaac_ros_common/hook/ld_library_path_lib.dsv'
[4.666s] INFO:colcon.colcon_core.shell:Creating environment hook '/workspaces/isaac_ros-dev/install/isaac_ros_common/share/isaac_ros_common/hook/ld_library_path_lib.sh'
[4.666s] Level 1:colcon.colcon_core.environment:checking '/workspaces/isaac_ros-dev/install/isaac_ros_common/bin'
[4.666s] Level 1:colcon.colcon_core.shell:create_environment_hook('isaac_ros_common', 'path')
[4.666s] INFO:colcon.colcon_core.shell:Creating environment hook '/workspaces/isaac_ros-dev/install/isaac_ros_common/share/isaac_ros_common/hook/path.ps1'
[4.667s] INFO:colcon.colcon_core.shell:Creating environment descriptor '/workspaces/isaac_ros-dev/install/isaac_ros_common/share/isaac_ros_common/hook/path.dsv'
[4.667s] INFO:colcon.colcon_core.shell:Creating environment hook '/workspaces/isaac_ros-dev/install/isaac_ros_common/share/isaac_ros_common/hook/path.sh'
[4.667s] Level 1:colcon.colcon_core.environment:checking '/workspaces/isaac_ros-dev/install/isaac_ros_common/lib/pkgconfig/isaac_ros_common.pc'
[4.667s] Level 1:colcon.colcon_core.environment:checking '/workspaces/isaac_ros-dev/install/isaac_ros_common/lib/python3.10/site-packages'
[4.667s] Level 1:colcon.colcon_core.environment:checking '/workspaces/isaac_ros-dev/install/isaac_ros_common/bin'
[4.667s] Level 1:colcon.colcon_core.shell:create_environment_hook('isaac_ros_common', 'pythonscriptspath')
[4.667s] INFO:colcon.colcon_core.shell:Creating environment hook '/workspaces/isaac_ros-dev/install/isaac_ros_common/share/isaac_ros_common/hook/pythonscriptspath.ps1'
[4.668s] INFO:colcon.colcon_core.shell:Creating environment descriptor '/workspaces/isaac_ros-dev/install/isaac_ros_common/share/isaac_ros_common/hook/pythonscriptspath.dsv'
[4.668s] INFO:colcon.colcon_core.shell:Creating environment hook '/workspaces/isaac_ros-dev/install/isaac_ros_common/share/isaac_ros_common/hook/pythonscriptspath.sh'
[4.668s] INFO:colcon.colcon_core.shell:Creating package script '/workspaces/isaac_ros-dev/install/isaac_ros_common/share/isaac_ros_common/package.ps1'
[4.669s] INFO:colcon.colcon_core.shell:Creating package descriptor '/workspaces/isaac_ros-dev/install/isaac_ros_common/share/isaac_ros_common/package.dsv'
[4.670s] INFO:colcon.colcon_core.shell:Creating package script '/workspaces/isaac_ros-dev/install/isaac_ros_common/share/isaac_ros_common/package.sh'
[4.670s] INFO:colcon.colcon_core.shell:Creating package script '/workspaces/isaac_ros-dev/install/isaac_ros_common/share/isaac_ros_common/package.bash'
[4.671s] INFO:colcon.colcon_core.shell:Creating package script '/workspaces/isaac_ros-dev/install/isaac_ros_common/share/isaac_ros_common/package.zsh'
[4.671s] Level 1:colcon.colcon_core.environment:create_file_with_runtime_dependencies(/workspaces/isaac_ros-dev/install/isaac_ros_common/share/colcon-core/packages/isaac_ros_common)
[4.672s] Level 1:colcon.colcon_core.environment:create_environment_scripts_only(isaac_ros_common)
[4.672s] Level 1:colcon.colcon_core.environment:checking '/workspaces/isaac_ros-dev/install/isaac_ros_common' for CMake module files
[4.672s] Level 1:colcon.colcon_core.environment:checking '/workspaces/isaac_ros-dev/install/isaac_ros_common' for CMake config files
[4.673s] Level 1:colcon.colcon_core.shell:create_environment_hook('isaac_ros_common', 'cmake_prefix_path')
[4.673s] INFO:colcon.colcon_core.shell:Creating environment hook '/workspaces/isaac_ros-dev/install/isaac_ros_common/share/isaac_ros_common/hook/cmake_prefix_path.ps1'
[4.674s] INFO:colcon.colcon_core.shell:Creating environment descriptor '/workspaces/isaac_ros-dev/install/isaac_ros_common/share/isaac_ros_common/hook/cmake_prefix_path.dsv'
[4.674s] INFO:colcon.colcon_core.shell:Creating environment hook '/workspaces/isaac_ros-dev/install/isaac_ros_common/share/isaac_ros_common/hook/cmake_prefix_path.sh'
[4.674s] Level 1:colcon.colcon_core.environment:checking '/workspaces/isaac_ros-dev/install/isaac_ros_common/lib'
[4.674s] Level 1:colcon.colcon_core.shell:create_environment_hook('isaac_ros_common', 'ld_library_path_lib')
[4.674s] INFO:colcon.colcon_core.shell:Creating environment hook '/workspaces/isaac_ros-dev/install/isaac_ros_common/share/isaac_ros_common/hook/ld_library_path_lib.ps1'
[4.675s] INFO:colcon.colcon_core.shell:Creating environment descriptor '/workspaces/isaac_ros-dev/install/isaac_ros_common/share/isaac_ros_common/hook/ld_library_path_lib.dsv'
[4.675s] INFO:colcon.colcon_core.shell:Creating environment hook '/workspaces/isaac_ros-dev/install/isaac_ros_common/share/isaac_ros_common/hook/ld_library_path_lib.sh'
[4.675s] Level 1:colcon.colcon_core.environment:checking '/workspaces/isaac_ros-dev/install/isaac_ros_common/bin'
[4.675s] Level 1:colcon.colcon_core.shell:create_environment_hook('isaac_ros_common', 'path')
[4.675s] INFO:colcon.colcon_core.shell:Creating environment hook '/workspaces/isaac_ros-dev/install/isaac_ros_common/share/isaac_ros_common/hook/path.ps1'
[4.676s] INFO:colcon.colcon_core.shell:Creating environment descriptor '/workspaces/isaac_ros-dev/install/isaac_ros_common/share/isaac_ros_common/hook/path.dsv'
[4.676s] INFO:colcon.colcon_core.shell:Creating environment hook '/workspaces/isaac_ros-dev/install/isaac_ros_common/share/isaac_ros_common/hook/path.sh'
[4.676s] Level 1:colcon.colcon_core.environment:checking '/workspaces/isaac_ros-dev/install/isaac_ros_common/lib/pkgconfig/isaac_ros_common.pc'
[4.676s] Level 1:colcon.colcon_core.environment:checking '/workspaces/isaac_ros-dev/install/isaac_ros_common/lib/python3.10/site-packages'
[4.676s] Level 1:colcon.colcon_core.environment:checking '/workspaces/isaac_ros-dev/install/isaac_ros_common/bin'
[4.676s] Level 1:colcon.colcon_core.shell:create_environment_hook('isaac_ros_common', 'pythonscriptspath')
[4.676s] INFO:colcon.colcon_core.shell:Creating environment hook '/workspaces/isaac_ros-dev/install/isaac_ros_common/share/isaac_ros_common/hook/pythonscriptspath.ps1'
[4.677s] INFO:colcon.colcon_core.shell:Creating environment descriptor '/workspaces/isaac_ros-dev/install/isaac_ros_common/share/isaac_ros_common/hook/pythonscriptspath.dsv'
[4.677s] INFO:colcon.colcon_core.shell:Creating environment hook '/workspaces/isaac_ros-dev/install/isaac_ros_common/share/isaac_ros_common/hook/pythonscriptspath.sh'
[4.677s] INFO:colcon.colcon_core.shell:Creating package script '/workspaces/isaac_ros-dev/install/isaac_ros_common/share/isaac_ros_common/package.ps1'
[4.678s] INFO:colcon.colcon_core.shell:Creating package descriptor '/workspaces/isaac_ros-dev/install/isaac_ros_common/share/isaac_ros_common/package.dsv'
[4.678s] INFO:colcon.colcon_core.shell:Creating package script '/workspaces/isaac_ros-dev/install/isaac_ros_common/share/isaac_ros_common/package.sh'
[4.678s] INFO:colcon.colcon_core.shell:Creating package script '/workspaces/isaac_ros-dev/install/isaac_ros_common/share/isaac_ros_common/package.bash'
[4.679s] INFO:colcon.colcon_core.shell:Creating package script '/workspaces/isaac_ros-dev/install/isaac_ros_common/share/isaac_ros_common/package.zsh'
[4.679s] Level 1:colcon.colcon_core.environment:create_file_with_runtime_dependencies(/workspaces/isaac_ros-dev/install/isaac_ros_common/share/colcon-core/packages/isaac_ros_common)
[4.679s] INFO:colcon.colcon_ros.task.ament_cmake.build:Building ROS package in '/workspaces/isaac_ros-dev/src/isaac_ros_nitros/isaac_ros_gxf' with build type 'ament_cmake'
[4.679s] INFO:colcon.colcon_cmake.task.cmake.build:Building CMake package in '/workspaces/isaac_ros-dev/src/isaac_ros_nitros/isaac_ros_gxf'
[4.679s] INFO:colcon.colcon_core.shell:Skip shell extension 'powershell' for command environment: Not usable outside of PowerShell
[4.679s] DEBUG:colcon.colcon_core.shell:Skip shell extension 'dsv' for command environment
[4.682s] INFO:colcon.colcon_ros.task.ament_python.build:Building ROS package in '/workspaces/isaac_ros-dev/src/isaac_ros_common/isaac_ros_test' with build type 'ament_python'
[4.682s] Level 1:colcon.colcon_core.shell:create_environment_hook('isaac_ros_test', 'ament_prefix_path')
[4.683s] INFO:colcon.colcon_core.shell:Creating environment hook '/workspaces/isaac_ros-dev/install/isaac_ros_test/share/isaac_ros_test/hook/ament_prefix_path.ps1'
[4.683s] INFO:colcon.colcon_core.shell:Creating environment descriptor '/workspaces/isaac_ros-dev/install/isaac_ros_test/share/isaac_ros_test/hook/ament_prefix_path.dsv'
[4.683s] INFO:colcon.colcon_core.shell:Creating environment hook '/workspaces/isaac_ros-dev/install/isaac_ros_test/share/isaac_ros_test/hook/ament_prefix_path.sh'
[4.683s] INFO:colcon.colcon_core.shell:Skip shell extension 'powershell' for command environment: Not usable outside of PowerShell
[4.683s] DEBUG:colcon.colcon_core.shell:Skip shell extension 'dsv' for command environment
[4.686s] INFO:colcon.colcon_ros.task.ament_cmake.build:Building ROS package in '/workspaces/isaac_ros-dev/src/isaac_ros_common/isaac_ros_tensor_list_interfaces' with build type 'ament_cmake'
[4.686s] INFO:colcon.colcon_cmake.task.cmake.build:Building CMake package in '/workspaces/isaac_ros-dev/src/isaac_ros_common/isaac_ros_tensor_list_interfaces'
[4.686s] INFO:colcon.colcon_core.shell:Skip shell extension 'powershell' for command environment: Not usable outside of PowerShell
[4.686s] DEBUG:colcon.colcon_core.shell:Skip shell extension 'dsv' for command environment
[4.691s] DEBUG:colcon.colcon_core.event_handler.log_command:Invoking command in '/workspaces/isaac_ros-dev/build/isaac_ros_gxf': CMAKE_PREFIX_PATH=${CMAKE_PREFIX_PATH}/workspaces/isaac_ros-dev/install/isaac_ros_test:/workspaces/isaac_ros-dev/install/isaac_ros_launch_utils:/workspaces/isaac_ros-dev/install/isaac_common_py:/opt/ros/humble LD_LIBRARY_PATH=/workspaces/isaac_ros-dev/install/isaac_ros_common/lib:/opt/ros/humble/opt/openvdb_vendor/lib:/opt/ros/humble/opt/rviz_ogre_vendor/lib:/opt/ros/humble/lib/x86_64-linux-gnu:/opt/ros/humble/lib:/usr/local/libcudss-linux-0.3.0.9_cuda12-archive/lib:/opt/hpcx/ucc/lib/:/opt/hpcx/ucx/lib/:/usr/local/cuda/compat/lib:/usr/local/nvidia/lib:/usr/local/nvidia/lib64:/opt/tritonserver/lib /usr/bin/cmake /workspaces/isaac_ros-dev/src/isaac_ros_nitros/isaac_ros_gxf -DBUILD_TESTING=OFF -DAMENT_CMAKE_SYMLINK_INSTALL=1 -DCMAKE_INSTALL_PREFIX=/workspaces/isaac_ros-dev/install/isaac_ros_gxf
[4.992s] INFO:colcon.colcon_core.task.python.build:Building Python package in '/workspaces/isaac_ros-dev/src/isaac_ros_common/isaac_ros_test'
[4.992s] INFO:colcon.colcon_core.shell:Skip shell extension 'powershell' for command environment: Not usable outside of PowerShell
[4.992s] DEBUG:colcon.colcon_core.shell:Skip shell extension 'dsv' for command environment
[4.997s] DEBUG:colcon.colcon_core.event_handler.log_command:Invoking command in '/workspaces/isaac_ros-dev/build/isaac_ros_tensor_list_interfaces': CMAKE_PREFIX_PATH=${CMAKE_PREFIX_PATH}/workspaces/isaac_ros-dev/install/isaac_ros_test:/workspaces/isaac_ros-dev/install/isaac_ros_launch_utils:/workspaces/isaac_ros-dev/install/isaac_common_py:/opt/ros/humble LD_LIBRARY_PATH=/workspaces/isaac_ros-dev/install/isaac_ros_common/lib:/opt/ros/humble/opt/openvdb_vendor/lib:/opt/ros/humble/opt/rviz_ogre_vendor/lib:/opt/ros/humble/lib/x86_64-linux-gnu:/opt/ros/humble/lib:/usr/local/libcudss-linux-0.3.0.9_cuda12-archive/lib:/opt/hpcx/ucc/lib/:/opt/hpcx/ucx/lib/:/usr/local/cuda/compat/lib:/usr/local/nvidia/lib:/usr/local/nvidia/lib64:/opt/tritonserver/lib /usr/bin/cmake /workspaces/isaac_ros-dev/src/isaac_ros_common/isaac_ros_tensor_list_interfaces -DBUILD_TESTING=OFF -DAMENT_CMAKE_SYMLINK_INSTALL=1 -DCMAKE_INSTALL_PREFIX=/workspaces/isaac_ros-dev/install/isaac_ros_tensor_list_interfaces
[5.506s] DEBUG:colcon.colcon_core.event_handler.log_command:Invoking command in '/workspaces/isaac_ros-dev/build/isaac_ros_test': CMAKE_PREFIX_PATH=/workspaces/isaac_ros-dev/install/isaac_ros_common:/usr/local/libcudss-linux-0.3.0.9_cuda12-archive LD_LIBRARY_PATH=/workspaces/isaac_ros-dev/install/isaac_ros_common/lib:/opt/ros/humble/opt/openvdb_vendor/lib:/opt/ros/humble/opt/rviz_ogre_vendor/lib:/opt/ros/humble/lib/x86_64-linux-gnu:/opt/ros/humble/lib:/usr/local/libcudss-linux-0.3.0.9_cuda12-archive/lib:/opt/hpcx/ucc/lib/:/opt/hpcx/ucx/lib/:/usr/local/cuda/compat/lib:/usr/local/nvidia/lib:/usr/local/nvidia/lib64:/opt/tritonserver/lib PYTHONPATH=/workspaces/isaac_ros-dev/build/isaac_ros_test/prefix_override:/usr/lib/python3/dist-packages/colcon_core/task/python/colcon_distutils_commands:/workspaces/isaac_ros-dev/install/isaac_ros_test/lib/python3.10/site-packages:${PYTHONPATH} /usr/bin/python3 -W ignore:setup.py install is deprecated -W ignore:easy_install command is deprecated setup.py develop --editable --build-directory /workspaces/isaac_ros-dev/build/isaac_ros_test/build --no-deps symlink_data
[6.172s] DEBUG:colcon.colcon_core.event_handler.log_command:Invoked command in '/workspaces/isaac_ros-dev/build/isaac_ros_gxf' returned '0': CMAKE_PREFIX_PATH=${CMAKE_PREFIX_PATH}/workspaces/isaac_ros-dev/install/isaac_ros_test:/workspaces/isaac_ros-dev/install/isaac_ros_launch_utils:/workspaces/isaac_ros-dev/install/isaac_common_py:/opt/ros/humble LD_LIBRARY_PATH=/workspaces/isaac_ros-dev/install/isaac_ros_common/lib:/opt/ros/humble/opt/openvdb_vendor/lib:/opt/ros/humble/opt/rviz_ogre_vendor/lib:/opt/ros/humble/lib/x86_64-linux-gnu:/opt/ros/humble/lib:/usr/local/libcudss-linux-0.3.0.9_cuda12-archive/lib:/opt/hpcx/ucc/lib/:/opt/hpcx/ucx/lib/:/usr/local/cuda/compat/lib:/usr/local/nvidia/lib:/usr/local/nvidia/lib64:/opt/tritonserver/lib /usr/bin/cmake /workspaces/isaac_ros-dev/src/isaac_ros_nitros/isaac_ros_gxf -DBUILD_TESTING=OFF -DAMENT_CMAKE_SYMLINK_INSTALL=1 -DCMAKE_INSTALL_PREFIX=/workspaces/isaac_ros-dev/install/isaac_ros_gxf
[6.174s] DEBUG:colcon.colcon_core.event_handler.log_command:Invoking command in '/workspaces/isaac_ros-dev/build/isaac_ros_gxf': CMAKE_PREFIX_PATH=${CMAKE_PREFIX_PATH}/workspaces/isaac_ros-dev/install/isaac_ros_test:/workspaces/isaac_ros-dev/install/isaac_ros_launch_utils:/workspaces/isaac_ros-dev/install/isaac_common_py:/opt/ros/humble LD_LIBRARY_PATH=/workspaces/isaac_ros-dev/install/isaac_ros_common/lib:/opt/ros/humble/opt/openvdb_vendor/lib:/opt/ros/humble/opt/rviz_ogre_vendor/lib:/opt/ros/humble/lib/x86_64-linux-gnu:/opt/ros/humble/lib:/usr/local/libcudss-linux-0.3.0.9_cuda12-archive/lib:/opt/hpcx/ucc/lib/:/opt/hpcx/ucx/lib/:/usr/local/cuda/compat/lib:/usr/local/nvidia/lib:/usr/local/nvidia/lib64:/opt/tritonserver/lib /usr/bin/cmake --build /workspaces/isaac_ros-dev/build/isaac_ros_gxf -- -j16 -l16
[6.262s] Level 1:colcon.colcon_core.shell:create_environment_hook('isaac_ros_test', 'pythonpath_develop')
[6.262s] INFO:colcon.colcon_core.shell:Creating environment hook '/workspaces/isaac_ros-dev/build/isaac_ros_test/share/isaac_ros_test/hook/pythonpath_develop.ps1'
[6.263s] DEBUG:colcon.colcon_core.event_handler.log_command:Invoked command in '/workspaces/isaac_ros-dev/build/isaac_ros_test' returned '0': CMAKE_PREFIX_PATH=/workspaces/isaac_ros-dev/install/isaac_ros_common:/usr/local/libcudss-linux-0.3.0.9_cuda12-archive LD_LIBRARY_PATH=/workspaces/isaac_ros-dev/install/isaac_ros_common/lib:/opt/ros/humble/opt/openvdb_vendor/lib:/opt/ros/humble/opt/rviz_ogre_vendor/lib:/opt/ros/humble/lib/x86_64-linux-gnu:/opt/ros/humble/lib:/usr/local/libcudss-linux-0.3.0.9_cuda12-archive/lib:/opt/hpcx/ucc/lib/:/opt/hpcx/ucx/lib/:/usr/local/cuda/compat/lib:/usr/local/nvidia/lib:/usr/local/nvidia/lib64:/opt/tritonserver/lib PYTHONPATH=/workspaces/isaac_ros-dev/build/isaac_ros_test/prefix_override:/usr/lib/python3/dist-packages/colcon_core/task/python/colcon_distutils_commands:/workspaces/isaac_ros-dev/install/isaac_ros_test/lib/python3.10/site-packages:${PYTHONPATH} /usr/bin/python3 -W ignore:setup.py install is deprecated -W ignore:easy_install command is deprecated setup.py develop --editable --build-directory /workspaces/isaac_ros-dev/build/isaac_ros_test/build --no-deps symlink_data
[6.263s] INFO:colcon.colcon_core.shell:Creating environment descriptor '/workspaces/isaac_ros-dev/build/isaac_ros_test/share/isaac_ros_test/hook/pythonpath_develop.dsv'
[6.263s] INFO:colcon.colcon_core.shell:Creating environment hook '/workspaces/isaac_ros-dev/build/isaac_ros_test/share/isaac_ros_test/hook/pythonpath_develop.sh'
[6.263s] Level 1:colcon.colcon_core.environment:checking '/workspaces/isaac_ros-dev/install/isaac_ros_test' for CMake module files
[6.264s] Level 1:colcon.colcon_core.environment:checking '/workspaces/isaac_ros-dev/install/isaac_ros_test' for CMake config files
[6.264s] Level 1:colcon.colcon_core.environment:checking '/workspaces/isaac_ros-dev/install/isaac_ros_test/lib'
[6.264s] Level 1:colcon.colcon_core.environment:checking '/workspaces/isaac_ros-dev/install/isaac_ros_test/bin'
[6.264s] Level 1:colcon.colcon_core.environment:checking '/workspaces/isaac_ros-dev/install/isaac_ros_test/lib/pkgconfig/isaac_ros_test.pc'
[6.264s] Level 1:colcon.colcon_core.environment:checking '/workspaces/isaac_ros-dev/install/isaac_ros_test/lib/python3.10/site-packages'
[6.264s] Level 1:colcon.colcon_core.shell:create_environment_hook('isaac_ros_test', 'pythonpath')
[6.264s] INFO:colcon.colcon_core.shell:Creating environment hook '/workspaces/isaac_ros-dev/install/isaac_ros_test/share/isaac_ros_test/hook/pythonpath.ps1'
[6.265s] INFO:colcon.colcon_core.shell:Creating environment descriptor '/workspaces/isaac_ros-dev/install/isaac_ros_test/share/isaac_ros_test/hook/pythonpath.dsv'
[6.265s] INFO:colcon.colcon_core.shell:Creating environment hook '/workspaces/isaac_ros-dev/install/isaac_ros_test/share/isaac_ros_test/hook/pythonpath.sh'
[6.265s] Level 1:colcon.colcon_core.environment:checking '/workspaces/isaac_ros-dev/install/isaac_ros_test/bin'
[6.265s] Level 1:colcon.colcon_core.environment:create_environment_scripts_only(isaac_ros_test)
[6.266s] INFO:colcon.colcon_core.shell:Creating package script '/workspaces/isaac_ros-dev/install/isaac_ros_test/share/isaac_ros_test/package.ps1'
[6.266s] INFO:colcon.colcon_core.shell:Creating package descriptor '/workspaces/isaac_ros-dev/install/isaac_ros_test/share/isaac_ros_test/package.dsv'
[6.266s] INFO:colcon.colcon_core.shell:Creating package script '/workspaces/isaac_ros-dev/install/isaac_ros_test/share/isaac_ros_test/package.sh'
[6.266s] INFO:colcon.colcon_core.shell:Creating package script '/workspaces/isaac_ros-dev/install/isaac_ros_test/share/isaac_ros_test/package.bash'
[6.267s] INFO:colcon.colcon_core.shell:Creating package script '/workspaces/isaac_ros-dev/install/isaac_ros_test/share/isaac_ros_test/package.zsh'
[6.267s] Level 1:colcon.colcon_core.environment:create_file_with_runtime_dependencies(/workspaces/isaac_ros-dev/install/isaac_ros_test/share/colcon-core/packages/isaac_ros_test)
[7.216s] DEBUG:colcon.colcon_core.event_handler.log_command:Invoked command in '/workspaces/isaac_ros-dev/build/isaac_ros_tensor_list_interfaces' returned '0': CMAKE_PREFIX_PATH=${CMAKE_PREFIX_PATH}/workspaces/isaac_ros-dev/install/isaac_ros_test:/workspaces/isaac_ros-dev/install/isaac_ros_launch_utils:/workspaces/isaac_ros-dev/install/isaac_common_py:/opt/ros/humble LD_LIBRARY_PATH=/workspaces/isaac_ros-dev/install/isaac_ros_common/lib:/opt/ros/humble/opt/openvdb_vendor/lib:/opt/ros/humble/opt/rviz_ogre_vendor/lib:/opt/ros/humble/lib/x86_64-linux-gnu:/opt/ros/humble/lib:/usr/local/libcudss-linux-0.3.0.9_cuda12-archive/lib:/opt/hpcx/ucc/lib/:/opt/hpcx/ucx/lib/:/usr/local/cuda/compat/lib:/usr/local/nvidia/lib:/usr/local/nvidia/lib64:/opt/tritonserver/lib /usr/bin/cmake /workspaces/isaac_ros-dev/src/isaac_ros_common/isaac_ros_tensor_list_interfaces -DBUILD_TESTING=OFF -DAMENT_CMAKE_SYMLINK_INSTALL=1 -DCMAKE_INSTALL_PREFIX=/workspaces/isaac_ros-dev/install/isaac_ros_tensor_list_interfaces
[7.217s] DEBUG:colcon.colcon_core.event_handler.log_command:Invoking command in '/workspaces/isaac_ros-dev/build/isaac_ros_tensor_list_interfaces': CMAKE_PREFIX_PATH=${CMAKE_PREFIX_PATH}/workspaces/isaac_ros-dev/install/isaac_ros_test:/workspaces/isaac_ros-dev/install/isaac_ros_launch_utils:/workspaces/isaac_ros-dev/install/isaac_common_py:/opt/ros/humble LD_LIBRARY_PATH=/workspaces/isaac_ros-dev/install/isaac_ros_common/lib:/opt/ros/humble/opt/openvdb_vendor/lib:/opt/ros/humble/opt/rviz_ogre_vendor/lib:/opt/ros/humble/lib/x86_64-linux-gnu:/opt/ros/humble/lib:/usr/local/libcudss-linux-0.3.0.9_cuda12-archive/lib:/opt/hpcx/ucc/lib/:/opt/hpcx/ucx/lib/:/usr/local/cuda/compat/lib:/usr/local/nvidia/lib:/usr/local/nvidia/lib64:/opt/tritonserver/lib /usr/bin/cmake --build /workspaces/isaac_ros-dev/build/isaac_ros_tensor_list_interfaces -- -j16 -l16
[9.402s] DEBUG:colcon.colcon_core.event_handler.log_command:Invoked command in '/workspaces/isaac_ros-dev/build/isaac_ros_tensor_list_interfaces' returned '0': CMAKE_PREFIX_PATH=${CMAKE_PREFIX_PATH}/workspaces/isaac_ros-dev/install/isaac_ros_test:/workspaces/isaac_ros-dev/install/isaac_ros_launch_utils:/workspaces/isaac_ros-dev/install/isaac_common_py:/opt/ros/humble LD_LIBRARY_PATH=/workspaces/isaac_ros-dev/install/isaac_ros_common/lib:/opt/ros/humble/opt/openvdb_vendor/lib:/opt/ros/humble/opt/rviz_ogre_vendor/lib:/opt/ros/humble/lib/x86_64-linux-gnu:/opt/ros/humble/lib:/usr/local/libcudss-linux-0.3.0.9_cuda12-archive/lib:/opt/hpcx/ucc/lib/:/opt/hpcx/ucx/lib/:/usr/local/cuda/compat/lib:/usr/local/nvidia/lib:/usr/local/nvidia/lib64:/opt/tritonserver/lib /usr/bin/cmake --build /workspaces/isaac_ros-dev/build/isaac_ros_tensor_list_interfaces -- -j16 -l16
[9.404s] DEBUG:colcon.colcon_core.event_handler.log_command:Invoking command in '/workspaces/isaac_ros-dev/build/isaac_ros_tensor_list_interfaces': CMAKE_PREFIX_PATH=${CMAKE_PREFIX_PATH}/workspaces/isaac_ros-dev/install/isaac_ros_test:/workspaces/isaac_ros-dev/install/isaac_ros_launch_utils:/workspaces/isaac_ros-dev/install/isaac_common_py:/opt/ros/humble LD_LIBRARY_PATH=/workspaces/isaac_ros-dev/install/isaac_ros_common/lib:/opt/ros/humble/opt/openvdb_vendor/lib:/opt/ros/humble/opt/rviz_ogre_vendor/lib:/opt/ros/humble/lib/x86_64-linux-gnu:/opt/ros/humble/lib:/usr/local/libcudss-linux-0.3.0.9_cuda12-archive/lib:/opt/hpcx/ucc/lib/:/opt/hpcx/ucx/lib/:/usr/local/cuda/compat/lib:/usr/local/nvidia/lib:/usr/local/nvidia/lib64:/opt/tritonserver/lib /usr/bin/cmake --install /workspaces/isaac_ros-dev/build/isaac_ros_tensor_list_interfaces
[10.353s] Level 1:colcon.colcon_core.environment:create_environment_scripts_only(isaac_ros_tensor_list_interfaces)
[10.354s] Level 1:colcon.colcon_core.environment:checking '/workspaces/isaac_ros-dev/install/isaac_ros_tensor_list_interfaces' for CMake module files
[10.354s] DEBUG:colcon.colcon_core.event_handler.log_command:Invoked command in '/workspaces/isaac_ros-dev/build/isaac_ros_tensor_list_interfaces' returned '0': CMAKE_PREFIX_PATH=${CMAKE_PREFIX_PATH}/workspaces/isaac_ros-dev/install/isaac_ros_test:/workspaces/isaac_ros-dev/install/isaac_ros_launch_utils:/workspaces/isaac_ros-dev/install/isaac_common_py:/opt/ros/humble LD_LIBRARY_PATH=/workspaces/isaac_ros-dev/install/isaac_ros_common/lib:/opt/ros/humble/opt/openvdb_vendor/lib:/opt/ros/humble/opt/rviz_ogre_vendor/lib:/opt/ros/humble/lib/x86_64-linux-gnu:/opt/ros/humble/lib:/usr/local/libcudss-linux-0.3.0.9_cuda12-archive/lib:/opt/hpcx/ucc/lib/:/opt/hpcx/ucx/lib/:/usr/local/cuda/compat/lib:/usr/local/nvidia/lib:/usr/local/nvidia/lib64:/opt/tritonserver/lib /usr/bin/cmake --install /workspaces/isaac_ros-dev/build/isaac_ros_tensor_list_interfaces
[10.354s] Level 1:colcon.colcon_core.environment:checking '/workspaces/isaac_ros-dev/install/isaac_ros_tensor_list_interfaces' for CMake config files
[10.355s] Level 1:colcon.colcon_core.shell:create_environment_hook('isaac_ros_tensor_list_interfaces', 'cmake_prefix_path')
[10.355s] INFO:colcon.colcon_core.shell:Creating environment hook '/workspaces/isaac_ros-dev/install/isaac_ros_tensor_list_interfaces/share/isaac_ros_tensor_list_interfaces/hook/cmake_prefix_path.ps1'
[10.356s] INFO:colcon.colcon_core.shell:Creating environment descriptor '/workspaces/isaac_ros-dev/install/isaac_ros_tensor_list_interfaces/share/isaac_ros_tensor_list_interfaces/hook/cmake_prefix_path.dsv'
[10.356s] INFO:colcon.colcon_core.shell:Creating environment hook '/workspaces/isaac_ros-dev/install/isaac_ros_tensor_list_interfaces/share/isaac_ros_tensor_list_interfaces/hook/cmake_prefix_path.sh'
[10.356s] Level 1:colcon.colcon_core.environment:checking '/workspaces/isaac_ros-dev/install/isaac_ros_tensor_list_interfaces/lib'
[10.357s] Level 1:colcon.colcon_core.shell:create_environment_hook('isaac_ros_tensor_list_interfaces', 'ld_library_path_lib')
[10.357s] INFO:colcon.colcon_core.shell:Creating environment hook '/workspaces/isaac_ros-dev/install/isaac_ros_tensor_list_interfaces/share/isaac_ros_tensor_list_interfaces/hook/ld_library_path_lib.ps1'
[10.357s] INFO:colcon.colcon_core.shell:Creating environment descriptor '/workspaces/isaac_ros-dev/install/isaac_ros_tensor_list_interfaces/share/isaac_ros_tensor_list_interfaces/hook/ld_library_path_lib.dsv'
[10.357s] INFO:colcon.colcon_core.shell:Creating environment hook '/workspaces/isaac_ros-dev/install/isaac_ros_tensor_list_interfaces/share/isaac_ros_tensor_list_interfaces/hook/ld_library_path_lib.sh'
[10.357s] Level 1:colcon.colcon_core.environment:checking '/workspaces/isaac_ros-dev/install/isaac_ros_tensor_list_interfaces/bin'
[10.357s] Level 1:colcon.colcon_core.environment:checking '/workspaces/isaac_ros-dev/install/isaac_ros_tensor_list_interfaces/lib/pkgconfig/isaac_ros_tensor_list_interfaces.pc'
[10.358s] Level 1:colcon.colcon_core.environment:checking '/workspaces/isaac_ros-dev/install/isaac_ros_tensor_list_interfaces/lib/python3.10/site-packages'
[10.358s] Level 1:colcon.colcon_core.environment:checking '/workspaces/isaac_ros-dev/install/isaac_ros_tensor_list_interfaces/bin'
[10.358s] INFO:colcon.colcon_core.shell:Creating package script '/workspaces/isaac_ros-dev/install/isaac_ros_tensor_list_interfaces/share/isaac_ros_tensor_list_interfaces/package.ps1'
[10.358s] INFO:colcon.colcon_core.shell:Creating package descriptor '/workspaces/isaac_ros-dev/install/isaac_ros_tensor_list_interfaces/share/isaac_ros_tensor_list_interfaces/package.dsv'
[10.359s] INFO:colcon.colcon_core.shell:Creating package script '/workspaces/isaac_ros-dev/install/isaac_ros_tensor_list_interfaces/share/isaac_ros_tensor_list_interfaces/package.sh'
[10.359s] INFO:colcon.colcon_core.shell:Creating package script '/workspaces/isaac_ros-dev/install/isaac_ros_tensor_list_interfaces/share/isaac_ros_tensor_list_interfaces/package.bash'
[10.359s] INFO:colcon.colcon_core.shell:Creating package script '/workspaces/isaac_ros-dev/install/isaac_ros_tensor_list_interfaces/share/isaac_ros_tensor_list_interfaces/package.zsh'
[10.359s] Level 1:colcon.colcon_core.environment:create_file_with_runtime_dependencies(/workspaces/isaac_ros-dev/install/isaac_ros_tensor_list_interfaces/share/colcon-core/packages/isaac_ros_tensor_list_interfaces)
[10.360s] Level 1:colcon.colcon_core.environment:create_environment_scripts_only(isaac_ros_tensor_list_interfaces)
[10.360s] Level 1:colcon.colcon_core.environment:checking '/workspaces/isaac_ros-dev/install/isaac_ros_tensor_list_interfaces' for CMake module files
[10.360s] Level 1:colcon.colcon_core.environment:checking '/workspaces/isaac_ros-dev/install/isaac_ros_tensor_list_interfaces' for CMake config files
[10.361s] Level 1:colcon.colcon_core.shell:create_environment_hook('isaac_ros_tensor_list_interfaces', 'cmake_prefix_path')
[10.361s] INFO:colcon.colcon_core.shell:Creating environment hook '/workspaces/isaac_ros-dev/install/isaac_ros_tensor_list_interfaces/share/isaac_ros_tensor_list_interfaces/hook/cmake_prefix_path.ps1'
[10.361s] INFO:colcon.colcon_core.shell:Creating environment descriptor '/workspaces/isaac_ros-dev/install/isaac_ros_tensor_list_interfaces/share/isaac_ros_tensor_list_interfaces/hook/cmake_prefix_path.dsv'
[10.361s] INFO:colcon.colcon_core.shell:Creating environment hook '/workspaces/isaac_ros-dev/install/isaac_ros_tensor_list_interfaces/share/isaac_ros_tensor_list_interfaces/hook/cmake_prefix_path.sh'
[10.362s] Level 1:colcon.colcon_core.environment:checking '/workspaces/isaac_ros-dev/install/isaac_ros_tensor_list_interfaces/lib'
[10.362s] Level 1:colcon.colcon_core.shell:create_environment_hook('isaac_ros_tensor_list_interfaces', 'ld_library_path_lib')
[10.362s] INFO:colcon.colcon_core.shell:Creating environment hook '/workspaces/isaac_ros-dev/install/isaac_ros_tensor_list_interfaces/share/isaac_ros_tensor_list_interfaces/hook/ld_library_path_lib.ps1'
[10.362s] INFO:colcon.colcon_core.shell:Creating environment descriptor '/workspaces/isaac_ros-dev/install/isaac_ros_tensor_list_interfaces/share/isaac_ros_tensor_list_interfaces/hook/ld_library_path_lib.dsv'
[10.362s] INFO:colcon.colcon_core.shell:Creating environment hook '/workspaces/isaac_ros-dev/install/isaac_ros_tensor_list_interfaces/share/isaac_ros_tensor_list_interfaces/hook/ld_library_path_lib.sh'
[10.363s] Level 1:colcon.colcon_core.environment:checking '/workspaces/isaac_ros-dev/install/isaac_ros_tensor_list_interfaces/bin'
[10.363s] Level 1:colcon.colcon_core.environment:checking '/workspaces/isaac_ros-dev/install/isaac_ros_tensor_list_interfaces/lib/pkgconfig/isaac_ros_tensor_list_interfaces.pc'
[10.363s] Level 1:colcon.colcon_core.environment:checking '/workspaces/isaac_ros-dev/install/isaac_ros_tensor_list_interfaces/lib/python3.10/site-packages'
[10.363s] Level 1:colcon.colcon_core.environment:checking '/workspaces/isaac_ros-dev/install/isaac_ros_tensor_list_interfaces/bin'
[10.363s] INFO:colcon.colcon_core.shell:Creating package script '/workspaces/isaac_ros-dev/install/isaac_ros_tensor_list_interfaces/share/isaac_ros_tensor_list_interfaces/package.ps1'
[10.364s] INFO:colcon.colcon_core.shell:Creating package descriptor '/workspaces/isaac_ros-dev/install/isaac_ros_tensor_list_interfaces/share/isaac_ros_tensor_list_interfaces/package.dsv'
[10.364s] INFO:colcon.colcon_core.shell:Creating package script '/workspaces/isaac_ros-dev/install/isaac_ros_tensor_list_interfaces/share/isaac_ros_tensor_list_interfaces/package.sh'
[10.364s] INFO:colcon.colcon_core.shell:Creating package script '/workspaces/isaac_ros-dev/install/isaac_ros_tensor_list_interfaces/share/isaac_ros_tensor_list_interfaces/package.bash'
[10.364s] INFO:colcon.colcon_core.shell:Creating package script '/workspaces/isaac_ros-dev/install/isaac_ros_tensor_list_interfaces/share/isaac_ros_tensor_list_interfaces/package.zsh'
[10.365s] Level 1:colcon.colcon_core.environment:create_file_with_runtime_dependencies(/workspaces/isaac_ros-dev/install/isaac_ros_tensor_list_interfaces/share/colcon-core/packages/isaac_ros_tensor_list_interfaces)
[11.750s] DEBUG:colcon.colcon_core.event_handler.log_command:Invoked command in '/workspaces/isaac_ros-dev/build/isaac_ros_gxf' returned '0': CMAKE_PREFIX_PATH=${CMAKE_PREFIX_PATH}/workspaces/isaac_ros-dev/install/isaac_ros_test:/workspaces/isaac_ros-dev/install/isaac_ros_launch_utils:/workspaces/isaac_ros-dev/install/isaac_common_py:/opt/ros/humble LD_LIBRARY_PATH=/workspaces/isaac_ros-dev/install/isaac_ros_common/lib:/opt/ros/humble/opt/openvdb_vendor/lib:/opt/ros/humble/opt/rviz_ogre_vendor/lib:/opt/ros/humble/lib/x86_64-linux-gnu:/opt/ros/humble/lib:/usr/local/libcudss-linux-0.3.0.9_cuda12-archive/lib:/opt/hpcx/ucc/lib/:/opt/hpcx/ucx/lib/:/usr/local/cuda/compat/lib:/usr/local/nvidia/lib:/usr/local/nvidia/lib64:/opt/tritonserver/lib /usr/bin/cmake --build /workspaces/isaac_ros-dev/build/isaac_ros_gxf -- -j16 -l16
[11.752s] DEBUG:colcon.colcon_core.event_handler.log_command:Invoking command in '/workspaces/isaac_ros-dev/build/isaac_ros_gxf': CMAKE_PREFIX_PATH=${CMAKE_PREFIX_PATH}/workspaces/isaac_ros-dev/install/isaac_ros_test:/workspaces/isaac_ros-dev/install/isaac_ros_launch_utils:/workspaces/isaac_ros-dev/install/isaac_common_py:/opt/ros/humble LD_LIBRARY_PATH=/workspaces/isaac_ros-dev/install/isaac_ros_common/lib:/opt/ros/humble/opt/openvdb_vendor/lib:/opt/ros/humble/opt/rviz_ogre_vendor/lib:/opt/ros/humble/lib/x86_64-linux-gnu:/opt/ros/humble/lib:/usr/local/libcudss-linux-0.3.0.9_cuda12-archive/lib:/opt/hpcx/ucc/lib/:/opt/hpcx/ucx/lib/:/usr/local/cuda/compat/lib:/usr/local/nvidia/lib:/usr/local/nvidia/lib64:/opt/tritonserver/lib /usr/bin/cmake --install /workspaces/isaac_ros-dev/build/isaac_ros_gxf
[14.221s] Level 1:colcon.colcon_core.environment:create_environment_scripts_only(isaac_ros_gxf)
[14.221s] Level 1:colcon.colcon_core.environment:checking '/workspaces/isaac_ros-dev/install/isaac_ros_gxf' for CMake module files
[14.221s] DEBUG:colcon.colcon_core.event_handler.log_command:Invoked command in '/workspaces/isaac_ros-dev/build/isaac_ros_gxf' returned '0': CMAKE_PREFIX_PATH=${CMAKE_PREFIX_PATH}/workspaces/isaac_ros-dev/install/isaac_ros_test:/workspaces/isaac_ros-dev/install/isaac_ros_launch_utils:/workspaces/isaac_ros-dev/install/isaac_common_py:/opt/ros/humble LD_LIBRARY_PATH=/workspaces/isaac_ros-dev/install/isaac_ros_common/lib:/opt/ros/humble/opt/openvdb_vendor/lib:/opt/ros/humble/opt/rviz_ogre_vendor/lib:/opt/ros/humble/lib/x86_64-linux-gnu:/opt/ros/humble/lib:/usr/local/libcudss-linux-0.3.0.9_cuda12-archive/lib:/opt/hpcx/ucc/lib/:/opt/hpcx/ucx/lib/:/usr/local/cuda/compat/lib:/usr/local/nvidia/lib:/usr/local/nvidia/lib64:/opt/tritonserver/lib /usr/bin/cmake --install /workspaces/isaac_ros-dev/build/isaac_ros_gxf
[14.222s] Level 1:colcon.colcon_core.environment:checking '/workspaces/isaac_ros-dev/install/isaac_ros_gxf' for CMake config files
[14.224s] Level 1:colcon.colcon_core.shell:create_environment_hook('isaac_ros_gxf', 'cmake_prefix_path')
[14.224s] INFO:colcon.colcon_core.shell:Creating environment hook '/workspaces/isaac_ros-dev/install/isaac_ros_gxf/share/isaac_ros_gxf/hook/cmake_prefix_path.ps1'
[14.224s] INFO:colcon.colcon_core.shell:Creating environment descriptor '/workspaces/isaac_ros-dev/install/isaac_ros_gxf/share/isaac_ros_gxf/hook/cmake_prefix_path.dsv'
[14.224s] INFO:colcon.colcon_core.shell:Creating environment hook '/workspaces/isaac_ros-dev/install/isaac_ros_gxf/share/isaac_ros_gxf/hook/cmake_prefix_path.sh'
[14.225s] Level 1:colcon.colcon_core.environment:checking '/workspaces/isaac_ros-dev/install/isaac_ros_gxf/lib'
[14.225s] Level 1:colcon.colcon_core.shell:create_environment_hook('isaac_ros_gxf', 'ld_library_path_lib')
[14.225s] INFO:colcon.colcon_core.shell:Creating environment hook '/workspaces/isaac_ros-dev/install/isaac_ros_gxf/share/isaac_ros_gxf/hook/ld_library_path_lib.ps1'
[14.225s] INFO:colcon.colcon_core.shell:Creating environment descriptor '/workspaces/isaac_ros-dev/install/isaac_ros_gxf/share/isaac_ros_gxf/hook/ld_library_path_lib.dsv'
[14.226s] INFO:colcon.colcon_core.shell:Creating environment hook '/workspaces/isaac_ros-dev/install/isaac_ros_gxf/share/isaac_ros_gxf/hook/ld_library_path_lib.sh'
[14.226s] Level 1:colcon.colcon_core.environment:checking '/workspaces/isaac_ros-dev/install/isaac_ros_gxf/bin'
[14.226s] Level 1:colcon.colcon_core.environment:checking '/workspaces/isaac_ros-dev/install/isaac_ros_gxf/lib/pkgconfig/isaac_ros_gxf.pc'
[14.226s] Level 1:colcon.colcon_core.environment:checking '/workspaces/isaac_ros-dev/install/isaac_ros_gxf/lib/python3.10/site-packages'
[14.226s] Level 1:colcon.colcon_core.environment:checking '/workspaces/isaac_ros-dev/install/isaac_ros_gxf/bin'
[14.227s] INFO:colcon.colcon_core.shell:Creating package script '/workspaces/isaac_ros-dev/install/isaac_ros_gxf/share/isaac_ros_gxf/package.ps1'
[14.227s] INFO:colcon.colcon_core.shell:Creating package descriptor '/workspaces/isaac_ros-dev/install/isaac_ros_gxf/share/isaac_ros_gxf/package.dsv'
[14.227s] INFO:colcon.colcon_core.shell:Creating package script '/workspaces/isaac_ros-dev/install/isaac_ros_gxf/share/isaac_ros_gxf/package.sh'
[14.227s] INFO:colcon.colcon_core.shell:Creating package script '/workspaces/isaac_ros-dev/install/isaac_ros_gxf/share/isaac_ros_gxf/package.bash'
[14.228s] INFO:colcon.colcon_core.shell:Creating package script '/workspaces/isaac_ros-dev/install/isaac_ros_gxf/share/isaac_ros_gxf/package.zsh'
[14.228s] Level 1:colcon.colcon_core.environment:create_file_with_runtime_dependencies(/workspaces/isaac_ros-dev/install/isaac_ros_gxf/share/colcon-core/packages/isaac_ros_gxf)
[14.228s] Level 1:colcon.colcon_core.environment:create_environment_scripts_only(isaac_ros_gxf)
[14.228s] Level 1:colcon.colcon_core.environment:checking '/workspaces/isaac_ros-dev/install/isaac_ros_gxf' for CMake module files
[14.229s] Level 1:colcon.colcon_core.environment:checking '/workspaces/isaac_ros-dev/install/isaac_ros_gxf' for CMake config files
[14.230s] Level 1:colcon.colcon_core.shell:create_environment_hook('isaac_ros_gxf', 'cmake_prefix_path')
[14.231s] INFO:colcon.colcon_core.shell:Creating environment hook '/workspaces/isaac_ros-dev/install/isaac_ros_gxf/share/isaac_ros_gxf/hook/cmake_prefix_path.ps1'
[14.231s] INFO:colcon.colcon_core.shell:Creating environment descriptor '/workspaces/isaac_ros-dev/install/isaac_ros_gxf/share/isaac_ros_gxf/hook/cmake_prefix_path.dsv'
[14.231s] INFO:colcon.colcon_core.shell:Creating environment hook '/workspaces/isaac_ros-dev/install/isaac_ros_gxf/share/isaac_ros_gxf/hook/cmake_prefix_path.sh'
[14.232s] Level 1:colcon.colcon_core.environment:checking '/workspaces/isaac_ros-dev/install/isaac_ros_gxf/lib'
[14.232s] Level 1:colcon.colcon_core.shell:create_environment_hook('isaac_ros_gxf', 'ld_library_path_lib')
[14.232s] INFO:colcon.colcon_core.shell:Creating environment hook '/workspaces/isaac_ros-dev/install/isaac_ros_gxf/share/isaac_ros_gxf/hook/ld_library_path_lib.ps1'
[14.232s] INFO:colcon.colcon_core.shell:Creating environment descriptor '/workspaces/isaac_ros-dev/install/isaac_ros_gxf/share/isaac_ros_gxf/hook/ld_library_path_lib.dsv'
[14.232s] INFO:colcon.colcon_core.shell:Creating environment hook '/workspaces/isaac_ros-dev/install/isaac_ros_gxf/share/isaac_ros_gxf/hook/ld_library_path_lib.sh'
[14.233s] Level 1:colcon.colcon_core.environment:checking '/workspaces/isaac_ros-dev/install/isaac_ros_gxf/bin'
[14.233s] Level 1:colcon.colcon_core.environment:checking '/workspaces/isaac_ros-dev/install/isaac_ros_gxf/lib/pkgconfig/isaac_ros_gxf.pc'
[14.233s] Level 1:colcon.colcon_core.environment:checking '/workspaces/isaac_ros-dev/install/isaac_ros_gxf/lib/python3.10/site-packages'
[14.233s] Level 1:colcon.colcon_core.environment:checking '/workspaces/isaac_ros-dev/install/isaac_ros_gxf/bin'
[14.233s] INFO:colcon.colcon_core.shell:Creating package script '/workspaces/isaac_ros-dev/install/isaac_ros_gxf/share/isaac_ros_gxf/package.ps1'
[14.234s] INFO:colcon.colcon_core.shell:Creating package descriptor '/workspaces/isaac_ros-dev/install/isaac_ros_gxf/share/isaac_ros_gxf/package.dsv'
[14.234s] INFO:colcon.colcon_core.shell:Creating package script '/workspaces/isaac_ros-dev/install/isaac_ros_gxf/share/isaac_ros_gxf/package.sh'
[14.234s] INFO:colcon.colcon_core.shell:Creating package script '/workspaces/isaac_ros-dev/install/isaac_ros_gxf/share/isaac_ros_gxf/package.bash'
[14.234s] INFO:colcon.colcon_core.shell:Creating package script '/workspaces/isaac_ros-dev/install/isaac_ros_gxf/share/isaac_ros_gxf/package.zsh'
[14.235s] Level 1:colcon.colcon_core.environment:create_file_with_runtime_dependencies(/workspaces/isaac_ros-dev/install/isaac_ros_gxf/share/colcon-core/packages/isaac_ros_gxf)
[14.235s] INFO:colcon.colcon_ros.task.ament_cmake.build:Building ROS package in '/workspaces/isaac_ros-dev/src/isaac_ros_nitros/isaac_ros_gxf_extensions/gxf_isaac_gems' with build type 'ament_cmake'
[14.235s] INFO:colcon.colcon_cmake.task.cmake.build:Building CMake package in '/workspaces/isaac_ros-dev/src/isaac_ros_nitros/isaac_ros_gxf_extensions/gxf_isaac_gems'
[14.235s] INFO:colcon.colcon_core.shell:Skip shell extension 'powershell' for command environment: Not usable outside of PowerShell
[14.235s] DEBUG:colcon.colcon_core.shell:Skip shell extension 'dsv' for command environment
[14.238s] INFO:colcon.colcon_ros.task.ament_cmake.build:Building ROS package in '/workspaces/isaac_ros-dev/src/isaac_ros_nitros/isaac_ros_gxf_extensions/gxf_isaac_message_compositor' with build type 'ament_cmake'
[14.239s] INFO:colcon.colcon_cmake.task.cmake.build:Building CMake package in '/workspaces/isaac_ros-dev/src/isaac_ros_nitros/isaac_ros_gxf_extensions/gxf_isaac_message_compositor'
[14.239s] INFO:colcon.colcon_core.shell:Skip shell extension 'powershell' for command environment: Not usable outside of PowerShell
[14.239s] DEBUG:colcon.colcon_core.shell:Skip shell extension 'dsv' for command environment
[14.242s] INFO:colcon.colcon_ros.task.ament_cmake.build:Building ROS package in '/workspaces/isaac_ros-dev/src/isaac_ros_nitros/isaac_ros_gxf_extensions/gxf_isaac_optimizer' with build type 'ament_cmake'
[14.242s] INFO:colcon.colcon_cmake.task.cmake.build:Building CMake package in '/workspaces/isaac_ros-dev/src/isaac_ros_nitros/isaac_ros_gxf_extensions/gxf_isaac_optimizer'
[14.242s] INFO:colcon.colcon_core.shell:Skip shell extension 'powershell' for command environment: Not usable outside of PowerShell
[14.242s] DEBUG:colcon.colcon_core.shell:Skip shell extension 'dsv' for command environment
[14.245s] INFO:colcon.colcon_ros.task.ament_cmake.build:Building ROS package in '/workspaces/isaac_ros-dev/src/isaac_ros_nitros/isaac_ros_gxf_extensions/gxf_isaac_sight' with build type 'ament_cmake'
[14.245s] INFO:colcon.colcon_cmake.task.cmake.build:Building CMake package in '/workspaces/isaac_ros-dev/src/isaac_ros_nitros/isaac_ros_gxf_extensions/gxf_isaac_sight'
[14.245s] INFO:colcon.colcon_core.shell:Skip shell extension 'powershell' for command environment: Not usable outside of PowerShell
[14.245s] DEBUG:colcon.colcon_core.shell:Skip shell extension 'dsv' for command environment
[14.251s] DEBUG:colcon.colcon_core.event_handler.log_command:Invoking command in '/workspaces/isaac_ros-dev/build/gxf_isaac_gems': AMENT_PREFIX_PATH=/workspaces/isaac_ros-dev/install/isaac_ros_gxf:${AMENT_PREFIX_PATH} CMAKE_PREFIX_PATH=/workspaces/isaac_ros-dev/install/isaac_ros_gxf:/workspaces/isaac_ros-dev/install/isaac_ros_common:/usr/local/libcudss-linux-0.3.0.9_cuda12-archive:/workspaces/isaac_ros-dev/install/isaac_ros_test:/workspaces/isaac_ros-dev/install/isaac_ros_launch_utils:/workspaces/isaac_ros-dev/install/isaac_common_py:/opt/ros/humble LD_LIBRARY_PATH=/workspaces/isaac_ros-dev/install/isaac_ros_gxf/lib:/workspaces/isaac_ros-dev/install/isaac_ros_common/lib:/opt/ros/humble/opt/openvdb_vendor/lib:/opt/ros/humble/opt/rviz_ogre_vendor/lib:/opt/ros/humble/lib/x86_64-linux-gnu:/opt/ros/humble/lib:/usr/local/libcudss-linux-0.3.0.9_cuda12-archive/lib:/opt/hpcx/ucc/lib/:/opt/hpcx/ucx/lib/:/usr/local/cuda/compat/lib:/usr/local/nvidia/lib:/usr/local/nvidia/lib64:/opt/tritonserver/lib /usr/bin/cmake /workspaces/isaac_ros-dev/src/isaac_ros_nitros/isaac_ros_gxf_extensions/gxf_isaac_gems -DBUILD_TESTING=OFF -DAMENT_CMAKE_SYMLINK_INSTALL=1 -DCMAKE_INSTALL_PREFIX=/workspaces/isaac_ros-dev/install/gxf_isaac_gems
[14.253s] DEBUG:colcon.colcon_core.event_handler.log_command:Invoking command in '/workspaces/isaac_ros-dev/build/gxf_isaac_message_compositor': AMENT_PREFIX_PATH=/workspaces/isaac_ros-dev/install/isaac_ros_gxf:${AMENT_PREFIX_PATH} CMAKE_PREFIX_PATH=/workspaces/isaac_ros-dev/install/isaac_ros_gxf:/workspaces/isaac_ros-dev/install/isaac_ros_common:/usr/local/libcudss-linux-0.3.0.9_cuda12-archive:/workspaces/isaac_ros-dev/install/isaac_ros_test:/workspaces/isaac_ros-dev/install/isaac_ros_launch_utils:/workspaces/isaac_ros-dev/install/isaac_common_py:/opt/ros/humble LD_LIBRARY_PATH=/workspaces/isaac_ros-dev/install/isaac_ros_gxf/lib:/workspaces/isaac_ros-dev/install/isaac_ros_common/lib:/opt/ros/humble/opt/openvdb_vendor/lib:/opt/ros/humble/opt/rviz_ogre_vendor/lib:/opt/ros/humble/lib/x86_64-linux-gnu:/opt/ros/humble/lib:/usr/local/libcudss-linux-0.3.0.9_cuda12-archive/lib:/opt/hpcx/ucc/lib/:/opt/hpcx/ucx/lib/:/usr/local/cuda/compat/lib:/usr/local/nvidia/lib:/usr/local/nvidia/lib64:/opt/tritonserver/lib /usr/bin/cmake /workspaces/isaac_ros-dev/src/isaac_ros_nitros/isaac_ros_gxf_extensions/gxf_isaac_message_compositor -DBUILD_TESTING=OFF -DAMENT_CMAKE_SYMLINK_INSTALL=1 -DCMAKE_INSTALL_PREFIX=/workspaces/isaac_ros-dev/install/gxf_isaac_message_compositor
[14.255s] DEBUG:colcon.colcon_core.event_handler.log_command:Invoking command in '/workspaces/isaac_ros-dev/build/gxf_isaac_optimizer': AMENT_PREFIX_PATH=/workspaces/isaac_ros-dev/install/isaac_ros_gxf:${AMENT_PREFIX_PATH} CMAKE_PREFIX_PATH=/workspaces/isaac_ros-dev/install/isaac_ros_gxf:/workspaces/isaac_ros-dev/install/isaac_ros_common:/usr/local/libcudss-linux-0.3.0.9_cuda12-archive:/workspaces/isaac_ros-dev/install/isaac_ros_test:/workspaces/isaac_ros-dev/install/isaac_ros_launch_utils:/workspaces/isaac_ros-dev/install/isaac_common_py:/opt/ros/humble LD_LIBRARY_PATH=/workspaces/isaac_ros-dev/install/isaac_ros_gxf/lib:/workspaces/isaac_ros-dev/install/isaac_ros_common/lib:/opt/ros/humble/opt/openvdb_vendor/lib:/opt/ros/humble/opt/rviz_ogre_vendor/lib:/opt/ros/humble/lib/x86_64-linux-gnu:/opt/ros/humble/lib:/usr/local/libcudss-linux-0.3.0.9_cuda12-archive/lib:/opt/hpcx/ucc/lib/:/opt/hpcx/ucx/lib/:/usr/local/cuda/compat/lib:/usr/local/nvidia/lib:/usr/local/nvidia/lib64:/opt/tritonserver/lib /usr/bin/cmake /workspaces/isaac_ros-dev/src/isaac_ros_nitros/isaac_ros_gxf_extensions/gxf_isaac_optimizer -DBUILD_TESTING=OFF -DAMENT_CMAKE_SYMLINK_INSTALL=1 -DCMAKE_INSTALL_PREFIX=/workspaces/isaac_ros-dev/install/gxf_isaac_optimizer
[14.258s] DEBUG:colcon.colcon_core.event_handler.log_command:Invoking command in '/workspaces/isaac_ros-dev/build/gxf_isaac_sight': AMENT_PREFIX_PATH=/workspaces/isaac_ros-dev/install/isaac_ros_gxf:${AMENT_PREFIX_PATH} CMAKE_PREFIX_PATH=/workspaces/isaac_ros-dev/install/isaac_ros_gxf:/workspaces/isaac_ros-dev/install/isaac_ros_common:/usr/local/libcudss-linux-0.3.0.9_cuda12-archive:/workspaces/isaac_ros-dev/install/isaac_ros_test:/workspaces/isaac_ros-dev/install/isaac_ros_launch_utils:/workspaces/isaac_ros-dev/install/isaac_common_py:/opt/ros/humble LD_LIBRARY_PATH=/workspaces/isaac_ros-dev/install/isaac_ros_gxf/lib:/workspaces/isaac_ros-dev/install/isaac_ros_common/lib:/opt/ros/humble/opt/openvdb_vendor/lib:/opt/ros/humble/opt/rviz_ogre_vendor/lib:/opt/ros/humble/lib/x86_64-linux-gnu:/opt/ros/humble/lib:/usr/local/libcudss-linux-0.3.0.9_cuda12-archive/lib:/opt/hpcx/ucc/lib/:/opt/hpcx/ucx/lib/:/usr/local/cuda/compat/lib:/usr/local/nvidia/lib:/usr/local/nvidia/lib64:/opt/tritonserver/lib /usr/bin/cmake /workspaces/isaac_ros-dev/src/isaac_ros_nitros/isaac_ros_gxf_extensions/gxf_isaac_sight -DBUILD_TESTING=OFF -DAMENT_CMAKE_SYMLINK_INSTALL=1 -DCMAKE_INSTALL_PREFIX=/workspaces/isaac_ros-dev/install/gxf_isaac_sight
[15.759s] DEBUG:colcon.colcon_core.event_handler.log_command:Invoked command in '/workspaces/isaac_ros-dev/build/gxf_isaac_message_compositor' returned '0': AMENT_PREFIX_PATH=/workspaces/isaac_ros-dev/install/isaac_ros_gxf:${AMENT_PREFIX_PATH} CMAKE_PREFIX_PATH=/workspaces/isaac_ros-dev/install/isaac_ros_gxf:/workspaces/isaac_ros-dev/install/isaac_ros_common:/usr/local/libcudss-linux-0.3.0.9_cuda12-archive:/workspaces/isaac_ros-dev/install/isaac_ros_test:/workspaces/isaac_ros-dev/install/isaac_ros_launch_utils:/workspaces/isaac_ros-dev/install/isaac_common_py:/opt/ros/humble LD_LIBRARY_PATH=/workspaces/isaac_ros-dev/install/isaac_ros_gxf/lib:/workspaces/isaac_ros-dev/install/isaac_ros_common/lib:/opt/ros/humble/opt/openvdb_vendor/lib:/opt/ros/humble/opt/rviz_ogre_vendor/lib:/opt/ros/humble/lib/x86_64-linux-gnu:/opt/ros/humble/lib:/usr/local/libcudss-linux-0.3.0.9_cuda12-archive/lib:/opt/hpcx/ucc/lib/:/opt/hpcx/ucx/lib/:/usr/local/cuda/compat/lib:/usr/local/nvidia/lib:/usr/local/nvidia/lib64:/opt/tritonserver/lib /usr/bin/cmake /workspaces/isaac_ros-dev/src/isaac_ros_nitros/isaac_ros_gxf_extensions/gxf_isaac_message_compositor -DBUILD_TESTING=OFF -DAMENT_CMAKE_SYMLINK_INSTALL=1 -DCMAKE_INSTALL_PREFIX=/workspaces/isaac_ros-dev/install/gxf_isaac_message_compositor
[15.761s] DEBUG:colcon.colcon_core.event_handler.log_command:Invoking command in '/workspaces/isaac_ros-dev/build/gxf_isaac_message_compositor': AMENT_PREFIX_PATH=/workspaces/isaac_ros-dev/install/isaac_ros_gxf:${AMENT_PREFIX_PATH} CMAKE_PREFIX_PATH=/workspaces/isaac_ros-dev/install/isaac_ros_gxf:/workspaces/isaac_ros-dev/install/isaac_ros_common:/usr/local/libcudss-linux-0.3.0.9_cuda12-archive:/workspaces/isaac_ros-dev/install/isaac_ros_test:/workspaces/isaac_ros-dev/install/isaac_ros_launch_utils:/workspaces/isaac_ros-dev/install/isaac_common_py:/opt/ros/humble LD_LIBRARY_PATH=/workspaces/isaac_ros-dev/install/isaac_ros_gxf/lib:/workspaces/isaac_ros-dev/install/isaac_ros_common/lib:/opt/ros/humble/opt/openvdb_vendor/lib:/opt/ros/humble/opt/rviz_ogre_vendor/lib:/opt/ros/humble/lib/x86_64-linux-gnu:/opt/ros/humble/lib:/usr/local/libcudss-linux-0.3.0.9_cuda12-archive/lib:/opt/hpcx/ucc/lib/:/opt/hpcx/ucx/lib/:/usr/local/cuda/compat/lib:/usr/local/nvidia/lib:/usr/local/nvidia/lib64:/opt/tritonserver/lib /usr/bin/cmake --build /workspaces/isaac_ros-dev/build/gxf_isaac_message_compositor -- -j16 -l16
[15.767s] DEBUG:colcon.colcon_core.event_handler.log_command:Invoked command in '/workspaces/isaac_ros-dev/build/gxf_isaac_optimizer' returned '0': AMENT_PREFIX_PATH=/workspaces/isaac_ros-dev/install/isaac_ros_gxf:${AMENT_PREFIX_PATH} CMAKE_PREFIX_PATH=/workspaces/isaac_ros-dev/install/isaac_ros_gxf:/workspaces/isaac_ros-dev/install/isaac_ros_common:/usr/local/libcudss-linux-0.3.0.9_cuda12-archive:/workspaces/isaac_ros-dev/install/isaac_ros_test:/workspaces/isaac_ros-dev/install/isaac_ros_launch_utils:/workspaces/isaac_ros-dev/install/isaac_common_py:/opt/ros/humble LD_LIBRARY_PATH=/workspaces/isaac_ros-dev/install/isaac_ros_gxf/lib:/workspaces/isaac_ros-dev/install/isaac_ros_common/lib:/opt/ros/humble/opt/openvdb_vendor/lib:/opt/ros/humble/opt/rviz_ogre_vendor/lib:/opt/ros/humble/lib/x86_64-linux-gnu:/opt/ros/humble/lib:/usr/local/libcudss-linux-0.3.0.9_cuda12-archive/lib:/opt/hpcx/ucc/lib/:/opt/hpcx/ucx/lib/:/usr/local/cuda/compat/lib:/usr/local/nvidia/lib:/usr/local/nvidia/lib64:/opt/tritonserver/lib /usr/bin/cmake /workspaces/isaac_ros-dev/src/isaac_ros_nitros/isaac_ros_gxf_extensions/gxf_isaac_optimizer -DBUILD_TESTING=OFF -DAMENT_CMAKE_SYMLINK_INSTALL=1 -DCMAKE_INSTALL_PREFIX=/workspaces/isaac_ros-dev/install/gxf_isaac_optimizer
[15.769s] DEBUG:colcon.colcon_core.event_handler.log_command:Invoking command in '/workspaces/isaac_ros-dev/build/gxf_isaac_optimizer': AMENT_PREFIX_PATH=/workspaces/isaac_ros-dev/install/isaac_ros_gxf:${AMENT_PREFIX_PATH} CMAKE_PREFIX_PATH=/workspaces/isaac_ros-dev/install/isaac_ros_gxf:/workspaces/isaac_ros-dev/install/isaac_ros_common:/usr/local/libcudss-linux-0.3.0.9_cuda12-archive:/workspaces/isaac_ros-dev/install/isaac_ros_test:/workspaces/isaac_ros-dev/install/isaac_ros_launch_utils:/workspaces/isaac_ros-dev/install/isaac_common_py:/opt/ros/humble LD_LIBRARY_PATH=/workspaces/isaac_ros-dev/install/isaac_ros_gxf/lib:/workspaces/isaac_ros-dev/install/isaac_ros_common/lib:/opt/ros/humble/opt/openvdb_vendor/lib:/opt/ros/humble/opt/rviz_ogre_vendor/lib:/opt/ros/humble/lib/x86_64-linux-gnu:/opt/ros/humble/lib:/usr/local/libcudss-linux-0.3.0.9_cuda12-archive/lib:/opt/hpcx/ucc/lib/:/opt/hpcx/ucx/lib/:/usr/local/cuda/compat/lib:/usr/local/nvidia/lib:/usr/local/nvidia/lib64:/opt/tritonserver/lib /usr/bin/cmake --build /workspaces/isaac_ros-dev/build/gxf_isaac_optimizer -- -j16 -l16
[15.774s] DEBUG:colcon.colcon_core.event_handler.log_command:Invoked command in '/workspaces/isaac_ros-dev/build/gxf_isaac_sight' returned '0': AMENT_PREFIX_PATH=/workspaces/isaac_ros-dev/install/isaac_ros_gxf:${AMENT_PREFIX_PATH} CMAKE_PREFIX_PATH=/workspaces/isaac_ros-dev/install/isaac_ros_gxf:/workspaces/isaac_ros-dev/install/isaac_ros_common:/usr/local/libcudss-linux-0.3.0.9_cuda12-archive:/workspaces/isaac_ros-dev/install/isaac_ros_test:/workspaces/isaac_ros-dev/install/isaac_ros_launch_utils:/workspaces/isaac_ros-dev/install/isaac_common_py:/opt/ros/humble LD_LIBRARY_PATH=/workspaces/isaac_ros-dev/install/isaac_ros_gxf/lib:/workspaces/isaac_ros-dev/install/isaac_ros_common/lib:/opt/ros/humble/opt/openvdb_vendor/lib:/opt/ros/humble/opt/rviz_ogre_vendor/lib:/opt/ros/humble/lib/x86_64-linux-gnu:/opt/ros/humble/lib:/usr/local/libcudss-linux-0.3.0.9_cuda12-archive/lib:/opt/hpcx/ucc/lib/:/opt/hpcx/ucx/lib/:/usr/local/cuda/compat/lib:/usr/local/nvidia/lib:/usr/local/nvidia/lib64:/opt/tritonserver/lib /usr/bin/cmake /workspaces/isaac_ros-dev/src/isaac_ros_nitros/isaac_ros_gxf_extensions/gxf_isaac_sight -DBUILD_TESTING=OFF -DAMENT_CMAKE_SYMLINK_INSTALL=1 -DCMAKE_INSTALL_PREFIX=/workspaces/isaac_ros-dev/install/gxf_isaac_sight
[15.775s] DEBUG:colcon.colcon_core.event_handler.log_command:Invoking command in '/workspaces/isaac_ros-dev/build/gxf_isaac_sight': AMENT_PREFIX_PATH=/workspaces/isaac_ros-dev/install/isaac_ros_gxf:${AMENT_PREFIX_PATH} CMAKE_PREFIX_PATH=/workspaces/isaac_ros-dev/install/isaac_ros_gxf:/workspaces/isaac_ros-dev/install/isaac_ros_common:/usr/local/libcudss-linux-0.3.0.9_cuda12-archive:/workspaces/isaac_ros-dev/install/isaac_ros_test:/workspaces/isaac_ros-dev/install/isaac_ros_launch_utils:/workspaces/isaac_ros-dev/install/isaac_common_py:/opt/ros/humble LD_LIBRARY_PATH=/workspaces/isaac_ros-dev/install/isaac_ros_gxf/lib:/workspaces/isaac_ros-dev/install/isaac_ros_common/lib:/opt/ros/humble/opt/openvdb_vendor/lib:/opt/ros/humble/opt/rviz_ogre_vendor/lib:/opt/ros/humble/lib/x86_64-linux-gnu:/opt/ros/humble/lib:/usr/local/libcudss-linux-0.3.0.9_cuda12-archive/lib:/opt/hpcx/ucc/lib/:/opt/hpcx/ucx/lib/:/usr/local/cuda/compat/lib:/usr/local/nvidia/lib:/usr/local/nvidia/lib64:/opt/tritonserver/lib /usr/bin/cmake --build /workspaces/isaac_ros-dev/build/gxf_isaac_sight -- -j16 -l16
[15.799s] DEBUG:colcon.colcon_core.event_handler.log_command:Invoked command in '/workspaces/isaac_ros-dev/build/gxf_isaac_gems' returned '0': AMENT_PREFIX_PATH=/workspaces/isaac_ros-dev/install/isaac_ros_gxf:${AMENT_PREFIX_PATH} CMAKE_PREFIX_PATH=/workspaces/isaac_ros-dev/install/isaac_ros_gxf:/workspaces/isaac_ros-dev/install/isaac_ros_common:/usr/local/libcudss-linux-0.3.0.9_cuda12-archive:/workspaces/isaac_ros-dev/install/isaac_ros_test:/workspaces/isaac_ros-dev/install/isaac_ros_launch_utils:/workspaces/isaac_ros-dev/install/isaac_common_py:/opt/ros/humble LD_LIBRARY_PATH=/workspaces/isaac_ros-dev/install/isaac_ros_gxf/lib:/workspaces/isaac_ros-dev/install/isaac_ros_common/lib:/opt/ros/humble/opt/openvdb_vendor/lib:/opt/ros/humble/opt/rviz_ogre_vendor/lib:/opt/ros/humble/lib/x86_64-linux-gnu:/opt/ros/humble/lib:/usr/local/libcudss-linux-0.3.0.9_cuda12-archive/lib:/opt/hpcx/ucc/lib/:/opt/hpcx/ucx/lib/:/usr/local/cuda/compat/lib:/usr/local/nvidia/lib:/usr/local/nvidia/lib64:/opt/tritonserver/lib /usr/bin/cmake /workspaces/isaac_ros-dev/src/isaac_ros_nitros/isaac_ros_gxf_extensions/gxf_isaac_gems -DBUILD_TESTING=OFF -DAMENT_CMAKE_SYMLINK_INSTALL=1 -DCMAKE_INSTALL_PREFIX=/workspaces/isaac_ros-dev/install/gxf_isaac_gems
[15.799s] DEBUG:colcon.colcon_core.event_handler.log_command:Invoking command in '/workspaces/isaac_ros-dev/build/gxf_isaac_gems': AMENT_PREFIX_PATH=/workspaces/isaac_ros-dev/install/isaac_ros_gxf:${AMENT_PREFIX_PATH} CMAKE_PREFIX_PATH=/workspaces/isaac_ros-dev/install/isaac_ros_gxf:/workspaces/isaac_ros-dev/install/isaac_ros_common:/usr/local/libcudss-linux-0.3.0.9_cuda12-archive:/workspaces/isaac_ros-dev/install/isaac_ros_test:/workspaces/isaac_ros-dev/install/isaac_ros_launch_utils:/workspaces/isaac_ros-dev/install/isaac_common_py:/opt/ros/humble LD_LIBRARY_PATH=/workspaces/isaac_ros-dev/install/isaac_ros_gxf/lib:/workspaces/isaac_ros-dev/install/isaac_ros_common/lib:/opt/ros/humble/opt/openvdb_vendor/lib:/opt/ros/humble/opt/rviz_ogre_vendor/lib:/opt/ros/humble/lib/x86_64-linux-gnu:/opt/ros/humble/lib:/usr/local/libcudss-linux-0.3.0.9_cuda12-archive/lib:/opt/hpcx/ucc/lib/:/opt/hpcx/ucx/lib/:/usr/local/cuda/compat/lib:/usr/local/nvidia/lib:/usr/local/nvidia/lib64:/opt/tritonserver/lib /usr/bin/cmake --build /workspaces/isaac_ros-dev/build/gxf_isaac_gems -- -j16 -l16
[15.873s] DEBUG:colcon.colcon_core.event_handler.log_command:Invoked command in '/workspaces/isaac_ros-dev/build/gxf_isaac_message_compositor' returned '0': AMENT_PREFIX_PATH=/workspaces/isaac_ros-dev/install/isaac_ros_gxf:${AMENT_PREFIX_PATH} CMAKE_PREFIX_PATH=/workspaces/isaac_ros-dev/install/isaac_ros_gxf:/workspaces/isaac_ros-dev/install/isaac_ros_common:/usr/local/libcudss-linux-0.3.0.9_cuda12-archive:/workspaces/isaac_ros-dev/install/isaac_ros_test:/workspaces/isaac_ros-dev/install/isaac_ros_launch_utils:/workspaces/isaac_ros-dev/install/isaac_common_py:/opt/ros/humble LD_LIBRARY_PATH=/workspaces/isaac_ros-dev/install/isaac_ros_gxf/lib:/workspaces/isaac_ros-dev/install/isaac_ros_common/lib:/opt/ros/humble/opt/openvdb_vendor/lib:/opt/ros/humble/opt/rviz_ogre_vendor/lib:/opt/ros/humble/lib/x86_64-linux-gnu:/opt/ros/humble/lib:/usr/local/libcudss-linux-0.3.0.9_cuda12-archive/lib:/opt/hpcx/ucc/lib/:/opt/hpcx/ucx/lib/:/usr/local/cuda/compat/lib:/usr/local/nvidia/lib:/usr/local/nvidia/lib64:/opt/tritonserver/lib /usr/bin/cmake --build /workspaces/isaac_ros-dev/build/gxf_isaac_message_compositor -- -j16 -l16
[15.874s] DEBUG:colcon.colcon_core.event_handler.log_command:Invoking command in '/workspaces/isaac_ros-dev/build/gxf_isaac_message_compositor': AMENT_PREFIX_PATH=/workspaces/isaac_ros-dev/install/isaac_ros_gxf:${AMENT_PREFIX_PATH} CMAKE_PREFIX_PATH=/workspaces/isaac_ros-dev/install/isaac_ros_gxf:/workspaces/isaac_ros-dev/install/isaac_ros_common:/usr/local/libcudss-linux-0.3.0.9_cuda12-archive:/workspaces/isaac_ros-dev/install/isaac_ros_test:/workspaces/isaac_ros-dev/install/isaac_ros_launch_utils:/workspaces/isaac_ros-dev/install/isaac_common_py:/opt/ros/humble LD_LIBRARY_PATH=/workspaces/isaac_ros-dev/install/isaac_ros_gxf/lib:/workspaces/isaac_ros-dev/install/isaac_ros_common/lib:/opt/ros/humble/opt/openvdb_vendor/lib:/opt/ros/humble/opt/rviz_ogre_vendor/lib:/opt/ros/humble/lib/x86_64-linux-gnu:/opt/ros/humble/lib:/usr/local/libcudss-linux-0.3.0.9_cuda12-archive/lib:/opt/hpcx/ucc/lib/:/opt/hpcx/ucx/lib/:/usr/local/cuda/compat/lib:/usr/local/nvidia/lib:/usr/local/nvidia/lib64:/opt/tritonserver/lib /usr/bin/cmake --install /workspaces/isaac_ros-dev/build/gxf_isaac_message_compositor
[15.887s] DEBUG:colcon.colcon_core.event_handler.log_command:Invoked command in '/workspaces/isaac_ros-dev/build/gxf_isaac_optimizer' returned '0': AMENT_PREFIX_PATH=/workspaces/isaac_ros-dev/install/isaac_ros_gxf:${AMENT_PREFIX_PATH} CMAKE_PREFIX_PATH=/workspaces/isaac_ros-dev/install/isaac_ros_gxf:/workspaces/isaac_ros-dev/install/isaac_ros_common:/usr/local/libcudss-linux-0.3.0.9_cuda12-archive:/workspaces/isaac_ros-dev/install/isaac_ros_test:/workspaces/isaac_ros-dev/install/isaac_ros_launch_utils:/workspaces/isaac_ros-dev/install/isaac_common_py:/opt/ros/humble LD_LIBRARY_PATH=/workspaces/isaac_ros-dev/install/isaac_ros_gxf/lib:/workspaces/isaac_ros-dev/install/isaac_ros_common/lib:/opt/ros/humble/opt/openvdb_vendor/lib:/opt/ros/humble/opt/rviz_ogre_vendor/lib:/opt/ros/humble/lib/x86_64-linux-gnu:/opt/ros/humble/lib:/usr/local/libcudss-linux-0.3.0.9_cuda12-archive/lib:/opt/hpcx/ucc/lib/:/opt/hpcx/ucx/lib/:/usr/local/cuda/compat/lib:/usr/local/nvidia/lib:/usr/local/nvidia/lib64:/opt/tritonserver/lib /usr/bin/cmake --build /workspaces/isaac_ros-dev/build/gxf_isaac_optimizer -- -j16 -l16
[15.889s] DEBUG:colcon.colcon_core.event_handler.log_command:Invoking command in '/workspaces/isaac_ros-dev/build/gxf_isaac_optimizer': AMENT_PREFIX_PATH=/workspaces/isaac_ros-dev/install/isaac_ros_gxf:${AMENT_PREFIX_PATH} CMAKE_PREFIX_PATH=/workspaces/isaac_ros-dev/install/isaac_ros_gxf:/workspaces/isaac_ros-dev/install/isaac_ros_common:/usr/local/libcudss-linux-0.3.0.9_cuda12-archive:/workspaces/isaac_ros-dev/install/isaac_ros_test:/workspaces/isaac_ros-dev/install/isaac_ros_launch_utils:/workspaces/isaac_ros-dev/install/isaac_common_py:/opt/ros/humble LD_LIBRARY_PATH=/workspaces/isaac_ros-dev/install/isaac_ros_gxf/lib:/workspaces/isaac_ros-dev/install/isaac_ros_common/lib:/opt/ros/humble/opt/openvdb_vendor/lib:/opt/ros/humble/opt/rviz_ogre_vendor/lib:/opt/ros/humble/lib/x86_64-linux-gnu:/opt/ros/humble/lib:/usr/local/libcudss-linux-0.3.0.9_cuda12-archive/lib:/opt/hpcx/ucc/lib/:/opt/hpcx/ucx/lib/:/usr/local/cuda/compat/lib:/usr/local/nvidia/lib:/usr/local/nvidia/lib64:/opt/tritonserver/lib /usr/bin/cmake --install /workspaces/isaac_ros-dev/build/gxf_isaac_optimizer
[15.895s] DEBUG:colcon.colcon_core.event_handler.log_command:Invoked command in '/workspaces/isaac_ros-dev/build/gxf_isaac_sight' returned '0': AMENT_PREFIX_PATH=/workspaces/isaac_ros-dev/install/isaac_ros_gxf:${AMENT_PREFIX_PATH} CMAKE_PREFIX_PATH=/workspaces/isaac_ros-dev/install/isaac_ros_gxf:/workspaces/isaac_ros-dev/install/isaac_ros_common:/usr/local/libcudss-linux-0.3.0.9_cuda12-archive:/workspaces/isaac_ros-dev/install/isaac_ros_test:/workspaces/isaac_ros-dev/install/isaac_ros_launch_utils:/workspaces/isaac_ros-dev/install/isaac_common_py:/opt/ros/humble LD_LIBRARY_PATH=/workspaces/isaac_ros-dev/install/isaac_ros_gxf/lib:/workspaces/isaac_ros-dev/install/isaac_ros_common/lib:/opt/ros/humble/opt/openvdb_vendor/lib:/opt/ros/humble/opt/rviz_ogre_vendor/lib:/opt/ros/humble/lib/x86_64-linux-gnu:/opt/ros/humble/lib:/usr/local/libcudss-linux-0.3.0.9_cuda12-archive/lib:/opt/hpcx/ucc/lib/:/opt/hpcx/ucx/lib/:/usr/local/cuda/compat/lib:/usr/local/nvidia/lib:/usr/local/nvidia/lib64:/opt/tritonserver/lib /usr/bin/cmake --build /workspaces/isaac_ros-dev/build/gxf_isaac_sight -- -j16 -l16
[15.898s] DEBUG:colcon.colcon_core.event_handler.log_command:Invoking command in '/workspaces/isaac_ros-dev/build/gxf_isaac_sight': AMENT_PREFIX_PATH=/workspaces/isaac_ros-dev/install/isaac_ros_gxf:${AMENT_PREFIX_PATH} CMAKE_PREFIX_PATH=/workspaces/isaac_ros-dev/install/isaac_ros_gxf:/workspaces/isaac_ros-dev/install/isaac_ros_common:/usr/local/libcudss-linux-0.3.0.9_cuda12-archive:/workspaces/isaac_ros-dev/install/isaac_ros_test:/workspaces/isaac_ros-dev/install/isaac_ros_launch_utils:/workspaces/isaac_ros-dev/install/isaac_common_py:/opt/ros/humble LD_LIBRARY_PATH=/workspaces/isaac_ros-dev/install/isaac_ros_gxf/lib:/workspaces/isaac_ros-dev/install/isaac_ros_common/lib:/opt/ros/humble/opt/openvdb_vendor/lib:/opt/ros/humble/opt/rviz_ogre_vendor/lib:/opt/ros/humble/lib/x86_64-linux-gnu:/opt/ros/humble/lib:/usr/local/libcudss-linux-0.3.0.9_cuda12-archive/lib:/opt/hpcx/ucc/lib/:/opt/hpcx/ucx/lib/:/usr/local/cuda/compat/lib:/usr/local/nvidia/lib:/usr/local/nvidia/lib64:/opt/tritonserver/lib /usr/bin/cmake --install /workspaces/isaac_ros-dev/build/gxf_isaac_sight
[15.916s] DEBUG:colcon.colcon_core.event_handler.log_command:Invoked command in '/workspaces/isaac_ros-dev/build/gxf_isaac_gems' returned '0': AMENT_PREFIX_PATH=/workspaces/isaac_ros-dev/install/isaac_ros_gxf:${AMENT_PREFIX_PATH} CMAKE_PREFIX_PATH=/workspaces/isaac_ros-dev/install/isaac_ros_gxf:/workspaces/isaac_ros-dev/install/isaac_ros_common:/usr/local/libcudss-linux-0.3.0.9_cuda12-archive:/workspaces/isaac_ros-dev/install/isaac_ros_test:/workspaces/isaac_ros-dev/install/isaac_ros_launch_utils:/workspaces/isaac_ros-dev/install/isaac_common_py:/opt/ros/humble LD_LIBRARY_PATH=/workspaces/isaac_ros-dev/install/isaac_ros_gxf/lib:/workspaces/isaac_ros-dev/install/isaac_ros_common/lib:/opt/ros/humble/opt/openvdb_vendor/lib:/opt/ros/humble/opt/rviz_ogre_vendor/lib:/opt/ros/humble/lib/x86_64-linux-gnu:/opt/ros/humble/lib:/usr/local/libcudss-linux-0.3.0.9_cuda12-archive/lib:/opt/hpcx/ucc/lib/:/opt/hpcx/ucx/lib/:/usr/local/cuda/compat/lib:/usr/local/nvidia/lib:/usr/local/nvidia/lib64:/opt/tritonserver/lib /usr/bin/cmake --build /workspaces/isaac_ros-dev/build/gxf_isaac_gems -- -j16 -l16
[15.918s] DEBUG:colcon.colcon_core.event_handler.log_command:Invoking command in '/workspaces/isaac_ros-dev/build/gxf_isaac_gems': AMENT_PREFIX_PATH=/workspaces/isaac_ros-dev/install/isaac_ros_gxf:${AMENT_PREFIX_PATH} CMAKE_PREFIX_PATH=/workspaces/isaac_ros-dev/install/isaac_ros_gxf:/workspaces/isaac_ros-dev/install/isaac_ros_common:/usr/local/libcudss-linux-0.3.0.9_cuda12-archive:/workspaces/isaac_ros-dev/install/isaac_ros_test:/workspaces/isaac_ros-dev/install/isaac_ros_launch_utils:/workspaces/isaac_ros-dev/install/isaac_common_py:/opt/ros/humble LD_LIBRARY_PATH=/workspaces/isaac_ros-dev/install/isaac_ros_gxf/lib:/workspaces/isaac_ros-dev/install/isaac_ros_common/lib:/opt/ros/humble/opt/openvdb_vendor/lib:/opt/ros/humble/opt/rviz_ogre_vendor/lib:/opt/ros/humble/lib/x86_64-linux-gnu:/opt/ros/humble/lib:/usr/local/libcudss-linux-0.3.0.9_cuda12-archive/lib:/opt/hpcx/ucc/lib/:/opt/hpcx/ucx/lib/:/usr/local/cuda/compat/lib:/usr/local/nvidia/lib:/usr/local/nvidia/lib64:/opt/tritonserver/lib /usr/bin/cmake --install /workspaces/isaac_ros-dev/build/gxf_isaac_gems
[16.032s] Level 1:colcon.colcon_core.environment:create_environment_scripts_only(gxf_isaac_message_compositor)
[16.033s] Level 1:colcon.colcon_core.environment:checking '/workspaces/isaac_ros-dev/install/gxf_isaac_message_compositor' for CMake module files
[16.033s] DEBUG:colcon.colcon_core.event_handler.log_command:Invoked command in '/workspaces/isaac_ros-dev/build/gxf_isaac_message_compositor' returned '0': AMENT_PREFIX_PATH=/workspaces/isaac_ros-dev/install/isaac_ros_gxf:${AMENT_PREFIX_PATH} CMAKE_PREFIX_PATH=/workspaces/isaac_ros-dev/install/isaac_ros_gxf:/workspaces/isaac_ros-dev/install/isaac_ros_common:/usr/local/libcudss-linux-0.3.0.9_cuda12-archive:/workspaces/isaac_ros-dev/install/isaac_ros_test:/workspaces/isaac_ros-dev/install/isaac_ros_launch_utils:/workspaces/isaac_ros-dev/install/isaac_common_py:/opt/ros/humble LD_LIBRARY_PATH=/workspaces/isaac_ros-dev/install/isaac_ros_gxf/lib:/workspaces/isaac_ros-dev/install/isaac_ros_common/lib:/opt/ros/humble/opt/openvdb_vendor/lib:/opt/ros/humble/opt/rviz_ogre_vendor/lib:/opt/ros/humble/lib/x86_64-linux-gnu:/opt/ros/humble/lib:/usr/local/libcudss-linux-0.3.0.9_cuda12-archive/lib:/opt/hpcx/ucc/lib/:/opt/hpcx/ucx/lib/:/usr/local/cuda/compat/lib:/usr/local/nvidia/lib:/usr/local/nvidia/lib64:/opt/tritonserver/lib /usr/bin/cmake --install /workspaces/isaac_ros-dev/build/gxf_isaac_message_compositor
[16.034s] Level 1:colcon.colcon_core.environment:checking '/workspaces/isaac_ros-dev/install/gxf_isaac_message_compositor' for CMake config files
[16.034s] Level 1:colcon.colcon_core.shell:create_environment_hook('gxf_isaac_message_compositor', 'cmake_prefix_path')
[16.034s] INFO:colcon.colcon_core.shell:Creating environment hook '/workspaces/isaac_ros-dev/install/gxf_isaac_message_compositor/share/gxf_isaac_message_compositor/hook/cmake_prefix_path.ps1'
[16.035s] INFO:colcon.colcon_core.shell:Creating environment descriptor '/workspaces/isaac_ros-dev/install/gxf_isaac_message_compositor/share/gxf_isaac_message_compositor/hook/cmake_prefix_path.dsv'
[16.035s] INFO:colcon.colcon_core.shell:Creating environment hook '/workspaces/isaac_ros-dev/install/gxf_isaac_message_compositor/share/gxf_isaac_message_compositor/hook/cmake_prefix_path.sh'
[16.035s] Level 1:colcon.colcon_core.environment:checking '/workspaces/isaac_ros-dev/install/gxf_isaac_message_compositor/bin'
[16.036s] Level 1:colcon.colcon_core.environment:checking '/workspaces/isaac_ros-dev/install/gxf_isaac_message_compositor/lib/pkgconfig/gxf_isaac_message_compositor.pc'
[16.036s] Level 1:colcon.colcon_core.environment:checking '/workspaces/isaac_ros-dev/install/gxf_isaac_message_compositor/lib/python3.10/site-packages'
[16.036s] Level 1:colcon.colcon_core.environment:checking '/workspaces/isaac_ros-dev/install/gxf_isaac_message_compositor/bin'
[16.036s] INFO:colcon.colcon_core.shell:Creating package script '/workspaces/isaac_ros-dev/install/gxf_isaac_message_compositor/share/gxf_isaac_message_compositor/package.ps1'
[16.037s] INFO:colcon.colcon_core.shell:Creating package descriptor '/workspaces/isaac_ros-dev/install/gxf_isaac_message_compositor/share/gxf_isaac_message_compositor/package.dsv'
[16.037s] INFO:colcon.colcon_core.shell:Creating package script '/workspaces/isaac_ros-dev/install/gxf_isaac_message_compositor/share/gxf_isaac_message_compositor/package.sh'
[16.038s] INFO:colcon.colcon_core.shell:Creating package script '/workspaces/isaac_ros-dev/install/gxf_isaac_message_compositor/share/gxf_isaac_message_compositor/package.bash'
[16.038s] INFO:colcon.colcon_core.shell:Creating package script '/workspaces/isaac_ros-dev/install/gxf_isaac_message_compositor/share/gxf_isaac_message_compositor/package.zsh'
[16.038s] Level 1:colcon.colcon_core.environment:create_file_with_runtime_dependencies(/workspaces/isaac_ros-dev/install/gxf_isaac_message_compositor/share/colcon-core/packages/gxf_isaac_message_compositor)
[16.039s] Level 1:colcon.colcon_core.environment:create_environment_scripts_only(gxf_isaac_message_compositor)
[16.039s] Level 1:colcon.colcon_core.environment:checking '/workspaces/isaac_ros-dev/install/gxf_isaac_message_compositor' for CMake module files
[16.039s] Level 1:colcon.colcon_core.environment:checking '/workspaces/isaac_ros-dev/install/gxf_isaac_message_compositor' for CMake config files
[16.039s] Level 1:colcon.colcon_core.shell:create_environment_hook('gxf_isaac_message_compositor', 'cmake_prefix_path')
[16.039s] INFO:colcon.colcon_core.shell:Creating environment hook '/workspaces/isaac_ros-dev/install/gxf_isaac_message_compositor/share/gxf_isaac_message_compositor/hook/cmake_prefix_path.ps1'
[16.040s] INFO:colcon.colcon_core.shell:Creating environment descriptor '/workspaces/isaac_ros-dev/install/gxf_isaac_message_compositor/share/gxf_isaac_message_compositor/hook/cmake_prefix_path.dsv'
[16.040s] INFO:colcon.colcon_core.shell:Creating environment hook '/workspaces/isaac_ros-dev/install/gxf_isaac_message_compositor/share/gxf_isaac_message_compositor/hook/cmake_prefix_path.sh'
[16.040s] Level 1:colcon.colcon_core.environment:checking '/workspaces/isaac_ros-dev/install/gxf_isaac_message_compositor/bin'
[16.040s] Level 1:colcon.colcon_core.environment:checking '/workspaces/isaac_ros-dev/install/gxf_isaac_message_compositor/lib/pkgconfig/gxf_isaac_message_compositor.pc'
[16.040s] Level 1:colcon.colcon_core.environment:checking '/workspaces/isaac_ros-dev/install/gxf_isaac_message_compositor/lib/python3.10/site-packages'
[16.041s] Level 1:colcon.colcon_core.environment:checking '/workspaces/isaac_ros-dev/install/gxf_isaac_message_compositor/bin'
[16.041s] INFO:colcon.colcon_core.shell:Creating package script '/workspaces/isaac_ros-dev/install/gxf_isaac_message_compositor/share/gxf_isaac_message_compositor/package.ps1'
[16.042s] INFO:colcon.colcon_core.shell:Creating package descriptor '/workspaces/isaac_ros-dev/install/gxf_isaac_message_compositor/share/gxf_isaac_message_compositor/package.dsv'
[16.042s] INFO:colcon.colcon_core.shell:Creating package script '/workspaces/isaac_ros-dev/install/gxf_isaac_message_compositor/share/gxf_isaac_message_compositor/package.sh'
[16.043s] INFO:colcon.colcon_core.shell:Creating package script '/workspaces/isaac_ros-dev/install/gxf_isaac_message_compositor/share/gxf_isaac_message_compositor/package.bash'
[16.044s] INFO:colcon.colcon_core.shell:Creating package script '/workspaces/isaac_ros-dev/install/gxf_isaac_message_compositor/share/gxf_isaac_message_compositor/package.zsh'
[16.044s] Level 1:colcon.colcon_core.environment:create_file_with_runtime_dependencies(/workspaces/isaac_ros-dev/install/gxf_isaac_message_compositor/share/colcon-core/packages/gxf_isaac_message_compositor)
[16.046s] Level 1:colcon.colcon_core.environment:create_environment_scripts_only(gxf_isaac_sight)
[16.046s] Level 1:colcon.colcon_core.environment:checking '/workspaces/isaac_ros-dev/install/gxf_isaac_sight' for CMake module files
[16.046s] DEBUG:colcon.colcon_core.event_handler.log_command:Invoked command in '/workspaces/isaac_ros-dev/build/gxf_isaac_sight' returned '0': AMENT_PREFIX_PATH=/workspaces/isaac_ros-dev/install/isaac_ros_gxf:${AMENT_PREFIX_PATH} CMAKE_PREFIX_PATH=/workspaces/isaac_ros-dev/install/isaac_ros_gxf:/workspaces/isaac_ros-dev/install/isaac_ros_common:/usr/local/libcudss-linux-0.3.0.9_cuda12-archive:/workspaces/isaac_ros-dev/install/isaac_ros_test:/workspaces/isaac_ros-dev/install/isaac_ros_launch_utils:/workspaces/isaac_ros-dev/install/isaac_common_py:/opt/ros/humble LD_LIBRARY_PATH=/workspaces/isaac_ros-dev/install/isaac_ros_gxf/lib:/workspaces/isaac_ros-dev/install/isaac_ros_common/lib:/opt/ros/humble/opt/openvdb_vendor/lib:/opt/ros/humble/opt/rviz_ogre_vendor/lib:/opt/ros/humble/lib/x86_64-linux-gnu:/opt/ros/humble/lib:/usr/local/libcudss-linux-0.3.0.9_cuda12-archive/lib:/opt/hpcx/ucc/lib/:/opt/hpcx/ucx/lib/:/usr/local/cuda/compat/lib:/usr/local/nvidia/lib:/usr/local/nvidia/lib64:/opt/tritonserver/lib /usr/bin/cmake --install /workspaces/isaac_ros-dev/build/gxf_isaac_sight
[16.046s] Level 1:colcon.colcon_core.environment:checking '/workspaces/isaac_ros-dev/install/gxf_isaac_sight' for CMake config files
[16.047s] Level 1:colcon.colcon_core.shell:create_environment_hook('gxf_isaac_sight', 'cmake_prefix_path')
[16.047s] INFO:colcon.colcon_core.shell:Creating environment hook '/workspaces/isaac_ros-dev/install/gxf_isaac_sight/share/gxf_isaac_sight/hook/cmake_prefix_path.ps1'
[16.047s] INFO:colcon.colcon_core.shell:Creating environment descriptor '/workspaces/isaac_ros-dev/install/gxf_isaac_sight/share/gxf_isaac_sight/hook/cmake_prefix_path.dsv'
[16.047s] INFO:colcon.colcon_core.shell:Creating environment hook '/workspaces/isaac_ros-dev/install/gxf_isaac_sight/share/gxf_isaac_sight/hook/cmake_prefix_path.sh'
[16.048s] Level 1:colcon.colcon_core.environment:checking '/workspaces/isaac_ros-dev/install/gxf_isaac_sight/bin'
[16.048s] Level 1:colcon.colcon_core.environment:checking '/workspaces/isaac_ros-dev/install/gxf_isaac_sight/lib/pkgconfig/gxf_isaac_sight.pc'
[16.048s] Level 1:colcon.colcon_core.environment:checking '/workspaces/isaac_ros-dev/install/gxf_isaac_sight/lib/python3.10/site-packages'
[16.048s] Level 1:colcon.colcon_core.environment:checking '/workspaces/isaac_ros-dev/install/gxf_isaac_sight/bin'
[16.048s] INFO:colcon.colcon_core.shell:Creating package script '/workspaces/isaac_ros-dev/install/gxf_isaac_sight/share/gxf_isaac_sight/package.ps1'
[16.049s] INFO:colcon.colcon_core.shell:Creating package descriptor '/workspaces/isaac_ros-dev/install/gxf_isaac_sight/share/gxf_isaac_sight/package.dsv'
[16.049s] INFO:colcon.colcon_core.shell:Creating package script '/workspaces/isaac_ros-dev/install/gxf_isaac_sight/share/gxf_isaac_sight/package.sh'
[16.049s] INFO:colcon.colcon_core.shell:Creating package script '/workspaces/isaac_ros-dev/install/gxf_isaac_sight/share/gxf_isaac_sight/package.bash'
[16.049s] INFO:colcon.colcon_core.shell:Creating package script '/workspaces/isaac_ros-dev/install/gxf_isaac_sight/share/gxf_isaac_sight/package.zsh'
[16.050s] Level 1:colcon.colcon_core.environment:create_file_with_runtime_dependencies(/workspaces/isaac_ros-dev/install/gxf_isaac_sight/share/colcon-core/packages/gxf_isaac_sight)
[16.051s] Level 1:colcon.colcon_core.environment:create_environment_scripts_only(gxf_isaac_sight)
[16.051s] Level 1:colcon.colcon_core.environment:checking '/workspaces/isaac_ros-dev/install/gxf_isaac_sight' for CMake module files
[16.052s] Level 1:colcon.colcon_core.environment:checking '/workspaces/isaac_ros-dev/install/gxf_isaac_sight' for CMake config files
[16.052s] Level 1:colcon.colcon_core.shell:create_environment_hook('gxf_isaac_sight', 'cmake_prefix_path')
[16.052s] INFO:colcon.colcon_core.shell:Creating environment hook '/workspaces/isaac_ros-dev/install/gxf_isaac_sight/share/gxf_isaac_sight/hook/cmake_prefix_path.ps1'
[16.053s] INFO:colcon.colcon_core.shell:Creating environment descriptor '/workspaces/isaac_ros-dev/install/gxf_isaac_sight/share/gxf_isaac_sight/hook/cmake_prefix_path.dsv'
[16.053s] INFO:colcon.colcon_core.shell:Creating environment hook '/workspaces/isaac_ros-dev/install/gxf_isaac_sight/share/gxf_isaac_sight/hook/cmake_prefix_path.sh'
[16.054s] Level 1:colcon.colcon_core.environment:checking '/workspaces/isaac_ros-dev/install/gxf_isaac_sight/bin'
[16.054s] Level 1:colcon.colcon_core.environment:checking '/workspaces/isaac_ros-dev/install/gxf_isaac_sight/lib/pkgconfig/gxf_isaac_sight.pc'
[16.054s] Level 1:colcon.colcon_core.environment:checking '/workspaces/isaac_ros-dev/install/gxf_isaac_sight/lib/python3.10/site-packages'
[16.054s] Level 1:colcon.colcon_core.environment:checking '/workspaces/isaac_ros-dev/install/gxf_isaac_sight/bin'
[16.055s] INFO:colcon.colcon_core.shell:Creating package script '/workspaces/isaac_ros-dev/install/gxf_isaac_sight/share/gxf_isaac_sight/package.ps1'
[16.055s] INFO:colcon.colcon_core.shell:Creating package descriptor '/workspaces/isaac_ros-dev/install/gxf_isaac_sight/share/gxf_isaac_sight/package.dsv'
[16.055s] INFO:colcon.colcon_core.shell:Creating package script '/workspaces/isaac_ros-dev/install/gxf_isaac_sight/share/gxf_isaac_sight/package.sh'
[16.056s] INFO:colcon.colcon_core.shell:Creating package script '/workspaces/isaac_ros-dev/install/gxf_isaac_sight/share/gxf_isaac_sight/package.bash'
[16.056s] INFO:colcon.colcon_core.shell:Creating package script '/workspaces/isaac_ros-dev/install/gxf_isaac_sight/share/gxf_isaac_sight/package.zsh'
[16.056s] Level 1:colcon.colcon_core.environment:create_file_with_runtime_dependencies(/workspaces/isaac_ros-dev/install/gxf_isaac_sight/share/colcon-core/packages/gxf_isaac_sight)
[16.074s] Level 1:colcon.colcon_core.environment:create_environment_scripts_only(gxf_isaac_optimizer)
[16.075s] Level 1:colcon.colcon_core.environment:checking '/workspaces/isaac_ros-dev/install/gxf_isaac_optimizer' for CMake module files
[16.075s] DEBUG:colcon.colcon_core.event_handler.log_command:Invoked command in '/workspaces/isaac_ros-dev/build/gxf_isaac_optimizer' returned '0': AMENT_PREFIX_PATH=/workspaces/isaac_ros-dev/install/isaac_ros_gxf:${AMENT_PREFIX_PATH} CMAKE_PREFIX_PATH=/workspaces/isaac_ros-dev/install/isaac_ros_gxf:/workspaces/isaac_ros-dev/install/isaac_ros_common:/usr/local/libcudss-linux-0.3.0.9_cuda12-archive:/workspaces/isaac_ros-dev/install/isaac_ros_test:/workspaces/isaac_ros-dev/install/isaac_ros_launch_utils:/workspaces/isaac_ros-dev/install/isaac_common_py:/opt/ros/humble LD_LIBRARY_PATH=/workspaces/isaac_ros-dev/install/isaac_ros_gxf/lib:/workspaces/isaac_ros-dev/install/isaac_ros_common/lib:/opt/ros/humble/opt/openvdb_vendor/lib:/opt/ros/humble/opt/rviz_ogre_vendor/lib:/opt/ros/humble/lib/x86_64-linux-gnu:/opt/ros/humble/lib:/usr/local/libcudss-linux-0.3.0.9_cuda12-archive/lib:/opt/hpcx/ucc/lib/:/opt/hpcx/ucx/lib/:/usr/local/cuda/compat/lib:/usr/local/nvidia/lib:/usr/local/nvidia/lib64:/opt/tritonserver/lib /usr/bin/cmake --install /workspaces/isaac_ros-dev/build/gxf_isaac_optimizer
[16.076s] Level 1:colcon.colcon_core.environment:checking '/workspaces/isaac_ros-dev/install/gxf_isaac_optimizer' for CMake config files
[16.077s] Level 1:colcon.colcon_core.shell:create_environment_hook('gxf_isaac_optimizer', 'cmake_prefix_path')
[16.077s] INFO:colcon.colcon_core.shell:Creating environment hook '/workspaces/isaac_ros-dev/install/gxf_isaac_optimizer/share/gxf_isaac_optimizer/hook/cmake_prefix_path.ps1'
[16.077s] INFO:colcon.colcon_core.shell:Creating environment descriptor '/workspaces/isaac_ros-dev/install/gxf_isaac_optimizer/share/gxf_isaac_optimizer/hook/cmake_prefix_path.dsv'
[16.077s] INFO:colcon.colcon_core.shell:Creating environment hook '/workspaces/isaac_ros-dev/install/gxf_isaac_optimizer/share/gxf_isaac_optimizer/hook/cmake_prefix_path.sh'
[16.078s] Level 1:colcon.colcon_core.environment:checking '/workspaces/isaac_ros-dev/install/gxf_isaac_optimizer/bin'
[16.078s] Level 1:colcon.colcon_core.environment:checking '/workspaces/isaac_ros-dev/install/gxf_isaac_optimizer/lib/pkgconfig/gxf_isaac_optimizer.pc'
[16.078s] Level 1:colcon.colcon_core.environment:checking '/workspaces/isaac_ros-dev/install/gxf_isaac_optimizer/lib/python3.10/site-packages'
[16.078s] Level 1:colcon.colcon_core.environment:checking '/workspaces/isaac_ros-dev/install/gxf_isaac_optimizer/bin'
[16.079s] INFO:colcon.colcon_core.shell:Creating package script '/workspaces/isaac_ros-dev/install/gxf_isaac_optimizer/share/gxf_isaac_optimizer/package.ps1'
[16.079s] INFO:colcon.colcon_core.shell:Creating package descriptor '/workspaces/isaac_ros-dev/install/gxf_isaac_optimizer/share/gxf_isaac_optimizer/package.dsv'
[16.080s] INFO:colcon.colcon_core.shell:Creating package script '/workspaces/isaac_ros-dev/install/gxf_isaac_optimizer/share/gxf_isaac_optimizer/package.sh'
[16.080s] INFO:colcon.colcon_core.shell:Creating package script '/workspaces/isaac_ros-dev/install/gxf_isaac_optimizer/share/gxf_isaac_optimizer/package.bash'
[16.080s] INFO:colcon.colcon_core.shell:Creating package script '/workspaces/isaac_ros-dev/install/gxf_isaac_optimizer/share/gxf_isaac_optimizer/package.zsh'
[16.080s] Level 1:colcon.colcon_core.environment:create_file_with_runtime_dependencies(/workspaces/isaac_ros-dev/install/gxf_isaac_optimizer/share/colcon-core/packages/gxf_isaac_optimizer)
[16.081s] Level 1:colcon.colcon_core.environment:create_environment_scripts_only(gxf_isaac_optimizer)
[16.081s] Level 1:colcon.colcon_core.environment:checking '/workspaces/isaac_ros-dev/install/gxf_isaac_optimizer' for CMake module files
[16.081s] Level 1:colcon.colcon_core.environment:checking '/workspaces/isaac_ros-dev/install/gxf_isaac_optimizer' for CMake config files
[16.081s] Level 1:colcon.colcon_core.shell:create_environment_hook('gxf_isaac_optimizer', 'cmake_prefix_path')
[16.081s] INFO:colcon.colcon_core.shell:Creating environment hook '/workspaces/isaac_ros-dev/install/gxf_isaac_optimizer/share/gxf_isaac_optimizer/hook/cmake_prefix_path.ps1'
[16.082s] INFO:colcon.colcon_core.shell:Creating environment descriptor '/workspaces/isaac_ros-dev/install/gxf_isaac_optimizer/share/gxf_isaac_optimizer/hook/cmake_prefix_path.dsv'
[16.082s] INFO:colcon.colcon_core.shell:Creating environment hook '/workspaces/isaac_ros-dev/install/gxf_isaac_optimizer/share/gxf_isaac_optimizer/hook/cmake_prefix_path.sh'
[16.082s] Level 1:colcon.colcon_core.environment:checking '/workspaces/isaac_ros-dev/install/gxf_isaac_optimizer/bin'
[16.082s] Level 1:colcon.colcon_core.environment:checking '/workspaces/isaac_ros-dev/install/gxf_isaac_optimizer/lib/pkgconfig/gxf_isaac_optimizer.pc'
[16.082s] Level 1:colcon.colcon_core.environment:checking '/workspaces/isaac_ros-dev/install/gxf_isaac_optimizer/lib/python3.10/site-packages'
[16.083s] Level 1:colcon.colcon_core.environment:checking '/workspaces/isaac_ros-dev/install/gxf_isaac_optimizer/bin'
[16.083s] INFO:colcon.colcon_core.shell:Creating package script '/workspaces/isaac_ros-dev/install/gxf_isaac_optimizer/share/gxf_isaac_optimizer/package.ps1'
[16.083s] INFO:colcon.colcon_core.shell:Creating package descriptor '/workspaces/isaac_ros-dev/install/gxf_isaac_optimizer/share/gxf_isaac_optimizer/package.dsv'
[16.084s] INFO:colcon.colcon_core.shell:Creating package script '/workspaces/isaac_ros-dev/install/gxf_isaac_optimizer/share/gxf_isaac_optimizer/package.sh'
[16.084s] INFO:colcon.colcon_core.shell:Creating package script '/workspaces/isaac_ros-dev/install/gxf_isaac_optimizer/share/gxf_isaac_optimizer/package.bash'
[16.085s] INFO:colcon.colcon_core.shell:Creating package script '/workspaces/isaac_ros-dev/install/gxf_isaac_optimizer/share/gxf_isaac_optimizer/package.zsh'
[16.085s] Level 1:colcon.colcon_core.environment:create_file_with_runtime_dependencies(/workspaces/isaac_ros-dev/install/gxf_isaac_optimizer/share/colcon-core/packages/gxf_isaac_optimizer)
[16.798s] Level 1:colcon.colcon_core.environment:create_environment_scripts_only(gxf_isaac_gems)
[16.798s] Level 1:colcon.colcon_core.environment:checking '/workspaces/isaac_ros-dev/install/gxf_isaac_gems' for CMake module files
[16.799s] DEBUG:colcon.colcon_core.event_handler.log_command:Invoked command in '/workspaces/isaac_ros-dev/build/gxf_isaac_gems' returned '0': AMENT_PREFIX_PATH=/workspaces/isaac_ros-dev/install/isaac_ros_gxf:${AMENT_PREFIX_PATH} CMAKE_PREFIX_PATH=/workspaces/isaac_ros-dev/install/isaac_ros_gxf:/workspaces/isaac_ros-dev/install/isaac_ros_common:/usr/local/libcudss-linux-0.3.0.9_cuda12-archive:/workspaces/isaac_ros-dev/install/isaac_ros_test:/workspaces/isaac_ros-dev/install/isaac_ros_launch_utils:/workspaces/isaac_ros-dev/install/isaac_common_py:/opt/ros/humble LD_LIBRARY_PATH=/workspaces/isaac_ros-dev/install/isaac_ros_gxf/lib:/workspaces/isaac_ros-dev/install/isaac_ros_common/lib:/opt/ros/humble/opt/openvdb_vendor/lib:/opt/ros/humble/opt/rviz_ogre_vendor/lib:/opt/ros/humble/lib/x86_64-linux-gnu:/opt/ros/humble/lib:/usr/local/libcudss-linux-0.3.0.9_cuda12-archive/lib:/opt/hpcx/ucc/lib/:/opt/hpcx/ucx/lib/:/usr/local/cuda/compat/lib:/usr/local/nvidia/lib:/usr/local/nvidia/lib64:/opt/tritonserver/lib /usr/bin/cmake --install /workspaces/isaac_ros-dev/build/gxf_isaac_gems
[16.799s] Level 1:colcon.colcon_core.environment:checking '/workspaces/isaac_ros-dev/install/gxf_isaac_gems' for CMake config files
[16.800s] Level 1:colcon.colcon_core.shell:create_environment_hook('gxf_isaac_gems', 'cmake_prefix_path')
[16.800s] INFO:colcon.colcon_core.shell:Creating environment hook '/workspaces/isaac_ros-dev/install/gxf_isaac_gems/share/gxf_isaac_gems/hook/cmake_prefix_path.ps1'
[16.800s] INFO:colcon.colcon_core.shell:Creating environment descriptor '/workspaces/isaac_ros-dev/install/gxf_isaac_gems/share/gxf_isaac_gems/hook/cmake_prefix_path.dsv'
[16.801s] INFO:colcon.colcon_core.shell:Creating environment hook '/workspaces/isaac_ros-dev/install/gxf_isaac_gems/share/gxf_isaac_gems/hook/cmake_prefix_path.sh'
[16.801s] Level 1:colcon.colcon_core.environment:checking '/workspaces/isaac_ros-dev/install/gxf_isaac_gems/bin'
[16.801s] Level 1:colcon.colcon_core.environment:checking '/workspaces/isaac_ros-dev/install/gxf_isaac_gems/lib/pkgconfig/gxf_isaac_gems.pc'
[16.802s] Level 1:colcon.colcon_core.environment:checking '/workspaces/isaac_ros-dev/install/gxf_isaac_gems/lib/python3.10/site-packages'
[16.802s] Level 1:colcon.colcon_core.environment:checking '/workspaces/isaac_ros-dev/install/gxf_isaac_gems/bin'
[16.802s] INFO:colcon.colcon_core.shell:Creating package script '/workspaces/isaac_ros-dev/install/gxf_isaac_gems/share/gxf_isaac_gems/package.ps1'
[16.803s] INFO:colcon.colcon_core.shell:Creating package descriptor '/workspaces/isaac_ros-dev/install/gxf_isaac_gems/share/gxf_isaac_gems/package.dsv'
[16.803s] INFO:colcon.colcon_core.shell:Creating package script '/workspaces/isaac_ros-dev/install/gxf_isaac_gems/share/gxf_isaac_gems/package.sh'
[16.804s] INFO:colcon.colcon_core.shell:Creating package script '/workspaces/isaac_ros-dev/install/gxf_isaac_gems/share/gxf_isaac_gems/package.bash'
[16.804s] INFO:colcon.colcon_core.shell:Creating package script '/workspaces/isaac_ros-dev/install/gxf_isaac_gems/share/gxf_isaac_gems/package.zsh'
[16.804s] Level 1:colcon.colcon_core.environment:create_file_with_runtime_dependencies(/workspaces/isaac_ros-dev/install/gxf_isaac_gems/share/colcon-core/packages/gxf_isaac_gems)
[16.805s] Level 1:colcon.colcon_core.environment:create_environment_scripts_only(gxf_isaac_gems)
[16.805s] Level 1:colcon.colcon_core.environment:checking '/workspaces/isaac_ros-dev/install/gxf_isaac_gems' for CMake module files
[16.806s] Level 1:colcon.colcon_core.environment:checking '/workspaces/isaac_ros-dev/install/gxf_isaac_gems' for CMake config files
[16.807s] Level 1:colcon.colcon_core.shell:create_environment_hook('gxf_isaac_gems', 'cmake_prefix_path')
[16.807s] INFO:colcon.colcon_core.shell:Creating environment hook '/workspaces/isaac_ros-dev/install/gxf_isaac_gems/share/gxf_isaac_gems/hook/cmake_prefix_path.ps1'
[16.808s] INFO:colcon.colcon_core.shell:Creating environment descriptor '/workspaces/isaac_ros-dev/install/gxf_isaac_gems/share/gxf_isaac_gems/hook/cmake_prefix_path.dsv'
[16.808s] INFO:colcon.colcon_core.shell:Creating environment hook '/workspaces/isaac_ros-dev/install/gxf_isaac_gems/share/gxf_isaac_gems/hook/cmake_prefix_path.sh'
[16.809s] Level 1:colcon.colcon_core.environment:checking '/workspaces/isaac_ros-dev/install/gxf_isaac_gems/bin'
[16.809s] Level 1:colcon.colcon_core.environment:checking '/workspaces/isaac_ros-dev/install/gxf_isaac_gems/lib/pkgconfig/gxf_isaac_gems.pc'
[16.809s] Level 1:colcon.colcon_core.environment:checking '/workspaces/isaac_ros-dev/install/gxf_isaac_gems/lib/python3.10/site-packages'
[16.810s] Level 1:colcon.colcon_core.environment:checking '/workspaces/isaac_ros-dev/install/gxf_isaac_gems/bin'
[16.810s] INFO:colcon.colcon_core.shell:Creating package script '/workspaces/isaac_ros-dev/install/gxf_isaac_gems/share/gxf_isaac_gems/package.ps1'
[16.811s] INFO:colcon.colcon_core.shell:Creating package descriptor '/workspaces/isaac_ros-dev/install/gxf_isaac_gems/share/gxf_isaac_gems/package.dsv'
[16.811s] INFO:colcon.colcon_core.shell:Creating package script '/workspaces/isaac_ros-dev/install/gxf_isaac_gems/share/gxf_isaac_gems/package.sh'
[16.812s] INFO:colcon.colcon_core.shell:Creating package script '/workspaces/isaac_ros-dev/install/gxf_isaac_gems/share/gxf_isaac_gems/package.bash'
[16.812s] INFO:colcon.colcon_core.shell:Creating package script '/workspaces/isaac_ros-dev/install/gxf_isaac_gems/share/gxf_isaac_gems/package.zsh'
[16.812s] Level 1:colcon.colcon_core.environment:create_file_with_runtime_dependencies(/workspaces/isaac_ros-dev/install/gxf_isaac_gems/share/colcon-core/packages/gxf_isaac_gems)
[16.813s] INFO:colcon.colcon_ros.task.ament_cmake.build:Building ROS package in '/workspaces/isaac_ros-dev/src/isaac_ros_nitros/isaac_ros_gxf_extensions/gxf_isaac_atlas' with build type 'ament_cmake'
[16.813s] INFO:colcon.colcon_cmake.task.cmake.build:Building CMake package in '/workspaces/isaac_ros-dev/src/isaac_ros_nitros/isaac_ros_gxf_extensions/gxf_isaac_atlas'
[16.813s] INFO:colcon.colcon_core.shell:Skip shell extension 'powershell' for command environment: Not usable outside of PowerShell
[16.813s] DEBUG:colcon.colcon_core.shell:Skip shell extension 'dsv' for command environment
[16.817s] INFO:colcon.colcon_ros.task.ament_cmake.build:Building ROS package in '/workspaces/isaac_ros-dev/src/isaac_ros_nitros/isaac_ros_gxf_extensions/gxf_isaac_gxf_helpers' with build type 'ament_cmake'
[16.817s] INFO:colcon.colcon_cmake.task.cmake.build:Building CMake package in '/workspaces/isaac_ros-dev/src/isaac_ros_nitros/isaac_ros_gxf_extensions/gxf_isaac_gxf_helpers'
[16.818s] INFO:colcon.colcon_core.shell:Skip shell extension 'powershell' for command environment: Not usable outside of PowerShell
[16.818s] DEBUG:colcon.colcon_core.shell:Skip shell extension 'dsv' for command environment
[16.821s] INFO:colcon.colcon_ros.task.ament_cmake.build:Building ROS package in '/workspaces/isaac_ros-dev/src/isaac_ros_nitros/isaac_ros_gxf_extensions/gxf_isaac_messages' with build type 'ament_cmake'
[16.821s] INFO:colcon.colcon_cmake.task.cmake.build:Building CMake package in '/workspaces/isaac_ros-dev/src/isaac_ros_nitros/isaac_ros_gxf_extensions/gxf_isaac_messages'
[16.821s] INFO:colcon.colcon_core.shell:Skip shell extension 'powershell' for command environment: Not usable outside of PowerShell
[16.821s] DEBUG:colcon.colcon_core.shell:Skip shell extension 'dsv' for command environment
[16.830s] DEBUG:colcon.colcon_core.event_handler.log_command:Invoking command in '/workspaces/isaac_ros-dev/build/gxf_isaac_atlas': AMENT_PREFIX_PATH=/workspaces/isaac_ros-dev/install/gxf_isaac_gems:/workspaces/isaac_ros-dev/install/isaac_ros_gxf:${AMENT_PREFIX_PATH} CMAKE_PREFIX_PATH=/workspaces/isaac_ros-dev/install/gxf_isaac_gems:/workspaces/isaac_ros-dev/install/isaac_ros_gxf:/workspaces/isaac_ros-dev/install/isaac_ros_common:/usr/local/libcudss-linux-0.3.0.9_cuda12-archive:/workspaces/isaac_ros-dev/install/isaac_ros_test:/workspaces/isaac_ros-dev/install/isaac_ros_launch_utils:/workspaces/isaac_ros-dev/install/isaac_common_py:/opt/ros/humble LD_LIBRARY_PATH=/workspaces/isaac_ros-dev/install/gxf_isaac_gems/lib:/workspaces/isaac_ros-dev/install/isaac_ros_gxf/lib:/workspaces/isaac_ros-dev/install/isaac_ros_common/lib:/opt/ros/humble/opt/openvdb_vendor/lib:/opt/ros/humble/opt/rviz_ogre_vendor/lib:/opt/ros/humble/lib/x86_64-linux-gnu:/opt/ros/humble/lib:/usr/local/libcudss-linux-0.3.0.9_cuda12-archive/lib:/opt/hpcx/ucc/lib/:/opt/hpcx/ucx/lib/:/usr/local/cuda/compat/lib:/usr/local/nvidia/lib:/usr/local/nvidia/lib64:/opt/tritonserver/lib /usr/bin/cmake /workspaces/isaac_ros-dev/src/isaac_ros_nitros/isaac_ros_gxf_extensions/gxf_isaac_atlas -DBUILD_TESTING=OFF -DAMENT_CMAKE_SYMLINK_INSTALL=1 -DCMAKE_INSTALL_PREFIX=/workspaces/isaac_ros-dev/install/gxf_isaac_atlas
[16.832s] DEBUG:colcon.colcon_core.event_handler.log_command:Invoking command in '/workspaces/isaac_ros-dev/build/gxf_isaac_gxf_helpers': AMENT_PREFIX_PATH=/workspaces/isaac_ros-dev/install/gxf_isaac_gems:/workspaces/isaac_ros-dev/install/isaac_ros_gxf:${AMENT_PREFIX_PATH} CMAKE_PREFIX_PATH=/workspaces/isaac_ros-dev/install/gxf_isaac_gems:/workspaces/isaac_ros-dev/install/isaac_ros_gxf:/workspaces/isaac_ros-dev/install/isaac_ros_common:/usr/local/libcudss-linux-0.3.0.9_cuda12-archive:/workspaces/isaac_ros-dev/install/isaac_ros_test:/workspaces/isaac_ros-dev/install/isaac_ros_launch_utils:/workspaces/isaac_ros-dev/install/isaac_common_py:/opt/ros/humble LD_LIBRARY_PATH=/workspaces/isaac_ros-dev/install/gxf_isaac_gems/lib:/workspaces/isaac_ros-dev/install/isaac_ros_gxf/lib:/workspaces/isaac_ros-dev/install/isaac_ros_common/lib:/opt/ros/humble/opt/openvdb_vendor/lib:/opt/ros/humble/opt/rviz_ogre_vendor/lib:/opt/ros/humble/lib/x86_64-linux-gnu:/opt/ros/humble/lib:/usr/local/libcudss-linux-0.3.0.9_cuda12-archive/lib:/opt/hpcx/ucc/lib/:/opt/hpcx/ucx/lib/:/usr/local/cuda/compat/lib:/usr/local/nvidia/lib:/usr/local/nvidia/lib64:/opt/tritonserver/lib /usr/bin/cmake /workspaces/isaac_ros-dev/src/isaac_ros_nitros/isaac_ros_gxf_extensions/gxf_isaac_gxf_helpers -DBUILD_TESTING=OFF -DAMENT_CMAKE_SYMLINK_INSTALL=1 -DCMAKE_INSTALL_PREFIX=/workspaces/isaac_ros-dev/install/gxf_isaac_gxf_helpers
[16.836s] DEBUG:colcon.colcon_core.event_handler.log_command:Invoking command in '/workspaces/isaac_ros-dev/build/gxf_isaac_messages': AMENT_PREFIX_PATH=/workspaces/isaac_ros-dev/install/gxf_isaac_gems:/workspaces/isaac_ros-dev/install/isaac_ros_gxf:${AMENT_PREFIX_PATH} CMAKE_PREFIX_PATH=/workspaces/isaac_ros-dev/install/gxf_isaac_gems:/workspaces/isaac_ros-dev/install/isaac_ros_gxf:/workspaces/isaac_ros-dev/install/isaac_ros_common:/usr/local/libcudss-linux-0.3.0.9_cuda12-archive:/workspaces/isaac_ros-dev/install/isaac_ros_test:/workspaces/isaac_ros-dev/install/isaac_ros_launch_utils:/workspaces/isaac_ros-dev/install/isaac_common_py:/opt/ros/humble LD_LIBRARY_PATH=/workspaces/isaac_ros-dev/install/gxf_isaac_gems/lib:/workspaces/isaac_ros-dev/install/isaac_ros_gxf/lib:/workspaces/isaac_ros-dev/install/isaac_ros_common/lib:/opt/ros/humble/opt/openvdb_vendor/lib:/opt/ros/humble/opt/rviz_ogre_vendor/lib:/opt/ros/humble/lib/x86_64-linux-gnu:/opt/ros/humble/lib:/usr/local/libcudss-linux-0.3.0.9_cuda12-archive/lib:/opt/hpcx/ucc/lib/:/opt/hpcx/ucx/lib/:/usr/local/cuda/compat/lib:/usr/local/nvidia/lib:/usr/local/nvidia/lib64:/opt/tritonserver/lib /usr/bin/cmake /workspaces/isaac_ros-dev/src/isaac_ros_nitros/isaac_ros_gxf_extensions/gxf_isaac_messages -DBUILD_TESTING=OFF -DAMENT_CMAKE_SYMLINK_INSTALL=1 -DCMAKE_INSTALL_PREFIX=/workspaces/isaac_ros-dev/install/gxf_isaac_messages
[18.298s] DEBUG:colcon.colcon_core.event_handler.log_command:Invoked command in '/workspaces/isaac_ros-dev/build/gxf_isaac_atlas' returned '0': AMENT_PREFIX_PATH=/workspaces/isaac_ros-dev/install/gxf_isaac_gems:/workspaces/isaac_ros-dev/install/isaac_ros_gxf:${AMENT_PREFIX_PATH} CMAKE_PREFIX_PATH=/workspaces/isaac_ros-dev/install/gxf_isaac_gems:/workspaces/isaac_ros-dev/install/isaac_ros_gxf:/workspaces/isaac_ros-dev/install/isaac_ros_common:/usr/local/libcudss-linux-0.3.0.9_cuda12-archive:/workspaces/isaac_ros-dev/install/isaac_ros_test:/workspaces/isaac_ros-dev/install/isaac_ros_launch_utils:/workspaces/isaac_ros-dev/install/isaac_common_py:/opt/ros/humble LD_LIBRARY_PATH=/workspaces/isaac_ros-dev/install/gxf_isaac_gems/lib:/workspaces/isaac_ros-dev/install/isaac_ros_gxf/lib:/workspaces/isaac_ros-dev/install/isaac_ros_common/lib:/opt/ros/humble/opt/openvdb_vendor/lib:/opt/ros/humble/opt/rviz_ogre_vendor/lib:/opt/ros/humble/lib/x86_64-linux-gnu:/opt/ros/humble/lib:/usr/local/libcudss-linux-0.3.0.9_cuda12-archive/lib:/opt/hpcx/ucc/lib/:/opt/hpcx/ucx/lib/:/usr/local/cuda/compat/lib:/usr/local/nvidia/lib:/usr/local/nvidia/lib64:/opt/tritonserver/lib /usr/bin/cmake /workspaces/isaac_ros-dev/src/isaac_ros_nitros/isaac_ros_gxf_extensions/gxf_isaac_atlas -DBUILD_TESTING=OFF -DAMENT_CMAKE_SYMLINK_INSTALL=1 -DCMAKE_INSTALL_PREFIX=/workspaces/isaac_ros-dev/install/gxf_isaac_atlas
[18.300s] DEBUG:colcon.colcon_core.event_handler.log_command:Invoking command in '/workspaces/isaac_ros-dev/build/gxf_isaac_atlas': AMENT_PREFIX_PATH=/workspaces/isaac_ros-dev/install/gxf_isaac_gems:/workspaces/isaac_ros-dev/install/isaac_ros_gxf:${AMENT_PREFIX_PATH} CMAKE_PREFIX_PATH=/workspaces/isaac_ros-dev/install/gxf_isaac_gems:/workspaces/isaac_ros-dev/install/isaac_ros_gxf:/workspaces/isaac_ros-dev/install/isaac_ros_common:/usr/local/libcudss-linux-0.3.0.9_cuda12-archive:/workspaces/isaac_ros-dev/install/isaac_ros_test:/workspaces/isaac_ros-dev/install/isaac_ros_launch_utils:/workspaces/isaac_ros-dev/install/isaac_common_py:/opt/ros/humble LD_LIBRARY_PATH=/workspaces/isaac_ros-dev/install/gxf_isaac_gems/lib:/workspaces/isaac_ros-dev/install/isaac_ros_gxf/lib:/workspaces/isaac_ros-dev/install/isaac_ros_common/lib:/opt/ros/humble/opt/openvdb_vendor/lib:/opt/ros/humble/opt/rviz_ogre_vendor/lib:/opt/ros/humble/lib/x86_64-linux-gnu:/opt/ros/humble/lib:/usr/local/libcudss-linux-0.3.0.9_cuda12-archive/lib:/opt/hpcx/ucc/lib/:/opt/hpcx/ucx/lib/:/usr/local/cuda/compat/lib:/usr/local/nvidia/lib:/usr/local/nvidia/lib64:/opt/tritonserver/lib /usr/bin/cmake --build /workspaces/isaac_ros-dev/build/gxf_isaac_atlas -- -j16 -l16
[18.301s] DEBUG:colcon.colcon_core.event_handler.log_command:Invoked command in '/workspaces/isaac_ros-dev/build/gxf_isaac_messages' returned '0': AMENT_PREFIX_PATH=/workspaces/isaac_ros-dev/install/gxf_isaac_gems:/workspaces/isaac_ros-dev/install/isaac_ros_gxf:${AMENT_PREFIX_PATH} CMAKE_PREFIX_PATH=/workspaces/isaac_ros-dev/install/gxf_isaac_gems:/workspaces/isaac_ros-dev/install/isaac_ros_gxf:/workspaces/isaac_ros-dev/install/isaac_ros_common:/usr/local/libcudss-linux-0.3.0.9_cuda12-archive:/workspaces/isaac_ros-dev/install/isaac_ros_test:/workspaces/isaac_ros-dev/install/isaac_ros_launch_utils:/workspaces/isaac_ros-dev/install/isaac_common_py:/opt/ros/humble LD_LIBRARY_PATH=/workspaces/isaac_ros-dev/install/gxf_isaac_gems/lib:/workspaces/isaac_ros-dev/install/isaac_ros_gxf/lib:/workspaces/isaac_ros-dev/install/isaac_ros_common/lib:/opt/ros/humble/opt/openvdb_vendor/lib:/opt/ros/humble/opt/rviz_ogre_vendor/lib:/opt/ros/humble/lib/x86_64-linux-gnu:/opt/ros/humble/lib:/usr/local/libcudss-linux-0.3.0.9_cuda12-archive/lib:/opt/hpcx/ucc/lib/:/opt/hpcx/ucx/lib/:/usr/local/cuda/compat/lib:/usr/local/nvidia/lib:/usr/local/nvidia/lib64:/opt/tritonserver/lib /usr/bin/cmake /workspaces/isaac_ros-dev/src/isaac_ros_nitros/isaac_ros_gxf_extensions/gxf_isaac_messages -DBUILD_TESTING=OFF -DAMENT_CMAKE_SYMLINK_INSTALL=1 -DCMAKE_INSTALL_PREFIX=/workspaces/isaac_ros-dev/install/gxf_isaac_messages
[18.303s] DEBUG:colcon.colcon_core.event_handler.log_command:Invoking command in '/workspaces/isaac_ros-dev/build/gxf_isaac_messages': AMENT_PREFIX_PATH=/workspaces/isaac_ros-dev/install/gxf_isaac_gems:/workspaces/isaac_ros-dev/install/isaac_ros_gxf:${AMENT_PREFIX_PATH} CMAKE_PREFIX_PATH=/workspaces/isaac_ros-dev/install/gxf_isaac_gems:/workspaces/isaac_ros-dev/install/isaac_ros_gxf:/workspaces/isaac_ros-dev/install/isaac_ros_common:/usr/local/libcudss-linux-0.3.0.9_cuda12-archive:/workspaces/isaac_ros-dev/install/isaac_ros_test:/workspaces/isaac_ros-dev/install/isaac_ros_launch_utils:/workspaces/isaac_ros-dev/install/isaac_common_py:/opt/ros/humble LD_LIBRARY_PATH=/workspaces/isaac_ros-dev/install/gxf_isaac_gems/lib:/workspaces/isaac_ros-dev/install/isaac_ros_gxf/lib:/workspaces/isaac_ros-dev/install/isaac_ros_common/lib:/opt/ros/humble/opt/openvdb_vendor/lib:/opt/ros/humble/opt/rviz_ogre_vendor/lib:/opt/ros/humble/lib/x86_64-linux-gnu:/opt/ros/humble/lib:/usr/local/libcudss-linux-0.3.0.9_cuda12-archive/lib:/opt/hpcx/ucc/lib/:/opt/hpcx/ucx/lib/:/usr/local/cuda/compat/lib:/usr/local/nvidia/lib:/usr/local/nvidia/lib64:/opt/tritonserver/lib /usr/bin/cmake --build /workspaces/isaac_ros-dev/build/gxf_isaac_messages -- -j16 -l16
[18.346s] DEBUG:colcon.colcon_core.event_handler.log_command:Invoked command in '/workspaces/isaac_ros-dev/build/gxf_isaac_gxf_helpers' returned '0': AMENT_PREFIX_PATH=/workspaces/isaac_ros-dev/install/gxf_isaac_gems:/workspaces/isaac_ros-dev/install/isaac_ros_gxf:${AMENT_PREFIX_PATH} CMAKE_PREFIX_PATH=/workspaces/isaac_ros-dev/install/gxf_isaac_gems:/workspaces/isaac_ros-dev/install/isaac_ros_gxf:/workspaces/isaac_ros-dev/install/isaac_ros_common:/usr/local/libcudss-linux-0.3.0.9_cuda12-archive:/workspaces/isaac_ros-dev/install/isaac_ros_test:/workspaces/isaac_ros-dev/install/isaac_ros_launch_utils:/workspaces/isaac_ros-dev/install/isaac_common_py:/opt/ros/humble LD_LIBRARY_PATH=/workspaces/isaac_ros-dev/install/gxf_isaac_gems/lib:/workspaces/isaac_ros-dev/install/isaac_ros_gxf/lib:/workspaces/isaac_ros-dev/install/isaac_ros_common/lib:/opt/ros/humble/opt/openvdb_vendor/lib:/opt/ros/humble/opt/rviz_ogre_vendor/lib:/opt/ros/humble/lib/x86_64-linux-gnu:/opt/ros/humble/lib:/usr/local/libcudss-linux-0.3.0.9_cuda12-archive/lib:/opt/hpcx/ucc/lib/:/opt/hpcx/ucx/lib/:/usr/local/cuda/compat/lib:/usr/local/nvidia/lib:/usr/local/nvidia/lib64:/opt/tritonserver/lib /usr/bin/cmake /workspaces/isaac_ros-dev/src/isaac_ros_nitros/isaac_ros_gxf_extensions/gxf_isaac_gxf_helpers -DBUILD_TESTING=OFF -DAMENT_CMAKE_SYMLINK_INSTALL=1 -DCMAKE_INSTALL_PREFIX=/workspaces/isaac_ros-dev/install/gxf_isaac_gxf_helpers
[18.347s] DEBUG:colcon.colcon_core.event_handler.log_command:Invoking command in '/workspaces/isaac_ros-dev/build/gxf_isaac_gxf_helpers': AMENT_PREFIX_PATH=/workspaces/isaac_ros-dev/install/gxf_isaac_gems:/workspaces/isaac_ros-dev/install/isaac_ros_gxf:${AMENT_PREFIX_PATH} CMAKE_PREFIX_PATH=/workspaces/isaac_ros-dev/install/gxf_isaac_gems:/workspaces/isaac_ros-dev/install/isaac_ros_gxf:/workspaces/isaac_ros-dev/install/isaac_ros_common:/usr/local/libcudss-linux-0.3.0.9_cuda12-archive:/workspaces/isaac_ros-dev/install/isaac_ros_test:/workspaces/isaac_ros-dev/install/isaac_ros_launch_utils:/workspaces/isaac_ros-dev/install/isaac_common_py:/opt/ros/humble LD_LIBRARY_PATH=/workspaces/isaac_ros-dev/install/gxf_isaac_gems/lib:/workspaces/isaac_ros-dev/install/isaac_ros_gxf/lib:/workspaces/isaac_ros-dev/install/isaac_ros_common/lib:/opt/ros/humble/opt/openvdb_vendor/lib:/opt/ros/humble/opt/rviz_ogre_vendor/lib:/opt/ros/humble/lib/x86_64-linux-gnu:/opt/ros/humble/lib:/usr/local/libcudss-linux-0.3.0.9_cuda12-archive/lib:/opt/hpcx/ucc/lib/:/opt/hpcx/ucx/lib/:/usr/local/cuda/compat/lib:/usr/local/nvidia/lib:/usr/local/nvidia/lib64:/opt/tritonserver/lib /usr/bin/cmake --build /workspaces/isaac_ros-dev/build/gxf_isaac_gxf_helpers -- -j16 -l16
[18.411s] DEBUG:colcon.colcon_core.event_handler.log_command:Invoked command in '/workspaces/isaac_ros-dev/build/gxf_isaac_messages' returned '0': AMENT_PREFIX_PATH=/workspaces/isaac_ros-dev/install/gxf_isaac_gems:/workspaces/isaac_ros-dev/install/isaac_ros_gxf:${AMENT_PREFIX_PATH} CMAKE_PREFIX_PATH=/workspaces/isaac_ros-dev/install/gxf_isaac_gems:/workspaces/isaac_ros-dev/install/isaac_ros_gxf:/workspaces/isaac_ros-dev/install/isaac_ros_common:/usr/local/libcudss-linux-0.3.0.9_cuda12-archive:/workspaces/isaac_ros-dev/install/isaac_ros_test:/workspaces/isaac_ros-dev/install/isaac_ros_launch_utils:/workspaces/isaac_ros-dev/install/isaac_common_py:/opt/ros/humble LD_LIBRARY_PATH=/workspaces/isaac_ros-dev/install/gxf_isaac_gems/lib:/workspaces/isaac_ros-dev/install/isaac_ros_gxf/lib:/workspaces/isaac_ros-dev/install/isaac_ros_common/lib:/opt/ros/humble/opt/openvdb_vendor/lib:/opt/ros/humble/opt/rviz_ogre_vendor/lib:/opt/ros/humble/lib/x86_64-linux-gnu:/opt/ros/humble/lib:/usr/local/libcudss-linux-0.3.0.9_cuda12-archive/lib:/opt/hpcx/ucc/lib/:/opt/hpcx/ucx/lib/:/usr/local/cuda/compat/lib:/usr/local/nvidia/lib:/usr/local/nvidia/lib64:/opt/tritonserver/lib /usr/bin/cmake --build /workspaces/isaac_ros-dev/build/gxf_isaac_messages -- -j16 -l16
[18.412s] DEBUG:colcon.colcon_core.event_handler.log_command:Invoking command in '/workspaces/isaac_ros-dev/build/gxf_isaac_messages': AMENT_PREFIX_PATH=/workspaces/isaac_ros-dev/install/gxf_isaac_gems:/workspaces/isaac_ros-dev/install/isaac_ros_gxf:${AMENT_PREFIX_PATH} CMAKE_PREFIX_PATH=/workspaces/isaac_ros-dev/install/gxf_isaac_gems:/workspaces/isaac_ros-dev/install/isaac_ros_gxf:/workspaces/isaac_ros-dev/install/isaac_ros_common:/usr/local/libcudss-linux-0.3.0.9_cuda12-archive:/workspaces/isaac_ros-dev/install/isaac_ros_test:/workspaces/isaac_ros-dev/install/isaac_ros_launch_utils:/workspaces/isaac_ros-dev/install/isaac_common_py:/opt/ros/humble LD_LIBRARY_PATH=/workspaces/isaac_ros-dev/install/gxf_isaac_gems/lib:/workspaces/isaac_ros-dev/install/isaac_ros_gxf/lib:/workspaces/isaac_ros-dev/install/isaac_ros_common/lib:/opt/ros/humble/opt/openvdb_vendor/lib:/opt/ros/humble/opt/rviz_ogre_vendor/lib:/opt/ros/humble/lib/x86_64-linux-gnu:/opt/ros/humble/lib:/usr/local/libcudss-linux-0.3.0.9_cuda12-archive/lib:/opt/hpcx/ucc/lib/:/opt/hpcx/ucx/lib/:/usr/local/cuda/compat/lib:/usr/local/nvidia/lib:/usr/local/nvidia/lib64:/opt/tritonserver/lib /usr/bin/cmake --install /workspaces/isaac_ros-dev/build/gxf_isaac_messages
[18.416s] DEBUG:colcon.colcon_core.event_handler.log_command:Invoked command in '/workspaces/isaac_ros-dev/build/gxf_isaac_atlas' returned '0': AMENT_PREFIX_PATH=/workspaces/isaac_ros-dev/install/gxf_isaac_gems:/workspaces/isaac_ros-dev/install/isaac_ros_gxf:${AMENT_PREFIX_PATH} CMAKE_PREFIX_PATH=/workspaces/isaac_ros-dev/install/gxf_isaac_gems:/workspaces/isaac_ros-dev/install/isaac_ros_gxf:/workspaces/isaac_ros-dev/install/isaac_ros_common:/usr/local/libcudss-linux-0.3.0.9_cuda12-archive:/workspaces/isaac_ros-dev/install/isaac_ros_test:/workspaces/isaac_ros-dev/install/isaac_ros_launch_utils:/workspaces/isaac_ros-dev/install/isaac_common_py:/opt/ros/humble LD_LIBRARY_PATH=/workspaces/isaac_ros-dev/install/gxf_isaac_gems/lib:/workspaces/isaac_ros-dev/install/isaac_ros_gxf/lib:/workspaces/isaac_ros-dev/install/isaac_ros_common/lib:/opt/ros/humble/opt/openvdb_vendor/lib:/opt/ros/humble/opt/rviz_ogre_vendor/lib:/opt/ros/humble/lib/x86_64-linux-gnu:/opt/ros/humble/lib:/usr/local/libcudss-linux-0.3.0.9_cuda12-archive/lib:/opt/hpcx/ucc/lib/:/opt/hpcx/ucx/lib/:/usr/local/cuda/compat/lib:/usr/local/nvidia/lib:/usr/local/nvidia/lib64:/opt/tritonserver/lib /usr/bin/cmake --build /workspaces/isaac_ros-dev/build/gxf_isaac_atlas -- -j16 -l16
[18.417s] DEBUG:colcon.colcon_core.event_handler.log_command:Invoking command in '/workspaces/isaac_ros-dev/build/gxf_isaac_atlas': AMENT_PREFIX_PATH=/workspaces/isaac_ros-dev/install/gxf_isaac_gems:/workspaces/isaac_ros-dev/install/isaac_ros_gxf:${AMENT_PREFIX_PATH} CMAKE_PREFIX_PATH=/workspaces/isaac_ros-dev/install/gxf_isaac_gems:/workspaces/isaac_ros-dev/install/isaac_ros_gxf:/workspaces/isaac_ros-dev/install/isaac_ros_common:/usr/local/libcudss-linux-0.3.0.9_cuda12-archive:/workspaces/isaac_ros-dev/install/isaac_ros_test:/workspaces/isaac_ros-dev/install/isaac_ros_launch_utils:/workspaces/isaac_ros-dev/install/isaac_common_py:/opt/ros/humble LD_LIBRARY_PATH=/workspaces/isaac_ros-dev/install/gxf_isaac_gems/lib:/workspaces/isaac_ros-dev/install/isaac_ros_gxf/lib:/workspaces/isaac_ros-dev/install/isaac_ros_common/lib:/opt/ros/humble/opt/openvdb_vendor/lib:/opt/ros/humble/opt/rviz_ogre_vendor/lib:/opt/ros/humble/lib/x86_64-linux-gnu:/opt/ros/humble/lib:/usr/local/libcudss-linux-0.3.0.9_cuda12-archive/lib:/opt/hpcx/ucc/lib/:/opt/hpcx/ucx/lib/:/usr/local/cuda/compat/lib:/usr/local/nvidia/lib:/usr/local/nvidia/lib64:/opt/tritonserver/lib /usr/bin/cmake --install /workspaces/isaac_ros-dev/build/gxf_isaac_atlas
[18.467s] DEBUG:colcon.colcon_core.event_handler.log_command:Invoked command in '/workspaces/isaac_ros-dev/build/gxf_isaac_gxf_helpers' returned '0': AMENT_PREFIX_PATH=/workspaces/isaac_ros-dev/install/gxf_isaac_gems:/workspaces/isaac_ros-dev/install/isaac_ros_gxf:${AMENT_PREFIX_PATH} CMAKE_PREFIX_PATH=/workspaces/isaac_ros-dev/install/gxf_isaac_gems:/workspaces/isaac_ros-dev/install/isaac_ros_gxf:/workspaces/isaac_ros-dev/install/isaac_ros_common:/usr/local/libcudss-linux-0.3.0.9_cuda12-archive:/workspaces/isaac_ros-dev/install/isaac_ros_test:/workspaces/isaac_ros-dev/install/isaac_ros_launch_utils:/workspaces/isaac_ros-dev/install/isaac_common_py:/opt/ros/humble LD_LIBRARY_PATH=/workspaces/isaac_ros-dev/install/gxf_isaac_gems/lib:/workspaces/isaac_ros-dev/install/isaac_ros_gxf/lib:/workspaces/isaac_ros-dev/install/isaac_ros_common/lib:/opt/ros/humble/opt/openvdb_vendor/lib:/opt/ros/humble/opt/rviz_ogre_vendor/lib:/opt/ros/humble/lib/x86_64-linux-gnu:/opt/ros/humble/lib:/usr/local/libcudss-linux-0.3.0.9_cuda12-archive/lib:/opt/hpcx/ucc/lib/:/opt/hpcx/ucx/lib/:/usr/local/cuda/compat/lib:/usr/local/nvidia/lib:/usr/local/nvidia/lib64:/opt/tritonserver/lib /usr/bin/cmake --build /workspaces/isaac_ros-dev/build/gxf_isaac_gxf_helpers -- -j16 -l16
[18.469s] DEBUG:colcon.colcon_core.event_handler.log_command:Invoking command in '/workspaces/isaac_ros-dev/build/gxf_isaac_gxf_helpers': AMENT_PREFIX_PATH=/workspaces/isaac_ros-dev/install/gxf_isaac_gems:/workspaces/isaac_ros-dev/install/isaac_ros_gxf:${AMENT_PREFIX_PATH} CMAKE_PREFIX_PATH=/workspaces/isaac_ros-dev/install/gxf_isaac_gems:/workspaces/isaac_ros-dev/install/isaac_ros_gxf:/workspaces/isaac_ros-dev/install/isaac_ros_common:/usr/local/libcudss-linux-0.3.0.9_cuda12-archive:/workspaces/isaac_ros-dev/install/isaac_ros_test:/workspaces/isaac_ros-dev/install/isaac_ros_launch_utils:/workspaces/isaac_ros-dev/install/isaac_common_py:/opt/ros/humble LD_LIBRARY_PATH=/workspaces/isaac_ros-dev/install/gxf_isaac_gems/lib:/workspaces/isaac_ros-dev/install/isaac_ros_gxf/lib:/workspaces/isaac_ros-dev/install/isaac_ros_common/lib:/opt/ros/humble/opt/openvdb_vendor/lib:/opt/ros/humble/opt/rviz_ogre_vendor/lib:/opt/ros/humble/lib/x86_64-linux-gnu:/opt/ros/humble/lib:/usr/local/libcudss-linux-0.3.0.9_cuda12-archive/lib:/opt/hpcx/ucc/lib/:/opt/hpcx/ucx/lib/:/usr/local/cuda/compat/lib:/usr/local/nvidia/lib:/usr/local/nvidia/lib64:/opt/tritonserver/lib /usr/bin/cmake --install /workspaces/isaac_ros-dev/build/gxf_isaac_gxf_helpers
[18.604s] Level 1:colcon.colcon_core.environment:create_environment_scripts_only(gxf_isaac_atlas)
[18.605s] Level 1:colcon.colcon_core.environment:checking '/workspaces/isaac_ros-dev/install/gxf_isaac_atlas' for CMake module files
[18.605s] DEBUG:colcon.colcon_core.event_handler.log_command:Invoked command in '/workspaces/isaac_ros-dev/build/gxf_isaac_atlas' returned '0': AMENT_PREFIX_PATH=/workspaces/isaac_ros-dev/install/gxf_isaac_gems:/workspaces/isaac_ros-dev/install/isaac_ros_gxf:${AMENT_PREFIX_PATH} CMAKE_PREFIX_PATH=/workspaces/isaac_ros-dev/install/gxf_isaac_gems:/workspaces/isaac_ros-dev/install/isaac_ros_gxf:/workspaces/isaac_ros-dev/install/isaac_ros_common:/usr/local/libcudss-linux-0.3.0.9_cuda12-archive:/workspaces/isaac_ros-dev/install/isaac_ros_test:/workspaces/isaac_ros-dev/install/isaac_ros_launch_utils:/workspaces/isaac_ros-dev/install/isaac_common_py:/opt/ros/humble LD_LIBRARY_PATH=/workspaces/isaac_ros-dev/install/gxf_isaac_gems/lib:/workspaces/isaac_ros-dev/install/isaac_ros_gxf/lib:/workspaces/isaac_ros-dev/install/isaac_ros_common/lib:/opt/ros/humble/opt/openvdb_vendor/lib:/opt/ros/humble/opt/rviz_ogre_vendor/lib:/opt/ros/humble/lib/x86_64-linux-gnu:/opt/ros/humble/lib:/usr/local/libcudss-linux-0.3.0.9_cuda12-archive/lib:/opt/hpcx/ucc/lib/:/opt/hpcx/ucx/lib/:/usr/local/cuda/compat/lib:/usr/local/nvidia/lib:/usr/local/nvidia/lib64:/opt/tritonserver/lib /usr/bin/cmake --install /workspaces/isaac_ros-dev/build/gxf_isaac_atlas
[18.605s] Level 1:colcon.colcon_core.environment:checking '/workspaces/isaac_ros-dev/install/gxf_isaac_atlas' for CMake config files
[18.606s] Level 1:colcon.colcon_core.shell:create_environment_hook('gxf_isaac_atlas', 'cmake_prefix_path')
[18.606s] INFO:colcon.colcon_core.shell:Creating environment hook '/workspaces/isaac_ros-dev/install/gxf_isaac_atlas/share/gxf_isaac_atlas/hook/cmake_prefix_path.ps1'
[18.606s] INFO:colcon.colcon_core.shell:Creating environment descriptor '/workspaces/isaac_ros-dev/install/gxf_isaac_atlas/share/gxf_isaac_atlas/hook/cmake_prefix_path.dsv'
[18.607s] INFO:colcon.colcon_core.shell:Creating environment hook '/workspaces/isaac_ros-dev/install/gxf_isaac_atlas/share/gxf_isaac_atlas/hook/cmake_prefix_path.sh'
[18.607s] Level 1:colcon.colcon_core.environment:checking '/workspaces/isaac_ros-dev/install/gxf_isaac_atlas/bin'
[18.607s] Level 1:colcon.colcon_core.environment:checking '/workspaces/isaac_ros-dev/install/gxf_isaac_atlas/lib/pkgconfig/gxf_isaac_atlas.pc'
[18.607s] Level 1:colcon.colcon_core.environment:checking '/workspaces/isaac_ros-dev/install/gxf_isaac_atlas/lib/python3.10/site-packages'
[18.607s] Level 1:colcon.colcon_core.environment:checking '/workspaces/isaac_ros-dev/install/gxf_isaac_atlas/bin'
[18.608s] INFO:colcon.colcon_core.shell:Creating package script '/workspaces/isaac_ros-dev/install/gxf_isaac_atlas/share/gxf_isaac_atlas/package.ps1'
[18.608s] INFO:colcon.colcon_core.shell:Creating package descriptor '/workspaces/isaac_ros-dev/install/gxf_isaac_atlas/share/gxf_isaac_atlas/package.dsv'
[18.608s] INFO:colcon.colcon_core.shell:Creating package script '/workspaces/isaac_ros-dev/install/gxf_isaac_atlas/share/gxf_isaac_atlas/package.sh'
[18.608s] INFO:colcon.colcon_core.shell:Creating package script '/workspaces/isaac_ros-dev/install/gxf_isaac_atlas/share/gxf_isaac_atlas/package.bash'
[18.609s] INFO:colcon.colcon_core.shell:Creating package script '/workspaces/isaac_ros-dev/install/gxf_isaac_atlas/share/gxf_isaac_atlas/package.zsh'
[18.609s] Level 1:colcon.colcon_core.environment:create_file_with_runtime_dependencies(/workspaces/isaac_ros-dev/install/gxf_isaac_atlas/share/colcon-core/packages/gxf_isaac_atlas)
[18.609s] Level 1:colcon.colcon_core.environment:create_environment_scripts_only(gxf_isaac_atlas)
[18.610s] Level 1:colcon.colcon_core.environment:checking '/workspaces/isaac_ros-dev/install/gxf_isaac_atlas' for CMake module files
[18.611s] Level 1:colcon.colcon_core.environment:checking '/workspaces/isaac_ros-dev/install/gxf_isaac_atlas' for CMake config files
[18.611s] Level 1:colcon.colcon_core.shell:create_environment_hook('gxf_isaac_atlas', 'cmake_prefix_path')
[18.611s] INFO:colcon.colcon_core.shell:Creating environment hook '/workspaces/isaac_ros-dev/install/gxf_isaac_atlas/share/gxf_isaac_atlas/hook/cmake_prefix_path.ps1'
[18.611s] INFO:colcon.colcon_core.shell:Creating environment descriptor '/workspaces/isaac_ros-dev/install/gxf_isaac_atlas/share/gxf_isaac_atlas/hook/cmake_prefix_path.dsv'
[18.612s] INFO:colcon.colcon_core.shell:Creating environment hook '/workspaces/isaac_ros-dev/install/gxf_isaac_atlas/share/gxf_isaac_atlas/hook/cmake_prefix_path.sh'
[18.612s] Level 1:colcon.colcon_core.environment:checking '/workspaces/isaac_ros-dev/install/gxf_isaac_atlas/bin'
[18.612s] Level 1:colcon.colcon_core.environment:checking '/workspaces/isaac_ros-dev/install/gxf_isaac_atlas/lib/pkgconfig/gxf_isaac_atlas.pc'
[18.612s] Level 1:colcon.colcon_core.environment:checking '/workspaces/isaac_ros-dev/install/gxf_isaac_atlas/lib/python3.10/site-packages'
[18.613s] Level 1:colcon.colcon_core.environment:checking '/workspaces/isaac_ros-dev/install/gxf_isaac_atlas/bin'
[18.613s] INFO:colcon.colcon_core.shell:Creating package script '/workspaces/isaac_ros-dev/install/gxf_isaac_atlas/share/gxf_isaac_atlas/package.ps1'
[18.613s] INFO:colcon.colcon_core.shell:Creating package descriptor '/workspaces/isaac_ros-dev/install/gxf_isaac_atlas/share/gxf_isaac_atlas/package.dsv'
[18.614s] INFO:colcon.colcon_core.shell:Creating package script '/workspaces/isaac_ros-dev/install/gxf_isaac_atlas/share/gxf_isaac_atlas/package.sh'
[18.614s] INFO:colcon.colcon_core.shell:Creating package script '/workspaces/isaac_ros-dev/install/gxf_isaac_atlas/share/gxf_isaac_atlas/package.bash'
[18.615s] INFO:colcon.colcon_core.shell:Creating package script '/workspaces/isaac_ros-dev/install/gxf_isaac_atlas/share/gxf_isaac_atlas/package.zsh'
[18.615s] Level 1:colcon.colcon_core.environment:create_file_with_runtime_dependencies(/workspaces/isaac_ros-dev/install/gxf_isaac_atlas/share/colcon-core/packages/gxf_isaac_atlas)
[18.655s] Level 1:colcon.colcon_core.environment:create_environment_scripts_only(gxf_isaac_gxf_helpers)
[18.656s] Level 1:colcon.colcon_core.environment:checking '/workspaces/isaac_ros-dev/install/gxf_isaac_gxf_helpers' for CMake module files
[18.656s] DEBUG:colcon.colcon_core.event_handler.log_command:Invoked command in '/workspaces/isaac_ros-dev/build/gxf_isaac_gxf_helpers' returned '0': AMENT_PREFIX_PATH=/workspaces/isaac_ros-dev/install/gxf_isaac_gems:/workspaces/isaac_ros-dev/install/isaac_ros_gxf:${AMENT_PREFIX_PATH} CMAKE_PREFIX_PATH=/workspaces/isaac_ros-dev/install/gxf_isaac_gems:/workspaces/isaac_ros-dev/install/isaac_ros_gxf:/workspaces/isaac_ros-dev/install/isaac_ros_common:/usr/local/libcudss-linux-0.3.0.9_cuda12-archive:/workspaces/isaac_ros-dev/install/isaac_ros_test:/workspaces/isaac_ros-dev/install/isaac_ros_launch_utils:/workspaces/isaac_ros-dev/install/isaac_common_py:/opt/ros/humble LD_LIBRARY_PATH=/workspaces/isaac_ros-dev/install/gxf_isaac_gems/lib:/workspaces/isaac_ros-dev/install/isaac_ros_gxf/lib:/workspaces/isaac_ros-dev/install/isaac_ros_common/lib:/opt/ros/humble/opt/openvdb_vendor/lib:/opt/ros/humble/opt/rviz_ogre_vendor/lib:/opt/ros/humble/lib/x86_64-linux-gnu:/opt/ros/humble/lib:/usr/local/libcudss-linux-0.3.0.9_cuda12-archive/lib:/opt/hpcx/ucc/lib/:/opt/hpcx/ucx/lib/:/usr/local/cuda/compat/lib:/usr/local/nvidia/lib:/usr/local/nvidia/lib64:/opt/tritonserver/lib /usr/bin/cmake --install /workspaces/isaac_ros-dev/build/gxf_isaac_gxf_helpers
[18.656s] Level 1:colcon.colcon_core.environment:checking '/workspaces/isaac_ros-dev/install/gxf_isaac_gxf_helpers' for CMake config files
[18.657s] Level 1:colcon.colcon_core.shell:create_environment_hook('gxf_isaac_gxf_helpers', 'cmake_prefix_path')
[18.657s] INFO:colcon.colcon_core.shell:Creating environment hook '/workspaces/isaac_ros-dev/install/gxf_isaac_gxf_helpers/share/gxf_isaac_gxf_helpers/hook/cmake_prefix_path.ps1'
[18.657s] INFO:colcon.colcon_core.shell:Creating environment descriptor '/workspaces/isaac_ros-dev/install/gxf_isaac_gxf_helpers/share/gxf_isaac_gxf_helpers/hook/cmake_prefix_path.dsv'
[18.658s] INFO:colcon.colcon_core.shell:Creating environment hook '/workspaces/isaac_ros-dev/install/gxf_isaac_gxf_helpers/share/gxf_isaac_gxf_helpers/hook/cmake_prefix_path.sh'
[18.658s] Level 1:colcon.colcon_core.environment:checking '/workspaces/isaac_ros-dev/install/gxf_isaac_gxf_helpers/bin'
[18.658s] Level 1:colcon.colcon_core.environment:checking '/workspaces/isaac_ros-dev/install/gxf_isaac_gxf_helpers/lib/pkgconfig/gxf_isaac_gxf_helpers.pc'
[18.658s] Level 1:colcon.colcon_core.environment:checking '/workspaces/isaac_ros-dev/install/gxf_isaac_gxf_helpers/lib/python3.10/site-packages'
[18.659s] Level 1:colcon.colcon_core.environment:checking '/workspaces/isaac_ros-dev/install/gxf_isaac_gxf_helpers/bin'
[18.659s] INFO:colcon.colcon_core.shell:Creating package script '/workspaces/isaac_ros-dev/install/gxf_isaac_gxf_helpers/share/gxf_isaac_gxf_helpers/package.ps1'
[18.659s] INFO:colcon.colcon_core.shell:Creating package descriptor '/workspaces/isaac_ros-dev/install/gxf_isaac_gxf_helpers/share/gxf_isaac_gxf_helpers/package.dsv'
[18.659s] INFO:colcon.colcon_core.shell:Creating package script '/workspaces/isaac_ros-dev/install/gxf_isaac_gxf_helpers/share/gxf_isaac_gxf_helpers/package.sh'
[18.660s] INFO:colcon.colcon_core.shell:Creating package script '/workspaces/isaac_ros-dev/install/gxf_isaac_gxf_helpers/share/gxf_isaac_gxf_helpers/package.bash'
[18.660s] INFO:colcon.colcon_core.shell:Creating package script '/workspaces/isaac_ros-dev/install/gxf_isaac_gxf_helpers/share/gxf_isaac_gxf_helpers/package.zsh'
[18.660s] Level 1:colcon.colcon_core.environment:create_file_with_runtime_dependencies(/workspaces/isaac_ros-dev/install/gxf_isaac_gxf_helpers/share/colcon-core/packages/gxf_isaac_gxf_helpers)
[18.660s] Level 1:colcon.colcon_core.environment:create_environment_scripts_only(gxf_isaac_gxf_helpers)
[18.660s] Level 1:colcon.colcon_core.environment:checking '/workspaces/isaac_ros-dev/install/gxf_isaac_gxf_helpers' for CMake module files
[18.661s] Level 1:colcon.colcon_core.environment:checking '/workspaces/isaac_ros-dev/install/gxf_isaac_gxf_helpers' for CMake config files
[18.662s] Level 1:colcon.colcon_core.shell:create_environment_hook('gxf_isaac_gxf_helpers', 'cmake_prefix_path')
[18.662s] INFO:colcon.colcon_core.shell:Creating environment hook '/workspaces/isaac_ros-dev/install/gxf_isaac_gxf_helpers/share/gxf_isaac_gxf_helpers/hook/cmake_prefix_path.ps1'
[18.663s] INFO:colcon.colcon_core.shell:Creating environment descriptor '/workspaces/isaac_ros-dev/install/gxf_isaac_gxf_helpers/share/gxf_isaac_gxf_helpers/hook/cmake_prefix_path.dsv'
[18.663s] INFO:colcon.colcon_core.shell:Creating environment hook '/workspaces/isaac_ros-dev/install/gxf_isaac_gxf_helpers/share/gxf_isaac_gxf_helpers/hook/cmake_prefix_path.sh'
[18.664s] Level 1:colcon.colcon_core.environment:checking '/workspaces/isaac_ros-dev/install/gxf_isaac_gxf_helpers/bin'
[18.664s] Level 1:colcon.colcon_core.environment:checking '/workspaces/isaac_ros-dev/install/gxf_isaac_gxf_helpers/lib/pkgconfig/gxf_isaac_gxf_helpers.pc'
[18.664s] Level 1:colcon.colcon_core.environment:checking '/workspaces/isaac_ros-dev/install/gxf_isaac_gxf_helpers/lib/python3.10/site-packages'
[18.664s] Level 1:colcon.colcon_core.environment:checking '/workspaces/isaac_ros-dev/install/gxf_isaac_gxf_helpers/bin'
[18.665s] INFO:colcon.colcon_core.shell:Creating package script '/workspaces/isaac_ros-dev/install/gxf_isaac_gxf_helpers/share/gxf_isaac_gxf_helpers/package.ps1'
[18.665s] INFO:colcon.colcon_core.shell:Creating package descriptor '/workspaces/isaac_ros-dev/install/gxf_isaac_gxf_helpers/share/gxf_isaac_gxf_helpers/package.dsv'
[18.665s] INFO:colcon.colcon_core.shell:Creating package script '/workspaces/isaac_ros-dev/install/gxf_isaac_gxf_helpers/share/gxf_isaac_gxf_helpers/package.sh'
[18.666s] INFO:colcon.colcon_core.shell:Creating package script '/workspaces/isaac_ros-dev/install/gxf_isaac_gxf_helpers/share/gxf_isaac_gxf_helpers/package.bash'
[18.666s] INFO:colcon.colcon_core.shell:Creating package script '/workspaces/isaac_ros-dev/install/gxf_isaac_gxf_helpers/share/gxf_isaac_gxf_helpers/package.zsh'
[18.666s] Level 1:colcon.colcon_core.environment:create_file_with_runtime_dependencies(/workspaces/isaac_ros-dev/install/gxf_isaac_gxf_helpers/share/colcon-core/packages/gxf_isaac_gxf_helpers)
[18.666s] INFO:colcon.colcon_ros.task.ament_cmake.build:Building ROS package in '/workspaces/isaac_ros-dev/src/isaac_ros_nitros/isaac_ros_nitros' with build type 'ament_cmake'
[18.666s] INFO:colcon.colcon_cmake.task.cmake.build:Building CMake package in '/workspaces/isaac_ros-dev/src/isaac_ros_nitros/isaac_ros_nitros'
[18.667s] INFO:colcon.colcon_core.shell:Skip shell extension 'powershell' for command environment: Not usable outside of PowerShell
[18.667s] DEBUG:colcon.colcon_core.shell:Skip shell extension 'dsv' for command environment
[18.672s] Level 1:colcon.colcon_core.environment:create_environment_scripts_only(gxf_isaac_messages)
[18.673s] Level 1:colcon.colcon_core.environment:checking '/workspaces/isaac_ros-dev/install/gxf_isaac_messages' for CMake module files
[18.673s] DEBUG:colcon.colcon_core.event_handler.log_command:Invoked command in '/workspaces/isaac_ros-dev/build/gxf_isaac_messages' returned '0': AMENT_PREFIX_PATH=/workspaces/isaac_ros-dev/install/gxf_isaac_gems:/workspaces/isaac_ros-dev/install/isaac_ros_gxf:${AMENT_PREFIX_PATH} CMAKE_PREFIX_PATH=/workspaces/isaac_ros-dev/install/gxf_isaac_gems:/workspaces/isaac_ros-dev/install/isaac_ros_gxf:/workspaces/isaac_ros-dev/install/isaac_ros_common:/usr/local/libcudss-linux-0.3.0.9_cuda12-archive:/workspaces/isaac_ros-dev/install/isaac_ros_test:/workspaces/isaac_ros-dev/install/isaac_ros_launch_utils:/workspaces/isaac_ros-dev/install/isaac_common_py:/opt/ros/humble LD_LIBRARY_PATH=/workspaces/isaac_ros-dev/install/gxf_isaac_gems/lib:/workspaces/isaac_ros-dev/install/isaac_ros_gxf/lib:/workspaces/isaac_ros-dev/install/isaac_ros_common/lib:/opt/ros/humble/opt/openvdb_vendor/lib:/opt/ros/humble/opt/rviz_ogre_vendor/lib:/opt/ros/humble/lib/x86_64-linux-gnu:/opt/ros/humble/lib:/usr/local/libcudss-linux-0.3.0.9_cuda12-archive/lib:/opt/hpcx/ucc/lib/:/opt/hpcx/ucx/lib/:/usr/local/cuda/compat/lib:/usr/local/nvidia/lib:/usr/local/nvidia/lib64:/opt/tritonserver/lib /usr/bin/cmake --install /workspaces/isaac_ros-dev/build/gxf_isaac_messages
[18.674s] Level 1:colcon.colcon_core.environment:checking '/workspaces/isaac_ros-dev/install/gxf_isaac_messages' for CMake config files
[18.674s] Level 1:colcon.colcon_core.shell:create_environment_hook('gxf_isaac_messages', 'cmake_prefix_path')
[18.675s] INFO:colcon.colcon_core.shell:Creating environment hook '/workspaces/isaac_ros-dev/install/gxf_isaac_messages/share/gxf_isaac_messages/hook/cmake_prefix_path.ps1'
[18.675s] INFO:colcon.colcon_core.shell:Creating environment descriptor '/workspaces/isaac_ros-dev/install/gxf_isaac_messages/share/gxf_isaac_messages/hook/cmake_prefix_path.dsv'
[18.675s] INFO:colcon.colcon_core.shell:Creating environment hook '/workspaces/isaac_ros-dev/install/gxf_isaac_messages/share/gxf_isaac_messages/hook/cmake_prefix_path.sh'
[18.675s] Level 1:colcon.colcon_core.environment:checking '/workspaces/isaac_ros-dev/install/gxf_isaac_messages/bin'
[18.676s] Level 1:colcon.colcon_core.environment:checking '/workspaces/isaac_ros-dev/install/gxf_isaac_messages/lib/pkgconfig/gxf_isaac_messages.pc'
[18.676s] Level 1:colcon.colcon_core.environment:checking '/workspaces/isaac_ros-dev/install/gxf_isaac_messages/lib/python3.10/site-packages'
[18.676s] Level 1:colcon.colcon_core.environment:checking '/workspaces/isaac_ros-dev/install/gxf_isaac_messages/bin'
[18.676s] INFO:colcon.colcon_core.shell:Creating package script '/workspaces/isaac_ros-dev/install/gxf_isaac_messages/share/gxf_isaac_messages/package.ps1'
[18.676s] INFO:colcon.colcon_core.shell:Creating package descriptor '/workspaces/isaac_ros-dev/install/gxf_isaac_messages/share/gxf_isaac_messages/package.dsv'
[18.677s] INFO:colcon.colcon_core.shell:Creating package script '/workspaces/isaac_ros-dev/install/gxf_isaac_messages/share/gxf_isaac_messages/package.sh'
[18.677s] INFO:colcon.colcon_core.shell:Creating package script '/workspaces/isaac_ros-dev/install/gxf_isaac_messages/share/gxf_isaac_messages/package.bash'
[18.677s] INFO:colcon.colcon_core.shell:Creating package script '/workspaces/isaac_ros-dev/install/gxf_isaac_messages/share/gxf_isaac_messages/package.zsh'
[18.677s] Level 1:colcon.colcon_core.environment:create_file_with_runtime_dependencies(/workspaces/isaac_ros-dev/install/gxf_isaac_messages/share/colcon-core/packages/gxf_isaac_messages)
[18.678s] Level 1:colcon.colcon_core.environment:create_environment_scripts_only(gxf_isaac_messages)
[18.678s] Level 1:colcon.colcon_core.environment:checking '/workspaces/isaac_ros-dev/install/gxf_isaac_messages' for CMake module files
[18.678s] Level 1:colcon.colcon_core.environment:checking '/workspaces/isaac_ros-dev/install/gxf_isaac_messages' for CMake config files
[18.678s] Level 1:colcon.colcon_core.shell:create_environment_hook('gxf_isaac_messages', 'cmake_prefix_path')
[18.678s] INFO:colcon.colcon_core.shell:Creating environment hook '/workspaces/isaac_ros-dev/install/gxf_isaac_messages/share/gxf_isaac_messages/hook/cmake_prefix_path.ps1'
[18.679s] INFO:colcon.colcon_core.shell:Creating environment descriptor '/workspaces/isaac_ros-dev/install/gxf_isaac_messages/share/gxf_isaac_messages/hook/cmake_prefix_path.dsv'
[18.679s] INFO:colcon.colcon_core.shell:Creating environment hook '/workspaces/isaac_ros-dev/install/gxf_isaac_messages/share/gxf_isaac_messages/hook/cmake_prefix_path.sh'
[18.679s] Level 1:colcon.colcon_core.environment:checking '/workspaces/isaac_ros-dev/install/gxf_isaac_messages/bin'
[18.679s] Level 1:colcon.colcon_core.environment:checking '/workspaces/isaac_ros-dev/install/gxf_isaac_messages/lib/pkgconfig/gxf_isaac_messages.pc'
[18.679s] Level 1:colcon.colcon_core.environment:checking '/workspaces/isaac_ros-dev/install/gxf_isaac_messages/lib/python3.10/site-packages'
[18.679s] Level 1:colcon.colcon_core.environment:checking '/workspaces/isaac_ros-dev/install/gxf_isaac_messages/bin'
[18.680s] INFO:colcon.colcon_core.shell:Creating package script '/workspaces/isaac_ros-dev/install/gxf_isaac_messages/share/gxf_isaac_messages/package.ps1'
[18.680s] INFO:colcon.colcon_core.shell:Creating package descriptor '/workspaces/isaac_ros-dev/install/gxf_isaac_messages/share/gxf_isaac_messages/package.dsv'
[18.680s] INFO:colcon.colcon_core.shell:Creating package script '/workspaces/isaac_ros-dev/install/gxf_isaac_messages/share/gxf_isaac_messages/package.sh'
[18.680s] INFO:colcon.colcon_core.shell:Creating package script '/workspaces/isaac_ros-dev/install/gxf_isaac_messages/share/gxf_isaac_messages/package.bash'
[18.681s] INFO:colcon.colcon_core.shell:Creating package script '/workspaces/isaac_ros-dev/install/gxf_isaac_messages/share/gxf_isaac_messages/package.zsh'
[18.681s] Level 1:colcon.colcon_core.environment:create_file_with_runtime_dependencies(/workspaces/isaac_ros-dev/install/gxf_isaac_messages/share/colcon-core/packages/gxf_isaac_messages)
[18.681s] INFO:colcon.colcon_ros.task.ament_cmake.build:Building ROS package in '/workspaces/isaac_ros-dev/src/isaac_ros_dnn_inference/isaac_ros_gxf_extensions/gxf_isaac_tensor_rt' with build type 'ament_cmake'
[18.681s] INFO:colcon.colcon_cmake.task.cmake.build:Building CMake package in '/workspaces/isaac_ros-dev/src/isaac_ros_dnn_inference/isaac_ros_gxf_extensions/gxf_isaac_tensor_rt'
[18.681s] INFO:colcon.colcon_core.shell:Skip shell extension 'powershell' for command environment: Not usable outside of PowerShell
[18.681s] DEBUG:colcon.colcon_core.shell:Skip shell extension 'dsv' for command environment
[18.693s] DEBUG:colcon.colcon_core.event_handler.log_command:Invoking command in '/workspaces/isaac_ros-dev/build/isaac_ros_nitros': AMENT_PREFIX_PATH=/workspaces/isaac_ros-dev/install/gxf_isaac_gxf_helpers:/workspaces/isaac_ros-dev/install/gxf_isaac_atlas:/workspaces/isaac_ros-dev/install/gxf_isaac_sight:/workspaces/isaac_ros-dev/install/gxf_isaac_optimizer:/workspaces/isaac_ros-dev/install/gxf_isaac_message_compositor:/workspaces/isaac_ros-dev/install/gxf_isaac_gems:/workspaces/isaac_ros-dev/install/isaac_ros_test:/workspaces/isaac_ros-dev/install/isaac_ros_gxf:/workspaces/isaac_ros-dev/install/isaac_ros_launch_utils:/workspaces/isaac_ros-dev/install/isaac_ros_common:/workspaces/isaac_ros-dev/install/isaac_common_py:/opt/ros/humble CMAKE_PREFIX_PATH=/workspaces/isaac_ros-dev/install/gxf_isaac_gxf_helpers:/workspaces/isaac_ros-dev/install/gxf_isaac_atlas:/workspaces/isaac_ros-dev/install/gxf_isaac_sight:/workspaces/isaac_ros-dev/install/gxf_isaac_optimizer:/workspaces/isaac_ros-dev/install/gxf_isaac_message_compositor:/workspaces/isaac_ros-dev/install/gxf_isaac_gems:/workspaces/isaac_ros-dev/install/isaac_ros_gxf:/workspaces/isaac_ros-dev/install/isaac_ros_common:/usr/local/libcudss-linux-0.3.0.9_cuda12-archive:/workspaces/isaac_ros-dev/install/isaac_ros_test:/workspaces/isaac_ros-dev/install/isaac_ros_launch_utils:/workspaces/isaac_ros-dev/install/isaac_common_py:/opt/ros/humble LD_LIBRARY_PATH=/workspaces/isaac_ros-dev/install/gxf_isaac_gxf_helpers/lib:/workspaces/isaac_ros-dev/install/gxf_isaac_atlas/lib:/workspaces/isaac_ros-dev/install/gxf_isaac_sight/lib:/workspaces/isaac_ros-dev/install/gxf_isaac_optimizer/lib:/workspaces/isaac_ros-dev/install/gxf_isaac_message_compositor/lib:/workspaces/isaac_ros-dev/install/gxf_isaac_gems/lib:/workspaces/isaac_ros-dev/install/isaac_ros_gxf/lib:/workspaces/isaac_ros-dev/install/isaac_ros_common/lib:/opt/ros/humble/opt/openvdb_vendor/lib:/opt/ros/humble/opt/rviz_ogre_vendor/lib:/opt/ros/humble/lib/x86_64-linux-gnu:/opt/ros/humble/lib:/usr/local/libcudss-linux-0.3.0.9_cuda12-archive/lib:/opt/hpcx/ucc/lib/:/opt/hpcx/ucx/lib/:/usr/local/cuda/compat/lib:/usr/local/nvidia/lib:/usr/local/nvidia/lib64:/opt/tritonserver/lib PYTHONPATH=/workspaces/isaac_ros-dev/build/isaac_ros_test:/workspaces/isaac_ros-dev/install/isaac_ros_test/lib/python3.10/site-packages:/workspaces/isaac_ros-dev/build/isaac_ros_launch_utils:/workspaces/isaac_ros-dev/install/isaac_ros_launch_utils/lib/python3.10/site-packages:/workspaces/isaac_ros-dev/install/isaac_ros_common/local/lib/python3.10/dist-packages:/workspaces/isaac_ros-dev/build/isaac_common_py:/workspaces/isaac_ros-dev/install/isaac_common_py/lib/python3.10/site-packages:/opt/ros/humble/lib/python3.10/site-packages:/opt/ros/humble/local/lib/python3.10/dist-packages:/opt/ros/humble/vcstool:/opt/tritonserver/backends/dali/wheel/dali /usr/bin/cmake /workspaces/isaac_ros-dev/src/isaac_ros_nitros/isaac_ros_nitros -DBUILD_TESTING=OFF -DAMENT_CMAKE_SYMLINK_INSTALL=1 -DCMAKE_INSTALL_PREFIX=/workspaces/isaac_ros-dev/install/isaac_ros_nitros
[18.696s] DEBUG:colcon.colcon_core.event_handler.log_command:Invoking command in '/workspaces/isaac_ros-dev/build/gxf_isaac_tensor_rt': AMENT_PREFIX_PATH=/workspaces/isaac_ros-dev/install/gxf_isaac_messages:/workspaces/isaac_ros-dev/install/gxf_isaac_gems:/workspaces/isaac_ros-dev/install/isaac_ros_gxf:${AMENT_PREFIX_PATH} CMAKE_PREFIX_PATH=/workspaces/isaac_ros-dev/install/gxf_isaac_messages:/workspaces/isaac_ros-dev/install/gxf_isaac_gems:/workspaces/isaac_ros-dev/install/isaac_ros_gxf:/workspaces/isaac_ros-dev/install/isaac_ros_common:/usr/local/libcudss-linux-0.3.0.9_cuda12-archive:/workspaces/isaac_ros-dev/install/isaac_ros_test:/workspaces/isaac_ros-dev/install/isaac_ros_launch_utils:/workspaces/isaac_ros-dev/install/isaac_common_py:/opt/ros/humble LD_LIBRARY_PATH=/workspaces/isaac_ros-dev/install/gxf_isaac_messages/lib:/workspaces/isaac_ros-dev/install/gxf_isaac_gems/lib:/workspaces/isaac_ros-dev/install/isaac_ros_gxf/lib:/workspaces/isaac_ros-dev/install/isaac_ros_common/lib:/opt/ros/humble/opt/openvdb_vendor/lib:/opt/ros/humble/opt/rviz_ogre_vendor/lib:/opt/ros/humble/lib/x86_64-linux-gnu:/opt/ros/humble/lib:/usr/local/libcudss-linux-0.3.0.9_cuda12-archive/lib:/opt/hpcx/ucc/lib/:/opt/hpcx/ucx/lib/:/usr/local/cuda/compat/lib:/usr/local/nvidia/lib:/usr/local/nvidia/lib64:/opt/tritonserver/lib /usr/bin/cmake /workspaces/isaac_ros-dev/src/isaac_ros_dnn_inference/isaac_ros_gxf_extensions/gxf_isaac_tensor_rt -DBUILD_TESTING=OFF -DAMENT_CMAKE_SYMLINK_INSTALL=1 -DCMAKE_INSTALL_PREFIX=/workspaces/isaac_ros-dev/install/gxf_isaac_tensor_rt
[20.294s] DEBUG:colcon.colcon_core.event_handler.log_command:Invoked command in '/workspaces/isaac_ros-dev/build/gxf_isaac_tensor_rt' returned '0': AMENT_PREFIX_PATH=/workspaces/isaac_ros-dev/install/gxf_isaac_messages:/workspaces/isaac_ros-dev/install/gxf_isaac_gems:/workspaces/isaac_ros-dev/install/isaac_ros_gxf:${AMENT_PREFIX_PATH} CMAKE_PREFIX_PATH=/workspaces/isaac_ros-dev/install/gxf_isaac_messages:/workspaces/isaac_ros-dev/install/gxf_isaac_gems:/workspaces/isaac_ros-dev/install/isaac_ros_gxf:/workspaces/isaac_ros-dev/install/isaac_ros_common:/usr/local/libcudss-linux-0.3.0.9_cuda12-archive:/workspaces/isaac_ros-dev/install/isaac_ros_test:/workspaces/isaac_ros-dev/install/isaac_ros_launch_utils:/workspaces/isaac_ros-dev/install/isaac_common_py:/opt/ros/humble LD_LIBRARY_PATH=/workspaces/isaac_ros-dev/install/gxf_isaac_messages/lib:/workspaces/isaac_ros-dev/install/gxf_isaac_gems/lib:/workspaces/isaac_ros-dev/install/isaac_ros_gxf/lib:/workspaces/isaac_ros-dev/install/isaac_ros_common/lib:/opt/ros/humble/opt/openvdb_vendor/lib:/opt/ros/humble/opt/rviz_ogre_vendor/lib:/opt/ros/humble/lib/x86_64-linux-gnu:/opt/ros/humble/lib:/usr/local/libcudss-linux-0.3.0.9_cuda12-archive/lib:/opt/hpcx/ucc/lib/:/opt/hpcx/ucx/lib/:/usr/local/cuda/compat/lib:/usr/local/nvidia/lib:/usr/local/nvidia/lib64:/opt/tritonserver/lib /usr/bin/cmake /workspaces/isaac_ros-dev/src/isaac_ros_dnn_inference/isaac_ros_gxf_extensions/gxf_isaac_tensor_rt -DBUILD_TESTING=OFF -DAMENT_CMAKE_SYMLINK_INSTALL=1 -DCMAKE_INSTALL_PREFIX=/workspaces/isaac_ros-dev/install/gxf_isaac_tensor_rt
[20.296s] DEBUG:colcon.colcon_core.event_handler.log_command:Invoking command in '/workspaces/isaac_ros-dev/build/gxf_isaac_tensor_rt': AMENT_PREFIX_PATH=/workspaces/isaac_ros-dev/install/gxf_isaac_messages:/workspaces/isaac_ros-dev/install/gxf_isaac_gems:/workspaces/isaac_ros-dev/install/isaac_ros_gxf:${AMENT_PREFIX_PATH} CMAKE_PREFIX_PATH=/workspaces/isaac_ros-dev/install/gxf_isaac_messages:/workspaces/isaac_ros-dev/install/gxf_isaac_gems:/workspaces/isaac_ros-dev/install/isaac_ros_gxf:/workspaces/isaac_ros-dev/install/isaac_ros_common:/usr/local/libcudss-linux-0.3.0.9_cuda12-archive:/workspaces/isaac_ros-dev/install/isaac_ros_test:/workspaces/isaac_ros-dev/install/isaac_ros_launch_utils:/workspaces/isaac_ros-dev/install/isaac_common_py:/opt/ros/humble LD_LIBRARY_PATH=/workspaces/isaac_ros-dev/install/gxf_isaac_messages/lib:/workspaces/isaac_ros-dev/install/gxf_isaac_gems/lib:/workspaces/isaac_ros-dev/install/isaac_ros_gxf/lib:/workspaces/isaac_ros-dev/install/isaac_ros_common/lib:/opt/ros/humble/opt/openvdb_vendor/lib:/opt/ros/humble/opt/rviz_ogre_vendor/lib:/opt/ros/humble/lib/x86_64-linux-gnu:/opt/ros/humble/lib:/usr/local/libcudss-linux-0.3.0.9_cuda12-archive/lib:/opt/hpcx/ucc/lib/:/opt/hpcx/ucx/lib/:/usr/local/cuda/compat/lib:/usr/local/nvidia/lib:/usr/local/nvidia/lib64:/opt/tritonserver/lib /usr/bin/cmake --build /workspaces/isaac_ros-dev/build/gxf_isaac_tensor_rt -- -j16 -l16
[20.297s] DEBUG:colcon.colcon_core.event_handler.log_command:Invoked command in '/workspaces/isaac_ros-dev/build/isaac_ros_nitros' returned '0': AMENT_PREFIX_PATH=/workspaces/isaac_ros-dev/install/gxf_isaac_gxf_helpers:/workspaces/isaac_ros-dev/install/gxf_isaac_atlas:/workspaces/isaac_ros-dev/install/gxf_isaac_sight:/workspaces/isaac_ros-dev/install/gxf_isaac_optimizer:/workspaces/isaac_ros-dev/install/gxf_isaac_message_compositor:/workspaces/isaac_ros-dev/install/gxf_isaac_gems:/workspaces/isaac_ros-dev/install/isaac_ros_test:/workspaces/isaac_ros-dev/install/isaac_ros_gxf:/workspaces/isaac_ros-dev/install/isaac_ros_launch_utils:/workspaces/isaac_ros-dev/install/isaac_ros_common:/workspaces/isaac_ros-dev/install/isaac_common_py:/opt/ros/humble CMAKE_PREFIX_PATH=/workspaces/isaac_ros-dev/install/gxf_isaac_gxf_helpers:/workspaces/isaac_ros-dev/install/gxf_isaac_atlas:/workspaces/isaac_ros-dev/install/gxf_isaac_sight:/workspaces/isaac_ros-dev/install/gxf_isaac_optimizer:/workspaces/isaac_ros-dev/install/gxf_isaac_message_compositor:/workspaces/isaac_ros-dev/install/gxf_isaac_gems:/workspaces/isaac_ros-dev/install/isaac_ros_gxf:/workspaces/isaac_ros-dev/install/isaac_ros_common:/usr/local/libcudss-linux-0.3.0.9_cuda12-archive:/workspaces/isaac_ros-dev/install/isaac_ros_test:/workspaces/isaac_ros-dev/install/isaac_ros_launch_utils:/workspaces/isaac_ros-dev/install/isaac_common_py:/opt/ros/humble LD_LIBRARY_PATH=/workspaces/isaac_ros-dev/install/gxf_isaac_gxf_helpers/lib:/workspaces/isaac_ros-dev/install/gxf_isaac_atlas/lib:/workspaces/isaac_ros-dev/install/gxf_isaac_sight/lib:/workspaces/isaac_ros-dev/install/gxf_isaac_optimizer/lib:/workspaces/isaac_ros-dev/install/gxf_isaac_message_compositor/lib:/workspaces/isaac_ros-dev/install/gxf_isaac_gems/lib:/workspaces/isaac_ros-dev/install/isaac_ros_gxf/lib:/workspaces/isaac_ros-dev/install/isaac_ros_common/lib:/opt/ros/humble/opt/openvdb_vendor/lib:/opt/ros/humble/opt/rviz_ogre_vendor/lib:/opt/ros/humble/lib/x86_64-linux-gnu:/opt/ros/humble/lib:/usr/local/libcudss-linux-0.3.0.9_cuda12-archive/lib:/opt/hpcx/ucc/lib/:/opt/hpcx/ucx/lib/:/usr/local/cuda/compat/lib:/usr/local/nvidia/lib:/usr/local/nvidia/lib64:/opt/tritonserver/lib PYTHONPATH=/workspaces/isaac_ros-dev/build/isaac_ros_test:/workspaces/isaac_ros-dev/install/isaac_ros_test/lib/python3.10/site-packages:/workspaces/isaac_ros-dev/build/isaac_ros_launch_utils:/workspaces/isaac_ros-dev/install/isaac_ros_launch_utils/lib/python3.10/site-packages:/workspaces/isaac_ros-dev/install/isaac_ros_common/local/lib/python3.10/dist-packages:/workspaces/isaac_ros-dev/build/isaac_common_py:/workspaces/isaac_ros-dev/install/isaac_common_py/lib/python3.10/site-packages:/opt/ros/humble/lib/python3.10/site-packages:/opt/ros/humble/local/lib/python3.10/dist-packages:/opt/ros/humble/vcstool:/opt/tritonserver/backends/dali/wheel/dali /usr/bin/cmake /workspaces/isaac_ros-dev/src/isaac_ros_nitros/isaac_ros_nitros -DBUILD_TESTING=OFF -DAMENT_CMAKE_SYMLINK_INSTALL=1 -DCMAKE_INSTALL_PREFIX=/workspaces/isaac_ros-dev/install/isaac_ros_nitros
[20.298s] DEBUG:colcon.colcon_core.event_handler.log_command:Invoking command in '/workspaces/isaac_ros-dev/build/isaac_ros_nitros': AMENT_PREFIX_PATH=/workspaces/isaac_ros-dev/install/gxf_isaac_gxf_helpers:/workspaces/isaac_ros-dev/install/gxf_isaac_atlas:/workspaces/isaac_ros-dev/install/gxf_isaac_sight:/workspaces/isaac_ros-dev/install/gxf_isaac_optimizer:/workspaces/isaac_ros-dev/install/gxf_isaac_message_compositor:/workspaces/isaac_ros-dev/install/gxf_isaac_gems:/workspaces/isaac_ros-dev/install/isaac_ros_test:/workspaces/isaac_ros-dev/install/isaac_ros_gxf:/workspaces/isaac_ros-dev/install/isaac_ros_launch_utils:/workspaces/isaac_ros-dev/install/isaac_ros_common:/workspaces/isaac_ros-dev/install/isaac_common_py:/opt/ros/humble CMAKE_PREFIX_PATH=/workspaces/isaac_ros-dev/install/gxf_isaac_gxf_helpers:/workspaces/isaac_ros-dev/install/gxf_isaac_atlas:/workspaces/isaac_ros-dev/install/gxf_isaac_sight:/workspaces/isaac_ros-dev/install/gxf_isaac_optimizer:/workspaces/isaac_ros-dev/install/gxf_isaac_message_compositor:/workspaces/isaac_ros-dev/install/gxf_isaac_gems:/workspaces/isaac_ros-dev/install/isaac_ros_gxf:/workspaces/isaac_ros-dev/install/isaac_ros_common:/usr/local/libcudss-linux-0.3.0.9_cuda12-archive:/workspaces/isaac_ros-dev/install/isaac_ros_test:/workspaces/isaac_ros-dev/install/isaac_ros_launch_utils:/workspaces/isaac_ros-dev/install/isaac_common_py:/opt/ros/humble LD_LIBRARY_PATH=/workspaces/isaac_ros-dev/install/gxf_isaac_gxf_helpers/lib:/workspaces/isaac_ros-dev/install/gxf_isaac_atlas/lib:/workspaces/isaac_ros-dev/install/gxf_isaac_sight/lib:/workspaces/isaac_ros-dev/install/gxf_isaac_optimizer/lib:/workspaces/isaac_ros-dev/install/gxf_isaac_message_compositor/lib:/workspaces/isaac_ros-dev/install/gxf_isaac_gems/lib:/workspaces/isaac_ros-dev/install/isaac_ros_gxf/lib:/workspaces/isaac_ros-dev/install/isaac_ros_common/lib:/opt/ros/humble/opt/openvdb_vendor/lib:/opt/ros/humble/opt/rviz_ogre_vendor/lib:/opt/ros/humble/lib/x86_64-linux-gnu:/opt/ros/humble/lib:/usr/local/libcudss-linux-0.3.0.9_cuda12-archive/lib:/opt/hpcx/ucc/lib/:/opt/hpcx/ucx/lib/:/usr/local/cuda/compat/lib:/usr/local/nvidia/lib:/usr/local/nvidia/lib64:/opt/tritonserver/lib PYTHONPATH=/workspaces/isaac_ros-dev/build/isaac_ros_test:/workspaces/isaac_ros-dev/install/isaac_ros_test/lib/python3.10/site-packages:/workspaces/isaac_ros-dev/build/isaac_ros_launch_utils:/workspaces/isaac_ros-dev/install/isaac_ros_launch_utils/lib/python3.10/site-packages:/workspaces/isaac_ros-dev/install/isaac_ros_common/local/lib/python3.10/dist-packages:/workspaces/isaac_ros-dev/build/isaac_common_py:/workspaces/isaac_ros-dev/install/isaac_common_py/lib/python3.10/site-packages:/opt/ros/humble/lib/python3.10/site-packages:/opt/ros/humble/local/lib/python3.10/dist-packages:/opt/ros/humble/vcstool:/opt/tritonserver/backends/dali/wheel/dali /usr/bin/cmake --build /workspaces/isaac_ros-dev/build/isaac_ros_nitros -- -j16 -l16
[26.497s] DEBUG:colcon.colcon_core.event_handler.log_command:Invoked command in '/workspaces/isaac_ros-dev/build/gxf_isaac_tensor_rt' returned '0': AMENT_PREFIX_PATH=/workspaces/isaac_ros-dev/install/gxf_isaac_messages:/workspaces/isaac_ros-dev/install/gxf_isaac_gems:/workspaces/isaac_ros-dev/install/isaac_ros_gxf:${AMENT_PREFIX_PATH} CMAKE_PREFIX_PATH=/workspaces/isaac_ros-dev/install/gxf_isaac_messages:/workspaces/isaac_ros-dev/install/gxf_isaac_gems:/workspaces/isaac_ros-dev/install/isaac_ros_gxf:/workspaces/isaac_ros-dev/install/isaac_ros_common:/usr/local/libcudss-linux-0.3.0.9_cuda12-archive:/workspaces/isaac_ros-dev/install/isaac_ros_test:/workspaces/isaac_ros-dev/install/isaac_ros_launch_utils:/workspaces/isaac_ros-dev/install/isaac_common_py:/opt/ros/humble LD_LIBRARY_PATH=/workspaces/isaac_ros-dev/install/gxf_isaac_messages/lib:/workspaces/isaac_ros-dev/install/gxf_isaac_gems/lib:/workspaces/isaac_ros-dev/install/isaac_ros_gxf/lib:/workspaces/isaac_ros-dev/install/isaac_ros_common/lib:/opt/ros/humble/opt/openvdb_vendor/lib:/opt/ros/humble/opt/rviz_ogre_vendor/lib:/opt/ros/humble/lib/x86_64-linux-gnu:/opt/ros/humble/lib:/usr/local/libcudss-linux-0.3.0.9_cuda12-archive/lib:/opt/hpcx/ucc/lib/:/opt/hpcx/ucx/lib/:/usr/local/cuda/compat/lib:/usr/local/nvidia/lib:/usr/local/nvidia/lib64:/opt/tritonserver/lib /usr/bin/cmake --build /workspaces/isaac_ros-dev/build/gxf_isaac_tensor_rt -- -j16 -l16
[26.499s] DEBUG:colcon.colcon_core.event_handler.log_command:Invoking command in '/workspaces/isaac_ros-dev/build/gxf_isaac_tensor_rt': AMENT_PREFIX_PATH=/workspaces/isaac_ros-dev/install/gxf_isaac_messages:/workspaces/isaac_ros-dev/install/gxf_isaac_gems:/workspaces/isaac_ros-dev/install/isaac_ros_gxf:${AMENT_PREFIX_PATH} CMAKE_PREFIX_PATH=/workspaces/isaac_ros-dev/install/gxf_isaac_messages:/workspaces/isaac_ros-dev/install/gxf_isaac_gems:/workspaces/isaac_ros-dev/install/isaac_ros_gxf:/workspaces/isaac_ros-dev/install/isaac_ros_common:/usr/local/libcudss-linux-0.3.0.9_cuda12-archive:/workspaces/isaac_ros-dev/install/isaac_ros_test:/workspaces/isaac_ros-dev/install/isaac_ros_launch_utils:/workspaces/isaac_ros-dev/install/isaac_common_py:/opt/ros/humble LD_LIBRARY_PATH=/workspaces/isaac_ros-dev/install/gxf_isaac_messages/lib:/workspaces/isaac_ros-dev/install/gxf_isaac_gems/lib:/workspaces/isaac_ros-dev/install/isaac_ros_gxf/lib:/workspaces/isaac_ros-dev/install/isaac_ros_common/lib:/opt/ros/humble/opt/openvdb_vendor/lib:/opt/ros/humble/opt/rviz_ogre_vendor/lib:/opt/ros/humble/lib/x86_64-linux-gnu:/opt/ros/humble/lib:/usr/local/libcudss-linux-0.3.0.9_cuda12-archive/lib:/opt/hpcx/ucc/lib/:/opt/hpcx/ucx/lib/:/usr/local/cuda/compat/lib:/usr/local/nvidia/lib:/usr/local/nvidia/lib64:/opt/tritonserver/lib /usr/bin/cmake --install /workspaces/isaac_ros-dev/build/gxf_isaac_tensor_rt
[26.672s] Level 1:colcon.colcon_core.environment:create_environment_scripts_only(gxf_isaac_tensor_rt)
[26.673s] Level 1:colcon.colcon_core.environment:checking '/workspaces/isaac_ros-dev/install/gxf_isaac_tensor_rt' for CMake module files
[26.673s] DEBUG:colcon.colcon_core.event_handler.log_command:Invoked command in '/workspaces/isaac_ros-dev/build/gxf_isaac_tensor_rt' returned '0': AMENT_PREFIX_PATH=/workspaces/isaac_ros-dev/install/gxf_isaac_messages:/workspaces/isaac_ros-dev/install/gxf_isaac_gems:/workspaces/isaac_ros-dev/install/isaac_ros_gxf:${AMENT_PREFIX_PATH} CMAKE_PREFIX_PATH=/workspaces/isaac_ros-dev/install/gxf_isaac_messages:/workspaces/isaac_ros-dev/install/gxf_isaac_gems:/workspaces/isaac_ros-dev/install/isaac_ros_gxf:/workspaces/isaac_ros-dev/install/isaac_ros_common:/usr/local/libcudss-linux-0.3.0.9_cuda12-archive:/workspaces/isaac_ros-dev/install/isaac_ros_test:/workspaces/isaac_ros-dev/install/isaac_ros_launch_utils:/workspaces/isaac_ros-dev/install/isaac_common_py:/opt/ros/humble LD_LIBRARY_PATH=/workspaces/isaac_ros-dev/install/gxf_isaac_messages/lib:/workspaces/isaac_ros-dev/install/gxf_isaac_gems/lib:/workspaces/isaac_ros-dev/install/isaac_ros_gxf/lib:/workspaces/isaac_ros-dev/install/isaac_ros_common/lib:/opt/ros/humble/opt/openvdb_vendor/lib:/opt/ros/humble/opt/rviz_ogre_vendor/lib:/opt/ros/humble/lib/x86_64-linux-gnu:/opt/ros/humble/lib:/usr/local/libcudss-linux-0.3.0.9_cuda12-archive/lib:/opt/hpcx/ucc/lib/:/opt/hpcx/ucx/lib/:/usr/local/cuda/compat/lib:/usr/local/nvidia/lib:/usr/local/nvidia/lib64:/opt/tritonserver/lib /usr/bin/cmake --install /workspaces/isaac_ros-dev/build/gxf_isaac_tensor_rt
[26.673s] Level 1:colcon.colcon_core.environment:checking '/workspaces/isaac_ros-dev/install/gxf_isaac_tensor_rt' for CMake config files
[26.674s] Level 1:colcon.colcon_core.shell:create_environment_hook('gxf_isaac_tensor_rt', 'cmake_prefix_path')
[26.674s] INFO:colcon.colcon_core.shell:Creating environment hook '/workspaces/isaac_ros-dev/install/gxf_isaac_tensor_rt/share/gxf_isaac_tensor_rt/hook/cmake_prefix_path.ps1'
[26.674s] INFO:colcon.colcon_core.shell:Creating environment descriptor '/workspaces/isaac_ros-dev/install/gxf_isaac_tensor_rt/share/gxf_isaac_tensor_rt/hook/cmake_prefix_path.dsv'
[26.674s] INFO:colcon.colcon_core.shell:Creating environment hook '/workspaces/isaac_ros-dev/install/gxf_isaac_tensor_rt/share/gxf_isaac_tensor_rt/hook/cmake_prefix_path.sh'
[26.675s] Level 1:colcon.colcon_core.environment:checking '/workspaces/isaac_ros-dev/install/gxf_isaac_tensor_rt/lib'
[26.675s] Level 1:colcon.colcon_core.shell:create_environment_hook('gxf_isaac_tensor_rt', 'ld_library_path_lib')
[26.675s] INFO:colcon.colcon_core.shell:Creating environment hook '/workspaces/isaac_ros-dev/install/gxf_isaac_tensor_rt/share/gxf_isaac_tensor_rt/hook/ld_library_path_lib.ps1'
[26.675s] INFO:colcon.colcon_core.shell:Creating environment descriptor '/workspaces/isaac_ros-dev/install/gxf_isaac_tensor_rt/share/gxf_isaac_tensor_rt/hook/ld_library_path_lib.dsv'
[26.675s] INFO:colcon.colcon_core.shell:Creating environment hook '/workspaces/isaac_ros-dev/install/gxf_isaac_tensor_rt/share/gxf_isaac_tensor_rt/hook/ld_library_path_lib.sh'
[26.675s] Level 1:colcon.colcon_core.environment:checking '/workspaces/isaac_ros-dev/install/gxf_isaac_tensor_rt/bin'
[26.676s] Level 1:colcon.colcon_core.environment:checking '/workspaces/isaac_ros-dev/install/gxf_isaac_tensor_rt/lib/pkgconfig/gxf_isaac_tensor_rt.pc'
[26.676s] Level 1:colcon.colcon_core.environment:checking '/workspaces/isaac_ros-dev/install/gxf_isaac_tensor_rt/lib/python3.10/site-packages'
[26.676s] Level 1:colcon.colcon_core.environment:checking '/workspaces/isaac_ros-dev/install/gxf_isaac_tensor_rt/bin'
[26.676s] INFO:colcon.colcon_core.shell:Creating package script '/workspaces/isaac_ros-dev/install/gxf_isaac_tensor_rt/share/gxf_isaac_tensor_rt/package.ps1'
[26.676s] INFO:colcon.colcon_core.shell:Creating package descriptor '/workspaces/isaac_ros-dev/install/gxf_isaac_tensor_rt/share/gxf_isaac_tensor_rt/package.dsv'
[26.677s] INFO:colcon.colcon_core.shell:Creating package script '/workspaces/isaac_ros-dev/install/gxf_isaac_tensor_rt/share/gxf_isaac_tensor_rt/package.sh'
[26.677s] INFO:colcon.colcon_core.shell:Creating package script '/workspaces/isaac_ros-dev/install/gxf_isaac_tensor_rt/share/gxf_isaac_tensor_rt/package.bash'
[26.677s] INFO:colcon.colcon_core.shell:Creating package script '/workspaces/isaac_ros-dev/install/gxf_isaac_tensor_rt/share/gxf_isaac_tensor_rt/package.zsh'
[26.677s] Level 1:colcon.colcon_core.environment:create_file_with_runtime_dependencies(/workspaces/isaac_ros-dev/install/gxf_isaac_tensor_rt/share/colcon-core/packages/gxf_isaac_tensor_rt)
[26.678s] Level 1:colcon.colcon_core.environment:create_environment_scripts_only(gxf_isaac_tensor_rt)
[26.678s] Level 1:colcon.colcon_core.environment:checking '/workspaces/isaac_ros-dev/install/gxf_isaac_tensor_rt' for CMake module files
[26.678s] Level 1:colcon.colcon_core.environment:checking '/workspaces/isaac_ros-dev/install/gxf_isaac_tensor_rt' for CMake config files
[26.678s] Level 1:colcon.colcon_core.shell:create_environment_hook('gxf_isaac_tensor_rt', 'cmake_prefix_path')
[26.678s] INFO:colcon.colcon_core.shell:Creating environment hook '/workspaces/isaac_ros-dev/install/gxf_isaac_tensor_rt/share/gxf_isaac_tensor_rt/hook/cmake_prefix_path.ps1'
[26.679s] INFO:colcon.colcon_core.shell:Creating environment descriptor '/workspaces/isaac_ros-dev/install/gxf_isaac_tensor_rt/share/gxf_isaac_tensor_rt/hook/cmake_prefix_path.dsv'
[26.679s] INFO:colcon.colcon_core.shell:Creating environment hook '/workspaces/isaac_ros-dev/install/gxf_isaac_tensor_rt/share/gxf_isaac_tensor_rt/hook/cmake_prefix_path.sh'
[26.679s] Level 1:colcon.colcon_core.environment:checking '/workspaces/isaac_ros-dev/install/gxf_isaac_tensor_rt/lib'
[26.679s] Level 1:colcon.colcon_core.shell:create_environment_hook('gxf_isaac_tensor_rt', 'ld_library_path_lib')
[26.679s] INFO:colcon.colcon_core.shell:Creating environment hook '/workspaces/isaac_ros-dev/install/gxf_isaac_tensor_rt/share/gxf_isaac_tensor_rt/hook/ld_library_path_lib.ps1'
[26.680s] INFO:colcon.colcon_core.shell:Creating environment descriptor '/workspaces/isaac_ros-dev/install/gxf_isaac_tensor_rt/share/gxf_isaac_tensor_rt/hook/ld_library_path_lib.dsv'
[26.681s] INFO:colcon.colcon_core.shell:Creating environment hook '/workspaces/isaac_ros-dev/install/gxf_isaac_tensor_rt/share/gxf_isaac_tensor_rt/hook/ld_library_path_lib.sh'
[26.681s] Level 1:colcon.colcon_core.environment:checking '/workspaces/isaac_ros-dev/install/gxf_isaac_tensor_rt/bin'
[26.681s] Level 1:colcon.colcon_core.environment:checking '/workspaces/isaac_ros-dev/install/gxf_isaac_tensor_rt/lib/pkgconfig/gxf_isaac_tensor_rt.pc'
[26.682s] Level 1:colcon.colcon_core.environment:checking '/workspaces/isaac_ros-dev/install/gxf_isaac_tensor_rt/lib/python3.10/site-packages'
[26.682s] Level 1:colcon.colcon_core.environment:checking '/workspaces/isaac_ros-dev/install/gxf_isaac_tensor_rt/bin'
[26.683s] INFO:colcon.colcon_core.shell:Creating package script '/workspaces/isaac_ros-dev/install/gxf_isaac_tensor_rt/share/gxf_isaac_tensor_rt/package.ps1'
[26.683s] INFO:colcon.colcon_core.shell:Creating package descriptor '/workspaces/isaac_ros-dev/install/gxf_isaac_tensor_rt/share/gxf_isaac_tensor_rt/package.dsv'
[26.684s] INFO:colcon.colcon_core.shell:Creating package script '/workspaces/isaac_ros-dev/install/gxf_isaac_tensor_rt/share/gxf_isaac_tensor_rt/package.sh'
[26.685s] INFO:colcon.colcon_core.shell:Creating package script '/workspaces/isaac_ros-dev/install/gxf_isaac_tensor_rt/share/gxf_isaac_tensor_rt/package.bash'
[26.685s] INFO:colcon.colcon_core.shell:Creating package script '/workspaces/isaac_ros-dev/install/gxf_isaac_tensor_rt/share/gxf_isaac_tensor_rt/package.zsh'
[26.686s] Level 1:colcon.colcon_core.environment:create_file_with_runtime_dependencies(/workspaces/isaac_ros-dev/install/gxf_isaac_tensor_rt/share/colcon-core/packages/gxf_isaac_tensor_rt)
[28.132s] DEBUG:colcon.colcon_core.event_handler.log_command:Invoked command in '/workspaces/isaac_ros-dev/build/isaac_ros_nitros' returned '0': AMENT_PREFIX_PATH=/workspaces/isaac_ros-dev/install/gxf_isaac_gxf_helpers:/workspaces/isaac_ros-dev/install/gxf_isaac_atlas:/workspaces/isaac_ros-dev/install/gxf_isaac_sight:/workspaces/isaac_ros-dev/install/gxf_isaac_optimizer:/workspaces/isaac_ros-dev/install/gxf_isaac_message_compositor:/workspaces/isaac_ros-dev/install/gxf_isaac_gems:/workspaces/isaac_ros-dev/install/isaac_ros_test:/workspaces/isaac_ros-dev/install/isaac_ros_gxf:/workspaces/isaac_ros-dev/install/isaac_ros_launch_utils:/workspaces/isaac_ros-dev/install/isaac_ros_common:/workspaces/isaac_ros-dev/install/isaac_common_py:/opt/ros/humble CMAKE_PREFIX_PATH=/workspaces/isaac_ros-dev/install/gxf_isaac_gxf_helpers:/workspaces/isaac_ros-dev/install/gxf_isaac_atlas:/workspaces/isaac_ros-dev/install/gxf_isaac_sight:/workspaces/isaac_ros-dev/install/gxf_isaac_optimizer:/workspaces/isaac_ros-dev/install/gxf_isaac_message_compositor:/workspaces/isaac_ros-dev/install/gxf_isaac_gems:/workspaces/isaac_ros-dev/install/isaac_ros_gxf:/workspaces/isaac_ros-dev/install/isaac_ros_common:/usr/local/libcudss-linux-0.3.0.9_cuda12-archive:/workspaces/isaac_ros-dev/install/isaac_ros_test:/workspaces/isaac_ros-dev/install/isaac_ros_launch_utils:/workspaces/isaac_ros-dev/install/isaac_common_py:/opt/ros/humble LD_LIBRARY_PATH=/workspaces/isaac_ros-dev/install/gxf_isaac_gxf_helpers/lib:/workspaces/isaac_ros-dev/install/gxf_isaac_atlas/lib:/workspaces/isaac_ros-dev/install/gxf_isaac_sight/lib:/workspaces/isaac_ros-dev/install/gxf_isaac_optimizer/lib:/workspaces/isaac_ros-dev/install/gxf_isaac_message_compositor/lib:/workspaces/isaac_ros-dev/install/gxf_isaac_gems/lib:/workspaces/isaac_ros-dev/install/isaac_ros_gxf/lib:/workspaces/isaac_ros-dev/install/isaac_ros_common/lib:/opt/ros/humble/opt/openvdb_vendor/lib:/opt/ros/humble/opt/rviz_ogre_vendor/lib:/opt/ros/humble/lib/x86_64-linux-gnu:/opt/ros/humble/lib:/usr/local/libcudss-linux-0.3.0.9_cuda12-archive/lib:/opt/hpcx/ucc/lib/:/opt/hpcx/ucx/lib/:/usr/local/cuda/compat/lib:/usr/local/nvidia/lib:/usr/local/nvidia/lib64:/opt/tritonserver/lib PYTHONPATH=/workspaces/isaac_ros-dev/build/isaac_ros_test:/workspaces/isaac_ros-dev/install/isaac_ros_test/lib/python3.10/site-packages:/workspaces/isaac_ros-dev/build/isaac_ros_launch_utils:/workspaces/isaac_ros-dev/install/isaac_ros_launch_utils/lib/python3.10/site-packages:/workspaces/isaac_ros-dev/install/isaac_ros_common/local/lib/python3.10/dist-packages:/workspaces/isaac_ros-dev/build/isaac_common_py:/workspaces/isaac_ros-dev/install/isaac_common_py/lib/python3.10/site-packages:/opt/ros/humble/lib/python3.10/site-packages:/opt/ros/humble/local/lib/python3.10/dist-packages:/opt/ros/humble/vcstool:/opt/tritonserver/backends/dali/wheel/dali /usr/bin/cmake --build /workspaces/isaac_ros-dev/build/isaac_ros_nitros -- -j16 -l16
[28.134s] DEBUG:colcon.colcon_core.event_handler.log_command:Invoking command in '/workspaces/isaac_ros-dev/build/isaac_ros_nitros': AMENT_PREFIX_PATH=/workspaces/isaac_ros-dev/install/gxf_isaac_gxf_helpers:/workspaces/isaac_ros-dev/install/gxf_isaac_atlas:/workspaces/isaac_ros-dev/install/gxf_isaac_sight:/workspaces/isaac_ros-dev/install/gxf_isaac_optimizer:/workspaces/isaac_ros-dev/install/gxf_isaac_message_compositor:/workspaces/isaac_ros-dev/install/gxf_isaac_gems:/workspaces/isaac_ros-dev/install/isaac_ros_test:/workspaces/isaac_ros-dev/install/isaac_ros_gxf:/workspaces/isaac_ros-dev/install/isaac_ros_launch_utils:/workspaces/isaac_ros-dev/install/isaac_ros_common:/workspaces/isaac_ros-dev/install/isaac_common_py:/opt/ros/humble CMAKE_PREFIX_PATH=/workspaces/isaac_ros-dev/install/gxf_isaac_gxf_helpers:/workspaces/isaac_ros-dev/install/gxf_isaac_atlas:/workspaces/isaac_ros-dev/install/gxf_isaac_sight:/workspaces/isaac_ros-dev/install/gxf_isaac_optimizer:/workspaces/isaac_ros-dev/install/gxf_isaac_message_compositor:/workspaces/isaac_ros-dev/install/gxf_isaac_gems:/workspaces/isaac_ros-dev/install/isaac_ros_gxf:/workspaces/isaac_ros-dev/install/isaac_ros_common:/usr/local/libcudss-linux-0.3.0.9_cuda12-archive:/workspaces/isaac_ros-dev/install/isaac_ros_test:/workspaces/isaac_ros-dev/install/isaac_ros_launch_utils:/workspaces/isaac_ros-dev/install/isaac_common_py:/opt/ros/humble LD_LIBRARY_PATH=/workspaces/isaac_ros-dev/install/gxf_isaac_gxf_helpers/lib:/workspaces/isaac_ros-dev/install/gxf_isaac_atlas/lib:/workspaces/isaac_ros-dev/install/gxf_isaac_sight/lib:/workspaces/isaac_ros-dev/install/gxf_isaac_optimizer/lib:/workspaces/isaac_ros-dev/install/gxf_isaac_message_compositor/lib:/workspaces/isaac_ros-dev/install/gxf_isaac_gems/lib:/workspaces/isaac_ros-dev/install/isaac_ros_gxf/lib:/workspaces/isaac_ros-dev/install/isaac_ros_common/lib:/opt/ros/humble/opt/openvdb_vendor/lib:/opt/ros/humble/opt/rviz_ogre_vendor/lib:/opt/ros/humble/lib/x86_64-linux-gnu:/opt/ros/humble/lib:/usr/local/libcudss-linux-0.3.0.9_cuda12-archive/lib:/opt/hpcx/ucc/lib/:/opt/hpcx/ucx/lib/:/usr/local/cuda/compat/lib:/usr/local/nvidia/lib:/usr/local/nvidia/lib64:/opt/tritonserver/lib PYTHONPATH=/workspaces/isaac_ros-dev/build/isaac_ros_test:/workspaces/isaac_ros-dev/install/isaac_ros_test/lib/python3.10/site-packages:/workspaces/isaac_ros-dev/build/isaac_ros_launch_utils:/workspaces/isaac_ros-dev/install/isaac_ros_launch_utils/lib/python3.10/site-packages:/workspaces/isaac_ros-dev/install/isaac_ros_common/local/lib/python3.10/dist-packages:/workspaces/isaac_ros-dev/build/isaac_common_py:/workspaces/isaac_ros-dev/install/isaac_common_py/lib/python3.10/site-packages:/opt/ros/humble/lib/python3.10/site-packages:/opt/ros/humble/local/lib/python3.10/dist-packages:/opt/ros/humble/vcstool:/opt/tritonserver/backends/dali/wheel/dali /usr/bin/cmake --install /workspaces/isaac_ros-dev/build/isaac_ros_nitros
[28.566s] Level 1:colcon.colcon_core.environment:create_environment_scripts_only(isaac_ros_nitros)
[28.567s] Level 1:colcon.colcon_core.environment:checking '/workspaces/isaac_ros-dev/install/isaac_ros_nitros' for CMake module files
[28.568s] DEBUG:colcon.colcon_core.event_handler.log_command:Invoked command in '/workspaces/isaac_ros-dev/build/isaac_ros_nitros' returned '0': AMENT_PREFIX_PATH=/workspaces/isaac_ros-dev/install/gxf_isaac_gxf_helpers:/workspaces/isaac_ros-dev/install/gxf_isaac_atlas:/workspaces/isaac_ros-dev/install/gxf_isaac_sight:/workspaces/isaac_ros-dev/install/gxf_isaac_optimizer:/workspaces/isaac_ros-dev/install/gxf_isaac_message_compositor:/workspaces/isaac_ros-dev/install/gxf_isaac_gems:/workspaces/isaac_ros-dev/install/isaac_ros_test:/workspaces/isaac_ros-dev/install/isaac_ros_gxf:/workspaces/isaac_ros-dev/install/isaac_ros_launch_utils:/workspaces/isaac_ros-dev/install/isaac_ros_common:/workspaces/isaac_ros-dev/install/isaac_common_py:/opt/ros/humble CMAKE_PREFIX_PATH=/workspaces/isaac_ros-dev/install/gxf_isaac_gxf_helpers:/workspaces/isaac_ros-dev/install/gxf_isaac_atlas:/workspaces/isaac_ros-dev/install/gxf_isaac_sight:/workspaces/isaac_ros-dev/install/gxf_isaac_optimizer:/workspaces/isaac_ros-dev/install/gxf_isaac_message_compositor:/workspaces/isaac_ros-dev/install/gxf_isaac_gems:/workspaces/isaac_ros-dev/install/isaac_ros_gxf:/workspaces/isaac_ros-dev/install/isaac_ros_common:/usr/local/libcudss-linux-0.3.0.9_cuda12-archive:/workspaces/isaac_ros-dev/install/isaac_ros_test:/workspaces/isaac_ros-dev/install/isaac_ros_launch_utils:/workspaces/isaac_ros-dev/install/isaac_common_py:/opt/ros/humble LD_LIBRARY_PATH=/workspaces/isaac_ros-dev/install/gxf_isaac_gxf_helpers/lib:/workspaces/isaac_ros-dev/install/gxf_isaac_atlas/lib:/workspaces/isaac_ros-dev/install/gxf_isaac_sight/lib:/workspaces/isaac_ros-dev/install/gxf_isaac_optimizer/lib:/workspaces/isaac_ros-dev/install/gxf_isaac_message_compositor/lib:/workspaces/isaac_ros-dev/install/gxf_isaac_gems/lib:/workspaces/isaac_ros-dev/install/isaac_ros_gxf/lib:/workspaces/isaac_ros-dev/install/isaac_ros_common/lib:/opt/ros/humble/opt/openvdb_vendor/lib:/opt/ros/humble/opt/rviz_ogre_vendor/lib:/opt/ros/humble/lib/x86_64-linux-gnu:/opt/ros/humble/lib:/usr/local/libcudss-linux-0.3.0.9_cuda12-archive/lib:/opt/hpcx/ucc/lib/:/opt/hpcx/ucx/lib/:/usr/local/cuda/compat/lib:/usr/local/nvidia/lib:/usr/local/nvidia/lib64:/opt/tritonserver/lib PYTHONPATH=/workspaces/isaac_ros-dev/build/isaac_ros_test:/workspaces/isaac_ros-dev/install/isaac_ros_test/lib/python3.10/site-packages:/workspaces/isaac_ros-dev/build/isaac_ros_launch_utils:/workspaces/isaac_ros-dev/install/isaac_ros_launch_utils/lib/python3.10/site-packages:/workspaces/isaac_ros-dev/install/isaac_ros_common/local/lib/python3.10/dist-packages:/workspaces/isaac_ros-dev/build/isaac_common_py:/workspaces/isaac_ros-dev/install/isaac_common_py/lib/python3.10/site-packages:/opt/ros/humble/lib/python3.10/site-packages:/opt/ros/humble/local/lib/python3.10/dist-packages:/opt/ros/humble/vcstool:/opt/tritonserver/backends/dali/wheel/dali /usr/bin/cmake --install /workspaces/isaac_ros-dev/build/isaac_ros_nitros
[28.568s] Level 1:colcon.colcon_core.environment:checking '/workspaces/isaac_ros-dev/install/isaac_ros_nitros' for CMake config files
[28.569s] Level 1:colcon.colcon_core.shell:create_environment_hook('isaac_ros_nitros', 'cmake_prefix_path')
[28.569s] INFO:colcon.colcon_core.shell:Creating environment hook '/workspaces/isaac_ros-dev/install/isaac_ros_nitros/share/isaac_ros_nitros/hook/cmake_prefix_path.ps1'
[28.570s] INFO:colcon.colcon_core.shell:Creating environment descriptor '/workspaces/isaac_ros-dev/install/isaac_ros_nitros/share/isaac_ros_nitros/hook/cmake_prefix_path.dsv'
[28.570s] INFO:colcon.colcon_core.shell:Creating environment hook '/workspaces/isaac_ros-dev/install/isaac_ros_nitros/share/isaac_ros_nitros/hook/cmake_prefix_path.sh'
[28.571s] Level 1:colcon.colcon_core.environment:checking '/workspaces/isaac_ros-dev/install/isaac_ros_nitros/lib'
[28.571s] Level 1:colcon.colcon_core.shell:create_environment_hook('isaac_ros_nitros', 'ld_library_path_lib')
[28.571s] INFO:colcon.colcon_core.shell:Creating environment hook '/workspaces/isaac_ros-dev/install/isaac_ros_nitros/share/isaac_ros_nitros/hook/ld_library_path_lib.ps1'
[28.571s] INFO:colcon.colcon_core.shell:Creating environment descriptor '/workspaces/isaac_ros-dev/install/isaac_ros_nitros/share/isaac_ros_nitros/hook/ld_library_path_lib.dsv'
[28.571s] INFO:colcon.colcon_core.shell:Creating environment hook '/workspaces/isaac_ros-dev/install/isaac_ros_nitros/share/isaac_ros_nitros/hook/ld_library_path_lib.sh'
[28.572s] Level 1:colcon.colcon_core.environment:checking '/workspaces/isaac_ros-dev/install/isaac_ros_nitros/bin'
[28.572s] Level 1:colcon.colcon_core.environment:checking '/workspaces/isaac_ros-dev/install/isaac_ros_nitros/lib/pkgconfig/isaac_ros_nitros.pc'
[28.572s] Level 1:colcon.colcon_core.environment:checking '/workspaces/isaac_ros-dev/install/isaac_ros_nitros/lib/python3.10/site-packages'
[28.572s] Level 1:colcon.colcon_core.environment:checking '/workspaces/isaac_ros-dev/install/isaac_ros_nitros/bin'
[28.573s] INFO:colcon.colcon_core.shell:Creating package script '/workspaces/isaac_ros-dev/install/isaac_ros_nitros/share/isaac_ros_nitros/package.ps1'
[28.573s] INFO:colcon.colcon_core.shell:Creating package descriptor '/workspaces/isaac_ros-dev/install/isaac_ros_nitros/share/isaac_ros_nitros/package.dsv'
[28.574s] INFO:colcon.colcon_core.shell:Creating package script '/workspaces/isaac_ros-dev/install/isaac_ros_nitros/share/isaac_ros_nitros/package.sh'
[28.574s] INFO:colcon.colcon_core.shell:Creating package script '/workspaces/isaac_ros-dev/install/isaac_ros_nitros/share/isaac_ros_nitros/package.bash'
[28.574s] INFO:colcon.colcon_core.shell:Creating package script '/workspaces/isaac_ros-dev/install/isaac_ros_nitros/share/isaac_ros_nitros/package.zsh'
[28.575s] Level 1:colcon.colcon_core.environment:create_file_with_runtime_dependencies(/workspaces/isaac_ros-dev/install/isaac_ros_nitros/share/colcon-core/packages/isaac_ros_nitros)
[28.575s] Level 1:colcon.colcon_core.environment:create_environment_scripts_only(isaac_ros_nitros)
[28.575s] Level 1:colcon.colcon_core.environment:checking '/workspaces/isaac_ros-dev/install/isaac_ros_nitros' for CMake module files
[28.576s] Level 1:colcon.colcon_core.environment:checking '/workspaces/isaac_ros-dev/install/isaac_ros_nitros' for CMake config files
[28.576s] Level 1:colcon.colcon_core.shell:create_environment_hook('isaac_ros_nitros', 'cmake_prefix_path')
[28.576s] INFO:colcon.colcon_core.shell:Creating environment hook '/workspaces/isaac_ros-dev/install/isaac_ros_nitros/share/isaac_ros_nitros/hook/cmake_prefix_path.ps1'
[28.576s] INFO:colcon.colcon_core.shell:Creating environment descriptor '/workspaces/isaac_ros-dev/install/isaac_ros_nitros/share/isaac_ros_nitros/hook/cmake_prefix_path.dsv'
[28.577s] INFO:colcon.colcon_core.shell:Creating environment hook '/workspaces/isaac_ros-dev/install/isaac_ros_nitros/share/isaac_ros_nitros/hook/cmake_prefix_path.sh'
[28.578s] Level 1:colcon.colcon_core.environment:checking '/workspaces/isaac_ros-dev/install/isaac_ros_nitros/lib'
[28.578s] Level 1:colcon.colcon_core.shell:create_environment_hook('isaac_ros_nitros', 'ld_library_path_lib')
[28.578s] INFO:colcon.colcon_core.shell:Creating environment hook '/workspaces/isaac_ros-dev/install/isaac_ros_nitros/share/isaac_ros_nitros/hook/ld_library_path_lib.ps1'
[28.578s] INFO:colcon.colcon_core.shell:Creating environment descriptor '/workspaces/isaac_ros-dev/install/isaac_ros_nitros/share/isaac_ros_nitros/hook/ld_library_path_lib.dsv'
[28.579s] INFO:colcon.colcon_core.shell:Creating environment hook '/workspaces/isaac_ros-dev/install/isaac_ros_nitros/share/isaac_ros_nitros/hook/ld_library_path_lib.sh'
[28.579s] Level 1:colcon.colcon_core.environment:checking '/workspaces/isaac_ros-dev/install/isaac_ros_nitros/bin'
[28.579s] Level 1:colcon.colcon_core.environment:checking '/workspaces/isaac_ros-dev/install/isaac_ros_nitros/lib/pkgconfig/isaac_ros_nitros.pc'
[28.579s] Level 1:colcon.colcon_core.environment:checking '/workspaces/isaac_ros-dev/install/isaac_ros_nitros/lib/python3.10/site-packages'
[28.580s] Level 1:colcon.colcon_core.environment:checking '/workspaces/isaac_ros-dev/install/isaac_ros_nitros/bin'
[28.580s] INFO:colcon.colcon_core.shell:Creating package script '/workspaces/isaac_ros-dev/install/isaac_ros_nitros/share/isaac_ros_nitros/package.ps1'
[28.580s] INFO:colcon.colcon_core.shell:Creating package descriptor '/workspaces/isaac_ros-dev/install/isaac_ros_nitros/share/isaac_ros_nitros/package.dsv'
[28.581s] INFO:colcon.colcon_core.shell:Creating package script '/workspaces/isaac_ros-dev/install/isaac_ros_nitros/share/isaac_ros_nitros/package.sh'
[28.581s] INFO:colcon.colcon_core.shell:Creating package script '/workspaces/isaac_ros-dev/install/isaac_ros_nitros/share/isaac_ros_nitros/package.bash'
[28.581s] INFO:colcon.colcon_core.shell:Creating package script '/workspaces/isaac_ros-dev/install/isaac_ros_nitros/share/isaac_ros_nitros/package.zsh'
[28.582s] Level 1:colcon.colcon_core.environment:create_file_with_runtime_dependencies(/workspaces/isaac_ros-dev/install/isaac_ros_nitros/share/colcon-core/packages/isaac_ros_nitros)
[28.582s] INFO:colcon.colcon_ros.task.ament_cmake.build:Building ROS package in '/workspaces/isaac_ros-dev/src/isaac_ros_nitros/isaac_ros_nitros_type/isaac_ros_nitros_tensor_list_type' with build type 'ament_cmake'
[28.582s] INFO:colcon.colcon_cmake.task.cmake.build:Building CMake package in '/workspaces/isaac_ros-dev/src/isaac_ros_nitros/isaac_ros_nitros_type/isaac_ros_nitros_tensor_list_type'
[28.582s] INFO:colcon.colcon_core.shell:Skip shell extension 'powershell' for command environment: Not usable outside of PowerShell
[28.582s] DEBUG:colcon.colcon_core.shell:Skip shell extension 'dsv' for command environment
[28.586s] INFO:colcon.colcon_ros.task.ament_cmake.build:Building ROS package in '/workspaces/isaac_ros-dev/src/isaac_ros_nitros/isaac_ros_nitros_type/isaac_ros_nitros_image_type' with build type 'ament_cmake'
[28.586s] INFO:colcon.colcon_cmake.task.cmake.build:Building CMake package in '/workspaces/isaac_ros-dev/src/isaac_ros_nitros/isaac_ros_nitros_type/isaac_ros_nitros_image_type'
[28.586s] INFO:colcon.colcon_core.shell:Skip shell extension 'powershell' for command environment: Not usable outside of PowerShell
[28.587s] DEBUG:colcon.colcon_core.shell:Skip shell extension 'dsv' for command environment
[28.589s] INFO:colcon.colcon_ros.task.ament_cmake.build:Building ROS package in '/workspaces/isaac_ros-dev/src/isaac_ros_nitros/isaac_ros_nitros_type/isaac_ros_nitros_detection3_d_array_type' with build type 'ament_cmake'
[28.590s] INFO:colcon.colcon_cmake.task.cmake.build:Building CMake package in '/workspaces/isaac_ros-dev/src/isaac_ros_nitros/isaac_ros_nitros_type/isaac_ros_nitros_detection3_d_array_type'
[28.590s] INFO:colcon.colcon_core.shell:Skip shell extension 'powershell' for command environment: Not usable outside of PowerShell
[28.590s] DEBUG:colcon.colcon_core.shell:Skip shell extension 'dsv' for command environment
[28.593s] INFO:colcon.colcon_ros.task.ament_cmake.build:Building ROS package in '/workspaces/isaac_ros-dev/src/isaac_ros_nitros/isaac_ros_nitros_type/isaac_ros_nitros_camera_info_type' with build type 'ament_cmake'
[28.593s] INFO:colcon.colcon_cmake.task.cmake.build:Building CMake package in '/workspaces/isaac_ros-dev/src/isaac_ros_nitros/isaac_ros_nitros_type/isaac_ros_nitros_camera_info_type'
[28.594s] INFO:colcon.colcon_core.shell:Skip shell extension 'powershell' for command environment: Not usable outside of PowerShell
[28.594s] DEBUG:colcon.colcon_core.shell:Skip shell extension 'dsv' for command environment
[28.613s] DEBUG:colcon.colcon_core.event_handler.log_command:Invoking command in '/workspaces/isaac_ros-dev/build/isaac_ros_nitros_image_type': AMENT_PREFIX_PATH=/workspaces/isaac_ros-dev/install/isaac_ros_nitros:/workspaces/isaac_ros-dev/install/gxf_isaac_gxf_helpers:/workspaces/isaac_ros-dev/install/gxf_isaac_atlas:/workspaces/isaac_ros-dev/install/gxf_isaac_sight:/workspaces/isaac_ros-dev/install/gxf_isaac_optimizer:/workspaces/isaac_ros-dev/install/gxf_isaac_message_compositor:/workspaces/isaac_ros-dev/install/gxf_isaac_gems:/workspaces/isaac_ros-dev/install/isaac_ros_test:/workspaces/isaac_ros-dev/install/isaac_ros_gxf:/workspaces/isaac_ros-dev/install/isaac_ros_launch_utils:/workspaces/isaac_ros-dev/install/isaac_ros_common:/workspaces/isaac_ros-dev/install/isaac_common_py:/opt/ros/humble CMAKE_PREFIX_PATH=/workspaces/isaac_ros-dev/install/isaac_ros_nitros:/workspaces/isaac_ros-dev/install/gxf_isaac_gxf_helpers:/workspaces/isaac_ros-dev/install/gxf_isaac_atlas:/workspaces/isaac_ros-dev/install/gxf_isaac_sight:/workspaces/isaac_ros-dev/install/gxf_isaac_optimizer:/workspaces/isaac_ros-dev/install/gxf_isaac_message_compositor:/workspaces/isaac_ros-dev/install/gxf_isaac_gems:/workspaces/isaac_ros-dev/install/isaac_ros_gxf:/workspaces/isaac_ros-dev/install/isaac_ros_common:/usr/local/libcudss-linux-0.3.0.9_cuda12-archive:/workspaces/isaac_ros-dev/install/isaac_ros_test:/workspaces/isaac_ros-dev/install/isaac_ros_launch_utils:/workspaces/isaac_ros-dev/install/isaac_common_py:/opt/ros/humble LD_LIBRARY_PATH=/workspaces/isaac_ros-dev/install/isaac_ros_nitros/lib:/workspaces/isaac_ros-dev/install/gxf_isaac_gxf_helpers/lib:/workspaces/isaac_ros-dev/install/gxf_isaac_atlas/lib:/workspaces/isaac_ros-dev/install/gxf_isaac_sight/lib:/workspaces/isaac_ros-dev/install/gxf_isaac_optimizer/lib:/workspaces/isaac_ros-dev/install/gxf_isaac_message_compositor/lib:/workspaces/isaac_ros-dev/install/gxf_isaac_gems/lib:/workspaces/isaac_ros-dev/install/isaac_ros_gxf/lib:/workspaces/isaac_ros-dev/install/isaac_ros_common/lib:/opt/ros/humble/opt/openvdb_vendor/lib:/opt/ros/humble/opt/rviz_ogre_vendor/lib:/opt/ros/humble/lib/x86_64-linux-gnu:/opt/ros/humble/lib:/usr/local/libcudss-linux-0.3.0.9_cuda12-archive/lib:/opt/hpcx/ucc/lib/:/opt/hpcx/ucx/lib/:/usr/local/cuda/compat/lib:/usr/local/nvidia/lib:/usr/local/nvidia/lib64:/opt/tritonserver/lib PYTHONPATH=/workspaces/isaac_ros-dev/build/isaac_ros_test:/workspaces/isaac_ros-dev/install/isaac_ros_test/lib/python3.10/site-packages:/workspaces/isaac_ros-dev/build/isaac_ros_launch_utils:/workspaces/isaac_ros-dev/install/isaac_ros_launch_utils/lib/python3.10/site-packages:/workspaces/isaac_ros-dev/install/isaac_ros_common/local/lib/python3.10/dist-packages:/workspaces/isaac_ros-dev/build/isaac_common_py:/workspaces/isaac_ros-dev/install/isaac_common_py/lib/python3.10/site-packages:/opt/ros/humble/lib/python3.10/site-packages:/opt/ros/humble/local/lib/python3.10/dist-packages:/opt/ros/humble/vcstool:/opt/tritonserver/backends/dali/wheel/dali /usr/bin/cmake /workspaces/isaac_ros-dev/src/isaac_ros_nitros/isaac_ros_nitros_type/isaac_ros_nitros_image_type -DBUILD_TESTING=OFF -DAMENT_CMAKE_SYMLINK_INSTALL=1 -DCMAKE_INSTALL_PREFIX=/workspaces/isaac_ros-dev/install/isaac_ros_nitros_image_type
[28.614s] DEBUG:colcon.colcon_core.event_handler.log_command:Invoking command in '/workspaces/isaac_ros-dev/build/isaac_ros_nitros_tensor_list_type': AMENT_PREFIX_PATH=/workspaces/isaac_ros-dev/install/isaac_ros_nitros:/workspaces/isaac_ros-dev/install/gxf_isaac_gxf_helpers:/workspaces/isaac_ros-dev/install/gxf_isaac_atlas:/workspaces/isaac_ros-dev/install/gxf_isaac_sight:/workspaces/isaac_ros-dev/install/gxf_isaac_optimizer:/workspaces/isaac_ros-dev/install/gxf_isaac_message_compositor:/workspaces/isaac_ros-dev/install/gxf_isaac_gems:/workspaces/isaac_ros-dev/install/isaac_ros_test:/workspaces/isaac_ros-dev/install/isaac_ros_tensor_list_interfaces:/workspaces/isaac_ros-dev/install/isaac_ros_gxf:/workspaces/isaac_ros-dev/install/isaac_ros_launch_utils:/workspaces/isaac_ros-dev/install/isaac_ros_common:/workspaces/isaac_ros-dev/install/isaac_common_py:/opt/ros/humble CMAKE_PREFIX_PATH=/workspaces/isaac_ros-dev/install/isaac_ros_nitros:/workspaces/isaac_ros-dev/install/gxf_isaac_gxf_helpers:/workspaces/isaac_ros-dev/install/gxf_isaac_atlas:/workspaces/isaac_ros-dev/install/gxf_isaac_sight:/workspaces/isaac_ros-dev/install/gxf_isaac_optimizer:/workspaces/isaac_ros-dev/install/gxf_isaac_message_compositor:/workspaces/isaac_ros-dev/install/gxf_isaac_gems:/workspaces/isaac_ros-dev/install/isaac_ros_tensor_list_interfaces:/workspaces/isaac_ros-dev/install/isaac_ros_gxf:/workspaces/isaac_ros-dev/install/isaac_ros_common:/usr/local/libcudss-linux-0.3.0.9_cuda12-archive:/workspaces/isaac_ros-dev/install/isaac_ros_test:/workspaces/isaac_ros-dev/install/isaac_ros_launch_utils:/workspaces/isaac_ros-dev/install/isaac_common_py:/opt/ros/humble LD_LIBRARY_PATH=/workspaces/isaac_ros-dev/install/isaac_ros_nitros/lib:/workspaces/isaac_ros-dev/install/gxf_isaac_gxf_helpers/lib:/workspaces/isaac_ros-dev/install/gxf_isaac_atlas/lib:/workspaces/isaac_ros-dev/install/gxf_isaac_sight/lib:/workspaces/isaac_ros-dev/install/gxf_isaac_optimizer/lib:/workspaces/isaac_ros-dev/install/gxf_isaac_message_compositor/lib:/workspaces/isaac_ros-dev/install/gxf_isaac_gems/lib:/workspaces/isaac_ros-dev/install/isaac_ros_tensor_list_interfaces/lib:/workspaces/isaac_ros-dev/install/isaac_ros_gxf/lib:/workspaces/isaac_ros-dev/install/isaac_ros_common/lib:/opt/ros/humble/opt/openvdb_vendor/lib:/opt/ros/humble/opt/rviz_ogre_vendor/lib:/opt/ros/humble/lib/x86_64-linux-gnu:/opt/ros/humble/lib:/usr/local/libcudss-linux-0.3.0.9_cuda12-archive/lib:/opt/hpcx/ucc/lib/:/opt/hpcx/ucx/lib/:/usr/local/cuda/compat/lib:/usr/local/nvidia/lib:/usr/local/nvidia/lib64:/opt/tritonserver/lib PYTHONPATH=/workspaces/isaac_ros-dev/build/isaac_ros_test:/workspaces/isaac_ros-dev/install/isaac_ros_test/lib/python3.10/site-packages:/workspaces/isaac_ros-dev/install/isaac_ros_tensor_list_interfaces/local/lib/python3.10/dist-packages:/workspaces/isaac_ros-dev/build/isaac_ros_launch_utils:/workspaces/isaac_ros-dev/install/isaac_ros_launch_utils/lib/python3.10/site-packages:/workspaces/isaac_ros-dev/install/isaac_ros_common/local/lib/python3.10/dist-packages:/workspaces/isaac_ros-dev/build/isaac_common_py:/workspaces/isaac_ros-dev/install/isaac_common_py/lib/python3.10/site-packages:/opt/ros/humble/lib/python3.10/site-packages:/opt/ros/humble/local/lib/python3.10/dist-packages:/opt/ros/humble/vcstool:/opt/tritonserver/backends/dali/wheel/dali /usr/bin/cmake /workspaces/isaac_ros-dev/src/isaac_ros_nitros/isaac_ros_nitros_type/isaac_ros_nitros_tensor_list_type -DBUILD_TESTING=OFF -DAMENT_CMAKE_SYMLINK_INSTALL=1 -DCMAKE_INSTALL_PREFIX=/workspaces/isaac_ros-dev/install/isaac_ros_nitros_tensor_list_type
[28.617s] DEBUG:colcon.colcon_core.event_handler.log_command:Invoking command in '/workspaces/isaac_ros-dev/build/isaac_ros_nitros_camera_info_type': AMENT_PREFIX_PATH=/workspaces/isaac_ros-dev/install/isaac_ros_nitros:/workspaces/isaac_ros-dev/install/gxf_isaac_gxf_helpers:/workspaces/isaac_ros-dev/install/gxf_isaac_atlas:/workspaces/isaac_ros-dev/install/gxf_isaac_sight:/workspaces/isaac_ros-dev/install/gxf_isaac_optimizer:/workspaces/isaac_ros-dev/install/gxf_isaac_message_compositor:/workspaces/isaac_ros-dev/install/gxf_isaac_gems:/workspaces/isaac_ros-dev/install/isaac_ros_test:/workspaces/isaac_ros-dev/install/isaac_ros_gxf:/workspaces/isaac_ros-dev/install/isaac_ros_launch_utils:/workspaces/isaac_ros-dev/install/isaac_ros_common:/workspaces/isaac_ros-dev/install/isaac_common_py:/opt/ros/humble CMAKE_PREFIX_PATH=/workspaces/isaac_ros-dev/install/isaac_ros_nitros:/workspaces/isaac_ros-dev/install/gxf_isaac_gxf_helpers:/workspaces/isaac_ros-dev/install/gxf_isaac_atlas:/workspaces/isaac_ros-dev/install/gxf_isaac_sight:/workspaces/isaac_ros-dev/install/gxf_isaac_optimizer:/workspaces/isaac_ros-dev/install/gxf_isaac_message_compositor:/workspaces/isaac_ros-dev/install/gxf_isaac_gems:/workspaces/isaac_ros-dev/install/isaac_ros_gxf:/workspaces/isaac_ros-dev/install/isaac_ros_common:/usr/local/libcudss-linux-0.3.0.9_cuda12-archive:/workspaces/isaac_ros-dev/install/isaac_ros_test:/workspaces/isaac_ros-dev/install/isaac_ros_launch_utils:/workspaces/isaac_ros-dev/install/isaac_common_py:/opt/ros/humble LD_LIBRARY_PATH=/workspaces/isaac_ros-dev/install/isaac_ros_nitros/lib:/workspaces/isaac_ros-dev/install/gxf_isaac_gxf_helpers/lib:/workspaces/isaac_ros-dev/install/gxf_isaac_atlas/lib:/workspaces/isaac_ros-dev/install/gxf_isaac_sight/lib:/workspaces/isaac_ros-dev/install/gxf_isaac_optimizer/lib:/workspaces/isaac_ros-dev/install/gxf_isaac_message_compositor/lib:/workspaces/isaac_ros-dev/install/gxf_isaac_gems/lib:/workspaces/isaac_ros-dev/install/isaac_ros_gxf/lib:/workspaces/isaac_ros-dev/install/isaac_ros_common/lib:/opt/ros/humble/opt/openvdb_vendor/lib:/opt/ros/humble/opt/rviz_ogre_vendor/lib:/opt/ros/humble/lib/x86_64-linux-gnu:/opt/ros/humble/lib:/usr/local/libcudss-linux-0.3.0.9_cuda12-archive/lib:/opt/hpcx/ucc/lib/:/opt/hpcx/ucx/lib/:/usr/local/cuda/compat/lib:/usr/local/nvidia/lib:/usr/local/nvidia/lib64:/opt/tritonserver/lib PYTHONPATH=/workspaces/isaac_ros-dev/build/isaac_ros_test:/workspaces/isaac_ros-dev/install/isaac_ros_test/lib/python3.10/site-packages:/workspaces/isaac_ros-dev/build/isaac_ros_launch_utils:/workspaces/isaac_ros-dev/install/isaac_ros_launch_utils/lib/python3.10/site-packages:/workspaces/isaac_ros-dev/install/isaac_ros_common/local/lib/python3.10/dist-packages:/workspaces/isaac_ros-dev/build/isaac_common_py:/workspaces/isaac_ros-dev/install/isaac_common_py/lib/python3.10/site-packages:/opt/ros/humble/lib/python3.10/site-packages:/opt/ros/humble/local/lib/python3.10/dist-packages:/opt/ros/humble/vcstool:/opt/tritonserver/backends/dali/wheel/dali /usr/bin/cmake /workspaces/isaac_ros-dev/src/isaac_ros_nitros/isaac_ros_nitros_type/isaac_ros_nitros_camera_info_type -DBUILD_TESTING=OFF -DAMENT_CMAKE_SYMLINK_INSTALL=1 -DCMAKE_INSTALL_PREFIX=/workspaces/isaac_ros-dev/install/isaac_ros_nitros_camera_info_type
[28.620s] DEBUG:colcon.colcon_core.event_handler.log_command:Invoking command in '/workspaces/isaac_ros-dev/build/isaac_ros_nitros_detection3_d_array_type': AMENT_PREFIX_PATH=/workspaces/isaac_ros-dev/install/isaac_ros_nitros:/workspaces/isaac_ros-dev/install/gxf_isaac_messages:/workspaces/isaac_ros-dev/install/gxf_isaac_gxf_helpers:/workspaces/isaac_ros-dev/install/gxf_isaac_atlas:/workspaces/isaac_ros-dev/install/gxf_isaac_sight:/workspaces/isaac_ros-dev/install/gxf_isaac_optimizer:/workspaces/isaac_ros-dev/install/gxf_isaac_message_compositor:/workspaces/isaac_ros-dev/install/gxf_isaac_gems:/workspaces/isaac_ros-dev/install/isaac_ros_test:/workspaces/isaac_ros-dev/install/isaac_ros_gxf:/workspaces/isaac_ros-dev/install/isaac_ros_launch_utils:/workspaces/isaac_ros-dev/install/isaac_ros_common:/workspaces/isaac_ros-dev/install/isaac_common_py:/opt/ros/humble CMAKE_PREFIX_PATH=/workspaces/isaac_ros-dev/install/isaac_ros_nitros:/workspaces/isaac_ros-dev/install/gxf_isaac_messages:/workspaces/isaac_ros-dev/install/gxf_isaac_gxf_helpers:/workspaces/isaac_ros-dev/install/gxf_isaac_atlas:/workspaces/isaac_ros-dev/install/gxf_isaac_sight:/workspaces/isaac_ros-dev/install/gxf_isaac_optimizer:/workspaces/isaac_ros-dev/install/gxf_isaac_message_compositor:/workspaces/isaac_ros-dev/install/gxf_isaac_gems:/workspaces/isaac_ros-dev/install/isaac_ros_gxf:/workspaces/isaac_ros-dev/install/isaac_ros_common:/usr/local/libcudss-linux-0.3.0.9_cuda12-archive:/workspaces/isaac_ros-dev/install/isaac_ros_test:/workspaces/isaac_ros-dev/install/isaac_ros_launch_utils:/workspaces/isaac_ros-dev/install/isaac_common_py:/opt/ros/humble LD_LIBRARY_PATH=/workspaces/isaac_ros-dev/install/isaac_ros_nitros/lib:/workspaces/isaac_ros-dev/install/gxf_isaac_messages/lib:/workspaces/isaac_ros-dev/install/gxf_isaac_gxf_helpers/lib:/workspaces/isaac_ros-dev/install/gxf_isaac_atlas/lib:/workspaces/isaac_ros-dev/install/gxf_isaac_sight/lib:/workspaces/isaac_ros-dev/install/gxf_isaac_optimizer/lib:/workspaces/isaac_ros-dev/install/gxf_isaac_message_compositor/lib:/workspaces/isaac_ros-dev/install/gxf_isaac_gems/lib:/workspaces/isaac_ros-dev/install/isaac_ros_gxf/lib:/workspaces/isaac_ros-dev/install/isaac_ros_common/lib:/opt/ros/humble/opt/openvdb_vendor/lib:/opt/ros/humble/opt/rviz_ogre_vendor/lib:/opt/ros/humble/lib/x86_64-linux-gnu:/opt/ros/humble/lib:/usr/local/libcudss-linux-0.3.0.9_cuda12-archive/lib:/opt/hpcx/ucc/lib/:/opt/hpcx/ucx/lib/:/usr/local/cuda/compat/lib:/usr/local/nvidia/lib:/usr/local/nvidia/lib64:/opt/tritonserver/lib PYTHONPATH=/workspaces/isaac_ros-dev/build/isaac_ros_test:/workspaces/isaac_ros-dev/install/isaac_ros_test/lib/python3.10/site-packages:/workspaces/isaac_ros-dev/build/isaac_ros_launch_utils:/workspaces/isaac_ros-dev/install/isaac_ros_launch_utils/lib/python3.10/site-packages:/workspaces/isaac_ros-dev/install/isaac_ros_common/local/lib/python3.10/dist-packages:/workspaces/isaac_ros-dev/build/isaac_common_py:/workspaces/isaac_ros-dev/install/isaac_common_py/lib/python3.10/site-packages:/opt/ros/humble/lib/python3.10/site-packages:/opt/ros/humble/local/lib/python3.10/dist-packages:/opt/ros/humble/vcstool:/opt/tritonserver/backends/dali/wheel/dali /usr/bin/cmake /workspaces/isaac_ros-dev/src/isaac_ros_nitros/isaac_ros_nitros_type/isaac_ros_nitros_detection3_d_array_type -DBUILD_TESTING=OFF -DAMENT_CMAKE_SYMLINK_INSTALL=1 -DCMAKE_INSTALL_PREFIX=/workspaces/isaac_ros-dev/install/isaac_ros_nitros_detection3_d_array_type
[30.296s] DEBUG:colcon.colcon_core.event_handler.log_command:Invoked command in '/workspaces/isaac_ros-dev/build/isaac_ros_nitros_camera_info_type' returned '0': AMENT_PREFIX_PATH=/workspaces/isaac_ros-dev/install/isaac_ros_nitros:/workspaces/isaac_ros-dev/install/gxf_isaac_gxf_helpers:/workspaces/isaac_ros-dev/install/gxf_isaac_atlas:/workspaces/isaac_ros-dev/install/gxf_isaac_sight:/workspaces/isaac_ros-dev/install/gxf_isaac_optimizer:/workspaces/isaac_ros-dev/install/gxf_isaac_message_compositor:/workspaces/isaac_ros-dev/install/gxf_isaac_gems:/workspaces/isaac_ros-dev/install/isaac_ros_test:/workspaces/isaac_ros-dev/install/isaac_ros_gxf:/workspaces/isaac_ros-dev/install/isaac_ros_launch_utils:/workspaces/isaac_ros-dev/install/isaac_ros_common:/workspaces/isaac_ros-dev/install/isaac_common_py:/opt/ros/humble CMAKE_PREFIX_PATH=/workspaces/isaac_ros-dev/install/isaac_ros_nitros:/workspaces/isaac_ros-dev/install/gxf_isaac_gxf_helpers:/workspaces/isaac_ros-dev/install/gxf_isaac_atlas:/workspaces/isaac_ros-dev/install/gxf_isaac_sight:/workspaces/isaac_ros-dev/install/gxf_isaac_optimizer:/workspaces/isaac_ros-dev/install/gxf_isaac_message_compositor:/workspaces/isaac_ros-dev/install/gxf_isaac_gems:/workspaces/isaac_ros-dev/install/isaac_ros_gxf:/workspaces/isaac_ros-dev/install/isaac_ros_common:/usr/local/libcudss-linux-0.3.0.9_cuda12-archive:/workspaces/isaac_ros-dev/install/isaac_ros_test:/workspaces/isaac_ros-dev/install/isaac_ros_launch_utils:/workspaces/isaac_ros-dev/install/isaac_common_py:/opt/ros/humble LD_LIBRARY_PATH=/workspaces/isaac_ros-dev/install/isaac_ros_nitros/lib:/workspaces/isaac_ros-dev/install/gxf_isaac_gxf_helpers/lib:/workspaces/isaac_ros-dev/install/gxf_isaac_atlas/lib:/workspaces/isaac_ros-dev/install/gxf_isaac_sight/lib:/workspaces/isaac_ros-dev/install/gxf_isaac_optimizer/lib:/workspaces/isaac_ros-dev/install/gxf_isaac_message_compositor/lib:/workspaces/isaac_ros-dev/install/gxf_isaac_gems/lib:/workspaces/isaac_ros-dev/install/isaac_ros_gxf/lib:/workspaces/isaac_ros-dev/install/isaac_ros_common/lib:/opt/ros/humble/opt/openvdb_vendor/lib:/opt/ros/humble/opt/rviz_ogre_vendor/lib:/opt/ros/humble/lib/x86_64-linux-gnu:/opt/ros/humble/lib:/usr/local/libcudss-linux-0.3.0.9_cuda12-archive/lib:/opt/hpcx/ucc/lib/:/opt/hpcx/ucx/lib/:/usr/local/cuda/compat/lib:/usr/local/nvidia/lib:/usr/local/nvidia/lib64:/opt/tritonserver/lib PYTHONPATH=/workspaces/isaac_ros-dev/build/isaac_ros_test:/workspaces/isaac_ros-dev/install/isaac_ros_test/lib/python3.10/site-packages:/workspaces/isaac_ros-dev/build/isaac_ros_launch_utils:/workspaces/isaac_ros-dev/install/isaac_ros_launch_utils/lib/python3.10/site-packages:/workspaces/isaac_ros-dev/install/isaac_ros_common/local/lib/python3.10/dist-packages:/workspaces/isaac_ros-dev/build/isaac_common_py:/workspaces/isaac_ros-dev/install/isaac_common_py/lib/python3.10/site-packages:/opt/ros/humble/lib/python3.10/site-packages:/opt/ros/humble/local/lib/python3.10/dist-packages:/opt/ros/humble/vcstool:/opt/tritonserver/backends/dali/wheel/dali /usr/bin/cmake /workspaces/isaac_ros-dev/src/isaac_ros_nitros/isaac_ros_nitros_type/isaac_ros_nitros_camera_info_type -DBUILD_TESTING=OFF -DAMENT_CMAKE_SYMLINK_INSTALL=1 -DCMAKE_INSTALL_PREFIX=/workspaces/isaac_ros-dev/install/isaac_ros_nitros_camera_info_type
[30.298s] DEBUG:colcon.colcon_core.event_handler.log_command:Invoking command in '/workspaces/isaac_ros-dev/build/isaac_ros_nitros_camera_info_type': AMENT_PREFIX_PATH=/workspaces/isaac_ros-dev/install/isaac_ros_nitros:/workspaces/isaac_ros-dev/install/gxf_isaac_gxf_helpers:/workspaces/isaac_ros-dev/install/gxf_isaac_atlas:/workspaces/isaac_ros-dev/install/gxf_isaac_sight:/workspaces/isaac_ros-dev/install/gxf_isaac_optimizer:/workspaces/isaac_ros-dev/install/gxf_isaac_message_compositor:/workspaces/isaac_ros-dev/install/gxf_isaac_gems:/workspaces/isaac_ros-dev/install/isaac_ros_test:/workspaces/isaac_ros-dev/install/isaac_ros_gxf:/workspaces/isaac_ros-dev/install/isaac_ros_launch_utils:/workspaces/isaac_ros-dev/install/isaac_ros_common:/workspaces/isaac_ros-dev/install/isaac_common_py:/opt/ros/humble CMAKE_PREFIX_PATH=/workspaces/isaac_ros-dev/install/isaac_ros_nitros:/workspaces/isaac_ros-dev/install/gxf_isaac_gxf_helpers:/workspaces/isaac_ros-dev/install/gxf_isaac_atlas:/workspaces/isaac_ros-dev/install/gxf_isaac_sight:/workspaces/isaac_ros-dev/install/gxf_isaac_optimizer:/workspaces/isaac_ros-dev/install/gxf_isaac_message_compositor:/workspaces/isaac_ros-dev/install/gxf_isaac_gems:/workspaces/isaac_ros-dev/install/isaac_ros_gxf:/workspaces/isaac_ros-dev/install/isaac_ros_common:/usr/local/libcudss-linux-0.3.0.9_cuda12-archive:/workspaces/isaac_ros-dev/install/isaac_ros_test:/workspaces/isaac_ros-dev/install/isaac_ros_launch_utils:/workspaces/isaac_ros-dev/install/isaac_common_py:/opt/ros/humble LD_LIBRARY_PATH=/workspaces/isaac_ros-dev/install/isaac_ros_nitros/lib:/workspaces/isaac_ros-dev/install/gxf_isaac_gxf_helpers/lib:/workspaces/isaac_ros-dev/install/gxf_isaac_atlas/lib:/workspaces/isaac_ros-dev/install/gxf_isaac_sight/lib:/workspaces/isaac_ros-dev/install/gxf_isaac_optimizer/lib:/workspaces/isaac_ros-dev/install/gxf_isaac_message_compositor/lib:/workspaces/isaac_ros-dev/install/gxf_isaac_gems/lib:/workspaces/isaac_ros-dev/install/isaac_ros_gxf/lib:/workspaces/isaac_ros-dev/install/isaac_ros_common/lib:/opt/ros/humble/opt/openvdb_vendor/lib:/opt/ros/humble/opt/rviz_ogre_vendor/lib:/opt/ros/humble/lib/x86_64-linux-gnu:/opt/ros/humble/lib:/usr/local/libcudss-linux-0.3.0.9_cuda12-archive/lib:/opt/hpcx/ucc/lib/:/opt/hpcx/ucx/lib/:/usr/local/cuda/compat/lib:/usr/local/nvidia/lib:/usr/local/nvidia/lib64:/opt/tritonserver/lib PYTHONPATH=/workspaces/isaac_ros-dev/build/isaac_ros_test:/workspaces/isaac_ros-dev/install/isaac_ros_test/lib/python3.10/site-packages:/workspaces/isaac_ros-dev/build/isaac_ros_launch_utils:/workspaces/isaac_ros-dev/install/isaac_ros_launch_utils/lib/python3.10/site-packages:/workspaces/isaac_ros-dev/install/isaac_ros_common/local/lib/python3.10/dist-packages:/workspaces/isaac_ros-dev/build/isaac_common_py:/workspaces/isaac_ros-dev/install/isaac_common_py/lib/python3.10/site-packages:/opt/ros/humble/lib/python3.10/site-packages:/opt/ros/humble/local/lib/python3.10/dist-packages:/opt/ros/humble/vcstool:/opt/tritonserver/backends/dali/wheel/dali /usr/bin/cmake --build /workspaces/isaac_ros-dev/build/isaac_ros_nitros_camera_info_type -- -j16 -l16
[30.302s] DEBUG:colcon.colcon_core.event_handler.log_command:Invoked command in '/workspaces/isaac_ros-dev/build/isaac_ros_nitros_tensor_list_type' returned '0': AMENT_PREFIX_PATH=/workspaces/isaac_ros-dev/install/isaac_ros_nitros:/workspaces/isaac_ros-dev/install/gxf_isaac_gxf_helpers:/workspaces/isaac_ros-dev/install/gxf_isaac_atlas:/workspaces/isaac_ros-dev/install/gxf_isaac_sight:/workspaces/isaac_ros-dev/install/gxf_isaac_optimizer:/workspaces/isaac_ros-dev/install/gxf_isaac_message_compositor:/workspaces/isaac_ros-dev/install/gxf_isaac_gems:/workspaces/isaac_ros-dev/install/isaac_ros_test:/workspaces/isaac_ros-dev/install/isaac_ros_tensor_list_interfaces:/workspaces/isaac_ros-dev/install/isaac_ros_gxf:/workspaces/isaac_ros-dev/install/isaac_ros_launch_utils:/workspaces/isaac_ros-dev/install/isaac_ros_common:/workspaces/isaac_ros-dev/install/isaac_common_py:/opt/ros/humble CMAKE_PREFIX_PATH=/workspaces/isaac_ros-dev/install/isaac_ros_nitros:/workspaces/isaac_ros-dev/install/gxf_isaac_gxf_helpers:/workspaces/isaac_ros-dev/install/gxf_isaac_atlas:/workspaces/isaac_ros-dev/install/gxf_isaac_sight:/workspaces/isaac_ros-dev/install/gxf_isaac_optimizer:/workspaces/isaac_ros-dev/install/gxf_isaac_message_compositor:/workspaces/isaac_ros-dev/install/gxf_isaac_gems:/workspaces/isaac_ros-dev/install/isaac_ros_tensor_list_interfaces:/workspaces/isaac_ros-dev/install/isaac_ros_gxf:/workspaces/isaac_ros-dev/install/isaac_ros_common:/usr/local/libcudss-linux-0.3.0.9_cuda12-archive:/workspaces/isaac_ros-dev/install/isaac_ros_test:/workspaces/isaac_ros-dev/install/isaac_ros_launch_utils:/workspaces/isaac_ros-dev/install/isaac_common_py:/opt/ros/humble LD_LIBRARY_PATH=/workspaces/isaac_ros-dev/install/isaac_ros_nitros/lib:/workspaces/isaac_ros-dev/install/gxf_isaac_gxf_helpers/lib:/workspaces/isaac_ros-dev/install/gxf_isaac_atlas/lib:/workspaces/isaac_ros-dev/install/gxf_isaac_sight/lib:/workspaces/isaac_ros-dev/install/gxf_isaac_optimizer/lib:/workspaces/isaac_ros-dev/install/gxf_isaac_message_compositor/lib:/workspaces/isaac_ros-dev/install/gxf_isaac_gems/lib:/workspaces/isaac_ros-dev/install/isaac_ros_tensor_list_interfaces/lib:/workspaces/isaac_ros-dev/install/isaac_ros_gxf/lib:/workspaces/isaac_ros-dev/install/isaac_ros_common/lib:/opt/ros/humble/opt/openvdb_vendor/lib:/opt/ros/humble/opt/rviz_ogre_vendor/lib:/opt/ros/humble/lib/x86_64-linux-gnu:/opt/ros/humble/lib:/usr/local/libcudss-linux-0.3.0.9_cuda12-archive/lib:/opt/hpcx/ucc/lib/:/opt/hpcx/ucx/lib/:/usr/local/cuda/compat/lib:/usr/local/nvidia/lib:/usr/local/nvidia/lib64:/opt/tritonserver/lib PYTHONPATH=/workspaces/isaac_ros-dev/build/isaac_ros_test:/workspaces/isaac_ros-dev/install/isaac_ros_test/lib/python3.10/site-packages:/workspaces/isaac_ros-dev/install/isaac_ros_tensor_list_interfaces/local/lib/python3.10/dist-packages:/workspaces/isaac_ros-dev/build/isaac_ros_launch_utils:/workspaces/isaac_ros-dev/install/isaac_ros_launch_utils/lib/python3.10/site-packages:/workspaces/isaac_ros-dev/install/isaac_ros_common/local/lib/python3.10/dist-packages:/workspaces/isaac_ros-dev/build/isaac_common_py:/workspaces/isaac_ros-dev/install/isaac_common_py/lib/python3.10/site-packages:/opt/ros/humble/lib/python3.10/site-packages:/opt/ros/humble/local/lib/python3.10/dist-packages:/opt/ros/humble/vcstool:/opt/tritonserver/backends/dali/wheel/dali /usr/bin/cmake /workspaces/isaac_ros-dev/src/isaac_ros_nitros/isaac_ros_nitros_type/isaac_ros_nitros_tensor_list_type -DBUILD_TESTING=OFF -DAMENT_CMAKE_SYMLINK_INSTALL=1 -DCMAKE_INSTALL_PREFIX=/workspaces/isaac_ros-dev/install/isaac_ros_nitros_tensor_list_type
[30.303s] DEBUG:colcon.colcon_core.event_handler.log_command:Invoking command in '/workspaces/isaac_ros-dev/build/isaac_ros_nitros_tensor_list_type': AMENT_PREFIX_PATH=/workspaces/isaac_ros-dev/install/isaac_ros_nitros:/workspaces/isaac_ros-dev/install/gxf_isaac_gxf_helpers:/workspaces/isaac_ros-dev/install/gxf_isaac_atlas:/workspaces/isaac_ros-dev/install/gxf_isaac_sight:/workspaces/isaac_ros-dev/install/gxf_isaac_optimizer:/workspaces/isaac_ros-dev/install/gxf_isaac_message_compositor:/workspaces/isaac_ros-dev/install/gxf_isaac_gems:/workspaces/isaac_ros-dev/install/isaac_ros_test:/workspaces/isaac_ros-dev/install/isaac_ros_tensor_list_interfaces:/workspaces/isaac_ros-dev/install/isaac_ros_gxf:/workspaces/isaac_ros-dev/install/isaac_ros_launch_utils:/workspaces/isaac_ros-dev/install/isaac_ros_common:/workspaces/isaac_ros-dev/install/isaac_common_py:/opt/ros/humble CMAKE_PREFIX_PATH=/workspaces/isaac_ros-dev/install/isaac_ros_nitros:/workspaces/isaac_ros-dev/install/gxf_isaac_gxf_helpers:/workspaces/isaac_ros-dev/install/gxf_isaac_atlas:/workspaces/isaac_ros-dev/install/gxf_isaac_sight:/workspaces/isaac_ros-dev/install/gxf_isaac_optimizer:/workspaces/isaac_ros-dev/install/gxf_isaac_message_compositor:/workspaces/isaac_ros-dev/install/gxf_isaac_gems:/workspaces/isaac_ros-dev/install/isaac_ros_tensor_list_interfaces:/workspaces/isaac_ros-dev/install/isaac_ros_gxf:/workspaces/isaac_ros-dev/install/isaac_ros_common:/usr/local/libcudss-linux-0.3.0.9_cuda12-archive:/workspaces/isaac_ros-dev/install/isaac_ros_test:/workspaces/isaac_ros-dev/install/isaac_ros_launch_utils:/workspaces/isaac_ros-dev/install/isaac_common_py:/opt/ros/humble LD_LIBRARY_PATH=/workspaces/isaac_ros-dev/install/isaac_ros_nitros/lib:/workspaces/isaac_ros-dev/install/gxf_isaac_gxf_helpers/lib:/workspaces/isaac_ros-dev/install/gxf_isaac_atlas/lib:/workspaces/isaac_ros-dev/install/gxf_isaac_sight/lib:/workspaces/isaac_ros-dev/install/gxf_isaac_optimizer/lib:/workspaces/isaac_ros-dev/install/gxf_isaac_message_compositor/lib:/workspaces/isaac_ros-dev/install/gxf_isaac_gems/lib:/workspaces/isaac_ros-dev/install/isaac_ros_tensor_list_interfaces/lib:/workspaces/isaac_ros-dev/install/isaac_ros_gxf/lib:/workspaces/isaac_ros-dev/install/isaac_ros_common/lib:/opt/ros/humble/opt/openvdb_vendor/lib:/opt/ros/humble/opt/rviz_ogre_vendor/lib:/opt/ros/humble/lib/x86_64-linux-gnu:/opt/ros/humble/lib:/usr/local/libcudss-linux-0.3.0.9_cuda12-archive/lib:/opt/hpcx/ucc/lib/:/opt/hpcx/ucx/lib/:/usr/local/cuda/compat/lib:/usr/local/nvidia/lib:/usr/local/nvidia/lib64:/opt/tritonserver/lib PYTHONPATH=/workspaces/isaac_ros-dev/build/isaac_ros_test:/workspaces/isaac_ros-dev/install/isaac_ros_test/lib/python3.10/site-packages:/workspaces/isaac_ros-dev/install/isaac_ros_tensor_list_interfaces/local/lib/python3.10/dist-packages:/workspaces/isaac_ros-dev/build/isaac_ros_launch_utils:/workspaces/isaac_ros-dev/install/isaac_ros_launch_utils/lib/python3.10/site-packages:/workspaces/isaac_ros-dev/install/isaac_ros_common/local/lib/python3.10/dist-packages:/workspaces/isaac_ros-dev/build/isaac_common_py:/workspaces/isaac_ros-dev/install/isaac_common_py/lib/python3.10/site-packages:/opt/ros/humble/lib/python3.10/site-packages:/opt/ros/humble/local/lib/python3.10/dist-packages:/opt/ros/humble/vcstool:/opt/tritonserver/backends/dali/wheel/dali /usr/bin/cmake --build /workspaces/isaac_ros-dev/build/isaac_ros_nitros_tensor_list_type -- -j16 -l16
[30.321s] DEBUG:colcon.colcon_core.event_handler.log_command:Invoked command in '/workspaces/isaac_ros-dev/build/isaac_ros_nitros_image_type' returned '0': AMENT_PREFIX_PATH=/workspaces/isaac_ros-dev/install/isaac_ros_nitros:/workspaces/isaac_ros-dev/install/gxf_isaac_gxf_helpers:/workspaces/isaac_ros-dev/install/gxf_isaac_atlas:/workspaces/isaac_ros-dev/install/gxf_isaac_sight:/workspaces/isaac_ros-dev/install/gxf_isaac_optimizer:/workspaces/isaac_ros-dev/install/gxf_isaac_message_compositor:/workspaces/isaac_ros-dev/install/gxf_isaac_gems:/workspaces/isaac_ros-dev/install/isaac_ros_test:/workspaces/isaac_ros-dev/install/isaac_ros_gxf:/workspaces/isaac_ros-dev/install/isaac_ros_launch_utils:/workspaces/isaac_ros-dev/install/isaac_ros_common:/workspaces/isaac_ros-dev/install/isaac_common_py:/opt/ros/humble CMAKE_PREFIX_PATH=/workspaces/isaac_ros-dev/install/isaac_ros_nitros:/workspaces/isaac_ros-dev/install/gxf_isaac_gxf_helpers:/workspaces/isaac_ros-dev/install/gxf_isaac_atlas:/workspaces/isaac_ros-dev/install/gxf_isaac_sight:/workspaces/isaac_ros-dev/install/gxf_isaac_optimizer:/workspaces/isaac_ros-dev/install/gxf_isaac_message_compositor:/workspaces/isaac_ros-dev/install/gxf_isaac_gems:/workspaces/isaac_ros-dev/install/isaac_ros_gxf:/workspaces/isaac_ros-dev/install/isaac_ros_common:/usr/local/libcudss-linux-0.3.0.9_cuda12-archive:/workspaces/isaac_ros-dev/install/isaac_ros_test:/workspaces/isaac_ros-dev/install/isaac_ros_launch_utils:/workspaces/isaac_ros-dev/install/isaac_common_py:/opt/ros/humble LD_LIBRARY_PATH=/workspaces/isaac_ros-dev/install/isaac_ros_nitros/lib:/workspaces/isaac_ros-dev/install/gxf_isaac_gxf_helpers/lib:/workspaces/isaac_ros-dev/install/gxf_isaac_atlas/lib:/workspaces/isaac_ros-dev/install/gxf_isaac_sight/lib:/workspaces/isaac_ros-dev/install/gxf_isaac_optimizer/lib:/workspaces/isaac_ros-dev/install/gxf_isaac_message_compositor/lib:/workspaces/isaac_ros-dev/install/gxf_isaac_gems/lib:/workspaces/isaac_ros-dev/install/isaac_ros_gxf/lib:/workspaces/isaac_ros-dev/install/isaac_ros_common/lib:/opt/ros/humble/opt/openvdb_vendor/lib:/opt/ros/humble/opt/rviz_ogre_vendor/lib:/opt/ros/humble/lib/x86_64-linux-gnu:/opt/ros/humble/lib:/usr/local/libcudss-linux-0.3.0.9_cuda12-archive/lib:/opt/hpcx/ucc/lib/:/opt/hpcx/ucx/lib/:/usr/local/cuda/compat/lib:/usr/local/nvidia/lib:/usr/local/nvidia/lib64:/opt/tritonserver/lib PYTHONPATH=/workspaces/isaac_ros-dev/build/isaac_ros_test:/workspaces/isaac_ros-dev/install/isaac_ros_test/lib/python3.10/site-packages:/workspaces/isaac_ros-dev/build/isaac_ros_launch_utils:/workspaces/isaac_ros-dev/install/isaac_ros_launch_utils/lib/python3.10/site-packages:/workspaces/isaac_ros-dev/install/isaac_ros_common/local/lib/python3.10/dist-packages:/workspaces/isaac_ros-dev/build/isaac_common_py:/workspaces/isaac_ros-dev/install/isaac_common_py/lib/python3.10/site-packages:/opt/ros/humble/lib/python3.10/site-packages:/opt/ros/humble/local/lib/python3.10/dist-packages:/opt/ros/humble/vcstool:/opt/tritonserver/backends/dali/wheel/dali /usr/bin/cmake /workspaces/isaac_ros-dev/src/isaac_ros_nitros/isaac_ros_nitros_type/isaac_ros_nitros_image_type -DBUILD_TESTING=OFF -DAMENT_CMAKE_SYMLINK_INSTALL=1 -DCMAKE_INSTALL_PREFIX=/workspaces/isaac_ros-dev/install/isaac_ros_nitros_image_type
[30.322s] DEBUG:colcon.colcon_core.event_handler.log_command:Invoking command in '/workspaces/isaac_ros-dev/build/isaac_ros_nitros_image_type': AMENT_PREFIX_PATH=/workspaces/isaac_ros-dev/install/isaac_ros_nitros:/workspaces/isaac_ros-dev/install/gxf_isaac_gxf_helpers:/workspaces/isaac_ros-dev/install/gxf_isaac_atlas:/workspaces/isaac_ros-dev/install/gxf_isaac_sight:/workspaces/isaac_ros-dev/install/gxf_isaac_optimizer:/workspaces/isaac_ros-dev/install/gxf_isaac_message_compositor:/workspaces/isaac_ros-dev/install/gxf_isaac_gems:/workspaces/isaac_ros-dev/install/isaac_ros_test:/workspaces/isaac_ros-dev/install/isaac_ros_gxf:/workspaces/isaac_ros-dev/install/isaac_ros_launch_utils:/workspaces/isaac_ros-dev/install/isaac_ros_common:/workspaces/isaac_ros-dev/install/isaac_common_py:/opt/ros/humble CMAKE_PREFIX_PATH=/workspaces/isaac_ros-dev/install/isaac_ros_nitros:/workspaces/isaac_ros-dev/install/gxf_isaac_gxf_helpers:/workspaces/isaac_ros-dev/install/gxf_isaac_atlas:/workspaces/isaac_ros-dev/install/gxf_isaac_sight:/workspaces/isaac_ros-dev/install/gxf_isaac_optimizer:/workspaces/isaac_ros-dev/install/gxf_isaac_message_compositor:/workspaces/isaac_ros-dev/install/gxf_isaac_gems:/workspaces/isaac_ros-dev/install/isaac_ros_gxf:/workspaces/isaac_ros-dev/install/isaac_ros_common:/usr/local/libcudss-linux-0.3.0.9_cuda12-archive:/workspaces/isaac_ros-dev/install/isaac_ros_test:/workspaces/isaac_ros-dev/install/isaac_ros_launch_utils:/workspaces/isaac_ros-dev/install/isaac_common_py:/opt/ros/humble LD_LIBRARY_PATH=/workspaces/isaac_ros-dev/install/isaac_ros_nitros/lib:/workspaces/isaac_ros-dev/install/gxf_isaac_gxf_helpers/lib:/workspaces/isaac_ros-dev/install/gxf_isaac_atlas/lib:/workspaces/isaac_ros-dev/install/gxf_isaac_sight/lib:/workspaces/isaac_ros-dev/install/gxf_isaac_optimizer/lib:/workspaces/isaac_ros-dev/install/gxf_isaac_message_compositor/lib:/workspaces/isaac_ros-dev/install/gxf_isaac_gems/lib:/workspaces/isaac_ros-dev/install/isaac_ros_gxf/lib:/workspaces/isaac_ros-dev/install/isaac_ros_common/lib:/opt/ros/humble/opt/openvdb_vendor/lib:/opt/ros/humble/opt/rviz_ogre_vendor/lib:/opt/ros/humble/lib/x86_64-linux-gnu:/opt/ros/humble/lib:/usr/local/libcudss-linux-0.3.0.9_cuda12-archive/lib:/opt/hpcx/ucc/lib/:/opt/hpcx/ucx/lib/:/usr/local/cuda/compat/lib:/usr/local/nvidia/lib:/usr/local/nvidia/lib64:/opt/tritonserver/lib PYTHONPATH=/workspaces/isaac_ros-dev/build/isaac_ros_test:/workspaces/isaac_ros-dev/install/isaac_ros_test/lib/python3.10/site-packages:/workspaces/isaac_ros-dev/build/isaac_ros_launch_utils:/workspaces/isaac_ros-dev/install/isaac_ros_launch_utils/lib/python3.10/site-packages:/workspaces/isaac_ros-dev/install/isaac_ros_common/local/lib/python3.10/dist-packages:/workspaces/isaac_ros-dev/build/isaac_common_py:/workspaces/isaac_ros-dev/install/isaac_common_py/lib/python3.10/site-packages:/opt/ros/humble/lib/python3.10/site-packages:/opt/ros/humble/local/lib/python3.10/dist-packages:/opt/ros/humble/vcstool:/opt/tritonserver/backends/dali/wheel/dali /usr/bin/cmake --build /workspaces/isaac_ros-dev/build/isaac_ros_nitros_image_type -- -j16 -l16
[30.324s] DEBUG:colcon.colcon_core.event_handler.log_command:Invoked command in '/workspaces/isaac_ros-dev/build/isaac_ros_nitros_detection3_d_array_type' returned '0': AMENT_PREFIX_PATH=/workspaces/isaac_ros-dev/install/isaac_ros_nitros:/workspaces/isaac_ros-dev/install/gxf_isaac_messages:/workspaces/isaac_ros-dev/install/gxf_isaac_gxf_helpers:/workspaces/isaac_ros-dev/install/gxf_isaac_atlas:/workspaces/isaac_ros-dev/install/gxf_isaac_sight:/workspaces/isaac_ros-dev/install/gxf_isaac_optimizer:/workspaces/isaac_ros-dev/install/gxf_isaac_message_compositor:/workspaces/isaac_ros-dev/install/gxf_isaac_gems:/workspaces/isaac_ros-dev/install/isaac_ros_test:/workspaces/isaac_ros-dev/install/isaac_ros_gxf:/workspaces/isaac_ros-dev/install/isaac_ros_launch_utils:/workspaces/isaac_ros-dev/install/isaac_ros_common:/workspaces/isaac_ros-dev/install/isaac_common_py:/opt/ros/humble CMAKE_PREFIX_PATH=/workspaces/isaac_ros-dev/install/isaac_ros_nitros:/workspaces/isaac_ros-dev/install/gxf_isaac_messages:/workspaces/isaac_ros-dev/install/gxf_isaac_gxf_helpers:/workspaces/isaac_ros-dev/install/gxf_isaac_atlas:/workspaces/isaac_ros-dev/install/gxf_isaac_sight:/workspaces/isaac_ros-dev/install/gxf_isaac_optimizer:/workspaces/isaac_ros-dev/install/gxf_isaac_message_compositor:/workspaces/isaac_ros-dev/install/gxf_isaac_gems:/workspaces/isaac_ros-dev/install/isaac_ros_gxf:/workspaces/isaac_ros-dev/install/isaac_ros_common:/usr/local/libcudss-linux-0.3.0.9_cuda12-archive:/workspaces/isaac_ros-dev/install/isaac_ros_test:/workspaces/isaac_ros-dev/install/isaac_ros_launch_utils:/workspaces/isaac_ros-dev/install/isaac_common_py:/opt/ros/humble LD_LIBRARY_PATH=/workspaces/isaac_ros-dev/install/isaac_ros_nitros/lib:/workspaces/isaac_ros-dev/install/gxf_isaac_messages/lib:/workspaces/isaac_ros-dev/install/gxf_isaac_gxf_helpers/lib:/workspaces/isaac_ros-dev/install/gxf_isaac_atlas/lib:/workspaces/isaac_ros-dev/install/gxf_isaac_sight/lib:/workspaces/isaac_ros-dev/install/gxf_isaac_optimizer/lib:/workspaces/isaac_ros-dev/install/gxf_isaac_message_compositor/lib:/workspaces/isaac_ros-dev/install/gxf_isaac_gems/lib:/workspaces/isaac_ros-dev/install/isaac_ros_gxf/lib:/workspaces/isaac_ros-dev/install/isaac_ros_common/lib:/opt/ros/humble/opt/openvdb_vendor/lib:/opt/ros/humble/opt/rviz_ogre_vendor/lib:/opt/ros/humble/lib/x86_64-linux-gnu:/opt/ros/humble/lib:/usr/local/libcudss-linux-0.3.0.9_cuda12-archive/lib:/opt/hpcx/ucc/lib/:/opt/hpcx/ucx/lib/:/usr/local/cuda/compat/lib:/usr/local/nvidia/lib:/usr/local/nvidia/lib64:/opt/tritonserver/lib PYTHONPATH=/workspaces/isaac_ros-dev/build/isaac_ros_test:/workspaces/isaac_ros-dev/install/isaac_ros_test/lib/python3.10/site-packages:/workspaces/isaac_ros-dev/build/isaac_ros_launch_utils:/workspaces/isaac_ros-dev/install/isaac_ros_launch_utils/lib/python3.10/site-packages:/workspaces/isaac_ros-dev/install/isaac_ros_common/local/lib/python3.10/dist-packages:/workspaces/isaac_ros-dev/build/isaac_common_py:/workspaces/isaac_ros-dev/install/isaac_common_py/lib/python3.10/site-packages:/opt/ros/humble/lib/python3.10/site-packages:/opt/ros/humble/local/lib/python3.10/dist-packages:/opt/ros/humble/vcstool:/opt/tritonserver/backends/dali/wheel/dali /usr/bin/cmake /workspaces/isaac_ros-dev/src/isaac_ros_nitros/isaac_ros_nitros_type/isaac_ros_nitros_detection3_d_array_type -DBUILD_TESTING=OFF -DAMENT_CMAKE_SYMLINK_INSTALL=1 -DCMAKE_INSTALL_PREFIX=/workspaces/isaac_ros-dev/install/isaac_ros_nitros_detection3_d_array_type
[30.325s] DEBUG:colcon.colcon_core.event_handler.log_command:Invoking command in '/workspaces/isaac_ros-dev/build/isaac_ros_nitros_detection3_d_array_type': AMENT_PREFIX_PATH=/workspaces/isaac_ros-dev/install/isaac_ros_nitros:/workspaces/isaac_ros-dev/install/gxf_isaac_messages:/workspaces/isaac_ros-dev/install/gxf_isaac_gxf_helpers:/workspaces/isaac_ros-dev/install/gxf_isaac_atlas:/workspaces/isaac_ros-dev/install/gxf_isaac_sight:/workspaces/isaac_ros-dev/install/gxf_isaac_optimizer:/workspaces/isaac_ros-dev/install/gxf_isaac_message_compositor:/workspaces/isaac_ros-dev/install/gxf_isaac_gems:/workspaces/isaac_ros-dev/install/isaac_ros_test:/workspaces/isaac_ros-dev/install/isaac_ros_gxf:/workspaces/isaac_ros-dev/install/isaac_ros_launch_utils:/workspaces/isaac_ros-dev/install/isaac_ros_common:/workspaces/isaac_ros-dev/install/isaac_common_py:/opt/ros/humble CMAKE_PREFIX_PATH=/workspaces/isaac_ros-dev/install/isaac_ros_nitros:/workspaces/isaac_ros-dev/install/gxf_isaac_messages:/workspaces/isaac_ros-dev/install/gxf_isaac_gxf_helpers:/workspaces/isaac_ros-dev/install/gxf_isaac_atlas:/workspaces/isaac_ros-dev/install/gxf_isaac_sight:/workspaces/isaac_ros-dev/install/gxf_isaac_optimizer:/workspaces/isaac_ros-dev/install/gxf_isaac_message_compositor:/workspaces/isaac_ros-dev/install/gxf_isaac_gems:/workspaces/isaac_ros-dev/install/isaac_ros_gxf:/workspaces/isaac_ros-dev/install/isaac_ros_common:/usr/local/libcudss-linux-0.3.0.9_cuda12-archive:/workspaces/isaac_ros-dev/install/isaac_ros_test:/workspaces/isaac_ros-dev/install/isaac_ros_launch_utils:/workspaces/isaac_ros-dev/install/isaac_common_py:/opt/ros/humble LD_LIBRARY_PATH=/workspaces/isaac_ros-dev/install/isaac_ros_nitros/lib:/workspaces/isaac_ros-dev/install/gxf_isaac_messages/lib:/workspaces/isaac_ros-dev/install/gxf_isaac_gxf_helpers/lib:/workspaces/isaac_ros-dev/install/gxf_isaac_atlas/lib:/workspaces/isaac_ros-dev/install/gxf_isaac_sight/lib:/workspaces/isaac_ros-dev/install/gxf_isaac_optimizer/lib:/workspaces/isaac_ros-dev/install/gxf_isaac_message_compositor/lib:/workspaces/isaac_ros-dev/install/gxf_isaac_gems/lib:/workspaces/isaac_ros-dev/install/isaac_ros_gxf/lib:/workspaces/isaac_ros-dev/install/isaac_ros_common/lib:/opt/ros/humble/opt/openvdb_vendor/lib:/opt/ros/humble/opt/rviz_ogre_vendor/lib:/opt/ros/humble/lib/x86_64-linux-gnu:/opt/ros/humble/lib:/usr/local/libcudss-linux-0.3.0.9_cuda12-archive/lib:/opt/hpcx/ucc/lib/:/opt/hpcx/ucx/lib/:/usr/local/cuda/compat/lib:/usr/local/nvidia/lib:/usr/local/nvidia/lib64:/opt/tritonserver/lib PYTHONPATH=/workspaces/isaac_ros-dev/build/isaac_ros_test:/workspaces/isaac_ros-dev/install/isaac_ros_test/lib/python3.10/site-packages:/workspaces/isaac_ros-dev/build/isaac_ros_launch_utils:/workspaces/isaac_ros-dev/install/isaac_ros_launch_utils/lib/python3.10/site-packages:/workspaces/isaac_ros-dev/install/isaac_ros_common/local/lib/python3.10/dist-packages:/workspaces/isaac_ros-dev/build/isaac_common_py:/workspaces/isaac_ros-dev/install/isaac_common_py/lib/python3.10/site-packages:/opt/ros/humble/lib/python3.10/site-packages:/opt/ros/humble/local/lib/python3.10/dist-packages:/opt/ros/humble/vcstool:/opt/tritonserver/backends/dali/wheel/dali /usr/bin/cmake --build /workspaces/isaac_ros-dev/build/isaac_ros_nitros_detection3_d_array_type -- -j16 -l16
[39.382s] DEBUG:colcon.colcon_core.event_handler.log_command:Invoked command in '/workspaces/isaac_ros-dev/build/isaac_ros_nitros_image_type' returned '0': AMENT_PREFIX_PATH=/workspaces/isaac_ros-dev/install/isaac_ros_nitros:/workspaces/isaac_ros-dev/install/gxf_isaac_gxf_helpers:/workspaces/isaac_ros-dev/install/gxf_isaac_atlas:/workspaces/isaac_ros-dev/install/gxf_isaac_sight:/workspaces/isaac_ros-dev/install/gxf_isaac_optimizer:/workspaces/isaac_ros-dev/install/gxf_isaac_message_compositor:/workspaces/isaac_ros-dev/install/gxf_isaac_gems:/workspaces/isaac_ros-dev/install/isaac_ros_test:/workspaces/isaac_ros-dev/install/isaac_ros_gxf:/workspaces/isaac_ros-dev/install/isaac_ros_launch_utils:/workspaces/isaac_ros-dev/install/isaac_ros_common:/workspaces/isaac_ros-dev/install/isaac_common_py:/opt/ros/humble CMAKE_PREFIX_PATH=/workspaces/isaac_ros-dev/install/isaac_ros_nitros:/workspaces/isaac_ros-dev/install/gxf_isaac_gxf_helpers:/workspaces/isaac_ros-dev/install/gxf_isaac_atlas:/workspaces/isaac_ros-dev/install/gxf_isaac_sight:/workspaces/isaac_ros-dev/install/gxf_isaac_optimizer:/workspaces/isaac_ros-dev/install/gxf_isaac_message_compositor:/workspaces/isaac_ros-dev/install/gxf_isaac_gems:/workspaces/isaac_ros-dev/install/isaac_ros_gxf:/workspaces/isaac_ros-dev/install/isaac_ros_common:/usr/local/libcudss-linux-0.3.0.9_cuda12-archive:/workspaces/isaac_ros-dev/install/isaac_ros_test:/workspaces/isaac_ros-dev/install/isaac_ros_launch_utils:/workspaces/isaac_ros-dev/install/isaac_common_py:/opt/ros/humble LD_LIBRARY_PATH=/workspaces/isaac_ros-dev/install/isaac_ros_nitros/lib:/workspaces/isaac_ros-dev/install/gxf_isaac_gxf_helpers/lib:/workspaces/isaac_ros-dev/install/gxf_isaac_atlas/lib:/workspaces/isaac_ros-dev/install/gxf_isaac_sight/lib:/workspaces/isaac_ros-dev/install/gxf_isaac_optimizer/lib:/workspaces/isaac_ros-dev/install/gxf_isaac_message_compositor/lib:/workspaces/isaac_ros-dev/install/gxf_isaac_gems/lib:/workspaces/isaac_ros-dev/install/isaac_ros_gxf/lib:/workspaces/isaac_ros-dev/install/isaac_ros_common/lib:/opt/ros/humble/opt/openvdb_vendor/lib:/opt/ros/humble/opt/rviz_ogre_vendor/lib:/opt/ros/humble/lib/x86_64-linux-gnu:/opt/ros/humble/lib:/usr/local/libcudss-linux-0.3.0.9_cuda12-archive/lib:/opt/hpcx/ucc/lib/:/opt/hpcx/ucx/lib/:/usr/local/cuda/compat/lib:/usr/local/nvidia/lib:/usr/local/nvidia/lib64:/opt/tritonserver/lib PYTHONPATH=/workspaces/isaac_ros-dev/build/isaac_ros_test:/workspaces/isaac_ros-dev/install/isaac_ros_test/lib/python3.10/site-packages:/workspaces/isaac_ros-dev/build/isaac_ros_launch_utils:/workspaces/isaac_ros-dev/install/isaac_ros_launch_utils/lib/python3.10/site-packages:/workspaces/isaac_ros-dev/install/isaac_ros_common/local/lib/python3.10/dist-packages:/workspaces/isaac_ros-dev/build/isaac_common_py:/workspaces/isaac_ros-dev/install/isaac_common_py/lib/python3.10/site-packages:/opt/ros/humble/lib/python3.10/site-packages:/opt/ros/humble/local/lib/python3.10/dist-packages:/opt/ros/humble/vcstool:/opt/tritonserver/backends/dali/wheel/dali /usr/bin/cmake --build /workspaces/isaac_ros-dev/build/isaac_ros_nitros_image_type -- -j16 -l16
[39.383s] DEBUG:colcon.colcon_core.event_handler.log_command:Invoking command in '/workspaces/isaac_ros-dev/build/isaac_ros_nitros_image_type': AMENT_PREFIX_PATH=/workspaces/isaac_ros-dev/install/isaac_ros_nitros:/workspaces/isaac_ros-dev/install/gxf_isaac_gxf_helpers:/workspaces/isaac_ros-dev/install/gxf_isaac_atlas:/workspaces/isaac_ros-dev/install/gxf_isaac_sight:/workspaces/isaac_ros-dev/install/gxf_isaac_optimizer:/workspaces/isaac_ros-dev/install/gxf_isaac_message_compositor:/workspaces/isaac_ros-dev/install/gxf_isaac_gems:/workspaces/isaac_ros-dev/install/isaac_ros_test:/workspaces/isaac_ros-dev/install/isaac_ros_gxf:/workspaces/isaac_ros-dev/install/isaac_ros_launch_utils:/workspaces/isaac_ros-dev/install/isaac_ros_common:/workspaces/isaac_ros-dev/install/isaac_common_py:/opt/ros/humble CMAKE_PREFIX_PATH=/workspaces/isaac_ros-dev/install/isaac_ros_nitros:/workspaces/isaac_ros-dev/install/gxf_isaac_gxf_helpers:/workspaces/isaac_ros-dev/install/gxf_isaac_atlas:/workspaces/isaac_ros-dev/install/gxf_isaac_sight:/workspaces/isaac_ros-dev/install/gxf_isaac_optimizer:/workspaces/isaac_ros-dev/install/gxf_isaac_message_compositor:/workspaces/isaac_ros-dev/install/gxf_isaac_gems:/workspaces/isaac_ros-dev/install/isaac_ros_gxf:/workspaces/isaac_ros-dev/install/isaac_ros_common:/usr/local/libcudss-linux-0.3.0.9_cuda12-archive:/workspaces/isaac_ros-dev/install/isaac_ros_test:/workspaces/isaac_ros-dev/install/isaac_ros_launch_utils:/workspaces/isaac_ros-dev/install/isaac_common_py:/opt/ros/humble LD_LIBRARY_PATH=/workspaces/isaac_ros-dev/install/isaac_ros_nitros/lib:/workspaces/isaac_ros-dev/install/gxf_isaac_gxf_helpers/lib:/workspaces/isaac_ros-dev/install/gxf_isaac_atlas/lib:/workspaces/isaac_ros-dev/install/gxf_isaac_sight/lib:/workspaces/isaac_ros-dev/install/gxf_isaac_optimizer/lib:/workspaces/isaac_ros-dev/install/gxf_isaac_message_compositor/lib:/workspaces/isaac_ros-dev/install/gxf_isaac_gems/lib:/workspaces/isaac_ros-dev/install/isaac_ros_gxf/lib:/workspaces/isaac_ros-dev/install/isaac_ros_common/lib:/opt/ros/humble/opt/openvdb_vendor/lib:/opt/ros/humble/opt/rviz_ogre_vendor/lib:/opt/ros/humble/lib/x86_64-linux-gnu:/opt/ros/humble/lib:/usr/local/libcudss-linux-0.3.0.9_cuda12-archive/lib:/opt/hpcx/ucc/lib/:/opt/hpcx/ucx/lib/:/usr/local/cuda/compat/lib:/usr/local/nvidia/lib:/usr/local/nvidia/lib64:/opt/tritonserver/lib PYTHONPATH=/workspaces/isaac_ros-dev/build/isaac_ros_test:/workspaces/isaac_ros-dev/install/isaac_ros_test/lib/python3.10/site-packages:/workspaces/isaac_ros-dev/build/isaac_ros_launch_utils:/workspaces/isaac_ros-dev/install/isaac_ros_launch_utils/lib/python3.10/site-packages:/workspaces/isaac_ros-dev/install/isaac_ros_common/local/lib/python3.10/dist-packages:/workspaces/isaac_ros-dev/build/isaac_common_py:/workspaces/isaac_ros-dev/install/isaac_common_py/lib/python3.10/site-packages:/opt/ros/humble/lib/python3.10/site-packages:/opt/ros/humble/local/lib/python3.10/dist-packages:/opt/ros/humble/vcstool:/opt/tritonserver/backends/dali/wheel/dali /usr/bin/cmake --install /workspaces/isaac_ros-dev/build/isaac_ros_nitros_image_type
[39.474s] DEBUG:colcon.colcon_core.event_handler.log_command:Invoked command in '/workspaces/isaac_ros-dev/build/isaac_ros_nitros_camera_info_type' returned '0': AMENT_PREFIX_PATH=/workspaces/isaac_ros-dev/install/isaac_ros_nitros:/workspaces/isaac_ros-dev/install/gxf_isaac_gxf_helpers:/workspaces/isaac_ros-dev/install/gxf_isaac_atlas:/workspaces/isaac_ros-dev/install/gxf_isaac_sight:/workspaces/isaac_ros-dev/install/gxf_isaac_optimizer:/workspaces/isaac_ros-dev/install/gxf_isaac_message_compositor:/workspaces/isaac_ros-dev/install/gxf_isaac_gems:/workspaces/isaac_ros-dev/install/isaac_ros_test:/workspaces/isaac_ros-dev/install/isaac_ros_gxf:/workspaces/isaac_ros-dev/install/isaac_ros_launch_utils:/workspaces/isaac_ros-dev/install/isaac_ros_common:/workspaces/isaac_ros-dev/install/isaac_common_py:/opt/ros/humble CMAKE_PREFIX_PATH=/workspaces/isaac_ros-dev/install/isaac_ros_nitros:/workspaces/isaac_ros-dev/install/gxf_isaac_gxf_helpers:/workspaces/isaac_ros-dev/install/gxf_isaac_atlas:/workspaces/isaac_ros-dev/install/gxf_isaac_sight:/workspaces/isaac_ros-dev/install/gxf_isaac_optimizer:/workspaces/isaac_ros-dev/install/gxf_isaac_message_compositor:/workspaces/isaac_ros-dev/install/gxf_isaac_gems:/workspaces/isaac_ros-dev/install/isaac_ros_gxf:/workspaces/isaac_ros-dev/install/isaac_ros_common:/usr/local/libcudss-linux-0.3.0.9_cuda12-archive:/workspaces/isaac_ros-dev/install/isaac_ros_test:/workspaces/isaac_ros-dev/install/isaac_ros_launch_utils:/workspaces/isaac_ros-dev/install/isaac_common_py:/opt/ros/humble LD_LIBRARY_PATH=/workspaces/isaac_ros-dev/install/isaac_ros_nitros/lib:/workspaces/isaac_ros-dev/install/gxf_isaac_gxf_helpers/lib:/workspaces/isaac_ros-dev/install/gxf_isaac_atlas/lib:/workspaces/isaac_ros-dev/install/gxf_isaac_sight/lib:/workspaces/isaac_ros-dev/install/gxf_isaac_optimizer/lib:/workspaces/isaac_ros-dev/install/gxf_isaac_message_compositor/lib:/workspaces/isaac_ros-dev/install/gxf_isaac_gems/lib:/workspaces/isaac_ros-dev/install/isaac_ros_gxf/lib:/workspaces/isaac_ros-dev/install/isaac_ros_common/lib:/opt/ros/humble/opt/openvdb_vendor/lib:/opt/ros/humble/opt/rviz_ogre_vendor/lib:/opt/ros/humble/lib/x86_64-linux-gnu:/opt/ros/humble/lib:/usr/local/libcudss-linux-0.3.0.9_cuda12-archive/lib:/opt/hpcx/ucc/lib/:/opt/hpcx/ucx/lib/:/usr/local/cuda/compat/lib:/usr/local/nvidia/lib:/usr/local/nvidia/lib64:/opt/tritonserver/lib PYTHONPATH=/workspaces/isaac_ros-dev/build/isaac_ros_test:/workspaces/isaac_ros-dev/install/isaac_ros_test/lib/python3.10/site-packages:/workspaces/isaac_ros-dev/build/isaac_ros_launch_utils:/workspaces/isaac_ros-dev/install/isaac_ros_launch_utils/lib/python3.10/site-packages:/workspaces/isaac_ros-dev/install/isaac_ros_common/local/lib/python3.10/dist-packages:/workspaces/isaac_ros-dev/build/isaac_common_py:/workspaces/isaac_ros-dev/install/isaac_common_py/lib/python3.10/site-packages:/opt/ros/humble/lib/python3.10/site-packages:/opt/ros/humble/local/lib/python3.10/dist-packages:/opt/ros/humble/vcstool:/opt/tritonserver/backends/dali/wheel/dali /usr/bin/cmake --build /workspaces/isaac_ros-dev/build/isaac_ros_nitros_camera_info_type -- -j16 -l16
[39.476s] DEBUG:colcon.colcon_core.event_handler.log_command:Invoking command in '/workspaces/isaac_ros-dev/build/isaac_ros_nitros_camera_info_type': AMENT_PREFIX_PATH=/workspaces/isaac_ros-dev/install/isaac_ros_nitros:/workspaces/isaac_ros-dev/install/gxf_isaac_gxf_helpers:/workspaces/isaac_ros-dev/install/gxf_isaac_atlas:/workspaces/isaac_ros-dev/install/gxf_isaac_sight:/workspaces/isaac_ros-dev/install/gxf_isaac_optimizer:/workspaces/isaac_ros-dev/install/gxf_isaac_message_compositor:/workspaces/isaac_ros-dev/install/gxf_isaac_gems:/workspaces/isaac_ros-dev/install/isaac_ros_test:/workspaces/isaac_ros-dev/install/isaac_ros_gxf:/workspaces/isaac_ros-dev/install/isaac_ros_launch_utils:/workspaces/isaac_ros-dev/install/isaac_ros_common:/workspaces/isaac_ros-dev/install/isaac_common_py:/opt/ros/humble CMAKE_PREFIX_PATH=/workspaces/isaac_ros-dev/install/isaac_ros_nitros:/workspaces/isaac_ros-dev/install/gxf_isaac_gxf_helpers:/workspaces/isaac_ros-dev/install/gxf_isaac_atlas:/workspaces/isaac_ros-dev/install/gxf_isaac_sight:/workspaces/isaac_ros-dev/install/gxf_isaac_optimizer:/workspaces/isaac_ros-dev/install/gxf_isaac_message_compositor:/workspaces/isaac_ros-dev/install/gxf_isaac_gems:/workspaces/isaac_ros-dev/install/isaac_ros_gxf:/workspaces/isaac_ros-dev/install/isaac_ros_common:/usr/local/libcudss-linux-0.3.0.9_cuda12-archive:/workspaces/isaac_ros-dev/install/isaac_ros_test:/workspaces/isaac_ros-dev/install/isaac_ros_launch_utils:/workspaces/isaac_ros-dev/install/isaac_common_py:/opt/ros/humble LD_LIBRARY_PATH=/workspaces/isaac_ros-dev/install/isaac_ros_nitros/lib:/workspaces/isaac_ros-dev/install/gxf_isaac_gxf_helpers/lib:/workspaces/isaac_ros-dev/install/gxf_isaac_atlas/lib:/workspaces/isaac_ros-dev/install/gxf_isaac_sight/lib:/workspaces/isaac_ros-dev/install/gxf_isaac_optimizer/lib:/workspaces/isaac_ros-dev/install/gxf_isaac_message_compositor/lib:/workspaces/isaac_ros-dev/install/gxf_isaac_gems/lib:/workspaces/isaac_ros-dev/install/isaac_ros_gxf/lib:/workspaces/isaac_ros-dev/install/isaac_ros_common/lib:/opt/ros/humble/opt/openvdb_vendor/lib:/opt/ros/humble/opt/rviz_ogre_vendor/lib:/opt/ros/humble/lib/x86_64-linux-gnu:/opt/ros/humble/lib:/usr/local/libcudss-linux-0.3.0.9_cuda12-archive/lib:/opt/hpcx/ucc/lib/:/opt/hpcx/ucx/lib/:/usr/local/cuda/compat/lib:/usr/local/nvidia/lib:/usr/local/nvidia/lib64:/opt/tritonserver/lib PYTHONPATH=/workspaces/isaac_ros-dev/build/isaac_ros_test:/workspaces/isaac_ros-dev/install/isaac_ros_test/lib/python3.10/site-packages:/workspaces/isaac_ros-dev/build/isaac_ros_launch_utils:/workspaces/isaac_ros-dev/install/isaac_ros_launch_utils/lib/python3.10/site-packages:/workspaces/isaac_ros-dev/install/isaac_ros_common/local/lib/python3.10/dist-packages:/workspaces/isaac_ros-dev/build/isaac_common_py:/workspaces/isaac_ros-dev/install/isaac_common_py/lib/python3.10/site-packages:/opt/ros/humble/lib/python3.10/site-packages:/opt/ros/humble/local/lib/python3.10/dist-packages:/opt/ros/humble/vcstool:/opt/tritonserver/backends/dali/wheel/dali /usr/bin/cmake --install /workspaces/isaac_ros-dev/build/isaac_ros_nitros_camera_info_type
[39.593s] Level 1:colcon.colcon_core.environment:create_environment_scripts_only(isaac_ros_nitros_image_type)
[39.594s] Level 1:colcon.colcon_core.environment:checking '/workspaces/isaac_ros-dev/install/isaac_ros_nitros_image_type' for CMake module files
[39.594s] DEBUG:colcon.colcon_core.event_handler.log_command:Invoked command in '/workspaces/isaac_ros-dev/build/isaac_ros_nitros_image_type' returned '0': AMENT_PREFIX_PATH=/workspaces/isaac_ros-dev/install/isaac_ros_nitros:/workspaces/isaac_ros-dev/install/gxf_isaac_gxf_helpers:/workspaces/isaac_ros-dev/install/gxf_isaac_atlas:/workspaces/isaac_ros-dev/install/gxf_isaac_sight:/workspaces/isaac_ros-dev/install/gxf_isaac_optimizer:/workspaces/isaac_ros-dev/install/gxf_isaac_message_compositor:/workspaces/isaac_ros-dev/install/gxf_isaac_gems:/workspaces/isaac_ros-dev/install/isaac_ros_test:/workspaces/isaac_ros-dev/install/isaac_ros_gxf:/workspaces/isaac_ros-dev/install/isaac_ros_launch_utils:/workspaces/isaac_ros-dev/install/isaac_ros_common:/workspaces/isaac_ros-dev/install/isaac_common_py:/opt/ros/humble CMAKE_PREFIX_PATH=/workspaces/isaac_ros-dev/install/isaac_ros_nitros:/workspaces/isaac_ros-dev/install/gxf_isaac_gxf_helpers:/workspaces/isaac_ros-dev/install/gxf_isaac_atlas:/workspaces/isaac_ros-dev/install/gxf_isaac_sight:/workspaces/isaac_ros-dev/install/gxf_isaac_optimizer:/workspaces/isaac_ros-dev/install/gxf_isaac_message_compositor:/workspaces/isaac_ros-dev/install/gxf_isaac_gems:/workspaces/isaac_ros-dev/install/isaac_ros_gxf:/workspaces/isaac_ros-dev/install/isaac_ros_common:/usr/local/libcudss-linux-0.3.0.9_cuda12-archive:/workspaces/isaac_ros-dev/install/isaac_ros_test:/workspaces/isaac_ros-dev/install/isaac_ros_launch_utils:/workspaces/isaac_ros-dev/install/isaac_common_py:/opt/ros/humble LD_LIBRARY_PATH=/workspaces/isaac_ros-dev/install/isaac_ros_nitros/lib:/workspaces/isaac_ros-dev/install/gxf_isaac_gxf_helpers/lib:/workspaces/isaac_ros-dev/install/gxf_isaac_atlas/lib:/workspaces/isaac_ros-dev/install/gxf_isaac_sight/lib:/workspaces/isaac_ros-dev/install/gxf_isaac_optimizer/lib:/workspaces/isaac_ros-dev/install/gxf_isaac_message_compositor/lib:/workspaces/isaac_ros-dev/install/gxf_isaac_gems/lib:/workspaces/isaac_ros-dev/install/isaac_ros_gxf/lib:/workspaces/isaac_ros-dev/install/isaac_ros_common/lib:/opt/ros/humble/opt/openvdb_vendor/lib:/opt/ros/humble/opt/rviz_ogre_vendor/lib:/opt/ros/humble/lib/x86_64-linux-gnu:/opt/ros/humble/lib:/usr/local/libcudss-linux-0.3.0.9_cuda12-archive/lib:/opt/hpcx/ucc/lib/:/opt/hpcx/ucx/lib/:/usr/local/cuda/compat/lib:/usr/local/nvidia/lib:/usr/local/nvidia/lib64:/opt/tritonserver/lib PYTHONPATH=/workspaces/isaac_ros-dev/build/isaac_ros_test:/workspaces/isaac_ros-dev/install/isaac_ros_test/lib/python3.10/site-packages:/workspaces/isaac_ros-dev/build/isaac_ros_launch_utils:/workspaces/isaac_ros-dev/install/isaac_ros_launch_utils/lib/python3.10/site-packages:/workspaces/isaac_ros-dev/install/isaac_ros_common/local/lib/python3.10/dist-packages:/workspaces/isaac_ros-dev/build/isaac_common_py:/workspaces/isaac_ros-dev/install/isaac_common_py/lib/python3.10/site-packages:/opt/ros/humble/lib/python3.10/site-packages:/opt/ros/humble/local/lib/python3.10/dist-packages:/opt/ros/humble/vcstool:/opt/tritonserver/backends/dali/wheel/dali /usr/bin/cmake --install /workspaces/isaac_ros-dev/build/isaac_ros_nitros_image_type
[39.595s] Level 1:colcon.colcon_core.environment:checking '/workspaces/isaac_ros-dev/install/isaac_ros_nitros_image_type' for CMake config files
[39.595s] Level 1:colcon.colcon_core.shell:create_environment_hook('isaac_ros_nitros_image_type', 'cmake_prefix_path')
[39.596s] INFO:colcon.colcon_core.shell:Creating environment hook '/workspaces/isaac_ros-dev/install/isaac_ros_nitros_image_type/share/isaac_ros_nitros_image_type/hook/cmake_prefix_path.ps1'
[39.596s] INFO:colcon.colcon_core.shell:Creating environment descriptor '/workspaces/isaac_ros-dev/install/isaac_ros_nitros_image_type/share/isaac_ros_nitros_image_type/hook/cmake_prefix_path.dsv'
[39.597s] INFO:colcon.colcon_core.shell:Creating environment hook '/workspaces/isaac_ros-dev/install/isaac_ros_nitros_image_type/share/isaac_ros_nitros_image_type/hook/cmake_prefix_path.sh'
[39.598s] Level 1:colcon.colcon_core.environment:checking '/workspaces/isaac_ros-dev/install/isaac_ros_nitros_image_type/lib'
[39.598s] Level 1:colcon.colcon_core.shell:create_environment_hook('isaac_ros_nitros_image_type', 'ld_library_path_lib')
[39.598s] INFO:colcon.colcon_core.shell:Creating environment hook '/workspaces/isaac_ros-dev/install/isaac_ros_nitros_image_type/share/isaac_ros_nitros_image_type/hook/ld_library_path_lib.ps1'
[39.599s] INFO:colcon.colcon_core.shell:Creating environment descriptor '/workspaces/isaac_ros-dev/install/isaac_ros_nitros_image_type/share/isaac_ros_nitros_image_type/hook/ld_library_path_lib.dsv'
[39.600s] INFO:colcon.colcon_core.shell:Creating environment hook '/workspaces/isaac_ros-dev/install/isaac_ros_nitros_image_type/share/isaac_ros_nitros_image_type/hook/ld_library_path_lib.sh'
[39.600s] Level 1:colcon.colcon_core.environment:checking '/workspaces/isaac_ros-dev/install/isaac_ros_nitros_image_type/bin'
[39.601s] Level 1:colcon.colcon_core.environment:checking '/workspaces/isaac_ros-dev/install/isaac_ros_nitros_image_type/lib/pkgconfig/isaac_ros_nitros_image_type.pc'
[39.601s] Level 1:colcon.colcon_core.environment:checking '/workspaces/isaac_ros-dev/install/isaac_ros_nitros_image_type/lib/python3.10/site-packages'
[39.601s] Level 1:colcon.colcon_core.environment:checking '/workspaces/isaac_ros-dev/install/isaac_ros_nitros_image_type/bin'
[39.602s] INFO:colcon.colcon_core.shell:Creating package script '/workspaces/isaac_ros-dev/install/isaac_ros_nitros_image_type/share/isaac_ros_nitros_image_type/package.ps1'
[39.602s] INFO:colcon.colcon_core.shell:Creating package descriptor '/workspaces/isaac_ros-dev/install/isaac_ros_nitros_image_type/share/isaac_ros_nitros_image_type/package.dsv'
[39.603s] INFO:colcon.colcon_core.shell:Creating package script '/workspaces/isaac_ros-dev/install/isaac_ros_nitros_image_type/share/isaac_ros_nitros_image_type/package.sh'
[39.603s] INFO:colcon.colcon_core.shell:Creating package script '/workspaces/isaac_ros-dev/install/isaac_ros_nitros_image_type/share/isaac_ros_nitros_image_type/package.bash'
[39.604s] INFO:colcon.colcon_core.shell:Creating package script '/workspaces/isaac_ros-dev/install/isaac_ros_nitros_image_type/share/isaac_ros_nitros_image_type/package.zsh'
[39.632s] Level 1:colcon.colcon_core.environment:create_file_with_runtime_dependencies(/workspaces/isaac_ros-dev/install/isaac_ros_nitros_image_type/share/colcon-core/packages/isaac_ros_nitros_image_type)
[39.633s] Level 1:colcon.colcon_core.environment:create_environment_scripts_only(isaac_ros_nitros_image_type)
[39.633s] Level 1:colcon.colcon_core.environment:checking '/workspaces/isaac_ros-dev/install/isaac_ros_nitros_image_type' for CMake module files
[39.634s] Level 1:colcon.colcon_core.environment:checking '/workspaces/isaac_ros-dev/install/isaac_ros_nitros_image_type' for CMake config files
[39.634s] Level 1:colcon.colcon_core.shell:create_environment_hook('isaac_ros_nitros_image_type', 'cmake_prefix_path')
[39.635s] INFO:colcon.colcon_core.shell:Creating environment hook '/workspaces/isaac_ros-dev/install/isaac_ros_nitros_image_type/share/isaac_ros_nitros_image_type/hook/cmake_prefix_path.ps1'
[39.635s] INFO:colcon.colcon_core.shell:Creating environment descriptor '/workspaces/isaac_ros-dev/install/isaac_ros_nitros_image_type/share/isaac_ros_nitros_image_type/hook/cmake_prefix_path.dsv'
[39.636s] INFO:colcon.colcon_core.shell:Creating environment hook '/workspaces/isaac_ros-dev/install/isaac_ros_nitros_image_type/share/isaac_ros_nitros_image_type/hook/cmake_prefix_path.sh'
[39.636s] Level 1:colcon.colcon_core.environment:checking '/workspaces/isaac_ros-dev/install/isaac_ros_nitros_image_type/lib'
[39.636s] Level 1:colcon.colcon_core.shell:create_environment_hook('isaac_ros_nitros_image_type', 'ld_library_path_lib')
[39.637s] INFO:colcon.colcon_core.shell:Creating environment hook '/workspaces/isaac_ros-dev/install/isaac_ros_nitros_image_type/share/isaac_ros_nitros_image_type/hook/ld_library_path_lib.ps1'
[39.637s] INFO:colcon.colcon_core.shell:Creating environment descriptor '/workspaces/isaac_ros-dev/install/isaac_ros_nitros_image_type/share/isaac_ros_nitros_image_type/hook/ld_library_path_lib.dsv'
[39.637s] INFO:colcon.colcon_core.shell:Creating environment hook '/workspaces/isaac_ros-dev/install/isaac_ros_nitros_image_type/share/isaac_ros_nitros_image_type/hook/ld_library_path_lib.sh'
[39.637s] Level 1:colcon.colcon_core.environment:checking '/workspaces/isaac_ros-dev/install/isaac_ros_nitros_image_type/bin'
[39.637s] Level 1:colcon.colcon_core.environment:checking '/workspaces/isaac_ros-dev/install/isaac_ros_nitros_image_type/lib/pkgconfig/isaac_ros_nitros_image_type.pc'
[39.638s] Level 1:colcon.colcon_core.environment:checking '/workspaces/isaac_ros-dev/install/isaac_ros_nitros_image_type/lib/python3.10/site-packages'
[39.638s] Level 1:colcon.colcon_core.environment:checking '/workspaces/isaac_ros-dev/install/isaac_ros_nitros_image_type/bin'
[39.638s] INFO:colcon.colcon_core.shell:Creating package script '/workspaces/isaac_ros-dev/install/isaac_ros_nitros_image_type/share/isaac_ros_nitros_image_type/package.ps1'
[39.638s] INFO:colcon.colcon_core.shell:Creating package descriptor '/workspaces/isaac_ros-dev/install/isaac_ros_nitros_image_type/share/isaac_ros_nitros_image_type/package.dsv'
[39.639s] INFO:colcon.colcon_core.shell:Creating package script '/workspaces/isaac_ros-dev/install/isaac_ros_nitros_image_type/share/isaac_ros_nitros_image_type/package.sh'
[39.639s] INFO:colcon.colcon_core.shell:Creating package script '/workspaces/isaac_ros-dev/install/isaac_ros_nitros_image_type/share/isaac_ros_nitros_image_type/package.bash'
[39.639s] INFO:colcon.colcon_core.shell:Creating package script '/workspaces/isaac_ros-dev/install/isaac_ros_nitros_image_type/share/isaac_ros_nitros_image_type/package.zsh'
[39.640s] Level 1:colcon.colcon_core.environment:create_file_with_runtime_dependencies(/workspaces/isaac_ros-dev/install/isaac_ros_nitros_image_type/share/colcon-core/packages/isaac_ros_nitros_image_type)
[39.686s] Level 1:colcon.colcon_core.environment:create_environment_scripts_only(isaac_ros_nitros_camera_info_type)
[39.686s] Level 1:colcon.colcon_core.environment:checking '/workspaces/isaac_ros-dev/install/isaac_ros_nitros_camera_info_type' for CMake module files
[39.687s] DEBUG:colcon.colcon_core.event_handler.log_command:Invoked command in '/workspaces/isaac_ros-dev/build/isaac_ros_nitros_camera_info_type' returned '0': AMENT_PREFIX_PATH=/workspaces/isaac_ros-dev/install/isaac_ros_nitros:/workspaces/isaac_ros-dev/install/gxf_isaac_gxf_helpers:/workspaces/isaac_ros-dev/install/gxf_isaac_atlas:/workspaces/isaac_ros-dev/install/gxf_isaac_sight:/workspaces/isaac_ros-dev/install/gxf_isaac_optimizer:/workspaces/isaac_ros-dev/install/gxf_isaac_message_compositor:/workspaces/isaac_ros-dev/install/gxf_isaac_gems:/workspaces/isaac_ros-dev/install/isaac_ros_test:/workspaces/isaac_ros-dev/install/isaac_ros_gxf:/workspaces/isaac_ros-dev/install/isaac_ros_launch_utils:/workspaces/isaac_ros-dev/install/isaac_ros_common:/workspaces/isaac_ros-dev/install/isaac_common_py:/opt/ros/humble CMAKE_PREFIX_PATH=/workspaces/isaac_ros-dev/install/isaac_ros_nitros:/workspaces/isaac_ros-dev/install/gxf_isaac_gxf_helpers:/workspaces/isaac_ros-dev/install/gxf_isaac_atlas:/workspaces/isaac_ros-dev/install/gxf_isaac_sight:/workspaces/isaac_ros-dev/install/gxf_isaac_optimizer:/workspaces/isaac_ros-dev/install/gxf_isaac_message_compositor:/workspaces/isaac_ros-dev/install/gxf_isaac_gems:/workspaces/isaac_ros-dev/install/isaac_ros_gxf:/workspaces/isaac_ros-dev/install/isaac_ros_common:/usr/local/libcudss-linux-0.3.0.9_cuda12-archive:/workspaces/isaac_ros-dev/install/isaac_ros_test:/workspaces/isaac_ros-dev/install/isaac_ros_launch_utils:/workspaces/isaac_ros-dev/install/isaac_common_py:/opt/ros/humble LD_LIBRARY_PATH=/workspaces/isaac_ros-dev/install/isaac_ros_nitros/lib:/workspaces/isaac_ros-dev/install/gxf_isaac_gxf_helpers/lib:/workspaces/isaac_ros-dev/install/gxf_isaac_atlas/lib:/workspaces/isaac_ros-dev/install/gxf_isaac_sight/lib:/workspaces/isaac_ros-dev/install/gxf_isaac_optimizer/lib:/workspaces/isaac_ros-dev/install/gxf_isaac_message_compositor/lib:/workspaces/isaac_ros-dev/install/gxf_isaac_gems/lib:/workspaces/isaac_ros-dev/install/isaac_ros_gxf/lib:/workspaces/isaac_ros-dev/install/isaac_ros_common/lib:/opt/ros/humble/opt/openvdb_vendor/lib:/opt/ros/humble/opt/rviz_ogre_vendor/lib:/opt/ros/humble/lib/x86_64-linux-gnu:/opt/ros/humble/lib:/usr/local/libcudss-linux-0.3.0.9_cuda12-archive/lib:/opt/hpcx/ucc/lib/:/opt/hpcx/ucx/lib/:/usr/local/cuda/compat/lib:/usr/local/nvidia/lib:/usr/local/nvidia/lib64:/opt/tritonserver/lib PYTHONPATH=/workspaces/isaac_ros-dev/build/isaac_ros_test:/workspaces/isaac_ros-dev/install/isaac_ros_test/lib/python3.10/site-packages:/workspaces/isaac_ros-dev/build/isaac_ros_launch_utils:/workspaces/isaac_ros-dev/install/isaac_ros_launch_utils/lib/python3.10/site-packages:/workspaces/isaac_ros-dev/install/isaac_ros_common/local/lib/python3.10/dist-packages:/workspaces/isaac_ros-dev/build/isaac_common_py:/workspaces/isaac_ros-dev/install/isaac_common_py/lib/python3.10/site-packages:/opt/ros/humble/lib/python3.10/site-packages:/opt/ros/humble/local/lib/python3.10/dist-packages:/opt/ros/humble/vcstool:/opt/tritonserver/backends/dali/wheel/dali /usr/bin/cmake --install /workspaces/isaac_ros-dev/build/isaac_ros_nitros_camera_info_type
[39.688s] Level 1:colcon.colcon_core.environment:checking '/workspaces/isaac_ros-dev/install/isaac_ros_nitros_camera_info_type' for CMake config files
[39.688s] Level 1:colcon.colcon_core.shell:create_environment_hook('isaac_ros_nitros_camera_info_type', 'cmake_prefix_path')
[39.688s] INFO:colcon.colcon_core.shell:Creating environment hook '/workspaces/isaac_ros-dev/install/isaac_ros_nitros_camera_info_type/share/isaac_ros_nitros_camera_info_type/hook/cmake_prefix_path.ps1'
[39.689s] INFO:colcon.colcon_core.shell:Creating environment descriptor '/workspaces/isaac_ros-dev/install/isaac_ros_nitros_camera_info_type/share/isaac_ros_nitros_camera_info_type/hook/cmake_prefix_path.dsv'
[39.689s] INFO:colcon.colcon_core.shell:Creating environment hook '/workspaces/isaac_ros-dev/install/isaac_ros_nitros_camera_info_type/share/isaac_ros_nitros_camera_info_type/hook/cmake_prefix_path.sh'
[39.690s] Level 1:colcon.colcon_core.environment:checking '/workspaces/isaac_ros-dev/install/isaac_ros_nitros_camera_info_type/lib'
[39.690s] Level 1:colcon.colcon_core.shell:create_environment_hook('isaac_ros_nitros_camera_info_type', 'ld_library_path_lib')
[39.690s] INFO:colcon.colcon_core.shell:Creating environment hook '/workspaces/isaac_ros-dev/install/isaac_ros_nitros_camera_info_type/share/isaac_ros_nitros_camera_info_type/hook/ld_library_path_lib.ps1'
[39.690s] INFO:colcon.colcon_core.shell:Creating environment descriptor '/workspaces/isaac_ros-dev/install/isaac_ros_nitros_camera_info_type/share/isaac_ros_nitros_camera_info_type/hook/ld_library_path_lib.dsv'
[39.690s] INFO:colcon.colcon_core.shell:Creating environment hook '/workspaces/isaac_ros-dev/install/isaac_ros_nitros_camera_info_type/share/isaac_ros_nitros_camera_info_type/hook/ld_library_path_lib.sh'
[39.691s] Level 1:colcon.colcon_core.environment:checking '/workspaces/isaac_ros-dev/install/isaac_ros_nitros_camera_info_type/bin'
[39.691s] Level 1:colcon.colcon_core.environment:checking '/workspaces/isaac_ros-dev/install/isaac_ros_nitros_camera_info_type/lib/pkgconfig/isaac_ros_nitros_camera_info_type.pc'
[39.691s] Level 1:colcon.colcon_core.environment:checking '/workspaces/isaac_ros-dev/install/isaac_ros_nitros_camera_info_type/lib/python3.10/site-packages'
[39.691s] Level 1:colcon.colcon_core.environment:checking '/workspaces/isaac_ros-dev/install/isaac_ros_nitros_camera_info_type/bin'
[39.692s] INFO:colcon.colcon_core.shell:Creating package script '/workspaces/isaac_ros-dev/install/isaac_ros_nitros_camera_info_type/share/isaac_ros_nitros_camera_info_type/package.ps1'
[39.692s] INFO:colcon.colcon_core.shell:Creating package descriptor '/workspaces/isaac_ros-dev/install/isaac_ros_nitros_camera_info_type/share/isaac_ros_nitros_camera_info_type/package.dsv'
[39.692s] INFO:colcon.colcon_core.shell:Creating package script '/workspaces/isaac_ros-dev/install/isaac_ros_nitros_camera_info_type/share/isaac_ros_nitros_camera_info_type/package.sh'
[39.693s] INFO:colcon.colcon_core.shell:Creating package script '/workspaces/isaac_ros-dev/install/isaac_ros_nitros_camera_info_type/share/isaac_ros_nitros_camera_info_type/package.bash'
[39.693s] INFO:colcon.colcon_core.shell:Creating package script '/workspaces/isaac_ros-dev/install/isaac_ros_nitros_camera_info_type/share/isaac_ros_nitros_camera_info_type/package.zsh'
[39.693s] Level 1:colcon.colcon_core.environment:create_file_with_runtime_dependencies(/workspaces/isaac_ros-dev/install/isaac_ros_nitros_camera_info_type/share/colcon-core/packages/isaac_ros_nitros_camera_info_type)
[39.693s] Level 1:colcon.colcon_core.environment:create_environment_scripts_only(isaac_ros_nitros_camera_info_type)
[39.694s] Level 1:colcon.colcon_core.environment:checking '/workspaces/isaac_ros-dev/install/isaac_ros_nitros_camera_info_type' for CMake module files
[39.694s] Level 1:colcon.colcon_core.environment:checking '/workspaces/isaac_ros-dev/install/isaac_ros_nitros_camera_info_type' for CMake config files
[39.694s] Level 1:colcon.colcon_core.shell:create_environment_hook('isaac_ros_nitros_camera_info_type', 'cmake_prefix_path')
[39.694s] INFO:colcon.colcon_core.shell:Creating environment hook '/workspaces/isaac_ros-dev/install/isaac_ros_nitros_camera_info_type/share/isaac_ros_nitros_camera_info_type/hook/cmake_prefix_path.ps1'
[39.695s] INFO:colcon.colcon_core.shell:Creating environment descriptor '/workspaces/isaac_ros-dev/install/isaac_ros_nitros_camera_info_type/share/isaac_ros_nitros_camera_info_type/hook/cmake_prefix_path.dsv'
[39.695s] INFO:colcon.colcon_core.shell:Creating environment hook '/workspaces/isaac_ros-dev/install/isaac_ros_nitros_camera_info_type/share/isaac_ros_nitros_camera_info_type/hook/cmake_prefix_path.sh'
[39.695s] Level 1:colcon.colcon_core.environment:checking '/workspaces/isaac_ros-dev/install/isaac_ros_nitros_camera_info_type/lib'
[39.695s] Level 1:colcon.colcon_core.shell:create_environment_hook('isaac_ros_nitros_camera_info_type', 'ld_library_path_lib')
[39.696s] INFO:colcon.colcon_core.shell:Creating environment hook '/workspaces/isaac_ros-dev/install/isaac_ros_nitros_camera_info_type/share/isaac_ros_nitros_camera_info_type/hook/ld_library_path_lib.ps1'
[39.696s] INFO:colcon.colcon_core.shell:Creating environment descriptor '/workspaces/isaac_ros-dev/install/isaac_ros_nitros_camera_info_type/share/isaac_ros_nitros_camera_info_type/hook/ld_library_path_lib.dsv'
[39.696s] INFO:colcon.colcon_core.shell:Creating environment hook '/workspaces/isaac_ros-dev/install/isaac_ros_nitros_camera_info_type/share/isaac_ros_nitros_camera_info_type/hook/ld_library_path_lib.sh'
[39.696s] Level 1:colcon.colcon_core.environment:checking '/workspaces/isaac_ros-dev/install/isaac_ros_nitros_camera_info_type/bin'
[39.696s] Level 1:colcon.colcon_core.environment:checking '/workspaces/isaac_ros-dev/install/isaac_ros_nitros_camera_info_type/lib/pkgconfig/isaac_ros_nitros_camera_info_type.pc'
[39.696s] Level 1:colcon.colcon_core.environment:checking '/workspaces/isaac_ros-dev/install/isaac_ros_nitros_camera_info_type/lib/python3.10/site-packages'
[39.697s] Level 1:colcon.colcon_core.environment:checking '/workspaces/isaac_ros-dev/install/isaac_ros_nitros_camera_info_type/bin'
[39.697s] INFO:colcon.colcon_core.shell:Creating package script '/workspaces/isaac_ros-dev/install/isaac_ros_nitros_camera_info_type/share/isaac_ros_nitros_camera_info_type/package.ps1'
[39.697s] INFO:colcon.colcon_core.shell:Creating package descriptor '/workspaces/isaac_ros-dev/install/isaac_ros_nitros_camera_info_type/share/isaac_ros_nitros_camera_info_type/package.dsv'
[39.698s] INFO:colcon.colcon_core.shell:Creating package script '/workspaces/isaac_ros-dev/install/isaac_ros_nitros_camera_info_type/share/isaac_ros_nitros_camera_info_type/package.sh'
[39.698s] INFO:colcon.colcon_core.shell:Creating package script '/workspaces/isaac_ros-dev/install/isaac_ros_nitros_camera_info_type/share/isaac_ros_nitros_camera_info_type/package.bash'
[39.698s] INFO:colcon.colcon_core.shell:Creating package script '/workspaces/isaac_ros-dev/install/isaac_ros_nitros_camera_info_type/share/isaac_ros_nitros_camera_info_type/package.zsh'
[39.698s] Level 1:colcon.colcon_core.environment:create_file_with_runtime_dependencies(/workspaces/isaac_ros-dev/install/isaac_ros_nitros_camera_info_type/share/colcon-core/packages/isaac_ros_nitros_camera_info_type)
[39.732s] DEBUG:colcon.colcon_core.event_handler.log_command:Invoked command in '/workspaces/isaac_ros-dev/build/isaac_ros_nitros_detection3_d_array_type' returned '0': AMENT_PREFIX_PATH=/workspaces/isaac_ros-dev/install/isaac_ros_nitros:/workspaces/isaac_ros-dev/install/gxf_isaac_messages:/workspaces/isaac_ros-dev/install/gxf_isaac_gxf_helpers:/workspaces/isaac_ros-dev/install/gxf_isaac_atlas:/workspaces/isaac_ros-dev/install/gxf_isaac_sight:/workspaces/isaac_ros-dev/install/gxf_isaac_optimizer:/workspaces/isaac_ros-dev/install/gxf_isaac_message_compositor:/workspaces/isaac_ros-dev/install/gxf_isaac_gems:/workspaces/isaac_ros-dev/install/isaac_ros_test:/workspaces/isaac_ros-dev/install/isaac_ros_gxf:/workspaces/isaac_ros-dev/install/isaac_ros_launch_utils:/workspaces/isaac_ros-dev/install/isaac_ros_common:/workspaces/isaac_ros-dev/install/isaac_common_py:/opt/ros/humble CMAKE_PREFIX_PATH=/workspaces/isaac_ros-dev/install/isaac_ros_nitros:/workspaces/isaac_ros-dev/install/gxf_isaac_messages:/workspaces/isaac_ros-dev/install/gxf_isaac_gxf_helpers:/workspaces/isaac_ros-dev/install/gxf_isaac_atlas:/workspaces/isaac_ros-dev/install/gxf_isaac_sight:/workspaces/isaac_ros-dev/install/gxf_isaac_optimizer:/workspaces/isaac_ros-dev/install/gxf_isaac_message_compositor:/workspaces/isaac_ros-dev/install/gxf_isaac_gems:/workspaces/isaac_ros-dev/install/isaac_ros_gxf:/workspaces/isaac_ros-dev/install/isaac_ros_common:/usr/local/libcudss-linux-0.3.0.9_cuda12-archive:/workspaces/isaac_ros-dev/install/isaac_ros_test:/workspaces/isaac_ros-dev/install/isaac_ros_launch_utils:/workspaces/isaac_ros-dev/install/isaac_common_py:/opt/ros/humble LD_LIBRARY_PATH=/workspaces/isaac_ros-dev/install/isaac_ros_nitros/lib:/workspaces/isaac_ros-dev/install/gxf_isaac_messages/lib:/workspaces/isaac_ros-dev/install/gxf_isaac_gxf_helpers/lib:/workspaces/isaac_ros-dev/install/gxf_isaac_atlas/lib:/workspaces/isaac_ros-dev/install/gxf_isaac_sight/lib:/workspaces/isaac_ros-dev/install/gxf_isaac_optimizer/lib:/workspaces/isaac_ros-dev/install/gxf_isaac_message_compositor/lib:/workspaces/isaac_ros-dev/install/gxf_isaac_gems/lib:/workspaces/isaac_ros-dev/install/isaac_ros_gxf/lib:/workspaces/isaac_ros-dev/install/isaac_ros_common/lib:/opt/ros/humble/opt/openvdb_vendor/lib:/opt/ros/humble/opt/rviz_ogre_vendor/lib:/opt/ros/humble/lib/x86_64-linux-gnu:/opt/ros/humble/lib:/usr/local/libcudss-linux-0.3.0.9_cuda12-archive/lib:/opt/hpcx/ucc/lib/:/opt/hpcx/ucx/lib/:/usr/local/cuda/compat/lib:/usr/local/nvidia/lib:/usr/local/nvidia/lib64:/opt/tritonserver/lib PYTHONPATH=/workspaces/isaac_ros-dev/build/isaac_ros_test:/workspaces/isaac_ros-dev/install/isaac_ros_test/lib/python3.10/site-packages:/workspaces/isaac_ros-dev/build/isaac_ros_launch_utils:/workspaces/isaac_ros-dev/install/isaac_ros_launch_utils/lib/python3.10/site-packages:/workspaces/isaac_ros-dev/install/isaac_ros_common/local/lib/python3.10/dist-packages:/workspaces/isaac_ros-dev/build/isaac_common_py:/workspaces/isaac_ros-dev/install/isaac_common_py/lib/python3.10/site-packages:/opt/ros/humble/lib/python3.10/site-packages:/opt/ros/humble/local/lib/python3.10/dist-packages:/opt/ros/humble/vcstool:/opt/tritonserver/backends/dali/wheel/dali /usr/bin/cmake --build /workspaces/isaac_ros-dev/build/isaac_ros_nitros_detection3_d_array_type -- -j16 -l16
[39.733s] DEBUG:colcon.colcon_core.event_handler.log_command:Invoking command in '/workspaces/isaac_ros-dev/build/isaac_ros_nitros_detection3_d_array_type': AMENT_PREFIX_PATH=/workspaces/isaac_ros-dev/install/isaac_ros_nitros:/workspaces/isaac_ros-dev/install/gxf_isaac_messages:/workspaces/isaac_ros-dev/install/gxf_isaac_gxf_helpers:/workspaces/isaac_ros-dev/install/gxf_isaac_atlas:/workspaces/isaac_ros-dev/install/gxf_isaac_sight:/workspaces/isaac_ros-dev/install/gxf_isaac_optimizer:/workspaces/isaac_ros-dev/install/gxf_isaac_message_compositor:/workspaces/isaac_ros-dev/install/gxf_isaac_gems:/workspaces/isaac_ros-dev/install/isaac_ros_test:/workspaces/isaac_ros-dev/install/isaac_ros_gxf:/workspaces/isaac_ros-dev/install/isaac_ros_launch_utils:/workspaces/isaac_ros-dev/install/isaac_ros_common:/workspaces/isaac_ros-dev/install/isaac_common_py:/opt/ros/humble CMAKE_PREFIX_PATH=/workspaces/isaac_ros-dev/install/isaac_ros_nitros:/workspaces/isaac_ros-dev/install/gxf_isaac_messages:/workspaces/isaac_ros-dev/install/gxf_isaac_gxf_helpers:/workspaces/isaac_ros-dev/install/gxf_isaac_atlas:/workspaces/isaac_ros-dev/install/gxf_isaac_sight:/workspaces/isaac_ros-dev/install/gxf_isaac_optimizer:/workspaces/isaac_ros-dev/install/gxf_isaac_message_compositor:/workspaces/isaac_ros-dev/install/gxf_isaac_gems:/workspaces/isaac_ros-dev/install/isaac_ros_gxf:/workspaces/isaac_ros-dev/install/isaac_ros_common:/usr/local/libcudss-linux-0.3.0.9_cuda12-archive:/workspaces/isaac_ros-dev/install/isaac_ros_test:/workspaces/isaac_ros-dev/install/isaac_ros_launch_utils:/workspaces/isaac_ros-dev/install/isaac_common_py:/opt/ros/humble LD_LIBRARY_PATH=/workspaces/isaac_ros-dev/install/isaac_ros_nitros/lib:/workspaces/isaac_ros-dev/install/gxf_isaac_messages/lib:/workspaces/isaac_ros-dev/install/gxf_isaac_gxf_helpers/lib:/workspaces/isaac_ros-dev/install/gxf_isaac_atlas/lib:/workspaces/isaac_ros-dev/install/gxf_isaac_sight/lib:/workspaces/isaac_ros-dev/install/gxf_isaac_optimizer/lib:/workspaces/isaac_ros-dev/install/gxf_isaac_message_compositor/lib:/workspaces/isaac_ros-dev/install/gxf_isaac_gems/lib:/workspaces/isaac_ros-dev/install/isaac_ros_gxf/lib:/workspaces/isaac_ros-dev/install/isaac_ros_common/lib:/opt/ros/humble/opt/openvdb_vendor/lib:/opt/ros/humble/opt/rviz_ogre_vendor/lib:/opt/ros/humble/lib/x86_64-linux-gnu:/opt/ros/humble/lib:/usr/local/libcudss-linux-0.3.0.9_cuda12-archive/lib:/opt/hpcx/ucc/lib/:/opt/hpcx/ucx/lib/:/usr/local/cuda/compat/lib:/usr/local/nvidia/lib:/usr/local/nvidia/lib64:/opt/tritonserver/lib PYTHONPATH=/workspaces/isaac_ros-dev/build/isaac_ros_test:/workspaces/isaac_ros-dev/install/isaac_ros_test/lib/python3.10/site-packages:/workspaces/isaac_ros-dev/build/isaac_ros_launch_utils:/workspaces/isaac_ros-dev/install/isaac_ros_launch_utils/lib/python3.10/site-packages:/workspaces/isaac_ros-dev/install/isaac_ros_common/local/lib/python3.10/dist-packages:/workspaces/isaac_ros-dev/build/isaac_common_py:/workspaces/isaac_ros-dev/install/isaac_common_py/lib/python3.10/site-packages:/opt/ros/humble/lib/python3.10/site-packages:/opt/ros/humble/local/lib/python3.10/dist-packages:/opt/ros/humble/vcstool:/opt/tritonserver/backends/dali/wheel/dali /usr/bin/cmake --install /workspaces/isaac_ros-dev/build/isaac_ros_nitros_detection3_d_array_type
[39.935s] Level 1:colcon.colcon_core.environment:create_environment_scripts_only(isaac_ros_nitros_detection3_d_array_type)
[39.936s] Level 1:colcon.colcon_core.environment:checking '/workspaces/isaac_ros-dev/install/isaac_ros_nitros_detection3_d_array_type' for CMake module files
[39.936s] DEBUG:colcon.colcon_core.event_handler.log_command:Invoked command in '/workspaces/isaac_ros-dev/build/isaac_ros_nitros_detection3_d_array_type' returned '0': AMENT_PREFIX_PATH=/workspaces/isaac_ros-dev/install/isaac_ros_nitros:/workspaces/isaac_ros-dev/install/gxf_isaac_messages:/workspaces/isaac_ros-dev/install/gxf_isaac_gxf_helpers:/workspaces/isaac_ros-dev/install/gxf_isaac_atlas:/workspaces/isaac_ros-dev/install/gxf_isaac_sight:/workspaces/isaac_ros-dev/install/gxf_isaac_optimizer:/workspaces/isaac_ros-dev/install/gxf_isaac_message_compositor:/workspaces/isaac_ros-dev/install/gxf_isaac_gems:/workspaces/isaac_ros-dev/install/isaac_ros_test:/workspaces/isaac_ros-dev/install/isaac_ros_gxf:/workspaces/isaac_ros-dev/install/isaac_ros_launch_utils:/workspaces/isaac_ros-dev/install/isaac_ros_common:/workspaces/isaac_ros-dev/install/isaac_common_py:/opt/ros/humble CMAKE_PREFIX_PATH=/workspaces/isaac_ros-dev/install/isaac_ros_nitros:/workspaces/isaac_ros-dev/install/gxf_isaac_messages:/workspaces/isaac_ros-dev/install/gxf_isaac_gxf_helpers:/workspaces/isaac_ros-dev/install/gxf_isaac_atlas:/workspaces/isaac_ros-dev/install/gxf_isaac_sight:/workspaces/isaac_ros-dev/install/gxf_isaac_optimizer:/workspaces/isaac_ros-dev/install/gxf_isaac_message_compositor:/workspaces/isaac_ros-dev/install/gxf_isaac_gems:/workspaces/isaac_ros-dev/install/isaac_ros_gxf:/workspaces/isaac_ros-dev/install/isaac_ros_common:/usr/local/libcudss-linux-0.3.0.9_cuda12-archive:/workspaces/isaac_ros-dev/install/isaac_ros_test:/workspaces/isaac_ros-dev/install/isaac_ros_launch_utils:/workspaces/isaac_ros-dev/install/isaac_common_py:/opt/ros/humble LD_LIBRARY_PATH=/workspaces/isaac_ros-dev/install/isaac_ros_nitros/lib:/workspaces/isaac_ros-dev/install/gxf_isaac_messages/lib:/workspaces/isaac_ros-dev/install/gxf_isaac_gxf_helpers/lib:/workspaces/isaac_ros-dev/install/gxf_isaac_atlas/lib:/workspaces/isaac_ros-dev/install/gxf_isaac_sight/lib:/workspaces/isaac_ros-dev/install/gxf_isaac_optimizer/lib:/workspaces/isaac_ros-dev/install/gxf_isaac_message_compositor/lib:/workspaces/isaac_ros-dev/install/gxf_isaac_gems/lib:/workspaces/isaac_ros-dev/install/isaac_ros_gxf/lib:/workspaces/isaac_ros-dev/install/isaac_ros_common/lib:/opt/ros/humble/opt/openvdb_vendor/lib:/opt/ros/humble/opt/rviz_ogre_vendor/lib:/opt/ros/humble/lib/x86_64-linux-gnu:/opt/ros/humble/lib:/usr/local/libcudss-linux-0.3.0.9_cuda12-archive/lib:/opt/hpcx/ucc/lib/:/opt/hpcx/ucx/lib/:/usr/local/cuda/compat/lib:/usr/local/nvidia/lib:/usr/local/nvidia/lib64:/opt/tritonserver/lib PYTHONPATH=/workspaces/isaac_ros-dev/build/isaac_ros_test:/workspaces/isaac_ros-dev/install/isaac_ros_test/lib/python3.10/site-packages:/workspaces/isaac_ros-dev/build/isaac_ros_launch_utils:/workspaces/isaac_ros-dev/install/isaac_ros_launch_utils/lib/python3.10/site-packages:/workspaces/isaac_ros-dev/install/isaac_ros_common/local/lib/python3.10/dist-packages:/workspaces/isaac_ros-dev/build/isaac_common_py:/workspaces/isaac_ros-dev/install/isaac_common_py/lib/python3.10/site-packages:/opt/ros/humble/lib/python3.10/site-packages:/opt/ros/humble/local/lib/python3.10/dist-packages:/opt/ros/humble/vcstool:/opt/tritonserver/backends/dali/wheel/dali /usr/bin/cmake --install /workspaces/isaac_ros-dev/build/isaac_ros_nitros_detection3_d_array_type
[39.936s] Level 1:colcon.colcon_core.environment:checking '/workspaces/isaac_ros-dev/install/isaac_ros_nitros_detection3_d_array_type' for CMake config files
[39.937s] Level 1:colcon.colcon_core.shell:create_environment_hook('isaac_ros_nitros_detection3_d_array_type', 'cmake_prefix_path')
[39.937s] INFO:colcon.colcon_core.shell:Creating environment hook '/workspaces/isaac_ros-dev/install/isaac_ros_nitros_detection3_d_array_type/share/isaac_ros_nitros_detection3_d_array_type/hook/cmake_prefix_path.ps1'
[39.937s] INFO:colcon.colcon_core.shell:Creating environment descriptor '/workspaces/isaac_ros-dev/install/isaac_ros_nitros_detection3_d_array_type/share/isaac_ros_nitros_detection3_d_array_type/hook/cmake_prefix_path.dsv'
[39.937s] INFO:colcon.colcon_core.shell:Creating environment hook '/workspaces/isaac_ros-dev/install/isaac_ros_nitros_detection3_d_array_type/share/isaac_ros_nitros_detection3_d_array_type/hook/cmake_prefix_path.sh'
[39.938s] Level 1:colcon.colcon_core.environment:checking '/workspaces/isaac_ros-dev/install/isaac_ros_nitros_detection3_d_array_type/lib'
[39.938s] Level 1:colcon.colcon_core.shell:create_environment_hook('isaac_ros_nitros_detection3_d_array_type', 'ld_library_path_lib')
[39.938s] INFO:colcon.colcon_core.shell:Creating environment hook '/workspaces/isaac_ros-dev/install/isaac_ros_nitros_detection3_d_array_type/share/isaac_ros_nitros_detection3_d_array_type/hook/ld_library_path_lib.ps1'
[39.938s] INFO:colcon.colcon_core.shell:Creating environment descriptor '/workspaces/isaac_ros-dev/install/isaac_ros_nitros_detection3_d_array_type/share/isaac_ros_nitros_detection3_d_array_type/hook/ld_library_path_lib.dsv'
[39.938s] INFO:colcon.colcon_core.shell:Creating environment hook '/workspaces/isaac_ros-dev/install/isaac_ros_nitros_detection3_d_array_type/share/isaac_ros_nitros_detection3_d_array_type/hook/ld_library_path_lib.sh'
[39.939s] Level 1:colcon.colcon_core.environment:checking '/workspaces/isaac_ros-dev/install/isaac_ros_nitros_detection3_d_array_type/bin'
[39.939s] Level 1:colcon.colcon_core.environment:checking '/workspaces/isaac_ros-dev/install/isaac_ros_nitros_detection3_d_array_type/lib/pkgconfig/isaac_ros_nitros_detection3_d_array_type.pc'
[39.939s] Level 1:colcon.colcon_core.environment:checking '/workspaces/isaac_ros-dev/install/isaac_ros_nitros_detection3_d_array_type/lib/python3.10/site-packages'
[39.939s] Level 1:colcon.colcon_core.environment:checking '/workspaces/isaac_ros-dev/install/isaac_ros_nitros_detection3_d_array_type/bin'
[39.939s] INFO:colcon.colcon_core.shell:Creating package script '/workspaces/isaac_ros-dev/install/isaac_ros_nitros_detection3_d_array_type/share/isaac_ros_nitros_detection3_d_array_type/package.ps1'
[39.939s] INFO:colcon.colcon_core.shell:Creating package descriptor '/workspaces/isaac_ros-dev/install/isaac_ros_nitros_detection3_d_array_type/share/isaac_ros_nitros_detection3_d_array_type/package.dsv'
[39.940s] INFO:colcon.colcon_core.shell:Creating package script '/workspaces/isaac_ros-dev/install/isaac_ros_nitros_detection3_d_array_type/share/isaac_ros_nitros_detection3_d_array_type/package.sh'
[39.940s] INFO:colcon.colcon_core.shell:Creating package script '/workspaces/isaac_ros-dev/install/isaac_ros_nitros_detection3_d_array_type/share/isaac_ros_nitros_detection3_d_array_type/package.bash'
[39.940s] INFO:colcon.colcon_core.shell:Creating package script '/workspaces/isaac_ros-dev/install/isaac_ros_nitros_detection3_d_array_type/share/isaac_ros_nitros_detection3_d_array_type/package.zsh'
[39.940s] Level 1:colcon.colcon_core.environment:create_file_with_runtime_dependencies(/workspaces/isaac_ros-dev/install/isaac_ros_nitros_detection3_d_array_type/share/colcon-core/packages/isaac_ros_nitros_detection3_d_array_type)
[39.941s] Level 1:colcon.colcon_core.environment:create_environment_scripts_only(isaac_ros_nitros_detection3_d_array_type)
[39.941s] Level 1:colcon.colcon_core.environment:checking '/workspaces/isaac_ros-dev/install/isaac_ros_nitros_detection3_d_array_type' for CMake module files
[39.941s] Level 1:colcon.colcon_core.environment:checking '/workspaces/isaac_ros-dev/install/isaac_ros_nitros_detection3_d_array_type' for CMake config files
[39.941s] Level 1:colcon.colcon_core.shell:create_environment_hook('isaac_ros_nitros_detection3_d_array_type', 'cmake_prefix_path')
[39.941s] INFO:colcon.colcon_core.shell:Creating environment hook '/workspaces/isaac_ros-dev/install/isaac_ros_nitros_detection3_d_array_type/share/isaac_ros_nitros_detection3_d_array_type/hook/cmake_prefix_path.ps1'
[39.942s] INFO:colcon.colcon_core.shell:Creating environment descriptor '/workspaces/isaac_ros-dev/install/isaac_ros_nitros_detection3_d_array_type/share/isaac_ros_nitros_detection3_d_array_type/hook/cmake_prefix_path.dsv'
[39.942s] INFO:colcon.colcon_core.shell:Creating environment hook '/workspaces/isaac_ros-dev/install/isaac_ros_nitros_detection3_d_array_type/share/isaac_ros_nitros_detection3_d_array_type/hook/cmake_prefix_path.sh'
[39.942s] Level 1:colcon.colcon_core.environment:checking '/workspaces/isaac_ros-dev/install/isaac_ros_nitros_detection3_d_array_type/lib'
[39.942s] Level 1:colcon.colcon_core.shell:create_environment_hook('isaac_ros_nitros_detection3_d_array_type', 'ld_library_path_lib')
[39.942s] INFO:colcon.colcon_core.shell:Creating environment hook '/workspaces/isaac_ros-dev/install/isaac_ros_nitros_detection3_d_array_type/share/isaac_ros_nitros_detection3_d_array_type/hook/ld_library_path_lib.ps1'
[39.943s] INFO:colcon.colcon_core.shell:Creating environment descriptor '/workspaces/isaac_ros-dev/install/isaac_ros_nitros_detection3_d_array_type/share/isaac_ros_nitros_detection3_d_array_type/hook/ld_library_path_lib.dsv'
[39.943s] INFO:colcon.colcon_core.shell:Creating environment hook '/workspaces/isaac_ros-dev/install/isaac_ros_nitros_detection3_d_array_type/share/isaac_ros_nitros_detection3_d_array_type/hook/ld_library_path_lib.sh'
[39.943s] Level 1:colcon.colcon_core.environment:checking '/workspaces/isaac_ros-dev/install/isaac_ros_nitros_detection3_d_array_type/bin'
[39.943s] Level 1:colcon.colcon_core.environment:checking '/workspaces/isaac_ros-dev/install/isaac_ros_nitros_detection3_d_array_type/lib/pkgconfig/isaac_ros_nitros_detection3_d_array_type.pc'
[39.943s] Level 1:colcon.colcon_core.environment:checking '/workspaces/isaac_ros-dev/install/isaac_ros_nitros_detection3_d_array_type/lib/python3.10/site-packages'
[39.943s] Level 1:colcon.colcon_core.environment:checking '/workspaces/isaac_ros-dev/install/isaac_ros_nitros_detection3_d_array_type/bin'
[39.944s] INFO:colcon.colcon_core.shell:Creating package script '/workspaces/isaac_ros-dev/install/isaac_ros_nitros_detection3_d_array_type/share/isaac_ros_nitros_detection3_d_array_type/package.ps1'
[39.944s] INFO:colcon.colcon_core.shell:Creating package descriptor '/workspaces/isaac_ros-dev/install/isaac_ros_nitros_detection3_d_array_type/share/isaac_ros_nitros_detection3_d_array_type/package.dsv'
[39.944s] INFO:colcon.colcon_core.shell:Creating package script '/workspaces/isaac_ros-dev/install/isaac_ros_nitros_detection3_d_array_type/share/isaac_ros_nitros_detection3_d_array_type/package.sh'
[39.945s] INFO:colcon.colcon_core.shell:Creating package script '/workspaces/isaac_ros-dev/install/isaac_ros_nitros_detection3_d_array_type/share/isaac_ros_nitros_detection3_d_array_type/package.bash'
[39.945s] INFO:colcon.colcon_core.shell:Creating package script '/workspaces/isaac_ros-dev/install/isaac_ros_nitros_detection3_d_array_type/share/isaac_ros_nitros_detection3_d_array_type/package.zsh'
[39.945s] Level 1:colcon.colcon_core.environment:create_file_with_runtime_dependencies(/workspaces/isaac_ros-dev/install/isaac_ros_nitros_detection3_d_array_type/share/colcon-core/packages/isaac_ros_nitros_detection3_d_array_type)
[39.945s] INFO:colcon.colcon_ros.task.ament_cmake.build:Building ROS package in '/workspaces/isaac_ros-dev/src/isaac_ros_pose_estimation/isaac_ros_gxf_extensions/gxf_isaac_centerpose' with build type 'ament_cmake'
[39.946s] INFO:colcon.colcon_cmake.task.cmake.build:Building CMake package in '/workspaces/isaac_ros-dev/src/isaac_ros_pose_estimation/isaac_ros_gxf_extensions/gxf_isaac_centerpose'
[39.946s] INFO:colcon.colcon_core.shell:Skip shell extension 'powershell' for command environment: Not usable outside of PowerShell
[39.946s] DEBUG:colcon.colcon_core.shell:Skip shell extension 'dsv' for command environment
[39.979s] DEBUG:colcon.colcon_core.event_handler.log_command:Invoking command in '/workspaces/isaac_ros-dev/build/gxf_isaac_centerpose': AMENT_PREFIX_PATH=/workspaces/isaac_ros-dev/install/isaac_ros_nitros_detection3_d_array_type:/workspaces/isaac_ros-dev/install/isaac_ros_nitros:/workspaces/isaac_ros-dev/install/gxf_isaac_messages:/workspaces/isaac_ros-dev/install/gxf_isaac_gxf_helpers:/workspaces/isaac_ros-dev/install/gxf_isaac_atlas:/workspaces/isaac_ros-dev/install/gxf_isaac_sight:/workspaces/isaac_ros-dev/install/gxf_isaac_optimizer:/workspaces/isaac_ros-dev/install/gxf_isaac_message_compositor:/workspaces/isaac_ros-dev/install/gxf_isaac_gems:/workspaces/isaac_ros-dev/install/isaac_ros_test:/workspaces/isaac_ros-dev/install/isaac_ros_gxf:/workspaces/isaac_ros-dev/install/isaac_ros_launch_utils:/workspaces/isaac_ros-dev/install/isaac_ros_common:/workspaces/isaac_ros-dev/install/isaac_common_py:/opt/ros/humble CMAKE_PREFIX_PATH=/workspaces/isaac_ros-dev/install/isaac_ros_nitros_detection3_d_array_type:/workspaces/isaac_ros-dev/install/isaac_ros_nitros:/workspaces/isaac_ros-dev/install/gxf_isaac_messages:/workspaces/isaac_ros-dev/install/gxf_isaac_gxf_helpers:/workspaces/isaac_ros-dev/install/gxf_isaac_atlas:/workspaces/isaac_ros-dev/install/gxf_isaac_sight:/workspaces/isaac_ros-dev/install/gxf_isaac_optimizer:/workspaces/isaac_ros-dev/install/gxf_isaac_message_compositor:/workspaces/isaac_ros-dev/install/gxf_isaac_gems:/workspaces/isaac_ros-dev/install/isaac_ros_gxf:/workspaces/isaac_ros-dev/install/isaac_ros_common:/usr/local/libcudss-linux-0.3.0.9_cuda12-archive:/workspaces/isaac_ros-dev/install/isaac_ros_test:/workspaces/isaac_ros-dev/install/isaac_ros_launch_utils:/workspaces/isaac_ros-dev/install/isaac_common_py:/opt/ros/humble LD_LIBRARY_PATH=/workspaces/isaac_ros-dev/install/isaac_ros_nitros_detection3_d_array_type/lib:/workspaces/isaac_ros-dev/install/isaac_ros_nitros/lib:/workspaces/isaac_ros-dev/install/gxf_isaac_messages/lib:/workspaces/isaac_ros-dev/install/gxf_isaac_gxf_helpers/lib:/workspaces/isaac_ros-dev/install/gxf_isaac_atlas/lib:/workspaces/isaac_ros-dev/install/gxf_isaac_sight/lib:/workspaces/isaac_ros-dev/install/gxf_isaac_optimizer/lib:/workspaces/isaac_ros-dev/install/gxf_isaac_message_compositor/lib:/workspaces/isaac_ros-dev/install/gxf_isaac_gems/lib:/workspaces/isaac_ros-dev/install/isaac_ros_gxf/lib:/workspaces/isaac_ros-dev/install/isaac_ros_common/lib:/opt/ros/humble/opt/openvdb_vendor/lib:/opt/ros/humble/opt/rviz_ogre_vendor/lib:/opt/ros/humble/lib/x86_64-linux-gnu:/opt/ros/humble/lib:/usr/local/libcudss-linux-0.3.0.9_cuda12-archive/lib:/opt/hpcx/ucc/lib/:/opt/hpcx/ucx/lib/:/usr/local/cuda/compat/lib:/usr/local/nvidia/lib:/usr/local/nvidia/lib64:/opt/tritonserver/lib PYTHONPATH=/workspaces/isaac_ros-dev/build/isaac_ros_test:/workspaces/isaac_ros-dev/install/isaac_ros_test/lib/python3.10/site-packages:/workspaces/isaac_ros-dev/build/isaac_ros_launch_utils:/workspaces/isaac_ros-dev/install/isaac_ros_launch_utils/lib/python3.10/site-packages:/workspaces/isaac_ros-dev/install/isaac_ros_common/local/lib/python3.10/dist-packages:/workspaces/isaac_ros-dev/build/isaac_common_py:/workspaces/isaac_ros-dev/install/isaac_common_py/lib/python3.10/site-packages:/opt/ros/humble/lib/python3.10/site-packages:/opt/ros/humble/local/lib/python3.10/dist-packages:/opt/ros/humble/vcstool:/opt/tritonserver/backends/dali/wheel/dali /usr/bin/cmake /workspaces/isaac_ros-dev/src/isaac_ros_pose_estimation/isaac_ros_gxf_extensions/gxf_isaac_centerpose -DBUILD_TESTING=OFF -DAMENT_CMAKE_SYMLINK_INSTALL=1 -DCMAKE_INSTALL_PREFIX=/workspaces/isaac_ros-dev/install/gxf_isaac_centerpose
[40.177s] DEBUG:colcon.colcon_core.event_handler.log_command:Invoked command in '/workspaces/isaac_ros-dev/build/isaac_ros_nitros_tensor_list_type' returned '0': AMENT_PREFIX_PATH=/workspaces/isaac_ros-dev/install/isaac_ros_nitros:/workspaces/isaac_ros-dev/install/gxf_isaac_gxf_helpers:/workspaces/isaac_ros-dev/install/gxf_isaac_atlas:/workspaces/isaac_ros-dev/install/gxf_isaac_sight:/workspaces/isaac_ros-dev/install/gxf_isaac_optimizer:/workspaces/isaac_ros-dev/install/gxf_isaac_message_compositor:/workspaces/isaac_ros-dev/install/gxf_isaac_gems:/workspaces/isaac_ros-dev/install/isaac_ros_test:/workspaces/isaac_ros-dev/install/isaac_ros_tensor_list_interfaces:/workspaces/isaac_ros-dev/install/isaac_ros_gxf:/workspaces/isaac_ros-dev/install/isaac_ros_launch_utils:/workspaces/isaac_ros-dev/install/isaac_ros_common:/workspaces/isaac_ros-dev/install/isaac_common_py:/opt/ros/humble CMAKE_PREFIX_PATH=/workspaces/isaac_ros-dev/install/isaac_ros_nitros:/workspaces/isaac_ros-dev/install/gxf_isaac_gxf_helpers:/workspaces/isaac_ros-dev/install/gxf_isaac_atlas:/workspaces/isaac_ros-dev/install/gxf_isaac_sight:/workspaces/isaac_ros-dev/install/gxf_isaac_optimizer:/workspaces/isaac_ros-dev/install/gxf_isaac_message_compositor:/workspaces/isaac_ros-dev/install/gxf_isaac_gems:/workspaces/isaac_ros-dev/install/isaac_ros_tensor_list_interfaces:/workspaces/isaac_ros-dev/install/isaac_ros_gxf:/workspaces/isaac_ros-dev/install/isaac_ros_common:/usr/local/libcudss-linux-0.3.0.9_cuda12-archive:/workspaces/isaac_ros-dev/install/isaac_ros_test:/workspaces/isaac_ros-dev/install/isaac_ros_launch_utils:/workspaces/isaac_ros-dev/install/isaac_common_py:/opt/ros/humble LD_LIBRARY_PATH=/workspaces/isaac_ros-dev/install/isaac_ros_nitros/lib:/workspaces/isaac_ros-dev/install/gxf_isaac_gxf_helpers/lib:/workspaces/isaac_ros-dev/install/gxf_isaac_atlas/lib:/workspaces/isaac_ros-dev/install/gxf_isaac_sight/lib:/workspaces/isaac_ros-dev/install/gxf_isaac_optimizer/lib:/workspaces/isaac_ros-dev/install/gxf_isaac_message_compositor/lib:/workspaces/isaac_ros-dev/install/gxf_isaac_gems/lib:/workspaces/isaac_ros-dev/install/isaac_ros_tensor_list_interfaces/lib:/workspaces/isaac_ros-dev/install/isaac_ros_gxf/lib:/workspaces/isaac_ros-dev/install/isaac_ros_common/lib:/opt/ros/humble/opt/openvdb_vendor/lib:/opt/ros/humble/opt/rviz_ogre_vendor/lib:/opt/ros/humble/lib/x86_64-linux-gnu:/opt/ros/humble/lib:/usr/local/libcudss-linux-0.3.0.9_cuda12-archive/lib:/opt/hpcx/ucc/lib/:/opt/hpcx/ucx/lib/:/usr/local/cuda/compat/lib:/usr/local/nvidia/lib:/usr/local/nvidia/lib64:/opt/tritonserver/lib PYTHONPATH=/workspaces/isaac_ros-dev/build/isaac_ros_test:/workspaces/isaac_ros-dev/install/isaac_ros_test/lib/python3.10/site-packages:/workspaces/isaac_ros-dev/install/isaac_ros_tensor_list_interfaces/local/lib/python3.10/dist-packages:/workspaces/isaac_ros-dev/build/isaac_ros_launch_utils:/workspaces/isaac_ros-dev/install/isaac_ros_launch_utils/lib/python3.10/site-packages:/workspaces/isaac_ros-dev/install/isaac_ros_common/local/lib/python3.10/dist-packages:/workspaces/isaac_ros-dev/build/isaac_common_py:/workspaces/isaac_ros-dev/install/isaac_common_py/lib/python3.10/site-packages:/opt/ros/humble/lib/python3.10/site-packages:/opt/ros/humble/local/lib/python3.10/dist-packages:/opt/ros/humble/vcstool:/opt/tritonserver/backends/dali/wheel/dali /usr/bin/cmake --build /workspaces/isaac_ros-dev/build/isaac_ros_nitros_tensor_list_type -- -j16 -l16
[40.178s] DEBUG:colcon.colcon_core.event_handler.log_command:Invoking command in '/workspaces/isaac_ros-dev/build/isaac_ros_nitros_tensor_list_type': AMENT_PREFIX_PATH=/workspaces/isaac_ros-dev/install/isaac_ros_nitros:/workspaces/isaac_ros-dev/install/gxf_isaac_gxf_helpers:/workspaces/isaac_ros-dev/install/gxf_isaac_atlas:/workspaces/isaac_ros-dev/install/gxf_isaac_sight:/workspaces/isaac_ros-dev/install/gxf_isaac_optimizer:/workspaces/isaac_ros-dev/install/gxf_isaac_message_compositor:/workspaces/isaac_ros-dev/install/gxf_isaac_gems:/workspaces/isaac_ros-dev/install/isaac_ros_test:/workspaces/isaac_ros-dev/install/isaac_ros_tensor_list_interfaces:/workspaces/isaac_ros-dev/install/isaac_ros_gxf:/workspaces/isaac_ros-dev/install/isaac_ros_launch_utils:/workspaces/isaac_ros-dev/install/isaac_ros_common:/workspaces/isaac_ros-dev/install/isaac_common_py:/opt/ros/humble CMAKE_PREFIX_PATH=/workspaces/isaac_ros-dev/install/isaac_ros_nitros:/workspaces/isaac_ros-dev/install/gxf_isaac_gxf_helpers:/workspaces/isaac_ros-dev/install/gxf_isaac_atlas:/workspaces/isaac_ros-dev/install/gxf_isaac_sight:/workspaces/isaac_ros-dev/install/gxf_isaac_optimizer:/workspaces/isaac_ros-dev/install/gxf_isaac_message_compositor:/workspaces/isaac_ros-dev/install/gxf_isaac_gems:/workspaces/isaac_ros-dev/install/isaac_ros_tensor_list_interfaces:/workspaces/isaac_ros-dev/install/isaac_ros_gxf:/workspaces/isaac_ros-dev/install/isaac_ros_common:/usr/local/libcudss-linux-0.3.0.9_cuda12-archive:/workspaces/isaac_ros-dev/install/isaac_ros_test:/workspaces/isaac_ros-dev/install/isaac_ros_launch_utils:/workspaces/isaac_ros-dev/install/isaac_common_py:/opt/ros/humble LD_LIBRARY_PATH=/workspaces/isaac_ros-dev/install/isaac_ros_nitros/lib:/workspaces/isaac_ros-dev/install/gxf_isaac_gxf_helpers/lib:/workspaces/isaac_ros-dev/install/gxf_isaac_atlas/lib:/workspaces/isaac_ros-dev/install/gxf_isaac_sight/lib:/workspaces/isaac_ros-dev/install/gxf_isaac_optimizer/lib:/workspaces/isaac_ros-dev/install/gxf_isaac_message_compositor/lib:/workspaces/isaac_ros-dev/install/gxf_isaac_gems/lib:/workspaces/isaac_ros-dev/install/isaac_ros_tensor_list_interfaces/lib:/workspaces/isaac_ros-dev/install/isaac_ros_gxf/lib:/workspaces/isaac_ros-dev/install/isaac_ros_common/lib:/opt/ros/humble/opt/openvdb_vendor/lib:/opt/ros/humble/opt/rviz_ogre_vendor/lib:/opt/ros/humble/lib/x86_64-linux-gnu:/opt/ros/humble/lib:/usr/local/libcudss-linux-0.3.0.9_cuda12-archive/lib:/opt/hpcx/ucc/lib/:/opt/hpcx/ucx/lib/:/usr/local/cuda/compat/lib:/usr/local/nvidia/lib:/usr/local/nvidia/lib64:/opt/tritonserver/lib PYTHONPATH=/workspaces/isaac_ros-dev/build/isaac_ros_test:/workspaces/isaac_ros-dev/install/isaac_ros_test/lib/python3.10/site-packages:/workspaces/isaac_ros-dev/install/isaac_ros_tensor_list_interfaces/local/lib/python3.10/dist-packages:/workspaces/isaac_ros-dev/build/isaac_ros_launch_utils:/workspaces/isaac_ros-dev/install/isaac_ros_launch_utils/lib/python3.10/site-packages:/workspaces/isaac_ros-dev/install/isaac_ros_common/local/lib/python3.10/dist-packages:/workspaces/isaac_ros-dev/build/isaac_common_py:/workspaces/isaac_ros-dev/install/isaac_common_py/lib/python3.10/site-packages:/opt/ros/humble/lib/python3.10/site-packages:/opt/ros/humble/local/lib/python3.10/dist-packages:/opt/ros/humble/vcstool:/opt/tritonserver/backends/dali/wheel/dali /usr/bin/cmake --install /workspaces/isaac_ros-dev/build/isaac_ros_nitros_tensor_list_type
[40.402s] Level 1:colcon.colcon_core.environment:create_environment_scripts_only(isaac_ros_nitros_tensor_list_type)
[40.403s] Level 1:colcon.colcon_core.environment:checking '/workspaces/isaac_ros-dev/install/isaac_ros_nitros_tensor_list_type' for CMake module files
[40.403s] DEBUG:colcon.colcon_core.event_handler.log_command:Invoked command in '/workspaces/isaac_ros-dev/build/isaac_ros_nitros_tensor_list_type' returned '0': AMENT_PREFIX_PATH=/workspaces/isaac_ros-dev/install/isaac_ros_nitros:/workspaces/isaac_ros-dev/install/gxf_isaac_gxf_helpers:/workspaces/isaac_ros-dev/install/gxf_isaac_atlas:/workspaces/isaac_ros-dev/install/gxf_isaac_sight:/workspaces/isaac_ros-dev/install/gxf_isaac_optimizer:/workspaces/isaac_ros-dev/install/gxf_isaac_message_compositor:/workspaces/isaac_ros-dev/install/gxf_isaac_gems:/workspaces/isaac_ros-dev/install/isaac_ros_test:/workspaces/isaac_ros-dev/install/isaac_ros_tensor_list_interfaces:/workspaces/isaac_ros-dev/install/isaac_ros_gxf:/workspaces/isaac_ros-dev/install/isaac_ros_launch_utils:/workspaces/isaac_ros-dev/install/isaac_ros_common:/workspaces/isaac_ros-dev/install/isaac_common_py:/opt/ros/humble CMAKE_PREFIX_PATH=/workspaces/isaac_ros-dev/install/isaac_ros_nitros:/workspaces/isaac_ros-dev/install/gxf_isaac_gxf_helpers:/workspaces/isaac_ros-dev/install/gxf_isaac_atlas:/workspaces/isaac_ros-dev/install/gxf_isaac_sight:/workspaces/isaac_ros-dev/install/gxf_isaac_optimizer:/workspaces/isaac_ros-dev/install/gxf_isaac_message_compositor:/workspaces/isaac_ros-dev/install/gxf_isaac_gems:/workspaces/isaac_ros-dev/install/isaac_ros_tensor_list_interfaces:/workspaces/isaac_ros-dev/install/isaac_ros_gxf:/workspaces/isaac_ros-dev/install/isaac_ros_common:/usr/local/libcudss-linux-0.3.0.9_cuda12-archive:/workspaces/isaac_ros-dev/install/isaac_ros_test:/workspaces/isaac_ros-dev/install/isaac_ros_launch_utils:/workspaces/isaac_ros-dev/install/isaac_common_py:/opt/ros/humble LD_LIBRARY_PATH=/workspaces/isaac_ros-dev/install/isaac_ros_nitros/lib:/workspaces/isaac_ros-dev/install/gxf_isaac_gxf_helpers/lib:/workspaces/isaac_ros-dev/install/gxf_isaac_atlas/lib:/workspaces/isaac_ros-dev/install/gxf_isaac_sight/lib:/workspaces/isaac_ros-dev/install/gxf_isaac_optimizer/lib:/workspaces/isaac_ros-dev/install/gxf_isaac_message_compositor/lib:/workspaces/isaac_ros-dev/install/gxf_isaac_gems/lib:/workspaces/isaac_ros-dev/install/isaac_ros_tensor_list_interfaces/lib:/workspaces/isaac_ros-dev/install/isaac_ros_gxf/lib:/workspaces/isaac_ros-dev/install/isaac_ros_common/lib:/opt/ros/humble/opt/openvdb_vendor/lib:/opt/ros/humble/opt/rviz_ogre_vendor/lib:/opt/ros/humble/lib/x86_64-linux-gnu:/opt/ros/humble/lib:/usr/local/libcudss-linux-0.3.0.9_cuda12-archive/lib:/opt/hpcx/ucc/lib/:/opt/hpcx/ucx/lib/:/usr/local/cuda/compat/lib:/usr/local/nvidia/lib:/usr/local/nvidia/lib64:/opt/tritonserver/lib PYTHONPATH=/workspaces/isaac_ros-dev/build/isaac_ros_test:/workspaces/isaac_ros-dev/install/isaac_ros_test/lib/python3.10/site-packages:/workspaces/isaac_ros-dev/install/isaac_ros_tensor_list_interfaces/local/lib/python3.10/dist-packages:/workspaces/isaac_ros-dev/build/isaac_ros_launch_utils:/workspaces/isaac_ros-dev/install/isaac_ros_launch_utils/lib/python3.10/site-packages:/workspaces/isaac_ros-dev/install/isaac_ros_common/local/lib/python3.10/dist-packages:/workspaces/isaac_ros-dev/build/isaac_common_py:/workspaces/isaac_ros-dev/install/isaac_common_py/lib/python3.10/site-packages:/opt/ros/humble/lib/python3.10/site-packages:/opt/ros/humble/local/lib/python3.10/dist-packages:/opt/ros/humble/vcstool:/opt/tritonserver/backends/dali/wheel/dali /usr/bin/cmake --install /workspaces/isaac_ros-dev/build/isaac_ros_nitros_tensor_list_type
[40.403s] Level 1:colcon.colcon_core.environment:checking '/workspaces/isaac_ros-dev/install/isaac_ros_nitros_tensor_list_type' for CMake config files
[40.404s] Level 1:colcon.colcon_core.shell:create_environment_hook('isaac_ros_nitros_tensor_list_type', 'cmake_prefix_path')
[40.404s] INFO:colcon.colcon_core.shell:Creating environment hook '/workspaces/isaac_ros-dev/install/isaac_ros_nitros_tensor_list_type/share/isaac_ros_nitros_tensor_list_type/hook/cmake_prefix_path.ps1'
[40.404s] INFO:colcon.colcon_core.shell:Creating environment descriptor '/workspaces/isaac_ros-dev/install/isaac_ros_nitros_tensor_list_type/share/isaac_ros_nitros_tensor_list_type/hook/cmake_prefix_path.dsv'
[40.405s] INFO:colcon.colcon_core.shell:Creating environment hook '/workspaces/isaac_ros-dev/install/isaac_ros_nitros_tensor_list_type/share/isaac_ros_nitros_tensor_list_type/hook/cmake_prefix_path.sh'
[40.405s] Level 1:colcon.colcon_core.environment:checking '/workspaces/isaac_ros-dev/install/isaac_ros_nitros_tensor_list_type/lib'
[40.405s] Level 1:colcon.colcon_core.shell:create_environment_hook('isaac_ros_nitros_tensor_list_type', 'ld_library_path_lib')
[40.405s] INFO:colcon.colcon_core.shell:Creating environment hook '/workspaces/isaac_ros-dev/install/isaac_ros_nitros_tensor_list_type/share/isaac_ros_nitros_tensor_list_type/hook/ld_library_path_lib.ps1'
[40.405s] INFO:colcon.colcon_core.shell:Creating environment descriptor '/workspaces/isaac_ros-dev/install/isaac_ros_nitros_tensor_list_type/share/isaac_ros_nitros_tensor_list_type/hook/ld_library_path_lib.dsv'
[40.405s] INFO:colcon.colcon_core.shell:Creating environment hook '/workspaces/isaac_ros-dev/install/isaac_ros_nitros_tensor_list_type/share/isaac_ros_nitros_tensor_list_type/hook/ld_library_path_lib.sh'
[40.406s] Level 1:colcon.colcon_core.environment:checking '/workspaces/isaac_ros-dev/install/isaac_ros_nitros_tensor_list_type/bin'
[40.406s] Level 1:colcon.colcon_core.environment:checking '/workspaces/isaac_ros-dev/install/isaac_ros_nitros_tensor_list_type/lib/pkgconfig/isaac_ros_nitros_tensor_list_type.pc'
[40.406s] Level 1:colcon.colcon_core.environment:checking '/workspaces/isaac_ros-dev/install/isaac_ros_nitros_tensor_list_type/lib/python3.10/site-packages'
[40.406s] Level 1:colcon.colcon_core.environment:checking '/workspaces/isaac_ros-dev/install/isaac_ros_nitros_tensor_list_type/bin'
[40.406s] INFO:colcon.colcon_core.shell:Creating package script '/workspaces/isaac_ros-dev/install/isaac_ros_nitros_tensor_list_type/share/isaac_ros_nitros_tensor_list_type/package.ps1'
[40.406s] INFO:colcon.colcon_core.shell:Creating package descriptor '/workspaces/isaac_ros-dev/install/isaac_ros_nitros_tensor_list_type/share/isaac_ros_nitros_tensor_list_type/package.dsv'
[40.407s] INFO:colcon.colcon_core.shell:Creating package script '/workspaces/isaac_ros-dev/install/isaac_ros_nitros_tensor_list_type/share/isaac_ros_nitros_tensor_list_type/package.sh'
[40.407s] INFO:colcon.colcon_core.shell:Creating package script '/workspaces/isaac_ros-dev/install/isaac_ros_nitros_tensor_list_type/share/isaac_ros_nitros_tensor_list_type/package.bash'
[40.407s] INFO:colcon.colcon_core.shell:Creating package script '/workspaces/isaac_ros-dev/install/isaac_ros_nitros_tensor_list_type/share/isaac_ros_nitros_tensor_list_type/package.zsh'
[40.407s] Level 1:colcon.colcon_core.environment:create_file_with_runtime_dependencies(/workspaces/isaac_ros-dev/install/isaac_ros_nitros_tensor_list_type/share/colcon-core/packages/isaac_ros_nitros_tensor_list_type)
[40.408s] Level 1:colcon.colcon_core.environment:create_environment_scripts_only(isaac_ros_nitros_tensor_list_type)
[40.408s] Level 1:colcon.colcon_core.environment:checking '/workspaces/isaac_ros-dev/install/isaac_ros_nitros_tensor_list_type' for CMake module files
[40.408s] Level 1:colcon.colcon_core.environment:checking '/workspaces/isaac_ros-dev/install/isaac_ros_nitros_tensor_list_type' for CMake config files
[40.408s] Level 1:colcon.colcon_core.shell:create_environment_hook('isaac_ros_nitros_tensor_list_type', 'cmake_prefix_path')
[40.408s] INFO:colcon.colcon_core.shell:Creating environment hook '/workspaces/isaac_ros-dev/install/isaac_ros_nitros_tensor_list_type/share/isaac_ros_nitros_tensor_list_type/hook/cmake_prefix_path.ps1'
[40.409s] INFO:colcon.colcon_core.shell:Creating environment descriptor '/workspaces/isaac_ros-dev/install/isaac_ros_nitros_tensor_list_type/share/isaac_ros_nitros_tensor_list_type/hook/cmake_prefix_path.dsv'
[40.409s] INFO:colcon.colcon_core.shell:Creating environment hook '/workspaces/isaac_ros-dev/install/isaac_ros_nitros_tensor_list_type/share/isaac_ros_nitros_tensor_list_type/hook/cmake_prefix_path.sh'
[40.409s] Level 1:colcon.colcon_core.environment:checking '/workspaces/isaac_ros-dev/install/isaac_ros_nitros_tensor_list_type/lib'
[40.409s] Level 1:colcon.colcon_core.shell:create_environment_hook('isaac_ros_nitros_tensor_list_type', 'ld_library_path_lib')
[40.410s] INFO:colcon.colcon_core.shell:Creating environment hook '/workspaces/isaac_ros-dev/install/isaac_ros_nitros_tensor_list_type/share/isaac_ros_nitros_tensor_list_type/hook/ld_library_path_lib.ps1'
[40.410s] INFO:colcon.colcon_core.shell:Creating environment descriptor '/workspaces/isaac_ros-dev/install/isaac_ros_nitros_tensor_list_type/share/isaac_ros_nitros_tensor_list_type/hook/ld_library_path_lib.dsv'
[40.410s] INFO:colcon.colcon_core.shell:Creating environment hook '/workspaces/isaac_ros-dev/install/isaac_ros_nitros_tensor_list_type/share/isaac_ros_nitros_tensor_list_type/hook/ld_library_path_lib.sh'
[40.410s] Level 1:colcon.colcon_core.environment:checking '/workspaces/isaac_ros-dev/install/isaac_ros_nitros_tensor_list_type/bin'
[40.410s] Level 1:colcon.colcon_core.environment:checking '/workspaces/isaac_ros-dev/install/isaac_ros_nitros_tensor_list_type/lib/pkgconfig/isaac_ros_nitros_tensor_list_type.pc'
[40.410s] Level 1:colcon.colcon_core.environment:checking '/workspaces/isaac_ros-dev/install/isaac_ros_nitros_tensor_list_type/lib/python3.10/site-packages'
[40.411s] Level 1:colcon.colcon_core.environment:checking '/workspaces/isaac_ros-dev/install/isaac_ros_nitros_tensor_list_type/bin'
[40.411s] INFO:colcon.colcon_core.shell:Creating package script '/workspaces/isaac_ros-dev/install/isaac_ros_nitros_tensor_list_type/share/isaac_ros_nitros_tensor_list_type/package.ps1'
[40.411s] INFO:colcon.colcon_core.shell:Creating package descriptor '/workspaces/isaac_ros-dev/install/isaac_ros_nitros_tensor_list_type/share/isaac_ros_nitros_tensor_list_type/package.dsv'
[40.411s] INFO:colcon.colcon_core.shell:Creating package script '/workspaces/isaac_ros-dev/install/isaac_ros_nitros_tensor_list_type/share/isaac_ros_nitros_tensor_list_type/package.sh'
[40.412s] INFO:colcon.colcon_core.shell:Creating package script '/workspaces/isaac_ros-dev/install/isaac_ros_nitros_tensor_list_type/share/isaac_ros_nitros_tensor_list_type/package.bash'
[40.412s] INFO:colcon.colcon_core.shell:Creating package script '/workspaces/isaac_ros-dev/install/isaac_ros_nitros_tensor_list_type/share/isaac_ros_nitros_tensor_list_type/package.zsh'
[40.412s] Level 1:colcon.colcon_core.environment:create_file_with_runtime_dependencies(/workspaces/isaac_ros-dev/install/isaac_ros_nitros_tensor_list_type/share/colcon-core/packages/isaac_ros_nitros_tensor_list_type)
[40.412s] INFO:colcon.colcon_ros.task.ament_cmake.build:Building ROS package in '/workspaces/isaac_ros-dev/src/isaac_ros_nitros/isaac_ros_managed_nitros' with build type 'ament_cmake'
[40.413s] INFO:colcon.colcon_cmake.task.cmake.build:Building CMake package in '/workspaces/isaac_ros-dev/src/isaac_ros_nitros/isaac_ros_managed_nitros'
[40.413s] INFO:colcon.colcon_core.shell:Skip shell extension 'powershell' for command environment: Not usable outside of PowerShell
[40.413s] DEBUG:colcon.colcon_core.shell:Skip shell extension 'dsv' for command environment
[40.416s] INFO:colcon.colcon_ros.task.ament_cmake.build:Building ROS package in '/workspaces/isaac_ros-dev/src/isaac_ros_dnn_inference/isaac_ros_tensor_rt' with build type 'ament_cmake'
[40.416s] INFO:colcon.colcon_cmake.task.cmake.build:Building CMake package in '/workspaces/isaac_ros-dev/src/isaac_ros_dnn_inference/isaac_ros_tensor_rt'
[40.417s] INFO:colcon.colcon_core.shell:Skip shell extension 'powershell' for command environment: Not usable outside of PowerShell
[40.417s] DEBUG:colcon.colcon_core.shell:Skip shell extension 'dsv' for command environment
[40.446s] DEBUG:colcon.colcon_core.event_handler.log_command:Invoking command in '/workspaces/isaac_ros-dev/build/isaac_ros_managed_nitros': AMENT_PREFIX_PATH=/workspaces/isaac_ros-dev/install/isaac_ros_nitros_tensor_list_type:/workspaces/isaac_ros-dev/install/isaac_ros_nitros:/workspaces/isaac_ros-dev/install/gxf_isaac_gxf_helpers:/workspaces/isaac_ros-dev/install/gxf_isaac_atlas:/workspaces/isaac_ros-dev/install/gxf_isaac_sight:/workspaces/isaac_ros-dev/install/gxf_isaac_optimizer:/workspaces/isaac_ros-dev/install/gxf_isaac_message_compositor:/workspaces/isaac_ros-dev/install/gxf_isaac_gems:/workspaces/isaac_ros-dev/install/isaac_ros_test:/workspaces/isaac_ros-dev/install/isaac_ros_tensor_list_interfaces:/workspaces/isaac_ros-dev/install/isaac_ros_gxf:/workspaces/isaac_ros-dev/install/isaac_ros_launch_utils:/workspaces/isaac_ros-dev/install/isaac_ros_common:/workspaces/isaac_ros-dev/install/isaac_common_py:/opt/ros/humble CMAKE_PREFIX_PATH=/workspaces/isaac_ros-dev/install/isaac_ros_nitros_tensor_list_type:/workspaces/isaac_ros-dev/install/isaac_ros_nitros:/workspaces/isaac_ros-dev/install/gxf_isaac_gxf_helpers:/workspaces/isaac_ros-dev/install/gxf_isaac_atlas:/workspaces/isaac_ros-dev/install/gxf_isaac_sight:/workspaces/isaac_ros-dev/install/gxf_isaac_optimizer:/workspaces/isaac_ros-dev/install/gxf_isaac_message_compositor:/workspaces/isaac_ros-dev/install/gxf_isaac_gems:/workspaces/isaac_ros-dev/install/isaac_ros_tensor_list_interfaces:/workspaces/isaac_ros-dev/install/isaac_ros_gxf:/workspaces/isaac_ros-dev/install/isaac_ros_common:/usr/local/libcudss-linux-0.3.0.9_cuda12-archive:/workspaces/isaac_ros-dev/install/isaac_ros_test:/workspaces/isaac_ros-dev/install/isaac_ros_launch_utils:/workspaces/isaac_ros-dev/install/isaac_common_py:/opt/ros/humble LD_LIBRARY_PATH=/workspaces/isaac_ros-dev/install/isaac_ros_nitros_tensor_list_type/lib:/workspaces/isaac_ros-dev/install/isaac_ros_nitros/lib:/workspaces/isaac_ros-dev/install/gxf_isaac_gxf_helpers/lib:/workspaces/isaac_ros-dev/install/gxf_isaac_atlas/lib:/workspaces/isaac_ros-dev/install/gxf_isaac_sight/lib:/workspaces/isaac_ros-dev/install/gxf_isaac_optimizer/lib:/workspaces/isaac_ros-dev/install/gxf_isaac_message_compositor/lib:/workspaces/isaac_ros-dev/install/gxf_isaac_gems/lib:/workspaces/isaac_ros-dev/install/isaac_ros_tensor_list_interfaces/lib:/workspaces/isaac_ros-dev/install/isaac_ros_gxf/lib:/workspaces/isaac_ros-dev/install/isaac_ros_common/lib:/opt/ros/humble/opt/openvdb_vendor/lib:/opt/ros/humble/opt/rviz_ogre_vendor/lib:/opt/ros/humble/lib/x86_64-linux-gnu:/opt/ros/humble/lib:/usr/local/libcudss-linux-0.3.0.9_cuda12-archive/lib:/opt/hpcx/ucc/lib/:/opt/hpcx/ucx/lib/:/usr/local/cuda/compat/lib:/usr/local/nvidia/lib:/usr/local/nvidia/lib64:/opt/tritonserver/lib PYTHONPATH=/workspaces/isaac_ros-dev/build/isaac_ros_test:/workspaces/isaac_ros-dev/install/isaac_ros_test/lib/python3.10/site-packages:/workspaces/isaac_ros-dev/install/isaac_ros_tensor_list_interfaces/local/lib/python3.10/dist-packages:/workspaces/isaac_ros-dev/build/isaac_ros_launch_utils:/workspaces/isaac_ros-dev/install/isaac_ros_launch_utils/lib/python3.10/site-packages:/workspaces/isaac_ros-dev/install/isaac_ros_common/local/lib/python3.10/dist-packages:/workspaces/isaac_ros-dev/build/isaac_common_py:/workspaces/isaac_ros-dev/install/isaac_common_py/lib/python3.10/site-packages:/opt/ros/humble/lib/python3.10/site-packages:/opt/ros/humble/local/lib/python3.10/dist-packages:/opt/ros/humble/vcstool:/opt/tritonserver/backends/dali/wheel/dali /usr/bin/cmake /workspaces/isaac_ros-dev/src/isaac_ros_nitros/isaac_ros_managed_nitros -DBUILD_TESTING=OFF -DAMENT_CMAKE_SYMLINK_INSTALL=1 -DCMAKE_INSTALL_PREFIX=/workspaces/isaac_ros-dev/install/isaac_ros_managed_nitros
[40.451s] DEBUG:colcon.colcon_core.event_handler.log_command:Invoking command in '/workspaces/isaac_ros-dev/build/isaac_ros_tensor_rt': AMENT_PREFIX_PATH=/workspaces/isaac_ros-dev/install/isaac_ros_nitros_tensor_list_type:/workspaces/isaac_ros-dev/install/isaac_ros_nitros:/workspaces/isaac_ros-dev/install/gxf_isaac_tensor_rt:/workspaces/isaac_ros-dev/install/gxf_isaac_messages:/workspaces/isaac_ros-dev/install/gxf_isaac_gxf_helpers:/workspaces/isaac_ros-dev/install/gxf_isaac_atlas:/workspaces/isaac_ros-dev/install/gxf_isaac_sight:/workspaces/isaac_ros-dev/install/gxf_isaac_optimizer:/workspaces/isaac_ros-dev/install/gxf_isaac_message_compositor:/workspaces/isaac_ros-dev/install/gxf_isaac_gems:/workspaces/isaac_ros-dev/install/isaac_ros_test:/workspaces/isaac_ros-dev/install/isaac_ros_tensor_list_interfaces:/workspaces/isaac_ros-dev/install/isaac_ros_gxf:/workspaces/isaac_ros-dev/install/isaac_ros_launch_utils:/workspaces/isaac_ros-dev/install/isaac_ros_common:/workspaces/isaac_ros-dev/install/isaac_common_py:/opt/ros/humble CMAKE_PREFIX_PATH=/workspaces/isaac_ros-dev/install/isaac_ros_nitros_tensor_list_type:/workspaces/isaac_ros-dev/install/isaac_ros_nitros:/workspaces/isaac_ros-dev/install/gxf_isaac_tensor_rt:/workspaces/isaac_ros-dev/install/gxf_isaac_messages:/workspaces/isaac_ros-dev/install/gxf_isaac_gxf_helpers:/workspaces/isaac_ros-dev/install/gxf_isaac_atlas:/workspaces/isaac_ros-dev/install/gxf_isaac_sight:/workspaces/isaac_ros-dev/install/gxf_isaac_optimizer:/workspaces/isaac_ros-dev/install/gxf_isaac_message_compositor:/workspaces/isaac_ros-dev/install/gxf_isaac_gems:/workspaces/isaac_ros-dev/install/isaac_ros_tensor_list_interfaces:/workspaces/isaac_ros-dev/install/isaac_ros_gxf:/workspaces/isaac_ros-dev/install/isaac_ros_common:/usr/local/libcudss-linux-0.3.0.9_cuda12-archive:/workspaces/isaac_ros-dev/install/isaac_ros_test:/workspaces/isaac_ros-dev/install/isaac_ros_launch_utils:/workspaces/isaac_ros-dev/install/isaac_common_py:/opt/ros/humble LD_LIBRARY_PATH=/workspaces/isaac_ros-dev/install/isaac_ros_nitros_tensor_list_type/lib:/workspaces/isaac_ros-dev/install/isaac_ros_nitros/lib:/workspaces/isaac_ros-dev/install/gxf_isaac_tensor_rt/lib:/workspaces/isaac_ros-dev/install/gxf_isaac_messages/lib:/workspaces/isaac_ros-dev/install/gxf_isaac_gxf_helpers/lib:/workspaces/isaac_ros-dev/install/gxf_isaac_atlas/lib:/workspaces/isaac_ros-dev/install/gxf_isaac_sight/lib:/workspaces/isaac_ros-dev/install/gxf_isaac_optimizer/lib:/workspaces/isaac_ros-dev/install/gxf_isaac_message_compositor/lib:/workspaces/isaac_ros-dev/install/gxf_isaac_gems/lib:/workspaces/isaac_ros-dev/install/isaac_ros_tensor_list_interfaces/lib:/workspaces/isaac_ros-dev/install/isaac_ros_gxf/lib:/workspaces/isaac_ros-dev/install/isaac_ros_common/lib:/opt/ros/humble/opt/openvdb_vendor/lib:/opt/ros/humble/opt/rviz_ogre_vendor/lib:/opt/ros/humble/lib/x86_64-linux-gnu:/opt/ros/humble/lib:/usr/local/libcudss-linux-0.3.0.9_cuda12-archive/lib:/opt/hpcx/ucc/lib/:/opt/hpcx/ucx/lib/:/usr/local/cuda/compat/lib:/usr/local/nvidia/lib:/usr/local/nvidia/lib64:/opt/tritonserver/lib PYTHONPATH=/workspaces/isaac_ros-dev/build/isaac_ros_test:/workspaces/isaac_ros-dev/install/isaac_ros_test/lib/python3.10/site-packages:/workspaces/isaac_ros-dev/install/isaac_ros_tensor_list_interfaces/local/lib/python3.10/dist-packages:/workspaces/isaac_ros-dev/build/isaac_ros_launch_utils:/workspaces/isaac_ros-dev/install/isaac_ros_launch_utils/lib/python3.10/site-packages:/workspaces/isaac_ros-dev/install/isaac_ros_common/local/lib/python3.10/dist-packages:/workspaces/isaac_ros-dev/build/isaac_common_py:/workspaces/isaac_ros-dev/install/isaac_common_py/lib/python3.10/site-packages:/opt/ros/humble/lib/python3.10/site-packages:/opt/ros/humble/local/lib/python3.10/dist-packages:/opt/ros/humble/vcstool:/opt/tritonserver/backends/dali/wheel/dali /usr/bin/cmake /workspaces/isaac_ros-dev/src/isaac_ros_dnn_inference/isaac_ros_tensor_rt -DBUILD_TESTING=OFF -DAMENT_CMAKE_SYMLINK_INSTALL=1 -DCMAKE_INSTALL_PREFIX=/workspaces/isaac_ros-dev/install/isaac_ros_tensor_rt
[41.803s] DEBUG:colcon.colcon_core.event_handler.log_command:Invoked command in '/workspaces/isaac_ros-dev/build/gxf_isaac_centerpose' returned '0': AMENT_PREFIX_PATH=/workspaces/isaac_ros-dev/install/isaac_ros_nitros_detection3_d_array_type:/workspaces/isaac_ros-dev/install/isaac_ros_nitros:/workspaces/isaac_ros-dev/install/gxf_isaac_messages:/workspaces/isaac_ros-dev/install/gxf_isaac_gxf_helpers:/workspaces/isaac_ros-dev/install/gxf_isaac_atlas:/workspaces/isaac_ros-dev/install/gxf_isaac_sight:/workspaces/isaac_ros-dev/install/gxf_isaac_optimizer:/workspaces/isaac_ros-dev/install/gxf_isaac_message_compositor:/workspaces/isaac_ros-dev/install/gxf_isaac_gems:/workspaces/isaac_ros-dev/install/isaac_ros_test:/workspaces/isaac_ros-dev/install/isaac_ros_gxf:/workspaces/isaac_ros-dev/install/isaac_ros_launch_utils:/workspaces/isaac_ros-dev/install/isaac_ros_common:/workspaces/isaac_ros-dev/install/isaac_common_py:/opt/ros/humble CMAKE_PREFIX_PATH=/workspaces/isaac_ros-dev/install/isaac_ros_nitros_detection3_d_array_type:/workspaces/isaac_ros-dev/install/isaac_ros_nitros:/workspaces/isaac_ros-dev/install/gxf_isaac_messages:/workspaces/isaac_ros-dev/install/gxf_isaac_gxf_helpers:/workspaces/isaac_ros-dev/install/gxf_isaac_atlas:/workspaces/isaac_ros-dev/install/gxf_isaac_sight:/workspaces/isaac_ros-dev/install/gxf_isaac_optimizer:/workspaces/isaac_ros-dev/install/gxf_isaac_message_compositor:/workspaces/isaac_ros-dev/install/gxf_isaac_gems:/workspaces/isaac_ros-dev/install/isaac_ros_gxf:/workspaces/isaac_ros-dev/install/isaac_ros_common:/usr/local/libcudss-linux-0.3.0.9_cuda12-archive:/workspaces/isaac_ros-dev/install/isaac_ros_test:/workspaces/isaac_ros-dev/install/isaac_ros_launch_utils:/workspaces/isaac_ros-dev/install/isaac_common_py:/opt/ros/humble LD_LIBRARY_PATH=/workspaces/isaac_ros-dev/install/isaac_ros_nitros_detection3_d_array_type/lib:/workspaces/isaac_ros-dev/install/isaac_ros_nitros/lib:/workspaces/isaac_ros-dev/install/gxf_isaac_messages/lib:/workspaces/isaac_ros-dev/install/gxf_isaac_gxf_helpers/lib:/workspaces/isaac_ros-dev/install/gxf_isaac_atlas/lib:/workspaces/isaac_ros-dev/install/gxf_isaac_sight/lib:/workspaces/isaac_ros-dev/install/gxf_isaac_optimizer/lib:/workspaces/isaac_ros-dev/install/gxf_isaac_message_compositor/lib:/workspaces/isaac_ros-dev/install/gxf_isaac_gems/lib:/workspaces/isaac_ros-dev/install/isaac_ros_gxf/lib:/workspaces/isaac_ros-dev/install/isaac_ros_common/lib:/opt/ros/humble/opt/openvdb_vendor/lib:/opt/ros/humble/opt/rviz_ogre_vendor/lib:/opt/ros/humble/lib/x86_64-linux-gnu:/opt/ros/humble/lib:/usr/local/libcudss-linux-0.3.0.9_cuda12-archive/lib:/opt/hpcx/ucc/lib/:/opt/hpcx/ucx/lib/:/usr/local/cuda/compat/lib:/usr/local/nvidia/lib:/usr/local/nvidia/lib64:/opt/tritonserver/lib PYTHONPATH=/workspaces/isaac_ros-dev/build/isaac_ros_test:/workspaces/isaac_ros-dev/install/isaac_ros_test/lib/python3.10/site-packages:/workspaces/isaac_ros-dev/build/isaac_ros_launch_utils:/workspaces/isaac_ros-dev/install/isaac_ros_launch_utils/lib/python3.10/site-packages:/workspaces/isaac_ros-dev/install/isaac_ros_common/local/lib/python3.10/dist-packages:/workspaces/isaac_ros-dev/build/isaac_common_py:/workspaces/isaac_ros-dev/install/isaac_common_py/lib/python3.10/site-packages:/opt/ros/humble/lib/python3.10/site-packages:/opt/ros/humble/local/lib/python3.10/dist-packages:/opt/ros/humble/vcstool:/opt/tritonserver/backends/dali/wheel/dali /usr/bin/cmake /workspaces/isaac_ros-dev/src/isaac_ros_pose_estimation/isaac_ros_gxf_extensions/gxf_isaac_centerpose -DBUILD_TESTING=OFF -DAMENT_CMAKE_SYMLINK_INSTALL=1 -DCMAKE_INSTALL_PREFIX=/workspaces/isaac_ros-dev/install/gxf_isaac_centerpose
[41.804s] DEBUG:colcon.colcon_core.event_handler.log_command:Invoking command in '/workspaces/isaac_ros-dev/build/gxf_isaac_centerpose': AMENT_PREFIX_PATH=/workspaces/isaac_ros-dev/install/isaac_ros_nitros_detection3_d_array_type:/workspaces/isaac_ros-dev/install/isaac_ros_nitros:/workspaces/isaac_ros-dev/install/gxf_isaac_messages:/workspaces/isaac_ros-dev/install/gxf_isaac_gxf_helpers:/workspaces/isaac_ros-dev/install/gxf_isaac_atlas:/workspaces/isaac_ros-dev/install/gxf_isaac_sight:/workspaces/isaac_ros-dev/install/gxf_isaac_optimizer:/workspaces/isaac_ros-dev/install/gxf_isaac_message_compositor:/workspaces/isaac_ros-dev/install/gxf_isaac_gems:/workspaces/isaac_ros-dev/install/isaac_ros_test:/workspaces/isaac_ros-dev/install/isaac_ros_gxf:/workspaces/isaac_ros-dev/install/isaac_ros_launch_utils:/workspaces/isaac_ros-dev/install/isaac_ros_common:/workspaces/isaac_ros-dev/install/isaac_common_py:/opt/ros/humble CMAKE_PREFIX_PATH=/workspaces/isaac_ros-dev/install/isaac_ros_nitros_detection3_d_array_type:/workspaces/isaac_ros-dev/install/isaac_ros_nitros:/workspaces/isaac_ros-dev/install/gxf_isaac_messages:/workspaces/isaac_ros-dev/install/gxf_isaac_gxf_helpers:/workspaces/isaac_ros-dev/install/gxf_isaac_atlas:/workspaces/isaac_ros-dev/install/gxf_isaac_sight:/workspaces/isaac_ros-dev/install/gxf_isaac_optimizer:/workspaces/isaac_ros-dev/install/gxf_isaac_message_compositor:/workspaces/isaac_ros-dev/install/gxf_isaac_gems:/workspaces/isaac_ros-dev/install/isaac_ros_gxf:/workspaces/isaac_ros-dev/install/isaac_ros_common:/usr/local/libcudss-linux-0.3.0.9_cuda12-archive:/workspaces/isaac_ros-dev/install/isaac_ros_test:/workspaces/isaac_ros-dev/install/isaac_ros_launch_utils:/workspaces/isaac_ros-dev/install/isaac_common_py:/opt/ros/humble LD_LIBRARY_PATH=/workspaces/isaac_ros-dev/install/isaac_ros_nitros_detection3_d_array_type/lib:/workspaces/isaac_ros-dev/install/isaac_ros_nitros/lib:/workspaces/isaac_ros-dev/install/gxf_isaac_messages/lib:/workspaces/isaac_ros-dev/install/gxf_isaac_gxf_helpers/lib:/workspaces/isaac_ros-dev/install/gxf_isaac_atlas/lib:/workspaces/isaac_ros-dev/install/gxf_isaac_sight/lib:/workspaces/isaac_ros-dev/install/gxf_isaac_optimizer/lib:/workspaces/isaac_ros-dev/install/gxf_isaac_message_compositor/lib:/workspaces/isaac_ros-dev/install/gxf_isaac_gems/lib:/workspaces/isaac_ros-dev/install/isaac_ros_gxf/lib:/workspaces/isaac_ros-dev/install/isaac_ros_common/lib:/opt/ros/humble/opt/openvdb_vendor/lib:/opt/ros/humble/opt/rviz_ogre_vendor/lib:/opt/ros/humble/lib/x86_64-linux-gnu:/opt/ros/humble/lib:/usr/local/libcudss-linux-0.3.0.9_cuda12-archive/lib:/opt/hpcx/ucc/lib/:/opt/hpcx/ucx/lib/:/usr/local/cuda/compat/lib:/usr/local/nvidia/lib:/usr/local/nvidia/lib64:/opt/tritonserver/lib PYTHONPATH=/workspaces/isaac_ros-dev/build/isaac_ros_test:/workspaces/isaac_ros-dev/install/isaac_ros_test/lib/python3.10/site-packages:/workspaces/isaac_ros-dev/build/isaac_ros_launch_utils:/workspaces/isaac_ros-dev/install/isaac_ros_launch_utils/lib/python3.10/site-packages:/workspaces/isaac_ros-dev/install/isaac_ros_common/local/lib/python3.10/dist-packages:/workspaces/isaac_ros-dev/build/isaac_common_py:/workspaces/isaac_ros-dev/install/isaac_common_py/lib/python3.10/site-packages:/opt/ros/humble/lib/python3.10/site-packages:/opt/ros/humble/local/lib/python3.10/dist-packages:/opt/ros/humble/vcstool:/opt/tritonserver/backends/dali/wheel/dali /usr/bin/cmake --build /workspaces/isaac_ros-dev/build/gxf_isaac_centerpose -- -j16 -l16
[42.119s] DEBUG:colcon.colcon_core.event_handler.log_command:Invoked command in '/workspaces/isaac_ros-dev/build/isaac_ros_managed_nitros' returned '0': AMENT_PREFIX_PATH=/workspaces/isaac_ros-dev/install/isaac_ros_nitros_tensor_list_type:/workspaces/isaac_ros-dev/install/isaac_ros_nitros:/workspaces/isaac_ros-dev/install/gxf_isaac_gxf_helpers:/workspaces/isaac_ros-dev/install/gxf_isaac_atlas:/workspaces/isaac_ros-dev/install/gxf_isaac_sight:/workspaces/isaac_ros-dev/install/gxf_isaac_optimizer:/workspaces/isaac_ros-dev/install/gxf_isaac_message_compositor:/workspaces/isaac_ros-dev/install/gxf_isaac_gems:/workspaces/isaac_ros-dev/install/isaac_ros_test:/workspaces/isaac_ros-dev/install/isaac_ros_tensor_list_interfaces:/workspaces/isaac_ros-dev/install/isaac_ros_gxf:/workspaces/isaac_ros-dev/install/isaac_ros_launch_utils:/workspaces/isaac_ros-dev/install/isaac_ros_common:/workspaces/isaac_ros-dev/install/isaac_common_py:/opt/ros/humble CMAKE_PREFIX_PATH=/workspaces/isaac_ros-dev/install/isaac_ros_nitros_tensor_list_type:/workspaces/isaac_ros-dev/install/isaac_ros_nitros:/workspaces/isaac_ros-dev/install/gxf_isaac_gxf_helpers:/workspaces/isaac_ros-dev/install/gxf_isaac_atlas:/workspaces/isaac_ros-dev/install/gxf_isaac_sight:/workspaces/isaac_ros-dev/install/gxf_isaac_optimizer:/workspaces/isaac_ros-dev/install/gxf_isaac_message_compositor:/workspaces/isaac_ros-dev/install/gxf_isaac_gems:/workspaces/isaac_ros-dev/install/isaac_ros_tensor_list_interfaces:/workspaces/isaac_ros-dev/install/isaac_ros_gxf:/workspaces/isaac_ros-dev/install/isaac_ros_common:/usr/local/libcudss-linux-0.3.0.9_cuda12-archive:/workspaces/isaac_ros-dev/install/isaac_ros_test:/workspaces/isaac_ros-dev/install/isaac_ros_launch_utils:/workspaces/isaac_ros-dev/install/isaac_common_py:/opt/ros/humble LD_LIBRARY_PATH=/workspaces/isaac_ros-dev/install/isaac_ros_nitros_tensor_list_type/lib:/workspaces/isaac_ros-dev/install/isaac_ros_nitros/lib:/workspaces/isaac_ros-dev/install/gxf_isaac_gxf_helpers/lib:/workspaces/isaac_ros-dev/install/gxf_isaac_atlas/lib:/workspaces/isaac_ros-dev/install/gxf_isaac_sight/lib:/workspaces/isaac_ros-dev/install/gxf_isaac_optimizer/lib:/workspaces/isaac_ros-dev/install/gxf_isaac_message_compositor/lib:/workspaces/isaac_ros-dev/install/gxf_isaac_gems/lib:/workspaces/isaac_ros-dev/install/isaac_ros_tensor_list_interfaces/lib:/workspaces/isaac_ros-dev/install/isaac_ros_gxf/lib:/workspaces/isaac_ros-dev/install/isaac_ros_common/lib:/opt/ros/humble/opt/openvdb_vendor/lib:/opt/ros/humble/opt/rviz_ogre_vendor/lib:/opt/ros/humble/lib/x86_64-linux-gnu:/opt/ros/humble/lib:/usr/local/libcudss-linux-0.3.0.9_cuda12-archive/lib:/opt/hpcx/ucc/lib/:/opt/hpcx/ucx/lib/:/usr/local/cuda/compat/lib:/usr/local/nvidia/lib:/usr/local/nvidia/lib64:/opt/tritonserver/lib PYTHONPATH=/workspaces/isaac_ros-dev/build/isaac_ros_test:/workspaces/isaac_ros-dev/install/isaac_ros_test/lib/python3.10/site-packages:/workspaces/isaac_ros-dev/install/isaac_ros_tensor_list_interfaces/local/lib/python3.10/dist-packages:/workspaces/isaac_ros-dev/build/isaac_ros_launch_utils:/workspaces/isaac_ros-dev/install/isaac_ros_launch_utils/lib/python3.10/site-packages:/workspaces/isaac_ros-dev/install/isaac_ros_common/local/lib/python3.10/dist-packages:/workspaces/isaac_ros-dev/build/isaac_common_py:/workspaces/isaac_ros-dev/install/isaac_common_py/lib/python3.10/site-packages:/opt/ros/humble/lib/python3.10/site-packages:/opt/ros/humble/local/lib/python3.10/dist-packages:/opt/ros/humble/vcstool:/opt/tritonserver/backends/dali/wheel/dali /usr/bin/cmake /workspaces/isaac_ros-dev/src/isaac_ros_nitros/isaac_ros_managed_nitros -DBUILD_TESTING=OFF -DAMENT_CMAKE_SYMLINK_INSTALL=1 -DCMAKE_INSTALL_PREFIX=/workspaces/isaac_ros-dev/install/isaac_ros_managed_nitros
[42.119s] DEBUG:colcon.colcon_core.event_handler.log_command:Invoking command in '/workspaces/isaac_ros-dev/build/isaac_ros_managed_nitros': AMENT_PREFIX_PATH=/workspaces/isaac_ros-dev/install/isaac_ros_nitros_tensor_list_type:/workspaces/isaac_ros-dev/install/isaac_ros_nitros:/workspaces/isaac_ros-dev/install/gxf_isaac_gxf_helpers:/workspaces/isaac_ros-dev/install/gxf_isaac_atlas:/workspaces/isaac_ros-dev/install/gxf_isaac_sight:/workspaces/isaac_ros-dev/install/gxf_isaac_optimizer:/workspaces/isaac_ros-dev/install/gxf_isaac_message_compositor:/workspaces/isaac_ros-dev/install/gxf_isaac_gems:/workspaces/isaac_ros-dev/install/isaac_ros_test:/workspaces/isaac_ros-dev/install/isaac_ros_tensor_list_interfaces:/workspaces/isaac_ros-dev/install/isaac_ros_gxf:/workspaces/isaac_ros-dev/install/isaac_ros_launch_utils:/workspaces/isaac_ros-dev/install/isaac_ros_common:/workspaces/isaac_ros-dev/install/isaac_common_py:/opt/ros/humble CMAKE_PREFIX_PATH=/workspaces/isaac_ros-dev/install/isaac_ros_nitros_tensor_list_type:/workspaces/isaac_ros-dev/install/isaac_ros_nitros:/workspaces/isaac_ros-dev/install/gxf_isaac_gxf_helpers:/workspaces/isaac_ros-dev/install/gxf_isaac_atlas:/workspaces/isaac_ros-dev/install/gxf_isaac_sight:/workspaces/isaac_ros-dev/install/gxf_isaac_optimizer:/workspaces/isaac_ros-dev/install/gxf_isaac_message_compositor:/workspaces/isaac_ros-dev/install/gxf_isaac_gems:/workspaces/isaac_ros-dev/install/isaac_ros_tensor_list_interfaces:/workspaces/isaac_ros-dev/install/isaac_ros_gxf:/workspaces/isaac_ros-dev/install/isaac_ros_common:/usr/local/libcudss-linux-0.3.0.9_cuda12-archive:/workspaces/isaac_ros-dev/install/isaac_ros_test:/workspaces/isaac_ros-dev/install/isaac_ros_launch_utils:/workspaces/isaac_ros-dev/install/isaac_common_py:/opt/ros/humble LD_LIBRARY_PATH=/workspaces/isaac_ros-dev/install/isaac_ros_nitros_tensor_list_type/lib:/workspaces/isaac_ros-dev/install/isaac_ros_nitros/lib:/workspaces/isaac_ros-dev/install/gxf_isaac_gxf_helpers/lib:/workspaces/isaac_ros-dev/install/gxf_isaac_atlas/lib:/workspaces/isaac_ros-dev/install/gxf_isaac_sight/lib:/workspaces/isaac_ros-dev/install/gxf_isaac_optimizer/lib:/workspaces/isaac_ros-dev/install/gxf_isaac_message_compositor/lib:/workspaces/isaac_ros-dev/install/gxf_isaac_gems/lib:/workspaces/isaac_ros-dev/install/isaac_ros_tensor_list_interfaces/lib:/workspaces/isaac_ros-dev/install/isaac_ros_gxf/lib:/workspaces/isaac_ros-dev/install/isaac_ros_common/lib:/opt/ros/humble/opt/openvdb_vendor/lib:/opt/ros/humble/opt/rviz_ogre_vendor/lib:/opt/ros/humble/lib/x86_64-linux-gnu:/opt/ros/humble/lib:/usr/local/libcudss-linux-0.3.0.9_cuda12-archive/lib:/opt/hpcx/ucc/lib/:/opt/hpcx/ucx/lib/:/usr/local/cuda/compat/lib:/usr/local/nvidia/lib:/usr/local/nvidia/lib64:/opt/tritonserver/lib PYTHONPATH=/workspaces/isaac_ros-dev/build/isaac_ros_test:/workspaces/isaac_ros-dev/install/isaac_ros_test/lib/python3.10/site-packages:/workspaces/isaac_ros-dev/install/isaac_ros_tensor_list_interfaces/local/lib/python3.10/dist-packages:/workspaces/isaac_ros-dev/build/isaac_ros_launch_utils:/workspaces/isaac_ros-dev/install/isaac_ros_launch_utils/lib/python3.10/site-packages:/workspaces/isaac_ros-dev/install/isaac_ros_common/local/lib/python3.10/dist-packages:/workspaces/isaac_ros-dev/build/isaac_common_py:/workspaces/isaac_ros-dev/install/isaac_common_py/lib/python3.10/site-packages:/opt/ros/humble/lib/python3.10/site-packages:/opt/ros/humble/local/lib/python3.10/dist-packages:/opt/ros/humble/vcstool:/opt/tritonserver/backends/dali/wheel/dali /usr/bin/cmake --build /workspaces/isaac_ros-dev/build/isaac_ros_managed_nitros -- -j16 -l16
[42.150s] DEBUG:colcon.colcon_core.event_handler.log_command:Invoked command in '/workspaces/isaac_ros-dev/build/isaac_ros_tensor_rt' returned '0': AMENT_PREFIX_PATH=/workspaces/isaac_ros-dev/install/isaac_ros_nitros_tensor_list_type:/workspaces/isaac_ros-dev/install/isaac_ros_nitros:/workspaces/isaac_ros-dev/install/gxf_isaac_tensor_rt:/workspaces/isaac_ros-dev/install/gxf_isaac_messages:/workspaces/isaac_ros-dev/install/gxf_isaac_gxf_helpers:/workspaces/isaac_ros-dev/install/gxf_isaac_atlas:/workspaces/isaac_ros-dev/install/gxf_isaac_sight:/workspaces/isaac_ros-dev/install/gxf_isaac_optimizer:/workspaces/isaac_ros-dev/install/gxf_isaac_message_compositor:/workspaces/isaac_ros-dev/install/gxf_isaac_gems:/workspaces/isaac_ros-dev/install/isaac_ros_test:/workspaces/isaac_ros-dev/install/isaac_ros_tensor_list_interfaces:/workspaces/isaac_ros-dev/install/isaac_ros_gxf:/workspaces/isaac_ros-dev/install/isaac_ros_launch_utils:/workspaces/isaac_ros-dev/install/isaac_ros_common:/workspaces/isaac_ros-dev/install/isaac_common_py:/opt/ros/humble CMAKE_PREFIX_PATH=/workspaces/isaac_ros-dev/install/isaac_ros_nitros_tensor_list_type:/workspaces/isaac_ros-dev/install/isaac_ros_nitros:/workspaces/isaac_ros-dev/install/gxf_isaac_tensor_rt:/workspaces/isaac_ros-dev/install/gxf_isaac_messages:/workspaces/isaac_ros-dev/install/gxf_isaac_gxf_helpers:/workspaces/isaac_ros-dev/install/gxf_isaac_atlas:/workspaces/isaac_ros-dev/install/gxf_isaac_sight:/workspaces/isaac_ros-dev/install/gxf_isaac_optimizer:/workspaces/isaac_ros-dev/install/gxf_isaac_message_compositor:/workspaces/isaac_ros-dev/install/gxf_isaac_gems:/workspaces/isaac_ros-dev/install/isaac_ros_tensor_list_interfaces:/workspaces/isaac_ros-dev/install/isaac_ros_gxf:/workspaces/isaac_ros-dev/install/isaac_ros_common:/usr/local/libcudss-linux-0.3.0.9_cuda12-archive:/workspaces/isaac_ros-dev/install/isaac_ros_test:/workspaces/isaac_ros-dev/install/isaac_ros_launch_utils:/workspaces/isaac_ros-dev/install/isaac_common_py:/opt/ros/humble LD_LIBRARY_PATH=/workspaces/isaac_ros-dev/install/isaac_ros_nitros_tensor_list_type/lib:/workspaces/isaac_ros-dev/install/isaac_ros_nitros/lib:/workspaces/isaac_ros-dev/install/gxf_isaac_tensor_rt/lib:/workspaces/isaac_ros-dev/install/gxf_isaac_messages/lib:/workspaces/isaac_ros-dev/install/gxf_isaac_gxf_helpers/lib:/workspaces/isaac_ros-dev/install/gxf_isaac_atlas/lib:/workspaces/isaac_ros-dev/install/gxf_isaac_sight/lib:/workspaces/isaac_ros-dev/install/gxf_isaac_optimizer/lib:/workspaces/isaac_ros-dev/install/gxf_isaac_message_compositor/lib:/workspaces/isaac_ros-dev/install/gxf_isaac_gems/lib:/workspaces/isaac_ros-dev/install/isaac_ros_tensor_list_interfaces/lib:/workspaces/isaac_ros-dev/install/isaac_ros_gxf/lib:/workspaces/isaac_ros-dev/install/isaac_ros_common/lib:/opt/ros/humble/opt/openvdb_vendor/lib:/opt/ros/humble/opt/rviz_ogre_vendor/lib:/opt/ros/humble/lib/x86_64-linux-gnu:/opt/ros/humble/lib:/usr/local/libcudss-linux-0.3.0.9_cuda12-archive/lib:/opt/hpcx/ucc/lib/:/opt/hpcx/ucx/lib/:/usr/local/cuda/compat/lib:/usr/local/nvidia/lib:/usr/local/nvidia/lib64:/opt/tritonserver/lib PYTHONPATH=/workspaces/isaac_ros-dev/build/isaac_ros_test:/workspaces/isaac_ros-dev/install/isaac_ros_test/lib/python3.10/site-packages:/workspaces/isaac_ros-dev/install/isaac_ros_tensor_list_interfaces/local/lib/python3.10/dist-packages:/workspaces/isaac_ros-dev/build/isaac_ros_launch_utils:/workspaces/isaac_ros-dev/install/isaac_ros_launch_utils/lib/python3.10/site-packages:/workspaces/isaac_ros-dev/install/isaac_ros_common/local/lib/python3.10/dist-packages:/workspaces/isaac_ros-dev/build/isaac_common_py:/workspaces/isaac_ros-dev/install/isaac_common_py/lib/python3.10/site-packages:/opt/ros/humble/lib/python3.10/site-packages:/opt/ros/humble/local/lib/python3.10/dist-packages:/opt/ros/humble/vcstool:/opt/tritonserver/backends/dali/wheel/dali /usr/bin/cmake /workspaces/isaac_ros-dev/src/isaac_ros_dnn_inference/isaac_ros_tensor_rt -DBUILD_TESTING=OFF -DAMENT_CMAKE_SYMLINK_INSTALL=1 -DCMAKE_INSTALL_PREFIX=/workspaces/isaac_ros-dev/install/isaac_ros_tensor_rt
[42.152s] DEBUG:colcon.colcon_core.event_handler.log_command:Invoking command in '/workspaces/isaac_ros-dev/build/isaac_ros_tensor_rt': AMENT_PREFIX_PATH=/workspaces/isaac_ros-dev/install/isaac_ros_nitros_tensor_list_type:/workspaces/isaac_ros-dev/install/isaac_ros_nitros:/workspaces/isaac_ros-dev/install/gxf_isaac_tensor_rt:/workspaces/isaac_ros-dev/install/gxf_isaac_messages:/workspaces/isaac_ros-dev/install/gxf_isaac_gxf_helpers:/workspaces/isaac_ros-dev/install/gxf_isaac_atlas:/workspaces/isaac_ros-dev/install/gxf_isaac_sight:/workspaces/isaac_ros-dev/install/gxf_isaac_optimizer:/workspaces/isaac_ros-dev/install/gxf_isaac_message_compositor:/workspaces/isaac_ros-dev/install/gxf_isaac_gems:/workspaces/isaac_ros-dev/install/isaac_ros_test:/workspaces/isaac_ros-dev/install/isaac_ros_tensor_list_interfaces:/workspaces/isaac_ros-dev/install/isaac_ros_gxf:/workspaces/isaac_ros-dev/install/isaac_ros_launch_utils:/workspaces/isaac_ros-dev/install/isaac_ros_common:/workspaces/isaac_ros-dev/install/isaac_common_py:/opt/ros/humble CMAKE_PREFIX_PATH=/workspaces/isaac_ros-dev/install/isaac_ros_nitros_tensor_list_type:/workspaces/isaac_ros-dev/install/isaac_ros_nitros:/workspaces/isaac_ros-dev/install/gxf_isaac_tensor_rt:/workspaces/isaac_ros-dev/install/gxf_isaac_messages:/workspaces/isaac_ros-dev/install/gxf_isaac_gxf_helpers:/workspaces/isaac_ros-dev/install/gxf_isaac_atlas:/workspaces/isaac_ros-dev/install/gxf_isaac_sight:/workspaces/isaac_ros-dev/install/gxf_isaac_optimizer:/workspaces/isaac_ros-dev/install/gxf_isaac_message_compositor:/workspaces/isaac_ros-dev/install/gxf_isaac_gems:/workspaces/isaac_ros-dev/install/isaac_ros_tensor_list_interfaces:/workspaces/isaac_ros-dev/install/isaac_ros_gxf:/workspaces/isaac_ros-dev/install/isaac_ros_common:/usr/local/libcudss-linux-0.3.0.9_cuda12-archive:/workspaces/isaac_ros-dev/install/isaac_ros_test:/workspaces/isaac_ros-dev/install/isaac_ros_launch_utils:/workspaces/isaac_ros-dev/install/isaac_common_py:/opt/ros/humble LD_LIBRARY_PATH=/workspaces/isaac_ros-dev/install/isaac_ros_nitros_tensor_list_type/lib:/workspaces/isaac_ros-dev/install/isaac_ros_nitros/lib:/workspaces/isaac_ros-dev/install/gxf_isaac_tensor_rt/lib:/workspaces/isaac_ros-dev/install/gxf_isaac_messages/lib:/workspaces/isaac_ros-dev/install/gxf_isaac_gxf_helpers/lib:/workspaces/isaac_ros-dev/install/gxf_isaac_atlas/lib:/workspaces/isaac_ros-dev/install/gxf_isaac_sight/lib:/workspaces/isaac_ros-dev/install/gxf_isaac_optimizer/lib:/workspaces/isaac_ros-dev/install/gxf_isaac_message_compositor/lib:/workspaces/isaac_ros-dev/install/gxf_isaac_gems/lib:/workspaces/isaac_ros-dev/install/isaac_ros_tensor_list_interfaces/lib:/workspaces/isaac_ros-dev/install/isaac_ros_gxf/lib:/workspaces/isaac_ros-dev/install/isaac_ros_common/lib:/opt/ros/humble/opt/openvdb_vendor/lib:/opt/ros/humble/opt/rviz_ogre_vendor/lib:/opt/ros/humble/lib/x86_64-linux-gnu:/opt/ros/humble/lib:/usr/local/libcudss-linux-0.3.0.9_cuda12-archive/lib:/opt/hpcx/ucc/lib/:/opt/hpcx/ucx/lib/:/usr/local/cuda/compat/lib:/usr/local/nvidia/lib:/usr/local/nvidia/lib64:/opt/tritonserver/lib PYTHONPATH=/workspaces/isaac_ros-dev/build/isaac_ros_test:/workspaces/isaac_ros-dev/install/isaac_ros_test/lib/python3.10/site-packages:/workspaces/isaac_ros-dev/install/isaac_ros_tensor_list_interfaces/local/lib/python3.10/dist-packages:/workspaces/isaac_ros-dev/build/isaac_ros_launch_utils:/workspaces/isaac_ros-dev/install/isaac_ros_launch_utils/lib/python3.10/site-packages:/workspaces/isaac_ros-dev/install/isaac_ros_common/local/lib/python3.10/dist-packages:/workspaces/isaac_ros-dev/build/isaac_common_py:/workspaces/isaac_ros-dev/install/isaac_common_py/lib/python3.10/site-packages:/opt/ros/humble/lib/python3.10/site-packages:/opt/ros/humble/local/lib/python3.10/dist-packages:/opt/ros/humble/vcstool:/opt/tritonserver/backends/dali/wheel/dali /usr/bin/cmake --build /workspaces/isaac_ros-dev/build/isaac_ros_tensor_rt -- -j16 -l16
[42.253s] DEBUG:colcon.colcon_core.event_handler.log_command:Invoked command in '/workspaces/isaac_ros-dev/build/isaac_ros_managed_nitros' returned '0': AMENT_PREFIX_PATH=/workspaces/isaac_ros-dev/install/isaac_ros_nitros_tensor_list_type:/workspaces/isaac_ros-dev/install/isaac_ros_nitros:/workspaces/isaac_ros-dev/install/gxf_isaac_gxf_helpers:/workspaces/isaac_ros-dev/install/gxf_isaac_atlas:/workspaces/isaac_ros-dev/install/gxf_isaac_sight:/workspaces/isaac_ros-dev/install/gxf_isaac_optimizer:/workspaces/isaac_ros-dev/install/gxf_isaac_message_compositor:/workspaces/isaac_ros-dev/install/gxf_isaac_gems:/workspaces/isaac_ros-dev/install/isaac_ros_test:/workspaces/isaac_ros-dev/install/isaac_ros_tensor_list_interfaces:/workspaces/isaac_ros-dev/install/isaac_ros_gxf:/workspaces/isaac_ros-dev/install/isaac_ros_launch_utils:/workspaces/isaac_ros-dev/install/isaac_ros_common:/workspaces/isaac_ros-dev/install/isaac_common_py:/opt/ros/humble CMAKE_PREFIX_PATH=/workspaces/isaac_ros-dev/install/isaac_ros_nitros_tensor_list_type:/workspaces/isaac_ros-dev/install/isaac_ros_nitros:/workspaces/isaac_ros-dev/install/gxf_isaac_gxf_helpers:/workspaces/isaac_ros-dev/install/gxf_isaac_atlas:/workspaces/isaac_ros-dev/install/gxf_isaac_sight:/workspaces/isaac_ros-dev/install/gxf_isaac_optimizer:/workspaces/isaac_ros-dev/install/gxf_isaac_message_compositor:/workspaces/isaac_ros-dev/install/gxf_isaac_gems:/workspaces/isaac_ros-dev/install/isaac_ros_tensor_list_interfaces:/workspaces/isaac_ros-dev/install/isaac_ros_gxf:/workspaces/isaac_ros-dev/install/isaac_ros_common:/usr/local/libcudss-linux-0.3.0.9_cuda12-archive:/workspaces/isaac_ros-dev/install/isaac_ros_test:/workspaces/isaac_ros-dev/install/isaac_ros_launch_utils:/workspaces/isaac_ros-dev/install/isaac_common_py:/opt/ros/humble LD_LIBRARY_PATH=/workspaces/isaac_ros-dev/install/isaac_ros_nitros_tensor_list_type/lib:/workspaces/isaac_ros-dev/install/isaac_ros_nitros/lib:/workspaces/isaac_ros-dev/install/gxf_isaac_gxf_helpers/lib:/workspaces/isaac_ros-dev/install/gxf_isaac_atlas/lib:/workspaces/isaac_ros-dev/install/gxf_isaac_sight/lib:/workspaces/isaac_ros-dev/install/gxf_isaac_optimizer/lib:/workspaces/isaac_ros-dev/install/gxf_isaac_message_compositor/lib:/workspaces/isaac_ros-dev/install/gxf_isaac_gems/lib:/workspaces/isaac_ros-dev/install/isaac_ros_tensor_list_interfaces/lib:/workspaces/isaac_ros-dev/install/isaac_ros_gxf/lib:/workspaces/isaac_ros-dev/install/isaac_ros_common/lib:/opt/ros/humble/opt/openvdb_vendor/lib:/opt/ros/humble/opt/rviz_ogre_vendor/lib:/opt/ros/humble/lib/x86_64-linux-gnu:/opt/ros/humble/lib:/usr/local/libcudss-linux-0.3.0.9_cuda12-archive/lib:/opt/hpcx/ucc/lib/:/opt/hpcx/ucx/lib/:/usr/local/cuda/compat/lib:/usr/local/nvidia/lib:/usr/local/nvidia/lib64:/opt/tritonserver/lib PYTHONPATH=/workspaces/isaac_ros-dev/build/isaac_ros_test:/workspaces/isaac_ros-dev/install/isaac_ros_test/lib/python3.10/site-packages:/workspaces/isaac_ros-dev/install/isaac_ros_tensor_list_interfaces/local/lib/python3.10/dist-packages:/workspaces/isaac_ros-dev/build/isaac_ros_launch_utils:/workspaces/isaac_ros-dev/install/isaac_ros_launch_utils/lib/python3.10/site-packages:/workspaces/isaac_ros-dev/install/isaac_ros_common/local/lib/python3.10/dist-packages:/workspaces/isaac_ros-dev/build/isaac_common_py:/workspaces/isaac_ros-dev/install/isaac_common_py/lib/python3.10/site-packages:/opt/ros/humble/lib/python3.10/site-packages:/opt/ros/humble/local/lib/python3.10/dist-packages:/opt/ros/humble/vcstool:/opt/tritonserver/backends/dali/wheel/dali /usr/bin/cmake --build /workspaces/isaac_ros-dev/build/isaac_ros_managed_nitros -- -j16 -l16
[42.255s] DEBUG:colcon.colcon_core.event_handler.log_command:Invoking command in '/workspaces/isaac_ros-dev/build/isaac_ros_managed_nitros': AMENT_PREFIX_PATH=/workspaces/isaac_ros-dev/install/isaac_ros_nitros_tensor_list_type:/workspaces/isaac_ros-dev/install/isaac_ros_nitros:/workspaces/isaac_ros-dev/install/gxf_isaac_gxf_helpers:/workspaces/isaac_ros-dev/install/gxf_isaac_atlas:/workspaces/isaac_ros-dev/install/gxf_isaac_sight:/workspaces/isaac_ros-dev/install/gxf_isaac_optimizer:/workspaces/isaac_ros-dev/install/gxf_isaac_message_compositor:/workspaces/isaac_ros-dev/install/gxf_isaac_gems:/workspaces/isaac_ros-dev/install/isaac_ros_test:/workspaces/isaac_ros-dev/install/isaac_ros_tensor_list_interfaces:/workspaces/isaac_ros-dev/install/isaac_ros_gxf:/workspaces/isaac_ros-dev/install/isaac_ros_launch_utils:/workspaces/isaac_ros-dev/install/isaac_ros_common:/workspaces/isaac_ros-dev/install/isaac_common_py:/opt/ros/humble CMAKE_PREFIX_PATH=/workspaces/isaac_ros-dev/install/isaac_ros_nitros_tensor_list_type:/workspaces/isaac_ros-dev/install/isaac_ros_nitros:/workspaces/isaac_ros-dev/install/gxf_isaac_gxf_helpers:/workspaces/isaac_ros-dev/install/gxf_isaac_atlas:/workspaces/isaac_ros-dev/install/gxf_isaac_sight:/workspaces/isaac_ros-dev/install/gxf_isaac_optimizer:/workspaces/isaac_ros-dev/install/gxf_isaac_message_compositor:/workspaces/isaac_ros-dev/install/gxf_isaac_gems:/workspaces/isaac_ros-dev/install/isaac_ros_tensor_list_interfaces:/workspaces/isaac_ros-dev/install/isaac_ros_gxf:/workspaces/isaac_ros-dev/install/isaac_ros_common:/usr/local/libcudss-linux-0.3.0.9_cuda12-archive:/workspaces/isaac_ros-dev/install/isaac_ros_test:/workspaces/isaac_ros-dev/install/isaac_ros_launch_utils:/workspaces/isaac_ros-dev/install/isaac_common_py:/opt/ros/humble LD_LIBRARY_PATH=/workspaces/isaac_ros-dev/install/isaac_ros_nitros_tensor_list_type/lib:/workspaces/isaac_ros-dev/install/isaac_ros_nitros/lib:/workspaces/isaac_ros-dev/install/gxf_isaac_gxf_helpers/lib:/workspaces/isaac_ros-dev/install/gxf_isaac_atlas/lib:/workspaces/isaac_ros-dev/install/gxf_isaac_sight/lib:/workspaces/isaac_ros-dev/install/gxf_isaac_optimizer/lib:/workspaces/isaac_ros-dev/install/gxf_isaac_message_compositor/lib:/workspaces/isaac_ros-dev/install/gxf_isaac_gems/lib:/workspaces/isaac_ros-dev/install/isaac_ros_tensor_list_interfaces/lib:/workspaces/isaac_ros-dev/install/isaac_ros_gxf/lib:/workspaces/isaac_ros-dev/install/isaac_ros_common/lib:/opt/ros/humble/opt/openvdb_vendor/lib:/opt/ros/humble/opt/rviz_ogre_vendor/lib:/opt/ros/humble/lib/x86_64-linux-gnu:/opt/ros/humble/lib:/usr/local/libcudss-linux-0.3.0.9_cuda12-archive/lib:/opt/hpcx/ucc/lib/:/opt/hpcx/ucx/lib/:/usr/local/cuda/compat/lib:/usr/local/nvidia/lib:/usr/local/nvidia/lib64:/opt/tritonserver/lib PYTHONPATH=/workspaces/isaac_ros-dev/build/isaac_ros_test:/workspaces/isaac_ros-dev/install/isaac_ros_test/lib/python3.10/site-packages:/workspaces/isaac_ros-dev/install/isaac_ros_tensor_list_interfaces/local/lib/python3.10/dist-packages:/workspaces/isaac_ros-dev/build/isaac_ros_launch_utils:/workspaces/isaac_ros-dev/install/isaac_ros_launch_utils/lib/python3.10/site-packages:/workspaces/isaac_ros-dev/install/isaac_ros_common/local/lib/python3.10/dist-packages:/workspaces/isaac_ros-dev/build/isaac_common_py:/workspaces/isaac_ros-dev/install/isaac_common_py/lib/python3.10/site-packages:/opt/ros/humble/lib/python3.10/site-packages:/opt/ros/humble/local/lib/python3.10/dist-packages:/opt/ros/humble/vcstool:/opt/tritonserver/backends/dali/wheel/dali /usr/bin/cmake --install /workspaces/isaac_ros-dev/build/isaac_ros_managed_nitros
[42.560s] Level 1:colcon.colcon_core.environment:create_environment_scripts_only(isaac_ros_managed_nitros)
[42.561s] Level 1:colcon.colcon_core.environment:checking '/workspaces/isaac_ros-dev/install/isaac_ros_managed_nitros' for CMake module files
[42.562s] DEBUG:colcon.colcon_core.event_handler.log_command:Invoked command in '/workspaces/isaac_ros-dev/build/isaac_ros_managed_nitros' returned '0': AMENT_PREFIX_PATH=/workspaces/isaac_ros-dev/install/isaac_ros_nitros_tensor_list_type:/workspaces/isaac_ros-dev/install/isaac_ros_nitros:/workspaces/isaac_ros-dev/install/gxf_isaac_gxf_helpers:/workspaces/isaac_ros-dev/install/gxf_isaac_atlas:/workspaces/isaac_ros-dev/install/gxf_isaac_sight:/workspaces/isaac_ros-dev/install/gxf_isaac_optimizer:/workspaces/isaac_ros-dev/install/gxf_isaac_message_compositor:/workspaces/isaac_ros-dev/install/gxf_isaac_gems:/workspaces/isaac_ros-dev/install/isaac_ros_test:/workspaces/isaac_ros-dev/install/isaac_ros_tensor_list_interfaces:/workspaces/isaac_ros-dev/install/isaac_ros_gxf:/workspaces/isaac_ros-dev/install/isaac_ros_launch_utils:/workspaces/isaac_ros-dev/install/isaac_ros_common:/workspaces/isaac_ros-dev/install/isaac_common_py:/opt/ros/humble CMAKE_PREFIX_PATH=/workspaces/isaac_ros-dev/install/isaac_ros_nitros_tensor_list_type:/workspaces/isaac_ros-dev/install/isaac_ros_nitros:/workspaces/isaac_ros-dev/install/gxf_isaac_gxf_helpers:/workspaces/isaac_ros-dev/install/gxf_isaac_atlas:/workspaces/isaac_ros-dev/install/gxf_isaac_sight:/workspaces/isaac_ros-dev/install/gxf_isaac_optimizer:/workspaces/isaac_ros-dev/install/gxf_isaac_message_compositor:/workspaces/isaac_ros-dev/install/gxf_isaac_gems:/workspaces/isaac_ros-dev/install/isaac_ros_tensor_list_interfaces:/workspaces/isaac_ros-dev/install/isaac_ros_gxf:/workspaces/isaac_ros-dev/install/isaac_ros_common:/usr/local/libcudss-linux-0.3.0.9_cuda12-archive:/workspaces/isaac_ros-dev/install/isaac_ros_test:/workspaces/isaac_ros-dev/install/isaac_ros_launch_utils:/workspaces/isaac_ros-dev/install/isaac_common_py:/opt/ros/humble LD_LIBRARY_PATH=/workspaces/isaac_ros-dev/install/isaac_ros_nitros_tensor_list_type/lib:/workspaces/isaac_ros-dev/install/isaac_ros_nitros/lib:/workspaces/isaac_ros-dev/install/gxf_isaac_gxf_helpers/lib:/workspaces/isaac_ros-dev/install/gxf_isaac_atlas/lib:/workspaces/isaac_ros-dev/install/gxf_isaac_sight/lib:/workspaces/isaac_ros-dev/install/gxf_isaac_optimizer/lib:/workspaces/isaac_ros-dev/install/gxf_isaac_message_compositor/lib:/workspaces/isaac_ros-dev/install/gxf_isaac_gems/lib:/workspaces/isaac_ros-dev/install/isaac_ros_tensor_list_interfaces/lib:/workspaces/isaac_ros-dev/install/isaac_ros_gxf/lib:/workspaces/isaac_ros-dev/install/isaac_ros_common/lib:/opt/ros/humble/opt/openvdb_vendor/lib:/opt/ros/humble/opt/rviz_ogre_vendor/lib:/opt/ros/humble/lib/x86_64-linux-gnu:/opt/ros/humble/lib:/usr/local/libcudss-linux-0.3.0.9_cuda12-archive/lib:/opt/hpcx/ucc/lib/:/opt/hpcx/ucx/lib/:/usr/local/cuda/compat/lib:/usr/local/nvidia/lib:/usr/local/nvidia/lib64:/opt/tritonserver/lib PYTHONPATH=/workspaces/isaac_ros-dev/build/isaac_ros_test:/workspaces/isaac_ros-dev/install/isaac_ros_test/lib/python3.10/site-packages:/workspaces/isaac_ros-dev/install/isaac_ros_tensor_list_interfaces/local/lib/python3.10/dist-packages:/workspaces/isaac_ros-dev/build/isaac_ros_launch_utils:/workspaces/isaac_ros-dev/install/isaac_ros_launch_utils/lib/python3.10/site-packages:/workspaces/isaac_ros-dev/install/isaac_ros_common/local/lib/python3.10/dist-packages:/workspaces/isaac_ros-dev/build/isaac_common_py:/workspaces/isaac_ros-dev/install/isaac_common_py/lib/python3.10/site-packages:/opt/ros/humble/lib/python3.10/site-packages:/opt/ros/humble/local/lib/python3.10/dist-packages:/opt/ros/humble/vcstool:/opt/tritonserver/backends/dali/wheel/dali /usr/bin/cmake --install /workspaces/isaac_ros-dev/build/isaac_ros_managed_nitros
[42.563s] Level 1:colcon.colcon_core.environment:checking '/workspaces/isaac_ros-dev/install/isaac_ros_managed_nitros' for CMake config files
[42.563s] Level 1:colcon.colcon_core.shell:create_environment_hook('isaac_ros_managed_nitros', 'cmake_prefix_path')
[42.564s] INFO:colcon.colcon_core.shell:Creating environment hook '/workspaces/isaac_ros-dev/install/isaac_ros_managed_nitros/share/isaac_ros_managed_nitros/hook/cmake_prefix_path.ps1'
[42.564s] INFO:colcon.colcon_core.shell:Creating environment descriptor '/workspaces/isaac_ros-dev/install/isaac_ros_managed_nitros/share/isaac_ros_managed_nitros/hook/cmake_prefix_path.dsv'
[42.565s] INFO:colcon.colcon_core.shell:Creating environment hook '/workspaces/isaac_ros-dev/install/isaac_ros_managed_nitros/share/isaac_ros_managed_nitros/hook/cmake_prefix_path.sh'
[42.565s] Level 1:colcon.colcon_core.environment:checking '/workspaces/isaac_ros-dev/install/isaac_ros_managed_nitros/bin'
[42.565s] Level 1:colcon.colcon_core.environment:checking '/workspaces/isaac_ros-dev/install/isaac_ros_managed_nitros/lib/pkgconfig/isaac_ros_managed_nitros.pc'
[42.565s] Level 1:colcon.colcon_core.environment:checking '/workspaces/isaac_ros-dev/install/isaac_ros_managed_nitros/lib/python3.10/site-packages'
[42.565s] Level 1:colcon.colcon_core.environment:checking '/workspaces/isaac_ros-dev/install/isaac_ros_managed_nitros/bin'
[42.566s] INFO:colcon.colcon_core.shell:Creating package script '/workspaces/isaac_ros-dev/install/isaac_ros_managed_nitros/share/isaac_ros_managed_nitros/package.ps1'
[42.566s] INFO:colcon.colcon_core.shell:Creating package descriptor '/workspaces/isaac_ros-dev/install/isaac_ros_managed_nitros/share/isaac_ros_managed_nitros/package.dsv'
[42.566s] INFO:colcon.colcon_core.shell:Creating package script '/workspaces/isaac_ros-dev/install/isaac_ros_managed_nitros/share/isaac_ros_managed_nitros/package.sh'
[42.566s] INFO:colcon.colcon_core.shell:Creating package script '/workspaces/isaac_ros-dev/install/isaac_ros_managed_nitros/share/isaac_ros_managed_nitros/package.bash'
[42.567s] INFO:colcon.colcon_core.shell:Creating package script '/workspaces/isaac_ros-dev/install/isaac_ros_managed_nitros/share/isaac_ros_managed_nitros/package.zsh'
[42.567s] Level 1:colcon.colcon_core.environment:create_file_with_runtime_dependencies(/workspaces/isaac_ros-dev/install/isaac_ros_managed_nitros/share/colcon-core/packages/isaac_ros_managed_nitros)
[42.567s] Level 1:colcon.colcon_core.environment:create_environment_scripts_only(isaac_ros_managed_nitros)
[42.568s] Level 1:colcon.colcon_core.environment:checking '/workspaces/isaac_ros-dev/install/isaac_ros_managed_nitros' for CMake module files
[42.568s] Level 1:colcon.colcon_core.environment:checking '/workspaces/isaac_ros-dev/install/isaac_ros_managed_nitros' for CMake config files
[42.568s] Level 1:colcon.colcon_core.shell:create_environment_hook('isaac_ros_managed_nitros', 'cmake_prefix_path')
[42.569s] INFO:colcon.colcon_core.shell:Creating environment hook '/workspaces/isaac_ros-dev/install/isaac_ros_managed_nitros/share/isaac_ros_managed_nitros/hook/cmake_prefix_path.ps1'
[42.569s] INFO:colcon.colcon_core.shell:Creating environment descriptor '/workspaces/isaac_ros-dev/install/isaac_ros_managed_nitros/share/isaac_ros_managed_nitros/hook/cmake_prefix_path.dsv'
[42.569s] INFO:colcon.colcon_core.shell:Creating environment hook '/workspaces/isaac_ros-dev/install/isaac_ros_managed_nitros/share/isaac_ros_managed_nitros/hook/cmake_prefix_path.sh'
[42.570s] Level 1:colcon.colcon_core.environment:checking '/workspaces/isaac_ros-dev/install/isaac_ros_managed_nitros/bin'
[42.570s] Level 1:colcon.colcon_core.environment:checking '/workspaces/isaac_ros-dev/install/isaac_ros_managed_nitros/lib/pkgconfig/isaac_ros_managed_nitros.pc'
[42.570s] Level 1:colcon.colcon_core.environment:checking '/workspaces/isaac_ros-dev/install/isaac_ros_managed_nitros/lib/python3.10/site-packages'
[42.570s] Level 1:colcon.colcon_core.environment:checking '/workspaces/isaac_ros-dev/install/isaac_ros_managed_nitros/bin'
[42.571s] INFO:colcon.colcon_core.shell:Creating package script '/workspaces/isaac_ros-dev/install/isaac_ros_managed_nitros/share/isaac_ros_managed_nitros/package.ps1'
[42.571s] INFO:colcon.colcon_core.shell:Creating package descriptor '/workspaces/isaac_ros-dev/install/isaac_ros_managed_nitros/share/isaac_ros_managed_nitros/package.dsv'
[42.572s] INFO:colcon.colcon_core.shell:Creating package script '/workspaces/isaac_ros-dev/install/isaac_ros_managed_nitros/share/isaac_ros_managed_nitros/package.sh'
[42.572s] INFO:colcon.colcon_core.shell:Creating package script '/workspaces/isaac_ros-dev/install/isaac_ros_managed_nitros/share/isaac_ros_managed_nitros/package.bash'
[42.572s] INFO:colcon.colcon_core.shell:Creating package script '/workspaces/isaac_ros-dev/install/isaac_ros_managed_nitros/share/isaac_ros_managed_nitros/package.zsh'
[42.572s] Level 1:colcon.colcon_core.environment:create_file_with_runtime_dependencies(/workspaces/isaac_ros-dev/install/isaac_ros_managed_nitros/share/colcon-core/packages/isaac_ros_managed_nitros)
[42.573s] INFO:colcon.colcon_ros.task.ament_cmake.build:Building ROS package in '/workspaces/isaac_ros-dev/src/isaac_ros_dnn_inference/isaac_ros_tensor_proc' with build type 'ament_cmake'
[42.573s] INFO:colcon.colcon_cmake.task.cmake.build:Building CMake package in '/workspaces/isaac_ros-dev/src/isaac_ros_dnn_inference/isaac_ros_tensor_proc'
[42.573s] INFO:colcon.colcon_core.shell:Skip shell extension 'powershell' for command environment: Not usable outside of PowerShell
[42.573s] DEBUG:colcon.colcon_core.shell:Skip shell extension 'dsv' for command environment
[42.620s] DEBUG:colcon.colcon_core.event_handler.log_command:Invoking command in '/workspaces/isaac_ros-dev/build/isaac_ros_tensor_proc': AMENT_PREFIX_PATH=/workspaces/isaac_ros-dev/install/isaac_ros_managed_nitros:/workspaces/isaac_ros-dev/install/isaac_ros_nitros_tensor_list_type:/workspaces/isaac_ros-dev/install/isaac_ros_nitros_image_type:/workspaces/isaac_ros-dev/install/isaac_ros_nitros:/workspaces/isaac_ros-dev/install/gxf_isaac_gxf_helpers:/workspaces/isaac_ros-dev/install/gxf_isaac_atlas:/workspaces/isaac_ros-dev/install/gxf_isaac_sight:/workspaces/isaac_ros-dev/install/gxf_isaac_optimizer:/workspaces/isaac_ros-dev/install/gxf_isaac_message_compositor:/workspaces/isaac_ros-dev/install/gxf_isaac_gems:/workspaces/isaac_ros-dev/install/isaac_ros_test:/workspaces/isaac_ros-dev/install/isaac_ros_tensor_list_interfaces:/workspaces/isaac_ros-dev/install/isaac_ros_gxf:/workspaces/isaac_ros-dev/install/isaac_ros_launch_utils:/workspaces/isaac_ros-dev/install/isaac_ros_common:/workspaces/isaac_ros-dev/install/isaac_common_py:/opt/ros/humble CMAKE_PREFIX_PATH=/workspaces/isaac_ros-dev/install/isaac_ros_managed_nitros:/workspaces/isaac_ros-dev/install/isaac_ros_nitros_tensor_list_type:/workspaces/isaac_ros-dev/install/isaac_ros_nitros_image_type:/workspaces/isaac_ros-dev/install/isaac_ros_nitros:/workspaces/isaac_ros-dev/install/gxf_isaac_gxf_helpers:/workspaces/isaac_ros-dev/install/gxf_isaac_atlas:/workspaces/isaac_ros-dev/install/gxf_isaac_sight:/workspaces/isaac_ros-dev/install/gxf_isaac_optimizer:/workspaces/isaac_ros-dev/install/gxf_isaac_message_compositor:/workspaces/isaac_ros-dev/install/gxf_isaac_gems:/workspaces/isaac_ros-dev/install/isaac_ros_tensor_list_interfaces:/workspaces/isaac_ros-dev/install/isaac_ros_gxf:/workspaces/isaac_ros-dev/install/isaac_ros_common:/usr/local/libcudss-linux-0.3.0.9_cuda12-archive:/workspaces/isaac_ros-dev/install/isaac_ros_test:/workspaces/isaac_ros-dev/install/isaac_ros_launch_utils:/workspaces/isaac_ros-dev/install/isaac_common_py:/opt/ros/humble LD_LIBRARY_PATH=/workspaces/isaac_ros-dev/install/isaac_ros_managed_nitros/lib:/workspaces/isaac_ros-dev/install/isaac_ros_nitros_tensor_list_type/lib:/workspaces/isaac_ros-dev/install/isaac_ros_nitros_image_type/lib:/workspaces/isaac_ros-dev/install/isaac_ros_nitros/lib:/workspaces/isaac_ros-dev/install/gxf_isaac_gxf_helpers/lib:/workspaces/isaac_ros-dev/install/gxf_isaac_atlas/lib:/workspaces/isaac_ros-dev/install/gxf_isaac_sight/lib:/workspaces/isaac_ros-dev/install/gxf_isaac_optimizer/lib:/workspaces/isaac_ros-dev/install/gxf_isaac_message_compositor/lib:/workspaces/isaac_ros-dev/install/gxf_isaac_gems/lib:/workspaces/isaac_ros-dev/install/isaac_ros_tensor_list_interfaces/lib:/workspaces/isaac_ros-dev/install/isaac_ros_gxf/lib:/workspaces/isaac_ros-dev/install/isaac_ros_common/lib:/opt/ros/humble/opt/openvdb_vendor/lib:/opt/ros/humble/opt/rviz_ogre_vendor/lib:/opt/ros/humble/lib/x86_64-linux-gnu:/opt/ros/humble/lib:/usr/local/libcudss-linux-0.3.0.9_cuda12-archive/lib:/opt/hpcx/ucc/lib/:/opt/hpcx/ucx/lib/:/usr/local/cuda/compat/lib:/usr/local/nvidia/lib:/usr/local/nvidia/lib64:/opt/tritonserver/lib PYTHONPATH=/workspaces/isaac_ros-dev/build/isaac_ros_test:/workspaces/isaac_ros-dev/install/isaac_ros_test/lib/python3.10/site-packages:/workspaces/isaac_ros-dev/install/isaac_ros_tensor_list_interfaces/local/lib/python3.10/dist-packages:/workspaces/isaac_ros-dev/build/isaac_ros_launch_utils:/workspaces/isaac_ros-dev/install/isaac_ros_launch_utils/lib/python3.10/site-packages:/workspaces/isaac_ros-dev/install/isaac_ros_common/local/lib/python3.10/dist-packages:/workspaces/isaac_ros-dev/build/isaac_common_py:/workspaces/isaac_ros-dev/install/isaac_common_py/lib/python3.10/site-packages:/opt/ros/humble/lib/python3.10/site-packages:/opt/ros/humble/local/lib/python3.10/dist-packages:/opt/ros/humble/vcstool:/opt/tritonserver/backends/dali/wheel/dali /usr/bin/cmake /workspaces/isaac_ros-dev/src/isaac_ros_dnn_inference/isaac_ros_tensor_proc -DBUILD_TESTING=OFF -DAMENT_CMAKE_SYMLINK_INSTALL=1 -DCMAKE_INSTALL_PREFIX=/workspaces/isaac_ros-dev/install/isaac_ros_tensor_proc
[46.247s] DEBUG:colcon.colcon_core.event_handler.log_command:Invoked command in '/workspaces/isaac_ros-dev/build/isaac_ros_tensor_proc' returned '0': AMENT_PREFIX_PATH=/workspaces/isaac_ros-dev/install/isaac_ros_managed_nitros:/workspaces/isaac_ros-dev/install/isaac_ros_nitros_tensor_list_type:/workspaces/isaac_ros-dev/install/isaac_ros_nitros_image_type:/workspaces/isaac_ros-dev/install/isaac_ros_nitros:/workspaces/isaac_ros-dev/install/gxf_isaac_gxf_helpers:/workspaces/isaac_ros-dev/install/gxf_isaac_atlas:/workspaces/isaac_ros-dev/install/gxf_isaac_sight:/workspaces/isaac_ros-dev/install/gxf_isaac_optimizer:/workspaces/isaac_ros-dev/install/gxf_isaac_message_compositor:/workspaces/isaac_ros-dev/install/gxf_isaac_gems:/workspaces/isaac_ros-dev/install/isaac_ros_test:/workspaces/isaac_ros-dev/install/isaac_ros_tensor_list_interfaces:/workspaces/isaac_ros-dev/install/isaac_ros_gxf:/workspaces/isaac_ros-dev/install/isaac_ros_launch_utils:/workspaces/isaac_ros-dev/install/isaac_ros_common:/workspaces/isaac_ros-dev/install/isaac_common_py:/opt/ros/humble CMAKE_PREFIX_PATH=/workspaces/isaac_ros-dev/install/isaac_ros_managed_nitros:/workspaces/isaac_ros-dev/install/isaac_ros_nitros_tensor_list_type:/workspaces/isaac_ros-dev/install/isaac_ros_nitros_image_type:/workspaces/isaac_ros-dev/install/isaac_ros_nitros:/workspaces/isaac_ros-dev/install/gxf_isaac_gxf_helpers:/workspaces/isaac_ros-dev/install/gxf_isaac_atlas:/workspaces/isaac_ros-dev/install/gxf_isaac_sight:/workspaces/isaac_ros-dev/install/gxf_isaac_optimizer:/workspaces/isaac_ros-dev/install/gxf_isaac_message_compositor:/workspaces/isaac_ros-dev/install/gxf_isaac_gems:/workspaces/isaac_ros-dev/install/isaac_ros_tensor_list_interfaces:/workspaces/isaac_ros-dev/install/isaac_ros_gxf:/workspaces/isaac_ros-dev/install/isaac_ros_common:/usr/local/libcudss-linux-0.3.0.9_cuda12-archive:/workspaces/isaac_ros-dev/install/isaac_ros_test:/workspaces/isaac_ros-dev/install/isaac_ros_launch_utils:/workspaces/isaac_ros-dev/install/isaac_common_py:/opt/ros/humble LD_LIBRARY_PATH=/workspaces/isaac_ros-dev/install/isaac_ros_managed_nitros/lib:/workspaces/isaac_ros-dev/install/isaac_ros_nitros_tensor_list_type/lib:/workspaces/isaac_ros-dev/install/isaac_ros_nitros_image_type/lib:/workspaces/isaac_ros-dev/install/isaac_ros_nitros/lib:/workspaces/isaac_ros-dev/install/gxf_isaac_gxf_helpers/lib:/workspaces/isaac_ros-dev/install/gxf_isaac_atlas/lib:/workspaces/isaac_ros-dev/install/gxf_isaac_sight/lib:/workspaces/isaac_ros-dev/install/gxf_isaac_optimizer/lib:/workspaces/isaac_ros-dev/install/gxf_isaac_message_compositor/lib:/workspaces/isaac_ros-dev/install/gxf_isaac_gems/lib:/workspaces/isaac_ros-dev/install/isaac_ros_tensor_list_interfaces/lib:/workspaces/isaac_ros-dev/install/isaac_ros_gxf/lib:/workspaces/isaac_ros-dev/install/isaac_ros_common/lib:/opt/ros/humble/opt/openvdb_vendor/lib:/opt/ros/humble/opt/rviz_ogre_vendor/lib:/opt/ros/humble/lib/x86_64-linux-gnu:/opt/ros/humble/lib:/usr/local/libcudss-linux-0.3.0.9_cuda12-archive/lib:/opt/hpcx/ucc/lib/:/opt/hpcx/ucx/lib/:/usr/local/cuda/compat/lib:/usr/local/nvidia/lib:/usr/local/nvidia/lib64:/opt/tritonserver/lib PYTHONPATH=/workspaces/isaac_ros-dev/build/isaac_ros_test:/workspaces/isaac_ros-dev/install/isaac_ros_test/lib/python3.10/site-packages:/workspaces/isaac_ros-dev/install/isaac_ros_tensor_list_interfaces/local/lib/python3.10/dist-packages:/workspaces/isaac_ros-dev/build/isaac_ros_launch_utils:/workspaces/isaac_ros-dev/install/isaac_ros_launch_utils/lib/python3.10/site-packages:/workspaces/isaac_ros-dev/install/isaac_ros_common/local/lib/python3.10/dist-packages:/workspaces/isaac_ros-dev/build/isaac_common_py:/workspaces/isaac_ros-dev/install/isaac_common_py/lib/python3.10/site-packages:/opt/ros/humble/lib/python3.10/site-packages:/opt/ros/humble/local/lib/python3.10/dist-packages:/opt/ros/humble/vcstool:/opt/tritonserver/backends/dali/wheel/dali /usr/bin/cmake /workspaces/isaac_ros-dev/src/isaac_ros_dnn_inference/isaac_ros_tensor_proc -DBUILD_TESTING=OFF -DAMENT_CMAKE_SYMLINK_INSTALL=1 -DCMAKE_INSTALL_PREFIX=/workspaces/isaac_ros-dev/install/isaac_ros_tensor_proc
[46.248s] DEBUG:colcon.colcon_core.event_handler.log_command:Invoking command in '/workspaces/isaac_ros-dev/build/isaac_ros_tensor_proc': AMENT_PREFIX_PATH=/workspaces/isaac_ros-dev/install/isaac_ros_managed_nitros:/workspaces/isaac_ros-dev/install/isaac_ros_nitros_tensor_list_type:/workspaces/isaac_ros-dev/install/isaac_ros_nitros_image_type:/workspaces/isaac_ros-dev/install/isaac_ros_nitros:/workspaces/isaac_ros-dev/install/gxf_isaac_gxf_helpers:/workspaces/isaac_ros-dev/install/gxf_isaac_atlas:/workspaces/isaac_ros-dev/install/gxf_isaac_sight:/workspaces/isaac_ros-dev/install/gxf_isaac_optimizer:/workspaces/isaac_ros-dev/install/gxf_isaac_message_compositor:/workspaces/isaac_ros-dev/install/gxf_isaac_gems:/workspaces/isaac_ros-dev/install/isaac_ros_test:/workspaces/isaac_ros-dev/install/isaac_ros_tensor_list_interfaces:/workspaces/isaac_ros-dev/install/isaac_ros_gxf:/workspaces/isaac_ros-dev/install/isaac_ros_launch_utils:/workspaces/isaac_ros-dev/install/isaac_ros_common:/workspaces/isaac_ros-dev/install/isaac_common_py:/opt/ros/humble CMAKE_PREFIX_PATH=/workspaces/isaac_ros-dev/install/isaac_ros_managed_nitros:/workspaces/isaac_ros-dev/install/isaac_ros_nitros_tensor_list_type:/workspaces/isaac_ros-dev/install/isaac_ros_nitros_image_type:/workspaces/isaac_ros-dev/install/isaac_ros_nitros:/workspaces/isaac_ros-dev/install/gxf_isaac_gxf_helpers:/workspaces/isaac_ros-dev/install/gxf_isaac_atlas:/workspaces/isaac_ros-dev/install/gxf_isaac_sight:/workspaces/isaac_ros-dev/install/gxf_isaac_optimizer:/workspaces/isaac_ros-dev/install/gxf_isaac_message_compositor:/workspaces/isaac_ros-dev/install/gxf_isaac_gems:/workspaces/isaac_ros-dev/install/isaac_ros_tensor_list_interfaces:/workspaces/isaac_ros-dev/install/isaac_ros_gxf:/workspaces/isaac_ros-dev/install/isaac_ros_common:/usr/local/libcudss-linux-0.3.0.9_cuda12-archive:/workspaces/isaac_ros-dev/install/isaac_ros_test:/workspaces/isaac_ros-dev/install/isaac_ros_launch_utils:/workspaces/isaac_ros-dev/install/isaac_common_py:/opt/ros/humble LD_LIBRARY_PATH=/workspaces/isaac_ros-dev/install/isaac_ros_managed_nitros/lib:/workspaces/isaac_ros-dev/install/isaac_ros_nitros_tensor_list_type/lib:/workspaces/isaac_ros-dev/install/isaac_ros_nitros_image_type/lib:/workspaces/isaac_ros-dev/install/isaac_ros_nitros/lib:/workspaces/isaac_ros-dev/install/gxf_isaac_gxf_helpers/lib:/workspaces/isaac_ros-dev/install/gxf_isaac_atlas/lib:/workspaces/isaac_ros-dev/install/gxf_isaac_sight/lib:/workspaces/isaac_ros-dev/install/gxf_isaac_optimizer/lib:/workspaces/isaac_ros-dev/install/gxf_isaac_message_compositor/lib:/workspaces/isaac_ros-dev/install/gxf_isaac_gems/lib:/workspaces/isaac_ros-dev/install/isaac_ros_tensor_list_interfaces/lib:/workspaces/isaac_ros-dev/install/isaac_ros_gxf/lib:/workspaces/isaac_ros-dev/install/isaac_ros_common/lib:/opt/ros/humble/opt/openvdb_vendor/lib:/opt/ros/humble/opt/rviz_ogre_vendor/lib:/opt/ros/humble/lib/x86_64-linux-gnu:/opt/ros/humble/lib:/usr/local/libcudss-linux-0.3.0.9_cuda12-archive/lib:/opt/hpcx/ucc/lib/:/opt/hpcx/ucx/lib/:/usr/local/cuda/compat/lib:/usr/local/nvidia/lib:/usr/local/nvidia/lib64:/opt/tritonserver/lib PYTHONPATH=/workspaces/isaac_ros-dev/build/isaac_ros_test:/workspaces/isaac_ros-dev/install/isaac_ros_test/lib/python3.10/site-packages:/workspaces/isaac_ros-dev/install/isaac_ros_tensor_list_interfaces/local/lib/python3.10/dist-packages:/workspaces/isaac_ros-dev/build/isaac_ros_launch_utils:/workspaces/isaac_ros-dev/install/isaac_ros_launch_utils/lib/python3.10/site-packages:/workspaces/isaac_ros-dev/install/isaac_ros_common/local/lib/python3.10/dist-packages:/workspaces/isaac_ros-dev/build/isaac_common_py:/workspaces/isaac_ros-dev/install/isaac_common_py/lib/python3.10/site-packages:/opt/ros/humble/lib/python3.10/site-packages:/opt/ros/humble/local/lib/python3.10/dist-packages:/opt/ros/humble/vcstool:/opt/tritonserver/backends/dali/wheel/dali /usr/bin/cmake --build /workspaces/isaac_ros-dev/build/isaac_ros_tensor_proc -- -j16 -l16
[49.229s] DEBUG:colcon.colcon_core.event_handler.log_command:Invoked command in '/workspaces/isaac_ros-dev/build/gxf_isaac_centerpose' returned '0': AMENT_PREFIX_PATH=/workspaces/isaac_ros-dev/install/isaac_ros_nitros_detection3_d_array_type:/workspaces/isaac_ros-dev/install/isaac_ros_nitros:/workspaces/isaac_ros-dev/install/gxf_isaac_messages:/workspaces/isaac_ros-dev/install/gxf_isaac_gxf_helpers:/workspaces/isaac_ros-dev/install/gxf_isaac_atlas:/workspaces/isaac_ros-dev/install/gxf_isaac_sight:/workspaces/isaac_ros-dev/install/gxf_isaac_optimizer:/workspaces/isaac_ros-dev/install/gxf_isaac_message_compositor:/workspaces/isaac_ros-dev/install/gxf_isaac_gems:/workspaces/isaac_ros-dev/install/isaac_ros_test:/workspaces/isaac_ros-dev/install/isaac_ros_gxf:/workspaces/isaac_ros-dev/install/isaac_ros_launch_utils:/workspaces/isaac_ros-dev/install/isaac_ros_common:/workspaces/isaac_ros-dev/install/isaac_common_py:/opt/ros/humble CMAKE_PREFIX_PATH=/workspaces/isaac_ros-dev/install/isaac_ros_nitros_detection3_d_array_type:/workspaces/isaac_ros-dev/install/isaac_ros_nitros:/workspaces/isaac_ros-dev/install/gxf_isaac_messages:/workspaces/isaac_ros-dev/install/gxf_isaac_gxf_helpers:/workspaces/isaac_ros-dev/install/gxf_isaac_atlas:/workspaces/isaac_ros-dev/install/gxf_isaac_sight:/workspaces/isaac_ros-dev/install/gxf_isaac_optimizer:/workspaces/isaac_ros-dev/install/gxf_isaac_message_compositor:/workspaces/isaac_ros-dev/install/gxf_isaac_gems:/workspaces/isaac_ros-dev/install/isaac_ros_gxf:/workspaces/isaac_ros-dev/install/isaac_ros_common:/usr/local/libcudss-linux-0.3.0.9_cuda12-archive:/workspaces/isaac_ros-dev/install/isaac_ros_test:/workspaces/isaac_ros-dev/install/isaac_ros_launch_utils:/workspaces/isaac_ros-dev/install/isaac_common_py:/opt/ros/humble LD_LIBRARY_PATH=/workspaces/isaac_ros-dev/install/isaac_ros_nitros_detection3_d_array_type/lib:/workspaces/isaac_ros-dev/install/isaac_ros_nitros/lib:/workspaces/isaac_ros-dev/install/gxf_isaac_messages/lib:/workspaces/isaac_ros-dev/install/gxf_isaac_gxf_helpers/lib:/workspaces/isaac_ros-dev/install/gxf_isaac_atlas/lib:/workspaces/isaac_ros-dev/install/gxf_isaac_sight/lib:/workspaces/isaac_ros-dev/install/gxf_isaac_optimizer/lib:/workspaces/isaac_ros-dev/install/gxf_isaac_message_compositor/lib:/workspaces/isaac_ros-dev/install/gxf_isaac_gems/lib:/workspaces/isaac_ros-dev/install/isaac_ros_gxf/lib:/workspaces/isaac_ros-dev/install/isaac_ros_common/lib:/opt/ros/humble/opt/openvdb_vendor/lib:/opt/ros/humble/opt/rviz_ogre_vendor/lib:/opt/ros/humble/lib/x86_64-linux-gnu:/opt/ros/humble/lib:/usr/local/libcudss-linux-0.3.0.9_cuda12-archive/lib:/opt/hpcx/ucc/lib/:/opt/hpcx/ucx/lib/:/usr/local/cuda/compat/lib:/usr/local/nvidia/lib:/usr/local/nvidia/lib64:/opt/tritonserver/lib PYTHONPATH=/workspaces/isaac_ros-dev/build/isaac_ros_test:/workspaces/isaac_ros-dev/install/isaac_ros_test/lib/python3.10/site-packages:/workspaces/isaac_ros-dev/build/isaac_ros_launch_utils:/workspaces/isaac_ros-dev/install/isaac_ros_launch_utils/lib/python3.10/site-packages:/workspaces/isaac_ros-dev/install/isaac_ros_common/local/lib/python3.10/dist-packages:/workspaces/isaac_ros-dev/build/isaac_common_py:/workspaces/isaac_ros-dev/install/isaac_common_py/lib/python3.10/site-packages:/opt/ros/humble/lib/python3.10/site-packages:/opt/ros/humble/local/lib/python3.10/dist-packages:/opt/ros/humble/vcstool:/opt/tritonserver/backends/dali/wheel/dali /usr/bin/cmake --build /workspaces/isaac_ros-dev/build/gxf_isaac_centerpose -- -j16 -l16
[49.231s] DEBUG:colcon.colcon_core.event_handler.log_command:Invoking command in '/workspaces/isaac_ros-dev/build/gxf_isaac_centerpose': AMENT_PREFIX_PATH=/workspaces/isaac_ros-dev/install/isaac_ros_nitros_detection3_d_array_type:/workspaces/isaac_ros-dev/install/isaac_ros_nitros:/workspaces/isaac_ros-dev/install/gxf_isaac_messages:/workspaces/isaac_ros-dev/install/gxf_isaac_gxf_helpers:/workspaces/isaac_ros-dev/install/gxf_isaac_atlas:/workspaces/isaac_ros-dev/install/gxf_isaac_sight:/workspaces/isaac_ros-dev/install/gxf_isaac_optimizer:/workspaces/isaac_ros-dev/install/gxf_isaac_message_compositor:/workspaces/isaac_ros-dev/install/gxf_isaac_gems:/workspaces/isaac_ros-dev/install/isaac_ros_test:/workspaces/isaac_ros-dev/install/isaac_ros_gxf:/workspaces/isaac_ros-dev/install/isaac_ros_launch_utils:/workspaces/isaac_ros-dev/install/isaac_ros_common:/workspaces/isaac_ros-dev/install/isaac_common_py:/opt/ros/humble CMAKE_PREFIX_PATH=/workspaces/isaac_ros-dev/install/isaac_ros_nitros_detection3_d_array_type:/workspaces/isaac_ros-dev/install/isaac_ros_nitros:/workspaces/isaac_ros-dev/install/gxf_isaac_messages:/workspaces/isaac_ros-dev/install/gxf_isaac_gxf_helpers:/workspaces/isaac_ros-dev/install/gxf_isaac_atlas:/workspaces/isaac_ros-dev/install/gxf_isaac_sight:/workspaces/isaac_ros-dev/install/gxf_isaac_optimizer:/workspaces/isaac_ros-dev/install/gxf_isaac_message_compositor:/workspaces/isaac_ros-dev/install/gxf_isaac_gems:/workspaces/isaac_ros-dev/install/isaac_ros_gxf:/workspaces/isaac_ros-dev/install/isaac_ros_common:/usr/local/libcudss-linux-0.3.0.9_cuda12-archive:/workspaces/isaac_ros-dev/install/isaac_ros_test:/workspaces/isaac_ros-dev/install/isaac_ros_launch_utils:/workspaces/isaac_ros-dev/install/isaac_common_py:/opt/ros/humble LD_LIBRARY_PATH=/workspaces/isaac_ros-dev/install/isaac_ros_nitros_detection3_d_array_type/lib:/workspaces/isaac_ros-dev/install/isaac_ros_nitros/lib:/workspaces/isaac_ros-dev/install/gxf_isaac_messages/lib:/workspaces/isaac_ros-dev/install/gxf_isaac_gxf_helpers/lib:/workspaces/isaac_ros-dev/install/gxf_isaac_atlas/lib:/workspaces/isaac_ros-dev/install/gxf_isaac_sight/lib:/workspaces/isaac_ros-dev/install/gxf_isaac_optimizer/lib:/workspaces/isaac_ros-dev/install/gxf_isaac_message_compositor/lib:/workspaces/isaac_ros-dev/install/gxf_isaac_gems/lib:/workspaces/isaac_ros-dev/install/isaac_ros_gxf/lib:/workspaces/isaac_ros-dev/install/isaac_ros_common/lib:/opt/ros/humble/opt/openvdb_vendor/lib:/opt/ros/humble/opt/rviz_ogre_vendor/lib:/opt/ros/humble/lib/x86_64-linux-gnu:/opt/ros/humble/lib:/usr/local/libcudss-linux-0.3.0.9_cuda12-archive/lib:/opt/hpcx/ucc/lib/:/opt/hpcx/ucx/lib/:/usr/local/cuda/compat/lib:/usr/local/nvidia/lib:/usr/local/nvidia/lib64:/opt/tritonserver/lib PYTHONPATH=/workspaces/isaac_ros-dev/build/isaac_ros_test:/workspaces/isaac_ros-dev/install/isaac_ros_test/lib/python3.10/site-packages:/workspaces/isaac_ros-dev/build/isaac_ros_launch_utils:/workspaces/isaac_ros-dev/install/isaac_ros_launch_utils/lib/python3.10/site-packages:/workspaces/isaac_ros-dev/install/isaac_ros_common/local/lib/python3.10/dist-packages:/workspaces/isaac_ros-dev/build/isaac_common_py:/workspaces/isaac_ros-dev/install/isaac_common_py/lib/python3.10/site-packages:/opt/ros/humble/lib/python3.10/site-packages:/opt/ros/humble/local/lib/python3.10/dist-packages:/opt/ros/humble/vcstool:/opt/tritonserver/backends/dali/wheel/dali /usr/bin/cmake --install /workspaces/isaac_ros-dev/build/gxf_isaac_centerpose
[49.400s] Level 1:colcon.colcon_core.environment:create_environment_scripts_only(gxf_isaac_centerpose)
[49.400s] Level 1:colcon.colcon_core.environment:checking '/workspaces/isaac_ros-dev/install/gxf_isaac_centerpose' for CMake module files
[49.401s] DEBUG:colcon.colcon_core.event_handler.log_command:Invoked command in '/workspaces/isaac_ros-dev/build/gxf_isaac_centerpose' returned '0': AMENT_PREFIX_PATH=/workspaces/isaac_ros-dev/install/isaac_ros_nitros_detection3_d_array_type:/workspaces/isaac_ros-dev/install/isaac_ros_nitros:/workspaces/isaac_ros-dev/install/gxf_isaac_messages:/workspaces/isaac_ros-dev/install/gxf_isaac_gxf_helpers:/workspaces/isaac_ros-dev/install/gxf_isaac_atlas:/workspaces/isaac_ros-dev/install/gxf_isaac_sight:/workspaces/isaac_ros-dev/install/gxf_isaac_optimizer:/workspaces/isaac_ros-dev/install/gxf_isaac_message_compositor:/workspaces/isaac_ros-dev/install/gxf_isaac_gems:/workspaces/isaac_ros-dev/install/isaac_ros_test:/workspaces/isaac_ros-dev/install/isaac_ros_gxf:/workspaces/isaac_ros-dev/install/isaac_ros_launch_utils:/workspaces/isaac_ros-dev/install/isaac_ros_common:/workspaces/isaac_ros-dev/install/isaac_common_py:/opt/ros/humble CMAKE_PREFIX_PATH=/workspaces/isaac_ros-dev/install/isaac_ros_nitros_detection3_d_array_type:/workspaces/isaac_ros-dev/install/isaac_ros_nitros:/workspaces/isaac_ros-dev/install/gxf_isaac_messages:/workspaces/isaac_ros-dev/install/gxf_isaac_gxf_helpers:/workspaces/isaac_ros-dev/install/gxf_isaac_atlas:/workspaces/isaac_ros-dev/install/gxf_isaac_sight:/workspaces/isaac_ros-dev/install/gxf_isaac_optimizer:/workspaces/isaac_ros-dev/install/gxf_isaac_message_compositor:/workspaces/isaac_ros-dev/install/gxf_isaac_gems:/workspaces/isaac_ros-dev/install/isaac_ros_gxf:/workspaces/isaac_ros-dev/install/isaac_ros_common:/usr/local/libcudss-linux-0.3.0.9_cuda12-archive:/workspaces/isaac_ros-dev/install/isaac_ros_test:/workspaces/isaac_ros-dev/install/isaac_ros_launch_utils:/workspaces/isaac_ros-dev/install/isaac_common_py:/opt/ros/humble LD_LIBRARY_PATH=/workspaces/isaac_ros-dev/install/isaac_ros_nitros_detection3_d_array_type/lib:/workspaces/isaac_ros-dev/install/isaac_ros_nitros/lib:/workspaces/isaac_ros-dev/install/gxf_isaac_messages/lib:/workspaces/isaac_ros-dev/install/gxf_isaac_gxf_helpers/lib:/workspaces/isaac_ros-dev/install/gxf_isaac_atlas/lib:/workspaces/isaac_ros-dev/install/gxf_isaac_sight/lib:/workspaces/isaac_ros-dev/install/gxf_isaac_optimizer/lib:/workspaces/isaac_ros-dev/install/gxf_isaac_message_compositor/lib:/workspaces/isaac_ros-dev/install/gxf_isaac_gems/lib:/workspaces/isaac_ros-dev/install/isaac_ros_gxf/lib:/workspaces/isaac_ros-dev/install/isaac_ros_common/lib:/opt/ros/humble/opt/openvdb_vendor/lib:/opt/ros/humble/opt/rviz_ogre_vendor/lib:/opt/ros/humble/lib/x86_64-linux-gnu:/opt/ros/humble/lib:/usr/local/libcudss-linux-0.3.0.9_cuda12-archive/lib:/opt/hpcx/ucc/lib/:/opt/hpcx/ucx/lib/:/usr/local/cuda/compat/lib:/usr/local/nvidia/lib:/usr/local/nvidia/lib64:/opt/tritonserver/lib PYTHONPATH=/workspaces/isaac_ros-dev/build/isaac_ros_test:/workspaces/isaac_ros-dev/install/isaac_ros_test/lib/python3.10/site-packages:/workspaces/isaac_ros-dev/build/isaac_ros_launch_utils:/workspaces/isaac_ros-dev/install/isaac_ros_launch_utils/lib/python3.10/site-packages:/workspaces/isaac_ros-dev/install/isaac_ros_common/local/lib/python3.10/dist-packages:/workspaces/isaac_ros-dev/build/isaac_common_py:/workspaces/isaac_ros-dev/install/isaac_common_py/lib/python3.10/site-packages:/opt/ros/humble/lib/python3.10/site-packages:/opt/ros/humble/local/lib/python3.10/dist-packages:/opt/ros/humble/vcstool:/opt/tritonserver/backends/dali/wheel/dali /usr/bin/cmake --install /workspaces/isaac_ros-dev/build/gxf_isaac_centerpose
[49.401s] Level 1:colcon.colcon_core.environment:checking '/workspaces/isaac_ros-dev/install/gxf_isaac_centerpose' for CMake config files
[49.401s] Level 1:colcon.colcon_core.shell:create_environment_hook('gxf_isaac_centerpose', 'cmake_prefix_path')
[49.401s] INFO:colcon.colcon_core.shell:Creating environment hook '/workspaces/isaac_ros-dev/install/gxf_isaac_centerpose/share/gxf_isaac_centerpose/hook/cmake_prefix_path.ps1'
[49.402s] INFO:colcon.colcon_core.shell:Creating environment descriptor '/workspaces/isaac_ros-dev/install/gxf_isaac_centerpose/share/gxf_isaac_centerpose/hook/cmake_prefix_path.dsv'
[49.402s] INFO:colcon.colcon_core.shell:Creating environment hook '/workspaces/isaac_ros-dev/install/gxf_isaac_centerpose/share/gxf_isaac_centerpose/hook/cmake_prefix_path.sh'
[49.402s] Level 1:colcon.colcon_core.environment:checking '/workspaces/isaac_ros-dev/install/gxf_isaac_centerpose/lib'
[49.402s] Level 1:colcon.colcon_core.shell:create_environment_hook('gxf_isaac_centerpose', 'ld_library_path_lib')
[49.403s] INFO:colcon.colcon_core.shell:Creating environment hook '/workspaces/isaac_ros-dev/install/gxf_isaac_centerpose/share/gxf_isaac_centerpose/hook/ld_library_path_lib.ps1'
[49.403s] INFO:colcon.colcon_core.shell:Creating environment descriptor '/workspaces/isaac_ros-dev/install/gxf_isaac_centerpose/share/gxf_isaac_centerpose/hook/ld_library_path_lib.dsv'
[49.403s] INFO:colcon.colcon_core.shell:Creating environment hook '/workspaces/isaac_ros-dev/install/gxf_isaac_centerpose/share/gxf_isaac_centerpose/hook/ld_library_path_lib.sh'
[49.403s] Level 1:colcon.colcon_core.environment:checking '/workspaces/isaac_ros-dev/install/gxf_isaac_centerpose/bin'
[49.403s] Level 1:colcon.colcon_core.environment:checking '/workspaces/isaac_ros-dev/install/gxf_isaac_centerpose/lib/pkgconfig/gxf_isaac_centerpose.pc'
[49.403s] Level 1:colcon.colcon_core.environment:checking '/workspaces/isaac_ros-dev/install/gxf_isaac_centerpose/lib/python3.10/site-packages'
[49.404s] Level 1:colcon.colcon_core.environment:checking '/workspaces/isaac_ros-dev/install/gxf_isaac_centerpose/bin'
[49.404s] INFO:colcon.colcon_core.shell:Creating package script '/workspaces/isaac_ros-dev/install/gxf_isaac_centerpose/share/gxf_isaac_centerpose/package.ps1'
[49.404s] INFO:colcon.colcon_core.shell:Creating package descriptor '/workspaces/isaac_ros-dev/install/gxf_isaac_centerpose/share/gxf_isaac_centerpose/package.dsv'
[49.404s] INFO:colcon.colcon_core.shell:Creating package script '/workspaces/isaac_ros-dev/install/gxf_isaac_centerpose/share/gxf_isaac_centerpose/package.sh'
[49.405s] INFO:colcon.colcon_core.shell:Creating package script '/workspaces/isaac_ros-dev/install/gxf_isaac_centerpose/share/gxf_isaac_centerpose/package.bash'
[49.405s] INFO:colcon.colcon_core.shell:Creating package script '/workspaces/isaac_ros-dev/install/gxf_isaac_centerpose/share/gxf_isaac_centerpose/package.zsh'
[49.405s] Level 1:colcon.colcon_core.environment:create_file_with_runtime_dependencies(/workspaces/isaac_ros-dev/install/gxf_isaac_centerpose/share/colcon-core/packages/gxf_isaac_centerpose)
[49.406s] Level 1:colcon.colcon_core.environment:create_environment_scripts_only(gxf_isaac_centerpose)
[49.406s] Level 1:colcon.colcon_core.environment:checking '/workspaces/isaac_ros-dev/install/gxf_isaac_centerpose' for CMake module files
[49.406s] Level 1:colcon.colcon_core.environment:checking '/workspaces/isaac_ros-dev/install/gxf_isaac_centerpose' for CMake config files
[49.406s] Level 1:colcon.colcon_core.shell:create_environment_hook('gxf_isaac_centerpose', 'cmake_prefix_path')
[49.407s] INFO:colcon.colcon_core.shell:Creating environment hook '/workspaces/isaac_ros-dev/install/gxf_isaac_centerpose/share/gxf_isaac_centerpose/hook/cmake_prefix_path.ps1'
[49.407s] INFO:colcon.colcon_core.shell:Creating environment descriptor '/workspaces/isaac_ros-dev/install/gxf_isaac_centerpose/share/gxf_isaac_centerpose/hook/cmake_prefix_path.dsv'
[49.407s] INFO:colcon.colcon_core.shell:Creating environment hook '/workspaces/isaac_ros-dev/install/gxf_isaac_centerpose/share/gxf_isaac_centerpose/hook/cmake_prefix_path.sh'
[49.407s] Level 1:colcon.colcon_core.environment:checking '/workspaces/isaac_ros-dev/install/gxf_isaac_centerpose/lib'
[49.407s] Level 1:colcon.colcon_core.shell:create_environment_hook('gxf_isaac_centerpose', 'ld_library_path_lib')
[49.408s] INFO:colcon.colcon_core.shell:Creating environment hook '/workspaces/isaac_ros-dev/install/gxf_isaac_centerpose/share/gxf_isaac_centerpose/hook/ld_library_path_lib.ps1'
[49.408s] INFO:colcon.colcon_core.shell:Creating environment descriptor '/workspaces/isaac_ros-dev/install/gxf_isaac_centerpose/share/gxf_isaac_centerpose/hook/ld_library_path_lib.dsv'
[49.408s] INFO:colcon.colcon_core.shell:Creating environment hook '/workspaces/isaac_ros-dev/install/gxf_isaac_centerpose/share/gxf_isaac_centerpose/hook/ld_library_path_lib.sh'
[49.408s] Level 1:colcon.colcon_core.environment:checking '/workspaces/isaac_ros-dev/install/gxf_isaac_centerpose/bin'
[49.408s] Level 1:colcon.colcon_core.environment:checking '/workspaces/isaac_ros-dev/install/gxf_isaac_centerpose/lib/pkgconfig/gxf_isaac_centerpose.pc'
[49.408s] Level 1:colcon.colcon_core.environment:checking '/workspaces/isaac_ros-dev/install/gxf_isaac_centerpose/lib/python3.10/site-packages'
[49.408s] Level 1:colcon.colcon_core.environment:checking '/workspaces/isaac_ros-dev/install/gxf_isaac_centerpose/bin'
[49.409s] INFO:colcon.colcon_core.shell:Creating package script '/workspaces/isaac_ros-dev/install/gxf_isaac_centerpose/share/gxf_isaac_centerpose/package.ps1'
[49.409s] INFO:colcon.colcon_core.shell:Creating package descriptor '/workspaces/isaac_ros-dev/install/gxf_isaac_centerpose/share/gxf_isaac_centerpose/package.dsv'
[49.409s] INFO:colcon.colcon_core.shell:Creating package script '/workspaces/isaac_ros-dev/install/gxf_isaac_centerpose/share/gxf_isaac_centerpose/package.sh'
[49.410s] INFO:colcon.colcon_core.shell:Creating package script '/workspaces/isaac_ros-dev/install/gxf_isaac_centerpose/share/gxf_isaac_centerpose/package.bash'
[49.410s] INFO:colcon.colcon_core.shell:Creating package script '/workspaces/isaac_ros-dev/install/gxf_isaac_centerpose/share/gxf_isaac_centerpose/package.zsh'
[49.410s] Level 1:colcon.colcon_core.environment:create_file_with_runtime_dependencies(/workspaces/isaac_ros-dev/install/gxf_isaac_centerpose/share/colcon-core/packages/gxf_isaac_centerpose)
[56.304s] DEBUG:colcon.colcon_core.event_handler.log_command:Invoked command in '/workspaces/isaac_ros-dev/build/isaac_ros_tensor_rt' returned '0': AMENT_PREFIX_PATH=/workspaces/isaac_ros-dev/install/isaac_ros_nitros_tensor_list_type:/workspaces/isaac_ros-dev/install/isaac_ros_nitros:/workspaces/isaac_ros-dev/install/gxf_isaac_tensor_rt:/workspaces/isaac_ros-dev/install/gxf_isaac_messages:/workspaces/isaac_ros-dev/install/gxf_isaac_gxf_helpers:/workspaces/isaac_ros-dev/install/gxf_isaac_atlas:/workspaces/isaac_ros-dev/install/gxf_isaac_sight:/workspaces/isaac_ros-dev/install/gxf_isaac_optimizer:/workspaces/isaac_ros-dev/install/gxf_isaac_message_compositor:/workspaces/isaac_ros-dev/install/gxf_isaac_gems:/workspaces/isaac_ros-dev/install/isaac_ros_test:/workspaces/isaac_ros-dev/install/isaac_ros_tensor_list_interfaces:/workspaces/isaac_ros-dev/install/isaac_ros_gxf:/workspaces/isaac_ros-dev/install/isaac_ros_launch_utils:/workspaces/isaac_ros-dev/install/isaac_ros_common:/workspaces/isaac_ros-dev/install/isaac_common_py:/opt/ros/humble CMAKE_PREFIX_PATH=/workspaces/isaac_ros-dev/install/isaac_ros_nitros_tensor_list_type:/workspaces/isaac_ros-dev/install/isaac_ros_nitros:/workspaces/isaac_ros-dev/install/gxf_isaac_tensor_rt:/workspaces/isaac_ros-dev/install/gxf_isaac_messages:/workspaces/isaac_ros-dev/install/gxf_isaac_gxf_helpers:/workspaces/isaac_ros-dev/install/gxf_isaac_atlas:/workspaces/isaac_ros-dev/install/gxf_isaac_sight:/workspaces/isaac_ros-dev/install/gxf_isaac_optimizer:/workspaces/isaac_ros-dev/install/gxf_isaac_message_compositor:/workspaces/isaac_ros-dev/install/gxf_isaac_gems:/workspaces/isaac_ros-dev/install/isaac_ros_tensor_list_interfaces:/workspaces/isaac_ros-dev/install/isaac_ros_gxf:/workspaces/isaac_ros-dev/install/isaac_ros_common:/usr/local/libcudss-linux-0.3.0.9_cuda12-archive:/workspaces/isaac_ros-dev/install/isaac_ros_test:/workspaces/isaac_ros-dev/install/isaac_ros_launch_utils:/workspaces/isaac_ros-dev/install/isaac_common_py:/opt/ros/humble LD_LIBRARY_PATH=/workspaces/isaac_ros-dev/install/isaac_ros_nitros_tensor_list_type/lib:/workspaces/isaac_ros-dev/install/isaac_ros_nitros/lib:/workspaces/isaac_ros-dev/install/gxf_isaac_tensor_rt/lib:/workspaces/isaac_ros-dev/install/gxf_isaac_messages/lib:/workspaces/isaac_ros-dev/install/gxf_isaac_gxf_helpers/lib:/workspaces/isaac_ros-dev/install/gxf_isaac_atlas/lib:/workspaces/isaac_ros-dev/install/gxf_isaac_sight/lib:/workspaces/isaac_ros-dev/install/gxf_isaac_optimizer/lib:/workspaces/isaac_ros-dev/install/gxf_isaac_message_compositor/lib:/workspaces/isaac_ros-dev/install/gxf_isaac_gems/lib:/workspaces/isaac_ros-dev/install/isaac_ros_tensor_list_interfaces/lib:/workspaces/isaac_ros-dev/install/isaac_ros_gxf/lib:/workspaces/isaac_ros-dev/install/isaac_ros_common/lib:/opt/ros/humble/opt/openvdb_vendor/lib:/opt/ros/humble/opt/rviz_ogre_vendor/lib:/opt/ros/humble/lib/x86_64-linux-gnu:/opt/ros/humble/lib:/usr/local/libcudss-linux-0.3.0.9_cuda12-archive/lib:/opt/hpcx/ucc/lib/:/opt/hpcx/ucx/lib/:/usr/local/cuda/compat/lib:/usr/local/nvidia/lib:/usr/local/nvidia/lib64:/opt/tritonserver/lib PYTHONPATH=/workspaces/isaac_ros-dev/build/isaac_ros_test:/workspaces/isaac_ros-dev/install/isaac_ros_test/lib/python3.10/site-packages:/workspaces/isaac_ros-dev/install/isaac_ros_tensor_list_interfaces/local/lib/python3.10/dist-packages:/workspaces/isaac_ros-dev/build/isaac_ros_launch_utils:/workspaces/isaac_ros-dev/install/isaac_ros_launch_utils/lib/python3.10/site-packages:/workspaces/isaac_ros-dev/install/isaac_ros_common/local/lib/python3.10/dist-packages:/workspaces/isaac_ros-dev/build/isaac_common_py:/workspaces/isaac_ros-dev/install/isaac_common_py/lib/python3.10/site-packages:/opt/ros/humble/lib/python3.10/site-packages:/opt/ros/humble/local/lib/python3.10/dist-packages:/opt/ros/humble/vcstool:/opt/tritonserver/backends/dali/wheel/dali /usr/bin/cmake --build /workspaces/isaac_ros-dev/build/isaac_ros_tensor_rt -- -j16 -l16
[56.305s] DEBUG:colcon.colcon_core.event_handler.log_command:Invoking command in '/workspaces/isaac_ros-dev/build/isaac_ros_tensor_rt': AMENT_PREFIX_PATH=/workspaces/isaac_ros-dev/install/isaac_ros_nitros_tensor_list_type:/workspaces/isaac_ros-dev/install/isaac_ros_nitros:/workspaces/isaac_ros-dev/install/gxf_isaac_tensor_rt:/workspaces/isaac_ros-dev/install/gxf_isaac_messages:/workspaces/isaac_ros-dev/install/gxf_isaac_gxf_helpers:/workspaces/isaac_ros-dev/install/gxf_isaac_atlas:/workspaces/isaac_ros-dev/install/gxf_isaac_sight:/workspaces/isaac_ros-dev/install/gxf_isaac_optimizer:/workspaces/isaac_ros-dev/install/gxf_isaac_message_compositor:/workspaces/isaac_ros-dev/install/gxf_isaac_gems:/workspaces/isaac_ros-dev/install/isaac_ros_test:/workspaces/isaac_ros-dev/install/isaac_ros_tensor_list_interfaces:/workspaces/isaac_ros-dev/install/isaac_ros_gxf:/workspaces/isaac_ros-dev/install/isaac_ros_launch_utils:/workspaces/isaac_ros-dev/install/isaac_ros_common:/workspaces/isaac_ros-dev/install/isaac_common_py:/opt/ros/humble CMAKE_PREFIX_PATH=/workspaces/isaac_ros-dev/install/isaac_ros_nitros_tensor_list_type:/workspaces/isaac_ros-dev/install/isaac_ros_nitros:/workspaces/isaac_ros-dev/install/gxf_isaac_tensor_rt:/workspaces/isaac_ros-dev/install/gxf_isaac_messages:/workspaces/isaac_ros-dev/install/gxf_isaac_gxf_helpers:/workspaces/isaac_ros-dev/install/gxf_isaac_atlas:/workspaces/isaac_ros-dev/install/gxf_isaac_sight:/workspaces/isaac_ros-dev/install/gxf_isaac_optimizer:/workspaces/isaac_ros-dev/install/gxf_isaac_message_compositor:/workspaces/isaac_ros-dev/install/gxf_isaac_gems:/workspaces/isaac_ros-dev/install/isaac_ros_tensor_list_interfaces:/workspaces/isaac_ros-dev/install/isaac_ros_gxf:/workspaces/isaac_ros-dev/install/isaac_ros_common:/usr/local/libcudss-linux-0.3.0.9_cuda12-archive:/workspaces/isaac_ros-dev/install/isaac_ros_test:/workspaces/isaac_ros-dev/install/isaac_ros_launch_utils:/workspaces/isaac_ros-dev/install/isaac_common_py:/opt/ros/humble LD_LIBRARY_PATH=/workspaces/isaac_ros-dev/install/isaac_ros_nitros_tensor_list_type/lib:/workspaces/isaac_ros-dev/install/isaac_ros_nitros/lib:/workspaces/isaac_ros-dev/install/gxf_isaac_tensor_rt/lib:/workspaces/isaac_ros-dev/install/gxf_isaac_messages/lib:/workspaces/isaac_ros-dev/install/gxf_isaac_gxf_helpers/lib:/workspaces/isaac_ros-dev/install/gxf_isaac_atlas/lib:/workspaces/isaac_ros-dev/install/gxf_isaac_sight/lib:/workspaces/isaac_ros-dev/install/gxf_isaac_optimizer/lib:/workspaces/isaac_ros-dev/install/gxf_isaac_message_compositor/lib:/workspaces/isaac_ros-dev/install/gxf_isaac_gems/lib:/workspaces/isaac_ros-dev/install/isaac_ros_tensor_list_interfaces/lib:/workspaces/isaac_ros-dev/install/isaac_ros_gxf/lib:/workspaces/isaac_ros-dev/install/isaac_ros_common/lib:/opt/ros/humble/opt/openvdb_vendor/lib:/opt/ros/humble/opt/rviz_ogre_vendor/lib:/opt/ros/humble/lib/x86_64-linux-gnu:/opt/ros/humble/lib:/usr/local/libcudss-linux-0.3.0.9_cuda12-archive/lib:/opt/hpcx/ucc/lib/:/opt/hpcx/ucx/lib/:/usr/local/cuda/compat/lib:/usr/local/nvidia/lib:/usr/local/nvidia/lib64:/opt/tritonserver/lib PYTHONPATH=/workspaces/isaac_ros-dev/build/isaac_ros_test:/workspaces/isaac_ros-dev/install/isaac_ros_test/lib/python3.10/site-packages:/workspaces/isaac_ros-dev/install/isaac_ros_tensor_list_interfaces/local/lib/python3.10/dist-packages:/workspaces/isaac_ros-dev/build/isaac_ros_launch_utils:/workspaces/isaac_ros-dev/install/isaac_ros_launch_utils/lib/python3.10/site-packages:/workspaces/isaac_ros-dev/install/isaac_ros_common/local/lib/python3.10/dist-packages:/workspaces/isaac_ros-dev/build/isaac_common_py:/workspaces/isaac_ros-dev/install/isaac_common_py/lib/python3.10/site-packages:/opt/ros/humble/lib/python3.10/site-packages:/opt/ros/humble/local/lib/python3.10/dist-packages:/opt/ros/humble/vcstool:/opt/tritonserver/backends/dali/wheel/dali /usr/bin/cmake --install /workspaces/isaac_ros-dev/build/isaac_ros_tensor_rt
[56.524s] Level 1:colcon.colcon_core.environment:create_environment_scripts_only(isaac_ros_tensor_rt)
[56.525s] Level 1:colcon.colcon_core.environment:checking '/workspaces/isaac_ros-dev/install/isaac_ros_tensor_rt' for CMake module files
[56.525s] DEBUG:colcon.colcon_core.event_handler.log_command:Invoked command in '/workspaces/isaac_ros-dev/build/isaac_ros_tensor_rt' returned '0': AMENT_PREFIX_PATH=/workspaces/isaac_ros-dev/install/isaac_ros_nitros_tensor_list_type:/workspaces/isaac_ros-dev/install/isaac_ros_nitros:/workspaces/isaac_ros-dev/install/gxf_isaac_tensor_rt:/workspaces/isaac_ros-dev/install/gxf_isaac_messages:/workspaces/isaac_ros-dev/install/gxf_isaac_gxf_helpers:/workspaces/isaac_ros-dev/install/gxf_isaac_atlas:/workspaces/isaac_ros-dev/install/gxf_isaac_sight:/workspaces/isaac_ros-dev/install/gxf_isaac_optimizer:/workspaces/isaac_ros-dev/install/gxf_isaac_message_compositor:/workspaces/isaac_ros-dev/install/gxf_isaac_gems:/workspaces/isaac_ros-dev/install/isaac_ros_test:/workspaces/isaac_ros-dev/install/isaac_ros_tensor_list_interfaces:/workspaces/isaac_ros-dev/install/isaac_ros_gxf:/workspaces/isaac_ros-dev/install/isaac_ros_launch_utils:/workspaces/isaac_ros-dev/install/isaac_ros_common:/workspaces/isaac_ros-dev/install/isaac_common_py:/opt/ros/humble CMAKE_PREFIX_PATH=/workspaces/isaac_ros-dev/install/isaac_ros_nitros_tensor_list_type:/workspaces/isaac_ros-dev/install/isaac_ros_nitros:/workspaces/isaac_ros-dev/install/gxf_isaac_tensor_rt:/workspaces/isaac_ros-dev/install/gxf_isaac_messages:/workspaces/isaac_ros-dev/install/gxf_isaac_gxf_helpers:/workspaces/isaac_ros-dev/install/gxf_isaac_atlas:/workspaces/isaac_ros-dev/install/gxf_isaac_sight:/workspaces/isaac_ros-dev/install/gxf_isaac_optimizer:/workspaces/isaac_ros-dev/install/gxf_isaac_message_compositor:/workspaces/isaac_ros-dev/install/gxf_isaac_gems:/workspaces/isaac_ros-dev/install/isaac_ros_tensor_list_interfaces:/workspaces/isaac_ros-dev/install/isaac_ros_gxf:/workspaces/isaac_ros-dev/install/isaac_ros_common:/usr/local/libcudss-linux-0.3.0.9_cuda12-archive:/workspaces/isaac_ros-dev/install/isaac_ros_test:/workspaces/isaac_ros-dev/install/isaac_ros_launch_utils:/workspaces/isaac_ros-dev/install/isaac_common_py:/opt/ros/humble LD_LIBRARY_PATH=/workspaces/isaac_ros-dev/install/isaac_ros_nitros_tensor_list_type/lib:/workspaces/isaac_ros-dev/install/isaac_ros_nitros/lib:/workspaces/isaac_ros-dev/install/gxf_isaac_tensor_rt/lib:/workspaces/isaac_ros-dev/install/gxf_isaac_messages/lib:/workspaces/isaac_ros-dev/install/gxf_isaac_gxf_helpers/lib:/workspaces/isaac_ros-dev/install/gxf_isaac_atlas/lib:/workspaces/isaac_ros-dev/install/gxf_isaac_sight/lib:/workspaces/isaac_ros-dev/install/gxf_isaac_optimizer/lib:/workspaces/isaac_ros-dev/install/gxf_isaac_message_compositor/lib:/workspaces/isaac_ros-dev/install/gxf_isaac_gems/lib:/workspaces/isaac_ros-dev/install/isaac_ros_tensor_list_interfaces/lib:/workspaces/isaac_ros-dev/install/isaac_ros_gxf/lib:/workspaces/isaac_ros-dev/install/isaac_ros_common/lib:/opt/ros/humble/opt/openvdb_vendor/lib:/opt/ros/humble/opt/rviz_ogre_vendor/lib:/opt/ros/humble/lib/x86_64-linux-gnu:/opt/ros/humble/lib:/usr/local/libcudss-linux-0.3.0.9_cuda12-archive/lib:/opt/hpcx/ucc/lib/:/opt/hpcx/ucx/lib/:/usr/local/cuda/compat/lib:/usr/local/nvidia/lib:/usr/local/nvidia/lib64:/opt/tritonserver/lib PYTHONPATH=/workspaces/isaac_ros-dev/build/isaac_ros_test:/workspaces/isaac_ros-dev/install/isaac_ros_test/lib/python3.10/site-packages:/workspaces/isaac_ros-dev/install/isaac_ros_tensor_list_interfaces/local/lib/python3.10/dist-packages:/workspaces/isaac_ros-dev/build/isaac_ros_launch_utils:/workspaces/isaac_ros-dev/install/isaac_ros_launch_utils/lib/python3.10/site-packages:/workspaces/isaac_ros-dev/install/isaac_ros_common/local/lib/python3.10/dist-packages:/workspaces/isaac_ros-dev/build/isaac_common_py:/workspaces/isaac_ros-dev/install/isaac_common_py/lib/python3.10/site-packages:/opt/ros/humble/lib/python3.10/site-packages:/opt/ros/humble/local/lib/python3.10/dist-packages:/opt/ros/humble/vcstool:/opt/tritonserver/backends/dali/wheel/dali /usr/bin/cmake --install /workspaces/isaac_ros-dev/build/isaac_ros_tensor_rt
[56.526s] Level 1:colcon.colcon_core.environment:checking '/workspaces/isaac_ros-dev/install/isaac_ros_tensor_rt' for CMake config files
[56.526s] Level 1:colcon.colcon_core.shell:create_environment_hook('isaac_ros_tensor_rt', 'cmake_prefix_path')
[56.527s] INFO:colcon.colcon_core.shell:Creating environment hook '/workspaces/isaac_ros-dev/install/isaac_ros_tensor_rt/share/isaac_ros_tensor_rt/hook/cmake_prefix_path.ps1'
[56.527s] INFO:colcon.colcon_core.shell:Creating environment descriptor '/workspaces/isaac_ros-dev/install/isaac_ros_tensor_rt/share/isaac_ros_tensor_rt/hook/cmake_prefix_path.dsv'
[56.528s] INFO:colcon.colcon_core.shell:Creating environment hook '/workspaces/isaac_ros-dev/install/isaac_ros_tensor_rt/share/isaac_ros_tensor_rt/hook/cmake_prefix_path.sh'
[56.528s] Level 1:colcon.colcon_core.environment:checking '/workspaces/isaac_ros-dev/install/isaac_ros_tensor_rt/lib'
[56.528s] Level 1:colcon.colcon_core.shell:create_environment_hook('isaac_ros_tensor_rt', 'ld_library_path_lib')
[56.529s] INFO:colcon.colcon_core.shell:Creating environment hook '/workspaces/isaac_ros-dev/install/isaac_ros_tensor_rt/share/isaac_ros_tensor_rt/hook/ld_library_path_lib.ps1'
[56.529s] INFO:colcon.colcon_core.shell:Creating environment descriptor '/workspaces/isaac_ros-dev/install/isaac_ros_tensor_rt/share/isaac_ros_tensor_rt/hook/ld_library_path_lib.dsv'
[56.530s] INFO:colcon.colcon_core.shell:Creating environment hook '/workspaces/isaac_ros-dev/install/isaac_ros_tensor_rt/share/isaac_ros_tensor_rt/hook/ld_library_path_lib.sh'
[56.530s] Level 1:colcon.colcon_core.environment:checking '/workspaces/isaac_ros-dev/install/isaac_ros_tensor_rt/bin'
[56.530s] Level 1:colcon.colcon_core.environment:checking '/workspaces/isaac_ros-dev/install/isaac_ros_tensor_rt/lib/pkgconfig/isaac_ros_tensor_rt.pc'
[56.530s] Level 1:colcon.colcon_core.environment:checking '/workspaces/isaac_ros-dev/install/isaac_ros_tensor_rt/lib/python3.10/site-packages'
[56.530s] Level 1:colcon.colcon_core.environment:checking '/workspaces/isaac_ros-dev/install/isaac_ros_tensor_rt/bin'
[56.531s] INFO:colcon.colcon_core.shell:Creating package script '/workspaces/isaac_ros-dev/install/isaac_ros_tensor_rt/share/isaac_ros_tensor_rt/package.ps1'
[56.531s] INFO:colcon.colcon_core.shell:Creating package descriptor '/workspaces/isaac_ros-dev/install/isaac_ros_tensor_rt/share/isaac_ros_tensor_rt/package.dsv'
[56.531s] INFO:colcon.colcon_core.shell:Creating package script '/workspaces/isaac_ros-dev/install/isaac_ros_tensor_rt/share/isaac_ros_tensor_rt/package.sh'
[56.532s] INFO:colcon.colcon_core.shell:Creating package script '/workspaces/isaac_ros-dev/install/isaac_ros_tensor_rt/share/isaac_ros_tensor_rt/package.bash'
[56.532s] INFO:colcon.colcon_core.shell:Creating package script '/workspaces/isaac_ros-dev/install/isaac_ros_tensor_rt/share/isaac_ros_tensor_rt/package.zsh'
[56.532s] Level 1:colcon.colcon_core.environment:create_file_with_runtime_dependencies(/workspaces/isaac_ros-dev/install/isaac_ros_tensor_rt/share/colcon-core/packages/isaac_ros_tensor_rt)
[56.532s] Level 1:colcon.colcon_core.environment:create_environment_scripts_only(isaac_ros_tensor_rt)
[56.532s] Level 1:colcon.colcon_core.environment:checking '/workspaces/isaac_ros-dev/install/isaac_ros_tensor_rt' for CMake module files
[56.533s] Level 1:colcon.colcon_core.environment:checking '/workspaces/isaac_ros-dev/install/isaac_ros_tensor_rt' for CMake config files
[56.533s] Level 1:colcon.colcon_core.shell:create_environment_hook('isaac_ros_tensor_rt', 'cmake_prefix_path')
[56.533s] INFO:colcon.colcon_core.shell:Creating environment hook '/workspaces/isaac_ros-dev/install/isaac_ros_tensor_rt/share/isaac_ros_tensor_rt/hook/cmake_prefix_path.ps1'
[56.533s] INFO:colcon.colcon_core.shell:Creating environment descriptor '/workspaces/isaac_ros-dev/install/isaac_ros_tensor_rt/share/isaac_ros_tensor_rt/hook/cmake_prefix_path.dsv'
[56.534s] INFO:colcon.colcon_core.shell:Creating environment hook '/workspaces/isaac_ros-dev/install/isaac_ros_tensor_rt/share/isaac_ros_tensor_rt/hook/cmake_prefix_path.sh'
[56.534s] Level 1:colcon.colcon_core.environment:checking '/workspaces/isaac_ros-dev/install/isaac_ros_tensor_rt/lib'
[56.534s] Level 1:colcon.colcon_core.shell:create_environment_hook('isaac_ros_tensor_rt', 'ld_library_path_lib')
[56.534s] INFO:colcon.colcon_core.shell:Creating environment hook '/workspaces/isaac_ros-dev/install/isaac_ros_tensor_rt/share/isaac_ros_tensor_rt/hook/ld_library_path_lib.ps1'
[56.534s] INFO:colcon.colcon_core.shell:Creating environment descriptor '/workspaces/isaac_ros-dev/install/isaac_ros_tensor_rt/share/isaac_ros_tensor_rt/hook/ld_library_path_lib.dsv'
[56.535s] INFO:colcon.colcon_core.shell:Creating environment hook '/workspaces/isaac_ros-dev/install/isaac_ros_tensor_rt/share/isaac_ros_tensor_rt/hook/ld_library_path_lib.sh'
[56.535s] Level 1:colcon.colcon_core.environment:checking '/workspaces/isaac_ros-dev/install/isaac_ros_tensor_rt/bin'
[56.535s] Level 1:colcon.colcon_core.environment:checking '/workspaces/isaac_ros-dev/install/isaac_ros_tensor_rt/lib/pkgconfig/isaac_ros_tensor_rt.pc'
[56.535s] Level 1:colcon.colcon_core.environment:checking '/workspaces/isaac_ros-dev/install/isaac_ros_tensor_rt/lib/python3.10/site-packages'
[56.535s] Level 1:colcon.colcon_core.environment:checking '/workspaces/isaac_ros-dev/install/isaac_ros_tensor_rt/bin'
[56.536s] INFO:colcon.colcon_core.shell:Creating package script '/workspaces/isaac_ros-dev/install/isaac_ros_tensor_rt/share/isaac_ros_tensor_rt/package.ps1'
[56.536s] INFO:colcon.colcon_core.shell:Creating package descriptor '/workspaces/isaac_ros-dev/install/isaac_ros_tensor_rt/share/isaac_ros_tensor_rt/package.dsv'
[56.537s] INFO:colcon.colcon_core.shell:Creating package script '/workspaces/isaac_ros-dev/install/isaac_ros_tensor_rt/share/isaac_ros_tensor_rt/package.sh'
[56.537s] INFO:colcon.colcon_core.shell:Creating package script '/workspaces/isaac_ros-dev/install/isaac_ros_tensor_rt/share/isaac_ros_tensor_rt/package.bash'
[56.537s] INFO:colcon.colcon_core.shell:Creating package script '/workspaces/isaac_ros-dev/install/isaac_ros_tensor_rt/share/isaac_ros_tensor_rt/package.zsh'
[56.538s] Level 1:colcon.colcon_core.environment:create_file_with_runtime_dependencies(/workspaces/isaac_ros-dev/install/isaac_ros_tensor_rt/share/colcon-core/packages/isaac_ros_tensor_rt)
[125.082s] DEBUG:colcon.colcon_core.event_handler.log_command:Invoked command in '/workspaces/isaac_ros-dev/build/isaac_ros_tensor_proc' returned '0': AMENT_PREFIX_PATH=/workspaces/isaac_ros-dev/install/isaac_ros_managed_nitros:/workspaces/isaac_ros-dev/install/isaac_ros_nitros_tensor_list_type:/workspaces/isaac_ros-dev/install/isaac_ros_nitros_image_type:/workspaces/isaac_ros-dev/install/isaac_ros_nitros:/workspaces/isaac_ros-dev/install/gxf_isaac_gxf_helpers:/workspaces/isaac_ros-dev/install/gxf_isaac_atlas:/workspaces/isaac_ros-dev/install/gxf_isaac_sight:/workspaces/isaac_ros-dev/install/gxf_isaac_optimizer:/workspaces/isaac_ros-dev/install/gxf_isaac_message_compositor:/workspaces/isaac_ros-dev/install/gxf_isaac_gems:/workspaces/isaac_ros-dev/install/isaac_ros_test:/workspaces/isaac_ros-dev/install/isaac_ros_tensor_list_interfaces:/workspaces/isaac_ros-dev/install/isaac_ros_gxf:/workspaces/isaac_ros-dev/install/isaac_ros_launch_utils:/workspaces/isaac_ros-dev/install/isaac_ros_common:/workspaces/isaac_ros-dev/install/isaac_common_py:/opt/ros/humble CMAKE_PREFIX_PATH=/workspaces/isaac_ros-dev/install/isaac_ros_managed_nitros:/workspaces/isaac_ros-dev/install/isaac_ros_nitros_tensor_list_type:/workspaces/isaac_ros-dev/install/isaac_ros_nitros_image_type:/workspaces/isaac_ros-dev/install/isaac_ros_nitros:/workspaces/isaac_ros-dev/install/gxf_isaac_gxf_helpers:/workspaces/isaac_ros-dev/install/gxf_isaac_atlas:/workspaces/isaac_ros-dev/install/gxf_isaac_sight:/workspaces/isaac_ros-dev/install/gxf_isaac_optimizer:/workspaces/isaac_ros-dev/install/gxf_isaac_message_compositor:/workspaces/isaac_ros-dev/install/gxf_isaac_gems:/workspaces/isaac_ros-dev/install/isaac_ros_tensor_list_interfaces:/workspaces/isaac_ros-dev/install/isaac_ros_gxf:/workspaces/isaac_ros-dev/install/isaac_ros_common:/usr/local/libcudss-linux-0.3.0.9_cuda12-archive:/workspaces/isaac_ros-dev/install/isaac_ros_test:/workspaces/isaac_ros-dev/install/isaac_ros_launch_utils:/workspaces/isaac_ros-dev/install/isaac_common_py:/opt/ros/humble LD_LIBRARY_PATH=/workspaces/isaac_ros-dev/install/isaac_ros_managed_nitros/lib:/workspaces/isaac_ros-dev/install/isaac_ros_nitros_tensor_list_type/lib:/workspaces/isaac_ros-dev/install/isaac_ros_nitros_image_type/lib:/workspaces/isaac_ros-dev/install/isaac_ros_nitros/lib:/workspaces/isaac_ros-dev/install/gxf_isaac_gxf_helpers/lib:/workspaces/isaac_ros-dev/install/gxf_isaac_atlas/lib:/workspaces/isaac_ros-dev/install/gxf_isaac_sight/lib:/workspaces/isaac_ros-dev/install/gxf_isaac_optimizer/lib:/workspaces/isaac_ros-dev/install/gxf_isaac_message_compositor/lib:/workspaces/isaac_ros-dev/install/gxf_isaac_gems/lib:/workspaces/isaac_ros-dev/install/isaac_ros_tensor_list_interfaces/lib:/workspaces/isaac_ros-dev/install/isaac_ros_gxf/lib:/workspaces/isaac_ros-dev/install/isaac_ros_common/lib:/opt/ros/humble/opt/openvdb_vendor/lib:/opt/ros/humble/opt/rviz_ogre_vendor/lib:/opt/ros/humble/lib/x86_64-linux-gnu:/opt/ros/humble/lib:/usr/local/libcudss-linux-0.3.0.9_cuda12-archive/lib:/opt/hpcx/ucc/lib/:/opt/hpcx/ucx/lib/:/usr/local/cuda/compat/lib:/usr/local/nvidia/lib:/usr/local/nvidia/lib64:/opt/tritonserver/lib PYTHONPATH=/workspaces/isaac_ros-dev/build/isaac_ros_test:/workspaces/isaac_ros-dev/install/isaac_ros_test/lib/python3.10/site-packages:/workspaces/isaac_ros-dev/install/isaac_ros_tensor_list_interfaces/local/lib/python3.10/dist-packages:/workspaces/isaac_ros-dev/build/isaac_ros_launch_utils:/workspaces/isaac_ros-dev/install/isaac_ros_launch_utils/lib/python3.10/site-packages:/workspaces/isaac_ros-dev/install/isaac_ros_common/local/lib/python3.10/dist-packages:/workspaces/isaac_ros-dev/build/isaac_common_py:/workspaces/isaac_ros-dev/install/isaac_common_py/lib/python3.10/site-packages:/opt/ros/humble/lib/python3.10/site-packages:/opt/ros/humble/local/lib/python3.10/dist-packages:/opt/ros/humble/vcstool:/opt/tritonserver/backends/dali/wheel/dali /usr/bin/cmake --build /workspaces/isaac_ros-dev/build/isaac_ros_tensor_proc -- -j16 -l16
[125.083s] DEBUG:colcon.colcon_core.event_handler.log_command:Invoking command in '/workspaces/isaac_ros-dev/build/isaac_ros_tensor_proc': AMENT_PREFIX_PATH=/workspaces/isaac_ros-dev/install/isaac_ros_managed_nitros:/workspaces/isaac_ros-dev/install/isaac_ros_nitros_tensor_list_type:/workspaces/isaac_ros-dev/install/isaac_ros_nitros_image_type:/workspaces/isaac_ros-dev/install/isaac_ros_nitros:/workspaces/isaac_ros-dev/install/gxf_isaac_gxf_helpers:/workspaces/isaac_ros-dev/install/gxf_isaac_atlas:/workspaces/isaac_ros-dev/install/gxf_isaac_sight:/workspaces/isaac_ros-dev/install/gxf_isaac_optimizer:/workspaces/isaac_ros-dev/install/gxf_isaac_message_compositor:/workspaces/isaac_ros-dev/install/gxf_isaac_gems:/workspaces/isaac_ros-dev/install/isaac_ros_test:/workspaces/isaac_ros-dev/install/isaac_ros_tensor_list_interfaces:/workspaces/isaac_ros-dev/install/isaac_ros_gxf:/workspaces/isaac_ros-dev/install/isaac_ros_launch_utils:/workspaces/isaac_ros-dev/install/isaac_ros_common:/workspaces/isaac_ros-dev/install/isaac_common_py:/opt/ros/humble CMAKE_PREFIX_PATH=/workspaces/isaac_ros-dev/install/isaac_ros_managed_nitros:/workspaces/isaac_ros-dev/install/isaac_ros_nitros_tensor_list_type:/workspaces/isaac_ros-dev/install/isaac_ros_nitros_image_type:/workspaces/isaac_ros-dev/install/isaac_ros_nitros:/workspaces/isaac_ros-dev/install/gxf_isaac_gxf_helpers:/workspaces/isaac_ros-dev/install/gxf_isaac_atlas:/workspaces/isaac_ros-dev/install/gxf_isaac_sight:/workspaces/isaac_ros-dev/install/gxf_isaac_optimizer:/workspaces/isaac_ros-dev/install/gxf_isaac_message_compositor:/workspaces/isaac_ros-dev/install/gxf_isaac_gems:/workspaces/isaac_ros-dev/install/isaac_ros_tensor_list_interfaces:/workspaces/isaac_ros-dev/install/isaac_ros_gxf:/workspaces/isaac_ros-dev/install/isaac_ros_common:/usr/local/libcudss-linux-0.3.0.9_cuda12-archive:/workspaces/isaac_ros-dev/install/isaac_ros_test:/workspaces/isaac_ros-dev/install/isaac_ros_launch_utils:/workspaces/isaac_ros-dev/install/isaac_common_py:/opt/ros/humble LD_LIBRARY_PATH=/workspaces/isaac_ros-dev/install/isaac_ros_managed_nitros/lib:/workspaces/isaac_ros-dev/install/isaac_ros_nitros_tensor_list_type/lib:/workspaces/isaac_ros-dev/install/isaac_ros_nitros_image_type/lib:/workspaces/isaac_ros-dev/install/isaac_ros_nitros/lib:/workspaces/isaac_ros-dev/install/gxf_isaac_gxf_helpers/lib:/workspaces/isaac_ros-dev/install/gxf_isaac_atlas/lib:/workspaces/isaac_ros-dev/install/gxf_isaac_sight/lib:/workspaces/isaac_ros-dev/install/gxf_isaac_optimizer/lib:/workspaces/isaac_ros-dev/install/gxf_isaac_message_compositor/lib:/workspaces/isaac_ros-dev/install/gxf_isaac_gems/lib:/workspaces/isaac_ros-dev/install/isaac_ros_tensor_list_interfaces/lib:/workspaces/isaac_ros-dev/install/isaac_ros_gxf/lib:/workspaces/isaac_ros-dev/install/isaac_ros_common/lib:/opt/ros/humble/opt/openvdb_vendor/lib:/opt/ros/humble/opt/rviz_ogre_vendor/lib:/opt/ros/humble/lib/x86_64-linux-gnu:/opt/ros/humble/lib:/usr/local/libcudss-linux-0.3.0.9_cuda12-archive/lib:/opt/hpcx/ucc/lib/:/opt/hpcx/ucx/lib/:/usr/local/cuda/compat/lib:/usr/local/nvidia/lib:/usr/local/nvidia/lib64:/opt/tritonserver/lib PYTHONPATH=/workspaces/isaac_ros-dev/build/isaac_ros_test:/workspaces/isaac_ros-dev/install/isaac_ros_test/lib/python3.10/site-packages:/workspaces/isaac_ros-dev/install/isaac_ros_tensor_list_interfaces/local/lib/python3.10/dist-packages:/workspaces/isaac_ros-dev/build/isaac_ros_launch_utils:/workspaces/isaac_ros-dev/install/isaac_ros_launch_utils/lib/python3.10/site-packages:/workspaces/isaac_ros-dev/install/isaac_ros_common/local/lib/python3.10/dist-packages:/workspaces/isaac_ros-dev/build/isaac_common_py:/workspaces/isaac_ros-dev/install/isaac_common_py/lib/python3.10/site-packages:/opt/ros/humble/lib/python3.10/site-packages:/opt/ros/humble/local/lib/python3.10/dist-packages:/opt/ros/humble/vcstool:/opt/tritonserver/backends/dali/wheel/dali /usr/bin/cmake --install /workspaces/isaac_ros-dev/build/isaac_ros_tensor_proc
[125.461s] Level 1:colcon.colcon_core.environment:create_environment_scripts_only(isaac_ros_tensor_proc)
[125.462s] Level 1:colcon.colcon_core.environment:checking '/workspaces/isaac_ros-dev/install/isaac_ros_tensor_proc' for CMake module files
[125.463s] DEBUG:colcon.colcon_core.event_handler.log_command:Invoked command in '/workspaces/isaac_ros-dev/build/isaac_ros_tensor_proc' returned '0': AMENT_PREFIX_PATH=/workspaces/isaac_ros-dev/install/isaac_ros_managed_nitros:/workspaces/isaac_ros-dev/install/isaac_ros_nitros_tensor_list_type:/workspaces/isaac_ros-dev/install/isaac_ros_nitros_image_type:/workspaces/isaac_ros-dev/install/isaac_ros_nitros:/workspaces/isaac_ros-dev/install/gxf_isaac_gxf_helpers:/workspaces/isaac_ros-dev/install/gxf_isaac_atlas:/workspaces/isaac_ros-dev/install/gxf_isaac_sight:/workspaces/isaac_ros-dev/install/gxf_isaac_optimizer:/workspaces/isaac_ros-dev/install/gxf_isaac_message_compositor:/workspaces/isaac_ros-dev/install/gxf_isaac_gems:/workspaces/isaac_ros-dev/install/isaac_ros_test:/workspaces/isaac_ros-dev/install/isaac_ros_tensor_list_interfaces:/workspaces/isaac_ros-dev/install/isaac_ros_gxf:/workspaces/isaac_ros-dev/install/isaac_ros_launch_utils:/workspaces/isaac_ros-dev/install/isaac_ros_common:/workspaces/isaac_ros-dev/install/isaac_common_py:/opt/ros/humble CMAKE_PREFIX_PATH=/workspaces/isaac_ros-dev/install/isaac_ros_managed_nitros:/workspaces/isaac_ros-dev/install/isaac_ros_nitros_tensor_list_type:/workspaces/isaac_ros-dev/install/isaac_ros_nitros_image_type:/workspaces/isaac_ros-dev/install/isaac_ros_nitros:/workspaces/isaac_ros-dev/install/gxf_isaac_gxf_helpers:/workspaces/isaac_ros-dev/install/gxf_isaac_atlas:/workspaces/isaac_ros-dev/install/gxf_isaac_sight:/workspaces/isaac_ros-dev/install/gxf_isaac_optimizer:/workspaces/isaac_ros-dev/install/gxf_isaac_message_compositor:/workspaces/isaac_ros-dev/install/gxf_isaac_gems:/workspaces/isaac_ros-dev/install/isaac_ros_tensor_list_interfaces:/workspaces/isaac_ros-dev/install/isaac_ros_gxf:/workspaces/isaac_ros-dev/install/isaac_ros_common:/usr/local/libcudss-linux-0.3.0.9_cuda12-archive:/workspaces/isaac_ros-dev/install/isaac_ros_test:/workspaces/isaac_ros-dev/install/isaac_ros_launch_utils:/workspaces/isaac_ros-dev/install/isaac_common_py:/opt/ros/humble LD_LIBRARY_PATH=/workspaces/isaac_ros-dev/install/isaac_ros_managed_nitros/lib:/workspaces/isaac_ros-dev/install/isaac_ros_nitros_tensor_list_type/lib:/workspaces/isaac_ros-dev/install/isaac_ros_nitros_image_type/lib:/workspaces/isaac_ros-dev/install/isaac_ros_nitros/lib:/workspaces/isaac_ros-dev/install/gxf_isaac_gxf_helpers/lib:/workspaces/isaac_ros-dev/install/gxf_isaac_atlas/lib:/workspaces/isaac_ros-dev/install/gxf_isaac_sight/lib:/workspaces/isaac_ros-dev/install/gxf_isaac_optimizer/lib:/workspaces/isaac_ros-dev/install/gxf_isaac_message_compositor/lib:/workspaces/isaac_ros-dev/install/gxf_isaac_gems/lib:/workspaces/isaac_ros-dev/install/isaac_ros_tensor_list_interfaces/lib:/workspaces/isaac_ros-dev/install/isaac_ros_gxf/lib:/workspaces/isaac_ros-dev/install/isaac_ros_common/lib:/opt/ros/humble/opt/openvdb_vendor/lib:/opt/ros/humble/opt/rviz_ogre_vendor/lib:/opt/ros/humble/lib/x86_64-linux-gnu:/opt/ros/humble/lib:/usr/local/libcudss-linux-0.3.0.9_cuda12-archive/lib:/opt/hpcx/ucc/lib/:/opt/hpcx/ucx/lib/:/usr/local/cuda/compat/lib:/usr/local/nvidia/lib:/usr/local/nvidia/lib64:/opt/tritonserver/lib PYTHONPATH=/workspaces/isaac_ros-dev/build/isaac_ros_test:/workspaces/isaac_ros-dev/install/isaac_ros_test/lib/python3.10/site-packages:/workspaces/isaac_ros-dev/install/isaac_ros_tensor_list_interfaces/local/lib/python3.10/dist-packages:/workspaces/isaac_ros-dev/build/isaac_ros_launch_utils:/workspaces/isaac_ros-dev/install/isaac_ros_launch_utils/lib/python3.10/site-packages:/workspaces/isaac_ros-dev/install/isaac_ros_common/local/lib/python3.10/dist-packages:/workspaces/isaac_ros-dev/build/isaac_common_py:/workspaces/isaac_ros-dev/install/isaac_common_py/lib/python3.10/site-packages:/opt/ros/humble/lib/python3.10/site-packages:/opt/ros/humble/local/lib/python3.10/dist-packages:/opt/ros/humble/vcstool:/opt/tritonserver/backends/dali/wheel/dali /usr/bin/cmake --install /workspaces/isaac_ros-dev/build/isaac_ros_tensor_proc
[125.463s] Level 1:colcon.colcon_core.environment:checking '/workspaces/isaac_ros-dev/install/isaac_ros_tensor_proc' for CMake config files
[125.464s] Level 1:colcon.colcon_core.shell:create_environment_hook('isaac_ros_tensor_proc', 'cmake_prefix_path')
[125.464s] INFO:colcon.colcon_core.shell:Creating environment hook '/workspaces/isaac_ros-dev/install/isaac_ros_tensor_proc/share/isaac_ros_tensor_proc/hook/cmake_prefix_path.ps1'
[125.466s] INFO:colcon.colcon_core.shell:Creating environment descriptor '/workspaces/isaac_ros-dev/install/isaac_ros_tensor_proc/share/isaac_ros_tensor_proc/hook/cmake_prefix_path.dsv'
[125.466s] INFO:colcon.colcon_core.shell:Creating environment hook '/workspaces/isaac_ros-dev/install/isaac_ros_tensor_proc/share/isaac_ros_tensor_proc/hook/cmake_prefix_path.sh'
[125.467s] Level 1:colcon.colcon_core.environment:checking '/workspaces/isaac_ros-dev/install/isaac_ros_tensor_proc/lib'
[125.467s] Level 1:colcon.colcon_core.shell:create_environment_hook('isaac_ros_tensor_proc', 'ld_library_path_lib')
[125.467s] INFO:colcon.colcon_core.shell:Creating environment hook '/workspaces/isaac_ros-dev/install/isaac_ros_tensor_proc/share/isaac_ros_tensor_proc/hook/ld_library_path_lib.ps1'
[125.468s] INFO:colcon.colcon_core.shell:Creating environment descriptor '/workspaces/isaac_ros-dev/install/isaac_ros_tensor_proc/share/isaac_ros_tensor_proc/hook/ld_library_path_lib.dsv'
[125.468s] INFO:colcon.colcon_core.shell:Creating environment hook '/workspaces/isaac_ros-dev/install/isaac_ros_tensor_proc/share/isaac_ros_tensor_proc/hook/ld_library_path_lib.sh'
[125.469s] Level 1:colcon.colcon_core.environment:checking '/workspaces/isaac_ros-dev/install/isaac_ros_tensor_proc/bin'
[125.469s] Level 1:colcon.colcon_core.environment:checking '/workspaces/isaac_ros-dev/install/isaac_ros_tensor_proc/lib/pkgconfig/isaac_ros_tensor_proc.pc'
[125.469s] Level 1:colcon.colcon_core.environment:checking '/workspaces/isaac_ros-dev/install/isaac_ros_tensor_proc/lib/python3.10/site-packages'
[125.469s] Level 1:colcon.colcon_core.environment:checking '/workspaces/isaac_ros-dev/install/isaac_ros_tensor_proc/bin'
[125.470s] INFO:colcon.colcon_core.shell:Creating package script '/workspaces/isaac_ros-dev/install/isaac_ros_tensor_proc/share/isaac_ros_tensor_proc/package.ps1'
[125.470s] INFO:colcon.colcon_core.shell:Creating package descriptor '/workspaces/isaac_ros-dev/install/isaac_ros_tensor_proc/share/isaac_ros_tensor_proc/package.dsv'
[125.470s] INFO:colcon.colcon_core.shell:Creating package script '/workspaces/isaac_ros-dev/install/isaac_ros_tensor_proc/share/isaac_ros_tensor_proc/package.sh'
[125.471s] INFO:colcon.colcon_core.shell:Creating package script '/workspaces/isaac_ros-dev/install/isaac_ros_tensor_proc/share/isaac_ros_tensor_proc/package.bash'
[125.471s] INFO:colcon.colcon_core.shell:Creating package script '/workspaces/isaac_ros-dev/install/isaac_ros_tensor_proc/share/isaac_ros_tensor_proc/package.zsh'
[125.471s] Level 1:colcon.colcon_core.environment:create_file_with_runtime_dependencies(/workspaces/isaac_ros-dev/install/isaac_ros_tensor_proc/share/colcon-core/packages/isaac_ros_tensor_proc)
[125.472s] Level 1:colcon.colcon_core.environment:create_environment_scripts_only(isaac_ros_tensor_proc)
[125.472s] Level 1:colcon.colcon_core.environment:checking '/workspaces/isaac_ros-dev/install/isaac_ros_tensor_proc' for CMake module files
[125.472s] Level 1:colcon.colcon_core.environment:checking '/workspaces/isaac_ros-dev/install/isaac_ros_tensor_proc' for CMake config files
[125.473s] Level 1:colcon.colcon_core.shell:create_environment_hook('isaac_ros_tensor_proc', 'cmake_prefix_path')
[125.473s] INFO:colcon.colcon_core.shell:Creating environment hook '/workspaces/isaac_ros-dev/install/isaac_ros_tensor_proc/share/isaac_ros_tensor_proc/hook/cmake_prefix_path.ps1'
[125.473s] INFO:colcon.colcon_core.shell:Creating environment descriptor '/workspaces/isaac_ros-dev/install/isaac_ros_tensor_proc/share/isaac_ros_tensor_proc/hook/cmake_prefix_path.dsv'
[125.473s] INFO:colcon.colcon_core.shell:Creating environment hook '/workspaces/isaac_ros-dev/install/isaac_ros_tensor_proc/share/isaac_ros_tensor_proc/hook/cmake_prefix_path.sh'
[125.474s] Level 1:colcon.colcon_core.environment:checking '/workspaces/isaac_ros-dev/install/isaac_ros_tensor_proc/lib'
[125.474s] Level 1:colcon.colcon_core.shell:create_environment_hook('isaac_ros_tensor_proc', 'ld_library_path_lib')
[125.474s] INFO:colcon.colcon_core.shell:Creating environment hook '/workspaces/isaac_ros-dev/install/isaac_ros_tensor_proc/share/isaac_ros_tensor_proc/hook/ld_library_path_lib.ps1'
[125.474s] INFO:colcon.colcon_core.shell:Creating environment descriptor '/workspaces/isaac_ros-dev/install/isaac_ros_tensor_proc/share/isaac_ros_tensor_proc/hook/ld_library_path_lib.dsv'
[125.474s] INFO:colcon.colcon_core.shell:Creating environment hook '/workspaces/isaac_ros-dev/install/isaac_ros_tensor_proc/share/isaac_ros_tensor_proc/hook/ld_library_path_lib.sh'
[125.475s] Level 1:colcon.colcon_core.environment:checking '/workspaces/isaac_ros-dev/install/isaac_ros_tensor_proc/bin'
[125.475s] Level 1:colcon.colcon_core.environment:checking '/workspaces/isaac_ros-dev/install/isaac_ros_tensor_proc/lib/pkgconfig/isaac_ros_tensor_proc.pc'
[125.475s] Level 1:colcon.colcon_core.environment:checking '/workspaces/isaac_ros-dev/install/isaac_ros_tensor_proc/lib/python3.10/site-packages'
[125.475s] Level 1:colcon.colcon_core.environment:checking '/workspaces/isaac_ros-dev/install/isaac_ros_tensor_proc/bin'
[125.475s] INFO:colcon.colcon_core.shell:Creating package script '/workspaces/isaac_ros-dev/install/isaac_ros_tensor_proc/share/isaac_ros_tensor_proc/package.ps1'
[125.476s] INFO:colcon.colcon_core.shell:Creating package descriptor '/workspaces/isaac_ros-dev/install/isaac_ros_tensor_proc/share/isaac_ros_tensor_proc/package.dsv'
[125.476s] INFO:colcon.colcon_core.shell:Creating package script '/workspaces/isaac_ros-dev/install/isaac_ros_tensor_proc/share/isaac_ros_tensor_proc/package.sh'
[125.476s] INFO:colcon.colcon_core.shell:Creating package script '/workspaces/isaac_ros-dev/install/isaac_ros_tensor_proc/share/isaac_ros_tensor_proc/package.bash'
[125.477s] INFO:colcon.colcon_core.shell:Creating package script '/workspaces/isaac_ros-dev/install/isaac_ros_tensor_proc/share/isaac_ros_tensor_proc/package.zsh'
[125.477s] Level 1:colcon.colcon_core.environment:create_file_with_runtime_dependencies(/workspaces/isaac_ros-dev/install/isaac_ros_tensor_proc/share/colcon-core/packages/isaac_ros_tensor_proc)
[125.477s] INFO:colcon.colcon_ros.task.ament_cmake.build:Building ROS package in '/workspaces/isaac_ros-dev/src/isaac_ros_dnn_inference/isaac_ros_dnn_image_encoder' with build type 'ament_cmake'
[125.477s] INFO:colcon.colcon_cmake.task.cmake.build:Building CMake package in '/workspaces/isaac_ros-dev/src/isaac_ros_dnn_inference/isaac_ros_dnn_image_encoder'
[125.478s] INFO:colcon.colcon_core.shell:Skip shell extension 'powershell' for command environment: Not usable outside of PowerShell
[125.478s] DEBUG:colcon.colcon_core.shell:Skip shell extension 'dsv' for command environment
[125.532s] DEBUG:colcon.colcon_core.event_handler.log_command:Invoking command in '/workspaces/isaac_ros-dev/build/isaac_ros_dnn_image_encoder': AMENT_PREFIX_PATH=/workspaces/isaac_ros-dev/install/isaac_ros_tensor_proc:/workspaces/isaac_ros-dev/install/isaac_ros_managed_nitros:/workspaces/isaac_ros-dev/install/isaac_ros_nitros_tensor_list_type:/workspaces/isaac_ros-dev/install/isaac_ros_nitros_image_type:/workspaces/isaac_ros-dev/install/isaac_ros_nitros:/workspaces/isaac_ros-dev/install/gxf_isaac_gxf_helpers:/workspaces/isaac_ros-dev/install/gxf_isaac_atlas:/workspaces/isaac_ros-dev/install/gxf_isaac_sight:/workspaces/isaac_ros-dev/install/gxf_isaac_optimizer:/workspaces/isaac_ros-dev/install/gxf_isaac_message_compositor:/workspaces/isaac_ros-dev/install/gxf_isaac_gems:/workspaces/isaac_ros-dev/install/isaac_ros_test:/workspaces/isaac_ros-dev/install/isaac_ros_tensor_list_interfaces:/workspaces/isaac_ros-dev/install/isaac_ros_gxf:/workspaces/isaac_ros-dev/install/isaac_ros_launch_utils:/workspaces/isaac_ros-dev/install/isaac_ros_common:/workspaces/isaac_ros-dev/install/isaac_common_py:/opt/ros/humble CMAKE_PREFIX_PATH=/workspaces/isaac_ros-dev/install/isaac_ros_tensor_proc:/workspaces/isaac_ros-dev/install/isaac_ros_managed_nitros:/workspaces/isaac_ros-dev/install/isaac_ros_nitros_tensor_list_type:/workspaces/isaac_ros-dev/install/isaac_ros_nitros_image_type:/workspaces/isaac_ros-dev/install/isaac_ros_nitros:/workspaces/isaac_ros-dev/install/gxf_isaac_gxf_helpers:/workspaces/isaac_ros-dev/install/gxf_isaac_atlas:/workspaces/isaac_ros-dev/install/gxf_isaac_sight:/workspaces/isaac_ros-dev/install/gxf_isaac_optimizer:/workspaces/isaac_ros-dev/install/gxf_isaac_message_compositor:/workspaces/isaac_ros-dev/install/gxf_isaac_gems:/workspaces/isaac_ros-dev/install/isaac_ros_tensor_list_interfaces:/workspaces/isaac_ros-dev/install/isaac_ros_gxf:/workspaces/isaac_ros-dev/install/isaac_ros_common:/usr/local/libcudss-linux-0.3.0.9_cuda12-archive:/workspaces/isaac_ros-dev/install/isaac_ros_test:/workspaces/isaac_ros-dev/install/isaac_ros_launch_utils:/workspaces/isaac_ros-dev/install/isaac_common_py:/opt/ros/humble LD_LIBRARY_PATH=/workspaces/isaac_ros-dev/install/isaac_ros_tensor_proc/lib:/workspaces/isaac_ros-dev/install/isaac_ros_managed_nitros/lib:/workspaces/isaac_ros-dev/install/isaac_ros_nitros_tensor_list_type/lib:/workspaces/isaac_ros-dev/install/isaac_ros_nitros_image_type/lib:/workspaces/isaac_ros-dev/install/isaac_ros_nitros/lib:/workspaces/isaac_ros-dev/install/gxf_isaac_gxf_helpers/lib:/workspaces/isaac_ros-dev/install/gxf_isaac_atlas/lib:/workspaces/isaac_ros-dev/install/gxf_isaac_sight/lib:/workspaces/isaac_ros-dev/install/gxf_isaac_optimizer/lib:/workspaces/isaac_ros-dev/install/gxf_isaac_message_compositor/lib:/workspaces/isaac_ros-dev/install/gxf_isaac_gems/lib:/workspaces/isaac_ros-dev/install/isaac_ros_tensor_list_interfaces/lib:/workspaces/isaac_ros-dev/install/isaac_ros_gxf/lib:/workspaces/isaac_ros-dev/install/isaac_ros_common/lib:/opt/ros/humble/opt/openvdb_vendor/lib:/opt/ros/humble/opt/rviz_ogre_vendor/lib:/opt/ros/humble/lib/x86_64-linux-gnu:/opt/ros/humble/lib:/usr/local/libcudss-linux-0.3.0.9_cuda12-archive/lib:/opt/hpcx/ucc/lib/:/opt/hpcx/ucx/lib/:/usr/local/cuda/compat/lib:/usr/local/nvidia/lib:/usr/local/nvidia/lib64:/opt/tritonserver/lib PYTHONPATH=/workspaces/isaac_ros-dev/build/isaac_ros_test:/workspaces/isaac_ros-dev/install/isaac_ros_test/lib/python3.10/site-packages:/workspaces/isaac_ros-dev/install/isaac_ros_tensor_list_interfaces/local/lib/python3.10/dist-packages:/workspaces/isaac_ros-dev/build/isaac_ros_launch_utils:/workspaces/isaac_ros-dev/install/isaac_ros_launch_utils/lib/python3.10/site-packages:/workspaces/isaac_ros-dev/install/isaac_ros_common/local/lib/python3.10/dist-packages:/workspaces/isaac_ros-dev/build/isaac_common_py:/workspaces/isaac_ros-dev/install/isaac_common_py/lib/python3.10/site-packages:/opt/ros/humble/lib/python3.10/site-packages:/opt/ros/humble/local/lib/python3.10/dist-packages:/opt/ros/humble/vcstool:/opt/tritonserver/backends/dali/wheel/dali /usr/bin/cmake /workspaces/isaac_ros-dev/src/isaac_ros_dnn_inference/isaac_ros_dnn_image_encoder -DBUILD_TESTING=OFF -DAMENT_CMAKE_SYMLINK_INSTALL=1 -DCMAKE_INSTALL_PREFIX=/workspaces/isaac_ros-dev/install/isaac_ros_dnn_image_encoder
[128.683s] DEBUG:colcon.colcon_core.event_handler.log_command:Invoked command in '/workspaces/isaac_ros-dev/build/isaac_ros_dnn_image_encoder' returned '0': AMENT_PREFIX_PATH=/workspaces/isaac_ros-dev/install/isaac_ros_tensor_proc:/workspaces/isaac_ros-dev/install/isaac_ros_managed_nitros:/workspaces/isaac_ros-dev/install/isaac_ros_nitros_tensor_list_type:/workspaces/isaac_ros-dev/install/isaac_ros_nitros_image_type:/workspaces/isaac_ros-dev/install/isaac_ros_nitros:/workspaces/isaac_ros-dev/install/gxf_isaac_gxf_helpers:/workspaces/isaac_ros-dev/install/gxf_isaac_atlas:/workspaces/isaac_ros-dev/install/gxf_isaac_sight:/workspaces/isaac_ros-dev/install/gxf_isaac_optimizer:/workspaces/isaac_ros-dev/install/gxf_isaac_message_compositor:/workspaces/isaac_ros-dev/install/gxf_isaac_gems:/workspaces/isaac_ros-dev/install/isaac_ros_test:/workspaces/isaac_ros-dev/install/isaac_ros_tensor_list_interfaces:/workspaces/isaac_ros-dev/install/isaac_ros_gxf:/workspaces/isaac_ros-dev/install/isaac_ros_launch_utils:/workspaces/isaac_ros-dev/install/isaac_ros_common:/workspaces/isaac_ros-dev/install/isaac_common_py:/opt/ros/humble CMAKE_PREFIX_PATH=/workspaces/isaac_ros-dev/install/isaac_ros_tensor_proc:/workspaces/isaac_ros-dev/install/isaac_ros_managed_nitros:/workspaces/isaac_ros-dev/install/isaac_ros_nitros_tensor_list_type:/workspaces/isaac_ros-dev/install/isaac_ros_nitros_image_type:/workspaces/isaac_ros-dev/install/isaac_ros_nitros:/workspaces/isaac_ros-dev/install/gxf_isaac_gxf_helpers:/workspaces/isaac_ros-dev/install/gxf_isaac_atlas:/workspaces/isaac_ros-dev/install/gxf_isaac_sight:/workspaces/isaac_ros-dev/install/gxf_isaac_optimizer:/workspaces/isaac_ros-dev/install/gxf_isaac_message_compositor:/workspaces/isaac_ros-dev/install/gxf_isaac_gems:/workspaces/isaac_ros-dev/install/isaac_ros_tensor_list_interfaces:/workspaces/isaac_ros-dev/install/isaac_ros_gxf:/workspaces/isaac_ros-dev/install/isaac_ros_common:/usr/local/libcudss-linux-0.3.0.9_cuda12-archive:/workspaces/isaac_ros-dev/install/isaac_ros_test:/workspaces/isaac_ros-dev/install/isaac_ros_launch_utils:/workspaces/isaac_ros-dev/install/isaac_common_py:/opt/ros/humble LD_LIBRARY_PATH=/workspaces/isaac_ros-dev/install/isaac_ros_tensor_proc/lib:/workspaces/isaac_ros-dev/install/isaac_ros_managed_nitros/lib:/workspaces/isaac_ros-dev/install/isaac_ros_nitros_tensor_list_type/lib:/workspaces/isaac_ros-dev/install/isaac_ros_nitros_image_type/lib:/workspaces/isaac_ros-dev/install/isaac_ros_nitros/lib:/workspaces/isaac_ros-dev/install/gxf_isaac_gxf_helpers/lib:/workspaces/isaac_ros-dev/install/gxf_isaac_atlas/lib:/workspaces/isaac_ros-dev/install/gxf_isaac_sight/lib:/workspaces/isaac_ros-dev/install/gxf_isaac_optimizer/lib:/workspaces/isaac_ros-dev/install/gxf_isaac_message_compositor/lib:/workspaces/isaac_ros-dev/install/gxf_isaac_gems/lib:/workspaces/isaac_ros-dev/install/isaac_ros_tensor_list_interfaces/lib:/workspaces/isaac_ros-dev/install/isaac_ros_gxf/lib:/workspaces/isaac_ros-dev/install/isaac_ros_common/lib:/opt/ros/humble/opt/openvdb_vendor/lib:/opt/ros/humble/opt/rviz_ogre_vendor/lib:/opt/ros/humble/lib/x86_64-linux-gnu:/opt/ros/humble/lib:/usr/local/libcudss-linux-0.3.0.9_cuda12-archive/lib:/opt/hpcx/ucc/lib/:/opt/hpcx/ucx/lib/:/usr/local/cuda/compat/lib:/usr/local/nvidia/lib:/usr/local/nvidia/lib64:/opt/tritonserver/lib PYTHONPATH=/workspaces/isaac_ros-dev/build/isaac_ros_test:/workspaces/isaac_ros-dev/install/isaac_ros_test/lib/python3.10/site-packages:/workspaces/isaac_ros-dev/install/isaac_ros_tensor_list_interfaces/local/lib/python3.10/dist-packages:/workspaces/isaac_ros-dev/build/isaac_ros_launch_utils:/workspaces/isaac_ros-dev/install/isaac_ros_launch_utils/lib/python3.10/site-packages:/workspaces/isaac_ros-dev/install/isaac_ros_common/local/lib/python3.10/dist-packages:/workspaces/isaac_ros-dev/build/isaac_common_py:/workspaces/isaac_ros-dev/install/isaac_common_py/lib/python3.10/site-packages:/opt/ros/humble/lib/python3.10/site-packages:/opt/ros/humble/local/lib/python3.10/dist-packages:/opt/ros/humble/vcstool:/opt/tritonserver/backends/dali/wheel/dali /usr/bin/cmake /workspaces/isaac_ros-dev/src/isaac_ros_dnn_inference/isaac_ros_dnn_image_encoder -DBUILD_TESTING=OFF -DAMENT_CMAKE_SYMLINK_INSTALL=1 -DCMAKE_INSTALL_PREFIX=/workspaces/isaac_ros-dev/install/isaac_ros_dnn_image_encoder
[128.684s] DEBUG:colcon.colcon_core.event_handler.log_command:Invoking command in '/workspaces/isaac_ros-dev/build/isaac_ros_dnn_image_encoder': AMENT_PREFIX_PATH=/workspaces/isaac_ros-dev/install/isaac_ros_tensor_proc:/workspaces/isaac_ros-dev/install/isaac_ros_managed_nitros:/workspaces/isaac_ros-dev/install/isaac_ros_nitros_tensor_list_type:/workspaces/isaac_ros-dev/install/isaac_ros_nitros_image_type:/workspaces/isaac_ros-dev/install/isaac_ros_nitros:/workspaces/isaac_ros-dev/install/gxf_isaac_gxf_helpers:/workspaces/isaac_ros-dev/install/gxf_isaac_atlas:/workspaces/isaac_ros-dev/install/gxf_isaac_sight:/workspaces/isaac_ros-dev/install/gxf_isaac_optimizer:/workspaces/isaac_ros-dev/install/gxf_isaac_message_compositor:/workspaces/isaac_ros-dev/install/gxf_isaac_gems:/workspaces/isaac_ros-dev/install/isaac_ros_test:/workspaces/isaac_ros-dev/install/isaac_ros_tensor_list_interfaces:/workspaces/isaac_ros-dev/install/isaac_ros_gxf:/workspaces/isaac_ros-dev/install/isaac_ros_launch_utils:/workspaces/isaac_ros-dev/install/isaac_ros_common:/workspaces/isaac_ros-dev/install/isaac_common_py:/opt/ros/humble CMAKE_PREFIX_PATH=/workspaces/isaac_ros-dev/install/isaac_ros_tensor_proc:/workspaces/isaac_ros-dev/install/isaac_ros_managed_nitros:/workspaces/isaac_ros-dev/install/isaac_ros_nitros_tensor_list_type:/workspaces/isaac_ros-dev/install/isaac_ros_nitros_image_type:/workspaces/isaac_ros-dev/install/isaac_ros_nitros:/workspaces/isaac_ros-dev/install/gxf_isaac_gxf_helpers:/workspaces/isaac_ros-dev/install/gxf_isaac_atlas:/workspaces/isaac_ros-dev/install/gxf_isaac_sight:/workspaces/isaac_ros-dev/install/gxf_isaac_optimizer:/workspaces/isaac_ros-dev/install/gxf_isaac_message_compositor:/workspaces/isaac_ros-dev/install/gxf_isaac_gems:/workspaces/isaac_ros-dev/install/isaac_ros_tensor_list_interfaces:/workspaces/isaac_ros-dev/install/isaac_ros_gxf:/workspaces/isaac_ros-dev/install/isaac_ros_common:/usr/local/libcudss-linux-0.3.0.9_cuda12-archive:/workspaces/isaac_ros-dev/install/isaac_ros_test:/workspaces/isaac_ros-dev/install/isaac_ros_launch_utils:/workspaces/isaac_ros-dev/install/isaac_common_py:/opt/ros/humble LD_LIBRARY_PATH=/workspaces/isaac_ros-dev/install/isaac_ros_tensor_proc/lib:/workspaces/isaac_ros-dev/install/isaac_ros_managed_nitros/lib:/workspaces/isaac_ros-dev/install/isaac_ros_nitros_tensor_list_type/lib:/workspaces/isaac_ros-dev/install/isaac_ros_nitros_image_type/lib:/workspaces/isaac_ros-dev/install/isaac_ros_nitros/lib:/workspaces/isaac_ros-dev/install/gxf_isaac_gxf_helpers/lib:/workspaces/isaac_ros-dev/install/gxf_isaac_atlas/lib:/workspaces/isaac_ros-dev/install/gxf_isaac_sight/lib:/workspaces/isaac_ros-dev/install/gxf_isaac_optimizer/lib:/workspaces/isaac_ros-dev/install/gxf_isaac_message_compositor/lib:/workspaces/isaac_ros-dev/install/gxf_isaac_gems/lib:/workspaces/isaac_ros-dev/install/isaac_ros_tensor_list_interfaces/lib:/workspaces/isaac_ros-dev/install/isaac_ros_gxf/lib:/workspaces/isaac_ros-dev/install/isaac_ros_common/lib:/opt/ros/humble/opt/openvdb_vendor/lib:/opt/ros/humble/opt/rviz_ogre_vendor/lib:/opt/ros/humble/lib/x86_64-linux-gnu:/opt/ros/humble/lib:/usr/local/libcudss-linux-0.3.0.9_cuda12-archive/lib:/opt/hpcx/ucc/lib/:/opt/hpcx/ucx/lib/:/usr/local/cuda/compat/lib:/usr/local/nvidia/lib:/usr/local/nvidia/lib64:/opt/tritonserver/lib PYTHONPATH=/workspaces/isaac_ros-dev/build/isaac_ros_test:/workspaces/isaac_ros-dev/install/isaac_ros_test/lib/python3.10/site-packages:/workspaces/isaac_ros-dev/install/isaac_ros_tensor_list_interfaces/local/lib/python3.10/dist-packages:/workspaces/isaac_ros-dev/build/isaac_ros_launch_utils:/workspaces/isaac_ros-dev/install/isaac_ros_launch_utils/lib/python3.10/site-packages:/workspaces/isaac_ros-dev/install/isaac_ros_common/local/lib/python3.10/dist-packages:/workspaces/isaac_ros-dev/build/isaac_common_py:/workspaces/isaac_ros-dev/install/isaac_common_py/lib/python3.10/site-packages:/opt/ros/humble/lib/python3.10/site-packages:/opt/ros/humble/local/lib/python3.10/dist-packages:/opt/ros/humble/vcstool:/opt/tritonserver/backends/dali/wheel/dali /usr/bin/cmake --build /workspaces/isaac_ros-dev/build/isaac_ros_dnn_image_encoder -- -j16 -l16
[149.029s] DEBUG:colcon.colcon_core.event_handler.log_command:Invoked command in '/workspaces/isaac_ros-dev/build/isaac_ros_dnn_image_encoder' returned '0': AMENT_PREFIX_PATH=/workspaces/isaac_ros-dev/install/isaac_ros_tensor_proc:/workspaces/isaac_ros-dev/install/isaac_ros_managed_nitros:/workspaces/isaac_ros-dev/install/isaac_ros_nitros_tensor_list_type:/workspaces/isaac_ros-dev/install/isaac_ros_nitros_image_type:/workspaces/isaac_ros-dev/install/isaac_ros_nitros:/workspaces/isaac_ros-dev/install/gxf_isaac_gxf_helpers:/workspaces/isaac_ros-dev/install/gxf_isaac_atlas:/workspaces/isaac_ros-dev/install/gxf_isaac_sight:/workspaces/isaac_ros-dev/install/gxf_isaac_optimizer:/workspaces/isaac_ros-dev/install/gxf_isaac_message_compositor:/workspaces/isaac_ros-dev/install/gxf_isaac_gems:/workspaces/isaac_ros-dev/install/isaac_ros_test:/workspaces/isaac_ros-dev/install/isaac_ros_tensor_list_interfaces:/workspaces/isaac_ros-dev/install/isaac_ros_gxf:/workspaces/isaac_ros-dev/install/isaac_ros_launch_utils:/workspaces/isaac_ros-dev/install/isaac_ros_common:/workspaces/isaac_ros-dev/install/isaac_common_py:/opt/ros/humble CMAKE_PREFIX_PATH=/workspaces/isaac_ros-dev/install/isaac_ros_tensor_proc:/workspaces/isaac_ros-dev/install/isaac_ros_managed_nitros:/workspaces/isaac_ros-dev/install/isaac_ros_nitros_tensor_list_type:/workspaces/isaac_ros-dev/install/isaac_ros_nitros_image_type:/workspaces/isaac_ros-dev/install/isaac_ros_nitros:/workspaces/isaac_ros-dev/install/gxf_isaac_gxf_helpers:/workspaces/isaac_ros-dev/install/gxf_isaac_atlas:/workspaces/isaac_ros-dev/install/gxf_isaac_sight:/workspaces/isaac_ros-dev/install/gxf_isaac_optimizer:/workspaces/isaac_ros-dev/install/gxf_isaac_message_compositor:/workspaces/isaac_ros-dev/install/gxf_isaac_gems:/workspaces/isaac_ros-dev/install/isaac_ros_tensor_list_interfaces:/workspaces/isaac_ros-dev/install/isaac_ros_gxf:/workspaces/isaac_ros-dev/install/isaac_ros_common:/usr/local/libcudss-linux-0.3.0.9_cuda12-archive:/workspaces/isaac_ros-dev/install/isaac_ros_test:/workspaces/isaac_ros-dev/install/isaac_ros_launch_utils:/workspaces/isaac_ros-dev/install/isaac_common_py:/opt/ros/humble LD_LIBRARY_PATH=/workspaces/isaac_ros-dev/install/isaac_ros_tensor_proc/lib:/workspaces/isaac_ros-dev/install/isaac_ros_managed_nitros/lib:/workspaces/isaac_ros-dev/install/isaac_ros_nitros_tensor_list_type/lib:/workspaces/isaac_ros-dev/install/isaac_ros_nitros_image_type/lib:/workspaces/isaac_ros-dev/install/isaac_ros_nitros/lib:/workspaces/isaac_ros-dev/install/gxf_isaac_gxf_helpers/lib:/workspaces/isaac_ros-dev/install/gxf_isaac_atlas/lib:/workspaces/isaac_ros-dev/install/gxf_isaac_sight/lib:/workspaces/isaac_ros-dev/install/gxf_isaac_optimizer/lib:/workspaces/isaac_ros-dev/install/gxf_isaac_message_compositor/lib:/workspaces/isaac_ros-dev/install/gxf_isaac_gems/lib:/workspaces/isaac_ros-dev/install/isaac_ros_tensor_list_interfaces/lib:/workspaces/isaac_ros-dev/install/isaac_ros_gxf/lib:/workspaces/isaac_ros-dev/install/isaac_ros_common/lib:/opt/ros/humble/opt/openvdb_vendor/lib:/opt/ros/humble/opt/rviz_ogre_vendor/lib:/opt/ros/humble/lib/x86_64-linux-gnu:/opt/ros/humble/lib:/usr/local/libcudss-linux-0.3.0.9_cuda12-archive/lib:/opt/hpcx/ucc/lib/:/opt/hpcx/ucx/lib/:/usr/local/cuda/compat/lib:/usr/local/nvidia/lib:/usr/local/nvidia/lib64:/opt/tritonserver/lib PYTHONPATH=/workspaces/isaac_ros-dev/build/isaac_ros_test:/workspaces/isaac_ros-dev/install/isaac_ros_test/lib/python3.10/site-packages:/workspaces/isaac_ros-dev/install/isaac_ros_tensor_list_interfaces/local/lib/python3.10/dist-packages:/workspaces/isaac_ros-dev/build/isaac_ros_launch_utils:/workspaces/isaac_ros-dev/install/isaac_ros_launch_utils/lib/python3.10/site-packages:/workspaces/isaac_ros-dev/install/isaac_ros_common/local/lib/python3.10/dist-packages:/workspaces/isaac_ros-dev/build/isaac_common_py:/workspaces/isaac_ros-dev/install/isaac_common_py/lib/python3.10/site-packages:/opt/ros/humble/lib/python3.10/site-packages:/opt/ros/humble/local/lib/python3.10/dist-packages:/opt/ros/humble/vcstool:/opt/tritonserver/backends/dali/wheel/dali /usr/bin/cmake --build /workspaces/isaac_ros-dev/build/isaac_ros_dnn_image_encoder -- -j16 -l16
[149.031s] DEBUG:colcon.colcon_core.event_handler.log_command:Invoking command in '/workspaces/isaac_ros-dev/build/isaac_ros_dnn_image_encoder': AMENT_PREFIX_PATH=/workspaces/isaac_ros-dev/install/isaac_ros_tensor_proc:/workspaces/isaac_ros-dev/install/isaac_ros_managed_nitros:/workspaces/isaac_ros-dev/install/isaac_ros_nitros_tensor_list_type:/workspaces/isaac_ros-dev/install/isaac_ros_nitros_image_type:/workspaces/isaac_ros-dev/install/isaac_ros_nitros:/workspaces/isaac_ros-dev/install/gxf_isaac_gxf_helpers:/workspaces/isaac_ros-dev/install/gxf_isaac_atlas:/workspaces/isaac_ros-dev/install/gxf_isaac_sight:/workspaces/isaac_ros-dev/install/gxf_isaac_optimizer:/workspaces/isaac_ros-dev/install/gxf_isaac_message_compositor:/workspaces/isaac_ros-dev/install/gxf_isaac_gems:/workspaces/isaac_ros-dev/install/isaac_ros_test:/workspaces/isaac_ros-dev/install/isaac_ros_tensor_list_interfaces:/workspaces/isaac_ros-dev/install/isaac_ros_gxf:/workspaces/isaac_ros-dev/install/isaac_ros_launch_utils:/workspaces/isaac_ros-dev/install/isaac_ros_common:/workspaces/isaac_ros-dev/install/isaac_common_py:/opt/ros/humble CMAKE_PREFIX_PATH=/workspaces/isaac_ros-dev/install/isaac_ros_tensor_proc:/workspaces/isaac_ros-dev/install/isaac_ros_managed_nitros:/workspaces/isaac_ros-dev/install/isaac_ros_nitros_tensor_list_type:/workspaces/isaac_ros-dev/install/isaac_ros_nitros_image_type:/workspaces/isaac_ros-dev/install/isaac_ros_nitros:/workspaces/isaac_ros-dev/install/gxf_isaac_gxf_helpers:/workspaces/isaac_ros-dev/install/gxf_isaac_atlas:/workspaces/isaac_ros-dev/install/gxf_isaac_sight:/workspaces/isaac_ros-dev/install/gxf_isaac_optimizer:/workspaces/isaac_ros-dev/install/gxf_isaac_message_compositor:/workspaces/isaac_ros-dev/install/gxf_isaac_gems:/workspaces/isaac_ros-dev/install/isaac_ros_tensor_list_interfaces:/workspaces/isaac_ros-dev/install/isaac_ros_gxf:/workspaces/isaac_ros-dev/install/isaac_ros_common:/usr/local/libcudss-linux-0.3.0.9_cuda12-archive:/workspaces/isaac_ros-dev/install/isaac_ros_test:/workspaces/isaac_ros-dev/install/isaac_ros_launch_utils:/workspaces/isaac_ros-dev/install/isaac_common_py:/opt/ros/humble LD_LIBRARY_PATH=/workspaces/isaac_ros-dev/install/isaac_ros_tensor_proc/lib:/workspaces/isaac_ros-dev/install/isaac_ros_managed_nitros/lib:/workspaces/isaac_ros-dev/install/isaac_ros_nitros_tensor_list_type/lib:/workspaces/isaac_ros-dev/install/isaac_ros_nitros_image_type/lib:/workspaces/isaac_ros-dev/install/isaac_ros_nitros/lib:/workspaces/isaac_ros-dev/install/gxf_isaac_gxf_helpers/lib:/workspaces/isaac_ros-dev/install/gxf_isaac_atlas/lib:/workspaces/isaac_ros-dev/install/gxf_isaac_sight/lib:/workspaces/isaac_ros-dev/install/gxf_isaac_optimizer/lib:/workspaces/isaac_ros-dev/install/gxf_isaac_message_compositor/lib:/workspaces/isaac_ros-dev/install/gxf_isaac_gems/lib:/workspaces/isaac_ros-dev/install/isaac_ros_tensor_list_interfaces/lib:/workspaces/isaac_ros-dev/install/isaac_ros_gxf/lib:/workspaces/isaac_ros-dev/install/isaac_ros_common/lib:/opt/ros/humble/opt/openvdb_vendor/lib:/opt/ros/humble/opt/rviz_ogre_vendor/lib:/opt/ros/humble/lib/x86_64-linux-gnu:/opt/ros/humble/lib:/usr/local/libcudss-linux-0.3.0.9_cuda12-archive/lib:/opt/hpcx/ucc/lib/:/opt/hpcx/ucx/lib/:/usr/local/cuda/compat/lib:/usr/local/nvidia/lib:/usr/local/nvidia/lib64:/opt/tritonserver/lib PYTHONPATH=/workspaces/isaac_ros-dev/build/isaac_ros_test:/workspaces/isaac_ros-dev/install/isaac_ros_test/lib/python3.10/site-packages:/workspaces/isaac_ros-dev/install/isaac_ros_tensor_list_interfaces/local/lib/python3.10/dist-packages:/workspaces/isaac_ros-dev/build/isaac_ros_launch_utils:/workspaces/isaac_ros-dev/install/isaac_ros_launch_utils/lib/python3.10/site-packages:/workspaces/isaac_ros-dev/install/isaac_ros_common/local/lib/python3.10/dist-packages:/workspaces/isaac_ros-dev/build/isaac_common_py:/workspaces/isaac_ros-dev/install/isaac_common_py/lib/python3.10/site-packages:/opt/ros/humble/lib/python3.10/site-packages:/opt/ros/humble/local/lib/python3.10/dist-packages:/opt/ros/humble/vcstool:/opt/tritonserver/backends/dali/wheel/dali /usr/bin/cmake --install /workspaces/isaac_ros-dev/build/isaac_ros_dnn_image_encoder
[149.343s] Level 1:colcon.colcon_core.environment:create_environment_scripts_only(isaac_ros_dnn_image_encoder)
[149.344s] Level 1:colcon.colcon_core.environment:checking '/workspaces/isaac_ros-dev/install/isaac_ros_dnn_image_encoder' for CMake module files
[149.344s] DEBUG:colcon.colcon_core.event_handler.log_command:Invoked command in '/workspaces/isaac_ros-dev/build/isaac_ros_dnn_image_encoder' returned '0': AMENT_PREFIX_PATH=/workspaces/isaac_ros-dev/install/isaac_ros_tensor_proc:/workspaces/isaac_ros-dev/install/isaac_ros_managed_nitros:/workspaces/isaac_ros-dev/install/isaac_ros_nitros_tensor_list_type:/workspaces/isaac_ros-dev/install/isaac_ros_nitros_image_type:/workspaces/isaac_ros-dev/install/isaac_ros_nitros:/workspaces/isaac_ros-dev/install/gxf_isaac_gxf_helpers:/workspaces/isaac_ros-dev/install/gxf_isaac_atlas:/workspaces/isaac_ros-dev/install/gxf_isaac_sight:/workspaces/isaac_ros-dev/install/gxf_isaac_optimizer:/workspaces/isaac_ros-dev/install/gxf_isaac_message_compositor:/workspaces/isaac_ros-dev/install/gxf_isaac_gems:/workspaces/isaac_ros-dev/install/isaac_ros_test:/workspaces/isaac_ros-dev/install/isaac_ros_tensor_list_interfaces:/workspaces/isaac_ros-dev/install/isaac_ros_gxf:/workspaces/isaac_ros-dev/install/isaac_ros_launch_utils:/workspaces/isaac_ros-dev/install/isaac_ros_common:/workspaces/isaac_ros-dev/install/isaac_common_py:/opt/ros/humble CMAKE_PREFIX_PATH=/workspaces/isaac_ros-dev/install/isaac_ros_tensor_proc:/workspaces/isaac_ros-dev/install/isaac_ros_managed_nitros:/workspaces/isaac_ros-dev/install/isaac_ros_nitros_tensor_list_type:/workspaces/isaac_ros-dev/install/isaac_ros_nitros_image_type:/workspaces/isaac_ros-dev/install/isaac_ros_nitros:/workspaces/isaac_ros-dev/install/gxf_isaac_gxf_helpers:/workspaces/isaac_ros-dev/install/gxf_isaac_atlas:/workspaces/isaac_ros-dev/install/gxf_isaac_sight:/workspaces/isaac_ros-dev/install/gxf_isaac_optimizer:/workspaces/isaac_ros-dev/install/gxf_isaac_message_compositor:/workspaces/isaac_ros-dev/install/gxf_isaac_gems:/workspaces/isaac_ros-dev/install/isaac_ros_tensor_list_interfaces:/workspaces/isaac_ros-dev/install/isaac_ros_gxf:/workspaces/isaac_ros-dev/install/isaac_ros_common:/usr/local/libcudss-linux-0.3.0.9_cuda12-archive:/workspaces/isaac_ros-dev/install/isaac_ros_test:/workspaces/isaac_ros-dev/install/isaac_ros_launch_utils:/workspaces/isaac_ros-dev/install/isaac_common_py:/opt/ros/humble LD_LIBRARY_PATH=/workspaces/isaac_ros-dev/install/isaac_ros_tensor_proc/lib:/workspaces/isaac_ros-dev/install/isaac_ros_managed_nitros/lib:/workspaces/isaac_ros-dev/install/isaac_ros_nitros_tensor_list_type/lib:/workspaces/isaac_ros-dev/install/isaac_ros_nitros_image_type/lib:/workspaces/isaac_ros-dev/install/isaac_ros_nitros/lib:/workspaces/isaac_ros-dev/install/gxf_isaac_gxf_helpers/lib:/workspaces/isaac_ros-dev/install/gxf_isaac_atlas/lib:/workspaces/isaac_ros-dev/install/gxf_isaac_sight/lib:/workspaces/isaac_ros-dev/install/gxf_isaac_optimizer/lib:/workspaces/isaac_ros-dev/install/gxf_isaac_message_compositor/lib:/workspaces/isaac_ros-dev/install/gxf_isaac_gems/lib:/workspaces/isaac_ros-dev/install/isaac_ros_tensor_list_interfaces/lib:/workspaces/isaac_ros-dev/install/isaac_ros_gxf/lib:/workspaces/isaac_ros-dev/install/isaac_ros_common/lib:/opt/ros/humble/opt/openvdb_vendor/lib:/opt/ros/humble/opt/rviz_ogre_vendor/lib:/opt/ros/humble/lib/x86_64-linux-gnu:/opt/ros/humble/lib:/usr/local/libcudss-linux-0.3.0.9_cuda12-archive/lib:/opt/hpcx/ucc/lib/:/opt/hpcx/ucx/lib/:/usr/local/cuda/compat/lib:/usr/local/nvidia/lib:/usr/local/nvidia/lib64:/opt/tritonserver/lib PYTHONPATH=/workspaces/isaac_ros-dev/build/isaac_ros_test:/workspaces/isaac_ros-dev/install/isaac_ros_test/lib/python3.10/site-packages:/workspaces/isaac_ros-dev/install/isaac_ros_tensor_list_interfaces/local/lib/python3.10/dist-packages:/workspaces/isaac_ros-dev/build/isaac_ros_launch_utils:/workspaces/isaac_ros-dev/install/isaac_ros_launch_utils/lib/python3.10/site-packages:/workspaces/isaac_ros-dev/install/isaac_ros_common/local/lib/python3.10/dist-packages:/workspaces/isaac_ros-dev/build/isaac_common_py:/workspaces/isaac_ros-dev/install/isaac_common_py/lib/python3.10/site-packages:/opt/ros/humble/lib/python3.10/site-packages:/opt/ros/humble/local/lib/python3.10/dist-packages:/opt/ros/humble/vcstool:/opt/tritonserver/backends/dali/wheel/dali /usr/bin/cmake --install /workspaces/isaac_ros-dev/build/isaac_ros_dnn_image_encoder
[149.344s] Level 1:colcon.colcon_core.environment:checking '/workspaces/isaac_ros-dev/install/isaac_ros_dnn_image_encoder' for CMake config files
[149.344s] Level 1:colcon.colcon_core.shell:create_environment_hook('isaac_ros_dnn_image_encoder', 'cmake_prefix_path')
[149.345s] INFO:colcon.colcon_core.shell:Creating environment hook '/workspaces/isaac_ros-dev/install/isaac_ros_dnn_image_encoder/share/isaac_ros_dnn_image_encoder/hook/cmake_prefix_path.ps1'
[149.345s] INFO:colcon.colcon_core.shell:Creating environment descriptor '/workspaces/isaac_ros-dev/install/isaac_ros_dnn_image_encoder/share/isaac_ros_dnn_image_encoder/hook/cmake_prefix_path.dsv'
[149.345s] INFO:colcon.colcon_core.shell:Creating environment hook '/workspaces/isaac_ros-dev/install/isaac_ros_dnn_image_encoder/share/isaac_ros_dnn_image_encoder/hook/cmake_prefix_path.sh'
[149.345s] Level 1:colcon.colcon_core.environment:checking '/workspaces/isaac_ros-dev/install/isaac_ros_dnn_image_encoder/lib'
[149.346s] Level 1:colcon.colcon_core.shell:create_environment_hook('isaac_ros_dnn_image_encoder', 'ld_library_path_lib')
[149.346s] INFO:colcon.colcon_core.shell:Creating environment hook '/workspaces/isaac_ros-dev/install/isaac_ros_dnn_image_encoder/share/isaac_ros_dnn_image_encoder/hook/ld_library_path_lib.ps1'
[149.346s] INFO:colcon.colcon_core.shell:Creating environment descriptor '/workspaces/isaac_ros-dev/install/isaac_ros_dnn_image_encoder/share/isaac_ros_dnn_image_encoder/hook/ld_library_path_lib.dsv'
[149.346s] INFO:colcon.colcon_core.shell:Creating environment hook '/workspaces/isaac_ros-dev/install/isaac_ros_dnn_image_encoder/share/isaac_ros_dnn_image_encoder/hook/ld_library_path_lib.sh'
[149.346s] Level 1:colcon.colcon_core.environment:checking '/workspaces/isaac_ros-dev/install/isaac_ros_dnn_image_encoder/bin'
[149.346s] Level 1:colcon.colcon_core.environment:checking '/workspaces/isaac_ros-dev/install/isaac_ros_dnn_image_encoder/lib/pkgconfig/isaac_ros_dnn_image_encoder.pc'
[149.346s] Level 1:colcon.colcon_core.environment:checking '/workspaces/isaac_ros-dev/install/isaac_ros_dnn_image_encoder/lib/python3.10/site-packages'
[149.347s] Level 1:colcon.colcon_core.environment:checking '/workspaces/isaac_ros-dev/install/isaac_ros_dnn_image_encoder/bin'
[149.347s] INFO:colcon.colcon_core.shell:Creating package script '/workspaces/isaac_ros-dev/install/isaac_ros_dnn_image_encoder/share/isaac_ros_dnn_image_encoder/package.ps1'
[149.347s] INFO:colcon.colcon_core.shell:Creating package descriptor '/workspaces/isaac_ros-dev/install/isaac_ros_dnn_image_encoder/share/isaac_ros_dnn_image_encoder/package.dsv'
[149.347s] INFO:colcon.colcon_core.shell:Creating package script '/workspaces/isaac_ros-dev/install/isaac_ros_dnn_image_encoder/share/isaac_ros_dnn_image_encoder/package.sh'
[149.348s] INFO:colcon.colcon_core.shell:Creating package script '/workspaces/isaac_ros-dev/install/isaac_ros_dnn_image_encoder/share/isaac_ros_dnn_image_encoder/package.bash'
[149.348s] INFO:colcon.colcon_core.shell:Creating package script '/workspaces/isaac_ros-dev/install/isaac_ros_dnn_image_encoder/share/isaac_ros_dnn_image_encoder/package.zsh'
[149.348s] Level 1:colcon.colcon_core.environment:create_file_with_runtime_dependencies(/workspaces/isaac_ros-dev/install/isaac_ros_dnn_image_encoder/share/colcon-core/packages/isaac_ros_dnn_image_encoder)
[149.349s] Level 1:colcon.colcon_core.environment:create_environment_scripts_only(isaac_ros_dnn_image_encoder)
[149.349s] Level 1:colcon.colcon_core.environment:checking '/workspaces/isaac_ros-dev/install/isaac_ros_dnn_image_encoder' for CMake module files
[149.349s] Level 1:colcon.colcon_core.environment:checking '/workspaces/isaac_ros-dev/install/isaac_ros_dnn_image_encoder' for CMake config files
[149.349s] Level 1:colcon.colcon_core.shell:create_environment_hook('isaac_ros_dnn_image_encoder', 'cmake_prefix_path')
[149.349s] INFO:colcon.colcon_core.shell:Creating environment hook '/workspaces/isaac_ros-dev/install/isaac_ros_dnn_image_encoder/share/isaac_ros_dnn_image_encoder/hook/cmake_prefix_path.ps1'
[149.350s] INFO:colcon.colcon_core.shell:Creating environment descriptor '/workspaces/isaac_ros-dev/install/isaac_ros_dnn_image_encoder/share/isaac_ros_dnn_image_encoder/hook/cmake_prefix_path.dsv'
[149.350s] INFO:colcon.colcon_core.shell:Creating environment hook '/workspaces/isaac_ros-dev/install/isaac_ros_dnn_image_encoder/share/isaac_ros_dnn_image_encoder/hook/cmake_prefix_path.sh'
[149.350s] Level 1:colcon.colcon_core.environment:checking '/workspaces/isaac_ros-dev/install/isaac_ros_dnn_image_encoder/lib'
[149.350s] Level 1:colcon.colcon_core.shell:create_environment_hook('isaac_ros_dnn_image_encoder', 'ld_library_path_lib')
[149.350s] INFO:colcon.colcon_core.shell:Creating environment hook '/workspaces/isaac_ros-dev/install/isaac_ros_dnn_image_encoder/share/isaac_ros_dnn_image_encoder/hook/ld_library_path_lib.ps1'
[149.351s] INFO:colcon.colcon_core.shell:Creating environment descriptor '/workspaces/isaac_ros-dev/install/isaac_ros_dnn_image_encoder/share/isaac_ros_dnn_image_encoder/hook/ld_library_path_lib.dsv'
[149.351s] INFO:colcon.colcon_core.shell:Creating environment hook '/workspaces/isaac_ros-dev/install/isaac_ros_dnn_image_encoder/share/isaac_ros_dnn_image_encoder/hook/ld_library_path_lib.sh'
[149.351s] Level 1:colcon.colcon_core.environment:checking '/workspaces/isaac_ros-dev/install/isaac_ros_dnn_image_encoder/bin'
[149.351s] Level 1:colcon.colcon_core.environment:checking '/workspaces/isaac_ros-dev/install/isaac_ros_dnn_image_encoder/lib/pkgconfig/isaac_ros_dnn_image_encoder.pc'
[149.351s] Level 1:colcon.colcon_core.environment:checking '/workspaces/isaac_ros-dev/install/isaac_ros_dnn_image_encoder/lib/python3.10/site-packages'
[149.351s] Level 1:colcon.colcon_core.environment:checking '/workspaces/isaac_ros-dev/install/isaac_ros_dnn_image_encoder/bin'
[149.352s] INFO:colcon.colcon_core.shell:Creating package script '/workspaces/isaac_ros-dev/install/isaac_ros_dnn_image_encoder/share/isaac_ros_dnn_image_encoder/package.ps1'
[149.352s] INFO:colcon.colcon_core.shell:Creating package descriptor '/workspaces/isaac_ros-dev/install/isaac_ros_dnn_image_encoder/share/isaac_ros_dnn_image_encoder/package.dsv'
[149.352s] INFO:colcon.colcon_core.shell:Creating package script '/workspaces/isaac_ros-dev/install/isaac_ros_dnn_image_encoder/share/isaac_ros_dnn_image_encoder/package.sh'
[149.352s] INFO:colcon.colcon_core.shell:Creating package script '/workspaces/isaac_ros-dev/install/isaac_ros_dnn_image_encoder/share/isaac_ros_dnn_image_encoder/package.bash'
[149.353s] INFO:colcon.colcon_core.shell:Creating package script '/workspaces/isaac_ros-dev/install/isaac_ros_dnn_image_encoder/share/isaac_ros_dnn_image_encoder/package.zsh'
[149.353s] Level 1:colcon.colcon_core.environment:create_file_with_runtime_dependencies(/workspaces/isaac_ros-dev/install/isaac_ros_dnn_image_encoder/share/colcon-core/packages/isaac_ros_dnn_image_encoder)
[149.353s] INFO:colcon.colcon_ros.task.ament_cmake.build:Building ROS package in '/workspaces/isaac_ros-dev/src/isaac_ros_pose_estimation/isaac_ros_centerpose' with build type 'ament_cmake'
[149.353s] INFO:colcon.colcon_cmake.task.cmake.build:Building CMake package in '/workspaces/isaac_ros-dev/src/isaac_ros_pose_estimation/isaac_ros_centerpose'
[149.353s] INFO:colcon.colcon_core.shell:Skip shell extension 'powershell' for command environment: Not usable outside of PowerShell
[149.353s] DEBUG:colcon.colcon_core.shell:Skip shell extension 'dsv' for command environment
[149.356s] WARNING:colcon.colcon_core.shell:The following packages are in the workspace but haven't been built:
- gxf_isaac_triton
- isaac_ros_triton
They are being used from the following locations instead:
- /opt/ros/humble
- /opt/ros/humble
To suppress this warning ignore these packages in the workspace:
--packages-ignore gxf_isaac_triton isaac_ros_triton
[149.454s] DEBUG:colcon.colcon_core.event_handler.log_command:Invoking command in '/workspaces/isaac_ros-dev/build/isaac_ros_centerpose': AMENT_PREFIX_PATH=/workspaces/isaac_ros-dev/install/isaac_ros_dnn_image_encoder:/workspaces/isaac_ros-dev/install/isaac_ros_tensor_proc:/workspaces/isaac_ros-dev/install/isaac_ros_tensor_rt:/workspaces/isaac_ros-dev/install/isaac_ros_managed_nitros:/workspaces/isaac_ros-dev/install/gxf_isaac_centerpose:/workspaces/isaac_ros-dev/install/isaac_ros_nitros_tensor_list_type:/workspaces/isaac_ros-dev/install/isaac_ros_nitros_image_type:/workspaces/isaac_ros-dev/install/isaac_ros_nitros_detection3_d_array_type:/workspaces/isaac_ros-dev/install/isaac_ros_nitros_camera_info_type:/workspaces/isaac_ros-dev/install/isaac_ros_nitros:/workspaces/isaac_ros-dev/install/gxf_isaac_tensor_rt:/workspaces/isaac_ros-dev/install/gxf_isaac_messages:/workspaces/isaac_ros-dev/install/gxf_isaac_gxf_helpers:/workspaces/isaac_ros-dev/install/gxf_isaac_atlas:/workspaces/isaac_ros-dev/install/gxf_isaac_sight:/workspaces/isaac_ros-dev/install/gxf_isaac_optimizer:/workspaces/isaac_ros-dev/install/gxf_isaac_message_compositor:/workspaces/isaac_ros-dev/install/gxf_isaac_gems:/workspaces/isaac_ros-dev/install/isaac_ros_test:/workspaces/isaac_ros-dev/install/isaac_ros_tensor_list_interfaces:/workspaces/isaac_ros-dev/install/isaac_ros_gxf:/workspaces/isaac_ros-dev/install/isaac_ros_launch_utils:/workspaces/isaac_ros-dev/install/isaac_ros_common:/workspaces/isaac_ros-dev/install/isaac_common_py:/opt/ros/humble CMAKE_PREFIX_PATH=/workspaces/isaac_ros-dev/install/isaac_ros_dnn_image_encoder:/workspaces/isaac_ros-dev/install/isaac_ros_tensor_proc:/workspaces/isaac_ros-dev/install/isaac_ros_tensor_rt:/workspaces/isaac_ros-dev/install/isaac_ros_managed_nitros:/workspaces/isaac_ros-dev/install/gxf_isaac_centerpose:/workspaces/isaac_ros-dev/install/isaac_ros_nitros_tensor_list_type:/workspaces/isaac_ros-dev/install/isaac_ros_nitros_image_type:/workspaces/isaac_ros-dev/install/isaac_ros_nitros_detection3_d_array_type:/workspaces/isaac_ros-dev/install/isaac_ros_nitros_camera_info_type:/workspaces/isaac_ros-dev/install/isaac_ros_nitros:/workspaces/isaac_ros-dev/install/gxf_isaac_tensor_rt:/workspaces/isaac_ros-dev/install/gxf_isaac_messages:/workspaces/isaac_ros-dev/install/gxf_isaac_gxf_helpers:/workspaces/isaac_ros-dev/install/gxf_isaac_atlas:/workspaces/isaac_ros-dev/install/gxf_isaac_sight:/workspaces/isaac_ros-dev/install/gxf_isaac_optimizer:/workspaces/isaac_ros-dev/install/gxf_isaac_message_compositor:/workspaces/isaac_ros-dev/install/gxf_isaac_gems:/workspaces/isaac_ros-dev/install/isaac_ros_tensor_list_interfaces:/workspaces/isaac_ros-dev/install/isaac_ros_gxf:/workspaces/isaac_ros-dev/install/isaac_ros_common:/usr/local/libcudss-linux-0.3.0.9_cuda12-archive:/workspaces/isaac_ros-dev/install/isaac_ros_test:/workspaces/isaac_ros-dev/install/isaac_ros_launch_utils:/workspaces/isaac_ros-dev/install/isaac_common_py:/opt/ros/humble LD_LIBRARY_PATH=/workspaces/isaac_ros-dev/install/isaac_ros_dnn_image_encoder/lib:/workspaces/isaac_ros-dev/install/isaac_ros_tensor_proc/lib:/workspaces/isaac_ros-dev/install/isaac_ros_tensor_rt/lib:/workspaces/isaac_ros-dev/install/isaac_ros_managed_nitros/lib:/workspaces/isaac_ros-dev/install/gxf_isaac_centerpose/lib:/workspaces/isaac_ros-dev/install/isaac_ros_nitros_tensor_list_type/lib:/workspaces/isaac_ros-dev/install/isaac_ros_nitros_image_type/lib:/workspaces/isaac_ros-dev/install/isaac_ros_nitros_detection3_d_array_type/lib:/workspaces/isaac_ros-dev/install/isaac_ros_nitros_camera_info_type/lib:/workspaces/isaac_ros-dev/install/isaac_ros_nitros/lib:/workspaces/isaac_ros-dev/install/gxf_isaac_tensor_rt/lib:/workspaces/isaac_ros-dev/install/gxf_isaac_messages/lib:/workspaces/isaac_ros-dev/install/gxf_isaac_gxf_helpers/lib:/workspaces/isaac_ros-dev/install/gxf_isaac_atlas/lib:/workspaces/isaac_ros-dev/install/gxf_isaac_sight/lib:/workspaces/isaac_ros-dev/install/gxf_isaac_optimizer/lib:/workspaces/isaac_ros-dev/install/gxf_isaac_message_compositor/lib:/workspaces/isaac_ros-dev/install/gxf_isaac_gems/lib:/workspaces/isaac_ros-dev/install/isaac_ros_tensor_list_interfaces/lib:/workspaces/isaac_ros-dev/install/isaac_ros_gxf/lib:/workspaces/isaac_ros-dev/install/isaac_ros_common/lib:/opt/ros/humble/opt/openvdb_vendor/lib:/opt/ros/humble/opt/rviz_ogre_vendor/lib:/opt/ros/humble/lib/x86_64-linux-gnu:/opt/ros/humble/lib:/usr/local/libcudss-linux-0.3.0.9_cuda12-archive/lib:/opt/hpcx/ucc/lib/:/opt/hpcx/ucx/lib/:/usr/local/cuda/compat/lib:/usr/local/nvidia/lib:/usr/local/nvidia/lib64:/opt/tritonserver/lib PYTHONPATH=/workspaces/isaac_ros-dev/build/isaac_ros_test:/workspaces/isaac_ros-dev/install/isaac_ros_test/lib/python3.10/site-packages:/workspaces/isaac_ros-dev/install/isaac_ros_tensor_list_interfaces/local/lib/python3.10/dist-packages:/workspaces/isaac_ros-dev/build/isaac_ros_launch_utils:/workspaces/isaac_ros-dev/install/isaac_ros_launch_utils/lib/python3.10/site-packages:/workspaces/isaac_ros-dev/install/isaac_ros_common/local/lib/python3.10/dist-packages:/workspaces/isaac_ros-dev/build/isaac_common_py:/workspaces/isaac_ros-dev/install/isaac_common_py/lib/python3.10/site-packages:/opt/ros/humble/lib/python3.10/site-packages:/opt/ros/humble/local/lib/python3.10/dist-packages:/opt/ros/humble/vcstool:/opt/tritonserver/backends/dali/wheel/dali /usr/bin/cmake /workspaces/isaac_ros-dev/src/isaac_ros_pose_estimation/isaac_ros_centerpose -DBUILD_TESTING=OFF -DAMENT_CMAKE_SYMLINK_INSTALL=1 -DCMAKE_INSTALL_PREFIX=/workspaces/isaac_ros-dev/install/isaac_ros_centerpose
[151.764s] DEBUG:colcon.colcon_core.event_handler.log_command:Invoked command in '/workspaces/isaac_ros-dev/build/isaac_ros_centerpose' returned '0': AMENT_PREFIX_PATH=/workspaces/isaac_ros-dev/install/isaac_ros_dnn_image_encoder:/workspaces/isaac_ros-dev/install/isaac_ros_tensor_proc:/workspaces/isaac_ros-dev/install/isaac_ros_tensor_rt:/workspaces/isaac_ros-dev/install/isaac_ros_managed_nitros:/workspaces/isaac_ros-dev/install/gxf_isaac_centerpose:/workspaces/isaac_ros-dev/install/isaac_ros_nitros_tensor_list_type:/workspaces/isaac_ros-dev/install/isaac_ros_nitros_image_type:/workspaces/isaac_ros-dev/install/isaac_ros_nitros_detection3_d_array_type:/workspaces/isaac_ros-dev/install/isaac_ros_nitros_camera_info_type:/workspaces/isaac_ros-dev/install/isaac_ros_nitros:/workspaces/isaac_ros-dev/install/gxf_isaac_tensor_rt:/workspaces/isaac_ros-dev/install/gxf_isaac_messages:/workspaces/isaac_ros-dev/install/gxf_isaac_gxf_helpers:/workspaces/isaac_ros-dev/install/gxf_isaac_atlas:/workspaces/isaac_ros-dev/install/gxf_isaac_sight:/workspaces/isaac_ros-dev/install/gxf_isaac_optimizer:/workspaces/isaac_ros-dev/install/gxf_isaac_message_compositor:/workspaces/isaac_ros-dev/install/gxf_isaac_gems:/workspaces/isaac_ros-dev/install/isaac_ros_test:/workspaces/isaac_ros-dev/install/isaac_ros_tensor_list_interfaces:/workspaces/isaac_ros-dev/install/isaac_ros_gxf:/workspaces/isaac_ros-dev/install/isaac_ros_launch_utils:/workspaces/isaac_ros-dev/install/isaac_ros_common:/workspaces/isaac_ros-dev/install/isaac_common_py:/opt/ros/humble CMAKE_PREFIX_PATH=/workspaces/isaac_ros-dev/install/isaac_ros_dnn_image_encoder:/workspaces/isaac_ros-dev/install/isaac_ros_tensor_proc:/workspaces/isaac_ros-dev/install/isaac_ros_tensor_rt:/workspaces/isaac_ros-dev/install/isaac_ros_managed_nitros:/workspaces/isaac_ros-dev/install/gxf_isaac_centerpose:/workspaces/isaac_ros-dev/install/isaac_ros_nitros_tensor_list_type:/workspaces/isaac_ros-dev/install/isaac_ros_nitros_image_type:/workspaces/isaac_ros-dev/install/isaac_ros_nitros_detection3_d_array_type:/workspaces/isaac_ros-dev/install/isaac_ros_nitros_camera_info_type:/workspaces/isaac_ros-dev/install/isaac_ros_nitros:/workspaces/isaac_ros-dev/install/gxf_isaac_tensor_rt:/workspaces/isaac_ros-dev/install/gxf_isaac_messages:/workspaces/isaac_ros-dev/install/gxf_isaac_gxf_helpers:/workspaces/isaac_ros-dev/install/gxf_isaac_atlas:/workspaces/isaac_ros-dev/install/gxf_isaac_sight:/workspaces/isaac_ros-dev/install/gxf_isaac_optimizer:/workspaces/isaac_ros-dev/install/gxf_isaac_message_compositor:/workspaces/isaac_ros-dev/install/gxf_isaac_gems:/workspaces/isaac_ros-dev/install/isaac_ros_tensor_list_interfaces:/workspaces/isaac_ros-dev/install/isaac_ros_gxf:/workspaces/isaac_ros-dev/install/isaac_ros_common:/usr/local/libcudss-linux-0.3.0.9_cuda12-archive:/workspaces/isaac_ros-dev/install/isaac_ros_test:/workspaces/isaac_ros-dev/install/isaac_ros_launch_utils:/workspaces/isaac_ros-dev/install/isaac_common_py:/opt/ros/humble LD_LIBRARY_PATH=/workspaces/isaac_ros-dev/install/isaac_ros_dnn_image_encoder/lib:/workspaces/isaac_ros-dev/install/isaac_ros_tensor_proc/lib:/workspaces/isaac_ros-dev/install/isaac_ros_tensor_rt/lib:/workspaces/isaac_ros-dev/install/isaac_ros_managed_nitros/lib:/workspaces/isaac_ros-dev/install/gxf_isaac_centerpose/lib:/workspaces/isaac_ros-dev/install/isaac_ros_nitros_tensor_list_type/lib:/workspaces/isaac_ros-dev/install/isaac_ros_nitros_image_type/lib:/workspaces/isaac_ros-dev/install/isaac_ros_nitros_detection3_d_array_type/lib:/workspaces/isaac_ros-dev/install/isaac_ros_nitros_camera_info_type/lib:/workspaces/isaac_ros-dev/install/isaac_ros_nitros/lib:/workspaces/isaac_ros-dev/install/gxf_isaac_tensor_rt/lib:/workspaces/isaac_ros-dev/install/gxf_isaac_messages/lib:/workspaces/isaac_ros-dev/install/gxf_isaac_gxf_helpers/lib:/workspaces/isaac_ros-dev/install/gxf_isaac_atlas/lib:/workspaces/isaac_ros-dev/install/gxf_isaac_sight/lib:/workspaces/isaac_ros-dev/install/gxf_isaac_optimizer/lib:/workspaces/isaac_ros-dev/install/gxf_isaac_message_compositor/lib:/workspaces/isaac_ros-dev/install/gxf_isaac_gems/lib:/workspaces/isaac_ros-dev/install/isaac_ros_tensor_list_interfaces/lib:/workspaces/isaac_ros-dev/install/isaac_ros_gxf/lib:/workspaces/isaac_ros-dev/install/isaac_ros_common/lib:/opt/ros/humble/opt/openvdb_vendor/lib:/opt/ros/humble/opt/rviz_ogre_vendor/lib:/opt/ros/humble/lib/x86_64-linux-gnu:/opt/ros/humble/lib:/usr/local/libcudss-linux-0.3.0.9_cuda12-archive/lib:/opt/hpcx/ucc/lib/:/opt/hpcx/ucx/lib/:/usr/local/cuda/compat/lib:/usr/local/nvidia/lib:/usr/local/nvidia/lib64:/opt/tritonserver/lib PYTHONPATH=/workspaces/isaac_ros-dev/build/isaac_ros_test:/workspaces/isaac_ros-dev/install/isaac_ros_test/lib/python3.10/site-packages:/workspaces/isaac_ros-dev/install/isaac_ros_tensor_list_interfaces/local/lib/python3.10/dist-packages:/workspaces/isaac_ros-dev/build/isaac_ros_launch_utils:/workspaces/isaac_ros-dev/install/isaac_ros_launch_utils/lib/python3.10/site-packages:/workspaces/isaac_ros-dev/install/isaac_ros_common/local/lib/python3.10/dist-packages:/workspaces/isaac_ros-dev/build/isaac_common_py:/workspaces/isaac_ros-dev/install/isaac_common_py/lib/python3.10/site-packages:/opt/ros/humble/lib/python3.10/site-packages:/opt/ros/humble/local/lib/python3.10/dist-packages:/opt/ros/humble/vcstool:/opt/tritonserver/backends/dali/wheel/dali /usr/bin/cmake /workspaces/isaac_ros-dev/src/isaac_ros_pose_estimation/isaac_ros_centerpose -DBUILD_TESTING=OFF -DAMENT_CMAKE_SYMLINK_INSTALL=1 -DCMAKE_INSTALL_PREFIX=/workspaces/isaac_ros-dev/install/isaac_ros_centerpose
[151.764s] DEBUG:colcon.colcon_core.event_handler.log_command:Invoking command in '/workspaces/isaac_ros-dev/build/isaac_ros_centerpose': AMENT_PREFIX_PATH=/workspaces/isaac_ros-dev/install/isaac_ros_dnn_image_encoder:/workspaces/isaac_ros-dev/install/isaac_ros_tensor_proc:/workspaces/isaac_ros-dev/install/isaac_ros_tensor_rt:/workspaces/isaac_ros-dev/install/isaac_ros_managed_nitros:/workspaces/isaac_ros-dev/install/gxf_isaac_centerpose:/workspaces/isaac_ros-dev/install/isaac_ros_nitros_tensor_list_type:/workspaces/isaac_ros-dev/install/isaac_ros_nitros_image_type:/workspaces/isaac_ros-dev/install/isaac_ros_nitros_detection3_d_array_type:/workspaces/isaac_ros-dev/install/isaac_ros_nitros_camera_info_type:/workspaces/isaac_ros-dev/install/isaac_ros_nitros:/workspaces/isaac_ros-dev/install/gxf_isaac_tensor_rt:/workspaces/isaac_ros-dev/install/gxf_isaac_messages:/workspaces/isaac_ros-dev/install/gxf_isaac_gxf_helpers:/workspaces/isaac_ros-dev/install/gxf_isaac_atlas:/workspaces/isaac_ros-dev/install/gxf_isaac_sight:/workspaces/isaac_ros-dev/install/gxf_isaac_optimizer:/workspaces/isaac_ros-dev/install/gxf_isaac_message_compositor:/workspaces/isaac_ros-dev/install/gxf_isaac_gems:/workspaces/isaac_ros-dev/install/isaac_ros_test:/workspaces/isaac_ros-dev/install/isaac_ros_tensor_list_interfaces:/workspaces/isaac_ros-dev/install/isaac_ros_gxf:/workspaces/isaac_ros-dev/install/isaac_ros_launch_utils:/workspaces/isaac_ros-dev/install/isaac_ros_common:/workspaces/isaac_ros-dev/install/isaac_common_py:/opt/ros/humble CMAKE_PREFIX_PATH=/workspaces/isaac_ros-dev/install/isaac_ros_dnn_image_encoder:/workspaces/isaac_ros-dev/install/isaac_ros_tensor_proc:/workspaces/isaac_ros-dev/install/isaac_ros_tensor_rt:/workspaces/isaac_ros-dev/install/isaac_ros_managed_nitros:/workspaces/isaac_ros-dev/install/gxf_isaac_centerpose:/workspaces/isaac_ros-dev/install/isaac_ros_nitros_tensor_list_type:/workspaces/isaac_ros-dev/install/isaac_ros_nitros_image_type:/workspaces/isaac_ros-dev/install/isaac_ros_nitros_detection3_d_array_type:/workspaces/isaac_ros-dev/install/isaac_ros_nitros_camera_info_type:/workspaces/isaac_ros-dev/install/isaac_ros_nitros:/workspaces/isaac_ros-dev/install/gxf_isaac_tensor_rt:/workspaces/isaac_ros-dev/install/gxf_isaac_messages:/workspaces/isaac_ros-dev/install/gxf_isaac_gxf_helpers:/workspaces/isaac_ros-dev/install/gxf_isaac_atlas:/workspaces/isaac_ros-dev/install/gxf_isaac_sight:/workspaces/isaac_ros-dev/install/gxf_isaac_optimizer:/workspaces/isaac_ros-dev/install/gxf_isaac_message_compositor:/workspaces/isaac_ros-dev/install/gxf_isaac_gems:/workspaces/isaac_ros-dev/install/isaac_ros_tensor_list_interfaces:/workspaces/isaac_ros-dev/install/isaac_ros_gxf:/workspaces/isaac_ros-dev/install/isaac_ros_common:/usr/local/libcudss-linux-0.3.0.9_cuda12-archive:/workspaces/isaac_ros-dev/install/isaac_ros_test:/workspaces/isaac_ros-dev/install/isaac_ros_launch_utils:/workspaces/isaac_ros-dev/install/isaac_common_py:/opt/ros/humble LD_LIBRARY_PATH=/workspaces/isaac_ros-dev/install/isaac_ros_dnn_image_encoder/lib:/workspaces/isaac_ros-dev/install/isaac_ros_tensor_proc/lib:/workspaces/isaac_ros-dev/install/isaac_ros_tensor_rt/lib:/workspaces/isaac_ros-dev/install/isaac_ros_managed_nitros/lib:/workspaces/isaac_ros-dev/install/gxf_isaac_centerpose/lib:/workspaces/isaac_ros-dev/install/isaac_ros_nitros_tensor_list_type/lib:/workspaces/isaac_ros-dev/install/isaac_ros_nitros_image_type/lib:/workspaces/isaac_ros-dev/install/isaac_ros_nitros_detection3_d_array_type/lib:/workspaces/isaac_ros-dev/install/isaac_ros_nitros_camera_info_type/lib:/workspaces/isaac_ros-dev/install/isaac_ros_nitros/lib:/workspaces/isaac_ros-dev/install/gxf_isaac_tensor_rt/lib:/workspaces/isaac_ros-dev/install/gxf_isaac_messages/lib:/workspaces/isaac_ros-dev/install/gxf_isaac_gxf_helpers/lib:/workspaces/isaac_ros-dev/install/gxf_isaac_atlas/lib:/workspaces/isaac_ros-dev/install/gxf_isaac_sight/lib:/workspaces/isaac_ros-dev/install/gxf_isaac_optimizer/lib:/workspaces/isaac_ros-dev/install/gxf_isaac_message_compositor/lib:/workspaces/isaac_ros-dev/install/gxf_isaac_gems/lib:/workspaces/isaac_ros-dev/install/isaac_ros_tensor_list_interfaces/lib:/workspaces/isaac_ros-dev/install/isaac_ros_gxf/lib:/workspaces/isaac_ros-dev/install/isaac_ros_common/lib:/opt/ros/humble/opt/openvdb_vendor/lib:/opt/ros/humble/opt/rviz_ogre_vendor/lib:/opt/ros/humble/lib/x86_64-linux-gnu:/opt/ros/humble/lib:/usr/local/libcudss-linux-0.3.0.9_cuda12-archive/lib:/opt/hpcx/ucc/lib/:/opt/hpcx/ucx/lib/:/usr/local/cuda/compat/lib:/usr/local/nvidia/lib:/usr/local/nvidia/lib64:/opt/tritonserver/lib PYTHONPATH=/workspaces/isaac_ros-dev/build/isaac_ros_test:/workspaces/isaac_ros-dev/install/isaac_ros_test/lib/python3.10/site-packages:/workspaces/isaac_ros-dev/install/isaac_ros_tensor_list_interfaces/local/lib/python3.10/dist-packages:/workspaces/isaac_ros-dev/build/isaac_ros_launch_utils:/workspaces/isaac_ros-dev/install/isaac_ros_launch_utils/lib/python3.10/site-packages:/workspaces/isaac_ros-dev/install/isaac_ros_common/local/lib/python3.10/dist-packages:/workspaces/isaac_ros-dev/build/isaac_common_py:/workspaces/isaac_ros-dev/install/isaac_common_py/lib/python3.10/site-packages:/opt/ros/humble/lib/python3.10/site-packages:/opt/ros/humble/local/lib/python3.10/dist-packages:/opt/ros/humble/vcstool:/opt/tritonserver/backends/dali/wheel/dali /usr/bin/cmake --build /workspaces/isaac_ros-dev/build/isaac_ros_centerpose -- -j16 -l16
[193.855s] DEBUG:colcon.colcon_core.event_handler.log_command:Invoked command in '/workspaces/isaac_ros-dev/build/isaac_ros_centerpose' returned '0': AMENT_PREFIX_PATH=/workspaces/isaac_ros-dev/install/isaac_ros_dnn_image_encoder:/workspaces/isaac_ros-dev/install/isaac_ros_tensor_proc:/workspaces/isaac_ros-dev/install/isaac_ros_tensor_rt:/workspaces/isaac_ros-dev/install/isaac_ros_managed_nitros:/workspaces/isaac_ros-dev/install/gxf_isaac_centerpose:/workspaces/isaac_ros-dev/install/isaac_ros_nitros_tensor_list_type:/workspaces/isaac_ros-dev/install/isaac_ros_nitros_image_type:/workspaces/isaac_ros-dev/install/isaac_ros_nitros_detection3_d_array_type:/workspaces/isaac_ros-dev/install/isaac_ros_nitros_camera_info_type:/workspaces/isaac_ros-dev/install/isaac_ros_nitros:/workspaces/isaac_ros-dev/install/gxf_isaac_tensor_rt:/workspaces/isaac_ros-dev/install/gxf_isaac_messages:/workspaces/isaac_ros-dev/install/gxf_isaac_gxf_helpers:/workspaces/isaac_ros-dev/install/gxf_isaac_atlas:/workspaces/isaac_ros-dev/install/gxf_isaac_sight:/workspaces/isaac_ros-dev/install/gxf_isaac_optimizer:/workspaces/isaac_ros-dev/install/gxf_isaac_message_compositor:/workspaces/isaac_ros-dev/install/gxf_isaac_gems:/workspaces/isaac_ros-dev/install/isaac_ros_test:/workspaces/isaac_ros-dev/install/isaac_ros_tensor_list_interfaces:/workspaces/isaac_ros-dev/install/isaac_ros_gxf:/workspaces/isaac_ros-dev/install/isaac_ros_launch_utils:/workspaces/isaac_ros-dev/install/isaac_ros_common:/workspaces/isaac_ros-dev/install/isaac_common_py:/opt/ros/humble CMAKE_PREFIX_PATH=/workspaces/isaac_ros-dev/install/isaac_ros_dnn_image_encoder:/workspaces/isaac_ros-dev/install/isaac_ros_tensor_proc:/workspaces/isaac_ros-dev/install/isaac_ros_tensor_rt:/workspaces/isaac_ros-dev/install/isaac_ros_managed_nitros:/workspaces/isaac_ros-dev/install/gxf_isaac_centerpose:/workspaces/isaac_ros-dev/install/isaac_ros_nitros_tensor_list_type:/workspaces/isaac_ros-dev/install/isaac_ros_nitros_image_type:/workspaces/isaac_ros-dev/install/isaac_ros_nitros_detection3_d_array_type:/workspaces/isaac_ros-dev/install/isaac_ros_nitros_camera_info_type:/workspaces/isaac_ros-dev/install/isaac_ros_nitros:/workspaces/isaac_ros-dev/install/gxf_isaac_tensor_rt:/workspaces/isaac_ros-dev/install/gxf_isaac_messages:/workspaces/isaac_ros-dev/install/gxf_isaac_gxf_helpers:/workspaces/isaac_ros-dev/install/gxf_isaac_atlas:/workspaces/isaac_ros-dev/install/gxf_isaac_sight:/workspaces/isaac_ros-dev/install/gxf_isaac_optimizer:/workspaces/isaac_ros-dev/install/gxf_isaac_message_compositor:/workspaces/isaac_ros-dev/install/gxf_isaac_gems:/workspaces/isaac_ros-dev/install/isaac_ros_tensor_list_interfaces:/workspaces/isaac_ros-dev/install/isaac_ros_gxf:/workspaces/isaac_ros-dev/install/isaac_ros_common:/usr/local/libcudss-linux-0.3.0.9_cuda12-archive:/workspaces/isaac_ros-dev/install/isaac_ros_test:/workspaces/isaac_ros-dev/install/isaac_ros_launch_utils:/workspaces/isaac_ros-dev/install/isaac_common_py:/opt/ros/humble LD_LIBRARY_PATH=/workspaces/isaac_ros-dev/install/isaac_ros_dnn_image_encoder/lib:/workspaces/isaac_ros-dev/install/isaac_ros_tensor_proc/lib:/workspaces/isaac_ros-dev/install/isaac_ros_tensor_rt/lib:/workspaces/isaac_ros-dev/install/isaac_ros_managed_nitros/lib:/workspaces/isaac_ros-dev/install/gxf_isaac_centerpose/lib:/workspaces/isaac_ros-dev/install/isaac_ros_nitros_tensor_list_type/lib:/workspaces/isaac_ros-dev/install/isaac_ros_nitros_image_type/lib:/workspaces/isaac_ros-dev/install/isaac_ros_nitros_detection3_d_array_type/lib:/workspaces/isaac_ros-dev/install/isaac_ros_nitros_camera_info_type/lib:/workspaces/isaac_ros-dev/install/isaac_ros_nitros/lib:/workspaces/isaac_ros-dev/install/gxf_isaac_tensor_rt/lib:/workspaces/isaac_ros-dev/install/gxf_isaac_messages/lib:/workspaces/isaac_ros-dev/install/gxf_isaac_gxf_helpers/lib:/workspaces/isaac_ros-dev/install/gxf_isaac_atlas/lib:/workspaces/isaac_ros-dev/install/gxf_isaac_sight/lib:/workspaces/isaac_ros-dev/install/gxf_isaac_optimizer/lib:/workspaces/isaac_ros-dev/install/gxf_isaac_message_compositor/lib:/workspaces/isaac_ros-dev/install/gxf_isaac_gems/lib:/workspaces/isaac_ros-dev/install/isaac_ros_tensor_list_interfaces/lib:/workspaces/isaac_ros-dev/install/isaac_ros_gxf/lib:/workspaces/isaac_ros-dev/install/isaac_ros_common/lib:/opt/ros/humble/opt/openvdb_vendor/lib:/opt/ros/humble/opt/rviz_ogre_vendor/lib:/opt/ros/humble/lib/x86_64-linux-gnu:/opt/ros/humble/lib:/usr/local/libcudss-linux-0.3.0.9_cuda12-archive/lib:/opt/hpcx/ucc/lib/:/opt/hpcx/ucx/lib/:/usr/local/cuda/compat/lib:/usr/local/nvidia/lib:/usr/local/nvidia/lib64:/opt/tritonserver/lib PYTHONPATH=/workspaces/isaac_ros-dev/build/isaac_ros_test:/workspaces/isaac_ros-dev/install/isaac_ros_test/lib/python3.10/site-packages:/workspaces/isaac_ros-dev/install/isaac_ros_tensor_list_interfaces/local/lib/python3.10/dist-packages:/workspaces/isaac_ros-dev/build/isaac_ros_launch_utils:/workspaces/isaac_ros-dev/install/isaac_ros_launch_utils/lib/python3.10/site-packages:/workspaces/isaac_ros-dev/install/isaac_ros_common/local/lib/python3.10/dist-packages:/workspaces/isaac_ros-dev/build/isaac_common_py:/workspaces/isaac_ros-dev/install/isaac_common_py/lib/python3.10/site-packages:/opt/ros/humble/lib/python3.10/site-packages:/opt/ros/humble/local/lib/python3.10/dist-packages:/opt/ros/humble/vcstool:/opt/tritonserver/backends/dali/wheel/dali /usr/bin/cmake --build /workspaces/isaac_ros-dev/build/isaac_ros_centerpose -- -j16 -l16
[193.856s] DEBUG:colcon.colcon_core.event_handler.log_command:Invoking command in '/workspaces/isaac_ros-dev/build/isaac_ros_centerpose': AMENT_PREFIX_PATH=/workspaces/isaac_ros-dev/install/isaac_ros_dnn_image_encoder:/workspaces/isaac_ros-dev/install/isaac_ros_tensor_proc:/workspaces/isaac_ros-dev/install/isaac_ros_tensor_rt:/workspaces/isaac_ros-dev/install/isaac_ros_managed_nitros:/workspaces/isaac_ros-dev/install/gxf_isaac_centerpose:/workspaces/isaac_ros-dev/install/isaac_ros_nitros_tensor_list_type:/workspaces/isaac_ros-dev/install/isaac_ros_nitros_image_type:/workspaces/isaac_ros-dev/install/isaac_ros_nitros_detection3_d_array_type:/workspaces/isaac_ros-dev/install/isaac_ros_nitros_camera_info_type:/workspaces/isaac_ros-dev/install/isaac_ros_nitros:/workspaces/isaac_ros-dev/install/gxf_isaac_tensor_rt:/workspaces/isaac_ros-dev/install/gxf_isaac_messages:/workspaces/isaac_ros-dev/install/gxf_isaac_gxf_helpers:/workspaces/isaac_ros-dev/install/gxf_isaac_atlas:/workspaces/isaac_ros-dev/install/gxf_isaac_sight:/workspaces/isaac_ros-dev/install/gxf_isaac_optimizer:/workspaces/isaac_ros-dev/install/gxf_isaac_message_compositor:/workspaces/isaac_ros-dev/install/gxf_isaac_gems:/workspaces/isaac_ros-dev/install/isaac_ros_test:/workspaces/isaac_ros-dev/install/isaac_ros_tensor_list_interfaces:/workspaces/isaac_ros-dev/install/isaac_ros_gxf:/workspaces/isaac_ros-dev/install/isaac_ros_launch_utils:/workspaces/isaac_ros-dev/install/isaac_ros_common:/workspaces/isaac_ros-dev/install/isaac_common_py:/opt/ros/humble CMAKE_PREFIX_PATH=/workspaces/isaac_ros-dev/install/isaac_ros_dnn_image_encoder:/workspaces/isaac_ros-dev/install/isaac_ros_tensor_proc:/workspaces/isaac_ros-dev/install/isaac_ros_tensor_rt:/workspaces/isaac_ros-dev/install/isaac_ros_managed_nitros:/workspaces/isaac_ros-dev/install/gxf_isaac_centerpose:/workspaces/isaac_ros-dev/install/isaac_ros_nitros_tensor_list_type:/workspaces/isaac_ros-dev/install/isaac_ros_nitros_image_type:/workspaces/isaac_ros-dev/install/isaac_ros_nitros_detection3_d_array_type:/workspaces/isaac_ros-dev/install/isaac_ros_nitros_camera_info_type:/workspaces/isaac_ros-dev/install/isaac_ros_nitros:/workspaces/isaac_ros-dev/install/gxf_isaac_tensor_rt:/workspaces/isaac_ros-dev/install/gxf_isaac_messages:/workspaces/isaac_ros-dev/install/gxf_isaac_gxf_helpers:/workspaces/isaac_ros-dev/install/gxf_isaac_atlas:/workspaces/isaac_ros-dev/install/gxf_isaac_sight:/workspaces/isaac_ros-dev/install/gxf_isaac_optimizer:/workspaces/isaac_ros-dev/install/gxf_isaac_message_compositor:/workspaces/isaac_ros-dev/install/gxf_isaac_gems:/workspaces/isaac_ros-dev/install/isaac_ros_tensor_list_interfaces:/workspaces/isaac_ros-dev/install/isaac_ros_gxf:/workspaces/isaac_ros-dev/install/isaac_ros_common:/usr/local/libcudss-linux-0.3.0.9_cuda12-archive:/workspaces/isaac_ros-dev/install/isaac_ros_test:/workspaces/isaac_ros-dev/install/isaac_ros_launch_utils:/workspaces/isaac_ros-dev/install/isaac_common_py:/opt/ros/humble LD_LIBRARY_PATH=/workspaces/isaac_ros-dev/install/isaac_ros_dnn_image_encoder/lib:/workspaces/isaac_ros-dev/install/isaac_ros_tensor_proc/lib:/workspaces/isaac_ros-dev/install/isaac_ros_tensor_rt/lib:/workspaces/isaac_ros-dev/install/isaac_ros_managed_nitros/lib:/workspaces/isaac_ros-dev/install/gxf_isaac_centerpose/lib:/workspaces/isaac_ros-dev/install/isaac_ros_nitros_tensor_list_type/lib:/workspaces/isaac_ros-dev/install/isaac_ros_nitros_image_type/lib:/workspaces/isaac_ros-dev/install/isaac_ros_nitros_detection3_d_array_type/lib:/workspaces/isaac_ros-dev/install/isaac_ros_nitros_camera_info_type/lib:/workspaces/isaac_ros-dev/install/isaac_ros_nitros/lib:/workspaces/isaac_ros-dev/install/gxf_isaac_tensor_rt/lib:/workspaces/isaac_ros-dev/install/gxf_isaac_messages/lib:/workspaces/isaac_ros-dev/install/gxf_isaac_gxf_helpers/lib:/workspaces/isaac_ros-dev/install/gxf_isaac_atlas/lib:/workspaces/isaac_ros-dev/install/gxf_isaac_sight/lib:/workspaces/isaac_ros-dev/install/gxf_isaac_optimizer/lib:/workspaces/isaac_ros-dev/install/gxf_isaac_message_compositor/lib:/workspaces/isaac_ros-dev/install/gxf_isaac_gems/lib:/workspaces/isaac_ros-dev/install/isaac_ros_tensor_list_interfaces/lib:/workspaces/isaac_ros-dev/install/isaac_ros_gxf/lib:/workspaces/isaac_ros-dev/install/isaac_ros_common/lib:/opt/ros/humble/opt/openvdb_vendor/lib:/opt/ros/humble/opt/rviz_ogre_vendor/lib:/opt/ros/humble/lib/x86_64-linux-gnu:/opt/ros/humble/lib:/usr/local/libcudss-linux-0.3.0.9_cuda12-archive/lib:/opt/hpcx/ucc/lib/:/opt/hpcx/ucx/lib/:/usr/local/cuda/compat/lib:/usr/local/nvidia/lib:/usr/local/nvidia/lib64:/opt/tritonserver/lib PYTHONPATH=/workspaces/isaac_ros-dev/build/isaac_ros_test:/workspaces/isaac_ros-dev/install/isaac_ros_test/lib/python3.10/site-packages:/workspaces/isaac_ros-dev/install/isaac_ros_tensor_list_interfaces/local/lib/python3.10/dist-packages:/workspaces/isaac_ros-dev/build/isaac_ros_launch_utils:/workspaces/isaac_ros-dev/install/isaac_ros_launch_utils/lib/python3.10/site-packages:/workspaces/isaac_ros-dev/install/isaac_ros_common/local/lib/python3.10/dist-packages:/workspaces/isaac_ros-dev/build/isaac_common_py:/workspaces/isaac_ros-dev/install/isaac_common_py/lib/python3.10/site-packages:/opt/ros/humble/lib/python3.10/site-packages:/opt/ros/humble/local/lib/python3.10/dist-packages:/opt/ros/humble/vcstool:/opt/tritonserver/backends/dali/wheel/dali /usr/bin/cmake --install /workspaces/isaac_ros-dev/build/isaac_ros_centerpose
[194.241s] Level 1:colcon.colcon_core.environment:create_environment_scripts_only(isaac_ros_centerpose)
[194.241s] Level 1:colcon.colcon_core.environment:checking '/workspaces/isaac_ros-dev/install/isaac_ros_centerpose' for CMake module files
[194.242s] DEBUG:colcon.colcon_core.event_handler.log_command:Invoked command in '/workspaces/isaac_ros-dev/build/isaac_ros_centerpose' returned '0': AMENT_PREFIX_PATH=/workspaces/isaac_ros-dev/install/isaac_ros_dnn_image_encoder:/workspaces/isaac_ros-dev/install/isaac_ros_tensor_proc:/workspaces/isaac_ros-dev/install/isaac_ros_tensor_rt:/workspaces/isaac_ros-dev/install/isaac_ros_managed_nitros:/workspaces/isaac_ros-dev/install/gxf_isaac_centerpose:/workspaces/isaac_ros-dev/install/isaac_ros_nitros_tensor_list_type:/workspaces/isaac_ros-dev/install/isaac_ros_nitros_image_type:/workspaces/isaac_ros-dev/install/isaac_ros_nitros_detection3_d_array_type:/workspaces/isaac_ros-dev/install/isaac_ros_nitros_camera_info_type:/workspaces/isaac_ros-dev/install/isaac_ros_nitros:/workspaces/isaac_ros-dev/install/gxf_isaac_tensor_rt:/workspaces/isaac_ros-dev/install/gxf_isaac_messages:/workspaces/isaac_ros-dev/install/gxf_isaac_gxf_helpers:/workspaces/isaac_ros-dev/install/gxf_isaac_atlas:/workspaces/isaac_ros-dev/install/gxf_isaac_sight:/workspaces/isaac_ros-dev/install/gxf_isaac_optimizer:/workspaces/isaac_ros-dev/install/gxf_isaac_message_compositor:/workspaces/isaac_ros-dev/install/gxf_isaac_gems:/workspaces/isaac_ros-dev/install/isaac_ros_test:/workspaces/isaac_ros-dev/install/isaac_ros_tensor_list_interfaces:/workspaces/isaac_ros-dev/install/isaac_ros_gxf:/workspaces/isaac_ros-dev/install/isaac_ros_launch_utils:/workspaces/isaac_ros-dev/install/isaac_ros_common:/workspaces/isaac_ros-dev/install/isaac_common_py:/opt/ros/humble CMAKE_PREFIX_PATH=/workspaces/isaac_ros-dev/install/isaac_ros_dnn_image_encoder:/workspaces/isaac_ros-dev/install/isaac_ros_tensor_proc:/workspaces/isaac_ros-dev/install/isaac_ros_tensor_rt:/workspaces/isaac_ros-dev/install/isaac_ros_managed_nitros:/workspaces/isaac_ros-dev/install/gxf_isaac_centerpose:/workspaces/isaac_ros-dev/install/isaac_ros_nitros_tensor_list_type:/workspaces/isaac_ros-dev/install/isaac_ros_nitros_image_type:/workspaces/isaac_ros-dev/install/isaac_ros_nitros_detection3_d_array_type:/workspaces/isaac_ros-dev/install/isaac_ros_nitros_camera_info_type:/workspaces/isaac_ros-dev/install/isaac_ros_nitros:/workspaces/isaac_ros-dev/install/gxf_isaac_tensor_rt:/workspaces/isaac_ros-dev/install/gxf_isaac_messages:/workspaces/isaac_ros-dev/install/gxf_isaac_gxf_helpers:/workspaces/isaac_ros-dev/install/gxf_isaac_atlas:/workspaces/isaac_ros-dev/install/gxf_isaac_sight:/workspaces/isaac_ros-dev/install/gxf_isaac_optimizer:/workspaces/isaac_ros-dev/install/gxf_isaac_message_compositor:/workspaces/isaac_ros-dev/install/gxf_isaac_gems:/workspaces/isaac_ros-dev/install/isaac_ros_tensor_list_interfaces:/workspaces/isaac_ros-dev/install/isaac_ros_gxf:/workspaces/isaac_ros-dev/install/isaac_ros_common:/usr/local/libcudss-linux-0.3.0.9_cuda12-archive:/workspaces/isaac_ros-dev/install/isaac_ros_test:/workspaces/isaac_ros-dev/install/isaac_ros_launch_utils:/workspaces/isaac_ros-dev/install/isaac_common_py:/opt/ros/humble LD_LIBRARY_PATH=/workspaces/isaac_ros-dev/install/isaac_ros_dnn_image_encoder/lib:/workspaces/isaac_ros-dev/install/isaac_ros_tensor_proc/lib:/workspaces/isaac_ros-dev/install/isaac_ros_tensor_rt/lib:/workspaces/isaac_ros-dev/install/isaac_ros_managed_nitros/lib:/workspaces/isaac_ros-dev/install/gxf_isaac_centerpose/lib:/workspaces/isaac_ros-dev/install/isaac_ros_nitros_tensor_list_type/lib:/workspaces/isaac_ros-dev/install/isaac_ros_nitros_image_type/lib:/workspaces/isaac_ros-dev/install/isaac_ros_nitros_detection3_d_array_type/lib:/workspaces/isaac_ros-dev/install/isaac_ros_nitros_camera_info_type/lib:/workspaces/isaac_ros-dev/install/isaac_ros_nitros/lib:/workspaces/isaac_ros-dev/install/gxf_isaac_tensor_rt/lib:/workspaces/isaac_ros-dev/install/gxf_isaac_messages/lib:/workspaces/isaac_ros-dev/install/gxf_isaac_gxf_helpers/lib:/workspaces/isaac_ros-dev/install/gxf_isaac_atlas/lib:/workspaces/isaac_ros-dev/install/gxf_isaac_sight/lib:/workspaces/isaac_ros-dev/install/gxf_isaac_optimizer/lib:/workspaces/isaac_ros-dev/install/gxf_isaac_message_compositor/lib:/workspaces/isaac_ros-dev/install/gxf_isaac_gems/lib:/workspaces/isaac_ros-dev/install/isaac_ros_tensor_list_interfaces/lib:/workspaces/isaac_ros-dev/install/isaac_ros_gxf/lib:/workspaces/isaac_ros-dev/install/isaac_ros_common/lib:/opt/ros/humble/opt/openvdb_vendor/lib:/opt/ros/humble/opt/rviz_ogre_vendor/lib:/opt/ros/humble/lib/x86_64-linux-gnu:/opt/ros/humble/lib:/usr/local/libcudss-linux-0.3.0.9_cuda12-archive/lib:/opt/hpcx/ucc/lib/:/opt/hpcx/ucx/lib/:/usr/local/cuda/compat/lib:/usr/local/nvidia/lib:/usr/local/nvidia/lib64:/opt/tritonserver/lib PYTHONPATH=/workspaces/isaac_ros-dev/build/isaac_ros_test:/workspaces/isaac_ros-dev/install/isaac_ros_test/lib/python3.10/site-packages:/workspaces/isaac_ros-dev/install/isaac_ros_tensor_list_interfaces/local/lib/python3.10/dist-packages:/workspaces/isaac_ros-dev/build/isaac_ros_launch_utils:/workspaces/isaac_ros-dev/install/isaac_ros_launch_utils/lib/python3.10/site-packages:/workspaces/isaac_ros-dev/install/isaac_ros_common/local/lib/python3.10/dist-packages:/workspaces/isaac_ros-dev/build/isaac_common_py:/workspaces/isaac_ros-dev/install/isaac_common_py/lib/python3.10/site-packages:/opt/ros/humble/lib/python3.10/site-packages:/opt/ros/humble/local/lib/python3.10/dist-packages:/opt/ros/humble/vcstool:/opt/tritonserver/backends/dali/wheel/dali /usr/bin/cmake --install /workspaces/isaac_ros-dev/build/isaac_ros_centerpose
[194.243s] Level 1:colcon.colcon_core.environment:checking '/workspaces/isaac_ros-dev/install/isaac_ros_centerpose' for CMake config files
[194.244s] Level 1:colcon.colcon_core.shell:create_environment_hook('isaac_ros_centerpose', 'cmake_prefix_path')
[194.244s] INFO:colcon.colcon_core.shell:Creating environment hook '/workspaces/isaac_ros-dev/install/isaac_ros_centerpose/share/isaac_ros_centerpose/hook/cmake_prefix_path.ps1'
[194.245s] INFO:colcon.colcon_core.shell:Creating environment descriptor '/workspaces/isaac_ros-dev/install/isaac_ros_centerpose/share/isaac_ros_centerpose/hook/cmake_prefix_path.dsv'
[194.246s] INFO:colcon.colcon_core.shell:Creating environment hook '/workspaces/isaac_ros-dev/install/isaac_ros_centerpose/share/isaac_ros_centerpose/hook/cmake_prefix_path.sh'
[194.248s] Level 1:colcon.colcon_core.environment:checking '/workspaces/isaac_ros-dev/install/isaac_ros_centerpose/lib'
[194.248s] Level 1:colcon.colcon_core.shell:create_environment_hook('isaac_ros_centerpose', 'ld_library_path_lib')
[194.249s] INFO:colcon.colcon_core.shell:Creating environment hook '/workspaces/isaac_ros-dev/install/isaac_ros_centerpose/share/isaac_ros_centerpose/hook/ld_library_path_lib.ps1'
[194.250s] INFO:colcon.colcon_core.shell:Creating environment descriptor '/workspaces/isaac_ros-dev/install/isaac_ros_centerpose/share/isaac_ros_centerpose/hook/ld_library_path_lib.dsv'
[194.252s] INFO:colcon.colcon_core.shell:Creating environment hook '/workspaces/isaac_ros-dev/install/isaac_ros_centerpose/share/isaac_ros_centerpose/hook/ld_library_path_lib.sh'
[194.253s] Level 1:colcon.colcon_core.environment:checking '/workspaces/isaac_ros-dev/install/isaac_ros_centerpose/bin'
[194.253s] Level 1:colcon.colcon_core.environment:checking '/workspaces/isaac_ros-dev/install/isaac_ros_centerpose/lib/pkgconfig/isaac_ros_centerpose.pc'
[194.254s] Level 1:colcon.colcon_core.environment:checking '/workspaces/isaac_ros-dev/install/isaac_ros_centerpose/lib/python3.10/site-packages'
[194.254s] Level 1:colcon.colcon_core.environment:checking '/workspaces/isaac_ros-dev/install/isaac_ros_centerpose/bin'
[194.255s] INFO:colcon.colcon_core.shell:Creating package script '/workspaces/isaac_ros-dev/install/isaac_ros_centerpose/share/isaac_ros_centerpose/package.ps1'
[194.256s] INFO:colcon.colcon_core.shell:Creating package descriptor '/workspaces/isaac_ros-dev/install/isaac_ros_centerpose/share/isaac_ros_centerpose/package.dsv'
[194.257s] INFO:colcon.colcon_core.shell:Creating package script '/workspaces/isaac_ros-dev/install/isaac_ros_centerpose/share/isaac_ros_centerpose/package.sh'
[194.258s] INFO:colcon.colcon_core.shell:Creating package script '/workspaces/isaac_ros-dev/install/isaac_ros_centerpose/share/isaac_ros_centerpose/package.bash'
[194.259s] INFO:colcon.colcon_core.shell:Creating package script '/workspaces/isaac_ros-dev/install/isaac_ros_centerpose/share/isaac_ros_centerpose/package.zsh'
[194.259s] Level 1:colcon.colcon_core.environment:create_file_with_runtime_dependencies(/workspaces/isaac_ros-dev/install/isaac_ros_centerpose/share/colcon-core/packages/isaac_ros_centerpose)
[194.260s] Level 1:colcon.colcon_core.environment:create_environment_scripts_only(isaac_ros_centerpose)
[194.261s] Level 1:colcon.colcon_core.environment:checking '/workspaces/isaac_ros-dev/install/isaac_ros_centerpose' for CMake module files
[194.261s] Level 1:colcon.colcon_core.environment:checking '/workspaces/isaac_ros-dev/install/isaac_ros_centerpose' for CMake config files
[194.262s] Level 1:colcon.colcon_core.shell:create_environment_hook('isaac_ros_centerpose', 'cmake_prefix_path')
[194.262s] INFO:colcon.colcon_core.shell:Creating environment hook '/workspaces/isaac_ros-dev/install/isaac_ros_centerpose/share/isaac_ros_centerpose/hook/cmake_prefix_path.ps1'
[194.263s] INFO:colcon.colcon_core.shell:Creating environment descriptor '/workspaces/isaac_ros-dev/install/isaac_ros_centerpose/share/isaac_ros_centerpose/hook/cmake_prefix_path.dsv'
[194.263s] INFO:colcon.colcon_core.shell:Creating environment hook '/workspaces/isaac_ros-dev/install/isaac_ros_centerpose/share/isaac_ros_centerpose/hook/cmake_prefix_path.sh'
[194.264s] Level 1:colcon.colcon_core.environment:checking '/workspaces/isaac_ros-dev/install/isaac_ros_centerpose/lib'
[194.264s] Level 1:colcon.colcon_core.shell:create_environment_hook('isaac_ros_centerpose', 'ld_library_path_lib')
[194.264s] INFO:colcon.colcon_core.shell:Creating environment hook '/workspaces/isaac_ros-dev/install/isaac_ros_centerpose/share/isaac_ros_centerpose/hook/ld_library_path_lib.ps1'
[194.264s] INFO:colcon.colcon_core.shell:Creating environment descriptor '/workspaces/isaac_ros-dev/install/isaac_ros_centerpose/share/isaac_ros_centerpose/hook/ld_library_path_lib.dsv'
[194.265s] INFO:colcon.colcon_core.shell:Creating environment hook '/workspaces/isaac_ros-dev/install/isaac_ros_centerpose/share/isaac_ros_centerpose/hook/ld_library_path_lib.sh'
[194.265s] Level 1:colcon.colcon_core.environment:checking '/workspaces/isaac_ros-dev/install/isaac_ros_centerpose/bin'
[194.265s] Level 1:colcon.colcon_core.environment:checking '/workspaces/isaac_ros-dev/install/isaac_ros_centerpose/lib/pkgconfig/isaac_ros_centerpose.pc'
[194.265s] Level 1:colcon.colcon_core.environment:checking '/workspaces/isaac_ros-dev/install/isaac_ros_centerpose/lib/python3.10/site-packages'
[194.266s] Level 1:colcon.colcon_core.environment:checking '/workspaces/isaac_ros-dev/install/isaac_ros_centerpose/bin'
[194.266s] INFO:colcon.colcon_core.shell:Creating package script '/workspaces/isaac_ros-dev/install/isaac_ros_centerpose/share/isaac_ros_centerpose/package.ps1'
[194.266s] INFO:colcon.colcon_core.shell:Creating package descriptor '/workspaces/isaac_ros-dev/install/isaac_ros_centerpose/share/isaac_ros_centerpose/package.dsv'
[194.267s] INFO:colcon.colcon_core.shell:Creating package script '/workspaces/isaac_ros-dev/install/isaac_ros_centerpose/share/isaac_ros_centerpose/package.sh'
[194.267s] INFO:colcon.colcon_core.shell:Creating package script '/workspaces/isaac_ros-dev/install/isaac_ros_centerpose/share/isaac_ros_centerpose/package.bash'
[194.267s] INFO:colcon.colcon_core.shell:Creating package script '/workspaces/isaac_ros-dev/install/isaac_ros_centerpose/share/isaac_ros_centerpose/package.zsh'
[194.267s] Level 1:colcon.colcon_core.environment:create_file_with_runtime_dependencies(/workspaces/isaac_ros-dev/install/isaac_ros_centerpose/share/colcon-core/packages/isaac_ros_centerpose)
[194.268s] DEBUG:colcon.colcon_parallel_executor.executor.parallel:closing loop
[194.268s] DEBUG:colcon.colcon_parallel_executor.executor.parallel:loop closed
[194.268s] DEBUG:colcon.colcon_parallel_executor.executor.parallel:run_until_complete finished with '0'
[194.268s] DEBUG:colcon.colcon_core.event_reactor:joining thread
[194.279s] INFO:colcon.colcon_core.plugin_system:Skipping extension 'colcon_notification.desktop_notification.notify_send': Could not find 'notify-send'
[194.279s] INFO:colcon.colcon_core.plugin_system:Skipping extension 'colcon_notification.desktop_notification.terminal_notifier': Not used on non-Darwin systems
[194.279s] INFO:colcon.colcon_core.plugin_system:Skipping extension 'colcon_notification.desktop_notification.win32': Not used on non-Windows systems
[194.279s] INFO:colcon.colcon_notification.desktop_notification:Sending desktop notification using 'notify2'
[194.286s] DEBUG:colcon.colcon_notification.desktop_notification.notify2:Failed to initialize notify2: org.freedesktop.DBus.Error.Spawn.ExecFailed: /usr/bin/dbus-launch terminated abnormally without any error message
[194.286s] DEBUG:colcon.colcon_core.event_reactor:joined thread
[194.287s] INFO:colcon.colcon_core.shell:Creating prefix script '/workspaces/isaac_ros-dev/install/local_setup.ps1'
[194.289s] INFO:colcon.colcon_core.shell:Creating prefix util module '/workspaces/isaac_ros-dev/install/_local_setup_util_ps1.py'
[194.291s] INFO:colcon.colcon_core.shell:Creating prefix chain script '/workspaces/isaac_ros-dev/install/setup.ps1'
[194.293s] INFO:colcon.colcon_core.shell:Creating prefix script '/workspaces/isaac_ros-dev/install/local_setup.sh'
[194.294s] INFO:colcon.colcon_core.shell:Creating prefix util module '/workspaces/isaac_ros-dev/install/_local_setup_util_sh.py'
[194.294s] INFO:colcon.colcon_core.shell:Creating prefix chain script '/workspaces/isaac_ros-dev/install/setup.sh'
[194.295s] INFO:colcon.colcon_core.shell:Creating prefix script '/workspaces/isaac_ros-dev/install/local_setup.bash'
[194.296s] INFO:colcon.colcon_core.shell:Creating prefix chain script '/workspaces/isaac_ros-dev/install/setup.bash'
[194.296s] INFO:colcon.colcon_core.shell:Creating prefix script '/workspaces/isaac_ros-dev/install/local_setup.zsh'
[194.297s] INFO:colcon.colcon_core.shell:Creating prefix chain script '/workspaces/isaac_ros-dev/install/setup.zsh'
